decision_id,application_id,candidate_id,skill_id,final_level,decision_status,rationale,decided_by,decided_at,decision_provenance,rubric_id
DC_APP0024_M1_SKILL_03_000000,APP0024,C0024,M1_SKILL_03,LIMITED,AGREED,"{""difference_types"":[],""disputed_evidence_ids"":[],""limited_evidence_ids"":[""EV_APP0024_PRE_ASSESSMENT_CODING_TEST_M1_SKILL_03""],""meaningful_conflict_refs"":[],""missing_evidence_ids"":[],""reason"":""관찰된 직접 근거의 범위가 제한적이다. 자기기술만으로 보완하지 않는다."",""rubric_review"":""직접 관찰의 행동·검증을 검토하며 다른 맥락의 한계와 평가자 차이를 보존한다."",""supporting_observation_ids"":[""OB_REVIEW_ML_01_EV_APP0024_PRE_ASSESSMENT_CODING_TEST_M1_SKILL_03"",""OB_REVIEW_HM_01_EV_APP0024_PRE_ASSESSMENT_CODING_TEST_M1_SKILL_03""]}",CALIBRATION_PANEL_01,2026-11-05T15:19:00+09:00,SYNTHETIC_HUMAN_SCENARIO,M1_EVIDENCE_RUBRIC_V02
DC_APP0070_M1_SKILL_03_000001,APP0070,C0070,M1_SKILL_03,MODERATE,AGREED,"{""difference_types"":[""EVIDENCE_EVOLUTION""],""disputed_evidence_ids"":[],""limited_evidence_ids"":[],""meaningful_conflict_refs"":[],""missing_evidence_ids"":[],""reason"":""동일 Skill의 독립된 직접 관찰로 수행 범위를 확인했다. 다른 맥락의 제한/모호성은 해당 근거의 한계로 보존한다."",""rubric_review"":""직접 관찰의 행동·검증을 검토하며 다른 맥락의 한계와 평가자 차이를 보존한다."",""supporting_observation_ids"":[""OB_REVIEW_ML_01_EV_APP0070_PRE_ASSESSMENT_CODING_TEST_M1_SKILL_03"",""OB_REVIEW_HM_01_EV_APP0070_PRE_ASSESSMENT_CODING_TEST_M1_SKILL_03""]}",CALIBRATION_PANEL_01,2026-10-30T16:43:00+09:00,SYNTHETIC_HUMAN_SCENARIO,M1_EVIDENCE_RUBRIC_V02
DC_APP0058_M1_SKILL_03_000002,APP0058,C0058,M1_SKILL_03,,INSUFFICIENT_EVIDENCE,"{""difference_types"":[],""disputed_evidence_ids"":[],""limited_evidence_ids"":[],""meaningful_conflict_refs"":[],""missing_evidence_ids"":[""EV_APP0058_PRE_ASSESSMENT_CODING_TEST_M1_SKILL_03""],""reason"":""직접 판단 근거 부족. 미관찰을 역량 부재로 해석하지 않는다."",""rubric_review"":""직접 관찰의 행동·검증을 검토하며 다른 맥락의 한계와 평가자 차이를 보존한다."",""supporting_observation_ids"":[]}",CALIBRATION_PANEL_01,2026-11-04T16:47:00+09:00,SYNTHETIC_HUMAN_SCENARIO,M1_EVIDENCE_RUBRIC_V02
DC_APP0025_M1_SKILL_03_000003,APP0025,C0025,M1_SKILL_03,,DISAGREEMENT_REMAINS,"{""difference_types"":[""EVALUATOR_DISAGREEMENT""],""disputed_evidence_ids"":[""EV_APP0025_PRE_ASSESSMENT_CODING_TEST_M1_SKILL_03""],""limited_evidence_ids"":[],""meaningful_conflict_refs"":[],""missing_evidence_ids"":[],""reason"":""동일 근거에 대한 평가자 해석 차이를 해소할 직접 관찰이 부족하다."",""rubric_review"":""직접 관찰의 행동·검증을 검토하며 다른 맥락의 한계와 평가자 차이를 보존한다."",""supporting_observation_ids"":[]}",CALIBRATION_PANEL_01,2026-11-07T17:47:00+09:00,SYNTHETIC_HUMAN_SCENARIO,M1_EVIDENCE_RUBRIC_V02
DC_APP0112_M1_SKILL_03_000004,APP0112,C0112,M1_SKILL_03,MODERATE,AGREED,"{""difference_types"":[""EVIDENCE_EVOLUTION""],""disputed_evidence_ids"":[],""limited_evidence_ids"":[],""meaningful_conflict_refs"":[],""missing_evidence_ids"":[],""reason"":""동일 Skill의 독립된 직접 관찰로 수행 범위를 확인했다. 다른 맥락의 제한/모호성은 해당 근거의 한계로 보존한다."",""rubric_review"":""직접 관찰의 행동·검증을 검토하며 다른 맥락의 한계와 평가자 차이를 보존한다."",""supporting_observation_ids"":[""OB_REVIEW_ML_01_EV_APP0112_PRE_ASSESSMENT_CODING_TEST_M1_SKILL_03"",""OB_REVIEW_HM_01_EV_APP0112_PRE_ASSESSMENT_CODING_TEST_M1_SKILL_03""]}",CALIBRATION_PANEL_01,2026-11-06T14:18:00+09:00,SYNTHETIC_HUMAN_SCENARIO,M1_EVIDENCE_RUBRIC_V02
DC_APP0095_M1_SKILL_03_000005,APP0095,C0095,M1_SKILL_03,STRONG,AGREED,"{""difference_types"":[""EVIDENCE_EVOLUTION""],""disputed_evidence_ids"":[],""limited_evidence_ids"":[],""meaningful_conflict_refs"":[],""missing_evidence_ids"":[],""reason"":""동일 Skill의 독립된 직접 관찰로 수행 범위를 확인했다. 다른 맥락의 제한/모호성은 해당 근거의 한계로 보존한다."",""rubric_review"":""직접 관찰의 행동·검증을 검토하며 다른 맥락의 한계와 평가자 차이를 보존한다."",""supporting_observation_ids"":[""OB_REVIEW_ML_01_EV_APP0095_PRE_ASSESSMENT_CODING_TEST_M1_SKILL_03"",""OB_REVIEW_HM_01_EV_APP0095_PRE_ASSESSMENT_CODING_TEST_M1_SKILL_03""]}",CALIBRATION_PANEL_01,2026-11-04T17:05:00+09:00,SYNTHETIC_HUMAN_SCENARIO,M1_EVIDENCE_RUBRIC_V02
DC_APP0030_M1_SKILL_03_000006,APP0030,C0030,M1_SKILL_03,LIMITED,AGREED,"{""difference_types"":[],""disputed_evidence_ids"":[],""limited_evidence_ids"":[""EV_APP0030_PRE_ASSESSMENT_CODING_TEST_M1_SKILL_03""],""meaningful_conflict_refs"":[],""missing_evidence_ids"":[],""reason"":""관찰된 직접 근거의 범위가 제한적이다. 자기기술만으로 보완하지 않는다."",""rubric_review"":""직접 관찰의 행동·검증을 검토하며 다른 맥락의 한계와 평가자 차이를 보존한다."",""supporting_observation_ids"":[""OB_REVIEW_ML_01_EV_APP0030_PRE_ASSESSMENT_CODING_TEST_M1_SKILL_03"",""OB_REVIEW_HM_01_EV_APP0030_PRE_ASSESSMENT_CODING_TEST_M1_SKILL_03""]}",CALIBRATION_PANEL_01,2026-11-04T14:25:00+09:00,SYNTHETIC_HUMAN_SCENARIO,M1_EVIDENCE_RUBRIC_V02
DC_APP0074_M1_SKILL_03_000007,APP0074,C0074,M1_SKILL_03,LIMITED,AGREED,"{""difference_types"":[],""disputed_evidence_ids"":[],""limited_evidence_ids"":[""EV_APP0074_PRE_ASSESSMENT_CODING_TEST_M1_SKILL_03""],""meaningful_conflict_refs"":[],""missing_evidence_ids"":[],""reason"":""관찰된 직접 근거의 범위가 제한적이다. 자기기술만으로 보완하지 않는다."",""rubric_review"":""직접 관찰의 행동·검증을 검토하며 다른 맥락의 한계와 평가자 차이를 보존한다."",""supporting_observation_ids"":[""OB_REVIEW_ML_01_EV_APP0074_PRE_ASSESSMENT_CODING_TEST_M1_SKILL_03"",""OB_REVIEW_HM_01_EV_APP0074_PRE_ASSESSMENT_CODING_TEST_M1_SKILL_03""]}",CALIBRATION_PANEL_01,2026-11-09T15:36:00+09:00,SYNTHETIC_HUMAN_SCENARIO,M1_EVIDENCE_RUBRIC_V02
DC_APP0046_M1_SKILL_03_000008,APP0046,C0046,M1_SKILL_03,MODERATE,AGREED,"{""difference_types"":[""EVIDENCE_EVOLUTION""],""disputed_evidence_ids"":[],""limited_evidence_ids"":[],""meaningful_conflict_refs"":[],""missing_evidence_ids"":[],""reason"":""동일 Skill의 독립된 직접 관찰로 수행 범위를 확인했다. 다른 맥락의 제한/모호성은 해당 근거의 한계로 보존한다."",""rubric_review"":""직접 관찰의 행동·검증을 검토하며 다른 맥락의 한계와 평가자 차이를 보존한다."",""supporting_observation_ids"":[""OB_REVIEW_ML_01_EV_APP0046_PRE_ASSESSMENT_CODING_TEST_M1_SKILL_03"",""OB_REVIEW_HM_01_EV_APP0046_PRE_ASSESSMENT_CODING_TEST_M1_SKILL_03""]}",CALIBRATION_PANEL_01,2026-11-09T17:29:00+09:00,SYNTHETIC_HUMAN_SCENARIO,M1_EVIDENCE_RUBRIC_V02
DC_APP0153_M1_SKILL_03_000009,APP0153,C0153,M1_SKILL_03,STRONG,AGREED,"{""difference_types"":[""EVIDENCE_EVOLUTION""],""disputed_evidence_ids"":[],""limited_evidence_ids"":[],""meaningful_conflict_refs"":[],""missing_evidence_ids"":[],""reason"":""동일 Skill의 독립된 직접 관찰로 수행 범위를 확인했다. 다른 맥락의 제한/모호성은 해당 근거의 한계로 보존한다."",""rubric_review"":""직접 관찰의 행동·검증을 검토하며 다른 맥락의 한계와 평가자 차이를 보존한다."",""supporting_observation_ids"":[""OB_REVIEW_ML_01_EV_APP0153_PRE_ASSESSMENT_CODING_TEST_M1_SKILL_03"",""OB_REVIEW_HM_01_EV_APP0153_PRE_ASSESSMENT_CODING_TEST_M1_SKILL_03""]}",CALIBRATION_PANEL_01,2026-11-07T18:56:00+09:00,SYNTHETIC_HUMAN_SCENARIO,M1_EVIDENCE_RUBRIC_V02
DC_APP0076_M1_SKILL_03_000010,APP0076,C0076,M1_SKILL_03,MODERATE,AGREED,"{""difference_types"":[""EVIDENCE_EVOLUTION""],""disputed_evidence_ids"":[],""limited_evidence_ids"":[],""meaningful_conflict_refs"":[],""missing_evidence_ids"":[],""reason"":""동일 Skill의 독립된 직접 관찰로 수행 범위를 확인했다. 다른 맥락의 제한/모호성은 해당 근거의 한계로 보존한다."",""rubric_review"":""직접 관찰의 행동·검증을 검토하며 다른 맥락의 한계와 평가자 차이를 보존한다."",""supporting_observation_ids"":[""OB_REVIEW_ML_01_EV_APP0076_PRE_ASSESSMENT_CODING_TEST_M1_SKILL_03"",""OB_REVIEW_HM_01_EV_APP0076_PRE_ASSESSMENT_CODING_TEST_M1_SKILL_03""]}",CALIBRATION_PANEL_01,2026-11-08T12:01:00+09:00,SYNTHETIC_HUMAN_SCENARIO,M1_EVIDENCE_RUBRIC_V02
DC_APP0101_M1_SKILL_03_000011,APP0101,C0101,M1_SKILL_03,STRONG,AGREED,"{""difference_types"":[""EVIDENCE_EVOLUTION""],""disputed_evidence_ids"":[],""limited_evidence_ids"":[],""meaningful_conflict_refs"":[],""missing_evidence_ids"":[],""reason"":""동일 Skill의 독립된 직접 관찰로 수행 범위를 확인했다. 다른 맥락의 제한/모호성은 해당 근거의 한계로 보존한다."",""rubric_review"":""직접 관찰의 행동·검증을 검토하며 다른 맥락의 한계와 평가자 차이를 보존한다."",""supporting_observation_ids"":[""OB_REVIEW_ML_01_EV_APP0101_PRE_ASSESSMENT_CODING_TEST_M1_SKILL_03"",""OB_REVIEW_HM_01_EV_APP0101_PRE_ASSESSMENT_CODING_TEST_M1_SKILL_03""]}",CALIBRATION_PANEL_01,2026-11-10T17:49:00+09:00,SYNTHETIC_HUMAN_SCENARIO,M1_EVIDENCE_RUBRIC_V02
DC_APP0163_M1_SKILL_03_000012,APP0163,C0163,M1_SKILL_03,MODERATE,AGREED,"{""difference_types"":[""EVIDENCE_EVOLUTION""],""disputed_evidence_ids"":[],""limited_evidence_ids"":[],""meaningful_conflict_refs"":[],""missing_evidence_ids"":[],""reason"":""동일 Skill의 독립된 직접 관찰로 수행 범위를 확인했다. 다른 맥락의 제한/모호성은 해당 근거의 한계로 보존한다."",""rubric_review"":""직접 관찰의 행동·검증을 검토하며 다른 맥락의 한계와 평가자 차이를 보존한다."",""supporting_observation_ids"":[""OB_REVIEW_ML_01_EV_APP0163_PRE_ASSESSMENT_CODING_TEST_M1_SKILL_03"",""OB_REVIEW_HM_01_EV_APP0163_PRE_ASSESSMENT_CODING_TEST_M1_SKILL_03""]}",CALIBRATION_PANEL_01,2026-11-10T19:46:00+09:00,SYNTHETIC_HUMAN_SCENARIO,M1_EVIDENCE_RUBRIC_V02
DC_APP0068_M1_SKILL_03_000013,APP0068,C0068,M1_SKILL_03,STRONG,AGREED,"{""difference_types"":[""EVIDENCE_EVOLUTION""],""disputed_evidence_ids"":[],""limited_evidence_ids"":[],""meaningful_conflict_refs"":[],""missing_evidence_ids"":[],""reason"":""동일 Skill의 독립된 직접 관찰로 수행 범위를 확인했다. 다른 맥락의 제한/모호성은 해당 근거의 한계로 보존한다."",""rubric_review"":""직접 관찰의 행동·검증을 검토하며 다른 맥락의 한계와 평가자 차이를 보존한다."",""supporting_observation_ids"":[""OB_REVIEW_ML_01_EV_APP0068_PRE_ASSESSMENT_CODING_TEST_M1_SKILL_03"",""OB_REVIEW_HM_01_EV_APP0068_PRE_ASSESSMENT_CODING_TEST_M1_SKILL_03""]}",CALIBRATION_PANEL_01,2026-11-12T13:28:00+09:00,SYNTHETIC_HUMAN_SCENARIO,M1_EVIDENCE_RUBRIC_V02
DC_APP0143_M1_SKILL_03_000014,APP0143,C0143,M1_SKILL_03,,INSUFFICIENT_EVIDENCE,"{""difference_types"":[],""disputed_evidence_ids"":[],""limited_evidence_ids"":[],""meaningful_conflict_refs"":[],""missing_evidence_ids"":[""EV_APP0143_PRE_ASSESSMENT_CODING_TEST_M1_SKILL_03""],""reason"":""직접 판단 근거 부족. 미관찰을 역량 부재로 해석하지 않는다."",""rubric_review"":""직접 관찰의 행동·검증을 검토하며 다른 맥락의 한계와 평가자 차이를 보존한다."",""supporting_observation_ids"":[]}",CALIBRATION_PANEL_01,2026-11-11T14:35:00+09:00,SYNTHETIC_HUMAN_SCENARIO,M1_EVIDENCE_RUBRIC_V02
DC_APP0064_M1_SKILL_03_000015,APP0064,C0064,M1_SKILL_03,,INSUFFICIENT_EVIDENCE,"{""difference_types"":[],""disputed_evidence_ids"":[],""limited_evidence_ids"":[],""meaningful_conflict_refs"":[],""missing_evidence_ids"":[""EV_APP0064_PRE_ASSESSMENT_CODING_TEST_M1_SKILL_03""],""reason"":""직접 판단 근거 부족. 미관찰을 역량 부재로 해석하지 않는다."",""rubric_review"":""직접 관찰의 행동·검증을 검토하며 다른 맥락의 한계와 평가자 차이를 보존한다."",""supporting_observation_ids"":[]}",CALIBRATION_PANEL_01,2026-11-08T15:05:00+09:00,SYNTHETIC_HUMAN_SCENARIO,M1_EVIDENCE_RUBRIC_V02
DC_APP0141_M1_SKILL_03_000016,APP0141,C0141,M1_SKILL_03,MODERATE,AGREED,"{""difference_types"":[""EVIDENCE_EVOLUTION""],""disputed_evidence_ids"":[],""limited_evidence_ids"":[],""meaningful_conflict_refs"":[],""missing_evidence_ids"":[],""reason"":""동일 Skill의 독립된 직접 관찰로 수행 범위를 확인했다. 다른 맥락의 제한/모호성은 해당 근거의 한계로 보존한다."",""rubric_review"":""직접 관찰의 행동·검증을 검토하며 다른 맥락의 한계와 평가자 차이를 보존한다."",""supporting_observation_ids"":[""OB_REVIEW_ML_01_EV_APP0141_PRE_ASSESSMENT_CODING_TEST_M1_SKILL_03"",""OB_REVIEW_HM_01_EV_APP0141_PRE_ASSESSMENT_CODING_TEST_M1_SKILL_03""]}",CALIBRATION_PANEL_01,2026-11-08T17:55:00+09:00,SYNTHETIC_HUMAN_SCENARIO,M1_EVIDENCE_RUBRIC_V02
DC_APP0128_M1_SKILL_03_000017,APP0128,C0128,M1_SKILL_03,MODERATE,AGREED,"{""difference_types"":[""EVIDENCE_EVOLUTION""],""disputed_evidence_ids"":[],""limited_evidence_ids"":[],""meaningful_conflict_refs"":[],""missing_evidence_ids"":[],""reason"":""동일 Skill의 독립된 직접 관찰로 수행 범위를 확인했다. 다른 맥락의 제한/모호성은 해당 근거의 한계로 보존한다."",""rubric_review"":""직접 관찰의 행동·검증을 검토하며 다른 맥락의 한계와 평가자 차이를 보존한다."",""supporting_observation_ids"":[""OB_REVIEW_ML_01_EV_APP0128_PRE_ASSESSMENT_CODING_TEST_M1_SKILL_03"",""OB_REVIEW_HM_01_EV_APP0128_PRE_ASSESSMENT_CODING_TEST_M1_SKILL_03""]}",CALIBRATION_PANEL_01,2026-11-09T11:32:00+09:00,SYNTHETIC_HUMAN_SCENARIO,M1_EVIDENCE_RUBRIC_V02
DC_APP0033_M1_SKILL_03_000018,APP0033,C0033,M1_SKILL_03,LIMITED,AGREED,"{""difference_types"":[],""disputed_evidence_ids"":[],""limited_evidence_ids"":[""EV_APP0033_PRE_ASSESSMENT_CODING_TEST_M1_SKILL_03""],""meaningful_conflict_refs"":[],""missing_evidence_ids"":[],""reason"":""관찰된 직접 근거의 범위가 제한적이다. 자기기술만으로 보완하지 않는다."",""rubric_review"":""직접 관찰의 행동·검증을 검토하며 다른 맥락의 한계와 평가자 차이를 보존한다."",""supporting_observation_ids"":[""OB_REVIEW_ML_01_EV_APP0033_PRE_ASSESSMENT_CODING_TEST_M1_SKILL_03"",""OB_REVIEW_HM_01_EV_APP0033_PRE_ASSESSMENT_CODING_TEST_M1_SKILL_03""]}",CALIBRATION_PANEL_01,2026-11-05T15:17:00+09:00,SYNTHETIC_HUMAN_SCENARIO,M1_EVIDENCE_RUBRIC_V02
DC_APP0093_M1_SKILL_03_000019,APP0093,C0093,M1_SKILL_03,MODERATE,AGREED,"{""difference_types"":[""EVIDENCE_EVOLUTION""],""disputed_evidence_ids"":[],""limited_evidence_ids"":[],""meaningful_conflict_refs"":[],""missing_evidence_ids"":[],""reason"":""동일 Skill의 독립된 직접 관찰로 수행 범위를 확인했다. 다른 맥락의 제한/모호성은 해당 근거의 한계로 보존한다."",""rubric_review"":""직접 관찰의 행동·검증을 검토하며 다른 맥락의 한계와 평가자 차이를 보존한다."",""supporting_observation_ids"":[""OB_REVIEW_ML_01_EV_APP0093_PRE_ASSESSMENT_CODING_TEST_M1_SKILL_03"",""OB_REVIEW_HM_01_EV_APP0093_PRE_ASSESSMENT_CODING_TEST_M1_SKILL_03""]}",CALIBRATION_PANEL_01,2026-11-08T16:55:00+09:00,SYNTHETIC_HUMAN_SCENARIO,M1_EVIDENCE_RUBRIC_V02
DC_APP0031_M1_SKILL_03_000020,APP0031,C0031,M1_SKILL_03,,DISAGREEMENT_REMAINS,"{""difference_types"":[""EVALUATOR_DISAGREEMENT""],""disputed_evidence_ids"":[""EV_APP0031_PRE_ASSESSMENT_CODING_TEST_M1_SKILL_03""],""limited_evidence_ids"":[],""meaningful_conflict_refs"":[],""missing_evidence_ids"":[],""reason"":""동일 근거에 대한 평가자 해석 차이를 해소할 직접 관찰이 부족하다."",""rubric_review"":""직접 관찰의 행동·검증을 검토하며 다른 맥락의 한계와 평가자 차이를 보존한다."",""supporting_observation_ids"":[]}",CALIBRATION_PANEL_01,2026-11-08T18:16:00+09:00,SYNTHETIC_HUMAN_SCENARIO,M1_EVIDENCE_RUBRIC_V02
DC_APP0170_M1_SKILL_03_000021,APP0170,C0170,M1_SKILL_03,MODERATE,AGREED,"{""difference_types"":[""EVIDENCE_EVOLUTION""],""disputed_evidence_ids"":[],""limited_evidence_ids"":[],""meaningful_conflict_refs"":[],""missing_evidence_ids"":[],""reason"":""동일 Skill의 독립된 직접 관찰로 수행 범위를 확인했다. 다른 맥락의 제한/모호성은 해당 근거의 한계로 보존한다."",""rubric_review"":""직접 관찰의 행동·검증을 검토하며 다른 맥락의 한계와 평가자 차이를 보존한다."",""supporting_observation_ids"":[""OB_REVIEW_ML_01_EV_APP0170_PRE_ASSESSMENT_CODING_TEST_M1_SKILL_03"",""OB_REVIEW_HM_01_EV_APP0170_PRE_ASSESSMENT_CODING_TEST_M1_SKILL_03""]}",CALIBRATION_PANEL_01,2026-11-05T20:21:00+09:00,SYNTHETIC_HUMAN_SCENARIO,M1_EVIDENCE_RUBRIC_V02
DC_APP0056_M1_SKILL_03_000022,APP0056,C0056,M1_SKILL_03,,DISAGREEMENT_REMAINS,"{""difference_types"":[""EVALUATOR_DISAGREEMENT""],""disputed_evidence_ids"":[""EV_APP0056_PRE_ASSESSMENT_CODING_TEST_M1_SKILL_03""],""limited_evidence_ids"":[],""meaningful_conflict_refs"":[],""missing_evidence_ids"":[],""reason"":""동일 근거에 대한 평가자 해석 차이를 해소할 직접 관찰이 부족하다."",""rubric_review"":""직접 관찰의 행동·검증을 검토하며 다른 맥락의 한계와 평가자 차이를 보존한다."",""supporting_observation_ids"":[]}",CALIBRATION_PANEL_01,2026-11-16T12:42:00+09:00,SYNTHETIC_HUMAN_SCENARIO,M1_EVIDENCE_RUBRIC_V02
DC_APP0167_M1_SKILL_03_000023,APP0167,C0167,M1_SKILL_03,,DISAGREEMENT_REMAINS,"{""difference_types"":[""EVALUATOR_DISAGREEMENT""],""disputed_evidence_ids"":[""EV_APP0167_PRE_ASSESSMENT_CODING_TEST_M1_SKILL_03""],""limited_evidence_ids"":[],""meaningful_conflict_refs"":[],""missing_evidence_ids"":[],""reason"":""동일 근거에 대한 평가자 해석 차이를 해소할 직접 관찰이 부족하다."",""rubric_review"":""직접 관찰의 행동·검증을 검토하며 다른 맥락의 한계와 평가자 차이를 보존한다."",""supporting_observation_ids"":[]}",CALIBRATION_PANEL_01,2026-11-08T16:29:00+09:00,SYNTHETIC_HUMAN_SCENARIO,M1_EVIDENCE_RUBRIC_V02
DC_APP0005_M1_SKILL_03_000024,APP0005,C0005,M1_SKILL_03,STRONG,AGREED,"{""difference_types"":[""EVIDENCE_EVOLUTION""],""disputed_evidence_ids"":[],""limited_evidence_ids"":[],""meaningful_conflict_refs"":[],""missing_evidence_ids"":[],""reason"":""동일 Skill의 독립된 직접 관찰로 수행 범위를 확인했다. 다른 맥락의 제한/모호성은 해당 근거의 한계로 보존한다."",""rubric_review"":""직접 관찰의 행동·검증을 검토하며 다른 맥락의 한계와 평가자 차이를 보존한다."",""supporting_observation_ids"":[""OB_REVIEW_ML_01_EV_APP0005_PRE_ASSESSMENT_CODING_TEST_M1_SKILL_03"",""OB_REVIEW_HM_01_EV_APP0005_PRE_ASSESSMENT_CODING_TEST_M1_SKILL_03""]}",CALIBRATION_PANEL_01,2026-11-13T16:32:00+09:00,SYNTHETIC_HUMAN_SCENARIO,M1_EVIDENCE_RUBRIC_V02
DC_APP0039_M1_SKILL_03_000025,APP0039,C0039,M1_SKILL_03,,DISAGREEMENT_REMAINS,"{""difference_types"":[""EVALUATOR_DISAGREEMENT""],""disputed_evidence_ids"":[""EV_APP0039_PRE_ASSESSMENT_CODING_TEST_M1_SKILL_03""],""limited_evidence_ids"":[],""meaningful_conflict_refs"":[],""missing_evidence_ids"":[],""reason"":""동일 근거에 대한 평가자 해석 차이를 해소할 직접 관찰이 부족하다."",""rubric_review"":""직접 관찰의 행동·검증을 검토하며 다른 맥락의 한계와 평가자 차이를 보존한다."",""supporting_observation_ids"":[]}",CALIBRATION_PANEL_01,2026-11-08T17:29:00+09:00,SYNTHETIC_HUMAN_SCENARIO,M1_EVIDENCE_RUBRIC_V02
DC_APP0155_M1_SKILL_03_000026,APP0155,C0155,M1_SKILL_03,STRONG,AGREED,"{""difference_types"":[""EVIDENCE_EVOLUTION""],""disputed_evidence_ids"":[],""limited_evidence_ids"":[],""meaningful_conflict_refs"":[],""missing_evidence_ids"":[],""reason"":""동일 Skill의 독립된 직접 관찰로 수행 범위를 확인했다. 다른 맥락의 제한/모호성은 해당 근거의 한계로 보존한다."",""rubric_review"":""직접 관찰의 행동·검증을 검토하며 다른 맥락의 한계와 평가자 차이를 보존한다."",""supporting_observation_ids"":[""OB_REVIEW_ML_01_EV_APP0155_PRE_ASSESSMENT_CODING_TEST_M1_SKILL_03"",""OB_REVIEW_HM_01_EV_APP0155_PRE_ASSESSMENT_CODING_TEST_M1_SKILL_03""]}",CALIBRATION_PANEL_01,2026-11-10T14:30:00+09:00,SYNTHETIC_HUMAN_SCENARIO,M1_EVIDENCE_RUBRIC_V02
DC_APP0150_M1_SKILL_03_000027,APP0150,C0150,M1_SKILL_03,,DISAGREEMENT_REMAINS,"{""difference_types"":[""EVALUATOR_DISAGREEMENT""],""disputed_evidence_ids"":[""EV_APP0150_PRE_ASSESSMENT_CODING_TEST_M1_SKILL_03""],""limited_evidence_ids"":[],""meaningful_conflict_refs"":[],""missing_evidence_ids"":[],""reason"":""동일 근거에 대한 평가자 해석 차이를 해소할 직접 관찰이 부족하다."",""rubric_review"":""직접 관찰의 행동·검증을 검토하며 다른 맥락의 한계와 평가자 차이를 보존한다."",""supporting_observation_ids"":[]}",CALIBRATION_PANEL_01,2026-11-08T14:43:00+09:00,SYNTHETIC_HUMAN_SCENARIO,M1_EVIDENCE_RUBRIC_V02
DC_APP0004_M1_SKILL_03_000028,APP0004,C0004,M1_SKILL_03,STRONG,AGREED,"{""difference_types"":[""EVIDENCE_EVOLUTION""],""disputed_evidence_ids"":[],""limited_evidence_ids"":[],""meaningful_conflict_refs"":[],""missing_evidence_ids"":[],""reason"":""동일 Skill의 독립된 직접 관찰로 수행 범위를 확인했다. 다른 맥락의 제한/모호성은 해당 근거의 한계로 보존한다."",""rubric_review"":""직접 관찰의 행동·검증을 검토하며 다른 맥락의 한계와 평가자 차이를 보존한다."",""supporting_observation_ids"":[""OB_REVIEW_ML_01_EV_APP0004_PRE_ASSESSMENT_CODING_TEST_M1_SKILL_03"",""OB_REVIEW_HM_01_EV_APP0004_PRE_ASSESSMENT_CODING_TEST_M1_SKILL_03""]}",CALIBRATION_PANEL_01,2026-11-07T17:35:00+09:00,SYNTHETIC_HUMAN_SCENARIO,M1_EVIDENCE_RUBRIC_V02
DC_APP0216_M1_SKILL_03_000029,APP0216,C0216,M1_SKILL_03,MODERATE,AGREED,"{""difference_types"":[""EVIDENCE_EVOLUTION""],""disputed_evidence_ids"":[],""limited_evidence_ids"":[],""meaningful_conflict_refs"":[],""missing_evidence_ids"":[],""reason"":""동일 Skill의 독립된 직접 관찰로 수행 범위를 확인했다. 다른 맥락의 제한/모호성은 해당 근거의 한계로 보존한다."",""rubric_review"":""직접 관찰의 행동·검증을 검토하며 다른 맥락의 한계와 평가자 차이를 보존한다."",""supporting_observation_ids"":[""OB_REVIEW_ML_01_EV_APP0216_PRE_ASSESSMENT_CODING_TEST_M1_SKILL_03"",""OB_REVIEW_HM_01_EV_APP0216_PRE_ASSESSMENT_CODING_TEST_M1_SKILL_03""]}",CALIBRATION_PANEL_01,2026-11-13T12:26:00+09:00,SYNTHETIC_HUMAN_SCENARIO,M1_EVIDENCE_RUBRIC_V02
DC_APP0105_M1_SKILL_03_000030,APP0105,C0105,M1_SKILL_03,MODERATE,AGREED,"{""difference_types"":[""EVIDENCE_EVOLUTION""],""disputed_evidence_ids"":[],""limited_evidence_ids"":[],""meaningful_conflict_refs"":[],""missing_evidence_ids"":[],""reason"":""동일 Skill의 독립된 직접 관찰로 수행 범위를 확인했다. 다른 맥락의 제한/모호성은 해당 근거의 한계로 보존한다."",""rubric_review"":""직접 관찰의 행동·검증을 검토하며 다른 맥락의 한계와 평가자 차이를 보존한다."",""supporting_observation_ids"":[""OB_REVIEW_ML_01_EV_APP0105_PRE_ASSESSMENT_CODING_TEST_M1_SKILL_03"",""OB_REVIEW_HM_01_EV_APP0105_PRE_ASSESSMENT_CODING_TEST_M1_SKILL_03""]}",CALIBRATION_PANEL_01,2026-11-16T13:24:00+09:00,SYNTHETIC_HUMAN_SCENARIO,M1_EVIDENCE_RUBRIC_V02
DC_APP0037_M1_SKILL_03_000031,APP0037,C0037,M1_SKILL_03,MODERATE,AGREED,"{""difference_types"":[""EVIDENCE_EVOLUTION""],""disputed_evidence_ids"":[],""limited_evidence_ids"":[],""meaningful_conflict_refs"":[],""missing_evidence_ids"":[],""reason"":""동일 Skill의 독립된 직접 관찰로 수행 범위를 확인했다. 다른 맥락의 제한/모호성은 해당 근거의 한계로 보존한다."",""rubric_review"":""직접 관찰의 행동·검증을 검토하며 다른 맥락의 한계와 평가자 차이를 보존한다."",""supporting_observation_ids"":[""OB_REVIEW_ML_01_EV_APP0037_PRE_ASSESSMENT_CODING_TEST_M1_SKILL_03"",""OB_REVIEW_HM_01_EV_APP0037_PRE_ASSESSMENT_CODING_TEST_M1_SKILL_03""]}",CALIBRATION_PANEL_01,2026-11-12T18:55:00+09:00,SYNTHETIC_HUMAN_SCENARIO,M1_EVIDENCE_RUBRIC_V02
DC_APP0052_M1_SKILL_03_000032,APP0052,C0052,M1_SKILL_03,STRONG,AGREED,"{""difference_types"":[""EVIDENCE_EVOLUTION""],""disputed_evidence_ids"":[],""limited_evidence_ids"":[],""meaningful_conflict_refs"":[],""missing_evidence_ids"":[],""reason"":""동일 Skill의 독립된 직접 관찰로 수행 범위를 확인했다. 다른 맥락의 제한/모호성은 해당 근거의 한계로 보존한다."",""rubric_review"":""직접 관찰의 행동·검증을 검토하며 다른 맥락의 한계와 평가자 차이를 보존한다."",""supporting_observation_ids"":[""OB_REVIEW_ML_01_EV_APP0052_PRE_ASSESSMENT_CODING_TEST_M1_SKILL_03"",""OB_REVIEW_HM_01_EV_APP0052_PRE_ASSESSMENT_CODING_TEST_M1_SKILL_03""]}",CALIBRATION_PANEL_01,2026-11-15T19:31:00+09:00,SYNTHETIC_HUMAN_SCENARIO,M1_EVIDENCE_RUBRIC_V02
DC_APP0107_M1_SKILL_03_000033,APP0107,C0107,M1_SKILL_03,,INSUFFICIENT_EVIDENCE,"{""difference_types"":[],""disputed_evidence_ids"":[],""limited_evidence_ids"":[],""meaningful_conflict_refs"":[],""missing_evidence_ids"":[""EV_APP0107_PRE_ASSESSMENT_CODING_TEST_M1_SKILL_03""],""reason"":""직접 판단 근거 부족. 미관찰을 역량 부재로 해석하지 않는다."",""rubric_review"":""직접 관찰의 행동·검증을 검토하며 다른 맥락의 한계와 평가자 차이를 보존한다."",""supporting_observation_ids"":[]}",CALIBRATION_PANEL_01,2026-11-12T13:25:00+09:00,SYNTHETIC_HUMAN_SCENARIO,M1_EVIDENCE_RUBRIC_V02
DC_APP0205_M1_SKILL_03_000034,APP0205,C0205,M1_SKILL_03,STRONG,AGREED,"{""difference_types"":[""EVIDENCE_EVOLUTION""],""disputed_evidence_ids"":[],""limited_evidence_ids"":[],""meaningful_conflict_refs"":[],""missing_evidence_ids"":[],""reason"":""동일 Skill의 독립된 직접 관찰로 수행 범위를 확인했다. 다른 맥락의 제한/모호성은 해당 근거의 한계로 보존한다."",""rubric_review"":""직접 관찰의 행동·검증을 검토하며 다른 맥락의 한계와 평가자 차이를 보존한다."",""supporting_observation_ids"":[""OB_REVIEW_ML_01_EV_APP0205_PRE_ASSESSMENT_CODING_TEST_M1_SKILL_03"",""OB_REVIEW_HM_01_EV_APP0205_PRE_ASSESSMENT_CODING_TEST_M1_SKILL_03""]}",CALIBRATION_PANEL_01,2026-11-10T14:09:00+09:00,SYNTHETIC_HUMAN_SCENARIO,M1_EVIDENCE_RUBRIC_V02
DC_APP0061_M1_SKILL_03_000035,APP0061,C0061,M1_SKILL_03,,DISAGREEMENT_REMAINS,"{""difference_types"":[""EVALUATOR_DISAGREEMENT""],""disputed_evidence_ids"":[""EV_APP0061_PRE_ASSESSMENT_CODING_TEST_M1_SKILL_03""],""limited_evidence_ids"":[],""meaningful_conflict_refs"":[],""missing_evidence_ids"":[],""reason"":""동일 근거에 대한 평가자 해석 차이를 해소할 직접 관찰이 부족하다."",""rubric_review"":""직접 관찰의 행동·검증을 검토하며 다른 맥락의 한계와 평가자 차이를 보존한다."",""supporting_observation_ids"":[]}",CALIBRATION_PANEL_01,2026-11-14T11:58:00+09:00,SYNTHETIC_HUMAN_SCENARIO,M1_EVIDENCE_RUBRIC_V02
DC_APP0193_M1_SKILL_03_000036,APP0193,C0193,M1_SKILL_03,,INSUFFICIENT_EVIDENCE,"{""difference_types"":[],""disputed_evidence_ids"":[],""limited_evidence_ids"":[],""meaningful_conflict_refs"":[],""missing_evidence_ids"":[""EV_APP0193_PRE_ASSESSMENT_CODING_TEST_M1_SKILL_03""],""reason"":""직접 판단 근거 부족. 미관찰을 역량 부재로 해석하지 않는다."",""rubric_review"":""직접 관찰의 행동·검증을 검토하며 다른 맥락의 한계와 평가자 차이를 보존한다."",""supporting_observation_ids"":[]}",CALIBRATION_PANEL_01,2026-11-14T15:29:00+09:00,SYNTHETIC_HUMAN_SCENARIO,M1_EVIDENCE_RUBRIC_V02
DC_APP0130_M1_SKILL_03_000037,APP0130,C0130,M1_SKILL_03,STRONG,AGREED,"{""difference_types"":[""EVIDENCE_EVOLUTION""],""disputed_evidence_ids"":[],""limited_evidence_ids"":[],""meaningful_conflict_refs"":[],""missing_evidence_ids"":[],""reason"":""동일 Skill의 독립된 직접 관찰로 수행 범위를 확인했다. 다른 맥락의 제한/모호성은 해당 근거의 한계로 보존한다."",""rubric_review"":""직접 관찰의 행동·검증을 검토하며 다른 맥락의 한계와 평가자 차이를 보존한다."",""supporting_observation_ids"":[""OB_REVIEW_ML_01_EV_APP0130_PRE_ASSESSMENT_CODING_TEST_M1_SKILL_03"",""OB_REVIEW_HM_01_EV_APP0130_PRE_ASSESSMENT_CODING_TEST_M1_SKILL_03""]}",CALIBRATION_PANEL_01,2026-11-17T16:46:00+09:00,SYNTHETIC_HUMAN_SCENARIO,M1_EVIDENCE_RUBRIC_V02
DC_APP0222_M1_SKILL_03_000038,APP0222,C0222,M1_SKILL_03,,DISAGREEMENT_REMAINS,"{""difference_types"":[""EVALUATOR_DISAGREEMENT""],""disputed_evidence_ids"":[""EV_APP0222_PRE_ASSESSMENT_CODING_TEST_M1_SKILL_03""],""limited_evidence_ids"":[],""meaningful_conflict_refs"":[],""missing_evidence_ids"":[],""reason"":""동일 근거에 대한 평가자 해석 차이를 해소할 직접 관찰이 부족하다."",""rubric_review"":""직접 관찰의 행동·검증을 검토하며 다른 맥락의 한계와 평가자 차이를 보존한다."",""supporting_observation_ids"":[]}",CALIBRATION_PANEL_01,2026-11-16T17:15:00+09:00,SYNTHETIC_HUMAN_SCENARIO,M1_EVIDENCE_RUBRIC_V02
DC_APP0228_M1_SKILL_03_000039,APP0228,C0228,M1_SKILL_03,MODERATE,AGREED,"{""difference_types"":[""EVIDENCE_EVOLUTION""],""disputed_evidence_ids"":[],""limited_evidence_ids"":[],""meaningful_conflict_refs"":[],""missing_evidence_ids"":[],""reason"":""동일 Skill의 독립된 직접 관찰로 수행 범위를 확인했다. 다른 맥락의 제한/모호성은 해당 근거의 한계로 보존한다."",""rubric_review"":""직접 관찰의 행동·검증을 검토하며 다른 맥락의 한계와 평가자 차이를 보존한다."",""supporting_observation_ids"":[""OB_REVIEW_ML_01_EV_APP0228_PRE_ASSESSMENT_CODING_TEST_M1_SKILL_03"",""OB_REVIEW_HM_01_EV_APP0228_PRE_ASSESSMENT_CODING_TEST_M1_SKILL_03""]}",CALIBRATION_PANEL_01,2026-11-10T17:54:00+09:00,SYNTHETIC_HUMAN_SCENARIO,M1_EVIDENCE_RUBRIC_V02
DC_APP0137_M1_SKILL_03_000040,APP0137,C0137,M1_SKILL_03,LIMITED,AGREED,"{""difference_types"":[],""disputed_evidence_ids"":[],""limited_evidence_ids"":[""EV_APP0137_PRE_ASSESSMENT_CODING_TEST_M1_SKILL_03""],""meaningful_conflict_refs"":[],""missing_evidence_ids"":[],""reason"":""관찰된 직접 근거의 범위가 제한적이다. 자기기술만으로 보완하지 않는다."",""rubric_review"":""직접 관찰의 행동·검증을 검토하며 다른 맥락의 한계와 평가자 차이를 보존한다."",""supporting_observation_ids"":[""OB_REVIEW_ML_01_EV_APP0137_PRE_ASSESSMENT_CODING_TEST_M1_SKILL_03"",""OB_REVIEW_HM_01_EV_APP0137_PRE_ASSESSMENT_CODING_TEST_M1_SKILL_03""]}",CALIBRATION_PANEL_01,2026-11-10T18:50:00+09:00,SYNTHETIC_HUMAN_SCENARIO,M1_EVIDENCE_RUBRIC_V02
DC_APP0110_M1_SKILL_03_000041,APP0110,C0110,M1_SKILL_03,,INSUFFICIENT_EVIDENCE,"{""difference_types"":[],""disputed_evidence_ids"":[],""limited_evidence_ids"":[],""meaningful_conflict_refs"":[],""missing_evidence_ids"":[""EV_APP0110_PRE_ASSESSMENT_CODING_TEST_M1_SKILL_03""],""reason"":""직접 판단 근거 부족. 미관찰을 역량 부재로 해석하지 않는다."",""rubric_review"":""직접 관찰의 행동·검증을 검토하며 다른 맥락의 한계와 평가자 차이를 보존한다."",""supporting_observation_ids"":[]}",CALIBRATION_PANEL_01,2026-11-13T10:54:00+09:00,SYNTHETIC_HUMAN_SCENARIO,M1_EVIDENCE_RUBRIC_V02
DC_APP0223_M1_SKILL_03_000042,APP0223,C0223,M1_SKILL_03,,INSUFFICIENT_EVIDENCE,"{""difference_types"":[],""disputed_evidence_ids"":[],""limited_evidence_ids"":[],""meaningful_conflict_refs"":[],""missing_evidence_ids"":[""EV_APP0223_PRE_ASSESSMENT_CODING_TEST_M1_SKILL_03""],""reason"":""직접 판단 근거 부족. 미관찰을 역량 부재로 해석하지 않는다."",""rubric_review"":""직접 관찰의 행동·검증을 검토하며 다른 맥락의 한계와 평가자 차이를 보존한다."",""supporting_observation_ids"":[]}",CALIBRATION_PANEL_01,2026-11-15T12:26:00+09:00,SYNTHETIC_HUMAN_SCENARIO,M1_EVIDENCE_RUBRIC_V02
DC_APP0181_M1_SKILL_03_000043,APP0181,C0181,M1_SKILL_03,MODERATE,AGREED,"{""difference_types"":[""EVIDENCE_EVOLUTION""],""disputed_evidence_ids"":[],""limited_evidence_ids"":[],""meaningful_conflict_refs"":[],""missing_evidence_ids"":[],""reason"":""동일 Skill의 독립된 직접 관찰로 수행 범위를 확인했다. 다른 맥락의 제한/모호성은 해당 근거의 한계로 보존한다."",""rubric_review"":""직접 관찰의 행동·검증을 검토하며 다른 맥락의 한계와 평가자 차이를 보존한다."",""supporting_observation_ids"":[""OB_REVIEW_ML_01_EV_APP0181_PRE_ASSESSMENT_CODING_TEST_M1_SKILL_03"",""OB_REVIEW_HM_01_EV_APP0181_PRE_ASSESSMENT_CODING_TEST_M1_SKILL_03""]}",CALIBRATION_PANEL_01,2026-11-16T15:40:00+09:00,SYNTHETIC_HUMAN_SCENARIO,M1_EVIDENCE_RUBRIC_V02
DC_APP0189_M1_SKILL_03_000044,APP0189,C0189,M1_SKILL_03,,INSUFFICIENT_EVIDENCE,"{""difference_types"":[],""disputed_evidence_ids"":[],""limited_evidence_ids"":[],""meaningful_conflict_refs"":[],""missing_evidence_ids"":[""EV_APP0189_PRE_ASSESSMENT_CODING_TEST_M1_SKILL_03""],""reason"":""직접 판단 근거 부족. 미관찰을 역량 부재로 해석하지 않는다."",""rubric_review"":""직접 관찰의 행동·검증을 검토하며 다른 맥락의 한계와 평가자 차이를 보존한다."",""supporting_observation_ids"":[]}",CALIBRATION_PANEL_01,2026-11-22T16:03:00+09:00,SYNTHETIC_HUMAN_SCENARIO,M1_EVIDENCE_RUBRIC_V02
DC_APP0257_M1_SKILL_03_000045,APP0257,C0257,M1_SKILL_03,LIMITED,AGREED,"{""difference_types"":[],""disputed_evidence_ids"":[],""limited_evidence_ids"":[""EV_APP0257_PRE_ASSESSMENT_CODING_TEST_M1_SKILL_03""],""meaningful_conflict_refs"":[],""missing_evidence_ids"":[],""reason"":""관찰된 직접 근거의 범위가 제한적이다. 자기기술만으로 보완하지 않는다."",""rubric_review"":""직접 관찰의 행동·검증을 검토하며 다른 맥락의 한계와 평가자 차이를 보존한다."",""supporting_observation_ids"":[""OB_REVIEW_ML_01_EV_APP0257_PRE_ASSESSMENT_CODING_TEST_M1_SKILL_03"",""OB_REVIEW_HM_01_EV_APP0257_PRE_ASSESSMENT_CODING_TEST_M1_SKILL_03""]}",CALIBRATION_PANEL_01,2026-11-21T11:31:00+09:00,SYNTHETIC_HUMAN_SCENARIO,M1_EVIDENCE_RUBRIC_V02
DC_APP0082_M1_SKILL_03_000046,APP0082,C0082,M1_SKILL_03,MODERATE,AGREED,"{""difference_types"":[""EVIDENCE_EVOLUTION""],""disputed_evidence_ids"":[],""limited_evidence_ids"":[],""meaningful_conflict_refs"":[],""missing_evidence_ids"":[],""reason"":""동일 Skill의 독립된 직접 관찰로 수행 범위를 확인했다. 다른 맥락의 제한/모호성은 해당 근거의 한계로 보존한다."",""rubric_review"":""직접 관찰의 행동·검증을 검토하며 다른 맥락의 한계와 평가자 차이를 보존한다."",""supporting_observation_ids"":[""OB_REVIEW_ML_01_EV_APP0082_PRE_ASSESSMENT_CODING_TEST_M1_SKILL_03"",""OB_REVIEW_HM_01_EV_APP0082_PRE_ASSESSMENT_CODING_TEST_M1_SKILL_03""]}",CALIBRATION_PANEL_01,2026-11-17T17:36:00+09:00,SYNTHETIC_HUMAN_SCENARIO,M1_EVIDENCE_RUBRIC_V02
DC_APP0258_M1_SKILL_03_000047,APP0258,C0258,M1_SKILL_03,MODERATE,AGREED,"{""difference_types"":[""EVIDENCE_EVOLUTION""],""disputed_evidence_ids"":[],""limited_evidence_ids"":[],""meaningful_conflict_refs"":[],""missing_evidence_ids"":[],""reason"":""동일 Skill의 독립된 직접 관찰로 수행 범위를 확인했다. 다른 맥락의 제한/모호성은 해당 근거의 한계로 보존한다."",""rubric_review"":""직접 관찰의 행동·검증을 검토하며 다른 맥락의 한계와 평가자 차이를 보존한다."",""supporting_observation_ids"":[""OB_REVIEW_ML_01_EV_APP0258_PRE_ASSESSMENT_CODING_TEST_M1_SKILL_03"",""OB_REVIEW_HM_01_EV_APP0258_PRE_ASSESSMENT_CODING_TEST_M1_SKILL_03""]}",CALIBRATION_PANEL_01,2026-11-18T18:34:00+09:00,SYNTHETIC_HUMAN_SCENARIO,M1_EVIDENCE_RUBRIC_V02
DC_APP0200_M1_SKILL_03_000048,APP0200,C0200,M1_SKILL_03,LIMITED,AGREED,"{""difference_types"":[],""disputed_evidence_ids"":[],""limited_evidence_ids"":[""EV_APP0200_PRE_ASSESSMENT_CODING_TEST_M1_SKILL_03""],""meaningful_conflict_refs"":[],""missing_evidence_ids"":[],""reason"":""관찰된 직접 근거의 범위가 제한적이다. 자기기술만으로 보완하지 않는다."",""rubric_review"":""직접 관찰의 행동·검증을 검토하며 다른 맥락의 한계와 평가자 차이를 보존한다."",""supporting_observation_ids"":[""OB_REVIEW_ML_01_EV_APP0200_PRE_ASSESSMENT_CODING_TEST_M1_SKILL_03"",""OB_REVIEW_HM_01_EV_APP0200_PRE_ASSESSMENT_CODING_TEST_M1_SKILL_03""]}",CALIBRATION_PANEL_01,2026-11-15T11:24:00+09:00,SYNTHETIC_HUMAN_SCENARIO,M1_EVIDENCE_RUBRIC_V02
DC_APP0285_M1_SKILL_03_000049,APP0285,C0285,M1_SKILL_03,STRONG,AGREED,"{""difference_types"":[""EVIDENCE_EVOLUTION""],""disputed_evidence_ids"":[],""limited_evidence_ids"":[],""meaningful_conflict_refs"":[],""missing_evidence_ids"":[],""reason"":""동일 Skill의 독립된 직접 관찰로 수행 범위를 확인했다. 다른 맥락의 제한/모호성은 해당 근거의 한계로 보존한다."",""rubric_review"":""직접 관찰의 행동·검증을 검토하며 다른 맥락의 한계와 평가자 차이를 보존한다."",""supporting_observation_ids"":[""OB_REVIEW_ML_01_EV_APP0285_PRE_ASSESSMENT_CODING_TEST_M1_SKILL_03"",""OB_REVIEW_HM_01_EV_APP0285_PRE_ASSESSMENT_CODING_TEST_M1_SKILL_03""]}",CALIBRATION_PANEL_01,2026-11-25T11:38:00+09:00,SYNTHETIC_HUMAN_SCENARIO,M1_EVIDENCE_RUBRIC_V02
DC_APP0240_M1_SKILL_03_000050,APP0240,C0240,M1_SKILL_03,,INSUFFICIENT_EVIDENCE,"{""difference_types"":[],""disputed_evidence_ids"":[],""limited_evidence_ids"":[],""meaningful_conflict_refs"":[],""missing_evidence_ids"":[""EV_APP0240_PRE_ASSESSMENT_CODING_TEST_M1_SKILL_03""],""reason"":""직접 판단 근거 부족. 미관찰을 역량 부재로 해석하지 않는다."",""rubric_review"":""직접 관찰의 행동·검증을 검토하며 다른 맥락의 한계와 평가자 차이를 보존한다."",""supporting_observation_ids"":[]}",CALIBRATION_PANEL_01,2026-11-22T15:08:00+09:00,SYNTHETIC_HUMAN_SCENARIO,M1_EVIDENCE_RUBRIC_V02
DC_APP0268_M1_SKILL_03_000051,APP0268,C0268,M1_SKILL_03,MODERATE,AGREED,"{""difference_types"":[""EVIDENCE_EVOLUTION""],""disputed_evidence_ids"":[],""limited_evidence_ids"":[],""meaningful_conflict_refs"":[],""missing_evidence_ids"":[],""reason"":""동일 Skill의 독립된 직접 관찰로 수행 범위를 확인했다. 다른 맥락의 제한/모호성은 해당 근거의 한계로 보존한다."",""rubric_review"":""직접 관찰의 행동·검증을 검토하며 다른 맥락의 한계와 평가자 차이를 보존한다."",""supporting_observation_ids"":[""OB_REVIEW_ML_01_EV_APP0268_PRE_ASSESSMENT_CODING_TEST_M1_SKILL_03"",""OB_REVIEW_HM_01_EV_APP0268_PRE_ASSESSMENT_CODING_TEST_M1_SKILL_03""]}",CALIBRATION_PANEL_01,2026-11-18T17:42:00+09:00,SYNTHETIC_HUMAN_SCENARIO,M1_EVIDENCE_RUBRIC_V02
DC_APP0202_M1_SKILL_03_000052,APP0202,C0202,M1_SKILL_03,STRONG,AGREED,"{""difference_types"":[""EVIDENCE_EVOLUTION""],""disputed_evidence_ids"":[],""limited_evidence_ids"":[],""meaningful_conflict_refs"":[],""missing_evidence_ids"":[],""reason"":""동일 Skill의 독립된 직접 관찰로 수행 범위를 확인했다. 다른 맥락의 제한/모호성은 해당 근거의 한계로 보존한다."",""rubric_review"":""직접 관찰의 행동·검증을 검토하며 다른 맥락의 한계와 평가자 차이를 보존한다."",""supporting_observation_ids"":[""OB_REVIEW_ML_01_EV_APP0202_PRE_ASSESSMENT_CODING_TEST_M1_SKILL_03"",""OB_REVIEW_HM_01_EV_APP0202_PRE_ASSESSMENT_CODING_TEST_M1_SKILL_03""]}",CALIBRATION_PANEL_01,2026-11-23T18:43:00+09:00,SYNTHETIC_HUMAN_SCENARIO,M1_EVIDENCE_RUBRIC_V02
DC_APP0269_M1_SKILL_03_000053,APP0269,C0269,M1_SKILL_03,MODERATE,AGREED,"{""difference_types"":[""EVIDENCE_EVOLUTION""],""disputed_evidence_ids"":[],""limited_evidence_ids"":[],""meaningful_conflict_refs"":[],""missing_evidence_ids"":[],""reason"":""동일 Skill의 독립된 직접 관찰로 수행 범위를 확인했다. 다른 맥락의 제한/모호성은 해당 근거의 한계로 보존한다."",""rubric_review"":""직접 관찰의 행동·검증을 검토하며 다른 맥락의 한계와 평가자 차이를 보존한다."",""supporting_observation_ids"":[""OB_REVIEW_ML_01_EV_APP0269_PRE_ASSESSMENT_CODING_TEST_M1_SKILL_03"",""OB_REVIEW_HM_01_EV_APP0269_PRE_ASSESSMENT_CODING_TEST_M1_SKILL_03""]}",CALIBRATION_PANEL_01,2026-11-18T15:25:00+09:00,SYNTHETIC_HUMAN_SCENARIO,M1_EVIDENCE_RUBRIC_V02
DC_APP0297_M1_SKILL_03_000054,APP0297,C0297,M1_SKILL_03,MODERATE,AGREED,"{""difference_types"":[""EVIDENCE_EVOLUTION""],""disputed_evidence_ids"":[],""limited_evidence_ids"":[],""meaningful_conflict_refs"":[],""missing_evidence_ids"":[],""reason"":""동일 Skill의 독립된 직접 관찰로 수행 범위를 확인했다. 다른 맥락의 제한/모호성은 해당 근거의 한계로 보존한다."",""rubric_review"":""직접 관찰의 행동·검증을 검토하며 다른 맥락의 한계와 평가자 차이를 보존한다."",""supporting_observation_ids"":[""OB_REVIEW_ML_01_EV_APP0297_PRE_ASSESSMENT_CODING_TEST_M1_SKILL_03"",""OB_REVIEW_HM_01_EV_APP0297_PRE_ASSESSMENT_CODING_TEST_M1_SKILL_03""]}",CALIBRATION_PANEL_01,2026-11-21T15:56:00+09:00,SYNTHETIC_HUMAN_SCENARIO,M1_EVIDENCE_RUBRIC_V02
DC_APP0235_M1_SKILL_03_000055,APP0235,C0235,M1_SKILL_03,STRONG,AGREED,"{""difference_types"":[""EVIDENCE_EVOLUTION""],""disputed_evidence_ids"":[],""limited_evidence_ids"":[],""meaningful_conflict_refs"":[],""missing_evidence_ids"":[],""reason"":""동일 Skill의 독립된 직접 관찰로 수행 범위를 확인했다. 다른 맥락의 제한/모호성은 해당 근거의 한계로 보존한다."",""rubric_review"":""직접 관찰의 행동·검증을 검토하며 다른 맥락의 한계와 평가자 차이를 보존한다."",""supporting_observation_ids"":[""OB_REVIEW_ML_01_EV_APP0235_PRE_ASSESSMENT_CODING_TEST_M1_SKILL_03"",""OB_REVIEW_HM_01_EV_APP0235_PRE_ASSESSMENT_CODING_TEST_M1_SKILL_03""]}",CALIBRATION_PANEL_01,2026-11-17T16:54:00+09:00,SYNTHETIC_HUMAN_SCENARIO,M1_EVIDENCE_RUBRIC_V02
DC_APP0206_M1_SKILL_03_000056,APP0206,C0206,M1_SKILL_03,LIMITED,AGREED,"{""difference_types"":[],""disputed_evidence_ids"":[],""limited_evidence_ids"":[""EV_APP0206_PRE_ASSESSMENT_CODING_TEST_M1_SKILL_03""],""meaningful_conflict_refs"":[],""missing_evidence_ids"":[],""reason"":""관찰된 직접 근거의 범위가 제한적이다. 자기기술만으로 보완하지 않는다."",""rubric_review"":""직접 관찰의 행동·검증을 검토하며 다른 맥락의 한계와 평가자 차이를 보존한다."",""supporting_observation_ids"":[""OB_REVIEW_ML_01_EV_APP0206_PRE_ASSESSMENT_CODING_TEST_M1_SKILL_03"",""OB_REVIEW_HM_01_EV_APP0206_PRE_ASSESSMENT_CODING_TEST_M1_SKILL_03""]}",CALIBRATION_PANEL_01,2026-11-24T17:42:00+09:00,SYNTHETIC_HUMAN_SCENARIO,M1_EVIDENCE_RUBRIC_V02
DC_APP0194_M1_SKILL_03_000057,APP0194,C0194,M1_SKILL_03,STRONG,AGREED,"{""difference_types"":[""EVIDENCE_EVOLUTION""],""disputed_evidence_ids"":[],""limited_evidence_ids"":[],""meaningful_conflict_refs"":[],""missing_evidence_ids"":[],""reason"":""동일 Skill의 독립된 직접 관찰로 수행 범위를 확인했다. 다른 맥락의 제한/모호성은 해당 근거의 한계로 보존한다."",""rubric_review"":""직접 관찰의 행동·검증을 검토하며 다른 맥락의 한계와 평가자 차이를 보존한다."",""supporting_observation_ids"":[""OB_REVIEW_ML_01_EV_APP0194_PRE_ASSESSMENT_CODING_TEST_M1_SKILL_03"",""OB_REVIEW_HM_01_EV_APP0194_PRE_ASSESSMENT_CODING_TEST_M1_SKILL_03""]}",CALIBRATION_PANEL_01,2026-11-21T14:18:00+09:00,SYNTHETIC_HUMAN_SCENARIO,M1_EVIDENCE_RUBRIC_V02
DC_APP0325_M1_SKILL_03_000058,APP0325,C0325,M1_SKILL_03,,DISAGREEMENT_REMAINS,"{""difference_types"":[""EVALUATOR_DISAGREEMENT""],""disputed_evidence_ids"":[""EV_APP0325_PRE_ASSESSMENT_CODING_TEST_M1_SKILL_03""],""limited_evidence_ids"":[],""meaningful_conflict_refs"":[],""missing_evidence_ids"":[],""reason"":""동일 근거에 대한 평가자 해석 차이를 해소할 직접 관찰이 부족하다."",""rubric_review"":""직접 관찰의 행동·검증을 검토하며 다른 맥락의 한계와 평가자 차이를 보존한다."",""supporting_observation_ids"":[]}",CALIBRATION_PANEL_01,2026-11-25T12:03:00+09:00,SYNTHETIC_HUMAN_SCENARIO,M1_EVIDENCE_RUBRIC_V02
DC_APP0289_M1_SKILL_03_000059,APP0289,C0289,M1_SKILL_03,MODERATE,AGREED,"{""difference_types"":[""EVIDENCE_EVOLUTION""],""disputed_evidence_ids"":[],""limited_evidence_ids"":[],""meaningful_conflict_refs"":[],""missing_evidence_ids"":[],""reason"":""동일 Skill의 독립된 직접 관찰로 수행 범위를 확인했다. 다른 맥락의 제한/모호성은 해당 근거의 한계로 보존한다."",""rubric_review"":""직접 관찰의 행동·검증을 검토하며 다른 맥락의 한계와 평가자 차이를 보존한다."",""supporting_observation_ids"":[""OB_REVIEW_ML_01_EV_APP0289_PRE_ASSESSMENT_CODING_TEST_M1_SKILL_03"",""OB_REVIEW_HM_01_EV_APP0289_PRE_ASSESSMENT_CODING_TEST_M1_SKILL_03""]}",CALIBRATION_PANEL_01,2026-11-25T16:21:00+09:00,SYNTHETIC_HUMAN_SCENARIO,M1_EVIDENCE_RUBRIC_V02
DC_APP0218_M1_SKILL_03_000060,APP0218,C0218,M1_SKILL_03,LIMITED,AGREED,"{""difference_types"":[],""disputed_evidence_ids"":[],""limited_evidence_ids"":[""EV_APP0218_PRE_ASSESSMENT_CODING_TEST_M1_SKILL_03""],""meaningful_conflict_refs"":[],""missing_evidence_ids"":[],""reason"":""관찰된 직접 근거의 범위가 제한적이다. 자기기술만으로 보완하지 않는다."",""rubric_review"":""직접 관찰의 행동·검증을 검토하며 다른 맥락의 한계와 평가자 차이를 보존한다."",""supporting_observation_ids"":[""OB_REVIEW_ML_01_EV_APP0218_PRE_ASSESSMENT_CODING_TEST_M1_SKILL_03"",""OB_REVIEW_HM_01_EV_APP0218_PRE_ASSESSMENT_CODING_TEST_M1_SKILL_03""]}",CALIBRATION_PANEL_01,2026-11-24T18:34:00+09:00,SYNTHETIC_HUMAN_SCENARIO,M1_EVIDENCE_RUBRIC_V02
DC_APP0342_M1_SKILL_03_000061,APP0342,C0342,M1_SKILL_03,STRONG,AGREED,"{""difference_types"":[""EVIDENCE_EVOLUTION""],""disputed_evidence_ids"":[],""limited_evidence_ids"":[],""meaningful_conflict_refs"":[],""missing_evidence_ids"":[],""reason"":""동일 Skill의 독립된 직접 관찰로 수행 범위를 확인했다. 다른 맥락의 제한/모호성은 해당 근거의 한계로 보존한다."",""rubric_review"":""직접 관찰의 행동·검증을 검토하며 다른 맥락의 한계와 평가자 차이를 보존한다."",""supporting_observation_ids"":[""OB_REVIEW_ML_01_EV_APP0342_PRE_ASSESSMENT_CODING_TEST_M1_SKILL_03"",""OB_REVIEW_HM_01_EV_APP0342_PRE_ASSESSMENT_CODING_TEST_M1_SKILL_03""]}",CALIBRATION_PANEL_01,2026-11-20T18:59:00+09:00,SYNTHETIC_HUMAN_SCENARIO,M1_EVIDENCE_RUBRIC_V02
DC_APP0237_M1_SKILL_03_000062,APP0237,C0237,M1_SKILL_03,,INSUFFICIENT_EVIDENCE,"{""difference_types"":[],""disputed_evidence_ids"":[],""limited_evidence_ids"":[],""meaningful_conflict_refs"":[],""missing_evidence_ids"":[""EV_APP0237_PRE_ASSESSMENT_CODING_TEST_M1_SKILL_03""],""reason"":""직접 판단 근거 부족. 미관찰을 역량 부재로 해석하지 않는다."",""rubric_review"":""직접 관찰의 행동·검증을 검토하며 다른 맥락의 한계와 평가자 차이를 보존한다."",""supporting_observation_ids"":[]}",CALIBRATION_PANEL_01,2026-11-26T15:44:00+09:00,SYNTHETIC_HUMAN_SCENARIO,M1_EVIDENCE_RUBRIC_V02
DC_APP0238_M1_SKILL_03_000063,APP0238,C0238,M1_SKILL_03,MODERATE,AGREED,"{""difference_types"":[""EVIDENCE_EVOLUTION""],""disputed_evidence_ids"":[],""limited_evidence_ids"":[],""meaningful_conflict_refs"":[],""missing_evidence_ids"":[],""reason"":""동일 Skill의 독립된 직접 관찰로 수행 범위를 확인했다. 다른 맥락의 제한/모호성은 해당 근거의 한계로 보존한다."",""rubric_review"":""직접 관찰의 행동·검증을 검토하며 다른 맥락의 한계와 평가자 차이를 보존한다."",""supporting_observation_ids"":[""OB_REVIEW_ML_01_EV_APP0238_PRE_ASSESSMENT_CODING_TEST_M1_SKILL_03"",""OB_REVIEW_HM_01_EV_APP0238_PRE_ASSESSMENT_CODING_TEST_M1_SKILL_03""]}",CALIBRATION_PANEL_01,2026-11-25T16:40:00+09:00,SYNTHETIC_HUMAN_SCENARIO,M1_EVIDENCE_RUBRIC_V02
DC_APP0324_M1_SKILL_03_000064,APP0324,C0324,M1_SKILL_03,MODERATE,AGREED,"{""difference_types"":[""EVIDENCE_EVOLUTION""],""disputed_evidence_ids"":[],""limited_evidence_ids"":[],""meaningful_conflict_refs"":[],""missing_evidence_ids"":[],""reason"":""동일 Skill의 독립된 직접 관찰로 수행 범위를 확인했다. 다른 맥락의 제한/모호성은 해당 근거의 한계로 보존한다."",""rubric_review"":""직접 관찰의 행동·검증을 검토하며 다른 맥락의 한계와 평가자 차이를 보존한다."",""supporting_observation_ids"":[""OB_REVIEW_ML_01_EV_APP0324_PRE_ASSESSMENT_CODING_TEST_M1_SKILL_03"",""OB_REVIEW_HM_01_EV_APP0324_PRE_ASSESSMENT_CODING_TEST_M1_SKILL_03""]}",CALIBRATION_PANEL_01,2026-11-23T17:08:00+09:00,SYNTHETIC_HUMAN_SCENARIO,M1_EVIDENCE_RUBRIC_V02
DC_APP0270_M1_SKILL_03_000065,APP0270,C0270,M1_SKILL_03,,DISAGREEMENT_REMAINS,"{""difference_types"":[""EVALUATOR_DISAGREEMENT""],""disputed_evidence_ids"":[""EV_APP0270_PRE_ASSESSMENT_CODING_TEST_M1_SKILL_03""],""limited_evidence_ids"":[],""meaningful_conflict_refs"":[],""missing_evidence_ids"":[],""reason"":""동일 근거에 대한 평가자 해석 차이를 해소할 직접 관찰이 부족하다."",""rubric_review"":""직접 관찰의 행동·검증을 검토하며 다른 맥락의 한계와 평가자 차이를 보존한다."",""supporting_observation_ids"":[]}",CALIBRATION_PANEL_01,2026-11-27T14:08:00+09:00,SYNTHETIC_HUMAN_SCENARIO,M1_EVIDENCE_RUBRIC_V02
DC_APP0309_M1_SKILL_03_000066,APP0309,C0309,M1_SKILL_03,MODERATE,AGREED,"{""difference_types"":[""EVIDENCE_EVOLUTION""],""disputed_evidence_ids"":[],""limited_evidence_ids"":[],""meaningful_conflict_refs"":[],""missing_evidence_ids"":[],""reason"":""동일 Skill의 독립된 직접 관찰로 수행 범위를 확인했다. 다른 맥락의 제한/모호성은 해당 근거의 한계로 보존한다."",""rubric_review"":""직접 관찰의 행동·검증을 검토하며 다른 맥락의 한계와 평가자 차이를 보존한다."",""supporting_observation_ids"":[""OB_REVIEW_ML_01_EV_APP0309_PRE_ASSESSMENT_CODING_TEST_M1_SKILL_03"",""OB_REVIEW_HM_01_EV_APP0309_PRE_ASSESSMENT_CODING_TEST_M1_SKILL_03""]}",CALIBRATION_PANEL_01,2026-11-25T14:59:00+09:00,SYNTHETIC_HUMAN_SCENARIO,M1_EVIDENCE_RUBRIC_V02
DC_APP0300_M1_SKILL_03_000067,APP0300,C0300,M1_SKILL_03,STRONG,AGREED,"{""difference_types"":[""EVIDENCE_EVOLUTION""],""disputed_evidence_ids"":[],""limited_evidence_ids"":[],""meaningful_conflict_refs"":[],""missing_evidence_ids"":[],""reason"":""동일 Skill의 독립된 직접 관찰로 수행 범위를 확인했다. 다른 맥락의 제한/모호성은 해당 근거의 한계로 보존한다."",""rubric_review"":""직접 관찰의 행동·검증을 검토하며 다른 맥락의 한계와 평가자 차이를 보존한다."",""supporting_observation_ids"":[""OB_REVIEW_ML_01_EV_APP0300_PRE_ASSESSMENT_CODING_TEST_M1_SKILL_03"",""OB_REVIEW_HM_01_EV_APP0300_PRE_ASSESSMENT_CODING_TEST_M1_SKILL_03""]}",CALIBRATION_PANEL_01,2026-11-30T16:21:00+09:00,SYNTHETIC_HUMAN_SCENARIO,M1_EVIDENCE_RUBRIC_V02
DC_APP0005_M1_SKILL_01_000068,APP0005,C0005,M1_SKILL_01,MODERATE,AGREED,"{""difference_types"":[""EVIDENCE_EVOLUTION""],""disputed_evidence_ids"":[],""limited_evidence_ids"":[],""meaningful_conflict_refs"":[],""missing_evidence_ids"":[],""reason"":""동일 Skill의 독립된 직접 관찰로 수행 범위를 확인했다. 다른 맥락의 제한/모호성은 해당 근거의 한계로 보존한다."",""rubric_review"":""직접 관찰의 행동·검증을 검토하며 다른 맥락의 한계와 평가자 차이를 보존한다."",""supporting_observation_ids"":[""OB_FIRST_PANEL_02_ML_ENGINEER_EV_APP0005_FIRST_INTERVIEW_TECHNICAL_ASSESSMENT_M1_SKILL_01"",""OB_FIRST_PANEL_02_HIRING_MANAGER_EV_APP0005_FIRST_INTERVIEW_TECHNICAL_ASSESSMENT_M1_SKILL_01"",""OB_FIRST_PANEL_02_TECHNICAL_REVIEWER_EV_APP0005_FIRST_INTERVIEW_TECHNICAL_ASSESSMENT_M1_SKILL_01"",""OB_FIRST_PANEL_02_ML_ENGINEER_EV_APP0005_FIRST_INTERVIEW_AI_CASE_M1_SKILL_01"",""OB_FIRST_PANEL_02_HIRING_MANAGER_EV_APP0005_FIRST_INTERVIEW_AI_CASE_M1_SKILL_01"",""OB_FIRST_PANEL_02_TECHNICAL_REVIEWER_EV_APP0005_FIRST_INTERVIEW_AI_CASE_M1_SKILL_01""]}",CALIBRATION_PANEL_01,2026-12-13T10:15:00+09:00,SYNTHETIC_HUMAN_SCENARIO,M1_EVIDENCE_RUBRIC_V02
DC_APP0005_M1_SKILL_02_000069,APP0005,C0005,M1_SKILL_02,MODERATE,AGREED,"{""difference_types"":[],""disputed_evidence_ids"":[],""limited_evidence_ids"":[],""meaningful_conflict_refs"":[],""missing_evidence_ids"":[],""reason"":""동일 Skill의 독립된 직접 관찰로 수행 범위를 확인했다. 다른 맥락의 제한/모호성은 해당 근거의 한계로 보존한다."",""rubric_review"":""직접 관찰의 행동·검증을 검토하며 다른 맥락의 한계와 평가자 차이를 보존한다."",""supporting_observation_ids"":[""OB_FIRST_PANEL_02_ML_ENGINEER_EV_APP0005_FIRST_INTERVIEW_TECHNICAL_ASSESSMENT_M1_SKILL_02"",""OB_FIRST_PANEL_02_HIRING_MANAGER_EV_APP0005_FIRST_INTERVIEW_TECHNICAL_ASSESSMENT_M1_SKILL_02"",""OB_FIRST_PANEL_02_TECHNICAL_REVIEWER_EV_APP0005_FIRST_INTERVIEW_TECHNICAL_ASSESSMENT_M1_SKILL_02""]}",CALIBRATION_PANEL_01,2026-12-13T10:15:00+09:00,SYNTHETIC_HUMAN_SCENARIO,M1_EVIDENCE_RUBRIC_V02
DC_APP0005_M1_SKILL_03_000070,APP0005,C0005,M1_SKILL_03,STRONG,AGREED,"{""difference_types"":[""EVIDENCE_EVOLUTION""],""disputed_evidence_ids"":[],""limited_evidence_ids"":[],""meaningful_conflict_refs"":[],""missing_evidence_ids"":[],""reason"":""동일 Skill의 독립된 직접 관찰로 수행 범위를 확인했다. 다른 맥락의 제한/모호성은 해당 근거의 한계로 보존한다."",""rubric_review"":""직접 관찰의 행동·검증을 검토하며 다른 맥락의 한계와 평가자 차이를 보존한다."",""supporting_observation_ids"":[""OB_REVIEW_ML_01_EV_APP0005_PRE_ASSESSMENT_CODING_TEST_M1_SKILL_03"",""OB_REVIEW_HM_01_EV_APP0005_PRE_ASSESSMENT_CODING_TEST_M1_SKILL_03"",""OB_FIRST_PANEL_02_ML_ENGINEER_EV_APP0005_FIRST_INTERVIEW_AI_CASE_M1_SKILL_03"",""OB_FIRST_PANEL_02_HIRING_MANAGER_EV_APP0005_FIRST_INTERVIEW_AI_CASE_M1_SKILL_03"",""OB_FIRST_PANEL_02_TECHNICAL_REVIEWER_EV_APP0005_FIRST_INTERVIEW_AI_CASE_M1_SKILL_03""]}",CALIBRATION_PANEL_01,2026-12-13T10:15:00+09:00,SYNTHETIC_HUMAN_SCENARIO,M1_EVIDENCE_RUBRIC_V02
DC_APP0005_M1_SKILL_04_000071,APP0005,C0005,M1_SKILL_04,,INSUFFICIENT_EVIDENCE,"{""difference_types"":[],""disputed_evidence_ids"":[],""limited_evidence_ids"":[],""meaningful_conflict_refs"":[],""missing_evidence_ids"":[""EV_APP0005_FIRST_INTERVIEW_PRACTITIONER_QA_M1_SKILL_04""],""reason"":""직접 판단 근거 부족. 미관찰을 역량 부재로 해석하지 않는다."",""rubric_review"":""직접 관찰의 행동·검증을 검토하며 다른 맥락의 한계와 평가자 차이를 보존한다."",""supporting_observation_ids"":[]}",CALIBRATION_PANEL_01,2026-12-13T10:15:00+09:00,SYNTHETIC_HUMAN_SCENARIO,M1_EVIDENCE_RUBRIC_V02
DC_APP0005_M1_SKILL_05_000072,APP0005,C0005,M1_SKILL_05,LIMITED,AGREED,"{""difference_types"":[],""disputed_evidence_ids"":[],""limited_evidence_ids"":[""EV_APP0005_FIRST_INTERVIEW_PRACTITIONER_QA_M1_SKILL_05""],""meaningful_conflict_refs"":[],""missing_evidence_ids"":[],""reason"":""관찰된 직접 근거의 범위가 제한적이다. 자기기술만으로 보완하지 않는다."",""rubric_review"":""직접 관찰의 행동·검증을 검토하며 다른 맥락의 한계와 평가자 차이를 보존한다."",""supporting_observation_ids"":[""OB_FIRST_PANEL_02_ML_ENGINEER_EV_APP0005_FIRST_INTERVIEW_PRACTITIONER_QA_M1_SKILL_05"",""OB_FIRST_PANEL_02_HIRING_MANAGER_EV_APP0005_FIRST_INTERVIEW_PRACTITIONER_QA_M1_SKILL_05"",""OB_FIRST_PANEL_02_TECHNICAL_REVIEWER_EV_APP0005_FIRST_INTERVIEW_PRACTITIONER_QA_M1_SKILL_05""]}",CALIBRATION_PANEL_01,2026-12-13T10:15:00+09:00,SYNTHETIC_HUMAN_SCENARIO,M1_EVIDENCE_RUBRIC_V02
DC_APP0005_M1_SKILL_06_000073,APP0005,C0005,M1_SKILL_06,MODERATE,AGREED,"{""difference_types"":[],""disputed_evidence_ids"":[],""limited_evidence_ids"":[],""meaningful_conflict_refs"":[],""missing_evidence_ids"":[],""reason"":""동일 Skill의 독립된 직접 관찰로 수행 범위를 확인했다. 다른 맥락의 제한/모호성은 해당 근거의 한계로 보존한다."",""rubric_review"":""직접 관찰의 행동·검증을 검토하며 다른 맥락의 한계와 평가자 차이를 보존한다."",""supporting_observation_ids"":[""OB_FIRST_PANEL_02_ML_ENGINEER_EV_APP0005_FIRST_INTERVIEW_PRACTITIONER_QA_M1_SKILL_06"",""OB_FIRST_PANEL_02_HIRING_MANAGER_EV_APP0005_FIRST_INTERVIEW_PRACTITIONER_QA_M1_SKILL_06"",""OB_FIRST_PANEL_02_TECHNICAL_REVIEWER_EV_APP0005_FIRST_INTERVIEW_PRACTITIONER_QA_M1_SKILL_06""]}",CALIBRATION_PANEL_01,2026-12-13T10:15:00+09:00,SYNTHETIC_HUMAN_SCENARIO,M1_EVIDENCE_RUBRIC_V02
DC_APP0005_M1_SKILL_07_000074,APP0005,C0005,M1_SKILL_07,LIMITED,AGREED,"{""difference_types"":[],""disputed_evidence_ids"":[],""limited_evidence_ids"":[""EV_APP0005_FIRST_INTERVIEW_TECHNICAL_ASSESSMENT_M1_SKILL_07""],""meaningful_conflict_refs"":[],""missing_evidence_ids"":[],""reason"":""관찰된 직접 근거의 범위가 제한적이다. 자기기술만으로 보완하지 않는다."",""rubric_review"":""직접 관찰의 행동·검증을 검토하며 다른 맥락의 한계와 평가자 차이를 보존한다."",""supporting_observation_ids"":[""OB_FIRST_PANEL_02_ML_ENGINEER_EV_APP0005_FIRST_INTERVIEW_TECHNICAL_ASSESSMENT_M1_SKILL_07"",""OB_FIRST_PANEL_02_HIRING_MANAGER_EV_APP0005_FIRST_INTERVIEW_TECHNICAL_ASSESSMENT_M1_SKILL_07"",""OB_FIRST_PANEL_02_TECHNICAL_REVIEWER_EV_APP0005_FIRST_INTERVIEW_TECHNICAL_ASSESSMENT_M1_SKILL_07""]}",CALIBRATION_PANEL_01,2026-12-13T10:15:00+09:00,SYNTHETIC_HUMAN_SCENARIO,M1_EVIDENCE_RUBRIC_V02
DC_APP0005_M1_SKILL_08_000075,APP0005,C0005,M1_SKILL_08,,DISAGREEMENT_REMAINS,"{""difference_types"":[""EVALUATOR_DISAGREEMENT""],""disputed_evidence_ids"":[""EV_APP0005_FIRST_INTERVIEW_PRACTITIONER_QA_M1_SKILL_08""],""limited_evidence_ids"":[],""meaningful_conflict_refs"":[],""missing_evidence_ids"":[],""reason"":""동일 근거에 대한 평가자 해석 차이를 해소할 직접 관찰이 부족하다."",""rubric_review"":""직접 관찰의 행동·검증을 검토하며 다른 맥락의 한계와 평가자 차이를 보존한다."",""supporting_observation_ids"":[]}",CALIBRATION_PANEL_01,2026-12-13T10:15:00+09:00,SYNTHETIC_HUMAN_SCENARIO,M1_EVIDENCE_RUBRIC_V02
DC_APP0025_M1_SKILL_01_000076,APP0025,C0025,M1_SKILL_01,STRONG,AGREED,"{""difference_types"":[""EVIDENCE_EVOLUTION"",""EVALUATOR_DISAGREEMENT""],""disputed_evidence_ids"":[""EV_APP0025_FIRST_INTERVIEW_AI_CASE_M1_SKILL_01""],""limited_evidence_ids"":[],""meaningful_conflict_refs"":[],""missing_evidence_ids"":[],""reason"":""동일 Skill의 독립된 직접 관찰로 수행 범위를 확인했다. 다른 맥락의 제한/모호성은 해당 근거의 한계로 보존한다."",""rubric_review"":""직접 관찰의 행동·검증을 검토하며 다른 맥락의 한계와 평가자 차이를 보존한다."",""supporting_observation_ids"":[""OB_FIRST_PANEL_03_ML_ENGINEER_EV_APP0025_FIRST_INTERVIEW_TECHNICAL_ASSESSMENT_M1_SKILL_01"",""OB_FIRST_PANEL_03_HIRING_MANAGER_EV_APP0025_FIRST_INTERVIEW_TECHNICAL_ASSESSMENT_M1_SKILL_01"",""OB_FIRST_PANEL_03_TECHNICAL_REVIEWER_EV_APP0025_FIRST_INTERVIEW_TECHNICAL_ASSESSMENT_M1_SKILL_01""]}",CALIBRATION_PANEL_01,2026-12-11T10:15:00+09:00,SYNTHETIC_HUMAN_SCENARIO,M1_EVIDENCE_RUBRIC_V02
DC_APP0025_M1_SKILL_02_000077,APP0025,C0025,M1_SKILL_02,,INSUFFICIENT_EVIDENCE,"{""difference_types"":[],""disputed_evidence_ids"":[],""limited_evidence_ids"":[],""meaningful_conflict_refs"":[],""missing_evidence_ids"":[""EV_APP0025_FIRST_INTERVIEW_TECHNICAL_ASSESSMENT_M1_SKILL_02""],""reason"":""직접 판단 근거 부족. 미관찰을 역량 부재로 해석하지 않는다."",""rubric_review"":""직접 관찰의 행동·검증을 검토하며 다른 맥락의 한계와 평가자 차이를 보존한다."",""supporting_observation_ids"":[]}",CALIBRATION_PANEL_01,2026-12-11T10:15:00+09:00,SYNTHETIC_HUMAN_SCENARIO,M1_EVIDENCE_RUBRIC_V02
DC_APP0025_M1_SKILL_03_000078,APP0025,C0025,M1_SKILL_03,,DISAGREEMENT_REMAINS,"{""difference_types"":[""EVALUATOR_DISAGREEMENT""],""disputed_evidence_ids"":[""EV_APP0025_PRE_ASSESSMENT_CODING_TEST_M1_SKILL_03""],""limited_evidence_ids"":[""EV_APP0025_FIRST_INTERVIEW_AI_CASE_M1_SKILL_03""],""meaningful_conflict_refs"":[],""missing_evidence_ids"":[],""reason"":""동일 근거에 대한 평가자 해석 차이를 해소할 직접 관찰이 부족하다."",""rubric_review"":""직접 관찰의 행동·검증을 검토하며 다른 맥락의 한계와 평가자 차이를 보존한다."",""supporting_observation_ids"":[]}",CALIBRATION_PANEL_01,2026-12-11T10:15:00+09:00,SYNTHETIC_HUMAN_SCENARIO,M1_EVIDENCE_RUBRIC_V02
DC_APP0025_M1_SKILL_04_000079,APP0025,C0025,M1_SKILL_04,LIMITED,AGREED,"{""difference_types"":[],""disputed_evidence_ids"":[],""limited_evidence_ids"":[""EV_APP0025_FIRST_INTERVIEW_PRACTITIONER_QA_M1_SKILL_04""],""meaningful_conflict_refs"":[],""missing_evidence_ids"":[],""reason"":""관찰된 직접 근거의 범위가 제한적이다. 자기기술만으로 보완하지 않는다."",""rubric_review"":""직접 관찰의 행동·검증을 검토하며 다른 맥락의 한계와 평가자 차이를 보존한다."",""supporting_observation_ids"":[""OB_FIRST_PANEL_03_ML_ENGINEER_EV_APP0025_FIRST_INTERVIEW_PRACTITIONER_QA_M1_SKILL_04"",""OB_FIRST_PANEL_03_HIRING_MANAGER_EV_APP0025_FIRST_INTERVIEW_PRACTITIONER_QA_M1_SKILL_04"",""OB_FIRST_PANEL_03_TECHNICAL_REVIEWER_EV_APP0025_FIRST_INTERVIEW_PRACTITIONER_QA_M1_SKILL_04""]}",CALIBRATION_PANEL_01,2026-12-11T10:15:00+09:00,SYNTHETIC_HUMAN_SCENARIO,M1_EVIDENCE_RUBRIC_V02
DC_APP0025_M1_SKILL_05_000080,APP0025,C0025,M1_SKILL_05,MODERATE,AGREED,"{""difference_types"":[],""disputed_evidence_ids"":[],""limited_evidence_ids"":[],""meaningful_conflict_refs"":[],""missing_evidence_ids"":[],""reason"":""동일 Skill의 독립된 직접 관찰로 수행 범위를 확인했다. 다른 맥락의 제한/모호성은 해당 근거의 한계로 보존한다."",""rubric_review"":""직접 관찰의 행동·검증을 검토하며 다른 맥락의 한계와 평가자 차이를 보존한다."",""supporting_observation_ids"":[""OB_FIRST_PANEL_03_ML_ENGINEER_EV_APP0025_FIRST_INTERVIEW_PRACTITIONER_QA_M1_SKILL_05"",""OB_FIRST_PANEL_03_HIRING_MANAGER_EV_APP0025_FIRST_INTERVIEW_PRACTITIONER_QA_M1_SKILL_05"",""OB_FIRST_PANEL_03_TECHNICAL_REVIEWER_EV_APP0025_FIRST_INTERVIEW_PRACTITIONER_QA_M1_SKILL_05""]}",CALIBRATION_PANEL_01,2026-12-11T10:15:00+09:00,SYNTHETIC_HUMAN_SCENARIO,M1_EVIDENCE_RUBRIC_V02
DC_APP0025_M1_SKILL_06_000081,APP0025,C0025,M1_SKILL_06,,DISAGREEMENT_REMAINS,"{""difference_types"":[""EVALUATOR_DISAGREEMENT""],""disputed_evidence_ids"":[""EV_APP0025_FIRST_INTERVIEW_PRACTITIONER_QA_M1_SKILL_06""],""limited_evidence_ids"":[],""meaningful_conflict_refs"":[],""missing_evidence_ids"":[],""reason"":""동일 근거에 대한 평가자 해석 차이를 해소할 직접 관찰이 부족하다."",""rubric_review"":""직접 관찰의 행동·검증을 검토하며 다른 맥락의 한계와 평가자 차이를 보존한다."",""supporting_observation_ids"":[]}",CALIBRATION_PANEL_01,2026-12-11T10:15:00+09:00,SYNTHETIC_HUMAN_SCENARIO,M1_EVIDENCE_RUBRIC_V02
DC_APP0025_M1_SKILL_07_000082,APP0025,C0025,M1_SKILL_07,MODERATE,AGREED,"{""difference_types"":[],""disputed_evidence_ids"":[],""limited_evidence_ids"":[],""meaningful_conflict_refs"":[],""missing_evidence_ids"":[],""reason"":""동일 Skill의 독립된 직접 관찰로 수행 범위를 확인했다. 다른 맥락의 제한/모호성은 해당 근거의 한계로 보존한다."",""rubric_review"":""직접 관찰의 행동·검증을 검토하며 다른 맥락의 한계와 평가자 차이를 보존한다."",""supporting_observation_ids"":[""OB_FIRST_PANEL_03_ML_ENGINEER_EV_APP0025_FIRST_INTERVIEW_TECHNICAL_ASSESSMENT_M1_SKILL_07"",""OB_FIRST_PANEL_03_HIRING_MANAGER_EV_APP0025_FIRST_INTERVIEW_TECHNICAL_ASSESSMENT_M1_SKILL_07"",""OB_FIRST_PANEL_03_TECHNICAL_REVIEWER_EV_APP0025_FIRST_INTERVIEW_TECHNICAL_ASSESSMENT_M1_SKILL_07""]}",CALIBRATION_PANEL_01,2026-12-11T10:15:00+09:00,SYNTHETIC_HUMAN_SCENARIO,M1_EVIDENCE_RUBRIC_V02
DC_APP0025_M1_SKILL_08_000083,APP0025,C0025,M1_SKILL_08,MODERATE,AGREED,"{""difference_types"":[],""disputed_evidence_ids"":[],""limited_evidence_ids"":[],""meaningful_conflict_refs"":[],""missing_evidence_ids"":[],""reason"":""동일 Skill의 독립된 직접 관찰로 수행 범위를 확인했다. 다른 맥락의 제한/모호성은 해당 근거의 한계로 보존한다."",""rubric_review"":""직접 관찰의 행동·검증을 검토하며 다른 맥락의 한계와 평가자 차이를 보존한다."",""supporting_observation_ids"":[""OB_FIRST_PANEL_03_ML_ENGINEER_EV_APP0025_FIRST_INTERVIEW_PRACTITIONER_QA_M1_SKILL_08"",""OB_FIRST_PANEL_03_HIRING_MANAGER_EV_APP0025_FIRST_INTERVIEW_PRACTITIONER_QA_M1_SKILL_08"",""OB_FIRST_PANEL_03_TECHNICAL_REVIEWER_EV_APP0025_FIRST_INTERVIEW_PRACTITIONER_QA_M1_SKILL_08""]}",CALIBRATION_PANEL_01,2026-12-11T10:15:00+09:00,SYNTHETIC_HUMAN_SCENARIO,M1_EVIDENCE_RUBRIC_V02
DC_APP0031_M1_SKILL_01_000084,APP0031,C0031,M1_SKILL_01,LIMITED,AGREED,"{""difference_types"":[],""disputed_evidence_ids"":[],""limited_evidence_ids"":[""EV_APP0031_FIRST_INTERVIEW_TECHNICAL_ASSESSMENT_M1_SKILL_01""],""meaningful_conflict_refs"":[],""missing_evidence_ids"":[""EV_APP0031_FIRST_INTERVIEW_AI_CASE_M1_SKILL_01""],""reason"":""관찰된 직접 근거의 범위가 제한적이다. 자기기술만으로 보완하지 않는다."",""rubric_review"":""직접 관찰의 행동·검증을 검토하며 다른 맥락의 한계와 평가자 차이를 보존한다."",""supporting_observation_ids"":[""OB_FIRST_PANEL_04_ML_ENGINEER_EV_APP0031_FIRST_INTERVIEW_TECHNICAL_ASSESSMENT_M1_SKILL_01"",""OB_FIRST_PANEL_04_HIRING_MANAGER_EV_APP0031_FIRST_INTERVIEW_TECHNICAL_ASSESSMENT_M1_SKILL_01"",""OB_FIRST_PANEL_04_TECHNICAL_REVIEWER_EV_APP0031_FIRST_INTERVIEW_TECHNICAL_ASSESSMENT_M1_SKILL_01""]}",CALIBRATION_PANEL_01,2026-12-13T10:15:00+09:00,SYNTHETIC_HUMAN_SCENARIO,M1_EVIDENCE_RUBRIC_V02
DC_APP0031_M1_SKILL_02_000085,APP0031,C0031,M1_SKILL_02,LIMITED,AGREED,"{""difference_types"":[],""disputed_evidence_ids"":[],""limited_evidence_ids"":[""EV_APP0031_FIRST_INTERVIEW_TECHNICAL_ASSESSMENT_M1_SKILL_02""],""meaningful_conflict_refs"":[],""missing_evidence_ids"":[],""reason"":""관찰된 직접 근거의 범위가 제한적이다. 자기기술만으로 보완하지 않는다."",""rubric_review"":""직접 관찰의 행동·검증을 검토하며 다른 맥락의 한계와 평가자 차이를 보존한다."",""supporting_observation_ids"":[""OB_FIRST_PANEL_04_ML_ENGINEER_EV_APP0031_FIRST_INTERVIEW_TECHNICAL_ASSESSMENT_M1_SKILL_02"",""OB_FIRST_PANEL_04_HIRING_MANAGER_EV_APP0031_FIRST_INTERVIEW_TECHNICAL_ASSESSMENT_M1_SKILL_02"",""OB_FIRST_PANEL_04_TECHNICAL_REVIEWER_EV_APP0031_FIRST_INTERVIEW_TECHNICAL_ASSESSMENT_M1_SKILL_02""]}",CALIBRATION_PANEL_01,2026-12-13T10:15:00+09:00,SYNTHETIC_HUMAN_SCENARIO,M1_EVIDENCE_RUBRIC_V02
DC_APP0031_M1_SKILL_03_000086,APP0031,C0031,M1_SKILL_03,MODERATE,AGREED,"{""difference_types"":[""EVIDENCE_EVOLUTION"",""EVALUATOR_DISAGREEMENT""],""disputed_evidence_ids"":[""EV_APP0031_PRE_ASSESSMENT_CODING_TEST_M1_SKILL_03""],""limited_evidence_ids"":[],""meaningful_conflict_refs"":[],""missing_evidence_ids"":[],""reason"":""동일 Skill의 독립된 직접 관찰로 수행 범위를 확인했다. 다른 맥락의 제한/모호성은 해당 근거의 한계로 보존한다."",""rubric_review"":""직접 관찰의 행동·검증을 검토하며 다른 맥락의 한계와 평가자 차이를 보존한다."",""supporting_observation_ids"":[""OB_FIRST_PANEL_04_ML_ENGINEER_EV_APP0031_FIRST_INTERVIEW_AI_CASE_M1_SKILL_03"",""OB_FIRST_PANEL_04_HIRING_MANAGER_EV_APP0031_FIRST_INTERVIEW_AI_CASE_M1_SKILL_03"",""OB_FIRST_PANEL_04_TECHNICAL_REVIEWER_EV_APP0031_FIRST_INTERVIEW_AI_CASE_M1_SKILL_03""]}",CALIBRATION_PANEL_01,2026-12-13T10:15:00+09:00,SYNTHETIC_HUMAN_SCENARIO,M1_EVIDENCE_RUBRIC_V02
DC_APP0031_M1_SKILL_04_000087,APP0031,C0031,M1_SKILL_04,,DISAGREEMENT_REMAINS,"{""difference_types"":[""EVALUATOR_DISAGREEMENT""],""disputed_evidence_ids"":[""EV_APP0031_FIRST_INTERVIEW_PRACTITIONER_QA_M1_SKILL_04""],""limited_evidence_ids"":[],""meaningful_conflict_refs"":[],""missing_evidence_ids"":[],""reason"":""동일 근거에 대한 평가자 해석 차이를 해소할 직접 관찰이 부족하다."",""rubric_review"":""직접 관찰의 행동·검증을 검토하며 다른 맥락의 한계와 평가자 차이를 보존한다."",""supporting_observation_ids"":[]}",CALIBRATION_PANEL_01,2026-12-13T10:15:00+09:00,SYNTHETIC_HUMAN_SCENARIO,M1_EVIDENCE_RUBRIC_V02
DC_APP0031_M1_SKILL_05_000088,APP0031,C0031,M1_SKILL_05,MODERATE,AGREED,"{""difference_types"":[],""disputed_evidence_ids"":[],""limited_evidence_ids"":[],""meaningful_conflict_refs"":[],""missing_evidence_ids"":[],""reason"":""동일 Skill의 독립된 직접 관찰로 수행 범위를 확인했다. 다른 맥락의 제한/모호성은 해당 근거의 한계로 보존한다."",""rubric_review"":""직접 관찰의 행동·검증을 검토하며 다른 맥락의 한계와 평가자 차이를 보존한다."",""supporting_observation_ids"":[""OB_FIRST_PANEL_04_ML_ENGINEER_EV_APP0031_FIRST_INTERVIEW_PRACTITIONER_QA_M1_SKILL_05"",""OB_FIRST_PANEL_04_HIRING_MANAGER_EV_APP0031_FIRST_INTERVIEW_PRACTITIONER_QA_M1_SKILL_05"",""OB_FIRST_PANEL_04_TECHNICAL_REVIEWER_EV_APP0031_FIRST_INTERVIEW_PRACTITIONER_QA_M1_SKILL_05""]}",CALIBRATION_PANEL_01,2026-12-13T10:15:00+09:00,SYNTHETIC_HUMAN_SCENARIO,M1_EVIDENCE_RUBRIC_V02
DC_APP0031_M1_SKILL_06_000089,APP0031,C0031,M1_SKILL_06,MODERATE,AGREED,"{""difference_types"":[],""disputed_evidence_ids"":[],""limited_evidence_ids"":[],""meaningful_conflict_refs"":[],""missing_evidence_ids"":[],""reason"":""동일 Skill의 독립된 직접 관찰로 수행 범위를 확인했다. 다른 맥락의 제한/모호성은 해당 근거의 한계로 보존한다."",""rubric_review"":""직접 관찰의 행동·검증을 검토하며 다른 맥락의 한계와 평가자 차이를 보존한다."",""supporting_observation_ids"":[""OB_FIRST_PANEL_04_ML_ENGINEER_EV_APP0031_FIRST_INTERVIEW_PRACTITIONER_QA_M1_SKILL_06"",""OB_FIRST_PANEL_04_HIRING_MANAGER_EV_APP0031_FIRST_INTERVIEW_PRACTITIONER_QA_M1_SKILL_06"",""OB_FIRST_PANEL_04_TECHNICAL_REVIEWER_EV_APP0031_FIRST_INTERVIEW_PRACTITIONER_QA_M1_SKILL_06""]}",CALIBRATION_PANEL_01,2026-12-13T10:15:00+09:00,SYNTHETIC_HUMAN_SCENARIO,M1_EVIDENCE_RUBRIC_V02
DC_APP0031_M1_SKILL_07_000090,APP0031,C0031,M1_SKILL_07,MODERATE,AGREED,"{""difference_types"":[],""disputed_evidence_ids"":[],""limited_evidence_ids"":[],""meaningful_conflict_refs"":[],""missing_evidence_ids"":[],""reason"":""동일 Skill의 독립된 직접 관찰로 수행 범위를 확인했다. 다른 맥락의 제한/모호성은 해당 근거의 한계로 보존한다."",""rubric_review"":""직접 관찰의 행동·검증을 검토하며 다른 맥락의 한계와 평가자 차이를 보존한다."",""supporting_observation_ids"":[""OB_FIRST_PANEL_04_ML_ENGINEER_EV_APP0031_FIRST_INTERVIEW_TECHNICAL_ASSESSMENT_M1_SKILL_07"",""OB_FIRST_PANEL_04_HIRING_MANAGER_EV_APP0031_FIRST_INTERVIEW_TECHNICAL_ASSESSMENT_M1_SKILL_07"",""OB_FIRST_PANEL_04_TECHNICAL_REVIEWER_EV_APP0031_FIRST_INTERVIEW_TECHNICAL_ASSESSMENT_M1_SKILL_07""]}",CALIBRATION_PANEL_01,2026-12-13T10:15:00+09:00,SYNTHETIC_HUMAN_SCENARIO,M1_EVIDENCE_RUBRIC_V02
DC_APP0031_M1_SKILL_08_000091,APP0031,C0031,M1_SKILL_08,LIMITED,AGREED,"{""difference_types"":[],""disputed_evidence_ids"":[],""limited_evidence_ids"":[""EV_APP0031_FIRST_INTERVIEW_PRACTITIONER_QA_M1_SKILL_08""],""meaningful_conflict_refs"":[],""missing_evidence_ids"":[],""reason"":""관찰된 직접 근거의 범위가 제한적이다. 자기기술만으로 보완하지 않는다."",""rubric_review"":""직접 관찰의 행동·검증을 검토하며 다른 맥락의 한계와 평가자 차이를 보존한다."",""supporting_observation_ids"":[""OB_FIRST_PANEL_04_ML_ENGINEER_EV_APP0031_FIRST_INTERVIEW_PRACTITIONER_QA_M1_SKILL_08"",""OB_FIRST_PANEL_04_HIRING_MANAGER_EV_APP0031_FIRST_INTERVIEW_PRACTITIONER_QA_M1_SKILL_08"",""OB_FIRST_PANEL_04_TECHNICAL_REVIEWER_EV_APP0031_FIRST_INTERVIEW_PRACTITIONER_QA_M1_SKILL_08""]}",CALIBRATION_PANEL_01,2026-12-13T10:15:00+09:00,SYNTHETIC_HUMAN_SCENARIO,M1_EVIDENCE_RUBRIC_V02
DC_APP0037_M1_SKILL_01_000092,APP0037,C0037,M1_SKILL_01,MODERATE,AGREED,"{""difference_types"":[""EVIDENCE_EVOLUTION""],""disputed_evidence_ids"":[],""limited_evidence_ids"":[],""meaningful_conflict_refs"":[],""missing_evidence_ids"":[""EV_APP0037_FIRST_INTERVIEW_AI_CASE_M1_SKILL_01""],""reason"":""동일 Skill의 독립된 직접 관찰로 수행 범위를 확인했다. 다른 맥락의 제한/모호성은 해당 근거의 한계로 보존한다."",""rubric_review"":""직접 관찰의 행동·검증을 검토하며 다른 맥락의 한계와 평가자 차이를 보존한다."",""supporting_observation_ids"":[""OB_FIRST_PANEL_05_ML_ENGINEER_EV_APP0037_FIRST_INTERVIEW_TECHNICAL_ASSESSMENT_M1_SKILL_01"",""OB_FIRST_PANEL_05_HIRING_MANAGER_EV_APP0037_FIRST_INTERVIEW_TECHNICAL_ASSESSMENT_M1_SKILL_01"",""OB_FIRST_PANEL_05_TECHNICAL_REVIEWER_EV_APP0037_FIRST_INTERVIEW_TECHNICAL_ASSESSMENT_M1_SKILL_01""]}",CALIBRATION_PANEL_01,2026-12-11T10:00:00+09:00,SYNTHETIC_HUMAN_SCENARIO,M1_EVIDENCE_RUBRIC_V02
DC_APP0037_M1_SKILL_02_000093,APP0037,C0037,M1_SKILL_02,MODERATE,AGREED,"{""difference_types"":[],""disputed_evidence_ids"":[],""limited_evidence_ids"":[],""meaningful_conflict_refs"":[],""missing_evidence_ids"":[],""reason"":""동일 Skill의 독립된 직접 관찰로 수행 범위를 확인했다. 다른 맥락의 제한/모호성은 해당 근거의 한계로 보존한다."",""rubric_review"":""직접 관찰의 행동·검증을 검토하며 다른 맥락의 한계와 평가자 차이를 보존한다."",""supporting_observation_ids"":[""OB_FIRST_PANEL_05_ML_ENGINEER_EV_APP0037_FIRST_INTERVIEW_TECHNICAL_ASSESSMENT_M1_SKILL_02"",""OB_FIRST_PANEL_05_HIRING_MANAGER_EV_APP0037_FIRST_INTERVIEW_TECHNICAL_ASSESSMENT_M1_SKILL_02"",""OB_FIRST_PANEL_05_TECHNICAL_REVIEWER_EV_APP0037_FIRST_INTERVIEW_TECHNICAL_ASSESSMENT_M1_SKILL_02""]}",CALIBRATION_PANEL_01,2026-12-11T10:00:00+09:00,SYNTHETIC_HUMAN_SCENARIO,M1_EVIDENCE_RUBRIC_V02
DC_APP0037_M1_SKILL_03_000094,APP0037,C0037,M1_SKILL_03,STRONG,AGREED,"{""difference_types"":[""EVIDENCE_EVOLUTION""],""disputed_evidence_ids"":[],""limited_evidence_ids"":[],""meaningful_conflict_refs"":[],""missing_evidence_ids"":[],""reason"":""동일 Skill의 독립된 직접 관찰로 수행 범위를 확인했다. 다른 맥락의 제한/모호성은 해당 근거의 한계로 보존한다."",""rubric_review"":""직접 관찰의 행동·검증을 검토하며 다른 맥락의 한계와 평가자 차이를 보존한다."",""supporting_observation_ids"":[""OB_REVIEW_ML_01_EV_APP0037_PRE_ASSESSMENT_CODING_TEST_M1_SKILL_03"",""OB_REVIEW_HM_01_EV_APP0037_PRE_ASSESSMENT_CODING_TEST_M1_SKILL_03"",""OB_FIRST_PANEL_05_ML_ENGINEER_EV_APP0037_FIRST_INTERVIEW_AI_CASE_M1_SKILL_03"",""OB_FIRST_PANEL_05_HIRING_MANAGER_EV_APP0037_FIRST_INTERVIEW_AI_CASE_M1_SKILL_03"",""OB_FIRST_PANEL_05_TECHNICAL_REVIEWER_EV_APP0037_FIRST_INTERVIEW_AI_CASE_M1_SKILL_03""]}",CALIBRATION_PANEL_01,2026-12-11T10:00:00+09:00,SYNTHETIC_HUMAN_SCENARIO,M1_EVIDENCE_RUBRIC_V02
DC_APP0037_M1_SKILL_04_000095,APP0037,C0037,M1_SKILL_04,MODERATE,AGREED,"{""difference_types"":[],""disputed_evidence_ids"":[],""limited_evidence_ids"":[],""meaningful_conflict_refs"":[],""missing_evidence_ids"":[],""reason"":""동일 Skill의 독립된 직접 관찰로 수행 범위를 확인했다. 다른 맥락의 제한/모호성은 해당 근거의 한계로 보존한다."",""rubric_review"":""직접 관찰의 행동·검증을 검토하며 다른 맥락의 한계와 평가자 차이를 보존한다."",""supporting_observation_ids"":[""OB_FIRST_PANEL_05_ML_ENGINEER_EV_APP0037_FIRST_INTERVIEW_PRACTITIONER_QA_M1_SKILL_04"",""OB_FIRST_PANEL_05_HIRING_MANAGER_EV_APP0037_FIRST_INTERVIEW_PRACTITIONER_QA_M1_SKILL_04"",""OB_FIRST_PANEL_05_TECHNICAL_REVIEWER_EV_APP0037_FIRST_INTERVIEW_PRACTITIONER_QA_M1_SKILL_04""]}",CALIBRATION_PANEL_01,2026-12-11T10:00:00+09:00,SYNTHETIC_HUMAN_SCENARIO,M1_EVIDENCE_RUBRIC_V02
DC_APP0037_M1_SKILL_05_000096,APP0037,C0037,M1_SKILL_05,,INSUFFICIENT_EVIDENCE,"{""difference_types"":[],""disputed_evidence_ids"":[],""limited_evidence_ids"":[],""meaningful_conflict_refs"":[],""missing_evidence_ids"":[""EV_APP0037_FIRST_INTERVIEW_PRACTITIONER_QA_M1_SKILL_05""],""reason"":""직접 판단 근거 부족. 미관찰을 역량 부재로 해석하지 않는다."",""rubric_review"":""직접 관찰의 행동·검증을 검토하며 다른 맥락의 한계와 평가자 차이를 보존한다."",""supporting_observation_ids"":[]}",CALIBRATION_PANEL_01,2026-12-11T10:00:00+09:00,SYNTHETIC_HUMAN_SCENARIO,M1_EVIDENCE_RUBRIC_V02
DC_APP0037_M1_SKILL_06_000097,APP0037,C0037,M1_SKILL_06,STRONG,AGREED,"{""difference_types"":[],""disputed_evidence_ids"":[],""limited_evidence_ids"":[],""meaningful_conflict_refs"":[],""missing_evidence_ids"":[],""reason"":""동일 Skill의 독립된 직접 관찰로 수행 범위를 확인했다. 다른 맥락의 제한/모호성은 해당 근거의 한계로 보존한다."",""rubric_review"":""직접 관찰의 행동·검증을 검토하며 다른 맥락의 한계와 평가자 차이를 보존한다."",""supporting_observation_ids"":[""OB_FIRST_PANEL_05_ML_ENGINEER_EV_APP0037_FIRST_INTERVIEW_PRACTITIONER_QA_M1_SKILL_06"",""OB_FIRST_PANEL_05_HIRING_MANAGER_EV_APP0037_FIRST_INTERVIEW_PRACTITIONER_QA_M1_SKILL_06"",""OB_FIRST_PANEL_05_TECHNICAL_REVIEWER_EV_APP0037_FIRST_INTERVIEW_PRACTITIONER_QA_M1_SKILL_06""]}",CALIBRATION_PANEL_01,2026-12-11T10:00:00+09:00,SYNTHETIC_HUMAN_SCENARIO,M1_EVIDENCE_RUBRIC_V02
DC_APP0037_M1_SKILL_07_000098,APP0037,C0037,M1_SKILL_07,MODERATE,AGREED,"{""difference_types"":[],""disputed_evidence_ids"":[],""limited_evidence_ids"":[],""meaningful_conflict_refs"":[],""missing_evidence_ids"":[],""reason"":""동일 Skill의 독립된 직접 관찰로 수행 범위를 확인했다. 다른 맥락의 제한/모호성은 해당 근거의 한계로 보존한다."",""rubric_review"":""직접 관찰의 행동·검증을 검토하며 다른 맥락의 한계와 평가자 차이를 보존한다."",""supporting_observation_ids"":[""OB_FIRST_PANEL_05_ML_ENGINEER_EV_APP0037_FIRST_INTERVIEW_TECHNICAL_ASSESSMENT_M1_SKILL_07"",""OB_FIRST_PANEL_05_HIRING_MANAGER_EV_APP0037_FIRST_INTERVIEW_TECHNICAL_ASSESSMENT_M1_SKILL_07"",""OB_FIRST_PANEL_05_TECHNICAL_REVIEWER_EV_APP0037_FIRST_INTERVIEW_TECHNICAL_ASSESSMENT_M1_SKILL_07""]}",CALIBRATION_PANEL_01,2026-12-11T10:00:00+09:00,SYNTHETIC_HUMAN_SCENARIO,M1_EVIDENCE_RUBRIC_V02
DC_APP0037_M1_SKILL_08_000099,APP0037,C0037,M1_SKILL_08,LIMITED,AGREED,"{""difference_types"":[],""disputed_evidence_ids"":[],""limited_evidence_ids"":[""EV_APP0037_FIRST_INTERVIEW_PRACTITIONER_QA_M1_SKILL_08""],""meaningful_conflict_refs"":[],""missing_evidence_ids"":[],""reason"":""관찰된 직접 근거의 범위가 제한적이다. 자기기술만으로 보완하지 않는다."",""rubric_review"":""직접 관찰의 행동·검증을 검토하며 다른 맥락의 한계와 평가자 차이를 보존한다."",""supporting_observation_ids"":[""OB_FIRST_PANEL_05_ML_ENGINEER_EV_APP0037_FIRST_INTERVIEW_PRACTITIONER_QA_M1_SKILL_08"",""OB_FIRST_PANEL_05_HIRING_MANAGER_EV_APP0037_FIRST_INTERVIEW_PRACTITIONER_QA_M1_SKILL_08"",""OB_FIRST_PANEL_05_TECHNICAL_REVIEWER_EV_APP0037_FIRST_INTERVIEW_PRACTITIONER_QA_M1_SKILL_08""]}",CALIBRATION_PANEL_01,2026-12-11T10:00:00+09:00,SYNTHETIC_HUMAN_SCENARIO,M1_EVIDENCE_RUBRIC_V02
DC_APP0039_M1_SKILL_01_000100,APP0039,C0039,M1_SKILL_01,MODERATE,AGREED,"{""difference_types"":[""EVIDENCE_EVOLUTION""],""disputed_evidence_ids"":[],""limited_evidence_ids"":[],""meaningful_conflict_refs"":[],""missing_evidence_ids"":[],""reason"":""동일 Skill의 독립된 직접 관찰로 수행 범위를 확인했다. 다른 맥락의 제한/모호성은 해당 근거의 한계로 보존한다."",""rubric_review"":""직접 관찰의 행동·검증을 검토하며 다른 맥락의 한계와 평가자 차이를 보존한다."",""supporting_observation_ids"":[""OB_FIRST_PANEL_06_ML_ENGINEER_EV_APP0039_FIRST_INTERVIEW_TECHNICAL_ASSESSMENT_M1_SKILL_01"",""OB_FIRST_PANEL_06_HIRING_MANAGER_EV_APP0039_FIRST_INTERVIEW_TECHNICAL_ASSESSMENT_M1_SKILL_01"",""OB_FIRST_PANEL_06_TECHNICAL_REVIEWER_EV_APP0039_FIRST_INTERVIEW_TECHNICAL_ASSESSMENT_M1_SKILL_01"",""OB_FIRST_PANEL_06_ML_ENGINEER_EV_APP0039_FIRST_INTERVIEW_AI_CASE_M1_SKILL_01"",""OB_FIRST_PANEL_06_HIRING_MANAGER_EV_APP0039_FIRST_INTERVIEW_AI_CASE_M1_SKILL_01"",""OB_FIRST_PANEL_06_TECHNICAL_REVIEWER_EV_APP0039_FIRST_INTERVIEW_AI_CASE_M1_SKILL_01""]}",CALIBRATION_PANEL_01,2026-12-13T10:00:00+09:00,SYNTHETIC_HUMAN_SCENARIO,M1_EVIDENCE_RUBRIC_V02
DC_APP0039_M1_SKILL_02_000101,APP0039,C0039,M1_SKILL_02,LIMITED,AGREED,"{""difference_types"":[],""disputed_evidence_ids"":[],""limited_evidence_ids"":[""EV_APP0039_FIRST_INTERVIEW_TECHNICAL_ASSESSMENT_M1_SKILL_02""],""meaningful_conflict_refs"":[],""missing_evidence_ids"":[],""reason"":""관찰된 직접 근거의 범위가 제한적이다. 자기기술만으로 보완하지 않는다."",""rubric_review"":""직접 관찰의 행동·검증을 검토하며 다른 맥락의 한계와 평가자 차이를 보존한다."",""supporting_observation_ids"":[""OB_FIRST_PANEL_06_ML_ENGINEER_EV_APP0039_FIRST_INTERVIEW_TECHNICAL_ASSESSMENT_M1_SKILL_02"",""OB_FIRST_PANEL_06_HIRING_MANAGER_EV_APP0039_FIRST_INTERVIEW_TECHNICAL_ASSESSMENT_M1_SKILL_02"",""OB_FIRST_PANEL_06_TECHNICAL_REVIEWER_EV_APP0039_FIRST_INTERVIEW_TECHNICAL_ASSESSMENT_M1_SKILL_02""]}",CALIBRATION_PANEL_01,2026-12-13T10:00:00+09:00,SYNTHETIC_HUMAN_SCENARIO,M1_EVIDENCE_RUBRIC_V02
DC_APP0039_M1_SKILL_03_000102,APP0039,C0039,M1_SKILL_03,MODERATE,AGREED,"{""difference_types"":[""EVIDENCE_EVOLUTION"",""EVALUATOR_DISAGREEMENT""],""disputed_evidence_ids"":[""EV_APP0039_PRE_ASSESSMENT_CODING_TEST_M1_SKILL_03""],""limited_evidence_ids"":[],""meaningful_conflict_refs"":[],""missing_evidence_ids"":[],""reason"":""동일 Skill의 독립된 직접 관찰로 수행 범위를 확인했다. 다른 맥락의 제한/모호성은 해당 근거의 한계로 보존한다."",""rubric_review"":""직접 관찰의 행동·검증을 검토하며 다른 맥락의 한계와 평가자 차이를 보존한다."",""supporting_observation_ids"":[""OB_FIRST_PANEL_06_ML_ENGINEER_EV_APP0039_FIRST_INTERVIEW_AI_CASE_M1_SKILL_03"",""OB_FIRST_PANEL_06_HIRING_MANAGER_EV_APP0039_FIRST_INTERVIEW_AI_CASE_M1_SKILL_03"",""OB_FIRST_PANEL_06_TECHNICAL_REVIEWER_EV_APP0039_FIRST_INTERVIEW_AI_CASE_M1_SKILL_03""]}",CALIBRATION_PANEL_01,2026-12-13T10:00:00+09:00,SYNTHETIC_HUMAN_SCENARIO,M1_EVIDENCE_RUBRIC_V02
DC_APP0039_M1_SKILL_04_000103,APP0039,C0039,M1_SKILL_04,,INSUFFICIENT_EVIDENCE,"{""difference_types"":[],""disputed_evidence_ids"":[],""limited_evidence_ids"":[],""meaningful_conflict_refs"":[],""missing_evidence_ids"":[""EV_APP0039_FIRST_INTERVIEW_PRACTITIONER_QA_M1_SKILL_04""],""reason"":""직접 판단 근거 부족. 미관찰을 역량 부재로 해석하지 않는다."",""rubric_review"":""직접 관찰의 행동·검증을 검토하며 다른 맥락의 한계와 평가자 차이를 보존한다."",""supporting_observation_ids"":[]}",CALIBRATION_PANEL_01,2026-12-13T10:00:00+09:00,SYNTHETIC_HUMAN_SCENARIO,M1_EVIDENCE_RUBRIC_V02
DC_APP0039_M1_SKILL_05_000104,APP0039,C0039,M1_SKILL_05,MODERATE,AGREED,"{""difference_types"":[],""disputed_evidence_ids"":[],""limited_evidence_ids"":[],""meaningful_conflict_refs"":[],""missing_evidence_ids"":[],""reason"":""동일 Skill의 독립된 직접 관찰로 수행 범위를 확인했다. 다른 맥락의 제한/모호성은 해당 근거의 한계로 보존한다."",""rubric_review"":""직접 관찰의 행동·검증을 검토하며 다른 맥락의 한계와 평가자 차이를 보존한다."",""supporting_observation_ids"":[""OB_FIRST_PANEL_06_ML_ENGINEER_EV_APP0039_FIRST_INTERVIEW_PRACTITIONER_QA_M1_SKILL_05"",""OB_FIRST_PANEL_06_HIRING_MANAGER_EV_APP0039_FIRST_INTERVIEW_PRACTITIONER_QA_M1_SKILL_05"",""OB_FIRST_PANEL_06_TECHNICAL_REVIEWER_EV_APP0039_FIRST_INTERVIEW_PRACTITIONER_QA_M1_SKILL_05""]}",CALIBRATION_PANEL_01,2026-12-13T10:00:00+09:00,SYNTHETIC_HUMAN_SCENARIO,M1_EVIDENCE_RUBRIC_V02
DC_APP0039_M1_SKILL_06_000105,APP0039,C0039,M1_SKILL_06,MODERATE,AGREED,"{""difference_types"":[],""disputed_evidence_ids"":[],""limited_evidence_ids"":[],""meaningful_conflict_refs"":[],""missing_evidence_ids"":[],""reason"":""동일 Skill의 독립된 직접 관찰로 수행 범위를 확인했다. 다른 맥락의 제한/모호성은 해당 근거의 한계로 보존한다."",""rubric_review"":""직접 관찰의 행동·검증을 검토하며 다른 맥락의 한계와 평가자 차이를 보존한다."",""supporting_observation_ids"":[""OB_FIRST_PANEL_06_ML_ENGINEER_EV_APP0039_FIRST_INTERVIEW_PRACTITIONER_QA_M1_SKILL_06"",""OB_FIRST_PANEL_06_HIRING_MANAGER_EV_APP0039_FIRST_INTERVIEW_PRACTITIONER_QA_M1_SKILL_06"",""OB_FIRST_PANEL_06_TECHNICAL_REVIEWER_EV_APP0039_FIRST_INTERVIEW_PRACTITIONER_QA_M1_SKILL_06""]}",CALIBRATION_PANEL_01,2026-12-13T10:00:00+09:00,SYNTHETIC_HUMAN_SCENARIO,M1_EVIDENCE_RUBRIC_V02
DC_APP0039_M1_SKILL_07_000106,APP0039,C0039,M1_SKILL_07,,INSUFFICIENT_EVIDENCE,"{""difference_types"":[],""disputed_evidence_ids"":[],""limited_evidence_ids"":[],""meaningful_conflict_refs"":[],""missing_evidence_ids"":[""EV_APP0039_FIRST_INTERVIEW_TECHNICAL_ASSESSMENT_M1_SKILL_07""],""reason"":""직접 판단 근거 부족. 미관찰을 역량 부재로 해석하지 않는다."",""rubric_review"":""직접 관찰의 행동·검증을 검토하며 다른 맥락의 한계와 평가자 차이를 보존한다."",""supporting_observation_ids"":[]}",CALIBRATION_PANEL_01,2026-12-13T10:00:00+09:00,SYNTHETIC_HUMAN_SCENARIO,M1_EVIDENCE_RUBRIC_V02
DC_APP0039_M1_SKILL_08_000107,APP0039,C0039,M1_SKILL_08,LIMITED,AGREED,"{""difference_types"":[],""disputed_evidence_ids"":[],""limited_evidence_ids"":[""EV_APP0039_FIRST_INTERVIEW_PRACTITIONER_QA_M1_SKILL_08""],""meaningful_conflict_refs"":[],""missing_evidence_ids"":[],""reason"":""관찰된 직접 근거의 범위가 제한적이다. 자기기술만으로 보완하지 않는다."",""rubric_review"":""직접 관찰의 행동·검증을 검토하며 다른 맥락의 한계와 평가자 차이를 보존한다."",""supporting_observation_ids"":[""OB_FIRST_PANEL_06_ML_ENGINEER_EV_APP0039_FIRST_INTERVIEW_PRACTITIONER_QA_M1_SKILL_08"",""OB_FIRST_PANEL_06_HIRING_MANAGER_EV_APP0039_FIRST_INTERVIEW_PRACTITIONER_QA_M1_SKILL_08"",""OB_FIRST_PANEL_06_TECHNICAL_REVIEWER_EV_APP0039_FIRST_INTERVIEW_PRACTITIONER_QA_M1_SKILL_08""]}",CALIBRATION_PANEL_01,2026-12-13T10:00:00+09:00,SYNTHETIC_HUMAN_SCENARIO,M1_EVIDENCE_RUBRIC_V02
DC_APP0046_M1_SKILL_01_000108,APP0046,C0046,M1_SKILL_01,STRONG,AGREED,"{""difference_types"":[""EVIDENCE_EVOLUTION""],""disputed_evidence_ids"":[],""limited_evidence_ids"":[],""meaningful_conflict_refs"":[],""missing_evidence_ids"":[],""reason"":""동일 Skill의 독립된 직접 관찰로 수행 범위를 확인했다. 다른 맥락의 제한/모호성은 해당 근거의 한계로 보존한다."",""rubric_review"":""직접 관찰의 행동·검증을 검토하며 다른 맥락의 한계와 평가자 차이를 보존한다."",""supporting_observation_ids"":[""OB_FIRST_PANEL_07_ML_ENGINEER_EV_APP0046_FIRST_INTERVIEW_TECHNICAL_ASSESSMENT_M1_SKILL_01"",""OB_FIRST_PANEL_07_HIRING_MANAGER_EV_APP0046_FIRST_INTERVIEW_TECHNICAL_ASSESSMENT_M1_SKILL_01"",""OB_FIRST_PANEL_07_TECHNICAL_REVIEWER_EV_APP0046_FIRST_INTERVIEW_TECHNICAL_ASSESSMENT_M1_SKILL_01"",""OB_FIRST_PANEL_07_ML_ENGINEER_EV_APP0046_FIRST_INTERVIEW_AI_CASE_M1_SKILL_01"",""OB_FIRST_PANEL_07_HIRING_MANAGER_EV_APP0046_FIRST_INTERVIEW_AI_CASE_M1_SKILL_01"",""OB_FIRST_PANEL_07_TECHNICAL_REVIEWER_EV_APP0046_FIRST_INTERVIEW_AI_CASE_M1_SKILL_01""]}",CALIBRATION_PANEL_01,2026-12-13T10:15:00+09:00,SYNTHETIC_HUMAN_SCENARIO,M1_EVIDENCE_RUBRIC_V02
DC_APP0046_M1_SKILL_02_000109,APP0046,C0046,M1_SKILL_02,STRONG,AGREED,"{""difference_types"":[],""disputed_evidence_ids"":[],""limited_evidence_ids"":[],""meaningful_conflict_refs"":[],""missing_evidence_ids"":[],""reason"":""동일 Skill의 독립된 직접 관찰로 수행 범위를 확인했다. 다른 맥락의 제한/모호성은 해당 근거의 한계로 보존한다."",""rubric_review"":""직접 관찰의 행동·검증을 검토하며 다른 맥락의 한계와 평가자 차이를 보존한다."",""supporting_observation_ids"":[""OB_FIRST_PANEL_07_ML_ENGINEER_EV_APP0046_FIRST_INTERVIEW_TECHNICAL_ASSESSMENT_M1_SKILL_02"",""OB_FIRST_PANEL_07_HIRING_MANAGER_EV_APP0046_FIRST_INTERVIEW_TECHNICAL_ASSESSMENT_M1_SKILL_02"",""OB_FIRST_PANEL_07_TECHNICAL_REVIEWER_EV_APP0046_FIRST_INTERVIEW_TECHNICAL_ASSESSMENT_M1_SKILL_02""]}",CALIBRATION_PANEL_01,2026-12-13T10:15:00+09:00,SYNTHETIC_HUMAN_SCENARIO,M1_EVIDENCE_RUBRIC_V02
DC_APP0046_M1_SKILL_03_000110,APP0046,C0046,M1_SKILL_03,MODERATE,AGREED,"{""difference_types"":[""EVIDENCE_EVOLUTION""],""disputed_evidence_ids"":[],""limited_evidence_ids"":[],""meaningful_conflict_refs"":[],""missing_evidence_ids"":[],""reason"":""동일 Skill의 독립된 직접 관찰로 수행 범위를 확인했다. 다른 맥락의 제한/모호성은 해당 근거의 한계로 보존한다."",""rubric_review"":""직접 관찰의 행동·검증을 검토하며 다른 맥락의 한계와 평가자 차이를 보존한다."",""supporting_observation_ids"":[""OB_REVIEW_ML_01_EV_APP0046_PRE_ASSESSMENT_CODING_TEST_M1_SKILL_03"",""OB_REVIEW_HM_01_EV_APP0046_PRE_ASSESSMENT_CODING_TEST_M1_SKILL_03"",""OB_FIRST_PANEL_07_ML_ENGINEER_EV_APP0046_FIRST_INTERVIEW_AI_CASE_M1_SKILL_03"",""OB_FIRST_PANEL_07_HIRING_MANAGER_EV_APP0046_FIRST_INTERVIEW_AI_CASE_M1_SKILL_03"",""OB_FIRST_PANEL_07_TECHNICAL_REVIEWER_EV_APP0046_FIRST_INTERVIEW_AI_CASE_M1_SKILL_03""]}",CALIBRATION_PANEL_01,2026-12-13T10:15:00+09:00,SYNTHETIC_HUMAN_SCENARIO,M1_EVIDENCE_RUBRIC_V02
DC_APP0046_M1_SKILL_04_000111,APP0046,C0046,M1_SKILL_04,,DISAGREEMENT_REMAINS,"{""difference_types"":[""EVALUATOR_DISAGREEMENT""],""disputed_evidence_ids"":[""EV_APP0046_FIRST_INTERVIEW_PRACTITIONER_QA_M1_SKILL_04""],""limited_evidence_ids"":[],""meaningful_conflict_refs"":[],""missing_evidence_ids"":[],""reason"":""동일 근거에 대한 평가자 해석 차이를 해소할 직접 관찰이 부족하다."",""rubric_review"":""직접 관찰의 행동·검증을 검토하며 다른 맥락의 한계와 평가자 차이를 보존한다."",""supporting_observation_ids"":[]}",CALIBRATION_PANEL_01,2026-12-13T10:15:00+09:00,SYNTHETIC_HUMAN_SCENARIO,M1_EVIDENCE_RUBRIC_V02
DC_APP0046_M1_SKILL_05_000112,APP0046,C0046,M1_SKILL_05,MODERATE,AGREED,"{""difference_types"":[],""disputed_evidence_ids"":[],""limited_evidence_ids"":[],""meaningful_conflict_refs"":[],""missing_evidence_ids"":[],""reason"":""동일 Skill의 독립된 직접 관찰로 수행 범위를 확인했다. 다른 맥락의 제한/모호성은 해당 근거의 한계로 보존한다."",""rubric_review"":""직접 관찰의 행동·검증을 검토하며 다른 맥락의 한계와 평가자 차이를 보존한다."",""supporting_observation_ids"":[""OB_FIRST_PANEL_07_ML_ENGINEER_EV_APP0046_FIRST_INTERVIEW_PRACTITIONER_QA_M1_SKILL_05"",""OB_FIRST_PANEL_07_HIRING_MANAGER_EV_APP0046_FIRST_INTERVIEW_PRACTITIONER_QA_M1_SKILL_05"",""OB_FIRST_PANEL_07_TECHNICAL_REVIEWER_EV_APP0046_FIRST_INTERVIEW_PRACTITIONER_QA_M1_SKILL_05""]}",CALIBRATION_PANEL_01,2026-12-13T10:15:00+09:00,SYNTHETIC_HUMAN_SCENARIO,M1_EVIDENCE_RUBRIC_V02
DC_APP0046_M1_SKILL_06_000113,APP0046,C0046,M1_SKILL_06,MODERATE,AGREED,"{""difference_types"":[],""disputed_evidence_ids"":[],""limited_evidence_ids"":[],""meaningful_conflict_refs"":[],""missing_evidence_ids"":[],""reason"":""동일 Skill의 독립된 직접 관찰로 수행 범위를 확인했다. 다른 맥락의 제한/모호성은 해당 근거의 한계로 보존한다."",""rubric_review"":""직접 관찰의 행동·검증을 검토하며 다른 맥락의 한계와 평가자 차이를 보존한다."",""supporting_observation_ids"":[""OB_FIRST_PANEL_07_ML_ENGINEER_EV_APP0046_FIRST_INTERVIEW_PRACTITIONER_QA_M1_SKILL_06"",""OB_FIRST_PANEL_07_HIRING_MANAGER_EV_APP0046_FIRST_INTERVIEW_PRACTITIONER_QA_M1_SKILL_06"",""OB_FIRST_PANEL_07_TECHNICAL_REVIEWER_EV_APP0046_FIRST_INTERVIEW_PRACTITIONER_QA_M1_SKILL_06""]}",CALIBRATION_PANEL_01,2026-12-13T10:15:00+09:00,SYNTHETIC_HUMAN_SCENARIO,M1_EVIDENCE_RUBRIC_V02
DC_APP0046_M1_SKILL_07_000114,APP0046,C0046,M1_SKILL_07,MODERATE,AGREED,"{""difference_types"":[],""disputed_evidence_ids"":[],""limited_evidence_ids"":[],""meaningful_conflict_refs"":[],""missing_evidence_ids"":[],""reason"":""동일 Skill의 독립된 직접 관찰로 수행 범위를 확인했다. 다른 맥락의 제한/모호성은 해당 근거의 한계로 보존한다."",""rubric_review"":""직접 관찰의 행동·검증을 검토하며 다른 맥락의 한계와 평가자 차이를 보존한다."",""supporting_observation_ids"":[""OB_FIRST_PANEL_07_ML_ENGINEER_EV_APP0046_FIRST_INTERVIEW_TECHNICAL_ASSESSMENT_M1_SKILL_07"",""OB_FIRST_PANEL_07_HIRING_MANAGER_EV_APP0046_FIRST_INTERVIEW_TECHNICAL_ASSESSMENT_M1_SKILL_07"",""OB_FIRST_PANEL_07_TECHNICAL_REVIEWER_EV_APP0046_FIRST_INTERVIEW_TECHNICAL_ASSESSMENT_M1_SKILL_07""]}",CALIBRATION_PANEL_01,2026-12-13T10:15:00+09:00,SYNTHETIC_HUMAN_SCENARIO,M1_EVIDENCE_RUBRIC_V02
DC_APP0046_M1_SKILL_08_000115,APP0046,C0046,M1_SKILL_08,,INSUFFICIENT_EVIDENCE,"{""difference_types"":[],""disputed_evidence_ids"":[],""limited_evidence_ids"":[],""meaningful_conflict_refs"":[],""missing_evidence_ids"":[""EV_APP0046_FIRST_INTERVIEW_PRACTITIONER_QA_M1_SKILL_08""],""reason"":""직접 판단 근거 부족. 미관찰을 역량 부재로 해석하지 않는다."",""rubric_review"":""직접 관찰의 행동·검증을 검토하며 다른 맥락의 한계와 평가자 차이를 보존한다."",""supporting_observation_ids"":[]}",CALIBRATION_PANEL_01,2026-12-13T10:15:00+09:00,SYNTHETIC_HUMAN_SCENARIO,M1_EVIDENCE_RUBRIC_V02
DC_APP0056_M1_SKILL_01_000116,APP0056,C0056,M1_SKILL_01,STRONG,AGREED,"{""difference_types"":[""EVIDENCE_EVOLUTION""],""disputed_evidence_ids"":[],""limited_evidence_ids"":[],""meaningful_conflict_refs"":[],""missing_evidence_ids"":[""EV_APP0056_FIRST_INTERVIEW_AI_CASE_M1_SKILL_01""],""reason"":""동일 Skill의 독립된 직접 관찰로 수행 범위를 확인했다. 다른 맥락의 제한/모호성은 해당 근거의 한계로 보존한다."",""rubric_review"":""직접 관찰의 행동·검증을 검토하며 다른 맥락의 한계와 평가자 차이를 보존한다."",""supporting_observation_ids"":[""OB_FIRST_PANEL_09_ML_ENGINEER_EV_APP0056_FIRST_INTERVIEW_TECHNICAL_ASSESSMENT_M1_SKILL_01"",""OB_FIRST_PANEL_09_HIRING_MANAGER_EV_APP0056_FIRST_INTERVIEW_TECHNICAL_ASSESSMENT_M1_SKILL_01"",""OB_FIRST_PANEL_09_TECHNICAL_REVIEWER_EV_APP0056_FIRST_INTERVIEW_TECHNICAL_ASSESSMENT_M1_SKILL_01""]}",CALIBRATION_PANEL_01,2026-12-15T10:15:00+09:00,SYNTHETIC_HUMAN_SCENARIO,M1_EVIDENCE_RUBRIC_V02
DC_APP0056_M1_SKILL_02_000117,APP0056,C0056,M1_SKILL_02,MODERATE,AGREED,"{""difference_types"":[],""disputed_evidence_ids"":[],""limited_evidence_ids"":[],""meaningful_conflict_refs"":[],""missing_evidence_ids"":[],""reason"":""동일 Skill의 독립된 직접 관찰로 수행 범위를 확인했다. 다른 맥락의 제한/모호성은 해당 근거의 한계로 보존한다."",""rubric_review"":""직접 관찰의 행동·검증을 검토하며 다른 맥락의 한계와 평가자 차이를 보존한다."",""supporting_observation_ids"":[""OB_FIRST_PANEL_09_ML_ENGINEER_EV_APP0056_FIRST_INTERVIEW_TECHNICAL_ASSESSMENT_M1_SKILL_02"",""OB_FIRST_PANEL_09_HIRING_MANAGER_EV_APP0056_FIRST_INTERVIEW_TECHNICAL_ASSESSMENT_M1_SKILL_02"",""OB_FIRST_PANEL_09_TECHNICAL_REVIEWER_EV_APP0056_FIRST_INTERVIEW_TECHNICAL_ASSESSMENT_M1_SKILL_02""]}",CALIBRATION_PANEL_01,2026-12-15T10:15:00+09:00,SYNTHETIC_HUMAN_SCENARIO,M1_EVIDENCE_RUBRIC_V02
DC_APP0056_M1_SKILL_03_000118,APP0056,C0056,M1_SKILL_03,MODERATE,AGREED,"{""difference_types"":[""EVIDENCE_EVOLUTION"",""EVALUATOR_DISAGREEMENT""],""disputed_evidence_ids"":[""EV_APP0056_PRE_ASSESSMENT_CODING_TEST_M1_SKILL_03""],""limited_evidence_ids"":[],""meaningful_conflict_refs"":[],""missing_evidence_ids"":[],""reason"":""동일 Skill의 독립된 직접 관찰로 수행 범위를 확인했다. 다른 맥락의 제한/모호성은 해당 근거의 한계로 보존한다."",""rubric_review"":""직접 관찰의 행동·검증을 검토하며 다른 맥락의 한계와 평가자 차이를 보존한다."",""supporting_observation_ids"":[""OB_FIRST_PANEL_09_ML_ENGINEER_EV_APP0056_FIRST_INTERVIEW_AI_CASE_M1_SKILL_03"",""OB_FIRST_PANEL_09_HIRING_MANAGER_EV_APP0056_FIRST_INTERVIEW_AI_CASE_M1_SKILL_03"",""OB_FIRST_PANEL_09_TECHNICAL_REVIEWER_EV_APP0056_FIRST_INTERVIEW_AI_CASE_M1_SKILL_03""]}",CALIBRATION_PANEL_01,2026-12-15T10:15:00+09:00,SYNTHETIC_HUMAN_SCENARIO,M1_EVIDENCE_RUBRIC_V02
DC_APP0056_M1_SKILL_04_000119,APP0056,C0056,M1_SKILL_04,,DISAGREEMENT_REMAINS,"{""difference_types"":[""EVALUATOR_DISAGREEMENT""],""disputed_evidence_ids"":[""EV_APP0056_FIRST_INTERVIEW_PRACTITIONER_QA_M1_SKILL_04""],""limited_evidence_ids"":[],""meaningful_conflict_refs"":[],""missing_evidence_ids"":[],""reason"":""동일 근거에 대한 평가자 해석 차이를 해소할 직접 관찰이 부족하다."",""rubric_review"":""직접 관찰의 행동·검증을 검토하며 다른 맥락의 한계와 평가자 차이를 보존한다."",""supporting_observation_ids"":[]}",CALIBRATION_PANEL_01,2026-12-15T10:15:00+09:00,SYNTHETIC_HUMAN_SCENARIO,M1_EVIDENCE_RUBRIC_V02
DC_APP0056_M1_SKILL_05_000120,APP0056,C0056,M1_SKILL_05,,DISAGREEMENT_REMAINS,"{""difference_types"":[""EVALUATOR_DISAGREEMENT""],""disputed_evidence_ids"":[""EV_APP0056_FIRST_INTERVIEW_PRACTITIONER_QA_M1_SKILL_05""],""limited_evidence_ids"":[],""meaningful_conflict_refs"":[],""missing_evidence_ids"":[],""reason"":""동일 근거에 대한 평가자 해석 차이를 해소할 직접 관찰이 부족하다."",""rubric_review"":""직접 관찰의 행동·검증을 검토하며 다른 맥락의 한계와 평가자 차이를 보존한다."",""supporting_observation_ids"":[]}",CALIBRATION_PANEL_01,2026-12-15T10:15:00+09:00,SYNTHETIC_HUMAN_SCENARIO,M1_EVIDENCE_RUBRIC_V02
DC_APP0056_M1_SKILL_06_000121,APP0056,C0056,M1_SKILL_06,,INSUFFICIENT_EVIDENCE,"{""difference_types"":[],""disputed_evidence_ids"":[],""limited_evidence_ids"":[],""meaningful_conflict_refs"":[],""missing_evidence_ids"":[""EV_APP0056_FIRST_INTERVIEW_PRACTITIONER_QA_M1_SKILL_06""],""reason"":""직접 판단 근거 부족. 미관찰을 역량 부재로 해석하지 않는다."",""rubric_review"":""직접 관찰의 행동·검증을 검토하며 다른 맥락의 한계와 평가자 차이를 보존한다."",""supporting_observation_ids"":[]}",CALIBRATION_PANEL_01,2026-12-15T10:15:00+09:00,SYNTHETIC_HUMAN_SCENARIO,M1_EVIDENCE_RUBRIC_V02
DC_APP0056_M1_SKILL_07_000122,APP0056,C0056,M1_SKILL_07,MODERATE,AGREED,"{""difference_types"":[],""disputed_evidence_ids"":[],""limited_evidence_ids"":[],""meaningful_conflict_refs"":[],""missing_evidence_ids"":[],""reason"":""동일 Skill의 독립된 직접 관찰로 수행 범위를 확인했다. 다른 맥락의 제한/모호성은 해당 근거의 한계로 보존한다."",""rubric_review"":""직접 관찰의 행동·검증을 검토하며 다른 맥락의 한계와 평가자 차이를 보존한다."",""supporting_observation_ids"":[""OB_FIRST_PANEL_09_ML_ENGINEER_EV_APP0056_FIRST_INTERVIEW_TECHNICAL_ASSESSMENT_M1_SKILL_07"",""OB_FIRST_PANEL_09_HIRING_MANAGER_EV_APP0056_FIRST_INTERVIEW_TECHNICAL_ASSESSMENT_M1_SKILL_07"",""OB_FIRST_PANEL_09_TECHNICAL_REVIEWER_EV_APP0056_FIRST_INTERVIEW_TECHNICAL_ASSESSMENT_M1_SKILL_07""]}",CALIBRATION_PANEL_01,2026-12-15T10:15:00+09:00,SYNTHETIC_HUMAN_SCENARIO,M1_EVIDENCE_RUBRIC_V02
DC_APP0056_M1_SKILL_08_000123,APP0056,C0056,M1_SKILL_08,MODERATE,AGREED,"{""difference_types"":[],""disputed_evidence_ids"":[],""limited_evidence_ids"":[],""meaningful_conflict_refs"":[],""missing_evidence_ids"":[],""reason"":""동일 Skill의 독립된 직접 관찰로 수행 범위를 확인했다. 다른 맥락의 제한/모호성은 해당 근거의 한계로 보존한다."",""rubric_review"":""직접 관찰의 행동·검증을 검토하며 다른 맥락의 한계와 평가자 차이를 보존한다."",""supporting_observation_ids"":[""OB_FIRST_PANEL_09_ML_ENGINEER_EV_APP0056_FIRST_INTERVIEW_PRACTITIONER_QA_M1_SKILL_08"",""OB_FIRST_PANEL_09_HIRING_MANAGER_EV_APP0056_FIRST_INTERVIEW_PRACTITIONER_QA_M1_SKILL_08"",""OB_FIRST_PANEL_09_TECHNICAL_REVIEWER_EV_APP0056_FIRST_INTERVIEW_PRACTITIONER_QA_M1_SKILL_08""]}",CALIBRATION_PANEL_01,2026-12-15T10:15:00+09:00,SYNTHETIC_HUMAN_SCENARIO,M1_EVIDENCE_RUBRIC_V02
DC_APP0058_M1_SKILL_01_000124,APP0058,C0058,M1_SKILL_01,MODERATE,AGREED,"{""difference_types"":[""EVIDENCE_EVOLUTION""],""disputed_evidence_ids"":[],""limited_evidence_ids"":[],""meaningful_conflict_refs"":[],""missing_evidence_ids"":[],""reason"":""동일 Skill의 독립된 직접 관찰로 수행 범위를 확인했다. 다른 맥락의 제한/모호성은 해당 근거의 한계로 보존한다."",""rubric_review"":""직접 관찰의 행동·검증을 검토하며 다른 맥락의 한계와 평가자 차이를 보존한다."",""supporting_observation_ids"":[""OB_FIRST_PANEL_10_ML_ENGINEER_EV_APP0058_FIRST_INTERVIEW_TECHNICAL_ASSESSMENT_M1_SKILL_01"",""OB_FIRST_PANEL_10_HIRING_MANAGER_EV_APP0058_FIRST_INTERVIEW_TECHNICAL_ASSESSMENT_M1_SKILL_01"",""OB_FIRST_PANEL_10_TECHNICAL_REVIEWER_EV_APP0058_FIRST_INTERVIEW_TECHNICAL_ASSESSMENT_M1_SKILL_01"",""OB_FIRST_PANEL_10_ML_ENGINEER_EV_APP0058_FIRST_INTERVIEW_AI_CASE_M1_SKILL_01"",""OB_FIRST_PANEL_10_HIRING_MANAGER_EV_APP0058_FIRST_INTERVIEW_AI_CASE_M1_SKILL_01"",""OB_FIRST_PANEL_10_TECHNICAL_REVIEWER_EV_APP0058_FIRST_INTERVIEW_AI_CASE_M1_SKILL_01""]}",CALIBRATION_PANEL_01,2026-12-15T10:15:00+09:00,SYNTHETIC_HUMAN_SCENARIO,M1_EVIDENCE_RUBRIC_V02
DC_APP0058_M1_SKILL_02_000125,APP0058,C0058,M1_SKILL_02,STRONG,AGREED,"{""difference_types"":[],""disputed_evidence_ids"":[],""limited_evidence_ids"":[],""meaningful_conflict_refs"":[],""missing_evidence_ids"":[],""reason"":""동일 Skill의 독립된 직접 관찰로 수행 범위를 확인했다. 다른 맥락의 제한/모호성은 해당 근거의 한계로 보존한다."",""rubric_review"":""직접 관찰의 행동·검증을 검토하며 다른 맥락의 한계와 평가자 차이를 보존한다."",""supporting_observation_ids"":[""OB_FIRST_PANEL_10_ML_ENGINEER_EV_APP0058_FIRST_INTERVIEW_TECHNICAL_ASSESSMENT_M1_SKILL_02"",""OB_FIRST_PANEL_10_HIRING_MANAGER_EV_APP0058_FIRST_INTERVIEW_TECHNICAL_ASSESSMENT_M1_SKILL_02"",""OB_FIRST_PANEL_10_TECHNICAL_REVIEWER_EV_APP0058_FIRST_INTERVIEW_TECHNICAL_ASSESSMENT_M1_SKILL_02""]}",CALIBRATION_PANEL_01,2026-12-15T10:15:00+09:00,SYNTHETIC_HUMAN_SCENARIO,M1_EVIDENCE_RUBRIC_V02
DC_APP0058_M1_SKILL_03_000126,APP0058,C0058,M1_SKILL_03,,DISAGREEMENT_REMAINS,"{""difference_types"":[""EVALUATOR_DISAGREEMENT""],""disputed_evidence_ids"":[""EV_APP0058_FIRST_INTERVIEW_AI_CASE_M1_SKILL_03""],""limited_evidence_ids"":[],""meaningful_conflict_refs"":[],""missing_evidence_ids"":[""EV_APP0058_PRE_ASSESSMENT_CODING_TEST_M1_SKILL_03""],""reason"":""동일 근거에 대한 평가자 해석 차이를 해소할 직접 관찰이 부족하다."",""rubric_review"":""직접 관찰의 행동·검증을 검토하며 다른 맥락의 한계와 평가자 차이를 보존한다."",""supporting_observation_ids"":[]}",CALIBRATION_PANEL_01,2026-12-15T10:15:00+09:00,SYNTHETIC_HUMAN_SCENARIO,M1_EVIDENCE_RUBRIC_V02
DC_APP0058_M1_SKILL_04_000127,APP0058,C0058,M1_SKILL_04,STRONG,AGREED,"{""difference_types"":[],""disputed_evidence_ids"":[],""limited_evidence_ids"":[],""meaningful_conflict_refs"":[],""missing_evidence_ids"":[],""reason"":""동일 Skill의 독립된 직접 관찰로 수행 범위를 확인했다. 다른 맥락의 제한/모호성은 해당 근거의 한계로 보존한다."",""rubric_review"":""직접 관찰의 행동·검증을 검토하며 다른 맥락의 한계와 평가자 차이를 보존한다."",""supporting_observation_ids"":[""OB_FIRST_PANEL_10_ML_ENGINEER_EV_APP0058_FIRST_INTERVIEW_PRACTITIONER_QA_M1_SKILL_04"",""OB_FIRST_PANEL_10_HIRING_MANAGER_EV_APP0058_FIRST_INTERVIEW_PRACTITIONER_QA_M1_SKILL_04"",""OB_FIRST_PANEL_10_TECHNICAL_REVIEWER_EV_APP0058_FIRST_INTERVIEW_PRACTITIONER_QA_M1_SKILL_04""]}",CALIBRATION_PANEL_01,2026-12-15T10:15:00+09:00,SYNTHETIC_HUMAN_SCENARIO,M1_EVIDENCE_RUBRIC_V02
DC_APP0058_M1_SKILL_05_000128,APP0058,C0058,M1_SKILL_05,MODERATE,AGREED,"{""difference_types"":[],""disputed_evidence_ids"":[],""limited_evidence_ids"":[],""meaningful_conflict_refs"":[],""missing_evidence_ids"":[],""reason"":""동일 Skill의 독립된 직접 관찰로 수행 범위를 확인했다. 다른 맥락의 제한/모호성은 해당 근거의 한계로 보존한다."",""rubric_review"":""직접 관찰의 행동·검증을 검토하며 다른 맥락의 한계와 평가자 차이를 보존한다."",""supporting_observation_ids"":[""OB_FIRST_PANEL_10_ML_ENGINEER_EV_APP0058_FIRST_INTERVIEW_PRACTITIONER_QA_M1_SKILL_05"",""OB_FIRST_PANEL_10_HIRING_MANAGER_EV_APP0058_FIRST_INTERVIEW_PRACTITIONER_QA_M1_SKILL_05"",""OB_FIRST_PANEL_10_TECHNICAL_REVIEWER_EV_APP0058_FIRST_INTERVIEW_PRACTITIONER_QA_M1_SKILL_05""]}",CALIBRATION_PANEL_01,2026-12-15T10:15:00+09:00,SYNTHETIC_HUMAN_SCENARIO,M1_EVIDENCE_RUBRIC_V02
DC_APP0058_M1_SKILL_06_000129,APP0058,C0058,M1_SKILL_06,LIMITED,AGREED,"{""difference_types"":[],""disputed_evidence_ids"":[],""limited_evidence_ids"":[""EV_APP0058_FIRST_INTERVIEW_PRACTITIONER_QA_M1_SKILL_06""],""meaningful_conflict_refs"":[],""missing_evidence_ids"":[],""reason"":""관찰된 직접 근거의 범위가 제한적이다. 자기기술만으로 보완하지 않는다."",""rubric_review"":""직접 관찰의 행동·검증을 검토하며 다른 맥락의 한계와 평가자 차이를 보존한다."",""supporting_observation_ids"":[""OB_FIRST_PANEL_10_ML_ENGINEER_EV_APP0058_FIRST_INTERVIEW_PRACTITIONER_QA_M1_SKILL_06"",""OB_FIRST_PANEL_10_HIRING_MANAGER_EV_APP0058_FIRST_INTERVIEW_PRACTITIONER_QA_M1_SKILL_06"",""OB_FIRST_PANEL_10_TECHNICAL_REVIEWER_EV_APP0058_FIRST_INTERVIEW_PRACTITIONER_QA_M1_SKILL_06""]}",CALIBRATION_PANEL_01,2026-12-15T10:15:00+09:00,SYNTHETIC_HUMAN_SCENARIO,M1_EVIDENCE_RUBRIC_V02
DC_APP0058_M1_SKILL_07_000130,APP0058,C0058,M1_SKILL_07,MODERATE,AGREED,"{""difference_types"":[],""disputed_evidence_ids"":[],""limited_evidence_ids"":[],""meaningful_conflict_refs"":[],""missing_evidence_ids"":[],""reason"":""동일 Skill의 독립된 직접 관찰로 수행 범위를 확인했다. 다른 맥락의 제한/모호성은 해당 근거의 한계로 보존한다."",""rubric_review"":""직접 관찰의 행동·검증을 검토하며 다른 맥락의 한계와 평가자 차이를 보존한다."",""supporting_observation_ids"":[""OB_FIRST_PANEL_10_ML_ENGINEER_EV_APP0058_FIRST_INTERVIEW_TECHNICAL_ASSESSMENT_M1_SKILL_07"",""OB_FIRST_PANEL_10_HIRING_MANAGER_EV_APP0058_FIRST_INTERVIEW_TECHNICAL_ASSESSMENT_M1_SKILL_07"",""OB_FIRST_PANEL_10_TECHNICAL_REVIEWER_EV_APP0058_FIRST_INTERVIEW_TECHNICAL_ASSESSMENT_M1_SKILL_07""]}",CALIBRATION_PANEL_01,2026-12-15T10:15:00+09:00,SYNTHETIC_HUMAN_SCENARIO,M1_EVIDENCE_RUBRIC_V02
DC_APP0058_M1_SKILL_08_000131,APP0058,C0058,M1_SKILL_08,MODERATE,AGREED,"{""difference_types"":[],""disputed_evidence_ids"":[],""limited_evidence_ids"":[],""meaningful_conflict_refs"":[],""missing_evidence_ids"":[],""reason"":""동일 Skill의 독립된 직접 관찰로 수행 범위를 확인했다. 다른 맥락의 제한/모호성은 해당 근거의 한계로 보존한다."",""rubric_review"":""직접 관찰의 행동·검증을 검토하며 다른 맥락의 한계와 평가자 차이를 보존한다."",""supporting_observation_ids"":[""OB_FIRST_PANEL_10_ML_ENGINEER_EV_APP0058_FIRST_INTERVIEW_PRACTITIONER_QA_M1_SKILL_08"",""OB_FIRST_PANEL_10_HIRING_MANAGER_EV_APP0058_FIRST_INTERVIEW_PRACTITIONER_QA_M1_SKILL_08"",""OB_FIRST_PANEL_10_TECHNICAL_REVIEWER_EV_APP0058_FIRST_INTERVIEW_PRACTITIONER_QA_M1_SKILL_08""]}",CALIBRATION_PANEL_01,2026-12-15T10:15:00+09:00,SYNTHETIC_HUMAN_SCENARIO,M1_EVIDENCE_RUBRIC_V02
DC_APP0061_M1_SKILL_01_000132,APP0061,C0061,M1_SKILL_01,MODERATE,AGREED,"{""difference_types"":[""EVIDENCE_EVOLUTION"",""EVALUATOR_DISAGREEMENT""],""disputed_evidence_ids"":[""EV_APP0061_FIRST_INTERVIEW_AI_CASE_M1_SKILL_01""],""limited_evidence_ids"":[],""meaningful_conflict_refs"":[],""missing_evidence_ids"":[],""reason"":""동일 Skill의 독립된 직접 관찰로 수행 범위를 확인했다. 다른 맥락의 제한/모호성은 해당 근거의 한계로 보존한다."",""rubric_review"":""직접 관찰의 행동·검증을 검토하며 다른 맥락의 한계와 평가자 차이를 보존한다."",""supporting_observation_ids"":[""OB_FIRST_PANEL_01_ML_ENGINEER_EV_APP0061_FIRST_INTERVIEW_TECHNICAL_ASSESSMENT_M1_SKILL_01"",""OB_FIRST_PANEL_01_HIRING_MANAGER_EV_APP0061_FIRST_INTERVIEW_TECHNICAL_ASSESSMENT_M1_SKILL_01"",""OB_FIRST_PANEL_01_TECHNICAL_REVIEWER_EV_APP0061_FIRST_INTERVIEW_TECHNICAL_ASSESSMENT_M1_SKILL_01""]}",CALIBRATION_PANEL_01,2026-12-16T10:15:00+09:00,SYNTHETIC_HUMAN_SCENARIO,M1_EVIDENCE_RUBRIC_V02
DC_APP0061_M1_SKILL_02_000133,APP0061,C0061,M1_SKILL_02,,DISAGREEMENT_REMAINS,"{""difference_types"":[""EVALUATOR_DISAGREEMENT""],""disputed_evidence_ids"":[""EV_APP0061_FIRST_INTERVIEW_TECHNICAL_ASSESSMENT_M1_SKILL_02""],""limited_evidence_ids"":[],""meaningful_conflict_refs"":[],""missing_evidence_ids"":[],""reason"":""동일 근거에 대한 평가자 해석 차이를 해소할 직접 관찰이 부족하다."",""rubric_review"":""직접 관찰의 행동·검증을 검토하며 다른 맥락의 한계와 평가자 차이를 보존한다."",""supporting_observation_ids"":[]}",CALIBRATION_PANEL_01,2026-12-16T10:15:00+09:00,SYNTHETIC_HUMAN_SCENARIO,M1_EVIDENCE_RUBRIC_V02
DC_APP0061_M1_SKILL_03_000134,APP0061,C0061,M1_SKILL_03,,DISAGREEMENT_REMAINS,"{""difference_types"":[""EVALUATOR_DISAGREEMENT""],""disputed_evidence_ids"":[""EV_APP0061_PRE_ASSESSMENT_CODING_TEST_M1_SKILL_03"",""EV_APP0061_FIRST_INTERVIEW_AI_CASE_M1_SKILL_03""],""limited_evidence_ids"":[],""meaningful_conflict_refs"":[],""missing_evidence_ids"":[],""reason"":""동일 근거에 대한 평가자 해석 차이를 해소할 직접 관찰이 부족하다."",""rubric_review"":""직접 관찰의 행동·검증을 검토하며 다른 맥락의 한계와 평가자 차이를 보존한다."",""supporting_observation_ids"":[]}",CALIBRATION_PANEL_01,2026-12-16T10:15:00+09:00,SYNTHETIC_HUMAN_SCENARIO,M1_EVIDENCE_RUBRIC_V02
DC_APP0061_M1_SKILL_04_000135,APP0061,C0061,M1_SKILL_04,MODERATE,AGREED,"{""difference_types"":[],""disputed_evidence_ids"":[],""limited_evidence_ids"":[],""meaningful_conflict_refs"":[],""missing_evidence_ids"":[],""reason"":""동일 Skill의 독립된 직접 관찰로 수행 범위를 확인했다. 다른 맥락의 제한/모호성은 해당 근거의 한계로 보존한다."",""rubric_review"":""직접 관찰의 행동·검증을 검토하며 다른 맥락의 한계와 평가자 차이를 보존한다."",""supporting_observation_ids"":[""OB_FIRST_PANEL_01_ML_ENGINEER_EV_APP0061_FIRST_INTERVIEW_PRACTITIONER_QA_M1_SKILL_04"",""OB_FIRST_PANEL_01_HIRING_MANAGER_EV_APP0061_FIRST_INTERVIEW_PRACTITIONER_QA_M1_SKILL_04"",""OB_FIRST_PANEL_01_TECHNICAL_REVIEWER_EV_APP0061_FIRST_INTERVIEW_PRACTITIONER_QA_M1_SKILL_04""]}",CALIBRATION_PANEL_01,2026-12-16T10:15:00+09:00,SYNTHETIC_HUMAN_SCENARIO,M1_EVIDENCE_RUBRIC_V02
DC_APP0061_M1_SKILL_05_000136,APP0061,C0061,M1_SKILL_05,MODERATE,AGREED,"{""difference_types"":[],""disputed_evidence_ids"":[],""limited_evidence_ids"":[],""meaningful_conflict_refs"":[],""missing_evidence_ids"":[],""reason"":""동일 Skill의 독립된 직접 관찰로 수행 범위를 확인했다. 다른 맥락의 제한/모호성은 해당 근거의 한계로 보존한다."",""rubric_review"":""직접 관찰의 행동·검증을 검토하며 다른 맥락의 한계와 평가자 차이를 보존한다."",""supporting_observation_ids"":[""OB_FIRST_PANEL_01_ML_ENGINEER_EV_APP0061_FIRST_INTERVIEW_PRACTITIONER_QA_M1_SKILL_05"",""OB_FIRST_PANEL_01_HIRING_MANAGER_EV_APP0061_FIRST_INTERVIEW_PRACTITIONER_QA_M1_SKILL_05"",""OB_FIRST_PANEL_01_TECHNICAL_REVIEWER_EV_APP0061_FIRST_INTERVIEW_PRACTITIONER_QA_M1_SKILL_05""]}",CALIBRATION_PANEL_01,2026-12-16T10:15:00+09:00,SYNTHETIC_HUMAN_SCENARIO,M1_EVIDENCE_RUBRIC_V02
DC_APP0061_M1_SKILL_06_000137,APP0061,C0061,M1_SKILL_06,MODERATE,AGREED,"{""difference_types"":[],""disputed_evidence_ids"":[],""limited_evidence_ids"":[],""meaningful_conflict_refs"":[],""missing_evidence_ids"":[],""reason"":""동일 Skill의 독립된 직접 관찰로 수행 범위를 확인했다. 다른 맥락의 제한/모호성은 해당 근거의 한계로 보존한다."",""rubric_review"":""직접 관찰의 행동·검증을 검토하며 다른 맥락의 한계와 평가자 차이를 보존한다."",""supporting_observation_ids"":[""OB_FIRST_PANEL_01_ML_ENGINEER_EV_APP0061_FIRST_INTERVIEW_PRACTITIONER_QA_M1_SKILL_06"",""OB_FIRST_PANEL_01_HIRING_MANAGER_EV_APP0061_FIRST_INTERVIEW_PRACTITIONER_QA_M1_SKILL_06"",""OB_FIRST_PANEL_01_TECHNICAL_REVIEWER_EV_APP0061_FIRST_INTERVIEW_PRACTITIONER_QA_M1_SKILL_06""]}",CALIBRATION_PANEL_01,2026-12-16T10:15:00+09:00,SYNTHETIC_HUMAN_SCENARIO,M1_EVIDENCE_RUBRIC_V02
DC_APP0061_M1_SKILL_07_000138,APP0061,C0061,M1_SKILL_07,MODERATE,AGREED,"{""difference_types"":[],""disputed_evidence_ids"":[],""limited_evidence_ids"":[],""meaningful_conflict_refs"":[],""missing_evidence_ids"":[],""reason"":""동일 Skill의 독립된 직접 관찰로 수행 범위를 확인했다. 다른 맥락의 제한/모호성은 해당 근거의 한계로 보존한다."",""rubric_review"":""직접 관찰의 행동·검증을 검토하며 다른 맥락의 한계와 평가자 차이를 보존한다."",""supporting_observation_ids"":[""OB_FIRST_PANEL_01_ML_ENGINEER_EV_APP0061_FIRST_INTERVIEW_TECHNICAL_ASSESSMENT_M1_SKILL_07"",""OB_FIRST_PANEL_01_HIRING_MANAGER_EV_APP0061_FIRST_INTERVIEW_TECHNICAL_ASSESSMENT_M1_SKILL_07"",""OB_FIRST_PANEL_01_TECHNICAL_REVIEWER_EV_APP0061_FIRST_INTERVIEW_TECHNICAL_ASSESSMENT_M1_SKILL_07""]}",CALIBRATION_PANEL_01,2026-12-16T10:15:00+09:00,SYNTHETIC_HUMAN_SCENARIO,M1_EVIDENCE_RUBRIC_V02
DC_APP0061_M1_SKILL_08_000139,APP0061,C0061,M1_SKILL_08,MODERATE,AGREED,"{""difference_types"":[],""disputed_evidence_ids"":[],""limited_evidence_ids"":[],""meaningful_conflict_refs"":[],""missing_evidence_ids"":[],""reason"":""동일 Skill의 독립된 직접 관찰로 수행 범위를 확인했다. 다른 맥락의 제한/모호성은 해당 근거의 한계로 보존한다."",""rubric_review"":""직접 관찰의 행동·검증을 검토하며 다른 맥락의 한계와 평가자 차이를 보존한다."",""supporting_observation_ids"":[""OB_FIRST_PANEL_01_ML_ENGINEER_EV_APP0061_FIRST_INTERVIEW_PRACTITIONER_QA_M1_SKILL_08"",""OB_FIRST_PANEL_01_HIRING_MANAGER_EV_APP0061_FIRST_INTERVIEW_PRACTITIONER_QA_M1_SKILL_08"",""OB_FIRST_PANEL_01_TECHNICAL_REVIEWER_EV_APP0061_FIRST_INTERVIEW_PRACTITIONER_QA_M1_SKILL_08""]}",CALIBRATION_PANEL_01,2026-12-16T10:15:00+09:00,SYNTHETIC_HUMAN_SCENARIO,M1_EVIDENCE_RUBRIC_V02
DC_APP0064_M1_SKILL_01_000140,APP0064,C0064,M1_SKILL_01,STRONG,AGREED,"{""difference_types"":[""EVIDENCE_EVOLUTION""],""disputed_evidence_ids"":[],""limited_evidence_ids"":[],""meaningful_conflict_refs"":[],""missing_evidence_ids"":[],""reason"":""동일 Skill의 독립된 직접 관찰로 수행 범위를 확인했다. 다른 맥락의 제한/모호성은 해당 근거의 한계로 보존한다."",""rubric_review"":""직접 관찰의 행동·검증을 검토하며 다른 맥락의 한계와 평가자 차이를 보존한다."",""supporting_observation_ids"":[""OB_FIRST_PANEL_02_ML_ENGINEER_EV_APP0064_FIRST_INTERVIEW_TECHNICAL_ASSESSMENT_M1_SKILL_01"",""OB_FIRST_PANEL_02_HIRING_MANAGER_EV_APP0064_FIRST_INTERVIEW_TECHNICAL_ASSESSMENT_M1_SKILL_01"",""OB_FIRST_PANEL_02_TECHNICAL_REVIEWER_EV_APP0064_FIRST_INTERVIEW_TECHNICAL_ASSESSMENT_M1_SKILL_01"",""OB_FIRST_PANEL_02_ML_ENGINEER_EV_APP0064_FIRST_INTERVIEW_AI_CASE_M1_SKILL_01"",""OB_FIRST_PANEL_02_HIRING_MANAGER_EV_APP0064_FIRST_INTERVIEW_AI_CASE_M1_SKILL_01"",""OB_FIRST_PANEL_02_TECHNICAL_REVIEWER_EV_APP0064_FIRST_INTERVIEW_AI_CASE_M1_SKILL_01""]}",CALIBRATION_PANEL_01,2026-12-17T10:15:00+09:00,SYNTHETIC_HUMAN_SCENARIO,M1_EVIDENCE_RUBRIC_V02
DC_APP0064_M1_SKILL_02_000141,APP0064,C0064,M1_SKILL_02,MODERATE,AGREED,"{""difference_types"":[],""disputed_evidence_ids"":[],""limited_evidence_ids"":[],""meaningful_conflict_refs"":[],""missing_evidence_ids"":[],""reason"":""동일 Skill의 독립된 직접 관찰로 수행 범위를 확인했다. 다른 맥락의 제한/모호성은 해당 근거의 한계로 보존한다."",""rubric_review"":""직접 관찰의 행동·검증을 검토하며 다른 맥락의 한계와 평가자 차이를 보존한다."",""supporting_observation_ids"":[""OB_FIRST_PANEL_02_ML_ENGINEER_EV_APP0064_FIRST_INTERVIEW_TECHNICAL_ASSESSMENT_M1_SKILL_02"",""OB_FIRST_PANEL_02_HIRING_MANAGER_EV_APP0064_FIRST_INTERVIEW_TECHNICAL_ASSESSMENT_M1_SKILL_02"",""OB_FIRST_PANEL_02_TECHNICAL_REVIEWER_EV_APP0064_FIRST_INTERVIEW_TECHNICAL_ASSESSMENT_M1_SKILL_02""]}",CALIBRATION_PANEL_01,2026-12-17T10:15:00+09:00,SYNTHETIC_HUMAN_SCENARIO,M1_EVIDENCE_RUBRIC_V02
DC_APP0064_M1_SKILL_03_000142,APP0064,C0064,M1_SKILL_03,LIMITED,AGREED,"{""difference_types"":[],""disputed_evidence_ids"":[],""limited_evidence_ids"":[""EV_APP0064_FIRST_INTERVIEW_AI_CASE_M1_SKILL_03""],""meaningful_conflict_refs"":[],""missing_evidence_ids"":[""EV_APP0064_PRE_ASSESSMENT_CODING_TEST_M1_SKILL_03""],""reason"":""관찰된 직접 근거의 범위가 제한적이다. 자기기술만으로 보완하지 않는다."",""rubric_review"":""직접 관찰의 행동·검증을 검토하며 다른 맥락의 한계와 평가자 차이를 보존한다."",""supporting_observation_ids"":[""OB_FIRST_PANEL_02_ML_ENGINEER_EV_APP0064_FIRST_INTERVIEW_AI_CASE_M1_SKILL_03"",""OB_FIRST_PANEL_02_HIRING_MANAGER_EV_APP0064_FIRST_INTERVIEW_AI_CASE_M1_SKILL_03"",""OB_FIRST_PANEL_02_TECHNICAL_REVIEWER_EV_APP0064_FIRST_INTERVIEW_AI_CASE_M1_SKILL_03""]}",CALIBRATION_PANEL_01,2026-12-17T10:15:00+09:00,SYNTHETIC_HUMAN_SCENARIO,M1_EVIDENCE_RUBRIC_V02
DC_APP0064_M1_SKILL_04_000143,APP0064,C0064,M1_SKILL_04,LIMITED,AGREED,"{""difference_types"":[],""disputed_evidence_ids"":[],""limited_evidence_ids"":[""EV_APP0064_FIRST_INTERVIEW_PRACTITIONER_QA_M1_SKILL_04""],""meaningful_conflict_refs"":[],""missing_evidence_ids"":[],""reason"":""관찰된 직접 근거의 범위가 제한적이다. 자기기술만으로 보완하지 않는다."",""rubric_review"":""직접 관찰의 행동·검증을 검토하며 다른 맥락의 한계와 평가자 차이를 보존한다."",""supporting_observation_ids"":[""OB_FIRST_PANEL_02_ML_ENGINEER_EV_APP0064_FIRST_INTERVIEW_PRACTITIONER_QA_M1_SKILL_04"",""OB_FIRST_PANEL_02_HIRING_MANAGER_EV_APP0064_FIRST_INTERVIEW_PRACTITIONER_QA_M1_SKILL_04"",""OB_FIRST_PANEL_02_TECHNICAL_REVIEWER_EV_APP0064_FIRST_INTERVIEW_PRACTITIONER_QA_M1_SKILL_04""]}",CALIBRATION_PANEL_01,2026-12-17T10:15:00+09:00,SYNTHETIC_HUMAN_SCENARIO,M1_EVIDENCE_RUBRIC_V02
DC_APP0064_M1_SKILL_05_000144,APP0064,C0064,M1_SKILL_05,MODERATE,AGREED,"{""difference_types"":[],""disputed_evidence_ids"":[],""limited_evidence_ids"":[],""meaningful_conflict_refs"":[],""missing_evidence_ids"":[],""reason"":""동일 Skill의 독립된 직접 관찰로 수행 범위를 확인했다. 다른 맥락의 제한/모호성은 해당 근거의 한계로 보존한다."",""rubric_review"":""직접 관찰의 행동·검증을 검토하며 다른 맥락의 한계와 평가자 차이를 보존한다."",""supporting_observation_ids"":[""OB_FIRST_PANEL_02_ML_ENGINEER_EV_APP0064_FIRST_INTERVIEW_PRACTITIONER_QA_M1_SKILL_05"",""OB_FIRST_PANEL_02_HIRING_MANAGER_EV_APP0064_FIRST_INTERVIEW_PRACTITIONER_QA_M1_SKILL_05"",""OB_FIRST_PANEL_02_TECHNICAL_REVIEWER_EV_APP0064_FIRST_INTERVIEW_PRACTITIONER_QA_M1_SKILL_05""]}",CALIBRATION_PANEL_01,2026-12-17T10:15:00+09:00,SYNTHETIC_HUMAN_SCENARIO,M1_EVIDENCE_RUBRIC_V02
DC_APP0064_M1_SKILL_06_000145,APP0064,C0064,M1_SKILL_06,MODERATE,AGREED,"{""difference_types"":[],""disputed_evidence_ids"":[],""limited_evidence_ids"":[],""meaningful_conflict_refs"":[],""missing_evidence_ids"":[],""reason"":""동일 Skill의 독립된 직접 관찰로 수행 범위를 확인했다. 다른 맥락의 제한/모호성은 해당 근거의 한계로 보존한다."",""rubric_review"":""직접 관찰의 행동·검증을 검토하며 다른 맥락의 한계와 평가자 차이를 보존한다."",""supporting_observation_ids"":[""OB_FIRST_PANEL_02_ML_ENGINEER_EV_APP0064_FIRST_INTERVIEW_PRACTITIONER_QA_M1_SKILL_06"",""OB_FIRST_PANEL_02_HIRING_MANAGER_EV_APP0064_FIRST_INTERVIEW_PRACTITIONER_QA_M1_SKILL_06"",""OB_FIRST_PANEL_02_TECHNICAL_REVIEWER_EV_APP0064_FIRST_INTERVIEW_PRACTITIONER_QA_M1_SKILL_06""]}",CALIBRATION_PANEL_01,2026-12-17T10:15:00+09:00,SYNTHETIC_HUMAN_SCENARIO,M1_EVIDENCE_RUBRIC_V02
DC_APP0064_M1_SKILL_07_000146,APP0064,C0064,M1_SKILL_07,MODERATE,AGREED,"{""difference_types"":[],""disputed_evidence_ids"":[],""limited_evidence_ids"":[],""meaningful_conflict_refs"":[],""missing_evidence_ids"":[],""reason"":""동일 Skill의 독립된 직접 관찰로 수행 범위를 확인했다. 다른 맥락의 제한/모호성은 해당 근거의 한계로 보존한다."",""rubric_review"":""직접 관찰의 행동·검증을 검토하며 다른 맥락의 한계와 평가자 차이를 보존한다."",""supporting_observation_ids"":[""OB_FIRST_PANEL_02_ML_ENGINEER_EV_APP0064_FIRST_INTERVIEW_TECHNICAL_ASSESSMENT_M1_SKILL_07"",""OB_FIRST_PANEL_02_HIRING_MANAGER_EV_APP0064_FIRST_INTERVIEW_TECHNICAL_ASSESSMENT_M1_SKILL_07"",""OB_FIRST_PANEL_02_TECHNICAL_REVIEWER_EV_APP0064_FIRST_INTERVIEW_TECHNICAL_ASSESSMENT_M1_SKILL_07""]}",CALIBRATION_PANEL_01,2026-12-17T10:15:00+09:00,SYNTHETIC_HUMAN_SCENARIO,M1_EVIDENCE_RUBRIC_V02
DC_APP0064_M1_SKILL_08_000147,APP0064,C0064,M1_SKILL_08,,DISAGREEMENT_REMAINS,"{""difference_types"":[""EVALUATOR_DISAGREEMENT""],""disputed_evidence_ids"":[""EV_APP0064_FIRST_INTERVIEW_PRACTITIONER_QA_M1_SKILL_08""],""limited_evidence_ids"":[],""meaningful_conflict_refs"":[],""missing_evidence_ids"":[],""reason"":""동일 근거에 대한 평가자 해석 차이를 해소할 직접 관찰이 부족하다."",""rubric_review"":""직접 관찰의 행동·검증을 검토하며 다른 맥락의 한계와 평가자 차이를 보존한다."",""supporting_observation_ids"":[]}",CALIBRATION_PANEL_01,2026-12-17T10:15:00+09:00,SYNTHETIC_HUMAN_SCENARIO,M1_EVIDENCE_RUBRIC_V02
DC_APP0068_M1_SKILL_01_000148,APP0068,C0068,M1_SKILL_01,MODERATE,AGREED,"{""difference_types"":[""EVIDENCE_EVOLUTION""],""disputed_evidence_ids"":[],""limited_evidence_ids"":[],""meaningful_conflict_refs"":[],""missing_evidence_ids"":[],""reason"":""동일 Skill의 독립된 직접 관찰로 수행 범위를 확인했다. 다른 맥락의 제한/모호성은 해당 근거의 한계로 보존한다."",""rubric_review"":""직접 관찰의 행동·검증을 검토하며 다른 맥락의 한계와 평가자 차이를 보존한다."",""supporting_observation_ids"":[""OB_FIRST_PANEL_03_ML_ENGINEER_EV_APP0068_FIRST_INTERVIEW_TECHNICAL_ASSESSMENT_M1_SKILL_01"",""OB_FIRST_PANEL_03_HIRING_MANAGER_EV_APP0068_FIRST_INTERVIEW_TECHNICAL_ASSESSMENT_M1_SKILL_01"",""OB_FIRST_PANEL_03_TECHNICAL_REVIEWER_EV_APP0068_FIRST_INTERVIEW_TECHNICAL_ASSESSMENT_M1_SKILL_01"",""OB_FIRST_PANEL_03_ML_ENGINEER_EV_APP0068_FIRST_INTERVIEW_AI_CASE_M1_SKILL_01"",""OB_FIRST_PANEL_03_HIRING_MANAGER_EV_APP0068_FIRST_INTERVIEW_AI_CASE_M1_SKILL_01"",""OB_FIRST_PANEL_03_TECHNICAL_REVIEWER_EV_APP0068_FIRST_INTERVIEW_AI_CASE_M1_SKILL_01""]}",CALIBRATION_PANEL_01,2026-12-15T10:15:00+09:00,SYNTHETIC_HUMAN_SCENARIO,M1_EVIDENCE_RUBRIC_V02
DC_APP0068_M1_SKILL_02_000149,APP0068,C0068,M1_SKILL_02,STRONG,AGREED,"{""difference_types"":[],""disputed_evidence_ids"":[],""limited_evidence_ids"":[],""meaningful_conflict_refs"":[],""missing_evidence_ids"":[],""reason"":""동일 Skill의 독립된 직접 관찰로 수행 범위를 확인했다. 다른 맥락의 제한/모호성은 해당 근거의 한계로 보존한다."",""rubric_review"":""직접 관찰의 행동·검증을 검토하며 다른 맥락의 한계와 평가자 차이를 보존한다."",""supporting_observation_ids"":[""OB_FIRST_PANEL_03_ML_ENGINEER_EV_APP0068_FIRST_INTERVIEW_TECHNICAL_ASSESSMENT_M1_SKILL_02"",""OB_FIRST_PANEL_03_HIRING_MANAGER_EV_APP0068_FIRST_INTERVIEW_TECHNICAL_ASSESSMENT_M1_SKILL_02"",""OB_FIRST_PANEL_03_TECHNICAL_REVIEWER_EV_APP0068_FIRST_INTERVIEW_TECHNICAL_ASSESSMENT_M1_SKILL_02""]}",CALIBRATION_PANEL_01,2026-12-15T10:15:00+09:00,SYNTHETIC_HUMAN_SCENARIO,M1_EVIDENCE_RUBRIC_V02
DC_APP0068_M1_SKILL_03_000150,APP0068,C0068,M1_SKILL_03,STRONG,AGREED,"{""difference_types"":[""EVIDENCE_EVOLUTION""],""disputed_evidence_ids"":[],""limited_evidence_ids"":[],""meaningful_conflict_refs"":[],""missing_evidence_ids"":[""EV_APP0068_FIRST_INTERVIEW_AI_CASE_M1_SKILL_03""],""reason"":""동일 Skill의 독립된 직접 관찰로 수행 범위를 확인했다. 다른 맥락의 제한/모호성은 해당 근거의 한계로 보존한다."",""rubric_review"":""직접 관찰의 행동·검증을 검토하며 다른 맥락의 한계와 평가자 차이를 보존한다."",""supporting_observation_ids"":[""OB_REVIEW_ML_01_EV_APP0068_PRE_ASSESSMENT_CODING_TEST_M1_SKILL_03"",""OB_REVIEW_HM_01_EV_APP0068_PRE_ASSESSMENT_CODING_TEST_M1_SKILL_03""]}",CALIBRATION_PANEL_01,2026-12-15T10:15:00+09:00,SYNTHETIC_HUMAN_SCENARIO,M1_EVIDENCE_RUBRIC_V02
DC_APP0068_M1_SKILL_04_000151,APP0068,C0068,M1_SKILL_04,MODERATE,AGREED,"{""difference_types"":[],""disputed_evidence_ids"":[],""limited_evidence_ids"":[],""meaningful_conflict_refs"":[],""missing_evidence_ids"":[],""reason"":""동일 Skill의 독립된 직접 관찰로 수행 범위를 확인했다. 다른 맥락의 제한/모호성은 해당 근거의 한계로 보존한다."",""rubric_review"":""직접 관찰의 행동·검증을 검토하며 다른 맥락의 한계와 평가자 차이를 보존한다."",""supporting_observation_ids"":[""OB_FIRST_PANEL_03_ML_ENGINEER_EV_APP0068_FIRST_INTERVIEW_PRACTITIONER_QA_M1_SKILL_04"",""OB_FIRST_PANEL_03_HIRING_MANAGER_EV_APP0068_FIRST_INTERVIEW_PRACTITIONER_QA_M1_SKILL_04"",""OB_FIRST_PANEL_03_TECHNICAL_REVIEWER_EV_APP0068_FIRST_INTERVIEW_PRACTITIONER_QA_M1_SKILL_04""]}",CALIBRATION_PANEL_01,2026-12-15T10:15:00+09:00,SYNTHETIC_HUMAN_SCENARIO,M1_EVIDENCE_RUBRIC_V02
DC_APP0068_M1_SKILL_05_000152,APP0068,C0068,M1_SKILL_05,MODERATE,AGREED,"{""difference_types"":[],""disputed_evidence_ids"":[],""limited_evidence_ids"":[],""meaningful_conflict_refs"":[],""missing_evidence_ids"":[],""reason"":""동일 Skill의 독립된 직접 관찰로 수행 범위를 확인했다. 다른 맥락의 제한/모호성은 해당 근거의 한계로 보존한다."",""rubric_review"":""직접 관찰의 행동·검증을 검토하며 다른 맥락의 한계와 평가자 차이를 보존한다."",""supporting_observation_ids"":[""OB_FIRST_PANEL_03_ML_ENGINEER_EV_APP0068_FIRST_INTERVIEW_PRACTITIONER_QA_M1_SKILL_05"",""OB_FIRST_PANEL_03_HIRING_MANAGER_EV_APP0068_FIRST_INTERVIEW_PRACTITIONER_QA_M1_SKILL_05"",""OB_FIRST_PANEL_03_TECHNICAL_REVIEWER_EV_APP0068_FIRST_INTERVIEW_PRACTITIONER_QA_M1_SKILL_05""]}",CALIBRATION_PANEL_01,2026-12-15T10:15:00+09:00,SYNTHETIC_HUMAN_SCENARIO,M1_EVIDENCE_RUBRIC_V02
DC_APP0068_M1_SKILL_06_000153,APP0068,C0068,M1_SKILL_06,,INSUFFICIENT_EVIDENCE,"{""difference_types"":[],""disputed_evidence_ids"":[],""limited_evidence_ids"":[],""meaningful_conflict_refs"":[],""missing_evidence_ids"":[""EV_APP0068_FIRST_INTERVIEW_PRACTITIONER_QA_M1_SKILL_06""],""reason"":""직접 판단 근거 부족. 미관찰을 역량 부재로 해석하지 않는다."",""rubric_review"":""직접 관찰의 행동·검증을 검토하며 다른 맥락의 한계와 평가자 차이를 보존한다."",""supporting_observation_ids"":[]}",CALIBRATION_PANEL_01,2026-12-15T10:15:00+09:00,SYNTHETIC_HUMAN_SCENARIO,M1_EVIDENCE_RUBRIC_V02
DC_APP0068_M1_SKILL_07_000154,APP0068,C0068,M1_SKILL_07,,DISAGREEMENT_REMAINS,"{""difference_types"":[""EVALUATOR_DISAGREEMENT""],""disputed_evidence_ids"":[""EV_APP0068_FIRST_INTERVIEW_TECHNICAL_ASSESSMENT_M1_SKILL_07""],""limited_evidence_ids"":[],""meaningful_conflict_refs"":[],""missing_evidence_ids"":[],""reason"":""동일 근거에 대한 평가자 해석 차이를 해소할 직접 관찰이 부족하다."",""rubric_review"":""직접 관찰의 행동·검증을 검토하며 다른 맥락의 한계와 평가자 차이를 보존한다."",""supporting_observation_ids"":[]}",CALIBRATION_PANEL_01,2026-12-15T10:15:00+09:00,SYNTHETIC_HUMAN_SCENARIO,M1_EVIDENCE_RUBRIC_V02
DC_APP0068_M1_SKILL_08_000155,APP0068,C0068,M1_SKILL_08,LIMITED,AGREED,"{""difference_types"":[],""disputed_evidence_ids"":[],""limited_evidence_ids"":[""EV_APP0068_FIRST_INTERVIEW_PRACTITIONER_QA_M1_SKILL_08""],""meaningful_conflict_refs"":[],""missing_evidence_ids"":[],""reason"":""관찰된 직접 근거의 범위가 제한적이다. 자기기술만으로 보완하지 않는다."",""rubric_review"":""직접 관찰의 행동·검증을 검토하며 다른 맥락의 한계와 평가자 차이를 보존한다."",""supporting_observation_ids"":[""OB_FIRST_PANEL_03_ML_ENGINEER_EV_APP0068_FIRST_INTERVIEW_PRACTITIONER_QA_M1_SKILL_08"",""OB_FIRST_PANEL_03_HIRING_MANAGER_EV_APP0068_FIRST_INTERVIEW_PRACTITIONER_QA_M1_SKILL_08"",""OB_FIRST_PANEL_03_TECHNICAL_REVIEWER_EV_APP0068_FIRST_INTERVIEW_PRACTITIONER_QA_M1_SKILL_08""]}",CALIBRATION_PANEL_01,2026-12-15T10:15:00+09:00,SYNTHETIC_HUMAN_SCENARIO,M1_EVIDENCE_RUBRIC_V02
DC_APP0070_M1_SKILL_01_000156,APP0070,C0070,M1_SKILL_01,MODERATE,AGREED,"{""difference_types"":[""EVIDENCE_EVOLUTION""],""disputed_evidence_ids"":[],""limited_evidence_ids"":[],""meaningful_conflict_refs"":[],""missing_evidence_ids"":[],""reason"":""동일 Skill의 독립된 직접 관찰로 수행 범위를 확인했다. 다른 맥락의 제한/모호성은 해당 근거의 한계로 보존한다."",""rubric_review"":""직접 관찰의 행동·검증을 검토하며 다른 맥락의 한계와 평가자 차이를 보존한다."",""supporting_observation_ids"":[""OB_FIRST_PANEL_04_ML_ENGINEER_EV_APP0070_FIRST_INTERVIEW_TECHNICAL_ASSESSMENT_M1_SKILL_01"",""OB_FIRST_PANEL_04_HIRING_MANAGER_EV_APP0070_FIRST_INTERVIEW_TECHNICAL_ASSESSMENT_M1_SKILL_01"",""OB_FIRST_PANEL_04_TECHNICAL_REVIEWER_EV_APP0070_FIRST_INTERVIEW_TECHNICAL_ASSESSMENT_M1_SKILL_01"",""OB_FIRST_PANEL_04_ML_ENGINEER_EV_APP0070_FIRST_INTERVIEW_AI_CASE_M1_SKILL_01"",""OB_FIRST_PANEL_04_HIRING_MANAGER_EV_APP0070_FIRST_INTERVIEW_AI_CASE_M1_SKILL_01"",""OB_FIRST_PANEL_04_TECHNICAL_REVIEWER_EV_APP0070_FIRST_INTERVIEW_AI_CASE_M1_SKILL_01""]}",CALIBRATION_PANEL_01,2026-12-16T10:15:00+09:00,SYNTHETIC_HUMAN_SCENARIO,M1_EVIDENCE_RUBRIC_V02
DC_APP0070_M1_SKILL_02_000157,APP0070,C0070,M1_SKILL_02,STRONG,AGREED,"{""difference_types"":[],""disputed_evidence_ids"":[],""limited_evidence_ids"":[],""meaningful_conflict_refs"":[],""missing_evidence_ids"":[],""reason"":""동일 Skill의 독립된 직접 관찰로 수행 범위를 확인했다. 다른 맥락의 제한/모호성은 해당 근거의 한계로 보존한다."",""rubric_review"":""직접 관찰의 행동·검증을 검토하며 다른 맥락의 한계와 평가자 차이를 보존한다."",""supporting_observation_ids"":[""OB_FIRST_PANEL_04_ML_ENGINEER_EV_APP0070_FIRST_INTERVIEW_TECHNICAL_ASSESSMENT_M1_SKILL_02"",""OB_FIRST_PANEL_04_HIRING_MANAGER_EV_APP0070_FIRST_INTERVIEW_TECHNICAL_ASSESSMENT_M1_SKILL_02"",""OB_FIRST_PANEL_04_TECHNICAL_REVIEWER_EV_APP0070_FIRST_INTERVIEW_TECHNICAL_ASSESSMENT_M1_SKILL_02""]}",CALIBRATION_PANEL_01,2026-12-16T10:15:00+09:00,SYNTHETIC_HUMAN_SCENARIO,M1_EVIDENCE_RUBRIC_V02
DC_APP0070_M1_SKILL_03_000158,APP0070,C0070,M1_SKILL_03,MODERATE,AGREED,"{""difference_types"":[""EVIDENCE_EVOLUTION""],""disputed_evidence_ids"":[],""limited_evidence_ids"":[],""meaningful_conflict_refs"":[],""missing_evidence_ids"":[],""reason"":""동일 Skill의 독립된 직접 관찰로 수행 범위를 확인했다. 다른 맥락의 제한/모호성은 해당 근거의 한계로 보존한다."",""rubric_review"":""직접 관찰의 행동·검증을 검토하며 다른 맥락의 한계와 평가자 차이를 보존한다."",""supporting_observation_ids"":[""OB_REVIEW_ML_01_EV_APP0070_PRE_ASSESSMENT_CODING_TEST_M1_SKILL_03"",""OB_REVIEW_HM_01_EV_APP0070_PRE_ASSESSMENT_CODING_TEST_M1_SKILL_03"",""OB_FIRST_PANEL_04_ML_ENGINEER_EV_APP0070_FIRST_INTERVIEW_AI_CASE_M1_SKILL_03"",""OB_FIRST_PANEL_04_HIRING_MANAGER_EV_APP0070_FIRST_INTERVIEW_AI_CASE_M1_SKILL_03"",""OB_FIRST_PANEL_04_TECHNICAL_REVIEWER_EV_APP0070_FIRST_INTERVIEW_AI_CASE_M1_SKILL_03""]}",CALIBRATION_PANEL_01,2026-12-16T10:15:00+09:00,SYNTHETIC_HUMAN_SCENARIO,M1_EVIDENCE_RUBRIC_V02
DC_APP0070_M1_SKILL_04_000159,APP0070,C0070,M1_SKILL_04,LIMITED,AGREED,"{""difference_types"":[],""disputed_evidence_ids"":[],""limited_evidence_ids"":[""EV_APP0070_FIRST_INTERVIEW_PRACTITIONER_QA_M1_SKILL_04""],""meaningful_conflict_refs"":[],""missing_evidence_ids"":[],""reason"":""관찰된 직접 근거의 범위가 제한적이다. 자기기술만으로 보완하지 않는다."",""rubric_review"":""직접 관찰의 행동·검증을 검토하며 다른 맥락의 한계와 평가자 차이를 보존한다."",""supporting_observation_ids"":[""OB_FIRST_PANEL_04_ML_ENGINEER_EV_APP0070_FIRST_INTERVIEW_PRACTITIONER_QA_M1_SKILL_04"",""OB_FIRST_PANEL_04_HIRING_MANAGER_EV_APP0070_FIRST_INTERVIEW_PRACTITIONER_QA_M1_SKILL_04"",""OB_FIRST_PANEL_04_TECHNICAL_REVIEWER_EV_APP0070_FIRST_INTERVIEW_PRACTITIONER_QA_M1_SKILL_04""]}",CALIBRATION_PANEL_01,2026-12-16T10:15:00+09:00,SYNTHETIC_HUMAN_SCENARIO,M1_EVIDENCE_RUBRIC_V02
DC_APP0070_M1_SKILL_05_000160,APP0070,C0070,M1_SKILL_05,MODERATE,AGREED,"{""difference_types"":[],""disputed_evidence_ids"":[],""limited_evidence_ids"":[],""meaningful_conflict_refs"":[],""missing_evidence_ids"":[],""reason"":""동일 Skill의 독립된 직접 관찰로 수행 범위를 확인했다. 다른 맥락의 제한/모호성은 해당 근거의 한계로 보존한다."",""rubric_review"":""직접 관찰의 행동·검증을 검토하며 다른 맥락의 한계와 평가자 차이를 보존한다."",""supporting_observation_ids"":[""OB_FIRST_PANEL_04_ML_ENGINEER_EV_APP0070_FIRST_INTERVIEW_PRACTITIONER_QA_M1_SKILL_05"",""OB_FIRST_PANEL_04_HIRING_MANAGER_EV_APP0070_FIRST_INTERVIEW_PRACTITIONER_QA_M1_SKILL_05"",""OB_FIRST_PANEL_04_TECHNICAL_REVIEWER_EV_APP0070_FIRST_INTERVIEW_PRACTITIONER_QA_M1_SKILL_05""]}",CALIBRATION_PANEL_01,2026-12-16T10:15:00+09:00,SYNTHETIC_HUMAN_SCENARIO,M1_EVIDENCE_RUBRIC_V02
DC_APP0070_M1_SKILL_06_000161,APP0070,C0070,M1_SKILL_06,,INSUFFICIENT_EVIDENCE,"{""difference_types"":[],""disputed_evidence_ids"":[],""limited_evidence_ids"":[],""meaningful_conflict_refs"":[],""missing_evidence_ids"":[""EV_APP0070_FIRST_INTERVIEW_PRACTITIONER_QA_M1_SKILL_06""],""reason"":""직접 판단 근거 부족. 미관찰을 역량 부재로 해석하지 않는다."",""rubric_review"":""직접 관찰의 행동·검증을 검토하며 다른 맥락의 한계와 평가자 차이를 보존한다."",""supporting_observation_ids"":[]}",CALIBRATION_PANEL_01,2026-12-16T10:15:00+09:00,SYNTHETIC_HUMAN_SCENARIO,M1_EVIDENCE_RUBRIC_V02
DC_APP0070_M1_SKILL_07_000162,APP0070,C0070,M1_SKILL_07,LIMITED,AGREED,"{""difference_types"":[],""disputed_evidence_ids"":[],""limited_evidence_ids"":[""EV_APP0070_FIRST_INTERVIEW_TECHNICAL_ASSESSMENT_M1_SKILL_07""],""meaningful_conflict_refs"":[],""missing_evidence_ids"":[],""reason"":""관찰된 직접 근거의 범위가 제한적이다. 자기기술만으로 보완하지 않는다."",""rubric_review"":""직접 관찰의 행동·검증을 검토하며 다른 맥락의 한계와 평가자 차이를 보존한다."",""supporting_observation_ids"":[""OB_FIRST_PANEL_04_ML_ENGINEER_EV_APP0070_FIRST_INTERVIEW_TECHNICAL_ASSESSMENT_M1_SKILL_07"",""OB_FIRST_PANEL_04_HIRING_MANAGER_EV_APP0070_FIRST_INTERVIEW_TECHNICAL_ASSESSMENT_M1_SKILL_07"",""OB_FIRST_PANEL_04_TECHNICAL_REVIEWER_EV_APP0070_FIRST_INTERVIEW_TECHNICAL_ASSESSMENT_M1_SKILL_07""]}",CALIBRATION_PANEL_01,2026-12-16T10:15:00+09:00,SYNTHETIC_HUMAN_SCENARIO,M1_EVIDENCE_RUBRIC_V02
DC_APP0070_M1_SKILL_08_000163,APP0070,C0070,M1_SKILL_08,,DISAGREEMENT_REMAINS,"{""difference_types"":[""EVALUATOR_DISAGREEMENT""],""disputed_evidence_ids"":[""EV_APP0070_FIRST_INTERVIEW_PRACTITIONER_QA_M1_SKILL_08""],""limited_evidence_ids"":[],""meaningful_conflict_refs"":[],""missing_evidence_ids"":[],""reason"":""동일 근거에 대한 평가자 해석 차이를 해소할 직접 관찰이 부족하다."",""rubric_review"":""직접 관찰의 행동·검증을 검토하며 다른 맥락의 한계와 평가자 차이를 보존한다."",""supporting_observation_ids"":[]}",CALIBRATION_PANEL_01,2026-12-16T10:15:00+09:00,SYNTHETIC_HUMAN_SCENARIO,M1_EVIDENCE_RUBRIC_V02
DC_APP0076_M1_SKILL_01_000164,APP0076,C0076,M1_SKILL_01,MODERATE,AGREED,"{""difference_types"":[""EVIDENCE_EVOLUTION""],""disputed_evidence_ids"":[],""limited_evidence_ids"":[],""meaningful_conflict_refs"":[],""missing_evidence_ids"":[""EV_APP0076_FIRST_INTERVIEW_TECHNICAL_ASSESSMENT_M1_SKILL_01""],""reason"":""동일 Skill의 독립된 직접 관찰로 수행 범위를 확인했다. 다른 맥락의 제한/모호성은 해당 근거의 한계로 보존한다."",""rubric_review"":""직접 관찰의 행동·검증을 검토하며 다른 맥락의 한계와 평가자 차이를 보존한다."",""supporting_observation_ids"":[""OB_FIRST_PANEL_05_ML_ENGINEER_EV_APP0076_FIRST_INTERVIEW_AI_CASE_M1_SKILL_01"",""OB_FIRST_PANEL_05_HIRING_MANAGER_EV_APP0076_FIRST_INTERVIEW_AI_CASE_M1_SKILL_01"",""OB_FIRST_PANEL_05_TECHNICAL_REVIEWER_EV_APP0076_FIRST_INTERVIEW_AI_CASE_M1_SKILL_01""]}",CALIBRATION_PANEL_01,2026-12-17T10:15:00+09:00,SYNTHETIC_HUMAN_SCENARIO,M1_EVIDENCE_RUBRIC_V02
DC_APP0076_M1_SKILL_02_000165,APP0076,C0076,M1_SKILL_02,,DISAGREEMENT_REMAINS,"{""difference_types"":[""EVALUATOR_DISAGREEMENT""],""disputed_evidence_ids"":[""EV_APP0076_FIRST_INTERVIEW_TECHNICAL_ASSESSMENT_M1_SKILL_02""],""limited_evidence_ids"":[],""meaningful_conflict_refs"":[],""missing_evidence_ids"":[],""reason"":""동일 근거에 대한 평가자 해석 차이를 해소할 직접 관찰이 부족하다."",""rubric_review"":""직접 관찰의 행동·검증을 검토하며 다른 맥락의 한계와 평가자 차이를 보존한다."",""supporting_observation_ids"":[]}",CALIBRATION_PANEL_01,2026-12-17T10:15:00+09:00,SYNTHETIC_HUMAN_SCENARIO,M1_EVIDENCE_RUBRIC_V02
DC_APP0076_M1_SKILL_03_000166,APP0076,C0076,M1_SKILL_03,MODERATE,AGREED,"{""difference_types"":[""EVIDENCE_EVOLUTION""],""disputed_evidence_ids"":[],""limited_evidence_ids"":[],""meaningful_conflict_refs"":[],""missing_evidence_ids"":[],""reason"":""동일 Skill의 독립된 직접 관찰로 수행 범위를 확인했다. 다른 맥락의 제한/모호성은 해당 근거의 한계로 보존한다."",""rubric_review"":""직접 관찰의 행동·검증을 검토하며 다른 맥락의 한계와 평가자 차이를 보존한다."",""supporting_observation_ids"":[""OB_REVIEW_ML_01_EV_APP0076_PRE_ASSESSMENT_CODING_TEST_M1_SKILL_03"",""OB_REVIEW_HM_01_EV_APP0076_PRE_ASSESSMENT_CODING_TEST_M1_SKILL_03"",""OB_FIRST_PANEL_05_ML_ENGINEER_EV_APP0076_FIRST_INTERVIEW_AI_CASE_M1_SKILL_03"",""OB_FIRST_PANEL_05_HIRING_MANAGER_EV_APP0076_FIRST_INTERVIEW_AI_CASE_M1_SKILL_03"",""OB_FIRST_PANEL_05_TECHNICAL_REVIEWER_EV_APP0076_FIRST_INTERVIEW_AI_CASE_M1_SKILL_03""]}",CALIBRATION_PANEL_01,2026-12-17T10:15:00+09:00,SYNTHETIC_HUMAN_SCENARIO,M1_EVIDENCE_RUBRIC_V02
DC_APP0076_M1_SKILL_04_000167,APP0076,C0076,M1_SKILL_04,MODERATE,AGREED,"{""difference_types"":[],""disputed_evidence_ids"":[],""limited_evidence_ids"":[],""meaningful_conflict_refs"":[],""missing_evidence_ids"":[],""reason"":""동일 Skill의 독립된 직접 관찰로 수행 범위를 확인했다. 다른 맥락의 제한/모호성은 해당 근거의 한계로 보존한다."",""rubric_review"":""직접 관찰의 행동·검증을 검토하며 다른 맥락의 한계와 평가자 차이를 보존한다."",""supporting_observation_ids"":[""OB_FIRST_PANEL_05_ML_ENGINEER_EV_APP0076_FIRST_INTERVIEW_PRACTITIONER_QA_M1_SKILL_04"",""OB_FIRST_PANEL_05_HIRING_MANAGER_EV_APP0076_FIRST_INTERVIEW_PRACTITIONER_QA_M1_SKILL_04"",""OB_FIRST_PANEL_05_TECHNICAL_REVIEWER_EV_APP0076_FIRST_INTERVIEW_PRACTITIONER_QA_M1_SKILL_04""]}",CALIBRATION_PANEL_01,2026-12-17T10:15:00+09:00,SYNTHETIC_HUMAN_SCENARIO,M1_EVIDENCE_RUBRIC_V02
DC_APP0076_M1_SKILL_05_000168,APP0076,C0076,M1_SKILL_05,,DISAGREEMENT_REMAINS,"{""difference_types"":[""EVALUATOR_DISAGREEMENT""],""disputed_evidence_ids"":[""EV_APP0076_FIRST_INTERVIEW_PRACTITIONER_QA_M1_SKILL_05""],""limited_evidence_ids"":[],""meaningful_conflict_refs"":[],""missing_evidence_ids"":[],""reason"":""동일 근거에 대한 평가자 해석 차이를 해소할 직접 관찰이 부족하다."",""rubric_review"":""직접 관찰의 행동·검증을 검토하며 다른 맥락의 한계와 평가자 차이를 보존한다."",""supporting_observation_ids"":[]}",CALIBRATION_PANEL_01,2026-12-17T10:15:00+09:00,SYNTHETIC_HUMAN_SCENARIO,M1_EVIDENCE_RUBRIC_V02
DC_APP0076_M1_SKILL_06_000169,APP0076,C0076,M1_SKILL_06,MODERATE,AGREED,"{""difference_types"":[],""disputed_evidence_ids"":[],""limited_evidence_ids"":[],""meaningful_conflict_refs"":[],""missing_evidence_ids"":[],""reason"":""동일 Skill의 독립된 직접 관찰로 수행 범위를 확인했다. 다른 맥락의 제한/모호성은 해당 근거의 한계로 보존한다."",""rubric_review"":""직접 관찰의 행동·검증을 검토하며 다른 맥락의 한계와 평가자 차이를 보존한다."",""supporting_observation_ids"":[""OB_FIRST_PANEL_05_ML_ENGINEER_EV_APP0076_FIRST_INTERVIEW_PRACTITIONER_QA_M1_SKILL_06"",""OB_FIRST_PANEL_05_HIRING_MANAGER_EV_APP0076_FIRST_INTERVIEW_PRACTITIONER_QA_M1_SKILL_06"",""OB_FIRST_PANEL_05_TECHNICAL_REVIEWER_EV_APP0076_FIRST_INTERVIEW_PRACTITIONER_QA_M1_SKILL_06""]}",CALIBRATION_PANEL_01,2026-12-17T10:15:00+09:00,SYNTHETIC_HUMAN_SCENARIO,M1_EVIDENCE_RUBRIC_V02
DC_APP0076_M1_SKILL_07_000170,APP0076,C0076,M1_SKILL_07,LIMITED,AGREED,"{""difference_types"":[],""disputed_evidence_ids"":[],""limited_evidence_ids"":[""EV_APP0076_FIRST_INTERVIEW_TECHNICAL_ASSESSMENT_M1_SKILL_07""],""meaningful_conflict_refs"":[],""missing_evidence_ids"":[],""reason"":""관찰된 직접 근거의 범위가 제한적이다. 자기기술만으로 보완하지 않는다."",""rubric_review"":""직접 관찰의 행동·검증을 검토하며 다른 맥락의 한계와 평가자 차이를 보존한다."",""supporting_observation_ids"":[""OB_FIRST_PANEL_05_ML_ENGINEER_EV_APP0076_FIRST_INTERVIEW_TECHNICAL_ASSESSMENT_M1_SKILL_07"",""OB_FIRST_PANEL_05_HIRING_MANAGER_EV_APP0076_FIRST_INTERVIEW_TECHNICAL_ASSESSMENT_M1_SKILL_07"",""OB_FIRST_PANEL_05_TECHNICAL_REVIEWER_EV_APP0076_FIRST_INTERVIEW_TECHNICAL_ASSESSMENT_M1_SKILL_07""]}",CALIBRATION_PANEL_01,2026-12-17T10:15:00+09:00,SYNTHETIC_HUMAN_SCENARIO,M1_EVIDENCE_RUBRIC_V02
DC_APP0076_M1_SKILL_08_000171,APP0076,C0076,M1_SKILL_08,MODERATE,AGREED,"{""difference_types"":[],""disputed_evidence_ids"":[],""limited_evidence_ids"":[],""meaningful_conflict_refs"":[],""missing_evidence_ids"":[],""reason"":""동일 Skill의 독립된 직접 관찰로 수행 범위를 확인했다. 다른 맥락의 제한/모호성은 해당 근거의 한계로 보존한다."",""rubric_review"":""직접 관찰의 행동·검증을 검토하며 다른 맥락의 한계와 평가자 차이를 보존한다."",""supporting_observation_ids"":[""OB_FIRST_PANEL_05_ML_ENGINEER_EV_APP0076_FIRST_INTERVIEW_PRACTITIONER_QA_M1_SKILL_08"",""OB_FIRST_PANEL_05_HIRING_MANAGER_EV_APP0076_FIRST_INTERVIEW_PRACTITIONER_QA_M1_SKILL_08"",""OB_FIRST_PANEL_05_TECHNICAL_REVIEWER_EV_APP0076_FIRST_INTERVIEW_PRACTITIONER_QA_M1_SKILL_08""]}",CALIBRATION_PANEL_01,2026-12-17T10:15:00+09:00,SYNTHETIC_HUMAN_SCENARIO,M1_EVIDENCE_RUBRIC_V02
DC_APP0082_M1_SKILL_01_000172,APP0082,C0082,M1_SKILL_01,MODERATE,AGREED,"{""difference_types"":[""EVIDENCE_EVOLUTION"",""CONTEXT_DIFFERENCE""],""disputed_evidence_ids"":[],""limited_evidence_ids"":[""EV_APP0082_FIRST_INTERVIEW_TECHNICAL_ASSESSMENT_M1_SKILL_01""],""meaningful_conflict_refs"":[],""missing_evidence_ids"":[],""reason"":""동일 Skill의 독립된 직접 관찰로 수행 범위를 확인했다. 다른 맥락의 제한/모호성은 해당 근거의 한계로 보존한다."",""rubric_review"":""직접 관찰의 행동·검증을 검토하며 다른 맥락의 한계와 평가자 차이를 보존한다."",""supporting_observation_ids"":[""OB_FIRST_PANEL_06_ML_ENGINEER_EV_APP0082_FIRST_INTERVIEW_AI_CASE_M1_SKILL_01"",""OB_FIRST_PANEL_06_HIRING_MANAGER_EV_APP0082_FIRST_INTERVIEW_AI_CASE_M1_SKILL_01"",""OB_FIRST_PANEL_06_TECHNICAL_REVIEWER_EV_APP0082_FIRST_INTERVIEW_AI_CASE_M1_SKILL_01""]}",CALIBRATION_PANEL_01,2026-12-17T10:00:00+09:00,SYNTHETIC_HUMAN_SCENARIO,M1_EVIDENCE_RUBRIC_V02
DC_APP0082_M1_SKILL_02_000173,APP0082,C0082,M1_SKILL_02,MODERATE,AGREED,"{""difference_types"":[],""disputed_evidence_ids"":[],""limited_evidence_ids"":[],""meaningful_conflict_refs"":[],""missing_evidence_ids"":[],""reason"":""동일 Skill의 독립된 직접 관찰로 수행 범위를 확인했다. 다른 맥락의 제한/모호성은 해당 근거의 한계로 보존한다."",""rubric_review"":""직접 관찰의 행동·검증을 검토하며 다른 맥락의 한계와 평가자 차이를 보존한다."",""supporting_observation_ids"":[""OB_FIRST_PANEL_06_ML_ENGINEER_EV_APP0082_FIRST_INTERVIEW_TECHNICAL_ASSESSMENT_M1_SKILL_02"",""OB_FIRST_PANEL_06_HIRING_MANAGER_EV_APP0082_FIRST_INTERVIEW_TECHNICAL_ASSESSMENT_M1_SKILL_02"",""OB_FIRST_PANEL_06_TECHNICAL_REVIEWER_EV_APP0082_FIRST_INTERVIEW_TECHNICAL_ASSESSMENT_M1_SKILL_02""]}",CALIBRATION_PANEL_01,2026-12-17T10:00:00+09:00,SYNTHETIC_HUMAN_SCENARIO,M1_EVIDENCE_RUBRIC_V02
DC_APP0082_M1_SKILL_03_000174,APP0082,C0082,M1_SKILL_03,MODERATE,AGREED,"{""difference_types"":[""EVIDENCE_EVOLUTION""],""disputed_evidence_ids"":[],""limited_evidence_ids"":[],""meaningful_conflict_refs"":[],""missing_evidence_ids"":[],""reason"":""동일 Skill의 독립된 직접 관찰로 수행 범위를 확인했다. 다른 맥락의 제한/모호성은 해당 근거의 한계로 보존한다."",""rubric_review"":""직접 관찰의 행동·검증을 검토하며 다른 맥락의 한계와 평가자 차이를 보존한다."",""supporting_observation_ids"":[""OB_REVIEW_ML_01_EV_APP0082_PRE_ASSESSMENT_CODING_TEST_M1_SKILL_03"",""OB_REVIEW_HM_01_EV_APP0082_PRE_ASSESSMENT_CODING_TEST_M1_SKILL_03"",""OB_FIRST_PANEL_06_ML_ENGINEER_EV_APP0082_FIRST_INTERVIEW_AI_CASE_M1_SKILL_03"",""OB_FIRST_PANEL_06_HIRING_MANAGER_EV_APP0082_FIRST_INTERVIEW_AI_CASE_M1_SKILL_03"",""OB_FIRST_PANEL_06_TECHNICAL_REVIEWER_EV_APP0082_FIRST_INTERVIEW_AI_CASE_M1_SKILL_03""]}",CALIBRATION_PANEL_01,2026-12-17T10:00:00+09:00,SYNTHETIC_HUMAN_SCENARIO,M1_EVIDENCE_RUBRIC_V02
DC_APP0082_M1_SKILL_04_000175,APP0082,C0082,M1_SKILL_04,MODERATE,AGREED,"{""difference_types"":[],""disputed_evidence_ids"":[],""limited_evidence_ids"":[],""meaningful_conflict_refs"":[],""missing_evidence_ids"":[],""reason"":""동일 Skill의 독립된 직접 관찰로 수행 범위를 확인했다. 다른 맥락의 제한/모호성은 해당 근거의 한계로 보존한다."",""rubric_review"":""직접 관찰의 행동·검증을 검토하며 다른 맥락의 한계와 평가자 차이를 보존한다."",""supporting_observation_ids"":[""OB_FIRST_PANEL_06_ML_ENGINEER_EV_APP0082_FIRST_INTERVIEW_PRACTITIONER_QA_M1_SKILL_04"",""OB_FIRST_PANEL_06_HIRING_MANAGER_EV_APP0082_FIRST_INTERVIEW_PRACTITIONER_QA_M1_SKILL_04"",""OB_FIRST_PANEL_06_TECHNICAL_REVIEWER_EV_APP0082_FIRST_INTERVIEW_PRACTITIONER_QA_M1_SKILL_04""]}",CALIBRATION_PANEL_01,2026-12-17T10:00:00+09:00,SYNTHETIC_HUMAN_SCENARIO,M1_EVIDENCE_RUBRIC_V02
DC_APP0082_M1_SKILL_05_000176,APP0082,C0082,M1_SKILL_05,MODERATE,AGREED,"{""difference_types"":[],""disputed_evidence_ids"":[],""limited_evidence_ids"":[],""meaningful_conflict_refs"":[],""missing_evidence_ids"":[],""reason"":""동일 Skill의 독립된 직접 관찰로 수행 범위를 확인했다. 다른 맥락의 제한/모호성은 해당 근거의 한계로 보존한다."",""rubric_review"":""직접 관찰의 행동·검증을 검토하며 다른 맥락의 한계와 평가자 차이를 보존한다."",""supporting_observation_ids"":[""OB_FIRST_PANEL_06_ML_ENGINEER_EV_APP0082_FIRST_INTERVIEW_PRACTITIONER_QA_M1_SKILL_05"",""OB_FIRST_PANEL_06_HIRING_MANAGER_EV_APP0082_FIRST_INTERVIEW_PRACTITIONER_QA_M1_SKILL_05"",""OB_FIRST_PANEL_06_TECHNICAL_REVIEWER_EV_APP0082_FIRST_INTERVIEW_PRACTITIONER_QA_M1_SKILL_05""]}",CALIBRATION_PANEL_01,2026-12-17T10:00:00+09:00,SYNTHETIC_HUMAN_SCENARIO,M1_EVIDENCE_RUBRIC_V02
DC_APP0082_M1_SKILL_06_000177,APP0082,C0082,M1_SKILL_06,STRONG,AGREED,"{""difference_types"":[],""disputed_evidence_ids"":[],""limited_evidence_ids"":[],""meaningful_conflict_refs"":[],""missing_evidence_ids"":[],""reason"":""동일 Skill의 독립된 직접 관찰로 수행 범위를 확인했다. 다른 맥락의 제한/모호성은 해당 근거의 한계로 보존한다."",""rubric_review"":""직접 관찰의 행동·검증을 검토하며 다른 맥락의 한계와 평가자 차이를 보존한다."",""supporting_observation_ids"":[""OB_FIRST_PANEL_06_ML_ENGINEER_EV_APP0082_FIRST_INTERVIEW_PRACTITIONER_QA_M1_SKILL_06"",""OB_FIRST_PANEL_06_HIRING_MANAGER_EV_APP0082_FIRST_INTERVIEW_PRACTITIONER_QA_M1_SKILL_06"",""OB_FIRST_PANEL_06_TECHNICAL_REVIEWER_EV_APP0082_FIRST_INTERVIEW_PRACTITIONER_QA_M1_SKILL_06""]}",CALIBRATION_PANEL_01,2026-12-17T10:00:00+09:00,SYNTHETIC_HUMAN_SCENARIO,M1_EVIDENCE_RUBRIC_V02
DC_APP0082_M1_SKILL_07_000178,APP0082,C0082,M1_SKILL_07,MODERATE,AGREED,"{""difference_types"":[],""disputed_evidence_ids"":[],""limited_evidence_ids"":[],""meaningful_conflict_refs"":[],""missing_evidence_ids"":[],""reason"":""동일 Skill의 독립된 직접 관찰로 수행 범위를 확인했다. 다른 맥락의 제한/모호성은 해당 근거의 한계로 보존한다."",""rubric_review"":""직접 관찰의 행동·검증을 검토하며 다른 맥락의 한계와 평가자 차이를 보존한다."",""supporting_observation_ids"":[""OB_FIRST_PANEL_06_ML_ENGINEER_EV_APP0082_FIRST_INTERVIEW_TECHNICAL_ASSESSMENT_M1_SKILL_07"",""OB_FIRST_PANEL_06_HIRING_MANAGER_EV_APP0082_FIRST_INTERVIEW_TECHNICAL_ASSESSMENT_M1_SKILL_07"",""OB_FIRST_PANEL_06_TECHNICAL_REVIEWER_EV_APP0082_FIRST_INTERVIEW_TECHNICAL_ASSESSMENT_M1_SKILL_07""]}",CALIBRATION_PANEL_01,2026-12-17T10:00:00+09:00,SYNTHETIC_HUMAN_SCENARIO,M1_EVIDENCE_RUBRIC_V02
DC_APP0082_M1_SKILL_08_000179,APP0082,C0082,M1_SKILL_08,STRONG,AGREED,"{""difference_types"":[],""disputed_evidence_ids"":[],""limited_evidence_ids"":[],""meaningful_conflict_refs"":[],""missing_evidence_ids"":[],""reason"":""동일 Skill의 독립된 직접 관찰로 수행 범위를 확인했다. 다른 맥락의 제한/모호성은 해당 근거의 한계로 보존한다."",""rubric_review"":""직접 관찰의 행동·검증을 검토하며 다른 맥락의 한계와 평가자 차이를 보존한다."",""supporting_observation_ids"":[""OB_FIRST_PANEL_06_ML_ENGINEER_EV_APP0082_FIRST_INTERVIEW_PRACTITIONER_QA_M1_SKILL_08"",""OB_FIRST_PANEL_06_HIRING_MANAGER_EV_APP0082_FIRST_INTERVIEW_PRACTITIONER_QA_M1_SKILL_08"",""OB_FIRST_PANEL_06_TECHNICAL_REVIEWER_EV_APP0082_FIRST_INTERVIEW_PRACTITIONER_QA_M1_SKILL_08""]}",CALIBRATION_PANEL_01,2026-12-17T10:00:00+09:00,SYNTHETIC_HUMAN_SCENARIO,M1_EVIDENCE_RUBRIC_V02
DC_APP0095_M1_SKILL_01_000180,APP0095,C0095,M1_SKILL_01,MODERATE,AGREED,"{""difference_types"":[""EVIDENCE_EVOLUTION"",""EVALUATOR_DISAGREEMENT""],""disputed_evidence_ids"":[""EV_APP0095_FIRST_INTERVIEW_AI_CASE_M1_SKILL_01""],""limited_evidence_ids"":[],""meaningful_conflict_refs"":[],""missing_evidence_ids"":[],""reason"":""동일 Skill의 독립된 직접 관찰로 수행 범위를 확인했다. 다른 맥락의 제한/모호성은 해당 근거의 한계로 보존한다."",""rubric_review"":""직접 관찰의 행동·검증을 검토하며 다른 맥락의 한계와 평가자 차이를 보존한다."",""supporting_observation_ids"":[""OB_FIRST_PANEL_08_ML_ENGINEER_EV_APP0095_FIRST_INTERVIEW_TECHNICAL_ASSESSMENT_M1_SKILL_01"",""OB_FIRST_PANEL_08_HIRING_MANAGER_EV_APP0095_FIRST_INTERVIEW_TECHNICAL_ASSESSMENT_M1_SKILL_01"",""OB_FIRST_PANEL_08_TECHNICAL_REVIEWER_EV_APP0095_FIRST_INTERVIEW_TECHNICAL_ASSESSMENT_M1_SKILL_01""]}",CALIBRATION_PANEL_01,2026-12-19T10:15:00+09:00,SYNTHETIC_HUMAN_SCENARIO,M1_EVIDENCE_RUBRIC_V02
DC_APP0095_M1_SKILL_02_000181,APP0095,C0095,M1_SKILL_02,LIMITED,AGREED,"{""difference_types"":[],""disputed_evidence_ids"":[],""limited_evidence_ids"":[""EV_APP0095_FIRST_INTERVIEW_TECHNICAL_ASSESSMENT_M1_SKILL_02""],""meaningful_conflict_refs"":[],""missing_evidence_ids"":[],""reason"":""관찰된 직접 근거의 범위가 제한적이다. 자기기술만으로 보완하지 않는다."",""rubric_review"":""직접 관찰의 행동·검증을 검토하며 다른 맥락의 한계와 평가자 차이를 보존한다."",""supporting_observation_ids"":[""OB_FIRST_PANEL_08_ML_ENGINEER_EV_APP0095_FIRST_INTERVIEW_TECHNICAL_ASSESSMENT_M1_SKILL_02"",""OB_FIRST_PANEL_08_HIRING_MANAGER_EV_APP0095_FIRST_INTERVIEW_TECHNICAL_ASSESSMENT_M1_SKILL_02"",""OB_FIRST_PANEL_08_TECHNICAL_REVIEWER_EV_APP0095_FIRST_INTERVIEW_TECHNICAL_ASSESSMENT_M1_SKILL_02""]}",CALIBRATION_PANEL_01,2026-12-19T10:15:00+09:00,SYNTHETIC_HUMAN_SCENARIO,M1_EVIDENCE_RUBRIC_V02
DC_APP0095_M1_SKILL_03_000182,APP0095,C0095,M1_SKILL_03,STRONG,AGREED,"{""difference_types"":[""EVIDENCE_EVOLUTION"",""CONTEXT_DIFFERENCE""],""disputed_evidence_ids"":[],""limited_evidence_ids"":[""EV_APP0095_FIRST_INTERVIEW_AI_CASE_M1_SKILL_03""],""meaningful_conflict_refs"":[],""missing_evidence_ids"":[],""reason"":""동일 Skill의 독립된 직접 관찰로 수행 범위를 확인했다. 다른 맥락의 제한/모호성은 해당 근거의 한계로 보존한다."",""rubric_review"":""직접 관찰의 행동·검증을 검토하며 다른 맥락의 한계와 평가자 차이를 보존한다."",""supporting_observation_ids"":[""OB_REVIEW_ML_01_EV_APP0095_PRE_ASSESSMENT_CODING_TEST_M1_SKILL_03"",""OB_REVIEW_HM_01_EV_APP0095_PRE_ASSESSMENT_CODING_TEST_M1_SKILL_03""]}",CALIBRATION_PANEL_01,2026-12-19T10:15:00+09:00,SYNTHETIC_HUMAN_SCENARIO,M1_EVIDENCE_RUBRIC_V02
DC_APP0095_M1_SKILL_04_000183,APP0095,C0095,M1_SKILL_04,MODERATE,AGREED,"{""difference_types"":[],""disputed_evidence_ids"":[],""limited_evidence_ids"":[],""meaningful_conflict_refs"":[],""missing_evidence_ids"":[],""reason"":""동일 Skill의 독립된 직접 관찰로 수행 범위를 확인했다. 다른 맥락의 제한/모호성은 해당 근거의 한계로 보존한다."",""rubric_review"":""직접 관찰의 행동·검증을 검토하며 다른 맥락의 한계와 평가자 차이를 보존한다."",""supporting_observation_ids"":[""OB_FIRST_PANEL_08_ML_ENGINEER_EV_APP0095_FIRST_INTERVIEW_PRACTITIONER_QA_M1_SKILL_04"",""OB_FIRST_PANEL_08_HIRING_MANAGER_EV_APP0095_FIRST_INTERVIEW_PRACTITIONER_QA_M1_SKILL_04"",""OB_FIRST_PANEL_08_TECHNICAL_REVIEWER_EV_APP0095_FIRST_INTERVIEW_PRACTITIONER_QA_M1_SKILL_04""]}",CALIBRATION_PANEL_01,2026-12-19T10:15:00+09:00,SYNTHETIC_HUMAN_SCENARIO,M1_EVIDENCE_RUBRIC_V02
DC_APP0095_M1_SKILL_05_000184,APP0095,C0095,M1_SKILL_05,,INSUFFICIENT_EVIDENCE,"{""difference_types"":[],""disputed_evidence_ids"":[],""limited_evidence_ids"":[],""meaningful_conflict_refs"":[],""missing_evidence_ids"":[""EV_APP0095_FIRST_INTERVIEW_PRACTITIONER_QA_M1_SKILL_05""],""reason"":""직접 판단 근거 부족. 미관찰을 역량 부재로 해석하지 않는다."",""rubric_review"":""직접 관찰의 행동·검증을 검토하며 다른 맥락의 한계와 평가자 차이를 보존한다."",""supporting_observation_ids"":[]}",CALIBRATION_PANEL_01,2026-12-19T10:15:00+09:00,SYNTHETIC_HUMAN_SCENARIO,M1_EVIDENCE_RUBRIC_V02
DC_APP0095_M1_SKILL_06_000185,APP0095,C0095,M1_SKILL_06,,INSUFFICIENT_EVIDENCE,"{""difference_types"":[],""disputed_evidence_ids"":[],""limited_evidence_ids"":[],""meaningful_conflict_refs"":[],""missing_evidence_ids"":[""EV_APP0095_FIRST_INTERVIEW_PRACTITIONER_QA_M1_SKILL_06""],""reason"":""직접 판단 근거 부족. 미관찰을 역량 부재로 해석하지 않는다."",""rubric_review"":""직접 관찰의 행동·검증을 검토하며 다른 맥락의 한계와 평가자 차이를 보존한다."",""supporting_observation_ids"":[]}",CALIBRATION_PANEL_01,2026-12-19T10:15:00+09:00,SYNTHETIC_HUMAN_SCENARIO,M1_EVIDENCE_RUBRIC_V02
DC_APP0095_M1_SKILL_07_000186,APP0095,C0095,M1_SKILL_07,LIMITED,AGREED,"{""difference_types"":[],""disputed_evidence_ids"":[],""limited_evidence_ids"":[""EV_APP0095_FIRST_INTERVIEW_TECHNICAL_ASSESSMENT_M1_SKILL_07""],""meaningful_conflict_refs"":[],""missing_evidence_ids"":[],""reason"":""관찰된 직접 근거의 범위가 제한적이다. 자기기술만으로 보완하지 않는다."",""rubric_review"":""직접 관찰의 행동·검증을 검토하며 다른 맥락의 한계와 평가자 차이를 보존한다."",""supporting_observation_ids"":[""OB_FIRST_PANEL_08_ML_ENGINEER_EV_APP0095_FIRST_INTERVIEW_TECHNICAL_ASSESSMENT_M1_SKILL_07"",""OB_FIRST_PANEL_08_HIRING_MANAGER_EV_APP0095_FIRST_INTERVIEW_TECHNICAL_ASSESSMENT_M1_SKILL_07"",""OB_FIRST_PANEL_08_TECHNICAL_REVIEWER_EV_APP0095_FIRST_INTERVIEW_TECHNICAL_ASSESSMENT_M1_SKILL_07""]}",CALIBRATION_PANEL_01,2026-12-19T10:15:00+09:00,SYNTHETIC_HUMAN_SCENARIO,M1_EVIDENCE_RUBRIC_V02
DC_APP0095_M1_SKILL_08_000187,APP0095,C0095,M1_SKILL_08,,DISAGREEMENT_REMAINS,"{""difference_types"":[""EVALUATOR_DISAGREEMENT""],""disputed_evidence_ids"":[""EV_APP0095_FIRST_INTERVIEW_PRACTITIONER_QA_M1_SKILL_08""],""limited_evidence_ids"":[],""meaningful_conflict_refs"":[],""missing_evidence_ids"":[],""reason"":""동일 근거에 대한 평가자 해석 차이를 해소할 직접 관찰이 부족하다."",""rubric_review"":""직접 관찰의 행동·검증을 검토하며 다른 맥락의 한계와 평가자 차이를 보존한다."",""supporting_observation_ids"":[]}",CALIBRATION_PANEL_01,2026-12-19T10:15:00+09:00,SYNTHETIC_HUMAN_SCENARIO,M1_EVIDENCE_RUBRIC_V02
DC_APP0101_M1_SKILL_01_000188,APP0101,C0101,M1_SKILL_01,MODERATE,AGREED,"{""difference_types"":[""EVIDENCE_EVOLUTION"",""CONTEXT_DIFFERENCE""],""disputed_evidence_ids"":[],""limited_evidence_ids"":[""EV_APP0101_FIRST_INTERVIEW_TECHNICAL_ASSESSMENT_M1_SKILL_01""],""meaningful_conflict_refs"":[],""missing_evidence_ids"":[],""reason"":""동일 Skill의 독립된 직접 관찰로 수행 범위를 확인했다. 다른 맥락의 제한/모호성은 해당 근거의 한계로 보존한다."",""rubric_review"":""직접 관찰의 행동·검증을 검토하며 다른 맥락의 한계와 평가자 차이를 보존한다."",""supporting_observation_ids"":[""OB_FIRST_PANEL_09_ML_ENGINEER_EV_APP0101_FIRST_INTERVIEW_AI_CASE_M1_SKILL_01"",""OB_FIRST_PANEL_09_HIRING_MANAGER_EV_APP0101_FIRST_INTERVIEW_AI_CASE_M1_SKILL_01"",""OB_FIRST_PANEL_09_TECHNICAL_REVIEWER_EV_APP0101_FIRST_INTERVIEW_AI_CASE_M1_SKILL_01""]}",CALIBRATION_PANEL_01,2026-12-15T10:00:00+09:00,SYNTHETIC_HUMAN_SCENARIO,M1_EVIDENCE_RUBRIC_V02
DC_APP0101_M1_SKILL_02_000189,APP0101,C0101,M1_SKILL_02,,INSUFFICIENT_EVIDENCE,"{""difference_types"":[],""disputed_evidence_ids"":[],""limited_evidence_ids"":[],""meaningful_conflict_refs"":[],""missing_evidence_ids"":[""EV_APP0101_FIRST_INTERVIEW_TECHNICAL_ASSESSMENT_M1_SKILL_02""],""reason"":""직접 판단 근거 부족. 미관찰을 역량 부재로 해석하지 않는다."",""rubric_review"":""직접 관찰의 행동·검증을 검토하며 다른 맥락의 한계와 평가자 차이를 보존한다."",""supporting_observation_ids"":[]}",CALIBRATION_PANEL_01,2026-12-15T10:00:00+09:00,SYNTHETIC_HUMAN_SCENARIO,M1_EVIDENCE_RUBRIC_V02
DC_APP0101_M1_SKILL_03_000190,APP0101,C0101,M1_SKILL_03,STRONG,AGREED,"{""difference_types"":[""EVIDENCE_EVOLUTION""],""disputed_evidence_ids"":[],""limited_evidence_ids"":[],""meaningful_conflict_refs"":[],""missing_evidence_ids"":[],""reason"":""동일 Skill의 독립된 직접 관찰로 수행 범위를 확인했다. 다른 맥락의 제한/모호성은 해당 근거의 한계로 보존한다."",""rubric_review"":""직접 관찰의 행동·검증을 검토하며 다른 맥락의 한계와 평가자 차이를 보존한다."",""supporting_observation_ids"":[""OB_REVIEW_ML_01_EV_APP0101_PRE_ASSESSMENT_CODING_TEST_M1_SKILL_03"",""OB_REVIEW_HM_01_EV_APP0101_PRE_ASSESSMENT_CODING_TEST_M1_SKILL_03"",""OB_FIRST_PANEL_09_ML_ENGINEER_EV_APP0101_FIRST_INTERVIEW_AI_CASE_M1_SKILL_03"",""OB_FIRST_PANEL_09_HIRING_MANAGER_EV_APP0101_FIRST_INTERVIEW_AI_CASE_M1_SKILL_03"",""OB_FIRST_PANEL_09_TECHNICAL_REVIEWER_EV_APP0101_FIRST_INTERVIEW_AI_CASE_M1_SKILL_03""]}",CALIBRATION_PANEL_01,2026-12-15T10:00:00+09:00,SYNTHETIC_HUMAN_SCENARIO,M1_EVIDENCE_RUBRIC_V02
DC_APP0101_M1_SKILL_04_000191,APP0101,C0101,M1_SKILL_04,MODERATE,AGREED,"{""difference_types"":[],""disputed_evidence_ids"":[],""limited_evidence_ids"":[],""meaningful_conflict_refs"":[],""missing_evidence_ids"":[],""reason"":""동일 Skill의 독립된 직접 관찰로 수행 범위를 확인했다. 다른 맥락의 제한/모호성은 해당 근거의 한계로 보존한다."",""rubric_review"":""직접 관찰의 행동·검증을 검토하며 다른 맥락의 한계와 평가자 차이를 보존한다."",""supporting_observation_ids"":[""OB_FIRST_PANEL_09_ML_ENGINEER_EV_APP0101_FIRST_INTERVIEW_PRACTITIONER_QA_M1_SKILL_04"",""OB_FIRST_PANEL_09_HIRING_MANAGER_EV_APP0101_FIRST_INTERVIEW_PRACTITIONER_QA_M1_SKILL_04"",""OB_FIRST_PANEL_09_TECHNICAL_REVIEWER_EV_APP0101_FIRST_INTERVIEW_PRACTITIONER_QA_M1_SKILL_04""]}",CALIBRATION_PANEL_01,2026-12-15T10:00:00+09:00,SYNTHETIC_HUMAN_SCENARIO,M1_EVIDENCE_RUBRIC_V02
DC_APP0101_M1_SKILL_05_000192,APP0101,C0101,M1_SKILL_05,STRONG,AGREED,"{""difference_types"":[],""disputed_evidence_ids"":[],""limited_evidence_ids"":[],""meaningful_conflict_refs"":[],""missing_evidence_ids"":[],""reason"":""동일 Skill의 독립된 직접 관찰로 수행 범위를 확인했다. 다른 맥락의 제한/모호성은 해당 근거의 한계로 보존한다."",""rubric_review"":""직접 관찰의 행동·검증을 검토하며 다른 맥락의 한계와 평가자 차이를 보존한다."",""supporting_observation_ids"":[""OB_FIRST_PANEL_09_ML_ENGINEER_EV_APP0101_FIRST_INTERVIEW_PRACTITIONER_QA_M1_SKILL_05"",""OB_FIRST_PANEL_09_HIRING_MANAGER_EV_APP0101_FIRST_INTERVIEW_PRACTITIONER_QA_M1_SKILL_05"",""OB_FIRST_PANEL_09_TECHNICAL_REVIEWER_EV_APP0101_FIRST_INTERVIEW_PRACTITIONER_QA_M1_SKILL_05""]}",CALIBRATION_PANEL_01,2026-12-15T10:00:00+09:00,SYNTHETIC_HUMAN_SCENARIO,M1_EVIDENCE_RUBRIC_V02
DC_APP0101_M1_SKILL_06_000193,APP0101,C0101,M1_SKILL_06,MODERATE,AGREED,"{""difference_types"":[],""disputed_evidence_ids"":[],""limited_evidence_ids"":[],""meaningful_conflict_refs"":[],""missing_evidence_ids"":[],""reason"":""동일 Skill의 독립된 직접 관찰로 수행 범위를 확인했다. 다른 맥락의 제한/모호성은 해당 근거의 한계로 보존한다."",""rubric_review"":""직접 관찰의 행동·검증을 검토하며 다른 맥락의 한계와 평가자 차이를 보존한다."",""supporting_observation_ids"":[""OB_FIRST_PANEL_09_ML_ENGINEER_EV_APP0101_FIRST_INTERVIEW_PRACTITIONER_QA_M1_SKILL_06"",""OB_FIRST_PANEL_09_HIRING_MANAGER_EV_APP0101_FIRST_INTERVIEW_PRACTITIONER_QA_M1_SKILL_06"",""OB_FIRST_PANEL_09_TECHNICAL_REVIEWER_EV_APP0101_FIRST_INTERVIEW_PRACTITIONER_QA_M1_SKILL_06""]}",CALIBRATION_PANEL_01,2026-12-15T10:00:00+09:00,SYNTHETIC_HUMAN_SCENARIO,M1_EVIDENCE_RUBRIC_V02
DC_APP0101_M1_SKILL_07_000194,APP0101,C0101,M1_SKILL_07,MODERATE,AGREED,"{""difference_types"":[],""disputed_evidence_ids"":[],""limited_evidence_ids"":[],""meaningful_conflict_refs"":[],""missing_evidence_ids"":[],""reason"":""동일 Skill의 독립된 직접 관찰로 수행 범위를 확인했다. 다른 맥락의 제한/모호성은 해당 근거의 한계로 보존한다."",""rubric_review"":""직접 관찰의 행동·검증을 검토하며 다른 맥락의 한계와 평가자 차이를 보존한다."",""supporting_observation_ids"":[""OB_FIRST_PANEL_09_ML_ENGINEER_EV_APP0101_FIRST_INTERVIEW_TECHNICAL_ASSESSMENT_M1_SKILL_07"",""OB_FIRST_PANEL_09_HIRING_MANAGER_EV_APP0101_FIRST_INTERVIEW_TECHNICAL_ASSESSMENT_M1_SKILL_07"",""OB_FIRST_PANEL_09_TECHNICAL_REVIEWER_EV_APP0101_FIRST_INTERVIEW_TECHNICAL_ASSESSMENT_M1_SKILL_07""]}",CALIBRATION_PANEL_01,2026-12-15T10:00:00+09:00,SYNTHETIC_HUMAN_SCENARIO,M1_EVIDENCE_RUBRIC_V02
DC_APP0101_M1_SKILL_08_000195,APP0101,C0101,M1_SKILL_08,MODERATE,AGREED,"{""difference_types"":[],""disputed_evidence_ids"":[],""limited_evidence_ids"":[],""meaningful_conflict_refs"":[],""missing_evidence_ids"":[],""reason"":""동일 Skill의 독립된 직접 관찰로 수행 범위를 확인했다. 다른 맥락의 제한/모호성은 해당 근거의 한계로 보존한다."",""rubric_review"":""직접 관찰의 행동·검증을 검토하며 다른 맥락의 한계와 평가자 차이를 보존한다."",""supporting_observation_ids"":[""OB_FIRST_PANEL_09_ML_ENGINEER_EV_APP0101_FIRST_INTERVIEW_PRACTITIONER_QA_M1_SKILL_08"",""OB_FIRST_PANEL_09_HIRING_MANAGER_EV_APP0101_FIRST_INTERVIEW_PRACTITIONER_QA_M1_SKILL_08"",""OB_FIRST_PANEL_09_TECHNICAL_REVIEWER_EV_APP0101_FIRST_INTERVIEW_PRACTITIONER_QA_M1_SKILL_08""]}",CALIBRATION_PANEL_01,2026-12-15T10:00:00+09:00,SYNTHETIC_HUMAN_SCENARIO,M1_EVIDENCE_RUBRIC_V02
DC_APP0105_M1_SKILL_01_000196,APP0105,C0105,M1_SKILL_01,MODERATE,AGREED,"{""difference_types"":[""EVIDENCE_EVOLUTION""],""disputed_evidence_ids"":[],""limited_evidence_ids"":[],""meaningful_conflict_refs"":[],""missing_evidence_ids"":[],""reason"":""동일 Skill의 독립된 직접 관찰로 수행 범위를 확인했다. 다른 맥락의 제한/모호성은 해당 근거의 한계로 보존한다."",""rubric_review"":""직접 관찰의 행동·검증을 검토하며 다른 맥락의 한계와 평가자 차이를 보존한다."",""supporting_observation_ids"":[""OB_FIRST_PANEL_10_ML_ENGINEER_EV_APP0105_FIRST_INTERVIEW_TECHNICAL_ASSESSMENT_M1_SKILL_01"",""OB_FIRST_PANEL_10_HIRING_MANAGER_EV_APP0105_FIRST_INTERVIEW_TECHNICAL_ASSESSMENT_M1_SKILL_01"",""OB_FIRST_PANEL_10_TECHNICAL_REVIEWER_EV_APP0105_FIRST_INTERVIEW_TECHNICAL_ASSESSMENT_M1_SKILL_01"",""OB_FIRST_PANEL_10_ML_ENGINEER_EV_APP0105_FIRST_INTERVIEW_AI_CASE_M1_SKILL_01"",""OB_FIRST_PANEL_10_HIRING_MANAGER_EV_APP0105_FIRST_INTERVIEW_AI_CASE_M1_SKILL_01"",""OB_FIRST_PANEL_10_TECHNICAL_REVIEWER_EV_APP0105_FIRST_INTERVIEW_AI_CASE_M1_SKILL_01""]}",CALIBRATION_PANEL_01,2026-12-17T10:15:00+09:00,SYNTHETIC_HUMAN_SCENARIO,M1_EVIDENCE_RUBRIC_V02
DC_APP0105_M1_SKILL_02_000197,APP0105,C0105,M1_SKILL_02,MODERATE,AGREED,"{""difference_types"":[],""disputed_evidence_ids"":[],""limited_evidence_ids"":[],""meaningful_conflict_refs"":[],""missing_evidence_ids"":[],""reason"":""동일 Skill의 독립된 직접 관찰로 수행 범위를 확인했다. 다른 맥락의 제한/모호성은 해당 근거의 한계로 보존한다."",""rubric_review"":""직접 관찰의 행동·검증을 검토하며 다른 맥락의 한계와 평가자 차이를 보존한다."",""supporting_observation_ids"":[""OB_FIRST_PANEL_10_ML_ENGINEER_EV_APP0105_FIRST_INTERVIEW_TECHNICAL_ASSESSMENT_M1_SKILL_02"",""OB_FIRST_PANEL_10_HIRING_MANAGER_EV_APP0105_FIRST_INTERVIEW_TECHNICAL_ASSESSMENT_M1_SKILL_02"",""OB_FIRST_PANEL_10_TECHNICAL_REVIEWER_EV_APP0105_FIRST_INTERVIEW_TECHNICAL_ASSESSMENT_M1_SKILL_02""]}",CALIBRATION_PANEL_01,2026-12-17T10:15:00+09:00,SYNTHETIC_HUMAN_SCENARIO,M1_EVIDENCE_RUBRIC_V02
DC_APP0105_M1_SKILL_03_000198,APP0105,C0105,M1_SKILL_03,MODERATE,AGREED,"{""difference_types"":[""EVIDENCE_EVOLUTION""],""disputed_evidence_ids"":[],""limited_evidence_ids"":[],""meaningful_conflict_refs"":[],""missing_evidence_ids"":[""EV_APP0105_FIRST_INTERVIEW_AI_CASE_M1_SKILL_03""],""reason"":""동일 Skill의 독립된 직접 관찰로 수행 범위를 확인했다. 다른 맥락의 제한/모호성은 해당 근거의 한계로 보존한다."",""rubric_review"":""직접 관찰의 행동·검증을 검토하며 다른 맥락의 한계와 평가자 차이를 보존한다."",""supporting_observation_ids"":[""OB_REVIEW_ML_01_EV_APP0105_PRE_ASSESSMENT_CODING_TEST_M1_SKILL_03"",""OB_REVIEW_HM_01_EV_APP0105_PRE_ASSESSMENT_CODING_TEST_M1_SKILL_03""]}",CALIBRATION_PANEL_01,2026-12-17T10:15:00+09:00,SYNTHETIC_HUMAN_SCENARIO,M1_EVIDENCE_RUBRIC_V02
DC_APP0105_M1_SKILL_04_000199,APP0105,C0105,M1_SKILL_04,MODERATE,AGREED,"{""difference_types"":[],""disputed_evidence_ids"":[],""limited_evidence_ids"":[],""meaningful_conflict_refs"":[],""missing_evidence_ids"":[],""reason"":""동일 Skill의 독립된 직접 관찰로 수행 범위를 확인했다. 다른 맥락의 제한/모호성은 해당 근거의 한계로 보존한다."",""rubric_review"":""직접 관찰의 행동·검증을 검토하며 다른 맥락의 한계와 평가자 차이를 보존한다."",""supporting_observation_ids"":[""OB_FIRST_PANEL_10_ML_ENGINEER_EV_APP0105_FIRST_INTERVIEW_PRACTITIONER_QA_M1_SKILL_04"",""OB_FIRST_PANEL_10_HIRING_MANAGER_EV_APP0105_FIRST_INTERVIEW_PRACTITIONER_QA_M1_SKILL_04"",""OB_FIRST_PANEL_10_TECHNICAL_REVIEWER_EV_APP0105_FIRST_INTERVIEW_PRACTITIONER_QA_M1_SKILL_04""]}",CALIBRATION_PANEL_01,2026-12-17T10:15:00+09:00,SYNTHETIC_HUMAN_SCENARIO,M1_EVIDENCE_RUBRIC_V02
DC_APP0105_M1_SKILL_05_000200,APP0105,C0105,M1_SKILL_05,,DISAGREEMENT_REMAINS,"{""difference_types"":[""EVALUATOR_DISAGREEMENT""],""disputed_evidence_ids"":[""EV_APP0105_FIRST_INTERVIEW_PRACTITIONER_QA_M1_SKILL_05""],""limited_evidence_ids"":[],""meaningful_conflict_refs"":[],""missing_evidence_ids"":[],""reason"":""동일 근거에 대한 평가자 해석 차이를 해소할 직접 관찰이 부족하다."",""rubric_review"":""직접 관찰의 행동·검증을 검토하며 다른 맥락의 한계와 평가자 차이를 보존한다."",""supporting_observation_ids"":[]}",CALIBRATION_PANEL_01,2026-12-17T10:15:00+09:00,SYNTHETIC_HUMAN_SCENARIO,M1_EVIDENCE_RUBRIC_V02
DC_APP0105_M1_SKILL_06_000201,APP0105,C0105,M1_SKILL_06,STRONG,AGREED,"{""difference_types"":[],""disputed_evidence_ids"":[],""limited_evidence_ids"":[],""meaningful_conflict_refs"":[],""missing_evidence_ids"":[],""reason"":""동일 Skill의 독립된 직접 관찰로 수행 범위를 확인했다. 다른 맥락의 제한/모호성은 해당 근거의 한계로 보존한다."",""rubric_review"":""직접 관찰의 행동·검증을 검토하며 다른 맥락의 한계와 평가자 차이를 보존한다."",""supporting_observation_ids"":[""OB_FIRST_PANEL_10_ML_ENGINEER_EV_APP0105_FIRST_INTERVIEW_PRACTITIONER_QA_M1_SKILL_06"",""OB_FIRST_PANEL_10_HIRING_MANAGER_EV_APP0105_FIRST_INTERVIEW_PRACTITIONER_QA_M1_SKILL_06"",""OB_FIRST_PANEL_10_TECHNICAL_REVIEWER_EV_APP0105_FIRST_INTERVIEW_PRACTITIONER_QA_M1_SKILL_06""]}",CALIBRATION_PANEL_01,2026-12-17T10:15:00+09:00,SYNTHETIC_HUMAN_SCENARIO,M1_EVIDENCE_RUBRIC_V02
DC_APP0105_M1_SKILL_07_000202,APP0105,C0105,M1_SKILL_07,LIMITED,AGREED,"{""difference_types"":[],""disputed_evidence_ids"":[],""limited_evidence_ids"":[""EV_APP0105_FIRST_INTERVIEW_TECHNICAL_ASSESSMENT_M1_SKILL_07""],""meaningful_conflict_refs"":[],""missing_evidence_ids"":[],""reason"":""관찰된 직접 근거의 범위가 제한적이다. 자기기술만으로 보완하지 않는다."",""rubric_review"":""직접 관찰의 행동·검증을 검토하며 다른 맥락의 한계와 평가자 차이를 보존한다."",""supporting_observation_ids"":[""OB_FIRST_PANEL_10_ML_ENGINEER_EV_APP0105_FIRST_INTERVIEW_TECHNICAL_ASSESSMENT_M1_SKILL_07"",""OB_FIRST_PANEL_10_HIRING_MANAGER_EV_APP0105_FIRST_INTERVIEW_TECHNICAL_ASSESSMENT_M1_SKILL_07"",""OB_FIRST_PANEL_10_TECHNICAL_REVIEWER_EV_APP0105_FIRST_INTERVIEW_TECHNICAL_ASSESSMENT_M1_SKILL_07""]}",CALIBRATION_PANEL_01,2026-12-17T10:15:00+09:00,SYNTHETIC_HUMAN_SCENARIO,M1_EVIDENCE_RUBRIC_V02
DC_APP0105_M1_SKILL_08_000203,APP0105,C0105,M1_SKILL_08,,INSUFFICIENT_EVIDENCE,"{""difference_types"":[],""disputed_evidence_ids"":[],""limited_evidence_ids"":[],""meaningful_conflict_refs"":[],""missing_evidence_ids"":[""EV_APP0105_FIRST_INTERVIEW_PRACTITIONER_QA_M1_SKILL_08""],""reason"":""직접 판단 근거 부족. 미관찰을 역량 부재로 해석하지 않는다."",""rubric_review"":""직접 관찰의 행동·검증을 검토하며 다른 맥락의 한계와 평가자 차이를 보존한다."",""supporting_observation_ids"":[]}",CALIBRATION_PANEL_01,2026-12-17T10:15:00+09:00,SYNTHETIC_HUMAN_SCENARIO,M1_EVIDENCE_RUBRIC_V02
DC_APP0107_M1_SKILL_01_000204,APP0107,C0107,M1_SKILL_01,MODERATE,AGREED,"{""difference_types"":[""EVALUATOR_DISAGREEMENT""],""disputed_evidence_ids"":[""EV_APP0107_FIRST_INTERVIEW_AI_CASE_M1_SKILL_01""],""limited_evidence_ids"":[],""meaningful_conflict_refs"":[],""missing_evidence_ids"":[],""reason"":""동일 Skill의 독립된 직접 관찰로 수행 범위를 확인했다. 다른 맥락의 제한/모호성은 해당 근거의 한계로 보존한다."",""rubric_review"":""직접 관찰의 행동·검증을 검토하며 다른 맥락의 한계와 평가자 차이를 보존한다."",""supporting_observation_ids"":[""OB_FIRST_PANEL_01_ML_ENGINEER_EV_APP0107_FIRST_INTERVIEW_TECHNICAL_ASSESSMENT_M1_SKILL_01"",""OB_FIRST_PANEL_01_HIRING_MANAGER_EV_APP0107_FIRST_INTERVIEW_TECHNICAL_ASSESSMENT_M1_SKILL_01"",""OB_FIRST_PANEL_01_TECHNICAL_REVIEWER_EV_APP0107_FIRST_INTERVIEW_TECHNICAL_ASSESSMENT_M1_SKILL_01""]}",CALIBRATION_PANEL_01,2026-12-18T10:15:00+09:00,SYNTHETIC_HUMAN_SCENARIO,M1_EVIDENCE_RUBRIC_V02
DC_APP0107_M1_SKILL_02_000205,APP0107,C0107,M1_SKILL_02,,INSUFFICIENT_EVIDENCE,"{""difference_types"":[],""disputed_evidence_ids"":[],""limited_evidence_ids"":[],""meaningful_conflict_refs"":[],""missing_evidence_ids"":[""EV_APP0107_FIRST_INTERVIEW_TECHNICAL_ASSESSMENT_M1_SKILL_02""],""reason"":""직접 판단 근거 부족. 미관찰을 역량 부재로 해석하지 않는다."",""rubric_review"":""직접 관찰의 행동·검증을 검토하며 다른 맥락의 한계와 평가자 차이를 보존한다."",""supporting_observation_ids"":[]}",CALIBRATION_PANEL_01,2026-12-18T10:15:00+09:00,SYNTHETIC_HUMAN_SCENARIO,M1_EVIDENCE_RUBRIC_V02
DC_APP0107_M1_SKILL_03_000206,APP0107,C0107,M1_SKILL_03,MODERATE,AGREED,"{""difference_types"":[""EVIDENCE_EVOLUTION""],""disputed_evidence_ids"":[],""limited_evidence_ids"":[],""meaningful_conflict_refs"":[],""missing_evidence_ids"":[""EV_APP0107_PRE_ASSESSMENT_CODING_TEST_M1_SKILL_03""],""reason"":""동일 Skill의 독립된 직접 관찰로 수행 범위를 확인했다. 다른 맥락의 제한/모호성은 해당 근거의 한계로 보존한다."",""rubric_review"":""직접 관찰의 행동·검증을 검토하며 다른 맥락의 한계와 평가자 차이를 보존한다."",""supporting_observation_ids"":[""OB_FIRST_PANEL_01_ML_ENGINEER_EV_APP0107_FIRST_INTERVIEW_AI_CASE_M1_SKILL_03"",""OB_FIRST_PANEL_01_HIRING_MANAGER_EV_APP0107_FIRST_INTERVIEW_AI_CASE_M1_SKILL_03"",""OB_FIRST_PANEL_01_TECHNICAL_REVIEWER_EV_APP0107_FIRST_INTERVIEW_AI_CASE_M1_SKILL_03""]}",CALIBRATION_PANEL_01,2026-12-18T10:15:00+09:00,SYNTHETIC_HUMAN_SCENARIO,M1_EVIDENCE_RUBRIC_V02
DC_APP0107_M1_SKILL_04_000207,APP0107,C0107,M1_SKILL_04,MODERATE,AGREED,"{""difference_types"":[],""disputed_evidence_ids"":[],""limited_evidence_ids"":[],""meaningful_conflict_refs"":[],""missing_evidence_ids"":[],""reason"":""동일 Skill의 독립된 직접 관찰로 수행 범위를 확인했다. 다른 맥락의 제한/모호성은 해당 근거의 한계로 보존한다."",""rubric_review"":""직접 관찰의 행동·검증을 검토하며 다른 맥락의 한계와 평가자 차이를 보존한다."",""supporting_observation_ids"":[""OB_FIRST_PANEL_01_ML_ENGINEER_EV_APP0107_FIRST_INTERVIEW_PRACTITIONER_QA_M1_SKILL_04"",""OB_FIRST_PANEL_01_HIRING_MANAGER_EV_APP0107_FIRST_INTERVIEW_PRACTITIONER_QA_M1_SKILL_04"",""OB_FIRST_PANEL_01_TECHNICAL_REVIEWER_EV_APP0107_FIRST_INTERVIEW_PRACTITIONER_QA_M1_SKILL_04""]}",CALIBRATION_PANEL_01,2026-12-18T10:15:00+09:00,SYNTHETIC_HUMAN_SCENARIO,M1_EVIDENCE_RUBRIC_V02
DC_APP0107_M1_SKILL_05_000208,APP0107,C0107,M1_SKILL_05,MODERATE,AGREED,"{""difference_types"":[],""disputed_evidence_ids"":[],""limited_evidence_ids"":[],""meaningful_conflict_refs"":[],""missing_evidence_ids"":[],""reason"":""동일 Skill의 독립된 직접 관찰로 수행 범위를 확인했다. 다른 맥락의 제한/모호성은 해당 근거의 한계로 보존한다."",""rubric_review"":""직접 관찰의 행동·검증을 검토하며 다른 맥락의 한계와 평가자 차이를 보존한다."",""supporting_observation_ids"":[""OB_FIRST_PANEL_01_ML_ENGINEER_EV_APP0107_FIRST_INTERVIEW_PRACTITIONER_QA_M1_SKILL_05"",""OB_FIRST_PANEL_01_HIRING_MANAGER_EV_APP0107_FIRST_INTERVIEW_PRACTITIONER_QA_M1_SKILL_05"",""OB_FIRST_PANEL_01_TECHNICAL_REVIEWER_EV_APP0107_FIRST_INTERVIEW_PRACTITIONER_QA_M1_SKILL_05""]}",CALIBRATION_PANEL_01,2026-12-18T10:15:00+09:00,SYNTHETIC_HUMAN_SCENARIO,M1_EVIDENCE_RUBRIC_V02
DC_APP0107_M1_SKILL_06_000209,APP0107,C0107,M1_SKILL_06,STRONG,AGREED,"{""difference_types"":[],""disputed_evidence_ids"":[],""limited_evidence_ids"":[],""meaningful_conflict_refs"":[],""missing_evidence_ids"":[],""reason"":""동일 Skill의 독립된 직접 관찰로 수행 범위를 확인했다. 다른 맥락의 제한/모호성은 해당 근거의 한계로 보존한다."",""rubric_review"":""직접 관찰의 행동·검증을 검토하며 다른 맥락의 한계와 평가자 차이를 보존한다."",""supporting_observation_ids"":[""OB_FIRST_PANEL_01_ML_ENGINEER_EV_APP0107_FIRST_INTERVIEW_PRACTITIONER_QA_M1_SKILL_06"",""OB_FIRST_PANEL_01_HIRING_MANAGER_EV_APP0107_FIRST_INTERVIEW_PRACTITIONER_QA_M1_SKILL_06"",""OB_FIRST_PANEL_01_TECHNICAL_REVIEWER_EV_APP0107_FIRST_INTERVIEW_PRACTITIONER_QA_M1_SKILL_06""]}",CALIBRATION_PANEL_01,2026-12-18T10:15:00+09:00,SYNTHETIC_HUMAN_SCENARIO,M1_EVIDENCE_RUBRIC_V02
DC_APP0107_M1_SKILL_07_000210,APP0107,C0107,M1_SKILL_07,,DISAGREEMENT_REMAINS,"{""difference_types"":[""EVALUATOR_DISAGREEMENT""],""disputed_evidence_ids"":[""EV_APP0107_FIRST_INTERVIEW_TECHNICAL_ASSESSMENT_M1_SKILL_07""],""limited_evidence_ids"":[],""meaningful_conflict_refs"":[],""missing_evidence_ids"":[],""reason"":""동일 근거에 대한 평가자 해석 차이를 해소할 직접 관찰이 부족하다."",""rubric_review"":""직접 관찰의 행동·검증을 검토하며 다른 맥락의 한계와 평가자 차이를 보존한다."",""supporting_observation_ids"":[]}",CALIBRATION_PANEL_01,2026-12-18T10:15:00+09:00,SYNTHETIC_HUMAN_SCENARIO,M1_EVIDENCE_RUBRIC_V02
DC_APP0107_M1_SKILL_08_000211,APP0107,C0107,M1_SKILL_08,MODERATE,AGREED,"{""difference_types"":[],""disputed_evidence_ids"":[],""limited_evidence_ids"":[],""meaningful_conflict_refs"":[],""missing_evidence_ids"":[],""reason"":""동일 Skill의 독립된 직접 관찰로 수행 범위를 확인했다. 다른 맥락의 제한/모호성은 해당 근거의 한계로 보존한다."",""rubric_review"":""직접 관찰의 행동·검증을 검토하며 다른 맥락의 한계와 평가자 차이를 보존한다."",""supporting_observation_ids"":[""OB_FIRST_PANEL_01_ML_ENGINEER_EV_APP0107_FIRST_INTERVIEW_PRACTITIONER_QA_M1_SKILL_08"",""OB_FIRST_PANEL_01_HIRING_MANAGER_EV_APP0107_FIRST_INTERVIEW_PRACTITIONER_QA_M1_SKILL_08"",""OB_FIRST_PANEL_01_TECHNICAL_REVIEWER_EV_APP0107_FIRST_INTERVIEW_PRACTITIONER_QA_M1_SKILL_08""]}",CALIBRATION_PANEL_01,2026-12-18T10:15:00+09:00,SYNTHETIC_HUMAN_SCENARIO,M1_EVIDENCE_RUBRIC_V02
DC_APP0110_M1_SKILL_01_000212,APP0110,C0110,M1_SKILL_01,LIMITED,AGREED,"{""difference_types"":[],""disputed_evidence_ids"":[],""limited_evidence_ids"":[""EV_APP0110_FIRST_INTERVIEW_TECHNICAL_ASSESSMENT_M1_SKILL_01""],""meaningful_conflict_refs"":[],""missing_evidence_ids"":[""EV_APP0110_FIRST_INTERVIEW_AI_CASE_M1_SKILL_01""],""reason"":""관찰된 직접 근거의 범위가 제한적이다. 자기기술만으로 보완하지 않는다."",""rubric_review"":""직접 관찰의 행동·검증을 검토하며 다른 맥락의 한계와 평가자 차이를 보존한다."",""supporting_observation_ids"":[""OB_FIRST_PANEL_02_ML_ENGINEER_EV_APP0110_FIRST_INTERVIEW_TECHNICAL_ASSESSMENT_M1_SKILL_01"",""OB_FIRST_PANEL_02_HIRING_MANAGER_EV_APP0110_FIRST_INTERVIEW_TECHNICAL_ASSESSMENT_M1_SKILL_01"",""OB_FIRST_PANEL_02_TECHNICAL_REVIEWER_EV_APP0110_FIRST_INTERVIEW_TECHNICAL_ASSESSMENT_M1_SKILL_01""]}",CALIBRATION_PANEL_01,2026-12-22T10:00:00+09:00,SYNTHETIC_HUMAN_SCENARIO,M1_EVIDENCE_RUBRIC_V02
DC_APP0110_M1_SKILL_02_000213,APP0110,C0110,M1_SKILL_02,MODERATE,AGREED,"{""difference_types"":[],""disputed_evidence_ids"":[],""limited_evidence_ids"":[],""meaningful_conflict_refs"":[],""missing_evidence_ids"":[],""reason"":""동일 Skill의 독립된 직접 관찰로 수행 범위를 확인했다. 다른 맥락의 제한/모호성은 해당 근거의 한계로 보존한다."",""rubric_review"":""직접 관찰의 행동·검증을 검토하며 다른 맥락의 한계와 평가자 차이를 보존한다."",""supporting_observation_ids"":[""OB_FIRST_PANEL_02_ML_ENGINEER_EV_APP0110_FIRST_INTERVIEW_TECHNICAL_ASSESSMENT_M1_SKILL_02"",""OB_FIRST_PANEL_02_HIRING_MANAGER_EV_APP0110_FIRST_INTERVIEW_TECHNICAL_ASSESSMENT_M1_SKILL_02"",""OB_FIRST_PANEL_02_TECHNICAL_REVIEWER_EV_APP0110_FIRST_INTERVIEW_TECHNICAL_ASSESSMENT_M1_SKILL_02""]}",CALIBRATION_PANEL_01,2026-12-22T10:00:00+09:00,SYNTHETIC_HUMAN_SCENARIO,M1_EVIDENCE_RUBRIC_V02
DC_APP0110_M1_SKILL_03_000214,APP0110,C0110,M1_SKILL_03,MODERATE,AGREED,"{""difference_types"":[""EVIDENCE_EVOLUTION""],""disputed_evidence_ids"":[],""limited_evidence_ids"":[],""meaningful_conflict_refs"":[],""missing_evidence_ids"":[""EV_APP0110_PRE_ASSESSMENT_CODING_TEST_M1_SKILL_03""],""reason"":""동일 Skill의 독립된 직접 관찰로 수행 범위를 확인했다. 다른 맥락의 제한/모호성은 해당 근거의 한계로 보존한다."",""rubric_review"":""직접 관찰의 행동·검증을 검토하며 다른 맥락의 한계와 평가자 차이를 보존한다."",""supporting_observation_ids"":[""OB_FIRST_PANEL_02_ML_ENGINEER_EV_APP0110_FIRST_INTERVIEW_AI_CASE_M1_SKILL_03"",""OB_FIRST_PANEL_02_HIRING_MANAGER_EV_APP0110_FIRST_INTERVIEW_AI_CASE_M1_SKILL_03"",""OB_FIRST_PANEL_02_TECHNICAL_REVIEWER_EV_APP0110_FIRST_INTERVIEW_AI_CASE_M1_SKILL_03""]}",CALIBRATION_PANEL_01,2026-12-22T10:00:00+09:00,SYNTHETIC_HUMAN_SCENARIO,M1_EVIDENCE_RUBRIC_V02
DC_APP0110_M1_SKILL_04_000215,APP0110,C0110,M1_SKILL_04,LIMITED,AGREED,"{""difference_types"":[],""disputed_evidence_ids"":[],""limited_evidence_ids"":[""EV_APP0110_FIRST_INTERVIEW_PRACTITIONER_QA_M1_SKILL_04""],""meaningful_conflict_refs"":[],""missing_evidence_ids"":[],""reason"":""관찰된 직접 근거의 범위가 제한적이다. 자기기술만으로 보완하지 않는다."",""rubric_review"":""직접 관찰의 행동·검증을 검토하며 다른 맥락의 한계와 평가자 차이를 보존한다."",""supporting_observation_ids"":[""OB_FIRST_PANEL_02_ML_ENGINEER_EV_APP0110_FIRST_INTERVIEW_PRACTITIONER_QA_M1_SKILL_04"",""OB_FIRST_PANEL_02_HIRING_MANAGER_EV_APP0110_FIRST_INTERVIEW_PRACTITIONER_QA_M1_SKILL_04"",""OB_FIRST_PANEL_02_TECHNICAL_REVIEWER_EV_APP0110_FIRST_INTERVIEW_PRACTITIONER_QA_M1_SKILL_04""]}",CALIBRATION_PANEL_01,2026-12-22T10:00:00+09:00,SYNTHETIC_HUMAN_SCENARIO,M1_EVIDENCE_RUBRIC_V02
DC_APP0110_M1_SKILL_05_000216,APP0110,C0110,M1_SKILL_05,LIMITED,AGREED,"{""difference_types"":[],""disputed_evidence_ids"":[],""limited_evidence_ids"":[""EV_APP0110_FIRST_INTERVIEW_PRACTITIONER_QA_M1_SKILL_05""],""meaningful_conflict_refs"":[],""missing_evidence_ids"":[],""reason"":""관찰된 직접 근거의 범위가 제한적이다. 자기기술만으로 보완하지 않는다."",""rubric_review"":""직접 관찰의 행동·검증을 검토하며 다른 맥락의 한계와 평가자 차이를 보존한다."",""supporting_observation_ids"":[""OB_FIRST_PANEL_02_ML_ENGINEER_EV_APP0110_FIRST_INTERVIEW_PRACTITIONER_QA_M1_SKILL_05"",""OB_FIRST_PANEL_02_HIRING_MANAGER_EV_APP0110_FIRST_INTERVIEW_PRACTITIONER_QA_M1_SKILL_05"",""OB_FIRST_PANEL_02_TECHNICAL_REVIEWER_EV_APP0110_FIRST_INTERVIEW_PRACTITIONER_QA_M1_SKILL_05""]}",CALIBRATION_PANEL_01,2026-12-22T10:00:00+09:00,SYNTHETIC_HUMAN_SCENARIO,M1_EVIDENCE_RUBRIC_V02
DC_APP0110_M1_SKILL_06_000217,APP0110,C0110,M1_SKILL_06,STRONG,AGREED,"{""difference_types"":[],""disputed_evidence_ids"":[],""limited_evidence_ids"":[],""meaningful_conflict_refs"":[],""missing_evidence_ids"":[],""reason"":""동일 Skill의 독립된 직접 관찰로 수행 범위를 확인했다. 다른 맥락의 제한/모호성은 해당 근거의 한계로 보존한다."",""rubric_review"":""직접 관찰의 행동·검증을 검토하며 다른 맥락의 한계와 평가자 차이를 보존한다."",""supporting_observation_ids"":[""OB_FIRST_PANEL_02_ML_ENGINEER_EV_APP0110_FIRST_INTERVIEW_PRACTITIONER_QA_M1_SKILL_06"",""OB_FIRST_PANEL_02_HIRING_MANAGER_EV_APP0110_FIRST_INTERVIEW_PRACTITIONER_QA_M1_SKILL_06"",""OB_FIRST_PANEL_02_TECHNICAL_REVIEWER_EV_APP0110_FIRST_INTERVIEW_PRACTITIONER_QA_M1_SKILL_06""]}",CALIBRATION_PANEL_01,2026-12-22T10:00:00+09:00,SYNTHETIC_HUMAN_SCENARIO,M1_EVIDENCE_RUBRIC_V02
DC_APP0110_M1_SKILL_07_000218,APP0110,C0110,M1_SKILL_07,MODERATE,AGREED,"{""difference_types"":[],""disputed_evidence_ids"":[],""limited_evidence_ids"":[],""meaningful_conflict_refs"":[],""missing_evidence_ids"":[],""reason"":""동일 Skill의 독립된 직접 관찰로 수행 범위를 확인했다. 다른 맥락의 제한/모호성은 해당 근거의 한계로 보존한다."",""rubric_review"":""직접 관찰의 행동·검증을 검토하며 다른 맥락의 한계와 평가자 차이를 보존한다."",""supporting_observation_ids"":[""OB_FIRST_PANEL_02_ML_ENGINEER_EV_APP0110_FIRST_INTERVIEW_TECHNICAL_ASSESSMENT_M1_SKILL_07"",""OB_FIRST_PANEL_02_HIRING_MANAGER_EV_APP0110_FIRST_INTERVIEW_TECHNICAL_ASSESSMENT_M1_SKILL_07"",""OB_FIRST_PANEL_02_TECHNICAL_REVIEWER_EV_APP0110_FIRST_INTERVIEW_TECHNICAL_ASSESSMENT_M1_SKILL_07""]}",CALIBRATION_PANEL_01,2026-12-22T10:00:00+09:00,SYNTHETIC_HUMAN_SCENARIO,M1_EVIDENCE_RUBRIC_V02
DC_APP0110_M1_SKILL_08_000219,APP0110,C0110,M1_SKILL_08,STRONG,AGREED,"{""difference_types"":[],""disputed_evidence_ids"":[],""limited_evidence_ids"":[],""meaningful_conflict_refs"":[],""missing_evidence_ids"":[],""reason"":""동일 Skill의 독립된 직접 관찰로 수행 범위를 확인했다. 다른 맥락의 제한/모호성은 해당 근거의 한계로 보존한다."",""rubric_review"":""직접 관찰의 행동·검증을 검토하며 다른 맥락의 한계와 평가자 차이를 보존한다."",""supporting_observation_ids"":[""OB_FIRST_PANEL_02_ML_ENGINEER_EV_APP0110_FIRST_INTERVIEW_PRACTITIONER_QA_M1_SKILL_08"",""OB_FIRST_PANEL_02_HIRING_MANAGER_EV_APP0110_FIRST_INTERVIEW_PRACTITIONER_QA_M1_SKILL_08"",""OB_FIRST_PANEL_02_TECHNICAL_REVIEWER_EV_APP0110_FIRST_INTERVIEW_PRACTITIONER_QA_M1_SKILL_08""]}",CALIBRATION_PANEL_01,2026-12-22T10:00:00+09:00,SYNTHETIC_HUMAN_SCENARIO,M1_EVIDENCE_RUBRIC_V02
DC_APP0128_M1_SKILL_01_000220,APP0128,C0128,M1_SKILL_01,LIMITED,AGREED,"{""difference_types"":[],""disputed_evidence_ids"":[],""limited_evidence_ids"":[""EV_APP0128_FIRST_INTERVIEW_AI_CASE_M1_SKILL_01""],""meaningful_conflict_refs"":[],""missing_evidence_ids"":[""EV_APP0128_FIRST_INTERVIEW_TECHNICAL_ASSESSMENT_M1_SKILL_01""],""reason"":""관찰된 직접 근거의 범위가 제한적이다. 자기기술만으로 보완하지 않는다."",""rubric_review"":""직접 관찰의 행동·검증을 검토하며 다른 맥락의 한계와 평가자 차이를 보존한다."",""supporting_observation_ids"":[""OB_FIRST_PANEL_04_ML_ENGINEER_EV_APP0128_FIRST_INTERVIEW_AI_CASE_M1_SKILL_01"",""OB_FIRST_PANEL_04_HIRING_MANAGER_EV_APP0128_FIRST_INTERVIEW_AI_CASE_M1_SKILL_01"",""OB_FIRST_PANEL_04_TECHNICAL_REVIEWER_EV_APP0128_FIRST_INTERVIEW_AI_CASE_M1_SKILL_01""]}",CALIBRATION_PANEL_01,2026-12-22T10:15:00+09:00,SYNTHETIC_HUMAN_SCENARIO,M1_EVIDENCE_RUBRIC_V02
DC_APP0128_M1_SKILL_02_000221,APP0128,C0128,M1_SKILL_02,,DISAGREEMENT_REMAINS,"{""difference_types"":[""EVALUATOR_DISAGREEMENT""],""disputed_evidence_ids"":[""EV_APP0128_FIRST_INTERVIEW_TECHNICAL_ASSESSMENT_M1_SKILL_02""],""limited_evidence_ids"":[],""meaningful_conflict_refs"":[],""missing_evidence_ids"":[],""reason"":""동일 근거에 대한 평가자 해석 차이를 해소할 직접 관찰이 부족하다."",""rubric_review"":""직접 관찰의 행동·검증을 검토하며 다른 맥락의 한계와 평가자 차이를 보존한다."",""supporting_observation_ids"":[]}",CALIBRATION_PANEL_01,2026-12-22T10:15:00+09:00,SYNTHETIC_HUMAN_SCENARIO,M1_EVIDENCE_RUBRIC_V02
DC_APP0128_M1_SKILL_03_000222,APP0128,C0128,M1_SKILL_03,MODERATE,AGREED,"{""difference_types"":[""EVIDENCE_EVOLUTION""],""disputed_evidence_ids"":[],""limited_evidence_ids"":[],""meaningful_conflict_refs"":[],""missing_evidence_ids"":[],""reason"":""동일 Skill의 독립된 직접 관찰로 수행 범위를 확인했다. 다른 맥락의 제한/모호성은 해당 근거의 한계로 보존한다."",""rubric_review"":""직접 관찰의 행동·검증을 검토하며 다른 맥락의 한계와 평가자 차이를 보존한다."",""supporting_observation_ids"":[""OB_REVIEW_ML_01_EV_APP0128_PRE_ASSESSMENT_CODING_TEST_M1_SKILL_03"",""OB_REVIEW_HM_01_EV_APP0128_PRE_ASSESSMENT_CODING_TEST_M1_SKILL_03"",""OB_FIRST_PANEL_04_ML_ENGINEER_EV_APP0128_FIRST_INTERVIEW_AI_CASE_M1_SKILL_03"",""OB_FIRST_PANEL_04_HIRING_MANAGER_EV_APP0128_FIRST_INTERVIEW_AI_CASE_M1_SKILL_03"",""OB_FIRST_PANEL_04_TECHNICAL_REVIEWER_EV_APP0128_FIRST_INTERVIEW_AI_CASE_M1_SKILL_03""]}",CALIBRATION_PANEL_01,2026-12-22T10:15:00+09:00,SYNTHETIC_HUMAN_SCENARIO,M1_EVIDENCE_RUBRIC_V02
DC_APP0128_M1_SKILL_04_000223,APP0128,C0128,M1_SKILL_04,MODERATE,AGREED,"{""difference_types"":[],""disputed_evidence_ids"":[],""limited_evidence_ids"":[],""meaningful_conflict_refs"":[],""missing_evidence_ids"":[],""reason"":""동일 Skill의 독립된 직접 관찰로 수행 범위를 확인했다. 다른 맥락의 제한/모호성은 해당 근거의 한계로 보존한다."",""rubric_review"":""직접 관찰의 행동·검증을 검토하며 다른 맥락의 한계와 평가자 차이를 보존한다."",""supporting_observation_ids"":[""OB_FIRST_PANEL_04_ML_ENGINEER_EV_APP0128_FIRST_INTERVIEW_PRACTITIONER_QA_M1_SKILL_04"",""OB_FIRST_PANEL_04_HIRING_MANAGER_EV_APP0128_FIRST_INTERVIEW_PRACTITIONER_QA_M1_SKILL_04"",""OB_FIRST_PANEL_04_TECHNICAL_REVIEWER_EV_APP0128_FIRST_INTERVIEW_PRACTITIONER_QA_M1_SKILL_04""]}",CALIBRATION_PANEL_01,2026-12-22T10:15:00+09:00,SYNTHETIC_HUMAN_SCENARIO,M1_EVIDENCE_RUBRIC_V02
DC_APP0128_M1_SKILL_05_000224,APP0128,C0128,M1_SKILL_05,LIMITED,AGREED,"{""difference_types"":[],""disputed_evidence_ids"":[],""limited_evidence_ids"":[""EV_APP0128_FIRST_INTERVIEW_PRACTITIONER_QA_M1_SKILL_05""],""meaningful_conflict_refs"":[],""missing_evidence_ids"":[],""reason"":""관찰된 직접 근거의 범위가 제한적이다. 자기기술만으로 보완하지 않는다."",""rubric_review"":""직접 관찰의 행동·검증을 검토하며 다른 맥락의 한계와 평가자 차이를 보존한다."",""supporting_observation_ids"":[""OB_FIRST_PANEL_04_ML_ENGINEER_EV_APP0128_FIRST_INTERVIEW_PRACTITIONER_QA_M1_SKILL_05"",""OB_FIRST_PANEL_04_HIRING_MANAGER_EV_APP0128_FIRST_INTERVIEW_PRACTITIONER_QA_M1_SKILL_05"",""OB_FIRST_PANEL_04_TECHNICAL_REVIEWER_EV_APP0128_FIRST_INTERVIEW_PRACTITIONER_QA_M1_SKILL_05""]}",CALIBRATION_PANEL_01,2026-12-22T10:15:00+09:00,SYNTHETIC_HUMAN_SCENARIO,M1_EVIDENCE_RUBRIC_V02
DC_APP0128_M1_SKILL_06_000225,APP0128,C0128,M1_SKILL_06,,INSUFFICIENT_EVIDENCE,"{""difference_types"":[],""disputed_evidence_ids"":[],""limited_evidence_ids"":[],""meaningful_conflict_refs"":[],""missing_evidence_ids"":[""EV_APP0128_FIRST_INTERVIEW_PRACTITIONER_QA_M1_SKILL_06""],""reason"":""직접 판단 근거 부족. 미관찰을 역량 부재로 해석하지 않는다."",""rubric_review"":""직접 관찰의 행동·검증을 검토하며 다른 맥락의 한계와 평가자 차이를 보존한다."",""supporting_observation_ids"":[]}",CALIBRATION_PANEL_01,2026-12-22T10:15:00+09:00,SYNTHETIC_HUMAN_SCENARIO,M1_EVIDENCE_RUBRIC_V02
DC_APP0128_M1_SKILL_07_000226,APP0128,C0128,M1_SKILL_07,,DISAGREEMENT_REMAINS,"{""difference_types"":[""EVALUATOR_DISAGREEMENT""],""disputed_evidence_ids"":[""EV_APP0128_FIRST_INTERVIEW_TECHNICAL_ASSESSMENT_M1_SKILL_07""],""limited_evidence_ids"":[],""meaningful_conflict_refs"":[],""missing_evidence_ids"":[],""reason"":""동일 근거에 대한 평가자 해석 차이를 해소할 직접 관찰이 부족하다."",""rubric_review"":""직접 관찰의 행동·검증을 검토하며 다른 맥락의 한계와 평가자 차이를 보존한다."",""supporting_observation_ids"":[]}",CALIBRATION_PANEL_01,2026-12-22T10:15:00+09:00,SYNTHETIC_HUMAN_SCENARIO,M1_EVIDENCE_RUBRIC_V02
DC_APP0128_M1_SKILL_08_000227,APP0128,C0128,M1_SKILL_08,,INSUFFICIENT_EVIDENCE,"{""difference_types"":[],""disputed_evidence_ids"":[],""limited_evidence_ids"":[],""meaningful_conflict_refs"":[],""missing_evidence_ids"":[""EV_APP0128_FIRST_INTERVIEW_PRACTITIONER_QA_M1_SKILL_08""],""reason"":""직접 판단 근거 부족. 미관찰을 역량 부재로 해석하지 않는다."",""rubric_review"":""직접 관찰의 행동·검증을 검토하며 다른 맥락의 한계와 평가자 차이를 보존한다."",""supporting_observation_ids"":[]}",CALIBRATION_PANEL_01,2026-12-22T10:15:00+09:00,SYNTHETIC_HUMAN_SCENARIO,M1_EVIDENCE_RUBRIC_V02
DC_APP0130_M1_SKILL_01_000228,APP0130,C0130,M1_SKILL_01,MODERATE,AGREED,"{""difference_types"":[""EVIDENCE_EVOLUTION""],""disputed_evidence_ids"":[],""limited_evidence_ids"":[],""meaningful_conflict_refs"":[],""missing_evidence_ids"":[],""reason"":""동일 Skill의 독립된 직접 관찰로 수행 범위를 확인했다. 다른 맥락의 제한/모호성은 해당 근거의 한계로 보존한다."",""rubric_review"":""직접 관찰의 행동·검증을 검토하며 다른 맥락의 한계와 평가자 차이를 보존한다."",""supporting_observation_ids"":[""OB_FIRST_PANEL_05_ML_ENGINEER_EV_APP0130_FIRST_INTERVIEW_TECHNICAL_ASSESSMENT_M1_SKILL_01"",""OB_FIRST_PANEL_05_HIRING_MANAGER_EV_APP0130_FIRST_INTERVIEW_TECHNICAL_ASSESSMENT_M1_SKILL_01"",""OB_FIRST_PANEL_05_TECHNICAL_REVIEWER_EV_APP0130_FIRST_INTERVIEW_TECHNICAL_ASSESSMENT_M1_SKILL_01"",""OB_FIRST_PANEL_05_ML_ENGINEER_EV_APP0130_FIRST_INTERVIEW_AI_CASE_M1_SKILL_01"",""OB_FIRST_PANEL_05_HIRING_MANAGER_EV_APP0130_FIRST_INTERVIEW_AI_CASE_M1_SKILL_01"",""OB_FIRST_PANEL_05_TECHNICAL_REVIEWER_EV_APP0130_FIRST_INTERVIEW_AI_CASE_M1_SKILL_01""]}",CALIBRATION_PANEL_01,2026-12-19T10:00:00+09:00,SYNTHETIC_HUMAN_SCENARIO,M1_EVIDENCE_RUBRIC_V02
DC_APP0130_M1_SKILL_02_000229,APP0130,C0130,M1_SKILL_02,LIMITED,AGREED,"{""difference_types"":[],""disputed_evidence_ids"":[],""limited_evidence_ids"":[""EV_APP0130_FIRST_INTERVIEW_TECHNICAL_ASSESSMENT_M1_SKILL_02""],""meaningful_conflict_refs"":[],""missing_evidence_ids"":[],""reason"":""관찰된 직접 근거의 범위가 제한적이다. 자기기술만으로 보완하지 않는다."",""rubric_review"":""직접 관찰의 행동·검증을 검토하며 다른 맥락의 한계와 평가자 차이를 보존한다."",""supporting_observation_ids"":[""OB_FIRST_PANEL_05_ML_ENGINEER_EV_APP0130_FIRST_INTERVIEW_TECHNICAL_ASSESSMENT_M1_SKILL_02"",""OB_FIRST_PANEL_05_HIRING_MANAGER_EV_APP0130_FIRST_INTERVIEW_TECHNICAL_ASSESSMENT_M1_SKILL_02"",""OB_FIRST_PANEL_05_TECHNICAL_REVIEWER_EV_APP0130_FIRST_INTERVIEW_TECHNICAL_ASSESSMENT_M1_SKILL_02""]}",CALIBRATION_PANEL_01,2026-12-19T10:00:00+09:00,SYNTHETIC_HUMAN_SCENARIO,M1_EVIDENCE_RUBRIC_V02
DC_APP0130_M1_SKILL_03_000230,APP0130,C0130,M1_SKILL_03,STRONG,AGREED,"{""difference_types"":[""EVIDENCE_EVOLUTION"",""CONTEXT_DIFFERENCE""],""disputed_evidence_ids"":[],""limited_evidence_ids"":[""EV_APP0130_FIRST_INTERVIEW_AI_CASE_M1_SKILL_03""],""meaningful_conflict_refs"":[],""missing_evidence_ids"":[],""reason"":""동일 Skill의 독립된 직접 관찰로 수행 범위를 확인했다. 다른 맥락의 제한/모호성은 해당 근거의 한계로 보존한다."",""rubric_review"":""직접 관찰의 행동·검증을 검토하며 다른 맥락의 한계와 평가자 차이를 보존한다."",""supporting_observation_ids"":[""OB_REVIEW_ML_01_EV_APP0130_PRE_ASSESSMENT_CODING_TEST_M1_SKILL_03"",""OB_REVIEW_HM_01_EV_APP0130_PRE_ASSESSMENT_CODING_TEST_M1_SKILL_03""]}",CALIBRATION_PANEL_01,2026-12-19T10:00:00+09:00,SYNTHETIC_HUMAN_SCENARIO,M1_EVIDENCE_RUBRIC_V02
DC_APP0130_M1_SKILL_04_000231,APP0130,C0130,M1_SKILL_04,,INSUFFICIENT_EVIDENCE,"{""difference_types"":[],""disputed_evidence_ids"":[],""limited_evidence_ids"":[],""meaningful_conflict_refs"":[],""missing_evidence_ids"":[""EV_APP0130_FIRST_INTERVIEW_PRACTITIONER_QA_M1_SKILL_04""],""reason"":""직접 판단 근거 부족. 미관찰을 역량 부재로 해석하지 않는다."",""rubric_review"":""직접 관찰의 행동·검증을 검토하며 다른 맥락의 한계와 평가자 차이를 보존한다."",""supporting_observation_ids"":[]}",CALIBRATION_PANEL_01,2026-12-19T10:00:00+09:00,SYNTHETIC_HUMAN_SCENARIO,M1_EVIDENCE_RUBRIC_V02
DC_APP0130_M1_SKILL_05_000232,APP0130,C0130,M1_SKILL_05,MODERATE,AGREED,"{""difference_types"":[],""disputed_evidence_ids"":[],""limited_evidence_ids"":[],""meaningful_conflict_refs"":[],""missing_evidence_ids"":[],""reason"":""동일 Skill의 독립된 직접 관찰로 수행 범위를 확인했다. 다른 맥락의 제한/모호성은 해당 근거의 한계로 보존한다."",""rubric_review"":""직접 관찰의 행동·검증을 검토하며 다른 맥락의 한계와 평가자 차이를 보존한다."",""supporting_observation_ids"":[""OB_FIRST_PANEL_05_ML_ENGINEER_EV_APP0130_FIRST_INTERVIEW_PRACTITIONER_QA_M1_SKILL_05"",""OB_FIRST_PANEL_05_HIRING_MANAGER_EV_APP0130_FIRST_INTERVIEW_PRACTITIONER_QA_M1_SKILL_05"",""OB_FIRST_PANEL_05_TECHNICAL_REVIEWER_EV_APP0130_FIRST_INTERVIEW_PRACTITIONER_QA_M1_SKILL_05""]}",CALIBRATION_PANEL_01,2026-12-19T10:00:00+09:00,SYNTHETIC_HUMAN_SCENARIO,M1_EVIDENCE_RUBRIC_V02
DC_APP0130_M1_SKILL_06_000233,APP0130,C0130,M1_SKILL_06,MODERATE,AGREED,"{""difference_types"":[],""disputed_evidence_ids"":[],""limited_evidence_ids"":[],""meaningful_conflict_refs"":[],""missing_evidence_ids"":[],""reason"":""동일 Skill의 독립된 직접 관찰로 수행 범위를 확인했다. 다른 맥락의 제한/모호성은 해당 근거의 한계로 보존한다."",""rubric_review"":""직접 관찰의 행동·검증을 검토하며 다른 맥락의 한계와 평가자 차이를 보존한다."",""supporting_observation_ids"":[""OB_FIRST_PANEL_05_ML_ENGINEER_EV_APP0130_FIRST_INTERVIEW_PRACTITIONER_QA_M1_SKILL_06"",""OB_FIRST_PANEL_05_HIRING_MANAGER_EV_APP0130_FIRST_INTERVIEW_PRACTITIONER_QA_M1_SKILL_06"",""OB_FIRST_PANEL_05_TECHNICAL_REVIEWER_EV_APP0130_FIRST_INTERVIEW_PRACTITIONER_QA_M1_SKILL_06""]}",CALIBRATION_PANEL_01,2026-12-19T10:00:00+09:00,SYNTHETIC_HUMAN_SCENARIO,M1_EVIDENCE_RUBRIC_V02
DC_APP0130_M1_SKILL_07_000234,APP0130,C0130,M1_SKILL_07,STRONG,AGREED,"{""difference_types"":[],""disputed_evidence_ids"":[],""limited_evidence_ids"":[],""meaningful_conflict_refs"":[],""missing_evidence_ids"":[],""reason"":""동일 Skill의 독립된 직접 관찰로 수행 범위를 확인했다. 다른 맥락의 제한/모호성은 해당 근거의 한계로 보존한다."",""rubric_review"":""직접 관찰의 행동·검증을 검토하며 다른 맥락의 한계와 평가자 차이를 보존한다."",""supporting_observation_ids"":[""OB_FIRST_PANEL_05_ML_ENGINEER_EV_APP0130_FIRST_INTERVIEW_TECHNICAL_ASSESSMENT_M1_SKILL_07"",""OB_FIRST_PANEL_05_HIRING_MANAGER_EV_APP0130_FIRST_INTERVIEW_TECHNICAL_ASSESSMENT_M1_SKILL_07"",""OB_FIRST_PANEL_05_TECHNICAL_REVIEWER_EV_APP0130_FIRST_INTERVIEW_TECHNICAL_ASSESSMENT_M1_SKILL_07""]}",CALIBRATION_PANEL_01,2026-12-19T10:00:00+09:00,SYNTHETIC_HUMAN_SCENARIO,M1_EVIDENCE_RUBRIC_V02
DC_APP0130_M1_SKILL_08_000235,APP0130,C0130,M1_SKILL_08,MODERATE,AGREED,"{""difference_types"":[],""disputed_evidence_ids"":[],""limited_evidence_ids"":[],""meaningful_conflict_refs"":[],""missing_evidence_ids"":[],""reason"":""동일 Skill의 독립된 직접 관찰로 수행 범위를 확인했다. 다른 맥락의 제한/모호성은 해당 근거의 한계로 보존한다."",""rubric_review"":""직접 관찰의 행동·검증을 검토하며 다른 맥락의 한계와 평가자 차이를 보존한다."",""supporting_observation_ids"":[""OB_FIRST_PANEL_05_ML_ENGINEER_EV_APP0130_FIRST_INTERVIEW_PRACTITIONER_QA_M1_SKILL_08"",""OB_FIRST_PANEL_05_HIRING_MANAGER_EV_APP0130_FIRST_INTERVIEW_PRACTITIONER_QA_M1_SKILL_08"",""OB_FIRST_PANEL_05_TECHNICAL_REVIEWER_EV_APP0130_FIRST_INTERVIEW_PRACTITIONER_QA_M1_SKILL_08""]}",CALIBRATION_PANEL_01,2026-12-19T10:00:00+09:00,SYNTHETIC_HUMAN_SCENARIO,M1_EVIDENCE_RUBRIC_V02
DC_APP0141_M1_SKILL_01_000236,APP0141,C0141,M1_SKILL_01,MODERATE,AGREED,"{""difference_types"":[""EVIDENCE_EVOLUTION""],""disputed_evidence_ids"":[],""limited_evidence_ids"":[],""meaningful_conflict_refs"":[],""missing_evidence_ids"":[""EV_APP0141_FIRST_INTERVIEW_AI_CASE_M1_SKILL_01""],""reason"":""동일 Skill의 독립된 직접 관찰로 수행 범위를 확인했다. 다른 맥락의 제한/모호성은 해당 근거의 한계로 보존한다."",""rubric_review"":""직접 관찰의 행동·검증을 검토하며 다른 맥락의 한계와 평가자 차이를 보존한다."",""supporting_observation_ids"":[""OB_FIRST_PANEL_06_ML_ENGINEER_EV_APP0141_FIRST_INTERVIEW_TECHNICAL_ASSESSMENT_M1_SKILL_01"",""OB_FIRST_PANEL_06_HIRING_MANAGER_EV_APP0141_FIRST_INTERVIEW_TECHNICAL_ASSESSMENT_M1_SKILL_01"",""OB_FIRST_PANEL_06_TECHNICAL_REVIEWER_EV_APP0141_FIRST_INTERVIEW_TECHNICAL_ASSESSMENT_M1_SKILL_01""]}",CALIBRATION_PANEL_01,2026-12-22T10:00:00+09:00,SYNTHETIC_HUMAN_SCENARIO,M1_EVIDENCE_RUBRIC_V02
DC_APP0141_M1_SKILL_02_000237,APP0141,C0141,M1_SKILL_02,LIMITED,AGREED,"{""difference_types"":[],""disputed_evidence_ids"":[],""limited_evidence_ids"":[""EV_APP0141_FIRST_INTERVIEW_TECHNICAL_ASSESSMENT_M1_SKILL_02""],""meaningful_conflict_refs"":[],""missing_evidence_ids"":[],""reason"":""관찰된 직접 근거의 범위가 제한적이다. 자기기술만으로 보완하지 않는다."",""rubric_review"":""직접 관찰의 행동·검증을 검토하며 다른 맥락의 한계와 평가자 차이를 보존한다."",""supporting_observation_ids"":[""OB_FIRST_PANEL_06_ML_ENGINEER_EV_APP0141_FIRST_INTERVIEW_TECHNICAL_ASSESSMENT_M1_SKILL_02"",""OB_FIRST_PANEL_06_HIRING_MANAGER_EV_APP0141_FIRST_INTERVIEW_TECHNICAL_ASSESSMENT_M1_SKILL_02"",""OB_FIRST_PANEL_06_TECHNICAL_REVIEWER_EV_APP0141_FIRST_INTERVIEW_TECHNICAL_ASSESSMENT_M1_SKILL_02""]}",CALIBRATION_PANEL_01,2026-12-22T10:00:00+09:00,SYNTHETIC_HUMAN_SCENARIO,M1_EVIDENCE_RUBRIC_V02
DC_APP0141_M1_SKILL_03_000238,APP0141,C0141,M1_SKILL_03,MODERATE,AGREED,"{""difference_types"":[""EVIDENCE_EVOLUTION""],""disputed_evidence_ids"":[],""limited_evidence_ids"":[],""meaningful_conflict_refs"":[],""missing_evidence_ids"":[],""reason"":""동일 Skill의 독립된 직접 관찰로 수행 범위를 확인했다. 다른 맥락의 제한/모호성은 해당 근거의 한계로 보존한다."",""rubric_review"":""직접 관찰의 행동·검증을 검토하며 다른 맥락의 한계와 평가자 차이를 보존한다."",""supporting_observation_ids"":[""OB_REVIEW_ML_01_EV_APP0141_PRE_ASSESSMENT_CODING_TEST_M1_SKILL_03"",""OB_REVIEW_HM_01_EV_APP0141_PRE_ASSESSMENT_CODING_TEST_M1_SKILL_03"",""OB_FIRST_PANEL_06_ML_ENGINEER_EV_APP0141_FIRST_INTERVIEW_AI_CASE_M1_SKILL_03"",""OB_FIRST_PANEL_06_HIRING_MANAGER_EV_APP0141_FIRST_INTERVIEW_AI_CASE_M1_SKILL_03"",""OB_FIRST_PANEL_06_TECHNICAL_REVIEWER_EV_APP0141_FIRST_INTERVIEW_AI_CASE_M1_SKILL_03""]}",CALIBRATION_PANEL_01,2026-12-22T10:00:00+09:00,SYNTHETIC_HUMAN_SCENARIO,M1_EVIDENCE_RUBRIC_V02
DC_APP0141_M1_SKILL_04_000239,APP0141,C0141,M1_SKILL_04,MODERATE,AGREED,"{""difference_types"":[],""disputed_evidence_ids"":[],""limited_evidence_ids"":[],""meaningful_conflict_refs"":[],""missing_evidence_ids"":[],""reason"":""동일 Skill의 독립된 직접 관찰로 수행 범위를 확인했다. 다른 맥락의 제한/모호성은 해당 근거의 한계로 보존한다."",""rubric_review"":""직접 관찰의 행동·검증을 검토하며 다른 맥락의 한계와 평가자 차이를 보존한다."",""supporting_observation_ids"":[""OB_FIRST_PANEL_06_ML_ENGINEER_EV_APP0141_FIRST_INTERVIEW_PRACTITIONER_QA_M1_SKILL_04"",""OB_FIRST_PANEL_06_HIRING_MANAGER_EV_APP0141_FIRST_INTERVIEW_PRACTITIONER_QA_M1_SKILL_04"",""OB_FIRST_PANEL_06_TECHNICAL_REVIEWER_EV_APP0141_FIRST_INTERVIEW_PRACTITIONER_QA_M1_SKILL_04""]}",CALIBRATION_PANEL_01,2026-12-22T10:00:00+09:00,SYNTHETIC_HUMAN_SCENARIO,M1_EVIDENCE_RUBRIC_V02
DC_APP0141_M1_SKILL_05_000240,APP0141,C0141,M1_SKILL_05,MODERATE,AGREED,"{""difference_types"":[],""disputed_evidence_ids"":[],""limited_evidence_ids"":[],""meaningful_conflict_refs"":[],""missing_evidence_ids"":[],""reason"":""동일 Skill의 독립된 직접 관찰로 수행 범위를 확인했다. 다른 맥락의 제한/모호성은 해당 근거의 한계로 보존한다."",""rubric_review"":""직접 관찰의 행동·검증을 검토하며 다른 맥락의 한계와 평가자 차이를 보존한다."",""supporting_observation_ids"":[""OB_FIRST_PANEL_06_ML_ENGINEER_EV_APP0141_FIRST_INTERVIEW_PRACTITIONER_QA_M1_SKILL_05"",""OB_FIRST_PANEL_06_HIRING_MANAGER_EV_APP0141_FIRST_INTERVIEW_PRACTITIONER_QA_M1_SKILL_05"",""OB_FIRST_PANEL_06_TECHNICAL_REVIEWER_EV_APP0141_FIRST_INTERVIEW_PRACTITIONER_QA_M1_SKILL_05""]}",CALIBRATION_PANEL_01,2026-12-22T10:00:00+09:00,SYNTHETIC_HUMAN_SCENARIO,M1_EVIDENCE_RUBRIC_V02
DC_APP0141_M1_SKILL_06_000241,APP0141,C0141,M1_SKILL_06,MODERATE,AGREED,"{""difference_types"":[],""disputed_evidence_ids"":[],""limited_evidence_ids"":[],""meaningful_conflict_refs"":[],""missing_evidence_ids"":[],""reason"":""동일 Skill의 독립된 직접 관찰로 수행 범위를 확인했다. 다른 맥락의 제한/모호성은 해당 근거의 한계로 보존한다."",""rubric_review"":""직접 관찰의 행동·검증을 검토하며 다른 맥락의 한계와 평가자 차이를 보존한다."",""supporting_observation_ids"":[""OB_FIRST_PANEL_06_ML_ENGINEER_EV_APP0141_FIRST_INTERVIEW_PRACTITIONER_QA_M1_SKILL_06"",""OB_FIRST_PANEL_06_HIRING_MANAGER_EV_APP0141_FIRST_INTERVIEW_PRACTITIONER_QA_M1_SKILL_06"",""OB_FIRST_PANEL_06_TECHNICAL_REVIEWER_EV_APP0141_FIRST_INTERVIEW_PRACTITIONER_QA_M1_SKILL_06""]}",CALIBRATION_PANEL_01,2026-12-22T10:00:00+09:00,SYNTHETIC_HUMAN_SCENARIO,M1_EVIDENCE_RUBRIC_V02
DC_APP0141_M1_SKILL_07_000242,APP0141,C0141,M1_SKILL_07,LIMITED,AGREED,"{""difference_types"":[],""disputed_evidence_ids"":[],""limited_evidence_ids"":[""EV_APP0141_FIRST_INTERVIEW_TECHNICAL_ASSESSMENT_M1_SKILL_07""],""meaningful_conflict_refs"":[],""missing_evidence_ids"":[],""reason"":""관찰된 직접 근거의 범위가 제한적이다. 자기기술만으로 보완하지 않는다."",""rubric_review"":""직접 관찰의 행동·검증을 검토하며 다른 맥락의 한계와 평가자 차이를 보존한다."",""supporting_observation_ids"":[""OB_FIRST_PANEL_06_ML_ENGINEER_EV_APP0141_FIRST_INTERVIEW_TECHNICAL_ASSESSMENT_M1_SKILL_07"",""OB_FIRST_PANEL_06_HIRING_MANAGER_EV_APP0141_FIRST_INTERVIEW_TECHNICAL_ASSESSMENT_M1_SKILL_07"",""OB_FIRST_PANEL_06_TECHNICAL_REVIEWER_EV_APP0141_FIRST_INTERVIEW_TECHNICAL_ASSESSMENT_M1_SKILL_07""]}",CALIBRATION_PANEL_01,2026-12-22T10:00:00+09:00,SYNTHETIC_HUMAN_SCENARIO,M1_EVIDENCE_RUBRIC_V02
DC_APP0141_M1_SKILL_08_000243,APP0141,C0141,M1_SKILL_08,MODERATE,AGREED,"{""difference_types"":[],""disputed_evidence_ids"":[],""limited_evidence_ids"":[],""meaningful_conflict_refs"":[],""missing_evidence_ids"":[],""reason"":""동일 Skill의 독립된 직접 관찰로 수행 범위를 확인했다. 다른 맥락의 제한/모호성은 해당 근거의 한계로 보존한다."",""rubric_review"":""직접 관찰의 행동·검증을 검토하며 다른 맥락의 한계와 평가자 차이를 보존한다."",""supporting_observation_ids"":[""OB_FIRST_PANEL_06_ML_ENGINEER_EV_APP0141_FIRST_INTERVIEW_PRACTITIONER_QA_M1_SKILL_08"",""OB_FIRST_PANEL_06_HIRING_MANAGER_EV_APP0141_FIRST_INTERVIEW_PRACTITIONER_QA_M1_SKILL_08"",""OB_FIRST_PANEL_06_TECHNICAL_REVIEWER_EV_APP0141_FIRST_INTERVIEW_PRACTITIONER_QA_M1_SKILL_08""]}",CALIBRATION_PANEL_01,2026-12-22T10:00:00+09:00,SYNTHETIC_HUMAN_SCENARIO,M1_EVIDENCE_RUBRIC_V02
DC_APP0143_M1_SKILL_01_000244,APP0143,C0143,M1_SKILL_01,MODERATE,AGREED,"{""difference_types"":[""EVALUATOR_DISAGREEMENT""],""disputed_evidence_ids"":[""EV_APP0143_FIRST_INTERVIEW_TECHNICAL_ASSESSMENT_M1_SKILL_01""],""limited_evidence_ids"":[],""meaningful_conflict_refs"":[],""missing_evidence_ids"":[],""reason"":""동일 Skill의 독립된 직접 관찰로 수행 범위를 확인했다. 다른 맥락의 제한/모호성은 해당 근거의 한계로 보존한다."",""rubric_review"":""직접 관찰의 행동·검증을 검토하며 다른 맥락의 한계와 평가자 차이를 보존한다."",""supporting_observation_ids"":[""OB_FIRST_PANEL_07_ML_ENGINEER_EV_APP0143_FIRST_INTERVIEW_AI_CASE_M1_SKILL_01"",""OB_FIRST_PANEL_07_HIRING_MANAGER_EV_APP0143_FIRST_INTERVIEW_AI_CASE_M1_SKILL_01"",""OB_FIRST_PANEL_07_TECHNICAL_REVIEWER_EV_APP0143_FIRST_INTERVIEW_AI_CASE_M1_SKILL_01""]}",CALIBRATION_PANEL_01,2026-12-20T10:15:00+09:00,SYNTHETIC_HUMAN_SCENARIO,M1_EVIDENCE_RUBRIC_V02
DC_APP0143_M1_SKILL_02_000245,APP0143,C0143,M1_SKILL_02,LIMITED,AGREED,"{""difference_types"":[],""disputed_evidence_ids"":[],""limited_evidence_ids"":[""EV_APP0143_FIRST_INTERVIEW_TECHNICAL_ASSESSMENT_M1_SKILL_02""],""meaningful_conflict_refs"":[],""missing_evidence_ids"":[],""reason"":""관찰된 직접 근거의 범위가 제한적이다. 자기기술만으로 보완하지 않는다."",""rubric_review"":""직접 관찰의 행동·검증을 검토하며 다른 맥락의 한계와 평가자 차이를 보존한다."",""supporting_observation_ids"":[""OB_FIRST_PANEL_07_ML_ENGINEER_EV_APP0143_FIRST_INTERVIEW_TECHNICAL_ASSESSMENT_M1_SKILL_02"",""OB_FIRST_PANEL_07_HIRING_MANAGER_EV_APP0143_FIRST_INTERVIEW_TECHNICAL_ASSESSMENT_M1_SKILL_02"",""OB_FIRST_PANEL_07_TECHNICAL_REVIEWER_EV_APP0143_FIRST_INTERVIEW_TECHNICAL_ASSESSMENT_M1_SKILL_02""]}",CALIBRATION_PANEL_01,2026-12-20T10:15:00+09:00,SYNTHETIC_HUMAN_SCENARIO,M1_EVIDENCE_RUBRIC_V02
DC_APP0143_M1_SKILL_03_000246,APP0143,C0143,M1_SKILL_03,MODERATE,AGREED,"{""difference_types"":[""EVIDENCE_EVOLUTION""],""disputed_evidence_ids"":[],""limited_evidence_ids"":[],""meaningful_conflict_refs"":[],""missing_evidence_ids"":[""EV_APP0143_PRE_ASSESSMENT_CODING_TEST_M1_SKILL_03""],""reason"":""동일 Skill의 독립된 직접 관찰로 수행 범위를 확인했다. 다른 맥락의 제한/모호성은 해당 근거의 한계로 보존한다."",""rubric_review"":""직접 관찰의 행동·검증을 검토하며 다른 맥락의 한계와 평가자 차이를 보존한다."",""supporting_observation_ids"":[""OB_FIRST_PANEL_07_ML_ENGINEER_EV_APP0143_FIRST_INTERVIEW_AI_CASE_M1_SKILL_03"",""OB_FIRST_PANEL_07_HIRING_MANAGER_EV_APP0143_FIRST_INTERVIEW_AI_CASE_M1_SKILL_03"",""OB_FIRST_PANEL_07_TECHNICAL_REVIEWER_EV_APP0143_FIRST_INTERVIEW_AI_CASE_M1_SKILL_03""]}",CALIBRATION_PANEL_01,2026-12-20T10:15:00+09:00,SYNTHETIC_HUMAN_SCENARIO,M1_EVIDENCE_RUBRIC_V02
DC_APP0143_M1_SKILL_04_000247,APP0143,C0143,M1_SKILL_04,STRONG,AGREED,"{""difference_types"":[],""disputed_evidence_ids"":[],""limited_evidence_ids"":[],""meaningful_conflict_refs"":[],""missing_evidence_ids"":[],""reason"":""동일 Skill의 독립된 직접 관찰로 수행 범위를 확인했다. 다른 맥락의 제한/모호성은 해당 근거의 한계로 보존한다."",""rubric_review"":""직접 관찰의 행동·검증을 검토하며 다른 맥락의 한계와 평가자 차이를 보존한다."",""supporting_observation_ids"":[""OB_FIRST_PANEL_07_ML_ENGINEER_EV_APP0143_FIRST_INTERVIEW_PRACTITIONER_QA_M1_SKILL_04"",""OB_FIRST_PANEL_07_HIRING_MANAGER_EV_APP0143_FIRST_INTERVIEW_PRACTITIONER_QA_M1_SKILL_04"",""OB_FIRST_PANEL_07_TECHNICAL_REVIEWER_EV_APP0143_FIRST_INTERVIEW_PRACTITIONER_QA_M1_SKILL_04""]}",CALIBRATION_PANEL_01,2026-12-20T10:15:00+09:00,SYNTHETIC_HUMAN_SCENARIO,M1_EVIDENCE_RUBRIC_V02
DC_APP0143_M1_SKILL_05_000248,APP0143,C0143,M1_SKILL_05,,DISAGREEMENT_REMAINS,"{""difference_types"":[""EVALUATOR_DISAGREEMENT""],""disputed_evidence_ids"":[""EV_APP0143_FIRST_INTERVIEW_PRACTITIONER_QA_M1_SKILL_05""],""limited_evidence_ids"":[],""meaningful_conflict_refs"":[],""missing_evidence_ids"":[],""reason"":""동일 근거에 대한 평가자 해석 차이를 해소할 직접 관찰이 부족하다."",""rubric_review"":""직접 관찰의 행동·검증을 검토하며 다른 맥락의 한계와 평가자 차이를 보존한다."",""supporting_observation_ids"":[]}",CALIBRATION_PANEL_01,2026-12-20T10:15:00+09:00,SYNTHETIC_HUMAN_SCENARIO,M1_EVIDENCE_RUBRIC_V02
DC_APP0143_M1_SKILL_06_000249,APP0143,C0143,M1_SKILL_06,,DISAGREEMENT_REMAINS,"{""difference_types"":[""EVALUATOR_DISAGREEMENT""],""disputed_evidence_ids"":[""EV_APP0143_FIRST_INTERVIEW_PRACTITIONER_QA_M1_SKILL_06""],""limited_evidence_ids"":[],""meaningful_conflict_refs"":[],""missing_evidence_ids"":[],""reason"":""동일 근거에 대한 평가자 해석 차이를 해소할 직접 관찰이 부족하다."",""rubric_review"":""직접 관찰의 행동·검증을 검토하며 다른 맥락의 한계와 평가자 차이를 보존한다."",""supporting_observation_ids"":[]}",CALIBRATION_PANEL_01,2026-12-20T10:15:00+09:00,SYNTHETIC_HUMAN_SCENARIO,M1_EVIDENCE_RUBRIC_V02
DC_APP0143_M1_SKILL_07_000250,APP0143,C0143,M1_SKILL_07,,INSUFFICIENT_EVIDENCE,"{""difference_types"":[],""disputed_evidence_ids"":[],""limited_evidence_ids"":[],""meaningful_conflict_refs"":[],""missing_evidence_ids"":[""EV_APP0143_FIRST_INTERVIEW_TECHNICAL_ASSESSMENT_M1_SKILL_07""],""reason"":""직접 판단 근거 부족. 미관찰을 역량 부재로 해석하지 않는다."",""rubric_review"":""직접 관찰의 행동·검증을 검토하며 다른 맥락의 한계와 평가자 차이를 보존한다."",""supporting_observation_ids"":[]}",CALIBRATION_PANEL_01,2026-12-20T10:15:00+09:00,SYNTHETIC_HUMAN_SCENARIO,M1_EVIDENCE_RUBRIC_V02
DC_APP0143_M1_SKILL_08_000251,APP0143,C0143,M1_SKILL_08,MODERATE,AGREED,"{""difference_types"":[],""disputed_evidence_ids"":[],""limited_evidence_ids"":[],""meaningful_conflict_refs"":[],""missing_evidence_ids"":[],""reason"":""동일 Skill의 독립된 직접 관찰로 수행 범위를 확인했다. 다른 맥락의 제한/모호성은 해당 근거의 한계로 보존한다."",""rubric_review"":""직접 관찰의 행동·검증을 검토하며 다른 맥락의 한계와 평가자 차이를 보존한다."",""supporting_observation_ids"":[""OB_FIRST_PANEL_07_ML_ENGINEER_EV_APP0143_FIRST_INTERVIEW_PRACTITIONER_QA_M1_SKILL_08"",""OB_FIRST_PANEL_07_HIRING_MANAGER_EV_APP0143_FIRST_INTERVIEW_PRACTITIONER_QA_M1_SKILL_08"",""OB_FIRST_PANEL_07_TECHNICAL_REVIEWER_EV_APP0143_FIRST_INTERVIEW_PRACTITIONER_QA_M1_SKILL_08""]}",CALIBRATION_PANEL_01,2026-12-20T10:15:00+09:00,SYNTHETIC_HUMAN_SCENARIO,M1_EVIDENCE_RUBRIC_V02
DC_APP0150_M1_SKILL_01_000252,APP0150,C0150,M1_SKILL_01,STRONG,AGREED,"{""difference_types"":[""EVIDENCE_EVOLUTION""],""disputed_evidence_ids"":[],""limited_evidence_ids"":[],""meaningful_conflict_refs"":[],""missing_evidence_ids"":[],""reason"":""동일 Skill의 독립된 직접 관찰로 수행 범위를 확인했다. 다른 맥락의 제한/모호성은 해당 근거의 한계로 보존한다."",""rubric_review"":""직접 관찰의 행동·검증을 검토하며 다른 맥락의 한계와 평가자 차이를 보존한다."",""supporting_observation_ids"":[""OB_FIRST_PANEL_08_ML_ENGINEER_EV_APP0150_FIRST_INTERVIEW_TECHNICAL_ASSESSMENT_M1_SKILL_01"",""OB_FIRST_PANEL_08_HIRING_MANAGER_EV_APP0150_FIRST_INTERVIEW_TECHNICAL_ASSESSMENT_M1_SKILL_01"",""OB_FIRST_PANEL_08_TECHNICAL_REVIEWER_EV_APP0150_FIRST_INTERVIEW_TECHNICAL_ASSESSMENT_M1_SKILL_01"",""OB_FIRST_PANEL_08_ML_ENGINEER_EV_APP0150_FIRST_INTERVIEW_AI_CASE_M1_SKILL_01"",""OB_FIRST_PANEL_08_HIRING_MANAGER_EV_APP0150_FIRST_INTERVIEW_AI_CASE_M1_SKILL_01"",""OB_FIRST_PANEL_08_TECHNICAL_REVIEWER_EV_APP0150_FIRST_INTERVIEW_AI_CASE_M1_SKILL_01""]}",CALIBRATION_PANEL_01,2026-12-22T10:15:00+09:00,SYNTHETIC_HUMAN_SCENARIO,M1_EVIDENCE_RUBRIC_V02
DC_APP0150_M1_SKILL_02_000253,APP0150,C0150,M1_SKILL_02,,DISAGREEMENT_REMAINS,"{""difference_types"":[""EVALUATOR_DISAGREEMENT""],""disputed_evidence_ids"":[""EV_APP0150_FIRST_INTERVIEW_TECHNICAL_ASSESSMENT_M1_SKILL_02""],""limited_evidence_ids"":[],""meaningful_conflict_refs"":[],""missing_evidence_ids"":[],""reason"":""동일 근거에 대한 평가자 해석 차이를 해소할 직접 관찰이 부족하다."",""rubric_review"":""직접 관찰의 행동·검증을 검토하며 다른 맥락의 한계와 평가자 차이를 보존한다."",""supporting_observation_ids"":[]}",CALIBRATION_PANEL_01,2026-12-22T10:15:00+09:00,SYNTHETIC_HUMAN_SCENARIO,M1_EVIDENCE_RUBRIC_V02
DC_APP0150_M1_SKILL_03_000254,APP0150,C0150,M1_SKILL_03,,DISAGREEMENT_REMAINS,"{""difference_types"":[""EVALUATOR_DISAGREEMENT""],""disputed_evidence_ids"":[""EV_APP0150_PRE_ASSESSMENT_CODING_TEST_M1_SKILL_03""],""limited_evidence_ids"":[""EV_APP0150_FIRST_INTERVIEW_AI_CASE_M1_SKILL_03""],""meaningful_conflict_refs"":[],""missing_evidence_ids"":[],""reason"":""동일 근거에 대한 평가자 해석 차이를 해소할 직접 관찰이 부족하다."",""rubric_review"":""직접 관찰의 행동·검증을 검토하며 다른 맥락의 한계와 평가자 차이를 보존한다."",""supporting_observation_ids"":[]}",CALIBRATION_PANEL_01,2026-12-22T10:15:00+09:00,SYNTHETIC_HUMAN_SCENARIO,M1_EVIDENCE_RUBRIC_V02
DC_APP0150_M1_SKILL_04_000255,APP0150,C0150,M1_SKILL_04,LIMITED,AGREED,"{""difference_types"":[],""disputed_evidence_ids"":[],""limited_evidence_ids"":[""EV_APP0150_FIRST_INTERVIEW_PRACTITIONER_QA_M1_SKILL_04""],""meaningful_conflict_refs"":[],""missing_evidence_ids"":[],""reason"":""관찰된 직접 근거의 범위가 제한적이다. 자기기술만으로 보완하지 않는다."",""rubric_review"":""직접 관찰의 행동·검증을 검토하며 다른 맥락의 한계와 평가자 차이를 보존한다."",""supporting_observation_ids"":[""OB_FIRST_PANEL_08_ML_ENGINEER_EV_APP0150_FIRST_INTERVIEW_PRACTITIONER_QA_M1_SKILL_04"",""OB_FIRST_PANEL_08_HIRING_MANAGER_EV_APP0150_FIRST_INTERVIEW_PRACTITIONER_QA_M1_SKILL_04"",""OB_FIRST_PANEL_08_TECHNICAL_REVIEWER_EV_APP0150_FIRST_INTERVIEW_PRACTITIONER_QA_M1_SKILL_04""]}",CALIBRATION_PANEL_01,2026-12-22T10:15:00+09:00,SYNTHETIC_HUMAN_SCENARIO,M1_EVIDENCE_RUBRIC_V02
DC_APP0150_M1_SKILL_05_000256,APP0150,C0150,M1_SKILL_05,,INSUFFICIENT_EVIDENCE,"{""difference_types"":[],""disputed_evidence_ids"":[],""limited_evidence_ids"":[],""meaningful_conflict_refs"":[],""missing_evidence_ids"":[""EV_APP0150_FIRST_INTERVIEW_PRACTITIONER_QA_M1_SKILL_05""],""reason"":""직접 판단 근거 부족. 미관찰을 역량 부재로 해석하지 않는다."",""rubric_review"":""직접 관찰의 행동·검증을 검토하며 다른 맥락의 한계와 평가자 차이를 보존한다."",""supporting_observation_ids"":[]}",CALIBRATION_PANEL_01,2026-12-22T10:15:00+09:00,SYNTHETIC_HUMAN_SCENARIO,M1_EVIDENCE_RUBRIC_V02
DC_APP0150_M1_SKILL_06_000257,APP0150,C0150,M1_SKILL_06,,DISAGREEMENT_REMAINS,"{""difference_types"":[""EVALUATOR_DISAGREEMENT""],""disputed_evidence_ids"":[""EV_APP0150_FIRST_INTERVIEW_PRACTITIONER_QA_M1_SKILL_06""],""limited_evidence_ids"":[],""meaningful_conflict_refs"":[],""missing_evidence_ids"":[],""reason"":""동일 근거에 대한 평가자 해석 차이를 해소할 직접 관찰이 부족하다."",""rubric_review"":""직접 관찰의 행동·검증을 검토하며 다른 맥락의 한계와 평가자 차이를 보존한다."",""supporting_observation_ids"":[]}",CALIBRATION_PANEL_01,2026-12-22T10:15:00+09:00,SYNTHETIC_HUMAN_SCENARIO,M1_EVIDENCE_RUBRIC_V02
DC_APP0150_M1_SKILL_07_000258,APP0150,C0150,M1_SKILL_07,LIMITED,AGREED,"{""difference_types"":[],""disputed_evidence_ids"":[],""limited_evidence_ids"":[""EV_APP0150_FIRST_INTERVIEW_TECHNICAL_ASSESSMENT_M1_SKILL_07""],""meaningful_conflict_refs"":[],""missing_evidence_ids"":[],""reason"":""관찰된 직접 근거의 범위가 제한적이다. 자기기술만으로 보완하지 않는다."",""rubric_review"":""직접 관찰의 행동·검증을 검토하며 다른 맥락의 한계와 평가자 차이를 보존한다."",""supporting_observation_ids"":[""OB_FIRST_PANEL_08_ML_ENGINEER_EV_APP0150_FIRST_INTERVIEW_TECHNICAL_ASSESSMENT_M1_SKILL_07"",""OB_FIRST_PANEL_08_HIRING_MANAGER_EV_APP0150_FIRST_INTERVIEW_TECHNICAL_ASSESSMENT_M1_SKILL_07"",""OB_FIRST_PANEL_08_TECHNICAL_REVIEWER_EV_APP0150_FIRST_INTERVIEW_TECHNICAL_ASSESSMENT_M1_SKILL_07""]}",CALIBRATION_PANEL_01,2026-12-22T10:15:00+09:00,SYNTHETIC_HUMAN_SCENARIO,M1_EVIDENCE_RUBRIC_V02
DC_APP0150_M1_SKILL_08_000259,APP0150,C0150,M1_SKILL_08,STRONG,AGREED,"{""difference_types"":[],""disputed_evidence_ids"":[],""limited_evidence_ids"":[],""meaningful_conflict_refs"":[],""missing_evidence_ids"":[],""reason"":""동일 Skill의 독립된 직접 관찰로 수행 범위를 확인했다. 다른 맥락의 제한/모호성은 해당 근거의 한계로 보존한다."",""rubric_review"":""직접 관찰의 행동·검증을 검토하며 다른 맥락의 한계와 평가자 차이를 보존한다."",""supporting_observation_ids"":[""OB_FIRST_PANEL_08_ML_ENGINEER_EV_APP0150_FIRST_INTERVIEW_PRACTITIONER_QA_M1_SKILL_08"",""OB_FIRST_PANEL_08_HIRING_MANAGER_EV_APP0150_FIRST_INTERVIEW_PRACTITIONER_QA_M1_SKILL_08"",""OB_FIRST_PANEL_08_TECHNICAL_REVIEWER_EV_APP0150_FIRST_INTERVIEW_PRACTITIONER_QA_M1_SKILL_08""]}",CALIBRATION_PANEL_01,2026-12-22T10:15:00+09:00,SYNTHETIC_HUMAN_SCENARIO,M1_EVIDENCE_RUBRIC_V02
DC_APP0153_M1_SKILL_01_000260,APP0153,C0153,M1_SKILL_01,,DISAGREEMENT_REMAINS,"{""difference_types"":[""EVALUATOR_DISAGREEMENT""],""disputed_evidence_ids"":[""EV_APP0153_FIRST_INTERVIEW_AI_CASE_M1_SKILL_01""],""limited_evidence_ids"":[],""meaningful_conflict_refs"":[],""missing_evidence_ids"":[""EV_APP0153_FIRST_INTERVIEW_TECHNICAL_ASSESSMENT_M1_SKILL_01""],""reason"":""동일 근거에 대한 평가자 해석 차이를 해소할 직접 관찰이 부족하다."",""rubric_review"":""직접 관찰의 행동·검증을 검토하며 다른 맥락의 한계와 평가자 차이를 보존한다."",""supporting_observation_ids"":[]}",CALIBRATION_PANEL_01,2026-12-19T10:15:00+09:00,SYNTHETIC_HUMAN_SCENARIO,M1_EVIDENCE_RUBRIC_V02
DC_APP0153_M1_SKILL_02_000261,APP0153,C0153,M1_SKILL_02,STRONG,AGREED,"{""difference_types"":[],""disputed_evidence_ids"":[],""limited_evidence_ids"":[],""meaningful_conflict_refs"":[],""missing_evidence_ids"":[],""reason"":""동일 Skill의 독립된 직접 관찰로 수행 범위를 확인했다. 다른 맥락의 제한/모호성은 해당 근거의 한계로 보존한다."",""rubric_review"":""직접 관찰의 행동·검증을 검토하며 다른 맥락의 한계와 평가자 차이를 보존한다."",""supporting_observation_ids"":[""OB_FIRST_PANEL_09_ML_ENGINEER_EV_APP0153_FIRST_INTERVIEW_TECHNICAL_ASSESSMENT_M1_SKILL_02"",""OB_FIRST_PANEL_09_HIRING_MANAGER_EV_APP0153_FIRST_INTERVIEW_TECHNICAL_ASSESSMENT_M1_SKILL_02"",""OB_FIRST_PANEL_09_TECHNICAL_REVIEWER_EV_APP0153_FIRST_INTERVIEW_TECHNICAL_ASSESSMENT_M1_SKILL_02""]}",CALIBRATION_PANEL_01,2026-12-19T10:15:00+09:00,SYNTHETIC_HUMAN_SCENARIO,M1_EVIDENCE_RUBRIC_V02
DC_APP0153_M1_SKILL_03_000262,APP0153,C0153,M1_SKILL_03,STRONG,AGREED,"{""difference_types"":[""EVIDENCE_EVOLUTION""],""disputed_evidence_ids"":[],""limited_evidence_ids"":[],""meaningful_conflict_refs"":[],""missing_evidence_ids"":[],""reason"":""동일 Skill의 독립된 직접 관찰로 수행 범위를 확인했다. 다른 맥락의 제한/모호성은 해당 근거의 한계로 보존한다."",""rubric_review"":""직접 관찰의 행동·검증을 검토하며 다른 맥락의 한계와 평가자 차이를 보존한다."",""supporting_observation_ids"":[""OB_REVIEW_ML_01_EV_APP0153_PRE_ASSESSMENT_CODING_TEST_M1_SKILL_03"",""OB_REVIEW_HM_01_EV_APP0153_PRE_ASSESSMENT_CODING_TEST_M1_SKILL_03"",""OB_FIRST_PANEL_09_ML_ENGINEER_EV_APP0153_FIRST_INTERVIEW_AI_CASE_M1_SKILL_03"",""OB_FIRST_PANEL_09_HIRING_MANAGER_EV_APP0153_FIRST_INTERVIEW_AI_CASE_M1_SKILL_03"",""OB_FIRST_PANEL_09_TECHNICAL_REVIEWER_EV_APP0153_FIRST_INTERVIEW_AI_CASE_M1_SKILL_03""]}",CALIBRATION_PANEL_01,2026-12-19T10:15:00+09:00,SYNTHETIC_HUMAN_SCENARIO,M1_EVIDENCE_RUBRIC_V02
DC_APP0153_M1_SKILL_04_000263,APP0153,C0153,M1_SKILL_04,LIMITED,AGREED,"{""difference_types"":[],""disputed_evidence_ids"":[],""limited_evidence_ids"":[""EV_APP0153_FIRST_INTERVIEW_PRACTITIONER_QA_M1_SKILL_04""],""meaningful_conflict_refs"":[],""missing_evidence_ids"":[],""reason"":""관찰된 직접 근거의 범위가 제한적이다. 자기기술만으로 보완하지 않는다."",""rubric_review"":""직접 관찰의 행동·검증을 검토하며 다른 맥락의 한계와 평가자 차이를 보존한다."",""supporting_observation_ids"":[""OB_FIRST_PANEL_09_ML_ENGINEER_EV_APP0153_FIRST_INTERVIEW_PRACTITIONER_QA_M1_SKILL_04"",""OB_FIRST_PANEL_09_HIRING_MANAGER_EV_APP0153_FIRST_INTERVIEW_PRACTITIONER_QA_M1_SKILL_04"",""OB_FIRST_PANEL_09_TECHNICAL_REVIEWER_EV_APP0153_FIRST_INTERVIEW_PRACTITIONER_QA_M1_SKILL_04""]}",CALIBRATION_PANEL_01,2026-12-19T10:15:00+09:00,SYNTHETIC_HUMAN_SCENARIO,M1_EVIDENCE_RUBRIC_V02
DC_APP0153_M1_SKILL_05_000264,APP0153,C0153,M1_SKILL_05,,INSUFFICIENT_EVIDENCE,"{""difference_types"":[],""disputed_evidence_ids"":[],""limited_evidence_ids"":[],""meaningful_conflict_refs"":[],""missing_evidence_ids"":[""EV_APP0153_FIRST_INTERVIEW_PRACTITIONER_QA_M1_SKILL_05""],""reason"":""직접 판단 근거 부족. 미관찰을 역량 부재로 해석하지 않는다."",""rubric_review"":""직접 관찰의 행동·검증을 검토하며 다른 맥락의 한계와 평가자 차이를 보존한다."",""supporting_observation_ids"":[]}",CALIBRATION_PANEL_01,2026-12-19T10:15:00+09:00,SYNTHETIC_HUMAN_SCENARIO,M1_EVIDENCE_RUBRIC_V02
DC_APP0153_M1_SKILL_06_000265,APP0153,C0153,M1_SKILL_06,MODERATE,AGREED,"{""difference_types"":[],""disputed_evidence_ids"":[],""limited_evidence_ids"":[],""meaningful_conflict_refs"":[],""missing_evidence_ids"":[],""reason"":""동일 Skill의 독립된 직접 관찰로 수행 범위를 확인했다. 다른 맥락의 제한/모호성은 해당 근거의 한계로 보존한다."",""rubric_review"":""직접 관찰의 행동·검증을 검토하며 다른 맥락의 한계와 평가자 차이를 보존한다."",""supporting_observation_ids"":[""OB_FIRST_PANEL_09_ML_ENGINEER_EV_APP0153_FIRST_INTERVIEW_PRACTITIONER_QA_M1_SKILL_06"",""OB_FIRST_PANEL_09_HIRING_MANAGER_EV_APP0153_FIRST_INTERVIEW_PRACTITIONER_QA_M1_SKILL_06"",""OB_FIRST_PANEL_09_TECHNICAL_REVIEWER_EV_APP0153_FIRST_INTERVIEW_PRACTITIONER_QA_M1_SKILL_06""]}",CALIBRATION_PANEL_01,2026-12-19T10:15:00+09:00,SYNTHETIC_HUMAN_SCENARIO,M1_EVIDENCE_RUBRIC_V02
DC_APP0153_M1_SKILL_07_000266,APP0153,C0153,M1_SKILL_07,MODERATE,AGREED,"{""difference_types"":[],""disputed_evidence_ids"":[],""limited_evidence_ids"":[],""meaningful_conflict_refs"":[],""missing_evidence_ids"":[],""reason"":""동일 Skill의 독립된 직접 관찰로 수행 범위를 확인했다. 다른 맥락의 제한/모호성은 해당 근거의 한계로 보존한다."",""rubric_review"":""직접 관찰의 행동·검증을 검토하며 다른 맥락의 한계와 평가자 차이를 보존한다."",""supporting_observation_ids"":[""OB_FIRST_PANEL_09_ML_ENGINEER_EV_APP0153_FIRST_INTERVIEW_TECHNICAL_ASSESSMENT_M1_SKILL_07"",""OB_FIRST_PANEL_09_HIRING_MANAGER_EV_APP0153_FIRST_INTERVIEW_TECHNICAL_ASSESSMENT_M1_SKILL_07"",""OB_FIRST_PANEL_09_TECHNICAL_REVIEWER_EV_APP0153_FIRST_INTERVIEW_TECHNICAL_ASSESSMENT_M1_SKILL_07""]}",CALIBRATION_PANEL_01,2026-12-19T10:15:00+09:00,SYNTHETIC_HUMAN_SCENARIO,M1_EVIDENCE_RUBRIC_V02
DC_APP0153_M1_SKILL_08_000267,APP0153,C0153,M1_SKILL_08,,INSUFFICIENT_EVIDENCE,"{""difference_types"":[],""disputed_evidence_ids"":[],""limited_evidence_ids"":[],""meaningful_conflict_refs"":[],""missing_evidence_ids"":[""EV_APP0153_FIRST_INTERVIEW_PRACTITIONER_QA_M1_SKILL_08""],""reason"":""직접 판단 근거 부족. 미관찰을 역량 부재로 해석하지 않는다."",""rubric_review"":""직접 관찰의 행동·검증을 검토하며 다른 맥락의 한계와 평가자 차이를 보존한다."",""supporting_observation_ids"":[]}",CALIBRATION_PANEL_01,2026-12-19T10:15:00+09:00,SYNTHETIC_HUMAN_SCENARIO,M1_EVIDENCE_RUBRIC_V02
DC_APP0155_M1_SKILL_01_000268,APP0155,C0155,M1_SKILL_01,MODERATE,AGREED,"{""difference_types"":[""EVIDENCE_EVOLUTION""],""disputed_evidence_ids"":[],""limited_evidence_ids"":[],""meaningful_conflict_refs"":[],""missing_evidence_ids"":[],""reason"":""동일 Skill의 독립된 직접 관찰로 수행 범위를 확인했다. 다른 맥락의 제한/모호성은 해당 근거의 한계로 보존한다."",""rubric_review"":""직접 관찰의 행동·검증을 검토하며 다른 맥락의 한계와 평가자 차이를 보존한다."",""supporting_observation_ids"":[""OB_FIRST_PANEL_10_ML_ENGINEER_EV_APP0155_FIRST_INTERVIEW_TECHNICAL_ASSESSMENT_M1_SKILL_01"",""OB_FIRST_PANEL_10_HIRING_MANAGER_EV_APP0155_FIRST_INTERVIEW_TECHNICAL_ASSESSMENT_M1_SKILL_01"",""OB_FIRST_PANEL_10_TECHNICAL_REVIEWER_EV_APP0155_FIRST_INTERVIEW_TECHNICAL_ASSESSMENT_M1_SKILL_01"",""OB_FIRST_PANEL_10_ML_ENGINEER_EV_APP0155_FIRST_INTERVIEW_AI_CASE_M1_SKILL_01"",""OB_FIRST_PANEL_10_HIRING_MANAGER_EV_APP0155_FIRST_INTERVIEW_AI_CASE_M1_SKILL_01"",""OB_FIRST_PANEL_10_TECHNICAL_REVIEWER_EV_APP0155_FIRST_INTERVIEW_AI_CASE_M1_SKILL_01""]}",CALIBRATION_PANEL_01,2026-12-19T10:00:00+09:00,SYNTHETIC_HUMAN_SCENARIO,M1_EVIDENCE_RUBRIC_V02
DC_APP0155_M1_SKILL_02_000269,APP0155,C0155,M1_SKILL_02,STRONG,AGREED,"{""difference_types"":[],""disputed_evidence_ids"":[],""limited_evidence_ids"":[],""meaningful_conflict_refs"":[],""missing_evidence_ids"":[],""reason"":""동일 Skill의 독립된 직접 관찰로 수행 범위를 확인했다. 다른 맥락의 제한/모호성은 해당 근거의 한계로 보존한다."",""rubric_review"":""직접 관찰의 행동·검증을 검토하며 다른 맥락의 한계와 평가자 차이를 보존한다."",""supporting_observation_ids"":[""OB_FIRST_PANEL_10_ML_ENGINEER_EV_APP0155_FIRST_INTERVIEW_TECHNICAL_ASSESSMENT_M1_SKILL_02"",""OB_FIRST_PANEL_10_HIRING_MANAGER_EV_APP0155_FIRST_INTERVIEW_TECHNICAL_ASSESSMENT_M1_SKILL_02"",""OB_FIRST_PANEL_10_TECHNICAL_REVIEWER_EV_APP0155_FIRST_INTERVIEW_TECHNICAL_ASSESSMENT_M1_SKILL_02""]}",CALIBRATION_PANEL_01,2026-12-19T10:00:00+09:00,SYNTHETIC_HUMAN_SCENARIO,M1_EVIDENCE_RUBRIC_V02
DC_APP0155_M1_SKILL_03_000270,APP0155,C0155,M1_SKILL_03,STRONG,AGREED,"{""difference_types"":[""EVIDENCE_EVOLUTION""],""disputed_evidence_ids"":[],""limited_evidence_ids"":[],""meaningful_conflict_refs"":[],""missing_evidence_ids"":[],""reason"":""동일 Skill의 독립된 직접 관찰로 수행 범위를 확인했다. 다른 맥락의 제한/모호성은 해당 근거의 한계로 보존한다."",""rubric_review"":""직접 관찰의 행동·검증을 검토하며 다른 맥락의 한계와 평가자 차이를 보존한다."",""supporting_observation_ids"":[""OB_REVIEW_ML_01_EV_APP0155_PRE_ASSESSMENT_CODING_TEST_M1_SKILL_03"",""OB_REVIEW_HM_01_EV_APP0155_PRE_ASSESSMENT_CODING_TEST_M1_SKILL_03"",""OB_FIRST_PANEL_10_ML_ENGINEER_EV_APP0155_FIRST_INTERVIEW_AI_CASE_M1_SKILL_03"",""OB_FIRST_PANEL_10_HIRING_MANAGER_EV_APP0155_FIRST_INTERVIEW_AI_CASE_M1_SKILL_03"",""OB_FIRST_PANEL_10_TECHNICAL_REVIEWER_EV_APP0155_FIRST_INTERVIEW_AI_CASE_M1_SKILL_03""]}",CALIBRATION_PANEL_01,2026-12-19T10:00:00+09:00,SYNTHETIC_HUMAN_SCENARIO,M1_EVIDENCE_RUBRIC_V02
DC_APP0155_M1_SKILL_04_000271,APP0155,C0155,M1_SKILL_04,MODERATE,AGREED,"{""difference_types"":[],""disputed_evidence_ids"":[],""limited_evidence_ids"":[],""meaningful_conflict_refs"":[],""missing_evidence_ids"":[],""reason"":""동일 Skill의 독립된 직접 관찰로 수행 범위를 확인했다. 다른 맥락의 제한/모호성은 해당 근거의 한계로 보존한다."",""rubric_review"":""직접 관찰의 행동·검증을 검토하며 다른 맥락의 한계와 평가자 차이를 보존한다."",""supporting_observation_ids"":[""OB_FIRST_PANEL_10_ML_ENGINEER_EV_APP0155_FIRST_INTERVIEW_PRACTITIONER_QA_M1_SKILL_04"",""OB_FIRST_PANEL_10_HIRING_MANAGER_EV_APP0155_FIRST_INTERVIEW_PRACTITIONER_QA_M1_SKILL_04"",""OB_FIRST_PANEL_10_TECHNICAL_REVIEWER_EV_APP0155_FIRST_INTERVIEW_PRACTITIONER_QA_M1_SKILL_04""]}",CALIBRATION_PANEL_01,2026-12-19T10:00:00+09:00,SYNTHETIC_HUMAN_SCENARIO,M1_EVIDENCE_RUBRIC_V02
DC_APP0155_M1_SKILL_05_000272,APP0155,C0155,M1_SKILL_05,MODERATE,AGREED,"{""difference_types"":[],""disputed_evidence_ids"":[],""limited_evidence_ids"":[],""meaningful_conflict_refs"":[],""missing_evidence_ids"":[],""reason"":""동일 Skill의 독립된 직접 관찰로 수행 범위를 확인했다. 다른 맥락의 제한/모호성은 해당 근거의 한계로 보존한다."",""rubric_review"":""직접 관찰의 행동·검증을 검토하며 다른 맥락의 한계와 평가자 차이를 보존한다."",""supporting_observation_ids"":[""OB_FIRST_PANEL_10_ML_ENGINEER_EV_APP0155_FIRST_INTERVIEW_PRACTITIONER_QA_M1_SKILL_05"",""OB_FIRST_PANEL_10_HIRING_MANAGER_EV_APP0155_FIRST_INTERVIEW_PRACTITIONER_QA_M1_SKILL_05"",""OB_FIRST_PANEL_10_TECHNICAL_REVIEWER_EV_APP0155_FIRST_INTERVIEW_PRACTITIONER_QA_M1_SKILL_05""]}",CALIBRATION_PANEL_01,2026-12-19T10:00:00+09:00,SYNTHETIC_HUMAN_SCENARIO,M1_EVIDENCE_RUBRIC_V02
DC_APP0155_M1_SKILL_06_000273,APP0155,C0155,M1_SKILL_06,MODERATE,AGREED,"{""difference_types"":[],""disputed_evidence_ids"":[],""limited_evidence_ids"":[],""meaningful_conflict_refs"":[],""missing_evidence_ids"":[],""reason"":""동일 Skill의 독립된 직접 관찰로 수행 범위를 확인했다. 다른 맥락의 제한/모호성은 해당 근거의 한계로 보존한다."",""rubric_review"":""직접 관찰의 행동·검증을 검토하며 다른 맥락의 한계와 평가자 차이를 보존한다."",""supporting_observation_ids"":[""OB_FIRST_PANEL_10_ML_ENGINEER_EV_APP0155_FIRST_INTERVIEW_PRACTITIONER_QA_M1_SKILL_06"",""OB_FIRST_PANEL_10_HIRING_MANAGER_EV_APP0155_FIRST_INTERVIEW_PRACTITIONER_QA_M1_SKILL_06"",""OB_FIRST_PANEL_10_TECHNICAL_REVIEWER_EV_APP0155_FIRST_INTERVIEW_PRACTITIONER_QA_M1_SKILL_06""]}",CALIBRATION_PANEL_01,2026-12-19T10:00:00+09:00,SYNTHETIC_HUMAN_SCENARIO,M1_EVIDENCE_RUBRIC_V02
DC_APP0155_M1_SKILL_07_000274,APP0155,C0155,M1_SKILL_07,STRONG,AGREED,"{""difference_types"":[],""disputed_evidence_ids"":[],""limited_evidence_ids"":[],""meaningful_conflict_refs"":[],""missing_evidence_ids"":[],""reason"":""동일 Skill의 독립된 직접 관찰로 수행 범위를 확인했다. 다른 맥락의 제한/모호성은 해당 근거의 한계로 보존한다."",""rubric_review"":""직접 관찰의 행동·검증을 검토하며 다른 맥락의 한계와 평가자 차이를 보존한다."",""supporting_observation_ids"":[""OB_FIRST_PANEL_10_ML_ENGINEER_EV_APP0155_FIRST_INTERVIEW_TECHNICAL_ASSESSMENT_M1_SKILL_07"",""OB_FIRST_PANEL_10_HIRING_MANAGER_EV_APP0155_FIRST_INTERVIEW_TECHNICAL_ASSESSMENT_M1_SKILL_07"",""OB_FIRST_PANEL_10_TECHNICAL_REVIEWER_EV_APP0155_FIRST_INTERVIEW_TECHNICAL_ASSESSMENT_M1_SKILL_07""]}",CALIBRATION_PANEL_01,2026-12-19T10:00:00+09:00,SYNTHETIC_HUMAN_SCENARIO,M1_EVIDENCE_RUBRIC_V02
DC_APP0155_M1_SKILL_08_000275,APP0155,C0155,M1_SKILL_08,STRONG,AGREED,"{""difference_types"":[],""disputed_evidence_ids"":[],""limited_evidence_ids"":[],""meaningful_conflict_refs"":[],""missing_evidence_ids"":[],""reason"":""동일 Skill의 독립된 직접 관찰로 수행 범위를 확인했다. 다른 맥락의 제한/모호성은 해당 근거의 한계로 보존한다."",""rubric_review"":""직접 관찰의 행동·검증을 검토하며 다른 맥락의 한계와 평가자 차이를 보존한다."",""supporting_observation_ids"":[""OB_FIRST_PANEL_10_ML_ENGINEER_EV_APP0155_FIRST_INTERVIEW_PRACTITIONER_QA_M1_SKILL_08"",""OB_FIRST_PANEL_10_HIRING_MANAGER_EV_APP0155_FIRST_INTERVIEW_PRACTITIONER_QA_M1_SKILL_08"",""OB_FIRST_PANEL_10_TECHNICAL_REVIEWER_EV_APP0155_FIRST_INTERVIEW_PRACTITIONER_QA_M1_SKILL_08""]}",CALIBRATION_PANEL_01,2026-12-19T10:00:00+09:00,SYNTHETIC_HUMAN_SCENARIO,M1_EVIDENCE_RUBRIC_V02
DC_APP0163_M1_SKILL_01_000276,APP0163,C0163,M1_SKILL_01,MODERATE,AGREED,"{""difference_types"":[""EVIDENCE_EVOLUTION"",""CONTEXT_DIFFERENCE""],""disputed_evidence_ids"":[],""limited_evidence_ids"":[""EV_APP0163_FIRST_INTERVIEW_AI_CASE_M1_SKILL_01""],""meaningful_conflict_refs"":[],""missing_evidence_ids"":[],""reason"":""동일 Skill의 독립된 직접 관찰로 수행 범위를 확인했다. 다른 맥락의 제한/모호성은 해당 근거의 한계로 보존한다."",""rubric_review"":""직접 관찰의 행동·검증을 검토하며 다른 맥락의 한계와 평가자 차이를 보존한다."",""supporting_observation_ids"":[""OB_FIRST_PANEL_01_ML_ENGINEER_EV_APP0163_FIRST_INTERVIEW_TECHNICAL_ASSESSMENT_M1_SKILL_01"",""OB_FIRST_PANEL_01_HIRING_MANAGER_EV_APP0163_FIRST_INTERVIEW_TECHNICAL_ASSESSMENT_M1_SKILL_01"",""OB_FIRST_PANEL_01_TECHNICAL_REVIEWER_EV_APP0163_FIRST_INTERVIEW_TECHNICAL_ASSESSMENT_M1_SKILL_01""]}",CALIBRATION_PANEL_01,2026-12-23T10:15:00+09:00,SYNTHETIC_HUMAN_SCENARIO,M1_EVIDENCE_RUBRIC_V02
DC_APP0163_M1_SKILL_02_000277,APP0163,C0163,M1_SKILL_02,,DISAGREEMENT_REMAINS,"{""difference_types"":[""EVALUATOR_DISAGREEMENT""],""disputed_evidence_ids"":[""EV_APP0163_FIRST_INTERVIEW_TECHNICAL_ASSESSMENT_M1_SKILL_02""],""limited_evidence_ids"":[],""meaningful_conflict_refs"":[],""missing_evidence_ids"":[],""reason"":""동일 근거에 대한 평가자 해석 차이를 해소할 직접 관찰이 부족하다."",""rubric_review"":""직접 관찰의 행동·검증을 검토하며 다른 맥락의 한계와 평가자 차이를 보존한다."",""supporting_observation_ids"":[]}",CALIBRATION_PANEL_01,2026-12-23T10:15:00+09:00,SYNTHETIC_HUMAN_SCENARIO,M1_EVIDENCE_RUBRIC_V02
DC_APP0163_M1_SKILL_03_000278,APP0163,C0163,M1_SKILL_03,MODERATE,AGREED,"{""difference_types"":[""EVIDENCE_EVOLUTION""],""disputed_evidence_ids"":[],""limited_evidence_ids"":[],""meaningful_conflict_refs"":[],""missing_evidence_ids"":[],""reason"":""동일 Skill의 독립된 직접 관찰로 수행 범위를 확인했다. 다른 맥락의 제한/모호성은 해당 근거의 한계로 보존한다."",""rubric_review"":""직접 관찰의 행동·검증을 검토하며 다른 맥락의 한계와 평가자 차이를 보존한다."",""supporting_observation_ids"":[""OB_REVIEW_ML_01_EV_APP0163_PRE_ASSESSMENT_CODING_TEST_M1_SKILL_03"",""OB_REVIEW_HM_01_EV_APP0163_PRE_ASSESSMENT_CODING_TEST_M1_SKILL_03"",""OB_FIRST_PANEL_01_ML_ENGINEER_EV_APP0163_FIRST_INTERVIEW_AI_CASE_M1_SKILL_03"",""OB_FIRST_PANEL_01_HIRING_MANAGER_EV_APP0163_FIRST_INTERVIEW_AI_CASE_M1_SKILL_03"",""OB_FIRST_PANEL_01_TECHNICAL_REVIEWER_EV_APP0163_FIRST_INTERVIEW_AI_CASE_M1_SKILL_03""]}",CALIBRATION_PANEL_01,2026-12-23T10:15:00+09:00,SYNTHETIC_HUMAN_SCENARIO,M1_EVIDENCE_RUBRIC_V02
DC_APP0163_M1_SKILL_04_000279,APP0163,C0163,M1_SKILL_04,MODERATE,AGREED,"{""difference_types"":[],""disputed_evidence_ids"":[],""limited_evidence_ids"":[],""meaningful_conflict_refs"":[],""missing_evidence_ids"":[],""reason"":""동일 Skill의 독립된 직접 관찰로 수행 범위를 확인했다. 다른 맥락의 제한/모호성은 해당 근거의 한계로 보존한다."",""rubric_review"":""직접 관찰의 행동·검증을 검토하며 다른 맥락의 한계와 평가자 차이를 보존한다."",""supporting_observation_ids"":[""OB_FIRST_PANEL_01_ML_ENGINEER_EV_APP0163_FIRST_INTERVIEW_PRACTITIONER_QA_M1_SKILL_04"",""OB_FIRST_PANEL_01_HIRING_MANAGER_EV_APP0163_FIRST_INTERVIEW_PRACTITIONER_QA_M1_SKILL_04"",""OB_FIRST_PANEL_01_TECHNICAL_REVIEWER_EV_APP0163_FIRST_INTERVIEW_PRACTITIONER_QA_M1_SKILL_04""]}",CALIBRATION_PANEL_01,2026-12-23T10:15:00+09:00,SYNTHETIC_HUMAN_SCENARIO,M1_EVIDENCE_RUBRIC_V02
DC_APP0163_M1_SKILL_05_000280,APP0163,C0163,M1_SKILL_05,MODERATE,AGREED,"{""difference_types"":[],""disputed_evidence_ids"":[],""limited_evidence_ids"":[],""meaningful_conflict_refs"":[],""missing_evidence_ids"":[],""reason"":""동일 Skill의 독립된 직접 관찰로 수행 범위를 확인했다. 다른 맥락의 제한/모호성은 해당 근거의 한계로 보존한다."",""rubric_review"":""직접 관찰의 행동·검증을 검토하며 다른 맥락의 한계와 평가자 차이를 보존한다."",""supporting_observation_ids"":[""OB_FIRST_PANEL_01_ML_ENGINEER_EV_APP0163_FIRST_INTERVIEW_PRACTITIONER_QA_M1_SKILL_05"",""OB_FIRST_PANEL_01_HIRING_MANAGER_EV_APP0163_FIRST_INTERVIEW_PRACTITIONER_QA_M1_SKILL_05"",""OB_FIRST_PANEL_01_TECHNICAL_REVIEWER_EV_APP0163_FIRST_INTERVIEW_PRACTITIONER_QA_M1_SKILL_05""]}",CALIBRATION_PANEL_01,2026-12-23T10:15:00+09:00,SYNTHETIC_HUMAN_SCENARIO,M1_EVIDENCE_RUBRIC_V02
DC_APP0163_M1_SKILL_06_000281,APP0163,C0163,M1_SKILL_06,STRONG,AGREED,"{""difference_types"":[],""disputed_evidence_ids"":[],""limited_evidence_ids"":[],""meaningful_conflict_refs"":[],""missing_evidence_ids"":[],""reason"":""동일 Skill의 독립된 직접 관찰로 수행 범위를 확인했다. 다른 맥락의 제한/모호성은 해당 근거의 한계로 보존한다."",""rubric_review"":""직접 관찰의 행동·검증을 검토하며 다른 맥락의 한계와 평가자 차이를 보존한다."",""supporting_observation_ids"":[""OB_FIRST_PANEL_01_ML_ENGINEER_EV_APP0163_FIRST_INTERVIEW_PRACTITIONER_QA_M1_SKILL_06"",""OB_FIRST_PANEL_01_HIRING_MANAGER_EV_APP0163_FIRST_INTERVIEW_PRACTITIONER_QA_M1_SKILL_06"",""OB_FIRST_PANEL_01_TECHNICAL_REVIEWER_EV_APP0163_FIRST_INTERVIEW_PRACTITIONER_QA_M1_SKILL_06""]}",CALIBRATION_PANEL_01,2026-12-23T10:15:00+09:00,SYNTHETIC_HUMAN_SCENARIO,M1_EVIDENCE_RUBRIC_V02
DC_APP0163_M1_SKILL_07_000282,APP0163,C0163,M1_SKILL_07,MODERATE,AGREED,"{""difference_types"":[],""disputed_evidence_ids"":[],""limited_evidence_ids"":[],""meaningful_conflict_refs"":[],""missing_evidence_ids"":[],""reason"":""동일 Skill의 독립된 직접 관찰로 수행 범위를 확인했다. 다른 맥락의 제한/모호성은 해당 근거의 한계로 보존한다."",""rubric_review"":""직접 관찰의 행동·검증을 검토하며 다른 맥락의 한계와 평가자 차이를 보존한다."",""supporting_observation_ids"":[""OB_FIRST_PANEL_01_ML_ENGINEER_EV_APP0163_FIRST_INTERVIEW_TECHNICAL_ASSESSMENT_M1_SKILL_07"",""OB_FIRST_PANEL_01_HIRING_MANAGER_EV_APP0163_FIRST_INTERVIEW_TECHNICAL_ASSESSMENT_M1_SKILL_07"",""OB_FIRST_PANEL_01_TECHNICAL_REVIEWER_EV_APP0163_FIRST_INTERVIEW_TECHNICAL_ASSESSMENT_M1_SKILL_07""]}",CALIBRATION_PANEL_01,2026-12-23T10:15:00+09:00,SYNTHETIC_HUMAN_SCENARIO,M1_EVIDENCE_RUBRIC_V02
DC_APP0163_M1_SKILL_08_000283,APP0163,C0163,M1_SKILL_08,MODERATE,AGREED,"{""difference_types"":[],""disputed_evidence_ids"":[],""limited_evidence_ids"":[],""meaningful_conflict_refs"":[],""missing_evidence_ids"":[],""reason"":""동일 Skill의 독립된 직접 관찰로 수행 범위를 확인했다. 다른 맥락의 제한/모호성은 해당 근거의 한계로 보존한다."",""rubric_review"":""직접 관찰의 행동·검증을 검토하며 다른 맥락의 한계와 평가자 차이를 보존한다."",""supporting_observation_ids"":[""OB_FIRST_PANEL_01_ML_ENGINEER_EV_APP0163_FIRST_INTERVIEW_PRACTITIONER_QA_M1_SKILL_08"",""OB_FIRST_PANEL_01_HIRING_MANAGER_EV_APP0163_FIRST_INTERVIEW_PRACTITIONER_QA_M1_SKILL_08"",""OB_FIRST_PANEL_01_TECHNICAL_REVIEWER_EV_APP0163_FIRST_INTERVIEW_PRACTITIONER_QA_M1_SKILL_08""]}",CALIBRATION_PANEL_01,2026-12-23T10:15:00+09:00,SYNTHETIC_HUMAN_SCENARIO,M1_EVIDENCE_RUBRIC_V02
DC_APP0167_M1_SKILL_01_000284,APP0167,C0167,M1_SKILL_01,MODERATE,AGREED,"{""difference_types"":[""EVIDENCE_EVOLUTION""],""disputed_evidence_ids"":[],""limited_evidence_ids"":[],""meaningful_conflict_refs"":[],""missing_evidence_ids"":[],""reason"":""동일 Skill의 독립된 직접 관찰로 수행 범위를 확인했다. 다른 맥락의 제한/모호성은 해당 근거의 한계로 보존한다."",""rubric_review"":""직접 관찰의 행동·검증을 검토하며 다른 맥락의 한계와 평가자 차이를 보존한다."",""supporting_observation_ids"":[""OB_FIRST_PANEL_02_ML_ENGINEER_EV_APP0167_FIRST_INTERVIEW_TECHNICAL_ASSESSMENT_M1_SKILL_01"",""OB_FIRST_PANEL_02_HIRING_MANAGER_EV_APP0167_FIRST_INTERVIEW_TECHNICAL_ASSESSMENT_M1_SKILL_01"",""OB_FIRST_PANEL_02_TECHNICAL_REVIEWER_EV_APP0167_FIRST_INTERVIEW_TECHNICAL_ASSESSMENT_M1_SKILL_01"",""OB_FIRST_PANEL_02_ML_ENGINEER_EV_APP0167_FIRST_INTERVIEW_AI_CASE_M1_SKILL_01"",""OB_FIRST_PANEL_02_HIRING_MANAGER_EV_APP0167_FIRST_INTERVIEW_AI_CASE_M1_SKILL_01"",""OB_FIRST_PANEL_02_TECHNICAL_REVIEWER_EV_APP0167_FIRST_INTERVIEW_AI_CASE_M1_SKILL_01""]}",CALIBRATION_PANEL_01,2026-12-26T10:15:00+09:00,SYNTHETIC_HUMAN_SCENARIO,M1_EVIDENCE_RUBRIC_V02
DC_APP0167_M1_SKILL_02_000285,APP0167,C0167,M1_SKILL_02,,DISAGREEMENT_REMAINS,"{""difference_types"":[""EVALUATOR_DISAGREEMENT""],""disputed_evidence_ids"":[""EV_APP0167_FIRST_INTERVIEW_TECHNICAL_ASSESSMENT_M1_SKILL_02""],""limited_evidence_ids"":[],""meaningful_conflict_refs"":[],""missing_evidence_ids"":[],""reason"":""동일 근거에 대한 평가자 해석 차이를 해소할 직접 관찰이 부족하다."",""rubric_review"":""직접 관찰의 행동·검증을 검토하며 다른 맥락의 한계와 평가자 차이를 보존한다."",""supporting_observation_ids"":[]}",CALIBRATION_PANEL_01,2026-12-26T10:15:00+09:00,SYNTHETIC_HUMAN_SCENARIO,M1_EVIDENCE_RUBRIC_V02
DC_APP0167_M1_SKILL_03_000286,APP0167,C0167,M1_SKILL_03,MODERATE,AGREED,"{""difference_types"":[""EVIDENCE_EVOLUTION"",""EVALUATOR_DISAGREEMENT""],""disputed_evidence_ids"":[""EV_APP0167_PRE_ASSESSMENT_CODING_TEST_M1_SKILL_03""],""limited_evidence_ids"":[],""meaningful_conflict_refs"":[],""missing_evidence_ids"":[],""reason"":""동일 Skill의 독립된 직접 관찰로 수행 범위를 확인했다. 다른 맥락의 제한/모호성은 해당 근거의 한계로 보존한다."",""rubric_review"":""직접 관찰의 행동·검증을 검토하며 다른 맥락의 한계와 평가자 차이를 보존한다."",""supporting_observation_ids"":[""OB_FIRST_PANEL_02_ML_ENGINEER_EV_APP0167_FIRST_INTERVIEW_AI_CASE_M1_SKILL_03"",""OB_FIRST_PANEL_02_HIRING_MANAGER_EV_APP0167_FIRST_INTERVIEW_AI_CASE_M1_SKILL_03"",""OB_FIRST_PANEL_02_TECHNICAL_REVIEWER_EV_APP0167_FIRST_INTERVIEW_AI_CASE_M1_SKILL_03""]}",CALIBRATION_PANEL_01,2026-12-26T10:15:00+09:00,SYNTHETIC_HUMAN_SCENARIO,M1_EVIDENCE_RUBRIC_V02
DC_APP0167_M1_SKILL_04_000287,APP0167,C0167,M1_SKILL_04,MODERATE,AGREED,"{""difference_types"":[],""disputed_evidence_ids"":[],""limited_evidence_ids"":[],""meaningful_conflict_refs"":[],""missing_evidence_ids"":[],""reason"":""동일 Skill의 독립된 직접 관찰로 수행 범위를 확인했다. 다른 맥락의 제한/모호성은 해당 근거의 한계로 보존한다."",""rubric_review"":""직접 관찰의 행동·검증을 검토하며 다른 맥락의 한계와 평가자 차이를 보존한다."",""supporting_observation_ids"":[""OB_FIRST_PANEL_02_ML_ENGINEER_EV_APP0167_FIRST_INTERVIEW_PRACTITIONER_QA_M1_SKILL_04"",""OB_FIRST_PANEL_02_HIRING_MANAGER_EV_APP0167_FIRST_INTERVIEW_PRACTITIONER_QA_M1_SKILL_04"",""OB_FIRST_PANEL_02_TECHNICAL_REVIEWER_EV_APP0167_FIRST_INTERVIEW_PRACTITIONER_QA_M1_SKILL_04""]}",CALIBRATION_PANEL_01,2026-12-26T10:15:00+09:00,SYNTHETIC_HUMAN_SCENARIO,M1_EVIDENCE_RUBRIC_V02
DC_APP0167_M1_SKILL_05_000288,APP0167,C0167,M1_SKILL_05,MODERATE,AGREED,"{""difference_types"":[],""disputed_evidence_ids"":[],""limited_evidence_ids"":[],""meaningful_conflict_refs"":[],""missing_evidence_ids"":[],""reason"":""동일 Skill의 독립된 직접 관찰로 수행 범위를 확인했다. 다른 맥락의 제한/모호성은 해당 근거의 한계로 보존한다."",""rubric_review"":""직접 관찰의 행동·검증을 검토하며 다른 맥락의 한계와 평가자 차이를 보존한다."",""supporting_observation_ids"":[""OB_FIRST_PANEL_02_ML_ENGINEER_EV_APP0167_FIRST_INTERVIEW_PRACTITIONER_QA_M1_SKILL_05"",""OB_FIRST_PANEL_02_HIRING_MANAGER_EV_APP0167_FIRST_INTERVIEW_PRACTITIONER_QA_M1_SKILL_05"",""OB_FIRST_PANEL_02_TECHNICAL_REVIEWER_EV_APP0167_FIRST_INTERVIEW_PRACTITIONER_QA_M1_SKILL_05""]}",CALIBRATION_PANEL_01,2026-12-26T10:15:00+09:00,SYNTHETIC_HUMAN_SCENARIO,M1_EVIDENCE_RUBRIC_V02
DC_APP0167_M1_SKILL_06_000289,APP0167,C0167,M1_SKILL_06,,DISAGREEMENT_REMAINS,"{""difference_types"":[""EVALUATOR_DISAGREEMENT""],""disputed_evidence_ids"":[""EV_APP0167_FIRST_INTERVIEW_PRACTITIONER_QA_M1_SKILL_06""],""limited_evidence_ids"":[],""meaningful_conflict_refs"":[],""missing_evidence_ids"":[],""reason"":""동일 근거에 대한 평가자 해석 차이를 해소할 직접 관찰이 부족하다."",""rubric_review"":""직접 관찰의 행동·검증을 검토하며 다른 맥락의 한계와 평가자 차이를 보존한다."",""supporting_observation_ids"":[]}",CALIBRATION_PANEL_01,2026-12-26T10:15:00+09:00,SYNTHETIC_HUMAN_SCENARIO,M1_EVIDENCE_RUBRIC_V02
DC_APP0167_M1_SKILL_07_000290,APP0167,C0167,M1_SKILL_07,MODERATE,AGREED,"{""difference_types"":[],""disputed_evidence_ids"":[],""limited_evidence_ids"":[],""meaningful_conflict_refs"":[],""missing_evidence_ids"":[],""reason"":""동일 Skill의 독립된 직접 관찰로 수행 범위를 확인했다. 다른 맥락의 제한/모호성은 해당 근거의 한계로 보존한다."",""rubric_review"":""직접 관찰의 행동·검증을 검토하며 다른 맥락의 한계와 평가자 차이를 보존한다."",""supporting_observation_ids"":[""OB_FIRST_PANEL_02_ML_ENGINEER_EV_APP0167_FIRST_INTERVIEW_TECHNICAL_ASSESSMENT_M1_SKILL_07"",""OB_FIRST_PANEL_02_HIRING_MANAGER_EV_APP0167_FIRST_INTERVIEW_TECHNICAL_ASSESSMENT_M1_SKILL_07"",""OB_FIRST_PANEL_02_TECHNICAL_REVIEWER_EV_APP0167_FIRST_INTERVIEW_TECHNICAL_ASSESSMENT_M1_SKILL_07""]}",CALIBRATION_PANEL_01,2026-12-26T10:15:00+09:00,SYNTHETIC_HUMAN_SCENARIO,M1_EVIDENCE_RUBRIC_V02
DC_APP0167_M1_SKILL_08_000291,APP0167,C0167,M1_SKILL_08,LIMITED,AGREED,"{""difference_types"":[],""disputed_evidence_ids"":[],""limited_evidence_ids"":[""EV_APP0167_FIRST_INTERVIEW_PRACTITIONER_QA_M1_SKILL_08""],""meaningful_conflict_refs"":[],""missing_evidence_ids"":[],""reason"":""관찰된 직접 근거의 범위가 제한적이다. 자기기술만으로 보완하지 않는다."",""rubric_review"":""직접 관찰의 행동·검증을 검토하며 다른 맥락의 한계와 평가자 차이를 보존한다."",""supporting_observation_ids"":[""OB_FIRST_PANEL_02_ML_ENGINEER_EV_APP0167_FIRST_INTERVIEW_PRACTITIONER_QA_M1_SKILL_08"",""OB_FIRST_PANEL_02_HIRING_MANAGER_EV_APP0167_FIRST_INTERVIEW_PRACTITIONER_QA_M1_SKILL_08"",""OB_FIRST_PANEL_02_TECHNICAL_REVIEWER_EV_APP0167_FIRST_INTERVIEW_PRACTITIONER_QA_M1_SKILL_08""]}",CALIBRATION_PANEL_01,2026-12-26T10:15:00+09:00,SYNTHETIC_HUMAN_SCENARIO,M1_EVIDENCE_RUBRIC_V02
DC_APP0170_M1_SKILL_01_000292,APP0170,C0170,M1_SKILL_01,STRONG,AGREED,"{""difference_types"":[""EVIDENCE_EVOLUTION"",""EVALUATOR_DISAGREEMENT""],""disputed_evidence_ids"":[""EV_APP0170_FIRST_INTERVIEW_AI_CASE_M1_SKILL_01""],""limited_evidence_ids"":[],""meaningful_conflict_refs"":[],""missing_evidence_ids"":[],""reason"":""동일 Skill의 독립된 직접 관찰로 수행 범위를 확인했다. 다른 맥락의 제한/모호성은 해당 근거의 한계로 보존한다."",""rubric_review"":""직접 관찰의 행동·검증을 검토하며 다른 맥락의 한계와 평가자 차이를 보존한다."",""supporting_observation_ids"":[""OB_FIRST_PANEL_03_ML_ENGINEER_EV_APP0170_FIRST_INTERVIEW_TECHNICAL_ASSESSMENT_M1_SKILL_01"",""OB_FIRST_PANEL_03_HIRING_MANAGER_EV_APP0170_FIRST_INTERVIEW_TECHNICAL_ASSESSMENT_M1_SKILL_01"",""OB_FIRST_PANEL_03_TECHNICAL_REVIEWER_EV_APP0170_FIRST_INTERVIEW_TECHNICAL_ASSESSMENT_M1_SKILL_01""]}",CALIBRATION_PANEL_01,2026-12-26T10:15:00+09:00,SYNTHETIC_HUMAN_SCENARIO,M1_EVIDENCE_RUBRIC_V02
DC_APP0170_M1_SKILL_02_000293,APP0170,C0170,M1_SKILL_02,,INSUFFICIENT_EVIDENCE,"{""difference_types"":[],""disputed_evidence_ids"":[],""limited_evidence_ids"":[],""meaningful_conflict_refs"":[],""missing_evidence_ids"":[""EV_APP0170_FIRST_INTERVIEW_TECHNICAL_ASSESSMENT_M1_SKILL_02""],""reason"":""직접 판단 근거 부족. 미관찰을 역량 부재로 해석하지 않는다."",""rubric_review"":""직접 관찰의 행동·검증을 검토하며 다른 맥락의 한계와 평가자 차이를 보존한다."",""supporting_observation_ids"":[]}",CALIBRATION_PANEL_01,2026-12-26T10:15:00+09:00,SYNTHETIC_HUMAN_SCENARIO,M1_EVIDENCE_RUBRIC_V02
DC_APP0170_M1_SKILL_03_000294,APP0170,C0170,M1_SKILL_03,MODERATE,AGREED,"{""difference_types"":[""EVIDENCE_EVOLUTION"",""CONTEXT_DIFFERENCE""],""disputed_evidence_ids"":[],""limited_evidence_ids"":[""EV_APP0170_FIRST_INTERVIEW_AI_CASE_M1_SKILL_03""],""meaningful_conflict_refs"":[],""missing_evidence_ids"":[],""reason"":""동일 Skill의 독립된 직접 관찰로 수행 범위를 확인했다. 다른 맥락의 제한/모호성은 해당 근거의 한계로 보존한다."",""rubric_review"":""직접 관찰의 행동·검증을 검토하며 다른 맥락의 한계와 평가자 차이를 보존한다."",""supporting_observation_ids"":[""OB_REVIEW_ML_01_EV_APP0170_PRE_ASSESSMENT_CODING_TEST_M1_SKILL_03"",""OB_REVIEW_HM_01_EV_APP0170_PRE_ASSESSMENT_CODING_TEST_M1_SKILL_03""]}",CALIBRATION_PANEL_01,2026-12-26T10:15:00+09:00,SYNTHETIC_HUMAN_SCENARIO,M1_EVIDENCE_RUBRIC_V02
DC_APP0170_M1_SKILL_04_000295,APP0170,C0170,M1_SKILL_04,LIMITED,AGREED,"{""difference_types"":[],""disputed_evidence_ids"":[],""limited_evidence_ids"":[""EV_APP0170_FIRST_INTERVIEW_PRACTITIONER_QA_M1_SKILL_04""],""meaningful_conflict_refs"":[],""missing_evidence_ids"":[],""reason"":""관찰된 직접 근거의 범위가 제한적이다. 자기기술만으로 보완하지 않는다."",""rubric_review"":""직접 관찰의 행동·검증을 검토하며 다른 맥락의 한계와 평가자 차이를 보존한다."",""supporting_observation_ids"":[""OB_FIRST_PANEL_03_ML_ENGINEER_EV_APP0170_FIRST_INTERVIEW_PRACTITIONER_QA_M1_SKILL_04"",""OB_FIRST_PANEL_03_HIRING_MANAGER_EV_APP0170_FIRST_INTERVIEW_PRACTITIONER_QA_M1_SKILL_04"",""OB_FIRST_PANEL_03_TECHNICAL_REVIEWER_EV_APP0170_FIRST_INTERVIEW_PRACTITIONER_QA_M1_SKILL_04""]}",CALIBRATION_PANEL_01,2026-12-26T10:15:00+09:00,SYNTHETIC_HUMAN_SCENARIO,M1_EVIDENCE_RUBRIC_V02
DC_APP0170_M1_SKILL_05_000296,APP0170,C0170,M1_SKILL_05,MODERATE,AGREED,"{""difference_types"":[],""disputed_evidence_ids"":[],""limited_evidence_ids"":[],""meaningful_conflict_refs"":[],""missing_evidence_ids"":[],""reason"":""동일 Skill의 독립된 직접 관찰로 수행 범위를 확인했다. 다른 맥락의 제한/모호성은 해당 근거의 한계로 보존한다."",""rubric_review"":""직접 관찰의 행동·검증을 검토하며 다른 맥락의 한계와 평가자 차이를 보존한다."",""supporting_observation_ids"":[""OB_FIRST_PANEL_03_ML_ENGINEER_EV_APP0170_FIRST_INTERVIEW_PRACTITIONER_QA_M1_SKILL_05"",""OB_FIRST_PANEL_03_HIRING_MANAGER_EV_APP0170_FIRST_INTERVIEW_PRACTITIONER_QA_M1_SKILL_05"",""OB_FIRST_PANEL_03_TECHNICAL_REVIEWER_EV_APP0170_FIRST_INTERVIEW_PRACTITIONER_QA_M1_SKILL_05""]}",CALIBRATION_PANEL_01,2026-12-26T10:15:00+09:00,SYNTHETIC_HUMAN_SCENARIO,M1_EVIDENCE_RUBRIC_V02
DC_APP0170_M1_SKILL_06_000297,APP0170,C0170,M1_SKILL_06,MODERATE,AGREED,"{""difference_types"":[],""disputed_evidence_ids"":[],""limited_evidence_ids"":[],""meaningful_conflict_refs"":[],""missing_evidence_ids"":[],""reason"":""동일 Skill의 독립된 직접 관찰로 수행 범위를 확인했다. 다른 맥락의 제한/모호성은 해당 근거의 한계로 보존한다."",""rubric_review"":""직접 관찰의 행동·검증을 검토하며 다른 맥락의 한계와 평가자 차이를 보존한다."",""supporting_observation_ids"":[""OB_FIRST_PANEL_03_ML_ENGINEER_EV_APP0170_FIRST_INTERVIEW_PRACTITIONER_QA_M1_SKILL_06"",""OB_FIRST_PANEL_03_HIRING_MANAGER_EV_APP0170_FIRST_INTERVIEW_PRACTITIONER_QA_M1_SKILL_06"",""OB_FIRST_PANEL_03_TECHNICAL_REVIEWER_EV_APP0170_FIRST_INTERVIEW_PRACTITIONER_QA_M1_SKILL_06""]}",CALIBRATION_PANEL_01,2026-12-26T10:15:00+09:00,SYNTHETIC_HUMAN_SCENARIO,M1_EVIDENCE_RUBRIC_V02
DC_APP0170_M1_SKILL_07_000298,APP0170,C0170,M1_SKILL_07,STRONG,AGREED,"{""difference_types"":[],""disputed_evidence_ids"":[],""limited_evidence_ids"":[],""meaningful_conflict_refs"":[],""missing_evidence_ids"":[],""reason"":""동일 Skill의 독립된 직접 관찰로 수행 범위를 확인했다. 다른 맥락의 제한/모호성은 해당 근거의 한계로 보존한다."",""rubric_review"":""직접 관찰의 행동·검증을 검토하며 다른 맥락의 한계와 평가자 차이를 보존한다."",""supporting_observation_ids"":[""OB_FIRST_PANEL_03_ML_ENGINEER_EV_APP0170_FIRST_INTERVIEW_TECHNICAL_ASSESSMENT_M1_SKILL_07"",""OB_FIRST_PANEL_03_HIRING_MANAGER_EV_APP0170_FIRST_INTERVIEW_TECHNICAL_ASSESSMENT_M1_SKILL_07"",""OB_FIRST_PANEL_03_TECHNICAL_REVIEWER_EV_APP0170_FIRST_INTERVIEW_TECHNICAL_ASSESSMENT_M1_SKILL_07""]}",CALIBRATION_PANEL_01,2026-12-26T10:15:00+09:00,SYNTHETIC_HUMAN_SCENARIO,M1_EVIDENCE_RUBRIC_V02
DC_APP0170_M1_SKILL_08_000299,APP0170,C0170,M1_SKILL_08,MODERATE,AGREED,"{""difference_types"":[],""disputed_evidence_ids"":[],""limited_evidence_ids"":[],""meaningful_conflict_refs"":[],""missing_evidence_ids"":[],""reason"":""동일 Skill의 독립된 직접 관찰로 수행 범위를 확인했다. 다른 맥락의 제한/모호성은 해당 근거의 한계로 보존한다."",""rubric_review"":""직접 관찰의 행동·검증을 검토하며 다른 맥락의 한계와 평가자 차이를 보존한다."",""supporting_observation_ids"":[""OB_FIRST_PANEL_03_ML_ENGINEER_EV_APP0170_FIRST_INTERVIEW_PRACTITIONER_QA_M1_SKILL_08"",""OB_FIRST_PANEL_03_HIRING_MANAGER_EV_APP0170_FIRST_INTERVIEW_PRACTITIONER_QA_M1_SKILL_08"",""OB_FIRST_PANEL_03_TECHNICAL_REVIEWER_EV_APP0170_FIRST_INTERVIEW_PRACTITIONER_QA_M1_SKILL_08""]}",CALIBRATION_PANEL_01,2026-12-26T10:15:00+09:00,SYNTHETIC_HUMAN_SCENARIO,M1_EVIDENCE_RUBRIC_V02
DC_APP0181_M1_SKILL_01_000300,APP0181,C0181,M1_SKILL_01,MODERATE,AGREED,"{""difference_types"":[""EVIDENCE_EVOLUTION""],""disputed_evidence_ids"":[],""limited_evidence_ids"":[],""meaningful_conflict_refs"":[],""missing_evidence_ids"":[""EV_APP0181_FIRST_INTERVIEW_TECHNICAL_ASSESSMENT_M1_SKILL_01""],""reason"":""동일 Skill의 독립된 직접 관찰로 수행 범위를 확인했다. 다른 맥락의 제한/모호성은 해당 근거의 한계로 보존한다."",""rubric_review"":""직접 관찰의 행동·검증을 검토하며 다른 맥락의 한계와 평가자 차이를 보존한다."",""supporting_observation_ids"":[""OB_FIRST_PANEL_04_ML_ENGINEER_EV_APP0181_FIRST_INTERVIEW_AI_CASE_M1_SKILL_01"",""OB_FIRST_PANEL_04_HIRING_MANAGER_EV_APP0181_FIRST_INTERVIEW_AI_CASE_M1_SKILL_01"",""OB_FIRST_PANEL_04_TECHNICAL_REVIEWER_EV_APP0181_FIRST_INTERVIEW_AI_CASE_M1_SKILL_01""]}",CALIBRATION_PANEL_01,2026-12-24T10:15:00+09:00,SYNTHETIC_HUMAN_SCENARIO,M1_EVIDENCE_RUBRIC_V02
DC_APP0181_M1_SKILL_02_000301,APP0181,C0181,M1_SKILL_02,MODERATE,AGREED,"{""difference_types"":[],""disputed_evidence_ids"":[],""limited_evidence_ids"":[],""meaningful_conflict_refs"":[],""missing_evidence_ids"":[],""reason"":""동일 Skill의 독립된 직접 관찰로 수행 범위를 확인했다. 다른 맥락의 제한/모호성은 해당 근거의 한계로 보존한다."",""rubric_review"":""직접 관찰의 행동·검증을 검토하며 다른 맥락의 한계와 평가자 차이를 보존한다."",""supporting_observation_ids"":[""OB_FIRST_PANEL_04_ML_ENGINEER_EV_APP0181_FIRST_INTERVIEW_TECHNICAL_ASSESSMENT_M1_SKILL_02"",""OB_FIRST_PANEL_04_HIRING_MANAGER_EV_APP0181_FIRST_INTERVIEW_TECHNICAL_ASSESSMENT_M1_SKILL_02"",""OB_FIRST_PANEL_04_TECHNICAL_REVIEWER_EV_APP0181_FIRST_INTERVIEW_TECHNICAL_ASSESSMENT_M1_SKILL_02""]}",CALIBRATION_PANEL_01,2026-12-24T10:15:00+09:00,SYNTHETIC_HUMAN_SCENARIO,M1_EVIDENCE_RUBRIC_V02
DC_APP0181_M1_SKILL_03_000302,APP0181,C0181,M1_SKILL_03,MODERATE,AGREED,"{""difference_types"":[""EVIDENCE_EVOLUTION""],""disputed_evidence_ids"":[],""limited_evidence_ids"":[],""meaningful_conflict_refs"":[],""missing_evidence_ids"":[],""reason"":""동일 Skill의 독립된 직접 관찰로 수행 범위를 확인했다. 다른 맥락의 제한/모호성은 해당 근거의 한계로 보존한다."",""rubric_review"":""직접 관찰의 행동·검증을 검토하며 다른 맥락의 한계와 평가자 차이를 보존한다."",""supporting_observation_ids"":[""OB_REVIEW_ML_01_EV_APP0181_PRE_ASSESSMENT_CODING_TEST_M1_SKILL_03"",""OB_REVIEW_HM_01_EV_APP0181_PRE_ASSESSMENT_CODING_TEST_M1_SKILL_03"",""OB_FIRST_PANEL_04_ML_ENGINEER_EV_APP0181_FIRST_INTERVIEW_AI_CASE_M1_SKILL_03"",""OB_FIRST_PANEL_04_HIRING_MANAGER_EV_APP0181_FIRST_INTERVIEW_AI_CASE_M1_SKILL_03"",""OB_FIRST_PANEL_04_TECHNICAL_REVIEWER_EV_APP0181_FIRST_INTERVIEW_AI_CASE_M1_SKILL_03""]}",CALIBRATION_PANEL_01,2026-12-24T10:15:00+09:00,SYNTHETIC_HUMAN_SCENARIO,M1_EVIDENCE_RUBRIC_V02
DC_APP0181_M1_SKILL_04_000303,APP0181,C0181,M1_SKILL_04,MODERATE,AGREED,"{""difference_types"":[],""disputed_evidence_ids"":[],""limited_evidence_ids"":[],""meaningful_conflict_refs"":[],""missing_evidence_ids"":[],""reason"":""동일 Skill의 독립된 직접 관찰로 수행 범위를 확인했다. 다른 맥락의 제한/모호성은 해당 근거의 한계로 보존한다."",""rubric_review"":""직접 관찰의 행동·검증을 검토하며 다른 맥락의 한계와 평가자 차이를 보존한다."",""supporting_observation_ids"":[""OB_FIRST_PANEL_04_ML_ENGINEER_EV_APP0181_FIRST_INTERVIEW_PRACTITIONER_QA_M1_SKILL_04"",""OB_FIRST_PANEL_04_HIRING_MANAGER_EV_APP0181_FIRST_INTERVIEW_PRACTITIONER_QA_M1_SKILL_04"",""OB_FIRST_PANEL_04_TECHNICAL_REVIEWER_EV_APP0181_FIRST_INTERVIEW_PRACTITIONER_QA_M1_SKILL_04""]}",CALIBRATION_PANEL_01,2026-12-24T10:15:00+09:00,SYNTHETIC_HUMAN_SCENARIO,M1_EVIDENCE_RUBRIC_V02
DC_APP0181_M1_SKILL_05_000304,APP0181,C0181,M1_SKILL_05,STRONG,AGREED,"{""difference_types"":[],""disputed_evidence_ids"":[],""limited_evidence_ids"":[],""meaningful_conflict_refs"":[],""missing_evidence_ids"":[],""reason"":""동일 Skill의 독립된 직접 관찰로 수행 범위를 확인했다. 다른 맥락의 제한/모호성은 해당 근거의 한계로 보존한다."",""rubric_review"":""직접 관찰의 행동·검증을 검토하며 다른 맥락의 한계와 평가자 차이를 보존한다."",""supporting_observation_ids"":[""OB_FIRST_PANEL_04_ML_ENGINEER_EV_APP0181_FIRST_INTERVIEW_PRACTITIONER_QA_M1_SKILL_05"",""OB_FIRST_PANEL_04_HIRING_MANAGER_EV_APP0181_FIRST_INTERVIEW_PRACTITIONER_QA_M1_SKILL_05"",""OB_FIRST_PANEL_04_TECHNICAL_REVIEWER_EV_APP0181_FIRST_INTERVIEW_PRACTITIONER_QA_M1_SKILL_05""]}",CALIBRATION_PANEL_01,2026-12-24T10:15:00+09:00,SYNTHETIC_HUMAN_SCENARIO,M1_EVIDENCE_RUBRIC_V02
DC_APP0181_M1_SKILL_06_000305,APP0181,C0181,M1_SKILL_06,MODERATE,AGREED,"{""difference_types"":[],""disputed_evidence_ids"":[],""limited_evidence_ids"":[],""meaningful_conflict_refs"":[],""missing_evidence_ids"":[],""reason"":""동일 Skill의 독립된 직접 관찰로 수행 범위를 확인했다. 다른 맥락의 제한/모호성은 해당 근거의 한계로 보존한다."",""rubric_review"":""직접 관찰의 행동·검증을 검토하며 다른 맥락의 한계와 평가자 차이를 보존한다."",""supporting_observation_ids"":[""OB_FIRST_PANEL_04_ML_ENGINEER_EV_APP0181_FIRST_INTERVIEW_PRACTITIONER_QA_M1_SKILL_06"",""OB_FIRST_PANEL_04_HIRING_MANAGER_EV_APP0181_FIRST_INTERVIEW_PRACTITIONER_QA_M1_SKILL_06"",""OB_FIRST_PANEL_04_TECHNICAL_REVIEWER_EV_APP0181_FIRST_INTERVIEW_PRACTITIONER_QA_M1_SKILL_06""]}",CALIBRATION_PANEL_01,2026-12-24T10:15:00+09:00,SYNTHETIC_HUMAN_SCENARIO,M1_EVIDENCE_RUBRIC_V02
DC_APP0181_M1_SKILL_07_000306,APP0181,C0181,M1_SKILL_07,,DISAGREEMENT_REMAINS,"{""difference_types"":[""EVALUATOR_DISAGREEMENT""],""disputed_evidence_ids"":[""EV_APP0181_FIRST_INTERVIEW_TECHNICAL_ASSESSMENT_M1_SKILL_07""],""limited_evidence_ids"":[],""meaningful_conflict_refs"":[],""missing_evidence_ids"":[],""reason"":""동일 근거에 대한 평가자 해석 차이를 해소할 직접 관찰이 부족하다."",""rubric_review"":""직접 관찰의 행동·검증을 검토하며 다른 맥락의 한계와 평가자 차이를 보존한다."",""supporting_observation_ids"":[]}",CALIBRATION_PANEL_01,2026-12-24T10:15:00+09:00,SYNTHETIC_HUMAN_SCENARIO,M1_EVIDENCE_RUBRIC_V02
DC_APP0181_M1_SKILL_08_000307,APP0181,C0181,M1_SKILL_08,MODERATE,AGREED,"{""difference_types"":[],""disputed_evidence_ids"":[],""limited_evidence_ids"":[],""meaningful_conflict_refs"":[],""missing_evidence_ids"":[],""reason"":""동일 Skill의 독립된 직접 관찰로 수행 범위를 확인했다. 다른 맥락의 제한/모호성은 해당 근거의 한계로 보존한다."",""rubric_review"":""직접 관찰의 행동·검증을 검토하며 다른 맥락의 한계와 평가자 차이를 보존한다."",""supporting_observation_ids"":[""OB_FIRST_PANEL_04_ML_ENGINEER_EV_APP0181_FIRST_INTERVIEW_PRACTITIONER_QA_M1_SKILL_08"",""OB_FIRST_PANEL_04_HIRING_MANAGER_EV_APP0181_FIRST_INTERVIEW_PRACTITIONER_QA_M1_SKILL_08"",""OB_FIRST_PANEL_04_TECHNICAL_REVIEWER_EV_APP0181_FIRST_INTERVIEW_PRACTITIONER_QA_M1_SKILL_08""]}",CALIBRATION_PANEL_01,2026-12-24T10:15:00+09:00,SYNTHETIC_HUMAN_SCENARIO,M1_EVIDENCE_RUBRIC_V02
DC_APP0189_M1_SKILL_01_000308,APP0189,C0189,M1_SKILL_01,STRONG,AGREED,"{""difference_types"":[""EVIDENCE_EVOLUTION""],""disputed_evidence_ids"":[],""limited_evidence_ids"":[],""meaningful_conflict_refs"":[],""missing_evidence_ids"":[],""reason"":""동일 Skill의 독립된 직접 관찰로 수행 범위를 확인했다. 다른 맥락의 제한/모호성은 해당 근거의 한계로 보존한다."",""rubric_review"":""직접 관찰의 행동·검증을 검토하며 다른 맥락의 한계와 평가자 차이를 보존한다."",""supporting_observation_ids"":[""OB_FIRST_PANEL_05_ML_ENGINEER_EV_APP0189_FIRST_INTERVIEW_TECHNICAL_ASSESSMENT_M1_SKILL_01"",""OB_FIRST_PANEL_05_HIRING_MANAGER_EV_APP0189_FIRST_INTERVIEW_TECHNICAL_ASSESSMENT_M1_SKILL_01"",""OB_FIRST_PANEL_05_TECHNICAL_REVIEWER_EV_APP0189_FIRST_INTERVIEW_TECHNICAL_ASSESSMENT_M1_SKILL_01"",""OB_FIRST_PANEL_05_ML_ENGINEER_EV_APP0189_FIRST_INTERVIEW_AI_CASE_M1_SKILL_01"",""OB_FIRST_PANEL_05_HIRING_MANAGER_EV_APP0189_FIRST_INTERVIEW_AI_CASE_M1_SKILL_01"",""OB_FIRST_PANEL_05_TECHNICAL_REVIEWER_EV_APP0189_FIRST_INTERVIEW_AI_CASE_M1_SKILL_01""]}",CALIBRATION_PANEL_01,2026-12-26T10:15:00+09:00,SYNTHETIC_HUMAN_SCENARIO,M1_EVIDENCE_RUBRIC_V02
DC_APP0189_M1_SKILL_02_000309,APP0189,C0189,M1_SKILL_02,,DISAGREEMENT_REMAINS,"{""difference_types"":[""EVALUATOR_DISAGREEMENT""],""disputed_evidence_ids"":[""EV_APP0189_FIRST_INTERVIEW_TECHNICAL_ASSESSMENT_M1_SKILL_02""],""limited_evidence_ids"":[],""meaningful_conflict_refs"":[],""missing_evidence_ids"":[],""reason"":""동일 근거에 대한 평가자 해석 차이를 해소할 직접 관찰이 부족하다."",""rubric_review"":""직접 관찰의 행동·검증을 검토하며 다른 맥락의 한계와 평가자 차이를 보존한다."",""supporting_observation_ids"":[]}",CALIBRATION_PANEL_01,2026-12-26T10:15:00+09:00,SYNTHETIC_HUMAN_SCENARIO,M1_EVIDENCE_RUBRIC_V02
DC_APP0189_M1_SKILL_03_000310,APP0189,C0189,M1_SKILL_03,MODERATE,AGREED,"{""difference_types"":[""EVIDENCE_EVOLUTION""],""disputed_evidence_ids"":[],""limited_evidence_ids"":[],""meaningful_conflict_refs"":[],""missing_evidence_ids"":[""EV_APP0189_PRE_ASSESSMENT_CODING_TEST_M1_SKILL_03""],""reason"":""동일 Skill의 독립된 직접 관찰로 수행 범위를 확인했다. 다른 맥락의 제한/모호성은 해당 근거의 한계로 보존한다."",""rubric_review"":""직접 관찰의 행동·검증을 검토하며 다른 맥락의 한계와 평가자 차이를 보존한다."",""supporting_observation_ids"":[""OB_FIRST_PANEL_05_ML_ENGINEER_EV_APP0189_FIRST_INTERVIEW_AI_CASE_M1_SKILL_03"",""OB_FIRST_PANEL_05_HIRING_MANAGER_EV_APP0189_FIRST_INTERVIEW_AI_CASE_M1_SKILL_03"",""OB_FIRST_PANEL_05_TECHNICAL_REVIEWER_EV_APP0189_FIRST_INTERVIEW_AI_CASE_M1_SKILL_03""]}",CALIBRATION_PANEL_01,2026-12-26T10:15:00+09:00,SYNTHETIC_HUMAN_SCENARIO,M1_EVIDENCE_RUBRIC_V02
DC_APP0189_M1_SKILL_04_000311,APP0189,C0189,M1_SKILL_04,MODERATE,AGREED,"{""difference_types"":[],""disputed_evidence_ids"":[],""limited_evidence_ids"":[],""meaningful_conflict_refs"":[],""missing_evidence_ids"":[],""reason"":""동일 Skill의 독립된 직접 관찰로 수행 범위를 확인했다. 다른 맥락의 제한/모호성은 해당 근거의 한계로 보존한다."",""rubric_review"":""직접 관찰의 행동·검증을 검토하며 다른 맥락의 한계와 평가자 차이를 보존한다."",""supporting_observation_ids"":[""OB_FIRST_PANEL_05_ML_ENGINEER_EV_APP0189_FIRST_INTERVIEW_PRACTITIONER_QA_M1_SKILL_04"",""OB_FIRST_PANEL_05_HIRING_MANAGER_EV_APP0189_FIRST_INTERVIEW_PRACTITIONER_QA_M1_SKILL_04"",""OB_FIRST_PANEL_05_TECHNICAL_REVIEWER_EV_APP0189_FIRST_INTERVIEW_PRACTITIONER_QA_M1_SKILL_04""]}",CALIBRATION_PANEL_01,2026-12-26T10:15:00+09:00,SYNTHETIC_HUMAN_SCENARIO,M1_EVIDENCE_RUBRIC_V02
DC_APP0189_M1_SKILL_05_000312,APP0189,C0189,M1_SKILL_05,MODERATE,AGREED,"{""difference_types"":[],""disputed_evidence_ids"":[],""limited_evidence_ids"":[],""meaningful_conflict_refs"":[],""missing_evidence_ids"":[],""reason"":""동일 Skill의 독립된 직접 관찰로 수행 범위를 확인했다. 다른 맥락의 제한/모호성은 해당 근거의 한계로 보존한다."",""rubric_review"":""직접 관찰의 행동·검증을 검토하며 다른 맥락의 한계와 평가자 차이를 보존한다."",""supporting_observation_ids"":[""OB_FIRST_PANEL_05_ML_ENGINEER_EV_APP0189_FIRST_INTERVIEW_PRACTITIONER_QA_M1_SKILL_05"",""OB_FIRST_PANEL_05_HIRING_MANAGER_EV_APP0189_FIRST_INTERVIEW_PRACTITIONER_QA_M1_SKILL_05"",""OB_FIRST_PANEL_05_TECHNICAL_REVIEWER_EV_APP0189_FIRST_INTERVIEW_PRACTITIONER_QA_M1_SKILL_05""]}",CALIBRATION_PANEL_01,2026-12-26T10:15:00+09:00,SYNTHETIC_HUMAN_SCENARIO,M1_EVIDENCE_RUBRIC_V02
DC_APP0189_M1_SKILL_06_000313,APP0189,C0189,M1_SKILL_06,MODERATE,AGREED,"{""difference_types"":[],""disputed_evidence_ids"":[],""limited_evidence_ids"":[],""meaningful_conflict_refs"":[],""missing_evidence_ids"":[],""reason"":""동일 Skill의 독립된 직접 관찰로 수행 범위를 확인했다. 다른 맥락의 제한/모호성은 해당 근거의 한계로 보존한다."",""rubric_review"":""직접 관찰의 행동·검증을 검토하며 다른 맥락의 한계와 평가자 차이를 보존한다."",""supporting_observation_ids"":[""OB_FIRST_PANEL_05_ML_ENGINEER_EV_APP0189_FIRST_INTERVIEW_PRACTITIONER_QA_M1_SKILL_06"",""OB_FIRST_PANEL_05_HIRING_MANAGER_EV_APP0189_FIRST_INTERVIEW_PRACTITIONER_QA_M1_SKILL_06"",""OB_FIRST_PANEL_05_TECHNICAL_REVIEWER_EV_APP0189_FIRST_INTERVIEW_PRACTITIONER_QA_M1_SKILL_06""]}",CALIBRATION_PANEL_01,2026-12-26T10:15:00+09:00,SYNTHETIC_HUMAN_SCENARIO,M1_EVIDENCE_RUBRIC_V02
DC_APP0189_M1_SKILL_07_000314,APP0189,C0189,M1_SKILL_07,,DISAGREEMENT_REMAINS,"{""difference_types"":[""EVALUATOR_DISAGREEMENT""],""disputed_evidence_ids"":[""EV_APP0189_FIRST_INTERVIEW_TECHNICAL_ASSESSMENT_M1_SKILL_07""],""limited_evidence_ids"":[],""meaningful_conflict_refs"":[],""missing_evidence_ids"":[],""reason"":""동일 근거에 대한 평가자 해석 차이를 해소할 직접 관찰이 부족하다."",""rubric_review"":""직접 관찰의 행동·검증을 검토하며 다른 맥락의 한계와 평가자 차이를 보존한다."",""supporting_observation_ids"":[]}",CALIBRATION_PANEL_01,2026-12-26T10:15:00+09:00,SYNTHETIC_HUMAN_SCENARIO,M1_EVIDENCE_RUBRIC_V02
DC_APP0189_M1_SKILL_08_000315,APP0189,C0189,M1_SKILL_08,,INSUFFICIENT_EVIDENCE,"{""difference_types"":[],""disputed_evidence_ids"":[],""limited_evidence_ids"":[],""meaningful_conflict_refs"":[],""missing_evidence_ids"":[""EV_APP0189_FIRST_INTERVIEW_PRACTITIONER_QA_M1_SKILL_08""],""reason"":""직접 판단 근거 부족. 미관찰을 역량 부재로 해석하지 않는다."",""rubric_review"":""직접 관찰의 행동·검증을 검토하며 다른 맥락의 한계와 평가자 차이를 보존한다."",""supporting_observation_ids"":[]}",CALIBRATION_PANEL_01,2026-12-26T10:15:00+09:00,SYNTHETIC_HUMAN_SCENARIO,M1_EVIDENCE_RUBRIC_V02
DC_APP0193_M1_SKILL_01_000316,APP0193,C0193,M1_SKILL_01,,DISAGREEMENT_REMAINS,"{""difference_types"":[""EVALUATOR_DISAGREEMENT""],""disputed_evidence_ids"":[""EV_APP0193_FIRST_INTERVIEW_AI_CASE_M1_SKILL_01""],""limited_evidence_ids"":[],""meaningful_conflict_refs"":[],""missing_evidence_ids"":[""EV_APP0193_FIRST_INTERVIEW_TECHNICAL_ASSESSMENT_M1_SKILL_01""],""reason"":""동일 근거에 대한 평가자 해석 차이를 해소할 직접 관찰이 부족하다."",""rubric_review"":""직접 관찰의 행동·검증을 검토하며 다른 맥락의 한계와 평가자 차이를 보존한다."",""supporting_observation_ids"":[]}",CALIBRATION_PANEL_01,2026-12-24T10:15:00+09:00,SYNTHETIC_HUMAN_SCENARIO,M1_EVIDENCE_RUBRIC_V02
DC_APP0193_M1_SKILL_02_000317,APP0193,C0193,M1_SKILL_02,,INSUFFICIENT_EVIDENCE,"{""difference_types"":[],""disputed_evidence_ids"":[],""limited_evidence_ids"":[],""meaningful_conflict_refs"":[],""missing_evidence_ids"":[""EV_APP0193_FIRST_INTERVIEW_TECHNICAL_ASSESSMENT_M1_SKILL_02""],""reason"":""직접 판단 근거 부족. 미관찰을 역량 부재로 해석하지 않는다."",""rubric_review"":""직접 관찰의 행동·검증을 검토하며 다른 맥락의 한계와 평가자 차이를 보존한다."",""supporting_observation_ids"":[]}",CALIBRATION_PANEL_01,2026-12-24T10:15:00+09:00,SYNTHETIC_HUMAN_SCENARIO,M1_EVIDENCE_RUBRIC_V02
DC_APP0193_M1_SKILL_03_000318,APP0193,C0193,M1_SKILL_03,,DISAGREEMENT_REMAINS,"{""difference_types"":[""EVALUATOR_DISAGREEMENT""],""disputed_evidence_ids"":[""EV_APP0193_FIRST_INTERVIEW_AI_CASE_M1_SKILL_03""],""limited_evidence_ids"":[],""meaningful_conflict_refs"":[],""missing_evidence_ids"":[""EV_APP0193_PRE_ASSESSMENT_CODING_TEST_M1_SKILL_03""],""reason"":""동일 근거에 대한 평가자 해석 차이를 해소할 직접 관찰이 부족하다."",""rubric_review"":""직접 관찰의 행동·검증을 검토하며 다른 맥락의 한계와 평가자 차이를 보존한다."",""supporting_observation_ids"":[]}",CALIBRATION_PANEL_01,2026-12-24T10:15:00+09:00,SYNTHETIC_HUMAN_SCENARIO,M1_EVIDENCE_RUBRIC_V02
DC_APP0193_M1_SKILL_04_000319,APP0193,C0193,M1_SKILL_04,MODERATE,AGREED,"{""difference_types"":[],""disputed_evidence_ids"":[],""limited_evidence_ids"":[],""meaningful_conflict_refs"":[],""missing_evidence_ids"":[],""reason"":""동일 Skill의 독립된 직접 관찰로 수행 범위를 확인했다. 다른 맥락의 제한/모호성은 해당 근거의 한계로 보존한다."",""rubric_review"":""직접 관찰의 행동·검증을 검토하며 다른 맥락의 한계와 평가자 차이를 보존한다."",""supporting_observation_ids"":[""OB_FIRST_PANEL_06_ML_ENGINEER_EV_APP0193_FIRST_INTERVIEW_PRACTITIONER_QA_M1_SKILL_04"",""OB_FIRST_PANEL_06_HIRING_MANAGER_EV_APP0193_FIRST_INTERVIEW_PRACTITIONER_QA_M1_SKILL_04"",""OB_FIRST_PANEL_06_TECHNICAL_REVIEWER_EV_APP0193_FIRST_INTERVIEW_PRACTITIONER_QA_M1_SKILL_04""]}",CALIBRATION_PANEL_01,2026-12-24T10:15:00+09:00,SYNTHETIC_HUMAN_SCENARIO,M1_EVIDENCE_RUBRIC_V02
DC_APP0193_M1_SKILL_05_000320,APP0193,C0193,M1_SKILL_05,,INSUFFICIENT_EVIDENCE,"{""difference_types"":[],""disputed_evidence_ids"":[],""limited_evidence_ids"":[],""meaningful_conflict_refs"":[],""missing_evidence_ids"":[""EV_APP0193_FIRST_INTERVIEW_PRACTITIONER_QA_M1_SKILL_05""],""reason"":""직접 판단 근거 부족. 미관찰을 역량 부재로 해석하지 않는다."",""rubric_review"":""직접 관찰의 행동·검증을 검토하며 다른 맥락의 한계와 평가자 차이를 보존한다."",""supporting_observation_ids"":[]}",CALIBRATION_PANEL_01,2026-12-24T10:15:00+09:00,SYNTHETIC_HUMAN_SCENARIO,M1_EVIDENCE_RUBRIC_V02
DC_APP0193_M1_SKILL_06_000321,APP0193,C0193,M1_SKILL_06,MODERATE,AGREED,"{""difference_types"":[],""disputed_evidence_ids"":[],""limited_evidence_ids"":[],""meaningful_conflict_refs"":[],""missing_evidence_ids"":[],""reason"":""동일 Skill의 독립된 직접 관찰로 수행 범위를 확인했다. 다른 맥락의 제한/모호성은 해당 근거의 한계로 보존한다."",""rubric_review"":""직접 관찰의 행동·검증을 검토하며 다른 맥락의 한계와 평가자 차이를 보존한다."",""supporting_observation_ids"":[""OB_FIRST_PANEL_06_ML_ENGINEER_EV_APP0193_FIRST_INTERVIEW_PRACTITIONER_QA_M1_SKILL_06"",""OB_FIRST_PANEL_06_HIRING_MANAGER_EV_APP0193_FIRST_INTERVIEW_PRACTITIONER_QA_M1_SKILL_06"",""OB_FIRST_PANEL_06_TECHNICAL_REVIEWER_EV_APP0193_FIRST_INTERVIEW_PRACTITIONER_QA_M1_SKILL_06""]}",CALIBRATION_PANEL_01,2026-12-24T10:15:00+09:00,SYNTHETIC_HUMAN_SCENARIO,M1_EVIDENCE_RUBRIC_V02
DC_APP0193_M1_SKILL_07_000322,APP0193,C0193,M1_SKILL_07,MODERATE,AGREED,"{""difference_types"":[],""disputed_evidence_ids"":[],""limited_evidence_ids"":[],""meaningful_conflict_refs"":[],""missing_evidence_ids"":[],""reason"":""동일 Skill의 독립된 직접 관찰로 수행 범위를 확인했다. 다른 맥락의 제한/모호성은 해당 근거의 한계로 보존한다."",""rubric_review"":""직접 관찰의 행동·검증을 검토하며 다른 맥락의 한계와 평가자 차이를 보존한다."",""supporting_observation_ids"":[""OB_FIRST_PANEL_06_ML_ENGINEER_EV_APP0193_FIRST_INTERVIEW_TECHNICAL_ASSESSMENT_M1_SKILL_07"",""OB_FIRST_PANEL_06_HIRING_MANAGER_EV_APP0193_FIRST_INTERVIEW_TECHNICAL_ASSESSMENT_M1_SKILL_07"",""OB_FIRST_PANEL_06_TECHNICAL_REVIEWER_EV_APP0193_FIRST_INTERVIEW_TECHNICAL_ASSESSMENT_M1_SKILL_07""]}",CALIBRATION_PANEL_01,2026-12-24T10:15:00+09:00,SYNTHETIC_HUMAN_SCENARIO,M1_EVIDENCE_RUBRIC_V02
DC_APP0193_M1_SKILL_08_000323,APP0193,C0193,M1_SKILL_08,MODERATE,AGREED,"{""difference_types"":[],""disputed_evidence_ids"":[],""limited_evidence_ids"":[],""meaningful_conflict_refs"":[],""missing_evidence_ids"":[],""reason"":""동일 Skill의 독립된 직접 관찰로 수행 범위를 확인했다. 다른 맥락의 제한/모호성은 해당 근거의 한계로 보존한다."",""rubric_review"":""직접 관찰의 행동·검증을 검토하며 다른 맥락의 한계와 평가자 차이를 보존한다."",""supporting_observation_ids"":[""OB_FIRST_PANEL_06_ML_ENGINEER_EV_APP0193_FIRST_INTERVIEW_PRACTITIONER_QA_M1_SKILL_08"",""OB_FIRST_PANEL_06_HIRING_MANAGER_EV_APP0193_FIRST_INTERVIEW_PRACTITIONER_QA_M1_SKILL_08"",""OB_FIRST_PANEL_06_TECHNICAL_REVIEWER_EV_APP0193_FIRST_INTERVIEW_PRACTITIONER_QA_M1_SKILL_08""]}",CALIBRATION_PANEL_01,2026-12-24T10:15:00+09:00,SYNTHETIC_HUMAN_SCENARIO,M1_EVIDENCE_RUBRIC_V02
DC_APP0194_M1_SKILL_01_000324,APP0194,C0194,M1_SKILL_01,MODERATE,AGREED,"{""difference_types"":[""EVIDENCE_EVOLUTION"",""CONTEXT_DIFFERENCE""],""disputed_evidence_ids"":[],""limited_evidence_ids"":[""EV_APP0194_FIRST_INTERVIEW_AI_CASE_M1_SKILL_01""],""meaningful_conflict_refs"":[],""missing_evidence_ids"":[],""reason"":""동일 Skill의 독립된 직접 관찰로 수행 범위를 확인했다. 다른 맥락의 제한/모호성은 해당 근거의 한계로 보존한다."",""rubric_review"":""직접 관찰의 행동·검증을 검토하며 다른 맥락의 한계와 평가자 차이를 보존한다."",""supporting_observation_ids"":[""OB_FIRST_PANEL_07_ML_ENGINEER_EV_APP0194_FIRST_INTERVIEW_TECHNICAL_ASSESSMENT_M1_SKILL_01"",""OB_FIRST_PANEL_07_HIRING_MANAGER_EV_APP0194_FIRST_INTERVIEW_TECHNICAL_ASSESSMENT_M1_SKILL_01"",""OB_FIRST_PANEL_07_TECHNICAL_REVIEWER_EV_APP0194_FIRST_INTERVIEW_TECHNICAL_ASSESSMENT_M1_SKILL_01""]}",CALIBRATION_PANEL_01,2026-12-26T10:15:00+09:00,SYNTHETIC_HUMAN_SCENARIO,M1_EVIDENCE_RUBRIC_V02
DC_APP0194_M1_SKILL_02_000325,APP0194,C0194,M1_SKILL_02,MODERATE,AGREED,"{""difference_types"":[],""disputed_evidence_ids"":[],""limited_evidence_ids"":[],""meaningful_conflict_refs"":[],""missing_evidence_ids"":[],""reason"":""동일 Skill의 독립된 직접 관찰로 수행 범위를 확인했다. 다른 맥락의 제한/모호성은 해당 근거의 한계로 보존한다."",""rubric_review"":""직접 관찰의 행동·검증을 검토하며 다른 맥락의 한계와 평가자 차이를 보존한다."",""supporting_observation_ids"":[""OB_FIRST_PANEL_07_ML_ENGINEER_EV_APP0194_FIRST_INTERVIEW_TECHNICAL_ASSESSMENT_M1_SKILL_02"",""OB_FIRST_PANEL_07_HIRING_MANAGER_EV_APP0194_FIRST_INTERVIEW_TECHNICAL_ASSESSMENT_M1_SKILL_02"",""OB_FIRST_PANEL_07_TECHNICAL_REVIEWER_EV_APP0194_FIRST_INTERVIEW_TECHNICAL_ASSESSMENT_M1_SKILL_02""]}",CALIBRATION_PANEL_01,2026-12-26T10:15:00+09:00,SYNTHETIC_HUMAN_SCENARIO,M1_EVIDENCE_RUBRIC_V02
DC_APP0194_M1_SKILL_03_000326,APP0194,C0194,M1_SKILL_03,STRONG,AGREED,"{""difference_types"":[""EVIDENCE_EVOLUTION"",""EVALUATOR_DISAGREEMENT""],""disputed_evidence_ids"":[""EV_APP0194_FIRST_INTERVIEW_AI_CASE_M1_SKILL_03""],""limited_evidence_ids"":[],""meaningful_conflict_refs"":[],""missing_evidence_ids"":[],""reason"":""동일 Skill의 독립된 직접 관찰로 수행 범위를 확인했다. 다른 맥락의 제한/모호성은 해당 근거의 한계로 보존한다."",""rubric_review"":""직접 관찰의 행동·검증을 검토하며 다른 맥락의 한계와 평가자 차이를 보존한다."",""supporting_observation_ids"":[""OB_REVIEW_ML_01_EV_APP0194_PRE_ASSESSMENT_CODING_TEST_M1_SKILL_03"",""OB_REVIEW_HM_01_EV_APP0194_PRE_ASSESSMENT_CODING_TEST_M1_SKILL_03""]}",CALIBRATION_PANEL_01,2026-12-26T10:15:00+09:00,SYNTHETIC_HUMAN_SCENARIO,M1_EVIDENCE_RUBRIC_V02
DC_APP0194_M1_SKILL_04_000327,APP0194,C0194,M1_SKILL_04,MODERATE,AGREED,"{""difference_types"":[],""disputed_evidence_ids"":[],""limited_evidence_ids"":[],""meaningful_conflict_refs"":[],""missing_evidence_ids"":[],""reason"":""동일 Skill의 독립된 직접 관찰로 수행 범위를 확인했다. 다른 맥락의 제한/모호성은 해당 근거의 한계로 보존한다."",""rubric_review"":""직접 관찰의 행동·검증을 검토하며 다른 맥락의 한계와 평가자 차이를 보존한다."",""supporting_observation_ids"":[""OB_FIRST_PANEL_07_ML_ENGINEER_EV_APP0194_FIRST_INTERVIEW_PRACTITIONER_QA_M1_SKILL_04"",""OB_FIRST_PANEL_07_HIRING_MANAGER_EV_APP0194_FIRST_INTERVIEW_PRACTITIONER_QA_M1_SKILL_04"",""OB_FIRST_PANEL_07_TECHNICAL_REVIEWER_EV_APP0194_FIRST_INTERVIEW_PRACTITIONER_QA_M1_SKILL_04""]}",CALIBRATION_PANEL_01,2026-12-26T10:15:00+09:00,SYNTHETIC_HUMAN_SCENARIO,M1_EVIDENCE_RUBRIC_V02
DC_APP0194_M1_SKILL_05_000328,APP0194,C0194,M1_SKILL_05,MODERATE,AGREED,"{""difference_types"":[],""disputed_evidence_ids"":[],""limited_evidence_ids"":[],""meaningful_conflict_refs"":[],""missing_evidence_ids"":[],""reason"":""동일 Skill의 독립된 직접 관찰로 수행 범위를 확인했다. 다른 맥락의 제한/모호성은 해당 근거의 한계로 보존한다."",""rubric_review"":""직접 관찰의 행동·검증을 검토하며 다른 맥락의 한계와 평가자 차이를 보존한다."",""supporting_observation_ids"":[""OB_FIRST_PANEL_07_ML_ENGINEER_EV_APP0194_FIRST_INTERVIEW_PRACTITIONER_QA_M1_SKILL_05"",""OB_FIRST_PANEL_07_HIRING_MANAGER_EV_APP0194_FIRST_INTERVIEW_PRACTITIONER_QA_M1_SKILL_05"",""OB_FIRST_PANEL_07_TECHNICAL_REVIEWER_EV_APP0194_FIRST_INTERVIEW_PRACTITIONER_QA_M1_SKILL_05""]}",CALIBRATION_PANEL_01,2026-12-26T10:15:00+09:00,SYNTHETIC_HUMAN_SCENARIO,M1_EVIDENCE_RUBRIC_V02
DC_APP0194_M1_SKILL_06_000329,APP0194,C0194,M1_SKILL_06,STRONG,AGREED,"{""difference_types"":[],""disputed_evidence_ids"":[],""limited_evidence_ids"":[],""meaningful_conflict_refs"":[],""missing_evidence_ids"":[],""reason"":""동일 Skill의 독립된 직접 관찰로 수행 범위를 확인했다. 다른 맥락의 제한/모호성은 해당 근거의 한계로 보존한다."",""rubric_review"":""직접 관찰의 행동·검증을 검토하며 다른 맥락의 한계와 평가자 차이를 보존한다."",""supporting_observation_ids"":[""OB_FIRST_PANEL_07_ML_ENGINEER_EV_APP0194_FIRST_INTERVIEW_PRACTITIONER_QA_M1_SKILL_06"",""OB_FIRST_PANEL_07_HIRING_MANAGER_EV_APP0194_FIRST_INTERVIEW_PRACTITIONER_QA_M1_SKILL_06"",""OB_FIRST_PANEL_07_TECHNICAL_REVIEWER_EV_APP0194_FIRST_INTERVIEW_PRACTITIONER_QA_M1_SKILL_06""]}",CALIBRATION_PANEL_01,2026-12-26T10:15:00+09:00,SYNTHETIC_HUMAN_SCENARIO,M1_EVIDENCE_RUBRIC_V02
DC_APP0194_M1_SKILL_07_000330,APP0194,C0194,M1_SKILL_07,MODERATE,AGREED,"{""difference_types"":[],""disputed_evidence_ids"":[],""limited_evidence_ids"":[],""meaningful_conflict_refs"":[],""missing_evidence_ids"":[],""reason"":""동일 Skill의 독립된 직접 관찰로 수행 범위를 확인했다. 다른 맥락의 제한/모호성은 해당 근거의 한계로 보존한다."",""rubric_review"":""직접 관찰의 행동·검증을 검토하며 다른 맥락의 한계와 평가자 차이를 보존한다."",""supporting_observation_ids"":[""OB_FIRST_PANEL_07_ML_ENGINEER_EV_APP0194_FIRST_INTERVIEW_TECHNICAL_ASSESSMENT_M1_SKILL_07"",""OB_FIRST_PANEL_07_HIRING_MANAGER_EV_APP0194_FIRST_INTERVIEW_TECHNICAL_ASSESSMENT_M1_SKILL_07"",""OB_FIRST_PANEL_07_TECHNICAL_REVIEWER_EV_APP0194_FIRST_INTERVIEW_TECHNICAL_ASSESSMENT_M1_SKILL_07""]}",CALIBRATION_PANEL_01,2026-12-26T10:15:00+09:00,SYNTHETIC_HUMAN_SCENARIO,M1_EVIDENCE_RUBRIC_V02
DC_APP0194_M1_SKILL_08_000331,APP0194,C0194,M1_SKILL_08,,DISAGREEMENT_REMAINS,"{""difference_types"":[""EVALUATOR_DISAGREEMENT""],""disputed_evidence_ids"":[""EV_APP0194_FIRST_INTERVIEW_PRACTITIONER_QA_M1_SKILL_08""],""limited_evidence_ids"":[],""meaningful_conflict_refs"":[],""missing_evidence_ids"":[],""reason"":""동일 근거에 대한 평가자 해석 차이를 해소할 직접 관찰이 부족하다."",""rubric_review"":""직접 관찰의 행동·검증을 검토하며 다른 맥락의 한계와 평가자 차이를 보존한다."",""supporting_observation_ids"":[]}",CALIBRATION_PANEL_01,2026-12-26T10:15:00+09:00,SYNTHETIC_HUMAN_SCENARIO,M1_EVIDENCE_RUBRIC_V02
DC_APP0202_M1_SKILL_01_000332,APP0202,C0202,M1_SKILL_01,STRONG,AGREED,"{""difference_types"":[""EVIDENCE_EVOLUTION"",""CONTEXT_DIFFERENCE""],""disputed_evidence_ids"":[],""limited_evidence_ids"":[""EV_APP0202_FIRST_INTERVIEW_TECHNICAL_ASSESSMENT_M1_SKILL_01""],""meaningful_conflict_refs"":[],""missing_evidence_ids"":[],""reason"":""동일 Skill의 독립된 직접 관찰로 수행 범위를 확인했다. 다른 맥락의 제한/모호성은 해당 근거의 한계로 보존한다."",""rubric_review"":""직접 관찰의 행동·검증을 검토하며 다른 맥락의 한계와 평가자 차이를 보존한다."",""supporting_observation_ids"":[""OB_FIRST_PANEL_08_ML_ENGINEER_EV_APP0202_FIRST_INTERVIEW_AI_CASE_M1_SKILL_01"",""OB_FIRST_PANEL_08_HIRING_MANAGER_EV_APP0202_FIRST_INTERVIEW_AI_CASE_M1_SKILL_01"",""OB_FIRST_PANEL_08_TECHNICAL_REVIEWER_EV_APP0202_FIRST_INTERVIEW_AI_CASE_M1_SKILL_01""]}",CALIBRATION_PANEL_01,2026-12-24T10:15:00+09:00,SYNTHETIC_HUMAN_SCENARIO,M1_EVIDENCE_RUBRIC_V02
DC_APP0202_M1_SKILL_02_000333,APP0202,C0202,M1_SKILL_02,,DISAGREEMENT_REMAINS,"{""difference_types"":[""EVALUATOR_DISAGREEMENT""],""disputed_evidence_ids"":[""EV_APP0202_FIRST_INTERVIEW_TECHNICAL_ASSESSMENT_M1_SKILL_02""],""limited_evidence_ids"":[],""meaningful_conflict_refs"":[],""missing_evidence_ids"":[],""reason"":""동일 근거에 대한 평가자 해석 차이를 해소할 직접 관찰이 부족하다."",""rubric_review"":""직접 관찰의 행동·검증을 검토하며 다른 맥락의 한계와 평가자 차이를 보존한다."",""supporting_observation_ids"":[]}",CALIBRATION_PANEL_01,2026-12-24T10:15:00+09:00,SYNTHETIC_HUMAN_SCENARIO,M1_EVIDENCE_RUBRIC_V02
DC_APP0202_M1_SKILL_03_000334,APP0202,C0202,M1_SKILL_03,STRONG,AGREED,"{""difference_types"":[""EVIDENCE_EVOLUTION"",""EVALUATOR_DISAGREEMENT""],""disputed_evidence_ids"":[""EV_APP0202_FIRST_INTERVIEW_AI_CASE_M1_SKILL_03""],""limited_evidence_ids"":[],""meaningful_conflict_refs"":[],""missing_evidence_ids"":[],""reason"":""동일 Skill의 독립된 직접 관찰로 수행 범위를 확인했다. 다른 맥락의 제한/모호성은 해당 근거의 한계로 보존한다."",""rubric_review"":""직접 관찰의 행동·검증을 검토하며 다른 맥락의 한계와 평가자 차이를 보존한다."",""supporting_observation_ids"":[""OB_REVIEW_ML_01_EV_APP0202_PRE_ASSESSMENT_CODING_TEST_M1_SKILL_03"",""OB_REVIEW_HM_01_EV_APP0202_PRE_ASSESSMENT_CODING_TEST_M1_SKILL_03""]}",CALIBRATION_PANEL_01,2026-12-24T10:15:00+09:00,SYNTHETIC_HUMAN_SCENARIO,M1_EVIDENCE_RUBRIC_V02
DC_APP0202_M1_SKILL_04_000335,APP0202,C0202,M1_SKILL_04,MODERATE,AGREED,"{""difference_types"":[],""disputed_evidence_ids"":[],""limited_evidence_ids"":[],""meaningful_conflict_refs"":[],""missing_evidence_ids"":[],""reason"":""동일 Skill의 독립된 직접 관찰로 수행 범위를 확인했다. 다른 맥락의 제한/모호성은 해당 근거의 한계로 보존한다."",""rubric_review"":""직접 관찰의 행동·검증을 검토하며 다른 맥락의 한계와 평가자 차이를 보존한다."",""supporting_observation_ids"":[""OB_FIRST_PANEL_08_ML_ENGINEER_EV_APP0202_FIRST_INTERVIEW_PRACTITIONER_QA_M1_SKILL_04"",""OB_FIRST_PANEL_08_HIRING_MANAGER_EV_APP0202_FIRST_INTERVIEW_PRACTITIONER_QA_M1_SKILL_04"",""OB_FIRST_PANEL_08_TECHNICAL_REVIEWER_EV_APP0202_FIRST_INTERVIEW_PRACTITIONER_QA_M1_SKILL_04""]}",CALIBRATION_PANEL_01,2026-12-24T10:15:00+09:00,SYNTHETIC_HUMAN_SCENARIO,M1_EVIDENCE_RUBRIC_V02
DC_APP0202_M1_SKILL_05_000336,APP0202,C0202,M1_SKILL_05,,DISAGREEMENT_REMAINS,"{""difference_types"":[""EVALUATOR_DISAGREEMENT""],""disputed_evidence_ids"":[""EV_APP0202_FIRST_INTERVIEW_PRACTITIONER_QA_M1_SKILL_05""],""limited_evidence_ids"":[],""meaningful_conflict_refs"":[],""missing_evidence_ids"":[],""reason"":""동일 근거에 대한 평가자 해석 차이를 해소할 직접 관찰이 부족하다."",""rubric_review"":""직접 관찰의 행동·검증을 검토하며 다른 맥락의 한계와 평가자 차이를 보존한다."",""supporting_observation_ids"":[]}",CALIBRATION_PANEL_01,2026-12-24T10:15:00+09:00,SYNTHETIC_HUMAN_SCENARIO,M1_EVIDENCE_RUBRIC_V02
DC_APP0202_M1_SKILL_06_000337,APP0202,C0202,M1_SKILL_06,,INSUFFICIENT_EVIDENCE,"{""difference_types"":[],""disputed_evidence_ids"":[],""limited_evidence_ids"":[],""meaningful_conflict_refs"":[],""missing_evidence_ids"":[""EV_APP0202_FIRST_INTERVIEW_PRACTITIONER_QA_M1_SKILL_06""],""reason"":""직접 판단 근거 부족. 미관찰을 역량 부재로 해석하지 않는다."",""rubric_review"":""직접 관찰의 행동·검증을 검토하며 다른 맥락의 한계와 평가자 차이를 보존한다."",""supporting_observation_ids"":[]}",CALIBRATION_PANEL_01,2026-12-24T10:15:00+09:00,SYNTHETIC_HUMAN_SCENARIO,M1_EVIDENCE_RUBRIC_V02
DC_APP0202_M1_SKILL_07_000338,APP0202,C0202,M1_SKILL_07,MODERATE,AGREED,"{""difference_types"":[],""disputed_evidence_ids"":[],""limited_evidence_ids"":[],""meaningful_conflict_refs"":[],""missing_evidence_ids"":[],""reason"":""동일 Skill의 독립된 직접 관찰로 수행 범위를 확인했다. 다른 맥락의 제한/모호성은 해당 근거의 한계로 보존한다."",""rubric_review"":""직접 관찰의 행동·검증을 검토하며 다른 맥락의 한계와 평가자 차이를 보존한다."",""supporting_observation_ids"":[""OB_FIRST_PANEL_08_ML_ENGINEER_EV_APP0202_FIRST_INTERVIEW_TECHNICAL_ASSESSMENT_M1_SKILL_07"",""OB_FIRST_PANEL_08_HIRING_MANAGER_EV_APP0202_FIRST_INTERVIEW_TECHNICAL_ASSESSMENT_M1_SKILL_07"",""OB_FIRST_PANEL_08_TECHNICAL_REVIEWER_EV_APP0202_FIRST_INTERVIEW_TECHNICAL_ASSESSMENT_M1_SKILL_07""]}",CALIBRATION_PANEL_01,2026-12-24T10:15:00+09:00,SYNTHETIC_HUMAN_SCENARIO,M1_EVIDENCE_RUBRIC_V02
DC_APP0202_M1_SKILL_08_000339,APP0202,C0202,M1_SKILL_08,,INSUFFICIENT_EVIDENCE,"{""difference_types"":[],""disputed_evidence_ids"":[],""limited_evidence_ids"":[],""meaningful_conflict_refs"":[],""missing_evidence_ids"":[""EV_APP0202_FIRST_INTERVIEW_PRACTITIONER_QA_M1_SKILL_08""],""reason"":""직접 판단 근거 부족. 미관찰을 역량 부재로 해석하지 않는다."",""rubric_review"":""직접 관찰의 행동·검증을 검토하며 다른 맥락의 한계와 평가자 차이를 보존한다."",""supporting_observation_ids"":[]}",CALIBRATION_PANEL_01,2026-12-24T10:15:00+09:00,SYNTHETIC_HUMAN_SCENARIO,M1_EVIDENCE_RUBRIC_V02
DC_APP0205_M1_SKILL_01_000340,APP0205,C0205,M1_SKILL_01,MODERATE,AGREED,"{""difference_types"":[""EVIDENCE_EVOLUTION"",""EVALUATOR_DISAGREEMENT""],""disputed_evidence_ids"":[""EV_APP0205_FIRST_INTERVIEW_TECHNICAL_ASSESSMENT_M1_SKILL_01""],""limited_evidence_ids"":[],""meaningful_conflict_refs"":[],""missing_evidence_ids"":[],""reason"":""동일 Skill의 독립된 직접 관찰로 수행 범위를 확인했다. 다른 맥락의 제한/모호성은 해당 근거의 한계로 보존한다."",""rubric_review"":""직접 관찰의 행동·검증을 검토하며 다른 맥락의 한계와 평가자 차이를 보존한다."",""supporting_observation_ids"":[""OB_FIRST_PANEL_09_ML_ENGINEER_EV_APP0205_FIRST_INTERVIEW_AI_CASE_M1_SKILL_01"",""OB_FIRST_PANEL_09_HIRING_MANAGER_EV_APP0205_FIRST_INTERVIEW_AI_CASE_M1_SKILL_01"",""OB_FIRST_PANEL_09_TECHNICAL_REVIEWER_EV_APP0205_FIRST_INTERVIEW_AI_CASE_M1_SKILL_01""]}",CALIBRATION_PANEL_01,2026-12-22T10:15:00+09:00,SYNTHETIC_HUMAN_SCENARIO,M1_EVIDENCE_RUBRIC_V02
DC_APP0205_M1_SKILL_02_000341,APP0205,C0205,M1_SKILL_02,MODERATE,AGREED,"{""difference_types"":[],""disputed_evidence_ids"":[],""limited_evidence_ids"":[],""meaningful_conflict_refs"":[],""missing_evidence_ids"":[],""reason"":""동일 Skill의 독립된 직접 관찰로 수행 범위를 확인했다. 다른 맥락의 제한/모호성은 해당 근거의 한계로 보존한다."",""rubric_review"":""직접 관찰의 행동·검증을 검토하며 다른 맥락의 한계와 평가자 차이를 보존한다."",""supporting_observation_ids"":[""OB_FIRST_PANEL_09_ML_ENGINEER_EV_APP0205_FIRST_INTERVIEW_TECHNICAL_ASSESSMENT_M1_SKILL_02"",""OB_FIRST_PANEL_09_HIRING_MANAGER_EV_APP0205_FIRST_INTERVIEW_TECHNICAL_ASSESSMENT_M1_SKILL_02"",""OB_FIRST_PANEL_09_TECHNICAL_REVIEWER_EV_APP0205_FIRST_INTERVIEW_TECHNICAL_ASSESSMENT_M1_SKILL_02""]}",CALIBRATION_PANEL_01,2026-12-22T10:15:00+09:00,SYNTHETIC_HUMAN_SCENARIO,M1_EVIDENCE_RUBRIC_V02
DC_APP0205_M1_SKILL_03_000342,APP0205,C0205,M1_SKILL_03,STRONG,AGREED,"{""difference_types"":[""EVIDENCE_EVOLUTION"",""EVALUATOR_DISAGREEMENT""],""disputed_evidence_ids"":[""EV_APP0205_FIRST_INTERVIEW_AI_CASE_M1_SKILL_03""],""limited_evidence_ids"":[],""meaningful_conflict_refs"":[],""missing_evidence_ids"":[],""reason"":""동일 Skill의 독립된 직접 관찰로 수행 범위를 확인했다. 다른 맥락의 제한/모호성은 해당 근거의 한계로 보존한다."",""rubric_review"":""직접 관찰의 행동·검증을 검토하며 다른 맥락의 한계와 평가자 차이를 보존한다."",""supporting_observation_ids"":[""OB_REVIEW_ML_01_EV_APP0205_PRE_ASSESSMENT_CODING_TEST_M1_SKILL_03"",""OB_REVIEW_HM_01_EV_APP0205_PRE_ASSESSMENT_CODING_TEST_M1_SKILL_03""]}",CALIBRATION_PANEL_01,2026-12-22T10:15:00+09:00,SYNTHETIC_HUMAN_SCENARIO,M1_EVIDENCE_RUBRIC_V02
DC_APP0205_M1_SKILL_04_000343,APP0205,C0205,M1_SKILL_04,,DISAGREEMENT_REMAINS,"{""difference_types"":[""EVALUATOR_DISAGREEMENT""],""disputed_evidence_ids"":[""EV_APP0205_FIRST_INTERVIEW_PRACTITIONER_QA_M1_SKILL_04""],""limited_evidence_ids"":[],""meaningful_conflict_refs"":[],""missing_evidence_ids"":[],""reason"":""동일 근거에 대한 평가자 해석 차이를 해소할 직접 관찰이 부족하다."",""rubric_review"":""직접 관찰의 행동·검증을 검토하며 다른 맥락의 한계와 평가자 차이를 보존한다."",""supporting_observation_ids"":[]}",CALIBRATION_PANEL_01,2026-12-22T10:15:00+09:00,SYNTHETIC_HUMAN_SCENARIO,M1_EVIDENCE_RUBRIC_V02
DC_APP0205_M1_SKILL_05_000344,APP0205,C0205,M1_SKILL_05,STRONG,AGREED,"{""difference_types"":[],""disputed_evidence_ids"":[],""limited_evidence_ids"":[],""meaningful_conflict_refs"":[],""missing_evidence_ids"":[],""reason"":""동일 Skill의 독립된 직접 관찰로 수행 범위를 확인했다. 다른 맥락의 제한/모호성은 해당 근거의 한계로 보존한다."",""rubric_review"":""직접 관찰의 행동·검증을 검토하며 다른 맥락의 한계와 평가자 차이를 보존한다."",""supporting_observation_ids"":[""OB_FIRST_PANEL_09_ML_ENGINEER_EV_APP0205_FIRST_INTERVIEW_PRACTITIONER_QA_M1_SKILL_05"",""OB_FIRST_PANEL_09_HIRING_MANAGER_EV_APP0205_FIRST_INTERVIEW_PRACTITIONER_QA_M1_SKILL_05"",""OB_FIRST_PANEL_09_TECHNICAL_REVIEWER_EV_APP0205_FIRST_INTERVIEW_PRACTITIONER_QA_M1_SKILL_05""]}",CALIBRATION_PANEL_01,2026-12-22T10:15:00+09:00,SYNTHETIC_HUMAN_SCENARIO,M1_EVIDENCE_RUBRIC_V02
DC_APP0205_M1_SKILL_06_000345,APP0205,C0205,M1_SKILL_06,STRONG,AGREED,"{""difference_types"":[],""disputed_evidence_ids"":[],""limited_evidence_ids"":[],""meaningful_conflict_refs"":[],""missing_evidence_ids"":[],""reason"":""동일 Skill의 독립된 직접 관찰로 수행 범위를 확인했다. 다른 맥락의 제한/모호성은 해당 근거의 한계로 보존한다."",""rubric_review"":""직접 관찰의 행동·검증을 검토하며 다른 맥락의 한계와 평가자 차이를 보존한다."",""supporting_observation_ids"":[""OB_FIRST_PANEL_09_ML_ENGINEER_EV_APP0205_FIRST_INTERVIEW_PRACTITIONER_QA_M1_SKILL_06"",""OB_FIRST_PANEL_09_HIRING_MANAGER_EV_APP0205_FIRST_INTERVIEW_PRACTITIONER_QA_M1_SKILL_06"",""OB_FIRST_PANEL_09_TECHNICAL_REVIEWER_EV_APP0205_FIRST_INTERVIEW_PRACTITIONER_QA_M1_SKILL_06""]}",CALIBRATION_PANEL_01,2026-12-22T10:15:00+09:00,SYNTHETIC_HUMAN_SCENARIO,M1_EVIDENCE_RUBRIC_V02
DC_APP0205_M1_SKILL_07_000346,APP0205,C0205,M1_SKILL_07,,DISAGREEMENT_REMAINS,"{""difference_types"":[""EVALUATOR_DISAGREEMENT""],""disputed_evidence_ids"":[""EV_APP0205_FIRST_INTERVIEW_TECHNICAL_ASSESSMENT_M1_SKILL_07""],""limited_evidence_ids"":[],""meaningful_conflict_refs"":[],""missing_evidence_ids"":[],""reason"":""동일 근거에 대한 평가자 해석 차이를 해소할 직접 관찰이 부족하다."",""rubric_review"":""직접 관찰의 행동·검증을 검토하며 다른 맥락의 한계와 평가자 차이를 보존한다."",""supporting_observation_ids"":[]}",CALIBRATION_PANEL_01,2026-12-22T10:15:00+09:00,SYNTHETIC_HUMAN_SCENARIO,M1_EVIDENCE_RUBRIC_V02
DC_APP0205_M1_SKILL_08_000347,APP0205,C0205,M1_SKILL_08,MODERATE,AGREED,"{""difference_types"":[],""disputed_evidence_ids"":[],""limited_evidence_ids"":[],""meaningful_conflict_refs"":[],""missing_evidence_ids"":[],""reason"":""동일 Skill의 독립된 직접 관찰로 수행 범위를 확인했다. 다른 맥락의 제한/모호성은 해당 근거의 한계로 보존한다."",""rubric_review"":""직접 관찰의 행동·검증을 검토하며 다른 맥락의 한계와 평가자 차이를 보존한다."",""supporting_observation_ids"":[""OB_FIRST_PANEL_09_ML_ENGINEER_EV_APP0205_FIRST_INTERVIEW_PRACTITIONER_QA_M1_SKILL_08"",""OB_FIRST_PANEL_09_HIRING_MANAGER_EV_APP0205_FIRST_INTERVIEW_PRACTITIONER_QA_M1_SKILL_08"",""OB_FIRST_PANEL_09_TECHNICAL_REVIEWER_EV_APP0205_FIRST_INTERVIEW_PRACTITIONER_QA_M1_SKILL_08""]}",CALIBRATION_PANEL_01,2026-12-22T10:15:00+09:00,SYNTHETIC_HUMAN_SCENARIO,M1_EVIDENCE_RUBRIC_V02
DC_APP0216_M1_SKILL_01_000348,APP0216,C0216,M1_SKILL_01,MODERATE,AGREED,"{""difference_types"":[""EVIDENCE_EVOLUTION""],""disputed_evidence_ids"":[],""limited_evidence_ids"":[],""meaningful_conflict_refs"":[],""missing_evidence_ids"":[],""reason"":""동일 Skill의 독립된 직접 관찰로 수행 범위를 확인했다. 다른 맥락의 제한/모호성은 해당 근거의 한계로 보존한다."",""rubric_review"":""직접 관찰의 행동·검증을 검토하며 다른 맥락의 한계와 평가자 차이를 보존한다."",""supporting_observation_ids"":[""OB_FIRST_PANEL_10_ML_ENGINEER_EV_APP0216_FIRST_INTERVIEW_TECHNICAL_ASSESSMENT_M1_SKILL_01"",""OB_FIRST_PANEL_10_HIRING_MANAGER_EV_APP0216_FIRST_INTERVIEW_TECHNICAL_ASSESSMENT_M1_SKILL_01"",""OB_FIRST_PANEL_10_TECHNICAL_REVIEWER_EV_APP0216_FIRST_INTERVIEW_TECHNICAL_ASSESSMENT_M1_SKILL_01"",""OB_FIRST_PANEL_10_ML_ENGINEER_EV_APP0216_FIRST_INTERVIEW_AI_CASE_M1_SKILL_01"",""OB_FIRST_PANEL_10_HIRING_MANAGER_EV_APP0216_FIRST_INTERVIEW_AI_CASE_M1_SKILL_01"",""OB_FIRST_PANEL_10_TECHNICAL_REVIEWER_EV_APP0216_FIRST_INTERVIEW_AI_CASE_M1_SKILL_01""]}",CALIBRATION_PANEL_01,2026-12-26T10:00:00+09:00,SYNTHETIC_HUMAN_SCENARIO,M1_EVIDENCE_RUBRIC_V02
DC_APP0216_M1_SKILL_02_000349,APP0216,C0216,M1_SKILL_02,MODERATE,AGREED,"{""difference_types"":[],""disputed_evidence_ids"":[],""limited_evidence_ids"":[],""meaningful_conflict_refs"":[],""missing_evidence_ids"":[],""reason"":""동일 Skill의 독립된 직접 관찰로 수행 범위를 확인했다. 다른 맥락의 제한/모호성은 해당 근거의 한계로 보존한다."",""rubric_review"":""직접 관찰의 행동·검증을 검토하며 다른 맥락의 한계와 평가자 차이를 보존한다."",""supporting_observation_ids"":[""OB_FIRST_PANEL_10_ML_ENGINEER_EV_APP0216_FIRST_INTERVIEW_TECHNICAL_ASSESSMENT_M1_SKILL_02"",""OB_FIRST_PANEL_10_HIRING_MANAGER_EV_APP0216_FIRST_INTERVIEW_TECHNICAL_ASSESSMENT_M1_SKILL_02"",""OB_FIRST_PANEL_10_TECHNICAL_REVIEWER_EV_APP0216_FIRST_INTERVIEW_TECHNICAL_ASSESSMENT_M1_SKILL_02""]}",CALIBRATION_PANEL_01,2026-12-26T10:00:00+09:00,SYNTHETIC_HUMAN_SCENARIO,M1_EVIDENCE_RUBRIC_V02
DC_APP0216_M1_SKILL_03_000350,APP0216,C0216,M1_SKILL_03,MODERATE,AGREED,"{""difference_types"":[""EVIDENCE_EVOLUTION""],""disputed_evidence_ids"":[],""limited_evidence_ids"":[],""meaningful_conflict_refs"":[],""missing_evidence_ids"":[],""reason"":""동일 Skill의 독립된 직접 관찰로 수행 범위를 확인했다. 다른 맥락의 제한/모호성은 해당 근거의 한계로 보존한다."",""rubric_review"":""직접 관찰의 행동·검증을 검토하며 다른 맥락의 한계와 평가자 차이를 보존한다."",""supporting_observation_ids"":[""OB_REVIEW_ML_01_EV_APP0216_PRE_ASSESSMENT_CODING_TEST_M1_SKILL_03"",""OB_REVIEW_HM_01_EV_APP0216_PRE_ASSESSMENT_CODING_TEST_M1_SKILL_03"",""OB_FIRST_PANEL_10_ML_ENGINEER_EV_APP0216_FIRST_INTERVIEW_AI_CASE_M1_SKILL_03"",""OB_FIRST_PANEL_10_HIRING_MANAGER_EV_APP0216_FIRST_INTERVIEW_AI_CASE_M1_SKILL_03"",""OB_FIRST_PANEL_10_TECHNICAL_REVIEWER_EV_APP0216_FIRST_INTERVIEW_AI_CASE_M1_SKILL_03""]}",CALIBRATION_PANEL_01,2026-12-26T10:00:00+09:00,SYNTHETIC_HUMAN_SCENARIO,M1_EVIDENCE_RUBRIC_V02
DC_APP0216_M1_SKILL_04_000351,APP0216,C0216,M1_SKILL_04,,INSUFFICIENT_EVIDENCE,"{""difference_types"":[],""disputed_evidence_ids"":[],""limited_evidence_ids"":[],""meaningful_conflict_refs"":[],""missing_evidence_ids"":[""EV_APP0216_FIRST_INTERVIEW_PRACTITIONER_QA_M1_SKILL_04""],""reason"":""직접 판단 근거 부족. 미관찰을 역량 부재로 해석하지 않는다."",""rubric_review"":""직접 관찰의 행동·검증을 검토하며 다른 맥락의 한계와 평가자 차이를 보존한다."",""supporting_observation_ids"":[]}",CALIBRATION_PANEL_01,2026-12-26T10:00:00+09:00,SYNTHETIC_HUMAN_SCENARIO,M1_EVIDENCE_RUBRIC_V02
DC_APP0216_M1_SKILL_05_000352,APP0216,C0216,M1_SKILL_05,STRONG,AGREED,"{""difference_types"":[],""disputed_evidence_ids"":[],""limited_evidence_ids"":[],""meaningful_conflict_refs"":[],""missing_evidence_ids"":[],""reason"":""동일 Skill의 독립된 직접 관찰로 수행 범위를 확인했다. 다른 맥락의 제한/모호성은 해당 근거의 한계로 보존한다."",""rubric_review"":""직접 관찰의 행동·검증을 검토하며 다른 맥락의 한계와 평가자 차이를 보존한다."",""supporting_observation_ids"":[""OB_FIRST_PANEL_10_ML_ENGINEER_EV_APP0216_FIRST_INTERVIEW_PRACTITIONER_QA_M1_SKILL_05"",""OB_FIRST_PANEL_10_HIRING_MANAGER_EV_APP0216_FIRST_INTERVIEW_PRACTITIONER_QA_M1_SKILL_05"",""OB_FIRST_PANEL_10_TECHNICAL_REVIEWER_EV_APP0216_FIRST_INTERVIEW_PRACTITIONER_QA_M1_SKILL_05""]}",CALIBRATION_PANEL_01,2026-12-26T10:00:00+09:00,SYNTHETIC_HUMAN_SCENARIO,M1_EVIDENCE_RUBRIC_V02
DC_APP0216_M1_SKILL_06_000353,APP0216,C0216,M1_SKILL_06,STRONG,AGREED,"{""difference_types"":[],""disputed_evidence_ids"":[],""limited_evidence_ids"":[],""meaningful_conflict_refs"":[],""missing_evidence_ids"":[],""reason"":""동일 Skill의 독립된 직접 관찰로 수행 범위를 확인했다. 다른 맥락의 제한/모호성은 해당 근거의 한계로 보존한다."",""rubric_review"":""직접 관찰의 행동·검증을 검토하며 다른 맥락의 한계와 평가자 차이를 보존한다."",""supporting_observation_ids"":[""OB_FIRST_PANEL_10_ML_ENGINEER_EV_APP0216_FIRST_INTERVIEW_PRACTITIONER_QA_M1_SKILL_06"",""OB_FIRST_PANEL_10_HIRING_MANAGER_EV_APP0216_FIRST_INTERVIEW_PRACTITIONER_QA_M1_SKILL_06"",""OB_FIRST_PANEL_10_TECHNICAL_REVIEWER_EV_APP0216_FIRST_INTERVIEW_PRACTITIONER_QA_M1_SKILL_06""]}",CALIBRATION_PANEL_01,2026-12-26T10:00:00+09:00,SYNTHETIC_HUMAN_SCENARIO,M1_EVIDENCE_RUBRIC_V02
DC_APP0216_M1_SKILL_07_000354,APP0216,C0216,M1_SKILL_07,MODERATE,AGREED,"{""difference_types"":[],""disputed_evidence_ids"":[],""limited_evidence_ids"":[],""meaningful_conflict_refs"":[],""missing_evidence_ids"":[],""reason"":""동일 Skill의 독립된 직접 관찰로 수행 범위를 확인했다. 다른 맥락의 제한/모호성은 해당 근거의 한계로 보존한다."",""rubric_review"":""직접 관찰의 행동·검증을 검토하며 다른 맥락의 한계와 평가자 차이를 보존한다."",""supporting_observation_ids"":[""OB_FIRST_PANEL_10_ML_ENGINEER_EV_APP0216_FIRST_INTERVIEW_TECHNICAL_ASSESSMENT_M1_SKILL_07"",""OB_FIRST_PANEL_10_HIRING_MANAGER_EV_APP0216_FIRST_INTERVIEW_TECHNICAL_ASSESSMENT_M1_SKILL_07"",""OB_FIRST_PANEL_10_TECHNICAL_REVIEWER_EV_APP0216_FIRST_INTERVIEW_TECHNICAL_ASSESSMENT_M1_SKILL_07""]}",CALIBRATION_PANEL_01,2026-12-26T10:00:00+09:00,SYNTHETIC_HUMAN_SCENARIO,M1_EVIDENCE_RUBRIC_V02
DC_APP0216_M1_SKILL_08_000355,APP0216,C0216,M1_SKILL_08,MODERATE,AGREED,"{""difference_types"":[],""disputed_evidence_ids"":[],""limited_evidence_ids"":[],""meaningful_conflict_refs"":[],""missing_evidence_ids"":[],""reason"":""동일 Skill의 독립된 직접 관찰로 수행 범위를 확인했다. 다른 맥락의 제한/모호성은 해당 근거의 한계로 보존한다."",""rubric_review"":""직접 관찰의 행동·검증을 검토하며 다른 맥락의 한계와 평가자 차이를 보존한다."",""supporting_observation_ids"":[""OB_FIRST_PANEL_10_ML_ENGINEER_EV_APP0216_FIRST_INTERVIEW_PRACTITIONER_QA_M1_SKILL_08"",""OB_FIRST_PANEL_10_HIRING_MANAGER_EV_APP0216_FIRST_INTERVIEW_PRACTITIONER_QA_M1_SKILL_08"",""OB_FIRST_PANEL_10_TECHNICAL_REVIEWER_EV_APP0216_FIRST_INTERVIEW_PRACTITIONER_QA_M1_SKILL_08""]}",CALIBRATION_PANEL_01,2026-12-26T10:00:00+09:00,SYNTHETIC_HUMAN_SCENARIO,M1_EVIDENCE_RUBRIC_V02
DC_APP0223_M1_SKILL_01_000356,APP0223,C0223,M1_SKILL_01,,INSUFFICIENT_EVIDENCE,"{""difference_types"":[],""disputed_evidence_ids"":[],""limited_evidence_ids"":[],""meaningful_conflict_refs"":[],""missing_evidence_ids"":[""EV_APP0223_FIRST_INTERVIEW_TECHNICAL_ASSESSMENT_M1_SKILL_01"",""EV_APP0223_FIRST_INTERVIEW_AI_CASE_M1_SKILL_01""],""reason"":""직접 판단 근거 부족. 미관찰을 역량 부재로 해석하지 않는다."",""rubric_review"":""직접 관찰의 행동·검증을 검토하며 다른 맥락의 한계와 평가자 차이를 보존한다."",""supporting_observation_ids"":[]}",CALIBRATION_PANEL_01,2026-12-25T10:15:00+09:00,SYNTHETIC_HUMAN_SCENARIO,M1_EVIDENCE_RUBRIC_V02
DC_APP0223_M1_SKILL_02_000357,APP0223,C0223,M1_SKILL_02,,INSUFFICIENT_EVIDENCE,"{""difference_types"":[],""disputed_evidence_ids"":[],""limited_evidence_ids"":[],""meaningful_conflict_refs"":[],""missing_evidence_ids"":[""EV_APP0223_FIRST_INTERVIEW_TECHNICAL_ASSESSMENT_M1_SKILL_02""],""reason"":""직접 판단 근거 부족. 미관찰을 역량 부재로 해석하지 않는다."",""rubric_review"":""직접 관찰의 행동·검증을 검토하며 다른 맥락의 한계와 평가자 차이를 보존한다."",""supporting_observation_ids"":[]}",CALIBRATION_PANEL_01,2026-12-25T10:15:00+09:00,SYNTHETIC_HUMAN_SCENARIO,M1_EVIDENCE_RUBRIC_V02
DC_APP0223_M1_SKILL_03_000358,APP0223,C0223,M1_SKILL_03,MODERATE,AGREED,"{""difference_types"":[""EVIDENCE_EVOLUTION""],""disputed_evidence_ids"":[],""limited_evidence_ids"":[],""meaningful_conflict_refs"":[],""missing_evidence_ids"":[""EV_APP0223_PRE_ASSESSMENT_CODING_TEST_M1_SKILL_03""],""reason"":""동일 Skill의 독립된 직접 관찰로 수행 범위를 확인했다. 다른 맥락의 제한/모호성은 해당 근거의 한계로 보존한다."",""rubric_review"":""직접 관찰의 행동·검증을 검토하며 다른 맥락의 한계와 평가자 차이를 보존한다."",""supporting_observation_ids"":[""OB_FIRST_PANEL_02_ML_ENGINEER_EV_APP0223_FIRST_INTERVIEW_AI_CASE_M1_SKILL_03"",""OB_FIRST_PANEL_02_HIRING_MANAGER_EV_APP0223_FIRST_INTERVIEW_AI_CASE_M1_SKILL_03"",""OB_FIRST_PANEL_02_TECHNICAL_REVIEWER_EV_APP0223_FIRST_INTERVIEW_AI_CASE_M1_SKILL_03""]}",CALIBRATION_PANEL_01,2026-12-25T10:15:00+09:00,SYNTHETIC_HUMAN_SCENARIO,M1_EVIDENCE_RUBRIC_V02
DC_APP0223_M1_SKILL_04_000359,APP0223,C0223,M1_SKILL_04,,DISAGREEMENT_REMAINS,"{""difference_types"":[""EVALUATOR_DISAGREEMENT""],""disputed_evidence_ids"":[""EV_APP0223_FIRST_INTERVIEW_PRACTITIONER_QA_M1_SKILL_04""],""limited_evidence_ids"":[],""meaningful_conflict_refs"":[],""missing_evidence_ids"":[],""reason"":""동일 근거에 대한 평가자 해석 차이를 해소할 직접 관찰이 부족하다."",""rubric_review"":""직접 관찰의 행동·검증을 검토하며 다른 맥락의 한계와 평가자 차이를 보존한다."",""supporting_observation_ids"":[]}",CALIBRATION_PANEL_01,2026-12-25T10:15:00+09:00,SYNTHETIC_HUMAN_SCENARIO,M1_EVIDENCE_RUBRIC_V02
DC_APP0223_M1_SKILL_05_000360,APP0223,C0223,M1_SKILL_05,MODERATE,AGREED,"{""difference_types"":[],""disputed_evidence_ids"":[],""limited_evidence_ids"":[],""meaningful_conflict_refs"":[],""missing_evidence_ids"":[],""reason"":""동일 Skill의 독립된 직접 관찰로 수행 범위를 확인했다. 다른 맥락의 제한/모호성은 해당 근거의 한계로 보존한다."",""rubric_review"":""직접 관찰의 행동·검증을 검토하며 다른 맥락의 한계와 평가자 차이를 보존한다."",""supporting_observation_ids"":[""OB_FIRST_PANEL_02_ML_ENGINEER_EV_APP0223_FIRST_INTERVIEW_PRACTITIONER_QA_M1_SKILL_05"",""OB_FIRST_PANEL_02_HIRING_MANAGER_EV_APP0223_FIRST_INTERVIEW_PRACTITIONER_QA_M1_SKILL_05"",""OB_FIRST_PANEL_02_TECHNICAL_REVIEWER_EV_APP0223_FIRST_INTERVIEW_PRACTITIONER_QA_M1_SKILL_05""]}",CALIBRATION_PANEL_01,2026-12-25T10:15:00+09:00,SYNTHETIC_HUMAN_SCENARIO,M1_EVIDENCE_RUBRIC_V02
DC_APP0223_M1_SKILL_06_000361,APP0223,C0223,M1_SKILL_06,STRONG,AGREED,"{""difference_types"":[],""disputed_evidence_ids"":[],""limited_evidence_ids"":[],""meaningful_conflict_refs"":[],""missing_evidence_ids"":[],""reason"":""동일 Skill의 독립된 직접 관찰로 수행 범위를 확인했다. 다른 맥락의 제한/모호성은 해당 근거의 한계로 보존한다."",""rubric_review"":""직접 관찰의 행동·검증을 검토하며 다른 맥락의 한계와 평가자 차이를 보존한다."",""supporting_observation_ids"":[""OB_FIRST_PANEL_02_ML_ENGINEER_EV_APP0223_FIRST_INTERVIEW_PRACTITIONER_QA_M1_SKILL_06"",""OB_FIRST_PANEL_02_HIRING_MANAGER_EV_APP0223_FIRST_INTERVIEW_PRACTITIONER_QA_M1_SKILL_06"",""OB_FIRST_PANEL_02_TECHNICAL_REVIEWER_EV_APP0223_FIRST_INTERVIEW_PRACTITIONER_QA_M1_SKILL_06""]}",CALIBRATION_PANEL_01,2026-12-25T10:15:00+09:00,SYNTHETIC_HUMAN_SCENARIO,M1_EVIDENCE_RUBRIC_V02
DC_APP0223_M1_SKILL_07_000362,APP0223,C0223,M1_SKILL_07,STRONG,AGREED,"{""difference_types"":[],""disputed_evidence_ids"":[],""limited_evidence_ids"":[],""meaningful_conflict_refs"":[],""missing_evidence_ids"":[],""reason"":""동일 Skill의 독립된 직접 관찰로 수행 범위를 확인했다. 다른 맥락의 제한/모호성은 해당 근거의 한계로 보존한다."",""rubric_review"":""직접 관찰의 행동·검증을 검토하며 다른 맥락의 한계와 평가자 차이를 보존한다."",""supporting_observation_ids"":[""OB_FIRST_PANEL_02_ML_ENGINEER_EV_APP0223_FIRST_INTERVIEW_TECHNICAL_ASSESSMENT_M1_SKILL_07"",""OB_FIRST_PANEL_02_HIRING_MANAGER_EV_APP0223_FIRST_INTERVIEW_TECHNICAL_ASSESSMENT_M1_SKILL_07"",""OB_FIRST_PANEL_02_TECHNICAL_REVIEWER_EV_APP0223_FIRST_INTERVIEW_TECHNICAL_ASSESSMENT_M1_SKILL_07""]}",CALIBRATION_PANEL_01,2026-12-25T10:15:00+09:00,SYNTHETIC_HUMAN_SCENARIO,M1_EVIDENCE_RUBRIC_V02
DC_APP0223_M1_SKILL_08_000363,APP0223,C0223,M1_SKILL_08,,DISAGREEMENT_REMAINS,"{""difference_types"":[""EVALUATOR_DISAGREEMENT""],""disputed_evidence_ids"":[""EV_APP0223_FIRST_INTERVIEW_PRACTITIONER_QA_M1_SKILL_08""],""limited_evidence_ids"":[],""meaningful_conflict_refs"":[],""missing_evidence_ids"":[],""reason"":""동일 근거에 대한 평가자 해석 차이를 해소할 직접 관찰이 부족하다."",""rubric_review"":""직접 관찰의 행동·검증을 검토하며 다른 맥락의 한계와 평가자 차이를 보존한다."",""supporting_observation_ids"":[]}",CALIBRATION_PANEL_01,2026-12-25T10:15:00+09:00,SYNTHETIC_HUMAN_SCENARIO,M1_EVIDENCE_RUBRIC_V02
DC_APP0228_M1_SKILL_01_000364,APP0228,C0228,M1_SKILL_01,MODERATE,AGREED,"{""difference_types"":[],""disputed_evidence_ids"":[],""limited_evidence_ids"":[],""meaningful_conflict_refs"":[],""missing_evidence_ids"":[],""reason"":""동일 Skill의 독립된 직접 관찰로 수행 범위를 확인했다. 다른 맥락의 제한/모호성은 해당 근거의 한계로 보존한다."",""rubric_review"":""직접 관찰의 행동·검증을 검토하며 다른 맥락의 한계와 평가자 차이를 보존한다."",""supporting_observation_ids"":[""OB_FIRST_PANEL_03_ML_ENGINEER_EV_APP0228_FIRST_INTERVIEW_TECHNICAL_ASSESSMENT_M1_SKILL_01"",""OB_FIRST_PANEL_03_HIRING_MANAGER_EV_APP0228_FIRST_INTERVIEW_TECHNICAL_ASSESSMENT_M1_SKILL_01"",""OB_FIRST_PANEL_03_TECHNICAL_REVIEWER_EV_APP0228_FIRST_INTERVIEW_TECHNICAL_ASSESSMENT_M1_SKILL_01"",""OB_FIRST_PANEL_03_ML_ENGINEER_EV_APP0228_FIRST_INTERVIEW_AI_CASE_M1_SKILL_01"",""OB_FIRST_PANEL_03_HIRING_MANAGER_EV_APP0228_FIRST_INTERVIEW_AI_CASE_M1_SKILL_01"",""OB_FIRST_PANEL_03_TECHNICAL_REVIEWER_EV_APP0228_FIRST_INTERVIEW_AI_CASE_M1_SKILL_01""]}",CALIBRATION_PANEL_01,2026-12-26T10:15:00+09:00,SYNTHETIC_HUMAN_SCENARIO,M1_EVIDENCE_RUBRIC_V02
DC_APP0228_M1_SKILL_02_000365,APP0228,C0228,M1_SKILL_02,STRONG,AGREED,"{""difference_types"":[],""disputed_evidence_ids"":[],""limited_evidence_ids"":[],""meaningful_conflict_refs"":[],""missing_evidence_ids"":[],""reason"":""동일 Skill의 독립된 직접 관찰로 수행 범위를 확인했다. 다른 맥락의 제한/모호성은 해당 근거의 한계로 보존한다."",""rubric_review"":""직접 관찰의 행동·검증을 검토하며 다른 맥락의 한계와 평가자 차이를 보존한다."",""supporting_observation_ids"":[""OB_FIRST_PANEL_03_ML_ENGINEER_EV_APP0228_FIRST_INTERVIEW_TECHNICAL_ASSESSMENT_M1_SKILL_02"",""OB_FIRST_PANEL_03_HIRING_MANAGER_EV_APP0228_FIRST_INTERVIEW_TECHNICAL_ASSESSMENT_M1_SKILL_02"",""OB_FIRST_PANEL_03_TECHNICAL_REVIEWER_EV_APP0228_FIRST_INTERVIEW_TECHNICAL_ASSESSMENT_M1_SKILL_02""]}",CALIBRATION_PANEL_01,2026-12-26T10:15:00+09:00,SYNTHETIC_HUMAN_SCENARIO,M1_EVIDENCE_RUBRIC_V02
DC_APP0228_M1_SKILL_03_000366,APP0228,C0228,M1_SKILL_03,MODERATE,AGREED,"{""difference_types"":[""EVIDENCE_EVOLUTION""],""disputed_evidence_ids"":[],""limited_evidence_ids"":[],""meaningful_conflict_refs"":[],""missing_evidence_ids"":[],""reason"":""동일 Skill의 독립된 직접 관찰로 수행 범위를 확인했다. 다른 맥락의 제한/모호성은 해당 근거의 한계로 보존한다."",""rubric_review"":""직접 관찰의 행동·검증을 검토하며 다른 맥락의 한계와 평가자 차이를 보존한다."",""supporting_observation_ids"":[""OB_REVIEW_ML_01_EV_APP0228_PRE_ASSESSMENT_CODING_TEST_M1_SKILL_03"",""OB_REVIEW_HM_01_EV_APP0228_PRE_ASSESSMENT_CODING_TEST_M1_SKILL_03"",""OB_FIRST_PANEL_03_ML_ENGINEER_EV_APP0228_FIRST_INTERVIEW_AI_CASE_M1_SKILL_03"",""OB_FIRST_PANEL_03_HIRING_MANAGER_EV_APP0228_FIRST_INTERVIEW_AI_CASE_M1_SKILL_03"",""OB_FIRST_PANEL_03_TECHNICAL_REVIEWER_EV_APP0228_FIRST_INTERVIEW_AI_CASE_M1_SKILL_03""]}",CALIBRATION_PANEL_01,2026-12-26T10:15:00+09:00,SYNTHETIC_HUMAN_SCENARIO,M1_EVIDENCE_RUBRIC_V02
DC_APP0228_M1_SKILL_04_000367,APP0228,C0228,M1_SKILL_04,,DISAGREEMENT_REMAINS,"{""difference_types"":[""EVALUATOR_DISAGREEMENT""],""disputed_evidence_ids"":[""EV_APP0228_FIRST_INTERVIEW_PRACTITIONER_QA_M1_SKILL_04""],""limited_evidence_ids"":[],""meaningful_conflict_refs"":[],""missing_evidence_ids"":[],""reason"":""동일 근거에 대한 평가자 해석 차이를 해소할 직접 관찰이 부족하다."",""rubric_review"":""직접 관찰의 행동·검증을 검토하며 다른 맥락의 한계와 평가자 차이를 보존한다."",""supporting_observation_ids"":[]}",CALIBRATION_PANEL_01,2026-12-26T10:15:00+09:00,SYNTHETIC_HUMAN_SCENARIO,M1_EVIDENCE_RUBRIC_V02
DC_APP0228_M1_SKILL_05_000368,APP0228,C0228,M1_SKILL_05,MODERATE,AGREED,"{""difference_types"":[],""disputed_evidence_ids"":[],""limited_evidence_ids"":[],""meaningful_conflict_refs"":[],""missing_evidence_ids"":[],""reason"":""동일 Skill의 독립된 직접 관찰로 수행 범위를 확인했다. 다른 맥락의 제한/모호성은 해당 근거의 한계로 보존한다."",""rubric_review"":""직접 관찰의 행동·검증을 검토하며 다른 맥락의 한계와 평가자 차이를 보존한다."",""supporting_observation_ids"":[""OB_FIRST_PANEL_03_ML_ENGINEER_EV_APP0228_FIRST_INTERVIEW_PRACTITIONER_QA_M1_SKILL_05"",""OB_FIRST_PANEL_03_HIRING_MANAGER_EV_APP0228_FIRST_INTERVIEW_PRACTITIONER_QA_M1_SKILL_05"",""OB_FIRST_PANEL_03_TECHNICAL_REVIEWER_EV_APP0228_FIRST_INTERVIEW_PRACTITIONER_QA_M1_SKILL_05""]}",CALIBRATION_PANEL_01,2026-12-26T10:15:00+09:00,SYNTHETIC_HUMAN_SCENARIO,M1_EVIDENCE_RUBRIC_V02
DC_APP0228_M1_SKILL_06_000369,APP0228,C0228,M1_SKILL_06,STRONG,AGREED,"{""difference_types"":[],""disputed_evidence_ids"":[],""limited_evidence_ids"":[],""meaningful_conflict_refs"":[],""missing_evidence_ids"":[],""reason"":""동일 Skill의 독립된 직접 관찰로 수행 범위를 확인했다. 다른 맥락의 제한/모호성은 해당 근거의 한계로 보존한다."",""rubric_review"":""직접 관찰의 행동·검증을 검토하며 다른 맥락의 한계와 평가자 차이를 보존한다."",""supporting_observation_ids"":[""OB_FIRST_PANEL_03_ML_ENGINEER_EV_APP0228_FIRST_INTERVIEW_PRACTITIONER_QA_M1_SKILL_06"",""OB_FIRST_PANEL_03_HIRING_MANAGER_EV_APP0228_FIRST_INTERVIEW_PRACTITIONER_QA_M1_SKILL_06"",""OB_FIRST_PANEL_03_TECHNICAL_REVIEWER_EV_APP0228_FIRST_INTERVIEW_PRACTITIONER_QA_M1_SKILL_06""]}",CALIBRATION_PANEL_01,2026-12-26T10:15:00+09:00,SYNTHETIC_HUMAN_SCENARIO,M1_EVIDENCE_RUBRIC_V02
DC_APP0228_M1_SKILL_07_000370,APP0228,C0228,M1_SKILL_07,,DISAGREEMENT_REMAINS,"{""difference_types"":[""EVALUATOR_DISAGREEMENT""],""disputed_evidence_ids"":[""EV_APP0228_FIRST_INTERVIEW_TECHNICAL_ASSESSMENT_M1_SKILL_07""],""limited_evidence_ids"":[],""meaningful_conflict_refs"":[],""missing_evidence_ids"":[],""reason"":""동일 근거에 대한 평가자 해석 차이를 해소할 직접 관찰이 부족하다."",""rubric_review"":""직접 관찰의 행동·검증을 검토하며 다른 맥락의 한계와 평가자 차이를 보존한다."",""supporting_observation_ids"":[]}",CALIBRATION_PANEL_01,2026-12-26T10:15:00+09:00,SYNTHETIC_HUMAN_SCENARIO,M1_EVIDENCE_RUBRIC_V02
DC_APP0228_M1_SKILL_08_000371,APP0228,C0228,M1_SKILL_08,,INSUFFICIENT_EVIDENCE,"{""difference_types"":[],""disputed_evidence_ids"":[],""limited_evidence_ids"":[],""meaningful_conflict_refs"":[],""missing_evidence_ids"":[""EV_APP0228_FIRST_INTERVIEW_PRACTITIONER_QA_M1_SKILL_08""],""reason"":""직접 판단 근거 부족. 미관찰을 역량 부재로 해석하지 않는다."",""rubric_review"":""직접 관찰의 행동·검증을 검토하며 다른 맥락의 한계와 평가자 차이를 보존한다."",""supporting_observation_ids"":[]}",CALIBRATION_PANEL_01,2026-12-26T10:15:00+09:00,SYNTHETIC_HUMAN_SCENARIO,M1_EVIDENCE_RUBRIC_V02
DC_APP0235_M1_SKILL_01_000372,APP0235,C0235,M1_SKILL_01,MODERATE,AGREED,"{""difference_types"":[""EVIDENCE_EVOLUTION""],""disputed_evidence_ids"":[],""limited_evidence_ids"":[],""meaningful_conflict_refs"":[],""missing_evidence_ids"":[],""reason"":""동일 Skill의 독립된 직접 관찰로 수행 범위를 확인했다. 다른 맥락의 제한/모호성은 해당 근거의 한계로 보존한다."",""rubric_review"":""직접 관찰의 행동·검증을 검토하며 다른 맥락의 한계와 평가자 차이를 보존한다."",""supporting_observation_ids"":[""OB_FIRST_PANEL_04_ML_ENGINEER_EV_APP0235_FIRST_INTERVIEW_TECHNICAL_ASSESSMENT_M1_SKILL_01"",""OB_FIRST_PANEL_04_HIRING_MANAGER_EV_APP0235_FIRST_INTERVIEW_TECHNICAL_ASSESSMENT_M1_SKILL_01"",""OB_FIRST_PANEL_04_TECHNICAL_REVIEWER_EV_APP0235_FIRST_INTERVIEW_TECHNICAL_ASSESSMENT_M1_SKILL_01"",""OB_FIRST_PANEL_04_ML_ENGINEER_EV_APP0235_FIRST_INTERVIEW_AI_CASE_M1_SKILL_01"",""OB_FIRST_PANEL_04_HIRING_MANAGER_EV_APP0235_FIRST_INTERVIEW_AI_CASE_M1_SKILL_01"",""OB_FIRST_PANEL_04_TECHNICAL_REVIEWER_EV_APP0235_FIRST_INTERVIEW_AI_CASE_M1_SKILL_01""]}",CALIBRATION_PANEL_01,2026-12-29T10:15:00+09:00,SYNTHETIC_HUMAN_SCENARIO,M1_EVIDENCE_RUBRIC_V02
DC_APP0235_M1_SKILL_02_000373,APP0235,C0235,M1_SKILL_02,,INSUFFICIENT_EVIDENCE,"{""difference_types"":[],""disputed_evidence_ids"":[],""limited_evidence_ids"":[],""meaningful_conflict_refs"":[],""missing_evidence_ids"":[""EV_APP0235_FIRST_INTERVIEW_TECHNICAL_ASSESSMENT_M1_SKILL_02""],""reason"":""직접 판단 근거 부족. 미관찰을 역량 부재로 해석하지 않는다."",""rubric_review"":""직접 관찰의 행동·검증을 검토하며 다른 맥락의 한계와 평가자 차이를 보존한다."",""supporting_observation_ids"":[]}",CALIBRATION_PANEL_01,2026-12-29T10:15:00+09:00,SYNTHETIC_HUMAN_SCENARIO,M1_EVIDENCE_RUBRIC_V02
DC_APP0235_M1_SKILL_03_000374,APP0235,C0235,M1_SKILL_03,STRONG,AGREED,"{""difference_types"":[""EVIDENCE_EVOLUTION""],""disputed_evidence_ids"":[],""limited_evidence_ids"":[],""meaningful_conflict_refs"":[],""missing_evidence_ids"":[],""reason"":""동일 Skill의 독립된 직접 관찰로 수행 범위를 확인했다. 다른 맥락의 제한/모호성은 해당 근거의 한계로 보존한다."",""rubric_review"":""직접 관찰의 행동·검증을 검토하며 다른 맥락의 한계와 평가자 차이를 보존한다."",""supporting_observation_ids"":[""OB_REVIEW_ML_01_EV_APP0235_PRE_ASSESSMENT_CODING_TEST_M1_SKILL_03"",""OB_REVIEW_HM_01_EV_APP0235_PRE_ASSESSMENT_CODING_TEST_M1_SKILL_03"",""OB_FIRST_PANEL_04_ML_ENGINEER_EV_APP0235_FIRST_INTERVIEW_AI_CASE_M1_SKILL_03"",""OB_FIRST_PANEL_04_HIRING_MANAGER_EV_APP0235_FIRST_INTERVIEW_AI_CASE_M1_SKILL_03"",""OB_FIRST_PANEL_04_TECHNICAL_REVIEWER_EV_APP0235_FIRST_INTERVIEW_AI_CASE_M1_SKILL_03""]}",CALIBRATION_PANEL_01,2026-12-29T10:15:00+09:00,SYNTHETIC_HUMAN_SCENARIO,M1_EVIDENCE_RUBRIC_V02
DC_APP0235_M1_SKILL_04_000375,APP0235,C0235,M1_SKILL_04,MODERATE,AGREED,"{""difference_types"":[],""disputed_evidence_ids"":[],""limited_evidence_ids"":[],""meaningful_conflict_refs"":[],""missing_evidence_ids"":[],""reason"":""동일 Skill의 독립된 직접 관찰로 수행 범위를 확인했다. 다른 맥락의 제한/모호성은 해당 근거의 한계로 보존한다."",""rubric_review"":""직접 관찰의 행동·검증을 검토하며 다른 맥락의 한계와 평가자 차이를 보존한다."",""supporting_observation_ids"":[""OB_FIRST_PANEL_04_ML_ENGINEER_EV_APP0235_FIRST_INTERVIEW_PRACTITIONER_QA_M1_SKILL_04"",""OB_FIRST_PANEL_04_HIRING_MANAGER_EV_APP0235_FIRST_INTERVIEW_PRACTITIONER_QA_M1_SKILL_04"",""OB_FIRST_PANEL_04_TECHNICAL_REVIEWER_EV_APP0235_FIRST_INTERVIEW_PRACTITIONER_QA_M1_SKILL_04""]}",CALIBRATION_PANEL_01,2026-12-29T10:15:00+09:00,SYNTHETIC_HUMAN_SCENARIO,M1_EVIDENCE_RUBRIC_V02
DC_APP0235_M1_SKILL_05_000376,APP0235,C0235,M1_SKILL_05,,INSUFFICIENT_EVIDENCE,"{""difference_types"":[],""disputed_evidence_ids"":[],""limited_evidence_ids"":[],""meaningful_conflict_refs"":[],""missing_evidence_ids"":[""EV_APP0235_FIRST_INTERVIEW_PRACTITIONER_QA_M1_SKILL_05""],""reason"":""직접 판단 근거 부족. 미관찰을 역량 부재로 해석하지 않는다."",""rubric_review"":""직접 관찰의 행동·검증을 검토하며 다른 맥락의 한계와 평가자 차이를 보존한다."",""supporting_observation_ids"":[]}",CALIBRATION_PANEL_01,2026-12-29T10:15:00+09:00,SYNTHETIC_HUMAN_SCENARIO,M1_EVIDENCE_RUBRIC_V02
DC_APP0235_M1_SKILL_06_000377,APP0235,C0235,M1_SKILL_06,,DISAGREEMENT_REMAINS,"{""difference_types"":[""EVALUATOR_DISAGREEMENT""],""disputed_evidence_ids"":[""EV_APP0235_FIRST_INTERVIEW_PRACTITIONER_QA_M1_SKILL_06""],""limited_evidence_ids"":[],""meaningful_conflict_refs"":[],""missing_evidence_ids"":[],""reason"":""동일 근거에 대한 평가자 해석 차이를 해소할 직접 관찰이 부족하다."",""rubric_review"":""직접 관찰의 행동·검증을 검토하며 다른 맥락의 한계와 평가자 차이를 보존한다."",""supporting_observation_ids"":[]}",CALIBRATION_PANEL_01,2026-12-29T10:15:00+09:00,SYNTHETIC_HUMAN_SCENARIO,M1_EVIDENCE_RUBRIC_V02
DC_APP0235_M1_SKILL_07_000378,APP0235,C0235,M1_SKILL_07,,INSUFFICIENT_EVIDENCE,"{""difference_types"":[],""disputed_evidence_ids"":[],""limited_evidence_ids"":[],""meaningful_conflict_refs"":[],""missing_evidence_ids"":[""EV_APP0235_FIRST_INTERVIEW_TECHNICAL_ASSESSMENT_M1_SKILL_07""],""reason"":""직접 판단 근거 부족. 미관찰을 역량 부재로 해석하지 않는다."",""rubric_review"":""직접 관찰의 행동·검증을 검토하며 다른 맥락의 한계와 평가자 차이를 보존한다."",""supporting_observation_ids"":[]}",CALIBRATION_PANEL_01,2026-12-29T10:15:00+09:00,SYNTHETIC_HUMAN_SCENARIO,M1_EVIDENCE_RUBRIC_V02
DC_APP0235_M1_SKILL_08_000379,APP0235,C0235,M1_SKILL_08,MODERATE,AGREED,"{""difference_types"":[],""disputed_evidence_ids"":[],""limited_evidence_ids"":[],""meaningful_conflict_refs"":[],""missing_evidence_ids"":[],""reason"":""동일 Skill의 독립된 직접 관찰로 수행 범위를 확인했다. 다른 맥락의 제한/모호성은 해당 근거의 한계로 보존한다."",""rubric_review"":""직접 관찰의 행동·검증을 검토하며 다른 맥락의 한계와 평가자 차이를 보존한다."",""supporting_observation_ids"":[""OB_FIRST_PANEL_04_ML_ENGINEER_EV_APP0235_FIRST_INTERVIEW_PRACTITIONER_QA_M1_SKILL_08"",""OB_FIRST_PANEL_04_HIRING_MANAGER_EV_APP0235_FIRST_INTERVIEW_PRACTITIONER_QA_M1_SKILL_08"",""OB_FIRST_PANEL_04_TECHNICAL_REVIEWER_EV_APP0235_FIRST_INTERVIEW_PRACTITIONER_QA_M1_SKILL_08""]}",CALIBRATION_PANEL_01,2026-12-29T10:15:00+09:00,SYNTHETIC_HUMAN_SCENARIO,M1_EVIDENCE_RUBRIC_V02
DC_APP0237_M1_SKILL_01_000380,APP0237,C0237,M1_SKILL_01,MODERATE,AGREED,"{""difference_types"":[""EVIDENCE_EVOLUTION"",""CONTEXT_DIFFERENCE""],""disputed_evidence_ids"":[],""limited_evidence_ids"":[""EV_APP0237_FIRST_INTERVIEW_AI_CASE_M1_SKILL_01""],""meaningful_conflict_refs"":[],""missing_evidence_ids"":[],""reason"":""동일 Skill의 독립된 직접 관찰로 수행 범위를 확인했다. 다른 맥락의 제한/모호성은 해당 근거의 한계로 보존한다."",""rubric_review"":""직접 관찰의 행동·검증을 검토하며 다른 맥락의 한계와 평가자 차이를 보존한다."",""supporting_observation_ids"":[""OB_FIRST_PANEL_05_ML_ENGINEER_EV_APP0237_FIRST_INTERVIEW_TECHNICAL_ASSESSMENT_M1_SKILL_01"",""OB_FIRST_PANEL_05_HIRING_MANAGER_EV_APP0237_FIRST_INTERVIEW_TECHNICAL_ASSESSMENT_M1_SKILL_01"",""OB_FIRST_PANEL_05_TECHNICAL_REVIEWER_EV_APP0237_FIRST_INTERVIEW_TECHNICAL_ASSESSMENT_M1_SKILL_01""]}",CALIBRATION_PANEL_01,2026-12-29T10:00:00+09:00,SYNTHETIC_HUMAN_SCENARIO,M1_EVIDENCE_RUBRIC_V02
DC_APP0237_M1_SKILL_02_000381,APP0237,C0237,M1_SKILL_02,LIMITED,AGREED,"{""difference_types"":[],""disputed_evidence_ids"":[],""limited_evidence_ids"":[""EV_APP0237_FIRST_INTERVIEW_TECHNICAL_ASSESSMENT_M1_SKILL_02""],""meaningful_conflict_refs"":[],""missing_evidence_ids"":[],""reason"":""관찰된 직접 근거의 범위가 제한적이다. 자기기술만으로 보완하지 않는다."",""rubric_review"":""직접 관찰의 행동·검증을 검토하며 다른 맥락의 한계와 평가자 차이를 보존한다."",""supporting_observation_ids"":[""OB_FIRST_PANEL_05_ML_ENGINEER_EV_APP0237_FIRST_INTERVIEW_TECHNICAL_ASSESSMENT_M1_SKILL_02"",""OB_FIRST_PANEL_05_HIRING_MANAGER_EV_APP0237_FIRST_INTERVIEW_TECHNICAL_ASSESSMENT_M1_SKILL_02"",""OB_FIRST_PANEL_05_TECHNICAL_REVIEWER_EV_APP0237_FIRST_INTERVIEW_TECHNICAL_ASSESSMENT_M1_SKILL_02""]}",CALIBRATION_PANEL_01,2026-12-29T10:00:00+09:00,SYNTHETIC_HUMAN_SCENARIO,M1_EVIDENCE_RUBRIC_V02
DC_APP0237_M1_SKILL_03_000382,APP0237,C0237,M1_SKILL_03,,INSUFFICIENT_EVIDENCE,"{""difference_types"":[],""disputed_evidence_ids"":[],""limited_evidence_ids"":[],""meaningful_conflict_refs"":[],""missing_evidence_ids"":[""EV_APP0237_PRE_ASSESSMENT_CODING_TEST_M1_SKILL_03"",""EV_APP0237_FIRST_INTERVIEW_AI_CASE_M1_SKILL_03""],""reason"":""직접 판단 근거 부족. 미관찰을 역량 부재로 해석하지 않는다."",""rubric_review"":""직접 관찰의 행동·검증을 검토하며 다른 맥락의 한계와 평가자 차이를 보존한다."",""supporting_observation_ids"":[]}",CALIBRATION_PANEL_01,2026-12-29T10:00:00+09:00,SYNTHETIC_HUMAN_SCENARIO,M1_EVIDENCE_RUBRIC_V02
DC_APP0237_M1_SKILL_04_000383,APP0237,C0237,M1_SKILL_04,MODERATE,AGREED,"{""difference_types"":[],""disputed_evidence_ids"":[],""limited_evidence_ids"":[],""meaningful_conflict_refs"":[],""missing_evidence_ids"":[],""reason"":""동일 Skill의 독립된 직접 관찰로 수행 범위를 확인했다. 다른 맥락의 제한/모호성은 해당 근거의 한계로 보존한다."",""rubric_review"":""직접 관찰의 행동·검증을 검토하며 다른 맥락의 한계와 평가자 차이를 보존한다."",""supporting_observation_ids"":[""OB_FIRST_PANEL_05_ML_ENGINEER_EV_APP0237_FIRST_INTERVIEW_PRACTITIONER_QA_M1_SKILL_04"",""OB_FIRST_PANEL_05_HIRING_MANAGER_EV_APP0237_FIRST_INTERVIEW_PRACTITIONER_QA_M1_SKILL_04"",""OB_FIRST_PANEL_05_TECHNICAL_REVIEWER_EV_APP0237_FIRST_INTERVIEW_PRACTITIONER_QA_M1_SKILL_04""]}",CALIBRATION_PANEL_01,2026-12-29T10:00:00+09:00,SYNTHETIC_HUMAN_SCENARIO,M1_EVIDENCE_RUBRIC_V02
DC_APP0237_M1_SKILL_05_000384,APP0237,C0237,M1_SKILL_05,MODERATE,AGREED,"{""difference_types"":[],""disputed_evidence_ids"":[],""limited_evidence_ids"":[],""meaningful_conflict_refs"":[],""missing_evidence_ids"":[],""reason"":""동일 Skill의 독립된 직접 관찰로 수행 범위를 확인했다. 다른 맥락의 제한/모호성은 해당 근거의 한계로 보존한다."",""rubric_review"":""직접 관찰의 행동·검증을 검토하며 다른 맥락의 한계와 평가자 차이를 보존한다."",""supporting_observation_ids"":[""OB_FIRST_PANEL_05_ML_ENGINEER_EV_APP0237_FIRST_INTERVIEW_PRACTITIONER_QA_M1_SKILL_05"",""OB_FIRST_PANEL_05_HIRING_MANAGER_EV_APP0237_FIRST_INTERVIEW_PRACTITIONER_QA_M1_SKILL_05"",""OB_FIRST_PANEL_05_TECHNICAL_REVIEWER_EV_APP0237_FIRST_INTERVIEW_PRACTITIONER_QA_M1_SKILL_05""]}",CALIBRATION_PANEL_01,2026-12-29T10:00:00+09:00,SYNTHETIC_HUMAN_SCENARIO,M1_EVIDENCE_RUBRIC_V02
DC_APP0237_M1_SKILL_06_000385,APP0237,C0237,M1_SKILL_06,STRONG,AGREED,"{""difference_types"":[],""disputed_evidence_ids"":[],""limited_evidence_ids"":[],""meaningful_conflict_refs"":[],""missing_evidence_ids"":[],""reason"":""동일 Skill의 독립된 직접 관찰로 수행 범위를 확인했다. 다른 맥락의 제한/모호성은 해당 근거의 한계로 보존한다."",""rubric_review"":""직접 관찰의 행동·검증을 검토하며 다른 맥락의 한계와 평가자 차이를 보존한다."",""supporting_observation_ids"":[""OB_FIRST_PANEL_05_ML_ENGINEER_EV_APP0237_FIRST_INTERVIEW_PRACTITIONER_QA_M1_SKILL_06"",""OB_FIRST_PANEL_05_HIRING_MANAGER_EV_APP0237_FIRST_INTERVIEW_PRACTITIONER_QA_M1_SKILL_06"",""OB_FIRST_PANEL_05_TECHNICAL_REVIEWER_EV_APP0237_FIRST_INTERVIEW_PRACTITIONER_QA_M1_SKILL_06""]}",CALIBRATION_PANEL_01,2026-12-29T10:00:00+09:00,SYNTHETIC_HUMAN_SCENARIO,M1_EVIDENCE_RUBRIC_V02
DC_APP0237_M1_SKILL_07_000386,APP0237,C0237,M1_SKILL_07,STRONG,AGREED,"{""difference_types"":[],""disputed_evidence_ids"":[],""limited_evidence_ids"":[],""meaningful_conflict_refs"":[],""missing_evidence_ids"":[],""reason"":""동일 Skill의 독립된 직접 관찰로 수행 범위를 확인했다. 다른 맥락의 제한/모호성은 해당 근거의 한계로 보존한다."",""rubric_review"":""직접 관찰의 행동·검증을 검토하며 다른 맥락의 한계와 평가자 차이를 보존한다."",""supporting_observation_ids"":[""OB_FIRST_PANEL_05_ML_ENGINEER_EV_APP0237_FIRST_INTERVIEW_TECHNICAL_ASSESSMENT_M1_SKILL_07"",""OB_FIRST_PANEL_05_HIRING_MANAGER_EV_APP0237_FIRST_INTERVIEW_TECHNICAL_ASSESSMENT_M1_SKILL_07"",""OB_FIRST_PANEL_05_TECHNICAL_REVIEWER_EV_APP0237_FIRST_INTERVIEW_TECHNICAL_ASSESSMENT_M1_SKILL_07""]}",CALIBRATION_PANEL_01,2026-12-29T10:00:00+09:00,SYNTHETIC_HUMAN_SCENARIO,M1_EVIDENCE_RUBRIC_V02
DC_APP0237_M1_SKILL_08_000387,APP0237,C0237,M1_SKILL_08,,INSUFFICIENT_EVIDENCE,"{""difference_types"":[],""disputed_evidence_ids"":[],""limited_evidence_ids"":[],""meaningful_conflict_refs"":[],""missing_evidence_ids"":[""EV_APP0237_FIRST_INTERVIEW_PRACTITIONER_QA_M1_SKILL_08""],""reason"":""직접 판단 근거 부족. 미관찰을 역량 부재로 해석하지 않는다."",""rubric_review"":""직접 관찰의 행동·검증을 검토하며 다른 맥락의 한계와 평가자 차이를 보존한다."",""supporting_observation_ids"":[]}",CALIBRATION_PANEL_01,2026-12-29T10:00:00+09:00,SYNTHETIC_HUMAN_SCENARIO,M1_EVIDENCE_RUBRIC_V02
DC_APP0238_M1_SKILL_01_000388,APP0238,C0238,M1_SKILL_01,STRONG,AGREED,"{""difference_types"":[""EVIDENCE_EVOLUTION""],""disputed_evidence_ids"":[],""limited_evidence_ids"":[],""meaningful_conflict_refs"":[],""missing_evidence_ids"":[],""reason"":""동일 Skill의 독립된 직접 관찰로 수행 범위를 확인했다. 다른 맥락의 제한/모호성은 해당 근거의 한계로 보존한다."",""rubric_review"":""직접 관찰의 행동·검증을 검토하며 다른 맥락의 한계와 평가자 차이를 보존한다."",""supporting_observation_ids"":[""OB_FIRST_PANEL_06_ML_ENGINEER_EV_APP0238_FIRST_INTERVIEW_TECHNICAL_ASSESSMENT_M1_SKILL_01"",""OB_FIRST_PANEL_06_HIRING_MANAGER_EV_APP0238_FIRST_INTERVIEW_TECHNICAL_ASSESSMENT_M1_SKILL_01"",""OB_FIRST_PANEL_06_TECHNICAL_REVIEWER_EV_APP0238_FIRST_INTERVIEW_TECHNICAL_ASSESSMENT_M1_SKILL_01"",""OB_FIRST_PANEL_06_ML_ENGINEER_EV_APP0238_FIRST_INTERVIEW_AI_CASE_M1_SKILL_01"",""OB_FIRST_PANEL_06_HIRING_MANAGER_EV_APP0238_FIRST_INTERVIEW_AI_CASE_M1_SKILL_01"",""OB_FIRST_PANEL_06_TECHNICAL_REVIEWER_EV_APP0238_FIRST_INTERVIEW_AI_CASE_M1_SKILL_01""]}",CALIBRATION_PANEL_01,2026-12-27T10:15:00+09:00,SYNTHETIC_HUMAN_SCENARIO,M1_EVIDENCE_RUBRIC_V02
DC_APP0238_M1_SKILL_02_000389,APP0238,C0238,M1_SKILL_02,MODERATE,AGREED,"{""difference_types"":[],""disputed_evidence_ids"":[],""limited_evidence_ids"":[],""meaningful_conflict_refs"":[],""missing_evidence_ids"":[],""reason"":""동일 Skill의 독립된 직접 관찰로 수행 범위를 확인했다. 다른 맥락의 제한/모호성은 해당 근거의 한계로 보존한다."",""rubric_review"":""직접 관찰의 행동·검증을 검토하며 다른 맥락의 한계와 평가자 차이를 보존한다."",""supporting_observation_ids"":[""OB_FIRST_PANEL_06_ML_ENGINEER_EV_APP0238_FIRST_INTERVIEW_TECHNICAL_ASSESSMENT_M1_SKILL_02"",""OB_FIRST_PANEL_06_HIRING_MANAGER_EV_APP0238_FIRST_INTERVIEW_TECHNICAL_ASSESSMENT_M1_SKILL_02"",""OB_FIRST_PANEL_06_TECHNICAL_REVIEWER_EV_APP0238_FIRST_INTERVIEW_TECHNICAL_ASSESSMENT_M1_SKILL_02""]}",CALIBRATION_PANEL_01,2026-12-27T10:15:00+09:00,SYNTHETIC_HUMAN_SCENARIO,M1_EVIDENCE_RUBRIC_V02
DC_APP0238_M1_SKILL_03_000390,APP0238,C0238,M1_SKILL_03,MODERATE,AGREED,"{""difference_types"":[""EVIDENCE_EVOLUTION""],""disputed_evidence_ids"":[],""limited_evidence_ids"":[],""meaningful_conflict_refs"":[],""missing_evidence_ids"":[],""reason"":""동일 Skill의 독립된 직접 관찰로 수행 범위를 확인했다. 다른 맥락의 제한/모호성은 해당 근거의 한계로 보존한다."",""rubric_review"":""직접 관찰의 행동·검증을 검토하며 다른 맥락의 한계와 평가자 차이를 보존한다."",""supporting_observation_ids"":[""OB_REVIEW_ML_01_EV_APP0238_PRE_ASSESSMENT_CODING_TEST_M1_SKILL_03"",""OB_REVIEW_HM_01_EV_APP0238_PRE_ASSESSMENT_CODING_TEST_M1_SKILL_03"",""OB_FIRST_PANEL_06_ML_ENGINEER_EV_APP0238_FIRST_INTERVIEW_AI_CASE_M1_SKILL_03"",""OB_FIRST_PANEL_06_HIRING_MANAGER_EV_APP0238_FIRST_INTERVIEW_AI_CASE_M1_SKILL_03"",""OB_FIRST_PANEL_06_TECHNICAL_REVIEWER_EV_APP0238_FIRST_INTERVIEW_AI_CASE_M1_SKILL_03""]}",CALIBRATION_PANEL_01,2026-12-27T10:15:00+09:00,SYNTHETIC_HUMAN_SCENARIO,M1_EVIDENCE_RUBRIC_V02
DC_APP0238_M1_SKILL_04_000391,APP0238,C0238,M1_SKILL_04,LIMITED,AGREED,"{""difference_types"":[],""disputed_evidence_ids"":[],""limited_evidence_ids"":[""EV_APP0238_FIRST_INTERVIEW_PRACTITIONER_QA_M1_SKILL_04""],""meaningful_conflict_refs"":[],""missing_evidence_ids"":[],""reason"":""관찰된 직접 근거의 범위가 제한적이다. 자기기술만으로 보완하지 않는다."",""rubric_review"":""직접 관찰의 행동·검증을 검토하며 다른 맥락의 한계와 평가자 차이를 보존한다."",""supporting_observation_ids"":[""OB_FIRST_PANEL_06_ML_ENGINEER_EV_APP0238_FIRST_INTERVIEW_PRACTITIONER_QA_M1_SKILL_04"",""OB_FIRST_PANEL_06_HIRING_MANAGER_EV_APP0238_FIRST_INTERVIEW_PRACTITIONER_QA_M1_SKILL_04"",""OB_FIRST_PANEL_06_TECHNICAL_REVIEWER_EV_APP0238_FIRST_INTERVIEW_PRACTITIONER_QA_M1_SKILL_04""]}",CALIBRATION_PANEL_01,2026-12-27T10:15:00+09:00,SYNTHETIC_HUMAN_SCENARIO,M1_EVIDENCE_RUBRIC_V02
DC_APP0238_M1_SKILL_05_000392,APP0238,C0238,M1_SKILL_05,MODERATE,AGREED,"{""difference_types"":[],""disputed_evidence_ids"":[],""limited_evidence_ids"":[],""meaningful_conflict_refs"":[],""missing_evidence_ids"":[],""reason"":""동일 Skill의 독립된 직접 관찰로 수행 범위를 확인했다. 다른 맥락의 제한/모호성은 해당 근거의 한계로 보존한다."",""rubric_review"":""직접 관찰의 행동·검증을 검토하며 다른 맥락의 한계와 평가자 차이를 보존한다."",""supporting_observation_ids"":[""OB_FIRST_PANEL_06_ML_ENGINEER_EV_APP0238_FIRST_INTERVIEW_PRACTITIONER_QA_M1_SKILL_05"",""OB_FIRST_PANEL_06_HIRING_MANAGER_EV_APP0238_FIRST_INTERVIEW_PRACTITIONER_QA_M1_SKILL_05"",""OB_FIRST_PANEL_06_TECHNICAL_REVIEWER_EV_APP0238_FIRST_INTERVIEW_PRACTITIONER_QA_M1_SKILL_05""]}",CALIBRATION_PANEL_01,2026-12-27T10:15:00+09:00,SYNTHETIC_HUMAN_SCENARIO,M1_EVIDENCE_RUBRIC_V02
DC_APP0238_M1_SKILL_06_000393,APP0238,C0238,M1_SKILL_06,,DISAGREEMENT_REMAINS,"{""difference_types"":[""EVALUATOR_DISAGREEMENT""],""disputed_evidence_ids"":[""EV_APP0238_FIRST_INTERVIEW_PRACTITIONER_QA_M1_SKILL_06""],""limited_evidence_ids"":[],""meaningful_conflict_refs"":[],""missing_evidence_ids"":[],""reason"":""동일 근거에 대한 평가자 해석 차이를 해소할 직접 관찰이 부족하다."",""rubric_review"":""직접 관찰의 행동·검증을 검토하며 다른 맥락의 한계와 평가자 차이를 보존한다."",""supporting_observation_ids"":[]}",CALIBRATION_PANEL_01,2026-12-27T10:15:00+09:00,SYNTHETIC_HUMAN_SCENARIO,M1_EVIDENCE_RUBRIC_V02
DC_APP0238_M1_SKILL_07_000394,APP0238,C0238,M1_SKILL_07,,INSUFFICIENT_EVIDENCE,"{""difference_types"":[],""disputed_evidence_ids"":[],""limited_evidence_ids"":[],""meaningful_conflict_refs"":[],""missing_evidence_ids"":[""EV_APP0238_FIRST_INTERVIEW_TECHNICAL_ASSESSMENT_M1_SKILL_07""],""reason"":""직접 판단 근거 부족. 미관찰을 역량 부재로 해석하지 않는다."",""rubric_review"":""직접 관찰의 행동·검증을 검토하며 다른 맥락의 한계와 평가자 차이를 보존한다."",""supporting_observation_ids"":[]}",CALIBRATION_PANEL_01,2026-12-27T10:15:00+09:00,SYNTHETIC_HUMAN_SCENARIO,M1_EVIDENCE_RUBRIC_V02
DC_APP0238_M1_SKILL_08_000395,APP0238,C0238,M1_SKILL_08,,INSUFFICIENT_EVIDENCE,"{""difference_types"":[],""disputed_evidence_ids"":[],""limited_evidence_ids"":[],""meaningful_conflict_refs"":[],""missing_evidence_ids"":[""EV_APP0238_FIRST_INTERVIEW_PRACTITIONER_QA_M1_SKILL_08""],""reason"":""직접 판단 근거 부족. 미관찰을 역량 부재로 해석하지 않는다."",""rubric_review"":""직접 관찰의 행동·검증을 검토하며 다른 맥락의 한계와 평가자 차이를 보존한다."",""supporting_observation_ids"":[]}",CALIBRATION_PANEL_01,2026-12-27T10:15:00+09:00,SYNTHETIC_HUMAN_SCENARIO,M1_EVIDENCE_RUBRIC_V02
DC_APP0258_M1_SKILL_01_000396,APP0258,C0258,M1_SKILL_01,STRONG,AGREED,"{""difference_types"":[""EVIDENCE_EVOLUTION"",""EVALUATOR_DISAGREEMENT""],""disputed_evidence_ids"":[""EV_APP0258_FIRST_INTERVIEW_AI_CASE_M1_SKILL_01""],""limited_evidence_ids"":[],""meaningful_conflict_refs"":[],""missing_evidence_ids"":[],""reason"":""동일 Skill의 독립된 직접 관찰로 수행 범위를 확인했다. 다른 맥락의 제한/모호성은 해당 근거의 한계로 보존한다."",""rubric_review"":""직접 관찰의 행동·검증을 검토하며 다른 맥락의 한계와 평가자 차이를 보존한다."",""supporting_observation_ids"":[""OB_FIRST_PANEL_08_ML_ENGINEER_EV_APP0258_FIRST_INTERVIEW_TECHNICAL_ASSESSMENT_M1_SKILL_01"",""OB_FIRST_PANEL_08_HIRING_MANAGER_EV_APP0258_FIRST_INTERVIEW_TECHNICAL_ASSESSMENT_M1_SKILL_01"",""OB_FIRST_PANEL_08_TECHNICAL_REVIEWER_EV_APP0258_FIRST_INTERVIEW_TECHNICAL_ASSESSMENT_M1_SKILL_01""]}",CALIBRATION_PANEL_01,2026-12-29T10:15:00+09:00,SYNTHETIC_HUMAN_SCENARIO,M1_EVIDENCE_RUBRIC_V02
DC_APP0258_M1_SKILL_02_000397,APP0258,C0258,M1_SKILL_02,MODERATE,AGREED,"{""difference_types"":[],""disputed_evidence_ids"":[],""limited_evidence_ids"":[],""meaningful_conflict_refs"":[],""missing_evidence_ids"":[],""reason"":""동일 Skill의 독립된 직접 관찰로 수행 범위를 확인했다. 다른 맥락의 제한/모호성은 해당 근거의 한계로 보존한다."",""rubric_review"":""직접 관찰의 행동·검증을 검토하며 다른 맥락의 한계와 평가자 차이를 보존한다."",""supporting_observation_ids"":[""OB_FIRST_PANEL_08_ML_ENGINEER_EV_APP0258_FIRST_INTERVIEW_TECHNICAL_ASSESSMENT_M1_SKILL_02"",""OB_FIRST_PANEL_08_HIRING_MANAGER_EV_APP0258_FIRST_INTERVIEW_TECHNICAL_ASSESSMENT_M1_SKILL_02"",""OB_FIRST_PANEL_08_TECHNICAL_REVIEWER_EV_APP0258_FIRST_INTERVIEW_TECHNICAL_ASSESSMENT_M1_SKILL_02""]}",CALIBRATION_PANEL_01,2026-12-29T10:15:00+09:00,SYNTHETIC_HUMAN_SCENARIO,M1_EVIDENCE_RUBRIC_V02
DC_APP0258_M1_SKILL_03_000398,APP0258,C0258,M1_SKILL_03,MODERATE,AGREED,"{""difference_types"":[""EVIDENCE_EVOLUTION""],""disputed_evidence_ids"":[],""limited_evidence_ids"":[],""meaningful_conflict_refs"":[],""missing_evidence_ids"":[],""reason"":""동일 Skill의 독립된 직접 관찰로 수행 범위를 확인했다. 다른 맥락의 제한/모호성은 해당 근거의 한계로 보존한다."",""rubric_review"":""직접 관찰의 행동·검증을 검토하며 다른 맥락의 한계와 평가자 차이를 보존한다."",""supporting_observation_ids"":[""OB_REVIEW_ML_01_EV_APP0258_PRE_ASSESSMENT_CODING_TEST_M1_SKILL_03"",""OB_REVIEW_HM_01_EV_APP0258_PRE_ASSESSMENT_CODING_TEST_M1_SKILL_03"",""OB_FIRST_PANEL_08_ML_ENGINEER_EV_APP0258_FIRST_INTERVIEW_AI_CASE_M1_SKILL_03"",""OB_FIRST_PANEL_08_HIRING_MANAGER_EV_APP0258_FIRST_INTERVIEW_AI_CASE_M1_SKILL_03"",""OB_FIRST_PANEL_08_TECHNICAL_REVIEWER_EV_APP0258_FIRST_INTERVIEW_AI_CASE_M1_SKILL_03""]}",CALIBRATION_PANEL_01,2026-12-29T10:15:00+09:00,SYNTHETIC_HUMAN_SCENARIO,M1_EVIDENCE_RUBRIC_V02
DC_APP0258_M1_SKILL_04_000399,APP0258,C0258,M1_SKILL_04,MODERATE,AGREED,"{""difference_types"":[],""disputed_evidence_ids"":[],""limited_evidence_ids"":[],""meaningful_conflict_refs"":[],""missing_evidence_ids"":[],""reason"":""동일 Skill의 독립된 직접 관찰로 수행 범위를 확인했다. 다른 맥락의 제한/모호성은 해당 근거의 한계로 보존한다."",""rubric_review"":""직접 관찰의 행동·검증을 검토하며 다른 맥락의 한계와 평가자 차이를 보존한다."",""supporting_observation_ids"":[""OB_FIRST_PANEL_08_ML_ENGINEER_EV_APP0258_FIRST_INTERVIEW_PRACTITIONER_QA_M1_SKILL_04"",""OB_FIRST_PANEL_08_HIRING_MANAGER_EV_APP0258_FIRST_INTERVIEW_PRACTITIONER_QA_M1_SKILL_04"",""OB_FIRST_PANEL_08_TECHNICAL_REVIEWER_EV_APP0258_FIRST_INTERVIEW_PRACTITIONER_QA_M1_SKILL_04""]}",CALIBRATION_PANEL_01,2026-12-29T10:15:00+09:00,SYNTHETIC_HUMAN_SCENARIO,M1_EVIDENCE_RUBRIC_V02
DC_APP0258_M1_SKILL_05_000400,APP0258,C0258,M1_SKILL_05,,DISAGREEMENT_REMAINS,"{""difference_types"":[""EVALUATOR_DISAGREEMENT""],""disputed_evidence_ids"":[""EV_APP0258_FIRST_INTERVIEW_PRACTITIONER_QA_M1_SKILL_05""],""limited_evidence_ids"":[],""meaningful_conflict_refs"":[],""missing_evidence_ids"":[],""reason"":""동일 근거에 대한 평가자 해석 차이를 해소할 직접 관찰이 부족하다."",""rubric_review"":""직접 관찰의 행동·검증을 검토하며 다른 맥락의 한계와 평가자 차이를 보존한다."",""supporting_observation_ids"":[]}",CALIBRATION_PANEL_01,2026-12-29T10:15:00+09:00,SYNTHETIC_HUMAN_SCENARIO,M1_EVIDENCE_RUBRIC_V02
DC_APP0258_M1_SKILL_06_000401,APP0258,C0258,M1_SKILL_06,MODERATE,AGREED,"{""difference_types"":[],""disputed_evidence_ids"":[],""limited_evidence_ids"":[],""meaningful_conflict_refs"":[],""missing_evidence_ids"":[],""reason"":""동일 Skill의 독립된 직접 관찰로 수행 범위를 확인했다. 다른 맥락의 제한/모호성은 해당 근거의 한계로 보존한다."",""rubric_review"":""직접 관찰의 행동·검증을 검토하며 다른 맥락의 한계와 평가자 차이를 보존한다."",""supporting_observation_ids"":[""OB_FIRST_PANEL_08_ML_ENGINEER_EV_APP0258_FIRST_INTERVIEW_PRACTITIONER_QA_M1_SKILL_06"",""OB_FIRST_PANEL_08_HIRING_MANAGER_EV_APP0258_FIRST_INTERVIEW_PRACTITIONER_QA_M1_SKILL_06"",""OB_FIRST_PANEL_08_TECHNICAL_REVIEWER_EV_APP0258_FIRST_INTERVIEW_PRACTITIONER_QA_M1_SKILL_06""]}",CALIBRATION_PANEL_01,2026-12-29T10:15:00+09:00,SYNTHETIC_HUMAN_SCENARIO,M1_EVIDENCE_RUBRIC_V02
DC_APP0258_M1_SKILL_07_000402,APP0258,C0258,M1_SKILL_07,MODERATE,AGREED,"{""difference_types"":[],""disputed_evidence_ids"":[],""limited_evidence_ids"":[],""meaningful_conflict_refs"":[],""missing_evidence_ids"":[],""reason"":""동일 Skill의 독립된 직접 관찰로 수행 범위를 확인했다. 다른 맥락의 제한/모호성은 해당 근거의 한계로 보존한다."",""rubric_review"":""직접 관찰의 행동·검증을 검토하며 다른 맥락의 한계와 평가자 차이를 보존한다."",""supporting_observation_ids"":[""OB_FIRST_PANEL_08_ML_ENGINEER_EV_APP0258_FIRST_INTERVIEW_TECHNICAL_ASSESSMENT_M1_SKILL_07"",""OB_FIRST_PANEL_08_HIRING_MANAGER_EV_APP0258_FIRST_INTERVIEW_TECHNICAL_ASSESSMENT_M1_SKILL_07"",""OB_FIRST_PANEL_08_TECHNICAL_REVIEWER_EV_APP0258_FIRST_INTERVIEW_TECHNICAL_ASSESSMENT_M1_SKILL_07""]}",CALIBRATION_PANEL_01,2026-12-29T10:15:00+09:00,SYNTHETIC_HUMAN_SCENARIO,M1_EVIDENCE_RUBRIC_V02
DC_APP0258_M1_SKILL_08_000403,APP0258,C0258,M1_SKILL_08,,INSUFFICIENT_EVIDENCE,"{""difference_types"":[],""disputed_evidence_ids"":[],""limited_evidence_ids"":[],""meaningful_conflict_refs"":[],""missing_evidence_ids"":[""EV_APP0258_FIRST_INTERVIEW_PRACTITIONER_QA_M1_SKILL_08""],""reason"":""직접 판단 근거 부족. 미관찰을 역량 부재로 해석하지 않는다."",""rubric_review"":""직접 관찰의 행동·검증을 검토하며 다른 맥락의 한계와 평가자 차이를 보존한다."",""supporting_observation_ids"":[]}",CALIBRATION_PANEL_01,2026-12-29T10:15:00+09:00,SYNTHETIC_HUMAN_SCENARIO,M1_EVIDENCE_RUBRIC_V02
DC_APP0268_M1_SKILL_01_000404,APP0268,C0268,M1_SKILL_01,MODERATE,AGREED,"{""difference_types"":[""EVIDENCE_EVOLUTION""],""disputed_evidence_ids"":[],""limited_evidence_ids"":[],""meaningful_conflict_refs"":[],""missing_evidence_ids"":[""EV_APP0268_FIRST_INTERVIEW_AI_CASE_M1_SKILL_01""],""reason"":""동일 Skill의 독립된 직접 관찰로 수행 범위를 확인했다. 다른 맥락의 제한/모호성은 해당 근거의 한계로 보존한다."",""rubric_review"":""직접 관찰의 행동·검증을 검토하며 다른 맥락의 한계와 평가자 차이를 보존한다."",""supporting_observation_ids"":[""OB_FIRST_PANEL_09_ML_ENGINEER_EV_APP0268_FIRST_INTERVIEW_TECHNICAL_ASSESSMENT_M1_SKILL_01"",""OB_FIRST_PANEL_09_HIRING_MANAGER_EV_APP0268_FIRST_INTERVIEW_TECHNICAL_ASSESSMENT_M1_SKILL_01"",""OB_FIRST_PANEL_09_TECHNICAL_REVIEWER_EV_APP0268_FIRST_INTERVIEW_TECHNICAL_ASSESSMENT_M1_SKILL_01""]}",CALIBRATION_PANEL_01,2026-12-27T10:15:00+09:00,SYNTHETIC_HUMAN_SCENARIO,M1_EVIDENCE_RUBRIC_V02
DC_APP0268_M1_SKILL_02_000405,APP0268,C0268,M1_SKILL_02,,INSUFFICIENT_EVIDENCE,"{""difference_types"":[],""disputed_evidence_ids"":[],""limited_evidence_ids"":[],""meaningful_conflict_refs"":[],""missing_evidence_ids"":[""EV_APP0268_FIRST_INTERVIEW_TECHNICAL_ASSESSMENT_M1_SKILL_02""],""reason"":""직접 판단 근거 부족. 미관찰을 역량 부재로 해석하지 않는다."",""rubric_review"":""직접 관찰의 행동·검증을 검토하며 다른 맥락의 한계와 평가자 차이를 보존한다."",""supporting_observation_ids"":[]}",CALIBRATION_PANEL_01,2026-12-27T10:15:00+09:00,SYNTHETIC_HUMAN_SCENARIO,M1_EVIDENCE_RUBRIC_V02
DC_APP0268_M1_SKILL_03_000406,APP0268,C0268,M1_SKILL_03,MODERATE,AGREED,"{""difference_types"":[""EVIDENCE_EVOLUTION"",""EVALUATOR_DISAGREEMENT""],""disputed_evidence_ids"":[""EV_APP0268_FIRST_INTERVIEW_AI_CASE_M1_SKILL_03""],""limited_evidence_ids"":[],""meaningful_conflict_refs"":[],""missing_evidence_ids"":[],""reason"":""동일 Skill의 독립된 직접 관찰로 수행 범위를 확인했다. 다른 맥락의 제한/모호성은 해당 근거의 한계로 보존한다."",""rubric_review"":""직접 관찰의 행동·검증을 검토하며 다른 맥락의 한계와 평가자 차이를 보존한다."",""supporting_observation_ids"":[""OB_REVIEW_ML_01_EV_APP0268_PRE_ASSESSMENT_CODING_TEST_M1_SKILL_03"",""OB_REVIEW_HM_01_EV_APP0268_PRE_ASSESSMENT_CODING_TEST_M1_SKILL_03""]}",CALIBRATION_PANEL_01,2026-12-27T10:15:00+09:00,SYNTHETIC_HUMAN_SCENARIO,M1_EVIDENCE_RUBRIC_V02
DC_APP0268_M1_SKILL_04_000407,APP0268,C0268,M1_SKILL_04,LIMITED,AGREED,"{""difference_types"":[],""disputed_evidence_ids"":[],""limited_evidence_ids"":[""EV_APP0268_FIRST_INTERVIEW_PRACTITIONER_QA_M1_SKILL_04""],""meaningful_conflict_refs"":[],""missing_evidence_ids"":[],""reason"":""관찰된 직접 근거의 범위가 제한적이다. 자기기술만으로 보완하지 않는다."",""rubric_review"":""직접 관찰의 행동·검증을 검토하며 다른 맥락의 한계와 평가자 차이를 보존한다."",""supporting_observation_ids"":[""OB_FIRST_PANEL_09_ML_ENGINEER_EV_APP0268_FIRST_INTERVIEW_PRACTITIONER_QA_M1_SKILL_04"",""OB_FIRST_PANEL_09_HIRING_MANAGER_EV_APP0268_FIRST_INTERVIEW_PRACTITIONER_QA_M1_SKILL_04"",""OB_FIRST_PANEL_09_TECHNICAL_REVIEWER_EV_APP0268_FIRST_INTERVIEW_PRACTITIONER_QA_M1_SKILL_04""]}",CALIBRATION_PANEL_01,2026-12-27T10:15:00+09:00,SYNTHETIC_HUMAN_SCENARIO,M1_EVIDENCE_RUBRIC_V02
DC_APP0268_M1_SKILL_05_000408,APP0268,C0268,M1_SKILL_05,,DISAGREEMENT_REMAINS,"{""difference_types"":[""EVALUATOR_DISAGREEMENT""],""disputed_evidence_ids"":[""EV_APP0268_FIRST_INTERVIEW_PRACTITIONER_QA_M1_SKILL_05""],""limited_evidence_ids"":[],""meaningful_conflict_refs"":[],""missing_evidence_ids"":[],""reason"":""동일 근거에 대한 평가자 해석 차이를 해소할 직접 관찰이 부족하다."",""rubric_review"":""직접 관찰의 행동·검증을 검토하며 다른 맥락의 한계와 평가자 차이를 보존한다."",""supporting_observation_ids"":[]}",CALIBRATION_PANEL_01,2026-12-27T10:15:00+09:00,SYNTHETIC_HUMAN_SCENARIO,M1_EVIDENCE_RUBRIC_V02
DC_APP0268_M1_SKILL_06_000409,APP0268,C0268,M1_SKILL_06,,DISAGREEMENT_REMAINS,"{""difference_types"":[""EVALUATOR_DISAGREEMENT""],""disputed_evidence_ids"":[""EV_APP0268_FIRST_INTERVIEW_PRACTITIONER_QA_M1_SKILL_06""],""limited_evidence_ids"":[],""meaningful_conflict_refs"":[],""missing_evidence_ids"":[],""reason"":""동일 근거에 대한 평가자 해석 차이를 해소할 직접 관찰이 부족하다."",""rubric_review"":""직접 관찰의 행동·검증을 검토하며 다른 맥락의 한계와 평가자 차이를 보존한다."",""supporting_observation_ids"":[]}",CALIBRATION_PANEL_01,2026-12-27T10:15:00+09:00,SYNTHETIC_HUMAN_SCENARIO,M1_EVIDENCE_RUBRIC_V02
DC_APP0268_M1_SKILL_07_000410,APP0268,C0268,M1_SKILL_07,MODERATE,AGREED,"{""difference_types"":[],""disputed_evidence_ids"":[],""limited_evidence_ids"":[],""meaningful_conflict_refs"":[],""missing_evidence_ids"":[],""reason"":""동일 Skill의 독립된 직접 관찰로 수행 범위를 확인했다. 다른 맥락의 제한/모호성은 해당 근거의 한계로 보존한다."",""rubric_review"":""직접 관찰의 행동·검증을 검토하며 다른 맥락의 한계와 평가자 차이를 보존한다."",""supporting_observation_ids"":[""OB_FIRST_PANEL_09_ML_ENGINEER_EV_APP0268_FIRST_INTERVIEW_TECHNICAL_ASSESSMENT_M1_SKILL_07"",""OB_FIRST_PANEL_09_HIRING_MANAGER_EV_APP0268_FIRST_INTERVIEW_TECHNICAL_ASSESSMENT_M1_SKILL_07"",""OB_FIRST_PANEL_09_TECHNICAL_REVIEWER_EV_APP0268_FIRST_INTERVIEW_TECHNICAL_ASSESSMENT_M1_SKILL_07""]}",CALIBRATION_PANEL_01,2026-12-27T10:15:00+09:00,SYNTHETIC_HUMAN_SCENARIO,M1_EVIDENCE_RUBRIC_V02
DC_APP0268_M1_SKILL_08_000411,APP0268,C0268,M1_SKILL_08,MODERATE,AGREED,"{""difference_types"":[],""disputed_evidence_ids"":[],""limited_evidence_ids"":[],""meaningful_conflict_refs"":[],""missing_evidence_ids"":[],""reason"":""동일 Skill의 독립된 직접 관찰로 수행 범위를 확인했다. 다른 맥락의 제한/모호성은 해당 근거의 한계로 보존한다."",""rubric_review"":""직접 관찰의 행동·검증을 검토하며 다른 맥락의 한계와 평가자 차이를 보존한다."",""supporting_observation_ids"":[""OB_FIRST_PANEL_09_ML_ENGINEER_EV_APP0268_FIRST_INTERVIEW_PRACTITIONER_QA_M1_SKILL_08"",""OB_FIRST_PANEL_09_HIRING_MANAGER_EV_APP0268_FIRST_INTERVIEW_PRACTITIONER_QA_M1_SKILL_08"",""OB_FIRST_PANEL_09_TECHNICAL_REVIEWER_EV_APP0268_FIRST_INTERVIEW_PRACTITIONER_QA_M1_SKILL_08""]}",CALIBRATION_PANEL_01,2026-12-27T10:15:00+09:00,SYNTHETIC_HUMAN_SCENARIO,M1_EVIDENCE_RUBRIC_V02
DC_APP0269_M1_SKILL_01_000412,APP0269,C0269,M1_SKILL_01,STRONG,AGREED,"{""difference_types"":[""EVIDENCE_EVOLUTION""],""disputed_evidence_ids"":[],""limited_evidence_ids"":[],""meaningful_conflict_refs"":[],""missing_evidence_ids"":[],""reason"":""동일 Skill의 독립된 직접 관찰로 수행 범위를 확인했다. 다른 맥락의 제한/모호성은 해당 근거의 한계로 보존한다."",""rubric_review"":""직접 관찰의 행동·검증을 검토하며 다른 맥락의 한계와 평가자 차이를 보존한다."",""supporting_observation_ids"":[""OB_FIRST_PANEL_10_ML_ENGINEER_EV_APP0269_FIRST_INTERVIEW_TECHNICAL_ASSESSMENT_M1_SKILL_01"",""OB_FIRST_PANEL_10_HIRING_MANAGER_EV_APP0269_FIRST_INTERVIEW_TECHNICAL_ASSESSMENT_M1_SKILL_01"",""OB_FIRST_PANEL_10_TECHNICAL_REVIEWER_EV_APP0269_FIRST_INTERVIEW_TECHNICAL_ASSESSMENT_M1_SKILL_01"",""OB_FIRST_PANEL_10_ML_ENGINEER_EV_APP0269_FIRST_INTERVIEW_AI_CASE_M1_SKILL_01"",""OB_FIRST_PANEL_10_HIRING_MANAGER_EV_APP0269_FIRST_INTERVIEW_AI_CASE_M1_SKILL_01"",""OB_FIRST_PANEL_10_TECHNICAL_REVIEWER_EV_APP0269_FIRST_INTERVIEW_AI_CASE_M1_SKILL_01""]}",CALIBRATION_PANEL_01,2026-12-27T10:15:00+09:00,SYNTHETIC_HUMAN_SCENARIO,M1_EVIDENCE_RUBRIC_V02
DC_APP0269_M1_SKILL_02_000413,APP0269,C0269,M1_SKILL_02,,DISAGREEMENT_REMAINS,"{""difference_types"":[""EVALUATOR_DISAGREEMENT""],""disputed_evidence_ids"":[""EV_APP0269_FIRST_INTERVIEW_TECHNICAL_ASSESSMENT_M1_SKILL_02""],""limited_evidence_ids"":[],""meaningful_conflict_refs"":[],""missing_evidence_ids"":[],""reason"":""동일 근거에 대한 평가자 해석 차이를 해소할 직접 관찰이 부족하다."",""rubric_review"":""직접 관찰의 행동·검증을 검토하며 다른 맥락의 한계와 평가자 차이를 보존한다."",""supporting_observation_ids"":[]}",CALIBRATION_PANEL_01,2026-12-27T10:15:00+09:00,SYNTHETIC_HUMAN_SCENARIO,M1_EVIDENCE_RUBRIC_V02
DC_APP0269_M1_SKILL_03_000414,APP0269,C0269,M1_SKILL_03,MODERATE,AGREED,"{""difference_types"":[""EVIDENCE_EVOLUTION""],""disputed_evidence_ids"":[],""limited_evidence_ids"":[],""meaningful_conflict_refs"":[],""missing_evidence_ids"":[""EV_APP0269_FIRST_INTERVIEW_AI_CASE_M1_SKILL_03""],""reason"":""동일 Skill의 독립된 직접 관찰로 수행 범위를 확인했다. 다른 맥락의 제한/모호성은 해당 근거의 한계로 보존한다."",""rubric_review"":""직접 관찰의 행동·검증을 검토하며 다른 맥락의 한계와 평가자 차이를 보존한다."",""supporting_observation_ids"":[""OB_REVIEW_ML_01_EV_APP0269_PRE_ASSESSMENT_CODING_TEST_M1_SKILL_03"",""OB_REVIEW_HM_01_EV_APP0269_PRE_ASSESSMENT_CODING_TEST_M1_SKILL_03""]}",CALIBRATION_PANEL_01,2026-12-27T10:15:00+09:00,SYNTHETIC_HUMAN_SCENARIO,M1_EVIDENCE_RUBRIC_V02
DC_APP0269_M1_SKILL_04_000415,APP0269,C0269,M1_SKILL_04,MODERATE,AGREED,"{""difference_types"":[],""disputed_evidence_ids"":[],""limited_evidence_ids"":[],""meaningful_conflict_refs"":[],""missing_evidence_ids"":[],""reason"":""동일 Skill의 독립된 직접 관찰로 수행 범위를 확인했다. 다른 맥락의 제한/모호성은 해당 근거의 한계로 보존한다."",""rubric_review"":""직접 관찰의 행동·검증을 검토하며 다른 맥락의 한계와 평가자 차이를 보존한다."",""supporting_observation_ids"":[""OB_FIRST_PANEL_10_ML_ENGINEER_EV_APP0269_FIRST_INTERVIEW_PRACTITIONER_QA_M1_SKILL_04"",""OB_FIRST_PANEL_10_HIRING_MANAGER_EV_APP0269_FIRST_INTERVIEW_PRACTITIONER_QA_M1_SKILL_04"",""OB_FIRST_PANEL_10_TECHNICAL_REVIEWER_EV_APP0269_FIRST_INTERVIEW_PRACTITIONER_QA_M1_SKILL_04""]}",CALIBRATION_PANEL_01,2026-12-27T10:15:00+09:00,SYNTHETIC_HUMAN_SCENARIO,M1_EVIDENCE_RUBRIC_V02
DC_APP0269_M1_SKILL_05_000416,APP0269,C0269,M1_SKILL_05,STRONG,AGREED,"{""difference_types"":[],""disputed_evidence_ids"":[],""limited_evidence_ids"":[],""meaningful_conflict_refs"":[],""missing_evidence_ids"":[],""reason"":""동일 Skill의 독립된 직접 관찰로 수행 범위를 확인했다. 다른 맥락의 제한/모호성은 해당 근거의 한계로 보존한다."",""rubric_review"":""직접 관찰의 행동·검증을 검토하며 다른 맥락의 한계와 평가자 차이를 보존한다."",""supporting_observation_ids"":[""OB_FIRST_PANEL_10_ML_ENGINEER_EV_APP0269_FIRST_INTERVIEW_PRACTITIONER_QA_M1_SKILL_05"",""OB_FIRST_PANEL_10_HIRING_MANAGER_EV_APP0269_FIRST_INTERVIEW_PRACTITIONER_QA_M1_SKILL_05"",""OB_FIRST_PANEL_10_TECHNICAL_REVIEWER_EV_APP0269_FIRST_INTERVIEW_PRACTITIONER_QA_M1_SKILL_05""]}",CALIBRATION_PANEL_01,2026-12-27T10:15:00+09:00,SYNTHETIC_HUMAN_SCENARIO,M1_EVIDENCE_RUBRIC_V02
DC_APP0269_M1_SKILL_06_000417,APP0269,C0269,M1_SKILL_06,MODERATE,AGREED,"{""difference_types"":[],""disputed_evidence_ids"":[],""limited_evidence_ids"":[],""meaningful_conflict_refs"":[],""missing_evidence_ids"":[],""reason"":""동일 Skill의 독립된 직접 관찰로 수행 범위를 확인했다. 다른 맥락의 제한/모호성은 해당 근거의 한계로 보존한다."",""rubric_review"":""직접 관찰의 행동·검증을 검토하며 다른 맥락의 한계와 평가자 차이를 보존한다."",""supporting_observation_ids"":[""OB_FIRST_PANEL_10_ML_ENGINEER_EV_APP0269_FIRST_INTERVIEW_PRACTITIONER_QA_M1_SKILL_06"",""OB_FIRST_PANEL_10_HIRING_MANAGER_EV_APP0269_FIRST_INTERVIEW_PRACTITIONER_QA_M1_SKILL_06"",""OB_FIRST_PANEL_10_TECHNICAL_REVIEWER_EV_APP0269_FIRST_INTERVIEW_PRACTITIONER_QA_M1_SKILL_06""]}",CALIBRATION_PANEL_01,2026-12-27T10:15:00+09:00,SYNTHETIC_HUMAN_SCENARIO,M1_EVIDENCE_RUBRIC_V02
DC_APP0269_M1_SKILL_07_000418,APP0269,C0269,M1_SKILL_07,,DISAGREEMENT_REMAINS,"{""difference_types"":[""EVALUATOR_DISAGREEMENT""],""disputed_evidence_ids"":[""EV_APP0269_FIRST_INTERVIEW_TECHNICAL_ASSESSMENT_M1_SKILL_07""],""limited_evidence_ids"":[],""meaningful_conflict_refs"":[],""missing_evidence_ids"":[],""reason"":""동일 근거에 대한 평가자 해석 차이를 해소할 직접 관찰이 부족하다."",""rubric_review"":""직접 관찰의 행동·검증을 검토하며 다른 맥락의 한계와 평가자 차이를 보존한다."",""supporting_observation_ids"":[]}",CALIBRATION_PANEL_01,2026-12-27T10:15:00+09:00,SYNTHETIC_HUMAN_SCENARIO,M1_EVIDENCE_RUBRIC_V02
DC_APP0269_M1_SKILL_08_000419,APP0269,C0269,M1_SKILL_08,STRONG,AGREED,"{""difference_types"":[],""disputed_evidence_ids"":[],""limited_evidence_ids"":[],""meaningful_conflict_refs"":[],""missing_evidence_ids"":[],""reason"":""동일 Skill의 독립된 직접 관찰로 수행 범위를 확인했다. 다른 맥락의 제한/모호성은 해당 근거의 한계로 보존한다."",""rubric_review"":""직접 관찰의 행동·검증을 검토하며 다른 맥락의 한계와 평가자 차이를 보존한다."",""supporting_observation_ids"":[""OB_FIRST_PANEL_10_ML_ENGINEER_EV_APP0269_FIRST_INTERVIEW_PRACTITIONER_QA_M1_SKILL_08"",""OB_FIRST_PANEL_10_HIRING_MANAGER_EV_APP0269_FIRST_INTERVIEW_PRACTITIONER_QA_M1_SKILL_08"",""OB_FIRST_PANEL_10_TECHNICAL_REVIEWER_EV_APP0269_FIRST_INTERVIEW_PRACTITIONER_QA_M1_SKILL_08""]}",CALIBRATION_PANEL_01,2026-12-27T10:15:00+09:00,SYNTHETIC_HUMAN_SCENARIO,M1_EVIDENCE_RUBRIC_V02
DC_APP0270_M1_SKILL_01_000420,APP0270,C0270,M1_SKILL_01,MODERATE,AGREED,"{""difference_types"":[""EVIDENCE_EVOLUTION""],""disputed_evidence_ids"":[],""limited_evidence_ids"":[],""meaningful_conflict_refs"":[],""missing_evidence_ids"":[],""reason"":""동일 Skill의 독립된 직접 관찰로 수행 범위를 확인했다. 다른 맥락의 제한/모호성은 해당 근거의 한계로 보존한다."",""rubric_review"":""직접 관찰의 행동·검증을 검토하며 다른 맥락의 한계와 평가자 차이를 보존한다."",""supporting_observation_ids"":[""OB_FIRST_PANEL_01_ML_ENGINEER_EV_APP0270_FIRST_INTERVIEW_TECHNICAL_ASSESSMENT_M1_SKILL_01"",""OB_FIRST_PANEL_01_HIRING_MANAGER_EV_APP0270_FIRST_INTERVIEW_TECHNICAL_ASSESSMENT_M1_SKILL_01"",""OB_FIRST_PANEL_01_TECHNICAL_REVIEWER_EV_APP0270_FIRST_INTERVIEW_TECHNICAL_ASSESSMENT_M1_SKILL_01"",""OB_FIRST_PANEL_01_ML_ENGINEER_EV_APP0270_FIRST_INTERVIEW_AI_CASE_M1_SKILL_01"",""OB_FIRST_PANEL_01_HIRING_MANAGER_EV_APP0270_FIRST_INTERVIEW_AI_CASE_M1_SKILL_01"",""OB_FIRST_PANEL_01_TECHNICAL_REVIEWER_EV_APP0270_FIRST_INTERVIEW_AI_CASE_M1_SKILL_01""]}",CALIBRATION_PANEL_01,2026-12-30T10:00:00+09:00,SYNTHETIC_HUMAN_SCENARIO,M1_EVIDENCE_RUBRIC_V02
DC_APP0270_M1_SKILL_02_000421,APP0270,C0270,M1_SKILL_02,STRONG,AGREED,"{""difference_types"":[],""disputed_evidence_ids"":[],""limited_evidence_ids"":[],""meaningful_conflict_refs"":[],""missing_evidence_ids"":[],""reason"":""동일 Skill의 독립된 직접 관찰로 수행 범위를 확인했다. 다른 맥락의 제한/모호성은 해당 근거의 한계로 보존한다."",""rubric_review"":""직접 관찰의 행동·검증을 검토하며 다른 맥락의 한계와 평가자 차이를 보존한다."",""supporting_observation_ids"":[""OB_FIRST_PANEL_01_ML_ENGINEER_EV_APP0270_FIRST_INTERVIEW_TECHNICAL_ASSESSMENT_M1_SKILL_02"",""OB_FIRST_PANEL_01_HIRING_MANAGER_EV_APP0270_FIRST_INTERVIEW_TECHNICAL_ASSESSMENT_M1_SKILL_02"",""OB_FIRST_PANEL_01_TECHNICAL_REVIEWER_EV_APP0270_FIRST_INTERVIEW_TECHNICAL_ASSESSMENT_M1_SKILL_02""]}",CALIBRATION_PANEL_01,2026-12-30T10:00:00+09:00,SYNTHETIC_HUMAN_SCENARIO,M1_EVIDENCE_RUBRIC_V02
DC_APP0270_M1_SKILL_03_000422,APP0270,C0270,M1_SKILL_03,,DISAGREEMENT_REMAINS,"{""difference_types"":[""EVALUATOR_DISAGREEMENT""],""disputed_evidence_ids"":[""EV_APP0270_PRE_ASSESSMENT_CODING_TEST_M1_SKILL_03""],""limited_evidence_ids"":[],""meaningful_conflict_refs"":[],""missing_evidence_ids"":[""EV_APP0270_FIRST_INTERVIEW_AI_CASE_M1_SKILL_03""],""reason"":""동일 근거에 대한 평가자 해석 차이를 해소할 직접 관찰이 부족하다."",""rubric_review"":""직접 관찰의 행동·검증을 검토하며 다른 맥락의 한계와 평가자 차이를 보존한다."",""supporting_observation_ids"":[]}",CALIBRATION_PANEL_01,2026-12-30T10:00:00+09:00,SYNTHETIC_HUMAN_SCENARIO,M1_EVIDENCE_RUBRIC_V02
DC_APP0270_M1_SKILL_04_000423,APP0270,C0270,M1_SKILL_04,MODERATE,AGREED,"{""difference_types"":[],""disputed_evidence_ids"":[],""limited_evidence_ids"":[],""meaningful_conflict_refs"":[],""missing_evidence_ids"":[],""reason"":""동일 Skill의 독립된 직접 관찰로 수행 범위를 확인했다. 다른 맥락의 제한/모호성은 해당 근거의 한계로 보존한다."",""rubric_review"":""직접 관찰의 행동·검증을 검토하며 다른 맥락의 한계와 평가자 차이를 보존한다."",""supporting_observation_ids"":[""OB_FIRST_PANEL_01_ML_ENGINEER_EV_APP0270_FIRST_INTERVIEW_PRACTITIONER_QA_M1_SKILL_04"",""OB_FIRST_PANEL_01_HIRING_MANAGER_EV_APP0270_FIRST_INTERVIEW_PRACTITIONER_QA_M1_SKILL_04"",""OB_FIRST_PANEL_01_TECHNICAL_REVIEWER_EV_APP0270_FIRST_INTERVIEW_PRACTITIONER_QA_M1_SKILL_04""]}",CALIBRATION_PANEL_01,2026-12-30T10:00:00+09:00,SYNTHETIC_HUMAN_SCENARIO,M1_EVIDENCE_RUBRIC_V02
DC_APP0270_M1_SKILL_05_000424,APP0270,C0270,M1_SKILL_05,MODERATE,AGREED,"{""difference_types"":[],""disputed_evidence_ids"":[],""limited_evidence_ids"":[],""meaningful_conflict_refs"":[],""missing_evidence_ids"":[],""reason"":""동일 Skill의 독립된 직접 관찰로 수행 범위를 확인했다. 다른 맥락의 제한/모호성은 해당 근거의 한계로 보존한다."",""rubric_review"":""직접 관찰의 행동·검증을 검토하며 다른 맥락의 한계와 평가자 차이를 보존한다."",""supporting_observation_ids"":[""OB_FIRST_PANEL_01_ML_ENGINEER_EV_APP0270_FIRST_INTERVIEW_PRACTITIONER_QA_M1_SKILL_05"",""OB_FIRST_PANEL_01_HIRING_MANAGER_EV_APP0270_FIRST_INTERVIEW_PRACTITIONER_QA_M1_SKILL_05"",""OB_FIRST_PANEL_01_TECHNICAL_REVIEWER_EV_APP0270_FIRST_INTERVIEW_PRACTITIONER_QA_M1_SKILL_05""]}",CALIBRATION_PANEL_01,2026-12-30T10:00:00+09:00,SYNTHETIC_HUMAN_SCENARIO,M1_EVIDENCE_RUBRIC_V02
DC_APP0270_M1_SKILL_06_000425,APP0270,C0270,M1_SKILL_06,MODERATE,AGREED,"{""difference_types"":[],""disputed_evidence_ids"":[],""limited_evidence_ids"":[],""meaningful_conflict_refs"":[],""missing_evidence_ids"":[],""reason"":""동일 Skill의 독립된 직접 관찰로 수행 범위를 확인했다. 다른 맥락의 제한/모호성은 해당 근거의 한계로 보존한다."",""rubric_review"":""직접 관찰의 행동·검증을 검토하며 다른 맥락의 한계와 평가자 차이를 보존한다."",""supporting_observation_ids"":[""OB_FIRST_PANEL_01_ML_ENGINEER_EV_APP0270_FIRST_INTERVIEW_PRACTITIONER_QA_M1_SKILL_06"",""OB_FIRST_PANEL_01_HIRING_MANAGER_EV_APP0270_FIRST_INTERVIEW_PRACTITIONER_QA_M1_SKILL_06"",""OB_FIRST_PANEL_01_TECHNICAL_REVIEWER_EV_APP0270_FIRST_INTERVIEW_PRACTITIONER_QA_M1_SKILL_06""]}",CALIBRATION_PANEL_01,2026-12-30T10:00:00+09:00,SYNTHETIC_HUMAN_SCENARIO,M1_EVIDENCE_RUBRIC_V02
DC_APP0270_M1_SKILL_07_000426,APP0270,C0270,M1_SKILL_07,LIMITED,AGREED,"{""difference_types"":[],""disputed_evidence_ids"":[],""limited_evidence_ids"":[""EV_APP0270_FIRST_INTERVIEW_TECHNICAL_ASSESSMENT_M1_SKILL_07""],""meaningful_conflict_refs"":[],""missing_evidence_ids"":[],""reason"":""관찰된 직접 근거의 범위가 제한적이다. 자기기술만으로 보완하지 않는다."",""rubric_review"":""직접 관찰의 행동·검증을 검토하며 다른 맥락의 한계와 평가자 차이를 보존한다."",""supporting_observation_ids"":[""OB_FIRST_PANEL_01_ML_ENGINEER_EV_APP0270_FIRST_INTERVIEW_TECHNICAL_ASSESSMENT_M1_SKILL_07"",""OB_FIRST_PANEL_01_HIRING_MANAGER_EV_APP0270_FIRST_INTERVIEW_TECHNICAL_ASSESSMENT_M1_SKILL_07"",""OB_FIRST_PANEL_01_TECHNICAL_REVIEWER_EV_APP0270_FIRST_INTERVIEW_TECHNICAL_ASSESSMENT_M1_SKILL_07""]}",CALIBRATION_PANEL_01,2026-12-30T10:00:00+09:00,SYNTHETIC_HUMAN_SCENARIO,M1_EVIDENCE_RUBRIC_V02
DC_APP0270_M1_SKILL_08_000427,APP0270,C0270,M1_SKILL_08,MODERATE,AGREED,"{""difference_types"":[],""disputed_evidence_ids"":[],""limited_evidence_ids"":[],""meaningful_conflict_refs"":[],""missing_evidence_ids"":[],""reason"":""동일 Skill의 독립된 직접 관찰로 수행 범위를 확인했다. 다른 맥락의 제한/모호성은 해당 근거의 한계로 보존한다."",""rubric_review"":""직접 관찰의 행동·검증을 검토하며 다른 맥락의 한계와 평가자 차이를 보존한다."",""supporting_observation_ids"":[""OB_FIRST_PANEL_01_ML_ENGINEER_EV_APP0270_FIRST_INTERVIEW_PRACTITIONER_QA_M1_SKILL_08"",""OB_FIRST_PANEL_01_HIRING_MANAGER_EV_APP0270_FIRST_INTERVIEW_PRACTITIONER_QA_M1_SKILL_08"",""OB_FIRST_PANEL_01_TECHNICAL_REVIEWER_EV_APP0270_FIRST_INTERVIEW_PRACTITIONER_QA_M1_SKILL_08""]}",CALIBRATION_PANEL_01,2026-12-30T10:00:00+09:00,SYNTHETIC_HUMAN_SCENARIO,M1_EVIDENCE_RUBRIC_V02
DC_APP0285_M1_SKILL_01_000428,APP0285,C0285,M1_SKILL_01,MODERATE,AGREED,"{""difference_types"":[""EVIDENCE_EVOLUTION""],""disputed_evidence_ids"":[],""limited_evidence_ids"":[],""meaningful_conflict_refs"":[],""missing_evidence_ids"":[],""reason"":""동일 Skill의 독립된 직접 관찰로 수행 범위를 확인했다. 다른 맥락의 제한/모호성은 해당 근거의 한계로 보존한다."",""rubric_review"":""직접 관찰의 행동·검증을 검토하며 다른 맥락의 한계와 평가자 차이를 보존한다."",""supporting_observation_ids"":[""OB_FIRST_PANEL_02_ML_ENGINEER_EV_APP0285_FIRST_INTERVIEW_TECHNICAL_ASSESSMENT_M1_SKILL_01"",""OB_FIRST_PANEL_02_HIRING_MANAGER_EV_APP0285_FIRST_INTERVIEW_TECHNICAL_ASSESSMENT_M1_SKILL_01"",""OB_FIRST_PANEL_02_TECHNICAL_REVIEWER_EV_APP0285_FIRST_INTERVIEW_TECHNICAL_ASSESSMENT_M1_SKILL_01"",""OB_FIRST_PANEL_02_ML_ENGINEER_EV_APP0285_FIRST_INTERVIEW_AI_CASE_M1_SKILL_01"",""OB_FIRST_PANEL_02_HIRING_MANAGER_EV_APP0285_FIRST_INTERVIEW_AI_CASE_M1_SKILL_01"",""OB_FIRST_PANEL_02_TECHNICAL_REVIEWER_EV_APP0285_FIRST_INTERVIEW_AI_CASE_M1_SKILL_01""]}",CALIBRATION_PANEL_01,2026-12-30T10:00:00+09:00,SYNTHETIC_HUMAN_SCENARIO,M1_EVIDENCE_RUBRIC_V02
DC_APP0285_M1_SKILL_02_000429,APP0285,C0285,M1_SKILL_02,STRONG,AGREED,"{""difference_types"":[],""disputed_evidence_ids"":[],""limited_evidence_ids"":[],""meaningful_conflict_refs"":[],""missing_evidence_ids"":[],""reason"":""동일 Skill의 독립된 직접 관찰로 수행 범위를 확인했다. 다른 맥락의 제한/모호성은 해당 근거의 한계로 보존한다."",""rubric_review"":""직접 관찰의 행동·검증을 검토하며 다른 맥락의 한계와 평가자 차이를 보존한다."",""supporting_observation_ids"":[""OB_FIRST_PANEL_02_ML_ENGINEER_EV_APP0285_FIRST_INTERVIEW_TECHNICAL_ASSESSMENT_M1_SKILL_02"",""OB_FIRST_PANEL_02_HIRING_MANAGER_EV_APP0285_FIRST_INTERVIEW_TECHNICAL_ASSESSMENT_M1_SKILL_02"",""OB_FIRST_PANEL_02_TECHNICAL_REVIEWER_EV_APP0285_FIRST_INTERVIEW_TECHNICAL_ASSESSMENT_M1_SKILL_02""]}",CALIBRATION_PANEL_01,2026-12-30T10:00:00+09:00,SYNTHETIC_HUMAN_SCENARIO,M1_EVIDENCE_RUBRIC_V02
DC_APP0285_M1_SKILL_03_000430,APP0285,C0285,M1_SKILL_03,STRONG,AGREED,"{""difference_types"":[""EVIDENCE_EVOLUTION""],""disputed_evidence_ids"":[],""limited_evidence_ids"":[],""meaningful_conflict_refs"":[],""missing_evidence_ids"":[],""reason"":""동일 Skill의 독립된 직접 관찰로 수행 범위를 확인했다. 다른 맥락의 제한/모호성은 해당 근거의 한계로 보존한다."",""rubric_review"":""직접 관찰의 행동·검증을 검토하며 다른 맥락의 한계와 평가자 차이를 보존한다."",""supporting_observation_ids"":[""OB_REVIEW_ML_01_EV_APP0285_PRE_ASSESSMENT_CODING_TEST_M1_SKILL_03"",""OB_REVIEW_HM_01_EV_APP0285_PRE_ASSESSMENT_CODING_TEST_M1_SKILL_03"",""OB_FIRST_PANEL_02_ML_ENGINEER_EV_APP0285_FIRST_INTERVIEW_AI_CASE_M1_SKILL_03"",""OB_FIRST_PANEL_02_HIRING_MANAGER_EV_APP0285_FIRST_INTERVIEW_AI_CASE_M1_SKILL_03"",""OB_FIRST_PANEL_02_TECHNICAL_REVIEWER_EV_APP0285_FIRST_INTERVIEW_AI_CASE_M1_SKILL_03""]}",CALIBRATION_PANEL_01,2026-12-30T10:00:00+09:00,SYNTHETIC_HUMAN_SCENARIO,M1_EVIDENCE_RUBRIC_V02
DC_APP0285_M1_SKILL_04_000431,APP0285,C0285,M1_SKILL_04,LIMITED,AGREED,"{""difference_types"":[],""disputed_evidence_ids"":[],""limited_evidence_ids"":[""EV_APP0285_FIRST_INTERVIEW_PRACTITIONER_QA_M1_SKILL_04""],""meaningful_conflict_refs"":[],""missing_evidence_ids"":[],""reason"":""관찰된 직접 근거의 범위가 제한적이다. 자기기술만으로 보완하지 않는다."",""rubric_review"":""직접 관찰의 행동·검증을 검토하며 다른 맥락의 한계와 평가자 차이를 보존한다."",""supporting_observation_ids"":[""OB_FIRST_PANEL_02_ML_ENGINEER_EV_APP0285_FIRST_INTERVIEW_PRACTITIONER_QA_M1_SKILL_04"",""OB_FIRST_PANEL_02_HIRING_MANAGER_EV_APP0285_FIRST_INTERVIEW_PRACTITIONER_QA_M1_SKILL_04"",""OB_FIRST_PANEL_02_TECHNICAL_REVIEWER_EV_APP0285_FIRST_INTERVIEW_PRACTITIONER_QA_M1_SKILL_04""]}",CALIBRATION_PANEL_01,2026-12-30T10:00:00+09:00,SYNTHETIC_HUMAN_SCENARIO,M1_EVIDENCE_RUBRIC_V02
DC_APP0285_M1_SKILL_05_000432,APP0285,C0285,M1_SKILL_05,,INSUFFICIENT_EVIDENCE,"{""difference_types"":[],""disputed_evidence_ids"":[],""limited_evidence_ids"":[],""meaningful_conflict_refs"":[],""missing_evidence_ids"":[""EV_APP0285_FIRST_INTERVIEW_PRACTITIONER_QA_M1_SKILL_05""],""reason"":""직접 판단 근거 부족. 미관찰을 역량 부재로 해석하지 않는다."",""rubric_review"":""직접 관찰의 행동·검증을 검토하며 다른 맥락의 한계와 평가자 차이를 보존한다."",""supporting_observation_ids"":[]}",CALIBRATION_PANEL_01,2026-12-30T10:00:00+09:00,SYNTHETIC_HUMAN_SCENARIO,M1_EVIDENCE_RUBRIC_V02
DC_APP0285_M1_SKILL_06_000433,APP0285,C0285,M1_SKILL_06,STRONG,AGREED,"{""difference_types"":[],""disputed_evidence_ids"":[],""limited_evidence_ids"":[],""meaningful_conflict_refs"":[],""missing_evidence_ids"":[],""reason"":""동일 Skill의 독립된 직접 관찰로 수행 범위를 확인했다. 다른 맥락의 제한/모호성은 해당 근거의 한계로 보존한다."",""rubric_review"":""직접 관찰의 행동·검증을 검토하며 다른 맥락의 한계와 평가자 차이를 보존한다."",""supporting_observation_ids"":[""OB_FIRST_PANEL_02_ML_ENGINEER_EV_APP0285_FIRST_INTERVIEW_PRACTITIONER_QA_M1_SKILL_06"",""OB_FIRST_PANEL_02_HIRING_MANAGER_EV_APP0285_FIRST_INTERVIEW_PRACTITIONER_QA_M1_SKILL_06"",""OB_FIRST_PANEL_02_TECHNICAL_REVIEWER_EV_APP0285_FIRST_INTERVIEW_PRACTITIONER_QA_M1_SKILL_06""]}",CALIBRATION_PANEL_01,2026-12-30T10:00:00+09:00,SYNTHETIC_HUMAN_SCENARIO,M1_EVIDENCE_RUBRIC_V02
DC_APP0285_M1_SKILL_07_000434,APP0285,C0285,M1_SKILL_07,LIMITED,AGREED,"{""difference_types"":[],""disputed_evidence_ids"":[],""limited_evidence_ids"":[""EV_APP0285_FIRST_INTERVIEW_TECHNICAL_ASSESSMENT_M1_SKILL_07""],""meaningful_conflict_refs"":[],""missing_evidence_ids"":[],""reason"":""관찰된 직접 근거의 범위가 제한적이다. 자기기술만으로 보완하지 않는다."",""rubric_review"":""직접 관찰의 행동·검증을 검토하며 다른 맥락의 한계와 평가자 차이를 보존한다."",""supporting_observation_ids"":[""OB_FIRST_PANEL_02_ML_ENGINEER_EV_APP0285_FIRST_INTERVIEW_TECHNICAL_ASSESSMENT_M1_SKILL_07"",""OB_FIRST_PANEL_02_HIRING_MANAGER_EV_APP0285_FIRST_INTERVIEW_TECHNICAL_ASSESSMENT_M1_SKILL_07"",""OB_FIRST_PANEL_02_TECHNICAL_REVIEWER_EV_APP0285_FIRST_INTERVIEW_TECHNICAL_ASSESSMENT_M1_SKILL_07""]}",CALIBRATION_PANEL_01,2026-12-30T10:00:00+09:00,SYNTHETIC_HUMAN_SCENARIO,M1_EVIDENCE_RUBRIC_V02
DC_APP0285_M1_SKILL_08_000435,APP0285,C0285,M1_SKILL_08,MODERATE,AGREED,"{""difference_types"":[],""disputed_evidence_ids"":[],""limited_evidence_ids"":[],""meaningful_conflict_refs"":[],""missing_evidence_ids"":[],""reason"":""동일 Skill의 독립된 직접 관찰로 수행 범위를 확인했다. 다른 맥락의 제한/모호성은 해당 근거의 한계로 보존한다."",""rubric_review"":""직접 관찰의 행동·검증을 검토하며 다른 맥락의 한계와 평가자 차이를 보존한다."",""supporting_observation_ids"":[""OB_FIRST_PANEL_02_ML_ENGINEER_EV_APP0285_FIRST_INTERVIEW_PRACTITIONER_QA_M1_SKILL_08"",""OB_FIRST_PANEL_02_HIRING_MANAGER_EV_APP0285_FIRST_INTERVIEW_PRACTITIONER_QA_M1_SKILL_08"",""OB_FIRST_PANEL_02_TECHNICAL_REVIEWER_EV_APP0285_FIRST_INTERVIEW_PRACTITIONER_QA_M1_SKILL_08""]}",CALIBRATION_PANEL_01,2026-12-30T10:00:00+09:00,SYNTHETIC_HUMAN_SCENARIO,M1_EVIDENCE_RUBRIC_V02
DC_APP0289_M1_SKILL_01_000436,APP0289,C0289,M1_SKILL_01,STRONG,AGREED,"{""difference_types"":[""EVIDENCE_EVOLUTION""],""disputed_evidence_ids"":[],""limited_evidence_ids"":[],""meaningful_conflict_refs"":[],""missing_evidence_ids"":[""EV_APP0289_FIRST_INTERVIEW_TECHNICAL_ASSESSMENT_M1_SKILL_01""],""reason"":""동일 Skill의 독립된 직접 관찰로 수행 범위를 확인했다. 다른 맥락의 제한/모호성은 해당 근거의 한계로 보존한다."",""rubric_review"":""직접 관찰의 행동·검증을 검토하며 다른 맥락의 한계와 평가자 차이를 보존한다."",""supporting_observation_ids"":[""OB_FIRST_PANEL_03_ML_ENGINEER_EV_APP0289_FIRST_INTERVIEW_AI_CASE_M1_SKILL_01"",""OB_FIRST_PANEL_03_HIRING_MANAGER_EV_APP0289_FIRST_INTERVIEW_AI_CASE_M1_SKILL_01"",""OB_FIRST_PANEL_03_TECHNICAL_REVIEWER_EV_APP0289_FIRST_INTERVIEW_AI_CASE_M1_SKILL_01""]}",CALIBRATION_PANEL_01,2026-12-31T10:00:00+09:00,SYNTHETIC_HUMAN_SCENARIO,M1_EVIDENCE_RUBRIC_V02
DC_APP0289_M1_SKILL_02_000437,APP0289,C0289,M1_SKILL_02,LIMITED,AGREED,"{""difference_types"":[],""disputed_evidence_ids"":[],""limited_evidence_ids"":[""EV_APP0289_FIRST_INTERVIEW_TECHNICAL_ASSESSMENT_M1_SKILL_02""],""meaningful_conflict_refs"":[],""missing_evidence_ids"":[],""reason"":""관찰된 직접 근거의 범위가 제한적이다. 자기기술만으로 보완하지 않는다."",""rubric_review"":""직접 관찰의 행동·검증을 검토하며 다른 맥락의 한계와 평가자 차이를 보존한다."",""supporting_observation_ids"":[""OB_FIRST_PANEL_03_ML_ENGINEER_EV_APP0289_FIRST_INTERVIEW_TECHNICAL_ASSESSMENT_M1_SKILL_02"",""OB_FIRST_PANEL_03_HIRING_MANAGER_EV_APP0289_FIRST_INTERVIEW_TECHNICAL_ASSESSMENT_M1_SKILL_02"",""OB_FIRST_PANEL_03_TECHNICAL_REVIEWER_EV_APP0289_FIRST_INTERVIEW_TECHNICAL_ASSESSMENT_M1_SKILL_02""]}",CALIBRATION_PANEL_01,2026-12-31T10:00:00+09:00,SYNTHETIC_HUMAN_SCENARIO,M1_EVIDENCE_RUBRIC_V02
DC_APP0289_M1_SKILL_03_000438,APP0289,C0289,M1_SKILL_03,MODERATE,AGREED,"{""difference_types"":[""EVIDENCE_EVOLUTION"",""CONTEXT_DIFFERENCE""],""disputed_evidence_ids"":[],""limited_evidence_ids"":[""EV_APP0289_FIRST_INTERVIEW_AI_CASE_M1_SKILL_03""],""meaningful_conflict_refs"":[],""missing_evidence_ids"":[],""reason"":""동일 Skill의 독립된 직접 관찰로 수행 범위를 확인했다. 다른 맥락의 제한/모호성은 해당 근거의 한계로 보존한다."",""rubric_review"":""직접 관찰의 행동·검증을 검토하며 다른 맥락의 한계와 평가자 차이를 보존한다."",""supporting_observation_ids"":[""OB_REVIEW_ML_01_EV_APP0289_PRE_ASSESSMENT_CODING_TEST_M1_SKILL_03"",""OB_REVIEW_HM_01_EV_APP0289_PRE_ASSESSMENT_CODING_TEST_M1_SKILL_03""]}",CALIBRATION_PANEL_01,2026-12-31T10:00:00+09:00,SYNTHETIC_HUMAN_SCENARIO,M1_EVIDENCE_RUBRIC_V02
DC_APP0289_M1_SKILL_04_000439,APP0289,C0289,M1_SKILL_04,MODERATE,AGREED,"{""difference_types"":[],""disputed_evidence_ids"":[],""limited_evidence_ids"":[],""meaningful_conflict_refs"":[],""missing_evidence_ids"":[],""reason"":""동일 Skill의 독립된 직접 관찰로 수행 범위를 확인했다. 다른 맥락의 제한/모호성은 해당 근거의 한계로 보존한다."",""rubric_review"":""직접 관찰의 행동·검증을 검토하며 다른 맥락의 한계와 평가자 차이를 보존한다."",""supporting_observation_ids"":[""OB_FIRST_PANEL_03_ML_ENGINEER_EV_APP0289_FIRST_INTERVIEW_PRACTITIONER_QA_M1_SKILL_04"",""OB_FIRST_PANEL_03_HIRING_MANAGER_EV_APP0289_FIRST_INTERVIEW_PRACTITIONER_QA_M1_SKILL_04"",""OB_FIRST_PANEL_03_TECHNICAL_REVIEWER_EV_APP0289_FIRST_INTERVIEW_PRACTITIONER_QA_M1_SKILL_04""]}",CALIBRATION_PANEL_01,2026-12-31T10:00:00+09:00,SYNTHETIC_HUMAN_SCENARIO,M1_EVIDENCE_RUBRIC_V02
DC_APP0289_M1_SKILL_05_000440,APP0289,C0289,M1_SKILL_05,LIMITED,AGREED,"{""difference_types"":[],""disputed_evidence_ids"":[],""limited_evidence_ids"":[""EV_APP0289_FIRST_INTERVIEW_PRACTITIONER_QA_M1_SKILL_05""],""meaningful_conflict_refs"":[],""missing_evidence_ids"":[],""reason"":""관찰된 직접 근거의 범위가 제한적이다. 자기기술만으로 보완하지 않는다."",""rubric_review"":""직접 관찰의 행동·검증을 검토하며 다른 맥락의 한계와 평가자 차이를 보존한다."",""supporting_observation_ids"":[""OB_FIRST_PANEL_03_ML_ENGINEER_EV_APP0289_FIRST_INTERVIEW_PRACTITIONER_QA_M1_SKILL_05"",""OB_FIRST_PANEL_03_HIRING_MANAGER_EV_APP0289_FIRST_INTERVIEW_PRACTITIONER_QA_M1_SKILL_05"",""OB_FIRST_PANEL_03_TECHNICAL_REVIEWER_EV_APP0289_FIRST_INTERVIEW_PRACTITIONER_QA_M1_SKILL_05""]}",CALIBRATION_PANEL_01,2026-12-31T10:00:00+09:00,SYNTHETIC_HUMAN_SCENARIO,M1_EVIDENCE_RUBRIC_V02
DC_APP0289_M1_SKILL_06_000441,APP0289,C0289,M1_SKILL_06,MODERATE,AGREED,"{""difference_types"":[],""disputed_evidence_ids"":[],""limited_evidence_ids"":[],""meaningful_conflict_refs"":[],""missing_evidence_ids"":[],""reason"":""동일 Skill의 독립된 직접 관찰로 수행 범위를 확인했다. 다른 맥락의 제한/모호성은 해당 근거의 한계로 보존한다."",""rubric_review"":""직접 관찰의 행동·검증을 검토하며 다른 맥락의 한계와 평가자 차이를 보존한다."",""supporting_observation_ids"":[""OB_FIRST_PANEL_03_ML_ENGINEER_EV_APP0289_FIRST_INTERVIEW_PRACTITIONER_QA_M1_SKILL_06"",""OB_FIRST_PANEL_03_HIRING_MANAGER_EV_APP0289_FIRST_INTERVIEW_PRACTITIONER_QA_M1_SKILL_06"",""OB_FIRST_PANEL_03_TECHNICAL_REVIEWER_EV_APP0289_FIRST_INTERVIEW_PRACTITIONER_QA_M1_SKILL_06""]}",CALIBRATION_PANEL_01,2026-12-31T10:00:00+09:00,SYNTHETIC_HUMAN_SCENARIO,M1_EVIDENCE_RUBRIC_V02
DC_APP0289_M1_SKILL_07_000442,APP0289,C0289,M1_SKILL_07,MODERATE,AGREED,"{""difference_types"":[],""disputed_evidence_ids"":[],""limited_evidence_ids"":[],""meaningful_conflict_refs"":[],""missing_evidence_ids"":[],""reason"":""동일 Skill의 독립된 직접 관찰로 수행 범위를 확인했다. 다른 맥락의 제한/모호성은 해당 근거의 한계로 보존한다."",""rubric_review"":""직접 관찰의 행동·검증을 검토하며 다른 맥락의 한계와 평가자 차이를 보존한다."",""supporting_observation_ids"":[""OB_FIRST_PANEL_03_ML_ENGINEER_EV_APP0289_FIRST_INTERVIEW_TECHNICAL_ASSESSMENT_M1_SKILL_07"",""OB_FIRST_PANEL_03_HIRING_MANAGER_EV_APP0289_FIRST_INTERVIEW_TECHNICAL_ASSESSMENT_M1_SKILL_07"",""OB_FIRST_PANEL_03_TECHNICAL_REVIEWER_EV_APP0289_FIRST_INTERVIEW_TECHNICAL_ASSESSMENT_M1_SKILL_07""]}",CALIBRATION_PANEL_01,2026-12-31T10:00:00+09:00,SYNTHETIC_HUMAN_SCENARIO,M1_EVIDENCE_RUBRIC_V02
DC_APP0289_M1_SKILL_08_000443,APP0289,C0289,M1_SKILL_08,LIMITED,AGREED,"{""difference_types"":[],""disputed_evidence_ids"":[],""limited_evidence_ids"":[""EV_APP0289_FIRST_INTERVIEW_PRACTITIONER_QA_M1_SKILL_08""],""meaningful_conflict_refs"":[],""missing_evidence_ids"":[],""reason"":""관찰된 직접 근거의 범위가 제한적이다. 자기기술만으로 보완하지 않는다."",""rubric_review"":""직접 관찰의 행동·검증을 검토하며 다른 맥락의 한계와 평가자 차이를 보존한다."",""supporting_observation_ids"":[""OB_FIRST_PANEL_03_ML_ENGINEER_EV_APP0289_FIRST_INTERVIEW_PRACTITIONER_QA_M1_SKILL_08"",""OB_FIRST_PANEL_03_HIRING_MANAGER_EV_APP0289_FIRST_INTERVIEW_PRACTITIONER_QA_M1_SKILL_08"",""OB_FIRST_PANEL_03_TECHNICAL_REVIEWER_EV_APP0289_FIRST_INTERVIEW_PRACTITIONER_QA_M1_SKILL_08""]}",CALIBRATION_PANEL_01,2026-12-31T10:00:00+09:00,SYNTHETIC_HUMAN_SCENARIO,M1_EVIDENCE_RUBRIC_V02
DC_APP0297_M1_SKILL_01_000444,APP0297,C0297,M1_SKILL_01,MODERATE,AGREED,"{""difference_types"":[""EVIDENCE_EVOLUTION""],""disputed_evidence_ids"":[],""limited_evidence_ids"":[],""meaningful_conflict_refs"":[],""missing_evidence_ids"":[],""reason"":""동일 Skill의 독립된 직접 관찰로 수행 범위를 확인했다. 다른 맥락의 제한/모호성은 해당 근거의 한계로 보존한다."",""rubric_review"":""직접 관찰의 행동·검증을 검토하며 다른 맥락의 한계와 평가자 차이를 보존한다."",""supporting_observation_ids"":[""OB_FIRST_PANEL_04_ML_ENGINEER_EV_APP0297_FIRST_INTERVIEW_TECHNICAL_ASSESSMENT_M1_SKILL_01"",""OB_FIRST_PANEL_04_HIRING_MANAGER_EV_APP0297_FIRST_INTERVIEW_TECHNICAL_ASSESSMENT_M1_SKILL_01"",""OB_FIRST_PANEL_04_TECHNICAL_REVIEWER_EV_APP0297_FIRST_INTERVIEW_TECHNICAL_ASSESSMENT_M1_SKILL_01"",""OB_FIRST_PANEL_04_ML_ENGINEER_EV_APP0297_FIRST_INTERVIEW_AI_CASE_M1_SKILL_01"",""OB_FIRST_PANEL_04_HIRING_MANAGER_EV_APP0297_FIRST_INTERVIEW_AI_CASE_M1_SKILL_01"",""OB_FIRST_PANEL_04_TECHNICAL_REVIEWER_EV_APP0297_FIRST_INTERVIEW_AI_CASE_M1_SKILL_01""]}",CALIBRATION_PANEL_01,2026-12-31T10:15:00+09:00,SYNTHETIC_HUMAN_SCENARIO,M1_EVIDENCE_RUBRIC_V02
DC_APP0297_M1_SKILL_02_000445,APP0297,C0297,M1_SKILL_02,MODERATE,AGREED,"{""difference_types"":[],""disputed_evidence_ids"":[],""limited_evidence_ids"":[],""meaningful_conflict_refs"":[],""missing_evidence_ids"":[],""reason"":""동일 Skill의 독립된 직접 관찰로 수행 범위를 확인했다. 다른 맥락의 제한/모호성은 해당 근거의 한계로 보존한다."",""rubric_review"":""직접 관찰의 행동·검증을 검토하며 다른 맥락의 한계와 평가자 차이를 보존한다."",""supporting_observation_ids"":[""OB_FIRST_PANEL_04_ML_ENGINEER_EV_APP0297_FIRST_INTERVIEW_TECHNICAL_ASSESSMENT_M1_SKILL_02"",""OB_FIRST_PANEL_04_HIRING_MANAGER_EV_APP0297_FIRST_INTERVIEW_TECHNICAL_ASSESSMENT_M1_SKILL_02"",""OB_FIRST_PANEL_04_TECHNICAL_REVIEWER_EV_APP0297_FIRST_INTERVIEW_TECHNICAL_ASSESSMENT_M1_SKILL_02""]}",CALIBRATION_PANEL_01,2026-12-31T10:15:00+09:00,SYNTHETIC_HUMAN_SCENARIO,M1_EVIDENCE_RUBRIC_V02
DC_APP0297_M1_SKILL_03_000446,APP0297,C0297,M1_SKILL_03,MODERATE,AGREED,"{""difference_types"":[""EVIDENCE_EVOLUTION"",""CONTEXT_DIFFERENCE""],""disputed_evidence_ids"":[],""limited_evidence_ids"":[""EV_APP0297_FIRST_INTERVIEW_AI_CASE_M1_SKILL_03""],""meaningful_conflict_refs"":[],""missing_evidence_ids"":[],""reason"":""동일 Skill의 독립된 직접 관찰로 수행 범위를 확인했다. 다른 맥락의 제한/모호성은 해당 근거의 한계로 보존한다."",""rubric_review"":""직접 관찰의 행동·검증을 검토하며 다른 맥락의 한계와 평가자 차이를 보존한다."",""supporting_observation_ids"":[""OB_REVIEW_ML_01_EV_APP0297_PRE_ASSESSMENT_CODING_TEST_M1_SKILL_03"",""OB_REVIEW_HM_01_EV_APP0297_PRE_ASSESSMENT_CODING_TEST_M1_SKILL_03""]}",CALIBRATION_PANEL_01,2026-12-31T10:15:00+09:00,SYNTHETIC_HUMAN_SCENARIO,M1_EVIDENCE_RUBRIC_V02
DC_APP0297_M1_SKILL_04_000447,APP0297,C0297,M1_SKILL_04,STRONG,AGREED,"{""difference_types"":[],""disputed_evidence_ids"":[],""limited_evidence_ids"":[],""meaningful_conflict_refs"":[],""missing_evidence_ids"":[],""reason"":""동일 Skill의 독립된 직접 관찰로 수행 범위를 확인했다. 다른 맥락의 제한/모호성은 해당 근거의 한계로 보존한다."",""rubric_review"":""직접 관찰의 행동·검증을 검토하며 다른 맥락의 한계와 평가자 차이를 보존한다."",""supporting_observation_ids"":[""OB_FIRST_PANEL_04_ML_ENGINEER_EV_APP0297_FIRST_INTERVIEW_PRACTITIONER_QA_M1_SKILL_04"",""OB_FIRST_PANEL_04_HIRING_MANAGER_EV_APP0297_FIRST_INTERVIEW_PRACTITIONER_QA_M1_SKILL_04"",""OB_FIRST_PANEL_04_TECHNICAL_REVIEWER_EV_APP0297_FIRST_INTERVIEW_PRACTITIONER_QA_M1_SKILL_04""]}",CALIBRATION_PANEL_01,2026-12-31T10:15:00+09:00,SYNTHETIC_HUMAN_SCENARIO,M1_EVIDENCE_RUBRIC_V02
DC_APP0297_M1_SKILL_05_000448,APP0297,C0297,M1_SKILL_05,,INSUFFICIENT_EVIDENCE,"{""difference_types"":[],""disputed_evidence_ids"":[],""limited_evidence_ids"":[],""meaningful_conflict_refs"":[],""missing_evidence_ids"":[""EV_APP0297_FIRST_INTERVIEW_PRACTITIONER_QA_M1_SKILL_05""],""reason"":""직접 판단 근거 부족. 미관찰을 역량 부재로 해석하지 않는다."",""rubric_review"":""직접 관찰의 행동·검증을 검토하며 다른 맥락의 한계와 평가자 차이를 보존한다."",""supporting_observation_ids"":[]}",CALIBRATION_PANEL_01,2026-12-31T10:15:00+09:00,SYNTHETIC_HUMAN_SCENARIO,M1_EVIDENCE_RUBRIC_V02
DC_APP0297_M1_SKILL_06_000449,APP0297,C0297,M1_SKILL_06,STRONG,AGREED,"{""difference_types"":[],""disputed_evidence_ids"":[],""limited_evidence_ids"":[],""meaningful_conflict_refs"":[],""missing_evidence_ids"":[],""reason"":""동일 Skill의 독립된 직접 관찰로 수행 범위를 확인했다. 다른 맥락의 제한/모호성은 해당 근거의 한계로 보존한다."",""rubric_review"":""직접 관찰의 행동·검증을 검토하며 다른 맥락의 한계와 평가자 차이를 보존한다."",""supporting_observation_ids"":[""OB_FIRST_PANEL_04_ML_ENGINEER_EV_APP0297_FIRST_INTERVIEW_PRACTITIONER_QA_M1_SKILL_06"",""OB_FIRST_PANEL_04_HIRING_MANAGER_EV_APP0297_FIRST_INTERVIEW_PRACTITIONER_QA_M1_SKILL_06"",""OB_FIRST_PANEL_04_TECHNICAL_REVIEWER_EV_APP0297_FIRST_INTERVIEW_PRACTITIONER_QA_M1_SKILL_06""]}",CALIBRATION_PANEL_01,2026-12-31T10:15:00+09:00,SYNTHETIC_HUMAN_SCENARIO,M1_EVIDENCE_RUBRIC_V02
DC_APP0297_M1_SKILL_07_000450,APP0297,C0297,M1_SKILL_07,LIMITED,AGREED,"{""difference_types"":[],""disputed_evidence_ids"":[],""limited_evidence_ids"":[""EV_APP0297_FIRST_INTERVIEW_TECHNICAL_ASSESSMENT_M1_SKILL_07""],""meaningful_conflict_refs"":[],""missing_evidence_ids"":[],""reason"":""관찰된 직접 근거의 범위가 제한적이다. 자기기술만으로 보완하지 않는다."",""rubric_review"":""직접 관찰의 행동·검증을 검토하며 다른 맥락의 한계와 평가자 차이를 보존한다."",""supporting_observation_ids"":[""OB_FIRST_PANEL_04_ML_ENGINEER_EV_APP0297_FIRST_INTERVIEW_TECHNICAL_ASSESSMENT_M1_SKILL_07"",""OB_FIRST_PANEL_04_HIRING_MANAGER_EV_APP0297_FIRST_INTERVIEW_TECHNICAL_ASSESSMENT_M1_SKILL_07"",""OB_FIRST_PANEL_04_TECHNICAL_REVIEWER_EV_APP0297_FIRST_INTERVIEW_TECHNICAL_ASSESSMENT_M1_SKILL_07""]}",CALIBRATION_PANEL_01,2026-12-31T10:15:00+09:00,SYNTHETIC_HUMAN_SCENARIO,M1_EVIDENCE_RUBRIC_V02
DC_APP0297_M1_SKILL_08_000451,APP0297,C0297,M1_SKILL_08,,DISAGREEMENT_REMAINS,"{""difference_types"":[""EVALUATOR_DISAGREEMENT""],""disputed_evidence_ids"":[""EV_APP0297_FIRST_INTERVIEW_PRACTITIONER_QA_M1_SKILL_08""],""limited_evidence_ids"":[],""meaningful_conflict_refs"":[],""missing_evidence_ids"":[],""reason"":""동일 근거에 대한 평가자 해석 차이를 해소할 직접 관찰이 부족하다."",""rubric_review"":""직접 관찰의 행동·검증을 검토하며 다른 맥락의 한계와 평가자 차이를 보존한다."",""supporting_observation_ids"":[]}",CALIBRATION_PANEL_01,2026-12-31T10:15:00+09:00,SYNTHETIC_HUMAN_SCENARIO,M1_EVIDENCE_RUBRIC_V02
DC_APP0300_M1_SKILL_01_000452,APP0300,C0300,M1_SKILL_01,STRONG,AGREED,"{""difference_types"":[""EVIDENCE_EVOLUTION""],""disputed_evidence_ids"":[],""limited_evidence_ids"":[],""meaningful_conflict_refs"":[],""missing_evidence_ids"":[],""reason"":""동일 Skill의 독립된 직접 관찰로 수행 범위를 확인했다. 다른 맥락의 제한/모호성은 해당 근거의 한계로 보존한다."",""rubric_review"":""직접 관찰의 행동·검증을 검토하며 다른 맥락의 한계와 평가자 차이를 보존한다."",""supporting_observation_ids"":[""OB_FIRST_PANEL_05_ML_ENGINEER_EV_APP0300_FIRST_INTERVIEW_TECHNICAL_ASSESSMENT_M1_SKILL_01"",""OB_FIRST_PANEL_05_HIRING_MANAGER_EV_APP0300_FIRST_INTERVIEW_TECHNICAL_ASSESSMENT_M1_SKILL_01"",""OB_FIRST_PANEL_05_TECHNICAL_REVIEWER_EV_APP0300_FIRST_INTERVIEW_TECHNICAL_ASSESSMENT_M1_SKILL_01"",""OB_FIRST_PANEL_05_ML_ENGINEER_EV_APP0300_FIRST_INTERVIEW_AI_CASE_M1_SKILL_01"",""OB_FIRST_PANEL_05_HIRING_MANAGER_EV_APP0300_FIRST_INTERVIEW_AI_CASE_M1_SKILL_01"",""OB_FIRST_PANEL_05_TECHNICAL_REVIEWER_EV_APP0300_FIRST_INTERVIEW_AI_CASE_M1_SKILL_01""]}",CALIBRATION_PANEL_01,2026-12-30T10:15:00+09:00,SYNTHETIC_HUMAN_SCENARIO,M1_EVIDENCE_RUBRIC_V02
DC_APP0300_M1_SKILL_02_000453,APP0300,C0300,M1_SKILL_02,MODERATE,AGREED,"{""difference_types"":[],""disputed_evidence_ids"":[],""limited_evidence_ids"":[],""meaningful_conflict_refs"":[],""missing_evidence_ids"":[],""reason"":""동일 Skill의 독립된 직접 관찰로 수행 범위를 확인했다. 다른 맥락의 제한/모호성은 해당 근거의 한계로 보존한다."",""rubric_review"":""직접 관찰의 행동·검증을 검토하며 다른 맥락의 한계와 평가자 차이를 보존한다."",""supporting_observation_ids"":[""OB_FIRST_PANEL_05_ML_ENGINEER_EV_APP0300_FIRST_INTERVIEW_TECHNICAL_ASSESSMENT_M1_SKILL_02"",""OB_FIRST_PANEL_05_HIRING_MANAGER_EV_APP0300_FIRST_INTERVIEW_TECHNICAL_ASSESSMENT_M1_SKILL_02"",""OB_FIRST_PANEL_05_TECHNICAL_REVIEWER_EV_APP0300_FIRST_INTERVIEW_TECHNICAL_ASSESSMENT_M1_SKILL_02""]}",CALIBRATION_PANEL_01,2026-12-30T10:15:00+09:00,SYNTHETIC_HUMAN_SCENARIO,M1_EVIDENCE_RUBRIC_V02
DC_APP0300_M1_SKILL_03_000454,APP0300,C0300,M1_SKILL_03,STRONG,AGREED,"{""difference_types"":[""EVIDENCE_EVOLUTION""],""disputed_evidence_ids"":[],""limited_evidence_ids"":[],""meaningful_conflict_refs"":[],""missing_evidence_ids"":[],""reason"":""동일 Skill의 독립된 직접 관찰로 수행 범위를 확인했다. 다른 맥락의 제한/모호성은 해당 근거의 한계로 보존한다."",""rubric_review"":""직접 관찰의 행동·검증을 검토하며 다른 맥락의 한계와 평가자 차이를 보존한다."",""supporting_observation_ids"":[""OB_REVIEW_ML_01_EV_APP0300_PRE_ASSESSMENT_CODING_TEST_M1_SKILL_03"",""OB_REVIEW_HM_01_EV_APP0300_PRE_ASSESSMENT_CODING_TEST_M1_SKILL_03"",""OB_FIRST_PANEL_05_ML_ENGINEER_EV_APP0300_FIRST_INTERVIEW_AI_CASE_M1_SKILL_03"",""OB_FIRST_PANEL_05_HIRING_MANAGER_EV_APP0300_FIRST_INTERVIEW_AI_CASE_M1_SKILL_03"",""OB_FIRST_PANEL_05_TECHNICAL_REVIEWER_EV_APP0300_FIRST_INTERVIEW_AI_CASE_M1_SKILL_03""]}",CALIBRATION_PANEL_01,2026-12-30T10:15:00+09:00,SYNTHETIC_HUMAN_SCENARIO,M1_EVIDENCE_RUBRIC_V02
DC_APP0300_M1_SKILL_04_000455,APP0300,C0300,M1_SKILL_04,MODERATE,AGREED,"{""difference_types"":[],""disputed_evidence_ids"":[],""limited_evidence_ids"":[],""meaningful_conflict_refs"":[],""missing_evidence_ids"":[],""reason"":""동일 Skill의 독립된 직접 관찰로 수행 범위를 확인했다. 다른 맥락의 제한/모호성은 해당 근거의 한계로 보존한다."",""rubric_review"":""직접 관찰의 행동·검증을 검토하며 다른 맥락의 한계와 평가자 차이를 보존한다."",""supporting_observation_ids"":[""OB_FIRST_PANEL_05_ML_ENGINEER_EV_APP0300_FIRST_INTERVIEW_PRACTITIONER_QA_M1_SKILL_04"",""OB_FIRST_PANEL_05_HIRING_MANAGER_EV_APP0300_FIRST_INTERVIEW_PRACTITIONER_QA_M1_SKILL_04"",""OB_FIRST_PANEL_05_TECHNICAL_REVIEWER_EV_APP0300_FIRST_INTERVIEW_PRACTITIONER_QA_M1_SKILL_04""]}",CALIBRATION_PANEL_01,2026-12-30T10:15:00+09:00,SYNTHETIC_HUMAN_SCENARIO,M1_EVIDENCE_RUBRIC_V02
DC_APP0300_M1_SKILL_05_000456,APP0300,C0300,M1_SKILL_05,STRONG,AGREED,"{""difference_types"":[],""disputed_evidence_ids"":[],""limited_evidence_ids"":[],""meaningful_conflict_refs"":[],""missing_evidence_ids"":[],""reason"":""동일 Skill의 독립된 직접 관찰로 수행 범위를 확인했다. 다른 맥락의 제한/모호성은 해당 근거의 한계로 보존한다."",""rubric_review"":""직접 관찰의 행동·검증을 검토하며 다른 맥락의 한계와 평가자 차이를 보존한다."",""supporting_observation_ids"":[""OB_FIRST_PANEL_05_ML_ENGINEER_EV_APP0300_FIRST_INTERVIEW_PRACTITIONER_QA_M1_SKILL_05"",""OB_FIRST_PANEL_05_HIRING_MANAGER_EV_APP0300_FIRST_INTERVIEW_PRACTITIONER_QA_M1_SKILL_05"",""OB_FIRST_PANEL_05_TECHNICAL_REVIEWER_EV_APP0300_FIRST_INTERVIEW_PRACTITIONER_QA_M1_SKILL_05""]}",CALIBRATION_PANEL_01,2026-12-30T10:15:00+09:00,SYNTHETIC_HUMAN_SCENARIO,M1_EVIDENCE_RUBRIC_V02
DC_APP0300_M1_SKILL_06_000457,APP0300,C0300,M1_SKILL_06,,DISAGREEMENT_REMAINS,"{""difference_types"":[""EVALUATOR_DISAGREEMENT""],""disputed_evidence_ids"":[""EV_APP0300_FIRST_INTERVIEW_PRACTITIONER_QA_M1_SKILL_06""],""limited_evidence_ids"":[],""meaningful_conflict_refs"":[],""missing_evidence_ids"":[],""reason"":""동일 근거에 대한 평가자 해석 차이를 해소할 직접 관찰이 부족하다."",""rubric_review"":""직접 관찰의 행동·검증을 검토하며 다른 맥락의 한계와 평가자 차이를 보존한다."",""supporting_observation_ids"":[]}",CALIBRATION_PANEL_01,2026-12-30T10:15:00+09:00,SYNTHETIC_HUMAN_SCENARIO,M1_EVIDENCE_RUBRIC_V02
DC_APP0300_M1_SKILL_07_000458,APP0300,C0300,M1_SKILL_07,,INSUFFICIENT_EVIDENCE,"{""difference_types"":[],""disputed_evidence_ids"":[],""limited_evidence_ids"":[],""meaningful_conflict_refs"":[],""missing_evidence_ids"":[""EV_APP0300_FIRST_INTERVIEW_TECHNICAL_ASSESSMENT_M1_SKILL_07""],""reason"":""직접 판단 근거 부족. 미관찰을 역량 부재로 해석하지 않는다."",""rubric_review"":""직접 관찰의 행동·검증을 검토하며 다른 맥락의 한계와 평가자 차이를 보존한다."",""supporting_observation_ids"":[]}",CALIBRATION_PANEL_01,2026-12-30T10:15:00+09:00,SYNTHETIC_HUMAN_SCENARIO,M1_EVIDENCE_RUBRIC_V02
DC_APP0300_M1_SKILL_08_000459,APP0300,C0300,M1_SKILL_08,MODERATE,AGREED,"{""difference_types"":[],""disputed_evidence_ids"":[],""limited_evidence_ids"":[],""meaningful_conflict_refs"":[],""missing_evidence_ids"":[],""reason"":""동일 Skill의 독립된 직접 관찰로 수행 범위를 확인했다. 다른 맥락의 제한/모호성은 해당 근거의 한계로 보존한다."",""rubric_review"":""직접 관찰의 행동·검증을 검토하며 다른 맥락의 한계와 평가자 차이를 보존한다."",""supporting_observation_ids"":[""OB_FIRST_PANEL_05_ML_ENGINEER_EV_APP0300_FIRST_INTERVIEW_PRACTITIONER_QA_M1_SKILL_08"",""OB_FIRST_PANEL_05_HIRING_MANAGER_EV_APP0300_FIRST_INTERVIEW_PRACTITIONER_QA_M1_SKILL_08"",""OB_FIRST_PANEL_05_TECHNICAL_REVIEWER_EV_APP0300_FIRST_INTERVIEW_PRACTITIONER_QA_M1_SKILL_08""]}",CALIBRATION_PANEL_01,2026-12-30T10:15:00+09:00,SYNTHETIC_HUMAN_SCENARIO,M1_EVIDENCE_RUBRIC_V02
DC_APP0309_M1_SKILL_01_000460,APP0309,C0309,M1_SKILL_01,MODERATE,AGREED,"{""difference_types"":[""EVIDENCE_EVOLUTION""],""disputed_evidence_ids"":[],""limited_evidence_ids"":[],""meaningful_conflict_refs"":[],""missing_evidence_ids"":[],""reason"":""동일 Skill의 독립된 직접 관찰로 수행 범위를 확인했다. 다른 맥락의 제한/모호성은 해당 근거의 한계로 보존한다."",""rubric_review"":""직접 관찰의 행동·검증을 검토하며 다른 맥락의 한계와 평가자 차이를 보존한다."",""supporting_observation_ids"":[""OB_FIRST_PANEL_06_ML_ENGINEER_EV_APP0309_FIRST_INTERVIEW_TECHNICAL_ASSESSMENT_M1_SKILL_01"",""OB_FIRST_PANEL_06_HIRING_MANAGER_EV_APP0309_FIRST_INTERVIEW_TECHNICAL_ASSESSMENT_M1_SKILL_01"",""OB_FIRST_PANEL_06_TECHNICAL_REVIEWER_EV_APP0309_FIRST_INTERVIEW_TECHNICAL_ASSESSMENT_M1_SKILL_01"",""OB_FIRST_PANEL_06_ML_ENGINEER_EV_APP0309_FIRST_INTERVIEW_AI_CASE_M1_SKILL_01"",""OB_FIRST_PANEL_06_HIRING_MANAGER_EV_APP0309_FIRST_INTERVIEW_AI_CASE_M1_SKILL_01"",""OB_FIRST_PANEL_06_TECHNICAL_REVIEWER_EV_APP0309_FIRST_INTERVIEW_AI_CASE_M1_SKILL_01""]}",CALIBRATION_PANEL_01,2026-12-29T10:15:00+09:00,SYNTHETIC_HUMAN_SCENARIO,M1_EVIDENCE_RUBRIC_V02
DC_APP0309_M1_SKILL_02_000461,APP0309,C0309,M1_SKILL_02,,DISAGREEMENT_REMAINS,"{""difference_types"":[""EVALUATOR_DISAGREEMENT""],""disputed_evidence_ids"":[""EV_APP0309_FIRST_INTERVIEW_TECHNICAL_ASSESSMENT_M1_SKILL_02""],""limited_evidence_ids"":[],""meaningful_conflict_refs"":[],""missing_evidence_ids"":[],""reason"":""동일 근거에 대한 평가자 해석 차이를 해소할 직접 관찰이 부족하다."",""rubric_review"":""직접 관찰의 행동·검증을 검토하며 다른 맥락의 한계와 평가자 차이를 보존한다."",""supporting_observation_ids"":[]}",CALIBRATION_PANEL_01,2026-12-29T10:15:00+09:00,SYNTHETIC_HUMAN_SCENARIO,M1_EVIDENCE_RUBRIC_V02
DC_APP0309_M1_SKILL_03_000462,APP0309,C0309,M1_SKILL_03,MODERATE,AGREED,"{""difference_types"":[""EVIDENCE_EVOLUTION""],""disputed_evidence_ids"":[],""limited_evidence_ids"":[],""meaningful_conflict_refs"":[],""missing_evidence_ids"":[],""reason"":""동일 Skill의 독립된 직접 관찰로 수행 범위를 확인했다. 다른 맥락의 제한/모호성은 해당 근거의 한계로 보존한다."",""rubric_review"":""직접 관찰의 행동·검증을 검토하며 다른 맥락의 한계와 평가자 차이를 보존한다."",""supporting_observation_ids"":[""OB_REVIEW_ML_01_EV_APP0309_PRE_ASSESSMENT_CODING_TEST_M1_SKILL_03"",""OB_REVIEW_HM_01_EV_APP0309_PRE_ASSESSMENT_CODING_TEST_M1_SKILL_03"",""OB_FIRST_PANEL_06_ML_ENGINEER_EV_APP0309_FIRST_INTERVIEW_AI_CASE_M1_SKILL_03"",""OB_FIRST_PANEL_06_HIRING_MANAGER_EV_APP0309_FIRST_INTERVIEW_AI_CASE_M1_SKILL_03"",""OB_FIRST_PANEL_06_TECHNICAL_REVIEWER_EV_APP0309_FIRST_INTERVIEW_AI_CASE_M1_SKILL_03""]}",CALIBRATION_PANEL_01,2026-12-29T10:15:00+09:00,SYNTHETIC_HUMAN_SCENARIO,M1_EVIDENCE_RUBRIC_V02
DC_APP0309_M1_SKILL_04_000463,APP0309,C0309,M1_SKILL_04,MODERATE,AGREED,"{""difference_types"":[],""disputed_evidence_ids"":[],""limited_evidence_ids"":[],""meaningful_conflict_refs"":[],""missing_evidence_ids"":[],""reason"":""동일 Skill의 독립된 직접 관찰로 수행 범위를 확인했다. 다른 맥락의 제한/모호성은 해당 근거의 한계로 보존한다."",""rubric_review"":""직접 관찰의 행동·검증을 검토하며 다른 맥락의 한계와 평가자 차이를 보존한다."",""supporting_observation_ids"":[""OB_FIRST_PANEL_06_ML_ENGINEER_EV_APP0309_FIRST_INTERVIEW_PRACTITIONER_QA_M1_SKILL_04"",""OB_FIRST_PANEL_06_HIRING_MANAGER_EV_APP0309_FIRST_INTERVIEW_PRACTITIONER_QA_M1_SKILL_04"",""OB_FIRST_PANEL_06_TECHNICAL_REVIEWER_EV_APP0309_FIRST_INTERVIEW_PRACTITIONER_QA_M1_SKILL_04""]}",CALIBRATION_PANEL_01,2026-12-29T10:15:00+09:00,SYNTHETIC_HUMAN_SCENARIO,M1_EVIDENCE_RUBRIC_V02
DC_APP0309_M1_SKILL_05_000464,APP0309,C0309,M1_SKILL_05,MODERATE,AGREED,"{""difference_types"":[],""disputed_evidence_ids"":[],""limited_evidence_ids"":[],""meaningful_conflict_refs"":[],""missing_evidence_ids"":[],""reason"":""동일 Skill의 독립된 직접 관찰로 수행 범위를 확인했다. 다른 맥락의 제한/모호성은 해당 근거의 한계로 보존한다."",""rubric_review"":""직접 관찰의 행동·검증을 검토하며 다른 맥락의 한계와 평가자 차이를 보존한다."",""supporting_observation_ids"":[""OB_FIRST_PANEL_06_ML_ENGINEER_EV_APP0309_FIRST_INTERVIEW_PRACTITIONER_QA_M1_SKILL_05"",""OB_FIRST_PANEL_06_HIRING_MANAGER_EV_APP0309_FIRST_INTERVIEW_PRACTITIONER_QA_M1_SKILL_05"",""OB_FIRST_PANEL_06_TECHNICAL_REVIEWER_EV_APP0309_FIRST_INTERVIEW_PRACTITIONER_QA_M1_SKILL_05""]}",CALIBRATION_PANEL_01,2026-12-29T10:15:00+09:00,SYNTHETIC_HUMAN_SCENARIO,M1_EVIDENCE_RUBRIC_V02
DC_APP0309_M1_SKILL_06_000465,APP0309,C0309,M1_SKILL_06,MODERATE,AGREED,"{""difference_types"":[],""disputed_evidence_ids"":[],""limited_evidence_ids"":[],""meaningful_conflict_refs"":[],""missing_evidence_ids"":[],""reason"":""동일 Skill의 독립된 직접 관찰로 수행 범위를 확인했다. 다른 맥락의 제한/모호성은 해당 근거의 한계로 보존한다."",""rubric_review"":""직접 관찰의 행동·검증을 검토하며 다른 맥락의 한계와 평가자 차이를 보존한다."",""supporting_observation_ids"":[""OB_FIRST_PANEL_06_ML_ENGINEER_EV_APP0309_FIRST_INTERVIEW_PRACTITIONER_QA_M1_SKILL_06"",""OB_FIRST_PANEL_06_HIRING_MANAGER_EV_APP0309_FIRST_INTERVIEW_PRACTITIONER_QA_M1_SKILL_06"",""OB_FIRST_PANEL_06_TECHNICAL_REVIEWER_EV_APP0309_FIRST_INTERVIEW_PRACTITIONER_QA_M1_SKILL_06""]}",CALIBRATION_PANEL_01,2026-12-29T10:15:00+09:00,SYNTHETIC_HUMAN_SCENARIO,M1_EVIDENCE_RUBRIC_V02
DC_APP0309_M1_SKILL_07_000466,APP0309,C0309,M1_SKILL_07,MODERATE,AGREED,"{""difference_types"":[],""disputed_evidence_ids"":[],""limited_evidence_ids"":[],""meaningful_conflict_refs"":[],""missing_evidence_ids"":[],""reason"":""동일 Skill의 독립된 직접 관찰로 수행 범위를 확인했다. 다른 맥락의 제한/모호성은 해당 근거의 한계로 보존한다."",""rubric_review"":""직접 관찰의 행동·검증을 검토하며 다른 맥락의 한계와 평가자 차이를 보존한다."",""supporting_observation_ids"":[""OB_FIRST_PANEL_06_ML_ENGINEER_EV_APP0309_FIRST_INTERVIEW_TECHNICAL_ASSESSMENT_M1_SKILL_07"",""OB_FIRST_PANEL_06_HIRING_MANAGER_EV_APP0309_FIRST_INTERVIEW_TECHNICAL_ASSESSMENT_M1_SKILL_07"",""OB_FIRST_PANEL_06_TECHNICAL_REVIEWER_EV_APP0309_FIRST_INTERVIEW_TECHNICAL_ASSESSMENT_M1_SKILL_07""]}",CALIBRATION_PANEL_01,2026-12-29T10:15:00+09:00,SYNTHETIC_HUMAN_SCENARIO,M1_EVIDENCE_RUBRIC_V02
DC_APP0309_M1_SKILL_08_000467,APP0309,C0309,M1_SKILL_08,MODERATE,AGREED,"{""difference_types"":[],""disputed_evidence_ids"":[],""limited_evidence_ids"":[],""meaningful_conflict_refs"":[],""missing_evidence_ids"":[],""reason"":""동일 Skill의 독립된 직접 관찰로 수행 범위를 확인했다. 다른 맥락의 제한/모호성은 해당 근거의 한계로 보존한다."",""rubric_review"":""직접 관찰의 행동·검증을 검토하며 다른 맥락의 한계와 평가자 차이를 보존한다."",""supporting_observation_ids"":[""OB_FIRST_PANEL_06_ML_ENGINEER_EV_APP0309_FIRST_INTERVIEW_PRACTITIONER_QA_M1_SKILL_08"",""OB_FIRST_PANEL_06_HIRING_MANAGER_EV_APP0309_FIRST_INTERVIEW_PRACTITIONER_QA_M1_SKILL_08"",""OB_FIRST_PANEL_06_TECHNICAL_REVIEWER_EV_APP0309_FIRST_INTERVIEW_PRACTITIONER_QA_M1_SKILL_08""]}",CALIBRATION_PANEL_01,2026-12-29T10:15:00+09:00,SYNTHETIC_HUMAN_SCENARIO,M1_EVIDENCE_RUBRIC_V02
DC_APP0324_M1_SKILL_01_000468,APP0324,C0324,M1_SKILL_01,MODERATE,AGREED,"{""difference_types"":[""EVIDENCE_EVOLUTION""],""disputed_evidence_ids"":[],""limited_evidence_ids"":[],""meaningful_conflict_refs"":[],""missing_evidence_ids"":[],""reason"":""동일 Skill의 독립된 직접 관찰로 수행 범위를 확인했다. 다른 맥락의 제한/모호성은 해당 근거의 한계로 보존한다."",""rubric_review"":""직접 관찰의 행동·검증을 검토하며 다른 맥락의 한계와 평가자 차이를 보존한다."",""supporting_observation_ids"":[""OB_FIRST_PANEL_07_ML_ENGINEER_EV_APP0324_FIRST_INTERVIEW_TECHNICAL_ASSESSMENT_M1_SKILL_01"",""OB_FIRST_PANEL_07_HIRING_MANAGER_EV_APP0324_FIRST_INTERVIEW_TECHNICAL_ASSESSMENT_M1_SKILL_01"",""OB_FIRST_PANEL_07_TECHNICAL_REVIEWER_EV_APP0324_FIRST_INTERVIEW_TECHNICAL_ASSESSMENT_M1_SKILL_01"",""OB_FIRST_PANEL_07_ML_ENGINEER_EV_APP0324_FIRST_INTERVIEW_AI_CASE_M1_SKILL_01"",""OB_FIRST_PANEL_07_HIRING_MANAGER_EV_APP0324_FIRST_INTERVIEW_AI_CASE_M1_SKILL_01"",""OB_FIRST_PANEL_07_TECHNICAL_REVIEWER_EV_APP0324_FIRST_INTERVIEW_AI_CASE_M1_SKILL_01""]}",CALIBRATION_PANEL_01,2026-12-30T10:15:00+09:00,SYNTHETIC_HUMAN_SCENARIO,M1_EVIDENCE_RUBRIC_V02
DC_APP0324_M1_SKILL_02_000469,APP0324,C0324,M1_SKILL_02,,INSUFFICIENT_EVIDENCE,"{""difference_types"":[],""disputed_evidence_ids"":[],""limited_evidence_ids"":[],""meaningful_conflict_refs"":[],""missing_evidence_ids"":[""EV_APP0324_FIRST_INTERVIEW_TECHNICAL_ASSESSMENT_M1_SKILL_02""],""reason"":""직접 판단 근거 부족. 미관찰을 역량 부재로 해석하지 않는다."",""rubric_review"":""직접 관찰의 행동·검증을 검토하며 다른 맥락의 한계와 평가자 차이를 보존한다."",""supporting_observation_ids"":[]}",CALIBRATION_PANEL_01,2026-12-30T10:15:00+09:00,SYNTHETIC_HUMAN_SCENARIO,M1_EVIDENCE_RUBRIC_V02
DC_APP0324_M1_SKILL_03_000470,APP0324,C0324,M1_SKILL_03,MODERATE,AGREED,"{""difference_types"":[""EVIDENCE_EVOLUTION""],""disputed_evidence_ids"":[],""limited_evidence_ids"":[],""meaningful_conflict_refs"":[],""missing_evidence_ids"":[""EV_APP0324_FIRST_INTERVIEW_AI_CASE_M1_SKILL_03""],""reason"":""동일 Skill의 독립된 직접 관찰로 수행 범위를 확인했다. 다른 맥락의 제한/모호성은 해당 근거의 한계로 보존한다."",""rubric_review"":""직접 관찰의 행동·검증을 검토하며 다른 맥락의 한계와 평가자 차이를 보존한다."",""supporting_observation_ids"":[""OB_REVIEW_ML_01_EV_APP0324_PRE_ASSESSMENT_CODING_TEST_M1_SKILL_03"",""OB_REVIEW_HM_01_EV_APP0324_PRE_ASSESSMENT_CODING_TEST_M1_SKILL_03""]}",CALIBRATION_PANEL_01,2026-12-30T10:15:00+09:00,SYNTHETIC_HUMAN_SCENARIO,M1_EVIDENCE_RUBRIC_V02
DC_APP0324_M1_SKILL_04_000471,APP0324,C0324,M1_SKILL_04,MODERATE,AGREED,"{""difference_types"":[],""disputed_evidence_ids"":[],""limited_evidence_ids"":[],""meaningful_conflict_refs"":[],""missing_evidence_ids"":[],""reason"":""동일 Skill의 독립된 직접 관찰로 수행 범위를 확인했다. 다른 맥락의 제한/모호성은 해당 근거의 한계로 보존한다."",""rubric_review"":""직접 관찰의 행동·검증을 검토하며 다른 맥락의 한계와 평가자 차이를 보존한다."",""supporting_observation_ids"":[""OB_FIRST_PANEL_07_ML_ENGINEER_EV_APP0324_FIRST_INTERVIEW_PRACTITIONER_QA_M1_SKILL_04"",""OB_FIRST_PANEL_07_HIRING_MANAGER_EV_APP0324_FIRST_INTERVIEW_PRACTITIONER_QA_M1_SKILL_04"",""OB_FIRST_PANEL_07_TECHNICAL_REVIEWER_EV_APP0324_FIRST_INTERVIEW_PRACTITIONER_QA_M1_SKILL_04""]}",CALIBRATION_PANEL_01,2026-12-30T10:15:00+09:00,SYNTHETIC_HUMAN_SCENARIO,M1_EVIDENCE_RUBRIC_V02
DC_APP0324_M1_SKILL_05_000472,APP0324,C0324,M1_SKILL_05,MODERATE,AGREED,"{""difference_types"":[],""disputed_evidence_ids"":[],""limited_evidence_ids"":[],""meaningful_conflict_refs"":[],""missing_evidence_ids"":[],""reason"":""동일 Skill의 독립된 직접 관찰로 수행 범위를 확인했다. 다른 맥락의 제한/모호성은 해당 근거의 한계로 보존한다."",""rubric_review"":""직접 관찰의 행동·검증을 검토하며 다른 맥락의 한계와 평가자 차이를 보존한다."",""supporting_observation_ids"":[""OB_FIRST_PANEL_07_ML_ENGINEER_EV_APP0324_FIRST_INTERVIEW_PRACTITIONER_QA_M1_SKILL_05"",""OB_FIRST_PANEL_07_HIRING_MANAGER_EV_APP0324_FIRST_INTERVIEW_PRACTITIONER_QA_M1_SKILL_05"",""OB_FIRST_PANEL_07_TECHNICAL_REVIEWER_EV_APP0324_FIRST_INTERVIEW_PRACTITIONER_QA_M1_SKILL_05""]}",CALIBRATION_PANEL_01,2026-12-30T10:15:00+09:00,SYNTHETIC_HUMAN_SCENARIO,M1_EVIDENCE_RUBRIC_V02
DC_APP0324_M1_SKILL_06_000473,APP0324,C0324,M1_SKILL_06,,INSUFFICIENT_EVIDENCE,"{""difference_types"":[],""disputed_evidence_ids"":[],""limited_evidence_ids"":[],""meaningful_conflict_refs"":[],""missing_evidence_ids"":[""EV_APP0324_FIRST_INTERVIEW_PRACTITIONER_QA_M1_SKILL_06""],""reason"":""직접 판단 근거 부족. 미관찰을 역량 부재로 해석하지 않는다."",""rubric_review"":""직접 관찰의 행동·검증을 검토하며 다른 맥락의 한계와 평가자 차이를 보존한다."",""supporting_observation_ids"":[]}",CALIBRATION_PANEL_01,2026-12-30T10:15:00+09:00,SYNTHETIC_HUMAN_SCENARIO,M1_EVIDENCE_RUBRIC_V02
DC_APP0324_M1_SKILL_07_000474,APP0324,C0324,M1_SKILL_07,LIMITED,AGREED,"{""difference_types"":[],""disputed_evidence_ids"":[],""limited_evidence_ids"":[""EV_APP0324_FIRST_INTERVIEW_TECHNICAL_ASSESSMENT_M1_SKILL_07""],""meaningful_conflict_refs"":[],""missing_evidence_ids"":[],""reason"":""관찰된 직접 근거의 범위가 제한적이다. 자기기술만으로 보완하지 않는다."",""rubric_review"":""직접 관찰의 행동·검증을 검토하며 다른 맥락의 한계와 평가자 차이를 보존한다."",""supporting_observation_ids"":[""OB_FIRST_PANEL_07_ML_ENGINEER_EV_APP0324_FIRST_INTERVIEW_TECHNICAL_ASSESSMENT_M1_SKILL_07"",""OB_FIRST_PANEL_07_HIRING_MANAGER_EV_APP0324_FIRST_INTERVIEW_TECHNICAL_ASSESSMENT_M1_SKILL_07"",""OB_FIRST_PANEL_07_TECHNICAL_REVIEWER_EV_APP0324_FIRST_INTERVIEW_TECHNICAL_ASSESSMENT_M1_SKILL_07""]}",CALIBRATION_PANEL_01,2026-12-30T10:15:00+09:00,SYNTHETIC_HUMAN_SCENARIO,M1_EVIDENCE_RUBRIC_V02
DC_APP0324_M1_SKILL_08_000475,APP0324,C0324,M1_SKILL_08,,DISAGREEMENT_REMAINS,"{""difference_types"":[""EVALUATOR_DISAGREEMENT""],""disputed_evidence_ids"":[""EV_APP0324_FIRST_INTERVIEW_PRACTITIONER_QA_M1_SKILL_08""],""limited_evidence_ids"":[],""meaningful_conflict_refs"":[],""missing_evidence_ids"":[],""reason"":""동일 근거에 대한 평가자 해석 차이를 해소할 직접 관찰이 부족하다."",""rubric_review"":""직접 관찰의 행동·검증을 검토하며 다른 맥락의 한계와 평가자 차이를 보존한다."",""supporting_observation_ids"":[]}",CALIBRATION_PANEL_01,2026-12-30T10:15:00+09:00,SYNTHETIC_HUMAN_SCENARIO,M1_EVIDENCE_RUBRIC_V02
DC_APP0325_M1_SKILL_01_000476,APP0325,C0325,M1_SKILL_01,STRONG,AGREED,"{""difference_types"":[""EVIDENCE_EVOLUTION"",""EVALUATOR_DISAGREEMENT""],""disputed_evidence_ids"":[""EV_APP0325_FIRST_INTERVIEW_TECHNICAL_ASSESSMENT_M1_SKILL_01""],""limited_evidence_ids"":[],""meaningful_conflict_refs"":[],""missing_evidence_ids"":[],""reason"":""동일 Skill의 독립된 직접 관찰로 수행 범위를 확인했다. 다른 맥락의 제한/모호성은 해당 근거의 한계로 보존한다."",""rubric_review"":""직접 관찰의 행동·검증을 검토하며 다른 맥락의 한계와 평가자 차이를 보존한다."",""supporting_observation_ids"":[""OB_FIRST_PANEL_08_ML_ENGINEER_EV_APP0325_FIRST_INTERVIEW_AI_CASE_M1_SKILL_01"",""OB_FIRST_PANEL_08_HIRING_MANAGER_EV_APP0325_FIRST_INTERVIEW_AI_CASE_M1_SKILL_01"",""OB_FIRST_PANEL_08_TECHNICAL_REVIEWER_EV_APP0325_FIRST_INTERVIEW_AI_CASE_M1_SKILL_01""]}",CALIBRATION_PANEL_01,2026-12-30T10:15:00+09:00,SYNTHETIC_HUMAN_SCENARIO,M1_EVIDENCE_RUBRIC_V02
DC_APP0325_M1_SKILL_02_000477,APP0325,C0325,M1_SKILL_02,MODERATE,AGREED,"{""difference_types"":[],""disputed_evidence_ids"":[],""limited_evidence_ids"":[],""meaningful_conflict_refs"":[],""missing_evidence_ids"":[],""reason"":""동일 Skill의 독립된 직접 관찰로 수행 범위를 확인했다. 다른 맥락의 제한/모호성은 해당 근거의 한계로 보존한다."",""rubric_review"":""직접 관찰의 행동·검증을 검토하며 다른 맥락의 한계와 평가자 차이를 보존한다."",""supporting_observation_ids"":[""OB_FIRST_PANEL_08_ML_ENGINEER_EV_APP0325_FIRST_INTERVIEW_TECHNICAL_ASSESSMENT_M1_SKILL_02"",""OB_FIRST_PANEL_08_HIRING_MANAGER_EV_APP0325_FIRST_INTERVIEW_TECHNICAL_ASSESSMENT_M1_SKILL_02"",""OB_FIRST_PANEL_08_TECHNICAL_REVIEWER_EV_APP0325_FIRST_INTERVIEW_TECHNICAL_ASSESSMENT_M1_SKILL_02""]}",CALIBRATION_PANEL_01,2026-12-30T10:15:00+09:00,SYNTHETIC_HUMAN_SCENARIO,M1_EVIDENCE_RUBRIC_V02
DC_APP0325_M1_SKILL_03_000478,APP0325,C0325,M1_SKILL_03,MODERATE,AGREED,"{""difference_types"":[""EVIDENCE_EVOLUTION"",""EVALUATOR_DISAGREEMENT""],""disputed_evidence_ids"":[""EV_APP0325_PRE_ASSESSMENT_CODING_TEST_M1_SKILL_03""],""limited_evidence_ids"":[],""meaningful_conflict_refs"":[],""missing_evidence_ids"":[],""reason"":""동일 Skill의 독립된 직접 관찰로 수행 범위를 확인했다. 다른 맥락의 제한/모호성은 해당 근거의 한계로 보존한다."",""rubric_review"":""직접 관찰의 행동·검증을 검토하며 다른 맥락의 한계와 평가자 차이를 보존한다."",""supporting_observation_ids"":[""OB_FIRST_PANEL_08_ML_ENGINEER_EV_APP0325_FIRST_INTERVIEW_AI_CASE_M1_SKILL_03"",""OB_FIRST_PANEL_08_HIRING_MANAGER_EV_APP0325_FIRST_INTERVIEW_AI_CASE_M1_SKILL_03"",""OB_FIRST_PANEL_08_TECHNICAL_REVIEWER_EV_APP0325_FIRST_INTERVIEW_AI_CASE_M1_SKILL_03""]}",CALIBRATION_PANEL_01,2026-12-30T10:15:00+09:00,SYNTHETIC_HUMAN_SCENARIO,M1_EVIDENCE_RUBRIC_V02
DC_APP0325_M1_SKILL_04_000479,APP0325,C0325,M1_SKILL_04,MODERATE,AGREED,"{""difference_types"":[],""disputed_evidence_ids"":[],""limited_evidence_ids"":[],""meaningful_conflict_refs"":[],""missing_evidence_ids"":[],""reason"":""동일 Skill의 독립된 직접 관찰로 수행 범위를 확인했다. 다른 맥락의 제한/모호성은 해당 근거의 한계로 보존한다."",""rubric_review"":""직접 관찰의 행동·검증을 검토하며 다른 맥락의 한계와 평가자 차이를 보존한다."",""supporting_observation_ids"":[""OB_FIRST_PANEL_08_ML_ENGINEER_EV_APP0325_FIRST_INTERVIEW_PRACTITIONER_QA_M1_SKILL_04"",""OB_FIRST_PANEL_08_HIRING_MANAGER_EV_APP0325_FIRST_INTERVIEW_PRACTITIONER_QA_M1_SKILL_04"",""OB_FIRST_PANEL_08_TECHNICAL_REVIEWER_EV_APP0325_FIRST_INTERVIEW_PRACTITIONER_QA_M1_SKILL_04""]}",CALIBRATION_PANEL_01,2026-12-30T10:15:00+09:00,SYNTHETIC_HUMAN_SCENARIO,M1_EVIDENCE_RUBRIC_V02
DC_APP0325_M1_SKILL_05_000480,APP0325,C0325,M1_SKILL_05,,INSUFFICIENT_EVIDENCE,"{""difference_types"":[],""disputed_evidence_ids"":[],""limited_evidence_ids"":[],""meaningful_conflict_refs"":[],""missing_evidence_ids"":[""EV_APP0325_FIRST_INTERVIEW_PRACTITIONER_QA_M1_SKILL_05""],""reason"":""직접 판단 근거 부족. 미관찰을 역량 부재로 해석하지 않는다."",""rubric_review"":""직접 관찰의 행동·검증을 검토하며 다른 맥락의 한계와 평가자 차이를 보존한다."",""supporting_observation_ids"":[]}",CALIBRATION_PANEL_01,2026-12-30T10:15:00+09:00,SYNTHETIC_HUMAN_SCENARIO,M1_EVIDENCE_RUBRIC_V02
DC_APP0325_M1_SKILL_06_000481,APP0325,C0325,M1_SKILL_06,STRONG,AGREED,"{""difference_types"":[],""disputed_evidence_ids"":[],""limited_evidence_ids"":[],""meaningful_conflict_refs"":[],""missing_evidence_ids"":[],""reason"":""동일 Skill의 독립된 직접 관찰로 수행 범위를 확인했다. 다른 맥락의 제한/모호성은 해당 근거의 한계로 보존한다."",""rubric_review"":""직접 관찰의 행동·검증을 검토하며 다른 맥락의 한계와 평가자 차이를 보존한다."",""supporting_observation_ids"":[""OB_FIRST_PANEL_08_ML_ENGINEER_EV_APP0325_FIRST_INTERVIEW_PRACTITIONER_QA_M1_SKILL_06"",""OB_FIRST_PANEL_08_HIRING_MANAGER_EV_APP0325_FIRST_INTERVIEW_PRACTITIONER_QA_M1_SKILL_06"",""OB_FIRST_PANEL_08_TECHNICAL_REVIEWER_EV_APP0325_FIRST_INTERVIEW_PRACTITIONER_QA_M1_SKILL_06""]}",CALIBRATION_PANEL_01,2026-12-30T10:15:00+09:00,SYNTHETIC_HUMAN_SCENARIO,M1_EVIDENCE_RUBRIC_V02
DC_APP0325_M1_SKILL_07_000482,APP0325,C0325,M1_SKILL_07,LIMITED,AGREED,"{""difference_types"":[],""disputed_evidence_ids"":[],""limited_evidence_ids"":[""EV_APP0325_FIRST_INTERVIEW_TECHNICAL_ASSESSMENT_M1_SKILL_07""],""meaningful_conflict_refs"":[],""missing_evidence_ids"":[],""reason"":""관찰된 직접 근거의 범위가 제한적이다. 자기기술만으로 보완하지 않는다."",""rubric_review"":""직접 관찰의 행동·검증을 검토하며 다른 맥락의 한계와 평가자 차이를 보존한다."",""supporting_observation_ids"":[""OB_FIRST_PANEL_08_ML_ENGINEER_EV_APP0325_FIRST_INTERVIEW_TECHNICAL_ASSESSMENT_M1_SKILL_07"",""OB_FIRST_PANEL_08_HIRING_MANAGER_EV_APP0325_FIRST_INTERVIEW_TECHNICAL_ASSESSMENT_M1_SKILL_07"",""OB_FIRST_PANEL_08_TECHNICAL_REVIEWER_EV_APP0325_FIRST_INTERVIEW_TECHNICAL_ASSESSMENT_M1_SKILL_07""]}",CALIBRATION_PANEL_01,2026-12-30T10:15:00+09:00,SYNTHETIC_HUMAN_SCENARIO,M1_EVIDENCE_RUBRIC_V02
DC_APP0325_M1_SKILL_08_000483,APP0325,C0325,M1_SKILL_08,STRONG,AGREED,"{""difference_types"":[],""disputed_evidence_ids"":[],""limited_evidence_ids"":[],""meaningful_conflict_refs"":[],""missing_evidence_ids"":[],""reason"":""동일 Skill의 독립된 직접 관찰로 수행 범위를 확인했다. 다른 맥락의 제한/모호성은 해당 근거의 한계로 보존한다."",""rubric_review"":""직접 관찰의 행동·검증을 검토하며 다른 맥락의 한계와 평가자 차이를 보존한다."",""supporting_observation_ids"":[""OB_FIRST_PANEL_08_ML_ENGINEER_EV_APP0325_FIRST_INTERVIEW_PRACTITIONER_QA_M1_SKILL_08"",""OB_FIRST_PANEL_08_HIRING_MANAGER_EV_APP0325_FIRST_INTERVIEW_PRACTITIONER_QA_M1_SKILL_08"",""OB_FIRST_PANEL_08_TECHNICAL_REVIEWER_EV_APP0325_FIRST_INTERVIEW_PRACTITIONER_QA_M1_SKILL_08""]}",CALIBRATION_PANEL_01,2026-12-30T10:15:00+09:00,SYNTHETIC_HUMAN_SCENARIO,M1_EVIDENCE_RUBRIC_V02
DC_APP0342_M1_SKILL_01_000484,APP0342,C0342,M1_SKILL_01,STRONG,AGREED,"{""difference_types"":[""EVIDENCE_EVOLUTION""],""disputed_evidence_ids"":[],""limited_evidence_ids"":[],""meaningful_conflict_refs"":[],""missing_evidence_ids"":[],""reason"":""동일 Skill의 독립된 직접 관찰로 수행 범위를 확인했다. 다른 맥락의 제한/모호성은 해당 근거의 한계로 보존한다."",""rubric_review"":""직접 관찰의 행동·검증을 검토하며 다른 맥락의 한계와 평가자 차이를 보존한다."",""supporting_observation_ids"":[""OB_FIRST_PANEL_09_ML_ENGINEER_EV_APP0342_FIRST_INTERVIEW_TECHNICAL_ASSESSMENT_M1_SKILL_01"",""OB_FIRST_PANEL_09_HIRING_MANAGER_EV_APP0342_FIRST_INTERVIEW_TECHNICAL_ASSESSMENT_M1_SKILL_01"",""OB_FIRST_PANEL_09_TECHNICAL_REVIEWER_EV_APP0342_FIRST_INTERVIEW_TECHNICAL_ASSESSMENT_M1_SKILL_01"",""OB_FIRST_PANEL_09_ML_ENGINEER_EV_APP0342_FIRST_INTERVIEW_AI_CASE_M1_SKILL_01"",""OB_FIRST_PANEL_09_HIRING_MANAGER_EV_APP0342_FIRST_INTERVIEW_AI_CASE_M1_SKILL_01"",""OB_FIRST_PANEL_09_TECHNICAL_REVIEWER_EV_APP0342_FIRST_INTERVIEW_AI_CASE_M1_SKILL_01""]}",CALIBRATION_PANEL_01,2026-12-29T10:00:00+09:00,SYNTHETIC_HUMAN_SCENARIO,M1_EVIDENCE_RUBRIC_V02
DC_APP0342_M1_SKILL_02_000485,APP0342,C0342,M1_SKILL_02,STRONG,AGREED,"{""difference_types"":[],""disputed_evidence_ids"":[],""limited_evidence_ids"":[],""meaningful_conflict_refs"":[],""missing_evidence_ids"":[],""reason"":""동일 Skill의 독립된 직접 관찰로 수행 범위를 확인했다. 다른 맥락의 제한/모호성은 해당 근거의 한계로 보존한다."",""rubric_review"":""직접 관찰의 행동·검증을 검토하며 다른 맥락의 한계와 평가자 차이를 보존한다."",""supporting_observation_ids"":[""OB_FIRST_PANEL_09_ML_ENGINEER_EV_APP0342_FIRST_INTERVIEW_TECHNICAL_ASSESSMENT_M1_SKILL_02"",""OB_FIRST_PANEL_09_HIRING_MANAGER_EV_APP0342_FIRST_INTERVIEW_TECHNICAL_ASSESSMENT_M1_SKILL_02"",""OB_FIRST_PANEL_09_TECHNICAL_REVIEWER_EV_APP0342_FIRST_INTERVIEW_TECHNICAL_ASSESSMENT_M1_SKILL_02""]}",CALIBRATION_PANEL_01,2026-12-29T10:00:00+09:00,SYNTHETIC_HUMAN_SCENARIO,M1_EVIDENCE_RUBRIC_V02
DC_APP0342_M1_SKILL_03_000486,APP0342,C0342,M1_SKILL_03,STRONG,AGREED,"{""difference_types"":[""EVIDENCE_EVOLUTION""],""disputed_evidence_ids"":[],""limited_evidence_ids"":[],""meaningful_conflict_refs"":[],""missing_evidence_ids"":[],""reason"":""동일 Skill의 독립된 직접 관찰로 수행 범위를 확인했다. 다른 맥락의 제한/모호성은 해당 근거의 한계로 보존한다."",""rubric_review"":""직접 관찰의 행동·검증을 검토하며 다른 맥락의 한계와 평가자 차이를 보존한다."",""supporting_observation_ids"":[""OB_REVIEW_ML_01_EV_APP0342_PRE_ASSESSMENT_CODING_TEST_M1_SKILL_03"",""OB_REVIEW_HM_01_EV_APP0342_PRE_ASSESSMENT_CODING_TEST_M1_SKILL_03"",""OB_FIRST_PANEL_09_ML_ENGINEER_EV_APP0342_FIRST_INTERVIEW_AI_CASE_M1_SKILL_03"",""OB_FIRST_PANEL_09_HIRING_MANAGER_EV_APP0342_FIRST_INTERVIEW_AI_CASE_M1_SKILL_03"",""OB_FIRST_PANEL_09_TECHNICAL_REVIEWER_EV_APP0342_FIRST_INTERVIEW_AI_CASE_M1_SKILL_03""]}",CALIBRATION_PANEL_01,2026-12-29T10:00:00+09:00,SYNTHETIC_HUMAN_SCENARIO,M1_EVIDENCE_RUBRIC_V02
DC_APP0342_M1_SKILL_04_000487,APP0342,C0342,M1_SKILL_04,MODERATE,AGREED,"{""difference_types"":[],""disputed_evidence_ids"":[],""limited_evidence_ids"":[],""meaningful_conflict_refs"":[],""missing_evidence_ids"":[],""reason"":""동일 Skill의 독립된 직접 관찰로 수행 범위를 확인했다. 다른 맥락의 제한/모호성은 해당 근거의 한계로 보존한다."",""rubric_review"":""직접 관찰의 행동·검증을 검토하며 다른 맥락의 한계와 평가자 차이를 보존한다."",""supporting_observation_ids"":[""OB_FIRST_PANEL_09_ML_ENGINEER_EV_APP0342_FIRST_INTERVIEW_PRACTITIONER_QA_M1_SKILL_04"",""OB_FIRST_PANEL_09_HIRING_MANAGER_EV_APP0342_FIRST_INTERVIEW_PRACTITIONER_QA_M1_SKILL_04"",""OB_FIRST_PANEL_09_TECHNICAL_REVIEWER_EV_APP0342_FIRST_INTERVIEW_PRACTITIONER_QA_M1_SKILL_04""]}",CALIBRATION_PANEL_01,2026-12-29T10:00:00+09:00,SYNTHETIC_HUMAN_SCENARIO,M1_EVIDENCE_RUBRIC_V02
DC_APP0342_M1_SKILL_05_000488,APP0342,C0342,M1_SKILL_05,MODERATE,AGREED,"{""difference_types"":[],""disputed_evidence_ids"":[],""limited_evidence_ids"":[],""meaningful_conflict_refs"":[],""missing_evidence_ids"":[],""reason"":""동일 Skill의 독립된 직접 관찰로 수행 범위를 확인했다. 다른 맥락의 제한/모호성은 해당 근거의 한계로 보존한다."",""rubric_review"":""직접 관찰의 행동·검증을 검토하며 다른 맥락의 한계와 평가자 차이를 보존한다."",""supporting_observation_ids"":[""OB_FIRST_PANEL_09_ML_ENGINEER_EV_APP0342_FIRST_INTERVIEW_PRACTITIONER_QA_M1_SKILL_05"",""OB_FIRST_PANEL_09_HIRING_MANAGER_EV_APP0342_FIRST_INTERVIEW_PRACTITIONER_QA_M1_SKILL_05"",""OB_FIRST_PANEL_09_TECHNICAL_REVIEWER_EV_APP0342_FIRST_INTERVIEW_PRACTITIONER_QA_M1_SKILL_05""]}",CALIBRATION_PANEL_01,2026-12-29T10:00:00+09:00,SYNTHETIC_HUMAN_SCENARIO,M1_EVIDENCE_RUBRIC_V02
DC_APP0342_M1_SKILL_06_000489,APP0342,C0342,M1_SKILL_06,,INSUFFICIENT_EVIDENCE,"{""difference_types"":[],""disputed_evidence_ids"":[],""limited_evidence_ids"":[],""meaningful_conflict_refs"":[],""missing_evidence_ids"":[""EV_APP0342_FIRST_INTERVIEW_PRACTITIONER_QA_M1_SKILL_06""],""reason"":""직접 판단 근거 부족. 미관찰을 역량 부재로 해석하지 않는다."",""rubric_review"":""직접 관찰의 행동·검증을 검토하며 다른 맥락의 한계와 평가자 차이를 보존한다."",""supporting_observation_ids"":[]}",CALIBRATION_PANEL_01,2026-12-29T10:00:00+09:00,SYNTHETIC_HUMAN_SCENARIO,M1_EVIDENCE_RUBRIC_V02
DC_APP0342_M1_SKILL_07_000490,APP0342,C0342,M1_SKILL_07,MODERATE,AGREED,"{""difference_types"":[],""disputed_evidence_ids"":[],""limited_evidence_ids"":[],""meaningful_conflict_refs"":[],""missing_evidence_ids"":[],""reason"":""동일 Skill의 독립된 직접 관찰로 수행 범위를 확인했다. 다른 맥락의 제한/모호성은 해당 근거의 한계로 보존한다."",""rubric_review"":""직접 관찰의 행동·검증을 검토하며 다른 맥락의 한계와 평가자 차이를 보존한다."",""supporting_observation_ids"":[""OB_FIRST_PANEL_09_ML_ENGINEER_EV_APP0342_FIRST_INTERVIEW_TECHNICAL_ASSESSMENT_M1_SKILL_07"",""OB_FIRST_PANEL_09_HIRING_MANAGER_EV_APP0342_FIRST_INTERVIEW_TECHNICAL_ASSESSMENT_M1_SKILL_07"",""OB_FIRST_PANEL_09_TECHNICAL_REVIEWER_EV_APP0342_FIRST_INTERVIEW_TECHNICAL_ASSESSMENT_M1_SKILL_07""]}",CALIBRATION_PANEL_01,2026-12-29T10:00:00+09:00,SYNTHETIC_HUMAN_SCENARIO,M1_EVIDENCE_RUBRIC_V02
DC_APP0342_M1_SKILL_08_000491,APP0342,C0342,M1_SKILL_08,MODERATE,AGREED,"{""difference_types"":[],""disputed_evidence_ids"":[],""limited_evidence_ids"":[],""meaningful_conflict_refs"":[],""missing_evidence_ids"":[],""reason"":""동일 Skill의 독립된 직접 관찰로 수행 범위를 확인했다. 다른 맥락의 제한/모호성은 해당 근거의 한계로 보존한다."",""rubric_review"":""직접 관찰의 행동·검증을 검토하며 다른 맥락의 한계와 평가자 차이를 보존한다."",""supporting_observation_ids"":[""OB_FIRST_PANEL_09_ML_ENGINEER_EV_APP0342_FIRST_INTERVIEW_PRACTITIONER_QA_M1_SKILL_08"",""OB_FIRST_PANEL_09_HIRING_MANAGER_EV_APP0342_FIRST_INTERVIEW_PRACTITIONER_QA_M1_SKILL_08"",""OB_FIRST_PANEL_09_TECHNICAL_REVIEWER_EV_APP0342_FIRST_INTERVIEW_PRACTITIONER_QA_M1_SKILL_08""]}",CALIBRATION_PANEL_01,2026-12-29T10:00:00+09:00,SYNTHETIC_HUMAN_SCENARIO,M1_EVIDENCE_RUBRIC_V02
DC_APP0046_M1_SKILL_01_000492,APP0046,C0046,M1_SKILL_01,STRONG,AGREED,"{""difference_types"":[""EVIDENCE_EVOLUTION""],""disputed_evidence_ids"":[],""limited_evidence_ids"":[],""meaningful_conflict_refs"":[],""missing_evidence_ids"":[],""reason"":""동일 Skill의 독립된 직접 관찰로 수행 범위를 확인했다. 다른 맥락의 제한/모호성은 해당 근거의 한계로 보존한다."",""rubric_review"":""직접 관찰의 행동·검증을 검토하며 다른 맥락의 한계와 평가자 차이를 보존한다."",""supporting_observation_ids"":[""OB_FIRST_PANEL_07_ML_ENGINEER_EV_APP0046_FIRST_INTERVIEW_TECHNICAL_ASSESSMENT_M1_SKILL_01"",""OB_FIRST_PANEL_07_HIRING_MANAGER_EV_APP0046_FIRST_INTERVIEW_TECHNICAL_ASSESSMENT_M1_SKILL_01"",""OB_FIRST_PANEL_07_TECHNICAL_REVIEWER_EV_APP0046_FIRST_INTERVIEW_TECHNICAL_ASSESSMENT_M1_SKILL_01"",""OB_FIRST_PANEL_07_ML_ENGINEER_EV_APP0046_FIRST_INTERVIEW_AI_CASE_M1_SKILL_01"",""OB_FIRST_PANEL_07_HIRING_MANAGER_EV_APP0046_FIRST_INTERVIEW_AI_CASE_M1_SKILL_01"",""OB_FIRST_PANEL_07_TECHNICAL_REVIEWER_EV_APP0046_FIRST_INTERVIEW_AI_CASE_M1_SKILL_01""]}",CALIBRATION_PANEL_01,2027-01-01T10:45:00+09:00,SYNTHETIC_HUMAN_SCENARIO,M1_EVIDENCE_RUBRIC_V02
DC_APP0046_M1_SKILL_02_000493,APP0046,C0046,M1_SKILL_02,STRONG,AGREED,"{""difference_types"":[],""disputed_evidence_ids"":[],""limited_evidence_ids"":[],""meaningful_conflict_refs"":[],""missing_evidence_ids"":[],""reason"":""동일 Skill의 독립된 직접 관찰로 수행 범위를 확인했다. 다른 맥락의 제한/모호성은 해당 근거의 한계로 보존한다."",""rubric_review"":""직접 관찰의 행동·검증을 검토하며 다른 맥락의 한계와 평가자 차이를 보존한다."",""supporting_observation_ids"":[""OB_FIRST_PANEL_07_ML_ENGINEER_EV_APP0046_FIRST_INTERVIEW_TECHNICAL_ASSESSMENT_M1_SKILL_02"",""OB_FIRST_PANEL_07_HIRING_MANAGER_EV_APP0046_FIRST_INTERVIEW_TECHNICAL_ASSESSMENT_M1_SKILL_02"",""OB_FIRST_PANEL_07_TECHNICAL_REVIEWER_EV_APP0046_FIRST_INTERVIEW_TECHNICAL_ASSESSMENT_M1_SKILL_02""]}",CALIBRATION_PANEL_01,2027-01-01T10:45:00+09:00,SYNTHETIC_HUMAN_SCENARIO,M1_EVIDENCE_RUBRIC_V02
DC_APP0046_M1_SKILL_03_000494,APP0046,C0046,M1_SKILL_03,MODERATE,AGREED,"{""difference_types"":[""EVIDENCE_EVOLUTION""],""disputed_evidence_ids"":[],""limited_evidence_ids"":[],""meaningful_conflict_refs"":[],""missing_evidence_ids"":[],""reason"":""동일 Skill의 독립된 직접 관찰로 수행 범위를 확인했다. 다른 맥락의 제한/모호성은 해당 근거의 한계로 보존한다."",""rubric_review"":""직접 관찰의 행동·검증을 검토하며 다른 맥락의 한계와 평가자 차이를 보존한다."",""supporting_observation_ids"":[""OB_REVIEW_ML_01_EV_APP0046_PRE_ASSESSMENT_CODING_TEST_M1_SKILL_03"",""OB_REVIEW_HM_01_EV_APP0046_PRE_ASSESSMENT_CODING_TEST_M1_SKILL_03"",""OB_FIRST_PANEL_07_ML_ENGINEER_EV_APP0046_FIRST_INTERVIEW_AI_CASE_M1_SKILL_03"",""OB_FIRST_PANEL_07_HIRING_MANAGER_EV_APP0046_FIRST_INTERVIEW_AI_CASE_M1_SKILL_03"",""OB_FIRST_PANEL_07_TECHNICAL_REVIEWER_EV_APP0046_FIRST_INTERVIEW_AI_CASE_M1_SKILL_03""]}",CALIBRATION_PANEL_01,2027-01-01T10:45:00+09:00,SYNTHETIC_HUMAN_SCENARIO,M1_EVIDENCE_RUBRIC_V02
DC_APP0046_M1_SKILL_04_000495,APP0046,C0046,M1_SKILL_04,,DISAGREEMENT_REMAINS,"{""difference_types"":[""EVALUATOR_DISAGREEMENT""],""disputed_evidence_ids"":[""EV_APP0046_FIRST_INTERVIEW_PRACTITIONER_QA_M1_SKILL_04""],""limited_evidence_ids"":[""EV_APP0046_SECOND_INTERVIEW_VALUES_BEHAVIOR_INTERVIEW_M1_SKILL_04""],""meaningful_conflict_refs"":[],""missing_evidence_ids"":[],""reason"":""동일 근거에 대한 평가자 해석 차이를 해소할 직접 관찰이 부족하다."",""rubric_review"":""직접 관찰의 행동·검증을 검토하며 다른 맥락의 한계와 평가자 차이를 보존한다."",""supporting_observation_ids"":[]}",CALIBRATION_PANEL_01,2027-01-01T10:45:00+09:00,SYNTHETIC_HUMAN_SCENARIO,M1_EVIDENCE_RUBRIC_V02
DC_APP0046_M1_SKILL_05_000496,APP0046,C0046,M1_SKILL_05,MODERATE,AGREED,"{""difference_types"":[],""disputed_evidence_ids"":[],""limited_evidence_ids"":[],""meaningful_conflict_refs"":[],""missing_evidence_ids"":[],""reason"":""동일 Skill의 독립된 직접 관찰로 수행 범위를 확인했다. 다른 맥락의 제한/모호성은 해당 근거의 한계로 보존한다."",""rubric_review"":""직접 관찰의 행동·검증을 검토하며 다른 맥락의 한계와 평가자 차이를 보존한다."",""supporting_observation_ids"":[""OB_FIRST_PANEL_07_ML_ENGINEER_EV_APP0046_FIRST_INTERVIEW_PRACTITIONER_QA_M1_SKILL_05"",""OB_FIRST_PANEL_07_HIRING_MANAGER_EV_APP0046_FIRST_INTERVIEW_PRACTITIONER_QA_M1_SKILL_05"",""OB_FIRST_PANEL_07_TECHNICAL_REVIEWER_EV_APP0046_FIRST_INTERVIEW_PRACTITIONER_QA_M1_SKILL_05"",""OB_SECOND_INTERVIEW_PANEL_01_ML_ENGINEER_EV_APP0046_SECOND_INTERVIEW_VALUES_BEHAVIOR_INTERVIEW_M1_SKILL_05"",""OB_SECOND_INTERVIEW_PANEL_01_HIRING_MANAGER_EV_APP0046_SECOND_INTERVIEW_VALUES_BEHAVIOR_INTERVIEW_M1_SKILL_05""]}",CALIBRATION_PANEL_01,2027-01-01T10:45:00+09:00,SYNTHETIC_HUMAN_SCENARIO,M1_EVIDENCE_RUBRIC_V02
DC_APP0046_M1_SKILL_06_000497,APP0046,C0046,M1_SKILL_06,MODERATE,AGREED,"{""difference_types"":[],""disputed_evidence_ids"":[],""limited_evidence_ids"":[],""meaningful_conflict_refs"":[],""missing_evidence_ids"":[],""reason"":""동일 Skill의 독립된 직접 관찰로 수행 범위를 확인했다. 다른 맥락의 제한/모호성은 해당 근거의 한계로 보존한다."",""rubric_review"":""직접 관찰의 행동·검증을 검토하며 다른 맥락의 한계와 평가자 차이를 보존한다."",""supporting_observation_ids"":[""OB_FIRST_PANEL_07_ML_ENGINEER_EV_APP0046_FIRST_INTERVIEW_PRACTITIONER_QA_M1_SKILL_06"",""OB_FIRST_PANEL_07_HIRING_MANAGER_EV_APP0046_FIRST_INTERVIEW_PRACTITIONER_QA_M1_SKILL_06"",""OB_FIRST_PANEL_07_TECHNICAL_REVIEWER_EV_APP0046_FIRST_INTERVIEW_PRACTITIONER_QA_M1_SKILL_06""]}",CALIBRATION_PANEL_01,2027-01-01T10:45:00+09:00,SYNTHETIC_HUMAN_SCENARIO,M1_EVIDENCE_RUBRIC_V02
DC_APP0046_M1_SKILL_07_000498,APP0046,C0046,M1_SKILL_07,MODERATE,AGREED,"{""difference_types"":[],""disputed_evidence_ids"":[],""limited_evidence_ids"":[],""meaningful_conflict_refs"":[],""missing_evidence_ids"":[],""reason"":""동일 Skill의 독립된 직접 관찰로 수행 범위를 확인했다. 다른 맥락의 제한/모호성은 해당 근거의 한계로 보존한다."",""rubric_review"":""직접 관찰의 행동·검증을 검토하며 다른 맥락의 한계와 평가자 차이를 보존한다."",""supporting_observation_ids"":[""OB_FIRST_PANEL_07_ML_ENGINEER_EV_APP0046_FIRST_INTERVIEW_TECHNICAL_ASSESSMENT_M1_SKILL_07"",""OB_FIRST_PANEL_07_HIRING_MANAGER_EV_APP0046_FIRST_INTERVIEW_TECHNICAL_ASSESSMENT_M1_SKILL_07"",""OB_FIRST_PANEL_07_TECHNICAL_REVIEWER_EV_APP0046_FIRST_INTERVIEW_TECHNICAL_ASSESSMENT_M1_SKILL_07""]}",CALIBRATION_PANEL_01,2027-01-01T10:45:00+09:00,SYNTHETIC_HUMAN_SCENARIO,M1_EVIDENCE_RUBRIC_V02
DC_APP0046_M1_SKILL_08_000499,APP0046,C0046,M1_SKILL_08,,INSUFFICIENT_EVIDENCE,"{""difference_types"":[],""disputed_evidence_ids"":[],""limited_evidence_ids"":[],""meaningful_conflict_refs"":[],""missing_evidence_ids"":[""EV_APP0046_FIRST_INTERVIEW_PRACTITIONER_QA_M1_SKILL_08""],""reason"":""직접 판단 근거 부족. 미관찰을 역량 부재로 해석하지 않는다."",""rubric_review"":""직접 관찰의 행동·검증을 검토하며 다른 맥락의 한계와 평가자 차이를 보존한다."",""supporting_observation_ids"":[]}",CALIBRATION_PANEL_01,2027-01-01T10:45:00+09:00,SYNTHETIC_HUMAN_SCENARIO,M1_EVIDENCE_RUBRIC_V02
DC_APP0037_M1_SKILL_01_000500,APP0037,C0037,M1_SKILL_01,MODERATE,AGREED,"{""difference_types"":[""EVIDENCE_EVOLUTION""],""disputed_evidence_ids"":[],""limited_evidence_ids"":[],""meaningful_conflict_refs"":[],""missing_evidence_ids"":[""EV_APP0037_FIRST_INTERVIEW_AI_CASE_M1_SKILL_01""],""reason"":""동일 Skill의 독립된 직접 관찰로 수행 범위를 확인했다. 다른 맥락의 제한/모호성은 해당 근거의 한계로 보존한다."",""rubric_review"":""직접 관찰의 행동·검증을 검토하며 다른 맥락의 한계와 평가자 차이를 보존한다."",""supporting_observation_ids"":[""OB_FIRST_PANEL_05_ML_ENGINEER_EV_APP0037_FIRST_INTERVIEW_TECHNICAL_ASSESSMENT_M1_SKILL_01"",""OB_FIRST_PANEL_05_HIRING_MANAGER_EV_APP0037_FIRST_INTERVIEW_TECHNICAL_ASSESSMENT_M1_SKILL_01"",""OB_FIRST_PANEL_05_TECHNICAL_REVIEWER_EV_APP0037_FIRST_INTERVIEW_TECHNICAL_ASSESSMENT_M1_SKILL_01""]}",CALIBRATION_PANEL_01,2026-12-26T10:45:00+09:00,SYNTHETIC_HUMAN_SCENARIO,M1_EVIDENCE_RUBRIC_V02
DC_APP0037_M1_SKILL_02_000501,APP0037,C0037,M1_SKILL_02,MODERATE,AGREED,"{""difference_types"":[],""disputed_evidence_ids"":[],""limited_evidence_ids"":[],""meaningful_conflict_refs"":[],""missing_evidence_ids"":[],""reason"":""동일 Skill의 독립된 직접 관찰로 수행 범위를 확인했다. 다른 맥락의 제한/모호성은 해당 근거의 한계로 보존한다."",""rubric_review"":""직접 관찰의 행동·검증을 검토하며 다른 맥락의 한계와 평가자 차이를 보존한다."",""supporting_observation_ids"":[""OB_FIRST_PANEL_05_ML_ENGINEER_EV_APP0037_FIRST_INTERVIEW_TECHNICAL_ASSESSMENT_M1_SKILL_02"",""OB_FIRST_PANEL_05_HIRING_MANAGER_EV_APP0037_FIRST_INTERVIEW_TECHNICAL_ASSESSMENT_M1_SKILL_02"",""OB_FIRST_PANEL_05_TECHNICAL_REVIEWER_EV_APP0037_FIRST_INTERVIEW_TECHNICAL_ASSESSMENT_M1_SKILL_02""]}",CALIBRATION_PANEL_01,2026-12-26T10:45:00+09:00,SYNTHETIC_HUMAN_SCENARIO,M1_EVIDENCE_RUBRIC_V02
DC_APP0037_M1_SKILL_03_000502,APP0037,C0037,M1_SKILL_03,STRONG,AGREED,"{""difference_types"":[""EVIDENCE_EVOLUTION""],""disputed_evidence_ids"":[],""limited_evidence_ids"":[],""meaningful_conflict_refs"":[],""missing_evidence_ids"":[],""reason"":""동일 Skill의 독립된 직접 관찰로 수행 범위를 확인했다. 다른 맥락의 제한/모호성은 해당 근거의 한계로 보존한다."",""rubric_review"":""직접 관찰의 행동·검증을 검토하며 다른 맥락의 한계와 평가자 차이를 보존한다."",""supporting_observation_ids"":[""OB_REVIEW_ML_01_EV_APP0037_PRE_ASSESSMENT_CODING_TEST_M1_SKILL_03"",""OB_REVIEW_HM_01_EV_APP0037_PRE_ASSESSMENT_CODING_TEST_M1_SKILL_03"",""OB_FIRST_PANEL_05_ML_ENGINEER_EV_APP0037_FIRST_INTERVIEW_AI_CASE_M1_SKILL_03"",""OB_FIRST_PANEL_05_HIRING_MANAGER_EV_APP0037_FIRST_INTERVIEW_AI_CASE_M1_SKILL_03"",""OB_FIRST_PANEL_05_TECHNICAL_REVIEWER_EV_APP0037_FIRST_INTERVIEW_AI_CASE_M1_SKILL_03""]}",CALIBRATION_PANEL_01,2026-12-26T10:45:00+09:00,SYNTHETIC_HUMAN_SCENARIO,M1_EVIDENCE_RUBRIC_V02
DC_APP0037_M1_SKILL_04_000503,APP0037,C0037,M1_SKILL_04,MODERATE,AGREED,"{""difference_types"":[],""disputed_evidence_ids"":[],""limited_evidence_ids"":[],""meaningful_conflict_refs"":[],""missing_evidence_ids"":[],""reason"":""동일 Skill의 독립된 직접 관찰로 수행 범위를 확인했다. 다른 맥락의 제한/모호성은 해당 근거의 한계로 보존한다."",""rubric_review"":""직접 관찰의 행동·검증을 검토하며 다른 맥락의 한계와 평가자 차이를 보존한다."",""supporting_observation_ids"":[""OB_FIRST_PANEL_05_ML_ENGINEER_EV_APP0037_FIRST_INTERVIEW_PRACTITIONER_QA_M1_SKILL_04"",""OB_FIRST_PANEL_05_HIRING_MANAGER_EV_APP0037_FIRST_INTERVIEW_PRACTITIONER_QA_M1_SKILL_04"",""OB_FIRST_PANEL_05_TECHNICAL_REVIEWER_EV_APP0037_FIRST_INTERVIEW_PRACTITIONER_QA_M1_SKILL_04"",""OB_SECOND_INTERVIEW_PANEL_01_ML_ENGINEER_EV_APP0037_SECOND_INTERVIEW_VALUES_BEHAVIOR_INTERVIEW_M1_SKILL_04"",""OB_SECOND_INTERVIEW_PANEL_01_HIRING_MANAGER_EV_APP0037_SECOND_INTERVIEW_VALUES_BEHAVIOR_INTERVIEW_M1_SKILL_04""]}",CALIBRATION_PANEL_01,2026-12-26T10:45:00+09:00,SYNTHETIC_HUMAN_SCENARIO,M1_EVIDENCE_RUBRIC_V02
DC_APP0037_M1_SKILL_05_000504,APP0037,C0037,M1_SKILL_05,,DISAGREEMENT_REMAINS,"{""difference_types"":[""EVALUATOR_DISAGREEMENT""],""disputed_evidence_ids"":[""EV_APP0037_SECOND_INTERVIEW_VALUES_BEHAVIOR_INTERVIEW_M1_SKILL_05""],""limited_evidence_ids"":[],""meaningful_conflict_refs"":[],""missing_evidence_ids"":[""EV_APP0037_FIRST_INTERVIEW_PRACTITIONER_QA_M1_SKILL_05""],""reason"":""동일 근거에 대한 평가자 해석 차이를 해소할 직접 관찰이 부족하다."",""rubric_review"":""직접 관찰의 행동·검증을 검토하며 다른 맥락의 한계와 평가자 차이를 보존한다."",""supporting_observation_ids"":[]}",CALIBRATION_PANEL_01,2026-12-26T10:45:00+09:00,SYNTHETIC_HUMAN_SCENARIO,M1_EVIDENCE_RUBRIC_V02
DC_APP0037_M1_SKILL_06_000505,APP0037,C0037,M1_SKILL_06,STRONG,AGREED,"{""difference_types"":[],""disputed_evidence_ids"":[],""limited_evidence_ids"":[],""meaningful_conflict_refs"":[],""missing_evidence_ids"":[],""reason"":""동일 Skill의 독립된 직접 관찰로 수행 범위를 확인했다. 다른 맥락의 제한/모호성은 해당 근거의 한계로 보존한다."",""rubric_review"":""직접 관찰의 행동·검증을 검토하며 다른 맥락의 한계와 평가자 차이를 보존한다."",""supporting_observation_ids"":[""OB_FIRST_PANEL_05_ML_ENGINEER_EV_APP0037_FIRST_INTERVIEW_PRACTITIONER_QA_M1_SKILL_06"",""OB_FIRST_PANEL_05_HIRING_MANAGER_EV_APP0037_FIRST_INTERVIEW_PRACTITIONER_QA_M1_SKILL_06"",""OB_FIRST_PANEL_05_TECHNICAL_REVIEWER_EV_APP0037_FIRST_INTERVIEW_PRACTITIONER_QA_M1_SKILL_06""]}",CALIBRATION_PANEL_01,2026-12-26T10:45:00+09:00,SYNTHETIC_HUMAN_SCENARIO,M1_EVIDENCE_RUBRIC_V02
DC_APP0037_M1_SKILL_07_000506,APP0037,C0037,M1_SKILL_07,MODERATE,AGREED,"{""difference_types"":[],""disputed_evidence_ids"":[],""limited_evidence_ids"":[],""meaningful_conflict_refs"":[],""missing_evidence_ids"":[],""reason"":""동일 Skill의 독립된 직접 관찰로 수행 범위를 확인했다. 다른 맥락의 제한/모호성은 해당 근거의 한계로 보존한다."",""rubric_review"":""직접 관찰의 행동·검증을 검토하며 다른 맥락의 한계와 평가자 차이를 보존한다."",""supporting_observation_ids"":[""OB_FIRST_PANEL_05_ML_ENGINEER_EV_APP0037_FIRST_INTERVIEW_TECHNICAL_ASSESSMENT_M1_SKILL_07"",""OB_FIRST_PANEL_05_HIRING_MANAGER_EV_APP0037_FIRST_INTERVIEW_TECHNICAL_ASSESSMENT_M1_SKILL_07"",""OB_FIRST_PANEL_05_TECHNICAL_REVIEWER_EV_APP0037_FIRST_INTERVIEW_TECHNICAL_ASSESSMENT_M1_SKILL_07""]}",CALIBRATION_PANEL_01,2026-12-26T10:45:00+09:00,SYNTHETIC_HUMAN_SCENARIO,M1_EVIDENCE_RUBRIC_V02
DC_APP0037_M1_SKILL_08_000507,APP0037,C0037,M1_SKILL_08,LIMITED,AGREED,"{""difference_types"":[],""disputed_evidence_ids"":[],""limited_evidence_ids"":[""EV_APP0037_FIRST_INTERVIEW_PRACTITIONER_QA_M1_SKILL_08""],""meaningful_conflict_refs"":[],""missing_evidence_ids"":[],""reason"":""관찰된 직접 근거의 범위가 제한적이다. 자기기술만으로 보완하지 않는다."",""rubric_review"":""직접 관찰의 행동·검증을 검토하며 다른 맥락의 한계와 평가자 차이를 보존한다."",""supporting_observation_ids"":[""OB_FIRST_PANEL_05_ML_ENGINEER_EV_APP0037_FIRST_INTERVIEW_PRACTITIONER_QA_M1_SKILL_08"",""OB_FIRST_PANEL_05_HIRING_MANAGER_EV_APP0037_FIRST_INTERVIEW_PRACTITIONER_QA_M1_SKILL_08"",""OB_FIRST_PANEL_05_TECHNICAL_REVIEWER_EV_APP0037_FIRST_INTERVIEW_PRACTITIONER_QA_M1_SKILL_08""]}",CALIBRATION_PANEL_01,2026-12-26T10:45:00+09:00,SYNTHETIC_HUMAN_SCENARIO,M1_EVIDENCE_RUBRIC_V02
DC_APP0005_M1_SKILL_01_000508,APP0005,C0005,M1_SKILL_01,MODERATE,AGREED,"{""difference_types"":[""EVIDENCE_EVOLUTION""],""disputed_evidence_ids"":[],""limited_evidence_ids"":[],""meaningful_conflict_refs"":[],""missing_evidence_ids"":[],""reason"":""동일 Skill의 독립된 직접 관찰로 수행 범위를 확인했다. 다른 맥락의 제한/모호성은 해당 근거의 한계로 보존한다."",""rubric_review"":""직접 관찰의 행동·검증을 검토하며 다른 맥락의 한계와 평가자 차이를 보존한다."",""supporting_observation_ids"":[""OB_FIRST_PANEL_02_ML_ENGINEER_EV_APP0005_FIRST_INTERVIEW_TECHNICAL_ASSESSMENT_M1_SKILL_01"",""OB_FIRST_PANEL_02_HIRING_MANAGER_EV_APP0005_FIRST_INTERVIEW_TECHNICAL_ASSESSMENT_M1_SKILL_01"",""OB_FIRST_PANEL_02_TECHNICAL_REVIEWER_EV_APP0005_FIRST_INTERVIEW_TECHNICAL_ASSESSMENT_M1_SKILL_01"",""OB_FIRST_PANEL_02_ML_ENGINEER_EV_APP0005_FIRST_INTERVIEW_AI_CASE_M1_SKILL_01"",""OB_FIRST_PANEL_02_HIRING_MANAGER_EV_APP0005_FIRST_INTERVIEW_AI_CASE_M1_SKILL_01"",""OB_FIRST_PANEL_02_TECHNICAL_REVIEWER_EV_APP0005_FIRST_INTERVIEW_AI_CASE_M1_SKILL_01""]}",CALIBRATION_PANEL_01,2027-01-01T10:45:00+09:00,SYNTHETIC_HUMAN_SCENARIO,M1_EVIDENCE_RUBRIC_V02
DC_APP0005_M1_SKILL_02_000509,APP0005,C0005,M1_SKILL_02,MODERATE,AGREED,"{""difference_types"":[],""disputed_evidence_ids"":[],""limited_evidence_ids"":[],""meaningful_conflict_refs"":[],""missing_evidence_ids"":[],""reason"":""동일 Skill의 독립된 직접 관찰로 수행 범위를 확인했다. 다른 맥락의 제한/모호성은 해당 근거의 한계로 보존한다."",""rubric_review"":""직접 관찰의 행동·검증을 검토하며 다른 맥락의 한계와 평가자 차이를 보존한다."",""supporting_observation_ids"":[""OB_FIRST_PANEL_02_ML_ENGINEER_EV_APP0005_FIRST_INTERVIEW_TECHNICAL_ASSESSMENT_M1_SKILL_02"",""OB_FIRST_PANEL_02_HIRING_MANAGER_EV_APP0005_FIRST_INTERVIEW_TECHNICAL_ASSESSMENT_M1_SKILL_02"",""OB_FIRST_PANEL_02_TECHNICAL_REVIEWER_EV_APP0005_FIRST_INTERVIEW_TECHNICAL_ASSESSMENT_M1_SKILL_02""]}",CALIBRATION_PANEL_01,2027-01-01T10:45:00+09:00,SYNTHETIC_HUMAN_SCENARIO,M1_EVIDENCE_RUBRIC_V02
DC_APP0005_M1_SKILL_03_000510,APP0005,C0005,M1_SKILL_03,STRONG,AGREED,"{""difference_types"":[""EVIDENCE_EVOLUTION""],""disputed_evidence_ids"":[],""limited_evidence_ids"":[],""meaningful_conflict_refs"":[],""missing_evidence_ids"":[],""reason"":""동일 Skill의 독립된 직접 관찰로 수행 범위를 확인했다. 다른 맥락의 제한/모호성은 해당 근거의 한계로 보존한다."",""rubric_review"":""직접 관찰의 행동·검증을 검토하며 다른 맥락의 한계와 평가자 차이를 보존한다."",""supporting_observation_ids"":[""OB_REVIEW_ML_01_EV_APP0005_PRE_ASSESSMENT_CODING_TEST_M1_SKILL_03"",""OB_REVIEW_HM_01_EV_APP0005_PRE_ASSESSMENT_CODING_TEST_M1_SKILL_03"",""OB_FIRST_PANEL_02_ML_ENGINEER_EV_APP0005_FIRST_INTERVIEW_AI_CASE_M1_SKILL_03"",""OB_FIRST_PANEL_02_HIRING_MANAGER_EV_APP0005_FIRST_INTERVIEW_AI_CASE_M1_SKILL_03"",""OB_FIRST_PANEL_02_TECHNICAL_REVIEWER_EV_APP0005_FIRST_INTERVIEW_AI_CASE_M1_SKILL_03""]}",CALIBRATION_PANEL_01,2027-01-01T10:45:00+09:00,SYNTHETIC_HUMAN_SCENARIO,M1_EVIDENCE_RUBRIC_V02
DC_APP0005_M1_SKILL_04_000511,APP0005,C0005,M1_SKILL_04,,INSUFFICIENT_EVIDENCE,"{""difference_types"":[],""disputed_evidence_ids"":[],""limited_evidence_ids"":[],""meaningful_conflict_refs"":[],""missing_evidence_ids"":[""EV_APP0005_FIRST_INTERVIEW_PRACTITIONER_QA_M1_SKILL_04"",""EV_APP0005_SECOND_INTERVIEW_VALUES_BEHAVIOR_INTERVIEW_M1_SKILL_04""],""reason"":""직접 판단 근거 부족. 미관찰을 역량 부재로 해석하지 않는다."",""rubric_review"":""직접 관찰의 행동·검증을 검토하며 다른 맥락의 한계와 평가자 차이를 보존한다."",""supporting_observation_ids"":[]}",CALIBRATION_PANEL_01,2027-01-01T10:45:00+09:00,SYNTHETIC_HUMAN_SCENARIO,M1_EVIDENCE_RUBRIC_V02
DC_APP0005_M1_SKILL_05_000512,APP0005,C0005,M1_SKILL_05,MODERATE,AGREED,"{""difference_types"":[""EVIDENCE_EVOLUTION"",""CONTEXT_DIFFERENCE""],""disputed_evidence_ids"":[],""limited_evidence_ids"":[""EV_APP0005_FIRST_INTERVIEW_PRACTITIONER_QA_M1_SKILL_05""],""meaningful_conflict_refs"":[],""missing_evidence_ids"":[],""reason"":""동일 Skill의 독립된 직접 관찰로 수행 범위를 확인했다. 다른 맥락의 제한/모호성은 해당 근거의 한계로 보존한다."",""rubric_review"":""직접 관찰의 행동·검증을 검토하며 다른 맥락의 한계와 평가자 차이를 보존한다."",""supporting_observation_ids"":[""OB_SECOND_INTERVIEW_PANEL_01_ML_ENGINEER_EV_APP0005_SECOND_INTERVIEW_VALUES_BEHAVIOR_INTERVIEW_M1_SKILL_05"",""OB_SECOND_INTERVIEW_PANEL_01_HIRING_MANAGER_EV_APP0005_SECOND_INTERVIEW_VALUES_BEHAVIOR_INTERVIEW_M1_SKILL_05""]}",CALIBRATION_PANEL_01,2027-01-01T10:45:00+09:00,SYNTHETIC_HUMAN_SCENARIO,M1_EVIDENCE_RUBRIC_V02
DC_APP0005_M1_SKILL_06_000513,APP0005,C0005,M1_SKILL_06,MODERATE,AGREED,"{""difference_types"":[],""disputed_evidence_ids"":[],""limited_evidence_ids"":[],""meaningful_conflict_refs"":[],""missing_evidence_ids"":[],""reason"":""동일 Skill의 독립된 직접 관찰로 수행 범위를 확인했다. 다른 맥락의 제한/모호성은 해당 근거의 한계로 보존한다."",""rubric_review"":""직접 관찰의 행동·검증을 검토하며 다른 맥락의 한계와 평가자 차이를 보존한다."",""supporting_observation_ids"":[""OB_FIRST_PANEL_02_ML_ENGINEER_EV_APP0005_FIRST_INTERVIEW_PRACTITIONER_QA_M1_SKILL_06"",""OB_FIRST_PANEL_02_HIRING_MANAGER_EV_APP0005_FIRST_INTERVIEW_PRACTITIONER_QA_M1_SKILL_06"",""OB_FIRST_PANEL_02_TECHNICAL_REVIEWER_EV_APP0005_FIRST_INTERVIEW_PRACTITIONER_QA_M1_SKILL_06""]}",CALIBRATION_PANEL_01,2027-01-01T10:45:00+09:00,SYNTHETIC_HUMAN_SCENARIO,M1_EVIDENCE_RUBRIC_V02
DC_APP0005_M1_SKILL_07_000514,APP0005,C0005,M1_SKILL_07,LIMITED,AGREED,"{""difference_types"":[],""disputed_evidence_ids"":[],""limited_evidence_ids"":[""EV_APP0005_FIRST_INTERVIEW_TECHNICAL_ASSESSMENT_M1_SKILL_07""],""meaningful_conflict_refs"":[],""missing_evidence_ids"":[],""reason"":""관찰된 직접 근거의 범위가 제한적이다. 자기기술만으로 보완하지 않는다."",""rubric_review"":""직접 관찰의 행동·검증을 검토하며 다른 맥락의 한계와 평가자 차이를 보존한다."",""supporting_observation_ids"":[""OB_FIRST_PANEL_02_ML_ENGINEER_EV_APP0005_FIRST_INTERVIEW_TECHNICAL_ASSESSMENT_M1_SKILL_07"",""OB_FIRST_PANEL_02_HIRING_MANAGER_EV_APP0005_FIRST_INTERVIEW_TECHNICAL_ASSESSMENT_M1_SKILL_07"",""OB_FIRST_PANEL_02_TECHNICAL_REVIEWER_EV_APP0005_FIRST_INTERVIEW_TECHNICAL_ASSESSMENT_M1_SKILL_07""]}",CALIBRATION_PANEL_01,2027-01-01T10:45:00+09:00,SYNTHETIC_HUMAN_SCENARIO,M1_EVIDENCE_RUBRIC_V02
DC_APP0005_M1_SKILL_08_000515,APP0005,C0005,M1_SKILL_08,,DISAGREEMENT_REMAINS,"{""difference_types"":[""EVALUATOR_DISAGREEMENT""],""disputed_evidence_ids"":[""EV_APP0005_FIRST_INTERVIEW_PRACTITIONER_QA_M1_SKILL_08""],""limited_evidence_ids"":[],""meaningful_conflict_refs"":[],""missing_evidence_ids"":[],""reason"":""동일 근거에 대한 평가자 해석 차이를 해소할 직접 관찰이 부족하다."",""rubric_review"":""직접 관찰의 행동·검증을 검토하며 다른 맥락의 한계와 평가자 차이를 보존한다."",""supporting_observation_ids"":[]}",CALIBRATION_PANEL_01,2027-01-01T10:45:00+09:00,SYNTHETIC_HUMAN_SCENARIO,M1_EVIDENCE_RUBRIC_V02
DC_APP0070_M1_SKILL_01_000516,APP0070,C0070,M1_SKILL_01,MODERATE,AGREED,"{""difference_types"":[""EVIDENCE_EVOLUTION""],""disputed_evidence_ids"":[],""limited_evidence_ids"":[],""meaningful_conflict_refs"":[],""missing_evidence_ids"":[],""reason"":""동일 Skill의 독립된 직접 관찰로 수행 범위를 확인했다. 다른 맥락의 제한/모호성은 해당 근거의 한계로 보존한다."",""rubric_review"":""직접 관찰의 행동·검증을 검토하며 다른 맥락의 한계와 평가자 차이를 보존한다."",""supporting_observation_ids"":[""OB_FIRST_PANEL_04_ML_ENGINEER_EV_APP0070_FIRST_INTERVIEW_TECHNICAL_ASSESSMENT_M1_SKILL_01"",""OB_FIRST_PANEL_04_HIRING_MANAGER_EV_APP0070_FIRST_INTERVIEW_TECHNICAL_ASSESSMENT_M1_SKILL_01"",""OB_FIRST_PANEL_04_TECHNICAL_REVIEWER_EV_APP0070_FIRST_INTERVIEW_TECHNICAL_ASSESSMENT_M1_SKILL_01"",""OB_FIRST_PANEL_04_ML_ENGINEER_EV_APP0070_FIRST_INTERVIEW_AI_CASE_M1_SKILL_01"",""OB_FIRST_PANEL_04_HIRING_MANAGER_EV_APP0070_FIRST_INTERVIEW_AI_CASE_M1_SKILL_01"",""OB_FIRST_PANEL_04_TECHNICAL_REVIEWER_EV_APP0070_FIRST_INTERVIEW_AI_CASE_M1_SKILL_01""]}",CALIBRATION_PANEL_01,2026-12-30T11:15:00+09:00,SYNTHETIC_HUMAN_SCENARIO,M1_EVIDENCE_RUBRIC_V02
DC_APP0070_M1_SKILL_02_000517,APP0070,C0070,M1_SKILL_02,STRONG,AGREED,"{""difference_types"":[],""disputed_evidence_ids"":[],""limited_evidence_ids"":[],""meaningful_conflict_refs"":[],""missing_evidence_ids"":[],""reason"":""동일 Skill의 독립된 직접 관찰로 수행 범위를 확인했다. 다른 맥락의 제한/모호성은 해당 근거의 한계로 보존한다."",""rubric_review"":""직접 관찰의 행동·검증을 검토하며 다른 맥락의 한계와 평가자 차이를 보존한다."",""supporting_observation_ids"":[""OB_FIRST_PANEL_04_ML_ENGINEER_EV_APP0070_FIRST_INTERVIEW_TECHNICAL_ASSESSMENT_M1_SKILL_02"",""OB_FIRST_PANEL_04_HIRING_MANAGER_EV_APP0070_FIRST_INTERVIEW_TECHNICAL_ASSESSMENT_M1_SKILL_02"",""OB_FIRST_PANEL_04_TECHNICAL_REVIEWER_EV_APP0070_FIRST_INTERVIEW_TECHNICAL_ASSESSMENT_M1_SKILL_02""]}",CALIBRATION_PANEL_01,2026-12-30T11:15:00+09:00,SYNTHETIC_HUMAN_SCENARIO,M1_EVIDENCE_RUBRIC_V02
DC_APP0070_M1_SKILL_03_000518,APP0070,C0070,M1_SKILL_03,MODERATE,AGREED,"{""difference_types"":[""EVIDENCE_EVOLUTION""],""disputed_evidence_ids"":[],""limited_evidence_ids"":[],""meaningful_conflict_refs"":[],""missing_evidence_ids"":[],""reason"":""동일 Skill의 독립된 직접 관찰로 수행 범위를 확인했다. 다른 맥락의 제한/모호성은 해당 근거의 한계로 보존한다."",""rubric_review"":""직접 관찰의 행동·검증을 검토하며 다른 맥락의 한계와 평가자 차이를 보존한다."",""supporting_observation_ids"":[""OB_REVIEW_ML_01_EV_APP0070_PRE_ASSESSMENT_CODING_TEST_M1_SKILL_03"",""OB_REVIEW_HM_01_EV_APP0070_PRE_ASSESSMENT_CODING_TEST_M1_SKILL_03"",""OB_FIRST_PANEL_04_ML_ENGINEER_EV_APP0070_FIRST_INTERVIEW_AI_CASE_M1_SKILL_03"",""OB_FIRST_PANEL_04_HIRING_MANAGER_EV_APP0070_FIRST_INTERVIEW_AI_CASE_M1_SKILL_03"",""OB_FIRST_PANEL_04_TECHNICAL_REVIEWER_EV_APP0070_FIRST_INTERVIEW_AI_CASE_M1_SKILL_03""]}",CALIBRATION_PANEL_01,2026-12-30T11:15:00+09:00,SYNTHETIC_HUMAN_SCENARIO,M1_EVIDENCE_RUBRIC_V02
DC_APP0070_M1_SKILL_04_000519,APP0070,C0070,M1_SKILL_04,MODERATE,AGREED,"{""difference_types"":[""EVIDENCE_EVOLUTION"",""CONTEXT_DIFFERENCE""],""disputed_evidence_ids"":[],""limited_evidence_ids"":[""EV_APP0070_FIRST_INTERVIEW_PRACTITIONER_QA_M1_SKILL_04""],""meaningful_conflict_refs"":[],""missing_evidence_ids"":[],""reason"":""동일 Skill의 독립된 직접 관찰로 수행 범위를 확인했다. 다른 맥락의 제한/모호성은 해당 근거의 한계로 보존한다."",""rubric_review"":""직접 관찰의 행동·검증을 검토하며 다른 맥락의 한계와 평가자 차이를 보존한다."",""supporting_observation_ids"":[""OB_SECOND_INTERVIEW_PANEL_01_ML_ENGINEER_EV_APP0070_SECOND_INTERVIEW_VALUES_BEHAVIOR_INTERVIEW_M1_SKILL_04"",""OB_SECOND_INTERVIEW_PANEL_01_HIRING_MANAGER_EV_APP0070_SECOND_INTERVIEW_VALUES_BEHAVIOR_INTERVIEW_M1_SKILL_04""]}",CALIBRATION_PANEL_01,2026-12-30T11:15:00+09:00,SYNTHETIC_HUMAN_SCENARIO,M1_EVIDENCE_RUBRIC_V02
DC_APP0070_M1_SKILL_05_000520,APP0070,C0070,M1_SKILL_05,MODERATE,AGREED,"{""difference_types"":[""EVIDENCE_EVOLUTION"",""CONTEXT_DIFFERENCE""],""disputed_evidence_ids"":[],""limited_evidence_ids"":[""EV_APP0070_SECOND_INTERVIEW_VALUES_BEHAVIOR_INTERVIEW_M1_SKILL_05""],""meaningful_conflict_refs"":[],""missing_evidence_ids"":[],""reason"":""동일 Skill의 독립된 직접 관찰로 수행 범위를 확인했다. 다른 맥락의 제한/모호성은 해당 근거의 한계로 보존한다."",""rubric_review"":""직접 관찰의 행동·검증을 검토하며 다른 맥락의 한계와 평가자 차이를 보존한다."",""supporting_observation_ids"":[""OB_FIRST_PANEL_04_ML_ENGINEER_EV_APP0070_FIRST_INTERVIEW_PRACTITIONER_QA_M1_SKILL_05"",""OB_FIRST_PANEL_04_HIRING_MANAGER_EV_APP0070_FIRST_INTERVIEW_PRACTITIONER_QA_M1_SKILL_05"",""OB_FIRST_PANEL_04_TECHNICAL_REVIEWER_EV_APP0070_FIRST_INTERVIEW_PRACTITIONER_QA_M1_SKILL_05""]}",CALIBRATION_PANEL_01,2026-12-30T11:15:00+09:00,SYNTHETIC_HUMAN_SCENARIO,M1_EVIDENCE_RUBRIC_V02
DC_APP0070_M1_SKILL_06_000521,APP0070,C0070,M1_SKILL_06,,INSUFFICIENT_EVIDENCE,"{""difference_types"":[],""disputed_evidence_ids"":[],""limited_evidence_ids"":[],""meaningful_conflict_refs"":[],""missing_evidence_ids"":[""EV_APP0070_FIRST_INTERVIEW_PRACTITIONER_QA_M1_SKILL_06""],""reason"":""직접 판단 근거 부족. 미관찰을 역량 부재로 해석하지 않는다."",""rubric_review"":""직접 관찰의 행동·검증을 검토하며 다른 맥락의 한계와 평가자 차이를 보존한다."",""supporting_observation_ids"":[]}",CALIBRATION_PANEL_01,2026-12-30T11:15:00+09:00,SYNTHETIC_HUMAN_SCENARIO,M1_EVIDENCE_RUBRIC_V02
DC_APP0070_M1_SKILL_07_000522,APP0070,C0070,M1_SKILL_07,LIMITED,AGREED,"{""difference_types"":[],""disputed_evidence_ids"":[],""limited_evidence_ids"":[""EV_APP0070_FIRST_INTERVIEW_TECHNICAL_ASSESSMENT_M1_SKILL_07""],""meaningful_conflict_refs"":[],""missing_evidence_ids"":[],""reason"":""관찰된 직접 근거의 범위가 제한적이다. 자기기술만으로 보완하지 않는다."",""rubric_review"":""직접 관찰의 행동·검증을 검토하며 다른 맥락의 한계와 평가자 차이를 보존한다."",""supporting_observation_ids"":[""OB_FIRST_PANEL_04_ML_ENGINEER_EV_APP0070_FIRST_INTERVIEW_TECHNICAL_ASSESSMENT_M1_SKILL_07"",""OB_FIRST_PANEL_04_HIRING_MANAGER_EV_APP0070_FIRST_INTERVIEW_TECHNICAL_ASSESSMENT_M1_SKILL_07"",""OB_FIRST_PANEL_04_TECHNICAL_REVIEWER_EV_APP0070_FIRST_INTERVIEW_TECHNICAL_ASSESSMENT_M1_SKILL_07""]}",CALIBRATION_PANEL_01,2026-12-30T11:15:00+09:00,SYNTHETIC_HUMAN_SCENARIO,M1_EVIDENCE_RUBRIC_V02
DC_APP0070_M1_SKILL_08_000523,APP0070,C0070,M1_SKILL_08,,DISAGREEMENT_REMAINS,"{""difference_types"":[""EVALUATOR_DISAGREEMENT""],""disputed_evidence_ids"":[""EV_APP0070_FIRST_INTERVIEW_PRACTITIONER_QA_M1_SKILL_08""],""limited_evidence_ids"":[],""meaningful_conflict_refs"":[],""missing_evidence_ids"":[],""reason"":""동일 근거에 대한 평가자 해석 차이를 해소할 직접 관찰이 부족하다."",""rubric_review"":""직접 관찰의 행동·검증을 검토하며 다른 맥락의 한계와 평가자 차이를 보존한다."",""supporting_observation_ids"":[]}",CALIBRATION_PANEL_01,2026-12-30T11:15:00+09:00,SYNTHETIC_HUMAN_SCENARIO,M1_EVIDENCE_RUBRIC_V02
DC_APP0082_M1_SKILL_01_000524,APP0082,C0082,M1_SKILL_01,MODERATE,AGREED,"{""difference_types"":[""EVIDENCE_EVOLUTION"",""CONTEXT_DIFFERENCE""],""disputed_evidence_ids"":[],""limited_evidence_ids"":[""EV_APP0082_FIRST_INTERVIEW_TECHNICAL_ASSESSMENT_M1_SKILL_01""],""meaningful_conflict_refs"":[],""missing_evidence_ids"":[],""reason"":""동일 Skill의 독립된 직접 관찰로 수행 범위를 확인했다. 다른 맥락의 제한/모호성은 해당 근거의 한계로 보존한다."",""rubric_review"":""직접 관찰의 행동·검증을 검토하며 다른 맥락의 한계와 평가자 차이를 보존한다."",""supporting_observation_ids"":[""OB_FIRST_PANEL_06_ML_ENGINEER_EV_APP0082_FIRST_INTERVIEW_AI_CASE_M1_SKILL_01"",""OB_FIRST_PANEL_06_HIRING_MANAGER_EV_APP0082_FIRST_INTERVIEW_AI_CASE_M1_SKILL_01"",""OB_FIRST_PANEL_06_TECHNICAL_REVIEWER_EV_APP0082_FIRST_INTERVIEW_AI_CASE_M1_SKILL_01""]}",CALIBRATION_PANEL_01,2027-01-04T11:15:00+09:00,SYNTHETIC_HUMAN_SCENARIO,M1_EVIDENCE_RUBRIC_V02
DC_APP0082_M1_SKILL_02_000525,APP0082,C0082,M1_SKILL_02,MODERATE,AGREED,"{""difference_types"":[],""disputed_evidence_ids"":[],""limited_evidence_ids"":[],""meaningful_conflict_refs"":[],""missing_evidence_ids"":[],""reason"":""동일 Skill의 독립된 직접 관찰로 수행 범위를 확인했다. 다른 맥락의 제한/모호성은 해당 근거의 한계로 보존한다."",""rubric_review"":""직접 관찰의 행동·검증을 검토하며 다른 맥락의 한계와 평가자 차이를 보존한다."",""supporting_observation_ids"":[""OB_FIRST_PANEL_06_ML_ENGINEER_EV_APP0082_FIRST_INTERVIEW_TECHNICAL_ASSESSMENT_M1_SKILL_02"",""OB_FIRST_PANEL_06_HIRING_MANAGER_EV_APP0082_FIRST_INTERVIEW_TECHNICAL_ASSESSMENT_M1_SKILL_02"",""OB_FIRST_PANEL_06_TECHNICAL_REVIEWER_EV_APP0082_FIRST_INTERVIEW_TECHNICAL_ASSESSMENT_M1_SKILL_02""]}",CALIBRATION_PANEL_01,2027-01-04T11:15:00+09:00,SYNTHETIC_HUMAN_SCENARIO,M1_EVIDENCE_RUBRIC_V02
DC_APP0082_M1_SKILL_03_000526,APP0082,C0082,M1_SKILL_03,MODERATE,AGREED,"{""difference_types"":[""EVIDENCE_EVOLUTION""],""disputed_evidence_ids"":[],""limited_evidence_ids"":[],""meaningful_conflict_refs"":[],""missing_evidence_ids"":[],""reason"":""동일 Skill의 독립된 직접 관찰로 수행 범위를 확인했다. 다른 맥락의 제한/모호성은 해당 근거의 한계로 보존한다."",""rubric_review"":""직접 관찰의 행동·검증을 검토하며 다른 맥락의 한계와 평가자 차이를 보존한다."",""supporting_observation_ids"":[""OB_REVIEW_ML_01_EV_APP0082_PRE_ASSESSMENT_CODING_TEST_M1_SKILL_03"",""OB_REVIEW_HM_01_EV_APP0082_PRE_ASSESSMENT_CODING_TEST_M1_SKILL_03"",""OB_FIRST_PANEL_06_ML_ENGINEER_EV_APP0082_FIRST_INTERVIEW_AI_CASE_M1_SKILL_03"",""OB_FIRST_PANEL_06_HIRING_MANAGER_EV_APP0082_FIRST_INTERVIEW_AI_CASE_M1_SKILL_03"",""OB_FIRST_PANEL_06_TECHNICAL_REVIEWER_EV_APP0082_FIRST_INTERVIEW_AI_CASE_M1_SKILL_03""]}",CALIBRATION_PANEL_01,2027-01-04T11:15:00+09:00,SYNTHETIC_HUMAN_SCENARIO,M1_EVIDENCE_RUBRIC_V02
DC_APP0082_M1_SKILL_04_000527,APP0082,C0082,M1_SKILL_04,MODERATE,AGREED,"{""difference_types"":[],""disputed_evidence_ids"":[],""limited_evidence_ids"":[],""meaningful_conflict_refs"":[],""missing_evidence_ids"":[],""reason"":""동일 Skill의 독립된 직접 관찰로 수행 범위를 확인했다. 다른 맥락의 제한/모호성은 해당 근거의 한계로 보존한다."",""rubric_review"":""직접 관찰의 행동·검증을 검토하며 다른 맥락의 한계와 평가자 차이를 보존한다."",""supporting_observation_ids"":[""OB_FIRST_PANEL_06_ML_ENGINEER_EV_APP0082_FIRST_INTERVIEW_PRACTITIONER_QA_M1_SKILL_04"",""OB_FIRST_PANEL_06_HIRING_MANAGER_EV_APP0082_FIRST_INTERVIEW_PRACTITIONER_QA_M1_SKILL_04"",""OB_FIRST_PANEL_06_TECHNICAL_REVIEWER_EV_APP0082_FIRST_INTERVIEW_PRACTITIONER_QA_M1_SKILL_04"",""OB_SECOND_INTERVIEW_PANEL_01_ML_ENGINEER_EV_APP0082_SECOND_INTERVIEW_VALUES_BEHAVIOR_INTERVIEW_M1_SKILL_04"",""OB_SECOND_INTERVIEW_PANEL_01_HIRING_MANAGER_EV_APP0082_SECOND_INTERVIEW_VALUES_BEHAVIOR_INTERVIEW_M1_SKILL_04""]}",CALIBRATION_PANEL_01,2027-01-04T11:15:00+09:00,SYNTHETIC_HUMAN_SCENARIO,M1_EVIDENCE_RUBRIC_V02
DC_APP0082_M1_SKILL_05_000528,APP0082,C0082,M1_SKILL_05,MODERATE,AGREED,"{""difference_types"":[],""disputed_evidence_ids"":[],""limited_evidence_ids"":[],""meaningful_conflict_refs"":[],""missing_evidence_ids"":[],""reason"":""동일 Skill의 독립된 직접 관찰로 수행 범위를 확인했다. 다른 맥락의 제한/모호성은 해당 근거의 한계로 보존한다."",""rubric_review"":""직접 관찰의 행동·검증을 검토하며 다른 맥락의 한계와 평가자 차이를 보존한다."",""supporting_observation_ids"":[""OB_FIRST_PANEL_06_ML_ENGINEER_EV_APP0082_FIRST_INTERVIEW_PRACTITIONER_QA_M1_SKILL_05"",""OB_FIRST_PANEL_06_HIRING_MANAGER_EV_APP0082_FIRST_INTERVIEW_PRACTITIONER_QA_M1_SKILL_05"",""OB_FIRST_PANEL_06_TECHNICAL_REVIEWER_EV_APP0082_FIRST_INTERVIEW_PRACTITIONER_QA_M1_SKILL_05"",""OB_SECOND_INTERVIEW_PANEL_01_ML_ENGINEER_EV_APP0082_SECOND_INTERVIEW_VALUES_BEHAVIOR_INTERVIEW_M1_SKILL_05"",""OB_SECOND_INTERVIEW_PANEL_01_HIRING_MANAGER_EV_APP0082_SECOND_INTERVIEW_VALUES_BEHAVIOR_INTERVIEW_M1_SKILL_05""]}",CALIBRATION_PANEL_01,2027-01-04T11:15:00+09:00,SYNTHETIC_HUMAN_SCENARIO,M1_EVIDENCE_RUBRIC_V02
DC_APP0082_M1_SKILL_06_000529,APP0082,C0082,M1_SKILL_06,STRONG,AGREED,"{""difference_types"":[],""disputed_evidence_ids"":[],""limited_evidence_ids"":[],""meaningful_conflict_refs"":[],""missing_evidence_ids"":[],""reason"":""동일 Skill의 독립된 직접 관찰로 수행 범위를 확인했다. 다른 맥락의 제한/모호성은 해당 근거의 한계로 보존한다."",""rubric_review"":""직접 관찰의 행동·검증을 검토하며 다른 맥락의 한계와 평가자 차이를 보존한다."",""supporting_observation_ids"":[""OB_FIRST_PANEL_06_ML_ENGINEER_EV_APP0082_FIRST_INTERVIEW_PRACTITIONER_QA_M1_SKILL_06"",""OB_FIRST_PANEL_06_HIRING_MANAGER_EV_APP0082_FIRST_INTERVIEW_PRACTITIONER_QA_M1_SKILL_06"",""OB_FIRST_PANEL_06_TECHNICAL_REVIEWER_EV_APP0082_FIRST_INTERVIEW_PRACTITIONER_QA_M1_SKILL_06""]}",CALIBRATION_PANEL_01,2027-01-04T11:15:00+09:00,SYNTHETIC_HUMAN_SCENARIO,M1_EVIDENCE_RUBRIC_V02
DC_APP0082_M1_SKILL_07_000530,APP0082,C0082,M1_SKILL_07,MODERATE,AGREED,"{""difference_types"":[],""disputed_evidence_ids"":[],""limited_evidence_ids"":[],""meaningful_conflict_refs"":[],""missing_evidence_ids"":[],""reason"":""동일 Skill의 독립된 직접 관찰로 수행 범위를 확인했다. 다른 맥락의 제한/모호성은 해당 근거의 한계로 보존한다."",""rubric_review"":""직접 관찰의 행동·검증을 검토하며 다른 맥락의 한계와 평가자 차이를 보존한다."",""supporting_observation_ids"":[""OB_FIRST_PANEL_06_ML_ENGINEER_EV_APP0082_FIRST_INTERVIEW_TECHNICAL_ASSESSMENT_M1_SKILL_07"",""OB_FIRST_PANEL_06_HIRING_MANAGER_EV_APP0082_FIRST_INTERVIEW_TECHNICAL_ASSESSMENT_M1_SKILL_07"",""OB_FIRST_PANEL_06_TECHNICAL_REVIEWER_EV_APP0082_FIRST_INTERVIEW_TECHNICAL_ASSESSMENT_M1_SKILL_07""]}",CALIBRATION_PANEL_01,2027-01-04T11:15:00+09:00,SYNTHETIC_HUMAN_SCENARIO,M1_EVIDENCE_RUBRIC_V02
DC_APP0082_M1_SKILL_08_000531,APP0082,C0082,M1_SKILL_08,STRONG,AGREED,"{""difference_types"":[],""disputed_evidence_ids"":[],""limited_evidence_ids"":[],""meaningful_conflict_refs"":[],""missing_evidence_ids"":[],""reason"":""동일 Skill의 독립된 직접 관찰로 수행 범위를 확인했다. 다른 맥락의 제한/모호성은 해당 근거의 한계로 보존한다."",""rubric_review"":""직접 관찰의 행동·검증을 검토하며 다른 맥락의 한계와 평가자 차이를 보존한다."",""supporting_observation_ids"":[""OB_FIRST_PANEL_06_ML_ENGINEER_EV_APP0082_FIRST_INTERVIEW_PRACTITIONER_QA_M1_SKILL_08"",""OB_FIRST_PANEL_06_HIRING_MANAGER_EV_APP0082_FIRST_INTERVIEW_PRACTITIONER_QA_M1_SKILL_08"",""OB_FIRST_PANEL_06_TECHNICAL_REVIEWER_EV_APP0082_FIRST_INTERVIEW_PRACTITIONER_QA_M1_SKILL_08""]}",CALIBRATION_PANEL_01,2027-01-04T11:15:00+09:00,SYNTHETIC_HUMAN_SCENARIO,M1_EVIDENCE_RUBRIC_V02
DC_APP0155_M1_SKILL_01_000532,APP0155,C0155,M1_SKILL_01,MODERATE,AGREED,"{""difference_types"":[""EVIDENCE_EVOLUTION""],""disputed_evidence_ids"":[],""limited_evidence_ids"":[],""meaningful_conflict_refs"":[],""missing_evidence_ids"":[],""reason"":""동일 Skill의 독립된 직접 관찰로 수행 범위를 확인했다. 다른 맥락의 제한/모호성은 해당 근거의 한계로 보존한다."",""rubric_review"":""직접 관찰의 행동·검증을 검토하며 다른 맥락의 한계와 평가자 차이를 보존한다."",""supporting_observation_ids"":[""OB_FIRST_PANEL_10_ML_ENGINEER_EV_APP0155_FIRST_INTERVIEW_TECHNICAL_ASSESSMENT_M1_SKILL_01"",""OB_FIRST_PANEL_10_HIRING_MANAGER_EV_APP0155_FIRST_INTERVIEW_TECHNICAL_ASSESSMENT_M1_SKILL_01"",""OB_FIRST_PANEL_10_TECHNICAL_REVIEWER_EV_APP0155_FIRST_INTERVIEW_TECHNICAL_ASSESSMENT_M1_SKILL_01"",""OB_FIRST_PANEL_10_ML_ENGINEER_EV_APP0155_FIRST_INTERVIEW_AI_CASE_M1_SKILL_01"",""OB_FIRST_PANEL_10_HIRING_MANAGER_EV_APP0155_FIRST_INTERVIEW_AI_CASE_M1_SKILL_01"",""OB_FIRST_PANEL_10_TECHNICAL_REVIEWER_EV_APP0155_FIRST_INTERVIEW_AI_CASE_M1_SKILL_01""]}",CALIBRATION_PANEL_01,2027-01-02T10:30:00+09:00,SYNTHETIC_HUMAN_SCENARIO,M1_EVIDENCE_RUBRIC_V02
DC_APP0155_M1_SKILL_02_000533,APP0155,C0155,M1_SKILL_02,STRONG,AGREED,"{""difference_types"":[],""disputed_evidence_ids"":[],""limited_evidence_ids"":[],""meaningful_conflict_refs"":[],""missing_evidence_ids"":[],""reason"":""동일 Skill의 독립된 직접 관찰로 수행 범위를 확인했다. 다른 맥락의 제한/모호성은 해당 근거의 한계로 보존한다."",""rubric_review"":""직접 관찰의 행동·검증을 검토하며 다른 맥락의 한계와 평가자 차이를 보존한다."",""supporting_observation_ids"":[""OB_FIRST_PANEL_10_ML_ENGINEER_EV_APP0155_FIRST_INTERVIEW_TECHNICAL_ASSESSMENT_M1_SKILL_02"",""OB_FIRST_PANEL_10_HIRING_MANAGER_EV_APP0155_FIRST_INTERVIEW_TECHNICAL_ASSESSMENT_M1_SKILL_02"",""OB_FIRST_PANEL_10_TECHNICAL_REVIEWER_EV_APP0155_FIRST_INTERVIEW_TECHNICAL_ASSESSMENT_M1_SKILL_02""]}",CALIBRATION_PANEL_01,2027-01-02T10:30:00+09:00,SYNTHETIC_HUMAN_SCENARIO,M1_EVIDENCE_RUBRIC_V02
DC_APP0155_M1_SKILL_03_000534,APP0155,C0155,M1_SKILL_03,STRONG,AGREED,"{""difference_types"":[""EVIDENCE_EVOLUTION""],""disputed_evidence_ids"":[],""limited_evidence_ids"":[],""meaningful_conflict_refs"":[],""missing_evidence_ids"":[],""reason"":""동일 Skill의 독립된 직접 관찰로 수행 범위를 확인했다. 다른 맥락의 제한/모호성은 해당 근거의 한계로 보존한다."",""rubric_review"":""직접 관찰의 행동·검증을 검토하며 다른 맥락의 한계와 평가자 차이를 보존한다."",""supporting_observation_ids"":[""OB_REVIEW_ML_01_EV_APP0155_PRE_ASSESSMENT_CODING_TEST_M1_SKILL_03"",""OB_REVIEW_HM_01_EV_APP0155_PRE_ASSESSMENT_CODING_TEST_M1_SKILL_03"",""OB_FIRST_PANEL_10_ML_ENGINEER_EV_APP0155_FIRST_INTERVIEW_AI_CASE_M1_SKILL_03"",""OB_FIRST_PANEL_10_HIRING_MANAGER_EV_APP0155_FIRST_INTERVIEW_AI_CASE_M1_SKILL_03"",""OB_FIRST_PANEL_10_TECHNICAL_REVIEWER_EV_APP0155_FIRST_INTERVIEW_AI_CASE_M1_SKILL_03""]}",CALIBRATION_PANEL_01,2027-01-02T10:30:00+09:00,SYNTHETIC_HUMAN_SCENARIO,M1_EVIDENCE_RUBRIC_V02
DC_APP0155_M1_SKILL_04_000535,APP0155,C0155,M1_SKILL_04,MODERATE,AGREED,"{""difference_types"":[],""disputed_evidence_ids"":[],""limited_evidence_ids"":[],""meaningful_conflict_refs"":[],""missing_evidence_ids"":[],""reason"":""동일 Skill의 독립된 직접 관찰로 수행 범위를 확인했다. 다른 맥락의 제한/모호성은 해당 근거의 한계로 보존한다."",""rubric_review"":""직접 관찰의 행동·검증을 검토하며 다른 맥락의 한계와 평가자 차이를 보존한다."",""supporting_observation_ids"":[""OB_FIRST_PANEL_10_ML_ENGINEER_EV_APP0155_FIRST_INTERVIEW_PRACTITIONER_QA_M1_SKILL_04"",""OB_FIRST_PANEL_10_HIRING_MANAGER_EV_APP0155_FIRST_INTERVIEW_PRACTITIONER_QA_M1_SKILL_04"",""OB_FIRST_PANEL_10_TECHNICAL_REVIEWER_EV_APP0155_FIRST_INTERVIEW_PRACTITIONER_QA_M1_SKILL_04"",""OB_SECOND_INTERVIEW_PANEL_01_ML_ENGINEER_EV_APP0155_SECOND_INTERVIEW_VALUES_BEHAVIOR_INTERVIEW_M1_SKILL_04"",""OB_SECOND_INTERVIEW_PANEL_01_HIRING_MANAGER_EV_APP0155_SECOND_INTERVIEW_VALUES_BEHAVIOR_INTERVIEW_M1_SKILL_04""]}",CALIBRATION_PANEL_01,2027-01-02T10:30:00+09:00,SYNTHETIC_HUMAN_SCENARIO,M1_EVIDENCE_RUBRIC_V02
DC_APP0155_M1_SKILL_05_000536,APP0155,C0155,M1_SKILL_05,MODERATE,AGREED,"{""difference_types"":[],""disputed_evidence_ids"":[],""limited_evidence_ids"":[],""meaningful_conflict_refs"":[],""missing_evidence_ids"":[],""reason"":""동일 Skill의 독립된 직접 관찰로 수행 범위를 확인했다. 다른 맥락의 제한/모호성은 해당 근거의 한계로 보존한다."",""rubric_review"":""직접 관찰의 행동·검증을 검토하며 다른 맥락의 한계와 평가자 차이를 보존한다."",""supporting_observation_ids"":[""OB_FIRST_PANEL_10_ML_ENGINEER_EV_APP0155_FIRST_INTERVIEW_PRACTITIONER_QA_M1_SKILL_05"",""OB_FIRST_PANEL_10_HIRING_MANAGER_EV_APP0155_FIRST_INTERVIEW_PRACTITIONER_QA_M1_SKILL_05"",""OB_FIRST_PANEL_10_TECHNICAL_REVIEWER_EV_APP0155_FIRST_INTERVIEW_PRACTITIONER_QA_M1_SKILL_05"",""OB_SECOND_INTERVIEW_PANEL_01_ML_ENGINEER_EV_APP0155_SECOND_INTERVIEW_VALUES_BEHAVIOR_INTERVIEW_M1_SKILL_05"",""OB_SECOND_INTERVIEW_PANEL_01_HIRING_MANAGER_EV_APP0155_SECOND_INTERVIEW_VALUES_BEHAVIOR_INTERVIEW_M1_SKILL_05""]}",CALIBRATION_PANEL_01,2027-01-02T10:30:00+09:00,SYNTHETIC_HUMAN_SCENARIO,M1_EVIDENCE_RUBRIC_V02
DC_APP0155_M1_SKILL_06_000537,APP0155,C0155,M1_SKILL_06,MODERATE,AGREED,"{""difference_types"":[],""disputed_evidence_ids"":[],""limited_evidence_ids"":[],""meaningful_conflict_refs"":[],""missing_evidence_ids"":[],""reason"":""동일 Skill의 독립된 직접 관찰로 수행 범위를 확인했다. 다른 맥락의 제한/모호성은 해당 근거의 한계로 보존한다."",""rubric_review"":""직접 관찰의 행동·검증을 검토하며 다른 맥락의 한계와 평가자 차이를 보존한다."",""supporting_observation_ids"":[""OB_FIRST_PANEL_10_ML_ENGINEER_EV_APP0155_FIRST_INTERVIEW_PRACTITIONER_QA_M1_SKILL_06"",""OB_FIRST_PANEL_10_HIRING_MANAGER_EV_APP0155_FIRST_INTERVIEW_PRACTITIONER_QA_M1_SKILL_06"",""OB_FIRST_PANEL_10_TECHNICAL_REVIEWER_EV_APP0155_FIRST_INTERVIEW_PRACTITIONER_QA_M1_SKILL_06""]}",CALIBRATION_PANEL_01,2027-01-02T10:30:00+09:00,SYNTHETIC_HUMAN_SCENARIO,M1_EVIDENCE_RUBRIC_V02
DC_APP0155_M1_SKILL_07_000538,APP0155,C0155,M1_SKILL_07,STRONG,AGREED,"{""difference_types"":[],""disputed_evidence_ids"":[],""limited_evidence_ids"":[],""meaningful_conflict_refs"":[],""missing_evidence_ids"":[],""reason"":""동일 Skill의 독립된 직접 관찰로 수행 범위를 확인했다. 다른 맥락의 제한/모호성은 해당 근거의 한계로 보존한다."",""rubric_review"":""직접 관찰의 행동·검증을 검토하며 다른 맥락의 한계와 평가자 차이를 보존한다."",""supporting_observation_ids"":[""OB_FIRST_PANEL_10_ML_ENGINEER_EV_APP0155_FIRST_INTERVIEW_TECHNICAL_ASSESSMENT_M1_SKILL_07"",""OB_FIRST_PANEL_10_HIRING_MANAGER_EV_APP0155_FIRST_INTERVIEW_TECHNICAL_ASSESSMENT_M1_SKILL_07"",""OB_FIRST_PANEL_10_TECHNICAL_REVIEWER_EV_APP0155_FIRST_INTERVIEW_TECHNICAL_ASSESSMENT_M1_SKILL_07""]}",CALIBRATION_PANEL_01,2027-01-02T10:30:00+09:00,SYNTHETIC_HUMAN_SCENARIO,M1_EVIDENCE_RUBRIC_V02
DC_APP0155_M1_SKILL_08_000539,APP0155,C0155,M1_SKILL_08,STRONG,AGREED,"{""difference_types"":[],""disputed_evidence_ids"":[],""limited_evidence_ids"":[],""meaningful_conflict_refs"":[],""missing_evidence_ids"":[],""reason"":""동일 Skill의 독립된 직접 관찰로 수행 범위를 확인했다. 다른 맥락의 제한/모호성은 해당 근거의 한계로 보존한다."",""rubric_review"":""직접 관찰의 행동·검증을 검토하며 다른 맥락의 한계와 평가자 차이를 보존한다."",""supporting_observation_ids"":[""OB_FIRST_PANEL_10_ML_ENGINEER_EV_APP0155_FIRST_INTERVIEW_PRACTITIONER_QA_M1_SKILL_08"",""OB_FIRST_PANEL_10_HIRING_MANAGER_EV_APP0155_FIRST_INTERVIEW_PRACTITIONER_QA_M1_SKILL_08"",""OB_FIRST_PANEL_10_TECHNICAL_REVIEWER_EV_APP0155_FIRST_INTERVIEW_PRACTITIONER_QA_M1_SKILL_08""]}",CALIBRATION_PANEL_01,2027-01-02T10:30:00+09:00,SYNTHETIC_HUMAN_SCENARIO,M1_EVIDENCE_RUBRIC_V02
DC_APP0181_M1_SKILL_01_000540,APP0181,C0181,M1_SKILL_01,MODERATE,AGREED,"{""difference_types"":[""EVIDENCE_EVOLUTION""],""disputed_evidence_ids"":[],""limited_evidence_ids"":[],""meaningful_conflict_refs"":[],""missing_evidence_ids"":[""EV_APP0181_FIRST_INTERVIEW_TECHNICAL_ASSESSMENT_M1_SKILL_01""],""reason"":""동일 Skill의 독립된 직접 관찰로 수행 범위를 확인했다. 다른 맥락의 제한/모호성은 해당 근거의 한계로 보존한다."",""rubric_review"":""직접 관찰의 행동·검증을 검토하며 다른 맥락의 한계와 평가자 차이를 보존한다."",""supporting_observation_ids"":[""OB_FIRST_PANEL_04_ML_ENGINEER_EV_APP0181_FIRST_INTERVIEW_AI_CASE_M1_SKILL_01"",""OB_FIRST_PANEL_04_HIRING_MANAGER_EV_APP0181_FIRST_INTERVIEW_AI_CASE_M1_SKILL_01"",""OB_FIRST_PANEL_04_TECHNICAL_REVIEWER_EV_APP0181_FIRST_INTERVIEW_AI_CASE_M1_SKILL_01""]}",CALIBRATION_PANEL_01,2027-01-08T10:45:00+09:00,SYNTHETIC_HUMAN_SCENARIO,M1_EVIDENCE_RUBRIC_V02
DC_APP0181_M1_SKILL_02_000541,APP0181,C0181,M1_SKILL_02,MODERATE,AGREED,"{""difference_types"":[],""disputed_evidence_ids"":[],""limited_evidence_ids"":[],""meaningful_conflict_refs"":[],""missing_evidence_ids"":[],""reason"":""동일 Skill의 독립된 직접 관찰로 수행 범위를 확인했다. 다른 맥락의 제한/모호성은 해당 근거의 한계로 보존한다."",""rubric_review"":""직접 관찰의 행동·검증을 검토하며 다른 맥락의 한계와 평가자 차이를 보존한다."",""supporting_observation_ids"":[""OB_FIRST_PANEL_04_ML_ENGINEER_EV_APP0181_FIRST_INTERVIEW_TECHNICAL_ASSESSMENT_M1_SKILL_02"",""OB_FIRST_PANEL_04_HIRING_MANAGER_EV_APP0181_FIRST_INTERVIEW_TECHNICAL_ASSESSMENT_M1_SKILL_02"",""OB_FIRST_PANEL_04_TECHNICAL_REVIEWER_EV_APP0181_FIRST_INTERVIEW_TECHNICAL_ASSESSMENT_M1_SKILL_02""]}",CALIBRATION_PANEL_01,2027-01-08T10:45:00+09:00,SYNTHETIC_HUMAN_SCENARIO,M1_EVIDENCE_RUBRIC_V02
DC_APP0181_M1_SKILL_03_000542,APP0181,C0181,M1_SKILL_03,MODERATE,AGREED,"{""difference_types"":[""EVIDENCE_EVOLUTION""],""disputed_evidence_ids"":[],""limited_evidence_ids"":[],""meaningful_conflict_refs"":[],""missing_evidence_ids"":[],""reason"":""동일 Skill의 독립된 직접 관찰로 수행 범위를 확인했다. 다른 맥락의 제한/모호성은 해당 근거의 한계로 보존한다."",""rubric_review"":""직접 관찰의 행동·검증을 검토하며 다른 맥락의 한계와 평가자 차이를 보존한다."",""supporting_observation_ids"":[""OB_REVIEW_ML_01_EV_APP0181_PRE_ASSESSMENT_CODING_TEST_M1_SKILL_03"",""OB_REVIEW_HM_01_EV_APP0181_PRE_ASSESSMENT_CODING_TEST_M1_SKILL_03"",""OB_FIRST_PANEL_04_ML_ENGINEER_EV_APP0181_FIRST_INTERVIEW_AI_CASE_M1_SKILL_03"",""OB_FIRST_PANEL_04_HIRING_MANAGER_EV_APP0181_FIRST_INTERVIEW_AI_CASE_M1_SKILL_03"",""OB_FIRST_PANEL_04_TECHNICAL_REVIEWER_EV_APP0181_FIRST_INTERVIEW_AI_CASE_M1_SKILL_03""]}",CALIBRATION_PANEL_01,2027-01-08T10:45:00+09:00,SYNTHETIC_HUMAN_SCENARIO,M1_EVIDENCE_RUBRIC_V02
DC_APP0181_M1_SKILL_04_000543,APP0181,C0181,M1_SKILL_04,STRONG,AGREED,"{""difference_types"":[],""disputed_evidence_ids"":[],""limited_evidence_ids"":[],""meaningful_conflict_refs"":[],""missing_evidence_ids"":[],""reason"":""동일 Skill의 독립된 직접 관찰로 수행 범위를 확인했다. 다른 맥락의 제한/모호성은 해당 근거의 한계로 보존한다."",""rubric_review"":""직접 관찰의 행동·검증을 검토하며 다른 맥락의 한계와 평가자 차이를 보존한다."",""supporting_observation_ids"":[""OB_FIRST_PANEL_04_ML_ENGINEER_EV_APP0181_FIRST_INTERVIEW_PRACTITIONER_QA_M1_SKILL_04"",""OB_FIRST_PANEL_04_HIRING_MANAGER_EV_APP0181_FIRST_INTERVIEW_PRACTITIONER_QA_M1_SKILL_04"",""OB_FIRST_PANEL_04_TECHNICAL_REVIEWER_EV_APP0181_FIRST_INTERVIEW_PRACTITIONER_QA_M1_SKILL_04"",""OB_SECOND_INTERVIEW_PANEL_01_ML_ENGINEER_EV_APP0181_SECOND_INTERVIEW_VALUES_BEHAVIOR_INTERVIEW_M1_SKILL_04"",""OB_SECOND_INTERVIEW_PANEL_01_HIRING_MANAGER_EV_APP0181_SECOND_INTERVIEW_VALUES_BEHAVIOR_INTERVIEW_M1_SKILL_04""]}",CALIBRATION_PANEL_01,2027-01-08T10:45:00+09:00,SYNTHETIC_HUMAN_SCENARIO,M1_EVIDENCE_RUBRIC_V02
DC_APP0181_M1_SKILL_05_000544,APP0181,C0181,M1_SKILL_05,STRONG,AGREED,"{""difference_types"":[],""disputed_evidence_ids"":[],""limited_evidence_ids"":[],""meaningful_conflict_refs"":[],""missing_evidence_ids"":[],""reason"":""동일 Skill의 독립된 직접 관찰로 수행 범위를 확인했다. 다른 맥락의 제한/모호성은 해당 근거의 한계로 보존한다."",""rubric_review"":""직접 관찰의 행동·검증을 검토하며 다른 맥락의 한계와 평가자 차이를 보존한다."",""supporting_observation_ids"":[""OB_FIRST_PANEL_04_ML_ENGINEER_EV_APP0181_FIRST_INTERVIEW_PRACTITIONER_QA_M1_SKILL_05"",""OB_FIRST_PANEL_04_HIRING_MANAGER_EV_APP0181_FIRST_INTERVIEW_PRACTITIONER_QA_M1_SKILL_05"",""OB_FIRST_PANEL_04_TECHNICAL_REVIEWER_EV_APP0181_FIRST_INTERVIEW_PRACTITIONER_QA_M1_SKILL_05"",""OB_SECOND_INTERVIEW_PANEL_01_ML_ENGINEER_EV_APP0181_SECOND_INTERVIEW_VALUES_BEHAVIOR_INTERVIEW_M1_SKILL_05"",""OB_SECOND_INTERVIEW_PANEL_01_HIRING_MANAGER_EV_APP0181_SECOND_INTERVIEW_VALUES_BEHAVIOR_INTERVIEW_M1_SKILL_05""]}",CALIBRATION_PANEL_01,2027-01-08T10:45:00+09:00,SYNTHETIC_HUMAN_SCENARIO,M1_EVIDENCE_RUBRIC_V02
DC_APP0181_M1_SKILL_06_000545,APP0181,C0181,M1_SKILL_06,MODERATE,AGREED,"{""difference_types"":[],""disputed_evidence_ids"":[],""limited_evidence_ids"":[],""meaningful_conflict_refs"":[],""missing_evidence_ids"":[],""reason"":""동일 Skill의 독립된 직접 관찰로 수행 범위를 확인했다. 다른 맥락의 제한/모호성은 해당 근거의 한계로 보존한다."",""rubric_review"":""직접 관찰의 행동·검증을 검토하며 다른 맥락의 한계와 평가자 차이를 보존한다."",""supporting_observation_ids"":[""OB_FIRST_PANEL_04_ML_ENGINEER_EV_APP0181_FIRST_INTERVIEW_PRACTITIONER_QA_M1_SKILL_06"",""OB_FIRST_PANEL_04_HIRING_MANAGER_EV_APP0181_FIRST_INTERVIEW_PRACTITIONER_QA_M1_SKILL_06"",""OB_FIRST_PANEL_04_TECHNICAL_REVIEWER_EV_APP0181_FIRST_INTERVIEW_PRACTITIONER_QA_M1_SKILL_06""]}",CALIBRATION_PANEL_01,2027-01-08T10:45:00+09:00,SYNTHETIC_HUMAN_SCENARIO,M1_EVIDENCE_RUBRIC_V02
DC_APP0181_M1_SKILL_07_000546,APP0181,C0181,M1_SKILL_07,,DISAGREEMENT_REMAINS,"{""difference_types"":[""EVALUATOR_DISAGREEMENT""],""disputed_evidence_ids"":[""EV_APP0181_FIRST_INTERVIEW_TECHNICAL_ASSESSMENT_M1_SKILL_07""],""limited_evidence_ids"":[],""meaningful_conflict_refs"":[],""missing_evidence_ids"":[],""reason"":""동일 근거에 대한 평가자 해석 차이를 해소할 직접 관찰이 부족하다."",""rubric_review"":""직접 관찰의 행동·검증을 검토하며 다른 맥락의 한계와 평가자 차이를 보존한다."",""supporting_observation_ids"":[]}",CALIBRATION_PANEL_01,2027-01-08T10:45:00+09:00,SYNTHETIC_HUMAN_SCENARIO,M1_EVIDENCE_RUBRIC_V02
DC_APP0181_M1_SKILL_08_000547,APP0181,C0181,M1_SKILL_08,MODERATE,AGREED,"{""difference_types"":[],""disputed_evidence_ids"":[],""limited_evidence_ids"":[],""meaningful_conflict_refs"":[],""missing_evidence_ids"":[],""reason"":""동일 Skill의 독립된 직접 관찰로 수행 범위를 확인했다. 다른 맥락의 제한/모호성은 해당 근거의 한계로 보존한다."",""rubric_review"":""직접 관찰의 행동·검증을 검토하며 다른 맥락의 한계와 평가자 차이를 보존한다."",""supporting_observation_ids"":[""OB_FIRST_PANEL_04_ML_ENGINEER_EV_APP0181_FIRST_INTERVIEW_PRACTITIONER_QA_M1_SKILL_08"",""OB_FIRST_PANEL_04_HIRING_MANAGER_EV_APP0181_FIRST_INTERVIEW_PRACTITIONER_QA_M1_SKILL_08"",""OB_FIRST_PANEL_04_TECHNICAL_REVIEWER_EV_APP0181_FIRST_INTERVIEW_PRACTITIONER_QA_M1_SKILL_08""]}",CALIBRATION_PANEL_01,2027-01-08T10:45:00+09:00,SYNTHETIC_HUMAN_SCENARIO,M1_EVIDENCE_RUBRIC_V02
DC_APP0216_M1_SKILL_01_000548,APP0216,C0216,M1_SKILL_01,MODERATE,AGREED,"{""difference_types"":[""EVIDENCE_EVOLUTION""],""disputed_evidence_ids"":[],""limited_evidence_ids"":[],""meaningful_conflict_refs"":[],""missing_evidence_ids"":[],""reason"":""동일 Skill의 독립된 직접 관찰로 수행 범위를 확인했다. 다른 맥락의 제한/모호성은 해당 근거의 한계로 보존한다."",""rubric_review"":""직접 관찰의 행동·검증을 검토하며 다른 맥락의 한계와 평가자 차이를 보존한다."",""supporting_observation_ids"":[""OB_FIRST_PANEL_10_ML_ENGINEER_EV_APP0216_FIRST_INTERVIEW_TECHNICAL_ASSESSMENT_M1_SKILL_01"",""OB_FIRST_PANEL_10_HIRING_MANAGER_EV_APP0216_FIRST_INTERVIEW_TECHNICAL_ASSESSMENT_M1_SKILL_01"",""OB_FIRST_PANEL_10_TECHNICAL_REVIEWER_EV_APP0216_FIRST_INTERVIEW_TECHNICAL_ASSESSMENT_M1_SKILL_01"",""OB_FIRST_PANEL_10_ML_ENGINEER_EV_APP0216_FIRST_INTERVIEW_AI_CASE_M1_SKILL_01"",""OB_FIRST_PANEL_10_HIRING_MANAGER_EV_APP0216_FIRST_INTERVIEW_AI_CASE_M1_SKILL_01"",""OB_FIRST_PANEL_10_TECHNICAL_REVIEWER_EV_APP0216_FIRST_INTERVIEW_AI_CASE_M1_SKILL_01""]}",CALIBRATION_PANEL_01,2027-01-14T10:30:00+09:00,SYNTHETIC_HUMAN_SCENARIO,M1_EVIDENCE_RUBRIC_V02
DC_APP0216_M1_SKILL_02_000549,APP0216,C0216,M1_SKILL_02,MODERATE,AGREED,"{""difference_types"":[],""disputed_evidence_ids"":[],""limited_evidence_ids"":[],""meaningful_conflict_refs"":[],""missing_evidence_ids"":[],""reason"":""동일 Skill의 독립된 직접 관찰로 수행 범위를 확인했다. 다른 맥락의 제한/모호성은 해당 근거의 한계로 보존한다."",""rubric_review"":""직접 관찰의 행동·검증을 검토하며 다른 맥락의 한계와 평가자 차이를 보존한다."",""supporting_observation_ids"":[""OB_FIRST_PANEL_10_ML_ENGINEER_EV_APP0216_FIRST_INTERVIEW_TECHNICAL_ASSESSMENT_M1_SKILL_02"",""OB_FIRST_PANEL_10_HIRING_MANAGER_EV_APP0216_FIRST_INTERVIEW_TECHNICAL_ASSESSMENT_M1_SKILL_02"",""OB_FIRST_PANEL_10_TECHNICAL_REVIEWER_EV_APP0216_FIRST_INTERVIEW_TECHNICAL_ASSESSMENT_M1_SKILL_02""]}",CALIBRATION_PANEL_01,2027-01-14T10:30:00+09:00,SYNTHETIC_HUMAN_SCENARIO,M1_EVIDENCE_RUBRIC_V02
DC_APP0216_M1_SKILL_03_000550,APP0216,C0216,M1_SKILL_03,MODERATE,AGREED,"{""difference_types"":[""EVIDENCE_EVOLUTION""],""disputed_evidence_ids"":[],""limited_evidence_ids"":[],""meaningful_conflict_refs"":[],""missing_evidence_ids"":[],""reason"":""동일 Skill의 독립된 직접 관찰로 수행 범위를 확인했다. 다른 맥락의 제한/모호성은 해당 근거의 한계로 보존한다."",""rubric_review"":""직접 관찰의 행동·검증을 검토하며 다른 맥락의 한계와 평가자 차이를 보존한다."",""supporting_observation_ids"":[""OB_REVIEW_ML_01_EV_APP0216_PRE_ASSESSMENT_CODING_TEST_M1_SKILL_03"",""OB_REVIEW_HM_01_EV_APP0216_PRE_ASSESSMENT_CODING_TEST_M1_SKILL_03"",""OB_FIRST_PANEL_10_ML_ENGINEER_EV_APP0216_FIRST_INTERVIEW_AI_CASE_M1_SKILL_03"",""OB_FIRST_PANEL_10_HIRING_MANAGER_EV_APP0216_FIRST_INTERVIEW_AI_CASE_M1_SKILL_03"",""OB_FIRST_PANEL_10_TECHNICAL_REVIEWER_EV_APP0216_FIRST_INTERVIEW_AI_CASE_M1_SKILL_03""]}",CALIBRATION_PANEL_01,2027-01-14T10:30:00+09:00,SYNTHETIC_HUMAN_SCENARIO,M1_EVIDENCE_RUBRIC_V02
DC_APP0216_M1_SKILL_04_000551,APP0216,C0216,M1_SKILL_04,STRONG,AGREED,"{""difference_types"":[""EVIDENCE_EVOLUTION""],""disputed_evidence_ids"":[],""limited_evidence_ids"":[],""meaningful_conflict_refs"":[],""missing_evidence_ids"":[""EV_APP0216_FIRST_INTERVIEW_PRACTITIONER_QA_M1_SKILL_04""],""reason"":""동일 Skill의 독립된 직접 관찰로 수행 범위를 확인했다. 다른 맥락의 제한/모호성은 해당 근거의 한계로 보존한다."",""rubric_review"":""직접 관찰의 행동·검증을 검토하며 다른 맥락의 한계와 평가자 차이를 보존한다."",""supporting_observation_ids"":[""OB_SECOND_INTERVIEW_PANEL_01_ML_ENGINEER_EV_APP0216_SECOND_INTERVIEW_VALUES_BEHAVIOR_INTERVIEW_M1_SKILL_04"",""OB_SECOND_INTERVIEW_PANEL_01_HIRING_MANAGER_EV_APP0216_SECOND_INTERVIEW_VALUES_BEHAVIOR_INTERVIEW_M1_SKILL_04""]}",CALIBRATION_PANEL_01,2027-01-14T10:30:00+09:00,SYNTHETIC_HUMAN_SCENARIO,M1_EVIDENCE_RUBRIC_V02
DC_APP0216_M1_SKILL_05_000552,APP0216,C0216,M1_SKILL_05,STRONG,AGREED,"{""difference_types"":[""EVIDENCE_EVOLUTION"",""CONTEXT_DIFFERENCE""],""disputed_evidence_ids"":[],""limited_evidence_ids"":[""EV_APP0216_SECOND_INTERVIEW_VALUES_BEHAVIOR_INTERVIEW_M1_SKILL_05""],""meaningful_conflict_refs"":[],""missing_evidence_ids"":[],""reason"":""동일 Skill의 독립된 직접 관찰로 수행 범위를 확인했다. 다른 맥락의 제한/모호성은 해당 근거의 한계로 보존한다."",""rubric_review"":""직접 관찰의 행동·검증을 검토하며 다른 맥락의 한계와 평가자 차이를 보존한다."",""supporting_observation_ids"":[""OB_FIRST_PANEL_10_ML_ENGINEER_EV_APP0216_FIRST_INTERVIEW_PRACTITIONER_QA_M1_SKILL_05"",""OB_FIRST_PANEL_10_HIRING_MANAGER_EV_APP0216_FIRST_INTERVIEW_PRACTITIONER_QA_M1_SKILL_05"",""OB_FIRST_PANEL_10_TECHNICAL_REVIEWER_EV_APP0216_FIRST_INTERVIEW_PRACTITIONER_QA_M1_SKILL_05""]}",CALIBRATION_PANEL_01,2027-01-14T10:30:00+09:00,SYNTHETIC_HUMAN_SCENARIO,M1_EVIDENCE_RUBRIC_V02
DC_APP0216_M1_SKILL_06_000553,APP0216,C0216,M1_SKILL_06,STRONG,AGREED,"{""difference_types"":[],""disputed_evidence_ids"":[],""limited_evidence_ids"":[],""meaningful_conflict_refs"":[],""missing_evidence_ids"":[],""reason"":""동일 Skill의 독립된 직접 관찰로 수행 범위를 확인했다. 다른 맥락의 제한/모호성은 해당 근거의 한계로 보존한다."",""rubric_review"":""직접 관찰의 행동·검증을 검토하며 다른 맥락의 한계와 평가자 차이를 보존한다."",""supporting_observation_ids"":[""OB_FIRST_PANEL_10_ML_ENGINEER_EV_APP0216_FIRST_INTERVIEW_PRACTITIONER_QA_M1_SKILL_06"",""OB_FIRST_PANEL_10_HIRING_MANAGER_EV_APP0216_FIRST_INTERVIEW_PRACTITIONER_QA_M1_SKILL_06"",""OB_FIRST_PANEL_10_TECHNICAL_REVIEWER_EV_APP0216_FIRST_INTERVIEW_PRACTITIONER_QA_M1_SKILL_06""]}",CALIBRATION_PANEL_01,2027-01-14T10:30:00+09:00,SYNTHETIC_HUMAN_SCENARIO,M1_EVIDENCE_RUBRIC_V02
DC_APP0216_M1_SKILL_07_000554,APP0216,C0216,M1_SKILL_07,MODERATE,AGREED,"{""difference_types"":[],""disputed_evidence_ids"":[],""limited_evidence_ids"":[],""meaningful_conflict_refs"":[],""missing_evidence_ids"":[],""reason"":""동일 Skill의 독립된 직접 관찰로 수행 범위를 확인했다. 다른 맥락의 제한/모호성은 해당 근거의 한계로 보존한다."",""rubric_review"":""직접 관찰의 행동·검증을 검토하며 다른 맥락의 한계와 평가자 차이를 보존한다."",""supporting_observation_ids"":[""OB_FIRST_PANEL_10_ML_ENGINEER_EV_APP0216_FIRST_INTERVIEW_TECHNICAL_ASSESSMENT_M1_SKILL_07"",""OB_FIRST_PANEL_10_HIRING_MANAGER_EV_APP0216_FIRST_INTERVIEW_TECHNICAL_ASSESSMENT_M1_SKILL_07"",""OB_FIRST_PANEL_10_TECHNICAL_REVIEWER_EV_APP0216_FIRST_INTERVIEW_TECHNICAL_ASSESSMENT_M1_SKILL_07""]}",CALIBRATION_PANEL_01,2027-01-14T10:30:00+09:00,SYNTHETIC_HUMAN_SCENARIO,M1_EVIDENCE_RUBRIC_V02
DC_APP0216_M1_SKILL_08_000555,APP0216,C0216,M1_SKILL_08,MODERATE,AGREED,"{""difference_types"":[],""disputed_evidence_ids"":[],""limited_evidence_ids"":[],""meaningful_conflict_refs"":[],""missing_evidence_ids"":[],""reason"":""동일 Skill의 독립된 직접 관찰로 수행 범위를 확인했다. 다른 맥락의 제한/모호성은 해당 근거의 한계로 보존한다."",""rubric_review"":""직접 관찰의 행동·검증을 검토하며 다른 맥락의 한계와 평가자 차이를 보존한다."",""supporting_observation_ids"":[""OB_FIRST_PANEL_10_ML_ENGINEER_EV_APP0216_FIRST_INTERVIEW_PRACTITIONER_QA_M1_SKILL_08"",""OB_FIRST_PANEL_10_HIRING_MANAGER_EV_APP0216_FIRST_INTERVIEW_PRACTITIONER_QA_M1_SKILL_08"",""OB_FIRST_PANEL_10_TECHNICAL_REVIEWER_EV_APP0216_FIRST_INTERVIEW_PRACTITIONER_QA_M1_SKILL_08""]}",CALIBRATION_PANEL_01,2027-01-14T10:30:00+09:00,SYNTHETIC_HUMAN_SCENARIO,M1_EVIDENCE_RUBRIC_V02
DC_APP0342_M1_SKILL_01_000556,APP0342,C0342,M1_SKILL_01,STRONG,AGREED,"{""difference_types"":[""EVIDENCE_EVOLUTION""],""disputed_evidence_ids"":[],""limited_evidence_ids"":[],""meaningful_conflict_refs"":[],""missing_evidence_ids"":[],""reason"":""동일 Skill의 독립된 직접 관찰로 수행 범위를 확인했다. 다른 맥락의 제한/모호성은 해당 근거의 한계로 보존한다."",""rubric_review"":""직접 관찰의 행동·검증을 검토하며 다른 맥락의 한계와 평가자 차이를 보존한다."",""supporting_observation_ids"":[""OB_FIRST_PANEL_09_ML_ENGINEER_EV_APP0342_FIRST_INTERVIEW_TECHNICAL_ASSESSMENT_M1_SKILL_01"",""OB_FIRST_PANEL_09_HIRING_MANAGER_EV_APP0342_FIRST_INTERVIEW_TECHNICAL_ASSESSMENT_M1_SKILL_01"",""OB_FIRST_PANEL_09_TECHNICAL_REVIEWER_EV_APP0342_FIRST_INTERVIEW_TECHNICAL_ASSESSMENT_M1_SKILL_01"",""OB_FIRST_PANEL_09_ML_ENGINEER_EV_APP0342_FIRST_INTERVIEW_AI_CASE_M1_SKILL_01"",""OB_FIRST_PANEL_09_HIRING_MANAGER_EV_APP0342_FIRST_INTERVIEW_AI_CASE_M1_SKILL_01"",""OB_FIRST_PANEL_09_TECHNICAL_REVIEWER_EV_APP0342_FIRST_INTERVIEW_AI_CASE_M1_SKILL_01""]}",CALIBRATION_PANEL_01,2027-01-16T10:30:00+09:00,SYNTHETIC_HUMAN_SCENARIO,M1_EVIDENCE_RUBRIC_V02
DC_APP0342_M1_SKILL_02_000557,APP0342,C0342,M1_SKILL_02,STRONG,AGREED,"{""difference_types"":[],""disputed_evidence_ids"":[],""limited_evidence_ids"":[],""meaningful_conflict_refs"":[],""missing_evidence_ids"":[],""reason"":""동일 Skill의 독립된 직접 관찰로 수행 범위를 확인했다. 다른 맥락의 제한/모호성은 해당 근거의 한계로 보존한다."",""rubric_review"":""직접 관찰의 행동·검증을 검토하며 다른 맥락의 한계와 평가자 차이를 보존한다."",""supporting_observation_ids"":[""OB_FIRST_PANEL_09_ML_ENGINEER_EV_APP0342_FIRST_INTERVIEW_TECHNICAL_ASSESSMENT_M1_SKILL_02"",""OB_FIRST_PANEL_09_HIRING_MANAGER_EV_APP0342_FIRST_INTERVIEW_TECHNICAL_ASSESSMENT_M1_SKILL_02"",""OB_FIRST_PANEL_09_TECHNICAL_REVIEWER_EV_APP0342_FIRST_INTERVIEW_TECHNICAL_ASSESSMENT_M1_SKILL_02""]}",CALIBRATION_PANEL_01,2027-01-16T10:30:00+09:00,SYNTHETIC_HUMAN_SCENARIO,M1_EVIDENCE_RUBRIC_V02
DC_APP0342_M1_SKILL_03_000558,APP0342,C0342,M1_SKILL_03,STRONG,AGREED,"{""difference_types"":[""EVIDENCE_EVOLUTION""],""disputed_evidence_ids"":[],""limited_evidence_ids"":[],""meaningful_conflict_refs"":[],""missing_evidence_ids"":[],""reason"":""동일 Skill의 독립된 직접 관찰로 수행 범위를 확인했다. 다른 맥락의 제한/모호성은 해당 근거의 한계로 보존한다."",""rubric_review"":""직접 관찰의 행동·검증을 검토하며 다른 맥락의 한계와 평가자 차이를 보존한다."",""supporting_observation_ids"":[""OB_REVIEW_ML_01_EV_APP0342_PRE_ASSESSMENT_CODING_TEST_M1_SKILL_03"",""OB_REVIEW_HM_01_EV_APP0342_PRE_ASSESSMENT_CODING_TEST_M1_SKILL_03"",""OB_FIRST_PANEL_09_ML_ENGINEER_EV_APP0342_FIRST_INTERVIEW_AI_CASE_M1_SKILL_03"",""OB_FIRST_PANEL_09_HIRING_MANAGER_EV_APP0342_FIRST_INTERVIEW_AI_CASE_M1_SKILL_03"",""OB_FIRST_PANEL_09_TECHNICAL_REVIEWER_EV_APP0342_FIRST_INTERVIEW_AI_CASE_M1_SKILL_03""]}",CALIBRATION_PANEL_01,2027-01-16T10:30:00+09:00,SYNTHETIC_HUMAN_SCENARIO,M1_EVIDENCE_RUBRIC_V02
DC_APP0342_M1_SKILL_04_000559,APP0342,C0342,M1_SKILL_04,MODERATE,AGREED,"{""difference_types"":[""EVIDENCE_EVOLUTION""],""disputed_evidence_ids"":[],""limited_evidence_ids"":[],""meaningful_conflict_refs"":[],""missing_evidence_ids"":[""EV_APP0342_SECOND_INTERVIEW_VALUES_BEHAVIOR_INTERVIEW_M1_SKILL_04""],""reason"":""동일 Skill의 독립된 직접 관찰로 수행 범위를 확인했다. 다른 맥락의 제한/모호성은 해당 근거의 한계로 보존한다."",""rubric_review"":""직접 관찰의 행동·검증을 검토하며 다른 맥락의 한계와 평가자 차이를 보존한다."",""supporting_observation_ids"":[""OB_FIRST_PANEL_09_ML_ENGINEER_EV_APP0342_FIRST_INTERVIEW_PRACTITIONER_QA_M1_SKILL_04"",""OB_FIRST_PANEL_09_HIRING_MANAGER_EV_APP0342_FIRST_INTERVIEW_PRACTITIONER_QA_M1_SKILL_04"",""OB_FIRST_PANEL_09_TECHNICAL_REVIEWER_EV_APP0342_FIRST_INTERVIEW_PRACTITIONER_QA_M1_SKILL_04""]}",CALIBRATION_PANEL_01,2027-01-16T10:30:00+09:00,SYNTHETIC_HUMAN_SCENARIO,M1_EVIDENCE_RUBRIC_V02
DC_APP0342_M1_SKILL_05_000560,APP0342,C0342,M1_SKILL_05,STRONG,AGREED,"{""difference_types"":[],""disputed_evidence_ids"":[],""limited_evidence_ids"":[],""meaningful_conflict_refs"":[],""missing_evidence_ids"":[],""reason"":""동일 Skill의 독립된 직접 관찰로 수행 범위를 확인했다. 다른 맥락의 제한/모호성은 해당 근거의 한계로 보존한다."",""rubric_review"":""직접 관찰의 행동·검증을 검토하며 다른 맥락의 한계와 평가자 차이를 보존한다."",""supporting_observation_ids"":[""OB_FIRST_PANEL_09_ML_ENGINEER_EV_APP0342_FIRST_INTERVIEW_PRACTITIONER_QA_M1_SKILL_05"",""OB_FIRST_PANEL_09_HIRING_MANAGER_EV_APP0342_FIRST_INTERVIEW_PRACTITIONER_QA_M1_SKILL_05"",""OB_FIRST_PANEL_09_TECHNICAL_REVIEWER_EV_APP0342_FIRST_INTERVIEW_PRACTITIONER_QA_M1_SKILL_05"",""OB_SECOND_INTERVIEW_PANEL_01_ML_ENGINEER_EV_APP0342_SECOND_INTERVIEW_VALUES_BEHAVIOR_INTERVIEW_M1_SKILL_05"",""OB_SECOND_INTERVIEW_PANEL_01_HIRING_MANAGER_EV_APP0342_SECOND_INTERVIEW_VALUES_BEHAVIOR_INTERVIEW_M1_SKILL_05""]}",CALIBRATION_PANEL_01,2027-01-16T10:30:00+09:00,SYNTHETIC_HUMAN_SCENARIO,M1_EVIDENCE_RUBRIC_V02
DC_APP0342_M1_SKILL_06_000561,APP0342,C0342,M1_SKILL_06,,INSUFFICIENT_EVIDENCE,"{""difference_types"":[],""disputed_evidence_ids"":[],""limited_evidence_ids"":[],""meaningful_conflict_refs"":[],""missing_evidence_ids"":[""EV_APP0342_FIRST_INTERVIEW_PRACTITIONER_QA_M1_SKILL_06""],""reason"":""직접 판단 근거 부족. 미관찰을 역량 부재로 해석하지 않는다."",""rubric_review"":""직접 관찰의 행동·검증을 검토하며 다른 맥락의 한계와 평가자 차이를 보존한다."",""supporting_observation_ids"":[]}",CALIBRATION_PANEL_01,2027-01-16T10:30:00+09:00,SYNTHETIC_HUMAN_SCENARIO,M1_EVIDENCE_RUBRIC_V02
DC_APP0342_M1_SKILL_07_000562,APP0342,C0342,M1_SKILL_07,MODERATE,AGREED,"{""difference_types"":[],""disputed_evidence_ids"":[],""limited_evidence_ids"":[],""meaningful_conflict_refs"":[],""missing_evidence_ids"":[],""reason"":""동일 Skill의 독립된 직접 관찰로 수행 범위를 확인했다. 다른 맥락의 제한/모호성은 해당 근거의 한계로 보존한다."",""rubric_review"":""직접 관찰의 행동·검증을 검토하며 다른 맥락의 한계와 평가자 차이를 보존한다."",""supporting_observation_ids"":[""OB_FIRST_PANEL_09_ML_ENGINEER_EV_APP0342_FIRST_INTERVIEW_TECHNICAL_ASSESSMENT_M1_SKILL_07"",""OB_FIRST_PANEL_09_HIRING_MANAGER_EV_APP0342_FIRST_INTERVIEW_TECHNICAL_ASSESSMENT_M1_SKILL_07"",""OB_FIRST_PANEL_09_TECHNICAL_REVIEWER_EV_APP0342_FIRST_INTERVIEW_TECHNICAL_ASSESSMENT_M1_SKILL_07""]}",CALIBRATION_PANEL_01,2027-01-16T10:30:00+09:00,SYNTHETIC_HUMAN_SCENARIO,M1_EVIDENCE_RUBRIC_V02
DC_APP0342_M1_SKILL_08_000563,APP0342,C0342,M1_SKILL_08,MODERATE,AGREED,"{""difference_types"":[],""disputed_evidence_ids"":[],""limited_evidence_ids"":[],""meaningful_conflict_refs"":[],""missing_evidence_ids"":[],""reason"":""동일 Skill의 독립된 직접 관찰로 수행 범위를 확인했다. 다른 맥락의 제한/모호성은 해당 근거의 한계로 보존한다."",""rubric_review"":""직접 관찰의 행동·검증을 검토하며 다른 맥락의 한계와 평가자 차이를 보존한다."",""supporting_observation_ids"":[""OB_FIRST_PANEL_09_ML_ENGINEER_EV_APP0342_FIRST_INTERVIEW_PRACTITIONER_QA_M1_SKILL_08"",""OB_FIRST_PANEL_09_HIRING_MANAGER_EV_APP0342_FIRST_INTERVIEW_PRACTITIONER_QA_M1_SKILL_08"",""OB_FIRST_PANEL_09_TECHNICAL_REVIEWER_EV_APP0342_FIRST_INTERVIEW_PRACTITIONER_QA_M1_SKILL_08""]}",CALIBRATION_PANEL_01,2027-01-16T10:30:00+09:00,SYNTHETIC_HUMAN_SCENARIO,M1_EVIDENCE_RUBRIC_V02
DC_APP0228_M1_SKILL_01_000564,APP0228,C0228,M1_SKILL_01,MODERATE,AGREED,"{""difference_types"":[],""disputed_evidence_ids"":[],""limited_evidence_ids"":[],""meaningful_conflict_refs"":[],""missing_evidence_ids"":[],""reason"":""동일 Skill의 독립된 직접 관찰로 수행 범위를 확인했다. 다른 맥락의 제한/모호성은 해당 근거의 한계로 보존한다."",""rubric_review"":""직접 관찰의 행동·검증을 검토하며 다른 맥락의 한계와 평가자 차이를 보존한다."",""supporting_observation_ids"":[""OB_FIRST_PANEL_03_ML_ENGINEER_EV_APP0228_FIRST_INTERVIEW_TECHNICAL_ASSESSMENT_M1_SKILL_01"",""OB_FIRST_PANEL_03_HIRING_MANAGER_EV_APP0228_FIRST_INTERVIEW_TECHNICAL_ASSESSMENT_M1_SKILL_01"",""OB_FIRST_PANEL_03_TECHNICAL_REVIEWER_EV_APP0228_FIRST_INTERVIEW_TECHNICAL_ASSESSMENT_M1_SKILL_01"",""OB_FIRST_PANEL_03_ML_ENGINEER_EV_APP0228_FIRST_INTERVIEW_AI_CASE_M1_SKILL_01"",""OB_FIRST_PANEL_03_HIRING_MANAGER_EV_APP0228_FIRST_INTERVIEW_AI_CASE_M1_SKILL_01"",""OB_FIRST_PANEL_03_TECHNICAL_REVIEWER_EV_APP0228_FIRST_INTERVIEW_AI_CASE_M1_SKILL_01""]}",CALIBRATION_PANEL_01,2027-01-13T10:45:00+09:00,SYNTHETIC_HUMAN_SCENARIO,M1_EVIDENCE_RUBRIC_V02
DC_APP0228_M1_SKILL_02_000565,APP0228,C0228,M1_SKILL_02,STRONG,AGREED,"{""difference_types"":[],""disputed_evidence_ids"":[],""limited_evidence_ids"":[],""meaningful_conflict_refs"":[],""missing_evidence_ids"":[],""reason"":""동일 Skill의 독립된 직접 관찰로 수행 범위를 확인했다. 다른 맥락의 제한/모호성은 해당 근거의 한계로 보존한다."",""rubric_review"":""직접 관찰의 행동·검증을 검토하며 다른 맥락의 한계와 평가자 차이를 보존한다."",""supporting_observation_ids"":[""OB_FIRST_PANEL_03_ML_ENGINEER_EV_APP0228_FIRST_INTERVIEW_TECHNICAL_ASSESSMENT_M1_SKILL_02"",""OB_FIRST_PANEL_03_HIRING_MANAGER_EV_APP0228_FIRST_INTERVIEW_TECHNICAL_ASSESSMENT_M1_SKILL_02"",""OB_FIRST_PANEL_03_TECHNICAL_REVIEWER_EV_APP0228_FIRST_INTERVIEW_TECHNICAL_ASSESSMENT_M1_SKILL_02""]}",CALIBRATION_PANEL_01,2027-01-13T10:45:00+09:00,SYNTHETIC_HUMAN_SCENARIO,M1_EVIDENCE_RUBRIC_V02
DC_APP0228_M1_SKILL_03_000566,APP0228,C0228,M1_SKILL_03,MODERATE,AGREED,"{""difference_types"":[""EVIDENCE_EVOLUTION""],""disputed_evidence_ids"":[],""limited_evidence_ids"":[],""meaningful_conflict_refs"":[],""missing_evidence_ids"":[],""reason"":""동일 Skill의 독립된 직접 관찰로 수행 범위를 확인했다. 다른 맥락의 제한/모호성은 해당 근거의 한계로 보존한다."",""rubric_review"":""직접 관찰의 행동·검증을 검토하며 다른 맥락의 한계와 평가자 차이를 보존한다."",""supporting_observation_ids"":[""OB_REVIEW_ML_01_EV_APP0228_PRE_ASSESSMENT_CODING_TEST_M1_SKILL_03"",""OB_REVIEW_HM_01_EV_APP0228_PRE_ASSESSMENT_CODING_TEST_M1_SKILL_03"",""OB_FIRST_PANEL_03_ML_ENGINEER_EV_APP0228_FIRST_INTERVIEW_AI_CASE_M1_SKILL_03"",""OB_FIRST_PANEL_03_HIRING_MANAGER_EV_APP0228_FIRST_INTERVIEW_AI_CASE_M1_SKILL_03"",""OB_FIRST_PANEL_03_TECHNICAL_REVIEWER_EV_APP0228_FIRST_INTERVIEW_AI_CASE_M1_SKILL_03""]}",CALIBRATION_PANEL_01,2027-01-13T10:45:00+09:00,SYNTHETIC_HUMAN_SCENARIO,M1_EVIDENCE_RUBRIC_V02
DC_APP0228_M1_SKILL_04_000567,APP0228,C0228,M1_SKILL_04,,DISAGREEMENT_REMAINS,"{""difference_types"":[""EVALUATOR_DISAGREEMENT""],""disputed_evidence_ids"":[""EV_APP0228_FIRST_INTERVIEW_PRACTITIONER_QA_M1_SKILL_04""],""limited_evidence_ids"":[],""meaningful_conflict_refs"":[],""missing_evidence_ids"":[""EV_APP0228_SECOND_INTERVIEW_VALUES_BEHAVIOR_INTERVIEW_M1_SKILL_04""],""reason"":""동일 근거에 대한 평가자 해석 차이를 해소할 직접 관찰이 부족하다."",""rubric_review"":""직접 관찰의 행동·검증을 검토하며 다른 맥락의 한계와 평가자 차이를 보존한다."",""supporting_observation_ids"":[]}",CALIBRATION_PANEL_01,2027-01-13T10:45:00+09:00,SYNTHETIC_HUMAN_SCENARIO,M1_EVIDENCE_RUBRIC_V02
DC_APP0228_M1_SKILL_05_000568,APP0228,C0228,M1_SKILL_05,STRONG,AGREED,"{""difference_types"":[],""disputed_evidence_ids"":[],""limited_evidence_ids"":[],""meaningful_conflict_refs"":[],""missing_evidence_ids"":[],""reason"":""동일 Skill의 독립된 직접 관찰로 수행 범위를 확인했다. 다른 맥락의 제한/모호성은 해당 근거의 한계로 보존한다."",""rubric_review"":""직접 관찰의 행동·검증을 검토하며 다른 맥락의 한계와 평가자 차이를 보존한다."",""supporting_observation_ids"":[""OB_FIRST_PANEL_03_ML_ENGINEER_EV_APP0228_FIRST_INTERVIEW_PRACTITIONER_QA_M1_SKILL_05"",""OB_FIRST_PANEL_03_HIRING_MANAGER_EV_APP0228_FIRST_INTERVIEW_PRACTITIONER_QA_M1_SKILL_05"",""OB_FIRST_PANEL_03_TECHNICAL_REVIEWER_EV_APP0228_FIRST_INTERVIEW_PRACTITIONER_QA_M1_SKILL_05"",""OB_SECOND_INTERVIEW_PANEL_01_ML_ENGINEER_EV_APP0228_SECOND_INTERVIEW_VALUES_BEHAVIOR_INTERVIEW_M1_SKILL_05"",""OB_SECOND_INTERVIEW_PANEL_01_HIRING_MANAGER_EV_APP0228_SECOND_INTERVIEW_VALUES_BEHAVIOR_INTERVIEW_M1_SKILL_05""]}",CALIBRATION_PANEL_01,2027-01-13T10:45:00+09:00,SYNTHETIC_HUMAN_SCENARIO,M1_EVIDENCE_RUBRIC_V02
DC_APP0228_M1_SKILL_06_000569,APP0228,C0228,M1_SKILL_06,STRONG,AGREED,"{""difference_types"":[],""disputed_evidence_ids"":[],""limited_evidence_ids"":[],""meaningful_conflict_refs"":[],""missing_evidence_ids"":[],""reason"":""동일 Skill의 독립된 직접 관찰로 수행 범위를 확인했다. 다른 맥락의 제한/모호성은 해당 근거의 한계로 보존한다."",""rubric_review"":""직접 관찰의 행동·검증을 검토하며 다른 맥락의 한계와 평가자 차이를 보존한다."",""supporting_observation_ids"":[""OB_FIRST_PANEL_03_ML_ENGINEER_EV_APP0228_FIRST_INTERVIEW_PRACTITIONER_QA_M1_SKILL_06"",""OB_FIRST_PANEL_03_HIRING_MANAGER_EV_APP0228_FIRST_INTERVIEW_PRACTITIONER_QA_M1_SKILL_06"",""OB_FIRST_PANEL_03_TECHNICAL_REVIEWER_EV_APP0228_FIRST_INTERVIEW_PRACTITIONER_QA_M1_SKILL_06""]}",CALIBRATION_PANEL_01,2027-01-13T10:45:00+09:00,SYNTHETIC_HUMAN_SCENARIO,M1_EVIDENCE_RUBRIC_V02
DC_APP0228_M1_SKILL_07_000570,APP0228,C0228,M1_SKILL_07,,DISAGREEMENT_REMAINS,"{""difference_types"":[""EVALUATOR_DISAGREEMENT""],""disputed_evidence_ids"":[""EV_APP0228_FIRST_INTERVIEW_TECHNICAL_ASSESSMENT_M1_SKILL_07""],""limited_evidence_ids"":[],""meaningful_conflict_refs"":[],""missing_evidence_ids"":[],""reason"":""동일 근거에 대한 평가자 해석 차이를 해소할 직접 관찰이 부족하다."",""rubric_review"":""직접 관찰의 행동·검증을 검토하며 다른 맥락의 한계와 평가자 차이를 보존한다."",""supporting_observation_ids"":[]}",CALIBRATION_PANEL_01,2027-01-13T10:45:00+09:00,SYNTHETIC_HUMAN_SCENARIO,M1_EVIDENCE_RUBRIC_V02
DC_APP0228_M1_SKILL_08_000571,APP0228,C0228,M1_SKILL_08,,INSUFFICIENT_EVIDENCE,"{""difference_types"":[],""disputed_evidence_ids"":[],""limited_evidence_ids"":[],""meaningful_conflict_refs"":[],""missing_evidence_ids"":[""EV_APP0228_FIRST_INTERVIEW_PRACTITIONER_QA_M1_SKILL_08""],""reason"":""직접 판단 근거 부족. 미관찰을 역량 부재로 해석하지 않는다."",""rubric_review"":""직접 관찰의 행동·검증을 검토하며 다른 맥락의 한계와 평가자 차이를 보존한다."",""supporting_observation_ids"":[]}",CALIBRATION_PANEL_01,2027-01-13T10:45:00+09:00,SYNTHETIC_HUMAN_SCENARIO,M1_EVIDENCE_RUBRIC_V02
DC_APP0238_M1_SKILL_01_000572,APP0238,C0238,M1_SKILL_01,STRONG,AGREED,"{""difference_types"":[""EVIDENCE_EVOLUTION""],""disputed_evidence_ids"":[],""limited_evidence_ids"":[],""meaningful_conflict_refs"":[],""missing_evidence_ids"":[],""reason"":""동일 Skill의 독립된 직접 관찰로 수행 범위를 확인했다. 다른 맥락의 제한/모호성은 해당 근거의 한계로 보존한다."",""rubric_review"":""직접 관찰의 행동·검증을 검토하며 다른 맥락의 한계와 평가자 차이를 보존한다."",""supporting_observation_ids"":[""OB_FIRST_PANEL_06_ML_ENGINEER_EV_APP0238_FIRST_INTERVIEW_TECHNICAL_ASSESSMENT_M1_SKILL_01"",""OB_FIRST_PANEL_06_HIRING_MANAGER_EV_APP0238_FIRST_INTERVIEW_TECHNICAL_ASSESSMENT_M1_SKILL_01"",""OB_FIRST_PANEL_06_TECHNICAL_REVIEWER_EV_APP0238_FIRST_INTERVIEW_TECHNICAL_ASSESSMENT_M1_SKILL_01"",""OB_FIRST_PANEL_06_ML_ENGINEER_EV_APP0238_FIRST_INTERVIEW_AI_CASE_M1_SKILL_01"",""OB_FIRST_PANEL_06_HIRING_MANAGER_EV_APP0238_FIRST_INTERVIEW_AI_CASE_M1_SKILL_01"",""OB_FIRST_PANEL_06_TECHNICAL_REVIEWER_EV_APP0238_FIRST_INTERVIEW_AI_CASE_M1_SKILL_01""]}",CALIBRATION_PANEL_01,2027-01-17T10:45:00+09:00,SYNTHETIC_HUMAN_SCENARIO,M1_EVIDENCE_RUBRIC_V02
DC_APP0238_M1_SKILL_02_000573,APP0238,C0238,M1_SKILL_02,MODERATE,AGREED,"{""difference_types"":[],""disputed_evidence_ids"":[],""limited_evidence_ids"":[],""meaningful_conflict_refs"":[],""missing_evidence_ids"":[],""reason"":""동일 Skill의 독립된 직접 관찰로 수행 범위를 확인했다. 다른 맥락의 제한/모호성은 해당 근거의 한계로 보존한다."",""rubric_review"":""직접 관찰의 행동·검증을 검토하며 다른 맥락의 한계와 평가자 차이를 보존한다."",""supporting_observation_ids"":[""OB_FIRST_PANEL_06_ML_ENGINEER_EV_APP0238_FIRST_INTERVIEW_TECHNICAL_ASSESSMENT_M1_SKILL_02"",""OB_FIRST_PANEL_06_HIRING_MANAGER_EV_APP0238_FIRST_INTERVIEW_TECHNICAL_ASSESSMENT_M1_SKILL_02"",""OB_FIRST_PANEL_06_TECHNICAL_REVIEWER_EV_APP0238_FIRST_INTERVIEW_TECHNICAL_ASSESSMENT_M1_SKILL_02""]}",CALIBRATION_PANEL_01,2027-01-17T10:45:00+09:00,SYNTHETIC_HUMAN_SCENARIO,M1_EVIDENCE_RUBRIC_V02
DC_APP0238_M1_SKILL_03_000574,APP0238,C0238,M1_SKILL_03,MODERATE,AGREED,"{""difference_types"":[""EVIDENCE_EVOLUTION""],""disputed_evidence_ids"":[],""limited_evidence_ids"":[],""meaningful_conflict_refs"":[],""missing_evidence_ids"":[],""reason"":""동일 Skill의 독립된 직접 관찰로 수행 범위를 확인했다. 다른 맥락의 제한/모호성은 해당 근거의 한계로 보존한다."",""rubric_review"":""직접 관찰의 행동·검증을 검토하며 다른 맥락의 한계와 평가자 차이를 보존한다."",""supporting_observation_ids"":[""OB_REVIEW_ML_01_EV_APP0238_PRE_ASSESSMENT_CODING_TEST_M1_SKILL_03"",""OB_REVIEW_HM_01_EV_APP0238_PRE_ASSESSMENT_CODING_TEST_M1_SKILL_03"",""OB_FIRST_PANEL_06_ML_ENGINEER_EV_APP0238_FIRST_INTERVIEW_AI_CASE_M1_SKILL_03"",""OB_FIRST_PANEL_06_HIRING_MANAGER_EV_APP0238_FIRST_INTERVIEW_AI_CASE_M1_SKILL_03"",""OB_FIRST_PANEL_06_TECHNICAL_REVIEWER_EV_APP0238_FIRST_INTERVIEW_AI_CASE_M1_SKILL_03""]}",CALIBRATION_PANEL_01,2027-01-17T10:45:00+09:00,SYNTHETIC_HUMAN_SCENARIO,M1_EVIDENCE_RUBRIC_V02
DC_APP0238_M1_SKILL_04_000575,APP0238,C0238,M1_SKILL_04,MODERATE,AGREED,"{""difference_types"":[""EVIDENCE_EVOLUTION"",""CONTEXT_DIFFERENCE""],""disputed_evidence_ids"":[],""limited_evidence_ids"":[""EV_APP0238_FIRST_INTERVIEW_PRACTITIONER_QA_M1_SKILL_04""],""meaningful_conflict_refs"":[],""missing_evidence_ids"":[],""reason"":""동일 Skill의 독립된 직접 관찰로 수행 범위를 확인했다. 다른 맥락의 제한/모호성은 해당 근거의 한계로 보존한다."",""rubric_review"":""직접 관찰의 행동·검증을 검토하며 다른 맥락의 한계와 평가자 차이를 보존한다."",""supporting_observation_ids"":[""OB_SECOND_INTERVIEW_PANEL_01_ML_ENGINEER_EV_APP0238_SECOND_INTERVIEW_VALUES_BEHAVIOR_INTERVIEW_M1_SKILL_04"",""OB_SECOND_INTERVIEW_PANEL_01_HIRING_MANAGER_EV_APP0238_SECOND_INTERVIEW_VALUES_BEHAVIOR_INTERVIEW_M1_SKILL_04""]}",CALIBRATION_PANEL_01,2027-01-17T10:45:00+09:00,SYNTHETIC_HUMAN_SCENARIO,M1_EVIDENCE_RUBRIC_V02
DC_APP0238_M1_SKILL_05_000576,APP0238,C0238,M1_SKILL_05,MODERATE,AGREED,"{""difference_types"":[],""disputed_evidence_ids"":[],""limited_evidence_ids"":[],""meaningful_conflict_refs"":[],""missing_evidence_ids"":[],""reason"":""동일 Skill의 독립된 직접 관찰로 수행 범위를 확인했다. 다른 맥락의 제한/모호성은 해당 근거의 한계로 보존한다."",""rubric_review"":""직접 관찰의 행동·검증을 검토하며 다른 맥락의 한계와 평가자 차이를 보존한다."",""supporting_observation_ids"":[""OB_FIRST_PANEL_06_ML_ENGINEER_EV_APP0238_FIRST_INTERVIEW_PRACTITIONER_QA_M1_SKILL_05"",""OB_FIRST_PANEL_06_HIRING_MANAGER_EV_APP0238_FIRST_INTERVIEW_PRACTITIONER_QA_M1_SKILL_05"",""OB_FIRST_PANEL_06_TECHNICAL_REVIEWER_EV_APP0238_FIRST_INTERVIEW_PRACTITIONER_QA_M1_SKILL_05"",""OB_SECOND_INTERVIEW_PANEL_01_ML_ENGINEER_EV_APP0238_SECOND_INTERVIEW_VALUES_BEHAVIOR_INTERVIEW_M1_SKILL_05"",""OB_SECOND_INTERVIEW_PANEL_01_HIRING_MANAGER_EV_APP0238_SECOND_INTERVIEW_VALUES_BEHAVIOR_INTERVIEW_M1_SKILL_05""]}",CALIBRATION_PANEL_01,2027-01-17T10:45:00+09:00,SYNTHETIC_HUMAN_SCENARIO,M1_EVIDENCE_RUBRIC_V02
DC_APP0238_M1_SKILL_06_000577,APP0238,C0238,M1_SKILL_06,,DISAGREEMENT_REMAINS,"{""difference_types"":[""EVALUATOR_DISAGREEMENT""],""disputed_evidence_ids"":[""EV_APP0238_FIRST_INTERVIEW_PRACTITIONER_QA_M1_SKILL_06""],""limited_evidence_ids"":[],""meaningful_conflict_refs"":[],""missing_evidence_ids"":[],""reason"":""동일 근거에 대한 평가자 해석 차이를 해소할 직접 관찰이 부족하다."",""rubric_review"":""직접 관찰의 행동·검증을 검토하며 다른 맥락의 한계와 평가자 차이를 보존한다."",""supporting_observation_ids"":[]}",CALIBRATION_PANEL_01,2027-01-17T10:45:00+09:00,SYNTHETIC_HUMAN_SCENARIO,M1_EVIDENCE_RUBRIC_V02
DC_APP0238_M1_SKILL_07_000578,APP0238,C0238,M1_SKILL_07,,INSUFFICIENT_EVIDENCE,"{""difference_types"":[],""disputed_evidence_ids"":[],""limited_evidence_ids"":[],""meaningful_conflict_refs"":[],""missing_evidence_ids"":[""EV_APP0238_FIRST_INTERVIEW_TECHNICAL_ASSESSMENT_M1_SKILL_07""],""reason"":""직접 판단 근거 부족. 미관찰을 역량 부재로 해석하지 않는다."",""rubric_review"":""직접 관찰의 행동·검증을 검토하며 다른 맥락의 한계와 평가자 차이를 보존한다."",""supporting_observation_ids"":[]}",CALIBRATION_PANEL_01,2027-01-17T10:45:00+09:00,SYNTHETIC_HUMAN_SCENARIO,M1_EVIDENCE_RUBRIC_V02
DC_APP0238_M1_SKILL_08_000579,APP0238,C0238,M1_SKILL_08,,INSUFFICIENT_EVIDENCE,"{""difference_types"":[],""disputed_evidence_ids"":[],""limited_evidence_ids"":[],""meaningful_conflict_refs"":[],""missing_evidence_ids"":[""EV_APP0238_FIRST_INTERVIEW_PRACTITIONER_QA_M1_SKILL_08""],""reason"":""직접 판단 근거 부족. 미관찰을 역량 부재로 해석하지 않는다."",""rubric_review"":""직접 관찰의 행동·검증을 검토하며 다른 맥락의 한계와 평가자 차이를 보존한다."",""supporting_observation_ids"":[]}",CALIBRATION_PANEL_01,2027-01-17T10:45:00+09:00,SYNTHETIC_HUMAN_SCENARIO,M1_EVIDENCE_RUBRIC_V02
DC_APP0300_M1_SKILL_01_000580,APP0300,C0300,M1_SKILL_01,STRONG,AGREED,"{""difference_types"":[""EVIDENCE_EVOLUTION""],""disputed_evidence_ids"":[],""limited_evidence_ids"":[],""meaningful_conflict_refs"":[],""missing_evidence_ids"":[],""reason"":""동일 Skill의 독립된 직접 관찰로 수행 범위를 확인했다. 다른 맥락의 제한/모호성은 해당 근거의 한계로 보존한다."",""rubric_review"":""직접 관찰의 행동·검증을 검토하며 다른 맥락의 한계와 평가자 차이를 보존한다."",""supporting_observation_ids"":[""OB_FIRST_PANEL_05_ML_ENGINEER_EV_APP0300_FIRST_INTERVIEW_TECHNICAL_ASSESSMENT_M1_SKILL_01"",""OB_FIRST_PANEL_05_HIRING_MANAGER_EV_APP0300_FIRST_INTERVIEW_TECHNICAL_ASSESSMENT_M1_SKILL_01"",""OB_FIRST_PANEL_05_TECHNICAL_REVIEWER_EV_APP0300_FIRST_INTERVIEW_TECHNICAL_ASSESSMENT_M1_SKILL_01"",""OB_FIRST_PANEL_05_ML_ENGINEER_EV_APP0300_FIRST_INTERVIEW_AI_CASE_M1_SKILL_01"",""OB_FIRST_PANEL_05_HIRING_MANAGER_EV_APP0300_FIRST_INTERVIEW_AI_CASE_M1_SKILL_01"",""OB_FIRST_PANEL_05_TECHNICAL_REVIEWER_EV_APP0300_FIRST_INTERVIEW_AI_CASE_M1_SKILL_01""]}",CALIBRATION_PANEL_01,2027-01-10T10:45:00+09:00,SYNTHETIC_HUMAN_SCENARIO,M1_EVIDENCE_RUBRIC_V02
DC_APP0300_M1_SKILL_02_000581,APP0300,C0300,M1_SKILL_02,MODERATE,AGREED,"{""difference_types"":[],""disputed_evidence_ids"":[],""limited_evidence_ids"":[],""meaningful_conflict_refs"":[],""missing_evidence_ids"":[],""reason"":""동일 Skill의 독립된 직접 관찰로 수행 범위를 확인했다. 다른 맥락의 제한/모호성은 해당 근거의 한계로 보존한다."",""rubric_review"":""직접 관찰의 행동·검증을 검토하며 다른 맥락의 한계와 평가자 차이를 보존한다."",""supporting_observation_ids"":[""OB_FIRST_PANEL_05_ML_ENGINEER_EV_APP0300_FIRST_INTERVIEW_TECHNICAL_ASSESSMENT_M1_SKILL_02"",""OB_FIRST_PANEL_05_HIRING_MANAGER_EV_APP0300_FIRST_INTERVIEW_TECHNICAL_ASSESSMENT_M1_SKILL_02"",""OB_FIRST_PANEL_05_TECHNICAL_REVIEWER_EV_APP0300_FIRST_INTERVIEW_TECHNICAL_ASSESSMENT_M1_SKILL_02""]}",CALIBRATION_PANEL_01,2027-01-10T10:45:00+09:00,SYNTHETIC_HUMAN_SCENARIO,M1_EVIDENCE_RUBRIC_V02
DC_APP0300_M1_SKILL_03_000582,APP0300,C0300,M1_SKILL_03,STRONG,AGREED,"{""difference_types"":[""EVIDENCE_EVOLUTION""],""disputed_evidence_ids"":[],""limited_evidence_ids"":[],""meaningful_conflict_refs"":[],""missing_evidence_ids"":[],""reason"":""동일 Skill의 독립된 직접 관찰로 수행 범위를 확인했다. 다른 맥락의 제한/모호성은 해당 근거의 한계로 보존한다."",""rubric_review"":""직접 관찰의 행동·검증을 검토하며 다른 맥락의 한계와 평가자 차이를 보존한다."",""supporting_observation_ids"":[""OB_REVIEW_ML_01_EV_APP0300_PRE_ASSESSMENT_CODING_TEST_M1_SKILL_03"",""OB_REVIEW_HM_01_EV_APP0300_PRE_ASSESSMENT_CODING_TEST_M1_SKILL_03"",""OB_FIRST_PANEL_05_ML_ENGINEER_EV_APP0300_FIRST_INTERVIEW_AI_CASE_M1_SKILL_03"",""OB_FIRST_PANEL_05_HIRING_MANAGER_EV_APP0300_FIRST_INTERVIEW_AI_CASE_M1_SKILL_03"",""OB_FIRST_PANEL_05_TECHNICAL_REVIEWER_EV_APP0300_FIRST_INTERVIEW_AI_CASE_M1_SKILL_03""]}",CALIBRATION_PANEL_01,2027-01-10T10:45:00+09:00,SYNTHETIC_HUMAN_SCENARIO,M1_EVIDENCE_RUBRIC_V02
DC_APP0300_M1_SKILL_04_000583,APP0300,C0300,M1_SKILL_04,STRONG,AGREED,"{""difference_types"":[],""disputed_evidence_ids"":[],""limited_evidence_ids"":[],""meaningful_conflict_refs"":[],""missing_evidence_ids"":[],""reason"":""동일 Skill의 독립된 직접 관찰로 수행 범위를 확인했다. 다른 맥락의 제한/모호성은 해당 근거의 한계로 보존한다."",""rubric_review"":""직접 관찰의 행동·검증을 검토하며 다른 맥락의 한계와 평가자 차이를 보존한다."",""supporting_observation_ids"":[""OB_FIRST_PANEL_05_ML_ENGINEER_EV_APP0300_FIRST_INTERVIEW_PRACTITIONER_QA_M1_SKILL_04"",""OB_FIRST_PANEL_05_HIRING_MANAGER_EV_APP0300_FIRST_INTERVIEW_PRACTITIONER_QA_M1_SKILL_04"",""OB_FIRST_PANEL_05_TECHNICAL_REVIEWER_EV_APP0300_FIRST_INTERVIEW_PRACTITIONER_QA_M1_SKILL_04"",""OB_SECOND_INTERVIEW_PANEL_01_ML_ENGINEER_EV_APP0300_SECOND_INTERVIEW_VALUES_BEHAVIOR_INTERVIEW_M1_SKILL_04"",""OB_SECOND_INTERVIEW_PANEL_01_HIRING_MANAGER_EV_APP0300_SECOND_INTERVIEW_VALUES_BEHAVIOR_INTERVIEW_M1_SKILL_04""]}",CALIBRATION_PANEL_01,2027-01-10T10:45:00+09:00,SYNTHETIC_HUMAN_SCENARIO,M1_EVIDENCE_RUBRIC_V02
DC_APP0300_M1_SKILL_05_000584,APP0300,C0300,M1_SKILL_05,STRONG,AGREED,"{""difference_types"":[""EVIDENCE_EVOLUTION""],""disputed_evidence_ids"":[],""limited_evidence_ids"":[],""meaningful_conflict_refs"":[],""missing_evidence_ids"":[""EV_APP0300_SECOND_INTERVIEW_VALUES_BEHAVIOR_INTERVIEW_M1_SKILL_05""],""reason"":""동일 Skill의 독립된 직접 관찰로 수행 범위를 확인했다. 다른 맥락의 제한/모호성은 해당 근거의 한계로 보존한다."",""rubric_review"":""직접 관찰의 행동·검증을 검토하며 다른 맥락의 한계와 평가자 차이를 보존한다."",""supporting_observation_ids"":[""OB_FIRST_PANEL_05_ML_ENGINEER_EV_APP0300_FIRST_INTERVIEW_PRACTITIONER_QA_M1_SKILL_05"",""OB_FIRST_PANEL_05_HIRING_MANAGER_EV_APP0300_FIRST_INTERVIEW_PRACTITIONER_QA_M1_SKILL_05"",""OB_FIRST_PANEL_05_TECHNICAL_REVIEWER_EV_APP0300_FIRST_INTERVIEW_PRACTITIONER_QA_M1_SKILL_05""]}",CALIBRATION_PANEL_01,2027-01-10T10:45:00+09:00,SYNTHETIC_HUMAN_SCENARIO,M1_EVIDENCE_RUBRIC_V02
DC_APP0300_M1_SKILL_06_000585,APP0300,C0300,M1_SKILL_06,,DISAGREEMENT_REMAINS,"{""difference_types"":[""EVALUATOR_DISAGREEMENT""],""disputed_evidence_ids"":[""EV_APP0300_FIRST_INTERVIEW_PRACTITIONER_QA_M1_SKILL_06""],""limited_evidence_ids"":[],""meaningful_conflict_refs"":[],""missing_evidence_ids"":[],""reason"":""동일 근거에 대한 평가자 해석 차이를 해소할 직접 관찰이 부족하다."",""rubric_review"":""직접 관찰의 행동·검증을 검토하며 다른 맥락의 한계와 평가자 차이를 보존한다."",""supporting_observation_ids"":[]}",CALIBRATION_PANEL_01,2027-01-10T10:45:00+09:00,SYNTHETIC_HUMAN_SCENARIO,M1_EVIDENCE_RUBRIC_V02
DC_APP0300_M1_SKILL_07_000586,APP0300,C0300,M1_SKILL_07,,INSUFFICIENT_EVIDENCE,"{""difference_types"":[],""disputed_evidence_ids"":[],""limited_evidence_ids"":[],""meaningful_conflict_refs"":[],""missing_evidence_ids"":[""EV_APP0300_FIRST_INTERVIEW_TECHNICAL_ASSESSMENT_M1_SKILL_07""],""reason"":""직접 판단 근거 부족. 미관찰을 역량 부재로 해석하지 않는다."",""rubric_review"":""직접 관찰의 행동·검증을 검토하며 다른 맥락의 한계와 평가자 차이를 보존한다."",""supporting_observation_ids"":[]}",CALIBRATION_PANEL_01,2027-01-10T10:45:00+09:00,SYNTHETIC_HUMAN_SCENARIO,M1_EVIDENCE_RUBRIC_V02
DC_APP0300_M1_SKILL_08_000587,APP0300,C0300,M1_SKILL_08,MODERATE,AGREED,"{""difference_types"":[],""disputed_evidence_ids"":[],""limited_evidence_ids"":[],""meaningful_conflict_refs"":[],""missing_evidence_ids"":[],""reason"":""동일 Skill의 독립된 직접 관찰로 수행 범위를 확인했다. 다른 맥락의 제한/모호성은 해당 근거의 한계로 보존한다."",""rubric_review"":""직접 관찰의 행동·검증을 검토하며 다른 맥락의 한계와 평가자 차이를 보존한다."",""supporting_observation_ids"":[""OB_FIRST_PANEL_05_ML_ENGINEER_EV_APP0300_FIRST_INTERVIEW_PRACTITIONER_QA_M1_SKILL_08"",""OB_FIRST_PANEL_05_HIRING_MANAGER_EV_APP0300_FIRST_INTERVIEW_PRACTITIONER_QA_M1_SKILL_08"",""OB_FIRST_PANEL_05_TECHNICAL_REVIEWER_EV_APP0300_FIRST_INTERVIEW_PRACTITIONER_QA_M1_SKILL_08""]}",CALIBRATION_PANEL_01,2027-01-10T10:45:00+09:00,SYNTHETIC_HUMAN_SCENARIO,M1_EVIDENCE_RUBRIC_V02
DC_APP0285_M1_SKILL_01_000588,APP0285,C0285,M1_SKILL_01,MODERATE,AGREED,"{""difference_types"":[""EVIDENCE_EVOLUTION""],""disputed_evidence_ids"":[],""limited_evidence_ids"":[],""meaningful_conflict_refs"":[],""missing_evidence_ids"":[],""reason"":""동일 Skill의 독립된 직접 관찰로 수행 범위를 확인했다. 다른 맥락의 제한/모호성은 해당 근거의 한계로 보존한다."",""rubric_review"":""직접 관찰의 행동·검증을 검토하며 다른 맥락의 한계와 평가자 차이를 보존한다."",""supporting_observation_ids"":[""OB_FIRST_PANEL_02_ML_ENGINEER_EV_APP0285_FIRST_INTERVIEW_TECHNICAL_ASSESSMENT_M1_SKILL_01"",""OB_FIRST_PANEL_02_HIRING_MANAGER_EV_APP0285_FIRST_INTERVIEW_TECHNICAL_ASSESSMENT_M1_SKILL_01"",""OB_FIRST_PANEL_02_TECHNICAL_REVIEWER_EV_APP0285_FIRST_INTERVIEW_TECHNICAL_ASSESSMENT_M1_SKILL_01"",""OB_FIRST_PANEL_02_ML_ENGINEER_EV_APP0285_FIRST_INTERVIEW_AI_CASE_M1_SKILL_01"",""OB_FIRST_PANEL_02_HIRING_MANAGER_EV_APP0285_FIRST_INTERVIEW_AI_CASE_M1_SKILL_01"",""OB_FIRST_PANEL_02_TECHNICAL_REVIEWER_EV_APP0285_FIRST_INTERVIEW_AI_CASE_M1_SKILL_01""]}",CALIBRATION_PANEL_01,2027-01-11T10:45:00+09:00,SYNTHETIC_HUMAN_SCENARIO,M1_EVIDENCE_RUBRIC_V02
DC_APP0285_M1_SKILL_02_000589,APP0285,C0285,M1_SKILL_02,STRONG,AGREED,"{""difference_types"":[],""disputed_evidence_ids"":[],""limited_evidence_ids"":[],""meaningful_conflict_refs"":[],""missing_evidence_ids"":[],""reason"":""동일 Skill의 독립된 직접 관찰로 수행 범위를 확인했다. 다른 맥락의 제한/모호성은 해당 근거의 한계로 보존한다."",""rubric_review"":""직접 관찰의 행동·검증을 검토하며 다른 맥락의 한계와 평가자 차이를 보존한다."",""supporting_observation_ids"":[""OB_FIRST_PANEL_02_ML_ENGINEER_EV_APP0285_FIRST_INTERVIEW_TECHNICAL_ASSESSMENT_M1_SKILL_02"",""OB_FIRST_PANEL_02_HIRING_MANAGER_EV_APP0285_FIRST_INTERVIEW_TECHNICAL_ASSESSMENT_M1_SKILL_02"",""OB_FIRST_PANEL_02_TECHNICAL_REVIEWER_EV_APP0285_FIRST_INTERVIEW_TECHNICAL_ASSESSMENT_M1_SKILL_02""]}",CALIBRATION_PANEL_01,2027-01-11T10:45:00+09:00,SYNTHETIC_HUMAN_SCENARIO,M1_EVIDENCE_RUBRIC_V02
DC_APP0285_M1_SKILL_03_000590,APP0285,C0285,M1_SKILL_03,STRONG,AGREED,"{""difference_types"":[""EVIDENCE_EVOLUTION""],""disputed_evidence_ids"":[],""limited_evidence_ids"":[],""meaningful_conflict_refs"":[],""missing_evidence_ids"":[],""reason"":""동일 Skill의 독립된 직접 관찰로 수행 범위를 확인했다. 다른 맥락의 제한/모호성은 해당 근거의 한계로 보존한다."",""rubric_review"":""직접 관찰의 행동·검증을 검토하며 다른 맥락의 한계와 평가자 차이를 보존한다."",""supporting_observation_ids"":[""OB_REVIEW_ML_01_EV_APP0285_PRE_ASSESSMENT_CODING_TEST_M1_SKILL_03"",""OB_REVIEW_HM_01_EV_APP0285_PRE_ASSESSMENT_CODING_TEST_M1_SKILL_03"",""OB_FIRST_PANEL_02_ML_ENGINEER_EV_APP0285_FIRST_INTERVIEW_AI_CASE_M1_SKILL_03"",""OB_FIRST_PANEL_02_HIRING_MANAGER_EV_APP0285_FIRST_INTERVIEW_AI_CASE_M1_SKILL_03"",""OB_FIRST_PANEL_02_TECHNICAL_REVIEWER_EV_APP0285_FIRST_INTERVIEW_AI_CASE_M1_SKILL_03""]}",CALIBRATION_PANEL_01,2027-01-11T10:45:00+09:00,SYNTHETIC_HUMAN_SCENARIO,M1_EVIDENCE_RUBRIC_V02
DC_APP0285_M1_SKILL_04_000591,APP0285,C0285,M1_SKILL_04,,DISAGREEMENT_REMAINS,"{""difference_types"":[""EVALUATOR_DISAGREEMENT""],""disputed_evidence_ids"":[""EV_APP0285_SECOND_INTERVIEW_VALUES_BEHAVIOR_INTERVIEW_M1_SKILL_04""],""limited_evidence_ids"":[""EV_APP0285_FIRST_INTERVIEW_PRACTITIONER_QA_M1_SKILL_04""],""meaningful_conflict_refs"":[],""missing_evidence_ids"":[],""reason"":""동일 근거에 대한 평가자 해석 차이를 해소할 직접 관찰이 부족하다."",""rubric_review"":""직접 관찰의 행동·검증을 검토하며 다른 맥락의 한계와 평가자 차이를 보존한다."",""supporting_observation_ids"":[]}",CALIBRATION_PANEL_01,2027-01-11T10:45:00+09:00,SYNTHETIC_HUMAN_SCENARIO,M1_EVIDENCE_RUBRIC_V02
DC_APP0285_M1_SKILL_05_000592,APP0285,C0285,M1_SKILL_05,STRONG,AGREED,"{""difference_types"":[""EVIDENCE_EVOLUTION""],""disputed_evidence_ids"":[],""limited_evidence_ids"":[],""meaningful_conflict_refs"":[],""missing_evidence_ids"":[""EV_APP0285_FIRST_INTERVIEW_PRACTITIONER_QA_M1_SKILL_05""],""reason"":""동일 Skill의 독립된 직접 관찰로 수행 범위를 확인했다. 다른 맥락의 제한/모호성은 해당 근거의 한계로 보존한다."",""rubric_review"":""직접 관찰의 행동·검증을 검토하며 다른 맥락의 한계와 평가자 차이를 보존한다."",""supporting_observation_ids"":[""OB_SECOND_INTERVIEW_PANEL_01_ML_ENGINEER_EV_APP0285_SECOND_INTERVIEW_VALUES_BEHAVIOR_INTERVIEW_M1_SKILL_05"",""OB_SECOND_INTERVIEW_PANEL_01_HIRING_MANAGER_EV_APP0285_SECOND_INTERVIEW_VALUES_BEHAVIOR_INTERVIEW_M1_SKILL_05""]}",CALIBRATION_PANEL_01,2027-01-11T10:45:00+09:00,SYNTHETIC_HUMAN_SCENARIO,M1_EVIDENCE_RUBRIC_V02
DC_APP0285_M1_SKILL_06_000593,APP0285,C0285,M1_SKILL_06,STRONG,AGREED,"{""difference_types"":[],""disputed_evidence_ids"":[],""limited_evidence_ids"":[],""meaningful_conflict_refs"":[],""missing_evidence_ids"":[],""reason"":""동일 Skill의 독립된 직접 관찰로 수행 범위를 확인했다. 다른 맥락의 제한/모호성은 해당 근거의 한계로 보존한다."",""rubric_review"":""직접 관찰의 행동·검증을 검토하며 다른 맥락의 한계와 평가자 차이를 보존한다."",""supporting_observation_ids"":[""OB_FIRST_PANEL_02_ML_ENGINEER_EV_APP0285_FIRST_INTERVIEW_PRACTITIONER_QA_M1_SKILL_06"",""OB_FIRST_PANEL_02_HIRING_MANAGER_EV_APP0285_FIRST_INTERVIEW_PRACTITIONER_QA_M1_SKILL_06"",""OB_FIRST_PANEL_02_TECHNICAL_REVIEWER_EV_APP0285_FIRST_INTERVIEW_PRACTITIONER_QA_M1_SKILL_06""]}",CALIBRATION_PANEL_01,2027-01-11T10:45:00+09:00,SYNTHETIC_HUMAN_SCENARIO,M1_EVIDENCE_RUBRIC_V02
DC_APP0285_M1_SKILL_07_000594,APP0285,C0285,M1_SKILL_07,LIMITED,AGREED,"{""difference_types"":[],""disputed_evidence_ids"":[],""limited_evidence_ids"":[""EV_APP0285_FIRST_INTERVIEW_TECHNICAL_ASSESSMENT_M1_SKILL_07""],""meaningful_conflict_refs"":[],""missing_evidence_ids"":[],""reason"":""관찰된 직접 근거의 범위가 제한적이다. 자기기술만으로 보완하지 않는다."",""rubric_review"":""직접 관찰의 행동·검증을 검토하며 다른 맥락의 한계와 평가자 차이를 보존한다."",""supporting_observation_ids"":[""OB_FIRST_PANEL_02_ML_ENGINEER_EV_APP0285_FIRST_INTERVIEW_TECHNICAL_ASSESSMENT_M1_SKILL_07"",""OB_FIRST_PANEL_02_HIRING_MANAGER_EV_APP0285_FIRST_INTERVIEW_TECHNICAL_ASSESSMENT_M1_SKILL_07"",""OB_FIRST_PANEL_02_TECHNICAL_REVIEWER_EV_APP0285_FIRST_INTERVIEW_TECHNICAL_ASSESSMENT_M1_SKILL_07""]}",CALIBRATION_PANEL_01,2027-01-11T10:45:00+09:00,SYNTHETIC_HUMAN_SCENARIO,M1_EVIDENCE_RUBRIC_V02
DC_APP0285_M1_SKILL_08_000595,APP0285,C0285,M1_SKILL_08,MODERATE,AGREED,"{""difference_types"":[],""disputed_evidence_ids"":[],""limited_evidence_ids"":[],""meaningful_conflict_refs"":[],""missing_evidence_ids"":[],""reason"":""동일 Skill의 독립된 직접 관찰로 수행 범위를 확인했다. 다른 맥락의 제한/모호성은 해당 근거의 한계로 보존한다."",""rubric_review"":""직접 관찰의 행동·검증을 검토하며 다른 맥락의 한계와 평가자 차이를 보존한다."",""supporting_observation_ids"":[""OB_FIRST_PANEL_02_ML_ENGINEER_EV_APP0285_FIRST_INTERVIEW_PRACTITIONER_QA_M1_SKILL_08"",""OB_FIRST_PANEL_02_HIRING_MANAGER_EV_APP0285_FIRST_INTERVIEW_PRACTITIONER_QA_M1_SKILL_08"",""OB_FIRST_PANEL_02_TECHNICAL_REVIEWER_EV_APP0285_FIRST_INTERVIEW_PRACTITIONER_QA_M1_SKILL_08""]}",CALIBRATION_PANEL_01,2027-01-11T10:45:00+09:00,SYNTHETIC_HUMAN_SCENARIO,M1_EVIDENCE_RUBRIC_V02
DC_APP0297_M1_SKILL_01_000596,APP0297,C0297,M1_SKILL_01,MODERATE,AGREED,"{""difference_types"":[""EVIDENCE_EVOLUTION""],""disputed_evidence_ids"":[],""limited_evidence_ids"":[],""meaningful_conflict_refs"":[],""missing_evidence_ids"":[],""reason"":""동일 Skill의 독립된 직접 관찰로 수행 범위를 확인했다. 다른 맥락의 제한/모호성은 해당 근거의 한계로 보존한다."",""rubric_review"":""직접 관찰의 행동·검증을 검토하며 다른 맥락의 한계와 평가자 차이를 보존한다."",""supporting_observation_ids"":[""OB_FIRST_PANEL_04_ML_ENGINEER_EV_APP0297_FIRST_INTERVIEW_TECHNICAL_ASSESSMENT_M1_SKILL_01"",""OB_FIRST_PANEL_04_HIRING_MANAGER_EV_APP0297_FIRST_INTERVIEW_TECHNICAL_ASSESSMENT_M1_SKILL_01"",""OB_FIRST_PANEL_04_TECHNICAL_REVIEWER_EV_APP0297_FIRST_INTERVIEW_TECHNICAL_ASSESSMENT_M1_SKILL_01"",""OB_FIRST_PANEL_04_ML_ENGINEER_EV_APP0297_FIRST_INTERVIEW_AI_CASE_M1_SKILL_01"",""OB_FIRST_PANEL_04_HIRING_MANAGER_EV_APP0297_FIRST_INTERVIEW_AI_CASE_M1_SKILL_01"",""OB_FIRST_PANEL_04_TECHNICAL_REVIEWER_EV_APP0297_FIRST_INTERVIEW_AI_CASE_M1_SKILL_01""]}",CALIBRATION_PANEL_01,2027-01-13T11:15:00+09:00,SYNTHETIC_HUMAN_SCENARIO,M1_EVIDENCE_RUBRIC_V02
DC_APP0297_M1_SKILL_02_000597,APP0297,C0297,M1_SKILL_02,MODERATE,AGREED,"{""difference_types"":[],""disputed_evidence_ids"":[],""limited_evidence_ids"":[],""meaningful_conflict_refs"":[],""missing_evidence_ids"":[],""reason"":""동일 Skill의 독립된 직접 관찰로 수행 범위를 확인했다. 다른 맥락의 제한/모호성은 해당 근거의 한계로 보존한다."",""rubric_review"":""직접 관찰의 행동·검증을 검토하며 다른 맥락의 한계와 평가자 차이를 보존한다."",""supporting_observation_ids"":[""OB_FIRST_PANEL_04_ML_ENGINEER_EV_APP0297_FIRST_INTERVIEW_TECHNICAL_ASSESSMENT_M1_SKILL_02"",""OB_FIRST_PANEL_04_HIRING_MANAGER_EV_APP0297_FIRST_INTERVIEW_TECHNICAL_ASSESSMENT_M1_SKILL_02"",""OB_FIRST_PANEL_04_TECHNICAL_REVIEWER_EV_APP0297_FIRST_INTERVIEW_TECHNICAL_ASSESSMENT_M1_SKILL_02""]}",CALIBRATION_PANEL_01,2027-01-13T11:15:00+09:00,SYNTHETIC_HUMAN_SCENARIO,M1_EVIDENCE_RUBRIC_V02
DC_APP0297_M1_SKILL_03_000598,APP0297,C0297,M1_SKILL_03,MODERATE,AGREED,"{""difference_types"":[""EVIDENCE_EVOLUTION"",""CONTEXT_DIFFERENCE""],""disputed_evidence_ids"":[],""limited_evidence_ids"":[""EV_APP0297_FIRST_INTERVIEW_AI_CASE_M1_SKILL_03""],""meaningful_conflict_refs"":[],""missing_evidence_ids"":[],""reason"":""동일 Skill의 독립된 직접 관찰로 수행 범위를 확인했다. 다른 맥락의 제한/모호성은 해당 근거의 한계로 보존한다."",""rubric_review"":""직접 관찰의 행동·검증을 검토하며 다른 맥락의 한계와 평가자 차이를 보존한다."",""supporting_observation_ids"":[""OB_REVIEW_ML_01_EV_APP0297_PRE_ASSESSMENT_CODING_TEST_M1_SKILL_03"",""OB_REVIEW_HM_01_EV_APP0297_PRE_ASSESSMENT_CODING_TEST_M1_SKILL_03""]}",CALIBRATION_PANEL_01,2027-01-13T11:15:00+09:00,SYNTHETIC_HUMAN_SCENARIO,M1_EVIDENCE_RUBRIC_V02
DC_APP0297_M1_SKILL_04_000599,APP0297,C0297,M1_SKILL_04,STRONG,AGREED,"{""difference_types"":[""EVIDENCE_EVOLUTION""],""disputed_evidence_ids"":[],""limited_evidence_ids"":[],""meaningful_conflict_refs"":[],""missing_evidence_ids"":[""EV_APP0297_SECOND_INTERVIEW_VALUES_BEHAVIOR_INTERVIEW_M1_SKILL_04""],""reason"":""동일 Skill의 독립된 직접 관찰로 수행 범위를 확인했다. 다른 맥락의 제한/모호성은 해당 근거의 한계로 보존한다."",""rubric_review"":""직접 관찰의 행동·검증을 검토하며 다른 맥락의 한계와 평가자 차이를 보존한다."",""supporting_observation_ids"":[""OB_FIRST_PANEL_04_ML_ENGINEER_EV_APP0297_FIRST_INTERVIEW_PRACTITIONER_QA_M1_SKILL_04"",""OB_FIRST_PANEL_04_HIRING_MANAGER_EV_APP0297_FIRST_INTERVIEW_PRACTITIONER_QA_M1_SKILL_04"",""OB_FIRST_PANEL_04_TECHNICAL_REVIEWER_EV_APP0297_FIRST_INTERVIEW_PRACTITIONER_QA_M1_SKILL_04""]}",CALIBRATION_PANEL_01,2027-01-13T11:15:00+09:00,SYNTHETIC_HUMAN_SCENARIO,M1_EVIDENCE_RUBRIC_V02
DC_APP0297_M1_SKILL_05_000600,APP0297,C0297,M1_SKILL_05,LIMITED,AGREED,"{""difference_types"":[],""disputed_evidence_ids"":[],""limited_evidence_ids"":[""EV_APP0297_SECOND_INTERVIEW_VALUES_BEHAVIOR_INTERVIEW_M1_SKILL_05""],""meaningful_conflict_refs"":[],""missing_evidence_ids"":[""EV_APP0297_FIRST_INTERVIEW_PRACTITIONER_QA_M1_SKILL_05""],""reason"":""관찰된 직접 근거의 범위가 제한적이다. 자기기술만으로 보완하지 않는다."",""rubric_review"":""직접 관찰의 행동·검증을 검토하며 다른 맥락의 한계와 평가자 차이를 보존한다."",""supporting_observation_ids"":[""OB_SECOND_INTERVIEW_PANEL_01_ML_ENGINEER_EV_APP0297_SECOND_INTERVIEW_VALUES_BEHAVIOR_INTERVIEW_M1_SKILL_05"",""OB_SECOND_INTERVIEW_PANEL_01_HIRING_MANAGER_EV_APP0297_SECOND_INTERVIEW_VALUES_BEHAVIOR_INTERVIEW_M1_SKILL_05""]}",CALIBRATION_PANEL_01,2027-01-13T11:15:00+09:00,SYNTHETIC_HUMAN_SCENARIO,M1_EVIDENCE_RUBRIC_V02
DC_APP0297_M1_SKILL_06_000601,APP0297,C0297,M1_SKILL_06,STRONG,AGREED,"{""difference_types"":[],""disputed_evidence_ids"":[],""limited_evidence_ids"":[],""meaningful_conflict_refs"":[],""missing_evidence_ids"":[],""reason"":""동일 Skill의 독립된 직접 관찰로 수행 범위를 확인했다. 다른 맥락의 제한/모호성은 해당 근거의 한계로 보존한다."",""rubric_review"":""직접 관찰의 행동·검증을 검토하며 다른 맥락의 한계와 평가자 차이를 보존한다."",""supporting_observation_ids"":[""OB_FIRST_PANEL_04_ML_ENGINEER_EV_APP0297_FIRST_INTERVIEW_PRACTITIONER_QA_M1_SKILL_06"",""OB_FIRST_PANEL_04_HIRING_MANAGER_EV_APP0297_FIRST_INTERVIEW_PRACTITIONER_QA_M1_SKILL_06"",""OB_FIRST_PANEL_04_TECHNICAL_REVIEWER_EV_APP0297_FIRST_INTERVIEW_PRACTITIONER_QA_M1_SKILL_06""]}",CALIBRATION_PANEL_01,2027-01-13T11:15:00+09:00,SYNTHETIC_HUMAN_SCENARIO,M1_EVIDENCE_RUBRIC_V02
DC_APP0297_M1_SKILL_07_000602,APP0297,C0297,M1_SKILL_07,LIMITED,AGREED,"{""difference_types"":[],""disputed_evidence_ids"":[],""limited_evidence_ids"":[""EV_APP0297_FIRST_INTERVIEW_TECHNICAL_ASSESSMENT_M1_SKILL_07""],""meaningful_conflict_refs"":[],""missing_evidence_ids"":[],""reason"":""관찰된 직접 근거의 범위가 제한적이다. 자기기술만으로 보완하지 않는다."",""rubric_review"":""직접 관찰의 행동·검증을 검토하며 다른 맥락의 한계와 평가자 차이를 보존한다."",""supporting_observation_ids"":[""OB_FIRST_PANEL_04_ML_ENGINEER_EV_APP0297_FIRST_INTERVIEW_TECHNICAL_ASSESSMENT_M1_SKILL_07"",""OB_FIRST_PANEL_04_HIRING_MANAGER_EV_APP0297_FIRST_INTERVIEW_TECHNICAL_ASSESSMENT_M1_SKILL_07"",""OB_FIRST_PANEL_04_TECHNICAL_REVIEWER_EV_APP0297_FIRST_INTERVIEW_TECHNICAL_ASSESSMENT_M1_SKILL_07""]}",CALIBRATION_PANEL_01,2027-01-13T11:15:00+09:00,SYNTHETIC_HUMAN_SCENARIO,M1_EVIDENCE_RUBRIC_V02
DC_APP0297_M1_SKILL_08_000603,APP0297,C0297,M1_SKILL_08,,DISAGREEMENT_REMAINS,"{""difference_types"":[""EVALUATOR_DISAGREEMENT""],""disputed_evidence_ids"":[""EV_APP0297_FIRST_INTERVIEW_PRACTITIONER_QA_M1_SKILL_08""],""limited_evidence_ids"":[],""meaningful_conflict_refs"":[],""missing_evidence_ids"":[],""reason"":""동일 근거에 대한 평가자 해석 차이를 해소할 직접 관찰이 부족하다."",""rubric_review"":""직접 관찰의 행동·검증을 검토하며 다른 맥락의 한계와 평가자 차이를 보존한다."",""supporting_observation_ids"":[]}",CALIBRATION_PANEL_01,2027-01-13T11:15:00+09:00,SYNTHETIC_HUMAN_SCENARIO,M1_EVIDENCE_RUBRIC_V02
DC_APP0037_M1_SKILL_01_000604,APP0037,C0037,M1_SKILL_01,MODERATE,AGREED,"{""difference_types"":[""EVIDENCE_EVOLUTION""],""disputed_evidence_ids"":[],""limited_evidence_ids"":[],""meaningful_conflict_refs"":[],""missing_evidence_ids"":[""EV_APP0037_FIRST_INTERVIEW_AI_CASE_M1_SKILL_01""],""reason"":""동일 Skill의 독립된 직접 관찰로 수행 범위를 확인했다. 다른 맥락의 제한/모호성은 해당 근거의 한계로 보존한다."",""rubric_review"":""직접 관찰의 행동·검증을 검토하며 다른 맥락의 한계와 평가자 차이를 보존한다."",""supporting_observation_ids"":[""OB_FIRST_PANEL_05_ML_ENGINEER_EV_APP0037_FIRST_INTERVIEW_TECHNICAL_ASSESSMENT_M1_SKILL_01"",""OB_FIRST_PANEL_05_HIRING_MANAGER_EV_APP0037_FIRST_INTERVIEW_TECHNICAL_ASSESSMENT_M1_SKILL_01"",""OB_FIRST_PANEL_05_TECHNICAL_REVIEWER_EV_APP0037_FIRST_INTERVIEW_TECHNICAL_ASSESSMENT_M1_SKILL_01""]}",CALIBRATION_PANEL_01,2027-01-04T11:10:00+09:00,SYNTHETIC_HUMAN_SCENARIO,M1_EVIDENCE_RUBRIC_V02
DC_APP0037_M1_SKILL_02_000605,APP0037,C0037,M1_SKILL_02,MODERATE,AGREED,"{""difference_types"":[],""disputed_evidence_ids"":[],""limited_evidence_ids"":[],""meaningful_conflict_refs"":[],""missing_evidence_ids"":[],""reason"":""동일 Skill의 독립된 직접 관찰로 수행 범위를 확인했다. 다른 맥락의 제한/모호성은 해당 근거의 한계로 보존한다."",""rubric_review"":""직접 관찰의 행동·검증을 검토하며 다른 맥락의 한계와 평가자 차이를 보존한다."",""supporting_observation_ids"":[""OB_FIRST_PANEL_05_ML_ENGINEER_EV_APP0037_FIRST_INTERVIEW_TECHNICAL_ASSESSMENT_M1_SKILL_02"",""OB_FIRST_PANEL_05_HIRING_MANAGER_EV_APP0037_FIRST_INTERVIEW_TECHNICAL_ASSESSMENT_M1_SKILL_02"",""OB_FIRST_PANEL_05_TECHNICAL_REVIEWER_EV_APP0037_FIRST_INTERVIEW_TECHNICAL_ASSESSMENT_M1_SKILL_02""]}",CALIBRATION_PANEL_01,2027-01-04T11:10:00+09:00,SYNTHETIC_HUMAN_SCENARIO,M1_EVIDENCE_RUBRIC_V02
DC_APP0037_M1_SKILL_03_000606,APP0037,C0037,M1_SKILL_03,STRONG,AGREED,"{""difference_types"":[""EVIDENCE_EVOLUTION""],""disputed_evidence_ids"":[],""limited_evidence_ids"":[],""meaningful_conflict_refs"":[],""missing_evidence_ids"":[],""reason"":""동일 Skill의 독립된 직접 관찰로 수행 범위를 확인했다. 다른 맥락의 제한/모호성은 해당 근거의 한계로 보존한다."",""rubric_review"":""직접 관찰의 행동·검증을 검토하며 다른 맥락의 한계와 평가자 차이를 보존한다."",""supporting_observation_ids"":[""OB_REVIEW_ML_01_EV_APP0037_PRE_ASSESSMENT_CODING_TEST_M1_SKILL_03"",""OB_REVIEW_HM_01_EV_APP0037_PRE_ASSESSMENT_CODING_TEST_M1_SKILL_03"",""OB_FIRST_PANEL_05_ML_ENGINEER_EV_APP0037_FIRST_INTERVIEW_AI_CASE_M1_SKILL_03"",""OB_FIRST_PANEL_05_HIRING_MANAGER_EV_APP0037_FIRST_INTERVIEW_AI_CASE_M1_SKILL_03"",""OB_FIRST_PANEL_05_TECHNICAL_REVIEWER_EV_APP0037_FIRST_INTERVIEW_AI_CASE_M1_SKILL_03""]}",CALIBRATION_PANEL_01,2027-01-04T11:10:00+09:00,SYNTHETIC_HUMAN_SCENARIO,M1_EVIDENCE_RUBRIC_V02
DC_APP0037_M1_SKILL_04_000607,APP0037,C0037,M1_SKILL_04,MODERATE,AGREED,"{""difference_types"":[],""disputed_evidence_ids"":[],""limited_evidence_ids"":[],""meaningful_conflict_refs"":[],""missing_evidence_ids"":[],""reason"":""동일 Skill의 독립된 직접 관찰로 수행 범위를 확인했다. 다른 맥락의 제한/모호성은 해당 근거의 한계로 보존한다."",""rubric_review"":""직접 관찰의 행동·검증을 검토하며 다른 맥락의 한계와 평가자 차이를 보존한다."",""supporting_observation_ids"":[""OB_FIRST_PANEL_05_ML_ENGINEER_EV_APP0037_FIRST_INTERVIEW_PRACTITIONER_QA_M1_SKILL_04"",""OB_FIRST_PANEL_05_HIRING_MANAGER_EV_APP0037_FIRST_INTERVIEW_PRACTITIONER_QA_M1_SKILL_04"",""OB_FIRST_PANEL_05_TECHNICAL_REVIEWER_EV_APP0037_FIRST_INTERVIEW_PRACTITIONER_QA_M1_SKILL_04"",""OB_SECOND_INTERVIEW_PANEL_01_ML_ENGINEER_EV_APP0037_SECOND_INTERVIEW_VALUES_BEHAVIOR_INTERVIEW_M1_SKILL_04"",""OB_SECOND_INTERVIEW_PANEL_01_HIRING_MANAGER_EV_APP0037_SECOND_INTERVIEW_VALUES_BEHAVIOR_INTERVIEW_M1_SKILL_04""]}",CALIBRATION_PANEL_01,2027-01-04T11:10:00+09:00,SYNTHETIC_HUMAN_SCENARIO,M1_EVIDENCE_RUBRIC_V02
DC_APP0037_M1_SKILL_05_000608,APP0037,C0037,M1_SKILL_05,,DISAGREEMENT_REMAINS,"{""difference_types"":[""EVALUATOR_DISAGREEMENT""],""disputed_evidence_ids"":[""EV_APP0037_SECOND_INTERVIEW_VALUES_BEHAVIOR_INTERVIEW_M1_SKILL_05""],""limited_evidence_ids"":[],""meaningful_conflict_refs"":[],""missing_evidence_ids"":[""EV_APP0037_FIRST_INTERVIEW_PRACTITIONER_QA_M1_SKILL_05""],""reason"":""동일 근거에 대한 평가자 해석 차이를 해소할 직접 관찰이 부족하다."",""rubric_review"":""직접 관찰의 행동·검증을 검토하며 다른 맥락의 한계와 평가자 차이를 보존한다."",""supporting_observation_ids"":[]}",CALIBRATION_PANEL_01,2027-01-04T11:10:00+09:00,SYNTHETIC_HUMAN_SCENARIO,M1_EVIDENCE_RUBRIC_V02
DC_APP0037_M1_SKILL_06_000609,APP0037,C0037,M1_SKILL_06,STRONG,AGREED,"{""difference_types"":[],""disputed_evidence_ids"":[],""limited_evidence_ids"":[],""meaningful_conflict_refs"":[],""missing_evidence_ids"":[],""reason"":""동일 Skill의 독립된 직접 관찰로 수행 범위를 확인했다. 다른 맥락의 제한/모호성은 해당 근거의 한계로 보존한다."",""rubric_review"":""직접 관찰의 행동·검증을 검토하며 다른 맥락의 한계와 평가자 차이를 보존한다."",""supporting_observation_ids"":[""OB_FIRST_PANEL_05_ML_ENGINEER_EV_APP0037_FIRST_INTERVIEW_PRACTITIONER_QA_M1_SKILL_06"",""OB_FIRST_PANEL_05_HIRING_MANAGER_EV_APP0037_FIRST_INTERVIEW_PRACTITIONER_QA_M1_SKILL_06"",""OB_FIRST_PANEL_05_TECHNICAL_REVIEWER_EV_APP0037_FIRST_INTERVIEW_PRACTITIONER_QA_M1_SKILL_06""]}",CALIBRATION_PANEL_01,2027-01-04T11:10:00+09:00,SYNTHETIC_HUMAN_SCENARIO,M1_EVIDENCE_RUBRIC_V02
DC_APP0037_M1_SKILL_07_000610,APP0037,C0037,M1_SKILL_07,MODERATE,AGREED,"{""difference_types"":[],""disputed_evidence_ids"":[],""limited_evidence_ids"":[],""meaningful_conflict_refs"":[],""missing_evidence_ids"":[],""reason"":""동일 Skill의 독립된 직접 관찰로 수행 범위를 확인했다. 다른 맥락의 제한/모호성은 해당 근거의 한계로 보존한다."",""rubric_review"":""직접 관찰의 행동·검증을 검토하며 다른 맥락의 한계와 평가자 차이를 보존한다."",""supporting_observation_ids"":[""OB_FIRST_PANEL_05_ML_ENGINEER_EV_APP0037_FIRST_INTERVIEW_TECHNICAL_ASSESSMENT_M1_SKILL_07"",""OB_FIRST_PANEL_05_HIRING_MANAGER_EV_APP0037_FIRST_INTERVIEW_TECHNICAL_ASSESSMENT_M1_SKILL_07"",""OB_FIRST_PANEL_05_TECHNICAL_REVIEWER_EV_APP0037_FIRST_INTERVIEW_TECHNICAL_ASSESSMENT_M1_SKILL_07""]}",CALIBRATION_PANEL_01,2027-01-04T11:10:00+09:00,SYNTHETIC_HUMAN_SCENARIO,M1_EVIDENCE_RUBRIC_V02
DC_APP0037_M1_SKILL_08_000611,APP0037,C0037,M1_SKILL_08,LIMITED,AGREED,"{""difference_types"":[],""disputed_evidence_ids"":[],""limited_evidence_ids"":[""EV_APP0037_FIRST_INTERVIEW_PRACTITIONER_QA_M1_SKILL_08""],""meaningful_conflict_refs"":[],""missing_evidence_ids"":[],""reason"":""관찰된 직접 근거의 범위가 제한적이다. 자기기술만으로 보완하지 않는다."",""rubric_review"":""직접 관찰의 행동·검증을 검토하며 다른 맥락의 한계와 평가자 차이를 보존한다."",""supporting_observation_ids"":[""OB_FIRST_PANEL_05_ML_ENGINEER_EV_APP0037_FIRST_INTERVIEW_PRACTITIONER_QA_M1_SKILL_08"",""OB_FIRST_PANEL_05_HIRING_MANAGER_EV_APP0037_FIRST_INTERVIEW_PRACTITIONER_QA_M1_SKILL_08"",""OB_FIRST_PANEL_05_TECHNICAL_REVIEWER_EV_APP0037_FIRST_INTERVIEW_PRACTITIONER_QA_M1_SKILL_08""]}",CALIBRATION_PANEL_01,2027-01-04T11:10:00+09:00,SYNTHETIC_HUMAN_SCENARIO,M1_EVIDENCE_RUBRIC_V02
DC_APP0037_M1_SKILL_01_000612,APP0037,C0037,M1_SKILL_01,MODERATE,AGREED,"{""difference_types"":[""EVIDENCE_EVOLUTION""],""disputed_evidence_ids"":[],""limited_evidence_ids"":[],""meaningful_conflict_refs"":[],""missing_evidence_ids"":[""EV_APP0037_FIRST_INTERVIEW_AI_CASE_M1_SKILL_01""],""reason"":""동일 Skill의 독립된 직접 관찰로 수행 범위를 확인했다. 다른 맥락의 제한/모호성은 해당 근거의 한계로 보존한다."",""rubric_review"":""직접 관찰의 행동·검증을 검토하며 다른 맥락의 한계와 평가자 차이를 보존한다."",""supporting_observation_ids"":[""OB_FIRST_PANEL_05_ML_ENGINEER_EV_APP0037_FIRST_INTERVIEW_TECHNICAL_ASSESSMENT_M1_SKILL_01"",""OB_FIRST_PANEL_05_HIRING_MANAGER_EV_APP0037_FIRST_INTERVIEW_TECHNICAL_ASSESSMENT_M1_SKILL_01"",""OB_FIRST_PANEL_05_TECHNICAL_REVIEWER_EV_APP0037_FIRST_INTERVIEW_TECHNICAL_ASSESSMENT_M1_SKILL_01""]}",CALIBRATION_PANEL_01,2027-01-12T12:05:00+09:00,SYNTHETIC_HUMAN_SCENARIO,M1_EVIDENCE_RUBRIC_V02
DC_APP0037_M1_SKILL_02_000613,APP0037,C0037,M1_SKILL_02,MODERATE,AGREED,"{""difference_types"":[],""disputed_evidence_ids"":[],""limited_evidence_ids"":[],""meaningful_conflict_refs"":[],""missing_evidence_ids"":[],""reason"":""동일 Skill의 독립된 직접 관찰로 수행 범위를 확인했다. 다른 맥락의 제한/모호성은 해당 근거의 한계로 보존한다."",""rubric_review"":""직접 관찰의 행동·검증을 검토하며 다른 맥락의 한계와 평가자 차이를 보존한다."",""supporting_observation_ids"":[""OB_FIRST_PANEL_05_ML_ENGINEER_EV_APP0037_FIRST_INTERVIEW_TECHNICAL_ASSESSMENT_M1_SKILL_02"",""OB_FIRST_PANEL_05_HIRING_MANAGER_EV_APP0037_FIRST_INTERVIEW_TECHNICAL_ASSESSMENT_M1_SKILL_02"",""OB_FIRST_PANEL_05_TECHNICAL_REVIEWER_EV_APP0037_FIRST_INTERVIEW_TECHNICAL_ASSESSMENT_M1_SKILL_02""]}",CALIBRATION_PANEL_01,2027-01-12T12:05:00+09:00,SYNTHETIC_HUMAN_SCENARIO,M1_EVIDENCE_RUBRIC_V02
DC_APP0037_M1_SKILL_03_000614,APP0037,C0037,M1_SKILL_03,STRONG,AGREED,"{""difference_types"":[""EVIDENCE_EVOLUTION""],""disputed_evidence_ids"":[],""limited_evidence_ids"":[],""meaningful_conflict_refs"":[],""missing_evidence_ids"":[],""reason"":""동일 Skill의 독립된 직접 관찰로 수행 범위를 확인했다. 다른 맥락의 제한/모호성은 해당 근거의 한계로 보존한다."",""rubric_review"":""직접 관찰의 행동·검증을 검토하며 다른 맥락의 한계와 평가자 차이를 보존한다."",""supporting_observation_ids"":[""OB_REVIEW_ML_01_EV_APP0037_PRE_ASSESSMENT_CODING_TEST_M1_SKILL_03"",""OB_REVIEW_HM_01_EV_APP0037_PRE_ASSESSMENT_CODING_TEST_M1_SKILL_03"",""OB_FIRST_PANEL_05_ML_ENGINEER_EV_APP0037_FIRST_INTERVIEW_AI_CASE_M1_SKILL_03"",""OB_FIRST_PANEL_05_HIRING_MANAGER_EV_APP0037_FIRST_INTERVIEW_AI_CASE_M1_SKILL_03"",""OB_FIRST_PANEL_05_TECHNICAL_REVIEWER_EV_APP0037_FIRST_INTERVIEW_AI_CASE_M1_SKILL_03""]}",CALIBRATION_PANEL_01,2027-01-12T12:05:00+09:00,SYNTHETIC_HUMAN_SCENARIO,M1_EVIDENCE_RUBRIC_V02
DC_APP0037_M1_SKILL_04_000615,APP0037,C0037,M1_SKILL_04,MODERATE,AGREED,"{""difference_types"":[],""disputed_evidence_ids"":[],""limited_evidence_ids"":[],""meaningful_conflict_refs"":[],""missing_evidence_ids"":[],""reason"":""동일 Skill의 독립된 직접 관찰로 수행 범위를 확인했다. 다른 맥락의 제한/모호성은 해당 근거의 한계로 보존한다."",""rubric_review"":""직접 관찰의 행동·검증을 검토하며 다른 맥락의 한계와 평가자 차이를 보존한다."",""supporting_observation_ids"":[""OB_FIRST_PANEL_05_ML_ENGINEER_EV_APP0037_FIRST_INTERVIEW_PRACTITIONER_QA_M1_SKILL_04"",""OB_FIRST_PANEL_05_HIRING_MANAGER_EV_APP0037_FIRST_INTERVIEW_PRACTITIONER_QA_M1_SKILL_04"",""OB_FIRST_PANEL_05_TECHNICAL_REVIEWER_EV_APP0037_FIRST_INTERVIEW_PRACTITIONER_QA_M1_SKILL_04"",""OB_SECOND_INTERVIEW_PANEL_01_ML_ENGINEER_EV_APP0037_SECOND_INTERVIEW_VALUES_BEHAVIOR_INTERVIEW_M1_SKILL_04"",""OB_SECOND_INTERVIEW_PANEL_01_HIRING_MANAGER_EV_APP0037_SECOND_INTERVIEW_VALUES_BEHAVIOR_INTERVIEW_M1_SKILL_04""]}",CALIBRATION_PANEL_01,2027-01-12T12:05:00+09:00,SYNTHETIC_HUMAN_SCENARIO,M1_EVIDENCE_RUBRIC_V02
DC_APP0037_M1_SKILL_05_000616,APP0037,C0037,M1_SKILL_05,,DISAGREEMENT_REMAINS,"{""difference_types"":[""EVALUATOR_DISAGREEMENT""],""disputed_evidence_ids"":[""EV_APP0037_SECOND_INTERVIEW_VALUES_BEHAVIOR_INTERVIEW_M1_SKILL_05"",""EV_APP0037_FINAL_REVIEW_FOCUSED_FOLLOW_UP_M1_SKILL_05""],""limited_evidence_ids"":[],""meaningful_conflict_refs"":[],""missing_evidence_ids"":[""EV_APP0037_FIRST_INTERVIEW_PRACTITIONER_QA_M1_SKILL_05""],""reason"":""동일 근거에 대한 평가자 해석 차이를 해소할 직접 관찰이 부족하다."",""rubric_review"":""직접 관찰의 행동·검증을 검토하며 다른 맥락의 한계와 평가자 차이를 보존한다."",""supporting_observation_ids"":[]}",CALIBRATION_PANEL_01,2027-01-12T12:05:00+09:00,SYNTHETIC_HUMAN_SCENARIO,M1_EVIDENCE_RUBRIC_V02
DC_APP0037_M1_SKILL_06_000617,APP0037,C0037,M1_SKILL_06,STRONG,AGREED,"{""difference_types"":[],""disputed_evidence_ids"":[],""limited_evidence_ids"":[],""meaningful_conflict_refs"":[],""missing_evidence_ids"":[],""reason"":""동일 Skill의 독립된 직접 관찰로 수행 범위를 확인했다. 다른 맥락의 제한/모호성은 해당 근거의 한계로 보존한다."",""rubric_review"":""직접 관찰의 행동·검증을 검토하며 다른 맥락의 한계와 평가자 차이를 보존한다."",""supporting_observation_ids"":[""OB_FIRST_PANEL_05_ML_ENGINEER_EV_APP0037_FIRST_INTERVIEW_PRACTITIONER_QA_M1_SKILL_06"",""OB_FIRST_PANEL_05_HIRING_MANAGER_EV_APP0037_FIRST_INTERVIEW_PRACTITIONER_QA_M1_SKILL_06"",""OB_FIRST_PANEL_05_TECHNICAL_REVIEWER_EV_APP0037_FIRST_INTERVIEW_PRACTITIONER_QA_M1_SKILL_06""]}",CALIBRATION_PANEL_01,2027-01-12T12:05:00+09:00,SYNTHETIC_HUMAN_SCENARIO,M1_EVIDENCE_RUBRIC_V02
DC_APP0037_M1_SKILL_07_000618,APP0037,C0037,M1_SKILL_07,MODERATE,AGREED,"{""difference_types"":[],""disputed_evidence_ids"":[],""limited_evidence_ids"":[],""meaningful_conflict_refs"":[],""missing_evidence_ids"":[],""reason"":""동일 Skill의 독립된 직접 관찰로 수행 범위를 확인했다. 다른 맥락의 제한/모호성은 해당 근거의 한계로 보존한다."",""rubric_review"":""직접 관찰의 행동·검증을 검토하며 다른 맥락의 한계와 평가자 차이를 보존한다."",""supporting_observation_ids"":[""OB_FIRST_PANEL_05_ML_ENGINEER_EV_APP0037_FIRST_INTERVIEW_TECHNICAL_ASSESSMENT_M1_SKILL_07"",""OB_FIRST_PANEL_05_HIRING_MANAGER_EV_APP0037_FIRST_INTERVIEW_TECHNICAL_ASSESSMENT_M1_SKILL_07"",""OB_FIRST_PANEL_05_TECHNICAL_REVIEWER_EV_APP0037_FIRST_INTERVIEW_TECHNICAL_ASSESSMENT_M1_SKILL_07""]}",CALIBRATION_PANEL_01,2027-01-12T12:05:00+09:00,SYNTHETIC_HUMAN_SCENARIO,M1_EVIDENCE_RUBRIC_V02
DC_APP0037_M1_SKILL_08_000619,APP0037,C0037,M1_SKILL_08,LIMITED,AGREED,"{""difference_types"":[],""disputed_evidence_ids"":[],""limited_evidence_ids"":[""EV_APP0037_FIRST_INTERVIEW_PRACTITIONER_QA_M1_SKILL_08""],""meaningful_conflict_refs"":[],""missing_evidence_ids"":[],""reason"":""관찰된 직접 근거의 범위가 제한적이다. 자기기술만으로 보완하지 않는다."",""rubric_review"":""직접 관찰의 행동·검증을 검토하며 다른 맥락의 한계와 평가자 차이를 보존한다."",""supporting_observation_ids"":[""OB_FIRST_PANEL_05_ML_ENGINEER_EV_APP0037_FIRST_INTERVIEW_PRACTITIONER_QA_M1_SKILL_08"",""OB_FIRST_PANEL_05_HIRING_MANAGER_EV_APP0037_FIRST_INTERVIEW_PRACTITIONER_QA_M1_SKILL_08"",""OB_FIRST_PANEL_05_TECHNICAL_REVIEWER_EV_APP0037_FIRST_INTERVIEW_PRACTITIONER_QA_M1_SKILL_08""]}",CALIBRATION_PANEL_01,2027-01-12T12:05:00+09:00,SYNTHETIC_HUMAN_SCENARIO,M1_EVIDENCE_RUBRIC_V02
DC_APP0070_M1_SKILL_01_000620,APP0070,C0070,M1_SKILL_01,MODERATE,AGREED,"{""difference_types"":[""EVIDENCE_EVOLUTION""],""disputed_evidence_ids"":[],""limited_evidence_ids"":[],""meaningful_conflict_refs"":[],""missing_evidence_ids"":[],""reason"":""동일 Skill의 독립된 직접 관찰로 수행 범위를 확인했다. 다른 맥락의 제한/모호성은 해당 근거의 한계로 보존한다."",""rubric_review"":""직접 관찰의 행동·검증을 검토하며 다른 맥락의 한계와 평가자 차이를 보존한다."",""supporting_observation_ids"":[""OB_FIRST_PANEL_04_ML_ENGINEER_EV_APP0070_FIRST_INTERVIEW_TECHNICAL_ASSESSMENT_M1_SKILL_01"",""OB_FIRST_PANEL_04_HIRING_MANAGER_EV_APP0070_FIRST_INTERVIEW_TECHNICAL_ASSESSMENT_M1_SKILL_01"",""OB_FIRST_PANEL_04_TECHNICAL_REVIEWER_EV_APP0070_FIRST_INTERVIEW_TECHNICAL_ASSESSMENT_M1_SKILL_01"",""OB_FIRST_PANEL_04_ML_ENGINEER_EV_APP0070_FIRST_INTERVIEW_AI_CASE_M1_SKILL_01"",""OB_FIRST_PANEL_04_HIRING_MANAGER_EV_APP0070_FIRST_INTERVIEW_AI_CASE_M1_SKILL_01"",""OB_FIRST_PANEL_04_TECHNICAL_REVIEWER_EV_APP0070_FIRST_INTERVIEW_AI_CASE_M1_SKILL_01""]}",CALIBRATION_PANEL_01,2027-01-10T11:35:00+09:00,SYNTHETIC_HUMAN_SCENARIO,M1_EVIDENCE_RUBRIC_V02
DC_APP0070_M1_SKILL_02_000621,APP0070,C0070,M1_SKILL_02,STRONG,AGREED,"{""difference_types"":[],""disputed_evidence_ids"":[],""limited_evidence_ids"":[],""meaningful_conflict_refs"":[],""missing_evidence_ids"":[],""reason"":""동일 Skill의 독립된 직접 관찰로 수행 범위를 확인했다. 다른 맥락의 제한/모호성은 해당 근거의 한계로 보존한다."",""rubric_review"":""직접 관찰의 행동·검증을 검토하며 다른 맥락의 한계와 평가자 차이를 보존한다."",""supporting_observation_ids"":[""OB_FIRST_PANEL_04_ML_ENGINEER_EV_APP0070_FIRST_INTERVIEW_TECHNICAL_ASSESSMENT_M1_SKILL_02"",""OB_FIRST_PANEL_04_HIRING_MANAGER_EV_APP0070_FIRST_INTERVIEW_TECHNICAL_ASSESSMENT_M1_SKILL_02"",""OB_FIRST_PANEL_04_TECHNICAL_REVIEWER_EV_APP0070_FIRST_INTERVIEW_TECHNICAL_ASSESSMENT_M1_SKILL_02""]}",CALIBRATION_PANEL_01,2027-01-10T11:35:00+09:00,SYNTHETIC_HUMAN_SCENARIO,M1_EVIDENCE_RUBRIC_V02
DC_APP0070_M1_SKILL_03_000622,APP0070,C0070,M1_SKILL_03,MODERATE,AGREED,"{""difference_types"":[""EVIDENCE_EVOLUTION""],""disputed_evidence_ids"":[],""limited_evidence_ids"":[],""meaningful_conflict_refs"":[],""missing_evidence_ids"":[],""reason"":""동일 Skill의 독립된 직접 관찰로 수행 범위를 확인했다. 다른 맥락의 제한/모호성은 해당 근거의 한계로 보존한다."",""rubric_review"":""직접 관찰의 행동·검증을 검토하며 다른 맥락의 한계와 평가자 차이를 보존한다."",""supporting_observation_ids"":[""OB_REVIEW_ML_01_EV_APP0070_PRE_ASSESSMENT_CODING_TEST_M1_SKILL_03"",""OB_REVIEW_HM_01_EV_APP0070_PRE_ASSESSMENT_CODING_TEST_M1_SKILL_03"",""OB_FIRST_PANEL_04_ML_ENGINEER_EV_APP0070_FIRST_INTERVIEW_AI_CASE_M1_SKILL_03"",""OB_FIRST_PANEL_04_HIRING_MANAGER_EV_APP0070_FIRST_INTERVIEW_AI_CASE_M1_SKILL_03"",""OB_FIRST_PANEL_04_TECHNICAL_REVIEWER_EV_APP0070_FIRST_INTERVIEW_AI_CASE_M1_SKILL_03""]}",CALIBRATION_PANEL_01,2027-01-10T11:35:00+09:00,SYNTHETIC_HUMAN_SCENARIO,M1_EVIDENCE_RUBRIC_V02
DC_APP0070_M1_SKILL_04_000623,APP0070,C0070,M1_SKILL_04,MODERATE,AGREED,"{""difference_types"":[""EVIDENCE_EVOLUTION"",""CONTEXT_DIFFERENCE""],""disputed_evidence_ids"":[],""limited_evidence_ids"":[""EV_APP0070_FIRST_INTERVIEW_PRACTITIONER_QA_M1_SKILL_04""],""meaningful_conflict_refs"":[],""missing_evidence_ids"":[],""reason"":""동일 Skill의 독립된 직접 관찰로 수행 범위를 확인했다. 다른 맥락의 제한/모호성은 해당 근거의 한계로 보존한다."",""rubric_review"":""직접 관찰의 행동·검증을 검토하며 다른 맥락의 한계와 평가자 차이를 보존한다."",""supporting_observation_ids"":[""OB_SECOND_INTERVIEW_PANEL_01_ML_ENGINEER_EV_APP0070_SECOND_INTERVIEW_VALUES_BEHAVIOR_INTERVIEW_M1_SKILL_04"",""OB_SECOND_INTERVIEW_PANEL_01_HIRING_MANAGER_EV_APP0070_SECOND_INTERVIEW_VALUES_BEHAVIOR_INTERVIEW_M1_SKILL_04""]}",CALIBRATION_PANEL_01,2027-01-10T11:35:00+09:00,SYNTHETIC_HUMAN_SCENARIO,M1_EVIDENCE_RUBRIC_V02
DC_APP0070_M1_SKILL_05_000624,APP0070,C0070,M1_SKILL_05,MODERATE,AGREED,"{""difference_types"":[""EVIDENCE_EVOLUTION"",""CONTEXT_DIFFERENCE""],""disputed_evidence_ids"":[],""limited_evidence_ids"":[""EV_APP0070_SECOND_INTERVIEW_VALUES_BEHAVIOR_INTERVIEW_M1_SKILL_05""],""meaningful_conflict_refs"":[],""missing_evidence_ids"":[],""reason"":""동일 Skill의 독립된 직접 관찰로 수행 범위를 확인했다. 다른 맥락의 제한/모호성은 해당 근거의 한계로 보존한다."",""rubric_review"":""직접 관찰의 행동·검증을 검토하며 다른 맥락의 한계와 평가자 차이를 보존한다."",""supporting_observation_ids"":[""OB_FIRST_PANEL_04_ML_ENGINEER_EV_APP0070_FIRST_INTERVIEW_PRACTITIONER_QA_M1_SKILL_05"",""OB_FIRST_PANEL_04_HIRING_MANAGER_EV_APP0070_FIRST_INTERVIEW_PRACTITIONER_QA_M1_SKILL_05"",""OB_FIRST_PANEL_04_TECHNICAL_REVIEWER_EV_APP0070_FIRST_INTERVIEW_PRACTITIONER_QA_M1_SKILL_05""]}",CALIBRATION_PANEL_01,2027-01-10T11:35:00+09:00,SYNTHETIC_HUMAN_SCENARIO,M1_EVIDENCE_RUBRIC_V02
DC_APP0070_M1_SKILL_06_000625,APP0070,C0070,M1_SKILL_06,,INSUFFICIENT_EVIDENCE,"{""difference_types"":[],""disputed_evidence_ids"":[],""limited_evidence_ids"":[],""meaningful_conflict_refs"":[],""missing_evidence_ids"":[""EV_APP0070_FIRST_INTERVIEW_PRACTITIONER_QA_M1_SKILL_06""],""reason"":""직접 판단 근거 부족. 미관찰을 역량 부재로 해석하지 않는다."",""rubric_review"":""직접 관찰의 행동·검증을 검토하며 다른 맥락의 한계와 평가자 차이를 보존한다."",""supporting_observation_ids"":[]}",CALIBRATION_PANEL_01,2027-01-10T11:35:00+09:00,SYNTHETIC_HUMAN_SCENARIO,M1_EVIDENCE_RUBRIC_V02
DC_APP0070_M1_SKILL_07_000626,APP0070,C0070,M1_SKILL_07,LIMITED,AGREED,"{""difference_types"":[],""disputed_evidence_ids"":[],""limited_evidence_ids"":[""EV_APP0070_FIRST_INTERVIEW_TECHNICAL_ASSESSMENT_M1_SKILL_07""],""meaningful_conflict_refs"":[],""missing_evidence_ids"":[],""reason"":""관찰된 직접 근거의 범위가 제한적이다. 자기기술만으로 보완하지 않는다."",""rubric_review"":""직접 관찰의 행동·검증을 검토하며 다른 맥락의 한계와 평가자 차이를 보존한다."",""supporting_observation_ids"":[""OB_FIRST_PANEL_04_ML_ENGINEER_EV_APP0070_FIRST_INTERVIEW_TECHNICAL_ASSESSMENT_M1_SKILL_07"",""OB_FIRST_PANEL_04_HIRING_MANAGER_EV_APP0070_FIRST_INTERVIEW_TECHNICAL_ASSESSMENT_M1_SKILL_07"",""OB_FIRST_PANEL_04_TECHNICAL_REVIEWER_EV_APP0070_FIRST_INTERVIEW_TECHNICAL_ASSESSMENT_M1_SKILL_07""]}",CALIBRATION_PANEL_01,2027-01-10T11:35:00+09:00,SYNTHETIC_HUMAN_SCENARIO,M1_EVIDENCE_RUBRIC_V02
DC_APP0070_M1_SKILL_08_000627,APP0070,C0070,M1_SKILL_08,,DISAGREEMENT_REMAINS,"{""difference_types"":[""EVALUATOR_DISAGREEMENT""],""disputed_evidence_ids"":[""EV_APP0070_FIRST_INTERVIEW_PRACTITIONER_QA_M1_SKILL_08""],""limited_evidence_ids"":[],""meaningful_conflict_refs"":[],""missing_evidence_ids"":[],""reason"":""동일 근거에 대한 평가자 해석 차이를 해소할 직접 관찰이 부족하다."",""rubric_review"":""직접 관찰의 행동·검증을 검토하며 다른 맥락의 한계와 평가자 차이를 보존한다."",""supporting_observation_ids"":[]}",CALIBRATION_PANEL_01,2027-01-10T11:35:00+09:00,SYNTHETIC_HUMAN_SCENARIO,M1_EVIDENCE_RUBRIC_V02
DC_APP0046_M1_SKILL_01_000628,APP0046,C0046,M1_SKILL_01,STRONG,AGREED,"{""difference_types"":[""EVIDENCE_EVOLUTION""],""disputed_evidence_ids"":[],""limited_evidence_ids"":[],""meaningful_conflict_refs"":[],""missing_evidence_ids"":[],""reason"":""동일 Skill의 독립된 직접 관찰로 수행 범위를 확인했다. 다른 맥락의 제한/모호성은 해당 근거의 한계로 보존한다."",""rubric_review"":""직접 관찰의 행동·검증을 검토하며 다른 맥락의 한계와 평가자 차이를 보존한다."",""supporting_observation_ids"":[""OB_FIRST_PANEL_07_ML_ENGINEER_EV_APP0046_FIRST_INTERVIEW_TECHNICAL_ASSESSMENT_M1_SKILL_01"",""OB_FIRST_PANEL_07_HIRING_MANAGER_EV_APP0046_FIRST_INTERVIEW_TECHNICAL_ASSESSMENT_M1_SKILL_01"",""OB_FIRST_PANEL_07_TECHNICAL_REVIEWER_EV_APP0046_FIRST_INTERVIEW_TECHNICAL_ASSESSMENT_M1_SKILL_01"",""OB_FIRST_PANEL_07_ML_ENGINEER_EV_APP0046_FIRST_INTERVIEW_AI_CASE_M1_SKILL_01"",""OB_FIRST_PANEL_07_HIRING_MANAGER_EV_APP0046_FIRST_INTERVIEW_AI_CASE_M1_SKILL_01"",""OB_FIRST_PANEL_07_TECHNICAL_REVIEWER_EV_APP0046_FIRST_INTERVIEW_AI_CASE_M1_SKILL_01""]}",CALIBRATION_PANEL_01,2027-01-12T11:10:00+09:00,SYNTHETIC_HUMAN_SCENARIO,M1_EVIDENCE_RUBRIC_V02
DC_APP0046_M1_SKILL_02_000629,APP0046,C0046,M1_SKILL_02,STRONG,AGREED,"{""difference_types"":[],""disputed_evidence_ids"":[],""limited_evidence_ids"":[],""meaningful_conflict_refs"":[],""missing_evidence_ids"":[],""reason"":""동일 Skill의 독립된 직접 관찰로 수행 범위를 확인했다. 다른 맥락의 제한/모호성은 해당 근거의 한계로 보존한다."",""rubric_review"":""직접 관찰의 행동·검증을 검토하며 다른 맥락의 한계와 평가자 차이를 보존한다."",""supporting_observation_ids"":[""OB_FIRST_PANEL_07_ML_ENGINEER_EV_APP0046_FIRST_INTERVIEW_TECHNICAL_ASSESSMENT_M1_SKILL_02"",""OB_FIRST_PANEL_07_HIRING_MANAGER_EV_APP0046_FIRST_INTERVIEW_TECHNICAL_ASSESSMENT_M1_SKILL_02"",""OB_FIRST_PANEL_07_TECHNICAL_REVIEWER_EV_APP0046_FIRST_INTERVIEW_TECHNICAL_ASSESSMENT_M1_SKILL_02""]}",CALIBRATION_PANEL_01,2027-01-12T11:10:00+09:00,SYNTHETIC_HUMAN_SCENARIO,M1_EVIDENCE_RUBRIC_V02
DC_APP0046_M1_SKILL_03_000630,APP0046,C0046,M1_SKILL_03,MODERATE,AGREED,"{""difference_types"":[""EVIDENCE_EVOLUTION""],""disputed_evidence_ids"":[],""limited_evidence_ids"":[],""meaningful_conflict_refs"":[],""missing_evidence_ids"":[],""reason"":""동일 Skill의 독립된 직접 관찰로 수행 범위를 확인했다. 다른 맥락의 제한/모호성은 해당 근거의 한계로 보존한다."",""rubric_review"":""직접 관찰의 행동·검증을 검토하며 다른 맥락의 한계와 평가자 차이를 보존한다."",""supporting_observation_ids"":[""OB_REVIEW_ML_01_EV_APP0046_PRE_ASSESSMENT_CODING_TEST_M1_SKILL_03"",""OB_REVIEW_HM_01_EV_APP0046_PRE_ASSESSMENT_CODING_TEST_M1_SKILL_03"",""OB_FIRST_PANEL_07_ML_ENGINEER_EV_APP0046_FIRST_INTERVIEW_AI_CASE_M1_SKILL_03"",""OB_FIRST_PANEL_07_HIRING_MANAGER_EV_APP0046_FIRST_INTERVIEW_AI_CASE_M1_SKILL_03"",""OB_FIRST_PANEL_07_TECHNICAL_REVIEWER_EV_APP0046_FIRST_INTERVIEW_AI_CASE_M1_SKILL_03""]}",CALIBRATION_PANEL_01,2027-01-12T11:10:00+09:00,SYNTHETIC_HUMAN_SCENARIO,M1_EVIDENCE_RUBRIC_V02
DC_APP0046_M1_SKILL_04_000631,APP0046,C0046,M1_SKILL_04,,DISAGREEMENT_REMAINS,"{""difference_types"":[""EVALUATOR_DISAGREEMENT""],""disputed_evidence_ids"":[""EV_APP0046_FIRST_INTERVIEW_PRACTITIONER_QA_M1_SKILL_04""],""limited_evidence_ids"":[""EV_APP0046_SECOND_INTERVIEW_VALUES_BEHAVIOR_INTERVIEW_M1_SKILL_04""],""meaningful_conflict_refs"":[],""missing_evidence_ids"":[],""reason"":""동일 근거에 대한 평가자 해석 차이를 해소할 직접 관찰이 부족하다."",""rubric_review"":""직접 관찰의 행동·검증을 검토하며 다른 맥락의 한계와 평가자 차이를 보존한다."",""supporting_observation_ids"":[]}",CALIBRATION_PANEL_01,2027-01-12T11:10:00+09:00,SYNTHETIC_HUMAN_SCENARIO,M1_EVIDENCE_RUBRIC_V02
DC_APP0046_M1_SKILL_05_000632,APP0046,C0046,M1_SKILL_05,MODERATE,AGREED,"{""difference_types"":[],""disputed_evidence_ids"":[],""limited_evidence_ids"":[],""meaningful_conflict_refs"":[],""missing_evidence_ids"":[],""reason"":""동일 Skill의 독립된 직접 관찰로 수행 범위를 확인했다. 다른 맥락의 제한/모호성은 해당 근거의 한계로 보존한다."",""rubric_review"":""직접 관찰의 행동·검증을 검토하며 다른 맥락의 한계와 평가자 차이를 보존한다."",""supporting_observation_ids"":[""OB_FIRST_PANEL_07_ML_ENGINEER_EV_APP0046_FIRST_INTERVIEW_PRACTITIONER_QA_M1_SKILL_05"",""OB_FIRST_PANEL_07_HIRING_MANAGER_EV_APP0046_FIRST_INTERVIEW_PRACTITIONER_QA_M1_SKILL_05"",""OB_FIRST_PANEL_07_TECHNICAL_REVIEWER_EV_APP0046_FIRST_INTERVIEW_PRACTITIONER_QA_M1_SKILL_05"",""OB_SECOND_INTERVIEW_PANEL_01_ML_ENGINEER_EV_APP0046_SECOND_INTERVIEW_VALUES_BEHAVIOR_INTERVIEW_M1_SKILL_05"",""OB_SECOND_INTERVIEW_PANEL_01_HIRING_MANAGER_EV_APP0046_SECOND_INTERVIEW_VALUES_BEHAVIOR_INTERVIEW_M1_SKILL_05""]}",CALIBRATION_PANEL_01,2027-01-12T11:10:00+09:00,SYNTHETIC_HUMAN_SCENARIO,M1_EVIDENCE_RUBRIC_V02
DC_APP0046_M1_SKILL_06_000633,APP0046,C0046,M1_SKILL_06,MODERATE,AGREED,"{""difference_types"":[],""disputed_evidence_ids"":[],""limited_evidence_ids"":[],""meaningful_conflict_refs"":[],""missing_evidence_ids"":[],""reason"":""동일 Skill의 독립된 직접 관찰로 수행 범위를 확인했다. 다른 맥락의 제한/모호성은 해당 근거의 한계로 보존한다."",""rubric_review"":""직접 관찰의 행동·검증을 검토하며 다른 맥락의 한계와 평가자 차이를 보존한다."",""supporting_observation_ids"":[""OB_FIRST_PANEL_07_ML_ENGINEER_EV_APP0046_FIRST_INTERVIEW_PRACTITIONER_QA_M1_SKILL_06"",""OB_FIRST_PANEL_07_HIRING_MANAGER_EV_APP0046_FIRST_INTERVIEW_PRACTITIONER_QA_M1_SKILL_06"",""OB_FIRST_PANEL_07_TECHNICAL_REVIEWER_EV_APP0046_FIRST_INTERVIEW_PRACTITIONER_QA_M1_SKILL_06""]}",CALIBRATION_PANEL_01,2027-01-12T11:10:00+09:00,SYNTHETIC_HUMAN_SCENARIO,M1_EVIDENCE_RUBRIC_V02
DC_APP0046_M1_SKILL_07_000634,APP0046,C0046,M1_SKILL_07,MODERATE,AGREED,"{""difference_types"":[],""disputed_evidence_ids"":[],""limited_evidence_ids"":[],""meaningful_conflict_refs"":[],""missing_evidence_ids"":[],""reason"":""동일 Skill의 독립된 직접 관찰로 수행 범위를 확인했다. 다른 맥락의 제한/모호성은 해당 근거의 한계로 보존한다."",""rubric_review"":""직접 관찰의 행동·검증을 검토하며 다른 맥락의 한계와 평가자 차이를 보존한다."",""supporting_observation_ids"":[""OB_FIRST_PANEL_07_ML_ENGINEER_EV_APP0046_FIRST_INTERVIEW_TECHNICAL_ASSESSMENT_M1_SKILL_07"",""OB_FIRST_PANEL_07_HIRING_MANAGER_EV_APP0046_FIRST_INTERVIEW_TECHNICAL_ASSESSMENT_M1_SKILL_07"",""OB_FIRST_PANEL_07_TECHNICAL_REVIEWER_EV_APP0046_FIRST_INTERVIEW_TECHNICAL_ASSESSMENT_M1_SKILL_07""]}",CALIBRATION_PANEL_01,2027-01-12T11:10:00+09:00,SYNTHETIC_HUMAN_SCENARIO,M1_EVIDENCE_RUBRIC_V02
DC_APP0046_M1_SKILL_08_000635,APP0046,C0046,M1_SKILL_08,,INSUFFICIENT_EVIDENCE,"{""difference_types"":[],""disputed_evidence_ids"":[],""limited_evidence_ids"":[],""meaningful_conflict_refs"":[],""missing_evidence_ids"":[""EV_APP0046_FIRST_INTERVIEW_PRACTITIONER_QA_M1_SKILL_08""],""reason"":""직접 판단 근거 부족. 미관찰을 역량 부재로 해석하지 않는다."",""rubric_review"":""직접 관찰의 행동·검증을 검토하며 다른 맥락의 한계와 평가자 차이를 보존한다."",""supporting_observation_ids"":[]}",CALIBRATION_PANEL_01,2027-01-12T11:10:00+09:00,SYNTHETIC_HUMAN_SCENARIO,M1_EVIDENCE_RUBRIC_V02
DC_APP0046_M1_SKILL_01_000636,APP0046,C0046,M1_SKILL_01,STRONG,AGREED,"{""difference_types"":[""EVIDENCE_EVOLUTION""],""disputed_evidence_ids"":[],""limited_evidence_ids"":[],""meaningful_conflict_refs"":[],""missing_evidence_ids"":[],""reason"":""동일 Skill의 독립된 직접 관찰로 수행 범위를 확인했다. 다른 맥락의 제한/모호성은 해당 근거의 한계로 보존한다."",""rubric_review"":""직접 관찰의 행동·검증을 검토하며 다른 맥락의 한계와 평가자 차이를 보존한다."",""supporting_observation_ids"":[""OB_FIRST_PANEL_07_ML_ENGINEER_EV_APP0046_FIRST_INTERVIEW_TECHNICAL_ASSESSMENT_M1_SKILL_01"",""OB_FIRST_PANEL_07_HIRING_MANAGER_EV_APP0046_FIRST_INTERVIEW_TECHNICAL_ASSESSMENT_M1_SKILL_01"",""OB_FIRST_PANEL_07_TECHNICAL_REVIEWER_EV_APP0046_FIRST_INTERVIEW_TECHNICAL_ASSESSMENT_M1_SKILL_01"",""OB_FIRST_PANEL_07_ML_ENGINEER_EV_APP0046_FIRST_INTERVIEW_AI_CASE_M1_SKILL_01"",""OB_FIRST_PANEL_07_HIRING_MANAGER_EV_APP0046_FIRST_INTERVIEW_AI_CASE_M1_SKILL_01"",""OB_FIRST_PANEL_07_TECHNICAL_REVIEWER_EV_APP0046_FIRST_INTERVIEW_AI_CASE_M1_SKILL_01""]}",CALIBRATION_PANEL_01,2027-01-20T12:05:00+09:00,SYNTHETIC_HUMAN_SCENARIO,M1_EVIDENCE_RUBRIC_V02
DC_APP0046_M1_SKILL_02_000637,APP0046,C0046,M1_SKILL_02,STRONG,AGREED,"{""difference_types"":[],""disputed_evidence_ids"":[],""limited_evidence_ids"":[],""meaningful_conflict_refs"":[],""missing_evidence_ids"":[],""reason"":""동일 Skill의 독립된 직접 관찰로 수행 범위를 확인했다. 다른 맥락의 제한/모호성은 해당 근거의 한계로 보존한다."",""rubric_review"":""직접 관찰의 행동·검증을 검토하며 다른 맥락의 한계와 평가자 차이를 보존한다."",""supporting_observation_ids"":[""OB_FIRST_PANEL_07_ML_ENGINEER_EV_APP0046_FIRST_INTERVIEW_TECHNICAL_ASSESSMENT_M1_SKILL_02"",""OB_FIRST_PANEL_07_HIRING_MANAGER_EV_APP0046_FIRST_INTERVIEW_TECHNICAL_ASSESSMENT_M1_SKILL_02"",""OB_FIRST_PANEL_07_TECHNICAL_REVIEWER_EV_APP0046_FIRST_INTERVIEW_TECHNICAL_ASSESSMENT_M1_SKILL_02""]}",CALIBRATION_PANEL_01,2027-01-20T12:05:00+09:00,SYNTHETIC_HUMAN_SCENARIO,M1_EVIDENCE_RUBRIC_V02
DC_APP0046_M1_SKILL_03_000638,APP0046,C0046,M1_SKILL_03,MODERATE,AGREED,"{""difference_types"":[""EVIDENCE_EVOLUTION""],""disputed_evidence_ids"":[],""limited_evidence_ids"":[],""meaningful_conflict_refs"":[],""missing_evidence_ids"":[],""reason"":""동일 Skill의 독립된 직접 관찰로 수행 범위를 확인했다. 다른 맥락의 제한/모호성은 해당 근거의 한계로 보존한다."",""rubric_review"":""직접 관찰의 행동·검증을 검토하며 다른 맥락의 한계와 평가자 차이를 보존한다."",""supporting_observation_ids"":[""OB_REVIEW_ML_01_EV_APP0046_PRE_ASSESSMENT_CODING_TEST_M1_SKILL_03"",""OB_REVIEW_HM_01_EV_APP0046_PRE_ASSESSMENT_CODING_TEST_M1_SKILL_03"",""OB_FIRST_PANEL_07_ML_ENGINEER_EV_APP0046_FIRST_INTERVIEW_AI_CASE_M1_SKILL_03"",""OB_FIRST_PANEL_07_HIRING_MANAGER_EV_APP0046_FIRST_INTERVIEW_AI_CASE_M1_SKILL_03"",""OB_FIRST_PANEL_07_TECHNICAL_REVIEWER_EV_APP0046_FIRST_INTERVIEW_AI_CASE_M1_SKILL_03""]}",CALIBRATION_PANEL_01,2027-01-20T12:05:00+09:00,SYNTHETIC_HUMAN_SCENARIO,M1_EVIDENCE_RUBRIC_V02
DC_APP0046_M1_SKILL_04_000639,APP0046,C0046,M1_SKILL_04,,DISAGREEMENT_REMAINS,"{""difference_types"":[""EVALUATOR_DISAGREEMENT""],""disputed_evidence_ids"":[""EV_APP0046_FIRST_INTERVIEW_PRACTITIONER_QA_M1_SKILL_04"",""EV_APP0046_FINAL_REVIEW_FOCUSED_FOLLOW_UP_M1_SKILL_04""],""limited_evidence_ids"":[""EV_APP0046_SECOND_INTERVIEW_VALUES_BEHAVIOR_INTERVIEW_M1_SKILL_04""],""meaningful_conflict_refs"":[],""missing_evidence_ids"":[],""reason"":""동일 근거에 대한 평가자 해석 차이를 해소할 직접 관찰이 부족하다."",""rubric_review"":""직접 관찰의 행동·검증을 검토하며 다른 맥락의 한계와 평가자 차이를 보존한다."",""supporting_observation_ids"":[]}",CALIBRATION_PANEL_01,2027-01-20T12:05:00+09:00,SYNTHETIC_HUMAN_SCENARIO,M1_EVIDENCE_RUBRIC_V02
DC_APP0046_M1_SKILL_05_000640,APP0046,C0046,M1_SKILL_05,MODERATE,AGREED,"{""difference_types"":[],""disputed_evidence_ids"":[],""limited_evidence_ids"":[],""meaningful_conflict_refs"":[],""missing_evidence_ids"":[],""reason"":""동일 Skill의 독립된 직접 관찰로 수행 범위를 확인했다. 다른 맥락의 제한/모호성은 해당 근거의 한계로 보존한다."",""rubric_review"":""직접 관찰의 행동·검증을 검토하며 다른 맥락의 한계와 평가자 차이를 보존한다."",""supporting_observation_ids"":[""OB_FIRST_PANEL_07_ML_ENGINEER_EV_APP0046_FIRST_INTERVIEW_PRACTITIONER_QA_M1_SKILL_05"",""OB_FIRST_PANEL_07_HIRING_MANAGER_EV_APP0046_FIRST_INTERVIEW_PRACTITIONER_QA_M1_SKILL_05"",""OB_FIRST_PANEL_07_TECHNICAL_REVIEWER_EV_APP0046_FIRST_INTERVIEW_PRACTITIONER_QA_M1_SKILL_05"",""OB_SECOND_INTERVIEW_PANEL_01_ML_ENGINEER_EV_APP0046_SECOND_INTERVIEW_VALUES_BEHAVIOR_INTERVIEW_M1_SKILL_05"",""OB_SECOND_INTERVIEW_PANEL_01_HIRING_MANAGER_EV_APP0046_SECOND_INTERVIEW_VALUES_BEHAVIOR_INTERVIEW_M1_SKILL_05""]}",CALIBRATION_PANEL_01,2027-01-20T12:05:00+09:00,SYNTHETIC_HUMAN_SCENARIO,M1_EVIDENCE_RUBRIC_V02
DC_APP0046_M1_SKILL_06_000641,APP0046,C0046,M1_SKILL_06,MODERATE,AGREED,"{""difference_types"":[],""disputed_evidence_ids"":[],""limited_evidence_ids"":[],""meaningful_conflict_refs"":[],""missing_evidence_ids"":[],""reason"":""동일 Skill의 독립된 직접 관찰로 수행 범위를 확인했다. 다른 맥락의 제한/모호성은 해당 근거의 한계로 보존한다."",""rubric_review"":""직접 관찰의 행동·검증을 검토하며 다른 맥락의 한계와 평가자 차이를 보존한다."",""supporting_observation_ids"":[""OB_FIRST_PANEL_07_ML_ENGINEER_EV_APP0046_FIRST_INTERVIEW_PRACTITIONER_QA_M1_SKILL_06"",""OB_FIRST_PANEL_07_HIRING_MANAGER_EV_APP0046_FIRST_INTERVIEW_PRACTITIONER_QA_M1_SKILL_06"",""OB_FIRST_PANEL_07_TECHNICAL_REVIEWER_EV_APP0046_FIRST_INTERVIEW_PRACTITIONER_QA_M1_SKILL_06""]}",CALIBRATION_PANEL_01,2027-01-20T12:05:00+09:00,SYNTHETIC_HUMAN_SCENARIO,M1_EVIDENCE_RUBRIC_V02
DC_APP0046_M1_SKILL_07_000642,APP0046,C0046,M1_SKILL_07,MODERATE,AGREED,"{""difference_types"":[],""disputed_evidence_ids"":[],""limited_evidence_ids"":[],""meaningful_conflict_refs"":[],""missing_evidence_ids"":[],""reason"":""동일 Skill의 독립된 직접 관찰로 수행 범위를 확인했다. 다른 맥락의 제한/모호성은 해당 근거의 한계로 보존한다."",""rubric_review"":""직접 관찰의 행동·검증을 검토하며 다른 맥락의 한계와 평가자 차이를 보존한다."",""supporting_observation_ids"":[""OB_FIRST_PANEL_07_ML_ENGINEER_EV_APP0046_FIRST_INTERVIEW_TECHNICAL_ASSESSMENT_M1_SKILL_07"",""OB_FIRST_PANEL_07_HIRING_MANAGER_EV_APP0046_FIRST_INTERVIEW_TECHNICAL_ASSESSMENT_M1_SKILL_07"",""OB_FIRST_PANEL_07_TECHNICAL_REVIEWER_EV_APP0046_FIRST_INTERVIEW_TECHNICAL_ASSESSMENT_M1_SKILL_07""]}",CALIBRATION_PANEL_01,2027-01-20T12:05:00+09:00,SYNTHETIC_HUMAN_SCENARIO,M1_EVIDENCE_RUBRIC_V02
DC_APP0046_M1_SKILL_08_000643,APP0046,C0046,M1_SKILL_08,,INSUFFICIENT_EVIDENCE,"{""difference_types"":[],""disputed_evidence_ids"":[],""limited_evidence_ids"":[],""meaningful_conflict_refs"":[],""missing_evidence_ids"":[""EV_APP0046_FIRST_INTERVIEW_PRACTITIONER_QA_M1_SKILL_08""],""reason"":""직접 판단 근거 부족. 미관찰을 역량 부재로 해석하지 않는다."",""rubric_review"":""직접 관찰의 행동·검증을 검토하며 다른 맥락의 한계와 평가자 차이를 보존한다."",""supporting_observation_ids"":[]}",CALIBRATION_PANEL_01,2027-01-20T12:05:00+09:00,SYNTHETIC_HUMAN_SCENARIO,M1_EVIDENCE_RUBRIC_V02
DC_APP0155_M1_SKILL_01_000644,APP0155,C0155,M1_SKILL_01,MODERATE,AGREED,"{""difference_types"":[""EVIDENCE_EVOLUTION""],""disputed_evidence_ids"":[],""limited_evidence_ids"":[],""meaningful_conflict_refs"":[],""missing_evidence_ids"":[],""reason"":""동일 Skill의 독립된 직접 관찰로 수행 범위를 확인했다. 다른 맥락의 제한/모호성은 해당 근거의 한계로 보존한다."",""rubric_review"":""직접 관찰의 행동·검증을 검토하며 다른 맥락의 한계와 평가자 차이를 보존한다."",""supporting_observation_ids"":[""OB_FIRST_PANEL_10_ML_ENGINEER_EV_APP0155_FIRST_INTERVIEW_TECHNICAL_ASSESSMENT_M1_SKILL_01"",""OB_FIRST_PANEL_10_HIRING_MANAGER_EV_APP0155_FIRST_INTERVIEW_TECHNICAL_ASSESSMENT_M1_SKILL_01"",""OB_FIRST_PANEL_10_TECHNICAL_REVIEWER_EV_APP0155_FIRST_INTERVIEW_TECHNICAL_ASSESSMENT_M1_SKILL_01"",""OB_FIRST_PANEL_10_ML_ENGINEER_EV_APP0155_FIRST_INTERVIEW_AI_CASE_M1_SKILL_01"",""OB_FIRST_PANEL_10_HIRING_MANAGER_EV_APP0155_FIRST_INTERVIEW_AI_CASE_M1_SKILL_01"",""OB_FIRST_PANEL_10_TECHNICAL_REVIEWER_EV_APP0155_FIRST_INTERVIEW_AI_CASE_M1_SKILL_01""]}",CALIBRATION_PANEL_01,2027-01-15T11:00:00+09:00,SYNTHETIC_HUMAN_SCENARIO,M1_EVIDENCE_RUBRIC_V02
DC_APP0155_M1_SKILL_02_000645,APP0155,C0155,M1_SKILL_02,STRONG,AGREED,"{""difference_types"":[],""disputed_evidence_ids"":[],""limited_evidence_ids"":[],""meaningful_conflict_refs"":[],""missing_evidence_ids"":[],""reason"":""동일 Skill의 독립된 직접 관찰로 수행 범위를 확인했다. 다른 맥락의 제한/모호성은 해당 근거의 한계로 보존한다."",""rubric_review"":""직접 관찰의 행동·검증을 검토하며 다른 맥락의 한계와 평가자 차이를 보존한다."",""supporting_observation_ids"":[""OB_FIRST_PANEL_10_ML_ENGINEER_EV_APP0155_FIRST_INTERVIEW_TECHNICAL_ASSESSMENT_M1_SKILL_02"",""OB_FIRST_PANEL_10_HIRING_MANAGER_EV_APP0155_FIRST_INTERVIEW_TECHNICAL_ASSESSMENT_M1_SKILL_02"",""OB_FIRST_PANEL_10_TECHNICAL_REVIEWER_EV_APP0155_FIRST_INTERVIEW_TECHNICAL_ASSESSMENT_M1_SKILL_02""]}",CALIBRATION_PANEL_01,2027-01-15T11:00:00+09:00,SYNTHETIC_HUMAN_SCENARIO,M1_EVIDENCE_RUBRIC_V02
DC_APP0155_M1_SKILL_03_000646,APP0155,C0155,M1_SKILL_03,STRONG,AGREED,"{""difference_types"":[""EVIDENCE_EVOLUTION""],""disputed_evidence_ids"":[],""limited_evidence_ids"":[],""meaningful_conflict_refs"":[],""missing_evidence_ids"":[],""reason"":""동일 Skill의 독립된 직접 관찰로 수행 범위를 확인했다. 다른 맥락의 제한/모호성은 해당 근거의 한계로 보존한다."",""rubric_review"":""직접 관찰의 행동·검증을 검토하며 다른 맥락의 한계와 평가자 차이를 보존한다."",""supporting_observation_ids"":[""OB_REVIEW_ML_01_EV_APP0155_PRE_ASSESSMENT_CODING_TEST_M1_SKILL_03"",""OB_REVIEW_HM_01_EV_APP0155_PRE_ASSESSMENT_CODING_TEST_M1_SKILL_03"",""OB_FIRST_PANEL_10_ML_ENGINEER_EV_APP0155_FIRST_INTERVIEW_AI_CASE_M1_SKILL_03"",""OB_FIRST_PANEL_10_HIRING_MANAGER_EV_APP0155_FIRST_INTERVIEW_AI_CASE_M1_SKILL_03"",""OB_FIRST_PANEL_10_TECHNICAL_REVIEWER_EV_APP0155_FIRST_INTERVIEW_AI_CASE_M1_SKILL_03""]}",CALIBRATION_PANEL_01,2027-01-15T11:00:00+09:00,SYNTHETIC_HUMAN_SCENARIO,M1_EVIDENCE_RUBRIC_V02
DC_APP0155_M1_SKILL_04_000647,APP0155,C0155,M1_SKILL_04,MODERATE,AGREED,"{""difference_types"":[],""disputed_evidence_ids"":[],""limited_evidence_ids"":[],""meaningful_conflict_refs"":[],""missing_evidence_ids"":[],""reason"":""동일 Skill의 독립된 직접 관찰로 수행 범위를 확인했다. 다른 맥락의 제한/모호성은 해당 근거의 한계로 보존한다."",""rubric_review"":""직접 관찰의 행동·검증을 검토하며 다른 맥락의 한계와 평가자 차이를 보존한다."",""supporting_observation_ids"":[""OB_FIRST_PANEL_10_ML_ENGINEER_EV_APP0155_FIRST_INTERVIEW_PRACTITIONER_QA_M1_SKILL_04"",""OB_FIRST_PANEL_10_HIRING_MANAGER_EV_APP0155_FIRST_INTERVIEW_PRACTITIONER_QA_M1_SKILL_04"",""OB_FIRST_PANEL_10_TECHNICAL_REVIEWER_EV_APP0155_FIRST_INTERVIEW_PRACTITIONER_QA_M1_SKILL_04"",""OB_SECOND_INTERVIEW_PANEL_01_ML_ENGINEER_EV_APP0155_SECOND_INTERVIEW_VALUES_BEHAVIOR_INTERVIEW_M1_SKILL_04"",""OB_SECOND_INTERVIEW_PANEL_01_HIRING_MANAGER_EV_APP0155_SECOND_INTERVIEW_VALUES_BEHAVIOR_INTERVIEW_M1_SKILL_04""]}",CALIBRATION_PANEL_01,2027-01-15T11:00:00+09:00,SYNTHETIC_HUMAN_SCENARIO,M1_EVIDENCE_RUBRIC_V02
DC_APP0155_M1_SKILL_05_000648,APP0155,C0155,M1_SKILL_05,MODERATE,AGREED,"{""difference_types"":[],""disputed_evidence_ids"":[],""limited_evidence_ids"":[],""meaningful_conflict_refs"":[],""missing_evidence_ids"":[],""reason"":""동일 Skill의 독립된 직접 관찰로 수행 범위를 확인했다. 다른 맥락의 제한/모호성은 해당 근거의 한계로 보존한다."",""rubric_review"":""직접 관찰의 행동·검증을 검토하며 다른 맥락의 한계와 평가자 차이를 보존한다."",""supporting_observation_ids"":[""OB_FIRST_PANEL_10_ML_ENGINEER_EV_APP0155_FIRST_INTERVIEW_PRACTITIONER_QA_M1_SKILL_05"",""OB_FIRST_PANEL_10_HIRING_MANAGER_EV_APP0155_FIRST_INTERVIEW_PRACTITIONER_QA_M1_SKILL_05"",""OB_FIRST_PANEL_10_TECHNICAL_REVIEWER_EV_APP0155_FIRST_INTERVIEW_PRACTITIONER_QA_M1_SKILL_05"",""OB_SECOND_INTERVIEW_PANEL_01_ML_ENGINEER_EV_APP0155_SECOND_INTERVIEW_VALUES_BEHAVIOR_INTERVIEW_M1_SKILL_05"",""OB_SECOND_INTERVIEW_PANEL_01_HIRING_MANAGER_EV_APP0155_SECOND_INTERVIEW_VALUES_BEHAVIOR_INTERVIEW_M1_SKILL_05""]}",CALIBRATION_PANEL_01,2027-01-15T11:00:00+09:00,SYNTHETIC_HUMAN_SCENARIO,M1_EVIDENCE_RUBRIC_V02
DC_APP0155_M1_SKILL_06_000649,APP0155,C0155,M1_SKILL_06,MODERATE,AGREED,"{""difference_types"":[],""disputed_evidence_ids"":[],""limited_evidence_ids"":[],""meaningful_conflict_refs"":[],""missing_evidence_ids"":[],""reason"":""동일 Skill의 독립된 직접 관찰로 수행 범위를 확인했다. 다른 맥락의 제한/모호성은 해당 근거의 한계로 보존한다."",""rubric_review"":""직접 관찰의 행동·검증을 검토하며 다른 맥락의 한계와 평가자 차이를 보존한다."",""supporting_observation_ids"":[""OB_FIRST_PANEL_10_ML_ENGINEER_EV_APP0155_FIRST_INTERVIEW_PRACTITIONER_QA_M1_SKILL_06"",""OB_FIRST_PANEL_10_HIRING_MANAGER_EV_APP0155_FIRST_INTERVIEW_PRACTITIONER_QA_M1_SKILL_06"",""OB_FIRST_PANEL_10_TECHNICAL_REVIEWER_EV_APP0155_FIRST_INTERVIEW_PRACTITIONER_QA_M1_SKILL_06""]}",CALIBRATION_PANEL_01,2027-01-15T11:00:00+09:00,SYNTHETIC_HUMAN_SCENARIO,M1_EVIDENCE_RUBRIC_V02
DC_APP0155_M1_SKILL_07_000650,APP0155,C0155,M1_SKILL_07,STRONG,AGREED,"{""difference_types"":[],""disputed_evidence_ids"":[],""limited_evidence_ids"":[],""meaningful_conflict_refs"":[],""missing_evidence_ids"":[],""reason"":""동일 Skill의 독립된 직접 관찰로 수행 범위를 확인했다. 다른 맥락의 제한/모호성은 해당 근거의 한계로 보존한다."",""rubric_review"":""직접 관찰의 행동·검증을 검토하며 다른 맥락의 한계와 평가자 차이를 보존한다."",""supporting_observation_ids"":[""OB_FIRST_PANEL_10_ML_ENGINEER_EV_APP0155_FIRST_INTERVIEW_TECHNICAL_ASSESSMENT_M1_SKILL_07"",""OB_FIRST_PANEL_10_HIRING_MANAGER_EV_APP0155_FIRST_INTERVIEW_TECHNICAL_ASSESSMENT_M1_SKILL_07"",""OB_FIRST_PANEL_10_TECHNICAL_REVIEWER_EV_APP0155_FIRST_INTERVIEW_TECHNICAL_ASSESSMENT_M1_SKILL_07""]}",CALIBRATION_PANEL_01,2027-01-15T11:00:00+09:00,SYNTHETIC_HUMAN_SCENARIO,M1_EVIDENCE_RUBRIC_V02
DC_APP0155_M1_SKILL_08_000651,APP0155,C0155,M1_SKILL_08,STRONG,AGREED,"{""difference_types"":[],""disputed_evidence_ids"":[],""limited_evidence_ids"":[],""meaningful_conflict_refs"":[],""missing_evidence_ids"":[],""reason"":""동일 Skill의 독립된 직접 관찰로 수행 범위를 확인했다. 다른 맥락의 제한/모호성은 해당 근거의 한계로 보존한다."",""rubric_review"":""직접 관찰의 행동·검증을 검토하며 다른 맥락의 한계와 평가자 차이를 보존한다."",""supporting_observation_ids"":[""OB_FIRST_PANEL_10_ML_ENGINEER_EV_APP0155_FIRST_INTERVIEW_PRACTITIONER_QA_M1_SKILL_08"",""OB_FIRST_PANEL_10_HIRING_MANAGER_EV_APP0155_FIRST_INTERVIEW_PRACTITIONER_QA_M1_SKILL_08"",""OB_FIRST_PANEL_10_TECHNICAL_REVIEWER_EV_APP0155_FIRST_INTERVIEW_PRACTITIONER_QA_M1_SKILL_08""]}",CALIBRATION_PANEL_01,2027-01-15T11:00:00+09:00,SYNTHETIC_HUMAN_SCENARIO,M1_EVIDENCE_RUBRIC_V02
DC_APP0005_M1_SKILL_01_000652,APP0005,C0005,M1_SKILL_01,MODERATE,AGREED,"{""difference_types"":[""EVIDENCE_EVOLUTION""],""disputed_evidence_ids"":[],""limited_evidence_ids"":[],""meaningful_conflict_refs"":[],""missing_evidence_ids"":[],""reason"":""동일 Skill의 독립된 직접 관찰로 수행 범위를 확인했다. 다른 맥락의 제한/모호성은 해당 근거의 한계로 보존한다."",""rubric_review"":""직접 관찰의 행동·검증을 검토하며 다른 맥락의 한계와 평가자 차이를 보존한다."",""supporting_observation_ids"":[""OB_FIRST_PANEL_02_ML_ENGINEER_EV_APP0005_FIRST_INTERVIEW_TECHNICAL_ASSESSMENT_M1_SKILL_01"",""OB_FIRST_PANEL_02_HIRING_MANAGER_EV_APP0005_FIRST_INTERVIEW_TECHNICAL_ASSESSMENT_M1_SKILL_01"",""OB_FIRST_PANEL_02_TECHNICAL_REVIEWER_EV_APP0005_FIRST_INTERVIEW_TECHNICAL_ASSESSMENT_M1_SKILL_01"",""OB_FIRST_PANEL_02_ML_ENGINEER_EV_APP0005_FIRST_INTERVIEW_AI_CASE_M1_SKILL_01"",""OB_FIRST_PANEL_02_HIRING_MANAGER_EV_APP0005_FIRST_INTERVIEW_AI_CASE_M1_SKILL_01"",""OB_FIRST_PANEL_02_TECHNICAL_REVIEWER_EV_APP0005_FIRST_INTERVIEW_AI_CASE_M1_SKILL_01""]}",CALIBRATION_PANEL_01,2027-01-13T11:30:00+09:00,SYNTHETIC_HUMAN_SCENARIO,M1_EVIDENCE_RUBRIC_V02
DC_APP0005_M1_SKILL_02_000653,APP0005,C0005,M1_SKILL_02,MODERATE,AGREED,"{""difference_types"":[],""disputed_evidence_ids"":[],""limited_evidence_ids"":[],""meaningful_conflict_refs"":[],""missing_evidence_ids"":[],""reason"":""동일 Skill의 독립된 직접 관찰로 수행 범위를 확인했다. 다른 맥락의 제한/모호성은 해당 근거의 한계로 보존한다."",""rubric_review"":""직접 관찰의 행동·검증을 검토하며 다른 맥락의 한계와 평가자 차이를 보존한다."",""supporting_observation_ids"":[""OB_FIRST_PANEL_02_ML_ENGINEER_EV_APP0005_FIRST_INTERVIEW_TECHNICAL_ASSESSMENT_M1_SKILL_02"",""OB_FIRST_PANEL_02_HIRING_MANAGER_EV_APP0005_FIRST_INTERVIEW_TECHNICAL_ASSESSMENT_M1_SKILL_02"",""OB_FIRST_PANEL_02_TECHNICAL_REVIEWER_EV_APP0005_FIRST_INTERVIEW_TECHNICAL_ASSESSMENT_M1_SKILL_02""]}",CALIBRATION_PANEL_01,2027-01-13T11:30:00+09:00,SYNTHETIC_HUMAN_SCENARIO,M1_EVIDENCE_RUBRIC_V02
DC_APP0005_M1_SKILL_03_000654,APP0005,C0005,M1_SKILL_03,STRONG,AGREED,"{""difference_types"":[""EVIDENCE_EVOLUTION""],""disputed_evidence_ids"":[],""limited_evidence_ids"":[],""meaningful_conflict_refs"":[],""missing_evidence_ids"":[],""reason"":""동일 Skill의 독립된 직접 관찰로 수행 범위를 확인했다. 다른 맥락의 제한/모호성은 해당 근거의 한계로 보존한다."",""rubric_review"":""직접 관찰의 행동·검증을 검토하며 다른 맥락의 한계와 평가자 차이를 보존한다."",""supporting_observation_ids"":[""OB_REVIEW_ML_01_EV_APP0005_PRE_ASSESSMENT_CODING_TEST_M1_SKILL_03"",""OB_REVIEW_HM_01_EV_APP0005_PRE_ASSESSMENT_CODING_TEST_M1_SKILL_03"",""OB_FIRST_PANEL_02_ML_ENGINEER_EV_APP0005_FIRST_INTERVIEW_AI_CASE_M1_SKILL_03"",""OB_FIRST_PANEL_02_HIRING_MANAGER_EV_APP0005_FIRST_INTERVIEW_AI_CASE_M1_SKILL_03"",""OB_FIRST_PANEL_02_TECHNICAL_REVIEWER_EV_APP0005_FIRST_INTERVIEW_AI_CASE_M1_SKILL_03""]}",CALIBRATION_PANEL_01,2027-01-13T11:30:00+09:00,SYNTHETIC_HUMAN_SCENARIO,M1_EVIDENCE_RUBRIC_V02
DC_APP0005_M1_SKILL_04_000655,APP0005,C0005,M1_SKILL_04,,INSUFFICIENT_EVIDENCE,"{""difference_types"":[],""disputed_evidence_ids"":[],""limited_evidence_ids"":[],""meaningful_conflict_refs"":[],""missing_evidence_ids"":[""EV_APP0005_FIRST_INTERVIEW_PRACTITIONER_QA_M1_SKILL_04"",""EV_APP0005_SECOND_INTERVIEW_VALUES_BEHAVIOR_INTERVIEW_M1_SKILL_04""],""reason"":""직접 판단 근거 부족. 미관찰을 역량 부재로 해석하지 않는다."",""rubric_review"":""직접 관찰의 행동·검증을 검토하며 다른 맥락의 한계와 평가자 차이를 보존한다."",""supporting_observation_ids"":[]}",CALIBRATION_PANEL_01,2027-01-13T11:30:00+09:00,SYNTHETIC_HUMAN_SCENARIO,M1_EVIDENCE_RUBRIC_V02
DC_APP0005_M1_SKILL_05_000656,APP0005,C0005,M1_SKILL_05,MODERATE,AGREED,"{""difference_types"":[""EVIDENCE_EVOLUTION"",""CONTEXT_DIFFERENCE""],""disputed_evidence_ids"":[],""limited_evidence_ids"":[""EV_APP0005_FIRST_INTERVIEW_PRACTITIONER_QA_M1_SKILL_05""],""meaningful_conflict_refs"":[],""missing_evidence_ids"":[],""reason"":""동일 Skill의 독립된 직접 관찰로 수행 범위를 확인했다. 다른 맥락의 제한/모호성은 해당 근거의 한계로 보존한다."",""rubric_review"":""직접 관찰의 행동·검증을 검토하며 다른 맥락의 한계와 평가자 차이를 보존한다."",""supporting_observation_ids"":[""OB_SECOND_INTERVIEW_PANEL_01_ML_ENGINEER_EV_APP0005_SECOND_INTERVIEW_VALUES_BEHAVIOR_INTERVIEW_M1_SKILL_05"",""OB_SECOND_INTERVIEW_PANEL_01_HIRING_MANAGER_EV_APP0005_SECOND_INTERVIEW_VALUES_BEHAVIOR_INTERVIEW_M1_SKILL_05""]}",CALIBRATION_PANEL_01,2027-01-13T11:30:00+09:00,SYNTHETIC_HUMAN_SCENARIO,M1_EVIDENCE_RUBRIC_V02
DC_APP0005_M1_SKILL_06_000657,APP0005,C0005,M1_SKILL_06,MODERATE,AGREED,"{""difference_types"":[],""disputed_evidence_ids"":[],""limited_evidence_ids"":[],""meaningful_conflict_refs"":[],""missing_evidence_ids"":[],""reason"":""동일 Skill의 독립된 직접 관찰로 수행 범위를 확인했다. 다른 맥락의 제한/모호성은 해당 근거의 한계로 보존한다."",""rubric_review"":""직접 관찰의 행동·검증을 검토하며 다른 맥락의 한계와 평가자 차이를 보존한다."",""supporting_observation_ids"":[""OB_FIRST_PANEL_02_ML_ENGINEER_EV_APP0005_FIRST_INTERVIEW_PRACTITIONER_QA_M1_SKILL_06"",""OB_FIRST_PANEL_02_HIRING_MANAGER_EV_APP0005_FIRST_INTERVIEW_PRACTITIONER_QA_M1_SKILL_06"",""OB_FIRST_PANEL_02_TECHNICAL_REVIEWER_EV_APP0005_FIRST_INTERVIEW_PRACTITIONER_QA_M1_SKILL_06""]}",CALIBRATION_PANEL_01,2027-01-13T11:30:00+09:00,SYNTHETIC_HUMAN_SCENARIO,M1_EVIDENCE_RUBRIC_V02
DC_APP0005_M1_SKILL_07_000658,APP0005,C0005,M1_SKILL_07,LIMITED,AGREED,"{""difference_types"":[],""disputed_evidence_ids"":[],""limited_evidence_ids"":[""EV_APP0005_FIRST_INTERVIEW_TECHNICAL_ASSESSMENT_M1_SKILL_07""],""meaningful_conflict_refs"":[],""missing_evidence_ids"":[],""reason"":""관찰된 직접 근거의 범위가 제한적이다. 자기기술만으로 보완하지 않는다."",""rubric_review"":""직접 관찰의 행동·검증을 검토하며 다른 맥락의 한계와 평가자 차이를 보존한다."",""supporting_observation_ids"":[""OB_FIRST_PANEL_02_ML_ENGINEER_EV_APP0005_FIRST_INTERVIEW_TECHNICAL_ASSESSMENT_M1_SKILL_07"",""OB_FIRST_PANEL_02_HIRING_MANAGER_EV_APP0005_FIRST_INTERVIEW_TECHNICAL_ASSESSMENT_M1_SKILL_07"",""OB_FIRST_PANEL_02_TECHNICAL_REVIEWER_EV_APP0005_FIRST_INTERVIEW_TECHNICAL_ASSESSMENT_M1_SKILL_07""]}",CALIBRATION_PANEL_01,2027-01-13T11:30:00+09:00,SYNTHETIC_HUMAN_SCENARIO,M1_EVIDENCE_RUBRIC_V02
DC_APP0005_M1_SKILL_08_000659,APP0005,C0005,M1_SKILL_08,,DISAGREEMENT_REMAINS,"{""difference_types"":[""EVALUATOR_DISAGREEMENT""],""disputed_evidence_ids"":[""EV_APP0005_FIRST_INTERVIEW_PRACTITIONER_QA_M1_SKILL_08""],""limited_evidence_ids"":[],""meaningful_conflict_refs"":[],""missing_evidence_ids"":[],""reason"":""동일 근거에 대한 평가자 해석 차이를 해소할 직접 관찰이 부족하다."",""rubric_review"":""직접 관찰의 행동·검증을 검토하며 다른 맥락의 한계와 평가자 차이를 보존한다."",""supporting_observation_ids"":[]}",CALIBRATION_PANEL_01,2027-01-13T11:30:00+09:00,SYNTHETIC_HUMAN_SCENARIO,M1_EVIDENCE_RUBRIC_V02
DC_APP0005_M1_SKILL_01_000660,APP0005,C0005,M1_SKILL_01,MODERATE,AGREED,"{""difference_types"":[""EVIDENCE_EVOLUTION""],""disputed_evidence_ids"":[],""limited_evidence_ids"":[],""meaningful_conflict_refs"":[],""missing_evidence_ids"":[],""reason"":""동일 Skill의 독립된 직접 관찰로 수행 범위를 확인했다. 다른 맥락의 제한/모호성은 해당 근거의 한계로 보존한다."",""rubric_review"":""직접 관찰의 행동·검증을 검토하며 다른 맥락의 한계와 평가자 차이를 보존한다."",""supporting_observation_ids"":[""OB_FIRST_PANEL_02_ML_ENGINEER_EV_APP0005_FIRST_INTERVIEW_TECHNICAL_ASSESSMENT_M1_SKILL_01"",""OB_FIRST_PANEL_02_HIRING_MANAGER_EV_APP0005_FIRST_INTERVIEW_TECHNICAL_ASSESSMENT_M1_SKILL_01"",""OB_FIRST_PANEL_02_TECHNICAL_REVIEWER_EV_APP0005_FIRST_INTERVIEW_TECHNICAL_ASSESSMENT_M1_SKILL_01"",""OB_FIRST_PANEL_02_ML_ENGINEER_EV_APP0005_FIRST_INTERVIEW_AI_CASE_M1_SKILL_01"",""OB_FIRST_PANEL_02_HIRING_MANAGER_EV_APP0005_FIRST_INTERVIEW_AI_CASE_M1_SKILL_01"",""OB_FIRST_PANEL_02_TECHNICAL_REVIEWER_EV_APP0005_FIRST_INTERVIEW_AI_CASE_M1_SKILL_01""]}",CALIBRATION_PANEL_01,2027-01-21T12:20:00+09:00,SYNTHETIC_HUMAN_SCENARIO,M1_EVIDENCE_RUBRIC_V02
DC_APP0005_M1_SKILL_02_000661,APP0005,C0005,M1_SKILL_02,MODERATE,AGREED,"{""difference_types"":[],""disputed_evidence_ids"":[],""limited_evidence_ids"":[],""meaningful_conflict_refs"":[],""missing_evidence_ids"":[],""reason"":""동일 Skill의 독립된 직접 관찰로 수행 범위를 확인했다. 다른 맥락의 제한/모호성은 해당 근거의 한계로 보존한다."",""rubric_review"":""직접 관찰의 행동·검증을 검토하며 다른 맥락의 한계와 평가자 차이를 보존한다."",""supporting_observation_ids"":[""OB_FIRST_PANEL_02_ML_ENGINEER_EV_APP0005_FIRST_INTERVIEW_TECHNICAL_ASSESSMENT_M1_SKILL_02"",""OB_FIRST_PANEL_02_HIRING_MANAGER_EV_APP0005_FIRST_INTERVIEW_TECHNICAL_ASSESSMENT_M1_SKILL_02"",""OB_FIRST_PANEL_02_TECHNICAL_REVIEWER_EV_APP0005_FIRST_INTERVIEW_TECHNICAL_ASSESSMENT_M1_SKILL_02""]}",CALIBRATION_PANEL_01,2027-01-21T12:20:00+09:00,SYNTHETIC_HUMAN_SCENARIO,M1_EVIDENCE_RUBRIC_V02
DC_APP0005_M1_SKILL_03_000662,APP0005,C0005,M1_SKILL_03,STRONG,AGREED,"{""difference_types"":[""EVIDENCE_EVOLUTION""],""disputed_evidence_ids"":[],""limited_evidence_ids"":[],""meaningful_conflict_refs"":[],""missing_evidence_ids"":[],""reason"":""동일 Skill의 독립된 직접 관찰로 수행 범위를 확인했다. 다른 맥락의 제한/모호성은 해당 근거의 한계로 보존한다."",""rubric_review"":""직접 관찰의 행동·검증을 검토하며 다른 맥락의 한계와 평가자 차이를 보존한다."",""supporting_observation_ids"":[""OB_REVIEW_ML_01_EV_APP0005_PRE_ASSESSMENT_CODING_TEST_M1_SKILL_03"",""OB_REVIEW_HM_01_EV_APP0005_PRE_ASSESSMENT_CODING_TEST_M1_SKILL_03"",""OB_FIRST_PANEL_02_ML_ENGINEER_EV_APP0005_FIRST_INTERVIEW_AI_CASE_M1_SKILL_03"",""OB_FIRST_PANEL_02_HIRING_MANAGER_EV_APP0005_FIRST_INTERVIEW_AI_CASE_M1_SKILL_03"",""OB_FIRST_PANEL_02_TECHNICAL_REVIEWER_EV_APP0005_FIRST_INTERVIEW_AI_CASE_M1_SKILL_03""]}",CALIBRATION_PANEL_01,2027-01-21T12:20:00+09:00,SYNTHETIC_HUMAN_SCENARIO,M1_EVIDENCE_RUBRIC_V02
DC_APP0005_M1_SKILL_04_000663,APP0005,C0005,M1_SKILL_04,LIMITED,AGREED,"{""difference_types"":[],""disputed_evidence_ids"":[],""limited_evidence_ids"":[""EV_APP0005_FINAL_REVIEW_FOCUSED_FOLLOW_UP_M1_SKILL_04""],""meaningful_conflict_refs"":[],""missing_evidence_ids"":[""EV_APP0005_FIRST_INTERVIEW_PRACTITIONER_QA_M1_SKILL_04"",""EV_APP0005_SECOND_INTERVIEW_VALUES_BEHAVIOR_INTERVIEW_M1_SKILL_04""],""reason"":""관찰된 직접 근거의 범위가 제한적이다. 자기기술만으로 보완하지 않는다."",""rubric_review"":""직접 관찰의 행동·검증을 검토하며 다른 맥락의 한계와 평가자 차이를 보존한다."",""supporting_observation_ids"":[""OB_FINAL_REVIEW_PANEL_01_ML_ENGINEER_EV_APP0005_FINAL_REVIEW_FOCUSED_FOLLOW_UP_M1_SKILL_04"",""OB_FINAL_REVIEW_PANEL_01_HIRING_MANAGER_EV_APP0005_FINAL_REVIEW_FOCUSED_FOLLOW_UP_M1_SKILL_04""]}",CALIBRATION_PANEL_01,2027-01-21T12:20:00+09:00,SYNTHETIC_HUMAN_SCENARIO,M1_EVIDENCE_RUBRIC_V02
DC_APP0005_M1_SKILL_05_000664,APP0005,C0005,M1_SKILL_05,MODERATE,AGREED,"{""difference_types"":[""EVIDENCE_EVOLUTION"",""CONTEXT_DIFFERENCE""],""disputed_evidence_ids"":[],""limited_evidence_ids"":[""EV_APP0005_FIRST_INTERVIEW_PRACTITIONER_QA_M1_SKILL_05""],""meaningful_conflict_refs"":[],""missing_evidence_ids"":[],""reason"":""동일 Skill의 독립된 직접 관찰로 수행 범위를 확인했다. 다른 맥락의 제한/모호성은 해당 근거의 한계로 보존한다."",""rubric_review"":""직접 관찰의 행동·검증을 검토하며 다른 맥락의 한계와 평가자 차이를 보존한다."",""supporting_observation_ids"":[""OB_SECOND_INTERVIEW_PANEL_01_ML_ENGINEER_EV_APP0005_SECOND_INTERVIEW_VALUES_BEHAVIOR_INTERVIEW_M1_SKILL_05"",""OB_SECOND_INTERVIEW_PANEL_01_HIRING_MANAGER_EV_APP0005_SECOND_INTERVIEW_VALUES_BEHAVIOR_INTERVIEW_M1_SKILL_05""]}",CALIBRATION_PANEL_01,2027-01-21T12:20:00+09:00,SYNTHETIC_HUMAN_SCENARIO,M1_EVIDENCE_RUBRIC_V02
DC_APP0005_M1_SKILL_06_000665,APP0005,C0005,M1_SKILL_06,MODERATE,AGREED,"{""difference_types"":[],""disputed_evidence_ids"":[],""limited_evidence_ids"":[],""meaningful_conflict_refs"":[],""missing_evidence_ids"":[],""reason"":""동일 Skill의 독립된 직접 관찰로 수행 범위를 확인했다. 다른 맥락의 제한/모호성은 해당 근거의 한계로 보존한다."",""rubric_review"":""직접 관찰의 행동·검증을 검토하며 다른 맥락의 한계와 평가자 차이를 보존한다."",""supporting_observation_ids"":[""OB_FIRST_PANEL_02_ML_ENGINEER_EV_APP0005_FIRST_INTERVIEW_PRACTITIONER_QA_M1_SKILL_06"",""OB_FIRST_PANEL_02_HIRING_MANAGER_EV_APP0005_FIRST_INTERVIEW_PRACTITIONER_QA_M1_SKILL_06"",""OB_FIRST_PANEL_02_TECHNICAL_REVIEWER_EV_APP0005_FIRST_INTERVIEW_PRACTITIONER_QA_M1_SKILL_06""]}",CALIBRATION_PANEL_01,2027-01-21T12:20:00+09:00,SYNTHETIC_HUMAN_SCENARIO,M1_EVIDENCE_RUBRIC_V02
DC_APP0005_M1_SKILL_07_000666,APP0005,C0005,M1_SKILL_07,LIMITED,AGREED,"{""difference_types"":[],""disputed_evidence_ids"":[],""limited_evidence_ids"":[""EV_APP0005_FIRST_INTERVIEW_TECHNICAL_ASSESSMENT_M1_SKILL_07""],""meaningful_conflict_refs"":[],""missing_evidence_ids"":[],""reason"":""관찰된 직접 근거의 범위가 제한적이다. 자기기술만으로 보완하지 않는다."",""rubric_review"":""직접 관찰의 행동·검증을 검토하며 다른 맥락의 한계와 평가자 차이를 보존한다."",""supporting_observation_ids"":[""OB_FIRST_PANEL_02_ML_ENGINEER_EV_APP0005_FIRST_INTERVIEW_TECHNICAL_ASSESSMENT_M1_SKILL_07"",""OB_FIRST_PANEL_02_HIRING_MANAGER_EV_APP0005_FIRST_INTERVIEW_TECHNICAL_ASSESSMENT_M1_SKILL_07"",""OB_FIRST_PANEL_02_TECHNICAL_REVIEWER_EV_APP0005_FIRST_INTERVIEW_TECHNICAL_ASSESSMENT_M1_SKILL_07""]}",CALIBRATION_PANEL_01,2027-01-21T12:20:00+09:00,SYNTHETIC_HUMAN_SCENARIO,M1_EVIDENCE_RUBRIC_V02
DC_APP0005_M1_SKILL_08_000667,APP0005,C0005,M1_SKILL_08,,DISAGREEMENT_REMAINS,"{""difference_types"":[""EVALUATOR_DISAGREEMENT""],""disputed_evidence_ids"":[""EV_APP0005_FIRST_INTERVIEW_PRACTITIONER_QA_M1_SKILL_08""],""limited_evidence_ids"":[],""meaningful_conflict_refs"":[],""missing_evidence_ids"":[],""reason"":""동일 근거에 대한 평가자 해석 차이를 해소할 직접 관찰이 부족하다."",""rubric_review"":""직접 관찰의 행동·검증을 검토하며 다른 맥락의 한계와 평가자 차이를 보존한다."",""supporting_observation_ids"":[]}",CALIBRATION_PANEL_01,2027-01-21T12:20:00+09:00,SYNTHETIC_HUMAN_SCENARIO,M1_EVIDENCE_RUBRIC_V02
DC_APP0082_M1_SKILL_01_000668,APP0082,C0082,M1_SKILL_01,MODERATE,AGREED,"{""difference_types"":[""EVIDENCE_EVOLUTION"",""CONTEXT_DIFFERENCE""],""disputed_evidence_ids"":[],""limited_evidence_ids"":[""EV_APP0082_FIRST_INTERVIEW_TECHNICAL_ASSESSMENT_M1_SKILL_01""],""meaningful_conflict_refs"":[],""missing_evidence_ids"":[],""reason"":""동일 Skill의 독립된 직접 관찰로 수행 범위를 확인했다. 다른 맥락의 제한/모호성은 해당 근거의 한계로 보존한다."",""rubric_review"":""직접 관찰의 행동·검증을 검토하며 다른 맥락의 한계와 평가자 차이를 보존한다."",""supporting_observation_ids"":[""OB_FIRST_PANEL_06_ML_ENGINEER_EV_APP0082_FIRST_INTERVIEW_AI_CASE_M1_SKILL_01"",""OB_FIRST_PANEL_06_HIRING_MANAGER_EV_APP0082_FIRST_INTERVIEW_AI_CASE_M1_SKILL_01"",""OB_FIRST_PANEL_06_TECHNICAL_REVIEWER_EV_APP0082_FIRST_INTERVIEW_AI_CASE_M1_SKILL_01""]}",CALIBRATION_PANEL_01,2027-01-18T11:40:00+09:00,SYNTHETIC_HUMAN_SCENARIO,M1_EVIDENCE_RUBRIC_V02
DC_APP0082_M1_SKILL_02_000669,APP0082,C0082,M1_SKILL_02,MODERATE,AGREED,"{""difference_types"":[],""disputed_evidence_ids"":[],""limited_evidence_ids"":[],""meaningful_conflict_refs"":[],""missing_evidence_ids"":[],""reason"":""동일 Skill의 독립된 직접 관찰로 수행 범위를 확인했다. 다른 맥락의 제한/모호성은 해당 근거의 한계로 보존한다."",""rubric_review"":""직접 관찰의 행동·검증을 검토하며 다른 맥락의 한계와 평가자 차이를 보존한다."",""supporting_observation_ids"":[""OB_FIRST_PANEL_06_ML_ENGINEER_EV_APP0082_FIRST_INTERVIEW_TECHNICAL_ASSESSMENT_M1_SKILL_02"",""OB_FIRST_PANEL_06_HIRING_MANAGER_EV_APP0082_FIRST_INTERVIEW_TECHNICAL_ASSESSMENT_M1_SKILL_02"",""OB_FIRST_PANEL_06_TECHNICAL_REVIEWER_EV_APP0082_FIRST_INTERVIEW_TECHNICAL_ASSESSMENT_M1_SKILL_02""]}",CALIBRATION_PANEL_01,2027-01-18T11:40:00+09:00,SYNTHETIC_HUMAN_SCENARIO,M1_EVIDENCE_RUBRIC_V02
DC_APP0082_M1_SKILL_03_000670,APP0082,C0082,M1_SKILL_03,MODERATE,AGREED,"{""difference_types"":[""EVIDENCE_EVOLUTION""],""disputed_evidence_ids"":[],""limited_evidence_ids"":[],""meaningful_conflict_refs"":[],""missing_evidence_ids"":[],""reason"":""동일 Skill의 독립된 직접 관찰로 수행 범위를 확인했다. 다른 맥락의 제한/모호성은 해당 근거의 한계로 보존한다."",""rubric_review"":""직접 관찰의 행동·검증을 검토하며 다른 맥락의 한계와 평가자 차이를 보존한다."",""supporting_observation_ids"":[""OB_REVIEW_ML_01_EV_APP0082_PRE_ASSESSMENT_CODING_TEST_M1_SKILL_03"",""OB_REVIEW_HM_01_EV_APP0082_PRE_ASSESSMENT_CODING_TEST_M1_SKILL_03"",""OB_FIRST_PANEL_06_ML_ENGINEER_EV_APP0082_FIRST_INTERVIEW_AI_CASE_M1_SKILL_03"",""OB_FIRST_PANEL_06_HIRING_MANAGER_EV_APP0082_FIRST_INTERVIEW_AI_CASE_M1_SKILL_03"",""OB_FIRST_PANEL_06_TECHNICAL_REVIEWER_EV_APP0082_FIRST_INTERVIEW_AI_CASE_M1_SKILL_03""]}",CALIBRATION_PANEL_01,2027-01-18T11:40:00+09:00,SYNTHETIC_HUMAN_SCENARIO,M1_EVIDENCE_RUBRIC_V02
DC_APP0082_M1_SKILL_04_000671,APP0082,C0082,M1_SKILL_04,MODERATE,AGREED,"{""difference_types"":[],""disputed_evidence_ids"":[],""limited_evidence_ids"":[],""meaningful_conflict_refs"":[],""missing_evidence_ids"":[],""reason"":""동일 Skill의 독립된 직접 관찰로 수행 범위를 확인했다. 다른 맥락의 제한/모호성은 해당 근거의 한계로 보존한다."",""rubric_review"":""직접 관찰의 행동·검증을 검토하며 다른 맥락의 한계와 평가자 차이를 보존한다."",""supporting_observation_ids"":[""OB_FIRST_PANEL_06_ML_ENGINEER_EV_APP0082_FIRST_INTERVIEW_PRACTITIONER_QA_M1_SKILL_04"",""OB_FIRST_PANEL_06_HIRING_MANAGER_EV_APP0082_FIRST_INTERVIEW_PRACTITIONER_QA_M1_SKILL_04"",""OB_FIRST_PANEL_06_TECHNICAL_REVIEWER_EV_APP0082_FIRST_INTERVIEW_PRACTITIONER_QA_M1_SKILL_04"",""OB_SECOND_INTERVIEW_PANEL_01_ML_ENGINEER_EV_APP0082_SECOND_INTERVIEW_VALUES_BEHAVIOR_INTERVIEW_M1_SKILL_04"",""OB_SECOND_INTERVIEW_PANEL_01_HIRING_MANAGER_EV_APP0082_SECOND_INTERVIEW_VALUES_BEHAVIOR_INTERVIEW_M1_SKILL_04""]}",CALIBRATION_PANEL_01,2027-01-18T11:40:00+09:00,SYNTHETIC_HUMAN_SCENARIO,M1_EVIDENCE_RUBRIC_V02
DC_APP0082_M1_SKILL_05_000672,APP0082,C0082,M1_SKILL_05,MODERATE,AGREED,"{""difference_types"":[],""disputed_evidence_ids"":[],""limited_evidence_ids"":[],""meaningful_conflict_refs"":[],""missing_evidence_ids"":[],""reason"":""동일 Skill의 독립된 직접 관찰로 수행 범위를 확인했다. 다른 맥락의 제한/모호성은 해당 근거의 한계로 보존한다."",""rubric_review"":""직접 관찰의 행동·검증을 검토하며 다른 맥락의 한계와 평가자 차이를 보존한다."",""supporting_observation_ids"":[""OB_FIRST_PANEL_06_ML_ENGINEER_EV_APP0082_FIRST_INTERVIEW_PRACTITIONER_QA_M1_SKILL_05"",""OB_FIRST_PANEL_06_HIRING_MANAGER_EV_APP0082_FIRST_INTERVIEW_PRACTITIONER_QA_M1_SKILL_05"",""OB_FIRST_PANEL_06_TECHNICAL_REVIEWER_EV_APP0082_FIRST_INTERVIEW_PRACTITIONER_QA_M1_SKILL_05"",""OB_SECOND_INTERVIEW_PANEL_01_ML_ENGINEER_EV_APP0082_SECOND_INTERVIEW_VALUES_BEHAVIOR_INTERVIEW_M1_SKILL_05"",""OB_SECOND_INTERVIEW_PANEL_01_HIRING_MANAGER_EV_APP0082_SECOND_INTERVIEW_VALUES_BEHAVIOR_INTERVIEW_M1_SKILL_05""]}",CALIBRATION_PANEL_01,2027-01-18T11:40:00+09:00,SYNTHETIC_HUMAN_SCENARIO,M1_EVIDENCE_RUBRIC_V02
DC_APP0082_M1_SKILL_06_000673,APP0082,C0082,M1_SKILL_06,STRONG,AGREED,"{""difference_types"":[],""disputed_evidence_ids"":[],""limited_evidence_ids"":[],""meaningful_conflict_refs"":[],""missing_evidence_ids"":[],""reason"":""동일 Skill의 독립된 직접 관찰로 수행 범위를 확인했다. 다른 맥락의 제한/모호성은 해당 근거의 한계로 보존한다."",""rubric_review"":""직접 관찰의 행동·검증을 검토하며 다른 맥락의 한계와 평가자 차이를 보존한다."",""supporting_observation_ids"":[""OB_FIRST_PANEL_06_ML_ENGINEER_EV_APP0082_FIRST_INTERVIEW_PRACTITIONER_QA_M1_SKILL_06"",""OB_FIRST_PANEL_06_HIRING_MANAGER_EV_APP0082_FIRST_INTERVIEW_PRACTITIONER_QA_M1_SKILL_06"",""OB_FIRST_PANEL_06_TECHNICAL_REVIEWER_EV_APP0082_FIRST_INTERVIEW_PRACTITIONER_QA_M1_SKILL_06""]}",CALIBRATION_PANEL_01,2027-01-18T11:40:00+09:00,SYNTHETIC_HUMAN_SCENARIO,M1_EVIDENCE_RUBRIC_V02
DC_APP0082_M1_SKILL_07_000674,APP0082,C0082,M1_SKILL_07,MODERATE,AGREED,"{""difference_types"":[],""disputed_evidence_ids"":[],""limited_evidence_ids"":[],""meaningful_conflict_refs"":[],""missing_evidence_ids"":[],""reason"":""동일 Skill의 독립된 직접 관찰로 수행 범위를 확인했다. 다른 맥락의 제한/모호성은 해당 근거의 한계로 보존한다."",""rubric_review"":""직접 관찰의 행동·검증을 검토하며 다른 맥락의 한계와 평가자 차이를 보존한다."",""supporting_observation_ids"":[""OB_FIRST_PANEL_06_ML_ENGINEER_EV_APP0082_FIRST_INTERVIEW_TECHNICAL_ASSESSMENT_M1_SKILL_07"",""OB_FIRST_PANEL_06_HIRING_MANAGER_EV_APP0082_FIRST_INTERVIEW_TECHNICAL_ASSESSMENT_M1_SKILL_07"",""OB_FIRST_PANEL_06_TECHNICAL_REVIEWER_EV_APP0082_FIRST_INTERVIEW_TECHNICAL_ASSESSMENT_M1_SKILL_07""]}",CALIBRATION_PANEL_01,2027-01-18T11:40:00+09:00,SYNTHETIC_HUMAN_SCENARIO,M1_EVIDENCE_RUBRIC_V02
DC_APP0082_M1_SKILL_08_000675,APP0082,C0082,M1_SKILL_08,STRONG,AGREED,"{""difference_types"":[],""disputed_evidence_ids"":[],""limited_evidence_ids"":[],""meaningful_conflict_refs"":[],""missing_evidence_ids"":[],""reason"":""동일 Skill의 독립된 직접 관찰로 수행 범위를 확인했다. 다른 맥락의 제한/모호성은 해당 근거의 한계로 보존한다."",""rubric_review"":""직접 관찰의 행동·검증을 검토하며 다른 맥락의 한계와 평가자 차이를 보존한다."",""supporting_observation_ids"":[""OB_FIRST_PANEL_06_ML_ENGINEER_EV_APP0082_FIRST_INTERVIEW_PRACTITIONER_QA_M1_SKILL_08"",""OB_FIRST_PANEL_06_HIRING_MANAGER_EV_APP0082_FIRST_INTERVIEW_PRACTITIONER_QA_M1_SKILL_08"",""OB_FIRST_PANEL_06_TECHNICAL_REVIEWER_EV_APP0082_FIRST_INTERVIEW_PRACTITIONER_QA_M1_SKILL_08""]}",CALIBRATION_PANEL_01,2027-01-18T11:40:00+09:00,SYNTHETIC_HUMAN_SCENARIO,M1_EVIDENCE_RUBRIC_V02
DC_APP0181_M1_SKILL_01_000676,APP0181,C0181,M1_SKILL_01,MODERATE,AGREED,"{""difference_types"":[""EVIDENCE_EVOLUTION""],""disputed_evidence_ids"":[],""limited_evidence_ids"":[],""meaningful_conflict_refs"":[],""missing_evidence_ids"":[""EV_APP0181_FIRST_INTERVIEW_TECHNICAL_ASSESSMENT_M1_SKILL_01""],""reason"":""동일 Skill의 독립된 직접 관찰로 수행 범위를 확인했다. 다른 맥락의 제한/모호성은 해당 근거의 한계로 보존한다."",""rubric_review"":""직접 관찰의 행동·검증을 검토하며 다른 맥락의 한계와 평가자 차이를 보존한다."",""supporting_observation_ids"":[""OB_FIRST_PANEL_04_ML_ENGINEER_EV_APP0181_FIRST_INTERVIEW_AI_CASE_M1_SKILL_01"",""OB_FIRST_PANEL_04_HIRING_MANAGER_EV_APP0181_FIRST_INTERVIEW_AI_CASE_M1_SKILL_01"",""OB_FIRST_PANEL_04_TECHNICAL_REVIEWER_EV_APP0181_FIRST_INTERVIEW_AI_CASE_M1_SKILL_01""]}",CALIBRATION_PANEL_01,2027-01-22T11:05:00+09:00,SYNTHETIC_HUMAN_SCENARIO,M1_EVIDENCE_RUBRIC_V02
DC_APP0181_M1_SKILL_02_000677,APP0181,C0181,M1_SKILL_02,MODERATE,AGREED,"{""difference_types"":[],""disputed_evidence_ids"":[],""limited_evidence_ids"":[],""meaningful_conflict_refs"":[],""missing_evidence_ids"":[],""reason"":""동일 Skill의 독립된 직접 관찰로 수행 범위를 확인했다. 다른 맥락의 제한/모호성은 해당 근거의 한계로 보존한다."",""rubric_review"":""직접 관찰의 행동·검증을 검토하며 다른 맥락의 한계와 평가자 차이를 보존한다."",""supporting_observation_ids"":[""OB_FIRST_PANEL_04_ML_ENGINEER_EV_APP0181_FIRST_INTERVIEW_TECHNICAL_ASSESSMENT_M1_SKILL_02"",""OB_FIRST_PANEL_04_HIRING_MANAGER_EV_APP0181_FIRST_INTERVIEW_TECHNICAL_ASSESSMENT_M1_SKILL_02"",""OB_FIRST_PANEL_04_TECHNICAL_REVIEWER_EV_APP0181_FIRST_INTERVIEW_TECHNICAL_ASSESSMENT_M1_SKILL_02""]}",CALIBRATION_PANEL_01,2027-01-22T11:05:00+09:00,SYNTHETIC_HUMAN_SCENARIO,M1_EVIDENCE_RUBRIC_V02
DC_APP0181_M1_SKILL_03_000678,APP0181,C0181,M1_SKILL_03,MODERATE,AGREED,"{""difference_types"":[""EVIDENCE_EVOLUTION""],""disputed_evidence_ids"":[],""limited_evidence_ids"":[],""meaningful_conflict_refs"":[],""missing_evidence_ids"":[],""reason"":""동일 Skill의 독립된 직접 관찰로 수행 범위를 확인했다. 다른 맥락의 제한/모호성은 해당 근거의 한계로 보존한다."",""rubric_review"":""직접 관찰의 행동·검증을 검토하며 다른 맥락의 한계와 평가자 차이를 보존한다."",""supporting_observation_ids"":[""OB_REVIEW_ML_01_EV_APP0181_PRE_ASSESSMENT_CODING_TEST_M1_SKILL_03"",""OB_REVIEW_HM_01_EV_APP0181_PRE_ASSESSMENT_CODING_TEST_M1_SKILL_03"",""OB_FIRST_PANEL_04_ML_ENGINEER_EV_APP0181_FIRST_INTERVIEW_AI_CASE_M1_SKILL_03"",""OB_FIRST_PANEL_04_HIRING_MANAGER_EV_APP0181_FIRST_INTERVIEW_AI_CASE_M1_SKILL_03"",""OB_FIRST_PANEL_04_TECHNICAL_REVIEWER_EV_APP0181_FIRST_INTERVIEW_AI_CASE_M1_SKILL_03""]}",CALIBRATION_PANEL_01,2027-01-22T11:05:00+09:00,SYNTHETIC_HUMAN_SCENARIO,M1_EVIDENCE_RUBRIC_V02
DC_APP0181_M1_SKILL_04_000679,APP0181,C0181,M1_SKILL_04,STRONG,AGREED,"{""difference_types"":[],""disputed_evidence_ids"":[],""limited_evidence_ids"":[],""meaningful_conflict_refs"":[],""missing_evidence_ids"":[],""reason"":""동일 Skill의 독립된 직접 관찰로 수행 범위를 확인했다. 다른 맥락의 제한/모호성은 해당 근거의 한계로 보존한다."",""rubric_review"":""직접 관찰의 행동·검증을 검토하며 다른 맥락의 한계와 평가자 차이를 보존한다."",""supporting_observation_ids"":[""OB_FIRST_PANEL_04_ML_ENGINEER_EV_APP0181_FIRST_INTERVIEW_PRACTITIONER_QA_M1_SKILL_04"",""OB_FIRST_PANEL_04_HIRING_MANAGER_EV_APP0181_FIRST_INTERVIEW_PRACTITIONER_QA_M1_SKILL_04"",""OB_FIRST_PANEL_04_TECHNICAL_REVIEWER_EV_APP0181_FIRST_INTERVIEW_PRACTITIONER_QA_M1_SKILL_04"",""OB_SECOND_INTERVIEW_PANEL_01_ML_ENGINEER_EV_APP0181_SECOND_INTERVIEW_VALUES_BEHAVIOR_INTERVIEW_M1_SKILL_04"",""OB_SECOND_INTERVIEW_PANEL_01_HIRING_MANAGER_EV_APP0181_SECOND_INTERVIEW_VALUES_BEHAVIOR_INTERVIEW_M1_SKILL_04""]}",CALIBRATION_PANEL_01,2027-01-22T11:05:00+09:00,SYNTHETIC_HUMAN_SCENARIO,M1_EVIDENCE_RUBRIC_V02
DC_APP0181_M1_SKILL_05_000680,APP0181,C0181,M1_SKILL_05,STRONG,AGREED,"{""difference_types"":[],""disputed_evidence_ids"":[],""limited_evidence_ids"":[],""meaningful_conflict_refs"":[],""missing_evidence_ids"":[],""reason"":""동일 Skill의 독립된 직접 관찰로 수행 범위를 확인했다. 다른 맥락의 제한/모호성은 해당 근거의 한계로 보존한다."",""rubric_review"":""직접 관찰의 행동·검증을 검토하며 다른 맥락의 한계와 평가자 차이를 보존한다."",""supporting_observation_ids"":[""OB_FIRST_PANEL_04_ML_ENGINEER_EV_APP0181_FIRST_INTERVIEW_PRACTITIONER_QA_M1_SKILL_05"",""OB_FIRST_PANEL_04_HIRING_MANAGER_EV_APP0181_FIRST_INTERVIEW_PRACTITIONER_QA_M1_SKILL_05"",""OB_FIRST_PANEL_04_TECHNICAL_REVIEWER_EV_APP0181_FIRST_INTERVIEW_PRACTITIONER_QA_M1_SKILL_05"",""OB_SECOND_INTERVIEW_PANEL_01_ML_ENGINEER_EV_APP0181_SECOND_INTERVIEW_VALUES_BEHAVIOR_INTERVIEW_M1_SKILL_05"",""OB_SECOND_INTERVIEW_PANEL_01_HIRING_MANAGER_EV_APP0181_SECOND_INTERVIEW_VALUES_BEHAVIOR_INTERVIEW_M1_SKILL_05""]}",CALIBRATION_PANEL_01,2027-01-22T11:05:00+09:00,SYNTHETIC_HUMAN_SCENARIO,M1_EVIDENCE_RUBRIC_V02
DC_APP0181_M1_SKILL_06_000681,APP0181,C0181,M1_SKILL_06,MODERATE,AGREED,"{""difference_types"":[],""disputed_evidence_ids"":[],""limited_evidence_ids"":[],""meaningful_conflict_refs"":[],""missing_evidence_ids"":[],""reason"":""동일 Skill의 독립된 직접 관찰로 수행 범위를 확인했다. 다른 맥락의 제한/모호성은 해당 근거의 한계로 보존한다."",""rubric_review"":""직접 관찰의 행동·검증을 검토하며 다른 맥락의 한계와 평가자 차이를 보존한다."",""supporting_observation_ids"":[""OB_FIRST_PANEL_04_ML_ENGINEER_EV_APP0181_FIRST_INTERVIEW_PRACTITIONER_QA_M1_SKILL_06"",""OB_FIRST_PANEL_04_HIRING_MANAGER_EV_APP0181_FIRST_INTERVIEW_PRACTITIONER_QA_M1_SKILL_06"",""OB_FIRST_PANEL_04_TECHNICAL_REVIEWER_EV_APP0181_FIRST_INTERVIEW_PRACTITIONER_QA_M1_SKILL_06""]}",CALIBRATION_PANEL_01,2027-01-22T11:05:00+09:00,SYNTHETIC_HUMAN_SCENARIO,M1_EVIDENCE_RUBRIC_V02
DC_APP0181_M1_SKILL_07_000682,APP0181,C0181,M1_SKILL_07,,DISAGREEMENT_REMAINS,"{""difference_types"":[""EVALUATOR_DISAGREEMENT""],""disputed_evidence_ids"":[""EV_APP0181_FIRST_INTERVIEW_TECHNICAL_ASSESSMENT_M1_SKILL_07""],""limited_evidence_ids"":[],""meaningful_conflict_refs"":[],""missing_evidence_ids"":[],""reason"":""동일 근거에 대한 평가자 해석 차이를 해소할 직접 관찰이 부족하다."",""rubric_review"":""직접 관찰의 행동·검증을 검토하며 다른 맥락의 한계와 평가자 차이를 보존한다."",""supporting_observation_ids"":[]}",CALIBRATION_PANEL_01,2027-01-22T11:05:00+09:00,SYNTHETIC_HUMAN_SCENARIO,M1_EVIDENCE_RUBRIC_V02
DC_APP0181_M1_SKILL_08_000683,APP0181,C0181,M1_SKILL_08,MODERATE,AGREED,"{""difference_types"":[],""disputed_evidence_ids"":[],""limited_evidence_ids"":[],""meaningful_conflict_refs"":[],""missing_evidence_ids"":[],""reason"":""동일 Skill의 독립된 직접 관찰로 수행 범위를 확인했다. 다른 맥락의 제한/모호성은 해당 근거의 한계로 보존한다."",""rubric_review"":""직접 관찰의 행동·검증을 검토하며 다른 맥락의 한계와 평가자 차이를 보존한다."",""supporting_observation_ids"":[""OB_FIRST_PANEL_04_ML_ENGINEER_EV_APP0181_FIRST_INTERVIEW_PRACTITIONER_QA_M1_SKILL_08"",""OB_FIRST_PANEL_04_HIRING_MANAGER_EV_APP0181_FIRST_INTERVIEW_PRACTITIONER_QA_M1_SKILL_08"",""OB_FIRST_PANEL_04_TECHNICAL_REVIEWER_EV_APP0181_FIRST_INTERVIEW_PRACTITIONER_QA_M1_SKILL_08""]}",CALIBRATION_PANEL_01,2027-01-22T11:05:00+09:00,SYNTHETIC_HUMAN_SCENARIO,M1_EVIDENCE_RUBRIC_V02
DC_APP0285_M1_SKILL_01_000684,APP0285,C0285,M1_SKILL_01,MODERATE,AGREED,"{""difference_types"":[""EVIDENCE_EVOLUTION""],""disputed_evidence_ids"":[],""limited_evidence_ids"":[],""meaningful_conflict_refs"":[],""missing_evidence_ids"":[],""reason"":""동일 Skill의 독립된 직접 관찰로 수행 범위를 확인했다. 다른 맥락의 제한/모호성은 해당 근거의 한계로 보존한다."",""rubric_review"":""직접 관찰의 행동·검증을 검토하며 다른 맥락의 한계와 평가자 차이를 보존한다."",""supporting_observation_ids"":[""OB_FIRST_PANEL_02_ML_ENGINEER_EV_APP0285_FIRST_INTERVIEW_TECHNICAL_ASSESSMENT_M1_SKILL_01"",""OB_FIRST_PANEL_02_HIRING_MANAGER_EV_APP0285_FIRST_INTERVIEW_TECHNICAL_ASSESSMENT_M1_SKILL_01"",""OB_FIRST_PANEL_02_TECHNICAL_REVIEWER_EV_APP0285_FIRST_INTERVIEW_TECHNICAL_ASSESSMENT_M1_SKILL_01"",""OB_FIRST_PANEL_02_ML_ENGINEER_EV_APP0285_FIRST_INTERVIEW_AI_CASE_M1_SKILL_01"",""OB_FIRST_PANEL_02_HIRING_MANAGER_EV_APP0285_FIRST_INTERVIEW_AI_CASE_M1_SKILL_01"",""OB_FIRST_PANEL_02_TECHNICAL_REVIEWER_EV_APP0285_FIRST_INTERVIEW_AI_CASE_M1_SKILL_01""]}",CALIBRATION_PANEL_01,2027-01-20T11:10:00+09:00,SYNTHETIC_HUMAN_SCENARIO,M1_EVIDENCE_RUBRIC_V02
DC_APP0285_M1_SKILL_02_000685,APP0285,C0285,M1_SKILL_02,STRONG,AGREED,"{""difference_types"":[],""disputed_evidence_ids"":[],""limited_evidence_ids"":[],""meaningful_conflict_refs"":[],""missing_evidence_ids"":[],""reason"":""동일 Skill의 독립된 직접 관찰로 수행 범위를 확인했다. 다른 맥락의 제한/모호성은 해당 근거의 한계로 보존한다."",""rubric_review"":""직접 관찰의 행동·검증을 검토하며 다른 맥락의 한계와 평가자 차이를 보존한다."",""supporting_observation_ids"":[""OB_FIRST_PANEL_02_ML_ENGINEER_EV_APP0285_FIRST_INTERVIEW_TECHNICAL_ASSESSMENT_M1_SKILL_02"",""OB_FIRST_PANEL_02_HIRING_MANAGER_EV_APP0285_FIRST_INTERVIEW_TECHNICAL_ASSESSMENT_M1_SKILL_02"",""OB_FIRST_PANEL_02_TECHNICAL_REVIEWER_EV_APP0285_FIRST_INTERVIEW_TECHNICAL_ASSESSMENT_M1_SKILL_02""]}",CALIBRATION_PANEL_01,2027-01-20T11:10:00+09:00,SYNTHETIC_HUMAN_SCENARIO,M1_EVIDENCE_RUBRIC_V02
DC_APP0285_M1_SKILL_03_000686,APP0285,C0285,M1_SKILL_03,STRONG,AGREED,"{""difference_types"":[""EVIDENCE_EVOLUTION""],""disputed_evidence_ids"":[],""limited_evidence_ids"":[],""meaningful_conflict_refs"":[],""missing_evidence_ids"":[],""reason"":""동일 Skill의 독립된 직접 관찰로 수행 범위를 확인했다. 다른 맥락의 제한/모호성은 해당 근거의 한계로 보존한다."",""rubric_review"":""직접 관찰의 행동·검증을 검토하며 다른 맥락의 한계와 평가자 차이를 보존한다."",""supporting_observation_ids"":[""OB_REVIEW_ML_01_EV_APP0285_PRE_ASSESSMENT_CODING_TEST_M1_SKILL_03"",""OB_REVIEW_HM_01_EV_APP0285_PRE_ASSESSMENT_CODING_TEST_M1_SKILL_03"",""OB_FIRST_PANEL_02_ML_ENGINEER_EV_APP0285_FIRST_INTERVIEW_AI_CASE_M1_SKILL_03"",""OB_FIRST_PANEL_02_HIRING_MANAGER_EV_APP0285_FIRST_INTERVIEW_AI_CASE_M1_SKILL_03"",""OB_FIRST_PANEL_02_TECHNICAL_REVIEWER_EV_APP0285_FIRST_INTERVIEW_AI_CASE_M1_SKILL_03""]}",CALIBRATION_PANEL_01,2027-01-20T11:10:00+09:00,SYNTHETIC_HUMAN_SCENARIO,M1_EVIDENCE_RUBRIC_V02
DC_APP0285_M1_SKILL_04_000687,APP0285,C0285,M1_SKILL_04,,DISAGREEMENT_REMAINS,"{""difference_types"":[""EVALUATOR_DISAGREEMENT""],""disputed_evidence_ids"":[""EV_APP0285_SECOND_INTERVIEW_VALUES_BEHAVIOR_INTERVIEW_M1_SKILL_04""],""limited_evidence_ids"":[""EV_APP0285_FIRST_INTERVIEW_PRACTITIONER_QA_M1_SKILL_04""],""meaningful_conflict_refs"":[],""missing_evidence_ids"":[],""reason"":""동일 근거에 대한 평가자 해석 차이를 해소할 직접 관찰이 부족하다."",""rubric_review"":""직접 관찰의 행동·검증을 검토하며 다른 맥락의 한계와 평가자 차이를 보존한다."",""supporting_observation_ids"":[]}",CALIBRATION_PANEL_01,2027-01-20T11:10:00+09:00,SYNTHETIC_HUMAN_SCENARIO,M1_EVIDENCE_RUBRIC_V02
DC_APP0285_M1_SKILL_05_000688,APP0285,C0285,M1_SKILL_05,STRONG,AGREED,"{""difference_types"":[""EVIDENCE_EVOLUTION""],""disputed_evidence_ids"":[],""limited_evidence_ids"":[],""meaningful_conflict_refs"":[],""missing_evidence_ids"":[""EV_APP0285_FIRST_INTERVIEW_PRACTITIONER_QA_M1_SKILL_05""],""reason"":""동일 Skill의 독립된 직접 관찰로 수행 범위를 확인했다. 다른 맥락의 제한/모호성은 해당 근거의 한계로 보존한다."",""rubric_review"":""직접 관찰의 행동·검증을 검토하며 다른 맥락의 한계와 평가자 차이를 보존한다."",""supporting_observation_ids"":[""OB_SECOND_INTERVIEW_PANEL_01_ML_ENGINEER_EV_APP0285_SECOND_INTERVIEW_VALUES_BEHAVIOR_INTERVIEW_M1_SKILL_05"",""OB_SECOND_INTERVIEW_PANEL_01_HIRING_MANAGER_EV_APP0285_SECOND_INTERVIEW_VALUES_BEHAVIOR_INTERVIEW_M1_SKILL_05""]}",CALIBRATION_PANEL_01,2027-01-20T11:10:00+09:00,SYNTHETIC_HUMAN_SCENARIO,M1_EVIDENCE_RUBRIC_V02
DC_APP0285_M1_SKILL_06_000689,APP0285,C0285,M1_SKILL_06,STRONG,AGREED,"{""difference_types"":[],""disputed_evidence_ids"":[],""limited_evidence_ids"":[],""meaningful_conflict_refs"":[],""missing_evidence_ids"":[],""reason"":""동일 Skill의 독립된 직접 관찰로 수행 범위를 확인했다. 다른 맥락의 제한/모호성은 해당 근거의 한계로 보존한다."",""rubric_review"":""직접 관찰의 행동·검증을 검토하며 다른 맥락의 한계와 평가자 차이를 보존한다."",""supporting_observation_ids"":[""OB_FIRST_PANEL_02_ML_ENGINEER_EV_APP0285_FIRST_INTERVIEW_PRACTITIONER_QA_M1_SKILL_06"",""OB_FIRST_PANEL_02_HIRING_MANAGER_EV_APP0285_FIRST_INTERVIEW_PRACTITIONER_QA_M1_SKILL_06"",""OB_FIRST_PANEL_02_TECHNICAL_REVIEWER_EV_APP0285_FIRST_INTERVIEW_PRACTITIONER_QA_M1_SKILL_06""]}",CALIBRATION_PANEL_01,2027-01-20T11:10:00+09:00,SYNTHETIC_HUMAN_SCENARIO,M1_EVIDENCE_RUBRIC_V02
DC_APP0285_M1_SKILL_07_000690,APP0285,C0285,M1_SKILL_07,LIMITED,AGREED,"{""difference_types"":[],""disputed_evidence_ids"":[],""limited_evidence_ids"":[""EV_APP0285_FIRST_INTERVIEW_TECHNICAL_ASSESSMENT_M1_SKILL_07""],""meaningful_conflict_refs"":[],""missing_evidence_ids"":[],""reason"":""관찰된 직접 근거의 범위가 제한적이다. 자기기술만으로 보완하지 않는다."",""rubric_review"":""직접 관찰의 행동·검증을 검토하며 다른 맥락의 한계와 평가자 차이를 보존한다."",""supporting_observation_ids"":[""OB_FIRST_PANEL_02_ML_ENGINEER_EV_APP0285_FIRST_INTERVIEW_TECHNICAL_ASSESSMENT_M1_SKILL_07"",""OB_FIRST_PANEL_02_HIRING_MANAGER_EV_APP0285_FIRST_INTERVIEW_TECHNICAL_ASSESSMENT_M1_SKILL_07"",""OB_FIRST_PANEL_02_TECHNICAL_REVIEWER_EV_APP0285_FIRST_INTERVIEW_TECHNICAL_ASSESSMENT_M1_SKILL_07""]}",CALIBRATION_PANEL_01,2027-01-20T11:10:00+09:00,SYNTHETIC_HUMAN_SCENARIO,M1_EVIDENCE_RUBRIC_V02
DC_APP0285_M1_SKILL_08_000691,APP0285,C0285,M1_SKILL_08,MODERATE,AGREED,"{""difference_types"":[],""disputed_evidence_ids"":[],""limited_evidence_ids"":[],""meaningful_conflict_refs"":[],""missing_evidence_ids"":[],""reason"":""동일 Skill의 독립된 직접 관찰로 수행 범위를 확인했다. 다른 맥락의 제한/모호성은 해당 근거의 한계로 보존한다."",""rubric_review"":""직접 관찰의 행동·검증을 검토하며 다른 맥락의 한계와 평가자 차이를 보존한다."",""supporting_observation_ids"":[""OB_FIRST_PANEL_02_ML_ENGINEER_EV_APP0285_FIRST_INTERVIEW_PRACTITIONER_QA_M1_SKILL_08"",""OB_FIRST_PANEL_02_HIRING_MANAGER_EV_APP0285_FIRST_INTERVIEW_PRACTITIONER_QA_M1_SKILL_08"",""OB_FIRST_PANEL_02_TECHNICAL_REVIEWER_EV_APP0285_FIRST_INTERVIEW_PRACTITIONER_QA_M1_SKILL_08""]}",CALIBRATION_PANEL_01,2027-01-20T11:10:00+09:00,SYNTHETIC_HUMAN_SCENARIO,M1_EVIDENCE_RUBRIC_V02
DC_APP0285_M1_SKILL_01_000692,APP0285,C0285,M1_SKILL_01,MODERATE,AGREED,"{""difference_types"":[""EVIDENCE_EVOLUTION""],""disputed_evidence_ids"":[],""limited_evidence_ids"":[],""meaningful_conflict_refs"":[],""missing_evidence_ids"":[],""reason"":""동일 Skill의 독립된 직접 관찰로 수행 범위를 확인했다. 다른 맥락의 제한/모호성은 해당 근거의 한계로 보존한다."",""rubric_review"":""직접 관찰의 행동·검증을 검토하며 다른 맥락의 한계와 평가자 차이를 보존한다."",""supporting_observation_ids"":[""OB_FIRST_PANEL_02_ML_ENGINEER_EV_APP0285_FIRST_INTERVIEW_TECHNICAL_ASSESSMENT_M1_SKILL_01"",""OB_FIRST_PANEL_02_HIRING_MANAGER_EV_APP0285_FIRST_INTERVIEW_TECHNICAL_ASSESSMENT_M1_SKILL_01"",""OB_FIRST_PANEL_02_TECHNICAL_REVIEWER_EV_APP0285_FIRST_INTERVIEW_TECHNICAL_ASSESSMENT_M1_SKILL_01"",""OB_FIRST_PANEL_02_ML_ENGINEER_EV_APP0285_FIRST_INTERVIEW_AI_CASE_M1_SKILL_01"",""OB_FIRST_PANEL_02_HIRING_MANAGER_EV_APP0285_FIRST_INTERVIEW_AI_CASE_M1_SKILL_01"",""OB_FIRST_PANEL_02_TECHNICAL_REVIEWER_EV_APP0285_FIRST_INTERVIEW_AI_CASE_M1_SKILL_01""]}",CALIBRATION_PANEL_01,2027-01-28T11:50:00+09:00,SYNTHETIC_HUMAN_SCENARIO,M1_EVIDENCE_RUBRIC_V02
DC_APP0285_M1_SKILL_02_000693,APP0285,C0285,M1_SKILL_02,STRONG,AGREED,"{""difference_types"":[],""disputed_evidence_ids"":[],""limited_evidence_ids"":[],""meaningful_conflict_refs"":[],""missing_evidence_ids"":[],""reason"":""동일 Skill의 독립된 직접 관찰로 수행 범위를 확인했다. 다른 맥락의 제한/모호성은 해당 근거의 한계로 보존한다."",""rubric_review"":""직접 관찰의 행동·검증을 검토하며 다른 맥락의 한계와 평가자 차이를 보존한다."",""supporting_observation_ids"":[""OB_FIRST_PANEL_02_ML_ENGINEER_EV_APP0285_FIRST_INTERVIEW_TECHNICAL_ASSESSMENT_M1_SKILL_02"",""OB_FIRST_PANEL_02_HIRING_MANAGER_EV_APP0285_FIRST_INTERVIEW_TECHNICAL_ASSESSMENT_M1_SKILL_02"",""OB_FIRST_PANEL_02_TECHNICAL_REVIEWER_EV_APP0285_FIRST_INTERVIEW_TECHNICAL_ASSESSMENT_M1_SKILL_02""]}",CALIBRATION_PANEL_01,2027-01-28T11:50:00+09:00,SYNTHETIC_HUMAN_SCENARIO,M1_EVIDENCE_RUBRIC_V02
DC_APP0285_M1_SKILL_03_000694,APP0285,C0285,M1_SKILL_03,STRONG,AGREED,"{""difference_types"":[""EVIDENCE_EVOLUTION""],""disputed_evidence_ids"":[],""limited_evidence_ids"":[],""meaningful_conflict_refs"":[],""missing_evidence_ids"":[],""reason"":""동일 Skill의 독립된 직접 관찰로 수행 범위를 확인했다. 다른 맥락의 제한/모호성은 해당 근거의 한계로 보존한다."",""rubric_review"":""직접 관찰의 행동·검증을 검토하며 다른 맥락의 한계와 평가자 차이를 보존한다."",""supporting_observation_ids"":[""OB_REVIEW_ML_01_EV_APP0285_PRE_ASSESSMENT_CODING_TEST_M1_SKILL_03"",""OB_REVIEW_HM_01_EV_APP0285_PRE_ASSESSMENT_CODING_TEST_M1_SKILL_03"",""OB_FIRST_PANEL_02_ML_ENGINEER_EV_APP0285_FIRST_INTERVIEW_AI_CASE_M1_SKILL_03"",""OB_FIRST_PANEL_02_HIRING_MANAGER_EV_APP0285_FIRST_INTERVIEW_AI_CASE_M1_SKILL_03"",""OB_FIRST_PANEL_02_TECHNICAL_REVIEWER_EV_APP0285_FIRST_INTERVIEW_AI_CASE_M1_SKILL_03""]}",CALIBRATION_PANEL_01,2027-01-28T11:50:00+09:00,SYNTHETIC_HUMAN_SCENARIO,M1_EVIDENCE_RUBRIC_V02
DC_APP0285_M1_SKILL_04_000695,APP0285,C0285,M1_SKILL_04,MODERATE,AGREED,"{""difference_types"":[""EVIDENCE_EVOLUTION"",""CONTEXT_DIFFERENCE"",""EVALUATOR_DISAGREEMENT""],""disputed_evidence_ids"":[""EV_APP0285_SECOND_INTERVIEW_VALUES_BEHAVIOR_INTERVIEW_M1_SKILL_04""],""limited_evidence_ids"":[""EV_APP0285_FIRST_INTERVIEW_PRACTITIONER_QA_M1_SKILL_04""],""meaningful_conflict_refs"":[],""missing_evidence_ids"":[],""reason"":""동일 Skill의 독립된 직접 관찰로 수행 범위를 확인했다. 다른 맥락의 제한/모호성은 해당 근거의 한계로 보존한다."",""rubric_review"":""직접 관찰의 행동·검증을 검토하며 다른 맥락의 한계와 평가자 차이를 보존한다."",""supporting_observation_ids"":[""OB_FINAL_REVIEW_PANEL_01_ML_ENGINEER_EV_APP0285_FINAL_REVIEW_FOCUSED_FOLLOW_UP_M1_SKILL_04"",""OB_FINAL_REVIEW_PANEL_01_HIRING_MANAGER_EV_APP0285_FINAL_REVIEW_FOCUSED_FOLLOW_UP_M1_SKILL_04""]}",CALIBRATION_PANEL_01,2027-01-28T11:50:00+09:00,SYNTHETIC_HUMAN_SCENARIO,M1_EVIDENCE_RUBRIC_V02
DC_APP0285_M1_SKILL_05_000696,APP0285,C0285,M1_SKILL_05,STRONG,AGREED,"{""difference_types"":[""EVIDENCE_EVOLUTION""],""disputed_evidence_ids"":[],""limited_evidence_ids"":[],""meaningful_conflict_refs"":[],""missing_evidence_ids"":[""EV_APP0285_FIRST_INTERVIEW_PRACTITIONER_QA_M1_SKILL_05""],""reason"":""동일 Skill의 독립된 직접 관찰로 수행 범위를 확인했다. 다른 맥락의 제한/모호성은 해당 근거의 한계로 보존한다."",""rubric_review"":""직접 관찰의 행동·검증을 검토하며 다른 맥락의 한계와 평가자 차이를 보존한다."",""supporting_observation_ids"":[""OB_SECOND_INTERVIEW_PANEL_01_ML_ENGINEER_EV_APP0285_SECOND_INTERVIEW_VALUES_BEHAVIOR_INTERVIEW_M1_SKILL_05"",""OB_SECOND_INTERVIEW_PANEL_01_HIRING_MANAGER_EV_APP0285_SECOND_INTERVIEW_VALUES_BEHAVIOR_INTERVIEW_M1_SKILL_05""]}",CALIBRATION_PANEL_01,2027-01-28T11:50:00+09:00,SYNTHETIC_HUMAN_SCENARIO,M1_EVIDENCE_RUBRIC_V02
DC_APP0285_M1_SKILL_06_000697,APP0285,C0285,M1_SKILL_06,STRONG,AGREED,"{""difference_types"":[],""disputed_evidence_ids"":[],""limited_evidence_ids"":[],""meaningful_conflict_refs"":[],""missing_evidence_ids"":[],""reason"":""동일 Skill의 독립된 직접 관찰로 수행 범위를 확인했다. 다른 맥락의 제한/모호성은 해당 근거의 한계로 보존한다."",""rubric_review"":""직접 관찰의 행동·검증을 검토하며 다른 맥락의 한계와 평가자 차이를 보존한다."",""supporting_observation_ids"":[""OB_FIRST_PANEL_02_ML_ENGINEER_EV_APP0285_FIRST_INTERVIEW_PRACTITIONER_QA_M1_SKILL_06"",""OB_FIRST_PANEL_02_HIRING_MANAGER_EV_APP0285_FIRST_INTERVIEW_PRACTITIONER_QA_M1_SKILL_06"",""OB_FIRST_PANEL_02_TECHNICAL_REVIEWER_EV_APP0285_FIRST_INTERVIEW_PRACTITIONER_QA_M1_SKILL_06""]}",CALIBRATION_PANEL_01,2027-01-28T11:50:00+09:00,SYNTHETIC_HUMAN_SCENARIO,M1_EVIDENCE_RUBRIC_V02
DC_APP0285_M1_SKILL_07_000698,APP0285,C0285,M1_SKILL_07,LIMITED,AGREED,"{""difference_types"":[],""disputed_evidence_ids"":[],""limited_evidence_ids"":[""EV_APP0285_FIRST_INTERVIEW_TECHNICAL_ASSESSMENT_M1_SKILL_07""],""meaningful_conflict_refs"":[],""missing_evidence_ids"":[],""reason"":""관찰된 직접 근거의 범위가 제한적이다. 자기기술만으로 보완하지 않는다."",""rubric_review"":""직접 관찰의 행동·검증을 검토하며 다른 맥락의 한계와 평가자 차이를 보존한다."",""supporting_observation_ids"":[""OB_FIRST_PANEL_02_ML_ENGINEER_EV_APP0285_FIRST_INTERVIEW_TECHNICAL_ASSESSMENT_M1_SKILL_07"",""OB_FIRST_PANEL_02_HIRING_MANAGER_EV_APP0285_FIRST_INTERVIEW_TECHNICAL_ASSESSMENT_M1_SKILL_07"",""OB_FIRST_PANEL_02_TECHNICAL_REVIEWER_EV_APP0285_FIRST_INTERVIEW_TECHNICAL_ASSESSMENT_M1_SKILL_07""]}",CALIBRATION_PANEL_01,2027-01-28T11:50:00+09:00,SYNTHETIC_HUMAN_SCENARIO,M1_EVIDENCE_RUBRIC_V02
DC_APP0285_M1_SKILL_08_000699,APP0285,C0285,M1_SKILL_08,MODERATE,AGREED,"{""difference_types"":[],""disputed_evidence_ids"":[],""limited_evidence_ids"":[],""meaningful_conflict_refs"":[],""missing_evidence_ids"":[],""reason"":""동일 Skill의 독립된 직접 관찰로 수행 범위를 확인했다. 다른 맥락의 제한/모호성은 해당 근거의 한계로 보존한다."",""rubric_review"":""직접 관찰의 행동·검증을 검토하며 다른 맥락의 한계와 평가자 차이를 보존한다."",""supporting_observation_ids"":[""OB_FIRST_PANEL_02_ML_ENGINEER_EV_APP0285_FIRST_INTERVIEW_PRACTITIONER_QA_M1_SKILL_08"",""OB_FIRST_PANEL_02_HIRING_MANAGER_EV_APP0285_FIRST_INTERVIEW_PRACTITIONER_QA_M1_SKILL_08"",""OB_FIRST_PANEL_02_TECHNICAL_REVIEWER_EV_APP0285_FIRST_INTERVIEW_PRACTITIONER_QA_M1_SKILL_08""]}",CALIBRATION_PANEL_01,2027-01-28T11:50:00+09:00,SYNTHETIC_HUMAN_SCENARIO,M1_EVIDENCE_RUBRIC_V02
DC_APP0228_M1_SKILL_01_000700,APP0228,C0228,M1_SKILL_01,MODERATE,AGREED,"{""difference_types"":[],""disputed_evidence_ids"":[],""limited_evidence_ids"":[],""meaningful_conflict_refs"":[],""missing_evidence_ids"":[],""reason"":""동일 Skill의 독립된 직접 관찰로 수행 범위를 확인했다. 다른 맥락의 제한/모호성은 해당 근거의 한계로 보존한다."",""rubric_review"":""직접 관찰의 행동·검증을 검토하며 다른 맥락의 한계와 평가자 차이를 보존한다."",""supporting_observation_ids"":[""OB_FIRST_PANEL_03_ML_ENGINEER_EV_APP0228_FIRST_INTERVIEW_TECHNICAL_ASSESSMENT_M1_SKILL_01"",""OB_FIRST_PANEL_03_HIRING_MANAGER_EV_APP0228_FIRST_INTERVIEW_TECHNICAL_ASSESSMENT_M1_SKILL_01"",""OB_FIRST_PANEL_03_TECHNICAL_REVIEWER_EV_APP0228_FIRST_INTERVIEW_TECHNICAL_ASSESSMENT_M1_SKILL_01"",""OB_FIRST_PANEL_03_ML_ENGINEER_EV_APP0228_FIRST_INTERVIEW_AI_CASE_M1_SKILL_01"",""OB_FIRST_PANEL_03_HIRING_MANAGER_EV_APP0228_FIRST_INTERVIEW_AI_CASE_M1_SKILL_01"",""OB_FIRST_PANEL_03_TECHNICAL_REVIEWER_EV_APP0228_FIRST_INTERVIEW_AI_CASE_M1_SKILL_01""]}",CALIBRATION_PANEL_01,2027-01-24T12:30:00+09:00,SYNTHETIC_HUMAN_SCENARIO,M1_EVIDENCE_RUBRIC_V02
DC_APP0228_M1_SKILL_02_000701,APP0228,C0228,M1_SKILL_02,STRONG,AGREED,"{""difference_types"":[],""disputed_evidence_ids"":[],""limited_evidence_ids"":[],""meaningful_conflict_refs"":[],""missing_evidence_ids"":[],""reason"":""동일 Skill의 독립된 직접 관찰로 수행 범위를 확인했다. 다른 맥락의 제한/모호성은 해당 근거의 한계로 보존한다."",""rubric_review"":""직접 관찰의 행동·검증을 검토하며 다른 맥락의 한계와 평가자 차이를 보존한다."",""supporting_observation_ids"":[""OB_FIRST_PANEL_03_ML_ENGINEER_EV_APP0228_FIRST_INTERVIEW_TECHNICAL_ASSESSMENT_M1_SKILL_02"",""OB_FIRST_PANEL_03_HIRING_MANAGER_EV_APP0228_FIRST_INTERVIEW_TECHNICAL_ASSESSMENT_M1_SKILL_02"",""OB_FIRST_PANEL_03_TECHNICAL_REVIEWER_EV_APP0228_FIRST_INTERVIEW_TECHNICAL_ASSESSMENT_M1_SKILL_02""]}",CALIBRATION_PANEL_01,2027-01-24T12:30:00+09:00,SYNTHETIC_HUMAN_SCENARIO,M1_EVIDENCE_RUBRIC_V02
DC_APP0228_M1_SKILL_03_000702,APP0228,C0228,M1_SKILL_03,MODERATE,AGREED,"{""difference_types"":[""EVIDENCE_EVOLUTION""],""disputed_evidence_ids"":[],""limited_evidence_ids"":[],""meaningful_conflict_refs"":[],""missing_evidence_ids"":[],""reason"":""동일 Skill의 독립된 직접 관찰로 수행 범위를 확인했다. 다른 맥락의 제한/모호성은 해당 근거의 한계로 보존한다."",""rubric_review"":""직접 관찰의 행동·검증을 검토하며 다른 맥락의 한계와 평가자 차이를 보존한다."",""supporting_observation_ids"":[""OB_REVIEW_ML_01_EV_APP0228_PRE_ASSESSMENT_CODING_TEST_M1_SKILL_03"",""OB_REVIEW_HM_01_EV_APP0228_PRE_ASSESSMENT_CODING_TEST_M1_SKILL_03"",""OB_FIRST_PANEL_03_ML_ENGINEER_EV_APP0228_FIRST_INTERVIEW_AI_CASE_M1_SKILL_03"",""OB_FIRST_PANEL_03_HIRING_MANAGER_EV_APP0228_FIRST_INTERVIEW_AI_CASE_M1_SKILL_03"",""OB_FIRST_PANEL_03_TECHNICAL_REVIEWER_EV_APP0228_FIRST_INTERVIEW_AI_CASE_M1_SKILL_03""]}",CALIBRATION_PANEL_01,2027-01-24T12:30:00+09:00,SYNTHETIC_HUMAN_SCENARIO,M1_EVIDENCE_RUBRIC_V02
DC_APP0228_M1_SKILL_04_000703,APP0228,C0228,M1_SKILL_04,,DISAGREEMENT_REMAINS,"{""difference_types"":[""EVALUATOR_DISAGREEMENT""],""disputed_evidence_ids"":[""EV_APP0228_FIRST_INTERVIEW_PRACTITIONER_QA_M1_SKILL_04""],""limited_evidence_ids"":[],""meaningful_conflict_refs"":[],""missing_evidence_ids"":[""EV_APP0228_SECOND_INTERVIEW_VALUES_BEHAVIOR_INTERVIEW_M1_SKILL_04""],""reason"":""동일 근거에 대한 평가자 해석 차이를 해소할 직접 관찰이 부족하다."",""rubric_review"":""직접 관찰의 행동·검증을 검토하며 다른 맥락의 한계와 평가자 차이를 보존한다."",""supporting_observation_ids"":[]}",CALIBRATION_PANEL_01,2027-01-24T12:30:00+09:00,SYNTHETIC_HUMAN_SCENARIO,M1_EVIDENCE_RUBRIC_V02
DC_APP0228_M1_SKILL_05_000704,APP0228,C0228,M1_SKILL_05,STRONG,AGREED,"{""difference_types"":[],""disputed_evidence_ids"":[],""limited_evidence_ids"":[],""meaningful_conflict_refs"":[],""missing_evidence_ids"":[],""reason"":""동일 Skill의 독립된 직접 관찰로 수행 범위를 확인했다. 다른 맥락의 제한/모호성은 해당 근거의 한계로 보존한다."",""rubric_review"":""직접 관찰의 행동·검증을 검토하며 다른 맥락의 한계와 평가자 차이를 보존한다."",""supporting_observation_ids"":[""OB_FIRST_PANEL_03_ML_ENGINEER_EV_APP0228_FIRST_INTERVIEW_PRACTITIONER_QA_M1_SKILL_05"",""OB_FIRST_PANEL_03_HIRING_MANAGER_EV_APP0228_FIRST_INTERVIEW_PRACTITIONER_QA_M1_SKILL_05"",""OB_FIRST_PANEL_03_TECHNICAL_REVIEWER_EV_APP0228_FIRST_INTERVIEW_PRACTITIONER_QA_M1_SKILL_05"",""OB_SECOND_INTERVIEW_PANEL_01_ML_ENGINEER_EV_APP0228_SECOND_INTERVIEW_VALUES_BEHAVIOR_INTERVIEW_M1_SKILL_05"",""OB_SECOND_INTERVIEW_PANEL_01_HIRING_MANAGER_EV_APP0228_SECOND_INTERVIEW_VALUES_BEHAVIOR_INTERVIEW_M1_SKILL_05""]}",CALIBRATION_PANEL_01,2027-01-24T12:30:00+09:00,SYNTHETIC_HUMAN_SCENARIO,M1_EVIDENCE_RUBRIC_V02
DC_APP0228_M1_SKILL_06_000705,APP0228,C0228,M1_SKILL_06,STRONG,AGREED,"{""difference_types"":[],""disputed_evidence_ids"":[],""limited_evidence_ids"":[],""meaningful_conflict_refs"":[],""missing_evidence_ids"":[],""reason"":""동일 Skill의 독립된 직접 관찰로 수행 범위를 확인했다. 다른 맥락의 제한/모호성은 해당 근거의 한계로 보존한다."",""rubric_review"":""직접 관찰의 행동·검증을 검토하며 다른 맥락의 한계와 평가자 차이를 보존한다."",""supporting_observation_ids"":[""OB_FIRST_PANEL_03_ML_ENGINEER_EV_APP0228_FIRST_INTERVIEW_PRACTITIONER_QA_M1_SKILL_06"",""OB_FIRST_PANEL_03_HIRING_MANAGER_EV_APP0228_FIRST_INTERVIEW_PRACTITIONER_QA_M1_SKILL_06"",""OB_FIRST_PANEL_03_TECHNICAL_REVIEWER_EV_APP0228_FIRST_INTERVIEW_PRACTITIONER_QA_M1_SKILL_06""]}",CALIBRATION_PANEL_01,2027-01-24T12:30:00+09:00,SYNTHETIC_HUMAN_SCENARIO,M1_EVIDENCE_RUBRIC_V02
DC_APP0228_M1_SKILL_07_000706,APP0228,C0228,M1_SKILL_07,,DISAGREEMENT_REMAINS,"{""difference_types"":[""EVALUATOR_DISAGREEMENT""],""disputed_evidence_ids"":[""EV_APP0228_FIRST_INTERVIEW_TECHNICAL_ASSESSMENT_M1_SKILL_07""],""limited_evidence_ids"":[],""meaningful_conflict_refs"":[],""missing_evidence_ids"":[],""reason"":""동일 근거에 대한 평가자 해석 차이를 해소할 직접 관찰이 부족하다."",""rubric_review"":""직접 관찰의 행동·검증을 검토하며 다른 맥락의 한계와 평가자 차이를 보존한다."",""supporting_observation_ids"":[]}",CALIBRATION_PANEL_01,2027-01-24T12:30:00+09:00,SYNTHETIC_HUMAN_SCENARIO,M1_EVIDENCE_RUBRIC_V02
DC_APP0228_M1_SKILL_08_000707,APP0228,C0228,M1_SKILL_08,,INSUFFICIENT_EVIDENCE,"{""difference_types"":[],""disputed_evidence_ids"":[],""limited_evidence_ids"":[],""meaningful_conflict_refs"":[],""missing_evidence_ids"":[""EV_APP0228_FIRST_INTERVIEW_PRACTITIONER_QA_M1_SKILL_08""],""reason"":""직접 판단 근거 부족. 미관찰을 역량 부재로 해석하지 않는다."",""rubric_review"":""직접 관찰의 행동·검증을 검토하며 다른 맥락의 한계와 평가자 차이를 보존한다."",""supporting_observation_ids"":[]}",CALIBRATION_PANEL_01,2027-01-24T12:30:00+09:00,SYNTHETIC_HUMAN_SCENARIO,M1_EVIDENCE_RUBRIC_V02
DC_APP0228_M1_SKILL_01_000708,APP0228,C0228,M1_SKILL_01,MODERATE,AGREED,"{""difference_types"":[],""disputed_evidence_ids"":[],""limited_evidence_ids"":[],""meaningful_conflict_refs"":[],""missing_evidence_ids"":[],""reason"":""동일 Skill의 독립된 직접 관찰로 수행 범위를 확인했다. 다른 맥락의 제한/모호성은 해당 근거의 한계로 보존한다."",""rubric_review"":""직접 관찰의 행동·검증을 검토하며 다른 맥락의 한계와 평가자 차이를 보존한다."",""supporting_observation_ids"":[""OB_FIRST_PANEL_03_ML_ENGINEER_EV_APP0228_FIRST_INTERVIEW_TECHNICAL_ASSESSMENT_M1_SKILL_01"",""OB_FIRST_PANEL_03_HIRING_MANAGER_EV_APP0228_FIRST_INTERVIEW_TECHNICAL_ASSESSMENT_M1_SKILL_01"",""OB_FIRST_PANEL_03_TECHNICAL_REVIEWER_EV_APP0228_FIRST_INTERVIEW_TECHNICAL_ASSESSMENT_M1_SKILL_01"",""OB_FIRST_PANEL_03_ML_ENGINEER_EV_APP0228_FIRST_INTERVIEW_AI_CASE_M1_SKILL_01"",""OB_FIRST_PANEL_03_HIRING_MANAGER_EV_APP0228_FIRST_INTERVIEW_AI_CASE_M1_SKILL_01"",""OB_FIRST_PANEL_03_TECHNICAL_REVIEWER_EV_APP0228_FIRST_INTERVIEW_AI_CASE_M1_SKILL_01""]}",CALIBRATION_PANEL_01,2027-02-01T13:15:00+09:00,SYNTHETIC_HUMAN_SCENARIO,M1_EVIDENCE_RUBRIC_V02
DC_APP0228_M1_SKILL_02_000709,APP0228,C0228,M1_SKILL_02,STRONG,AGREED,"{""difference_types"":[],""disputed_evidence_ids"":[],""limited_evidence_ids"":[],""meaningful_conflict_refs"":[],""missing_evidence_ids"":[],""reason"":""동일 Skill의 독립된 직접 관찰로 수행 범위를 확인했다. 다른 맥락의 제한/모호성은 해당 근거의 한계로 보존한다."",""rubric_review"":""직접 관찰의 행동·검증을 검토하며 다른 맥락의 한계와 평가자 차이를 보존한다."",""supporting_observation_ids"":[""OB_FIRST_PANEL_03_ML_ENGINEER_EV_APP0228_FIRST_INTERVIEW_TECHNICAL_ASSESSMENT_M1_SKILL_02"",""OB_FIRST_PANEL_03_HIRING_MANAGER_EV_APP0228_FIRST_INTERVIEW_TECHNICAL_ASSESSMENT_M1_SKILL_02"",""OB_FIRST_PANEL_03_TECHNICAL_REVIEWER_EV_APP0228_FIRST_INTERVIEW_TECHNICAL_ASSESSMENT_M1_SKILL_02""]}",CALIBRATION_PANEL_01,2027-02-01T13:15:00+09:00,SYNTHETIC_HUMAN_SCENARIO,M1_EVIDENCE_RUBRIC_V02
DC_APP0228_M1_SKILL_03_000710,APP0228,C0228,M1_SKILL_03,MODERATE,AGREED,"{""difference_types"":[""EVIDENCE_EVOLUTION""],""disputed_evidence_ids"":[],""limited_evidence_ids"":[],""meaningful_conflict_refs"":[],""missing_evidence_ids"":[],""reason"":""동일 Skill의 독립된 직접 관찰로 수행 범위를 확인했다. 다른 맥락의 제한/모호성은 해당 근거의 한계로 보존한다."",""rubric_review"":""직접 관찰의 행동·검증을 검토하며 다른 맥락의 한계와 평가자 차이를 보존한다."",""supporting_observation_ids"":[""OB_REVIEW_ML_01_EV_APP0228_PRE_ASSESSMENT_CODING_TEST_M1_SKILL_03"",""OB_REVIEW_HM_01_EV_APP0228_PRE_ASSESSMENT_CODING_TEST_M1_SKILL_03"",""OB_FIRST_PANEL_03_ML_ENGINEER_EV_APP0228_FIRST_INTERVIEW_AI_CASE_M1_SKILL_03"",""OB_FIRST_PANEL_03_HIRING_MANAGER_EV_APP0228_FIRST_INTERVIEW_AI_CASE_M1_SKILL_03"",""OB_FIRST_PANEL_03_TECHNICAL_REVIEWER_EV_APP0228_FIRST_INTERVIEW_AI_CASE_M1_SKILL_03""]}",CALIBRATION_PANEL_01,2027-02-01T13:15:00+09:00,SYNTHETIC_HUMAN_SCENARIO,M1_EVIDENCE_RUBRIC_V02
DC_APP0228_M1_SKILL_04_000711,APP0228,C0228,M1_SKILL_04,,DISAGREEMENT_REMAINS,"{""difference_types"":[""EVALUATOR_DISAGREEMENT""],""disputed_evidence_ids"":[""EV_APP0228_FIRST_INTERVIEW_PRACTITIONER_QA_M1_SKILL_04"",""EV_APP0228_FINAL_REVIEW_FOCUSED_FOLLOW_UP_M1_SKILL_04""],""limited_evidence_ids"":[],""meaningful_conflict_refs"":[],""missing_evidence_ids"":[""EV_APP0228_SECOND_INTERVIEW_VALUES_BEHAVIOR_INTERVIEW_M1_SKILL_04""],""reason"":""동일 근거에 대한 평가자 해석 차이를 해소할 직접 관찰이 부족하다."",""rubric_review"":""직접 관찰의 행동·검증을 검토하며 다른 맥락의 한계와 평가자 차이를 보존한다."",""supporting_observation_ids"":[]}",CALIBRATION_PANEL_01,2027-02-01T13:15:00+09:00,SYNTHETIC_HUMAN_SCENARIO,M1_EVIDENCE_RUBRIC_V02
DC_APP0228_M1_SKILL_05_000712,APP0228,C0228,M1_SKILL_05,STRONG,AGREED,"{""difference_types"":[],""disputed_evidence_ids"":[],""limited_evidence_ids"":[],""meaningful_conflict_refs"":[],""missing_evidence_ids"":[],""reason"":""동일 Skill의 독립된 직접 관찰로 수행 범위를 확인했다. 다른 맥락의 제한/모호성은 해당 근거의 한계로 보존한다."",""rubric_review"":""직접 관찰의 행동·검증을 검토하며 다른 맥락의 한계와 평가자 차이를 보존한다."",""supporting_observation_ids"":[""OB_FIRST_PANEL_03_ML_ENGINEER_EV_APP0228_FIRST_INTERVIEW_PRACTITIONER_QA_M1_SKILL_05"",""OB_FIRST_PANEL_03_HIRING_MANAGER_EV_APP0228_FIRST_INTERVIEW_PRACTITIONER_QA_M1_SKILL_05"",""OB_FIRST_PANEL_03_TECHNICAL_REVIEWER_EV_APP0228_FIRST_INTERVIEW_PRACTITIONER_QA_M1_SKILL_05"",""OB_SECOND_INTERVIEW_PANEL_01_ML_ENGINEER_EV_APP0228_SECOND_INTERVIEW_VALUES_BEHAVIOR_INTERVIEW_M1_SKILL_05"",""OB_SECOND_INTERVIEW_PANEL_01_HIRING_MANAGER_EV_APP0228_SECOND_INTERVIEW_VALUES_BEHAVIOR_INTERVIEW_M1_SKILL_05""]}",CALIBRATION_PANEL_01,2027-02-01T13:15:00+09:00,SYNTHETIC_HUMAN_SCENARIO,M1_EVIDENCE_RUBRIC_V02
DC_APP0228_M1_SKILL_06_000713,APP0228,C0228,M1_SKILL_06,STRONG,AGREED,"{""difference_types"":[],""disputed_evidence_ids"":[],""limited_evidence_ids"":[],""meaningful_conflict_refs"":[],""missing_evidence_ids"":[],""reason"":""동일 Skill의 독립된 직접 관찰로 수행 범위를 확인했다. 다른 맥락의 제한/모호성은 해당 근거의 한계로 보존한다."",""rubric_review"":""직접 관찰의 행동·검증을 검토하며 다른 맥락의 한계와 평가자 차이를 보존한다."",""supporting_observation_ids"":[""OB_FIRST_PANEL_03_ML_ENGINEER_EV_APP0228_FIRST_INTERVIEW_PRACTITIONER_QA_M1_SKILL_06"",""OB_FIRST_PANEL_03_HIRING_MANAGER_EV_APP0228_FIRST_INTERVIEW_PRACTITIONER_QA_M1_SKILL_06"",""OB_FIRST_PANEL_03_TECHNICAL_REVIEWER_EV_APP0228_FIRST_INTERVIEW_PRACTITIONER_QA_M1_SKILL_06""]}",CALIBRATION_PANEL_01,2027-02-01T13:15:00+09:00,SYNTHETIC_HUMAN_SCENARIO,M1_EVIDENCE_RUBRIC_V02
DC_APP0228_M1_SKILL_07_000714,APP0228,C0228,M1_SKILL_07,,DISAGREEMENT_REMAINS,"{""difference_types"":[""EVALUATOR_DISAGREEMENT""],""disputed_evidence_ids"":[""EV_APP0228_FIRST_INTERVIEW_TECHNICAL_ASSESSMENT_M1_SKILL_07""],""limited_evidence_ids"":[],""meaningful_conflict_refs"":[],""missing_evidence_ids"":[],""reason"":""동일 근거에 대한 평가자 해석 차이를 해소할 직접 관찰이 부족하다."",""rubric_review"":""직접 관찰의 행동·검증을 검토하며 다른 맥락의 한계와 평가자 차이를 보존한다."",""supporting_observation_ids"":[]}",CALIBRATION_PANEL_01,2027-02-01T13:15:00+09:00,SYNTHETIC_HUMAN_SCENARIO,M1_EVIDENCE_RUBRIC_V02
DC_APP0228_M1_SKILL_08_000715,APP0228,C0228,M1_SKILL_08,,INSUFFICIENT_EVIDENCE,"{""difference_types"":[],""disputed_evidence_ids"":[],""limited_evidence_ids"":[],""meaningful_conflict_refs"":[],""missing_evidence_ids"":[""EV_APP0228_FIRST_INTERVIEW_PRACTITIONER_QA_M1_SKILL_08""],""reason"":""직접 판단 근거 부족. 미관찰을 역량 부재로 해석하지 않는다."",""rubric_review"":""직접 관찰의 행동·검증을 검토하며 다른 맥락의 한계와 평가자 차이를 보존한다."",""supporting_observation_ids"":[]}",CALIBRATION_PANEL_01,2027-02-01T13:15:00+09:00,SYNTHETIC_HUMAN_SCENARIO,M1_EVIDENCE_RUBRIC_V02
DC_APP0297_M1_SKILL_01_000716,APP0297,C0297,M1_SKILL_01,MODERATE,AGREED,"{""difference_types"":[""EVIDENCE_EVOLUTION""],""disputed_evidence_ids"":[],""limited_evidence_ids"":[],""meaningful_conflict_refs"":[],""missing_evidence_ids"":[],""reason"":""동일 Skill의 독립된 직접 관찰로 수행 범위를 확인했다. 다른 맥락의 제한/모호성은 해당 근거의 한계로 보존한다."",""rubric_review"":""직접 관찰의 행동·검증을 검토하며 다른 맥락의 한계와 평가자 차이를 보존한다."",""supporting_observation_ids"":[""OB_FIRST_PANEL_04_ML_ENGINEER_EV_APP0297_FIRST_INTERVIEW_TECHNICAL_ASSESSMENT_M1_SKILL_01"",""OB_FIRST_PANEL_04_HIRING_MANAGER_EV_APP0297_FIRST_INTERVIEW_TECHNICAL_ASSESSMENT_M1_SKILL_01"",""OB_FIRST_PANEL_04_TECHNICAL_REVIEWER_EV_APP0297_FIRST_INTERVIEW_TECHNICAL_ASSESSMENT_M1_SKILL_01"",""OB_FIRST_PANEL_04_ML_ENGINEER_EV_APP0297_FIRST_INTERVIEW_AI_CASE_M1_SKILL_01"",""OB_FIRST_PANEL_04_HIRING_MANAGER_EV_APP0297_FIRST_INTERVIEW_AI_CASE_M1_SKILL_01"",""OB_FIRST_PANEL_04_TECHNICAL_REVIEWER_EV_APP0297_FIRST_INTERVIEW_AI_CASE_M1_SKILL_01""]}",CALIBRATION_PANEL_01,2027-01-17T12:00:00+09:00,SYNTHETIC_HUMAN_SCENARIO,M1_EVIDENCE_RUBRIC_V02
DC_APP0297_M1_SKILL_02_000717,APP0297,C0297,M1_SKILL_02,MODERATE,AGREED,"{""difference_types"":[],""disputed_evidence_ids"":[],""limited_evidence_ids"":[],""meaningful_conflict_refs"":[],""missing_evidence_ids"":[],""reason"":""동일 Skill의 독립된 직접 관찰로 수행 범위를 확인했다. 다른 맥락의 제한/모호성은 해당 근거의 한계로 보존한다."",""rubric_review"":""직접 관찰의 행동·검증을 검토하며 다른 맥락의 한계와 평가자 차이를 보존한다."",""supporting_observation_ids"":[""OB_FIRST_PANEL_04_ML_ENGINEER_EV_APP0297_FIRST_INTERVIEW_TECHNICAL_ASSESSMENT_M1_SKILL_02"",""OB_FIRST_PANEL_04_HIRING_MANAGER_EV_APP0297_FIRST_INTERVIEW_TECHNICAL_ASSESSMENT_M1_SKILL_02"",""OB_FIRST_PANEL_04_TECHNICAL_REVIEWER_EV_APP0297_FIRST_INTERVIEW_TECHNICAL_ASSESSMENT_M1_SKILL_02""]}",CALIBRATION_PANEL_01,2027-01-17T12:00:00+09:00,SYNTHETIC_HUMAN_SCENARIO,M1_EVIDENCE_RUBRIC_V02
DC_APP0297_M1_SKILL_03_000718,APP0297,C0297,M1_SKILL_03,MODERATE,AGREED,"{""difference_types"":[""EVIDENCE_EVOLUTION"",""CONTEXT_DIFFERENCE""],""disputed_evidence_ids"":[],""limited_evidence_ids"":[""EV_APP0297_FIRST_INTERVIEW_AI_CASE_M1_SKILL_03""],""meaningful_conflict_refs"":[],""missing_evidence_ids"":[],""reason"":""동일 Skill의 독립된 직접 관찰로 수행 범위를 확인했다. 다른 맥락의 제한/모호성은 해당 근거의 한계로 보존한다."",""rubric_review"":""직접 관찰의 행동·검증을 검토하며 다른 맥락의 한계와 평가자 차이를 보존한다."",""supporting_observation_ids"":[""OB_REVIEW_ML_01_EV_APP0297_PRE_ASSESSMENT_CODING_TEST_M1_SKILL_03"",""OB_REVIEW_HM_01_EV_APP0297_PRE_ASSESSMENT_CODING_TEST_M1_SKILL_03""]}",CALIBRATION_PANEL_01,2027-01-17T12:00:00+09:00,SYNTHETIC_HUMAN_SCENARIO,M1_EVIDENCE_RUBRIC_V02
DC_APP0297_M1_SKILL_04_000719,APP0297,C0297,M1_SKILL_04,STRONG,AGREED,"{""difference_types"":[""EVIDENCE_EVOLUTION""],""disputed_evidence_ids"":[],""limited_evidence_ids"":[],""meaningful_conflict_refs"":[],""missing_evidence_ids"":[""EV_APP0297_SECOND_INTERVIEW_VALUES_BEHAVIOR_INTERVIEW_M1_SKILL_04""],""reason"":""동일 Skill의 독립된 직접 관찰로 수행 범위를 확인했다. 다른 맥락의 제한/모호성은 해당 근거의 한계로 보존한다."",""rubric_review"":""직접 관찰의 행동·검증을 검토하며 다른 맥락의 한계와 평가자 차이를 보존한다."",""supporting_observation_ids"":[""OB_FIRST_PANEL_04_ML_ENGINEER_EV_APP0297_FIRST_INTERVIEW_PRACTITIONER_QA_M1_SKILL_04"",""OB_FIRST_PANEL_04_HIRING_MANAGER_EV_APP0297_FIRST_INTERVIEW_PRACTITIONER_QA_M1_SKILL_04"",""OB_FIRST_PANEL_04_TECHNICAL_REVIEWER_EV_APP0297_FIRST_INTERVIEW_PRACTITIONER_QA_M1_SKILL_04""]}",CALIBRATION_PANEL_01,2027-01-17T12:00:00+09:00,SYNTHETIC_HUMAN_SCENARIO,M1_EVIDENCE_RUBRIC_V02
DC_APP0297_M1_SKILL_05_000720,APP0297,C0297,M1_SKILL_05,LIMITED,AGREED,"{""difference_types"":[],""disputed_evidence_ids"":[],""limited_evidence_ids"":[""EV_APP0297_SECOND_INTERVIEW_VALUES_BEHAVIOR_INTERVIEW_M1_SKILL_05""],""meaningful_conflict_refs"":[],""missing_evidence_ids"":[""EV_APP0297_FIRST_INTERVIEW_PRACTITIONER_QA_M1_SKILL_05""],""reason"":""관찰된 직접 근거의 범위가 제한적이다. 자기기술만으로 보완하지 않는다."",""rubric_review"":""직접 관찰의 행동·검증을 검토하며 다른 맥락의 한계와 평가자 차이를 보존한다."",""supporting_observation_ids"":[""OB_SECOND_INTERVIEW_PANEL_01_ML_ENGINEER_EV_APP0297_SECOND_INTERVIEW_VALUES_BEHAVIOR_INTERVIEW_M1_SKILL_05"",""OB_SECOND_INTERVIEW_PANEL_01_HIRING_MANAGER_EV_APP0297_SECOND_INTERVIEW_VALUES_BEHAVIOR_INTERVIEW_M1_SKILL_05""]}",CALIBRATION_PANEL_01,2027-01-17T12:00:00+09:00,SYNTHETIC_HUMAN_SCENARIO,M1_EVIDENCE_RUBRIC_V02
DC_APP0297_M1_SKILL_06_000721,APP0297,C0297,M1_SKILL_06,STRONG,AGREED,"{""difference_types"":[],""disputed_evidence_ids"":[],""limited_evidence_ids"":[],""meaningful_conflict_refs"":[],""missing_evidence_ids"":[],""reason"":""동일 Skill의 독립된 직접 관찰로 수행 범위를 확인했다. 다른 맥락의 제한/모호성은 해당 근거의 한계로 보존한다."",""rubric_review"":""직접 관찰의 행동·검증을 검토하며 다른 맥락의 한계와 평가자 차이를 보존한다."",""supporting_observation_ids"":[""OB_FIRST_PANEL_04_ML_ENGINEER_EV_APP0297_FIRST_INTERVIEW_PRACTITIONER_QA_M1_SKILL_06"",""OB_FIRST_PANEL_04_HIRING_MANAGER_EV_APP0297_FIRST_INTERVIEW_PRACTITIONER_QA_M1_SKILL_06"",""OB_FIRST_PANEL_04_TECHNICAL_REVIEWER_EV_APP0297_FIRST_INTERVIEW_PRACTITIONER_QA_M1_SKILL_06""]}",CALIBRATION_PANEL_01,2027-01-17T12:00:00+09:00,SYNTHETIC_HUMAN_SCENARIO,M1_EVIDENCE_RUBRIC_V02
DC_APP0297_M1_SKILL_07_000722,APP0297,C0297,M1_SKILL_07,LIMITED,AGREED,"{""difference_types"":[],""disputed_evidence_ids"":[],""limited_evidence_ids"":[""EV_APP0297_FIRST_INTERVIEW_TECHNICAL_ASSESSMENT_M1_SKILL_07""],""meaningful_conflict_refs"":[],""missing_evidence_ids"":[],""reason"":""관찰된 직접 근거의 범위가 제한적이다. 자기기술만으로 보완하지 않는다."",""rubric_review"":""직접 관찰의 행동·검증을 검토하며 다른 맥락의 한계와 평가자 차이를 보존한다."",""supporting_observation_ids"":[""OB_FIRST_PANEL_04_ML_ENGINEER_EV_APP0297_FIRST_INTERVIEW_TECHNICAL_ASSESSMENT_M1_SKILL_07"",""OB_FIRST_PANEL_04_HIRING_MANAGER_EV_APP0297_FIRST_INTERVIEW_TECHNICAL_ASSESSMENT_M1_SKILL_07"",""OB_FIRST_PANEL_04_TECHNICAL_REVIEWER_EV_APP0297_FIRST_INTERVIEW_TECHNICAL_ASSESSMENT_M1_SKILL_07""]}",CALIBRATION_PANEL_01,2027-01-17T12:00:00+09:00,SYNTHETIC_HUMAN_SCENARIO,M1_EVIDENCE_RUBRIC_V02
DC_APP0297_M1_SKILL_08_000723,APP0297,C0297,M1_SKILL_08,,DISAGREEMENT_REMAINS,"{""difference_types"":[""EVALUATOR_DISAGREEMENT""],""disputed_evidence_ids"":[""EV_APP0297_FIRST_INTERVIEW_PRACTITIONER_QA_M1_SKILL_08""],""limited_evidence_ids"":[],""meaningful_conflict_refs"":[],""missing_evidence_ids"":[],""reason"":""동일 근거에 대한 평가자 해석 차이를 해소할 직접 관찰이 부족하다."",""rubric_review"":""직접 관찰의 행동·검증을 검토하며 다른 맥락의 한계와 평가자 차이를 보존한다."",""supporting_observation_ids"":[]}",CALIBRATION_PANEL_01,2027-01-17T12:00:00+09:00,SYNTHETIC_HUMAN_SCENARIO,M1_EVIDENCE_RUBRIC_V02
DC_APP0297_M1_SKILL_01_000724,APP0297,C0297,M1_SKILL_01,MODERATE,AGREED,"{""difference_types"":[""EVIDENCE_EVOLUTION""],""disputed_evidence_ids"":[],""limited_evidence_ids"":[],""meaningful_conflict_refs"":[],""missing_evidence_ids"":[],""reason"":""동일 Skill의 독립된 직접 관찰로 수행 범위를 확인했다. 다른 맥락의 제한/모호성은 해당 근거의 한계로 보존한다."",""rubric_review"":""직접 관찰의 행동·검증을 검토하며 다른 맥락의 한계와 평가자 차이를 보존한다."",""supporting_observation_ids"":[""OB_FIRST_PANEL_04_ML_ENGINEER_EV_APP0297_FIRST_INTERVIEW_TECHNICAL_ASSESSMENT_M1_SKILL_01"",""OB_FIRST_PANEL_04_HIRING_MANAGER_EV_APP0297_FIRST_INTERVIEW_TECHNICAL_ASSESSMENT_M1_SKILL_01"",""OB_FIRST_PANEL_04_TECHNICAL_REVIEWER_EV_APP0297_FIRST_INTERVIEW_TECHNICAL_ASSESSMENT_M1_SKILL_01"",""OB_FIRST_PANEL_04_ML_ENGINEER_EV_APP0297_FIRST_INTERVIEW_AI_CASE_M1_SKILL_01"",""OB_FIRST_PANEL_04_HIRING_MANAGER_EV_APP0297_FIRST_INTERVIEW_AI_CASE_M1_SKILL_01"",""OB_FIRST_PANEL_04_TECHNICAL_REVIEWER_EV_APP0297_FIRST_INTERVIEW_AI_CASE_M1_SKILL_01""]}",CALIBRATION_PANEL_01,2027-01-25T12:40:00+09:00,SYNTHETIC_HUMAN_SCENARIO,M1_EVIDENCE_RUBRIC_V02
DC_APP0297_M1_SKILL_02_000725,APP0297,C0297,M1_SKILL_02,MODERATE,AGREED,"{""difference_types"":[],""disputed_evidence_ids"":[],""limited_evidence_ids"":[],""meaningful_conflict_refs"":[],""missing_evidence_ids"":[],""reason"":""동일 Skill의 독립된 직접 관찰로 수행 범위를 확인했다. 다른 맥락의 제한/모호성은 해당 근거의 한계로 보존한다."",""rubric_review"":""직접 관찰의 행동·검증을 검토하며 다른 맥락의 한계와 평가자 차이를 보존한다."",""supporting_observation_ids"":[""OB_FIRST_PANEL_04_ML_ENGINEER_EV_APP0297_FIRST_INTERVIEW_TECHNICAL_ASSESSMENT_M1_SKILL_02"",""OB_FIRST_PANEL_04_HIRING_MANAGER_EV_APP0297_FIRST_INTERVIEW_TECHNICAL_ASSESSMENT_M1_SKILL_02"",""OB_FIRST_PANEL_04_TECHNICAL_REVIEWER_EV_APP0297_FIRST_INTERVIEW_TECHNICAL_ASSESSMENT_M1_SKILL_02""]}",CALIBRATION_PANEL_01,2027-01-25T12:40:00+09:00,SYNTHETIC_HUMAN_SCENARIO,M1_EVIDENCE_RUBRIC_V02
DC_APP0297_M1_SKILL_03_000726,APP0297,C0297,M1_SKILL_03,MODERATE,AGREED,"{""difference_types"":[""EVIDENCE_EVOLUTION"",""CONTEXT_DIFFERENCE""],""disputed_evidence_ids"":[],""limited_evidence_ids"":[""EV_APP0297_FIRST_INTERVIEW_AI_CASE_M1_SKILL_03""],""meaningful_conflict_refs"":[],""missing_evidence_ids"":[],""reason"":""동일 Skill의 독립된 직접 관찰로 수행 범위를 확인했다. 다른 맥락의 제한/모호성은 해당 근거의 한계로 보존한다."",""rubric_review"":""직접 관찰의 행동·검증을 검토하며 다른 맥락의 한계와 평가자 차이를 보존한다."",""supporting_observation_ids"":[""OB_REVIEW_ML_01_EV_APP0297_PRE_ASSESSMENT_CODING_TEST_M1_SKILL_03"",""OB_REVIEW_HM_01_EV_APP0297_PRE_ASSESSMENT_CODING_TEST_M1_SKILL_03""]}",CALIBRATION_PANEL_01,2027-01-25T12:40:00+09:00,SYNTHETIC_HUMAN_SCENARIO,M1_EVIDENCE_RUBRIC_V02
DC_APP0297_M1_SKILL_04_000727,APP0297,C0297,M1_SKILL_04,STRONG,AGREED,"{""difference_types"":[""EVIDENCE_EVOLUTION""],""disputed_evidence_ids"":[],""limited_evidence_ids"":[],""meaningful_conflict_refs"":[],""missing_evidence_ids"":[""EV_APP0297_SECOND_INTERVIEW_VALUES_BEHAVIOR_INTERVIEW_M1_SKILL_04""],""reason"":""동일 Skill의 독립된 직접 관찰로 수행 범위를 확인했다. 다른 맥락의 제한/모호성은 해당 근거의 한계로 보존한다."",""rubric_review"":""직접 관찰의 행동·검증을 검토하며 다른 맥락의 한계와 평가자 차이를 보존한다."",""supporting_observation_ids"":[""OB_FIRST_PANEL_04_ML_ENGINEER_EV_APP0297_FIRST_INTERVIEW_PRACTITIONER_QA_M1_SKILL_04"",""OB_FIRST_PANEL_04_HIRING_MANAGER_EV_APP0297_FIRST_INTERVIEW_PRACTITIONER_QA_M1_SKILL_04"",""OB_FIRST_PANEL_04_TECHNICAL_REVIEWER_EV_APP0297_FIRST_INTERVIEW_PRACTITIONER_QA_M1_SKILL_04""]}",CALIBRATION_PANEL_01,2027-01-25T12:40:00+09:00,SYNTHETIC_HUMAN_SCENARIO,M1_EVIDENCE_RUBRIC_V02
DC_APP0297_M1_SKILL_05_000728,APP0297,C0297,M1_SKILL_05,LIMITED,AGREED,"{""difference_types"":[],""disputed_evidence_ids"":[],""limited_evidence_ids"":[""EV_APP0297_SECOND_INTERVIEW_VALUES_BEHAVIOR_INTERVIEW_M1_SKILL_05""],""meaningful_conflict_refs"":[],""missing_evidence_ids"":[""EV_APP0297_FIRST_INTERVIEW_PRACTITIONER_QA_M1_SKILL_05"",""EV_APP0297_FINAL_REVIEW_FOCUSED_FOLLOW_UP_M1_SKILL_05""],""reason"":""관찰된 직접 근거의 범위가 제한적이다. 자기기술만으로 보완하지 않는다."",""rubric_review"":""직접 관찰의 행동·검증을 검토하며 다른 맥락의 한계와 평가자 차이를 보존한다."",""supporting_observation_ids"":[""OB_SECOND_INTERVIEW_PANEL_01_ML_ENGINEER_EV_APP0297_SECOND_INTERVIEW_VALUES_BEHAVIOR_INTERVIEW_M1_SKILL_05"",""OB_SECOND_INTERVIEW_PANEL_01_HIRING_MANAGER_EV_APP0297_SECOND_INTERVIEW_VALUES_BEHAVIOR_INTERVIEW_M1_SKILL_05""]}",CALIBRATION_PANEL_01,2027-01-25T12:40:00+09:00,SYNTHETIC_HUMAN_SCENARIO,M1_EVIDENCE_RUBRIC_V02
DC_APP0297_M1_SKILL_06_000729,APP0297,C0297,M1_SKILL_06,STRONG,AGREED,"{""difference_types"":[],""disputed_evidence_ids"":[],""limited_evidence_ids"":[],""meaningful_conflict_refs"":[],""missing_evidence_ids"":[],""reason"":""동일 Skill의 독립된 직접 관찰로 수행 범위를 확인했다. 다른 맥락의 제한/모호성은 해당 근거의 한계로 보존한다."",""rubric_review"":""직접 관찰의 행동·검증을 검토하며 다른 맥락의 한계와 평가자 차이를 보존한다."",""supporting_observation_ids"":[""OB_FIRST_PANEL_04_ML_ENGINEER_EV_APP0297_FIRST_INTERVIEW_PRACTITIONER_QA_M1_SKILL_06"",""OB_FIRST_PANEL_04_HIRING_MANAGER_EV_APP0297_FIRST_INTERVIEW_PRACTITIONER_QA_M1_SKILL_06"",""OB_FIRST_PANEL_04_TECHNICAL_REVIEWER_EV_APP0297_FIRST_INTERVIEW_PRACTITIONER_QA_M1_SKILL_06""]}",CALIBRATION_PANEL_01,2027-01-25T12:40:00+09:00,SYNTHETIC_HUMAN_SCENARIO,M1_EVIDENCE_RUBRIC_V02
DC_APP0297_M1_SKILL_07_000730,APP0297,C0297,M1_SKILL_07,LIMITED,AGREED,"{""difference_types"":[],""disputed_evidence_ids"":[],""limited_evidence_ids"":[""EV_APP0297_FIRST_INTERVIEW_TECHNICAL_ASSESSMENT_M1_SKILL_07""],""meaningful_conflict_refs"":[],""missing_evidence_ids"":[],""reason"":""관찰된 직접 근거의 범위가 제한적이다. 자기기술만으로 보완하지 않는다."",""rubric_review"":""직접 관찰의 행동·검증을 검토하며 다른 맥락의 한계와 평가자 차이를 보존한다."",""supporting_observation_ids"":[""OB_FIRST_PANEL_04_ML_ENGINEER_EV_APP0297_FIRST_INTERVIEW_TECHNICAL_ASSESSMENT_M1_SKILL_07"",""OB_FIRST_PANEL_04_HIRING_MANAGER_EV_APP0297_FIRST_INTERVIEW_TECHNICAL_ASSESSMENT_M1_SKILL_07"",""OB_FIRST_PANEL_04_TECHNICAL_REVIEWER_EV_APP0297_FIRST_INTERVIEW_TECHNICAL_ASSESSMENT_M1_SKILL_07""]}",CALIBRATION_PANEL_01,2027-01-25T12:40:00+09:00,SYNTHETIC_HUMAN_SCENARIO,M1_EVIDENCE_RUBRIC_V02
DC_APP0297_M1_SKILL_08_000731,APP0297,C0297,M1_SKILL_08,,DISAGREEMENT_REMAINS,"{""difference_types"":[""EVALUATOR_DISAGREEMENT""],""disputed_evidence_ids"":[""EV_APP0297_FIRST_INTERVIEW_PRACTITIONER_QA_M1_SKILL_08""],""limited_evidence_ids"":[],""meaningful_conflict_refs"":[],""missing_evidence_ids"":[],""reason"":""동일 근거에 대한 평가자 해석 차이를 해소할 직접 관찰이 부족하다."",""rubric_review"":""직접 관찰의 행동·검증을 검토하며 다른 맥락의 한계와 평가자 차이를 보존한다."",""supporting_observation_ids"":[]}",CALIBRATION_PANEL_01,2027-01-25T12:40:00+09:00,SYNTHETIC_HUMAN_SCENARIO,M1_EVIDENCE_RUBRIC_V02
DC_APP0300_M1_SKILL_01_000732,APP0300,C0300,M1_SKILL_01,STRONG,AGREED,"{""difference_types"":[""EVIDENCE_EVOLUTION""],""disputed_evidence_ids"":[],""limited_evidence_ids"":[],""meaningful_conflict_refs"":[],""missing_evidence_ids"":[],""reason"":""동일 Skill의 독립된 직접 관찰로 수행 범위를 확인했다. 다른 맥락의 제한/모호성은 해당 근거의 한계로 보존한다."",""rubric_review"":""직접 관찰의 행동·검증을 검토하며 다른 맥락의 한계와 평가자 차이를 보존한다."",""supporting_observation_ids"":[""OB_FIRST_PANEL_05_ML_ENGINEER_EV_APP0300_FIRST_INTERVIEW_TECHNICAL_ASSESSMENT_M1_SKILL_01"",""OB_FIRST_PANEL_05_HIRING_MANAGER_EV_APP0300_FIRST_INTERVIEW_TECHNICAL_ASSESSMENT_M1_SKILL_01"",""OB_FIRST_PANEL_05_TECHNICAL_REVIEWER_EV_APP0300_FIRST_INTERVIEW_TECHNICAL_ASSESSMENT_M1_SKILL_01"",""OB_FIRST_PANEL_05_ML_ENGINEER_EV_APP0300_FIRST_INTERVIEW_AI_CASE_M1_SKILL_01"",""OB_FIRST_PANEL_05_HIRING_MANAGER_EV_APP0300_FIRST_INTERVIEW_AI_CASE_M1_SKILL_01"",""OB_FIRST_PANEL_05_TECHNICAL_REVIEWER_EV_APP0300_FIRST_INTERVIEW_AI_CASE_M1_SKILL_01""]}",CALIBRATION_PANEL_01,2027-01-22T11:10:00+09:00,SYNTHETIC_HUMAN_SCENARIO,M1_EVIDENCE_RUBRIC_V02
DC_APP0300_M1_SKILL_02_000733,APP0300,C0300,M1_SKILL_02,MODERATE,AGREED,"{""difference_types"":[],""disputed_evidence_ids"":[],""limited_evidence_ids"":[],""meaningful_conflict_refs"":[],""missing_evidence_ids"":[],""reason"":""동일 Skill의 독립된 직접 관찰로 수행 범위를 확인했다. 다른 맥락의 제한/모호성은 해당 근거의 한계로 보존한다."",""rubric_review"":""직접 관찰의 행동·검증을 검토하며 다른 맥락의 한계와 평가자 차이를 보존한다."",""supporting_observation_ids"":[""OB_FIRST_PANEL_05_ML_ENGINEER_EV_APP0300_FIRST_INTERVIEW_TECHNICAL_ASSESSMENT_M1_SKILL_02"",""OB_FIRST_PANEL_05_HIRING_MANAGER_EV_APP0300_FIRST_INTERVIEW_TECHNICAL_ASSESSMENT_M1_SKILL_02"",""OB_FIRST_PANEL_05_TECHNICAL_REVIEWER_EV_APP0300_FIRST_INTERVIEW_TECHNICAL_ASSESSMENT_M1_SKILL_02""]}",CALIBRATION_PANEL_01,2027-01-22T11:10:00+09:00,SYNTHETIC_HUMAN_SCENARIO,M1_EVIDENCE_RUBRIC_V02
DC_APP0300_M1_SKILL_03_000734,APP0300,C0300,M1_SKILL_03,STRONG,AGREED,"{""difference_types"":[""EVIDENCE_EVOLUTION""],""disputed_evidence_ids"":[],""limited_evidence_ids"":[],""meaningful_conflict_refs"":[],""missing_evidence_ids"":[],""reason"":""동일 Skill의 독립된 직접 관찰로 수행 범위를 확인했다. 다른 맥락의 제한/모호성은 해당 근거의 한계로 보존한다."",""rubric_review"":""직접 관찰의 행동·검증을 검토하며 다른 맥락의 한계와 평가자 차이를 보존한다."",""supporting_observation_ids"":[""OB_REVIEW_ML_01_EV_APP0300_PRE_ASSESSMENT_CODING_TEST_M1_SKILL_03"",""OB_REVIEW_HM_01_EV_APP0300_PRE_ASSESSMENT_CODING_TEST_M1_SKILL_03"",""OB_FIRST_PANEL_05_ML_ENGINEER_EV_APP0300_FIRST_INTERVIEW_AI_CASE_M1_SKILL_03"",""OB_FIRST_PANEL_05_HIRING_MANAGER_EV_APP0300_FIRST_INTERVIEW_AI_CASE_M1_SKILL_03"",""OB_FIRST_PANEL_05_TECHNICAL_REVIEWER_EV_APP0300_FIRST_INTERVIEW_AI_CASE_M1_SKILL_03""]}",CALIBRATION_PANEL_01,2027-01-22T11:10:00+09:00,SYNTHETIC_HUMAN_SCENARIO,M1_EVIDENCE_RUBRIC_V02
DC_APP0300_M1_SKILL_04_000735,APP0300,C0300,M1_SKILL_04,STRONG,AGREED,"{""difference_types"":[],""disputed_evidence_ids"":[],""limited_evidence_ids"":[],""meaningful_conflict_refs"":[],""missing_evidence_ids"":[],""reason"":""동일 Skill의 독립된 직접 관찰로 수행 범위를 확인했다. 다른 맥락의 제한/모호성은 해당 근거의 한계로 보존한다."",""rubric_review"":""직접 관찰의 행동·검증을 검토하며 다른 맥락의 한계와 평가자 차이를 보존한다."",""supporting_observation_ids"":[""OB_FIRST_PANEL_05_ML_ENGINEER_EV_APP0300_FIRST_INTERVIEW_PRACTITIONER_QA_M1_SKILL_04"",""OB_FIRST_PANEL_05_HIRING_MANAGER_EV_APP0300_FIRST_INTERVIEW_PRACTITIONER_QA_M1_SKILL_04"",""OB_FIRST_PANEL_05_TECHNICAL_REVIEWER_EV_APP0300_FIRST_INTERVIEW_PRACTITIONER_QA_M1_SKILL_04"",""OB_SECOND_INTERVIEW_PANEL_01_ML_ENGINEER_EV_APP0300_SECOND_INTERVIEW_VALUES_BEHAVIOR_INTERVIEW_M1_SKILL_04"",""OB_SECOND_INTERVIEW_PANEL_01_HIRING_MANAGER_EV_APP0300_SECOND_INTERVIEW_VALUES_BEHAVIOR_INTERVIEW_M1_SKILL_04""]}",CALIBRATION_PANEL_01,2027-01-22T11:10:00+09:00,SYNTHETIC_HUMAN_SCENARIO,M1_EVIDENCE_RUBRIC_V02
DC_APP0300_M1_SKILL_05_000736,APP0300,C0300,M1_SKILL_05,STRONG,AGREED,"{""difference_types"":[""EVIDENCE_EVOLUTION""],""disputed_evidence_ids"":[],""limited_evidence_ids"":[],""meaningful_conflict_refs"":[],""missing_evidence_ids"":[""EV_APP0300_SECOND_INTERVIEW_VALUES_BEHAVIOR_INTERVIEW_M1_SKILL_05""],""reason"":""동일 Skill의 독립된 직접 관찰로 수행 범위를 확인했다. 다른 맥락의 제한/모호성은 해당 근거의 한계로 보존한다."",""rubric_review"":""직접 관찰의 행동·검증을 검토하며 다른 맥락의 한계와 평가자 차이를 보존한다."",""supporting_observation_ids"":[""OB_FIRST_PANEL_05_ML_ENGINEER_EV_APP0300_FIRST_INTERVIEW_PRACTITIONER_QA_M1_SKILL_05"",""OB_FIRST_PANEL_05_HIRING_MANAGER_EV_APP0300_FIRST_INTERVIEW_PRACTITIONER_QA_M1_SKILL_05"",""OB_FIRST_PANEL_05_TECHNICAL_REVIEWER_EV_APP0300_FIRST_INTERVIEW_PRACTITIONER_QA_M1_SKILL_05""]}",CALIBRATION_PANEL_01,2027-01-22T11:10:00+09:00,SYNTHETIC_HUMAN_SCENARIO,M1_EVIDENCE_RUBRIC_V02
DC_APP0300_M1_SKILL_06_000737,APP0300,C0300,M1_SKILL_06,,DISAGREEMENT_REMAINS,"{""difference_types"":[""EVALUATOR_DISAGREEMENT""],""disputed_evidence_ids"":[""EV_APP0300_FIRST_INTERVIEW_PRACTITIONER_QA_M1_SKILL_06""],""limited_evidence_ids"":[],""meaningful_conflict_refs"":[],""missing_evidence_ids"":[],""reason"":""동일 근거에 대한 평가자 해석 차이를 해소할 직접 관찰이 부족하다."",""rubric_review"":""직접 관찰의 행동·검증을 검토하며 다른 맥락의 한계와 평가자 차이를 보존한다."",""supporting_observation_ids"":[]}",CALIBRATION_PANEL_01,2027-01-22T11:10:00+09:00,SYNTHETIC_HUMAN_SCENARIO,M1_EVIDENCE_RUBRIC_V02
DC_APP0300_M1_SKILL_07_000738,APP0300,C0300,M1_SKILL_07,,INSUFFICIENT_EVIDENCE,"{""difference_types"":[],""disputed_evidence_ids"":[],""limited_evidence_ids"":[],""meaningful_conflict_refs"":[],""missing_evidence_ids"":[""EV_APP0300_FIRST_INTERVIEW_TECHNICAL_ASSESSMENT_M1_SKILL_07""],""reason"":""직접 판단 근거 부족. 미관찰을 역량 부재로 해석하지 않는다."",""rubric_review"":""직접 관찰의 행동·검증을 검토하며 다른 맥락의 한계와 평가자 차이를 보존한다."",""supporting_observation_ids"":[]}",CALIBRATION_PANEL_01,2027-01-22T11:10:00+09:00,SYNTHETIC_HUMAN_SCENARIO,M1_EVIDENCE_RUBRIC_V02
DC_APP0300_M1_SKILL_08_000739,APP0300,C0300,M1_SKILL_08,MODERATE,AGREED,"{""difference_types"":[],""disputed_evidence_ids"":[],""limited_evidence_ids"":[],""meaningful_conflict_refs"":[],""missing_evidence_ids"":[],""reason"":""동일 Skill의 독립된 직접 관찰로 수행 범위를 확인했다. 다른 맥락의 제한/모호성은 해당 근거의 한계로 보존한다."",""rubric_review"":""직접 관찰의 행동·검증을 검토하며 다른 맥락의 한계와 평가자 차이를 보존한다."",""supporting_observation_ids"":[""OB_FIRST_PANEL_05_ML_ENGINEER_EV_APP0300_FIRST_INTERVIEW_PRACTITIONER_QA_M1_SKILL_08"",""OB_FIRST_PANEL_05_HIRING_MANAGER_EV_APP0300_FIRST_INTERVIEW_PRACTITIONER_QA_M1_SKILL_08"",""OB_FIRST_PANEL_05_TECHNICAL_REVIEWER_EV_APP0300_FIRST_INTERVIEW_PRACTITIONER_QA_M1_SKILL_08""]}",CALIBRATION_PANEL_01,2027-01-22T11:10:00+09:00,SYNTHETIC_HUMAN_SCENARIO,M1_EVIDENCE_RUBRIC_V02
DC_APP0342_M1_SKILL_01_000740,APP0342,C0342,M1_SKILL_01,STRONG,AGREED,"{""difference_types"":[""EVIDENCE_EVOLUTION""],""disputed_evidence_ids"":[],""limited_evidence_ids"":[],""meaningful_conflict_refs"":[],""missing_evidence_ids"":[],""reason"":""동일 Skill의 독립된 직접 관찰로 수행 범위를 확인했다. 다른 맥락의 제한/모호성은 해당 근거의 한계로 보존한다."",""rubric_review"":""직접 관찰의 행동·검증을 검토하며 다른 맥락의 한계와 평가자 차이를 보존한다."",""supporting_observation_ids"":[""OB_FIRST_PANEL_09_ML_ENGINEER_EV_APP0342_FIRST_INTERVIEW_TECHNICAL_ASSESSMENT_M1_SKILL_01"",""OB_FIRST_PANEL_09_HIRING_MANAGER_EV_APP0342_FIRST_INTERVIEW_TECHNICAL_ASSESSMENT_M1_SKILL_01"",""OB_FIRST_PANEL_09_TECHNICAL_REVIEWER_EV_APP0342_FIRST_INTERVIEW_TECHNICAL_ASSESSMENT_M1_SKILL_01"",""OB_FIRST_PANEL_09_ML_ENGINEER_EV_APP0342_FIRST_INTERVIEW_AI_CASE_M1_SKILL_01"",""OB_FIRST_PANEL_09_HIRING_MANAGER_EV_APP0342_FIRST_INTERVIEW_AI_CASE_M1_SKILL_01"",""OB_FIRST_PANEL_09_TECHNICAL_REVIEWER_EV_APP0342_FIRST_INTERVIEW_AI_CASE_M1_SKILL_01""]}",CALIBRATION_PANEL_01,2027-01-23T10:50:00+09:00,SYNTHETIC_HUMAN_SCENARIO,M1_EVIDENCE_RUBRIC_V02
DC_APP0342_M1_SKILL_02_000741,APP0342,C0342,M1_SKILL_02,STRONG,AGREED,"{""difference_types"":[],""disputed_evidence_ids"":[],""limited_evidence_ids"":[],""meaningful_conflict_refs"":[],""missing_evidence_ids"":[],""reason"":""동일 Skill의 독립된 직접 관찰로 수행 범위를 확인했다. 다른 맥락의 제한/모호성은 해당 근거의 한계로 보존한다."",""rubric_review"":""직접 관찰의 행동·검증을 검토하며 다른 맥락의 한계와 평가자 차이를 보존한다."",""supporting_observation_ids"":[""OB_FIRST_PANEL_09_ML_ENGINEER_EV_APP0342_FIRST_INTERVIEW_TECHNICAL_ASSESSMENT_M1_SKILL_02"",""OB_FIRST_PANEL_09_HIRING_MANAGER_EV_APP0342_FIRST_INTERVIEW_TECHNICAL_ASSESSMENT_M1_SKILL_02"",""OB_FIRST_PANEL_09_TECHNICAL_REVIEWER_EV_APP0342_FIRST_INTERVIEW_TECHNICAL_ASSESSMENT_M1_SKILL_02""]}",CALIBRATION_PANEL_01,2027-01-23T10:50:00+09:00,SYNTHETIC_HUMAN_SCENARIO,M1_EVIDENCE_RUBRIC_V02
DC_APP0342_M1_SKILL_03_000742,APP0342,C0342,M1_SKILL_03,STRONG,AGREED,"{""difference_types"":[""EVIDENCE_EVOLUTION""],""disputed_evidence_ids"":[],""limited_evidence_ids"":[],""meaningful_conflict_refs"":[],""missing_evidence_ids"":[],""reason"":""동일 Skill의 독립된 직접 관찰로 수행 범위를 확인했다. 다른 맥락의 제한/모호성은 해당 근거의 한계로 보존한다."",""rubric_review"":""직접 관찰의 행동·검증을 검토하며 다른 맥락의 한계와 평가자 차이를 보존한다."",""supporting_observation_ids"":[""OB_REVIEW_ML_01_EV_APP0342_PRE_ASSESSMENT_CODING_TEST_M1_SKILL_03"",""OB_REVIEW_HM_01_EV_APP0342_PRE_ASSESSMENT_CODING_TEST_M1_SKILL_03"",""OB_FIRST_PANEL_09_ML_ENGINEER_EV_APP0342_FIRST_INTERVIEW_AI_CASE_M1_SKILL_03"",""OB_FIRST_PANEL_09_HIRING_MANAGER_EV_APP0342_FIRST_INTERVIEW_AI_CASE_M1_SKILL_03"",""OB_FIRST_PANEL_09_TECHNICAL_REVIEWER_EV_APP0342_FIRST_INTERVIEW_AI_CASE_M1_SKILL_03""]}",CALIBRATION_PANEL_01,2027-01-23T10:50:00+09:00,SYNTHETIC_HUMAN_SCENARIO,M1_EVIDENCE_RUBRIC_V02
DC_APP0342_M1_SKILL_04_000743,APP0342,C0342,M1_SKILL_04,MODERATE,AGREED,"{""difference_types"":[""EVIDENCE_EVOLUTION""],""disputed_evidence_ids"":[],""limited_evidence_ids"":[],""meaningful_conflict_refs"":[],""missing_evidence_ids"":[""EV_APP0342_SECOND_INTERVIEW_VALUES_BEHAVIOR_INTERVIEW_M1_SKILL_04""],""reason"":""동일 Skill의 독립된 직접 관찰로 수행 범위를 확인했다. 다른 맥락의 제한/모호성은 해당 근거의 한계로 보존한다."",""rubric_review"":""직접 관찰의 행동·검증을 검토하며 다른 맥락의 한계와 평가자 차이를 보존한다."",""supporting_observation_ids"":[""OB_FIRST_PANEL_09_ML_ENGINEER_EV_APP0342_FIRST_INTERVIEW_PRACTITIONER_QA_M1_SKILL_04"",""OB_FIRST_PANEL_09_HIRING_MANAGER_EV_APP0342_FIRST_INTERVIEW_PRACTITIONER_QA_M1_SKILL_04"",""OB_FIRST_PANEL_09_TECHNICAL_REVIEWER_EV_APP0342_FIRST_INTERVIEW_PRACTITIONER_QA_M1_SKILL_04""]}",CALIBRATION_PANEL_01,2027-01-23T10:50:00+09:00,SYNTHETIC_HUMAN_SCENARIO,M1_EVIDENCE_RUBRIC_V02
DC_APP0342_M1_SKILL_05_000744,APP0342,C0342,M1_SKILL_05,STRONG,AGREED,"{""difference_types"":[],""disputed_evidence_ids"":[],""limited_evidence_ids"":[],""meaningful_conflict_refs"":[],""missing_evidence_ids"":[],""reason"":""동일 Skill의 독립된 직접 관찰로 수행 범위를 확인했다. 다른 맥락의 제한/모호성은 해당 근거의 한계로 보존한다."",""rubric_review"":""직접 관찰의 행동·검증을 검토하며 다른 맥락의 한계와 평가자 차이를 보존한다."",""supporting_observation_ids"":[""OB_FIRST_PANEL_09_ML_ENGINEER_EV_APP0342_FIRST_INTERVIEW_PRACTITIONER_QA_M1_SKILL_05"",""OB_FIRST_PANEL_09_HIRING_MANAGER_EV_APP0342_FIRST_INTERVIEW_PRACTITIONER_QA_M1_SKILL_05"",""OB_FIRST_PANEL_09_TECHNICAL_REVIEWER_EV_APP0342_FIRST_INTERVIEW_PRACTITIONER_QA_M1_SKILL_05"",""OB_SECOND_INTERVIEW_PANEL_01_ML_ENGINEER_EV_APP0342_SECOND_INTERVIEW_VALUES_BEHAVIOR_INTERVIEW_M1_SKILL_05"",""OB_SECOND_INTERVIEW_PANEL_01_HIRING_MANAGER_EV_APP0342_SECOND_INTERVIEW_VALUES_BEHAVIOR_INTERVIEW_M1_SKILL_05""]}",CALIBRATION_PANEL_01,2027-01-23T10:50:00+09:00,SYNTHETIC_HUMAN_SCENARIO,M1_EVIDENCE_RUBRIC_V02
DC_APP0342_M1_SKILL_06_000745,APP0342,C0342,M1_SKILL_06,,INSUFFICIENT_EVIDENCE,"{""difference_types"":[],""disputed_evidence_ids"":[],""limited_evidence_ids"":[],""meaningful_conflict_refs"":[],""missing_evidence_ids"":[""EV_APP0342_FIRST_INTERVIEW_PRACTITIONER_QA_M1_SKILL_06""],""reason"":""직접 판단 근거 부족. 미관찰을 역량 부재로 해석하지 않는다."",""rubric_review"":""직접 관찰의 행동·검증을 검토하며 다른 맥락의 한계와 평가자 차이를 보존한다."",""supporting_observation_ids"":[]}",CALIBRATION_PANEL_01,2027-01-23T10:50:00+09:00,SYNTHETIC_HUMAN_SCENARIO,M1_EVIDENCE_RUBRIC_V02
DC_APP0342_M1_SKILL_07_000746,APP0342,C0342,M1_SKILL_07,MODERATE,AGREED,"{""difference_types"":[],""disputed_evidence_ids"":[],""limited_evidence_ids"":[],""meaningful_conflict_refs"":[],""missing_evidence_ids"":[],""reason"":""동일 Skill의 독립된 직접 관찰로 수행 범위를 확인했다. 다른 맥락의 제한/모호성은 해당 근거의 한계로 보존한다."",""rubric_review"":""직접 관찰의 행동·검증을 검토하며 다른 맥락의 한계와 평가자 차이를 보존한다."",""supporting_observation_ids"":[""OB_FIRST_PANEL_09_ML_ENGINEER_EV_APP0342_FIRST_INTERVIEW_TECHNICAL_ASSESSMENT_M1_SKILL_07"",""OB_FIRST_PANEL_09_HIRING_MANAGER_EV_APP0342_FIRST_INTERVIEW_TECHNICAL_ASSESSMENT_M1_SKILL_07"",""OB_FIRST_PANEL_09_TECHNICAL_REVIEWER_EV_APP0342_FIRST_INTERVIEW_TECHNICAL_ASSESSMENT_M1_SKILL_07""]}",CALIBRATION_PANEL_01,2027-01-23T10:50:00+09:00,SYNTHETIC_HUMAN_SCENARIO,M1_EVIDENCE_RUBRIC_V02
DC_APP0342_M1_SKILL_08_000747,APP0342,C0342,M1_SKILL_08,MODERATE,AGREED,"{""difference_types"":[],""disputed_evidence_ids"":[],""limited_evidence_ids"":[],""meaningful_conflict_refs"":[],""missing_evidence_ids"":[],""reason"":""동일 Skill의 독립된 직접 관찰로 수행 범위를 확인했다. 다른 맥락의 제한/모호성은 해당 근거의 한계로 보존한다."",""rubric_review"":""직접 관찰의 행동·검증을 검토하며 다른 맥락의 한계와 평가자 차이를 보존한다."",""supporting_observation_ids"":[""OB_FIRST_PANEL_09_ML_ENGINEER_EV_APP0342_FIRST_INTERVIEW_PRACTITIONER_QA_M1_SKILL_08"",""OB_FIRST_PANEL_09_HIRING_MANAGER_EV_APP0342_FIRST_INTERVIEW_PRACTITIONER_QA_M1_SKILL_08"",""OB_FIRST_PANEL_09_TECHNICAL_REVIEWER_EV_APP0342_FIRST_INTERVIEW_PRACTITIONER_QA_M1_SKILL_08""]}",CALIBRATION_PANEL_01,2027-01-23T10:50:00+09:00,SYNTHETIC_HUMAN_SCENARIO,M1_EVIDENCE_RUBRIC_V02
DC_APP0216_M1_SKILL_01_000748,APP0216,C0216,M1_SKILL_01,MODERATE,AGREED,"{""difference_types"":[""EVIDENCE_EVOLUTION""],""disputed_evidence_ids"":[],""limited_evidence_ids"":[],""meaningful_conflict_refs"":[],""missing_evidence_ids"":[],""reason"":""동일 Skill의 독립된 직접 관찰로 수행 범위를 확인했다. 다른 맥락의 제한/모호성은 해당 근거의 한계로 보존한다."",""rubric_review"":""직접 관찰의 행동·검증을 검토하며 다른 맥락의 한계와 평가자 차이를 보존한다."",""supporting_observation_ids"":[""OB_FIRST_PANEL_10_ML_ENGINEER_EV_APP0216_FIRST_INTERVIEW_TECHNICAL_ASSESSMENT_M1_SKILL_01"",""OB_FIRST_PANEL_10_HIRING_MANAGER_EV_APP0216_FIRST_INTERVIEW_TECHNICAL_ASSESSMENT_M1_SKILL_01"",""OB_FIRST_PANEL_10_TECHNICAL_REVIEWER_EV_APP0216_FIRST_INTERVIEW_TECHNICAL_ASSESSMENT_M1_SKILL_01"",""OB_FIRST_PANEL_10_ML_ENGINEER_EV_APP0216_FIRST_INTERVIEW_AI_CASE_M1_SKILL_01"",""OB_FIRST_PANEL_10_HIRING_MANAGER_EV_APP0216_FIRST_INTERVIEW_AI_CASE_M1_SKILL_01"",""OB_FIRST_PANEL_10_TECHNICAL_REVIEWER_EV_APP0216_FIRST_INTERVIEW_AI_CASE_M1_SKILL_01""]}",CALIBRATION_PANEL_01,2027-01-26T11:15:00+09:00,SYNTHETIC_HUMAN_SCENARIO,M1_EVIDENCE_RUBRIC_V02
DC_APP0216_M1_SKILL_02_000749,APP0216,C0216,M1_SKILL_02,MODERATE,AGREED,"{""difference_types"":[],""disputed_evidence_ids"":[],""limited_evidence_ids"":[],""meaningful_conflict_refs"":[],""missing_evidence_ids"":[],""reason"":""동일 Skill의 독립된 직접 관찰로 수행 범위를 확인했다. 다른 맥락의 제한/모호성은 해당 근거의 한계로 보존한다."",""rubric_review"":""직접 관찰의 행동·검증을 검토하며 다른 맥락의 한계와 평가자 차이를 보존한다."",""supporting_observation_ids"":[""OB_FIRST_PANEL_10_ML_ENGINEER_EV_APP0216_FIRST_INTERVIEW_TECHNICAL_ASSESSMENT_M1_SKILL_02"",""OB_FIRST_PANEL_10_HIRING_MANAGER_EV_APP0216_FIRST_INTERVIEW_TECHNICAL_ASSESSMENT_M1_SKILL_02"",""OB_FIRST_PANEL_10_TECHNICAL_REVIEWER_EV_APP0216_FIRST_INTERVIEW_TECHNICAL_ASSESSMENT_M1_SKILL_02""]}",CALIBRATION_PANEL_01,2027-01-26T11:15:00+09:00,SYNTHETIC_HUMAN_SCENARIO,M1_EVIDENCE_RUBRIC_V02
DC_APP0216_M1_SKILL_03_000750,APP0216,C0216,M1_SKILL_03,MODERATE,AGREED,"{""difference_types"":[""EVIDENCE_EVOLUTION""],""disputed_evidence_ids"":[],""limited_evidence_ids"":[],""meaningful_conflict_refs"":[],""missing_evidence_ids"":[],""reason"":""동일 Skill의 독립된 직접 관찰로 수행 범위를 확인했다. 다른 맥락의 제한/모호성은 해당 근거의 한계로 보존한다."",""rubric_review"":""직접 관찰의 행동·검증을 검토하며 다른 맥락의 한계와 평가자 차이를 보존한다."",""supporting_observation_ids"":[""OB_REVIEW_ML_01_EV_APP0216_PRE_ASSESSMENT_CODING_TEST_M1_SKILL_03"",""OB_REVIEW_HM_01_EV_APP0216_PRE_ASSESSMENT_CODING_TEST_M1_SKILL_03"",""OB_FIRST_PANEL_10_ML_ENGINEER_EV_APP0216_FIRST_INTERVIEW_AI_CASE_M1_SKILL_03"",""OB_FIRST_PANEL_10_HIRING_MANAGER_EV_APP0216_FIRST_INTERVIEW_AI_CASE_M1_SKILL_03"",""OB_FIRST_PANEL_10_TECHNICAL_REVIEWER_EV_APP0216_FIRST_INTERVIEW_AI_CASE_M1_SKILL_03""]}",CALIBRATION_PANEL_01,2027-01-26T11:15:00+09:00,SYNTHETIC_HUMAN_SCENARIO,M1_EVIDENCE_RUBRIC_V02
DC_APP0216_M1_SKILL_04_000751,APP0216,C0216,M1_SKILL_04,STRONG,AGREED,"{""difference_types"":[""EVIDENCE_EVOLUTION""],""disputed_evidence_ids"":[],""limited_evidence_ids"":[],""meaningful_conflict_refs"":[],""missing_evidence_ids"":[""EV_APP0216_FIRST_INTERVIEW_PRACTITIONER_QA_M1_SKILL_04""],""reason"":""동일 Skill의 독립된 직접 관찰로 수행 범위를 확인했다. 다른 맥락의 제한/모호성은 해당 근거의 한계로 보존한다."",""rubric_review"":""직접 관찰의 행동·검증을 검토하며 다른 맥락의 한계와 평가자 차이를 보존한다."",""supporting_observation_ids"":[""OB_SECOND_INTERVIEW_PANEL_01_ML_ENGINEER_EV_APP0216_SECOND_INTERVIEW_VALUES_BEHAVIOR_INTERVIEW_M1_SKILL_04"",""OB_SECOND_INTERVIEW_PANEL_01_HIRING_MANAGER_EV_APP0216_SECOND_INTERVIEW_VALUES_BEHAVIOR_INTERVIEW_M1_SKILL_04""]}",CALIBRATION_PANEL_01,2027-01-26T11:15:00+09:00,SYNTHETIC_HUMAN_SCENARIO,M1_EVIDENCE_RUBRIC_V02
DC_APP0216_M1_SKILL_05_000752,APP0216,C0216,M1_SKILL_05,STRONG,AGREED,"{""difference_types"":[""EVIDENCE_EVOLUTION"",""CONTEXT_DIFFERENCE""],""disputed_evidence_ids"":[],""limited_evidence_ids"":[""EV_APP0216_SECOND_INTERVIEW_VALUES_BEHAVIOR_INTERVIEW_M1_SKILL_05""],""meaningful_conflict_refs"":[],""missing_evidence_ids"":[],""reason"":""동일 Skill의 독립된 직접 관찰로 수행 범위를 확인했다. 다른 맥락의 제한/모호성은 해당 근거의 한계로 보존한다."",""rubric_review"":""직접 관찰의 행동·검증을 검토하며 다른 맥락의 한계와 평가자 차이를 보존한다."",""supporting_observation_ids"":[""OB_FIRST_PANEL_10_ML_ENGINEER_EV_APP0216_FIRST_INTERVIEW_PRACTITIONER_QA_M1_SKILL_05"",""OB_FIRST_PANEL_10_HIRING_MANAGER_EV_APP0216_FIRST_INTERVIEW_PRACTITIONER_QA_M1_SKILL_05"",""OB_FIRST_PANEL_10_TECHNICAL_REVIEWER_EV_APP0216_FIRST_INTERVIEW_PRACTITIONER_QA_M1_SKILL_05""]}",CALIBRATION_PANEL_01,2027-01-26T11:15:00+09:00,SYNTHETIC_HUMAN_SCENARIO,M1_EVIDENCE_RUBRIC_V02
DC_APP0216_M1_SKILL_06_000753,APP0216,C0216,M1_SKILL_06,STRONG,AGREED,"{""difference_types"":[],""disputed_evidence_ids"":[],""limited_evidence_ids"":[],""meaningful_conflict_refs"":[],""missing_evidence_ids"":[],""reason"":""동일 Skill의 독립된 직접 관찰로 수행 범위를 확인했다. 다른 맥락의 제한/모호성은 해당 근거의 한계로 보존한다."",""rubric_review"":""직접 관찰의 행동·검증을 검토하며 다른 맥락의 한계와 평가자 차이를 보존한다."",""supporting_observation_ids"":[""OB_FIRST_PANEL_10_ML_ENGINEER_EV_APP0216_FIRST_INTERVIEW_PRACTITIONER_QA_M1_SKILL_06"",""OB_FIRST_PANEL_10_HIRING_MANAGER_EV_APP0216_FIRST_INTERVIEW_PRACTITIONER_QA_M1_SKILL_06"",""OB_FIRST_PANEL_10_TECHNICAL_REVIEWER_EV_APP0216_FIRST_INTERVIEW_PRACTITIONER_QA_M1_SKILL_06""]}",CALIBRATION_PANEL_01,2027-01-26T11:15:00+09:00,SYNTHETIC_HUMAN_SCENARIO,M1_EVIDENCE_RUBRIC_V02
DC_APP0216_M1_SKILL_07_000754,APP0216,C0216,M1_SKILL_07,MODERATE,AGREED,"{""difference_types"":[],""disputed_evidence_ids"":[],""limited_evidence_ids"":[],""meaningful_conflict_refs"":[],""missing_evidence_ids"":[],""reason"":""동일 Skill의 독립된 직접 관찰로 수행 범위를 확인했다. 다른 맥락의 제한/모호성은 해당 근거의 한계로 보존한다."",""rubric_review"":""직접 관찰의 행동·검증을 검토하며 다른 맥락의 한계와 평가자 차이를 보존한다."",""supporting_observation_ids"":[""OB_FIRST_PANEL_10_ML_ENGINEER_EV_APP0216_FIRST_INTERVIEW_TECHNICAL_ASSESSMENT_M1_SKILL_07"",""OB_FIRST_PANEL_10_HIRING_MANAGER_EV_APP0216_FIRST_INTERVIEW_TECHNICAL_ASSESSMENT_M1_SKILL_07"",""OB_FIRST_PANEL_10_TECHNICAL_REVIEWER_EV_APP0216_FIRST_INTERVIEW_TECHNICAL_ASSESSMENT_M1_SKILL_07""]}",CALIBRATION_PANEL_01,2027-01-26T11:15:00+09:00,SYNTHETIC_HUMAN_SCENARIO,M1_EVIDENCE_RUBRIC_V02
DC_APP0216_M1_SKILL_08_000755,APP0216,C0216,M1_SKILL_08,MODERATE,AGREED,"{""difference_types"":[],""disputed_evidence_ids"":[],""limited_evidence_ids"":[],""meaningful_conflict_refs"":[],""missing_evidence_ids"":[],""reason"":""동일 Skill의 독립된 직접 관찰로 수행 범위를 확인했다. 다른 맥락의 제한/모호성은 해당 근거의 한계로 보존한다."",""rubric_review"":""직접 관찰의 행동·검증을 검토하며 다른 맥락의 한계와 평가자 차이를 보존한다."",""supporting_observation_ids"":[""OB_FIRST_PANEL_10_ML_ENGINEER_EV_APP0216_FIRST_INTERVIEW_PRACTITIONER_QA_M1_SKILL_08"",""OB_FIRST_PANEL_10_HIRING_MANAGER_EV_APP0216_FIRST_INTERVIEW_PRACTITIONER_QA_M1_SKILL_08"",""OB_FIRST_PANEL_10_TECHNICAL_REVIEWER_EV_APP0216_FIRST_INTERVIEW_PRACTITIONER_QA_M1_SKILL_08""]}",CALIBRATION_PANEL_01,2027-01-26T11:15:00+09:00,SYNTHETIC_HUMAN_SCENARIO,M1_EVIDENCE_RUBRIC_V02
DC_APP0238_M1_SKILL_01_000756,APP0238,C0238,M1_SKILL_01,STRONG,AGREED,"{""difference_types"":[""EVIDENCE_EVOLUTION""],""disputed_evidence_ids"":[],""limited_evidence_ids"":[],""meaningful_conflict_refs"":[],""missing_evidence_ids"":[],""reason"":""동일 Skill의 독립된 직접 관찰로 수행 범위를 확인했다. 다른 맥락의 제한/모호성은 해당 근거의 한계로 보존한다."",""rubric_review"":""직접 관찰의 행동·검증을 검토하며 다른 맥락의 한계와 평가자 차이를 보존한다."",""supporting_observation_ids"":[""OB_FIRST_PANEL_06_ML_ENGINEER_EV_APP0238_FIRST_INTERVIEW_TECHNICAL_ASSESSMENT_M1_SKILL_01"",""OB_FIRST_PANEL_06_HIRING_MANAGER_EV_APP0238_FIRST_INTERVIEW_TECHNICAL_ASSESSMENT_M1_SKILL_01"",""OB_FIRST_PANEL_06_TECHNICAL_REVIEWER_EV_APP0238_FIRST_INTERVIEW_TECHNICAL_ASSESSMENT_M1_SKILL_01"",""OB_FIRST_PANEL_06_ML_ENGINEER_EV_APP0238_FIRST_INTERVIEW_AI_CASE_M1_SKILL_01"",""OB_FIRST_PANEL_06_HIRING_MANAGER_EV_APP0238_FIRST_INTERVIEW_AI_CASE_M1_SKILL_01"",""OB_FIRST_PANEL_06_TECHNICAL_REVIEWER_EV_APP0238_FIRST_INTERVIEW_AI_CASE_M1_SKILL_01""]}",CALIBRATION_PANEL_01,2027-01-29T11:10:00+09:00,SYNTHETIC_HUMAN_SCENARIO,M1_EVIDENCE_RUBRIC_V02
DC_APP0238_M1_SKILL_02_000757,APP0238,C0238,M1_SKILL_02,MODERATE,AGREED,"{""difference_types"":[],""disputed_evidence_ids"":[],""limited_evidence_ids"":[],""meaningful_conflict_refs"":[],""missing_evidence_ids"":[],""reason"":""동일 Skill의 독립된 직접 관찰로 수행 범위를 확인했다. 다른 맥락의 제한/모호성은 해당 근거의 한계로 보존한다."",""rubric_review"":""직접 관찰의 행동·검증을 검토하며 다른 맥락의 한계와 평가자 차이를 보존한다."",""supporting_observation_ids"":[""OB_FIRST_PANEL_06_ML_ENGINEER_EV_APP0238_FIRST_INTERVIEW_TECHNICAL_ASSESSMENT_M1_SKILL_02"",""OB_FIRST_PANEL_06_HIRING_MANAGER_EV_APP0238_FIRST_INTERVIEW_TECHNICAL_ASSESSMENT_M1_SKILL_02"",""OB_FIRST_PANEL_06_TECHNICAL_REVIEWER_EV_APP0238_FIRST_INTERVIEW_TECHNICAL_ASSESSMENT_M1_SKILL_02""]}",CALIBRATION_PANEL_01,2027-01-29T11:10:00+09:00,SYNTHETIC_HUMAN_SCENARIO,M1_EVIDENCE_RUBRIC_V02
DC_APP0238_M1_SKILL_03_000758,APP0238,C0238,M1_SKILL_03,MODERATE,AGREED,"{""difference_types"":[""EVIDENCE_EVOLUTION""],""disputed_evidence_ids"":[],""limited_evidence_ids"":[],""meaningful_conflict_refs"":[],""missing_evidence_ids"":[],""reason"":""동일 Skill의 독립된 직접 관찰로 수행 범위를 확인했다. 다른 맥락의 제한/모호성은 해당 근거의 한계로 보존한다."",""rubric_review"":""직접 관찰의 행동·검증을 검토하며 다른 맥락의 한계와 평가자 차이를 보존한다."",""supporting_observation_ids"":[""OB_REVIEW_ML_01_EV_APP0238_PRE_ASSESSMENT_CODING_TEST_M1_SKILL_03"",""OB_REVIEW_HM_01_EV_APP0238_PRE_ASSESSMENT_CODING_TEST_M1_SKILL_03"",""OB_FIRST_PANEL_06_ML_ENGINEER_EV_APP0238_FIRST_INTERVIEW_AI_CASE_M1_SKILL_03"",""OB_FIRST_PANEL_06_HIRING_MANAGER_EV_APP0238_FIRST_INTERVIEW_AI_CASE_M1_SKILL_03"",""OB_FIRST_PANEL_06_TECHNICAL_REVIEWER_EV_APP0238_FIRST_INTERVIEW_AI_CASE_M1_SKILL_03""]}",CALIBRATION_PANEL_01,2027-01-29T11:10:00+09:00,SYNTHETIC_HUMAN_SCENARIO,M1_EVIDENCE_RUBRIC_V02
DC_APP0238_M1_SKILL_04_000759,APP0238,C0238,M1_SKILL_04,MODERATE,AGREED,"{""difference_types"":[""EVIDENCE_EVOLUTION"",""CONTEXT_DIFFERENCE""],""disputed_evidence_ids"":[],""limited_evidence_ids"":[""EV_APP0238_FIRST_INTERVIEW_PRACTITIONER_QA_M1_SKILL_04""],""meaningful_conflict_refs"":[],""missing_evidence_ids"":[],""reason"":""동일 Skill의 독립된 직접 관찰로 수행 범위를 확인했다. 다른 맥락의 제한/모호성은 해당 근거의 한계로 보존한다."",""rubric_review"":""직접 관찰의 행동·검증을 검토하며 다른 맥락의 한계와 평가자 차이를 보존한다."",""supporting_observation_ids"":[""OB_SECOND_INTERVIEW_PANEL_01_ML_ENGINEER_EV_APP0238_SECOND_INTERVIEW_VALUES_BEHAVIOR_INTERVIEW_M1_SKILL_04"",""OB_SECOND_INTERVIEW_PANEL_01_HIRING_MANAGER_EV_APP0238_SECOND_INTERVIEW_VALUES_BEHAVIOR_INTERVIEW_M1_SKILL_04""]}",CALIBRATION_PANEL_01,2027-01-29T11:10:00+09:00,SYNTHETIC_HUMAN_SCENARIO,M1_EVIDENCE_RUBRIC_V02
DC_APP0238_M1_SKILL_05_000760,APP0238,C0238,M1_SKILL_05,MODERATE,AGREED,"{""difference_types"":[],""disputed_evidence_ids"":[],""limited_evidence_ids"":[],""meaningful_conflict_refs"":[],""missing_evidence_ids"":[],""reason"":""동일 Skill의 독립된 직접 관찰로 수행 범위를 확인했다. 다른 맥락의 제한/모호성은 해당 근거의 한계로 보존한다."",""rubric_review"":""직접 관찰의 행동·검증을 검토하며 다른 맥락의 한계와 평가자 차이를 보존한다."",""supporting_observation_ids"":[""OB_FIRST_PANEL_06_ML_ENGINEER_EV_APP0238_FIRST_INTERVIEW_PRACTITIONER_QA_M1_SKILL_05"",""OB_FIRST_PANEL_06_HIRING_MANAGER_EV_APP0238_FIRST_INTERVIEW_PRACTITIONER_QA_M1_SKILL_05"",""OB_FIRST_PANEL_06_TECHNICAL_REVIEWER_EV_APP0238_FIRST_INTERVIEW_PRACTITIONER_QA_M1_SKILL_05"",""OB_SECOND_INTERVIEW_PANEL_01_ML_ENGINEER_EV_APP0238_SECOND_INTERVIEW_VALUES_BEHAVIOR_INTERVIEW_M1_SKILL_05"",""OB_SECOND_INTERVIEW_PANEL_01_HIRING_MANAGER_EV_APP0238_SECOND_INTERVIEW_VALUES_BEHAVIOR_INTERVIEW_M1_SKILL_05""]}",CALIBRATION_PANEL_01,2027-01-29T11:10:00+09:00,SYNTHETIC_HUMAN_SCENARIO,M1_EVIDENCE_RUBRIC_V02
DC_APP0238_M1_SKILL_06_000761,APP0238,C0238,M1_SKILL_06,,DISAGREEMENT_REMAINS,"{""difference_types"":[""EVALUATOR_DISAGREEMENT""],""disputed_evidence_ids"":[""EV_APP0238_FIRST_INTERVIEW_PRACTITIONER_QA_M1_SKILL_06""],""limited_evidence_ids"":[],""meaningful_conflict_refs"":[],""missing_evidence_ids"":[],""reason"":""동일 근거에 대한 평가자 해석 차이를 해소할 직접 관찰이 부족하다."",""rubric_review"":""직접 관찰의 행동·검증을 검토하며 다른 맥락의 한계와 평가자 차이를 보존한다."",""supporting_observation_ids"":[]}",CALIBRATION_PANEL_01,2027-01-29T11:10:00+09:00,SYNTHETIC_HUMAN_SCENARIO,M1_EVIDENCE_RUBRIC_V02
DC_APP0238_M1_SKILL_07_000762,APP0238,C0238,M1_SKILL_07,,INSUFFICIENT_EVIDENCE,"{""difference_types"":[],""disputed_evidence_ids"":[],""limited_evidence_ids"":[],""meaningful_conflict_refs"":[],""missing_evidence_ids"":[""EV_APP0238_FIRST_INTERVIEW_TECHNICAL_ASSESSMENT_M1_SKILL_07""],""reason"":""직접 판단 근거 부족. 미관찰을 역량 부재로 해석하지 않는다."",""rubric_review"":""직접 관찰의 행동·검증을 검토하며 다른 맥락의 한계와 평가자 차이를 보존한다."",""supporting_observation_ids"":[]}",CALIBRATION_PANEL_01,2027-01-29T11:10:00+09:00,SYNTHETIC_HUMAN_SCENARIO,M1_EVIDENCE_RUBRIC_V02
DC_APP0238_M1_SKILL_08_000763,APP0238,C0238,M1_SKILL_08,,INSUFFICIENT_EVIDENCE,"{""difference_types"":[],""disputed_evidence_ids"":[],""limited_evidence_ids"":[],""meaningful_conflict_refs"":[],""missing_evidence_ids"":[""EV_APP0238_FIRST_INTERVIEW_PRACTITIONER_QA_M1_SKILL_08""],""reason"":""직접 판단 근거 부족. 미관찰을 역량 부재로 해석하지 않는다."",""rubric_review"":""직접 관찰의 행동·검증을 검토하며 다른 맥락의 한계와 평가자 차이를 보존한다."",""supporting_observation_ids"":[]}",CALIBRATION_PANEL_01,2027-01-29T11:10:00+09:00,SYNTHETIC_HUMAN_SCENARIO,M1_EVIDENCE_RUBRIC_V02
