stage_event_id,application_id,candidate_id,stage,entered_at,invited_at,scheduled_at,completed_at,decision_at,notified_at,withdrawn_at,result,decision_reason_code,withdrawal_reason_code,decision_provenance,rationale
APP0010_DOCUMENT_SCREEN,APP0010,C0010,DOCUMENT_SCREEN,2026-10-13T09:46:00+09:00,,,2026-10-13T09:46:00+09:00,2026-10-21T10:11:00+09:00,2026-10-25T10:11:00+09:00,,FAILED,BASIC_REQUIREMENT_VIOLATION,,SYNTHETIC_HUMAN_SCENARIO,"{""eligibility_ref"":""EL_APP0010"",""eligibility_state"":""FAIL"",""experience_refs"":[""XP_APP0010_01"",""XP_APP0010_02""],""explicit_violation_ref"":[""EL_APP0010#degree""],""failed_requirements"":[""degree""],""human_rationale"":""공개 자격 구조를 합성 일정에 적용한 명시적 미충족으로 이번 지원을 종료한다."",""observation_refs"":[""OB_DOCUMENT_SCREEN_PANEL_01_RECRUITER_EV_XP_APP0010_01_BUILD_M1_SKILL_03"",""OB_DOCUMENT_SCREEN_PANEL_01_RECRUITER_EV_XP_APP0010_02_BUILD_M1_SKILL_03"",""OB_DOCUMENT_SCREEN_PANEL_01_RECRUITER_EV_XP_APP0010_02_VALIDATE_M1_SKILL_03""],""public_requirement_ref"":""KIA-02-REPOST"",""qualifying_experience_refs"":[""XP_APP0010_02""],""skill_sufficiency_assessed"":false}"
APP0009_DOCUMENT_SCREEN,APP0009,C0009,DOCUMENT_SCREEN,2026-10-13T10:49:00+09:00,,,2026-10-13T10:49:00+09:00,2026-10-18T11:14:00+09:00,2026-10-19T11:14:00+09:00,,FAILED,BASIC_REQUIREMENT_VIOLATION,,SYNTHETIC_HUMAN_SCENARIO,"{""eligibility_ref"":""EL_APP0009"",""eligibility_state"":""FAIL"",""experience_refs"":[""XP_APP0009_01"",""XP_APP0009_02""],""explicit_violation_ref"":[""EL_APP0009#language""],""failed_requirements"":[""language""],""human_rationale"":""공개 자격 구조를 합성 일정에 적용한 명시적 미충족으로 이번 지원을 종료한다."",""observation_refs"":[""OB_DOCUMENT_SCREEN_PANEL_01_RECRUITER_EV_XP_APP0009_01_PROBLEM_M1_SKILL_01"",""OB_DOCUMENT_SCREEN_PANEL_01_RECRUITER_EV_XP_APP0009_02_BUILD_M1_SKILL_03"",""OB_DOCUMENT_SCREEN_PANEL_01_RECRUITER_EV_XP_APP0009_02_PROBLEM_M1_SKILL_01"",""OB_DOCUMENT_SCREEN_PANEL_01_RECRUITER_EV_XP_APP0009_02_VALIDATE_M1_SKILL_03""],""public_requirement_ref"":""KIA-02-REPOST"",""qualifying_experience_refs"":[""XP_APP0009_02""],""skill_sufficiency_assessed"":false}"
APP0013_DOCUMENT_SCREEN,APP0013,C0013,DOCUMENT_SCREEN,2026-10-13T11:29:00+09:00,,,2026-10-13T11:29:00+09:00,2026-10-16T11:54:00+09:00,2026-10-16T11:54:00+09:00,,FAILED,BASIC_REQUIREMENT_VIOLATION,,SYNTHETIC_HUMAN_SCENARIO,"{""eligibility_ref"":""EL_APP0013"",""eligibility_state"":""FAIL"",""experience_refs"":[""XP_APP0013_01""],""explicit_violation_ref"":[""EL_APP0013#degree""],""failed_requirements"":[""degree""],""human_rationale"":""공개 자격 구조를 합성 일정에 적용한 명시적 미충족으로 이번 지원을 종료한다."",""observation_refs"":[""OB_DOCUMENT_SCREEN_PANEL_01_RECRUITER_EV_XP_APP0013_01_BUILD_M1_SKILL_03"",""OB_DOCUMENT_SCREEN_PANEL_01_RECRUITER_EV_XP_APP0013_01_VALIDATE_M1_SKILL_03""],""public_requirement_ref"":""KIA-02-REPOST"",""qualifying_experience_refs"":[""XP_APP0013_01""],""skill_sufficiency_assessed"":false}"
APP0008_DOCUMENT_SCREEN,APP0008,C0008,DOCUMENT_SCREEN,2026-10-14T10:22:00+09:00,,,2026-10-14T10:22:00+09:00,2026-10-20T10:37:00+09:00,2026-10-21T10:37:00+09:00,,CLOSED,INSUFFICIENT_APPLICATION_EVIDENCE,,SYNTHETIC_HUMAN_SCENARIO,"{""eligibility_ref"":""EL_APP0008"",""eligibility_state"":""UNKNOWN"",""experience_refs"":[""XP_APP0008_01""],""failed_requirements"":[],""human_rationale"":""현재 제출된 지원서에서 다음 직접검증 단계로 진행할 충분한 직무 관련 Evidence Candidate를 확인하지 못했다. Skill 또는 능력 부족 판정이 아니다."",""observation_refs"":[""OB_DOCUMENT_SCREEN_PANEL_01_RECRUITER_EV_XP_APP0008_01_BUILD_M1_SKILL_03""],""qualifying_experience_refs"":[],""skill_sufficiency_assessed"":false}"
APP0020_DOCUMENT_SCREEN,APP0020,C0020,DOCUMENT_SCREEN,2026-10-14T12:49:00+09:00,,,2026-10-14T12:49:00+09:00,2026-10-23T13:09:00+09:00,2026-10-24T13:09:00+09:00,,CLOSED,INSUFFICIENT_APPLICATION_EVIDENCE,,SYNTHETIC_HUMAN_SCENARIO,"{""eligibility_ref"":""EL_APP0020"",""eligibility_state"":""UNKNOWN"",""experience_refs"":[""XP_APP0020_01"",""XP_APP0020_02""],""failed_requirements"":[],""human_rationale"":""현재 제출된 지원서에서 다음 직접검증 단계로 진행할 충분한 직무 관련 Evidence Candidate를 확인하지 못했다. Skill 또는 능력 부족 판정이 아니다."",""observation_refs"":[""OB_DOCUMENT_SCREEN_PANEL_01_RECRUITER_EV_XP_APP0020_01_BUILD_M1_SKILL_03"",""OB_DOCUMENT_SCREEN_PANEL_01_RECRUITER_EV_XP_APP0020_01_PROBLEM_M1_SKILL_01"",""OB_DOCUMENT_SCREEN_PANEL_01_RECRUITER_EV_XP_APP0020_02_PROBLEM_M1_SKILL_01""],""qualifying_experience_refs"":[],""skill_sufficiency_assessed"":false}"
APP0027_DOCUMENT_SCREEN,APP0027,C0027,DOCUMENT_SCREEN,2026-10-14T14:27:00+09:00,,,2026-10-14T14:27:00+09:00,2026-10-24T14:42:00+09:00,2026-10-25T14:42:00+09:00,,CLOSED,INSUFFICIENT_APPLICATION_EVIDENCE,,SYNTHETIC_HUMAN_SCENARIO,"{""eligibility_ref"":""EL_APP0027"",""eligibility_state"":""UNKNOWN"",""experience_refs"":[""XP_APP0027_01"",""XP_APP0027_02""],""failed_requirements"":[],""human_rationale"":""현재 제출된 지원서에서 다음 직접검증 단계로 진행할 충분한 직무 관련 Evidence Candidate를 확인하지 못했다. Skill 또는 능력 부족 판정이 아니다."",""observation_refs"":[""OB_DOCUMENT_SCREEN_PANEL_01_RECRUITER_EV_XP_APP0027_01_PROBLEM_M1_SKILL_01""],""qualifying_experience_refs"":[],""skill_sufficiency_assessed"":false}"
APP0018_DOCUMENT_SCREEN,APP0018,C0018,DOCUMENT_SCREEN,2026-10-14T14:38:00+09:00,,,2026-10-14T14:38:00+09:00,2026-10-22T14:53:00+09:00,2026-10-26T14:53:00+09:00,,FAILED,BASIC_REQUIREMENT_VIOLATION,,SYNTHETIC_HUMAN_SCENARIO,"{""eligibility_ref"":""EL_APP0018"",""eligibility_state"":""FAIL"",""experience_refs"":[""XP_APP0018_01"",""XP_APP0018_02""],""explicit_violation_ref"":[""EL_APP0018#degree""],""failed_requirements"":[""degree""],""human_rationale"":""공개 자격 구조를 합성 일정에 적용한 명시적 미충족으로 이번 지원을 종료한다."",""observation_refs"":[""OB_DOCUMENT_SCREEN_PANEL_01_RECRUITER_EV_XP_APP0018_02_PROBLEM_M1_SKILL_01"",""OB_DOCUMENT_SCREEN_PANEL_01_RECRUITER_EV_XP_APP0018_02_VALIDATE_M1_SKILL_03""],""public_requirement_ref"":""KIA-02-REPOST"",""qualifying_experience_refs"":[""XP_APP0018_02""],""skill_sufficiency_assessed"":false}"
APP0025_DOCUMENT_SCREEN,APP0025,C0025,DOCUMENT_SCREEN,2026-10-14T15:42:00+09:00,,,2026-10-14T15:42:00+09:00,2026-10-24T16:02:00+09:00,2026-10-24T16:02:00+09:00,,ADVANCED,APPLICATION_EVIDENCE_CANDIDATE,,SYNTHETIC_HUMAN_SCENARIO,"{""eligibility_ref"":""EL_APP0025"",""eligibility_state"":""UNKNOWN"",""experience_refs"":[""XP_APP0025_01""],""failed_requirements"":[],""human_rationale"":""동일 경험 안의 구체적 자기기술과 개인 역할을 후속 직접검증 대상으로 확인했다. UNKNOWN 자격은 미확인 상태로 보존한다."",""observation_refs"":[""OB_DOCUMENT_SCREEN_PANEL_01_RECRUITER_EV_XP_APP0025_01_PROBLEM_M1_SKILL_01"",""OB_DOCUMENT_SCREEN_PANEL_01_RECRUITER_EV_XP_APP0025_01_VALIDATE_M1_SKILL_03""],""qualifying_experience_refs"":[""XP_APP0025_01""],""skill_sufficiency_assessed"":false}"
APP0022_DOCUMENT_SCREEN,APP0022,C0022,DOCUMENT_SCREEN,2026-10-15T12:29:00+09:00,,,2026-10-15T12:29:00+09:00,2026-10-19T12:44:00+09:00,2026-10-19T12:44:00+09:00,,CLOSED,INSUFFICIENT_APPLICATION_EVIDENCE,,SYNTHETIC_HUMAN_SCENARIO,"{""eligibility_ref"":""EL_APP0022"",""eligibility_state"":""PASS"",""experience_refs"":[""XP_APP0022_01"",""XP_APP0022_02""],""failed_requirements"":[],""human_rationale"":""현재 제출된 지원서에서 다음 직접검증 단계로 진행할 충분한 직무 관련 Evidence Candidate를 확인하지 못했다. Skill 또는 능력 부족 판정이 아니다."",""observation_refs"":[""OB_DOCUMENT_SCREEN_PANEL_01_RECRUITER_EV_XP_APP0022_01_BUILD_M1_SKILL_03"",""OB_DOCUMENT_SCREEN_PANEL_01_RECRUITER_EV_XP_APP0022_02_VALIDATE_M1_SKILL_03""],""qualifying_experience_refs"":[],""skill_sufficiency_assessed"":false}"
APP0030_DOCUMENT_SCREEN,APP0030,C0030,DOCUMENT_SCREEN,2026-10-15T12:35:00+09:00,,,2026-10-15T12:35:00+09:00,2026-10-24T13:00:00+09:00,2026-10-26T13:00:00+09:00,,ADVANCED,APPLICATION_EVIDENCE_CANDIDATE,,SYNTHETIC_HUMAN_SCENARIO,"{""eligibility_ref"":""EL_APP0030"",""eligibility_state"":""UNKNOWN"",""experience_refs"":[""XP_APP0030_01""],""failed_requirements"":[],""human_rationale"":""동일 경험 안의 구체적 자기기술과 개인 역할을 후속 직접검증 대상으로 확인했다. UNKNOWN 자격은 미확인 상태로 보존한다."",""observation_refs"":[""OB_DOCUMENT_SCREEN_PANEL_01_RECRUITER_EV_XP_APP0030_01_BUILD_M1_SKILL_03"",""OB_DOCUMENT_SCREEN_PANEL_01_RECRUITER_EV_XP_APP0030_01_PROBLEM_M1_SKILL_01""],""qualifying_experience_refs"":[""XP_APP0030_01""],""skill_sufficiency_assessed"":false}"
APP0033_DOCUMENT_SCREEN,APP0033,C0033,DOCUMENT_SCREEN,2026-10-15T13:02:00+09:00,,,2026-10-15T13:02:00+09:00,2026-10-27T13:27:00+09:00,2026-10-29T13:27:00+09:00,,ADVANCED,APPLICATION_EVIDENCE_CANDIDATE,,SYNTHETIC_HUMAN_SCENARIO,"{""eligibility_ref"":""EL_APP0033"",""eligibility_state"":""UNKNOWN"",""experience_refs"":[""XP_APP0033_01""],""failed_requirements"":[],""human_rationale"":""동일 경험 안의 구체적 자기기술과 개인 역할을 후속 직접검증 대상으로 확인했다. UNKNOWN 자격은 미확인 상태로 보존한다."",""observation_refs"":[""OB_DOCUMENT_SCREEN_PANEL_01_RECRUITER_EV_XP_APP0033_01_BUILD_M1_SKILL_03"",""OB_DOCUMENT_SCREEN_PANEL_01_RECRUITER_EV_XP_APP0033_01_PROBLEM_M1_SKILL_01"",""OB_DOCUMENT_SCREEN_PANEL_01_RECRUITER_EV_XP_APP0033_01_VALIDATE_M1_SKILL_03""],""qualifying_experience_refs"":[""XP_APP0033_01""],""skill_sufficiency_assessed"":false}"
APP0046_DOCUMENT_SCREEN,APP0046,C0046,DOCUMENT_SCREEN,2026-10-15T15:34:00+09:00,,,2026-10-15T15:34:00+09:00,2026-10-22T15:49:00+09:00,2026-10-26T15:49:00+09:00,,ADVANCED,APPLICATION_EVIDENCE_CANDIDATE,,SYNTHETIC_HUMAN_SCENARIO,"{""eligibility_ref"":""EL_APP0046"",""eligibility_state"":""UNKNOWN"",""experience_refs"":[""XP_APP0046_01"",""XP_APP0046_02""],""failed_requirements"":[],""human_rationale"":""동일 경험 안의 구체적 자기기술과 개인 역할을 후속 직접검증 대상으로 확인했다. UNKNOWN 자격은 미확인 상태로 보존한다."",""observation_refs"":[""OB_DOCUMENT_SCREEN_PANEL_01_RECRUITER_EV_XP_APP0046_01_PROBLEM_M1_SKILL_01"",""OB_DOCUMENT_SCREEN_PANEL_01_RECRUITER_EV_XP_APP0046_02_PROBLEM_M1_SKILL_01"",""OB_DOCUMENT_SCREEN_PANEL_01_RECRUITER_EV_XP_APP0046_02_VALIDATE_M1_SKILL_03""],""qualifying_experience_refs"":[""XP_APP0046_02""],""skill_sufficiency_assessed"":false}"
APP0031_DOCUMENT_SCREEN,APP0031,C0031,DOCUMENT_SCREEN,2026-10-15T16:31:00+09:00,,,2026-10-15T16:31:00+09:00,2026-10-25T16:51:00+09:00,2026-10-29T16:51:00+09:00,,ADVANCED,APPLICATION_EVIDENCE_CANDIDATE,,SYNTHETIC_HUMAN_SCENARIO,"{""eligibility_ref"":""EL_APP0031"",""eligibility_state"":""PASS"",""experience_refs"":[""XP_APP0031_01""],""failed_requirements"":[],""human_rationale"":""동일 경험 안의 구체적 자기기술과 개인 역할을 후속 직접검증 대상으로 확인했다. UNKNOWN 자격은 미확인 상태로 보존한다."",""observation_refs"":[""OB_DOCUMENT_SCREEN_PANEL_01_RECRUITER_EV_XP_APP0031_01_BUILD_M1_SKILL_03"",""OB_DOCUMENT_SCREEN_PANEL_01_RECRUITER_EV_XP_APP0031_01_PROBLEM_M1_SKILL_01"",""OB_DOCUMENT_SCREEN_PANEL_01_RECRUITER_EV_XP_APP0031_01_VALIDATE_M1_SKILL_03""],""qualifying_experience_refs"":[""XP_APP0031_01""],""skill_sufficiency_assessed"":false}"
APP0051_DOCUMENT_SCREEN,APP0051,C0051,DOCUMENT_SCREEN,2026-10-16T12:01:00+09:00,,,2026-10-16T12:01:00+09:00,2026-10-24T12:21:00+09:00,2026-10-25T12:21:00+09:00,,FAILED,BASIC_REQUIREMENT_VIOLATION,,SYNTHETIC_HUMAN_SCENARIO,"{""eligibility_ref"":""EL_APP0051"",""eligibility_state"":""FAIL"",""experience_refs"":[""XP_APP0051_01""],""explicit_violation_ref"":[""EL_APP0051#travel_visa""],""failed_requirements"":[""travel_visa""],""human_rationale"":""공개 자격 구조를 합성 일정에 적용한 명시적 미충족으로 이번 지원을 종료한다."",""observation_refs"":[""OB_DOCUMENT_SCREEN_PANEL_01_RECRUITER_EV_XP_APP0051_01_BUILD_M1_SKILL_03"",""OB_DOCUMENT_SCREEN_PANEL_01_RECRUITER_EV_XP_APP0051_01_PROBLEM_M1_SKILL_01"",""OB_DOCUMENT_SCREEN_PANEL_01_RECRUITER_EV_XP_APP0051_01_VALIDATE_M1_SKILL_03""],""public_requirement_ref"":""KIA-02-REPOST"",""qualifying_experience_refs"":[""XP_APP0051_01""],""skill_sufficiency_assessed"":false}"
APP0021_DOCUMENT_SCREEN,APP0021,C0021,DOCUMENT_SCREEN,2026-10-16T12:51:00+09:00,,,2026-10-16T12:51:00+09:00,2026-10-20T13:16:00+09:00,2026-10-22T13:16:00+09:00,,FAILED,BASIC_REQUIREMENT_VIOLATION,,SYNTHETIC_HUMAN_SCENARIO,"{""eligibility_ref"":""EL_APP0021"",""eligibility_state"":""FAIL"",""experience_refs"":[""XP_APP0021_01""],""explicit_violation_ref"":[""EL_APP0021#language""],""failed_requirements"":[""language""],""human_rationale"":""공개 자격 구조를 합성 일정에 적용한 명시적 미충족으로 이번 지원을 종료한다."",""observation_refs"":[""OB_DOCUMENT_SCREEN_PANEL_01_RECRUITER_EV_XP_APP0021_01_BUILD_M1_SKILL_03"",""OB_DOCUMENT_SCREEN_PANEL_01_RECRUITER_EV_XP_APP0021_01_PROBLEM_M1_SKILL_01"",""OB_DOCUMENT_SCREEN_PANEL_01_RECRUITER_EV_XP_APP0021_01_VALIDATE_M1_SKILL_03""],""public_requirement_ref"":""KIA-02-REPOST"",""qualifying_experience_refs"":[],""skill_sufficiency_assessed"":false}"
APP0014_DOCUMENT_SCREEN,APP0014,C0014,DOCUMENT_SCREEN,2026-10-16T13:47:00+09:00,,,2026-10-16T13:47:00+09:00,2026-10-21T14:07:00+09:00,2026-10-22T14:07:00+09:00,,CLOSED,INSUFFICIENT_APPLICATION_EVIDENCE,,SYNTHETIC_HUMAN_SCENARIO,"{""eligibility_ref"":""EL_APP0014"",""eligibility_state"":""PASS"",""experience_refs"":[""XP_APP0014_01""],""failed_requirements"":[],""human_rationale"":""현재 제출된 지원서에서 다음 직접검증 단계로 진행할 충분한 직무 관련 Evidence Candidate를 확인하지 못했다. Skill 또는 능력 부족 판정이 아니다."",""observation_refs"":[""OB_DOCUMENT_SCREEN_PANEL_01_RECRUITER_EV_XP_APP0014_01_BUILD_M1_SKILL_03"",""OB_DOCUMENT_SCREEN_PANEL_01_RECRUITER_EV_XP_APP0014_01_PROBLEM_M1_SKILL_01"",""OB_DOCUMENT_SCREEN_PANEL_01_RECRUITER_EV_XP_APP0014_01_VALIDATE_M1_SKILL_03""],""qualifying_experience_refs"":[],""skill_sufficiency_assessed"":false}"
APP0041_DOCUMENT_SCREEN,APP0041,C0041,DOCUMENT_SCREEN,2026-10-16T15:59:00+09:00,,,2026-10-16T15:59:00+09:00,2026-10-24T16:14:00+09:00,2026-10-24T16:14:00+09:00,,CLOSED,INSUFFICIENT_APPLICATION_EVIDENCE,,SYNTHETIC_HUMAN_SCENARIO,"{""eligibility_ref"":""EL_APP0041"",""eligibility_state"":""UNKNOWN"",""experience_refs"":[""XP_APP0041_01""],""failed_requirements"":[],""human_rationale"":""현재 제출된 지원서에서 다음 직접검증 단계로 진행할 충분한 직무 관련 Evidence Candidate를 확인하지 못했다. Skill 또는 능력 부족 판정이 아니다."",""observation_refs"":[],""qualifying_experience_refs"":[],""skill_sufficiency_assessed"":false}"
APP0034_DOCUMENT_SCREEN,APP0034,C0034,DOCUMENT_SCREEN,2026-10-16T16:52:00+09:00,,,2026-10-16T16:52:00+09:00,2026-10-20T17:12:00+09:00,2026-10-24T17:12:00+09:00,,FAILED,BASIC_REQUIREMENT_VIOLATION,,SYNTHETIC_HUMAN_SCENARIO,"{""eligibility_ref"":""EL_APP0034"",""eligibility_state"":""FAIL"",""experience_refs"":[""XP_APP0034_01""],""explicit_violation_ref"":[""EL_APP0034#language""],""failed_requirements"":[""language""],""human_rationale"":""공개 자격 구조를 합성 일정에 적용한 명시적 미충족으로 이번 지원을 종료한다."",""observation_refs"":[""OB_DOCUMENT_SCREEN_PANEL_01_RECRUITER_EV_XP_APP0034_01_BUILD_M1_SKILL_03"",""OB_DOCUMENT_SCREEN_PANEL_01_RECRUITER_EV_XP_APP0034_01_VALIDATE_M1_SKILL_03""],""public_requirement_ref"":""KIA-02-REPOST"",""qualifying_experience_refs"":[""XP_APP0034_01""],""skill_sufficiency_assessed"":false}"
APP0062_DOCUMENT_SCREEN,APP0062,C0062,DOCUMENT_SCREEN,2026-10-17T09:09:00+09:00,,,2026-10-17T09:09:00+09:00,2026-10-27T09:24:00+09:00,2026-10-27T09:24:00+09:00,,CLOSED,INSUFFICIENT_APPLICATION_EVIDENCE,,SYNTHETIC_HUMAN_SCENARIO,"{""eligibility_ref"":""EL_APP0062"",""eligibility_state"":""PASS"",""experience_refs"":[""XP_APP0062_01"",""XP_APP0062_02""],""failed_requirements"":[],""human_rationale"":""현재 제출된 지원서에서 다음 직접검증 단계로 진행할 충분한 직무 관련 Evidence Candidate를 확인하지 못했다. Skill 또는 능력 부족 판정이 아니다."",""observation_refs"":[""OB_DOCUMENT_SCREEN_PANEL_01_RECRUITER_EV_XP_APP0062_02_PROBLEM_M1_SKILL_01""],""qualifying_experience_refs"":[],""skill_sufficiency_assessed"":false}"
APP0006_DOCUMENT_SCREEN,APP0006,C0006,DOCUMENT_SCREEN,2026-10-17T09:25:00+09:00,,,2026-10-17T09:25:00+09:00,2026-10-22T09:45:00+09:00,2026-10-22T09:45:00+09:00,,CLOSED,INSUFFICIENT_APPLICATION_EVIDENCE,,SYNTHETIC_HUMAN_SCENARIO,"{""eligibility_ref"":""EL_APP0006"",""eligibility_state"":""UNKNOWN"",""experience_refs"":[""XP_APP0006_01"",""XP_APP0006_02""],""failed_requirements"":[],""human_rationale"":""현재 제출된 지원서에서 다음 직접검증 단계로 진행할 충분한 직무 관련 Evidence Candidate를 확인하지 못했다. Skill 또는 능력 부족 판정이 아니다."",""observation_refs"":[""OB_DOCUMENT_SCREEN_PANEL_01_RECRUITER_EV_XP_APP0006_01_PROBLEM_M1_SKILL_01"",""OB_DOCUMENT_SCREEN_PANEL_01_RECRUITER_EV_XP_APP0006_02_BUILD_M1_SKILL_03""],""qualifying_experience_refs"":[],""skill_sufficiency_assessed"":false}"
APP0012_DOCUMENT_SCREEN,APP0012,C0012,DOCUMENT_SCREEN,2026-10-17T09:45:00+09:00,,,2026-10-17T09:45:00+09:00,2026-10-22T10:00:00+09:00,2026-10-23T10:00:00+09:00,,FAILED,BASIC_REQUIREMENT_VIOLATION,,SYNTHETIC_HUMAN_SCENARIO,"{""eligibility_ref"":""EL_APP0012"",""eligibility_state"":""FAIL"",""experience_refs"":[""XP_APP0012_01""],""explicit_violation_ref"":[""EL_APP0012#military""],""failed_requirements"":[""military""],""human_rationale"":""공개 자격 구조를 합성 일정에 적용한 명시적 미충족으로 이번 지원을 종료한다."",""observation_refs"":[""OB_DOCUMENT_SCREEN_PANEL_01_RECRUITER_EV_XP_APP0012_01_PROBLEM_M1_SKILL_01""],""public_requirement_ref"":""KIA-02-REPOST"",""qualifying_experience_refs"":[],""skill_sufficiency_assessed"":false}"
APP0076_DOCUMENT_SCREEN,APP0076,C0076,DOCUMENT_SCREEN,2026-10-17T10:06:00+09:00,,,2026-10-17T10:06:00+09:00,2026-10-26T10:26:00+09:00,2026-10-27T10:26:00+09:00,,ADVANCED,APPLICATION_EVIDENCE_CANDIDATE,,SYNTHETIC_HUMAN_SCENARIO,"{""eligibility_ref"":""EL_APP0076"",""eligibility_state"":""UNKNOWN"",""experience_refs"":[""XP_APP0076_01"",""XP_APP0076_02""],""failed_requirements"":[],""human_rationale"":""동일 경험 안의 구체적 자기기술과 개인 역할을 후속 직접검증 대상으로 확인했다. UNKNOWN 자격은 미확인 상태로 보존한다."",""observation_refs"":[""OB_DOCUMENT_SCREEN_PANEL_01_RECRUITER_EV_XP_APP0076_01_BUILD_M1_SKILL_03"",""OB_DOCUMENT_SCREEN_PANEL_01_RECRUITER_EV_XP_APP0076_01_PROBLEM_M1_SKILL_01"",""OB_DOCUMENT_SCREEN_PANEL_01_RECRUITER_EV_XP_APP0076_01_VALIDATE_M1_SKILL_03"",""OB_DOCUMENT_SCREEN_PANEL_01_RECRUITER_EV_XP_APP0076_02_BUILD_M1_SKILL_03"",""OB_DOCUMENT_SCREEN_PANEL_01_RECRUITER_EV_XP_APP0076_02_PROBLEM_M1_SKILL_01"",""OB_DOCUMENT_SCREEN_PANEL_01_RECRUITER_EV_XP_APP0076_02_VALIDATE_M1_SKILL_03""],""qualifying_experience_refs"":[""XP_APP0076_01"",""XP_APP0076_02""],""skill_sufficiency_assessed"":false}"
APP0056_DOCUMENT_SCREEN,APP0056,C0056,DOCUMENT_SCREEN,2026-10-17T10:32:00+09:00,,,2026-10-17T10:32:00+09:00,2026-10-29T10:47:00+09:00,2026-10-30T10:47:00+09:00,,ADVANCED,APPLICATION_EVIDENCE_CANDIDATE,,SYNTHETIC_HUMAN_SCENARIO,"{""eligibility_ref"":""EL_APP0056"",""eligibility_state"":""PASS"",""experience_refs"":[""XP_APP0056_01""],""failed_requirements"":[],""human_rationale"":""동일 경험 안의 구체적 자기기술과 개인 역할을 후속 직접검증 대상으로 확인했다. UNKNOWN 자격은 미확인 상태로 보존한다."",""observation_refs"":[""OB_DOCUMENT_SCREEN_PANEL_01_RECRUITER_EV_XP_APP0056_01_BUILD_M1_SKILL_03"",""OB_DOCUMENT_SCREEN_PANEL_01_RECRUITER_EV_XP_APP0056_01_PROBLEM_M1_SKILL_01""],""qualifying_experience_refs"":[""XP_APP0056_01""],""skill_sufficiency_assessed"":false}"
APP0068_DOCUMENT_SCREEN,APP0068,C0068,DOCUMENT_SCREEN,2026-10-17T11:33:00+09:00,,,2026-10-17T11:33:00+09:00,2026-10-24T11:58:00+09:00,2026-10-28T11:58:00+09:00,,ADVANCED,APPLICATION_EVIDENCE_CANDIDATE,,SYNTHETIC_HUMAN_SCENARIO,"{""eligibility_ref"":""EL_APP0068"",""eligibility_state"":""PASS"",""experience_refs"":[""XP_APP0068_01"",""XP_APP0068_02""],""failed_requirements"":[],""human_rationale"":""동일 경험 안의 구체적 자기기술과 개인 역할을 후속 직접검증 대상으로 확인했다. UNKNOWN 자격은 미확인 상태로 보존한다."",""observation_refs"":[""OB_DOCUMENT_SCREEN_PANEL_01_RECRUITER_EV_XP_APP0068_01_PROBLEM_M1_SKILL_01"",""OB_DOCUMENT_SCREEN_PANEL_01_RECRUITER_EV_XP_APP0068_01_VALIDATE_M1_SKILL_03"",""OB_DOCUMENT_SCREEN_PANEL_01_RECRUITER_EV_XP_APP0068_02_BUILD_M1_SKILL_03"",""OB_DOCUMENT_SCREEN_PANEL_01_RECRUITER_EV_XP_APP0068_02_VALIDATE_M1_SKILL_03""],""qualifying_experience_refs"":[""XP_APP0068_01""],""skill_sufficiency_assessed"":false}"
APP0043_DOCUMENT_SCREEN,APP0043,C0043,DOCUMENT_SCREEN,2026-10-17T11:43:00+09:00,,,2026-10-17T11:43:00+09:00,2026-10-25T12:08:00+09:00,2026-10-29T12:08:00+09:00,,FAILED,BASIC_REQUIREMENT_VIOLATION,,SYNTHETIC_HUMAN_SCENARIO,"{""eligibility_ref"":""EL_APP0043"",""eligibility_state"":""FAIL"",""experience_refs"":[""XP_APP0043_01"",""XP_APP0043_02""],""explicit_violation_ref"":[""EL_APP0043#degree""],""failed_requirements"":[""degree""],""human_rationale"":""공개 자격 구조를 합성 일정에 적용한 명시적 미충족으로 이번 지원을 종료한다."",""observation_refs"":[""OB_DOCUMENT_SCREEN_PANEL_01_RECRUITER_EV_XP_APP0043_01_PROBLEM_M1_SKILL_01"",""OB_DOCUMENT_SCREEN_PANEL_01_RECRUITER_EV_XP_APP0043_01_VALIDATE_M1_SKILL_03"",""OB_DOCUMENT_SCREEN_PANEL_01_RECRUITER_EV_XP_APP0043_02_BUILD_M1_SKILL_03"",""OB_DOCUMENT_SCREEN_PANEL_01_RECRUITER_EV_XP_APP0043_02_PROBLEM_M1_SKILL_01"",""OB_DOCUMENT_SCREEN_PANEL_01_RECRUITER_EV_XP_APP0043_02_VALIDATE_M1_SKILL_03""],""public_requirement_ref"":""KIA-02-REPOST"",""qualifying_experience_refs"":[""XP_APP0043_01"",""XP_APP0043_02""],""skill_sufficiency_assessed"":false}"
APP0048_DOCUMENT_SCREEN,APP0048,C0048,DOCUMENT_SCREEN,2026-10-17T12:02:00+09:00,,,2026-10-17T12:02:00+09:00,2026-10-26T12:22:00+09:00,2026-10-26T12:22:00+09:00,,CLOSED,INSUFFICIENT_APPLICATION_EVIDENCE,,SYNTHETIC_HUMAN_SCENARIO,"{""eligibility_ref"":""EL_APP0048"",""eligibility_state"":""UNKNOWN"",""experience_refs"":[""XP_APP0048_01""],""failed_requirements"":[],""human_rationale"":""현재 제출된 지원서에서 다음 직접검증 단계로 진행할 충분한 직무 관련 Evidence Candidate를 확인하지 못했다. Skill 또는 능력 부족 판정이 아니다."",""observation_refs"":[""OB_DOCUMENT_SCREEN_PANEL_01_RECRUITER_EV_XP_APP0048_01_BUILD_M1_SKILL_03"",""OB_DOCUMENT_SCREEN_PANEL_01_RECRUITER_EV_XP_APP0048_01_PROBLEM_M1_SKILL_01""],""qualifying_experience_refs"":[],""skill_sufficiency_assessed"":false}"
APP0058_DOCUMENT_SCREEN,APP0058,C0058,DOCUMENT_SCREEN,2026-10-17T14:11:00+09:00,,,2026-10-17T14:11:00+09:00,2026-10-20T15:02:00+09:00,2026-10-24T15:02:00+09:00,,ADVANCED,APPLICATION_EVIDENCE_CANDIDATE,,SYNTHETIC_HUMAN_SCENARIO,"{""eligibility_ref"":""EL_APP0058"",""eligibility_state"":""UNKNOWN"",""experience_refs"":[""XP_APP0058_01"",""XP_APP0058_02""],""failed_requirements"":[],""human_rationale"":""동일 경험 안의 구체적 자기기술과 개인 역할을 후속 직접검증 대상으로 확인했다. UNKNOWN 자격은 미확인 상태로 보존한다."",""observation_refs"":[""OB_DOCUMENT_SCREEN_PANEL_01_RECRUITER_EV_XP_APP0058_01_BUILD_M1_SKILL_03"",""OB_DOCUMENT_SCREEN_PANEL_01_RECRUITER_EV_XP_APP0058_01_PROBLEM_M1_SKILL_01""],""qualifying_experience_refs"":[""XP_APP0058_01""],""skill_sufficiency_assessed"":false}"
APP0045_DOCUMENT_SCREEN,APP0045,C0045,DOCUMENT_SCREEN,2026-10-17T14:33:00+09:00,,,2026-10-17T14:33:00+09:00,2026-10-21T14:53:00+09:00,2026-10-22T14:53:00+09:00,,FAILED,BASIC_REQUIREMENT_VIOLATION,,SYNTHETIC_HUMAN_SCENARIO,"{""eligibility_ref"":""EL_APP0045"",""eligibility_state"":""FAIL"",""experience_refs"":[""XP_APP0045_01""],""explicit_violation_ref"":[""EL_APP0045#travel_visa""],""failed_requirements"":[""travel_visa""],""human_rationale"":""공개 자격 구조를 합성 일정에 적용한 명시적 미충족으로 이번 지원을 종료한다."",""observation_refs"":[""OB_DOCUMENT_SCREEN_PANEL_01_RECRUITER_EV_XP_APP0045_01_VALIDATE_M1_SKILL_03""],""public_requirement_ref"":""KIA-02-REPOST"",""qualifying_experience_refs"":[],""skill_sufficiency_assessed"":false}"
APP0086_DOCUMENT_SCREEN,APP0086,C0086,DOCUMENT_SCREEN,2026-10-17T15:09:00+09:00,,,2026-10-17T15:09:00+09:00,2026-10-24T15:29:00+09:00,2026-10-26T15:29:00+09:00,,CLOSED,INSUFFICIENT_APPLICATION_EVIDENCE,,SYNTHETIC_HUMAN_SCENARIO,"{""eligibility_ref"":""EL_APP0086"",""eligibility_state"":""UNKNOWN"",""experience_refs"":[""XP_APP0086_01""],""failed_requirements"":[],""human_rationale"":""현재 제출된 지원서에서 다음 직접검증 단계로 진행할 충분한 직무 관련 Evidence Candidate를 확인하지 못했다. Skill 또는 능력 부족 판정이 아니다."",""observation_refs"":[""OB_DOCUMENT_SCREEN_PANEL_01_RECRUITER_EV_XP_APP0086_01_BUILD_M1_SKILL_03""],""qualifying_experience_refs"":[],""skill_sufficiency_assessed"":false}"
APP0035_DOCUMENT_SCREEN,APP0035,C0035,DOCUMENT_SCREEN,2026-10-17T15:46:00+09:00,,,2026-10-17T15:46:00+09:00,2026-10-23T16:06:00+09:00,2026-10-23T16:06:00+09:00,,CLOSED,INSUFFICIENT_APPLICATION_EVIDENCE,,SYNTHETIC_HUMAN_SCENARIO,"{""eligibility_ref"":""EL_APP0035"",""eligibility_state"":""PASS"",""experience_refs"":[""XP_APP0035_01""],""failed_requirements"":[],""human_rationale"":""현재 제출된 지원서에서 다음 직접검증 단계로 진행할 충분한 직무 관련 Evidence Candidate를 확인하지 못했다. Skill 또는 능력 부족 판정이 아니다."",""observation_refs"":[""OB_DOCUMENT_SCREEN_PANEL_01_RECRUITER_EV_XP_APP0035_01_BUILD_M1_SKILL_03""],""qualifying_experience_refs"":[],""skill_sufficiency_assessed"":false}"
APP0053_DOCUMENT_SCREEN,APP0053,C0053,DOCUMENT_SCREEN,2026-10-18T09:03:00+09:00,,,2026-10-18T09:03:00+09:00,2026-10-26T09:28:00+09:00,2026-10-27T09:28:00+09:00,,FAILED,BASIC_REQUIREMENT_VIOLATION,,SYNTHETIC_HUMAN_SCENARIO,"{""eligibility_ref"":""EL_APP0053"",""eligibility_state"":""FAIL"",""experience_refs"":[""XP_APP0053_01""],""explicit_violation_ref"":[""EL_APP0053#language""],""failed_requirements"":[""language""],""human_rationale"":""공개 자격 구조를 합성 일정에 적용한 명시적 미충족으로 이번 지원을 종료한다."",""observation_refs"":[""OB_DOCUMENT_SCREEN_PANEL_01_RECRUITER_EV_XP_APP0053_01_BUILD_M1_SKILL_03""],""public_requirement_ref"":""KIA-02-REPOST"",""qualifying_experience_refs"":[],""skill_sufficiency_assessed"":false}"
APP0079_DOCUMENT_SCREEN,APP0079,C0079,DOCUMENT_SCREEN,2026-10-18T09:57:00+09:00,,,2026-10-18T09:57:00+09:00,2026-10-26T10:22:00+09:00,2026-10-30T10:22:00+09:00,,CLOSED,INSUFFICIENT_APPLICATION_EVIDENCE,,SYNTHETIC_HUMAN_SCENARIO,"{""eligibility_ref"":""EL_APP0079"",""eligibility_state"":""UNKNOWN"",""experience_refs"":[""XP_APP0079_01""],""failed_requirements"":[],""human_rationale"":""현재 제출된 지원서에서 다음 직접검증 단계로 진행할 충분한 직무 관련 Evidence Candidate를 확인하지 못했다. Skill 또는 능력 부족 판정이 아니다."",""observation_refs"":[""OB_DOCUMENT_SCREEN_PANEL_01_RECRUITER_EV_XP_APP0079_01_BUILD_M1_SKILL_03""],""qualifying_experience_refs"":[],""skill_sufficiency_assessed"":false}"
APP0029_DOCUMENT_SCREEN,APP0029,C0029,DOCUMENT_SCREEN,2026-10-18T10:39:00+09:00,,,2026-10-18T10:39:00+09:00,2026-10-22T11:04:00+09:00,2026-10-26T11:04:00+09:00,,CLOSED,INSUFFICIENT_APPLICATION_EVIDENCE,,SYNTHETIC_HUMAN_SCENARIO,"{""eligibility_ref"":""EL_APP0029"",""eligibility_state"":""PASS"",""experience_refs"":[""XP_APP0029_01"",""XP_APP0029_02""],""failed_requirements"":[],""human_rationale"":""현재 제출된 지원서에서 다음 직접검증 단계로 진행할 충분한 직무 관련 Evidence Candidate를 확인하지 못했다. Skill 또는 능력 부족 판정이 아니다."",""observation_refs"":[""OB_DOCUMENT_SCREEN_PANEL_01_RECRUITER_EV_XP_APP0029_01_BUILD_M1_SKILL_03"",""OB_DOCUMENT_SCREEN_PANEL_01_RECRUITER_EV_XP_APP0029_01_PROBLEM_M1_SKILL_01"",""OB_DOCUMENT_SCREEN_PANEL_01_RECRUITER_EV_XP_APP0029_01_VALIDATE_M1_SKILL_03"",""OB_DOCUMENT_SCREEN_PANEL_01_RECRUITER_EV_XP_APP0029_02_BUILD_M1_SKILL_03""],""qualifying_experience_refs"":[],""skill_sufficiency_assessed"":false}"
APP0059_DOCUMENT_SCREEN,APP0059,C0059,DOCUMENT_SCREEN,2026-10-18T11:48:00+09:00,,,2026-10-18T11:48:00+09:00,2026-10-21T12:23:00+09:00,2026-10-21T12:23:00+09:00,,CLOSED,INSUFFICIENT_APPLICATION_EVIDENCE,,SYNTHETIC_HUMAN_SCENARIO,"{""eligibility_ref"":""EL_APP0059"",""eligibility_state"":""PASS"",""experience_refs"":[""XP_APP0059_01"",""XP_APP0059_02""],""failed_requirements"":[],""human_rationale"":""현재 제출된 지원서에서 다음 직접검증 단계로 진행할 충분한 직무 관련 Evidence Candidate를 확인하지 못했다. Skill 또는 능력 부족 판정이 아니다."",""observation_refs"":[""OB_DOCUMENT_SCREEN_PANEL_01_RECRUITER_EV_XP_APP0059_01_PROBLEM_M1_SKILL_01"",""OB_DOCUMENT_SCREEN_PANEL_01_RECRUITER_EV_XP_APP0059_02_PROBLEM_M1_SKILL_01""],""qualifying_experience_refs"":[],""skill_sufficiency_assessed"":false}"
APP0085_DOCUMENT_SCREEN,APP0085,C0085,DOCUMENT_SCREEN,2026-10-18T11:54:00+09:00,,,2026-10-18T11:54:00+09:00,2026-10-22T12:43:00+09:00,2026-10-24T12:43:00+09:00,,FAILED,BASIC_REQUIREMENT_VIOLATION,,SYNTHETIC_HUMAN_SCENARIO,"{""eligibility_ref"":""EL_APP0085"",""eligibility_state"":""FAIL"",""experience_refs"":[""XP_APP0085_01""],""explicit_violation_ref"":[""EL_APP0085#military""],""failed_requirements"":[""military""],""human_rationale"":""공개 자격 구조를 합성 일정에 적용한 명시적 미충족으로 이번 지원을 종료한다."",""observation_refs"":[""OB_DOCUMENT_SCREEN_PANEL_01_RECRUITER_EV_XP_APP0085_01_PROBLEM_M1_SKILL_01"",""OB_DOCUMENT_SCREEN_PANEL_01_RECRUITER_EV_XP_APP0085_01_VALIDATE_M1_SKILL_03""],""public_requirement_ref"":""KIA-02-REPOST"",""qualifying_experience_refs"":[""XP_APP0085_01""],""skill_sufficiency_assessed"":false}"
APP0024_DOCUMENT_SCREEN,APP0024,C0024,DOCUMENT_SCREEN,2026-10-18T13:29:00+09:00,,,2026-10-18T13:29:00+09:00,2026-10-21T13:44:00+09:00,2026-10-22T13:44:00+09:00,,ADVANCED,APPLICATION_EVIDENCE_CANDIDATE,,SYNTHETIC_HUMAN_SCENARIO,"{""eligibility_ref"":""EL_APP0024"",""eligibility_state"":""UNKNOWN"",""experience_refs"":[""XP_APP0024_01"",""XP_APP0024_02""],""failed_requirements"":[],""human_rationale"":""동일 경험 안의 구체적 자기기술과 개인 역할을 후속 직접검증 대상으로 확인했다. UNKNOWN 자격은 미확인 상태로 보존한다."",""observation_refs"":[""OB_DOCUMENT_SCREEN_PANEL_01_RECRUITER_EV_XP_APP0024_01_BUILD_M1_SKILL_03"",""OB_DOCUMENT_SCREEN_PANEL_01_RECRUITER_EV_XP_APP0024_01_PROBLEM_M1_SKILL_01"",""OB_DOCUMENT_SCREEN_PANEL_01_RECRUITER_EV_XP_APP0024_01_VALIDATE_M1_SKILL_03"",""OB_DOCUMENT_SCREEN_PANEL_01_RECRUITER_EV_XP_APP0024_02_BUILD_M1_SKILL_03""],""qualifying_experience_refs"":[""XP_APP0024_01""],""skill_sufficiency_assessed"":false}"
APP0103_DOCUMENT_SCREEN,APP0103,C0103,DOCUMENT_SCREEN,2026-10-18T13:37:00+09:00,,,2026-10-18T13:37:00+09:00,2026-10-28T14:02:00+09:00,2026-11-01T14:02:00+09:00,,CLOSED,INSUFFICIENT_APPLICATION_EVIDENCE,,SYNTHETIC_HUMAN_SCENARIO,"{""eligibility_ref"":""EL_APP0103"",""eligibility_state"":""UNKNOWN"",""experience_refs"":[""XP_APP0103_01"",""XP_APP0103_02""],""failed_requirements"":[],""human_rationale"":""현재 제출된 지원서에서 다음 직접검증 단계로 진행할 충분한 직무 관련 Evidence Candidate를 확인하지 못했다. Skill 또는 능력 부족 판정이 아니다."",""observation_refs"":[""OB_DOCUMENT_SCREEN_PANEL_01_RECRUITER_EV_XP_APP0103_01_VALIDATE_M1_SKILL_03"",""OB_DOCUMENT_SCREEN_PANEL_01_RECRUITER_EV_XP_APP0103_02_PROBLEM_M1_SKILL_01""],""qualifying_experience_refs"":[],""skill_sufficiency_assessed"":false}"
APP0074_DOCUMENT_SCREEN,APP0074,C0074,DOCUMENT_SCREEN,2026-10-18T13:41:00+09:00,,,2026-10-18T13:41:00+09:00,2026-10-26T14:01:00+09:00,2026-10-26T14:01:00+09:00,,ADVANCED,APPLICATION_EVIDENCE_CANDIDATE,,SYNTHETIC_HUMAN_SCENARIO,"{""eligibility_ref"":""EL_APP0074"",""eligibility_state"":""UNKNOWN"",""experience_refs"":[""XP_APP0074_01"",""XP_APP0074_02""],""failed_requirements"":[],""human_rationale"":""동일 경험 안의 구체적 자기기술과 개인 역할을 후속 직접검증 대상으로 확인했다. UNKNOWN 자격은 미확인 상태로 보존한다."",""observation_refs"":[""OB_DOCUMENT_SCREEN_PANEL_01_RECRUITER_EV_XP_APP0074_01_BUILD_M1_SKILL_03"",""OB_DOCUMENT_SCREEN_PANEL_01_RECRUITER_EV_XP_APP0074_01_PROBLEM_M1_SKILL_01"",""OB_DOCUMENT_SCREEN_PANEL_01_RECRUITER_EV_XP_APP0074_02_BUILD_M1_SKILL_03"",""OB_DOCUMENT_SCREEN_PANEL_01_RECRUITER_EV_XP_APP0074_02_PROBLEM_M1_SKILL_01""],""qualifying_experience_refs"":[""XP_APP0074_01"",""XP_APP0074_02""],""skill_sufficiency_assessed"":false}"
APP0088_DOCUMENT_SCREEN,APP0088,C0088,DOCUMENT_SCREEN,2026-10-18T13:46:00+09:00,,,2026-10-18T13:46:00+09:00,2026-10-25T14:01:00+09:00,2026-10-27T14:01:00+09:00,,CLOSED,INSUFFICIENT_APPLICATION_EVIDENCE,,SYNTHETIC_HUMAN_SCENARIO,"{""eligibility_ref"":""EL_APP0088"",""eligibility_state"":""UNKNOWN"",""experience_refs"":[""XP_APP0088_01""],""failed_requirements"":[],""human_rationale"":""현재 제출된 지원서에서 다음 직접검증 단계로 진행할 충분한 직무 관련 Evidence Candidate를 확인하지 못했다. Skill 또는 능력 부족 판정이 아니다."",""observation_refs"":[""OB_DOCUMENT_SCREEN_PANEL_01_RECRUITER_EV_XP_APP0088_01_PROBLEM_M1_SKILL_01""],""qualifying_experience_refs"":[],""skill_sufficiency_assessed"":false}"
APP0026_DOCUMENT_SCREEN,APP0026,C0026,DOCUMENT_SCREEN,2026-10-18T13:47:00+09:00,,,2026-10-18T13:47:00+09:00,2026-10-26T14:27:00+09:00,2026-10-28T14:27:00+09:00,,FAILED,BASIC_REQUIREMENT_VIOLATION,,SYNTHETIC_HUMAN_SCENARIO,"{""eligibility_ref"":""EL_APP0026"",""eligibility_state"":""FAIL"",""experience_refs"":[""XP_APP0026_01""],""explicit_violation_ref"":[""EL_APP0026#travel_visa""],""failed_requirements"":[""travel_visa""],""human_rationale"":""공개 자격 구조를 합성 일정에 적용한 명시적 미충족으로 이번 지원을 종료한다."",""observation_refs"":[""OB_DOCUMENT_SCREEN_PANEL_01_RECRUITER_EV_XP_APP0026_01_BUILD_M1_SKILL_03"",""OB_DOCUMENT_SCREEN_PANEL_01_RECRUITER_EV_XP_APP0026_01_PROBLEM_M1_SKILL_01""],""public_requirement_ref"":""KIA-02-REPOST"",""qualifying_experience_refs"":[""XP_APP0026_01""],""skill_sufficiency_assessed"":false}"
APP0083_DOCUMENT_SCREEN,APP0083,C0083,DOCUMENT_SCREEN,2026-10-18T14:25:00+09:00,,,2026-10-18T14:25:00+09:00,2026-10-23T15:18:00+09:00,2026-10-25T15:18:00+09:00,,FAILED,BASIC_REQUIREMENT_VIOLATION,,SYNTHETIC_HUMAN_SCENARIO,"{""eligibility_ref"":""EL_APP0083"",""eligibility_state"":""FAIL"",""experience_refs"":[""XP_APP0083_01""],""explicit_violation_ref"":[""EL_APP0083#language""],""failed_requirements"":[""language""],""human_rationale"":""공개 자격 구조를 합성 일정에 적용한 명시적 미충족으로 이번 지원을 종료한다."",""observation_refs"":[""OB_DOCUMENT_SCREEN_PANEL_01_RECRUITER_EV_XP_APP0083_01_BUILD_M1_SKILL_03"",""OB_DOCUMENT_SCREEN_PANEL_01_RECRUITER_EV_XP_APP0083_01_PROBLEM_M1_SKILL_01""],""public_requirement_ref"":""KIA-02-REPOST"",""qualifying_experience_refs"":[""XP_APP0083_01""],""skill_sufficiency_assessed"":false}"
APP0077_DOCUMENT_SCREEN,APP0077,C0077,DOCUMENT_SCREEN,2026-10-18T16:24:00+09:00,,,2026-10-18T16:24:00+09:00,2026-10-26T16:39:00+09:00,2026-10-28T16:39:00+09:00,,FAILED,BASIC_REQUIREMENT_VIOLATION,,SYNTHETIC_HUMAN_SCENARIO,"{""eligibility_ref"":""EL_APP0077"",""eligibility_state"":""FAIL"",""experience_refs"":[""XP_APP0077_01""],""explicit_violation_ref"":[""EL_APP0077#military""],""failed_requirements"":[""military""],""human_rationale"":""공개 자격 구조를 합성 일정에 적용한 명시적 미충족으로 이번 지원을 종료한다."",""observation_refs"":[""OB_DOCUMENT_SCREEN_PANEL_01_RECRUITER_EV_XP_APP0077_01_PROBLEM_M1_SKILL_01""],""public_requirement_ref"":""KIA-02-REPOST"",""qualifying_experience_refs"":[],""skill_sufficiency_assessed"":false}"
APP0113_DOCUMENT_SCREEN,APP0113,C0113,DOCUMENT_SCREEN,2026-10-19T10:10:00+09:00,,,2026-10-19T10:10:00+09:00,2026-10-26T11:07:00+09:00,2026-10-30T11:07:00+09:00,,CLOSED,INSUFFICIENT_APPLICATION_EVIDENCE,,SYNTHETIC_HUMAN_SCENARIO,"{""eligibility_ref"":""EL_APP0113"",""eligibility_state"":""UNKNOWN"",""experience_refs"":[""XP_APP0113_01""],""failed_requirements"":[],""human_rationale"":""현재 제출된 지원서에서 다음 직접검증 단계로 진행할 충분한 직무 관련 Evidence Candidate를 확인하지 못했다. Skill 또는 능력 부족 판정이 아니다."",""observation_refs"":[""OB_DOCUMENT_SCREEN_PANEL_01_RECRUITER_EV_XP_APP0113_01_VALIDATE_M1_SKILL_03""],""qualifying_experience_refs"":[],""skill_sufficiency_assessed"":false}"
APP0040_DOCUMENT_SCREEN,APP0040,C0040,DOCUMENT_SCREEN,2026-10-19T11:31:00+09:00,,,2026-10-19T11:31:00+09:00,2026-10-25T12:18:00+09:00,2026-10-27T12:18:00+09:00,,CLOSED,INSUFFICIENT_APPLICATION_EVIDENCE,,SYNTHETIC_HUMAN_SCENARIO,"{""eligibility_ref"":""EL_APP0040"",""eligibility_state"":""PASS"",""experience_refs"":[""XP_APP0040_01""],""failed_requirements"":[],""human_rationale"":""현재 제출된 지원서에서 다음 직접검증 단계로 진행할 충분한 직무 관련 Evidence Candidate를 확인하지 못했다. Skill 또는 능력 부족 판정이 아니다."",""observation_refs"":[""OB_DOCUMENT_SCREEN_PANEL_01_RECRUITER_EV_XP_APP0040_01_PROBLEM_M1_SKILL_01""],""qualifying_experience_refs"":[],""skill_sufficiency_assessed"":false}"
APP0112_DOCUMENT_SCREEN,APP0112,C0112,DOCUMENT_SCREEN,2026-10-19T12:07:00+09:00,,,2026-10-19T12:07:00+09:00,2026-10-24T12:33:00+09:00,2026-10-25T12:33:00+09:00,,ADVANCED,APPLICATION_EVIDENCE_CANDIDATE,,SYNTHETIC_HUMAN_SCENARIO,"{""eligibility_ref"":""EL_APP0112"",""eligibility_state"":""UNKNOWN"",""experience_refs"":[""XP_APP0112_01"",""XP_APP0112_02""],""failed_requirements"":[],""human_rationale"":""동일 경험 안의 구체적 자기기술과 개인 역할을 후속 직접검증 대상으로 확인했다. UNKNOWN 자격은 미확인 상태로 보존한다."",""observation_refs"":[""OB_DOCUMENT_SCREEN_PANEL_01_RECRUITER_EV_XP_APP0112_01_PROBLEM_M1_SKILL_01"",""OB_DOCUMENT_SCREEN_PANEL_01_RECRUITER_EV_XP_APP0112_01_VALIDATE_M1_SKILL_03"",""OB_DOCUMENT_SCREEN_PANEL_01_RECRUITER_EV_XP_APP0112_02_VALIDATE_M1_SKILL_03""],""qualifying_experience_refs"":[""XP_APP0112_01""],""skill_sufficiency_assessed"":false}"
APP0111_DOCUMENT_SCREEN,APP0111,C0111,DOCUMENT_SCREEN,2026-10-19T12:29:00+09:00,,,2026-10-19T12:29:00+09:00,2026-10-29T12:49:00+09:00,2026-10-29T12:49:00+09:00,,ADVANCED,APPLICATION_EVIDENCE_CANDIDATE,,SYNTHETIC_HUMAN_SCENARIO,"{""eligibility_ref"":""EL_APP0111"",""eligibility_state"":""UNKNOWN"",""experience_refs"":[""XP_APP0111_01"",""XP_APP0111_02""],""failed_requirements"":[],""human_rationale"":""동일 경험 안의 구체적 자기기술과 개인 역할을 후속 직접검증 대상으로 확인했다. UNKNOWN 자격은 미확인 상태로 보존한다."",""observation_refs"":[""OB_DOCUMENT_SCREEN_PANEL_01_RECRUITER_EV_XP_APP0111_02_BUILD_M1_SKILL_03"",""OB_DOCUMENT_SCREEN_PANEL_01_RECRUITER_EV_XP_APP0111_02_VALIDATE_M1_SKILL_03""],""qualifying_experience_refs"":[""XP_APP0111_02""],""skill_sufficiency_assessed"":false}"
APP0078_DOCUMENT_SCREEN,APP0078,C0078,DOCUMENT_SCREEN,2026-10-19T12:33:00+09:00,,,2026-10-19T12:33:00+09:00,2026-10-27T13:52:00+09:00,2026-10-29T13:52:00+09:00,,FAILED,BASIC_REQUIREMENT_VIOLATION,,SYNTHETIC_HUMAN_SCENARIO,"{""eligibility_ref"":""EL_APP0078"",""eligibility_state"":""FAIL"",""experience_refs"":[""XP_APP0078_01""],""explicit_violation_ref"":[""EL_APP0078#military""],""failed_requirements"":[""military""],""human_rationale"":""공개 자격 구조를 합성 일정에 적용한 명시적 미충족으로 이번 지원을 종료한다."",""observation_refs"":[""OB_DOCUMENT_SCREEN_PANEL_01_RECRUITER_EV_XP_APP0078_01_BUILD_M1_SKILL_03"",""OB_DOCUMENT_SCREEN_PANEL_01_RECRUITER_EV_XP_APP0078_01_PROBLEM_M1_SKILL_01""],""public_requirement_ref"":""KIA-02-REPOST"",""qualifying_experience_refs"":[],""skill_sufficiency_assessed"":false}"
APP0087_DOCUMENT_SCREEN,APP0087,C0087,DOCUMENT_SCREEN,2026-10-19T12:35:00+09:00,,,2026-10-19T12:35:00+09:00,2026-10-24T13:34:00+09:00,2026-10-25T13:34:00+09:00,,FAILED,BASIC_REQUIREMENT_VIOLATION,,SYNTHETIC_HUMAN_SCENARIO,"{""eligibility_ref"":""EL_APP0087"",""eligibility_state"":""FAIL"",""experience_refs"":[""XP_APP0087_01"",""XP_APP0087_02""],""explicit_violation_ref"":[""EL_APP0087#degree""],""failed_requirements"":[""degree""],""human_rationale"":""공개 자격 구조를 합성 일정에 적용한 명시적 미충족으로 이번 지원을 종료한다."",""observation_refs"":[""OB_DOCUMENT_SCREEN_PANEL_01_RECRUITER_EV_XP_APP0087_01_BUILD_M1_SKILL_03"",""OB_DOCUMENT_SCREEN_PANEL_01_RECRUITER_EV_XP_APP0087_01_VALIDATE_M1_SKILL_03"",""OB_DOCUMENT_SCREEN_PANEL_01_RECRUITER_EV_XP_APP0087_02_BUILD_M1_SKILL_03""],""public_requirement_ref"":""KIA-02-REPOST"",""qualifying_experience_refs"":[""XP_APP0087_01""],""skill_sufficiency_assessed"":false}"
APP0123_DOCUMENT_SCREEN,APP0123,C0123,DOCUMENT_SCREEN,2026-10-19T12:35:00+09:00,,,2026-10-19T12:35:00+09:00,2026-10-25T14:12:00+09:00,2026-10-26T14:12:00+09:00,,FAILED,BASIC_REQUIREMENT_VIOLATION,,SYNTHETIC_HUMAN_SCENARIO,"{""eligibility_ref"":""EL_APP0123"",""eligibility_state"":""FAIL"",""experience_refs"":[""XP_APP0123_01"",""XP_APP0123_02""],""explicit_violation_ref"":[""EL_APP0123#degree""],""failed_requirements"":[""degree""],""human_rationale"":""공개 자격 구조를 합성 일정에 적용한 명시적 미충족으로 이번 지원을 종료한다."",""observation_refs"":[""OB_DOCUMENT_SCREEN_PANEL_01_RECRUITER_EV_XP_APP0123_02_BUILD_M1_SKILL_03"",""OB_DOCUMENT_SCREEN_PANEL_01_RECRUITER_EV_XP_APP0123_02_PROBLEM_M1_SKILL_01""],""public_requirement_ref"":""KIA-02-REPOST"",""qualifying_experience_refs"":[""XP_APP0123_02""],""skill_sufficiency_assessed"":false}"
APP0080_DOCUMENT_SCREEN,APP0080,C0080,DOCUMENT_SCREEN,2026-10-19T13:28:00+09:00,,,2026-10-19T13:28:00+09:00,2026-10-29T13:48:00+09:00,2026-10-29T13:48:00+09:00,,FAILED,BASIC_REQUIREMENT_VIOLATION,,SYNTHETIC_HUMAN_SCENARIO,"{""eligibility_ref"":""EL_APP0080"",""eligibility_state"":""FAIL"",""experience_refs"":[""XP_APP0080_01""],""explicit_violation_ref"":[""EL_APP0080#language""],""failed_requirements"":[""language""],""human_rationale"":""공개 자격 구조를 합성 일정에 적용한 명시적 미충족으로 이번 지원을 종료한다."",""observation_refs"":[""OB_DOCUMENT_SCREEN_PANEL_01_RECRUITER_EV_XP_APP0080_01_BUILD_M1_SKILL_03""],""public_requirement_ref"":""KIA-02-REPOST"",""qualifying_experience_refs"":[],""skill_sufficiency_assessed"":false}"
APP0073_DOCUMENT_SCREEN,APP0073,C0073,DOCUMENT_SCREEN,2026-10-19T14:13:00+09:00,,,2026-10-19T14:13:00+09:00,2026-10-24T14:38:00+09:00,2026-10-28T14:38:00+09:00,,CLOSED,INSUFFICIENT_APPLICATION_EVIDENCE,,SYNTHETIC_HUMAN_SCENARIO,"{""eligibility_ref"":""EL_APP0073"",""eligibility_state"":""UNKNOWN"",""experience_refs"":[""XP_APP0073_01"",""XP_APP0073_02""],""failed_requirements"":[],""human_rationale"":""현재 제출된 지원서에서 다음 직접검증 단계로 진행할 충분한 직무 관련 Evidence Candidate를 확인하지 못했다. Skill 또는 능력 부족 판정이 아니다."",""observation_refs"":[""OB_DOCUMENT_SCREEN_PANEL_01_RECRUITER_EV_XP_APP0073_01_BUILD_M1_SKILL_03"",""OB_DOCUMENT_SCREEN_PANEL_01_RECRUITER_EV_XP_APP0073_01_PROBLEM_M1_SKILL_01"",""OB_DOCUMENT_SCREEN_PANEL_01_RECRUITER_EV_XP_APP0073_02_BUILD_M1_SKILL_03"",""OB_DOCUMENT_SCREEN_PANEL_01_RECRUITER_EV_XP_APP0073_02_VALIDATE_M1_SKILL_03""],""qualifying_experience_refs"":[],""skill_sufficiency_assessed"":false}"
APP0070_DOCUMENT_SCREEN,APP0070,C0070,DOCUMENT_SCREEN,2026-10-19T14:17:00+09:00,,,2026-10-19T14:17:00+09:00,2026-10-23T15:08:00+09:00,2026-10-23T15:08:00+09:00,,ADVANCED,APPLICATION_EVIDENCE_CANDIDATE,,SYNTHETIC_HUMAN_SCENARIO,"{""eligibility_ref"":""EL_APP0070"",""eligibility_state"":""UNKNOWN"",""experience_refs"":[""XP_APP0070_01""],""failed_requirements"":[],""human_rationale"":""동일 경험 안의 구체적 자기기술과 개인 역할을 후속 직접검증 대상으로 확인했다. UNKNOWN 자격은 미확인 상태로 보존한다."",""observation_refs"":[""OB_DOCUMENT_SCREEN_PANEL_01_RECRUITER_EV_XP_APP0070_01_BUILD_M1_SKILL_03"",""OB_DOCUMENT_SCREEN_PANEL_01_RECRUITER_EV_XP_APP0070_01_PROBLEM_M1_SKILL_01"",""OB_DOCUMENT_SCREEN_PANEL_01_RECRUITER_EV_XP_APP0070_01_VALIDATE_M1_SKILL_03""],""qualifying_experience_refs"":[""XP_APP0070_01""],""skill_sufficiency_assessed"":false}"
APP0116_DOCUMENT_SCREEN,APP0116,C0116,DOCUMENT_SCREEN,2026-10-19T14:35:00+09:00,,,2026-10-19T14:35:00+09:00,2026-10-31T15:00:00+09:00,2026-11-01T15:00:00+09:00,,CLOSED,INSUFFICIENT_APPLICATION_EVIDENCE,,SYNTHETIC_HUMAN_SCENARIO,"{""eligibility_ref"":""EL_APP0116"",""eligibility_state"":""UNKNOWN"",""experience_refs"":[""XP_APP0116_01""],""failed_requirements"":[],""human_rationale"":""현재 제출된 지원서에서 다음 직접검증 단계로 진행할 충분한 직무 관련 Evidence Candidate를 확인하지 못했다. Skill 또는 능력 부족 판정이 아니다."",""observation_refs"":[""OB_DOCUMENT_SCREEN_PANEL_01_RECRUITER_EV_XP_APP0116_01_BUILD_M1_SKILL_03""],""qualifying_experience_refs"":[],""skill_sufficiency_assessed"":false}"
APP0089_DOCUMENT_SCREEN,APP0089,C0089,DOCUMENT_SCREEN,2026-10-19T14:54:00+09:00,,,2026-10-19T14:54:00+09:00,2026-10-22T15:23:00+09:00,2026-10-22T15:23:00+09:00,,FAILED,BASIC_REQUIREMENT_VIOLATION,,SYNTHETIC_HUMAN_SCENARIO,"{""eligibility_ref"":""EL_APP0089"",""eligibility_state"":""FAIL"",""experience_refs"":[""XP_APP0089_01"",""XP_APP0089_02""],""explicit_violation_ref"":[""EL_APP0089#language""],""failed_requirements"":[""language""],""human_rationale"":""공개 자격 구조를 합성 일정에 적용한 명시적 미충족으로 이번 지원을 종료한다."",""observation_refs"":[""OB_DOCUMENT_SCREEN_PANEL_01_RECRUITER_EV_XP_APP0089_01_BUILD_M1_SKILL_03"",""OB_DOCUMENT_SCREEN_PANEL_01_RECRUITER_EV_XP_APP0089_01_PROBLEM_M1_SKILL_01""],""public_requirement_ref"":""KIA-02-REPOST"",""qualifying_experience_refs"":[""XP_APP0089_01""],""skill_sufficiency_assessed"":false}"
APP0042_DOCUMENT_SCREEN,APP0042,C0042,DOCUMENT_SCREEN,2026-10-19T15:08:00+09:00,,,2026-10-19T15:08:00+09:00,2026-10-28T15:33:00+09:00,2026-10-29T15:33:00+09:00,,FAILED,BASIC_REQUIREMENT_VIOLATION,,SYNTHETIC_HUMAN_SCENARIO,"{""eligibility_ref"":""EL_APP0042"",""eligibility_state"":""FAIL"",""experience_refs"":[""XP_APP0042_01""],""explicit_violation_ref"":[""EL_APP0042#language""],""failed_requirements"":[""language""],""human_rationale"":""공개 자격 구조를 합성 일정에 적용한 명시적 미충족으로 이번 지원을 종료한다."",""observation_refs"":[""OB_DOCUMENT_SCREEN_PANEL_01_RECRUITER_EV_XP_APP0042_01_PROBLEM_M1_SKILL_01"",""OB_DOCUMENT_SCREEN_PANEL_01_RECRUITER_EV_XP_APP0042_01_VALIDATE_M1_SKILL_03""],""public_requirement_ref"":""KIA-02-REPOST"",""qualifying_experience_refs"":[],""skill_sufficiency_assessed"":false}"
APP0049_DOCUMENT_SCREEN,APP0049,C0049,DOCUMENT_SCREEN,2026-10-19T16:03:00+09:00,,,2026-10-19T16:03:00+09:00,2026-10-28T16:28:00+09:00,2026-10-28T16:28:00+09:00,,FAILED,BASIC_REQUIREMENT_VIOLATION,,SYNTHETIC_HUMAN_SCENARIO,"{""eligibility_ref"":""EL_APP0049"",""eligibility_state"":""FAIL"",""experience_refs"":[""XP_APP0049_01"",""XP_APP0049_02""],""explicit_violation_ref"":[""EL_APP0049#military""],""failed_requirements"":[""military""],""human_rationale"":""공개 자격 구조를 합성 일정에 적용한 명시적 미충족으로 이번 지원을 종료한다."",""observation_refs"":[""OB_DOCUMENT_SCREEN_PANEL_01_RECRUITER_EV_XP_APP0049_01_BUILD_M1_SKILL_03"",""OB_DOCUMENT_SCREEN_PANEL_01_RECRUITER_EV_XP_APP0049_01_PROBLEM_M1_SKILL_01"",""OB_DOCUMENT_SCREEN_PANEL_01_RECRUITER_EV_XP_APP0049_02_PROBLEM_M1_SKILL_01""],""public_requirement_ref"":""KIA-02-REPOST"",""qualifying_experience_refs"":[""XP_APP0049_01""],""skill_sufficiency_assessed"":false}"
APP0102_DOCUMENT_SCREEN,APP0102,C0102,DOCUMENT_SCREEN,2026-10-19T16:55:00+09:00,,,2026-10-19T16:55:00+09:00,2026-10-23T17:10:00+09:00,2026-10-25T17:10:00+09:00,,CLOSED,INSUFFICIENT_APPLICATION_EVIDENCE,,SYNTHETIC_HUMAN_SCENARIO,"{""eligibility_ref"":""EL_APP0102"",""eligibility_state"":""UNKNOWN"",""experience_refs"":[""XP_APP0102_01"",""XP_APP0102_02""],""failed_requirements"":[],""human_rationale"":""현재 제출된 지원서에서 다음 직접검증 단계로 진행할 충분한 직무 관련 Evidence Candidate를 확인하지 못했다. Skill 또는 능력 부족 판정이 아니다."",""observation_refs"":[],""qualifying_experience_refs"":[],""skill_sufficiency_assessed"":false}"
APP0050_DOCUMENT_SCREEN,APP0050,C0050,DOCUMENT_SCREEN,2026-10-20T09:06:00+09:00,,,2026-10-20T09:06:00+09:00,2026-10-23T09:39:00+09:00,2026-10-24T09:39:00+09:00,,FAILED,BASIC_REQUIREMENT_VIOLATION,,SYNTHETIC_HUMAN_SCENARIO,"{""eligibility_ref"":""EL_APP0050"",""eligibility_state"":""FAIL"",""experience_refs"":[""XP_APP0050_01""],""explicit_violation_ref"":[""EL_APP0050#travel_visa""],""failed_requirements"":[""travel_visa""],""human_rationale"":""공개 자격 구조를 합성 일정에 적용한 명시적 미충족으로 이번 지원을 종료한다."",""observation_refs"":[""OB_DOCUMENT_SCREEN_PANEL_01_RECRUITER_EV_XP_APP0050_01_PROBLEM_M1_SKILL_01""],""public_requirement_ref"":""KIA-02-REPOST"",""qualifying_experience_refs"":[],""skill_sufficiency_assessed"":false}"
APP0128_DOCUMENT_SCREEN,APP0128,C0128,DOCUMENT_SCREEN,2026-10-20T09:42:00+09:00,,,2026-10-20T09:42:00+09:00,2026-10-25T09:57:00+09:00,2026-10-29T09:57:00+09:00,,ADVANCED,APPLICATION_EVIDENCE_CANDIDATE,,SYNTHETIC_HUMAN_SCENARIO,"{""eligibility_ref"":""EL_APP0128"",""eligibility_state"":""PASS"",""experience_refs"":[""XP_APP0128_01"",""XP_APP0128_02""],""failed_requirements"":[],""human_rationale"":""동일 경험 안의 구체적 자기기술과 개인 역할을 후속 직접검증 대상으로 확인했다. UNKNOWN 자격은 미확인 상태로 보존한다."",""observation_refs"":[""OB_DOCUMENT_SCREEN_PANEL_01_RECRUITER_EV_XP_APP0128_01_PROBLEM_M1_SKILL_01"",""OB_DOCUMENT_SCREEN_PANEL_01_RECRUITER_EV_XP_APP0128_01_VALIDATE_M1_SKILL_03"",""OB_DOCUMENT_SCREEN_PANEL_01_RECRUITER_EV_XP_APP0128_02_PROBLEM_M1_SKILL_01"",""OB_DOCUMENT_SCREEN_PANEL_01_RECRUITER_EV_XP_APP0128_02_VALIDATE_M1_SKILL_03""],""qualifying_experience_refs"":[""XP_APP0128_01"",""XP_APP0128_02""],""skill_sufficiency_assessed"":false}"
APP0090_DOCUMENT_SCREEN,APP0090,C0090,DOCUMENT_SCREEN,2026-10-20T09:58:00+09:00,,,2026-10-20T09:58:00+09:00,2026-10-29T10:13:00+09:00,2026-10-30T10:13:00+09:00,,CLOSED,INSUFFICIENT_APPLICATION_EVIDENCE,,SYNTHETIC_HUMAN_SCENARIO,"{""eligibility_ref"":""EL_APP0090"",""eligibility_state"":""PASS"",""experience_refs"":[""XP_APP0090_01""],""failed_requirements"":[],""human_rationale"":""현재 제출된 지원서에서 다음 직접검증 단계로 진행할 충분한 직무 관련 Evidence Candidate를 확인하지 못했다. Skill 또는 능력 부족 판정이 아니다."",""observation_refs"":[""OB_DOCUMENT_SCREEN_PANEL_01_RECRUITER_EV_XP_APP0090_01_BUILD_M1_SKILL_03"",""OB_DOCUMENT_SCREEN_PANEL_01_RECRUITER_EV_XP_APP0090_01_VALIDATE_M1_SKILL_03""],""qualifying_experience_refs"":[],""skill_sufficiency_assessed"":false}"
APP0061_DOCUMENT_SCREEN,APP0061,C0061,DOCUMENT_SCREEN,2026-10-20T10:08:00+09:00,,,2026-10-20T10:08:00+09:00,2026-10-30T10:23:00+09:00,2026-11-03T10:23:00+09:00,,ADVANCED,APPLICATION_EVIDENCE_CANDIDATE,,SYNTHETIC_HUMAN_SCENARIO,"{""eligibility_ref"":""EL_APP0061"",""eligibility_state"":""PASS"",""experience_refs"":[""XP_APP0061_01"",""XP_APP0061_02""],""failed_requirements"":[],""human_rationale"":""동일 경험 안의 구체적 자기기술과 개인 역할을 후속 직접검증 대상으로 확인했다. UNKNOWN 자격은 미확인 상태로 보존한다."",""observation_refs"":[""OB_DOCUMENT_SCREEN_PANEL_01_RECRUITER_EV_XP_APP0061_01_VALIDATE_M1_SKILL_03"",""OB_DOCUMENT_SCREEN_PANEL_01_RECRUITER_EV_XP_APP0061_02_BUILD_M1_SKILL_03"",""OB_DOCUMENT_SCREEN_PANEL_01_RECRUITER_EV_XP_APP0061_02_PROBLEM_M1_SKILL_01""],""qualifying_experience_refs"":[""XP_APP0061_02""],""skill_sufficiency_assessed"":false}"
APP0057_DOCUMENT_SCREEN,APP0057,C0057,DOCUMENT_SCREEN,2026-10-20T11:16:00+09:00,,,2026-10-20T11:16:00+09:00,2026-10-25T11:31:00+09:00,2026-10-27T11:31:00+09:00,,FAILED,BASIC_REQUIREMENT_VIOLATION,,SYNTHETIC_HUMAN_SCENARIO,"{""eligibility_ref"":""EL_APP0057"",""eligibility_state"":""FAIL"",""experience_refs"":[""XP_APP0057_01"",""XP_APP0057_02""],""explicit_violation_ref"":[""EL_APP0057#travel_visa""],""failed_requirements"":[""travel_visa""],""human_rationale"":""공개 자격 구조를 합성 일정에 적용한 명시적 미충족으로 이번 지원을 종료한다."",""observation_refs"":[""OB_DOCUMENT_SCREEN_PANEL_01_RECRUITER_EV_XP_APP0057_01_PROBLEM_M1_SKILL_01"",""OB_DOCUMENT_SCREEN_PANEL_01_RECRUITER_EV_XP_APP0057_01_VALIDATE_M1_SKILL_03"",""OB_DOCUMENT_SCREEN_PANEL_01_RECRUITER_EV_XP_APP0057_02_BUILD_M1_SKILL_03"",""OB_DOCUMENT_SCREEN_PANEL_01_RECRUITER_EV_XP_APP0057_02_PROBLEM_M1_SKILL_01"",""OB_DOCUMENT_SCREEN_PANEL_01_RECRUITER_EV_XP_APP0057_02_VALIDATE_M1_SKILL_03""],""public_requirement_ref"":""KIA-02-REPOST"",""qualifying_experience_refs"":[""XP_APP0057_02""],""skill_sufficiency_assessed"":false}"
APP0097_DOCUMENT_SCREEN,APP0097,C0097,DOCUMENT_SCREEN,2026-10-20T11:34:00+09:00,,,2026-10-20T11:34:00+09:00,2026-10-29T11:59:00+09:00,2026-10-31T11:59:00+09:00,,CLOSED,INSUFFICIENT_APPLICATION_EVIDENCE,,SYNTHETIC_HUMAN_SCENARIO,"{""eligibility_ref"":""EL_APP0097"",""eligibility_state"":""PASS"",""experience_refs"":[""XP_APP0097_01""],""failed_requirements"":[],""human_rationale"":""현재 제출된 지원서에서 다음 직접검증 단계로 진행할 충분한 직무 관련 Evidence Candidate를 확인하지 못했다. Skill 또는 능력 부족 판정이 아니다."",""observation_refs"":[""OB_DOCUMENT_SCREEN_PANEL_01_RECRUITER_EV_XP_APP0097_01_PROBLEM_M1_SKILL_01""],""qualifying_experience_refs"":[],""skill_sufficiency_assessed"":false}"
APP0105_DOCUMENT_SCREEN,APP0105,C0105,DOCUMENT_SCREEN,2026-10-20T11:34:00+09:00,,,2026-10-20T11:34:00+09:00,2026-10-30T11:59:00+09:00,2026-11-01T11:59:00+09:00,,ADVANCED,APPLICATION_EVIDENCE_CANDIDATE,,SYNTHETIC_HUMAN_SCENARIO,"{""eligibility_ref"":""EL_APP0105"",""eligibility_state"":""UNKNOWN"",""experience_refs"":[""XP_APP0105_01""],""failed_requirements"":[],""human_rationale"":""동일 경험 안의 구체적 자기기술과 개인 역할을 후속 직접검증 대상으로 확인했다. UNKNOWN 자격은 미확인 상태로 보존한다."",""observation_refs"":[""OB_DOCUMENT_SCREEN_PANEL_01_RECRUITER_EV_XP_APP0105_01_BUILD_M1_SKILL_03"",""OB_DOCUMENT_SCREEN_PANEL_01_RECRUITER_EV_XP_APP0105_01_PROBLEM_M1_SKILL_01""],""qualifying_experience_refs"":[""XP_APP0105_01""],""skill_sufficiency_assessed"":false}"
APP0063_DOCUMENT_SCREEN,APP0063,C0063,DOCUMENT_SCREEN,2026-10-20T12:24:00+09:00,,,2026-10-20T12:24:00+09:00,2026-10-26T12:39:00+09:00,2026-10-27T12:39:00+09:00,,FAILED,BASIC_REQUIREMENT_VIOLATION,,SYNTHETIC_HUMAN_SCENARIO,"{""eligibility_ref"":""EL_APP0063"",""eligibility_state"":""FAIL"",""experience_refs"":[""XP_APP0063_01"",""XP_APP0063_02""],""explicit_violation_ref"":[""EL_APP0063#language""],""failed_requirements"":[""language""],""human_rationale"":""공개 자격 구조를 합성 일정에 적용한 명시적 미충족으로 이번 지원을 종료한다."",""observation_refs"":[""OB_DOCUMENT_SCREEN_PANEL_01_RECRUITER_EV_XP_APP0063_01_PROBLEM_M1_SKILL_01"",""OB_DOCUMENT_SCREEN_PANEL_01_RECRUITER_EV_XP_APP0063_02_PROBLEM_M1_SKILL_01""],""public_requirement_ref"":""KIA-02-REPOST"",""qualifying_experience_refs"":[],""skill_sufficiency_assessed"":false}"
APP0096_DOCUMENT_SCREEN,APP0096,C0096,DOCUMENT_SCREEN,2026-10-20T12:34:00+09:00,,,2026-10-20T12:34:00+09:00,2026-10-25T14:37:00+09:00,2026-10-25T14:37:00+09:00,,CLOSED,INSUFFICIENT_APPLICATION_EVIDENCE,,SYNTHETIC_HUMAN_SCENARIO,"{""eligibility_ref"":""EL_APP0096"",""eligibility_state"":""PASS"",""experience_refs"":[""XP_APP0096_01"",""XP_APP0096_02""],""failed_requirements"":[],""human_rationale"":""현재 제출된 지원서에서 다음 직접검증 단계로 진행할 충분한 직무 관련 Evidence Candidate를 확인하지 못했다. Skill 또는 능력 부족 판정이 아니다."",""observation_refs"":[""OB_DOCUMENT_SCREEN_PANEL_01_RECRUITER_EV_XP_APP0096_01_VALIDATE_M1_SKILL_03"",""OB_DOCUMENT_SCREEN_PANEL_01_RECRUITER_EV_XP_APP0096_02_VALIDATE_M1_SKILL_03""],""qualifying_experience_refs"":[],""skill_sufficiency_assessed"":false}"
APP0142_DOCUMENT_SCREEN,APP0142,C0142,DOCUMENT_SCREEN,2026-10-20T13:34:00+09:00,,,2026-10-20T13:34:00+09:00,2026-10-30T13:54:00+09:00,2026-11-01T13:54:00+09:00,,FAILED,BASIC_REQUIREMENT_VIOLATION,,SYNTHETIC_HUMAN_SCENARIO,"{""eligibility_ref"":""EL_APP0142"",""eligibility_state"":""FAIL"",""experience_refs"":[""XP_APP0142_01""],""explicit_violation_ref"":[""EL_APP0142#military""],""failed_requirements"":[""military""],""human_rationale"":""공개 자격 구조를 합성 일정에 적용한 명시적 미충족으로 이번 지원을 종료한다."",""observation_refs"":[""OB_DOCUMENT_SCREEN_PANEL_01_RECRUITER_EV_XP_APP0142_01_BUILD_M1_SKILL_03""],""public_requirement_ref"":""KIA-02-REPOST"",""qualifying_experience_refs"":[],""skill_sufficiency_assessed"":false}"
APP0003_DOCUMENT_SCREEN,APP0003,C0003,DOCUMENT_SCREEN,2026-10-20T13:43:00+09:00,,,2026-10-20T13:43:00+09:00,2026-10-28T14:14:00+09:00,2026-11-01T14:14:00+09:00,,CLOSED,INSUFFICIENT_APPLICATION_EVIDENCE,,SYNTHETIC_HUMAN_SCENARIO,"{""eligibility_ref"":""EL_APP0003"",""eligibility_state"":""UNKNOWN"",""experience_refs"":[""XP_APP0003_01"",""XP_APP0003_02""],""failed_requirements"":[],""human_rationale"":""현재 제출된 지원서에서 다음 직접검증 단계로 진행할 충분한 직무 관련 Evidence Candidate를 확인하지 못했다. Skill 또는 능력 부족 판정이 아니다."",""observation_refs"":[""OB_DOCUMENT_SCREEN_PANEL_01_RECRUITER_EV_XP_APP0003_01_PROBLEM_M1_SKILL_01"",""OB_DOCUMENT_SCREEN_PANEL_01_RECRUITER_EV_XP_APP0003_02_PROBLEM_M1_SKILL_01""],""qualifying_experience_refs"":[],""skill_sufficiency_assessed"":false}"
APP0119_DOCUMENT_SCREEN,APP0119,C0119,DOCUMENT_SCREEN,2026-10-20T14:22:00+09:00,,,2026-10-20T14:22:00+09:00,2026-10-28T14:42:00+09:00,2026-10-30T14:42:00+09:00,,CLOSED,INSUFFICIENT_APPLICATION_EVIDENCE,,SYNTHETIC_HUMAN_SCENARIO,"{""eligibility_ref"":""EL_APP0119"",""eligibility_state"":""PASS"",""experience_refs"":[""XP_APP0119_01""],""failed_requirements"":[],""human_rationale"":""현재 제출된 지원서에서 다음 직접검증 단계로 진행할 충분한 직무 관련 Evidence Candidate를 확인하지 못했다. Skill 또는 능력 부족 판정이 아니다."",""observation_refs"":[],""qualifying_experience_refs"":[],""skill_sufficiency_assessed"":false}"
APP0005_DOCUMENT_SCREEN,APP0005,C0005,DOCUMENT_SCREEN,2026-10-20T14:26:00+09:00,,,2026-10-20T14:26:00+09:00,2026-10-28T14:42:00+09:00,2026-10-30T14:42:00+09:00,,ADVANCED,APPLICATION_EVIDENCE_CANDIDATE,,SYNTHETIC_HUMAN_SCENARIO,"{""eligibility_ref"":""EL_APP0005"",""eligibility_state"":""UNKNOWN"",""experience_refs"":[""XP_APP0005_01"",""XP_APP0005_02""],""failed_requirements"":[],""human_rationale"":""동일 경험 안의 구체적 자기기술과 개인 역할을 후속 직접검증 대상으로 확인했다. UNKNOWN 자격은 미확인 상태로 보존한다."",""observation_refs"":[""OB_DOCUMENT_SCREEN_PANEL_01_RECRUITER_EV_XP_APP0005_01_PROBLEM_M1_SKILL_01"",""OB_DOCUMENT_SCREEN_PANEL_01_RECRUITER_EV_XP_APP0005_01_VALIDATE_M1_SKILL_03"",""OB_DOCUMENT_SCREEN_PANEL_01_RECRUITER_EV_XP_APP0005_02_PROBLEM_M1_SKILL_01"",""OB_DOCUMENT_SCREEN_PANEL_01_RECRUITER_EV_XP_APP0005_02_VALIDATE_M1_SKILL_03""],""qualifying_experience_refs"":[""XP_APP0005_01""],""skill_sufficiency_assessed"":false}"
APP0093_DOCUMENT_SCREEN,APP0093,C0093,DOCUMENT_SCREEN,2026-10-20T14:55:00+09:00,,,2026-10-20T14:55:00+09:00,2026-10-25T15:10:00+09:00,2026-10-29T15:10:00+09:00,,ADVANCED,APPLICATION_EVIDENCE_CANDIDATE,,SYNTHETIC_HUMAN_SCENARIO,"{""eligibility_ref"":""EL_APP0093"",""eligibility_state"":""UNKNOWN"",""experience_refs"":[""XP_APP0093_01""],""failed_requirements"":[],""human_rationale"":""동일 경험 안의 구체적 자기기술과 개인 역할을 후속 직접검증 대상으로 확인했다. UNKNOWN 자격은 미확인 상태로 보존한다."",""observation_refs"":[""OB_DOCUMENT_SCREEN_PANEL_01_RECRUITER_EV_XP_APP0093_01_PROBLEM_M1_SKILL_01"",""OB_DOCUMENT_SCREEN_PANEL_01_RECRUITER_EV_XP_APP0093_01_VALIDATE_M1_SKILL_03""],""qualifying_experience_refs"":[""XP_APP0093_01""],""skill_sufficiency_assessed"":false}"
APP0134_DOCUMENT_SCREEN,APP0134,C0134,DOCUMENT_SCREEN,2026-10-20T14:59:00+09:00,,,2026-10-20T14:59:00+09:00,2026-10-26T15:24:00+09:00,2026-10-28T15:24:00+09:00,,CLOSED,INSUFFICIENT_APPLICATION_EVIDENCE,,SYNTHETIC_HUMAN_SCENARIO,"{""eligibility_ref"":""EL_APP0134"",""eligibility_state"":""UNKNOWN"",""experience_refs"":[""XP_APP0134_01""],""failed_requirements"":[],""human_rationale"":""현재 제출된 지원서에서 다음 직접검증 단계로 진행할 충분한 직무 관련 Evidence Candidate를 확인하지 못했다. Skill 또는 능력 부족 판정이 아니다."",""observation_refs"":[],""qualifying_experience_refs"":[],""skill_sufficiency_assessed"":false}"
APP0095_DOCUMENT_SCREEN,APP0095,C0095,DOCUMENT_SCREEN,2026-10-20T15:04:00+09:00,,,2026-10-20T15:04:00+09:00,2026-10-24T15:25:00+09:00,2026-10-25T15:25:00+09:00,,ADVANCED,APPLICATION_EVIDENCE_CANDIDATE,,SYNTHETIC_HUMAN_SCENARIO,"{""eligibility_ref"":""EL_APP0095"",""eligibility_state"":""UNKNOWN"",""experience_refs"":[""XP_APP0095_01"",""XP_APP0095_02""],""failed_requirements"":[],""human_rationale"":""동일 경험 안의 구체적 자기기술과 개인 역할을 후속 직접검증 대상으로 확인했다. UNKNOWN 자격은 미확인 상태로 보존한다."",""observation_refs"":[""OB_DOCUMENT_SCREEN_PANEL_01_RECRUITER_EV_XP_APP0095_01_VALIDATE_M1_SKILL_03"",""OB_DOCUMENT_SCREEN_PANEL_01_RECRUITER_EV_XP_APP0095_02_BUILD_M1_SKILL_03"",""OB_DOCUMENT_SCREEN_PANEL_01_RECRUITER_EV_XP_APP0095_02_PROBLEM_M1_SKILL_01""],""qualifying_experience_refs"":[""XP_APP0095_02""],""skill_sufficiency_assessed"":false}"
APP0127_DOCUMENT_SCREEN,APP0127,C0127,DOCUMENT_SCREEN,2026-10-20T15:07:00+09:00,,,2026-10-20T15:07:00+09:00,2026-10-30T15:22:00+09:00,2026-11-03T15:22:00+09:00,,CLOSED,INSUFFICIENT_APPLICATION_EVIDENCE,,SYNTHETIC_HUMAN_SCENARIO,"{""eligibility_ref"":""EL_APP0127"",""eligibility_state"":""PASS"",""experience_refs"":[""XP_APP0127_01""],""failed_requirements"":[],""human_rationale"":""현재 제출된 지원서에서 다음 직접검증 단계로 진행할 충분한 직무 관련 Evidence Candidate를 확인하지 못했다. Skill 또는 능력 부족 판정이 아니다."",""observation_refs"":[""OB_DOCUMENT_SCREEN_PANEL_01_RECRUITER_EV_XP_APP0127_01_BUILD_M1_SKILL_03""],""qualifying_experience_refs"":[],""skill_sufficiency_assessed"":false}"
APP0004_DOCUMENT_SCREEN,APP0004,C0004,DOCUMENT_SCREEN,2026-10-20T15:40:00+09:00,,,2026-10-20T15:40:00+09:00,2026-10-30T16:00:00+09:00,2026-10-31T16:00:00+09:00,,ADVANCED,APPLICATION_EVIDENCE_CANDIDATE,,SYNTHETIC_HUMAN_SCENARIO,"{""eligibility_ref"":""EL_APP0004"",""eligibility_state"":""UNKNOWN"",""experience_refs"":[""XP_APP0004_01"",""XP_APP0004_02""],""failed_requirements"":[],""human_rationale"":""동일 경험 안의 구체적 자기기술과 개인 역할을 후속 직접검증 대상으로 확인했다. UNKNOWN 자격은 미확인 상태로 보존한다."",""observation_refs"":[""OB_DOCUMENT_SCREEN_PANEL_01_RECRUITER_EV_XP_APP0004_01_BUILD_M1_SKILL_03"",""OB_DOCUMENT_SCREEN_PANEL_01_RECRUITER_EV_XP_APP0004_01_VALIDATE_M1_SKILL_03"",""OB_DOCUMENT_SCREEN_PANEL_01_RECRUITER_EV_XP_APP0004_02_BUILD_M1_SKILL_03"",""OB_DOCUMENT_SCREEN_PANEL_01_RECRUITER_EV_XP_APP0004_02_PROBLEM_M1_SKILL_01"",""OB_DOCUMENT_SCREEN_PANEL_01_RECRUITER_EV_XP_APP0004_02_VALIDATE_M1_SKILL_03""],""qualifying_experience_refs"":[""XP_APP0004_02""],""skill_sufficiency_assessed"":false}"
APP0101_DOCUMENT_SCREEN,APP0101,C0101,DOCUMENT_SCREEN,2026-10-20T15:59:00+09:00,,,2026-10-20T15:59:00+09:00,2026-10-25T16:14:00+09:00,2026-10-27T16:14:00+09:00,,ADVANCED,APPLICATION_EVIDENCE_CANDIDATE,,SYNTHETIC_HUMAN_SCENARIO,"{""eligibility_ref"":""EL_APP0101"",""eligibility_state"":""UNKNOWN"",""experience_refs"":[""XP_APP0101_01"",""XP_APP0101_02""],""failed_requirements"":[],""human_rationale"":""동일 경험 안의 구체적 자기기술과 개인 역할을 후속 직접검증 대상으로 확인했다. UNKNOWN 자격은 미확인 상태로 보존한다."",""observation_refs"":[""OB_DOCUMENT_SCREEN_PANEL_01_RECRUITER_EV_XP_APP0101_01_BUILD_M1_SKILL_03"",""OB_DOCUMENT_SCREEN_PANEL_01_RECRUITER_EV_XP_APP0101_01_PROBLEM_M1_SKILL_01"",""OB_DOCUMENT_SCREEN_PANEL_01_RECRUITER_EV_XP_APP0101_01_VALIDATE_M1_SKILL_03"",""OB_DOCUMENT_SCREEN_PANEL_01_RECRUITER_EV_XP_APP0101_02_BUILD_M1_SKILL_03"",""OB_DOCUMENT_SCREEN_PANEL_01_RECRUITER_EV_XP_APP0101_02_PROBLEM_M1_SKILL_01""],""qualifying_experience_refs"":[""XP_APP0101_01"",""XP_APP0101_02""],""skill_sufficiency_assessed"":false}"
APP0139_DOCUMENT_SCREEN,APP0139,C0139,DOCUMENT_SCREEN,2026-10-20T16:04:00+09:00,,,2026-10-20T16:04:00+09:00,2026-10-26T16:24:00+09:00,2026-10-30T16:24:00+09:00,,FAILED,BASIC_REQUIREMENT_VIOLATION,,SYNTHETIC_HUMAN_SCENARIO,"{""eligibility_ref"":""EL_APP0139"",""eligibility_state"":""FAIL"",""experience_refs"":[""XP_APP0139_01"",""XP_APP0139_02""],""explicit_violation_ref"":[""EL_APP0139#language""],""failed_requirements"":[""language""],""human_rationale"":""공개 자격 구조를 합성 일정에 적용한 명시적 미충족으로 이번 지원을 종료한다."",""observation_refs"":[""OB_DOCUMENT_SCREEN_PANEL_01_RECRUITER_EV_XP_APP0139_01_PROBLEM_M1_SKILL_01"",""OB_DOCUMENT_SCREEN_PANEL_01_RECRUITER_EV_XP_APP0139_01_VALIDATE_M1_SKILL_03"",""OB_DOCUMENT_SCREEN_PANEL_01_RECRUITER_EV_XP_APP0139_02_BUILD_M1_SKILL_03""],""public_requirement_ref"":""KIA-02-REPOST"",""qualifying_experience_refs"":[""XP_APP0139_01""],""skill_sufficiency_assessed"":false}"
APP0109_DOCUMENT_SCREEN,APP0109,C0109,DOCUMENT_SCREEN,2026-10-20T16:25:00+09:00,,,2026-10-20T16:25:00+09:00,2026-10-27T16:50:00+09:00,2026-10-31T16:50:00+09:00,,CLOSED,INSUFFICIENT_APPLICATION_EVIDENCE,,SYNTHETIC_HUMAN_SCENARIO,"{""eligibility_ref"":""EL_APP0109"",""eligibility_state"":""UNKNOWN"",""experience_refs"":[""XP_APP0109_01""],""failed_requirements"":[],""human_rationale"":""현재 제출된 지원서에서 다음 직접검증 단계로 진행할 충분한 직무 관련 Evidence Candidate를 확인하지 못했다. Skill 또는 능력 부족 판정이 아니다."",""observation_refs"":[""OB_DOCUMENT_SCREEN_PANEL_01_RECRUITER_EV_XP_APP0109_01_BUILD_M1_SKILL_03"",""OB_DOCUMENT_SCREEN_PANEL_01_RECRUITER_EV_XP_APP0109_01_PROBLEM_M1_SKILL_01""],""qualifying_experience_refs"":[],""skill_sufficiency_assessed"":false}"
APP0002_DOCUMENT_SCREEN,APP0002,C0002,DOCUMENT_SCREEN,2026-10-20T16:28:00+09:00,,,2026-10-20T16:28:00+09:00,2026-10-26T16:59:00+09:00,2026-10-27T16:59:00+09:00,,CLOSED,INSUFFICIENT_APPLICATION_EVIDENCE,,SYNTHETIC_HUMAN_SCENARIO,"{""eligibility_ref"":""EL_APP0002"",""eligibility_state"":""PASS"",""experience_refs"":[""XP_APP0002_01"",""XP_APP0002_02""],""failed_requirements"":[],""human_rationale"":""현재 제출된 지원서에서 다음 직접검증 단계로 진행할 충분한 직무 관련 Evidence Candidate를 확인하지 못했다. Skill 또는 능력 부족 판정이 아니다."",""observation_refs"":[""OB_DOCUMENT_SCREEN_PANEL_01_RECRUITER_EV_XP_APP0002_01_VALIDATE_M1_SKILL_03"",""OB_DOCUMENT_SCREEN_PANEL_01_RECRUITER_EV_XP_APP0002_02_BUILD_M1_SKILL_03"",""OB_DOCUMENT_SCREEN_PANEL_01_RECRUITER_EV_XP_APP0002_02_PROBLEM_M1_SKILL_01"",""OB_DOCUMENT_SCREEN_PANEL_01_RECRUITER_EV_XP_APP0002_02_VALIDATE_M1_SKILL_03""],""qualifying_experience_refs"":[],""skill_sufficiency_assessed"":false}"
APP0007_DOCUMENT_SCREEN,APP0007,C0007,DOCUMENT_SCREEN,2026-10-20T16:46:00+09:00,,,2026-10-20T16:46:00+09:00,2026-10-28T17:06:00+09:00,2026-10-28T17:06:00+09:00,,FAILED,BASIC_REQUIREMENT_VIOLATION,,SYNTHETIC_HUMAN_SCENARIO,"{""eligibility_ref"":""EL_APP0007"",""eligibility_state"":""FAIL"",""experience_refs"":[""XP_APP0007_01"",""XP_APP0007_02""],""explicit_violation_ref"":[""EL_APP0007#language""],""failed_requirements"":[""language""],""human_rationale"":""공개 자격 구조를 합성 일정에 적용한 명시적 미충족으로 이번 지원을 종료한다."",""observation_refs"":[""OB_DOCUMENT_SCREEN_PANEL_01_RECRUITER_EV_XP_APP0007_02_PROBLEM_M1_SKILL_01""],""public_requirement_ref"":""KIA-02-REPOST"",""qualifying_experience_refs"":[],""skill_sufficiency_assessed"":false}"
APP0110_DOCUMENT_SCREEN,APP0110,C0110,DOCUMENT_SCREEN,2026-10-21T09:04:00+09:00,,,2026-10-21T09:04:00+09:00,2026-10-31T09:19:00+09:00,2026-11-04T09:19:00+09:00,,ADVANCED,APPLICATION_EVIDENCE_CANDIDATE,,SYNTHETIC_HUMAN_SCENARIO,"{""eligibility_ref"":""EL_APP0110"",""eligibility_state"":""UNKNOWN"",""experience_refs"":[""XP_APP0110_01"",""XP_APP0110_02""],""failed_requirements"":[],""human_rationale"":""동일 경험 안의 구체적 자기기술과 개인 역할을 후속 직접검증 대상으로 확인했다. UNKNOWN 자격은 미확인 상태로 보존한다."",""observation_refs"":[""OB_DOCUMENT_SCREEN_PANEL_01_RECRUITER_EV_XP_APP0110_01_BUILD_M1_SKILL_03"",""OB_DOCUMENT_SCREEN_PANEL_01_RECRUITER_EV_XP_APP0110_01_PROBLEM_M1_SKILL_01"",""OB_DOCUMENT_SCREEN_PANEL_01_RECRUITER_EV_XP_APP0110_01_VALIDATE_M1_SKILL_03"",""OB_DOCUMENT_SCREEN_PANEL_01_RECRUITER_EV_XP_APP0110_02_PROBLEM_M1_SKILL_01"",""OB_DOCUMENT_SCREEN_PANEL_01_RECRUITER_EV_XP_APP0110_02_VALIDATE_M1_SKILL_03""],""qualifying_experience_refs"":[""XP_APP0110_01"",""XP_APP0110_02""],""skill_sufficiency_assessed"":false}"
APP0143_DOCUMENT_SCREEN,APP0143,C0143,DOCUMENT_SCREEN,2026-10-21T12:15:00+09:00,,,2026-10-21T12:15:00+09:00,2026-10-28T12:40:00+09:00,2026-10-28T12:40:00+09:00,,ADVANCED,APPLICATION_EVIDENCE_CANDIDATE,,SYNTHETIC_HUMAN_SCENARIO,"{""eligibility_ref"":""EL_APP0143"",""eligibility_state"":""PASS"",""experience_refs"":[""XP_APP0143_01""],""failed_requirements"":[],""human_rationale"":""동일 경험 안의 구체적 자기기술과 개인 역할을 후속 직접검증 대상으로 확인했다. UNKNOWN 자격은 미확인 상태로 보존한다."",""observation_refs"":[""OB_DOCUMENT_SCREEN_PANEL_01_RECRUITER_EV_XP_APP0143_01_BUILD_M1_SKILL_03"",""OB_DOCUMENT_SCREEN_PANEL_01_RECRUITER_EV_XP_APP0143_01_VALIDATE_M1_SKILL_03""],""qualifying_experience_refs"":[""XP_APP0143_01""],""skill_sufficiency_assessed"":false}"
APP0121_DOCUMENT_SCREEN,APP0121,C0121,DOCUMENT_SCREEN,2026-10-21T12:23:00+09:00,,,2026-10-21T12:23:00+09:00,2026-10-29T12:38:00+09:00,2026-10-29T12:38:00+09:00,,CLOSED,INSUFFICIENT_APPLICATION_EVIDENCE,,SYNTHETIC_HUMAN_SCENARIO,"{""eligibility_ref"":""EL_APP0121"",""eligibility_state"":""UNKNOWN"",""experience_refs"":[""XP_APP0121_01"",""XP_APP0121_02""],""failed_requirements"":[],""human_rationale"":""현재 제출된 지원서에서 다음 직접검증 단계로 진행할 충분한 직무 관련 Evidence Candidate를 확인하지 못했다. Skill 또는 능력 부족 판정이 아니다."",""observation_refs"":[""OB_DOCUMENT_SCREEN_PANEL_01_RECRUITER_EV_XP_APP0121_01_VALIDATE_M1_SKILL_03"",""OB_DOCUMENT_SCREEN_PANEL_01_RECRUITER_EV_XP_APP0121_02_BUILD_M1_SKILL_03"",""OB_DOCUMENT_SCREEN_PANEL_01_RECRUITER_EV_XP_APP0121_02_PROBLEM_M1_SKILL_01"",""OB_DOCUMENT_SCREEN_PANEL_01_RECRUITER_EV_XP_APP0121_02_VALIDATE_M1_SKILL_03""],""qualifying_experience_refs"":[],""skill_sufficiency_assessed"":false}"
APP0147_DOCUMENT_SCREEN,APP0147,C0147,DOCUMENT_SCREEN,2026-10-21T16:15:00+09:00,,,2026-10-21T16:15:00+09:00,2026-10-25T16:40:00+09:00,2026-10-29T16:40:00+09:00,,ADVANCED,APPLICATION_EVIDENCE_CANDIDATE,,SYNTHETIC_HUMAN_SCENARIO,"{""eligibility_ref"":""EL_APP0147"",""eligibility_state"":""PASS"",""experience_refs"":[""XP_APP0147_01""],""failed_requirements"":[],""human_rationale"":""동일 경험 안의 구체적 자기기술과 개인 역할을 후속 직접검증 대상으로 확인했다. UNKNOWN 자격은 미확인 상태로 보존한다."",""observation_refs"":[""OB_DOCUMENT_SCREEN_PANEL_01_RECRUITER_EV_XP_APP0147_01_PROBLEM_M1_SKILL_01"",""OB_DOCUMENT_SCREEN_PANEL_01_RECRUITER_EV_XP_APP0147_01_VALIDATE_M1_SKILL_03""],""qualifying_experience_refs"":[""XP_APP0147_01""],""skill_sufficiency_assessed"":false}"
APP0044_DOCUMENT_SCREEN,APP0044,C0044,DOCUMENT_SCREEN,2026-10-22T11:04:00+09:00,,,2026-10-22T11:04:00+09:00,2026-10-28T11:19:00+09:00,2026-11-01T11:19:00+09:00,,CLOSED,INSUFFICIENT_APPLICATION_EVIDENCE,,SYNTHETIC_HUMAN_SCENARIO,"{""eligibility_ref"":""EL_APP0044"",""eligibility_state"":""UNKNOWN"",""experience_refs"":[""XP_APP0044_01"",""XP_APP0044_02""],""failed_requirements"":[],""human_rationale"":""현재 제출된 지원서에서 다음 직접검증 단계로 진행할 충분한 직무 관련 Evidence Candidate를 확인하지 못했다. Skill 또는 능력 부족 판정이 아니다."",""observation_refs"":[""OB_DOCUMENT_SCREEN_PANEL_01_RECRUITER_EV_XP_APP0044_01_VALIDATE_M1_SKILL_03"",""OB_DOCUMENT_SCREEN_PANEL_01_RECRUITER_EV_XP_APP0044_02_BUILD_M1_SKILL_03""],""qualifying_experience_refs"":[],""skill_sufficiency_assessed"":false}"
APP0162_DOCUMENT_SCREEN,APP0162,C0162,DOCUMENT_SCREEN,2026-10-22T11:20:00+09:00,,,2026-10-22T11:20:00+09:00,2026-10-30T12:24:00+09:00,2026-11-01T12:24:00+09:00,,FAILED,BASIC_REQUIREMENT_VIOLATION,,SYNTHETIC_HUMAN_SCENARIO,"{""eligibility_ref"":""EL_APP0162"",""eligibility_state"":""FAIL"",""experience_refs"":[""XP_APP0162_01"",""XP_APP0162_02""],""explicit_violation_ref"":[""EL_APP0162#language""],""failed_requirements"":[""language""],""human_rationale"":""공개 자격 구조를 합성 일정에 적용한 명시적 미충족으로 이번 지원을 종료한다."",""observation_refs"":[""OB_DOCUMENT_SCREEN_PANEL_01_RECRUITER_EV_XP_APP0162_01_PROBLEM_M1_SKILL_01"",""OB_DOCUMENT_SCREEN_PANEL_01_RECRUITER_EV_XP_APP0162_02_BUILD_M1_SKILL_03"",""OB_DOCUMENT_SCREEN_PANEL_01_RECRUITER_EV_XP_APP0162_02_PROBLEM_M1_SKILL_01"",""OB_DOCUMENT_SCREEN_PANEL_01_RECRUITER_EV_XP_APP0162_02_VALIDATE_M1_SKILL_03""],""public_requirement_ref"":""KIA-02-REPOST"",""qualifying_experience_refs"":[""XP_APP0162_02""],""skill_sufficiency_assessed"":false}"
APP0150_DOCUMENT_SCREEN,APP0150,C0150,DOCUMENT_SCREEN,2026-10-22T12:58:00+09:00,,,2026-10-22T12:58:00+09:00,2026-10-29T13:13:00+09:00,2026-10-31T13:13:00+09:00,,ADVANCED,APPLICATION_EVIDENCE_CANDIDATE,,SYNTHETIC_HUMAN_SCENARIO,"{""eligibility_ref"":""EL_APP0150"",""eligibility_state"":""PASS"",""experience_refs"":[""XP_APP0150_01"",""XP_APP0150_02""],""failed_requirements"":[],""human_rationale"":""동일 경험 안의 구체적 자기기술과 개인 역할을 후속 직접검증 대상으로 확인했다. UNKNOWN 자격은 미확인 상태로 보존한다."",""observation_refs"":[""OB_DOCUMENT_SCREEN_PANEL_01_RECRUITER_EV_XP_APP0150_01_VALIDATE_M1_SKILL_03"",""OB_DOCUMENT_SCREEN_PANEL_01_RECRUITER_EV_XP_APP0150_02_BUILD_M1_SKILL_03"",""OB_DOCUMENT_SCREEN_PANEL_01_RECRUITER_EV_XP_APP0150_02_PROBLEM_M1_SKILL_01"",""OB_DOCUMENT_SCREEN_PANEL_01_RECRUITER_EV_XP_APP0150_02_VALIDATE_M1_SKILL_03""],""qualifying_experience_refs"":[""XP_APP0150_02""],""skill_sufficiency_assessed"":false}"
APP0167_DOCUMENT_SCREEN,APP0167,C0167,DOCUMENT_SCREEN,2026-10-22T13:28:00+09:00,,,2026-10-22T13:28:00+09:00,2026-10-28T14:39:00+09:00,2026-10-30T14:39:00+09:00,,ADVANCED,APPLICATION_EVIDENCE_CANDIDATE,,SYNTHETIC_HUMAN_SCENARIO,"{""eligibility_ref"":""EL_APP0167"",""eligibility_state"":""UNKNOWN"",""experience_refs"":[""XP_APP0167_01"",""XP_APP0167_02""],""failed_requirements"":[],""human_rationale"":""동일 경험 안의 구체적 자기기술과 개인 역할을 후속 직접검증 대상으로 확인했다. UNKNOWN 자격은 미확인 상태로 보존한다."",""observation_refs"":[""OB_DOCUMENT_SCREEN_PANEL_01_RECRUITER_EV_XP_APP0167_01_PROBLEM_M1_SKILL_01"",""OB_DOCUMENT_SCREEN_PANEL_01_RECRUITER_EV_XP_APP0167_01_VALIDATE_M1_SKILL_03""],""qualifying_experience_refs"":[""XP_APP0167_01""],""skill_sufficiency_assessed"":false}"
APP0151_DOCUMENT_SCREEN,APP0151,C0151,DOCUMENT_SCREEN,2026-10-22T13:39:00+09:00,,,2026-10-22T13:39:00+09:00,2026-10-27T14:54:00+09:00,2026-10-31T14:54:00+09:00,,FAILED,BASIC_REQUIREMENT_VIOLATION,,SYNTHETIC_HUMAN_SCENARIO,"{""eligibility_ref"":""EL_APP0151"",""eligibility_state"":""FAIL"",""experience_refs"":[""XP_APP0151_01"",""XP_APP0151_02""],""explicit_violation_ref"":[""EL_APP0151#language""],""failed_requirements"":[""language""],""human_rationale"":""공개 자격 구조를 합성 일정에 적용한 명시적 미충족으로 이번 지원을 종료한다."",""observation_refs"":[""OB_DOCUMENT_SCREEN_PANEL_01_RECRUITER_EV_XP_APP0151_01_BUILD_M1_SKILL_03"",""OB_DOCUMENT_SCREEN_PANEL_01_RECRUITER_EV_XP_APP0151_02_VALIDATE_M1_SKILL_03""],""public_requirement_ref"":""KIA-02-REPOST"",""qualifying_experience_refs"":[],""skill_sufficiency_assessed"":false}"
APP0124_DOCUMENT_SCREEN,APP0124,C0124,DOCUMENT_SCREEN,2026-10-22T14:07:00+09:00,,,2026-10-22T14:07:00+09:00,2026-10-30T15:39:00+09:00,2026-11-01T15:39:00+09:00,,FAILED,BASIC_REQUIREMENT_VIOLATION,,SYNTHETIC_HUMAN_SCENARIO,"{""eligibility_ref"":""EL_APP0124"",""eligibility_state"":""FAIL"",""experience_refs"":[""XP_APP0124_01"",""XP_APP0124_02""],""explicit_violation_ref"":[""EL_APP0124#degree""],""failed_requirements"":[""degree""],""human_rationale"":""공개 자격 구조를 합성 일정에 적용한 명시적 미충족으로 이번 지원을 종료한다."",""observation_refs"":[""OB_DOCUMENT_SCREEN_PANEL_01_RECRUITER_EV_XP_APP0124_01_BUILD_M1_SKILL_03"",""OB_DOCUMENT_SCREEN_PANEL_01_RECRUITER_EV_XP_APP0124_01_PROBLEM_M1_SKILL_01"",""OB_DOCUMENT_SCREEN_PANEL_01_RECRUITER_EV_XP_APP0124_02_BUILD_M1_SKILL_03"",""OB_DOCUMENT_SCREEN_PANEL_01_RECRUITER_EV_XP_APP0124_02_VALIDATE_M1_SKILL_03""],""public_requirement_ref"":""KIA-02-REPOST"",""qualifying_experience_refs"":[""XP_APP0124_01""],""skill_sufficiency_assessed"":false}"
APP0172_DOCUMENT_SCREEN,APP0172,C0172,DOCUMENT_SCREEN,2026-10-22T14:20:00+09:00,,,2026-10-22T14:20:00+09:00,2026-10-31T14:35:00+09:00,2026-11-04T14:35:00+09:00,,ADVANCED,APPLICATION_EVIDENCE_CANDIDATE,,SYNTHETIC_HUMAN_SCENARIO,"{""eligibility_ref"":""EL_APP0172"",""eligibility_state"":""PASS"",""experience_refs"":[""XP_APP0172_01""],""failed_requirements"":[],""human_rationale"":""동일 경험 안의 구체적 자기기술과 개인 역할을 후속 직접검증 대상으로 확인했다. UNKNOWN 자격은 미확인 상태로 보존한다."",""observation_refs"":[""OB_DOCUMENT_SCREEN_PANEL_01_RECRUITER_EV_XP_APP0172_01_BUILD_M1_SKILL_03"",""OB_DOCUMENT_SCREEN_PANEL_01_RECRUITER_EV_XP_APP0172_01_PROBLEM_M1_SKILL_01"",""OB_DOCUMENT_SCREEN_PANEL_01_RECRUITER_EV_XP_APP0172_01_VALIDATE_M1_SKILL_03""],""qualifying_experience_refs"":[""XP_APP0172_01""],""skill_sufficiency_assessed"":false}"
APP0141_DOCUMENT_SCREEN,APP0141,C0141,DOCUMENT_SCREEN,2026-10-22T14:52:00+09:00,,,2026-10-22T14:52:00+09:00,2026-10-28T16:20:00+09:00,2026-10-28T16:20:00+09:00,,ADVANCED,APPLICATION_EVIDENCE_CANDIDATE,,SYNTHETIC_HUMAN_SCENARIO,"{""eligibility_ref"":""EL_APP0141"",""eligibility_state"":""UNKNOWN"",""experience_refs"":[""XP_APP0141_01"",""XP_APP0141_02""],""failed_requirements"":[],""human_rationale"":""동일 경험 안의 구체적 자기기술과 개인 역할을 후속 직접검증 대상으로 확인했다. UNKNOWN 자격은 미확인 상태로 보존한다."",""observation_refs"":[""OB_DOCUMENT_SCREEN_PANEL_01_RECRUITER_EV_XP_APP0141_01_BUILD_M1_SKILL_03"",""OB_DOCUMENT_SCREEN_PANEL_01_RECRUITER_EV_XP_APP0141_01_PROBLEM_M1_SKILL_01"",""OB_DOCUMENT_SCREEN_PANEL_01_RECRUITER_EV_XP_APP0141_01_VALIDATE_M1_SKILL_03"",""OB_DOCUMENT_SCREEN_PANEL_01_RECRUITER_EV_XP_APP0141_02_BUILD_M1_SKILL_03"",""OB_DOCUMENT_SCREEN_PANEL_01_RECRUITER_EV_XP_APP0141_02_PROBLEM_M1_SKILL_01""],""qualifying_experience_refs"":[""XP_APP0141_01""],""skill_sufficiency_assessed"":false}"
APP0038_DOCUMENT_SCREEN,APP0038,C0038,DOCUMENT_SCREEN,2026-10-22T15:07:00+09:00,,,2026-10-22T15:07:00+09:00,2026-10-30T16:40:00+09:00,2026-10-30T16:40:00+09:00,,FAILED,BASIC_REQUIREMENT_VIOLATION,,SYNTHETIC_HUMAN_SCENARIO,"{""eligibility_ref"":""EL_APP0038"",""eligibility_state"":""FAIL"",""experience_refs"":[""XP_APP0038_01"",""XP_APP0038_02""],""explicit_violation_ref"":[""EL_APP0038#language""],""failed_requirements"":[""language""],""human_rationale"":""공개 자격 구조를 합성 일정에 적용한 명시적 미충족으로 이번 지원을 종료한다."",""observation_refs"":[""OB_DOCUMENT_SCREEN_PANEL_01_RECRUITER_EV_XP_APP0038_01_PROBLEM_M1_SKILL_01"",""OB_DOCUMENT_SCREEN_PANEL_01_RECRUITER_EV_XP_APP0038_02_VALIDATE_M1_SKILL_03""],""public_requirement_ref"":""KIA-02-REPOST"",""qualifying_experience_refs"":[],""skill_sufficiency_assessed"":false}"
APP0039_DOCUMENT_SCREEN,APP0039,C0039,DOCUMENT_SCREEN,2026-10-22T15:22:00+09:00,,,2026-10-22T15:22:00+09:00,2026-10-30T15:54:00+09:00,2026-10-30T15:54:00+09:00,,ADVANCED,APPLICATION_EVIDENCE_CANDIDATE,,SYNTHETIC_HUMAN_SCENARIO,"{""eligibility_ref"":""EL_APP0039"",""eligibility_state"":""UNKNOWN"",""experience_refs"":[""XP_APP0039_01""],""failed_requirements"":[],""human_rationale"":""동일 경험 안의 구체적 자기기술과 개인 역할을 후속 직접검증 대상으로 확인했다. UNKNOWN 자격은 미확인 상태로 보존한다."",""observation_refs"":[""OB_DOCUMENT_SCREEN_PANEL_01_RECRUITER_EV_XP_APP0039_01_PROBLEM_M1_SKILL_01"",""OB_DOCUMENT_SCREEN_PANEL_01_RECRUITER_EV_XP_APP0039_01_VALIDATE_M1_SKILL_03""],""qualifying_experience_refs"":[""XP_APP0039_01""],""skill_sufficiency_assessed"":false}"
APP0168_DOCUMENT_SCREEN,APP0168,C0168,DOCUMENT_SCREEN,2026-10-22T15:29:00+09:00,,,2026-10-22T15:29:00+09:00,2026-10-27T15:54:00+09:00,2026-10-27T15:54:00+09:00,,CLOSED,INSUFFICIENT_APPLICATION_EVIDENCE,,SYNTHETIC_HUMAN_SCENARIO,"{""eligibility_ref"":""EL_APP0168"",""eligibility_state"":""PASS"",""experience_refs"":[""XP_APP0168_01""],""failed_requirements"":[],""human_rationale"":""현재 제출된 지원서에서 다음 직접검증 단계로 진행할 충분한 직무 관련 Evidence Candidate를 확인하지 못했다. Skill 또는 능력 부족 판정이 아니다."",""observation_refs"":[""OB_DOCUMENT_SCREEN_PANEL_01_RECRUITER_EV_XP_APP0168_01_VALIDATE_M1_SKILL_03""],""qualifying_experience_refs"":[],""skill_sufficiency_assessed"":false}"
APP0153_DOCUMENT_SCREEN,APP0153,C0153,DOCUMENT_SCREEN,2026-10-22T15:33:00+09:00,,,2026-10-22T15:33:00+09:00,2026-10-26T17:31:00+09:00,2026-10-26T17:31:00+09:00,,ADVANCED,APPLICATION_EVIDENCE_CANDIDATE,,SYNTHETIC_HUMAN_SCENARIO,"{""eligibility_ref"":""EL_APP0153"",""eligibility_state"":""UNKNOWN"",""experience_refs"":[""XP_APP0153_01""],""failed_requirements"":[],""human_rationale"":""동일 경험 안의 구체적 자기기술과 개인 역할을 후속 직접검증 대상으로 확인했다. UNKNOWN 자격은 미확인 상태로 보존한다."",""observation_refs"":[""OB_DOCUMENT_SCREEN_PANEL_01_RECRUITER_EV_XP_APP0153_01_BUILD_M1_SKILL_03"",""OB_DOCUMENT_SCREEN_PANEL_01_RECRUITER_EV_XP_APP0153_01_PROBLEM_M1_SKILL_01"",""OB_DOCUMENT_SCREEN_PANEL_01_RECRUITER_EV_XP_APP0153_01_VALIDATE_M1_SKILL_03""],""qualifying_experience_refs"":[""XP_APP0153_01""],""skill_sufficiency_assessed"":false}"
APP0166_DOCUMENT_SCREEN,APP0166,C0166,DOCUMENT_SCREEN,2026-10-22T15:41:00+09:00,,,2026-10-22T15:41:00+09:00,2026-10-27T17:05:00+09:00,2026-10-29T17:05:00+09:00,,CLOSED,INSUFFICIENT_APPLICATION_EVIDENCE,,SYNTHETIC_HUMAN_SCENARIO,"{""eligibility_ref"":""EL_APP0166"",""eligibility_state"":""UNKNOWN"",""experience_refs"":[""XP_APP0166_01"",""XP_APP0166_02""],""failed_requirements"":[],""human_rationale"":""현재 제출된 지원서에서 다음 직접검증 단계로 진행할 충분한 직무 관련 Evidence Candidate를 확인하지 못했다. Skill 또는 능력 부족 판정이 아니다."",""observation_refs"":[""OB_DOCUMENT_SCREEN_PANEL_01_RECRUITER_EV_XP_APP0166_01_VALIDATE_M1_SKILL_03"",""OB_DOCUMENT_SCREEN_PANEL_01_RECRUITER_EV_XP_APP0166_02_VALIDATE_M1_SKILL_03""],""qualifying_experience_refs"":[],""skill_sufficiency_assessed"":false}"
APP0037_DOCUMENT_SCREEN,APP0037,C0037,DOCUMENT_SCREEN,2026-10-22T15:49:00+09:00,,,2026-10-22T15:49:00+09:00,2026-11-01T17:00:00+09:00,2026-11-01T17:00:00+09:00,,ADVANCED,APPLICATION_EVIDENCE_CANDIDATE,,SYNTHETIC_HUMAN_SCENARIO,"{""eligibility_ref"":""EL_APP0037"",""eligibility_state"":""UNKNOWN"",""experience_refs"":[""XP_APP0037_01"",""XP_APP0037_02""],""failed_requirements"":[],""human_rationale"":""동일 경험 안의 구체적 자기기술과 개인 역할을 후속 직접검증 대상으로 확인했다. UNKNOWN 자격은 미확인 상태로 보존한다."",""observation_refs"":[""OB_DOCUMENT_SCREEN_PANEL_01_RECRUITER_EV_XP_APP0037_01_PROBLEM_M1_SKILL_01"",""OB_DOCUMENT_SCREEN_PANEL_01_RECRUITER_EV_XP_APP0037_01_VALIDATE_M1_SKILL_03"",""OB_DOCUMENT_SCREEN_PANEL_01_RECRUITER_EV_XP_APP0037_02_VALIDATE_M1_SKILL_03""],""qualifying_experience_refs"":[""XP_APP0037_01""],""skill_sufficiency_assessed"":false}"
APP0098_DOCUMENT_SCREEN,APP0098,C0098,DOCUMENT_SCREEN,2026-10-22T15:50:00+09:00,,,2026-10-22T15:50:00+09:00,2026-10-26T16:39:00+09:00,2026-10-26T16:39:00+09:00,,FAILED,BASIC_REQUIREMENT_VIOLATION,,SYNTHETIC_HUMAN_SCENARIO,"{""eligibility_ref"":""EL_APP0098"",""eligibility_state"":""FAIL"",""experience_refs"":[""XP_APP0098_01""],""explicit_violation_ref"":[""EL_APP0098#military""],""failed_requirements"":[""military""],""human_rationale"":""공개 자격 구조를 합성 일정에 적용한 명시적 미충족으로 이번 지원을 종료한다."",""observation_refs"":[""OB_DOCUMENT_SCREEN_PANEL_01_RECRUITER_EV_XP_APP0098_01_BUILD_M1_SKILL_03"",""OB_DOCUMENT_SCREEN_PANEL_01_RECRUITER_EV_XP_APP0098_01_VALIDATE_M1_SKILL_03""],""public_requirement_ref"":""KIA-02-REPOST"",""qualifying_experience_refs"":[""XP_APP0098_01""],""skill_sufficiency_assessed"":false}"
APP0136_DOCUMENT_SCREEN,APP0136,C0136,DOCUMENT_SCREEN,2026-10-22T16:46:00+09:00,,,2026-10-22T16:46:00+09:00,2026-10-30T17:06:00+09:00,2026-10-31T17:06:00+09:00,,FAILED,BASIC_REQUIREMENT_VIOLATION,,SYNTHETIC_HUMAN_SCENARIO,"{""eligibility_ref"":""EL_APP0136"",""eligibility_state"":""FAIL"",""experience_refs"":[""XP_APP0136_01"",""XP_APP0136_02""],""explicit_violation_ref"":[""EL_APP0136#military""],""failed_requirements"":[""military""],""human_rationale"":""공개 자격 구조를 합성 일정에 적용한 명시적 미충족으로 이번 지원을 종료한다."",""observation_refs"":[""OB_DOCUMENT_SCREEN_PANEL_01_RECRUITER_EV_XP_APP0136_01_PROBLEM_M1_SKILL_01"",""OB_DOCUMENT_SCREEN_PANEL_01_RECRUITER_EV_XP_APP0136_01_VALIDATE_M1_SKILL_03"",""OB_DOCUMENT_SCREEN_PANEL_01_RECRUITER_EV_XP_APP0136_02_BUILD_M1_SKILL_03"",""OB_DOCUMENT_SCREEN_PANEL_01_RECRUITER_EV_XP_APP0136_02_VALIDATE_M1_SKILL_03""],""public_requirement_ref"":""KIA-02-REPOST"",""qualifying_experience_refs"":[""XP_APP0136_01"",""XP_APP0136_02""],""skill_sufficiency_assessed"":false}"
APP0067_DOCUMENT_SCREEN,APP0067,C0067,DOCUMENT_SCREEN,2026-10-23T09:28:00+09:00,,,2026-10-23T09:28:00+09:00,2026-10-31T09:43:00+09:00,2026-11-01T09:43:00+09:00,,CLOSED,INSUFFICIENT_APPLICATION_EVIDENCE,,SYNTHETIC_HUMAN_SCENARIO,"{""eligibility_ref"":""EL_APP0067"",""eligibility_state"":""PASS"",""experience_refs"":[""XP_APP0067_01""],""failed_requirements"":[],""human_rationale"":""현재 제출된 지원서에서 다음 직접검증 단계로 진행할 충분한 직무 관련 Evidence Candidate를 확인하지 못했다. Skill 또는 능력 부족 판정이 아니다."",""observation_refs"":[],""qualifying_experience_refs"":[],""skill_sufficiency_assessed"":false}"
APP0117_DOCUMENT_SCREEN,APP0117,C0117,DOCUMENT_SCREEN,2026-10-23T09:46:00+09:00,,,2026-10-23T09:46:00+09:00,2026-10-31T10:01:00+09:00,2026-11-04T10:01:00+09:00,,FAILED,BASIC_REQUIREMENT_VIOLATION,,SYNTHETIC_HUMAN_SCENARIO,"{""eligibility_ref"":""EL_APP0117"",""eligibility_state"":""FAIL"",""experience_refs"":[""XP_APP0117_01""],""explicit_violation_ref"":[""EL_APP0117#military""],""failed_requirements"":[""military""],""human_rationale"":""공개 자격 구조를 합성 일정에 적용한 명시적 미충족으로 이번 지원을 종료한다."",""observation_refs"":[""OB_DOCUMENT_SCREEN_PANEL_01_RECRUITER_EV_XP_APP0117_01_BUILD_M1_SKILL_03"",""OB_DOCUMENT_SCREEN_PANEL_01_RECRUITER_EV_XP_APP0117_01_PROBLEM_M1_SKILL_01"",""OB_DOCUMENT_SCREEN_PANEL_01_RECRUITER_EV_XP_APP0117_01_VALIDATE_M1_SKILL_03""],""public_requirement_ref"":""KIA-02-REPOST"",""qualifying_experience_refs"":[""XP_APP0117_01""],""skill_sufficiency_assessed"":false}"
APP0154_DOCUMENT_SCREEN,APP0154,C0154,DOCUMENT_SCREEN,2026-10-23T10:07:00+09:00,,,2026-10-23T10:07:00+09:00,2026-10-28T10:27:00+09:00,2026-10-28T10:27:00+09:00,,CLOSED,INSUFFICIENT_APPLICATION_EVIDENCE,,SYNTHETIC_HUMAN_SCENARIO,"{""eligibility_ref"":""EL_APP0154"",""eligibility_state"":""UNKNOWN"",""experience_refs"":[""XP_APP0154_01"",""XP_APP0154_02""],""failed_requirements"":[],""human_rationale"":""현재 제출된 지원서에서 다음 직접검증 단계로 진행할 충분한 직무 관련 Evidence Candidate를 확인하지 못했다. Skill 또는 능력 부족 판정이 아니다."",""observation_refs"":[""OB_DOCUMENT_SCREEN_PANEL_01_RECRUITER_EV_XP_APP0154_01_BUILD_M1_SKILL_03"",""OB_DOCUMENT_SCREEN_PANEL_01_RECRUITER_EV_XP_APP0154_01_VALIDATE_M1_SKILL_03"",""OB_DOCUMENT_SCREEN_PANEL_01_RECRUITER_EV_XP_APP0154_02_BUILD_M1_SKILL_03"",""OB_DOCUMENT_SCREEN_PANEL_01_RECRUITER_EV_XP_APP0154_02_PROBLEM_M1_SKILL_01"",""OB_DOCUMENT_SCREEN_PANEL_01_RECRUITER_EV_XP_APP0154_02_VALIDATE_M1_SKILL_03""],""qualifying_experience_refs"":[],""skill_sufficiency_assessed"":false}"
APP0161_DOCUMENT_SCREEN,APP0161,C0161,DOCUMENT_SCREEN,2026-10-23T11:00:00+09:00,,,2026-10-23T11:00:00+09:00,2026-11-02T11:15:00+09:00,2026-11-06T11:15:00+09:00,,CLOSED,INSUFFICIENT_APPLICATION_EVIDENCE,,SYNTHETIC_HUMAN_SCENARIO,"{""eligibility_ref"":""EL_APP0161"",""eligibility_state"":""PASS"",""experience_refs"":[""XP_APP0161_01"",""XP_APP0161_02""],""failed_requirements"":[],""human_rationale"":""현재 제출된 지원서에서 다음 직접검증 단계로 진행할 충분한 직무 관련 Evidence Candidate를 확인하지 못했다. Skill 또는 능력 부족 판정이 아니다."",""observation_refs"":[""OB_DOCUMENT_SCREEN_PANEL_01_RECRUITER_EV_XP_APP0161_01_VALIDATE_M1_SKILL_03"",""OB_DOCUMENT_SCREEN_PANEL_01_RECRUITER_EV_XP_APP0161_02_BUILD_M1_SKILL_03"",""OB_DOCUMENT_SCREEN_PANEL_01_RECRUITER_EV_XP_APP0161_02_PROBLEM_M1_SKILL_01""],""qualifying_experience_refs"":[],""skill_sufficiency_assessed"":false}"
APP0155_DOCUMENT_SCREEN,APP0155,C0155,DOCUMENT_SCREEN,2026-10-23T12:15:00+09:00,,,2026-10-23T12:15:00+09:00,2026-10-29T13:00:00+09:00,2026-10-31T13:00:00+09:00,,ADVANCED,APPLICATION_EVIDENCE_CANDIDATE,,SYNTHETIC_HUMAN_SCENARIO,"{""eligibility_ref"":""EL_APP0155"",""eligibility_state"":""UNKNOWN"",""experience_refs"":[""XP_APP0155_01""],""failed_requirements"":[],""human_rationale"":""동일 경험 안의 구체적 자기기술과 개인 역할을 후속 직접검증 대상으로 확인했다. UNKNOWN 자격은 미확인 상태로 보존한다."",""observation_refs"":[""OB_DOCUMENT_SCREEN_PANEL_01_RECRUITER_EV_XP_APP0155_01_BUILD_M1_SKILL_03"",""OB_DOCUMENT_SCREEN_PANEL_01_RECRUITER_EV_XP_APP0155_01_PROBLEM_M1_SKILL_01"",""OB_DOCUMENT_SCREEN_PANEL_01_RECRUITER_EV_XP_APP0155_01_VALIDATE_M1_SKILL_03""],""qualifying_experience_refs"":[""XP_APP0155_01""],""skill_sufficiency_assessed"":false}"
APP0064_DOCUMENT_SCREEN,APP0064,C0064,DOCUMENT_SCREEN,2026-10-23T12:45:00+09:00,,,2026-10-23T12:45:00+09:00,2026-10-27T13:10:00+09:00,2026-10-28T13:10:00+09:00,,ADVANCED,APPLICATION_EVIDENCE_CANDIDATE,,SYNTHETIC_HUMAN_SCENARIO,"{""eligibility_ref"":""EL_APP0064"",""eligibility_state"":""PASS"",""experience_refs"":[""XP_APP0064_01"",""XP_APP0064_02""],""failed_requirements"":[],""human_rationale"":""동일 경험 안의 구체적 자기기술과 개인 역할을 후속 직접검증 대상으로 확인했다. UNKNOWN 자격은 미확인 상태로 보존한다."",""observation_refs"":[""OB_DOCUMENT_SCREEN_PANEL_01_RECRUITER_EV_XP_APP0064_01_BUILD_M1_SKILL_03"",""OB_DOCUMENT_SCREEN_PANEL_01_RECRUITER_EV_XP_APP0064_01_PROBLEM_M1_SKILL_01"",""OB_DOCUMENT_SCREEN_PANEL_01_RECRUITER_EV_XP_APP0064_01_VALIDATE_M1_SKILL_03"",""OB_DOCUMENT_SCREEN_PANEL_01_RECRUITER_EV_XP_APP0064_02_BUILD_M1_SKILL_03"",""OB_DOCUMENT_SCREEN_PANEL_01_RECRUITER_EV_XP_APP0064_02_PROBLEM_M1_SKILL_01""],""qualifying_experience_refs"":[""XP_APP0064_02""],""skill_sufficiency_assessed"":false}"
APP0052_DOCUMENT_SCREEN,APP0052,C0052,DOCUMENT_SCREEN,2026-10-23T12:55:00+09:00,,,2026-10-23T12:55:00+09:00,2026-10-30T17:56:00+09:00,2026-11-01T17:56:00+09:00,,ADVANCED,APPLICATION_EVIDENCE_CANDIDATE,,SYNTHETIC_HUMAN_SCENARIO,"{""eligibility_ref"":""EL_APP0052"",""eligibility_state"":""UNKNOWN"",""experience_refs"":[""XP_APP0052_01""],""failed_requirements"":[],""human_rationale"":""동일 경험 안의 구체적 자기기술과 개인 역할을 후속 직접검증 대상으로 확인했다. UNKNOWN 자격은 미확인 상태로 보존한다."",""observation_refs"":[""OB_DOCUMENT_SCREEN_PANEL_01_RECRUITER_EV_XP_APP0052_01_BUILD_M1_SKILL_03"",""OB_DOCUMENT_SCREEN_PANEL_01_RECRUITER_EV_XP_APP0052_01_VALIDATE_M1_SKILL_03""],""qualifying_experience_refs"":[""XP_APP0052_01""],""skill_sufficiency_assessed"":false}"
APP0163_DOCUMENT_SCREEN,APP0163,C0163,DOCUMENT_SCREEN,2026-10-23T14:11:00+09:00,,,2026-10-23T14:11:00+09:00,2026-10-26T18:11:00+09:00,2026-10-27T18:11:00+09:00,,ADVANCED,APPLICATION_EVIDENCE_CANDIDATE,,SYNTHETIC_HUMAN_SCENARIO,"{""eligibility_ref"":""EL_APP0163"",""eligibility_state"":""UNKNOWN"",""experience_refs"":[""XP_APP0163_01"",""XP_APP0163_02""],""failed_requirements"":[],""human_rationale"":""동일 경험 안의 구체적 자기기술과 개인 역할을 후속 직접검증 대상으로 확인했다. UNKNOWN 자격은 미확인 상태로 보존한다."",""observation_refs"":[""OB_DOCUMENT_SCREEN_PANEL_01_RECRUITER_EV_XP_APP0163_01_BUILD_M1_SKILL_03"",""OB_DOCUMENT_SCREEN_PANEL_01_RECRUITER_EV_XP_APP0163_01_VALIDATE_M1_SKILL_03"",""OB_DOCUMENT_SCREEN_PANEL_01_RECRUITER_EV_XP_APP0163_02_BUILD_M1_SKILL_03"",""OB_DOCUMENT_SCREEN_PANEL_01_RECRUITER_EV_XP_APP0163_02_PROBLEM_M1_SKILL_01"",""OB_DOCUMENT_SCREEN_PANEL_01_RECRUITER_EV_XP_APP0163_02_VALIDATE_M1_SKILL_03""],""qualifying_experience_refs"":[""XP_APP0163_02""],""skill_sufficiency_assessed"":false}"
APP0149_DOCUMENT_SCREEN,APP0149,C0149,DOCUMENT_SCREEN,2026-10-23T14:54:00+09:00,,,2026-10-23T14:54:00+09:00,2026-11-02T15:14:00+09:00,2026-11-04T15:14:00+09:00,,FAILED,BASIC_REQUIREMENT_VIOLATION,,SYNTHETIC_HUMAN_SCENARIO,"{""eligibility_ref"":""EL_APP0149"",""eligibility_state"":""FAIL"",""experience_refs"":[""XP_APP0149_01""],""explicit_violation_ref"":[""EL_APP0149#degree""],""failed_requirements"":[""degree""],""human_rationale"":""공개 자격 구조를 합성 일정에 적용한 명시적 미충족으로 이번 지원을 종료한다."",""observation_refs"":[""OB_DOCUMENT_SCREEN_PANEL_01_RECRUITER_EV_XP_APP0149_01_BUILD_M1_SKILL_03""],""public_requirement_ref"":""KIA-02-REPOST"",""qualifying_experience_refs"":[],""skill_sufficiency_assessed"":false}"
APP0170_DOCUMENT_SCREEN,APP0170,C0170,DOCUMENT_SCREEN,2026-10-23T16:12:00+09:00,,,2026-10-23T16:12:00+09:00,2026-10-27T18:36:00+09:00,2026-10-29T18:36:00+09:00,,ADVANCED,APPLICATION_EVIDENCE_CANDIDATE,,SYNTHETIC_HUMAN_SCENARIO,"{""eligibility_ref"":""EL_APP0170"",""eligibility_state"":""UNKNOWN"",""experience_refs"":[""XP_APP0170_01""],""failed_requirements"":[],""human_rationale"":""동일 경험 안의 구체적 자기기술과 개인 역할을 후속 직접검증 대상으로 확인했다. UNKNOWN 자격은 미확인 상태로 보존한다."",""observation_refs"":[""OB_DOCUMENT_SCREEN_PANEL_01_RECRUITER_EV_XP_APP0170_01_BUILD_M1_SKILL_03"",""OB_DOCUMENT_SCREEN_PANEL_01_RECRUITER_EV_XP_APP0170_01_PROBLEM_M1_SKILL_01"",""OB_DOCUMENT_SCREEN_PANEL_01_RECRUITER_EV_XP_APP0170_01_VALIDATE_M1_SKILL_03""],""qualifying_experience_refs"":[""XP_APP0170_01""],""skill_sufficiency_assessed"":false}"
APP0066_DOCUMENT_SCREEN,APP0066,C0066,DOCUMENT_SCREEN,2026-10-23T16:45:00+09:00,,,2026-10-23T16:45:00+09:00,2026-10-30T18:56:00+09:00,2026-10-30T18:56:00+09:00,,FAILED,BASIC_REQUIREMENT_VIOLATION,,SYNTHETIC_HUMAN_SCENARIO,"{""eligibility_ref"":""EL_APP0066"",""eligibility_state"":""FAIL"",""experience_refs"":[""XP_APP0066_01"",""XP_APP0066_02""],""explicit_violation_ref"":[""EL_APP0066#military""],""failed_requirements"":[""military""],""human_rationale"":""공개 자격 구조를 합성 일정에 적용한 명시적 미충족으로 이번 지원을 종료한다."",""observation_refs"":[""OB_DOCUMENT_SCREEN_PANEL_01_RECRUITER_EV_XP_APP0066_01_BUILD_M1_SKILL_03"",""OB_DOCUMENT_SCREEN_PANEL_01_RECRUITER_EV_XP_APP0066_01_PROBLEM_M1_SKILL_01"",""OB_DOCUMENT_SCREEN_PANEL_01_RECRUITER_EV_XP_APP0066_01_VALIDATE_M1_SKILL_03"",""OB_DOCUMENT_SCREEN_PANEL_01_RECRUITER_EV_XP_APP0066_02_BUILD_M1_SKILL_03"",""OB_DOCUMENT_SCREEN_PANEL_01_RECRUITER_EV_XP_APP0066_02_VALIDATE_M1_SKILL_03""],""public_requirement_ref"":""KIA-02-REPOST"",""qualifying_experience_refs"":[""XP_APP0066_02""],""skill_sufficiency_assessed"":false}"
APP0191_DOCUMENT_SCREEN,APP0191,C0191,DOCUMENT_SCREEN,2026-10-24T09:15:00+09:00,,,2026-10-24T09:15:00+09:00,2026-10-30T09:35:00+09:00,2026-11-01T09:35:00+09:00,,CLOSED,INSUFFICIENT_APPLICATION_EVIDENCE,,SYNTHETIC_HUMAN_SCENARIO,"{""eligibility_ref"":""EL_APP0191"",""eligibility_state"":""UNKNOWN"",""experience_refs"":[""XP_APP0191_01""],""failed_requirements"":[],""human_rationale"":""현재 제출된 지원서에서 다음 직접검증 단계로 진행할 충분한 직무 관련 Evidence Candidate를 확인하지 못했다. Skill 또는 능력 부족 판정이 아니다."",""observation_refs"":[""OB_DOCUMENT_SCREEN_PANEL_01_RECRUITER_EV_XP_APP0191_01_BUILD_M1_SKILL_03""],""qualifying_experience_refs"":[],""skill_sufficiency_assessed"":false}"
APP0131_DOCUMENT_SCREEN,APP0131,C0131,DOCUMENT_SCREEN,2026-10-24T10:26:00+09:00,,,2026-10-24T10:26:00+09:00,2026-10-28T10:42:00+09:00,2026-11-01T10:42:00+09:00,,CLOSED,INSUFFICIENT_APPLICATION_EVIDENCE,,SYNTHETIC_HUMAN_SCENARIO,"{""eligibility_ref"":""EL_APP0131"",""eligibility_state"":""UNKNOWN"",""experience_refs"":[""XP_APP0131_01""],""failed_requirements"":[],""human_rationale"":""현재 제출된 지원서에서 다음 직접검증 단계로 진행할 충분한 직무 관련 Evidence Candidate를 확인하지 못했다. Skill 또는 능력 부족 판정이 아니다."",""observation_refs"":[""OB_DOCUMENT_SCREEN_PANEL_01_RECRUITER_EV_XP_APP0131_01_VALIDATE_M1_SKILL_03""],""qualifying_experience_refs"":[],""skill_sufficiency_assessed"":false}"
APP0164_DOCUMENT_SCREEN,APP0164,C0164,DOCUMENT_SCREEN,2026-10-24T11:57:00+09:00,,,2026-10-24T11:57:00+09:00,2026-11-01T12:17:00+09:00,2026-11-05T12:17:00+09:00,,FAILED,BASIC_REQUIREMENT_VIOLATION,,SYNTHETIC_HUMAN_SCENARIO,"{""eligibility_ref"":""EL_APP0164"",""eligibility_state"":""FAIL"",""experience_refs"":[""XP_APP0164_01""],""explicit_violation_ref"":[""EL_APP0164#military""],""failed_requirements"":[""military""],""human_rationale"":""공개 자격 구조를 합성 일정에 적용한 명시적 미충족으로 이번 지원을 종료한다."",""observation_refs"":[""OB_DOCUMENT_SCREEN_PANEL_01_RECRUITER_EV_XP_APP0164_01_PROBLEM_M1_SKILL_01""],""public_requirement_ref"":""KIA-02-REPOST"",""qualifying_experience_refs"":[],""skill_sufficiency_assessed"":false}"
APP0129_DOCUMENT_SCREEN,APP0129,C0129,DOCUMENT_SCREEN,2026-10-24T12:48:00+09:00,,,2026-10-24T12:48:00+09:00,2026-11-01T13:13:00+09:00,2026-11-01T13:13:00+09:00,,FAILED,BASIC_REQUIREMENT_VIOLATION,,SYNTHETIC_HUMAN_SCENARIO,"{""eligibility_ref"":""EL_APP0129"",""eligibility_state"":""FAIL"",""experience_refs"":[""XP_APP0129_01""],""explicit_violation_ref"":[""EL_APP0129#military""],""failed_requirements"":[""military""],""human_rationale"":""공개 자격 구조를 합성 일정에 적용한 명시적 미충족으로 이번 지원을 종료한다."",""observation_refs"":[""OB_DOCUMENT_SCREEN_PANEL_01_RECRUITER_EV_XP_APP0129_01_PROBLEM_M1_SKILL_01""],""public_requirement_ref"":""KIA-02-REPOST"",""qualifying_experience_refs"":[],""skill_sufficiency_assessed"":false}"
APP0193_DOCUMENT_SCREEN,APP0193,C0193,DOCUMENT_SCREEN,2026-10-24T13:29:00+09:00,,,2026-10-24T13:29:00+09:00,2026-10-30T13:44:00+09:00,2026-11-03T13:44:00+09:00,,ADVANCED,APPLICATION_EVIDENCE_CANDIDATE,,SYNTHETIC_HUMAN_SCENARIO,"{""eligibility_ref"":""EL_APP0193"",""eligibility_state"":""PASS"",""experience_refs"":[""XP_APP0193_01"",""XP_APP0193_02""],""failed_requirements"":[],""human_rationale"":""동일 경험 안의 구체적 자기기술과 개인 역할을 후속 직접검증 대상으로 확인했다. UNKNOWN 자격은 미확인 상태로 보존한다."",""observation_refs"":[""OB_DOCUMENT_SCREEN_PANEL_01_RECRUITER_EV_XP_APP0193_01_BUILD_M1_SKILL_03"",""OB_DOCUMENT_SCREEN_PANEL_01_RECRUITER_EV_XP_APP0193_01_VALIDATE_M1_SKILL_03"",""OB_DOCUMENT_SCREEN_PANEL_01_RECRUITER_EV_XP_APP0193_02_BUILD_M1_SKILL_03"",""OB_DOCUMENT_SCREEN_PANEL_01_RECRUITER_EV_XP_APP0193_02_VALIDATE_M1_SKILL_03""],""qualifying_experience_refs"":[""XP_APP0193_02""],""skill_sufficiency_assessed"":false}"
APP0082_DOCUMENT_SCREEN,APP0082,C0082,DOCUMENT_SCREEN,2026-10-24T15:21:00+09:00,,,2026-10-24T15:21:00+09:00,2026-11-03T15:46:00+09:00,2026-11-07T15:46:00+09:00,,ADVANCED,APPLICATION_EVIDENCE_CANDIDATE,,SYNTHETIC_HUMAN_SCENARIO,"{""eligibility_ref"":""EL_APP0082"",""eligibility_state"":""PASS"",""experience_refs"":[""XP_APP0082_01"",""XP_APP0082_02""],""failed_requirements"":[],""human_rationale"":""동일 경험 안의 구체적 자기기술과 개인 역할을 후속 직접검증 대상으로 확인했다. UNKNOWN 자격은 미확인 상태로 보존한다."",""observation_refs"":[""OB_DOCUMENT_SCREEN_PANEL_01_RECRUITER_EV_XP_APP0082_01_PROBLEM_M1_SKILL_01"",""OB_DOCUMENT_SCREEN_PANEL_01_RECRUITER_EV_XP_APP0082_01_VALIDATE_M1_SKILL_03"",""OB_DOCUMENT_SCREEN_PANEL_01_RECRUITER_EV_XP_APP0082_02_PROBLEM_M1_SKILL_01""],""qualifying_experience_refs"":[""XP_APP0082_01""],""skill_sufficiency_assessed"":false}"
APP0125_DOCUMENT_SCREEN,APP0125,C0125,DOCUMENT_SCREEN,2026-10-24T15:32:00+09:00,,,2026-10-24T15:32:00+09:00,2026-10-28T17:25:00+09:00,2026-10-28T17:25:00+09:00,,ADVANCED,APPLICATION_EVIDENCE_CANDIDATE,,SYNTHETIC_HUMAN_SCENARIO,"{""eligibility_ref"":""EL_APP0125"",""eligibility_state"":""UNKNOWN"",""experience_refs"":[""XP_APP0125_01""],""failed_requirements"":[],""human_rationale"":""동일 경험 안의 구체적 자기기술과 개인 역할을 후속 직접검증 대상으로 확인했다. UNKNOWN 자격은 미확인 상태로 보존한다."",""observation_refs"":[""OB_DOCUMENT_SCREEN_PANEL_01_RECRUITER_EV_XP_APP0125_01_BUILD_M1_SKILL_03"",""OB_DOCUMENT_SCREEN_PANEL_01_RECRUITER_EV_XP_APP0125_01_PROBLEM_M1_SKILL_01""],""qualifying_experience_refs"":[""XP_APP0125_01""],""skill_sufficiency_assessed"":false}"
APP0182_DOCUMENT_SCREEN,APP0182,C0182,DOCUMENT_SCREEN,2026-10-25T10:16:00+09:00,,,2026-10-25T10:16:00+09:00,2026-10-29T10:31:00+09:00,2026-10-31T10:31:00+09:00,,FAILED,BASIC_REQUIREMENT_VIOLATION,,SYNTHETIC_HUMAN_SCENARIO,"{""eligibility_ref"":""EL_APP0182"",""eligibility_state"":""FAIL"",""experience_refs"":[""XP_APP0182_01""],""explicit_violation_ref"":[""EL_APP0182#language""],""failed_requirements"":[""language""],""human_rationale"":""공개 자격 구조를 합성 일정에 적용한 명시적 미충족으로 이번 지원을 종료한다."",""observation_refs"":[""OB_DOCUMENT_SCREEN_PANEL_01_RECRUITER_EV_XP_APP0182_01_PROBLEM_M1_SKILL_01"",""OB_DOCUMENT_SCREEN_PANEL_01_RECRUITER_EV_XP_APP0182_01_VALIDATE_M1_SKILL_03""],""public_requirement_ref"":""KIA-02-REPOST"",""qualifying_experience_refs"":[""XP_APP0182_01""],""skill_sufficiency_assessed"":false}"
APP0186_DOCUMENT_SCREEN,APP0186,C0186,DOCUMENT_SCREEN,2026-10-25T11:00:00+09:00,,,2026-10-25T11:00:00+09:00,2026-10-31T11:25:00+09:00,2026-11-01T11:25:00+09:00,,CLOSED,INSUFFICIENT_APPLICATION_EVIDENCE,,SYNTHETIC_HUMAN_SCENARIO,"{""eligibility_ref"":""EL_APP0186"",""eligibility_state"":""UNKNOWN"",""experience_refs"":[""XP_APP0186_01""],""failed_requirements"":[],""human_rationale"":""현재 제출된 지원서에서 다음 직접검증 단계로 진행할 충분한 직무 관련 Evidence Candidate를 확인하지 못했다. Skill 또는 능력 부족 판정이 아니다."",""observation_refs"":[],""qualifying_experience_refs"":[],""skill_sufficiency_assessed"":false}"
APP0205_DOCUMENT_SCREEN,APP0205,C0205,DOCUMENT_SCREEN,2026-10-25T12:24:00+09:00,,,2026-10-25T12:24:00+09:00,2026-10-31T12:39:00+09:00,2026-11-02T12:39:00+09:00,,ADVANCED,APPLICATION_EVIDENCE_CANDIDATE,,SYNTHETIC_HUMAN_SCENARIO,"{""eligibility_ref"":""EL_APP0205"",""eligibility_state"":""UNKNOWN"",""experience_refs"":[""XP_APP0205_01"",""XP_APP0205_02""],""failed_requirements"":[],""human_rationale"":""동일 경험 안의 구체적 자기기술과 개인 역할을 후속 직접검증 대상으로 확인했다. UNKNOWN 자격은 미확인 상태로 보존한다."",""observation_refs"":[""OB_DOCUMENT_SCREEN_PANEL_01_RECRUITER_EV_XP_APP0205_01_BUILD_M1_SKILL_03"",""OB_DOCUMENT_SCREEN_PANEL_01_RECRUITER_EV_XP_APP0205_01_PROBLEM_M1_SKILL_01"",""OB_DOCUMENT_SCREEN_PANEL_01_RECRUITER_EV_XP_APP0205_02_BUILD_M1_SKILL_03"",""OB_DOCUMENT_SCREEN_PANEL_01_RECRUITER_EV_XP_APP0205_02_PROBLEM_M1_SKILL_01""],""qualifying_experience_refs"":[""XP_APP0205_01""],""skill_sufficiency_assessed"":false}"
APP0104_DOCUMENT_SCREEN,APP0104,C0104,DOCUMENT_SCREEN,2026-10-25T13:41:00+09:00,,,2026-10-25T13:41:00+09:00,2026-11-04T14:01:00+09:00,2026-11-05T14:01:00+09:00,,CLOSED,INSUFFICIENT_APPLICATION_EVIDENCE,,SYNTHETIC_HUMAN_SCENARIO,"{""eligibility_ref"":""EL_APP0104"",""eligibility_state"":""PASS"",""experience_refs"":[""XP_APP0104_01"",""XP_APP0104_02""],""failed_requirements"":[],""human_rationale"":""현재 제출된 지원서에서 다음 직접검증 단계로 진행할 충분한 직무 관련 Evidence Candidate를 확인하지 못했다. Skill 또는 능력 부족 판정이 아니다."",""observation_refs"":[""OB_DOCUMENT_SCREEN_PANEL_01_RECRUITER_EV_XP_APP0104_01_BUILD_M1_SKILL_03"",""OB_DOCUMENT_SCREEN_PANEL_01_RECRUITER_EV_XP_APP0104_02_PROBLEM_M1_SKILL_01""],""qualifying_experience_refs"":[],""skill_sufficiency_assessed"":false}"
APP0099_DOCUMENT_SCREEN,APP0099,C0099,DOCUMENT_SCREEN,2026-10-25T14:14:00+09:00,,,2026-10-25T14:14:00+09:00,2026-10-30T14:29:00+09:00,2026-10-31T14:29:00+09:00,,FAILED,BASIC_REQUIREMENT_VIOLATION,,SYNTHETIC_HUMAN_SCENARIO,"{""eligibility_ref"":""EL_APP0099"",""eligibility_state"":""FAIL"",""experience_refs"":[""XP_APP0099_01""],""explicit_violation_ref"":[""EL_APP0099#travel_visa""],""failed_requirements"":[""travel_visa""],""human_rationale"":""공개 자격 구조를 합성 일정에 적용한 명시적 미충족으로 이번 지원을 종료한다."",""observation_refs"":[""OB_DOCUMENT_SCREEN_PANEL_01_RECRUITER_EV_XP_APP0099_01_BUILD_M1_SKILL_03""],""public_requirement_ref"":""KIA-02-REPOST"",""qualifying_experience_refs"":[],""skill_sufficiency_assessed"":false}"
APP0209_DOCUMENT_SCREEN,APP0209,C0209,DOCUMENT_SCREEN,2026-10-25T14:42:00+09:00,,,2026-10-25T14:42:00+09:00,2026-10-30T15:02:00+09:00,2026-10-30T15:02:00+09:00,,FAILED,BASIC_REQUIREMENT_VIOLATION,,SYNTHETIC_HUMAN_SCENARIO,"{""eligibility_ref"":""EL_APP0209"",""eligibility_state"":""FAIL"",""experience_refs"":[""XP_APP0209_01""],""explicit_violation_ref"":[""EL_APP0209#degree""],""failed_requirements"":[""degree""],""human_rationale"":""공개 자격 구조를 합성 일정에 적용한 명시적 미충족으로 이번 지원을 종료한다."",""observation_refs"":[],""public_requirement_ref"":""KIA-02-REPOST"",""qualifying_experience_refs"":[],""skill_sufficiency_assessed"":false}"
APP0185_DOCUMENT_SCREEN,APP0185,C0185,DOCUMENT_SCREEN,2026-10-25T14:48:00+09:00,,,2026-10-25T14:48:00+09:00,2026-11-02T15:22:00+09:00,2026-11-03T15:22:00+09:00,,ADVANCED,APPLICATION_EVIDENCE_CANDIDATE,,SYNTHETIC_HUMAN_SCENARIO,"{""eligibility_ref"":""EL_APP0185"",""eligibility_state"":""PASS"",""experience_refs"":[""XP_APP0185_01"",""XP_APP0185_02""],""failed_requirements"":[],""human_rationale"":""동일 경험 안의 구체적 자기기술과 개인 역할을 후속 직접검증 대상으로 확인했다. UNKNOWN 자격은 미확인 상태로 보존한다."",""observation_refs"":[""OB_DOCUMENT_SCREEN_PANEL_01_RECRUITER_EV_XP_APP0185_01_PROBLEM_M1_SKILL_01"",""OB_DOCUMENT_SCREEN_PANEL_01_RECRUITER_EV_XP_APP0185_01_VALIDATE_M1_SKILL_03"",""OB_DOCUMENT_SCREEN_PANEL_01_RECRUITER_EV_XP_APP0185_02_BUILD_M1_SKILL_03"",""OB_DOCUMENT_SCREEN_PANEL_01_RECRUITER_EV_XP_APP0185_02_PROBLEM_M1_SKILL_01""],""qualifying_experience_refs"":[""XP_APP0185_01"",""XP_APP0185_02""],""skill_sufficiency_assessed"":false}"
APP0196_DOCUMENT_SCREEN,APP0196,C0196,DOCUMENT_SCREEN,2026-10-25T14:54:00+09:00,,,2026-10-25T14:54:00+09:00,2026-10-31T15:42:00+09:00,2026-11-02T15:42:00+09:00,,CLOSED,INSUFFICIENT_APPLICATION_EVIDENCE,,SYNTHETIC_HUMAN_SCENARIO,"{""eligibility_ref"":""EL_APP0196"",""eligibility_state"":""PASS"",""experience_refs"":[""XP_APP0196_01""],""failed_requirements"":[],""human_rationale"":""현재 제출된 지원서에서 다음 직접검증 단계로 진행할 충분한 직무 관련 Evidence Candidate를 확인하지 못했다. Skill 또는 능력 부족 판정이 아니다."",""observation_refs"":[],""qualifying_experience_refs"":[],""skill_sufficiency_assessed"":false}"
APP0190_DOCUMENT_SCREEN,APP0190,C0190,DOCUMENT_SCREEN,2026-10-25T15:59:00+09:00,,,2026-10-25T15:59:00+09:00,2026-11-04T16:14:00+09:00,2026-11-05T16:14:00+09:00,,CLOSED,INSUFFICIENT_APPLICATION_EVIDENCE,,SYNTHETIC_HUMAN_SCENARIO,"{""eligibility_ref"":""EL_APP0190"",""eligibility_state"":""PASS"",""experience_refs"":[""XP_APP0190_01"",""XP_APP0190_02""],""failed_requirements"":[],""human_rationale"":""현재 제출된 지원서에서 다음 직접검증 단계로 진행할 충분한 직무 관련 Evidence Candidate를 확인하지 못했다. Skill 또는 능력 부족 판정이 아니다."",""observation_refs"":[""OB_DOCUMENT_SCREEN_PANEL_01_RECRUITER_EV_XP_APP0190_01_PROBLEM_M1_SKILL_01"",""OB_DOCUMENT_SCREEN_PANEL_01_RECRUITER_EV_XP_APP0190_02_PROBLEM_M1_SKILL_01""],""qualifying_experience_refs"":[],""skill_sufficiency_assessed"":false}"
APP0199_DOCUMENT_SCREEN,APP0199,C0199,DOCUMENT_SCREEN,2026-10-25T15:59:00+09:00,,,2026-10-25T15:59:00+09:00,2026-10-29T17:45:00+09:00,2026-10-31T17:45:00+09:00,,FAILED,BASIC_REQUIREMENT_VIOLATION,,SYNTHETIC_HUMAN_SCENARIO,"{""eligibility_ref"":""EL_APP0199"",""eligibility_state"":""FAIL"",""experience_refs"":[""XP_APP0199_01"",""XP_APP0199_02""],""explicit_violation_ref"":[""EL_APP0199#language""],""failed_requirements"":[""language""],""human_rationale"":""공개 자격 구조를 합성 일정에 적용한 명시적 미충족으로 이번 지원을 종료한다."",""observation_refs"":[""OB_DOCUMENT_SCREEN_PANEL_01_RECRUITER_EV_XP_APP0199_01_BUILD_M1_SKILL_03"",""OB_DOCUMENT_SCREEN_PANEL_01_RECRUITER_EV_XP_APP0199_01_PROBLEM_M1_SKILL_01"",""OB_DOCUMENT_SCREEN_PANEL_01_RECRUITER_EV_XP_APP0199_01_VALIDATE_M1_SKILL_03"",""OB_DOCUMENT_SCREEN_PANEL_01_RECRUITER_EV_XP_APP0199_02_BUILD_M1_SKILL_03"",""OB_DOCUMENT_SCREEN_PANEL_01_RECRUITER_EV_XP_APP0199_02_VALIDATE_M1_SKILL_03""],""public_requirement_ref"":""KIA-02-REPOST"",""qualifying_experience_refs"":[""XP_APP0199_01""],""skill_sufficiency_assessed"":false}"
APP0091_DOCUMENT_SCREEN,APP0091,C0091,DOCUMENT_SCREEN,2026-10-25T16:02:00+09:00,,,2026-10-25T16:02:00+09:00,2026-10-30T16:17:00+09:00,2026-11-01T16:17:00+09:00,,FAILED,BASIC_REQUIREMENT_VIOLATION,,SYNTHETIC_HUMAN_SCENARIO,"{""eligibility_ref"":""EL_APP0091"",""eligibility_state"":""FAIL"",""experience_refs"":[""XP_APP0091_01"",""XP_APP0091_02""],""explicit_violation_ref"":[""EL_APP0091#travel_visa""],""failed_requirements"":[""travel_visa""],""human_rationale"":""공개 자격 구조를 합성 일정에 적용한 명시적 미충족으로 이번 지원을 종료한다."",""observation_refs"":[""OB_DOCUMENT_SCREEN_PANEL_01_RECRUITER_EV_XP_APP0091_01_BUILD_M1_SKILL_03"",""OB_DOCUMENT_SCREEN_PANEL_01_RECRUITER_EV_XP_APP0091_01_VALIDATE_M1_SKILL_03""],""public_requirement_ref"":""KIA-02-REPOST"",""qualifying_experience_refs"":[""XP_APP0091_01""],""skill_sufficiency_assessed"":false}"
APP0159_DOCUMENT_SCREEN,APP0159,C0159,DOCUMENT_SCREEN,2026-10-26T09:27:00+09:00,,,2026-10-26T09:27:00+09:00,2026-10-30T09:58:00+09:00,2026-10-30T09:58:00+09:00,,CLOSED,INSUFFICIENT_APPLICATION_EVIDENCE,,SYNTHETIC_HUMAN_SCENARIO,"{""eligibility_ref"":""EL_APP0159"",""eligibility_state"":""UNKNOWN"",""experience_refs"":[""XP_APP0159_01""],""failed_requirements"":[],""human_rationale"":""현재 제출된 지원서에서 다음 직접검증 단계로 진행할 충분한 직무 관련 Evidence Candidate를 확인하지 못했다. Skill 또는 능력 부족 판정이 아니다."",""observation_refs"":[""OB_DOCUMENT_SCREEN_PANEL_01_RECRUITER_EV_XP_APP0159_01_BUILD_M1_SKILL_03"",""OB_DOCUMENT_SCREEN_PANEL_01_RECRUITER_EV_XP_APP0159_01_VALIDATE_M1_SKILL_03""],""qualifying_experience_refs"":[],""skill_sufficiency_assessed"":false}"
APP0120_DOCUMENT_SCREEN,APP0120,C0120,DOCUMENT_SCREEN,2026-10-26T10:07:00+09:00,,,2026-10-26T10:07:00+09:00,2026-11-03T10:32:00+09:00,2026-11-03T10:32:00+09:00,,CLOSED,INSUFFICIENT_APPLICATION_EVIDENCE,,SYNTHETIC_HUMAN_SCENARIO,"{""eligibility_ref"":""EL_APP0120"",""eligibility_state"":""PASS"",""experience_refs"":[""XP_APP0120_01""],""failed_requirements"":[],""human_rationale"":""현재 제출된 지원서에서 다음 직접검증 단계로 진행할 충분한 직무 관련 Evidence Candidate를 확인하지 못했다. Skill 또는 능력 부족 판정이 아니다."",""observation_refs"":[""OB_DOCUMENT_SCREEN_PANEL_01_RECRUITER_EV_XP_APP0120_01_VALIDATE_M1_SKILL_03""],""qualifying_experience_refs"":[],""skill_sufficiency_assessed"":false}"
APP0216_DOCUMENT_SCREEN,APP0216,C0216,DOCUMENT_SCREEN,2026-10-26T10:14:00+09:00,,,2026-10-26T10:14:00+09:00,2026-10-31T10:51:00+09:00,2026-11-01T10:51:00+09:00,,ADVANCED,APPLICATION_EVIDENCE_CANDIDATE,,SYNTHETIC_HUMAN_SCENARIO,"{""eligibility_ref"":""EL_APP0216"",""eligibility_state"":""UNKNOWN"",""experience_refs"":[""XP_APP0216_01"",""XP_APP0216_02""],""failed_requirements"":[],""human_rationale"":""동일 경험 안의 구체적 자기기술과 개인 역할을 후속 직접검증 대상으로 확인했다. UNKNOWN 자격은 미확인 상태로 보존한다."",""observation_refs"":[""OB_DOCUMENT_SCREEN_PANEL_01_RECRUITER_EV_XP_APP0216_01_BUILD_M1_SKILL_03"",""OB_DOCUMENT_SCREEN_PANEL_01_RECRUITER_EV_XP_APP0216_01_PROBLEM_M1_SKILL_01"",""OB_DOCUMENT_SCREEN_PANEL_01_RECRUITER_EV_XP_APP0216_02_BUILD_M1_SKILL_03"",""OB_DOCUMENT_SCREEN_PANEL_01_RECRUITER_EV_XP_APP0216_02_PROBLEM_M1_SKILL_01""],""qualifying_experience_refs"":[""XP_APP0216_01"",""XP_APP0216_02""],""skill_sufficiency_assessed"":false}"
APP0220_DOCUMENT_SCREEN,APP0220,C0220,DOCUMENT_SCREEN,2026-10-26T10:16:00+09:00,,,2026-10-26T10:16:00+09:00,2026-10-31T11:35:00+09:00,2026-10-31T11:35:00+09:00,,CLOSED,INSUFFICIENT_APPLICATION_EVIDENCE,,SYNTHETIC_HUMAN_SCENARIO,"{""eligibility_ref"":""EL_APP0220"",""eligibility_state"":""UNKNOWN"",""experience_refs"":[""XP_APP0220_01""],""failed_requirements"":[],""human_rationale"":""현재 제출된 지원서에서 다음 직접검증 단계로 진행할 충분한 직무 관련 Evidence Candidate를 확인하지 못했다. Skill 또는 능력 부족 판정이 아니다."",""observation_refs"":[""OB_DOCUMENT_SCREEN_PANEL_01_RECRUITER_EV_XP_APP0220_01_PROBLEM_M1_SKILL_01"",""OB_DOCUMENT_SCREEN_PANEL_01_RECRUITER_EV_XP_APP0220_01_VALIDATE_M1_SKILL_03""],""qualifying_experience_refs"":[],""skill_sufficiency_assessed"":false}"
APP0107_DOCUMENT_SCREEN,APP0107,C0107,DOCUMENT_SCREEN,2026-10-26T10:23:00+09:00,,,2026-10-26T10:23:00+09:00,2026-10-31T11:50:00+09:00,2026-11-02T11:50:00+09:00,,ADVANCED,APPLICATION_EVIDENCE_CANDIDATE,,SYNTHETIC_HUMAN_SCENARIO,"{""eligibility_ref"":""EL_APP0107"",""eligibility_state"":""UNKNOWN"",""experience_refs"":[""XP_APP0107_01"",""XP_APP0107_02""],""failed_requirements"":[],""human_rationale"":""동일 경험 안의 구체적 자기기술과 개인 역할을 후속 직접검증 대상으로 확인했다. UNKNOWN 자격은 미확인 상태로 보존한다."",""observation_refs"":[""OB_DOCUMENT_SCREEN_PANEL_01_RECRUITER_EV_XP_APP0107_01_BUILD_M1_SKILL_03"",""OB_DOCUMENT_SCREEN_PANEL_01_RECRUITER_EV_XP_APP0107_01_VALIDATE_M1_SKILL_03"",""OB_DOCUMENT_SCREEN_PANEL_01_RECRUITER_EV_XP_APP0107_02_BUILD_M1_SKILL_03""],""qualifying_experience_refs"":[""XP_APP0107_01""],""skill_sufficiency_assessed"":false}"
APP0173_DOCUMENT_SCREEN,APP0173,C0173,DOCUMENT_SCREEN,2026-10-26T10:43:00+09:00,,,2026-10-26T10:43:00+09:00,2026-10-29T12:05:00+09:00,2026-10-31T12:05:00+09:00,,CLOSED,INSUFFICIENT_APPLICATION_EVIDENCE,,SYNTHETIC_HUMAN_SCENARIO,"{""eligibility_ref"":""EL_APP0173"",""eligibility_state"":""PASS"",""experience_refs"":[""XP_APP0173_01""],""failed_requirements"":[],""human_rationale"":""현재 제출된 지원서에서 다음 직접검증 단계로 진행할 충분한 직무 관련 Evidence Candidate를 확인하지 못했다. Skill 또는 능력 부족 판정이 아니다."",""observation_refs"":[],""qualifying_experience_refs"":[],""skill_sufficiency_assessed"":false}"
APP0219_DOCUMENT_SCREEN,APP0219,C0219,DOCUMENT_SCREEN,2026-10-26T11:41:00+09:00,,,2026-10-26T11:41:00+09:00,2026-10-29T12:20:00+09:00,2026-10-31T12:20:00+09:00,,FAILED,BASIC_REQUIREMENT_VIOLATION,,SYNTHETIC_HUMAN_SCENARIO,"{""eligibility_ref"":""EL_APP0219"",""eligibility_state"":""FAIL"",""experience_refs"":[""XP_APP0219_01"",""XP_APP0219_02""],""explicit_violation_ref"":[""EL_APP0219#language""],""failed_requirements"":[""language""],""human_rationale"":""공개 자격 구조를 합성 일정에 적용한 명시적 미충족으로 이번 지원을 종료한다."",""observation_refs"":[""OB_DOCUMENT_SCREEN_PANEL_01_RECRUITER_EV_XP_APP0219_01_VALIDATE_M1_SKILL_03"",""OB_DOCUMENT_SCREEN_PANEL_01_RECRUITER_EV_XP_APP0219_02_BUILD_M1_SKILL_03"",""OB_DOCUMENT_SCREEN_PANEL_01_RECRUITER_EV_XP_APP0219_02_VALIDATE_M1_SKILL_03""],""public_requirement_ref"":""KIA-02-REPOST"",""qualifying_experience_refs"":[""XP_APP0219_02""],""skill_sufficiency_assessed"":false}"
APP0189_DOCUMENT_SCREEN,APP0189,C0189,DOCUMENT_SCREEN,2026-10-26T14:23:00+09:00,,,2026-10-26T14:23:00+09:00,2026-11-01T14:38:00+09:00,2026-11-05T14:38:00+09:00,,ADVANCED,APPLICATION_EVIDENCE_CANDIDATE,,SYNTHETIC_HUMAN_SCENARIO,"{""eligibility_ref"":""EL_APP0189"",""eligibility_state"":""PASS"",""experience_refs"":[""XP_APP0189_01"",""XP_APP0189_02""],""failed_requirements"":[],""human_rationale"":""동일 경험 안의 구체적 자기기술과 개인 역할을 후속 직접검증 대상으로 확인했다. UNKNOWN 자격은 미확인 상태로 보존한다."",""observation_refs"":[""OB_DOCUMENT_SCREEN_PANEL_01_RECRUITER_EV_XP_APP0189_01_BUILD_M1_SKILL_03"",""OB_DOCUMENT_SCREEN_PANEL_01_RECRUITER_EV_XP_APP0189_01_VALIDATE_M1_SKILL_03"",""OB_DOCUMENT_SCREEN_PANEL_01_RECRUITER_EV_XP_APP0189_02_BUILD_M1_SKILL_03"",""OB_DOCUMENT_SCREEN_PANEL_01_RECRUITER_EV_XP_APP0189_02_PROBLEM_M1_SKILL_01""],""qualifying_experience_refs"":[""XP_APP0189_01"",""XP_APP0189_02""],""skill_sufficiency_assessed"":false}"
APP0115_DOCUMENT_SCREEN,APP0115,C0115,DOCUMENT_SCREEN,2026-10-26T14:24:00+09:00,,,2026-10-26T14:24:00+09:00,2026-11-04T14:44:00+09:00,2026-11-08T14:44:00+09:00,,CLOSED,INSUFFICIENT_APPLICATION_EVIDENCE,,SYNTHETIC_HUMAN_SCENARIO,"{""eligibility_ref"":""EL_APP0115"",""eligibility_state"":""UNKNOWN"",""experience_refs"":[""XP_APP0115_01""],""failed_requirements"":[],""human_rationale"":""현재 제출된 지원서에서 다음 직접검증 단계로 진행할 충분한 직무 관련 Evidence Candidate를 확인하지 못했다. Skill 또는 능력 부족 판정이 아니다."",""observation_refs"":[""OB_DOCUMENT_SCREEN_PANEL_01_RECRUITER_EV_XP_APP0115_01_VALIDATE_M1_SKILL_03""],""qualifying_experience_refs"":[],""skill_sufficiency_assessed"":false}"
APP0157_DOCUMENT_SCREEN,APP0157,C0157,DOCUMENT_SCREEN,2026-10-26T14:37:00+09:00,,,2026-10-26T14:37:00+09:00,2026-11-02T15:57:00+09:00,2026-11-04T15:57:00+09:00,,CLOSED,INSUFFICIENT_APPLICATION_EVIDENCE,,SYNTHETIC_HUMAN_SCENARIO,"{""eligibility_ref"":""EL_APP0157"",""eligibility_state"":""PASS"",""experience_refs"":[""XP_APP0157_01""],""failed_requirements"":[],""human_rationale"":""현재 제출된 지원서에서 다음 직접검증 단계로 진행할 충분한 직무 관련 Evidence Candidate를 확인하지 못했다. Skill 또는 능력 부족 판정이 아니다."",""observation_refs"":[""OB_DOCUMENT_SCREEN_PANEL_01_RECRUITER_EV_XP_APP0157_01_PROBLEM_M1_SKILL_01""],""qualifying_experience_refs"":[],""skill_sufficiency_assessed"":false}"
APP0222_DOCUMENT_SCREEN,APP0222,C0222,DOCUMENT_SCREEN,2026-10-26T14:55:00+09:00,,,2026-10-26T14:55:00+09:00,2026-11-01T15:20:00+09:00,2026-11-03T15:20:00+09:00,,ADVANCED,APPLICATION_EVIDENCE_CANDIDATE,,SYNTHETIC_HUMAN_SCENARIO,"{""eligibility_ref"":""EL_APP0222"",""eligibility_state"":""UNKNOWN"",""experience_refs"":[""XP_APP0222_01""],""failed_requirements"":[],""human_rationale"":""동일 경험 안의 구체적 자기기술과 개인 역할을 후속 직접검증 대상으로 확인했다. UNKNOWN 자격은 미확인 상태로 보존한다."",""observation_refs"":[""OB_DOCUMENT_SCREEN_PANEL_01_RECRUITER_EV_XP_APP0222_01_BUILD_M1_SKILL_03"",""OB_DOCUMENT_SCREEN_PANEL_01_RECRUITER_EV_XP_APP0222_01_VALIDATE_M1_SKILL_03""],""qualifying_experience_refs"":[""XP_APP0222_01""],""skill_sufficiency_assessed"":false}"
APP0203_DOCUMENT_SCREEN,APP0203,C0203,DOCUMENT_SCREEN,2026-10-26T16:39:00+09:00,,,2026-10-26T16:39:00+09:00,2026-11-05T16:59:00+09:00,2026-11-09T16:59:00+09:00,,CLOSED,INSUFFICIENT_APPLICATION_EVIDENCE,,SYNTHETIC_HUMAN_SCENARIO,"{""eligibility_ref"":""EL_APP0203"",""eligibility_state"":""UNKNOWN"",""experience_refs"":[""XP_APP0203_01""],""failed_requirements"":[],""human_rationale"":""현재 제출된 지원서에서 다음 직접검증 단계로 진행할 충분한 직무 관련 Evidence Candidate를 확인하지 못했다. Skill 또는 능력 부족 판정이 아니다."",""observation_refs"":[""OB_DOCUMENT_SCREEN_PANEL_01_RECRUITER_EV_XP_APP0203_01_VALIDATE_M1_SKILL_03""],""qualifying_experience_refs"":[],""skill_sufficiency_assessed"":false}"
APP0175_DOCUMENT_SCREEN,APP0175,C0175,DOCUMENT_SCREEN,2026-10-27T09:13:00+09:00,,,2026-10-27T09:13:00+09:00,2026-10-30T09:50:00+09:00,2026-10-31T09:50:00+09:00,,CLOSED,INSUFFICIENT_APPLICATION_EVIDENCE,,SYNTHETIC_HUMAN_SCENARIO,"{""eligibility_ref"":""EL_APP0175"",""eligibility_state"":""UNKNOWN"",""experience_refs"":[""XP_APP0175_01"",""XP_APP0175_02""],""failed_requirements"":[],""human_rationale"":""현재 제출된 지원서에서 다음 직접검증 단계로 진행할 충분한 직무 관련 Evidence Candidate를 확인하지 못했다. Skill 또는 능력 부족 판정이 아니다."",""observation_refs"":[""OB_DOCUMENT_SCREEN_PANEL_01_RECRUITER_EV_XP_APP0175_01_BUILD_M1_SKILL_03"",""OB_DOCUMENT_SCREEN_PANEL_01_RECRUITER_EV_XP_APP0175_02_PROBLEM_M1_SKILL_01""],""qualifying_experience_refs"":[],""skill_sufficiency_assessed"":false}"
APP0239_DOCUMENT_SCREEN,APP0239,C0239,DOCUMENT_SCREEN,2026-10-27T10:16:00+09:00,,,2026-10-27T10:16:00+09:00,2026-11-04T10:31:00+09:00,2026-11-08T10:31:00+09:00,,CLOSED,INSUFFICIENT_APPLICATION_EVIDENCE,,SYNTHETIC_HUMAN_SCENARIO,"{""eligibility_ref"":""EL_APP0239"",""eligibility_state"":""UNKNOWN"",""experience_refs"":[""XP_APP0239_01""],""failed_requirements"":[],""human_rationale"":""현재 제출된 지원서에서 다음 직접검증 단계로 진행할 충분한 직무 관련 Evidence Candidate를 확인하지 못했다. Skill 또는 능력 부족 판정이 아니다."",""observation_refs"":[""OB_DOCUMENT_SCREEN_PANEL_01_RECRUITER_EV_XP_APP0239_01_PROBLEM_M1_SKILL_01""],""qualifying_experience_refs"":[],""skill_sufficiency_assessed"":false}"
APP0247_DOCUMENT_SCREEN,APP0247,C0247,DOCUMENT_SCREEN,2026-10-27T10:35:00+09:00,,,2026-10-27T10:35:00+09:00,2026-11-04T11:00:00+09:00,2026-11-08T11:00:00+09:00,,FAILED,BASIC_REQUIREMENT_VIOLATION,,SYNTHETIC_HUMAN_SCENARIO,"{""eligibility_ref"":""EL_APP0247"",""eligibility_state"":""FAIL"",""experience_refs"":[""XP_APP0247_01"",""XP_APP0247_02""],""explicit_violation_ref"":[""EL_APP0247#degree""],""failed_requirements"":[""degree""],""human_rationale"":""공개 자격 구조를 합성 일정에 적용한 명시적 미충족으로 이번 지원을 종료한다."",""observation_refs"":[""OB_DOCUMENT_SCREEN_PANEL_01_RECRUITER_EV_XP_APP0247_01_BUILD_M1_SKILL_03"",""OB_DOCUMENT_SCREEN_PANEL_01_RECRUITER_EV_XP_APP0247_02_VALIDATE_M1_SKILL_03""],""public_requirement_ref"":""KIA-02-REPOST"",""qualifying_experience_refs"":[],""skill_sufficiency_assessed"":false}"
APP0177_DOCUMENT_SCREEN,APP0177,C0177,DOCUMENT_SCREEN,2026-10-27T10:53:00+09:00,,,2026-10-27T10:53:00+09:00,2026-11-08T11:15:00+09:00,2026-11-09T11:15:00+09:00,,FAILED,BASIC_REQUIREMENT_VIOLATION,,SYNTHETIC_HUMAN_SCENARIO,"{""eligibility_ref"":""EL_APP0177"",""eligibility_state"":""FAIL"",""experience_refs"":[""XP_APP0177_01"",""XP_APP0177_02""],""explicit_violation_ref"":[""EL_APP0177#travel_visa""],""failed_requirements"":[""travel_visa""],""human_rationale"":""공개 자격 구조를 합성 일정에 적용한 명시적 미충족으로 이번 지원을 종료한다."",""observation_refs"":[""OB_DOCUMENT_SCREEN_PANEL_01_RECRUITER_EV_XP_APP0177_02_BUILD_M1_SKILL_03"",""OB_DOCUMENT_SCREEN_PANEL_01_RECRUITER_EV_XP_APP0177_02_PROBLEM_M1_SKILL_01"",""OB_DOCUMENT_SCREEN_PANEL_01_RECRUITER_EV_XP_APP0177_02_VALIDATE_M1_SKILL_03""],""public_requirement_ref"":""KIA-02-REPOST"",""qualifying_experience_refs"":[""XP_APP0177_02""],""skill_sufficiency_assessed"":false}"
APP0140_DOCUMENT_SCREEN,APP0140,C0140,DOCUMENT_SCREEN,2026-10-27T11:06:00+09:00,,,2026-10-27T11:06:00+09:00,2026-11-05T11:40:00+09:00,2026-11-09T11:40:00+09:00,,CLOSED,INSUFFICIENT_APPLICATION_EVIDENCE,,SYNTHETIC_HUMAN_SCENARIO,"{""eligibility_ref"":""EL_APP0140"",""eligibility_state"":""UNKNOWN"",""experience_refs"":[""XP_APP0140_01""],""failed_requirements"":[],""human_rationale"":""현재 제출된 지원서에서 다음 직접검증 단계로 진행할 충분한 직무 관련 Evidence Candidate를 확인하지 못했다. Skill 또는 능력 부족 판정이 아니다."",""observation_refs"":[""OB_DOCUMENT_SCREEN_PANEL_01_RECRUITER_EV_XP_APP0140_01_BUILD_M1_SKILL_03"",""OB_DOCUMENT_SCREEN_PANEL_01_RECRUITER_EV_XP_APP0140_01_VALIDATE_M1_SKILL_03""],""qualifying_experience_refs"":[],""skill_sufficiency_assessed"":false}"
APP0251_DOCUMENT_SCREEN,APP0251,C0251,DOCUMENT_SCREEN,2026-10-27T11:08:00+09:00,,,2026-10-27T11:08:00+09:00,2026-11-01T11:28:00+09:00,2026-11-02T11:28:00+09:00,,FAILED,BASIC_REQUIREMENT_VIOLATION,,SYNTHETIC_HUMAN_SCENARIO,"{""eligibility_ref"":""EL_APP0251"",""eligibility_state"":""FAIL"",""experience_refs"":[""XP_APP0251_01""],""explicit_violation_ref"":[""EL_APP0251#degree""],""failed_requirements"":[""degree""],""human_rationale"":""공개 자격 구조를 합성 일정에 적용한 명시적 미충족으로 이번 지원을 종료한다."",""observation_refs"":[""OB_DOCUMENT_SCREEN_PANEL_01_RECRUITER_EV_XP_APP0251_01_PROBLEM_M1_SKILL_01"",""OB_DOCUMENT_SCREEN_PANEL_01_RECRUITER_EV_XP_APP0251_01_VALIDATE_M1_SKILL_03""],""public_requirement_ref"":""KIA-02-REPOST"",""qualifying_experience_refs"":[],""skill_sufficiency_assessed"":false}"
APP0241_DOCUMENT_SCREEN,APP0241,C0241,DOCUMENT_SCREEN,2026-10-27T11:43:00+09:00,,,2026-10-27T11:43:00+09:00,2026-11-03T12:32:00+09:00,2026-11-03T12:32:00+09:00,,FAILED,BASIC_REQUIREMENT_VIOLATION,,SYNTHETIC_HUMAN_SCENARIO,"{""eligibility_ref"":""EL_APP0241"",""eligibility_state"":""FAIL"",""experience_refs"":[""XP_APP0241_01""],""explicit_violation_ref"":[""EL_APP0241#language""],""failed_requirements"":[""language""],""human_rationale"":""공개 자격 구조를 합성 일정에 적용한 명시적 미충족으로 이번 지원을 종료한다."",""observation_refs"":[""OB_DOCUMENT_SCREEN_PANEL_01_RECRUITER_EV_XP_APP0241_01_PROBLEM_M1_SKILL_01"",""OB_DOCUMENT_SCREEN_PANEL_01_RECRUITER_EV_XP_APP0241_01_VALIDATE_M1_SKILL_03""],""public_requirement_ref"":""KIA-02-REPOST"",""qualifying_experience_refs"":[""XP_APP0241_01""],""skill_sufficiency_assessed"":false}"
APP0240_DOCUMENT_SCREEN,APP0240,C0240,DOCUMENT_SCREEN,2026-10-27T13:08:00+09:00,,,2026-10-27T13:08:00+09:00,2026-11-06T13:33:00+09:00,2026-11-08T13:33:00+09:00,,ADVANCED,APPLICATION_EVIDENCE_CANDIDATE,,SYNTHETIC_HUMAN_SCENARIO,"{""eligibility_ref"":""EL_APP0240"",""eligibility_state"":""PASS"",""experience_refs"":[""XP_APP0240_01"",""XP_APP0240_02""],""failed_requirements"":[],""human_rationale"":""동일 경험 안의 구체적 자기기술과 개인 역할을 후속 직접검증 대상으로 확인했다. UNKNOWN 자격은 미확인 상태로 보존한다."",""observation_refs"":[""OB_DOCUMENT_SCREEN_PANEL_01_RECRUITER_EV_XP_APP0240_01_PROBLEM_M1_SKILL_01"",""OB_DOCUMENT_SCREEN_PANEL_01_RECRUITER_EV_XP_APP0240_01_VALIDATE_M1_SKILL_03"",""OB_DOCUMENT_SCREEN_PANEL_01_RECRUITER_EV_XP_APP0240_02_BUILD_M1_SKILL_03"",""OB_DOCUMENT_SCREEN_PANEL_01_RECRUITER_EV_XP_APP0240_02_PROBLEM_M1_SKILL_01""],""qualifying_experience_refs"":[""XP_APP0240_01""],""skill_sufficiency_assessed"":false}"
APP0230_DOCUMENT_SCREEN,APP0230,C0230,DOCUMENT_SCREEN,2026-10-27T13:20:00+09:00,,,2026-10-27T13:20:00+09:00,2026-11-01T13:40:00+09:00,2026-11-02T13:40:00+09:00,,FAILED,BASIC_REQUIREMENT_VIOLATION,,SYNTHETIC_HUMAN_SCENARIO,"{""eligibility_ref"":""EL_APP0230"",""eligibility_state"":""FAIL"",""experience_refs"":[""XP_APP0230_01"",""XP_APP0230_02""],""explicit_violation_ref"":[""EL_APP0230#travel_visa""],""failed_requirements"":[""travel_visa""],""human_rationale"":""공개 자격 구조를 합성 일정에 적용한 명시적 미충족으로 이번 지원을 종료한다."",""observation_refs"":[""OB_DOCUMENT_SCREEN_PANEL_01_RECRUITER_EV_XP_APP0230_01_PROBLEM_M1_SKILL_01"",""OB_DOCUMENT_SCREEN_PANEL_01_RECRUITER_EV_XP_APP0230_01_VALIDATE_M1_SKILL_03""],""public_requirement_ref"":""KIA-02-REPOST"",""qualifying_experience_refs"":[""XP_APP0230_01""],""skill_sufficiency_assessed"":false}"
APP0135_DOCUMENT_SCREEN,APP0135,C0135,DOCUMENT_SCREEN,2026-10-27T13:21:00+09:00,,,2026-10-27T13:21:00+09:00,2026-11-04T13:41:00+09:00,2026-11-04T13:41:00+09:00,,CLOSED,INSUFFICIENT_APPLICATION_EVIDENCE,,SYNTHETIC_HUMAN_SCENARIO,"{""eligibility_ref"":""EL_APP0135"",""eligibility_state"":""PASS"",""experience_refs"":[""XP_APP0135_01"",""XP_APP0135_02""],""failed_requirements"":[],""human_rationale"":""현재 제출된 지원서에서 다음 직접검증 단계로 진행할 충분한 직무 관련 Evidence Candidate를 확인하지 못했다. Skill 또는 능력 부족 판정이 아니다."",""observation_refs"":[""OB_DOCUMENT_SCREEN_PANEL_01_RECRUITER_EV_XP_APP0135_01_VALIDATE_M1_SKILL_03"",""OB_DOCUMENT_SCREEN_PANEL_01_RECRUITER_EV_XP_APP0135_02_VALIDATE_M1_SKILL_03""],""qualifying_experience_refs"":[],""skill_sufficiency_assessed"":false}"
APP0217_DOCUMENT_SCREEN,APP0217,C0217,DOCUMENT_SCREEN,2026-10-27T14:22:00+09:00,,,2026-10-27T14:22:00+09:00,2026-11-02T14:42:00+09:00,2026-11-03T14:42:00+09:00,,CLOSED,INSUFFICIENT_APPLICATION_EVIDENCE,,SYNTHETIC_HUMAN_SCENARIO,"{""eligibility_ref"":""EL_APP0217"",""eligibility_state"":""UNKNOWN"",""experience_refs"":[""XP_APP0217_01""],""failed_requirements"":[],""human_rationale"":""현재 제출된 지원서에서 다음 직접검증 단계로 진행할 충분한 직무 관련 Evidence Candidate를 확인하지 못했다. Skill 또는 능력 부족 판정이 아니다."",""observation_refs"":[""OB_DOCUMENT_SCREEN_PANEL_01_RECRUITER_EV_XP_APP0217_01_BUILD_M1_SKILL_03"",""OB_DOCUMENT_SCREEN_PANEL_01_RECRUITER_EV_XP_APP0217_01_PROBLEM_M1_SKILL_01"",""OB_DOCUMENT_SCREEN_PANEL_01_RECRUITER_EV_XP_APP0217_01_VALIDATE_M1_SKILL_03""],""qualifying_experience_refs"":[],""skill_sufficiency_assessed"":false}"
APP0179_DOCUMENT_SCREEN,APP0179,C0179,DOCUMENT_SCREEN,2026-10-27T14:37:00+09:00,,,2026-10-27T14:37:00+09:00,2026-11-03T14:52:00+09:00,2026-11-07T14:52:00+09:00,,FAILED,BASIC_REQUIREMENT_VIOLATION,,SYNTHETIC_HUMAN_SCENARIO,"{""eligibility_ref"":""EL_APP0179"",""eligibility_state"":""FAIL"",""experience_refs"":[""XP_APP0179_01"",""XP_APP0179_02""],""explicit_violation_ref"":[""EL_APP0179#language""],""failed_requirements"":[""language""],""human_rationale"":""공개 자격 구조를 합성 일정에 적용한 명시적 미충족으로 이번 지원을 종료한다."",""observation_refs"":[""OB_DOCUMENT_SCREEN_PANEL_01_RECRUITER_EV_XP_APP0179_01_PROBLEM_M1_SKILL_01"",""OB_DOCUMENT_SCREEN_PANEL_01_RECRUITER_EV_XP_APP0179_02_VALIDATE_M1_SKILL_03""],""public_requirement_ref"":""KIA-02-REPOST"",""qualifying_experience_refs"":[],""skill_sufficiency_assessed"":false}"
APP0130_DOCUMENT_SCREEN,APP0130,C0130,DOCUMENT_SCREEN,2026-10-27T14:41:00+09:00,,,2026-10-27T14:41:00+09:00,2026-10-30T15:01:00+09:00,2026-11-03T15:01:00+09:00,,ADVANCED,APPLICATION_EVIDENCE_CANDIDATE,,SYNTHETIC_HUMAN_SCENARIO,"{""eligibility_ref"":""EL_APP0130"",""eligibility_state"":""UNKNOWN"",""experience_refs"":[""XP_APP0130_01"",""XP_APP0130_02""],""failed_requirements"":[],""human_rationale"":""동일 경험 안의 구체적 자기기술과 개인 역할을 후속 직접검증 대상으로 확인했다. UNKNOWN 자격은 미확인 상태로 보존한다."",""observation_refs"":[""OB_DOCUMENT_SCREEN_PANEL_01_RECRUITER_EV_XP_APP0130_01_PROBLEM_M1_SKILL_01"",""OB_DOCUMENT_SCREEN_PANEL_01_RECRUITER_EV_XP_APP0130_02_BUILD_M1_SKILL_03"",""OB_DOCUMENT_SCREEN_PANEL_01_RECRUITER_EV_XP_APP0130_02_PROBLEM_M1_SKILL_01""],""qualifying_experience_refs"":[""XP_APP0130_02""],""skill_sufficiency_assessed"":false}"
APP0243_DOCUMENT_SCREEN,APP0243,C0243,DOCUMENT_SCREEN,2026-10-27T15:13:00+09:00,,,2026-10-27T15:13:00+09:00,2026-11-01T15:34:00+09:00,2026-11-05T15:34:00+09:00,,CLOSED,INSUFFICIENT_APPLICATION_EVIDENCE,,SYNTHETIC_HUMAN_SCENARIO,"{""eligibility_ref"":""EL_APP0243"",""eligibility_state"":""PASS"",""experience_refs"":[""XP_APP0243_01""],""failed_requirements"":[],""human_rationale"":""현재 제출된 지원서에서 다음 직접검증 단계로 진행할 충분한 직무 관련 Evidence Candidate를 확인하지 못했다. Skill 또는 능력 부족 판정이 아니다."",""observation_refs"":[],""qualifying_experience_refs"":[],""skill_sufficiency_assessed"":false}"
APP0227_DOCUMENT_SCREEN,APP0227,C0227,DOCUMENT_SCREEN,2026-10-27T15:46:00+09:00,,,2026-10-27T15:46:00+09:00,2026-11-01T16:06:00+09:00,2026-11-01T16:06:00+09:00,,CLOSED,INSUFFICIENT_APPLICATION_EVIDENCE,,SYNTHETIC_HUMAN_SCENARIO,"{""eligibility_ref"":""EL_APP0227"",""eligibility_state"":""UNKNOWN"",""experience_refs"":[""XP_APP0227_01"",""XP_APP0227_02""],""failed_requirements"":[],""human_rationale"":""현재 제출된 지원서에서 다음 직접검증 단계로 진행할 충분한 직무 관련 Evidence Candidate를 확인하지 못했다. Skill 또는 능력 부족 판정이 아니다."",""observation_refs"":[""OB_DOCUMENT_SCREEN_PANEL_01_RECRUITER_EV_XP_APP0227_01_BUILD_M1_SKILL_03""],""qualifying_experience_refs"":[],""skill_sufficiency_assessed"":false}"
APP0176_DOCUMENT_SCREEN,APP0176,C0176,DOCUMENT_SCREEN,2026-10-27T15:49:00+09:00,,,2026-10-27T15:49:00+09:00,2026-11-01T16:21:00+09:00,2026-11-01T16:21:00+09:00,,CLOSED,INSUFFICIENT_APPLICATION_EVIDENCE,,SYNTHETIC_HUMAN_SCENARIO,"{""eligibility_ref"":""EL_APP0176"",""eligibility_state"":""UNKNOWN"",""experience_refs"":[""XP_APP0176_01"",""XP_APP0176_02""],""failed_requirements"":[],""human_rationale"":""현재 제출된 지원서에서 다음 직접검증 단계로 진행할 충분한 직무 관련 Evidence Candidate를 확인하지 못했다. Skill 또는 능력 부족 판정이 아니다."",""observation_refs"":[""OB_DOCUMENT_SCREEN_PANEL_01_RECRUITER_EV_XP_APP0176_01_BUILD_M1_SKILL_03"",""OB_DOCUMENT_SCREEN_PANEL_01_RECRUITER_EV_XP_APP0176_01_PROBLEM_M1_SKILL_01"",""OB_DOCUMENT_SCREEN_PANEL_01_RECRUITER_EV_XP_APP0176_02_VALIDATE_M1_SKILL_03""],""qualifying_experience_refs"":[],""skill_sufficiency_assessed"":false}"
APP0213_DOCUMENT_SCREEN,APP0213,C0213,DOCUMENT_SCREEN,2026-10-27T16:20:00+09:00,,,2026-10-27T16:20:00+09:00,2026-11-03T16:35:00+09:00,2026-11-03T16:35:00+09:00,,CLOSED,INSUFFICIENT_APPLICATION_EVIDENCE,,SYNTHETIC_HUMAN_SCENARIO,"{""eligibility_ref"":""EL_APP0213"",""eligibility_state"":""UNKNOWN"",""experience_refs"":[""XP_APP0213_01""],""failed_requirements"":[],""human_rationale"":""현재 제출된 지원서에서 다음 직접검증 단계로 진행할 충분한 직무 관련 Evidence Candidate를 확인하지 못했다. Skill 또는 능력 부족 판정이 아니다."",""observation_refs"":[""OB_DOCUMENT_SCREEN_PANEL_01_RECRUITER_EV_XP_APP0213_01_VALIDATE_M1_SKILL_03""],""qualifying_experience_refs"":[],""skill_sufficiency_assessed"":false}"
APP0215_DOCUMENT_SCREEN,APP0215,C0215,DOCUMENT_SCREEN,2026-10-27T16:23:00+09:00,,,2026-10-27T16:23:00+09:00,2026-11-05T16:48:00+09:00,2026-11-07T16:48:00+09:00,,CLOSED,INSUFFICIENT_APPLICATION_EVIDENCE,,SYNTHETIC_HUMAN_SCENARIO,"{""eligibility_ref"":""EL_APP0215"",""eligibility_state"":""PASS"",""experience_refs"":[""XP_APP0215_01"",""XP_APP0215_02""],""failed_requirements"":[],""human_rationale"":""현재 제출된 지원서에서 다음 직접검증 단계로 진행할 충분한 직무 관련 Evidence Candidate를 확인하지 못했다. Skill 또는 능력 부족 판정이 아니다."",""observation_refs"":[""OB_DOCUMENT_SCREEN_PANEL_01_RECRUITER_EV_XP_APP0215_01_BUILD_M1_SKILL_03"",""OB_DOCUMENT_SCREEN_PANEL_01_RECRUITER_EV_XP_APP0215_01_VALIDATE_M1_SKILL_03"",""OB_DOCUMENT_SCREEN_PANEL_01_RECRUITER_EV_XP_APP0215_02_BUILD_M1_SKILL_03""],""qualifying_experience_refs"":[],""skill_sufficiency_assessed"":false}"
APP0137_DOCUMENT_SCREEN,APP0137,C0137,DOCUMENT_SCREEN,2026-10-27T16:55:00+09:00,,,2026-10-27T16:55:00+09:00,2026-11-01T17:10:00+09:00,2026-11-03T17:10:00+09:00,,ADVANCED,APPLICATION_EVIDENCE_CANDIDATE,,SYNTHETIC_HUMAN_SCENARIO,"{""eligibility_ref"":""EL_APP0137"",""eligibility_state"":""PASS"",""experience_refs"":[""XP_APP0137_01"",""XP_APP0137_02""],""failed_requirements"":[],""human_rationale"":""동일 경험 안의 구체적 자기기술과 개인 역할을 후속 직접검증 대상으로 확인했다. UNKNOWN 자격은 미확인 상태로 보존한다."",""observation_refs"":[""OB_DOCUMENT_SCREEN_PANEL_01_RECRUITER_EV_XP_APP0137_01_BUILD_M1_SKILL_03"",""OB_DOCUMENT_SCREEN_PANEL_01_RECRUITER_EV_XP_APP0137_01_PROBLEM_M1_SKILL_01"",""OB_DOCUMENT_SCREEN_PANEL_01_RECRUITER_EV_XP_APP0137_01_VALIDATE_M1_SKILL_03""],""qualifying_experience_refs"":[""XP_APP0137_01""],""skill_sufficiency_assessed"":false}"
APP0146_DOCUMENT_SCREEN,APP0146,C0146,DOCUMENT_SCREEN,2026-10-28T09:56:00+09:00,,,2026-10-28T09:56:00+09:00,2026-10-31T10:26:00+09:00,2026-11-04T10:26:00+09:00,,FAILED,BASIC_REQUIREMENT_VIOLATION,,SYNTHETIC_HUMAN_SCENARIO,"{""eligibility_ref"":""EL_APP0146"",""eligibility_state"":""FAIL"",""experience_refs"":[""XP_APP0146_01""],""explicit_violation_ref"":[""EL_APP0146#military""],""failed_requirements"":[""military""],""human_rationale"":""공개 자격 구조를 합성 일정에 적용한 명시적 미충족으로 이번 지원을 종료한다."",""observation_refs"":[""OB_DOCUMENT_SCREEN_PANEL_01_RECRUITER_EV_XP_APP0146_01_BUILD_M1_SKILL_03"",""OB_DOCUMENT_SCREEN_PANEL_01_RECRUITER_EV_XP_APP0146_01_PROBLEM_M1_SKILL_01""],""public_requirement_ref"":""KIA-02-REPOST"",""qualifying_experience_refs"":[""XP_APP0146_01""],""skill_sufficiency_assessed"":false}"
APP0223_DOCUMENT_SCREEN,APP0223,C0223,DOCUMENT_SCREEN,2026-10-28T09:56:00+09:00,,,2026-10-28T09:56:00+09:00,2026-11-02T10:46:00+09:00,2026-11-04T10:46:00+09:00,,ADVANCED,APPLICATION_EVIDENCE_CANDIDATE,,SYNTHETIC_HUMAN_SCENARIO,"{""eligibility_ref"":""EL_APP0223"",""eligibility_state"":""UNKNOWN"",""experience_refs"":[""XP_APP0223_01"",""XP_APP0223_02""],""failed_requirements"":[],""human_rationale"":""동일 경험 안의 구체적 자기기술과 개인 역할을 후속 직접검증 대상으로 확인했다. UNKNOWN 자격은 미확인 상태로 보존한다."",""observation_refs"":[""OB_DOCUMENT_SCREEN_PANEL_01_RECRUITER_EV_XP_APP0223_01_BUILD_M1_SKILL_03"",""OB_DOCUMENT_SCREEN_PANEL_01_RECRUITER_EV_XP_APP0223_01_PROBLEM_M1_SKILL_01"",""OB_DOCUMENT_SCREEN_PANEL_01_RECRUITER_EV_XP_APP0223_02_BUILD_M1_SKILL_03"",""OB_DOCUMENT_SCREEN_PANEL_01_RECRUITER_EV_XP_APP0223_02_VALIDATE_M1_SKILL_03""],""qualifying_experience_refs"":[""XP_APP0223_01"",""XP_APP0223_02""],""skill_sufficiency_assessed"":false}"
APP0248_DOCUMENT_SCREEN,APP0248,C0248,DOCUMENT_SCREEN,2026-10-28T12:12:00+09:00,,,2026-10-28T12:12:00+09:00,2026-11-04T12:32:00+09:00,2026-11-04T12:32:00+09:00,,CLOSED,INSUFFICIENT_APPLICATION_EVIDENCE,,SYNTHETIC_HUMAN_SCENARIO,"{""eligibility_ref"":""EL_APP0248"",""eligibility_state"":""PASS"",""experience_refs"":[""XP_APP0248_01"",""XP_APP0248_02""],""failed_requirements"":[],""human_rationale"":""현재 제출된 지원서에서 다음 직접검증 단계로 진행할 충분한 직무 관련 Evidence Candidate를 확인하지 못했다. Skill 또는 능력 부족 판정이 아니다."",""observation_refs"":[""OB_DOCUMENT_SCREEN_PANEL_01_RECRUITER_EV_XP_APP0248_01_BUILD_M1_SKILL_03"",""OB_DOCUMENT_SCREEN_PANEL_01_RECRUITER_EV_XP_APP0248_01_VALIDATE_M1_SKILL_03"",""OB_DOCUMENT_SCREEN_PANEL_01_RECRUITER_EV_XP_APP0248_02_VALIDATE_M1_SKILL_03""],""qualifying_experience_refs"":[],""skill_sufficiency_assessed"":false}"
APP0263_DOCUMENT_SCREEN,APP0263,C0263,DOCUMENT_SCREEN,2026-10-28T12:46:00+09:00,,,2026-10-28T12:46:00+09:00,2026-11-02T13:11:00+09:00,2026-11-04T13:11:00+09:00,,FAILED,BASIC_REQUIREMENT_VIOLATION,,SYNTHETIC_HUMAN_SCENARIO,"{""eligibility_ref"":""EL_APP0263"",""eligibility_state"":""FAIL"",""experience_refs"":[""XP_APP0263_01""],""explicit_violation_ref"":[""EL_APP0263#travel_visa""],""failed_requirements"":[""travel_visa""],""human_rationale"":""공개 자격 구조를 합성 일정에 적용한 명시적 미충족으로 이번 지원을 종료한다."",""observation_refs"":[""OB_DOCUMENT_SCREEN_PANEL_01_RECRUITER_EV_XP_APP0263_01_PROBLEM_M1_SKILL_01""],""public_requirement_ref"":""KIA-02-REPOST"",""qualifying_experience_refs"":[],""skill_sufficiency_assessed"":false}"
APP0152_DOCUMENT_SCREEN,APP0152,C0152,DOCUMENT_SCREEN,2026-10-28T13:18:00+09:00,,,2026-10-28T13:18:00+09:00,2026-11-01T13:43:00+09:00,2026-11-02T13:43:00+09:00,,CLOSED,INSUFFICIENT_APPLICATION_EVIDENCE,,SYNTHETIC_HUMAN_SCENARIO,"{""eligibility_ref"":""EL_APP0152"",""eligibility_state"":""UNKNOWN"",""experience_refs"":[""XP_APP0152_01""],""failed_requirements"":[],""human_rationale"":""현재 제출된 지원서에서 다음 직접검증 단계로 진행할 충분한 직무 관련 Evidence Candidate를 확인하지 못했다. Skill 또는 능력 부족 판정이 아니다."",""observation_refs"":[],""qualifying_experience_refs"":[],""skill_sufficiency_assessed"":false}"
APP0235_DOCUMENT_SCREEN,APP0235,C0235,DOCUMENT_SCREEN,2026-10-28T14:12:00+09:00,,,2026-10-28T14:12:00+09:00,2026-11-05T14:59:00+09:00,2026-11-09T14:59:00+09:00,,ADVANCED,APPLICATION_EVIDENCE_CANDIDATE,,SYNTHETIC_HUMAN_SCENARIO,"{""eligibility_ref"":""EL_APP0235"",""eligibility_state"":""UNKNOWN"",""experience_refs"":[""XP_APP0235_01"",""XP_APP0235_02""],""failed_requirements"":[],""human_rationale"":""동일 경험 안의 구체적 자기기술과 개인 역할을 후속 직접검증 대상으로 확인했다. UNKNOWN 자격은 미확인 상태로 보존한다."",""observation_refs"":[""OB_DOCUMENT_SCREEN_PANEL_01_RECRUITER_EV_XP_APP0235_01_BUILD_M1_SKILL_03"",""OB_DOCUMENT_SCREEN_PANEL_01_RECRUITER_EV_XP_APP0235_01_PROBLEM_M1_SKILL_01"",""OB_DOCUMENT_SCREEN_PANEL_01_RECRUITER_EV_XP_APP0235_01_VALIDATE_M1_SKILL_03""],""qualifying_experience_refs"":[""XP_APP0235_01""],""skill_sufficiency_assessed"":false}"
APP0231_DOCUMENT_SCREEN,APP0231,C0231,DOCUMENT_SCREEN,2026-10-28T14:46:00+09:00,,,2026-10-28T14:46:00+09:00,2026-11-02T15:49:00+09:00,2026-11-03T15:49:00+09:00,,FAILED,BASIC_REQUIREMENT_VIOLATION,,SYNTHETIC_HUMAN_SCENARIO,"{""eligibility_ref"":""EL_APP0231"",""eligibility_state"":""FAIL"",""experience_refs"":[""XP_APP0231_01"",""XP_APP0231_02""],""explicit_violation_ref"":[""EL_APP0231#degree""],""failed_requirements"":[""degree""],""human_rationale"":""공개 자격 구조를 합성 일정에 적용한 명시적 미충족으로 이번 지원을 종료한다."",""observation_refs"":[""OB_DOCUMENT_SCREEN_PANEL_01_RECRUITER_EV_XP_APP0231_02_PROBLEM_M1_SKILL_01""],""public_requirement_ref"":""KIA-02-REPOST"",""qualifying_experience_refs"":[],""skill_sufficiency_assessed"":false}"
APP0228_DOCUMENT_SCREEN,APP0228,C0228,DOCUMENT_SCREEN,2026-10-28T15:29:00+09:00,,,2026-10-28T15:29:00+09:00,2026-11-02T16:09:00+09:00,2026-11-03T16:09:00+09:00,,ADVANCED,APPLICATION_EVIDENCE_CANDIDATE,,SYNTHETIC_HUMAN_SCENARIO,"{""eligibility_ref"":""EL_APP0228"",""eligibility_state"":""PASS"",""experience_refs"":[""XP_APP0228_01"",""XP_APP0228_02""],""failed_requirements"":[],""human_rationale"":""동일 경험 안의 구체적 자기기술과 개인 역할을 후속 직접검증 대상으로 확인했다. UNKNOWN 자격은 미확인 상태로 보존한다."",""observation_refs"":[""OB_DOCUMENT_SCREEN_PANEL_01_RECRUITER_EV_XP_APP0228_01_BUILD_M1_SKILL_03"",""OB_DOCUMENT_SCREEN_PANEL_01_RECRUITER_EV_XP_APP0228_01_VALIDATE_M1_SKILL_03"",""OB_DOCUMENT_SCREEN_PANEL_01_RECRUITER_EV_XP_APP0228_02_BUILD_M1_SKILL_03"",""OB_DOCUMENT_SCREEN_PANEL_01_RECRUITER_EV_XP_APP0228_02_VALIDATE_M1_SKILL_03""],""qualifying_experience_refs"":[""XP_APP0228_01""],""skill_sufficiency_assessed"":false}"
APP0148_DOCUMENT_SCREEN,APP0148,C0148,DOCUMENT_SCREEN,2026-10-28T15:49:00+09:00,,,2026-10-28T15:49:00+09:00,2026-11-04T16:14:00+09:00,2026-11-04T16:14:00+09:00,,FAILED,BASIC_REQUIREMENT_VIOLATION,,SYNTHETIC_HUMAN_SCENARIO,"{""eligibility_ref"":""EL_APP0148"",""eligibility_state"":""FAIL"",""experience_refs"":[""XP_APP0148_01"",""XP_APP0148_02""],""explicit_violation_ref"":[""EL_APP0148#language""],""failed_requirements"":[""language""],""human_rationale"":""공개 자격 구조를 합성 일정에 적용한 명시적 미충족으로 이번 지원을 종료한다."",""observation_refs"":[],""public_requirement_ref"":""KIA-02-REPOST"",""qualifying_experience_refs"":[],""skill_sufficiency_assessed"":false}"
APP0249_DOCUMENT_SCREEN,APP0249,C0249,DOCUMENT_SCREEN,2026-10-28T15:59:00+09:00,,,2026-10-28T15:59:00+09:00,2026-11-06T16:24:00+09:00,2026-11-07T16:24:00+09:00,,ADVANCED,APPLICATION_EVIDENCE_CANDIDATE,,SYNTHETIC_HUMAN_SCENARIO,"{""eligibility_ref"":""EL_APP0249"",""eligibility_state"":""UNKNOWN"",""experience_refs"":[""XP_APP0249_01""],""failed_requirements"":[],""human_rationale"":""동일 경험 안의 구체적 자기기술과 개인 역할을 후속 직접검증 대상으로 확인했다. UNKNOWN 자격은 미확인 상태로 보존한다."",""observation_refs"":[""OB_DOCUMENT_SCREEN_PANEL_01_RECRUITER_EV_XP_APP0249_01_BUILD_M1_SKILL_03"",""OB_DOCUMENT_SCREEN_PANEL_01_RECRUITER_EV_XP_APP0249_01_PROBLEM_M1_SKILL_01"",""OB_DOCUMENT_SCREEN_PANEL_01_RECRUITER_EV_XP_APP0249_01_VALIDATE_M1_SKILL_03""],""qualifying_experience_refs"":[""XP_APP0249_01""],""skill_sufficiency_assessed"":false}"
APP0229_DOCUMENT_SCREEN,APP0229,C0229,DOCUMENT_SCREEN,2026-10-28T16:14:00+09:00,,,2026-10-28T16:14:00+09:00,2026-11-05T16:34:00+09:00,2026-11-06T16:34:00+09:00,,FAILED,BASIC_REQUIREMENT_VIOLATION,,SYNTHETIC_HUMAN_SCENARIO,"{""eligibility_ref"":""EL_APP0229"",""eligibility_state"":""FAIL"",""experience_refs"":[""XP_APP0229_01"",""XP_APP0229_02""],""explicit_violation_ref"":[""EL_APP0229#degree""],""failed_requirements"":[""degree""],""human_rationale"":""공개 자격 구조를 합성 일정에 적용한 명시적 미충족으로 이번 지원을 종료한다."",""observation_refs"":[""OB_DOCUMENT_SCREEN_PANEL_01_RECRUITER_EV_XP_APP0229_01_VALIDATE_M1_SKILL_03"",""OB_DOCUMENT_SCREEN_PANEL_01_RECRUITER_EV_XP_APP0229_02_BUILD_M1_SKILL_03""],""public_requirement_ref"":""KIA-02-REPOST"",""qualifying_experience_refs"":[],""skill_sufficiency_assessed"":false}"
APP0188_DOCUMENT_SCREEN,APP0188,C0188,DOCUMENT_SCREEN,2026-10-28T16:31:00+09:00,,,2026-10-28T16:31:00+09:00,2026-11-02T16:51:00+09:00,2026-11-02T16:51:00+09:00,,FAILED,BASIC_REQUIREMENT_VIOLATION,,SYNTHETIC_HUMAN_SCENARIO,"{""eligibility_ref"":""EL_APP0188"",""eligibility_state"":""FAIL"",""experience_refs"":[""XP_APP0188_01"",""XP_APP0188_02""],""explicit_violation_ref"":[""EL_APP0188#language""],""failed_requirements"":[""language""],""human_rationale"":""공개 자격 구조를 합성 일정에 적용한 명시적 미충족으로 이번 지원을 종료한다."",""observation_refs"":[""OB_DOCUMENT_SCREEN_PANEL_01_RECRUITER_EV_XP_APP0188_01_BUILD_M1_SKILL_03"",""OB_DOCUMENT_SCREEN_PANEL_01_RECRUITER_EV_XP_APP0188_01_PROBLEM_M1_SKILL_01"",""OB_DOCUMENT_SCREEN_PANEL_01_RECRUITER_EV_XP_APP0188_01_VALIDATE_M1_SKILL_03""],""public_requirement_ref"":""KIA-02-REPOST"",""qualifying_experience_refs"":[""XP_APP0188_01""],""skill_sufficiency_assessed"":false}"
APP0246_DOCUMENT_SCREEN,APP0246,C0246,DOCUMENT_SCREEN,2026-10-29T09:26:00+09:00,,,2026-10-29T09:26:00+09:00,2026-11-02T09:41:00+09:00,2026-11-02T09:41:00+09:00,,FAILED,BASIC_REQUIREMENT_VIOLATION,,SYNTHETIC_HUMAN_SCENARIO,"{""eligibility_ref"":""EL_APP0246"",""eligibility_state"":""FAIL"",""experience_refs"":[""XP_APP0246_01"",""XP_APP0246_02""],""explicit_violation_ref"":[""EL_APP0246#language""],""failed_requirements"":[""language""],""human_rationale"":""공개 자격 구조를 합성 일정에 적용한 명시적 미충족으로 이번 지원을 종료한다."",""observation_refs"":[""OB_DOCUMENT_SCREEN_PANEL_01_RECRUITER_EV_XP_APP0246_01_VALIDATE_M1_SKILL_03"",""OB_DOCUMENT_SCREEN_PANEL_01_RECRUITER_EV_XP_APP0246_02_BUILD_M1_SKILL_03"",""OB_DOCUMENT_SCREEN_PANEL_01_RECRUITER_EV_XP_APP0246_02_PROBLEM_M1_SKILL_01"",""OB_DOCUMENT_SCREEN_PANEL_01_RECRUITER_EV_XP_APP0246_02_VALIDATE_M1_SKILL_03""],""public_requirement_ref"":""KIA-02-REPOST"",""qualifying_experience_refs"":[],""skill_sufficiency_assessed"":false}"
APP0257_DOCUMENT_SCREEN,APP0257,C0257,DOCUMENT_SCREEN,2026-10-29T09:31:00+09:00,,,2026-10-29T09:31:00+09:00,2026-11-03T09:46:00+09:00,2026-11-07T09:46:00+09:00,,ADVANCED,APPLICATION_EVIDENCE_CANDIDATE,,SYNTHETIC_HUMAN_SCENARIO,"{""eligibility_ref"":""EL_APP0257"",""eligibility_state"":""PASS"",""experience_refs"":[""XP_APP0257_01"",""XP_APP0257_02""],""failed_requirements"":[],""human_rationale"":""동일 경험 안의 구체적 자기기술과 개인 역할을 후속 직접검증 대상으로 확인했다. UNKNOWN 자격은 미확인 상태로 보존한다."",""observation_refs"":[""OB_DOCUMENT_SCREEN_PANEL_01_RECRUITER_EV_XP_APP0257_01_BUILD_M1_SKILL_03"",""OB_DOCUMENT_SCREEN_PANEL_01_RECRUITER_EV_XP_APP0257_01_PROBLEM_M1_SKILL_01""],""qualifying_experience_refs"":[""XP_APP0257_01""],""skill_sufficiency_assessed"":false}"
APP0201_DOCUMENT_SCREEN,APP0201,C0201,DOCUMENT_SCREEN,2026-10-29T10:35:00+09:00,,,2026-10-29T10:35:00+09:00,2026-11-06T10:55:00+09:00,2026-11-06T10:55:00+09:00,,FAILED,BASIC_REQUIREMENT_VIOLATION,,SYNTHETIC_HUMAN_SCENARIO,"{""eligibility_ref"":""EL_APP0201"",""eligibility_state"":""FAIL"",""experience_refs"":[""XP_APP0201_01""],""explicit_violation_ref"":[""EL_APP0201#military""],""failed_requirements"":[""military""],""human_rationale"":""공개 자격 구조를 합성 일정에 적용한 명시적 미충족으로 이번 지원을 종료한다."",""observation_refs"":[],""public_requirement_ref"":""KIA-02-REPOST"",""qualifying_experience_refs"":[],""skill_sufficiency_assessed"":false}"
APP0267_DOCUMENT_SCREEN,APP0267,C0267,DOCUMENT_SCREEN,2026-10-29T10:37:00+09:00,,,2026-10-29T10:37:00+09:00,2026-11-04T12:00:00+09:00,2026-11-08T12:00:00+09:00,,CLOSED,INSUFFICIENT_APPLICATION_EVIDENCE,,SYNTHETIC_HUMAN_SCENARIO,"{""eligibility_ref"":""EL_APP0267"",""eligibility_state"":""PASS"",""experience_refs"":[""XP_APP0267_01""],""failed_requirements"":[],""human_rationale"":""현재 제출된 지원서에서 다음 직접검증 단계로 진행할 충분한 직무 관련 Evidence Candidate를 확인하지 못했다. Skill 또는 능력 부족 판정이 아니다."",""observation_refs"":[""OB_DOCUMENT_SCREEN_PANEL_01_RECRUITER_EV_XP_APP0267_01_PROBLEM_M1_SKILL_01"",""OB_DOCUMENT_SCREEN_PANEL_01_RECRUITER_EV_XP_APP0267_01_VALIDATE_M1_SKILL_03""],""qualifying_experience_refs"":[],""skill_sufficiency_assessed"":false}"
APP0156_DOCUMENT_SCREEN,APP0156,C0156,DOCUMENT_SCREEN,2026-10-29T11:01:00+09:00,,,2026-10-29T11:01:00+09:00,2026-11-06T12:25:00+09:00,2026-11-06T12:25:00+09:00,,FAILED,BASIC_REQUIREMENT_VIOLATION,,SYNTHETIC_HUMAN_SCENARIO,"{""eligibility_ref"":""EL_APP0156"",""eligibility_state"":""FAIL"",""experience_refs"":[""XP_APP0156_01""],""explicit_violation_ref"":[""EL_APP0156#degree""],""failed_requirements"":[""degree""],""human_rationale"":""공개 자격 구조를 합성 일정에 적용한 명시적 미충족으로 이번 지원을 종료한다."",""observation_refs"":[""OB_DOCUMENT_SCREEN_PANEL_01_RECRUITER_EV_XP_APP0156_01_PROBLEM_M1_SKILL_01""],""public_requirement_ref"":""KIA-02-REPOST"",""qualifying_experience_refs"":[],""skill_sufficiency_assessed"":false}"
APP0210_DOCUMENT_SCREEN,APP0210,C0210,DOCUMENT_SCREEN,2026-10-29T11:10:00+09:00,,,2026-10-29T11:10:00+09:00,2026-11-07T11:35:00+09:00,2026-11-09T11:35:00+09:00,,FAILED,BASIC_REQUIREMENT_VIOLATION,,SYNTHETIC_HUMAN_SCENARIO,"{""eligibility_ref"":""EL_APP0210"",""eligibility_state"":""FAIL"",""experience_refs"":[""XP_APP0210_01"",""XP_APP0210_02""],""explicit_violation_ref"":[""EL_APP0210#military""],""failed_requirements"":[""military""],""human_rationale"":""공개 자격 구조를 합성 일정에 적용한 명시적 미충족으로 이번 지원을 종료한다."",""observation_refs"":[""OB_DOCUMENT_SCREEN_PANEL_01_RECRUITER_EV_XP_APP0210_01_BUILD_M1_SKILL_03""],""public_requirement_ref"":""KIA-02-REPOST"",""qualifying_experience_refs"":[],""skill_sufficiency_assessed"":false}"
APP0278_DOCUMENT_SCREEN,APP0278,C0278,DOCUMENT_SCREEN,2026-10-29T14:10:00+09:00,,,2026-10-29T14:10:00+09:00,2026-11-04T14:35:00+09:00,2026-11-08T14:35:00+09:00,,FAILED,BASIC_REQUIREMENT_VIOLATION,,SYNTHETIC_HUMAN_SCENARIO,"{""eligibility_ref"":""EL_APP0278"",""eligibility_state"":""FAIL"",""experience_refs"":[""XP_APP0278_01"",""XP_APP0278_02""],""explicit_violation_ref"":[""EL_APP0278#degree""],""failed_requirements"":[""degree""],""human_rationale"":""공개 자격 구조를 합성 일정에 적용한 명시적 미충족으로 이번 지원을 종료한다."",""observation_refs"":[""OB_DOCUMENT_SCREEN_PANEL_01_RECRUITER_EV_XP_APP0278_01_BUILD_M1_SKILL_03"",""OB_DOCUMENT_SCREEN_PANEL_01_RECRUITER_EV_XP_APP0278_01_VALIDATE_M1_SKILL_03"",""OB_DOCUMENT_SCREEN_PANEL_01_RECRUITER_EV_XP_APP0278_02_BUILD_M1_SKILL_03"",""OB_DOCUMENT_SCREEN_PANEL_01_RECRUITER_EV_XP_APP0278_02_PROBLEM_M1_SKILL_01""],""public_requirement_ref"":""KIA-02-REPOST"",""qualifying_experience_refs"":[""XP_APP0278_01"",""XP_APP0278_02""],""skill_sufficiency_assessed"":false}"
APP0171_DOCUMENT_SCREEN,APP0171,C0171,DOCUMENT_SCREEN,2026-10-29T15:01:00+09:00,,,2026-10-29T15:01:00+09:00,2026-11-03T15:21:00+09:00,2026-11-04T15:21:00+09:00,,CLOSED,INSUFFICIENT_APPLICATION_EVIDENCE,,SYNTHETIC_HUMAN_SCENARIO,"{""eligibility_ref"":""EL_APP0171"",""eligibility_state"":""UNKNOWN"",""experience_refs"":[""XP_APP0171_01""],""failed_requirements"":[],""human_rationale"":""현재 제출된 지원서에서 다음 직접검증 단계로 진행할 충분한 직무 관련 Evidence Candidate를 확인하지 못했다. Skill 또는 능력 부족 판정이 아니다."",""observation_refs"":[""OB_DOCUMENT_SCREEN_PANEL_01_RECRUITER_EV_XP_APP0171_01_VALIDATE_M1_SKILL_03""],""qualifying_experience_refs"":[],""skill_sufficiency_assessed"":false}"
APP0253_DOCUMENT_SCREEN,APP0253,C0253,DOCUMENT_SCREEN,2026-10-29T15:46:00+09:00,,,2026-10-29T15:46:00+09:00,2026-11-02T16:01:00+09:00,2026-11-03T16:01:00+09:00,,CLOSED,INSUFFICIENT_APPLICATION_EVIDENCE,,SYNTHETIC_HUMAN_SCENARIO,"{""eligibility_ref"":""EL_APP0253"",""eligibility_state"":""UNKNOWN"",""experience_refs"":[""XP_APP0253_01"",""XP_APP0253_02""],""failed_requirements"":[],""human_rationale"":""현재 제출된 지원서에서 다음 직접검증 단계로 진행할 충분한 직무 관련 Evidence Candidate를 확인하지 못했다. Skill 또는 능력 부족 판정이 아니다."",""observation_refs"":[""OB_DOCUMENT_SCREEN_PANEL_01_RECRUITER_EV_XP_APP0253_01_BUILD_M1_SKILL_03"",""OB_DOCUMENT_SCREEN_PANEL_01_RECRUITER_EV_XP_APP0253_01_VALIDATE_M1_SKILL_03"",""OB_DOCUMENT_SCREEN_PANEL_01_RECRUITER_EV_XP_APP0253_02_BUILD_M1_SKILL_03""],""qualifying_experience_refs"":[],""skill_sufficiency_assessed"":false}"
APP0202_DOCUMENT_SCREEN,APP0202,C0202,DOCUMENT_SCREEN,2026-10-29T16:48:00+09:00,,,2026-10-29T16:48:00+09:00,2026-11-04T17:13:00+09:00,2026-11-08T17:13:00+09:00,,ADVANCED,APPLICATION_EVIDENCE_CANDIDATE,,SYNTHETIC_HUMAN_SCENARIO,"{""eligibility_ref"":""EL_APP0202"",""eligibility_state"":""UNKNOWN"",""experience_refs"":[""XP_APP0202_01"",""XP_APP0202_02""],""failed_requirements"":[],""human_rationale"":""동일 경험 안의 구체적 자기기술과 개인 역할을 후속 직접검증 대상으로 확인했다. UNKNOWN 자격은 미확인 상태로 보존한다."",""observation_refs"":[""OB_DOCUMENT_SCREEN_PANEL_01_RECRUITER_EV_XP_APP0202_01_BUILD_M1_SKILL_03"",""OB_DOCUMENT_SCREEN_PANEL_01_RECRUITER_EV_XP_APP0202_01_PROBLEM_M1_SKILL_01"",""OB_DOCUMENT_SCREEN_PANEL_01_RECRUITER_EV_XP_APP0202_01_VALIDATE_M1_SKILL_03"",""OB_DOCUMENT_SCREEN_PANEL_01_RECRUITER_EV_XP_APP0202_02_BUILD_M1_SKILL_03"",""OB_DOCUMENT_SCREEN_PANEL_01_RECRUITER_EV_XP_APP0202_02_VALIDATE_M1_SKILL_03""],""qualifying_experience_refs"":[""XP_APP0202_01""],""skill_sufficiency_assessed"":false}"
APP0232_DOCUMENT_SCREEN,APP0232,C0232,DOCUMENT_SCREEN,2026-10-30T09:25:00+09:00,,,2026-10-30T09:25:00+09:00,2026-11-03T09:40:00+09:00,2026-11-05T09:40:00+09:00,,FAILED,BASIC_REQUIREMENT_VIOLATION,,SYNTHETIC_HUMAN_SCENARIO,"{""eligibility_ref"":""EL_APP0232"",""eligibility_state"":""FAIL"",""experience_refs"":[""XP_APP0232_01"",""XP_APP0232_02""],""explicit_violation_ref"":[""EL_APP0232#language""],""failed_requirements"":[""language""],""human_rationale"":""공개 자격 구조를 합성 일정에 적용한 명시적 미충족으로 이번 지원을 종료한다."",""observation_refs"":[""OB_DOCUMENT_SCREEN_PANEL_01_RECRUITER_EV_XP_APP0232_02_BUILD_M1_SKILL_03""],""public_requirement_ref"":""KIA-02-REPOST"",""qualifying_experience_refs"":[],""skill_sufficiency_assessed"":false}"
APP0184_DOCUMENT_SCREEN,APP0184,C0184,DOCUMENT_SCREEN,2026-10-30T10:02:00+09:00,,,2026-10-30T10:02:00+09:00,2026-11-07T10:17:00+09:00,2026-11-08T10:17:00+09:00,,FAILED,BASIC_REQUIREMENT_VIOLATION,,SYNTHETIC_HUMAN_SCENARIO,"{""eligibility_ref"":""EL_APP0184"",""eligibility_state"":""FAIL"",""experience_refs"":[""XP_APP0184_01""],""explicit_violation_ref"":[""EL_APP0184#travel_visa""],""failed_requirements"":[""travel_visa""],""human_rationale"":""공개 자격 구조를 합성 일정에 적용한 명시적 미충족으로 이번 지원을 종료한다."",""observation_refs"":[""OB_DOCUMENT_SCREEN_PANEL_01_RECRUITER_EV_XP_APP0184_01_BUILD_M1_SKILL_03"",""OB_DOCUMENT_SCREEN_PANEL_01_RECRUITER_EV_XP_APP0184_01_PROBLEM_M1_SKILL_01""],""public_requirement_ref"":""KIA-02-REPOST"",""qualifying_experience_refs"":[""XP_APP0184_01""],""skill_sufficiency_assessed"":false}"
APP0225_DOCUMENT_SCREEN,APP0225,C0225,DOCUMENT_SCREEN,2026-10-30T12:27:00+09:00,,,2026-10-30T12:27:00+09:00,2026-11-07T12:52:00+09:00,2026-11-07T12:52:00+09:00,,FAILED,BASIC_REQUIREMENT_VIOLATION,,SYNTHETIC_HUMAN_SCENARIO,"{""eligibility_ref"":""EL_APP0225"",""eligibility_state"":""FAIL"",""experience_refs"":[""XP_APP0225_01""],""explicit_violation_ref"":[""EL_APP0225#travel_visa""],""failed_requirements"":[""travel_visa""],""human_rationale"":""공개 자격 구조를 합성 일정에 적용한 명시적 미충족으로 이번 지원을 종료한다."",""observation_refs"":[""OB_DOCUMENT_SCREEN_PANEL_01_RECRUITER_EV_XP_APP0225_01_BUILD_M1_SKILL_03"",""OB_DOCUMENT_SCREEN_PANEL_01_RECRUITER_EV_XP_APP0225_01_VALIDATE_M1_SKILL_03""],""public_requirement_ref"":""KIA-02-REPOST"",""qualifying_experience_refs"":[""XP_APP0225_01""],""skill_sufficiency_assessed"":false}"
APP0181_DOCUMENT_SCREEN,APP0181,C0181,DOCUMENT_SCREEN,2026-10-30T13:35:00+09:00,,,2026-10-30T13:35:00+09:00,2026-11-02T13:55:00+09:00,2026-11-04T13:55:00+09:00,,ADVANCED,APPLICATION_EVIDENCE_CANDIDATE,,SYNTHETIC_HUMAN_SCENARIO,"{""eligibility_ref"":""EL_APP0181"",""eligibility_state"":""UNKNOWN"",""experience_refs"":[""XP_APP0181_01"",""XP_APP0181_02""],""failed_requirements"":[],""human_rationale"":""동일 경험 안의 구체적 자기기술과 개인 역할을 후속 직접검증 대상으로 확인했다. UNKNOWN 자격은 미확인 상태로 보존한다."",""observation_refs"":[""OB_DOCUMENT_SCREEN_PANEL_01_RECRUITER_EV_XP_APP0181_01_VALIDATE_M1_SKILL_03"",""OB_DOCUMENT_SCREEN_PANEL_01_RECRUITER_EV_XP_APP0181_02_BUILD_M1_SKILL_03"",""OB_DOCUMENT_SCREEN_PANEL_01_RECRUITER_EV_XP_APP0181_02_VALIDATE_M1_SKILL_03""],""qualifying_experience_refs"":[""XP_APP0181_02""],""skill_sufficiency_assessed"":false}"
APP0297_DOCUMENT_SCREEN,APP0297,C0297,DOCUMENT_SCREEN,2026-10-30T14:11:00+09:00,,,2026-10-30T14:11:00+09:00,2026-11-07T14:31:00+09:00,2026-11-09T14:31:00+09:00,,ADVANCED,APPLICATION_EVIDENCE_CANDIDATE,,SYNTHETIC_HUMAN_SCENARIO,"{""eligibility_ref"":""EL_APP0297"",""eligibility_state"":""UNKNOWN"",""experience_refs"":[""XP_APP0297_01"",""XP_APP0297_02""],""failed_requirements"":[],""human_rationale"":""동일 경험 안의 구체적 자기기술과 개인 역할을 후속 직접검증 대상으로 확인했다. UNKNOWN 자격은 미확인 상태로 보존한다."",""observation_refs"":[""OB_DOCUMENT_SCREEN_PANEL_01_RECRUITER_EV_XP_APP0297_01_BUILD_M1_SKILL_03"",""OB_DOCUMENT_SCREEN_PANEL_01_RECRUITER_EV_XP_APP0297_01_VALIDATE_M1_SKILL_03"",""OB_DOCUMENT_SCREEN_PANEL_01_RECRUITER_EV_XP_APP0297_02_PROBLEM_M1_SKILL_01"",""OB_DOCUMENT_SCREEN_PANEL_01_RECRUITER_EV_XP_APP0297_02_VALIDATE_M1_SKILL_03""],""qualifying_experience_refs"":[""XP_APP0297_01"",""XP_APP0297_02""],""skill_sufficiency_assessed"":false}"
APP0276_DOCUMENT_SCREEN,APP0276,C0276,DOCUMENT_SCREEN,2026-10-30T14:36:00+09:00,,,2026-10-30T14:36:00+09:00,2026-11-11T14:51:00+09:00,2026-11-11T14:51:00+09:00,,CLOSED,INSUFFICIENT_APPLICATION_EVIDENCE,,SYNTHETIC_HUMAN_SCENARIO,"{""eligibility_ref"":""EL_APP0276"",""eligibility_state"":""UNKNOWN"",""experience_refs"":[""XP_APP0276_01"",""XP_APP0276_02""],""failed_requirements"":[],""human_rationale"":""현재 제출된 지원서에서 다음 직접검증 단계로 진행할 충분한 직무 관련 Evidence Candidate를 확인하지 못했다. Skill 또는 능력 부족 판정이 아니다."",""observation_refs"":[""OB_DOCUMENT_SCREEN_PANEL_01_RECRUITER_EV_XP_APP0276_02_PROBLEM_M1_SKILL_01""],""qualifying_experience_refs"":[],""skill_sufficiency_assessed"":false}"
APP0255_DOCUMENT_SCREEN,APP0255,C0255,DOCUMENT_SCREEN,2026-10-30T15:09:00+09:00,,,2026-10-30T15:09:00+09:00,2026-11-04T15:36:00+09:00,2026-11-05T15:36:00+09:00,,CLOSED,INSUFFICIENT_APPLICATION_EVIDENCE,,SYNTHETIC_HUMAN_SCENARIO,"{""eligibility_ref"":""EL_APP0255"",""eligibility_state"":""PASS"",""experience_refs"":[""XP_APP0255_01""],""failed_requirements"":[],""human_rationale"":""현재 제출된 지원서에서 다음 직접검증 단계로 진행할 충분한 직무 관련 Evidence Candidate를 확인하지 못했다. Skill 또는 능력 부족 판정이 아니다."",""observation_refs"":[""OB_DOCUMENT_SCREEN_PANEL_01_RECRUITER_EV_XP_APP0255_01_PROBLEM_M1_SKILL_01"",""OB_DOCUMENT_SCREEN_PANEL_01_RECRUITER_EV_XP_APP0255_01_VALIDATE_M1_SKILL_03""],""qualifying_experience_refs"":[],""skill_sufficiency_assessed"":false}"
APP0268_DOCUMENT_SCREEN,APP0268,C0268,DOCUMENT_SCREEN,2026-10-30T15:32:00+09:00,,,2026-10-30T15:32:00+09:00,2026-11-08T15:52:00+09:00,2026-11-08T15:52:00+09:00,,ADVANCED,APPLICATION_EVIDENCE_CANDIDATE,,SYNTHETIC_HUMAN_SCENARIO,"{""eligibility_ref"":""EL_APP0268"",""eligibility_state"":""UNKNOWN"",""experience_refs"":[""XP_APP0268_01"",""XP_APP0268_02""],""failed_requirements"":[],""human_rationale"":""동일 경험 안의 구체적 자기기술과 개인 역할을 후속 직접검증 대상으로 확인했다. UNKNOWN 자격은 미확인 상태로 보존한다."",""observation_refs"":[""OB_DOCUMENT_SCREEN_PANEL_01_RECRUITER_EV_XP_APP0268_01_BUILD_M1_SKILL_03"",""OB_DOCUMENT_SCREEN_PANEL_01_RECRUITER_EV_XP_APP0268_01_PROBLEM_M1_SKILL_01"",""OB_DOCUMENT_SCREEN_PANEL_01_RECRUITER_EV_XP_APP0268_01_VALIDATE_M1_SKILL_03"",""OB_DOCUMENT_SCREEN_PANEL_01_RECRUITER_EV_XP_APP0268_02_BUILD_M1_SKILL_03""],""qualifying_experience_refs"":[""XP_APP0268_01""],""skill_sufficiency_assessed"":false}"
APP0258_DOCUMENT_SCREEN,APP0258,C0258,DOCUMENT_SCREEN,2026-10-30T16:14:00+09:00,,,2026-10-30T16:14:00+09:00,2026-11-05T16:49:00+09:00,2026-11-07T16:49:00+09:00,,ADVANCED,APPLICATION_EVIDENCE_CANDIDATE,,SYNTHETIC_HUMAN_SCENARIO,"{""eligibility_ref"":""EL_APP0258"",""eligibility_state"":""UNKNOWN"",""experience_refs"":[""XP_APP0258_01""],""failed_requirements"":[],""human_rationale"":""동일 경험 안의 구체적 자기기술과 개인 역할을 후속 직접검증 대상으로 확인했다. UNKNOWN 자격은 미확인 상태로 보존한다."",""observation_refs"":[""OB_DOCUMENT_SCREEN_PANEL_01_RECRUITER_EV_XP_APP0258_01_BUILD_M1_SKILL_03"",""OB_DOCUMENT_SCREEN_PANEL_01_RECRUITER_EV_XP_APP0258_01_PROBLEM_M1_SKILL_01""],""qualifying_experience_refs"":[""XP_APP0258_01""],""skill_sufficiency_assessed"":false}"
APP0264_DOCUMENT_SCREEN,APP0264,C0264,DOCUMENT_SCREEN,2026-10-30T16:17:00+09:00,,,2026-10-30T16:17:00+09:00,2026-11-03T17:00:00+09:00,2026-11-05T17:00:00+09:00,,CLOSED,INSUFFICIENT_APPLICATION_EVIDENCE,,SYNTHETIC_HUMAN_SCENARIO,"{""eligibility_ref"":""EL_APP0264"",""eligibility_state"":""PASS"",""experience_refs"":[""XP_APP0264_01"",""XP_APP0264_02""],""failed_requirements"":[],""human_rationale"":""현재 제출된 지원서에서 다음 직접검증 단계로 진행할 충분한 직무 관련 Evidence Candidate를 확인하지 못했다. Skill 또는 능력 부족 판정이 아니다."",""observation_refs"":[""OB_DOCUMENT_SCREEN_PANEL_01_RECRUITER_EV_XP_APP0264_01_VALIDATE_M1_SKILL_03"",""OB_DOCUMENT_SCREEN_PANEL_01_RECRUITER_EV_XP_APP0264_02_BUILD_M1_SKILL_03"",""OB_DOCUMENT_SCREEN_PANEL_01_RECRUITER_EV_XP_APP0264_02_PROBLEM_M1_SKILL_01"",""OB_DOCUMENT_SCREEN_PANEL_01_RECRUITER_EV_XP_APP0264_02_VALIDATE_M1_SKILL_03""],""qualifying_experience_refs"":[],""skill_sufficiency_assessed"":false}"
APP0218_DOCUMENT_SCREEN,APP0218,C0218,DOCUMENT_SCREEN,2026-10-30T16:24:00+09:00,,,2026-10-30T16:24:00+09:00,2026-11-07T17:09:00+09:00,2026-11-11T17:09:00+09:00,,ADVANCED,APPLICATION_EVIDENCE_CANDIDATE,,SYNTHETIC_HUMAN_SCENARIO,"{""eligibility_ref"":""EL_APP0218"",""eligibility_state"":""PASS"",""experience_refs"":[""XP_APP0218_01"",""XP_APP0218_02""],""failed_requirements"":[],""human_rationale"":""동일 경험 안의 구체적 자기기술과 개인 역할을 후속 직접검증 대상으로 확인했다. UNKNOWN 자격은 미확인 상태로 보존한다."",""observation_refs"":[""OB_DOCUMENT_SCREEN_PANEL_01_RECRUITER_EV_XP_APP0218_01_VALIDATE_M1_SKILL_03"",""OB_DOCUMENT_SCREEN_PANEL_01_RECRUITER_EV_XP_APP0218_02_PROBLEM_M1_SKILL_01"",""OB_DOCUMENT_SCREEN_PANEL_01_RECRUITER_EV_XP_APP0218_02_VALIDATE_M1_SKILL_03""],""qualifying_experience_refs"":[""XP_APP0218_02""],""skill_sufficiency_assessed"":false}"
APP0301_DOCUMENT_SCREEN,APP0301,C0301,DOCUMENT_SCREEN,2026-10-31T09:21:00+09:00,,,2026-10-31T09:21:00+09:00,2026-11-04T09:46:00+09:00,2026-11-08T09:46:00+09:00,,CLOSED,INSUFFICIENT_APPLICATION_EVIDENCE,,SYNTHETIC_HUMAN_SCENARIO,"{""eligibility_ref"":""EL_APP0301"",""eligibility_state"":""UNKNOWN"",""experience_refs"":[""XP_APP0301_01""],""failed_requirements"":[],""human_rationale"":""현재 제출된 지원서에서 다음 직접검증 단계로 진행할 충분한 직무 관련 Evidence Candidate를 확인하지 못했다. Skill 또는 능력 부족 판정이 아니다."",""observation_refs"":[""OB_DOCUMENT_SCREEN_PANEL_01_RECRUITER_EV_XP_APP0301_01_BUILD_M1_SKILL_03"",""OB_DOCUMENT_SCREEN_PANEL_01_RECRUITER_EV_XP_APP0301_01_VALIDATE_M1_SKILL_03""],""qualifying_experience_refs"":[],""skill_sufficiency_assessed"":false}"
APP0274_DOCUMENT_SCREEN,APP0274,C0274,DOCUMENT_SCREEN,2026-10-31T09:40:00+09:00,,,2026-10-31T09:40:00+09:00,2026-11-05T10:05:00+09:00,2026-11-07T10:05:00+09:00,,CLOSED,INSUFFICIENT_APPLICATION_EVIDENCE,,SYNTHETIC_HUMAN_SCENARIO,"{""eligibility_ref"":""EL_APP0274"",""eligibility_state"":""UNKNOWN"",""experience_refs"":[""XP_APP0274_01""],""failed_requirements"":[],""human_rationale"":""현재 제출된 지원서에서 다음 직접검증 단계로 진행할 충분한 직무 관련 Evidence Candidate를 확인하지 못했다. Skill 또는 능력 부족 판정이 아니다."",""observation_refs"":[],""qualifying_experience_refs"":[],""skill_sufficiency_assessed"":false}"
APP0273_DOCUMENT_SCREEN,APP0273,C0273,DOCUMENT_SCREEN,2026-10-31T09:56:00+09:00,,,2026-10-31T09:56:00+09:00,2026-11-04T10:16:00+09:00,2026-11-05T10:16:00+09:00,,CLOSED,INSUFFICIENT_APPLICATION_EVIDENCE,,SYNTHETIC_HUMAN_SCENARIO,"{""eligibility_ref"":""EL_APP0273"",""eligibility_state"":""UNKNOWN"",""experience_refs"":[""XP_APP0273_01""],""failed_requirements"":[],""human_rationale"":""현재 제출된 지원서에서 다음 직접검증 단계로 진행할 충분한 직무 관련 Evidence Candidate를 확인하지 못했다. Skill 또는 능력 부족 판정이 아니다."",""observation_refs"":[],""qualifying_experience_refs"":[],""skill_sufficiency_assessed"":false}"
APP0242_DOCUMENT_SCREEN,APP0242,C0242,DOCUMENT_SCREEN,2026-10-31T11:11:00+09:00,,,2026-10-31T11:11:00+09:00,2026-11-04T11:36:00+09:00,2026-11-04T11:36:00+09:00,,CLOSED,INSUFFICIENT_APPLICATION_EVIDENCE,,SYNTHETIC_HUMAN_SCENARIO,"{""eligibility_ref"":""EL_APP0242"",""eligibility_state"":""PASS"",""experience_refs"":[""XP_APP0242_01"",""XP_APP0242_02""],""failed_requirements"":[],""human_rationale"":""현재 제출된 지원서에서 다음 직접검증 단계로 진행할 충분한 직무 관련 Evidence Candidate를 확인하지 못했다. Skill 또는 능력 부족 판정이 아니다."",""observation_refs"":[""OB_DOCUMENT_SCREEN_PANEL_01_RECRUITER_EV_XP_APP0242_01_VALIDATE_M1_SKILL_03"",""OB_DOCUMENT_SCREEN_PANEL_01_RECRUITER_EV_XP_APP0242_02_PROBLEM_M1_SKILL_01""],""qualifying_experience_refs"":[],""skill_sufficiency_assessed"":false}"
APP0305_DOCUMENT_SCREEN,APP0305,C0305,DOCUMENT_SCREEN,2026-10-31T11:53:00+09:00,,,2026-10-31T11:53:00+09:00,2026-11-04T12:08:00+09:00,2026-11-06T12:08:00+09:00,,FAILED,BASIC_REQUIREMENT_VIOLATION,,SYNTHETIC_HUMAN_SCENARIO,"{""eligibility_ref"":""EL_APP0305"",""eligibility_state"":""FAIL"",""experience_refs"":[""XP_APP0305_01"",""XP_APP0305_02""],""explicit_violation_ref"":[""EL_APP0305#language""],""failed_requirements"":[""language""],""human_rationale"":""공개 자격 구조를 합성 일정에 적용한 명시적 미충족으로 이번 지원을 종료한다."",""observation_refs"":[""OB_DOCUMENT_SCREEN_PANEL_01_RECRUITER_EV_XP_APP0305_01_VALIDATE_M1_SKILL_03""],""public_requirement_ref"":""KIA-02-REPOST"",""qualifying_experience_refs"":[],""skill_sufficiency_assessed"":false}"
APP0265_DOCUMENT_SCREEN,APP0265,C0265,DOCUMENT_SCREEN,2026-10-31T12:03:00+09:00,,,2026-10-31T12:03:00+09:00,2026-11-07T12:23:00+09:00,2026-11-07T12:23:00+09:00,,CLOSED,INSUFFICIENT_APPLICATION_EVIDENCE,,SYNTHETIC_HUMAN_SCENARIO,"{""eligibility_ref"":""EL_APP0265"",""eligibility_state"":""PASS"",""experience_refs"":[""XP_APP0265_01""],""failed_requirements"":[],""human_rationale"":""현재 제출된 지원서에서 다음 직접검증 단계로 진행할 충분한 직무 관련 Evidence Candidate를 확인하지 못했다. Skill 또는 능력 부족 판정이 아니다."",""observation_refs"":[],""qualifying_experience_refs"":[],""skill_sufficiency_assessed"":false}"
APP0194_DOCUMENT_SCREEN,APP0194,C0194,DOCUMENT_SCREEN,2026-10-31T12:12:00+09:00,,,2026-10-31T12:12:00+09:00,2026-11-10T12:48:00+09:00,2026-11-10T12:48:00+09:00,,ADVANCED,APPLICATION_EVIDENCE_CANDIDATE,,SYNTHETIC_HUMAN_SCENARIO,"{""eligibility_ref"":""EL_APP0194"",""eligibility_state"":""UNKNOWN"",""experience_refs"":[""XP_APP0194_01"",""XP_APP0194_02""],""failed_requirements"":[],""human_rationale"":""동일 경험 안의 구체적 자기기술과 개인 역할을 후속 직접검증 대상으로 확인했다. UNKNOWN 자격은 미확인 상태로 보존한다."",""observation_refs"":[""OB_DOCUMENT_SCREEN_PANEL_01_RECRUITER_EV_XP_APP0194_01_PROBLEM_M1_SKILL_01"",""OB_DOCUMENT_SCREEN_PANEL_01_RECRUITER_EV_XP_APP0194_01_VALIDATE_M1_SKILL_03"",""OB_DOCUMENT_SCREEN_PANEL_01_RECRUITER_EV_XP_APP0194_02_BUILD_M1_SKILL_03""],""qualifying_experience_refs"":[""XP_APP0194_01""],""skill_sufficiency_assessed"":false}"
APP0294_DOCUMENT_SCREEN,APP0294,C0294,DOCUMENT_SCREEN,2026-10-31T12:40:00+09:00,,,2026-10-31T12:40:00+09:00,2026-11-04T13:00:00+09:00,2026-11-08T13:00:00+09:00,,FAILED,BASIC_REQUIREMENT_VIOLATION,,SYNTHETIC_HUMAN_SCENARIO,"{""eligibility_ref"":""EL_APP0294"",""eligibility_state"":""FAIL"",""experience_refs"":[""XP_APP0294_01""],""explicit_violation_ref"":[""EL_APP0294#language""],""failed_requirements"":[""language""],""human_rationale"":""공개 자격 구조를 합성 일정에 적용한 명시적 미충족으로 이번 지원을 종료한다."",""observation_refs"":[""OB_DOCUMENT_SCREEN_PANEL_01_RECRUITER_EV_XP_APP0294_01_BUILD_M1_SKILL_03"",""OB_DOCUMENT_SCREEN_PANEL_01_RECRUITER_EV_XP_APP0294_01_VALIDATE_M1_SKILL_03""],""public_requirement_ref"":""KIA-02-REPOST"",""qualifying_experience_refs"":[""XP_APP0294_01""],""skill_sufficiency_assessed"":false}"
APP0292_DOCUMENT_SCREEN,APP0292,C0292,DOCUMENT_SCREEN,2026-10-31T13:00:00+09:00,,,2026-10-31T13:00:00+09:00,2026-11-05T13:25:00+09:00,2026-11-09T13:25:00+09:00,,ADVANCED,APPLICATION_EVIDENCE_CANDIDATE,,SYNTHETIC_HUMAN_SCENARIO,"{""eligibility_ref"":""EL_APP0292"",""eligibility_state"":""PASS"",""experience_refs"":[""XP_APP0292_01"",""XP_APP0292_02""],""failed_requirements"":[],""human_rationale"":""동일 경험 안의 구체적 자기기술과 개인 역할을 후속 직접검증 대상으로 확인했다. UNKNOWN 자격은 미확인 상태로 보존한다."",""observation_refs"":[""OB_DOCUMENT_SCREEN_PANEL_01_RECRUITER_EV_XP_APP0292_01_PROBLEM_M1_SKILL_01"",""OB_DOCUMENT_SCREEN_PANEL_01_RECRUITER_EV_XP_APP0292_01_VALIDATE_M1_SKILL_03"",""OB_DOCUMENT_SCREEN_PANEL_01_RECRUITER_EV_XP_APP0292_02_BUILD_M1_SKILL_03"",""OB_DOCUMENT_SCREEN_PANEL_01_RECRUITER_EV_XP_APP0292_02_PROBLEM_M1_SKILL_01"",""OB_DOCUMENT_SCREEN_PANEL_01_RECRUITER_EV_XP_APP0292_02_VALIDATE_M1_SKILL_03""],""qualifying_experience_refs"":[""XP_APP0292_01"",""XP_APP0292_02""],""skill_sufficiency_assessed"":false}"
APP0192_DOCUMENT_SCREEN,APP0192,C0192,DOCUMENT_SCREEN,2026-10-31T13:04:00+09:00,,,2026-10-31T13:04:00+09:00,2026-11-08T13:29:00+09:00,2026-11-10T13:29:00+09:00,,CLOSED,INSUFFICIENT_APPLICATION_EVIDENCE,,SYNTHETIC_HUMAN_SCENARIO,"{""eligibility_ref"":""EL_APP0192"",""eligibility_state"":""PASS"",""experience_refs"":[""XP_APP0192_01"",""XP_APP0192_02""],""failed_requirements"":[],""human_rationale"":""현재 제출된 지원서에서 다음 직접검증 단계로 진행할 충분한 직무 관련 Evidence Candidate를 확인하지 못했다. Skill 또는 능력 부족 판정이 아니다."",""observation_refs"":[""OB_DOCUMENT_SCREEN_PANEL_01_RECRUITER_EV_XP_APP0192_01_PROBLEM_M1_SKILL_01"",""OB_DOCUMENT_SCREEN_PANEL_01_RECRUITER_EV_XP_APP0192_02_BUILD_M1_SKILL_03"",""OB_DOCUMENT_SCREEN_PANEL_01_RECRUITER_EV_XP_APP0192_02_PROBLEM_M1_SKILL_01""],""qualifying_experience_refs"":[],""skill_sufficiency_assessed"":false}"
APP0269_DOCUMENT_SCREEN,APP0269,C0269,DOCUMENT_SCREEN,2026-10-31T13:25:00+09:00,,,2026-10-31T13:25:00+09:00,2026-11-09T13:45:00+09:00,2026-11-09T13:45:00+09:00,,ADVANCED,APPLICATION_EVIDENCE_CANDIDATE,,SYNTHETIC_HUMAN_SCENARIO,"{""eligibility_ref"":""EL_APP0269"",""eligibility_state"":""UNKNOWN"",""experience_refs"":[""XP_APP0269_01"",""XP_APP0269_02""],""failed_requirements"":[],""human_rationale"":""동일 경험 안의 구체적 자기기술과 개인 역할을 후속 직접검증 대상으로 확인했다. UNKNOWN 자격은 미확인 상태로 보존한다."",""observation_refs"":[""OB_DOCUMENT_SCREEN_PANEL_01_RECRUITER_EV_XP_APP0269_01_PROBLEM_M1_SKILL_01"",""OB_DOCUMENT_SCREEN_PANEL_01_RECRUITER_EV_XP_APP0269_01_VALIDATE_M1_SKILL_03"",""OB_DOCUMENT_SCREEN_PANEL_01_RECRUITER_EV_XP_APP0269_02_BUILD_M1_SKILL_03"",""OB_DOCUMENT_SCREEN_PANEL_01_RECRUITER_EV_XP_APP0269_02_PROBLEM_M1_SKILL_01"",""OB_DOCUMENT_SCREEN_PANEL_01_RECRUITER_EV_XP_APP0269_02_VALIDATE_M1_SKILL_03""],""qualifying_experience_refs"":[""XP_APP0269_02""],""skill_sufficiency_assessed"":false}"
APP0288_DOCUMENT_SCREEN,APP0288,C0288,DOCUMENT_SCREEN,2026-10-31T14:19:00+09:00,,,2026-10-31T14:19:00+09:00,2026-11-12T14:39:00+09:00,2026-11-14T14:39:00+09:00,,FAILED,BASIC_REQUIREMENT_VIOLATION,,SYNTHETIC_HUMAN_SCENARIO,"{""eligibility_ref"":""EL_APP0288"",""eligibility_state"":""FAIL"",""experience_refs"":[""XP_APP0288_01""],""explicit_violation_ref"":[""EL_APP0288#military""],""failed_requirements"":[""military""],""human_rationale"":""공개 자격 구조를 합성 일정에 적용한 명시적 미충족으로 이번 지원을 종료한다."",""observation_refs"":[""OB_DOCUMENT_SCREEN_PANEL_01_RECRUITER_EV_XP_APP0288_01_VALIDATE_M1_SKILL_03""],""public_requirement_ref"":""KIA-02-REPOST"",""qualifying_experience_refs"":[],""skill_sufficiency_assessed"":false}"
APP0275_DOCUMENT_SCREEN,APP0275,C0275,DOCUMENT_SCREEN,2026-10-31T14:20:00+09:00,,,2026-10-31T14:20:00+09:00,2026-11-08T15:00:00+09:00,2026-11-12T15:00:00+09:00,,FAILED,BASIC_REQUIREMENT_VIOLATION,,SYNTHETIC_HUMAN_SCENARIO,"{""eligibility_ref"":""EL_APP0275"",""eligibility_state"":""FAIL"",""experience_refs"":[""XP_APP0275_01""],""explicit_violation_ref"":[""EL_APP0275#travel_visa""],""failed_requirements"":[""travel_visa""],""human_rationale"":""공개 자격 구조를 합성 일정에 적용한 명시적 미충족으로 이번 지원을 종료한다."",""observation_refs"":[""OB_DOCUMENT_SCREEN_PANEL_01_RECRUITER_EV_XP_APP0275_01_PROBLEM_M1_SKILL_01"",""OB_DOCUMENT_SCREEN_PANEL_01_RECRUITER_EV_XP_APP0275_01_VALIDATE_M1_SKILL_03""],""public_requirement_ref"":""KIA-02-REPOST"",""qualifying_experience_refs"":[""XP_APP0275_01""],""skill_sufficiency_assessed"":false}"
APP0238_DOCUMENT_SCREEN,APP0238,C0238,DOCUMENT_SCREEN,2026-10-31T14:30:00+09:00,,,2026-10-31T14:30:00+09:00,2026-11-10T14:45:00+09:00,2026-11-12T14:45:00+09:00,,ADVANCED,APPLICATION_EVIDENCE_CANDIDATE,,SYNTHETIC_HUMAN_SCENARIO,"{""eligibility_ref"":""EL_APP0238"",""eligibility_state"":""PASS"",""experience_refs"":[""XP_APP0238_01"",""XP_APP0238_02""],""failed_requirements"":[],""human_rationale"":""동일 경험 안의 구체적 자기기술과 개인 역할을 후속 직접검증 대상으로 확인했다. UNKNOWN 자격은 미확인 상태로 보존한다."",""observation_refs"":[""OB_DOCUMENT_SCREEN_PANEL_01_RECRUITER_EV_XP_APP0238_01_BUILD_M1_SKILL_03"",""OB_DOCUMENT_SCREEN_PANEL_01_RECRUITER_EV_XP_APP0238_01_PROBLEM_M1_SKILL_01"",""OB_DOCUMENT_SCREEN_PANEL_01_RECRUITER_EV_XP_APP0238_02_PROBLEM_M1_SKILL_01""],""qualifying_experience_refs"":[""XP_APP0238_01""],""skill_sufficiency_assessed"":false}"
APP0299_DOCUMENT_SCREEN,APP0299,C0299,DOCUMENT_SCREEN,2026-10-31T16:03:00+09:00,,,2026-10-31T16:03:00+09:00,2026-11-09T16:23:00+09:00,2026-11-13T16:23:00+09:00,,CLOSED,INSUFFICIENT_APPLICATION_EVIDENCE,,SYNTHETIC_HUMAN_SCENARIO,"{""eligibility_ref"":""EL_APP0299"",""eligibility_state"":""UNKNOWN"",""experience_refs"":[""XP_APP0299_01"",""XP_APP0299_02""],""failed_requirements"":[],""human_rationale"":""현재 제출된 지원서에서 다음 직접검증 단계로 진행할 충분한 직무 관련 Evidence Candidate를 확인하지 못했다. Skill 또는 능력 부족 판정이 아니다."",""observation_refs"":[""OB_DOCUMENT_SCREEN_PANEL_01_RECRUITER_EV_XP_APP0299_01_BUILD_M1_SKILL_03"",""OB_DOCUMENT_SCREEN_PANEL_01_RECRUITER_EV_XP_APP0299_02_PROBLEM_M1_SKILL_01""],""qualifying_experience_refs"":[],""skill_sufficiency_assessed"":false}"
APP0286_DOCUMENT_SCREEN,APP0286,C0286,DOCUMENT_SCREEN,2026-10-31T16:34:00+09:00,,,2026-10-31T16:34:00+09:00,2026-11-08T16:59:00+09:00,2026-11-09T16:59:00+09:00,,CLOSED,INSUFFICIENT_APPLICATION_EVIDENCE,,SYNTHETIC_HUMAN_SCENARIO,"{""eligibility_ref"":""EL_APP0286"",""eligibility_state"":""UNKNOWN"",""experience_refs"":[""XP_APP0286_01"",""XP_APP0286_02""],""failed_requirements"":[],""human_rationale"":""현재 제출된 지원서에서 다음 직접검증 단계로 진행할 충분한 직무 관련 Evidence Candidate를 확인하지 못했다. Skill 또는 능력 부족 판정이 아니다."",""observation_refs"":[""OB_DOCUMENT_SCREEN_PANEL_01_RECRUITER_EV_XP_APP0286_01_BUILD_M1_SKILL_03"",""OB_DOCUMENT_SCREEN_PANEL_01_RECRUITER_EV_XP_APP0286_01_PROBLEM_M1_SKILL_01"",""OB_DOCUMENT_SCREEN_PANEL_01_RECRUITER_EV_XP_APP0286_02_BUILD_M1_SKILL_03"",""OB_DOCUMENT_SCREEN_PANEL_01_RECRUITER_EV_XP_APP0286_02_VALIDATE_M1_SKILL_03""],""qualifying_experience_refs"":[],""skill_sufficiency_assessed"":false}"
APP0200_DOCUMENT_SCREEN,APP0200,C0200,DOCUMENT_SCREEN,2026-11-01T09:19:00+09:00,,,2026-11-01T09:19:00+09:00,2026-11-08T09:39:00+09:00,2026-11-08T09:39:00+09:00,,ADVANCED,APPLICATION_EVIDENCE_CANDIDATE,,SYNTHETIC_HUMAN_SCENARIO,"{""eligibility_ref"":""EL_APP0200"",""eligibility_state"":""PASS"",""experience_refs"":[""XP_APP0200_01"",""XP_APP0200_02""],""failed_requirements"":[],""human_rationale"":""동일 경험 안의 구체적 자기기술과 개인 역할을 후속 직접검증 대상으로 확인했다. UNKNOWN 자격은 미확인 상태로 보존한다."",""observation_refs"":[""OB_DOCUMENT_SCREEN_PANEL_01_RECRUITER_EV_XP_APP0200_01_PROBLEM_M1_SKILL_01"",""OB_DOCUMENT_SCREEN_PANEL_01_RECRUITER_EV_XP_APP0200_01_VALIDATE_M1_SKILL_03""],""qualifying_experience_refs"":[""XP_APP0200_01""],""skill_sufficiency_assessed"":false}"
APP0320_DOCUMENT_SCREEN,APP0320,C0320,DOCUMENT_SCREEN,2026-11-01T09:36:00+09:00,,,2026-11-01T09:36:00+09:00,2026-11-11T10:42:00+09:00,2026-11-15T10:42:00+09:00,,CLOSED,INSUFFICIENT_APPLICATION_EVIDENCE,,SYNTHETIC_HUMAN_SCENARIO,"{""eligibility_ref"":""EL_APP0320"",""eligibility_state"":""UNKNOWN"",""experience_refs"":[""XP_APP0320_01""],""failed_requirements"":[],""human_rationale"":""현재 제출된 지원서에서 다음 직접검증 단계로 진행할 충분한 직무 관련 Evidence Candidate를 확인하지 못했다. Skill 또는 능력 부족 판정이 아니다."",""observation_refs"":[""OB_DOCUMENT_SCREEN_PANEL_01_RECRUITER_EV_XP_APP0320_01_BUILD_M1_SKILL_03""],""qualifying_experience_refs"":[],""skill_sufficiency_assessed"":false}"
APP0285_DOCUMENT_SCREEN,APP0285,C0285,DOCUMENT_SCREEN,2026-11-01T09:53:00+09:00,,,2026-11-01T09:53:00+09:00,2026-11-07T10:13:00+09:00,2026-11-08T10:13:00+09:00,,ADVANCED,APPLICATION_EVIDENCE_CANDIDATE,,SYNTHETIC_HUMAN_SCENARIO,"{""eligibility_ref"":""EL_APP0285"",""eligibility_state"":""UNKNOWN"",""experience_refs"":[""XP_APP0285_01"",""XP_APP0285_02""],""failed_requirements"":[],""human_rationale"":""동일 경험 안의 구체적 자기기술과 개인 역할을 후속 직접검증 대상으로 확인했다. UNKNOWN 자격은 미확인 상태로 보존한다."",""observation_refs"":[""OB_DOCUMENT_SCREEN_PANEL_01_RECRUITER_EV_XP_APP0285_01_BUILD_M1_SKILL_03"",""OB_DOCUMENT_SCREEN_PANEL_01_RECRUITER_EV_XP_APP0285_01_PROBLEM_M1_SKILL_01"",""OB_DOCUMENT_SCREEN_PANEL_01_RECRUITER_EV_XP_APP0285_02_PROBLEM_M1_SKILL_01""],""qualifying_experience_refs"":[""XP_APP0285_01""],""skill_sufficiency_assessed"":false}"
APP0325_DOCUMENT_SCREEN,APP0325,C0325,DOCUMENT_SCREEN,2026-11-01T10:03:00+09:00,,,2026-11-01T10:03:00+09:00,2026-11-10T10:18:00+09:00,2026-11-11T10:18:00+09:00,,ADVANCED,APPLICATION_EVIDENCE_CANDIDATE,,SYNTHETIC_HUMAN_SCENARIO,"{""eligibility_ref"":""EL_APP0325"",""eligibility_state"":""PASS"",""experience_refs"":[""XP_APP0325_01""],""failed_requirements"":[],""human_rationale"":""동일 경험 안의 구체적 자기기술과 개인 역할을 후속 직접검증 대상으로 확인했다. UNKNOWN 자격은 미확인 상태로 보존한다."",""observation_refs"":[""OB_DOCUMENT_SCREEN_PANEL_01_RECRUITER_EV_XP_APP0325_01_BUILD_M1_SKILL_03"",""OB_DOCUMENT_SCREEN_PANEL_01_RECRUITER_EV_XP_APP0325_01_PROBLEM_M1_SKILL_01""],""qualifying_experience_refs"":[""XP_APP0325_01""],""skill_sufficiency_assessed"":false}"
APP0295_DOCUMENT_SCREEN,APP0295,C0295,DOCUMENT_SCREEN,2026-11-01T11:39:00+09:00,,,2026-11-01T11:39:00+09:00,2026-11-11T11:54:00+09:00,2026-11-11T11:54:00+09:00,,FAILED,BASIC_REQUIREMENT_VIOLATION,,SYNTHETIC_HUMAN_SCENARIO,"{""eligibility_ref"":""EL_APP0295"",""eligibility_state"":""FAIL"",""experience_refs"":[""XP_APP0295_01"",""XP_APP0295_02""],""explicit_violation_ref"":[""EL_APP0295#degree""],""failed_requirements"":[""degree""],""human_rationale"":""공개 자격 구조를 합성 일정에 적용한 명시적 미충족으로 이번 지원을 종료한다."",""observation_refs"":[""OB_DOCUMENT_SCREEN_PANEL_01_RECRUITER_EV_XP_APP0295_01_BUILD_M1_SKILL_03"",""OB_DOCUMENT_SCREEN_PANEL_01_RECRUITER_EV_XP_APP0295_01_PROBLEM_M1_SKILL_01"",""OB_DOCUMENT_SCREEN_PANEL_01_RECRUITER_EV_XP_APP0295_01_VALIDATE_M1_SKILL_03"",""OB_DOCUMENT_SCREEN_PANEL_01_RECRUITER_EV_XP_APP0295_02_BUILD_M1_SKILL_03""],""public_requirement_ref"":""KIA-02-REPOST"",""qualifying_experience_refs"":[""XP_APP0295_01""],""skill_sufficiency_assessed"":false}"
APP0314_DOCUMENT_SCREEN,APP0314,C0314,DOCUMENT_SCREEN,2026-11-01T12:10:00+09:00,,,2026-11-01T12:10:00+09:00,2026-11-11T12:25:00+09:00,2026-11-12T12:25:00+09:00,,CLOSED,INSUFFICIENT_APPLICATION_EVIDENCE,,SYNTHETIC_HUMAN_SCENARIO,"{""eligibility_ref"":""EL_APP0314"",""eligibility_state"":""PASS"",""experience_refs"":[""XP_APP0314_01"",""XP_APP0314_02""],""failed_requirements"":[],""human_rationale"":""현재 제출된 지원서에서 다음 직접검증 단계로 진행할 충분한 직무 관련 Evidence Candidate를 확인하지 못했다. Skill 또는 능력 부족 판정이 아니다."",""observation_refs"":[""OB_DOCUMENT_SCREEN_PANEL_01_RECRUITER_EV_XP_APP0314_01_BUILD_M1_SKILL_03"",""OB_DOCUMENT_SCREEN_PANEL_01_RECRUITER_EV_XP_APP0314_02_VALIDATE_M1_SKILL_03""],""qualifying_experience_refs"":[],""skill_sufficiency_assessed"":false}"
APP0296_DOCUMENT_SCREEN,APP0296,C0296,DOCUMENT_SCREEN,2026-11-01T13:47:00+09:00,,,2026-11-01T13:47:00+09:00,2026-11-09T14:02:00+09:00,2026-11-10T14:02:00+09:00,,CLOSED,INSUFFICIENT_APPLICATION_EVIDENCE,,SYNTHETIC_HUMAN_SCENARIO,"{""eligibility_ref"":""EL_APP0296"",""eligibility_state"":""UNKNOWN"",""experience_refs"":[""XP_APP0296_01"",""XP_APP0296_02""],""failed_requirements"":[],""human_rationale"":""현재 제출된 지원서에서 다음 직접검증 단계로 진행할 충분한 직무 관련 Evidence Candidate를 확인하지 못했다. Skill 또는 능력 부족 판정이 아니다."",""observation_refs"":[""OB_DOCUMENT_SCREEN_PANEL_01_RECRUITER_EV_XP_APP0296_01_PROBLEM_M1_SKILL_01"",""OB_DOCUMENT_SCREEN_PANEL_01_RECRUITER_EV_XP_APP0296_02_VALIDATE_M1_SKILL_03""],""qualifying_experience_refs"":[],""skill_sufficiency_assessed"":false}"
APP0324_DOCUMENT_SCREEN,APP0324,C0324,DOCUMENT_SCREEN,2026-11-01T15:13:00+09:00,,,2026-11-01T15:13:00+09:00,2026-11-11T15:28:00+09:00,2026-11-13T15:28:00+09:00,,ADVANCED,APPLICATION_EVIDENCE_CANDIDATE,,SYNTHETIC_HUMAN_SCENARIO,"{""eligibility_ref"":""EL_APP0324"",""eligibility_state"":""UNKNOWN"",""experience_refs"":[""XP_APP0324_01"",""XP_APP0324_02""],""failed_requirements"":[],""human_rationale"":""동일 경험 안의 구체적 자기기술과 개인 역할을 후속 직접검증 대상으로 확인했다. UNKNOWN 자격은 미확인 상태로 보존한다."",""observation_refs"":[""OB_DOCUMENT_SCREEN_PANEL_01_RECRUITER_EV_XP_APP0324_01_PROBLEM_M1_SKILL_01"",""OB_DOCUMENT_SCREEN_PANEL_01_RECRUITER_EV_XP_APP0324_01_VALIDATE_M1_SKILL_03"",""OB_DOCUMENT_SCREEN_PANEL_01_RECRUITER_EV_XP_APP0324_02_BUILD_M1_SKILL_03""],""qualifying_experience_refs"":[""XP_APP0324_01""],""skill_sufficiency_assessed"":false}"
APP0206_DOCUMENT_SCREEN,APP0206,C0206,DOCUMENT_SCREEN,2026-11-01T15:27:00+09:00,,,2026-11-01T15:27:00+09:00,2026-11-09T15:47:00+09:00,2026-11-09T15:47:00+09:00,,ADVANCED,APPLICATION_EVIDENCE_CANDIDATE,,SYNTHETIC_HUMAN_SCENARIO,"{""eligibility_ref"":""EL_APP0206"",""eligibility_state"":""PASS"",""experience_refs"":[""XP_APP0206_01"",""XP_APP0206_02""],""failed_requirements"":[],""human_rationale"":""동일 경험 안의 구체적 자기기술과 개인 역할을 후속 직접검증 대상으로 확인했다. UNKNOWN 자격은 미확인 상태로 보존한다."",""observation_refs"":[""OB_DOCUMENT_SCREEN_PANEL_01_RECRUITER_EV_XP_APP0206_01_PROBLEM_M1_SKILL_01"",""OB_DOCUMENT_SCREEN_PANEL_01_RECRUITER_EV_XP_APP0206_02_BUILD_M1_SKILL_03"",""OB_DOCUMENT_SCREEN_PANEL_01_RECRUITER_EV_XP_APP0206_02_VALIDATE_M1_SKILL_03""],""qualifying_experience_refs"":[""XP_APP0206_02""],""skill_sufficiency_assessed"":false}"
APP0337_DOCUMENT_SCREEN,APP0337,C0337,DOCUMENT_SCREEN,2026-11-02T10:53:00+09:00,,,2026-11-02T10:53:00+09:00,2026-11-10T12:00:00+09:00,2026-11-12T12:00:00+09:00,,ADVANCED,APPLICATION_EVIDENCE_CANDIDATE,,SYNTHETIC_HUMAN_SCENARIO,"{""eligibility_ref"":""EL_APP0337"",""eligibility_state"":""UNKNOWN"",""experience_refs"":[""XP_APP0337_01"",""XP_APP0337_02""],""failed_requirements"":[],""human_rationale"":""동일 경험 안의 구체적 자기기술과 개인 역할을 후속 직접검증 대상으로 확인했다. UNKNOWN 자격은 미확인 상태로 보존한다."",""observation_refs"":[""OB_DOCUMENT_SCREEN_PANEL_01_RECRUITER_EV_XP_APP0337_01_VALIDATE_M1_SKILL_03"",""OB_DOCUMENT_SCREEN_PANEL_01_RECRUITER_EV_XP_APP0337_02_PROBLEM_M1_SKILL_01"",""OB_DOCUMENT_SCREEN_PANEL_01_RECRUITER_EV_XP_APP0337_02_VALIDATE_M1_SKILL_03""],""qualifying_experience_refs"":[""XP_APP0337_02""],""skill_sufficiency_assessed"":false}"
APP0302_DOCUMENT_SCREEN,APP0302,C0302,DOCUMENT_SCREEN,2026-11-02T11:00:00+09:00,,,2026-11-02T11:00:00+09:00,2026-11-06T13:49:00+09:00,2026-11-10T13:49:00+09:00,,FAILED,BASIC_REQUIREMENT_VIOLATION,,SYNTHETIC_HUMAN_SCENARIO,"{""eligibility_ref"":""EL_APP0302"",""eligibility_state"":""FAIL"",""experience_refs"":[""XP_APP0302_01""],""explicit_violation_ref"":[""EL_APP0302#language""],""failed_requirements"":[""language""],""human_rationale"":""공개 자격 구조를 합성 일정에 적용한 명시적 미충족으로 이번 지원을 종료한다."",""observation_refs"":[],""public_requirement_ref"":""KIA-02-REPOST"",""qualifying_experience_refs"":[],""skill_sufficiency_assessed"":false}"
APP0307_DOCUMENT_SCREEN,APP0307,C0307,DOCUMENT_SCREEN,2026-11-02T11:48:00+09:00,,,2026-11-02T11:48:00+09:00,2026-11-10T12:03:00+09:00,2026-11-11T12:03:00+09:00,,FAILED,BASIC_REQUIREMENT_VIOLATION,,SYNTHETIC_HUMAN_SCENARIO,"{""eligibility_ref"":""EL_APP0307"",""eligibility_state"":""FAIL"",""experience_refs"":[""XP_APP0307_01"",""XP_APP0307_02""],""explicit_violation_ref"":[""EL_APP0307#military""],""failed_requirements"":[""military""],""human_rationale"":""공개 자격 구조를 합성 일정에 적용한 명시적 미충족으로 이번 지원을 종료한다."",""observation_refs"":[""OB_DOCUMENT_SCREEN_PANEL_01_RECRUITER_EV_XP_APP0307_01_BUILD_M1_SKILL_03"",""OB_DOCUMENT_SCREEN_PANEL_01_RECRUITER_EV_XP_APP0307_01_PROBLEM_M1_SKILL_01"",""OB_DOCUMENT_SCREEN_PANEL_01_RECRUITER_EV_XP_APP0307_01_VALIDATE_M1_SKILL_03""],""public_requirement_ref"":""KIA-02-REPOST"",""qualifying_experience_refs"":[""XP_APP0307_01""],""skill_sufficiency_assessed"":false}"
APP0270_DOCUMENT_SCREEN,APP0270,C0270,DOCUMENT_SCREEN,2026-11-02T12:13:00+09:00,,,2026-11-02T12:13:00+09:00,2026-11-11T12:38:00+09:00,2026-11-15T12:38:00+09:00,,ADVANCED,APPLICATION_EVIDENCE_CANDIDATE,,SYNTHETIC_HUMAN_SCENARIO,"{""eligibility_ref"":""EL_APP0270"",""eligibility_state"":""PASS"",""experience_refs"":[""XP_APP0270_01"",""XP_APP0270_02""],""failed_requirements"":[],""human_rationale"":""동일 경험 안의 구체적 자기기술과 개인 역할을 후속 직접검증 대상으로 확인했다. UNKNOWN 자격은 미확인 상태로 보존한다."",""observation_refs"":[""OB_DOCUMENT_SCREEN_PANEL_01_RECRUITER_EV_XP_APP0270_01_PROBLEM_M1_SKILL_01"",""OB_DOCUMENT_SCREEN_PANEL_01_RECRUITER_EV_XP_APP0270_01_VALIDATE_M1_SKILL_03"",""OB_DOCUMENT_SCREEN_PANEL_01_RECRUITER_EV_XP_APP0270_02_PROBLEM_M1_SKILL_01"",""OB_DOCUMENT_SCREEN_PANEL_01_RECRUITER_EV_XP_APP0270_02_VALIDATE_M1_SKILL_03""],""qualifying_experience_refs"":[""XP_APP0270_01"",""XP_APP0270_02""],""skill_sufficiency_assessed"":false}"
APP0332_DOCUMENT_SCREEN,APP0332,C0332,DOCUMENT_SCREEN,2026-11-02T15:33:00+09:00,,,2026-11-02T15:33:00+09:00,2026-11-08T15:53:00+09:00,2026-11-08T15:53:00+09:00,,FAILED,BASIC_REQUIREMENT_VIOLATION,,SYNTHETIC_HUMAN_SCENARIO,"{""eligibility_ref"":""EL_APP0332"",""eligibility_state"":""FAIL"",""experience_refs"":[""XP_APP0332_01""],""explicit_violation_ref"":[""EL_APP0332#travel_visa""],""failed_requirements"":[""travel_visa""],""human_rationale"":""공개 자격 구조를 합성 일정에 적용한 명시적 미충족으로 이번 지원을 종료한다."",""observation_refs"":[""OB_DOCUMENT_SCREEN_PANEL_01_RECRUITER_EV_XP_APP0332_01_BUILD_M1_SKILL_03""],""public_requirement_ref"":""KIA-02-REPOST"",""qualifying_experience_refs"":[],""skill_sufficiency_assessed"":false}"
APP0272_DOCUMENT_SCREEN,APP0272,C0272,DOCUMENT_SCREEN,2026-11-02T16:09:00+09:00,,,2026-11-02T16:09:00+09:00,2026-11-08T16:29:00+09:00,2026-11-10T16:29:00+09:00,,FAILED,BASIC_REQUIREMENT_VIOLATION,,SYNTHETIC_HUMAN_SCENARIO,"{""eligibility_ref"":""EL_APP0272"",""eligibility_state"":""FAIL"",""experience_refs"":[""XP_APP0272_01"",""XP_APP0272_02""],""explicit_violation_ref"":[""EL_APP0272#language""],""failed_requirements"":[""language""],""human_rationale"":""공개 자격 구조를 합성 일정에 적용한 명시적 미충족으로 이번 지원을 종료한다."",""observation_refs"":[""OB_DOCUMENT_SCREEN_PANEL_01_RECRUITER_EV_XP_APP0272_01_VALIDATE_M1_SKILL_03"",""OB_DOCUMENT_SCREEN_PANEL_01_RECRUITER_EV_XP_APP0272_02_BUILD_M1_SKILL_03"",""OB_DOCUMENT_SCREEN_PANEL_01_RECRUITER_EV_XP_APP0272_02_PROBLEM_M1_SKILL_01""],""public_requirement_ref"":""KIA-02-REPOST"",""qualifying_experience_refs"":[],""skill_sufficiency_assessed"":false}"
APP0342_DOCUMENT_SCREEN,APP0342,C0342,DOCUMENT_SCREEN,2026-11-02T16:42:00+09:00,,,2026-11-02T16:42:00+09:00,2026-11-09T17:24:00+09:00,2026-11-11T17:24:00+09:00,,ADVANCED,APPLICATION_EVIDENCE_CANDIDATE,,SYNTHETIC_HUMAN_SCENARIO,"{""eligibility_ref"":""EL_APP0342"",""eligibility_state"":""PASS"",""experience_refs"":[""XP_APP0342_01"",""XP_APP0342_02""],""failed_requirements"":[],""human_rationale"":""동일 경험 안의 구체적 자기기술과 개인 역할을 후속 직접검증 대상으로 확인했다. UNKNOWN 자격은 미확인 상태로 보존한다."",""observation_refs"":[""OB_DOCUMENT_SCREEN_PANEL_01_RECRUITER_EV_XP_APP0342_01_BUILD_M1_SKILL_03"",""OB_DOCUMENT_SCREEN_PANEL_01_RECRUITER_EV_XP_APP0342_01_VALIDATE_M1_SKILL_03"",""OB_DOCUMENT_SCREEN_PANEL_01_RECRUITER_EV_XP_APP0342_02_PROBLEM_M1_SKILL_01"",""OB_DOCUMENT_SCREEN_PANEL_01_RECRUITER_EV_XP_APP0342_02_VALIDATE_M1_SKILL_03""],""qualifying_experience_refs"":[""XP_APP0342_01"",""XP_APP0342_02""],""skill_sufficiency_assessed"":false}"
APP0338_DOCUMENT_SCREEN,APP0338,C0338,DOCUMENT_SCREEN,2026-11-02T16:53:00+09:00,,,2026-11-02T16:53:00+09:00,2026-11-08T17:08:00+09:00,2026-11-12T17:08:00+09:00,,CLOSED,INSUFFICIENT_APPLICATION_EVIDENCE,,SYNTHETIC_HUMAN_SCENARIO,"{""eligibility_ref"":""EL_APP0338"",""eligibility_state"":""UNKNOWN"",""experience_refs"":[""XP_APP0338_01"",""XP_APP0338_02""],""failed_requirements"":[],""human_rationale"":""현재 제출된 지원서에서 다음 직접검증 단계로 진행할 충분한 직무 관련 Evidence Candidate를 확인하지 못했다. Skill 또는 능력 부족 판정이 아니다."",""observation_refs"":[""OB_DOCUMENT_SCREEN_PANEL_01_RECRUITER_EV_XP_APP0338_01_VALIDATE_M1_SKILL_03"",""OB_DOCUMENT_SCREEN_PANEL_01_RECRUITER_EV_XP_APP0338_02_PROBLEM_M1_SKILL_01""],""qualifying_experience_refs"":[],""skill_sufficiency_assessed"":false}"
APP0237_DOCUMENT_SCREEN,APP0237,C0237,DOCUMENT_SCREEN,2026-11-03T10:57:00+09:00,,,2026-11-03T10:57:00+09:00,2026-11-10T14:14:00+09:00,2026-11-12T14:14:00+09:00,,ADVANCED,APPLICATION_EVIDENCE_CANDIDATE,,SYNTHETIC_HUMAN_SCENARIO,"{""eligibility_ref"":""EL_APP0237"",""eligibility_state"":""UNKNOWN"",""experience_refs"":[""XP_APP0237_01"",""XP_APP0237_02""],""failed_requirements"":[],""human_rationale"":""동일 경험 안의 구체적 자기기술과 개인 역할을 후속 직접검증 대상으로 확인했다. UNKNOWN 자격은 미확인 상태로 보존한다."",""observation_refs"":[""OB_DOCUMENT_SCREEN_PANEL_01_RECRUITER_EV_XP_APP0237_01_BUILD_M1_SKILL_03"",""OB_DOCUMENT_SCREEN_PANEL_01_RECRUITER_EV_XP_APP0237_01_VALIDATE_M1_SKILL_03"",""OB_DOCUMENT_SCREEN_PANEL_01_RECRUITER_EV_XP_APP0237_02_PROBLEM_M1_SKILL_01""],""qualifying_experience_refs"":[""XP_APP0237_01""],""skill_sufficiency_assessed"":false}"
APP0335_DOCUMENT_SCREEN,APP0335,C0335,DOCUMENT_SCREEN,2026-11-03T13:34:00+09:00,,,2026-11-03T13:34:00+09:00,2026-11-08T15:10:00+09:00,2026-11-12T15:10:00+09:00,,FAILED,BASIC_REQUIREMENT_VIOLATION,,SYNTHETIC_HUMAN_SCENARIO,"{""eligibility_ref"":""EL_APP0335"",""eligibility_state"":""FAIL"",""experience_refs"":[""XP_APP0335_01""],""explicit_violation_ref"":[""EL_APP0335#degree""],""failed_requirements"":[""degree""],""human_rationale"":""공개 자격 구조를 합성 일정에 적용한 명시적 미충족으로 이번 지원을 종료한다."",""observation_refs"":[],""public_requirement_ref"":""KIA-02-REPOST"",""qualifying_experience_refs"":[],""skill_sufficiency_assessed"":false}"
APP0330_DOCUMENT_SCREEN,APP0330,C0330,DOCUMENT_SCREEN,2026-11-03T15:33:00+09:00,,,2026-11-03T15:33:00+09:00,2026-11-10T16:49:00+09:00,2026-11-11T16:49:00+09:00,,FAILED,BASIC_REQUIREMENT_VIOLATION,,SYNTHETIC_HUMAN_SCENARIO,"{""eligibility_ref"":""EL_APP0330"",""eligibility_state"":""FAIL"",""experience_refs"":[""XP_APP0330_01"",""XP_APP0330_02""],""explicit_violation_ref"":[""EL_APP0330#travel_visa""],""failed_requirements"":[""travel_visa""],""human_rationale"":""공개 자격 구조를 합성 일정에 적용한 명시적 미충족으로 이번 지원을 종료한다."",""observation_refs"":[""OB_DOCUMENT_SCREEN_PANEL_01_RECRUITER_EV_XP_APP0330_01_BUILD_M1_SKILL_03"",""OB_DOCUMENT_SCREEN_PANEL_01_RECRUITER_EV_XP_APP0330_01_VALIDATE_M1_SKILL_03"",""OB_DOCUMENT_SCREEN_PANEL_01_RECRUITER_EV_XP_APP0330_02_PROBLEM_M1_SKILL_01""],""public_requirement_ref"":""KIA-02-REPOST"",""qualifying_experience_refs"":[""XP_APP0330_01""],""skill_sufficiency_assessed"":false}"
APP0254_DOCUMENT_SCREEN,APP0254,C0254,DOCUMENT_SCREEN,2026-11-04T12:04:00+09:00,,,2026-11-04T12:04:00+09:00,2026-11-09T13:17:00+09:00,2026-11-11T13:17:00+09:00,,CLOSED,INSUFFICIENT_APPLICATION_EVIDENCE,,SYNTHETIC_HUMAN_SCENARIO,"{""eligibility_ref"":""EL_APP0254"",""eligibility_state"":""UNKNOWN"",""experience_refs"":[""XP_APP0254_01""],""failed_requirements"":[],""human_rationale"":""현재 제출된 지원서에서 다음 직접검증 단계로 진행할 충분한 직무 관련 Evidence Candidate를 확인하지 못했다. Skill 또는 능력 부족 판정이 아니다."",""observation_refs"":[""OB_DOCUMENT_SCREEN_PANEL_01_RECRUITER_EV_XP_APP0254_01_BUILD_M1_SKILL_03""],""qualifying_experience_refs"":[],""skill_sufficiency_assessed"":false}"
APP0300_DOCUMENT_SCREEN,APP0300,C0300,DOCUMENT_SCREEN,2026-11-04T14:21:00+09:00,,,2026-11-04T14:21:00+09:00,2026-11-16T14:41:00+09:00,2026-11-16T14:41:00+09:00,,ADVANCED,APPLICATION_EVIDENCE_CANDIDATE,,SYNTHETIC_HUMAN_SCENARIO,"{""eligibility_ref"":""EL_APP0300"",""eligibility_state"":""UNKNOWN"",""experience_refs"":[""XP_APP0300_01"",""XP_APP0300_02""],""failed_requirements"":[],""human_rationale"":""동일 경험 안의 구체적 자기기술과 개인 역할을 후속 직접검증 대상으로 확인했다. UNKNOWN 자격은 미확인 상태로 보존한다."",""observation_refs"":[""OB_DOCUMENT_SCREEN_PANEL_01_RECRUITER_EV_XP_APP0300_01_PROBLEM_M1_SKILL_01"",""OB_DOCUMENT_SCREEN_PANEL_01_RECRUITER_EV_XP_APP0300_02_BUILD_M1_SKILL_03"",""OB_DOCUMENT_SCREEN_PANEL_01_RECRUITER_EV_XP_APP0300_02_VALIDATE_M1_SKILL_03""],""qualifying_experience_refs"":[""XP_APP0300_02""],""skill_sufficiency_assessed"":false}"
APP0256_DOCUMENT_SCREEN,APP0256,C0256,DOCUMENT_SCREEN,2026-11-04T15:06:00+09:00,,,2026-11-04T15:06:00+09:00,2026-11-09T15:31:00+09:00,2026-11-10T15:31:00+09:00,,FAILED,BASIC_REQUIREMENT_VIOLATION,,SYNTHETIC_HUMAN_SCENARIO,"{""eligibility_ref"":""EL_APP0256"",""eligibility_state"":""FAIL"",""experience_refs"":[""XP_APP0256_01""],""explicit_violation_ref"":[""EL_APP0256#degree""],""failed_requirements"":[""degree""],""human_rationale"":""공개 자격 구조를 합성 일정에 적용한 명시적 미충족으로 이번 지원을 종료한다."",""observation_refs"":[],""public_requirement_ref"":""KIA-02-REPOST"",""qualifying_experience_refs"":[],""skill_sufficiency_assessed"":false}"
APP0262_DOCUMENT_SCREEN,APP0262,C0262,DOCUMENT_SCREEN,2026-11-04T16:33:00+09:00,,,2026-11-04T16:33:00+09:00,2026-11-12T16:53:00+09:00,2026-11-13T16:53:00+09:00,,CLOSED,INSUFFICIENT_APPLICATION_EVIDENCE,,SYNTHETIC_HUMAN_SCENARIO,"{""eligibility_ref"":""EL_APP0262"",""eligibility_state"":""PASS"",""experience_refs"":[""XP_APP0262_01"",""XP_APP0262_02""],""failed_requirements"":[],""human_rationale"":""현재 제출된 지원서에서 다음 직접검증 단계로 진행할 충분한 직무 관련 Evidence Candidate를 확인하지 못했다. Skill 또는 능력 부족 판정이 아니다."",""observation_refs"":[],""qualifying_experience_refs"":[],""skill_sufficiency_assessed"":false}"
APP0310_DOCUMENT_SCREEN,APP0310,C0310,DOCUMENT_SCREEN,2026-11-04T16:37:00+09:00,,,2026-11-04T16:37:00+09:00,2026-11-10T16:52:00+09:00,2026-11-10T16:52:00+09:00,,CLOSED,INSUFFICIENT_APPLICATION_EVIDENCE,,SYNTHETIC_HUMAN_SCENARIO,"{""eligibility_ref"":""EL_APP0310"",""eligibility_state"":""PASS"",""experience_refs"":[""XP_APP0310_01""],""failed_requirements"":[],""human_rationale"":""현재 제출된 지원서에서 다음 직접검증 단계로 진행할 충분한 직무 관련 Evidence Candidate를 확인하지 못했다. Skill 또는 능력 부족 판정이 아니다."",""observation_refs"":[""OB_DOCUMENT_SCREEN_PANEL_01_RECRUITER_EV_XP_APP0310_01_VALIDATE_M1_SKILL_03""],""qualifying_experience_refs"":[],""skill_sufficiency_assessed"":false}"
APP0279_DOCUMENT_SCREEN,APP0279,C0279,DOCUMENT_SCREEN,2026-11-05T10:49:00+09:00,,,2026-11-05T10:49:00+09:00,2026-11-08T11:04:00+09:00,2026-11-09T11:04:00+09:00,,CLOSED,INSUFFICIENT_APPLICATION_EVIDENCE,,SYNTHETIC_HUMAN_SCENARIO,"{""eligibility_ref"":""EL_APP0279"",""eligibility_state"":""UNKNOWN"",""experience_refs"":[""XP_APP0279_01""],""failed_requirements"":[],""human_rationale"":""현재 제출된 지원서에서 다음 직접검증 단계로 진행할 충분한 직무 관련 Evidence Candidate를 확인하지 못했다. Skill 또는 능력 부족 판정이 아니다."",""observation_refs"":[""OB_DOCUMENT_SCREEN_PANEL_01_RECRUITER_EV_XP_APP0279_01_PROBLEM_M1_SKILL_01""],""qualifying_experience_refs"":[],""skill_sufficiency_assessed"":false}"
APP0327_DOCUMENT_SCREEN,APP0327,C0327,DOCUMENT_SCREEN,2026-11-05T11:04:00+09:00,,,2026-11-05T11:04:00+09:00,2026-11-10T11:19:00+09:00,2026-11-11T11:19:00+09:00,,FAILED,BASIC_REQUIREMENT_VIOLATION,,SYNTHETIC_HUMAN_SCENARIO,"{""eligibility_ref"":""EL_APP0327"",""eligibility_state"":""FAIL"",""experience_refs"":[""XP_APP0327_01"",""XP_APP0327_02""],""explicit_violation_ref"":[""EL_APP0327#military""],""failed_requirements"":[""military""],""human_rationale"":""공개 자격 구조를 합성 일정에 적용한 명시적 미충족으로 이번 지원을 종료한다."",""observation_refs"":[""OB_DOCUMENT_SCREEN_PANEL_01_RECRUITER_EV_XP_APP0327_01_VALIDATE_M1_SKILL_03"",""OB_DOCUMENT_SCREEN_PANEL_01_RECRUITER_EV_XP_APP0327_02_PROBLEM_M1_SKILL_01""],""public_requirement_ref"":""KIA-02-REPOST"",""qualifying_experience_refs"":[],""skill_sufficiency_assessed"":false}"
APP0319_DOCUMENT_SCREEN,APP0319,C0319,DOCUMENT_SCREEN,2026-11-05T12:29:00+09:00,,,2026-11-05T12:29:00+09:00,2026-11-14T12:49:00+09:00,2026-11-14T12:49:00+09:00,,CLOSED,INSUFFICIENT_APPLICATION_EVIDENCE,,SYNTHETIC_HUMAN_SCENARIO,"{""eligibility_ref"":""EL_APP0319"",""eligibility_state"":""UNKNOWN"",""experience_refs"":[""XP_APP0319_01""],""failed_requirements"":[],""human_rationale"":""현재 제출된 지원서에서 다음 직접검증 단계로 진행할 충분한 직무 관련 Evidence Candidate를 확인하지 못했다. Skill 또는 능력 부족 판정이 아니다."",""observation_refs"":[""OB_DOCUMENT_SCREEN_PANEL_01_RECRUITER_EV_XP_APP0319_01_VALIDATE_M1_SKILL_03""],""qualifying_experience_refs"":[],""skill_sufficiency_assessed"":false}"
APP0318_DOCUMENT_SCREEN,APP0318,C0318,DOCUMENT_SCREEN,2026-11-05T13:56:00+09:00,,,2026-11-05T13:56:00+09:00,2026-11-11T14:11:00+09:00,2026-11-15T14:11:00+09:00,,CLOSED,INSUFFICIENT_APPLICATION_EVIDENCE,,SYNTHETIC_HUMAN_SCENARIO,"{""eligibility_ref"":""EL_APP0318"",""eligibility_state"":""PASS"",""experience_refs"":[""XP_APP0318_01"",""XP_APP0318_02""],""failed_requirements"":[],""human_rationale"":""현재 제출된 지원서에서 다음 직접검증 단계로 진행할 충분한 직무 관련 Evidence Candidate를 확인하지 못했다. Skill 또는 능력 부족 판정이 아니다."",""observation_refs"":[""OB_DOCUMENT_SCREEN_PANEL_01_RECRUITER_EV_XP_APP0318_01_PROBLEM_M1_SKILL_01"",""OB_DOCUMENT_SCREEN_PANEL_01_RECRUITER_EV_XP_APP0318_02_BUILD_M1_SKILL_03""],""qualifying_experience_refs"":[],""skill_sufficiency_assessed"":false}"
APP0322_DOCUMENT_SCREEN,APP0322,C0322,DOCUMENT_SCREEN,2026-11-05T14:37:00+09:00,,,2026-11-05T14:37:00+09:00,2026-11-11T14:57:00+09:00,2026-11-12T14:57:00+09:00,,FAILED,BASIC_REQUIREMENT_VIOLATION,,SYNTHETIC_HUMAN_SCENARIO,"{""eligibility_ref"":""EL_APP0322"",""eligibility_state"":""FAIL"",""experience_refs"":[""XP_APP0322_01""],""explicit_violation_ref"":[""EL_APP0322#travel_visa""],""failed_requirements"":[""travel_visa""],""human_rationale"":""공개 자격 구조를 합성 일정에 적용한 명시적 미충족으로 이번 지원을 종료한다."",""observation_refs"":[""OB_DOCUMENT_SCREEN_PANEL_01_RECRUITER_EV_XP_APP0322_01_PROBLEM_M1_SKILL_01"",""OB_DOCUMENT_SCREEN_PANEL_01_RECRUITER_EV_XP_APP0322_01_VALIDATE_M1_SKILL_03""],""public_requirement_ref"":""KIA-02-REPOST"",""qualifying_experience_refs"":[""XP_APP0322_01""],""skill_sufficiency_assessed"":false}"
APP0289_DOCUMENT_SCREEN,APP0289,C0289,DOCUMENT_SCREEN,2026-11-06T13:39:00+09:00,,,2026-11-06T13:39:00+09:00,2026-11-09T14:31:00+09:00,2026-11-11T14:31:00+09:00,,ADVANCED,APPLICATION_EVIDENCE_CANDIDATE,,SYNTHETIC_HUMAN_SCENARIO,"{""eligibility_ref"":""EL_APP0289"",""eligibility_state"":""UNKNOWN"",""experience_refs"":[""XP_APP0289_01"",""XP_APP0289_02""],""failed_requirements"":[],""human_rationale"":""동일 경험 안의 구체적 자기기술과 개인 역할을 후속 직접검증 대상으로 확인했다. UNKNOWN 자격은 미확인 상태로 보존한다."",""observation_refs"":[""OB_DOCUMENT_SCREEN_PANEL_01_RECRUITER_EV_XP_APP0289_01_BUILD_M1_SKILL_03"",""OB_DOCUMENT_SCREEN_PANEL_01_RECRUITER_EV_XP_APP0289_01_PROBLEM_M1_SKILL_01"",""OB_DOCUMENT_SCREEN_PANEL_01_RECRUITER_EV_XP_APP0289_01_VALIDATE_M1_SKILL_03"",""OB_DOCUMENT_SCREEN_PANEL_01_RECRUITER_EV_XP_APP0289_02_BUILD_M1_SKILL_03""],""qualifying_experience_refs"":[""XP_APP0289_01""],""skill_sufficiency_assessed"":false}"
APP0331_DOCUMENT_SCREEN,APP0331,C0331,DOCUMENT_SCREEN,2026-11-06T15:45:00+09:00,,,2026-11-06T15:45:00+09:00,2026-11-10T16:00:00+09:00,2026-11-12T16:00:00+09:00,,CLOSED,INSUFFICIENT_APPLICATION_EVIDENCE,,SYNTHETIC_HUMAN_SCENARIO,"{""eligibility_ref"":""EL_APP0331"",""eligibility_state"":""PASS"",""experience_refs"":[""XP_APP0331_01"",""XP_APP0331_02""],""failed_requirements"":[],""human_rationale"":""현재 제출된 지원서에서 다음 직접검증 단계로 진행할 충분한 직무 관련 Evidence Candidate를 확인하지 못했다. Skill 또는 능력 부족 판정이 아니다."",""observation_refs"":[""OB_DOCUMENT_SCREEN_PANEL_01_RECRUITER_EV_XP_APP0331_01_PROBLEM_M1_SKILL_01"",""OB_DOCUMENT_SCREEN_PANEL_01_RECRUITER_EV_XP_APP0331_02_BUILD_M1_SKILL_03"",""OB_DOCUMENT_SCREEN_PANEL_01_RECRUITER_EV_XP_APP0331_02_PROBLEM_M1_SKILL_01"",""OB_DOCUMENT_SCREEN_PANEL_01_RECRUITER_EV_XP_APP0331_02_VALIDATE_M1_SKILL_03""],""qualifying_experience_refs"":[],""skill_sufficiency_assessed"":false}"
APP0309_DOCUMENT_SCREEN,APP0309,C0309,DOCUMENT_SCREEN,2026-11-07T12:35:00+09:00,,,2026-11-07T12:35:00+09:00,2026-11-15T13:04:00+09:00,2026-11-15T13:04:00+09:00,,ADVANCED,APPLICATION_EVIDENCE_CANDIDATE,,SYNTHETIC_HUMAN_SCENARIO,"{""eligibility_ref"":""EL_APP0309"",""eligibility_state"":""UNKNOWN"",""experience_refs"":[""XP_APP0309_01""],""failed_requirements"":[],""human_rationale"":""동일 경험 안의 구체적 자기기술과 개인 역할을 후속 직접검증 대상으로 확인했다. UNKNOWN 자격은 미확인 상태로 보존한다."",""observation_refs"":[""OB_DOCUMENT_SCREEN_PANEL_01_RECRUITER_EV_XP_APP0309_01_BUILD_M1_SKILL_03"",""OB_DOCUMENT_SCREEN_PANEL_01_RECRUITER_EV_XP_APP0309_01_PROBLEM_M1_SKILL_01""],""qualifying_experience_refs"":[""XP_APP0309_01""],""skill_sufficiency_assessed"":false}"
APP0326_DOCUMENT_SCREEN,APP0326,C0326,DOCUMENT_SCREEN,2026-11-08T11:11:00+09:00,,,2026-11-08T11:11:00+09:00,2026-11-12T11:26:00+09:00,2026-11-12T11:26:00+09:00,,CLOSED,INSUFFICIENT_APPLICATION_EVIDENCE,,SYNTHETIC_HUMAN_SCENARIO,"{""eligibility_ref"":""EL_APP0326"",""eligibility_state"":""UNKNOWN"",""experience_refs"":[""XP_APP0326_01"",""XP_APP0326_02""],""failed_requirements"":[],""human_rationale"":""현재 제출된 지원서에서 다음 직접검증 단계로 진행할 충분한 직무 관련 Evidence Candidate를 확인하지 못했다. Skill 또는 능력 부족 판정이 아니다."",""observation_refs"":[""OB_DOCUMENT_SCREEN_PANEL_01_RECRUITER_EV_XP_APP0326_01_PROBLEM_M1_SKILL_01"",""OB_DOCUMENT_SCREEN_PANEL_01_RECRUITER_EV_XP_APP0326_02_BUILD_M1_SKILL_03"",""OB_DOCUMENT_SCREEN_PANEL_01_RECRUITER_EV_XP_APP0326_02_PROBLEM_M1_SKILL_01""],""qualifying_experience_refs"":[],""skill_sufficiency_assessed"":false}"
APP0313_DOCUMENT_SCREEN,APP0313,C0313,DOCUMENT_SCREEN,2026-11-08T13:46:00+09:00,,,2026-11-08T13:46:00+09:00,2026-11-18T14:06:00+09:00,2026-11-18T14:06:00+09:00,,FAILED,BASIC_REQUIREMENT_VIOLATION,,SYNTHETIC_HUMAN_SCENARIO,"{""eligibility_ref"":""EL_APP0313"",""eligibility_state"":""FAIL"",""experience_refs"":[""XP_APP0313_01""],""explicit_violation_ref"":[""EL_APP0313#language""],""failed_requirements"":[""language""],""human_rationale"":""공개 자격 구조를 합성 일정에 적용한 명시적 미충족으로 이번 지원을 종료한다."",""observation_refs"":[""OB_DOCUMENT_SCREEN_PANEL_01_RECRUITER_EV_XP_APP0313_01_BUILD_M1_SKILL_03"",""OB_DOCUMENT_SCREEN_PANEL_01_RECRUITER_EV_XP_APP0313_01_PROBLEM_M1_SKILL_01"",""OB_DOCUMENT_SCREEN_PANEL_01_RECRUITER_EV_XP_APP0313_01_VALIDATE_M1_SKILL_03""],""public_requirement_ref"":""KIA-02-REPOST"",""qualifying_experience_refs"":[""XP_APP0313_01""],""skill_sufficiency_assessed"":false}"
APP0334_DOCUMENT_SCREEN,APP0334,C0334,DOCUMENT_SCREEN,2026-11-09T11:54:00+09:00,,,2026-11-09T11:54:00+09:00,2026-11-21T12:09:00+09:00,2026-11-21T12:09:00+09:00,,CLOSED,INSUFFICIENT_APPLICATION_EVIDENCE,,SYNTHETIC_HUMAN_SCENARIO,"{""eligibility_ref"":""EL_APP0334"",""eligibility_state"":""UNKNOWN"",""experience_refs"":[""XP_APP0334_01"",""XP_APP0334_02""],""failed_requirements"":[],""human_rationale"":""현재 제출된 지원서에서 다음 직접검증 단계로 진행할 충분한 직무 관련 Evidence Candidate를 확인하지 못했다. Skill 또는 능력 부족 판정이 아니다."",""observation_refs"":[""OB_DOCUMENT_SCREEN_PANEL_01_RECRUITER_EV_XP_APP0334_02_BUILD_M1_SKILL_03""],""qualifying_experience_refs"":[],""skill_sufficiency_assessed"":false}"
APP0336_DOCUMENT_SCREEN,APP0336,C0336,DOCUMENT_SCREEN,2026-11-09T14:36:00+09:00,,,2026-11-09T14:36:00+09:00,2026-11-13T15:01:00+09:00,2026-11-17T15:01:00+09:00,,CLOSED,INSUFFICIENT_APPLICATION_EVIDENCE,,SYNTHETIC_HUMAN_SCENARIO,"{""eligibility_ref"":""EL_APP0336"",""eligibility_state"":""UNKNOWN"",""experience_refs"":[""XP_APP0336_01"",""XP_APP0336_02""],""failed_requirements"":[],""human_rationale"":""현재 제출된 지원서에서 다음 직접검증 단계로 진행할 충분한 직무 관련 Evidence Candidate를 확인하지 못했다. Skill 또는 능력 부족 판정이 아니다."",""observation_refs"":[""OB_DOCUMENT_SCREEN_PANEL_01_RECRUITER_EV_XP_APP0336_01_PROBLEM_M1_SKILL_01"",""OB_DOCUMENT_SCREEN_PANEL_01_RECRUITER_EV_XP_APP0336_02_BUILD_M1_SKILL_03"",""OB_DOCUMENT_SCREEN_PANEL_01_RECRUITER_EV_XP_APP0336_02_PROBLEM_M1_SKILL_01"",""OB_DOCUMENT_SCREEN_PANEL_01_RECRUITER_EV_XP_APP0336_02_VALIDATE_M1_SKILL_03""],""qualifying_experience_refs"":[],""skill_sufficiency_assessed"":false}"
APP0024_PRE_ASSESSMENT,APP0024,C0024,PRE_ASSESSMENT,2026-10-23T13:44:00+09:00,2026-10-24T13:44:00+09:00,2026-11-03T13:44:00+09:00,2026-11-03T15:19:00+09:00,2026-11-05T15:19:00+09:00,2026-11-05T15:19:00+09:00,,FAILED,DIRECT_TASK_LIMITATION,,SYNTHETIC_HUMAN_SCENARIO,"{""criterion"":""CODING_VERIFICATION_OMISSION"",""human_rationale"":""해당 단계 직접 근거의 명시적 비진행 기준을 검토했다."",""observation_refs"":[""OB_REVIEW_ML_01_EV_APP0024_PRE_ASSESSMENT_CODING_TEST_M1_SKILL_03"",""OB_REVIEW_HM_01_EV_APP0024_PRE_ASSESSMENT_CODING_TEST_M1_SKILL_03""],""stage"":""PRE_ASSESSMENT""}"
APP0070_PRE_ASSESSMENT,APP0070,C0070,PRE_ASSESSMENT,2026-10-24T15:08:00+09:00,2026-10-25T15:08:00+09:00,2026-10-29T15:08:00+09:00,2026-10-29T16:43:00+09:00,2026-10-30T16:43:00+09:00,2026-10-31T16:43:00+09:00,,ADVANCED,PRE_TASK_COMPLETE,,SYNTHETIC_HUMAN_SCENARIO,"{""criterion"":""CODING_VERIFICATION_OMISSION"",""human_rationale"":""단계 활동과 관찰을 검토하여 다음 판단으로 진행한다. 미관찰은 부족/탈락과 동일하지 않다."",""observation_refs"":[""OB_REVIEW_ML_01_EV_APP0070_PRE_ASSESSMENT_CODING_TEST_M1_SKILL_03"",""OB_REVIEW_HM_01_EV_APP0070_PRE_ASSESSMENT_CODING_TEST_M1_SKILL_03""],""stage"":""PRE_ASSESSMENT""}"
APP0058_PRE_ASSESSMENT,APP0058,C0058,PRE_ASSESSMENT,2026-10-25T15:02:00+09:00,2026-10-26T15:02:00+09:00,2026-10-30T15:02:00+09:00,2026-10-30T16:47:00+09:00,2026-11-04T16:47:00+09:00,2026-11-06T16:47:00+09:00,,ADVANCED,PRE_TASK_COMPLETE,,SYNTHETIC_HUMAN_SCENARIO,"{""criterion"":""CODING_VERIFICATION_OMISSION"",""human_rationale"":""단계 활동과 관찰을 검토하여 다음 판단으로 진행한다. 미관찰은 부족/탈락과 동일하지 않다."",""observation_refs"":[""OB_REVIEW_ML_01_EV_APP0058_PRE_ASSESSMENT_CODING_TEST_M1_SKILL_03"",""OB_REVIEW_HM_01_EV_APP0058_PRE_ASSESSMENT_CODING_TEST_M1_SKILL_03""],""stage"":""PRE_ASSESSMENT""}"
APP0025_PRE_ASSESSMENT,APP0025,C0025,PRE_ASSESSMENT,2026-10-25T16:02:00+09:00,2026-10-26T16:02:00+09:00,2026-11-02T16:02:00+09:00,2026-11-02T17:47:00+09:00,2026-11-07T17:47:00+09:00,2026-11-07T17:47:00+09:00,,ADVANCED,PRE_TASK_COMPLETE,,SYNTHETIC_HUMAN_SCENARIO,"{""criterion"":""CODING_VERIFICATION_OMISSION"",""human_rationale"":""단계 활동과 관찰을 검토하여 다음 판단으로 진행한다. 미관찰은 부족/탈락과 동일하지 않다."",""observation_refs"":[""OB_REVIEW_ML_01_EV_APP0025_PRE_ASSESSMENT_CODING_TEST_M1_SKILL_03"",""OB_REVIEW_HM_01_EV_APP0025_PRE_ASSESSMENT_CODING_TEST_M1_SKILL_03""],""stage"":""PRE_ASSESSMENT""}"
APP0112_PRE_ASSESSMENT,APP0112,C0112,PRE_ASSESSMENT,2026-10-26T12:33:00+09:00,2026-10-27T12:33:00+09:00,2026-11-03T12:33:00+09:00,2026-11-03T14:18:00+09:00,2026-11-06T14:18:00+09:00,2026-11-10T14:18:00+09:00,,ADVANCED,PRE_TASK_COMPLETE,,SYNTHETIC_HUMAN_SCENARIO,"{""criterion"":""CODING_VERIFICATION_OMISSION"",""human_rationale"":""단계 활동과 관찰을 검토하여 다음 판단으로 진행한다. 미관찰은 부족/탈락과 동일하지 않다."",""observation_refs"":[""OB_REVIEW_ML_01_EV_APP0112_PRE_ASSESSMENT_CODING_TEST_M1_SKILL_03"",""OB_REVIEW_HM_01_EV_APP0112_PRE_ASSESSMENT_CODING_TEST_M1_SKILL_03""],""stage"":""PRE_ASSESSMENT""}"
APP0095_PRE_ASSESSMENT,APP0095,C0095,PRE_ASSESSMENT,2026-10-26T15:25:00+09:00,2026-10-27T15:25:00+09:00,2026-11-03T15:25:00+09:00,2026-11-03T17:05:00+09:00,2026-11-04T17:05:00+09:00,2026-11-04T17:05:00+09:00,,ADVANCED,PRE_TASK_COMPLETE,,SYNTHETIC_HUMAN_SCENARIO,"{""criterion"":""CODING_VERIFICATION_OMISSION"",""human_rationale"":""단계 활동과 관찰을 검토하여 다음 판단으로 진행한다. 미관찰은 부족/탈락과 동일하지 않다."",""observation_refs"":[""OB_REVIEW_ML_01_EV_APP0095_PRE_ASSESSMENT_CODING_TEST_M1_SKILL_03"",""OB_REVIEW_HM_01_EV_APP0095_PRE_ASSESSMENT_CODING_TEST_M1_SKILL_03""],""stage"":""PRE_ASSESSMENT""}"
APP0030_PRE_ASSESSMENT,APP0030,C0030,PRE_ASSESSMENT,2026-10-27T13:00:00+09:00,2026-10-28T13:00:00+09:00,2026-11-01T13:00:00+09:00,2026-11-01T14:25:00+09:00,2026-11-04T14:25:00+09:00,2026-11-05T14:25:00+09:00,,FAILED,DIRECT_TASK_LIMITATION,,SYNTHETIC_HUMAN_SCENARIO,"{""criterion"":""CODING_VERIFICATION_OMISSION"",""human_rationale"":""해당 단계 직접 근거의 명시적 비진행 기준을 검토했다."",""observation_refs"":[""OB_REVIEW_ML_01_EV_APP0030_PRE_ASSESSMENT_CODING_TEST_M1_SKILL_03"",""OB_REVIEW_HM_01_EV_APP0030_PRE_ASSESSMENT_CODING_TEST_M1_SKILL_03""],""stage"":""PRE_ASSESSMENT""}"
APP0074_PRE_ASSESSMENT,APP0074,C0074,PRE_ASSESSMENT,2026-10-27T14:01:00+09:00,2026-10-28T14:01:00+09:00,2026-11-07T14:01:00+09:00,2026-11-07T15:36:00+09:00,2026-11-09T15:36:00+09:00,2026-11-11T15:36:00+09:00,,FAILED,DIRECT_TASK_LIMITATION,,SYNTHETIC_HUMAN_SCENARIO,"{""criterion"":""CODING_VERIFICATION_OMISSION"",""human_rationale"":""해당 단계 직접 근거의 명시적 비진행 기준을 검토했다."",""observation_refs"":[""OB_REVIEW_ML_01_EV_APP0074_PRE_ASSESSMENT_CODING_TEST_M1_SKILL_03"",""OB_REVIEW_HM_01_EV_APP0074_PRE_ASSESSMENT_CODING_TEST_M1_SKILL_03""],""stage"":""PRE_ASSESSMENT""}"
APP0046_PRE_ASSESSMENT,APP0046,C0046,PRE_ASSESSMENT,2026-10-27T15:49:00+09:00,2026-10-28T15:49:00+09:00,2026-11-04T15:49:00+09:00,2026-11-04T17:29:00+09:00,2026-11-09T17:29:00+09:00,2026-11-09T17:29:00+09:00,,ADVANCED,PRE_TASK_COMPLETE,,SYNTHETIC_HUMAN_SCENARIO,"{""criterion"":""CODING_VERIFICATION_OMISSION"",""human_rationale"":""단계 활동과 관찰을 검토하여 다음 판단으로 진행한다. 미관찰은 부족/탈락과 동일하지 않다."",""observation_refs"":[""OB_REVIEW_ML_01_EV_APP0046_PRE_ASSESSMENT_CODING_TEST_M1_SKILL_03"",""OB_REVIEW_HM_01_EV_APP0046_PRE_ASSESSMENT_CODING_TEST_M1_SKILL_03""],""stage"":""PRE_ASSESSMENT""}"
APP0153_PRE_ASSESSMENT,APP0153,C0153,PRE_ASSESSMENT,2026-10-27T17:31:00+09:00,2026-10-28T17:31:00+09:00,2026-11-04T17:31:00+09:00,2026-11-04T18:56:00+09:00,2026-11-07T18:56:00+09:00,2026-11-07T18:56:00+09:00,,ADVANCED,PRE_TASK_COMPLETE,,SYNTHETIC_HUMAN_SCENARIO,"{""criterion"":""CODING_VERIFICATION_OMISSION"",""human_rationale"":""단계 활동과 관찰을 검토하여 다음 판단으로 진행한다. 미관찰은 부족/탈락과 동일하지 않다."",""observation_refs"":[""OB_REVIEW_ML_01_EV_APP0153_PRE_ASSESSMENT_CODING_TEST_M1_SKILL_03"",""OB_REVIEW_HM_01_EV_APP0153_PRE_ASSESSMENT_CODING_TEST_M1_SKILL_03""],""stage"":""PRE_ASSESSMENT""}"
APP0076_PRE_ASSESSMENT,APP0076,C0076,PRE_ASSESSMENT,2026-10-28T10:26:00+09:00,2026-10-29T10:26:00+09:00,2026-11-05T10:26:00+09:00,2026-11-05T12:01:00+09:00,2026-11-08T12:01:00+09:00,2026-11-10T12:01:00+09:00,,ADVANCED,PRE_TASK_COMPLETE,,SYNTHETIC_HUMAN_SCENARIO,"{""criterion"":""CODING_VERIFICATION_OMISSION"",""human_rationale"":""단계 활동과 관찰을 검토하여 다음 판단으로 진행한다. 미관찰은 부족/탈락과 동일하지 않다."",""observation_refs"":[""OB_REVIEW_ML_01_EV_APP0076_PRE_ASSESSMENT_CODING_TEST_M1_SKILL_03"",""OB_REVIEW_HM_01_EV_APP0076_PRE_ASSESSMENT_CODING_TEST_M1_SKILL_03""],""stage"":""PRE_ASSESSMENT""}"
APP0101_PRE_ASSESSMENT,APP0101,C0101,PRE_ASSESSMENT,2026-10-28T16:14:00+09:00,2026-10-29T16:14:00+09:00,2026-11-08T16:14:00+09:00,2026-11-08T17:49:00+09:00,2026-11-10T17:49:00+09:00,2026-11-14T17:49:00+09:00,,ADVANCED,PRE_TASK_COMPLETE,,SYNTHETIC_HUMAN_SCENARIO,"{""criterion"":""CODING_VERIFICATION_OMISSION"",""human_rationale"":""단계 활동과 관찰을 검토하여 다음 판단으로 진행한다. 미관찰은 부족/탈락과 동일하지 않다."",""observation_refs"":[""OB_REVIEW_ML_01_EV_APP0101_PRE_ASSESSMENT_CODING_TEST_M1_SKILL_03"",""OB_REVIEW_HM_01_EV_APP0101_PRE_ASSESSMENT_CODING_TEST_M1_SKILL_03""],""stage"":""PRE_ASSESSMENT""}"
APP0163_PRE_ASSESSMENT,APP0163,C0163,PRE_ASSESSMENT,2026-10-28T18:11:00+09:00,2026-10-29T18:11:00+09:00,2026-11-08T18:11:00+09:00,2026-11-08T19:46:00+09:00,2026-11-10T19:46:00+09:00,2026-11-10T19:46:00+09:00,,ADVANCED,PRE_TASK_COMPLETE,,SYNTHETIC_HUMAN_SCENARIO,"{""criterion"":""CODING_VERIFICATION_OMISSION"",""human_rationale"":""단계 활동과 관찰을 검토하여 다음 판단으로 진행한다. 미관찰은 부족/탈락과 동일하지 않다."",""observation_refs"":[""OB_REVIEW_ML_01_EV_APP0163_PRE_ASSESSMENT_CODING_TEST_M1_SKILL_03"",""OB_REVIEW_HM_01_EV_APP0163_PRE_ASSESSMENT_CODING_TEST_M1_SKILL_03""],""stage"":""PRE_ASSESSMENT""}"
APP0068_PRE_ASSESSMENT,APP0068,C0068,PRE_ASSESSMENT,2026-10-29T11:58:00+09:00,2026-10-30T11:58:00+09:00,2026-11-09T11:58:00+09:00,2026-11-09T13:28:00+09:00,2026-11-12T13:28:00+09:00,2026-11-14T13:28:00+09:00,,ADVANCED,PRE_TASK_COMPLETE,,SYNTHETIC_HUMAN_SCENARIO,"{""criterion"":""CODING_VERIFICATION_OMISSION"",""human_rationale"":""단계 활동과 관찰을 검토하여 다음 판단으로 진행한다. 미관찰은 부족/탈락과 동일하지 않다."",""observation_refs"":[""OB_REVIEW_ML_01_EV_APP0068_PRE_ASSESSMENT_CODING_TEST_M1_SKILL_03"",""OB_REVIEW_HM_01_EV_APP0068_PRE_ASSESSMENT_CODING_TEST_M1_SKILL_03""],""stage"":""PRE_ASSESSMENT""}"
APP0143_PRE_ASSESSMENT,APP0143,C0143,PRE_ASSESSMENT,2026-10-29T12:40:00+09:00,2026-10-30T12:40:00+09:00,2026-11-06T12:40:00+09:00,2026-11-06T14:35:00+09:00,2026-11-11T14:35:00+09:00,2026-11-12T14:35:00+09:00,,ADVANCED,PRE_TASK_COMPLETE,,SYNTHETIC_HUMAN_SCENARIO,"{""criterion"":""CODING_VERIFICATION_OMISSION"",""human_rationale"":""단계 활동과 관찰을 검토하여 다음 판단으로 진행한다. 미관찰은 부족/탈락과 동일하지 않다."",""observation_refs"":[""OB_REVIEW_ML_01_EV_APP0143_PRE_ASSESSMENT_CODING_TEST_M1_SKILL_03"",""OB_REVIEW_HM_01_EV_APP0143_PRE_ASSESSMENT_CODING_TEST_M1_SKILL_03""],""stage"":""PRE_ASSESSMENT""}"
APP0064_PRE_ASSESSMENT,APP0064,C0064,PRE_ASSESSMENT,2026-10-29T13:10:00+09:00,2026-10-30T13:10:00+09:00,2026-11-06T13:10:00+09:00,2026-11-06T15:05:00+09:00,2026-11-08T15:05:00+09:00,2026-11-12T15:05:00+09:00,,ADVANCED,PRE_TASK_COMPLETE,,SYNTHETIC_HUMAN_SCENARIO,"{""criterion"":""CODING_VERIFICATION_OMISSION"",""human_rationale"":""단계 활동과 관찰을 검토하여 다음 판단으로 진행한다. 미관찰은 부족/탈락과 동일하지 않다."",""observation_refs"":[""OB_REVIEW_ML_01_EV_APP0064_PRE_ASSESSMENT_CODING_TEST_M1_SKILL_03"",""OB_REVIEW_HM_01_EV_APP0064_PRE_ASSESSMENT_CODING_TEST_M1_SKILL_03""],""stage"":""PRE_ASSESSMENT""}"
APP0141_PRE_ASSESSMENT,APP0141,C0141,PRE_ASSESSMENT,2026-10-29T16:20:00+09:00,2026-10-30T16:20:00+09:00,2026-11-03T16:20:00+09:00,2026-11-03T17:55:00+09:00,2026-11-08T17:55:00+09:00,2026-11-10T17:55:00+09:00,,ADVANCED,PRE_TASK_COMPLETE,,SYNTHETIC_HUMAN_SCENARIO,"{""criterion"":""CODING_VERIFICATION_OMISSION"",""human_rationale"":""단계 활동과 관찰을 검토하여 다음 판단으로 진행한다. 미관찰은 부족/탈락과 동일하지 않다."",""observation_refs"":[""OB_REVIEW_ML_01_EV_APP0141_PRE_ASSESSMENT_CODING_TEST_M1_SKILL_03"",""OB_REVIEW_HM_01_EV_APP0141_PRE_ASSESSMENT_CODING_TEST_M1_SKILL_03""],""stage"":""PRE_ASSESSMENT""}"
APP0125_PRE_ASSESSMENT,APP0125,C0125,PRE_ASSESSMENT,2026-10-29T17:25:00+09:00,2026-10-30T17:25:00+09:00,2026-11-06T17:25:00+09:00,,,,,IN_PROGRESS,,,,"{""motive"":""UNKNOWN"",""operational_state"":""NO_RESPONSE_PENDING""}"
APP0128_PRE_ASSESSMENT,APP0128,C0128,PRE_ASSESSMENT,2026-10-30T09:57:00+09:00,2026-10-31T09:57:00+09:00,2026-11-04T09:57:00+09:00,2026-11-04T11:32:00+09:00,2026-11-09T11:32:00+09:00,2026-11-10T11:32:00+09:00,,ADVANCED,PRE_TASK_COMPLETE,,SYNTHETIC_HUMAN_SCENARIO,"{""criterion"":""CODING_VERIFICATION_OMISSION"",""human_rationale"":""단계 활동과 관찰을 검토하여 다음 판단으로 진행한다. 미관찰은 부족/탈락과 동일하지 않다."",""observation_refs"":[""OB_REVIEW_ML_01_EV_APP0128_PRE_ASSESSMENT_CODING_TEST_M1_SKILL_03"",""OB_REVIEW_HM_01_EV_APP0128_PRE_ASSESSMENT_CODING_TEST_M1_SKILL_03""],""stage"":""PRE_ASSESSMENT""}"
APP0111_PRE_ASSESSMENT,APP0111,C0111,PRE_ASSESSMENT,2026-10-30T12:49:00+09:00,2026-10-31T12:49:00+09:00,2026-11-07T12:49:00+09:00,,,,2026-11-02T12:49:00+09:00,WITHDRAWN,,UNKNOWN,,
APP0033_PRE_ASSESSMENT,APP0033,C0033,PRE_ASSESSMENT,2026-10-30T13:27:00+09:00,2026-10-31T13:27:00+09:00,2026-11-04T13:27:00+09:00,2026-11-04T15:17:00+09:00,2026-11-05T15:17:00+09:00,2026-11-07T15:17:00+09:00,,FAILED,DIRECT_TASK_LIMITATION,,SYNTHETIC_HUMAN_SCENARIO,"{""criterion"":""CODING_VERIFICATION_OMISSION"",""human_rationale"":""해당 단계 직접 근거의 명시적 비진행 기준을 검토했다."",""observation_refs"":[""OB_REVIEW_ML_01_EV_APP0033_PRE_ASSESSMENT_CODING_TEST_M1_SKILL_03"",""OB_REVIEW_HM_01_EV_APP0033_PRE_ASSESSMENT_CODING_TEST_M1_SKILL_03""],""stage"":""PRE_ASSESSMENT""}"
APP0093_PRE_ASSESSMENT,APP0093,C0093,PRE_ASSESSMENT,2026-10-30T15:10:00+09:00,2026-10-31T15:10:00+09:00,2026-11-07T15:10:00+09:00,2026-11-07T16:55:00+09:00,2026-11-08T16:55:00+09:00,2026-11-12T16:55:00+09:00,,ADVANCED,PRE_TASK_COMPLETE,,SYNTHETIC_HUMAN_SCENARIO,"{""criterion"":""CODING_VERIFICATION_OMISSION"",""human_rationale"":""단계 활동과 관찰을 검토하여 다음 판단으로 진행한다. 미관찰은 부족/탈락과 동일하지 않다."",""observation_refs"":[""OB_REVIEW_ML_01_EV_APP0093_PRE_ASSESSMENT_CODING_TEST_M1_SKILL_03"",""OB_REVIEW_HM_01_EV_APP0093_PRE_ASSESSMENT_CODING_TEST_M1_SKILL_03""],""stage"":""PRE_ASSESSMENT""}"
APP0147_PRE_ASSESSMENT,APP0147,C0147,PRE_ASSESSMENT,2026-10-30T16:40:00+09:00,2026-10-31T16:40:00+09:00,2026-11-07T16:40:00+09:00,,,,,IN_PROGRESS,,,,"{""motive"":""UNKNOWN"",""operational_state"":""NO_RESPONSE_PENDING""}"
APP0031_PRE_ASSESSMENT,APP0031,C0031,PRE_ASSESSMENT,2026-10-30T16:51:00+09:00,2026-10-31T16:51:00+09:00,2026-11-07T16:51:00+09:00,2026-11-07T18:16:00+09:00,2026-11-08T18:16:00+09:00,2026-11-08T18:16:00+09:00,,ADVANCED,PRE_TASK_COMPLETE,,SYNTHETIC_HUMAN_SCENARIO,"{""criterion"":""CODING_VERIFICATION_OMISSION"",""human_rationale"":""단계 활동과 관찰을 검토하여 다음 판단으로 진행한다. 미관찰은 부족/탈락과 동일하지 않다."",""observation_refs"":[""OB_REVIEW_ML_01_EV_APP0031_PRE_ASSESSMENT_CODING_TEST_M1_SKILL_03"",""OB_REVIEW_HM_01_EV_APP0031_PRE_ASSESSMENT_CODING_TEST_M1_SKILL_03""],""stage"":""PRE_ASSESSMENT""}"
APP0170_PRE_ASSESSMENT,APP0170,C0170,PRE_ASSESSMENT,2026-10-30T18:36:00+09:00,2026-10-31T18:36:00+09:00,2026-11-04T18:36:00+09:00,2026-11-04T20:21:00+09:00,2026-11-05T20:21:00+09:00,2026-11-07T20:21:00+09:00,,ADVANCED,PRE_TASK_COMPLETE,,SYNTHETIC_HUMAN_SCENARIO,"{""criterion"":""CODING_VERIFICATION_OMISSION"",""human_rationale"":""단계 활동과 관찰을 검토하여 다음 판단으로 진행한다. 미관찰은 부족/탈락과 동일하지 않다."",""observation_refs"":[""OB_REVIEW_ML_01_EV_APP0170_PRE_ASSESSMENT_CODING_TEST_M1_SKILL_03"",""OB_REVIEW_HM_01_EV_APP0170_PRE_ASSESSMENT_CODING_TEST_M1_SKILL_03""],""stage"":""PRE_ASSESSMENT""}"
APP0056_PRE_ASSESSMENT,APP0056,C0056,PRE_ASSESSMENT,2026-10-31T10:47:00+09:00,2026-11-01T10:47:00+09:00,2026-11-11T10:47:00+09:00,2026-11-11T12:42:00+09:00,2026-11-16T12:42:00+09:00,2026-11-18T12:42:00+09:00,,ADVANCED,PRE_TASK_COMPLETE,,SYNTHETIC_HUMAN_SCENARIO,"{""criterion"":""CODING_VERIFICATION_OMISSION"",""human_rationale"":""단계 활동과 관찰을 검토하여 다음 판단으로 진행한다. 미관찰은 부족/탈락과 동일하지 않다."",""observation_refs"":[""OB_REVIEW_ML_01_EV_APP0056_PRE_ASSESSMENT_CODING_TEST_M1_SKILL_03"",""OB_REVIEW_HM_01_EV_APP0056_PRE_ASSESSMENT_CODING_TEST_M1_SKILL_03""],""stage"":""PRE_ASSESSMENT""}"
APP0167_PRE_ASSESSMENT,APP0167,C0167,PRE_ASSESSMENT,2026-10-31T14:39:00+09:00,2026-11-01T14:39:00+09:00,2026-11-05T14:39:00+09:00,2026-11-05T16:29:00+09:00,2026-11-08T16:29:00+09:00,2026-11-12T16:29:00+09:00,,ADVANCED,PRE_TASK_COMPLETE,,SYNTHETIC_HUMAN_SCENARIO,"{""criterion"":""CODING_VERIFICATION_OMISSION"",""human_rationale"":""단계 활동과 관찰을 검토하여 다음 판단으로 진행한다. 미관찰은 부족/탈락과 동일하지 않다."",""observation_refs"":[""OB_REVIEW_ML_01_EV_APP0167_PRE_ASSESSMENT_CODING_TEST_M1_SKILL_03"",""OB_REVIEW_HM_01_EV_APP0167_PRE_ASSESSMENT_CODING_TEST_M1_SKILL_03""],""stage"":""PRE_ASSESSMENT""}"
APP0005_PRE_ASSESSMENT,APP0005,C0005,PRE_ASSESSMENT,2026-10-31T14:42:00+09:00,2026-11-01T14:42:00+09:00,2026-11-08T14:42:00+09:00,2026-11-08T16:32:00+09:00,2026-11-13T16:32:00+09:00,2026-11-14T16:32:00+09:00,,ADVANCED,PRE_TASK_COMPLETE,,SYNTHETIC_HUMAN_SCENARIO,"{""criterion"":""CODING_VERIFICATION_OMISSION"",""human_rationale"":""단계 활동과 관찰을 검토하여 다음 판단으로 진행한다. 미관찰은 부족/탈락과 동일하지 않다."",""observation_refs"":[""OB_REVIEW_ML_01_EV_APP0005_PRE_ASSESSMENT_CODING_TEST_M1_SKILL_03"",""OB_REVIEW_HM_01_EV_APP0005_PRE_ASSESSMENT_CODING_TEST_M1_SKILL_03""],""stage"":""PRE_ASSESSMENT""}"
APP0039_PRE_ASSESSMENT,APP0039,C0039,PRE_ASSESSMENT,2026-10-31T15:54:00+09:00,2026-11-01T15:54:00+09:00,2026-11-05T15:54:00+09:00,2026-11-05T17:29:00+09:00,2026-11-08T17:29:00+09:00,2026-11-09T17:29:00+09:00,,ADVANCED,PRE_TASK_COMPLETE,,SYNTHETIC_HUMAN_SCENARIO,"{""criterion"":""CODING_VERIFICATION_OMISSION"",""human_rationale"":""단계 활동과 관찰을 검토하여 다음 판단으로 진행한다. 미관찰은 부족/탈락과 동일하지 않다."",""observation_refs"":[""OB_REVIEW_ML_01_EV_APP0039_PRE_ASSESSMENT_CODING_TEST_M1_SKILL_03"",""OB_REVIEW_HM_01_EV_APP0039_PRE_ASSESSMENT_CODING_TEST_M1_SKILL_03""],""stage"":""PRE_ASSESSMENT""}"
APP0155_PRE_ASSESSMENT,APP0155,C0155,PRE_ASSESSMENT,2026-11-01T13:00:00+09:00,2026-11-02T13:00:00+09:00,2026-11-09T13:00:00+09:00,2026-11-09T14:30:00+09:00,2026-11-10T14:30:00+09:00,2026-11-12T14:30:00+09:00,,ADVANCED,PRE_TASK_COMPLETE,,SYNTHETIC_HUMAN_SCENARIO,"{""criterion"":""CODING_VERIFICATION_OMISSION"",""human_rationale"":""단계 활동과 관찰을 검토하여 다음 판단으로 진행한다. 미관찰은 부족/탈락과 동일하지 않다."",""observation_refs"":[""OB_REVIEW_ML_01_EV_APP0155_PRE_ASSESSMENT_CODING_TEST_M1_SKILL_03"",""OB_REVIEW_HM_01_EV_APP0155_PRE_ASSESSMENT_CODING_TEST_M1_SKILL_03""],""stage"":""PRE_ASSESSMENT""}"
APP0150_PRE_ASSESSMENT,APP0150,C0150,PRE_ASSESSMENT,2026-11-01T13:13:00+09:00,2026-11-02T13:13:00+09:00,2026-11-06T13:13:00+09:00,2026-11-06T14:43:00+09:00,2026-11-08T14:43:00+09:00,2026-11-09T14:43:00+09:00,,ADVANCED,PRE_TASK_COMPLETE,,SYNTHETIC_HUMAN_SCENARIO,"{""criterion"":""CODING_VERIFICATION_OMISSION"",""human_rationale"":""단계 활동과 관찰을 검토하여 다음 판단으로 진행한다. 미관찰은 부족/탈락과 동일하지 않다."",""observation_refs"":[""OB_REVIEW_ML_01_EV_APP0150_PRE_ASSESSMENT_CODING_TEST_M1_SKILL_03"",""OB_REVIEW_HM_01_EV_APP0150_PRE_ASSESSMENT_CODING_TEST_M1_SKILL_03""],""stage"":""PRE_ASSESSMENT""}"
APP0004_PRE_ASSESSMENT,APP0004,C0004,PRE_ASSESSMENT,2026-11-01T16:00:00+09:00,2026-11-02T16:00:00+09:00,2026-11-06T16:00:00+09:00,2026-11-06T17:35:00+09:00,2026-11-07T17:35:00+09:00,2026-11-11T17:35:00+09:00,,ADVANCED,PRE_TASK_COMPLETE,,SYNTHETIC_HUMAN_SCENARIO,"{""criterion"":""CODING_VERIFICATION_OMISSION"",""human_rationale"":""단계 활동과 관찰을 검토하여 다음 판단으로 진행한다. 미관찰은 부족/탈락과 동일하지 않다."",""observation_refs"":[""OB_REVIEW_ML_01_EV_APP0004_PRE_ASSESSMENT_CODING_TEST_M1_SKILL_03"",""OB_REVIEW_HM_01_EV_APP0004_PRE_ASSESSMENT_CODING_TEST_M1_SKILL_03""],""stage"":""PRE_ASSESSMENT""}"
APP0216_PRE_ASSESSMENT,APP0216,C0216,PRE_ASSESSMENT,2026-11-02T10:51:00+09:00,2026-11-03T10:51:00+09:00,2026-11-10T10:51:00+09:00,2026-11-10T12:26:00+09:00,2026-11-13T12:26:00+09:00,2026-11-15T12:26:00+09:00,,ADVANCED,PRE_TASK_COMPLETE,,SYNTHETIC_HUMAN_SCENARIO,"{""criterion"":""CODING_VERIFICATION_OMISSION"",""human_rationale"":""단계 활동과 관찰을 검토하여 다음 판단으로 진행한다. 미관찰은 부족/탈락과 동일하지 않다."",""observation_refs"":[""OB_REVIEW_ML_01_EV_APP0216_PRE_ASSESSMENT_CODING_TEST_M1_SKILL_03"",""OB_REVIEW_HM_01_EV_APP0216_PRE_ASSESSMENT_CODING_TEST_M1_SKILL_03""],""stage"":""PRE_ASSESSMENT""}"
APP0105_PRE_ASSESSMENT,APP0105,C0105,PRE_ASSESSMENT,2026-11-02T11:59:00+09:00,2026-11-03T11:59:00+09:00,2026-11-13T11:59:00+09:00,2026-11-13T13:24:00+09:00,2026-11-16T13:24:00+09:00,2026-11-18T13:24:00+09:00,,ADVANCED,PRE_TASK_COMPLETE,,SYNTHETIC_HUMAN_SCENARIO,"{""criterion"":""CODING_VERIFICATION_OMISSION"",""human_rationale"":""단계 활동과 관찰을 검토하여 다음 판단으로 진행한다. 미관찰은 부족/탈락과 동일하지 않다."",""observation_refs"":[""OB_REVIEW_ML_01_EV_APP0105_PRE_ASSESSMENT_CODING_TEST_M1_SKILL_03"",""OB_REVIEW_HM_01_EV_APP0105_PRE_ASSESSMENT_CODING_TEST_M1_SKILL_03""],""stage"":""PRE_ASSESSMENT""}"
APP0037_PRE_ASSESSMENT,APP0037,C0037,PRE_ASSESSMENT,2026-11-02T17:00:00+09:00,2026-11-03T17:00:00+09:00,2026-11-07T17:00:00+09:00,2026-11-07T18:55:00+09:00,2026-11-12T18:55:00+09:00,2026-11-16T18:55:00+09:00,,ADVANCED,PRE_TASK_COMPLETE,,SYNTHETIC_HUMAN_SCENARIO,"{""criterion"":""CODING_VERIFICATION_OMISSION"",""human_rationale"":""단계 활동과 관찰을 검토하여 다음 판단으로 진행한다. 미관찰은 부족/탈락과 동일하지 않다."",""observation_refs"":[""OB_REVIEW_ML_01_EV_APP0037_PRE_ASSESSMENT_CODING_TEST_M1_SKILL_03"",""OB_REVIEW_HM_01_EV_APP0037_PRE_ASSESSMENT_CODING_TEST_M1_SKILL_03""],""stage"":""PRE_ASSESSMENT""}"
APP0052_PRE_ASSESSMENT,APP0052,C0052,PRE_ASSESSMENT,2026-11-02T17:56:00+09:00,2026-11-03T17:56:00+09:00,2026-11-10T17:56:00+09:00,2026-11-10T19:31:00+09:00,2026-11-15T19:31:00+09:00,2026-11-16T19:31:00+09:00,,ADVANCED,PRE_TASK_COMPLETE,,SYNTHETIC_HUMAN_SCENARIO,"{""criterion"":""CODING_VERIFICATION_OMISSION"",""human_rationale"":""단계 활동과 관찰을 검토하여 다음 판단으로 진행한다. 미관찰은 부족/탈락과 동일하지 않다."",""observation_refs"":[""OB_REVIEW_ML_01_EV_APP0052_PRE_ASSESSMENT_CODING_TEST_M1_SKILL_03"",""OB_REVIEW_HM_01_EV_APP0052_PRE_ASSESSMENT_CODING_TEST_M1_SKILL_03""],""stage"":""PRE_ASSESSMENT""}"
APP0107_PRE_ASSESSMENT,APP0107,C0107,PRE_ASSESSMENT,2026-11-03T11:50:00+09:00,2026-11-04T11:50:00+09:00,2026-11-11T11:50:00+09:00,2026-11-11T13:25:00+09:00,2026-11-12T13:25:00+09:00,2026-11-12T13:25:00+09:00,,ADVANCED,PRE_TASK_COMPLETE,,SYNTHETIC_HUMAN_SCENARIO,"{""criterion"":""CODING_VERIFICATION_OMISSION"",""human_rationale"":""단계 활동과 관찰을 검토하여 다음 판단으로 진행한다. 미관찰은 부족/탈락과 동일하지 않다."",""observation_refs"":[""OB_REVIEW_ML_01_EV_APP0107_PRE_ASSESSMENT_CODING_TEST_M1_SKILL_03"",""OB_REVIEW_HM_01_EV_APP0107_PRE_ASSESSMENT_CODING_TEST_M1_SKILL_03""],""stage"":""PRE_ASSESSMENT""}"
APP0205_PRE_ASSESSMENT,APP0205,C0205,PRE_ASSESSMENT,2026-11-03T12:39:00+09:00,2026-11-04T12:39:00+09:00,2026-11-08T12:39:00+09:00,2026-11-08T14:09:00+09:00,2026-11-10T14:09:00+09:00,2026-11-11T14:09:00+09:00,,ADVANCED,PRE_TASK_COMPLETE,,SYNTHETIC_HUMAN_SCENARIO,"{""criterion"":""CODING_VERIFICATION_OMISSION"",""human_rationale"":""단계 활동과 관찰을 검토하여 다음 판단으로 진행한다. 미관찰은 부족/탈락과 동일하지 않다."",""observation_refs"":[""OB_REVIEW_ML_01_EV_APP0205_PRE_ASSESSMENT_CODING_TEST_M1_SKILL_03"",""OB_REVIEW_HM_01_EV_APP0205_PRE_ASSESSMENT_CODING_TEST_M1_SKILL_03""],""stage"":""PRE_ASSESSMENT""}"
APP0061_PRE_ASSESSMENT,APP0061,C0061,PRE_ASSESSMENT,2026-11-04T10:23:00+09:00,2026-11-05T10:23:00+09:00,2026-11-12T10:23:00+09:00,2026-11-12T11:58:00+09:00,2026-11-14T11:58:00+09:00,2026-11-18T11:58:00+09:00,,ADVANCED,PRE_TASK_COMPLETE,,SYNTHETIC_HUMAN_SCENARIO,"{""criterion"":""CODING_VERIFICATION_OMISSION"",""human_rationale"":""단계 활동과 관찰을 검토하여 다음 판단으로 진행한다. 미관찰은 부족/탈락과 동일하지 않다."",""observation_refs"":[""OB_REVIEW_ML_01_EV_APP0061_PRE_ASSESSMENT_CODING_TEST_M1_SKILL_03"",""OB_REVIEW_HM_01_EV_APP0061_PRE_ASSESSMENT_CODING_TEST_M1_SKILL_03""],""stage"":""PRE_ASSESSMENT""}"
APP0193_PRE_ASSESSMENT,APP0193,C0193,PRE_ASSESSMENT,2026-11-04T13:44:00+09:00,2026-11-05T13:44:00+09:00,2026-11-09T13:44:00+09:00,2026-11-09T15:29:00+09:00,2026-11-14T15:29:00+09:00,2026-11-16T15:29:00+09:00,,ADVANCED,PRE_TASK_COMPLETE,,SYNTHETIC_HUMAN_SCENARIO,"{""criterion"":""CODING_VERIFICATION_OMISSION"",""human_rationale"":""단계 활동과 관찰을 검토하여 다음 판단으로 진행한다. 미관찰은 부족/탈락과 동일하지 않다."",""observation_refs"":[""OB_REVIEW_ML_01_EV_APP0193_PRE_ASSESSMENT_CODING_TEST_M1_SKILL_03"",""OB_REVIEW_HM_01_EV_APP0193_PRE_ASSESSMENT_CODING_TEST_M1_SKILL_03""],""stage"":""PRE_ASSESSMENT""}"
APP0130_PRE_ASSESSMENT,APP0130,C0130,PRE_ASSESSMENT,2026-11-04T15:01:00+09:00,2026-11-05T15:01:00+09:00,2026-11-12T15:01:00+09:00,2026-11-12T16:46:00+09:00,2026-11-17T16:46:00+09:00,2026-11-19T16:46:00+09:00,,ADVANCED,PRE_TASK_COMPLETE,,SYNTHETIC_HUMAN_SCENARIO,"{""criterion"":""CODING_VERIFICATION_OMISSION"",""human_rationale"":""단계 활동과 관찰을 검토하여 다음 판단으로 진행한다. 미관찰은 부족/탈락과 동일하지 않다."",""observation_refs"":[""OB_REVIEW_ML_01_EV_APP0130_PRE_ASSESSMENT_CODING_TEST_M1_SKILL_03"",""OB_REVIEW_HM_01_EV_APP0130_PRE_ASSESSMENT_CODING_TEST_M1_SKILL_03""],""stage"":""PRE_ASSESSMENT""}"
APP0222_PRE_ASSESSMENT,APP0222,C0222,PRE_ASSESSMENT,2026-11-04T15:20:00+09:00,2026-11-05T15:20:00+09:00,2026-11-15T15:20:00+09:00,2026-11-15T17:15:00+09:00,2026-11-16T17:15:00+09:00,2026-11-17T17:15:00+09:00,,ADVANCED,PRE_TASK_COMPLETE,,SYNTHETIC_HUMAN_SCENARIO,"{""criterion"":""CODING_VERIFICATION_OMISSION"",""human_rationale"":""단계 활동과 관찰을 검토하여 다음 판단으로 진행한다. 미관찰은 부족/탈락과 동일하지 않다."",""observation_refs"":[""OB_REVIEW_ML_01_EV_APP0222_PRE_ASSESSMENT_CODING_TEST_M1_SKILL_03"",""OB_REVIEW_HM_01_EV_APP0222_PRE_ASSESSMENT_CODING_TEST_M1_SKILL_03""],""stage"":""PRE_ASSESSMENT""}"
APP0185_PRE_ASSESSMENT,APP0185,C0185,PRE_ASSESSMENT,2026-11-04T15:22:00+09:00,2026-11-05T15:22:00+09:00,2026-11-09T15:22:00+09:00,,,,,IN_PROGRESS,,,,"{""motive"":""UNKNOWN"",""operational_state"":""NO_RESPONSE_PENDING""}"
APP0228_PRE_ASSESSMENT,APP0228,C0228,PRE_ASSESSMENT,2026-11-04T16:09:00+09:00,2026-11-05T16:09:00+09:00,2026-11-09T16:09:00+09:00,2026-11-09T17:54:00+09:00,2026-11-10T17:54:00+09:00,2026-11-12T17:54:00+09:00,,ADVANCED,PRE_TASK_COMPLETE,,SYNTHETIC_HUMAN_SCENARIO,"{""criterion"":""CODING_VERIFICATION_OMISSION"",""human_rationale"":""단계 활동과 관찰을 검토하여 다음 판단으로 진행한다. 미관찰은 부족/탈락과 동일하지 않다."",""observation_refs"":[""OB_REVIEW_ML_01_EV_APP0228_PRE_ASSESSMENT_CODING_TEST_M1_SKILL_03"",""OB_REVIEW_HM_01_EV_APP0228_PRE_ASSESSMENT_CODING_TEST_M1_SKILL_03""],""stage"":""PRE_ASSESSMENT""}"
APP0137_PRE_ASSESSMENT,APP0137,C0137,PRE_ASSESSMENT,2026-11-04T17:10:00+09:00,2026-11-05T17:10:00+09:00,2026-11-09T17:10:00+09:00,2026-11-09T18:50:00+09:00,2026-11-10T18:50:00+09:00,2026-11-10T18:50:00+09:00,,FAILED,DIRECT_TASK_LIMITATION,,SYNTHETIC_HUMAN_SCENARIO,"{""criterion"":""CODING_VERIFICATION_OMISSION"",""human_rationale"":""해당 단계 직접 근거의 명시적 비진행 기준을 검토했다."",""observation_refs"":[""OB_REVIEW_ML_01_EV_APP0137_PRE_ASSESSMENT_CODING_TEST_M1_SKILL_03"",""OB_REVIEW_HM_01_EV_APP0137_PRE_ASSESSMENT_CODING_TEST_M1_SKILL_03""],""stage"":""PRE_ASSESSMENT""}"
APP0110_PRE_ASSESSMENT,APP0110,C0110,PRE_ASSESSMENT,2026-11-05T09:19:00+09:00,2026-11-06T09:19:00+09:00,2026-11-10T09:19:00+09:00,2026-11-10T10:54:00+09:00,2026-11-13T10:54:00+09:00,2026-11-14T10:54:00+09:00,,ADVANCED,PRE_TASK_COMPLETE,,SYNTHETIC_HUMAN_SCENARIO,"{""criterion"":""CODING_VERIFICATION_OMISSION"",""human_rationale"":""단계 활동과 관찰을 검토하여 다음 판단으로 진행한다. 미관찰은 부족/탈락과 동일하지 않다."",""observation_refs"":[""OB_REVIEW_ML_01_EV_APP0110_PRE_ASSESSMENT_CODING_TEST_M1_SKILL_03"",""OB_REVIEW_HM_01_EV_APP0110_PRE_ASSESSMENT_CODING_TEST_M1_SKILL_03""],""stage"":""PRE_ASSESSMENT""}"
APP0223_PRE_ASSESSMENT,APP0223,C0223,PRE_ASSESSMENT,2026-11-05T10:46:00+09:00,2026-11-06T10:46:00+09:00,2026-11-10T10:46:00+09:00,2026-11-10T12:26:00+09:00,2026-11-15T12:26:00+09:00,2026-11-15T12:26:00+09:00,,ADVANCED,PRE_TASK_COMPLETE,,SYNTHETIC_HUMAN_SCENARIO,"{""criterion"":""CODING_VERIFICATION_OMISSION"",""human_rationale"":""단계 활동과 관찰을 검토하여 다음 판단으로 진행한다. 미관찰은 부족/탈락과 동일하지 않다."",""observation_refs"":[""OB_REVIEW_ML_01_EV_APP0223_PRE_ASSESSMENT_CODING_TEST_M1_SKILL_03"",""OB_REVIEW_HM_01_EV_APP0223_PRE_ASSESSMENT_CODING_TEST_M1_SKILL_03""],""stage"":""PRE_ASSESSMENT""}"
APP0181_PRE_ASSESSMENT,APP0181,C0181,PRE_ASSESSMENT,2026-11-05T13:55:00+09:00,2026-11-06T13:55:00+09:00,2026-11-13T13:55:00+09:00,2026-11-13T15:40:00+09:00,2026-11-16T15:40:00+09:00,2026-11-17T15:40:00+09:00,,ADVANCED,PRE_TASK_COMPLETE,,SYNTHETIC_HUMAN_SCENARIO,"{""criterion"":""CODING_VERIFICATION_OMISSION"",""human_rationale"":""단계 활동과 관찰을 검토하여 다음 판단으로 진행한다. 미관찰은 부족/탈락과 동일하지 않다."",""observation_refs"":[""OB_REVIEW_ML_01_EV_APP0181_PRE_ASSESSMENT_CODING_TEST_M1_SKILL_03"",""OB_REVIEW_HM_01_EV_APP0181_PRE_ASSESSMENT_CODING_TEST_M1_SKILL_03""],""stage"":""PRE_ASSESSMENT""}"
APP0172_PRE_ASSESSMENT,APP0172,C0172,PRE_ASSESSMENT,2026-11-05T14:35:00+09:00,2026-11-06T14:35:00+09:00,2026-11-13T14:35:00+09:00,,,,2026-11-08T14:35:00+09:00,WITHDRAWN,,UNKNOWN,,
APP0189_PRE_ASSESSMENT,APP0189,C0189,PRE_ASSESSMENT,2026-11-06T14:38:00+09:00,2026-11-07T14:38:00+09:00,2026-11-17T14:38:00+09:00,2026-11-17T16:03:00+09:00,2026-11-22T16:03:00+09:00,2026-11-24T16:03:00+09:00,,ADVANCED,PRE_TASK_COMPLETE,,SYNTHETIC_HUMAN_SCENARIO,"{""criterion"":""CODING_VERIFICATION_OMISSION"",""human_rationale"":""단계 활동과 관찰을 검토하여 다음 판단으로 진행한다. 미관찰은 부족/탈락과 동일하지 않다."",""observation_refs"":[""OB_REVIEW_ML_01_EV_APP0189_PRE_ASSESSMENT_CODING_TEST_M1_SKILL_03"",""OB_REVIEW_HM_01_EV_APP0189_PRE_ASSESSMENT_CODING_TEST_M1_SKILL_03""],""stage"":""PRE_ASSESSMENT""}"
APP0257_PRE_ASSESSMENT,APP0257,C0257,PRE_ASSESSMENT,2026-11-08T09:46:00+09:00,2026-11-09T09:46:00+09:00,2026-11-19T09:46:00+09:00,2026-11-19T11:31:00+09:00,2026-11-21T11:31:00+09:00,2026-11-25T11:31:00+09:00,,FAILED,DIRECT_TASK_LIMITATION,,SYNTHETIC_HUMAN_SCENARIO,"{""criterion"":""CODING_VERIFICATION_OMISSION"",""human_rationale"":""해당 단계 직접 근거의 명시적 비진행 기준을 검토했다."",""observation_refs"":[""OB_REVIEW_ML_01_EV_APP0257_PRE_ASSESSMENT_CODING_TEST_M1_SKILL_03"",""OB_REVIEW_HM_01_EV_APP0257_PRE_ASSESSMENT_CODING_TEST_M1_SKILL_03""],""stage"":""PRE_ASSESSMENT""}"
APP0082_PRE_ASSESSMENT,APP0082,C0082,PRE_ASSESSMENT,2026-11-08T15:46:00+09:00,2026-11-09T15:46:00+09:00,2026-11-16T15:46:00+09:00,2026-11-16T17:36:00+09:00,2026-11-17T17:36:00+09:00,2026-11-19T17:36:00+09:00,,ADVANCED,PRE_TASK_COMPLETE,,SYNTHETIC_HUMAN_SCENARIO,"{""criterion"":""CODING_VERIFICATION_OMISSION"",""human_rationale"":""단계 활동과 관찰을 검토하여 다음 판단으로 진행한다. 미관찰은 부족/탈락과 동일하지 않다."",""observation_refs"":[""OB_REVIEW_ML_01_EV_APP0082_PRE_ASSESSMENT_CODING_TEST_M1_SKILL_03"",""OB_REVIEW_HM_01_EV_APP0082_PRE_ASSESSMENT_CODING_TEST_M1_SKILL_03""],""stage"":""PRE_ASSESSMENT""}"
APP0249_PRE_ASSESSMENT,APP0249,C0249,PRE_ASSESSMENT,2026-11-08T16:24:00+09:00,2026-11-09T16:24:00+09:00,2026-11-16T16:24:00+09:00,,,,,IN_PROGRESS,,,,"{""motive"":""UNKNOWN"",""operational_state"":""NO_RESPONSE_PENDING""}"
APP0258_PRE_ASSESSMENT,APP0258,C0258,PRE_ASSESSMENT,2026-11-08T16:49:00+09:00,2026-11-09T16:49:00+09:00,2026-11-16T16:49:00+09:00,2026-11-16T18:34:00+09:00,2026-11-18T18:34:00+09:00,2026-11-22T18:34:00+09:00,,ADVANCED,PRE_TASK_COMPLETE,,SYNTHETIC_HUMAN_SCENARIO,"{""criterion"":""CODING_VERIFICATION_OMISSION"",""human_rationale"":""단계 활동과 관찰을 검토하여 다음 판단으로 진행한다. 미관찰은 부족/탈락과 동일하지 않다."",""observation_refs"":[""OB_REVIEW_ML_01_EV_APP0258_PRE_ASSESSMENT_CODING_TEST_M1_SKILL_03"",""OB_REVIEW_HM_01_EV_APP0258_PRE_ASSESSMENT_CODING_TEST_M1_SKILL_03""],""stage"":""PRE_ASSESSMENT""}"
APP0200_PRE_ASSESSMENT,APP0200,C0200,PRE_ASSESSMENT,2026-11-09T09:39:00+09:00,2026-11-10T09:39:00+09:00,2026-11-14T09:39:00+09:00,2026-11-14T11:24:00+09:00,2026-11-15T11:24:00+09:00,2026-11-17T11:24:00+09:00,,FAILED,DIRECT_TASK_LIMITATION,,SYNTHETIC_HUMAN_SCENARIO,"{""criterion"":""CODING_VERIFICATION_OMISSION"",""human_rationale"":""해당 단계 직접 근거의 명시적 비진행 기준을 검토했다."",""observation_refs"":[""OB_REVIEW_ML_01_EV_APP0200_PRE_ASSESSMENT_CODING_TEST_M1_SKILL_03"",""OB_REVIEW_HM_01_EV_APP0200_PRE_ASSESSMENT_CODING_TEST_M1_SKILL_03""],""stage"":""PRE_ASSESSMENT""}"
APP0285_PRE_ASSESSMENT,APP0285,C0285,PRE_ASSESSMENT,2026-11-09T10:13:00+09:00,2026-11-10T10:13:00+09:00,2026-11-20T10:13:00+09:00,2026-11-20T11:38:00+09:00,2026-11-25T11:38:00+09:00,2026-11-26T11:38:00+09:00,,ADVANCED,PRE_TASK_COMPLETE,,SYNTHETIC_HUMAN_SCENARIO,"{""criterion"":""CODING_VERIFICATION_OMISSION"",""human_rationale"":""단계 활동과 관찰을 검토하여 다음 판단으로 진행한다. 미관찰은 부족/탈락과 동일하지 않다."",""observation_refs"":[""OB_REVIEW_ML_01_EV_APP0285_PRE_ASSESSMENT_CODING_TEST_M1_SKILL_03"",""OB_REVIEW_HM_01_EV_APP0285_PRE_ASSESSMENT_CODING_TEST_M1_SKILL_03""],""stage"":""PRE_ASSESSMENT""}"
APP0240_PRE_ASSESSMENT,APP0240,C0240,PRE_ASSESSMENT,2026-11-09T13:33:00+09:00,2026-11-10T13:33:00+09:00,2026-11-20T13:33:00+09:00,2026-11-20T15:08:00+09:00,2026-11-22T15:08:00+09:00,2026-11-24T15:08:00+09:00,,ADVANCED,PRE_TASK_COMPLETE,,SYNTHETIC_HUMAN_SCENARIO,"{""criterion"":""CODING_VERIFICATION_OMISSION"",""human_rationale"":""단계 활동과 관찰을 검토하여 다음 판단으로 진행한다. 미관찰은 부족/탈락과 동일하지 않다."",""observation_refs"":[""OB_REVIEW_ML_01_EV_APP0240_PRE_ASSESSMENT_CODING_TEST_M1_SKILL_03"",""OB_REVIEW_HM_01_EV_APP0240_PRE_ASSESSMENT_CODING_TEST_M1_SKILL_03""],""stage"":""PRE_ASSESSMENT""}"
APP0268_PRE_ASSESSMENT,APP0268,C0268,PRE_ASSESSMENT,2026-11-09T15:52:00+09:00,2026-11-10T15:52:00+09:00,2026-11-17T15:52:00+09:00,2026-11-17T17:42:00+09:00,2026-11-18T17:42:00+09:00,2026-11-22T17:42:00+09:00,,ADVANCED,PRE_TASK_COMPLETE,,SYNTHETIC_HUMAN_SCENARIO,"{""criterion"":""CODING_VERIFICATION_OMISSION"",""human_rationale"":""단계 활동과 관찰을 검토하여 다음 판단으로 진행한다. 미관찰은 부족/탈락과 동일하지 않다."",""observation_refs"":[""OB_REVIEW_ML_01_EV_APP0268_PRE_ASSESSMENT_CODING_TEST_M1_SKILL_03"",""OB_REVIEW_HM_01_EV_APP0268_PRE_ASSESSMENT_CODING_TEST_M1_SKILL_03""],""stage"":""PRE_ASSESSMENT""}"
APP0202_PRE_ASSESSMENT,APP0202,C0202,PRE_ASSESSMENT,2026-11-09T17:13:00+09:00,2026-11-10T17:13:00+09:00,2026-11-20T17:13:00+09:00,2026-11-20T18:43:00+09:00,2026-11-23T18:43:00+09:00,2026-11-23T18:43:00+09:00,,ADVANCED,PRE_TASK_COMPLETE,,SYNTHETIC_HUMAN_SCENARIO,"{""criterion"":""CODING_VERIFICATION_OMISSION"",""human_rationale"":""단계 활동과 관찰을 검토하여 다음 판단으로 진행한다. 미관찰은 부족/탈락과 동일하지 않다."",""observation_refs"":[""OB_REVIEW_ML_01_EV_APP0202_PRE_ASSESSMENT_CODING_TEST_M1_SKILL_03"",""OB_REVIEW_HM_01_EV_APP0202_PRE_ASSESSMENT_CODING_TEST_M1_SKILL_03""],""stage"":""PRE_ASSESSMENT""}"
APP0292_PRE_ASSESSMENT,APP0292,C0292,PRE_ASSESSMENT,2026-11-10T13:25:00+09:00,2026-11-11T13:25:00+09:00,2026-11-21T13:25:00+09:00,,,,,IN_PROGRESS,,,,"{""motive"":""UNKNOWN"",""operational_state"":""NO_RESPONSE_PENDING""}"
APP0269_PRE_ASSESSMENT,APP0269,C0269,PRE_ASSESSMENT,2026-11-10T13:45:00+09:00,2026-11-11T13:45:00+09:00,2026-11-15T13:45:00+09:00,2026-11-15T15:25:00+09:00,2026-11-18T15:25:00+09:00,2026-11-22T15:25:00+09:00,,ADVANCED,PRE_TASK_COMPLETE,,SYNTHETIC_HUMAN_SCENARIO,"{""criterion"":""CODING_VERIFICATION_OMISSION"",""human_rationale"":""단계 활동과 관찰을 검토하여 다음 판단으로 진행한다. 미관찰은 부족/탈락과 동일하지 않다."",""observation_refs"":[""OB_REVIEW_ML_01_EV_APP0269_PRE_ASSESSMENT_CODING_TEST_M1_SKILL_03"",""OB_REVIEW_HM_01_EV_APP0269_PRE_ASSESSMENT_CODING_TEST_M1_SKILL_03""],""stage"":""PRE_ASSESSMENT""}"
APP0297_PRE_ASSESSMENT,APP0297,C0297,PRE_ASSESSMENT,2026-11-10T14:31:00+09:00,2026-11-11T14:31:00+09:00,2026-11-18T14:31:00+09:00,2026-11-18T15:56:00+09:00,2026-11-21T15:56:00+09:00,2026-11-22T15:56:00+09:00,,ADVANCED,PRE_TASK_COMPLETE,,SYNTHETIC_HUMAN_SCENARIO,"{""criterion"":""CODING_VERIFICATION_OMISSION"",""human_rationale"":""단계 활동과 관찰을 검토하여 다음 판단으로 진행한다. 미관찰은 부족/탈락과 동일하지 않다."",""observation_refs"":[""OB_REVIEW_ML_01_EV_APP0297_PRE_ASSESSMENT_CODING_TEST_M1_SKILL_03"",""OB_REVIEW_HM_01_EV_APP0297_PRE_ASSESSMENT_CODING_TEST_M1_SKILL_03""],""stage"":""PRE_ASSESSMENT""}"
APP0235_PRE_ASSESSMENT,APP0235,C0235,PRE_ASSESSMENT,2026-11-10T14:59:00+09:00,2026-11-11T14:59:00+09:00,2026-11-15T14:59:00+09:00,2026-11-15T16:54:00+09:00,2026-11-17T16:54:00+09:00,2026-11-19T16:54:00+09:00,,ADVANCED,PRE_TASK_COMPLETE,,SYNTHETIC_HUMAN_SCENARIO,"{""criterion"":""CODING_VERIFICATION_OMISSION"",""human_rationale"":""단계 활동과 관찰을 검토하여 다음 판단으로 진행한다. 미관찰은 부족/탈락과 동일하지 않다."",""observation_refs"":[""OB_REVIEW_ML_01_EV_APP0235_PRE_ASSESSMENT_CODING_TEST_M1_SKILL_03"",""OB_REVIEW_HM_01_EV_APP0235_PRE_ASSESSMENT_CODING_TEST_M1_SKILL_03""],""stage"":""PRE_ASSESSMENT""}"
APP0206_PRE_ASSESSMENT,APP0206,C0206,PRE_ASSESSMENT,2026-11-10T15:47:00+09:00,2026-11-11T15:47:00+09:00,2026-11-21T15:47:00+09:00,2026-11-21T17:42:00+09:00,2026-11-24T17:42:00+09:00,2026-11-26T17:42:00+09:00,,FAILED,DIRECT_TASK_LIMITATION,,SYNTHETIC_HUMAN_SCENARIO,"{""criterion"":""CODING_VERIFICATION_OMISSION"",""human_rationale"":""해당 단계 직접 근거의 명시적 비진행 기준을 검토했다."",""observation_refs"":[""OB_REVIEW_ML_01_EV_APP0206_PRE_ASSESSMENT_CODING_TEST_M1_SKILL_03"",""OB_REVIEW_HM_01_EV_APP0206_PRE_ASSESSMENT_CODING_TEST_M1_SKILL_03""],""stage"":""PRE_ASSESSMENT""}"
APP0194_PRE_ASSESSMENT,APP0194,C0194,PRE_ASSESSMENT,2026-11-11T12:48:00+09:00,2026-11-12T12:48:00+09:00,2026-11-16T12:48:00+09:00,2026-11-16T14:18:00+09:00,2026-11-21T14:18:00+09:00,2026-11-25T14:18:00+09:00,,ADVANCED,PRE_TASK_COMPLETE,,SYNTHETIC_HUMAN_SCENARIO,"{""criterion"":""CODING_VERIFICATION_OMISSION"",""human_rationale"":""단계 활동과 관찰을 검토하여 다음 판단으로 진행한다. 미관찰은 부족/탈락과 동일하지 않다."",""observation_refs"":[""OB_REVIEW_ML_01_EV_APP0194_PRE_ASSESSMENT_CODING_TEST_M1_SKILL_03"",""OB_REVIEW_HM_01_EV_APP0194_PRE_ASSESSMENT_CODING_TEST_M1_SKILL_03""],""stage"":""PRE_ASSESSMENT""}"
APP0325_PRE_ASSESSMENT,APP0325,C0325,PRE_ASSESSMENT,2026-11-12T10:18:00+09:00,2026-11-13T10:18:00+09:00,2026-11-20T10:18:00+09:00,2026-11-20T12:03:00+09:00,2026-11-25T12:03:00+09:00,2026-11-26T12:03:00+09:00,,ADVANCED,PRE_TASK_COMPLETE,,SYNTHETIC_HUMAN_SCENARIO,"{""criterion"":""CODING_VERIFICATION_OMISSION"",""human_rationale"":""단계 활동과 관찰을 검토하여 다음 판단으로 진행한다. 미관찰은 부족/탈락과 동일하지 않다."",""observation_refs"":[""OB_REVIEW_ML_01_EV_APP0325_PRE_ASSESSMENT_CODING_TEST_M1_SKILL_03"",""OB_REVIEW_HM_01_EV_APP0325_PRE_ASSESSMENT_CODING_TEST_M1_SKILL_03""],""stage"":""PRE_ASSESSMENT""}"
APP0289_PRE_ASSESSMENT,APP0289,C0289,PRE_ASSESSMENT,2026-11-12T14:31:00+09:00,2026-11-13T14:31:00+09:00,2026-11-20T14:31:00+09:00,2026-11-20T16:21:00+09:00,2026-11-25T16:21:00+09:00,2026-11-26T16:21:00+09:00,,ADVANCED,PRE_TASK_COMPLETE,,SYNTHETIC_HUMAN_SCENARIO,"{""criterion"":""CODING_VERIFICATION_OMISSION"",""human_rationale"":""단계 활동과 관찰을 검토하여 다음 판단으로 진행한다. 미관찰은 부족/탈락과 동일하지 않다."",""observation_refs"":[""OB_REVIEW_ML_01_EV_APP0289_PRE_ASSESSMENT_CODING_TEST_M1_SKILL_03"",""OB_REVIEW_HM_01_EV_APP0289_PRE_ASSESSMENT_CODING_TEST_M1_SKILL_03""],""stage"":""PRE_ASSESSMENT""}"
APP0218_PRE_ASSESSMENT,APP0218,C0218,PRE_ASSESSMENT,2026-11-12T17:09:00+09:00,2026-11-13T17:09:00+09:00,2026-11-23T17:09:00+09:00,2026-11-23T18:34:00+09:00,2026-11-24T18:34:00+09:00,2026-11-24T18:34:00+09:00,,FAILED,DIRECT_TASK_LIMITATION,,SYNTHETIC_HUMAN_SCENARIO,"{""criterion"":""CODING_VERIFICATION_OMISSION"",""human_rationale"":""해당 단계 직접 근거의 명시적 비진행 기준을 검토했다."",""observation_refs"":[""OB_REVIEW_ML_01_EV_APP0218_PRE_ASSESSMENT_CODING_TEST_M1_SKILL_03"",""OB_REVIEW_HM_01_EV_APP0218_PRE_ASSESSMENT_CODING_TEST_M1_SKILL_03""],""stage"":""PRE_ASSESSMENT""}"
APP0342_PRE_ASSESSMENT,APP0342,C0342,PRE_ASSESSMENT,2026-11-12T17:24:00+09:00,2026-11-13T17:24:00+09:00,2026-11-17T17:24:00+09:00,2026-11-17T18:59:00+09:00,2026-11-20T18:59:00+09:00,2026-11-24T18:59:00+09:00,,ADVANCED,PRE_TASK_COMPLETE,,SYNTHETIC_HUMAN_SCENARIO,"{""criterion"":""CODING_VERIFICATION_OMISSION"",""human_rationale"":""단계 활동과 관찰을 검토하여 다음 판단으로 진행한다. 미관찰은 부족/탈락과 동일하지 않다."",""observation_refs"":[""OB_REVIEW_ML_01_EV_APP0342_PRE_ASSESSMENT_CODING_TEST_M1_SKILL_03"",""OB_REVIEW_HM_01_EV_APP0342_PRE_ASSESSMENT_CODING_TEST_M1_SKILL_03""],""stage"":""PRE_ASSESSMENT""}"
APP0337_PRE_ASSESSMENT,APP0337,C0337,PRE_ASSESSMENT,2026-11-13T12:00:00+09:00,2026-11-14T12:00:00+09:00,2026-11-18T12:00:00+09:00,,,,2026-11-16T12:00:00+09:00,WITHDRAWN,,UNKNOWN,,
APP0237_PRE_ASSESSMENT,APP0237,C0237,PRE_ASSESSMENT,2026-11-13T14:14:00+09:00,2026-11-14T14:14:00+09:00,2026-11-21T14:14:00+09:00,2026-11-21T15:44:00+09:00,2026-11-26T15:44:00+09:00,2026-11-26T15:44:00+09:00,,ADVANCED,PRE_TASK_COMPLETE,,SYNTHETIC_HUMAN_SCENARIO,"{""criterion"":""CODING_VERIFICATION_OMISSION"",""human_rationale"":""단계 활동과 관찰을 검토하여 다음 판단으로 진행한다. 미관찰은 부족/탈락과 동일하지 않다."",""observation_refs"":[""OB_REVIEW_ML_01_EV_APP0237_PRE_ASSESSMENT_CODING_TEST_M1_SKILL_03"",""OB_REVIEW_HM_01_EV_APP0237_PRE_ASSESSMENT_CODING_TEST_M1_SKILL_03""],""stage"":""PRE_ASSESSMENT""}"
APP0238_PRE_ASSESSMENT,APP0238,C0238,PRE_ASSESSMENT,2026-11-13T14:45:00+09:00,2026-11-14T14:45:00+09:00,2026-11-24T14:45:00+09:00,2026-11-24T16:40:00+09:00,2026-11-25T16:40:00+09:00,2026-11-25T16:40:00+09:00,,ADVANCED,PRE_TASK_COMPLETE,,SYNTHETIC_HUMAN_SCENARIO,"{""criterion"":""CODING_VERIFICATION_OMISSION"",""human_rationale"":""단계 활동과 관찰을 검토하여 다음 판단으로 진행한다. 미관찰은 부족/탈락과 동일하지 않다."",""observation_refs"":[""OB_REVIEW_ML_01_EV_APP0238_PRE_ASSESSMENT_CODING_TEST_M1_SKILL_03"",""OB_REVIEW_HM_01_EV_APP0238_PRE_ASSESSMENT_CODING_TEST_M1_SKILL_03""],""stage"":""PRE_ASSESSMENT""}"
APP0324_PRE_ASSESSMENT,APP0324,C0324,PRE_ASSESSMENT,2026-11-14T15:28:00+09:00,2026-11-15T15:28:00+09:00,2026-11-22T15:28:00+09:00,2026-11-22T17:08:00+09:00,2026-11-23T17:08:00+09:00,2026-11-23T17:08:00+09:00,,ADVANCED,PRE_TASK_COMPLETE,,SYNTHETIC_HUMAN_SCENARIO,"{""criterion"":""CODING_VERIFICATION_OMISSION"",""human_rationale"":""단계 활동과 관찰을 검토하여 다음 판단으로 진행한다. 미관찰은 부족/탈락과 동일하지 않다."",""observation_refs"":[""OB_REVIEW_ML_01_EV_APP0324_PRE_ASSESSMENT_CODING_TEST_M1_SKILL_03"",""OB_REVIEW_HM_01_EV_APP0324_PRE_ASSESSMENT_CODING_TEST_M1_SKILL_03""],""stage"":""PRE_ASSESSMENT""}"
APP0270_PRE_ASSESSMENT,APP0270,C0270,PRE_ASSESSMENT,2026-11-16T12:38:00+09:00,2026-11-17T12:38:00+09:00,2026-11-24T12:38:00+09:00,2026-11-24T14:08:00+09:00,2026-11-27T14:08:00+09:00,2026-11-28T14:08:00+09:00,,ADVANCED,PRE_TASK_COMPLETE,,SYNTHETIC_HUMAN_SCENARIO,"{""criterion"":""CODING_VERIFICATION_OMISSION"",""human_rationale"":""단계 활동과 관찰을 검토하여 다음 판단으로 진행한다. 미관찰은 부족/탈락과 동일하지 않다."",""observation_refs"":[""OB_REVIEW_ML_01_EV_APP0270_PRE_ASSESSMENT_CODING_TEST_M1_SKILL_03"",""OB_REVIEW_HM_01_EV_APP0270_PRE_ASSESSMENT_CODING_TEST_M1_SKILL_03""],""stage"":""PRE_ASSESSMENT""}"
APP0309_PRE_ASSESSMENT,APP0309,C0309,PRE_ASSESSMENT,2026-11-16T13:04:00+09:00,2026-11-17T13:04:00+09:00,2026-11-24T13:04:00+09:00,2026-11-24T14:59:00+09:00,2026-11-25T14:59:00+09:00,2026-11-26T14:59:00+09:00,,ADVANCED,PRE_TASK_COMPLETE,,SYNTHETIC_HUMAN_SCENARIO,"{""criterion"":""CODING_VERIFICATION_OMISSION"",""human_rationale"":""단계 활동과 관찰을 검토하여 다음 판단으로 진행한다. 미관찰은 부족/탈락과 동일하지 않다."",""observation_refs"":[""OB_REVIEW_ML_01_EV_APP0309_PRE_ASSESSMENT_CODING_TEST_M1_SKILL_03"",""OB_REVIEW_HM_01_EV_APP0309_PRE_ASSESSMENT_CODING_TEST_M1_SKILL_03""],""stage"":""PRE_ASSESSMENT""}"
APP0300_PRE_ASSESSMENT,APP0300,C0300,PRE_ASSESSMENT,2026-11-17T14:41:00+09:00,2026-11-18T14:41:00+09:00,2026-11-28T14:41:00+09:00,2026-11-28T16:21:00+09:00,2026-11-30T16:21:00+09:00,2026-12-01T16:21:00+09:00,,ADVANCED,PRE_TASK_COMPLETE,,SYNTHETIC_HUMAN_SCENARIO,"{""criterion"":""CODING_VERIFICATION_OMISSION"",""human_rationale"":""단계 활동과 관찰을 검토하여 다음 판단으로 진행한다. 미관찰은 부족/탈락과 동일하지 않다."",""observation_refs"":[""OB_REVIEW_ML_01_EV_APP0300_PRE_ASSESSMENT_CODING_TEST_M1_SKILL_03"",""OB_REVIEW_HM_01_EV_APP0300_PRE_ASSESSMENT_CODING_TEST_M1_SKILL_03""],""stage"":""PRE_ASSESSMENT""}"
APP0004_FIRST_INTERVIEW,APP0004,C0004,FIRST_INTERVIEW,2026-12-02T16:21:00+09:00,2026-12-04T16:21:00+09:00,2026-12-10T09:00:00+09:00,,,,,IN_PROGRESS,,,,"{""motive"":""UNKNOWN"",""operational_state"":""NO_RESPONSE_PENDING""}"
APP0005_FIRST_INTERVIEW,APP0005,C0005,FIRST_INTERVIEW,2026-12-02T16:21:00+09:00,2026-12-04T16:21:00+09:00,2026-12-10T09:00:00+09:00,2026-12-10T10:00:00+09:00,2026-12-13T10:15:00+09:00,2026-12-17T10:15:00+09:00,,ADVANCED,FIRST_EVIDENCE_REVIEWED,,SYNTHETIC_HUMAN_SCENARIO,"{""coverage"":{""M1_SKILL_01"":{""decisionable"":true,""observation_refs"":[""OB_FIRST_PANEL_02_ML_ENGINEER_EV_APP0005_FIRST_INTERVIEW_TECHNICAL_ASSESSMENT_M1_SKILL_01"",""OB_FIRST_PANEL_02_HIRING_MANAGER_EV_APP0005_FIRST_INTERVIEW_TECHNICAL_ASSESSMENT_M1_SKILL_01"",""OB_FIRST_PANEL_02_TECHNICAL_REVIEWER_EV_APP0005_FIRST_INTERVIEW_TECHNICAL_ASSESSMENT_M1_SKILL_01"",""OB_FIRST_PANEL_02_ML_ENGINEER_EV_APP0005_FIRST_INTERVIEW_AI_CASE_M1_SKILL_01"",""OB_FIRST_PANEL_02_HIRING_MANAGER_EV_APP0005_FIRST_INTERVIEW_AI_CASE_M1_SKILL_01"",""OB_FIRST_PANEL_02_TECHNICAL_REVIEWER_EV_APP0005_FIRST_INTERVIEW_AI_CASE_M1_SKILL_01""],""skill_decision_ref"":""DC_APP0005_M1_SKILL_01_000068"",""state"":""A""},""M1_SKILL_02"":{""decisionable"":true,""observation_refs"":[""OB_FIRST_PANEL_02_ML_ENGINEER_EV_APP0005_FIRST_INTERVIEW_TECHNICAL_ASSESSMENT_M1_SKILL_02"",""OB_FIRST_PANEL_02_HIRING_MANAGER_EV_APP0005_FIRST_INTERVIEW_TECHNICAL_ASSESSMENT_M1_SKILL_02"",""OB_FIRST_PANEL_02_TECHNICAL_REVIEWER_EV_APP0005_FIRST_INTERVIEW_TECHNICAL_ASSESSMENT_M1_SKILL_02""],""skill_decision_ref"":""DC_APP0005_M1_SKILL_02_000069"",""state"":""A""},""M1_SKILL_03"":{""decisionable"":true,""observation_refs"":[""OB_FIRST_PANEL_02_ML_ENGINEER_EV_APP0005_FIRST_INTERVIEW_AI_CASE_M1_SKILL_03"",""OB_FIRST_PANEL_02_HIRING_MANAGER_EV_APP0005_FIRST_INTERVIEW_AI_CASE_M1_SKILL_03"",""OB_FIRST_PANEL_02_TECHNICAL_REVIEWER_EV_APP0005_FIRST_INTERVIEW_AI_CASE_M1_SKILL_03""],""skill_decision_ref"":""DC_APP0005_M1_SKILL_03_000070"",""state"":""A""}},""criterion"":""CORE_DIRECT_COVERAGE"",""human_rationale"":""기술 핵심01/02/03의 직접 지지·명시적 제한·부족·미해결을 각각 검토. 점수/정원 없음."",""observation_refs"":[""OB_FIRST_PANEL_02_ML_ENGINEER_EV_APP0005_FIRST_INTERVIEW_TECHNICAL_ASSESSMENT_M1_SKILL_01"",""OB_FIRST_PANEL_02_HIRING_MANAGER_EV_APP0005_FIRST_INTERVIEW_TECHNICAL_ASSESSMENT_M1_SKILL_01"",""OB_FIRST_PANEL_02_TECHNICAL_REVIEWER_EV_APP0005_FIRST_INTERVIEW_TECHNICAL_ASSESSMENT_M1_SKILL_01"",""OB_FIRST_PANEL_02_ML_ENGINEER_EV_APP0005_FIRST_INTERVIEW_TECHNICAL_ASSESSMENT_M1_SKILL_02"",""OB_FIRST_PANEL_02_HIRING_MANAGER_EV_APP0005_FIRST_INTERVIEW_TECHNICAL_ASSESSMENT_M1_SKILL_02"",""OB_FIRST_PANEL_02_TECHNICAL_REVIEWER_EV_APP0005_FIRST_INTERVIEW_TECHNICAL_ASSESSMENT_M1_SKILL_02"",""OB_FIRST_PANEL_02_ML_ENGINEER_EV_APP0005_FIRST_INTERVIEW_TECHNICAL_ASSESSMENT_M1_SKILL_07"",""OB_FIRST_PANEL_02_HIRING_MANAGER_EV_APP0005_FIRST_INTERVIEW_TECHNICAL_ASSESSMENT_M1_SKILL_07"",""OB_FIRST_PANEL_02_TECHNICAL_REVIEWER_EV_APP0005_FIRST_INTERVIEW_TECHNICAL_ASSESSMENT_M1_SKILL_07"",""OB_FIRST_PANEL_02_ML_ENGINEER_EV_APP0005_FIRST_INTERVIEW_AI_CASE_M1_SKILL_01"",""OB_FIRST_PANEL_02_HIRING_MANAGER_EV_APP0005_FIRST_INTERVIEW_AI_CASE_M1_SKILL_01"",""OB_FIRST_PANEL_02_TECHNICAL_REVIEWER_EV_APP0005_FIRST_INTERVIEW_AI_CASE_M1_SKILL_01"",""OB_FIRST_PANEL_02_ML_ENGINEER_EV_APP0005_FIRST_INTERVIEW_AI_CASE_M1_SKILL_03"",""OB_FIRST_PANEL_02_HIRING_MANAGER_EV_APP0005_FIRST_INTERVIEW_AI_CASE_M1_SKILL_03"",""OB_FIRST_PANEL_02_TECHNICAL_REVIEWER_EV_APP0005_FIRST_INTERVIEW_AI_CASE_M1_SKILL_03"",""OB_FIRST_PANEL_02_ML_ENGINEER_EV_APP0005_FIRST_INTERVIEW_PRACTITIONER_QA_M1_SKILL_04"",""OB_FIRST_PANEL_02_HIRING_MANAGER_EV_APP0005_FIRST_INTERVIEW_PRACTITIONER_QA_M1_SKILL_04"",""OB_FIRST_PANEL_02_TECHNICAL_REVIEWER_EV_APP0005_FIRST_INTERVIEW_PRACTITIONER_QA_M1_SKILL_04"",""OB_FIRST_PANEL_02_ML_ENGINEER_EV_APP0005_FIRST_INTERVIEW_PRACTITIONER_QA_M1_SKILL_05"",""OB_FIRST_PANEL_02_HIRING_MANAGER_EV_APP0005_FIRST_INTERVIEW_PRACTITIONER_QA_M1_SKILL_05"",""OB_FIRST_PANEL_02_TECHNICAL_REVIEWER_EV_APP0005_FIRST_INTERVIEW_PRACTITIONER_QA_M1_SKILL_05"",""OB_FIRST_PANEL_02_ML_ENGINEER_EV_APP0005_FIRST_INTERVIEW_PRACTITIONER_QA_M1_SKILL_06"",""OB_FIRST_PANEL_02_HIRING_MANAGER_EV_APP0005_FIRST_INTERVIEW_PRACTITIONER_QA_M1_SKILL_06"",""OB_FIRST_PANEL_02_TECHNICAL_REVIEWER_EV_APP0005_FIRST_INTERVIEW_PRACTITIONER_QA_M1_SKILL_06"",""OB_FIRST_PANEL_02_ML_ENGINEER_EV_APP0005_FIRST_INTERVIEW_PRACTITIONER_QA_M1_SKILL_08"",""OB_FIRST_PANEL_02_HIRING_MANAGER_EV_APP0005_FIRST_INTERVIEW_PRACTITIONER_QA_M1_SKILL_08"",""OB_FIRST_PANEL_02_TECHNICAL_REVIEWER_EV_APP0005_FIRST_INTERVIEW_PRACTITIONER_QA_M1_SKILL_08""]}"
APP0025_FIRST_INTERVIEW,APP0025,C0025,FIRST_INTERVIEW,2026-12-02T16:21:00+09:00,2026-12-04T16:21:00+09:00,2026-12-10T09:00:00+09:00,2026-12-10T10:00:00+09:00,2026-12-11T10:15:00+09:00,2026-12-12T10:15:00+09:00,,IN_PROGRESS,EVIDENCE_PENDING,,SYNTHETIC_HUMAN_SCENARIO,"{""coverage"":{""M1_SKILL_01"":{""decisionable"":true,""observation_refs"":[""OB_FIRST_PANEL_03_ML_ENGINEER_EV_APP0025_FIRST_INTERVIEW_TECHNICAL_ASSESSMENT_M1_SKILL_01"",""OB_FIRST_PANEL_03_HIRING_MANAGER_EV_APP0025_FIRST_INTERVIEW_TECHNICAL_ASSESSMENT_M1_SKILL_01"",""OB_FIRST_PANEL_03_TECHNICAL_REVIEWER_EV_APP0025_FIRST_INTERVIEW_TECHNICAL_ASSESSMENT_M1_SKILL_01"",""OB_FIRST_PANEL_03_ML_ENGINEER_EV_APP0025_FIRST_INTERVIEW_AI_CASE_M1_SKILL_01"",""OB_FIRST_PANEL_03_HIRING_MANAGER_EV_APP0025_FIRST_INTERVIEW_AI_CASE_M1_SKILL_01"",""OB_FIRST_PANEL_03_TECHNICAL_REVIEWER_EV_APP0025_FIRST_INTERVIEW_AI_CASE_M1_SKILL_01""],""skill_decision_ref"":""DC_APP0025_M1_SKILL_01_000076"",""state"":""A""},""M1_SKILL_02"":{""decisionable"":false,""observation_refs"":[""OB_FIRST_PANEL_03_ML_ENGINEER_EV_APP0025_FIRST_INTERVIEW_TECHNICAL_ASSESSMENT_M1_SKILL_02"",""OB_FIRST_PANEL_03_HIRING_MANAGER_EV_APP0025_FIRST_INTERVIEW_TECHNICAL_ASSESSMENT_M1_SKILL_02"",""OB_FIRST_PANEL_03_TECHNICAL_REVIEWER_EV_APP0025_FIRST_INTERVIEW_TECHNICAL_ASSESSMENT_M1_SKILL_02""],""skill_decision_ref"":""DC_APP0025_M1_SKILL_02_000077"",""state"":""C""},""M1_SKILL_03"":{""decisionable"":false,""observation_refs"":[""OB_FIRST_PANEL_03_ML_ENGINEER_EV_APP0025_FIRST_INTERVIEW_AI_CASE_M1_SKILL_03"",""OB_FIRST_PANEL_03_HIRING_MANAGER_EV_APP0025_FIRST_INTERVIEW_AI_CASE_M1_SKILL_03"",""OB_FIRST_PANEL_03_TECHNICAL_REVIEWER_EV_APP0025_FIRST_INTERVIEW_AI_CASE_M1_SKILL_03""],""skill_decision_ref"":""DC_APP0025_M1_SKILL_03_000078"",""state"":""D""}},""criterion"":""CORE_DIRECT_COVERAGE"",""human_rationale"":""기술 핵심01/02/03의 직접 지지·명시적 제한·부족·미해결을 각각 검토. 점수/정원 없음."",""observation_refs"":[""OB_FIRST_PANEL_03_ML_ENGINEER_EV_APP0025_FIRST_INTERVIEW_TECHNICAL_ASSESSMENT_M1_SKILL_01"",""OB_FIRST_PANEL_03_HIRING_MANAGER_EV_APP0025_FIRST_INTERVIEW_TECHNICAL_ASSESSMENT_M1_SKILL_01"",""OB_FIRST_PANEL_03_TECHNICAL_REVIEWER_EV_APP0025_FIRST_INTERVIEW_TECHNICAL_ASSESSMENT_M1_SKILL_01"",""OB_FIRST_PANEL_03_ML_ENGINEER_EV_APP0025_FIRST_INTERVIEW_TECHNICAL_ASSESSMENT_M1_SKILL_02"",""OB_FIRST_PANEL_03_HIRING_MANAGER_EV_APP0025_FIRST_INTERVIEW_TECHNICAL_ASSESSMENT_M1_SKILL_02"",""OB_FIRST_PANEL_03_TECHNICAL_REVIEWER_EV_APP0025_FIRST_INTERVIEW_TECHNICAL_ASSESSMENT_M1_SKILL_02"",""OB_FIRST_PANEL_03_ML_ENGINEER_EV_APP0025_FIRST_INTERVIEW_TECHNICAL_ASSESSMENT_M1_SKILL_07"",""OB_FIRST_PANEL_03_HIRING_MANAGER_EV_APP0025_FIRST_INTERVIEW_TECHNICAL_ASSESSMENT_M1_SKILL_07"",""OB_FIRST_PANEL_03_TECHNICAL_REVIEWER_EV_APP0025_FIRST_INTERVIEW_TECHNICAL_ASSESSMENT_M1_SKILL_07"",""OB_FIRST_PANEL_03_ML_ENGINEER_EV_APP0025_FIRST_INTERVIEW_AI_CASE_M1_SKILL_01"",""OB_FIRST_PANEL_03_HIRING_MANAGER_EV_APP0025_FIRST_INTERVIEW_AI_CASE_M1_SKILL_01"",""OB_FIRST_PANEL_03_TECHNICAL_REVIEWER_EV_APP0025_FIRST_INTERVIEW_AI_CASE_M1_SKILL_01"",""OB_FIRST_PANEL_03_ML_ENGINEER_EV_APP0025_FIRST_INTERVIEW_AI_CASE_M1_SKILL_03"",""OB_FIRST_PANEL_03_HIRING_MANAGER_EV_APP0025_FIRST_INTERVIEW_AI_CASE_M1_SKILL_03"",""OB_FIRST_PANEL_03_TECHNICAL_REVIEWER_EV_APP0025_FIRST_INTERVIEW_AI_CASE_M1_SKILL_03"",""OB_FIRST_PANEL_03_ML_ENGINEER_EV_APP0025_FIRST_INTERVIEW_PRACTITIONER_QA_M1_SKILL_04"",""OB_FIRST_PANEL_03_HIRING_MANAGER_EV_APP0025_FIRST_INTERVIEW_PRACTITIONER_QA_M1_SKILL_04"",""OB_FIRST_PANEL_03_TECHNICAL_REVIEWER_EV_APP0025_FIRST_INTERVIEW_PRACTITIONER_QA_M1_SKILL_04"",""OB_FIRST_PANEL_03_ML_ENGINEER_EV_APP0025_FIRST_INTERVIEW_PRACTITIONER_QA_M1_SKILL_05"",""OB_FIRST_PANEL_03_HIRING_MANAGER_EV_APP0025_FIRST_INTERVIEW_PRACTITIONER_QA_M1_SKILL_05"",""OB_FIRST_PANEL_03_TECHNICAL_REVIEWER_EV_APP0025_FIRST_INTERVIEW_PRACTITIONER_QA_M1_SKILL_05"",""OB_FIRST_PANEL_03_ML_ENGINEER_EV_APP0025_FIRST_INTERVIEW_PRACTITIONER_QA_M1_SKILL_06"",""OB_FIRST_PANEL_03_HIRING_MANAGER_EV_APP0025_FIRST_INTERVIEW_PRACTITIONER_QA_M1_SKILL_06"",""OB_FIRST_PANEL_03_TECHNICAL_REVIEWER_EV_APP0025_FIRST_INTERVIEW_PRACTITIONER_QA_M1_SKILL_06"",""OB_FIRST_PANEL_03_ML_ENGINEER_EV_APP0025_FIRST_INTERVIEW_PRACTITIONER_QA_M1_SKILL_08"",""OB_FIRST_PANEL_03_HIRING_MANAGER_EV_APP0025_FIRST_INTERVIEW_PRACTITIONER_QA_M1_SKILL_08"",""OB_FIRST_PANEL_03_TECHNICAL_REVIEWER_EV_APP0025_FIRST_INTERVIEW_PRACTITIONER_QA_M1_SKILL_08""],""operational_state"":""EVIDENCE_PENDING""}"
APP0031_FIRST_INTERVIEW,APP0031,C0031,FIRST_INTERVIEW,2026-12-02T16:21:00+09:00,2026-12-04T16:21:00+09:00,2026-12-10T09:00:00+09:00,2026-12-10T10:00:00+09:00,2026-12-13T10:15:00+09:00,2026-12-15T10:15:00+09:00,,FAILED,CORE_DIRECT_LIMITATION,,SYNTHETIC_HUMAN_SCENARIO,"{""coverage"":{""M1_SKILL_01"":{""decisionable"":true,""observation_refs"":[""OB_FIRST_PANEL_04_ML_ENGINEER_EV_APP0031_FIRST_INTERVIEW_TECHNICAL_ASSESSMENT_M1_SKILL_01"",""OB_FIRST_PANEL_04_HIRING_MANAGER_EV_APP0031_FIRST_INTERVIEW_TECHNICAL_ASSESSMENT_M1_SKILL_01"",""OB_FIRST_PANEL_04_TECHNICAL_REVIEWER_EV_APP0031_FIRST_INTERVIEW_TECHNICAL_ASSESSMENT_M1_SKILL_01"",""OB_FIRST_PANEL_04_ML_ENGINEER_EV_APP0031_FIRST_INTERVIEW_AI_CASE_M1_SKILL_01"",""OB_FIRST_PANEL_04_HIRING_MANAGER_EV_APP0031_FIRST_INTERVIEW_AI_CASE_M1_SKILL_01"",""OB_FIRST_PANEL_04_TECHNICAL_REVIEWER_EV_APP0031_FIRST_INTERVIEW_AI_CASE_M1_SKILL_01""],""skill_decision_ref"":""DC_APP0031_M1_SKILL_01_000084"",""state"":""B""},""M1_SKILL_02"":{""decisionable"":true,""observation_refs"":[""OB_FIRST_PANEL_04_ML_ENGINEER_EV_APP0031_FIRST_INTERVIEW_TECHNICAL_ASSESSMENT_M1_SKILL_02"",""OB_FIRST_PANEL_04_HIRING_MANAGER_EV_APP0031_FIRST_INTERVIEW_TECHNICAL_ASSESSMENT_M1_SKILL_02"",""OB_FIRST_PANEL_04_TECHNICAL_REVIEWER_EV_APP0031_FIRST_INTERVIEW_TECHNICAL_ASSESSMENT_M1_SKILL_02""],""skill_decision_ref"":""DC_APP0031_M1_SKILL_02_000085"",""state"":""B""},""M1_SKILL_03"":{""decisionable"":true,""observation_refs"":[""OB_FIRST_PANEL_04_ML_ENGINEER_EV_APP0031_FIRST_INTERVIEW_AI_CASE_M1_SKILL_03"",""OB_FIRST_PANEL_04_HIRING_MANAGER_EV_APP0031_FIRST_INTERVIEW_AI_CASE_M1_SKILL_03"",""OB_FIRST_PANEL_04_TECHNICAL_REVIEWER_EV_APP0031_FIRST_INTERVIEW_AI_CASE_M1_SKILL_03""],""skill_decision_ref"":""DC_APP0031_M1_SKILL_03_000086"",""state"":""A""}},""criterion"":""CORE_DIRECT_COVERAGE"",""human_rationale"":""기술 핵심01/02/03의 직접 지지·명시적 제한·부족·미해결을 각각 검토. 점수/정원 없음."",""observation_refs"":[""OB_FIRST_PANEL_04_ML_ENGINEER_EV_APP0031_FIRST_INTERVIEW_TECHNICAL_ASSESSMENT_M1_SKILL_01"",""OB_FIRST_PANEL_04_HIRING_MANAGER_EV_APP0031_FIRST_INTERVIEW_TECHNICAL_ASSESSMENT_M1_SKILL_01"",""OB_FIRST_PANEL_04_TECHNICAL_REVIEWER_EV_APP0031_FIRST_INTERVIEW_TECHNICAL_ASSESSMENT_M1_SKILL_01"",""OB_FIRST_PANEL_04_ML_ENGINEER_EV_APP0031_FIRST_INTERVIEW_TECHNICAL_ASSESSMENT_M1_SKILL_02"",""OB_FIRST_PANEL_04_HIRING_MANAGER_EV_APP0031_FIRST_INTERVIEW_TECHNICAL_ASSESSMENT_M1_SKILL_02"",""OB_FIRST_PANEL_04_TECHNICAL_REVIEWER_EV_APP0031_FIRST_INTERVIEW_TECHNICAL_ASSESSMENT_M1_SKILL_02"",""OB_FIRST_PANEL_04_ML_ENGINEER_EV_APP0031_FIRST_INTERVIEW_TECHNICAL_ASSESSMENT_M1_SKILL_07"",""OB_FIRST_PANEL_04_HIRING_MANAGER_EV_APP0031_FIRST_INTERVIEW_TECHNICAL_ASSESSMENT_M1_SKILL_07"",""OB_FIRST_PANEL_04_TECHNICAL_REVIEWER_EV_APP0031_FIRST_INTERVIEW_TECHNICAL_ASSESSMENT_M1_SKILL_07"",""OB_FIRST_PANEL_04_ML_ENGINEER_EV_APP0031_FIRST_INTERVIEW_AI_CASE_M1_SKILL_01"",""OB_FIRST_PANEL_04_HIRING_MANAGER_EV_APP0031_FIRST_INTERVIEW_AI_CASE_M1_SKILL_01"",""OB_FIRST_PANEL_04_TECHNICAL_REVIEWER_EV_APP0031_FIRST_INTERVIEW_AI_CASE_M1_SKILL_01"",""OB_FIRST_PANEL_04_ML_ENGINEER_EV_APP0031_FIRST_INTERVIEW_AI_CASE_M1_SKILL_03"",""OB_FIRST_PANEL_04_HIRING_MANAGER_EV_APP0031_FIRST_INTERVIEW_AI_CASE_M1_SKILL_03"",""OB_FIRST_PANEL_04_TECHNICAL_REVIEWER_EV_APP0031_FIRST_INTERVIEW_AI_CASE_M1_SKILL_03"",""OB_FIRST_PANEL_04_ML_ENGINEER_EV_APP0031_FIRST_INTERVIEW_PRACTITIONER_QA_M1_SKILL_04"",""OB_FIRST_PANEL_04_HIRING_MANAGER_EV_APP0031_FIRST_INTERVIEW_PRACTITIONER_QA_M1_SKILL_04"",""OB_FIRST_PANEL_04_TECHNICAL_REVIEWER_EV_APP0031_FIRST_INTERVIEW_PRACTITIONER_QA_M1_SKILL_04"",""OB_FIRST_PANEL_04_ML_ENGINEER_EV_APP0031_FIRST_INTERVIEW_PRACTITIONER_QA_M1_SKILL_05"",""OB_FIRST_PANEL_04_HIRING_MANAGER_EV_APP0031_FIRST_INTERVIEW_PRACTITIONER_QA_M1_SKILL_05"",""OB_FIRST_PANEL_04_TECHNICAL_REVIEWER_EV_APP0031_FIRST_INTERVIEW_PRACTITIONER_QA_M1_SKILL_05"",""OB_FIRST_PANEL_04_ML_ENGINEER_EV_APP0031_FIRST_INTERVIEW_PRACTITIONER_QA_M1_SKILL_06"",""OB_FIRST_PANEL_04_HIRING_MANAGER_EV_APP0031_FIRST_INTERVIEW_PRACTITIONER_QA_M1_SKILL_06"",""OB_FIRST_PANEL_04_TECHNICAL_REVIEWER_EV_APP0031_FIRST_INTERVIEW_PRACTITIONER_QA_M1_SKILL_06"",""OB_FIRST_PANEL_04_ML_ENGINEER_EV_APP0031_FIRST_INTERVIEW_PRACTITIONER_QA_M1_SKILL_08"",""OB_FIRST_PANEL_04_HIRING_MANAGER_EV_APP0031_FIRST_INTERVIEW_PRACTITIONER_QA_M1_SKILL_08"",""OB_FIRST_PANEL_04_TECHNICAL_REVIEWER_EV_APP0031_FIRST_INTERVIEW_PRACTITIONER_QA_M1_SKILL_08""]}"
APP0037_FIRST_INTERVIEW,APP0037,C0037,FIRST_INTERVIEW,2026-12-02T16:21:00+09:00,2026-12-04T16:21:00+09:00,2026-12-10T09:00:00+09:00,2026-12-10T10:00:00+09:00,2026-12-11T10:00:00+09:00,2026-12-15T10:00:00+09:00,,ADVANCED,FIRST_EVIDENCE_REVIEWED,,SYNTHETIC_HUMAN_SCENARIO,"{""coverage"":{""M1_SKILL_01"":{""decisionable"":true,""observation_refs"":[""OB_FIRST_PANEL_05_ML_ENGINEER_EV_APP0037_FIRST_INTERVIEW_TECHNICAL_ASSESSMENT_M1_SKILL_01"",""OB_FIRST_PANEL_05_HIRING_MANAGER_EV_APP0037_FIRST_INTERVIEW_TECHNICAL_ASSESSMENT_M1_SKILL_01"",""OB_FIRST_PANEL_05_TECHNICAL_REVIEWER_EV_APP0037_FIRST_INTERVIEW_TECHNICAL_ASSESSMENT_M1_SKILL_01"",""OB_FIRST_PANEL_05_ML_ENGINEER_EV_APP0037_FIRST_INTERVIEW_AI_CASE_M1_SKILL_01"",""OB_FIRST_PANEL_05_HIRING_MANAGER_EV_APP0037_FIRST_INTERVIEW_AI_CASE_M1_SKILL_01"",""OB_FIRST_PANEL_05_TECHNICAL_REVIEWER_EV_APP0037_FIRST_INTERVIEW_AI_CASE_M1_SKILL_01""],""skill_decision_ref"":""DC_APP0037_M1_SKILL_01_000092"",""state"":""A""},""M1_SKILL_02"":{""decisionable"":true,""observation_refs"":[""OB_FIRST_PANEL_05_ML_ENGINEER_EV_APP0037_FIRST_INTERVIEW_TECHNICAL_ASSESSMENT_M1_SKILL_02"",""OB_FIRST_PANEL_05_HIRING_MANAGER_EV_APP0037_FIRST_INTERVIEW_TECHNICAL_ASSESSMENT_M1_SKILL_02"",""OB_FIRST_PANEL_05_TECHNICAL_REVIEWER_EV_APP0037_FIRST_INTERVIEW_TECHNICAL_ASSESSMENT_M1_SKILL_02""],""skill_decision_ref"":""DC_APP0037_M1_SKILL_02_000093"",""state"":""A""},""M1_SKILL_03"":{""decisionable"":true,""observation_refs"":[""OB_FIRST_PANEL_05_ML_ENGINEER_EV_APP0037_FIRST_INTERVIEW_AI_CASE_M1_SKILL_03"",""OB_FIRST_PANEL_05_HIRING_MANAGER_EV_APP0037_FIRST_INTERVIEW_AI_CASE_M1_SKILL_03"",""OB_FIRST_PANEL_05_TECHNICAL_REVIEWER_EV_APP0037_FIRST_INTERVIEW_AI_CASE_M1_SKILL_03""],""skill_decision_ref"":""DC_APP0037_M1_SKILL_03_000094"",""state"":""A""}},""criterion"":""CORE_DIRECT_COVERAGE"",""human_rationale"":""기술 핵심01/02/03의 직접 지지·명시적 제한·부족·미해결을 각각 검토. 점수/정원 없음."",""observation_refs"":[""OB_FIRST_PANEL_05_ML_ENGINEER_EV_APP0037_FIRST_INTERVIEW_TECHNICAL_ASSESSMENT_M1_SKILL_01"",""OB_FIRST_PANEL_05_HIRING_MANAGER_EV_APP0037_FIRST_INTERVIEW_TECHNICAL_ASSESSMENT_M1_SKILL_01"",""OB_FIRST_PANEL_05_TECHNICAL_REVIEWER_EV_APP0037_FIRST_INTERVIEW_TECHNICAL_ASSESSMENT_M1_SKILL_01"",""OB_FIRST_PANEL_05_ML_ENGINEER_EV_APP0037_FIRST_INTERVIEW_TECHNICAL_ASSESSMENT_M1_SKILL_02"",""OB_FIRST_PANEL_05_HIRING_MANAGER_EV_APP0037_FIRST_INTERVIEW_TECHNICAL_ASSESSMENT_M1_SKILL_02"",""OB_FIRST_PANEL_05_TECHNICAL_REVIEWER_EV_APP0037_FIRST_INTERVIEW_TECHNICAL_ASSESSMENT_M1_SKILL_02"",""OB_FIRST_PANEL_05_ML_ENGINEER_EV_APP0037_FIRST_INTERVIEW_TECHNICAL_ASSESSMENT_M1_SKILL_07"",""OB_FIRST_PANEL_05_HIRING_MANAGER_EV_APP0037_FIRST_INTERVIEW_TECHNICAL_ASSESSMENT_M1_SKILL_07"",""OB_FIRST_PANEL_05_TECHNICAL_REVIEWER_EV_APP0037_FIRST_INTERVIEW_TECHNICAL_ASSESSMENT_M1_SKILL_07"",""OB_FIRST_PANEL_05_ML_ENGINEER_EV_APP0037_FIRST_INTERVIEW_AI_CASE_M1_SKILL_01"",""OB_FIRST_PANEL_05_HIRING_MANAGER_EV_APP0037_FIRST_INTERVIEW_AI_CASE_M1_SKILL_01"",""OB_FIRST_PANEL_05_TECHNICAL_REVIEWER_EV_APP0037_FIRST_INTERVIEW_AI_CASE_M1_SKILL_01"",""OB_FIRST_PANEL_05_ML_ENGINEER_EV_APP0037_FIRST_INTERVIEW_AI_CASE_M1_SKILL_03"",""OB_FIRST_PANEL_05_HIRING_MANAGER_EV_APP0037_FIRST_INTERVIEW_AI_CASE_M1_SKILL_03"",""OB_FIRST_PANEL_05_TECHNICAL_REVIEWER_EV_APP0037_FIRST_INTERVIEW_AI_CASE_M1_SKILL_03"",""OB_FIRST_PANEL_05_ML_ENGINEER_EV_APP0037_FIRST_INTERVIEW_PRACTITIONER_QA_M1_SKILL_04"",""OB_FIRST_PANEL_05_HIRING_MANAGER_EV_APP0037_FIRST_INTERVIEW_PRACTITIONER_QA_M1_SKILL_04"",""OB_FIRST_PANEL_05_TECHNICAL_REVIEWER_EV_APP0037_FIRST_INTERVIEW_PRACTITIONER_QA_M1_SKILL_04"",""OB_FIRST_PANEL_05_ML_ENGINEER_EV_APP0037_FIRST_INTERVIEW_PRACTITIONER_QA_M1_SKILL_05"",""OB_FIRST_PANEL_05_HIRING_MANAGER_EV_APP0037_FIRST_INTERVIEW_PRACTITIONER_QA_M1_SKILL_05"",""OB_FIRST_PANEL_05_TECHNICAL_REVIEWER_EV_APP0037_FIRST_INTERVIEW_PRACTITIONER_QA_M1_SKILL_05"",""OB_FIRST_PANEL_05_ML_ENGINEER_EV_APP0037_FIRST_INTERVIEW_PRACTITIONER_QA_M1_SKILL_06"",""OB_FIRST_PANEL_05_HIRING_MANAGER_EV_APP0037_FIRST_INTERVIEW_PRACTITIONER_QA_M1_SKILL_06"",""OB_FIRST_PANEL_05_TECHNICAL_REVIEWER_EV_APP0037_FIRST_INTERVIEW_PRACTITIONER_QA_M1_SKILL_06"",""OB_FIRST_PANEL_05_ML_ENGINEER_EV_APP0037_FIRST_INTERVIEW_PRACTITIONER_QA_M1_SKILL_08"",""OB_FIRST_PANEL_05_HIRING_MANAGER_EV_APP0037_FIRST_INTERVIEW_PRACTITIONER_QA_M1_SKILL_08"",""OB_FIRST_PANEL_05_TECHNICAL_REVIEWER_EV_APP0037_FIRST_INTERVIEW_PRACTITIONER_QA_M1_SKILL_08""]}"
APP0039_FIRST_INTERVIEW,APP0039,C0039,FIRST_INTERVIEW,2026-12-02T16:21:00+09:00,2026-12-04T16:21:00+09:00,2026-12-10T09:00:00+09:00,2026-12-10T10:00:00+09:00,2026-12-13T10:00:00+09:00,2026-12-14T10:00:00+09:00,,FAILED,CORE_DIRECT_LIMITATION,,SYNTHETIC_HUMAN_SCENARIO,"{""coverage"":{""M1_SKILL_01"":{""decisionable"":true,""observation_refs"":[""OB_FIRST_PANEL_06_ML_ENGINEER_EV_APP0039_FIRST_INTERVIEW_TECHNICAL_ASSESSMENT_M1_SKILL_01"",""OB_FIRST_PANEL_06_HIRING_MANAGER_EV_APP0039_FIRST_INTERVIEW_TECHNICAL_ASSESSMENT_M1_SKILL_01"",""OB_FIRST_PANEL_06_TECHNICAL_REVIEWER_EV_APP0039_FIRST_INTERVIEW_TECHNICAL_ASSESSMENT_M1_SKILL_01"",""OB_FIRST_PANEL_06_ML_ENGINEER_EV_APP0039_FIRST_INTERVIEW_AI_CASE_M1_SKILL_01"",""OB_FIRST_PANEL_06_HIRING_MANAGER_EV_APP0039_FIRST_INTERVIEW_AI_CASE_M1_SKILL_01"",""OB_FIRST_PANEL_06_TECHNICAL_REVIEWER_EV_APP0039_FIRST_INTERVIEW_AI_CASE_M1_SKILL_01""],""skill_decision_ref"":""DC_APP0039_M1_SKILL_01_000100"",""state"":""A""},""M1_SKILL_02"":{""decisionable"":true,""observation_refs"":[""OB_FIRST_PANEL_06_ML_ENGINEER_EV_APP0039_FIRST_INTERVIEW_TECHNICAL_ASSESSMENT_M1_SKILL_02"",""OB_FIRST_PANEL_06_HIRING_MANAGER_EV_APP0039_FIRST_INTERVIEW_TECHNICAL_ASSESSMENT_M1_SKILL_02"",""OB_FIRST_PANEL_06_TECHNICAL_REVIEWER_EV_APP0039_FIRST_INTERVIEW_TECHNICAL_ASSESSMENT_M1_SKILL_02""],""skill_decision_ref"":""DC_APP0039_M1_SKILL_02_000101"",""state"":""B""},""M1_SKILL_03"":{""decisionable"":true,""observation_refs"":[""OB_FIRST_PANEL_06_ML_ENGINEER_EV_APP0039_FIRST_INTERVIEW_AI_CASE_M1_SKILL_03"",""OB_FIRST_PANEL_06_HIRING_MANAGER_EV_APP0039_FIRST_INTERVIEW_AI_CASE_M1_SKILL_03"",""OB_FIRST_PANEL_06_TECHNICAL_REVIEWER_EV_APP0039_FIRST_INTERVIEW_AI_CASE_M1_SKILL_03""],""skill_decision_ref"":""DC_APP0039_M1_SKILL_03_000102"",""state"":""A""}},""criterion"":""CORE_DIRECT_COVERAGE"",""human_rationale"":""기술 핵심01/02/03의 직접 지지·명시적 제한·부족·미해결을 각각 검토. 점수/정원 없음."",""observation_refs"":[""OB_FIRST_PANEL_06_ML_ENGINEER_EV_APP0039_FIRST_INTERVIEW_TECHNICAL_ASSESSMENT_M1_SKILL_01"",""OB_FIRST_PANEL_06_HIRING_MANAGER_EV_APP0039_FIRST_INTERVIEW_TECHNICAL_ASSESSMENT_M1_SKILL_01"",""OB_FIRST_PANEL_06_TECHNICAL_REVIEWER_EV_APP0039_FIRST_INTERVIEW_TECHNICAL_ASSESSMENT_M1_SKILL_01"",""OB_FIRST_PANEL_06_ML_ENGINEER_EV_APP0039_FIRST_INTERVIEW_TECHNICAL_ASSESSMENT_M1_SKILL_02"",""OB_FIRST_PANEL_06_HIRING_MANAGER_EV_APP0039_FIRST_INTERVIEW_TECHNICAL_ASSESSMENT_M1_SKILL_02"",""OB_FIRST_PANEL_06_TECHNICAL_REVIEWER_EV_APP0039_FIRST_INTERVIEW_TECHNICAL_ASSESSMENT_M1_SKILL_02"",""OB_FIRST_PANEL_06_ML_ENGINEER_EV_APP0039_FIRST_INTERVIEW_TECHNICAL_ASSESSMENT_M1_SKILL_07"",""OB_FIRST_PANEL_06_HIRING_MANAGER_EV_APP0039_FIRST_INTERVIEW_TECHNICAL_ASSESSMENT_M1_SKILL_07"",""OB_FIRST_PANEL_06_TECHNICAL_REVIEWER_EV_APP0039_FIRST_INTERVIEW_TECHNICAL_ASSESSMENT_M1_SKILL_07"",""OB_FIRST_PANEL_06_ML_ENGINEER_EV_APP0039_FIRST_INTERVIEW_AI_CASE_M1_SKILL_01"",""OB_FIRST_PANEL_06_HIRING_MANAGER_EV_APP0039_FIRST_INTERVIEW_AI_CASE_M1_SKILL_01"",""OB_FIRST_PANEL_06_TECHNICAL_REVIEWER_EV_APP0039_FIRST_INTERVIEW_AI_CASE_M1_SKILL_01"",""OB_FIRST_PANEL_06_ML_ENGINEER_EV_APP0039_FIRST_INTERVIEW_AI_CASE_M1_SKILL_03"",""OB_FIRST_PANEL_06_HIRING_MANAGER_EV_APP0039_FIRST_INTERVIEW_AI_CASE_M1_SKILL_03"",""OB_FIRST_PANEL_06_TECHNICAL_REVIEWER_EV_APP0039_FIRST_INTERVIEW_AI_CASE_M1_SKILL_03"",""OB_FIRST_PANEL_06_ML_ENGINEER_EV_APP0039_FIRST_INTERVIEW_PRACTITIONER_QA_M1_SKILL_04"",""OB_FIRST_PANEL_06_HIRING_MANAGER_EV_APP0039_FIRST_INTERVIEW_PRACTITIONER_QA_M1_SKILL_04"",""OB_FIRST_PANEL_06_TECHNICAL_REVIEWER_EV_APP0039_FIRST_INTERVIEW_PRACTITIONER_QA_M1_SKILL_04"",""OB_FIRST_PANEL_06_ML_ENGINEER_EV_APP0039_FIRST_INTERVIEW_PRACTITIONER_QA_M1_SKILL_05"",""OB_FIRST_PANEL_06_HIRING_MANAGER_EV_APP0039_FIRST_INTERVIEW_PRACTITIONER_QA_M1_SKILL_05"",""OB_FIRST_PANEL_06_TECHNICAL_REVIEWER_EV_APP0039_FIRST_INTERVIEW_PRACTITIONER_QA_M1_SKILL_05"",""OB_FIRST_PANEL_06_ML_ENGINEER_EV_APP0039_FIRST_INTERVIEW_PRACTITIONER_QA_M1_SKILL_06"",""OB_FIRST_PANEL_06_HIRING_MANAGER_EV_APP0039_FIRST_INTERVIEW_PRACTITIONER_QA_M1_SKILL_06"",""OB_FIRST_PANEL_06_TECHNICAL_REVIEWER_EV_APP0039_FIRST_INTERVIEW_PRACTITIONER_QA_M1_SKILL_06"",""OB_FIRST_PANEL_06_ML_ENGINEER_EV_APP0039_FIRST_INTERVIEW_PRACTITIONER_QA_M1_SKILL_08"",""OB_FIRST_PANEL_06_HIRING_MANAGER_EV_APP0039_FIRST_INTERVIEW_PRACTITIONER_QA_M1_SKILL_08"",""OB_FIRST_PANEL_06_TECHNICAL_REVIEWER_EV_APP0039_FIRST_INTERVIEW_PRACTITIONER_QA_M1_SKILL_08""]}"
APP0046_FIRST_INTERVIEW,APP0046,C0046,FIRST_INTERVIEW,2026-12-02T16:21:00+09:00,2026-12-04T16:21:00+09:00,2026-12-10T09:00:00+09:00,2026-12-10T10:00:00+09:00,2026-12-13T10:15:00+09:00,2026-12-14T10:15:00+09:00,,ADVANCED,FIRST_EVIDENCE_REVIEWED,,SYNTHETIC_HUMAN_SCENARIO,"{""coverage"":{""M1_SKILL_01"":{""decisionable"":true,""observation_refs"":[""OB_FIRST_PANEL_07_ML_ENGINEER_EV_APP0046_FIRST_INTERVIEW_TECHNICAL_ASSESSMENT_M1_SKILL_01"",""OB_FIRST_PANEL_07_HIRING_MANAGER_EV_APP0046_FIRST_INTERVIEW_TECHNICAL_ASSESSMENT_M1_SKILL_01"",""OB_FIRST_PANEL_07_TECHNICAL_REVIEWER_EV_APP0046_FIRST_INTERVIEW_TECHNICAL_ASSESSMENT_M1_SKILL_01"",""OB_FIRST_PANEL_07_ML_ENGINEER_EV_APP0046_FIRST_INTERVIEW_AI_CASE_M1_SKILL_01"",""OB_FIRST_PANEL_07_HIRING_MANAGER_EV_APP0046_FIRST_INTERVIEW_AI_CASE_M1_SKILL_01"",""OB_FIRST_PANEL_07_TECHNICAL_REVIEWER_EV_APP0046_FIRST_INTERVIEW_AI_CASE_M1_SKILL_01""],""skill_decision_ref"":""DC_APP0046_M1_SKILL_01_000108"",""state"":""A""},""M1_SKILL_02"":{""decisionable"":true,""observation_refs"":[""OB_FIRST_PANEL_07_ML_ENGINEER_EV_APP0046_FIRST_INTERVIEW_TECHNICAL_ASSESSMENT_M1_SKILL_02"",""OB_FIRST_PANEL_07_HIRING_MANAGER_EV_APP0046_FIRST_INTERVIEW_TECHNICAL_ASSESSMENT_M1_SKILL_02"",""OB_FIRST_PANEL_07_TECHNICAL_REVIEWER_EV_APP0046_FIRST_INTERVIEW_TECHNICAL_ASSESSMENT_M1_SKILL_02""],""skill_decision_ref"":""DC_APP0046_M1_SKILL_02_000109"",""state"":""A""},""M1_SKILL_03"":{""decisionable"":true,""observation_refs"":[""OB_FIRST_PANEL_07_ML_ENGINEER_EV_APP0046_FIRST_INTERVIEW_AI_CASE_M1_SKILL_03"",""OB_FIRST_PANEL_07_HIRING_MANAGER_EV_APP0046_FIRST_INTERVIEW_AI_CASE_M1_SKILL_03"",""OB_FIRST_PANEL_07_TECHNICAL_REVIEWER_EV_APP0046_FIRST_INTERVIEW_AI_CASE_M1_SKILL_03""],""skill_decision_ref"":""DC_APP0046_M1_SKILL_03_000110"",""state"":""A""}},""criterion"":""CORE_DIRECT_COVERAGE"",""human_rationale"":""기술 핵심01/02/03의 직접 지지·명시적 제한·부족·미해결을 각각 검토. 점수/정원 없음."",""observation_refs"":[""OB_FIRST_PANEL_07_ML_ENGINEER_EV_APP0046_FIRST_INTERVIEW_TECHNICAL_ASSESSMENT_M1_SKILL_01"",""OB_FIRST_PANEL_07_HIRING_MANAGER_EV_APP0046_FIRST_INTERVIEW_TECHNICAL_ASSESSMENT_M1_SKILL_01"",""OB_FIRST_PANEL_07_TECHNICAL_REVIEWER_EV_APP0046_FIRST_INTERVIEW_TECHNICAL_ASSESSMENT_M1_SKILL_01"",""OB_FIRST_PANEL_07_ML_ENGINEER_EV_APP0046_FIRST_INTERVIEW_TECHNICAL_ASSESSMENT_M1_SKILL_02"",""OB_FIRST_PANEL_07_HIRING_MANAGER_EV_APP0046_FIRST_INTERVIEW_TECHNICAL_ASSESSMENT_M1_SKILL_02"",""OB_FIRST_PANEL_07_TECHNICAL_REVIEWER_EV_APP0046_FIRST_INTERVIEW_TECHNICAL_ASSESSMENT_M1_SKILL_02"",""OB_FIRST_PANEL_07_ML_ENGINEER_EV_APP0046_FIRST_INTERVIEW_TECHNICAL_ASSESSMENT_M1_SKILL_07"",""OB_FIRST_PANEL_07_HIRING_MANAGER_EV_APP0046_FIRST_INTERVIEW_TECHNICAL_ASSESSMENT_M1_SKILL_07"",""OB_FIRST_PANEL_07_TECHNICAL_REVIEWER_EV_APP0046_FIRST_INTERVIEW_TECHNICAL_ASSESSMENT_M1_SKILL_07"",""OB_FIRST_PANEL_07_ML_ENGINEER_EV_APP0046_FIRST_INTERVIEW_AI_CASE_M1_SKILL_01"",""OB_FIRST_PANEL_07_HIRING_MANAGER_EV_APP0046_FIRST_INTERVIEW_AI_CASE_M1_SKILL_01"",""OB_FIRST_PANEL_07_TECHNICAL_REVIEWER_EV_APP0046_FIRST_INTERVIEW_AI_CASE_M1_SKILL_01"",""OB_FIRST_PANEL_07_ML_ENGINEER_EV_APP0046_FIRST_INTERVIEW_AI_CASE_M1_SKILL_03"",""OB_FIRST_PANEL_07_HIRING_MANAGER_EV_APP0046_FIRST_INTERVIEW_AI_CASE_M1_SKILL_03"",""OB_FIRST_PANEL_07_TECHNICAL_REVIEWER_EV_APP0046_FIRST_INTERVIEW_AI_CASE_M1_SKILL_03"",""OB_FIRST_PANEL_07_ML_ENGINEER_EV_APP0046_FIRST_INTERVIEW_PRACTITIONER_QA_M1_SKILL_04"",""OB_FIRST_PANEL_07_HIRING_MANAGER_EV_APP0046_FIRST_INTERVIEW_PRACTITIONER_QA_M1_SKILL_04"",""OB_FIRST_PANEL_07_TECHNICAL_REVIEWER_EV_APP0046_FIRST_INTERVIEW_PRACTITIONER_QA_M1_SKILL_04"",""OB_FIRST_PANEL_07_ML_ENGINEER_EV_APP0046_FIRST_INTERVIEW_PRACTITIONER_QA_M1_SKILL_05"",""OB_FIRST_PANEL_07_HIRING_MANAGER_EV_APP0046_FIRST_INTERVIEW_PRACTITIONER_QA_M1_SKILL_05"",""OB_FIRST_PANEL_07_TECHNICAL_REVIEWER_EV_APP0046_FIRST_INTERVIEW_PRACTITIONER_QA_M1_SKILL_05"",""OB_FIRST_PANEL_07_ML_ENGINEER_EV_APP0046_FIRST_INTERVIEW_PRACTITIONER_QA_M1_SKILL_06"",""OB_FIRST_PANEL_07_HIRING_MANAGER_EV_APP0046_FIRST_INTERVIEW_PRACTITIONER_QA_M1_SKILL_06"",""OB_FIRST_PANEL_07_TECHNICAL_REVIEWER_EV_APP0046_FIRST_INTERVIEW_PRACTITIONER_QA_M1_SKILL_06"",""OB_FIRST_PANEL_07_ML_ENGINEER_EV_APP0046_FIRST_INTERVIEW_PRACTITIONER_QA_M1_SKILL_08"",""OB_FIRST_PANEL_07_HIRING_MANAGER_EV_APP0046_FIRST_INTERVIEW_PRACTITIONER_QA_M1_SKILL_08"",""OB_FIRST_PANEL_07_TECHNICAL_REVIEWER_EV_APP0046_FIRST_INTERVIEW_PRACTITIONER_QA_M1_SKILL_08""]}"
APP0052_FIRST_INTERVIEW,APP0052,C0052,FIRST_INTERVIEW,2026-12-02T16:21:00+09:00,2026-12-04T16:21:00+09:00,2026-12-10T09:00:00+09:00,,,,,IN_PROGRESS,,,,"{""motive"":""UNKNOWN"",""operational_state"":""NO_RESPONSE_PENDING""}"
APP0056_FIRST_INTERVIEW,APP0056,C0056,FIRST_INTERVIEW,2026-12-02T16:21:00+09:00,2026-12-04T16:21:00+09:00,2026-12-10T09:00:00+09:00,2026-12-10T10:00:00+09:00,2026-12-15T10:15:00+09:00,2026-12-19T10:15:00+09:00,,ADVANCED,FIRST_EVIDENCE_REVIEWED,,SYNTHETIC_HUMAN_SCENARIO,"{""coverage"":{""M1_SKILL_01"":{""decisionable"":true,""observation_refs"":[""OB_FIRST_PANEL_09_ML_ENGINEER_EV_APP0056_FIRST_INTERVIEW_TECHNICAL_ASSESSMENT_M1_SKILL_01"",""OB_FIRST_PANEL_09_HIRING_MANAGER_EV_APP0056_FIRST_INTERVIEW_TECHNICAL_ASSESSMENT_M1_SKILL_01"",""OB_FIRST_PANEL_09_TECHNICAL_REVIEWER_EV_APP0056_FIRST_INTERVIEW_TECHNICAL_ASSESSMENT_M1_SKILL_01"",""OB_FIRST_PANEL_09_ML_ENGINEER_EV_APP0056_FIRST_INTERVIEW_AI_CASE_M1_SKILL_01"",""OB_FIRST_PANEL_09_HIRING_MANAGER_EV_APP0056_FIRST_INTERVIEW_AI_CASE_M1_SKILL_01"",""OB_FIRST_PANEL_09_TECHNICAL_REVIEWER_EV_APP0056_FIRST_INTERVIEW_AI_CASE_M1_SKILL_01""],""skill_decision_ref"":""DC_APP0056_M1_SKILL_01_000116"",""state"":""A""},""M1_SKILL_02"":{""decisionable"":true,""observation_refs"":[""OB_FIRST_PANEL_09_ML_ENGINEER_EV_APP0056_FIRST_INTERVIEW_TECHNICAL_ASSESSMENT_M1_SKILL_02"",""OB_FIRST_PANEL_09_HIRING_MANAGER_EV_APP0056_FIRST_INTERVIEW_TECHNICAL_ASSESSMENT_M1_SKILL_02"",""OB_FIRST_PANEL_09_TECHNICAL_REVIEWER_EV_APP0056_FIRST_INTERVIEW_TECHNICAL_ASSESSMENT_M1_SKILL_02""],""skill_decision_ref"":""DC_APP0056_M1_SKILL_02_000117"",""state"":""A""},""M1_SKILL_03"":{""decisionable"":true,""observation_refs"":[""OB_FIRST_PANEL_09_ML_ENGINEER_EV_APP0056_FIRST_INTERVIEW_AI_CASE_M1_SKILL_03"",""OB_FIRST_PANEL_09_HIRING_MANAGER_EV_APP0056_FIRST_INTERVIEW_AI_CASE_M1_SKILL_03"",""OB_FIRST_PANEL_09_TECHNICAL_REVIEWER_EV_APP0056_FIRST_INTERVIEW_AI_CASE_M1_SKILL_03""],""skill_decision_ref"":""DC_APP0056_M1_SKILL_03_000118"",""state"":""A""}},""criterion"":""CORE_DIRECT_COVERAGE"",""human_rationale"":""기술 핵심01/02/03의 직접 지지·명시적 제한·부족·미해결을 각각 검토. 점수/정원 없음."",""observation_refs"":[""OB_FIRST_PANEL_09_ML_ENGINEER_EV_APP0056_FIRST_INTERVIEW_TECHNICAL_ASSESSMENT_M1_SKILL_01"",""OB_FIRST_PANEL_09_HIRING_MANAGER_EV_APP0056_FIRST_INTERVIEW_TECHNICAL_ASSESSMENT_M1_SKILL_01"",""OB_FIRST_PANEL_09_TECHNICAL_REVIEWER_EV_APP0056_FIRST_INTERVIEW_TECHNICAL_ASSESSMENT_M1_SKILL_01"",""OB_FIRST_PANEL_09_ML_ENGINEER_EV_APP0056_FIRST_INTERVIEW_TECHNICAL_ASSESSMENT_M1_SKILL_02"",""OB_FIRST_PANEL_09_HIRING_MANAGER_EV_APP0056_FIRST_INTERVIEW_TECHNICAL_ASSESSMENT_M1_SKILL_02"",""OB_FIRST_PANEL_09_TECHNICAL_REVIEWER_EV_APP0056_FIRST_INTERVIEW_TECHNICAL_ASSESSMENT_M1_SKILL_02"",""OB_FIRST_PANEL_09_ML_ENGINEER_EV_APP0056_FIRST_INTERVIEW_TECHNICAL_ASSESSMENT_M1_SKILL_07"",""OB_FIRST_PANEL_09_HIRING_MANAGER_EV_APP0056_FIRST_INTERVIEW_TECHNICAL_ASSESSMENT_M1_SKILL_07"",""OB_FIRST_PANEL_09_TECHNICAL_REVIEWER_EV_APP0056_FIRST_INTERVIEW_TECHNICAL_ASSESSMENT_M1_SKILL_07"",""OB_FIRST_PANEL_09_ML_ENGINEER_EV_APP0056_FIRST_INTERVIEW_AI_CASE_M1_SKILL_01"",""OB_FIRST_PANEL_09_HIRING_MANAGER_EV_APP0056_FIRST_INTERVIEW_AI_CASE_M1_SKILL_01"",""OB_FIRST_PANEL_09_TECHNICAL_REVIEWER_EV_APP0056_FIRST_INTERVIEW_AI_CASE_M1_SKILL_01"",""OB_FIRST_PANEL_09_ML_ENGINEER_EV_APP0056_FIRST_INTERVIEW_AI_CASE_M1_SKILL_03"",""OB_FIRST_PANEL_09_HIRING_MANAGER_EV_APP0056_FIRST_INTERVIEW_AI_CASE_M1_SKILL_03"",""OB_FIRST_PANEL_09_TECHNICAL_REVIEWER_EV_APP0056_FIRST_INTERVIEW_AI_CASE_M1_SKILL_03"",""OB_FIRST_PANEL_09_ML_ENGINEER_EV_APP0056_FIRST_INTERVIEW_PRACTITIONER_QA_M1_SKILL_04"",""OB_FIRST_PANEL_09_HIRING_MANAGER_EV_APP0056_FIRST_INTERVIEW_PRACTITIONER_QA_M1_SKILL_04"",""OB_FIRST_PANEL_09_TECHNICAL_REVIEWER_EV_APP0056_FIRST_INTERVIEW_PRACTITIONER_QA_M1_SKILL_04"",""OB_FIRST_PANEL_09_ML_ENGINEER_EV_APP0056_FIRST_INTERVIEW_PRACTITIONER_QA_M1_SKILL_05"",""OB_FIRST_PANEL_09_HIRING_MANAGER_EV_APP0056_FIRST_INTERVIEW_PRACTITIONER_QA_M1_SKILL_05"",""OB_FIRST_PANEL_09_TECHNICAL_REVIEWER_EV_APP0056_FIRST_INTERVIEW_PRACTITIONER_QA_M1_SKILL_05"",""OB_FIRST_PANEL_09_ML_ENGINEER_EV_APP0056_FIRST_INTERVIEW_PRACTITIONER_QA_M1_SKILL_06"",""OB_FIRST_PANEL_09_HIRING_MANAGER_EV_APP0056_FIRST_INTERVIEW_PRACTITIONER_QA_M1_SKILL_06"",""OB_FIRST_PANEL_09_TECHNICAL_REVIEWER_EV_APP0056_FIRST_INTERVIEW_PRACTITIONER_QA_M1_SKILL_06"",""OB_FIRST_PANEL_09_ML_ENGINEER_EV_APP0056_FIRST_INTERVIEW_PRACTITIONER_QA_M1_SKILL_08"",""OB_FIRST_PANEL_09_HIRING_MANAGER_EV_APP0056_FIRST_INTERVIEW_PRACTITIONER_QA_M1_SKILL_08"",""OB_FIRST_PANEL_09_TECHNICAL_REVIEWER_EV_APP0056_FIRST_INTERVIEW_PRACTITIONER_QA_M1_SKILL_08""]}"
APP0058_FIRST_INTERVIEW,APP0058,C0058,FIRST_INTERVIEW,2026-12-02T16:21:00+09:00,2026-12-04T16:21:00+09:00,2026-12-10T09:00:00+09:00,2026-12-10T10:00:00+09:00,2026-12-15T10:15:00+09:00,2026-12-19T10:15:00+09:00,,IN_PROGRESS,EVIDENCE_PENDING,,SYNTHETIC_HUMAN_SCENARIO,"{""coverage"":{""M1_SKILL_01"":{""decisionable"":true,""observation_refs"":[""OB_FIRST_PANEL_10_ML_ENGINEER_EV_APP0058_FIRST_INTERVIEW_TECHNICAL_ASSESSMENT_M1_SKILL_01"",""OB_FIRST_PANEL_10_HIRING_MANAGER_EV_APP0058_FIRST_INTERVIEW_TECHNICAL_ASSESSMENT_M1_SKILL_01"",""OB_FIRST_PANEL_10_TECHNICAL_REVIEWER_EV_APP0058_FIRST_INTERVIEW_TECHNICAL_ASSESSMENT_M1_SKILL_01"",""OB_FIRST_PANEL_10_ML_ENGINEER_EV_APP0058_FIRST_INTERVIEW_AI_CASE_M1_SKILL_01"",""OB_FIRST_PANEL_10_HIRING_MANAGER_EV_APP0058_FIRST_INTERVIEW_AI_CASE_M1_SKILL_01"",""OB_FIRST_PANEL_10_TECHNICAL_REVIEWER_EV_APP0058_FIRST_INTERVIEW_AI_CASE_M1_SKILL_01""],""skill_decision_ref"":""DC_APP0058_M1_SKILL_01_000124"",""state"":""A""},""M1_SKILL_02"":{""decisionable"":true,""observation_refs"":[""OB_FIRST_PANEL_10_ML_ENGINEER_EV_APP0058_FIRST_INTERVIEW_TECHNICAL_ASSESSMENT_M1_SKILL_02"",""OB_FIRST_PANEL_10_HIRING_MANAGER_EV_APP0058_FIRST_INTERVIEW_TECHNICAL_ASSESSMENT_M1_SKILL_02"",""OB_FIRST_PANEL_10_TECHNICAL_REVIEWER_EV_APP0058_FIRST_INTERVIEW_TECHNICAL_ASSESSMENT_M1_SKILL_02""],""skill_decision_ref"":""DC_APP0058_M1_SKILL_02_000125"",""state"":""A""},""M1_SKILL_03"":{""decisionable"":false,""observation_refs"":[""OB_FIRST_PANEL_10_ML_ENGINEER_EV_APP0058_FIRST_INTERVIEW_AI_CASE_M1_SKILL_03"",""OB_FIRST_PANEL_10_HIRING_MANAGER_EV_APP0058_FIRST_INTERVIEW_AI_CASE_M1_SKILL_03"",""OB_FIRST_PANEL_10_TECHNICAL_REVIEWER_EV_APP0058_FIRST_INTERVIEW_AI_CASE_M1_SKILL_03""],""skill_decision_ref"":""DC_APP0058_M1_SKILL_03_000126"",""state"":""D""}},""criterion"":""CORE_DIRECT_COVERAGE"",""human_rationale"":""기술 핵심01/02/03의 직접 지지·명시적 제한·부족·미해결을 각각 검토. 점수/정원 없음."",""observation_refs"":[""OB_FIRST_PANEL_10_ML_ENGINEER_EV_APP0058_FIRST_INTERVIEW_TECHNICAL_ASSESSMENT_M1_SKILL_01"",""OB_FIRST_PANEL_10_HIRING_MANAGER_EV_APP0058_FIRST_INTERVIEW_TECHNICAL_ASSESSMENT_M1_SKILL_01"",""OB_FIRST_PANEL_10_TECHNICAL_REVIEWER_EV_APP0058_FIRST_INTERVIEW_TECHNICAL_ASSESSMENT_M1_SKILL_01"",""OB_FIRST_PANEL_10_ML_ENGINEER_EV_APP0058_FIRST_INTERVIEW_TECHNICAL_ASSESSMENT_M1_SKILL_02"",""OB_FIRST_PANEL_10_HIRING_MANAGER_EV_APP0058_FIRST_INTERVIEW_TECHNICAL_ASSESSMENT_M1_SKILL_02"",""OB_FIRST_PANEL_10_TECHNICAL_REVIEWER_EV_APP0058_FIRST_INTERVIEW_TECHNICAL_ASSESSMENT_M1_SKILL_02"",""OB_FIRST_PANEL_10_ML_ENGINEER_EV_APP0058_FIRST_INTERVIEW_TECHNICAL_ASSESSMENT_M1_SKILL_07"",""OB_FIRST_PANEL_10_HIRING_MANAGER_EV_APP0058_FIRST_INTERVIEW_TECHNICAL_ASSESSMENT_M1_SKILL_07"",""OB_FIRST_PANEL_10_TECHNICAL_REVIEWER_EV_APP0058_FIRST_INTERVIEW_TECHNICAL_ASSESSMENT_M1_SKILL_07"",""OB_FIRST_PANEL_10_ML_ENGINEER_EV_APP0058_FIRST_INTERVIEW_AI_CASE_M1_SKILL_01"",""OB_FIRST_PANEL_10_HIRING_MANAGER_EV_APP0058_FIRST_INTERVIEW_AI_CASE_M1_SKILL_01"",""OB_FIRST_PANEL_10_TECHNICAL_REVIEWER_EV_APP0058_FIRST_INTERVIEW_AI_CASE_M1_SKILL_01"",""OB_FIRST_PANEL_10_ML_ENGINEER_EV_APP0058_FIRST_INTERVIEW_AI_CASE_M1_SKILL_03"",""OB_FIRST_PANEL_10_HIRING_MANAGER_EV_APP0058_FIRST_INTERVIEW_AI_CASE_M1_SKILL_03"",""OB_FIRST_PANEL_10_TECHNICAL_REVIEWER_EV_APP0058_FIRST_INTERVIEW_AI_CASE_M1_SKILL_03"",""OB_FIRST_PANEL_10_ML_ENGINEER_EV_APP0058_FIRST_INTERVIEW_PRACTITIONER_QA_M1_SKILL_04"",""OB_FIRST_PANEL_10_HIRING_MANAGER_EV_APP0058_FIRST_INTERVIEW_PRACTITIONER_QA_M1_SKILL_04"",""OB_FIRST_PANEL_10_TECHNICAL_REVIEWER_EV_APP0058_FIRST_INTERVIEW_PRACTITIONER_QA_M1_SKILL_04"",""OB_FIRST_PANEL_10_ML_ENGINEER_EV_APP0058_FIRST_INTERVIEW_PRACTITIONER_QA_M1_SKILL_05"",""OB_FIRST_PANEL_10_HIRING_MANAGER_EV_APP0058_FIRST_INTERVIEW_PRACTITIONER_QA_M1_SKILL_05"",""OB_FIRST_PANEL_10_TECHNICAL_REVIEWER_EV_APP0058_FIRST_INTERVIEW_PRACTITIONER_QA_M1_SKILL_05"",""OB_FIRST_PANEL_10_ML_ENGINEER_EV_APP0058_FIRST_INTERVIEW_PRACTITIONER_QA_M1_SKILL_06"",""OB_FIRST_PANEL_10_HIRING_MANAGER_EV_APP0058_FIRST_INTERVIEW_PRACTITIONER_QA_M1_SKILL_06"",""OB_FIRST_PANEL_10_TECHNICAL_REVIEWER_EV_APP0058_FIRST_INTERVIEW_PRACTITIONER_QA_M1_SKILL_06"",""OB_FIRST_PANEL_10_ML_ENGINEER_EV_APP0058_FIRST_INTERVIEW_PRACTITIONER_QA_M1_SKILL_08"",""OB_FIRST_PANEL_10_HIRING_MANAGER_EV_APP0058_FIRST_INTERVIEW_PRACTITIONER_QA_M1_SKILL_08"",""OB_FIRST_PANEL_10_TECHNICAL_REVIEWER_EV_APP0058_FIRST_INTERVIEW_PRACTITIONER_QA_M1_SKILL_08""],""operational_state"":""EVIDENCE_PENDING""}"
APP0061_FIRST_INTERVIEW,APP0061,C0061,FIRST_INTERVIEW,2026-12-02T16:21:00+09:00,2026-12-04T16:21:00+09:00,2026-12-14T09:00:00+09:00,2026-12-14T10:00:00+09:00,2026-12-16T10:15:00+09:00,2026-12-17T10:15:00+09:00,,IN_PROGRESS,EVIDENCE_PENDING,,SYNTHETIC_HUMAN_SCENARIO,"{""coverage"":{""M1_SKILL_01"":{""decisionable"":true,""observation_refs"":[""OB_FIRST_PANEL_01_ML_ENGINEER_EV_APP0061_FIRST_INTERVIEW_TECHNICAL_ASSESSMENT_M1_SKILL_01"",""OB_FIRST_PANEL_01_HIRING_MANAGER_EV_APP0061_FIRST_INTERVIEW_TECHNICAL_ASSESSMENT_M1_SKILL_01"",""OB_FIRST_PANEL_01_TECHNICAL_REVIEWER_EV_APP0061_FIRST_INTERVIEW_TECHNICAL_ASSESSMENT_M1_SKILL_01"",""OB_FIRST_PANEL_01_ML_ENGINEER_EV_APP0061_FIRST_INTERVIEW_AI_CASE_M1_SKILL_01"",""OB_FIRST_PANEL_01_HIRING_MANAGER_EV_APP0061_FIRST_INTERVIEW_AI_CASE_M1_SKILL_01"",""OB_FIRST_PANEL_01_TECHNICAL_REVIEWER_EV_APP0061_FIRST_INTERVIEW_AI_CASE_M1_SKILL_01""],""skill_decision_ref"":""DC_APP0061_M1_SKILL_01_000132"",""state"":""A""},""M1_SKILL_02"":{""decisionable"":false,""observation_refs"":[""OB_FIRST_PANEL_01_ML_ENGINEER_EV_APP0061_FIRST_INTERVIEW_TECHNICAL_ASSESSMENT_M1_SKILL_02"",""OB_FIRST_PANEL_01_HIRING_MANAGER_EV_APP0061_FIRST_INTERVIEW_TECHNICAL_ASSESSMENT_M1_SKILL_02"",""OB_FIRST_PANEL_01_TECHNICAL_REVIEWER_EV_APP0061_FIRST_INTERVIEW_TECHNICAL_ASSESSMENT_M1_SKILL_02""],""skill_decision_ref"":""DC_APP0061_M1_SKILL_02_000133"",""state"":""D""},""M1_SKILL_03"":{""decisionable"":false,""observation_refs"":[""OB_FIRST_PANEL_01_ML_ENGINEER_EV_APP0061_FIRST_INTERVIEW_AI_CASE_M1_SKILL_03"",""OB_FIRST_PANEL_01_HIRING_MANAGER_EV_APP0061_FIRST_INTERVIEW_AI_CASE_M1_SKILL_03"",""OB_FIRST_PANEL_01_TECHNICAL_REVIEWER_EV_APP0061_FIRST_INTERVIEW_AI_CASE_M1_SKILL_03""],""skill_decision_ref"":""DC_APP0061_M1_SKILL_03_000134"",""state"":""D""}},""criterion"":""CORE_DIRECT_COVERAGE"",""human_rationale"":""기술 핵심01/02/03의 직접 지지·명시적 제한·부족·미해결을 각각 검토. 점수/정원 없음."",""observation_refs"":[""OB_FIRST_PANEL_01_ML_ENGINEER_EV_APP0061_FIRST_INTERVIEW_TECHNICAL_ASSESSMENT_M1_SKILL_01"",""OB_FIRST_PANEL_01_HIRING_MANAGER_EV_APP0061_FIRST_INTERVIEW_TECHNICAL_ASSESSMENT_M1_SKILL_01"",""OB_FIRST_PANEL_01_TECHNICAL_REVIEWER_EV_APP0061_FIRST_INTERVIEW_TECHNICAL_ASSESSMENT_M1_SKILL_01"",""OB_FIRST_PANEL_01_ML_ENGINEER_EV_APP0061_FIRST_INTERVIEW_TECHNICAL_ASSESSMENT_M1_SKILL_02"",""OB_FIRST_PANEL_01_HIRING_MANAGER_EV_APP0061_FIRST_INTERVIEW_TECHNICAL_ASSESSMENT_M1_SKILL_02"",""OB_FIRST_PANEL_01_TECHNICAL_REVIEWER_EV_APP0061_FIRST_INTERVIEW_TECHNICAL_ASSESSMENT_M1_SKILL_02"",""OB_FIRST_PANEL_01_ML_ENGINEER_EV_APP0061_FIRST_INTERVIEW_TECHNICAL_ASSESSMENT_M1_SKILL_07"",""OB_FIRST_PANEL_01_HIRING_MANAGER_EV_APP0061_FIRST_INTERVIEW_TECHNICAL_ASSESSMENT_M1_SKILL_07"",""OB_FIRST_PANEL_01_TECHNICAL_REVIEWER_EV_APP0061_FIRST_INTERVIEW_TECHNICAL_ASSESSMENT_M1_SKILL_07"",""OB_FIRST_PANEL_01_ML_ENGINEER_EV_APP0061_FIRST_INTERVIEW_AI_CASE_M1_SKILL_01"",""OB_FIRST_PANEL_01_HIRING_MANAGER_EV_APP0061_FIRST_INTERVIEW_AI_CASE_M1_SKILL_01"",""OB_FIRST_PANEL_01_TECHNICAL_REVIEWER_EV_APP0061_FIRST_INTERVIEW_AI_CASE_M1_SKILL_01"",""OB_FIRST_PANEL_01_ML_ENGINEER_EV_APP0061_FIRST_INTERVIEW_AI_CASE_M1_SKILL_03"",""OB_FIRST_PANEL_01_HIRING_MANAGER_EV_APP0061_FIRST_INTERVIEW_AI_CASE_M1_SKILL_03"",""OB_FIRST_PANEL_01_TECHNICAL_REVIEWER_EV_APP0061_FIRST_INTERVIEW_AI_CASE_M1_SKILL_03"",""OB_FIRST_PANEL_01_ML_ENGINEER_EV_APP0061_FIRST_INTERVIEW_PRACTITIONER_QA_M1_SKILL_04"",""OB_FIRST_PANEL_01_HIRING_MANAGER_EV_APP0061_FIRST_INTERVIEW_PRACTITIONER_QA_M1_SKILL_04"",""OB_FIRST_PANEL_01_TECHNICAL_REVIEWER_EV_APP0061_FIRST_INTERVIEW_PRACTITIONER_QA_M1_SKILL_04"",""OB_FIRST_PANEL_01_ML_ENGINEER_EV_APP0061_FIRST_INTERVIEW_PRACTITIONER_QA_M1_SKILL_05"",""OB_FIRST_PANEL_01_HIRING_MANAGER_EV_APP0061_FIRST_INTERVIEW_PRACTITIONER_QA_M1_SKILL_05"",""OB_FIRST_PANEL_01_TECHNICAL_REVIEWER_EV_APP0061_FIRST_INTERVIEW_PRACTITIONER_QA_M1_SKILL_05"",""OB_FIRST_PANEL_01_ML_ENGINEER_EV_APP0061_FIRST_INTERVIEW_PRACTITIONER_QA_M1_SKILL_06"",""OB_FIRST_PANEL_01_HIRING_MANAGER_EV_APP0061_FIRST_INTERVIEW_PRACTITIONER_QA_M1_SKILL_06"",""OB_FIRST_PANEL_01_TECHNICAL_REVIEWER_EV_APP0061_FIRST_INTERVIEW_PRACTITIONER_QA_M1_SKILL_06"",""OB_FIRST_PANEL_01_ML_ENGINEER_EV_APP0061_FIRST_INTERVIEW_PRACTITIONER_QA_M1_SKILL_08"",""OB_FIRST_PANEL_01_HIRING_MANAGER_EV_APP0061_FIRST_INTERVIEW_PRACTITIONER_QA_M1_SKILL_08"",""OB_FIRST_PANEL_01_TECHNICAL_REVIEWER_EV_APP0061_FIRST_INTERVIEW_PRACTITIONER_QA_M1_SKILL_08""],""operational_state"":""EVIDENCE_PENDING""}"
APP0064_FIRST_INTERVIEW,APP0064,C0064,FIRST_INTERVIEW,2026-12-02T16:21:00+09:00,2026-12-04T16:21:00+09:00,2026-12-14T09:00:00+09:00,2026-12-14T10:00:00+09:00,2026-12-17T10:15:00+09:00,2026-12-17T10:15:00+09:00,,FAILED,CORE_DIRECT_LIMITATION,,SYNTHETIC_HUMAN_SCENARIO,"{""coverage"":{""M1_SKILL_01"":{""decisionable"":true,""observation_refs"":[""OB_FIRST_PANEL_02_ML_ENGINEER_EV_APP0064_FIRST_INTERVIEW_TECHNICAL_ASSESSMENT_M1_SKILL_01"",""OB_FIRST_PANEL_02_HIRING_MANAGER_EV_APP0064_FIRST_INTERVIEW_TECHNICAL_ASSESSMENT_M1_SKILL_01"",""OB_FIRST_PANEL_02_TECHNICAL_REVIEWER_EV_APP0064_FIRST_INTERVIEW_TECHNICAL_ASSESSMENT_M1_SKILL_01"",""OB_FIRST_PANEL_02_ML_ENGINEER_EV_APP0064_FIRST_INTERVIEW_AI_CASE_M1_SKILL_01"",""OB_FIRST_PANEL_02_HIRING_MANAGER_EV_APP0064_FIRST_INTERVIEW_AI_CASE_M1_SKILL_01"",""OB_FIRST_PANEL_02_TECHNICAL_REVIEWER_EV_APP0064_FIRST_INTERVIEW_AI_CASE_M1_SKILL_01""],""skill_decision_ref"":""DC_APP0064_M1_SKILL_01_000140"",""state"":""A""},""M1_SKILL_02"":{""decisionable"":true,""observation_refs"":[""OB_FIRST_PANEL_02_ML_ENGINEER_EV_APP0064_FIRST_INTERVIEW_TECHNICAL_ASSESSMENT_M1_SKILL_02"",""OB_FIRST_PANEL_02_HIRING_MANAGER_EV_APP0064_FIRST_INTERVIEW_TECHNICAL_ASSESSMENT_M1_SKILL_02"",""OB_FIRST_PANEL_02_TECHNICAL_REVIEWER_EV_APP0064_FIRST_INTERVIEW_TECHNICAL_ASSESSMENT_M1_SKILL_02""],""skill_decision_ref"":""DC_APP0064_M1_SKILL_02_000141"",""state"":""A""},""M1_SKILL_03"":{""decisionable"":true,""observation_refs"":[""OB_FIRST_PANEL_02_ML_ENGINEER_EV_APP0064_FIRST_INTERVIEW_AI_CASE_M1_SKILL_03"",""OB_FIRST_PANEL_02_HIRING_MANAGER_EV_APP0064_FIRST_INTERVIEW_AI_CASE_M1_SKILL_03"",""OB_FIRST_PANEL_02_TECHNICAL_REVIEWER_EV_APP0064_FIRST_INTERVIEW_AI_CASE_M1_SKILL_03""],""skill_decision_ref"":""DC_APP0064_M1_SKILL_03_000142"",""state"":""B""}},""criterion"":""CORE_DIRECT_COVERAGE"",""human_rationale"":""기술 핵심01/02/03의 직접 지지·명시적 제한·부족·미해결을 각각 검토. 점수/정원 없음."",""observation_refs"":[""OB_FIRST_PANEL_02_ML_ENGINEER_EV_APP0064_FIRST_INTERVIEW_TECHNICAL_ASSESSMENT_M1_SKILL_01"",""OB_FIRST_PANEL_02_HIRING_MANAGER_EV_APP0064_FIRST_INTERVIEW_TECHNICAL_ASSESSMENT_M1_SKILL_01"",""OB_FIRST_PANEL_02_TECHNICAL_REVIEWER_EV_APP0064_FIRST_INTERVIEW_TECHNICAL_ASSESSMENT_M1_SKILL_01"",""OB_FIRST_PANEL_02_ML_ENGINEER_EV_APP0064_FIRST_INTERVIEW_TECHNICAL_ASSESSMENT_M1_SKILL_02"",""OB_FIRST_PANEL_02_HIRING_MANAGER_EV_APP0064_FIRST_INTERVIEW_TECHNICAL_ASSESSMENT_M1_SKILL_02"",""OB_FIRST_PANEL_02_TECHNICAL_REVIEWER_EV_APP0064_FIRST_INTERVIEW_TECHNICAL_ASSESSMENT_M1_SKILL_02"",""OB_FIRST_PANEL_02_ML_ENGINEER_EV_APP0064_FIRST_INTERVIEW_TECHNICAL_ASSESSMENT_M1_SKILL_07"",""OB_FIRST_PANEL_02_HIRING_MANAGER_EV_APP0064_FIRST_INTERVIEW_TECHNICAL_ASSESSMENT_M1_SKILL_07"",""OB_FIRST_PANEL_02_TECHNICAL_REVIEWER_EV_APP0064_FIRST_INTERVIEW_TECHNICAL_ASSESSMENT_M1_SKILL_07"",""OB_FIRST_PANEL_02_ML_ENGINEER_EV_APP0064_FIRST_INTERVIEW_AI_CASE_M1_SKILL_01"",""OB_FIRST_PANEL_02_HIRING_MANAGER_EV_APP0064_FIRST_INTERVIEW_AI_CASE_M1_SKILL_01"",""OB_FIRST_PANEL_02_TECHNICAL_REVIEWER_EV_APP0064_FIRST_INTERVIEW_AI_CASE_M1_SKILL_01"",""OB_FIRST_PANEL_02_ML_ENGINEER_EV_APP0064_FIRST_INTERVIEW_AI_CASE_M1_SKILL_03"",""OB_FIRST_PANEL_02_HIRING_MANAGER_EV_APP0064_FIRST_INTERVIEW_AI_CASE_M1_SKILL_03"",""OB_FIRST_PANEL_02_TECHNICAL_REVIEWER_EV_APP0064_FIRST_INTERVIEW_AI_CASE_M1_SKILL_03"",""OB_FIRST_PANEL_02_ML_ENGINEER_EV_APP0064_FIRST_INTERVIEW_PRACTITIONER_QA_M1_SKILL_04"",""OB_FIRST_PANEL_02_HIRING_MANAGER_EV_APP0064_FIRST_INTERVIEW_PRACTITIONER_QA_M1_SKILL_04"",""OB_FIRST_PANEL_02_TECHNICAL_REVIEWER_EV_APP0064_FIRST_INTERVIEW_PRACTITIONER_QA_M1_SKILL_04"",""OB_FIRST_PANEL_02_ML_ENGINEER_EV_APP0064_FIRST_INTERVIEW_PRACTITIONER_QA_M1_SKILL_05"",""OB_FIRST_PANEL_02_HIRING_MANAGER_EV_APP0064_FIRST_INTERVIEW_PRACTITIONER_QA_M1_SKILL_05"",""OB_FIRST_PANEL_02_TECHNICAL_REVIEWER_EV_APP0064_FIRST_INTERVIEW_PRACTITIONER_QA_M1_SKILL_05"",""OB_FIRST_PANEL_02_ML_ENGINEER_EV_APP0064_FIRST_INTERVIEW_PRACTITIONER_QA_M1_SKILL_06"",""OB_FIRST_PANEL_02_HIRING_MANAGER_EV_APP0064_FIRST_INTERVIEW_PRACTITIONER_QA_M1_SKILL_06"",""OB_FIRST_PANEL_02_TECHNICAL_REVIEWER_EV_APP0064_FIRST_INTERVIEW_PRACTITIONER_QA_M1_SKILL_06"",""OB_FIRST_PANEL_02_ML_ENGINEER_EV_APP0064_FIRST_INTERVIEW_PRACTITIONER_QA_M1_SKILL_08"",""OB_FIRST_PANEL_02_HIRING_MANAGER_EV_APP0064_FIRST_INTERVIEW_PRACTITIONER_QA_M1_SKILL_08"",""OB_FIRST_PANEL_02_TECHNICAL_REVIEWER_EV_APP0064_FIRST_INTERVIEW_PRACTITIONER_QA_M1_SKILL_08""]}"
APP0068_FIRST_INTERVIEW,APP0068,C0068,FIRST_INTERVIEW,2026-12-02T16:21:00+09:00,2026-12-04T16:21:00+09:00,2026-12-14T09:00:00+09:00,2026-12-14T10:00:00+09:00,2026-12-15T10:15:00+09:00,2026-12-16T10:15:00+09:00,,IN_PROGRESS,EVIDENCE_PENDING,,SYNTHETIC_HUMAN_SCENARIO,"{""coverage"":{""M1_SKILL_01"":{""decisionable"":true,""observation_refs"":[""OB_FIRST_PANEL_03_ML_ENGINEER_EV_APP0068_FIRST_INTERVIEW_TECHNICAL_ASSESSMENT_M1_SKILL_01"",""OB_FIRST_PANEL_03_HIRING_MANAGER_EV_APP0068_FIRST_INTERVIEW_TECHNICAL_ASSESSMENT_M1_SKILL_01"",""OB_FIRST_PANEL_03_TECHNICAL_REVIEWER_EV_APP0068_FIRST_INTERVIEW_TECHNICAL_ASSESSMENT_M1_SKILL_01"",""OB_FIRST_PANEL_03_ML_ENGINEER_EV_APP0068_FIRST_INTERVIEW_AI_CASE_M1_SKILL_01"",""OB_FIRST_PANEL_03_HIRING_MANAGER_EV_APP0068_FIRST_INTERVIEW_AI_CASE_M1_SKILL_01"",""OB_FIRST_PANEL_03_TECHNICAL_REVIEWER_EV_APP0068_FIRST_INTERVIEW_AI_CASE_M1_SKILL_01""],""skill_decision_ref"":""DC_APP0068_M1_SKILL_01_000148"",""state"":""A""},""M1_SKILL_02"":{""decisionable"":true,""observation_refs"":[""OB_FIRST_PANEL_03_ML_ENGINEER_EV_APP0068_FIRST_INTERVIEW_TECHNICAL_ASSESSMENT_M1_SKILL_02"",""OB_FIRST_PANEL_03_HIRING_MANAGER_EV_APP0068_FIRST_INTERVIEW_TECHNICAL_ASSESSMENT_M1_SKILL_02"",""OB_FIRST_PANEL_03_TECHNICAL_REVIEWER_EV_APP0068_FIRST_INTERVIEW_TECHNICAL_ASSESSMENT_M1_SKILL_02""],""skill_decision_ref"":""DC_APP0068_M1_SKILL_02_000149"",""state"":""A""},""M1_SKILL_03"":{""decisionable"":false,""observation_refs"":[""OB_FIRST_PANEL_03_ML_ENGINEER_EV_APP0068_FIRST_INTERVIEW_AI_CASE_M1_SKILL_03"",""OB_FIRST_PANEL_03_HIRING_MANAGER_EV_APP0068_FIRST_INTERVIEW_AI_CASE_M1_SKILL_03"",""OB_FIRST_PANEL_03_TECHNICAL_REVIEWER_EV_APP0068_FIRST_INTERVIEW_AI_CASE_M1_SKILL_03""],""skill_decision_ref"":""DC_APP0068_M1_SKILL_03_000150"",""state"":""C""}},""criterion"":""CORE_DIRECT_COVERAGE"",""human_rationale"":""기술 핵심01/02/03의 직접 지지·명시적 제한·부족·미해결을 각각 검토. 점수/정원 없음."",""observation_refs"":[""OB_FIRST_PANEL_03_ML_ENGINEER_EV_APP0068_FIRST_INTERVIEW_TECHNICAL_ASSESSMENT_M1_SKILL_01"",""OB_FIRST_PANEL_03_HIRING_MANAGER_EV_APP0068_FIRST_INTERVIEW_TECHNICAL_ASSESSMENT_M1_SKILL_01"",""OB_FIRST_PANEL_03_TECHNICAL_REVIEWER_EV_APP0068_FIRST_INTERVIEW_TECHNICAL_ASSESSMENT_M1_SKILL_01"",""OB_FIRST_PANEL_03_ML_ENGINEER_EV_APP0068_FIRST_INTERVIEW_TECHNICAL_ASSESSMENT_M1_SKILL_02"",""OB_FIRST_PANEL_03_HIRING_MANAGER_EV_APP0068_FIRST_INTERVIEW_TECHNICAL_ASSESSMENT_M1_SKILL_02"",""OB_FIRST_PANEL_03_TECHNICAL_REVIEWER_EV_APP0068_FIRST_INTERVIEW_TECHNICAL_ASSESSMENT_M1_SKILL_02"",""OB_FIRST_PANEL_03_ML_ENGINEER_EV_APP0068_FIRST_INTERVIEW_TECHNICAL_ASSESSMENT_M1_SKILL_07"",""OB_FIRST_PANEL_03_HIRING_MANAGER_EV_APP0068_FIRST_INTERVIEW_TECHNICAL_ASSESSMENT_M1_SKILL_07"",""OB_FIRST_PANEL_03_TECHNICAL_REVIEWER_EV_APP0068_FIRST_INTERVIEW_TECHNICAL_ASSESSMENT_M1_SKILL_07"",""OB_FIRST_PANEL_03_ML_ENGINEER_EV_APP0068_FIRST_INTERVIEW_AI_CASE_M1_SKILL_01"",""OB_FIRST_PANEL_03_HIRING_MANAGER_EV_APP0068_FIRST_INTERVIEW_AI_CASE_M1_SKILL_01"",""OB_FIRST_PANEL_03_TECHNICAL_REVIEWER_EV_APP0068_FIRST_INTERVIEW_AI_CASE_M1_SKILL_01"",""OB_FIRST_PANEL_03_ML_ENGINEER_EV_APP0068_FIRST_INTERVIEW_AI_CASE_M1_SKILL_03"",""OB_FIRST_PANEL_03_HIRING_MANAGER_EV_APP0068_FIRST_INTERVIEW_AI_CASE_M1_SKILL_03"",""OB_FIRST_PANEL_03_TECHNICAL_REVIEWER_EV_APP0068_FIRST_INTERVIEW_AI_CASE_M1_SKILL_03"",""OB_FIRST_PANEL_03_ML_ENGINEER_EV_APP0068_FIRST_INTERVIEW_PRACTITIONER_QA_M1_SKILL_04"",""OB_FIRST_PANEL_03_HIRING_MANAGER_EV_APP0068_FIRST_INTERVIEW_PRACTITIONER_QA_M1_SKILL_04"",""OB_FIRST_PANEL_03_TECHNICAL_REVIEWER_EV_APP0068_FIRST_INTERVIEW_PRACTITIONER_QA_M1_SKILL_04"",""OB_FIRST_PANEL_03_ML_ENGINEER_EV_APP0068_FIRST_INTERVIEW_PRACTITIONER_QA_M1_SKILL_05"",""OB_FIRST_PANEL_03_HIRING_MANAGER_EV_APP0068_FIRST_INTERVIEW_PRACTITIONER_QA_M1_SKILL_05"",""OB_FIRST_PANEL_03_TECHNICAL_REVIEWER_EV_APP0068_FIRST_INTERVIEW_PRACTITIONER_QA_M1_SKILL_05"",""OB_FIRST_PANEL_03_ML_ENGINEER_EV_APP0068_FIRST_INTERVIEW_PRACTITIONER_QA_M1_SKILL_06"",""OB_FIRST_PANEL_03_HIRING_MANAGER_EV_APP0068_FIRST_INTERVIEW_PRACTITIONER_QA_M1_SKILL_06"",""OB_FIRST_PANEL_03_TECHNICAL_REVIEWER_EV_APP0068_FIRST_INTERVIEW_PRACTITIONER_QA_M1_SKILL_06"",""OB_FIRST_PANEL_03_ML_ENGINEER_EV_APP0068_FIRST_INTERVIEW_PRACTITIONER_QA_M1_SKILL_08"",""OB_FIRST_PANEL_03_HIRING_MANAGER_EV_APP0068_FIRST_INTERVIEW_PRACTITIONER_QA_M1_SKILL_08"",""OB_FIRST_PANEL_03_TECHNICAL_REVIEWER_EV_APP0068_FIRST_INTERVIEW_PRACTITIONER_QA_M1_SKILL_08""],""operational_state"":""EVIDENCE_PENDING""}"
APP0070_FIRST_INTERVIEW,APP0070,C0070,FIRST_INTERVIEW,2026-12-02T16:21:00+09:00,2026-12-04T16:21:00+09:00,2026-12-14T09:00:00+09:00,2026-12-14T10:00:00+09:00,2026-12-16T10:15:00+09:00,2026-12-17T10:15:00+09:00,,ADVANCED,FIRST_EVIDENCE_REVIEWED,,SYNTHETIC_HUMAN_SCENARIO,"{""coverage"":{""M1_SKILL_01"":{""decisionable"":true,""observation_refs"":[""OB_FIRST_PANEL_04_ML_ENGINEER_EV_APP0070_FIRST_INTERVIEW_TECHNICAL_ASSESSMENT_M1_SKILL_01"",""OB_FIRST_PANEL_04_HIRING_MANAGER_EV_APP0070_FIRST_INTERVIEW_TECHNICAL_ASSESSMENT_M1_SKILL_01"",""OB_FIRST_PANEL_04_TECHNICAL_REVIEWER_EV_APP0070_FIRST_INTERVIEW_TECHNICAL_ASSESSMENT_M1_SKILL_01"",""OB_FIRST_PANEL_04_ML_ENGINEER_EV_APP0070_FIRST_INTERVIEW_AI_CASE_M1_SKILL_01"",""OB_FIRST_PANEL_04_HIRING_MANAGER_EV_APP0070_FIRST_INTERVIEW_AI_CASE_M1_SKILL_01"",""OB_FIRST_PANEL_04_TECHNICAL_REVIEWER_EV_APP0070_FIRST_INTERVIEW_AI_CASE_M1_SKILL_01""],""skill_decision_ref"":""DC_APP0070_M1_SKILL_01_000156"",""state"":""A""},""M1_SKILL_02"":{""decisionable"":true,""observation_refs"":[""OB_FIRST_PANEL_04_ML_ENGINEER_EV_APP0070_FIRST_INTERVIEW_TECHNICAL_ASSESSMENT_M1_SKILL_02"",""OB_FIRST_PANEL_04_HIRING_MANAGER_EV_APP0070_FIRST_INTERVIEW_TECHNICAL_ASSESSMENT_M1_SKILL_02"",""OB_FIRST_PANEL_04_TECHNICAL_REVIEWER_EV_APP0070_FIRST_INTERVIEW_TECHNICAL_ASSESSMENT_M1_SKILL_02""],""skill_decision_ref"":""DC_APP0070_M1_SKILL_02_000157"",""state"":""A""},""M1_SKILL_03"":{""decisionable"":true,""observation_refs"":[""OB_FIRST_PANEL_04_ML_ENGINEER_EV_APP0070_FIRST_INTERVIEW_AI_CASE_M1_SKILL_03"",""OB_FIRST_PANEL_04_HIRING_MANAGER_EV_APP0070_FIRST_INTERVIEW_AI_CASE_M1_SKILL_03"",""OB_FIRST_PANEL_04_TECHNICAL_REVIEWER_EV_APP0070_FIRST_INTERVIEW_AI_CASE_M1_SKILL_03""],""skill_decision_ref"":""DC_APP0070_M1_SKILL_03_000158"",""state"":""A""}},""criterion"":""CORE_DIRECT_COVERAGE"",""human_rationale"":""기술 핵심01/02/03의 직접 지지·명시적 제한·부족·미해결을 각각 검토. 점수/정원 없음."",""observation_refs"":[""OB_FIRST_PANEL_04_ML_ENGINEER_EV_APP0070_FIRST_INTERVIEW_TECHNICAL_ASSESSMENT_M1_SKILL_01"",""OB_FIRST_PANEL_04_HIRING_MANAGER_EV_APP0070_FIRST_INTERVIEW_TECHNICAL_ASSESSMENT_M1_SKILL_01"",""OB_FIRST_PANEL_04_TECHNICAL_REVIEWER_EV_APP0070_FIRST_INTERVIEW_TECHNICAL_ASSESSMENT_M1_SKILL_01"",""OB_FIRST_PANEL_04_ML_ENGINEER_EV_APP0070_FIRST_INTERVIEW_TECHNICAL_ASSESSMENT_M1_SKILL_02"",""OB_FIRST_PANEL_04_HIRING_MANAGER_EV_APP0070_FIRST_INTERVIEW_TECHNICAL_ASSESSMENT_M1_SKILL_02"",""OB_FIRST_PANEL_04_TECHNICAL_REVIEWER_EV_APP0070_FIRST_INTERVIEW_TECHNICAL_ASSESSMENT_M1_SKILL_02"",""OB_FIRST_PANEL_04_ML_ENGINEER_EV_APP0070_FIRST_INTERVIEW_TECHNICAL_ASSESSMENT_M1_SKILL_07"",""OB_FIRST_PANEL_04_HIRING_MANAGER_EV_APP0070_FIRST_INTERVIEW_TECHNICAL_ASSESSMENT_M1_SKILL_07"",""OB_FIRST_PANEL_04_TECHNICAL_REVIEWER_EV_APP0070_FIRST_INTERVIEW_TECHNICAL_ASSESSMENT_M1_SKILL_07"",""OB_FIRST_PANEL_04_ML_ENGINEER_EV_APP0070_FIRST_INTERVIEW_AI_CASE_M1_SKILL_01"",""OB_FIRST_PANEL_04_HIRING_MANAGER_EV_APP0070_FIRST_INTERVIEW_AI_CASE_M1_SKILL_01"",""OB_FIRST_PANEL_04_TECHNICAL_REVIEWER_EV_APP0070_FIRST_INTERVIEW_AI_CASE_M1_SKILL_01"",""OB_FIRST_PANEL_04_ML_ENGINEER_EV_APP0070_FIRST_INTERVIEW_AI_CASE_M1_SKILL_03"",""OB_FIRST_PANEL_04_HIRING_MANAGER_EV_APP0070_FIRST_INTERVIEW_AI_CASE_M1_SKILL_03"",""OB_FIRST_PANEL_04_TECHNICAL_REVIEWER_EV_APP0070_FIRST_INTERVIEW_AI_CASE_M1_SKILL_03"",""OB_FIRST_PANEL_04_ML_ENGINEER_EV_APP0070_FIRST_INTERVIEW_PRACTITIONER_QA_M1_SKILL_04"",""OB_FIRST_PANEL_04_HIRING_MANAGER_EV_APP0070_FIRST_INTERVIEW_PRACTITIONER_QA_M1_SKILL_04"",""OB_FIRST_PANEL_04_TECHNICAL_REVIEWER_EV_APP0070_FIRST_INTERVIEW_PRACTITIONER_QA_M1_SKILL_04"",""OB_FIRST_PANEL_04_ML_ENGINEER_EV_APP0070_FIRST_INTERVIEW_PRACTITIONER_QA_M1_SKILL_05"",""OB_FIRST_PANEL_04_HIRING_MANAGER_EV_APP0070_FIRST_INTERVIEW_PRACTITIONER_QA_M1_SKILL_05"",""OB_FIRST_PANEL_04_TECHNICAL_REVIEWER_EV_APP0070_FIRST_INTERVIEW_PRACTITIONER_QA_M1_SKILL_05"",""OB_FIRST_PANEL_04_ML_ENGINEER_EV_APP0070_FIRST_INTERVIEW_PRACTITIONER_QA_M1_SKILL_06"",""OB_FIRST_PANEL_04_HIRING_MANAGER_EV_APP0070_FIRST_INTERVIEW_PRACTITIONER_QA_M1_SKILL_06"",""OB_FIRST_PANEL_04_TECHNICAL_REVIEWER_EV_APP0070_FIRST_INTERVIEW_PRACTITIONER_QA_M1_SKILL_06"",""OB_FIRST_PANEL_04_ML_ENGINEER_EV_APP0070_FIRST_INTERVIEW_PRACTITIONER_QA_M1_SKILL_08"",""OB_FIRST_PANEL_04_HIRING_MANAGER_EV_APP0070_FIRST_INTERVIEW_PRACTITIONER_QA_M1_SKILL_08"",""OB_FIRST_PANEL_04_TECHNICAL_REVIEWER_EV_APP0070_FIRST_INTERVIEW_PRACTITIONER_QA_M1_SKILL_08""]}"
APP0076_FIRST_INTERVIEW,APP0076,C0076,FIRST_INTERVIEW,2026-12-02T16:21:00+09:00,2026-12-04T16:21:00+09:00,2026-12-14T09:00:00+09:00,2026-12-14T10:00:00+09:00,2026-12-17T10:15:00+09:00,2026-12-18T10:15:00+09:00,,IN_PROGRESS,EVIDENCE_PENDING,,SYNTHETIC_HUMAN_SCENARIO,"{""coverage"":{""M1_SKILL_01"":{""decisionable"":true,""observation_refs"":[""OB_FIRST_PANEL_05_ML_ENGINEER_EV_APP0076_FIRST_INTERVIEW_TECHNICAL_ASSESSMENT_M1_SKILL_01"",""OB_FIRST_PANEL_05_HIRING_MANAGER_EV_APP0076_FIRST_INTERVIEW_TECHNICAL_ASSESSMENT_M1_SKILL_01"",""OB_FIRST_PANEL_05_TECHNICAL_REVIEWER_EV_APP0076_FIRST_INTERVIEW_TECHNICAL_ASSESSMENT_M1_SKILL_01"",""OB_FIRST_PANEL_05_ML_ENGINEER_EV_APP0076_FIRST_INTERVIEW_AI_CASE_M1_SKILL_01"",""OB_FIRST_PANEL_05_HIRING_MANAGER_EV_APP0076_FIRST_INTERVIEW_AI_CASE_M1_SKILL_01"",""OB_FIRST_PANEL_05_TECHNICAL_REVIEWER_EV_APP0076_FIRST_INTERVIEW_AI_CASE_M1_SKILL_01""],""skill_decision_ref"":""DC_APP0076_M1_SKILL_01_000164"",""state"":""A""},""M1_SKILL_02"":{""decisionable"":false,""observation_refs"":[""OB_FIRST_PANEL_05_ML_ENGINEER_EV_APP0076_FIRST_INTERVIEW_TECHNICAL_ASSESSMENT_M1_SKILL_02"",""OB_FIRST_PANEL_05_HIRING_MANAGER_EV_APP0076_FIRST_INTERVIEW_TECHNICAL_ASSESSMENT_M1_SKILL_02"",""OB_FIRST_PANEL_05_TECHNICAL_REVIEWER_EV_APP0076_FIRST_INTERVIEW_TECHNICAL_ASSESSMENT_M1_SKILL_02""],""skill_decision_ref"":""DC_APP0076_M1_SKILL_02_000165"",""state"":""D""},""M1_SKILL_03"":{""decisionable"":true,""observation_refs"":[""OB_FIRST_PANEL_05_ML_ENGINEER_EV_APP0076_FIRST_INTERVIEW_AI_CASE_M1_SKILL_03"",""OB_FIRST_PANEL_05_HIRING_MANAGER_EV_APP0076_FIRST_INTERVIEW_AI_CASE_M1_SKILL_03"",""OB_FIRST_PANEL_05_TECHNICAL_REVIEWER_EV_APP0076_FIRST_INTERVIEW_AI_CASE_M1_SKILL_03""],""skill_decision_ref"":""DC_APP0076_M1_SKILL_03_000166"",""state"":""A""}},""criterion"":""CORE_DIRECT_COVERAGE"",""human_rationale"":""기술 핵심01/02/03의 직접 지지·명시적 제한·부족·미해결을 각각 검토. 점수/정원 없음."",""observation_refs"":[""OB_FIRST_PANEL_05_ML_ENGINEER_EV_APP0076_FIRST_INTERVIEW_TECHNICAL_ASSESSMENT_M1_SKILL_01"",""OB_FIRST_PANEL_05_HIRING_MANAGER_EV_APP0076_FIRST_INTERVIEW_TECHNICAL_ASSESSMENT_M1_SKILL_01"",""OB_FIRST_PANEL_05_TECHNICAL_REVIEWER_EV_APP0076_FIRST_INTERVIEW_TECHNICAL_ASSESSMENT_M1_SKILL_01"",""OB_FIRST_PANEL_05_ML_ENGINEER_EV_APP0076_FIRST_INTERVIEW_TECHNICAL_ASSESSMENT_M1_SKILL_02"",""OB_FIRST_PANEL_05_HIRING_MANAGER_EV_APP0076_FIRST_INTERVIEW_TECHNICAL_ASSESSMENT_M1_SKILL_02"",""OB_FIRST_PANEL_05_TECHNICAL_REVIEWER_EV_APP0076_FIRST_INTERVIEW_TECHNICAL_ASSESSMENT_M1_SKILL_02"",""OB_FIRST_PANEL_05_ML_ENGINEER_EV_APP0076_FIRST_INTERVIEW_TECHNICAL_ASSESSMENT_M1_SKILL_07"",""OB_FIRST_PANEL_05_HIRING_MANAGER_EV_APP0076_FIRST_INTERVIEW_TECHNICAL_ASSESSMENT_M1_SKILL_07"",""OB_FIRST_PANEL_05_TECHNICAL_REVIEWER_EV_APP0076_FIRST_INTERVIEW_TECHNICAL_ASSESSMENT_M1_SKILL_07"",""OB_FIRST_PANEL_05_ML_ENGINEER_EV_APP0076_FIRST_INTERVIEW_AI_CASE_M1_SKILL_01"",""OB_FIRST_PANEL_05_HIRING_MANAGER_EV_APP0076_FIRST_INTERVIEW_AI_CASE_M1_SKILL_01"",""OB_FIRST_PANEL_05_TECHNICAL_REVIEWER_EV_APP0076_FIRST_INTERVIEW_AI_CASE_M1_SKILL_01"",""OB_FIRST_PANEL_05_ML_ENGINEER_EV_APP0076_FIRST_INTERVIEW_AI_CASE_M1_SKILL_03"",""OB_FIRST_PANEL_05_HIRING_MANAGER_EV_APP0076_FIRST_INTERVIEW_AI_CASE_M1_SKILL_03"",""OB_FIRST_PANEL_05_TECHNICAL_REVIEWER_EV_APP0076_FIRST_INTERVIEW_AI_CASE_M1_SKILL_03"",""OB_FIRST_PANEL_05_ML_ENGINEER_EV_APP0076_FIRST_INTERVIEW_PRACTITIONER_QA_M1_SKILL_04"",""OB_FIRST_PANEL_05_HIRING_MANAGER_EV_APP0076_FIRST_INTERVIEW_PRACTITIONER_QA_M1_SKILL_04"",""OB_FIRST_PANEL_05_TECHNICAL_REVIEWER_EV_APP0076_FIRST_INTERVIEW_PRACTITIONER_QA_M1_SKILL_04"",""OB_FIRST_PANEL_05_ML_ENGINEER_EV_APP0076_FIRST_INTERVIEW_PRACTITIONER_QA_M1_SKILL_05"",""OB_FIRST_PANEL_05_HIRING_MANAGER_EV_APP0076_FIRST_INTERVIEW_PRACTITIONER_QA_M1_SKILL_05"",""OB_FIRST_PANEL_05_TECHNICAL_REVIEWER_EV_APP0076_FIRST_INTERVIEW_PRACTITIONER_QA_M1_SKILL_05"",""OB_FIRST_PANEL_05_ML_ENGINEER_EV_APP0076_FIRST_INTERVIEW_PRACTITIONER_QA_M1_SKILL_06"",""OB_FIRST_PANEL_05_HIRING_MANAGER_EV_APP0076_FIRST_INTERVIEW_PRACTITIONER_QA_M1_SKILL_06"",""OB_FIRST_PANEL_05_TECHNICAL_REVIEWER_EV_APP0076_FIRST_INTERVIEW_PRACTITIONER_QA_M1_SKILL_06"",""OB_FIRST_PANEL_05_ML_ENGINEER_EV_APP0076_FIRST_INTERVIEW_PRACTITIONER_QA_M1_SKILL_08"",""OB_FIRST_PANEL_05_HIRING_MANAGER_EV_APP0076_FIRST_INTERVIEW_PRACTITIONER_QA_M1_SKILL_08"",""OB_FIRST_PANEL_05_TECHNICAL_REVIEWER_EV_APP0076_FIRST_INTERVIEW_PRACTITIONER_QA_M1_SKILL_08""],""operational_state"":""EVIDENCE_PENDING""}"
APP0082_FIRST_INTERVIEW,APP0082,C0082,FIRST_INTERVIEW,2026-12-02T16:21:00+09:00,2026-12-04T16:21:00+09:00,2026-12-14T09:00:00+09:00,2026-12-14T10:00:00+09:00,2026-12-17T10:00:00+09:00,2026-12-18T10:00:00+09:00,,ADVANCED,FIRST_EVIDENCE_REVIEWED,,SYNTHETIC_HUMAN_SCENARIO,"{""coverage"":{""M1_SKILL_01"":{""decisionable"":true,""observation_refs"":[""OB_FIRST_PANEL_06_ML_ENGINEER_EV_APP0082_FIRST_INTERVIEW_TECHNICAL_ASSESSMENT_M1_SKILL_01"",""OB_FIRST_PANEL_06_HIRING_MANAGER_EV_APP0082_FIRST_INTERVIEW_TECHNICAL_ASSESSMENT_M1_SKILL_01"",""OB_FIRST_PANEL_06_TECHNICAL_REVIEWER_EV_APP0082_FIRST_INTERVIEW_TECHNICAL_ASSESSMENT_M1_SKILL_01"",""OB_FIRST_PANEL_06_ML_ENGINEER_EV_APP0082_FIRST_INTERVIEW_AI_CASE_M1_SKILL_01"",""OB_FIRST_PANEL_06_HIRING_MANAGER_EV_APP0082_FIRST_INTERVIEW_AI_CASE_M1_SKILL_01"",""OB_FIRST_PANEL_06_TECHNICAL_REVIEWER_EV_APP0082_FIRST_INTERVIEW_AI_CASE_M1_SKILL_01""],""skill_decision_ref"":""DC_APP0082_M1_SKILL_01_000172"",""state"":""A""},""M1_SKILL_02"":{""decisionable"":true,""observation_refs"":[""OB_FIRST_PANEL_06_ML_ENGINEER_EV_APP0082_FIRST_INTERVIEW_TECHNICAL_ASSESSMENT_M1_SKILL_02"",""OB_FIRST_PANEL_06_HIRING_MANAGER_EV_APP0082_FIRST_INTERVIEW_TECHNICAL_ASSESSMENT_M1_SKILL_02"",""OB_FIRST_PANEL_06_TECHNICAL_REVIEWER_EV_APP0082_FIRST_INTERVIEW_TECHNICAL_ASSESSMENT_M1_SKILL_02""],""skill_decision_ref"":""DC_APP0082_M1_SKILL_02_000173"",""state"":""A""},""M1_SKILL_03"":{""decisionable"":true,""observation_refs"":[""OB_FIRST_PANEL_06_ML_ENGINEER_EV_APP0082_FIRST_INTERVIEW_AI_CASE_M1_SKILL_03"",""OB_FIRST_PANEL_06_HIRING_MANAGER_EV_APP0082_FIRST_INTERVIEW_AI_CASE_M1_SKILL_03"",""OB_FIRST_PANEL_06_TECHNICAL_REVIEWER_EV_APP0082_FIRST_INTERVIEW_AI_CASE_M1_SKILL_03""],""skill_decision_ref"":""DC_APP0082_M1_SKILL_03_000174"",""state"":""A""}},""criterion"":""CORE_DIRECT_COVERAGE"",""human_rationale"":""기술 핵심01/02/03의 직접 지지·명시적 제한·부족·미해결을 각각 검토. 점수/정원 없음."",""observation_refs"":[""OB_FIRST_PANEL_06_ML_ENGINEER_EV_APP0082_FIRST_INTERVIEW_TECHNICAL_ASSESSMENT_M1_SKILL_01"",""OB_FIRST_PANEL_06_HIRING_MANAGER_EV_APP0082_FIRST_INTERVIEW_TECHNICAL_ASSESSMENT_M1_SKILL_01"",""OB_FIRST_PANEL_06_TECHNICAL_REVIEWER_EV_APP0082_FIRST_INTERVIEW_TECHNICAL_ASSESSMENT_M1_SKILL_01"",""OB_FIRST_PANEL_06_ML_ENGINEER_EV_APP0082_FIRST_INTERVIEW_TECHNICAL_ASSESSMENT_M1_SKILL_02"",""OB_FIRST_PANEL_06_HIRING_MANAGER_EV_APP0082_FIRST_INTERVIEW_TECHNICAL_ASSESSMENT_M1_SKILL_02"",""OB_FIRST_PANEL_06_TECHNICAL_REVIEWER_EV_APP0082_FIRST_INTERVIEW_TECHNICAL_ASSESSMENT_M1_SKILL_02"",""OB_FIRST_PANEL_06_ML_ENGINEER_EV_APP0082_FIRST_INTERVIEW_TECHNICAL_ASSESSMENT_M1_SKILL_07"",""OB_FIRST_PANEL_06_HIRING_MANAGER_EV_APP0082_FIRST_INTERVIEW_TECHNICAL_ASSESSMENT_M1_SKILL_07"",""OB_FIRST_PANEL_06_TECHNICAL_REVIEWER_EV_APP0082_FIRST_INTERVIEW_TECHNICAL_ASSESSMENT_M1_SKILL_07"",""OB_FIRST_PANEL_06_ML_ENGINEER_EV_APP0082_FIRST_INTERVIEW_AI_CASE_M1_SKILL_01"",""OB_FIRST_PANEL_06_HIRING_MANAGER_EV_APP0082_FIRST_INTERVIEW_AI_CASE_M1_SKILL_01"",""OB_FIRST_PANEL_06_TECHNICAL_REVIEWER_EV_APP0082_FIRST_INTERVIEW_AI_CASE_M1_SKILL_01"",""OB_FIRST_PANEL_06_ML_ENGINEER_EV_APP0082_FIRST_INTERVIEW_AI_CASE_M1_SKILL_03"",""OB_FIRST_PANEL_06_HIRING_MANAGER_EV_APP0082_FIRST_INTERVIEW_AI_CASE_M1_SKILL_03"",""OB_FIRST_PANEL_06_TECHNICAL_REVIEWER_EV_APP0082_FIRST_INTERVIEW_AI_CASE_M1_SKILL_03"",""OB_FIRST_PANEL_06_ML_ENGINEER_EV_APP0082_FIRST_INTERVIEW_PRACTITIONER_QA_M1_SKILL_04"",""OB_FIRST_PANEL_06_HIRING_MANAGER_EV_APP0082_FIRST_INTERVIEW_PRACTITIONER_QA_M1_SKILL_04"",""OB_FIRST_PANEL_06_TECHNICAL_REVIEWER_EV_APP0082_FIRST_INTERVIEW_PRACTITIONER_QA_M1_SKILL_04"",""OB_FIRST_PANEL_06_ML_ENGINEER_EV_APP0082_FIRST_INTERVIEW_PRACTITIONER_QA_M1_SKILL_05"",""OB_FIRST_PANEL_06_HIRING_MANAGER_EV_APP0082_FIRST_INTERVIEW_PRACTITIONER_QA_M1_SKILL_05"",""OB_FIRST_PANEL_06_TECHNICAL_REVIEWER_EV_APP0082_FIRST_INTERVIEW_PRACTITIONER_QA_M1_SKILL_05"",""OB_FIRST_PANEL_06_ML_ENGINEER_EV_APP0082_FIRST_INTERVIEW_PRACTITIONER_QA_M1_SKILL_06"",""OB_FIRST_PANEL_06_HIRING_MANAGER_EV_APP0082_FIRST_INTERVIEW_PRACTITIONER_QA_M1_SKILL_06"",""OB_FIRST_PANEL_06_TECHNICAL_REVIEWER_EV_APP0082_FIRST_INTERVIEW_PRACTITIONER_QA_M1_SKILL_06"",""OB_FIRST_PANEL_06_ML_ENGINEER_EV_APP0082_FIRST_INTERVIEW_PRACTITIONER_QA_M1_SKILL_08"",""OB_FIRST_PANEL_06_HIRING_MANAGER_EV_APP0082_FIRST_INTERVIEW_PRACTITIONER_QA_M1_SKILL_08"",""OB_FIRST_PANEL_06_TECHNICAL_REVIEWER_EV_APP0082_FIRST_INTERVIEW_PRACTITIONER_QA_M1_SKILL_08""]}"
APP0093_FIRST_INTERVIEW,APP0093,C0093,FIRST_INTERVIEW,2026-12-02T16:21:00+09:00,2026-12-04T16:21:00+09:00,2026-12-14T09:00:00+09:00,,,,,IN_PROGRESS,,,,"{""motive"":""UNKNOWN"",""operational_state"":""NO_RESPONSE_PENDING""}"
APP0095_FIRST_INTERVIEW,APP0095,C0095,FIRST_INTERVIEW,2026-12-02T16:21:00+09:00,2026-12-04T16:21:00+09:00,2026-12-14T09:00:00+09:00,2026-12-14T10:00:00+09:00,2026-12-19T10:15:00+09:00,2026-12-19T10:15:00+09:00,,FAILED,CORE_DIRECT_LIMITATION,,SYNTHETIC_HUMAN_SCENARIO,"{""coverage"":{""M1_SKILL_01"":{""decisionable"":true,""observation_refs"":[""OB_FIRST_PANEL_08_ML_ENGINEER_EV_APP0095_FIRST_INTERVIEW_TECHNICAL_ASSESSMENT_M1_SKILL_01"",""OB_FIRST_PANEL_08_HIRING_MANAGER_EV_APP0095_FIRST_INTERVIEW_TECHNICAL_ASSESSMENT_M1_SKILL_01"",""OB_FIRST_PANEL_08_TECHNICAL_REVIEWER_EV_APP0095_FIRST_INTERVIEW_TECHNICAL_ASSESSMENT_M1_SKILL_01"",""OB_FIRST_PANEL_08_ML_ENGINEER_EV_APP0095_FIRST_INTERVIEW_AI_CASE_M1_SKILL_01"",""OB_FIRST_PANEL_08_HIRING_MANAGER_EV_APP0095_FIRST_INTERVIEW_AI_CASE_M1_SKILL_01"",""OB_FIRST_PANEL_08_TECHNICAL_REVIEWER_EV_APP0095_FIRST_INTERVIEW_AI_CASE_M1_SKILL_01""],""skill_decision_ref"":""DC_APP0095_M1_SKILL_01_000180"",""state"":""A""},""M1_SKILL_02"":{""decisionable"":true,""observation_refs"":[""OB_FIRST_PANEL_08_ML_ENGINEER_EV_APP0095_FIRST_INTERVIEW_TECHNICAL_ASSESSMENT_M1_SKILL_02"",""OB_FIRST_PANEL_08_HIRING_MANAGER_EV_APP0095_FIRST_INTERVIEW_TECHNICAL_ASSESSMENT_M1_SKILL_02"",""OB_FIRST_PANEL_08_TECHNICAL_REVIEWER_EV_APP0095_FIRST_INTERVIEW_TECHNICAL_ASSESSMENT_M1_SKILL_02""],""skill_decision_ref"":""DC_APP0095_M1_SKILL_02_000181"",""state"":""B""},""M1_SKILL_03"":{""decisionable"":true,""observation_refs"":[""OB_FIRST_PANEL_08_ML_ENGINEER_EV_APP0095_FIRST_INTERVIEW_AI_CASE_M1_SKILL_03"",""OB_FIRST_PANEL_08_HIRING_MANAGER_EV_APP0095_FIRST_INTERVIEW_AI_CASE_M1_SKILL_03"",""OB_FIRST_PANEL_08_TECHNICAL_REVIEWER_EV_APP0095_FIRST_INTERVIEW_AI_CASE_M1_SKILL_03""],""skill_decision_ref"":""DC_APP0095_M1_SKILL_03_000182"",""state"":""A""}},""criterion"":""CORE_DIRECT_COVERAGE"",""human_rationale"":""기술 핵심01/02/03의 직접 지지·명시적 제한·부족·미해결을 각각 검토. 점수/정원 없음."",""observation_refs"":[""OB_FIRST_PANEL_08_ML_ENGINEER_EV_APP0095_FIRST_INTERVIEW_TECHNICAL_ASSESSMENT_M1_SKILL_01"",""OB_FIRST_PANEL_08_HIRING_MANAGER_EV_APP0095_FIRST_INTERVIEW_TECHNICAL_ASSESSMENT_M1_SKILL_01"",""OB_FIRST_PANEL_08_TECHNICAL_REVIEWER_EV_APP0095_FIRST_INTERVIEW_TECHNICAL_ASSESSMENT_M1_SKILL_01"",""OB_FIRST_PANEL_08_ML_ENGINEER_EV_APP0095_FIRST_INTERVIEW_TECHNICAL_ASSESSMENT_M1_SKILL_02"",""OB_FIRST_PANEL_08_HIRING_MANAGER_EV_APP0095_FIRST_INTERVIEW_TECHNICAL_ASSESSMENT_M1_SKILL_02"",""OB_FIRST_PANEL_08_TECHNICAL_REVIEWER_EV_APP0095_FIRST_INTERVIEW_TECHNICAL_ASSESSMENT_M1_SKILL_02"",""OB_FIRST_PANEL_08_ML_ENGINEER_EV_APP0095_FIRST_INTERVIEW_TECHNICAL_ASSESSMENT_M1_SKILL_07"",""OB_FIRST_PANEL_08_HIRING_MANAGER_EV_APP0095_FIRST_INTERVIEW_TECHNICAL_ASSESSMENT_M1_SKILL_07"",""OB_FIRST_PANEL_08_TECHNICAL_REVIEWER_EV_APP0095_FIRST_INTERVIEW_TECHNICAL_ASSESSMENT_M1_SKILL_07"",""OB_FIRST_PANEL_08_ML_ENGINEER_EV_APP0095_FIRST_INTERVIEW_AI_CASE_M1_SKILL_01"",""OB_FIRST_PANEL_08_HIRING_MANAGER_EV_APP0095_FIRST_INTERVIEW_AI_CASE_M1_SKILL_01"",""OB_FIRST_PANEL_08_TECHNICAL_REVIEWER_EV_APP0095_FIRST_INTERVIEW_AI_CASE_M1_SKILL_01"",""OB_FIRST_PANEL_08_ML_ENGINEER_EV_APP0095_FIRST_INTERVIEW_AI_CASE_M1_SKILL_03"",""OB_FIRST_PANEL_08_HIRING_MANAGER_EV_APP0095_FIRST_INTERVIEW_AI_CASE_M1_SKILL_03"",""OB_FIRST_PANEL_08_TECHNICAL_REVIEWER_EV_APP0095_FIRST_INTERVIEW_AI_CASE_M1_SKILL_03"",""OB_FIRST_PANEL_08_ML_ENGINEER_EV_APP0095_FIRST_INTERVIEW_PRACTITIONER_QA_M1_SKILL_04"",""OB_FIRST_PANEL_08_HIRING_MANAGER_EV_APP0095_FIRST_INTERVIEW_PRACTITIONER_QA_M1_SKILL_04"",""OB_FIRST_PANEL_08_TECHNICAL_REVIEWER_EV_APP0095_FIRST_INTERVIEW_PRACTITIONER_QA_M1_SKILL_04"",""OB_FIRST_PANEL_08_ML_ENGINEER_EV_APP0095_FIRST_INTERVIEW_PRACTITIONER_QA_M1_SKILL_05"",""OB_FIRST_PANEL_08_HIRING_MANAGER_EV_APP0095_FIRST_INTERVIEW_PRACTITIONER_QA_M1_SKILL_05"",""OB_FIRST_PANEL_08_TECHNICAL_REVIEWER_EV_APP0095_FIRST_INTERVIEW_PRACTITIONER_QA_M1_SKILL_05"",""OB_FIRST_PANEL_08_ML_ENGINEER_EV_APP0095_FIRST_INTERVIEW_PRACTITIONER_QA_M1_SKILL_06"",""OB_FIRST_PANEL_08_HIRING_MANAGER_EV_APP0095_FIRST_INTERVIEW_PRACTITIONER_QA_M1_SKILL_06"",""OB_FIRST_PANEL_08_TECHNICAL_REVIEWER_EV_APP0095_FIRST_INTERVIEW_PRACTITIONER_QA_M1_SKILL_06"",""OB_FIRST_PANEL_08_ML_ENGINEER_EV_APP0095_FIRST_INTERVIEW_PRACTITIONER_QA_M1_SKILL_08"",""OB_FIRST_PANEL_08_HIRING_MANAGER_EV_APP0095_FIRST_INTERVIEW_PRACTITIONER_QA_M1_SKILL_08"",""OB_FIRST_PANEL_08_TECHNICAL_REVIEWER_EV_APP0095_FIRST_INTERVIEW_PRACTITIONER_QA_M1_SKILL_08""]}"
APP0101_FIRST_INTERVIEW,APP0101,C0101,FIRST_INTERVIEW,2026-12-02T16:21:00+09:00,2026-12-04T16:21:00+09:00,2026-12-14T09:00:00+09:00,2026-12-14T10:00:00+09:00,2026-12-15T10:00:00+09:00,2026-12-16T10:00:00+09:00,,IN_PROGRESS,EVIDENCE_PENDING,,SYNTHETIC_HUMAN_SCENARIO,"{""coverage"":{""M1_SKILL_01"":{""decisionable"":true,""observation_refs"":[""OB_FIRST_PANEL_09_ML_ENGINEER_EV_APP0101_FIRST_INTERVIEW_TECHNICAL_ASSESSMENT_M1_SKILL_01"",""OB_FIRST_PANEL_09_HIRING_MANAGER_EV_APP0101_FIRST_INTERVIEW_TECHNICAL_ASSESSMENT_M1_SKILL_01"",""OB_FIRST_PANEL_09_TECHNICAL_REVIEWER_EV_APP0101_FIRST_INTERVIEW_TECHNICAL_ASSESSMENT_M1_SKILL_01"",""OB_FIRST_PANEL_09_ML_ENGINEER_EV_APP0101_FIRST_INTERVIEW_AI_CASE_M1_SKILL_01"",""OB_FIRST_PANEL_09_HIRING_MANAGER_EV_APP0101_FIRST_INTERVIEW_AI_CASE_M1_SKILL_01"",""OB_FIRST_PANEL_09_TECHNICAL_REVIEWER_EV_APP0101_FIRST_INTERVIEW_AI_CASE_M1_SKILL_01""],""skill_decision_ref"":""DC_APP0101_M1_SKILL_01_000188"",""state"":""A""},""M1_SKILL_02"":{""decisionable"":false,""observation_refs"":[""OB_FIRST_PANEL_09_ML_ENGINEER_EV_APP0101_FIRST_INTERVIEW_TECHNICAL_ASSESSMENT_M1_SKILL_02"",""OB_FIRST_PANEL_09_HIRING_MANAGER_EV_APP0101_FIRST_INTERVIEW_TECHNICAL_ASSESSMENT_M1_SKILL_02"",""OB_FIRST_PANEL_09_TECHNICAL_REVIEWER_EV_APP0101_FIRST_INTERVIEW_TECHNICAL_ASSESSMENT_M1_SKILL_02""],""skill_decision_ref"":""DC_APP0101_M1_SKILL_02_000189"",""state"":""C""},""M1_SKILL_03"":{""decisionable"":true,""observation_refs"":[""OB_FIRST_PANEL_09_ML_ENGINEER_EV_APP0101_FIRST_INTERVIEW_AI_CASE_M1_SKILL_03"",""OB_FIRST_PANEL_09_HIRING_MANAGER_EV_APP0101_FIRST_INTERVIEW_AI_CASE_M1_SKILL_03"",""OB_FIRST_PANEL_09_TECHNICAL_REVIEWER_EV_APP0101_FIRST_INTERVIEW_AI_CASE_M1_SKILL_03""],""skill_decision_ref"":""DC_APP0101_M1_SKILL_03_000190"",""state"":""A""}},""criterion"":""CORE_DIRECT_COVERAGE"",""human_rationale"":""기술 핵심01/02/03의 직접 지지·명시적 제한·부족·미해결을 각각 검토. 점수/정원 없음."",""observation_refs"":[""OB_FIRST_PANEL_09_ML_ENGINEER_EV_APP0101_FIRST_INTERVIEW_TECHNICAL_ASSESSMENT_M1_SKILL_01"",""OB_FIRST_PANEL_09_HIRING_MANAGER_EV_APP0101_FIRST_INTERVIEW_TECHNICAL_ASSESSMENT_M1_SKILL_01"",""OB_FIRST_PANEL_09_TECHNICAL_REVIEWER_EV_APP0101_FIRST_INTERVIEW_TECHNICAL_ASSESSMENT_M1_SKILL_01"",""OB_FIRST_PANEL_09_ML_ENGINEER_EV_APP0101_FIRST_INTERVIEW_TECHNICAL_ASSESSMENT_M1_SKILL_02"",""OB_FIRST_PANEL_09_HIRING_MANAGER_EV_APP0101_FIRST_INTERVIEW_TECHNICAL_ASSESSMENT_M1_SKILL_02"",""OB_FIRST_PANEL_09_TECHNICAL_REVIEWER_EV_APP0101_FIRST_INTERVIEW_TECHNICAL_ASSESSMENT_M1_SKILL_02"",""OB_FIRST_PANEL_09_ML_ENGINEER_EV_APP0101_FIRST_INTERVIEW_TECHNICAL_ASSESSMENT_M1_SKILL_07"",""OB_FIRST_PANEL_09_HIRING_MANAGER_EV_APP0101_FIRST_INTERVIEW_TECHNICAL_ASSESSMENT_M1_SKILL_07"",""OB_FIRST_PANEL_09_TECHNICAL_REVIEWER_EV_APP0101_FIRST_INTERVIEW_TECHNICAL_ASSESSMENT_M1_SKILL_07"",""OB_FIRST_PANEL_09_ML_ENGINEER_EV_APP0101_FIRST_INTERVIEW_AI_CASE_M1_SKILL_01"",""OB_FIRST_PANEL_09_HIRING_MANAGER_EV_APP0101_FIRST_INTERVIEW_AI_CASE_M1_SKILL_01"",""OB_FIRST_PANEL_09_TECHNICAL_REVIEWER_EV_APP0101_FIRST_INTERVIEW_AI_CASE_M1_SKILL_01"",""OB_FIRST_PANEL_09_ML_ENGINEER_EV_APP0101_FIRST_INTERVIEW_AI_CASE_M1_SKILL_03"",""OB_FIRST_PANEL_09_HIRING_MANAGER_EV_APP0101_FIRST_INTERVIEW_AI_CASE_M1_SKILL_03"",""OB_FIRST_PANEL_09_TECHNICAL_REVIEWER_EV_APP0101_FIRST_INTERVIEW_AI_CASE_M1_SKILL_03"",""OB_FIRST_PANEL_09_ML_ENGINEER_EV_APP0101_FIRST_INTERVIEW_PRACTITIONER_QA_M1_SKILL_04"",""OB_FIRST_PANEL_09_HIRING_MANAGER_EV_APP0101_FIRST_INTERVIEW_PRACTITIONER_QA_M1_SKILL_04"",""OB_FIRST_PANEL_09_TECHNICAL_REVIEWER_EV_APP0101_FIRST_INTERVIEW_PRACTITIONER_QA_M1_SKILL_04"",""OB_FIRST_PANEL_09_ML_ENGINEER_EV_APP0101_FIRST_INTERVIEW_PRACTITIONER_QA_M1_SKILL_05"",""OB_FIRST_PANEL_09_HIRING_MANAGER_EV_APP0101_FIRST_INTERVIEW_PRACTITIONER_QA_M1_SKILL_05"",""OB_FIRST_PANEL_09_TECHNICAL_REVIEWER_EV_APP0101_FIRST_INTERVIEW_PRACTITIONER_QA_M1_SKILL_05"",""OB_FIRST_PANEL_09_ML_ENGINEER_EV_APP0101_FIRST_INTERVIEW_PRACTITIONER_QA_M1_SKILL_06"",""OB_FIRST_PANEL_09_HIRING_MANAGER_EV_APP0101_FIRST_INTERVIEW_PRACTITIONER_QA_M1_SKILL_06"",""OB_FIRST_PANEL_09_TECHNICAL_REVIEWER_EV_APP0101_FIRST_INTERVIEW_PRACTITIONER_QA_M1_SKILL_06"",""OB_FIRST_PANEL_09_ML_ENGINEER_EV_APP0101_FIRST_INTERVIEW_PRACTITIONER_QA_M1_SKILL_08"",""OB_FIRST_PANEL_09_HIRING_MANAGER_EV_APP0101_FIRST_INTERVIEW_PRACTITIONER_QA_M1_SKILL_08"",""OB_FIRST_PANEL_09_TECHNICAL_REVIEWER_EV_APP0101_FIRST_INTERVIEW_PRACTITIONER_QA_M1_SKILL_08""],""operational_state"":""EVIDENCE_PENDING""}"
APP0105_FIRST_INTERVIEW,APP0105,C0105,FIRST_INTERVIEW,2026-12-02T16:21:00+09:00,2026-12-04T16:21:00+09:00,2026-12-14T09:00:00+09:00,2026-12-14T10:00:00+09:00,2026-12-17T10:15:00+09:00,2026-12-17T10:15:00+09:00,,IN_PROGRESS,EVIDENCE_PENDING,,SYNTHETIC_HUMAN_SCENARIO,"{""coverage"":{""M1_SKILL_01"":{""decisionable"":true,""observation_refs"":[""OB_FIRST_PANEL_10_ML_ENGINEER_EV_APP0105_FIRST_INTERVIEW_TECHNICAL_ASSESSMENT_M1_SKILL_01"",""OB_FIRST_PANEL_10_HIRING_MANAGER_EV_APP0105_FIRST_INTERVIEW_TECHNICAL_ASSESSMENT_M1_SKILL_01"",""OB_FIRST_PANEL_10_TECHNICAL_REVIEWER_EV_APP0105_FIRST_INTERVIEW_TECHNICAL_ASSESSMENT_M1_SKILL_01"",""OB_FIRST_PANEL_10_ML_ENGINEER_EV_APP0105_FIRST_INTERVIEW_AI_CASE_M1_SKILL_01"",""OB_FIRST_PANEL_10_HIRING_MANAGER_EV_APP0105_FIRST_INTERVIEW_AI_CASE_M1_SKILL_01"",""OB_FIRST_PANEL_10_TECHNICAL_REVIEWER_EV_APP0105_FIRST_INTERVIEW_AI_CASE_M1_SKILL_01""],""skill_decision_ref"":""DC_APP0105_M1_SKILL_01_000196"",""state"":""A""},""M1_SKILL_02"":{""decisionable"":true,""observation_refs"":[""OB_FIRST_PANEL_10_ML_ENGINEER_EV_APP0105_FIRST_INTERVIEW_TECHNICAL_ASSESSMENT_M1_SKILL_02"",""OB_FIRST_PANEL_10_HIRING_MANAGER_EV_APP0105_FIRST_INTERVIEW_TECHNICAL_ASSESSMENT_M1_SKILL_02"",""OB_FIRST_PANEL_10_TECHNICAL_REVIEWER_EV_APP0105_FIRST_INTERVIEW_TECHNICAL_ASSESSMENT_M1_SKILL_02""],""skill_decision_ref"":""DC_APP0105_M1_SKILL_02_000197"",""state"":""A""},""M1_SKILL_03"":{""decisionable"":false,""observation_refs"":[""OB_FIRST_PANEL_10_ML_ENGINEER_EV_APP0105_FIRST_INTERVIEW_AI_CASE_M1_SKILL_03"",""OB_FIRST_PANEL_10_HIRING_MANAGER_EV_APP0105_FIRST_INTERVIEW_AI_CASE_M1_SKILL_03"",""OB_FIRST_PANEL_10_TECHNICAL_REVIEWER_EV_APP0105_FIRST_INTERVIEW_AI_CASE_M1_SKILL_03""],""skill_decision_ref"":""DC_APP0105_M1_SKILL_03_000198"",""state"":""C""}},""criterion"":""CORE_DIRECT_COVERAGE"",""human_rationale"":""기술 핵심01/02/03의 직접 지지·명시적 제한·부족·미해결을 각각 검토. 점수/정원 없음."",""observation_refs"":[""OB_FIRST_PANEL_10_ML_ENGINEER_EV_APP0105_FIRST_INTERVIEW_TECHNICAL_ASSESSMENT_M1_SKILL_01"",""OB_FIRST_PANEL_10_HIRING_MANAGER_EV_APP0105_FIRST_INTERVIEW_TECHNICAL_ASSESSMENT_M1_SKILL_01"",""OB_FIRST_PANEL_10_TECHNICAL_REVIEWER_EV_APP0105_FIRST_INTERVIEW_TECHNICAL_ASSESSMENT_M1_SKILL_01"",""OB_FIRST_PANEL_10_ML_ENGINEER_EV_APP0105_FIRST_INTERVIEW_TECHNICAL_ASSESSMENT_M1_SKILL_02"",""OB_FIRST_PANEL_10_HIRING_MANAGER_EV_APP0105_FIRST_INTERVIEW_TECHNICAL_ASSESSMENT_M1_SKILL_02"",""OB_FIRST_PANEL_10_TECHNICAL_REVIEWER_EV_APP0105_FIRST_INTERVIEW_TECHNICAL_ASSESSMENT_M1_SKILL_02"",""OB_FIRST_PANEL_10_ML_ENGINEER_EV_APP0105_FIRST_INTERVIEW_TECHNICAL_ASSESSMENT_M1_SKILL_07"",""OB_FIRST_PANEL_10_HIRING_MANAGER_EV_APP0105_FIRST_INTERVIEW_TECHNICAL_ASSESSMENT_M1_SKILL_07"",""OB_FIRST_PANEL_10_TECHNICAL_REVIEWER_EV_APP0105_FIRST_INTERVIEW_TECHNICAL_ASSESSMENT_M1_SKILL_07"",""OB_FIRST_PANEL_10_ML_ENGINEER_EV_APP0105_FIRST_INTERVIEW_AI_CASE_M1_SKILL_01"",""OB_FIRST_PANEL_10_HIRING_MANAGER_EV_APP0105_FIRST_INTERVIEW_AI_CASE_M1_SKILL_01"",""OB_FIRST_PANEL_10_TECHNICAL_REVIEWER_EV_APP0105_FIRST_INTERVIEW_AI_CASE_M1_SKILL_01"",""OB_FIRST_PANEL_10_ML_ENGINEER_EV_APP0105_FIRST_INTERVIEW_AI_CASE_M1_SKILL_03"",""OB_FIRST_PANEL_10_HIRING_MANAGER_EV_APP0105_FIRST_INTERVIEW_AI_CASE_M1_SKILL_03"",""OB_FIRST_PANEL_10_TECHNICAL_REVIEWER_EV_APP0105_FIRST_INTERVIEW_AI_CASE_M1_SKILL_03"",""OB_FIRST_PANEL_10_ML_ENGINEER_EV_APP0105_FIRST_INTERVIEW_PRACTITIONER_QA_M1_SKILL_04"",""OB_FIRST_PANEL_10_HIRING_MANAGER_EV_APP0105_FIRST_INTERVIEW_PRACTITIONER_QA_M1_SKILL_04"",""OB_FIRST_PANEL_10_TECHNICAL_REVIEWER_EV_APP0105_FIRST_INTERVIEW_PRACTITIONER_QA_M1_SKILL_04"",""OB_FIRST_PANEL_10_ML_ENGINEER_EV_APP0105_FIRST_INTERVIEW_PRACTITIONER_QA_M1_SKILL_05"",""OB_FIRST_PANEL_10_HIRING_MANAGER_EV_APP0105_FIRST_INTERVIEW_PRACTITIONER_QA_M1_SKILL_05"",""OB_FIRST_PANEL_10_TECHNICAL_REVIEWER_EV_APP0105_FIRST_INTERVIEW_PRACTITIONER_QA_M1_SKILL_05"",""OB_FIRST_PANEL_10_ML_ENGINEER_EV_APP0105_FIRST_INTERVIEW_PRACTITIONER_QA_M1_SKILL_06"",""OB_FIRST_PANEL_10_HIRING_MANAGER_EV_APP0105_FIRST_INTERVIEW_PRACTITIONER_QA_M1_SKILL_06"",""OB_FIRST_PANEL_10_TECHNICAL_REVIEWER_EV_APP0105_FIRST_INTERVIEW_PRACTITIONER_QA_M1_SKILL_06"",""OB_FIRST_PANEL_10_ML_ENGINEER_EV_APP0105_FIRST_INTERVIEW_PRACTITIONER_QA_M1_SKILL_08"",""OB_FIRST_PANEL_10_HIRING_MANAGER_EV_APP0105_FIRST_INTERVIEW_PRACTITIONER_QA_M1_SKILL_08"",""OB_FIRST_PANEL_10_TECHNICAL_REVIEWER_EV_APP0105_FIRST_INTERVIEW_PRACTITIONER_QA_M1_SKILL_08""],""operational_state"":""EVIDENCE_PENDING""}"
APP0107_FIRST_INTERVIEW,APP0107,C0107,FIRST_INTERVIEW,2026-12-02T16:21:00+09:00,2026-12-04T16:21:00+09:00,2026-12-17T09:00:00+09:00,2026-12-17T10:00:00+09:00,2026-12-18T10:15:00+09:00,2026-12-20T10:15:00+09:00,,IN_PROGRESS,EVIDENCE_PENDING,,SYNTHETIC_HUMAN_SCENARIO,"{""coverage"":{""M1_SKILL_01"":{""decisionable"":true,""observation_refs"":[""OB_FIRST_PANEL_01_ML_ENGINEER_EV_APP0107_FIRST_INTERVIEW_TECHNICAL_ASSESSMENT_M1_SKILL_01"",""OB_FIRST_PANEL_01_HIRING_MANAGER_EV_APP0107_FIRST_INTERVIEW_TECHNICAL_ASSESSMENT_M1_SKILL_01"",""OB_FIRST_PANEL_01_TECHNICAL_REVIEWER_EV_APP0107_FIRST_INTERVIEW_TECHNICAL_ASSESSMENT_M1_SKILL_01"",""OB_FIRST_PANEL_01_ML_ENGINEER_EV_APP0107_FIRST_INTERVIEW_AI_CASE_M1_SKILL_01"",""OB_FIRST_PANEL_01_HIRING_MANAGER_EV_APP0107_FIRST_INTERVIEW_AI_CASE_M1_SKILL_01"",""OB_FIRST_PANEL_01_TECHNICAL_REVIEWER_EV_APP0107_FIRST_INTERVIEW_AI_CASE_M1_SKILL_01""],""skill_decision_ref"":""DC_APP0107_M1_SKILL_01_000204"",""state"":""A""},""M1_SKILL_02"":{""decisionable"":false,""observation_refs"":[""OB_FIRST_PANEL_01_ML_ENGINEER_EV_APP0107_FIRST_INTERVIEW_TECHNICAL_ASSESSMENT_M1_SKILL_02"",""OB_FIRST_PANEL_01_HIRING_MANAGER_EV_APP0107_FIRST_INTERVIEW_TECHNICAL_ASSESSMENT_M1_SKILL_02"",""OB_FIRST_PANEL_01_TECHNICAL_REVIEWER_EV_APP0107_FIRST_INTERVIEW_TECHNICAL_ASSESSMENT_M1_SKILL_02""],""skill_decision_ref"":""DC_APP0107_M1_SKILL_02_000205"",""state"":""C""},""M1_SKILL_03"":{""decisionable"":true,""observation_refs"":[""OB_FIRST_PANEL_01_ML_ENGINEER_EV_APP0107_FIRST_INTERVIEW_AI_CASE_M1_SKILL_03"",""OB_FIRST_PANEL_01_HIRING_MANAGER_EV_APP0107_FIRST_INTERVIEW_AI_CASE_M1_SKILL_03"",""OB_FIRST_PANEL_01_TECHNICAL_REVIEWER_EV_APP0107_FIRST_INTERVIEW_AI_CASE_M1_SKILL_03""],""skill_decision_ref"":""DC_APP0107_M1_SKILL_03_000206"",""state"":""A""}},""criterion"":""CORE_DIRECT_COVERAGE"",""human_rationale"":""기술 핵심01/02/03의 직접 지지·명시적 제한·부족·미해결을 각각 검토. 점수/정원 없음."",""observation_refs"":[""OB_FIRST_PANEL_01_ML_ENGINEER_EV_APP0107_FIRST_INTERVIEW_TECHNICAL_ASSESSMENT_M1_SKILL_01"",""OB_FIRST_PANEL_01_HIRING_MANAGER_EV_APP0107_FIRST_INTERVIEW_TECHNICAL_ASSESSMENT_M1_SKILL_01"",""OB_FIRST_PANEL_01_TECHNICAL_REVIEWER_EV_APP0107_FIRST_INTERVIEW_TECHNICAL_ASSESSMENT_M1_SKILL_01"",""OB_FIRST_PANEL_01_ML_ENGINEER_EV_APP0107_FIRST_INTERVIEW_TECHNICAL_ASSESSMENT_M1_SKILL_02"",""OB_FIRST_PANEL_01_HIRING_MANAGER_EV_APP0107_FIRST_INTERVIEW_TECHNICAL_ASSESSMENT_M1_SKILL_02"",""OB_FIRST_PANEL_01_TECHNICAL_REVIEWER_EV_APP0107_FIRST_INTERVIEW_TECHNICAL_ASSESSMENT_M1_SKILL_02"",""OB_FIRST_PANEL_01_ML_ENGINEER_EV_APP0107_FIRST_INTERVIEW_TECHNICAL_ASSESSMENT_M1_SKILL_07"",""OB_FIRST_PANEL_01_HIRING_MANAGER_EV_APP0107_FIRST_INTERVIEW_TECHNICAL_ASSESSMENT_M1_SKILL_07"",""OB_FIRST_PANEL_01_TECHNICAL_REVIEWER_EV_APP0107_FIRST_INTERVIEW_TECHNICAL_ASSESSMENT_M1_SKILL_07"",""OB_FIRST_PANEL_01_ML_ENGINEER_EV_APP0107_FIRST_INTERVIEW_AI_CASE_M1_SKILL_01"",""OB_FIRST_PANEL_01_HIRING_MANAGER_EV_APP0107_FIRST_INTERVIEW_AI_CASE_M1_SKILL_01"",""OB_FIRST_PANEL_01_TECHNICAL_REVIEWER_EV_APP0107_FIRST_INTERVIEW_AI_CASE_M1_SKILL_01"",""OB_FIRST_PANEL_01_ML_ENGINEER_EV_APP0107_FIRST_INTERVIEW_AI_CASE_M1_SKILL_03"",""OB_FIRST_PANEL_01_HIRING_MANAGER_EV_APP0107_FIRST_INTERVIEW_AI_CASE_M1_SKILL_03"",""OB_FIRST_PANEL_01_TECHNICAL_REVIEWER_EV_APP0107_FIRST_INTERVIEW_AI_CASE_M1_SKILL_03"",""OB_FIRST_PANEL_01_ML_ENGINEER_EV_APP0107_FIRST_INTERVIEW_PRACTITIONER_QA_M1_SKILL_04"",""OB_FIRST_PANEL_01_HIRING_MANAGER_EV_APP0107_FIRST_INTERVIEW_PRACTITIONER_QA_M1_SKILL_04"",""OB_FIRST_PANEL_01_TECHNICAL_REVIEWER_EV_APP0107_FIRST_INTERVIEW_PRACTITIONER_QA_M1_SKILL_04"",""OB_FIRST_PANEL_01_ML_ENGINEER_EV_APP0107_FIRST_INTERVIEW_PRACTITIONER_QA_M1_SKILL_05"",""OB_FIRST_PANEL_01_HIRING_MANAGER_EV_APP0107_FIRST_INTERVIEW_PRACTITIONER_QA_M1_SKILL_05"",""OB_FIRST_PANEL_01_TECHNICAL_REVIEWER_EV_APP0107_FIRST_INTERVIEW_PRACTITIONER_QA_M1_SKILL_05"",""OB_FIRST_PANEL_01_ML_ENGINEER_EV_APP0107_FIRST_INTERVIEW_PRACTITIONER_QA_M1_SKILL_06"",""OB_FIRST_PANEL_01_HIRING_MANAGER_EV_APP0107_FIRST_INTERVIEW_PRACTITIONER_QA_M1_SKILL_06"",""OB_FIRST_PANEL_01_TECHNICAL_REVIEWER_EV_APP0107_FIRST_INTERVIEW_PRACTITIONER_QA_M1_SKILL_06"",""OB_FIRST_PANEL_01_ML_ENGINEER_EV_APP0107_FIRST_INTERVIEW_PRACTITIONER_QA_M1_SKILL_08"",""OB_FIRST_PANEL_01_HIRING_MANAGER_EV_APP0107_FIRST_INTERVIEW_PRACTITIONER_QA_M1_SKILL_08"",""OB_FIRST_PANEL_01_TECHNICAL_REVIEWER_EV_APP0107_FIRST_INTERVIEW_PRACTITIONER_QA_M1_SKILL_08""],""operational_state"":""EVIDENCE_PENDING""}"
APP0110_FIRST_INTERVIEW,APP0110,C0110,FIRST_INTERVIEW,2026-12-02T16:21:00+09:00,2026-12-04T16:21:00+09:00,2026-12-17T09:00:00+09:00,2026-12-17T10:00:00+09:00,2026-12-22T10:00:00+09:00,2026-12-26T10:00:00+09:00,,FAILED,CORE_DIRECT_LIMITATION,,SYNTHETIC_HUMAN_SCENARIO,"{""coverage"":{""M1_SKILL_01"":{""decisionable"":true,""observation_refs"":[""OB_FIRST_PANEL_02_ML_ENGINEER_EV_APP0110_FIRST_INTERVIEW_TECHNICAL_ASSESSMENT_M1_SKILL_01"",""OB_FIRST_PANEL_02_HIRING_MANAGER_EV_APP0110_FIRST_INTERVIEW_TECHNICAL_ASSESSMENT_M1_SKILL_01"",""OB_FIRST_PANEL_02_TECHNICAL_REVIEWER_EV_APP0110_FIRST_INTERVIEW_TECHNICAL_ASSESSMENT_M1_SKILL_01"",""OB_FIRST_PANEL_02_ML_ENGINEER_EV_APP0110_FIRST_INTERVIEW_AI_CASE_M1_SKILL_01"",""OB_FIRST_PANEL_02_HIRING_MANAGER_EV_APP0110_FIRST_INTERVIEW_AI_CASE_M1_SKILL_01"",""OB_FIRST_PANEL_02_TECHNICAL_REVIEWER_EV_APP0110_FIRST_INTERVIEW_AI_CASE_M1_SKILL_01""],""skill_decision_ref"":""DC_APP0110_M1_SKILL_01_000212"",""state"":""B""},""M1_SKILL_02"":{""decisionable"":true,""observation_refs"":[""OB_FIRST_PANEL_02_ML_ENGINEER_EV_APP0110_FIRST_INTERVIEW_TECHNICAL_ASSESSMENT_M1_SKILL_02"",""OB_FIRST_PANEL_02_HIRING_MANAGER_EV_APP0110_FIRST_INTERVIEW_TECHNICAL_ASSESSMENT_M1_SKILL_02"",""OB_FIRST_PANEL_02_TECHNICAL_REVIEWER_EV_APP0110_FIRST_INTERVIEW_TECHNICAL_ASSESSMENT_M1_SKILL_02""],""skill_decision_ref"":""DC_APP0110_M1_SKILL_02_000213"",""state"":""A""},""M1_SKILL_03"":{""decisionable"":true,""observation_refs"":[""OB_FIRST_PANEL_02_ML_ENGINEER_EV_APP0110_FIRST_INTERVIEW_AI_CASE_M1_SKILL_03"",""OB_FIRST_PANEL_02_HIRING_MANAGER_EV_APP0110_FIRST_INTERVIEW_AI_CASE_M1_SKILL_03"",""OB_FIRST_PANEL_02_TECHNICAL_REVIEWER_EV_APP0110_FIRST_INTERVIEW_AI_CASE_M1_SKILL_03""],""skill_decision_ref"":""DC_APP0110_M1_SKILL_03_000214"",""state"":""A""}},""criterion"":""CORE_DIRECT_COVERAGE"",""human_rationale"":""기술 핵심01/02/03의 직접 지지·명시적 제한·부족·미해결을 각각 검토. 점수/정원 없음."",""observation_refs"":[""OB_FIRST_PANEL_02_ML_ENGINEER_EV_APP0110_FIRST_INTERVIEW_TECHNICAL_ASSESSMENT_M1_SKILL_01"",""OB_FIRST_PANEL_02_HIRING_MANAGER_EV_APP0110_FIRST_INTERVIEW_TECHNICAL_ASSESSMENT_M1_SKILL_01"",""OB_FIRST_PANEL_02_TECHNICAL_REVIEWER_EV_APP0110_FIRST_INTERVIEW_TECHNICAL_ASSESSMENT_M1_SKILL_01"",""OB_FIRST_PANEL_02_ML_ENGINEER_EV_APP0110_FIRST_INTERVIEW_TECHNICAL_ASSESSMENT_M1_SKILL_02"",""OB_FIRST_PANEL_02_HIRING_MANAGER_EV_APP0110_FIRST_INTERVIEW_TECHNICAL_ASSESSMENT_M1_SKILL_02"",""OB_FIRST_PANEL_02_TECHNICAL_REVIEWER_EV_APP0110_FIRST_INTERVIEW_TECHNICAL_ASSESSMENT_M1_SKILL_02"",""OB_FIRST_PANEL_02_ML_ENGINEER_EV_APP0110_FIRST_INTERVIEW_TECHNICAL_ASSESSMENT_M1_SKILL_07"",""OB_FIRST_PANEL_02_HIRING_MANAGER_EV_APP0110_FIRST_INTERVIEW_TECHNICAL_ASSESSMENT_M1_SKILL_07"",""OB_FIRST_PANEL_02_TECHNICAL_REVIEWER_EV_APP0110_FIRST_INTERVIEW_TECHNICAL_ASSESSMENT_M1_SKILL_07"",""OB_FIRST_PANEL_02_ML_ENGINEER_EV_APP0110_FIRST_INTERVIEW_AI_CASE_M1_SKILL_01"",""OB_FIRST_PANEL_02_HIRING_MANAGER_EV_APP0110_FIRST_INTERVIEW_AI_CASE_M1_SKILL_01"",""OB_FIRST_PANEL_02_TECHNICAL_REVIEWER_EV_APP0110_FIRST_INTERVIEW_AI_CASE_M1_SKILL_01"",""OB_FIRST_PANEL_02_ML_ENGINEER_EV_APP0110_FIRST_INTERVIEW_AI_CASE_M1_SKILL_03"",""OB_FIRST_PANEL_02_HIRING_MANAGER_EV_APP0110_FIRST_INTERVIEW_AI_CASE_M1_SKILL_03"",""OB_FIRST_PANEL_02_TECHNICAL_REVIEWER_EV_APP0110_FIRST_INTERVIEW_AI_CASE_M1_SKILL_03"",""OB_FIRST_PANEL_02_ML_ENGINEER_EV_APP0110_FIRST_INTERVIEW_PRACTITIONER_QA_M1_SKILL_04"",""OB_FIRST_PANEL_02_HIRING_MANAGER_EV_APP0110_FIRST_INTERVIEW_PRACTITIONER_QA_M1_SKILL_04"",""OB_FIRST_PANEL_02_TECHNICAL_REVIEWER_EV_APP0110_FIRST_INTERVIEW_PRACTITIONER_QA_M1_SKILL_04"",""OB_FIRST_PANEL_02_ML_ENGINEER_EV_APP0110_FIRST_INTERVIEW_PRACTITIONER_QA_M1_SKILL_05"",""OB_FIRST_PANEL_02_HIRING_MANAGER_EV_APP0110_FIRST_INTERVIEW_PRACTITIONER_QA_M1_SKILL_05"",""OB_FIRST_PANEL_02_TECHNICAL_REVIEWER_EV_APP0110_FIRST_INTERVIEW_PRACTITIONER_QA_M1_SKILL_05"",""OB_FIRST_PANEL_02_ML_ENGINEER_EV_APP0110_FIRST_INTERVIEW_PRACTITIONER_QA_M1_SKILL_06"",""OB_FIRST_PANEL_02_HIRING_MANAGER_EV_APP0110_FIRST_INTERVIEW_PRACTITIONER_QA_M1_SKILL_06"",""OB_FIRST_PANEL_02_TECHNICAL_REVIEWER_EV_APP0110_FIRST_INTERVIEW_PRACTITIONER_QA_M1_SKILL_06"",""OB_FIRST_PANEL_02_ML_ENGINEER_EV_APP0110_FIRST_INTERVIEW_PRACTITIONER_QA_M1_SKILL_08"",""OB_FIRST_PANEL_02_HIRING_MANAGER_EV_APP0110_FIRST_INTERVIEW_PRACTITIONER_QA_M1_SKILL_08"",""OB_FIRST_PANEL_02_TECHNICAL_REVIEWER_EV_APP0110_FIRST_INTERVIEW_PRACTITIONER_QA_M1_SKILL_08""]}"
APP0112_FIRST_INTERVIEW,APP0112,C0112,FIRST_INTERVIEW,2026-12-02T16:21:00+09:00,2026-12-04T16:21:00+09:00,2026-12-17T09:00:00+09:00,,,,2026-12-06T16:21:00+09:00,WITHDRAWN,,UNKNOWN,,
APP0128_FIRST_INTERVIEW,APP0128,C0128,FIRST_INTERVIEW,2026-12-02T16:21:00+09:00,2026-12-04T16:21:00+09:00,2026-12-17T09:00:00+09:00,2026-12-17T10:00:00+09:00,2026-12-22T10:15:00+09:00,2026-12-26T10:15:00+09:00,,FAILED,CORE_DIRECT_LIMITATION,,SYNTHETIC_HUMAN_SCENARIO,"{""coverage"":{""M1_SKILL_01"":{""decisionable"":true,""observation_refs"":[""OB_FIRST_PANEL_04_ML_ENGINEER_EV_APP0128_FIRST_INTERVIEW_TECHNICAL_ASSESSMENT_M1_SKILL_01"",""OB_FIRST_PANEL_04_HIRING_MANAGER_EV_APP0128_FIRST_INTERVIEW_TECHNICAL_ASSESSMENT_M1_SKILL_01"",""OB_FIRST_PANEL_04_TECHNICAL_REVIEWER_EV_APP0128_FIRST_INTERVIEW_TECHNICAL_ASSESSMENT_M1_SKILL_01"",""OB_FIRST_PANEL_04_ML_ENGINEER_EV_APP0128_FIRST_INTERVIEW_AI_CASE_M1_SKILL_01"",""OB_FIRST_PANEL_04_HIRING_MANAGER_EV_APP0128_FIRST_INTERVIEW_AI_CASE_M1_SKILL_01"",""OB_FIRST_PANEL_04_TECHNICAL_REVIEWER_EV_APP0128_FIRST_INTERVIEW_AI_CASE_M1_SKILL_01""],""skill_decision_ref"":""DC_APP0128_M1_SKILL_01_000220"",""state"":""B""},""M1_SKILL_02"":{""decisionable"":false,""observation_refs"":[""OB_FIRST_PANEL_04_ML_ENGINEER_EV_APP0128_FIRST_INTERVIEW_TECHNICAL_ASSESSMENT_M1_SKILL_02"",""OB_FIRST_PANEL_04_HIRING_MANAGER_EV_APP0128_FIRST_INTERVIEW_TECHNICAL_ASSESSMENT_M1_SKILL_02"",""OB_FIRST_PANEL_04_TECHNICAL_REVIEWER_EV_APP0128_FIRST_INTERVIEW_TECHNICAL_ASSESSMENT_M1_SKILL_02""],""skill_decision_ref"":""DC_APP0128_M1_SKILL_02_000221"",""state"":""D""},""M1_SKILL_03"":{""decisionable"":true,""observation_refs"":[""OB_FIRST_PANEL_04_ML_ENGINEER_EV_APP0128_FIRST_INTERVIEW_AI_CASE_M1_SKILL_03"",""OB_FIRST_PANEL_04_HIRING_MANAGER_EV_APP0128_FIRST_INTERVIEW_AI_CASE_M1_SKILL_03"",""OB_FIRST_PANEL_04_TECHNICAL_REVIEWER_EV_APP0128_FIRST_INTERVIEW_AI_CASE_M1_SKILL_03""],""skill_decision_ref"":""DC_APP0128_M1_SKILL_03_000222"",""state"":""A""}},""criterion"":""CORE_DIRECT_COVERAGE"",""human_rationale"":""기술 핵심01/02/03의 직접 지지·명시적 제한·부족·미해결을 각각 검토. 점수/정원 없음."",""observation_refs"":[""OB_FIRST_PANEL_04_ML_ENGINEER_EV_APP0128_FIRST_INTERVIEW_TECHNICAL_ASSESSMENT_M1_SKILL_01"",""OB_FIRST_PANEL_04_HIRING_MANAGER_EV_APP0128_FIRST_INTERVIEW_TECHNICAL_ASSESSMENT_M1_SKILL_01"",""OB_FIRST_PANEL_04_TECHNICAL_REVIEWER_EV_APP0128_FIRST_INTERVIEW_TECHNICAL_ASSESSMENT_M1_SKILL_01"",""OB_FIRST_PANEL_04_ML_ENGINEER_EV_APP0128_FIRST_INTERVIEW_TECHNICAL_ASSESSMENT_M1_SKILL_02"",""OB_FIRST_PANEL_04_HIRING_MANAGER_EV_APP0128_FIRST_INTERVIEW_TECHNICAL_ASSESSMENT_M1_SKILL_02"",""OB_FIRST_PANEL_04_TECHNICAL_REVIEWER_EV_APP0128_FIRST_INTERVIEW_TECHNICAL_ASSESSMENT_M1_SKILL_02"",""OB_FIRST_PANEL_04_ML_ENGINEER_EV_APP0128_FIRST_INTERVIEW_TECHNICAL_ASSESSMENT_M1_SKILL_07"",""OB_FIRST_PANEL_04_HIRING_MANAGER_EV_APP0128_FIRST_INTERVIEW_TECHNICAL_ASSESSMENT_M1_SKILL_07"",""OB_FIRST_PANEL_04_TECHNICAL_REVIEWER_EV_APP0128_FIRST_INTERVIEW_TECHNICAL_ASSESSMENT_M1_SKILL_07"",""OB_FIRST_PANEL_04_ML_ENGINEER_EV_APP0128_FIRST_INTERVIEW_AI_CASE_M1_SKILL_01"",""OB_FIRST_PANEL_04_HIRING_MANAGER_EV_APP0128_FIRST_INTERVIEW_AI_CASE_M1_SKILL_01"",""OB_FIRST_PANEL_04_TECHNICAL_REVIEWER_EV_APP0128_FIRST_INTERVIEW_AI_CASE_M1_SKILL_01"",""OB_FIRST_PANEL_04_ML_ENGINEER_EV_APP0128_FIRST_INTERVIEW_AI_CASE_M1_SKILL_03"",""OB_FIRST_PANEL_04_HIRING_MANAGER_EV_APP0128_FIRST_INTERVIEW_AI_CASE_M1_SKILL_03"",""OB_FIRST_PANEL_04_TECHNICAL_REVIEWER_EV_APP0128_FIRST_INTERVIEW_AI_CASE_M1_SKILL_03"",""OB_FIRST_PANEL_04_ML_ENGINEER_EV_APP0128_FIRST_INTERVIEW_PRACTITIONER_QA_M1_SKILL_04"",""OB_FIRST_PANEL_04_HIRING_MANAGER_EV_APP0128_FIRST_INTERVIEW_PRACTITIONER_QA_M1_SKILL_04"",""OB_FIRST_PANEL_04_TECHNICAL_REVIEWER_EV_APP0128_FIRST_INTERVIEW_PRACTITIONER_QA_M1_SKILL_04"",""OB_FIRST_PANEL_04_ML_ENGINEER_EV_APP0128_FIRST_INTERVIEW_PRACTITIONER_QA_M1_SKILL_05"",""OB_FIRST_PANEL_04_HIRING_MANAGER_EV_APP0128_FIRST_INTERVIEW_PRACTITIONER_QA_M1_SKILL_05"",""OB_FIRST_PANEL_04_TECHNICAL_REVIEWER_EV_APP0128_FIRST_INTERVIEW_PRACTITIONER_QA_M1_SKILL_05"",""OB_FIRST_PANEL_04_ML_ENGINEER_EV_APP0128_FIRST_INTERVIEW_PRACTITIONER_QA_M1_SKILL_06"",""OB_FIRST_PANEL_04_HIRING_MANAGER_EV_APP0128_FIRST_INTERVIEW_PRACTITIONER_QA_M1_SKILL_06"",""OB_FIRST_PANEL_04_TECHNICAL_REVIEWER_EV_APP0128_FIRST_INTERVIEW_PRACTITIONER_QA_M1_SKILL_06"",""OB_FIRST_PANEL_04_ML_ENGINEER_EV_APP0128_FIRST_INTERVIEW_PRACTITIONER_QA_M1_SKILL_08"",""OB_FIRST_PANEL_04_HIRING_MANAGER_EV_APP0128_FIRST_INTERVIEW_PRACTITIONER_QA_M1_SKILL_08"",""OB_FIRST_PANEL_04_TECHNICAL_REVIEWER_EV_APP0128_FIRST_INTERVIEW_PRACTITIONER_QA_M1_SKILL_08""]}"
APP0130_FIRST_INTERVIEW,APP0130,C0130,FIRST_INTERVIEW,2026-12-02T16:21:00+09:00,2026-12-04T16:21:00+09:00,2026-12-17T09:00:00+09:00,2026-12-17T10:00:00+09:00,2026-12-19T10:00:00+09:00,2026-12-20T10:00:00+09:00,,FAILED,CORE_DIRECT_LIMITATION,,SYNTHETIC_HUMAN_SCENARIO,"{""coverage"":{""M1_SKILL_01"":{""decisionable"":true,""observation_refs"":[""OB_FIRST_PANEL_05_ML_ENGINEER_EV_APP0130_FIRST_INTERVIEW_TECHNICAL_ASSESSMENT_M1_SKILL_01"",""OB_FIRST_PANEL_05_HIRING_MANAGER_EV_APP0130_FIRST_INTERVIEW_TECHNICAL_ASSESSMENT_M1_SKILL_01"",""OB_FIRST_PANEL_05_TECHNICAL_REVIEWER_EV_APP0130_FIRST_INTERVIEW_TECHNICAL_ASSESSMENT_M1_SKILL_01"",""OB_FIRST_PANEL_05_ML_ENGINEER_EV_APP0130_FIRST_INTERVIEW_AI_CASE_M1_SKILL_01"",""OB_FIRST_PANEL_05_HIRING_MANAGER_EV_APP0130_FIRST_INTERVIEW_AI_CASE_M1_SKILL_01"",""OB_FIRST_PANEL_05_TECHNICAL_REVIEWER_EV_APP0130_FIRST_INTERVIEW_AI_CASE_M1_SKILL_01""],""skill_decision_ref"":""DC_APP0130_M1_SKILL_01_000228"",""state"":""A""},""M1_SKILL_02"":{""decisionable"":true,""observation_refs"":[""OB_FIRST_PANEL_05_ML_ENGINEER_EV_APP0130_FIRST_INTERVIEW_TECHNICAL_ASSESSMENT_M1_SKILL_02"",""OB_FIRST_PANEL_05_HIRING_MANAGER_EV_APP0130_FIRST_INTERVIEW_TECHNICAL_ASSESSMENT_M1_SKILL_02"",""OB_FIRST_PANEL_05_TECHNICAL_REVIEWER_EV_APP0130_FIRST_INTERVIEW_TECHNICAL_ASSESSMENT_M1_SKILL_02""],""skill_decision_ref"":""DC_APP0130_M1_SKILL_02_000229"",""state"":""B""},""M1_SKILL_03"":{""decisionable"":true,""observation_refs"":[""OB_FIRST_PANEL_05_ML_ENGINEER_EV_APP0130_FIRST_INTERVIEW_AI_CASE_M1_SKILL_03"",""OB_FIRST_PANEL_05_HIRING_MANAGER_EV_APP0130_FIRST_INTERVIEW_AI_CASE_M1_SKILL_03"",""OB_FIRST_PANEL_05_TECHNICAL_REVIEWER_EV_APP0130_FIRST_INTERVIEW_AI_CASE_M1_SKILL_03""],""skill_decision_ref"":""DC_APP0130_M1_SKILL_03_000230"",""state"":""A""}},""criterion"":""CORE_DIRECT_COVERAGE"",""human_rationale"":""기술 핵심01/02/03의 직접 지지·명시적 제한·부족·미해결을 각각 검토. 점수/정원 없음."",""observation_refs"":[""OB_FIRST_PANEL_05_ML_ENGINEER_EV_APP0130_FIRST_INTERVIEW_TECHNICAL_ASSESSMENT_M1_SKILL_01"",""OB_FIRST_PANEL_05_HIRING_MANAGER_EV_APP0130_FIRST_INTERVIEW_TECHNICAL_ASSESSMENT_M1_SKILL_01"",""OB_FIRST_PANEL_05_TECHNICAL_REVIEWER_EV_APP0130_FIRST_INTERVIEW_TECHNICAL_ASSESSMENT_M1_SKILL_01"",""OB_FIRST_PANEL_05_ML_ENGINEER_EV_APP0130_FIRST_INTERVIEW_TECHNICAL_ASSESSMENT_M1_SKILL_02"",""OB_FIRST_PANEL_05_HIRING_MANAGER_EV_APP0130_FIRST_INTERVIEW_TECHNICAL_ASSESSMENT_M1_SKILL_02"",""OB_FIRST_PANEL_05_TECHNICAL_REVIEWER_EV_APP0130_FIRST_INTERVIEW_TECHNICAL_ASSESSMENT_M1_SKILL_02"",""OB_FIRST_PANEL_05_ML_ENGINEER_EV_APP0130_FIRST_INTERVIEW_TECHNICAL_ASSESSMENT_M1_SKILL_07"",""OB_FIRST_PANEL_05_HIRING_MANAGER_EV_APP0130_FIRST_INTERVIEW_TECHNICAL_ASSESSMENT_M1_SKILL_07"",""OB_FIRST_PANEL_05_TECHNICAL_REVIEWER_EV_APP0130_FIRST_INTERVIEW_TECHNICAL_ASSESSMENT_M1_SKILL_07"",""OB_FIRST_PANEL_05_ML_ENGINEER_EV_APP0130_FIRST_INTERVIEW_AI_CASE_M1_SKILL_01"",""OB_FIRST_PANEL_05_HIRING_MANAGER_EV_APP0130_FIRST_INTERVIEW_AI_CASE_M1_SKILL_01"",""OB_FIRST_PANEL_05_TECHNICAL_REVIEWER_EV_APP0130_FIRST_INTERVIEW_AI_CASE_M1_SKILL_01"",""OB_FIRST_PANEL_05_ML_ENGINEER_EV_APP0130_FIRST_INTERVIEW_AI_CASE_M1_SKILL_03"",""OB_FIRST_PANEL_05_HIRING_MANAGER_EV_APP0130_FIRST_INTERVIEW_AI_CASE_M1_SKILL_03"",""OB_FIRST_PANEL_05_TECHNICAL_REVIEWER_EV_APP0130_FIRST_INTERVIEW_AI_CASE_M1_SKILL_03"",""OB_FIRST_PANEL_05_ML_ENGINEER_EV_APP0130_FIRST_INTERVIEW_PRACTITIONER_QA_M1_SKILL_04"",""OB_FIRST_PANEL_05_HIRING_MANAGER_EV_APP0130_FIRST_INTERVIEW_PRACTITIONER_QA_M1_SKILL_04"",""OB_FIRST_PANEL_05_TECHNICAL_REVIEWER_EV_APP0130_FIRST_INTERVIEW_PRACTITIONER_QA_M1_SKILL_04"",""OB_FIRST_PANEL_05_ML_ENGINEER_EV_APP0130_FIRST_INTERVIEW_PRACTITIONER_QA_M1_SKILL_05"",""OB_FIRST_PANEL_05_HIRING_MANAGER_EV_APP0130_FIRST_INTERVIEW_PRACTITIONER_QA_M1_SKILL_05"",""OB_FIRST_PANEL_05_TECHNICAL_REVIEWER_EV_APP0130_FIRST_INTERVIEW_PRACTITIONER_QA_M1_SKILL_05"",""OB_FIRST_PANEL_05_ML_ENGINEER_EV_APP0130_FIRST_INTERVIEW_PRACTITIONER_QA_M1_SKILL_06"",""OB_FIRST_PANEL_05_HIRING_MANAGER_EV_APP0130_FIRST_INTERVIEW_PRACTITIONER_QA_M1_SKILL_06"",""OB_FIRST_PANEL_05_TECHNICAL_REVIEWER_EV_APP0130_FIRST_INTERVIEW_PRACTITIONER_QA_M1_SKILL_06"",""OB_FIRST_PANEL_05_ML_ENGINEER_EV_APP0130_FIRST_INTERVIEW_PRACTITIONER_QA_M1_SKILL_08"",""OB_FIRST_PANEL_05_HIRING_MANAGER_EV_APP0130_FIRST_INTERVIEW_PRACTITIONER_QA_M1_SKILL_08"",""OB_FIRST_PANEL_05_TECHNICAL_REVIEWER_EV_APP0130_FIRST_INTERVIEW_PRACTITIONER_QA_M1_SKILL_08""]}"
APP0141_FIRST_INTERVIEW,APP0141,C0141,FIRST_INTERVIEW,2026-12-02T16:21:00+09:00,2026-12-04T16:21:00+09:00,2026-12-17T09:00:00+09:00,2026-12-17T10:00:00+09:00,2026-12-22T10:00:00+09:00,2026-12-24T10:00:00+09:00,,FAILED,CORE_DIRECT_LIMITATION,,SYNTHETIC_HUMAN_SCENARIO,"{""coverage"":{""M1_SKILL_01"":{""decisionable"":true,""observation_refs"":[""OB_FIRST_PANEL_06_ML_ENGINEER_EV_APP0141_FIRST_INTERVIEW_TECHNICAL_ASSESSMENT_M1_SKILL_01"",""OB_FIRST_PANEL_06_HIRING_MANAGER_EV_APP0141_FIRST_INTERVIEW_TECHNICAL_ASSESSMENT_M1_SKILL_01"",""OB_FIRST_PANEL_06_TECHNICAL_REVIEWER_EV_APP0141_FIRST_INTERVIEW_TECHNICAL_ASSESSMENT_M1_SKILL_01"",""OB_FIRST_PANEL_06_ML_ENGINEER_EV_APP0141_FIRST_INTERVIEW_AI_CASE_M1_SKILL_01"",""OB_FIRST_PANEL_06_HIRING_MANAGER_EV_APP0141_FIRST_INTERVIEW_AI_CASE_M1_SKILL_01"",""OB_FIRST_PANEL_06_TECHNICAL_REVIEWER_EV_APP0141_FIRST_INTERVIEW_AI_CASE_M1_SKILL_01""],""skill_decision_ref"":""DC_APP0141_M1_SKILL_01_000236"",""state"":""A""},""M1_SKILL_02"":{""decisionable"":true,""observation_refs"":[""OB_FIRST_PANEL_06_ML_ENGINEER_EV_APP0141_FIRST_INTERVIEW_TECHNICAL_ASSESSMENT_M1_SKILL_02"",""OB_FIRST_PANEL_06_HIRING_MANAGER_EV_APP0141_FIRST_INTERVIEW_TECHNICAL_ASSESSMENT_M1_SKILL_02"",""OB_FIRST_PANEL_06_TECHNICAL_REVIEWER_EV_APP0141_FIRST_INTERVIEW_TECHNICAL_ASSESSMENT_M1_SKILL_02""],""skill_decision_ref"":""DC_APP0141_M1_SKILL_02_000237"",""state"":""B""},""M1_SKILL_03"":{""decisionable"":true,""observation_refs"":[""OB_FIRST_PANEL_06_ML_ENGINEER_EV_APP0141_FIRST_INTERVIEW_AI_CASE_M1_SKILL_03"",""OB_FIRST_PANEL_06_HIRING_MANAGER_EV_APP0141_FIRST_INTERVIEW_AI_CASE_M1_SKILL_03"",""OB_FIRST_PANEL_06_TECHNICAL_REVIEWER_EV_APP0141_FIRST_INTERVIEW_AI_CASE_M1_SKILL_03""],""skill_decision_ref"":""DC_APP0141_M1_SKILL_03_000238"",""state"":""A""}},""criterion"":""CORE_DIRECT_COVERAGE"",""human_rationale"":""기술 핵심01/02/03의 직접 지지·명시적 제한·부족·미해결을 각각 검토. 점수/정원 없음."",""observation_refs"":[""OB_FIRST_PANEL_06_ML_ENGINEER_EV_APP0141_FIRST_INTERVIEW_TECHNICAL_ASSESSMENT_M1_SKILL_01"",""OB_FIRST_PANEL_06_HIRING_MANAGER_EV_APP0141_FIRST_INTERVIEW_TECHNICAL_ASSESSMENT_M1_SKILL_01"",""OB_FIRST_PANEL_06_TECHNICAL_REVIEWER_EV_APP0141_FIRST_INTERVIEW_TECHNICAL_ASSESSMENT_M1_SKILL_01"",""OB_FIRST_PANEL_06_ML_ENGINEER_EV_APP0141_FIRST_INTERVIEW_TECHNICAL_ASSESSMENT_M1_SKILL_02"",""OB_FIRST_PANEL_06_HIRING_MANAGER_EV_APP0141_FIRST_INTERVIEW_TECHNICAL_ASSESSMENT_M1_SKILL_02"",""OB_FIRST_PANEL_06_TECHNICAL_REVIEWER_EV_APP0141_FIRST_INTERVIEW_TECHNICAL_ASSESSMENT_M1_SKILL_02"",""OB_FIRST_PANEL_06_ML_ENGINEER_EV_APP0141_FIRST_INTERVIEW_TECHNICAL_ASSESSMENT_M1_SKILL_07"",""OB_FIRST_PANEL_06_HIRING_MANAGER_EV_APP0141_FIRST_INTERVIEW_TECHNICAL_ASSESSMENT_M1_SKILL_07"",""OB_FIRST_PANEL_06_TECHNICAL_REVIEWER_EV_APP0141_FIRST_INTERVIEW_TECHNICAL_ASSESSMENT_M1_SKILL_07"",""OB_FIRST_PANEL_06_ML_ENGINEER_EV_APP0141_FIRST_INTERVIEW_AI_CASE_M1_SKILL_01"",""OB_FIRST_PANEL_06_HIRING_MANAGER_EV_APP0141_FIRST_INTERVIEW_AI_CASE_M1_SKILL_01"",""OB_FIRST_PANEL_06_TECHNICAL_REVIEWER_EV_APP0141_FIRST_INTERVIEW_AI_CASE_M1_SKILL_01"",""OB_FIRST_PANEL_06_ML_ENGINEER_EV_APP0141_FIRST_INTERVIEW_AI_CASE_M1_SKILL_03"",""OB_FIRST_PANEL_06_HIRING_MANAGER_EV_APP0141_FIRST_INTERVIEW_AI_CASE_M1_SKILL_03"",""OB_FIRST_PANEL_06_TECHNICAL_REVIEWER_EV_APP0141_FIRST_INTERVIEW_AI_CASE_M1_SKILL_03"",""OB_FIRST_PANEL_06_ML_ENGINEER_EV_APP0141_FIRST_INTERVIEW_PRACTITIONER_QA_M1_SKILL_04"",""OB_FIRST_PANEL_06_HIRING_MANAGER_EV_APP0141_FIRST_INTERVIEW_PRACTITIONER_QA_M1_SKILL_04"",""OB_FIRST_PANEL_06_TECHNICAL_REVIEWER_EV_APP0141_FIRST_INTERVIEW_PRACTITIONER_QA_M1_SKILL_04"",""OB_FIRST_PANEL_06_ML_ENGINEER_EV_APP0141_FIRST_INTERVIEW_PRACTITIONER_QA_M1_SKILL_05"",""OB_FIRST_PANEL_06_HIRING_MANAGER_EV_APP0141_FIRST_INTERVIEW_PRACTITIONER_QA_M1_SKILL_05"",""OB_FIRST_PANEL_06_TECHNICAL_REVIEWER_EV_APP0141_FIRST_INTERVIEW_PRACTITIONER_QA_M1_SKILL_05"",""OB_FIRST_PANEL_06_ML_ENGINEER_EV_APP0141_FIRST_INTERVIEW_PRACTITIONER_QA_M1_SKILL_06"",""OB_FIRST_PANEL_06_HIRING_MANAGER_EV_APP0141_FIRST_INTERVIEW_PRACTITIONER_QA_M1_SKILL_06"",""OB_FIRST_PANEL_06_TECHNICAL_REVIEWER_EV_APP0141_FIRST_INTERVIEW_PRACTITIONER_QA_M1_SKILL_06"",""OB_FIRST_PANEL_06_ML_ENGINEER_EV_APP0141_FIRST_INTERVIEW_PRACTITIONER_QA_M1_SKILL_08"",""OB_FIRST_PANEL_06_HIRING_MANAGER_EV_APP0141_FIRST_INTERVIEW_PRACTITIONER_QA_M1_SKILL_08"",""OB_FIRST_PANEL_06_TECHNICAL_REVIEWER_EV_APP0141_FIRST_INTERVIEW_PRACTITIONER_QA_M1_SKILL_08""]}"
APP0143_FIRST_INTERVIEW,APP0143,C0143,FIRST_INTERVIEW,2026-12-02T16:21:00+09:00,2026-12-04T16:21:00+09:00,2026-12-17T09:00:00+09:00,2026-12-17T10:00:00+09:00,2026-12-20T10:15:00+09:00,2026-12-22T10:15:00+09:00,,FAILED,CORE_DIRECT_LIMITATION,,SYNTHETIC_HUMAN_SCENARIO,"{""coverage"":{""M1_SKILL_01"":{""decisionable"":true,""observation_refs"":[""OB_FIRST_PANEL_07_ML_ENGINEER_EV_APP0143_FIRST_INTERVIEW_TECHNICAL_ASSESSMENT_M1_SKILL_01"",""OB_FIRST_PANEL_07_HIRING_MANAGER_EV_APP0143_FIRST_INTERVIEW_TECHNICAL_ASSESSMENT_M1_SKILL_01"",""OB_FIRST_PANEL_07_TECHNICAL_REVIEWER_EV_APP0143_FIRST_INTERVIEW_TECHNICAL_ASSESSMENT_M1_SKILL_01"",""OB_FIRST_PANEL_07_ML_ENGINEER_EV_APP0143_FIRST_INTERVIEW_AI_CASE_M1_SKILL_01"",""OB_FIRST_PANEL_07_HIRING_MANAGER_EV_APP0143_FIRST_INTERVIEW_AI_CASE_M1_SKILL_01"",""OB_FIRST_PANEL_07_TECHNICAL_REVIEWER_EV_APP0143_FIRST_INTERVIEW_AI_CASE_M1_SKILL_01""],""skill_decision_ref"":""DC_APP0143_M1_SKILL_01_000244"",""state"":""A""},""M1_SKILL_02"":{""decisionable"":true,""observation_refs"":[""OB_FIRST_PANEL_07_ML_ENGINEER_EV_APP0143_FIRST_INTERVIEW_TECHNICAL_ASSESSMENT_M1_SKILL_02"",""OB_FIRST_PANEL_07_HIRING_MANAGER_EV_APP0143_FIRST_INTERVIEW_TECHNICAL_ASSESSMENT_M1_SKILL_02"",""OB_FIRST_PANEL_07_TECHNICAL_REVIEWER_EV_APP0143_FIRST_INTERVIEW_TECHNICAL_ASSESSMENT_M1_SKILL_02""],""skill_decision_ref"":""DC_APP0143_M1_SKILL_02_000245"",""state"":""B""},""M1_SKILL_03"":{""decisionable"":true,""observation_refs"":[""OB_FIRST_PANEL_07_ML_ENGINEER_EV_APP0143_FIRST_INTERVIEW_AI_CASE_M1_SKILL_03"",""OB_FIRST_PANEL_07_HIRING_MANAGER_EV_APP0143_FIRST_INTERVIEW_AI_CASE_M1_SKILL_03"",""OB_FIRST_PANEL_07_TECHNICAL_REVIEWER_EV_APP0143_FIRST_INTERVIEW_AI_CASE_M1_SKILL_03""],""skill_decision_ref"":""DC_APP0143_M1_SKILL_03_000246"",""state"":""A""}},""criterion"":""CORE_DIRECT_COVERAGE"",""human_rationale"":""기술 핵심01/02/03의 직접 지지·명시적 제한·부족·미해결을 각각 검토. 점수/정원 없음."",""observation_refs"":[""OB_FIRST_PANEL_07_ML_ENGINEER_EV_APP0143_FIRST_INTERVIEW_TECHNICAL_ASSESSMENT_M1_SKILL_01"",""OB_FIRST_PANEL_07_HIRING_MANAGER_EV_APP0143_FIRST_INTERVIEW_TECHNICAL_ASSESSMENT_M1_SKILL_01"",""OB_FIRST_PANEL_07_TECHNICAL_REVIEWER_EV_APP0143_FIRST_INTERVIEW_TECHNICAL_ASSESSMENT_M1_SKILL_01"",""OB_FIRST_PANEL_07_ML_ENGINEER_EV_APP0143_FIRST_INTERVIEW_TECHNICAL_ASSESSMENT_M1_SKILL_02"",""OB_FIRST_PANEL_07_HIRING_MANAGER_EV_APP0143_FIRST_INTERVIEW_TECHNICAL_ASSESSMENT_M1_SKILL_02"",""OB_FIRST_PANEL_07_TECHNICAL_REVIEWER_EV_APP0143_FIRST_INTERVIEW_TECHNICAL_ASSESSMENT_M1_SKILL_02"",""OB_FIRST_PANEL_07_ML_ENGINEER_EV_APP0143_FIRST_INTERVIEW_TECHNICAL_ASSESSMENT_M1_SKILL_07"",""OB_FIRST_PANEL_07_HIRING_MANAGER_EV_APP0143_FIRST_INTERVIEW_TECHNICAL_ASSESSMENT_M1_SKILL_07"",""OB_FIRST_PANEL_07_TECHNICAL_REVIEWER_EV_APP0143_FIRST_INTERVIEW_TECHNICAL_ASSESSMENT_M1_SKILL_07"",""OB_FIRST_PANEL_07_ML_ENGINEER_EV_APP0143_FIRST_INTERVIEW_AI_CASE_M1_SKILL_01"",""OB_FIRST_PANEL_07_HIRING_MANAGER_EV_APP0143_FIRST_INTERVIEW_AI_CASE_M1_SKILL_01"",""OB_FIRST_PANEL_07_TECHNICAL_REVIEWER_EV_APP0143_FIRST_INTERVIEW_AI_CASE_M1_SKILL_01"",""OB_FIRST_PANEL_07_ML_ENGINEER_EV_APP0143_FIRST_INTERVIEW_AI_CASE_M1_SKILL_03"",""OB_FIRST_PANEL_07_HIRING_MANAGER_EV_APP0143_FIRST_INTERVIEW_AI_CASE_M1_SKILL_03"",""OB_FIRST_PANEL_07_TECHNICAL_REVIEWER_EV_APP0143_FIRST_INTERVIEW_AI_CASE_M1_SKILL_03"",""OB_FIRST_PANEL_07_ML_ENGINEER_EV_APP0143_FIRST_INTERVIEW_PRACTITIONER_QA_M1_SKILL_04"",""OB_FIRST_PANEL_07_HIRING_MANAGER_EV_APP0143_FIRST_INTERVIEW_PRACTITIONER_QA_M1_SKILL_04"",""OB_FIRST_PANEL_07_TECHNICAL_REVIEWER_EV_APP0143_FIRST_INTERVIEW_PRACTITIONER_QA_M1_SKILL_04"",""OB_FIRST_PANEL_07_ML_ENGINEER_EV_APP0143_FIRST_INTERVIEW_PRACTITIONER_QA_M1_SKILL_05"",""OB_FIRST_PANEL_07_HIRING_MANAGER_EV_APP0143_FIRST_INTERVIEW_PRACTITIONER_QA_M1_SKILL_05"",""OB_FIRST_PANEL_07_TECHNICAL_REVIEWER_EV_APP0143_FIRST_INTERVIEW_PRACTITIONER_QA_M1_SKILL_05"",""OB_FIRST_PANEL_07_ML_ENGINEER_EV_APP0143_FIRST_INTERVIEW_PRACTITIONER_QA_M1_SKILL_06"",""OB_FIRST_PANEL_07_HIRING_MANAGER_EV_APP0143_FIRST_INTERVIEW_PRACTITIONER_QA_M1_SKILL_06"",""OB_FIRST_PANEL_07_TECHNICAL_REVIEWER_EV_APP0143_FIRST_INTERVIEW_PRACTITIONER_QA_M1_SKILL_06"",""OB_FIRST_PANEL_07_ML_ENGINEER_EV_APP0143_FIRST_INTERVIEW_PRACTITIONER_QA_M1_SKILL_08"",""OB_FIRST_PANEL_07_HIRING_MANAGER_EV_APP0143_FIRST_INTERVIEW_PRACTITIONER_QA_M1_SKILL_08"",""OB_FIRST_PANEL_07_TECHNICAL_REVIEWER_EV_APP0143_FIRST_INTERVIEW_PRACTITIONER_QA_M1_SKILL_08""]}"
APP0150_FIRST_INTERVIEW,APP0150,C0150,FIRST_INTERVIEW,2026-12-02T16:21:00+09:00,2026-12-04T16:21:00+09:00,2026-12-17T09:00:00+09:00,2026-12-17T10:00:00+09:00,2026-12-22T10:15:00+09:00,2026-12-24T10:15:00+09:00,,IN_PROGRESS,EVIDENCE_PENDING,,SYNTHETIC_HUMAN_SCENARIO,"{""coverage"":{""M1_SKILL_01"":{""decisionable"":true,""observation_refs"":[""OB_FIRST_PANEL_08_ML_ENGINEER_EV_APP0150_FIRST_INTERVIEW_TECHNICAL_ASSESSMENT_M1_SKILL_01"",""OB_FIRST_PANEL_08_HIRING_MANAGER_EV_APP0150_FIRST_INTERVIEW_TECHNICAL_ASSESSMENT_M1_SKILL_01"",""OB_FIRST_PANEL_08_TECHNICAL_REVIEWER_EV_APP0150_FIRST_INTERVIEW_TECHNICAL_ASSESSMENT_M1_SKILL_01"",""OB_FIRST_PANEL_08_ML_ENGINEER_EV_APP0150_FIRST_INTERVIEW_AI_CASE_M1_SKILL_01"",""OB_FIRST_PANEL_08_HIRING_MANAGER_EV_APP0150_FIRST_INTERVIEW_AI_CASE_M1_SKILL_01"",""OB_FIRST_PANEL_08_TECHNICAL_REVIEWER_EV_APP0150_FIRST_INTERVIEW_AI_CASE_M1_SKILL_01""],""skill_decision_ref"":""DC_APP0150_M1_SKILL_01_000252"",""state"":""A""},""M1_SKILL_02"":{""decisionable"":false,""observation_refs"":[""OB_FIRST_PANEL_08_ML_ENGINEER_EV_APP0150_FIRST_INTERVIEW_TECHNICAL_ASSESSMENT_M1_SKILL_02"",""OB_FIRST_PANEL_08_HIRING_MANAGER_EV_APP0150_FIRST_INTERVIEW_TECHNICAL_ASSESSMENT_M1_SKILL_02"",""OB_FIRST_PANEL_08_TECHNICAL_REVIEWER_EV_APP0150_FIRST_INTERVIEW_TECHNICAL_ASSESSMENT_M1_SKILL_02""],""skill_decision_ref"":""DC_APP0150_M1_SKILL_02_000253"",""state"":""D""},""M1_SKILL_03"":{""decisionable"":false,""observation_refs"":[""OB_FIRST_PANEL_08_ML_ENGINEER_EV_APP0150_FIRST_INTERVIEW_AI_CASE_M1_SKILL_03"",""OB_FIRST_PANEL_08_HIRING_MANAGER_EV_APP0150_FIRST_INTERVIEW_AI_CASE_M1_SKILL_03"",""OB_FIRST_PANEL_08_TECHNICAL_REVIEWER_EV_APP0150_FIRST_INTERVIEW_AI_CASE_M1_SKILL_03""],""skill_decision_ref"":""DC_APP0150_M1_SKILL_03_000254"",""state"":""D""}},""criterion"":""CORE_DIRECT_COVERAGE"",""human_rationale"":""기술 핵심01/02/03의 직접 지지·명시적 제한·부족·미해결을 각각 검토. 점수/정원 없음."",""observation_refs"":[""OB_FIRST_PANEL_08_ML_ENGINEER_EV_APP0150_FIRST_INTERVIEW_TECHNICAL_ASSESSMENT_M1_SKILL_01"",""OB_FIRST_PANEL_08_HIRING_MANAGER_EV_APP0150_FIRST_INTERVIEW_TECHNICAL_ASSESSMENT_M1_SKILL_01"",""OB_FIRST_PANEL_08_TECHNICAL_REVIEWER_EV_APP0150_FIRST_INTERVIEW_TECHNICAL_ASSESSMENT_M1_SKILL_01"",""OB_FIRST_PANEL_08_ML_ENGINEER_EV_APP0150_FIRST_INTERVIEW_TECHNICAL_ASSESSMENT_M1_SKILL_02"",""OB_FIRST_PANEL_08_HIRING_MANAGER_EV_APP0150_FIRST_INTERVIEW_TECHNICAL_ASSESSMENT_M1_SKILL_02"",""OB_FIRST_PANEL_08_TECHNICAL_REVIEWER_EV_APP0150_FIRST_INTERVIEW_TECHNICAL_ASSESSMENT_M1_SKILL_02"",""OB_FIRST_PANEL_08_ML_ENGINEER_EV_APP0150_FIRST_INTERVIEW_TECHNICAL_ASSESSMENT_M1_SKILL_07"",""OB_FIRST_PANEL_08_HIRING_MANAGER_EV_APP0150_FIRST_INTERVIEW_TECHNICAL_ASSESSMENT_M1_SKILL_07"",""OB_FIRST_PANEL_08_TECHNICAL_REVIEWER_EV_APP0150_FIRST_INTERVIEW_TECHNICAL_ASSESSMENT_M1_SKILL_07"",""OB_FIRST_PANEL_08_ML_ENGINEER_EV_APP0150_FIRST_INTERVIEW_AI_CASE_M1_SKILL_01"",""OB_FIRST_PANEL_08_HIRING_MANAGER_EV_APP0150_FIRST_INTERVIEW_AI_CASE_M1_SKILL_01"",""OB_FIRST_PANEL_08_TECHNICAL_REVIEWER_EV_APP0150_FIRST_INTERVIEW_AI_CASE_M1_SKILL_01"",""OB_FIRST_PANEL_08_ML_ENGINEER_EV_APP0150_FIRST_INTERVIEW_AI_CASE_M1_SKILL_03"",""OB_FIRST_PANEL_08_HIRING_MANAGER_EV_APP0150_FIRST_INTERVIEW_AI_CASE_M1_SKILL_03"",""OB_FIRST_PANEL_08_TECHNICAL_REVIEWER_EV_APP0150_FIRST_INTERVIEW_AI_CASE_M1_SKILL_03"",""OB_FIRST_PANEL_08_ML_ENGINEER_EV_APP0150_FIRST_INTERVIEW_PRACTITIONER_QA_M1_SKILL_04"",""OB_FIRST_PANEL_08_HIRING_MANAGER_EV_APP0150_FIRST_INTERVIEW_PRACTITIONER_QA_M1_SKILL_04"",""OB_FIRST_PANEL_08_TECHNICAL_REVIEWER_EV_APP0150_FIRST_INTERVIEW_PRACTITIONER_QA_M1_SKILL_04"",""OB_FIRST_PANEL_08_ML_ENGINEER_EV_APP0150_FIRST_INTERVIEW_PRACTITIONER_QA_M1_SKILL_05"",""OB_FIRST_PANEL_08_HIRING_MANAGER_EV_APP0150_FIRST_INTERVIEW_PRACTITIONER_QA_M1_SKILL_05"",""OB_FIRST_PANEL_08_TECHNICAL_REVIEWER_EV_APP0150_FIRST_INTERVIEW_PRACTITIONER_QA_M1_SKILL_05"",""OB_FIRST_PANEL_08_ML_ENGINEER_EV_APP0150_FIRST_INTERVIEW_PRACTITIONER_QA_M1_SKILL_06"",""OB_FIRST_PANEL_08_HIRING_MANAGER_EV_APP0150_FIRST_INTERVIEW_PRACTITIONER_QA_M1_SKILL_06"",""OB_FIRST_PANEL_08_TECHNICAL_REVIEWER_EV_APP0150_FIRST_INTERVIEW_PRACTITIONER_QA_M1_SKILL_06"",""OB_FIRST_PANEL_08_ML_ENGINEER_EV_APP0150_FIRST_INTERVIEW_PRACTITIONER_QA_M1_SKILL_08"",""OB_FIRST_PANEL_08_HIRING_MANAGER_EV_APP0150_FIRST_INTERVIEW_PRACTITIONER_QA_M1_SKILL_08"",""OB_FIRST_PANEL_08_TECHNICAL_REVIEWER_EV_APP0150_FIRST_INTERVIEW_PRACTITIONER_QA_M1_SKILL_08""],""operational_state"":""EVIDENCE_PENDING""}"
APP0153_FIRST_INTERVIEW,APP0153,C0153,FIRST_INTERVIEW,2026-12-02T16:21:00+09:00,2026-12-04T16:21:00+09:00,2026-12-17T09:00:00+09:00,2026-12-17T10:00:00+09:00,2026-12-19T10:15:00+09:00,2026-12-21T10:15:00+09:00,,IN_PROGRESS,EVIDENCE_PENDING,,SYNTHETIC_HUMAN_SCENARIO,"{""coverage"":{""M1_SKILL_01"":{""decisionable"":false,""observation_refs"":[""OB_FIRST_PANEL_09_ML_ENGINEER_EV_APP0153_FIRST_INTERVIEW_TECHNICAL_ASSESSMENT_M1_SKILL_01"",""OB_FIRST_PANEL_09_HIRING_MANAGER_EV_APP0153_FIRST_INTERVIEW_TECHNICAL_ASSESSMENT_M1_SKILL_01"",""OB_FIRST_PANEL_09_TECHNICAL_REVIEWER_EV_APP0153_FIRST_INTERVIEW_TECHNICAL_ASSESSMENT_M1_SKILL_01"",""OB_FIRST_PANEL_09_ML_ENGINEER_EV_APP0153_FIRST_INTERVIEW_AI_CASE_M1_SKILL_01"",""OB_FIRST_PANEL_09_HIRING_MANAGER_EV_APP0153_FIRST_INTERVIEW_AI_CASE_M1_SKILL_01"",""OB_FIRST_PANEL_09_TECHNICAL_REVIEWER_EV_APP0153_FIRST_INTERVIEW_AI_CASE_M1_SKILL_01""],""skill_decision_ref"":""DC_APP0153_M1_SKILL_01_000260"",""state"":""D""},""M1_SKILL_02"":{""decisionable"":true,""observation_refs"":[""OB_FIRST_PANEL_09_ML_ENGINEER_EV_APP0153_FIRST_INTERVIEW_TECHNICAL_ASSESSMENT_M1_SKILL_02"",""OB_FIRST_PANEL_09_HIRING_MANAGER_EV_APP0153_FIRST_INTERVIEW_TECHNICAL_ASSESSMENT_M1_SKILL_02"",""OB_FIRST_PANEL_09_TECHNICAL_REVIEWER_EV_APP0153_FIRST_INTERVIEW_TECHNICAL_ASSESSMENT_M1_SKILL_02""],""skill_decision_ref"":""DC_APP0153_M1_SKILL_02_000261"",""state"":""A""},""M1_SKILL_03"":{""decisionable"":true,""observation_refs"":[""OB_FIRST_PANEL_09_ML_ENGINEER_EV_APP0153_FIRST_INTERVIEW_AI_CASE_M1_SKILL_03"",""OB_FIRST_PANEL_09_HIRING_MANAGER_EV_APP0153_FIRST_INTERVIEW_AI_CASE_M1_SKILL_03"",""OB_FIRST_PANEL_09_TECHNICAL_REVIEWER_EV_APP0153_FIRST_INTERVIEW_AI_CASE_M1_SKILL_03""],""skill_decision_ref"":""DC_APP0153_M1_SKILL_03_000262"",""state"":""A""}},""criterion"":""CORE_DIRECT_COVERAGE"",""human_rationale"":""기술 핵심01/02/03의 직접 지지·명시적 제한·부족·미해결을 각각 검토. 점수/정원 없음."",""observation_refs"":[""OB_FIRST_PANEL_09_ML_ENGINEER_EV_APP0153_FIRST_INTERVIEW_TECHNICAL_ASSESSMENT_M1_SKILL_01"",""OB_FIRST_PANEL_09_HIRING_MANAGER_EV_APP0153_FIRST_INTERVIEW_TECHNICAL_ASSESSMENT_M1_SKILL_01"",""OB_FIRST_PANEL_09_TECHNICAL_REVIEWER_EV_APP0153_FIRST_INTERVIEW_TECHNICAL_ASSESSMENT_M1_SKILL_01"",""OB_FIRST_PANEL_09_ML_ENGINEER_EV_APP0153_FIRST_INTERVIEW_TECHNICAL_ASSESSMENT_M1_SKILL_02"",""OB_FIRST_PANEL_09_HIRING_MANAGER_EV_APP0153_FIRST_INTERVIEW_TECHNICAL_ASSESSMENT_M1_SKILL_02"",""OB_FIRST_PANEL_09_TECHNICAL_REVIEWER_EV_APP0153_FIRST_INTERVIEW_TECHNICAL_ASSESSMENT_M1_SKILL_02"",""OB_FIRST_PANEL_09_ML_ENGINEER_EV_APP0153_FIRST_INTERVIEW_TECHNICAL_ASSESSMENT_M1_SKILL_07"",""OB_FIRST_PANEL_09_HIRING_MANAGER_EV_APP0153_FIRST_INTERVIEW_TECHNICAL_ASSESSMENT_M1_SKILL_07"",""OB_FIRST_PANEL_09_TECHNICAL_REVIEWER_EV_APP0153_FIRST_INTERVIEW_TECHNICAL_ASSESSMENT_M1_SKILL_07"",""OB_FIRST_PANEL_09_ML_ENGINEER_EV_APP0153_FIRST_INTERVIEW_AI_CASE_M1_SKILL_01"",""OB_FIRST_PANEL_09_HIRING_MANAGER_EV_APP0153_FIRST_INTERVIEW_AI_CASE_M1_SKILL_01"",""OB_FIRST_PANEL_09_TECHNICAL_REVIEWER_EV_APP0153_FIRST_INTERVIEW_AI_CASE_M1_SKILL_01"",""OB_FIRST_PANEL_09_ML_ENGINEER_EV_APP0153_FIRST_INTERVIEW_AI_CASE_M1_SKILL_03"",""OB_FIRST_PANEL_09_HIRING_MANAGER_EV_APP0153_FIRST_INTERVIEW_AI_CASE_M1_SKILL_03"",""OB_FIRST_PANEL_09_TECHNICAL_REVIEWER_EV_APP0153_FIRST_INTERVIEW_AI_CASE_M1_SKILL_03"",""OB_FIRST_PANEL_09_ML_ENGINEER_EV_APP0153_FIRST_INTERVIEW_PRACTITIONER_QA_M1_SKILL_04"",""OB_FIRST_PANEL_09_HIRING_MANAGER_EV_APP0153_FIRST_INTERVIEW_PRACTITIONER_QA_M1_SKILL_04"",""OB_FIRST_PANEL_09_TECHNICAL_REVIEWER_EV_APP0153_FIRST_INTERVIEW_PRACTITIONER_QA_M1_SKILL_04"",""OB_FIRST_PANEL_09_ML_ENGINEER_EV_APP0153_FIRST_INTERVIEW_PRACTITIONER_QA_M1_SKILL_05"",""OB_FIRST_PANEL_09_HIRING_MANAGER_EV_APP0153_FIRST_INTERVIEW_PRACTITIONER_QA_M1_SKILL_05"",""OB_FIRST_PANEL_09_TECHNICAL_REVIEWER_EV_APP0153_FIRST_INTERVIEW_PRACTITIONER_QA_M1_SKILL_05"",""OB_FIRST_PANEL_09_ML_ENGINEER_EV_APP0153_FIRST_INTERVIEW_PRACTITIONER_QA_M1_SKILL_06"",""OB_FIRST_PANEL_09_HIRING_MANAGER_EV_APP0153_FIRST_INTERVIEW_PRACTITIONER_QA_M1_SKILL_06"",""OB_FIRST_PANEL_09_TECHNICAL_REVIEWER_EV_APP0153_FIRST_INTERVIEW_PRACTITIONER_QA_M1_SKILL_06"",""OB_FIRST_PANEL_09_ML_ENGINEER_EV_APP0153_FIRST_INTERVIEW_PRACTITIONER_QA_M1_SKILL_08"",""OB_FIRST_PANEL_09_HIRING_MANAGER_EV_APP0153_FIRST_INTERVIEW_PRACTITIONER_QA_M1_SKILL_08"",""OB_FIRST_PANEL_09_TECHNICAL_REVIEWER_EV_APP0153_FIRST_INTERVIEW_PRACTITIONER_QA_M1_SKILL_08""],""operational_state"":""EVIDENCE_PENDING""}"
APP0155_FIRST_INTERVIEW,APP0155,C0155,FIRST_INTERVIEW,2026-12-02T16:21:00+09:00,2026-12-04T16:21:00+09:00,2026-12-17T09:00:00+09:00,2026-12-17T10:00:00+09:00,2026-12-19T10:00:00+09:00,2026-12-20T10:00:00+09:00,,ADVANCED,FIRST_EVIDENCE_REVIEWED,,SYNTHETIC_HUMAN_SCENARIO,"{""coverage"":{""M1_SKILL_01"":{""decisionable"":true,""observation_refs"":[""OB_FIRST_PANEL_10_ML_ENGINEER_EV_APP0155_FIRST_INTERVIEW_TECHNICAL_ASSESSMENT_M1_SKILL_01"",""OB_FIRST_PANEL_10_HIRING_MANAGER_EV_APP0155_FIRST_INTERVIEW_TECHNICAL_ASSESSMENT_M1_SKILL_01"",""OB_FIRST_PANEL_10_TECHNICAL_REVIEWER_EV_APP0155_FIRST_INTERVIEW_TECHNICAL_ASSESSMENT_M1_SKILL_01"",""OB_FIRST_PANEL_10_ML_ENGINEER_EV_APP0155_FIRST_INTERVIEW_AI_CASE_M1_SKILL_01"",""OB_FIRST_PANEL_10_HIRING_MANAGER_EV_APP0155_FIRST_INTERVIEW_AI_CASE_M1_SKILL_01"",""OB_FIRST_PANEL_10_TECHNICAL_REVIEWER_EV_APP0155_FIRST_INTERVIEW_AI_CASE_M1_SKILL_01""],""skill_decision_ref"":""DC_APP0155_M1_SKILL_01_000268"",""state"":""A""},""M1_SKILL_02"":{""decisionable"":true,""observation_refs"":[""OB_FIRST_PANEL_10_ML_ENGINEER_EV_APP0155_FIRST_INTERVIEW_TECHNICAL_ASSESSMENT_M1_SKILL_02"",""OB_FIRST_PANEL_10_HIRING_MANAGER_EV_APP0155_FIRST_INTERVIEW_TECHNICAL_ASSESSMENT_M1_SKILL_02"",""OB_FIRST_PANEL_10_TECHNICAL_REVIEWER_EV_APP0155_FIRST_INTERVIEW_TECHNICAL_ASSESSMENT_M1_SKILL_02""],""skill_decision_ref"":""DC_APP0155_M1_SKILL_02_000269"",""state"":""A""},""M1_SKILL_03"":{""decisionable"":true,""observation_refs"":[""OB_FIRST_PANEL_10_ML_ENGINEER_EV_APP0155_FIRST_INTERVIEW_AI_CASE_M1_SKILL_03"",""OB_FIRST_PANEL_10_HIRING_MANAGER_EV_APP0155_FIRST_INTERVIEW_AI_CASE_M1_SKILL_03"",""OB_FIRST_PANEL_10_TECHNICAL_REVIEWER_EV_APP0155_FIRST_INTERVIEW_AI_CASE_M1_SKILL_03""],""skill_decision_ref"":""DC_APP0155_M1_SKILL_03_000270"",""state"":""A""}},""criterion"":""CORE_DIRECT_COVERAGE"",""human_rationale"":""기술 핵심01/02/03의 직접 지지·명시적 제한·부족·미해결을 각각 검토. 점수/정원 없음."",""observation_refs"":[""OB_FIRST_PANEL_10_ML_ENGINEER_EV_APP0155_FIRST_INTERVIEW_TECHNICAL_ASSESSMENT_M1_SKILL_01"",""OB_FIRST_PANEL_10_HIRING_MANAGER_EV_APP0155_FIRST_INTERVIEW_TECHNICAL_ASSESSMENT_M1_SKILL_01"",""OB_FIRST_PANEL_10_TECHNICAL_REVIEWER_EV_APP0155_FIRST_INTERVIEW_TECHNICAL_ASSESSMENT_M1_SKILL_01"",""OB_FIRST_PANEL_10_ML_ENGINEER_EV_APP0155_FIRST_INTERVIEW_TECHNICAL_ASSESSMENT_M1_SKILL_02"",""OB_FIRST_PANEL_10_HIRING_MANAGER_EV_APP0155_FIRST_INTERVIEW_TECHNICAL_ASSESSMENT_M1_SKILL_02"",""OB_FIRST_PANEL_10_TECHNICAL_REVIEWER_EV_APP0155_FIRST_INTERVIEW_TECHNICAL_ASSESSMENT_M1_SKILL_02"",""OB_FIRST_PANEL_10_ML_ENGINEER_EV_APP0155_FIRST_INTERVIEW_TECHNICAL_ASSESSMENT_M1_SKILL_07"",""OB_FIRST_PANEL_10_HIRING_MANAGER_EV_APP0155_FIRST_INTERVIEW_TECHNICAL_ASSESSMENT_M1_SKILL_07"",""OB_FIRST_PANEL_10_TECHNICAL_REVIEWER_EV_APP0155_FIRST_INTERVIEW_TECHNICAL_ASSESSMENT_M1_SKILL_07"",""OB_FIRST_PANEL_10_ML_ENGINEER_EV_APP0155_FIRST_INTERVIEW_AI_CASE_M1_SKILL_01"",""OB_FIRST_PANEL_10_HIRING_MANAGER_EV_APP0155_FIRST_INTERVIEW_AI_CASE_M1_SKILL_01"",""OB_FIRST_PANEL_10_TECHNICAL_REVIEWER_EV_APP0155_FIRST_INTERVIEW_AI_CASE_M1_SKILL_01"",""OB_FIRST_PANEL_10_ML_ENGINEER_EV_APP0155_FIRST_INTERVIEW_AI_CASE_M1_SKILL_03"",""OB_FIRST_PANEL_10_HIRING_MANAGER_EV_APP0155_FIRST_INTERVIEW_AI_CASE_M1_SKILL_03"",""OB_FIRST_PANEL_10_TECHNICAL_REVIEWER_EV_APP0155_FIRST_INTERVIEW_AI_CASE_M1_SKILL_03"",""OB_FIRST_PANEL_10_ML_ENGINEER_EV_APP0155_FIRST_INTERVIEW_PRACTITIONER_QA_M1_SKILL_04"",""OB_FIRST_PANEL_10_HIRING_MANAGER_EV_APP0155_FIRST_INTERVIEW_PRACTITIONER_QA_M1_SKILL_04"",""OB_FIRST_PANEL_10_TECHNICAL_REVIEWER_EV_APP0155_FIRST_INTERVIEW_PRACTITIONER_QA_M1_SKILL_04"",""OB_FIRST_PANEL_10_ML_ENGINEER_EV_APP0155_FIRST_INTERVIEW_PRACTITIONER_QA_M1_SKILL_05"",""OB_FIRST_PANEL_10_HIRING_MANAGER_EV_APP0155_FIRST_INTERVIEW_PRACTITIONER_QA_M1_SKILL_05"",""OB_FIRST_PANEL_10_TECHNICAL_REVIEWER_EV_APP0155_FIRST_INTERVIEW_PRACTITIONER_QA_M1_SKILL_05"",""OB_FIRST_PANEL_10_ML_ENGINEER_EV_APP0155_FIRST_INTERVIEW_PRACTITIONER_QA_M1_SKILL_06"",""OB_FIRST_PANEL_10_HIRING_MANAGER_EV_APP0155_FIRST_INTERVIEW_PRACTITIONER_QA_M1_SKILL_06"",""OB_FIRST_PANEL_10_TECHNICAL_REVIEWER_EV_APP0155_FIRST_INTERVIEW_PRACTITIONER_QA_M1_SKILL_06"",""OB_FIRST_PANEL_10_ML_ENGINEER_EV_APP0155_FIRST_INTERVIEW_PRACTITIONER_QA_M1_SKILL_08"",""OB_FIRST_PANEL_10_HIRING_MANAGER_EV_APP0155_FIRST_INTERVIEW_PRACTITIONER_QA_M1_SKILL_08"",""OB_FIRST_PANEL_10_TECHNICAL_REVIEWER_EV_APP0155_FIRST_INTERVIEW_PRACTITIONER_QA_M1_SKILL_08""]}"
APP0163_FIRST_INTERVIEW,APP0163,C0163,FIRST_INTERVIEW,2026-12-02T16:21:00+09:00,2026-12-04T16:21:00+09:00,2026-12-21T09:00:00+09:00,2026-12-21T10:00:00+09:00,2026-12-23T10:15:00+09:00,2026-12-23T10:15:00+09:00,,IN_PROGRESS,EVIDENCE_PENDING,,SYNTHETIC_HUMAN_SCENARIO,"{""coverage"":{""M1_SKILL_01"":{""decisionable"":true,""observation_refs"":[""OB_FIRST_PANEL_01_ML_ENGINEER_EV_APP0163_FIRST_INTERVIEW_TECHNICAL_ASSESSMENT_M1_SKILL_01"",""OB_FIRST_PANEL_01_HIRING_MANAGER_EV_APP0163_FIRST_INTERVIEW_TECHNICAL_ASSESSMENT_M1_SKILL_01"",""OB_FIRST_PANEL_01_TECHNICAL_REVIEWER_EV_APP0163_FIRST_INTERVIEW_TECHNICAL_ASSESSMENT_M1_SKILL_01"",""OB_FIRST_PANEL_01_ML_ENGINEER_EV_APP0163_FIRST_INTERVIEW_AI_CASE_M1_SKILL_01"",""OB_FIRST_PANEL_01_HIRING_MANAGER_EV_APP0163_FIRST_INTERVIEW_AI_CASE_M1_SKILL_01"",""OB_FIRST_PANEL_01_TECHNICAL_REVIEWER_EV_APP0163_FIRST_INTERVIEW_AI_CASE_M1_SKILL_01""],""skill_decision_ref"":""DC_APP0163_M1_SKILL_01_000276"",""state"":""A""},""M1_SKILL_02"":{""decisionable"":false,""observation_refs"":[""OB_FIRST_PANEL_01_ML_ENGINEER_EV_APP0163_FIRST_INTERVIEW_TECHNICAL_ASSESSMENT_M1_SKILL_02"",""OB_FIRST_PANEL_01_HIRING_MANAGER_EV_APP0163_FIRST_INTERVIEW_TECHNICAL_ASSESSMENT_M1_SKILL_02"",""OB_FIRST_PANEL_01_TECHNICAL_REVIEWER_EV_APP0163_FIRST_INTERVIEW_TECHNICAL_ASSESSMENT_M1_SKILL_02""],""skill_decision_ref"":""DC_APP0163_M1_SKILL_02_000277"",""state"":""D""},""M1_SKILL_03"":{""decisionable"":true,""observation_refs"":[""OB_FIRST_PANEL_01_ML_ENGINEER_EV_APP0163_FIRST_INTERVIEW_AI_CASE_M1_SKILL_03"",""OB_FIRST_PANEL_01_HIRING_MANAGER_EV_APP0163_FIRST_INTERVIEW_AI_CASE_M1_SKILL_03"",""OB_FIRST_PANEL_01_TECHNICAL_REVIEWER_EV_APP0163_FIRST_INTERVIEW_AI_CASE_M1_SKILL_03""],""skill_decision_ref"":""DC_APP0163_M1_SKILL_03_000278"",""state"":""A""}},""criterion"":""CORE_DIRECT_COVERAGE"",""human_rationale"":""기술 핵심01/02/03의 직접 지지·명시적 제한·부족·미해결을 각각 검토. 점수/정원 없음."",""observation_refs"":[""OB_FIRST_PANEL_01_ML_ENGINEER_EV_APP0163_FIRST_INTERVIEW_TECHNICAL_ASSESSMENT_M1_SKILL_01"",""OB_FIRST_PANEL_01_HIRING_MANAGER_EV_APP0163_FIRST_INTERVIEW_TECHNICAL_ASSESSMENT_M1_SKILL_01"",""OB_FIRST_PANEL_01_TECHNICAL_REVIEWER_EV_APP0163_FIRST_INTERVIEW_TECHNICAL_ASSESSMENT_M1_SKILL_01"",""OB_FIRST_PANEL_01_ML_ENGINEER_EV_APP0163_FIRST_INTERVIEW_TECHNICAL_ASSESSMENT_M1_SKILL_02"",""OB_FIRST_PANEL_01_HIRING_MANAGER_EV_APP0163_FIRST_INTERVIEW_TECHNICAL_ASSESSMENT_M1_SKILL_02"",""OB_FIRST_PANEL_01_TECHNICAL_REVIEWER_EV_APP0163_FIRST_INTERVIEW_TECHNICAL_ASSESSMENT_M1_SKILL_02"",""OB_FIRST_PANEL_01_ML_ENGINEER_EV_APP0163_FIRST_INTERVIEW_TECHNICAL_ASSESSMENT_M1_SKILL_07"",""OB_FIRST_PANEL_01_HIRING_MANAGER_EV_APP0163_FIRST_INTERVIEW_TECHNICAL_ASSESSMENT_M1_SKILL_07"",""OB_FIRST_PANEL_01_TECHNICAL_REVIEWER_EV_APP0163_FIRST_INTERVIEW_TECHNICAL_ASSESSMENT_M1_SKILL_07"",""OB_FIRST_PANEL_01_ML_ENGINEER_EV_APP0163_FIRST_INTERVIEW_AI_CASE_M1_SKILL_01"",""OB_FIRST_PANEL_01_HIRING_MANAGER_EV_APP0163_FIRST_INTERVIEW_AI_CASE_M1_SKILL_01"",""OB_FIRST_PANEL_01_TECHNICAL_REVIEWER_EV_APP0163_FIRST_INTERVIEW_AI_CASE_M1_SKILL_01"",""OB_FIRST_PANEL_01_ML_ENGINEER_EV_APP0163_FIRST_INTERVIEW_AI_CASE_M1_SKILL_03"",""OB_FIRST_PANEL_01_HIRING_MANAGER_EV_APP0163_FIRST_INTERVIEW_AI_CASE_M1_SKILL_03"",""OB_FIRST_PANEL_01_TECHNICAL_REVIEWER_EV_APP0163_FIRST_INTERVIEW_AI_CASE_M1_SKILL_03"",""OB_FIRST_PANEL_01_ML_ENGINEER_EV_APP0163_FIRST_INTERVIEW_PRACTITIONER_QA_M1_SKILL_04"",""OB_FIRST_PANEL_01_HIRING_MANAGER_EV_APP0163_FIRST_INTERVIEW_PRACTITIONER_QA_M1_SKILL_04"",""OB_FIRST_PANEL_01_TECHNICAL_REVIEWER_EV_APP0163_FIRST_INTERVIEW_PRACTITIONER_QA_M1_SKILL_04"",""OB_FIRST_PANEL_01_ML_ENGINEER_EV_APP0163_FIRST_INTERVIEW_PRACTITIONER_QA_M1_SKILL_05"",""OB_FIRST_PANEL_01_HIRING_MANAGER_EV_APP0163_FIRST_INTERVIEW_PRACTITIONER_QA_M1_SKILL_05"",""OB_FIRST_PANEL_01_TECHNICAL_REVIEWER_EV_APP0163_FIRST_INTERVIEW_PRACTITIONER_QA_M1_SKILL_05"",""OB_FIRST_PANEL_01_ML_ENGINEER_EV_APP0163_FIRST_INTERVIEW_PRACTITIONER_QA_M1_SKILL_06"",""OB_FIRST_PANEL_01_HIRING_MANAGER_EV_APP0163_FIRST_INTERVIEW_PRACTITIONER_QA_M1_SKILL_06"",""OB_FIRST_PANEL_01_TECHNICAL_REVIEWER_EV_APP0163_FIRST_INTERVIEW_PRACTITIONER_QA_M1_SKILL_06"",""OB_FIRST_PANEL_01_ML_ENGINEER_EV_APP0163_FIRST_INTERVIEW_PRACTITIONER_QA_M1_SKILL_08"",""OB_FIRST_PANEL_01_HIRING_MANAGER_EV_APP0163_FIRST_INTERVIEW_PRACTITIONER_QA_M1_SKILL_08"",""OB_FIRST_PANEL_01_TECHNICAL_REVIEWER_EV_APP0163_FIRST_INTERVIEW_PRACTITIONER_QA_M1_SKILL_08""],""operational_state"":""EVIDENCE_PENDING""}"
APP0167_FIRST_INTERVIEW,APP0167,C0167,FIRST_INTERVIEW,2026-12-02T16:21:00+09:00,2026-12-04T16:21:00+09:00,2026-12-21T09:00:00+09:00,2026-12-21T10:00:00+09:00,2026-12-26T10:15:00+09:00,2026-12-28T10:15:00+09:00,,IN_PROGRESS,EVIDENCE_PENDING,,SYNTHETIC_HUMAN_SCENARIO,"{""coverage"":{""M1_SKILL_01"":{""decisionable"":true,""observation_refs"":[""OB_FIRST_PANEL_02_ML_ENGINEER_EV_APP0167_FIRST_INTERVIEW_TECHNICAL_ASSESSMENT_M1_SKILL_01"",""OB_FIRST_PANEL_02_HIRING_MANAGER_EV_APP0167_FIRST_INTERVIEW_TECHNICAL_ASSESSMENT_M1_SKILL_01"",""OB_FIRST_PANEL_02_TECHNICAL_REVIEWER_EV_APP0167_FIRST_INTERVIEW_TECHNICAL_ASSESSMENT_M1_SKILL_01"",""OB_FIRST_PANEL_02_ML_ENGINEER_EV_APP0167_FIRST_INTERVIEW_AI_CASE_M1_SKILL_01"",""OB_FIRST_PANEL_02_HIRING_MANAGER_EV_APP0167_FIRST_INTERVIEW_AI_CASE_M1_SKILL_01"",""OB_FIRST_PANEL_02_TECHNICAL_REVIEWER_EV_APP0167_FIRST_INTERVIEW_AI_CASE_M1_SKILL_01""],""skill_decision_ref"":""DC_APP0167_M1_SKILL_01_000284"",""state"":""A""},""M1_SKILL_02"":{""decisionable"":false,""observation_refs"":[""OB_FIRST_PANEL_02_ML_ENGINEER_EV_APP0167_FIRST_INTERVIEW_TECHNICAL_ASSESSMENT_M1_SKILL_02"",""OB_FIRST_PANEL_02_HIRING_MANAGER_EV_APP0167_FIRST_INTERVIEW_TECHNICAL_ASSESSMENT_M1_SKILL_02"",""OB_FIRST_PANEL_02_TECHNICAL_REVIEWER_EV_APP0167_FIRST_INTERVIEW_TECHNICAL_ASSESSMENT_M1_SKILL_02""],""skill_decision_ref"":""DC_APP0167_M1_SKILL_02_000285"",""state"":""D""},""M1_SKILL_03"":{""decisionable"":true,""observation_refs"":[""OB_FIRST_PANEL_02_ML_ENGINEER_EV_APP0167_FIRST_INTERVIEW_AI_CASE_M1_SKILL_03"",""OB_FIRST_PANEL_02_HIRING_MANAGER_EV_APP0167_FIRST_INTERVIEW_AI_CASE_M1_SKILL_03"",""OB_FIRST_PANEL_02_TECHNICAL_REVIEWER_EV_APP0167_FIRST_INTERVIEW_AI_CASE_M1_SKILL_03""],""skill_decision_ref"":""DC_APP0167_M1_SKILL_03_000286"",""state"":""A""}},""criterion"":""CORE_DIRECT_COVERAGE"",""human_rationale"":""기술 핵심01/02/03의 직접 지지·명시적 제한·부족·미해결을 각각 검토. 점수/정원 없음."",""observation_refs"":[""OB_FIRST_PANEL_02_ML_ENGINEER_EV_APP0167_FIRST_INTERVIEW_TECHNICAL_ASSESSMENT_M1_SKILL_01"",""OB_FIRST_PANEL_02_HIRING_MANAGER_EV_APP0167_FIRST_INTERVIEW_TECHNICAL_ASSESSMENT_M1_SKILL_01"",""OB_FIRST_PANEL_02_TECHNICAL_REVIEWER_EV_APP0167_FIRST_INTERVIEW_TECHNICAL_ASSESSMENT_M1_SKILL_01"",""OB_FIRST_PANEL_02_ML_ENGINEER_EV_APP0167_FIRST_INTERVIEW_TECHNICAL_ASSESSMENT_M1_SKILL_02"",""OB_FIRST_PANEL_02_HIRING_MANAGER_EV_APP0167_FIRST_INTERVIEW_TECHNICAL_ASSESSMENT_M1_SKILL_02"",""OB_FIRST_PANEL_02_TECHNICAL_REVIEWER_EV_APP0167_FIRST_INTERVIEW_TECHNICAL_ASSESSMENT_M1_SKILL_02"",""OB_FIRST_PANEL_02_ML_ENGINEER_EV_APP0167_FIRST_INTERVIEW_TECHNICAL_ASSESSMENT_M1_SKILL_07"",""OB_FIRST_PANEL_02_HIRING_MANAGER_EV_APP0167_FIRST_INTERVIEW_TECHNICAL_ASSESSMENT_M1_SKILL_07"",""OB_FIRST_PANEL_02_TECHNICAL_REVIEWER_EV_APP0167_FIRST_INTERVIEW_TECHNICAL_ASSESSMENT_M1_SKILL_07"",""OB_FIRST_PANEL_02_ML_ENGINEER_EV_APP0167_FIRST_INTERVIEW_AI_CASE_M1_SKILL_01"",""OB_FIRST_PANEL_02_HIRING_MANAGER_EV_APP0167_FIRST_INTERVIEW_AI_CASE_M1_SKILL_01"",""OB_FIRST_PANEL_02_TECHNICAL_REVIEWER_EV_APP0167_FIRST_INTERVIEW_AI_CASE_M1_SKILL_01"",""OB_FIRST_PANEL_02_ML_ENGINEER_EV_APP0167_FIRST_INTERVIEW_AI_CASE_M1_SKILL_03"",""OB_FIRST_PANEL_02_HIRING_MANAGER_EV_APP0167_FIRST_INTERVIEW_AI_CASE_M1_SKILL_03"",""OB_FIRST_PANEL_02_TECHNICAL_REVIEWER_EV_APP0167_FIRST_INTERVIEW_AI_CASE_M1_SKILL_03"",""OB_FIRST_PANEL_02_ML_ENGINEER_EV_APP0167_FIRST_INTERVIEW_PRACTITIONER_QA_M1_SKILL_04"",""OB_FIRST_PANEL_02_HIRING_MANAGER_EV_APP0167_FIRST_INTERVIEW_PRACTITIONER_QA_M1_SKILL_04"",""OB_FIRST_PANEL_02_TECHNICAL_REVIEWER_EV_APP0167_FIRST_INTERVIEW_PRACTITIONER_QA_M1_SKILL_04"",""OB_FIRST_PANEL_02_ML_ENGINEER_EV_APP0167_FIRST_INTERVIEW_PRACTITIONER_QA_M1_SKILL_05"",""OB_FIRST_PANEL_02_HIRING_MANAGER_EV_APP0167_FIRST_INTERVIEW_PRACTITIONER_QA_M1_SKILL_05"",""OB_FIRST_PANEL_02_TECHNICAL_REVIEWER_EV_APP0167_FIRST_INTERVIEW_PRACTITIONER_QA_M1_SKILL_05"",""OB_FIRST_PANEL_02_ML_ENGINEER_EV_APP0167_FIRST_INTERVIEW_PRACTITIONER_QA_M1_SKILL_06"",""OB_FIRST_PANEL_02_HIRING_MANAGER_EV_APP0167_FIRST_INTERVIEW_PRACTITIONER_QA_M1_SKILL_06"",""OB_FIRST_PANEL_02_TECHNICAL_REVIEWER_EV_APP0167_FIRST_INTERVIEW_PRACTITIONER_QA_M1_SKILL_06"",""OB_FIRST_PANEL_02_ML_ENGINEER_EV_APP0167_FIRST_INTERVIEW_PRACTITIONER_QA_M1_SKILL_08"",""OB_FIRST_PANEL_02_HIRING_MANAGER_EV_APP0167_FIRST_INTERVIEW_PRACTITIONER_QA_M1_SKILL_08"",""OB_FIRST_PANEL_02_TECHNICAL_REVIEWER_EV_APP0167_FIRST_INTERVIEW_PRACTITIONER_QA_M1_SKILL_08""],""operational_state"":""EVIDENCE_PENDING""}"
APP0170_FIRST_INTERVIEW,APP0170,C0170,FIRST_INTERVIEW,2026-12-02T16:21:00+09:00,2026-12-04T16:21:00+09:00,2026-12-21T09:00:00+09:00,2026-12-21T10:00:00+09:00,2026-12-26T10:15:00+09:00,2026-12-26T10:15:00+09:00,,IN_PROGRESS,EVIDENCE_PENDING,,SYNTHETIC_HUMAN_SCENARIO,"{""coverage"":{""M1_SKILL_01"":{""decisionable"":true,""observation_refs"":[""OB_FIRST_PANEL_03_ML_ENGINEER_EV_APP0170_FIRST_INTERVIEW_TECHNICAL_ASSESSMENT_M1_SKILL_01"",""OB_FIRST_PANEL_03_HIRING_MANAGER_EV_APP0170_FIRST_INTERVIEW_TECHNICAL_ASSESSMENT_M1_SKILL_01"",""OB_FIRST_PANEL_03_TECHNICAL_REVIEWER_EV_APP0170_FIRST_INTERVIEW_TECHNICAL_ASSESSMENT_M1_SKILL_01"",""OB_FIRST_PANEL_03_ML_ENGINEER_EV_APP0170_FIRST_INTERVIEW_AI_CASE_M1_SKILL_01"",""OB_FIRST_PANEL_03_HIRING_MANAGER_EV_APP0170_FIRST_INTERVIEW_AI_CASE_M1_SKILL_01"",""OB_FIRST_PANEL_03_TECHNICAL_REVIEWER_EV_APP0170_FIRST_INTERVIEW_AI_CASE_M1_SKILL_01""],""skill_decision_ref"":""DC_APP0170_M1_SKILL_01_000292"",""state"":""A""},""M1_SKILL_02"":{""decisionable"":false,""observation_refs"":[""OB_FIRST_PANEL_03_ML_ENGINEER_EV_APP0170_FIRST_INTERVIEW_TECHNICAL_ASSESSMENT_M1_SKILL_02"",""OB_FIRST_PANEL_03_HIRING_MANAGER_EV_APP0170_FIRST_INTERVIEW_TECHNICAL_ASSESSMENT_M1_SKILL_02"",""OB_FIRST_PANEL_03_TECHNICAL_REVIEWER_EV_APP0170_FIRST_INTERVIEW_TECHNICAL_ASSESSMENT_M1_SKILL_02""],""skill_decision_ref"":""DC_APP0170_M1_SKILL_02_000293"",""state"":""C""},""M1_SKILL_03"":{""decisionable"":true,""observation_refs"":[""OB_FIRST_PANEL_03_ML_ENGINEER_EV_APP0170_FIRST_INTERVIEW_AI_CASE_M1_SKILL_03"",""OB_FIRST_PANEL_03_HIRING_MANAGER_EV_APP0170_FIRST_INTERVIEW_AI_CASE_M1_SKILL_03"",""OB_FIRST_PANEL_03_TECHNICAL_REVIEWER_EV_APP0170_FIRST_INTERVIEW_AI_CASE_M1_SKILL_03""],""skill_decision_ref"":""DC_APP0170_M1_SKILL_03_000294"",""state"":""A""}},""criterion"":""CORE_DIRECT_COVERAGE"",""human_rationale"":""기술 핵심01/02/03의 직접 지지·명시적 제한·부족·미해결을 각각 검토. 점수/정원 없음."",""observation_refs"":[""OB_FIRST_PANEL_03_ML_ENGINEER_EV_APP0170_FIRST_INTERVIEW_TECHNICAL_ASSESSMENT_M1_SKILL_01"",""OB_FIRST_PANEL_03_HIRING_MANAGER_EV_APP0170_FIRST_INTERVIEW_TECHNICAL_ASSESSMENT_M1_SKILL_01"",""OB_FIRST_PANEL_03_TECHNICAL_REVIEWER_EV_APP0170_FIRST_INTERVIEW_TECHNICAL_ASSESSMENT_M1_SKILL_01"",""OB_FIRST_PANEL_03_ML_ENGINEER_EV_APP0170_FIRST_INTERVIEW_TECHNICAL_ASSESSMENT_M1_SKILL_02"",""OB_FIRST_PANEL_03_HIRING_MANAGER_EV_APP0170_FIRST_INTERVIEW_TECHNICAL_ASSESSMENT_M1_SKILL_02"",""OB_FIRST_PANEL_03_TECHNICAL_REVIEWER_EV_APP0170_FIRST_INTERVIEW_TECHNICAL_ASSESSMENT_M1_SKILL_02"",""OB_FIRST_PANEL_03_ML_ENGINEER_EV_APP0170_FIRST_INTERVIEW_TECHNICAL_ASSESSMENT_M1_SKILL_07"",""OB_FIRST_PANEL_03_HIRING_MANAGER_EV_APP0170_FIRST_INTERVIEW_TECHNICAL_ASSESSMENT_M1_SKILL_07"",""OB_FIRST_PANEL_03_TECHNICAL_REVIEWER_EV_APP0170_FIRST_INTERVIEW_TECHNICAL_ASSESSMENT_M1_SKILL_07"",""OB_FIRST_PANEL_03_ML_ENGINEER_EV_APP0170_FIRST_INTERVIEW_AI_CASE_M1_SKILL_01"",""OB_FIRST_PANEL_03_HIRING_MANAGER_EV_APP0170_FIRST_INTERVIEW_AI_CASE_M1_SKILL_01"",""OB_FIRST_PANEL_03_TECHNICAL_REVIEWER_EV_APP0170_FIRST_INTERVIEW_AI_CASE_M1_SKILL_01"",""OB_FIRST_PANEL_03_ML_ENGINEER_EV_APP0170_FIRST_INTERVIEW_AI_CASE_M1_SKILL_03"",""OB_FIRST_PANEL_03_HIRING_MANAGER_EV_APP0170_FIRST_INTERVIEW_AI_CASE_M1_SKILL_03"",""OB_FIRST_PANEL_03_TECHNICAL_REVIEWER_EV_APP0170_FIRST_INTERVIEW_AI_CASE_M1_SKILL_03"",""OB_FIRST_PANEL_03_ML_ENGINEER_EV_APP0170_FIRST_INTERVIEW_PRACTITIONER_QA_M1_SKILL_04"",""OB_FIRST_PANEL_03_HIRING_MANAGER_EV_APP0170_FIRST_INTERVIEW_PRACTITIONER_QA_M1_SKILL_04"",""OB_FIRST_PANEL_03_TECHNICAL_REVIEWER_EV_APP0170_FIRST_INTERVIEW_PRACTITIONER_QA_M1_SKILL_04"",""OB_FIRST_PANEL_03_ML_ENGINEER_EV_APP0170_FIRST_INTERVIEW_PRACTITIONER_QA_M1_SKILL_05"",""OB_FIRST_PANEL_03_HIRING_MANAGER_EV_APP0170_FIRST_INTERVIEW_PRACTITIONER_QA_M1_SKILL_05"",""OB_FIRST_PANEL_03_TECHNICAL_REVIEWER_EV_APP0170_FIRST_INTERVIEW_PRACTITIONER_QA_M1_SKILL_05"",""OB_FIRST_PANEL_03_ML_ENGINEER_EV_APP0170_FIRST_INTERVIEW_PRACTITIONER_QA_M1_SKILL_06"",""OB_FIRST_PANEL_03_HIRING_MANAGER_EV_APP0170_FIRST_INTERVIEW_PRACTITIONER_QA_M1_SKILL_06"",""OB_FIRST_PANEL_03_TECHNICAL_REVIEWER_EV_APP0170_FIRST_INTERVIEW_PRACTITIONER_QA_M1_SKILL_06"",""OB_FIRST_PANEL_03_ML_ENGINEER_EV_APP0170_FIRST_INTERVIEW_PRACTITIONER_QA_M1_SKILL_08"",""OB_FIRST_PANEL_03_HIRING_MANAGER_EV_APP0170_FIRST_INTERVIEW_PRACTITIONER_QA_M1_SKILL_08"",""OB_FIRST_PANEL_03_TECHNICAL_REVIEWER_EV_APP0170_FIRST_INTERVIEW_PRACTITIONER_QA_M1_SKILL_08""],""operational_state"":""EVIDENCE_PENDING""}"
APP0181_FIRST_INTERVIEW,APP0181,C0181,FIRST_INTERVIEW,2026-12-02T16:21:00+09:00,2026-12-04T16:21:00+09:00,2026-12-21T09:00:00+09:00,2026-12-21T10:00:00+09:00,2026-12-24T10:15:00+09:00,2026-12-24T10:15:00+09:00,,ADVANCED,FIRST_EVIDENCE_REVIEWED,,SYNTHETIC_HUMAN_SCENARIO,"{""coverage"":{""M1_SKILL_01"":{""decisionable"":true,""observation_refs"":[""OB_FIRST_PANEL_04_ML_ENGINEER_EV_APP0181_FIRST_INTERVIEW_TECHNICAL_ASSESSMENT_M1_SKILL_01"",""OB_FIRST_PANEL_04_HIRING_MANAGER_EV_APP0181_FIRST_INTERVIEW_TECHNICAL_ASSESSMENT_M1_SKILL_01"",""OB_FIRST_PANEL_04_TECHNICAL_REVIEWER_EV_APP0181_FIRST_INTERVIEW_TECHNICAL_ASSESSMENT_M1_SKILL_01"",""OB_FIRST_PANEL_04_ML_ENGINEER_EV_APP0181_FIRST_INTERVIEW_AI_CASE_M1_SKILL_01"",""OB_FIRST_PANEL_04_HIRING_MANAGER_EV_APP0181_FIRST_INTERVIEW_AI_CASE_M1_SKILL_01"",""OB_FIRST_PANEL_04_TECHNICAL_REVIEWER_EV_APP0181_FIRST_INTERVIEW_AI_CASE_M1_SKILL_01""],""skill_decision_ref"":""DC_APP0181_M1_SKILL_01_000300"",""state"":""A""},""M1_SKILL_02"":{""decisionable"":true,""observation_refs"":[""OB_FIRST_PANEL_04_ML_ENGINEER_EV_APP0181_FIRST_INTERVIEW_TECHNICAL_ASSESSMENT_M1_SKILL_02"",""OB_FIRST_PANEL_04_HIRING_MANAGER_EV_APP0181_FIRST_INTERVIEW_TECHNICAL_ASSESSMENT_M1_SKILL_02"",""OB_FIRST_PANEL_04_TECHNICAL_REVIEWER_EV_APP0181_FIRST_INTERVIEW_TECHNICAL_ASSESSMENT_M1_SKILL_02""],""skill_decision_ref"":""DC_APP0181_M1_SKILL_02_000301"",""state"":""A""},""M1_SKILL_03"":{""decisionable"":true,""observation_refs"":[""OB_FIRST_PANEL_04_ML_ENGINEER_EV_APP0181_FIRST_INTERVIEW_AI_CASE_M1_SKILL_03"",""OB_FIRST_PANEL_04_HIRING_MANAGER_EV_APP0181_FIRST_INTERVIEW_AI_CASE_M1_SKILL_03"",""OB_FIRST_PANEL_04_TECHNICAL_REVIEWER_EV_APP0181_FIRST_INTERVIEW_AI_CASE_M1_SKILL_03""],""skill_decision_ref"":""DC_APP0181_M1_SKILL_03_000302"",""state"":""A""}},""criterion"":""CORE_DIRECT_COVERAGE"",""human_rationale"":""기술 핵심01/02/03의 직접 지지·명시적 제한·부족·미해결을 각각 검토. 점수/정원 없음."",""observation_refs"":[""OB_FIRST_PANEL_04_ML_ENGINEER_EV_APP0181_FIRST_INTERVIEW_TECHNICAL_ASSESSMENT_M1_SKILL_01"",""OB_FIRST_PANEL_04_HIRING_MANAGER_EV_APP0181_FIRST_INTERVIEW_TECHNICAL_ASSESSMENT_M1_SKILL_01"",""OB_FIRST_PANEL_04_TECHNICAL_REVIEWER_EV_APP0181_FIRST_INTERVIEW_TECHNICAL_ASSESSMENT_M1_SKILL_01"",""OB_FIRST_PANEL_04_ML_ENGINEER_EV_APP0181_FIRST_INTERVIEW_TECHNICAL_ASSESSMENT_M1_SKILL_02"",""OB_FIRST_PANEL_04_HIRING_MANAGER_EV_APP0181_FIRST_INTERVIEW_TECHNICAL_ASSESSMENT_M1_SKILL_02"",""OB_FIRST_PANEL_04_TECHNICAL_REVIEWER_EV_APP0181_FIRST_INTERVIEW_TECHNICAL_ASSESSMENT_M1_SKILL_02"",""OB_FIRST_PANEL_04_ML_ENGINEER_EV_APP0181_FIRST_INTERVIEW_TECHNICAL_ASSESSMENT_M1_SKILL_07"",""OB_FIRST_PANEL_04_HIRING_MANAGER_EV_APP0181_FIRST_INTERVIEW_TECHNICAL_ASSESSMENT_M1_SKILL_07"",""OB_FIRST_PANEL_04_TECHNICAL_REVIEWER_EV_APP0181_FIRST_INTERVIEW_TECHNICAL_ASSESSMENT_M1_SKILL_07"",""OB_FIRST_PANEL_04_ML_ENGINEER_EV_APP0181_FIRST_INTERVIEW_AI_CASE_M1_SKILL_01"",""OB_FIRST_PANEL_04_HIRING_MANAGER_EV_APP0181_FIRST_INTERVIEW_AI_CASE_M1_SKILL_01"",""OB_FIRST_PANEL_04_TECHNICAL_REVIEWER_EV_APP0181_FIRST_INTERVIEW_AI_CASE_M1_SKILL_01"",""OB_FIRST_PANEL_04_ML_ENGINEER_EV_APP0181_FIRST_INTERVIEW_AI_CASE_M1_SKILL_03"",""OB_FIRST_PANEL_04_HIRING_MANAGER_EV_APP0181_FIRST_INTERVIEW_AI_CASE_M1_SKILL_03"",""OB_FIRST_PANEL_04_TECHNICAL_REVIEWER_EV_APP0181_FIRST_INTERVIEW_AI_CASE_M1_SKILL_03"",""OB_FIRST_PANEL_04_ML_ENGINEER_EV_APP0181_FIRST_INTERVIEW_PRACTITIONER_QA_M1_SKILL_04"",""OB_FIRST_PANEL_04_HIRING_MANAGER_EV_APP0181_FIRST_INTERVIEW_PRACTITIONER_QA_M1_SKILL_04"",""OB_FIRST_PANEL_04_TECHNICAL_REVIEWER_EV_APP0181_FIRST_INTERVIEW_PRACTITIONER_QA_M1_SKILL_04"",""OB_FIRST_PANEL_04_ML_ENGINEER_EV_APP0181_FIRST_INTERVIEW_PRACTITIONER_QA_M1_SKILL_05"",""OB_FIRST_PANEL_04_HIRING_MANAGER_EV_APP0181_FIRST_INTERVIEW_PRACTITIONER_QA_M1_SKILL_05"",""OB_FIRST_PANEL_04_TECHNICAL_REVIEWER_EV_APP0181_FIRST_INTERVIEW_PRACTITIONER_QA_M1_SKILL_05"",""OB_FIRST_PANEL_04_ML_ENGINEER_EV_APP0181_FIRST_INTERVIEW_PRACTITIONER_QA_M1_SKILL_06"",""OB_FIRST_PANEL_04_HIRING_MANAGER_EV_APP0181_FIRST_INTERVIEW_PRACTITIONER_QA_M1_SKILL_06"",""OB_FIRST_PANEL_04_TECHNICAL_REVIEWER_EV_APP0181_FIRST_INTERVIEW_PRACTITIONER_QA_M1_SKILL_06"",""OB_FIRST_PANEL_04_ML_ENGINEER_EV_APP0181_FIRST_INTERVIEW_PRACTITIONER_QA_M1_SKILL_08"",""OB_FIRST_PANEL_04_HIRING_MANAGER_EV_APP0181_FIRST_INTERVIEW_PRACTITIONER_QA_M1_SKILL_08"",""OB_FIRST_PANEL_04_TECHNICAL_REVIEWER_EV_APP0181_FIRST_INTERVIEW_PRACTITIONER_QA_M1_SKILL_08""]}"
APP0189_FIRST_INTERVIEW,APP0189,C0189,FIRST_INTERVIEW,2026-12-02T16:21:00+09:00,2026-12-04T16:21:00+09:00,2026-12-21T09:00:00+09:00,2026-12-21T10:00:00+09:00,2026-12-26T10:15:00+09:00,2026-12-27T10:15:00+09:00,,IN_PROGRESS,EVIDENCE_PENDING,,SYNTHETIC_HUMAN_SCENARIO,"{""coverage"":{""M1_SKILL_01"":{""decisionable"":true,""observation_refs"":[""OB_FIRST_PANEL_05_ML_ENGINEER_EV_APP0189_FIRST_INTERVIEW_TECHNICAL_ASSESSMENT_M1_SKILL_01"",""OB_FIRST_PANEL_05_HIRING_MANAGER_EV_APP0189_FIRST_INTERVIEW_TECHNICAL_ASSESSMENT_M1_SKILL_01"",""OB_FIRST_PANEL_05_TECHNICAL_REVIEWER_EV_APP0189_FIRST_INTERVIEW_TECHNICAL_ASSESSMENT_M1_SKILL_01"",""OB_FIRST_PANEL_05_ML_ENGINEER_EV_APP0189_FIRST_INTERVIEW_AI_CASE_M1_SKILL_01"",""OB_FIRST_PANEL_05_HIRING_MANAGER_EV_APP0189_FIRST_INTERVIEW_AI_CASE_M1_SKILL_01"",""OB_FIRST_PANEL_05_TECHNICAL_REVIEWER_EV_APP0189_FIRST_INTERVIEW_AI_CASE_M1_SKILL_01""],""skill_decision_ref"":""DC_APP0189_M1_SKILL_01_000308"",""state"":""A""},""M1_SKILL_02"":{""decisionable"":false,""observation_refs"":[""OB_FIRST_PANEL_05_ML_ENGINEER_EV_APP0189_FIRST_INTERVIEW_TECHNICAL_ASSESSMENT_M1_SKILL_02"",""OB_FIRST_PANEL_05_HIRING_MANAGER_EV_APP0189_FIRST_INTERVIEW_TECHNICAL_ASSESSMENT_M1_SKILL_02"",""OB_FIRST_PANEL_05_TECHNICAL_REVIEWER_EV_APP0189_FIRST_INTERVIEW_TECHNICAL_ASSESSMENT_M1_SKILL_02""],""skill_decision_ref"":""DC_APP0189_M1_SKILL_02_000309"",""state"":""D""},""M1_SKILL_03"":{""decisionable"":true,""observation_refs"":[""OB_FIRST_PANEL_05_ML_ENGINEER_EV_APP0189_FIRST_INTERVIEW_AI_CASE_M1_SKILL_03"",""OB_FIRST_PANEL_05_HIRING_MANAGER_EV_APP0189_FIRST_INTERVIEW_AI_CASE_M1_SKILL_03"",""OB_FIRST_PANEL_05_TECHNICAL_REVIEWER_EV_APP0189_FIRST_INTERVIEW_AI_CASE_M1_SKILL_03""],""skill_decision_ref"":""DC_APP0189_M1_SKILL_03_000310"",""state"":""A""}},""criterion"":""CORE_DIRECT_COVERAGE"",""human_rationale"":""기술 핵심01/02/03의 직접 지지·명시적 제한·부족·미해결을 각각 검토. 점수/정원 없음."",""observation_refs"":[""OB_FIRST_PANEL_05_ML_ENGINEER_EV_APP0189_FIRST_INTERVIEW_TECHNICAL_ASSESSMENT_M1_SKILL_01"",""OB_FIRST_PANEL_05_HIRING_MANAGER_EV_APP0189_FIRST_INTERVIEW_TECHNICAL_ASSESSMENT_M1_SKILL_01"",""OB_FIRST_PANEL_05_TECHNICAL_REVIEWER_EV_APP0189_FIRST_INTERVIEW_TECHNICAL_ASSESSMENT_M1_SKILL_01"",""OB_FIRST_PANEL_05_ML_ENGINEER_EV_APP0189_FIRST_INTERVIEW_TECHNICAL_ASSESSMENT_M1_SKILL_02"",""OB_FIRST_PANEL_05_HIRING_MANAGER_EV_APP0189_FIRST_INTERVIEW_TECHNICAL_ASSESSMENT_M1_SKILL_02"",""OB_FIRST_PANEL_05_TECHNICAL_REVIEWER_EV_APP0189_FIRST_INTERVIEW_TECHNICAL_ASSESSMENT_M1_SKILL_02"",""OB_FIRST_PANEL_05_ML_ENGINEER_EV_APP0189_FIRST_INTERVIEW_TECHNICAL_ASSESSMENT_M1_SKILL_07"",""OB_FIRST_PANEL_05_HIRING_MANAGER_EV_APP0189_FIRST_INTERVIEW_TECHNICAL_ASSESSMENT_M1_SKILL_07"",""OB_FIRST_PANEL_05_TECHNICAL_REVIEWER_EV_APP0189_FIRST_INTERVIEW_TECHNICAL_ASSESSMENT_M1_SKILL_07"",""OB_FIRST_PANEL_05_ML_ENGINEER_EV_APP0189_FIRST_INTERVIEW_AI_CASE_M1_SKILL_01"",""OB_FIRST_PANEL_05_HIRING_MANAGER_EV_APP0189_FIRST_INTERVIEW_AI_CASE_M1_SKILL_01"",""OB_FIRST_PANEL_05_TECHNICAL_REVIEWER_EV_APP0189_FIRST_INTERVIEW_AI_CASE_M1_SKILL_01"",""OB_FIRST_PANEL_05_ML_ENGINEER_EV_APP0189_FIRST_INTERVIEW_AI_CASE_M1_SKILL_03"",""OB_FIRST_PANEL_05_HIRING_MANAGER_EV_APP0189_FIRST_INTERVIEW_AI_CASE_M1_SKILL_03"",""OB_FIRST_PANEL_05_TECHNICAL_REVIEWER_EV_APP0189_FIRST_INTERVIEW_AI_CASE_M1_SKILL_03"",""OB_FIRST_PANEL_05_ML_ENGINEER_EV_APP0189_FIRST_INTERVIEW_PRACTITIONER_QA_M1_SKILL_04"",""OB_FIRST_PANEL_05_HIRING_MANAGER_EV_APP0189_FIRST_INTERVIEW_PRACTITIONER_QA_M1_SKILL_04"",""OB_FIRST_PANEL_05_TECHNICAL_REVIEWER_EV_APP0189_FIRST_INTERVIEW_PRACTITIONER_QA_M1_SKILL_04"",""OB_FIRST_PANEL_05_ML_ENGINEER_EV_APP0189_FIRST_INTERVIEW_PRACTITIONER_QA_M1_SKILL_05"",""OB_FIRST_PANEL_05_HIRING_MANAGER_EV_APP0189_FIRST_INTERVIEW_PRACTITIONER_QA_M1_SKILL_05"",""OB_FIRST_PANEL_05_TECHNICAL_REVIEWER_EV_APP0189_FIRST_INTERVIEW_PRACTITIONER_QA_M1_SKILL_05"",""OB_FIRST_PANEL_05_ML_ENGINEER_EV_APP0189_FIRST_INTERVIEW_PRACTITIONER_QA_M1_SKILL_06"",""OB_FIRST_PANEL_05_HIRING_MANAGER_EV_APP0189_FIRST_INTERVIEW_PRACTITIONER_QA_M1_SKILL_06"",""OB_FIRST_PANEL_05_TECHNICAL_REVIEWER_EV_APP0189_FIRST_INTERVIEW_PRACTITIONER_QA_M1_SKILL_06"",""OB_FIRST_PANEL_05_ML_ENGINEER_EV_APP0189_FIRST_INTERVIEW_PRACTITIONER_QA_M1_SKILL_08"",""OB_FIRST_PANEL_05_HIRING_MANAGER_EV_APP0189_FIRST_INTERVIEW_PRACTITIONER_QA_M1_SKILL_08"",""OB_FIRST_PANEL_05_TECHNICAL_REVIEWER_EV_APP0189_FIRST_INTERVIEW_PRACTITIONER_QA_M1_SKILL_08""],""operational_state"":""EVIDENCE_PENDING""}"
APP0193_FIRST_INTERVIEW,APP0193,C0193,FIRST_INTERVIEW,2026-12-02T16:21:00+09:00,2026-12-04T16:21:00+09:00,2026-12-21T09:00:00+09:00,2026-12-21T10:00:00+09:00,2026-12-24T10:15:00+09:00,2026-12-24T10:15:00+09:00,,IN_PROGRESS,EVIDENCE_PENDING,,SYNTHETIC_HUMAN_SCENARIO,"{""coverage"":{""M1_SKILL_01"":{""decisionable"":false,""observation_refs"":[""OB_FIRST_PANEL_06_ML_ENGINEER_EV_APP0193_FIRST_INTERVIEW_TECHNICAL_ASSESSMENT_M1_SKILL_01"",""OB_FIRST_PANEL_06_HIRING_MANAGER_EV_APP0193_FIRST_INTERVIEW_TECHNICAL_ASSESSMENT_M1_SKILL_01"",""OB_FIRST_PANEL_06_TECHNICAL_REVIEWER_EV_APP0193_FIRST_INTERVIEW_TECHNICAL_ASSESSMENT_M1_SKILL_01"",""OB_FIRST_PANEL_06_ML_ENGINEER_EV_APP0193_FIRST_INTERVIEW_AI_CASE_M1_SKILL_01"",""OB_FIRST_PANEL_06_HIRING_MANAGER_EV_APP0193_FIRST_INTERVIEW_AI_CASE_M1_SKILL_01"",""OB_FIRST_PANEL_06_TECHNICAL_REVIEWER_EV_APP0193_FIRST_INTERVIEW_AI_CASE_M1_SKILL_01""],""skill_decision_ref"":""DC_APP0193_M1_SKILL_01_000316"",""state"":""D""},""M1_SKILL_02"":{""decisionable"":false,""observation_refs"":[""OB_FIRST_PANEL_06_ML_ENGINEER_EV_APP0193_FIRST_INTERVIEW_TECHNICAL_ASSESSMENT_M1_SKILL_02"",""OB_FIRST_PANEL_06_HIRING_MANAGER_EV_APP0193_FIRST_INTERVIEW_TECHNICAL_ASSESSMENT_M1_SKILL_02"",""OB_FIRST_PANEL_06_TECHNICAL_REVIEWER_EV_APP0193_FIRST_INTERVIEW_TECHNICAL_ASSESSMENT_M1_SKILL_02""],""skill_decision_ref"":""DC_APP0193_M1_SKILL_02_000317"",""state"":""C""},""M1_SKILL_03"":{""decisionable"":false,""observation_refs"":[""OB_FIRST_PANEL_06_ML_ENGINEER_EV_APP0193_FIRST_INTERVIEW_AI_CASE_M1_SKILL_03"",""OB_FIRST_PANEL_06_HIRING_MANAGER_EV_APP0193_FIRST_INTERVIEW_AI_CASE_M1_SKILL_03"",""OB_FIRST_PANEL_06_TECHNICAL_REVIEWER_EV_APP0193_FIRST_INTERVIEW_AI_CASE_M1_SKILL_03""],""skill_decision_ref"":""DC_APP0193_M1_SKILL_03_000318"",""state"":""D""}},""criterion"":""CORE_DIRECT_COVERAGE"",""human_rationale"":""기술 핵심01/02/03의 직접 지지·명시적 제한·부족·미해결을 각각 검토. 점수/정원 없음."",""observation_refs"":[""OB_FIRST_PANEL_06_ML_ENGINEER_EV_APP0193_FIRST_INTERVIEW_TECHNICAL_ASSESSMENT_M1_SKILL_01"",""OB_FIRST_PANEL_06_HIRING_MANAGER_EV_APP0193_FIRST_INTERVIEW_TECHNICAL_ASSESSMENT_M1_SKILL_01"",""OB_FIRST_PANEL_06_TECHNICAL_REVIEWER_EV_APP0193_FIRST_INTERVIEW_TECHNICAL_ASSESSMENT_M1_SKILL_01"",""OB_FIRST_PANEL_06_ML_ENGINEER_EV_APP0193_FIRST_INTERVIEW_TECHNICAL_ASSESSMENT_M1_SKILL_02"",""OB_FIRST_PANEL_06_HIRING_MANAGER_EV_APP0193_FIRST_INTERVIEW_TECHNICAL_ASSESSMENT_M1_SKILL_02"",""OB_FIRST_PANEL_06_TECHNICAL_REVIEWER_EV_APP0193_FIRST_INTERVIEW_TECHNICAL_ASSESSMENT_M1_SKILL_02"",""OB_FIRST_PANEL_06_ML_ENGINEER_EV_APP0193_FIRST_INTERVIEW_TECHNICAL_ASSESSMENT_M1_SKILL_07"",""OB_FIRST_PANEL_06_HIRING_MANAGER_EV_APP0193_FIRST_INTERVIEW_TECHNICAL_ASSESSMENT_M1_SKILL_07"",""OB_FIRST_PANEL_06_TECHNICAL_REVIEWER_EV_APP0193_FIRST_INTERVIEW_TECHNICAL_ASSESSMENT_M1_SKILL_07"",""OB_FIRST_PANEL_06_ML_ENGINEER_EV_APP0193_FIRST_INTERVIEW_AI_CASE_M1_SKILL_01"",""OB_FIRST_PANEL_06_HIRING_MANAGER_EV_APP0193_FIRST_INTERVIEW_AI_CASE_M1_SKILL_01"",""OB_FIRST_PANEL_06_TECHNICAL_REVIEWER_EV_APP0193_FIRST_INTERVIEW_AI_CASE_M1_SKILL_01"",""OB_FIRST_PANEL_06_ML_ENGINEER_EV_APP0193_FIRST_INTERVIEW_AI_CASE_M1_SKILL_03"",""OB_FIRST_PANEL_06_HIRING_MANAGER_EV_APP0193_FIRST_INTERVIEW_AI_CASE_M1_SKILL_03"",""OB_FIRST_PANEL_06_TECHNICAL_REVIEWER_EV_APP0193_FIRST_INTERVIEW_AI_CASE_M1_SKILL_03"",""OB_FIRST_PANEL_06_ML_ENGINEER_EV_APP0193_FIRST_INTERVIEW_PRACTITIONER_QA_M1_SKILL_04"",""OB_FIRST_PANEL_06_HIRING_MANAGER_EV_APP0193_FIRST_INTERVIEW_PRACTITIONER_QA_M1_SKILL_04"",""OB_FIRST_PANEL_06_TECHNICAL_REVIEWER_EV_APP0193_FIRST_INTERVIEW_PRACTITIONER_QA_M1_SKILL_04"",""OB_FIRST_PANEL_06_ML_ENGINEER_EV_APP0193_FIRST_INTERVIEW_PRACTITIONER_QA_M1_SKILL_05"",""OB_FIRST_PANEL_06_HIRING_MANAGER_EV_APP0193_FIRST_INTERVIEW_PRACTITIONER_QA_M1_SKILL_05"",""OB_FIRST_PANEL_06_TECHNICAL_REVIEWER_EV_APP0193_FIRST_INTERVIEW_PRACTITIONER_QA_M1_SKILL_05"",""OB_FIRST_PANEL_06_ML_ENGINEER_EV_APP0193_FIRST_INTERVIEW_PRACTITIONER_QA_M1_SKILL_06"",""OB_FIRST_PANEL_06_HIRING_MANAGER_EV_APP0193_FIRST_INTERVIEW_PRACTITIONER_QA_M1_SKILL_06"",""OB_FIRST_PANEL_06_TECHNICAL_REVIEWER_EV_APP0193_FIRST_INTERVIEW_PRACTITIONER_QA_M1_SKILL_06"",""OB_FIRST_PANEL_06_ML_ENGINEER_EV_APP0193_FIRST_INTERVIEW_PRACTITIONER_QA_M1_SKILL_08"",""OB_FIRST_PANEL_06_HIRING_MANAGER_EV_APP0193_FIRST_INTERVIEW_PRACTITIONER_QA_M1_SKILL_08"",""OB_FIRST_PANEL_06_TECHNICAL_REVIEWER_EV_APP0193_FIRST_INTERVIEW_PRACTITIONER_QA_M1_SKILL_08""],""operational_state"":""EVIDENCE_PENDING""}"
APP0194_FIRST_INTERVIEW,APP0194,C0194,FIRST_INTERVIEW,2026-12-02T16:21:00+09:00,2026-12-04T16:21:00+09:00,2026-12-21T09:00:00+09:00,2026-12-21T10:00:00+09:00,2026-12-26T10:15:00+09:00,2026-12-27T10:15:00+09:00,,IN_PROGRESS,EVIDENCE_PENDING,,SYNTHETIC_HUMAN_SCENARIO,"{""coverage"":{""M1_SKILL_01"":{""decisionable"":true,""observation_refs"":[""OB_FIRST_PANEL_07_ML_ENGINEER_EV_APP0194_FIRST_INTERVIEW_TECHNICAL_ASSESSMENT_M1_SKILL_01"",""OB_FIRST_PANEL_07_HIRING_MANAGER_EV_APP0194_FIRST_INTERVIEW_TECHNICAL_ASSESSMENT_M1_SKILL_01"",""OB_FIRST_PANEL_07_TECHNICAL_REVIEWER_EV_APP0194_FIRST_INTERVIEW_TECHNICAL_ASSESSMENT_M1_SKILL_01"",""OB_FIRST_PANEL_07_ML_ENGINEER_EV_APP0194_FIRST_INTERVIEW_AI_CASE_M1_SKILL_01"",""OB_FIRST_PANEL_07_HIRING_MANAGER_EV_APP0194_FIRST_INTERVIEW_AI_CASE_M1_SKILL_01"",""OB_FIRST_PANEL_07_TECHNICAL_REVIEWER_EV_APP0194_FIRST_INTERVIEW_AI_CASE_M1_SKILL_01""],""skill_decision_ref"":""DC_APP0194_M1_SKILL_01_000324"",""state"":""A""},""M1_SKILL_02"":{""decisionable"":true,""observation_refs"":[""OB_FIRST_PANEL_07_ML_ENGINEER_EV_APP0194_FIRST_INTERVIEW_TECHNICAL_ASSESSMENT_M1_SKILL_02"",""OB_FIRST_PANEL_07_HIRING_MANAGER_EV_APP0194_FIRST_INTERVIEW_TECHNICAL_ASSESSMENT_M1_SKILL_02"",""OB_FIRST_PANEL_07_TECHNICAL_REVIEWER_EV_APP0194_FIRST_INTERVIEW_TECHNICAL_ASSESSMENT_M1_SKILL_02""],""skill_decision_ref"":""DC_APP0194_M1_SKILL_02_000325"",""state"":""A""},""M1_SKILL_03"":{""decisionable"":false,""observation_refs"":[""OB_FIRST_PANEL_07_ML_ENGINEER_EV_APP0194_FIRST_INTERVIEW_AI_CASE_M1_SKILL_03"",""OB_FIRST_PANEL_07_HIRING_MANAGER_EV_APP0194_FIRST_INTERVIEW_AI_CASE_M1_SKILL_03"",""OB_FIRST_PANEL_07_TECHNICAL_REVIEWER_EV_APP0194_FIRST_INTERVIEW_AI_CASE_M1_SKILL_03""],""skill_decision_ref"":""DC_APP0194_M1_SKILL_03_000326"",""state"":""D""}},""criterion"":""CORE_DIRECT_COVERAGE"",""human_rationale"":""기술 핵심01/02/03의 직접 지지·명시적 제한·부족·미해결을 각각 검토. 점수/정원 없음."",""observation_refs"":[""OB_FIRST_PANEL_07_ML_ENGINEER_EV_APP0194_FIRST_INTERVIEW_TECHNICAL_ASSESSMENT_M1_SKILL_01"",""OB_FIRST_PANEL_07_HIRING_MANAGER_EV_APP0194_FIRST_INTERVIEW_TECHNICAL_ASSESSMENT_M1_SKILL_01"",""OB_FIRST_PANEL_07_TECHNICAL_REVIEWER_EV_APP0194_FIRST_INTERVIEW_TECHNICAL_ASSESSMENT_M1_SKILL_01"",""OB_FIRST_PANEL_07_ML_ENGINEER_EV_APP0194_FIRST_INTERVIEW_TECHNICAL_ASSESSMENT_M1_SKILL_02"",""OB_FIRST_PANEL_07_HIRING_MANAGER_EV_APP0194_FIRST_INTERVIEW_TECHNICAL_ASSESSMENT_M1_SKILL_02"",""OB_FIRST_PANEL_07_TECHNICAL_REVIEWER_EV_APP0194_FIRST_INTERVIEW_TECHNICAL_ASSESSMENT_M1_SKILL_02"",""OB_FIRST_PANEL_07_ML_ENGINEER_EV_APP0194_FIRST_INTERVIEW_TECHNICAL_ASSESSMENT_M1_SKILL_07"",""OB_FIRST_PANEL_07_HIRING_MANAGER_EV_APP0194_FIRST_INTERVIEW_TECHNICAL_ASSESSMENT_M1_SKILL_07"",""OB_FIRST_PANEL_07_TECHNICAL_REVIEWER_EV_APP0194_FIRST_INTERVIEW_TECHNICAL_ASSESSMENT_M1_SKILL_07"",""OB_FIRST_PANEL_07_ML_ENGINEER_EV_APP0194_FIRST_INTERVIEW_AI_CASE_M1_SKILL_01"",""OB_FIRST_PANEL_07_HIRING_MANAGER_EV_APP0194_FIRST_INTERVIEW_AI_CASE_M1_SKILL_01"",""OB_FIRST_PANEL_07_TECHNICAL_REVIEWER_EV_APP0194_FIRST_INTERVIEW_AI_CASE_M1_SKILL_01"",""OB_FIRST_PANEL_07_ML_ENGINEER_EV_APP0194_FIRST_INTERVIEW_AI_CASE_M1_SKILL_03"",""OB_FIRST_PANEL_07_HIRING_MANAGER_EV_APP0194_FIRST_INTERVIEW_AI_CASE_M1_SKILL_03"",""OB_FIRST_PANEL_07_TECHNICAL_REVIEWER_EV_APP0194_FIRST_INTERVIEW_AI_CASE_M1_SKILL_03"",""OB_FIRST_PANEL_07_ML_ENGINEER_EV_APP0194_FIRST_INTERVIEW_PRACTITIONER_QA_M1_SKILL_04"",""OB_FIRST_PANEL_07_HIRING_MANAGER_EV_APP0194_FIRST_INTERVIEW_PRACTITIONER_QA_M1_SKILL_04"",""OB_FIRST_PANEL_07_TECHNICAL_REVIEWER_EV_APP0194_FIRST_INTERVIEW_PRACTITIONER_QA_M1_SKILL_04"",""OB_FIRST_PANEL_07_ML_ENGINEER_EV_APP0194_FIRST_INTERVIEW_PRACTITIONER_QA_M1_SKILL_05"",""OB_FIRST_PANEL_07_HIRING_MANAGER_EV_APP0194_FIRST_INTERVIEW_PRACTITIONER_QA_M1_SKILL_05"",""OB_FIRST_PANEL_07_TECHNICAL_REVIEWER_EV_APP0194_FIRST_INTERVIEW_PRACTITIONER_QA_M1_SKILL_05"",""OB_FIRST_PANEL_07_ML_ENGINEER_EV_APP0194_FIRST_INTERVIEW_PRACTITIONER_QA_M1_SKILL_06"",""OB_FIRST_PANEL_07_HIRING_MANAGER_EV_APP0194_FIRST_INTERVIEW_PRACTITIONER_QA_M1_SKILL_06"",""OB_FIRST_PANEL_07_TECHNICAL_REVIEWER_EV_APP0194_FIRST_INTERVIEW_PRACTITIONER_QA_M1_SKILL_06"",""OB_FIRST_PANEL_07_ML_ENGINEER_EV_APP0194_FIRST_INTERVIEW_PRACTITIONER_QA_M1_SKILL_08"",""OB_FIRST_PANEL_07_HIRING_MANAGER_EV_APP0194_FIRST_INTERVIEW_PRACTITIONER_QA_M1_SKILL_08"",""OB_FIRST_PANEL_07_TECHNICAL_REVIEWER_EV_APP0194_FIRST_INTERVIEW_PRACTITIONER_QA_M1_SKILL_08""],""operational_state"":""EVIDENCE_PENDING""}"
APP0202_FIRST_INTERVIEW,APP0202,C0202,FIRST_INTERVIEW,2026-12-02T16:21:00+09:00,2026-12-04T16:21:00+09:00,2026-12-21T09:00:00+09:00,2026-12-21T10:00:00+09:00,2026-12-24T10:15:00+09:00,2026-12-25T10:15:00+09:00,,IN_PROGRESS,EVIDENCE_PENDING,,SYNTHETIC_HUMAN_SCENARIO,"{""coverage"":{""M1_SKILL_01"":{""decisionable"":true,""observation_refs"":[""OB_FIRST_PANEL_08_ML_ENGINEER_EV_APP0202_FIRST_INTERVIEW_TECHNICAL_ASSESSMENT_M1_SKILL_01"",""OB_FIRST_PANEL_08_HIRING_MANAGER_EV_APP0202_FIRST_INTERVIEW_TECHNICAL_ASSESSMENT_M1_SKILL_01"",""OB_FIRST_PANEL_08_TECHNICAL_REVIEWER_EV_APP0202_FIRST_INTERVIEW_TECHNICAL_ASSESSMENT_M1_SKILL_01"",""OB_FIRST_PANEL_08_ML_ENGINEER_EV_APP0202_FIRST_INTERVIEW_AI_CASE_M1_SKILL_01"",""OB_FIRST_PANEL_08_HIRING_MANAGER_EV_APP0202_FIRST_INTERVIEW_AI_CASE_M1_SKILL_01"",""OB_FIRST_PANEL_08_TECHNICAL_REVIEWER_EV_APP0202_FIRST_INTERVIEW_AI_CASE_M1_SKILL_01""],""skill_decision_ref"":""DC_APP0202_M1_SKILL_01_000332"",""state"":""A""},""M1_SKILL_02"":{""decisionable"":false,""observation_refs"":[""OB_FIRST_PANEL_08_ML_ENGINEER_EV_APP0202_FIRST_INTERVIEW_TECHNICAL_ASSESSMENT_M1_SKILL_02"",""OB_FIRST_PANEL_08_HIRING_MANAGER_EV_APP0202_FIRST_INTERVIEW_TECHNICAL_ASSESSMENT_M1_SKILL_02"",""OB_FIRST_PANEL_08_TECHNICAL_REVIEWER_EV_APP0202_FIRST_INTERVIEW_TECHNICAL_ASSESSMENT_M1_SKILL_02""],""skill_decision_ref"":""DC_APP0202_M1_SKILL_02_000333"",""state"":""D""},""M1_SKILL_03"":{""decisionable"":false,""observation_refs"":[""OB_FIRST_PANEL_08_ML_ENGINEER_EV_APP0202_FIRST_INTERVIEW_AI_CASE_M1_SKILL_03"",""OB_FIRST_PANEL_08_HIRING_MANAGER_EV_APP0202_FIRST_INTERVIEW_AI_CASE_M1_SKILL_03"",""OB_FIRST_PANEL_08_TECHNICAL_REVIEWER_EV_APP0202_FIRST_INTERVIEW_AI_CASE_M1_SKILL_03""],""skill_decision_ref"":""DC_APP0202_M1_SKILL_03_000334"",""state"":""D""}},""criterion"":""CORE_DIRECT_COVERAGE"",""human_rationale"":""기술 핵심01/02/03의 직접 지지·명시적 제한·부족·미해결을 각각 검토. 점수/정원 없음."",""observation_refs"":[""OB_FIRST_PANEL_08_ML_ENGINEER_EV_APP0202_FIRST_INTERVIEW_TECHNICAL_ASSESSMENT_M1_SKILL_01"",""OB_FIRST_PANEL_08_HIRING_MANAGER_EV_APP0202_FIRST_INTERVIEW_TECHNICAL_ASSESSMENT_M1_SKILL_01"",""OB_FIRST_PANEL_08_TECHNICAL_REVIEWER_EV_APP0202_FIRST_INTERVIEW_TECHNICAL_ASSESSMENT_M1_SKILL_01"",""OB_FIRST_PANEL_08_ML_ENGINEER_EV_APP0202_FIRST_INTERVIEW_TECHNICAL_ASSESSMENT_M1_SKILL_02"",""OB_FIRST_PANEL_08_HIRING_MANAGER_EV_APP0202_FIRST_INTERVIEW_TECHNICAL_ASSESSMENT_M1_SKILL_02"",""OB_FIRST_PANEL_08_TECHNICAL_REVIEWER_EV_APP0202_FIRST_INTERVIEW_TECHNICAL_ASSESSMENT_M1_SKILL_02"",""OB_FIRST_PANEL_08_ML_ENGINEER_EV_APP0202_FIRST_INTERVIEW_TECHNICAL_ASSESSMENT_M1_SKILL_07"",""OB_FIRST_PANEL_08_HIRING_MANAGER_EV_APP0202_FIRST_INTERVIEW_TECHNICAL_ASSESSMENT_M1_SKILL_07"",""OB_FIRST_PANEL_08_TECHNICAL_REVIEWER_EV_APP0202_FIRST_INTERVIEW_TECHNICAL_ASSESSMENT_M1_SKILL_07"",""OB_FIRST_PANEL_08_ML_ENGINEER_EV_APP0202_FIRST_INTERVIEW_AI_CASE_M1_SKILL_01"",""OB_FIRST_PANEL_08_HIRING_MANAGER_EV_APP0202_FIRST_INTERVIEW_AI_CASE_M1_SKILL_01"",""OB_FIRST_PANEL_08_TECHNICAL_REVIEWER_EV_APP0202_FIRST_INTERVIEW_AI_CASE_M1_SKILL_01"",""OB_FIRST_PANEL_08_ML_ENGINEER_EV_APP0202_FIRST_INTERVIEW_AI_CASE_M1_SKILL_03"",""OB_FIRST_PANEL_08_HIRING_MANAGER_EV_APP0202_FIRST_INTERVIEW_AI_CASE_M1_SKILL_03"",""OB_FIRST_PANEL_08_TECHNICAL_REVIEWER_EV_APP0202_FIRST_INTERVIEW_AI_CASE_M1_SKILL_03"",""OB_FIRST_PANEL_08_ML_ENGINEER_EV_APP0202_FIRST_INTERVIEW_PRACTITIONER_QA_M1_SKILL_04"",""OB_FIRST_PANEL_08_HIRING_MANAGER_EV_APP0202_FIRST_INTERVIEW_PRACTITIONER_QA_M1_SKILL_04"",""OB_FIRST_PANEL_08_TECHNICAL_REVIEWER_EV_APP0202_FIRST_INTERVIEW_PRACTITIONER_QA_M1_SKILL_04"",""OB_FIRST_PANEL_08_ML_ENGINEER_EV_APP0202_FIRST_INTERVIEW_PRACTITIONER_QA_M1_SKILL_05"",""OB_FIRST_PANEL_08_HIRING_MANAGER_EV_APP0202_FIRST_INTERVIEW_PRACTITIONER_QA_M1_SKILL_05"",""OB_FIRST_PANEL_08_TECHNICAL_REVIEWER_EV_APP0202_FIRST_INTERVIEW_PRACTITIONER_QA_M1_SKILL_05"",""OB_FIRST_PANEL_08_ML_ENGINEER_EV_APP0202_FIRST_INTERVIEW_PRACTITIONER_QA_M1_SKILL_06"",""OB_FIRST_PANEL_08_HIRING_MANAGER_EV_APP0202_FIRST_INTERVIEW_PRACTITIONER_QA_M1_SKILL_06"",""OB_FIRST_PANEL_08_TECHNICAL_REVIEWER_EV_APP0202_FIRST_INTERVIEW_PRACTITIONER_QA_M1_SKILL_06"",""OB_FIRST_PANEL_08_ML_ENGINEER_EV_APP0202_FIRST_INTERVIEW_PRACTITIONER_QA_M1_SKILL_08"",""OB_FIRST_PANEL_08_HIRING_MANAGER_EV_APP0202_FIRST_INTERVIEW_PRACTITIONER_QA_M1_SKILL_08"",""OB_FIRST_PANEL_08_TECHNICAL_REVIEWER_EV_APP0202_FIRST_INTERVIEW_PRACTITIONER_QA_M1_SKILL_08""],""operational_state"":""EVIDENCE_PENDING""}"
APP0205_FIRST_INTERVIEW,APP0205,C0205,FIRST_INTERVIEW,2026-12-02T16:21:00+09:00,2026-12-04T16:21:00+09:00,2026-12-21T09:00:00+09:00,2026-12-21T10:00:00+09:00,2026-12-22T10:15:00+09:00,2026-12-22T10:15:00+09:00,,IN_PROGRESS,EVIDENCE_PENDING,,SYNTHETIC_HUMAN_SCENARIO,"{""coverage"":{""M1_SKILL_01"":{""decisionable"":true,""observation_refs"":[""OB_FIRST_PANEL_09_ML_ENGINEER_EV_APP0205_FIRST_INTERVIEW_TECHNICAL_ASSESSMENT_M1_SKILL_01"",""OB_FIRST_PANEL_09_HIRING_MANAGER_EV_APP0205_FIRST_INTERVIEW_TECHNICAL_ASSESSMENT_M1_SKILL_01"",""OB_FIRST_PANEL_09_TECHNICAL_REVIEWER_EV_APP0205_FIRST_INTERVIEW_TECHNICAL_ASSESSMENT_M1_SKILL_01"",""OB_FIRST_PANEL_09_ML_ENGINEER_EV_APP0205_FIRST_INTERVIEW_AI_CASE_M1_SKILL_01"",""OB_FIRST_PANEL_09_HIRING_MANAGER_EV_APP0205_FIRST_INTERVIEW_AI_CASE_M1_SKILL_01"",""OB_FIRST_PANEL_09_TECHNICAL_REVIEWER_EV_APP0205_FIRST_INTERVIEW_AI_CASE_M1_SKILL_01""],""skill_decision_ref"":""DC_APP0205_M1_SKILL_01_000340"",""state"":""A""},""M1_SKILL_02"":{""decisionable"":true,""observation_refs"":[""OB_FIRST_PANEL_09_ML_ENGINEER_EV_APP0205_FIRST_INTERVIEW_TECHNICAL_ASSESSMENT_M1_SKILL_02"",""OB_FIRST_PANEL_09_HIRING_MANAGER_EV_APP0205_FIRST_INTERVIEW_TECHNICAL_ASSESSMENT_M1_SKILL_02"",""OB_FIRST_PANEL_09_TECHNICAL_REVIEWER_EV_APP0205_FIRST_INTERVIEW_TECHNICAL_ASSESSMENT_M1_SKILL_02""],""skill_decision_ref"":""DC_APP0205_M1_SKILL_02_000341"",""state"":""A""},""M1_SKILL_03"":{""decisionable"":false,""observation_refs"":[""OB_FIRST_PANEL_09_ML_ENGINEER_EV_APP0205_FIRST_INTERVIEW_AI_CASE_M1_SKILL_03"",""OB_FIRST_PANEL_09_HIRING_MANAGER_EV_APP0205_FIRST_INTERVIEW_AI_CASE_M1_SKILL_03"",""OB_FIRST_PANEL_09_TECHNICAL_REVIEWER_EV_APP0205_FIRST_INTERVIEW_AI_CASE_M1_SKILL_03""],""skill_decision_ref"":""DC_APP0205_M1_SKILL_03_000342"",""state"":""D""}},""criterion"":""CORE_DIRECT_COVERAGE"",""human_rationale"":""기술 핵심01/02/03의 직접 지지·명시적 제한·부족·미해결을 각각 검토. 점수/정원 없음."",""observation_refs"":[""OB_FIRST_PANEL_09_ML_ENGINEER_EV_APP0205_FIRST_INTERVIEW_TECHNICAL_ASSESSMENT_M1_SKILL_01"",""OB_FIRST_PANEL_09_HIRING_MANAGER_EV_APP0205_FIRST_INTERVIEW_TECHNICAL_ASSESSMENT_M1_SKILL_01"",""OB_FIRST_PANEL_09_TECHNICAL_REVIEWER_EV_APP0205_FIRST_INTERVIEW_TECHNICAL_ASSESSMENT_M1_SKILL_01"",""OB_FIRST_PANEL_09_ML_ENGINEER_EV_APP0205_FIRST_INTERVIEW_TECHNICAL_ASSESSMENT_M1_SKILL_02"",""OB_FIRST_PANEL_09_HIRING_MANAGER_EV_APP0205_FIRST_INTERVIEW_TECHNICAL_ASSESSMENT_M1_SKILL_02"",""OB_FIRST_PANEL_09_TECHNICAL_REVIEWER_EV_APP0205_FIRST_INTERVIEW_TECHNICAL_ASSESSMENT_M1_SKILL_02"",""OB_FIRST_PANEL_09_ML_ENGINEER_EV_APP0205_FIRST_INTERVIEW_TECHNICAL_ASSESSMENT_M1_SKILL_07"",""OB_FIRST_PANEL_09_HIRING_MANAGER_EV_APP0205_FIRST_INTERVIEW_TECHNICAL_ASSESSMENT_M1_SKILL_07"",""OB_FIRST_PANEL_09_TECHNICAL_REVIEWER_EV_APP0205_FIRST_INTERVIEW_TECHNICAL_ASSESSMENT_M1_SKILL_07"",""OB_FIRST_PANEL_09_ML_ENGINEER_EV_APP0205_FIRST_INTERVIEW_AI_CASE_M1_SKILL_01"",""OB_FIRST_PANEL_09_HIRING_MANAGER_EV_APP0205_FIRST_INTERVIEW_AI_CASE_M1_SKILL_01"",""OB_FIRST_PANEL_09_TECHNICAL_REVIEWER_EV_APP0205_FIRST_INTERVIEW_AI_CASE_M1_SKILL_01"",""OB_FIRST_PANEL_09_ML_ENGINEER_EV_APP0205_FIRST_INTERVIEW_AI_CASE_M1_SKILL_03"",""OB_FIRST_PANEL_09_HIRING_MANAGER_EV_APP0205_FIRST_INTERVIEW_AI_CASE_M1_SKILL_03"",""OB_FIRST_PANEL_09_TECHNICAL_REVIEWER_EV_APP0205_FIRST_INTERVIEW_AI_CASE_M1_SKILL_03"",""OB_FIRST_PANEL_09_ML_ENGINEER_EV_APP0205_FIRST_INTERVIEW_PRACTITIONER_QA_M1_SKILL_04"",""OB_FIRST_PANEL_09_HIRING_MANAGER_EV_APP0205_FIRST_INTERVIEW_PRACTITIONER_QA_M1_SKILL_04"",""OB_FIRST_PANEL_09_TECHNICAL_REVIEWER_EV_APP0205_FIRST_INTERVIEW_PRACTITIONER_QA_M1_SKILL_04"",""OB_FIRST_PANEL_09_ML_ENGINEER_EV_APP0205_FIRST_INTERVIEW_PRACTITIONER_QA_M1_SKILL_05"",""OB_FIRST_PANEL_09_HIRING_MANAGER_EV_APP0205_FIRST_INTERVIEW_PRACTITIONER_QA_M1_SKILL_05"",""OB_FIRST_PANEL_09_TECHNICAL_REVIEWER_EV_APP0205_FIRST_INTERVIEW_PRACTITIONER_QA_M1_SKILL_05"",""OB_FIRST_PANEL_09_ML_ENGINEER_EV_APP0205_FIRST_INTERVIEW_PRACTITIONER_QA_M1_SKILL_06"",""OB_FIRST_PANEL_09_HIRING_MANAGER_EV_APP0205_FIRST_INTERVIEW_PRACTITIONER_QA_M1_SKILL_06"",""OB_FIRST_PANEL_09_TECHNICAL_REVIEWER_EV_APP0205_FIRST_INTERVIEW_PRACTITIONER_QA_M1_SKILL_06"",""OB_FIRST_PANEL_09_ML_ENGINEER_EV_APP0205_FIRST_INTERVIEW_PRACTITIONER_QA_M1_SKILL_08"",""OB_FIRST_PANEL_09_HIRING_MANAGER_EV_APP0205_FIRST_INTERVIEW_PRACTITIONER_QA_M1_SKILL_08"",""OB_FIRST_PANEL_09_TECHNICAL_REVIEWER_EV_APP0205_FIRST_INTERVIEW_PRACTITIONER_QA_M1_SKILL_08""],""operational_state"":""EVIDENCE_PENDING""}"
APP0216_FIRST_INTERVIEW,APP0216,C0216,FIRST_INTERVIEW,2026-12-02T16:21:00+09:00,2026-12-04T16:21:00+09:00,2026-12-21T09:00:00+09:00,2026-12-21T10:00:00+09:00,2026-12-26T10:00:00+09:00,2026-12-28T10:00:00+09:00,,ADVANCED,FIRST_EVIDENCE_REVIEWED,,SYNTHETIC_HUMAN_SCENARIO,"{""coverage"":{""M1_SKILL_01"":{""decisionable"":true,""observation_refs"":[""OB_FIRST_PANEL_10_ML_ENGINEER_EV_APP0216_FIRST_INTERVIEW_TECHNICAL_ASSESSMENT_M1_SKILL_01"",""OB_FIRST_PANEL_10_HIRING_MANAGER_EV_APP0216_FIRST_INTERVIEW_TECHNICAL_ASSESSMENT_M1_SKILL_01"",""OB_FIRST_PANEL_10_TECHNICAL_REVIEWER_EV_APP0216_FIRST_INTERVIEW_TECHNICAL_ASSESSMENT_M1_SKILL_01"",""OB_FIRST_PANEL_10_ML_ENGINEER_EV_APP0216_FIRST_INTERVIEW_AI_CASE_M1_SKILL_01"",""OB_FIRST_PANEL_10_HIRING_MANAGER_EV_APP0216_FIRST_INTERVIEW_AI_CASE_M1_SKILL_01"",""OB_FIRST_PANEL_10_TECHNICAL_REVIEWER_EV_APP0216_FIRST_INTERVIEW_AI_CASE_M1_SKILL_01""],""skill_decision_ref"":""DC_APP0216_M1_SKILL_01_000348"",""state"":""A""},""M1_SKILL_02"":{""decisionable"":true,""observation_refs"":[""OB_FIRST_PANEL_10_ML_ENGINEER_EV_APP0216_FIRST_INTERVIEW_TECHNICAL_ASSESSMENT_M1_SKILL_02"",""OB_FIRST_PANEL_10_HIRING_MANAGER_EV_APP0216_FIRST_INTERVIEW_TECHNICAL_ASSESSMENT_M1_SKILL_02"",""OB_FIRST_PANEL_10_TECHNICAL_REVIEWER_EV_APP0216_FIRST_INTERVIEW_TECHNICAL_ASSESSMENT_M1_SKILL_02""],""skill_decision_ref"":""DC_APP0216_M1_SKILL_02_000349"",""state"":""A""},""M1_SKILL_03"":{""decisionable"":true,""observation_refs"":[""OB_FIRST_PANEL_10_ML_ENGINEER_EV_APP0216_FIRST_INTERVIEW_AI_CASE_M1_SKILL_03"",""OB_FIRST_PANEL_10_HIRING_MANAGER_EV_APP0216_FIRST_INTERVIEW_AI_CASE_M1_SKILL_03"",""OB_FIRST_PANEL_10_TECHNICAL_REVIEWER_EV_APP0216_FIRST_INTERVIEW_AI_CASE_M1_SKILL_03""],""skill_decision_ref"":""DC_APP0216_M1_SKILL_03_000350"",""state"":""A""}},""criterion"":""CORE_DIRECT_COVERAGE"",""human_rationale"":""기술 핵심01/02/03의 직접 지지·명시적 제한·부족·미해결을 각각 검토. 점수/정원 없음."",""observation_refs"":[""OB_FIRST_PANEL_10_ML_ENGINEER_EV_APP0216_FIRST_INTERVIEW_TECHNICAL_ASSESSMENT_M1_SKILL_01"",""OB_FIRST_PANEL_10_HIRING_MANAGER_EV_APP0216_FIRST_INTERVIEW_TECHNICAL_ASSESSMENT_M1_SKILL_01"",""OB_FIRST_PANEL_10_TECHNICAL_REVIEWER_EV_APP0216_FIRST_INTERVIEW_TECHNICAL_ASSESSMENT_M1_SKILL_01"",""OB_FIRST_PANEL_10_ML_ENGINEER_EV_APP0216_FIRST_INTERVIEW_TECHNICAL_ASSESSMENT_M1_SKILL_02"",""OB_FIRST_PANEL_10_HIRING_MANAGER_EV_APP0216_FIRST_INTERVIEW_TECHNICAL_ASSESSMENT_M1_SKILL_02"",""OB_FIRST_PANEL_10_TECHNICAL_REVIEWER_EV_APP0216_FIRST_INTERVIEW_TECHNICAL_ASSESSMENT_M1_SKILL_02"",""OB_FIRST_PANEL_10_ML_ENGINEER_EV_APP0216_FIRST_INTERVIEW_TECHNICAL_ASSESSMENT_M1_SKILL_07"",""OB_FIRST_PANEL_10_HIRING_MANAGER_EV_APP0216_FIRST_INTERVIEW_TECHNICAL_ASSESSMENT_M1_SKILL_07"",""OB_FIRST_PANEL_10_TECHNICAL_REVIEWER_EV_APP0216_FIRST_INTERVIEW_TECHNICAL_ASSESSMENT_M1_SKILL_07"",""OB_FIRST_PANEL_10_ML_ENGINEER_EV_APP0216_FIRST_INTERVIEW_AI_CASE_M1_SKILL_01"",""OB_FIRST_PANEL_10_HIRING_MANAGER_EV_APP0216_FIRST_INTERVIEW_AI_CASE_M1_SKILL_01"",""OB_FIRST_PANEL_10_TECHNICAL_REVIEWER_EV_APP0216_FIRST_INTERVIEW_AI_CASE_M1_SKILL_01"",""OB_FIRST_PANEL_10_ML_ENGINEER_EV_APP0216_FIRST_INTERVIEW_AI_CASE_M1_SKILL_03"",""OB_FIRST_PANEL_10_HIRING_MANAGER_EV_APP0216_FIRST_INTERVIEW_AI_CASE_M1_SKILL_03"",""OB_FIRST_PANEL_10_TECHNICAL_REVIEWER_EV_APP0216_FIRST_INTERVIEW_AI_CASE_M1_SKILL_03"",""OB_FIRST_PANEL_10_ML_ENGINEER_EV_APP0216_FIRST_INTERVIEW_PRACTITIONER_QA_M1_SKILL_04"",""OB_FIRST_PANEL_10_HIRING_MANAGER_EV_APP0216_FIRST_INTERVIEW_PRACTITIONER_QA_M1_SKILL_04"",""OB_FIRST_PANEL_10_TECHNICAL_REVIEWER_EV_APP0216_FIRST_INTERVIEW_PRACTITIONER_QA_M1_SKILL_04"",""OB_FIRST_PANEL_10_ML_ENGINEER_EV_APP0216_FIRST_INTERVIEW_PRACTITIONER_QA_M1_SKILL_05"",""OB_FIRST_PANEL_10_HIRING_MANAGER_EV_APP0216_FIRST_INTERVIEW_PRACTITIONER_QA_M1_SKILL_05"",""OB_FIRST_PANEL_10_TECHNICAL_REVIEWER_EV_APP0216_FIRST_INTERVIEW_PRACTITIONER_QA_M1_SKILL_05"",""OB_FIRST_PANEL_10_ML_ENGINEER_EV_APP0216_FIRST_INTERVIEW_PRACTITIONER_QA_M1_SKILL_06"",""OB_FIRST_PANEL_10_HIRING_MANAGER_EV_APP0216_FIRST_INTERVIEW_PRACTITIONER_QA_M1_SKILL_06"",""OB_FIRST_PANEL_10_TECHNICAL_REVIEWER_EV_APP0216_FIRST_INTERVIEW_PRACTITIONER_QA_M1_SKILL_06"",""OB_FIRST_PANEL_10_ML_ENGINEER_EV_APP0216_FIRST_INTERVIEW_PRACTITIONER_QA_M1_SKILL_08"",""OB_FIRST_PANEL_10_HIRING_MANAGER_EV_APP0216_FIRST_INTERVIEW_PRACTITIONER_QA_M1_SKILL_08"",""OB_FIRST_PANEL_10_TECHNICAL_REVIEWER_EV_APP0216_FIRST_INTERVIEW_PRACTITIONER_QA_M1_SKILL_08""]}"
APP0222_FIRST_INTERVIEW,APP0222,C0222,FIRST_INTERVIEW,2026-12-02T16:21:00+09:00,2026-12-04T16:21:00+09:00,2026-12-24T09:00:00+09:00,,,,,IN_PROGRESS,,,,"{""motive"":""UNKNOWN"",""operational_state"":""NO_RESPONSE_PENDING""}"
APP0223_FIRST_INTERVIEW,APP0223,C0223,FIRST_INTERVIEW,2026-12-02T16:21:00+09:00,2026-12-04T16:21:00+09:00,2026-12-24T09:00:00+09:00,2026-12-24T10:00:00+09:00,2026-12-25T10:15:00+09:00,2026-12-25T10:15:00+09:00,,IN_PROGRESS,EVIDENCE_PENDING,,SYNTHETIC_HUMAN_SCENARIO,"{""coverage"":{""M1_SKILL_01"":{""decisionable"":false,""observation_refs"":[""OB_FIRST_PANEL_02_ML_ENGINEER_EV_APP0223_FIRST_INTERVIEW_TECHNICAL_ASSESSMENT_M1_SKILL_01"",""OB_FIRST_PANEL_02_HIRING_MANAGER_EV_APP0223_FIRST_INTERVIEW_TECHNICAL_ASSESSMENT_M1_SKILL_01"",""OB_FIRST_PANEL_02_TECHNICAL_REVIEWER_EV_APP0223_FIRST_INTERVIEW_TECHNICAL_ASSESSMENT_M1_SKILL_01"",""OB_FIRST_PANEL_02_ML_ENGINEER_EV_APP0223_FIRST_INTERVIEW_AI_CASE_M1_SKILL_01"",""OB_FIRST_PANEL_02_HIRING_MANAGER_EV_APP0223_FIRST_INTERVIEW_AI_CASE_M1_SKILL_01"",""OB_FIRST_PANEL_02_TECHNICAL_REVIEWER_EV_APP0223_FIRST_INTERVIEW_AI_CASE_M1_SKILL_01""],""skill_decision_ref"":""DC_APP0223_M1_SKILL_01_000356"",""state"":""C""},""M1_SKILL_02"":{""decisionable"":false,""observation_refs"":[""OB_FIRST_PANEL_02_ML_ENGINEER_EV_APP0223_FIRST_INTERVIEW_TECHNICAL_ASSESSMENT_M1_SKILL_02"",""OB_FIRST_PANEL_02_HIRING_MANAGER_EV_APP0223_FIRST_INTERVIEW_TECHNICAL_ASSESSMENT_M1_SKILL_02"",""OB_FIRST_PANEL_02_TECHNICAL_REVIEWER_EV_APP0223_FIRST_INTERVIEW_TECHNICAL_ASSESSMENT_M1_SKILL_02""],""skill_decision_ref"":""DC_APP0223_M1_SKILL_02_000357"",""state"":""C""},""M1_SKILL_03"":{""decisionable"":true,""observation_refs"":[""OB_FIRST_PANEL_02_ML_ENGINEER_EV_APP0223_FIRST_INTERVIEW_AI_CASE_M1_SKILL_03"",""OB_FIRST_PANEL_02_HIRING_MANAGER_EV_APP0223_FIRST_INTERVIEW_AI_CASE_M1_SKILL_03"",""OB_FIRST_PANEL_02_TECHNICAL_REVIEWER_EV_APP0223_FIRST_INTERVIEW_AI_CASE_M1_SKILL_03""],""skill_decision_ref"":""DC_APP0223_M1_SKILL_03_000358"",""state"":""A""}},""criterion"":""CORE_DIRECT_COVERAGE"",""human_rationale"":""기술 핵심01/02/03의 직접 지지·명시적 제한·부족·미해결을 각각 검토. 점수/정원 없음."",""observation_refs"":[""OB_FIRST_PANEL_02_ML_ENGINEER_EV_APP0223_FIRST_INTERVIEW_TECHNICAL_ASSESSMENT_M1_SKILL_01"",""OB_FIRST_PANEL_02_HIRING_MANAGER_EV_APP0223_FIRST_INTERVIEW_TECHNICAL_ASSESSMENT_M1_SKILL_01"",""OB_FIRST_PANEL_02_TECHNICAL_REVIEWER_EV_APP0223_FIRST_INTERVIEW_TECHNICAL_ASSESSMENT_M1_SKILL_01"",""OB_FIRST_PANEL_02_ML_ENGINEER_EV_APP0223_FIRST_INTERVIEW_TECHNICAL_ASSESSMENT_M1_SKILL_02"",""OB_FIRST_PANEL_02_HIRING_MANAGER_EV_APP0223_FIRST_INTERVIEW_TECHNICAL_ASSESSMENT_M1_SKILL_02"",""OB_FIRST_PANEL_02_TECHNICAL_REVIEWER_EV_APP0223_FIRST_INTERVIEW_TECHNICAL_ASSESSMENT_M1_SKILL_02"",""OB_FIRST_PANEL_02_ML_ENGINEER_EV_APP0223_FIRST_INTERVIEW_TECHNICAL_ASSESSMENT_M1_SKILL_07"",""OB_FIRST_PANEL_02_HIRING_MANAGER_EV_APP0223_FIRST_INTERVIEW_TECHNICAL_ASSESSMENT_M1_SKILL_07"",""OB_FIRST_PANEL_02_TECHNICAL_REVIEWER_EV_APP0223_FIRST_INTERVIEW_TECHNICAL_ASSESSMENT_M1_SKILL_07"",""OB_FIRST_PANEL_02_ML_ENGINEER_EV_APP0223_FIRST_INTERVIEW_AI_CASE_M1_SKILL_01"",""OB_FIRST_PANEL_02_HIRING_MANAGER_EV_APP0223_FIRST_INTERVIEW_AI_CASE_M1_SKILL_01"",""OB_FIRST_PANEL_02_TECHNICAL_REVIEWER_EV_APP0223_FIRST_INTERVIEW_AI_CASE_M1_SKILL_01"",""OB_FIRST_PANEL_02_ML_ENGINEER_EV_APP0223_FIRST_INTERVIEW_AI_CASE_M1_SKILL_03"",""OB_FIRST_PANEL_02_HIRING_MANAGER_EV_APP0223_FIRST_INTERVIEW_AI_CASE_M1_SKILL_03"",""OB_FIRST_PANEL_02_TECHNICAL_REVIEWER_EV_APP0223_FIRST_INTERVIEW_AI_CASE_M1_SKILL_03"",""OB_FIRST_PANEL_02_ML_ENGINEER_EV_APP0223_FIRST_INTERVIEW_PRACTITIONER_QA_M1_SKILL_04"",""OB_FIRST_PANEL_02_HIRING_MANAGER_EV_APP0223_FIRST_INTERVIEW_PRACTITIONER_QA_M1_SKILL_04"",""OB_FIRST_PANEL_02_TECHNICAL_REVIEWER_EV_APP0223_FIRST_INTERVIEW_PRACTITIONER_QA_M1_SKILL_04"",""OB_FIRST_PANEL_02_ML_ENGINEER_EV_APP0223_FIRST_INTERVIEW_PRACTITIONER_QA_M1_SKILL_05"",""OB_FIRST_PANEL_02_HIRING_MANAGER_EV_APP0223_FIRST_INTERVIEW_PRACTITIONER_QA_M1_SKILL_05"",""OB_FIRST_PANEL_02_TECHNICAL_REVIEWER_EV_APP0223_FIRST_INTERVIEW_PRACTITIONER_QA_M1_SKILL_05"",""OB_FIRST_PANEL_02_ML_ENGINEER_EV_APP0223_FIRST_INTERVIEW_PRACTITIONER_QA_M1_SKILL_06"",""OB_FIRST_PANEL_02_HIRING_MANAGER_EV_APP0223_FIRST_INTERVIEW_PRACTITIONER_QA_M1_SKILL_06"",""OB_FIRST_PANEL_02_TECHNICAL_REVIEWER_EV_APP0223_FIRST_INTERVIEW_PRACTITIONER_QA_M1_SKILL_06"",""OB_FIRST_PANEL_02_ML_ENGINEER_EV_APP0223_FIRST_INTERVIEW_PRACTITIONER_QA_M1_SKILL_08"",""OB_FIRST_PANEL_02_HIRING_MANAGER_EV_APP0223_FIRST_INTERVIEW_PRACTITIONER_QA_M1_SKILL_08"",""OB_FIRST_PANEL_02_TECHNICAL_REVIEWER_EV_APP0223_FIRST_INTERVIEW_PRACTITIONER_QA_M1_SKILL_08""],""operational_state"":""EVIDENCE_PENDING""}"
APP0228_FIRST_INTERVIEW,APP0228,C0228,FIRST_INTERVIEW,2026-12-02T16:21:00+09:00,2026-12-04T16:21:00+09:00,2026-12-24T09:00:00+09:00,2026-12-24T10:00:00+09:00,2026-12-26T10:15:00+09:00,2026-12-30T10:15:00+09:00,,ADVANCED,FIRST_EVIDENCE_REVIEWED,,SYNTHETIC_HUMAN_SCENARIO,"{""coverage"":{""M1_SKILL_01"":{""decisionable"":true,""observation_refs"":[""OB_FIRST_PANEL_03_ML_ENGINEER_EV_APP0228_FIRST_INTERVIEW_TECHNICAL_ASSESSMENT_M1_SKILL_01"",""OB_FIRST_PANEL_03_HIRING_MANAGER_EV_APP0228_FIRST_INTERVIEW_TECHNICAL_ASSESSMENT_M1_SKILL_01"",""OB_FIRST_PANEL_03_TECHNICAL_REVIEWER_EV_APP0228_FIRST_INTERVIEW_TECHNICAL_ASSESSMENT_M1_SKILL_01"",""OB_FIRST_PANEL_03_ML_ENGINEER_EV_APP0228_FIRST_INTERVIEW_AI_CASE_M1_SKILL_01"",""OB_FIRST_PANEL_03_HIRING_MANAGER_EV_APP0228_FIRST_INTERVIEW_AI_CASE_M1_SKILL_01"",""OB_FIRST_PANEL_03_TECHNICAL_REVIEWER_EV_APP0228_FIRST_INTERVIEW_AI_CASE_M1_SKILL_01""],""skill_decision_ref"":""DC_APP0228_M1_SKILL_01_000364"",""state"":""A""},""M1_SKILL_02"":{""decisionable"":true,""observation_refs"":[""OB_FIRST_PANEL_03_ML_ENGINEER_EV_APP0228_FIRST_INTERVIEW_TECHNICAL_ASSESSMENT_M1_SKILL_02"",""OB_FIRST_PANEL_03_HIRING_MANAGER_EV_APP0228_FIRST_INTERVIEW_TECHNICAL_ASSESSMENT_M1_SKILL_02"",""OB_FIRST_PANEL_03_TECHNICAL_REVIEWER_EV_APP0228_FIRST_INTERVIEW_TECHNICAL_ASSESSMENT_M1_SKILL_02""],""skill_decision_ref"":""DC_APP0228_M1_SKILL_02_000365"",""state"":""A""},""M1_SKILL_03"":{""decisionable"":true,""observation_refs"":[""OB_FIRST_PANEL_03_ML_ENGINEER_EV_APP0228_FIRST_INTERVIEW_AI_CASE_M1_SKILL_03"",""OB_FIRST_PANEL_03_HIRING_MANAGER_EV_APP0228_FIRST_INTERVIEW_AI_CASE_M1_SKILL_03"",""OB_FIRST_PANEL_03_TECHNICAL_REVIEWER_EV_APP0228_FIRST_INTERVIEW_AI_CASE_M1_SKILL_03""],""skill_decision_ref"":""DC_APP0228_M1_SKILL_03_000366"",""state"":""A""}},""criterion"":""CORE_DIRECT_COVERAGE"",""human_rationale"":""기술 핵심01/02/03의 직접 지지·명시적 제한·부족·미해결을 각각 검토. 점수/정원 없음."",""observation_refs"":[""OB_FIRST_PANEL_03_ML_ENGINEER_EV_APP0228_FIRST_INTERVIEW_TECHNICAL_ASSESSMENT_M1_SKILL_01"",""OB_FIRST_PANEL_03_HIRING_MANAGER_EV_APP0228_FIRST_INTERVIEW_TECHNICAL_ASSESSMENT_M1_SKILL_01"",""OB_FIRST_PANEL_03_TECHNICAL_REVIEWER_EV_APP0228_FIRST_INTERVIEW_TECHNICAL_ASSESSMENT_M1_SKILL_01"",""OB_FIRST_PANEL_03_ML_ENGINEER_EV_APP0228_FIRST_INTERVIEW_TECHNICAL_ASSESSMENT_M1_SKILL_02"",""OB_FIRST_PANEL_03_HIRING_MANAGER_EV_APP0228_FIRST_INTERVIEW_TECHNICAL_ASSESSMENT_M1_SKILL_02"",""OB_FIRST_PANEL_03_TECHNICAL_REVIEWER_EV_APP0228_FIRST_INTERVIEW_TECHNICAL_ASSESSMENT_M1_SKILL_02"",""OB_FIRST_PANEL_03_ML_ENGINEER_EV_APP0228_FIRST_INTERVIEW_TECHNICAL_ASSESSMENT_M1_SKILL_07"",""OB_FIRST_PANEL_03_HIRING_MANAGER_EV_APP0228_FIRST_INTERVIEW_TECHNICAL_ASSESSMENT_M1_SKILL_07"",""OB_FIRST_PANEL_03_TECHNICAL_REVIEWER_EV_APP0228_FIRST_INTERVIEW_TECHNICAL_ASSESSMENT_M1_SKILL_07"",""OB_FIRST_PANEL_03_ML_ENGINEER_EV_APP0228_FIRST_INTERVIEW_AI_CASE_M1_SKILL_01"",""OB_FIRST_PANEL_03_HIRING_MANAGER_EV_APP0228_FIRST_INTERVIEW_AI_CASE_M1_SKILL_01"",""OB_FIRST_PANEL_03_TECHNICAL_REVIEWER_EV_APP0228_FIRST_INTERVIEW_AI_CASE_M1_SKILL_01"",""OB_FIRST_PANEL_03_ML_ENGINEER_EV_APP0228_FIRST_INTERVIEW_AI_CASE_M1_SKILL_03"",""OB_FIRST_PANEL_03_HIRING_MANAGER_EV_APP0228_FIRST_INTERVIEW_AI_CASE_M1_SKILL_03"",""OB_FIRST_PANEL_03_TECHNICAL_REVIEWER_EV_APP0228_FIRST_INTERVIEW_AI_CASE_M1_SKILL_03"",""OB_FIRST_PANEL_03_ML_ENGINEER_EV_APP0228_FIRST_INTERVIEW_PRACTITIONER_QA_M1_SKILL_04"",""OB_FIRST_PANEL_03_HIRING_MANAGER_EV_APP0228_FIRST_INTERVIEW_PRACTITIONER_QA_M1_SKILL_04"",""OB_FIRST_PANEL_03_TECHNICAL_REVIEWER_EV_APP0228_FIRST_INTERVIEW_PRACTITIONER_QA_M1_SKILL_04"",""OB_FIRST_PANEL_03_ML_ENGINEER_EV_APP0228_FIRST_INTERVIEW_PRACTITIONER_QA_M1_SKILL_05"",""OB_FIRST_PANEL_03_HIRING_MANAGER_EV_APP0228_FIRST_INTERVIEW_PRACTITIONER_QA_M1_SKILL_05"",""OB_FIRST_PANEL_03_TECHNICAL_REVIEWER_EV_APP0228_FIRST_INTERVIEW_PRACTITIONER_QA_M1_SKILL_05"",""OB_FIRST_PANEL_03_ML_ENGINEER_EV_APP0228_FIRST_INTERVIEW_PRACTITIONER_QA_M1_SKILL_06"",""OB_FIRST_PANEL_03_HIRING_MANAGER_EV_APP0228_FIRST_INTERVIEW_PRACTITIONER_QA_M1_SKILL_06"",""OB_FIRST_PANEL_03_TECHNICAL_REVIEWER_EV_APP0228_FIRST_INTERVIEW_PRACTITIONER_QA_M1_SKILL_06"",""OB_FIRST_PANEL_03_ML_ENGINEER_EV_APP0228_FIRST_INTERVIEW_PRACTITIONER_QA_M1_SKILL_08"",""OB_FIRST_PANEL_03_HIRING_MANAGER_EV_APP0228_FIRST_INTERVIEW_PRACTITIONER_QA_M1_SKILL_08"",""OB_FIRST_PANEL_03_TECHNICAL_REVIEWER_EV_APP0228_FIRST_INTERVIEW_PRACTITIONER_QA_M1_SKILL_08""]}"
APP0235_FIRST_INTERVIEW,APP0235,C0235,FIRST_INTERVIEW,2026-12-02T16:21:00+09:00,2026-12-04T16:21:00+09:00,2026-12-24T09:00:00+09:00,2026-12-24T10:00:00+09:00,2026-12-29T10:15:00+09:00,2027-01-02T10:15:00+09:00,,IN_PROGRESS,EVIDENCE_PENDING,,SYNTHETIC_HUMAN_SCENARIO,"{""coverage"":{""M1_SKILL_01"":{""decisionable"":true,""observation_refs"":[""OB_FIRST_PANEL_04_ML_ENGINEER_EV_APP0235_FIRST_INTERVIEW_TECHNICAL_ASSESSMENT_M1_SKILL_01"",""OB_FIRST_PANEL_04_HIRING_MANAGER_EV_APP0235_FIRST_INTERVIEW_TECHNICAL_ASSESSMENT_M1_SKILL_01"",""OB_FIRST_PANEL_04_TECHNICAL_REVIEWER_EV_APP0235_FIRST_INTERVIEW_TECHNICAL_ASSESSMENT_M1_SKILL_01"",""OB_FIRST_PANEL_04_ML_ENGINEER_EV_APP0235_FIRST_INTERVIEW_AI_CASE_M1_SKILL_01"",""OB_FIRST_PANEL_04_HIRING_MANAGER_EV_APP0235_FIRST_INTERVIEW_AI_CASE_M1_SKILL_01"",""OB_FIRST_PANEL_04_TECHNICAL_REVIEWER_EV_APP0235_FIRST_INTERVIEW_AI_CASE_M1_SKILL_01""],""skill_decision_ref"":""DC_APP0235_M1_SKILL_01_000372"",""state"":""A""},""M1_SKILL_02"":{""decisionable"":false,""observation_refs"":[""OB_FIRST_PANEL_04_ML_ENGINEER_EV_APP0235_FIRST_INTERVIEW_TECHNICAL_ASSESSMENT_M1_SKILL_02"",""OB_FIRST_PANEL_04_HIRING_MANAGER_EV_APP0235_FIRST_INTERVIEW_TECHNICAL_ASSESSMENT_M1_SKILL_02"",""OB_FIRST_PANEL_04_TECHNICAL_REVIEWER_EV_APP0235_FIRST_INTERVIEW_TECHNICAL_ASSESSMENT_M1_SKILL_02""],""skill_decision_ref"":""DC_APP0235_M1_SKILL_02_000373"",""state"":""C""},""M1_SKILL_03"":{""decisionable"":true,""observation_refs"":[""OB_FIRST_PANEL_04_ML_ENGINEER_EV_APP0235_FIRST_INTERVIEW_AI_CASE_M1_SKILL_03"",""OB_FIRST_PANEL_04_HIRING_MANAGER_EV_APP0235_FIRST_INTERVIEW_AI_CASE_M1_SKILL_03"",""OB_FIRST_PANEL_04_TECHNICAL_REVIEWER_EV_APP0235_FIRST_INTERVIEW_AI_CASE_M1_SKILL_03""],""skill_decision_ref"":""DC_APP0235_M1_SKILL_03_000374"",""state"":""A""}},""criterion"":""CORE_DIRECT_COVERAGE"",""human_rationale"":""기술 핵심01/02/03의 직접 지지·명시적 제한·부족·미해결을 각각 검토. 점수/정원 없음."",""observation_refs"":[""OB_FIRST_PANEL_04_ML_ENGINEER_EV_APP0235_FIRST_INTERVIEW_TECHNICAL_ASSESSMENT_M1_SKILL_01"",""OB_FIRST_PANEL_04_HIRING_MANAGER_EV_APP0235_FIRST_INTERVIEW_TECHNICAL_ASSESSMENT_M1_SKILL_01"",""OB_FIRST_PANEL_04_TECHNICAL_REVIEWER_EV_APP0235_FIRST_INTERVIEW_TECHNICAL_ASSESSMENT_M1_SKILL_01"",""OB_FIRST_PANEL_04_ML_ENGINEER_EV_APP0235_FIRST_INTERVIEW_TECHNICAL_ASSESSMENT_M1_SKILL_02"",""OB_FIRST_PANEL_04_HIRING_MANAGER_EV_APP0235_FIRST_INTERVIEW_TECHNICAL_ASSESSMENT_M1_SKILL_02"",""OB_FIRST_PANEL_04_TECHNICAL_REVIEWER_EV_APP0235_FIRST_INTERVIEW_TECHNICAL_ASSESSMENT_M1_SKILL_02"",""OB_FIRST_PANEL_04_ML_ENGINEER_EV_APP0235_FIRST_INTERVIEW_TECHNICAL_ASSESSMENT_M1_SKILL_07"",""OB_FIRST_PANEL_04_HIRING_MANAGER_EV_APP0235_FIRST_INTERVIEW_TECHNICAL_ASSESSMENT_M1_SKILL_07"",""OB_FIRST_PANEL_04_TECHNICAL_REVIEWER_EV_APP0235_FIRST_INTERVIEW_TECHNICAL_ASSESSMENT_M1_SKILL_07"",""OB_FIRST_PANEL_04_ML_ENGINEER_EV_APP0235_FIRST_INTERVIEW_AI_CASE_M1_SKILL_01"",""OB_FIRST_PANEL_04_HIRING_MANAGER_EV_APP0235_FIRST_INTERVIEW_AI_CASE_M1_SKILL_01"",""OB_FIRST_PANEL_04_TECHNICAL_REVIEWER_EV_APP0235_FIRST_INTERVIEW_AI_CASE_M1_SKILL_01"",""OB_FIRST_PANEL_04_ML_ENGINEER_EV_APP0235_FIRST_INTERVIEW_AI_CASE_M1_SKILL_03"",""OB_FIRST_PANEL_04_HIRING_MANAGER_EV_APP0235_FIRST_INTERVIEW_AI_CASE_M1_SKILL_03"",""OB_FIRST_PANEL_04_TECHNICAL_REVIEWER_EV_APP0235_FIRST_INTERVIEW_AI_CASE_M1_SKILL_03"",""OB_FIRST_PANEL_04_ML_ENGINEER_EV_APP0235_FIRST_INTERVIEW_PRACTITIONER_QA_M1_SKILL_04"",""OB_FIRST_PANEL_04_HIRING_MANAGER_EV_APP0235_FIRST_INTERVIEW_PRACTITIONER_QA_M1_SKILL_04"",""OB_FIRST_PANEL_04_TECHNICAL_REVIEWER_EV_APP0235_FIRST_INTERVIEW_PRACTITIONER_QA_M1_SKILL_04"",""OB_FIRST_PANEL_04_ML_ENGINEER_EV_APP0235_FIRST_INTERVIEW_PRACTITIONER_QA_M1_SKILL_05"",""OB_FIRST_PANEL_04_HIRING_MANAGER_EV_APP0235_FIRST_INTERVIEW_PRACTITIONER_QA_M1_SKILL_05"",""OB_FIRST_PANEL_04_TECHNICAL_REVIEWER_EV_APP0235_FIRST_INTERVIEW_PRACTITIONER_QA_M1_SKILL_05"",""OB_FIRST_PANEL_04_ML_ENGINEER_EV_APP0235_FIRST_INTERVIEW_PRACTITIONER_QA_M1_SKILL_06"",""OB_FIRST_PANEL_04_HIRING_MANAGER_EV_APP0235_FIRST_INTERVIEW_PRACTITIONER_QA_M1_SKILL_06"",""OB_FIRST_PANEL_04_TECHNICAL_REVIEWER_EV_APP0235_FIRST_INTERVIEW_PRACTITIONER_QA_M1_SKILL_06"",""OB_FIRST_PANEL_04_ML_ENGINEER_EV_APP0235_FIRST_INTERVIEW_PRACTITIONER_QA_M1_SKILL_08"",""OB_FIRST_PANEL_04_HIRING_MANAGER_EV_APP0235_FIRST_INTERVIEW_PRACTITIONER_QA_M1_SKILL_08"",""OB_FIRST_PANEL_04_TECHNICAL_REVIEWER_EV_APP0235_FIRST_INTERVIEW_PRACTITIONER_QA_M1_SKILL_08""],""operational_state"":""EVIDENCE_PENDING""}"
APP0237_FIRST_INTERVIEW,APP0237,C0237,FIRST_INTERVIEW,2026-12-02T16:21:00+09:00,2026-12-04T16:21:00+09:00,2026-12-24T09:00:00+09:00,2026-12-24T10:00:00+09:00,2026-12-29T10:00:00+09:00,2026-12-31T10:00:00+09:00,,FAILED,CORE_DIRECT_LIMITATION,,SYNTHETIC_HUMAN_SCENARIO,"{""coverage"":{""M1_SKILL_01"":{""decisionable"":true,""observation_refs"":[""OB_FIRST_PANEL_05_ML_ENGINEER_EV_APP0237_FIRST_INTERVIEW_TECHNICAL_ASSESSMENT_M1_SKILL_01"",""OB_FIRST_PANEL_05_HIRING_MANAGER_EV_APP0237_FIRST_INTERVIEW_TECHNICAL_ASSESSMENT_M1_SKILL_01"",""OB_FIRST_PANEL_05_TECHNICAL_REVIEWER_EV_APP0237_FIRST_INTERVIEW_TECHNICAL_ASSESSMENT_M1_SKILL_01"",""OB_FIRST_PANEL_05_ML_ENGINEER_EV_APP0237_FIRST_INTERVIEW_AI_CASE_M1_SKILL_01"",""OB_FIRST_PANEL_05_HIRING_MANAGER_EV_APP0237_FIRST_INTERVIEW_AI_CASE_M1_SKILL_01"",""OB_FIRST_PANEL_05_TECHNICAL_REVIEWER_EV_APP0237_FIRST_INTERVIEW_AI_CASE_M1_SKILL_01""],""skill_decision_ref"":""DC_APP0237_M1_SKILL_01_000380"",""state"":""A""},""M1_SKILL_02"":{""decisionable"":true,""observation_refs"":[""OB_FIRST_PANEL_05_ML_ENGINEER_EV_APP0237_FIRST_INTERVIEW_TECHNICAL_ASSESSMENT_M1_SKILL_02"",""OB_FIRST_PANEL_05_HIRING_MANAGER_EV_APP0237_FIRST_INTERVIEW_TECHNICAL_ASSESSMENT_M1_SKILL_02"",""OB_FIRST_PANEL_05_TECHNICAL_REVIEWER_EV_APP0237_FIRST_INTERVIEW_TECHNICAL_ASSESSMENT_M1_SKILL_02""],""skill_decision_ref"":""DC_APP0237_M1_SKILL_02_000381"",""state"":""B""},""M1_SKILL_03"":{""decisionable"":false,""observation_refs"":[""OB_FIRST_PANEL_05_ML_ENGINEER_EV_APP0237_FIRST_INTERVIEW_AI_CASE_M1_SKILL_03"",""OB_FIRST_PANEL_05_HIRING_MANAGER_EV_APP0237_FIRST_INTERVIEW_AI_CASE_M1_SKILL_03"",""OB_FIRST_PANEL_05_TECHNICAL_REVIEWER_EV_APP0237_FIRST_INTERVIEW_AI_CASE_M1_SKILL_03""],""skill_decision_ref"":""DC_APP0237_M1_SKILL_03_000382"",""state"":""C""}},""criterion"":""CORE_DIRECT_COVERAGE"",""human_rationale"":""기술 핵심01/02/03의 직접 지지·명시적 제한·부족·미해결을 각각 검토. 점수/정원 없음."",""observation_refs"":[""OB_FIRST_PANEL_05_ML_ENGINEER_EV_APP0237_FIRST_INTERVIEW_TECHNICAL_ASSESSMENT_M1_SKILL_01"",""OB_FIRST_PANEL_05_HIRING_MANAGER_EV_APP0237_FIRST_INTERVIEW_TECHNICAL_ASSESSMENT_M1_SKILL_01"",""OB_FIRST_PANEL_05_TECHNICAL_REVIEWER_EV_APP0237_FIRST_INTERVIEW_TECHNICAL_ASSESSMENT_M1_SKILL_01"",""OB_FIRST_PANEL_05_ML_ENGINEER_EV_APP0237_FIRST_INTERVIEW_TECHNICAL_ASSESSMENT_M1_SKILL_02"",""OB_FIRST_PANEL_05_HIRING_MANAGER_EV_APP0237_FIRST_INTERVIEW_TECHNICAL_ASSESSMENT_M1_SKILL_02"",""OB_FIRST_PANEL_05_TECHNICAL_REVIEWER_EV_APP0237_FIRST_INTERVIEW_TECHNICAL_ASSESSMENT_M1_SKILL_02"",""OB_FIRST_PANEL_05_ML_ENGINEER_EV_APP0237_FIRST_INTERVIEW_TECHNICAL_ASSESSMENT_M1_SKILL_07"",""OB_FIRST_PANEL_05_HIRING_MANAGER_EV_APP0237_FIRST_INTERVIEW_TECHNICAL_ASSESSMENT_M1_SKILL_07"",""OB_FIRST_PANEL_05_TECHNICAL_REVIEWER_EV_APP0237_FIRST_INTERVIEW_TECHNICAL_ASSESSMENT_M1_SKILL_07"",""OB_FIRST_PANEL_05_ML_ENGINEER_EV_APP0237_FIRST_INTERVIEW_AI_CASE_M1_SKILL_01"",""OB_FIRST_PANEL_05_HIRING_MANAGER_EV_APP0237_FIRST_INTERVIEW_AI_CASE_M1_SKILL_01"",""OB_FIRST_PANEL_05_TECHNICAL_REVIEWER_EV_APP0237_FIRST_INTERVIEW_AI_CASE_M1_SKILL_01"",""OB_FIRST_PANEL_05_ML_ENGINEER_EV_APP0237_FIRST_INTERVIEW_AI_CASE_M1_SKILL_03"",""OB_FIRST_PANEL_05_HIRING_MANAGER_EV_APP0237_FIRST_INTERVIEW_AI_CASE_M1_SKILL_03"",""OB_FIRST_PANEL_05_TECHNICAL_REVIEWER_EV_APP0237_FIRST_INTERVIEW_AI_CASE_M1_SKILL_03"",""OB_FIRST_PANEL_05_ML_ENGINEER_EV_APP0237_FIRST_INTERVIEW_PRACTITIONER_QA_M1_SKILL_04"",""OB_FIRST_PANEL_05_HIRING_MANAGER_EV_APP0237_FIRST_INTERVIEW_PRACTITIONER_QA_M1_SKILL_04"",""OB_FIRST_PANEL_05_TECHNICAL_REVIEWER_EV_APP0237_FIRST_INTERVIEW_PRACTITIONER_QA_M1_SKILL_04"",""OB_FIRST_PANEL_05_ML_ENGINEER_EV_APP0237_FIRST_INTERVIEW_PRACTITIONER_QA_M1_SKILL_05"",""OB_FIRST_PANEL_05_HIRING_MANAGER_EV_APP0237_FIRST_INTERVIEW_PRACTITIONER_QA_M1_SKILL_05"",""OB_FIRST_PANEL_05_TECHNICAL_REVIEWER_EV_APP0237_FIRST_INTERVIEW_PRACTITIONER_QA_M1_SKILL_05"",""OB_FIRST_PANEL_05_ML_ENGINEER_EV_APP0237_FIRST_INTERVIEW_PRACTITIONER_QA_M1_SKILL_06"",""OB_FIRST_PANEL_05_HIRING_MANAGER_EV_APP0237_FIRST_INTERVIEW_PRACTITIONER_QA_M1_SKILL_06"",""OB_FIRST_PANEL_05_TECHNICAL_REVIEWER_EV_APP0237_FIRST_INTERVIEW_PRACTITIONER_QA_M1_SKILL_06"",""OB_FIRST_PANEL_05_ML_ENGINEER_EV_APP0237_FIRST_INTERVIEW_PRACTITIONER_QA_M1_SKILL_08"",""OB_FIRST_PANEL_05_HIRING_MANAGER_EV_APP0237_FIRST_INTERVIEW_PRACTITIONER_QA_M1_SKILL_08"",""OB_FIRST_PANEL_05_TECHNICAL_REVIEWER_EV_APP0237_FIRST_INTERVIEW_PRACTITIONER_QA_M1_SKILL_08""]}"
APP0238_FIRST_INTERVIEW,APP0238,C0238,FIRST_INTERVIEW,2026-12-02T16:21:00+09:00,2026-12-04T16:21:00+09:00,2026-12-24T09:00:00+09:00,2026-12-24T10:00:00+09:00,2026-12-27T10:15:00+09:00,2026-12-31T10:15:00+09:00,,ADVANCED,FIRST_EVIDENCE_REVIEWED,,SYNTHETIC_HUMAN_SCENARIO,"{""coverage"":{""M1_SKILL_01"":{""decisionable"":true,""observation_refs"":[""OB_FIRST_PANEL_06_ML_ENGINEER_EV_APP0238_FIRST_INTERVIEW_TECHNICAL_ASSESSMENT_M1_SKILL_01"",""OB_FIRST_PANEL_06_HIRING_MANAGER_EV_APP0238_FIRST_INTERVIEW_TECHNICAL_ASSESSMENT_M1_SKILL_01"",""OB_FIRST_PANEL_06_TECHNICAL_REVIEWER_EV_APP0238_FIRST_INTERVIEW_TECHNICAL_ASSESSMENT_M1_SKILL_01"",""OB_FIRST_PANEL_06_ML_ENGINEER_EV_APP0238_FIRST_INTERVIEW_AI_CASE_M1_SKILL_01"",""OB_FIRST_PANEL_06_HIRING_MANAGER_EV_APP0238_FIRST_INTERVIEW_AI_CASE_M1_SKILL_01"",""OB_FIRST_PANEL_06_TECHNICAL_REVIEWER_EV_APP0238_FIRST_INTERVIEW_AI_CASE_M1_SKILL_01""],""skill_decision_ref"":""DC_APP0238_M1_SKILL_01_000388"",""state"":""A""},""M1_SKILL_02"":{""decisionable"":true,""observation_refs"":[""OB_FIRST_PANEL_06_ML_ENGINEER_EV_APP0238_FIRST_INTERVIEW_TECHNICAL_ASSESSMENT_M1_SKILL_02"",""OB_FIRST_PANEL_06_HIRING_MANAGER_EV_APP0238_FIRST_INTERVIEW_TECHNICAL_ASSESSMENT_M1_SKILL_02"",""OB_FIRST_PANEL_06_TECHNICAL_REVIEWER_EV_APP0238_FIRST_INTERVIEW_TECHNICAL_ASSESSMENT_M1_SKILL_02""],""skill_decision_ref"":""DC_APP0238_M1_SKILL_02_000389"",""state"":""A""},""M1_SKILL_03"":{""decisionable"":true,""observation_refs"":[""OB_FIRST_PANEL_06_ML_ENGINEER_EV_APP0238_FIRST_INTERVIEW_AI_CASE_M1_SKILL_03"",""OB_FIRST_PANEL_06_HIRING_MANAGER_EV_APP0238_FIRST_INTERVIEW_AI_CASE_M1_SKILL_03"",""OB_FIRST_PANEL_06_TECHNICAL_REVIEWER_EV_APP0238_FIRST_INTERVIEW_AI_CASE_M1_SKILL_03""],""skill_decision_ref"":""DC_APP0238_M1_SKILL_03_000390"",""state"":""A""}},""criterion"":""CORE_DIRECT_COVERAGE"",""human_rationale"":""기술 핵심01/02/03의 직접 지지·명시적 제한·부족·미해결을 각각 검토. 점수/정원 없음."",""observation_refs"":[""OB_FIRST_PANEL_06_ML_ENGINEER_EV_APP0238_FIRST_INTERVIEW_TECHNICAL_ASSESSMENT_M1_SKILL_01"",""OB_FIRST_PANEL_06_HIRING_MANAGER_EV_APP0238_FIRST_INTERVIEW_TECHNICAL_ASSESSMENT_M1_SKILL_01"",""OB_FIRST_PANEL_06_TECHNICAL_REVIEWER_EV_APP0238_FIRST_INTERVIEW_TECHNICAL_ASSESSMENT_M1_SKILL_01"",""OB_FIRST_PANEL_06_ML_ENGINEER_EV_APP0238_FIRST_INTERVIEW_TECHNICAL_ASSESSMENT_M1_SKILL_02"",""OB_FIRST_PANEL_06_HIRING_MANAGER_EV_APP0238_FIRST_INTERVIEW_TECHNICAL_ASSESSMENT_M1_SKILL_02"",""OB_FIRST_PANEL_06_TECHNICAL_REVIEWER_EV_APP0238_FIRST_INTERVIEW_TECHNICAL_ASSESSMENT_M1_SKILL_02"",""OB_FIRST_PANEL_06_ML_ENGINEER_EV_APP0238_FIRST_INTERVIEW_TECHNICAL_ASSESSMENT_M1_SKILL_07"",""OB_FIRST_PANEL_06_HIRING_MANAGER_EV_APP0238_FIRST_INTERVIEW_TECHNICAL_ASSESSMENT_M1_SKILL_07"",""OB_FIRST_PANEL_06_TECHNICAL_REVIEWER_EV_APP0238_FIRST_INTERVIEW_TECHNICAL_ASSESSMENT_M1_SKILL_07"",""OB_FIRST_PANEL_06_ML_ENGINEER_EV_APP0238_FIRST_INTERVIEW_AI_CASE_M1_SKILL_01"",""OB_FIRST_PANEL_06_HIRING_MANAGER_EV_APP0238_FIRST_INTERVIEW_AI_CASE_M1_SKILL_01"",""OB_FIRST_PANEL_06_TECHNICAL_REVIEWER_EV_APP0238_FIRST_INTERVIEW_AI_CASE_M1_SKILL_01"",""OB_FIRST_PANEL_06_ML_ENGINEER_EV_APP0238_FIRST_INTERVIEW_AI_CASE_M1_SKILL_03"",""OB_FIRST_PANEL_06_HIRING_MANAGER_EV_APP0238_FIRST_INTERVIEW_AI_CASE_M1_SKILL_03"",""OB_FIRST_PANEL_06_TECHNICAL_REVIEWER_EV_APP0238_FIRST_INTERVIEW_AI_CASE_M1_SKILL_03"",""OB_FIRST_PANEL_06_ML_ENGINEER_EV_APP0238_FIRST_INTERVIEW_PRACTITIONER_QA_M1_SKILL_04"",""OB_FIRST_PANEL_06_HIRING_MANAGER_EV_APP0238_FIRST_INTERVIEW_PRACTITIONER_QA_M1_SKILL_04"",""OB_FIRST_PANEL_06_TECHNICAL_REVIEWER_EV_APP0238_FIRST_INTERVIEW_PRACTITIONER_QA_M1_SKILL_04"",""OB_FIRST_PANEL_06_ML_ENGINEER_EV_APP0238_FIRST_INTERVIEW_PRACTITIONER_QA_M1_SKILL_05"",""OB_FIRST_PANEL_06_HIRING_MANAGER_EV_APP0238_FIRST_INTERVIEW_PRACTITIONER_QA_M1_SKILL_05"",""OB_FIRST_PANEL_06_TECHNICAL_REVIEWER_EV_APP0238_FIRST_INTERVIEW_PRACTITIONER_QA_M1_SKILL_05"",""OB_FIRST_PANEL_06_ML_ENGINEER_EV_APP0238_FIRST_INTERVIEW_PRACTITIONER_QA_M1_SKILL_06"",""OB_FIRST_PANEL_06_HIRING_MANAGER_EV_APP0238_FIRST_INTERVIEW_PRACTITIONER_QA_M1_SKILL_06"",""OB_FIRST_PANEL_06_TECHNICAL_REVIEWER_EV_APP0238_FIRST_INTERVIEW_PRACTITIONER_QA_M1_SKILL_06"",""OB_FIRST_PANEL_06_ML_ENGINEER_EV_APP0238_FIRST_INTERVIEW_PRACTITIONER_QA_M1_SKILL_08"",""OB_FIRST_PANEL_06_HIRING_MANAGER_EV_APP0238_FIRST_INTERVIEW_PRACTITIONER_QA_M1_SKILL_08"",""OB_FIRST_PANEL_06_TECHNICAL_REVIEWER_EV_APP0238_FIRST_INTERVIEW_PRACTITIONER_QA_M1_SKILL_08""]}"
APP0240_FIRST_INTERVIEW,APP0240,C0240,FIRST_INTERVIEW,2026-12-02T16:21:00+09:00,2026-12-04T16:21:00+09:00,2026-12-24T09:00:00+09:00,,,,,IN_PROGRESS,,,,"{""motive"":""UNKNOWN"",""operational_state"":""NO_RESPONSE_PENDING""}"
APP0258_FIRST_INTERVIEW,APP0258,C0258,FIRST_INTERVIEW,2026-12-02T16:21:00+09:00,2026-12-04T16:21:00+09:00,2026-12-24T09:00:00+09:00,2026-12-24T10:00:00+09:00,2026-12-29T10:15:00+09:00,2026-12-31T10:15:00+09:00,,ADVANCED,FIRST_EVIDENCE_REVIEWED,,SYNTHETIC_HUMAN_SCENARIO,"{""coverage"":{""M1_SKILL_01"":{""decisionable"":true,""observation_refs"":[""OB_FIRST_PANEL_08_ML_ENGINEER_EV_APP0258_FIRST_INTERVIEW_TECHNICAL_ASSESSMENT_M1_SKILL_01"",""OB_FIRST_PANEL_08_HIRING_MANAGER_EV_APP0258_FIRST_INTERVIEW_TECHNICAL_ASSESSMENT_M1_SKILL_01"",""OB_FIRST_PANEL_08_TECHNICAL_REVIEWER_EV_APP0258_FIRST_INTERVIEW_TECHNICAL_ASSESSMENT_M1_SKILL_01"",""OB_FIRST_PANEL_08_ML_ENGINEER_EV_APP0258_FIRST_INTERVIEW_AI_CASE_M1_SKILL_01"",""OB_FIRST_PANEL_08_HIRING_MANAGER_EV_APP0258_FIRST_INTERVIEW_AI_CASE_M1_SKILL_01"",""OB_FIRST_PANEL_08_TECHNICAL_REVIEWER_EV_APP0258_FIRST_INTERVIEW_AI_CASE_M1_SKILL_01""],""skill_decision_ref"":""DC_APP0258_M1_SKILL_01_000396"",""state"":""A""},""M1_SKILL_02"":{""decisionable"":true,""observation_refs"":[""OB_FIRST_PANEL_08_ML_ENGINEER_EV_APP0258_FIRST_INTERVIEW_TECHNICAL_ASSESSMENT_M1_SKILL_02"",""OB_FIRST_PANEL_08_HIRING_MANAGER_EV_APP0258_FIRST_INTERVIEW_TECHNICAL_ASSESSMENT_M1_SKILL_02"",""OB_FIRST_PANEL_08_TECHNICAL_REVIEWER_EV_APP0258_FIRST_INTERVIEW_TECHNICAL_ASSESSMENT_M1_SKILL_02""],""skill_decision_ref"":""DC_APP0258_M1_SKILL_02_000397"",""state"":""A""},""M1_SKILL_03"":{""decisionable"":true,""observation_refs"":[""OB_FIRST_PANEL_08_ML_ENGINEER_EV_APP0258_FIRST_INTERVIEW_AI_CASE_M1_SKILL_03"",""OB_FIRST_PANEL_08_HIRING_MANAGER_EV_APP0258_FIRST_INTERVIEW_AI_CASE_M1_SKILL_03"",""OB_FIRST_PANEL_08_TECHNICAL_REVIEWER_EV_APP0258_FIRST_INTERVIEW_AI_CASE_M1_SKILL_03""],""skill_decision_ref"":""DC_APP0258_M1_SKILL_03_000398"",""state"":""A""}},""criterion"":""CORE_DIRECT_COVERAGE"",""human_rationale"":""기술 핵심01/02/03의 직접 지지·명시적 제한·부족·미해결을 각각 검토. 점수/정원 없음."",""observation_refs"":[""OB_FIRST_PANEL_08_ML_ENGINEER_EV_APP0258_FIRST_INTERVIEW_TECHNICAL_ASSESSMENT_M1_SKILL_01"",""OB_FIRST_PANEL_08_HIRING_MANAGER_EV_APP0258_FIRST_INTERVIEW_TECHNICAL_ASSESSMENT_M1_SKILL_01"",""OB_FIRST_PANEL_08_TECHNICAL_REVIEWER_EV_APP0258_FIRST_INTERVIEW_TECHNICAL_ASSESSMENT_M1_SKILL_01"",""OB_FIRST_PANEL_08_ML_ENGINEER_EV_APP0258_FIRST_INTERVIEW_TECHNICAL_ASSESSMENT_M1_SKILL_02"",""OB_FIRST_PANEL_08_HIRING_MANAGER_EV_APP0258_FIRST_INTERVIEW_TECHNICAL_ASSESSMENT_M1_SKILL_02"",""OB_FIRST_PANEL_08_TECHNICAL_REVIEWER_EV_APP0258_FIRST_INTERVIEW_TECHNICAL_ASSESSMENT_M1_SKILL_02"",""OB_FIRST_PANEL_08_ML_ENGINEER_EV_APP0258_FIRST_INTERVIEW_TECHNICAL_ASSESSMENT_M1_SKILL_07"",""OB_FIRST_PANEL_08_HIRING_MANAGER_EV_APP0258_FIRST_INTERVIEW_TECHNICAL_ASSESSMENT_M1_SKILL_07"",""OB_FIRST_PANEL_08_TECHNICAL_REVIEWER_EV_APP0258_FIRST_INTERVIEW_TECHNICAL_ASSESSMENT_M1_SKILL_07"",""OB_FIRST_PANEL_08_ML_ENGINEER_EV_APP0258_FIRST_INTERVIEW_AI_CASE_M1_SKILL_01"",""OB_FIRST_PANEL_08_HIRING_MANAGER_EV_APP0258_FIRST_INTERVIEW_AI_CASE_M1_SKILL_01"",""OB_FIRST_PANEL_08_TECHNICAL_REVIEWER_EV_APP0258_FIRST_INTERVIEW_AI_CASE_M1_SKILL_01"",""OB_FIRST_PANEL_08_ML_ENGINEER_EV_APP0258_FIRST_INTERVIEW_AI_CASE_M1_SKILL_03"",""OB_FIRST_PANEL_08_HIRING_MANAGER_EV_APP0258_FIRST_INTERVIEW_AI_CASE_M1_SKILL_03"",""OB_FIRST_PANEL_08_TECHNICAL_REVIEWER_EV_APP0258_FIRST_INTERVIEW_AI_CASE_M1_SKILL_03"",""OB_FIRST_PANEL_08_ML_ENGINEER_EV_APP0258_FIRST_INTERVIEW_PRACTITIONER_QA_M1_SKILL_04"",""OB_FIRST_PANEL_08_HIRING_MANAGER_EV_APP0258_FIRST_INTERVIEW_PRACTITIONER_QA_M1_SKILL_04"",""OB_FIRST_PANEL_08_TECHNICAL_REVIEWER_EV_APP0258_FIRST_INTERVIEW_PRACTITIONER_QA_M1_SKILL_04"",""OB_FIRST_PANEL_08_ML_ENGINEER_EV_APP0258_FIRST_INTERVIEW_PRACTITIONER_QA_M1_SKILL_05"",""OB_FIRST_PANEL_08_HIRING_MANAGER_EV_APP0258_FIRST_INTERVIEW_PRACTITIONER_QA_M1_SKILL_05"",""OB_FIRST_PANEL_08_TECHNICAL_REVIEWER_EV_APP0258_FIRST_INTERVIEW_PRACTITIONER_QA_M1_SKILL_05"",""OB_FIRST_PANEL_08_ML_ENGINEER_EV_APP0258_FIRST_INTERVIEW_PRACTITIONER_QA_M1_SKILL_06"",""OB_FIRST_PANEL_08_HIRING_MANAGER_EV_APP0258_FIRST_INTERVIEW_PRACTITIONER_QA_M1_SKILL_06"",""OB_FIRST_PANEL_08_TECHNICAL_REVIEWER_EV_APP0258_FIRST_INTERVIEW_PRACTITIONER_QA_M1_SKILL_06"",""OB_FIRST_PANEL_08_ML_ENGINEER_EV_APP0258_FIRST_INTERVIEW_PRACTITIONER_QA_M1_SKILL_08"",""OB_FIRST_PANEL_08_HIRING_MANAGER_EV_APP0258_FIRST_INTERVIEW_PRACTITIONER_QA_M1_SKILL_08"",""OB_FIRST_PANEL_08_TECHNICAL_REVIEWER_EV_APP0258_FIRST_INTERVIEW_PRACTITIONER_QA_M1_SKILL_08""]}"
APP0268_FIRST_INTERVIEW,APP0268,C0268,FIRST_INTERVIEW,2026-12-02T16:21:00+09:00,2026-12-04T16:21:00+09:00,2026-12-24T09:00:00+09:00,2026-12-24T10:00:00+09:00,2026-12-27T10:15:00+09:00,2026-12-27T10:15:00+09:00,,IN_PROGRESS,EVIDENCE_PENDING,,SYNTHETIC_HUMAN_SCENARIO,"{""coverage"":{""M1_SKILL_01"":{""decisionable"":true,""observation_refs"":[""OB_FIRST_PANEL_09_ML_ENGINEER_EV_APP0268_FIRST_INTERVIEW_TECHNICAL_ASSESSMENT_M1_SKILL_01"",""OB_FIRST_PANEL_09_HIRING_MANAGER_EV_APP0268_FIRST_INTERVIEW_TECHNICAL_ASSESSMENT_M1_SKILL_01"",""OB_FIRST_PANEL_09_TECHNICAL_REVIEWER_EV_APP0268_FIRST_INTERVIEW_TECHNICAL_ASSESSMENT_M1_SKILL_01"",""OB_FIRST_PANEL_09_ML_ENGINEER_EV_APP0268_FIRST_INTERVIEW_AI_CASE_M1_SKILL_01"",""OB_FIRST_PANEL_09_HIRING_MANAGER_EV_APP0268_FIRST_INTERVIEW_AI_CASE_M1_SKILL_01"",""OB_FIRST_PANEL_09_TECHNICAL_REVIEWER_EV_APP0268_FIRST_INTERVIEW_AI_CASE_M1_SKILL_01""],""skill_decision_ref"":""DC_APP0268_M1_SKILL_01_000404"",""state"":""A""},""M1_SKILL_02"":{""decisionable"":false,""observation_refs"":[""OB_FIRST_PANEL_09_ML_ENGINEER_EV_APP0268_FIRST_INTERVIEW_TECHNICAL_ASSESSMENT_M1_SKILL_02"",""OB_FIRST_PANEL_09_HIRING_MANAGER_EV_APP0268_FIRST_INTERVIEW_TECHNICAL_ASSESSMENT_M1_SKILL_02"",""OB_FIRST_PANEL_09_TECHNICAL_REVIEWER_EV_APP0268_FIRST_INTERVIEW_TECHNICAL_ASSESSMENT_M1_SKILL_02""],""skill_decision_ref"":""DC_APP0268_M1_SKILL_02_000405"",""state"":""C""},""M1_SKILL_03"":{""decisionable"":false,""observation_refs"":[""OB_FIRST_PANEL_09_ML_ENGINEER_EV_APP0268_FIRST_INTERVIEW_AI_CASE_M1_SKILL_03"",""OB_FIRST_PANEL_09_HIRING_MANAGER_EV_APP0268_FIRST_INTERVIEW_AI_CASE_M1_SKILL_03"",""OB_FIRST_PANEL_09_TECHNICAL_REVIEWER_EV_APP0268_FIRST_INTERVIEW_AI_CASE_M1_SKILL_03""],""skill_decision_ref"":""DC_APP0268_M1_SKILL_03_000406"",""state"":""D""}},""criterion"":""CORE_DIRECT_COVERAGE"",""human_rationale"":""기술 핵심01/02/03의 직접 지지·명시적 제한·부족·미해결을 각각 검토. 점수/정원 없음."",""observation_refs"":[""OB_FIRST_PANEL_09_ML_ENGINEER_EV_APP0268_FIRST_INTERVIEW_TECHNICAL_ASSESSMENT_M1_SKILL_01"",""OB_FIRST_PANEL_09_HIRING_MANAGER_EV_APP0268_FIRST_INTERVIEW_TECHNICAL_ASSESSMENT_M1_SKILL_01"",""OB_FIRST_PANEL_09_TECHNICAL_REVIEWER_EV_APP0268_FIRST_INTERVIEW_TECHNICAL_ASSESSMENT_M1_SKILL_01"",""OB_FIRST_PANEL_09_ML_ENGINEER_EV_APP0268_FIRST_INTERVIEW_TECHNICAL_ASSESSMENT_M1_SKILL_02"",""OB_FIRST_PANEL_09_HIRING_MANAGER_EV_APP0268_FIRST_INTERVIEW_TECHNICAL_ASSESSMENT_M1_SKILL_02"",""OB_FIRST_PANEL_09_TECHNICAL_REVIEWER_EV_APP0268_FIRST_INTERVIEW_TECHNICAL_ASSESSMENT_M1_SKILL_02"",""OB_FIRST_PANEL_09_ML_ENGINEER_EV_APP0268_FIRST_INTERVIEW_TECHNICAL_ASSESSMENT_M1_SKILL_07"",""OB_FIRST_PANEL_09_HIRING_MANAGER_EV_APP0268_FIRST_INTERVIEW_TECHNICAL_ASSESSMENT_M1_SKILL_07"",""OB_FIRST_PANEL_09_TECHNICAL_REVIEWER_EV_APP0268_FIRST_INTERVIEW_TECHNICAL_ASSESSMENT_M1_SKILL_07"",""OB_FIRST_PANEL_09_ML_ENGINEER_EV_APP0268_FIRST_INTERVIEW_AI_CASE_M1_SKILL_01"",""OB_FIRST_PANEL_09_HIRING_MANAGER_EV_APP0268_FIRST_INTERVIEW_AI_CASE_M1_SKILL_01"",""OB_FIRST_PANEL_09_TECHNICAL_REVIEWER_EV_APP0268_FIRST_INTERVIEW_AI_CASE_M1_SKILL_01"",""OB_FIRST_PANEL_09_ML_ENGINEER_EV_APP0268_FIRST_INTERVIEW_AI_CASE_M1_SKILL_03"",""OB_FIRST_PANEL_09_HIRING_MANAGER_EV_APP0268_FIRST_INTERVIEW_AI_CASE_M1_SKILL_03"",""OB_FIRST_PANEL_09_TECHNICAL_REVIEWER_EV_APP0268_FIRST_INTERVIEW_AI_CASE_M1_SKILL_03"",""OB_FIRST_PANEL_09_ML_ENGINEER_EV_APP0268_FIRST_INTERVIEW_PRACTITIONER_QA_M1_SKILL_04"",""OB_FIRST_PANEL_09_HIRING_MANAGER_EV_APP0268_FIRST_INTERVIEW_PRACTITIONER_QA_M1_SKILL_04"",""OB_FIRST_PANEL_09_TECHNICAL_REVIEWER_EV_APP0268_FIRST_INTERVIEW_PRACTITIONER_QA_M1_SKILL_04"",""OB_FIRST_PANEL_09_ML_ENGINEER_EV_APP0268_FIRST_INTERVIEW_PRACTITIONER_QA_M1_SKILL_05"",""OB_FIRST_PANEL_09_HIRING_MANAGER_EV_APP0268_FIRST_INTERVIEW_PRACTITIONER_QA_M1_SKILL_05"",""OB_FIRST_PANEL_09_TECHNICAL_REVIEWER_EV_APP0268_FIRST_INTERVIEW_PRACTITIONER_QA_M1_SKILL_05"",""OB_FIRST_PANEL_09_ML_ENGINEER_EV_APP0268_FIRST_INTERVIEW_PRACTITIONER_QA_M1_SKILL_06"",""OB_FIRST_PANEL_09_HIRING_MANAGER_EV_APP0268_FIRST_INTERVIEW_PRACTITIONER_QA_M1_SKILL_06"",""OB_FIRST_PANEL_09_TECHNICAL_REVIEWER_EV_APP0268_FIRST_INTERVIEW_PRACTITIONER_QA_M1_SKILL_06"",""OB_FIRST_PANEL_09_ML_ENGINEER_EV_APP0268_FIRST_INTERVIEW_PRACTITIONER_QA_M1_SKILL_08"",""OB_FIRST_PANEL_09_HIRING_MANAGER_EV_APP0268_FIRST_INTERVIEW_PRACTITIONER_QA_M1_SKILL_08"",""OB_FIRST_PANEL_09_TECHNICAL_REVIEWER_EV_APP0268_FIRST_INTERVIEW_PRACTITIONER_QA_M1_SKILL_08""],""operational_state"":""EVIDENCE_PENDING""}"
APP0269_FIRST_INTERVIEW,APP0269,C0269,FIRST_INTERVIEW,2026-12-02T16:21:00+09:00,2026-12-04T16:21:00+09:00,2026-12-24T09:00:00+09:00,2026-12-24T10:00:00+09:00,2026-12-27T10:15:00+09:00,2026-12-28T10:15:00+09:00,,IN_PROGRESS,EVIDENCE_PENDING,,SYNTHETIC_HUMAN_SCENARIO,"{""coverage"":{""M1_SKILL_01"":{""decisionable"":true,""observation_refs"":[""OB_FIRST_PANEL_10_ML_ENGINEER_EV_APP0269_FIRST_INTERVIEW_TECHNICAL_ASSESSMENT_M1_SKILL_01"",""OB_FIRST_PANEL_10_HIRING_MANAGER_EV_APP0269_FIRST_INTERVIEW_TECHNICAL_ASSESSMENT_M1_SKILL_01"",""OB_FIRST_PANEL_10_TECHNICAL_REVIEWER_EV_APP0269_FIRST_INTERVIEW_TECHNICAL_ASSESSMENT_M1_SKILL_01"",""OB_FIRST_PANEL_10_ML_ENGINEER_EV_APP0269_FIRST_INTERVIEW_AI_CASE_M1_SKILL_01"",""OB_FIRST_PANEL_10_HIRING_MANAGER_EV_APP0269_FIRST_INTERVIEW_AI_CASE_M1_SKILL_01"",""OB_FIRST_PANEL_10_TECHNICAL_REVIEWER_EV_APP0269_FIRST_INTERVIEW_AI_CASE_M1_SKILL_01""],""skill_decision_ref"":""DC_APP0269_M1_SKILL_01_000412"",""state"":""A""},""M1_SKILL_02"":{""decisionable"":false,""observation_refs"":[""OB_FIRST_PANEL_10_ML_ENGINEER_EV_APP0269_FIRST_INTERVIEW_TECHNICAL_ASSESSMENT_M1_SKILL_02"",""OB_FIRST_PANEL_10_HIRING_MANAGER_EV_APP0269_FIRST_INTERVIEW_TECHNICAL_ASSESSMENT_M1_SKILL_02"",""OB_FIRST_PANEL_10_TECHNICAL_REVIEWER_EV_APP0269_FIRST_INTERVIEW_TECHNICAL_ASSESSMENT_M1_SKILL_02""],""skill_decision_ref"":""DC_APP0269_M1_SKILL_02_000413"",""state"":""D""},""M1_SKILL_03"":{""decisionable"":false,""observation_refs"":[""OB_FIRST_PANEL_10_ML_ENGINEER_EV_APP0269_FIRST_INTERVIEW_AI_CASE_M1_SKILL_03"",""OB_FIRST_PANEL_10_HIRING_MANAGER_EV_APP0269_FIRST_INTERVIEW_AI_CASE_M1_SKILL_03"",""OB_FIRST_PANEL_10_TECHNICAL_REVIEWER_EV_APP0269_FIRST_INTERVIEW_AI_CASE_M1_SKILL_03""],""skill_decision_ref"":""DC_APP0269_M1_SKILL_03_000414"",""state"":""C""}},""criterion"":""CORE_DIRECT_COVERAGE"",""human_rationale"":""기술 핵심01/02/03의 직접 지지·명시적 제한·부족·미해결을 각각 검토. 점수/정원 없음."",""observation_refs"":[""OB_FIRST_PANEL_10_ML_ENGINEER_EV_APP0269_FIRST_INTERVIEW_TECHNICAL_ASSESSMENT_M1_SKILL_01"",""OB_FIRST_PANEL_10_HIRING_MANAGER_EV_APP0269_FIRST_INTERVIEW_TECHNICAL_ASSESSMENT_M1_SKILL_01"",""OB_FIRST_PANEL_10_TECHNICAL_REVIEWER_EV_APP0269_FIRST_INTERVIEW_TECHNICAL_ASSESSMENT_M1_SKILL_01"",""OB_FIRST_PANEL_10_ML_ENGINEER_EV_APP0269_FIRST_INTERVIEW_TECHNICAL_ASSESSMENT_M1_SKILL_02"",""OB_FIRST_PANEL_10_HIRING_MANAGER_EV_APP0269_FIRST_INTERVIEW_TECHNICAL_ASSESSMENT_M1_SKILL_02"",""OB_FIRST_PANEL_10_TECHNICAL_REVIEWER_EV_APP0269_FIRST_INTERVIEW_TECHNICAL_ASSESSMENT_M1_SKILL_02"",""OB_FIRST_PANEL_10_ML_ENGINEER_EV_APP0269_FIRST_INTERVIEW_TECHNICAL_ASSESSMENT_M1_SKILL_07"",""OB_FIRST_PANEL_10_HIRING_MANAGER_EV_APP0269_FIRST_INTERVIEW_TECHNICAL_ASSESSMENT_M1_SKILL_07"",""OB_FIRST_PANEL_10_TECHNICAL_REVIEWER_EV_APP0269_FIRST_INTERVIEW_TECHNICAL_ASSESSMENT_M1_SKILL_07"",""OB_FIRST_PANEL_10_ML_ENGINEER_EV_APP0269_FIRST_INTERVIEW_AI_CASE_M1_SKILL_01"",""OB_FIRST_PANEL_10_HIRING_MANAGER_EV_APP0269_FIRST_INTERVIEW_AI_CASE_M1_SKILL_01"",""OB_FIRST_PANEL_10_TECHNICAL_REVIEWER_EV_APP0269_FIRST_INTERVIEW_AI_CASE_M1_SKILL_01"",""OB_FIRST_PANEL_10_ML_ENGINEER_EV_APP0269_FIRST_INTERVIEW_AI_CASE_M1_SKILL_03"",""OB_FIRST_PANEL_10_HIRING_MANAGER_EV_APP0269_FIRST_INTERVIEW_AI_CASE_M1_SKILL_03"",""OB_FIRST_PANEL_10_TECHNICAL_REVIEWER_EV_APP0269_FIRST_INTERVIEW_AI_CASE_M1_SKILL_03"",""OB_FIRST_PANEL_10_ML_ENGINEER_EV_APP0269_FIRST_INTERVIEW_PRACTITIONER_QA_M1_SKILL_04"",""OB_FIRST_PANEL_10_HIRING_MANAGER_EV_APP0269_FIRST_INTERVIEW_PRACTITIONER_QA_M1_SKILL_04"",""OB_FIRST_PANEL_10_TECHNICAL_REVIEWER_EV_APP0269_FIRST_INTERVIEW_PRACTITIONER_QA_M1_SKILL_04"",""OB_FIRST_PANEL_10_ML_ENGINEER_EV_APP0269_FIRST_INTERVIEW_PRACTITIONER_QA_M1_SKILL_05"",""OB_FIRST_PANEL_10_HIRING_MANAGER_EV_APP0269_FIRST_INTERVIEW_PRACTITIONER_QA_M1_SKILL_05"",""OB_FIRST_PANEL_10_TECHNICAL_REVIEWER_EV_APP0269_FIRST_INTERVIEW_PRACTITIONER_QA_M1_SKILL_05"",""OB_FIRST_PANEL_10_ML_ENGINEER_EV_APP0269_FIRST_INTERVIEW_PRACTITIONER_QA_M1_SKILL_06"",""OB_FIRST_PANEL_10_HIRING_MANAGER_EV_APP0269_FIRST_INTERVIEW_PRACTITIONER_QA_M1_SKILL_06"",""OB_FIRST_PANEL_10_TECHNICAL_REVIEWER_EV_APP0269_FIRST_INTERVIEW_PRACTITIONER_QA_M1_SKILL_06"",""OB_FIRST_PANEL_10_ML_ENGINEER_EV_APP0269_FIRST_INTERVIEW_PRACTITIONER_QA_M1_SKILL_08"",""OB_FIRST_PANEL_10_HIRING_MANAGER_EV_APP0269_FIRST_INTERVIEW_PRACTITIONER_QA_M1_SKILL_08"",""OB_FIRST_PANEL_10_TECHNICAL_REVIEWER_EV_APP0269_FIRST_INTERVIEW_PRACTITIONER_QA_M1_SKILL_08""],""operational_state"":""EVIDENCE_PENDING""}"
APP0270_FIRST_INTERVIEW,APP0270,C0270,FIRST_INTERVIEW,2026-12-02T16:21:00+09:00,2026-12-04T16:21:00+09:00,2026-12-28T09:00:00+09:00,2026-12-28T10:00:00+09:00,2026-12-30T10:00:00+09:00,2027-01-01T10:00:00+09:00,,IN_PROGRESS,EVIDENCE_PENDING,,SYNTHETIC_HUMAN_SCENARIO,"{""coverage"":{""M1_SKILL_01"":{""decisionable"":true,""observation_refs"":[""OB_FIRST_PANEL_01_ML_ENGINEER_EV_APP0270_FIRST_INTERVIEW_TECHNICAL_ASSESSMENT_M1_SKILL_01"",""OB_FIRST_PANEL_01_HIRING_MANAGER_EV_APP0270_FIRST_INTERVIEW_TECHNICAL_ASSESSMENT_M1_SKILL_01"",""OB_FIRST_PANEL_01_TECHNICAL_REVIEWER_EV_APP0270_FIRST_INTERVIEW_TECHNICAL_ASSESSMENT_M1_SKILL_01"",""OB_FIRST_PANEL_01_ML_ENGINEER_EV_APP0270_FIRST_INTERVIEW_AI_CASE_M1_SKILL_01"",""OB_FIRST_PANEL_01_HIRING_MANAGER_EV_APP0270_FIRST_INTERVIEW_AI_CASE_M1_SKILL_01"",""OB_FIRST_PANEL_01_TECHNICAL_REVIEWER_EV_APP0270_FIRST_INTERVIEW_AI_CASE_M1_SKILL_01""],""skill_decision_ref"":""DC_APP0270_M1_SKILL_01_000420"",""state"":""A""},""M1_SKILL_02"":{""decisionable"":true,""observation_refs"":[""OB_FIRST_PANEL_01_ML_ENGINEER_EV_APP0270_FIRST_INTERVIEW_TECHNICAL_ASSESSMENT_M1_SKILL_02"",""OB_FIRST_PANEL_01_HIRING_MANAGER_EV_APP0270_FIRST_INTERVIEW_TECHNICAL_ASSESSMENT_M1_SKILL_02"",""OB_FIRST_PANEL_01_TECHNICAL_REVIEWER_EV_APP0270_FIRST_INTERVIEW_TECHNICAL_ASSESSMENT_M1_SKILL_02""],""skill_decision_ref"":""DC_APP0270_M1_SKILL_02_000421"",""state"":""A""},""M1_SKILL_03"":{""decisionable"":false,""observation_refs"":[""OB_FIRST_PANEL_01_ML_ENGINEER_EV_APP0270_FIRST_INTERVIEW_AI_CASE_M1_SKILL_03"",""OB_FIRST_PANEL_01_HIRING_MANAGER_EV_APP0270_FIRST_INTERVIEW_AI_CASE_M1_SKILL_03"",""OB_FIRST_PANEL_01_TECHNICAL_REVIEWER_EV_APP0270_FIRST_INTERVIEW_AI_CASE_M1_SKILL_03""],""skill_decision_ref"":""DC_APP0270_M1_SKILL_03_000422"",""state"":""D""}},""criterion"":""CORE_DIRECT_COVERAGE"",""human_rationale"":""기술 핵심01/02/03의 직접 지지·명시적 제한·부족·미해결을 각각 검토. 점수/정원 없음."",""observation_refs"":[""OB_FIRST_PANEL_01_ML_ENGINEER_EV_APP0270_FIRST_INTERVIEW_TECHNICAL_ASSESSMENT_M1_SKILL_01"",""OB_FIRST_PANEL_01_HIRING_MANAGER_EV_APP0270_FIRST_INTERVIEW_TECHNICAL_ASSESSMENT_M1_SKILL_01"",""OB_FIRST_PANEL_01_TECHNICAL_REVIEWER_EV_APP0270_FIRST_INTERVIEW_TECHNICAL_ASSESSMENT_M1_SKILL_01"",""OB_FIRST_PANEL_01_ML_ENGINEER_EV_APP0270_FIRST_INTERVIEW_TECHNICAL_ASSESSMENT_M1_SKILL_02"",""OB_FIRST_PANEL_01_HIRING_MANAGER_EV_APP0270_FIRST_INTERVIEW_TECHNICAL_ASSESSMENT_M1_SKILL_02"",""OB_FIRST_PANEL_01_TECHNICAL_REVIEWER_EV_APP0270_FIRST_INTERVIEW_TECHNICAL_ASSESSMENT_M1_SKILL_02"",""OB_FIRST_PANEL_01_ML_ENGINEER_EV_APP0270_FIRST_INTERVIEW_TECHNICAL_ASSESSMENT_M1_SKILL_07"",""OB_FIRST_PANEL_01_HIRING_MANAGER_EV_APP0270_FIRST_INTERVIEW_TECHNICAL_ASSESSMENT_M1_SKILL_07"",""OB_FIRST_PANEL_01_TECHNICAL_REVIEWER_EV_APP0270_FIRST_INTERVIEW_TECHNICAL_ASSESSMENT_M1_SKILL_07"",""OB_FIRST_PANEL_01_ML_ENGINEER_EV_APP0270_FIRST_INTERVIEW_AI_CASE_M1_SKILL_01"",""OB_FIRST_PANEL_01_HIRING_MANAGER_EV_APP0270_FIRST_INTERVIEW_AI_CASE_M1_SKILL_01"",""OB_FIRST_PANEL_01_TECHNICAL_REVIEWER_EV_APP0270_FIRST_INTERVIEW_AI_CASE_M1_SKILL_01"",""OB_FIRST_PANEL_01_ML_ENGINEER_EV_APP0270_FIRST_INTERVIEW_AI_CASE_M1_SKILL_03"",""OB_FIRST_PANEL_01_HIRING_MANAGER_EV_APP0270_FIRST_INTERVIEW_AI_CASE_M1_SKILL_03"",""OB_FIRST_PANEL_01_TECHNICAL_REVIEWER_EV_APP0270_FIRST_INTERVIEW_AI_CASE_M1_SKILL_03"",""OB_FIRST_PANEL_01_ML_ENGINEER_EV_APP0270_FIRST_INTERVIEW_PRACTITIONER_QA_M1_SKILL_04"",""OB_FIRST_PANEL_01_HIRING_MANAGER_EV_APP0270_FIRST_INTERVIEW_PRACTITIONER_QA_M1_SKILL_04"",""OB_FIRST_PANEL_01_TECHNICAL_REVIEWER_EV_APP0270_FIRST_INTERVIEW_PRACTITIONER_QA_M1_SKILL_04"",""OB_FIRST_PANEL_01_ML_ENGINEER_EV_APP0270_FIRST_INTERVIEW_PRACTITIONER_QA_M1_SKILL_05"",""OB_FIRST_PANEL_01_HIRING_MANAGER_EV_APP0270_FIRST_INTERVIEW_PRACTITIONER_QA_M1_SKILL_05"",""OB_FIRST_PANEL_01_TECHNICAL_REVIEWER_EV_APP0270_FIRST_INTERVIEW_PRACTITIONER_QA_M1_SKILL_05"",""OB_FIRST_PANEL_01_ML_ENGINEER_EV_APP0270_FIRST_INTERVIEW_PRACTITIONER_QA_M1_SKILL_06"",""OB_FIRST_PANEL_01_HIRING_MANAGER_EV_APP0270_FIRST_INTERVIEW_PRACTITIONER_QA_M1_SKILL_06"",""OB_FIRST_PANEL_01_TECHNICAL_REVIEWER_EV_APP0270_FIRST_INTERVIEW_PRACTITIONER_QA_M1_SKILL_06"",""OB_FIRST_PANEL_01_ML_ENGINEER_EV_APP0270_FIRST_INTERVIEW_PRACTITIONER_QA_M1_SKILL_08"",""OB_FIRST_PANEL_01_HIRING_MANAGER_EV_APP0270_FIRST_INTERVIEW_PRACTITIONER_QA_M1_SKILL_08"",""OB_FIRST_PANEL_01_TECHNICAL_REVIEWER_EV_APP0270_FIRST_INTERVIEW_PRACTITIONER_QA_M1_SKILL_08""],""operational_state"":""EVIDENCE_PENDING""}"
APP0285_FIRST_INTERVIEW,APP0285,C0285,FIRST_INTERVIEW,2026-12-02T16:21:00+09:00,2026-12-04T16:21:00+09:00,2026-12-28T09:00:00+09:00,2026-12-28T10:00:00+09:00,2026-12-30T10:00:00+09:00,2027-01-01T10:00:00+09:00,,ADVANCED,FIRST_EVIDENCE_REVIEWED,,SYNTHETIC_HUMAN_SCENARIO,"{""coverage"":{""M1_SKILL_01"":{""decisionable"":true,""observation_refs"":[""OB_FIRST_PANEL_02_ML_ENGINEER_EV_APP0285_FIRST_INTERVIEW_TECHNICAL_ASSESSMENT_M1_SKILL_01"",""OB_FIRST_PANEL_02_HIRING_MANAGER_EV_APP0285_FIRST_INTERVIEW_TECHNICAL_ASSESSMENT_M1_SKILL_01"",""OB_FIRST_PANEL_02_TECHNICAL_REVIEWER_EV_APP0285_FIRST_INTERVIEW_TECHNICAL_ASSESSMENT_M1_SKILL_01"",""OB_FIRST_PANEL_02_ML_ENGINEER_EV_APP0285_FIRST_INTERVIEW_AI_CASE_M1_SKILL_01"",""OB_FIRST_PANEL_02_HIRING_MANAGER_EV_APP0285_FIRST_INTERVIEW_AI_CASE_M1_SKILL_01"",""OB_FIRST_PANEL_02_TECHNICAL_REVIEWER_EV_APP0285_FIRST_INTERVIEW_AI_CASE_M1_SKILL_01""],""skill_decision_ref"":""DC_APP0285_M1_SKILL_01_000428"",""state"":""A""},""M1_SKILL_02"":{""decisionable"":true,""observation_refs"":[""OB_FIRST_PANEL_02_ML_ENGINEER_EV_APP0285_FIRST_INTERVIEW_TECHNICAL_ASSESSMENT_M1_SKILL_02"",""OB_FIRST_PANEL_02_HIRING_MANAGER_EV_APP0285_FIRST_INTERVIEW_TECHNICAL_ASSESSMENT_M1_SKILL_02"",""OB_FIRST_PANEL_02_TECHNICAL_REVIEWER_EV_APP0285_FIRST_INTERVIEW_TECHNICAL_ASSESSMENT_M1_SKILL_02""],""skill_decision_ref"":""DC_APP0285_M1_SKILL_02_000429"",""state"":""A""},""M1_SKILL_03"":{""decisionable"":true,""observation_refs"":[""OB_FIRST_PANEL_02_ML_ENGINEER_EV_APP0285_FIRST_INTERVIEW_AI_CASE_M1_SKILL_03"",""OB_FIRST_PANEL_02_HIRING_MANAGER_EV_APP0285_FIRST_INTERVIEW_AI_CASE_M1_SKILL_03"",""OB_FIRST_PANEL_02_TECHNICAL_REVIEWER_EV_APP0285_FIRST_INTERVIEW_AI_CASE_M1_SKILL_03""],""skill_decision_ref"":""DC_APP0285_M1_SKILL_03_000430"",""state"":""A""}},""criterion"":""CORE_DIRECT_COVERAGE"",""human_rationale"":""기술 핵심01/02/03의 직접 지지·명시적 제한·부족·미해결을 각각 검토. 점수/정원 없음."",""observation_refs"":[""OB_FIRST_PANEL_02_ML_ENGINEER_EV_APP0285_FIRST_INTERVIEW_TECHNICAL_ASSESSMENT_M1_SKILL_01"",""OB_FIRST_PANEL_02_HIRING_MANAGER_EV_APP0285_FIRST_INTERVIEW_TECHNICAL_ASSESSMENT_M1_SKILL_01"",""OB_FIRST_PANEL_02_TECHNICAL_REVIEWER_EV_APP0285_FIRST_INTERVIEW_TECHNICAL_ASSESSMENT_M1_SKILL_01"",""OB_FIRST_PANEL_02_ML_ENGINEER_EV_APP0285_FIRST_INTERVIEW_TECHNICAL_ASSESSMENT_M1_SKILL_02"",""OB_FIRST_PANEL_02_HIRING_MANAGER_EV_APP0285_FIRST_INTERVIEW_TECHNICAL_ASSESSMENT_M1_SKILL_02"",""OB_FIRST_PANEL_02_TECHNICAL_REVIEWER_EV_APP0285_FIRST_INTERVIEW_TECHNICAL_ASSESSMENT_M1_SKILL_02"",""OB_FIRST_PANEL_02_ML_ENGINEER_EV_APP0285_FIRST_INTERVIEW_TECHNICAL_ASSESSMENT_M1_SKILL_07"",""OB_FIRST_PANEL_02_HIRING_MANAGER_EV_APP0285_FIRST_INTERVIEW_TECHNICAL_ASSESSMENT_M1_SKILL_07"",""OB_FIRST_PANEL_02_TECHNICAL_REVIEWER_EV_APP0285_FIRST_INTERVIEW_TECHNICAL_ASSESSMENT_M1_SKILL_07"",""OB_FIRST_PANEL_02_ML_ENGINEER_EV_APP0285_FIRST_INTERVIEW_AI_CASE_M1_SKILL_01"",""OB_FIRST_PANEL_02_HIRING_MANAGER_EV_APP0285_FIRST_INTERVIEW_AI_CASE_M1_SKILL_01"",""OB_FIRST_PANEL_02_TECHNICAL_REVIEWER_EV_APP0285_FIRST_INTERVIEW_AI_CASE_M1_SKILL_01"",""OB_FIRST_PANEL_02_ML_ENGINEER_EV_APP0285_FIRST_INTERVIEW_AI_CASE_M1_SKILL_03"",""OB_FIRST_PANEL_02_HIRING_MANAGER_EV_APP0285_FIRST_INTERVIEW_AI_CASE_M1_SKILL_03"",""OB_FIRST_PANEL_02_TECHNICAL_REVIEWER_EV_APP0285_FIRST_INTERVIEW_AI_CASE_M1_SKILL_03"",""OB_FIRST_PANEL_02_ML_ENGINEER_EV_APP0285_FIRST_INTERVIEW_PRACTITIONER_QA_M1_SKILL_04"",""OB_FIRST_PANEL_02_HIRING_MANAGER_EV_APP0285_FIRST_INTERVIEW_PRACTITIONER_QA_M1_SKILL_04"",""OB_FIRST_PANEL_02_TECHNICAL_REVIEWER_EV_APP0285_FIRST_INTERVIEW_PRACTITIONER_QA_M1_SKILL_04"",""OB_FIRST_PANEL_02_ML_ENGINEER_EV_APP0285_FIRST_INTERVIEW_PRACTITIONER_QA_M1_SKILL_05"",""OB_FIRST_PANEL_02_HIRING_MANAGER_EV_APP0285_FIRST_INTERVIEW_PRACTITIONER_QA_M1_SKILL_05"",""OB_FIRST_PANEL_02_TECHNICAL_REVIEWER_EV_APP0285_FIRST_INTERVIEW_PRACTITIONER_QA_M1_SKILL_05"",""OB_FIRST_PANEL_02_ML_ENGINEER_EV_APP0285_FIRST_INTERVIEW_PRACTITIONER_QA_M1_SKILL_06"",""OB_FIRST_PANEL_02_HIRING_MANAGER_EV_APP0285_FIRST_INTERVIEW_PRACTITIONER_QA_M1_SKILL_06"",""OB_FIRST_PANEL_02_TECHNICAL_REVIEWER_EV_APP0285_FIRST_INTERVIEW_PRACTITIONER_QA_M1_SKILL_06"",""OB_FIRST_PANEL_02_ML_ENGINEER_EV_APP0285_FIRST_INTERVIEW_PRACTITIONER_QA_M1_SKILL_08"",""OB_FIRST_PANEL_02_HIRING_MANAGER_EV_APP0285_FIRST_INTERVIEW_PRACTITIONER_QA_M1_SKILL_08"",""OB_FIRST_PANEL_02_TECHNICAL_REVIEWER_EV_APP0285_FIRST_INTERVIEW_PRACTITIONER_QA_M1_SKILL_08""]}"
APP0289_FIRST_INTERVIEW,APP0289,C0289,FIRST_INTERVIEW,2026-12-02T16:21:00+09:00,2026-12-04T16:21:00+09:00,2026-12-28T09:00:00+09:00,2026-12-28T10:00:00+09:00,2026-12-31T10:00:00+09:00,2026-12-31T10:00:00+09:00,,FAILED,CORE_DIRECT_LIMITATION,,SYNTHETIC_HUMAN_SCENARIO,"{""coverage"":{""M1_SKILL_01"":{""decisionable"":true,""observation_refs"":[""OB_FIRST_PANEL_03_ML_ENGINEER_EV_APP0289_FIRST_INTERVIEW_TECHNICAL_ASSESSMENT_M1_SKILL_01"",""OB_FIRST_PANEL_03_HIRING_MANAGER_EV_APP0289_FIRST_INTERVIEW_TECHNICAL_ASSESSMENT_M1_SKILL_01"",""OB_FIRST_PANEL_03_TECHNICAL_REVIEWER_EV_APP0289_FIRST_INTERVIEW_TECHNICAL_ASSESSMENT_M1_SKILL_01"",""OB_FIRST_PANEL_03_ML_ENGINEER_EV_APP0289_FIRST_INTERVIEW_AI_CASE_M1_SKILL_01"",""OB_FIRST_PANEL_03_HIRING_MANAGER_EV_APP0289_FIRST_INTERVIEW_AI_CASE_M1_SKILL_01"",""OB_FIRST_PANEL_03_TECHNICAL_REVIEWER_EV_APP0289_FIRST_INTERVIEW_AI_CASE_M1_SKILL_01""],""skill_decision_ref"":""DC_APP0289_M1_SKILL_01_000436"",""state"":""A""},""M1_SKILL_02"":{""decisionable"":true,""observation_refs"":[""OB_FIRST_PANEL_03_ML_ENGINEER_EV_APP0289_FIRST_INTERVIEW_TECHNICAL_ASSESSMENT_M1_SKILL_02"",""OB_FIRST_PANEL_03_HIRING_MANAGER_EV_APP0289_FIRST_INTERVIEW_TECHNICAL_ASSESSMENT_M1_SKILL_02"",""OB_FIRST_PANEL_03_TECHNICAL_REVIEWER_EV_APP0289_FIRST_INTERVIEW_TECHNICAL_ASSESSMENT_M1_SKILL_02""],""skill_decision_ref"":""DC_APP0289_M1_SKILL_02_000437"",""state"":""B""},""M1_SKILL_03"":{""decisionable"":true,""observation_refs"":[""OB_FIRST_PANEL_03_ML_ENGINEER_EV_APP0289_FIRST_INTERVIEW_AI_CASE_M1_SKILL_03"",""OB_FIRST_PANEL_03_HIRING_MANAGER_EV_APP0289_FIRST_INTERVIEW_AI_CASE_M1_SKILL_03"",""OB_FIRST_PANEL_03_TECHNICAL_REVIEWER_EV_APP0289_FIRST_INTERVIEW_AI_CASE_M1_SKILL_03""],""skill_decision_ref"":""DC_APP0289_M1_SKILL_03_000438"",""state"":""A""}},""criterion"":""CORE_DIRECT_COVERAGE"",""human_rationale"":""기술 핵심01/02/03의 직접 지지·명시적 제한·부족·미해결을 각각 검토. 점수/정원 없음."",""observation_refs"":[""OB_FIRST_PANEL_03_ML_ENGINEER_EV_APP0289_FIRST_INTERVIEW_TECHNICAL_ASSESSMENT_M1_SKILL_01"",""OB_FIRST_PANEL_03_HIRING_MANAGER_EV_APP0289_FIRST_INTERVIEW_TECHNICAL_ASSESSMENT_M1_SKILL_01"",""OB_FIRST_PANEL_03_TECHNICAL_REVIEWER_EV_APP0289_FIRST_INTERVIEW_TECHNICAL_ASSESSMENT_M1_SKILL_01"",""OB_FIRST_PANEL_03_ML_ENGINEER_EV_APP0289_FIRST_INTERVIEW_TECHNICAL_ASSESSMENT_M1_SKILL_02"",""OB_FIRST_PANEL_03_HIRING_MANAGER_EV_APP0289_FIRST_INTERVIEW_TECHNICAL_ASSESSMENT_M1_SKILL_02"",""OB_FIRST_PANEL_03_TECHNICAL_REVIEWER_EV_APP0289_FIRST_INTERVIEW_TECHNICAL_ASSESSMENT_M1_SKILL_02"",""OB_FIRST_PANEL_03_ML_ENGINEER_EV_APP0289_FIRST_INTERVIEW_TECHNICAL_ASSESSMENT_M1_SKILL_07"",""OB_FIRST_PANEL_03_HIRING_MANAGER_EV_APP0289_FIRST_INTERVIEW_TECHNICAL_ASSESSMENT_M1_SKILL_07"",""OB_FIRST_PANEL_03_TECHNICAL_REVIEWER_EV_APP0289_FIRST_INTERVIEW_TECHNICAL_ASSESSMENT_M1_SKILL_07"",""OB_FIRST_PANEL_03_ML_ENGINEER_EV_APP0289_FIRST_INTERVIEW_AI_CASE_M1_SKILL_01"",""OB_FIRST_PANEL_03_HIRING_MANAGER_EV_APP0289_FIRST_INTERVIEW_AI_CASE_M1_SKILL_01"",""OB_FIRST_PANEL_03_TECHNICAL_REVIEWER_EV_APP0289_FIRST_INTERVIEW_AI_CASE_M1_SKILL_01"",""OB_FIRST_PANEL_03_ML_ENGINEER_EV_APP0289_FIRST_INTERVIEW_AI_CASE_M1_SKILL_03"",""OB_FIRST_PANEL_03_HIRING_MANAGER_EV_APP0289_FIRST_INTERVIEW_AI_CASE_M1_SKILL_03"",""OB_FIRST_PANEL_03_TECHNICAL_REVIEWER_EV_APP0289_FIRST_INTERVIEW_AI_CASE_M1_SKILL_03"",""OB_FIRST_PANEL_03_ML_ENGINEER_EV_APP0289_FIRST_INTERVIEW_PRACTITIONER_QA_M1_SKILL_04"",""OB_FIRST_PANEL_03_HIRING_MANAGER_EV_APP0289_FIRST_INTERVIEW_PRACTITIONER_QA_M1_SKILL_04"",""OB_FIRST_PANEL_03_TECHNICAL_REVIEWER_EV_APP0289_FIRST_INTERVIEW_PRACTITIONER_QA_M1_SKILL_04"",""OB_FIRST_PANEL_03_ML_ENGINEER_EV_APP0289_FIRST_INTERVIEW_PRACTITIONER_QA_M1_SKILL_05"",""OB_FIRST_PANEL_03_HIRING_MANAGER_EV_APP0289_FIRST_INTERVIEW_PRACTITIONER_QA_M1_SKILL_05"",""OB_FIRST_PANEL_03_TECHNICAL_REVIEWER_EV_APP0289_FIRST_INTERVIEW_PRACTITIONER_QA_M1_SKILL_05"",""OB_FIRST_PANEL_03_ML_ENGINEER_EV_APP0289_FIRST_INTERVIEW_PRACTITIONER_QA_M1_SKILL_06"",""OB_FIRST_PANEL_03_HIRING_MANAGER_EV_APP0289_FIRST_INTERVIEW_PRACTITIONER_QA_M1_SKILL_06"",""OB_FIRST_PANEL_03_TECHNICAL_REVIEWER_EV_APP0289_FIRST_INTERVIEW_PRACTITIONER_QA_M1_SKILL_06"",""OB_FIRST_PANEL_03_ML_ENGINEER_EV_APP0289_FIRST_INTERVIEW_PRACTITIONER_QA_M1_SKILL_08"",""OB_FIRST_PANEL_03_HIRING_MANAGER_EV_APP0289_FIRST_INTERVIEW_PRACTITIONER_QA_M1_SKILL_08"",""OB_FIRST_PANEL_03_TECHNICAL_REVIEWER_EV_APP0289_FIRST_INTERVIEW_PRACTITIONER_QA_M1_SKILL_08""]}"
APP0297_FIRST_INTERVIEW,APP0297,C0297,FIRST_INTERVIEW,2026-12-02T16:21:00+09:00,2026-12-04T16:21:00+09:00,2026-12-28T09:00:00+09:00,2026-12-28T10:00:00+09:00,2026-12-31T10:15:00+09:00,2027-01-02T10:15:00+09:00,,ADVANCED,FIRST_EVIDENCE_REVIEWED,,SYNTHETIC_HUMAN_SCENARIO,"{""coverage"":{""M1_SKILL_01"":{""decisionable"":true,""observation_refs"":[""OB_FIRST_PANEL_04_ML_ENGINEER_EV_APP0297_FIRST_INTERVIEW_TECHNICAL_ASSESSMENT_M1_SKILL_01"",""OB_FIRST_PANEL_04_HIRING_MANAGER_EV_APP0297_FIRST_INTERVIEW_TECHNICAL_ASSESSMENT_M1_SKILL_01"",""OB_FIRST_PANEL_04_TECHNICAL_REVIEWER_EV_APP0297_FIRST_INTERVIEW_TECHNICAL_ASSESSMENT_M1_SKILL_01"",""OB_FIRST_PANEL_04_ML_ENGINEER_EV_APP0297_FIRST_INTERVIEW_AI_CASE_M1_SKILL_01"",""OB_FIRST_PANEL_04_HIRING_MANAGER_EV_APP0297_FIRST_INTERVIEW_AI_CASE_M1_SKILL_01"",""OB_FIRST_PANEL_04_TECHNICAL_REVIEWER_EV_APP0297_FIRST_INTERVIEW_AI_CASE_M1_SKILL_01""],""skill_decision_ref"":""DC_APP0297_M1_SKILL_01_000444"",""state"":""A""},""M1_SKILL_02"":{""decisionable"":true,""observation_refs"":[""OB_FIRST_PANEL_04_ML_ENGINEER_EV_APP0297_FIRST_INTERVIEW_TECHNICAL_ASSESSMENT_M1_SKILL_02"",""OB_FIRST_PANEL_04_HIRING_MANAGER_EV_APP0297_FIRST_INTERVIEW_TECHNICAL_ASSESSMENT_M1_SKILL_02"",""OB_FIRST_PANEL_04_TECHNICAL_REVIEWER_EV_APP0297_FIRST_INTERVIEW_TECHNICAL_ASSESSMENT_M1_SKILL_02""],""skill_decision_ref"":""DC_APP0297_M1_SKILL_02_000445"",""state"":""A""},""M1_SKILL_03"":{""decisionable"":true,""observation_refs"":[""OB_FIRST_PANEL_04_ML_ENGINEER_EV_APP0297_FIRST_INTERVIEW_AI_CASE_M1_SKILL_03"",""OB_FIRST_PANEL_04_HIRING_MANAGER_EV_APP0297_FIRST_INTERVIEW_AI_CASE_M1_SKILL_03"",""OB_FIRST_PANEL_04_TECHNICAL_REVIEWER_EV_APP0297_FIRST_INTERVIEW_AI_CASE_M1_SKILL_03""],""skill_decision_ref"":""DC_APP0297_M1_SKILL_03_000446"",""state"":""A""}},""criterion"":""CORE_DIRECT_COVERAGE"",""human_rationale"":""기술 핵심01/02/03의 직접 지지·명시적 제한·부족·미해결을 각각 검토. 점수/정원 없음."",""observation_refs"":[""OB_FIRST_PANEL_04_ML_ENGINEER_EV_APP0297_FIRST_INTERVIEW_TECHNICAL_ASSESSMENT_M1_SKILL_01"",""OB_FIRST_PANEL_04_HIRING_MANAGER_EV_APP0297_FIRST_INTERVIEW_TECHNICAL_ASSESSMENT_M1_SKILL_01"",""OB_FIRST_PANEL_04_TECHNICAL_REVIEWER_EV_APP0297_FIRST_INTERVIEW_TECHNICAL_ASSESSMENT_M1_SKILL_01"",""OB_FIRST_PANEL_04_ML_ENGINEER_EV_APP0297_FIRST_INTERVIEW_TECHNICAL_ASSESSMENT_M1_SKILL_02"",""OB_FIRST_PANEL_04_HIRING_MANAGER_EV_APP0297_FIRST_INTERVIEW_TECHNICAL_ASSESSMENT_M1_SKILL_02"",""OB_FIRST_PANEL_04_TECHNICAL_REVIEWER_EV_APP0297_FIRST_INTERVIEW_TECHNICAL_ASSESSMENT_M1_SKILL_02"",""OB_FIRST_PANEL_04_ML_ENGINEER_EV_APP0297_FIRST_INTERVIEW_TECHNICAL_ASSESSMENT_M1_SKILL_07"",""OB_FIRST_PANEL_04_HIRING_MANAGER_EV_APP0297_FIRST_INTERVIEW_TECHNICAL_ASSESSMENT_M1_SKILL_07"",""OB_FIRST_PANEL_04_TECHNICAL_REVIEWER_EV_APP0297_FIRST_INTERVIEW_TECHNICAL_ASSESSMENT_M1_SKILL_07"",""OB_FIRST_PANEL_04_ML_ENGINEER_EV_APP0297_FIRST_INTERVIEW_AI_CASE_M1_SKILL_01"",""OB_FIRST_PANEL_04_HIRING_MANAGER_EV_APP0297_FIRST_INTERVIEW_AI_CASE_M1_SKILL_01"",""OB_FIRST_PANEL_04_TECHNICAL_REVIEWER_EV_APP0297_FIRST_INTERVIEW_AI_CASE_M1_SKILL_01"",""OB_FIRST_PANEL_04_ML_ENGINEER_EV_APP0297_FIRST_INTERVIEW_AI_CASE_M1_SKILL_03"",""OB_FIRST_PANEL_04_HIRING_MANAGER_EV_APP0297_FIRST_INTERVIEW_AI_CASE_M1_SKILL_03"",""OB_FIRST_PANEL_04_TECHNICAL_REVIEWER_EV_APP0297_FIRST_INTERVIEW_AI_CASE_M1_SKILL_03"",""OB_FIRST_PANEL_04_ML_ENGINEER_EV_APP0297_FIRST_INTERVIEW_PRACTITIONER_QA_M1_SKILL_04"",""OB_FIRST_PANEL_04_HIRING_MANAGER_EV_APP0297_FIRST_INTERVIEW_PRACTITIONER_QA_M1_SKILL_04"",""OB_FIRST_PANEL_04_TECHNICAL_REVIEWER_EV_APP0297_FIRST_INTERVIEW_PRACTITIONER_QA_M1_SKILL_04"",""OB_FIRST_PANEL_04_ML_ENGINEER_EV_APP0297_FIRST_INTERVIEW_PRACTITIONER_QA_M1_SKILL_05"",""OB_FIRST_PANEL_04_HIRING_MANAGER_EV_APP0297_FIRST_INTERVIEW_PRACTITIONER_QA_M1_SKILL_05"",""OB_FIRST_PANEL_04_TECHNICAL_REVIEWER_EV_APP0297_FIRST_INTERVIEW_PRACTITIONER_QA_M1_SKILL_05"",""OB_FIRST_PANEL_04_ML_ENGINEER_EV_APP0297_FIRST_INTERVIEW_PRACTITIONER_QA_M1_SKILL_06"",""OB_FIRST_PANEL_04_HIRING_MANAGER_EV_APP0297_FIRST_INTERVIEW_PRACTITIONER_QA_M1_SKILL_06"",""OB_FIRST_PANEL_04_TECHNICAL_REVIEWER_EV_APP0297_FIRST_INTERVIEW_PRACTITIONER_QA_M1_SKILL_06"",""OB_FIRST_PANEL_04_ML_ENGINEER_EV_APP0297_FIRST_INTERVIEW_PRACTITIONER_QA_M1_SKILL_08"",""OB_FIRST_PANEL_04_HIRING_MANAGER_EV_APP0297_FIRST_INTERVIEW_PRACTITIONER_QA_M1_SKILL_08"",""OB_FIRST_PANEL_04_TECHNICAL_REVIEWER_EV_APP0297_FIRST_INTERVIEW_PRACTITIONER_QA_M1_SKILL_08""]}"
APP0300_FIRST_INTERVIEW,APP0300,C0300,FIRST_INTERVIEW,2026-12-02T16:21:00+09:00,2026-12-04T16:21:00+09:00,2026-12-28T09:00:00+09:00,2026-12-28T10:00:00+09:00,2026-12-30T10:15:00+09:00,2026-12-31T10:15:00+09:00,,ADVANCED,FIRST_EVIDENCE_REVIEWED,,SYNTHETIC_HUMAN_SCENARIO,"{""coverage"":{""M1_SKILL_01"":{""decisionable"":true,""observation_refs"":[""OB_FIRST_PANEL_05_ML_ENGINEER_EV_APP0300_FIRST_INTERVIEW_TECHNICAL_ASSESSMENT_M1_SKILL_01"",""OB_FIRST_PANEL_05_HIRING_MANAGER_EV_APP0300_FIRST_INTERVIEW_TECHNICAL_ASSESSMENT_M1_SKILL_01"",""OB_FIRST_PANEL_05_TECHNICAL_REVIEWER_EV_APP0300_FIRST_INTERVIEW_TECHNICAL_ASSESSMENT_M1_SKILL_01"",""OB_FIRST_PANEL_05_ML_ENGINEER_EV_APP0300_FIRST_INTERVIEW_AI_CASE_M1_SKILL_01"",""OB_FIRST_PANEL_05_HIRING_MANAGER_EV_APP0300_FIRST_INTERVIEW_AI_CASE_M1_SKILL_01"",""OB_FIRST_PANEL_05_TECHNICAL_REVIEWER_EV_APP0300_FIRST_INTERVIEW_AI_CASE_M1_SKILL_01""],""skill_decision_ref"":""DC_APP0300_M1_SKILL_01_000452"",""state"":""A""},""M1_SKILL_02"":{""decisionable"":true,""observation_refs"":[""OB_FIRST_PANEL_05_ML_ENGINEER_EV_APP0300_FIRST_INTERVIEW_TECHNICAL_ASSESSMENT_M1_SKILL_02"",""OB_FIRST_PANEL_05_HIRING_MANAGER_EV_APP0300_FIRST_INTERVIEW_TECHNICAL_ASSESSMENT_M1_SKILL_02"",""OB_FIRST_PANEL_05_TECHNICAL_REVIEWER_EV_APP0300_FIRST_INTERVIEW_TECHNICAL_ASSESSMENT_M1_SKILL_02""],""skill_decision_ref"":""DC_APP0300_M1_SKILL_02_000453"",""state"":""A""},""M1_SKILL_03"":{""decisionable"":true,""observation_refs"":[""OB_FIRST_PANEL_05_ML_ENGINEER_EV_APP0300_FIRST_INTERVIEW_AI_CASE_M1_SKILL_03"",""OB_FIRST_PANEL_05_HIRING_MANAGER_EV_APP0300_FIRST_INTERVIEW_AI_CASE_M1_SKILL_03"",""OB_FIRST_PANEL_05_TECHNICAL_REVIEWER_EV_APP0300_FIRST_INTERVIEW_AI_CASE_M1_SKILL_03""],""skill_decision_ref"":""DC_APP0300_M1_SKILL_03_000454"",""state"":""A""}},""criterion"":""CORE_DIRECT_COVERAGE"",""human_rationale"":""기술 핵심01/02/03의 직접 지지·명시적 제한·부족·미해결을 각각 검토. 점수/정원 없음."",""observation_refs"":[""OB_FIRST_PANEL_05_ML_ENGINEER_EV_APP0300_FIRST_INTERVIEW_TECHNICAL_ASSESSMENT_M1_SKILL_01"",""OB_FIRST_PANEL_05_HIRING_MANAGER_EV_APP0300_FIRST_INTERVIEW_TECHNICAL_ASSESSMENT_M1_SKILL_01"",""OB_FIRST_PANEL_05_TECHNICAL_REVIEWER_EV_APP0300_FIRST_INTERVIEW_TECHNICAL_ASSESSMENT_M1_SKILL_01"",""OB_FIRST_PANEL_05_ML_ENGINEER_EV_APP0300_FIRST_INTERVIEW_TECHNICAL_ASSESSMENT_M1_SKILL_02"",""OB_FIRST_PANEL_05_HIRING_MANAGER_EV_APP0300_FIRST_INTERVIEW_TECHNICAL_ASSESSMENT_M1_SKILL_02"",""OB_FIRST_PANEL_05_TECHNICAL_REVIEWER_EV_APP0300_FIRST_INTERVIEW_TECHNICAL_ASSESSMENT_M1_SKILL_02"",""OB_FIRST_PANEL_05_ML_ENGINEER_EV_APP0300_FIRST_INTERVIEW_TECHNICAL_ASSESSMENT_M1_SKILL_07"",""OB_FIRST_PANEL_05_HIRING_MANAGER_EV_APP0300_FIRST_INTERVIEW_TECHNICAL_ASSESSMENT_M1_SKILL_07"",""OB_FIRST_PANEL_05_TECHNICAL_REVIEWER_EV_APP0300_FIRST_INTERVIEW_TECHNICAL_ASSESSMENT_M1_SKILL_07"",""OB_FIRST_PANEL_05_ML_ENGINEER_EV_APP0300_FIRST_INTERVIEW_AI_CASE_M1_SKILL_01"",""OB_FIRST_PANEL_05_HIRING_MANAGER_EV_APP0300_FIRST_INTERVIEW_AI_CASE_M1_SKILL_01"",""OB_FIRST_PANEL_05_TECHNICAL_REVIEWER_EV_APP0300_FIRST_INTERVIEW_AI_CASE_M1_SKILL_01"",""OB_FIRST_PANEL_05_ML_ENGINEER_EV_APP0300_FIRST_INTERVIEW_AI_CASE_M1_SKILL_03"",""OB_FIRST_PANEL_05_HIRING_MANAGER_EV_APP0300_FIRST_INTERVIEW_AI_CASE_M1_SKILL_03"",""OB_FIRST_PANEL_05_TECHNICAL_REVIEWER_EV_APP0300_FIRST_INTERVIEW_AI_CASE_M1_SKILL_03"",""OB_FIRST_PANEL_05_ML_ENGINEER_EV_APP0300_FIRST_INTERVIEW_PRACTITIONER_QA_M1_SKILL_04"",""OB_FIRST_PANEL_05_HIRING_MANAGER_EV_APP0300_FIRST_INTERVIEW_PRACTITIONER_QA_M1_SKILL_04"",""OB_FIRST_PANEL_05_TECHNICAL_REVIEWER_EV_APP0300_FIRST_INTERVIEW_PRACTITIONER_QA_M1_SKILL_04"",""OB_FIRST_PANEL_05_ML_ENGINEER_EV_APP0300_FIRST_INTERVIEW_PRACTITIONER_QA_M1_SKILL_05"",""OB_FIRST_PANEL_05_HIRING_MANAGER_EV_APP0300_FIRST_INTERVIEW_PRACTITIONER_QA_M1_SKILL_05"",""OB_FIRST_PANEL_05_TECHNICAL_REVIEWER_EV_APP0300_FIRST_INTERVIEW_PRACTITIONER_QA_M1_SKILL_05"",""OB_FIRST_PANEL_05_ML_ENGINEER_EV_APP0300_FIRST_INTERVIEW_PRACTITIONER_QA_M1_SKILL_06"",""OB_FIRST_PANEL_05_HIRING_MANAGER_EV_APP0300_FIRST_INTERVIEW_PRACTITIONER_QA_M1_SKILL_06"",""OB_FIRST_PANEL_05_TECHNICAL_REVIEWER_EV_APP0300_FIRST_INTERVIEW_PRACTITIONER_QA_M1_SKILL_06"",""OB_FIRST_PANEL_05_ML_ENGINEER_EV_APP0300_FIRST_INTERVIEW_PRACTITIONER_QA_M1_SKILL_08"",""OB_FIRST_PANEL_05_HIRING_MANAGER_EV_APP0300_FIRST_INTERVIEW_PRACTITIONER_QA_M1_SKILL_08"",""OB_FIRST_PANEL_05_TECHNICAL_REVIEWER_EV_APP0300_FIRST_INTERVIEW_PRACTITIONER_QA_M1_SKILL_08""]}"
APP0309_FIRST_INTERVIEW,APP0309,C0309,FIRST_INTERVIEW,2026-12-02T16:21:00+09:00,2026-12-04T16:21:00+09:00,2026-12-28T09:00:00+09:00,2026-12-28T10:00:00+09:00,2026-12-29T10:15:00+09:00,2026-12-29T10:15:00+09:00,,IN_PROGRESS,EVIDENCE_PENDING,,SYNTHETIC_HUMAN_SCENARIO,"{""coverage"":{""M1_SKILL_01"":{""decisionable"":true,""observation_refs"":[""OB_FIRST_PANEL_06_ML_ENGINEER_EV_APP0309_FIRST_INTERVIEW_TECHNICAL_ASSESSMENT_M1_SKILL_01"",""OB_FIRST_PANEL_06_HIRING_MANAGER_EV_APP0309_FIRST_INTERVIEW_TECHNICAL_ASSESSMENT_M1_SKILL_01"",""OB_FIRST_PANEL_06_TECHNICAL_REVIEWER_EV_APP0309_FIRST_INTERVIEW_TECHNICAL_ASSESSMENT_M1_SKILL_01"",""OB_FIRST_PANEL_06_ML_ENGINEER_EV_APP0309_FIRST_INTERVIEW_AI_CASE_M1_SKILL_01"",""OB_FIRST_PANEL_06_HIRING_MANAGER_EV_APP0309_FIRST_INTERVIEW_AI_CASE_M1_SKILL_01"",""OB_FIRST_PANEL_06_TECHNICAL_REVIEWER_EV_APP0309_FIRST_INTERVIEW_AI_CASE_M1_SKILL_01""],""skill_decision_ref"":""DC_APP0309_M1_SKILL_01_000460"",""state"":""A""},""M1_SKILL_02"":{""decisionable"":false,""observation_refs"":[""OB_FIRST_PANEL_06_ML_ENGINEER_EV_APP0309_FIRST_INTERVIEW_TECHNICAL_ASSESSMENT_M1_SKILL_02"",""OB_FIRST_PANEL_06_HIRING_MANAGER_EV_APP0309_FIRST_INTERVIEW_TECHNICAL_ASSESSMENT_M1_SKILL_02"",""OB_FIRST_PANEL_06_TECHNICAL_REVIEWER_EV_APP0309_FIRST_INTERVIEW_TECHNICAL_ASSESSMENT_M1_SKILL_02""],""skill_decision_ref"":""DC_APP0309_M1_SKILL_02_000461"",""state"":""D""},""M1_SKILL_03"":{""decisionable"":true,""observation_refs"":[""OB_FIRST_PANEL_06_ML_ENGINEER_EV_APP0309_FIRST_INTERVIEW_AI_CASE_M1_SKILL_03"",""OB_FIRST_PANEL_06_HIRING_MANAGER_EV_APP0309_FIRST_INTERVIEW_AI_CASE_M1_SKILL_03"",""OB_FIRST_PANEL_06_TECHNICAL_REVIEWER_EV_APP0309_FIRST_INTERVIEW_AI_CASE_M1_SKILL_03""],""skill_decision_ref"":""DC_APP0309_M1_SKILL_03_000462"",""state"":""A""}},""criterion"":""CORE_DIRECT_COVERAGE"",""human_rationale"":""기술 핵심01/02/03의 직접 지지·명시적 제한·부족·미해결을 각각 검토. 점수/정원 없음."",""observation_refs"":[""OB_FIRST_PANEL_06_ML_ENGINEER_EV_APP0309_FIRST_INTERVIEW_TECHNICAL_ASSESSMENT_M1_SKILL_01"",""OB_FIRST_PANEL_06_HIRING_MANAGER_EV_APP0309_FIRST_INTERVIEW_TECHNICAL_ASSESSMENT_M1_SKILL_01"",""OB_FIRST_PANEL_06_TECHNICAL_REVIEWER_EV_APP0309_FIRST_INTERVIEW_TECHNICAL_ASSESSMENT_M1_SKILL_01"",""OB_FIRST_PANEL_06_ML_ENGINEER_EV_APP0309_FIRST_INTERVIEW_TECHNICAL_ASSESSMENT_M1_SKILL_02"",""OB_FIRST_PANEL_06_HIRING_MANAGER_EV_APP0309_FIRST_INTERVIEW_TECHNICAL_ASSESSMENT_M1_SKILL_02"",""OB_FIRST_PANEL_06_TECHNICAL_REVIEWER_EV_APP0309_FIRST_INTERVIEW_TECHNICAL_ASSESSMENT_M1_SKILL_02"",""OB_FIRST_PANEL_06_ML_ENGINEER_EV_APP0309_FIRST_INTERVIEW_TECHNICAL_ASSESSMENT_M1_SKILL_07"",""OB_FIRST_PANEL_06_HIRING_MANAGER_EV_APP0309_FIRST_INTERVIEW_TECHNICAL_ASSESSMENT_M1_SKILL_07"",""OB_FIRST_PANEL_06_TECHNICAL_REVIEWER_EV_APP0309_FIRST_INTERVIEW_TECHNICAL_ASSESSMENT_M1_SKILL_07"",""OB_FIRST_PANEL_06_ML_ENGINEER_EV_APP0309_FIRST_INTERVIEW_AI_CASE_M1_SKILL_01"",""OB_FIRST_PANEL_06_HIRING_MANAGER_EV_APP0309_FIRST_INTERVIEW_AI_CASE_M1_SKILL_01"",""OB_FIRST_PANEL_06_TECHNICAL_REVIEWER_EV_APP0309_FIRST_INTERVIEW_AI_CASE_M1_SKILL_01"",""OB_FIRST_PANEL_06_ML_ENGINEER_EV_APP0309_FIRST_INTERVIEW_AI_CASE_M1_SKILL_03"",""OB_FIRST_PANEL_06_HIRING_MANAGER_EV_APP0309_FIRST_INTERVIEW_AI_CASE_M1_SKILL_03"",""OB_FIRST_PANEL_06_TECHNICAL_REVIEWER_EV_APP0309_FIRST_INTERVIEW_AI_CASE_M1_SKILL_03"",""OB_FIRST_PANEL_06_ML_ENGINEER_EV_APP0309_FIRST_INTERVIEW_PRACTITIONER_QA_M1_SKILL_04"",""OB_FIRST_PANEL_06_HIRING_MANAGER_EV_APP0309_FIRST_INTERVIEW_PRACTITIONER_QA_M1_SKILL_04"",""OB_FIRST_PANEL_06_TECHNICAL_REVIEWER_EV_APP0309_FIRST_INTERVIEW_PRACTITIONER_QA_M1_SKILL_04"",""OB_FIRST_PANEL_06_ML_ENGINEER_EV_APP0309_FIRST_INTERVIEW_PRACTITIONER_QA_M1_SKILL_05"",""OB_FIRST_PANEL_06_HIRING_MANAGER_EV_APP0309_FIRST_INTERVIEW_PRACTITIONER_QA_M1_SKILL_05"",""OB_FIRST_PANEL_06_TECHNICAL_REVIEWER_EV_APP0309_FIRST_INTERVIEW_PRACTITIONER_QA_M1_SKILL_05"",""OB_FIRST_PANEL_06_ML_ENGINEER_EV_APP0309_FIRST_INTERVIEW_PRACTITIONER_QA_M1_SKILL_06"",""OB_FIRST_PANEL_06_HIRING_MANAGER_EV_APP0309_FIRST_INTERVIEW_PRACTITIONER_QA_M1_SKILL_06"",""OB_FIRST_PANEL_06_TECHNICAL_REVIEWER_EV_APP0309_FIRST_INTERVIEW_PRACTITIONER_QA_M1_SKILL_06"",""OB_FIRST_PANEL_06_ML_ENGINEER_EV_APP0309_FIRST_INTERVIEW_PRACTITIONER_QA_M1_SKILL_08"",""OB_FIRST_PANEL_06_HIRING_MANAGER_EV_APP0309_FIRST_INTERVIEW_PRACTITIONER_QA_M1_SKILL_08"",""OB_FIRST_PANEL_06_TECHNICAL_REVIEWER_EV_APP0309_FIRST_INTERVIEW_PRACTITIONER_QA_M1_SKILL_08""],""operational_state"":""EVIDENCE_PENDING""}"
APP0324_FIRST_INTERVIEW,APP0324,C0324,FIRST_INTERVIEW,2026-12-02T16:21:00+09:00,2026-12-04T16:21:00+09:00,2026-12-28T09:00:00+09:00,2026-12-28T10:00:00+09:00,2026-12-30T10:15:00+09:00,2026-12-31T10:15:00+09:00,,IN_PROGRESS,EVIDENCE_PENDING,,SYNTHETIC_HUMAN_SCENARIO,"{""coverage"":{""M1_SKILL_01"":{""decisionable"":true,""observation_refs"":[""OB_FIRST_PANEL_07_ML_ENGINEER_EV_APP0324_FIRST_INTERVIEW_TECHNICAL_ASSESSMENT_M1_SKILL_01"",""OB_FIRST_PANEL_07_HIRING_MANAGER_EV_APP0324_FIRST_INTERVIEW_TECHNICAL_ASSESSMENT_M1_SKILL_01"",""OB_FIRST_PANEL_07_TECHNICAL_REVIEWER_EV_APP0324_FIRST_INTERVIEW_TECHNICAL_ASSESSMENT_M1_SKILL_01"",""OB_FIRST_PANEL_07_ML_ENGINEER_EV_APP0324_FIRST_INTERVIEW_AI_CASE_M1_SKILL_01"",""OB_FIRST_PANEL_07_HIRING_MANAGER_EV_APP0324_FIRST_INTERVIEW_AI_CASE_M1_SKILL_01"",""OB_FIRST_PANEL_07_TECHNICAL_REVIEWER_EV_APP0324_FIRST_INTERVIEW_AI_CASE_M1_SKILL_01""],""skill_decision_ref"":""DC_APP0324_M1_SKILL_01_000468"",""state"":""A""},""M1_SKILL_02"":{""decisionable"":false,""observation_refs"":[""OB_FIRST_PANEL_07_ML_ENGINEER_EV_APP0324_FIRST_INTERVIEW_TECHNICAL_ASSESSMENT_M1_SKILL_02"",""OB_FIRST_PANEL_07_HIRING_MANAGER_EV_APP0324_FIRST_INTERVIEW_TECHNICAL_ASSESSMENT_M1_SKILL_02"",""OB_FIRST_PANEL_07_TECHNICAL_REVIEWER_EV_APP0324_FIRST_INTERVIEW_TECHNICAL_ASSESSMENT_M1_SKILL_02""],""skill_decision_ref"":""DC_APP0324_M1_SKILL_02_000469"",""state"":""C""},""M1_SKILL_03"":{""decisionable"":false,""observation_refs"":[""OB_FIRST_PANEL_07_ML_ENGINEER_EV_APP0324_FIRST_INTERVIEW_AI_CASE_M1_SKILL_03"",""OB_FIRST_PANEL_07_HIRING_MANAGER_EV_APP0324_FIRST_INTERVIEW_AI_CASE_M1_SKILL_03"",""OB_FIRST_PANEL_07_TECHNICAL_REVIEWER_EV_APP0324_FIRST_INTERVIEW_AI_CASE_M1_SKILL_03""],""skill_decision_ref"":""DC_APP0324_M1_SKILL_03_000470"",""state"":""C""}},""criterion"":""CORE_DIRECT_COVERAGE"",""human_rationale"":""기술 핵심01/02/03의 직접 지지·명시적 제한·부족·미해결을 각각 검토. 점수/정원 없음."",""observation_refs"":[""OB_FIRST_PANEL_07_ML_ENGINEER_EV_APP0324_FIRST_INTERVIEW_TECHNICAL_ASSESSMENT_M1_SKILL_01"",""OB_FIRST_PANEL_07_HIRING_MANAGER_EV_APP0324_FIRST_INTERVIEW_TECHNICAL_ASSESSMENT_M1_SKILL_01"",""OB_FIRST_PANEL_07_TECHNICAL_REVIEWER_EV_APP0324_FIRST_INTERVIEW_TECHNICAL_ASSESSMENT_M1_SKILL_01"",""OB_FIRST_PANEL_07_ML_ENGINEER_EV_APP0324_FIRST_INTERVIEW_TECHNICAL_ASSESSMENT_M1_SKILL_02"",""OB_FIRST_PANEL_07_HIRING_MANAGER_EV_APP0324_FIRST_INTERVIEW_TECHNICAL_ASSESSMENT_M1_SKILL_02"",""OB_FIRST_PANEL_07_TECHNICAL_REVIEWER_EV_APP0324_FIRST_INTERVIEW_TECHNICAL_ASSESSMENT_M1_SKILL_02"",""OB_FIRST_PANEL_07_ML_ENGINEER_EV_APP0324_FIRST_INTERVIEW_TECHNICAL_ASSESSMENT_M1_SKILL_07"",""OB_FIRST_PANEL_07_HIRING_MANAGER_EV_APP0324_FIRST_INTERVIEW_TECHNICAL_ASSESSMENT_M1_SKILL_07"",""OB_FIRST_PANEL_07_TECHNICAL_REVIEWER_EV_APP0324_FIRST_INTERVIEW_TECHNICAL_ASSESSMENT_M1_SKILL_07"",""OB_FIRST_PANEL_07_ML_ENGINEER_EV_APP0324_FIRST_INTERVIEW_AI_CASE_M1_SKILL_01"",""OB_FIRST_PANEL_07_HIRING_MANAGER_EV_APP0324_FIRST_INTERVIEW_AI_CASE_M1_SKILL_01"",""OB_FIRST_PANEL_07_TECHNICAL_REVIEWER_EV_APP0324_FIRST_INTERVIEW_AI_CASE_M1_SKILL_01"",""OB_FIRST_PANEL_07_ML_ENGINEER_EV_APP0324_FIRST_INTERVIEW_AI_CASE_M1_SKILL_03"",""OB_FIRST_PANEL_07_HIRING_MANAGER_EV_APP0324_FIRST_INTERVIEW_AI_CASE_M1_SKILL_03"",""OB_FIRST_PANEL_07_TECHNICAL_REVIEWER_EV_APP0324_FIRST_INTERVIEW_AI_CASE_M1_SKILL_03"",""OB_FIRST_PANEL_07_ML_ENGINEER_EV_APP0324_FIRST_INTERVIEW_PRACTITIONER_QA_M1_SKILL_04"",""OB_FIRST_PANEL_07_HIRING_MANAGER_EV_APP0324_FIRST_INTERVIEW_PRACTITIONER_QA_M1_SKILL_04"",""OB_FIRST_PANEL_07_TECHNICAL_REVIEWER_EV_APP0324_FIRST_INTERVIEW_PRACTITIONER_QA_M1_SKILL_04"",""OB_FIRST_PANEL_07_ML_ENGINEER_EV_APP0324_FIRST_INTERVIEW_PRACTITIONER_QA_M1_SKILL_05"",""OB_FIRST_PANEL_07_HIRING_MANAGER_EV_APP0324_FIRST_INTERVIEW_PRACTITIONER_QA_M1_SKILL_05"",""OB_FIRST_PANEL_07_TECHNICAL_REVIEWER_EV_APP0324_FIRST_INTERVIEW_PRACTITIONER_QA_M1_SKILL_05"",""OB_FIRST_PANEL_07_ML_ENGINEER_EV_APP0324_FIRST_INTERVIEW_PRACTITIONER_QA_M1_SKILL_06"",""OB_FIRST_PANEL_07_HIRING_MANAGER_EV_APP0324_FIRST_INTERVIEW_PRACTITIONER_QA_M1_SKILL_06"",""OB_FIRST_PANEL_07_TECHNICAL_REVIEWER_EV_APP0324_FIRST_INTERVIEW_PRACTITIONER_QA_M1_SKILL_06"",""OB_FIRST_PANEL_07_ML_ENGINEER_EV_APP0324_FIRST_INTERVIEW_PRACTITIONER_QA_M1_SKILL_08"",""OB_FIRST_PANEL_07_HIRING_MANAGER_EV_APP0324_FIRST_INTERVIEW_PRACTITIONER_QA_M1_SKILL_08"",""OB_FIRST_PANEL_07_TECHNICAL_REVIEWER_EV_APP0324_FIRST_INTERVIEW_PRACTITIONER_QA_M1_SKILL_08""],""operational_state"":""EVIDENCE_PENDING""}"
APP0325_FIRST_INTERVIEW,APP0325,C0325,FIRST_INTERVIEW,2026-12-02T16:21:00+09:00,2026-12-04T16:21:00+09:00,2026-12-28T09:00:00+09:00,2026-12-28T10:00:00+09:00,2026-12-30T10:15:00+09:00,2027-01-01T10:15:00+09:00,,ADVANCED,FIRST_EVIDENCE_REVIEWED,,SYNTHETIC_HUMAN_SCENARIO,"{""coverage"":{""M1_SKILL_01"":{""decisionable"":true,""observation_refs"":[""OB_FIRST_PANEL_08_ML_ENGINEER_EV_APP0325_FIRST_INTERVIEW_TECHNICAL_ASSESSMENT_M1_SKILL_01"",""OB_FIRST_PANEL_08_HIRING_MANAGER_EV_APP0325_FIRST_INTERVIEW_TECHNICAL_ASSESSMENT_M1_SKILL_01"",""OB_FIRST_PANEL_08_TECHNICAL_REVIEWER_EV_APP0325_FIRST_INTERVIEW_TECHNICAL_ASSESSMENT_M1_SKILL_01"",""OB_FIRST_PANEL_08_ML_ENGINEER_EV_APP0325_FIRST_INTERVIEW_AI_CASE_M1_SKILL_01"",""OB_FIRST_PANEL_08_HIRING_MANAGER_EV_APP0325_FIRST_INTERVIEW_AI_CASE_M1_SKILL_01"",""OB_FIRST_PANEL_08_TECHNICAL_REVIEWER_EV_APP0325_FIRST_INTERVIEW_AI_CASE_M1_SKILL_01""],""skill_decision_ref"":""DC_APP0325_M1_SKILL_01_000476"",""state"":""A""},""M1_SKILL_02"":{""decisionable"":true,""observation_refs"":[""OB_FIRST_PANEL_08_ML_ENGINEER_EV_APP0325_FIRST_INTERVIEW_TECHNICAL_ASSESSMENT_M1_SKILL_02"",""OB_FIRST_PANEL_08_HIRING_MANAGER_EV_APP0325_FIRST_INTERVIEW_TECHNICAL_ASSESSMENT_M1_SKILL_02"",""OB_FIRST_PANEL_08_TECHNICAL_REVIEWER_EV_APP0325_FIRST_INTERVIEW_TECHNICAL_ASSESSMENT_M1_SKILL_02""],""skill_decision_ref"":""DC_APP0325_M1_SKILL_02_000477"",""state"":""A""},""M1_SKILL_03"":{""decisionable"":true,""observation_refs"":[""OB_FIRST_PANEL_08_ML_ENGINEER_EV_APP0325_FIRST_INTERVIEW_AI_CASE_M1_SKILL_03"",""OB_FIRST_PANEL_08_HIRING_MANAGER_EV_APP0325_FIRST_INTERVIEW_AI_CASE_M1_SKILL_03"",""OB_FIRST_PANEL_08_TECHNICAL_REVIEWER_EV_APP0325_FIRST_INTERVIEW_AI_CASE_M1_SKILL_03""],""skill_decision_ref"":""DC_APP0325_M1_SKILL_03_000478"",""state"":""A""}},""criterion"":""CORE_DIRECT_COVERAGE"",""human_rationale"":""기술 핵심01/02/03의 직접 지지·명시적 제한·부족·미해결을 각각 검토. 점수/정원 없음."",""observation_refs"":[""OB_FIRST_PANEL_08_ML_ENGINEER_EV_APP0325_FIRST_INTERVIEW_TECHNICAL_ASSESSMENT_M1_SKILL_01"",""OB_FIRST_PANEL_08_HIRING_MANAGER_EV_APP0325_FIRST_INTERVIEW_TECHNICAL_ASSESSMENT_M1_SKILL_01"",""OB_FIRST_PANEL_08_TECHNICAL_REVIEWER_EV_APP0325_FIRST_INTERVIEW_TECHNICAL_ASSESSMENT_M1_SKILL_01"",""OB_FIRST_PANEL_08_ML_ENGINEER_EV_APP0325_FIRST_INTERVIEW_TECHNICAL_ASSESSMENT_M1_SKILL_02"",""OB_FIRST_PANEL_08_HIRING_MANAGER_EV_APP0325_FIRST_INTERVIEW_TECHNICAL_ASSESSMENT_M1_SKILL_02"",""OB_FIRST_PANEL_08_TECHNICAL_REVIEWER_EV_APP0325_FIRST_INTERVIEW_TECHNICAL_ASSESSMENT_M1_SKILL_02"",""OB_FIRST_PANEL_08_ML_ENGINEER_EV_APP0325_FIRST_INTERVIEW_TECHNICAL_ASSESSMENT_M1_SKILL_07"",""OB_FIRST_PANEL_08_HIRING_MANAGER_EV_APP0325_FIRST_INTERVIEW_TECHNICAL_ASSESSMENT_M1_SKILL_07"",""OB_FIRST_PANEL_08_TECHNICAL_REVIEWER_EV_APP0325_FIRST_INTERVIEW_TECHNICAL_ASSESSMENT_M1_SKILL_07"",""OB_FIRST_PANEL_08_ML_ENGINEER_EV_APP0325_FIRST_INTERVIEW_AI_CASE_M1_SKILL_01"",""OB_FIRST_PANEL_08_HIRING_MANAGER_EV_APP0325_FIRST_INTERVIEW_AI_CASE_M1_SKILL_01"",""OB_FIRST_PANEL_08_TECHNICAL_REVIEWER_EV_APP0325_FIRST_INTERVIEW_AI_CASE_M1_SKILL_01"",""OB_FIRST_PANEL_08_ML_ENGINEER_EV_APP0325_FIRST_INTERVIEW_AI_CASE_M1_SKILL_03"",""OB_FIRST_PANEL_08_HIRING_MANAGER_EV_APP0325_FIRST_INTERVIEW_AI_CASE_M1_SKILL_03"",""OB_FIRST_PANEL_08_TECHNICAL_REVIEWER_EV_APP0325_FIRST_INTERVIEW_AI_CASE_M1_SKILL_03"",""OB_FIRST_PANEL_08_ML_ENGINEER_EV_APP0325_FIRST_INTERVIEW_PRACTITIONER_QA_M1_SKILL_04"",""OB_FIRST_PANEL_08_HIRING_MANAGER_EV_APP0325_FIRST_INTERVIEW_PRACTITIONER_QA_M1_SKILL_04"",""OB_FIRST_PANEL_08_TECHNICAL_REVIEWER_EV_APP0325_FIRST_INTERVIEW_PRACTITIONER_QA_M1_SKILL_04"",""OB_FIRST_PANEL_08_ML_ENGINEER_EV_APP0325_FIRST_INTERVIEW_PRACTITIONER_QA_M1_SKILL_05"",""OB_FIRST_PANEL_08_HIRING_MANAGER_EV_APP0325_FIRST_INTERVIEW_PRACTITIONER_QA_M1_SKILL_05"",""OB_FIRST_PANEL_08_TECHNICAL_REVIEWER_EV_APP0325_FIRST_INTERVIEW_PRACTITIONER_QA_M1_SKILL_05"",""OB_FIRST_PANEL_08_ML_ENGINEER_EV_APP0325_FIRST_INTERVIEW_PRACTITIONER_QA_M1_SKILL_06"",""OB_FIRST_PANEL_08_HIRING_MANAGER_EV_APP0325_FIRST_INTERVIEW_PRACTITIONER_QA_M1_SKILL_06"",""OB_FIRST_PANEL_08_TECHNICAL_REVIEWER_EV_APP0325_FIRST_INTERVIEW_PRACTITIONER_QA_M1_SKILL_06"",""OB_FIRST_PANEL_08_ML_ENGINEER_EV_APP0325_FIRST_INTERVIEW_PRACTITIONER_QA_M1_SKILL_08"",""OB_FIRST_PANEL_08_HIRING_MANAGER_EV_APP0325_FIRST_INTERVIEW_PRACTITIONER_QA_M1_SKILL_08"",""OB_FIRST_PANEL_08_TECHNICAL_REVIEWER_EV_APP0325_FIRST_INTERVIEW_PRACTITIONER_QA_M1_SKILL_08""]}"
APP0342_FIRST_INTERVIEW,APP0342,C0342,FIRST_INTERVIEW,2026-12-02T16:21:00+09:00,2026-12-04T16:21:00+09:00,2026-12-28T09:00:00+09:00,2026-12-28T10:00:00+09:00,2026-12-29T10:00:00+09:00,2026-12-30T10:00:00+09:00,,ADVANCED,FIRST_EVIDENCE_REVIEWED,,SYNTHETIC_HUMAN_SCENARIO,"{""coverage"":{""M1_SKILL_01"":{""decisionable"":true,""observation_refs"":[""OB_FIRST_PANEL_09_ML_ENGINEER_EV_APP0342_FIRST_INTERVIEW_TECHNICAL_ASSESSMENT_M1_SKILL_01"",""OB_FIRST_PANEL_09_HIRING_MANAGER_EV_APP0342_FIRST_INTERVIEW_TECHNICAL_ASSESSMENT_M1_SKILL_01"",""OB_FIRST_PANEL_09_TECHNICAL_REVIEWER_EV_APP0342_FIRST_INTERVIEW_TECHNICAL_ASSESSMENT_M1_SKILL_01"",""OB_FIRST_PANEL_09_ML_ENGINEER_EV_APP0342_FIRST_INTERVIEW_AI_CASE_M1_SKILL_01"",""OB_FIRST_PANEL_09_HIRING_MANAGER_EV_APP0342_FIRST_INTERVIEW_AI_CASE_M1_SKILL_01"",""OB_FIRST_PANEL_09_TECHNICAL_REVIEWER_EV_APP0342_FIRST_INTERVIEW_AI_CASE_M1_SKILL_01""],""skill_decision_ref"":""DC_APP0342_M1_SKILL_01_000484"",""state"":""A""},""M1_SKILL_02"":{""decisionable"":true,""observation_refs"":[""OB_FIRST_PANEL_09_ML_ENGINEER_EV_APP0342_FIRST_INTERVIEW_TECHNICAL_ASSESSMENT_M1_SKILL_02"",""OB_FIRST_PANEL_09_HIRING_MANAGER_EV_APP0342_FIRST_INTERVIEW_TECHNICAL_ASSESSMENT_M1_SKILL_02"",""OB_FIRST_PANEL_09_TECHNICAL_REVIEWER_EV_APP0342_FIRST_INTERVIEW_TECHNICAL_ASSESSMENT_M1_SKILL_02""],""skill_decision_ref"":""DC_APP0342_M1_SKILL_02_000485"",""state"":""A""},""M1_SKILL_03"":{""decisionable"":true,""observation_refs"":[""OB_FIRST_PANEL_09_ML_ENGINEER_EV_APP0342_FIRST_INTERVIEW_AI_CASE_M1_SKILL_03"",""OB_FIRST_PANEL_09_HIRING_MANAGER_EV_APP0342_FIRST_INTERVIEW_AI_CASE_M1_SKILL_03"",""OB_FIRST_PANEL_09_TECHNICAL_REVIEWER_EV_APP0342_FIRST_INTERVIEW_AI_CASE_M1_SKILL_03""],""skill_decision_ref"":""DC_APP0342_M1_SKILL_03_000486"",""state"":""A""}},""criterion"":""CORE_DIRECT_COVERAGE"",""human_rationale"":""기술 핵심01/02/03의 직접 지지·명시적 제한·부족·미해결을 각각 검토. 점수/정원 없음."",""observation_refs"":[""OB_FIRST_PANEL_09_ML_ENGINEER_EV_APP0342_FIRST_INTERVIEW_TECHNICAL_ASSESSMENT_M1_SKILL_01"",""OB_FIRST_PANEL_09_HIRING_MANAGER_EV_APP0342_FIRST_INTERVIEW_TECHNICAL_ASSESSMENT_M1_SKILL_01"",""OB_FIRST_PANEL_09_TECHNICAL_REVIEWER_EV_APP0342_FIRST_INTERVIEW_TECHNICAL_ASSESSMENT_M1_SKILL_01"",""OB_FIRST_PANEL_09_ML_ENGINEER_EV_APP0342_FIRST_INTERVIEW_TECHNICAL_ASSESSMENT_M1_SKILL_02"",""OB_FIRST_PANEL_09_HIRING_MANAGER_EV_APP0342_FIRST_INTERVIEW_TECHNICAL_ASSESSMENT_M1_SKILL_02"",""OB_FIRST_PANEL_09_TECHNICAL_REVIEWER_EV_APP0342_FIRST_INTERVIEW_TECHNICAL_ASSESSMENT_M1_SKILL_02"",""OB_FIRST_PANEL_09_ML_ENGINEER_EV_APP0342_FIRST_INTERVIEW_TECHNICAL_ASSESSMENT_M1_SKILL_07"",""OB_FIRST_PANEL_09_HIRING_MANAGER_EV_APP0342_FIRST_INTERVIEW_TECHNICAL_ASSESSMENT_M1_SKILL_07"",""OB_FIRST_PANEL_09_TECHNICAL_REVIEWER_EV_APP0342_FIRST_INTERVIEW_TECHNICAL_ASSESSMENT_M1_SKILL_07"",""OB_FIRST_PANEL_09_ML_ENGINEER_EV_APP0342_FIRST_INTERVIEW_AI_CASE_M1_SKILL_01"",""OB_FIRST_PANEL_09_HIRING_MANAGER_EV_APP0342_FIRST_INTERVIEW_AI_CASE_M1_SKILL_01"",""OB_FIRST_PANEL_09_TECHNICAL_REVIEWER_EV_APP0342_FIRST_INTERVIEW_AI_CASE_M1_SKILL_01"",""OB_FIRST_PANEL_09_ML_ENGINEER_EV_APP0342_FIRST_INTERVIEW_AI_CASE_M1_SKILL_03"",""OB_FIRST_PANEL_09_HIRING_MANAGER_EV_APP0342_FIRST_INTERVIEW_AI_CASE_M1_SKILL_03"",""OB_FIRST_PANEL_09_TECHNICAL_REVIEWER_EV_APP0342_FIRST_INTERVIEW_AI_CASE_M1_SKILL_03"",""OB_FIRST_PANEL_09_ML_ENGINEER_EV_APP0342_FIRST_INTERVIEW_PRACTITIONER_QA_M1_SKILL_04"",""OB_FIRST_PANEL_09_HIRING_MANAGER_EV_APP0342_FIRST_INTERVIEW_PRACTITIONER_QA_M1_SKILL_04"",""OB_FIRST_PANEL_09_TECHNICAL_REVIEWER_EV_APP0342_FIRST_INTERVIEW_PRACTITIONER_QA_M1_SKILL_04"",""OB_FIRST_PANEL_09_ML_ENGINEER_EV_APP0342_FIRST_INTERVIEW_PRACTITIONER_QA_M1_SKILL_05"",""OB_FIRST_PANEL_09_HIRING_MANAGER_EV_APP0342_FIRST_INTERVIEW_PRACTITIONER_QA_M1_SKILL_05"",""OB_FIRST_PANEL_09_TECHNICAL_REVIEWER_EV_APP0342_FIRST_INTERVIEW_PRACTITIONER_QA_M1_SKILL_05"",""OB_FIRST_PANEL_09_ML_ENGINEER_EV_APP0342_FIRST_INTERVIEW_PRACTITIONER_QA_M1_SKILL_06"",""OB_FIRST_PANEL_09_HIRING_MANAGER_EV_APP0342_FIRST_INTERVIEW_PRACTITIONER_QA_M1_SKILL_06"",""OB_FIRST_PANEL_09_TECHNICAL_REVIEWER_EV_APP0342_FIRST_INTERVIEW_PRACTITIONER_QA_M1_SKILL_06"",""OB_FIRST_PANEL_09_ML_ENGINEER_EV_APP0342_FIRST_INTERVIEW_PRACTITIONER_QA_M1_SKILL_08"",""OB_FIRST_PANEL_09_HIRING_MANAGER_EV_APP0342_FIRST_INTERVIEW_PRACTITIONER_QA_M1_SKILL_08"",""OB_FIRST_PANEL_09_TECHNICAL_REVIEWER_EV_APP0342_FIRST_INTERVIEW_PRACTITIONER_QA_M1_SKILL_08""]}"
APP0046_SECOND_INTERVIEW,APP0046,C0046,SECOND_INTERVIEW,2026-12-15T10:15:00+09:00,2026-12-16T10:15:00+09:00,2026-12-30T10:15:00+09:00,2026-12-30T10:45:00+09:00,2027-01-01T10:45:00+09:00,2027-01-01T10:45:00+09:00,,ADVANCED,BEHAVIOR_REVIEWED,,SYNTHETIC_HUMAN_SCENARIO,"{""criterion"":""BOTH_BEHAVIORAL_LIMITATIONS"",""human_rationale"":""단계 활동과 관찰을 검토하여 다음 판단으로 진행한다. 미관찰은 부족/탈락과 동일하지 않다."",""observation_refs"":[""OB_SECOND_INTERVIEW_PANEL_01_ML_ENGINEER_EV_APP0046_SECOND_INTERVIEW_VALUES_BEHAVIOR_INTERVIEW_M1_SKILL_04"",""OB_SECOND_INTERVIEW_PANEL_01_HIRING_MANAGER_EV_APP0046_SECOND_INTERVIEW_VALUES_BEHAVIOR_INTERVIEW_M1_SKILL_04"",""OB_SECOND_INTERVIEW_PANEL_01_ML_ENGINEER_EV_APP0046_SECOND_INTERVIEW_VALUES_BEHAVIOR_INTERVIEW_M1_SKILL_05"",""OB_SECOND_INTERVIEW_PANEL_01_HIRING_MANAGER_EV_APP0046_SECOND_INTERVIEW_VALUES_BEHAVIOR_INTERVIEW_M1_SKILL_05""],""stage"":""SECOND_INTERVIEW""}"
APP0037_SECOND_INTERVIEW,APP0037,C0037,SECOND_INTERVIEW,2026-12-16T10:00:00+09:00,2026-12-17T10:00:00+09:00,2026-12-24T10:00:00+09:00,2026-12-24T10:30:00+09:00,2026-12-26T10:45:00+09:00,2026-12-27T10:45:00+09:00,,ADVANCED,BEHAVIOR_REVIEWED,,SYNTHETIC_HUMAN_SCENARIO,"{""criterion"":""BOTH_BEHAVIORAL_LIMITATIONS"",""human_rationale"":""단계 활동과 관찰을 검토하여 다음 판단으로 진행한다. 미관찰은 부족/탈락과 동일하지 않다."",""observation_refs"":[""OB_SECOND_INTERVIEW_PANEL_01_ML_ENGINEER_EV_APP0037_SECOND_INTERVIEW_VALUES_BEHAVIOR_INTERVIEW_M1_SKILL_04"",""OB_SECOND_INTERVIEW_PANEL_01_HIRING_MANAGER_EV_APP0037_SECOND_INTERVIEW_VALUES_BEHAVIOR_INTERVIEW_M1_SKILL_04"",""OB_SECOND_INTERVIEW_PANEL_01_ML_ENGINEER_EV_APP0037_SECOND_INTERVIEW_VALUES_BEHAVIOR_INTERVIEW_M1_SKILL_05"",""OB_SECOND_INTERVIEW_PANEL_01_HIRING_MANAGER_EV_APP0037_SECOND_INTERVIEW_VALUES_BEHAVIOR_INTERVIEW_M1_SKILL_05""],""stage"":""SECOND_INTERVIEW""}"
APP0005_SECOND_INTERVIEW,APP0005,C0005,SECOND_INTERVIEW,2026-12-18T10:15:00+09:00,2026-12-19T10:15:00+09:00,2026-12-29T10:15:00+09:00,2026-12-29T10:45:00+09:00,2027-01-01T10:45:00+09:00,2027-01-02T10:45:00+09:00,,ADVANCED,BEHAVIOR_REVIEWED,,SYNTHETIC_HUMAN_SCENARIO,"{""criterion"":""BOTH_BEHAVIORAL_LIMITATIONS"",""human_rationale"":""단계 활동과 관찰을 검토하여 다음 판단으로 진행한다. 미관찰은 부족/탈락과 동일하지 않다."",""observation_refs"":[""OB_SECOND_INTERVIEW_PANEL_01_ML_ENGINEER_EV_APP0005_SECOND_INTERVIEW_VALUES_BEHAVIOR_INTERVIEW_M1_SKILL_04"",""OB_SECOND_INTERVIEW_PANEL_01_HIRING_MANAGER_EV_APP0005_SECOND_INTERVIEW_VALUES_BEHAVIOR_INTERVIEW_M1_SKILL_04"",""OB_SECOND_INTERVIEW_PANEL_01_ML_ENGINEER_EV_APP0005_SECOND_INTERVIEW_VALUES_BEHAVIOR_INTERVIEW_M1_SKILL_05"",""OB_SECOND_INTERVIEW_PANEL_01_HIRING_MANAGER_EV_APP0005_SECOND_INTERVIEW_VALUES_BEHAVIOR_INTERVIEW_M1_SKILL_05""],""stage"":""SECOND_INTERVIEW""}"
APP0070_SECOND_INTERVIEW,APP0070,C0070,SECOND_INTERVIEW,2026-12-18T10:15:00+09:00,2026-12-19T10:15:00+09:00,2026-12-29T10:15:00+09:00,2026-12-29T11:15:00+09:00,2026-12-30T11:15:00+09:00,2026-12-30T11:15:00+09:00,,ADVANCED,BEHAVIOR_REVIEWED,,SYNTHETIC_HUMAN_SCENARIO,"{""criterion"":""BOTH_BEHAVIORAL_LIMITATIONS"",""human_rationale"":""단계 활동과 관찰을 검토하여 다음 판단으로 진행한다. 미관찰은 부족/탈락과 동일하지 않다."",""observation_refs"":[""OB_SECOND_INTERVIEW_PANEL_01_ML_ENGINEER_EV_APP0070_SECOND_INTERVIEW_VALUES_BEHAVIOR_INTERVIEW_M1_SKILL_04"",""OB_SECOND_INTERVIEW_PANEL_01_HIRING_MANAGER_EV_APP0070_SECOND_INTERVIEW_VALUES_BEHAVIOR_INTERVIEW_M1_SKILL_04"",""OB_SECOND_INTERVIEW_PANEL_01_ML_ENGINEER_EV_APP0070_SECOND_INTERVIEW_VALUES_BEHAVIOR_INTERVIEW_M1_SKILL_05"",""OB_SECOND_INTERVIEW_PANEL_01_HIRING_MANAGER_EV_APP0070_SECOND_INTERVIEW_VALUES_BEHAVIOR_INTERVIEW_M1_SKILL_05""],""stage"":""SECOND_INTERVIEW""}"
APP0082_SECOND_INTERVIEW,APP0082,C0082,SECOND_INTERVIEW,2026-12-19T10:00:00+09:00,2026-12-20T10:00:00+09:00,2026-12-30T10:00:00+09:00,2026-12-30T11:15:00+09:00,2027-01-04T11:15:00+09:00,2027-01-08T11:15:00+09:00,,ADVANCED,BEHAVIOR_REVIEWED,,SYNTHETIC_HUMAN_SCENARIO,"{""criterion"":""BOTH_BEHAVIORAL_LIMITATIONS"",""human_rationale"":""단계 활동과 관찰을 검토하여 다음 판단으로 진행한다. 미관찰은 부족/탈락과 동일하지 않다."",""observation_refs"":[""OB_SECOND_INTERVIEW_PANEL_01_ML_ENGINEER_EV_APP0082_SECOND_INTERVIEW_VALUES_BEHAVIOR_INTERVIEW_M1_SKILL_04"",""OB_SECOND_INTERVIEW_PANEL_01_HIRING_MANAGER_EV_APP0082_SECOND_INTERVIEW_VALUES_BEHAVIOR_INTERVIEW_M1_SKILL_04"",""OB_SECOND_INTERVIEW_PANEL_01_ML_ENGINEER_EV_APP0082_SECOND_INTERVIEW_VALUES_BEHAVIOR_INTERVIEW_M1_SKILL_05"",""OB_SECOND_INTERVIEW_PANEL_01_HIRING_MANAGER_EV_APP0082_SECOND_INTERVIEW_VALUES_BEHAVIOR_INTERVIEW_M1_SKILL_05""],""stage"":""SECOND_INTERVIEW""}"
APP0056_SECOND_INTERVIEW,APP0056,C0056,SECOND_INTERVIEW,2026-12-20T10:15:00+09:00,2026-12-21T10:15:00+09:00,2026-12-28T10:15:00+09:00,,,,,IN_PROGRESS,,,,"{""motive"":""UNKNOWN"",""operational_state"":""NO_RESPONSE_PENDING""}"
APP0155_SECOND_INTERVIEW,APP0155,C0155,SECOND_INTERVIEW,2026-12-21T10:00:00+09:00,2026-12-22T10:00:00+09:00,2027-01-01T10:00:00+09:00,2027-01-01T10:30:00+09:00,2027-01-02T10:30:00+09:00,2027-01-02T10:30:00+09:00,,ADVANCED,BEHAVIOR_REVIEWED,,SYNTHETIC_HUMAN_SCENARIO,"{""criterion"":""BOTH_BEHAVIORAL_LIMITATIONS"",""human_rationale"":""단계 활동과 관찰을 검토하여 다음 판단으로 진행한다. 미관찰은 부족/탈락과 동일하지 않다."",""observation_refs"":[""OB_SECOND_INTERVIEW_PANEL_01_ML_ENGINEER_EV_APP0155_SECOND_INTERVIEW_VALUES_BEHAVIOR_INTERVIEW_M1_SKILL_04"",""OB_SECOND_INTERVIEW_PANEL_01_HIRING_MANAGER_EV_APP0155_SECOND_INTERVIEW_VALUES_BEHAVIOR_INTERVIEW_M1_SKILL_04"",""OB_SECOND_INTERVIEW_PANEL_01_ML_ENGINEER_EV_APP0155_SECOND_INTERVIEW_VALUES_BEHAVIOR_INTERVIEW_M1_SKILL_05"",""OB_SECOND_INTERVIEW_PANEL_01_HIRING_MANAGER_EV_APP0155_SECOND_INTERVIEW_VALUES_BEHAVIOR_INTERVIEW_M1_SKILL_05""],""stage"":""SECOND_INTERVIEW""}"
APP0181_SECOND_INTERVIEW,APP0181,C0181,SECOND_INTERVIEW,2026-12-25T10:15:00+09:00,2026-12-26T10:15:00+09:00,2027-01-05T10:15:00+09:00,2027-01-05T10:45:00+09:00,2027-01-08T10:45:00+09:00,2027-01-09T10:45:00+09:00,,ADVANCED,BEHAVIOR_REVIEWED,,SYNTHETIC_HUMAN_SCENARIO,"{""criterion"":""BOTH_BEHAVIORAL_LIMITATIONS"",""human_rationale"":""단계 활동과 관찰을 검토하여 다음 판단으로 진행한다. 미관찰은 부족/탈락과 동일하지 않다."",""observation_refs"":[""OB_SECOND_INTERVIEW_PANEL_01_ML_ENGINEER_EV_APP0181_SECOND_INTERVIEW_VALUES_BEHAVIOR_INTERVIEW_M1_SKILL_04"",""OB_SECOND_INTERVIEW_PANEL_01_HIRING_MANAGER_EV_APP0181_SECOND_INTERVIEW_VALUES_BEHAVIOR_INTERVIEW_M1_SKILL_04"",""OB_SECOND_INTERVIEW_PANEL_01_ML_ENGINEER_EV_APP0181_SECOND_INTERVIEW_VALUES_BEHAVIOR_INTERVIEW_M1_SKILL_05"",""OB_SECOND_INTERVIEW_PANEL_01_HIRING_MANAGER_EV_APP0181_SECOND_INTERVIEW_VALUES_BEHAVIOR_INTERVIEW_M1_SKILL_05""],""stage"":""SECOND_INTERVIEW""}"
APP0216_SECOND_INTERVIEW,APP0216,C0216,SECOND_INTERVIEW,2026-12-29T10:00:00+09:00,2026-12-30T10:00:00+09:00,2027-01-13T10:00:00+09:00,2027-01-13T10:30:00+09:00,2027-01-14T10:30:00+09:00,2027-01-18T10:30:00+09:00,,ADVANCED,BEHAVIOR_REVIEWED,,SYNTHETIC_HUMAN_SCENARIO,"{""criterion"":""BOTH_BEHAVIORAL_LIMITATIONS"",""human_rationale"":""단계 활동과 관찰을 검토하여 다음 판단으로 진행한다. 미관찰은 부족/탈락과 동일하지 않다."",""observation_refs"":[""OB_SECOND_INTERVIEW_PANEL_01_ML_ENGINEER_EV_APP0216_SECOND_INTERVIEW_VALUES_BEHAVIOR_INTERVIEW_M1_SKILL_04"",""OB_SECOND_INTERVIEW_PANEL_01_HIRING_MANAGER_EV_APP0216_SECOND_INTERVIEW_VALUES_BEHAVIOR_INTERVIEW_M1_SKILL_04"",""OB_SECOND_INTERVIEW_PANEL_01_ML_ENGINEER_EV_APP0216_SECOND_INTERVIEW_VALUES_BEHAVIOR_INTERVIEW_M1_SKILL_05"",""OB_SECOND_INTERVIEW_PANEL_01_HIRING_MANAGER_EV_APP0216_SECOND_INTERVIEW_VALUES_BEHAVIOR_INTERVIEW_M1_SKILL_05""],""stage"":""SECOND_INTERVIEW""}"
APP0342_SECOND_INTERVIEW,APP0342,C0342,SECOND_INTERVIEW,2026-12-31T10:00:00+09:00,2027-01-01T10:00:00+09:00,2027-01-15T10:00:00+09:00,2027-01-15T10:30:00+09:00,2027-01-16T10:30:00+09:00,2027-01-17T10:30:00+09:00,,ADVANCED,BEHAVIOR_REVIEWED,,SYNTHETIC_HUMAN_SCENARIO,"{""criterion"":""BOTH_BEHAVIORAL_LIMITATIONS"",""human_rationale"":""단계 활동과 관찰을 검토하여 다음 판단으로 진행한다. 미관찰은 부족/탈락과 동일하지 않다."",""observation_refs"":[""OB_SECOND_INTERVIEW_PANEL_01_ML_ENGINEER_EV_APP0342_SECOND_INTERVIEW_VALUES_BEHAVIOR_INTERVIEW_M1_SKILL_04"",""OB_SECOND_INTERVIEW_PANEL_01_HIRING_MANAGER_EV_APP0342_SECOND_INTERVIEW_VALUES_BEHAVIOR_INTERVIEW_M1_SKILL_04"",""OB_SECOND_INTERVIEW_PANEL_01_ML_ENGINEER_EV_APP0342_SECOND_INTERVIEW_VALUES_BEHAVIOR_INTERVIEW_M1_SKILL_05"",""OB_SECOND_INTERVIEW_PANEL_01_HIRING_MANAGER_EV_APP0342_SECOND_INTERVIEW_VALUES_BEHAVIOR_INTERVIEW_M1_SKILL_05""],""stage"":""SECOND_INTERVIEW""}"
APP0228_SECOND_INTERVIEW,APP0228,C0228,SECOND_INTERVIEW,2026-12-31T10:15:00+09:00,2027-01-01T10:15:00+09:00,2027-01-11T10:15:00+09:00,2027-01-11T10:45:00+09:00,2027-01-13T10:45:00+09:00,2027-01-13T10:45:00+09:00,,ADVANCED,BEHAVIOR_REVIEWED,,SYNTHETIC_HUMAN_SCENARIO,"{""criterion"":""BOTH_BEHAVIORAL_LIMITATIONS"",""human_rationale"":""단계 활동과 관찰을 검토하여 다음 판단으로 진행한다. 미관찰은 부족/탈락과 동일하지 않다."",""observation_refs"":[""OB_SECOND_INTERVIEW_PANEL_01_ML_ENGINEER_EV_APP0228_SECOND_INTERVIEW_VALUES_BEHAVIOR_INTERVIEW_M1_SKILL_04"",""OB_SECOND_INTERVIEW_PANEL_01_HIRING_MANAGER_EV_APP0228_SECOND_INTERVIEW_VALUES_BEHAVIOR_INTERVIEW_M1_SKILL_04"",""OB_SECOND_INTERVIEW_PANEL_01_ML_ENGINEER_EV_APP0228_SECOND_INTERVIEW_VALUES_BEHAVIOR_INTERVIEW_M1_SKILL_05"",""OB_SECOND_INTERVIEW_PANEL_01_HIRING_MANAGER_EV_APP0228_SECOND_INTERVIEW_VALUES_BEHAVIOR_INTERVIEW_M1_SKILL_05""],""stage"":""SECOND_INTERVIEW""}"
APP0238_SECOND_INTERVIEW,APP0238,C0238,SECOND_INTERVIEW,2027-01-01T10:15:00+09:00,2027-01-02T10:15:00+09:00,2027-01-16T10:15:00+09:00,2027-01-16T10:45:00+09:00,2027-01-17T10:45:00+09:00,2027-01-19T10:45:00+09:00,,ADVANCED,BEHAVIOR_REVIEWED,,SYNTHETIC_HUMAN_SCENARIO,"{""criterion"":""BOTH_BEHAVIORAL_LIMITATIONS"",""human_rationale"":""단계 활동과 관찰을 검토하여 다음 판단으로 진행한다. 미관찰은 부족/탈락과 동일하지 않다."",""observation_refs"":[""OB_SECOND_INTERVIEW_PANEL_01_ML_ENGINEER_EV_APP0238_SECOND_INTERVIEW_VALUES_BEHAVIOR_INTERVIEW_M1_SKILL_04"",""OB_SECOND_INTERVIEW_PANEL_01_HIRING_MANAGER_EV_APP0238_SECOND_INTERVIEW_VALUES_BEHAVIOR_INTERVIEW_M1_SKILL_04"",""OB_SECOND_INTERVIEW_PANEL_01_ML_ENGINEER_EV_APP0238_SECOND_INTERVIEW_VALUES_BEHAVIOR_INTERVIEW_M1_SKILL_05"",""OB_SECOND_INTERVIEW_PANEL_01_HIRING_MANAGER_EV_APP0238_SECOND_INTERVIEW_VALUES_BEHAVIOR_INTERVIEW_M1_SKILL_05""],""stage"":""SECOND_INTERVIEW""}"
APP0258_SECOND_INTERVIEW,APP0258,C0258,SECOND_INTERVIEW,2027-01-01T10:15:00+09:00,2027-01-02T10:15:00+09:00,2027-01-12T10:15:00+09:00,,,,2027-01-04T10:15:00+09:00,WITHDRAWN,,UNKNOWN,,
APP0300_SECOND_INTERVIEW,APP0300,C0300,SECOND_INTERVIEW,2027-01-01T10:15:00+09:00,2027-01-02T10:15:00+09:00,2027-01-09T10:15:00+09:00,2027-01-09T10:45:00+09:00,2027-01-10T10:45:00+09:00,2027-01-14T10:45:00+09:00,,ADVANCED,BEHAVIOR_REVIEWED,,SYNTHETIC_HUMAN_SCENARIO,"{""criterion"":""BOTH_BEHAVIORAL_LIMITATIONS"",""human_rationale"":""단계 활동과 관찰을 검토하여 다음 판단으로 진행한다. 미관찰은 부족/탈락과 동일하지 않다."",""observation_refs"":[""OB_SECOND_INTERVIEW_PANEL_01_ML_ENGINEER_EV_APP0300_SECOND_INTERVIEW_VALUES_BEHAVIOR_INTERVIEW_M1_SKILL_04"",""OB_SECOND_INTERVIEW_PANEL_01_HIRING_MANAGER_EV_APP0300_SECOND_INTERVIEW_VALUES_BEHAVIOR_INTERVIEW_M1_SKILL_04"",""OB_SECOND_INTERVIEW_PANEL_01_ML_ENGINEER_EV_APP0300_SECOND_INTERVIEW_VALUES_BEHAVIOR_INTERVIEW_M1_SKILL_05"",""OB_SECOND_INTERVIEW_PANEL_01_HIRING_MANAGER_EV_APP0300_SECOND_INTERVIEW_VALUES_BEHAVIOR_INTERVIEW_M1_SKILL_05""],""stage"":""SECOND_INTERVIEW""}"
APP0285_SECOND_INTERVIEW,APP0285,C0285,SECOND_INTERVIEW,2027-01-02T10:00:00+09:00,2027-01-03T10:00:00+09:00,2027-01-10T10:00:00+09:00,2027-01-10T10:30:00+09:00,2027-01-11T10:45:00+09:00,2027-01-11T10:45:00+09:00,,ADVANCED,BEHAVIOR_REVIEWED,,SYNTHETIC_HUMAN_SCENARIO,"{""criterion"":""BOTH_BEHAVIORAL_LIMITATIONS"",""human_rationale"":""단계 활동과 관찰을 검토하여 다음 판단으로 진행한다. 미관찰은 부족/탈락과 동일하지 않다."",""observation_refs"":[""OB_SECOND_INTERVIEW_PANEL_01_ML_ENGINEER_EV_APP0285_SECOND_INTERVIEW_VALUES_BEHAVIOR_INTERVIEW_M1_SKILL_04"",""OB_SECOND_INTERVIEW_PANEL_01_HIRING_MANAGER_EV_APP0285_SECOND_INTERVIEW_VALUES_BEHAVIOR_INTERVIEW_M1_SKILL_04"",""OB_SECOND_INTERVIEW_PANEL_01_ML_ENGINEER_EV_APP0285_SECOND_INTERVIEW_VALUES_BEHAVIOR_INTERVIEW_M1_SKILL_05"",""OB_SECOND_INTERVIEW_PANEL_01_HIRING_MANAGER_EV_APP0285_SECOND_INTERVIEW_VALUES_BEHAVIOR_INTERVIEW_M1_SKILL_05""],""stage"":""SECOND_INTERVIEW""}"
APP0325_SECOND_INTERVIEW,APP0325,C0325,SECOND_INTERVIEW,2027-01-02T10:15:00+09:00,2027-01-03T10:15:00+09:00,2027-01-17T10:15:00+09:00,,,,2027-01-05T10:15:00+09:00,WITHDRAWN,,UNKNOWN,,
APP0297_SECOND_INTERVIEW,APP0297,C0297,SECOND_INTERVIEW,2027-01-03T10:15:00+09:00,2027-01-04T10:15:00+09:00,2027-01-11T10:15:00+09:00,2027-01-11T11:15:00+09:00,2027-01-13T11:15:00+09:00,2027-01-13T11:15:00+09:00,,ADVANCED,BEHAVIOR_REVIEWED,,SYNTHETIC_HUMAN_SCENARIO,"{""criterion"":""BOTH_BEHAVIORAL_LIMITATIONS"",""human_rationale"":""단계 활동과 관찰을 검토하여 다음 판단으로 진행한다. 미관찰은 부족/탈락과 동일하지 않다."",""observation_refs"":[""OB_SECOND_INTERVIEW_PANEL_01_ML_ENGINEER_EV_APP0297_SECOND_INTERVIEW_VALUES_BEHAVIOR_INTERVIEW_M1_SKILL_04"",""OB_SECOND_INTERVIEW_PANEL_01_HIRING_MANAGER_EV_APP0297_SECOND_INTERVIEW_VALUES_BEHAVIOR_INTERVIEW_M1_SKILL_04"",""OB_SECOND_INTERVIEW_PANEL_01_ML_ENGINEER_EV_APP0297_SECOND_INTERVIEW_VALUES_BEHAVIOR_INTERVIEW_M1_SKILL_05"",""OB_SECOND_INTERVIEW_PANEL_01_HIRING_MANAGER_EV_APP0297_SECOND_INTERVIEW_VALUES_BEHAVIOR_INTERVIEW_M1_SKILL_05""],""stage"":""SECOND_INTERVIEW""}"
APP0037_FINAL_REVIEW,APP0037,C0037,FINAL_REVIEW,2026-12-28T10:45:00+09:00,,,2026-12-28T10:45:00+09:00,2027-01-12T12:05:00+09:00,2027-01-16T12:05:00+09:00,,,FINAL_REVIEW_COMPLETE,,SYNTHETIC_HUMAN_SCENARIO,"{""final_decision_ref"":""FD_APP0037_RE_REVIEW""}"
APP0070_FINAL_REVIEW,APP0070,C0070,FINAL_REVIEW,2026-12-31T11:15:00+09:00,,,2026-12-31T11:15:00+09:00,2027-01-10T11:35:00+09:00,2027-01-14T11:35:00+09:00,,,FINAL_REVIEW_COMPLETE,,SYNTHETIC_HUMAN_SCENARIO,"{""final_decision_ref"":""FD_APP0070_INITIAL""}"
APP0046_FINAL_REVIEW,APP0046,C0046,FINAL_REVIEW,2027-01-02T10:45:00+09:00,,,2027-01-02T10:45:00+09:00,2027-01-20T12:05:00+09:00,2027-01-22T12:05:00+09:00,,,FINAL_REVIEW_COMPLETE,,SYNTHETIC_HUMAN_SCENARIO,"{""final_decision_ref"":""FD_APP0046_RE_REVIEW""}"
APP0155_FINAL_REVIEW,APP0155,C0155,FINAL_REVIEW,2027-01-03T10:30:00+09:00,,,2027-01-03T10:30:00+09:00,2027-01-15T11:00:00+09:00,2027-01-16T11:00:00+09:00,,,FINAL_REVIEW_COMPLETE,,SYNTHETIC_HUMAN_SCENARIO,"{""final_decision_ref"":""FD_APP0155_INITIAL""}"
APP0005_FINAL_REVIEW,APP0005,C0005,FINAL_REVIEW,2027-01-03T10:45:00+09:00,,,2027-01-03T10:45:00+09:00,2027-01-21T12:20:00+09:00,2027-01-21T12:20:00+09:00,,,FINAL_REVIEW_COMPLETE,,SYNTHETIC_HUMAN_SCENARIO,"{""final_decision_ref"":""FD_APP0005_RE_REVIEW""}"
APP0082_FINAL_REVIEW,APP0082,C0082,FINAL_REVIEW,2027-01-09T11:15:00+09:00,,,2027-01-09T11:15:00+09:00,2027-01-18T11:40:00+09:00,2027-01-19T11:40:00+09:00,,,FINAL_REVIEW_COMPLETE,,SYNTHETIC_HUMAN_SCENARIO,"{""final_decision_ref"":""FD_APP0082_INITIAL""}"
APP0181_FINAL_REVIEW,APP0181,C0181,FINAL_REVIEW,2027-01-10T10:45:00+09:00,,,2027-01-10T10:45:00+09:00,2027-01-22T11:05:00+09:00,2027-01-26T11:05:00+09:00,,,FINAL_REVIEW_COMPLETE,,SYNTHETIC_HUMAN_SCENARIO,"{""final_decision_ref"":""FD_APP0181_INITIAL""}"
APP0285_FINAL_REVIEW,APP0285,C0285,FINAL_REVIEW,2027-01-12T10:45:00+09:00,,,2027-01-12T10:45:00+09:00,2027-01-28T11:50:00+09:00,2027-01-30T11:50:00+09:00,,,FINAL_REVIEW_COMPLETE,,SYNTHETIC_HUMAN_SCENARIO,"{""final_decision_ref"":""FD_APP0285_RE_REVIEW""}"
APP0228_FINAL_REVIEW,APP0228,C0228,FINAL_REVIEW,2027-01-14T10:45:00+09:00,,,2027-01-14T10:45:00+09:00,2027-02-01T13:15:00+09:00,2027-02-01T13:15:00+09:00,,,FINAL_REVIEW_COMPLETE,,SYNTHETIC_HUMAN_SCENARIO,"{""final_decision_ref"":""FD_APP0228_RE_REVIEW""}"
APP0297_FINAL_REVIEW,APP0297,C0297,FINAL_REVIEW,2027-01-14T11:15:00+09:00,,,2027-01-14T11:15:00+09:00,2027-01-25T12:40:00+09:00,2027-01-29T12:40:00+09:00,,,FINAL_REVIEW_COMPLETE,,SYNTHETIC_HUMAN_SCENARIO,"{""final_decision_ref"":""FD_APP0297_RE_REVIEW""}"
APP0300_FINAL_REVIEW,APP0300,C0300,FINAL_REVIEW,2027-01-15T10:45:00+09:00,,,2027-01-15T10:45:00+09:00,2027-01-22T11:10:00+09:00,2027-01-23T11:10:00+09:00,,,FINAL_REVIEW_COMPLETE,,SYNTHETIC_HUMAN_SCENARIO,"{""final_decision_ref"":""FD_APP0300_INITIAL""}"
APP0342_FINAL_REVIEW,APP0342,C0342,FINAL_REVIEW,2027-01-18T10:30:00+09:00,,,2027-01-18T10:30:00+09:00,2027-01-23T10:50:00+09:00,2027-01-23T10:50:00+09:00,,,FINAL_REVIEW_COMPLETE,,SYNTHETIC_HUMAN_SCENARIO,"{""final_decision_ref"":""FD_APP0342_INITIAL""}"
APP0216_FINAL_REVIEW,APP0216,C0216,FINAL_REVIEW,2027-01-19T10:30:00+09:00,,,2027-01-19T10:30:00+09:00,2027-01-26T11:15:00+09:00,2027-01-30T11:15:00+09:00,,,FINAL_REVIEW_COMPLETE,,SYNTHETIC_HUMAN_SCENARIO,"{""final_decision_ref"":""FD_APP0216_INITIAL""}"
APP0238_FINAL_REVIEW,APP0238,C0238,FINAL_REVIEW,2027-01-20T10:45:00+09:00,,,2027-01-20T10:45:00+09:00,2027-01-29T11:10:00+09:00,2027-01-29T11:10:00+09:00,,,FINAL_REVIEW_COMPLETE,,SYNTHETIC_HUMAN_SCENARIO,"{""final_decision_ref"":""FD_APP0238_INITIAL""}"
