assignment_event_id,stage_event_id,reservation_id,event_type,person_hours,effective_at,activity_id,participant_id,reason_code
ASG_000000,APP0002_FIRST_INTERVIEW,RSV_APP0002_FIRST_INTERVIEW,RESERVED,3,2026-12-08T14:04:00+09:00,,,SCHEDULED_ALLOCATION
ASG_000001,APP0002_FIRST_INTERVIEW,RSV_APP0002_FIRST_INTERVIEW,CONSUMED,1.0,2026-12-14T10:00:00+09:00,APP0002_FIRST_INTERVIEW_FIRST_INTERVIEW_SESSION,FIRST_PANEL_01_ML_ENGINEER,ACTUAL_PARTICIPATION
ASG_000002,APP0002_FIRST_INTERVIEW,RSV_APP0002_FIRST_INTERVIEW,CONSUMED,1.0,2026-12-14T10:00:00+09:00,APP0002_FIRST_INTERVIEW_FIRST_INTERVIEW_SESSION,FIRST_PANEL_01_HIRING_MANAGER,ACTUAL_PARTICIPATION
ASG_000003,APP0002_FIRST_INTERVIEW,RSV_APP0002_FIRST_INTERVIEW,CONSUMED,1.0,2026-12-14T10:00:00+09:00,APP0002_FIRST_INTERVIEW_FIRST_INTERVIEW_SESSION,FIRST_PANEL_01_TECHNICAL_REVIEWER,ACTUAL_PARTICIPATION
ASG_000004,APP0003_FIRST_INTERVIEW,RSV_APP0003_FIRST_INTERVIEW,RESERVED,3,2026-12-08T14:04:00+09:00,,,SCHEDULED_ALLOCATION
ASG_000005,APP0003_FIRST_INTERVIEW,RSV_APP0003_FIRST_INTERVIEW,CONSUMED,1.0,2026-12-14T10:00:00+09:00,APP0003_FIRST_INTERVIEW_FIRST_INTERVIEW_SESSION,FIRST_PANEL_02_ML_ENGINEER,ACTUAL_PARTICIPATION
ASG_000006,APP0003_FIRST_INTERVIEW,RSV_APP0003_FIRST_INTERVIEW,CONSUMED,1.0,2026-12-14T10:00:00+09:00,APP0003_FIRST_INTERVIEW_FIRST_INTERVIEW_SESSION,FIRST_PANEL_02_HIRING_MANAGER,ACTUAL_PARTICIPATION
ASG_000007,APP0003_FIRST_INTERVIEW,RSV_APP0003_FIRST_INTERVIEW,CONSUMED,1.0,2026-12-14T10:00:00+09:00,APP0003_FIRST_INTERVIEW_FIRST_INTERVIEW_SESSION,FIRST_PANEL_02_TECHNICAL_REVIEWER,ACTUAL_PARTICIPATION
ASG_000008,APP0004_FIRST_INTERVIEW,RSV_APP0004_FIRST_INTERVIEW,RESERVED,3,2026-12-08T14:04:00+09:00,,,SCHEDULED_ALLOCATION
ASG_000009,APP0004_FIRST_INTERVIEW,RSV_APP0004_FIRST_INTERVIEW,RELEASED,3.0,2026-12-15T09:00:00+09:00,,,NO_RESPONSE_UNUSED
ASG_000010,APP0005_FIRST_INTERVIEW,RSV_APP0005_FIRST_INTERVIEW,RESERVED,3,2026-12-08T14:04:00+09:00,,,SCHEDULED_ALLOCATION
ASG_000011,APP0005_FIRST_INTERVIEW,RSV_APP0005_FIRST_INTERVIEW,CONSUMED,1.0,2026-12-14T10:00:00+09:00,APP0005_FIRST_INTERVIEW_FIRST_INTERVIEW_SESSION,FIRST_PANEL_04_ML_ENGINEER,ACTUAL_PARTICIPATION
ASG_000012,APP0005_FIRST_INTERVIEW,RSV_APP0005_FIRST_INTERVIEW,CONSUMED,1.0,2026-12-14T10:00:00+09:00,APP0005_FIRST_INTERVIEW_FIRST_INTERVIEW_SESSION,FIRST_PANEL_04_HIRING_MANAGER,ACTUAL_PARTICIPATION
ASG_000013,APP0005_FIRST_INTERVIEW,RSV_APP0005_FIRST_INTERVIEW,CONSUMED,1.0,2026-12-14T10:00:00+09:00,APP0005_FIRST_INTERVIEW_FIRST_INTERVIEW_SESSION,FIRST_PANEL_04_TECHNICAL_REVIEWER,ACTUAL_PARTICIPATION
ASG_000014,APP0006_FIRST_INTERVIEW,RSV_APP0006_FIRST_INTERVIEW,RESERVED,3,2026-12-08T14:04:00+09:00,,,SCHEDULED_ALLOCATION
ASG_000015,APP0006_FIRST_INTERVIEW,RSV_APP0006_FIRST_INTERVIEW,CONSUMED,1.0,2026-12-14T10:00:00+09:00,APP0006_FIRST_INTERVIEW_FIRST_INTERVIEW_SESSION,FIRST_PANEL_05_ML_ENGINEER,ACTUAL_PARTICIPATION
ASG_000016,APP0006_FIRST_INTERVIEW,RSV_APP0006_FIRST_INTERVIEW,CONSUMED,1.0,2026-12-14T10:00:00+09:00,APP0006_FIRST_INTERVIEW_FIRST_INTERVIEW_SESSION,FIRST_PANEL_05_HIRING_MANAGER,ACTUAL_PARTICIPATION
ASG_000017,APP0006_FIRST_INTERVIEW,RSV_APP0006_FIRST_INTERVIEW,CONSUMED,1.0,2026-12-14T10:00:00+09:00,APP0006_FIRST_INTERVIEW_FIRST_INTERVIEW_SESSION,FIRST_PANEL_05_TECHNICAL_REVIEWER,ACTUAL_PARTICIPATION
ASG_000018,APP0007_FIRST_INTERVIEW,RSV_APP0007_FIRST_INTERVIEW,RESERVED,3,2026-12-08T14:04:00+09:00,,,SCHEDULED_ALLOCATION
ASG_000019,APP0007_FIRST_INTERVIEW,RSV_APP0007_FIRST_INTERVIEW,CONSUMED,1.0,2026-12-14T10:00:00+09:00,APP0007_FIRST_INTERVIEW_FIRST_INTERVIEW_SESSION,FIRST_PANEL_06_ML_ENGINEER,ACTUAL_PARTICIPATION
ASG_000020,APP0007_FIRST_INTERVIEW,RSV_APP0007_FIRST_INTERVIEW,CONSUMED,1.0,2026-12-14T10:00:00+09:00,APP0007_FIRST_INTERVIEW_FIRST_INTERVIEW_SESSION,FIRST_PANEL_06_HIRING_MANAGER,ACTUAL_PARTICIPATION
ASG_000021,APP0007_FIRST_INTERVIEW,RSV_APP0007_FIRST_INTERVIEW,CONSUMED,1.0,2026-12-14T10:00:00+09:00,APP0007_FIRST_INTERVIEW_FIRST_INTERVIEW_SESSION,FIRST_PANEL_06_TECHNICAL_REVIEWER,ACTUAL_PARTICIPATION
ASG_000022,APP0009_FIRST_INTERVIEW,RSV_APP0009_FIRST_INTERVIEW,RESERVED,3,2026-12-08T14:04:00+09:00,,,SCHEDULED_ALLOCATION
ASG_000023,APP0009_FIRST_INTERVIEW,RSV_APP0009_FIRST_INTERVIEW,CONSUMED,1.0,2026-12-14T10:00:00+09:00,APP0009_FIRST_INTERVIEW_FIRST_INTERVIEW_SESSION,FIRST_PANEL_07_ML_ENGINEER,ACTUAL_PARTICIPATION
ASG_000024,APP0009_FIRST_INTERVIEW,RSV_APP0009_FIRST_INTERVIEW,CONSUMED,1.0,2026-12-14T10:00:00+09:00,APP0009_FIRST_INTERVIEW_FIRST_INTERVIEW_SESSION,FIRST_PANEL_07_HIRING_MANAGER,ACTUAL_PARTICIPATION
ASG_000025,APP0009_FIRST_INTERVIEW,RSV_APP0009_FIRST_INTERVIEW,CONSUMED,1.0,2026-12-14T10:00:00+09:00,APP0009_FIRST_INTERVIEW_FIRST_INTERVIEW_SESSION,FIRST_PANEL_07_TECHNICAL_REVIEWER,ACTUAL_PARTICIPATION
ASG_000026,APP0010_FIRST_INTERVIEW,RSV_APP0010_FIRST_INTERVIEW,RESERVED,3,2026-12-08T14:04:00+09:00,,,SCHEDULED_ALLOCATION
ASG_000027,APP0010_FIRST_INTERVIEW,RSV_APP0010_FIRST_INTERVIEW,CONSUMED,1.0,2026-12-14T10:00:00+09:00,APP0010_FIRST_INTERVIEW_FIRST_INTERVIEW_SESSION,FIRST_PANEL_08_ML_ENGINEER,ACTUAL_PARTICIPATION
ASG_000028,APP0010_FIRST_INTERVIEW,RSV_APP0010_FIRST_INTERVIEW,CONSUMED,1.0,2026-12-14T10:00:00+09:00,APP0010_FIRST_INTERVIEW_FIRST_INTERVIEW_SESSION,FIRST_PANEL_08_HIRING_MANAGER,ACTUAL_PARTICIPATION
ASG_000029,APP0010_FIRST_INTERVIEW,RSV_APP0010_FIRST_INTERVIEW,CONSUMED,1.0,2026-12-14T10:00:00+09:00,APP0010_FIRST_INTERVIEW_FIRST_INTERVIEW_SESSION,FIRST_PANEL_08_TECHNICAL_REVIEWER,ACTUAL_PARTICIPATION
ASG_000030,APP0012_FIRST_INTERVIEW,RSV_APP0012_FIRST_INTERVIEW,RESERVED,3,2026-12-08T14:04:00+09:00,,,SCHEDULED_ALLOCATION
ASG_000031,APP0012_FIRST_INTERVIEW,RSV_APP0012_FIRST_INTERVIEW,CONSUMED,1.0,2026-12-14T10:00:00+09:00,APP0012_FIRST_INTERVIEW_FIRST_INTERVIEW_SESSION,FIRST_PANEL_09_ML_ENGINEER,ACTUAL_PARTICIPATION
ASG_000032,APP0012_FIRST_INTERVIEW,RSV_APP0012_FIRST_INTERVIEW,CONSUMED,1.0,2026-12-14T10:00:00+09:00,APP0012_FIRST_INTERVIEW_FIRST_INTERVIEW_SESSION,FIRST_PANEL_09_HIRING_MANAGER,ACTUAL_PARTICIPATION
ASG_000033,APP0012_FIRST_INTERVIEW,RSV_APP0012_FIRST_INTERVIEW,CONSUMED,1.0,2026-12-14T10:00:00+09:00,APP0012_FIRST_INTERVIEW_FIRST_INTERVIEW_SESSION,FIRST_PANEL_09_TECHNICAL_REVIEWER,ACTUAL_PARTICIPATION
ASG_000034,APP0013_FIRST_INTERVIEW,RSV_APP0013_FIRST_INTERVIEW,RESERVED,3,2026-12-08T14:04:00+09:00,,,SCHEDULED_ALLOCATION
ASG_000035,APP0013_FIRST_INTERVIEW,RSV_APP0013_FIRST_INTERVIEW,CONSUMED,1.0,2026-12-14T10:00:00+09:00,APP0013_FIRST_INTERVIEW_FIRST_INTERVIEW_SESSION,FIRST_PANEL_10_ML_ENGINEER,ACTUAL_PARTICIPATION
ASG_000036,APP0013_FIRST_INTERVIEW,RSV_APP0013_FIRST_INTERVIEW,CONSUMED,1.0,2026-12-14T10:00:00+09:00,APP0013_FIRST_INTERVIEW_FIRST_INTERVIEW_SESSION,FIRST_PANEL_10_HIRING_MANAGER,ACTUAL_PARTICIPATION
ASG_000037,APP0013_FIRST_INTERVIEW,RSV_APP0013_FIRST_INTERVIEW,CONSUMED,1.0,2026-12-14T10:00:00+09:00,APP0013_FIRST_INTERVIEW_FIRST_INTERVIEW_SESSION,FIRST_PANEL_10_TECHNICAL_REVIEWER,ACTUAL_PARTICIPATION
ASG_000038,APP0014_FIRST_INTERVIEW,RSV_APP0014_FIRST_INTERVIEW,RESERVED,3,2026-12-08T14:04:00+09:00,,,SCHEDULED_ALLOCATION
ASG_000039,APP0014_FIRST_INTERVIEW,RSV_APP0014_FIRST_INTERVIEW,CONSUMED,1.0,2026-12-17T10:00:00+09:00,APP0014_FIRST_INTERVIEW_FIRST_INTERVIEW_SESSION,FIRST_PANEL_01_ML_ENGINEER,ACTUAL_PARTICIPATION
ASG_000040,APP0014_FIRST_INTERVIEW,RSV_APP0014_FIRST_INTERVIEW,CONSUMED,1.0,2026-12-17T10:00:00+09:00,APP0014_FIRST_INTERVIEW_FIRST_INTERVIEW_SESSION,FIRST_PANEL_01_HIRING_MANAGER,ACTUAL_PARTICIPATION
ASG_000041,APP0014_FIRST_INTERVIEW,RSV_APP0014_FIRST_INTERVIEW,CONSUMED,1.0,2026-12-17T10:00:00+09:00,APP0014_FIRST_INTERVIEW_FIRST_INTERVIEW_SESSION,FIRST_PANEL_01_TECHNICAL_REVIEWER,ACTUAL_PARTICIPATION
ASG_000042,APP0018_FIRST_INTERVIEW,RSV_APP0018_FIRST_INTERVIEW,RESERVED,3,2026-12-08T14:04:00+09:00,,,SCHEDULED_ALLOCATION
ASG_000043,APP0018_FIRST_INTERVIEW,RSV_APP0018_FIRST_INTERVIEW,CONSUMED,1.0,2026-12-17T10:00:00+09:00,APP0018_FIRST_INTERVIEW_FIRST_INTERVIEW_SESSION,FIRST_PANEL_02_ML_ENGINEER,ACTUAL_PARTICIPATION
ASG_000044,APP0018_FIRST_INTERVIEW,RSV_APP0018_FIRST_INTERVIEW,CONSUMED,1.0,2026-12-17T10:00:00+09:00,APP0018_FIRST_INTERVIEW_FIRST_INTERVIEW_SESSION,FIRST_PANEL_02_HIRING_MANAGER,ACTUAL_PARTICIPATION
ASG_000045,APP0018_FIRST_INTERVIEW,RSV_APP0018_FIRST_INTERVIEW,CONSUMED,1.0,2026-12-17T10:00:00+09:00,APP0018_FIRST_INTERVIEW_FIRST_INTERVIEW_SESSION,FIRST_PANEL_02_TECHNICAL_REVIEWER,ACTUAL_PARTICIPATION
ASG_000046,APP0021_FIRST_INTERVIEW,RSV_APP0021_FIRST_INTERVIEW,RESERVED,3,2026-12-08T14:04:00+09:00,,,SCHEDULED_ALLOCATION
ASG_000047,APP0021_FIRST_INTERVIEW,RSV_APP0021_FIRST_INTERVIEW,CONSUMED,1.0,2026-12-17T10:00:00+09:00,APP0021_FIRST_INTERVIEW_FIRST_INTERVIEW_SESSION,FIRST_PANEL_03_ML_ENGINEER,ACTUAL_PARTICIPATION
ASG_000048,APP0021_FIRST_INTERVIEW,RSV_APP0021_FIRST_INTERVIEW,CONSUMED,1.0,2026-12-17T10:00:00+09:00,APP0021_FIRST_INTERVIEW_FIRST_INTERVIEW_SESSION,FIRST_PANEL_03_HIRING_MANAGER,ACTUAL_PARTICIPATION
ASG_000049,APP0021_FIRST_INTERVIEW,RSV_APP0021_FIRST_INTERVIEW,CONSUMED,1.0,2026-12-17T10:00:00+09:00,APP0021_FIRST_INTERVIEW_FIRST_INTERVIEW_SESSION,FIRST_PANEL_03_TECHNICAL_REVIEWER,ACTUAL_PARTICIPATION
ASG_000050,APP0022_FIRST_INTERVIEW,RSV_APP0022_FIRST_INTERVIEW,RESERVED,3,2026-12-08T14:04:00+09:00,,,SCHEDULED_ALLOCATION
ASG_000051,APP0022_FIRST_INTERVIEW,RSV_APP0022_FIRST_INTERVIEW,CONSUMED,1.0,2026-12-17T10:00:00+09:00,APP0022_FIRST_INTERVIEW_FIRST_INTERVIEW_SESSION,FIRST_PANEL_04_ML_ENGINEER,ACTUAL_PARTICIPATION
ASG_000052,APP0022_FIRST_INTERVIEW,RSV_APP0022_FIRST_INTERVIEW,CONSUMED,1.0,2026-12-17T10:00:00+09:00,APP0022_FIRST_INTERVIEW_FIRST_INTERVIEW_SESSION,FIRST_PANEL_04_HIRING_MANAGER,ACTUAL_PARTICIPATION
ASG_000053,APP0022_FIRST_INTERVIEW,RSV_APP0022_FIRST_INTERVIEW,CONSUMED,1.0,2026-12-17T10:00:00+09:00,APP0022_FIRST_INTERVIEW_FIRST_INTERVIEW_SESSION,FIRST_PANEL_04_TECHNICAL_REVIEWER,ACTUAL_PARTICIPATION
ASG_000054,APP0025_FIRST_INTERVIEW,RSV_APP0025_FIRST_INTERVIEW,RESERVED,3,2026-12-08T14:04:00+09:00,,,SCHEDULED_ALLOCATION
ASG_000055,APP0025_FIRST_INTERVIEW,RSV_APP0025_FIRST_INTERVIEW,CONSUMED,1.0,2026-12-17T10:00:00+09:00,APP0025_FIRST_INTERVIEW_FIRST_INTERVIEW_SESSION,FIRST_PANEL_05_ML_ENGINEER,ACTUAL_PARTICIPATION
ASG_000056,APP0025_FIRST_INTERVIEW,RSV_APP0025_FIRST_INTERVIEW,CONSUMED,1.0,2026-12-17T10:00:00+09:00,APP0025_FIRST_INTERVIEW_FIRST_INTERVIEW_SESSION,FIRST_PANEL_05_HIRING_MANAGER,ACTUAL_PARTICIPATION
ASG_000057,APP0025_FIRST_INTERVIEW,RSV_APP0025_FIRST_INTERVIEW,CONSUMED,1.0,2026-12-17T10:00:00+09:00,APP0025_FIRST_INTERVIEW_FIRST_INTERVIEW_SESSION,FIRST_PANEL_05_TECHNICAL_REVIEWER,ACTUAL_PARTICIPATION
ASG_000058,APP0026_FIRST_INTERVIEW,RSV_APP0026_FIRST_INTERVIEW,RESERVED,3,2026-12-08T14:04:00+09:00,,,SCHEDULED_ALLOCATION
ASG_000059,APP0026_FIRST_INTERVIEW,RSV_APP0026_FIRST_INTERVIEW,RELEASED,3.0,2026-12-10T14:04:00+09:00,,,CONFIRMED_WITHDRAWAL_UNUSED
ASG_000060,APP0027_FIRST_INTERVIEW,RSV_APP0027_FIRST_INTERVIEW,RESERVED,3,2026-12-08T14:04:00+09:00,,,SCHEDULED_ALLOCATION
ASG_000061,APP0027_FIRST_INTERVIEW,RSV_APP0027_FIRST_INTERVIEW,CONSUMED,1.0,2026-12-17T10:00:00+09:00,APP0027_FIRST_INTERVIEW_FIRST_INTERVIEW_SESSION,FIRST_PANEL_07_ML_ENGINEER,ACTUAL_PARTICIPATION
ASG_000062,APP0027_FIRST_INTERVIEW,RSV_APP0027_FIRST_INTERVIEW,CONSUMED,1.0,2026-12-17T10:00:00+09:00,APP0027_FIRST_INTERVIEW_FIRST_INTERVIEW_SESSION,FIRST_PANEL_07_HIRING_MANAGER,ACTUAL_PARTICIPATION
ASG_000063,APP0027_FIRST_INTERVIEW,RSV_APP0027_FIRST_INTERVIEW,CONSUMED,1.0,2026-12-17T10:00:00+09:00,APP0027_FIRST_INTERVIEW_FIRST_INTERVIEW_SESSION,FIRST_PANEL_07_TECHNICAL_REVIEWER,ACTUAL_PARTICIPATION
ASG_000064,APP0029_FIRST_INTERVIEW,RSV_APP0029_FIRST_INTERVIEW,RESERVED,3,2026-12-08T14:04:00+09:00,,,SCHEDULED_ALLOCATION
ASG_000065,APP0029_FIRST_INTERVIEW,RSV_APP0029_FIRST_INTERVIEW,CONSUMED,1.0,2026-12-17T10:00:00+09:00,APP0029_FIRST_INTERVIEW_FIRST_INTERVIEW_SESSION,FIRST_PANEL_08_ML_ENGINEER,ACTUAL_PARTICIPATION
ASG_000066,APP0029_FIRST_INTERVIEW,RSV_APP0029_FIRST_INTERVIEW,CONSUMED,1.0,2026-12-17T10:00:00+09:00,APP0029_FIRST_INTERVIEW_FIRST_INTERVIEW_SESSION,FIRST_PANEL_08_HIRING_MANAGER,ACTUAL_PARTICIPATION
ASG_000067,APP0029_FIRST_INTERVIEW,RSV_APP0029_FIRST_INTERVIEW,CONSUMED,1.0,2026-12-17T10:00:00+09:00,APP0029_FIRST_INTERVIEW_FIRST_INTERVIEW_SESSION,FIRST_PANEL_08_TECHNICAL_REVIEWER,ACTUAL_PARTICIPATION
ASG_000068,APP0031_FIRST_INTERVIEW,RSV_APP0031_FIRST_INTERVIEW,RESERVED,3,2026-12-08T14:04:00+09:00,,,SCHEDULED_ALLOCATION
ASG_000069,APP0031_FIRST_INTERVIEW,RSV_APP0031_FIRST_INTERVIEW,CONSUMED,1.0,2026-12-17T10:00:00+09:00,APP0031_FIRST_INTERVIEW_FIRST_INTERVIEW_SESSION,FIRST_PANEL_09_ML_ENGINEER,ACTUAL_PARTICIPATION
ASG_000070,APP0031_FIRST_INTERVIEW,RSV_APP0031_FIRST_INTERVIEW,CONSUMED,1.0,2026-12-17T10:00:00+09:00,APP0031_FIRST_INTERVIEW_FIRST_INTERVIEW_SESSION,FIRST_PANEL_09_HIRING_MANAGER,ACTUAL_PARTICIPATION
ASG_000071,APP0031_FIRST_INTERVIEW,RSV_APP0031_FIRST_INTERVIEW,CONSUMED,1.0,2026-12-17T10:00:00+09:00,APP0031_FIRST_INTERVIEW_FIRST_INTERVIEW_SESSION,FIRST_PANEL_09_TECHNICAL_REVIEWER,ACTUAL_PARTICIPATION
ASG_000072,APP0034_FIRST_INTERVIEW,RSV_APP0034_FIRST_INTERVIEW,RESERVED,3,2026-12-08T14:04:00+09:00,,,SCHEDULED_ALLOCATION
ASG_000073,APP0034_FIRST_INTERVIEW,RSV_APP0034_FIRST_INTERVIEW,RELEASED,3.0,2026-12-10T14:04:00+09:00,,,CONFIRMED_WITHDRAWAL_UNUSED
ASG_000074,APP0035_FIRST_INTERVIEW,RSV_APP0035_FIRST_INTERVIEW,RESERVED,3,2026-12-08T14:04:00+09:00,,,SCHEDULED_ALLOCATION
ASG_000075,APP0035_FIRST_INTERVIEW,RSV_APP0035_FIRST_INTERVIEW,CONSUMED,1.0,2026-12-21T10:00:00+09:00,APP0035_FIRST_INTERVIEW_FIRST_INTERVIEW_SESSION,FIRST_PANEL_01_ML_ENGINEER,ACTUAL_PARTICIPATION
ASG_000076,APP0035_FIRST_INTERVIEW,RSV_APP0035_FIRST_INTERVIEW,CONSUMED,1.0,2026-12-21T10:00:00+09:00,APP0035_FIRST_INTERVIEW_FIRST_INTERVIEW_SESSION,FIRST_PANEL_01_HIRING_MANAGER,ACTUAL_PARTICIPATION
ASG_000077,APP0035_FIRST_INTERVIEW,RSV_APP0035_FIRST_INTERVIEW,CONSUMED,1.0,2026-12-21T10:00:00+09:00,APP0035_FIRST_INTERVIEW_FIRST_INTERVIEW_SESSION,FIRST_PANEL_01_TECHNICAL_REVIEWER,ACTUAL_PARTICIPATION
ASG_000078,APP0037_FIRST_INTERVIEW,RSV_APP0037_FIRST_INTERVIEW,RESERVED,3,2026-12-08T14:04:00+09:00,,,SCHEDULED_ALLOCATION
ASG_000079,APP0037_FIRST_INTERVIEW,RSV_APP0037_FIRST_INTERVIEW,CONSUMED,1.0,2026-12-21T10:00:00+09:00,APP0037_FIRST_INTERVIEW_FIRST_INTERVIEW_SESSION,FIRST_PANEL_02_ML_ENGINEER,ACTUAL_PARTICIPATION
ASG_000080,APP0037_FIRST_INTERVIEW,RSV_APP0037_FIRST_INTERVIEW,CONSUMED,1.0,2026-12-21T10:00:00+09:00,APP0037_FIRST_INTERVIEW_FIRST_INTERVIEW_SESSION,FIRST_PANEL_02_HIRING_MANAGER,ACTUAL_PARTICIPATION
ASG_000081,APP0037_FIRST_INTERVIEW,RSV_APP0037_FIRST_INTERVIEW,CONSUMED,1.0,2026-12-21T10:00:00+09:00,APP0037_FIRST_INTERVIEW_FIRST_INTERVIEW_SESSION,FIRST_PANEL_02_TECHNICAL_REVIEWER,ACTUAL_PARTICIPATION
ASG_000082,APP0039_FIRST_INTERVIEW,RSV_APP0039_FIRST_INTERVIEW,RESERVED,3,2026-12-08T14:04:00+09:00,,,SCHEDULED_ALLOCATION
ASG_000083,APP0039_FIRST_INTERVIEW,RSV_APP0039_FIRST_INTERVIEW,CONSUMED,1.0,2026-12-21T10:00:00+09:00,APP0039_FIRST_INTERVIEW_FIRST_INTERVIEW_SESSION,FIRST_PANEL_03_ML_ENGINEER,ACTUAL_PARTICIPATION
ASG_000084,APP0039_FIRST_INTERVIEW,RSV_APP0039_FIRST_INTERVIEW,CONSUMED,1.0,2026-12-21T10:00:00+09:00,APP0039_FIRST_INTERVIEW_FIRST_INTERVIEW_SESSION,FIRST_PANEL_03_HIRING_MANAGER,ACTUAL_PARTICIPATION
ASG_000085,APP0039_FIRST_INTERVIEW,RSV_APP0039_FIRST_INTERVIEW,CONSUMED,1.0,2026-12-21T10:00:00+09:00,APP0039_FIRST_INTERVIEW_FIRST_INTERVIEW_SESSION,FIRST_PANEL_03_TECHNICAL_REVIEWER,ACTUAL_PARTICIPATION
ASG_000086,APP0040_FIRST_INTERVIEW,RSV_APP0040_FIRST_INTERVIEW,RESERVED,3,2026-12-08T14:04:00+09:00,,,SCHEDULED_ALLOCATION
ASG_000087,APP0040_FIRST_INTERVIEW,RSV_APP0040_FIRST_INTERVIEW,CONSUMED,1.0,2026-12-21T10:00:00+09:00,APP0040_FIRST_INTERVIEW_FIRST_INTERVIEW_SESSION,FIRST_PANEL_04_ML_ENGINEER,ACTUAL_PARTICIPATION
ASG_000088,APP0040_FIRST_INTERVIEW,RSV_APP0040_FIRST_INTERVIEW,CONSUMED,1.0,2026-12-21T10:00:00+09:00,APP0040_FIRST_INTERVIEW_FIRST_INTERVIEW_SESSION,FIRST_PANEL_04_HIRING_MANAGER,ACTUAL_PARTICIPATION
ASG_000089,APP0040_FIRST_INTERVIEW,RSV_APP0040_FIRST_INTERVIEW,CONSUMED,1.0,2026-12-21T10:00:00+09:00,APP0040_FIRST_INTERVIEW_FIRST_INTERVIEW_SESSION,FIRST_PANEL_04_TECHNICAL_REVIEWER,ACTUAL_PARTICIPATION
ASG_000090,APP0041_FIRST_INTERVIEW,RSV_APP0041_FIRST_INTERVIEW,RESERVED,3,2026-12-08T14:04:00+09:00,,,SCHEDULED_ALLOCATION
ASG_000091,APP0041_FIRST_INTERVIEW,RSV_APP0041_FIRST_INTERVIEW,CONSUMED,1.0,2026-12-21T10:00:00+09:00,APP0041_FIRST_INTERVIEW_FIRST_INTERVIEW_SESSION,FIRST_PANEL_05_ML_ENGINEER,ACTUAL_PARTICIPATION
ASG_000092,APP0041_FIRST_INTERVIEW,RSV_APP0041_FIRST_INTERVIEW,CONSUMED,1.0,2026-12-21T10:00:00+09:00,APP0041_FIRST_INTERVIEW_FIRST_INTERVIEW_SESSION,FIRST_PANEL_05_HIRING_MANAGER,ACTUAL_PARTICIPATION
ASG_000093,APP0041_FIRST_INTERVIEW,RSV_APP0041_FIRST_INTERVIEW,CONSUMED,1.0,2026-12-21T10:00:00+09:00,APP0041_FIRST_INTERVIEW_FIRST_INTERVIEW_SESSION,FIRST_PANEL_05_TECHNICAL_REVIEWER,ACTUAL_PARTICIPATION
ASG_000094,APP0042_FIRST_INTERVIEW,RSV_APP0042_FIRST_INTERVIEW,RESERVED,3,2026-12-08T14:04:00+09:00,,,SCHEDULED_ALLOCATION
ASG_000095,APP0042_FIRST_INTERVIEW,RSV_APP0042_FIRST_INTERVIEW,CONSUMED,1.0,2026-12-21T10:00:00+09:00,APP0042_FIRST_INTERVIEW_FIRST_INTERVIEW_SESSION,FIRST_PANEL_06_ML_ENGINEER,ACTUAL_PARTICIPATION
ASG_000096,APP0042_FIRST_INTERVIEW,RSV_APP0042_FIRST_INTERVIEW,CONSUMED,1.0,2026-12-21T10:00:00+09:00,APP0042_FIRST_INTERVIEW_FIRST_INTERVIEW_SESSION,FIRST_PANEL_06_HIRING_MANAGER,ACTUAL_PARTICIPATION
ASG_000097,APP0042_FIRST_INTERVIEW,RSV_APP0042_FIRST_INTERVIEW,CONSUMED,1.0,2026-12-21T10:00:00+09:00,APP0042_FIRST_INTERVIEW_FIRST_INTERVIEW_SESSION,FIRST_PANEL_06_TECHNICAL_REVIEWER,ACTUAL_PARTICIPATION
ASG_000098,APP0044_FIRST_INTERVIEW,RSV_APP0044_FIRST_INTERVIEW,RESERVED,3,2026-12-08T14:04:00+09:00,,,SCHEDULED_ALLOCATION
ASG_000099,APP0044_FIRST_INTERVIEW,RSV_APP0044_FIRST_INTERVIEW,CONSUMED,1.0,2026-12-21T10:00:00+09:00,APP0044_FIRST_INTERVIEW_FIRST_INTERVIEW_SESSION,FIRST_PANEL_07_ML_ENGINEER,ACTUAL_PARTICIPATION
ASG_000100,APP0044_FIRST_INTERVIEW,RSV_APP0044_FIRST_INTERVIEW,CONSUMED,1.0,2026-12-21T10:00:00+09:00,APP0044_FIRST_INTERVIEW_FIRST_INTERVIEW_SESSION,FIRST_PANEL_07_HIRING_MANAGER,ACTUAL_PARTICIPATION
ASG_000101,APP0044_FIRST_INTERVIEW,RSV_APP0044_FIRST_INTERVIEW,CONSUMED,1.0,2026-12-21T10:00:00+09:00,APP0044_FIRST_INTERVIEW_FIRST_INTERVIEW_SESSION,FIRST_PANEL_07_TECHNICAL_REVIEWER,ACTUAL_PARTICIPATION
ASG_000102,APP0045_FIRST_INTERVIEW,RSV_APP0045_FIRST_INTERVIEW,RESERVED,3,2026-12-08T14:04:00+09:00,,,SCHEDULED_ALLOCATION
ASG_000103,APP0045_FIRST_INTERVIEW,RSV_APP0045_FIRST_INTERVIEW,CONSUMED,1.0,2026-12-21T10:00:00+09:00,APP0045_FIRST_INTERVIEW_FIRST_INTERVIEW_SESSION,FIRST_PANEL_08_ML_ENGINEER,ACTUAL_PARTICIPATION
ASG_000104,APP0045_FIRST_INTERVIEW,RSV_APP0045_FIRST_INTERVIEW,CONSUMED,1.0,2026-12-21T10:00:00+09:00,APP0045_FIRST_INTERVIEW_FIRST_INTERVIEW_SESSION,FIRST_PANEL_08_HIRING_MANAGER,ACTUAL_PARTICIPATION
ASG_000105,APP0045_FIRST_INTERVIEW,RSV_APP0045_FIRST_INTERVIEW,CONSUMED,1.0,2026-12-21T10:00:00+09:00,APP0045_FIRST_INTERVIEW_FIRST_INTERVIEW_SESSION,FIRST_PANEL_08_TECHNICAL_REVIEWER,ACTUAL_PARTICIPATION
ASG_000106,APP0046_FIRST_INTERVIEW,RSV_APP0046_FIRST_INTERVIEW,RESERVED,3,2026-12-08T14:04:00+09:00,,,SCHEDULED_ALLOCATION
ASG_000107,APP0046_FIRST_INTERVIEW,RSV_APP0046_FIRST_INTERVIEW,CONSUMED,1.0,2026-12-21T10:00:00+09:00,APP0046_FIRST_INTERVIEW_FIRST_INTERVIEW_SESSION,FIRST_PANEL_09_ML_ENGINEER,ACTUAL_PARTICIPATION
ASG_000108,APP0046_FIRST_INTERVIEW,RSV_APP0046_FIRST_INTERVIEW,CONSUMED,1.0,2026-12-21T10:00:00+09:00,APP0046_FIRST_INTERVIEW_FIRST_INTERVIEW_SESSION,FIRST_PANEL_09_HIRING_MANAGER,ACTUAL_PARTICIPATION
ASG_000109,APP0046_FIRST_INTERVIEW,RSV_APP0046_FIRST_INTERVIEW,CONSUMED,1.0,2026-12-21T10:00:00+09:00,APP0046_FIRST_INTERVIEW_FIRST_INTERVIEW_SESSION,FIRST_PANEL_09_TECHNICAL_REVIEWER,ACTUAL_PARTICIPATION
ASG_000110,APP0048_FIRST_INTERVIEW,RSV_APP0048_FIRST_INTERVIEW,RESERVED,3,2026-12-08T14:04:00+09:00,,,SCHEDULED_ALLOCATION
ASG_000111,APP0048_FIRST_INTERVIEW,RSV_APP0048_FIRST_INTERVIEW,CONSUMED,1.0,2026-12-21T10:00:00+09:00,APP0048_FIRST_INTERVIEW_FIRST_INTERVIEW_SESSION,FIRST_PANEL_10_ML_ENGINEER,ACTUAL_PARTICIPATION
ASG_000112,APP0048_FIRST_INTERVIEW,RSV_APP0048_FIRST_INTERVIEW,CONSUMED,1.0,2026-12-21T10:00:00+09:00,APP0048_FIRST_INTERVIEW_FIRST_INTERVIEW_SESSION,FIRST_PANEL_10_HIRING_MANAGER,ACTUAL_PARTICIPATION
ASG_000113,APP0048_FIRST_INTERVIEW,RSV_APP0048_FIRST_INTERVIEW,CONSUMED,1.0,2026-12-21T10:00:00+09:00,APP0048_FIRST_INTERVIEW_FIRST_INTERVIEW_SESSION,FIRST_PANEL_10_TECHNICAL_REVIEWER,ACTUAL_PARTICIPATION
ASG_000114,APP0049_FIRST_INTERVIEW,RSV_APP0049_FIRST_INTERVIEW,RESERVED,3,2026-12-08T14:04:00+09:00,,,SCHEDULED_ALLOCATION
ASG_000115,APP0049_FIRST_INTERVIEW,RSV_APP0049_FIRST_INTERVIEW,CONSUMED,1.0,2026-12-24T10:00:00+09:00,APP0049_FIRST_INTERVIEW_FIRST_INTERVIEW_SESSION,FIRST_PANEL_01_ML_ENGINEER,ACTUAL_PARTICIPATION
ASG_000116,APP0049_FIRST_INTERVIEW,RSV_APP0049_FIRST_INTERVIEW,CONSUMED,1.0,2026-12-24T10:00:00+09:00,APP0049_FIRST_INTERVIEW_FIRST_INTERVIEW_SESSION,FIRST_PANEL_01_HIRING_MANAGER,ACTUAL_PARTICIPATION
ASG_000117,APP0049_FIRST_INTERVIEW,RSV_APP0049_FIRST_INTERVIEW,CONSUMED,1.0,2026-12-24T10:00:00+09:00,APP0049_FIRST_INTERVIEW_FIRST_INTERVIEW_SESSION,FIRST_PANEL_01_TECHNICAL_REVIEWER,ACTUAL_PARTICIPATION
ASG_000118,APP0050_FIRST_INTERVIEW,RSV_APP0050_FIRST_INTERVIEW,RESERVED,3,2026-12-08T14:04:00+09:00,,,SCHEDULED_ALLOCATION
ASG_000119,APP0050_FIRST_INTERVIEW,RSV_APP0050_FIRST_INTERVIEW,CONSUMED,1.0,2026-12-24T10:00:00+09:00,APP0050_FIRST_INTERVIEW_FIRST_INTERVIEW_SESSION,FIRST_PANEL_02_ML_ENGINEER,ACTUAL_PARTICIPATION
ASG_000120,APP0050_FIRST_INTERVIEW,RSV_APP0050_FIRST_INTERVIEW,CONSUMED,1.0,2026-12-24T10:00:00+09:00,APP0050_FIRST_INTERVIEW_FIRST_INTERVIEW_SESSION,FIRST_PANEL_02_HIRING_MANAGER,ACTUAL_PARTICIPATION
ASG_000121,APP0050_FIRST_INTERVIEW,RSV_APP0050_FIRST_INTERVIEW,CONSUMED,1.0,2026-12-24T10:00:00+09:00,APP0050_FIRST_INTERVIEW_FIRST_INTERVIEW_SESSION,FIRST_PANEL_02_TECHNICAL_REVIEWER,ACTUAL_PARTICIPATION
ASG_000122,APP0051_FIRST_INTERVIEW,RSV_APP0051_FIRST_INTERVIEW,RESERVED,3,2026-12-08T14:04:00+09:00,,,SCHEDULED_ALLOCATION
ASG_000123,APP0051_FIRST_INTERVIEW,RSV_APP0051_FIRST_INTERVIEW,CONSUMED,1.0,2026-12-24T10:00:00+09:00,APP0051_FIRST_INTERVIEW_FIRST_INTERVIEW_SESSION,FIRST_PANEL_03_ML_ENGINEER,ACTUAL_PARTICIPATION
ASG_000124,APP0051_FIRST_INTERVIEW,RSV_APP0051_FIRST_INTERVIEW,CONSUMED,1.0,2026-12-24T10:00:00+09:00,APP0051_FIRST_INTERVIEW_FIRST_INTERVIEW_SESSION,FIRST_PANEL_03_HIRING_MANAGER,ACTUAL_PARTICIPATION
ASG_000125,APP0051_FIRST_INTERVIEW,RSV_APP0051_FIRST_INTERVIEW,CONSUMED,1.0,2026-12-24T10:00:00+09:00,APP0051_FIRST_INTERVIEW_FIRST_INTERVIEW_SESSION,FIRST_PANEL_03_TECHNICAL_REVIEWER,ACTUAL_PARTICIPATION
ASG_000126,APP0052_FIRST_INTERVIEW,RSV_APP0052_FIRST_INTERVIEW,RESERVED,3,2026-12-08T14:04:00+09:00,,,SCHEDULED_ALLOCATION
ASG_000127,APP0052_FIRST_INTERVIEW,RSV_APP0052_FIRST_INTERVIEW,RELEASED,3.0,2026-12-25T09:00:00+09:00,,,NO_RESPONSE_UNUSED
ASG_000128,APP0053_FIRST_INTERVIEW,RSV_APP0053_FIRST_INTERVIEW,RESERVED,3,2026-12-08T14:04:00+09:00,,,SCHEDULED_ALLOCATION
ASG_000129,APP0053_FIRST_INTERVIEW,RSV_APP0053_FIRST_INTERVIEW,CONSUMED,1.0,2026-12-24T10:00:00+09:00,APP0053_FIRST_INTERVIEW_FIRST_INTERVIEW_SESSION,FIRST_PANEL_05_ML_ENGINEER,ACTUAL_PARTICIPATION
ASG_000130,APP0053_FIRST_INTERVIEW,RSV_APP0053_FIRST_INTERVIEW,CONSUMED,1.0,2026-12-24T10:00:00+09:00,APP0053_FIRST_INTERVIEW_FIRST_INTERVIEW_SESSION,FIRST_PANEL_05_HIRING_MANAGER,ACTUAL_PARTICIPATION
ASG_000131,APP0053_FIRST_INTERVIEW,RSV_APP0053_FIRST_INTERVIEW,CONSUMED,1.0,2026-12-24T10:00:00+09:00,APP0053_FIRST_INTERVIEW_FIRST_INTERVIEW_SESSION,FIRST_PANEL_05_TECHNICAL_REVIEWER,ACTUAL_PARTICIPATION
ASG_000132,APP0056_FIRST_INTERVIEW,RSV_APP0056_FIRST_INTERVIEW,RESERVED,3,2026-12-08T14:04:00+09:00,,,SCHEDULED_ALLOCATION
ASG_000133,APP0056_FIRST_INTERVIEW,RSV_APP0056_FIRST_INTERVIEW,CONSUMED,1.0,2026-12-24T10:00:00+09:00,APP0056_FIRST_INTERVIEW_FIRST_INTERVIEW_SESSION,FIRST_PANEL_06_ML_ENGINEER,ACTUAL_PARTICIPATION
ASG_000134,APP0056_FIRST_INTERVIEW,RSV_APP0056_FIRST_INTERVIEW,CONSUMED,1.0,2026-12-24T10:00:00+09:00,APP0056_FIRST_INTERVIEW_FIRST_INTERVIEW_SESSION,FIRST_PANEL_06_HIRING_MANAGER,ACTUAL_PARTICIPATION
ASG_000135,APP0056_FIRST_INTERVIEW,RSV_APP0056_FIRST_INTERVIEW,CONSUMED,1.0,2026-12-24T10:00:00+09:00,APP0056_FIRST_INTERVIEW_FIRST_INTERVIEW_SESSION,FIRST_PANEL_06_TECHNICAL_REVIEWER,ACTUAL_PARTICIPATION
ASG_000136,APP0057_FIRST_INTERVIEW,RSV_APP0057_FIRST_INTERVIEW,RESERVED,3,2026-12-08T14:04:00+09:00,,,SCHEDULED_ALLOCATION
ASG_000137,APP0057_FIRST_INTERVIEW,RSV_APP0057_FIRST_INTERVIEW,CONSUMED,1.0,2026-12-24T10:00:00+09:00,APP0057_FIRST_INTERVIEW_FIRST_INTERVIEW_SESSION,FIRST_PANEL_07_ML_ENGINEER,ACTUAL_PARTICIPATION
ASG_000138,APP0057_FIRST_INTERVIEW,RSV_APP0057_FIRST_INTERVIEW,CONSUMED,1.0,2026-12-24T10:00:00+09:00,APP0057_FIRST_INTERVIEW_FIRST_INTERVIEW_SESSION,FIRST_PANEL_07_HIRING_MANAGER,ACTUAL_PARTICIPATION
ASG_000139,APP0057_FIRST_INTERVIEW,RSV_APP0057_FIRST_INTERVIEW,CONSUMED,1.0,2026-12-24T10:00:00+09:00,APP0057_FIRST_INTERVIEW_FIRST_INTERVIEW_SESSION,FIRST_PANEL_07_TECHNICAL_REVIEWER,ACTUAL_PARTICIPATION
ASG_000140,APP0058_FIRST_INTERVIEW,RSV_APP0058_FIRST_INTERVIEW,RESERVED,3,2026-12-08T14:04:00+09:00,,,SCHEDULED_ALLOCATION
ASG_000141,APP0058_FIRST_INTERVIEW,RSV_APP0058_FIRST_INTERVIEW,CONSUMED,1.0,2026-12-24T10:00:00+09:00,APP0058_FIRST_INTERVIEW_FIRST_INTERVIEW_SESSION,FIRST_PANEL_08_ML_ENGINEER,ACTUAL_PARTICIPATION
ASG_000142,APP0058_FIRST_INTERVIEW,RSV_APP0058_FIRST_INTERVIEW,CONSUMED,1.0,2026-12-24T10:00:00+09:00,APP0058_FIRST_INTERVIEW_FIRST_INTERVIEW_SESSION,FIRST_PANEL_08_HIRING_MANAGER,ACTUAL_PARTICIPATION
ASG_000143,APP0058_FIRST_INTERVIEW,RSV_APP0058_FIRST_INTERVIEW,CONSUMED,1.0,2026-12-24T10:00:00+09:00,APP0058_FIRST_INTERVIEW_FIRST_INTERVIEW_SESSION,FIRST_PANEL_08_TECHNICAL_REVIEWER,ACTUAL_PARTICIPATION
ASG_000144,APP0059_FIRST_INTERVIEW,RSV_APP0059_FIRST_INTERVIEW,RESERVED,3,2026-12-08T14:04:00+09:00,,,SCHEDULED_ALLOCATION
ASG_000145,APP0059_FIRST_INTERVIEW,RSV_APP0059_FIRST_INTERVIEW,CONSUMED,1.0,2026-12-24T10:00:00+09:00,APP0059_FIRST_INTERVIEW_FIRST_INTERVIEW_SESSION,FIRST_PANEL_09_ML_ENGINEER,ACTUAL_PARTICIPATION
ASG_000146,APP0059_FIRST_INTERVIEW,RSV_APP0059_FIRST_INTERVIEW,CONSUMED,1.0,2026-12-24T10:00:00+09:00,APP0059_FIRST_INTERVIEW_FIRST_INTERVIEW_SESSION,FIRST_PANEL_09_HIRING_MANAGER,ACTUAL_PARTICIPATION
ASG_000147,APP0059_FIRST_INTERVIEW,RSV_APP0059_FIRST_INTERVIEW,CONSUMED,1.0,2026-12-24T10:00:00+09:00,APP0059_FIRST_INTERVIEW_FIRST_INTERVIEW_SESSION,FIRST_PANEL_09_TECHNICAL_REVIEWER,ACTUAL_PARTICIPATION
ASG_000148,APP0061_FIRST_INTERVIEW,RSV_APP0061_FIRST_INTERVIEW,RESERVED,3,2026-12-08T14:04:00+09:00,,,SCHEDULED_ALLOCATION
ASG_000149,APP0061_FIRST_INTERVIEW,RSV_APP0061_FIRST_INTERVIEW,CONSUMED,1.0,2026-12-24T10:00:00+09:00,APP0061_FIRST_INTERVIEW_FIRST_INTERVIEW_SESSION,FIRST_PANEL_10_ML_ENGINEER,ACTUAL_PARTICIPATION
ASG_000150,APP0061_FIRST_INTERVIEW,RSV_APP0061_FIRST_INTERVIEW,CONSUMED,1.0,2026-12-24T10:00:00+09:00,APP0061_FIRST_INTERVIEW_FIRST_INTERVIEW_SESSION,FIRST_PANEL_10_HIRING_MANAGER,ACTUAL_PARTICIPATION
ASG_000151,APP0061_FIRST_INTERVIEW,RSV_APP0061_FIRST_INTERVIEW,CONSUMED,1.0,2026-12-24T10:00:00+09:00,APP0061_FIRST_INTERVIEW_FIRST_INTERVIEW_SESSION,FIRST_PANEL_10_TECHNICAL_REVIEWER,ACTUAL_PARTICIPATION
ASG_000152,APP0062_FIRST_INTERVIEW,RSV_APP0062_FIRST_INTERVIEW,RESERVED,3,2026-12-08T14:04:00+09:00,,,SCHEDULED_ALLOCATION
ASG_000153,APP0062_FIRST_INTERVIEW,RSV_APP0062_FIRST_INTERVIEW,RELEASED,3.0,2026-12-10T14:04:00+09:00,,,CONFIRMED_WITHDRAWAL_UNUSED
ASG_000154,APP0063_FIRST_INTERVIEW,RSV_APP0063_FIRST_INTERVIEW,RESERVED,3,2026-12-08T14:04:00+09:00,,,SCHEDULED_ALLOCATION
ASG_000155,APP0063_FIRST_INTERVIEW,RSV_APP0063_FIRST_INTERVIEW,CONSUMED,1.0,2026-12-28T10:00:00+09:00,APP0063_FIRST_INTERVIEW_FIRST_INTERVIEW_SESSION,FIRST_PANEL_02_ML_ENGINEER,ACTUAL_PARTICIPATION
ASG_000156,APP0063_FIRST_INTERVIEW,RSV_APP0063_FIRST_INTERVIEW,CONSUMED,1.0,2026-12-28T10:00:00+09:00,APP0063_FIRST_INTERVIEW_FIRST_INTERVIEW_SESSION,FIRST_PANEL_02_HIRING_MANAGER,ACTUAL_PARTICIPATION
ASG_000157,APP0063_FIRST_INTERVIEW,RSV_APP0063_FIRST_INTERVIEW,CONSUMED,1.0,2026-12-28T10:00:00+09:00,APP0063_FIRST_INTERVIEW_FIRST_INTERVIEW_SESSION,FIRST_PANEL_02_TECHNICAL_REVIEWER,ACTUAL_PARTICIPATION
ASG_000158,APP0064_FIRST_INTERVIEW,RSV_APP0064_FIRST_INTERVIEW,RESERVED,3,2026-12-08T14:04:00+09:00,,,SCHEDULED_ALLOCATION
ASG_000159,APP0064_FIRST_INTERVIEW,RSV_APP0064_FIRST_INTERVIEW,CONSUMED,1.0,2026-12-28T10:00:00+09:00,APP0064_FIRST_INTERVIEW_FIRST_INTERVIEW_SESSION,FIRST_PANEL_03_ML_ENGINEER,ACTUAL_PARTICIPATION
ASG_000160,APP0064_FIRST_INTERVIEW,RSV_APP0064_FIRST_INTERVIEW,CONSUMED,1.0,2026-12-28T10:00:00+09:00,APP0064_FIRST_INTERVIEW_FIRST_INTERVIEW_SESSION,FIRST_PANEL_03_HIRING_MANAGER,ACTUAL_PARTICIPATION
ASG_000161,APP0064_FIRST_INTERVIEW,RSV_APP0064_FIRST_INTERVIEW,CONSUMED,1.0,2026-12-28T10:00:00+09:00,APP0064_FIRST_INTERVIEW_FIRST_INTERVIEW_SESSION,FIRST_PANEL_03_TECHNICAL_REVIEWER,ACTUAL_PARTICIPATION
ASG_000162,APP0066_FIRST_INTERVIEW,RSV_APP0066_FIRST_INTERVIEW,RESERVED,3,2026-12-08T14:04:00+09:00,,,SCHEDULED_ALLOCATION
ASG_000163,APP0066_FIRST_INTERVIEW,RSV_APP0066_FIRST_INTERVIEW,CONSUMED,1.0,2026-12-28T10:00:00+09:00,APP0066_FIRST_INTERVIEW_FIRST_INTERVIEW_SESSION,FIRST_PANEL_04_ML_ENGINEER,ACTUAL_PARTICIPATION
ASG_000164,APP0066_FIRST_INTERVIEW,RSV_APP0066_FIRST_INTERVIEW,CONSUMED,1.0,2026-12-28T10:00:00+09:00,APP0066_FIRST_INTERVIEW_FIRST_INTERVIEW_SESSION,FIRST_PANEL_04_HIRING_MANAGER,ACTUAL_PARTICIPATION
ASG_000165,APP0066_FIRST_INTERVIEW,RSV_APP0066_FIRST_INTERVIEW,CONSUMED,1.0,2026-12-28T10:00:00+09:00,APP0066_FIRST_INTERVIEW_FIRST_INTERVIEW_SESSION,FIRST_PANEL_04_TECHNICAL_REVIEWER,ACTUAL_PARTICIPATION
ASG_000166,APP0068_FIRST_INTERVIEW,RSV_APP0068_FIRST_INTERVIEW,RESERVED,3,2026-12-08T14:04:00+09:00,,,SCHEDULED_ALLOCATION
ASG_000167,APP0068_FIRST_INTERVIEW,RSV_APP0068_FIRST_INTERVIEW,CONSUMED,1.0,2026-12-28T10:00:00+09:00,APP0068_FIRST_INTERVIEW_FIRST_INTERVIEW_SESSION,FIRST_PANEL_05_ML_ENGINEER,ACTUAL_PARTICIPATION
ASG_000168,APP0068_FIRST_INTERVIEW,RSV_APP0068_FIRST_INTERVIEW,CONSUMED,1.0,2026-12-28T10:00:00+09:00,APP0068_FIRST_INTERVIEW_FIRST_INTERVIEW_SESSION,FIRST_PANEL_05_HIRING_MANAGER,ACTUAL_PARTICIPATION
ASG_000169,APP0068_FIRST_INTERVIEW,RSV_APP0068_FIRST_INTERVIEW,CONSUMED,1.0,2026-12-28T10:00:00+09:00,APP0068_FIRST_INTERVIEW_FIRST_INTERVIEW_SESSION,FIRST_PANEL_05_TECHNICAL_REVIEWER,ACTUAL_PARTICIPATION
ASG_000170,APP0070_FIRST_INTERVIEW,RSV_APP0070_FIRST_INTERVIEW,RESERVED,3,2026-12-08T14:04:00+09:00,,,SCHEDULED_ALLOCATION
ASG_000171,APP0070_FIRST_INTERVIEW,RSV_APP0070_FIRST_INTERVIEW,CONSUMED,1.0,2026-12-28T10:00:00+09:00,APP0070_FIRST_INTERVIEW_FIRST_INTERVIEW_SESSION,FIRST_PANEL_06_ML_ENGINEER,ACTUAL_PARTICIPATION
ASG_000172,APP0070_FIRST_INTERVIEW,RSV_APP0070_FIRST_INTERVIEW,CONSUMED,1.0,2026-12-28T10:00:00+09:00,APP0070_FIRST_INTERVIEW_FIRST_INTERVIEW_SESSION,FIRST_PANEL_06_HIRING_MANAGER,ACTUAL_PARTICIPATION
ASG_000173,APP0070_FIRST_INTERVIEW,RSV_APP0070_FIRST_INTERVIEW,CONSUMED,1.0,2026-12-28T10:00:00+09:00,APP0070_FIRST_INTERVIEW_FIRST_INTERVIEW_SESSION,FIRST_PANEL_06_TECHNICAL_REVIEWER,ACTUAL_PARTICIPATION
ASG_000174,APP0073_FIRST_INTERVIEW,RSV_APP0073_FIRST_INTERVIEW,RESERVED,3,2026-12-08T14:04:00+09:00,,,SCHEDULED_ALLOCATION
ASG_000175,APP0073_FIRST_INTERVIEW,RSV_APP0073_FIRST_INTERVIEW,RELEASED,3.0,2026-12-29T09:00:00+09:00,,,NO_RESPONSE_UNUSED
ASG_000176,APP0076_FIRST_INTERVIEW,RSV_APP0076_FIRST_INTERVIEW,RESERVED,3,2026-12-08T14:04:00+09:00,,,SCHEDULED_ALLOCATION
ASG_000177,APP0076_FIRST_INTERVIEW,RSV_APP0076_FIRST_INTERVIEW,CONSUMED,1.0,2026-12-28T10:00:00+09:00,APP0076_FIRST_INTERVIEW_FIRST_INTERVIEW_SESSION,FIRST_PANEL_08_ML_ENGINEER,ACTUAL_PARTICIPATION
ASG_000178,APP0076_FIRST_INTERVIEW,RSV_APP0076_FIRST_INTERVIEW,CONSUMED,1.0,2026-12-28T10:00:00+09:00,APP0076_FIRST_INTERVIEW_FIRST_INTERVIEW_SESSION,FIRST_PANEL_08_HIRING_MANAGER,ACTUAL_PARTICIPATION
ASG_000179,APP0076_FIRST_INTERVIEW,RSV_APP0076_FIRST_INTERVIEW,CONSUMED,1.0,2026-12-28T10:00:00+09:00,APP0076_FIRST_INTERVIEW_FIRST_INTERVIEW_SESSION,FIRST_PANEL_08_TECHNICAL_REVIEWER,ACTUAL_PARTICIPATION
ASG_000180,APP0077_FIRST_INTERVIEW,RSV_APP0077_FIRST_INTERVIEW,RESERVED,3,2026-12-08T14:04:00+09:00,,,SCHEDULED_ALLOCATION
ASG_000181,APP0077_FIRST_INTERVIEW,RSV_APP0077_FIRST_INTERVIEW,CONSUMED,1.0,2026-12-28T10:00:00+09:00,APP0077_FIRST_INTERVIEW_FIRST_INTERVIEW_SESSION,FIRST_PANEL_09_ML_ENGINEER,ACTUAL_PARTICIPATION
ASG_000182,APP0077_FIRST_INTERVIEW,RSV_APP0077_FIRST_INTERVIEW,CONSUMED,1.0,2026-12-28T10:00:00+09:00,APP0077_FIRST_INTERVIEW_FIRST_INTERVIEW_SESSION,FIRST_PANEL_09_HIRING_MANAGER,ACTUAL_PARTICIPATION
ASG_000183,APP0077_FIRST_INTERVIEW,RSV_APP0077_FIRST_INTERVIEW,CONSUMED,1.0,2026-12-28T10:00:00+09:00,APP0077_FIRST_INTERVIEW_FIRST_INTERVIEW_SESSION,FIRST_PANEL_09_TECHNICAL_REVIEWER,ACTUAL_PARTICIPATION
ASG_000184,APP0078_FIRST_INTERVIEW,RSV_APP0078_FIRST_INTERVIEW,RESERVED,3,2026-12-08T14:04:00+09:00,,,SCHEDULED_ALLOCATION
ASG_000185,APP0078_FIRST_INTERVIEW,RSV_APP0078_FIRST_INTERVIEW,CONSUMED,1.0,2026-12-28T10:00:00+09:00,APP0078_FIRST_INTERVIEW_FIRST_INTERVIEW_SESSION,FIRST_PANEL_10_ML_ENGINEER,ACTUAL_PARTICIPATION
ASG_000186,APP0078_FIRST_INTERVIEW,RSV_APP0078_FIRST_INTERVIEW,CONSUMED,1.0,2026-12-28T10:00:00+09:00,APP0078_FIRST_INTERVIEW_FIRST_INTERVIEW_SESSION,FIRST_PANEL_10_HIRING_MANAGER,ACTUAL_PARTICIPATION
ASG_000187,APP0078_FIRST_INTERVIEW,RSV_APP0078_FIRST_INTERVIEW,CONSUMED,1.0,2026-12-28T10:00:00+09:00,APP0078_FIRST_INTERVIEW_FIRST_INTERVIEW_SESSION,FIRST_PANEL_10_TECHNICAL_REVIEWER,ACTUAL_PARTICIPATION
ASG_000188,APP0079_FIRST_INTERVIEW,RSV_APP0079_FIRST_INTERVIEW,RESERVED,3,2026-12-08T14:04:00+09:00,,,SCHEDULED_ALLOCATION
ASG_000189,APP0079_FIRST_INTERVIEW,RSV_APP0079_FIRST_INTERVIEW,CONSUMED,1.0,2026-12-31T10:00:00+09:00,APP0079_FIRST_INTERVIEW_FIRST_INTERVIEW_SESSION,FIRST_PANEL_01_ML_ENGINEER,ACTUAL_PARTICIPATION
ASG_000190,APP0079_FIRST_INTERVIEW,RSV_APP0079_FIRST_INTERVIEW,CONSUMED,1.0,2026-12-31T10:00:00+09:00,APP0079_FIRST_INTERVIEW_FIRST_INTERVIEW_SESSION,FIRST_PANEL_01_HIRING_MANAGER,ACTUAL_PARTICIPATION
ASG_000191,APP0079_FIRST_INTERVIEW,RSV_APP0079_FIRST_INTERVIEW,CONSUMED,1.0,2026-12-31T10:00:00+09:00,APP0079_FIRST_INTERVIEW_FIRST_INTERVIEW_SESSION,FIRST_PANEL_01_TECHNICAL_REVIEWER,ACTUAL_PARTICIPATION
ASG_000192,APP0080_FIRST_INTERVIEW,RSV_APP0080_FIRST_INTERVIEW,RESERVED,3,2026-12-08T14:04:00+09:00,,,SCHEDULED_ALLOCATION
ASG_000193,APP0080_FIRST_INTERVIEW,RSV_APP0080_FIRST_INTERVIEW,CONSUMED,1.0,2026-12-31T10:00:00+09:00,APP0080_FIRST_INTERVIEW_FIRST_INTERVIEW_SESSION,FIRST_PANEL_02_ML_ENGINEER,ACTUAL_PARTICIPATION
ASG_000194,APP0080_FIRST_INTERVIEW,RSV_APP0080_FIRST_INTERVIEW,CONSUMED,1.0,2026-12-31T10:00:00+09:00,APP0080_FIRST_INTERVIEW_FIRST_INTERVIEW_SESSION,FIRST_PANEL_02_HIRING_MANAGER,ACTUAL_PARTICIPATION
ASG_000195,APP0080_FIRST_INTERVIEW,RSV_APP0080_FIRST_INTERVIEW,CONSUMED,1.0,2026-12-31T10:00:00+09:00,APP0080_FIRST_INTERVIEW_FIRST_INTERVIEW_SESSION,FIRST_PANEL_02_TECHNICAL_REVIEWER,ACTUAL_PARTICIPATION
ASG_000196,APP0082_FIRST_INTERVIEW,RSV_APP0082_FIRST_INTERVIEW,RESERVED,3,2026-12-08T14:04:00+09:00,,,SCHEDULED_ALLOCATION
ASG_000197,APP0082_FIRST_INTERVIEW,RSV_APP0082_FIRST_INTERVIEW,CONSUMED,1.0,2026-12-31T10:00:00+09:00,APP0082_FIRST_INTERVIEW_FIRST_INTERVIEW_SESSION,FIRST_PANEL_03_ML_ENGINEER,ACTUAL_PARTICIPATION
ASG_000198,APP0082_FIRST_INTERVIEW,RSV_APP0082_FIRST_INTERVIEW,CONSUMED,1.0,2026-12-31T10:00:00+09:00,APP0082_FIRST_INTERVIEW_FIRST_INTERVIEW_SESSION,FIRST_PANEL_03_HIRING_MANAGER,ACTUAL_PARTICIPATION
ASG_000199,APP0082_FIRST_INTERVIEW,RSV_APP0082_FIRST_INTERVIEW,CONSUMED,1.0,2026-12-31T10:00:00+09:00,APP0082_FIRST_INTERVIEW_FIRST_INTERVIEW_SESSION,FIRST_PANEL_03_TECHNICAL_REVIEWER,ACTUAL_PARTICIPATION
ASG_000200,APP0083_FIRST_INTERVIEW,RSV_APP0083_FIRST_INTERVIEW,RESERVED,3,2026-12-08T14:04:00+09:00,,,SCHEDULED_ALLOCATION
ASG_000201,APP0083_FIRST_INTERVIEW,RSV_APP0083_FIRST_INTERVIEW,CONSUMED,1.0,2026-12-31T10:00:00+09:00,APP0083_FIRST_INTERVIEW_FIRST_INTERVIEW_SESSION,FIRST_PANEL_04_ML_ENGINEER,ACTUAL_PARTICIPATION
ASG_000202,APP0083_FIRST_INTERVIEW,RSV_APP0083_FIRST_INTERVIEW,CONSUMED,1.0,2026-12-31T10:00:00+09:00,APP0083_FIRST_INTERVIEW_FIRST_INTERVIEW_SESSION,FIRST_PANEL_04_HIRING_MANAGER,ACTUAL_PARTICIPATION
ASG_000203,APP0083_FIRST_INTERVIEW,RSV_APP0083_FIRST_INTERVIEW,CONSUMED,1.0,2026-12-31T10:00:00+09:00,APP0083_FIRST_INTERVIEW_FIRST_INTERVIEW_SESSION,FIRST_PANEL_04_TECHNICAL_REVIEWER,ACTUAL_PARTICIPATION
ASG_000204,APP0085_FIRST_INTERVIEW,RSV_APP0085_FIRST_INTERVIEW,RESERVED,3,2026-12-08T14:04:00+09:00,,,SCHEDULED_ALLOCATION
ASG_000205,APP0085_FIRST_INTERVIEW,RSV_APP0085_FIRST_INTERVIEW,CONSUMED,1.0,2026-12-31T10:00:00+09:00,APP0085_FIRST_INTERVIEW_FIRST_INTERVIEW_SESSION,FIRST_PANEL_05_ML_ENGINEER,ACTUAL_PARTICIPATION
ASG_000206,APP0085_FIRST_INTERVIEW,RSV_APP0085_FIRST_INTERVIEW,CONSUMED,1.0,2026-12-31T10:00:00+09:00,APP0085_FIRST_INTERVIEW_FIRST_INTERVIEW_SESSION,FIRST_PANEL_05_HIRING_MANAGER,ACTUAL_PARTICIPATION
ASG_000207,APP0085_FIRST_INTERVIEW,RSV_APP0085_FIRST_INTERVIEW,CONSUMED,1.0,2026-12-31T10:00:00+09:00,APP0085_FIRST_INTERVIEW_FIRST_INTERVIEW_SESSION,FIRST_PANEL_05_TECHNICAL_REVIEWER,ACTUAL_PARTICIPATION
ASG_000208,APP0089_FIRST_INTERVIEW,RSV_APP0089_FIRST_INTERVIEW,RESERVED,3,2026-12-08T14:04:00+09:00,,,SCHEDULED_ALLOCATION
ASG_000209,APP0089_FIRST_INTERVIEW,RSV_APP0089_FIRST_INTERVIEW,CONSUMED,1.0,2026-12-31T10:00:00+09:00,APP0089_FIRST_INTERVIEW_FIRST_INTERVIEW_SESSION,FIRST_PANEL_06_ML_ENGINEER,ACTUAL_PARTICIPATION
ASG_000210,APP0089_FIRST_INTERVIEW,RSV_APP0089_FIRST_INTERVIEW,CONSUMED,1.0,2026-12-31T10:00:00+09:00,APP0089_FIRST_INTERVIEW_FIRST_INTERVIEW_SESSION,FIRST_PANEL_06_HIRING_MANAGER,ACTUAL_PARTICIPATION
ASG_000211,APP0089_FIRST_INTERVIEW,RSV_APP0089_FIRST_INTERVIEW,CONSUMED,1.0,2026-12-31T10:00:00+09:00,APP0089_FIRST_INTERVIEW_FIRST_INTERVIEW_SESSION,FIRST_PANEL_06_TECHNICAL_REVIEWER,ACTUAL_PARTICIPATION
ASG_000212,APP0090_FIRST_INTERVIEW,RSV_APP0090_FIRST_INTERVIEW,RESERVED,3,2026-12-08T14:04:00+09:00,,,SCHEDULED_ALLOCATION
ASG_000213,APP0090_FIRST_INTERVIEW,RSV_APP0090_FIRST_INTERVIEW,CONSUMED,1.0,2026-12-31T10:00:00+09:00,APP0090_FIRST_INTERVIEW_FIRST_INTERVIEW_SESSION,FIRST_PANEL_07_ML_ENGINEER,ACTUAL_PARTICIPATION
ASG_000214,APP0090_FIRST_INTERVIEW,RSV_APP0090_FIRST_INTERVIEW,CONSUMED,1.0,2026-12-31T10:00:00+09:00,APP0090_FIRST_INTERVIEW_FIRST_INTERVIEW_SESSION,FIRST_PANEL_07_HIRING_MANAGER,ACTUAL_PARTICIPATION
ASG_000215,APP0090_FIRST_INTERVIEW,RSV_APP0090_FIRST_INTERVIEW,CONSUMED,1.0,2026-12-31T10:00:00+09:00,APP0090_FIRST_INTERVIEW_FIRST_INTERVIEW_SESSION,FIRST_PANEL_07_TECHNICAL_REVIEWER,ACTUAL_PARTICIPATION
ASG_000216,APP0093_FIRST_INTERVIEW,RSV_APP0093_FIRST_INTERVIEW,RESERVED,3,2026-12-08T14:04:00+09:00,,,SCHEDULED_ALLOCATION
ASG_000217,APP0093_FIRST_INTERVIEW,RSV_APP0093_FIRST_INTERVIEW,RELEASED,3.0,2027-01-01T09:00:00+09:00,,,NO_RESPONSE_UNUSED
ASG_000218,APP0095_FIRST_INTERVIEW,RSV_APP0095_FIRST_INTERVIEW,RESERVED,3,2026-12-08T14:04:00+09:00,,,SCHEDULED_ALLOCATION
ASG_000219,APP0095_FIRST_INTERVIEW,RSV_APP0095_FIRST_INTERVIEW,CONSUMED,1.0,2026-12-31T10:00:00+09:00,APP0095_FIRST_INTERVIEW_FIRST_INTERVIEW_SESSION,FIRST_PANEL_09_ML_ENGINEER,ACTUAL_PARTICIPATION
ASG_000220,APP0095_FIRST_INTERVIEW,RSV_APP0095_FIRST_INTERVIEW,CONSUMED,1.0,2026-12-31T10:00:00+09:00,APP0095_FIRST_INTERVIEW_FIRST_INTERVIEW_SESSION,FIRST_PANEL_09_HIRING_MANAGER,ACTUAL_PARTICIPATION
ASG_000221,APP0095_FIRST_INTERVIEW,RSV_APP0095_FIRST_INTERVIEW,CONSUMED,1.0,2026-12-31T10:00:00+09:00,APP0095_FIRST_INTERVIEW_FIRST_INTERVIEW_SESSION,FIRST_PANEL_09_TECHNICAL_REVIEWER,ACTUAL_PARTICIPATION
ASG_000222,APP0096_FIRST_INTERVIEW,RSV_APP0096_FIRST_INTERVIEW,RESERVED,3,2026-12-08T14:04:00+09:00,,,SCHEDULED_ALLOCATION
ASG_000223,APP0096_FIRST_INTERVIEW,RSV_APP0096_FIRST_INTERVIEW,CONSUMED,1.0,2026-12-31T10:00:00+09:00,APP0096_FIRST_INTERVIEW_FIRST_INTERVIEW_SESSION,FIRST_PANEL_10_ML_ENGINEER,ACTUAL_PARTICIPATION
ASG_000224,APP0096_FIRST_INTERVIEW,RSV_APP0096_FIRST_INTERVIEW,CONSUMED,1.0,2026-12-31T10:00:00+09:00,APP0096_FIRST_INTERVIEW_FIRST_INTERVIEW_SESSION,FIRST_PANEL_10_HIRING_MANAGER,ACTUAL_PARTICIPATION
ASG_000225,APP0096_FIRST_INTERVIEW,RSV_APP0096_FIRST_INTERVIEW,CONSUMED,1.0,2026-12-31T10:00:00+09:00,APP0096_FIRST_INTERVIEW_FIRST_INTERVIEW_SESSION,FIRST_PANEL_10_TECHNICAL_REVIEWER,ACTUAL_PARTICIPATION
ASG_000226,APP0097_FIRST_INTERVIEW,RSV_APP0097_FIRST_INTERVIEW,RESERVED,3,2026-12-08T14:04:00+09:00,,,SCHEDULED_ALLOCATION
ASG_000227,APP0097_FIRST_INTERVIEW,RSV_APP0097_FIRST_INTERVIEW,CONSUMED,1.0,2027-01-04T10:00:00+09:00,APP0097_FIRST_INTERVIEW_FIRST_INTERVIEW_SESSION,FIRST_PANEL_01_ML_ENGINEER,ACTUAL_PARTICIPATION
ASG_000228,APP0097_FIRST_INTERVIEW,RSV_APP0097_FIRST_INTERVIEW,CONSUMED,1.0,2027-01-04T10:00:00+09:00,APP0097_FIRST_INTERVIEW_FIRST_INTERVIEW_SESSION,FIRST_PANEL_01_HIRING_MANAGER,ACTUAL_PARTICIPATION
ASG_000229,APP0097_FIRST_INTERVIEW,RSV_APP0097_FIRST_INTERVIEW,CONSUMED,1.0,2027-01-04T10:00:00+09:00,APP0097_FIRST_INTERVIEW_FIRST_INTERVIEW_SESSION,FIRST_PANEL_01_TECHNICAL_REVIEWER,ACTUAL_PARTICIPATION
ASG_000230,APP0101_FIRST_INTERVIEW,RSV_APP0101_FIRST_INTERVIEW,RESERVED,3,2026-12-08T14:04:00+09:00,,,SCHEDULED_ALLOCATION
ASG_000231,APP0101_FIRST_INTERVIEW,RSV_APP0101_FIRST_INTERVIEW,CONSUMED,1.0,2027-01-04T10:00:00+09:00,APP0101_FIRST_INTERVIEW_FIRST_INTERVIEW_SESSION,FIRST_PANEL_02_ML_ENGINEER,ACTUAL_PARTICIPATION
ASG_000232,APP0101_FIRST_INTERVIEW,RSV_APP0101_FIRST_INTERVIEW,CONSUMED,1.0,2027-01-04T10:00:00+09:00,APP0101_FIRST_INTERVIEW_FIRST_INTERVIEW_SESSION,FIRST_PANEL_02_HIRING_MANAGER,ACTUAL_PARTICIPATION
ASG_000233,APP0101_FIRST_INTERVIEW,RSV_APP0101_FIRST_INTERVIEW,CONSUMED,1.0,2027-01-04T10:00:00+09:00,APP0101_FIRST_INTERVIEW_FIRST_INTERVIEW_SESSION,FIRST_PANEL_02_TECHNICAL_REVIEWER,ACTUAL_PARTICIPATION
ASG_000234,APP0102_FIRST_INTERVIEW,RSV_APP0102_FIRST_INTERVIEW,RESERVED,3,2026-12-08T14:04:00+09:00,,,SCHEDULED_ALLOCATION
ASG_000235,APP0102_FIRST_INTERVIEW,RSV_APP0102_FIRST_INTERVIEW,CONSUMED,1.0,2027-01-04T10:00:00+09:00,APP0102_FIRST_INTERVIEW_FIRST_INTERVIEW_SESSION,FIRST_PANEL_03_ML_ENGINEER,ACTUAL_PARTICIPATION
ASG_000236,APP0102_FIRST_INTERVIEW,RSV_APP0102_FIRST_INTERVIEW,CONSUMED,1.0,2027-01-04T10:00:00+09:00,APP0102_FIRST_INTERVIEW_FIRST_INTERVIEW_SESSION,FIRST_PANEL_03_HIRING_MANAGER,ACTUAL_PARTICIPATION
ASG_000237,APP0102_FIRST_INTERVIEW,RSV_APP0102_FIRST_INTERVIEW,CONSUMED,1.0,2027-01-04T10:00:00+09:00,APP0102_FIRST_INTERVIEW_FIRST_INTERVIEW_SESSION,FIRST_PANEL_03_TECHNICAL_REVIEWER,ACTUAL_PARTICIPATION
ASG_000238,APP0103_FIRST_INTERVIEW,RSV_APP0103_FIRST_INTERVIEW,RESERVED,3,2026-12-08T14:04:00+09:00,,,SCHEDULED_ALLOCATION
ASG_000239,APP0103_FIRST_INTERVIEW,RSV_APP0103_FIRST_INTERVIEW,CONSUMED,1.0,2027-01-04T10:00:00+09:00,APP0103_FIRST_INTERVIEW_FIRST_INTERVIEW_SESSION,FIRST_PANEL_04_ML_ENGINEER,ACTUAL_PARTICIPATION
ASG_000240,APP0103_FIRST_INTERVIEW,RSV_APP0103_FIRST_INTERVIEW,CONSUMED,1.0,2027-01-04T10:00:00+09:00,APP0103_FIRST_INTERVIEW_FIRST_INTERVIEW_SESSION,FIRST_PANEL_04_HIRING_MANAGER,ACTUAL_PARTICIPATION
ASG_000241,APP0103_FIRST_INTERVIEW,RSV_APP0103_FIRST_INTERVIEW,CONSUMED,1.0,2027-01-04T10:00:00+09:00,APP0103_FIRST_INTERVIEW_FIRST_INTERVIEW_SESSION,FIRST_PANEL_04_TECHNICAL_REVIEWER,ACTUAL_PARTICIPATION
ASG_000242,APP0104_FIRST_INTERVIEW,RSV_APP0104_FIRST_INTERVIEW,RESERVED,3,2026-12-08T14:04:00+09:00,,,SCHEDULED_ALLOCATION
ASG_000243,APP0104_FIRST_INTERVIEW,RSV_APP0104_FIRST_INTERVIEW,CONSUMED,1.0,2027-01-04T10:00:00+09:00,APP0104_FIRST_INTERVIEW_FIRST_INTERVIEW_SESSION,FIRST_PANEL_05_ML_ENGINEER,ACTUAL_PARTICIPATION
ASG_000244,APP0104_FIRST_INTERVIEW,RSV_APP0104_FIRST_INTERVIEW,CONSUMED,1.0,2027-01-04T10:00:00+09:00,APP0104_FIRST_INTERVIEW_FIRST_INTERVIEW_SESSION,FIRST_PANEL_05_HIRING_MANAGER,ACTUAL_PARTICIPATION
ASG_000245,APP0104_FIRST_INTERVIEW,RSV_APP0104_FIRST_INTERVIEW,CONSUMED,1.0,2027-01-04T10:00:00+09:00,APP0104_FIRST_INTERVIEW_FIRST_INTERVIEW_SESSION,FIRST_PANEL_05_TECHNICAL_REVIEWER,ACTUAL_PARTICIPATION
ASG_000246,APP0105_FIRST_INTERVIEW,RSV_APP0105_FIRST_INTERVIEW,RESERVED,3,2026-12-08T14:04:00+09:00,,,SCHEDULED_ALLOCATION
ASG_000247,APP0105_FIRST_INTERVIEW,RSV_APP0105_FIRST_INTERVIEW,CONSUMED,1.0,2027-01-04T10:00:00+09:00,APP0105_FIRST_INTERVIEW_FIRST_INTERVIEW_SESSION,FIRST_PANEL_06_ML_ENGINEER,ACTUAL_PARTICIPATION
ASG_000248,APP0105_FIRST_INTERVIEW,RSV_APP0105_FIRST_INTERVIEW,CONSUMED,1.0,2027-01-04T10:00:00+09:00,APP0105_FIRST_INTERVIEW_FIRST_INTERVIEW_SESSION,FIRST_PANEL_06_HIRING_MANAGER,ACTUAL_PARTICIPATION
ASG_000249,APP0105_FIRST_INTERVIEW,RSV_APP0105_FIRST_INTERVIEW,CONSUMED,1.0,2027-01-04T10:00:00+09:00,APP0105_FIRST_INTERVIEW_FIRST_INTERVIEW_SESSION,FIRST_PANEL_06_TECHNICAL_REVIEWER,ACTUAL_PARTICIPATION
ASG_000250,APP0107_FIRST_INTERVIEW,RSV_APP0107_FIRST_INTERVIEW,RESERVED,3,2026-12-08T14:04:00+09:00,,,SCHEDULED_ALLOCATION
ASG_000251,APP0107_FIRST_INTERVIEW,RSV_APP0107_FIRST_INTERVIEW,CONSUMED,1.0,2027-01-04T10:00:00+09:00,APP0107_FIRST_INTERVIEW_FIRST_INTERVIEW_SESSION,FIRST_PANEL_07_ML_ENGINEER,ACTUAL_PARTICIPATION
ASG_000252,APP0107_FIRST_INTERVIEW,RSV_APP0107_FIRST_INTERVIEW,CONSUMED,1.0,2027-01-04T10:00:00+09:00,APP0107_FIRST_INTERVIEW_FIRST_INTERVIEW_SESSION,FIRST_PANEL_07_HIRING_MANAGER,ACTUAL_PARTICIPATION
ASG_000253,APP0107_FIRST_INTERVIEW,RSV_APP0107_FIRST_INTERVIEW,CONSUMED,1.0,2027-01-04T10:00:00+09:00,APP0107_FIRST_INTERVIEW_FIRST_INTERVIEW_SESSION,FIRST_PANEL_07_TECHNICAL_REVIEWER,ACTUAL_PARTICIPATION
ASG_000254,APP0109_FIRST_INTERVIEW,RSV_APP0109_FIRST_INTERVIEW,RESERVED,3,2026-12-08T14:04:00+09:00,,,SCHEDULED_ALLOCATION
ASG_000255,APP0109_FIRST_INTERVIEW,RSV_APP0109_FIRST_INTERVIEW,CONSUMED,1.0,2027-01-04T10:00:00+09:00,APP0109_FIRST_INTERVIEW_FIRST_INTERVIEW_SESSION,FIRST_PANEL_08_ML_ENGINEER,ACTUAL_PARTICIPATION
ASG_000256,APP0109_FIRST_INTERVIEW,RSV_APP0109_FIRST_INTERVIEW,CONSUMED,1.0,2027-01-04T10:00:00+09:00,APP0109_FIRST_INTERVIEW_FIRST_INTERVIEW_SESSION,FIRST_PANEL_08_HIRING_MANAGER,ACTUAL_PARTICIPATION
ASG_000257,APP0109_FIRST_INTERVIEW,RSV_APP0109_FIRST_INTERVIEW,CONSUMED,1.0,2027-01-04T10:00:00+09:00,APP0109_FIRST_INTERVIEW_FIRST_INTERVIEW_SESSION,FIRST_PANEL_08_TECHNICAL_REVIEWER,ACTUAL_PARTICIPATION
ASG_000258,APP0110_FIRST_INTERVIEW,RSV_APP0110_FIRST_INTERVIEW,RESERVED,3,2026-12-08T14:04:00+09:00,,,SCHEDULED_ALLOCATION
ASG_000259,APP0110_FIRST_INTERVIEW,RSV_APP0110_FIRST_INTERVIEW,CONSUMED,1.0,2027-01-04T10:00:00+09:00,APP0110_FIRST_INTERVIEW_FIRST_INTERVIEW_SESSION,FIRST_PANEL_09_ML_ENGINEER,ACTUAL_PARTICIPATION
ASG_000260,APP0110_FIRST_INTERVIEW,RSV_APP0110_FIRST_INTERVIEW,CONSUMED,1.0,2027-01-04T10:00:00+09:00,APP0110_FIRST_INTERVIEW_FIRST_INTERVIEW_SESSION,FIRST_PANEL_09_HIRING_MANAGER,ACTUAL_PARTICIPATION
ASG_000261,APP0110_FIRST_INTERVIEW,RSV_APP0110_FIRST_INTERVIEW,CONSUMED,1.0,2027-01-04T10:00:00+09:00,APP0110_FIRST_INTERVIEW_FIRST_INTERVIEW_SESSION,FIRST_PANEL_09_TECHNICAL_REVIEWER,ACTUAL_PARTICIPATION
ASG_000262,APP0112_FIRST_INTERVIEW,RSV_APP0112_FIRST_INTERVIEW,RESERVED,3,2026-12-08T14:04:00+09:00,,,SCHEDULED_ALLOCATION
ASG_000263,APP0112_FIRST_INTERVIEW,RSV_APP0112_FIRST_INTERVIEW,RELEASED,3.0,2026-12-10T14:04:00+09:00,,,CONFIRMED_WITHDRAWAL_UNUSED
ASG_000264,APP0113_FIRST_INTERVIEW,RSV_APP0113_FIRST_INTERVIEW,RESERVED,3,2026-12-08T14:04:00+09:00,,,SCHEDULED_ALLOCATION
ASG_000265,APP0113_FIRST_INTERVIEW,RSV_APP0113_FIRST_INTERVIEW,CONSUMED,1.0,2027-01-07T10:00:00+09:00,APP0113_FIRST_INTERVIEW_FIRST_INTERVIEW_SESSION,FIRST_PANEL_01_ML_ENGINEER,ACTUAL_PARTICIPATION
ASG_000266,APP0113_FIRST_INTERVIEW,RSV_APP0113_FIRST_INTERVIEW,CONSUMED,1.0,2027-01-07T10:00:00+09:00,APP0113_FIRST_INTERVIEW_FIRST_INTERVIEW_SESSION,FIRST_PANEL_01_HIRING_MANAGER,ACTUAL_PARTICIPATION
ASG_000267,APP0113_FIRST_INTERVIEW,RSV_APP0113_FIRST_INTERVIEW,CONSUMED,1.0,2027-01-07T10:00:00+09:00,APP0113_FIRST_INTERVIEW_FIRST_INTERVIEW_SESSION,FIRST_PANEL_01_TECHNICAL_REVIEWER,ACTUAL_PARTICIPATION
ASG_000268,APP0115_FIRST_INTERVIEW,RSV_APP0115_FIRST_INTERVIEW,RESERVED,3,2026-12-08T14:04:00+09:00,,,SCHEDULED_ALLOCATION
ASG_000269,APP0115_FIRST_INTERVIEW,RSV_APP0115_FIRST_INTERVIEW,CONSUMED,1.0,2027-01-07T10:00:00+09:00,APP0115_FIRST_INTERVIEW_FIRST_INTERVIEW_SESSION,FIRST_PANEL_02_ML_ENGINEER,ACTUAL_PARTICIPATION
ASG_000270,APP0115_FIRST_INTERVIEW,RSV_APP0115_FIRST_INTERVIEW,CONSUMED,1.0,2027-01-07T10:00:00+09:00,APP0115_FIRST_INTERVIEW_FIRST_INTERVIEW_SESSION,FIRST_PANEL_02_HIRING_MANAGER,ACTUAL_PARTICIPATION
ASG_000271,APP0115_FIRST_INTERVIEW,RSV_APP0115_FIRST_INTERVIEW,CONSUMED,1.0,2027-01-07T10:00:00+09:00,APP0115_FIRST_INTERVIEW_FIRST_INTERVIEW_SESSION,FIRST_PANEL_02_TECHNICAL_REVIEWER,ACTUAL_PARTICIPATION
ASG_000272,APP0116_FIRST_INTERVIEW,RSV_APP0116_FIRST_INTERVIEW,RESERVED,3,2026-12-08T14:04:00+09:00,,,SCHEDULED_ALLOCATION
ASG_000273,APP0116_FIRST_INTERVIEW,RSV_APP0116_FIRST_INTERVIEW,CONSUMED,1.0,2027-01-07T10:00:00+09:00,APP0116_FIRST_INTERVIEW_FIRST_INTERVIEW_SESSION,FIRST_PANEL_03_ML_ENGINEER,ACTUAL_PARTICIPATION
ASG_000274,APP0116_FIRST_INTERVIEW,RSV_APP0116_FIRST_INTERVIEW,CONSUMED,1.0,2027-01-07T10:00:00+09:00,APP0116_FIRST_INTERVIEW_FIRST_INTERVIEW_SESSION,FIRST_PANEL_03_HIRING_MANAGER,ACTUAL_PARTICIPATION
ASG_000275,APP0116_FIRST_INTERVIEW,RSV_APP0116_FIRST_INTERVIEW,CONSUMED,1.0,2027-01-07T10:00:00+09:00,APP0116_FIRST_INTERVIEW_FIRST_INTERVIEW_SESSION,FIRST_PANEL_03_TECHNICAL_REVIEWER,ACTUAL_PARTICIPATION
ASG_000276,APP0119_FIRST_INTERVIEW,RSV_APP0119_FIRST_INTERVIEW,RESERVED,3,2026-12-08T14:04:00+09:00,,,SCHEDULED_ALLOCATION
ASG_000277,APP0119_FIRST_INTERVIEW,RSV_APP0119_FIRST_INTERVIEW,CONSUMED,1.0,2027-01-07T10:00:00+09:00,APP0119_FIRST_INTERVIEW_FIRST_INTERVIEW_SESSION,FIRST_PANEL_04_ML_ENGINEER,ACTUAL_PARTICIPATION
ASG_000278,APP0119_FIRST_INTERVIEW,RSV_APP0119_FIRST_INTERVIEW,CONSUMED,1.0,2027-01-07T10:00:00+09:00,APP0119_FIRST_INTERVIEW_FIRST_INTERVIEW_SESSION,FIRST_PANEL_04_HIRING_MANAGER,ACTUAL_PARTICIPATION
ASG_000279,APP0119_FIRST_INTERVIEW,RSV_APP0119_FIRST_INTERVIEW,CONSUMED,1.0,2027-01-07T10:00:00+09:00,APP0119_FIRST_INTERVIEW_FIRST_INTERVIEW_SESSION,FIRST_PANEL_04_TECHNICAL_REVIEWER,ACTUAL_PARTICIPATION
ASG_000280,APP0121_FIRST_INTERVIEW,RSV_APP0121_FIRST_INTERVIEW,RESERVED,3,2026-12-08T14:04:00+09:00,,,SCHEDULED_ALLOCATION
ASG_000281,APP0121_FIRST_INTERVIEW,RSV_APP0121_FIRST_INTERVIEW,CONSUMED,1.0,2027-01-07T10:00:00+09:00,APP0121_FIRST_INTERVIEW_FIRST_INTERVIEW_SESSION,FIRST_PANEL_05_ML_ENGINEER,ACTUAL_PARTICIPATION
ASG_000282,APP0121_FIRST_INTERVIEW,RSV_APP0121_FIRST_INTERVIEW,CONSUMED,1.0,2027-01-07T10:00:00+09:00,APP0121_FIRST_INTERVIEW_FIRST_INTERVIEW_SESSION,FIRST_PANEL_05_HIRING_MANAGER,ACTUAL_PARTICIPATION
ASG_000283,APP0121_FIRST_INTERVIEW,RSV_APP0121_FIRST_INTERVIEW,CONSUMED,1.0,2027-01-07T10:00:00+09:00,APP0121_FIRST_INTERVIEW_FIRST_INTERVIEW_SESSION,FIRST_PANEL_05_TECHNICAL_REVIEWER,ACTUAL_PARTICIPATION
ASG_000284,APP0123_FIRST_INTERVIEW,RSV_APP0123_FIRST_INTERVIEW,RESERVED,3,2026-12-08T14:04:00+09:00,,,SCHEDULED_ALLOCATION
ASG_000285,APP0123_FIRST_INTERVIEW,RSV_APP0123_FIRST_INTERVIEW,CONSUMED,1.0,2027-01-07T10:00:00+09:00,APP0123_FIRST_INTERVIEW_FIRST_INTERVIEW_SESSION,FIRST_PANEL_06_ML_ENGINEER,ACTUAL_PARTICIPATION
ASG_000286,APP0123_FIRST_INTERVIEW,RSV_APP0123_FIRST_INTERVIEW,CONSUMED,1.0,2027-01-07T10:00:00+09:00,APP0123_FIRST_INTERVIEW_FIRST_INTERVIEW_SESSION,FIRST_PANEL_06_HIRING_MANAGER,ACTUAL_PARTICIPATION
ASG_000287,APP0123_FIRST_INTERVIEW,RSV_APP0123_FIRST_INTERVIEW,CONSUMED,1.0,2027-01-07T10:00:00+09:00,APP0123_FIRST_INTERVIEW_FIRST_INTERVIEW_SESSION,FIRST_PANEL_06_TECHNICAL_REVIEWER,ACTUAL_PARTICIPATION
ASG_000288,APP0124_FIRST_INTERVIEW,RSV_APP0124_FIRST_INTERVIEW,RESERVED,3,2026-12-08T14:04:00+09:00,,,SCHEDULED_ALLOCATION
ASG_000289,APP0124_FIRST_INTERVIEW,RSV_APP0124_FIRST_INTERVIEW,CONSUMED,1.0,2027-01-07T10:00:00+09:00,APP0124_FIRST_INTERVIEW_FIRST_INTERVIEW_SESSION,FIRST_PANEL_07_ML_ENGINEER,ACTUAL_PARTICIPATION
ASG_000290,APP0124_FIRST_INTERVIEW,RSV_APP0124_FIRST_INTERVIEW,CONSUMED,1.0,2027-01-07T10:00:00+09:00,APP0124_FIRST_INTERVIEW_FIRST_INTERVIEW_SESSION,FIRST_PANEL_07_HIRING_MANAGER,ACTUAL_PARTICIPATION
ASG_000291,APP0124_FIRST_INTERVIEW,RSV_APP0124_FIRST_INTERVIEW,CONSUMED,1.0,2027-01-07T10:00:00+09:00,APP0124_FIRST_INTERVIEW_FIRST_INTERVIEW_SESSION,FIRST_PANEL_07_TECHNICAL_REVIEWER,ACTUAL_PARTICIPATION
ASG_000292,APP0128_FIRST_INTERVIEW,RSV_APP0128_FIRST_INTERVIEW,RESERVED,3,2026-12-08T14:04:00+09:00,,,SCHEDULED_ALLOCATION
ASG_000293,APP0128_FIRST_INTERVIEW,RSV_APP0128_FIRST_INTERVIEW,CONSUMED,1.0,2027-01-07T10:00:00+09:00,APP0128_FIRST_INTERVIEW_FIRST_INTERVIEW_SESSION,FIRST_PANEL_08_ML_ENGINEER,ACTUAL_PARTICIPATION
ASG_000294,APP0128_FIRST_INTERVIEW,RSV_APP0128_FIRST_INTERVIEW,CONSUMED,1.0,2027-01-07T10:00:00+09:00,APP0128_FIRST_INTERVIEW_FIRST_INTERVIEW_SESSION,FIRST_PANEL_08_HIRING_MANAGER,ACTUAL_PARTICIPATION
ASG_000295,APP0128_FIRST_INTERVIEW,RSV_APP0128_FIRST_INTERVIEW,CONSUMED,1.0,2027-01-07T10:00:00+09:00,APP0128_FIRST_INTERVIEW_FIRST_INTERVIEW_SESSION,FIRST_PANEL_08_TECHNICAL_REVIEWER,ACTUAL_PARTICIPATION
ASG_000296,APP0129_FIRST_INTERVIEW,RSV_APP0129_FIRST_INTERVIEW,RESERVED,3,2026-12-08T14:04:00+09:00,,,SCHEDULED_ALLOCATION
ASG_000297,APP0129_FIRST_INTERVIEW,RSV_APP0129_FIRST_INTERVIEW,CONSUMED,1.0,2027-01-07T10:00:00+09:00,APP0129_FIRST_INTERVIEW_FIRST_INTERVIEW_SESSION,FIRST_PANEL_09_ML_ENGINEER,ACTUAL_PARTICIPATION
ASG_000298,APP0129_FIRST_INTERVIEW,RSV_APP0129_FIRST_INTERVIEW,CONSUMED,1.0,2027-01-07T10:00:00+09:00,APP0129_FIRST_INTERVIEW_FIRST_INTERVIEW_SESSION,FIRST_PANEL_09_HIRING_MANAGER,ACTUAL_PARTICIPATION
ASG_000299,APP0129_FIRST_INTERVIEW,RSV_APP0129_FIRST_INTERVIEW,CONSUMED,1.0,2027-01-07T10:00:00+09:00,APP0129_FIRST_INTERVIEW_FIRST_INTERVIEW_SESSION,FIRST_PANEL_09_TECHNICAL_REVIEWER,ACTUAL_PARTICIPATION
ASG_000300,APP0130_FIRST_INTERVIEW,RSV_APP0130_FIRST_INTERVIEW,RESERVED,3,2026-12-08T14:04:00+09:00,,,SCHEDULED_ALLOCATION
ASG_000301,APP0130_FIRST_INTERVIEW,RSV_APP0130_FIRST_INTERVIEW,CONSUMED,1.0,2027-01-07T10:00:00+09:00,APP0130_FIRST_INTERVIEW_FIRST_INTERVIEW_SESSION,FIRST_PANEL_10_ML_ENGINEER,ACTUAL_PARTICIPATION
ASG_000302,APP0130_FIRST_INTERVIEW,RSV_APP0130_FIRST_INTERVIEW,CONSUMED,1.0,2027-01-07T10:00:00+09:00,APP0130_FIRST_INTERVIEW_FIRST_INTERVIEW_SESSION,FIRST_PANEL_10_HIRING_MANAGER,ACTUAL_PARTICIPATION
ASG_000303,APP0130_FIRST_INTERVIEW,RSV_APP0130_FIRST_INTERVIEW,CONSUMED,1.0,2027-01-07T10:00:00+09:00,APP0130_FIRST_INTERVIEW_FIRST_INTERVIEW_SESSION,FIRST_PANEL_10_TECHNICAL_REVIEWER,ACTUAL_PARTICIPATION
ASG_000304,APP0131_FIRST_INTERVIEW,RSV_APP0131_FIRST_INTERVIEW,RESERVED,3,2026-12-08T14:04:00+09:00,,,SCHEDULED_ALLOCATION
ASG_000305,APP0131_FIRST_INTERVIEW,RSV_APP0131_FIRST_INTERVIEW,CONSUMED,1.0,2027-01-11T10:00:00+09:00,APP0131_FIRST_INTERVIEW_FIRST_INTERVIEW_SESSION,FIRST_PANEL_01_ML_ENGINEER,ACTUAL_PARTICIPATION
ASG_000306,APP0131_FIRST_INTERVIEW,RSV_APP0131_FIRST_INTERVIEW,CONSUMED,1.0,2027-01-11T10:00:00+09:00,APP0131_FIRST_INTERVIEW_FIRST_INTERVIEW_SESSION,FIRST_PANEL_01_HIRING_MANAGER,ACTUAL_PARTICIPATION
ASG_000307,APP0131_FIRST_INTERVIEW,RSV_APP0131_FIRST_INTERVIEW,CONSUMED,1.0,2027-01-11T10:00:00+09:00,APP0131_FIRST_INTERVIEW_FIRST_INTERVIEW_SESSION,FIRST_PANEL_01_TECHNICAL_REVIEWER,ACTUAL_PARTICIPATION
ASG_000308,APP0134_FIRST_INTERVIEW,RSV_APP0134_FIRST_INTERVIEW,RESERVED,3,2026-12-08T14:04:00+09:00,,,SCHEDULED_ALLOCATION
ASG_000309,APP0134_FIRST_INTERVIEW,RSV_APP0134_FIRST_INTERVIEW,CONSUMED,1.0,2027-01-11T10:00:00+09:00,APP0134_FIRST_INTERVIEW_FIRST_INTERVIEW_SESSION,FIRST_PANEL_02_ML_ENGINEER,ACTUAL_PARTICIPATION
ASG_000310,APP0134_FIRST_INTERVIEW,RSV_APP0134_FIRST_INTERVIEW,CONSUMED,1.0,2027-01-11T10:00:00+09:00,APP0134_FIRST_INTERVIEW_FIRST_INTERVIEW_SESSION,FIRST_PANEL_02_HIRING_MANAGER,ACTUAL_PARTICIPATION
ASG_000311,APP0134_FIRST_INTERVIEW,RSV_APP0134_FIRST_INTERVIEW,CONSUMED,1.0,2027-01-11T10:00:00+09:00,APP0134_FIRST_INTERVIEW_FIRST_INTERVIEW_SESSION,FIRST_PANEL_02_TECHNICAL_REVIEWER,ACTUAL_PARTICIPATION
ASG_000312,APP0135_FIRST_INTERVIEW,RSV_APP0135_FIRST_INTERVIEW,RESERVED,3,2026-12-08T14:04:00+09:00,,,SCHEDULED_ALLOCATION
ASG_000313,APP0135_FIRST_INTERVIEW,RSV_APP0135_FIRST_INTERVIEW,CONSUMED,1.0,2027-01-11T10:00:00+09:00,APP0135_FIRST_INTERVIEW_FIRST_INTERVIEW_SESSION,FIRST_PANEL_03_ML_ENGINEER,ACTUAL_PARTICIPATION
ASG_000314,APP0135_FIRST_INTERVIEW,RSV_APP0135_FIRST_INTERVIEW,CONSUMED,1.0,2027-01-11T10:00:00+09:00,APP0135_FIRST_INTERVIEW_FIRST_INTERVIEW_SESSION,FIRST_PANEL_03_HIRING_MANAGER,ACTUAL_PARTICIPATION
ASG_000315,APP0135_FIRST_INTERVIEW,RSV_APP0135_FIRST_INTERVIEW,CONSUMED,1.0,2027-01-11T10:00:00+09:00,APP0135_FIRST_INTERVIEW_FIRST_INTERVIEW_SESSION,FIRST_PANEL_03_TECHNICAL_REVIEWER,ACTUAL_PARTICIPATION
ASG_000316,APP0136_FIRST_INTERVIEW,RSV_APP0136_FIRST_INTERVIEW,RESERVED,3,2026-12-08T14:04:00+09:00,,,SCHEDULED_ALLOCATION
ASG_000317,APP0136_FIRST_INTERVIEW,RSV_APP0136_FIRST_INTERVIEW,CONSUMED,1.0,2027-01-11T10:00:00+09:00,APP0136_FIRST_INTERVIEW_FIRST_INTERVIEW_SESSION,FIRST_PANEL_04_ML_ENGINEER,ACTUAL_PARTICIPATION
ASG_000318,APP0136_FIRST_INTERVIEW,RSV_APP0136_FIRST_INTERVIEW,CONSUMED,1.0,2027-01-11T10:00:00+09:00,APP0136_FIRST_INTERVIEW_FIRST_INTERVIEW_SESSION,FIRST_PANEL_04_HIRING_MANAGER,ACTUAL_PARTICIPATION
ASG_000319,APP0136_FIRST_INTERVIEW,RSV_APP0136_FIRST_INTERVIEW,CONSUMED,1.0,2027-01-11T10:00:00+09:00,APP0136_FIRST_INTERVIEW_FIRST_INTERVIEW_SESSION,FIRST_PANEL_04_TECHNICAL_REVIEWER,ACTUAL_PARTICIPATION
ASG_000320,APP0139_FIRST_INTERVIEW,RSV_APP0139_FIRST_INTERVIEW,RESERVED,3,2026-12-08T14:04:00+09:00,,,SCHEDULED_ALLOCATION
ASG_000321,APP0139_FIRST_INTERVIEW,RSV_APP0139_FIRST_INTERVIEW,RELEASED,3.0,2027-01-12T09:00:00+09:00,,,NO_RESPONSE_UNUSED
ASG_000322,APP0140_FIRST_INTERVIEW,RSV_APP0140_FIRST_INTERVIEW,RESERVED,3,2026-12-08T14:04:00+09:00,,,SCHEDULED_ALLOCATION
ASG_000323,APP0140_FIRST_INTERVIEW,RSV_APP0140_FIRST_INTERVIEW,CONSUMED,1.0,2027-01-11T10:00:00+09:00,APP0140_FIRST_INTERVIEW_FIRST_INTERVIEW_SESSION,FIRST_PANEL_06_ML_ENGINEER,ACTUAL_PARTICIPATION
ASG_000324,APP0140_FIRST_INTERVIEW,RSV_APP0140_FIRST_INTERVIEW,CONSUMED,1.0,2027-01-11T10:00:00+09:00,APP0140_FIRST_INTERVIEW_FIRST_INTERVIEW_SESSION,FIRST_PANEL_06_HIRING_MANAGER,ACTUAL_PARTICIPATION
ASG_000325,APP0140_FIRST_INTERVIEW,RSV_APP0140_FIRST_INTERVIEW,CONSUMED,1.0,2027-01-11T10:00:00+09:00,APP0140_FIRST_INTERVIEW_FIRST_INTERVIEW_SESSION,FIRST_PANEL_06_TECHNICAL_REVIEWER,ACTUAL_PARTICIPATION
ASG_000326,APP0141_FIRST_INTERVIEW,RSV_APP0141_FIRST_INTERVIEW,RESERVED,3,2026-12-08T14:04:00+09:00,,,SCHEDULED_ALLOCATION
ASG_000327,APP0141_FIRST_INTERVIEW,RSV_APP0141_FIRST_INTERVIEW,CONSUMED,1.0,2027-01-11T10:00:00+09:00,APP0141_FIRST_INTERVIEW_FIRST_INTERVIEW_SESSION,FIRST_PANEL_07_ML_ENGINEER,ACTUAL_PARTICIPATION
ASG_000328,APP0141_FIRST_INTERVIEW,RSV_APP0141_FIRST_INTERVIEW,CONSUMED,1.0,2027-01-11T10:00:00+09:00,APP0141_FIRST_INTERVIEW_FIRST_INTERVIEW_SESSION,FIRST_PANEL_07_HIRING_MANAGER,ACTUAL_PARTICIPATION
ASG_000329,APP0141_FIRST_INTERVIEW,RSV_APP0141_FIRST_INTERVIEW,CONSUMED,1.0,2027-01-11T10:00:00+09:00,APP0141_FIRST_INTERVIEW_FIRST_INTERVIEW_SESSION,FIRST_PANEL_07_TECHNICAL_REVIEWER,ACTUAL_PARTICIPATION
ASG_000330,APP0142_FIRST_INTERVIEW,RSV_APP0142_FIRST_INTERVIEW,RESERVED,3,2026-12-08T14:04:00+09:00,,,SCHEDULED_ALLOCATION
ASG_000331,APP0142_FIRST_INTERVIEW,RSV_APP0142_FIRST_INTERVIEW,CONSUMED,1.0,2027-01-11T10:00:00+09:00,APP0142_FIRST_INTERVIEW_FIRST_INTERVIEW_SESSION,FIRST_PANEL_08_ML_ENGINEER,ACTUAL_PARTICIPATION
ASG_000332,APP0142_FIRST_INTERVIEW,RSV_APP0142_FIRST_INTERVIEW,CONSUMED,1.0,2027-01-11T10:00:00+09:00,APP0142_FIRST_INTERVIEW_FIRST_INTERVIEW_SESSION,FIRST_PANEL_08_HIRING_MANAGER,ACTUAL_PARTICIPATION
ASG_000333,APP0142_FIRST_INTERVIEW,RSV_APP0142_FIRST_INTERVIEW,CONSUMED,1.0,2027-01-11T10:00:00+09:00,APP0142_FIRST_INTERVIEW_FIRST_INTERVIEW_SESSION,FIRST_PANEL_08_TECHNICAL_REVIEWER,ACTUAL_PARTICIPATION
ASG_000334,APP0143_FIRST_INTERVIEW,RSV_APP0143_FIRST_INTERVIEW,RESERVED,3,2026-12-08T14:04:00+09:00,,,SCHEDULED_ALLOCATION
ASG_000335,APP0143_FIRST_INTERVIEW,RSV_APP0143_FIRST_INTERVIEW,CONSUMED,1.0,2027-01-11T10:00:00+09:00,APP0143_FIRST_INTERVIEW_FIRST_INTERVIEW_SESSION,FIRST_PANEL_09_ML_ENGINEER,ACTUAL_PARTICIPATION
ASG_000336,APP0143_FIRST_INTERVIEW,RSV_APP0143_FIRST_INTERVIEW,CONSUMED,1.0,2027-01-11T10:00:00+09:00,APP0143_FIRST_INTERVIEW_FIRST_INTERVIEW_SESSION,FIRST_PANEL_09_HIRING_MANAGER,ACTUAL_PARTICIPATION
ASG_000337,APP0143_FIRST_INTERVIEW,RSV_APP0143_FIRST_INTERVIEW,CONSUMED,1.0,2027-01-11T10:00:00+09:00,APP0143_FIRST_INTERVIEW_FIRST_INTERVIEW_SESSION,FIRST_PANEL_09_TECHNICAL_REVIEWER,ACTUAL_PARTICIPATION
ASG_000338,APP0146_FIRST_INTERVIEW,RSV_APP0146_FIRST_INTERVIEW,RESERVED,3,2026-12-08T14:04:00+09:00,,,SCHEDULED_ALLOCATION
ASG_000339,APP0146_FIRST_INTERVIEW,RSV_APP0146_FIRST_INTERVIEW,CONSUMED,1.0,2027-01-11T10:00:00+09:00,APP0146_FIRST_INTERVIEW_FIRST_INTERVIEW_SESSION,FIRST_PANEL_10_ML_ENGINEER,ACTUAL_PARTICIPATION
ASG_000340,APP0146_FIRST_INTERVIEW,RSV_APP0146_FIRST_INTERVIEW,CONSUMED,1.0,2027-01-11T10:00:00+09:00,APP0146_FIRST_INTERVIEW_FIRST_INTERVIEW_SESSION,FIRST_PANEL_10_HIRING_MANAGER,ACTUAL_PARTICIPATION
ASG_000341,APP0146_FIRST_INTERVIEW,RSV_APP0146_FIRST_INTERVIEW,CONSUMED,1.0,2027-01-11T10:00:00+09:00,APP0146_FIRST_INTERVIEW_FIRST_INTERVIEW_SESSION,FIRST_PANEL_10_TECHNICAL_REVIEWER,ACTUAL_PARTICIPATION
ASG_000342,APP0148_FIRST_INTERVIEW,RSV_APP0148_FIRST_INTERVIEW,RESERVED,3,2026-12-08T14:04:00+09:00,,,SCHEDULED_ALLOCATION
ASG_000343,APP0148_FIRST_INTERVIEW,RSV_APP0148_FIRST_INTERVIEW,CONSUMED,1.0,2027-01-14T10:00:00+09:00,APP0148_FIRST_INTERVIEW_FIRST_INTERVIEW_SESSION,FIRST_PANEL_01_ML_ENGINEER,ACTUAL_PARTICIPATION
ASG_000344,APP0148_FIRST_INTERVIEW,RSV_APP0148_FIRST_INTERVIEW,CONSUMED,1.0,2027-01-14T10:00:00+09:00,APP0148_FIRST_INTERVIEW_FIRST_INTERVIEW_SESSION,FIRST_PANEL_01_HIRING_MANAGER,ACTUAL_PARTICIPATION
ASG_000345,APP0148_FIRST_INTERVIEW,RSV_APP0148_FIRST_INTERVIEW,CONSUMED,1.0,2027-01-14T10:00:00+09:00,APP0148_FIRST_INTERVIEW_FIRST_INTERVIEW_SESSION,FIRST_PANEL_01_TECHNICAL_REVIEWER,ACTUAL_PARTICIPATION
ASG_000346,APP0149_FIRST_INTERVIEW,RSV_APP0149_FIRST_INTERVIEW,RESERVED,3,2026-12-08T14:04:00+09:00,,,SCHEDULED_ALLOCATION
ASG_000347,APP0149_FIRST_INTERVIEW,RSV_APP0149_FIRST_INTERVIEW,CONSUMED,1.0,2027-01-14T10:00:00+09:00,APP0149_FIRST_INTERVIEW_FIRST_INTERVIEW_SESSION,FIRST_PANEL_02_ML_ENGINEER,ACTUAL_PARTICIPATION
ASG_000348,APP0149_FIRST_INTERVIEW,RSV_APP0149_FIRST_INTERVIEW,CONSUMED,1.0,2027-01-14T10:00:00+09:00,APP0149_FIRST_INTERVIEW_FIRST_INTERVIEW_SESSION,FIRST_PANEL_02_HIRING_MANAGER,ACTUAL_PARTICIPATION
ASG_000349,APP0149_FIRST_INTERVIEW,RSV_APP0149_FIRST_INTERVIEW,CONSUMED,1.0,2027-01-14T10:00:00+09:00,APP0149_FIRST_INTERVIEW_FIRST_INTERVIEW_SESSION,FIRST_PANEL_02_TECHNICAL_REVIEWER,ACTUAL_PARTICIPATION
ASG_000350,APP0150_FIRST_INTERVIEW,RSV_APP0150_FIRST_INTERVIEW,RESERVED,3,2026-12-08T14:04:00+09:00,,,SCHEDULED_ALLOCATION
ASG_000351,APP0150_FIRST_INTERVIEW,RSV_APP0150_FIRST_INTERVIEW,CONSUMED,1.0,2027-01-14T10:00:00+09:00,APP0150_FIRST_INTERVIEW_FIRST_INTERVIEW_SESSION,FIRST_PANEL_03_ML_ENGINEER,ACTUAL_PARTICIPATION
ASG_000352,APP0150_FIRST_INTERVIEW,RSV_APP0150_FIRST_INTERVIEW,CONSUMED,1.0,2027-01-14T10:00:00+09:00,APP0150_FIRST_INTERVIEW_FIRST_INTERVIEW_SESSION,FIRST_PANEL_03_HIRING_MANAGER,ACTUAL_PARTICIPATION
ASG_000353,APP0150_FIRST_INTERVIEW,RSV_APP0150_FIRST_INTERVIEW,CONSUMED,1.0,2027-01-14T10:00:00+09:00,APP0150_FIRST_INTERVIEW_FIRST_INTERVIEW_SESSION,FIRST_PANEL_03_TECHNICAL_REVIEWER,ACTUAL_PARTICIPATION
ASG_000354,APP0151_FIRST_INTERVIEW,RSV_APP0151_FIRST_INTERVIEW,RESERVED,3,2026-12-08T14:04:00+09:00,,,SCHEDULED_ALLOCATION
ASG_000355,APP0151_FIRST_INTERVIEW,RSV_APP0151_FIRST_INTERVIEW,CONSUMED,1.0,2027-01-14T10:00:00+09:00,APP0151_FIRST_INTERVIEW_FIRST_INTERVIEW_SESSION,FIRST_PANEL_04_ML_ENGINEER,ACTUAL_PARTICIPATION
ASG_000356,APP0151_FIRST_INTERVIEW,RSV_APP0151_FIRST_INTERVIEW,CONSUMED,1.0,2027-01-14T10:00:00+09:00,APP0151_FIRST_INTERVIEW_FIRST_INTERVIEW_SESSION,FIRST_PANEL_04_HIRING_MANAGER,ACTUAL_PARTICIPATION
ASG_000357,APP0151_FIRST_INTERVIEW,RSV_APP0151_FIRST_INTERVIEW,CONSUMED,1.0,2027-01-14T10:00:00+09:00,APP0151_FIRST_INTERVIEW_FIRST_INTERVIEW_SESSION,FIRST_PANEL_04_TECHNICAL_REVIEWER,ACTUAL_PARTICIPATION
ASG_000358,APP0152_FIRST_INTERVIEW,RSV_APP0152_FIRST_INTERVIEW,RESERVED,3,2026-12-08T14:04:00+09:00,,,SCHEDULED_ALLOCATION
ASG_000359,APP0152_FIRST_INTERVIEW,RSV_APP0152_FIRST_INTERVIEW,CONSUMED,1.0,2027-01-14T10:00:00+09:00,APP0152_FIRST_INTERVIEW_FIRST_INTERVIEW_SESSION,FIRST_PANEL_05_ML_ENGINEER,ACTUAL_PARTICIPATION
ASG_000360,APP0152_FIRST_INTERVIEW,RSV_APP0152_FIRST_INTERVIEW,CONSUMED,1.0,2027-01-14T10:00:00+09:00,APP0152_FIRST_INTERVIEW_FIRST_INTERVIEW_SESSION,FIRST_PANEL_05_HIRING_MANAGER,ACTUAL_PARTICIPATION
ASG_000361,APP0152_FIRST_INTERVIEW,RSV_APP0152_FIRST_INTERVIEW,CONSUMED,1.0,2027-01-14T10:00:00+09:00,APP0152_FIRST_INTERVIEW_FIRST_INTERVIEW_SESSION,FIRST_PANEL_05_TECHNICAL_REVIEWER,ACTUAL_PARTICIPATION
ASG_000362,APP0153_FIRST_INTERVIEW,RSV_APP0153_FIRST_INTERVIEW,RESERVED,3,2026-12-08T14:04:00+09:00,,,SCHEDULED_ALLOCATION
ASG_000363,APP0153_FIRST_INTERVIEW,RSV_APP0153_FIRST_INTERVIEW,CONSUMED,1.0,2027-01-14T10:00:00+09:00,APP0153_FIRST_INTERVIEW_FIRST_INTERVIEW_SESSION,FIRST_PANEL_06_ML_ENGINEER,ACTUAL_PARTICIPATION
ASG_000364,APP0153_FIRST_INTERVIEW,RSV_APP0153_FIRST_INTERVIEW,CONSUMED,1.0,2027-01-14T10:00:00+09:00,APP0153_FIRST_INTERVIEW_FIRST_INTERVIEW_SESSION,FIRST_PANEL_06_HIRING_MANAGER,ACTUAL_PARTICIPATION
ASG_000365,APP0153_FIRST_INTERVIEW,RSV_APP0153_FIRST_INTERVIEW,CONSUMED,1.0,2027-01-14T10:00:00+09:00,APP0153_FIRST_INTERVIEW_FIRST_INTERVIEW_SESSION,FIRST_PANEL_06_TECHNICAL_REVIEWER,ACTUAL_PARTICIPATION
ASG_000366,APP0154_FIRST_INTERVIEW,RSV_APP0154_FIRST_INTERVIEW,RESERVED,3,2026-12-08T14:04:00+09:00,,,SCHEDULED_ALLOCATION
ASG_000367,APP0154_FIRST_INTERVIEW,RSV_APP0154_FIRST_INTERVIEW,CONSUMED,1.0,2027-01-14T10:00:00+09:00,APP0154_FIRST_INTERVIEW_FIRST_INTERVIEW_SESSION,FIRST_PANEL_07_ML_ENGINEER,ACTUAL_PARTICIPATION
ASG_000368,APP0154_FIRST_INTERVIEW,RSV_APP0154_FIRST_INTERVIEW,CONSUMED,1.0,2027-01-14T10:00:00+09:00,APP0154_FIRST_INTERVIEW_FIRST_INTERVIEW_SESSION,FIRST_PANEL_07_HIRING_MANAGER,ACTUAL_PARTICIPATION
ASG_000369,APP0154_FIRST_INTERVIEW,RSV_APP0154_FIRST_INTERVIEW,CONSUMED,1.0,2027-01-14T10:00:00+09:00,APP0154_FIRST_INTERVIEW_FIRST_INTERVIEW_SESSION,FIRST_PANEL_07_TECHNICAL_REVIEWER,ACTUAL_PARTICIPATION
ASG_000370,APP0155_FIRST_INTERVIEW,RSV_APP0155_FIRST_INTERVIEW,RESERVED,3,2026-12-08T14:04:00+09:00,,,SCHEDULED_ALLOCATION
ASG_000371,APP0155_FIRST_INTERVIEW,RSV_APP0155_FIRST_INTERVIEW,CONSUMED,1.0,2027-01-14T10:00:00+09:00,APP0155_FIRST_INTERVIEW_FIRST_INTERVIEW_SESSION,FIRST_PANEL_08_ML_ENGINEER,ACTUAL_PARTICIPATION
ASG_000372,APP0155_FIRST_INTERVIEW,RSV_APP0155_FIRST_INTERVIEW,CONSUMED,1.0,2027-01-14T10:00:00+09:00,APP0155_FIRST_INTERVIEW_FIRST_INTERVIEW_SESSION,FIRST_PANEL_08_HIRING_MANAGER,ACTUAL_PARTICIPATION
ASG_000373,APP0155_FIRST_INTERVIEW,RSV_APP0155_FIRST_INTERVIEW,CONSUMED,1.0,2027-01-14T10:00:00+09:00,APP0155_FIRST_INTERVIEW_FIRST_INTERVIEW_SESSION,FIRST_PANEL_08_TECHNICAL_REVIEWER,ACTUAL_PARTICIPATION
ASG_000374,APP0159_FIRST_INTERVIEW,RSV_APP0159_FIRST_INTERVIEW,RESERVED,3,2026-12-08T14:04:00+09:00,,,SCHEDULED_ALLOCATION
ASG_000375,APP0159_FIRST_INTERVIEW,RSV_APP0159_FIRST_INTERVIEW,CONSUMED,1.0,2027-01-14T10:00:00+09:00,APP0159_FIRST_INTERVIEW_FIRST_INTERVIEW_SESSION,FIRST_PANEL_09_ML_ENGINEER,ACTUAL_PARTICIPATION
ASG_000376,APP0159_FIRST_INTERVIEW,RSV_APP0159_FIRST_INTERVIEW,CONSUMED,1.0,2027-01-14T10:00:00+09:00,APP0159_FIRST_INTERVIEW_FIRST_INTERVIEW_SESSION,FIRST_PANEL_09_HIRING_MANAGER,ACTUAL_PARTICIPATION
ASG_000377,APP0159_FIRST_INTERVIEW,RSV_APP0159_FIRST_INTERVIEW,CONSUMED,1.0,2027-01-14T10:00:00+09:00,APP0159_FIRST_INTERVIEW_FIRST_INTERVIEW_SESSION,FIRST_PANEL_09_TECHNICAL_REVIEWER,ACTUAL_PARTICIPATION
ASG_000378,APP0161_FIRST_INTERVIEW,RSV_APP0161_FIRST_INTERVIEW,RESERVED,3,2026-12-08T14:04:00+09:00,,,SCHEDULED_ALLOCATION
ASG_000379,APP0161_FIRST_INTERVIEW,RSV_APP0161_FIRST_INTERVIEW,CONSUMED,1.0,2027-01-14T10:00:00+09:00,APP0161_FIRST_INTERVIEW_FIRST_INTERVIEW_SESSION,FIRST_PANEL_10_ML_ENGINEER,ACTUAL_PARTICIPATION
ASG_000380,APP0161_FIRST_INTERVIEW,RSV_APP0161_FIRST_INTERVIEW,CONSUMED,1.0,2027-01-14T10:00:00+09:00,APP0161_FIRST_INTERVIEW_FIRST_INTERVIEW_SESSION,FIRST_PANEL_10_HIRING_MANAGER,ACTUAL_PARTICIPATION
ASG_000381,APP0161_FIRST_INTERVIEW,RSV_APP0161_FIRST_INTERVIEW,CONSUMED,1.0,2027-01-14T10:00:00+09:00,APP0161_FIRST_INTERVIEW_FIRST_INTERVIEW_SESSION,FIRST_PANEL_10_TECHNICAL_REVIEWER,ACTUAL_PARTICIPATION
ASG_000382,APP0162_FIRST_INTERVIEW,RSV_APP0162_FIRST_INTERVIEW,RESERVED,3,2026-12-08T14:04:00+09:00,,,SCHEDULED_ALLOCATION
ASG_000383,APP0162_FIRST_INTERVIEW,RSV_APP0162_FIRST_INTERVIEW,CONSUMED,1.0,2027-01-18T10:00:00+09:00,APP0162_FIRST_INTERVIEW_FIRST_INTERVIEW_SESSION,FIRST_PANEL_01_ML_ENGINEER,ACTUAL_PARTICIPATION
ASG_000384,APP0162_FIRST_INTERVIEW,RSV_APP0162_FIRST_INTERVIEW,CONSUMED,1.0,2027-01-18T10:00:00+09:00,APP0162_FIRST_INTERVIEW_FIRST_INTERVIEW_SESSION,FIRST_PANEL_01_HIRING_MANAGER,ACTUAL_PARTICIPATION
ASG_000385,APP0162_FIRST_INTERVIEW,RSV_APP0162_FIRST_INTERVIEW,CONSUMED,1.0,2027-01-18T10:00:00+09:00,APP0162_FIRST_INTERVIEW_FIRST_INTERVIEW_SESSION,FIRST_PANEL_01_TECHNICAL_REVIEWER,ACTUAL_PARTICIPATION
ASG_000386,APP0163_FIRST_INTERVIEW,RSV_APP0163_FIRST_INTERVIEW,RESERVED,3,2026-12-08T14:04:00+09:00,,,SCHEDULED_ALLOCATION
ASG_000387,APP0163_FIRST_INTERVIEW,RSV_APP0163_FIRST_INTERVIEW,CONSUMED,1.0,2027-01-18T10:00:00+09:00,APP0163_FIRST_INTERVIEW_FIRST_INTERVIEW_SESSION,FIRST_PANEL_02_ML_ENGINEER,ACTUAL_PARTICIPATION
ASG_000388,APP0163_FIRST_INTERVIEW,RSV_APP0163_FIRST_INTERVIEW,CONSUMED,1.0,2027-01-18T10:00:00+09:00,APP0163_FIRST_INTERVIEW_FIRST_INTERVIEW_SESSION,FIRST_PANEL_02_HIRING_MANAGER,ACTUAL_PARTICIPATION
ASG_000389,APP0163_FIRST_INTERVIEW,RSV_APP0163_FIRST_INTERVIEW,CONSUMED,1.0,2027-01-18T10:00:00+09:00,APP0163_FIRST_INTERVIEW_FIRST_INTERVIEW_SESSION,FIRST_PANEL_02_TECHNICAL_REVIEWER,ACTUAL_PARTICIPATION
ASG_000390,APP0164_FIRST_INTERVIEW,RSV_APP0164_FIRST_INTERVIEW,RESERVED,3,2026-12-08T14:04:00+09:00,,,SCHEDULED_ALLOCATION
ASG_000391,APP0164_FIRST_INTERVIEW,RSV_APP0164_FIRST_INTERVIEW,CONSUMED,1.0,2027-01-18T10:00:00+09:00,APP0164_FIRST_INTERVIEW_FIRST_INTERVIEW_SESSION,FIRST_PANEL_03_ML_ENGINEER,ACTUAL_PARTICIPATION
ASG_000392,APP0164_FIRST_INTERVIEW,RSV_APP0164_FIRST_INTERVIEW,CONSUMED,1.0,2027-01-18T10:00:00+09:00,APP0164_FIRST_INTERVIEW_FIRST_INTERVIEW_SESSION,FIRST_PANEL_03_HIRING_MANAGER,ACTUAL_PARTICIPATION
ASG_000393,APP0164_FIRST_INTERVIEW,RSV_APP0164_FIRST_INTERVIEW,CONSUMED,1.0,2027-01-18T10:00:00+09:00,APP0164_FIRST_INTERVIEW_FIRST_INTERVIEW_SESSION,FIRST_PANEL_03_TECHNICAL_REVIEWER,ACTUAL_PARTICIPATION
ASG_000394,APP0166_FIRST_INTERVIEW,RSV_APP0166_FIRST_INTERVIEW,RESERVED,3,2026-12-08T14:04:00+09:00,,,SCHEDULED_ALLOCATION
ASG_000395,APP0166_FIRST_INTERVIEW,RSV_APP0166_FIRST_INTERVIEW,CONSUMED,1.0,2027-01-18T10:00:00+09:00,APP0166_FIRST_INTERVIEW_FIRST_INTERVIEW_SESSION,FIRST_PANEL_04_ML_ENGINEER,ACTUAL_PARTICIPATION
ASG_000396,APP0166_FIRST_INTERVIEW,RSV_APP0166_FIRST_INTERVIEW,CONSUMED,1.0,2027-01-18T10:00:00+09:00,APP0166_FIRST_INTERVIEW_FIRST_INTERVIEW_SESSION,FIRST_PANEL_04_HIRING_MANAGER,ACTUAL_PARTICIPATION
ASG_000397,APP0166_FIRST_INTERVIEW,RSV_APP0166_FIRST_INTERVIEW,CONSUMED,1.0,2027-01-18T10:00:00+09:00,APP0166_FIRST_INTERVIEW_FIRST_INTERVIEW_SESSION,FIRST_PANEL_04_TECHNICAL_REVIEWER,ACTUAL_PARTICIPATION
ASG_000398,APP0167_FIRST_INTERVIEW,RSV_APP0167_FIRST_INTERVIEW,RESERVED,3,2026-12-08T14:04:00+09:00,,,SCHEDULED_ALLOCATION
ASG_000399,APP0167_FIRST_INTERVIEW,RSV_APP0167_FIRST_INTERVIEW,CONSUMED,1.0,2027-01-18T10:00:00+09:00,APP0167_FIRST_INTERVIEW_FIRST_INTERVIEW_SESSION,FIRST_PANEL_05_ML_ENGINEER,ACTUAL_PARTICIPATION
ASG_000400,APP0167_FIRST_INTERVIEW,RSV_APP0167_FIRST_INTERVIEW,CONSUMED,1.0,2027-01-18T10:00:00+09:00,APP0167_FIRST_INTERVIEW_FIRST_INTERVIEW_SESSION,FIRST_PANEL_05_HIRING_MANAGER,ACTUAL_PARTICIPATION
ASG_000401,APP0167_FIRST_INTERVIEW,RSV_APP0167_FIRST_INTERVIEW,CONSUMED,1.0,2027-01-18T10:00:00+09:00,APP0167_FIRST_INTERVIEW_FIRST_INTERVIEW_SESSION,FIRST_PANEL_05_TECHNICAL_REVIEWER,ACTUAL_PARTICIPATION
ASG_000402,APP0170_FIRST_INTERVIEW,RSV_APP0170_FIRST_INTERVIEW,RESERVED,3,2026-12-08T14:04:00+09:00,,,SCHEDULED_ALLOCATION
ASG_000403,APP0170_FIRST_INTERVIEW,RSV_APP0170_FIRST_INTERVIEW,CONSUMED,1.0,2027-01-18T10:00:00+09:00,APP0170_FIRST_INTERVIEW_FIRST_INTERVIEW_SESSION,FIRST_PANEL_06_ML_ENGINEER,ACTUAL_PARTICIPATION
ASG_000404,APP0170_FIRST_INTERVIEW,RSV_APP0170_FIRST_INTERVIEW,CONSUMED,1.0,2027-01-18T10:00:00+09:00,APP0170_FIRST_INTERVIEW_FIRST_INTERVIEW_SESSION,FIRST_PANEL_06_HIRING_MANAGER,ACTUAL_PARTICIPATION
ASG_000405,APP0170_FIRST_INTERVIEW,RSV_APP0170_FIRST_INTERVIEW,CONSUMED,1.0,2027-01-18T10:00:00+09:00,APP0170_FIRST_INTERVIEW_FIRST_INTERVIEW_SESSION,FIRST_PANEL_06_TECHNICAL_REVIEWER,ACTUAL_PARTICIPATION
ASG_000406,APP0171_FIRST_INTERVIEW,RSV_APP0171_FIRST_INTERVIEW,RESERVED,3,2026-12-08T14:04:00+09:00,,,SCHEDULED_ALLOCATION
ASG_000407,APP0171_FIRST_INTERVIEW,RSV_APP0171_FIRST_INTERVIEW,RELEASED,3.0,2027-01-19T09:00:00+09:00,,,NO_RESPONSE_UNUSED
ASG_000408,APP0173_FIRST_INTERVIEW,RSV_APP0173_FIRST_INTERVIEW,RESERVED,3,2026-12-08T14:04:00+09:00,,,SCHEDULED_ALLOCATION
ASG_000409,APP0173_FIRST_INTERVIEW,RSV_APP0173_FIRST_INTERVIEW,CONSUMED,1.0,2027-01-18T10:00:00+09:00,APP0173_FIRST_INTERVIEW_FIRST_INTERVIEW_SESSION,FIRST_PANEL_08_ML_ENGINEER,ACTUAL_PARTICIPATION
ASG_000410,APP0173_FIRST_INTERVIEW,RSV_APP0173_FIRST_INTERVIEW,CONSUMED,1.0,2027-01-18T10:00:00+09:00,APP0173_FIRST_INTERVIEW_FIRST_INTERVIEW_SESSION,FIRST_PANEL_08_HIRING_MANAGER,ACTUAL_PARTICIPATION
ASG_000411,APP0173_FIRST_INTERVIEW,RSV_APP0173_FIRST_INTERVIEW,CONSUMED,1.0,2027-01-18T10:00:00+09:00,APP0173_FIRST_INTERVIEW_FIRST_INTERVIEW_SESSION,FIRST_PANEL_08_TECHNICAL_REVIEWER,ACTUAL_PARTICIPATION
ASG_000412,APP0175_FIRST_INTERVIEW,RSV_APP0175_FIRST_INTERVIEW,RESERVED,3,2026-12-08T14:04:00+09:00,,,SCHEDULED_ALLOCATION
ASG_000413,APP0175_FIRST_INTERVIEW,RSV_APP0175_FIRST_INTERVIEW,CONSUMED,1.0,2027-01-18T10:00:00+09:00,APP0175_FIRST_INTERVIEW_FIRST_INTERVIEW_SESSION,FIRST_PANEL_09_ML_ENGINEER,ACTUAL_PARTICIPATION
ASG_000414,APP0175_FIRST_INTERVIEW,RSV_APP0175_FIRST_INTERVIEW,CONSUMED,1.0,2027-01-18T10:00:00+09:00,APP0175_FIRST_INTERVIEW_FIRST_INTERVIEW_SESSION,FIRST_PANEL_09_HIRING_MANAGER,ACTUAL_PARTICIPATION
ASG_000415,APP0175_FIRST_INTERVIEW,RSV_APP0175_FIRST_INTERVIEW,CONSUMED,1.0,2027-01-18T10:00:00+09:00,APP0175_FIRST_INTERVIEW_FIRST_INTERVIEW_SESSION,FIRST_PANEL_09_TECHNICAL_REVIEWER,ACTUAL_PARTICIPATION
ASG_000416,APP0176_FIRST_INTERVIEW,RSV_APP0176_FIRST_INTERVIEW,RESERVED,3,2026-12-08T14:04:00+09:00,,,SCHEDULED_ALLOCATION
ASG_000417,APP0176_FIRST_INTERVIEW,RSV_APP0176_FIRST_INTERVIEW,CONSUMED,1.0,2027-01-18T10:00:00+09:00,APP0176_FIRST_INTERVIEW_FIRST_INTERVIEW_SESSION,FIRST_PANEL_10_ML_ENGINEER,ACTUAL_PARTICIPATION
ASG_000418,APP0176_FIRST_INTERVIEW,RSV_APP0176_FIRST_INTERVIEW,CONSUMED,1.0,2027-01-18T10:00:00+09:00,APP0176_FIRST_INTERVIEW_FIRST_INTERVIEW_SESSION,FIRST_PANEL_10_HIRING_MANAGER,ACTUAL_PARTICIPATION
ASG_000419,APP0176_FIRST_INTERVIEW,RSV_APP0176_FIRST_INTERVIEW,CONSUMED,1.0,2027-01-18T10:00:00+09:00,APP0176_FIRST_INTERVIEW_FIRST_INTERVIEW_SESSION,FIRST_PANEL_10_TECHNICAL_REVIEWER,ACTUAL_PARTICIPATION
ASG_000420,APP0181_FIRST_INTERVIEW,RSV_APP0181_FIRST_INTERVIEW,RESERVED,3,2026-12-08T14:04:00+09:00,,,SCHEDULED_ALLOCATION
ASG_000421,APP0181_FIRST_INTERVIEW,RSV_APP0181_FIRST_INTERVIEW,CONSUMED,1.0,2027-01-21T10:00:00+09:00,APP0181_FIRST_INTERVIEW_FIRST_INTERVIEW_SESSION,FIRST_PANEL_01_ML_ENGINEER,ACTUAL_PARTICIPATION
ASG_000422,APP0181_FIRST_INTERVIEW,RSV_APP0181_FIRST_INTERVIEW,CONSUMED,1.0,2027-01-21T10:00:00+09:00,APP0181_FIRST_INTERVIEW_FIRST_INTERVIEW_SESSION,FIRST_PANEL_01_HIRING_MANAGER,ACTUAL_PARTICIPATION
ASG_000423,APP0181_FIRST_INTERVIEW,RSV_APP0181_FIRST_INTERVIEW,CONSUMED,1.0,2027-01-21T10:00:00+09:00,APP0181_FIRST_INTERVIEW_FIRST_INTERVIEW_SESSION,FIRST_PANEL_01_TECHNICAL_REVIEWER,ACTUAL_PARTICIPATION
ASG_000424,APP0182_FIRST_INTERVIEW,RSV_APP0182_FIRST_INTERVIEW,RESERVED,3,2026-12-08T14:04:00+09:00,,,SCHEDULED_ALLOCATION
ASG_000425,APP0182_FIRST_INTERVIEW,RSV_APP0182_FIRST_INTERVIEW,CONSUMED,1.0,2027-01-21T10:00:00+09:00,APP0182_FIRST_INTERVIEW_FIRST_INTERVIEW_SESSION,FIRST_PANEL_02_ML_ENGINEER,ACTUAL_PARTICIPATION
ASG_000426,APP0182_FIRST_INTERVIEW,RSV_APP0182_FIRST_INTERVIEW,CONSUMED,1.0,2027-01-21T10:00:00+09:00,APP0182_FIRST_INTERVIEW_FIRST_INTERVIEW_SESSION,FIRST_PANEL_02_HIRING_MANAGER,ACTUAL_PARTICIPATION
ASG_000427,APP0182_FIRST_INTERVIEW,RSV_APP0182_FIRST_INTERVIEW,CONSUMED,1.0,2027-01-21T10:00:00+09:00,APP0182_FIRST_INTERVIEW_FIRST_INTERVIEW_SESSION,FIRST_PANEL_02_TECHNICAL_REVIEWER,ACTUAL_PARTICIPATION
ASG_000428,APP0184_FIRST_INTERVIEW,RSV_APP0184_FIRST_INTERVIEW,RESERVED,3,2026-12-08T14:04:00+09:00,,,SCHEDULED_ALLOCATION
ASG_000429,APP0184_FIRST_INTERVIEW,RSV_APP0184_FIRST_INTERVIEW,RELEASED,3.0,2027-01-22T09:00:00+09:00,,,NO_RESPONSE_UNUSED
ASG_000430,APP0186_FIRST_INTERVIEW,RSV_APP0186_FIRST_INTERVIEW,RESERVED,3,2026-12-08T14:04:00+09:00,,,SCHEDULED_ALLOCATION
ASG_000431,APP0186_FIRST_INTERVIEW,RSV_APP0186_FIRST_INTERVIEW,CONSUMED,1.0,2027-01-21T10:00:00+09:00,APP0186_FIRST_INTERVIEW_FIRST_INTERVIEW_SESSION,FIRST_PANEL_04_ML_ENGINEER,ACTUAL_PARTICIPATION
ASG_000432,APP0186_FIRST_INTERVIEW,RSV_APP0186_FIRST_INTERVIEW,CONSUMED,1.0,2027-01-21T10:00:00+09:00,APP0186_FIRST_INTERVIEW_FIRST_INTERVIEW_SESSION,FIRST_PANEL_04_HIRING_MANAGER,ACTUAL_PARTICIPATION
ASG_000433,APP0186_FIRST_INTERVIEW,RSV_APP0186_FIRST_INTERVIEW,CONSUMED,1.0,2027-01-21T10:00:00+09:00,APP0186_FIRST_INTERVIEW_FIRST_INTERVIEW_SESSION,FIRST_PANEL_04_TECHNICAL_REVIEWER,ACTUAL_PARTICIPATION
ASG_000434,APP0188_FIRST_INTERVIEW,RSV_APP0188_FIRST_INTERVIEW,RESERVED,3,2026-12-08T14:04:00+09:00,,,SCHEDULED_ALLOCATION
ASG_000435,APP0188_FIRST_INTERVIEW,RSV_APP0188_FIRST_INTERVIEW,CONSUMED,1.0,2027-01-21T10:00:00+09:00,APP0188_FIRST_INTERVIEW_FIRST_INTERVIEW_SESSION,FIRST_PANEL_05_ML_ENGINEER,ACTUAL_PARTICIPATION
ASG_000436,APP0188_FIRST_INTERVIEW,RSV_APP0188_FIRST_INTERVIEW,CONSUMED,1.0,2027-01-21T10:00:00+09:00,APP0188_FIRST_INTERVIEW_FIRST_INTERVIEW_SESSION,FIRST_PANEL_05_HIRING_MANAGER,ACTUAL_PARTICIPATION
ASG_000437,APP0188_FIRST_INTERVIEW,RSV_APP0188_FIRST_INTERVIEW,CONSUMED,1.0,2027-01-21T10:00:00+09:00,APP0188_FIRST_INTERVIEW_FIRST_INTERVIEW_SESSION,FIRST_PANEL_05_TECHNICAL_REVIEWER,ACTUAL_PARTICIPATION
ASG_000438,APP0189_FIRST_INTERVIEW,RSV_APP0189_FIRST_INTERVIEW,RESERVED,3,2026-12-08T14:04:00+09:00,,,SCHEDULED_ALLOCATION
ASG_000439,APP0189_FIRST_INTERVIEW,RSV_APP0189_FIRST_INTERVIEW,CONSUMED,1.0,2027-01-21T10:00:00+09:00,APP0189_FIRST_INTERVIEW_FIRST_INTERVIEW_SESSION,FIRST_PANEL_06_ML_ENGINEER,ACTUAL_PARTICIPATION
ASG_000440,APP0189_FIRST_INTERVIEW,RSV_APP0189_FIRST_INTERVIEW,CONSUMED,1.0,2027-01-21T10:00:00+09:00,APP0189_FIRST_INTERVIEW_FIRST_INTERVIEW_SESSION,FIRST_PANEL_06_HIRING_MANAGER,ACTUAL_PARTICIPATION
ASG_000441,APP0189_FIRST_INTERVIEW,RSV_APP0189_FIRST_INTERVIEW,CONSUMED,1.0,2027-01-21T10:00:00+09:00,APP0189_FIRST_INTERVIEW_FIRST_INTERVIEW_SESSION,FIRST_PANEL_06_TECHNICAL_REVIEWER,ACTUAL_PARTICIPATION
ASG_000442,APP0193_FIRST_INTERVIEW,RSV_APP0193_FIRST_INTERVIEW,RESERVED,3,2026-12-08T14:04:00+09:00,,,SCHEDULED_ALLOCATION
ASG_000443,APP0193_FIRST_INTERVIEW,RSV_APP0193_FIRST_INTERVIEW,CONSUMED,1.0,2027-01-21T10:00:00+09:00,APP0193_FIRST_INTERVIEW_FIRST_INTERVIEW_SESSION,FIRST_PANEL_07_ML_ENGINEER,ACTUAL_PARTICIPATION
ASG_000444,APP0193_FIRST_INTERVIEW,RSV_APP0193_FIRST_INTERVIEW,CONSUMED,1.0,2027-01-21T10:00:00+09:00,APP0193_FIRST_INTERVIEW_FIRST_INTERVIEW_SESSION,FIRST_PANEL_07_HIRING_MANAGER,ACTUAL_PARTICIPATION
ASG_000445,APP0193_FIRST_INTERVIEW,RSV_APP0193_FIRST_INTERVIEW,CONSUMED,1.0,2027-01-21T10:00:00+09:00,APP0193_FIRST_INTERVIEW_FIRST_INTERVIEW_SESSION,FIRST_PANEL_07_TECHNICAL_REVIEWER,ACTUAL_PARTICIPATION
ASG_000446,APP0194_FIRST_INTERVIEW,RSV_APP0194_FIRST_INTERVIEW,RESERVED,3,2026-12-08T14:04:00+09:00,,,SCHEDULED_ALLOCATION
ASG_000447,APP0194_FIRST_INTERVIEW,RSV_APP0194_FIRST_INTERVIEW,CONSUMED,1.0,2027-01-21T10:00:00+09:00,APP0194_FIRST_INTERVIEW_FIRST_INTERVIEW_SESSION,FIRST_PANEL_08_ML_ENGINEER,ACTUAL_PARTICIPATION
ASG_000448,APP0194_FIRST_INTERVIEW,RSV_APP0194_FIRST_INTERVIEW,CONSUMED,1.0,2027-01-21T10:00:00+09:00,APP0194_FIRST_INTERVIEW_FIRST_INTERVIEW_SESSION,FIRST_PANEL_08_HIRING_MANAGER,ACTUAL_PARTICIPATION
ASG_000449,APP0194_FIRST_INTERVIEW,RSV_APP0194_FIRST_INTERVIEW,CONSUMED,1.0,2027-01-21T10:00:00+09:00,APP0194_FIRST_INTERVIEW_FIRST_INTERVIEW_SESSION,FIRST_PANEL_08_TECHNICAL_REVIEWER,ACTUAL_PARTICIPATION
ASG_000450,APP0196_FIRST_INTERVIEW,RSV_APP0196_FIRST_INTERVIEW,RESERVED,3,2026-12-08T14:04:00+09:00,,,SCHEDULED_ALLOCATION
ASG_000451,APP0196_FIRST_INTERVIEW,RSV_APP0196_FIRST_INTERVIEW,CONSUMED,1.0,2027-01-21T10:00:00+09:00,APP0196_FIRST_INTERVIEW_FIRST_INTERVIEW_SESSION,FIRST_PANEL_09_ML_ENGINEER,ACTUAL_PARTICIPATION
ASG_000452,APP0196_FIRST_INTERVIEW,RSV_APP0196_FIRST_INTERVIEW,CONSUMED,1.0,2027-01-21T10:00:00+09:00,APP0196_FIRST_INTERVIEW_FIRST_INTERVIEW_SESSION,FIRST_PANEL_09_HIRING_MANAGER,ACTUAL_PARTICIPATION
ASG_000453,APP0196_FIRST_INTERVIEW,RSV_APP0196_FIRST_INTERVIEW,CONSUMED,1.0,2027-01-21T10:00:00+09:00,APP0196_FIRST_INTERVIEW_FIRST_INTERVIEW_SESSION,FIRST_PANEL_09_TECHNICAL_REVIEWER,ACTUAL_PARTICIPATION
ASG_000454,APP0199_FIRST_INTERVIEW,RSV_APP0199_FIRST_INTERVIEW,RESERVED,3,2026-12-08T14:04:00+09:00,,,SCHEDULED_ALLOCATION
ASG_000455,APP0199_FIRST_INTERVIEW,RSV_APP0199_FIRST_INTERVIEW,CONSUMED,1.0,2027-01-21T10:00:00+09:00,APP0199_FIRST_INTERVIEW_FIRST_INTERVIEW_SESSION,FIRST_PANEL_10_ML_ENGINEER,ACTUAL_PARTICIPATION
ASG_000456,APP0199_FIRST_INTERVIEW,RSV_APP0199_FIRST_INTERVIEW,CONSUMED,1.0,2027-01-21T10:00:00+09:00,APP0199_FIRST_INTERVIEW_FIRST_INTERVIEW_SESSION,FIRST_PANEL_10_HIRING_MANAGER,ACTUAL_PARTICIPATION
ASG_000457,APP0199_FIRST_INTERVIEW,RSV_APP0199_FIRST_INTERVIEW,CONSUMED,1.0,2027-01-21T10:00:00+09:00,APP0199_FIRST_INTERVIEW_FIRST_INTERVIEW_SESSION,FIRST_PANEL_10_TECHNICAL_REVIEWER,ACTUAL_PARTICIPATION
ASG_000458,APP0201_FIRST_INTERVIEW,RSV_APP0201_FIRST_INTERVIEW,RESERVED,3,2026-12-08T14:04:00+09:00,,,SCHEDULED_ALLOCATION
ASG_000459,APP0201_FIRST_INTERVIEW,RSV_APP0201_FIRST_INTERVIEW,RELEASED,3.0,2027-01-26T09:00:00+09:00,,,NO_RESPONSE_UNUSED
ASG_000460,APP0202_FIRST_INTERVIEW,RSV_APP0202_FIRST_INTERVIEW,RESERVED,3,2026-12-08T14:04:00+09:00,,,SCHEDULED_ALLOCATION
ASG_000461,APP0202_FIRST_INTERVIEW,RSV_APP0202_FIRST_INTERVIEW,CONSUMED,1.0,2027-01-25T10:00:00+09:00,APP0202_FIRST_INTERVIEW_FIRST_INTERVIEW_SESSION,FIRST_PANEL_02_ML_ENGINEER,ACTUAL_PARTICIPATION
ASG_000462,APP0202_FIRST_INTERVIEW,RSV_APP0202_FIRST_INTERVIEW,CONSUMED,1.0,2027-01-25T10:00:00+09:00,APP0202_FIRST_INTERVIEW_FIRST_INTERVIEW_SESSION,FIRST_PANEL_02_HIRING_MANAGER,ACTUAL_PARTICIPATION
ASG_000463,APP0202_FIRST_INTERVIEW,RSV_APP0202_FIRST_INTERVIEW,CONSUMED,1.0,2027-01-25T10:00:00+09:00,APP0202_FIRST_INTERVIEW_FIRST_INTERVIEW_SESSION,FIRST_PANEL_02_TECHNICAL_REVIEWER,ACTUAL_PARTICIPATION
ASG_000464,APP0205_FIRST_INTERVIEW,RSV_APP0205_FIRST_INTERVIEW,RESERVED,3,2026-12-08T14:04:00+09:00,,,SCHEDULED_ALLOCATION
ASG_000465,APP0205_FIRST_INTERVIEW,RSV_APP0205_FIRST_INTERVIEW,CONSUMED,1.0,2027-01-25T10:00:00+09:00,APP0205_FIRST_INTERVIEW_FIRST_INTERVIEW_SESSION,FIRST_PANEL_03_ML_ENGINEER,ACTUAL_PARTICIPATION
ASG_000466,APP0205_FIRST_INTERVIEW,RSV_APP0205_FIRST_INTERVIEW,CONSUMED,1.0,2027-01-25T10:00:00+09:00,APP0205_FIRST_INTERVIEW_FIRST_INTERVIEW_SESSION,FIRST_PANEL_03_HIRING_MANAGER,ACTUAL_PARTICIPATION
ASG_000467,APP0205_FIRST_INTERVIEW,RSV_APP0205_FIRST_INTERVIEW,CONSUMED,1.0,2027-01-25T10:00:00+09:00,APP0205_FIRST_INTERVIEW_FIRST_INTERVIEW_SESSION,FIRST_PANEL_03_TECHNICAL_REVIEWER,ACTUAL_PARTICIPATION
ASG_000468,APP0209_FIRST_INTERVIEW,RSV_APP0209_FIRST_INTERVIEW,RESERVED,3,2026-12-08T14:04:00+09:00,,,SCHEDULED_ALLOCATION
ASG_000469,APP0209_FIRST_INTERVIEW,RSV_APP0209_FIRST_INTERVIEW,CONSUMED,1.0,2027-01-25T10:00:00+09:00,APP0209_FIRST_INTERVIEW_FIRST_INTERVIEW_SESSION,FIRST_PANEL_04_ML_ENGINEER,ACTUAL_PARTICIPATION
ASG_000470,APP0209_FIRST_INTERVIEW,RSV_APP0209_FIRST_INTERVIEW,CONSUMED,1.0,2027-01-25T10:00:00+09:00,APP0209_FIRST_INTERVIEW_FIRST_INTERVIEW_SESSION,FIRST_PANEL_04_HIRING_MANAGER,ACTUAL_PARTICIPATION
ASG_000471,APP0209_FIRST_INTERVIEW,RSV_APP0209_FIRST_INTERVIEW,CONSUMED,1.0,2027-01-25T10:00:00+09:00,APP0209_FIRST_INTERVIEW_FIRST_INTERVIEW_SESSION,FIRST_PANEL_04_TECHNICAL_REVIEWER,ACTUAL_PARTICIPATION
ASG_000472,APP0210_FIRST_INTERVIEW,RSV_APP0210_FIRST_INTERVIEW,RESERVED,3,2026-12-08T14:04:00+09:00,,,SCHEDULED_ALLOCATION
ASG_000473,APP0210_FIRST_INTERVIEW,RSV_APP0210_FIRST_INTERVIEW,CONSUMED,1.0,2027-01-25T10:00:00+09:00,APP0210_FIRST_INTERVIEW_FIRST_INTERVIEW_SESSION,FIRST_PANEL_05_ML_ENGINEER,ACTUAL_PARTICIPATION
ASG_000474,APP0210_FIRST_INTERVIEW,RSV_APP0210_FIRST_INTERVIEW,CONSUMED,1.0,2027-01-25T10:00:00+09:00,APP0210_FIRST_INTERVIEW_FIRST_INTERVIEW_SESSION,FIRST_PANEL_05_HIRING_MANAGER,ACTUAL_PARTICIPATION
ASG_000475,APP0210_FIRST_INTERVIEW,RSV_APP0210_FIRST_INTERVIEW,CONSUMED,1.0,2027-01-25T10:00:00+09:00,APP0210_FIRST_INTERVIEW_FIRST_INTERVIEW_SESSION,FIRST_PANEL_05_TECHNICAL_REVIEWER,ACTUAL_PARTICIPATION
ASG_000476,APP0215_FIRST_INTERVIEW,RSV_APP0215_FIRST_INTERVIEW,RESERVED,3,2026-12-08T14:04:00+09:00,,,SCHEDULED_ALLOCATION
ASG_000477,APP0215_FIRST_INTERVIEW,RSV_APP0215_FIRST_INTERVIEW,CONSUMED,1.0,2027-01-25T10:00:00+09:00,APP0215_FIRST_INTERVIEW_FIRST_INTERVIEW_SESSION,FIRST_PANEL_06_ML_ENGINEER,ACTUAL_PARTICIPATION
ASG_000478,APP0215_FIRST_INTERVIEW,RSV_APP0215_FIRST_INTERVIEW,CONSUMED,1.0,2027-01-25T10:00:00+09:00,APP0215_FIRST_INTERVIEW_FIRST_INTERVIEW_SESSION,FIRST_PANEL_06_HIRING_MANAGER,ACTUAL_PARTICIPATION
ASG_000479,APP0215_FIRST_INTERVIEW,RSV_APP0215_FIRST_INTERVIEW,CONSUMED,1.0,2027-01-25T10:00:00+09:00,APP0215_FIRST_INTERVIEW_FIRST_INTERVIEW_SESSION,FIRST_PANEL_06_TECHNICAL_REVIEWER,ACTUAL_PARTICIPATION
ASG_000480,APP0216_FIRST_INTERVIEW,RSV_APP0216_FIRST_INTERVIEW,RESERVED,3,2026-12-08T14:04:00+09:00,,,SCHEDULED_ALLOCATION
ASG_000481,APP0216_FIRST_INTERVIEW,RSV_APP0216_FIRST_INTERVIEW,CONSUMED,1.0,2027-01-25T10:00:00+09:00,APP0216_FIRST_INTERVIEW_FIRST_INTERVIEW_SESSION,FIRST_PANEL_07_ML_ENGINEER,ACTUAL_PARTICIPATION
ASG_000482,APP0216_FIRST_INTERVIEW,RSV_APP0216_FIRST_INTERVIEW,CONSUMED,1.0,2027-01-25T10:00:00+09:00,APP0216_FIRST_INTERVIEW_FIRST_INTERVIEW_SESSION,FIRST_PANEL_07_HIRING_MANAGER,ACTUAL_PARTICIPATION
ASG_000483,APP0216_FIRST_INTERVIEW,RSV_APP0216_FIRST_INTERVIEW,CONSUMED,1.0,2027-01-25T10:00:00+09:00,APP0216_FIRST_INTERVIEW_FIRST_INTERVIEW_SESSION,FIRST_PANEL_07_TECHNICAL_REVIEWER,ACTUAL_PARTICIPATION
ASG_000484,APP0217_FIRST_INTERVIEW,RSV_APP0217_FIRST_INTERVIEW,RESERVED,3,2026-12-08T14:04:00+09:00,,,SCHEDULED_ALLOCATION
ASG_000485,APP0217_FIRST_INTERVIEW,RSV_APP0217_FIRST_INTERVIEW,RELEASED,3.0,2027-01-26T09:00:00+09:00,,,NO_RESPONSE_UNUSED
ASG_000486,APP0219_FIRST_INTERVIEW,RSV_APP0219_FIRST_INTERVIEW,RESERVED,3,2026-12-08T14:04:00+09:00,,,SCHEDULED_ALLOCATION
ASG_000487,APP0219_FIRST_INTERVIEW,RSV_APP0219_FIRST_INTERVIEW,CONSUMED,1.0,2027-01-25T10:00:00+09:00,APP0219_FIRST_INTERVIEW_FIRST_INTERVIEW_SESSION,FIRST_PANEL_09_ML_ENGINEER,ACTUAL_PARTICIPATION
ASG_000488,APP0219_FIRST_INTERVIEW,RSV_APP0219_FIRST_INTERVIEW,CONSUMED,1.0,2027-01-25T10:00:00+09:00,APP0219_FIRST_INTERVIEW_FIRST_INTERVIEW_SESSION,FIRST_PANEL_09_HIRING_MANAGER,ACTUAL_PARTICIPATION
ASG_000489,APP0219_FIRST_INTERVIEW,RSV_APP0219_FIRST_INTERVIEW,CONSUMED,1.0,2027-01-25T10:00:00+09:00,APP0219_FIRST_INTERVIEW_FIRST_INTERVIEW_SESSION,FIRST_PANEL_09_TECHNICAL_REVIEWER,ACTUAL_PARTICIPATION
ASG_000490,APP0220_FIRST_INTERVIEW,RSV_APP0220_FIRST_INTERVIEW,RESERVED,3,2026-12-08T14:04:00+09:00,,,SCHEDULED_ALLOCATION
ASG_000491,APP0220_FIRST_INTERVIEW,RSV_APP0220_FIRST_INTERVIEW,CONSUMED,1.0,2027-01-25T10:00:00+09:00,APP0220_FIRST_INTERVIEW_FIRST_INTERVIEW_SESSION,FIRST_PANEL_10_ML_ENGINEER,ACTUAL_PARTICIPATION
ASG_000492,APP0220_FIRST_INTERVIEW,RSV_APP0220_FIRST_INTERVIEW,CONSUMED,1.0,2027-01-25T10:00:00+09:00,APP0220_FIRST_INTERVIEW_FIRST_INTERVIEW_SESSION,FIRST_PANEL_10_HIRING_MANAGER,ACTUAL_PARTICIPATION
ASG_000493,APP0220_FIRST_INTERVIEW,RSV_APP0220_FIRST_INTERVIEW,CONSUMED,1.0,2027-01-25T10:00:00+09:00,APP0220_FIRST_INTERVIEW_FIRST_INTERVIEW_SESSION,FIRST_PANEL_10_TECHNICAL_REVIEWER,ACTUAL_PARTICIPATION
ASG_000494,APP0222_FIRST_INTERVIEW,RSV_APP0222_FIRST_INTERVIEW,RESERVED,3,2026-12-08T14:04:00+09:00,,,SCHEDULED_ALLOCATION
ASG_000495,APP0222_FIRST_INTERVIEW,RSV_APP0222_FIRST_INTERVIEW,RELEASED,3.0,2027-01-29T09:00:00+09:00,,,NO_RESPONSE_UNUSED
ASG_000496,APP0223_FIRST_INTERVIEW,RSV_APP0223_FIRST_INTERVIEW,RESERVED,3,2026-12-08T14:04:00+09:00,,,SCHEDULED_ALLOCATION
ASG_000497,APP0223_FIRST_INTERVIEW,RSV_APP0223_FIRST_INTERVIEW,CONSUMED,1.0,2027-01-28T10:00:00+09:00,APP0223_FIRST_INTERVIEW_FIRST_INTERVIEW_SESSION,FIRST_PANEL_02_ML_ENGINEER,ACTUAL_PARTICIPATION
ASG_000498,APP0223_FIRST_INTERVIEW,RSV_APP0223_FIRST_INTERVIEW,CONSUMED,1.0,2027-01-28T10:00:00+09:00,APP0223_FIRST_INTERVIEW_FIRST_INTERVIEW_SESSION,FIRST_PANEL_02_HIRING_MANAGER,ACTUAL_PARTICIPATION
ASG_000499,APP0223_FIRST_INTERVIEW,RSV_APP0223_FIRST_INTERVIEW,CONSUMED,1.0,2027-01-28T10:00:00+09:00,APP0223_FIRST_INTERVIEW_FIRST_INTERVIEW_SESSION,FIRST_PANEL_02_TECHNICAL_REVIEWER,ACTUAL_PARTICIPATION
ASG_000500,APP0225_FIRST_INTERVIEW,RSV_APP0225_FIRST_INTERVIEW,RESERVED,3,2026-12-08T14:04:00+09:00,,,SCHEDULED_ALLOCATION
ASG_000501,APP0225_FIRST_INTERVIEW,RSV_APP0225_FIRST_INTERVIEW,CONSUMED,1.0,2027-01-28T10:00:00+09:00,APP0225_FIRST_INTERVIEW_FIRST_INTERVIEW_SESSION,FIRST_PANEL_03_ML_ENGINEER,ACTUAL_PARTICIPATION
ASG_000502,APP0225_FIRST_INTERVIEW,RSV_APP0225_FIRST_INTERVIEW,CONSUMED,1.0,2027-01-28T10:00:00+09:00,APP0225_FIRST_INTERVIEW_FIRST_INTERVIEW_SESSION,FIRST_PANEL_03_HIRING_MANAGER,ACTUAL_PARTICIPATION
ASG_000503,APP0225_FIRST_INTERVIEW,RSV_APP0225_FIRST_INTERVIEW,CONSUMED,1.0,2027-01-28T10:00:00+09:00,APP0225_FIRST_INTERVIEW_FIRST_INTERVIEW_SESSION,FIRST_PANEL_03_TECHNICAL_REVIEWER,ACTUAL_PARTICIPATION
ASG_000504,APP0228_FIRST_INTERVIEW,RSV_APP0228_FIRST_INTERVIEW,RESERVED,3,2026-12-08T14:04:00+09:00,,,SCHEDULED_ALLOCATION
ASG_000505,APP0228_FIRST_INTERVIEW,RSV_APP0228_FIRST_INTERVIEW,CONSUMED,1.0,2027-01-28T10:00:00+09:00,APP0228_FIRST_INTERVIEW_FIRST_INTERVIEW_SESSION,FIRST_PANEL_04_ML_ENGINEER,ACTUAL_PARTICIPATION
ASG_000506,APP0228_FIRST_INTERVIEW,RSV_APP0228_FIRST_INTERVIEW,CONSUMED,1.0,2027-01-28T10:00:00+09:00,APP0228_FIRST_INTERVIEW_FIRST_INTERVIEW_SESSION,FIRST_PANEL_04_HIRING_MANAGER,ACTUAL_PARTICIPATION
ASG_000507,APP0228_FIRST_INTERVIEW,RSV_APP0228_FIRST_INTERVIEW,CONSUMED,1.0,2027-01-28T10:00:00+09:00,APP0228_FIRST_INTERVIEW_FIRST_INTERVIEW_SESSION,FIRST_PANEL_04_TECHNICAL_REVIEWER,ACTUAL_PARTICIPATION
ASG_000508,APP0230_FIRST_INTERVIEW,RSV_APP0230_FIRST_INTERVIEW,RESERVED,3,2026-12-08T14:04:00+09:00,,,SCHEDULED_ALLOCATION
ASG_000509,APP0230_FIRST_INTERVIEW,RSV_APP0230_FIRST_INTERVIEW,CONSUMED,1.0,2027-01-28T10:00:00+09:00,APP0230_FIRST_INTERVIEW_FIRST_INTERVIEW_SESSION,FIRST_PANEL_05_ML_ENGINEER,ACTUAL_PARTICIPATION
ASG_000510,APP0230_FIRST_INTERVIEW,RSV_APP0230_FIRST_INTERVIEW,CONSUMED,1.0,2027-01-28T10:00:00+09:00,APP0230_FIRST_INTERVIEW_FIRST_INTERVIEW_SESSION,FIRST_PANEL_05_HIRING_MANAGER,ACTUAL_PARTICIPATION
ASG_000511,APP0230_FIRST_INTERVIEW,RSV_APP0230_FIRST_INTERVIEW,CONSUMED,1.0,2027-01-28T10:00:00+09:00,APP0230_FIRST_INTERVIEW_FIRST_INTERVIEW_SESSION,FIRST_PANEL_05_TECHNICAL_REVIEWER,ACTUAL_PARTICIPATION
ASG_000512,APP0231_FIRST_INTERVIEW,RSV_APP0231_FIRST_INTERVIEW,RESERVED,3,2026-12-08T14:04:00+09:00,,,SCHEDULED_ALLOCATION
ASG_000513,APP0231_FIRST_INTERVIEW,RSV_APP0231_FIRST_INTERVIEW,CONSUMED,1.0,2027-01-28T10:00:00+09:00,APP0231_FIRST_INTERVIEW_FIRST_INTERVIEW_SESSION,FIRST_PANEL_06_ML_ENGINEER,ACTUAL_PARTICIPATION
ASG_000514,APP0231_FIRST_INTERVIEW,RSV_APP0231_FIRST_INTERVIEW,CONSUMED,1.0,2027-01-28T10:00:00+09:00,APP0231_FIRST_INTERVIEW_FIRST_INTERVIEW_SESSION,FIRST_PANEL_06_HIRING_MANAGER,ACTUAL_PARTICIPATION
ASG_000515,APP0231_FIRST_INTERVIEW,RSV_APP0231_FIRST_INTERVIEW,CONSUMED,1.0,2027-01-28T10:00:00+09:00,APP0231_FIRST_INTERVIEW_FIRST_INTERVIEW_SESSION,FIRST_PANEL_06_TECHNICAL_REVIEWER,ACTUAL_PARTICIPATION
ASG_000516,APP0232_FIRST_INTERVIEW,RSV_APP0232_FIRST_INTERVIEW,RESERVED,3,2026-12-08T14:04:00+09:00,,,SCHEDULED_ALLOCATION
ASG_000517,APP0232_FIRST_INTERVIEW,RSV_APP0232_FIRST_INTERVIEW,CONSUMED,1.0,2027-01-28T10:00:00+09:00,APP0232_FIRST_INTERVIEW_FIRST_INTERVIEW_SESSION,FIRST_PANEL_07_ML_ENGINEER,ACTUAL_PARTICIPATION
ASG_000518,APP0232_FIRST_INTERVIEW,RSV_APP0232_FIRST_INTERVIEW,CONSUMED,1.0,2027-01-28T10:00:00+09:00,APP0232_FIRST_INTERVIEW_FIRST_INTERVIEW_SESSION,FIRST_PANEL_07_HIRING_MANAGER,ACTUAL_PARTICIPATION
ASG_000519,APP0232_FIRST_INTERVIEW,RSV_APP0232_FIRST_INTERVIEW,CONSUMED,1.0,2027-01-28T10:00:00+09:00,APP0232_FIRST_INTERVIEW_FIRST_INTERVIEW_SESSION,FIRST_PANEL_07_TECHNICAL_REVIEWER,ACTUAL_PARTICIPATION
ASG_000520,APP0235_FIRST_INTERVIEW,RSV_APP0235_FIRST_INTERVIEW,RESERVED,3,2026-12-08T14:04:00+09:00,,,SCHEDULED_ALLOCATION
ASG_000521,APP0235_FIRST_INTERVIEW,RSV_APP0235_FIRST_INTERVIEW,CONSUMED,1.0,2027-01-28T10:00:00+09:00,APP0235_FIRST_INTERVIEW_FIRST_INTERVIEW_SESSION,FIRST_PANEL_08_ML_ENGINEER,ACTUAL_PARTICIPATION
ASG_000522,APP0235_FIRST_INTERVIEW,RSV_APP0235_FIRST_INTERVIEW,CONSUMED,1.0,2027-01-28T10:00:00+09:00,APP0235_FIRST_INTERVIEW_FIRST_INTERVIEW_SESSION,FIRST_PANEL_08_HIRING_MANAGER,ACTUAL_PARTICIPATION
ASG_000523,APP0235_FIRST_INTERVIEW,RSV_APP0235_FIRST_INTERVIEW,CONSUMED,1.0,2027-01-28T10:00:00+09:00,APP0235_FIRST_INTERVIEW_FIRST_INTERVIEW_SESSION,FIRST_PANEL_08_TECHNICAL_REVIEWER,ACTUAL_PARTICIPATION
ASG_000524,APP0237_FIRST_INTERVIEW,RSV_APP0237_FIRST_INTERVIEW,RESERVED,3,2026-12-08T14:04:00+09:00,,,SCHEDULED_ALLOCATION
ASG_000525,APP0237_FIRST_INTERVIEW,RSV_APP0237_FIRST_INTERVIEW,CONSUMED,1.0,2027-01-28T10:00:00+09:00,APP0237_FIRST_INTERVIEW_FIRST_INTERVIEW_SESSION,FIRST_PANEL_09_ML_ENGINEER,ACTUAL_PARTICIPATION
ASG_000526,APP0237_FIRST_INTERVIEW,RSV_APP0237_FIRST_INTERVIEW,CONSUMED,1.0,2027-01-28T10:00:00+09:00,APP0237_FIRST_INTERVIEW_FIRST_INTERVIEW_SESSION,FIRST_PANEL_09_HIRING_MANAGER,ACTUAL_PARTICIPATION
ASG_000527,APP0237_FIRST_INTERVIEW,RSV_APP0237_FIRST_INTERVIEW,CONSUMED,1.0,2027-01-28T10:00:00+09:00,APP0237_FIRST_INTERVIEW_FIRST_INTERVIEW_SESSION,FIRST_PANEL_09_TECHNICAL_REVIEWER,ACTUAL_PARTICIPATION
ASG_000528,APP0238_FIRST_INTERVIEW,RSV_APP0238_FIRST_INTERVIEW,RESERVED,3,2026-12-08T14:04:00+09:00,,,SCHEDULED_ALLOCATION
ASG_000529,APP0238_FIRST_INTERVIEW,RSV_APP0238_FIRST_INTERVIEW,CONSUMED,1.0,2027-01-28T10:00:00+09:00,APP0238_FIRST_INTERVIEW_FIRST_INTERVIEW_SESSION,FIRST_PANEL_10_ML_ENGINEER,ACTUAL_PARTICIPATION
ASG_000530,APP0238_FIRST_INTERVIEW,RSV_APP0238_FIRST_INTERVIEW,CONSUMED,1.0,2027-01-28T10:00:00+09:00,APP0238_FIRST_INTERVIEW_FIRST_INTERVIEW_SESSION,FIRST_PANEL_10_HIRING_MANAGER,ACTUAL_PARTICIPATION
ASG_000531,APP0238_FIRST_INTERVIEW,RSV_APP0238_FIRST_INTERVIEW,CONSUMED,1.0,2027-01-28T10:00:00+09:00,APP0238_FIRST_INTERVIEW_FIRST_INTERVIEW_SESSION,FIRST_PANEL_10_TECHNICAL_REVIEWER,ACTUAL_PARTICIPATION
ASG_000532,APP0239_FIRST_INTERVIEW,RSV_APP0239_FIRST_INTERVIEW,RESERVED,3,2026-12-08T14:04:00+09:00,,,SCHEDULED_ALLOCATION
ASG_000533,APP0239_FIRST_INTERVIEW,RSV_APP0239_FIRST_INTERVIEW,CONSUMED,1.0,2027-02-01T10:00:00+09:00,APP0239_FIRST_INTERVIEW_FIRST_INTERVIEW_SESSION,FIRST_PANEL_01_ML_ENGINEER,ACTUAL_PARTICIPATION
ASG_000534,APP0239_FIRST_INTERVIEW,RSV_APP0239_FIRST_INTERVIEW,CONSUMED,1.0,2027-02-01T10:00:00+09:00,APP0239_FIRST_INTERVIEW_FIRST_INTERVIEW_SESSION,FIRST_PANEL_01_HIRING_MANAGER,ACTUAL_PARTICIPATION
ASG_000535,APP0239_FIRST_INTERVIEW,RSV_APP0239_FIRST_INTERVIEW,CONSUMED,1.0,2027-02-01T10:00:00+09:00,APP0239_FIRST_INTERVIEW_FIRST_INTERVIEW_SESSION,FIRST_PANEL_01_TECHNICAL_REVIEWER,ACTUAL_PARTICIPATION
ASG_000536,APP0240_FIRST_INTERVIEW,RSV_APP0240_FIRST_INTERVIEW,RESERVED,3,2026-12-08T14:04:00+09:00,,,SCHEDULED_ALLOCATION
ASG_000537,APP0240_FIRST_INTERVIEW,RSV_APP0240_FIRST_INTERVIEW,RELEASED,3.0,2027-02-02T09:00:00+09:00,,,NO_RESPONSE_UNUSED
ASG_000538,APP0241_FIRST_INTERVIEW,RSV_APP0241_FIRST_INTERVIEW,RESERVED,3,2026-12-08T14:04:00+09:00,,,SCHEDULED_ALLOCATION
ASG_000539,APP0241_FIRST_INTERVIEW,RSV_APP0241_FIRST_INTERVIEW,CONSUMED,1.0,2027-02-01T10:00:00+09:00,APP0241_FIRST_INTERVIEW_FIRST_INTERVIEW_SESSION,FIRST_PANEL_03_ML_ENGINEER,ACTUAL_PARTICIPATION
ASG_000540,APP0241_FIRST_INTERVIEW,RSV_APP0241_FIRST_INTERVIEW,CONSUMED,1.0,2027-02-01T10:00:00+09:00,APP0241_FIRST_INTERVIEW_FIRST_INTERVIEW_SESSION,FIRST_PANEL_03_HIRING_MANAGER,ACTUAL_PARTICIPATION
ASG_000541,APP0241_FIRST_INTERVIEW,RSV_APP0241_FIRST_INTERVIEW,CONSUMED,1.0,2027-02-01T10:00:00+09:00,APP0241_FIRST_INTERVIEW_FIRST_INTERVIEW_SESSION,FIRST_PANEL_03_TECHNICAL_REVIEWER,ACTUAL_PARTICIPATION
ASG_000542,APP0242_FIRST_INTERVIEW,RSV_APP0242_FIRST_INTERVIEW,RESERVED,3,2026-12-08T14:04:00+09:00,,,SCHEDULED_ALLOCATION
ASG_000543,APP0242_FIRST_INTERVIEW,RSV_APP0242_FIRST_INTERVIEW,CONSUMED,1.0,2027-02-01T10:00:00+09:00,APP0242_FIRST_INTERVIEW_FIRST_INTERVIEW_SESSION,FIRST_PANEL_04_ML_ENGINEER,ACTUAL_PARTICIPATION
ASG_000544,APP0242_FIRST_INTERVIEW,RSV_APP0242_FIRST_INTERVIEW,CONSUMED,1.0,2027-02-01T10:00:00+09:00,APP0242_FIRST_INTERVIEW_FIRST_INTERVIEW_SESSION,FIRST_PANEL_04_HIRING_MANAGER,ACTUAL_PARTICIPATION
ASG_000545,APP0242_FIRST_INTERVIEW,RSV_APP0242_FIRST_INTERVIEW,CONSUMED,1.0,2027-02-01T10:00:00+09:00,APP0242_FIRST_INTERVIEW_FIRST_INTERVIEW_SESSION,FIRST_PANEL_04_TECHNICAL_REVIEWER,ACTUAL_PARTICIPATION
ASG_000546,APP0243_FIRST_INTERVIEW,RSV_APP0243_FIRST_INTERVIEW,RESERVED,3,2026-12-08T14:04:00+09:00,,,SCHEDULED_ALLOCATION
ASG_000547,APP0243_FIRST_INTERVIEW,RSV_APP0243_FIRST_INTERVIEW,CONSUMED,1.0,2027-02-01T10:00:00+09:00,APP0243_FIRST_INTERVIEW_FIRST_INTERVIEW_SESSION,FIRST_PANEL_05_ML_ENGINEER,ACTUAL_PARTICIPATION
ASG_000548,APP0243_FIRST_INTERVIEW,RSV_APP0243_FIRST_INTERVIEW,CONSUMED,1.0,2027-02-01T10:00:00+09:00,APP0243_FIRST_INTERVIEW_FIRST_INTERVIEW_SESSION,FIRST_PANEL_05_HIRING_MANAGER,ACTUAL_PARTICIPATION
ASG_000549,APP0243_FIRST_INTERVIEW,RSV_APP0243_FIRST_INTERVIEW,CONSUMED,1.0,2027-02-01T10:00:00+09:00,APP0243_FIRST_INTERVIEW_FIRST_INTERVIEW_SESSION,FIRST_PANEL_05_TECHNICAL_REVIEWER,ACTUAL_PARTICIPATION
ASG_000550,APP0246_FIRST_INTERVIEW,RSV_APP0246_FIRST_INTERVIEW,RESERVED,3,2026-12-08T14:04:00+09:00,,,SCHEDULED_ALLOCATION
ASG_000551,APP0246_FIRST_INTERVIEW,RSV_APP0246_FIRST_INTERVIEW,CONSUMED,1.0,2027-02-01T10:00:00+09:00,APP0246_FIRST_INTERVIEW_FIRST_INTERVIEW_SESSION,FIRST_PANEL_06_ML_ENGINEER,ACTUAL_PARTICIPATION
ASG_000552,APP0246_FIRST_INTERVIEW,RSV_APP0246_FIRST_INTERVIEW,CONSUMED,1.0,2027-02-01T10:00:00+09:00,APP0246_FIRST_INTERVIEW_FIRST_INTERVIEW_SESSION,FIRST_PANEL_06_HIRING_MANAGER,ACTUAL_PARTICIPATION
ASG_000553,APP0246_FIRST_INTERVIEW,RSV_APP0246_FIRST_INTERVIEW,CONSUMED,1.0,2027-02-01T10:00:00+09:00,APP0246_FIRST_INTERVIEW_FIRST_INTERVIEW_SESSION,FIRST_PANEL_06_TECHNICAL_REVIEWER,ACTUAL_PARTICIPATION
ASG_000554,APP0247_FIRST_INTERVIEW,RSV_APP0247_FIRST_INTERVIEW,RESERVED,3,2026-12-08T14:04:00+09:00,,,SCHEDULED_ALLOCATION
ASG_000555,APP0247_FIRST_INTERVIEW,RSV_APP0247_FIRST_INTERVIEW,CONSUMED,1.0,2027-02-01T10:00:00+09:00,APP0247_FIRST_INTERVIEW_FIRST_INTERVIEW_SESSION,FIRST_PANEL_07_ML_ENGINEER,ACTUAL_PARTICIPATION
ASG_000556,APP0247_FIRST_INTERVIEW,RSV_APP0247_FIRST_INTERVIEW,CONSUMED,1.0,2027-02-01T10:00:00+09:00,APP0247_FIRST_INTERVIEW_FIRST_INTERVIEW_SESSION,FIRST_PANEL_07_HIRING_MANAGER,ACTUAL_PARTICIPATION
ASG_000557,APP0247_FIRST_INTERVIEW,RSV_APP0247_FIRST_INTERVIEW,CONSUMED,1.0,2027-02-01T10:00:00+09:00,APP0247_FIRST_INTERVIEW_FIRST_INTERVIEW_SESSION,FIRST_PANEL_07_TECHNICAL_REVIEWER,ACTUAL_PARTICIPATION
ASG_000558,APP0251_FIRST_INTERVIEW,RSV_APP0251_FIRST_INTERVIEW,RESERVED,3,2026-12-08T14:04:00+09:00,,,SCHEDULED_ALLOCATION
ASG_000559,APP0251_FIRST_INTERVIEW,RSV_APP0251_FIRST_INTERVIEW,CONSUMED,1.0,2027-02-01T10:00:00+09:00,APP0251_FIRST_INTERVIEW_FIRST_INTERVIEW_SESSION,FIRST_PANEL_08_ML_ENGINEER,ACTUAL_PARTICIPATION
ASG_000560,APP0251_FIRST_INTERVIEW,RSV_APP0251_FIRST_INTERVIEW,CONSUMED,1.0,2027-02-01T10:00:00+09:00,APP0251_FIRST_INTERVIEW_FIRST_INTERVIEW_SESSION,FIRST_PANEL_08_HIRING_MANAGER,ACTUAL_PARTICIPATION
ASG_000561,APP0251_FIRST_INTERVIEW,RSV_APP0251_FIRST_INTERVIEW,CONSUMED,1.0,2027-02-01T10:00:00+09:00,APP0251_FIRST_INTERVIEW_FIRST_INTERVIEW_SESSION,FIRST_PANEL_08_TECHNICAL_REVIEWER,ACTUAL_PARTICIPATION
ASG_000562,APP0253_FIRST_INTERVIEW,RSV_APP0253_FIRST_INTERVIEW,RESERVED,3,2026-12-08T14:04:00+09:00,,,SCHEDULED_ALLOCATION
ASG_000563,APP0253_FIRST_INTERVIEW,RSV_APP0253_FIRST_INTERVIEW,CONSUMED,1.0,2027-02-01T10:00:00+09:00,APP0253_FIRST_INTERVIEW_FIRST_INTERVIEW_SESSION,FIRST_PANEL_09_ML_ENGINEER,ACTUAL_PARTICIPATION
ASG_000564,APP0253_FIRST_INTERVIEW,RSV_APP0253_FIRST_INTERVIEW,CONSUMED,1.0,2027-02-01T10:00:00+09:00,APP0253_FIRST_INTERVIEW_FIRST_INTERVIEW_SESSION,FIRST_PANEL_09_HIRING_MANAGER,ACTUAL_PARTICIPATION
ASG_000565,APP0253_FIRST_INTERVIEW,RSV_APP0253_FIRST_INTERVIEW,CONSUMED,1.0,2027-02-01T10:00:00+09:00,APP0253_FIRST_INTERVIEW_FIRST_INTERVIEW_SESSION,FIRST_PANEL_09_TECHNICAL_REVIEWER,ACTUAL_PARTICIPATION
ASG_000566,APP0254_FIRST_INTERVIEW,RSV_APP0254_FIRST_INTERVIEW,RESERVED,3,2026-12-08T14:04:00+09:00,,,SCHEDULED_ALLOCATION
ASG_000567,APP0254_FIRST_INTERVIEW,RSV_APP0254_FIRST_INTERVIEW,CONSUMED,1.0,2027-02-01T10:00:00+09:00,APP0254_FIRST_INTERVIEW_FIRST_INTERVIEW_SESSION,FIRST_PANEL_10_ML_ENGINEER,ACTUAL_PARTICIPATION
ASG_000568,APP0254_FIRST_INTERVIEW,RSV_APP0254_FIRST_INTERVIEW,CONSUMED,1.0,2027-02-01T10:00:00+09:00,APP0254_FIRST_INTERVIEW_FIRST_INTERVIEW_SESSION,FIRST_PANEL_10_HIRING_MANAGER,ACTUAL_PARTICIPATION
ASG_000569,APP0254_FIRST_INTERVIEW,RSV_APP0254_FIRST_INTERVIEW,CONSUMED,1.0,2027-02-01T10:00:00+09:00,APP0254_FIRST_INTERVIEW_FIRST_INTERVIEW_SESSION,FIRST_PANEL_10_TECHNICAL_REVIEWER,ACTUAL_PARTICIPATION
ASG_000570,APP0255_FIRST_INTERVIEW,RSV_APP0255_FIRST_INTERVIEW,RESERVED,3,2026-12-08T14:04:00+09:00,,,SCHEDULED_ALLOCATION
ASG_000571,APP0255_FIRST_INTERVIEW,RSV_APP0255_FIRST_INTERVIEW,CONSUMED,1.0,2027-02-04T10:00:00+09:00,APP0255_FIRST_INTERVIEW_FIRST_INTERVIEW_SESSION,FIRST_PANEL_01_ML_ENGINEER,ACTUAL_PARTICIPATION
ASG_000572,APP0255_FIRST_INTERVIEW,RSV_APP0255_FIRST_INTERVIEW,CONSUMED,1.0,2027-02-04T10:00:00+09:00,APP0255_FIRST_INTERVIEW_FIRST_INTERVIEW_SESSION,FIRST_PANEL_01_HIRING_MANAGER,ACTUAL_PARTICIPATION
ASG_000573,APP0255_FIRST_INTERVIEW,RSV_APP0255_FIRST_INTERVIEW,CONSUMED,1.0,2027-02-04T10:00:00+09:00,APP0255_FIRST_INTERVIEW_FIRST_INTERVIEW_SESSION,FIRST_PANEL_01_TECHNICAL_REVIEWER,ACTUAL_PARTICIPATION
ASG_000574,APP0256_FIRST_INTERVIEW,RSV_APP0256_FIRST_INTERVIEW,RESERVED,3,2026-12-08T14:04:00+09:00,,,SCHEDULED_ALLOCATION
ASG_000575,APP0256_FIRST_INTERVIEW,RSV_APP0256_FIRST_INTERVIEW,CONSUMED,1.0,2027-02-04T10:00:00+09:00,APP0256_FIRST_INTERVIEW_FIRST_INTERVIEW_SESSION,FIRST_PANEL_02_ML_ENGINEER,ACTUAL_PARTICIPATION
ASG_000576,APP0256_FIRST_INTERVIEW,RSV_APP0256_FIRST_INTERVIEW,CONSUMED,1.0,2027-02-04T10:00:00+09:00,APP0256_FIRST_INTERVIEW_FIRST_INTERVIEW_SESSION,FIRST_PANEL_02_HIRING_MANAGER,ACTUAL_PARTICIPATION
ASG_000577,APP0256_FIRST_INTERVIEW,RSV_APP0256_FIRST_INTERVIEW,CONSUMED,1.0,2027-02-04T10:00:00+09:00,APP0256_FIRST_INTERVIEW_FIRST_INTERVIEW_SESSION,FIRST_PANEL_02_TECHNICAL_REVIEWER,ACTUAL_PARTICIPATION
ASG_000578,APP0258_FIRST_INTERVIEW,RSV_APP0258_FIRST_INTERVIEW,RESERVED,3,2026-12-08T14:04:00+09:00,,,SCHEDULED_ALLOCATION
ASG_000579,APP0258_FIRST_INTERVIEW,RSV_APP0258_FIRST_INTERVIEW,CONSUMED,1.0,2027-02-04T10:00:00+09:00,APP0258_FIRST_INTERVIEW_FIRST_INTERVIEW_SESSION,FIRST_PANEL_03_ML_ENGINEER,ACTUAL_PARTICIPATION
ASG_000580,APP0258_FIRST_INTERVIEW,RSV_APP0258_FIRST_INTERVIEW,CONSUMED,1.0,2027-02-04T10:00:00+09:00,APP0258_FIRST_INTERVIEW_FIRST_INTERVIEW_SESSION,FIRST_PANEL_03_HIRING_MANAGER,ACTUAL_PARTICIPATION
ASG_000581,APP0258_FIRST_INTERVIEW,RSV_APP0258_FIRST_INTERVIEW,CONSUMED,1.0,2027-02-04T10:00:00+09:00,APP0258_FIRST_INTERVIEW_FIRST_INTERVIEW_SESSION,FIRST_PANEL_03_TECHNICAL_REVIEWER,ACTUAL_PARTICIPATION
ASG_000582,APP0263_FIRST_INTERVIEW,RSV_APP0263_FIRST_INTERVIEW,RESERVED,3,2026-12-08T14:04:00+09:00,,,SCHEDULED_ALLOCATION
ASG_000583,APP0263_FIRST_INTERVIEW,RSV_APP0263_FIRST_INTERVIEW,RELEASED,3.0,2027-02-05T09:00:00+09:00,,,NO_RESPONSE_UNUSED
ASG_000584,APP0264_FIRST_INTERVIEW,RSV_APP0264_FIRST_INTERVIEW,RESERVED,3,2026-12-08T14:04:00+09:00,,,SCHEDULED_ALLOCATION
ASG_000585,APP0264_FIRST_INTERVIEW,RSV_APP0264_FIRST_INTERVIEW,CONSUMED,1.0,2027-02-04T10:00:00+09:00,APP0264_FIRST_INTERVIEW_FIRST_INTERVIEW_SESSION,FIRST_PANEL_05_ML_ENGINEER,ACTUAL_PARTICIPATION
ASG_000586,APP0264_FIRST_INTERVIEW,RSV_APP0264_FIRST_INTERVIEW,CONSUMED,1.0,2027-02-04T10:00:00+09:00,APP0264_FIRST_INTERVIEW_FIRST_INTERVIEW_SESSION,FIRST_PANEL_05_HIRING_MANAGER,ACTUAL_PARTICIPATION
ASG_000587,APP0264_FIRST_INTERVIEW,RSV_APP0264_FIRST_INTERVIEW,CONSUMED,1.0,2027-02-04T10:00:00+09:00,APP0264_FIRST_INTERVIEW_FIRST_INTERVIEW_SESSION,FIRST_PANEL_05_TECHNICAL_REVIEWER,ACTUAL_PARTICIPATION
ASG_000588,APP0265_FIRST_INTERVIEW,RSV_APP0265_FIRST_INTERVIEW,RESERVED,3,2026-12-08T14:04:00+09:00,,,SCHEDULED_ALLOCATION
ASG_000589,APP0265_FIRST_INTERVIEW,RSV_APP0265_FIRST_INTERVIEW,CONSUMED,1.0,2027-02-04T10:00:00+09:00,APP0265_FIRST_INTERVIEW_FIRST_INTERVIEW_SESSION,FIRST_PANEL_06_ML_ENGINEER,ACTUAL_PARTICIPATION
ASG_000590,APP0265_FIRST_INTERVIEW,RSV_APP0265_FIRST_INTERVIEW,CONSUMED,1.0,2027-02-04T10:00:00+09:00,APP0265_FIRST_INTERVIEW_FIRST_INTERVIEW_SESSION,FIRST_PANEL_06_HIRING_MANAGER,ACTUAL_PARTICIPATION
ASG_000591,APP0265_FIRST_INTERVIEW,RSV_APP0265_FIRST_INTERVIEW,CONSUMED,1.0,2027-02-04T10:00:00+09:00,APP0265_FIRST_INTERVIEW_FIRST_INTERVIEW_SESSION,FIRST_PANEL_06_TECHNICAL_REVIEWER,ACTUAL_PARTICIPATION
ASG_000592,APP0267_FIRST_INTERVIEW,RSV_APP0267_FIRST_INTERVIEW,RESERVED,3,2026-12-08T14:04:00+09:00,,,SCHEDULED_ALLOCATION
ASG_000593,APP0267_FIRST_INTERVIEW,RSV_APP0267_FIRST_INTERVIEW,CONSUMED,1.0,2027-02-04T10:00:00+09:00,APP0267_FIRST_INTERVIEW_FIRST_INTERVIEW_SESSION,FIRST_PANEL_07_ML_ENGINEER,ACTUAL_PARTICIPATION
ASG_000594,APP0267_FIRST_INTERVIEW,RSV_APP0267_FIRST_INTERVIEW,CONSUMED,1.0,2027-02-04T10:00:00+09:00,APP0267_FIRST_INTERVIEW_FIRST_INTERVIEW_SESSION,FIRST_PANEL_07_HIRING_MANAGER,ACTUAL_PARTICIPATION
ASG_000595,APP0267_FIRST_INTERVIEW,RSV_APP0267_FIRST_INTERVIEW,CONSUMED,1.0,2027-02-04T10:00:00+09:00,APP0267_FIRST_INTERVIEW_FIRST_INTERVIEW_SESSION,FIRST_PANEL_07_TECHNICAL_REVIEWER,ACTUAL_PARTICIPATION
ASG_000596,APP0268_FIRST_INTERVIEW,RSV_APP0268_FIRST_INTERVIEW,RESERVED,3,2026-12-08T14:04:00+09:00,,,SCHEDULED_ALLOCATION
ASG_000597,APP0268_FIRST_INTERVIEW,RSV_APP0268_FIRST_INTERVIEW,CONSUMED,1.0,2027-02-04T10:00:00+09:00,APP0268_FIRST_INTERVIEW_FIRST_INTERVIEW_SESSION,FIRST_PANEL_08_ML_ENGINEER,ACTUAL_PARTICIPATION
ASG_000598,APP0268_FIRST_INTERVIEW,RSV_APP0268_FIRST_INTERVIEW,CONSUMED,1.0,2027-02-04T10:00:00+09:00,APP0268_FIRST_INTERVIEW_FIRST_INTERVIEW_SESSION,FIRST_PANEL_08_HIRING_MANAGER,ACTUAL_PARTICIPATION
ASG_000599,APP0268_FIRST_INTERVIEW,RSV_APP0268_FIRST_INTERVIEW,CONSUMED,1.0,2027-02-04T10:00:00+09:00,APP0268_FIRST_INTERVIEW_FIRST_INTERVIEW_SESSION,FIRST_PANEL_08_TECHNICAL_REVIEWER,ACTUAL_PARTICIPATION
ASG_000600,APP0269_FIRST_INTERVIEW,RSV_APP0269_FIRST_INTERVIEW,RESERVED,3,2026-12-08T14:04:00+09:00,,,SCHEDULED_ALLOCATION
ASG_000601,APP0269_FIRST_INTERVIEW,RSV_APP0269_FIRST_INTERVIEW,CONSUMED,1.0,2027-02-04T10:00:00+09:00,APP0269_FIRST_INTERVIEW_FIRST_INTERVIEW_SESSION,FIRST_PANEL_09_ML_ENGINEER,ACTUAL_PARTICIPATION
ASG_000602,APP0269_FIRST_INTERVIEW,RSV_APP0269_FIRST_INTERVIEW,CONSUMED,1.0,2027-02-04T10:00:00+09:00,APP0269_FIRST_INTERVIEW_FIRST_INTERVIEW_SESSION,FIRST_PANEL_09_HIRING_MANAGER,ACTUAL_PARTICIPATION
ASG_000603,APP0269_FIRST_INTERVIEW,RSV_APP0269_FIRST_INTERVIEW,CONSUMED,1.0,2027-02-04T10:00:00+09:00,APP0269_FIRST_INTERVIEW_FIRST_INTERVIEW_SESSION,FIRST_PANEL_09_TECHNICAL_REVIEWER,ACTUAL_PARTICIPATION
ASG_000604,APP0270_FIRST_INTERVIEW,RSV_APP0270_FIRST_INTERVIEW,RESERVED,3,2026-12-08T14:04:00+09:00,,,SCHEDULED_ALLOCATION
ASG_000605,APP0270_FIRST_INTERVIEW,RSV_APP0270_FIRST_INTERVIEW,CONSUMED,1.0,2027-02-04T10:00:00+09:00,APP0270_FIRST_INTERVIEW_FIRST_INTERVIEW_SESSION,FIRST_PANEL_10_ML_ENGINEER,ACTUAL_PARTICIPATION
ASG_000606,APP0270_FIRST_INTERVIEW,RSV_APP0270_FIRST_INTERVIEW,CONSUMED,1.0,2027-02-04T10:00:00+09:00,APP0270_FIRST_INTERVIEW_FIRST_INTERVIEW_SESSION,FIRST_PANEL_10_HIRING_MANAGER,ACTUAL_PARTICIPATION
ASG_000607,APP0270_FIRST_INTERVIEW,RSV_APP0270_FIRST_INTERVIEW,CONSUMED,1.0,2027-02-04T10:00:00+09:00,APP0270_FIRST_INTERVIEW_FIRST_INTERVIEW_SESSION,FIRST_PANEL_10_TECHNICAL_REVIEWER,ACTUAL_PARTICIPATION
ASG_000608,APP0272_FIRST_INTERVIEW,RSV_APP0272_FIRST_INTERVIEW,RESERVED,3,2026-12-08T14:04:00+09:00,,,SCHEDULED_ALLOCATION
ASG_000609,APP0272_FIRST_INTERVIEW,RSV_APP0272_FIRST_INTERVIEW,CONSUMED,1.0,2027-02-08T10:00:00+09:00,APP0272_FIRST_INTERVIEW_FIRST_INTERVIEW_SESSION,FIRST_PANEL_01_ML_ENGINEER,ACTUAL_PARTICIPATION
ASG_000610,APP0272_FIRST_INTERVIEW,RSV_APP0272_FIRST_INTERVIEW,CONSUMED,1.0,2027-02-08T10:00:00+09:00,APP0272_FIRST_INTERVIEW_FIRST_INTERVIEW_SESSION,FIRST_PANEL_01_HIRING_MANAGER,ACTUAL_PARTICIPATION
ASG_000611,APP0272_FIRST_INTERVIEW,RSV_APP0272_FIRST_INTERVIEW,CONSUMED,1.0,2027-02-08T10:00:00+09:00,APP0272_FIRST_INTERVIEW_FIRST_INTERVIEW_SESSION,FIRST_PANEL_01_TECHNICAL_REVIEWER,ACTUAL_PARTICIPATION
ASG_000612,APP0273_FIRST_INTERVIEW,RSV_APP0273_FIRST_INTERVIEW,RESERVED,3,2026-12-08T14:04:00+09:00,,,SCHEDULED_ALLOCATION
ASG_000613,APP0273_FIRST_INTERVIEW,RSV_APP0273_FIRST_INTERVIEW,CONSUMED,1.0,2027-02-08T10:00:00+09:00,APP0273_FIRST_INTERVIEW_FIRST_INTERVIEW_SESSION,FIRST_PANEL_02_ML_ENGINEER,ACTUAL_PARTICIPATION
ASG_000614,APP0273_FIRST_INTERVIEW,RSV_APP0273_FIRST_INTERVIEW,CONSUMED,1.0,2027-02-08T10:00:00+09:00,APP0273_FIRST_INTERVIEW_FIRST_INTERVIEW_SESSION,FIRST_PANEL_02_HIRING_MANAGER,ACTUAL_PARTICIPATION
ASG_000615,APP0273_FIRST_INTERVIEW,RSV_APP0273_FIRST_INTERVIEW,CONSUMED,1.0,2027-02-08T10:00:00+09:00,APP0273_FIRST_INTERVIEW_FIRST_INTERVIEW_SESSION,FIRST_PANEL_02_TECHNICAL_REVIEWER,ACTUAL_PARTICIPATION
ASG_000616,APP0274_FIRST_INTERVIEW,RSV_APP0274_FIRST_INTERVIEW,RESERVED,3,2026-12-08T14:04:00+09:00,,,SCHEDULED_ALLOCATION
ASG_000617,APP0274_FIRST_INTERVIEW,RSV_APP0274_FIRST_INTERVIEW,CONSUMED,1.0,2027-02-08T10:00:00+09:00,APP0274_FIRST_INTERVIEW_FIRST_INTERVIEW_SESSION,FIRST_PANEL_03_ML_ENGINEER,ACTUAL_PARTICIPATION
ASG_000618,APP0274_FIRST_INTERVIEW,RSV_APP0274_FIRST_INTERVIEW,CONSUMED,1.0,2027-02-08T10:00:00+09:00,APP0274_FIRST_INTERVIEW_FIRST_INTERVIEW_SESSION,FIRST_PANEL_03_HIRING_MANAGER,ACTUAL_PARTICIPATION
ASG_000619,APP0274_FIRST_INTERVIEW,RSV_APP0274_FIRST_INTERVIEW,CONSUMED,1.0,2027-02-08T10:00:00+09:00,APP0274_FIRST_INTERVIEW_FIRST_INTERVIEW_SESSION,FIRST_PANEL_03_TECHNICAL_REVIEWER,ACTUAL_PARTICIPATION
ASG_000620,APP0275_FIRST_INTERVIEW,RSV_APP0275_FIRST_INTERVIEW,RESERVED,3,2026-12-08T14:04:00+09:00,,,SCHEDULED_ALLOCATION
ASG_000621,APP0275_FIRST_INTERVIEW,RSV_APP0275_FIRST_INTERVIEW,CONSUMED,1.0,2027-02-08T10:00:00+09:00,APP0275_FIRST_INTERVIEW_FIRST_INTERVIEW_SESSION,FIRST_PANEL_04_ML_ENGINEER,ACTUAL_PARTICIPATION
ASG_000622,APP0275_FIRST_INTERVIEW,RSV_APP0275_FIRST_INTERVIEW,CONSUMED,1.0,2027-02-08T10:00:00+09:00,APP0275_FIRST_INTERVIEW_FIRST_INTERVIEW_SESSION,FIRST_PANEL_04_HIRING_MANAGER,ACTUAL_PARTICIPATION
ASG_000623,APP0275_FIRST_INTERVIEW,RSV_APP0275_FIRST_INTERVIEW,CONSUMED,1.0,2027-02-08T10:00:00+09:00,APP0275_FIRST_INTERVIEW_FIRST_INTERVIEW_SESSION,FIRST_PANEL_04_TECHNICAL_REVIEWER,ACTUAL_PARTICIPATION
ASG_000624,APP0278_FIRST_INTERVIEW,RSV_APP0278_FIRST_INTERVIEW,RESERVED,3,2026-12-08T14:04:00+09:00,,,SCHEDULED_ALLOCATION
ASG_000625,APP0278_FIRST_INTERVIEW,RSV_APP0278_FIRST_INTERVIEW,CONSUMED,1.0,2027-02-08T10:00:00+09:00,APP0278_FIRST_INTERVIEW_FIRST_INTERVIEW_SESSION,FIRST_PANEL_05_ML_ENGINEER,ACTUAL_PARTICIPATION
ASG_000626,APP0278_FIRST_INTERVIEW,RSV_APP0278_FIRST_INTERVIEW,CONSUMED,1.0,2027-02-08T10:00:00+09:00,APP0278_FIRST_INTERVIEW_FIRST_INTERVIEW_SESSION,FIRST_PANEL_05_HIRING_MANAGER,ACTUAL_PARTICIPATION
ASG_000627,APP0278_FIRST_INTERVIEW,RSV_APP0278_FIRST_INTERVIEW,CONSUMED,1.0,2027-02-08T10:00:00+09:00,APP0278_FIRST_INTERVIEW_FIRST_INTERVIEW_SESSION,FIRST_PANEL_05_TECHNICAL_REVIEWER,ACTUAL_PARTICIPATION
ASG_000628,APP0279_FIRST_INTERVIEW,RSV_APP0279_FIRST_INTERVIEW,RESERVED,3,2026-12-08T14:04:00+09:00,,,SCHEDULED_ALLOCATION
ASG_000629,APP0279_FIRST_INTERVIEW,RSV_APP0279_FIRST_INTERVIEW,CONSUMED,1.0,2027-02-08T10:00:00+09:00,APP0279_FIRST_INTERVIEW_FIRST_INTERVIEW_SESSION,FIRST_PANEL_06_ML_ENGINEER,ACTUAL_PARTICIPATION
ASG_000630,APP0279_FIRST_INTERVIEW,RSV_APP0279_FIRST_INTERVIEW,CONSUMED,1.0,2027-02-08T10:00:00+09:00,APP0279_FIRST_INTERVIEW_FIRST_INTERVIEW_SESSION,FIRST_PANEL_06_HIRING_MANAGER,ACTUAL_PARTICIPATION
ASG_000631,APP0279_FIRST_INTERVIEW,RSV_APP0279_FIRST_INTERVIEW,CONSUMED,1.0,2027-02-08T10:00:00+09:00,APP0279_FIRST_INTERVIEW_FIRST_INTERVIEW_SESSION,FIRST_PANEL_06_TECHNICAL_REVIEWER,ACTUAL_PARTICIPATION
ASG_000632,APP0285_FIRST_INTERVIEW,RSV_APP0285_FIRST_INTERVIEW,RESERVED,3,2026-12-08T14:04:00+09:00,,,SCHEDULED_ALLOCATION
ASG_000633,APP0285_FIRST_INTERVIEW,RSV_APP0285_FIRST_INTERVIEW,CONSUMED,1.0,2027-02-08T10:00:00+09:00,APP0285_FIRST_INTERVIEW_FIRST_INTERVIEW_SESSION,FIRST_PANEL_07_ML_ENGINEER,ACTUAL_PARTICIPATION
ASG_000634,APP0285_FIRST_INTERVIEW,RSV_APP0285_FIRST_INTERVIEW,CONSUMED,1.0,2027-02-08T10:00:00+09:00,APP0285_FIRST_INTERVIEW_FIRST_INTERVIEW_SESSION,FIRST_PANEL_07_HIRING_MANAGER,ACTUAL_PARTICIPATION
ASG_000635,APP0285_FIRST_INTERVIEW,RSV_APP0285_FIRST_INTERVIEW,CONSUMED,1.0,2027-02-08T10:00:00+09:00,APP0285_FIRST_INTERVIEW_FIRST_INTERVIEW_SESSION,FIRST_PANEL_07_TECHNICAL_REVIEWER,ACTUAL_PARTICIPATION
ASG_000636,APP0286_FIRST_INTERVIEW,RSV_APP0286_FIRST_INTERVIEW,RESERVED,3,2026-12-08T14:04:00+09:00,,,SCHEDULED_ALLOCATION
ASG_000637,APP0286_FIRST_INTERVIEW,RSV_APP0286_FIRST_INTERVIEW,CONSUMED,1.0,2027-02-08T10:00:00+09:00,APP0286_FIRST_INTERVIEW_FIRST_INTERVIEW_SESSION,FIRST_PANEL_08_ML_ENGINEER,ACTUAL_PARTICIPATION
ASG_000638,APP0286_FIRST_INTERVIEW,RSV_APP0286_FIRST_INTERVIEW,CONSUMED,1.0,2027-02-08T10:00:00+09:00,APP0286_FIRST_INTERVIEW_FIRST_INTERVIEW_SESSION,FIRST_PANEL_08_HIRING_MANAGER,ACTUAL_PARTICIPATION
ASG_000639,APP0286_FIRST_INTERVIEW,RSV_APP0286_FIRST_INTERVIEW,CONSUMED,1.0,2027-02-08T10:00:00+09:00,APP0286_FIRST_INTERVIEW_FIRST_INTERVIEW_SESSION,FIRST_PANEL_08_TECHNICAL_REVIEWER,ACTUAL_PARTICIPATION
ASG_000640,APP0288_FIRST_INTERVIEW,RSV_APP0288_FIRST_INTERVIEW,RESERVED,3,2026-12-08T14:04:00+09:00,,,SCHEDULED_ALLOCATION
ASG_000641,APP0288_FIRST_INTERVIEW,RSV_APP0288_FIRST_INTERVIEW,CONSUMED,1.0,2027-02-08T10:00:00+09:00,APP0288_FIRST_INTERVIEW_FIRST_INTERVIEW_SESSION,FIRST_PANEL_09_ML_ENGINEER,ACTUAL_PARTICIPATION
ASG_000642,APP0288_FIRST_INTERVIEW,RSV_APP0288_FIRST_INTERVIEW,CONSUMED,1.0,2027-02-08T10:00:00+09:00,APP0288_FIRST_INTERVIEW_FIRST_INTERVIEW_SESSION,FIRST_PANEL_09_HIRING_MANAGER,ACTUAL_PARTICIPATION
ASG_000643,APP0288_FIRST_INTERVIEW,RSV_APP0288_FIRST_INTERVIEW,CONSUMED,1.0,2027-02-08T10:00:00+09:00,APP0288_FIRST_INTERVIEW_FIRST_INTERVIEW_SESSION,FIRST_PANEL_09_TECHNICAL_REVIEWER,ACTUAL_PARTICIPATION
ASG_000644,APP0289_FIRST_INTERVIEW,RSV_APP0289_FIRST_INTERVIEW,RESERVED,3,2026-12-08T14:04:00+09:00,,,SCHEDULED_ALLOCATION
ASG_000645,APP0289_FIRST_INTERVIEW,RSV_APP0289_FIRST_INTERVIEW,CONSUMED,1.0,2027-02-08T10:00:00+09:00,APP0289_FIRST_INTERVIEW_FIRST_INTERVIEW_SESSION,FIRST_PANEL_10_ML_ENGINEER,ACTUAL_PARTICIPATION
ASG_000646,APP0289_FIRST_INTERVIEW,RSV_APP0289_FIRST_INTERVIEW,CONSUMED,1.0,2027-02-08T10:00:00+09:00,APP0289_FIRST_INTERVIEW_FIRST_INTERVIEW_SESSION,FIRST_PANEL_10_HIRING_MANAGER,ACTUAL_PARTICIPATION
ASG_000647,APP0289_FIRST_INTERVIEW,RSV_APP0289_FIRST_INTERVIEW,CONSUMED,1.0,2027-02-08T10:00:00+09:00,APP0289_FIRST_INTERVIEW_FIRST_INTERVIEW_SESSION,FIRST_PANEL_10_TECHNICAL_REVIEWER,ACTUAL_PARTICIPATION
ASG_000648,APP0295_FIRST_INTERVIEW,RSV_APP0295_FIRST_INTERVIEW,RESERVED,3,2026-12-08T14:04:00+09:00,,,SCHEDULED_ALLOCATION
ASG_000649,APP0295_FIRST_INTERVIEW,RSV_APP0295_FIRST_INTERVIEW,CONSUMED,1.0,2027-02-11T10:00:00+09:00,APP0295_FIRST_INTERVIEW_FIRST_INTERVIEW_SESSION,FIRST_PANEL_01_ML_ENGINEER,ACTUAL_PARTICIPATION
ASG_000650,APP0295_FIRST_INTERVIEW,RSV_APP0295_FIRST_INTERVIEW,CONSUMED,1.0,2027-02-11T10:00:00+09:00,APP0295_FIRST_INTERVIEW_FIRST_INTERVIEW_SESSION,FIRST_PANEL_01_HIRING_MANAGER,ACTUAL_PARTICIPATION
ASG_000651,APP0295_FIRST_INTERVIEW,RSV_APP0295_FIRST_INTERVIEW,CONSUMED,1.0,2027-02-11T10:00:00+09:00,APP0295_FIRST_INTERVIEW_FIRST_INTERVIEW_SESSION,FIRST_PANEL_01_TECHNICAL_REVIEWER,ACTUAL_PARTICIPATION
ASG_000652,APP0296_FIRST_INTERVIEW,RSV_APP0296_FIRST_INTERVIEW,RESERVED,3,2026-12-08T14:04:00+09:00,,,SCHEDULED_ALLOCATION
ASG_000653,APP0296_FIRST_INTERVIEW,RSV_APP0296_FIRST_INTERVIEW,CONSUMED,1.0,2027-02-11T10:00:00+09:00,APP0296_FIRST_INTERVIEW_FIRST_INTERVIEW_SESSION,FIRST_PANEL_02_ML_ENGINEER,ACTUAL_PARTICIPATION
ASG_000654,APP0296_FIRST_INTERVIEW,RSV_APP0296_FIRST_INTERVIEW,CONSUMED,1.0,2027-02-11T10:00:00+09:00,APP0296_FIRST_INTERVIEW_FIRST_INTERVIEW_SESSION,FIRST_PANEL_02_HIRING_MANAGER,ACTUAL_PARTICIPATION
ASG_000655,APP0296_FIRST_INTERVIEW,RSV_APP0296_FIRST_INTERVIEW,CONSUMED,1.0,2027-02-11T10:00:00+09:00,APP0296_FIRST_INTERVIEW_FIRST_INTERVIEW_SESSION,FIRST_PANEL_02_TECHNICAL_REVIEWER,ACTUAL_PARTICIPATION
ASG_000656,APP0297_FIRST_INTERVIEW,RSV_APP0297_FIRST_INTERVIEW,RESERVED,3,2026-12-08T14:04:00+09:00,,,SCHEDULED_ALLOCATION
ASG_000657,APP0297_FIRST_INTERVIEW,RSV_APP0297_FIRST_INTERVIEW,CONSUMED,1.0,2027-02-11T10:00:00+09:00,APP0297_FIRST_INTERVIEW_FIRST_INTERVIEW_SESSION,FIRST_PANEL_03_ML_ENGINEER,ACTUAL_PARTICIPATION
ASG_000658,APP0297_FIRST_INTERVIEW,RSV_APP0297_FIRST_INTERVIEW,CONSUMED,1.0,2027-02-11T10:00:00+09:00,APP0297_FIRST_INTERVIEW_FIRST_INTERVIEW_SESSION,FIRST_PANEL_03_HIRING_MANAGER,ACTUAL_PARTICIPATION
ASG_000659,APP0297_FIRST_INTERVIEW,RSV_APP0297_FIRST_INTERVIEW,CONSUMED,1.0,2027-02-11T10:00:00+09:00,APP0297_FIRST_INTERVIEW_FIRST_INTERVIEW_SESSION,FIRST_PANEL_03_TECHNICAL_REVIEWER,ACTUAL_PARTICIPATION
ASG_000660,APP0299_FIRST_INTERVIEW,RSV_APP0299_FIRST_INTERVIEW,RESERVED,3,2026-12-08T14:04:00+09:00,,,SCHEDULED_ALLOCATION
ASG_000661,APP0299_FIRST_INTERVIEW,RSV_APP0299_FIRST_INTERVIEW,CONSUMED,1.0,2027-02-11T10:00:00+09:00,APP0299_FIRST_INTERVIEW_FIRST_INTERVIEW_SESSION,FIRST_PANEL_04_ML_ENGINEER,ACTUAL_PARTICIPATION
ASG_000662,APP0299_FIRST_INTERVIEW,RSV_APP0299_FIRST_INTERVIEW,CONSUMED,1.0,2027-02-11T10:00:00+09:00,APP0299_FIRST_INTERVIEW_FIRST_INTERVIEW_SESSION,FIRST_PANEL_04_HIRING_MANAGER,ACTUAL_PARTICIPATION
ASG_000663,APP0299_FIRST_INTERVIEW,RSV_APP0299_FIRST_INTERVIEW,CONSUMED,1.0,2027-02-11T10:00:00+09:00,APP0299_FIRST_INTERVIEW_FIRST_INTERVIEW_SESSION,FIRST_PANEL_04_TECHNICAL_REVIEWER,ACTUAL_PARTICIPATION
ASG_000664,APP0300_FIRST_INTERVIEW,RSV_APP0300_FIRST_INTERVIEW,RESERVED,3,2026-12-08T14:04:00+09:00,,,SCHEDULED_ALLOCATION
ASG_000665,APP0300_FIRST_INTERVIEW,RSV_APP0300_FIRST_INTERVIEW,CONSUMED,1.0,2027-02-11T10:00:00+09:00,APP0300_FIRST_INTERVIEW_FIRST_INTERVIEW_SESSION,FIRST_PANEL_05_ML_ENGINEER,ACTUAL_PARTICIPATION
ASG_000666,APP0300_FIRST_INTERVIEW,RSV_APP0300_FIRST_INTERVIEW,CONSUMED,1.0,2027-02-11T10:00:00+09:00,APP0300_FIRST_INTERVIEW_FIRST_INTERVIEW_SESSION,FIRST_PANEL_05_HIRING_MANAGER,ACTUAL_PARTICIPATION
ASG_000667,APP0300_FIRST_INTERVIEW,RSV_APP0300_FIRST_INTERVIEW,CONSUMED,1.0,2027-02-11T10:00:00+09:00,APP0300_FIRST_INTERVIEW_FIRST_INTERVIEW_SESSION,FIRST_PANEL_05_TECHNICAL_REVIEWER,ACTUAL_PARTICIPATION
ASG_000668,APP0301_FIRST_INTERVIEW,RSV_APP0301_FIRST_INTERVIEW,RESERVED,3,2026-12-08T14:04:00+09:00,,,SCHEDULED_ALLOCATION
ASG_000669,APP0301_FIRST_INTERVIEW,RSV_APP0301_FIRST_INTERVIEW,CONSUMED,1.0,2027-02-11T10:00:00+09:00,APP0301_FIRST_INTERVIEW_FIRST_INTERVIEW_SESSION,FIRST_PANEL_06_ML_ENGINEER,ACTUAL_PARTICIPATION
ASG_000670,APP0301_FIRST_INTERVIEW,RSV_APP0301_FIRST_INTERVIEW,CONSUMED,1.0,2027-02-11T10:00:00+09:00,APP0301_FIRST_INTERVIEW_FIRST_INTERVIEW_SESSION,FIRST_PANEL_06_HIRING_MANAGER,ACTUAL_PARTICIPATION
ASG_000671,APP0301_FIRST_INTERVIEW,RSV_APP0301_FIRST_INTERVIEW,CONSUMED,1.0,2027-02-11T10:00:00+09:00,APP0301_FIRST_INTERVIEW_FIRST_INTERVIEW_SESSION,FIRST_PANEL_06_TECHNICAL_REVIEWER,ACTUAL_PARTICIPATION
ASG_000672,APP0302_FIRST_INTERVIEW,RSV_APP0302_FIRST_INTERVIEW,RESERVED,3,2026-12-08T14:04:00+09:00,,,SCHEDULED_ALLOCATION
ASG_000673,APP0302_FIRST_INTERVIEW,RSV_APP0302_FIRST_INTERVIEW,CONSUMED,1.0,2027-02-11T10:00:00+09:00,APP0302_FIRST_INTERVIEW_FIRST_INTERVIEW_SESSION,FIRST_PANEL_07_ML_ENGINEER,ACTUAL_PARTICIPATION
ASG_000674,APP0302_FIRST_INTERVIEW,RSV_APP0302_FIRST_INTERVIEW,CONSUMED,1.0,2027-02-11T10:00:00+09:00,APP0302_FIRST_INTERVIEW_FIRST_INTERVIEW_SESSION,FIRST_PANEL_07_HIRING_MANAGER,ACTUAL_PARTICIPATION
ASG_000675,APP0302_FIRST_INTERVIEW,RSV_APP0302_FIRST_INTERVIEW,CONSUMED,1.0,2027-02-11T10:00:00+09:00,APP0302_FIRST_INTERVIEW_FIRST_INTERVIEW_SESSION,FIRST_PANEL_07_TECHNICAL_REVIEWER,ACTUAL_PARTICIPATION
ASG_000676,APP0305_FIRST_INTERVIEW,RSV_APP0305_FIRST_INTERVIEW,RESERVED,3,2026-12-08T14:04:00+09:00,,,SCHEDULED_ALLOCATION
ASG_000677,APP0305_FIRST_INTERVIEW,RSV_APP0305_FIRST_INTERVIEW,CONSUMED,1.0,2027-02-11T10:00:00+09:00,APP0305_FIRST_INTERVIEW_FIRST_INTERVIEW_SESSION,FIRST_PANEL_08_ML_ENGINEER,ACTUAL_PARTICIPATION
ASG_000678,APP0305_FIRST_INTERVIEW,RSV_APP0305_FIRST_INTERVIEW,CONSUMED,1.0,2027-02-11T10:00:00+09:00,APP0305_FIRST_INTERVIEW_FIRST_INTERVIEW_SESSION,FIRST_PANEL_08_HIRING_MANAGER,ACTUAL_PARTICIPATION
ASG_000679,APP0305_FIRST_INTERVIEW,RSV_APP0305_FIRST_INTERVIEW,CONSUMED,1.0,2027-02-11T10:00:00+09:00,APP0305_FIRST_INTERVIEW_FIRST_INTERVIEW_SESSION,FIRST_PANEL_08_TECHNICAL_REVIEWER,ACTUAL_PARTICIPATION
ASG_000680,APP0307_FIRST_INTERVIEW,RSV_APP0307_FIRST_INTERVIEW,RESERVED,3,2026-12-08T14:04:00+09:00,,,SCHEDULED_ALLOCATION
ASG_000681,APP0307_FIRST_INTERVIEW,RSV_APP0307_FIRST_INTERVIEW,RELEASED,3.0,2027-02-12T09:00:00+09:00,,,NO_RESPONSE_UNUSED
ASG_000682,APP0309_FIRST_INTERVIEW,RSV_APP0309_FIRST_INTERVIEW,RESERVED,3,2026-12-08T14:04:00+09:00,,,SCHEDULED_ALLOCATION
ASG_000683,APP0309_FIRST_INTERVIEW,RSV_APP0309_FIRST_INTERVIEW,CONSUMED,1.0,2027-02-11T10:00:00+09:00,APP0309_FIRST_INTERVIEW_FIRST_INTERVIEW_SESSION,FIRST_PANEL_10_ML_ENGINEER,ACTUAL_PARTICIPATION
ASG_000684,APP0309_FIRST_INTERVIEW,RSV_APP0309_FIRST_INTERVIEW,CONSUMED,1.0,2027-02-11T10:00:00+09:00,APP0309_FIRST_INTERVIEW_FIRST_INTERVIEW_SESSION,FIRST_PANEL_10_HIRING_MANAGER,ACTUAL_PARTICIPATION
ASG_000685,APP0309_FIRST_INTERVIEW,RSV_APP0309_FIRST_INTERVIEW,CONSUMED,1.0,2027-02-11T10:00:00+09:00,APP0309_FIRST_INTERVIEW_FIRST_INTERVIEW_SESSION,FIRST_PANEL_10_TECHNICAL_REVIEWER,ACTUAL_PARTICIPATION
ASG_000686,APP0314_FIRST_INTERVIEW,RSV_APP0314_FIRST_INTERVIEW,RESERVED,3,2026-12-08T14:04:00+09:00,,,SCHEDULED_ALLOCATION
ASG_000687,APP0314_FIRST_INTERVIEW,RSV_APP0314_FIRST_INTERVIEW,CONSUMED,1.0,2027-02-15T10:00:00+09:00,APP0314_FIRST_INTERVIEW_FIRST_INTERVIEW_SESSION,FIRST_PANEL_01_ML_ENGINEER,ACTUAL_PARTICIPATION
ASG_000688,APP0314_FIRST_INTERVIEW,RSV_APP0314_FIRST_INTERVIEW,CONSUMED,1.0,2027-02-15T10:00:00+09:00,APP0314_FIRST_INTERVIEW_FIRST_INTERVIEW_SESSION,FIRST_PANEL_01_HIRING_MANAGER,ACTUAL_PARTICIPATION
ASG_000689,APP0314_FIRST_INTERVIEW,RSV_APP0314_FIRST_INTERVIEW,CONSUMED,1.0,2027-02-15T10:00:00+09:00,APP0314_FIRST_INTERVIEW_FIRST_INTERVIEW_SESSION,FIRST_PANEL_01_TECHNICAL_REVIEWER,ACTUAL_PARTICIPATION
ASG_000690,APP0318_FIRST_INTERVIEW,RSV_APP0318_FIRST_INTERVIEW,RESERVED,3,2026-12-08T14:04:00+09:00,,,SCHEDULED_ALLOCATION
ASG_000691,APP0318_FIRST_INTERVIEW,RSV_APP0318_FIRST_INTERVIEW,CONSUMED,1.0,2027-02-15T10:00:00+09:00,APP0318_FIRST_INTERVIEW_FIRST_INTERVIEW_SESSION,FIRST_PANEL_02_ML_ENGINEER,ACTUAL_PARTICIPATION
ASG_000692,APP0318_FIRST_INTERVIEW,RSV_APP0318_FIRST_INTERVIEW,CONSUMED,1.0,2027-02-15T10:00:00+09:00,APP0318_FIRST_INTERVIEW_FIRST_INTERVIEW_SESSION,FIRST_PANEL_02_HIRING_MANAGER,ACTUAL_PARTICIPATION
ASG_000693,APP0318_FIRST_INTERVIEW,RSV_APP0318_FIRST_INTERVIEW,CONSUMED,1.0,2027-02-15T10:00:00+09:00,APP0318_FIRST_INTERVIEW_FIRST_INTERVIEW_SESSION,FIRST_PANEL_02_TECHNICAL_REVIEWER,ACTUAL_PARTICIPATION
ASG_000694,APP0319_FIRST_INTERVIEW,RSV_APP0319_FIRST_INTERVIEW,RESERVED,3,2026-12-08T14:04:00+09:00,,,SCHEDULED_ALLOCATION
ASG_000695,APP0319_FIRST_INTERVIEW,RSV_APP0319_FIRST_INTERVIEW,CONSUMED,1.0,2027-02-15T10:00:00+09:00,APP0319_FIRST_INTERVIEW_FIRST_INTERVIEW_SESSION,FIRST_PANEL_03_ML_ENGINEER,ACTUAL_PARTICIPATION
ASG_000696,APP0319_FIRST_INTERVIEW,RSV_APP0319_FIRST_INTERVIEW,CONSUMED,1.0,2027-02-15T10:00:00+09:00,APP0319_FIRST_INTERVIEW_FIRST_INTERVIEW_SESSION,FIRST_PANEL_03_HIRING_MANAGER,ACTUAL_PARTICIPATION
ASG_000697,APP0319_FIRST_INTERVIEW,RSV_APP0319_FIRST_INTERVIEW,CONSUMED,1.0,2027-02-15T10:00:00+09:00,APP0319_FIRST_INTERVIEW_FIRST_INTERVIEW_SESSION,FIRST_PANEL_03_TECHNICAL_REVIEWER,ACTUAL_PARTICIPATION
ASG_000698,APP0322_FIRST_INTERVIEW,RSV_APP0322_FIRST_INTERVIEW,RESERVED,3,2026-12-08T14:04:00+09:00,,,SCHEDULED_ALLOCATION
ASG_000699,APP0322_FIRST_INTERVIEW,RSV_APP0322_FIRST_INTERVIEW,RELEASED,3.0,2027-02-16T09:00:00+09:00,,,NO_RESPONSE_UNUSED
ASG_000700,APP0324_FIRST_INTERVIEW,RSV_APP0324_FIRST_INTERVIEW,RESERVED,3,2026-12-08T14:04:00+09:00,,,SCHEDULED_ALLOCATION
ASG_000701,APP0324_FIRST_INTERVIEW,RSV_APP0324_FIRST_INTERVIEW,CONSUMED,1.0,2027-02-15T10:00:00+09:00,APP0324_FIRST_INTERVIEW_FIRST_INTERVIEW_SESSION,FIRST_PANEL_05_ML_ENGINEER,ACTUAL_PARTICIPATION
ASG_000702,APP0324_FIRST_INTERVIEW,RSV_APP0324_FIRST_INTERVIEW,CONSUMED,1.0,2027-02-15T10:00:00+09:00,APP0324_FIRST_INTERVIEW_FIRST_INTERVIEW_SESSION,FIRST_PANEL_05_HIRING_MANAGER,ACTUAL_PARTICIPATION
ASG_000703,APP0324_FIRST_INTERVIEW,RSV_APP0324_FIRST_INTERVIEW,CONSUMED,1.0,2027-02-15T10:00:00+09:00,APP0324_FIRST_INTERVIEW_FIRST_INTERVIEW_SESSION,FIRST_PANEL_05_TECHNICAL_REVIEWER,ACTUAL_PARTICIPATION
ASG_000704,APP0325_FIRST_INTERVIEW,RSV_APP0325_FIRST_INTERVIEW,RESERVED,3,2026-12-08T14:04:00+09:00,,,SCHEDULED_ALLOCATION
ASG_000705,APP0325_FIRST_INTERVIEW,RSV_APP0325_FIRST_INTERVIEW,CONSUMED,1.0,2027-02-15T10:00:00+09:00,APP0325_FIRST_INTERVIEW_FIRST_INTERVIEW_SESSION,FIRST_PANEL_06_ML_ENGINEER,ACTUAL_PARTICIPATION
ASG_000706,APP0325_FIRST_INTERVIEW,RSV_APP0325_FIRST_INTERVIEW,CONSUMED,1.0,2027-02-15T10:00:00+09:00,APP0325_FIRST_INTERVIEW_FIRST_INTERVIEW_SESSION,FIRST_PANEL_06_HIRING_MANAGER,ACTUAL_PARTICIPATION
ASG_000707,APP0325_FIRST_INTERVIEW,RSV_APP0325_FIRST_INTERVIEW,CONSUMED,1.0,2027-02-15T10:00:00+09:00,APP0325_FIRST_INTERVIEW_FIRST_INTERVIEW_SESSION,FIRST_PANEL_06_TECHNICAL_REVIEWER,ACTUAL_PARTICIPATION
ASG_000708,APP0326_FIRST_INTERVIEW,RSV_APP0326_FIRST_INTERVIEW,RESERVED,3,2026-12-08T14:04:00+09:00,,,SCHEDULED_ALLOCATION
ASG_000709,APP0326_FIRST_INTERVIEW,RSV_APP0326_FIRST_INTERVIEW,CONSUMED,1.0,2027-02-15T10:00:00+09:00,APP0326_FIRST_INTERVIEW_FIRST_INTERVIEW_SESSION,FIRST_PANEL_07_ML_ENGINEER,ACTUAL_PARTICIPATION
ASG_000710,APP0326_FIRST_INTERVIEW,RSV_APP0326_FIRST_INTERVIEW,CONSUMED,1.0,2027-02-15T10:00:00+09:00,APP0326_FIRST_INTERVIEW_FIRST_INTERVIEW_SESSION,FIRST_PANEL_07_HIRING_MANAGER,ACTUAL_PARTICIPATION
ASG_000711,APP0326_FIRST_INTERVIEW,RSV_APP0326_FIRST_INTERVIEW,CONSUMED,1.0,2027-02-15T10:00:00+09:00,APP0326_FIRST_INTERVIEW_FIRST_INTERVIEW_SESSION,FIRST_PANEL_07_TECHNICAL_REVIEWER,ACTUAL_PARTICIPATION
ASG_000712,APP0334_FIRST_INTERVIEW,RSV_APP0334_FIRST_INTERVIEW,RESERVED,3,2026-12-08T14:04:00+09:00,,,SCHEDULED_ALLOCATION
ASG_000713,APP0334_FIRST_INTERVIEW,RSV_APP0334_FIRST_INTERVIEW,CONSUMED,1.0,2027-02-15T10:00:00+09:00,APP0334_FIRST_INTERVIEW_FIRST_INTERVIEW_SESSION,FIRST_PANEL_08_ML_ENGINEER,ACTUAL_PARTICIPATION
ASG_000714,APP0334_FIRST_INTERVIEW,RSV_APP0334_FIRST_INTERVIEW,CONSUMED,1.0,2027-02-15T10:00:00+09:00,APP0334_FIRST_INTERVIEW_FIRST_INTERVIEW_SESSION,FIRST_PANEL_08_HIRING_MANAGER,ACTUAL_PARTICIPATION
ASG_000715,APP0334_FIRST_INTERVIEW,RSV_APP0334_FIRST_INTERVIEW,CONSUMED,1.0,2027-02-15T10:00:00+09:00,APP0334_FIRST_INTERVIEW_FIRST_INTERVIEW_SESSION,FIRST_PANEL_08_TECHNICAL_REVIEWER,ACTUAL_PARTICIPATION
ASG_000716,APP0335_FIRST_INTERVIEW,RSV_APP0335_FIRST_INTERVIEW,RESERVED,3,2026-12-08T14:04:00+09:00,,,SCHEDULED_ALLOCATION
ASG_000717,APP0335_FIRST_INTERVIEW,RSV_APP0335_FIRST_INTERVIEW,CONSUMED,1.0,2027-02-15T10:00:00+09:00,APP0335_FIRST_INTERVIEW_FIRST_INTERVIEW_SESSION,FIRST_PANEL_09_ML_ENGINEER,ACTUAL_PARTICIPATION
ASG_000718,APP0335_FIRST_INTERVIEW,RSV_APP0335_FIRST_INTERVIEW,CONSUMED,1.0,2027-02-15T10:00:00+09:00,APP0335_FIRST_INTERVIEW_FIRST_INTERVIEW_SESSION,FIRST_PANEL_09_HIRING_MANAGER,ACTUAL_PARTICIPATION
ASG_000719,APP0335_FIRST_INTERVIEW,RSV_APP0335_FIRST_INTERVIEW,CONSUMED,1.0,2027-02-15T10:00:00+09:00,APP0335_FIRST_INTERVIEW_FIRST_INTERVIEW_SESSION,FIRST_PANEL_09_TECHNICAL_REVIEWER,ACTUAL_PARTICIPATION
ASG_000720,APP0336_FIRST_INTERVIEW,RSV_APP0336_FIRST_INTERVIEW,RESERVED,3,2026-12-08T14:04:00+09:00,,,SCHEDULED_ALLOCATION
ASG_000721,APP0336_FIRST_INTERVIEW,RSV_APP0336_FIRST_INTERVIEW,CONSUMED,1.0,2027-02-15T10:00:00+09:00,APP0336_FIRST_INTERVIEW_FIRST_INTERVIEW_SESSION,FIRST_PANEL_10_ML_ENGINEER,ACTUAL_PARTICIPATION
ASG_000722,APP0336_FIRST_INTERVIEW,RSV_APP0336_FIRST_INTERVIEW,CONSUMED,1.0,2027-02-15T10:00:00+09:00,APP0336_FIRST_INTERVIEW_FIRST_INTERVIEW_SESSION,FIRST_PANEL_10_HIRING_MANAGER,ACTUAL_PARTICIPATION
ASG_000723,APP0336_FIRST_INTERVIEW,RSV_APP0336_FIRST_INTERVIEW,CONSUMED,1.0,2027-02-15T10:00:00+09:00,APP0336_FIRST_INTERVIEW_FIRST_INTERVIEW_SESSION,FIRST_PANEL_10_TECHNICAL_REVIEWER,ACTUAL_PARTICIPATION
ASG_000724,APP0338_FIRST_INTERVIEW,RSV_APP0338_FIRST_INTERVIEW,RESERVED,3,2026-12-08T14:04:00+09:00,,,SCHEDULED_ALLOCATION
ASG_000725,APP0338_FIRST_INTERVIEW,RSV_APP0338_FIRST_INTERVIEW,RELEASED,3.0,2026-12-10T14:04:00+09:00,,,CONFIRMED_WITHDRAWAL_UNUSED
ASG_000726,APP0342_FIRST_INTERVIEW,RSV_APP0342_FIRST_INTERVIEW,RESERVED,3,2026-12-08T14:04:00+09:00,,,SCHEDULED_ALLOCATION
ASG_000727,APP0342_FIRST_INTERVIEW,RSV_APP0342_FIRST_INTERVIEW,CONSUMED,1.0,2027-02-18T10:00:00+09:00,APP0342_FIRST_INTERVIEW_FIRST_INTERVIEW_SESSION,FIRST_PANEL_02_ML_ENGINEER,ACTUAL_PARTICIPATION
ASG_000728,APP0342_FIRST_INTERVIEW,RSV_APP0342_FIRST_INTERVIEW,CONSUMED,1.0,2027-02-18T10:00:00+09:00,APP0342_FIRST_INTERVIEW_FIRST_INTERVIEW_SESSION,FIRST_PANEL_02_HIRING_MANAGER,ACTUAL_PARTICIPATION
ASG_000729,APP0342_FIRST_INTERVIEW,RSV_APP0342_FIRST_INTERVIEW,CONSUMED,1.0,2027-02-18T10:00:00+09:00,APP0342_FIRST_INTERVIEW_FIRST_INTERVIEW_SESSION,FIRST_PANEL_02_TECHNICAL_REVIEWER,ACTUAL_PARTICIPATION
