allocation_id,stage_event_id,activity_id,participant_id,purpose,event_type,person_hours,effective_at,reason_code
EA_000000,APP0002_FIRST_INTERVIEW,,FIRST_PANEL_01_ML_ENGINEER,INTERVIEW,RESERVED,1.0,2026-12-08T14:04:00+09:00,SCHEDULED_ALLOCATION
EA_000001,APP0002_FIRST_INTERVIEW,,FIRST_PANEL_01_HIRING_MANAGER,INTERVIEW,RESERVED,1.0,2026-12-08T14:04:00+09:00,SCHEDULED_ALLOCATION
EA_000002,APP0002_FIRST_INTERVIEW,,FIRST_PANEL_01_TECHNICAL_REVIEWER,INTERVIEW,RESERVED,1.0,2026-12-08T14:04:00+09:00,SCHEDULED_ALLOCATION
EA_000003,APP0002_FIRST_INTERVIEW,APP0002_FIRST_INTERVIEW_FIRST_INTERVIEW_SESSION,FIRST_PANEL_01_ML_ENGINEER,INTERVIEW,CONSUMED,1.0,2026-12-14T10:00:00+09:00,ACTUAL_PARTICIPATION
EA_000004,APP0002_FIRST_INTERVIEW,APP0002_FIRST_INTERVIEW_FIRST_INTERVIEW_SESSION,FIRST_PANEL_01_HIRING_MANAGER,INTERVIEW,CONSUMED,1.0,2026-12-14T10:00:00+09:00,ACTUAL_PARTICIPATION
EA_000005,APP0002_FIRST_INTERVIEW,APP0002_FIRST_INTERVIEW_FIRST_INTERVIEW_SESSION,FIRST_PANEL_01_TECHNICAL_REVIEWER,INTERVIEW,CONSUMED,1.0,2026-12-14T10:00:00+09:00,ACTUAL_PARTICIPATION
EA_000006,APP0002_FIRST_INTERVIEW,APP0002_FIRST_INTERVIEW_CALIBRATION,FIRST_PANEL_01_ML_ENGINEER,CALIBRATION,RESERVED,0.25,2026-12-14T10:00:00+09:00,CALIBRATION_REQUIRED
EA_000007,APP0002_FIRST_INTERVIEW,APP0002_FIRST_INTERVIEW_CALIBRATION,FIRST_PANEL_01_ML_ENGINEER,CALIBRATION,CONSUMED,0.25,2026-12-14T10:15:00+09:00,ACTUAL_PARTICIPATION
EA_000008,APP0002_FIRST_INTERVIEW,APP0002_FIRST_INTERVIEW_CALIBRATION,FIRST_PANEL_01_HIRING_MANAGER,CALIBRATION,RESERVED,0.25,2026-12-14T10:00:00+09:00,CALIBRATION_REQUIRED
EA_000009,APP0002_FIRST_INTERVIEW,APP0002_FIRST_INTERVIEW_CALIBRATION,FIRST_PANEL_01_HIRING_MANAGER,CALIBRATION,CONSUMED,0.25,2026-12-14T10:15:00+09:00,ACTUAL_PARTICIPATION
EA_000010,APP0003_FIRST_INTERVIEW,,FIRST_PANEL_02_ML_ENGINEER,INTERVIEW,RESERVED,1.0,2026-12-08T14:04:00+09:00,SCHEDULED_ALLOCATION
EA_000011,APP0003_FIRST_INTERVIEW,,FIRST_PANEL_02_HIRING_MANAGER,INTERVIEW,RESERVED,1.0,2026-12-08T14:04:00+09:00,SCHEDULED_ALLOCATION
EA_000012,APP0003_FIRST_INTERVIEW,,FIRST_PANEL_02_TECHNICAL_REVIEWER,INTERVIEW,RESERVED,1.0,2026-12-08T14:04:00+09:00,SCHEDULED_ALLOCATION
EA_000013,APP0003_FIRST_INTERVIEW,APP0003_FIRST_INTERVIEW_FIRST_INTERVIEW_SESSION,FIRST_PANEL_02_ML_ENGINEER,INTERVIEW,CONSUMED,1.0,2026-12-14T10:00:00+09:00,ACTUAL_PARTICIPATION
EA_000014,APP0003_FIRST_INTERVIEW,APP0003_FIRST_INTERVIEW_FIRST_INTERVIEW_SESSION,FIRST_PANEL_02_HIRING_MANAGER,INTERVIEW,CONSUMED,1.0,2026-12-14T10:00:00+09:00,ACTUAL_PARTICIPATION
EA_000015,APP0003_FIRST_INTERVIEW,APP0003_FIRST_INTERVIEW_FIRST_INTERVIEW_SESSION,FIRST_PANEL_02_TECHNICAL_REVIEWER,INTERVIEW,CONSUMED,1.0,2026-12-14T10:00:00+09:00,ACTUAL_PARTICIPATION
EA_000016,APP0003_FIRST_INTERVIEW,APP0003_FIRST_INTERVIEW_CALIBRATION,FIRST_PANEL_02_ML_ENGINEER,CALIBRATION,RESERVED,0.25,2026-12-14T10:00:00+09:00,CALIBRATION_REQUIRED
EA_000017,APP0003_FIRST_INTERVIEW,APP0003_FIRST_INTERVIEW_CALIBRATION,FIRST_PANEL_02_ML_ENGINEER,CALIBRATION,CONSUMED,0.25,2026-12-14T10:15:00+09:00,ACTUAL_PARTICIPATION
EA_000018,APP0003_FIRST_INTERVIEW,APP0003_FIRST_INTERVIEW_CALIBRATION,FIRST_PANEL_02_HIRING_MANAGER,CALIBRATION,RESERVED,0.25,2026-12-14T10:00:00+09:00,CALIBRATION_REQUIRED
EA_000019,APP0003_FIRST_INTERVIEW,APP0003_FIRST_INTERVIEW_CALIBRATION,FIRST_PANEL_02_HIRING_MANAGER,CALIBRATION,CONSUMED,0.25,2026-12-14T10:15:00+09:00,ACTUAL_PARTICIPATION
EA_000020,APP0004_FIRST_INTERVIEW,,FIRST_PANEL_03_ML_ENGINEER,INTERVIEW,RESERVED,1.0,2026-12-08T14:04:00+09:00,SCHEDULED_ALLOCATION
EA_000021,APP0004_FIRST_INTERVIEW,,FIRST_PANEL_03_HIRING_MANAGER,INTERVIEW,RESERVED,1.0,2026-12-08T14:04:00+09:00,SCHEDULED_ALLOCATION
EA_000022,APP0004_FIRST_INTERVIEW,,FIRST_PANEL_03_TECHNICAL_REVIEWER,INTERVIEW,RESERVED,1.0,2026-12-08T14:04:00+09:00,SCHEDULED_ALLOCATION
EA_000023,APP0004_FIRST_INTERVIEW,,FIRST_PANEL_03_ML_ENGINEER,INTERVIEW,RELEASED,1.0,2026-12-15T09:00:00+09:00,NO_RESPONSE_UNUSED
EA_000024,APP0004_FIRST_INTERVIEW,,FIRST_PANEL_03_HIRING_MANAGER,INTERVIEW,RELEASED,1.0,2026-12-15T09:00:00+09:00,NO_RESPONSE_UNUSED
EA_000025,APP0004_FIRST_INTERVIEW,,FIRST_PANEL_03_TECHNICAL_REVIEWER,INTERVIEW,RELEASED,1.0,2026-12-15T09:00:00+09:00,NO_RESPONSE_UNUSED
EA_000026,APP0005_FIRST_INTERVIEW,,FIRST_PANEL_04_ML_ENGINEER,INTERVIEW,RESERVED,1.0,2026-12-08T14:04:00+09:00,SCHEDULED_ALLOCATION
EA_000027,APP0005_FIRST_INTERVIEW,,FIRST_PANEL_04_HIRING_MANAGER,INTERVIEW,RESERVED,1.0,2026-12-08T14:04:00+09:00,SCHEDULED_ALLOCATION
EA_000028,APP0005_FIRST_INTERVIEW,,FIRST_PANEL_04_TECHNICAL_REVIEWER,INTERVIEW,RESERVED,1.0,2026-12-08T14:04:00+09:00,SCHEDULED_ALLOCATION
EA_000029,APP0005_FIRST_INTERVIEW,APP0005_FIRST_INTERVIEW_FIRST_INTERVIEW_SESSION,FIRST_PANEL_04_ML_ENGINEER,INTERVIEW,CONSUMED,1.0,2026-12-14T10:00:00+09:00,ACTUAL_PARTICIPATION
EA_000030,APP0005_FIRST_INTERVIEW,APP0005_FIRST_INTERVIEW_FIRST_INTERVIEW_SESSION,FIRST_PANEL_04_HIRING_MANAGER,INTERVIEW,CONSUMED,1.0,2026-12-14T10:00:00+09:00,ACTUAL_PARTICIPATION
EA_000031,APP0005_FIRST_INTERVIEW,APP0005_FIRST_INTERVIEW_FIRST_INTERVIEW_SESSION,FIRST_PANEL_04_TECHNICAL_REVIEWER,INTERVIEW,CONSUMED,1.0,2026-12-14T10:00:00+09:00,ACTUAL_PARTICIPATION
EA_000032,APP0005_FIRST_INTERVIEW,APP0005_FIRST_INTERVIEW_CALIBRATION,FIRST_PANEL_04_ML_ENGINEER,CALIBRATION,RESERVED,0.25,2026-12-14T10:00:00+09:00,CALIBRATION_REQUIRED
EA_000033,APP0005_FIRST_INTERVIEW,APP0005_FIRST_INTERVIEW_CALIBRATION,FIRST_PANEL_04_ML_ENGINEER,CALIBRATION,CONSUMED,0.25,2026-12-14T10:15:00+09:00,ACTUAL_PARTICIPATION
EA_000034,APP0005_FIRST_INTERVIEW,APP0005_FIRST_INTERVIEW_CALIBRATION,FIRST_PANEL_04_HIRING_MANAGER,CALIBRATION,RESERVED,0.25,2026-12-14T10:00:00+09:00,CALIBRATION_REQUIRED
EA_000035,APP0005_FIRST_INTERVIEW,APP0005_FIRST_INTERVIEW_CALIBRATION,FIRST_PANEL_04_HIRING_MANAGER,CALIBRATION,CONSUMED,0.25,2026-12-14T10:15:00+09:00,ACTUAL_PARTICIPATION
EA_000036,APP0006_FIRST_INTERVIEW,,FIRST_PANEL_05_ML_ENGINEER,INTERVIEW,RESERVED,1.0,2026-12-08T14:04:00+09:00,SCHEDULED_ALLOCATION
EA_000037,APP0006_FIRST_INTERVIEW,,FIRST_PANEL_05_HIRING_MANAGER,INTERVIEW,RESERVED,1.0,2026-12-08T14:04:00+09:00,SCHEDULED_ALLOCATION
EA_000038,APP0006_FIRST_INTERVIEW,,FIRST_PANEL_05_TECHNICAL_REVIEWER,INTERVIEW,RESERVED,1.0,2026-12-08T14:04:00+09:00,SCHEDULED_ALLOCATION
EA_000039,APP0006_FIRST_INTERVIEW,APP0006_FIRST_INTERVIEW_FIRST_INTERVIEW_SESSION,FIRST_PANEL_05_ML_ENGINEER,INTERVIEW,CONSUMED,1.0,2026-12-14T10:00:00+09:00,ACTUAL_PARTICIPATION
EA_000040,APP0006_FIRST_INTERVIEW,APP0006_FIRST_INTERVIEW_FIRST_INTERVIEW_SESSION,FIRST_PANEL_05_HIRING_MANAGER,INTERVIEW,CONSUMED,1.0,2026-12-14T10:00:00+09:00,ACTUAL_PARTICIPATION
EA_000041,APP0006_FIRST_INTERVIEW,APP0006_FIRST_INTERVIEW_FIRST_INTERVIEW_SESSION,FIRST_PANEL_05_TECHNICAL_REVIEWER,INTERVIEW,CONSUMED,1.0,2026-12-14T10:00:00+09:00,ACTUAL_PARTICIPATION
EA_000042,APP0006_FIRST_INTERVIEW,APP0006_FIRST_INTERVIEW_CALIBRATION,FIRST_PANEL_05_ML_ENGINEER,CALIBRATION,RESERVED,0.25,2026-12-14T10:00:00+09:00,CALIBRATION_REQUIRED
EA_000043,APP0006_FIRST_INTERVIEW,APP0006_FIRST_INTERVIEW_CALIBRATION,FIRST_PANEL_05_ML_ENGINEER,CALIBRATION,CONSUMED,0.25,2026-12-14T10:15:00+09:00,ACTUAL_PARTICIPATION
EA_000044,APP0006_FIRST_INTERVIEW,APP0006_FIRST_INTERVIEW_CALIBRATION,FIRST_PANEL_05_HIRING_MANAGER,CALIBRATION,RESERVED,0.25,2026-12-14T10:00:00+09:00,CALIBRATION_REQUIRED
EA_000045,APP0006_FIRST_INTERVIEW,APP0006_FIRST_INTERVIEW_CALIBRATION,FIRST_PANEL_05_HIRING_MANAGER,CALIBRATION,CONSUMED,0.25,2026-12-14T10:15:00+09:00,ACTUAL_PARTICIPATION
EA_000046,APP0007_FIRST_INTERVIEW,,FIRST_PANEL_06_ML_ENGINEER,INTERVIEW,RESERVED,1.0,2026-12-08T14:04:00+09:00,SCHEDULED_ALLOCATION
EA_000047,APP0007_FIRST_INTERVIEW,,FIRST_PANEL_06_HIRING_MANAGER,INTERVIEW,RESERVED,1.0,2026-12-08T14:04:00+09:00,SCHEDULED_ALLOCATION
EA_000048,APP0007_FIRST_INTERVIEW,,FIRST_PANEL_06_TECHNICAL_REVIEWER,INTERVIEW,RESERVED,1.0,2026-12-08T14:04:00+09:00,SCHEDULED_ALLOCATION
EA_000049,APP0007_FIRST_INTERVIEW,APP0007_FIRST_INTERVIEW_FIRST_INTERVIEW_SESSION,FIRST_PANEL_06_ML_ENGINEER,INTERVIEW,CONSUMED,1.0,2026-12-14T10:00:00+09:00,ACTUAL_PARTICIPATION
EA_000050,APP0007_FIRST_INTERVIEW,APP0007_FIRST_INTERVIEW_FIRST_INTERVIEW_SESSION,FIRST_PANEL_06_HIRING_MANAGER,INTERVIEW,CONSUMED,1.0,2026-12-14T10:00:00+09:00,ACTUAL_PARTICIPATION
EA_000051,APP0007_FIRST_INTERVIEW,APP0007_FIRST_INTERVIEW_FIRST_INTERVIEW_SESSION,FIRST_PANEL_06_TECHNICAL_REVIEWER,INTERVIEW,CONSUMED,1.0,2026-12-14T10:00:00+09:00,ACTUAL_PARTICIPATION
EA_000052,APP0007_FIRST_INTERVIEW,APP0007_FIRST_INTERVIEW_CALIBRATION,FIRST_PANEL_06_ML_ENGINEER,CALIBRATION,RESERVED,0.25,2026-12-14T10:00:00+09:00,CALIBRATION_REQUIRED
EA_000053,APP0007_FIRST_INTERVIEW,APP0007_FIRST_INTERVIEW_CALIBRATION,FIRST_PANEL_06_ML_ENGINEER,CALIBRATION,CONSUMED,0.25,2026-12-14T10:15:00+09:00,ACTUAL_PARTICIPATION
EA_000054,APP0007_FIRST_INTERVIEW,APP0007_FIRST_INTERVIEW_CALIBRATION,FIRST_PANEL_06_HIRING_MANAGER,CALIBRATION,RESERVED,0.25,2026-12-14T10:00:00+09:00,CALIBRATION_REQUIRED
EA_000055,APP0007_FIRST_INTERVIEW,APP0007_FIRST_INTERVIEW_CALIBRATION,FIRST_PANEL_06_HIRING_MANAGER,CALIBRATION,CONSUMED,0.25,2026-12-14T10:15:00+09:00,ACTUAL_PARTICIPATION
EA_000056,APP0009_FIRST_INTERVIEW,,FIRST_PANEL_07_ML_ENGINEER,INTERVIEW,RESERVED,1.0,2026-12-08T14:04:00+09:00,SCHEDULED_ALLOCATION
EA_000057,APP0009_FIRST_INTERVIEW,,FIRST_PANEL_07_HIRING_MANAGER,INTERVIEW,RESERVED,1.0,2026-12-08T14:04:00+09:00,SCHEDULED_ALLOCATION
EA_000058,APP0009_FIRST_INTERVIEW,,FIRST_PANEL_07_TECHNICAL_REVIEWER,INTERVIEW,RESERVED,1.0,2026-12-08T14:04:00+09:00,SCHEDULED_ALLOCATION
EA_000059,APP0009_FIRST_INTERVIEW,APP0009_FIRST_INTERVIEW_FIRST_INTERVIEW_SESSION,FIRST_PANEL_07_ML_ENGINEER,INTERVIEW,CONSUMED,1.0,2026-12-14T10:00:00+09:00,ACTUAL_PARTICIPATION
EA_000060,APP0009_FIRST_INTERVIEW,APP0009_FIRST_INTERVIEW_FIRST_INTERVIEW_SESSION,FIRST_PANEL_07_HIRING_MANAGER,INTERVIEW,CONSUMED,1.0,2026-12-14T10:00:00+09:00,ACTUAL_PARTICIPATION
EA_000061,APP0009_FIRST_INTERVIEW,APP0009_FIRST_INTERVIEW_FIRST_INTERVIEW_SESSION,FIRST_PANEL_07_TECHNICAL_REVIEWER,INTERVIEW,CONSUMED,1.0,2026-12-14T10:00:00+09:00,ACTUAL_PARTICIPATION
EA_000062,APP0009_FIRST_INTERVIEW,APP0009_FIRST_INTERVIEW_CALIBRATION,FIRST_PANEL_07_ML_ENGINEER,CALIBRATION,RESERVED,0.25,2026-12-14T10:00:00+09:00,CALIBRATION_REQUIRED
EA_000063,APP0009_FIRST_INTERVIEW,APP0009_FIRST_INTERVIEW_CALIBRATION,FIRST_PANEL_07_ML_ENGINEER,CALIBRATION,CONSUMED,0.25,2026-12-14T10:15:00+09:00,ACTUAL_PARTICIPATION
EA_000064,APP0009_FIRST_INTERVIEW,APP0009_FIRST_INTERVIEW_CALIBRATION,FIRST_PANEL_07_HIRING_MANAGER,CALIBRATION,RESERVED,0.25,2026-12-14T10:00:00+09:00,CALIBRATION_REQUIRED
EA_000065,APP0009_FIRST_INTERVIEW,APP0009_FIRST_INTERVIEW_CALIBRATION,FIRST_PANEL_07_HIRING_MANAGER,CALIBRATION,CONSUMED,0.25,2026-12-14T10:15:00+09:00,ACTUAL_PARTICIPATION
EA_000066,APP0010_FIRST_INTERVIEW,,FIRST_PANEL_08_ML_ENGINEER,INTERVIEW,RESERVED,1.0,2026-12-08T14:04:00+09:00,SCHEDULED_ALLOCATION
EA_000067,APP0010_FIRST_INTERVIEW,,FIRST_PANEL_08_HIRING_MANAGER,INTERVIEW,RESERVED,1.0,2026-12-08T14:04:00+09:00,SCHEDULED_ALLOCATION
EA_000068,APP0010_FIRST_INTERVIEW,,FIRST_PANEL_08_TECHNICAL_REVIEWER,INTERVIEW,RESERVED,1.0,2026-12-08T14:04:00+09:00,SCHEDULED_ALLOCATION
EA_000069,APP0010_FIRST_INTERVIEW,APP0010_FIRST_INTERVIEW_FIRST_INTERVIEW_SESSION,FIRST_PANEL_08_ML_ENGINEER,INTERVIEW,CONSUMED,1.0,2026-12-14T10:00:00+09:00,ACTUAL_PARTICIPATION
EA_000070,APP0010_FIRST_INTERVIEW,APP0010_FIRST_INTERVIEW_FIRST_INTERVIEW_SESSION,FIRST_PANEL_08_HIRING_MANAGER,INTERVIEW,CONSUMED,1.0,2026-12-14T10:00:00+09:00,ACTUAL_PARTICIPATION
EA_000071,APP0010_FIRST_INTERVIEW,APP0010_FIRST_INTERVIEW_FIRST_INTERVIEW_SESSION,FIRST_PANEL_08_TECHNICAL_REVIEWER,INTERVIEW,CONSUMED,1.0,2026-12-14T10:00:00+09:00,ACTUAL_PARTICIPATION
EA_000072,APP0010_FIRST_INTERVIEW,APP0010_FIRST_INTERVIEW_CALIBRATION,FIRST_PANEL_08_ML_ENGINEER,CALIBRATION,RESERVED,0.25,2026-12-14T10:00:00+09:00,CALIBRATION_REQUIRED
EA_000073,APP0010_FIRST_INTERVIEW,APP0010_FIRST_INTERVIEW_CALIBRATION,FIRST_PANEL_08_ML_ENGINEER,CALIBRATION,CONSUMED,0.25,2026-12-14T10:15:00+09:00,ACTUAL_PARTICIPATION
EA_000074,APP0010_FIRST_INTERVIEW,APP0010_FIRST_INTERVIEW_CALIBRATION,FIRST_PANEL_08_HIRING_MANAGER,CALIBRATION,RESERVED,0.25,2026-12-14T10:00:00+09:00,CALIBRATION_REQUIRED
EA_000075,APP0010_FIRST_INTERVIEW,APP0010_FIRST_INTERVIEW_CALIBRATION,FIRST_PANEL_08_HIRING_MANAGER,CALIBRATION,CONSUMED,0.25,2026-12-14T10:15:00+09:00,ACTUAL_PARTICIPATION
EA_000076,APP0012_FIRST_INTERVIEW,,FIRST_PANEL_09_ML_ENGINEER,INTERVIEW,RESERVED,1.0,2026-12-08T14:04:00+09:00,SCHEDULED_ALLOCATION
EA_000077,APP0012_FIRST_INTERVIEW,,FIRST_PANEL_09_HIRING_MANAGER,INTERVIEW,RESERVED,1.0,2026-12-08T14:04:00+09:00,SCHEDULED_ALLOCATION
EA_000078,APP0012_FIRST_INTERVIEW,,FIRST_PANEL_09_TECHNICAL_REVIEWER,INTERVIEW,RESERVED,1.0,2026-12-08T14:04:00+09:00,SCHEDULED_ALLOCATION
EA_000079,APP0012_FIRST_INTERVIEW,APP0012_FIRST_INTERVIEW_FIRST_INTERVIEW_SESSION,FIRST_PANEL_09_ML_ENGINEER,INTERVIEW,CONSUMED,1.0,2026-12-14T10:00:00+09:00,ACTUAL_PARTICIPATION
EA_000080,APP0012_FIRST_INTERVIEW,APP0012_FIRST_INTERVIEW_FIRST_INTERVIEW_SESSION,FIRST_PANEL_09_HIRING_MANAGER,INTERVIEW,CONSUMED,1.0,2026-12-14T10:00:00+09:00,ACTUAL_PARTICIPATION
EA_000081,APP0012_FIRST_INTERVIEW,APP0012_FIRST_INTERVIEW_FIRST_INTERVIEW_SESSION,FIRST_PANEL_09_TECHNICAL_REVIEWER,INTERVIEW,CONSUMED,1.0,2026-12-14T10:00:00+09:00,ACTUAL_PARTICIPATION
EA_000082,APP0012_FIRST_INTERVIEW,APP0012_FIRST_INTERVIEW_CALIBRATION,FIRST_PANEL_09_ML_ENGINEER,CALIBRATION,RESERVED,0.25,2026-12-14T10:00:00+09:00,CALIBRATION_REQUIRED
EA_000083,APP0012_FIRST_INTERVIEW,APP0012_FIRST_INTERVIEW_CALIBRATION,FIRST_PANEL_09_ML_ENGINEER,CALIBRATION,CONSUMED,0.25,2026-12-14T10:15:00+09:00,ACTUAL_PARTICIPATION
EA_000084,APP0012_FIRST_INTERVIEW,APP0012_FIRST_INTERVIEW_CALIBRATION,FIRST_PANEL_09_HIRING_MANAGER,CALIBRATION,RESERVED,0.25,2026-12-14T10:00:00+09:00,CALIBRATION_REQUIRED
EA_000085,APP0012_FIRST_INTERVIEW,APP0012_FIRST_INTERVIEW_CALIBRATION,FIRST_PANEL_09_HIRING_MANAGER,CALIBRATION,CONSUMED,0.25,2026-12-14T10:15:00+09:00,ACTUAL_PARTICIPATION
EA_000086,APP0013_FIRST_INTERVIEW,,FIRST_PANEL_10_ML_ENGINEER,INTERVIEW,RESERVED,1.0,2026-12-08T14:04:00+09:00,SCHEDULED_ALLOCATION
EA_000087,APP0013_FIRST_INTERVIEW,,FIRST_PANEL_10_HIRING_MANAGER,INTERVIEW,RESERVED,1.0,2026-12-08T14:04:00+09:00,SCHEDULED_ALLOCATION
EA_000088,APP0013_FIRST_INTERVIEW,,FIRST_PANEL_10_TECHNICAL_REVIEWER,INTERVIEW,RESERVED,1.0,2026-12-08T14:04:00+09:00,SCHEDULED_ALLOCATION
EA_000089,APP0013_FIRST_INTERVIEW,APP0013_FIRST_INTERVIEW_FIRST_INTERVIEW_SESSION,FIRST_PANEL_10_ML_ENGINEER,INTERVIEW,CONSUMED,1.0,2026-12-14T10:00:00+09:00,ACTUAL_PARTICIPATION
EA_000090,APP0013_FIRST_INTERVIEW,APP0013_FIRST_INTERVIEW_FIRST_INTERVIEW_SESSION,FIRST_PANEL_10_HIRING_MANAGER,INTERVIEW,CONSUMED,1.0,2026-12-14T10:00:00+09:00,ACTUAL_PARTICIPATION
EA_000091,APP0013_FIRST_INTERVIEW,APP0013_FIRST_INTERVIEW_FIRST_INTERVIEW_SESSION,FIRST_PANEL_10_TECHNICAL_REVIEWER,INTERVIEW,CONSUMED,1.0,2026-12-14T10:00:00+09:00,ACTUAL_PARTICIPATION
EA_000092,APP0013_FIRST_INTERVIEW,APP0013_FIRST_INTERVIEW_CALIBRATION,FIRST_PANEL_10_ML_ENGINEER,CALIBRATION,RESERVED,0.25,2026-12-14T10:00:00+09:00,CALIBRATION_REQUIRED
EA_000093,APP0013_FIRST_INTERVIEW,APP0013_FIRST_INTERVIEW_CALIBRATION,FIRST_PANEL_10_ML_ENGINEER,CALIBRATION,CONSUMED,0.25,2026-12-14T10:15:00+09:00,ACTUAL_PARTICIPATION
EA_000094,APP0013_FIRST_INTERVIEW,APP0013_FIRST_INTERVIEW_CALIBRATION,FIRST_PANEL_10_HIRING_MANAGER,CALIBRATION,RESERVED,0.25,2026-12-14T10:00:00+09:00,CALIBRATION_REQUIRED
EA_000095,APP0013_FIRST_INTERVIEW,APP0013_FIRST_INTERVIEW_CALIBRATION,FIRST_PANEL_10_HIRING_MANAGER,CALIBRATION,CONSUMED,0.25,2026-12-14T10:15:00+09:00,ACTUAL_PARTICIPATION
EA_000096,APP0014_FIRST_INTERVIEW,,FIRST_PANEL_01_ML_ENGINEER,INTERVIEW,RESERVED,1.0,2026-12-08T14:04:00+09:00,SCHEDULED_ALLOCATION
EA_000097,APP0014_FIRST_INTERVIEW,,FIRST_PANEL_01_HIRING_MANAGER,INTERVIEW,RESERVED,1.0,2026-12-08T14:04:00+09:00,SCHEDULED_ALLOCATION
EA_000098,APP0014_FIRST_INTERVIEW,,FIRST_PANEL_01_TECHNICAL_REVIEWER,INTERVIEW,RESERVED,1.0,2026-12-08T14:04:00+09:00,SCHEDULED_ALLOCATION
EA_000099,APP0014_FIRST_INTERVIEW,APP0014_FIRST_INTERVIEW_FIRST_INTERVIEW_SESSION,FIRST_PANEL_01_ML_ENGINEER,INTERVIEW,CONSUMED,1.0,2026-12-17T10:00:00+09:00,ACTUAL_PARTICIPATION
EA_000100,APP0014_FIRST_INTERVIEW,APP0014_FIRST_INTERVIEW_FIRST_INTERVIEW_SESSION,FIRST_PANEL_01_HIRING_MANAGER,INTERVIEW,CONSUMED,1.0,2026-12-17T10:00:00+09:00,ACTUAL_PARTICIPATION
EA_000101,APP0014_FIRST_INTERVIEW,APP0014_FIRST_INTERVIEW_FIRST_INTERVIEW_SESSION,FIRST_PANEL_01_TECHNICAL_REVIEWER,INTERVIEW,CONSUMED,1.0,2026-12-17T10:00:00+09:00,ACTUAL_PARTICIPATION
EA_000102,APP0014_FIRST_INTERVIEW,APP0014_FIRST_INTERVIEW_CALIBRATION,FIRST_PANEL_01_ML_ENGINEER,CALIBRATION,RESERVED,0.25,2026-12-17T10:00:00+09:00,CALIBRATION_REQUIRED
EA_000103,APP0014_FIRST_INTERVIEW,APP0014_FIRST_INTERVIEW_CALIBRATION,FIRST_PANEL_01_ML_ENGINEER,CALIBRATION,CONSUMED,0.25,2026-12-17T10:15:00+09:00,ACTUAL_PARTICIPATION
EA_000104,APP0014_FIRST_INTERVIEW,APP0014_FIRST_INTERVIEW_CALIBRATION,FIRST_PANEL_01_HIRING_MANAGER,CALIBRATION,RESERVED,0.25,2026-12-17T10:00:00+09:00,CALIBRATION_REQUIRED
EA_000105,APP0014_FIRST_INTERVIEW,APP0014_FIRST_INTERVIEW_CALIBRATION,FIRST_PANEL_01_HIRING_MANAGER,CALIBRATION,CONSUMED,0.25,2026-12-17T10:15:00+09:00,ACTUAL_PARTICIPATION
EA_000106,APP0018_FIRST_INTERVIEW,,FIRST_PANEL_02_ML_ENGINEER,INTERVIEW,RESERVED,1.0,2026-12-08T14:04:00+09:00,SCHEDULED_ALLOCATION
EA_000107,APP0018_FIRST_INTERVIEW,,FIRST_PANEL_02_HIRING_MANAGER,INTERVIEW,RESERVED,1.0,2026-12-08T14:04:00+09:00,SCHEDULED_ALLOCATION
EA_000108,APP0018_FIRST_INTERVIEW,,FIRST_PANEL_02_TECHNICAL_REVIEWER,INTERVIEW,RESERVED,1.0,2026-12-08T14:04:00+09:00,SCHEDULED_ALLOCATION
EA_000109,APP0018_FIRST_INTERVIEW,APP0018_FIRST_INTERVIEW_FIRST_INTERVIEW_SESSION,FIRST_PANEL_02_ML_ENGINEER,INTERVIEW,CONSUMED,1.0,2026-12-17T10:00:00+09:00,ACTUAL_PARTICIPATION
EA_000110,APP0018_FIRST_INTERVIEW,APP0018_FIRST_INTERVIEW_FIRST_INTERVIEW_SESSION,FIRST_PANEL_02_HIRING_MANAGER,INTERVIEW,CONSUMED,1.0,2026-12-17T10:00:00+09:00,ACTUAL_PARTICIPATION
EA_000111,APP0018_FIRST_INTERVIEW,APP0018_FIRST_INTERVIEW_FIRST_INTERVIEW_SESSION,FIRST_PANEL_02_TECHNICAL_REVIEWER,INTERVIEW,CONSUMED,1.0,2026-12-17T10:00:00+09:00,ACTUAL_PARTICIPATION
EA_000112,APP0018_FIRST_INTERVIEW,APP0018_FIRST_INTERVIEW_CALIBRATION,FIRST_PANEL_02_ML_ENGINEER,CALIBRATION,RESERVED,0.25,2026-12-17T10:00:00+09:00,CALIBRATION_REQUIRED
EA_000113,APP0018_FIRST_INTERVIEW,APP0018_FIRST_INTERVIEW_CALIBRATION,FIRST_PANEL_02_ML_ENGINEER,CALIBRATION,CONSUMED,0.25,2026-12-17T10:15:00+09:00,ACTUAL_PARTICIPATION
EA_000114,APP0018_FIRST_INTERVIEW,APP0018_FIRST_INTERVIEW_CALIBRATION,FIRST_PANEL_02_HIRING_MANAGER,CALIBRATION,RESERVED,0.25,2026-12-17T10:00:00+09:00,CALIBRATION_REQUIRED
EA_000115,APP0018_FIRST_INTERVIEW,APP0018_FIRST_INTERVIEW_CALIBRATION,FIRST_PANEL_02_HIRING_MANAGER,CALIBRATION,CONSUMED,0.25,2026-12-17T10:15:00+09:00,ACTUAL_PARTICIPATION
EA_000116,APP0021_FIRST_INTERVIEW,,FIRST_PANEL_03_ML_ENGINEER,INTERVIEW,RESERVED,1.0,2026-12-08T14:04:00+09:00,SCHEDULED_ALLOCATION
EA_000117,APP0021_FIRST_INTERVIEW,,FIRST_PANEL_03_HIRING_MANAGER,INTERVIEW,RESERVED,1.0,2026-12-08T14:04:00+09:00,SCHEDULED_ALLOCATION
EA_000118,APP0021_FIRST_INTERVIEW,,FIRST_PANEL_03_TECHNICAL_REVIEWER,INTERVIEW,RESERVED,1.0,2026-12-08T14:04:00+09:00,SCHEDULED_ALLOCATION
EA_000119,APP0021_FIRST_INTERVIEW,APP0021_FIRST_INTERVIEW_FIRST_INTERVIEW_SESSION,FIRST_PANEL_03_ML_ENGINEER,INTERVIEW,CONSUMED,1.0,2026-12-17T10:00:00+09:00,ACTUAL_PARTICIPATION
EA_000120,APP0021_FIRST_INTERVIEW,APP0021_FIRST_INTERVIEW_FIRST_INTERVIEW_SESSION,FIRST_PANEL_03_HIRING_MANAGER,INTERVIEW,CONSUMED,1.0,2026-12-17T10:00:00+09:00,ACTUAL_PARTICIPATION
EA_000121,APP0021_FIRST_INTERVIEW,APP0021_FIRST_INTERVIEW_FIRST_INTERVIEW_SESSION,FIRST_PANEL_03_TECHNICAL_REVIEWER,INTERVIEW,CONSUMED,1.0,2026-12-17T10:00:00+09:00,ACTUAL_PARTICIPATION
EA_000122,APP0021_FIRST_INTERVIEW,APP0021_FIRST_INTERVIEW_CALIBRATION,FIRST_PANEL_03_ML_ENGINEER,CALIBRATION,RESERVED,0.25,2026-12-17T10:00:00+09:00,CALIBRATION_REQUIRED
EA_000123,APP0021_FIRST_INTERVIEW,APP0021_FIRST_INTERVIEW_CALIBRATION,FIRST_PANEL_03_ML_ENGINEER,CALIBRATION,CONSUMED,0.25,2026-12-17T10:15:00+09:00,ACTUAL_PARTICIPATION
EA_000124,APP0021_FIRST_INTERVIEW,APP0021_FIRST_INTERVIEW_CALIBRATION,FIRST_PANEL_03_HIRING_MANAGER,CALIBRATION,RESERVED,0.25,2026-12-17T10:00:00+09:00,CALIBRATION_REQUIRED
EA_000125,APP0021_FIRST_INTERVIEW,APP0021_FIRST_INTERVIEW_CALIBRATION,FIRST_PANEL_03_HIRING_MANAGER,CALIBRATION,CONSUMED,0.25,2026-12-17T10:15:00+09:00,ACTUAL_PARTICIPATION
EA_000126,APP0022_FIRST_INTERVIEW,,FIRST_PANEL_04_ML_ENGINEER,INTERVIEW,RESERVED,1.0,2026-12-08T14:04:00+09:00,SCHEDULED_ALLOCATION
EA_000127,APP0022_FIRST_INTERVIEW,,FIRST_PANEL_04_HIRING_MANAGER,INTERVIEW,RESERVED,1.0,2026-12-08T14:04:00+09:00,SCHEDULED_ALLOCATION
EA_000128,APP0022_FIRST_INTERVIEW,,FIRST_PANEL_04_TECHNICAL_REVIEWER,INTERVIEW,RESERVED,1.0,2026-12-08T14:04:00+09:00,SCHEDULED_ALLOCATION
EA_000129,APP0022_FIRST_INTERVIEW,APP0022_FIRST_INTERVIEW_FIRST_INTERVIEW_SESSION,FIRST_PANEL_04_ML_ENGINEER,INTERVIEW,CONSUMED,1.0,2026-12-17T10:00:00+09:00,ACTUAL_PARTICIPATION
EA_000130,APP0022_FIRST_INTERVIEW,APP0022_FIRST_INTERVIEW_FIRST_INTERVIEW_SESSION,FIRST_PANEL_04_HIRING_MANAGER,INTERVIEW,CONSUMED,1.0,2026-12-17T10:00:00+09:00,ACTUAL_PARTICIPATION
EA_000131,APP0022_FIRST_INTERVIEW,APP0022_FIRST_INTERVIEW_FIRST_INTERVIEW_SESSION,FIRST_PANEL_04_TECHNICAL_REVIEWER,INTERVIEW,CONSUMED,1.0,2026-12-17T10:00:00+09:00,ACTUAL_PARTICIPATION
EA_000132,APP0022_FIRST_INTERVIEW,APP0022_FIRST_INTERVIEW_CALIBRATION,FIRST_PANEL_04_ML_ENGINEER,CALIBRATION,RESERVED,0.25,2026-12-17T10:00:00+09:00,CALIBRATION_REQUIRED
EA_000133,APP0022_FIRST_INTERVIEW,APP0022_FIRST_INTERVIEW_CALIBRATION,FIRST_PANEL_04_ML_ENGINEER,CALIBRATION,CONSUMED,0.25,2026-12-17T10:15:00+09:00,ACTUAL_PARTICIPATION
EA_000134,APP0022_FIRST_INTERVIEW,APP0022_FIRST_INTERVIEW_CALIBRATION,FIRST_PANEL_04_HIRING_MANAGER,CALIBRATION,RESERVED,0.25,2026-12-17T10:00:00+09:00,CALIBRATION_REQUIRED
EA_000135,APP0022_FIRST_INTERVIEW,APP0022_FIRST_INTERVIEW_CALIBRATION,FIRST_PANEL_04_HIRING_MANAGER,CALIBRATION,CONSUMED,0.25,2026-12-17T10:15:00+09:00,ACTUAL_PARTICIPATION
EA_000136,APP0025_FIRST_INTERVIEW,,FIRST_PANEL_05_ML_ENGINEER,INTERVIEW,RESERVED,1.0,2026-12-08T14:04:00+09:00,SCHEDULED_ALLOCATION
EA_000137,APP0025_FIRST_INTERVIEW,,FIRST_PANEL_05_HIRING_MANAGER,INTERVIEW,RESERVED,1.0,2026-12-08T14:04:00+09:00,SCHEDULED_ALLOCATION
EA_000138,APP0025_FIRST_INTERVIEW,,FIRST_PANEL_05_TECHNICAL_REVIEWER,INTERVIEW,RESERVED,1.0,2026-12-08T14:04:00+09:00,SCHEDULED_ALLOCATION
EA_000139,APP0025_FIRST_INTERVIEW,APP0025_FIRST_INTERVIEW_FIRST_INTERVIEW_SESSION,FIRST_PANEL_05_ML_ENGINEER,INTERVIEW,CONSUMED,1.0,2026-12-17T10:00:00+09:00,ACTUAL_PARTICIPATION
EA_000140,APP0025_FIRST_INTERVIEW,APP0025_FIRST_INTERVIEW_FIRST_INTERVIEW_SESSION,FIRST_PANEL_05_HIRING_MANAGER,INTERVIEW,CONSUMED,1.0,2026-12-17T10:00:00+09:00,ACTUAL_PARTICIPATION
EA_000141,APP0025_FIRST_INTERVIEW,APP0025_FIRST_INTERVIEW_FIRST_INTERVIEW_SESSION,FIRST_PANEL_05_TECHNICAL_REVIEWER,INTERVIEW,CONSUMED,1.0,2026-12-17T10:00:00+09:00,ACTUAL_PARTICIPATION
EA_000142,APP0025_FIRST_INTERVIEW,APP0025_FIRST_INTERVIEW_CALIBRATION,FIRST_PANEL_05_ML_ENGINEER,CALIBRATION,RESERVED,0.25,2026-12-17T10:00:00+09:00,CALIBRATION_REQUIRED
EA_000143,APP0025_FIRST_INTERVIEW,APP0025_FIRST_INTERVIEW_CALIBRATION,FIRST_PANEL_05_ML_ENGINEER,CALIBRATION,CONSUMED,0.25,2026-12-17T10:15:00+09:00,ACTUAL_PARTICIPATION
EA_000144,APP0025_FIRST_INTERVIEW,APP0025_FIRST_INTERVIEW_CALIBRATION,FIRST_PANEL_05_HIRING_MANAGER,CALIBRATION,RESERVED,0.25,2026-12-17T10:00:00+09:00,CALIBRATION_REQUIRED
EA_000145,APP0025_FIRST_INTERVIEW,APP0025_FIRST_INTERVIEW_CALIBRATION,FIRST_PANEL_05_HIRING_MANAGER,CALIBRATION,CONSUMED,0.25,2026-12-17T10:15:00+09:00,ACTUAL_PARTICIPATION
EA_000146,APP0026_FIRST_INTERVIEW,,FIRST_PANEL_06_ML_ENGINEER,INTERVIEW,RESERVED,1.0,2026-12-08T14:04:00+09:00,SCHEDULED_ALLOCATION
EA_000147,APP0026_FIRST_INTERVIEW,,FIRST_PANEL_06_HIRING_MANAGER,INTERVIEW,RESERVED,1.0,2026-12-08T14:04:00+09:00,SCHEDULED_ALLOCATION
EA_000148,APP0026_FIRST_INTERVIEW,,FIRST_PANEL_06_TECHNICAL_REVIEWER,INTERVIEW,RESERVED,1.0,2026-12-08T14:04:00+09:00,SCHEDULED_ALLOCATION
EA_000149,APP0026_FIRST_INTERVIEW,,FIRST_PANEL_06_ML_ENGINEER,INTERVIEW,RELEASED,1.0,2026-12-10T14:04:00+09:00,CONFIRMED_WITHDRAWAL_UNUSED
EA_000150,APP0026_FIRST_INTERVIEW,,FIRST_PANEL_06_HIRING_MANAGER,INTERVIEW,RELEASED,1.0,2026-12-10T14:04:00+09:00,CONFIRMED_WITHDRAWAL_UNUSED
EA_000151,APP0026_FIRST_INTERVIEW,,FIRST_PANEL_06_TECHNICAL_REVIEWER,INTERVIEW,RELEASED,1.0,2026-12-10T14:04:00+09:00,CONFIRMED_WITHDRAWAL_UNUSED
EA_000152,APP0027_FIRST_INTERVIEW,,FIRST_PANEL_07_ML_ENGINEER,INTERVIEW,RESERVED,1.0,2026-12-08T14:04:00+09:00,SCHEDULED_ALLOCATION
EA_000153,APP0027_FIRST_INTERVIEW,,FIRST_PANEL_07_HIRING_MANAGER,INTERVIEW,RESERVED,1.0,2026-12-08T14:04:00+09:00,SCHEDULED_ALLOCATION
EA_000154,APP0027_FIRST_INTERVIEW,,FIRST_PANEL_07_TECHNICAL_REVIEWER,INTERVIEW,RESERVED,1.0,2026-12-08T14:04:00+09:00,SCHEDULED_ALLOCATION
EA_000155,APP0027_FIRST_INTERVIEW,APP0027_FIRST_INTERVIEW_FIRST_INTERVIEW_SESSION,FIRST_PANEL_07_ML_ENGINEER,INTERVIEW,CONSUMED,1.0,2026-12-17T10:00:00+09:00,ACTUAL_PARTICIPATION
EA_000156,APP0027_FIRST_INTERVIEW,APP0027_FIRST_INTERVIEW_FIRST_INTERVIEW_SESSION,FIRST_PANEL_07_HIRING_MANAGER,INTERVIEW,CONSUMED,1.0,2026-12-17T10:00:00+09:00,ACTUAL_PARTICIPATION
EA_000157,APP0027_FIRST_INTERVIEW,APP0027_FIRST_INTERVIEW_FIRST_INTERVIEW_SESSION,FIRST_PANEL_07_TECHNICAL_REVIEWER,INTERVIEW,CONSUMED,1.0,2026-12-17T10:00:00+09:00,ACTUAL_PARTICIPATION
EA_000158,APP0027_FIRST_INTERVIEW,APP0027_FIRST_INTERVIEW_CALIBRATION,FIRST_PANEL_07_ML_ENGINEER,CALIBRATION,RESERVED,0.25,2026-12-17T10:00:00+09:00,CALIBRATION_REQUIRED
EA_000159,APP0027_FIRST_INTERVIEW,APP0027_FIRST_INTERVIEW_CALIBRATION,FIRST_PANEL_07_ML_ENGINEER,CALIBRATION,CONSUMED,0.25,2026-12-17T10:15:00+09:00,ACTUAL_PARTICIPATION
EA_000160,APP0027_FIRST_INTERVIEW,APP0027_FIRST_INTERVIEW_CALIBRATION,FIRST_PANEL_07_HIRING_MANAGER,CALIBRATION,RESERVED,0.25,2026-12-17T10:00:00+09:00,CALIBRATION_REQUIRED
EA_000161,APP0027_FIRST_INTERVIEW,APP0027_FIRST_INTERVIEW_CALIBRATION,FIRST_PANEL_07_HIRING_MANAGER,CALIBRATION,CONSUMED,0.25,2026-12-17T10:15:00+09:00,ACTUAL_PARTICIPATION
EA_000162,APP0029_FIRST_INTERVIEW,,FIRST_PANEL_08_ML_ENGINEER,INTERVIEW,RESERVED,1.0,2026-12-08T14:04:00+09:00,SCHEDULED_ALLOCATION
EA_000163,APP0029_FIRST_INTERVIEW,,FIRST_PANEL_08_HIRING_MANAGER,INTERVIEW,RESERVED,1.0,2026-12-08T14:04:00+09:00,SCHEDULED_ALLOCATION
EA_000164,APP0029_FIRST_INTERVIEW,,FIRST_PANEL_08_TECHNICAL_REVIEWER,INTERVIEW,RESERVED,1.0,2026-12-08T14:04:00+09:00,SCHEDULED_ALLOCATION
EA_000165,APP0029_FIRST_INTERVIEW,APP0029_FIRST_INTERVIEW_FIRST_INTERVIEW_SESSION,FIRST_PANEL_08_ML_ENGINEER,INTERVIEW,CONSUMED,1.0,2026-12-17T10:00:00+09:00,ACTUAL_PARTICIPATION
EA_000166,APP0029_FIRST_INTERVIEW,APP0029_FIRST_INTERVIEW_FIRST_INTERVIEW_SESSION,FIRST_PANEL_08_HIRING_MANAGER,INTERVIEW,CONSUMED,1.0,2026-12-17T10:00:00+09:00,ACTUAL_PARTICIPATION
EA_000167,APP0029_FIRST_INTERVIEW,APP0029_FIRST_INTERVIEW_FIRST_INTERVIEW_SESSION,FIRST_PANEL_08_TECHNICAL_REVIEWER,INTERVIEW,CONSUMED,1.0,2026-12-17T10:00:00+09:00,ACTUAL_PARTICIPATION
EA_000168,APP0029_FIRST_INTERVIEW,APP0029_FIRST_INTERVIEW_CALIBRATION,FIRST_PANEL_08_ML_ENGINEER,CALIBRATION,RESERVED,0.25,2026-12-17T10:00:00+09:00,CALIBRATION_REQUIRED
EA_000169,APP0029_FIRST_INTERVIEW,APP0029_FIRST_INTERVIEW_CALIBRATION,FIRST_PANEL_08_ML_ENGINEER,CALIBRATION,CONSUMED,0.25,2026-12-17T10:15:00+09:00,ACTUAL_PARTICIPATION
EA_000170,APP0029_FIRST_INTERVIEW,APP0029_FIRST_INTERVIEW_CALIBRATION,FIRST_PANEL_08_HIRING_MANAGER,CALIBRATION,RESERVED,0.25,2026-12-17T10:00:00+09:00,CALIBRATION_REQUIRED
EA_000171,APP0029_FIRST_INTERVIEW,APP0029_FIRST_INTERVIEW_CALIBRATION,FIRST_PANEL_08_HIRING_MANAGER,CALIBRATION,CONSUMED,0.25,2026-12-17T10:15:00+09:00,ACTUAL_PARTICIPATION
EA_000172,APP0031_FIRST_INTERVIEW,,FIRST_PANEL_09_ML_ENGINEER,INTERVIEW,RESERVED,1.0,2026-12-08T14:04:00+09:00,SCHEDULED_ALLOCATION
EA_000173,APP0031_FIRST_INTERVIEW,,FIRST_PANEL_09_HIRING_MANAGER,INTERVIEW,RESERVED,1.0,2026-12-08T14:04:00+09:00,SCHEDULED_ALLOCATION
EA_000174,APP0031_FIRST_INTERVIEW,,FIRST_PANEL_09_TECHNICAL_REVIEWER,INTERVIEW,RESERVED,1.0,2026-12-08T14:04:00+09:00,SCHEDULED_ALLOCATION
EA_000175,APP0031_FIRST_INTERVIEW,APP0031_FIRST_INTERVIEW_FIRST_INTERVIEW_SESSION,FIRST_PANEL_09_ML_ENGINEER,INTERVIEW,CONSUMED,1.0,2026-12-17T10:00:00+09:00,ACTUAL_PARTICIPATION
EA_000176,APP0031_FIRST_INTERVIEW,APP0031_FIRST_INTERVIEW_FIRST_INTERVIEW_SESSION,FIRST_PANEL_09_HIRING_MANAGER,INTERVIEW,CONSUMED,1.0,2026-12-17T10:00:00+09:00,ACTUAL_PARTICIPATION
EA_000177,APP0031_FIRST_INTERVIEW,APP0031_FIRST_INTERVIEW_FIRST_INTERVIEW_SESSION,FIRST_PANEL_09_TECHNICAL_REVIEWER,INTERVIEW,CONSUMED,1.0,2026-12-17T10:00:00+09:00,ACTUAL_PARTICIPATION
EA_000178,APP0031_FIRST_INTERVIEW,APP0031_FIRST_INTERVIEW_CALIBRATION,FIRST_PANEL_09_ML_ENGINEER,CALIBRATION,RESERVED,0.25,2026-12-17T10:00:00+09:00,CALIBRATION_REQUIRED
EA_000179,APP0031_FIRST_INTERVIEW,APP0031_FIRST_INTERVIEW_CALIBRATION,FIRST_PANEL_09_ML_ENGINEER,CALIBRATION,CONSUMED,0.25,2026-12-17T10:15:00+09:00,ACTUAL_PARTICIPATION
EA_000180,APP0031_FIRST_INTERVIEW,APP0031_FIRST_INTERVIEW_CALIBRATION,FIRST_PANEL_09_HIRING_MANAGER,CALIBRATION,RESERVED,0.25,2026-12-17T10:00:00+09:00,CALIBRATION_REQUIRED
EA_000181,APP0031_FIRST_INTERVIEW,APP0031_FIRST_INTERVIEW_CALIBRATION,FIRST_PANEL_09_HIRING_MANAGER,CALIBRATION,CONSUMED,0.25,2026-12-17T10:15:00+09:00,ACTUAL_PARTICIPATION
EA_000182,APP0034_FIRST_INTERVIEW,,FIRST_PANEL_10_ML_ENGINEER,INTERVIEW,RESERVED,1.0,2026-12-08T14:04:00+09:00,SCHEDULED_ALLOCATION
EA_000183,APP0034_FIRST_INTERVIEW,,FIRST_PANEL_10_HIRING_MANAGER,INTERVIEW,RESERVED,1.0,2026-12-08T14:04:00+09:00,SCHEDULED_ALLOCATION
EA_000184,APP0034_FIRST_INTERVIEW,,FIRST_PANEL_10_TECHNICAL_REVIEWER,INTERVIEW,RESERVED,1.0,2026-12-08T14:04:00+09:00,SCHEDULED_ALLOCATION
EA_000185,APP0034_FIRST_INTERVIEW,,FIRST_PANEL_10_ML_ENGINEER,INTERVIEW,RELEASED,1.0,2026-12-10T14:04:00+09:00,CONFIRMED_WITHDRAWAL_UNUSED
EA_000186,APP0034_FIRST_INTERVIEW,,FIRST_PANEL_10_HIRING_MANAGER,INTERVIEW,RELEASED,1.0,2026-12-10T14:04:00+09:00,CONFIRMED_WITHDRAWAL_UNUSED
EA_000187,APP0034_FIRST_INTERVIEW,,FIRST_PANEL_10_TECHNICAL_REVIEWER,INTERVIEW,RELEASED,1.0,2026-12-10T14:04:00+09:00,CONFIRMED_WITHDRAWAL_UNUSED
EA_000188,APP0035_FIRST_INTERVIEW,,FIRST_PANEL_01_ML_ENGINEER,INTERVIEW,RESERVED,1.0,2026-12-08T14:04:00+09:00,SCHEDULED_ALLOCATION
EA_000189,APP0035_FIRST_INTERVIEW,,FIRST_PANEL_01_HIRING_MANAGER,INTERVIEW,RESERVED,1.0,2026-12-08T14:04:00+09:00,SCHEDULED_ALLOCATION
EA_000190,APP0035_FIRST_INTERVIEW,,FIRST_PANEL_01_TECHNICAL_REVIEWER,INTERVIEW,RESERVED,1.0,2026-12-08T14:04:00+09:00,SCHEDULED_ALLOCATION
EA_000191,APP0035_FIRST_INTERVIEW,APP0035_FIRST_INTERVIEW_FIRST_INTERVIEW_SESSION,FIRST_PANEL_01_ML_ENGINEER,INTERVIEW,CONSUMED,1.0,2026-12-21T10:00:00+09:00,ACTUAL_PARTICIPATION
EA_000192,APP0035_FIRST_INTERVIEW,APP0035_FIRST_INTERVIEW_FIRST_INTERVIEW_SESSION,FIRST_PANEL_01_HIRING_MANAGER,INTERVIEW,CONSUMED,1.0,2026-12-21T10:00:00+09:00,ACTUAL_PARTICIPATION
EA_000193,APP0035_FIRST_INTERVIEW,APP0035_FIRST_INTERVIEW_FIRST_INTERVIEW_SESSION,FIRST_PANEL_01_TECHNICAL_REVIEWER,INTERVIEW,CONSUMED,1.0,2026-12-21T10:00:00+09:00,ACTUAL_PARTICIPATION
EA_000194,APP0035_FIRST_INTERVIEW,APP0035_FIRST_INTERVIEW_CALIBRATION,FIRST_PANEL_01_ML_ENGINEER,CALIBRATION,RESERVED,0.25,2026-12-21T10:00:00+09:00,CALIBRATION_REQUIRED
EA_000195,APP0035_FIRST_INTERVIEW,APP0035_FIRST_INTERVIEW_CALIBRATION,FIRST_PANEL_01_ML_ENGINEER,CALIBRATION,CONSUMED,0.25,2026-12-21T10:15:00+09:00,ACTUAL_PARTICIPATION
EA_000196,APP0035_FIRST_INTERVIEW,APP0035_FIRST_INTERVIEW_CALIBRATION,FIRST_PANEL_01_HIRING_MANAGER,CALIBRATION,RESERVED,0.25,2026-12-21T10:00:00+09:00,CALIBRATION_REQUIRED
EA_000197,APP0035_FIRST_INTERVIEW,APP0035_FIRST_INTERVIEW_CALIBRATION,FIRST_PANEL_01_HIRING_MANAGER,CALIBRATION,CONSUMED,0.25,2026-12-21T10:15:00+09:00,ACTUAL_PARTICIPATION
EA_000198,APP0037_FIRST_INTERVIEW,,FIRST_PANEL_02_ML_ENGINEER,INTERVIEW,RESERVED,1.0,2026-12-08T14:04:00+09:00,SCHEDULED_ALLOCATION
EA_000199,APP0037_FIRST_INTERVIEW,,FIRST_PANEL_02_HIRING_MANAGER,INTERVIEW,RESERVED,1.0,2026-12-08T14:04:00+09:00,SCHEDULED_ALLOCATION
EA_000200,APP0037_FIRST_INTERVIEW,,FIRST_PANEL_02_TECHNICAL_REVIEWER,INTERVIEW,RESERVED,1.0,2026-12-08T14:04:00+09:00,SCHEDULED_ALLOCATION
EA_000201,APP0037_FIRST_INTERVIEW,APP0037_FIRST_INTERVIEW_FIRST_INTERVIEW_SESSION,FIRST_PANEL_02_ML_ENGINEER,INTERVIEW,CONSUMED,1.0,2026-12-21T10:00:00+09:00,ACTUAL_PARTICIPATION
EA_000202,APP0037_FIRST_INTERVIEW,APP0037_FIRST_INTERVIEW_FIRST_INTERVIEW_SESSION,FIRST_PANEL_02_HIRING_MANAGER,INTERVIEW,CONSUMED,1.0,2026-12-21T10:00:00+09:00,ACTUAL_PARTICIPATION
EA_000203,APP0037_FIRST_INTERVIEW,APP0037_FIRST_INTERVIEW_FIRST_INTERVIEW_SESSION,FIRST_PANEL_02_TECHNICAL_REVIEWER,INTERVIEW,CONSUMED,1.0,2026-12-21T10:00:00+09:00,ACTUAL_PARTICIPATION
EA_000204,APP0037_FIRST_INTERVIEW,APP0037_FIRST_INTERVIEW_CALIBRATION,FIRST_PANEL_02_ML_ENGINEER,CALIBRATION,RESERVED,0.25,2026-12-21T10:00:00+09:00,CALIBRATION_REQUIRED
EA_000205,APP0037_FIRST_INTERVIEW,APP0037_FIRST_INTERVIEW_CALIBRATION,FIRST_PANEL_02_ML_ENGINEER,CALIBRATION,CONSUMED,0.25,2026-12-21T10:15:00+09:00,ACTUAL_PARTICIPATION
EA_000206,APP0037_FIRST_INTERVIEW,APP0037_FIRST_INTERVIEW_CALIBRATION,FIRST_PANEL_02_HIRING_MANAGER,CALIBRATION,RESERVED,0.25,2026-12-21T10:00:00+09:00,CALIBRATION_REQUIRED
EA_000207,APP0037_FIRST_INTERVIEW,APP0037_FIRST_INTERVIEW_CALIBRATION,FIRST_PANEL_02_HIRING_MANAGER,CALIBRATION,CONSUMED,0.25,2026-12-21T10:15:00+09:00,ACTUAL_PARTICIPATION
EA_000208,APP0039_FIRST_INTERVIEW,,FIRST_PANEL_03_ML_ENGINEER,INTERVIEW,RESERVED,1.0,2026-12-08T14:04:00+09:00,SCHEDULED_ALLOCATION
EA_000209,APP0039_FIRST_INTERVIEW,,FIRST_PANEL_03_HIRING_MANAGER,INTERVIEW,RESERVED,1.0,2026-12-08T14:04:00+09:00,SCHEDULED_ALLOCATION
EA_000210,APP0039_FIRST_INTERVIEW,,FIRST_PANEL_03_TECHNICAL_REVIEWER,INTERVIEW,RESERVED,1.0,2026-12-08T14:04:00+09:00,SCHEDULED_ALLOCATION
EA_000211,APP0039_FIRST_INTERVIEW,APP0039_FIRST_INTERVIEW_FIRST_INTERVIEW_SESSION,FIRST_PANEL_03_ML_ENGINEER,INTERVIEW,CONSUMED,1.0,2026-12-21T10:00:00+09:00,ACTUAL_PARTICIPATION
EA_000212,APP0039_FIRST_INTERVIEW,APP0039_FIRST_INTERVIEW_FIRST_INTERVIEW_SESSION,FIRST_PANEL_03_HIRING_MANAGER,INTERVIEW,CONSUMED,1.0,2026-12-21T10:00:00+09:00,ACTUAL_PARTICIPATION
EA_000213,APP0039_FIRST_INTERVIEW,APP0039_FIRST_INTERVIEW_FIRST_INTERVIEW_SESSION,FIRST_PANEL_03_TECHNICAL_REVIEWER,INTERVIEW,CONSUMED,1.0,2026-12-21T10:00:00+09:00,ACTUAL_PARTICIPATION
EA_000214,APP0039_FIRST_INTERVIEW,APP0039_FIRST_INTERVIEW_CALIBRATION,FIRST_PANEL_03_ML_ENGINEER,CALIBRATION,RESERVED,0.25,2026-12-21T10:00:00+09:00,CALIBRATION_REQUIRED
EA_000215,APP0039_FIRST_INTERVIEW,APP0039_FIRST_INTERVIEW_CALIBRATION,FIRST_PANEL_03_ML_ENGINEER,CALIBRATION,CONSUMED,0.25,2026-12-21T10:15:00+09:00,ACTUAL_PARTICIPATION
EA_000216,APP0039_FIRST_INTERVIEW,APP0039_FIRST_INTERVIEW_CALIBRATION,FIRST_PANEL_03_HIRING_MANAGER,CALIBRATION,RESERVED,0.25,2026-12-21T10:00:00+09:00,CALIBRATION_REQUIRED
EA_000217,APP0039_FIRST_INTERVIEW,APP0039_FIRST_INTERVIEW_CALIBRATION,FIRST_PANEL_03_HIRING_MANAGER,CALIBRATION,CONSUMED,0.25,2026-12-21T10:15:00+09:00,ACTUAL_PARTICIPATION
EA_000218,APP0040_FIRST_INTERVIEW,,FIRST_PANEL_04_ML_ENGINEER,INTERVIEW,RESERVED,1.0,2026-12-08T14:04:00+09:00,SCHEDULED_ALLOCATION
EA_000219,APP0040_FIRST_INTERVIEW,,FIRST_PANEL_04_HIRING_MANAGER,INTERVIEW,RESERVED,1.0,2026-12-08T14:04:00+09:00,SCHEDULED_ALLOCATION
EA_000220,APP0040_FIRST_INTERVIEW,,FIRST_PANEL_04_TECHNICAL_REVIEWER,INTERVIEW,RESERVED,1.0,2026-12-08T14:04:00+09:00,SCHEDULED_ALLOCATION
EA_000221,APP0040_FIRST_INTERVIEW,APP0040_FIRST_INTERVIEW_FIRST_INTERVIEW_SESSION,FIRST_PANEL_04_ML_ENGINEER,INTERVIEW,CONSUMED,1.0,2026-12-21T10:00:00+09:00,ACTUAL_PARTICIPATION
EA_000222,APP0040_FIRST_INTERVIEW,APP0040_FIRST_INTERVIEW_FIRST_INTERVIEW_SESSION,FIRST_PANEL_04_HIRING_MANAGER,INTERVIEW,CONSUMED,1.0,2026-12-21T10:00:00+09:00,ACTUAL_PARTICIPATION
EA_000223,APP0040_FIRST_INTERVIEW,APP0040_FIRST_INTERVIEW_FIRST_INTERVIEW_SESSION,FIRST_PANEL_04_TECHNICAL_REVIEWER,INTERVIEW,CONSUMED,1.0,2026-12-21T10:00:00+09:00,ACTUAL_PARTICIPATION
EA_000224,APP0040_FIRST_INTERVIEW,APP0040_FIRST_INTERVIEW_CALIBRATION,FIRST_PANEL_04_ML_ENGINEER,CALIBRATION,RESERVED,0.25,2026-12-21T10:00:00+09:00,CALIBRATION_REQUIRED
EA_000225,APP0040_FIRST_INTERVIEW,APP0040_FIRST_INTERVIEW_CALIBRATION,FIRST_PANEL_04_ML_ENGINEER,CALIBRATION,CONSUMED,0.25,2026-12-21T10:15:00+09:00,ACTUAL_PARTICIPATION
EA_000226,APP0040_FIRST_INTERVIEW,APP0040_FIRST_INTERVIEW_CALIBRATION,FIRST_PANEL_04_HIRING_MANAGER,CALIBRATION,RESERVED,0.25,2026-12-21T10:00:00+09:00,CALIBRATION_REQUIRED
EA_000227,APP0040_FIRST_INTERVIEW,APP0040_FIRST_INTERVIEW_CALIBRATION,FIRST_PANEL_04_HIRING_MANAGER,CALIBRATION,CONSUMED,0.25,2026-12-21T10:15:00+09:00,ACTUAL_PARTICIPATION
EA_000228,APP0041_FIRST_INTERVIEW,,FIRST_PANEL_05_ML_ENGINEER,INTERVIEW,RESERVED,1.0,2026-12-08T14:04:00+09:00,SCHEDULED_ALLOCATION
EA_000229,APP0041_FIRST_INTERVIEW,,FIRST_PANEL_05_HIRING_MANAGER,INTERVIEW,RESERVED,1.0,2026-12-08T14:04:00+09:00,SCHEDULED_ALLOCATION
EA_000230,APP0041_FIRST_INTERVIEW,,FIRST_PANEL_05_TECHNICAL_REVIEWER,INTERVIEW,RESERVED,1.0,2026-12-08T14:04:00+09:00,SCHEDULED_ALLOCATION
EA_000231,APP0041_FIRST_INTERVIEW,APP0041_FIRST_INTERVIEW_FIRST_INTERVIEW_SESSION,FIRST_PANEL_05_ML_ENGINEER,INTERVIEW,CONSUMED,1.0,2026-12-21T10:00:00+09:00,ACTUAL_PARTICIPATION
EA_000232,APP0041_FIRST_INTERVIEW,APP0041_FIRST_INTERVIEW_FIRST_INTERVIEW_SESSION,FIRST_PANEL_05_HIRING_MANAGER,INTERVIEW,CONSUMED,1.0,2026-12-21T10:00:00+09:00,ACTUAL_PARTICIPATION
EA_000233,APP0041_FIRST_INTERVIEW,APP0041_FIRST_INTERVIEW_FIRST_INTERVIEW_SESSION,FIRST_PANEL_05_TECHNICAL_REVIEWER,INTERVIEW,CONSUMED,1.0,2026-12-21T10:00:00+09:00,ACTUAL_PARTICIPATION
EA_000234,APP0041_FIRST_INTERVIEW,APP0041_FIRST_INTERVIEW_CALIBRATION,FIRST_PANEL_05_ML_ENGINEER,CALIBRATION,RESERVED,0.25,2026-12-21T10:00:00+09:00,CALIBRATION_REQUIRED
EA_000235,APP0041_FIRST_INTERVIEW,APP0041_FIRST_INTERVIEW_CALIBRATION,FIRST_PANEL_05_ML_ENGINEER,CALIBRATION,CONSUMED,0.25,2026-12-21T10:15:00+09:00,ACTUAL_PARTICIPATION
EA_000236,APP0041_FIRST_INTERVIEW,APP0041_FIRST_INTERVIEW_CALIBRATION,FIRST_PANEL_05_HIRING_MANAGER,CALIBRATION,RESERVED,0.25,2026-12-21T10:00:00+09:00,CALIBRATION_REQUIRED
EA_000237,APP0041_FIRST_INTERVIEW,APP0041_FIRST_INTERVIEW_CALIBRATION,FIRST_PANEL_05_HIRING_MANAGER,CALIBRATION,CONSUMED,0.25,2026-12-21T10:15:00+09:00,ACTUAL_PARTICIPATION
EA_000238,APP0042_FIRST_INTERVIEW,,FIRST_PANEL_06_ML_ENGINEER,INTERVIEW,RESERVED,1.0,2026-12-08T14:04:00+09:00,SCHEDULED_ALLOCATION
EA_000239,APP0042_FIRST_INTERVIEW,,FIRST_PANEL_06_HIRING_MANAGER,INTERVIEW,RESERVED,1.0,2026-12-08T14:04:00+09:00,SCHEDULED_ALLOCATION
EA_000240,APP0042_FIRST_INTERVIEW,,FIRST_PANEL_06_TECHNICAL_REVIEWER,INTERVIEW,RESERVED,1.0,2026-12-08T14:04:00+09:00,SCHEDULED_ALLOCATION
EA_000241,APP0042_FIRST_INTERVIEW,APP0042_FIRST_INTERVIEW_FIRST_INTERVIEW_SESSION,FIRST_PANEL_06_ML_ENGINEER,INTERVIEW,CONSUMED,1.0,2026-12-21T10:00:00+09:00,ACTUAL_PARTICIPATION
EA_000242,APP0042_FIRST_INTERVIEW,APP0042_FIRST_INTERVIEW_FIRST_INTERVIEW_SESSION,FIRST_PANEL_06_HIRING_MANAGER,INTERVIEW,CONSUMED,1.0,2026-12-21T10:00:00+09:00,ACTUAL_PARTICIPATION
EA_000243,APP0042_FIRST_INTERVIEW,APP0042_FIRST_INTERVIEW_FIRST_INTERVIEW_SESSION,FIRST_PANEL_06_TECHNICAL_REVIEWER,INTERVIEW,CONSUMED,1.0,2026-12-21T10:00:00+09:00,ACTUAL_PARTICIPATION
EA_000244,APP0042_FIRST_INTERVIEW,APP0042_FIRST_INTERVIEW_CALIBRATION,FIRST_PANEL_06_ML_ENGINEER,CALIBRATION,RESERVED,0.25,2026-12-21T10:00:00+09:00,CALIBRATION_REQUIRED
EA_000245,APP0042_FIRST_INTERVIEW,APP0042_FIRST_INTERVIEW_CALIBRATION,FIRST_PANEL_06_ML_ENGINEER,CALIBRATION,CONSUMED,0.25,2026-12-21T10:15:00+09:00,ACTUAL_PARTICIPATION
EA_000246,APP0042_FIRST_INTERVIEW,APP0042_FIRST_INTERVIEW_CALIBRATION,FIRST_PANEL_06_HIRING_MANAGER,CALIBRATION,RESERVED,0.25,2026-12-21T10:00:00+09:00,CALIBRATION_REQUIRED
EA_000247,APP0042_FIRST_INTERVIEW,APP0042_FIRST_INTERVIEW_CALIBRATION,FIRST_PANEL_06_HIRING_MANAGER,CALIBRATION,CONSUMED,0.25,2026-12-21T10:15:00+09:00,ACTUAL_PARTICIPATION
EA_000248,APP0044_FIRST_INTERVIEW,,FIRST_PANEL_07_ML_ENGINEER,INTERVIEW,RESERVED,1.0,2026-12-08T14:04:00+09:00,SCHEDULED_ALLOCATION
EA_000249,APP0044_FIRST_INTERVIEW,,FIRST_PANEL_07_HIRING_MANAGER,INTERVIEW,RESERVED,1.0,2026-12-08T14:04:00+09:00,SCHEDULED_ALLOCATION
EA_000250,APP0044_FIRST_INTERVIEW,,FIRST_PANEL_07_TECHNICAL_REVIEWER,INTERVIEW,RESERVED,1.0,2026-12-08T14:04:00+09:00,SCHEDULED_ALLOCATION
EA_000251,APP0044_FIRST_INTERVIEW,APP0044_FIRST_INTERVIEW_FIRST_INTERVIEW_SESSION,FIRST_PANEL_07_ML_ENGINEER,INTERVIEW,CONSUMED,1.0,2026-12-21T10:00:00+09:00,ACTUAL_PARTICIPATION
EA_000252,APP0044_FIRST_INTERVIEW,APP0044_FIRST_INTERVIEW_FIRST_INTERVIEW_SESSION,FIRST_PANEL_07_HIRING_MANAGER,INTERVIEW,CONSUMED,1.0,2026-12-21T10:00:00+09:00,ACTUAL_PARTICIPATION
EA_000253,APP0044_FIRST_INTERVIEW,APP0044_FIRST_INTERVIEW_FIRST_INTERVIEW_SESSION,FIRST_PANEL_07_TECHNICAL_REVIEWER,INTERVIEW,CONSUMED,1.0,2026-12-21T10:00:00+09:00,ACTUAL_PARTICIPATION
EA_000254,APP0044_FIRST_INTERVIEW,APP0044_FIRST_INTERVIEW_CALIBRATION,FIRST_PANEL_07_ML_ENGINEER,CALIBRATION,RESERVED,0.25,2026-12-21T10:00:00+09:00,CALIBRATION_REQUIRED
EA_000255,APP0044_FIRST_INTERVIEW,APP0044_FIRST_INTERVIEW_CALIBRATION,FIRST_PANEL_07_ML_ENGINEER,CALIBRATION,CONSUMED,0.25,2026-12-21T10:15:00+09:00,ACTUAL_PARTICIPATION
EA_000256,APP0044_FIRST_INTERVIEW,APP0044_FIRST_INTERVIEW_CALIBRATION,FIRST_PANEL_07_HIRING_MANAGER,CALIBRATION,RESERVED,0.25,2026-12-21T10:00:00+09:00,CALIBRATION_REQUIRED
EA_000257,APP0044_FIRST_INTERVIEW,APP0044_FIRST_INTERVIEW_CALIBRATION,FIRST_PANEL_07_HIRING_MANAGER,CALIBRATION,CONSUMED,0.25,2026-12-21T10:15:00+09:00,ACTUAL_PARTICIPATION
EA_000258,APP0045_FIRST_INTERVIEW,,FIRST_PANEL_08_ML_ENGINEER,INTERVIEW,RESERVED,1.0,2026-12-08T14:04:00+09:00,SCHEDULED_ALLOCATION
EA_000259,APP0045_FIRST_INTERVIEW,,FIRST_PANEL_08_HIRING_MANAGER,INTERVIEW,RESERVED,1.0,2026-12-08T14:04:00+09:00,SCHEDULED_ALLOCATION
EA_000260,APP0045_FIRST_INTERVIEW,,FIRST_PANEL_08_TECHNICAL_REVIEWER,INTERVIEW,RESERVED,1.0,2026-12-08T14:04:00+09:00,SCHEDULED_ALLOCATION
EA_000261,APP0045_FIRST_INTERVIEW,APP0045_FIRST_INTERVIEW_FIRST_INTERVIEW_SESSION,FIRST_PANEL_08_ML_ENGINEER,INTERVIEW,CONSUMED,1.0,2026-12-21T10:00:00+09:00,ACTUAL_PARTICIPATION
EA_000262,APP0045_FIRST_INTERVIEW,APP0045_FIRST_INTERVIEW_FIRST_INTERVIEW_SESSION,FIRST_PANEL_08_HIRING_MANAGER,INTERVIEW,CONSUMED,1.0,2026-12-21T10:00:00+09:00,ACTUAL_PARTICIPATION
EA_000263,APP0045_FIRST_INTERVIEW,APP0045_FIRST_INTERVIEW_FIRST_INTERVIEW_SESSION,FIRST_PANEL_08_TECHNICAL_REVIEWER,INTERVIEW,CONSUMED,1.0,2026-12-21T10:00:00+09:00,ACTUAL_PARTICIPATION
EA_000264,APP0045_FIRST_INTERVIEW,APP0045_FIRST_INTERVIEW_CALIBRATION,FIRST_PANEL_08_ML_ENGINEER,CALIBRATION,RESERVED,0.25,2026-12-21T10:00:00+09:00,CALIBRATION_REQUIRED
EA_000265,APP0045_FIRST_INTERVIEW,APP0045_FIRST_INTERVIEW_CALIBRATION,FIRST_PANEL_08_ML_ENGINEER,CALIBRATION,CONSUMED,0.25,2026-12-21T10:15:00+09:00,ACTUAL_PARTICIPATION
EA_000266,APP0045_FIRST_INTERVIEW,APP0045_FIRST_INTERVIEW_CALIBRATION,FIRST_PANEL_08_HIRING_MANAGER,CALIBRATION,RESERVED,0.25,2026-12-21T10:00:00+09:00,CALIBRATION_REQUIRED
EA_000267,APP0045_FIRST_INTERVIEW,APP0045_FIRST_INTERVIEW_CALIBRATION,FIRST_PANEL_08_HIRING_MANAGER,CALIBRATION,CONSUMED,0.25,2026-12-21T10:15:00+09:00,ACTUAL_PARTICIPATION
EA_000268,APP0046_FIRST_INTERVIEW,,FIRST_PANEL_09_ML_ENGINEER,INTERVIEW,RESERVED,1.0,2026-12-08T14:04:00+09:00,SCHEDULED_ALLOCATION
EA_000269,APP0046_FIRST_INTERVIEW,,FIRST_PANEL_09_HIRING_MANAGER,INTERVIEW,RESERVED,1.0,2026-12-08T14:04:00+09:00,SCHEDULED_ALLOCATION
EA_000270,APP0046_FIRST_INTERVIEW,,FIRST_PANEL_09_TECHNICAL_REVIEWER,INTERVIEW,RESERVED,1.0,2026-12-08T14:04:00+09:00,SCHEDULED_ALLOCATION
EA_000271,APP0046_FIRST_INTERVIEW,APP0046_FIRST_INTERVIEW_FIRST_INTERVIEW_SESSION,FIRST_PANEL_09_ML_ENGINEER,INTERVIEW,CONSUMED,1.0,2026-12-21T10:00:00+09:00,ACTUAL_PARTICIPATION
EA_000272,APP0046_FIRST_INTERVIEW,APP0046_FIRST_INTERVIEW_FIRST_INTERVIEW_SESSION,FIRST_PANEL_09_HIRING_MANAGER,INTERVIEW,CONSUMED,1.0,2026-12-21T10:00:00+09:00,ACTUAL_PARTICIPATION
EA_000273,APP0046_FIRST_INTERVIEW,APP0046_FIRST_INTERVIEW_FIRST_INTERVIEW_SESSION,FIRST_PANEL_09_TECHNICAL_REVIEWER,INTERVIEW,CONSUMED,1.0,2026-12-21T10:00:00+09:00,ACTUAL_PARTICIPATION
EA_000274,APP0046_FIRST_INTERVIEW,APP0046_FIRST_INTERVIEW_CALIBRATION,FIRST_PANEL_09_ML_ENGINEER,CALIBRATION,RESERVED,0.25,2026-12-21T10:00:00+09:00,CALIBRATION_REQUIRED
EA_000275,APP0046_FIRST_INTERVIEW,APP0046_FIRST_INTERVIEW_CALIBRATION,FIRST_PANEL_09_ML_ENGINEER,CALIBRATION,CONSUMED,0.25,2026-12-21T10:15:00+09:00,ACTUAL_PARTICIPATION
EA_000276,APP0046_FIRST_INTERVIEW,APP0046_FIRST_INTERVIEW_CALIBRATION,FIRST_PANEL_09_HIRING_MANAGER,CALIBRATION,RESERVED,0.25,2026-12-21T10:00:00+09:00,CALIBRATION_REQUIRED
EA_000277,APP0046_FIRST_INTERVIEW,APP0046_FIRST_INTERVIEW_CALIBRATION,FIRST_PANEL_09_HIRING_MANAGER,CALIBRATION,CONSUMED,0.25,2026-12-21T10:15:00+09:00,ACTUAL_PARTICIPATION
EA_000278,APP0048_FIRST_INTERVIEW,,FIRST_PANEL_10_ML_ENGINEER,INTERVIEW,RESERVED,1.0,2026-12-08T14:04:00+09:00,SCHEDULED_ALLOCATION
EA_000279,APP0048_FIRST_INTERVIEW,,FIRST_PANEL_10_HIRING_MANAGER,INTERVIEW,RESERVED,1.0,2026-12-08T14:04:00+09:00,SCHEDULED_ALLOCATION
EA_000280,APP0048_FIRST_INTERVIEW,,FIRST_PANEL_10_TECHNICAL_REVIEWER,INTERVIEW,RESERVED,1.0,2026-12-08T14:04:00+09:00,SCHEDULED_ALLOCATION
EA_000281,APP0048_FIRST_INTERVIEW,APP0048_FIRST_INTERVIEW_FIRST_INTERVIEW_SESSION,FIRST_PANEL_10_ML_ENGINEER,INTERVIEW,CONSUMED,1.0,2026-12-21T10:00:00+09:00,ACTUAL_PARTICIPATION
EA_000282,APP0048_FIRST_INTERVIEW,APP0048_FIRST_INTERVIEW_FIRST_INTERVIEW_SESSION,FIRST_PANEL_10_HIRING_MANAGER,INTERVIEW,CONSUMED,1.0,2026-12-21T10:00:00+09:00,ACTUAL_PARTICIPATION
EA_000283,APP0048_FIRST_INTERVIEW,APP0048_FIRST_INTERVIEW_FIRST_INTERVIEW_SESSION,FIRST_PANEL_10_TECHNICAL_REVIEWER,INTERVIEW,CONSUMED,1.0,2026-12-21T10:00:00+09:00,ACTUAL_PARTICIPATION
EA_000284,APP0048_FIRST_INTERVIEW,APP0048_FIRST_INTERVIEW_CALIBRATION,FIRST_PANEL_10_ML_ENGINEER,CALIBRATION,RESERVED,0.25,2026-12-21T10:00:00+09:00,CALIBRATION_REQUIRED
EA_000285,APP0048_FIRST_INTERVIEW,APP0048_FIRST_INTERVIEW_CALIBRATION,FIRST_PANEL_10_ML_ENGINEER,CALIBRATION,CONSUMED,0.25,2026-12-21T10:15:00+09:00,ACTUAL_PARTICIPATION
EA_000286,APP0048_FIRST_INTERVIEW,APP0048_FIRST_INTERVIEW_CALIBRATION,FIRST_PANEL_10_HIRING_MANAGER,CALIBRATION,RESERVED,0.25,2026-12-21T10:00:00+09:00,CALIBRATION_REQUIRED
EA_000287,APP0048_FIRST_INTERVIEW,APP0048_FIRST_INTERVIEW_CALIBRATION,FIRST_PANEL_10_HIRING_MANAGER,CALIBRATION,CONSUMED,0.25,2026-12-21T10:15:00+09:00,ACTUAL_PARTICIPATION
EA_000288,APP0049_FIRST_INTERVIEW,,FIRST_PANEL_01_ML_ENGINEER,INTERVIEW,RESERVED,1.0,2026-12-08T14:04:00+09:00,SCHEDULED_ALLOCATION
EA_000289,APP0049_FIRST_INTERVIEW,,FIRST_PANEL_01_HIRING_MANAGER,INTERVIEW,RESERVED,1.0,2026-12-08T14:04:00+09:00,SCHEDULED_ALLOCATION
EA_000290,APP0049_FIRST_INTERVIEW,,FIRST_PANEL_01_TECHNICAL_REVIEWER,INTERVIEW,RESERVED,1.0,2026-12-08T14:04:00+09:00,SCHEDULED_ALLOCATION
EA_000291,APP0049_FIRST_INTERVIEW,APP0049_FIRST_INTERVIEW_FIRST_INTERVIEW_SESSION,FIRST_PANEL_01_ML_ENGINEER,INTERVIEW,CONSUMED,1.0,2026-12-24T10:00:00+09:00,ACTUAL_PARTICIPATION
EA_000292,APP0049_FIRST_INTERVIEW,APP0049_FIRST_INTERVIEW_FIRST_INTERVIEW_SESSION,FIRST_PANEL_01_HIRING_MANAGER,INTERVIEW,CONSUMED,1.0,2026-12-24T10:00:00+09:00,ACTUAL_PARTICIPATION
EA_000293,APP0049_FIRST_INTERVIEW,APP0049_FIRST_INTERVIEW_FIRST_INTERVIEW_SESSION,FIRST_PANEL_01_TECHNICAL_REVIEWER,INTERVIEW,CONSUMED,1.0,2026-12-24T10:00:00+09:00,ACTUAL_PARTICIPATION
EA_000294,APP0049_FIRST_INTERVIEW,APP0049_FIRST_INTERVIEW_CALIBRATION,FIRST_PANEL_01_ML_ENGINEER,CALIBRATION,RESERVED,0.25,2026-12-24T10:00:00+09:00,CALIBRATION_REQUIRED
EA_000295,APP0049_FIRST_INTERVIEW,APP0049_FIRST_INTERVIEW_CALIBRATION,FIRST_PANEL_01_ML_ENGINEER,CALIBRATION,CONSUMED,0.25,2026-12-24T10:15:00+09:00,ACTUAL_PARTICIPATION
EA_000296,APP0049_FIRST_INTERVIEW,APP0049_FIRST_INTERVIEW_CALIBRATION,FIRST_PANEL_01_HIRING_MANAGER,CALIBRATION,RESERVED,0.25,2026-12-24T10:00:00+09:00,CALIBRATION_REQUIRED
EA_000297,APP0049_FIRST_INTERVIEW,APP0049_FIRST_INTERVIEW_CALIBRATION,FIRST_PANEL_01_HIRING_MANAGER,CALIBRATION,CONSUMED,0.25,2026-12-24T10:15:00+09:00,ACTUAL_PARTICIPATION
EA_000298,APP0050_FIRST_INTERVIEW,,FIRST_PANEL_02_ML_ENGINEER,INTERVIEW,RESERVED,1.0,2026-12-08T14:04:00+09:00,SCHEDULED_ALLOCATION
EA_000299,APP0050_FIRST_INTERVIEW,,FIRST_PANEL_02_HIRING_MANAGER,INTERVIEW,RESERVED,1.0,2026-12-08T14:04:00+09:00,SCHEDULED_ALLOCATION
EA_000300,APP0050_FIRST_INTERVIEW,,FIRST_PANEL_02_TECHNICAL_REVIEWER,INTERVIEW,RESERVED,1.0,2026-12-08T14:04:00+09:00,SCHEDULED_ALLOCATION
EA_000301,APP0050_FIRST_INTERVIEW,APP0050_FIRST_INTERVIEW_FIRST_INTERVIEW_SESSION,FIRST_PANEL_02_ML_ENGINEER,INTERVIEW,CONSUMED,1.0,2026-12-24T10:00:00+09:00,ACTUAL_PARTICIPATION
EA_000302,APP0050_FIRST_INTERVIEW,APP0050_FIRST_INTERVIEW_FIRST_INTERVIEW_SESSION,FIRST_PANEL_02_HIRING_MANAGER,INTERVIEW,CONSUMED,1.0,2026-12-24T10:00:00+09:00,ACTUAL_PARTICIPATION
EA_000303,APP0050_FIRST_INTERVIEW,APP0050_FIRST_INTERVIEW_FIRST_INTERVIEW_SESSION,FIRST_PANEL_02_TECHNICAL_REVIEWER,INTERVIEW,CONSUMED,1.0,2026-12-24T10:00:00+09:00,ACTUAL_PARTICIPATION
EA_000304,APP0050_FIRST_INTERVIEW,APP0050_FIRST_INTERVIEW_CALIBRATION,FIRST_PANEL_02_ML_ENGINEER,CALIBRATION,RESERVED,0.25,2026-12-24T10:00:00+09:00,CALIBRATION_REQUIRED
EA_000305,APP0050_FIRST_INTERVIEW,APP0050_FIRST_INTERVIEW_CALIBRATION,FIRST_PANEL_02_ML_ENGINEER,CALIBRATION,CONSUMED,0.25,2026-12-24T10:15:00+09:00,ACTUAL_PARTICIPATION
EA_000306,APP0050_FIRST_INTERVIEW,APP0050_FIRST_INTERVIEW_CALIBRATION,FIRST_PANEL_02_HIRING_MANAGER,CALIBRATION,RESERVED,0.25,2026-12-24T10:00:00+09:00,CALIBRATION_REQUIRED
EA_000307,APP0050_FIRST_INTERVIEW,APP0050_FIRST_INTERVIEW_CALIBRATION,FIRST_PANEL_02_HIRING_MANAGER,CALIBRATION,CONSUMED,0.25,2026-12-24T10:15:00+09:00,ACTUAL_PARTICIPATION
EA_000308,APP0051_FIRST_INTERVIEW,,FIRST_PANEL_03_ML_ENGINEER,INTERVIEW,RESERVED,1.0,2026-12-08T14:04:00+09:00,SCHEDULED_ALLOCATION
EA_000309,APP0051_FIRST_INTERVIEW,,FIRST_PANEL_03_HIRING_MANAGER,INTERVIEW,RESERVED,1.0,2026-12-08T14:04:00+09:00,SCHEDULED_ALLOCATION
EA_000310,APP0051_FIRST_INTERVIEW,,FIRST_PANEL_03_TECHNICAL_REVIEWER,INTERVIEW,RESERVED,1.0,2026-12-08T14:04:00+09:00,SCHEDULED_ALLOCATION
EA_000311,APP0051_FIRST_INTERVIEW,APP0051_FIRST_INTERVIEW_FIRST_INTERVIEW_SESSION,FIRST_PANEL_03_ML_ENGINEER,INTERVIEW,CONSUMED,1.0,2026-12-24T10:00:00+09:00,ACTUAL_PARTICIPATION
EA_000312,APP0051_FIRST_INTERVIEW,APP0051_FIRST_INTERVIEW_FIRST_INTERVIEW_SESSION,FIRST_PANEL_03_HIRING_MANAGER,INTERVIEW,CONSUMED,1.0,2026-12-24T10:00:00+09:00,ACTUAL_PARTICIPATION
EA_000313,APP0051_FIRST_INTERVIEW,APP0051_FIRST_INTERVIEW_FIRST_INTERVIEW_SESSION,FIRST_PANEL_03_TECHNICAL_REVIEWER,INTERVIEW,CONSUMED,1.0,2026-12-24T10:00:00+09:00,ACTUAL_PARTICIPATION
EA_000314,APP0051_FIRST_INTERVIEW,APP0051_FIRST_INTERVIEW_CALIBRATION,FIRST_PANEL_03_ML_ENGINEER,CALIBRATION,RESERVED,0.25,2026-12-24T10:00:00+09:00,CALIBRATION_REQUIRED
EA_000315,APP0051_FIRST_INTERVIEW,APP0051_FIRST_INTERVIEW_CALIBRATION,FIRST_PANEL_03_ML_ENGINEER,CALIBRATION,CONSUMED,0.25,2026-12-24T10:15:00+09:00,ACTUAL_PARTICIPATION
EA_000316,APP0051_FIRST_INTERVIEW,APP0051_FIRST_INTERVIEW_CALIBRATION,FIRST_PANEL_03_HIRING_MANAGER,CALIBRATION,RESERVED,0.25,2026-12-24T10:00:00+09:00,CALIBRATION_REQUIRED
EA_000317,APP0051_FIRST_INTERVIEW,APP0051_FIRST_INTERVIEW_CALIBRATION,FIRST_PANEL_03_HIRING_MANAGER,CALIBRATION,CONSUMED,0.25,2026-12-24T10:15:00+09:00,ACTUAL_PARTICIPATION
EA_000318,APP0052_FIRST_INTERVIEW,,FIRST_PANEL_04_ML_ENGINEER,INTERVIEW,RESERVED,1.0,2026-12-08T14:04:00+09:00,SCHEDULED_ALLOCATION
EA_000319,APP0052_FIRST_INTERVIEW,,FIRST_PANEL_04_HIRING_MANAGER,INTERVIEW,RESERVED,1.0,2026-12-08T14:04:00+09:00,SCHEDULED_ALLOCATION
EA_000320,APP0052_FIRST_INTERVIEW,,FIRST_PANEL_04_TECHNICAL_REVIEWER,INTERVIEW,RESERVED,1.0,2026-12-08T14:04:00+09:00,SCHEDULED_ALLOCATION
EA_000321,APP0052_FIRST_INTERVIEW,,FIRST_PANEL_04_ML_ENGINEER,INTERVIEW,RELEASED,1.0,2026-12-25T09:00:00+09:00,NO_RESPONSE_UNUSED
EA_000322,APP0052_FIRST_INTERVIEW,,FIRST_PANEL_04_HIRING_MANAGER,INTERVIEW,RELEASED,1.0,2026-12-25T09:00:00+09:00,NO_RESPONSE_UNUSED
EA_000323,APP0052_FIRST_INTERVIEW,,FIRST_PANEL_04_TECHNICAL_REVIEWER,INTERVIEW,RELEASED,1.0,2026-12-25T09:00:00+09:00,NO_RESPONSE_UNUSED
EA_000324,APP0053_FIRST_INTERVIEW,,FIRST_PANEL_05_ML_ENGINEER,INTERVIEW,RESERVED,1.0,2026-12-08T14:04:00+09:00,SCHEDULED_ALLOCATION
EA_000325,APP0053_FIRST_INTERVIEW,,FIRST_PANEL_05_HIRING_MANAGER,INTERVIEW,RESERVED,1.0,2026-12-08T14:04:00+09:00,SCHEDULED_ALLOCATION
EA_000326,APP0053_FIRST_INTERVIEW,,FIRST_PANEL_05_TECHNICAL_REVIEWER,INTERVIEW,RESERVED,1.0,2026-12-08T14:04:00+09:00,SCHEDULED_ALLOCATION
EA_000327,APP0053_FIRST_INTERVIEW,APP0053_FIRST_INTERVIEW_FIRST_INTERVIEW_SESSION,FIRST_PANEL_05_ML_ENGINEER,INTERVIEW,CONSUMED,1.0,2026-12-24T10:00:00+09:00,ACTUAL_PARTICIPATION
EA_000328,APP0053_FIRST_INTERVIEW,APP0053_FIRST_INTERVIEW_FIRST_INTERVIEW_SESSION,FIRST_PANEL_05_HIRING_MANAGER,INTERVIEW,CONSUMED,1.0,2026-12-24T10:00:00+09:00,ACTUAL_PARTICIPATION
EA_000329,APP0053_FIRST_INTERVIEW,APP0053_FIRST_INTERVIEW_FIRST_INTERVIEW_SESSION,FIRST_PANEL_05_TECHNICAL_REVIEWER,INTERVIEW,CONSUMED,1.0,2026-12-24T10:00:00+09:00,ACTUAL_PARTICIPATION
EA_000330,APP0053_FIRST_INTERVIEW,APP0053_FIRST_INTERVIEW_CALIBRATION,FIRST_PANEL_05_ML_ENGINEER,CALIBRATION,RESERVED,0.25,2026-12-24T10:00:00+09:00,CALIBRATION_REQUIRED
EA_000331,APP0053_FIRST_INTERVIEW,APP0053_FIRST_INTERVIEW_CALIBRATION,FIRST_PANEL_05_ML_ENGINEER,CALIBRATION,CONSUMED,0.25,2026-12-24T10:15:00+09:00,ACTUAL_PARTICIPATION
EA_000332,APP0053_FIRST_INTERVIEW,APP0053_FIRST_INTERVIEW_CALIBRATION,FIRST_PANEL_05_HIRING_MANAGER,CALIBRATION,RESERVED,0.25,2026-12-24T10:00:00+09:00,CALIBRATION_REQUIRED
EA_000333,APP0053_FIRST_INTERVIEW,APP0053_FIRST_INTERVIEW_CALIBRATION,FIRST_PANEL_05_HIRING_MANAGER,CALIBRATION,CONSUMED,0.25,2026-12-24T10:15:00+09:00,ACTUAL_PARTICIPATION
EA_000334,APP0056_FIRST_INTERVIEW,,FIRST_PANEL_06_ML_ENGINEER,INTERVIEW,RESERVED,1.0,2026-12-08T14:04:00+09:00,SCHEDULED_ALLOCATION
EA_000335,APP0056_FIRST_INTERVIEW,,FIRST_PANEL_06_HIRING_MANAGER,INTERVIEW,RESERVED,1.0,2026-12-08T14:04:00+09:00,SCHEDULED_ALLOCATION
EA_000336,APP0056_FIRST_INTERVIEW,,FIRST_PANEL_06_TECHNICAL_REVIEWER,INTERVIEW,RESERVED,1.0,2026-12-08T14:04:00+09:00,SCHEDULED_ALLOCATION
EA_000337,APP0056_FIRST_INTERVIEW,APP0056_FIRST_INTERVIEW_FIRST_INTERVIEW_SESSION,FIRST_PANEL_06_ML_ENGINEER,INTERVIEW,CONSUMED,1.0,2026-12-24T10:00:00+09:00,ACTUAL_PARTICIPATION
EA_000338,APP0056_FIRST_INTERVIEW,APP0056_FIRST_INTERVIEW_FIRST_INTERVIEW_SESSION,FIRST_PANEL_06_HIRING_MANAGER,INTERVIEW,CONSUMED,1.0,2026-12-24T10:00:00+09:00,ACTUAL_PARTICIPATION
EA_000339,APP0056_FIRST_INTERVIEW,APP0056_FIRST_INTERVIEW_FIRST_INTERVIEW_SESSION,FIRST_PANEL_06_TECHNICAL_REVIEWER,INTERVIEW,CONSUMED,1.0,2026-12-24T10:00:00+09:00,ACTUAL_PARTICIPATION
EA_000340,APP0056_FIRST_INTERVIEW,APP0056_FIRST_INTERVIEW_CALIBRATION,FIRST_PANEL_06_ML_ENGINEER,CALIBRATION,RESERVED,0.25,2026-12-24T10:00:00+09:00,CALIBRATION_REQUIRED
EA_000341,APP0056_FIRST_INTERVIEW,APP0056_FIRST_INTERVIEW_CALIBRATION,FIRST_PANEL_06_ML_ENGINEER,CALIBRATION,CONSUMED,0.25,2026-12-24T10:15:00+09:00,ACTUAL_PARTICIPATION
EA_000342,APP0056_FIRST_INTERVIEW,APP0056_FIRST_INTERVIEW_CALIBRATION,FIRST_PANEL_06_HIRING_MANAGER,CALIBRATION,RESERVED,0.25,2026-12-24T10:00:00+09:00,CALIBRATION_REQUIRED
EA_000343,APP0056_FIRST_INTERVIEW,APP0056_FIRST_INTERVIEW_CALIBRATION,FIRST_PANEL_06_HIRING_MANAGER,CALIBRATION,CONSUMED,0.25,2026-12-24T10:15:00+09:00,ACTUAL_PARTICIPATION
EA_000344,APP0057_FIRST_INTERVIEW,,FIRST_PANEL_07_ML_ENGINEER,INTERVIEW,RESERVED,1.0,2026-12-08T14:04:00+09:00,SCHEDULED_ALLOCATION
EA_000345,APP0057_FIRST_INTERVIEW,,FIRST_PANEL_07_HIRING_MANAGER,INTERVIEW,RESERVED,1.0,2026-12-08T14:04:00+09:00,SCHEDULED_ALLOCATION
EA_000346,APP0057_FIRST_INTERVIEW,,FIRST_PANEL_07_TECHNICAL_REVIEWER,INTERVIEW,RESERVED,1.0,2026-12-08T14:04:00+09:00,SCHEDULED_ALLOCATION
EA_000347,APP0057_FIRST_INTERVIEW,APP0057_FIRST_INTERVIEW_FIRST_INTERVIEW_SESSION,FIRST_PANEL_07_ML_ENGINEER,INTERVIEW,CONSUMED,1.0,2026-12-24T10:00:00+09:00,ACTUAL_PARTICIPATION
EA_000348,APP0057_FIRST_INTERVIEW,APP0057_FIRST_INTERVIEW_FIRST_INTERVIEW_SESSION,FIRST_PANEL_07_HIRING_MANAGER,INTERVIEW,CONSUMED,1.0,2026-12-24T10:00:00+09:00,ACTUAL_PARTICIPATION
EA_000349,APP0057_FIRST_INTERVIEW,APP0057_FIRST_INTERVIEW_FIRST_INTERVIEW_SESSION,FIRST_PANEL_07_TECHNICAL_REVIEWER,INTERVIEW,CONSUMED,1.0,2026-12-24T10:00:00+09:00,ACTUAL_PARTICIPATION
EA_000350,APP0057_FIRST_INTERVIEW,APP0057_FIRST_INTERVIEW_CALIBRATION,FIRST_PANEL_07_ML_ENGINEER,CALIBRATION,RESERVED,0.25,2026-12-24T10:00:00+09:00,CALIBRATION_REQUIRED
EA_000351,APP0057_FIRST_INTERVIEW,APP0057_FIRST_INTERVIEW_CALIBRATION,FIRST_PANEL_07_ML_ENGINEER,CALIBRATION,CONSUMED,0.25,2026-12-24T10:15:00+09:00,ACTUAL_PARTICIPATION
EA_000352,APP0057_FIRST_INTERVIEW,APP0057_FIRST_INTERVIEW_CALIBRATION,FIRST_PANEL_07_HIRING_MANAGER,CALIBRATION,RESERVED,0.25,2026-12-24T10:00:00+09:00,CALIBRATION_REQUIRED
EA_000353,APP0057_FIRST_INTERVIEW,APP0057_FIRST_INTERVIEW_CALIBRATION,FIRST_PANEL_07_HIRING_MANAGER,CALIBRATION,CONSUMED,0.25,2026-12-24T10:15:00+09:00,ACTUAL_PARTICIPATION
EA_000354,APP0058_FIRST_INTERVIEW,,FIRST_PANEL_08_ML_ENGINEER,INTERVIEW,RESERVED,1.0,2026-12-08T14:04:00+09:00,SCHEDULED_ALLOCATION
EA_000355,APP0058_FIRST_INTERVIEW,,FIRST_PANEL_08_HIRING_MANAGER,INTERVIEW,RESERVED,1.0,2026-12-08T14:04:00+09:00,SCHEDULED_ALLOCATION
EA_000356,APP0058_FIRST_INTERVIEW,,FIRST_PANEL_08_TECHNICAL_REVIEWER,INTERVIEW,RESERVED,1.0,2026-12-08T14:04:00+09:00,SCHEDULED_ALLOCATION
EA_000357,APP0058_FIRST_INTERVIEW,APP0058_FIRST_INTERVIEW_FIRST_INTERVIEW_SESSION,FIRST_PANEL_08_ML_ENGINEER,INTERVIEW,CONSUMED,1.0,2026-12-24T10:00:00+09:00,ACTUAL_PARTICIPATION
EA_000358,APP0058_FIRST_INTERVIEW,APP0058_FIRST_INTERVIEW_FIRST_INTERVIEW_SESSION,FIRST_PANEL_08_HIRING_MANAGER,INTERVIEW,CONSUMED,1.0,2026-12-24T10:00:00+09:00,ACTUAL_PARTICIPATION
EA_000359,APP0058_FIRST_INTERVIEW,APP0058_FIRST_INTERVIEW_FIRST_INTERVIEW_SESSION,FIRST_PANEL_08_TECHNICAL_REVIEWER,INTERVIEW,CONSUMED,1.0,2026-12-24T10:00:00+09:00,ACTUAL_PARTICIPATION
EA_000360,APP0058_FIRST_INTERVIEW,APP0058_FIRST_INTERVIEW_CALIBRATION,FIRST_PANEL_08_ML_ENGINEER,CALIBRATION,RESERVED,0.25,2026-12-24T10:00:00+09:00,CALIBRATION_REQUIRED
EA_000361,APP0058_FIRST_INTERVIEW,APP0058_FIRST_INTERVIEW_CALIBRATION,FIRST_PANEL_08_ML_ENGINEER,CALIBRATION,CONSUMED,0.25,2026-12-24T10:15:00+09:00,ACTUAL_PARTICIPATION
EA_000362,APP0058_FIRST_INTERVIEW,APP0058_FIRST_INTERVIEW_CALIBRATION,FIRST_PANEL_08_HIRING_MANAGER,CALIBRATION,RESERVED,0.25,2026-12-24T10:00:00+09:00,CALIBRATION_REQUIRED
EA_000363,APP0058_FIRST_INTERVIEW,APP0058_FIRST_INTERVIEW_CALIBRATION,FIRST_PANEL_08_HIRING_MANAGER,CALIBRATION,CONSUMED,0.25,2026-12-24T10:15:00+09:00,ACTUAL_PARTICIPATION
EA_000364,APP0059_FIRST_INTERVIEW,,FIRST_PANEL_09_ML_ENGINEER,INTERVIEW,RESERVED,1.0,2026-12-08T14:04:00+09:00,SCHEDULED_ALLOCATION
EA_000365,APP0059_FIRST_INTERVIEW,,FIRST_PANEL_09_HIRING_MANAGER,INTERVIEW,RESERVED,1.0,2026-12-08T14:04:00+09:00,SCHEDULED_ALLOCATION
EA_000366,APP0059_FIRST_INTERVIEW,,FIRST_PANEL_09_TECHNICAL_REVIEWER,INTERVIEW,RESERVED,1.0,2026-12-08T14:04:00+09:00,SCHEDULED_ALLOCATION
EA_000367,APP0059_FIRST_INTERVIEW,APP0059_FIRST_INTERVIEW_FIRST_INTERVIEW_SESSION,FIRST_PANEL_09_ML_ENGINEER,INTERVIEW,CONSUMED,1.0,2026-12-24T10:00:00+09:00,ACTUAL_PARTICIPATION
EA_000368,APP0059_FIRST_INTERVIEW,APP0059_FIRST_INTERVIEW_FIRST_INTERVIEW_SESSION,FIRST_PANEL_09_HIRING_MANAGER,INTERVIEW,CONSUMED,1.0,2026-12-24T10:00:00+09:00,ACTUAL_PARTICIPATION
EA_000369,APP0059_FIRST_INTERVIEW,APP0059_FIRST_INTERVIEW_FIRST_INTERVIEW_SESSION,FIRST_PANEL_09_TECHNICAL_REVIEWER,INTERVIEW,CONSUMED,1.0,2026-12-24T10:00:00+09:00,ACTUAL_PARTICIPATION
EA_000370,APP0059_FIRST_INTERVIEW,APP0059_FIRST_INTERVIEW_CALIBRATION,FIRST_PANEL_09_ML_ENGINEER,CALIBRATION,RESERVED,0.25,2026-12-24T10:00:00+09:00,CALIBRATION_REQUIRED
EA_000371,APP0059_FIRST_INTERVIEW,APP0059_FIRST_INTERVIEW_CALIBRATION,FIRST_PANEL_09_ML_ENGINEER,CALIBRATION,CONSUMED,0.25,2026-12-24T10:15:00+09:00,ACTUAL_PARTICIPATION
EA_000372,APP0059_FIRST_INTERVIEW,APP0059_FIRST_INTERVIEW_CALIBRATION,FIRST_PANEL_09_HIRING_MANAGER,CALIBRATION,RESERVED,0.25,2026-12-24T10:00:00+09:00,CALIBRATION_REQUIRED
EA_000373,APP0059_FIRST_INTERVIEW,APP0059_FIRST_INTERVIEW_CALIBRATION,FIRST_PANEL_09_HIRING_MANAGER,CALIBRATION,CONSUMED,0.25,2026-12-24T10:15:00+09:00,ACTUAL_PARTICIPATION
EA_000374,APP0061_FIRST_INTERVIEW,,FIRST_PANEL_10_ML_ENGINEER,INTERVIEW,RESERVED,1.0,2026-12-08T14:04:00+09:00,SCHEDULED_ALLOCATION
EA_000375,APP0061_FIRST_INTERVIEW,,FIRST_PANEL_10_HIRING_MANAGER,INTERVIEW,RESERVED,1.0,2026-12-08T14:04:00+09:00,SCHEDULED_ALLOCATION
EA_000376,APP0061_FIRST_INTERVIEW,,FIRST_PANEL_10_TECHNICAL_REVIEWER,INTERVIEW,RESERVED,1.0,2026-12-08T14:04:00+09:00,SCHEDULED_ALLOCATION
EA_000377,APP0061_FIRST_INTERVIEW,APP0061_FIRST_INTERVIEW_FIRST_INTERVIEW_SESSION,FIRST_PANEL_10_ML_ENGINEER,INTERVIEW,CONSUMED,1.0,2026-12-24T10:00:00+09:00,ACTUAL_PARTICIPATION
EA_000378,APP0061_FIRST_INTERVIEW,APP0061_FIRST_INTERVIEW_FIRST_INTERVIEW_SESSION,FIRST_PANEL_10_HIRING_MANAGER,INTERVIEW,CONSUMED,1.0,2026-12-24T10:00:00+09:00,ACTUAL_PARTICIPATION
EA_000379,APP0061_FIRST_INTERVIEW,APP0061_FIRST_INTERVIEW_FIRST_INTERVIEW_SESSION,FIRST_PANEL_10_TECHNICAL_REVIEWER,INTERVIEW,CONSUMED,1.0,2026-12-24T10:00:00+09:00,ACTUAL_PARTICIPATION
EA_000380,APP0061_FIRST_INTERVIEW,APP0061_FIRST_INTERVIEW_CALIBRATION,FIRST_PANEL_10_ML_ENGINEER,CALIBRATION,RESERVED,0.25,2026-12-24T10:00:00+09:00,CALIBRATION_REQUIRED
EA_000381,APP0061_FIRST_INTERVIEW,APP0061_FIRST_INTERVIEW_CALIBRATION,FIRST_PANEL_10_ML_ENGINEER,CALIBRATION,CONSUMED,0.25,2026-12-24T10:15:00+09:00,ACTUAL_PARTICIPATION
EA_000382,APP0061_FIRST_INTERVIEW,APP0061_FIRST_INTERVIEW_CALIBRATION,FIRST_PANEL_10_HIRING_MANAGER,CALIBRATION,RESERVED,0.25,2026-12-24T10:00:00+09:00,CALIBRATION_REQUIRED
EA_000383,APP0061_FIRST_INTERVIEW,APP0061_FIRST_INTERVIEW_CALIBRATION,FIRST_PANEL_10_HIRING_MANAGER,CALIBRATION,CONSUMED,0.25,2026-12-24T10:15:00+09:00,ACTUAL_PARTICIPATION
EA_000384,APP0062_FIRST_INTERVIEW,,FIRST_PANEL_01_ML_ENGINEER,INTERVIEW,RESERVED,1.0,2026-12-08T14:04:00+09:00,SCHEDULED_ALLOCATION
EA_000385,APP0062_FIRST_INTERVIEW,,FIRST_PANEL_01_HIRING_MANAGER,INTERVIEW,RESERVED,1.0,2026-12-08T14:04:00+09:00,SCHEDULED_ALLOCATION
EA_000386,APP0062_FIRST_INTERVIEW,,FIRST_PANEL_01_TECHNICAL_REVIEWER,INTERVIEW,RESERVED,1.0,2026-12-08T14:04:00+09:00,SCHEDULED_ALLOCATION
EA_000387,APP0062_FIRST_INTERVIEW,,FIRST_PANEL_01_ML_ENGINEER,INTERVIEW,RELEASED,1.0,2026-12-10T14:04:00+09:00,CONFIRMED_WITHDRAWAL_UNUSED
EA_000388,APP0062_FIRST_INTERVIEW,,FIRST_PANEL_01_HIRING_MANAGER,INTERVIEW,RELEASED,1.0,2026-12-10T14:04:00+09:00,CONFIRMED_WITHDRAWAL_UNUSED
EA_000389,APP0062_FIRST_INTERVIEW,,FIRST_PANEL_01_TECHNICAL_REVIEWER,INTERVIEW,RELEASED,1.0,2026-12-10T14:04:00+09:00,CONFIRMED_WITHDRAWAL_UNUSED
EA_000390,APP0063_FIRST_INTERVIEW,,FIRST_PANEL_02_ML_ENGINEER,INTERVIEW,RESERVED,1.0,2026-12-08T14:04:00+09:00,SCHEDULED_ALLOCATION
EA_000391,APP0063_FIRST_INTERVIEW,,FIRST_PANEL_02_HIRING_MANAGER,INTERVIEW,RESERVED,1.0,2026-12-08T14:04:00+09:00,SCHEDULED_ALLOCATION
EA_000392,APP0063_FIRST_INTERVIEW,,FIRST_PANEL_02_TECHNICAL_REVIEWER,INTERVIEW,RESERVED,1.0,2026-12-08T14:04:00+09:00,SCHEDULED_ALLOCATION
EA_000393,APP0063_FIRST_INTERVIEW,APP0063_FIRST_INTERVIEW_FIRST_INTERVIEW_SESSION,FIRST_PANEL_02_ML_ENGINEER,INTERVIEW,CONSUMED,1.0,2026-12-28T10:00:00+09:00,ACTUAL_PARTICIPATION
EA_000394,APP0063_FIRST_INTERVIEW,APP0063_FIRST_INTERVIEW_FIRST_INTERVIEW_SESSION,FIRST_PANEL_02_HIRING_MANAGER,INTERVIEW,CONSUMED,1.0,2026-12-28T10:00:00+09:00,ACTUAL_PARTICIPATION
EA_000395,APP0063_FIRST_INTERVIEW,APP0063_FIRST_INTERVIEW_FIRST_INTERVIEW_SESSION,FIRST_PANEL_02_TECHNICAL_REVIEWER,INTERVIEW,CONSUMED,1.0,2026-12-28T10:00:00+09:00,ACTUAL_PARTICIPATION
EA_000396,APP0063_FIRST_INTERVIEW,APP0063_FIRST_INTERVIEW_CALIBRATION,FIRST_PANEL_02_ML_ENGINEER,CALIBRATION,RESERVED,0.25,2026-12-28T10:00:00+09:00,CALIBRATION_REQUIRED
EA_000397,APP0063_FIRST_INTERVIEW,APP0063_FIRST_INTERVIEW_CALIBRATION,FIRST_PANEL_02_ML_ENGINEER,CALIBRATION,CONSUMED,0.25,2026-12-28T10:15:00+09:00,ACTUAL_PARTICIPATION
EA_000398,APP0063_FIRST_INTERVIEW,APP0063_FIRST_INTERVIEW_CALIBRATION,FIRST_PANEL_02_HIRING_MANAGER,CALIBRATION,RESERVED,0.25,2026-12-28T10:00:00+09:00,CALIBRATION_REQUIRED
EA_000399,APP0063_FIRST_INTERVIEW,APP0063_FIRST_INTERVIEW_CALIBRATION,FIRST_PANEL_02_HIRING_MANAGER,CALIBRATION,CONSUMED,0.25,2026-12-28T10:15:00+09:00,ACTUAL_PARTICIPATION
EA_000400,APP0064_FIRST_INTERVIEW,,FIRST_PANEL_03_ML_ENGINEER,INTERVIEW,RESERVED,1.0,2026-12-08T14:04:00+09:00,SCHEDULED_ALLOCATION
EA_000401,APP0064_FIRST_INTERVIEW,,FIRST_PANEL_03_HIRING_MANAGER,INTERVIEW,RESERVED,1.0,2026-12-08T14:04:00+09:00,SCHEDULED_ALLOCATION
EA_000402,APP0064_FIRST_INTERVIEW,,FIRST_PANEL_03_TECHNICAL_REVIEWER,INTERVIEW,RESERVED,1.0,2026-12-08T14:04:00+09:00,SCHEDULED_ALLOCATION
EA_000403,APP0064_FIRST_INTERVIEW,APP0064_FIRST_INTERVIEW_FIRST_INTERVIEW_SESSION,FIRST_PANEL_03_ML_ENGINEER,INTERVIEW,CONSUMED,1.0,2026-12-28T10:00:00+09:00,ACTUAL_PARTICIPATION
EA_000404,APP0064_FIRST_INTERVIEW,APP0064_FIRST_INTERVIEW_FIRST_INTERVIEW_SESSION,FIRST_PANEL_03_HIRING_MANAGER,INTERVIEW,CONSUMED,1.0,2026-12-28T10:00:00+09:00,ACTUAL_PARTICIPATION
EA_000405,APP0064_FIRST_INTERVIEW,APP0064_FIRST_INTERVIEW_FIRST_INTERVIEW_SESSION,FIRST_PANEL_03_TECHNICAL_REVIEWER,INTERVIEW,CONSUMED,1.0,2026-12-28T10:00:00+09:00,ACTUAL_PARTICIPATION
EA_000406,APP0064_FIRST_INTERVIEW,APP0064_FIRST_INTERVIEW_CALIBRATION,FIRST_PANEL_03_ML_ENGINEER,CALIBRATION,RESERVED,0.25,2026-12-28T10:00:00+09:00,CALIBRATION_REQUIRED
EA_000407,APP0064_FIRST_INTERVIEW,APP0064_FIRST_INTERVIEW_CALIBRATION,FIRST_PANEL_03_ML_ENGINEER,CALIBRATION,CONSUMED,0.25,2026-12-28T10:15:00+09:00,ACTUAL_PARTICIPATION
EA_000408,APP0064_FIRST_INTERVIEW,APP0064_FIRST_INTERVIEW_CALIBRATION,FIRST_PANEL_03_HIRING_MANAGER,CALIBRATION,RESERVED,0.25,2026-12-28T10:00:00+09:00,CALIBRATION_REQUIRED
EA_000409,APP0064_FIRST_INTERVIEW,APP0064_FIRST_INTERVIEW_CALIBRATION,FIRST_PANEL_03_HIRING_MANAGER,CALIBRATION,CONSUMED,0.25,2026-12-28T10:15:00+09:00,ACTUAL_PARTICIPATION
EA_000410,APP0066_FIRST_INTERVIEW,,FIRST_PANEL_04_ML_ENGINEER,INTERVIEW,RESERVED,1.0,2026-12-08T14:04:00+09:00,SCHEDULED_ALLOCATION
EA_000411,APP0066_FIRST_INTERVIEW,,FIRST_PANEL_04_HIRING_MANAGER,INTERVIEW,RESERVED,1.0,2026-12-08T14:04:00+09:00,SCHEDULED_ALLOCATION
EA_000412,APP0066_FIRST_INTERVIEW,,FIRST_PANEL_04_TECHNICAL_REVIEWER,INTERVIEW,RESERVED,1.0,2026-12-08T14:04:00+09:00,SCHEDULED_ALLOCATION
EA_000413,APP0066_FIRST_INTERVIEW,APP0066_FIRST_INTERVIEW_FIRST_INTERVIEW_SESSION,FIRST_PANEL_04_ML_ENGINEER,INTERVIEW,CONSUMED,1.0,2026-12-28T10:00:00+09:00,ACTUAL_PARTICIPATION
EA_000414,APP0066_FIRST_INTERVIEW,APP0066_FIRST_INTERVIEW_FIRST_INTERVIEW_SESSION,FIRST_PANEL_04_HIRING_MANAGER,INTERVIEW,CONSUMED,1.0,2026-12-28T10:00:00+09:00,ACTUAL_PARTICIPATION
EA_000415,APP0066_FIRST_INTERVIEW,APP0066_FIRST_INTERVIEW_FIRST_INTERVIEW_SESSION,FIRST_PANEL_04_TECHNICAL_REVIEWER,INTERVIEW,CONSUMED,1.0,2026-12-28T10:00:00+09:00,ACTUAL_PARTICIPATION
EA_000416,APP0066_FIRST_INTERVIEW,APP0066_FIRST_INTERVIEW_CALIBRATION,FIRST_PANEL_04_ML_ENGINEER,CALIBRATION,RESERVED,0.25,2026-12-28T10:00:00+09:00,CALIBRATION_REQUIRED
EA_000417,APP0066_FIRST_INTERVIEW,APP0066_FIRST_INTERVIEW_CALIBRATION,FIRST_PANEL_04_ML_ENGINEER,CALIBRATION,CONSUMED,0.25,2026-12-28T10:15:00+09:00,ACTUAL_PARTICIPATION
EA_000418,APP0066_FIRST_INTERVIEW,APP0066_FIRST_INTERVIEW_CALIBRATION,FIRST_PANEL_04_HIRING_MANAGER,CALIBRATION,RESERVED,0.25,2026-12-28T10:00:00+09:00,CALIBRATION_REQUIRED
EA_000419,APP0066_FIRST_INTERVIEW,APP0066_FIRST_INTERVIEW_CALIBRATION,FIRST_PANEL_04_HIRING_MANAGER,CALIBRATION,CONSUMED,0.25,2026-12-28T10:15:00+09:00,ACTUAL_PARTICIPATION
EA_000420,APP0068_FIRST_INTERVIEW,,FIRST_PANEL_05_ML_ENGINEER,INTERVIEW,RESERVED,1.0,2026-12-08T14:04:00+09:00,SCHEDULED_ALLOCATION
EA_000421,APP0068_FIRST_INTERVIEW,,FIRST_PANEL_05_HIRING_MANAGER,INTERVIEW,RESERVED,1.0,2026-12-08T14:04:00+09:00,SCHEDULED_ALLOCATION
EA_000422,APP0068_FIRST_INTERVIEW,,FIRST_PANEL_05_TECHNICAL_REVIEWER,INTERVIEW,RESERVED,1.0,2026-12-08T14:04:00+09:00,SCHEDULED_ALLOCATION
EA_000423,APP0068_FIRST_INTERVIEW,APP0068_FIRST_INTERVIEW_FIRST_INTERVIEW_SESSION,FIRST_PANEL_05_ML_ENGINEER,INTERVIEW,CONSUMED,1.0,2026-12-28T10:00:00+09:00,ACTUAL_PARTICIPATION
EA_000424,APP0068_FIRST_INTERVIEW,APP0068_FIRST_INTERVIEW_FIRST_INTERVIEW_SESSION,FIRST_PANEL_05_HIRING_MANAGER,INTERVIEW,CONSUMED,1.0,2026-12-28T10:00:00+09:00,ACTUAL_PARTICIPATION
EA_000425,APP0068_FIRST_INTERVIEW,APP0068_FIRST_INTERVIEW_FIRST_INTERVIEW_SESSION,FIRST_PANEL_05_TECHNICAL_REVIEWER,INTERVIEW,CONSUMED,1.0,2026-12-28T10:00:00+09:00,ACTUAL_PARTICIPATION
EA_000426,APP0068_FIRST_INTERVIEW,APP0068_FIRST_INTERVIEW_CALIBRATION,FIRST_PANEL_05_ML_ENGINEER,CALIBRATION,RESERVED,0.25,2026-12-28T10:00:00+09:00,CALIBRATION_REQUIRED
EA_000427,APP0068_FIRST_INTERVIEW,APP0068_FIRST_INTERVIEW_CALIBRATION,FIRST_PANEL_05_ML_ENGINEER,CALIBRATION,CONSUMED,0.25,2026-12-28T10:15:00+09:00,ACTUAL_PARTICIPATION
EA_000428,APP0068_FIRST_INTERVIEW,APP0068_FIRST_INTERVIEW_CALIBRATION,FIRST_PANEL_05_HIRING_MANAGER,CALIBRATION,RESERVED,0.25,2026-12-28T10:00:00+09:00,CALIBRATION_REQUIRED
EA_000429,APP0068_FIRST_INTERVIEW,APP0068_FIRST_INTERVIEW_CALIBRATION,FIRST_PANEL_05_HIRING_MANAGER,CALIBRATION,CONSUMED,0.25,2026-12-28T10:15:00+09:00,ACTUAL_PARTICIPATION
EA_000430,APP0070_FIRST_INTERVIEW,,FIRST_PANEL_06_ML_ENGINEER,INTERVIEW,RESERVED,1.0,2026-12-08T14:04:00+09:00,SCHEDULED_ALLOCATION
EA_000431,APP0070_FIRST_INTERVIEW,,FIRST_PANEL_06_HIRING_MANAGER,INTERVIEW,RESERVED,1.0,2026-12-08T14:04:00+09:00,SCHEDULED_ALLOCATION
EA_000432,APP0070_FIRST_INTERVIEW,,FIRST_PANEL_06_TECHNICAL_REVIEWER,INTERVIEW,RESERVED,1.0,2026-12-08T14:04:00+09:00,SCHEDULED_ALLOCATION
EA_000433,APP0070_FIRST_INTERVIEW,APP0070_FIRST_INTERVIEW_FIRST_INTERVIEW_SESSION,FIRST_PANEL_06_ML_ENGINEER,INTERVIEW,CONSUMED,1.0,2026-12-28T10:00:00+09:00,ACTUAL_PARTICIPATION
EA_000434,APP0070_FIRST_INTERVIEW,APP0070_FIRST_INTERVIEW_FIRST_INTERVIEW_SESSION,FIRST_PANEL_06_HIRING_MANAGER,INTERVIEW,CONSUMED,1.0,2026-12-28T10:00:00+09:00,ACTUAL_PARTICIPATION
EA_000435,APP0070_FIRST_INTERVIEW,APP0070_FIRST_INTERVIEW_FIRST_INTERVIEW_SESSION,FIRST_PANEL_06_TECHNICAL_REVIEWER,INTERVIEW,CONSUMED,1.0,2026-12-28T10:00:00+09:00,ACTUAL_PARTICIPATION
EA_000436,APP0070_FIRST_INTERVIEW,APP0070_FIRST_INTERVIEW_CALIBRATION,FIRST_PANEL_06_ML_ENGINEER,CALIBRATION,RESERVED,0.25,2026-12-28T10:00:00+09:00,CALIBRATION_REQUIRED
EA_000437,APP0070_FIRST_INTERVIEW,APP0070_FIRST_INTERVIEW_CALIBRATION,FIRST_PANEL_06_ML_ENGINEER,CALIBRATION,CONSUMED,0.25,2026-12-28T10:15:00+09:00,ACTUAL_PARTICIPATION
EA_000438,APP0070_FIRST_INTERVIEW,APP0070_FIRST_INTERVIEW_CALIBRATION,FIRST_PANEL_06_HIRING_MANAGER,CALIBRATION,RESERVED,0.25,2026-12-28T10:00:00+09:00,CALIBRATION_REQUIRED
EA_000439,APP0070_FIRST_INTERVIEW,APP0070_FIRST_INTERVIEW_CALIBRATION,FIRST_PANEL_06_HIRING_MANAGER,CALIBRATION,CONSUMED,0.25,2026-12-28T10:15:00+09:00,ACTUAL_PARTICIPATION
EA_000440,APP0073_FIRST_INTERVIEW,,FIRST_PANEL_07_ML_ENGINEER,INTERVIEW,RESERVED,1.0,2026-12-08T14:04:00+09:00,SCHEDULED_ALLOCATION
EA_000441,APP0073_FIRST_INTERVIEW,,FIRST_PANEL_07_HIRING_MANAGER,INTERVIEW,RESERVED,1.0,2026-12-08T14:04:00+09:00,SCHEDULED_ALLOCATION
EA_000442,APP0073_FIRST_INTERVIEW,,FIRST_PANEL_07_TECHNICAL_REVIEWER,INTERVIEW,RESERVED,1.0,2026-12-08T14:04:00+09:00,SCHEDULED_ALLOCATION
EA_000443,APP0073_FIRST_INTERVIEW,,FIRST_PANEL_07_ML_ENGINEER,INTERVIEW,RELEASED,1.0,2026-12-29T09:00:00+09:00,NO_RESPONSE_UNUSED
EA_000444,APP0073_FIRST_INTERVIEW,,FIRST_PANEL_07_HIRING_MANAGER,INTERVIEW,RELEASED,1.0,2026-12-29T09:00:00+09:00,NO_RESPONSE_UNUSED
EA_000445,APP0073_FIRST_INTERVIEW,,FIRST_PANEL_07_TECHNICAL_REVIEWER,INTERVIEW,RELEASED,1.0,2026-12-29T09:00:00+09:00,NO_RESPONSE_UNUSED
EA_000446,APP0076_FIRST_INTERVIEW,,FIRST_PANEL_08_ML_ENGINEER,INTERVIEW,RESERVED,1.0,2026-12-08T14:04:00+09:00,SCHEDULED_ALLOCATION
EA_000447,APP0076_FIRST_INTERVIEW,,FIRST_PANEL_08_HIRING_MANAGER,INTERVIEW,RESERVED,1.0,2026-12-08T14:04:00+09:00,SCHEDULED_ALLOCATION
EA_000448,APP0076_FIRST_INTERVIEW,,FIRST_PANEL_08_TECHNICAL_REVIEWER,INTERVIEW,RESERVED,1.0,2026-12-08T14:04:00+09:00,SCHEDULED_ALLOCATION
EA_000449,APP0076_FIRST_INTERVIEW,APP0076_FIRST_INTERVIEW_FIRST_INTERVIEW_SESSION,FIRST_PANEL_08_ML_ENGINEER,INTERVIEW,CONSUMED,1.0,2026-12-28T10:00:00+09:00,ACTUAL_PARTICIPATION
EA_000450,APP0076_FIRST_INTERVIEW,APP0076_FIRST_INTERVIEW_FIRST_INTERVIEW_SESSION,FIRST_PANEL_08_HIRING_MANAGER,INTERVIEW,CONSUMED,1.0,2026-12-28T10:00:00+09:00,ACTUAL_PARTICIPATION
EA_000451,APP0076_FIRST_INTERVIEW,APP0076_FIRST_INTERVIEW_FIRST_INTERVIEW_SESSION,FIRST_PANEL_08_TECHNICAL_REVIEWER,INTERVIEW,CONSUMED,1.0,2026-12-28T10:00:00+09:00,ACTUAL_PARTICIPATION
EA_000452,APP0076_FIRST_INTERVIEW,APP0076_FIRST_INTERVIEW_CALIBRATION,FIRST_PANEL_08_ML_ENGINEER,CALIBRATION,RESERVED,0.25,2026-12-28T10:00:00+09:00,CALIBRATION_REQUIRED
EA_000453,APP0076_FIRST_INTERVIEW,APP0076_FIRST_INTERVIEW_CALIBRATION,FIRST_PANEL_08_ML_ENGINEER,CALIBRATION,CONSUMED,0.25,2026-12-28T10:15:00+09:00,ACTUAL_PARTICIPATION
EA_000454,APP0076_FIRST_INTERVIEW,APP0076_FIRST_INTERVIEW_CALIBRATION,FIRST_PANEL_08_HIRING_MANAGER,CALIBRATION,RESERVED,0.25,2026-12-28T10:00:00+09:00,CALIBRATION_REQUIRED
EA_000455,APP0076_FIRST_INTERVIEW,APP0076_FIRST_INTERVIEW_CALIBRATION,FIRST_PANEL_08_HIRING_MANAGER,CALIBRATION,CONSUMED,0.25,2026-12-28T10:15:00+09:00,ACTUAL_PARTICIPATION
EA_000456,APP0077_FIRST_INTERVIEW,,FIRST_PANEL_09_ML_ENGINEER,INTERVIEW,RESERVED,1.0,2026-12-08T14:04:00+09:00,SCHEDULED_ALLOCATION
EA_000457,APP0077_FIRST_INTERVIEW,,FIRST_PANEL_09_HIRING_MANAGER,INTERVIEW,RESERVED,1.0,2026-12-08T14:04:00+09:00,SCHEDULED_ALLOCATION
EA_000458,APP0077_FIRST_INTERVIEW,,FIRST_PANEL_09_TECHNICAL_REVIEWER,INTERVIEW,RESERVED,1.0,2026-12-08T14:04:00+09:00,SCHEDULED_ALLOCATION
EA_000459,APP0077_FIRST_INTERVIEW,APP0077_FIRST_INTERVIEW_FIRST_INTERVIEW_SESSION,FIRST_PANEL_09_ML_ENGINEER,INTERVIEW,CONSUMED,1.0,2026-12-28T10:00:00+09:00,ACTUAL_PARTICIPATION
EA_000460,APP0077_FIRST_INTERVIEW,APP0077_FIRST_INTERVIEW_FIRST_INTERVIEW_SESSION,FIRST_PANEL_09_HIRING_MANAGER,INTERVIEW,CONSUMED,1.0,2026-12-28T10:00:00+09:00,ACTUAL_PARTICIPATION
EA_000461,APP0077_FIRST_INTERVIEW,APP0077_FIRST_INTERVIEW_FIRST_INTERVIEW_SESSION,FIRST_PANEL_09_TECHNICAL_REVIEWER,INTERVIEW,CONSUMED,1.0,2026-12-28T10:00:00+09:00,ACTUAL_PARTICIPATION
EA_000462,APP0077_FIRST_INTERVIEW,APP0077_FIRST_INTERVIEW_CALIBRATION,FIRST_PANEL_09_ML_ENGINEER,CALIBRATION,RESERVED,0.25,2026-12-28T10:00:00+09:00,CALIBRATION_REQUIRED
EA_000463,APP0077_FIRST_INTERVIEW,APP0077_FIRST_INTERVIEW_CALIBRATION,FIRST_PANEL_09_ML_ENGINEER,CALIBRATION,CONSUMED,0.25,2026-12-28T10:15:00+09:00,ACTUAL_PARTICIPATION
EA_000464,APP0077_FIRST_INTERVIEW,APP0077_FIRST_INTERVIEW_CALIBRATION,FIRST_PANEL_09_HIRING_MANAGER,CALIBRATION,RESERVED,0.25,2026-12-28T10:00:00+09:00,CALIBRATION_REQUIRED
EA_000465,APP0077_FIRST_INTERVIEW,APP0077_FIRST_INTERVIEW_CALIBRATION,FIRST_PANEL_09_HIRING_MANAGER,CALIBRATION,CONSUMED,0.25,2026-12-28T10:15:00+09:00,ACTUAL_PARTICIPATION
EA_000466,APP0078_FIRST_INTERVIEW,,FIRST_PANEL_10_ML_ENGINEER,INTERVIEW,RESERVED,1.0,2026-12-08T14:04:00+09:00,SCHEDULED_ALLOCATION
EA_000467,APP0078_FIRST_INTERVIEW,,FIRST_PANEL_10_HIRING_MANAGER,INTERVIEW,RESERVED,1.0,2026-12-08T14:04:00+09:00,SCHEDULED_ALLOCATION
EA_000468,APP0078_FIRST_INTERVIEW,,FIRST_PANEL_10_TECHNICAL_REVIEWER,INTERVIEW,RESERVED,1.0,2026-12-08T14:04:00+09:00,SCHEDULED_ALLOCATION
EA_000469,APP0078_FIRST_INTERVIEW,APP0078_FIRST_INTERVIEW_FIRST_INTERVIEW_SESSION,FIRST_PANEL_10_ML_ENGINEER,INTERVIEW,CONSUMED,1.0,2026-12-28T10:00:00+09:00,ACTUAL_PARTICIPATION
EA_000470,APP0078_FIRST_INTERVIEW,APP0078_FIRST_INTERVIEW_FIRST_INTERVIEW_SESSION,FIRST_PANEL_10_HIRING_MANAGER,INTERVIEW,CONSUMED,1.0,2026-12-28T10:00:00+09:00,ACTUAL_PARTICIPATION
EA_000471,APP0078_FIRST_INTERVIEW,APP0078_FIRST_INTERVIEW_FIRST_INTERVIEW_SESSION,FIRST_PANEL_10_TECHNICAL_REVIEWER,INTERVIEW,CONSUMED,1.0,2026-12-28T10:00:00+09:00,ACTUAL_PARTICIPATION
EA_000472,APP0078_FIRST_INTERVIEW,APP0078_FIRST_INTERVIEW_CALIBRATION,FIRST_PANEL_10_ML_ENGINEER,CALIBRATION,RESERVED,0.25,2026-12-28T10:00:00+09:00,CALIBRATION_REQUIRED
EA_000473,APP0078_FIRST_INTERVIEW,APP0078_FIRST_INTERVIEW_CALIBRATION,FIRST_PANEL_10_ML_ENGINEER,CALIBRATION,CONSUMED,0.25,2026-12-28T10:15:00+09:00,ACTUAL_PARTICIPATION
EA_000474,APP0078_FIRST_INTERVIEW,APP0078_FIRST_INTERVIEW_CALIBRATION,FIRST_PANEL_10_HIRING_MANAGER,CALIBRATION,RESERVED,0.25,2026-12-28T10:00:00+09:00,CALIBRATION_REQUIRED
EA_000475,APP0078_FIRST_INTERVIEW,APP0078_FIRST_INTERVIEW_CALIBRATION,FIRST_PANEL_10_HIRING_MANAGER,CALIBRATION,CONSUMED,0.25,2026-12-28T10:15:00+09:00,ACTUAL_PARTICIPATION
EA_000476,APP0079_FIRST_INTERVIEW,,FIRST_PANEL_01_ML_ENGINEER,INTERVIEW,RESERVED,1.0,2026-12-08T14:04:00+09:00,SCHEDULED_ALLOCATION
EA_000477,APP0079_FIRST_INTERVIEW,,FIRST_PANEL_01_HIRING_MANAGER,INTERVIEW,RESERVED,1.0,2026-12-08T14:04:00+09:00,SCHEDULED_ALLOCATION
EA_000478,APP0079_FIRST_INTERVIEW,,FIRST_PANEL_01_TECHNICAL_REVIEWER,INTERVIEW,RESERVED,1.0,2026-12-08T14:04:00+09:00,SCHEDULED_ALLOCATION
EA_000479,APP0079_FIRST_INTERVIEW,APP0079_FIRST_INTERVIEW_FIRST_INTERVIEW_SESSION,FIRST_PANEL_01_ML_ENGINEER,INTERVIEW,CONSUMED,1.0,2026-12-31T10:00:00+09:00,ACTUAL_PARTICIPATION
EA_000480,APP0079_FIRST_INTERVIEW,APP0079_FIRST_INTERVIEW_FIRST_INTERVIEW_SESSION,FIRST_PANEL_01_HIRING_MANAGER,INTERVIEW,CONSUMED,1.0,2026-12-31T10:00:00+09:00,ACTUAL_PARTICIPATION
EA_000481,APP0079_FIRST_INTERVIEW,APP0079_FIRST_INTERVIEW_FIRST_INTERVIEW_SESSION,FIRST_PANEL_01_TECHNICAL_REVIEWER,INTERVIEW,CONSUMED,1.0,2026-12-31T10:00:00+09:00,ACTUAL_PARTICIPATION
EA_000482,APP0079_FIRST_INTERVIEW,APP0079_FIRST_INTERVIEW_CALIBRATION,FIRST_PANEL_01_ML_ENGINEER,CALIBRATION,RESERVED,0.25,2026-12-31T10:00:00+09:00,CALIBRATION_REQUIRED
EA_000483,APP0079_FIRST_INTERVIEW,APP0079_FIRST_INTERVIEW_CALIBRATION,FIRST_PANEL_01_ML_ENGINEER,CALIBRATION,CONSUMED,0.25,2026-12-31T10:15:00+09:00,ACTUAL_PARTICIPATION
EA_000484,APP0079_FIRST_INTERVIEW,APP0079_FIRST_INTERVIEW_CALIBRATION,FIRST_PANEL_01_HIRING_MANAGER,CALIBRATION,RESERVED,0.25,2026-12-31T10:00:00+09:00,CALIBRATION_REQUIRED
EA_000485,APP0079_FIRST_INTERVIEW,APP0079_FIRST_INTERVIEW_CALIBRATION,FIRST_PANEL_01_HIRING_MANAGER,CALIBRATION,CONSUMED,0.25,2026-12-31T10:15:00+09:00,ACTUAL_PARTICIPATION
EA_000486,APP0080_FIRST_INTERVIEW,,FIRST_PANEL_02_ML_ENGINEER,INTERVIEW,RESERVED,1.0,2026-12-08T14:04:00+09:00,SCHEDULED_ALLOCATION
EA_000487,APP0080_FIRST_INTERVIEW,,FIRST_PANEL_02_HIRING_MANAGER,INTERVIEW,RESERVED,1.0,2026-12-08T14:04:00+09:00,SCHEDULED_ALLOCATION
EA_000488,APP0080_FIRST_INTERVIEW,,FIRST_PANEL_02_TECHNICAL_REVIEWER,INTERVIEW,RESERVED,1.0,2026-12-08T14:04:00+09:00,SCHEDULED_ALLOCATION
EA_000489,APP0080_FIRST_INTERVIEW,APP0080_FIRST_INTERVIEW_FIRST_INTERVIEW_SESSION,FIRST_PANEL_02_ML_ENGINEER,INTERVIEW,CONSUMED,1.0,2026-12-31T10:00:00+09:00,ACTUAL_PARTICIPATION
EA_000490,APP0080_FIRST_INTERVIEW,APP0080_FIRST_INTERVIEW_FIRST_INTERVIEW_SESSION,FIRST_PANEL_02_HIRING_MANAGER,INTERVIEW,CONSUMED,1.0,2026-12-31T10:00:00+09:00,ACTUAL_PARTICIPATION
EA_000491,APP0080_FIRST_INTERVIEW,APP0080_FIRST_INTERVIEW_FIRST_INTERVIEW_SESSION,FIRST_PANEL_02_TECHNICAL_REVIEWER,INTERVIEW,CONSUMED,1.0,2026-12-31T10:00:00+09:00,ACTUAL_PARTICIPATION
EA_000492,APP0080_FIRST_INTERVIEW,APP0080_FIRST_INTERVIEW_CALIBRATION,FIRST_PANEL_02_ML_ENGINEER,CALIBRATION,RESERVED,0.25,2026-12-31T10:00:00+09:00,CALIBRATION_REQUIRED
EA_000493,APP0080_FIRST_INTERVIEW,APP0080_FIRST_INTERVIEW_CALIBRATION,FIRST_PANEL_02_ML_ENGINEER,CALIBRATION,CONSUMED,0.25,2026-12-31T10:15:00+09:00,ACTUAL_PARTICIPATION
EA_000494,APP0080_FIRST_INTERVIEW,APP0080_FIRST_INTERVIEW_CALIBRATION,FIRST_PANEL_02_HIRING_MANAGER,CALIBRATION,RESERVED,0.25,2026-12-31T10:00:00+09:00,CALIBRATION_REQUIRED
EA_000495,APP0080_FIRST_INTERVIEW,APP0080_FIRST_INTERVIEW_CALIBRATION,FIRST_PANEL_02_HIRING_MANAGER,CALIBRATION,CONSUMED,0.25,2026-12-31T10:15:00+09:00,ACTUAL_PARTICIPATION
EA_000496,APP0082_FIRST_INTERVIEW,,FIRST_PANEL_03_ML_ENGINEER,INTERVIEW,RESERVED,1.0,2026-12-08T14:04:00+09:00,SCHEDULED_ALLOCATION
EA_000497,APP0082_FIRST_INTERVIEW,,FIRST_PANEL_03_HIRING_MANAGER,INTERVIEW,RESERVED,1.0,2026-12-08T14:04:00+09:00,SCHEDULED_ALLOCATION
EA_000498,APP0082_FIRST_INTERVIEW,,FIRST_PANEL_03_TECHNICAL_REVIEWER,INTERVIEW,RESERVED,1.0,2026-12-08T14:04:00+09:00,SCHEDULED_ALLOCATION
EA_000499,APP0082_FIRST_INTERVIEW,APP0082_FIRST_INTERVIEW_FIRST_INTERVIEW_SESSION,FIRST_PANEL_03_ML_ENGINEER,INTERVIEW,CONSUMED,1.0,2026-12-31T10:00:00+09:00,ACTUAL_PARTICIPATION
EA_000500,APP0082_FIRST_INTERVIEW,APP0082_FIRST_INTERVIEW_FIRST_INTERVIEW_SESSION,FIRST_PANEL_03_HIRING_MANAGER,INTERVIEW,CONSUMED,1.0,2026-12-31T10:00:00+09:00,ACTUAL_PARTICIPATION
EA_000501,APP0082_FIRST_INTERVIEW,APP0082_FIRST_INTERVIEW_FIRST_INTERVIEW_SESSION,FIRST_PANEL_03_TECHNICAL_REVIEWER,INTERVIEW,CONSUMED,1.0,2026-12-31T10:00:00+09:00,ACTUAL_PARTICIPATION
EA_000502,APP0082_FIRST_INTERVIEW,APP0082_FIRST_INTERVIEW_CALIBRATION,FIRST_PANEL_03_ML_ENGINEER,CALIBRATION,RESERVED,0.25,2026-12-31T10:00:00+09:00,CALIBRATION_REQUIRED
EA_000503,APP0082_FIRST_INTERVIEW,APP0082_FIRST_INTERVIEW_CALIBRATION,FIRST_PANEL_03_ML_ENGINEER,CALIBRATION,CONSUMED,0.25,2026-12-31T10:15:00+09:00,ACTUAL_PARTICIPATION
EA_000504,APP0082_FIRST_INTERVIEW,APP0082_FIRST_INTERVIEW_CALIBRATION,FIRST_PANEL_03_HIRING_MANAGER,CALIBRATION,RESERVED,0.25,2026-12-31T10:00:00+09:00,CALIBRATION_REQUIRED
EA_000505,APP0082_FIRST_INTERVIEW,APP0082_FIRST_INTERVIEW_CALIBRATION,FIRST_PANEL_03_HIRING_MANAGER,CALIBRATION,CONSUMED,0.25,2026-12-31T10:15:00+09:00,ACTUAL_PARTICIPATION
EA_000506,APP0083_FIRST_INTERVIEW,,FIRST_PANEL_04_ML_ENGINEER,INTERVIEW,RESERVED,1.0,2026-12-08T14:04:00+09:00,SCHEDULED_ALLOCATION
EA_000507,APP0083_FIRST_INTERVIEW,,FIRST_PANEL_04_HIRING_MANAGER,INTERVIEW,RESERVED,1.0,2026-12-08T14:04:00+09:00,SCHEDULED_ALLOCATION
EA_000508,APP0083_FIRST_INTERVIEW,,FIRST_PANEL_04_TECHNICAL_REVIEWER,INTERVIEW,RESERVED,1.0,2026-12-08T14:04:00+09:00,SCHEDULED_ALLOCATION
EA_000509,APP0083_FIRST_INTERVIEW,APP0083_FIRST_INTERVIEW_FIRST_INTERVIEW_SESSION,FIRST_PANEL_04_ML_ENGINEER,INTERVIEW,CONSUMED,1.0,2026-12-31T10:00:00+09:00,ACTUAL_PARTICIPATION
EA_000510,APP0083_FIRST_INTERVIEW,APP0083_FIRST_INTERVIEW_FIRST_INTERVIEW_SESSION,FIRST_PANEL_04_HIRING_MANAGER,INTERVIEW,CONSUMED,1.0,2026-12-31T10:00:00+09:00,ACTUAL_PARTICIPATION
EA_000511,APP0083_FIRST_INTERVIEW,APP0083_FIRST_INTERVIEW_FIRST_INTERVIEW_SESSION,FIRST_PANEL_04_TECHNICAL_REVIEWER,INTERVIEW,CONSUMED,1.0,2026-12-31T10:00:00+09:00,ACTUAL_PARTICIPATION
EA_000512,APP0083_FIRST_INTERVIEW,APP0083_FIRST_INTERVIEW_CALIBRATION,FIRST_PANEL_04_ML_ENGINEER,CALIBRATION,RESERVED,0.25,2026-12-31T10:00:00+09:00,CALIBRATION_REQUIRED
EA_000513,APP0083_FIRST_INTERVIEW,APP0083_FIRST_INTERVIEW_CALIBRATION,FIRST_PANEL_04_ML_ENGINEER,CALIBRATION,CONSUMED,0.25,2026-12-31T10:15:00+09:00,ACTUAL_PARTICIPATION
EA_000514,APP0083_FIRST_INTERVIEW,APP0083_FIRST_INTERVIEW_CALIBRATION,FIRST_PANEL_04_HIRING_MANAGER,CALIBRATION,RESERVED,0.25,2026-12-31T10:00:00+09:00,CALIBRATION_REQUIRED
EA_000515,APP0083_FIRST_INTERVIEW,APP0083_FIRST_INTERVIEW_CALIBRATION,FIRST_PANEL_04_HIRING_MANAGER,CALIBRATION,CONSUMED,0.25,2026-12-31T10:15:00+09:00,ACTUAL_PARTICIPATION
EA_000516,APP0085_FIRST_INTERVIEW,,FIRST_PANEL_05_ML_ENGINEER,INTERVIEW,RESERVED,1.0,2026-12-08T14:04:00+09:00,SCHEDULED_ALLOCATION
EA_000517,APP0085_FIRST_INTERVIEW,,FIRST_PANEL_05_HIRING_MANAGER,INTERVIEW,RESERVED,1.0,2026-12-08T14:04:00+09:00,SCHEDULED_ALLOCATION
EA_000518,APP0085_FIRST_INTERVIEW,,FIRST_PANEL_05_TECHNICAL_REVIEWER,INTERVIEW,RESERVED,1.0,2026-12-08T14:04:00+09:00,SCHEDULED_ALLOCATION
EA_000519,APP0085_FIRST_INTERVIEW,APP0085_FIRST_INTERVIEW_FIRST_INTERVIEW_SESSION,FIRST_PANEL_05_ML_ENGINEER,INTERVIEW,CONSUMED,1.0,2026-12-31T10:00:00+09:00,ACTUAL_PARTICIPATION
EA_000520,APP0085_FIRST_INTERVIEW,APP0085_FIRST_INTERVIEW_FIRST_INTERVIEW_SESSION,FIRST_PANEL_05_HIRING_MANAGER,INTERVIEW,CONSUMED,1.0,2026-12-31T10:00:00+09:00,ACTUAL_PARTICIPATION
EA_000521,APP0085_FIRST_INTERVIEW,APP0085_FIRST_INTERVIEW_FIRST_INTERVIEW_SESSION,FIRST_PANEL_05_TECHNICAL_REVIEWER,INTERVIEW,CONSUMED,1.0,2026-12-31T10:00:00+09:00,ACTUAL_PARTICIPATION
EA_000522,APP0085_FIRST_INTERVIEW,APP0085_FIRST_INTERVIEW_CALIBRATION,FIRST_PANEL_05_ML_ENGINEER,CALIBRATION,RESERVED,0.25,2026-12-31T10:00:00+09:00,CALIBRATION_REQUIRED
EA_000523,APP0085_FIRST_INTERVIEW,APP0085_FIRST_INTERVIEW_CALIBRATION,FIRST_PANEL_05_ML_ENGINEER,CALIBRATION,CONSUMED,0.25,2026-12-31T10:15:00+09:00,ACTUAL_PARTICIPATION
EA_000524,APP0085_FIRST_INTERVIEW,APP0085_FIRST_INTERVIEW_CALIBRATION,FIRST_PANEL_05_HIRING_MANAGER,CALIBRATION,RESERVED,0.25,2026-12-31T10:00:00+09:00,CALIBRATION_REQUIRED
EA_000525,APP0085_FIRST_INTERVIEW,APP0085_FIRST_INTERVIEW_CALIBRATION,FIRST_PANEL_05_HIRING_MANAGER,CALIBRATION,CONSUMED,0.25,2026-12-31T10:15:00+09:00,ACTUAL_PARTICIPATION
EA_000526,APP0089_FIRST_INTERVIEW,,FIRST_PANEL_06_ML_ENGINEER,INTERVIEW,RESERVED,1.0,2026-12-08T14:04:00+09:00,SCHEDULED_ALLOCATION
EA_000527,APP0089_FIRST_INTERVIEW,,FIRST_PANEL_06_HIRING_MANAGER,INTERVIEW,RESERVED,1.0,2026-12-08T14:04:00+09:00,SCHEDULED_ALLOCATION
EA_000528,APP0089_FIRST_INTERVIEW,,FIRST_PANEL_06_TECHNICAL_REVIEWER,INTERVIEW,RESERVED,1.0,2026-12-08T14:04:00+09:00,SCHEDULED_ALLOCATION
EA_000529,APP0089_FIRST_INTERVIEW,APP0089_FIRST_INTERVIEW_FIRST_INTERVIEW_SESSION,FIRST_PANEL_06_ML_ENGINEER,INTERVIEW,CONSUMED,1.0,2026-12-31T10:00:00+09:00,ACTUAL_PARTICIPATION
EA_000530,APP0089_FIRST_INTERVIEW,APP0089_FIRST_INTERVIEW_FIRST_INTERVIEW_SESSION,FIRST_PANEL_06_HIRING_MANAGER,INTERVIEW,CONSUMED,1.0,2026-12-31T10:00:00+09:00,ACTUAL_PARTICIPATION
EA_000531,APP0089_FIRST_INTERVIEW,APP0089_FIRST_INTERVIEW_FIRST_INTERVIEW_SESSION,FIRST_PANEL_06_TECHNICAL_REVIEWER,INTERVIEW,CONSUMED,1.0,2026-12-31T10:00:00+09:00,ACTUAL_PARTICIPATION
EA_000532,APP0089_FIRST_INTERVIEW,APP0089_FIRST_INTERVIEW_CALIBRATION,FIRST_PANEL_06_ML_ENGINEER,CALIBRATION,RESERVED,0.25,2026-12-31T10:00:00+09:00,CALIBRATION_REQUIRED
EA_000533,APP0089_FIRST_INTERVIEW,APP0089_FIRST_INTERVIEW_CALIBRATION,FIRST_PANEL_06_ML_ENGINEER,CALIBRATION,CONSUMED,0.25,2026-12-31T10:15:00+09:00,ACTUAL_PARTICIPATION
EA_000534,APP0089_FIRST_INTERVIEW,APP0089_FIRST_INTERVIEW_CALIBRATION,FIRST_PANEL_06_HIRING_MANAGER,CALIBRATION,RESERVED,0.25,2026-12-31T10:00:00+09:00,CALIBRATION_REQUIRED
EA_000535,APP0089_FIRST_INTERVIEW,APP0089_FIRST_INTERVIEW_CALIBRATION,FIRST_PANEL_06_HIRING_MANAGER,CALIBRATION,CONSUMED,0.25,2026-12-31T10:15:00+09:00,ACTUAL_PARTICIPATION
EA_000536,APP0090_FIRST_INTERVIEW,,FIRST_PANEL_07_ML_ENGINEER,INTERVIEW,RESERVED,1.0,2026-12-08T14:04:00+09:00,SCHEDULED_ALLOCATION
EA_000537,APP0090_FIRST_INTERVIEW,,FIRST_PANEL_07_HIRING_MANAGER,INTERVIEW,RESERVED,1.0,2026-12-08T14:04:00+09:00,SCHEDULED_ALLOCATION
EA_000538,APP0090_FIRST_INTERVIEW,,FIRST_PANEL_07_TECHNICAL_REVIEWER,INTERVIEW,RESERVED,1.0,2026-12-08T14:04:00+09:00,SCHEDULED_ALLOCATION
EA_000539,APP0090_FIRST_INTERVIEW,APP0090_FIRST_INTERVIEW_FIRST_INTERVIEW_SESSION,FIRST_PANEL_07_ML_ENGINEER,INTERVIEW,CONSUMED,1.0,2026-12-31T10:00:00+09:00,ACTUAL_PARTICIPATION
EA_000540,APP0090_FIRST_INTERVIEW,APP0090_FIRST_INTERVIEW_FIRST_INTERVIEW_SESSION,FIRST_PANEL_07_HIRING_MANAGER,INTERVIEW,CONSUMED,1.0,2026-12-31T10:00:00+09:00,ACTUAL_PARTICIPATION
EA_000541,APP0090_FIRST_INTERVIEW,APP0090_FIRST_INTERVIEW_FIRST_INTERVIEW_SESSION,FIRST_PANEL_07_TECHNICAL_REVIEWER,INTERVIEW,CONSUMED,1.0,2026-12-31T10:00:00+09:00,ACTUAL_PARTICIPATION
EA_000542,APP0090_FIRST_INTERVIEW,APP0090_FIRST_INTERVIEW_CALIBRATION,FIRST_PANEL_07_ML_ENGINEER,CALIBRATION,RESERVED,0.25,2026-12-31T10:00:00+09:00,CALIBRATION_REQUIRED
EA_000543,APP0090_FIRST_INTERVIEW,APP0090_FIRST_INTERVIEW_CALIBRATION,FIRST_PANEL_07_ML_ENGINEER,CALIBRATION,CONSUMED,0.25,2026-12-31T10:15:00+09:00,ACTUAL_PARTICIPATION
EA_000544,APP0090_FIRST_INTERVIEW,APP0090_FIRST_INTERVIEW_CALIBRATION,FIRST_PANEL_07_HIRING_MANAGER,CALIBRATION,RESERVED,0.25,2026-12-31T10:00:00+09:00,CALIBRATION_REQUIRED
EA_000545,APP0090_FIRST_INTERVIEW,APP0090_FIRST_INTERVIEW_CALIBRATION,FIRST_PANEL_07_HIRING_MANAGER,CALIBRATION,CONSUMED,0.25,2026-12-31T10:15:00+09:00,ACTUAL_PARTICIPATION
EA_000546,APP0093_FIRST_INTERVIEW,,FIRST_PANEL_08_ML_ENGINEER,INTERVIEW,RESERVED,1.0,2026-12-08T14:04:00+09:00,SCHEDULED_ALLOCATION
EA_000547,APP0093_FIRST_INTERVIEW,,FIRST_PANEL_08_HIRING_MANAGER,INTERVIEW,RESERVED,1.0,2026-12-08T14:04:00+09:00,SCHEDULED_ALLOCATION
EA_000548,APP0093_FIRST_INTERVIEW,,FIRST_PANEL_08_TECHNICAL_REVIEWER,INTERVIEW,RESERVED,1.0,2026-12-08T14:04:00+09:00,SCHEDULED_ALLOCATION
EA_000549,APP0093_FIRST_INTERVIEW,,FIRST_PANEL_08_ML_ENGINEER,INTERVIEW,RELEASED,1.0,2027-01-01T09:00:00+09:00,NO_RESPONSE_UNUSED
EA_000550,APP0093_FIRST_INTERVIEW,,FIRST_PANEL_08_HIRING_MANAGER,INTERVIEW,RELEASED,1.0,2027-01-01T09:00:00+09:00,NO_RESPONSE_UNUSED
EA_000551,APP0093_FIRST_INTERVIEW,,FIRST_PANEL_08_TECHNICAL_REVIEWER,INTERVIEW,RELEASED,1.0,2027-01-01T09:00:00+09:00,NO_RESPONSE_UNUSED
EA_000552,APP0095_FIRST_INTERVIEW,,FIRST_PANEL_09_ML_ENGINEER,INTERVIEW,RESERVED,1.0,2026-12-08T14:04:00+09:00,SCHEDULED_ALLOCATION
EA_000553,APP0095_FIRST_INTERVIEW,,FIRST_PANEL_09_HIRING_MANAGER,INTERVIEW,RESERVED,1.0,2026-12-08T14:04:00+09:00,SCHEDULED_ALLOCATION
EA_000554,APP0095_FIRST_INTERVIEW,,FIRST_PANEL_09_TECHNICAL_REVIEWER,INTERVIEW,RESERVED,1.0,2026-12-08T14:04:00+09:00,SCHEDULED_ALLOCATION
EA_000555,APP0095_FIRST_INTERVIEW,APP0095_FIRST_INTERVIEW_FIRST_INTERVIEW_SESSION,FIRST_PANEL_09_ML_ENGINEER,INTERVIEW,CONSUMED,1.0,2026-12-31T10:00:00+09:00,ACTUAL_PARTICIPATION
EA_000556,APP0095_FIRST_INTERVIEW,APP0095_FIRST_INTERVIEW_FIRST_INTERVIEW_SESSION,FIRST_PANEL_09_HIRING_MANAGER,INTERVIEW,CONSUMED,1.0,2026-12-31T10:00:00+09:00,ACTUAL_PARTICIPATION
EA_000557,APP0095_FIRST_INTERVIEW,APP0095_FIRST_INTERVIEW_FIRST_INTERVIEW_SESSION,FIRST_PANEL_09_TECHNICAL_REVIEWER,INTERVIEW,CONSUMED,1.0,2026-12-31T10:00:00+09:00,ACTUAL_PARTICIPATION
EA_000558,APP0095_FIRST_INTERVIEW,APP0095_FIRST_INTERVIEW_CALIBRATION,FIRST_PANEL_09_ML_ENGINEER,CALIBRATION,RESERVED,0.25,2026-12-31T10:00:00+09:00,CALIBRATION_REQUIRED
EA_000559,APP0095_FIRST_INTERVIEW,APP0095_FIRST_INTERVIEW_CALIBRATION,FIRST_PANEL_09_ML_ENGINEER,CALIBRATION,CONSUMED,0.25,2026-12-31T10:15:00+09:00,ACTUAL_PARTICIPATION
EA_000560,APP0095_FIRST_INTERVIEW,APP0095_FIRST_INTERVIEW_CALIBRATION,FIRST_PANEL_09_HIRING_MANAGER,CALIBRATION,RESERVED,0.25,2026-12-31T10:00:00+09:00,CALIBRATION_REQUIRED
EA_000561,APP0095_FIRST_INTERVIEW,APP0095_FIRST_INTERVIEW_CALIBRATION,FIRST_PANEL_09_HIRING_MANAGER,CALIBRATION,CONSUMED,0.25,2026-12-31T10:15:00+09:00,ACTUAL_PARTICIPATION
EA_000562,APP0096_FIRST_INTERVIEW,,FIRST_PANEL_10_ML_ENGINEER,INTERVIEW,RESERVED,1.0,2026-12-08T14:04:00+09:00,SCHEDULED_ALLOCATION
EA_000563,APP0096_FIRST_INTERVIEW,,FIRST_PANEL_10_HIRING_MANAGER,INTERVIEW,RESERVED,1.0,2026-12-08T14:04:00+09:00,SCHEDULED_ALLOCATION
EA_000564,APP0096_FIRST_INTERVIEW,,FIRST_PANEL_10_TECHNICAL_REVIEWER,INTERVIEW,RESERVED,1.0,2026-12-08T14:04:00+09:00,SCHEDULED_ALLOCATION
EA_000565,APP0096_FIRST_INTERVIEW,APP0096_FIRST_INTERVIEW_FIRST_INTERVIEW_SESSION,FIRST_PANEL_10_ML_ENGINEER,INTERVIEW,CONSUMED,1.0,2026-12-31T10:00:00+09:00,ACTUAL_PARTICIPATION
EA_000566,APP0096_FIRST_INTERVIEW,APP0096_FIRST_INTERVIEW_FIRST_INTERVIEW_SESSION,FIRST_PANEL_10_HIRING_MANAGER,INTERVIEW,CONSUMED,1.0,2026-12-31T10:00:00+09:00,ACTUAL_PARTICIPATION
EA_000567,APP0096_FIRST_INTERVIEW,APP0096_FIRST_INTERVIEW_FIRST_INTERVIEW_SESSION,FIRST_PANEL_10_TECHNICAL_REVIEWER,INTERVIEW,CONSUMED,1.0,2026-12-31T10:00:00+09:00,ACTUAL_PARTICIPATION
EA_000568,APP0096_FIRST_INTERVIEW,APP0096_FIRST_INTERVIEW_CALIBRATION,FIRST_PANEL_10_ML_ENGINEER,CALIBRATION,RESERVED,0.25,2026-12-31T10:00:00+09:00,CALIBRATION_REQUIRED
EA_000569,APP0096_FIRST_INTERVIEW,APP0096_FIRST_INTERVIEW_CALIBRATION,FIRST_PANEL_10_ML_ENGINEER,CALIBRATION,CONSUMED,0.25,2026-12-31T10:15:00+09:00,ACTUAL_PARTICIPATION
EA_000570,APP0096_FIRST_INTERVIEW,APP0096_FIRST_INTERVIEW_CALIBRATION,FIRST_PANEL_10_HIRING_MANAGER,CALIBRATION,RESERVED,0.25,2026-12-31T10:00:00+09:00,CALIBRATION_REQUIRED
EA_000571,APP0096_FIRST_INTERVIEW,APP0096_FIRST_INTERVIEW_CALIBRATION,FIRST_PANEL_10_HIRING_MANAGER,CALIBRATION,CONSUMED,0.25,2026-12-31T10:15:00+09:00,ACTUAL_PARTICIPATION
EA_000572,APP0097_FIRST_INTERVIEW,,FIRST_PANEL_01_ML_ENGINEER,INTERVIEW,RESERVED,1.0,2026-12-08T14:04:00+09:00,SCHEDULED_ALLOCATION
EA_000573,APP0097_FIRST_INTERVIEW,,FIRST_PANEL_01_HIRING_MANAGER,INTERVIEW,RESERVED,1.0,2026-12-08T14:04:00+09:00,SCHEDULED_ALLOCATION
EA_000574,APP0097_FIRST_INTERVIEW,,FIRST_PANEL_01_TECHNICAL_REVIEWER,INTERVIEW,RESERVED,1.0,2026-12-08T14:04:00+09:00,SCHEDULED_ALLOCATION
EA_000575,APP0097_FIRST_INTERVIEW,APP0097_FIRST_INTERVIEW_FIRST_INTERVIEW_SESSION,FIRST_PANEL_01_ML_ENGINEER,INTERVIEW,CONSUMED,1.0,2027-01-04T10:00:00+09:00,ACTUAL_PARTICIPATION
EA_000576,APP0097_FIRST_INTERVIEW,APP0097_FIRST_INTERVIEW_FIRST_INTERVIEW_SESSION,FIRST_PANEL_01_HIRING_MANAGER,INTERVIEW,CONSUMED,1.0,2027-01-04T10:00:00+09:00,ACTUAL_PARTICIPATION
EA_000577,APP0097_FIRST_INTERVIEW,APP0097_FIRST_INTERVIEW_FIRST_INTERVIEW_SESSION,FIRST_PANEL_01_TECHNICAL_REVIEWER,INTERVIEW,CONSUMED,1.0,2027-01-04T10:00:00+09:00,ACTUAL_PARTICIPATION
EA_000578,APP0097_FIRST_INTERVIEW,APP0097_FIRST_INTERVIEW_CALIBRATION,FIRST_PANEL_01_ML_ENGINEER,CALIBRATION,RESERVED,0.25,2027-01-04T10:00:00+09:00,CALIBRATION_REQUIRED
EA_000579,APP0097_FIRST_INTERVIEW,APP0097_FIRST_INTERVIEW_CALIBRATION,FIRST_PANEL_01_ML_ENGINEER,CALIBRATION,CONSUMED,0.25,2027-01-04T10:15:00+09:00,ACTUAL_PARTICIPATION
EA_000580,APP0097_FIRST_INTERVIEW,APP0097_FIRST_INTERVIEW_CALIBRATION,FIRST_PANEL_01_HIRING_MANAGER,CALIBRATION,RESERVED,0.25,2027-01-04T10:00:00+09:00,CALIBRATION_REQUIRED
EA_000581,APP0097_FIRST_INTERVIEW,APP0097_FIRST_INTERVIEW_CALIBRATION,FIRST_PANEL_01_HIRING_MANAGER,CALIBRATION,CONSUMED,0.25,2027-01-04T10:15:00+09:00,ACTUAL_PARTICIPATION
EA_000582,APP0101_FIRST_INTERVIEW,,FIRST_PANEL_02_ML_ENGINEER,INTERVIEW,RESERVED,1.0,2026-12-08T14:04:00+09:00,SCHEDULED_ALLOCATION
EA_000583,APP0101_FIRST_INTERVIEW,,FIRST_PANEL_02_HIRING_MANAGER,INTERVIEW,RESERVED,1.0,2026-12-08T14:04:00+09:00,SCHEDULED_ALLOCATION
EA_000584,APP0101_FIRST_INTERVIEW,,FIRST_PANEL_02_TECHNICAL_REVIEWER,INTERVIEW,RESERVED,1.0,2026-12-08T14:04:00+09:00,SCHEDULED_ALLOCATION
EA_000585,APP0101_FIRST_INTERVIEW,APP0101_FIRST_INTERVIEW_FIRST_INTERVIEW_SESSION,FIRST_PANEL_02_ML_ENGINEER,INTERVIEW,CONSUMED,1.0,2027-01-04T10:00:00+09:00,ACTUAL_PARTICIPATION
EA_000586,APP0101_FIRST_INTERVIEW,APP0101_FIRST_INTERVIEW_FIRST_INTERVIEW_SESSION,FIRST_PANEL_02_HIRING_MANAGER,INTERVIEW,CONSUMED,1.0,2027-01-04T10:00:00+09:00,ACTUAL_PARTICIPATION
EA_000587,APP0101_FIRST_INTERVIEW,APP0101_FIRST_INTERVIEW_FIRST_INTERVIEW_SESSION,FIRST_PANEL_02_TECHNICAL_REVIEWER,INTERVIEW,CONSUMED,1.0,2027-01-04T10:00:00+09:00,ACTUAL_PARTICIPATION
EA_000588,APP0101_FIRST_INTERVIEW,APP0101_FIRST_INTERVIEW_CALIBRATION,FIRST_PANEL_02_ML_ENGINEER,CALIBRATION,RESERVED,0.25,2027-01-04T10:00:00+09:00,CALIBRATION_REQUIRED
EA_000589,APP0101_FIRST_INTERVIEW,APP0101_FIRST_INTERVIEW_CALIBRATION,FIRST_PANEL_02_ML_ENGINEER,CALIBRATION,CONSUMED,0.25,2027-01-04T10:15:00+09:00,ACTUAL_PARTICIPATION
EA_000590,APP0101_FIRST_INTERVIEW,APP0101_FIRST_INTERVIEW_CALIBRATION,FIRST_PANEL_02_HIRING_MANAGER,CALIBRATION,RESERVED,0.25,2027-01-04T10:00:00+09:00,CALIBRATION_REQUIRED
EA_000591,APP0101_FIRST_INTERVIEW,APP0101_FIRST_INTERVIEW_CALIBRATION,FIRST_PANEL_02_HIRING_MANAGER,CALIBRATION,CONSUMED,0.25,2027-01-04T10:15:00+09:00,ACTUAL_PARTICIPATION
EA_000592,APP0102_FIRST_INTERVIEW,,FIRST_PANEL_03_ML_ENGINEER,INTERVIEW,RESERVED,1.0,2026-12-08T14:04:00+09:00,SCHEDULED_ALLOCATION
EA_000593,APP0102_FIRST_INTERVIEW,,FIRST_PANEL_03_HIRING_MANAGER,INTERVIEW,RESERVED,1.0,2026-12-08T14:04:00+09:00,SCHEDULED_ALLOCATION
EA_000594,APP0102_FIRST_INTERVIEW,,FIRST_PANEL_03_TECHNICAL_REVIEWER,INTERVIEW,RESERVED,1.0,2026-12-08T14:04:00+09:00,SCHEDULED_ALLOCATION
EA_000595,APP0102_FIRST_INTERVIEW,APP0102_FIRST_INTERVIEW_FIRST_INTERVIEW_SESSION,FIRST_PANEL_03_ML_ENGINEER,INTERVIEW,CONSUMED,1.0,2027-01-04T10:00:00+09:00,ACTUAL_PARTICIPATION
EA_000596,APP0102_FIRST_INTERVIEW,APP0102_FIRST_INTERVIEW_FIRST_INTERVIEW_SESSION,FIRST_PANEL_03_HIRING_MANAGER,INTERVIEW,CONSUMED,1.0,2027-01-04T10:00:00+09:00,ACTUAL_PARTICIPATION
EA_000597,APP0102_FIRST_INTERVIEW,APP0102_FIRST_INTERVIEW_FIRST_INTERVIEW_SESSION,FIRST_PANEL_03_TECHNICAL_REVIEWER,INTERVIEW,CONSUMED,1.0,2027-01-04T10:00:00+09:00,ACTUAL_PARTICIPATION
EA_000598,APP0102_FIRST_INTERVIEW,APP0102_FIRST_INTERVIEW_CALIBRATION,FIRST_PANEL_03_ML_ENGINEER,CALIBRATION,RESERVED,0.25,2027-01-04T10:00:00+09:00,CALIBRATION_REQUIRED
EA_000599,APP0102_FIRST_INTERVIEW,APP0102_FIRST_INTERVIEW_CALIBRATION,FIRST_PANEL_03_ML_ENGINEER,CALIBRATION,CONSUMED,0.25,2027-01-04T10:15:00+09:00,ACTUAL_PARTICIPATION
EA_000600,APP0102_FIRST_INTERVIEW,APP0102_FIRST_INTERVIEW_CALIBRATION,FIRST_PANEL_03_HIRING_MANAGER,CALIBRATION,RESERVED,0.25,2027-01-04T10:00:00+09:00,CALIBRATION_REQUIRED
EA_000601,APP0102_FIRST_INTERVIEW,APP0102_FIRST_INTERVIEW_CALIBRATION,FIRST_PANEL_03_HIRING_MANAGER,CALIBRATION,CONSUMED,0.25,2027-01-04T10:15:00+09:00,ACTUAL_PARTICIPATION
EA_000602,APP0103_FIRST_INTERVIEW,,FIRST_PANEL_04_ML_ENGINEER,INTERVIEW,RESERVED,1.0,2026-12-08T14:04:00+09:00,SCHEDULED_ALLOCATION
EA_000603,APP0103_FIRST_INTERVIEW,,FIRST_PANEL_04_HIRING_MANAGER,INTERVIEW,RESERVED,1.0,2026-12-08T14:04:00+09:00,SCHEDULED_ALLOCATION
EA_000604,APP0103_FIRST_INTERVIEW,,FIRST_PANEL_04_TECHNICAL_REVIEWER,INTERVIEW,RESERVED,1.0,2026-12-08T14:04:00+09:00,SCHEDULED_ALLOCATION
EA_000605,APP0103_FIRST_INTERVIEW,APP0103_FIRST_INTERVIEW_FIRST_INTERVIEW_SESSION,FIRST_PANEL_04_ML_ENGINEER,INTERVIEW,CONSUMED,1.0,2027-01-04T10:00:00+09:00,ACTUAL_PARTICIPATION
EA_000606,APP0103_FIRST_INTERVIEW,APP0103_FIRST_INTERVIEW_FIRST_INTERVIEW_SESSION,FIRST_PANEL_04_HIRING_MANAGER,INTERVIEW,CONSUMED,1.0,2027-01-04T10:00:00+09:00,ACTUAL_PARTICIPATION
EA_000607,APP0103_FIRST_INTERVIEW,APP0103_FIRST_INTERVIEW_FIRST_INTERVIEW_SESSION,FIRST_PANEL_04_TECHNICAL_REVIEWER,INTERVIEW,CONSUMED,1.0,2027-01-04T10:00:00+09:00,ACTUAL_PARTICIPATION
EA_000608,APP0103_FIRST_INTERVIEW,APP0103_FIRST_INTERVIEW_CALIBRATION,FIRST_PANEL_04_ML_ENGINEER,CALIBRATION,RESERVED,0.25,2027-01-04T10:00:00+09:00,CALIBRATION_REQUIRED
EA_000609,APP0103_FIRST_INTERVIEW,APP0103_FIRST_INTERVIEW_CALIBRATION,FIRST_PANEL_04_ML_ENGINEER,CALIBRATION,CONSUMED,0.25,2027-01-04T10:15:00+09:00,ACTUAL_PARTICIPATION
EA_000610,APP0103_FIRST_INTERVIEW,APP0103_FIRST_INTERVIEW_CALIBRATION,FIRST_PANEL_04_HIRING_MANAGER,CALIBRATION,RESERVED,0.25,2027-01-04T10:00:00+09:00,CALIBRATION_REQUIRED
EA_000611,APP0103_FIRST_INTERVIEW,APP0103_FIRST_INTERVIEW_CALIBRATION,FIRST_PANEL_04_HIRING_MANAGER,CALIBRATION,CONSUMED,0.25,2027-01-04T10:15:00+09:00,ACTUAL_PARTICIPATION
EA_000612,APP0104_FIRST_INTERVIEW,,FIRST_PANEL_05_ML_ENGINEER,INTERVIEW,RESERVED,1.0,2026-12-08T14:04:00+09:00,SCHEDULED_ALLOCATION
EA_000613,APP0104_FIRST_INTERVIEW,,FIRST_PANEL_05_HIRING_MANAGER,INTERVIEW,RESERVED,1.0,2026-12-08T14:04:00+09:00,SCHEDULED_ALLOCATION
EA_000614,APP0104_FIRST_INTERVIEW,,FIRST_PANEL_05_TECHNICAL_REVIEWER,INTERVIEW,RESERVED,1.0,2026-12-08T14:04:00+09:00,SCHEDULED_ALLOCATION
EA_000615,APP0104_FIRST_INTERVIEW,APP0104_FIRST_INTERVIEW_FIRST_INTERVIEW_SESSION,FIRST_PANEL_05_ML_ENGINEER,INTERVIEW,CONSUMED,1.0,2027-01-04T10:00:00+09:00,ACTUAL_PARTICIPATION
EA_000616,APP0104_FIRST_INTERVIEW,APP0104_FIRST_INTERVIEW_FIRST_INTERVIEW_SESSION,FIRST_PANEL_05_HIRING_MANAGER,INTERVIEW,CONSUMED,1.0,2027-01-04T10:00:00+09:00,ACTUAL_PARTICIPATION
EA_000617,APP0104_FIRST_INTERVIEW,APP0104_FIRST_INTERVIEW_FIRST_INTERVIEW_SESSION,FIRST_PANEL_05_TECHNICAL_REVIEWER,INTERVIEW,CONSUMED,1.0,2027-01-04T10:00:00+09:00,ACTUAL_PARTICIPATION
EA_000618,APP0104_FIRST_INTERVIEW,APP0104_FIRST_INTERVIEW_CALIBRATION,FIRST_PANEL_05_ML_ENGINEER,CALIBRATION,RESERVED,0.25,2027-01-04T10:00:00+09:00,CALIBRATION_REQUIRED
EA_000619,APP0104_FIRST_INTERVIEW,APP0104_FIRST_INTERVIEW_CALIBRATION,FIRST_PANEL_05_ML_ENGINEER,CALIBRATION,CONSUMED,0.25,2027-01-04T10:15:00+09:00,ACTUAL_PARTICIPATION
EA_000620,APP0104_FIRST_INTERVIEW,APP0104_FIRST_INTERVIEW_CALIBRATION,FIRST_PANEL_05_HIRING_MANAGER,CALIBRATION,RESERVED,0.25,2027-01-04T10:00:00+09:00,CALIBRATION_REQUIRED
EA_000621,APP0104_FIRST_INTERVIEW,APP0104_FIRST_INTERVIEW_CALIBRATION,FIRST_PANEL_05_HIRING_MANAGER,CALIBRATION,CONSUMED,0.25,2027-01-04T10:15:00+09:00,ACTUAL_PARTICIPATION
EA_000622,APP0105_FIRST_INTERVIEW,,FIRST_PANEL_06_ML_ENGINEER,INTERVIEW,RESERVED,1.0,2026-12-08T14:04:00+09:00,SCHEDULED_ALLOCATION
EA_000623,APP0105_FIRST_INTERVIEW,,FIRST_PANEL_06_HIRING_MANAGER,INTERVIEW,RESERVED,1.0,2026-12-08T14:04:00+09:00,SCHEDULED_ALLOCATION
EA_000624,APP0105_FIRST_INTERVIEW,,FIRST_PANEL_06_TECHNICAL_REVIEWER,INTERVIEW,RESERVED,1.0,2026-12-08T14:04:00+09:00,SCHEDULED_ALLOCATION
EA_000625,APP0105_FIRST_INTERVIEW,APP0105_FIRST_INTERVIEW_FIRST_INTERVIEW_SESSION,FIRST_PANEL_06_ML_ENGINEER,INTERVIEW,CONSUMED,1.0,2027-01-04T10:00:00+09:00,ACTUAL_PARTICIPATION
EA_000626,APP0105_FIRST_INTERVIEW,APP0105_FIRST_INTERVIEW_FIRST_INTERVIEW_SESSION,FIRST_PANEL_06_HIRING_MANAGER,INTERVIEW,CONSUMED,1.0,2027-01-04T10:00:00+09:00,ACTUAL_PARTICIPATION
EA_000627,APP0105_FIRST_INTERVIEW,APP0105_FIRST_INTERVIEW_FIRST_INTERVIEW_SESSION,FIRST_PANEL_06_TECHNICAL_REVIEWER,INTERVIEW,CONSUMED,1.0,2027-01-04T10:00:00+09:00,ACTUAL_PARTICIPATION
EA_000628,APP0105_FIRST_INTERVIEW,APP0105_FIRST_INTERVIEW_CALIBRATION,FIRST_PANEL_06_ML_ENGINEER,CALIBRATION,RESERVED,0.25,2027-01-04T10:00:00+09:00,CALIBRATION_REQUIRED
EA_000629,APP0105_FIRST_INTERVIEW,APP0105_FIRST_INTERVIEW_CALIBRATION,FIRST_PANEL_06_ML_ENGINEER,CALIBRATION,CONSUMED,0.25,2027-01-04T10:15:00+09:00,ACTUAL_PARTICIPATION
EA_000630,APP0105_FIRST_INTERVIEW,APP0105_FIRST_INTERVIEW_CALIBRATION,FIRST_PANEL_06_HIRING_MANAGER,CALIBRATION,RESERVED,0.25,2027-01-04T10:00:00+09:00,CALIBRATION_REQUIRED
EA_000631,APP0105_FIRST_INTERVIEW,APP0105_FIRST_INTERVIEW_CALIBRATION,FIRST_PANEL_06_HIRING_MANAGER,CALIBRATION,CONSUMED,0.25,2027-01-04T10:15:00+09:00,ACTUAL_PARTICIPATION
EA_000632,APP0107_FIRST_INTERVIEW,,FIRST_PANEL_07_ML_ENGINEER,INTERVIEW,RESERVED,1.0,2026-12-08T14:04:00+09:00,SCHEDULED_ALLOCATION
EA_000633,APP0107_FIRST_INTERVIEW,,FIRST_PANEL_07_HIRING_MANAGER,INTERVIEW,RESERVED,1.0,2026-12-08T14:04:00+09:00,SCHEDULED_ALLOCATION
EA_000634,APP0107_FIRST_INTERVIEW,,FIRST_PANEL_07_TECHNICAL_REVIEWER,INTERVIEW,RESERVED,1.0,2026-12-08T14:04:00+09:00,SCHEDULED_ALLOCATION
EA_000635,APP0107_FIRST_INTERVIEW,APP0107_FIRST_INTERVIEW_FIRST_INTERVIEW_SESSION,FIRST_PANEL_07_ML_ENGINEER,INTERVIEW,CONSUMED,1.0,2027-01-04T10:00:00+09:00,ACTUAL_PARTICIPATION
EA_000636,APP0107_FIRST_INTERVIEW,APP0107_FIRST_INTERVIEW_FIRST_INTERVIEW_SESSION,FIRST_PANEL_07_HIRING_MANAGER,INTERVIEW,CONSUMED,1.0,2027-01-04T10:00:00+09:00,ACTUAL_PARTICIPATION
EA_000637,APP0107_FIRST_INTERVIEW,APP0107_FIRST_INTERVIEW_FIRST_INTERVIEW_SESSION,FIRST_PANEL_07_TECHNICAL_REVIEWER,INTERVIEW,CONSUMED,1.0,2027-01-04T10:00:00+09:00,ACTUAL_PARTICIPATION
EA_000638,APP0107_FIRST_INTERVIEW,APP0107_FIRST_INTERVIEW_CALIBRATION,FIRST_PANEL_07_ML_ENGINEER,CALIBRATION,RESERVED,0.25,2027-01-04T10:00:00+09:00,CALIBRATION_REQUIRED
EA_000639,APP0107_FIRST_INTERVIEW,APP0107_FIRST_INTERVIEW_CALIBRATION,FIRST_PANEL_07_ML_ENGINEER,CALIBRATION,CONSUMED,0.25,2027-01-04T10:15:00+09:00,ACTUAL_PARTICIPATION
EA_000640,APP0107_FIRST_INTERVIEW,APP0107_FIRST_INTERVIEW_CALIBRATION,FIRST_PANEL_07_HIRING_MANAGER,CALIBRATION,RESERVED,0.25,2027-01-04T10:00:00+09:00,CALIBRATION_REQUIRED
EA_000641,APP0107_FIRST_INTERVIEW,APP0107_FIRST_INTERVIEW_CALIBRATION,FIRST_PANEL_07_HIRING_MANAGER,CALIBRATION,CONSUMED,0.25,2027-01-04T10:15:00+09:00,ACTUAL_PARTICIPATION
EA_000642,APP0109_FIRST_INTERVIEW,,FIRST_PANEL_08_ML_ENGINEER,INTERVIEW,RESERVED,1.0,2026-12-08T14:04:00+09:00,SCHEDULED_ALLOCATION
EA_000643,APP0109_FIRST_INTERVIEW,,FIRST_PANEL_08_HIRING_MANAGER,INTERVIEW,RESERVED,1.0,2026-12-08T14:04:00+09:00,SCHEDULED_ALLOCATION
EA_000644,APP0109_FIRST_INTERVIEW,,FIRST_PANEL_08_TECHNICAL_REVIEWER,INTERVIEW,RESERVED,1.0,2026-12-08T14:04:00+09:00,SCHEDULED_ALLOCATION
EA_000645,APP0109_FIRST_INTERVIEW,APP0109_FIRST_INTERVIEW_FIRST_INTERVIEW_SESSION,FIRST_PANEL_08_ML_ENGINEER,INTERVIEW,CONSUMED,1.0,2027-01-04T10:00:00+09:00,ACTUAL_PARTICIPATION
EA_000646,APP0109_FIRST_INTERVIEW,APP0109_FIRST_INTERVIEW_FIRST_INTERVIEW_SESSION,FIRST_PANEL_08_HIRING_MANAGER,INTERVIEW,CONSUMED,1.0,2027-01-04T10:00:00+09:00,ACTUAL_PARTICIPATION
EA_000647,APP0109_FIRST_INTERVIEW,APP0109_FIRST_INTERVIEW_FIRST_INTERVIEW_SESSION,FIRST_PANEL_08_TECHNICAL_REVIEWER,INTERVIEW,CONSUMED,1.0,2027-01-04T10:00:00+09:00,ACTUAL_PARTICIPATION
EA_000648,APP0109_FIRST_INTERVIEW,APP0109_FIRST_INTERVIEW_CALIBRATION,FIRST_PANEL_08_ML_ENGINEER,CALIBRATION,RESERVED,0.25,2027-01-04T10:00:00+09:00,CALIBRATION_REQUIRED
EA_000649,APP0109_FIRST_INTERVIEW,APP0109_FIRST_INTERVIEW_CALIBRATION,FIRST_PANEL_08_ML_ENGINEER,CALIBRATION,CONSUMED,0.25,2027-01-04T10:15:00+09:00,ACTUAL_PARTICIPATION
EA_000650,APP0109_FIRST_INTERVIEW,APP0109_FIRST_INTERVIEW_CALIBRATION,FIRST_PANEL_08_HIRING_MANAGER,CALIBRATION,RESERVED,0.25,2027-01-04T10:00:00+09:00,CALIBRATION_REQUIRED
EA_000651,APP0109_FIRST_INTERVIEW,APP0109_FIRST_INTERVIEW_CALIBRATION,FIRST_PANEL_08_HIRING_MANAGER,CALIBRATION,CONSUMED,0.25,2027-01-04T10:15:00+09:00,ACTUAL_PARTICIPATION
EA_000652,APP0110_FIRST_INTERVIEW,,FIRST_PANEL_09_ML_ENGINEER,INTERVIEW,RESERVED,1.0,2026-12-08T14:04:00+09:00,SCHEDULED_ALLOCATION
EA_000653,APP0110_FIRST_INTERVIEW,,FIRST_PANEL_09_HIRING_MANAGER,INTERVIEW,RESERVED,1.0,2026-12-08T14:04:00+09:00,SCHEDULED_ALLOCATION
EA_000654,APP0110_FIRST_INTERVIEW,,FIRST_PANEL_09_TECHNICAL_REVIEWER,INTERVIEW,RESERVED,1.0,2026-12-08T14:04:00+09:00,SCHEDULED_ALLOCATION
EA_000655,APP0110_FIRST_INTERVIEW,APP0110_FIRST_INTERVIEW_FIRST_INTERVIEW_SESSION,FIRST_PANEL_09_ML_ENGINEER,INTERVIEW,CONSUMED,1.0,2027-01-04T10:00:00+09:00,ACTUAL_PARTICIPATION
EA_000656,APP0110_FIRST_INTERVIEW,APP0110_FIRST_INTERVIEW_FIRST_INTERVIEW_SESSION,FIRST_PANEL_09_HIRING_MANAGER,INTERVIEW,CONSUMED,1.0,2027-01-04T10:00:00+09:00,ACTUAL_PARTICIPATION
EA_000657,APP0110_FIRST_INTERVIEW,APP0110_FIRST_INTERVIEW_FIRST_INTERVIEW_SESSION,FIRST_PANEL_09_TECHNICAL_REVIEWER,INTERVIEW,CONSUMED,1.0,2027-01-04T10:00:00+09:00,ACTUAL_PARTICIPATION
EA_000658,APP0110_FIRST_INTERVIEW,APP0110_FIRST_INTERVIEW_CALIBRATION,FIRST_PANEL_09_ML_ENGINEER,CALIBRATION,RESERVED,0.25,2027-01-04T10:00:00+09:00,CALIBRATION_REQUIRED
EA_000659,APP0110_FIRST_INTERVIEW,APP0110_FIRST_INTERVIEW_CALIBRATION,FIRST_PANEL_09_ML_ENGINEER,CALIBRATION,CONSUMED,0.25,2027-01-04T10:15:00+09:00,ACTUAL_PARTICIPATION
EA_000660,APP0110_FIRST_INTERVIEW,APP0110_FIRST_INTERVIEW_CALIBRATION,FIRST_PANEL_09_HIRING_MANAGER,CALIBRATION,RESERVED,0.25,2027-01-04T10:00:00+09:00,CALIBRATION_REQUIRED
EA_000661,APP0110_FIRST_INTERVIEW,APP0110_FIRST_INTERVIEW_CALIBRATION,FIRST_PANEL_09_HIRING_MANAGER,CALIBRATION,CONSUMED,0.25,2027-01-04T10:15:00+09:00,ACTUAL_PARTICIPATION
EA_000662,APP0112_FIRST_INTERVIEW,,FIRST_PANEL_10_ML_ENGINEER,INTERVIEW,RESERVED,1.0,2026-12-08T14:04:00+09:00,SCHEDULED_ALLOCATION
EA_000663,APP0112_FIRST_INTERVIEW,,FIRST_PANEL_10_HIRING_MANAGER,INTERVIEW,RESERVED,1.0,2026-12-08T14:04:00+09:00,SCHEDULED_ALLOCATION
EA_000664,APP0112_FIRST_INTERVIEW,,FIRST_PANEL_10_TECHNICAL_REVIEWER,INTERVIEW,RESERVED,1.0,2026-12-08T14:04:00+09:00,SCHEDULED_ALLOCATION
EA_000665,APP0112_FIRST_INTERVIEW,,FIRST_PANEL_10_ML_ENGINEER,INTERVIEW,RELEASED,1.0,2026-12-10T14:04:00+09:00,CONFIRMED_WITHDRAWAL_UNUSED
EA_000666,APP0112_FIRST_INTERVIEW,,FIRST_PANEL_10_HIRING_MANAGER,INTERVIEW,RELEASED,1.0,2026-12-10T14:04:00+09:00,CONFIRMED_WITHDRAWAL_UNUSED
EA_000667,APP0112_FIRST_INTERVIEW,,FIRST_PANEL_10_TECHNICAL_REVIEWER,INTERVIEW,RELEASED,1.0,2026-12-10T14:04:00+09:00,CONFIRMED_WITHDRAWAL_UNUSED
EA_000668,APP0113_FIRST_INTERVIEW,,FIRST_PANEL_01_ML_ENGINEER,INTERVIEW,RESERVED,1.0,2026-12-08T14:04:00+09:00,SCHEDULED_ALLOCATION
EA_000669,APP0113_FIRST_INTERVIEW,,FIRST_PANEL_01_HIRING_MANAGER,INTERVIEW,RESERVED,1.0,2026-12-08T14:04:00+09:00,SCHEDULED_ALLOCATION
EA_000670,APP0113_FIRST_INTERVIEW,,FIRST_PANEL_01_TECHNICAL_REVIEWER,INTERVIEW,RESERVED,1.0,2026-12-08T14:04:00+09:00,SCHEDULED_ALLOCATION
EA_000671,APP0113_FIRST_INTERVIEW,APP0113_FIRST_INTERVIEW_FIRST_INTERVIEW_SESSION,FIRST_PANEL_01_ML_ENGINEER,INTERVIEW,CONSUMED,1.0,2027-01-07T10:00:00+09:00,ACTUAL_PARTICIPATION
EA_000672,APP0113_FIRST_INTERVIEW,APP0113_FIRST_INTERVIEW_FIRST_INTERVIEW_SESSION,FIRST_PANEL_01_HIRING_MANAGER,INTERVIEW,CONSUMED,1.0,2027-01-07T10:00:00+09:00,ACTUAL_PARTICIPATION
EA_000673,APP0113_FIRST_INTERVIEW,APP0113_FIRST_INTERVIEW_FIRST_INTERVIEW_SESSION,FIRST_PANEL_01_TECHNICAL_REVIEWER,INTERVIEW,CONSUMED,1.0,2027-01-07T10:00:00+09:00,ACTUAL_PARTICIPATION
EA_000674,APP0113_FIRST_INTERVIEW,APP0113_FIRST_INTERVIEW_CALIBRATION,FIRST_PANEL_01_ML_ENGINEER,CALIBRATION,RESERVED,0.25,2027-01-07T10:00:00+09:00,CALIBRATION_REQUIRED
EA_000675,APP0113_FIRST_INTERVIEW,APP0113_FIRST_INTERVIEW_CALIBRATION,FIRST_PANEL_01_ML_ENGINEER,CALIBRATION,CONSUMED,0.25,2027-01-07T10:15:00+09:00,ACTUAL_PARTICIPATION
EA_000676,APP0113_FIRST_INTERVIEW,APP0113_FIRST_INTERVIEW_CALIBRATION,FIRST_PANEL_01_HIRING_MANAGER,CALIBRATION,RESERVED,0.25,2027-01-07T10:00:00+09:00,CALIBRATION_REQUIRED
EA_000677,APP0113_FIRST_INTERVIEW,APP0113_FIRST_INTERVIEW_CALIBRATION,FIRST_PANEL_01_HIRING_MANAGER,CALIBRATION,CONSUMED,0.25,2027-01-07T10:15:00+09:00,ACTUAL_PARTICIPATION
EA_000678,APP0115_FIRST_INTERVIEW,,FIRST_PANEL_02_ML_ENGINEER,INTERVIEW,RESERVED,1.0,2026-12-08T14:04:00+09:00,SCHEDULED_ALLOCATION
EA_000679,APP0115_FIRST_INTERVIEW,,FIRST_PANEL_02_HIRING_MANAGER,INTERVIEW,RESERVED,1.0,2026-12-08T14:04:00+09:00,SCHEDULED_ALLOCATION
EA_000680,APP0115_FIRST_INTERVIEW,,FIRST_PANEL_02_TECHNICAL_REVIEWER,INTERVIEW,RESERVED,1.0,2026-12-08T14:04:00+09:00,SCHEDULED_ALLOCATION
EA_000681,APP0115_FIRST_INTERVIEW,APP0115_FIRST_INTERVIEW_FIRST_INTERVIEW_SESSION,FIRST_PANEL_02_ML_ENGINEER,INTERVIEW,CONSUMED,1.0,2027-01-07T10:00:00+09:00,ACTUAL_PARTICIPATION
EA_000682,APP0115_FIRST_INTERVIEW,APP0115_FIRST_INTERVIEW_FIRST_INTERVIEW_SESSION,FIRST_PANEL_02_HIRING_MANAGER,INTERVIEW,CONSUMED,1.0,2027-01-07T10:00:00+09:00,ACTUAL_PARTICIPATION
EA_000683,APP0115_FIRST_INTERVIEW,APP0115_FIRST_INTERVIEW_FIRST_INTERVIEW_SESSION,FIRST_PANEL_02_TECHNICAL_REVIEWER,INTERVIEW,CONSUMED,1.0,2027-01-07T10:00:00+09:00,ACTUAL_PARTICIPATION
EA_000684,APP0115_FIRST_INTERVIEW,APP0115_FIRST_INTERVIEW_CALIBRATION,FIRST_PANEL_02_ML_ENGINEER,CALIBRATION,RESERVED,0.25,2027-01-07T10:00:00+09:00,CALIBRATION_REQUIRED
EA_000685,APP0115_FIRST_INTERVIEW,APP0115_FIRST_INTERVIEW_CALIBRATION,FIRST_PANEL_02_ML_ENGINEER,CALIBRATION,CONSUMED,0.25,2027-01-07T10:15:00+09:00,ACTUAL_PARTICIPATION
EA_000686,APP0115_FIRST_INTERVIEW,APP0115_FIRST_INTERVIEW_CALIBRATION,FIRST_PANEL_02_HIRING_MANAGER,CALIBRATION,RESERVED,0.25,2027-01-07T10:00:00+09:00,CALIBRATION_REQUIRED
EA_000687,APP0115_FIRST_INTERVIEW,APP0115_FIRST_INTERVIEW_CALIBRATION,FIRST_PANEL_02_HIRING_MANAGER,CALIBRATION,CONSUMED,0.25,2027-01-07T10:15:00+09:00,ACTUAL_PARTICIPATION
EA_000688,APP0116_FIRST_INTERVIEW,,FIRST_PANEL_03_ML_ENGINEER,INTERVIEW,RESERVED,1.0,2026-12-08T14:04:00+09:00,SCHEDULED_ALLOCATION
EA_000689,APP0116_FIRST_INTERVIEW,,FIRST_PANEL_03_HIRING_MANAGER,INTERVIEW,RESERVED,1.0,2026-12-08T14:04:00+09:00,SCHEDULED_ALLOCATION
EA_000690,APP0116_FIRST_INTERVIEW,,FIRST_PANEL_03_TECHNICAL_REVIEWER,INTERVIEW,RESERVED,1.0,2026-12-08T14:04:00+09:00,SCHEDULED_ALLOCATION
EA_000691,APP0116_FIRST_INTERVIEW,APP0116_FIRST_INTERVIEW_FIRST_INTERVIEW_SESSION,FIRST_PANEL_03_ML_ENGINEER,INTERVIEW,CONSUMED,1.0,2027-01-07T10:00:00+09:00,ACTUAL_PARTICIPATION
EA_000692,APP0116_FIRST_INTERVIEW,APP0116_FIRST_INTERVIEW_FIRST_INTERVIEW_SESSION,FIRST_PANEL_03_HIRING_MANAGER,INTERVIEW,CONSUMED,1.0,2027-01-07T10:00:00+09:00,ACTUAL_PARTICIPATION
EA_000693,APP0116_FIRST_INTERVIEW,APP0116_FIRST_INTERVIEW_FIRST_INTERVIEW_SESSION,FIRST_PANEL_03_TECHNICAL_REVIEWER,INTERVIEW,CONSUMED,1.0,2027-01-07T10:00:00+09:00,ACTUAL_PARTICIPATION
EA_000694,APP0116_FIRST_INTERVIEW,APP0116_FIRST_INTERVIEW_CALIBRATION,FIRST_PANEL_03_ML_ENGINEER,CALIBRATION,RESERVED,0.25,2027-01-07T10:00:00+09:00,CALIBRATION_REQUIRED
EA_000695,APP0116_FIRST_INTERVIEW,APP0116_FIRST_INTERVIEW_CALIBRATION,FIRST_PANEL_03_ML_ENGINEER,CALIBRATION,CONSUMED,0.25,2027-01-07T10:15:00+09:00,ACTUAL_PARTICIPATION
EA_000696,APP0116_FIRST_INTERVIEW,APP0116_FIRST_INTERVIEW_CALIBRATION,FIRST_PANEL_03_HIRING_MANAGER,CALIBRATION,RESERVED,0.25,2027-01-07T10:00:00+09:00,CALIBRATION_REQUIRED
EA_000697,APP0116_FIRST_INTERVIEW,APP0116_FIRST_INTERVIEW_CALIBRATION,FIRST_PANEL_03_HIRING_MANAGER,CALIBRATION,CONSUMED,0.25,2027-01-07T10:15:00+09:00,ACTUAL_PARTICIPATION
EA_000698,APP0119_FIRST_INTERVIEW,,FIRST_PANEL_04_ML_ENGINEER,INTERVIEW,RESERVED,1.0,2026-12-08T14:04:00+09:00,SCHEDULED_ALLOCATION
EA_000699,APP0119_FIRST_INTERVIEW,,FIRST_PANEL_04_HIRING_MANAGER,INTERVIEW,RESERVED,1.0,2026-12-08T14:04:00+09:00,SCHEDULED_ALLOCATION
EA_000700,APP0119_FIRST_INTERVIEW,,FIRST_PANEL_04_TECHNICAL_REVIEWER,INTERVIEW,RESERVED,1.0,2026-12-08T14:04:00+09:00,SCHEDULED_ALLOCATION
EA_000701,APP0119_FIRST_INTERVIEW,APP0119_FIRST_INTERVIEW_FIRST_INTERVIEW_SESSION,FIRST_PANEL_04_ML_ENGINEER,INTERVIEW,CONSUMED,1.0,2027-01-07T10:00:00+09:00,ACTUAL_PARTICIPATION
EA_000702,APP0119_FIRST_INTERVIEW,APP0119_FIRST_INTERVIEW_FIRST_INTERVIEW_SESSION,FIRST_PANEL_04_HIRING_MANAGER,INTERVIEW,CONSUMED,1.0,2027-01-07T10:00:00+09:00,ACTUAL_PARTICIPATION
EA_000703,APP0119_FIRST_INTERVIEW,APP0119_FIRST_INTERVIEW_FIRST_INTERVIEW_SESSION,FIRST_PANEL_04_TECHNICAL_REVIEWER,INTERVIEW,CONSUMED,1.0,2027-01-07T10:00:00+09:00,ACTUAL_PARTICIPATION
EA_000704,APP0119_FIRST_INTERVIEW,APP0119_FIRST_INTERVIEW_CALIBRATION,FIRST_PANEL_04_ML_ENGINEER,CALIBRATION,RESERVED,0.25,2027-01-07T10:00:00+09:00,CALIBRATION_REQUIRED
EA_000705,APP0119_FIRST_INTERVIEW,APP0119_FIRST_INTERVIEW_CALIBRATION,FIRST_PANEL_04_ML_ENGINEER,CALIBRATION,CONSUMED,0.25,2027-01-07T10:15:00+09:00,ACTUAL_PARTICIPATION
EA_000706,APP0119_FIRST_INTERVIEW,APP0119_FIRST_INTERVIEW_CALIBRATION,FIRST_PANEL_04_HIRING_MANAGER,CALIBRATION,RESERVED,0.25,2027-01-07T10:00:00+09:00,CALIBRATION_REQUIRED
EA_000707,APP0119_FIRST_INTERVIEW,APP0119_FIRST_INTERVIEW_CALIBRATION,FIRST_PANEL_04_HIRING_MANAGER,CALIBRATION,CONSUMED,0.25,2027-01-07T10:15:00+09:00,ACTUAL_PARTICIPATION
EA_000708,APP0121_FIRST_INTERVIEW,,FIRST_PANEL_05_ML_ENGINEER,INTERVIEW,RESERVED,1.0,2026-12-08T14:04:00+09:00,SCHEDULED_ALLOCATION
EA_000709,APP0121_FIRST_INTERVIEW,,FIRST_PANEL_05_HIRING_MANAGER,INTERVIEW,RESERVED,1.0,2026-12-08T14:04:00+09:00,SCHEDULED_ALLOCATION
EA_000710,APP0121_FIRST_INTERVIEW,,FIRST_PANEL_05_TECHNICAL_REVIEWER,INTERVIEW,RESERVED,1.0,2026-12-08T14:04:00+09:00,SCHEDULED_ALLOCATION
EA_000711,APP0121_FIRST_INTERVIEW,APP0121_FIRST_INTERVIEW_FIRST_INTERVIEW_SESSION,FIRST_PANEL_05_ML_ENGINEER,INTERVIEW,CONSUMED,1.0,2027-01-07T10:00:00+09:00,ACTUAL_PARTICIPATION
EA_000712,APP0121_FIRST_INTERVIEW,APP0121_FIRST_INTERVIEW_FIRST_INTERVIEW_SESSION,FIRST_PANEL_05_HIRING_MANAGER,INTERVIEW,CONSUMED,1.0,2027-01-07T10:00:00+09:00,ACTUAL_PARTICIPATION
EA_000713,APP0121_FIRST_INTERVIEW,APP0121_FIRST_INTERVIEW_FIRST_INTERVIEW_SESSION,FIRST_PANEL_05_TECHNICAL_REVIEWER,INTERVIEW,CONSUMED,1.0,2027-01-07T10:00:00+09:00,ACTUAL_PARTICIPATION
EA_000714,APP0121_FIRST_INTERVIEW,APP0121_FIRST_INTERVIEW_CALIBRATION,FIRST_PANEL_05_ML_ENGINEER,CALIBRATION,RESERVED,0.25,2027-01-07T10:00:00+09:00,CALIBRATION_REQUIRED
EA_000715,APP0121_FIRST_INTERVIEW,APP0121_FIRST_INTERVIEW_CALIBRATION,FIRST_PANEL_05_ML_ENGINEER,CALIBRATION,CONSUMED,0.25,2027-01-07T10:15:00+09:00,ACTUAL_PARTICIPATION
EA_000716,APP0121_FIRST_INTERVIEW,APP0121_FIRST_INTERVIEW_CALIBRATION,FIRST_PANEL_05_HIRING_MANAGER,CALIBRATION,RESERVED,0.25,2027-01-07T10:00:00+09:00,CALIBRATION_REQUIRED
EA_000717,APP0121_FIRST_INTERVIEW,APP0121_FIRST_INTERVIEW_CALIBRATION,FIRST_PANEL_05_HIRING_MANAGER,CALIBRATION,CONSUMED,0.25,2027-01-07T10:15:00+09:00,ACTUAL_PARTICIPATION
EA_000718,APP0123_FIRST_INTERVIEW,,FIRST_PANEL_06_ML_ENGINEER,INTERVIEW,RESERVED,1.0,2026-12-08T14:04:00+09:00,SCHEDULED_ALLOCATION
EA_000719,APP0123_FIRST_INTERVIEW,,FIRST_PANEL_06_HIRING_MANAGER,INTERVIEW,RESERVED,1.0,2026-12-08T14:04:00+09:00,SCHEDULED_ALLOCATION
EA_000720,APP0123_FIRST_INTERVIEW,,FIRST_PANEL_06_TECHNICAL_REVIEWER,INTERVIEW,RESERVED,1.0,2026-12-08T14:04:00+09:00,SCHEDULED_ALLOCATION
EA_000721,APP0123_FIRST_INTERVIEW,APP0123_FIRST_INTERVIEW_FIRST_INTERVIEW_SESSION,FIRST_PANEL_06_ML_ENGINEER,INTERVIEW,CONSUMED,1.0,2027-01-07T10:00:00+09:00,ACTUAL_PARTICIPATION
EA_000722,APP0123_FIRST_INTERVIEW,APP0123_FIRST_INTERVIEW_FIRST_INTERVIEW_SESSION,FIRST_PANEL_06_HIRING_MANAGER,INTERVIEW,CONSUMED,1.0,2027-01-07T10:00:00+09:00,ACTUAL_PARTICIPATION
EA_000723,APP0123_FIRST_INTERVIEW,APP0123_FIRST_INTERVIEW_FIRST_INTERVIEW_SESSION,FIRST_PANEL_06_TECHNICAL_REVIEWER,INTERVIEW,CONSUMED,1.0,2027-01-07T10:00:00+09:00,ACTUAL_PARTICIPATION
EA_000724,APP0123_FIRST_INTERVIEW,APP0123_FIRST_INTERVIEW_CALIBRATION,FIRST_PANEL_06_ML_ENGINEER,CALIBRATION,RESERVED,0.25,2027-01-07T10:00:00+09:00,CALIBRATION_REQUIRED
EA_000725,APP0123_FIRST_INTERVIEW,APP0123_FIRST_INTERVIEW_CALIBRATION,FIRST_PANEL_06_ML_ENGINEER,CALIBRATION,CONSUMED,0.25,2027-01-07T10:15:00+09:00,ACTUAL_PARTICIPATION
EA_000726,APP0123_FIRST_INTERVIEW,APP0123_FIRST_INTERVIEW_CALIBRATION,FIRST_PANEL_06_HIRING_MANAGER,CALIBRATION,RESERVED,0.25,2027-01-07T10:00:00+09:00,CALIBRATION_REQUIRED
EA_000727,APP0123_FIRST_INTERVIEW,APP0123_FIRST_INTERVIEW_CALIBRATION,FIRST_PANEL_06_HIRING_MANAGER,CALIBRATION,CONSUMED,0.25,2027-01-07T10:15:00+09:00,ACTUAL_PARTICIPATION
EA_000728,APP0124_FIRST_INTERVIEW,,FIRST_PANEL_07_ML_ENGINEER,INTERVIEW,RESERVED,1.0,2026-12-08T14:04:00+09:00,SCHEDULED_ALLOCATION
EA_000729,APP0124_FIRST_INTERVIEW,,FIRST_PANEL_07_HIRING_MANAGER,INTERVIEW,RESERVED,1.0,2026-12-08T14:04:00+09:00,SCHEDULED_ALLOCATION
EA_000730,APP0124_FIRST_INTERVIEW,,FIRST_PANEL_07_TECHNICAL_REVIEWER,INTERVIEW,RESERVED,1.0,2026-12-08T14:04:00+09:00,SCHEDULED_ALLOCATION
EA_000731,APP0124_FIRST_INTERVIEW,APP0124_FIRST_INTERVIEW_FIRST_INTERVIEW_SESSION,FIRST_PANEL_07_ML_ENGINEER,INTERVIEW,CONSUMED,1.0,2027-01-07T10:00:00+09:00,ACTUAL_PARTICIPATION
EA_000732,APP0124_FIRST_INTERVIEW,APP0124_FIRST_INTERVIEW_FIRST_INTERVIEW_SESSION,FIRST_PANEL_07_HIRING_MANAGER,INTERVIEW,CONSUMED,1.0,2027-01-07T10:00:00+09:00,ACTUAL_PARTICIPATION
EA_000733,APP0124_FIRST_INTERVIEW,APP0124_FIRST_INTERVIEW_FIRST_INTERVIEW_SESSION,FIRST_PANEL_07_TECHNICAL_REVIEWER,INTERVIEW,CONSUMED,1.0,2027-01-07T10:00:00+09:00,ACTUAL_PARTICIPATION
EA_000734,APP0124_FIRST_INTERVIEW,APP0124_FIRST_INTERVIEW_CALIBRATION,FIRST_PANEL_07_ML_ENGINEER,CALIBRATION,RESERVED,0.25,2027-01-07T10:00:00+09:00,CALIBRATION_REQUIRED
EA_000735,APP0124_FIRST_INTERVIEW,APP0124_FIRST_INTERVIEW_CALIBRATION,FIRST_PANEL_07_ML_ENGINEER,CALIBRATION,CONSUMED,0.25,2027-01-07T10:15:00+09:00,ACTUAL_PARTICIPATION
EA_000736,APP0124_FIRST_INTERVIEW,APP0124_FIRST_INTERVIEW_CALIBRATION,FIRST_PANEL_07_HIRING_MANAGER,CALIBRATION,RESERVED,0.25,2027-01-07T10:00:00+09:00,CALIBRATION_REQUIRED
EA_000737,APP0124_FIRST_INTERVIEW,APP0124_FIRST_INTERVIEW_CALIBRATION,FIRST_PANEL_07_HIRING_MANAGER,CALIBRATION,CONSUMED,0.25,2027-01-07T10:15:00+09:00,ACTUAL_PARTICIPATION
EA_000738,APP0128_FIRST_INTERVIEW,,FIRST_PANEL_08_ML_ENGINEER,INTERVIEW,RESERVED,1.0,2026-12-08T14:04:00+09:00,SCHEDULED_ALLOCATION
EA_000739,APP0128_FIRST_INTERVIEW,,FIRST_PANEL_08_HIRING_MANAGER,INTERVIEW,RESERVED,1.0,2026-12-08T14:04:00+09:00,SCHEDULED_ALLOCATION
EA_000740,APP0128_FIRST_INTERVIEW,,FIRST_PANEL_08_TECHNICAL_REVIEWER,INTERVIEW,RESERVED,1.0,2026-12-08T14:04:00+09:00,SCHEDULED_ALLOCATION
EA_000741,APP0128_FIRST_INTERVIEW,APP0128_FIRST_INTERVIEW_FIRST_INTERVIEW_SESSION,FIRST_PANEL_08_ML_ENGINEER,INTERVIEW,CONSUMED,1.0,2027-01-07T10:00:00+09:00,ACTUAL_PARTICIPATION
EA_000742,APP0128_FIRST_INTERVIEW,APP0128_FIRST_INTERVIEW_FIRST_INTERVIEW_SESSION,FIRST_PANEL_08_HIRING_MANAGER,INTERVIEW,CONSUMED,1.0,2027-01-07T10:00:00+09:00,ACTUAL_PARTICIPATION
EA_000743,APP0128_FIRST_INTERVIEW,APP0128_FIRST_INTERVIEW_FIRST_INTERVIEW_SESSION,FIRST_PANEL_08_TECHNICAL_REVIEWER,INTERVIEW,CONSUMED,1.0,2027-01-07T10:00:00+09:00,ACTUAL_PARTICIPATION
EA_000744,APP0128_FIRST_INTERVIEW,APP0128_FIRST_INTERVIEW_CALIBRATION,FIRST_PANEL_08_ML_ENGINEER,CALIBRATION,RESERVED,0.25,2027-01-07T10:00:00+09:00,CALIBRATION_REQUIRED
EA_000745,APP0128_FIRST_INTERVIEW,APP0128_FIRST_INTERVIEW_CALIBRATION,FIRST_PANEL_08_ML_ENGINEER,CALIBRATION,CONSUMED,0.25,2027-01-07T10:15:00+09:00,ACTUAL_PARTICIPATION
EA_000746,APP0128_FIRST_INTERVIEW,APP0128_FIRST_INTERVIEW_CALIBRATION,FIRST_PANEL_08_HIRING_MANAGER,CALIBRATION,RESERVED,0.25,2027-01-07T10:00:00+09:00,CALIBRATION_REQUIRED
EA_000747,APP0128_FIRST_INTERVIEW,APP0128_FIRST_INTERVIEW_CALIBRATION,FIRST_PANEL_08_HIRING_MANAGER,CALIBRATION,CONSUMED,0.25,2027-01-07T10:15:00+09:00,ACTUAL_PARTICIPATION
EA_000748,APP0129_FIRST_INTERVIEW,,FIRST_PANEL_09_ML_ENGINEER,INTERVIEW,RESERVED,1.0,2026-12-08T14:04:00+09:00,SCHEDULED_ALLOCATION
EA_000749,APP0129_FIRST_INTERVIEW,,FIRST_PANEL_09_HIRING_MANAGER,INTERVIEW,RESERVED,1.0,2026-12-08T14:04:00+09:00,SCHEDULED_ALLOCATION
EA_000750,APP0129_FIRST_INTERVIEW,,FIRST_PANEL_09_TECHNICAL_REVIEWER,INTERVIEW,RESERVED,1.0,2026-12-08T14:04:00+09:00,SCHEDULED_ALLOCATION
EA_000751,APP0129_FIRST_INTERVIEW,APP0129_FIRST_INTERVIEW_FIRST_INTERVIEW_SESSION,FIRST_PANEL_09_ML_ENGINEER,INTERVIEW,CONSUMED,1.0,2027-01-07T10:00:00+09:00,ACTUAL_PARTICIPATION
EA_000752,APP0129_FIRST_INTERVIEW,APP0129_FIRST_INTERVIEW_FIRST_INTERVIEW_SESSION,FIRST_PANEL_09_HIRING_MANAGER,INTERVIEW,CONSUMED,1.0,2027-01-07T10:00:00+09:00,ACTUAL_PARTICIPATION
EA_000753,APP0129_FIRST_INTERVIEW,APP0129_FIRST_INTERVIEW_FIRST_INTERVIEW_SESSION,FIRST_PANEL_09_TECHNICAL_REVIEWER,INTERVIEW,CONSUMED,1.0,2027-01-07T10:00:00+09:00,ACTUAL_PARTICIPATION
EA_000754,APP0129_FIRST_INTERVIEW,APP0129_FIRST_INTERVIEW_CALIBRATION,FIRST_PANEL_09_ML_ENGINEER,CALIBRATION,RESERVED,0.25,2027-01-07T10:00:00+09:00,CALIBRATION_REQUIRED
EA_000755,APP0129_FIRST_INTERVIEW,APP0129_FIRST_INTERVIEW_CALIBRATION,FIRST_PANEL_09_ML_ENGINEER,CALIBRATION,CONSUMED,0.25,2027-01-07T10:15:00+09:00,ACTUAL_PARTICIPATION
EA_000756,APP0129_FIRST_INTERVIEW,APP0129_FIRST_INTERVIEW_CALIBRATION,FIRST_PANEL_09_HIRING_MANAGER,CALIBRATION,RESERVED,0.25,2027-01-07T10:00:00+09:00,CALIBRATION_REQUIRED
EA_000757,APP0129_FIRST_INTERVIEW,APP0129_FIRST_INTERVIEW_CALIBRATION,FIRST_PANEL_09_HIRING_MANAGER,CALIBRATION,CONSUMED,0.25,2027-01-07T10:15:00+09:00,ACTUAL_PARTICIPATION
EA_000758,APP0130_FIRST_INTERVIEW,,FIRST_PANEL_10_ML_ENGINEER,INTERVIEW,RESERVED,1.0,2026-12-08T14:04:00+09:00,SCHEDULED_ALLOCATION
EA_000759,APP0130_FIRST_INTERVIEW,,FIRST_PANEL_10_HIRING_MANAGER,INTERVIEW,RESERVED,1.0,2026-12-08T14:04:00+09:00,SCHEDULED_ALLOCATION
EA_000760,APP0130_FIRST_INTERVIEW,,FIRST_PANEL_10_TECHNICAL_REVIEWER,INTERVIEW,RESERVED,1.0,2026-12-08T14:04:00+09:00,SCHEDULED_ALLOCATION
EA_000761,APP0130_FIRST_INTERVIEW,APP0130_FIRST_INTERVIEW_FIRST_INTERVIEW_SESSION,FIRST_PANEL_10_ML_ENGINEER,INTERVIEW,CONSUMED,1.0,2027-01-07T10:00:00+09:00,ACTUAL_PARTICIPATION
EA_000762,APP0130_FIRST_INTERVIEW,APP0130_FIRST_INTERVIEW_FIRST_INTERVIEW_SESSION,FIRST_PANEL_10_HIRING_MANAGER,INTERVIEW,CONSUMED,1.0,2027-01-07T10:00:00+09:00,ACTUAL_PARTICIPATION
EA_000763,APP0130_FIRST_INTERVIEW,APP0130_FIRST_INTERVIEW_FIRST_INTERVIEW_SESSION,FIRST_PANEL_10_TECHNICAL_REVIEWER,INTERVIEW,CONSUMED,1.0,2027-01-07T10:00:00+09:00,ACTUAL_PARTICIPATION
EA_000764,APP0130_FIRST_INTERVIEW,APP0130_FIRST_INTERVIEW_CALIBRATION,FIRST_PANEL_10_ML_ENGINEER,CALIBRATION,RESERVED,0.25,2027-01-07T10:00:00+09:00,CALIBRATION_REQUIRED
EA_000765,APP0130_FIRST_INTERVIEW,APP0130_FIRST_INTERVIEW_CALIBRATION,FIRST_PANEL_10_ML_ENGINEER,CALIBRATION,CONSUMED,0.25,2027-01-07T10:15:00+09:00,ACTUAL_PARTICIPATION
EA_000766,APP0130_FIRST_INTERVIEW,APP0130_FIRST_INTERVIEW_CALIBRATION,FIRST_PANEL_10_HIRING_MANAGER,CALIBRATION,RESERVED,0.25,2027-01-07T10:00:00+09:00,CALIBRATION_REQUIRED
EA_000767,APP0130_FIRST_INTERVIEW,APP0130_FIRST_INTERVIEW_CALIBRATION,FIRST_PANEL_10_HIRING_MANAGER,CALIBRATION,CONSUMED,0.25,2027-01-07T10:15:00+09:00,ACTUAL_PARTICIPATION
EA_000768,APP0131_FIRST_INTERVIEW,,FIRST_PANEL_01_ML_ENGINEER,INTERVIEW,RESERVED,1.0,2026-12-08T14:04:00+09:00,SCHEDULED_ALLOCATION
EA_000769,APP0131_FIRST_INTERVIEW,,FIRST_PANEL_01_HIRING_MANAGER,INTERVIEW,RESERVED,1.0,2026-12-08T14:04:00+09:00,SCHEDULED_ALLOCATION
EA_000770,APP0131_FIRST_INTERVIEW,,FIRST_PANEL_01_TECHNICAL_REVIEWER,INTERVIEW,RESERVED,1.0,2026-12-08T14:04:00+09:00,SCHEDULED_ALLOCATION
EA_000771,APP0131_FIRST_INTERVIEW,APP0131_FIRST_INTERVIEW_FIRST_INTERVIEW_SESSION,FIRST_PANEL_01_ML_ENGINEER,INTERVIEW,CONSUMED,1.0,2027-01-11T10:00:00+09:00,ACTUAL_PARTICIPATION
EA_000772,APP0131_FIRST_INTERVIEW,APP0131_FIRST_INTERVIEW_FIRST_INTERVIEW_SESSION,FIRST_PANEL_01_HIRING_MANAGER,INTERVIEW,CONSUMED,1.0,2027-01-11T10:00:00+09:00,ACTUAL_PARTICIPATION
EA_000773,APP0131_FIRST_INTERVIEW,APP0131_FIRST_INTERVIEW_FIRST_INTERVIEW_SESSION,FIRST_PANEL_01_TECHNICAL_REVIEWER,INTERVIEW,CONSUMED,1.0,2027-01-11T10:00:00+09:00,ACTUAL_PARTICIPATION
EA_000774,APP0131_FIRST_INTERVIEW,APP0131_FIRST_INTERVIEW_CALIBRATION,FIRST_PANEL_01_ML_ENGINEER,CALIBRATION,RESERVED,0.25,2027-01-11T10:00:00+09:00,CALIBRATION_REQUIRED
EA_000775,APP0131_FIRST_INTERVIEW,APP0131_FIRST_INTERVIEW_CALIBRATION,FIRST_PANEL_01_ML_ENGINEER,CALIBRATION,CONSUMED,0.25,2027-01-11T10:15:00+09:00,ACTUAL_PARTICIPATION
EA_000776,APP0131_FIRST_INTERVIEW,APP0131_FIRST_INTERVIEW_CALIBRATION,FIRST_PANEL_01_HIRING_MANAGER,CALIBRATION,RESERVED,0.25,2027-01-11T10:00:00+09:00,CALIBRATION_REQUIRED
EA_000777,APP0131_FIRST_INTERVIEW,APP0131_FIRST_INTERVIEW_CALIBRATION,FIRST_PANEL_01_HIRING_MANAGER,CALIBRATION,CONSUMED,0.25,2027-01-11T10:15:00+09:00,ACTUAL_PARTICIPATION
EA_000778,APP0134_FIRST_INTERVIEW,,FIRST_PANEL_02_ML_ENGINEER,INTERVIEW,RESERVED,1.0,2026-12-08T14:04:00+09:00,SCHEDULED_ALLOCATION
EA_000779,APP0134_FIRST_INTERVIEW,,FIRST_PANEL_02_HIRING_MANAGER,INTERVIEW,RESERVED,1.0,2026-12-08T14:04:00+09:00,SCHEDULED_ALLOCATION
EA_000780,APP0134_FIRST_INTERVIEW,,FIRST_PANEL_02_TECHNICAL_REVIEWER,INTERVIEW,RESERVED,1.0,2026-12-08T14:04:00+09:00,SCHEDULED_ALLOCATION
EA_000781,APP0134_FIRST_INTERVIEW,APP0134_FIRST_INTERVIEW_FIRST_INTERVIEW_SESSION,FIRST_PANEL_02_ML_ENGINEER,INTERVIEW,CONSUMED,1.0,2027-01-11T10:00:00+09:00,ACTUAL_PARTICIPATION
EA_000782,APP0134_FIRST_INTERVIEW,APP0134_FIRST_INTERVIEW_FIRST_INTERVIEW_SESSION,FIRST_PANEL_02_HIRING_MANAGER,INTERVIEW,CONSUMED,1.0,2027-01-11T10:00:00+09:00,ACTUAL_PARTICIPATION
EA_000783,APP0134_FIRST_INTERVIEW,APP0134_FIRST_INTERVIEW_FIRST_INTERVIEW_SESSION,FIRST_PANEL_02_TECHNICAL_REVIEWER,INTERVIEW,CONSUMED,1.0,2027-01-11T10:00:00+09:00,ACTUAL_PARTICIPATION
EA_000784,APP0134_FIRST_INTERVIEW,APP0134_FIRST_INTERVIEW_CALIBRATION,FIRST_PANEL_02_ML_ENGINEER,CALIBRATION,RESERVED,0.25,2027-01-11T10:00:00+09:00,CALIBRATION_REQUIRED
EA_000785,APP0134_FIRST_INTERVIEW,APP0134_FIRST_INTERVIEW_CALIBRATION,FIRST_PANEL_02_ML_ENGINEER,CALIBRATION,CONSUMED,0.25,2027-01-11T10:15:00+09:00,ACTUAL_PARTICIPATION
EA_000786,APP0134_FIRST_INTERVIEW,APP0134_FIRST_INTERVIEW_CALIBRATION,FIRST_PANEL_02_HIRING_MANAGER,CALIBRATION,RESERVED,0.25,2027-01-11T10:00:00+09:00,CALIBRATION_REQUIRED
EA_000787,APP0134_FIRST_INTERVIEW,APP0134_FIRST_INTERVIEW_CALIBRATION,FIRST_PANEL_02_HIRING_MANAGER,CALIBRATION,CONSUMED,0.25,2027-01-11T10:15:00+09:00,ACTUAL_PARTICIPATION
EA_000788,APP0135_FIRST_INTERVIEW,,FIRST_PANEL_03_ML_ENGINEER,INTERVIEW,RESERVED,1.0,2026-12-08T14:04:00+09:00,SCHEDULED_ALLOCATION
EA_000789,APP0135_FIRST_INTERVIEW,,FIRST_PANEL_03_HIRING_MANAGER,INTERVIEW,RESERVED,1.0,2026-12-08T14:04:00+09:00,SCHEDULED_ALLOCATION
EA_000790,APP0135_FIRST_INTERVIEW,,FIRST_PANEL_03_TECHNICAL_REVIEWER,INTERVIEW,RESERVED,1.0,2026-12-08T14:04:00+09:00,SCHEDULED_ALLOCATION
EA_000791,APP0135_FIRST_INTERVIEW,APP0135_FIRST_INTERVIEW_FIRST_INTERVIEW_SESSION,FIRST_PANEL_03_ML_ENGINEER,INTERVIEW,CONSUMED,1.0,2027-01-11T10:00:00+09:00,ACTUAL_PARTICIPATION
EA_000792,APP0135_FIRST_INTERVIEW,APP0135_FIRST_INTERVIEW_FIRST_INTERVIEW_SESSION,FIRST_PANEL_03_HIRING_MANAGER,INTERVIEW,CONSUMED,1.0,2027-01-11T10:00:00+09:00,ACTUAL_PARTICIPATION
EA_000793,APP0135_FIRST_INTERVIEW,APP0135_FIRST_INTERVIEW_FIRST_INTERVIEW_SESSION,FIRST_PANEL_03_TECHNICAL_REVIEWER,INTERVIEW,CONSUMED,1.0,2027-01-11T10:00:00+09:00,ACTUAL_PARTICIPATION
EA_000794,APP0135_FIRST_INTERVIEW,APP0135_FIRST_INTERVIEW_CALIBRATION,FIRST_PANEL_03_ML_ENGINEER,CALIBRATION,RESERVED,0.25,2027-01-11T10:00:00+09:00,CALIBRATION_REQUIRED
EA_000795,APP0135_FIRST_INTERVIEW,APP0135_FIRST_INTERVIEW_CALIBRATION,FIRST_PANEL_03_ML_ENGINEER,CALIBRATION,CONSUMED,0.25,2027-01-11T10:15:00+09:00,ACTUAL_PARTICIPATION
EA_000796,APP0135_FIRST_INTERVIEW,APP0135_FIRST_INTERVIEW_CALIBRATION,FIRST_PANEL_03_HIRING_MANAGER,CALIBRATION,RESERVED,0.25,2027-01-11T10:00:00+09:00,CALIBRATION_REQUIRED
EA_000797,APP0135_FIRST_INTERVIEW,APP0135_FIRST_INTERVIEW_CALIBRATION,FIRST_PANEL_03_HIRING_MANAGER,CALIBRATION,CONSUMED,0.25,2027-01-11T10:15:00+09:00,ACTUAL_PARTICIPATION
EA_000798,APP0136_FIRST_INTERVIEW,,FIRST_PANEL_04_ML_ENGINEER,INTERVIEW,RESERVED,1.0,2026-12-08T14:04:00+09:00,SCHEDULED_ALLOCATION
EA_000799,APP0136_FIRST_INTERVIEW,,FIRST_PANEL_04_HIRING_MANAGER,INTERVIEW,RESERVED,1.0,2026-12-08T14:04:00+09:00,SCHEDULED_ALLOCATION
EA_000800,APP0136_FIRST_INTERVIEW,,FIRST_PANEL_04_TECHNICAL_REVIEWER,INTERVIEW,RESERVED,1.0,2026-12-08T14:04:00+09:00,SCHEDULED_ALLOCATION
EA_000801,APP0136_FIRST_INTERVIEW,APP0136_FIRST_INTERVIEW_FIRST_INTERVIEW_SESSION,FIRST_PANEL_04_ML_ENGINEER,INTERVIEW,CONSUMED,1.0,2027-01-11T10:00:00+09:00,ACTUAL_PARTICIPATION
EA_000802,APP0136_FIRST_INTERVIEW,APP0136_FIRST_INTERVIEW_FIRST_INTERVIEW_SESSION,FIRST_PANEL_04_HIRING_MANAGER,INTERVIEW,CONSUMED,1.0,2027-01-11T10:00:00+09:00,ACTUAL_PARTICIPATION
EA_000803,APP0136_FIRST_INTERVIEW,APP0136_FIRST_INTERVIEW_FIRST_INTERVIEW_SESSION,FIRST_PANEL_04_TECHNICAL_REVIEWER,INTERVIEW,CONSUMED,1.0,2027-01-11T10:00:00+09:00,ACTUAL_PARTICIPATION
EA_000804,APP0136_FIRST_INTERVIEW,APP0136_FIRST_INTERVIEW_CALIBRATION,FIRST_PANEL_04_ML_ENGINEER,CALIBRATION,RESERVED,0.25,2027-01-11T10:00:00+09:00,CALIBRATION_REQUIRED
EA_000805,APP0136_FIRST_INTERVIEW,APP0136_FIRST_INTERVIEW_CALIBRATION,FIRST_PANEL_04_ML_ENGINEER,CALIBRATION,CONSUMED,0.25,2027-01-11T10:15:00+09:00,ACTUAL_PARTICIPATION
EA_000806,APP0136_FIRST_INTERVIEW,APP0136_FIRST_INTERVIEW_CALIBRATION,FIRST_PANEL_04_HIRING_MANAGER,CALIBRATION,RESERVED,0.25,2027-01-11T10:00:00+09:00,CALIBRATION_REQUIRED
EA_000807,APP0136_FIRST_INTERVIEW,APP0136_FIRST_INTERVIEW_CALIBRATION,FIRST_PANEL_04_HIRING_MANAGER,CALIBRATION,CONSUMED,0.25,2027-01-11T10:15:00+09:00,ACTUAL_PARTICIPATION
EA_000808,APP0139_FIRST_INTERVIEW,,FIRST_PANEL_05_ML_ENGINEER,INTERVIEW,RESERVED,1.0,2026-12-08T14:04:00+09:00,SCHEDULED_ALLOCATION
EA_000809,APP0139_FIRST_INTERVIEW,,FIRST_PANEL_05_HIRING_MANAGER,INTERVIEW,RESERVED,1.0,2026-12-08T14:04:00+09:00,SCHEDULED_ALLOCATION
EA_000810,APP0139_FIRST_INTERVIEW,,FIRST_PANEL_05_TECHNICAL_REVIEWER,INTERVIEW,RESERVED,1.0,2026-12-08T14:04:00+09:00,SCHEDULED_ALLOCATION
EA_000811,APP0139_FIRST_INTERVIEW,,FIRST_PANEL_05_ML_ENGINEER,INTERVIEW,RELEASED,1.0,2027-01-12T09:00:00+09:00,NO_RESPONSE_UNUSED
EA_000812,APP0139_FIRST_INTERVIEW,,FIRST_PANEL_05_HIRING_MANAGER,INTERVIEW,RELEASED,1.0,2027-01-12T09:00:00+09:00,NO_RESPONSE_UNUSED
EA_000813,APP0139_FIRST_INTERVIEW,,FIRST_PANEL_05_TECHNICAL_REVIEWER,INTERVIEW,RELEASED,1.0,2027-01-12T09:00:00+09:00,NO_RESPONSE_UNUSED
EA_000814,APP0140_FIRST_INTERVIEW,,FIRST_PANEL_06_ML_ENGINEER,INTERVIEW,RESERVED,1.0,2026-12-08T14:04:00+09:00,SCHEDULED_ALLOCATION
EA_000815,APP0140_FIRST_INTERVIEW,,FIRST_PANEL_06_HIRING_MANAGER,INTERVIEW,RESERVED,1.0,2026-12-08T14:04:00+09:00,SCHEDULED_ALLOCATION
EA_000816,APP0140_FIRST_INTERVIEW,,FIRST_PANEL_06_TECHNICAL_REVIEWER,INTERVIEW,RESERVED,1.0,2026-12-08T14:04:00+09:00,SCHEDULED_ALLOCATION
EA_000817,APP0140_FIRST_INTERVIEW,APP0140_FIRST_INTERVIEW_FIRST_INTERVIEW_SESSION,FIRST_PANEL_06_ML_ENGINEER,INTERVIEW,CONSUMED,1.0,2027-01-11T10:00:00+09:00,ACTUAL_PARTICIPATION
EA_000818,APP0140_FIRST_INTERVIEW,APP0140_FIRST_INTERVIEW_FIRST_INTERVIEW_SESSION,FIRST_PANEL_06_HIRING_MANAGER,INTERVIEW,CONSUMED,1.0,2027-01-11T10:00:00+09:00,ACTUAL_PARTICIPATION
EA_000819,APP0140_FIRST_INTERVIEW,APP0140_FIRST_INTERVIEW_FIRST_INTERVIEW_SESSION,FIRST_PANEL_06_TECHNICAL_REVIEWER,INTERVIEW,CONSUMED,1.0,2027-01-11T10:00:00+09:00,ACTUAL_PARTICIPATION
EA_000820,APP0140_FIRST_INTERVIEW,APP0140_FIRST_INTERVIEW_CALIBRATION,FIRST_PANEL_06_ML_ENGINEER,CALIBRATION,RESERVED,0.25,2027-01-11T10:00:00+09:00,CALIBRATION_REQUIRED
EA_000821,APP0140_FIRST_INTERVIEW,APP0140_FIRST_INTERVIEW_CALIBRATION,FIRST_PANEL_06_ML_ENGINEER,CALIBRATION,CONSUMED,0.25,2027-01-11T10:15:00+09:00,ACTUAL_PARTICIPATION
EA_000822,APP0140_FIRST_INTERVIEW,APP0140_FIRST_INTERVIEW_CALIBRATION,FIRST_PANEL_06_HIRING_MANAGER,CALIBRATION,RESERVED,0.25,2027-01-11T10:00:00+09:00,CALIBRATION_REQUIRED
EA_000823,APP0140_FIRST_INTERVIEW,APP0140_FIRST_INTERVIEW_CALIBRATION,FIRST_PANEL_06_HIRING_MANAGER,CALIBRATION,CONSUMED,0.25,2027-01-11T10:15:00+09:00,ACTUAL_PARTICIPATION
EA_000824,APP0141_FIRST_INTERVIEW,,FIRST_PANEL_07_ML_ENGINEER,INTERVIEW,RESERVED,1.0,2026-12-08T14:04:00+09:00,SCHEDULED_ALLOCATION
EA_000825,APP0141_FIRST_INTERVIEW,,FIRST_PANEL_07_HIRING_MANAGER,INTERVIEW,RESERVED,1.0,2026-12-08T14:04:00+09:00,SCHEDULED_ALLOCATION
EA_000826,APP0141_FIRST_INTERVIEW,,FIRST_PANEL_07_TECHNICAL_REVIEWER,INTERVIEW,RESERVED,1.0,2026-12-08T14:04:00+09:00,SCHEDULED_ALLOCATION
EA_000827,APP0141_FIRST_INTERVIEW,APP0141_FIRST_INTERVIEW_FIRST_INTERVIEW_SESSION,FIRST_PANEL_07_ML_ENGINEER,INTERVIEW,CONSUMED,1.0,2027-01-11T10:00:00+09:00,ACTUAL_PARTICIPATION
EA_000828,APP0141_FIRST_INTERVIEW,APP0141_FIRST_INTERVIEW_FIRST_INTERVIEW_SESSION,FIRST_PANEL_07_HIRING_MANAGER,INTERVIEW,CONSUMED,1.0,2027-01-11T10:00:00+09:00,ACTUAL_PARTICIPATION
EA_000829,APP0141_FIRST_INTERVIEW,APP0141_FIRST_INTERVIEW_FIRST_INTERVIEW_SESSION,FIRST_PANEL_07_TECHNICAL_REVIEWER,INTERVIEW,CONSUMED,1.0,2027-01-11T10:00:00+09:00,ACTUAL_PARTICIPATION
EA_000830,APP0141_FIRST_INTERVIEW,APP0141_FIRST_INTERVIEW_CALIBRATION,FIRST_PANEL_07_ML_ENGINEER,CALIBRATION,RESERVED,0.25,2027-01-11T10:00:00+09:00,CALIBRATION_REQUIRED
EA_000831,APP0141_FIRST_INTERVIEW,APP0141_FIRST_INTERVIEW_CALIBRATION,FIRST_PANEL_07_ML_ENGINEER,CALIBRATION,CONSUMED,0.25,2027-01-11T10:15:00+09:00,ACTUAL_PARTICIPATION
EA_000832,APP0141_FIRST_INTERVIEW,APP0141_FIRST_INTERVIEW_CALIBRATION,FIRST_PANEL_07_HIRING_MANAGER,CALIBRATION,RESERVED,0.25,2027-01-11T10:00:00+09:00,CALIBRATION_REQUIRED
EA_000833,APP0141_FIRST_INTERVIEW,APP0141_FIRST_INTERVIEW_CALIBRATION,FIRST_PANEL_07_HIRING_MANAGER,CALIBRATION,CONSUMED,0.25,2027-01-11T10:15:00+09:00,ACTUAL_PARTICIPATION
EA_000834,APP0142_FIRST_INTERVIEW,,FIRST_PANEL_08_ML_ENGINEER,INTERVIEW,RESERVED,1.0,2026-12-08T14:04:00+09:00,SCHEDULED_ALLOCATION
EA_000835,APP0142_FIRST_INTERVIEW,,FIRST_PANEL_08_HIRING_MANAGER,INTERVIEW,RESERVED,1.0,2026-12-08T14:04:00+09:00,SCHEDULED_ALLOCATION
EA_000836,APP0142_FIRST_INTERVIEW,,FIRST_PANEL_08_TECHNICAL_REVIEWER,INTERVIEW,RESERVED,1.0,2026-12-08T14:04:00+09:00,SCHEDULED_ALLOCATION
EA_000837,APP0142_FIRST_INTERVIEW,APP0142_FIRST_INTERVIEW_FIRST_INTERVIEW_SESSION,FIRST_PANEL_08_ML_ENGINEER,INTERVIEW,CONSUMED,1.0,2027-01-11T10:00:00+09:00,ACTUAL_PARTICIPATION
EA_000838,APP0142_FIRST_INTERVIEW,APP0142_FIRST_INTERVIEW_FIRST_INTERVIEW_SESSION,FIRST_PANEL_08_HIRING_MANAGER,INTERVIEW,CONSUMED,1.0,2027-01-11T10:00:00+09:00,ACTUAL_PARTICIPATION
EA_000839,APP0142_FIRST_INTERVIEW,APP0142_FIRST_INTERVIEW_FIRST_INTERVIEW_SESSION,FIRST_PANEL_08_TECHNICAL_REVIEWER,INTERVIEW,CONSUMED,1.0,2027-01-11T10:00:00+09:00,ACTUAL_PARTICIPATION
EA_000840,APP0142_FIRST_INTERVIEW,APP0142_FIRST_INTERVIEW_CALIBRATION,FIRST_PANEL_08_ML_ENGINEER,CALIBRATION,RESERVED,0.25,2027-01-11T10:00:00+09:00,CALIBRATION_REQUIRED
EA_000841,APP0142_FIRST_INTERVIEW,APP0142_FIRST_INTERVIEW_CALIBRATION,FIRST_PANEL_08_ML_ENGINEER,CALIBRATION,CONSUMED,0.25,2027-01-11T10:15:00+09:00,ACTUAL_PARTICIPATION
EA_000842,APP0142_FIRST_INTERVIEW,APP0142_FIRST_INTERVIEW_CALIBRATION,FIRST_PANEL_08_HIRING_MANAGER,CALIBRATION,RESERVED,0.25,2027-01-11T10:00:00+09:00,CALIBRATION_REQUIRED
EA_000843,APP0142_FIRST_INTERVIEW,APP0142_FIRST_INTERVIEW_CALIBRATION,FIRST_PANEL_08_HIRING_MANAGER,CALIBRATION,CONSUMED,0.25,2027-01-11T10:15:00+09:00,ACTUAL_PARTICIPATION
EA_000844,APP0143_FIRST_INTERVIEW,,FIRST_PANEL_09_ML_ENGINEER,INTERVIEW,RESERVED,1.0,2026-12-08T14:04:00+09:00,SCHEDULED_ALLOCATION
EA_000845,APP0143_FIRST_INTERVIEW,,FIRST_PANEL_09_HIRING_MANAGER,INTERVIEW,RESERVED,1.0,2026-12-08T14:04:00+09:00,SCHEDULED_ALLOCATION
EA_000846,APP0143_FIRST_INTERVIEW,,FIRST_PANEL_09_TECHNICAL_REVIEWER,INTERVIEW,RESERVED,1.0,2026-12-08T14:04:00+09:00,SCHEDULED_ALLOCATION
EA_000847,APP0143_FIRST_INTERVIEW,APP0143_FIRST_INTERVIEW_FIRST_INTERVIEW_SESSION,FIRST_PANEL_09_ML_ENGINEER,INTERVIEW,CONSUMED,1.0,2027-01-11T10:00:00+09:00,ACTUAL_PARTICIPATION
EA_000848,APP0143_FIRST_INTERVIEW,APP0143_FIRST_INTERVIEW_FIRST_INTERVIEW_SESSION,FIRST_PANEL_09_HIRING_MANAGER,INTERVIEW,CONSUMED,1.0,2027-01-11T10:00:00+09:00,ACTUAL_PARTICIPATION
EA_000849,APP0143_FIRST_INTERVIEW,APP0143_FIRST_INTERVIEW_FIRST_INTERVIEW_SESSION,FIRST_PANEL_09_TECHNICAL_REVIEWER,INTERVIEW,CONSUMED,1.0,2027-01-11T10:00:00+09:00,ACTUAL_PARTICIPATION
EA_000850,APP0143_FIRST_INTERVIEW,APP0143_FIRST_INTERVIEW_CALIBRATION,FIRST_PANEL_09_ML_ENGINEER,CALIBRATION,RESERVED,0.25,2027-01-11T10:00:00+09:00,CALIBRATION_REQUIRED
EA_000851,APP0143_FIRST_INTERVIEW,APP0143_FIRST_INTERVIEW_CALIBRATION,FIRST_PANEL_09_ML_ENGINEER,CALIBRATION,CONSUMED,0.25,2027-01-11T10:15:00+09:00,ACTUAL_PARTICIPATION
EA_000852,APP0143_FIRST_INTERVIEW,APP0143_FIRST_INTERVIEW_CALIBRATION,FIRST_PANEL_09_HIRING_MANAGER,CALIBRATION,RESERVED,0.25,2027-01-11T10:00:00+09:00,CALIBRATION_REQUIRED
EA_000853,APP0143_FIRST_INTERVIEW,APP0143_FIRST_INTERVIEW_CALIBRATION,FIRST_PANEL_09_HIRING_MANAGER,CALIBRATION,CONSUMED,0.25,2027-01-11T10:15:00+09:00,ACTUAL_PARTICIPATION
EA_000854,APP0146_FIRST_INTERVIEW,,FIRST_PANEL_10_ML_ENGINEER,INTERVIEW,RESERVED,1.0,2026-12-08T14:04:00+09:00,SCHEDULED_ALLOCATION
EA_000855,APP0146_FIRST_INTERVIEW,,FIRST_PANEL_10_HIRING_MANAGER,INTERVIEW,RESERVED,1.0,2026-12-08T14:04:00+09:00,SCHEDULED_ALLOCATION
EA_000856,APP0146_FIRST_INTERVIEW,,FIRST_PANEL_10_TECHNICAL_REVIEWER,INTERVIEW,RESERVED,1.0,2026-12-08T14:04:00+09:00,SCHEDULED_ALLOCATION
EA_000857,APP0146_FIRST_INTERVIEW,APP0146_FIRST_INTERVIEW_FIRST_INTERVIEW_SESSION,FIRST_PANEL_10_ML_ENGINEER,INTERVIEW,CONSUMED,1.0,2027-01-11T10:00:00+09:00,ACTUAL_PARTICIPATION
EA_000858,APP0146_FIRST_INTERVIEW,APP0146_FIRST_INTERVIEW_FIRST_INTERVIEW_SESSION,FIRST_PANEL_10_HIRING_MANAGER,INTERVIEW,CONSUMED,1.0,2027-01-11T10:00:00+09:00,ACTUAL_PARTICIPATION
EA_000859,APP0146_FIRST_INTERVIEW,APP0146_FIRST_INTERVIEW_FIRST_INTERVIEW_SESSION,FIRST_PANEL_10_TECHNICAL_REVIEWER,INTERVIEW,CONSUMED,1.0,2027-01-11T10:00:00+09:00,ACTUAL_PARTICIPATION
EA_000860,APP0146_FIRST_INTERVIEW,APP0146_FIRST_INTERVIEW_CALIBRATION,FIRST_PANEL_10_ML_ENGINEER,CALIBRATION,RESERVED,0.25,2027-01-11T10:00:00+09:00,CALIBRATION_REQUIRED
EA_000861,APP0146_FIRST_INTERVIEW,APP0146_FIRST_INTERVIEW_CALIBRATION,FIRST_PANEL_10_ML_ENGINEER,CALIBRATION,CONSUMED,0.25,2027-01-11T10:15:00+09:00,ACTUAL_PARTICIPATION
EA_000862,APP0146_FIRST_INTERVIEW,APP0146_FIRST_INTERVIEW_CALIBRATION,FIRST_PANEL_10_HIRING_MANAGER,CALIBRATION,RESERVED,0.25,2027-01-11T10:00:00+09:00,CALIBRATION_REQUIRED
EA_000863,APP0146_FIRST_INTERVIEW,APP0146_FIRST_INTERVIEW_CALIBRATION,FIRST_PANEL_10_HIRING_MANAGER,CALIBRATION,CONSUMED,0.25,2027-01-11T10:15:00+09:00,ACTUAL_PARTICIPATION
EA_000864,APP0148_FIRST_INTERVIEW,,FIRST_PANEL_01_ML_ENGINEER,INTERVIEW,RESERVED,1.0,2026-12-08T14:04:00+09:00,SCHEDULED_ALLOCATION
EA_000865,APP0148_FIRST_INTERVIEW,,FIRST_PANEL_01_HIRING_MANAGER,INTERVIEW,RESERVED,1.0,2026-12-08T14:04:00+09:00,SCHEDULED_ALLOCATION
EA_000866,APP0148_FIRST_INTERVIEW,,FIRST_PANEL_01_TECHNICAL_REVIEWER,INTERVIEW,RESERVED,1.0,2026-12-08T14:04:00+09:00,SCHEDULED_ALLOCATION
EA_000867,APP0148_FIRST_INTERVIEW,APP0148_FIRST_INTERVIEW_FIRST_INTERVIEW_SESSION,FIRST_PANEL_01_ML_ENGINEER,INTERVIEW,CONSUMED,1.0,2027-01-14T10:00:00+09:00,ACTUAL_PARTICIPATION
EA_000868,APP0148_FIRST_INTERVIEW,APP0148_FIRST_INTERVIEW_FIRST_INTERVIEW_SESSION,FIRST_PANEL_01_HIRING_MANAGER,INTERVIEW,CONSUMED,1.0,2027-01-14T10:00:00+09:00,ACTUAL_PARTICIPATION
EA_000869,APP0148_FIRST_INTERVIEW,APP0148_FIRST_INTERVIEW_FIRST_INTERVIEW_SESSION,FIRST_PANEL_01_TECHNICAL_REVIEWER,INTERVIEW,CONSUMED,1.0,2027-01-14T10:00:00+09:00,ACTUAL_PARTICIPATION
EA_000870,APP0148_FIRST_INTERVIEW,APP0148_FIRST_INTERVIEW_CALIBRATION,FIRST_PANEL_01_ML_ENGINEER,CALIBRATION,RESERVED,0.25,2027-01-14T10:00:00+09:00,CALIBRATION_REQUIRED
EA_000871,APP0148_FIRST_INTERVIEW,APP0148_FIRST_INTERVIEW_CALIBRATION,FIRST_PANEL_01_ML_ENGINEER,CALIBRATION,CONSUMED,0.25,2027-01-14T10:15:00+09:00,ACTUAL_PARTICIPATION
EA_000872,APP0148_FIRST_INTERVIEW,APP0148_FIRST_INTERVIEW_CALIBRATION,FIRST_PANEL_01_HIRING_MANAGER,CALIBRATION,RESERVED,0.25,2027-01-14T10:00:00+09:00,CALIBRATION_REQUIRED
EA_000873,APP0148_FIRST_INTERVIEW,APP0148_FIRST_INTERVIEW_CALIBRATION,FIRST_PANEL_01_HIRING_MANAGER,CALIBRATION,CONSUMED,0.25,2027-01-14T10:15:00+09:00,ACTUAL_PARTICIPATION
EA_000874,APP0149_FIRST_INTERVIEW,,FIRST_PANEL_02_ML_ENGINEER,INTERVIEW,RESERVED,1.0,2026-12-08T14:04:00+09:00,SCHEDULED_ALLOCATION
EA_000875,APP0149_FIRST_INTERVIEW,,FIRST_PANEL_02_HIRING_MANAGER,INTERVIEW,RESERVED,1.0,2026-12-08T14:04:00+09:00,SCHEDULED_ALLOCATION
EA_000876,APP0149_FIRST_INTERVIEW,,FIRST_PANEL_02_TECHNICAL_REVIEWER,INTERVIEW,RESERVED,1.0,2026-12-08T14:04:00+09:00,SCHEDULED_ALLOCATION
EA_000877,APP0149_FIRST_INTERVIEW,APP0149_FIRST_INTERVIEW_FIRST_INTERVIEW_SESSION,FIRST_PANEL_02_ML_ENGINEER,INTERVIEW,CONSUMED,1.0,2027-01-14T10:00:00+09:00,ACTUAL_PARTICIPATION
EA_000878,APP0149_FIRST_INTERVIEW,APP0149_FIRST_INTERVIEW_FIRST_INTERVIEW_SESSION,FIRST_PANEL_02_HIRING_MANAGER,INTERVIEW,CONSUMED,1.0,2027-01-14T10:00:00+09:00,ACTUAL_PARTICIPATION
EA_000879,APP0149_FIRST_INTERVIEW,APP0149_FIRST_INTERVIEW_FIRST_INTERVIEW_SESSION,FIRST_PANEL_02_TECHNICAL_REVIEWER,INTERVIEW,CONSUMED,1.0,2027-01-14T10:00:00+09:00,ACTUAL_PARTICIPATION
EA_000880,APP0149_FIRST_INTERVIEW,APP0149_FIRST_INTERVIEW_CALIBRATION,FIRST_PANEL_02_ML_ENGINEER,CALIBRATION,RESERVED,0.25,2027-01-14T10:00:00+09:00,CALIBRATION_REQUIRED
EA_000881,APP0149_FIRST_INTERVIEW,APP0149_FIRST_INTERVIEW_CALIBRATION,FIRST_PANEL_02_ML_ENGINEER,CALIBRATION,CONSUMED,0.25,2027-01-14T10:15:00+09:00,ACTUAL_PARTICIPATION
EA_000882,APP0149_FIRST_INTERVIEW,APP0149_FIRST_INTERVIEW_CALIBRATION,FIRST_PANEL_02_HIRING_MANAGER,CALIBRATION,RESERVED,0.25,2027-01-14T10:00:00+09:00,CALIBRATION_REQUIRED
EA_000883,APP0149_FIRST_INTERVIEW,APP0149_FIRST_INTERVIEW_CALIBRATION,FIRST_PANEL_02_HIRING_MANAGER,CALIBRATION,CONSUMED,0.25,2027-01-14T10:15:00+09:00,ACTUAL_PARTICIPATION
EA_000884,APP0150_FIRST_INTERVIEW,,FIRST_PANEL_03_ML_ENGINEER,INTERVIEW,RESERVED,1.0,2026-12-08T14:04:00+09:00,SCHEDULED_ALLOCATION
EA_000885,APP0150_FIRST_INTERVIEW,,FIRST_PANEL_03_HIRING_MANAGER,INTERVIEW,RESERVED,1.0,2026-12-08T14:04:00+09:00,SCHEDULED_ALLOCATION
EA_000886,APP0150_FIRST_INTERVIEW,,FIRST_PANEL_03_TECHNICAL_REVIEWER,INTERVIEW,RESERVED,1.0,2026-12-08T14:04:00+09:00,SCHEDULED_ALLOCATION
EA_000887,APP0150_FIRST_INTERVIEW,APP0150_FIRST_INTERVIEW_FIRST_INTERVIEW_SESSION,FIRST_PANEL_03_ML_ENGINEER,INTERVIEW,CONSUMED,1.0,2027-01-14T10:00:00+09:00,ACTUAL_PARTICIPATION
EA_000888,APP0150_FIRST_INTERVIEW,APP0150_FIRST_INTERVIEW_FIRST_INTERVIEW_SESSION,FIRST_PANEL_03_HIRING_MANAGER,INTERVIEW,CONSUMED,1.0,2027-01-14T10:00:00+09:00,ACTUAL_PARTICIPATION
EA_000889,APP0150_FIRST_INTERVIEW,APP0150_FIRST_INTERVIEW_FIRST_INTERVIEW_SESSION,FIRST_PANEL_03_TECHNICAL_REVIEWER,INTERVIEW,CONSUMED,1.0,2027-01-14T10:00:00+09:00,ACTUAL_PARTICIPATION
EA_000890,APP0150_FIRST_INTERVIEW,APP0150_FIRST_INTERVIEW_CALIBRATION,FIRST_PANEL_03_ML_ENGINEER,CALIBRATION,RESERVED,0.25,2027-01-14T10:00:00+09:00,CALIBRATION_REQUIRED
EA_000891,APP0150_FIRST_INTERVIEW,APP0150_FIRST_INTERVIEW_CALIBRATION,FIRST_PANEL_03_ML_ENGINEER,CALIBRATION,CONSUMED,0.25,2027-01-14T10:15:00+09:00,ACTUAL_PARTICIPATION
EA_000892,APP0150_FIRST_INTERVIEW,APP0150_FIRST_INTERVIEW_CALIBRATION,FIRST_PANEL_03_HIRING_MANAGER,CALIBRATION,RESERVED,0.25,2027-01-14T10:00:00+09:00,CALIBRATION_REQUIRED
EA_000893,APP0150_FIRST_INTERVIEW,APP0150_FIRST_INTERVIEW_CALIBRATION,FIRST_PANEL_03_HIRING_MANAGER,CALIBRATION,CONSUMED,0.25,2027-01-14T10:15:00+09:00,ACTUAL_PARTICIPATION
EA_000894,APP0151_FIRST_INTERVIEW,,FIRST_PANEL_04_ML_ENGINEER,INTERVIEW,RESERVED,1.0,2026-12-08T14:04:00+09:00,SCHEDULED_ALLOCATION
EA_000895,APP0151_FIRST_INTERVIEW,,FIRST_PANEL_04_HIRING_MANAGER,INTERVIEW,RESERVED,1.0,2026-12-08T14:04:00+09:00,SCHEDULED_ALLOCATION
EA_000896,APP0151_FIRST_INTERVIEW,,FIRST_PANEL_04_TECHNICAL_REVIEWER,INTERVIEW,RESERVED,1.0,2026-12-08T14:04:00+09:00,SCHEDULED_ALLOCATION
EA_000897,APP0151_FIRST_INTERVIEW,APP0151_FIRST_INTERVIEW_FIRST_INTERVIEW_SESSION,FIRST_PANEL_04_ML_ENGINEER,INTERVIEW,CONSUMED,1.0,2027-01-14T10:00:00+09:00,ACTUAL_PARTICIPATION
EA_000898,APP0151_FIRST_INTERVIEW,APP0151_FIRST_INTERVIEW_FIRST_INTERVIEW_SESSION,FIRST_PANEL_04_HIRING_MANAGER,INTERVIEW,CONSUMED,1.0,2027-01-14T10:00:00+09:00,ACTUAL_PARTICIPATION
EA_000899,APP0151_FIRST_INTERVIEW,APP0151_FIRST_INTERVIEW_FIRST_INTERVIEW_SESSION,FIRST_PANEL_04_TECHNICAL_REVIEWER,INTERVIEW,CONSUMED,1.0,2027-01-14T10:00:00+09:00,ACTUAL_PARTICIPATION
EA_000900,APP0151_FIRST_INTERVIEW,APP0151_FIRST_INTERVIEW_CALIBRATION,FIRST_PANEL_04_ML_ENGINEER,CALIBRATION,RESERVED,0.25,2027-01-14T10:00:00+09:00,CALIBRATION_REQUIRED
EA_000901,APP0151_FIRST_INTERVIEW,APP0151_FIRST_INTERVIEW_CALIBRATION,FIRST_PANEL_04_ML_ENGINEER,CALIBRATION,CONSUMED,0.25,2027-01-14T10:15:00+09:00,ACTUAL_PARTICIPATION
EA_000902,APP0151_FIRST_INTERVIEW,APP0151_FIRST_INTERVIEW_CALIBRATION,FIRST_PANEL_04_HIRING_MANAGER,CALIBRATION,RESERVED,0.25,2027-01-14T10:00:00+09:00,CALIBRATION_REQUIRED
EA_000903,APP0151_FIRST_INTERVIEW,APP0151_FIRST_INTERVIEW_CALIBRATION,FIRST_PANEL_04_HIRING_MANAGER,CALIBRATION,CONSUMED,0.25,2027-01-14T10:15:00+09:00,ACTUAL_PARTICIPATION
EA_000904,APP0152_FIRST_INTERVIEW,,FIRST_PANEL_05_ML_ENGINEER,INTERVIEW,RESERVED,1.0,2026-12-08T14:04:00+09:00,SCHEDULED_ALLOCATION
EA_000905,APP0152_FIRST_INTERVIEW,,FIRST_PANEL_05_HIRING_MANAGER,INTERVIEW,RESERVED,1.0,2026-12-08T14:04:00+09:00,SCHEDULED_ALLOCATION
EA_000906,APP0152_FIRST_INTERVIEW,,FIRST_PANEL_05_TECHNICAL_REVIEWER,INTERVIEW,RESERVED,1.0,2026-12-08T14:04:00+09:00,SCHEDULED_ALLOCATION
EA_000907,APP0152_FIRST_INTERVIEW,APP0152_FIRST_INTERVIEW_FIRST_INTERVIEW_SESSION,FIRST_PANEL_05_ML_ENGINEER,INTERVIEW,CONSUMED,1.0,2027-01-14T10:00:00+09:00,ACTUAL_PARTICIPATION
EA_000908,APP0152_FIRST_INTERVIEW,APP0152_FIRST_INTERVIEW_FIRST_INTERVIEW_SESSION,FIRST_PANEL_05_HIRING_MANAGER,INTERVIEW,CONSUMED,1.0,2027-01-14T10:00:00+09:00,ACTUAL_PARTICIPATION
EA_000909,APP0152_FIRST_INTERVIEW,APP0152_FIRST_INTERVIEW_FIRST_INTERVIEW_SESSION,FIRST_PANEL_05_TECHNICAL_REVIEWER,INTERVIEW,CONSUMED,1.0,2027-01-14T10:00:00+09:00,ACTUAL_PARTICIPATION
EA_000910,APP0152_FIRST_INTERVIEW,APP0152_FIRST_INTERVIEW_CALIBRATION,FIRST_PANEL_05_ML_ENGINEER,CALIBRATION,RESERVED,0.25,2027-01-14T10:00:00+09:00,CALIBRATION_REQUIRED
EA_000911,APP0152_FIRST_INTERVIEW,APP0152_FIRST_INTERVIEW_CALIBRATION,FIRST_PANEL_05_ML_ENGINEER,CALIBRATION,CONSUMED,0.25,2027-01-14T10:15:00+09:00,ACTUAL_PARTICIPATION
EA_000912,APP0152_FIRST_INTERVIEW,APP0152_FIRST_INTERVIEW_CALIBRATION,FIRST_PANEL_05_HIRING_MANAGER,CALIBRATION,RESERVED,0.25,2027-01-14T10:00:00+09:00,CALIBRATION_REQUIRED
EA_000913,APP0152_FIRST_INTERVIEW,APP0152_FIRST_INTERVIEW_CALIBRATION,FIRST_PANEL_05_HIRING_MANAGER,CALIBRATION,CONSUMED,0.25,2027-01-14T10:15:00+09:00,ACTUAL_PARTICIPATION
EA_000914,APP0153_FIRST_INTERVIEW,,FIRST_PANEL_06_ML_ENGINEER,INTERVIEW,RESERVED,1.0,2026-12-08T14:04:00+09:00,SCHEDULED_ALLOCATION
EA_000915,APP0153_FIRST_INTERVIEW,,FIRST_PANEL_06_HIRING_MANAGER,INTERVIEW,RESERVED,1.0,2026-12-08T14:04:00+09:00,SCHEDULED_ALLOCATION
EA_000916,APP0153_FIRST_INTERVIEW,,FIRST_PANEL_06_TECHNICAL_REVIEWER,INTERVIEW,RESERVED,1.0,2026-12-08T14:04:00+09:00,SCHEDULED_ALLOCATION
EA_000917,APP0153_FIRST_INTERVIEW,APP0153_FIRST_INTERVIEW_FIRST_INTERVIEW_SESSION,FIRST_PANEL_06_ML_ENGINEER,INTERVIEW,CONSUMED,1.0,2027-01-14T10:00:00+09:00,ACTUAL_PARTICIPATION
EA_000918,APP0153_FIRST_INTERVIEW,APP0153_FIRST_INTERVIEW_FIRST_INTERVIEW_SESSION,FIRST_PANEL_06_HIRING_MANAGER,INTERVIEW,CONSUMED,1.0,2027-01-14T10:00:00+09:00,ACTUAL_PARTICIPATION
EA_000919,APP0153_FIRST_INTERVIEW,APP0153_FIRST_INTERVIEW_FIRST_INTERVIEW_SESSION,FIRST_PANEL_06_TECHNICAL_REVIEWER,INTERVIEW,CONSUMED,1.0,2027-01-14T10:00:00+09:00,ACTUAL_PARTICIPATION
EA_000920,APP0153_FIRST_INTERVIEW,APP0153_FIRST_INTERVIEW_CALIBRATION,FIRST_PANEL_06_ML_ENGINEER,CALIBRATION,RESERVED,0.25,2027-01-14T10:00:00+09:00,CALIBRATION_REQUIRED
EA_000921,APP0153_FIRST_INTERVIEW,APP0153_FIRST_INTERVIEW_CALIBRATION,FIRST_PANEL_06_ML_ENGINEER,CALIBRATION,CONSUMED,0.25,2027-01-14T10:15:00+09:00,ACTUAL_PARTICIPATION
EA_000922,APP0153_FIRST_INTERVIEW,APP0153_FIRST_INTERVIEW_CALIBRATION,FIRST_PANEL_06_HIRING_MANAGER,CALIBRATION,RESERVED,0.25,2027-01-14T10:00:00+09:00,CALIBRATION_REQUIRED
EA_000923,APP0153_FIRST_INTERVIEW,APP0153_FIRST_INTERVIEW_CALIBRATION,FIRST_PANEL_06_HIRING_MANAGER,CALIBRATION,CONSUMED,0.25,2027-01-14T10:15:00+09:00,ACTUAL_PARTICIPATION
EA_000924,APP0154_FIRST_INTERVIEW,,FIRST_PANEL_07_ML_ENGINEER,INTERVIEW,RESERVED,1.0,2026-12-08T14:04:00+09:00,SCHEDULED_ALLOCATION
EA_000925,APP0154_FIRST_INTERVIEW,,FIRST_PANEL_07_HIRING_MANAGER,INTERVIEW,RESERVED,1.0,2026-12-08T14:04:00+09:00,SCHEDULED_ALLOCATION
EA_000926,APP0154_FIRST_INTERVIEW,,FIRST_PANEL_07_TECHNICAL_REVIEWER,INTERVIEW,RESERVED,1.0,2026-12-08T14:04:00+09:00,SCHEDULED_ALLOCATION
EA_000927,APP0154_FIRST_INTERVIEW,APP0154_FIRST_INTERVIEW_FIRST_INTERVIEW_SESSION,FIRST_PANEL_07_ML_ENGINEER,INTERVIEW,CONSUMED,1.0,2027-01-14T10:00:00+09:00,ACTUAL_PARTICIPATION
EA_000928,APP0154_FIRST_INTERVIEW,APP0154_FIRST_INTERVIEW_FIRST_INTERVIEW_SESSION,FIRST_PANEL_07_HIRING_MANAGER,INTERVIEW,CONSUMED,1.0,2027-01-14T10:00:00+09:00,ACTUAL_PARTICIPATION
EA_000929,APP0154_FIRST_INTERVIEW,APP0154_FIRST_INTERVIEW_FIRST_INTERVIEW_SESSION,FIRST_PANEL_07_TECHNICAL_REVIEWER,INTERVIEW,CONSUMED,1.0,2027-01-14T10:00:00+09:00,ACTUAL_PARTICIPATION
EA_000930,APP0154_FIRST_INTERVIEW,APP0154_FIRST_INTERVIEW_CALIBRATION,FIRST_PANEL_07_ML_ENGINEER,CALIBRATION,RESERVED,0.25,2027-01-14T10:00:00+09:00,CALIBRATION_REQUIRED
EA_000931,APP0154_FIRST_INTERVIEW,APP0154_FIRST_INTERVIEW_CALIBRATION,FIRST_PANEL_07_ML_ENGINEER,CALIBRATION,CONSUMED,0.25,2027-01-14T10:15:00+09:00,ACTUAL_PARTICIPATION
EA_000932,APP0154_FIRST_INTERVIEW,APP0154_FIRST_INTERVIEW_CALIBRATION,FIRST_PANEL_07_HIRING_MANAGER,CALIBRATION,RESERVED,0.25,2027-01-14T10:00:00+09:00,CALIBRATION_REQUIRED
EA_000933,APP0154_FIRST_INTERVIEW,APP0154_FIRST_INTERVIEW_CALIBRATION,FIRST_PANEL_07_HIRING_MANAGER,CALIBRATION,CONSUMED,0.25,2027-01-14T10:15:00+09:00,ACTUAL_PARTICIPATION
EA_000934,APP0155_FIRST_INTERVIEW,,FIRST_PANEL_08_ML_ENGINEER,INTERVIEW,RESERVED,1.0,2026-12-08T14:04:00+09:00,SCHEDULED_ALLOCATION
EA_000935,APP0155_FIRST_INTERVIEW,,FIRST_PANEL_08_HIRING_MANAGER,INTERVIEW,RESERVED,1.0,2026-12-08T14:04:00+09:00,SCHEDULED_ALLOCATION
EA_000936,APP0155_FIRST_INTERVIEW,,FIRST_PANEL_08_TECHNICAL_REVIEWER,INTERVIEW,RESERVED,1.0,2026-12-08T14:04:00+09:00,SCHEDULED_ALLOCATION
EA_000937,APP0155_FIRST_INTERVIEW,APP0155_FIRST_INTERVIEW_FIRST_INTERVIEW_SESSION,FIRST_PANEL_08_ML_ENGINEER,INTERVIEW,CONSUMED,1.0,2027-01-14T10:00:00+09:00,ACTUAL_PARTICIPATION
EA_000938,APP0155_FIRST_INTERVIEW,APP0155_FIRST_INTERVIEW_FIRST_INTERVIEW_SESSION,FIRST_PANEL_08_HIRING_MANAGER,INTERVIEW,CONSUMED,1.0,2027-01-14T10:00:00+09:00,ACTUAL_PARTICIPATION
EA_000939,APP0155_FIRST_INTERVIEW,APP0155_FIRST_INTERVIEW_FIRST_INTERVIEW_SESSION,FIRST_PANEL_08_TECHNICAL_REVIEWER,INTERVIEW,CONSUMED,1.0,2027-01-14T10:00:00+09:00,ACTUAL_PARTICIPATION
EA_000940,APP0159_FIRST_INTERVIEW,,FIRST_PANEL_09_ML_ENGINEER,INTERVIEW,RESERVED,1.0,2026-12-08T14:04:00+09:00,SCHEDULED_ALLOCATION
EA_000941,APP0159_FIRST_INTERVIEW,,FIRST_PANEL_09_HIRING_MANAGER,INTERVIEW,RESERVED,1.0,2026-12-08T14:04:00+09:00,SCHEDULED_ALLOCATION
EA_000942,APP0159_FIRST_INTERVIEW,,FIRST_PANEL_09_TECHNICAL_REVIEWER,INTERVIEW,RESERVED,1.0,2026-12-08T14:04:00+09:00,SCHEDULED_ALLOCATION
EA_000943,APP0159_FIRST_INTERVIEW,APP0159_FIRST_INTERVIEW_FIRST_INTERVIEW_SESSION,FIRST_PANEL_09_ML_ENGINEER,INTERVIEW,CONSUMED,1.0,2027-01-14T10:00:00+09:00,ACTUAL_PARTICIPATION
EA_000944,APP0159_FIRST_INTERVIEW,APP0159_FIRST_INTERVIEW_FIRST_INTERVIEW_SESSION,FIRST_PANEL_09_HIRING_MANAGER,INTERVIEW,CONSUMED,1.0,2027-01-14T10:00:00+09:00,ACTUAL_PARTICIPATION
EA_000945,APP0159_FIRST_INTERVIEW,APP0159_FIRST_INTERVIEW_FIRST_INTERVIEW_SESSION,FIRST_PANEL_09_TECHNICAL_REVIEWER,INTERVIEW,CONSUMED,1.0,2027-01-14T10:00:00+09:00,ACTUAL_PARTICIPATION
EA_000946,APP0159_FIRST_INTERVIEW,APP0159_FIRST_INTERVIEW_CALIBRATION,FIRST_PANEL_09_ML_ENGINEER,CALIBRATION,RESERVED,0.25,2027-01-14T10:00:00+09:00,CALIBRATION_REQUIRED
EA_000947,APP0159_FIRST_INTERVIEW,APP0159_FIRST_INTERVIEW_CALIBRATION,FIRST_PANEL_09_ML_ENGINEER,CALIBRATION,CONSUMED,0.25,2027-01-14T10:15:00+09:00,ACTUAL_PARTICIPATION
EA_000948,APP0159_FIRST_INTERVIEW,APP0159_FIRST_INTERVIEW_CALIBRATION,FIRST_PANEL_09_HIRING_MANAGER,CALIBRATION,RESERVED,0.25,2027-01-14T10:00:00+09:00,CALIBRATION_REQUIRED
EA_000949,APP0159_FIRST_INTERVIEW,APP0159_FIRST_INTERVIEW_CALIBRATION,FIRST_PANEL_09_HIRING_MANAGER,CALIBRATION,CONSUMED,0.25,2027-01-14T10:15:00+09:00,ACTUAL_PARTICIPATION
EA_000950,APP0161_FIRST_INTERVIEW,,FIRST_PANEL_10_ML_ENGINEER,INTERVIEW,RESERVED,1.0,2026-12-08T14:04:00+09:00,SCHEDULED_ALLOCATION
EA_000951,APP0161_FIRST_INTERVIEW,,FIRST_PANEL_10_HIRING_MANAGER,INTERVIEW,RESERVED,1.0,2026-12-08T14:04:00+09:00,SCHEDULED_ALLOCATION
EA_000952,APP0161_FIRST_INTERVIEW,,FIRST_PANEL_10_TECHNICAL_REVIEWER,INTERVIEW,RESERVED,1.0,2026-12-08T14:04:00+09:00,SCHEDULED_ALLOCATION
EA_000953,APP0161_FIRST_INTERVIEW,APP0161_FIRST_INTERVIEW_FIRST_INTERVIEW_SESSION,FIRST_PANEL_10_ML_ENGINEER,INTERVIEW,CONSUMED,1.0,2027-01-14T10:00:00+09:00,ACTUAL_PARTICIPATION
EA_000954,APP0161_FIRST_INTERVIEW,APP0161_FIRST_INTERVIEW_FIRST_INTERVIEW_SESSION,FIRST_PANEL_10_HIRING_MANAGER,INTERVIEW,CONSUMED,1.0,2027-01-14T10:00:00+09:00,ACTUAL_PARTICIPATION
EA_000955,APP0161_FIRST_INTERVIEW,APP0161_FIRST_INTERVIEW_FIRST_INTERVIEW_SESSION,FIRST_PANEL_10_TECHNICAL_REVIEWER,INTERVIEW,CONSUMED,1.0,2027-01-14T10:00:00+09:00,ACTUAL_PARTICIPATION
EA_000956,APP0161_FIRST_INTERVIEW,APP0161_FIRST_INTERVIEW_CALIBRATION,FIRST_PANEL_10_ML_ENGINEER,CALIBRATION,RESERVED,0.25,2027-01-14T10:00:00+09:00,CALIBRATION_REQUIRED
EA_000957,APP0161_FIRST_INTERVIEW,APP0161_FIRST_INTERVIEW_CALIBRATION,FIRST_PANEL_10_ML_ENGINEER,CALIBRATION,CONSUMED,0.25,2027-01-14T10:15:00+09:00,ACTUAL_PARTICIPATION
EA_000958,APP0161_FIRST_INTERVIEW,APP0161_FIRST_INTERVIEW_CALIBRATION,FIRST_PANEL_10_HIRING_MANAGER,CALIBRATION,RESERVED,0.25,2027-01-14T10:00:00+09:00,CALIBRATION_REQUIRED
EA_000959,APP0161_FIRST_INTERVIEW,APP0161_FIRST_INTERVIEW_CALIBRATION,FIRST_PANEL_10_HIRING_MANAGER,CALIBRATION,CONSUMED,0.25,2027-01-14T10:15:00+09:00,ACTUAL_PARTICIPATION
EA_000960,APP0162_FIRST_INTERVIEW,,FIRST_PANEL_01_ML_ENGINEER,INTERVIEW,RESERVED,1.0,2026-12-08T14:04:00+09:00,SCHEDULED_ALLOCATION
EA_000961,APP0162_FIRST_INTERVIEW,,FIRST_PANEL_01_HIRING_MANAGER,INTERVIEW,RESERVED,1.0,2026-12-08T14:04:00+09:00,SCHEDULED_ALLOCATION
EA_000962,APP0162_FIRST_INTERVIEW,,FIRST_PANEL_01_TECHNICAL_REVIEWER,INTERVIEW,RESERVED,1.0,2026-12-08T14:04:00+09:00,SCHEDULED_ALLOCATION
EA_000963,APP0162_FIRST_INTERVIEW,APP0162_FIRST_INTERVIEW_FIRST_INTERVIEW_SESSION,FIRST_PANEL_01_ML_ENGINEER,INTERVIEW,CONSUMED,1.0,2027-01-18T10:00:00+09:00,ACTUAL_PARTICIPATION
EA_000964,APP0162_FIRST_INTERVIEW,APP0162_FIRST_INTERVIEW_FIRST_INTERVIEW_SESSION,FIRST_PANEL_01_HIRING_MANAGER,INTERVIEW,CONSUMED,1.0,2027-01-18T10:00:00+09:00,ACTUAL_PARTICIPATION
EA_000965,APP0162_FIRST_INTERVIEW,APP0162_FIRST_INTERVIEW_FIRST_INTERVIEW_SESSION,FIRST_PANEL_01_TECHNICAL_REVIEWER,INTERVIEW,CONSUMED,1.0,2027-01-18T10:00:00+09:00,ACTUAL_PARTICIPATION
EA_000966,APP0162_FIRST_INTERVIEW,APP0162_FIRST_INTERVIEW_CALIBRATION,FIRST_PANEL_01_ML_ENGINEER,CALIBRATION,RESERVED,0.25,2027-01-18T10:00:00+09:00,CALIBRATION_REQUIRED
EA_000967,APP0162_FIRST_INTERVIEW,APP0162_FIRST_INTERVIEW_CALIBRATION,FIRST_PANEL_01_ML_ENGINEER,CALIBRATION,CONSUMED,0.25,2027-01-18T10:15:00+09:00,ACTUAL_PARTICIPATION
EA_000968,APP0162_FIRST_INTERVIEW,APP0162_FIRST_INTERVIEW_CALIBRATION,FIRST_PANEL_01_HIRING_MANAGER,CALIBRATION,RESERVED,0.25,2027-01-18T10:00:00+09:00,CALIBRATION_REQUIRED
EA_000969,APP0162_FIRST_INTERVIEW,APP0162_FIRST_INTERVIEW_CALIBRATION,FIRST_PANEL_01_HIRING_MANAGER,CALIBRATION,CONSUMED,0.25,2027-01-18T10:15:00+09:00,ACTUAL_PARTICIPATION
EA_000970,APP0163_FIRST_INTERVIEW,,FIRST_PANEL_02_ML_ENGINEER,INTERVIEW,RESERVED,1.0,2026-12-08T14:04:00+09:00,SCHEDULED_ALLOCATION
EA_000971,APP0163_FIRST_INTERVIEW,,FIRST_PANEL_02_HIRING_MANAGER,INTERVIEW,RESERVED,1.0,2026-12-08T14:04:00+09:00,SCHEDULED_ALLOCATION
EA_000972,APP0163_FIRST_INTERVIEW,,FIRST_PANEL_02_TECHNICAL_REVIEWER,INTERVIEW,RESERVED,1.0,2026-12-08T14:04:00+09:00,SCHEDULED_ALLOCATION
EA_000973,APP0163_FIRST_INTERVIEW,APP0163_FIRST_INTERVIEW_FIRST_INTERVIEW_SESSION,FIRST_PANEL_02_ML_ENGINEER,INTERVIEW,CONSUMED,1.0,2027-01-18T10:00:00+09:00,ACTUAL_PARTICIPATION
EA_000974,APP0163_FIRST_INTERVIEW,APP0163_FIRST_INTERVIEW_FIRST_INTERVIEW_SESSION,FIRST_PANEL_02_HIRING_MANAGER,INTERVIEW,CONSUMED,1.0,2027-01-18T10:00:00+09:00,ACTUAL_PARTICIPATION
EA_000975,APP0163_FIRST_INTERVIEW,APP0163_FIRST_INTERVIEW_FIRST_INTERVIEW_SESSION,FIRST_PANEL_02_TECHNICAL_REVIEWER,INTERVIEW,CONSUMED,1.0,2027-01-18T10:00:00+09:00,ACTUAL_PARTICIPATION
EA_000976,APP0163_FIRST_INTERVIEW,APP0163_FIRST_INTERVIEW_CALIBRATION,FIRST_PANEL_02_ML_ENGINEER,CALIBRATION,RESERVED,0.25,2027-01-18T10:00:00+09:00,CALIBRATION_REQUIRED
EA_000977,APP0163_FIRST_INTERVIEW,APP0163_FIRST_INTERVIEW_CALIBRATION,FIRST_PANEL_02_ML_ENGINEER,CALIBRATION,CONSUMED,0.25,2027-01-18T10:15:00+09:00,ACTUAL_PARTICIPATION
EA_000978,APP0163_FIRST_INTERVIEW,APP0163_FIRST_INTERVIEW_CALIBRATION,FIRST_PANEL_02_HIRING_MANAGER,CALIBRATION,RESERVED,0.25,2027-01-18T10:00:00+09:00,CALIBRATION_REQUIRED
EA_000979,APP0163_FIRST_INTERVIEW,APP0163_FIRST_INTERVIEW_CALIBRATION,FIRST_PANEL_02_HIRING_MANAGER,CALIBRATION,CONSUMED,0.25,2027-01-18T10:15:00+09:00,ACTUAL_PARTICIPATION
EA_000980,APP0164_FIRST_INTERVIEW,,FIRST_PANEL_03_ML_ENGINEER,INTERVIEW,RESERVED,1.0,2026-12-08T14:04:00+09:00,SCHEDULED_ALLOCATION
EA_000981,APP0164_FIRST_INTERVIEW,,FIRST_PANEL_03_HIRING_MANAGER,INTERVIEW,RESERVED,1.0,2026-12-08T14:04:00+09:00,SCHEDULED_ALLOCATION
EA_000982,APP0164_FIRST_INTERVIEW,,FIRST_PANEL_03_TECHNICAL_REVIEWER,INTERVIEW,RESERVED,1.0,2026-12-08T14:04:00+09:00,SCHEDULED_ALLOCATION
EA_000983,APP0164_FIRST_INTERVIEW,APP0164_FIRST_INTERVIEW_FIRST_INTERVIEW_SESSION,FIRST_PANEL_03_ML_ENGINEER,INTERVIEW,CONSUMED,1.0,2027-01-18T10:00:00+09:00,ACTUAL_PARTICIPATION
EA_000984,APP0164_FIRST_INTERVIEW,APP0164_FIRST_INTERVIEW_FIRST_INTERVIEW_SESSION,FIRST_PANEL_03_HIRING_MANAGER,INTERVIEW,CONSUMED,1.0,2027-01-18T10:00:00+09:00,ACTUAL_PARTICIPATION
EA_000985,APP0164_FIRST_INTERVIEW,APP0164_FIRST_INTERVIEW_FIRST_INTERVIEW_SESSION,FIRST_PANEL_03_TECHNICAL_REVIEWER,INTERVIEW,CONSUMED,1.0,2027-01-18T10:00:00+09:00,ACTUAL_PARTICIPATION
EA_000986,APP0164_FIRST_INTERVIEW,APP0164_FIRST_INTERVIEW_CALIBRATION,FIRST_PANEL_03_ML_ENGINEER,CALIBRATION,RESERVED,0.25,2027-01-18T10:00:00+09:00,CALIBRATION_REQUIRED
EA_000987,APP0164_FIRST_INTERVIEW,APP0164_FIRST_INTERVIEW_CALIBRATION,FIRST_PANEL_03_ML_ENGINEER,CALIBRATION,CONSUMED,0.25,2027-01-18T10:15:00+09:00,ACTUAL_PARTICIPATION
EA_000988,APP0164_FIRST_INTERVIEW,APP0164_FIRST_INTERVIEW_CALIBRATION,FIRST_PANEL_03_HIRING_MANAGER,CALIBRATION,RESERVED,0.25,2027-01-18T10:00:00+09:00,CALIBRATION_REQUIRED
EA_000989,APP0164_FIRST_INTERVIEW,APP0164_FIRST_INTERVIEW_CALIBRATION,FIRST_PANEL_03_HIRING_MANAGER,CALIBRATION,CONSUMED,0.25,2027-01-18T10:15:00+09:00,ACTUAL_PARTICIPATION
EA_000990,APP0166_FIRST_INTERVIEW,,FIRST_PANEL_04_ML_ENGINEER,INTERVIEW,RESERVED,1.0,2026-12-08T14:04:00+09:00,SCHEDULED_ALLOCATION
EA_000991,APP0166_FIRST_INTERVIEW,,FIRST_PANEL_04_HIRING_MANAGER,INTERVIEW,RESERVED,1.0,2026-12-08T14:04:00+09:00,SCHEDULED_ALLOCATION
EA_000992,APP0166_FIRST_INTERVIEW,,FIRST_PANEL_04_TECHNICAL_REVIEWER,INTERVIEW,RESERVED,1.0,2026-12-08T14:04:00+09:00,SCHEDULED_ALLOCATION
EA_000993,APP0166_FIRST_INTERVIEW,APP0166_FIRST_INTERVIEW_FIRST_INTERVIEW_SESSION,FIRST_PANEL_04_ML_ENGINEER,INTERVIEW,CONSUMED,1.0,2027-01-18T10:00:00+09:00,ACTUAL_PARTICIPATION
EA_000994,APP0166_FIRST_INTERVIEW,APP0166_FIRST_INTERVIEW_FIRST_INTERVIEW_SESSION,FIRST_PANEL_04_HIRING_MANAGER,INTERVIEW,CONSUMED,1.0,2027-01-18T10:00:00+09:00,ACTUAL_PARTICIPATION
EA_000995,APP0166_FIRST_INTERVIEW,APP0166_FIRST_INTERVIEW_FIRST_INTERVIEW_SESSION,FIRST_PANEL_04_TECHNICAL_REVIEWER,INTERVIEW,CONSUMED,1.0,2027-01-18T10:00:00+09:00,ACTUAL_PARTICIPATION
EA_000996,APP0166_FIRST_INTERVIEW,APP0166_FIRST_INTERVIEW_CALIBRATION,FIRST_PANEL_04_ML_ENGINEER,CALIBRATION,RESERVED,0.25,2027-01-18T10:00:00+09:00,CALIBRATION_REQUIRED
EA_000997,APP0166_FIRST_INTERVIEW,APP0166_FIRST_INTERVIEW_CALIBRATION,FIRST_PANEL_04_ML_ENGINEER,CALIBRATION,CONSUMED,0.25,2027-01-18T10:15:00+09:00,ACTUAL_PARTICIPATION
EA_000998,APP0166_FIRST_INTERVIEW,APP0166_FIRST_INTERVIEW_CALIBRATION,FIRST_PANEL_04_HIRING_MANAGER,CALIBRATION,RESERVED,0.25,2027-01-18T10:00:00+09:00,CALIBRATION_REQUIRED
EA_000999,APP0166_FIRST_INTERVIEW,APP0166_FIRST_INTERVIEW_CALIBRATION,FIRST_PANEL_04_HIRING_MANAGER,CALIBRATION,CONSUMED,0.25,2027-01-18T10:15:00+09:00,ACTUAL_PARTICIPATION
EA_001000,APP0167_FIRST_INTERVIEW,,FIRST_PANEL_05_ML_ENGINEER,INTERVIEW,RESERVED,1.0,2026-12-08T14:04:00+09:00,SCHEDULED_ALLOCATION
EA_001001,APP0167_FIRST_INTERVIEW,,FIRST_PANEL_05_HIRING_MANAGER,INTERVIEW,RESERVED,1.0,2026-12-08T14:04:00+09:00,SCHEDULED_ALLOCATION
EA_001002,APP0167_FIRST_INTERVIEW,,FIRST_PANEL_05_TECHNICAL_REVIEWER,INTERVIEW,RESERVED,1.0,2026-12-08T14:04:00+09:00,SCHEDULED_ALLOCATION
EA_001003,APP0167_FIRST_INTERVIEW,APP0167_FIRST_INTERVIEW_FIRST_INTERVIEW_SESSION,FIRST_PANEL_05_ML_ENGINEER,INTERVIEW,CONSUMED,1.0,2027-01-18T10:00:00+09:00,ACTUAL_PARTICIPATION
EA_001004,APP0167_FIRST_INTERVIEW,APP0167_FIRST_INTERVIEW_FIRST_INTERVIEW_SESSION,FIRST_PANEL_05_HIRING_MANAGER,INTERVIEW,CONSUMED,1.0,2027-01-18T10:00:00+09:00,ACTUAL_PARTICIPATION
EA_001005,APP0167_FIRST_INTERVIEW,APP0167_FIRST_INTERVIEW_FIRST_INTERVIEW_SESSION,FIRST_PANEL_05_TECHNICAL_REVIEWER,INTERVIEW,CONSUMED,1.0,2027-01-18T10:00:00+09:00,ACTUAL_PARTICIPATION
EA_001006,APP0167_FIRST_INTERVIEW,APP0167_FIRST_INTERVIEW_CALIBRATION,FIRST_PANEL_05_ML_ENGINEER,CALIBRATION,RESERVED,0.25,2027-01-18T10:00:00+09:00,CALIBRATION_REQUIRED
EA_001007,APP0167_FIRST_INTERVIEW,APP0167_FIRST_INTERVIEW_CALIBRATION,FIRST_PANEL_05_ML_ENGINEER,CALIBRATION,CONSUMED,0.25,2027-01-18T10:15:00+09:00,ACTUAL_PARTICIPATION
EA_001008,APP0167_FIRST_INTERVIEW,APP0167_FIRST_INTERVIEW_CALIBRATION,FIRST_PANEL_05_HIRING_MANAGER,CALIBRATION,RESERVED,0.25,2027-01-18T10:00:00+09:00,CALIBRATION_REQUIRED
EA_001009,APP0167_FIRST_INTERVIEW,APP0167_FIRST_INTERVIEW_CALIBRATION,FIRST_PANEL_05_HIRING_MANAGER,CALIBRATION,CONSUMED,0.25,2027-01-18T10:15:00+09:00,ACTUAL_PARTICIPATION
EA_001010,APP0170_FIRST_INTERVIEW,,FIRST_PANEL_06_ML_ENGINEER,INTERVIEW,RESERVED,1.0,2026-12-08T14:04:00+09:00,SCHEDULED_ALLOCATION
EA_001011,APP0170_FIRST_INTERVIEW,,FIRST_PANEL_06_HIRING_MANAGER,INTERVIEW,RESERVED,1.0,2026-12-08T14:04:00+09:00,SCHEDULED_ALLOCATION
EA_001012,APP0170_FIRST_INTERVIEW,,FIRST_PANEL_06_TECHNICAL_REVIEWER,INTERVIEW,RESERVED,1.0,2026-12-08T14:04:00+09:00,SCHEDULED_ALLOCATION
EA_001013,APP0170_FIRST_INTERVIEW,APP0170_FIRST_INTERVIEW_FIRST_INTERVIEW_SESSION,FIRST_PANEL_06_ML_ENGINEER,INTERVIEW,CONSUMED,1.0,2027-01-18T10:00:00+09:00,ACTUAL_PARTICIPATION
EA_001014,APP0170_FIRST_INTERVIEW,APP0170_FIRST_INTERVIEW_FIRST_INTERVIEW_SESSION,FIRST_PANEL_06_HIRING_MANAGER,INTERVIEW,CONSUMED,1.0,2027-01-18T10:00:00+09:00,ACTUAL_PARTICIPATION
EA_001015,APP0170_FIRST_INTERVIEW,APP0170_FIRST_INTERVIEW_FIRST_INTERVIEW_SESSION,FIRST_PANEL_06_TECHNICAL_REVIEWER,INTERVIEW,CONSUMED,1.0,2027-01-18T10:00:00+09:00,ACTUAL_PARTICIPATION
EA_001016,APP0170_FIRST_INTERVIEW,APP0170_FIRST_INTERVIEW_CALIBRATION,FIRST_PANEL_06_ML_ENGINEER,CALIBRATION,RESERVED,0.25,2027-01-18T10:00:00+09:00,CALIBRATION_REQUIRED
EA_001017,APP0170_FIRST_INTERVIEW,APP0170_FIRST_INTERVIEW_CALIBRATION,FIRST_PANEL_06_ML_ENGINEER,CALIBRATION,CONSUMED,0.25,2027-01-18T10:15:00+09:00,ACTUAL_PARTICIPATION
EA_001018,APP0170_FIRST_INTERVIEW,APP0170_FIRST_INTERVIEW_CALIBRATION,FIRST_PANEL_06_HIRING_MANAGER,CALIBRATION,RESERVED,0.25,2027-01-18T10:00:00+09:00,CALIBRATION_REQUIRED
EA_001019,APP0170_FIRST_INTERVIEW,APP0170_FIRST_INTERVIEW_CALIBRATION,FIRST_PANEL_06_HIRING_MANAGER,CALIBRATION,CONSUMED,0.25,2027-01-18T10:15:00+09:00,ACTUAL_PARTICIPATION
EA_001020,APP0171_FIRST_INTERVIEW,,FIRST_PANEL_07_ML_ENGINEER,INTERVIEW,RESERVED,1.0,2026-12-08T14:04:00+09:00,SCHEDULED_ALLOCATION
EA_001021,APP0171_FIRST_INTERVIEW,,FIRST_PANEL_07_HIRING_MANAGER,INTERVIEW,RESERVED,1.0,2026-12-08T14:04:00+09:00,SCHEDULED_ALLOCATION
EA_001022,APP0171_FIRST_INTERVIEW,,FIRST_PANEL_07_TECHNICAL_REVIEWER,INTERVIEW,RESERVED,1.0,2026-12-08T14:04:00+09:00,SCHEDULED_ALLOCATION
EA_001023,APP0171_FIRST_INTERVIEW,,FIRST_PANEL_07_ML_ENGINEER,INTERVIEW,RELEASED,1.0,2027-01-19T09:00:00+09:00,NO_RESPONSE_UNUSED
EA_001024,APP0171_FIRST_INTERVIEW,,FIRST_PANEL_07_HIRING_MANAGER,INTERVIEW,RELEASED,1.0,2027-01-19T09:00:00+09:00,NO_RESPONSE_UNUSED
EA_001025,APP0171_FIRST_INTERVIEW,,FIRST_PANEL_07_TECHNICAL_REVIEWER,INTERVIEW,RELEASED,1.0,2027-01-19T09:00:00+09:00,NO_RESPONSE_UNUSED
EA_001026,APP0173_FIRST_INTERVIEW,,FIRST_PANEL_08_ML_ENGINEER,INTERVIEW,RESERVED,1.0,2026-12-08T14:04:00+09:00,SCHEDULED_ALLOCATION
EA_001027,APP0173_FIRST_INTERVIEW,,FIRST_PANEL_08_HIRING_MANAGER,INTERVIEW,RESERVED,1.0,2026-12-08T14:04:00+09:00,SCHEDULED_ALLOCATION
EA_001028,APP0173_FIRST_INTERVIEW,,FIRST_PANEL_08_TECHNICAL_REVIEWER,INTERVIEW,RESERVED,1.0,2026-12-08T14:04:00+09:00,SCHEDULED_ALLOCATION
EA_001029,APP0173_FIRST_INTERVIEW,APP0173_FIRST_INTERVIEW_FIRST_INTERVIEW_SESSION,FIRST_PANEL_08_ML_ENGINEER,INTERVIEW,CONSUMED,1.0,2027-01-18T10:00:00+09:00,ACTUAL_PARTICIPATION
EA_001030,APP0173_FIRST_INTERVIEW,APP0173_FIRST_INTERVIEW_FIRST_INTERVIEW_SESSION,FIRST_PANEL_08_HIRING_MANAGER,INTERVIEW,CONSUMED,1.0,2027-01-18T10:00:00+09:00,ACTUAL_PARTICIPATION
EA_001031,APP0173_FIRST_INTERVIEW,APP0173_FIRST_INTERVIEW_FIRST_INTERVIEW_SESSION,FIRST_PANEL_08_TECHNICAL_REVIEWER,INTERVIEW,CONSUMED,1.0,2027-01-18T10:00:00+09:00,ACTUAL_PARTICIPATION
EA_001032,APP0173_FIRST_INTERVIEW,APP0173_FIRST_INTERVIEW_CALIBRATION,FIRST_PANEL_08_ML_ENGINEER,CALIBRATION,RESERVED,0.25,2027-01-18T10:00:00+09:00,CALIBRATION_REQUIRED
EA_001033,APP0173_FIRST_INTERVIEW,APP0173_FIRST_INTERVIEW_CALIBRATION,FIRST_PANEL_08_ML_ENGINEER,CALIBRATION,CONSUMED,0.25,2027-01-18T10:15:00+09:00,ACTUAL_PARTICIPATION
EA_001034,APP0173_FIRST_INTERVIEW,APP0173_FIRST_INTERVIEW_CALIBRATION,FIRST_PANEL_08_HIRING_MANAGER,CALIBRATION,RESERVED,0.25,2027-01-18T10:00:00+09:00,CALIBRATION_REQUIRED
EA_001035,APP0173_FIRST_INTERVIEW,APP0173_FIRST_INTERVIEW_CALIBRATION,FIRST_PANEL_08_HIRING_MANAGER,CALIBRATION,CONSUMED,0.25,2027-01-18T10:15:00+09:00,ACTUAL_PARTICIPATION
EA_001036,APP0175_FIRST_INTERVIEW,,FIRST_PANEL_09_ML_ENGINEER,INTERVIEW,RESERVED,1.0,2026-12-08T14:04:00+09:00,SCHEDULED_ALLOCATION
EA_001037,APP0175_FIRST_INTERVIEW,,FIRST_PANEL_09_HIRING_MANAGER,INTERVIEW,RESERVED,1.0,2026-12-08T14:04:00+09:00,SCHEDULED_ALLOCATION
EA_001038,APP0175_FIRST_INTERVIEW,,FIRST_PANEL_09_TECHNICAL_REVIEWER,INTERVIEW,RESERVED,1.0,2026-12-08T14:04:00+09:00,SCHEDULED_ALLOCATION
EA_001039,APP0175_FIRST_INTERVIEW,APP0175_FIRST_INTERVIEW_FIRST_INTERVIEW_SESSION,FIRST_PANEL_09_ML_ENGINEER,INTERVIEW,CONSUMED,1.0,2027-01-18T10:00:00+09:00,ACTUAL_PARTICIPATION
EA_001040,APP0175_FIRST_INTERVIEW,APP0175_FIRST_INTERVIEW_FIRST_INTERVIEW_SESSION,FIRST_PANEL_09_HIRING_MANAGER,INTERVIEW,CONSUMED,1.0,2027-01-18T10:00:00+09:00,ACTUAL_PARTICIPATION
EA_001041,APP0175_FIRST_INTERVIEW,APP0175_FIRST_INTERVIEW_FIRST_INTERVIEW_SESSION,FIRST_PANEL_09_TECHNICAL_REVIEWER,INTERVIEW,CONSUMED,1.0,2027-01-18T10:00:00+09:00,ACTUAL_PARTICIPATION
EA_001042,APP0175_FIRST_INTERVIEW,APP0175_FIRST_INTERVIEW_CALIBRATION,FIRST_PANEL_09_ML_ENGINEER,CALIBRATION,RESERVED,0.25,2027-01-18T10:00:00+09:00,CALIBRATION_REQUIRED
EA_001043,APP0175_FIRST_INTERVIEW,APP0175_FIRST_INTERVIEW_CALIBRATION,FIRST_PANEL_09_ML_ENGINEER,CALIBRATION,CONSUMED,0.25,2027-01-18T10:15:00+09:00,ACTUAL_PARTICIPATION
EA_001044,APP0175_FIRST_INTERVIEW,APP0175_FIRST_INTERVIEW_CALIBRATION,FIRST_PANEL_09_HIRING_MANAGER,CALIBRATION,RESERVED,0.25,2027-01-18T10:00:00+09:00,CALIBRATION_REQUIRED
EA_001045,APP0175_FIRST_INTERVIEW,APP0175_FIRST_INTERVIEW_CALIBRATION,FIRST_PANEL_09_HIRING_MANAGER,CALIBRATION,CONSUMED,0.25,2027-01-18T10:15:00+09:00,ACTUAL_PARTICIPATION
EA_001046,APP0176_FIRST_INTERVIEW,,FIRST_PANEL_10_ML_ENGINEER,INTERVIEW,RESERVED,1.0,2026-12-08T14:04:00+09:00,SCHEDULED_ALLOCATION
EA_001047,APP0176_FIRST_INTERVIEW,,FIRST_PANEL_10_HIRING_MANAGER,INTERVIEW,RESERVED,1.0,2026-12-08T14:04:00+09:00,SCHEDULED_ALLOCATION
EA_001048,APP0176_FIRST_INTERVIEW,,FIRST_PANEL_10_TECHNICAL_REVIEWER,INTERVIEW,RESERVED,1.0,2026-12-08T14:04:00+09:00,SCHEDULED_ALLOCATION
EA_001049,APP0176_FIRST_INTERVIEW,APP0176_FIRST_INTERVIEW_FIRST_INTERVIEW_SESSION,FIRST_PANEL_10_ML_ENGINEER,INTERVIEW,CONSUMED,1.0,2027-01-18T10:00:00+09:00,ACTUAL_PARTICIPATION
EA_001050,APP0176_FIRST_INTERVIEW,APP0176_FIRST_INTERVIEW_FIRST_INTERVIEW_SESSION,FIRST_PANEL_10_HIRING_MANAGER,INTERVIEW,CONSUMED,1.0,2027-01-18T10:00:00+09:00,ACTUAL_PARTICIPATION
EA_001051,APP0176_FIRST_INTERVIEW,APP0176_FIRST_INTERVIEW_FIRST_INTERVIEW_SESSION,FIRST_PANEL_10_TECHNICAL_REVIEWER,INTERVIEW,CONSUMED,1.0,2027-01-18T10:00:00+09:00,ACTUAL_PARTICIPATION
EA_001052,APP0176_FIRST_INTERVIEW,APP0176_FIRST_INTERVIEW_CALIBRATION,FIRST_PANEL_10_ML_ENGINEER,CALIBRATION,RESERVED,0.25,2027-01-18T10:00:00+09:00,CALIBRATION_REQUIRED
EA_001053,APP0176_FIRST_INTERVIEW,APP0176_FIRST_INTERVIEW_CALIBRATION,FIRST_PANEL_10_ML_ENGINEER,CALIBRATION,CONSUMED,0.25,2027-01-18T10:15:00+09:00,ACTUAL_PARTICIPATION
EA_001054,APP0176_FIRST_INTERVIEW,APP0176_FIRST_INTERVIEW_CALIBRATION,FIRST_PANEL_10_HIRING_MANAGER,CALIBRATION,RESERVED,0.25,2027-01-18T10:00:00+09:00,CALIBRATION_REQUIRED
EA_001055,APP0176_FIRST_INTERVIEW,APP0176_FIRST_INTERVIEW_CALIBRATION,FIRST_PANEL_10_HIRING_MANAGER,CALIBRATION,CONSUMED,0.25,2027-01-18T10:15:00+09:00,ACTUAL_PARTICIPATION
EA_001056,APP0181_FIRST_INTERVIEW,,FIRST_PANEL_01_ML_ENGINEER,INTERVIEW,RESERVED,1.0,2026-12-08T14:04:00+09:00,SCHEDULED_ALLOCATION
EA_001057,APP0181_FIRST_INTERVIEW,,FIRST_PANEL_01_HIRING_MANAGER,INTERVIEW,RESERVED,1.0,2026-12-08T14:04:00+09:00,SCHEDULED_ALLOCATION
EA_001058,APP0181_FIRST_INTERVIEW,,FIRST_PANEL_01_TECHNICAL_REVIEWER,INTERVIEW,RESERVED,1.0,2026-12-08T14:04:00+09:00,SCHEDULED_ALLOCATION
EA_001059,APP0181_FIRST_INTERVIEW,APP0181_FIRST_INTERVIEW_FIRST_INTERVIEW_SESSION,FIRST_PANEL_01_ML_ENGINEER,INTERVIEW,CONSUMED,1.0,2027-01-21T10:00:00+09:00,ACTUAL_PARTICIPATION
EA_001060,APP0181_FIRST_INTERVIEW,APP0181_FIRST_INTERVIEW_FIRST_INTERVIEW_SESSION,FIRST_PANEL_01_HIRING_MANAGER,INTERVIEW,CONSUMED,1.0,2027-01-21T10:00:00+09:00,ACTUAL_PARTICIPATION
EA_001061,APP0181_FIRST_INTERVIEW,APP0181_FIRST_INTERVIEW_FIRST_INTERVIEW_SESSION,FIRST_PANEL_01_TECHNICAL_REVIEWER,INTERVIEW,CONSUMED,1.0,2027-01-21T10:00:00+09:00,ACTUAL_PARTICIPATION
EA_001062,APP0181_FIRST_INTERVIEW,APP0181_FIRST_INTERVIEW_CALIBRATION,FIRST_PANEL_01_ML_ENGINEER,CALIBRATION,RESERVED,0.25,2027-01-21T10:00:00+09:00,CALIBRATION_REQUIRED
EA_001063,APP0181_FIRST_INTERVIEW,APP0181_FIRST_INTERVIEW_CALIBRATION,FIRST_PANEL_01_ML_ENGINEER,CALIBRATION,CONSUMED,0.25,2027-01-21T10:15:00+09:00,ACTUAL_PARTICIPATION
EA_001064,APP0181_FIRST_INTERVIEW,APP0181_FIRST_INTERVIEW_CALIBRATION,FIRST_PANEL_01_HIRING_MANAGER,CALIBRATION,RESERVED,0.25,2027-01-21T10:00:00+09:00,CALIBRATION_REQUIRED
EA_001065,APP0181_FIRST_INTERVIEW,APP0181_FIRST_INTERVIEW_CALIBRATION,FIRST_PANEL_01_HIRING_MANAGER,CALIBRATION,CONSUMED,0.25,2027-01-21T10:15:00+09:00,ACTUAL_PARTICIPATION
EA_001066,APP0182_FIRST_INTERVIEW,,FIRST_PANEL_02_ML_ENGINEER,INTERVIEW,RESERVED,1.0,2026-12-08T14:04:00+09:00,SCHEDULED_ALLOCATION
EA_001067,APP0182_FIRST_INTERVIEW,,FIRST_PANEL_02_HIRING_MANAGER,INTERVIEW,RESERVED,1.0,2026-12-08T14:04:00+09:00,SCHEDULED_ALLOCATION
EA_001068,APP0182_FIRST_INTERVIEW,,FIRST_PANEL_02_TECHNICAL_REVIEWER,INTERVIEW,RESERVED,1.0,2026-12-08T14:04:00+09:00,SCHEDULED_ALLOCATION
EA_001069,APP0182_FIRST_INTERVIEW,APP0182_FIRST_INTERVIEW_FIRST_INTERVIEW_SESSION,FIRST_PANEL_02_ML_ENGINEER,INTERVIEW,CONSUMED,1.0,2027-01-21T10:00:00+09:00,ACTUAL_PARTICIPATION
EA_001070,APP0182_FIRST_INTERVIEW,APP0182_FIRST_INTERVIEW_FIRST_INTERVIEW_SESSION,FIRST_PANEL_02_HIRING_MANAGER,INTERVIEW,CONSUMED,1.0,2027-01-21T10:00:00+09:00,ACTUAL_PARTICIPATION
EA_001071,APP0182_FIRST_INTERVIEW,APP0182_FIRST_INTERVIEW_FIRST_INTERVIEW_SESSION,FIRST_PANEL_02_TECHNICAL_REVIEWER,INTERVIEW,CONSUMED,1.0,2027-01-21T10:00:00+09:00,ACTUAL_PARTICIPATION
EA_001072,APP0182_FIRST_INTERVIEW,APP0182_FIRST_INTERVIEW_CALIBRATION,FIRST_PANEL_02_ML_ENGINEER,CALIBRATION,RESERVED,0.25,2027-01-21T10:00:00+09:00,CALIBRATION_REQUIRED
EA_001073,APP0182_FIRST_INTERVIEW,APP0182_FIRST_INTERVIEW_CALIBRATION,FIRST_PANEL_02_ML_ENGINEER,CALIBRATION,CONSUMED,0.25,2027-01-21T10:15:00+09:00,ACTUAL_PARTICIPATION
EA_001074,APP0182_FIRST_INTERVIEW,APP0182_FIRST_INTERVIEW_CALIBRATION,FIRST_PANEL_02_HIRING_MANAGER,CALIBRATION,RESERVED,0.25,2027-01-21T10:00:00+09:00,CALIBRATION_REQUIRED
EA_001075,APP0182_FIRST_INTERVIEW,APP0182_FIRST_INTERVIEW_CALIBRATION,FIRST_PANEL_02_HIRING_MANAGER,CALIBRATION,CONSUMED,0.25,2027-01-21T10:15:00+09:00,ACTUAL_PARTICIPATION
EA_001076,APP0184_FIRST_INTERVIEW,,FIRST_PANEL_03_ML_ENGINEER,INTERVIEW,RESERVED,1.0,2026-12-08T14:04:00+09:00,SCHEDULED_ALLOCATION
EA_001077,APP0184_FIRST_INTERVIEW,,FIRST_PANEL_03_HIRING_MANAGER,INTERVIEW,RESERVED,1.0,2026-12-08T14:04:00+09:00,SCHEDULED_ALLOCATION
EA_001078,APP0184_FIRST_INTERVIEW,,FIRST_PANEL_03_TECHNICAL_REVIEWER,INTERVIEW,RESERVED,1.0,2026-12-08T14:04:00+09:00,SCHEDULED_ALLOCATION
EA_001079,APP0184_FIRST_INTERVIEW,,FIRST_PANEL_03_ML_ENGINEER,INTERVIEW,RELEASED,1.0,2027-01-22T09:00:00+09:00,NO_RESPONSE_UNUSED
EA_001080,APP0184_FIRST_INTERVIEW,,FIRST_PANEL_03_HIRING_MANAGER,INTERVIEW,RELEASED,1.0,2027-01-22T09:00:00+09:00,NO_RESPONSE_UNUSED
EA_001081,APP0184_FIRST_INTERVIEW,,FIRST_PANEL_03_TECHNICAL_REVIEWER,INTERVIEW,RELEASED,1.0,2027-01-22T09:00:00+09:00,NO_RESPONSE_UNUSED
EA_001082,APP0186_FIRST_INTERVIEW,,FIRST_PANEL_04_ML_ENGINEER,INTERVIEW,RESERVED,1.0,2026-12-08T14:04:00+09:00,SCHEDULED_ALLOCATION
EA_001083,APP0186_FIRST_INTERVIEW,,FIRST_PANEL_04_HIRING_MANAGER,INTERVIEW,RESERVED,1.0,2026-12-08T14:04:00+09:00,SCHEDULED_ALLOCATION
EA_001084,APP0186_FIRST_INTERVIEW,,FIRST_PANEL_04_TECHNICAL_REVIEWER,INTERVIEW,RESERVED,1.0,2026-12-08T14:04:00+09:00,SCHEDULED_ALLOCATION
EA_001085,APP0186_FIRST_INTERVIEW,APP0186_FIRST_INTERVIEW_FIRST_INTERVIEW_SESSION,FIRST_PANEL_04_ML_ENGINEER,INTERVIEW,CONSUMED,1.0,2027-01-21T10:00:00+09:00,ACTUAL_PARTICIPATION
EA_001086,APP0186_FIRST_INTERVIEW,APP0186_FIRST_INTERVIEW_FIRST_INTERVIEW_SESSION,FIRST_PANEL_04_HIRING_MANAGER,INTERVIEW,CONSUMED,1.0,2027-01-21T10:00:00+09:00,ACTUAL_PARTICIPATION
EA_001087,APP0186_FIRST_INTERVIEW,APP0186_FIRST_INTERVIEW_FIRST_INTERVIEW_SESSION,FIRST_PANEL_04_TECHNICAL_REVIEWER,INTERVIEW,CONSUMED,1.0,2027-01-21T10:00:00+09:00,ACTUAL_PARTICIPATION
EA_001088,APP0186_FIRST_INTERVIEW,APP0186_FIRST_INTERVIEW_CALIBRATION,FIRST_PANEL_04_ML_ENGINEER,CALIBRATION,RESERVED,0.25,2027-01-21T10:00:00+09:00,CALIBRATION_REQUIRED
EA_001089,APP0186_FIRST_INTERVIEW,APP0186_FIRST_INTERVIEW_CALIBRATION,FIRST_PANEL_04_ML_ENGINEER,CALIBRATION,CONSUMED,0.25,2027-01-21T10:15:00+09:00,ACTUAL_PARTICIPATION
EA_001090,APP0186_FIRST_INTERVIEW,APP0186_FIRST_INTERVIEW_CALIBRATION,FIRST_PANEL_04_HIRING_MANAGER,CALIBRATION,RESERVED,0.25,2027-01-21T10:00:00+09:00,CALIBRATION_REQUIRED
EA_001091,APP0186_FIRST_INTERVIEW,APP0186_FIRST_INTERVIEW_CALIBRATION,FIRST_PANEL_04_HIRING_MANAGER,CALIBRATION,CONSUMED,0.25,2027-01-21T10:15:00+09:00,ACTUAL_PARTICIPATION
EA_001092,APP0188_FIRST_INTERVIEW,,FIRST_PANEL_05_ML_ENGINEER,INTERVIEW,RESERVED,1.0,2026-12-08T14:04:00+09:00,SCHEDULED_ALLOCATION
EA_001093,APP0188_FIRST_INTERVIEW,,FIRST_PANEL_05_HIRING_MANAGER,INTERVIEW,RESERVED,1.0,2026-12-08T14:04:00+09:00,SCHEDULED_ALLOCATION
EA_001094,APP0188_FIRST_INTERVIEW,,FIRST_PANEL_05_TECHNICAL_REVIEWER,INTERVIEW,RESERVED,1.0,2026-12-08T14:04:00+09:00,SCHEDULED_ALLOCATION
EA_001095,APP0188_FIRST_INTERVIEW,APP0188_FIRST_INTERVIEW_FIRST_INTERVIEW_SESSION,FIRST_PANEL_05_ML_ENGINEER,INTERVIEW,CONSUMED,1.0,2027-01-21T10:00:00+09:00,ACTUAL_PARTICIPATION
EA_001096,APP0188_FIRST_INTERVIEW,APP0188_FIRST_INTERVIEW_FIRST_INTERVIEW_SESSION,FIRST_PANEL_05_HIRING_MANAGER,INTERVIEW,CONSUMED,1.0,2027-01-21T10:00:00+09:00,ACTUAL_PARTICIPATION
EA_001097,APP0188_FIRST_INTERVIEW,APP0188_FIRST_INTERVIEW_FIRST_INTERVIEW_SESSION,FIRST_PANEL_05_TECHNICAL_REVIEWER,INTERVIEW,CONSUMED,1.0,2027-01-21T10:00:00+09:00,ACTUAL_PARTICIPATION
EA_001098,APP0188_FIRST_INTERVIEW,APP0188_FIRST_INTERVIEW_CALIBRATION,FIRST_PANEL_05_ML_ENGINEER,CALIBRATION,RESERVED,0.25,2027-01-21T10:00:00+09:00,CALIBRATION_REQUIRED
EA_001099,APP0188_FIRST_INTERVIEW,APP0188_FIRST_INTERVIEW_CALIBRATION,FIRST_PANEL_05_ML_ENGINEER,CALIBRATION,CONSUMED,0.25,2027-01-21T10:15:00+09:00,ACTUAL_PARTICIPATION
EA_001100,APP0188_FIRST_INTERVIEW,APP0188_FIRST_INTERVIEW_CALIBRATION,FIRST_PANEL_05_HIRING_MANAGER,CALIBRATION,RESERVED,0.25,2027-01-21T10:00:00+09:00,CALIBRATION_REQUIRED
EA_001101,APP0188_FIRST_INTERVIEW,APP0188_FIRST_INTERVIEW_CALIBRATION,FIRST_PANEL_05_HIRING_MANAGER,CALIBRATION,CONSUMED,0.25,2027-01-21T10:15:00+09:00,ACTUAL_PARTICIPATION
EA_001102,APP0189_FIRST_INTERVIEW,,FIRST_PANEL_06_ML_ENGINEER,INTERVIEW,RESERVED,1.0,2026-12-08T14:04:00+09:00,SCHEDULED_ALLOCATION
EA_001103,APP0189_FIRST_INTERVIEW,,FIRST_PANEL_06_HIRING_MANAGER,INTERVIEW,RESERVED,1.0,2026-12-08T14:04:00+09:00,SCHEDULED_ALLOCATION
EA_001104,APP0189_FIRST_INTERVIEW,,FIRST_PANEL_06_TECHNICAL_REVIEWER,INTERVIEW,RESERVED,1.0,2026-12-08T14:04:00+09:00,SCHEDULED_ALLOCATION
EA_001105,APP0189_FIRST_INTERVIEW,APP0189_FIRST_INTERVIEW_FIRST_INTERVIEW_SESSION,FIRST_PANEL_06_ML_ENGINEER,INTERVIEW,CONSUMED,1.0,2027-01-21T10:00:00+09:00,ACTUAL_PARTICIPATION
EA_001106,APP0189_FIRST_INTERVIEW,APP0189_FIRST_INTERVIEW_FIRST_INTERVIEW_SESSION,FIRST_PANEL_06_HIRING_MANAGER,INTERVIEW,CONSUMED,1.0,2027-01-21T10:00:00+09:00,ACTUAL_PARTICIPATION
EA_001107,APP0189_FIRST_INTERVIEW,APP0189_FIRST_INTERVIEW_FIRST_INTERVIEW_SESSION,FIRST_PANEL_06_TECHNICAL_REVIEWER,INTERVIEW,CONSUMED,1.0,2027-01-21T10:00:00+09:00,ACTUAL_PARTICIPATION
EA_001108,APP0189_FIRST_INTERVIEW,APP0189_FIRST_INTERVIEW_CALIBRATION,FIRST_PANEL_06_ML_ENGINEER,CALIBRATION,RESERVED,0.25,2027-01-21T10:00:00+09:00,CALIBRATION_REQUIRED
EA_001109,APP0189_FIRST_INTERVIEW,APP0189_FIRST_INTERVIEW_CALIBRATION,FIRST_PANEL_06_ML_ENGINEER,CALIBRATION,CONSUMED,0.25,2027-01-21T10:15:00+09:00,ACTUAL_PARTICIPATION
EA_001110,APP0189_FIRST_INTERVIEW,APP0189_FIRST_INTERVIEW_CALIBRATION,FIRST_PANEL_06_HIRING_MANAGER,CALIBRATION,RESERVED,0.25,2027-01-21T10:00:00+09:00,CALIBRATION_REQUIRED
EA_001111,APP0189_FIRST_INTERVIEW,APP0189_FIRST_INTERVIEW_CALIBRATION,FIRST_PANEL_06_HIRING_MANAGER,CALIBRATION,CONSUMED,0.25,2027-01-21T10:15:00+09:00,ACTUAL_PARTICIPATION
EA_001112,APP0193_FIRST_INTERVIEW,,FIRST_PANEL_07_ML_ENGINEER,INTERVIEW,RESERVED,1.0,2026-12-08T14:04:00+09:00,SCHEDULED_ALLOCATION
EA_001113,APP0193_FIRST_INTERVIEW,,FIRST_PANEL_07_HIRING_MANAGER,INTERVIEW,RESERVED,1.0,2026-12-08T14:04:00+09:00,SCHEDULED_ALLOCATION
EA_001114,APP0193_FIRST_INTERVIEW,,FIRST_PANEL_07_TECHNICAL_REVIEWER,INTERVIEW,RESERVED,1.0,2026-12-08T14:04:00+09:00,SCHEDULED_ALLOCATION
EA_001115,APP0193_FIRST_INTERVIEW,APP0193_FIRST_INTERVIEW_FIRST_INTERVIEW_SESSION,FIRST_PANEL_07_ML_ENGINEER,INTERVIEW,CONSUMED,1.0,2027-01-21T10:00:00+09:00,ACTUAL_PARTICIPATION
EA_001116,APP0193_FIRST_INTERVIEW,APP0193_FIRST_INTERVIEW_FIRST_INTERVIEW_SESSION,FIRST_PANEL_07_HIRING_MANAGER,INTERVIEW,CONSUMED,1.0,2027-01-21T10:00:00+09:00,ACTUAL_PARTICIPATION
EA_001117,APP0193_FIRST_INTERVIEW,APP0193_FIRST_INTERVIEW_FIRST_INTERVIEW_SESSION,FIRST_PANEL_07_TECHNICAL_REVIEWER,INTERVIEW,CONSUMED,1.0,2027-01-21T10:00:00+09:00,ACTUAL_PARTICIPATION
EA_001118,APP0193_FIRST_INTERVIEW,APP0193_FIRST_INTERVIEW_CALIBRATION,FIRST_PANEL_07_ML_ENGINEER,CALIBRATION,RESERVED,0.25,2027-01-21T10:00:00+09:00,CALIBRATION_REQUIRED
EA_001119,APP0193_FIRST_INTERVIEW,APP0193_FIRST_INTERVIEW_CALIBRATION,FIRST_PANEL_07_ML_ENGINEER,CALIBRATION,CONSUMED,0.25,2027-01-21T10:15:00+09:00,ACTUAL_PARTICIPATION
EA_001120,APP0193_FIRST_INTERVIEW,APP0193_FIRST_INTERVIEW_CALIBRATION,FIRST_PANEL_07_HIRING_MANAGER,CALIBRATION,RESERVED,0.25,2027-01-21T10:00:00+09:00,CALIBRATION_REQUIRED
EA_001121,APP0193_FIRST_INTERVIEW,APP0193_FIRST_INTERVIEW_CALIBRATION,FIRST_PANEL_07_HIRING_MANAGER,CALIBRATION,CONSUMED,0.25,2027-01-21T10:15:00+09:00,ACTUAL_PARTICIPATION
EA_001122,APP0194_FIRST_INTERVIEW,,FIRST_PANEL_08_ML_ENGINEER,INTERVIEW,RESERVED,1.0,2026-12-08T14:04:00+09:00,SCHEDULED_ALLOCATION
EA_001123,APP0194_FIRST_INTERVIEW,,FIRST_PANEL_08_HIRING_MANAGER,INTERVIEW,RESERVED,1.0,2026-12-08T14:04:00+09:00,SCHEDULED_ALLOCATION
EA_001124,APP0194_FIRST_INTERVIEW,,FIRST_PANEL_08_TECHNICAL_REVIEWER,INTERVIEW,RESERVED,1.0,2026-12-08T14:04:00+09:00,SCHEDULED_ALLOCATION
EA_001125,APP0194_FIRST_INTERVIEW,APP0194_FIRST_INTERVIEW_FIRST_INTERVIEW_SESSION,FIRST_PANEL_08_ML_ENGINEER,INTERVIEW,CONSUMED,1.0,2027-01-21T10:00:00+09:00,ACTUAL_PARTICIPATION
EA_001126,APP0194_FIRST_INTERVIEW,APP0194_FIRST_INTERVIEW_FIRST_INTERVIEW_SESSION,FIRST_PANEL_08_HIRING_MANAGER,INTERVIEW,CONSUMED,1.0,2027-01-21T10:00:00+09:00,ACTUAL_PARTICIPATION
EA_001127,APP0194_FIRST_INTERVIEW,APP0194_FIRST_INTERVIEW_FIRST_INTERVIEW_SESSION,FIRST_PANEL_08_TECHNICAL_REVIEWER,INTERVIEW,CONSUMED,1.0,2027-01-21T10:00:00+09:00,ACTUAL_PARTICIPATION
EA_001128,APP0194_FIRST_INTERVIEW,APP0194_FIRST_INTERVIEW_CALIBRATION,FIRST_PANEL_08_ML_ENGINEER,CALIBRATION,RESERVED,0.25,2027-01-21T10:00:00+09:00,CALIBRATION_REQUIRED
EA_001129,APP0194_FIRST_INTERVIEW,APP0194_FIRST_INTERVIEW_CALIBRATION,FIRST_PANEL_08_ML_ENGINEER,CALIBRATION,CONSUMED,0.25,2027-01-21T10:15:00+09:00,ACTUAL_PARTICIPATION
EA_001130,APP0194_FIRST_INTERVIEW,APP0194_FIRST_INTERVIEW_CALIBRATION,FIRST_PANEL_08_HIRING_MANAGER,CALIBRATION,RESERVED,0.25,2027-01-21T10:00:00+09:00,CALIBRATION_REQUIRED
EA_001131,APP0194_FIRST_INTERVIEW,APP0194_FIRST_INTERVIEW_CALIBRATION,FIRST_PANEL_08_HIRING_MANAGER,CALIBRATION,CONSUMED,0.25,2027-01-21T10:15:00+09:00,ACTUAL_PARTICIPATION
EA_001132,APP0196_FIRST_INTERVIEW,,FIRST_PANEL_09_ML_ENGINEER,INTERVIEW,RESERVED,1.0,2026-12-08T14:04:00+09:00,SCHEDULED_ALLOCATION
EA_001133,APP0196_FIRST_INTERVIEW,,FIRST_PANEL_09_HIRING_MANAGER,INTERVIEW,RESERVED,1.0,2026-12-08T14:04:00+09:00,SCHEDULED_ALLOCATION
EA_001134,APP0196_FIRST_INTERVIEW,,FIRST_PANEL_09_TECHNICAL_REVIEWER,INTERVIEW,RESERVED,1.0,2026-12-08T14:04:00+09:00,SCHEDULED_ALLOCATION
EA_001135,APP0196_FIRST_INTERVIEW,APP0196_FIRST_INTERVIEW_FIRST_INTERVIEW_SESSION,FIRST_PANEL_09_ML_ENGINEER,INTERVIEW,CONSUMED,1.0,2027-01-21T10:00:00+09:00,ACTUAL_PARTICIPATION
EA_001136,APP0196_FIRST_INTERVIEW,APP0196_FIRST_INTERVIEW_FIRST_INTERVIEW_SESSION,FIRST_PANEL_09_HIRING_MANAGER,INTERVIEW,CONSUMED,1.0,2027-01-21T10:00:00+09:00,ACTUAL_PARTICIPATION
EA_001137,APP0196_FIRST_INTERVIEW,APP0196_FIRST_INTERVIEW_FIRST_INTERVIEW_SESSION,FIRST_PANEL_09_TECHNICAL_REVIEWER,INTERVIEW,CONSUMED,1.0,2027-01-21T10:00:00+09:00,ACTUAL_PARTICIPATION
EA_001138,APP0196_FIRST_INTERVIEW,APP0196_FIRST_INTERVIEW_CALIBRATION,FIRST_PANEL_09_ML_ENGINEER,CALIBRATION,RESERVED,0.25,2027-01-21T10:00:00+09:00,CALIBRATION_REQUIRED
EA_001139,APP0196_FIRST_INTERVIEW,APP0196_FIRST_INTERVIEW_CALIBRATION,FIRST_PANEL_09_ML_ENGINEER,CALIBRATION,CONSUMED,0.25,2027-01-21T10:15:00+09:00,ACTUAL_PARTICIPATION
EA_001140,APP0196_FIRST_INTERVIEW,APP0196_FIRST_INTERVIEW_CALIBRATION,FIRST_PANEL_09_HIRING_MANAGER,CALIBRATION,RESERVED,0.25,2027-01-21T10:00:00+09:00,CALIBRATION_REQUIRED
EA_001141,APP0196_FIRST_INTERVIEW,APP0196_FIRST_INTERVIEW_CALIBRATION,FIRST_PANEL_09_HIRING_MANAGER,CALIBRATION,CONSUMED,0.25,2027-01-21T10:15:00+09:00,ACTUAL_PARTICIPATION
EA_001142,APP0199_FIRST_INTERVIEW,,FIRST_PANEL_10_ML_ENGINEER,INTERVIEW,RESERVED,1.0,2026-12-08T14:04:00+09:00,SCHEDULED_ALLOCATION
EA_001143,APP0199_FIRST_INTERVIEW,,FIRST_PANEL_10_HIRING_MANAGER,INTERVIEW,RESERVED,1.0,2026-12-08T14:04:00+09:00,SCHEDULED_ALLOCATION
EA_001144,APP0199_FIRST_INTERVIEW,,FIRST_PANEL_10_TECHNICAL_REVIEWER,INTERVIEW,RESERVED,1.0,2026-12-08T14:04:00+09:00,SCHEDULED_ALLOCATION
EA_001145,APP0199_FIRST_INTERVIEW,APP0199_FIRST_INTERVIEW_FIRST_INTERVIEW_SESSION,FIRST_PANEL_10_ML_ENGINEER,INTERVIEW,CONSUMED,1.0,2027-01-21T10:00:00+09:00,ACTUAL_PARTICIPATION
EA_001146,APP0199_FIRST_INTERVIEW,APP0199_FIRST_INTERVIEW_FIRST_INTERVIEW_SESSION,FIRST_PANEL_10_HIRING_MANAGER,INTERVIEW,CONSUMED,1.0,2027-01-21T10:00:00+09:00,ACTUAL_PARTICIPATION
EA_001147,APP0199_FIRST_INTERVIEW,APP0199_FIRST_INTERVIEW_FIRST_INTERVIEW_SESSION,FIRST_PANEL_10_TECHNICAL_REVIEWER,INTERVIEW,CONSUMED,1.0,2027-01-21T10:00:00+09:00,ACTUAL_PARTICIPATION
EA_001148,APP0199_FIRST_INTERVIEW,APP0199_FIRST_INTERVIEW_CALIBRATION,FIRST_PANEL_10_ML_ENGINEER,CALIBRATION,RESERVED,0.25,2027-01-21T10:00:00+09:00,CALIBRATION_REQUIRED
EA_001149,APP0199_FIRST_INTERVIEW,APP0199_FIRST_INTERVIEW_CALIBRATION,FIRST_PANEL_10_ML_ENGINEER,CALIBRATION,CONSUMED,0.25,2027-01-21T10:15:00+09:00,ACTUAL_PARTICIPATION
EA_001150,APP0199_FIRST_INTERVIEW,APP0199_FIRST_INTERVIEW_CALIBRATION,FIRST_PANEL_10_HIRING_MANAGER,CALIBRATION,RESERVED,0.25,2027-01-21T10:00:00+09:00,CALIBRATION_REQUIRED
EA_001151,APP0199_FIRST_INTERVIEW,APP0199_FIRST_INTERVIEW_CALIBRATION,FIRST_PANEL_10_HIRING_MANAGER,CALIBRATION,CONSUMED,0.25,2027-01-21T10:15:00+09:00,ACTUAL_PARTICIPATION
EA_001152,APP0201_FIRST_INTERVIEW,,FIRST_PANEL_01_ML_ENGINEER,INTERVIEW,RESERVED,1.0,2026-12-08T14:04:00+09:00,SCHEDULED_ALLOCATION
EA_001153,APP0201_FIRST_INTERVIEW,,FIRST_PANEL_01_HIRING_MANAGER,INTERVIEW,RESERVED,1.0,2026-12-08T14:04:00+09:00,SCHEDULED_ALLOCATION
EA_001154,APP0201_FIRST_INTERVIEW,,FIRST_PANEL_01_TECHNICAL_REVIEWER,INTERVIEW,RESERVED,1.0,2026-12-08T14:04:00+09:00,SCHEDULED_ALLOCATION
EA_001155,APP0201_FIRST_INTERVIEW,,FIRST_PANEL_01_ML_ENGINEER,INTERVIEW,RELEASED,1.0,2027-01-26T09:00:00+09:00,NO_RESPONSE_UNUSED
EA_001156,APP0201_FIRST_INTERVIEW,,FIRST_PANEL_01_HIRING_MANAGER,INTERVIEW,RELEASED,1.0,2027-01-26T09:00:00+09:00,NO_RESPONSE_UNUSED
EA_001157,APP0201_FIRST_INTERVIEW,,FIRST_PANEL_01_TECHNICAL_REVIEWER,INTERVIEW,RELEASED,1.0,2027-01-26T09:00:00+09:00,NO_RESPONSE_UNUSED
EA_001158,APP0202_FIRST_INTERVIEW,,FIRST_PANEL_02_ML_ENGINEER,INTERVIEW,RESERVED,1.0,2026-12-08T14:04:00+09:00,SCHEDULED_ALLOCATION
EA_001159,APP0202_FIRST_INTERVIEW,,FIRST_PANEL_02_HIRING_MANAGER,INTERVIEW,RESERVED,1.0,2026-12-08T14:04:00+09:00,SCHEDULED_ALLOCATION
EA_001160,APP0202_FIRST_INTERVIEW,,FIRST_PANEL_02_TECHNICAL_REVIEWER,INTERVIEW,RESERVED,1.0,2026-12-08T14:04:00+09:00,SCHEDULED_ALLOCATION
EA_001161,APP0202_FIRST_INTERVIEW,APP0202_FIRST_INTERVIEW_FIRST_INTERVIEW_SESSION,FIRST_PANEL_02_ML_ENGINEER,INTERVIEW,CONSUMED,1.0,2027-01-25T10:00:00+09:00,ACTUAL_PARTICIPATION
EA_001162,APP0202_FIRST_INTERVIEW,APP0202_FIRST_INTERVIEW_FIRST_INTERVIEW_SESSION,FIRST_PANEL_02_HIRING_MANAGER,INTERVIEW,CONSUMED,1.0,2027-01-25T10:00:00+09:00,ACTUAL_PARTICIPATION
EA_001163,APP0202_FIRST_INTERVIEW,APP0202_FIRST_INTERVIEW_FIRST_INTERVIEW_SESSION,FIRST_PANEL_02_TECHNICAL_REVIEWER,INTERVIEW,CONSUMED,1.0,2027-01-25T10:00:00+09:00,ACTUAL_PARTICIPATION
EA_001164,APP0202_FIRST_INTERVIEW,APP0202_FIRST_INTERVIEW_CALIBRATION,FIRST_PANEL_02_ML_ENGINEER,CALIBRATION,RESERVED,0.25,2027-01-25T10:00:00+09:00,CALIBRATION_REQUIRED
EA_001165,APP0202_FIRST_INTERVIEW,APP0202_FIRST_INTERVIEW_CALIBRATION,FIRST_PANEL_02_ML_ENGINEER,CALIBRATION,CONSUMED,0.25,2027-01-25T10:15:00+09:00,ACTUAL_PARTICIPATION
EA_001166,APP0202_FIRST_INTERVIEW,APP0202_FIRST_INTERVIEW_CALIBRATION,FIRST_PANEL_02_HIRING_MANAGER,CALIBRATION,RESERVED,0.25,2027-01-25T10:00:00+09:00,CALIBRATION_REQUIRED
EA_001167,APP0202_FIRST_INTERVIEW,APP0202_FIRST_INTERVIEW_CALIBRATION,FIRST_PANEL_02_HIRING_MANAGER,CALIBRATION,CONSUMED,0.25,2027-01-25T10:15:00+09:00,ACTUAL_PARTICIPATION
EA_001168,APP0205_FIRST_INTERVIEW,,FIRST_PANEL_03_ML_ENGINEER,INTERVIEW,RESERVED,1.0,2026-12-08T14:04:00+09:00,SCHEDULED_ALLOCATION
EA_001169,APP0205_FIRST_INTERVIEW,,FIRST_PANEL_03_HIRING_MANAGER,INTERVIEW,RESERVED,1.0,2026-12-08T14:04:00+09:00,SCHEDULED_ALLOCATION
EA_001170,APP0205_FIRST_INTERVIEW,,FIRST_PANEL_03_TECHNICAL_REVIEWER,INTERVIEW,RESERVED,1.0,2026-12-08T14:04:00+09:00,SCHEDULED_ALLOCATION
EA_001171,APP0205_FIRST_INTERVIEW,APP0205_FIRST_INTERVIEW_FIRST_INTERVIEW_SESSION,FIRST_PANEL_03_ML_ENGINEER,INTERVIEW,CONSUMED,1.0,2027-01-25T10:00:00+09:00,ACTUAL_PARTICIPATION
EA_001172,APP0205_FIRST_INTERVIEW,APP0205_FIRST_INTERVIEW_FIRST_INTERVIEW_SESSION,FIRST_PANEL_03_HIRING_MANAGER,INTERVIEW,CONSUMED,1.0,2027-01-25T10:00:00+09:00,ACTUAL_PARTICIPATION
EA_001173,APP0205_FIRST_INTERVIEW,APP0205_FIRST_INTERVIEW_FIRST_INTERVIEW_SESSION,FIRST_PANEL_03_TECHNICAL_REVIEWER,INTERVIEW,CONSUMED,1.0,2027-01-25T10:00:00+09:00,ACTUAL_PARTICIPATION
EA_001174,APP0205_FIRST_INTERVIEW,APP0205_FIRST_INTERVIEW_CALIBRATION,FIRST_PANEL_03_ML_ENGINEER,CALIBRATION,RESERVED,0.25,2027-01-25T10:00:00+09:00,CALIBRATION_REQUIRED
EA_001175,APP0205_FIRST_INTERVIEW,APP0205_FIRST_INTERVIEW_CALIBRATION,FIRST_PANEL_03_ML_ENGINEER,CALIBRATION,CONSUMED,0.25,2027-01-25T10:15:00+09:00,ACTUAL_PARTICIPATION
EA_001176,APP0205_FIRST_INTERVIEW,APP0205_FIRST_INTERVIEW_CALIBRATION,FIRST_PANEL_03_HIRING_MANAGER,CALIBRATION,RESERVED,0.25,2027-01-25T10:00:00+09:00,CALIBRATION_REQUIRED
EA_001177,APP0205_FIRST_INTERVIEW,APP0205_FIRST_INTERVIEW_CALIBRATION,FIRST_PANEL_03_HIRING_MANAGER,CALIBRATION,CONSUMED,0.25,2027-01-25T10:15:00+09:00,ACTUAL_PARTICIPATION
EA_001178,APP0209_FIRST_INTERVIEW,,FIRST_PANEL_04_ML_ENGINEER,INTERVIEW,RESERVED,1.0,2026-12-08T14:04:00+09:00,SCHEDULED_ALLOCATION
EA_001179,APP0209_FIRST_INTERVIEW,,FIRST_PANEL_04_HIRING_MANAGER,INTERVIEW,RESERVED,1.0,2026-12-08T14:04:00+09:00,SCHEDULED_ALLOCATION
EA_001180,APP0209_FIRST_INTERVIEW,,FIRST_PANEL_04_TECHNICAL_REVIEWER,INTERVIEW,RESERVED,1.0,2026-12-08T14:04:00+09:00,SCHEDULED_ALLOCATION
EA_001181,APP0209_FIRST_INTERVIEW,APP0209_FIRST_INTERVIEW_FIRST_INTERVIEW_SESSION,FIRST_PANEL_04_ML_ENGINEER,INTERVIEW,CONSUMED,1.0,2027-01-25T10:00:00+09:00,ACTUAL_PARTICIPATION
EA_001182,APP0209_FIRST_INTERVIEW,APP0209_FIRST_INTERVIEW_FIRST_INTERVIEW_SESSION,FIRST_PANEL_04_HIRING_MANAGER,INTERVIEW,CONSUMED,1.0,2027-01-25T10:00:00+09:00,ACTUAL_PARTICIPATION
EA_001183,APP0209_FIRST_INTERVIEW,APP0209_FIRST_INTERVIEW_FIRST_INTERVIEW_SESSION,FIRST_PANEL_04_TECHNICAL_REVIEWER,INTERVIEW,CONSUMED,1.0,2027-01-25T10:00:00+09:00,ACTUAL_PARTICIPATION
EA_001184,APP0209_FIRST_INTERVIEW,APP0209_FIRST_INTERVIEW_CALIBRATION,FIRST_PANEL_04_ML_ENGINEER,CALIBRATION,RESERVED,0.25,2027-01-25T10:00:00+09:00,CALIBRATION_REQUIRED
EA_001185,APP0209_FIRST_INTERVIEW,APP0209_FIRST_INTERVIEW_CALIBRATION,FIRST_PANEL_04_ML_ENGINEER,CALIBRATION,CONSUMED,0.25,2027-01-25T10:15:00+09:00,ACTUAL_PARTICIPATION
EA_001186,APP0209_FIRST_INTERVIEW,APP0209_FIRST_INTERVIEW_CALIBRATION,FIRST_PANEL_04_HIRING_MANAGER,CALIBRATION,RESERVED,0.25,2027-01-25T10:00:00+09:00,CALIBRATION_REQUIRED
EA_001187,APP0209_FIRST_INTERVIEW,APP0209_FIRST_INTERVIEW_CALIBRATION,FIRST_PANEL_04_HIRING_MANAGER,CALIBRATION,CONSUMED,0.25,2027-01-25T10:15:00+09:00,ACTUAL_PARTICIPATION
EA_001188,APP0210_FIRST_INTERVIEW,,FIRST_PANEL_05_ML_ENGINEER,INTERVIEW,RESERVED,1.0,2026-12-08T14:04:00+09:00,SCHEDULED_ALLOCATION
EA_001189,APP0210_FIRST_INTERVIEW,,FIRST_PANEL_05_HIRING_MANAGER,INTERVIEW,RESERVED,1.0,2026-12-08T14:04:00+09:00,SCHEDULED_ALLOCATION
EA_001190,APP0210_FIRST_INTERVIEW,,FIRST_PANEL_05_TECHNICAL_REVIEWER,INTERVIEW,RESERVED,1.0,2026-12-08T14:04:00+09:00,SCHEDULED_ALLOCATION
EA_001191,APP0210_FIRST_INTERVIEW,APP0210_FIRST_INTERVIEW_FIRST_INTERVIEW_SESSION,FIRST_PANEL_05_ML_ENGINEER,INTERVIEW,CONSUMED,1.0,2027-01-25T10:00:00+09:00,ACTUAL_PARTICIPATION
EA_001192,APP0210_FIRST_INTERVIEW,APP0210_FIRST_INTERVIEW_FIRST_INTERVIEW_SESSION,FIRST_PANEL_05_HIRING_MANAGER,INTERVIEW,CONSUMED,1.0,2027-01-25T10:00:00+09:00,ACTUAL_PARTICIPATION
EA_001193,APP0210_FIRST_INTERVIEW,APP0210_FIRST_INTERVIEW_FIRST_INTERVIEW_SESSION,FIRST_PANEL_05_TECHNICAL_REVIEWER,INTERVIEW,CONSUMED,1.0,2027-01-25T10:00:00+09:00,ACTUAL_PARTICIPATION
EA_001194,APP0210_FIRST_INTERVIEW,APP0210_FIRST_INTERVIEW_CALIBRATION,FIRST_PANEL_05_ML_ENGINEER,CALIBRATION,RESERVED,0.25,2027-01-25T10:00:00+09:00,CALIBRATION_REQUIRED
EA_001195,APP0210_FIRST_INTERVIEW,APP0210_FIRST_INTERVIEW_CALIBRATION,FIRST_PANEL_05_ML_ENGINEER,CALIBRATION,CONSUMED,0.25,2027-01-25T10:15:00+09:00,ACTUAL_PARTICIPATION
EA_001196,APP0210_FIRST_INTERVIEW,APP0210_FIRST_INTERVIEW_CALIBRATION,FIRST_PANEL_05_HIRING_MANAGER,CALIBRATION,RESERVED,0.25,2027-01-25T10:00:00+09:00,CALIBRATION_REQUIRED
EA_001197,APP0210_FIRST_INTERVIEW,APP0210_FIRST_INTERVIEW_CALIBRATION,FIRST_PANEL_05_HIRING_MANAGER,CALIBRATION,CONSUMED,0.25,2027-01-25T10:15:00+09:00,ACTUAL_PARTICIPATION
EA_001198,APP0215_FIRST_INTERVIEW,,FIRST_PANEL_06_ML_ENGINEER,INTERVIEW,RESERVED,1.0,2026-12-08T14:04:00+09:00,SCHEDULED_ALLOCATION
EA_001199,APP0215_FIRST_INTERVIEW,,FIRST_PANEL_06_HIRING_MANAGER,INTERVIEW,RESERVED,1.0,2026-12-08T14:04:00+09:00,SCHEDULED_ALLOCATION
EA_001200,APP0215_FIRST_INTERVIEW,,FIRST_PANEL_06_TECHNICAL_REVIEWER,INTERVIEW,RESERVED,1.0,2026-12-08T14:04:00+09:00,SCHEDULED_ALLOCATION
EA_001201,APP0215_FIRST_INTERVIEW,APP0215_FIRST_INTERVIEW_FIRST_INTERVIEW_SESSION,FIRST_PANEL_06_ML_ENGINEER,INTERVIEW,CONSUMED,1.0,2027-01-25T10:00:00+09:00,ACTUAL_PARTICIPATION
EA_001202,APP0215_FIRST_INTERVIEW,APP0215_FIRST_INTERVIEW_FIRST_INTERVIEW_SESSION,FIRST_PANEL_06_HIRING_MANAGER,INTERVIEW,CONSUMED,1.0,2027-01-25T10:00:00+09:00,ACTUAL_PARTICIPATION
EA_001203,APP0215_FIRST_INTERVIEW,APP0215_FIRST_INTERVIEW_FIRST_INTERVIEW_SESSION,FIRST_PANEL_06_TECHNICAL_REVIEWER,INTERVIEW,CONSUMED,1.0,2027-01-25T10:00:00+09:00,ACTUAL_PARTICIPATION
EA_001204,APP0215_FIRST_INTERVIEW,APP0215_FIRST_INTERVIEW_CALIBRATION,FIRST_PANEL_06_ML_ENGINEER,CALIBRATION,RESERVED,0.25,2027-01-25T10:00:00+09:00,CALIBRATION_REQUIRED
EA_001205,APP0215_FIRST_INTERVIEW,APP0215_FIRST_INTERVIEW_CALIBRATION,FIRST_PANEL_06_ML_ENGINEER,CALIBRATION,CONSUMED,0.25,2027-01-25T10:15:00+09:00,ACTUAL_PARTICIPATION
EA_001206,APP0215_FIRST_INTERVIEW,APP0215_FIRST_INTERVIEW_CALIBRATION,FIRST_PANEL_06_HIRING_MANAGER,CALIBRATION,RESERVED,0.25,2027-01-25T10:00:00+09:00,CALIBRATION_REQUIRED
EA_001207,APP0215_FIRST_INTERVIEW,APP0215_FIRST_INTERVIEW_CALIBRATION,FIRST_PANEL_06_HIRING_MANAGER,CALIBRATION,CONSUMED,0.25,2027-01-25T10:15:00+09:00,ACTUAL_PARTICIPATION
EA_001208,APP0216_FIRST_INTERVIEW,,FIRST_PANEL_07_ML_ENGINEER,INTERVIEW,RESERVED,1.0,2026-12-08T14:04:00+09:00,SCHEDULED_ALLOCATION
EA_001209,APP0216_FIRST_INTERVIEW,,FIRST_PANEL_07_HIRING_MANAGER,INTERVIEW,RESERVED,1.0,2026-12-08T14:04:00+09:00,SCHEDULED_ALLOCATION
EA_001210,APP0216_FIRST_INTERVIEW,,FIRST_PANEL_07_TECHNICAL_REVIEWER,INTERVIEW,RESERVED,1.0,2026-12-08T14:04:00+09:00,SCHEDULED_ALLOCATION
EA_001211,APP0216_FIRST_INTERVIEW,APP0216_FIRST_INTERVIEW_FIRST_INTERVIEW_SESSION,FIRST_PANEL_07_ML_ENGINEER,INTERVIEW,CONSUMED,1.0,2027-01-25T10:00:00+09:00,ACTUAL_PARTICIPATION
EA_001212,APP0216_FIRST_INTERVIEW,APP0216_FIRST_INTERVIEW_FIRST_INTERVIEW_SESSION,FIRST_PANEL_07_HIRING_MANAGER,INTERVIEW,CONSUMED,1.0,2027-01-25T10:00:00+09:00,ACTUAL_PARTICIPATION
EA_001213,APP0216_FIRST_INTERVIEW,APP0216_FIRST_INTERVIEW_FIRST_INTERVIEW_SESSION,FIRST_PANEL_07_TECHNICAL_REVIEWER,INTERVIEW,CONSUMED,1.0,2027-01-25T10:00:00+09:00,ACTUAL_PARTICIPATION
EA_001214,APP0216_FIRST_INTERVIEW,APP0216_FIRST_INTERVIEW_CALIBRATION,FIRST_PANEL_07_ML_ENGINEER,CALIBRATION,RESERVED,0.25,2027-01-25T10:00:00+09:00,CALIBRATION_REQUIRED
EA_001215,APP0216_FIRST_INTERVIEW,APP0216_FIRST_INTERVIEW_CALIBRATION,FIRST_PANEL_07_ML_ENGINEER,CALIBRATION,CONSUMED,0.25,2027-01-25T10:15:00+09:00,ACTUAL_PARTICIPATION
EA_001216,APP0216_FIRST_INTERVIEW,APP0216_FIRST_INTERVIEW_CALIBRATION,FIRST_PANEL_07_HIRING_MANAGER,CALIBRATION,RESERVED,0.25,2027-01-25T10:00:00+09:00,CALIBRATION_REQUIRED
EA_001217,APP0216_FIRST_INTERVIEW,APP0216_FIRST_INTERVIEW_CALIBRATION,FIRST_PANEL_07_HIRING_MANAGER,CALIBRATION,CONSUMED,0.25,2027-01-25T10:15:00+09:00,ACTUAL_PARTICIPATION
EA_001218,APP0217_FIRST_INTERVIEW,,FIRST_PANEL_08_ML_ENGINEER,INTERVIEW,RESERVED,1.0,2026-12-08T14:04:00+09:00,SCHEDULED_ALLOCATION
EA_001219,APP0217_FIRST_INTERVIEW,,FIRST_PANEL_08_HIRING_MANAGER,INTERVIEW,RESERVED,1.0,2026-12-08T14:04:00+09:00,SCHEDULED_ALLOCATION
EA_001220,APP0217_FIRST_INTERVIEW,,FIRST_PANEL_08_TECHNICAL_REVIEWER,INTERVIEW,RESERVED,1.0,2026-12-08T14:04:00+09:00,SCHEDULED_ALLOCATION
EA_001221,APP0217_FIRST_INTERVIEW,,FIRST_PANEL_08_ML_ENGINEER,INTERVIEW,RELEASED,1.0,2027-01-26T09:00:00+09:00,NO_RESPONSE_UNUSED
EA_001222,APP0217_FIRST_INTERVIEW,,FIRST_PANEL_08_HIRING_MANAGER,INTERVIEW,RELEASED,1.0,2027-01-26T09:00:00+09:00,NO_RESPONSE_UNUSED
EA_001223,APP0217_FIRST_INTERVIEW,,FIRST_PANEL_08_TECHNICAL_REVIEWER,INTERVIEW,RELEASED,1.0,2027-01-26T09:00:00+09:00,NO_RESPONSE_UNUSED
EA_001224,APP0219_FIRST_INTERVIEW,,FIRST_PANEL_09_ML_ENGINEER,INTERVIEW,RESERVED,1.0,2026-12-08T14:04:00+09:00,SCHEDULED_ALLOCATION
EA_001225,APP0219_FIRST_INTERVIEW,,FIRST_PANEL_09_HIRING_MANAGER,INTERVIEW,RESERVED,1.0,2026-12-08T14:04:00+09:00,SCHEDULED_ALLOCATION
EA_001226,APP0219_FIRST_INTERVIEW,,FIRST_PANEL_09_TECHNICAL_REVIEWER,INTERVIEW,RESERVED,1.0,2026-12-08T14:04:00+09:00,SCHEDULED_ALLOCATION
EA_001227,APP0219_FIRST_INTERVIEW,APP0219_FIRST_INTERVIEW_FIRST_INTERVIEW_SESSION,FIRST_PANEL_09_ML_ENGINEER,INTERVIEW,CONSUMED,1.0,2027-01-25T10:00:00+09:00,ACTUAL_PARTICIPATION
EA_001228,APP0219_FIRST_INTERVIEW,APP0219_FIRST_INTERVIEW_FIRST_INTERVIEW_SESSION,FIRST_PANEL_09_HIRING_MANAGER,INTERVIEW,CONSUMED,1.0,2027-01-25T10:00:00+09:00,ACTUAL_PARTICIPATION
EA_001229,APP0219_FIRST_INTERVIEW,APP0219_FIRST_INTERVIEW_FIRST_INTERVIEW_SESSION,FIRST_PANEL_09_TECHNICAL_REVIEWER,INTERVIEW,CONSUMED,1.0,2027-01-25T10:00:00+09:00,ACTUAL_PARTICIPATION
EA_001230,APP0219_FIRST_INTERVIEW,APP0219_FIRST_INTERVIEW_CALIBRATION,FIRST_PANEL_09_ML_ENGINEER,CALIBRATION,RESERVED,0.25,2027-01-25T10:00:00+09:00,CALIBRATION_REQUIRED
EA_001231,APP0219_FIRST_INTERVIEW,APP0219_FIRST_INTERVIEW_CALIBRATION,FIRST_PANEL_09_ML_ENGINEER,CALIBRATION,CONSUMED,0.25,2027-01-25T10:15:00+09:00,ACTUAL_PARTICIPATION
EA_001232,APP0219_FIRST_INTERVIEW,APP0219_FIRST_INTERVIEW_CALIBRATION,FIRST_PANEL_09_HIRING_MANAGER,CALIBRATION,RESERVED,0.25,2027-01-25T10:00:00+09:00,CALIBRATION_REQUIRED
EA_001233,APP0219_FIRST_INTERVIEW,APP0219_FIRST_INTERVIEW_CALIBRATION,FIRST_PANEL_09_HIRING_MANAGER,CALIBRATION,CONSUMED,0.25,2027-01-25T10:15:00+09:00,ACTUAL_PARTICIPATION
EA_001234,APP0220_FIRST_INTERVIEW,,FIRST_PANEL_10_ML_ENGINEER,INTERVIEW,RESERVED,1.0,2026-12-08T14:04:00+09:00,SCHEDULED_ALLOCATION
EA_001235,APP0220_FIRST_INTERVIEW,,FIRST_PANEL_10_HIRING_MANAGER,INTERVIEW,RESERVED,1.0,2026-12-08T14:04:00+09:00,SCHEDULED_ALLOCATION
EA_001236,APP0220_FIRST_INTERVIEW,,FIRST_PANEL_10_TECHNICAL_REVIEWER,INTERVIEW,RESERVED,1.0,2026-12-08T14:04:00+09:00,SCHEDULED_ALLOCATION
EA_001237,APP0220_FIRST_INTERVIEW,APP0220_FIRST_INTERVIEW_FIRST_INTERVIEW_SESSION,FIRST_PANEL_10_ML_ENGINEER,INTERVIEW,CONSUMED,1.0,2027-01-25T10:00:00+09:00,ACTUAL_PARTICIPATION
EA_001238,APP0220_FIRST_INTERVIEW,APP0220_FIRST_INTERVIEW_FIRST_INTERVIEW_SESSION,FIRST_PANEL_10_HIRING_MANAGER,INTERVIEW,CONSUMED,1.0,2027-01-25T10:00:00+09:00,ACTUAL_PARTICIPATION
EA_001239,APP0220_FIRST_INTERVIEW,APP0220_FIRST_INTERVIEW_FIRST_INTERVIEW_SESSION,FIRST_PANEL_10_TECHNICAL_REVIEWER,INTERVIEW,CONSUMED,1.0,2027-01-25T10:00:00+09:00,ACTUAL_PARTICIPATION
EA_001240,APP0220_FIRST_INTERVIEW,APP0220_FIRST_INTERVIEW_CALIBRATION,FIRST_PANEL_10_ML_ENGINEER,CALIBRATION,RESERVED,0.25,2027-01-25T10:00:00+09:00,CALIBRATION_REQUIRED
EA_001241,APP0220_FIRST_INTERVIEW,APP0220_FIRST_INTERVIEW_CALIBRATION,FIRST_PANEL_10_ML_ENGINEER,CALIBRATION,CONSUMED,0.25,2027-01-25T10:15:00+09:00,ACTUAL_PARTICIPATION
EA_001242,APP0220_FIRST_INTERVIEW,APP0220_FIRST_INTERVIEW_CALIBRATION,FIRST_PANEL_10_HIRING_MANAGER,CALIBRATION,RESERVED,0.25,2027-01-25T10:00:00+09:00,CALIBRATION_REQUIRED
EA_001243,APP0220_FIRST_INTERVIEW,APP0220_FIRST_INTERVIEW_CALIBRATION,FIRST_PANEL_10_HIRING_MANAGER,CALIBRATION,CONSUMED,0.25,2027-01-25T10:15:00+09:00,ACTUAL_PARTICIPATION
EA_001244,APP0222_FIRST_INTERVIEW,,FIRST_PANEL_01_ML_ENGINEER,INTERVIEW,RESERVED,1.0,2026-12-08T14:04:00+09:00,SCHEDULED_ALLOCATION
EA_001245,APP0222_FIRST_INTERVIEW,,FIRST_PANEL_01_HIRING_MANAGER,INTERVIEW,RESERVED,1.0,2026-12-08T14:04:00+09:00,SCHEDULED_ALLOCATION
EA_001246,APP0222_FIRST_INTERVIEW,,FIRST_PANEL_01_TECHNICAL_REVIEWER,INTERVIEW,RESERVED,1.0,2026-12-08T14:04:00+09:00,SCHEDULED_ALLOCATION
EA_001247,APP0222_FIRST_INTERVIEW,,FIRST_PANEL_01_ML_ENGINEER,INTERVIEW,RELEASED,1.0,2027-01-29T09:00:00+09:00,NO_RESPONSE_UNUSED
EA_001248,APP0222_FIRST_INTERVIEW,,FIRST_PANEL_01_HIRING_MANAGER,INTERVIEW,RELEASED,1.0,2027-01-29T09:00:00+09:00,NO_RESPONSE_UNUSED
EA_001249,APP0222_FIRST_INTERVIEW,,FIRST_PANEL_01_TECHNICAL_REVIEWER,INTERVIEW,RELEASED,1.0,2027-01-29T09:00:00+09:00,NO_RESPONSE_UNUSED
EA_001250,APP0223_FIRST_INTERVIEW,,FIRST_PANEL_02_ML_ENGINEER,INTERVIEW,RESERVED,1.0,2026-12-08T14:04:00+09:00,SCHEDULED_ALLOCATION
EA_001251,APP0223_FIRST_INTERVIEW,,FIRST_PANEL_02_HIRING_MANAGER,INTERVIEW,RESERVED,1.0,2026-12-08T14:04:00+09:00,SCHEDULED_ALLOCATION
EA_001252,APP0223_FIRST_INTERVIEW,,FIRST_PANEL_02_TECHNICAL_REVIEWER,INTERVIEW,RESERVED,1.0,2026-12-08T14:04:00+09:00,SCHEDULED_ALLOCATION
EA_001253,APP0223_FIRST_INTERVIEW,APP0223_FIRST_INTERVIEW_FIRST_INTERVIEW_SESSION,FIRST_PANEL_02_ML_ENGINEER,INTERVIEW,CONSUMED,1.0,2027-01-28T10:00:00+09:00,ACTUAL_PARTICIPATION
EA_001254,APP0223_FIRST_INTERVIEW,APP0223_FIRST_INTERVIEW_FIRST_INTERVIEW_SESSION,FIRST_PANEL_02_HIRING_MANAGER,INTERVIEW,CONSUMED,1.0,2027-01-28T10:00:00+09:00,ACTUAL_PARTICIPATION
EA_001255,APP0223_FIRST_INTERVIEW,APP0223_FIRST_INTERVIEW_FIRST_INTERVIEW_SESSION,FIRST_PANEL_02_TECHNICAL_REVIEWER,INTERVIEW,CONSUMED,1.0,2027-01-28T10:00:00+09:00,ACTUAL_PARTICIPATION
EA_001256,APP0223_FIRST_INTERVIEW,APP0223_FIRST_INTERVIEW_CALIBRATION,FIRST_PANEL_02_ML_ENGINEER,CALIBRATION,RESERVED,0.25,2027-01-28T10:00:00+09:00,CALIBRATION_REQUIRED
EA_001257,APP0223_FIRST_INTERVIEW,APP0223_FIRST_INTERVIEW_CALIBRATION,FIRST_PANEL_02_ML_ENGINEER,CALIBRATION,CONSUMED,0.25,2027-01-28T10:15:00+09:00,ACTUAL_PARTICIPATION
EA_001258,APP0223_FIRST_INTERVIEW,APP0223_FIRST_INTERVIEW_CALIBRATION,FIRST_PANEL_02_HIRING_MANAGER,CALIBRATION,RESERVED,0.25,2027-01-28T10:00:00+09:00,CALIBRATION_REQUIRED
EA_001259,APP0223_FIRST_INTERVIEW,APP0223_FIRST_INTERVIEW_CALIBRATION,FIRST_PANEL_02_HIRING_MANAGER,CALIBRATION,CONSUMED,0.25,2027-01-28T10:15:00+09:00,ACTUAL_PARTICIPATION
EA_001260,APP0225_FIRST_INTERVIEW,,FIRST_PANEL_03_ML_ENGINEER,INTERVIEW,RESERVED,1.0,2026-12-08T14:04:00+09:00,SCHEDULED_ALLOCATION
EA_001261,APP0225_FIRST_INTERVIEW,,FIRST_PANEL_03_HIRING_MANAGER,INTERVIEW,RESERVED,1.0,2026-12-08T14:04:00+09:00,SCHEDULED_ALLOCATION
EA_001262,APP0225_FIRST_INTERVIEW,,FIRST_PANEL_03_TECHNICAL_REVIEWER,INTERVIEW,RESERVED,1.0,2026-12-08T14:04:00+09:00,SCHEDULED_ALLOCATION
EA_001263,APP0225_FIRST_INTERVIEW,APP0225_FIRST_INTERVIEW_FIRST_INTERVIEW_SESSION,FIRST_PANEL_03_ML_ENGINEER,INTERVIEW,CONSUMED,1.0,2027-01-28T10:00:00+09:00,ACTUAL_PARTICIPATION
EA_001264,APP0225_FIRST_INTERVIEW,APP0225_FIRST_INTERVIEW_FIRST_INTERVIEW_SESSION,FIRST_PANEL_03_HIRING_MANAGER,INTERVIEW,CONSUMED,1.0,2027-01-28T10:00:00+09:00,ACTUAL_PARTICIPATION
EA_001265,APP0225_FIRST_INTERVIEW,APP0225_FIRST_INTERVIEW_FIRST_INTERVIEW_SESSION,FIRST_PANEL_03_TECHNICAL_REVIEWER,INTERVIEW,CONSUMED,1.0,2027-01-28T10:00:00+09:00,ACTUAL_PARTICIPATION
EA_001266,APP0225_FIRST_INTERVIEW,APP0225_FIRST_INTERVIEW_CALIBRATION,FIRST_PANEL_03_ML_ENGINEER,CALIBRATION,RESERVED,0.25,2027-01-28T10:00:00+09:00,CALIBRATION_REQUIRED
EA_001267,APP0225_FIRST_INTERVIEW,APP0225_FIRST_INTERVIEW_CALIBRATION,FIRST_PANEL_03_ML_ENGINEER,CALIBRATION,CONSUMED,0.25,2027-01-28T10:15:00+09:00,ACTUAL_PARTICIPATION
EA_001268,APP0225_FIRST_INTERVIEW,APP0225_FIRST_INTERVIEW_CALIBRATION,FIRST_PANEL_03_HIRING_MANAGER,CALIBRATION,RESERVED,0.25,2027-01-28T10:00:00+09:00,CALIBRATION_REQUIRED
EA_001269,APP0225_FIRST_INTERVIEW,APP0225_FIRST_INTERVIEW_CALIBRATION,FIRST_PANEL_03_HIRING_MANAGER,CALIBRATION,CONSUMED,0.25,2027-01-28T10:15:00+09:00,ACTUAL_PARTICIPATION
EA_001270,APP0228_FIRST_INTERVIEW,,FIRST_PANEL_04_ML_ENGINEER,INTERVIEW,RESERVED,1.0,2026-12-08T14:04:00+09:00,SCHEDULED_ALLOCATION
EA_001271,APP0228_FIRST_INTERVIEW,,FIRST_PANEL_04_HIRING_MANAGER,INTERVIEW,RESERVED,1.0,2026-12-08T14:04:00+09:00,SCHEDULED_ALLOCATION
EA_001272,APP0228_FIRST_INTERVIEW,,FIRST_PANEL_04_TECHNICAL_REVIEWER,INTERVIEW,RESERVED,1.0,2026-12-08T14:04:00+09:00,SCHEDULED_ALLOCATION
EA_001273,APP0228_FIRST_INTERVIEW,APP0228_FIRST_INTERVIEW_FIRST_INTERVIEW_SESSION,FIRST_PANEL_04_ML_ENGINEER,INTERVIEW,CONSUMED,1.0,2027-01-28T10:00:00+09:00,ACTUAL_PARTICIPATION
EA_001274,APP0228_FIRST_INTERVIEW,APP0228_FIRST_INTERVIEW_FIRST_INTERVIEW_SESSION,FIRST_PANEL_04_HIRING_MANAGER,INTERVIEW,CONSUMED,1.0,2027-01-28T10:00:00+09:00,ACTUAL_PARTICIPATION
EA_001275,APP0228_FIRST_INTERVIEW,APP0228_FIRST_INTERVIEW_FIRST_INTERVIEW_SESSION,FIRST_PANEL_04_TECHNICAL_REVIEWER,INTERVIEW,CONSUMED,1.0,2027-01-28T10:00:00+09:00,ACTUAL_PARTICIPATION
EA_001276,APP0228_FIRST_INTERVIEW,APP0228_FIRST_INTERVIEW_CALIBRATION,FIRST_PANEL_04_ML_ENGINEER,CALIBRATION,RESERVED,0.25,2027-01-28T10:00:00+09:00,CALIBRATION_REQUIRED
EA_001277,APP0228_FIRST_INTERVIEW,APP0228_FIRST_INTERVIEW_CALIBRATION,FIRST_PANEL_04_ML_ENGINEER,CALIBRATION,CONSUMED,0.25,2027-01-28T10:15:00+09:00,ACTUAL_PARTICIPATION
EA_001278,APP0228_FIRST_INTERVIEW,APP0228_FIRST_INTERVIEW_CALIBRATION,FIRST_PANEL_04_HIRING_MANAGER,CALIBRATION,RESERVED,0.25,2027-01-28T10:00:00+09:00,CALIBRATION_REQUIRED
EA_001279,APP0228_FIRST_INTERVIEW,APP0228_FIRST_INTERVIEW_CALIBRATION,FIRST_PANEL_04_HIRING_MANAGER,CALIBRATION,CONSUMED,0.25,2027-01-28T10:15:00+09:00,ACTUAL_PARTICIPATION
EA_001280,APP0230_FIRST_INTERVIEW,,FIRST_PANEL_05_ML_ENGINEER,INTERVIEW,RESERVED,1.0,2026-12-08T14:04:00+09:00,SCHEDULED_ALLOCATION
EA_001281,APP0230_FIRST_INTERVIEW,,FIRST_PANEL_05_HIRING_MANAGER,INTERVIEW,RESERVED,1.0,2026-12-08T14:04:00+09:00,SCHEDULED_ALLOCATION
EA_001282,APP0230_FIRST_INTERVIEW,,FIRST_PANEL_05_TECHNICAL_REVIEWER,INTERVIEW,RESERVED,1.0,2026-12-08T14:04:00+09:00,SCHEDULED_ALLOCATION
EA_001283,APP0230_FIRST_INTERVIEW,APP0230_FIRST_INTERVIEW_FIRST_INTERVIEW_SESSION,FIRST_PANEL_05_ML_ENGINEER,INTERVIEW,CONSUMED,1.0,2027-01-28T10:00:00+09:00,ACTUAL_PARTICIPATION
EA_001284,APP0230_FIRST_INTERVIEW,APP0230_FIRST_INTERVIEW_FIRST_INTERVIEW_SESSION,FIRST_PANEL_05_HIRING_MANAGER,INTERVIEW,CONSUMED,1.0,2027-01-28T10:00:00+09:00,ACTUAL_PARTICIPATION
EA_001285,APP0230_FIRST_INTERVIEW,APP0230_FIRST_INTERVIEW_FIRST_INTERVIEW_SESSION,FIRST_PANEL_05_TECHNICAL_REVIEWER,INTERVIEW,CONSUMED,1.0,2027-01-28T10:00:00+09:00,ACTUAL_PARTICIPATION
EA_001286,APP0230_FIRST_INTERVIEW,APP0230_FIRST_INTERVIEW_CALIBRATION,FIRST_PANEL_05_ML_ENGINEER,CALIBRATION,RESERVED,0.25,2027-01-28T10:00:00+09:00,CALIBRATION_REQUIRED
EA_001287,APP0230_FIRST_INTERVIEW,APP0230_FIRST_INTERVIEW_CALIBRATION,FIRST_PANEL_05_ML_ENGINEER,CALIBRATION,CONSUMED,0.25,2027-01-28T10:15:00+09:00,ACTUAL_PARTICIPATION
EA_001288,APP0230_FIRST_INTERVIEW,APP0230_FIRST_INTERVIEW_CALIBRATION,FIRST_PANEL_05_HIRING_MANAGER,CALIBRATION,RESERVED,0.25,2027-01-28T10:00:00+09:00,CALIBRATION_REQUIRED
EA_001289,APP0230_FIRST_INTERVIEW,APP0230_FIRST_INTERVIEW_CALIBRATION,FIRST_PANEL_05_HIRING_MANAGER,CALIBRATION,CONSUMED,0.25,2027-01-28T10:15:00+09:00,ACTUAL_PARTICIPATION
EA_001290,APP0231_FIRST_INTERVIEW,,FIRST_PANEL_06_ML_ENGINEER,INTERVIEW,RESERVED,1.0,2026-12-08T14:04:00+09:00,SCHEDULED_ALLOCATION
EA_001291,APP0231_FIRST_INTERVIEW,,FIRST_PANEL_06_HIRING_MANAGER,INTERVIEW,RESERVED,1.0,2026-12-08T14:04:00+09:00,SCHEDULED_ALLOCATION
EA_001292,APP0231_FIRST_INTERVIEW,,FIRST_PANEL_06_TECHNICAL_REVIEWER,INTERVIEW,RESERVED,1.0,2026-12-08T14:04:00+09:00,SCHEDULED_ALLOCATION
EA_001293,APP0231_FIRST_INTERVIEW,APP0231_FIRST_INTERVIEW_FIRST_INTERVIEW_SESSION,FIRST_PANEL_06_ML_ENGINEER,INTERVIEW,CONSUMED,1.0,2027-01-28T10:00:00+09:00,ACTUAL_PARTICIPATION
EA_001294,APP0231_FIRST_INTERVIEW,APP0231_FIRST_INTERVIEW_FIRST_INTERVIEW_SESSION,FIRST_PANEL_06_HIRING_MANAGER,INTERVIEW,CONSUMED,1.0,2027-01-28T10:00:00+09:00,ACTUAL_PARTICIPATION
EA_001295,APP0231_FIRST_INTERVIEW,APP0231_FIRST_INTERVIEW_FIRST_INTERVIEW_SESSION,FIRST_PANEL_06_TECHNICAL_REVIEWER,INTERVIEW,CONSUMED,1.0,2027-01-28T10:00:00+09:00,ACTUAL_PARTICIPATION
EA_001296,APP0231_FIRST_INTERVIEW,APP0231_FIRST_INTERVIEW_CALIBRATION,FIRST_PANEL_06_ML_ENGINEER,CALIBRATION,RESERVED,0.25,2027-01-28T10:00:00+09:00,CALIBRATION_REQUIRED
EA_001297,APP0231_FIRST_INTERVIEW,APP0231_FIRST_INTERVIEW_CALIBRATION,FIRST_PANEL_06_ML_ENGINEER,CALIBRATION,CONSUMED,0.25,2027-01-28T10:15:00+09:00,ACTUAL_PARTICIPATION
EA_001298,APP0231_FIRST_INTERVIEW,APP0231_FIRST_INTERVIEW_CALIBRATION,FIRST_PANEL_06_HIRING_MANAGER,CALIBRATION,RESERVED,0.25,2027-01-28T10:00:00+09:00,CALIBRATION_REQUIRED
EA_001299,APP0231_FIRST_INTERVIEW,APP0231_FIRST_INTERVIEW_CALIBRATION,FIRST_PANEL_06_HIRING_MANAGER,CALIBRATION,CONSUMED,0.25,2027-01-28T10:15:00+09:00,ACTUAL_PARTICIPATION
EA_001300,APP0232_FIRST_INTERVIEW,,FIRST_PANEL_07_ML_ENGINEER,INTERVIEW,RESERVED,1.0,2026-12-08T14:04:00+09:00,SCHEDULED_ALLOCATION
EA_001301,APP0232_FIRST_INTERVIEW,,FIRST_PANEL_07_HIRING_MANAGER,INTERVIEW,RESERVED,1.0,2026-12-08T14:04:00+09:00,SCHEDULED_ALLOCATION
EA_001302,APP0232_FIRST_INTERVIEW,,FIRST_PANEL_07_TECHNICAL_REVIEWER,INTERVIEW,RESERVED,1.0,2026-12-08T14:04:00+09:00,SCHEDULED_ALLOCATION
EA_001303,APP0232_FIRST_INTERVIEW,APP0232_FIRST_INTERVIEW_FIRST_INTERVIEW_SESSION,FIRST_PANEL_07_ML_ENGINEER,INTERVIEW,CONSUMED,1.0,2027-01-28T10:00:00+09:00,ACTUAL_PARTICIPATION
EA_001304,APP0232_FIRST_INTERVIEW,APP0232_FIRST_INTERVIEW_FIRST_INTERVIEW_SESSION,FIRST_PANEL_07_HIRING_MANAGER,INTERVIEW,CONSUMED,1.0,2027-01-28T10:00:00+09:00,ACTUAL_PARTICIPATION
EA_001305,APP0232_FIRST_INTERVIEW,APP0232_FIRST_INTERVIEW_FIRST_INTERVIEW_SESSION,FIRST_PANEL_07_TECHNICAL_REVIEWER,INTERVIEW,CONSUMED,1.0,2027-01-28T10:00:00+09:00,ACTUAL_PARTICIPATION
EA_001306,APP0232_FIRST_INTERVIEW,APP0232_FIRST_INTERVIEW_CALIBRATION,FIRST_PANEL_07_ML_ENGINEER,CALIBRATION,RESERVED,0.25,2027-01-28T10:00:00+09:00,CALIBRATION_REQUIRED
EA_001307,APP0232_FIRST_INTERVIEW,APP0232_FIRST_INTERVIEW_CALIBRATION,FIRST_PANEL_07_ML_ENGINEER,CALIBRATION,CONSUMED,0.25,2027-01-28T10:15:00+09:00,ACTUAL_PARTICIPATION
EA_001308,APP0232_FIRST_INTERVIEW,APP0232_FIRST_INTERVIEW_CALIBRATION,FIRST_PANEL_07_HIRING_MANAGER,CALIBRATION,RESERVED,0.25,2027-01-28T10:00:00+09:00,CALIBRATION_REQUIRED
EA_001309,APP0232_FIRST_INTERVIEW,APP0232_FIRST_INTERVIEW_CALIBRATION,FIRST_PANEL_07_HIRING_MANAGER,CALIBRATION,CONSUMED,0.25,2027-01-28T10:15:00+09:00,ACTUAL_PARTICIPATION
EA_001310,APP0235_FIRST_INTERVIEW,,FIRST_PANEL_08_ML_ENGINEER,INTERVIEW,RESERVED,1.0,2026-12-08T14:04:00+09:00,SCHEDULED_ALLOCATION
EA_001311,APP0235_FIRST_INTERVIEW,,FIRST_PANEL_08_HIRING_MANAGER,INTERVIEW,RESERVED,1.0,2026-12-08T14:04:00+09:00,SCHEDULED_ALLOCATION
EA_001312,APP0235_FIRST_INTERVIEW,,FIRST_PANEL_08_TECHNICAL_REVIEWER,INTERVIEW,RESERVED,1.0,2026-12-08T14:04:00+09:00,SCHEDULED_ALLOCATION
EA_001313,APP0235_FIRST_INTERVIEW,APP0235_FIRST_INTERVIEW_FIRST_INTERVIEW_SESSION,FIRST_PANEL_08_ML_ENGINEER,INTERVIEW,CONSUMED,1.0,2027-01-28T10:00:00+09:00,ACTUAL_PARTICIPATION
EA_001314,APP0235_FIRST_INTERVIEW,APP0235_FIRST_INTERVIEW_FIRST_INTERVIEW_SESSION,FIRST_PANEL_08_HIRING_MANAGER,INTERVIEW,CONSUMED,1.0,2027-01-28T10:00:00+09:00,ACTUAL_PARTICIPATION
EA_001315,APP0235_FIRST_INTERVIEW,APP0235_FIRST_INTERVIEW_FIRST_INTERVIEW_SESSION,FIRST_PANEL_08_TECHNICAL_REVIEWER,INTERVIEW,CONSUMED,1.0,2027-01-28T10:00:00+09:00,ACTUAL_PARTICIPATION
EA_001316,APP0235_FIRST_INTERVIEW,APP0235_FIRST_INTERVIEW_CALIBRATION,FIRST_PANEL_08_ML_ENGINEER,CALIBRATION,RESERVED,0.25,2027-01-28T10:00:00+09:00,CALIBRATION_REQUIRED
EA_001317,APP0235_FIRST_INTERVIEW,APP0235_FIRST_INTERVIEW_CALIBRATION,FIRST_PANEL_08_ML_ENGINEER,CALIBRATION,CONSUMED,0.25,2027-01-28T10:15:00+09:00,ACTUAL_PARTICIPATION
EA_001318,APP0235_FIRST_INTERVIEW,APP0235_FIRST_INTERVIEW_CALIBRATION,FIRST_PANEL_08_HIRING_MANAGER,CALIBRATION,RESERVED,0.25,2027-01-28T10:00:00+09:00,CALIBRATION_REQUIRED
EA_001319,APP0235_FIRST_INTERVIEW,APP0235_FIRST_INTERVIEW_CALIBRATION,FIRST_PANEL_08_HIRING_MANAGER,CALIBRATION,CONSUMED,0.25,2027-01-28T10:15:00+09:00,ACTUAL_PARTICIPATION
EA_001320,APP0237_FIRST_INTERVIEW,,FIRST_PANEL_09_ML_ENGINEER,INTERVIEW,RESERVED,1.0,2026-12-08T14:04:00+09:00,SCHEDULED_ALLOCATION
EA_001321,APP0237_FIRST_INTERVIEW,,FIRST_PANEL_09_HIRING_MANAGER,INTERVIEW,RESERVED,1.0,2026-12-08T14:04:00+09:00,SCHEDULED_ALLOCATION
EA_001322,APP0237_FIRST_INTERVIEW,,FIRST_PANEL_09_TECHNICAL_REVIEWER,INTERVIEW,RESERVED,1.0,2026-12-08T14:04:00+09:00,SCHEDULED_ALLOCATION
EA_001323,APP0237_FIRST_INTERVIEW,APP0237_FIRST_INTERVIEW_FIRST_INTERVIEW_SESSION,FIRST_PANEL_09_ML_ENGINEER,INTERVIEW,CONSUMED,1.0,2027-01-28T10:00:00+09:00,ACTUAL_PARTICIPATION
EA_001324,APP0237_FIRST_INTERVIEW,APP0237_FIRST_INTERVIEW_FIRST_INTERVIEW_SESSION,FIRST_PANEL_09_HIRING_MANAGER,INTERVIEW,CONSUMED,1.0,2027-01-28T10:00:00+09:00,ACTUAL_PARTICIPATION
EA_001325,APP0237_FIRST_INTERVIEW,APP0237_FIRST_INTERVIEW_FIRST_INTERVIEW_SESSION,FIRST_PANEL_09_TECHNICAL_REVIEWER,INTERVIEW,CONSUMED,1.0,2027-01-28T10:00:00+09:00,ACTUAL_PARTICIPATION
EA_001326,APP0237_FIRST_INTERVIEW,APP0237_FIRST_INTERVIEW_CALIBRATION,FIRST_PANEL_09_ML_ENGINEER,CALIBRATION,RESERVED,0.25,2027-01-28T10:00:00+09:00,CALIBRATION_REQUIRED
EA_001327,APP0237_FIRST_INTERVIEW,APP0237_FIRST_INTERVIEW_CALIBRATION,FIRST_PANEL_09_ML_ENGINEER,CALIBRATION,CONSUMED,0.25,2027-01-28T10:15:00+09:00,ACTUAL_PARTICIPATION
EA_001328,APP0237_FIRST_INTERVIEW,APP0237_FIRST_INTERVIEW_CALIBRATION,FIRST_PANEL_09_HIRING_MANAGER,CALIBRATION,RESERVED,0.25,2027-01-28T10:00:00+09:00,CALIBRATION_REQUIRED
EA_001329,APP0237_FIRST_INTERVIEW,APP0237_FIRST_INTERVIEW_CALIBRATION,FIRST_PANEL_09_HIRING_MANAGER,CALIBRATION,CONSUMED,0.25,2027-01-28T10:15:00+09:00,ACTUAL_PARTICIPATION
EA_001330,APP0238_FIRST_INTERVIEW,,FIRST_PANEL_10_ML_ENGINEER,INTERVIEW,RESERVED,1.0,2026-12-08T14:04:00+09:00,SCHEDULED_ALLOCATION
EA_001331,APP0238_FIRST_INTERVIEW,,FIRST_PANEL_10_HIRING_MANAGER,INTERVIEW,RESERVED,1.0,2026-12-08T14:04:00+09:00,SCHEDULED_ALLOCATION
EA_001332,APP0238_FIRST_INTERVIEW,,FIRST_PANEL_10_TECHNICAL_REVIEWER,INTERVIEW,RESERVED,1.0,2026-12-08T14:04:00+09:00,SCHEDULED_ALLOCATION
EA_001333,APP0238_FIRST_INTERVIEW,APP0238_FIRST_INTERVIEW_FIRST_INTERVIEW_SESSION,FIRST_PANEL_10_ML_ENGINEER,INTERVIEW,CONSUMED,1.0,2027-01-28T10:00:00+09:00,ACTUAL_PARTICIPATION
EA_001334,APP0238_FIRST_INTERVIEW,APP0238_FIRST_INTERVIEW_FIRST_INTERVIEW_SESSION,FIRST_PANEL_10_HIRING_MANAGER,INTERVIEW,CONSUMED,1.0,2027-01-28T10:00:00+09:00,ACTUAL_PARTICIPATION
EA_001335,APP0238_FIRST_INTERVIEW,APP0238_FIRST_INTERVIEW_FIRST_INTERVIEW_SESSION,FIRST_PANEL_10_TECHNICAL_REVIEWER,INTERVIEW,CONSUMED,1.0,2027-01-28T10:00:00+09:00,ACTUAL_PARTICIPATION
EA_001336,APP0238_FIRST_INTERVIEW,APP0238_FIRST_INTERVIEW_CALIBRATION,FIRST_PANEL_10_ML_ENGINEER,CALIBRATION,RESERVED,0.25,2027-01-28T10:00:00+09:00,CALIBRATION_REQUIRED
EA_001337,APP0238_FIRST_INTERVIEW,APP0238_FIRST_INTERVIEW_CALIBRATION,FIRST_PANEL_10_ML_ENGINEER,CALIBRATION,CONSUMED,0.25,2027-01-28T10:15:00+09:00,ACTUAL_PARTICIPATION
EA_001338,APP0238_FIRST_INTERVIEW,APP0238_FIRST_INTERVIEW_CALIBRATION,FIRST_PANEL_10_HIRING_MANAGER,CALIBRATION,RESERVED,0.25,2027-01-28T10:00:00+09:00,CALIBRATION_REQUIRED
EA_001339,APP0238_FIRST_INTERVIEW,APP0238_FIRST_INTERVIEW_CALIBRATION,FIRST_PANEL_10_HIRING_MANAGER,CALIBRATION,CONSUMED,0.25,2027-01-28T10:15:00+09:00,ACTUAL_PARTICIPATION
EA_001340,APP0239_FIRST_INTERVIEW,,FIRST_PANEL_01_ML_ENGINEER,INTERVIEW,RESERVED,1.0,2026-12-08T14:04:00+09:00,SCHEDULED_ALLOCATION
EA_001341,APP0239_FIRST_INTERVIEW,,FIRST_PANEL_01_HIRING_MANAGER,INTERVIEW,RESERVED,1.0,2026-12-08T14:04:00+09:00,SCHEDULED_ALLOCATION
EA_001342,APP0239_FIRST_INTERVIEW,,FIRST_PANEL_01_TECHNICAL_REVIEWER,INTERVIEW,RESERVED,1.0,2026-12-08T14:04:00+09:00,SCHEDULED_ALLOCATION
EA_001343,APP0239_FIRST_INTERVIEW,APP0239_FIRST_INTERVIEW_FIRST_INTERVIEW_SESSION,FIRST_PANEL_01_ML_ENGINEER,INTERVIEW,CONSUMED,1.0,2027-02-01T10:00:00+09:00,ACTUAL_PARTICIPATION
EA_001344,APP0239_FIRST_INTERVIEW,APP0239_FIRST_INTERVIEW_FIRST_INTERVIEW_SESSION,FIRST_PANEL_01_HIRING_MANAGER,INTERVIEW,CONSUMED,1.0,2027-02-01T10:00:00+09:00,ACTUAL_PARTICIPATION
EA_001345,APP0239_FIRST_INTERVIEW,APP0239_FIRST_INTERVIEW_FIRST_INTERVIEW_SESSION,FIRST_PANEL_01_TECHNICAL_REVIEWER,INTERVIEW,CONSUMED,1.0,2027-02-01T10:00:00+09:00,ACTUAL_PARTICIPATION
EA_001346,APP0239_FIRST_INTERVIEW,APP0239_FIRST_INTERVIEW_CALIBRATION,FIRST_PANEL_01_ML_ENGINEER,CALIBRATION,RESERVED,0.25,2027-02-01T10:00:00+09:00,CALIBRATION_REQUIRED
EA_001347,APP0239_FIRST_INTERVIEW,APP0239_FIRST_INTERVIEW_CALIBRATION,FIRST_PANEL_01_ML_ENGINEER,CALIBRATION,CONSUMED,0.25,2027-02-01T10:15:00+09:00,ACTUAL_PARTICIPATION
EA_001348,APP0239_FIRST_INTERVIEW,APP0239_FIRST_INTERVIEW_CALIBRATION,FIRST_PANEL_01_HIRING_MANAGER,CALIBRATION,RESERVED,0.25,2027-02-01T10:00:00+09:00,CALIBRATION_REQUIRED
EA_001349,APP0239_FIRST_INTERVIEW,APP0239_FIRST_INTERVIEW_CALIBRATION,FIRST_PANEL_01_HIRING_MANAGER,CALIBRATION,CONSUMED,0.25,2027-02-01T10:15:00+09:00,ACTUAL_PARTICIPATION
EA_001350,APP0240_FIRST_INTERVIEW,,FIRST_PANEL_02_ML_ENGINEER,INTERVIEW,RESERVED,1.0,2026-12-08T14:04:00+09:00,SCHEDULED_ALLOCATION
EA_001351,APP0240_FIRST_INTERVIEW,,FIRST_PANEL_02_HIRING_MANAGER,INTERVIEW,RESERVED,1.0,2026-12-08T14:04:00+09:00,SCHEDULED_ALLOCATION
EA_001352,APP0240_FIRST_INTERVIEW,,FIRST_PANEL_02_TECHNICAL_REVIEWER,INTERVIEW,RESERVED,1.0,2026-12-08T14:04:00+09:00,SCHEDULED_ALLOCATION
EA_001353,APP0240_FIRST_INTERVIEW,,FIRST_PANEL_02_ML_ENGINEER,INTERVIEW,RELEASED,1.0,2027-02-02T09:00:00+09:00,NO_RESPONSE_UNUSED
EA_001354,APP0240_FIRST_INTERVIEW,,FIRST_PANEL_02_HIRING_MANAGER,INTERVIEW,RELEASED,1.0,2027-02-02T09:00:00+09:00,NO_RESPONSE_UNUSED
EA_001355,APP0240_FIRST_INTERVIEW,,FIRST_PANEL_02_TECHNICAL_REVIEWER,INTERVIEW,RELEASED,1.0,2027-02-02T09:00:00+09:00,NO_RESPONSE_UNUSED
EA_001356,APP0241_FIRST_INTERVIEW,,FIRST_PANEL_03_ML_ENGINEER,INTERVIEW,RESERVED,1.0,2026-12-08T14:04:00+09:00,SCHEDULED_ALLOCATION
EA_001357,APP0241_FIRST_INTERVIEW,,FIRST_PANEL_03_HIRING_MANAGER,INTERVIEW,RESERVED,1.0,2026-12-08T14:04:00+09:00,SCHEDULED_ALLOCATION
EA_001358,APP0241_FIRST_INTERVIEW,,FIRST_PANEL_03_TECHNICAL_REVIEWER,INTERVIEW,RESERVED,1.0,2026-12-08T14:04:00+09:00,SCHEDULED_ALLOCATION
EA_001359,APP0241_FIRST_INTERVIEW,APP0241_FIRST_INTERVIEW_FIRST_INTERVIEW_SESSION,FIRST_PANEL_03_ML_ENGINEER,INTERVIEW,CONSUMED,1.0,2027-02-01T10:00:00+09:00,ACTUAL_PARTICIPATION
EA_001360,APP0241_FIRST_INTERVIEW,APP0241_FIRST_INTERVIEW_FIRST_INTERVIEW_SESSION,FIRST_PANEL_03_HIRING_MANAGER,INTERVIEW,CONSUMED,1.0,2027-02-01T10:00:00+09:00,ACTUAL_PARTICIPATION
EA_001361,APP0241_FIRST_INTERVIEW,APP0241_FIRST_INTERVIEW_FIRST_INTERVIEW_SESSION,FIRST_PANEL_03_TECHNICAL_REVIEWER,INTERVIEW,CONSUMED,1.0,2027-02-01T10:00:00+09:00,ACTUAL_PARTICIPATION
EA_001362,APP0241_FIRST_INTERVIEW,APP0241_FIRST_INTERVIEW_CALIBRATION,FIRST_PANEL_03_ML_ENGINEER,CALIBRATION,RESERVED,0.25,2027-02-01T10:00:00+09:00,CALIBRATION_REQUIRED
EA_001363,APP0241_FIRST_INTERVIEW,APP0241_FIRST_INTERVIEW_CALIBRATION,FIRST_PANEL_03_ML_ENGINEER,CALIBRATION,CONSUMED,0.25,2027-02-01T10:15:00+09:00,ACTUAL_PARTICIPATION
EA_001364,APP0241_FIRST_INTERVIEW,APP0241_FIRST_INTERVIEW_CALIBRATION,FIRST_PANEL_03_HIRING_MANAGER,CALIBRATION,RESERVED,0.25,2027-02-01T10:00:00+09:00,CALIBRATION_REQUIRED
EA_001365,APP0241_FIRST_INTERVIEW,APP0241_FIRST_INTERVIEW_CALIBRATION,FIRST_PANEL_03_HIRING_MANAGER,CALIBRATION,CONSUMED,0.25,2027-02-01T10:15:00+09:00,ACTUAL_PARTICIPATION
EA_001366,APP0242_FIRST_INTERVIEW,,FIRST_PANEL_04_ML_ENGINEER,INTERVIEW,RESERVED,1.0,2026-12-08T14:04:00+09:00,SCHEDULED_ALLOCATION
EA_001367,APP0242_FIRST_INTERVIEW,,FIRST_PANEL_04_HIRING_MANAGER,INTERVIEW,RESERVED,1.0,2026-12-08T14:04:00+09:00,SCHEDULED_ALLOCATION
EA_001368,APP0242_FIRST_INTERVIEW,,FIRST_PANEL_04_TECHNICAL_REVIEWER,INTERVIEW,RESERVED,1.0,2026-12-08T14:04:00+09:00,SCHEDULED_ALLOCATION
EA_001369,APP0242_FIRST_INTERVIEW,APP0242_FIRST_INTERVIEW_FIRST_INTERVIEW_SESSION,FIRST_PANEL_04_ML_ENGINEER,INTERVIEW,CONSUMED,1.0,2027-02-01T10:00:00+09:00,ACTUAL_PARTICIPATION
EA_001370,APP0242_FIRST_INTERVIEW,APP0242_FIRST_INTERVIEW_FIRST_INTERVIEW_SESSION,FIRST_PANEL_04_HIRING_MANAGER,INTERVIEW,CONSUMED,1.0,2027-02-01T10:00:00+09:00,ACTUAL_PARTICIPATION
EA_001371,APP0242_FIRST_INTERVIEW,APP0242_FIRST_INTERVIEW_FIRST_INTERVIEW_SESSION,FIRST_PANEL_04_TECHNICAL_REVIEWER,INTERVIEW,CONSUMED,1.0,2027-02-01T10:00:00+09:00,ACTUAL_PARTICIPATION
EA_001372,APP0242_FIRST_INTERVIEW,APP0242_FIRST_INTERVIEW_CALIBRATION,FIRST_PANEL_04_ML_ENGINEER,CALIBRATION,RESERVED,0.25,2027-02-01T10:00:00+09:00,CALIBRATION_REQUIRED
EA_001373,APP0242_FIRST_INTERVIEW,APP0242_FIRST_INTERVIEW_CALIBRATION,FIRST_PANEL_04_ML_ENGINEER,CALIBRATION,CONSUMED,0.25,2027-02-01T10:15:00+09:00,ACTUAL_PARTICIPATION
EA_001374,APP0242_FIRST_INTERVIEW,APP0242_FIRST_INTERVIEW_CALIBRATION,FIRST_PANEL_04_HIRING_MANAGER,CALIBRATION,RESERVED,0.25,2027-02-01T10:00:00+09:00,CALIBRATION_REQUIRED
EA_001375,APP0242_FIRST_INTERVIEW,APP0242_FIRST_INTERVIEW_CALIBRATION,FIRST_PANEL_04_HIRING_MANAGER,CALIBRATION,CONSUMED,0.25,2027-02-01T10:15:00+09:00,ACTUAL_PARTICIPATION
EA_001376,APP0243_FIRST_INTERVIEW,,FIRST_PANEL_05_ML_ENGINEER,INTERVIEW,RESERVED,1.0,2026-12-08T14:04:00+09:00,SCHEDULED_ALLOCATION
EA_001377,APP0243_FIRST_INTERVIEW,,FIRST_PANEL_05_HIRING_MANAGER,INTERVIEW,RESERVED,1.0,2026-12-08T14:04:00+09:00,SCHEDULED_ALLOCATION
EA_001378,APP0243_FIRST_INTERVIEW,,FIRST_PANEL_05_TECHNICAL_REVIEWER,INTERVIEW,RESERVED,1.0,2026-12-08T14:04:00+09:00,SCHEDULED_ALLOCATION
EA_001379,APP0243_FIRST_INTERVIEW,APP0243_FIRST_INTERVIEW_FIRST_INTERVIEW_SESSION,FIRST_PANEL_05_ML_ENGINEER,INTERVIEW,CONSUMED,1.0,2027-02-01T10:00:00+09:00,ACTUAL_PARTICIPATION
EA_001380,APP0243_FIRST_INTERVIEW,APP0243_FIRST_INTERVIEW_FIRST_INTERVIEW_SESSION,FIRST_PANEL_05_HIRING_MANAGER,INTERVIEW,CONSUMED,1.0,2027-02-01T10:00:00+09:00,ACTUAL_PARTICIPATION
EA_001381,APP0243_FIRST_INTERVIEW,APP0243_FIRST_INTERVIEW_FIRST_INTERVIEW_SESSION,FIRST_PANEL_05_TECHNICAL_REVIEWER,INTERVIEW,CONSUMED,1.0,2027-02-01T10:00:00+09:00,ACTUAL_PARTICIPATION
EA_001382,APP0243_FIRST_INTERVIEW,APP0243_FIRST_INTERVIEW_CALIBRATION,FIRST_PANEL_05_ML_ENGINEER,CALIBRATION,RESERVED,0.25,2027-02-01T10:00:00+09:00,CALIBRATION_REQUIRED
EA_001383,APP0243_FIRST_INTERVIEW,APP0243_FIRST_INTERVIEW_CALIBRATION,FIRST_PANEL_05_ML_ENGINEER,CALIBRATION,CONSUMED,0.25,2027-02-01T10:15:00+09:00,ACTUAL_PARTICIPATION
EA_001384,APP0243_FIRST_INTERVIEW,APP0243_FIRST_INTERVIEW_CALIBRATION,FIRST_PANEL_05_HIRING_MANAGER,CALIBRATION,RESERVED,0.25,2027-02-01T10:00:00+09:00,CALIBRATION_REQUIRED
EA_001385,APP0243_FIRST_INTERVIEW,APP0243_FIRST_INTERVIEW_CALIBRATION,FIRST_PANEL_05_HIRING_MANAGER,CALIBRATION,CONSUMED,0.25,2027-02-01T10:15:00+09:00,ACTUAL_PARTICIPATION
EA_001386,APP0246_FIRST_INTERVIEW,,FIRST_PANEL_06_ML_ENGINEER,INTERVIEW,RESERVED,1.0,2026-12-08T14:04:00+09:00,SCHEDULED_ALLOCATION
EA_001387,APP0246_FIRST_INTERVIEW,,FIRST_PANEL_06_HIRING_MANAGER,INTERVIEW,RESERVED,1.0,2026-12-08T14:04:00+09:00,SCHEDULED_ALLOCATION
EA_001388,APP0246_FIRST_INTERVIEW,,FIRST_PANEL_06_TECHNICAL_REVIEWER,INTERVIEW,RESERVED,1.0,2026-12-08T14:04:00+09:00,SCHEDULED_ALLOCATION
EA_001389,APP0246_FIRST_INTERVIEW,APP0246_FIRST_INTERVIEW_FIRST_INTERVIEW_SESSION,FIRST_PANEL_06_ML_ENGINEER,INTERVIEW,CONSUMED,1.0,2027-02-01T10:00:00+09:00,ACTUAL_PARTICIPATION
EA_001390,APP0246_FIRST_INTERVIEW,APP0246_FIRST_INTERVIEW_FIRST_INTERVIEW_SESSION,FIRST_PANEL_06_HIRING_MANAGER,INTERVIEW,CONSUMED,1.0,2027-02-01T10:00:00+09:00,ACTUAL_PARTICIPATION
EA_001391,APP0246_FIRST_INTERVIEW,APP0246_FIRST_INTERVIEW_FIRST_INTERVIEW_SESSION,FIRST_PANEL_06_TECHNICAL_REVIEWER,INTERVIEW,CONSUMED,1.0,2027-02-01T10:00:00+09:00,ACTUAL_PARTICIPATION
EA_001392,APP0246_FIRST_INTERVIEW,APP0246_FIRST_INTERVIEW_CALIBRATION,FIRST_PANEL_06_ML_ENGINEER,CALIBRATION,RESERVED,0.25,2027-02-01T10:00:00+09:00,CALIBRATION_REQUIRED
EA_001393,APP0246_FIRST_INTERVIEW,APP0246_FIRST_INTERVIEW_CALIBRATION,FIRST_PANEL_06_ML_ENGINEER,CALIBRATION,CONSUMED,0.25,2027-02-01T10:15:00+09:00,ACTUAL_PARTICIPATION
EA_001394,APP0246_FIRST_INTERVIEW,APP0246_FIRST_INTERVIEW_CALIBRATION,FIRST_PANEL_06_HIRING_MANAGER,CALIBRATION,RESERVED,0.25,2027-02-01T10:00:00+09:00,CALIBRATION_REQUIRED
EA_001395,APP0246_FIRST_INTERVIEW,APP0246_FIRST_INTERVIEW_CALIBRATION,FIRST_PANEL_06_HIRING_MANAGER,CALIBRATION,CONSUMED,0.25,2027-02-01T10:15:00+09:00,ACTUAL_PARTICIPATION
EA_001396,APP0247_FIRST_INTERVIEW,,FIRST_PANEL_07_ML_ENGINEER,INTERVIEW,RESERVED,1.0,2026-12-08T14:04:00+09:00,SCHEDULED_ALLOCATION
EA_001397,APP0247_FIRST_INTERVIEW,,FIRST_PANEL_07_HIRING_MANAGER,INTERVIEW,RESERVED,1.0,2026-12-08T14:04:00+09:00,SCHEDULED_ALLOCATION
EA_001398,APP0247_FIRST_INTERVIEW,,FIRST_PANEL_07_TECHNICAL_REVIEWER,INTERVIEW,RESERVED,1.0,2026-12-08T14:04:00+09:00,SCHEDULED_ALLOCATION
EA_001399,APP0247_FIRST_INTERVIEW,APP0247_FIRST_INTERVIEW_FIRST_INTERVIEW_SESSION,FIRST_PANEL_07_ML_ENGINEER,INTERVIEW,CONSUMED,1.0,2027-02-01T10:00:00+09:00,ACTUAL_PARTICIPATION
EA_001400,APP0247_FIRST_INTERVIEW,APP0247_FIRST_INTERVIEW_FIRST_INTERVIEW_SESSION,FIRST_PANEL_07_HIRING_MANAGER,INTERVIEW,CONSUMED,1.0,2027-02-01T10:00:00+09:00,ACTUAL_PARTICIPATION
EA_001401,APP0247_FIRST_INTERVIEW,APP0247_FIRST_INTERVIEW_FIRST_INTERVIEW_SESSION,FIRST_PANEL_07_TECHNICAL_REVIEWER,INTERVIEW,CONSUMED,1.0,2027-02-01T10:00:00+09:00,ACTUAL_PARTICIPATION
EA_001402,APP0247_FIRST_INTERVIEW,APP0247_FIRST_INTERVIEW_CALIBRATION,FIRST_PANEL_07_ML_ENGINEER,CALIBRATION,RESERVED,0.25,2027-02-01T10:00:00+09:00,CALIBRATION_REQUIRED
EA_001403,APP0247_FIRST_INTERVIEW,APP0247_FIRST_INTERVIEW_CALIBRATION,FIRST_PANEL_07_ML_ENGINEER,CALIBRATION,CONSUMED,0.25,2027-02-01T10:15:00+09:00,ACTUAL_PARTICIPATION
EA_001404,APP0247_FIRST_INTERVIEW,APP0247_FIRST_INTERVIEW_CALIBRATION,FIRST_PANEL_07_HIRING_MANAGER,CALIBRATION,RESERVED,0.25,2027-02-01T10:00:00+09:00,CALIBRATION_REQUIRED
EA_001405,APP0247_FIRST_INTERVIEW,APP0247_FIRST_INTERVIEW_CALIBRATION,FIRST_PANEL_07_HIRING_MANAGER,CALIBRATION,CONSUMED,0.25,2027-02-01T10:15:00+09:00,ACTUAL_PARTICIPATION
EA_001406,APP0251_FIRST_INTERVIEW,,FIRST_PANEL_08_ML_ENGINEER,INTERVIEW,RESERVED,1.0,2026-12-08T14:04:00+09:00,SCHEDULED_ALLOCATION
EA_001407,APP0251_FIRST_INTERVIEW,,FIRST_PANEL_08_HIRING_MANAGER,INTERVIEW,RESERVED,1.0,2026-12-08T14:04:00+09:00,SCHEDULED_ALLOCATION
EA_001408,APP0251_FIRST_INTERVIEW,,FIRST_PANEL_08_TECHNICAL_REVIEWER,INTERVIEW,RESERVED,1.0,2026-12-08T14:04:00+09:00,SCHEDULED_ALLOCATION
EA_001409,APP0251_FIRST_INTERVIEW,APP0251_FIRST_INTERVIEW_FIRST_INTERVIEW_SESSION,FIRST_PANEL_08_ML_ENGINEER,INTERVIEW,CONSUMED,1.0,2027-02-01T10:00:00+09:00,ACTUAL_PARTICIPATION
EA_001410,APP0251_FIRST_INTERVIEW,APP0251_FIRST_INTERVIEW_FIRST_INTERVIEW_SESSION,FIRST_PANEL_08_HIRING_MANAGER,INTERVIEW,CONSUMED,1.0,2027-02-01T10:00:00+09:00,ACTUAL_PARTICIPATION
EA_001411,APP0251_FIRST_INTERVIEW,APP0251_FIRST_INTERVIEW_FIRST_INTERVIEW_SESSION,FIRST_PANEL_08_TECHNICAL_REVIEWER,INTERVIEW,CONSUMED,1.0,2027-02-01T10:00:00+09:00,ACTUAL_PARTICIPATION
EA_001412,APP0251_FIRST_INTERVIEW,APP0251_FIRST_INTERVIEW_CALIBRATION,FIRST_PANEL_08_ML_ENGINEER,CALIBRATION,RESERVED,0.25,2027-02-01T10:00:00+09:00,CALIBRATION_REQUIRED
EA_001413,APP0251_FIRST_INTERVIEW,APP0251_FIRST_INTERVIEW_CALIBRATION,FIRST_PANEL_08_ML_ENGINEER,CALIBRATION,CONSUMED,0.25,2027-02-01T10:15:00+09:00,ACTUAL_PARTICIPATION
EA_001414,APP0251_FIRST_INTERVIEW,APP0251_FIRST_INTERVIEW_CALIBRATION,FIRST_PANEL_08_HIRING_MANAGER,CALIBRATION,RESERVED,0.25,2027-02-01T10:00:00+09:00,CALIBRATION_REQUIRED
EA_001415,APP0251_FIRST_INTERVIEW,APP0251_FIRST_INTERVIEW_CALIBRATION,FIRST_PANEL_08_HIRING_MANAGER,CALIBRATION,CONSUMED,0.25,2027-02-01T10:15:00+09:00,ACTUAL_PARTICIPATION
EA_001416,APP0253_FIRST_INTERVIEW,,FIRST_PANEL_09_ML_ENGINEER,INTERVIEW,RESERVED,1.0,2026-12-08T14:04:00+09:00,SCHEDULED_ALLOCATION
EA_001417,APP0253_FIRST_INTERVIEW,,FIRST_PANEL_09_HIRING_MANAGER,INTERVIEW,RESERVED,1.0,2026-12-08T14:04:00+09:00,SCHEDULED_ALLOCATION
EA_001418,APP0253_FIRST_INTERVIEW,,FIRST_PANEL_09_TECHNICAL_REVIEWER,INTERVIEW,RESERVED,1.0,2026-12-08T14:04:00+09:00,SCHEDULED_ALLOCATION
EA_001419,APP0253_FIRST_INTERVIEW,APP0253_FIRST_INTERVIEW_FIRST_INTERVIEW_SESSION,FIRST_PANEL_09_ML_ENGINEER,INTERVIEW,CONSUMED,1.0,2027-02-01T10:00:00+09:00,ACTUAL_PARTICIPATION
EA_001420,APP0253_FIRST_INTERVIEW,APP0253_FIRST_INTERVIEW_FIRST_INTERVIEW_SESSION,FIRST_PANEL_09_HIRING_MANAGER,INTERVIEW,CONSUMED,1.0,2027-02-01T10:00:00+09:00,ACTUAL_PARTICIPATION
EA_001421,APP0253_FIRST_INTERVIEW,APP0253_FIRST_INTERVIEW_FIRST_INTERVIEW_SESSION,FIRST_PANEL_09_TECHNICAL_REVIEWER,INTERVIEW,CONSUMED,1.0,2027-02-01T10:00:00+09:00,ACTUAL_PARTICIPATION
EA_001422,APP0253_FIRST_INTERVIEW,APP0253_FIRST_INTERVIEW_CALIBRATION,FIRST_PANEL_09_ML_ENGINEER,CALIBRATION,RESERVED,0.25,2027-02-01T10:00:00+09:00,CALIBRATION_REQUIRED
EA_001423,APP0253_FIRST_INTERVIEW,APP0253_FIRST_INTERVIEW_CALIBRATION,FIRST_PANEL_09_ML_ENGINEER,CALIBRATION,CONSUMED,0.25,2027-02-01T10:15:00+09:00,ACTUAL_PARTICIPATION
EA_001424,APP0253_FIRST_INTERVIEW,APP0253_FIRST_INTERVIEW_CALIBRATION,FIRST_PANEL_09_HIRING_MANAGER,CALIBRATION,RESERVED,0.25,2027-02-01T10:00:00+09:00,CALIBRATION_REQUIRED
EA_001425,APP0253_FIRST_INTERVIEW,APP0253_FIRST_INTERVIEW_CALIBRATION,FIRST_PANEL_09_HIRING_MANAGER,CALIBRATION,CONSUMED,0.25,2027-02-01T10:15:00+09:00,ACTUAL_PARTICIPATION
EA_001426,APP0254_FIRST_INTERVIEW,,FIRST_PANEL_10_ML_ENGINEER,INTERVIEW,RESERVED,1.0,2026-12-08T14:04:00+09:00,SCHEDULED_ALLOCATION
EA_001427,APP0254_FIRST_INTERVIEW,,FIRST_PANEL_10_HIRING_MANAGER,INTERVIEW,RESERVED,1.0,2026-12-08T14:04:00+09:00,SCHEDULED_ALLOCATION
EA_001428,APP0254_FIRST_INTERVIEW,,FIRST_PANEL_10_TECHNICAL_REVIEWER,INTERVIEW,RESERVED,1.0,2026-12-08T14:04:00+09:00,SCHEDULED_ALLOCATION
EA_001429,APP0254_FIRST_INTERVIEW,APP0254_FIRST_INTERVIEW_FIRST_INTERVIEW_SESSION,FIRST_PANEL_10_ML_ENGINEER,INTERVIEW,CONSUMED,1.0,2027-02-01T10:00:00+09:00,ACTUAL_PARTICIPATION
EA_001430,APP0254_FIRST_INTERVIEW,APP0254_FIRST_INTERVIEW_FIRST_INTERVIEW_SESSION,FIRST_PANEL_10_HIRING_MANAGER,INTERVIEW,CONSUMED,1.0,2027-02-01T10:00:00+09:00,ACTUAL_PARTICIPATION
EA_001431,APP0254_FIRST_INTERVIEW,APP0254_FIRST_INTERVIEW_FIRST_INTERVIEW_SESSION,FIRST_PANEL_10_TECHNICAL_REVIEWER,INTERVIEW,CONSUMED,1.0,2027-02-01T10:00:00+09:00,ACTUAL_PARTICIPATION
EA_001432,APP0254_FIRST_INTERVIEW,APP0254_FIRST_INTERVIEW_CALIBRATION,FIRST_PANEL_10_ML_ENGINEER,CALIBRATION,RESERVED,0.25,2027-02-01T10:00:00+09:00,CALIBRATION_REQUIRED
EA_001433,APP0254_FIRST_INTERVIEW,APP0254_FIRST_INTERVIEW_CALIBRATION,FIRST_PANEL_10_ML_ENGINEER,CALIBRATION,CONSUMED,0.25,2027-02-01T10:15:00+09:00,ACTUAL_PARTICIPATION
EA_001434,APP0254_FIRST_INTERVIEW,APP0254_FIRST_INTERVIEW_CALIBRATION,FIRST_PANEL_10_HIRING_MANAGER,CALIBRATION,RESERVED,0.25,2027-02-01T10:00:00+09:00,CALIBRATION_REQUIRED
EA_001435,APP0254_FIRST_INTERVIEW,APP0254_FIRST_INTERVIEW_CALIBRATION,FIRST_PANEL_10_HIRING_MANAGER,CALIBRATION,CONSUMED,0.25,2027-02-01T10:15:00+09:00,ACTUAL_PARTICIPATION
EA_001436,APP0255_FIRST_INTERVIEW,,FIRST_PANEL_01_ML_ENGINEER,INTERVIEW,RESERVED,1.0,2026-12-08T14:04:00+09:00,SCHEDULED_ALLOCATION
EA_001437,APP0255_FIRST_INTERVIEW,,FIRST_PANEL_01_HIRING_MANAGER,INTERVIEW,RESERVED,1.0,2026-12-08T14:04:00+09:00,SCHEDULED_ALLOCATION
EA_001438,APP0255_FIRST_INTERVIEW,,FIRST_PANEL_01_TECHNICAL_REVIEWER,INTERVIEW,RESERVED,1.0,2026-12-08T14:04:00+09:00,SCHEDULED_ALLOCATION
EA_001439,APP0255_FIRST_INTERVIEW,APP0255_FIRST_INTERVIEW_FIRST_INTERVIEW_SESSION,FIRST_PANEL_01_ML_ENGINEER,INTERVIEW,CONSUMED,1.0,2027-02-04T10:00:00+09:00,ACTUAL_PARTICIPATION
EA_001440,APP0255_FIRST_INTERVIEW,APP0255_FIRST_INTERVIEW_FIRST_INTERVIEW_SESSION,FIRST_PANEL_01_HIRING_MANAGER,INTERVIEW,CONSUMED,1.0,2027-02-04T10:00:00+09:00,ACTUAL_PARTICIPATION
EA_001441,APP0255_FIRST_INTERVIEW,APP0255_FIRST_INTERVIEW_FIRST_INTERVIEW_SESSION,FIRST_PANEL_01_TECHNICAL_REVIEWER,INTERVIEW,CONSUMED,1.0,2027-02-04T10:00:00+09:00,ACTUAL_PARTICIPATION
EA_001442,APP0255_FIRST_INTERVIEW,APP0255_FIRST_INTERVIEW_CALIBRATION,FIRST_PANEL_01_ML_ENGINEER,CALIBRATION,RESERVED,0.25,2027-02-04T10:00:00+09:00,CALIBRATION_REQUIRED
EA_001443,APP0255_FIRST_INTERVIEW,APP0255_FIRST_INTERVIEW_CALIBRATION,FIRST_PANEL_01_ML_ENGINEER,CALIBRATION,CONSUMED,0.25,2027-02-04T10:15:00+09:00,ACTUAL_PARTICIPATION
EA_001444,APP0255_FIRST_INTERVIEW,APP0255_FIRST_INTERVIEW_CALIBRATION,FIRST_PANEL_01_HIRING_MANAGER,CALIBRATION,RESERVED,0.25,2027-02-04T10:00:00+09:00,CALIBRATION_REQUIRED
EA_001445,APP0255_FIRST_INTERVIEW,APP0255_FIRST_INTERVIEW_CALIBRATION,FIRST_PANEL_01_HIRING_MANAGER,CALIBRATION,CONSUMED,0.25,2027-02-04T10:15:00+09:00,ACTUAL_PARTICIPATION
EA_001446,APP0256_FIRST_INTERVIEW,,FIRST_PANEL_02_ML_ENGINEER,INTERVIEW,RESERVED,1.0,2026-12-08T14:04:00+09:00,SCHEDULED_ALLOCATION
EA_001447,APP0256_FIRST_INTERVIEW,,FIRST_PANEL_02_HIRING_MANAGER,INTERVIEW,RESERVED,1.0,2026-12-08T14:04:00+09:00,SCHEDULED_ALLOCATION
EA_001448,APP0256_FIRST_INTERVIEW,,FIRST_PANEL_02_TECHNICAL_REVIEWER,INTERVIEW,RESERVED,1.0,2026-12-08T14:04:00+09:00,SCHEDULED_ALLOCATION
EA_001449,APP0256_FIRST_INTERVIEW,APP0256_FIRST_INTERVIEW_FIRST_INTERVIEW_SESSION,FIRST_PANEL_02_ML_ENGINEER,INTERVIEW,CONSUMED,1.0,2027-02-04T10:00:00+09:00,ACTUAL_PARTICIPATION
EA_001450,APP0256_FIRST_INTERVIEW,APP0256_FIRST_INTERVIEW_FIRST_INTERVIEW_SESSION,FIRST_PANEL_02_HIRING_MANAGER,INTERVIEW,CONSUMED,1.0,2027-02-04T10:00:00+09:00,ACTUAL_PARTICIPATION
EA_001451,APP0256_FIRST_INTERVIEW,APP0256_FIRST_INTERVIEW_FIRST_INTERVIEW_SESSION,FIRST_PANEL_02_TECHNICAL_REVIEWER,INTERVIEW,CONSUMED,1.0,2027-02-04T10:00:00+09:00,ACTUAL_PARTICIPATION
EA_001452,APP0256_FIRST_INTERVIEW,APP0256_FIRST_INTERVIEW_CALIBRATION,FIRST_PANEL_02_ML_ENGINEER,CALIBRATION,RESERVED,0.25,2027-02-04T10:00:00+09:00,CALIBRATION_REQUIRED
EA_001453,APP0256_FIRST_INTERVIEW,APP0256_FIRST_INTERVIEW_CALIBRATION,FIRST_PANEL_02_ML_ENGINEER,CALIBRATION,CONSUMED,0.25,2027-02-04T10:15:00+09:00,ACTUAL_PARTICIPATION
EA_001454,APP0256_FIRST_INTERVIEW,APP0256_FIRST_INTERVIEW_CALIBRATION,FIRST_PANEL_02_HIRING_MANAGER,CALIBRATION,RESERVED,0.25,2027-02-04T10:00:00+09:00,CALIBRATION_REQUIRED
EA_001455,APP0256_FIRST_INTERVIEW,APP0256_FIRST_INTERVIEW_CALIBRATION,FIRST_PANEL_02_HIRING_MANAGER,CALIBRATION,CONSUMED,0.25,2027-02-04T10:15:00+09:00,ACTUAL_PARTICIPATION
EA_001456,APP0258_FIRST_INTERVIEW,,FIRST_PANEL_03_ML_ENGINEER,INTERVIEW,RESERVED,1.0,2026-12-08T14:04:00+09:00,SCHEDULED_ALLOCATION
EA_001457,APP0258_FIRST_INTERVIEW,,FIRST_PANEL_03_HIRING_MANAGER,INTERVIEW,RESERVED,1.0,2026-12-08T14:04:00+09:00,SCHEDULED_ALLOCATION
EA_001458,APP0258_FIRST_INTERVIEW,,FIRST_PANEL_03_TECHNICAL_REVIEWER,INTERVIEW,RESERVED,1.0,2026-12-08T14:04:00+09:00,SCHEDULED_ALLOCATION
EA_001459,APP0258_FIRST_INTERVIEW,APP0258_FIRST_INTERVIEW_FIRST_INTERVIEW_SESSION,FIRST_PANEL_03_ML_ENGINEER,INTERVIEW,CONSUMED,1.0,2027-02-04T10:00:00+09:00,ACTUAL_PARTICIPATION
EA_001460,APP0258_FIRST_INTERVIEW,APP0258_FIRST_INTERVIEW_FIRST_INTERVIEW_SESSION,FIRST_PANEL_03_HIRING_MANAGER,INTERVIEW,CONSUMED,1.0,2027-02-04T10:00:00+09:00,ACTUAL_PARTICIPATION
EA_001461,APP0258_FIRST_INTERVIEW,APP0258_FIRST_INTERVIEW_FIRST_INTERVIEW_SESSION,FIRST_PANEL_03_TECHNICAL_REVIEWER,INTERVIEW,CONSUMED,1.0,2027-02-04T10:00:00+09:00,ACTUAL_PARTICIPATION
EA_001462,APP0258_FIRST_INTERVIEW,APP0258_FIRST_INTERVIEW_CALIBRATION,FIRST_PANEL_03_ML_ENGINEER,CALIBRATION,RESERVED,0.25,2027-02-04T10:00:00+09:00,CALIBRATION_REQUIRED
EA_001463,APP0258_FIRST_INTERVIEW,APP0258_FIRST_INTERVIEW_CALIBRATION,FIRST_PANEL_03_ML_ENGINEER,CALIBRATION,CONSUMED,0.25,2027-02-04T10:15:00+09:00,ACTUAL_PARTICIPATION
EA_001464,APP0258_FIRST_INTERVIEW,APP0258_FIRST_INTERVIEW_CALIBRATION,FIRST_PANEL_03_HIRING_MANAGER,CALIBRATION,RESERVED,0.25,2027-02-04T10:00:00+09:00,CALIBRATION_REQUIRED
EA_001465,APP0258_FIRST_INTERVIEW,APP0258_FIRST_INTERVIEW_CALIBRATION,FIRST_PANEL_03_HIRING_MANAGER,CALIBRATION,CONSUMED,0.25,2027-02-04T10:15:00+09:00,ACTUAL_PARTICIPATION
EA_001466,APP0263_FIRST_INTERVIEW,,FIRST_PANEL_04_ML_ENGINEER,INTERVIEW,RESERVED,1.0,2026-12-08T14:04:00+09:00,SCHEDULED_ALLOCATION
EA_001467,APP0263_FIRST_INTERVIEW,,FIRST_PANEL_04_HIRING_MANAGER,INTERVIEW,RESERVED,1.0,2026-12-08T14:04:00+09:00,SCHEDULED_ALLOCATION
EA_001468,APP0263_FIRST_INTERVIEW,,FIRST_PANEL_04_TECHNICAL_REVIEWER,INTERVIEW,RESERVED,1.0,2026-12-08T14:04:00+09:00,SCHEDULED_ALLOCATION
EA_001469,APP0263_FIRST_INTERVIEW,,FIRST_PANEL_04_ML_ENGINEER,INTERVIEW,RELEASED,1.0,2027-02-05T09:00:00+09:00,NO_RESPONSE_UNUSED
EA_001470,APP0263_FIRST_INTERVIEW,,FIRST_PANEL_04_HIRING_MANAGER,INTERVIEW,RELEASED,1.0,2027-02-05T09:00:00+09:00,NO_RESPONSE_UNUSED
EA_001471,APP0263_FIRST_INTERVIEW,,FIRST_PANEL_04_TECHNICAL_REVIEWER,INTERVIEW,RELEASED,1.0,2027-02-05T09:00:00+09:00,NO_RESPONSE_UNUSED
EA_001472,APP0264_FIRST_INTERVIEW,,FIRST_PANEL_05_ML_ENGINEER,INTERVIEW,RESERVED,1.0,2026-12-08T14:04:00+09:00,SCHEDULED_ALLOCATION
EA_001473,APP0264_FIRST_INTERVIEW,,FIRST_PANEL_05_HIRING_MANAGER,INTERVIEW,RESERVED,1.0,2026-12-08T14:04:00+09:00,SCHEDULED_ALLOCATION
EA_001474,APP0264_FIRST_INTERVIEW,,FIRST_PANEL_05_TECHNICAL_REVIEWER,INTERVIEW,RESERVED,1.0,2026-12-08T14:04:00+09:00,SCHEDULED_ALLOCATION
EA_001475,APP0264_FIRST_INTERVIEW,APP0264_FIRST_INTERVIEW_FIRST_INTERVIEW_SESSION,FIRST_PANEL_05_ML_ENGINEER,INTERVIEW,CONSUMED,1.0,2027-02-04T10:00:00+09:00,ACTUAL_PARTICIPATION
EA_001476,APP0264_FIRST_INTERVIEW,APP0264_FIRST_INTERVIEW_FIRST_INTERVIEW_SESSION,FIRST_PANEL_05_HIRING_MANAGER,INTERVIEW,CONSUMED,1.0,2027-02-04T10:00:00+09:00,ACTUAL_PARTICIPATION
EA_001477,APP0264_FIRST_INTERVIEW,APP0264_FIRST_INTERVIEW_FIRST_INTERVIEW_SESSION,FIRST_PANEL_05_TECHNICAL_REVIEWER,INTERVIEW,CONSUMED,1.0,2027-02-04T10:00:00+09:00,ACTUAL_PARTICIPATION
EA_001478,APP0264_FIRST_INTERVIEW,APP0264_FIRST_INTERVIEW_CALIBRATION,FIRST_PANEL_05_ML_ENGINEER,CALIBRATION,RESERVED,0.25,2027-02-04T10:00:00+09:00,CALIBRATION_REQUIRED
EA_001479,APP0264_FIRST_INTERVIEW,APP0264_FIRST_INTERVIEW_CALIBRATION,FIRST_PANEL_05_ML_ENGINEER,CALIBRATION,CONSUMED,0.25,2027-02-04T10:15:00+09:00,ACTUAL_PARTICIPATION
EA_001480,APP0264_FIRST_INTERVIEW,APP0264_FIRST_INTERVIEW_CALIBRATION,FIRST_PANEL_05_HIRING_MANAGER,CALIBRATION,RESERVED,0.25,2027-02-04T10:00:00+09:00,CALIBRATION_REQUIRED
EA_001481,APP0264_FIRST_INTERVIEW,APP0264_FIRST_INTERVIEW_CALIBRATION,FIRST_PANEL_05_HIRING_MANAGER,CALIBRATION,CONSUMED,0.25,2027-02-04T10:15:00+09:00,ACTUAL_PARTICIPATION
EA_001482,APP0265_FIRST_INTERVIEW,,FIRST_PANEL_06_ML_ENGINEER,INTERVIEW,RESERVED,1.0,2026-12-08T14:04:00+09:00,SCHEDULED_ALLOCATION
EA_001483,APP0265_FIRST_INTERVIEW,,FIRST_PANEL_06_HIRING_MANAGER,INTERVIEW,RESERVED,1.0,2026-12-08T14:04:00+09:00,SCHEDULED_ALLOCATION
EA_001484,APP0265_FIRST_INTERVIEW,,FIRST_PANEL_06_TECHNICAL_REVIEWER,INTERVIEW,RESERVED,1.0,2026-12-08T14:04:00+09:00,SCHEDULED_ALLOCATION
EA_001485,APP0265_FIRST_INTERVIEW,APP0265_FIRST_INTERVIEW_FIRST_INTERVIEW_SESSION,FIRST_PANEL_06_ML_ENGINEER,INTERVIEW,CONSUMED,1.0,2027-02-04T10:00:00+09:00,ACTUAL_PARTICIPATION
EA_001486,APP0265_FIRST_INTERVIEW,APP0265_FIRST_INTERVIEW_FIRST_INTERVIEW_SESSION,FIRST_PANEL_06_HIRING_MANAGER,INTERVIEW,CONSUMED,1.0,2027-02-04T10:00:00+09:00,ACTUAL_PARTICIPATION
EA_001487,APP0265_FIRST_INTERVIEW,APP0265_FIRST_INTERVIEW_FIRST_INTERVIEW_SESSION,FIRST_PANEL_06_TECHNICAL_REVIEWER,INTERVIEW,CONSUMED,1.0,2027-02-04T10:00:00+09:00,ACTUAL_PARTICIPATION
EA_001488,APP0265_FIRST_INTERVIEW,APP0265_FIRST_INTERVIEW_CALIBRATION,FIRST_PANEL_06_ML_ENGINEER,CALIBRATION,RESERVED,0.25,2027-02-04T10:00:00+09:00,CALIBRATION_REQUIRED
EA_001489,APP0265_FIRST_INTERVIEW,APP0265_FIRST_INTERVIEW_CALIBRATION,FIRST_PANEL_06_ML_ENGINEER,CALIBRATION,CONSUMED,0.25,2027-02-04T10:15:00+09:00,ACTUAL_PARTICIPATION
EA_001490,APP0265_FIRST_INTERVIEW,APP0265_FIRST_INTERVIEW_CALIBRATION,FIRST_PANEL_06_HIRING_MANAGER,CALIBRATION,RESERVED,0.25,2027-02-04T10:00:00+09:00,CALIBRATION_REQUIRED
EA_001491,APP0265_FIRST_INTERVIEW,APP0265_FIRST_INTERVIEW_CALIBRATION,FIRST_PANEL_06_HIRING_MANAGER,CALIBRATION,CONSUMED,0.25,2027-02-04T10:15:00+09:00,ACTUAL_PARTICIPATION
EA_001492,APP0267_FIRST_INTERVIEW,,FIRST_PANEL_07_ML_ENGINEER,INTERVIEW,RESERVED,1.0,2026-12-08T14:04:00+09:00,SCHEDULED_ALLOCATION
EA_001493,APP0267_FIRST_INTERVIEW,,FIRST_PANEL_07_HIRING_MANAGER,INTERVIEW,RESERVED,1.0,2026-12-08T14:04:00+09:00,SCHEDULED_ALLOCATION
EA_001494,APP0267_FIRST_INTERVIEW,,FIRST_PANEL_07_TECHNICAL_REVIEWER,INTERVIEW,RESERVED,1.0,2026-12-08T14:04:00+09:00,SCHEDULED_ALLOCATION
EA_001495,APP0267_FIRST_INTERVIEW,APP0267_FIRST_INTERVIEW_FIRST_INTERVIEW_SESSION,FIRST_PANEL_07_ML_ENGINEER,INTERVIEW,CONSUMED,1.0,2027-02-04T10:00:00+09:00,ACTUAL_PARTICIPATION
EA_001496,APP0267_FIRST_INTERVIEW,APP0267_FIRST_INTERVIEW_FIRST_INTERVIEW_SESSION,FIRST_PANEL_07_HIRING_MANAGER,INTERVIEW,CONSUMED,1.0,2027-02-04T10:00:00+09:00,ACTUAL_PARTICIPATION
EA_001497,APP0267_FIRST_INTERVIEW,APP0267_FIRST_INTERVIEW_FIRST_INTERVIEW_SESSION,FIRST_PANEL_07_TECHNICAL_REVIEWER,INTERVIEW,CONSUMED,1.0,2027-02-04T10:00:00+09:00,ACTUAL_PARTICIPATION
EA_001498,APP0267_FIRST_INTERVIEW,APP0267_FIRST_INTERVIEW_CALIBRATION,FIRST_PANEL_07_ML_ENGINEER,CALIBRATION,RESERVED,0.25,2027-02-04T10:00:00+09:00,CALIBRATION_REQUIRED
EA_001499,APP0267_FIRST_INTERVIEW,APP0267_FIRST_INTERVIEW_CALIBRATION,FIRST_PANEL_07_ML_ENGINEER,CALIBRATION,CONSUMED,0.25,2027-02-04T10:15:00+09:00,ACTUAL_PARTICIPATION
EA_001500,APP0267_FIRST_INTERVIEW,APP0267_FIRST_INTERVIEW_CALIBRATION,FIRST_PANEL_07_HIRING_MANAGER,CALIBRATION,RESERVED,0.25,2027-02-04T10:00:00+09:00,CALIBRATION_REQUIRED
EA_001501,APP0267_FIRST_INTERVIEW,APP0267_FIRST_INTERVIEW_CALIBRATION,FIRST_PANEL_07_HIRING_MANAGER,CALIBRATION,CONSUMED,0.25,2027-02-04T10:15:00+09:00,ACTUAL_PARTICIPATION
EA_001502,APP0268_FIRST_INTERVIEW,,FIRST_PANEL_08_ML_ENGINEER,INTERVIEW,RESERVED,1.0,2026-12-08T14:04:00+09:00,SCHEDULED_ALLOCATION
EA_001503,APP0268_FIRST_INTERVIEW,,FIRST_PANEL_08_HIRING_MANAGER,INTERVIEW,RESERVED,1.0,2026-12-08T14:04:00+09:00,SCHEDULED_ALLOCATION
EA_001504,APP0268_FIRST_INTERVIEW,,FIRST_PANEL_08_TECHNICAL_REVIEWER,INTERVIEW,RESERVED,1.0,2026-12-08T14:04:00+09:00,SCHEDULED_ALLOCATION
EA_001505,APP0268_FIRST_INTERVIEW,APP0268_FIRST_INTERVIEW_FIRST_INTERVIEW_SESSION,FIRST_PANEL_08_ML_ENGINEER,INTERVIEW,CONSUMED,1.0,2027-02-04T10:00:00+09:00,ACTUAL_PARTICIPATION
EA_001506,APP0268_FIRST_INTERVIEW,APP0268_FIRST_INTERVIEW_FIRST_INTERVIEW_SESSION,FIRST_PANEL_08_HIRING_MANAGER,INTERVIEW,CONSUMED,1.0,2027-02-04T10:00:00+09:00,ACTUAL_PARTICIPATION
EA_001507,APP0268_FIRST_INTERVIEW,APP0268_FIRST_INTERVIEW_FIRST_INTERVIEW_SESSION,FIRST_PANEL_08_TECHNICAL_REVIEWER,INTERVIEW,CONSUMED,1.0,2027-02-04T10:00:00+09:00,ACTUAL_PARTICIPATION
EA_001508,APP0268_FIRST_INTERVIEW,APP0268_FIRST_INTERVIEW_CALIBRATION,FIRST_PANEL_08_ML_ENGINEER,CALIBRATION,RESERVED,0.25,2027-02-04T10:00:00+09:00,CALIBRATION_REQUIRED
EA_001509,APP0268_FIRST_INTERVIEW,APP0268_FIRST_INTERVIEW_CALIBRATION,FIRST_PANEL_08_ML_ENGINEER,CALIBRATION,CONSUMED,0.25,2027-02-04T10:15:00+09:00,ACTUAL_PARTICIPATION
EA_001510,APP0268_FIRST_INTERVIEW,APP0268_FIRST_INTERVIEW_CALIBRATION,FIRST_PANEL_08_HIRING_MANAGER,CALIBRATION,RESERVED,0.25,2027-02-04T10:00:00+09:00,CALIBRATION_REQUIRED
EA_001511,APP0268_FIRST_INTERVIEW,APP0268_FIRST_INTERVIEW_CALIBRATION,FIRST_PANEL_08_HIRING_MANAGER,CALIBRATION,CONSUMED,0.25,2027-02-04T10:15:00+09:00,ACTUAL_PARTICIPATION
EA_001512,APP0269_FIRST_INTERVIEW,,FIRST_PANEL_09_ML_ENGINEER,INTERVIEW,RESERVED,1.0,2026-12-08T14:04:00+09:00,SCHEDULED_ALLOCATION
EA_001513,APP0269_FIRST_INTERVIEW,,FIRST_PANEL_09_HIRING_MANAGER,INTERVIEW,RESERVED,1.0,2026-12-08T14:04:00+09:00,SCHEDULED_ALLOCATION
EA_001514,APP0269_FIRST_INTERVIEW,,FIRST_PANEL_09_TECHNICAL_REVIEWER,INTERVIEW,RESERVED,1.0,2026-12-08T14:04:00+09:00,SCHEDULED_ALLOCATION
EA_001515,APP0269_FIRST_INTERVIEW,APP0269_FIRST_INTERVIEW_FIRST_INTERVIEW_SESSION,FIRST_PANEL_09_ML_ENGINEER,INTERVIEW,CONSUMED,1.0,2027-02-04T10:00:00+09:00,ACTUAL_PARTICIPATION
EA_001516,APP0269_FIRST_INTERVIEW,APP0269_FIRST_INTERVIEW_FIRST_INTERVIEW_SESSION,FIRST_PANEL_09_HIRING_MANAGER,INTERVIEW,CONSUMED,1.0,2027-02-04T10:00:00+09:00,ACTUAL_PARTICIPATION
EA_001517,APP0269_FIRST_INTERVIEW,APP0269_FIRST_INTERVIEW_FIRST_INTERVIEW_SESSION,FIRST_PANEL_09_TECHNICAL_REVIEWER,INTERVIEW,CONSUMED,1.0,2027-02-04T10:00:00+09:00,ACTUAL_PARTICIPATION
EA_001518,APP0269_FIRST_INTERVIEW,APP0269_FIRST_INTERVIEW_CALIBRATION,FIRST_PANEL_09_ML_ENGINEER,CALIBRATION,RESERVED,0.25,2027-02-04T10:00:00+09:00,CALIBRATION_REQUIRED
EA_001519,APP0269_FIRST_INTERVIEW,APP0269_FIRST_INTERVIEW_CALIBRATION,FIRST_PANEL_09_ML_ENGINEER,CALIBRATION,CONSUMED,0.25,2027-02-04T10:15:00+09:00,ACTUAL_PARTICIPATION
EA_001520,APP0269_FIRST_INTERVIEW,APP0269_FIRST_INTERVIEW_CALIBRATION,FIRST_PANEL_09_HIRING_MANAGER,CALIBRATION,RESERVED,0.25,2027-02-04T10:00:00+09:00,CALIBRATION_REQUIRED
EA_001521,APP0269_FIRST_INTERVIEW,APP0269_FIRST_INTERVIEW_CALIBRATION,FIRST_PANEL_09_HIRING_MANAGER,CALIBRATION,CONSUMED,0.25,2027-02-04T10:15:00+09:00,ACTUAL_PARTICIPATION
EA_001522,APP0270_FIRST_INTERVIEW,,FIRST_PANEL_10_ML_ENGINEER,INTERVIEW,RESERVED,1.0,2026-12-08T14:04:00+09:00,SCHEDULED_ALLOCATION
EA_001523,APP0270_FIRST_INTERVIEW,,FIRST_PANEL_10_HIRING_MANAGER,INTERVIEW,RESERVED,1.0,2026-12-08T14:04:00+09:00,SCHEDULED_ALLOCATION
EA_001524,APP0270_FIRST_INTERVIEW,,FIRST_PANEL_10_TECHNICAL_REVIEWER,INTERVIEW,RESERVED,1.0,2026-12-08T14:04:00+09:00,SCHEDULED_ALLOCATION
EA_001525,APP0270_FIRST_INTERVIEW,APP0270_FIRST_INTERVIEW_FIRST_INTERVIEW_SESSION,FIRST_PANEL_10_ML_ENGINEER,INTERVIEW,CONSUMED,1.0,2027-02-04T10:00:00+09:00,ACTUAL_PARTICIPATION
EA_001526,APP0270_FIRST_INTERVIEW,APP0270_FIRST_INTERVIEW_FIRST_INTERVIEW_SESSION,FIRST_PANEL_10_HIRING_MANAGER,INTERVIEW,CONSUMED,1.0,2027-02-04T10:00:00+09:00,ACTUAL_PARTICIPATION
EA_001527,APP0270_FIRST_INTERVIEW,APP0270_FIRST_INTERVIEW_FIRST_INTERVIEW_SESSION,FIRST_PANEL_10_TECHNICAL_REVIEWER,INTERVIEW,CONSUMED,1.0,2027-02-04T10:00:00+09:00,ACTUAL_PARTICIPATION
EA_001528,APP0270_FIRST_INTERVIEW,APP0270_FIRST_INTERVIEW_CALIBRATION,FIRST_PANEL_10_ML_ENGINEER,CALIBRATION,RESERVED,0.25,2027-02-04T10:00:00+09:00,CALIBRATION_REQUIRED
EA_001529,APP0270_FIRST_INTERVIEW,APP0270_FIRST_INTERVIEW_CALIBRATION,FIRST_PANEL_10_ML_ENGINEER,CALIBRATION,CONSUMED,0.25,2027-02-04T10:15:00+09:00,ACTUAL_PARTICIPATION
EA_001530,APP0270_FIRST_INTERVIEW,APP0270_FIRST_INTERVIEW_CALIBRATION,FIRST_PANEL_10_HIRING_MANAGER,CALIBRATION,RESERVED,0.25,2027-02-04T10:00:00+09:00,CALIBRATION_REQUIRED
EA_001531,APP0270_FIRST_INTERVIEW,APP0270_FIRST_INTERVIEW_CALIBRATION,FIRST_PANEL_10_HIRING_MANAGER,CALIBRATION,CONSUMED,0.25,2027-02-04T10:15:00+09:00,ACTUAL_PARTICIPATION
EA_001532,APP0272_FIRST_INTERVIEW,,FIRST_PANEL_01_ML_ENGINEER,INTERVIEW,RESERVED,1.0,2026-12-08T14:04:00+09:00,SCHEDULED_ALLOCATION
EA_001533,APP0272_FIRST_INTERVIEW,,FIRST_PANEL_01_HIRING_MANAGER,INTERVIEW,RESERVED,1.0,2026-12-08T14:04:00+09:00,SCHEDULED_ALLOCATION
EA_001534,APP0272_FIRST_INTERVIEW,,FIRST_PANEL_01_TECHNICAL_REVIEWER,INTERVIEW,RESERVED,1.0,2026-12-08T14:04:00+09:00,SCHEDULED_ALLOCATION
EA_001535,APP0272_FIRST_INTERVIEW,APP0272_FIRST_INTERVIEW_FIRST_INTERVIEW_SESSION,FIRST_PANEL_01_ML_ENGINEER,INTERVIEW,CONSUMED,1.0,2027-02-08T10:00:00+09:00,ACTUAL_PARTICIPATION
EA_001536,APP0272_FIRST_INTERVIEW,APP0272_FIRST_INTERVIEW_FIRST_INTERVIEW_SESSION,FIRST_PANEL_01_HIRING_MANAGER,INTERVIEW,CONSUMED,1.0,2027-02-08T10:00:00+09:00,ACTUAL_PARTICIPATION
EA_001537,APP0272_FIRST_INTERVIEW,APP0272_FIRST_INTERVIEW_FIRST_INTERVIEW_SESSION,FIRST_PANEL_01_TECHNICAL_REVIEWER,INTERVIEW,CONSUMED,1.0,2027-02-08T10:00:00+09:00,ACTUAL_PARTICIPATION
EA_001538,APP0272_FIRST_INTERVIEW,APP0272_FIRST_INTERVIEW_CALIBRATION,FIRST_PANEL_01_ML_ENGINEER,CALIBRATION,RESERVED,0.25,2027-02-08T10:00:00+09:00,CALIBRATION_REQUIRED
EA_001539,APP0272_FIRST_INTERVIEW,APP0272_FIRST_INTERVIEW_CALIBRATION,FIRST_PANEL_01_ML_ENGINEER,CALIBRATION,CONSUMED,0.25,2027-02-08T10:15:00+09:00,ACTUAL_PARTICIPATION
EA_001540,APP0272_FIRST_INTERVIEW,APP0272_FIRST_INTERVIEW_CALIBRATION,FIRST_PANEL_01_HIRING_MANAGER,CALIBRATION,RESERVED,0.25,2027-02-08T10:00:00+09:00,CALIBRATION_REQUIRED
EA_001541,APP0272_FIRST_INTERVIEW,APP0272_FIRST_INTERVIEW_CALIBRATION,FIRST_PANEL_01_HIRING_MANAGER,CALIBRATION,CONSUMED,0.25,2027-02-08T10:15:00+09:00,ACTUAL_PARTICIPATION
EA_001542,APP0273_FIRST_INTERVIEW,,FIRST_PANEL_02_ML_ENGINEER,INTERVIEW,RESERVED,1.0,2026-12-08T14:04:00+09:00,SCHEDULED_ALLOCATION
EA_001543,APP0273_FIRST_INTERVIEW,,FIRST_PANEL_02_HIRING_MANAGER,INTERVIEW,RESERVED,1.0,2026-12-08T14:04:00+09:00,SCHEDULED_ALLOCATION
EA_001544,APP0273_FIRST_INTERVIEW,,FIRST_PANEL_02_TECHNICAL_REVIEWER,INTERVIEW,RESERVED,1.0,2026-12-08T14:04:00+09:00,SCHEDULED_ALLOCATION
EA_001545,APP0273_FIRST_INTERVIEW,APP0273_FIRST_INTERVIEW_FIRST_INTERVIEW_SESSION,FIRST_PANEL_02_ML_ENGINEER,INTERVIEW,CONSUMED,1.0,2027-02-08T10:00:00+09:00,ACTUAL_PARTICIPATION
EA_001546,APP0273_FIRST_INTERVIEW,APP0273_FIRST_INTERVIEW_FIRST_INTERVIEW_SESSION,FIRST_PANEL_02_HIRING_MANAGER,INTERVIEW,CONSUMED,1.0,2027-02-08T10:00:00+09:00,ACTUAL_PARTICIPATION
EA_001547,APP0273_FIRST_INTERVIEW,APP0273_FIRST_INTERVIEW_FIRST_INTERVIEW_SESSION,FIRST_PANEL_02_TECHNICAL_REVIEWER,INTERVIEW,CONSUMED,1.0,2027-02-08T10:00:00+09:00,ACTUAL_PARTICIPATION
EA_001548,APP0273_FIRST_INTERVIEW,APP0273_FIRST_INTERVIEW_CALIBRATION,FIRST_PANEL_02_ML_ENGINEER,CALIBRATION,RESERVED,0.25,2027-02-08T10:00:00+09:00,CALIBRATION_REQUIRED
EA_001549,APP0273_FIRST_INTERVIEW,APP0273_FIRST_INTERVIEW_CALIBRATION,FIRST_PANEL_02_ML_ENGINEER,CALIBRATION,CONSUMED,0.25,2027-02-08T10:15:00+09:00,ACTUAL_PARTICIPATION
EA_001550,APP0273_FIRST_INTERVIEW,APP0273_FIRST_INTERVIEW_CALIBRATION,FIRST_PANEL_02_HIRING_MANAGER,CALIBRATION,RESERVED,0.25,2027-02-08T10:00:00+09:00,CALIBRATION_REQUIRED
EA_001551,APP0273_FIRST_INTERVIEW,APP0273_FIRST_INTERVIEW_CALIBRATION,FIRST_PANEL_02_HIRING_MANAGER,CALIBRATION,CONSUMED,0.25,2027-02-08T10:15:00+09:00,ACTUAL_PARTICIPATION
EA_001552,APP0274_FIRST_INTERVIEW,,FIRST_PANEL_03_ML_ENGINEER,INTERVIEW,RESERVED,1.0,2026-12-08T14:04:00+09:00,SCHEDULED_ALLOCATION
EA_001553,APP0274_FIRST_INTERVIEW,,FIRST_PANEL_03_HIRING_MANAGER,INTERVIEW,RESERVED,1.0,2026-12-08T14:04:00+09:00,SCHEDULED_ALLOCATION
EA_001554,APP0274_FIRST_INTERVIEW,,FIRST_PANEL_03_TECHNICAL_REVIEWER,INTERVIEW,RESERVED,1.0,2026-12-08T14:04:00+09:00,SCHEDULED_ALLOCATION
EA_001555,APP0274_FIRST_INTERVIEW,APP0274_FIRST_INTERVIEW_FIRST_INTERVIEW_SESSION,FIRST_PANEL_03_ML_ENGINEER,INTERVIEW,CONSUMED,1.0,2027-02-08T10:00:00+09:00,ACTUAL_PARTICIPATION
EA_001556,APP0274_FIRST_INTERVIEW,APP0274_FIRST_INTERVIEW_FIRST_INTERVIEW_SESSION,FIRST_PANEL_03_HIRING_MANAGER,INTERVIEW,CONSUMED,1.0,2027-02-08T10:00:00+09:00,ACTUAL_PARTICIPATION
EA_001557,APP0274_FIRST_INTERVIEW,APP0274_FIRST_INTERVIEW_FIRST_INTERVIEW_SESSION,FIRST_PANEL_03_TECHNICAL_REVIEWER,INTERVIEW,CONSUMED,1.0,2027-02-08T10:00:00+09:00,ACTUAL_PARTICIPATION
EA_001558,APP0274_FIRST_INTERVIEW,APP0274_FIRST_INTERVIEW_CALIBRATION,FIRST_PANEL_03_ML_ENGINEER,CALIBRATION,RESERVED,0.25,2027-02-08T10:00:00+09:00,CALIBRATION_REQUIRED
EA_001559,APP0274_FIRST_INTERVIEW,APP0274_FIRST_INTERVIEW_CALIBRATION,FIRST_PANEL_03_ML_ENGINEER,CALIBRATION,CONSUMED,0.25,2027-02-08T10:15:00+09:00,ACTUAL_PARTICIPATION
EA_001560,APP0274_FIRST_INTERVIEW,APP0274_FIRST_INTERVIEW_CALIBRATION,FIRST_PANEL_03_HIRING_MANAGER,CALIBRATION,RESERVED,0.25,2027-02-08T10:00:00+09:00,CALIBRATION_REQUIRED
EA_001561,APP0274_FIRST_INTERVIEW,APP0274_FIRST_INTERVIEW_CALIBRATION,FIRST_PANEL_03_HIRING_MANAGER,CALIBRATION,CONSUMED,0.25,2027-02-08T10:15:00+09:00,ACTUAL_PARTICIPATION
EA_001562,APP0275_FIRST_INTERVIEW,,FIRST_PANEL_04_ML_ENGINEER,INTERVIEW,RESERVED,1.0,2026-12-08T14:04:00+09:00,SCHEDULED_ALLOCATION
EA_001563,APP0275_FIRST_INTERVIEW,,FIRST_PANEL_04_HIRING_MANAGER,INTERVIEW,RESERVED,1.0,2026-12-08T14:04:00+09:00,SCHEDULED_ALLOCATION
EA_001564,APP0275_FIRST_INTERVIEW,,FIRST_PANEL_04_TECHNICAL_REVIEWER,INTERVIEW,RESERVED,1.0,2026-12-08T14:04:00+09:00,SCHEDULED_ALLOCATION
EA_001565,APP0275_FIRST_INTERVIEW,APP0275_FIRST_INTERVIEW_FIRST_INTERVIEW_SESSION,FIRST_PANEL_04_ML_ENGINEER,INTERVIEW,CONSUMED,1.0,2027-02-08T10:00:00+09:00,ACTUAL_PARTICIPATION
EA_001566,APP0275_FIRST_INTERVIEW,APP0275_FIRST_INTERVIEW_FIRST_INTERVIEW_SESSION,FIRST_PANEL_04_HIRING_MANAGER,INTERVIEW,CONSUMED,1.0,2027-02-08T10:00:00+09:00,ACTUAL_PARTICIPATION
EA_001567,APP0275_FIRST_INTERVIEW,APP0275_FIRST_INTERVIEW_FIRST_INTERVIEW_SESSION,FIRST_PANEL_04_TECHNICAL_REVIEWER,INTERVIEW,CONSUMED,1.0,2027-02-08T10:00:00+09:00,ACTUAL_PARTICIPATION
EA_001568,APP0275_FIRST_INTERVIEW,APP0275_FIRST_INTERVIEW_CALIBRATION,FIRST_PANEL_04_ML_ENGINEER,CALIBRATION,RESERVED,0.25,2027-02-08T10:00:00+09:00,CALIBRATION_REQUIRED
EA_001569,APP0275_FIRST_INTERVIEW,APP0275_FIRST_INTERVIEW_CALIBRATION,FIRST_PANEL_04_ML_ENGINEER,CALIBRATION,CONSUMED,0.25,2027-02-08T10:15:00+09:00,ACTUAL_PARTICIPATION
EA_001570,APP0275_FIRST_INTERVIEW,APP0275_FIRST_INTERVIEW_CALIBRATION,FIRST_PANEL_04_HIRING_MANAGER,CALIBRATION,RESERVED,0.25,2027-02-08T10:00:00+09:00,CALIBRATION_REQUIRED
EA_001571,APP0275_FIRST_INTERVIEW,APP0275_FIRST_INTERVIEW_CALIBRATION,FIRST_PANEL_04_HIRING_MANAGER,CALIBRATION,CONSUMED,0.25,2027-02-08T10:15:00+09:00,ACTUAL_PARTICIPATION
EA_001572,APP0278_FIRST_INTERVIEW,,FIRST_PANEL_05_ML_ENGINEER,INTERVIEW,RESERVED,1.0,2026-12-08T14:04:00+09:00,SCHEDULED_ALLOCATION
EA_001573,APP0278_FIRST_INTERVIEW,,FIRST_PANEL_05_HIRING_MANAGER,INTERVIEW,RESERVED,1.0,2026-12-08T14:04:00+09:00,SCHEDULED_ALLOCATION
EA_001574,APP0278_FIRST_INTERVIEW,,FIRST_PANEL_05_TECHNICAL_REVIEWER,INTERVIEW,RESERVED,1.0,2026-12-08T14:04:00+09:00,SCHEDULED_ALLOCATION
EA_001575,APP0278_FIRST_INTERVIEW,APP0278_FIRST_INTERVIEW_FIRST_INTERVIEW_SESSION,FIRST_PANEL_05_ML_ENGINEER,INTERVIEW,CONSUMED,1.0,2027-02-08T10:00:00+09:00,ACTUAL_PARTICIPATION
EA_001576,APP0278_FIRST_INTERVIEW,APP0278_FIRST_INTERVIEW_FIRST_INTERVIEW_SESSION,FIRST_PANEL_05_HIRING_MANAGER,INTERVIEW,CONSUMED,1.0,2027-02-08T10:00:00+09:00,ACTUAL_PARTICIPATION
EA_001577,APP0278_FIRST_INTERVIEW,APP0278_FIRST_INTERVIEW_FIRST_INTERVIEW_SESSION,FIRST_PANEL_05_TECHNICAL_REVIEWER,INTERVIEW,CONSUMED,1.0,2027-02-08T10:00:00+09:00,ACTUAL_PARTICIPATION
EA_001578,APP0278_FIRST_INTERVIEW,APP0278_FIRST_INTERVIEW_CALIBRATION,FIRST_PANEL_05_ML_ENGINEER,CALIBRATION,RESERVED,0.25,2027-02-08T10:00:00+09:00,CALIBRATION_REQUIRED
EA_001579,APP0278_FIRST_INTERVIEW,APP0278_FIRST_INTERVIEW_CALIBRATION,FIRST_PANEL_05_ML_ENGINEER,CALIBRATION,CONSUMED,0.25,2027-02-08T10:15:00+09:00,ACTUAL_PARTICIPATION
EA_001580,APP0278_FIRST_INTERVIEW,APP0278_FIRST_INTERVIEW_CALIBRATION,FIRST_PANEL_05_HIRING_MANAGER,CALIBRATION,RESERVED,0.25,2027-02-08T10:00:00+09:00,CALIBRATION_REQUIRED
EA_001581,APP0278_FIRST_INTERVIEW,APP0278_FIRST_INTERVIEW_CALIBRATION,FIRST_PANEL_05_HIRING_MANAGER,CALIBRATION,CONSUMED,0.25,2027-02-08T10:15:00+09:00,ACTUAL_PARTICIPATION
EA_001582,APP0279_FIRST_INTERVIEW,,FIRST_PANEL_06_ML_ENGINEER,INTERVIEW,RESERVED,1.0,2026-12-08T14:04:00+09:00,SCHEDULED_ALLOCATION
EA_001583,APP0279_FIRST_INTERVIEW,,FIRST_PANEL_06_HIRING_MANAGER,INTERVIEW,RESERVED,1.0,2026-12-08T14:04:00+09:00,SCHEDULED_ALLOCATION
EA_001584,APP0279_FIRST_INTERVIEW,,FIRST_PANEL_06_TECHNICAL_REVIEWER,INTERVIEW,RESERVED,1.0,2026-12-08T14:04:00+09:00,SCHEDULED_ALLOCATION
EA_001585,APP0279_FIRST_INTERVIEW,APP0279_FIRST_INTERVIEW_FIRST_INTERVIEW_SESSION,FIRST_PANEL_06_ML_ENGINEER,INTERVIEW,CONSUMED,1.0,2027-02-08T10:00:00+09:00,ACTUAL_PARTICIPATION
EA_001586,APP0279_FIRST_INTERVIEW,APP0279_FIRST_INTERVIEW_FIRST_INTERVIEW_SESSION,FIRST_PANEL_06_HIRING_MANAGER,INTERVIEW,CONSUMED,1.0,2027-02-08T10:00:00+09:00,ACTUAL_PARTICIPATION
EA_001587,APP0279_FIRST_INTERVIEW,APP0279_FIRST_INTERVIEW_FIRST_INTERVIEW_SESSION,FIRST_PANEL_06_TECHNICAL_REVIEWER,INTERVIEW,CONSUMED,1.0,2027-02-08T10:00:00+09:00,ACTUAL_PARTICIPATION
EA_001588,APP0279_FIRST_INTERVIEW,APP0279_FIRST_INTERVIEW_CALIBRATION,FIRST_PANEL_06_ML_ENGINEER,CALIBRATION,RESERVED,0.25,2027-02-08T10:00:00+09:00,CALIBRATION_REQUIRED
EA_001589,APP0279_FIRST_INTERVIEW,APP0279_FIRST_INTERVIEW_CALIBRATION,FIRST_PANEL_06_ML_ENGINEER,CALIBRATION,CONSUMED,0.25,2027-02-08T10:15:00+09:00,ACTUAL_PARTICIPATION
EA_001590,APP0279_FIRST_INTERVIEW,APP0279_FIRST_INTERVIEW_CALIBRATION,FIRST_PANEL_06_HIRING_MANAGER,CALIBRATION,RESERVED,0.25,2027-02-08T10:00:00+09:00,CALIBRATION_REQUIRED
EA_001591,APP0279_FIRST_INTERVIEW,APP0279_FIRST_INTERVIEW_CALIBRATION,FIRST_PANEL_06_HIRING_MANAGER,CALIBRATION,CONSUMED,0.25,2027-02-08T10:15:00+09:00,ACTUAL_PARTICIPATION
EA_001592,APP0285_FIRST_INTERVIEW,,FIRST_PANEL_07_ML_ENGINEER,INTERVIEW,RESERVED,1.0,2026-12-08T14:04:00+09:00,SCHEDULED_ALLOCATION
EA_001593,APP0285_FIRST_INTERVIEW,,FIRST_PANEL_07_HIRING_MANAGER,INTERVIEW,RESERVED,1.0,2026-12-08T14:04:00+09:00,SCHEDULED_ALLOCATION
EA_001594,APP0285_FIRST_INTERVIEW,,FIRST_PANEL_07_TECHNICAL_REVIEWER,INTERVIEW,RESERVED,1.0,2026-12-08T14:04:00+09:00,SCHEDULED_ALLOCATION
EA_001595,APP0285_FIRST_INTERVIEW,APP0285_FIRST_INTERVIEW_FIRST_INTERVIEW_SESSION,FIRST_PANEL_07_ML_ENGINEER,INTERVIEW,CONSUMED,1.0,2027-02-08T10:00:00+09:00,ACTUAL_PARTICIPATION
EA_001596,APP0285_FIRST_INTERVIEW,APP0285_FIRST_INTERVIEW_FIRST_INTERVIEW_SESSION,FIRST_PANEL_07_HIRING_MANAGER,INTERVIEW,CONSUMED,1.0,2027-02-08T10:00:00+09:00,ACTUAL_PARTICIPATION
EA_001597,APP0285_FIRST_INTERVIEW,APP0285_FIRST_INTERVIEW_FIRST_INTERVIEW_SESSION,FIRST_PANEL_07_TECHNICAL_REVIEWER,INTERVIEW,CONSUMED,1.0,2027-02-08T10:00:00+09:00,ACTUAL_PARTICIPATION
EA_001598,APP0285_FIRST_INTERVIEW,APP0285_FIRST_INTERVIEW_CALIBRATION,FIRST_PANEL_07_ML_ENGINEER,CALIBRATION,RESERVED,0.25,2027-02-08T10:00:00+09:00,CALIBRATION_REQUIRED
EA_001599,APP0285_FIRST_INTERVIEW,APP0285_FIRST_INTERVIEW_CALIBRATION,FIRST_PANEL_07_ML_ENGINEER,CALIBRATION,CONSUMED,0.25,2027-02-08T10:15:00+09:00,ACTUAL_PARTICIPATION
EA_001600,APP0285_FIRST_INTERVIEW,APP0285_FIRST_INTERVIEW_CALIBRATION,FIRST_PANEL_07_HIRING_MANAGER,CALIBRATION,RESERVED,0.25,2027-02-08T10:00:00+09:00,CALIBRATION_REQUIRED
EA_001601,APP0285_FIRST_INTERVIEW,APP0285_FIRST_INTERVIEW_CALIBRATION,FIRST_PANEL_07_HIRING_MANAGER,CALIBRATION,CONSUMED,0.25,2027-02-08T10:15:00+09:00,ACTUAL_PARTICIPATION
EA_001602,APP0286_FIRST_INTERVIEW,,FIRST_PANEL_08_ML_ENGINEER,INTERVIEW,RESERVED,1.0,2026-12-08T14:04:00+09:00,SCHEDULED_ALLOCATION
EA_001603,APP0286_FIRST_INTERVIEW,,FIRST_PANEL_08_HIRING_MANAGER,INTERVIEW,RESERVED,1.0,2026-12-08T14:04:00+09:00,SCHEDULED_ALLOCATION
EA_001604,APP0286_FIRST_INTERVIEW,,FIRST_PANEL_08_TECHNICAL_REVIEWER,INTERVIEW,RESERVED,1.0,2026-12-08T14:04:00+09:00,SCHEDULED_ALLOCATION
EA_001605,APP0286_FIRST_INTERVIEW,APP0286_FIRST_INTERVIEW_FIRST_INTERVIEW_SESSION,FIRST_PANEL_08_ML_ENGINEER,INTERVIEW,CONSUMED,1.0,2027-02-08T10:00:00+09:00,ACTUAL_PARTICIPATION
EA_001606,APP0286_FIRST_INTERVIEW,APP0286_FIRST_INTERVIEW_FIRST_INTERVIEW_SESSION,FIRST_PANEL_08_HIRING_MANAGER,INTERVIEW,CONSUMED,1.0,2027-02-08T10:00:00+09:00,ACTUAL_PARTICIPATION
EA_001607,APP0286_FIRST_INTERVIEW,APP0286_FIRST_INTERVIEW_FIRST_INTERVIEW_SESSION,FIRST_PANEL_08_TECHNICAL_REVIEWER,INTERVIEW,CONSUMED,1.0,2027-02-08T10:00:00+09:00,ACTUAL_PARTICIPATION
EA_001608,APP0286_FIRST_INTERVIEW,APP0286_FIRST_INTERVIEW_CALIBRATION,FIRST_PANEL_08_ML_ENGINEER,CALIBRATION,RESERVED,0.25,2027-02-08T10:00:00+09:00,CALIBRATION_REQUIRED
EA_001609,APP0286_FIRST_INTERVIEW,APP0286_FIRST_INTERVIEW_CALIBRATION,FIRST_PANEL_08_ML_ENGINEER,CALIBRATION,CONSUMED,0.25,2027-02-08T10:15:00+09:00,ACTUAL_PARTICIPATION
EA_001610,APP0286_FIRST_INTERVIEW,APP0286_FIRST_INTERVIEW_CALIBRATION,FIRST_PANEL_08_HIRING_MANAGER,CALIBRATION,RESERVED,0.25,2027-02-08T10:00:00+09:00,CALIBRATION_REQUIRED
EA_001611,APP0286_FIRST_INTERVIEW,APP0286_FIRST_INTERVIEW_CALIBRATION,FIRST_PANEL_08_HIRING_MANAGER,CALIBRATION,CONSUMED,0.25,2027-02-08T10:15:00+09:00,ACTUAL_PARTICIPATION
EA_001612,APP0288_FIRST_INTERVIEW,,FIRST_PANEL_09_ML_ENGINEER,INTERVIEW,RESERVED,1.0,2026-12-08T14:04:00+09:00,SCHEDULED_ALLOCATION
EA_001613,APP0288_FIRST_INTERVIEW,,FIRST_PANEL_09_HIRING_MANAGER,INTERVIEW,RESERVED,1.0,2026-12-08T14:04:00+09:00,SCHEDULED_ALLOCATION
EA_001614,APP0288_FIRST_INTERVIEW,,FIRST_PANEL_09_TECHNICAL_REVIEWER,INTERVIEW,RESERVED,1.0,2026-12-08T14:04:00+09:00,SCHEDULED_ALLOCATION
EA_001615,APP0288_FIRST_INTERVIEW,APP0288_FIRST_INTERVIEW_FIRST_INTERVIEW_SESSION,FIRST_PANEL_09_ML_ENGINEER,INTERVIEW,CONSUMED,1.0,2027-02-08T10:00:00+09:00,ACTUAL_PARTICIPATION
EA_001616,APP0288_FIRST_INTERVIEW,APP0288_FIRST_INTERVIEW_FIRST_INTERVIEW_SESSION,FIRST_PANEL_09_HIRING_MANAGER,INTERVIEW,CONSUMED,1.0,2027-02-08T10:00:00+09:00,ACTUAL_PARTICIPATION
EA_001617,APP0288_FIRST_INTERVIEW,APP0288_FIRST_INTERVIEW_FIRST_INTERVIEW_SESSION,FIRST_PANEL_09_TECHNICAL_REVIEWER,INTERVIEW,CONSUMED,1.0,2027-02-08T10:00:00+09:00,ACTUAL_PARTICIPATION
EA_001618,APP0288_FIRST_INTERVIEW,APP0288_FIRST_INTERVIEW_CALIBRATION,FIRST_PANEL_09_ML_ENGINEER,CALIBRATION,RESERVED,0.25,2027-02-08T10:00:00+09:00,CALIBRATION_REQUIRED
EA_001619,APP0288_FIRST_INTERVIEW,APP0288_FIRST_INTERVIEW_CALIBRATION,FIRST_PANEL_09_ML_ENGINEER,CALIBRATION,CONSUMED,0.25,2027-02-08T10:15:00+09:00,ACTUAL_PARTICIPATION
EA_001620,APP0288_FIRST_INTERVIEW,APP0288_FIRST_INTERVIEW_CALIBRATION,FIRST_PANEL_09_HIRING_MANAGER,CALIBRATION,RESERVED,0.25,2027-02-08T10:00:00+09:00,CALIBRATION_REQUIRED
EA_001621,APP0288_FIRST_INTERVIEW,APP0288_FIRST_INTERVIEW_CALIBRATION,FIRST_PANEL_09_HIRING_MANAGER,CALIBRATION,CONSUMED,0.25,2027-02-08T10:15:00+09:00,ACTUAL_PARTICIPATION
EA_001622,APP0289_FIRST_INTERVIEW,,FIRST_PANEL_10_ML_ENGINEER,INTERVIEW,RESERVED,1.0,2026-12-08T14:04:00+09:00,SCHEDULED_ALLOCATION
EA_001623,APP0289_FIRST_INTERVIEW,,FIRST_PANEL_10_HIRING_MANAGER,INTERVIEW,RESERVED,1.0,2026-12-08T14:04:00+09:00,SCHEDULED_ALLOCATION
EA_001624,APP0289_FIRST_INTERVIEW,,FIRST_PANEL_10_TECHNICAL_REVIEWER,INTERVIEW,RESERVED,1.0,2026-12-08T14:04:00+09:00,SCHEDULED_ALLOCATION
EA_001625,APP0289_FIRST_INTERVIEW,APP0289_FIRST_INTERVIEW_FIRST_INTERVIEW_SESSION,FIRST_PANEL_10_ML_ENGINEER,INTERVIEW,CONSUMED,1.0,2027-02-08T10:00:00+09:00,ACTUAL_PARTICIPATION
EA_001626,APP0289_FIRST_INTERVIEW,APP0289_FIRST_INTERVIEW_FIRST_INTERVIEW_SESSION,FIRST_PANEL_10_HIRING_MANAGER,INTERVIEW,CONSUMED,1.0,2027-02-08T10:00:00+09:00,ACTUAL_PARTICIPATION
EA_001627,APP0289_FIRST_INTERVIEW,APP0289_FIRST_INTERVIEW_FIRST_INTERVIEW_SESSION,FIRST_PANEL_10_TECHNICAL_REVIEWER,INTERVIEW,CONSUMED,1.0,2027-02-08T10:00:00+09:00,ACTUAL_PARTICIPATION
EA_001628,APP0289_FIRST_INTERVIEW,APP0289_FIRST_INTERVIEW_CALIBRATION,FIRST_PANEL_10_ML_ENGINEER,CALIBRATION,RESERVED,0.25,2027-02-08T10:00:00+09:00,CALIBRATION_REQUIRED
EA_001629,APP0289_FIRST_INTERVIEW,APP0289_FIRST_INTERVIEW_CALIBRATION,FIRST_PANEL_10_ML_ENGINEER,CALIBRATION,CONSUMED,0.25,2027-02-08T10:15:00+09:00,ACTUAL_PARTICIPATION
EA_001630,APP0289_FIRST_INTERVIEW,APP0289_FIRST_INTERVIEW_CALIBRATION,FIRST_PANEL_10_HIRING_MANAGER,CALIBRATION,RESERVED,0.25,2027-02-08T10:00:00+09:00,CALIBRATION_REQUIRED
EA_001631,APP0289_FIRST_INTERVIEW,APP0289_FIRST_INTERVIEW_CALIBRATION,FIRST_PANEL_10_HIRING_MANAGER,CALIBRATION,CONSUMED,0.25,2027-02-08T10:15:00+09:00,ACTUAL_PARTICIPATION
EA_001632,APP0295_FIRST_INTERVIEW,,FIRST_PANEL_01_ML_ENGINEER,INTERVIEW,RESERVED,1.0,2026-12-08T14:04:00+09:00,SCHEDULED_ALLOCATION
EA_001633,APP0295_FIRST_INTERVIEW,,FIRST_PANEL_01_HIRING_MANAGER,INTERVIEW,RESERVED,1.0,2026-12-08T14:04:00+09:00,SCHEDULED_ALLOCATION
EA_001634,APP0295_FIRST_INTERVIEW,,FIRST_PANEL_01_TECHNICAL_REVIEWER,INTERVIEW,RESERVED,1.0,2026-12-08T14:04:00+09:00,SCHEDULED_ALLOCATION
EA_001635,APP0295_FIRST_INTERVIEW,APP0295_FIRST_INTERVIEW_FIRST_INTERVIEW_SESSION,FIRST_PANEL_01_ML_ENGINEER,INTERVIEW,CONSUMED,1.0,2027-02-11T10:00:00+09:00,ACTUAL_PARTICIPATION
EA_001636,APP0295_FIRST_INTERVIEW,APP0295_FIRST_INTERVIEW_FIRST_INTERVIEW_SESSION,FIRST_PANEL_01_HIRING_MANAGER,INTERVIEW,CONSUMED,1.0,2027-02-11T10:00:00+09:00,ACTUAL_PARTICIPATION
EA_001637,APP0295_FIRST_INTERVIEW,APP0295_FIRST_INTERVIEW_FIRST_INTERVIEW_SESSION,FIRST_PANEL_01_TECHNICAL_REVIEWER,INTERVIEW,CONSUMED,1.0,2027-02-11T10:00:00+09:00,ACTUAL_PARTICIPATION
EA_001638,APP0295_FIRST_INTERVIEW,APP0295_FIRST_INTERVIEW_CALIBRATION,FIRST_PANEL_01_ML_ENGINEER,CALIBRATION,RESERVED,0.25,2027-02-11T10:00:00+09:00,CALIBRATION_REQUIRED
EA_001639,APP0295_FIRST_INTERVIEW,APP0295_FIRST_INTERVIEW_CALIBRATION,FIRST_PANEL_01_ML_ENGINEER,CALIBRATION,CONSUMED,0.25,2027-02-11T10:15:00+09:00,ACTUAL_PARTICIPATION
EA_001640,APP0295_FIRST_INTERVIEW,APP0295_FIRST_INTERVIEW_CALIBRATION,FIRST_PANEL_01_HIRING_MANAGER,CALIBRATION,RESERVED,0.25,2027-02-11T10:00:00+09:00,CALIBRATION_REQUIRED
EA_001641,APP0295_FIRST_INTERVIEW,APP0295_FIRST_INTERVIEW_CALIBRATION,FIRST_PANEL_01_HIRING_MANAGER,CALIBRATION,CONSUMED,0.25,2027-02-11T10:15:00+09:00,ACTUAL_PARTICIPATION
EA_001642,APP0296_FIRST_INTERVIEW,,FIRST_PANEL_02_ML_ENGINEER,INTERVIEW,RESERVED,1.0,2026-12-08T14:04:00+09:00,SCHEDULED_ALLOCATION
EA_001643,APP0296_FIRST_INTERVIEW,,FIRST_PANEL_02_HIRING_MANAGER,INTERVIEW,RESERVED,1.0,2026-12-08T14:04:00+09:00,SCHEDULED_ALLOCATION
EA_001644,APP0296_FIRST_INTERVIEW,,FIRST_PANEL_02_TECHNICAL_REVIEWER,INTERVIEW,RESERVED,1.0,2026-12-08T14:04:00+09:00,SCHEDULED_ALLOCATION
EA_001645,APP0296_FIRST_INTERVIEW,APP0296_FIRST_INTERVIEW_FIRST_INTERVIEW_SESSION,FIRST_PANEL_02_ML_ENGINEER,INTERVIEW,CONSUMED,1.0,2027-02-11T10:00:00+09:00,ACTUAL_PARTICIPATION
EA_001646,APP0296_FIRST_INTERVIEW,APP0296_FIRST_INTERVIEW_FIRST_INTERVIEW_SESSION,FIRST_PANEL_02_HIRING_MANAGER,INTERVIEW,CONSUMED,1.0,2027-02-11T10:00:00+09:00,ACTUAL_PARTICIPATION
EA_001647,APP0296_FIRST_INTERVIEW,APP0296_FIRST_INTERVIEW_FIRST_INTERVIEW_SESSION,FIRST_PANEL_02_TECHNICAL_REVIEWER,INTERVIEW,CONSUMED,1.0,2027-02-11T10:00:00+09:00,ACTUAL_PARTICIPATION
EA_001648,APP0296_FIRST_INTERVIEW,APP0296_FIRST_INTERVIEW_CALIBRATION,FIRST_PANEL_02_ML_ENGINEER,CALIBRATION,RESERVED,0.25,2027-02-11T10:00:00+09:00,CALIBRATION_REQUIRED
EA_001649,APP0296_FIRST_INTERVIEW,APP0296_FIRST_INTERVIEW_CALIBRATION,FIRST_PANEL_02_ML_ENGINEER,CALIBRATION,CONSUMED,0.25,2027-02-11T10:15:00+09:00,ACTUAL_PARTICIPATION
EA_001650,APP0296_FIRST_INTERVIEW,APP0296_FIRST_INTERVIEW_CALIBRATION,FIRST_PANEL_02_HIRING_MANAGER,CALIBRATION,RESERVED,0.25,2027-02-11T10:00:00+09:00,CALIBRATION_REQUIRED
EA_001651,APP0296_FIRST_INTERVIEW,APP0296_FIRST_INTERVIEW_CALIBRATION,FIRST_PANEL_02_HIRING_MANAGER,CALIBRATION,CONSUMED,0.25,2027-02-11T10:15:00+09:00,ACTUAL_PARTICIPATION
EA_001652,APP0297_FIRST_INTERVIEW,,FIRST_PANEL_03_ML_ENGINEER,INTERVIEW,RESERVED,1.0,2026-12-08T14:04:00+09:00,SCHEDULED_ALLOCATION
EA_001653,APP0297_FIRST_INTERVIEW,,FIRST_PANEL_03_HIRING_MANAGER,INTERVIEW,RESERVED,1.0,2026-12-08T14:04:00+09:00,SCHEDULED_ALLOCATION
EA_001654,APP0297_FIRST_INTERVIEW,,FIRST_PANEL_03_TECHNICAL_REVIEWER,INTERVIEW,RESERVED,1.0,2026-12-08T14:04:00+09:00,SCHEDULED_ALLOCATION
EA_001655,APP0297_FIRST_INTERVIEW,APP0297_FIRST_INTERVIEW_FIRST_INTERVIEW_SESSION,FIRST_PANEL_03_ML_ENGINEER,INTERVIEW,CONSUMED,1.0,2027-02-11T10:00:00+09:00,ACTUAL_PARTICIPATION
EA_001656,APP0297_FIRST_INTERVIEW,APP0297_FIRST_INTERVIEW_FIRST_INTERVIEW_SESSION,FIRST_PANEL_03_HIRING_MANAGER,INTERVIEW,CONSUMED,1.0,2027-02-11T10:00:00+09:00,ACTUAL_PARTICIPATION
EA_001657,APP0297_FIRST_INTERVIEW,APP0297_FIRST_INTERVIEW_FIRST_INTERVIEW_SESSION,FIRST_PANEL_03_TECHNICAL_REVIEWER,INTERVIEW,CONSUMED,1.0,2027-02-11T10:00:00+09:00,ACTUAL_PARTICIPATION
EA_001658,APP0297_FIRST_INTERVIEW,APP0297_FIRST_INTERVIEW_CALIBRATION,FIRST_PANEL_03_ML_ENGINEER,CALIBRATION,RESERVED,0.25,2027-02-11T10:00:00+09:00,CALIBRATION_REQUIRED
EA_001659,APP0297_FIRST_INTERVIEW,APP0297_FIRST_INTERVIEW_CALIBRATION,FIRST_PANEL_03_ML_ENGINEER,CALIBRATION,CONSUMED,0.25,2027-02-11T10:15:00+09:00,ACTUAL_PARTICIPATION
EA_001660,APP0297_FIRST_INTERVIEW,APP0297_FIRST_INTERVIEW_CALIBRATION,FIRST_PANEL_03_HIRING_MANAGER,CALIBRATION,RESERVED,0.25,2027-02-11T10:00:00+09:00,CALIBRATION_REQUIRED
EA_001661,APP0297_FIRST_INTERVIEW,APP0297_FIRST_INTERVIEW_CALIBRATION,FIRST_PANEL_03_HIRING_MANAGER,CALIBRATION,CONSUMED,0.25,2027-02-11T10:15:00+09:00,ACTUAL_PARTICIPATION
EA_001662,APP0299_FIRST_INTERVIEW,,FIRST_PANEL_04_ML_ENGINEER,INTERVIEW,RESERVED,1.0,2026-12-08T14:04:00+09:00,SCHEDULED_ALLOCATION
EA_001663,APP0299_FIRST_INTERVIEW,,FIRST_PANEL_04_HIRING_MANAGER,INTERVIEW,RESERVED,1.0,2026-12-08T14:04:00+09:00,SCHEDULED_ALLOCATION
EA_001664,APP0299_FIRST_INTERVIEW,,FIRST_PANEL_04_TECHNICAL_REVIEWER,INTERVIEW,RESERVED,1.0,2026-12-08T14:04:00+09:00,SCHEDULED_ALLOCATION
EA_001665,APP0299_FIRST_INTERVIEW,APP0299_FIRST_INTERVIEW_FIRST_INTERVIEW_SESSION,FIRST_PANEL_04_ML_ENGINEER,INTERVIEW,CONSUMED,1.0,2027-02-11T10:00:00+09:00,ACTUAL_PARTICIPATION
EA_001666,APP0299_FIRST_INTERVIEW,APP0299_FIRST_INTERVIEW_FIRST_INTERVIEW_SESSION,FIRST_PANEL_04_HIRING_MANAGER,INTERVIEW,CONSUMED,1.0,2027-02-11T10:00:00+09:00,ACTUAL_PARTICIPATION
EA_001667,APP0299_FIRST_INTERVIEW,APP0299_FIRST_INTERVIEW_FIRST_INTERVIEW_SESSION,FIRST_PANEL_04_TECHNICAL_REVIEWER,INTERVIEW,CONSUMED,1.0,2027-02-11T10:00:00+09:00,ACTUAL_PARTICIPATION
EA_001668,APP0299_FIRST_INTERVIEW,APP0299_FIRST_INTERVIEW_CALIBRATION,FIRST_PANEL_04_ML_ENGINEER,CALIBRATION,RESERVED,0.25,2027-02-11T10:00:00+09:00,CALIBRATION_REQUIRED
EA_001669,APP0299_FIRST_INTERVIEW,APP0299_FIRST_INTERVIEW_CALIBRATION,FIRST_PANEL_04_ML_ENGINEER,CALIBRATION,CONSUMED,0.25,2027-02-11T10:15:00+09:00,ACTUAL_PARTICIPATION
EA_001670,APP0299_FIRST_INTERVIEW,APP0299_FIRST_INTERVIEW_CALIBRATION,FIRST_PANEL_04_HIRING_MANAGER,CALIBRATION,RESERVED,0.25,2027-02-11T10:00:00+09:00,CALIBRATION_REQUIRED
EA_001671,APP0299_FIRST_INTERVIEW,APP0299_FIRST_INTERVIEW_CALIBRATION,FIRST_PANEL_04_HIRING_MANAGER,CALIBRATION,CONSUMED,0.25,2027-02-11T10:15:00+09:00,ACTUAL_PARTICIPATION
EA_001672,APP0300_FIRST_INTERVIEW,,FIRST_PANEL_05_ML_ENGINEER,INTERVIEW,RESERVED,1.0,2026-12-08T14:04:00+09:00,SCHEDULED_ALLOCATION
EA_001673,APP0300_FIRST_INTERVIEW,,FIRST_PANEL_05_HIRING_MANAGER,INTERVIEW,RESERVED,1.0,2026-12-08T14:04:00+09:00,SCHEDULED_ALLOCATION
EA_001674,APP0300_FIRST_INTERVIEW,,FIRST_PANEL_05_TECHNICAL_REVIEWER,INTERVIEW,RESERVED,1.0,2026-12-08T14:04:00+09:00,SCHEDULED_ALLOCATION
EA_001675,APP0300_FIRST_INTERVIEW,APP0300_FIRST_INTERVIEW_FIRST_INTERVIEW_SESSION,FIRST_PANEL_05_ML_ENGINEER,INTERVIEW,CONSUMED,1.0,2027-02-11T10:00:00+09:00,ACTUAL_PARTICIPATION
EA_001676,APP0300_FIRST_INTERVIEW,APP0300_FIRST_INTERVIEW_FIRST_INTERVIEW_SESSION,FIRST_PANEL_05_HIRING_MANAGER,INTERVIEW,CONSUMED,1.0,2027-02-11T10:00:00+09:00,ACTUAL_PARTICIPATION
EA_001677,APP0300_FIRST_INTERVIEW,APP0300_FIRST_INTERVIEW_FIRST_INTERVIEW_SESSION,FIRST_PANEL_05_TECHNICAL_REVIEWER,INTERVIEW,CONSUMED,1.0,2027-02-11T10:00:00+09:00,ACTUAL_PARTICIPATION
EA_001678,APP0300_FIRST_INTERVIEW,APP0300_FIRST_INTERVIEW_CALIBRATION,FIRST_PANEL_05_ML_ENGINEER,CALIBRATION,RESERVED,0.25,2027-02-11T10:00:00+09:00,CALIBRATION_REQUIRED
EA_001679,APP0300_FIRST_INTERVIEW,APP0300_FIRST_INTERVIEW_CALIBRATION,FIRST_PANEL_05_ML_ENGINEER,CALIBRATION,CONSUMED,0.25,2027-02-11T10:15:00+09:00,ACTUAL_PARTICIPATION
EA_001680,APP0300_FIRST_INTERVIEW,APP0300_FIRST_INTERVIEW_CALIBRATION,FIRST_PANEL_05_HIRING_MANAGER,CALIBRATION,RESERVED,0.25,2027-02-11T10:00:00+09:00,CALIBRATION_REQUIRED
EA_001681,APP0300_FIRST_INTERVIEW,APP0300_FIRST_INTERVIEW_CALIBRATION,FIRST_PANEL_05_HIRING_MANAGER,CALIBRATION,CONSUMED,0.25,2027-02-11T10:15:00+09:00,ACTUAL_PARTICIPATION
EA_001682,APP0301_FIRST_INTERVIEW,,FIRST_PANEL_06_ML_ENGINEER,INTERVIEW,RESERVED,1.0,2026-12-08T14:04:00+09:00,SCHEDULED_ALLOCATION
EA_001683,APP0301_FIRST_INTERVIEW,,FIRST_PANEL_06_HIRING_MANAGER,INTERVIEW,RESERVED,1.0,2026-12-08T14:04:00+09:00,SCHEDULED_ALLOCATION
EA_001684,APP0301_FIRST_INTERVIEW,,FIRST_PANEL_06_TECHNICAL_REVIEWER,INTERVIEW,RESERVED,1.0,2026-12-08T14:04:00+09:00,SCHEDULED_ALLOCATION
EA_001685,APP0301_FIRST_INTERVIEW,APP0301_FIRST_INTERVIEW_FIRST_INTERVIEW_SESSION,FIRST_PANEL_06_ML_ENGINEER,INTERVIEW,CONSUMED,1.0,2027-02-11T10:00:00+09:00,ACTUAL_PARTICIPATION
EA_001686,APP0301_FIRST_INTERVIEW,APP0301_FIRST_INTERVIEW_FIRST_INTERVIEW_SESSION,FIRST_PANEL_06_HIRING_MANAGER,INTERVIEW,CONSUMED,1.0,2027-02-11T10:00:00+09:00,ACTUAL_PARTICIPATION
EA_001687,APP0301_FIRST_INTERVIEW,APP0301_FIRST_INTERVIEW_FIRST_INTERVIEW_SESSION,FIRST_PANEL_06_TECHNICAL_REVIEWER,INTERVIEW,CONSUMED,1.0,2027-02-11T10:00:00+09:00,ACTUAL_PARTICIPATION
EA_001688,APP0301_FIRST_INTERVIEW,APP0301_FIRST_INTERVIEW_CALIBRATION,FIRST_PANEL_06_ML_ENGINEER,CALIBRATION,RESERVED,0.25,2027-02-11T10:00:00+09:00,CALIBRATION_REQUIRED
EA_001689,APP0301_FIRST_INTERVIEW,APP0301_FIRST_INTERVIEW_CALIBRATION,FIRST_PANEL_06_ML_ENGINEER,CALIBRATION,CONSUMED,0.25,2027-02-11T10:15:00+09:00,ACTUAL_PARTICIPATION
EA_001690,APP0301_FIRST_INTERVIEW,APP0301_FIRST_INTERVIEW_CALIBRATION,FIRST_PANEL_06_HIRING_MANAGER,CALIBRATION,RESERVED,0.25,2027-02-11T10:00:00+09:00,CALIBRATION_REQUIRED
EA_001691,APP0301_FIRST_INTERVIEW,APP0301_FIRST_INTERVIEW_CALIBRATION,FIRST_PANEL_06_HIRING_MANAGER,CALIBRATION,CONSUMED,0.25,2027-02-11T10:15:00+09:00,ACTUAL_PARTICIPATION
EA_001692,APP0302_FIRST_INTERVIEW,,FIRST_PANEL_07_ML_ENGINEER,INTERVIEW,RESERVED,1.0,2026-12-08T14:04:00+09:00,SCHEDULED_ALLOCATION
EA_001693,APP0302_FIRST_INTERVIEW,,FIRST_PANEL_07_HIRING_MANAGER,INTERVIEW,RESERVED,1.0,2026-12-08T14:04:00+09:00,SCHEDULED_ALLOCATION
EA_001694,APP0302_FIRST_INTERVIEW,,FIRST_PANEL_07_TECHNICAL_REVIEWER,INTERVIEW,RESERVED,1.0,2026-12-08T14:04:00+09:00,SCHEDULED_ALLOCATION
EA_001695,APP0302_FIRST_INTERVIEW,APP0302_FIRST_INTERVIEW_FIRST_INTERVIEW_SESSION,FIRST_PANEL_07_ML_ENGINEER,INTERVIEW,CONSUMED,1.0,2027-02-11T10:00:00+09:00,ACTUAL_PARTICIPATION
EA_001696,APP0302_FIRST_INTERVIEW,APP0302_FIRST_INTERVIEW_FIRST_INTERVIEW_SESSION,FIRST_PANEL_07_HIRING_MANAGER,INTERVIEW,CONSUMED,1.0,2027-02-11T10:00:00+09:00,ACTUAL_PARTICIPATION
EA_001697,APP0302_FIRST_INTERVIEW,APP0302_FIRST_INTERVIEW_FIRST_INTERVIEW_SESSION,FIRST_PANEL_07_TECHNICAL_REVIEWER,INTERVIEW,CONSUMED,1.0,2027-02-11T10:00:00+09:00,ACTUAL_PARTICIPATION
EA_001698,APP0305_FIRST_INTERVIEW,,FIRST_PANEL_08_ML_ENGINEER,INTERVIEW,RESERVED,1.0,2026-12-08T14:04:00+09:00,SCHEDULED_ALLOCATION
EA_001699,APP0305_FIRST_INTERVIEW,,FIRST_PANEL_08_HIRING_MANAGER,INTERVIEW,RESERVED,1.0,2026-12-08T14:04:00+09:00,SCHEDULED_ALLOCATION
EA_001700,APP0305_FIRST_INTERVIEW,,FIRST_PANEL_08_TECHNICAL_REVIEWER,INTERVIEW,RESERVED,1.0,2026-12-08T14:04:00+09:00,SCHEDULED_ALLOCATION
EA_001701,APP0305_FIRST_INTERVIEW,APP0305_FIRST_INTERVIEW_FIRST_INTERVIEW_SESSION,FIRST_PANEL_08_ML_ENGINEER,INTERVIEW,CONSUMED,1.0,2027-02-11T10:00:00+09:00,ACTUAL_PARTICIPATION
EA_001702,APP0305_FIRST_INTERVIEW,APP0305_FIRST_INTERVIEW_FIRST_INTERVIEW_SESSION,FIRST_PANEL_08_HIRING_MANAGER,INTERVIEW,CONSUMED,1.0,2027-02-11T10:00:00+09:00,ACTUAL_PARTICIPATION
EA_001703,APP0305_FIRST_INTERVIEW,APP0305_FIRST_INTERVIEW_FIRST_INTERVIEW_SESSION,FIRST_PANEL_08_TECHNICAL_REVIEWER,INTERVIEW,CONSUMED,1.0,2027-02-11T10:00:00+09:00,ACTUAL_PARTICIPATION
EA_001704,APP0305_FIRST_INTERVIEW,APP0305_FIRST_INTERVIEW_CALIBRATION,FIRST_PANEL_08_ML_ENGINEER,CALIBRATION,RESERVED,0.25,2027-02-11T10:00:00+09:00,CALIBRATION_REQUIRED
EA_001705,APP0305_FIRST_INTERVIEW,APP0305_FIRST_INTERVIEW_CALIBRATION,FIRST_PANEL_08_ML_ENGINEER,CALIBRATION,CONSUMED,0.25,2027-02-11T10:15:00+09:00,ACTUAL_PARTICIPATION
EA_001706,APP0305_FIRST_INTERVIEW,APP0305_FIRST_INTERVIEW_CALIBRATION,FIRST_PANEL_08_HIRING_MANAGER,CALIBRATION,RESERVED,0.25,2027-02-11T10:00:00+09:00,CALIBRATION_REQUIRED
EA_001707,APP0305_FIRST_INTERVIEW,APP0305_FIRST_INTERVIEW_CALIBRATION,FIRST_PANEL_08_HIRING_MANAGER,CALIBRATION,CONSUMED,0.25,2027-02-11T10:15:00+09:00,ACTUAL_PARTICIPATION
EA_001708,APP0307_FIRST_INTERVIEW,,FIRST_PANEL_09_ML_ENGINEER,INTERVIEW,RESERVED,1.0,2026-12-08T14:04:00+09:00,SCHEDULED_ALLOCATION
EA_001709,APP0307_FIRST_INTERVIEW,,FIRST_PANEL_09_HIRING_MANAGER,INTERVIEW,RESERVED,1.0,2026-12-08T14:04:00+09:00,SCHEDULED_ALLOCATION
EA_001710,APP0307_FIRST_INTERVIEW,,FIRST_PANEL_09_TECHNICAL_REVIEWER,INTERVIEW,RESERVED,1.0,2026-12-08T14:04:00+09:00,SCHEDULED_ALLOCATION
EA_001711,APP0307_FIRST_INTERVIEW,,FIRST_PANEL_09_ML_ENGINEER,INTERVIEW,RELEASED,1.0,2027-02-12T09:00:00+09:00,NO_RESPONSE_UNUSED
EA_001712,APP0307_FIRST_INTERVIEW,,FIRST_PANEL_09_HIRING_MANAGER,INTERVIEW,RELEASED,1.0,2027-02-12T09:00:00+09:00,NO_RESPONSE_UNUSED
EA_001713,APP0307_FIRST_INTERVIEW,,FIRST_PANEL_09_TECHNICAL_REVIEWER,INTERVIEW,RELEASED,1.0,2027-02-12T09:00:00+09:00,NO_RESPONSE_UNUSED
EA_001714,APP0309_FIRST_INTERVIEW,,FIRST_PANEL_10_ML_ENGINEER,INTERVIEW,RESERVED,1.0,2026-12-08T14:04:00+09:00,SCHEDULED_ALLOCATION
EA_001715,APP0309_FIRST_INTERVIEW,,FIRST_PANEL_10_HIRING_MANAGER,INTERVIEW,RESERVED,1.0,2026-12-08T14:04:00+09:00,SCHEDULED_ALLOCATION
EA_001716,APP0309_FIRST_INTERVIEW,,FIRST_PANEL_10_TECHNICAL_REVIEWER,INTERVIEW,RESERVED,1.0,2026-12-08T14:04:00+09:00,SCHEDULED_ALLOCATION
EA_001717,APP0309_FIRST_INTERVIEW,APP0309_FIRST_INTERVIEW_FIRST_INTERVIEW_SESSION,FIRST_PANEL_10_ML_ENGINEER,INTERVIEW,CONSUMED,1.0,2027-02-11T10:00:00+09:00,ACTUAL_PARTICIPATION
EA_001718,APP0309_FIRST_INTERVIEW,APP0309_FIRST_INTERVIEW_FIRST_INTERVIEW_SESSION,FIRST_PANEL_10_HIRING_MANAGER,INTERVIEW,CONSUMED,1.0,2027-02-11T10:00:00+09:00,ACTUAL_PARTICIPATION
EA_001719,APP0309_FIRST_INTERVIEW,APP0309_FIRST_INTERVIEW_FIRST_INTERVIEW_SESSION,FIRST_PANEL_10_TECHNICAL_REVIEWER,INTERVIEW,CONSUMED,1.0,2027-02-11T10:00:00+09:00,ACTUAL_PARTICIPATION
EA_001720,APP0309_FIRST_INTERVIEW,APP0309_FIRST_INTERVIEW_CALIBRATION,FIRST_PANEL_10_ML_ENGINEER,CALIBRATION,RESERVED,0.25,2027-02-11T10:00:00+09:00,CALIBRATION_REQUIRED
EA_001721,APP0309_FIRST_INTERVIEW,APP0309_FIRST_INTERVIEW_CALIBRATION,FIRST_PANEL_10_ML_ENGINEER,CALIBRATION,CONSUMED,0.25,2027-02-11T10:15:00+09:00,ACTUAL_PARTICIPATION
EA_001722,APP0309_FIRST_INTERVIEW,APP0309_FIRST_INTERVIEW_CALIBRATION,FIRST_PANEL_10_HIRING_MANAGER,CALIBRATION,RESERVED,0.25,2027-02-11T10:00:00+09:00,CALIBRATION_REQUIRED
EA_001723,APP0309_FIRST_INTERVIEW,APP0309_FIRST_INTERVIEW_CALIBRATION,FIRST_PANEL_10_HIRING_MANAGER,CALIBRATION,CONSUMED,0.25,2027-02-11T10:15:00+09:00,ACTUAL_PARTICIPATION
EA_001724,APP0314_FIRST_INTERVIEW,,FIRST_PANEL_01_ML_ENGINEER,INTERVIEW,RESERVED,1.0,2026-12-08T14:04:00+09:00,SCHEDULED_ALLOCATION
EA_001725,APP0314_FIRST_INTERVIEW,,FIRST_PANEL_01_HIRING_MANAGER,INTERVIEW,RESERVED,1.0,2026-12-08T14:04:00+09:00,SCHEDULED_ALLOCATION
EA_001726,APP0314_FIRST_INTERVIEW,,FIRST_PANEL_01_TECHNICAL_REVIEWER,INTERVIEW,RESERVED,1.0,2026-12-08T14:04:00+09:00,SCHEDULED_ALLOCATION
EA_001727,APP0314_FIRST_INTERVIEW,APP0314_FIRST_INTERVIEW_FIRST_INTERVIEW_SESSION,FIRST_PANEL_01_ML_ENGINEER,INTERVIEW,CONSUMED,1.0,2027-02-15T10:00:00+09:00,ACTUAL_PARTICIPATION
EA_001728,APP0314_FIRST_INTERVIEW,APP0314_FIRST_INTERVIEW_FIRST_INTERVIEW_SESSION,FIRST_PANEL_01_HIRING_MANAGER,INTERVIEW,CONSUMED,1.0,2027-02-15T10:00:00+09:00,ACTUAL_PARTICIPATION
EA_001729,APP0314_FIRST_INTERVIEW,APP0314_FIRST_INTERVIEW_FIRST_INTERVIEW_SESSION,FIRST_PANEL_01_TECHNICAL_REVIEWER,INTERVIEW,CONSUMED,1.0,2027-02-15T10:00:00+09:00,ACTUAL_PARTICIPATION
EA_001730,APP0314_FIRST_INTERVIEW,APP0314_FIRST_INTERVIEW_CALIBRATION,FIRST_PANEL_01_ML_ENGINEER,CALIBRATION,RESERVED,0.25,2027-02-15T10:00:00+09:00,CALIBRATION_REQUIRED
EA_001731,APP0314_FIRST_INTERVIEW,APP0314_FIRST_INTERVIEW_CALIBRATION,FIRST_PANEL_01_ML_ENGINEER,CALIBRATION,CONSUMED,0.25,2027-02-15T10:15:00+09:00,ACTUAL_PARTICIPATION
EA_001732,APP0314_FIRST_INTERVIEW,APP0314_FIRST_INTERVIEW_CALIBRATION,FIRST_PANEL_01_HIRING_MANAGER,CALIBRATION,RESERVED,0.25,2027-02-15T10:00:00+09:00,CALIBRATION_REQUIRED
EA_001733,APP0314_FIRST_INTERVIEW,APP0314_FIRST_INTERVIEW_CALIBRATION,FIRST_PANEL_01_HIRING_MANAGER,CALIBRATION,CONSUMED,0.25,2027-02-15T10:15:00+09:00,ACTUAL_PARTICIPATION
EA_001734,APP0318_FIRST_INTERVIEW,,FIRST_PANEL_02_ML_ENGINEER,INTERVIEW,RESERVED,1.0,2026-12-08T14:04:00+09:00,SCHEDULED_ALLOCATION
EA_001735,APP0318_FIRST_INTERVIEW,,FIRST_PANEL_02_HIRING_MANAGER,INTERVIEW,RESERVED,1.0,2026-12-08T14:04:00+09:00,SCHEDULED_ALLOCATION
EA_001736,APP0318_FIRST_INTERVIEW,,FIRST_PANEL_02_TECHNICAL_REVIEWER,INTERVIEW,RESERVED,1.0,2026-12-08T14:04:00+09:00,SCHEDULED_ALLOCATION
EA_001737,APP0318_FIRST_INTERVIEW,APP0318_FIRST_INTERVIEW_FIRST_INTERVIEW_SESSION,FIRST_PANEL_02_ML_ENGINEER,INTERVIEW,CONSUMED,1.0,2027-02-15T10:00:00+09:00,ACTUAL_PARTICIPATION
EA_001738,APP0318_FIRST_INTERVIEW,APP0318_FIRST_INTERVIEW_FIRST_INTERVIEW_SESSION,FIRST_PANEL_02_HIRING_MANAGER,INTERVIEW,CONSUMED,1.0,2027-02-15T10:00:00+09:00,ACTUAL_PARTICIPATION
EA_001739,APP0318_FIRST_INTERVIEW,APP0318_FIRST_INTERVIEW_FIRST_INTERVIEW_SESSION,FIRST_PANEL_02_TECHNICAL_REVIEWER,INTERVIEW,CONSUMED,1.0,2027-02-15T10:00:00+09:00,ACTUAL_PARTICIPATION
EA_001740,APP0318_FIRST_INTERVIEW,APP0318_FIRST_INTERVIEW_CALIBRATION,FIRST_PANEL_02_ML_ENGINEER,CALIBRATION,RESERVED,0.25,2027-02-15T10:00:00+09:00,CALIBRATION_REQUIRED
EA_001741,APP0318_FIRST_INTERVIEW,APP0318_FIRST_INTERVIEW_CALIBRATION,FIRST_PANEL_02_ML_ENGINEER,CALIBRATION,CONSUMED,0.25,2027-02-15T10:15:00+09:00,ACTUAL_PARTICIPATION
EA_001742,APP0318_FIRST_INTERVIEW,APP0318_FIRST_INTERVIEW_CALIBRATION,FIRST_PANEL_02_HIRING_MANAGER,CALIBRATION,RESERVED,0.25,2027-02-15T10:00:00+09:00,CALIBRATION_REQUIRED
EA_001743,APP0318_FIRST_INTERVIEW,APP0318_FIRST_INTERVIEW_CALIBRATION,FIRST_PANEL_02_HIRING_MANAGER,CALIBRATION,CONSUMED,0.25,2027-02-15T10:15:00+09:00,ACTUAL_PARTICIPATION
EA_001744,APP0319_FIRST_INTERVIEW,,FIRST_PANEL_03_ML_ENGINEER,INTERVIEW,RESERVED,1.0,2026-12-08T14:04:00+09:00,SCHEDULED_ALLOCATION
EA_001745,APP0319_FIRST_INTERVIEW,,FIRST_PANEL_03_HIRING_MANAGER,INTERVIEW,RESERVED,1.0,2026-12-08T14:04:00+09:00,SCHEDULED_ALLOCATION
EA_001746,APP0319_FIRST_INTERVIEW,,FIRST_PANEL_03_TECHNICAL_REVIEWER,INTERVIEW,RESERVED,1.0,2026-12-08T14:04:00+09:00,SCHEDULED_ALLOCATION
EA_001747,APP0319_FIRST_INTERVIEW,APP0319_FIRST_INTERVIEW_FIRST_INTERVIEW_SESSION,FIRST_PANEL_03_ML_ENGINEER,INTERVIEW,CONSUMED,1.0,2027-02-15T10:00:00+09:00,ACTUAL_PARTICIPATION
EA_001748,APP0319_FIRST_INTERVIEW,APP0319_FIRST_INTERVIEW_FIRST_INTERVIEW_SESSION,FIRST_PANEL_03_HIRING_MANAGER,INTERVIEW,CONSUMED,1.0,2027-02-15T10:00:00+09:00,ACTUAL_PARTICIPATION
EA_001749,APP0319_FIRST_INTERVIEW,APP0319_FIRST_INTERVIEW_FIRST_INTERVIEW_SESSION,FIRST_PANEL_03_TECHNICAL_REVIEWER,INTERVIEW,CONSUMED,1.0,2027-02-15T10:00:00+09:00,ACTUAL_PARTICIPATION
EA_001750,APP0319_FIRST_INTERVIEW,APP0319_FIRST_INTERVIEW_CALIBRATION,FIRST_PANEL_03_ML_ENGINEER,CALIBRATION,RESERVED,0.25,2027-02-15T10:00:00+09:00,CALIBRATION_REQUIRED
EA_001751,APP0319_FIRST_INTERVIEW,APP0319_FIRST_INTERVIEW_CALIBRATION,FIRST_PANEL_03_ML_ENGINEER,CALIBRATION,CONSUMED,0.25,2027-02-15T10:15:00+09:00,ACTUAL_PARTICIPATION
EA_001752,APP0319_FIRST_INTERVIEW,APP0319_FIRST_INTERVIEW_CALIBRATION,FIRST_PANEL_03_HIRING_MANAGER,CALIBRATION,RESERVED,0.25,2027-02-15T10:00:00+09:00,CALIBRATION_REQUIRED
EA_001753,APP0319_FIRST_INTERVIEW,APP0319_FIRST_INTERVIEW_CALIBRATION,FIRST_PANEL_03_HIRING_MANAGER,CALIBRATION,CONSUMED,0.25,2027-02-15T10:15:00+09:00,ACTUAL_PARTICIPATION
EA_001754,APP0322_FIRST_INTERVIEW,,FIRST_PANEL_04_ML_ENGINEER,INTERVIEW,RESERVED,1.0,2026-12-08T14:04:00+09:00,SCHEDULED_ALLOCATION
EA_001755,APP0322_FIRST_INTERVIEW,,FIRST_PANEL_04_HIRING_MANAGER,INTERVIEW,RESERVED,1.0,2026-12-08T14:04:00+09:00,SCHEDULED_ALLOCATION
EA_001756,APP0322_FIRST_INTERVIEW,,FIRST_PANEL_04_TECHNICAL_REVIEWER,INTERVIEW,RESERVED,1.0,2026-12-08T14:04:00+09:00,SCHEDULED_ALLOCATION
EA_001757,APP0322_FIRST_INTERVIEW,,FIRST_PANEL_04_ML_ENGINEER,INTERVIEW,RELEASED,1.0,2027-02-16T09:00:00+09:00,NO_RESPONSE_UNUSED
EA_001758,APP0322_FIRST_INTERVIEW,,FIRST_PANEL_04_HIRING_MANAGER,INTERVIEW,RELEASED,1.0,2027-02-16T09:00:00+09:00,NO_RESPONSE_UNUSED
EA_001759,APP0322_FIRST_INTERVIEW,,FIRST_PANEL_04_TECHNICAL_REVIEWER,INTERVIEW,RELEASED,1.0,2027-02-16T09:00:00+09:00,NO_RESPONSE_UNUSED
EA_001760,APP0324_FIRST_INTERVIEW,,FIRST_PANEL_05_ML_ENGINEER,INTERVIEW,RESERVED,1.0,2026-12-08T14:04:00+09:00,SCHEDULED_ALLOCATION
EA_001761,APP0324_FIRST_INTERVIEW,,FIRST_PANEL_05_HIRING_MANAGER,INTERVIEW,RESERVED,1.0,2026-12-08T14:04:00+09:00,SCHEDULED_ALLOCATION
EA_001762,APP0324_FIRST_INTERVIEW,,FIRST_PANEL_05_TECHNICAL_REVIEWER,INTERVIEW,RESERVED,1.0,2026-12-08T14:04:00+09:00,SCHEDULED_ALLOCATION
EA_001763,APP0324_FIRST_INTERVIEW,APP0324_FIRST_INTERVIEW_FIRST_INTERVIEW_SESSION,FIRST_PANEL_05_ML_ENGINEER,INTERVIEW,CONSUMED,1.0,2027-02-15T10:00:00+09:00,ACTUAL_PARTICIPATION
EA_001764,APP0324_FIRST_INTERVIEW,APP0324_FIRST_INTERVIEW_FIRST_INTERVIEW_SESSION,FIRST_PANEL_05_HIRING_MANAGER,INTERVIEW,CONSUMED,1.0,2027-02-15T10:00:00+09:00,ACTUAL_PARTICIPATION
EA_001765,APP0324_FIRST_INTERVIEW,APP0324_FIRST_INTERVIEW_FIRST_INTERVIEW_SESSION,FIRST_PANEL_05_TECHNICAL_REVIEWER,INTERVIEW,CONSUMED,1.0,2027-02-15T10:00:00+09:00,ACTUAL_PARTICIPATION
EA_001766,APP0324_FIRST_INTERVIEW,APP0324_FIRST_INTERVIEW_CALIBRATION,FIRST_PANEL_05_ML_ENGINEER,CALIBRATION,RESERVED,0.25,2027-02-15T10:00:00+09:00,CALIBRATION_REQUIRED
EA_001767,APP0324_FIRST_INTERVIEW,APP0324_FIRST_INTERVIEW_CALIBRATION,FIRST_PANEL_05_ML_ENGINEER,CALIBRATION,CONSUMED,0.25,2027-02-15T10:15:00+09:00,ACTUAL_PARTICIPATION
EA_001768,APP0324_FIRST_INTERVIEW,APP0324_FIRST_INTERVIEW_CALIBRATION,FIRST_PANEL_05_HIRING_MANAGER,CALIBRATION,RESERVED,0.25,2027-02-15T10:00:00+09:00,CALIBRATION_REQUIRED
EA_001769,APP0324_FIRST_INTERVIEW,APP0324_FIRST_INTERVIEW_CALIBRATION,FIRST_PANEL_05_HIRING_MANAGER,CALIBRATION,CONSUMED,0.25,2027-02-15T10:15:00+09:00,ACTUAL_PARTICIPATION
EA_001770,APP0325_FIRST_INTERVIEW,,FIRST_PANEL_06_ML_ENGINEER,INTERVIEW,RESERVED,1.0,2026-12-08T14:04:00+09:00,SCHEDULED_ALLOCATION
EA_001771,APP0325_FIRST_INTERVIEW,,FIRST_PANEL_06_HIRING_MANAGER,INTERVIEW,RESERVED,1.0,2026-12-08T14:04:00+09:00,SCHEDULED_ALLOCATION
EA_001772,APP0325_FIRST_INTERVIEW,,FIRST_PANEL_06_TECHNICAL_REVIEWER,INTERVIEW,RESERVED,1.0,2026-12-08T14:04:00+09:00,SCHEDULED_ALLOCATION
EA_001773,APP0325_FIRST_INTERVIEW,APP0325_FIRST_INTERVIEW_FIRST_INTERVIEW_SESSION,FIRST_PANEL_06_ML_ENGINEER,INTERVIEW,CONSUMED,1.0,2027-02-15T10:00:00+09:00,ACTUAL_PARTICIPATION
EA_001774,APP0325_FIRST_INTERVIEW,APP0325_FIRST_INTERVIEW_FIRST_INTERVIEW_SESSION,FIRST_PANEL_06_HIRING_MANAGER,INTERVIEW,CONSUMED,1.0,2027-02-15T10:00:00+09:00,ACTUAL_PARTICIPATION
EA_001775,APP0325_FIRST_INTERVIEW,APP0325_FIRST_INTERVIEW_FIRST_INTERVIEW_SESSION,FIRST_PANEL_06_TECHNICAL_REVIEWER,INTERVIEW,CONSUMED,1.0,2027-02-15T10:00:00+09:00,ACTUAL_PARTICIPATION
EA_001776,APP0325_FIRST_INTERVIEW,APP0325_FIRST_INTERVIEW_CALIBRATION,FIRST_PANEL_06_ML_ENGINEER,CALIBRATION,RESERVED,0.25,2027-02-15T10:00:00+09:00,CALIBRATION_REQUIRED
EA_001777,APP0325_FIRST_INTERVIEW,APP0325_FIRST_INTERVIEW_CALIBRATION,FIRST_PANEL_06_ML_ENGINEER,CALIBRATION,CONSUMED,0.25,2027-02-15T10:15:00+09:00,ACTUAL_PARTICIPATION
EA_001778,APP0325_FIRST_INTERVIEW,APP0325_FIRST_INTERVIEW_CALIBRATION,FIRST_PANEL_06_HIRING_MANAGER,CALIBRATION,RESERVED,0.25,2027-02-15T10:00:00+09:00,CALIBRATION_REQUIRED
EA_001779,APP0325_FIRST_INTERVIEW,APP0325_FIRST_INTERVIEW_CALIBRATION,FIRST_PANEL_06_HIRING_MANAGER,CALIBRATION,CONSUMED,0.25,2027-02-15T10:15:00+09:00,ACTUAL_PARTICIPATION
EA_001780,APP0326_FIRST_INTERVIEW,,FIRST_PANEL_07_ML_ENGINEER,INTERVIEW,RESERVED,1.0,2026-12-08T14:04:00+09:00,SCHEDULED_ALLOCATION
EA_001781,APP0326_FIRST_INTERVIEW,,FIRST_PANEL_07_HIRING_MANAGER,INTERVIEW,RESERVED,1.0,2026-12-08T14:04:00+09:00,SCHEDULED_ALLOCATION
EA_001782,APP0326_FIRST_INTERVIEW,,FIRST_PANEL_07_TECHNICAL_REVIEWER,INTERVIEW,RESERVED,1.0,2026-12-08T14:04:00+09:00,SCHEDULED_ALLOCATION
EA_001783,APP0326_FIRST_INTERVIEW,APP0326_FIRST_INTERVIEW_FIRST_INTERVIEW_SESSION,FIRST_PANEL_07_ML_ENGINEER,INTERVIEW,CONSUMED,1.0,2027-02-15T10:00:00+09:00,ACTUAL_PARTICIPATION
EA_001784,APP0326_FIRST_INTERVIEW,APP0326_FIRST_INTERVIEW_FIRST_INTERVIEW_SESSION,FIRST_PANEL_07_HIRING_MANAGER,INTERVIEW,CONSUMED,1.0,2027-02-15T10:00:00+09:00,ACTUAL_PARTICIPATION
EA_001785,APP0326_FIRST_INTERVIEW,APP0326_FIRST_INTERVIEW_FIRST_INTERVIEW_SESSION,FIRST_PANEL_07_TECHNICAL_REVIEWER,INTERVIEW,CONSUMED,1.0,2027-02-15T10:00:00+09:00,ACTUAL_PARTICIPATION
EA_001786,APP0326_FIRST_INTERVIEW,APP0326_FIRST_INTERVIEW_CALIBRATION,FIRST_PANEL_07_ML_ENGINEER,CALIBRATION,RESERVED,0.25,2027-02-15T10:00:00+09:00,CALIBRATION_REQUIRED
EA_001787,APP0326_FIRST_INTERVIEW,APP0326_FIRST_INTERVIEW_CALIBRATION,FIRST_PANEL_07_ML_ENGINEER,CALIBRATION,CONSUMED,0.25,2027-02-15T10:15:00+09:00,ACTUAL_PARTICIPATION
EA_001788,APP0326_FIRST_INTERVIEW,APP0326_FIRST_INTERVIEW_CALIBRATION,FIRST_PANEL_07_HIRING_MANAGER,CALIBRATION,RESERVED,0.25,2027-02-15T10:00:00+09:00,CALIBRATION_REQUIRED
EA_001789,APP0326_FIRST_INTERVIEW,APP0326_FIRST_INTERVIEW_CALIBRATION,FIRST_PANEL_07_HIRING_MANAGER,CALIBRATION,CONSUMED,0.25,2027-02-15T10:15:00+09:00,ACTUAL_PARTICIPATION
EA_001790,APP0334_FIRST_INTERVIEW,,FIRST_PANEL_08_ML_ENGINEER,INTERVIEW,RESERVED,1.0,2026-12-08T14:04:00+09:00,SCHEDULED_ALLOCATION
EA_001791,APP0334_FIRST_INTERVIEW,,FIRST_PANEL_08_HIRING_MANAGER,INTERVIEW,RESERVED,1.0,2026-12-08T14:04:00+09:00,SCHEDULED_ALLOCATION
EA_001792,APP0334_FIRST_INTERVIEW,,FIRST_PANEL_08_TECHNICAL_REVIEWER,INTERVIEW,RESERVED,1.0,2026-12-08T14:04:00+09:00,SCHEDULED_ALLOCATION
EA_001793,APP0334_FIRST_INTERVIEW,APP0334_FIRST_INTERVIEW_FIRST_INTERVIEW_SESSION,FIRST_PANEL_08_ML_ENGINEER,INTERVIEW,CONSUMED,1.0,2027-02-15T10:00:00+09:00,ACTUAL_PARTICIPATION
EA_001794,APP0334_FIRST_INTERVIEW,APP0334_FIRST_INTERVIEW_FIRST_INTERVIEW_SESSION,FIRST_PANEL_08_HIRING_MANAGER,INTERVIEW,CONSUMED,1.0,2027-02-15T10:00:00+09:00,ACTUAL_PARTICIPATION
EA_001795,APP0334_FIRST_INTERVIEW,APP0334_FIRST_INTERVIEW_FIRST_INTERVIEW_SESSION,FIRST_PANEL_08_TECHNICAL_REVIEWER,INTERVIEW,CONSUMED,1.0,2027-02-15T10:00:00+09:00,ACTUAL_PARTICIPATION
EA_001796,APP0334_FIRST_INTERVIEW,APP0334_FIRST_INTERVIEW_CALIBRATION,FIRST_PANEL_08_ML_ENGINEER,CALIBRATION,RESERVED,0.25,2027-02-15T10:00:00+09:00,CALIBRATION_REQUIRED
EA_001797,APP0334_FIRST_INTERVIEW,APP0334_FIRST_INTERVIEW_CALIBRATION,FIRST_PANEL_08_ML_ENGINEER,CALIBRATION,CONSUMED,0.25,2027-02-15T10:15:00+09:00,ACTUAL_PARTICIPATION
EA_001798,APP0334_FIRST_INTERVIEW,APP0334_FIRST_INTERVIEW_CALIBRATION,FIRST_PANEL_08_HIRING_MANAGER,CALIBRATION,RESERVED,0.25,2027-02-15T10:00:00+09:00,CALIBRATION_REQUIRED
EA_001799,APP0334_FIRST_INTERVIEW,APP0334_FIRST_INTERVIEW_CALIBRATION,FIRST_PANEL_08_HIRING_MANAGER,CALIBRATION,CONSUMED,0.25,2027-02-15T10:15:00+09:00,ACTUAL_PARTICIPATION
EA_001800,APP0335_FIRST_INTERVIEW,,FIRST_PANEL_09_ML_ENGINEER,INTERVIEW,RESERVED,1.0,2026-12-08T14:04:00+09:00,SCHEDULED_ALLOCATION
EA_001801,APP0335_FIRST_INTERVIEW,,FIRST_PANEL_09_HIRING_MANAGER,INTERVIEW,RESERVED,1.0,2026-12-08T14:04:00+09:00,SCHEDULED_ALLOCATION
EA_001802,APP0335_FIRST_INTERVIEW,,FIRST_PANEL_09_TECHNICAL_REVIEWER,INTERVIEW,RESERVED,1.0,2026-12-08T14:04:00+09:00,SCHEDULED_ALLOCATION
EA_001803,APP0335_FIRST_INTERVIEW,APP0335_FIRST_INTERVIEW_FIRST_INTERVIEW_SESSION,FIRST_PANEL_09_ML_ENGINEER,INTERVIEW,CONSUMED,1.0,2027-02-15T10:00:00+09:00,ACTUAL_PARTICIPATION
EA_001804,APP0335_FIRST_INTERVIEW,APP0335_FIRST_INTERVIEW_FIRST_INTERVIEW_SESSION,FIRST_PANEL_09_HIRING_MANAGER,INTERVIEW,CONSUMED,1.0,2027-02-15T10:00:00+09:00,ACTUAL_PARTICIPATION
EA_001805,APP0335_FIRST_INTERVIEW,APP0335_FIRST_INTERVIEW_FIRST_INTERVIEW_SESSION,FIRST_PANEL_09_TECHNICAL_REVIEWER,INTERVIEW,CONSUMED,1.0,2027-02-15T10:00:00+09:00,ACTUAL_PARTICIPATION
EA_001806,APP0335_FIRST_INTERVIEW,APP0335_FIRST_INTERVIEW_CALIBRATION,FIRST_PANEL_09_ML_ENGINEER,CALIBRATION,RESERVED,0.25,2027-02-15T10:00:00+09:00,CALIBRATION_REQUIRED
EA_001807,APP0335_FIRST_INTERVIEW,APP0335_FIRST_INTERVIEW_CALIBRATION,FIRST_PANEL_09_ML_ENGINEER,CALIBRATION,CONSUMED,0.25,2027-02-15T10:15:00+09:00,ACTUAL_PARTICIPATION
EA_001808,APP0335_FIRST_INTERVIEW,APP0335_FIRST_INTERVIEW_CALIBRATION,FIRST_PANEL_09_HIRING_MANAGER,CALIBRATION,RESERVED,0.25,2027-02-15T10:00:00+09:00,CALIBRATION_REQUIRED
EA_001809,APP0335_FIRST_INTERVIEW,APP0335_FIRST_INTERVIEW_CALIBRATION,FIRST_PANEL_09_HIRING_MANAGER,CALIBRATION,CONSUMED,0.25,2027-02-15T10:15:00+09:00,ACTUAL_PARTICIPATION
EA_001810,APP0336_FIRST_INTERVIEW,,FIRST_PANEL_10_ML_ENGINEER,INTERVIEW,RESERVED,1.0,2026-12-08T14:04:00+09:00,SCHEDULED_ALLOCATION
EA_001811,APP0336_FIRST_INTERVIEW,,FIRST_PANEL_10_HIRING_MANAGER,INTERVIEW,RESERVED,1.0,2026-12-08T14:04:00+09:00,SCHEDULED_ALLOCATION
EA_001812,APP0336_FIRST_INTERVIEW,,FIRST_PANEL_10_TECHNICAL_REVIEWER,INTERVIEW,RESERVED,1.0,2026-12-08T14:04:00+09:00,SCHEDULED_ALLOCATION
EA_001813,APP0336_FIRST_INTERVIEW,APP0336_FIRST_INTERVIEW_FIRST_INTERVIEW_SESSION,FIRST_PANEL_10_ML_ENGINEER,INTERVIEW,CONSUMED,1.0,2027-02-15T10:00:00+09:00,ACTUAL_PARTICIPATION
EA_001814,APP0336_FIRST_INTERVIEW,APP0336_FIRST_INTERVIEW_FIRST_INTERVIEW_SESSION,FIRST_PANEL_10_HIRING_MANAGER,INTERVIEW,CONSUMED,1.0,2027-02-15T10:00:00+09:00,ACTUAL_PARTICIPATION
EA_001815,APP0336_FIRST_INTERVIEW,APP0336_FIRST_INTERVIEW_FIRST_INTERVIEW_SESSION,FIRST_PANEL_10_TECHNICAL_REVIEWER,INTERVIEW,CONSUMED,1.0,2027-02-15T10:00:00+09:00,ACTUAL_PARTICIPATION
EA_001816,APP0336_FIRST_INTERVIEW,APP0336_FIRST_INTERVIEW_CALIBRATION,FIRST_PANEL_10_ML_ENGINEER,CALIBRATION,RESERVED,0.25,2027-02-15T10:00:00+09:00,CALIBRATION_REQUIRED
EA_001817,APP0336_FIRST_INTERVIEW,APP0336_FIRST_INTERVIEW_CALIBRATION,FIRST_PANEL_10_ML_ENGINEER,CALIBRATION,CONSUMED,0.25,2027-02-15T10:15:00+09:00,ACTUAL_PARTICIPATION
EA_001818,APP0336_FIRST_INTERVIEW,APP0336_FIRST_INTERVIEW_CALIBRATION,FIRST_PANEL_10_HIRING_MANAGER,CALIBRATION,RESERVED,0.25,2027-02-15T10:00:00+09:00,CALIBRATION_REQUIRED
EA_001819,APP0336_FIRST_INTERVIEW,APP0336_FIRST_INTERVIEW_CALIBRATION,FIRST_PANEL_10_HIRING_MANAGER,CALIBRATION,CONSUMED,0.25,2027-02-15T10:15:00+09:00,ACTUAL_PARTICIPATION
EA_001820,APP0338_FIRST_INTERVIEW,,FIRST_PANEL_01_ML_ENGINEER,INTERVIEW,RESERVED,1.0,2026-12-08T14:04:00+09:00,SCHEDULED_ALLOCATION
EA_001821,APP0338_FIRST_INTERVIEW,,FIRST_PANEL_01_HIRING_MANAGER,INTERVIEW,RESERVED,1.0,2026-12-08T14:04:00+09:00,SCHEDULED_ALLOCATION
EA_001822,APP0338_FIRST_INTERVIEW,,FIRST_PANEL_01_TECHNICAL_REVIEWER,INTERVIEW,RESERVED,1.0,2026-12-08T14:04:00+09:00,SCHEDULED_ALLOCATION
EA_001823,APP0338_FIRST_INTERVIEW,,FIRST_PANEL_01_ML_ENGINEER,INTERVIEW,RELEASED,1.0,2026-12-10T14:04:00+09:00,CONFIRMED_WITHDRAWAL_UNUSED
EA_001824,APP0338_FIRST_INTERVIEW,,FIRST_PANEL_01_HIRING_MANAGER,INTERVIEW,RELEASED,1.0,2026-12-10T14:04:00+09:00,CONFIRMED_WITHDRAWAL_UNUSED
EA_001825,APP0338_FIRST_INTERVIEW,,FIRST_PANEL_01_TECHNICAL_REVIEWER,INTERVIEW,RELEASED,1.0,2026-12-10T14:04:00+09:00,CONFIRMED_WITHDRAWAL_UNUSED
EA_001826,APP0342_FIRST_INTERVIEW,,FIRST_PANEL_02_ML_ENGINEER,INTERVIEW,RESERVED,1.0,2026-12-08T14:04:00+09:00,SCHEDULED_ALLOCATION
EA_001827,APP0342_FIRST_INTERVIEW,,FIRST_PANEL_02_HIRING_MANAGER,INTERVIEW,RESERVED,1.0,2026-12-08T14:04:00+09:00,SCHEDULED_ALLOCATION
EA_001828,APP0342_FIRST_INTERVIEW,,FIRST_PANEL_02_TECHNICAL_REVIEWER,INTERVIEW,RESERVED,1.0,2026-12-08T14:04:00+09:00,SCHEDULED_ALLOCATION
EA_001829,APP0342_FIRST_INTERVIEW,APP0342_FIRST_INTERVIEW_FIRST_INTERVIEW_SESSION,FIRST_PANEL_02_ML_ENGINEER,INTERVIEW,CONSUMED,1.0,2027-02-18T10:00:00+09:00,ACTUAL_PARTICIPATION
EA_001830,APP0342_FIRST_INTERVIEW,APP0342_FIRST_INTERVIEW_FIRST_INTERVIEW_SESSION,FIRST_PANEL_02_HIRING_MANAGER,INTERVIEW,CONSUMED,1.0,2027-02-18T10:00:00+09:00,ACTUAL_PARTICIPATION
EA_001831,APP0342_FIRST_INTERVIEW,APP0342_FIRST_INTERVIEW_FIRST_INTERVIEW_SESSION,FIRST_PANEL_02_TECHNICAL_REVIEWER,INTERVIEW,CONSUMED,1.0,2027-02-18T10:00:00+09:00,ACTUAL_PARTICIPATION
EA_001832,APP0342_FIRST_INTERVIEW,APP0342_FIRST_INTERVIEW_CALIBRATION,FIRST_PANEL_02_ML_ENGINEER,CALIBRATION,RESERVED,0.25,2027-02-18T10:00:00+09:00,CALIBRATION_REQUIRED
EA_001833,APP0342_FIRST_INTERVIEW,APP0342_FIRST_INTERVIEW_CALIBRATION,FIRST_PANEL_02_ML_ENGINEER,CALIBRATION,CONSUMED,0.25,2027-02-18T10:15:00+09:00,ACTUAL_PARTICIPATION
EA_001834,APP0342_FIRST_INTERVIEW,APP0342_FIRST_INTERVIEW_CALIBRATION,FIRST_PANEL_02_HIRING_MANAGER,CALIBRATION,RESERVED,0.25,2027-02-18T10:00:00+09:00,CALIBRATION_REQUIRED
EA_001835,APP0342_FIRST_INTERVIEW,APP0342_FIRST_INTERVIEW_CALIBRATION,FIRST_PANEL_02_HIRING_MANAGER,CALIBRATION,CONSUMED,0.25,2027-02-18T10:15:00+09:00,ACTUAL_PARTICIPATION
EA_001836,APP0012_SECOND_INTERVIEW,APP0012_SECOND_INTERVIEW_CALIBRATION,SECOND_INTERVIEW_PANEL_01_ML_ENGINEER,CALIBRATION,RESERVED,0.25,2027-01-01T10:45:00+09:00,CALIBRATION_REQUIRED
EA_001837,APP0012_SECOND_INTERVIEW,APP0012_SECOND_INTERVIEW_CALIBRATION,SECOND_INTERVIEW_PANEL_01_ML_ENGINEER,CALIBRATION,CONSUMED,0.25,2027-01-01T11:00:00+09:00,ACTUAL_PARTICIPATION
EA_001838,APP0012_SECOND_INTERVIEW,APP0012_SECOND_INTERVIEW_CALIBRATION,SECOND_INTERVIEW_PANEL_01_HIRING_MANAGER,CALIBRATION,RESERVED,0.25,2027-01-01T10:45:00+09:00,CALIBRATION_REQUIRED
EA_001839,APP0012_SECOND_INTERVIEW,APP0012_SECOND_INTERVIEW_CALIBRATION,SECOND_INTERVIEW_PANEL_01_HIRING_MANAGER,CALIBRATION,CONSUMED,0.25,2027-01-01T11:00:00+09:00,ACTUAL_PARTICIPATION
EA_001840,APP0014_SECOND_INTERVIEW,APP0014_SECOND_INTERVIEW_CALIBRATION,SECOND_INTERVIEW_PANEL_01_ML_ENGINEER,CALIBRATION,RESERVED,0.25,2026-12-31T10:45:00+09:00,CALIBRATION_REQUIRED
EA_001841,APP0014_SECOND_INTERVIEW,APP0014_SECOND_INTERVIEW_CALIBRATION,SECOND_INTERVIEW_PANEL_01_ML_ENGINEER,CALIBRATION,CONSUMED,0.25,2026-12-31T11:00:00+09:00,ACTUAL_PARTICIPATION
EA_001842,APP0014_SECOND_INTERVIEW,APP0014_SECOND_INTERVIEW_CALIBRATION,SECOND_INTERVIEW_PANEL_01_HIRING_MANAGER,CALIBRATION,RESERVED,0.25,2026-12-31T10:45:00+09:00,CALIBRATION_REQUIRED
EA_001843,APP0014_SECOND_INTERVIEW,APP0014_SECOND_INTERVIEW_CALIBRATION,SECOND_INTERVIEW_PANEL_01_HIRING_MANAGER,CALIBRATION,CONSUMED,0.25,2026-12-31T11:00:00+09:00,ACTUAL_PARTICIPATION
EA_001844,APP0005_SECOND_INTERVIEW,APP0005_SECOND_INTERVIEW_CALIBRATION,SECOND_INTERVIEW_PANEL_01_ML_ENGINEER,CALIBRATION,RESERVED,0.25,2027-01-02T10:45:00+09:00,CALIBRATION_REQUIRED
EA_001845,APP0005_SECOND_INTERVIEW,APP0005_SECOND_INTERVIEW_CALIBRATION,SECOND_INTERVIEW_PANEL_01_ML_ENGINEER,CALIBRATION,CONSUMED,0.25,2027-01-02T11:00:00+09:00,ACTUAL_PARTICIPATION
EA_001846,APP0005_SECOND_INTERVIEW,APP0005_SECOND_INTERVIEW_CALIBRATION,SECOND_INTERVIEW_PANEL_01_HIRING_MANAGER,CALIBRATION,RESERVED,0.25,2027-01-02T10:45:00+09:00,CALIBRATION_REQUIRED
EA_001847,APP0005_SECOND_INTERVIEW,APP0005_SECOND_INTERVIEW_CALIBRATION,SECOND_INTERVIEW_PANEL_01_HIRING_MANAGER,CALIBRATION,CONSUMED,0.25,2027-01-02T11:00:00+09:00,ACTUAL_PARTICIPATION
EA_001848,APP0046_SECOND_INTERVIEW,APP0046_SECOND_INTERVIEW_CALIBRATION,SECOND_INTERVIEW_PANEL_01_ML_ENGINEER,CALIBRATION,RESERVED,0.25,2027-01-10T10:45:00+09:00,CALIBRATION_REQUIRED
EA_001849,APP0046_SECOND_INTERVIEW,APP0046_SECOND_INTERVIEW_CALIBRATION,SECOND_INTERVIEW_PANEL_01_ML_ENGINEER,CALIBRATION,CONSUMED,0.25,2027-01-10T11:00:00+09:00,ACTUAL_PARTICIPATION
EA_001850,APP0046_SECOND_INTERVIEW,APP0046_SECOND_INTERVIEW_CALIBRATION,SECOND_INTERVIEW_PANEL_01_HIRING_MANAGER,CALIBRATION,RESERVED,0.25,2027-01-10T10:45:00+09:00,CALIBRATION_REQUIRED
EA_001851,APP0046_SECOND_INTERVIEW,APP0046_SECOND_INTERVIEW_CALIBRATION,SECOND_INTERVIEW_PANEL_01_HIRING_MANAGER,CALIBRATION,CONSUMED,0.25,2027-01-10T11:00:00+09:00,ACTUAL_PARTICIPATION
EA_001852,APP0037_SECOND_INTERVIEW,APP0037_SECOND_INTERVIEW_CALIBRATION,SECOND_INTERVIEW_PANEL_01_ML_ENGINEER,CALIBRATION,RESERVED,0.25,2027-01-04T10:45:00+09:00,CALIBRATION_REQUIRED
EA_001853,APP0037_SECOND_INTERVIEW,APP0037_SECOND_INTERVIEW_CALIBRATION,SECOND_INTERVIEW_PANEL_01_ML_ENGINEER,CALIBRATION,CONSUMED,0.25,2027-01-04T11:00:00+09:00,ACTUAL_PARTICIPATION
EA_001854,APP0037_SECOND_INTERVIEW,APP0037_SECOND_INTERVIEW_CALIBRATION,SECOND_INTERVIEW_PANEL_01_HIRING_MANAGER,CALIBRATION,RESERVED,0.25,2027-01-04T10:45:00+09:00,CALIBRATION_REQUIRED
EA_001855,APP0037_SECOND_INTERVIEW,APP0037_SECOND_INTERVIEW_CALIBRATION,SECOND_INTERVIEW_PANEL_01_HIRING_MANAGER,CALIBRATION,CONSUMED,0.25,2027-01-04T11:00:00+09:00,ACTUAL_PARTICIPATION
EA_001856,APP0035_SECOND_INTERVIEW,APP0035_SECOND_INTERVIEW_CALIBRATION,SECOND_INTERVIEW_PANEL_01_ML_ENGINEER,CALIBRATION,RESERVED,0.25,2027-01-12T10:45:00+09:00,CALIBRATION_REQUIRED
EA_001857,APP0035_SECOND_INTERVIEW,APP0035_SECOND_INTERVIEW_CALIBRATION,SECOND_INTERVIEW_PANEL_01_ML_ENGINEER,CALIBRATION,CONSUMED,0.25,2027-01-12T11:00:00+09:00,ACTUAL_PARTICIPATION
EA_001858,APP0035_SECOND_INTERVIEW,APP0035_SECOND_INTERVIEW_CALIBRATION,SECOND_INTERVIEW_PANEL_01_HIRING_MANAGER,CALIBRATION,RESERVED,0.25,2027-01-12T10:45:00+09:00,CALIBRATION_REQUIRED
EA_001859,APP0035_SECOND_INTERVIEW,APP0035_SECOND_INTERVIEW_CALIBRATION,SECOND_INTERVIEW_PANEL_01_HIRING_MANAGER,CALIBRATION,CONSUMED,0.25,2027-01-12T11:00:00+09:00,ACTUAL_PARTICIPATION
EA_001860,APP0059_SECOND_INTERVIEW,APP0059_SECOND_INTERVIEW_CALIBRATION,SECOND_INTERVIEW_PANEL_01_ML_ENGINEER,CALIBRATION,RESERVED,0.25,2027-01-16T10:45:00+09:00,CALIBRATION_REQUIRED
EA_001861,APP0059_SECOND_INTERVIEW,APP0059_SECOND_INTERVIEW_CALIBRATION,SECOND_INTERVIEW_PANEL_01_ML_ENGINEER,CALIBRATION,CONSUMED,0.25,2027-01-16T11:00:00+09:00,ACTUAL_PARTICIPATION
EA_001862,APP0059_SECOND_INTERVIEW,APP0059_SECOND_INTERVIEW_CALIBRATION,SECOND_INTERVIEW_PANEL_01_HIRING_MANAGER,CALIBRATION,RESERVED,0.25,2027-01-16T10:45:00+09:00,CALIBRATION_REQUIRED
EA_001863,APP0059_SECOND_INTERVIEW,APP0059_SECOND_INTERVIEW_CALIBRATION,SECOND_INTERVIEW_PANEL_01_HIRING_MANAGER,CALIBRATION,CONSUMED,0.25,2027-01-16T11:00:00+09:00,ACTUAL_PARTICIPATION
EA_001864,APP0070_SECOND_INTERVIEW,APP0070_SECOND_INTERVIEW_CALIBRATION,SECOND_INTERVIEW_PANEL_01_ML_ENGINEER,CALIBRATION,RESERVED,0.25,2027-01-12T11:30:00+09:00,CALIBRATION_REQUIRED
EA_001865,APP0070_SECOND_INTERVIEW,APP0070_SECOND_INTERVIEW_CALIBRATION,SECOND_INTERVIEW_PANEL_01_ML_ENGINEER,CALIBRATION,CONSUMED,0.25,2027-01-12T11:45:00+09:00,ACTUAL_PARTICIPATION
EA_001866,APP0070_SECOND_INTERVIEW,APP0070_SECOND_INTERVIEW_CALIBRATION,SECOND_INTERVIEW_PANEL_01_HIRING_MANAGER,CALIBRATION,RESERVED,0.25,2027-01-12T11:30:00+09:00,CALIBRATION_REQUIRED
EA_001867,APP0070_SECOND_INTERVIEW,APP0070_SECOND_INTERVIEW_CALIBRATION,SECOND_INTERVIEW_PANEL_01_HIRING_MANAGER,CALIBRATION,CONSUMED,0.25,2027-01-12T11:45:00+09:00,ACTUAL_PARTICIPATION
EA_001868,APP0102_SECOND_INTERVIEW,APP0102_SECOND_INTERVIEW_CALIBRATION,SECOND_INTERVIEW_PANEL_01_ML_ENGINEER,CALIBRATION,RESERVED,0.25,2027-01-14T10:45:00+09:00,CALIBRATION_REQUIRED
EA_001869,APP0102_SECOND_INTERVIEW,APP0102_SECOND_INTERVIEW_CALIBRATION,SECOND_INTERVIEW_PANEL_01_ML_ENGINEER,CALIBRATION,CONSUMED,0.25,2027-01-14T11:00:00+09:00,ACTUAL_PARTICIPATION
EA_001870,APP0102_SECOND_INTERVIEW,APP0102_SECOND_INTERVIEW_CALIBRATION,SECOND_INTERVIEW_PANEL_01_HIRING_MANAGER,CALIBRATION,RESERVED,0.25,2027-01-14T10:45:00+09:00,CALIBRATION_REQUIRED
EA_001871,APP0102_SECOND_INTERVIEW,APP0102_SECOND_INTERVIEW_CALIBRATION,SECOND_INTERVIEW_PANEL_01_HIRING_MANAGER,CALIBRATION,CONSUMED,0.25,2027-01-14T11:00:00+09:00,ACTUAL_PARTICIPATION
EA_001872,APP0113_SECOND_INTERVIEW,APP0113_SECOND_INTERVIEW_CALIBRATION,SECOND_INTERVIEW_PANEL_01_ML_ENGINEER,CALIBRATION,RESERVED,0.25,2027-01-22T10:45:00+09:00,CALIBRATION_REQUIRED
EA_001873,APP0113_SECOND_INTERVIEW,APP0113_SECOND_INTERVIEW_CALIBRATION,SECOND_INTERVIEW_PANEL_01_ML_ENGINEER,CALIBRATION,CONSUMED,0.25,2027-01-22T11:00:00+09:00,ACTUAL_PARTICIPATION
EA_001874,APP0113_SECOND_INTERVIEW,APP0113_SECOND_INTERVIEW_CALIBRATION,SECOND_INTERVIEW_PANEL_01_HIRING_MANAGER,CALIBRATION,RESERVED,0.25,2027-01-22T10:45:00+09:00,CALIBRATION_REQUIRED
EA_001875,APP0113_SECOND_INTERVIEW,APP0113_SECOND_INTERVIEW_CALIBRATION,SECOND_INTERVIEW_PANEL_01_HIRING_MANAGER,CALIBRATION,CONSUMED,0.25,2027-01-22T11:00:00+09:00,ACTUAL_PARTICIPATION
EA_001876,APP0115_SECOND_INTERVIEW,APP0115_SECOND_INTERVIEW_CALIBRATION,SECOND_INTERVIEW_PANEL_01_ML_ENGINEER,CALIBRATION,RESERVED,0.25,2027-01-21T10:45:00+09:00,CALIBRATION_REQUIRED
EA_001877,APP0115_SECOND_INTERVIEW,APP0115_SECOND_INTERVIEW_CALIBRATION,SECOND_INTERVIEW_PANEL_01_ML_ENGINEER,CALIBRATION,CONSUMED,0.25,2027-01-21T11:00:00+09:00,ACTUAL_PARTICIPATION
EA_001878,APP0115_SECOND_INTERVIEW,APP0115_SECOND_INTERVIEW_CALIBRATION,SECOND_INTERVIEW_PANEL_01_HIRING_MANAGER,CALIBRATION,RESERVED,0.25,2027-01-21T10:45:00+09:00,CALIBRATION_REQUIRED
EA_001879,APP0115_SECOND_INTERVIEW,APP0115_SECOND_INTERVIEW_CALIBRATION,SECOND_INTERVIEW_PANEL_01_HIRING_MANAGER,CALIBRATION,CONSUMED,0.25,2027-01-21T11:00:00+09:00,ACTUAL_PARTICIPATION
EA_001880,APP0146_SECOND_INTERVIEW,APP0146_SECOND_INTERVIEW_CALIBRATION,SECOND_INTERVIEW_PANEL_01_ML_ENGINEER,CALIBRATION,RESERVED,0.25,2027-01-28T11:15:00+09:00,CALIBRATION_REQUIRED
EA_001881,APP0146_SECOND_INTERVIEW,APP0146_SECOND_INTERVIEW_CALIBRATION,SECOND_INTERVIEW_PANEL_01_ML_ENGINEER,CALIBRATION,CONSUMED,0.25,2027-01-28T11:30:00+09:00,ACTUAL_PARTICIPATION
EA_001882,APP0146_SECOND_INTERVIEW,APP0146_SECOND_INTERVIEW_CALIBRATION,SECOND_INTERVIEW_PANEL_01_HIRING_MANAGER,CALIBRATION,RESERVED,0.25,2027-01-28T11:15:00+09:00,CALIBRATION_REQUIRED
EA_001883,APP0146_SECOND_INTERVIEW,APP0146_SECOND_INTERVIEW_CALIBRATION,SECOND_INTERVIEW_PANEL_01_HIRING_MANAGER,CALIBRATION,CONSUMED,0.25,2027-01-28T11:30:00+09:00,ACTUAL_PARTICIPATION
EA_001884,APP0151_SECOND_INTERVIEW,APP0151_SECOND_INTERVIEW_CALIBRATION,SECOND_INTERVIEW_PANEL_01_ML_ENGINEER,CALIBRATION,RESERVED,0.25,2027-01-28T12:00:00+09:00,CALIBRATION_REQUIRED
EA_001885,APP0151_SECOND_INTERVIEW,APP0151_SECOND_INTERVIEW_CALIBRATION,SECOND_INTERVIEW_PANEL_01_ML_ENGINEER,CALIBRATION,CONSUMED,0.25,2027-01-28T12:15:00+09:00,ACTUAL_PARTICIPATION
EA_001886,APP0151_SECOND_INTERVIEW,APP0151_SECOND_INTERVIEW_CALIBRATION,SECOND_INTERVIEW_PANEL_01_HIRING_MANAGER,CALIBRATION,RESERVED,0.25,2027-01-28T12:00:00+09:00,CALIBRATION_REQUIRED
EA_001887,APP0151_SECOND_INTERVIEW,APP0151_SECOND_INTERVIEW_CALIBRATION,SECOND_INTERVIEW_PANEL_01_HIRING_MANAGER,CALIBRATION,CONSUMED,0.25,2027-01-28T12:15:00+09:00,ACTUAL_PARTICIPATION
EA_001888,APP0164_SECOND_INTERVIEW,APP0164_SECOND_INTERVIEW_CALIBRATION,SECOND_INTERVIEW_PANEL_01_ML_ENGINEER,CALIBRATION,RESERVED,0.25,2027-02-01T10:45:00+09:00,CALIBRATION_REQUIRED
EA_001889,APP0164_SECOND_INTERVIEW,APP0164_SECOND_INTERVIEW_CALIBRATION,SECOND_INTERVIEW_PANEL_01_ML_ENGINEER,CALIBRATION,CONSUMED,0.25,2027-02-01T11:00:00+09:00,ACTUAL_PARTICIPATION
EA_001890,APP0164_SECOND_INTERVIEW,APP0164_SECOND_INTERVIEW_CALIBRATION,SECOND_INTERVIEW_PANEL_01_HIRING_MANAGER,CALIBRATION,RESERVED,0.25,2027-02-01T10:45:00+09:00,CALIBRATION_REQUIRED
EA_001891,APP0164_SECOND_INTERVIEW,APP0164_SECOND_INTERVIEW_CALIBRATION,SECOND_INTERVIEW_PANEL_01_HIRING_MANAGER,CALIBRATION,CONSUMED,0.25,2027-02-01T11:00:00+09:00,ACTUAL_PARTICIPATION
EA_001892,APP0216_SECOND_INTERVIEW,APP0216_SECOND_INTERVIEW_CALIBRATION,SECOND_INTERVIEW_PANEL_01_ML_ENGINEER,CALIBRATION,RESERVED,0.25,2027-02-17T10:45:00+09:00,CALIBRATION_REQUIRED
EA_001893,APP0216_SECOND_INTERVIEW,APP0216_SECOND_INTERVIEW_CALIBRATION,SECOND_INTERVIEW_PANEL_01_ML_ENGINEER,CALIBRATION,CONSUMED,0.25,2027-02-17T11:00:00+09:00,ACTUAL_PARTICIPATION
EA_001894,APP0216_SECOND_INTERVIEW,APP0216_SECOND_INTERVIEW_CALIBRATION,SECOND_INTERVIEW_PANEL_01_HIRING_MANAGER,CALIBRATION,RESERVED,0.25,2027-02-17T10:45:00+09:00,CALIBRATION_REQUIRED
EA_001895,APP0216_SECOND_INTERVIEW,APP0216_SECOND_INTERVIEW_CALIBRATION,SECOND_INTERVIEW_PANEL_01_HIRING_MANAGER,CALIBRATION,CONSUMED,0.25,2027-02-17T11:00:00+09:00,ACTUAL_PARTICIPATION
EA_001896,APP0232_SECOND_INTERVIEW,APP0232_SECOND_INTERVIEW_CALIBRATION,SECOND_INTERVIEW_PANEL_01_ML_ENGINEER,CALIBRATION,RESERVED,0.25,2027-02-14T10:45:00+09:00,CALIBRATION_REQUIRED
EA_001897,APP0232_SECOND_INTERVIEW,APP0232_SECOND_INTERVIEW_CALIBRATION,SECOND_INTERVIEW_PANEL_01_ML_ENGINEER,CALIBRATION,CONSUMED,0.25,2027-02-14T11:00:00+09:00,ACTUAL_PARTICIPATION
EA_001898,APP0232_SECOND_INTERVIEW,APP0232_SECOND_INTERVIEW_CALIBRATION,SECOND_INTERVIEW_PANEL_01_HIRING_MANAGER,CALIBRATION,RESERVED,0.25,2027-02-14T10:45:00+09:00,CALIBRATION_REQUIRED
EA_001899,APP0232_SECOND_INTERVIEW,APP0232_SECOND_INTERVIEW_CALIBRATION,SECOND_INTERVIEW_PANEL_01_HIRING_MANAGER,CALIBRATION,CONSUMED,0.25,2027-02-14T11:00:00+09:00,ACTUAL_PARTICIPATION
EA_001900,APP0228_SECOND_INTERVIEW,APP0228_SECOND_INTERVIEW_CALIBRATION,SECOND_INTERVIEW_PANEL_01_ML_ENGINEER,CALIBRATION,RESERVED,0.25,2027-02-15T10:45:00+09:00,CALIBRATION_REQUIRED
EA_001901,APP0228_SECOND_INTERVIEW,APP0228_SECOND_INTERVIEW_CALIBRATION,SECOND_INTERVIEW_PANEL_01_ML_ENGINEER,CALIBRATION,CONSUMED,0.25,2027-02-15T11:00:00+09:00,ACTUAL_PARTICIPATION
EA_001902,APP0228_SECOND_INTERVIEW,APP0228_SECOND_INTERVIEW_CALIBRATION,SECOND_INTERVIEW_PANEL_01_HIRING_MANAGER,CALIBRATION,RESERVED,0.25,2027-02-15T10:45:00+09:00,CALIBRATION_REQUIRED
EA_001903,APP0228_SECOND_INTERVIEW,APP0228_SECOND_INTERVIEW_CALIBRATION,SECOND_INTERVIEW_PANEL_01_HIRING_MANAGER,CALIBRATION,CONSUMED,0.25,2027-02-15T11:00:00+09:00,ACTUAL_PARTICIPATION
EA_001904,APP0265_SECOND_INTERVIEW,APP0265_SECOND_INTERVIEW_CALIBRATION,SECOND_INTERVIEW_PANEL_01_ML_ENGINEER,CALIBRATION,RESERVED,0.25,2027-02-22T10:45:00+09:00,CALIBRATION_REQUIRED
EA_001905,APP0265_SECOND_INTERVIEW,APP0265_SECOND_INTERVIEW_CALIBRATION,SECOND_INTERVIEW_PANEL_01_ML_ENGINEER,CALIBRATION,CONSUMED,0.25,2027-02-22T11:00:00+09:00,ACTUAL_PARTICIPATION
EA_001906,APP0265_SECOND_INTERVIEW,APP0265_SECOND_INTERVIEW_CALIBRATION,SECOND_INTERVIEW_PANEL_01_HIRING_MANAGER,CALIBRATION,RESERVED,0.25,2027-02-22T10:45:00+09:00,CALIBRATION_REQUIRED
EA_001907,APP0265_SECOND_INTERVIEW,APP0265_SECOND_INTERVIEW_CALIBRATION,SECOND_INTERVIEW_PANEL_01_HIRING_MANAGER,CALIBRATION,CONSUMED,0.25,2027-02-22T11:00:00+09:00,ACTUAL_PARTICIPATION
EA_001908,APP0267_SECOND_INTERVIEW,APP0267_SECOND_INTERVIEW_CALIBRATION,SECOND_INTERVIEW_PANEL_01_ML_ENGINEER,CALIBRATION,RESERVED,0.25,2027-02-22T11:30:00+09:00,CALIBRATION_REQUIRED
EA_001909,APP0267_SECOND_INTERVIEW,APP0267_SECOND_INTERVIEW_CALIBRATION,SECOND_INTERVIEW_PANEL_01_ML_ENGINEER,CALIBRATION,CONSUMED,0.25,2027-02-22T11:45:00+09:00,ACTUAL_PARTICIPATION
EA_001910,APP0267_SECOND_INTERVIEW,APP0267_SECOND_INTERVIEW_CALIBRATION,SECOND_INTERVIEW_PANEL_01_HIRING_MANAGER,CALIBRATION,RESERVED,0.25,2027-02-22T11:30:00+09:00,CALIBRATION_REQUIRED
EA_001911,APP0267_SECOND_INTERVIEW,APP0267_SECOND_INTERVIEW_CALIBRATION,SECOND_INTERVIEW_PANEL_01_HIRING_MANAGER,CALIBRATION,CONSUMED,0.25,2027-02-22T11:45:00+09:00,ACTUAL_PARTICIPATION
EA_001912,APP0279_SECOND_INTERVIEW,APP0279_SECOND_INTERVIEW_CALIBRATION,SECOND_INTERVIEW_PANEL_01_ML_ENGINEER,CALIBRATION,RESERVED,0.25,2027-02-20T11:15:00+09:00,CALIBRATION_REQUIRED
EA_001913,APP0279_SECOND_INTERVIEW,APP0279_SECOND_INTERVIEW_CALIBRATION,SECOND_INTERVIEW_PANEL_01_ML_ENGINEER,CALIBRATION,CONSUMED,0.25,2027-02-20T11:30:00+09:00,ACTUAL_PARTICIPATION
EA_001914,APP0279_SECOND_INTERVIEW,APP0279_SECOND_INTERVIEW_CALIBRATION,SECOND_INTERVIEW_PANEL_01_HIRING_MANAGER,CALIBRATION,RESERVED,0.25,2027-02-20T11:15:00+09:00,CALIBRATION_REQUIRED
EA_001915,APP0279_SECOND_INTERVIEW,APP0279_SECOND_INTERVIEW_CALIBRATION,SECOND_INTERVIEW_PANEL_01_HIRING_MANAGER,CALIBRATION,CONSUMED,0.25,2027-02-20T11:30:00+09:00,ACTUAL_PARTICIPATION
EA_001916,APP0285_SECOND_INTERVIEW,APP0285_SECOND_INTERVIEW_CALIBRATION,SECOND_INTERVIEW_PANEL_01_ML_ENGINEER,CALIBRATION,RESERVED,0.25,2027-02-21T10:45:00+09:00,CALIBRATION_REQUIRED
EA_001917,APP0285_SECOND_INTERVIEW,APP0285_SECOND_INTERVIEW_CALIBRATION,SECOND_INTERVIEW_PANEL_01_ML_ENGINEER,CALIBRATION,CONSUMED,0.25,2027-02-21T11:00:00+09:00,ACTUAL_PARTICIPATION
EA_001918,APP0285_SECOND_INTERVIEW,APP0285_SECOND_INTERVIEW_CALIBRATION,SECOND_INTERVIEW_PANEL_01_HIRING_MANAGER,CALIBRATION,RESERVED,0.25,2027-02-21T10:45:00+09:00,CALIBRATION_REQUIRED
EA_001919,APP0285_SECOND_INTERVIEW,APP0285_SECOND_INTERVIEW_CALIBRATION,SECOND_INTERVIEW_PANEL_01_HIRING_MANAGER,CALIBRATION,CONSUMED,0.25,2027-02-21T11:00:00+09:00,ACTUAL_PARTICIPATION
EA_001920,APP0300_SECOND_INTERVIEW,APP0300_SECOND_INTERVIEW_CALIBRATION,SECOND_INTERVIEW_PANEL_01_ML_ENGINEER,CALIBRATION,RESERVED,0.25,2027-02-23T10:45:00+09:00,CALIBRATION_REQUIRED
EA_001921,APP0300_SECOND_INTERVIEW,APP0300_SECOND_INTERVIEW_CALIBRATION,SECOND_INTERVIEW_PANEL_01_ML_ENGINEER,CALIBRATION,CONSUMED,0.25,2027-02-23T11:00:00+09:00,ACTUAL_PARTICIPATION
EA_001922,APP0300_SECOND_INTERVIEW,APP0300_SECOND_INTERVIEW_CALIBRATION,SECOND_INTERVIEW_PANEL_01_HIRING_MANAGER,CALIBRATION,RESERVED,0.25,2027-02-23T10:45:00+09:00,CALIBRATION_REQUIRED
EA_001923,APP0300_SECOND_INTERVIEW,APP0300_SECOND_INTERVIEW_CALIBRATION,SECOND_INTERVIEW_PANEL_01_HIRING_MANAGER,CALIBRATION,CONSUMED,0.25,2027-02-23T11:00:00+09:00,ACTUAL_PARTICIPATION
EA_001924,APP0305_SECOND_INTERVIEW,APP0305_SECOND_INTERVIEW_CALIBRATION,SECOND_INTERVIEW_PANEL_01_ML_ENGINEER,CALIBRATION,RESERVED,0.25,2027-03-02T10:45:00+09:00,CALIBRATION_REQUIRED
EA_001925,APP0305_SECOND_INTERVIEW,APP0305_SECOND_INTERVIEW_CALIBRATION,SECOND_INTERVIEW_PANEL_01_ML_ENGINEER,CALIBRATION,CONSUMED,0.25,2027-03-02T11:00:00+09:00,ACTUAL_PARTICIPATION
EA_001926,APP0305_SECOND_INTERVIEW,APP0305_SECOND_INTERVIEW_CALIBRATION,SECOND_INTERVIEW_PANEL_01_HIRING_MANAGER,CALIBRATION,RESERVED,0.25,2027-03-02T10:45:00+09:00,CALIBRATION_REQUIRED
EA_001927,APP0305_SECOND_INTERVIEW,APP0305_SECOND_INTERVIEW_CALIBRATION,SECOND_INTERVIEW_PANEL_01_HIRING_MANAGER,CALIBRATION,CONSUMED,0.25,2027-03-02T11:00:00+09:00,ACTUAL_PARTICIPATION
EA_001928,APP0334_SECOND_INTERVIEW,APP0334_SECOND_INTERVIEW_CALIBRATION,SECOND_INTERVIEW_PANEL_01_ML_ENGINEER,CALIBRATION,RESERVED,0.25,2027-02-27T10:45:00+09:00,CALIBRATION_REQUIRED
EA_001929,APP0334_SECOND_INTERVIEW,APP0334_SECOND_INTERVIEW_CALIBRATION,SECOND_INTERVIEW_PANEL_01_ML_ENGINEER,CALIBRATION,CONSUMED,0.25,2027-02-27T11:00:00+09:00,ACTUAL_PARTICIPATION
EA_001930,APP0334_SECOND_INTERVIEW,APP0334_SECOND_INTERVIEW_CALIBRATION,SECOND_INTERVIEW_PANEL_01_HIRING_MANAGER,CALIBRATION,RESERVED,0.25,2027-02-27T10:45:00+09:00,CALIBRATION_REQUIRED
EA_001931,APP0334_SECOND_INTERVIEW,APP0334_SECOND_INTERVIEW_CALIBRATION,SECOND_INTERVIEW_PANEL_01_HIRING_MANAGER,CALIBRATION,CONSUMED,0.25,2027-02-27T11:00:00+09:00,ACTUAL_PARTICIPATION
EA_001932,APP0342_SECOND_INTERVIEW,APP0342_SECOND_INTERVIEW_CALIBRATION,SECOND_INTERVIEW_PANEL_01_ML_ENGINEER,CALIBRATION,RESERVED,0.25,2027-03-08T10:45:00+09:00,CALIBRATION_REQUIRED
EA_001933,APP0342_SECOND_INTERVIEW,APP0342_SECOND_INTERVIEW_CALIBRATION,SECOND_INTERVIEW_PANEL_01_ML_ENGINEER,CALIBRATION,CONSUMED,0.25,2027-03-08T11:00:00+09:00,ACTUAL_PARTICIPATION
EA_001934,APP0342_SECOND_INTERVIEW,APP0342_SECOND_INTERVIEW_CALIBRATION,SECOND_INTERVIEW_PANEL_01_HIRING_MANAGER,CALIBRATION,RESERVED,0.25,2027-03-08T10:45:00+09:00,CALIBRATION_REQUIRED
EA_001935,APP0342_SECOND_INTERVIEW,APP0342_SECOND_INTERVIEW_CALIBRATION,SECOND_INTERVIEW_PANEL_01_HIRING_MANAGER,CALIBRATION,CONSUMED,0.25,2027-03-08T11:00:00+09:00,ACTUAL_PARTICIPATION
EA_001936,APP0014_FINAL_REVIEW,APP0014_FINAL_REVIEW_FOLLOW_UP_CALIBRATION,FINAL_REVIEW_PANEL_01_ML_ENGINEER,CALIBRATION,RESERVED,0.25,2027-01-13T12:00:00+09:00,CALIBRATION_REQUIRED
EA_001937,APP0014_FINAL_REVIEW,APP0014_FINAL_REVIEW_FOLLOW_UP_CALIBRATION,FINAL_REVIEW_PANEL_01_ML_ENGINEER,CALIBRATION,CONSUMED,0.25,2027-01-13T12:15:00+09:00,ACTUAL_PARTICIPATION
EA_001938,APP0014_FINAL_REVIEW,APP0014_FINAL_REVIEW_FOLLOW_UP_CALIBRATION,FINAL_REVIEW_PANEL_01_HIRING_MANAGER,CALIBRATION,RESERVED,0.25,2027-01-13T12:00:00+09:00,CALIBRATION_REQUIRED
EA_001939,APP0014_FINAL_REVIEW,APP0014_FINAL_REVIEW_FOLLOW_UP_CALIBRATION,FINAL_REVIEW_PANEL_01_HIRING_MANAGER,CALIBRATION,CONSUMED,0.25,2027-01-13T12:15:00+09:00,ACTUAL_PARTICIPATION
EA_001940,APP0005_FINAL_REVIEW,APP0005_FINAL_REVIEW_FOLLOW_UP_CALIBRATION,FINAL_REVIEW_PANEL_01_ML_ENGINEER,CALIBRATION,RESERVED,0.25,2027-01-24T12:20:00+09:00,CALIBRATION_REQUIRED
EA_001941,APP0005_FINAL_REVIEW,APP0005_FINAL_REVIEW_FOLLOW_UP_CALIBRATION,FINAL_REVIEW_PANEL_01_ML_ENGINEER,CALIBRATION,CONSUMED,0.25,2027-01-24T12:35:00+09:00,ACTUAL_PARTICIPATION
EA_001942,APP0005_FINAL_REVIEW,APP0005_FINAL_REVIEW_FOLLOW_UP_CALIBRATION,FINAL_REVIEW_PANEL_01_HIRING_MANAGER,CALIBRATION,RESERVED,0.25,2027-01-24T12:20:00+09:00,CALIBRATION_REQUIRED
EA_001943,APP0005_FINAL_REVIEW,APP0005_FINAL_REVIEW_FOLLOW_UP_CALIBRATION,FINAL_REVIEW_PANEL_01_HIRING_MANAGER,CALIBRATION,CONSUMED,0.25,2027-01-24T12:35:00+09:00,ACTUAL_PARTICIPATION
EA_001944,APP0037_FINAL_REVIEW,APP0037_FINAL_REVIEW_FOLLOW_UP_CALIBRATION,FINAL_REVIEW_PANEL_01_ML_ENGINEER,CALIBRATION,RESERVED,0.25,2027-01-22T12:05:00+09:00,CALIBRATION_REQUIRED
EA_001945,APP0037_FINAL_REVIEW,APP0037_FINAL_REVIEW_FOLLOW_UP_CALIBRATION,FINAL_REVIEW_PANEL_01_ML_ENGINEER,CALIBRATION,CONSUMED,0.25,2027-01-22T12:20:00+09:00,ACTUAL_PARTICIPATION
EA_001946,APP0037_FINAL_REVIEW,APP0037_FINAL_REVIEW_FOLLOW_UP_CALIBRATION,FINAL_REVIEW_PANEL_01_HIRING_MANAGER,CALIBRATION,RESERVED,0.25,2027-01-22T12:05:00+09:00,CALIBRATION_REQUIRED
EA_001947,APP0037_FINAL_REVIEW,APP0037_FINAL_REVIEW_FOLLOW_UP_CALIBRATION,FINAL_REVIEW_PANEL_01_HIRING_MANAGER,CALIBRATION,CONSUMED,0.25,2027-01-22T12:20:00+09:00,ACTUAL_PARTICIPATION
EA_001948,APP0046_FINAL_REVIEW,APP0046_FINAL_REVIEW_FOLLOW_UP_CALIBRATION,FINAL_REVIEW_PANEL_01_ML_ENGINEER,CALIBRATION,RESERVED,0.25,2027-01-30T12:05:00+09:00,CALIBRATION_REQUIRED
EA_001949,APP0046_FINAL_REVIEW,APP0046_FINAL_REVIEW_FOLLOW_UP_CALIBRATION,FINAL_REVIEW_PANEL_01_ML_ENGINEER,CALIBRATION,CONSUMED,0.25,2027-01-30T12:20:00+09:00,ACTUAL_PARTICIPATION
EA_001950,APP0046_FINAL_REVIEW,APP0046_FINAL_REVIEW_FOLLOW_UP_CALIBRATION,FINAL_REVIEW_PANEL_01_HIRING_MANAGER,CALIBRATION,RESERVED,0.25,2027-01-30T12:05:00+09:00,CALIBRATION_REQUIRED
EA_001951,APP0046_FINAL_REVIEW,APP0046_FINAL_REVIEW_FOLLOW_UP_CALIBRATION,FINAL_REVIEW_PANEL_01_HIRING_MANAGER,CALIBRATION,CONSUMED,0.25,2027-01-30T12:20:00+09:00,ACTUAL_PARTICIPATION
EA_001952,APP0035_FINAL_REVIEW,APP0035_FINAL_REVIEW_FOLLOW_UP_CALIBRATION,FINAL_REVIEW_PANEL_01_ML_ENGINEER,CALIBRATION,RESERVED,0.25,2027-01-31T12:10:00+09:00,CALIBRATION_REQUIRED
EA_001953,APP0035_FINAL_REVIEW,APP0035_FINAL_REVIEW_FOLLOW_UP_CALIBRATION,FINAL_REVIEW_PANEL_01_ML_ENGINEER,CALIBRATION,CONSUMED,0.25,2027-01-31T12:25:00+09:00,ACTUAL_PARTICIPATION
EA_001954,APP0035_FINAL_REVIEW,APP0035_FINAL_REVIEW_FOLLOW_UP_CALIBRATION,FINAL_REVIEW_PANEL_01_HIRING_MANAGER,CALIBRATION,RESERVED,0.25,2027-01-31T12:10:00+09:00,CALIBRATION_REQUIRED
EA_001955,APP0035_FINAL_REVIEW,APP0035_FINAL_REVIEW_FOLLOW_UP_CALIBRATION,FINAL_REVIEW_PANEL_01_HIRING_MANAGER,CALIBRATION,CONSUMED,0.25,2027-01-31T12:25:00+09:00,ACTUAL_PARTICIPATION
EA_001956,APP0059_FINAL_REVIEW,APP0059_FINAL_REVIEW_FOLLOW_UP_CALIBRATION,FINAL_REVIEW_PANEL_01_ML_ENGINEER,CALIBRATION,RESERVED,0.25,2027-02-03T12:00:00+09:00,CALIBRATION_REQUIRED
EA_001957,APP0059_FINAL_REVIEW,APP0059_FINAL_REVIEW_FOLLOW_UP_CALIBRATION,FINAL_REVIEW_PANEL_01_ML_ENGINEER,CALIBRATION,CONSUMED,0.25,2027-02-03T12:15:00+09:00,ACTUAL_PARTICIPATION
EA_001958,APP0059_FINAL_REVIEW,APP0059_FINAL_REVIEW_FOLLOW_UP_CALIBRATION,FINAL_REVIEW_PANEL_01_HIRING_MANAGER,CALIBRATION,RESERVED,0.25,2027-02-03T12:00:00+09:00,CALIBRATION_REQUIRED
EA_001959,APP0059_FINAL_REVIEW,APP0059_FINAL_REVIEW_FOLLOW_UP_CALIBRATION,FINAL_REVIEW_PANEL_01_HIRING_MANAGER,CALIBRATION,CONSUMED,0.25,2027-02-03T12:15:00+09:00,ACTUAL_PARTICIPATION
EA_001960,APP0146_FINAL_REVIEW,APP0146_FINAL_REVIEW_FOLLOW_UP_CALIBRATION,FINAL_REVIEW_PANEL_01_ML_ENGINEER,CALIBRATION,RESERVED,0.25,2027-02-16T12:30:00+09:00,CALIBRATION_REQUIRED
EA_001961,APP0146_FINAL_REVIEW,APP0146_FINAL_REVIEW_FOLLOW_UP_CALIBRATION,FINAL_REVIEW_PANEL_01_ML_ENGINEER,CALIBRATION,CONSUMED,0.25,2027-02-16T12:45:00+09:00,ACTUAL_PARTICIPATION
EA_001962,APP0146_FINAL_REVIEW,APP0146_FINAL_REVIEW_FOLLOW_UP_CALIBRATION,FINAL_REVIEW_PANEL_01_HIRING_MANAGER,CALIBRATION,RESERVED,0.25,2027-02-16T12:30:00+09:00,CALIBRATION_REQUIRED
EA_001963,APP0146_FINAL_REVIEW,APP0146_FINAL_REVIEW_FOLLOW_UP_CALIBRATION,FINAL_REVIEW_PANEL_01_HIRING_MANAGER,CALIBRATION,CONSUMED,0.25,2027-02-16T12:45:00+09:00,ACTUAL_PARTICIPATION
EA_001964,APP0151_FINAL_REVIEW,APP0151_FINAL_REVIEW_FOLLOW_UP_CALIBRATION,FINAL_REVIEW_PANEL_01_ML_ENGINEER,CALIBRATION,RESERVED,0.25,2027-02-14T13:25:00+09:00,CALIBRATION_REQUIRED
EA_001965,APP0151_FINAL_REVIEW,APP0151_FINAL_REVIEW_FOLLOW_UP_CALIBRATION,FINAL_REVIEW_PANEL_01_ML_ENGINEER,CALIBRATION,CONSUMED,0.25,2027-02-14T13:40:00+09:00,ACTUAL_PARTICIPATION
EA_001966,APP0151_FINAL_REVIEW,APP0151_FINAL_REVIEW_FOLLOW_UP_CALIBRATION,FINAL_REVIEW_PANEL_01_HIRING_MANAGER,CALIBRATION,RESERVED,0.25,2027-02-14T13:25:00+09:00,CALIBRATION_REQUIRED
EA_001967,APP0151_FINAL_REVIEW,APP0151_FINAL_REVIEW_FOLLOW_UP_CALIBRATION,FINAL_REVIEW_PANEL_01_HIRING_MANAGER,CALIBRATION,CONSUMED,0.25,2027-02-14T13:40:00+09:00,ACTUAL_PARTICIPATION
EA_001968,APP0164_FINAL_REVIEW,APP0164_FINAL_REVIEW_FOLLOW_UP_CALIBRATION,FINAL_REVIEW_PANEL_01_ML_ENGINEER,CALIBRATION,RESERVED,0.25,2027-02-14T14:20:00+09:00,CALIBRATION_REQUIRED
EA_001969,APP0164_FINAL_REVIEW,APP0164_FINAL_REVIEW_FOLLOW_UP_CALIBRATION,FINAL_REVIEW_PANEL_01_ML_ENGINEER,CALIBRATION,CONSUMED,0.25,2027-02-14T14:35:00+09:00,ACTUAL_PARTICIPATION
EA_001970,APP0164_FINAL_REVIEW,APP0164_FINAL_REVIEW_FOLLOW_UP_CALIBRATION,FINAL_REVIEW_PANEL_01_HIRING_MANAGER,CALIBRATION,RESERVED,0.25,2027-02-14T14:20:00+09:00,CALIBRATION_REQUIRED
EA_001971,APP0164_FINAL_REVIEW,APP0164_FINAL_REVIEW_FOLLOW_UP_CALIBRATION,FINAL_REVIEW_PANEL_01_HIRING_MANAGER,CALIBRATION,CONSUMED,0.25,2027-02-14T14:35:00+09:00,ACTUAL_PARTICIPATION
EA_001972,APP0285_FINAL_REVIEW,APP0285_FINAL_REVIEW_FOLLOW_UP_CALIBRATION,FINAL_REVIEW_PANEL_01_ML_ENGINEER,CALIBRATION,RESERVED,0.25,2027-03-10T12:05:00+09:00,CALIBRATION_REQUIRED
EA_001973,APP0285_FINAL_REVIEW,APP0285_FINAL_REVIEW_FOLLOW_UP_CALIBRATION,FINAL_REVIEW_PANEL_01_ML_ENGINEER,CALIBRATION,CONSUMED,0.25,2027-03-10T12:20:00+09:00,ACTUAL_PARTICIPATION
EA_001974,APP0285_FINAL_REVIEW,APP0285_FINAL_REVIEW_FOLLOW_UP_CALIBRATION,FINAL_REVIEW_PANEL_01_HIRING_MANAGER,CALIBRATION,RESERVED,0.25,2027-03-10T12:05:00+09:00,CALIBRATION_REQUIRED
EA_001975,APP0285_FINAL_REVIEW,APP0285_FINAL_REVIEW_FOLLOW_UP_CALIBRATION,FINAL_REVIEW_PANEL_01_HIRING_MANAGER,CALIBRATION,CONSUMED,0.25,2027-03-10T12:20:00+09:00,ACTUAL_PARTICIPATION
EA_001976,APP0267_FINAL_REVIEW,APP0267_FINAL_REVIEW_FOLLOW_UP_CALIBRATION,FINAL_REVIEW_PANEL_01_ML_ENGINEER,CALIBRATION,RESERVED,0.25,2027-03-13T12:55:00+09:00,CALIBRATION_REQUIRED
EA_001977,APP0267_FINAL_REVIEW,APP0267_FINAL_REVIEW_FOLLOW_UP_CALIBRATION,FINAL_REVIEW_PANEL_01_ML_ENGINEER,CALIBRATION,CONSUMED,0.25,2027-03-13T13:10:00+09:00,ACTUAL_PARTICIPATION
EA_001978,APP0267_FINAL_REVIEW,APP0267_FINAL_REVIEW_FOLLOW_UP_CALIBRATION,FINAL_REVIEW_PANEL_01_HIRING_MANAGER,CALIBRATION,RESERVED,0.25,2027-03-13T12:55:00+09:00,CALIBRATION_REQUIRED
EA_001979,APP0267_FINAL_REVIEW,APP0267_FINAL_REVIEW_FOLLOW_UP_CALIBRATION,FINAL_REVIEW_PANEL_01_HIRING_MANAGER,CALIBRATION,CONSUMED,0.25,2027-03-13T13:10:00+09:00,ACTUAL_PARTICIPATION
EA_001980,APP0279_FINAL_REVIEW,APP0279_FINAL_REVIEW_FOLLOW_UP_CALIBRATION,FINAL_REVIEW_PANEL_01_ML_ENGINEER,CALIBRATION,RESERVED,0.25,2027-03-13T13:50:00+09:00,CALIBRATION_REQUIRED
EA_001981,APP0279_FINAL_REVIEW,APP0279_FINAL_REVIEW_FOLLOW_UP_CALIBRATION,FINAL_REVIEW_PANEL_01_ML_ENGINEER,CALIBRATION,CONSUMED,0.25,2027-03-13T14:05:00+09:00,ACTUAL_PARTICIPATION
EA_001982,APP0279_FINAL_REVIEW,APP0279_FINAL_REVIEW_FOLLOW_UP_CALIBRATION,FINAL_REVIEW_PANEL_01_HIRING_MANAGER,CALIBRATION,RESERVED,0.25,2027-03-13T13:50:00+09:00,CALIBRATION_REQUIRED
EA_001983,APP0279_FINAL_REVIEW,APP0279_FINAL_REVIEW_FOLLOW_UP_CALIBRATION,FINAL_REVIEW_PANEL_01_HIRING_MANAGER,CALIBRATION,CONSUMED,0.25,2027-03-13T14:05:00+09:00,ACTUAL_PARTICIPATION
EA_001984,APP0265_FINAL_REVIEW,APP0265_FINAL_REVIEW_FOLLOW_UP_CALIBRATION,FINAL_REVIEW_PANEL_01_ML_ENGINEER,CALIBRATION,RESERVED,0.25,2027-03-19T12:00:00+09:00,CALIBRATION_REQUIRED
EA_001985,APP0265_FINAL_REVIEW,APP0265_FINAL_REVIEW_FOLLOW_UP_CALIBRATION,FINAL_REVIEW_PANEL_01_ML_ENGINEER,CALIBRATION,CONSUMED,0.25,2027-03-19T12:15:00+09:00,ACTUAL_PARTICIPATION
EA_001986,APP0265_FINAL_REVIEW,APP0265_FINAL_REVIEW_FOLLOW_UP_CALIBRATION,FINAL_REVIEW_PANEL_01_HIRING_MANAGER,CALIBRATION,RESERVED,0.25,2027-03-19T12:00:00+09:00,CALIBRATION_REQUIRED
EA_001987,APP0265_FINAL_REVIEW,APP0265_FINAL_REVIEW_FOLLOW_UP_CALIBRATION,FINAL_REVIEW_PANEL_01_HIRING_MANAGER,CALIBRATION,CONSUMED,0.25,2027-03-19T12:15:00+09:00,ACTUAL_PARTICIPATION
EA_001988,APP0305_FINAL_REVIEW,APP0305_FINAL_REVIEW_FOLLOW_UP_CALIBRATION,FINAL_REVIEW_PANEL_01_ML_ENGINEER,CALIBRATION,RESERVED,0.25,2027-03-17T12:05:00+09:00,CALIBRATION_REQUIRED
EA_001989,APP0305_FINAL_REVIEW,APP0305_FINAL_REVIEW_FOLLOW_UP_CALIBRATION,FINAL_REVIEW_PANEL_01_ML_ENGINEER,CALIBRATION,CONSUMED,0.25,2027-03-17T12:20:00+09:00,ACTUAL_PARTICIPATION
EA_001990,APP0305_FINAL_REVIEW,APP0305_FINAL_REVIEW_FOLLOW_UP_CALIBRATION,FINAL_REVIEW_PANEL_01_HIRING_MANAGER,CALIBRATION,RESERVED,0.25,2027-03-17T12:05:00+09:00,CALIBRATION_REQUIRED
EA_001991,APP0305_FINAL_REVIEW,APP0305_FINAL_REVIEW_FOLLOW_UP_CALIBRATION,FINAL_REVIEW_PANEL_01_HIRING_MANAGER,CALIBRATION,CONSUMED,0.25,2027-03-17T12:20:00+09:00,ACTUAL_PARTICIPATION
