assignment_event_id,stage_event_id,reservation_id,event_type,person_hours,effective_at,activity_id,participant_id,reason_code
ASG_000000,APP0002_FIRST_INTERVIEW,RSV_APP0002_FIRST_INTERVIEW,RESERVED,4,2026-12-08T14:04:00+09:00,,,SCHEDULED_ALLOCATION
ASG_000001,APP0002_FIRST_INTERVIEW,RSV_APP0002_FIRST_INTERVIEW,CONSUMED,0.41666667,2026-12-14T09:25:00+09:00,APP0002_FIRST_INTERVIEW_TECHNICAL_ASSESSMENT,FIRST_PANEL_01_ML_ENGINEER,ACTUAL_PARTICIPATION
ASG_000002,APP0002_FIRST_INTERVIEW,RSV_APP0002_FIRST_INTERVIEW,CONSUMED,0.41666667,2026-12-14T09:25:00+09:00,APP0002_FIRST_INTERVIEW_TECHNICAL_ASSESSMENT,FIRST_PANEL_01_HIRING_MANAGER,ACTUAL_PARTICIPATION
ASG_000003,APP0002_FIRST_INTERVIEW,RSV_APP0002_FIRST_INTERVIEW,CONSUMED,0.41666667,2026-12-14T09:50:00+09:00,APP0002_FIRST_INTERVIEW_AI_CASE,FIRST_PANEL_01_ML_ENGINEER,ACTUAL_PARTICIPATION
ASG_000004,APP0002_FIRST_INTERVIEW,RSV_APP0002_FIRST_INTERVIEW,CONSUMED,0.41666667,2026-12-14T09:50:00+09:00,APP0002_FIRST_INTERVIEW_AI_CASE,FIRST_PANEL_01_HIRING_MANAGER,ACTUAL_PARTICIPATION
ASG_000005,APP0002_FIRST_INTERVIEW,RSV_APP0002_FIRST_INTERVIEW,CONSUMED,0.41666667,2026-12-14T10:15:00+09:00,APP0002_FIRST_INTERVIEW_PRACTITIONER_QA,FIRST_PANEL_01_ML_ENGINEER,ACTUAL_PARTICIPATION
ASG_000006,APP0002_FIRST_INTERVIEW,RSV_APP0002_FIRST_INTERVIEW,CONSUMED,0.41666667,2026-12-14T10:15:00+09:00,APP0002_FIRST_INTERVIEW_PRACTITIONER_QA,FIRST_PANEL_01_HIRING_MANAGER,ACTUAL_PARTICIPATION
ASG_000007,APP0002_FIRST_INTERVIEW,RSV_APP0002_FIRST_INTERVIEW,CONSUMED,0.33333333,2026-12-14T10:35:00+09:00,APP0002_FIRST_INTERVIEW_CALIBRATION,FIRST_PANEL_01_ML_ENGINEER,ACTUAL_PARTICIPATION
ASG_000008,APP0002_FIRST_INTERVIEW,RSV_APP0002_FIRST_INTERVIEW,CONSUMED,0.33333333,2026-12-14T10:35:00+09:00,APP0002_FIRST_INTERVIEW_CALIBRATION,FIRST_PANEL_01_HIRING_MANAGER,ACTUAL_PARTICIPATION
ASG_000009,APP0002_FIRST_INTERVIEW,RSV_APP0002_FIRST_INTERVIEW,RELEASED,0.83333332,2026-12-14T10:35:00+09:00,,,COMPLETED_UNUSED
ASG_000010,APP0003_FIRST_INTERVIEW,RSV_APP0003_FIRST_INTERVIEW,RESERVED,4,2026-12-08T14:04:00+09:00,,,SCHEDULED_ALLOCATION
ASG_000011,APP0003_FIRST_INTERVIEW,RSV_APP0003_FIRST_INTERVIEW,CONSUMED,0.58333333,2026-12-14T09:35:00+09:00,APP0003_FIRST_INTERVIEW_TECHNICAL_ASSESSMENT,FIRST_PANEL_02_ML_ENGINEER,ACTUAL_PARTICIPATION
ASG_000012,APP0003_FIRST_INTERVIEW,RSV_APP0003_FIRST_INTERVIEW,CONSUMED,0.58333333,2026-12-14T09:35:00+09:00,APP0003_FIRST_INTERVIEW_TECHNICAL_ASSESSMENT,FIRST_PANEL_02_HIRING_MANAGER,ACTUAL_PARTICIPATION
ASG_000013,APP0003_FIRST_INTERVIEW,RSV_APP0003_FIRST_INTERVIEW,CONSUMED,0.58333333,2026-12-14T10:10:00+09:00,APP0003_FIRST_INTERVIEW_AI_CASE,FIRST_PANEL_02_ML_ENGINEER,ACTUAL_PARTICIPATION
ASG_000014,APP0003_FIRST_INTERVIEW,RSV_APP0003_FIRST_INTERVIEW,CONSUMED,0.58333333,2026-12-14T10:10:00+09:00,APP0003_FIRST_INTERVIEW_AI_CASE,FIRST_PANEL_02_HIRING_MANAGER,ACTUAL_PARTICIPATION
ASG_000015,APP0003_FIRST_INTERVIEW,RSV_APP0003_FIRST_INTERVIEW,CONSUMED,0.41666667,2026-12-14T10:35:00+09:00,APP0003_FIRST_INTERVIEW_PRACTITIONER_QA,FIRST_PANEL_02_ML_ENGINEER,ACTUAL_PARTICIPATION
ASG_000016,APP0003_FIRST_INTERVIEW,RSV_APP0003_FIRST_INTERVIEW,CONSUMED,0.41666667,2026-12-14T10:35:00+09:00,APP0003_FIRST_INTERVIEW_PRACTITIONER_QA,FIRST_PANEL_02_HIRING_MANAGER,ACTUAL_PARTICIPATION
ASG_000017,APP0003_FIRST_INTERVIEW,RSV_APP0003_FIRST_INTERVIEW,CONSUMED,0.33333333,2026-12-14T10:55:00+09:00,APP0003_FIRST_INTERVIEW_CALIBRATION,FIRST_PANEL_02_ML_ENGINEER,ACTUAL_PARTICIPATION
ASG_000018,APP0003_FIRST_INTERVIEW,RSV_APP0003_FIRST_INTERVIEW,CONSUMED,0.33333333,2026-12-14T10:55:00+09:00,APP0003_FIRST_INTERVIEW_CALIBRATION,FIRST_PANEL_02_HIRING_MANAGER,ACTUAL_PARTICIPATION
ASG_000019,APP0003_FIRST_INTERVIEW,RSV_APP0003_FIRST_INTERVIEW,RELEASED,0.16666668,2026-12-14T10:55:00+09:00,,,COMPLETED_UNUSED
ASG_000020,APP0004_FIRST_INTERVIEW,RSV_APP0004_FIRST_INTERVIEW,RESERVED,4,2026-12-08T14:04:00+09:00,,,SCHEDULED_ALLOCATION
ASG_000021,APP0004_FIRST_INTERVIEW,RSV_APP0004_FIRST_INTERVIEW,RELEASED,4.0,2026-12-15T09:00:00+09:00,,,NO_RESPONSE_UNUSED
ASG_000022,APP0005_FIRST_INTERVIEW,RSV_APP0005_FIRST_INTERVIEW,RESERVED,4,2026-12-08T14:04:00+09:00,,,SCHEDULED_ALLOCATION
ASG_000023,APP0005_FIRST_INTERVIEW,RSV_APP0005_FIRST_INTERVIEW,CONSUMED,0.58333333,2026-12-14T09:35:00+09:00,APP0005_FIRST_INTERVIEW_TECHNICAL_ASSESSMENT,FIRST_PANEL_04_ML_ENGINEER,ACTUAL_PARTICIPATION
ASG_000024,APP0005_FIRST_INTERVIEW,RSV_APP0005_FIRST_INTERVIEW,CONSUMED,0.58333333,2026-12-14T09:35:00+09:00,APP0005_FIRST_INTERVIEW_TECHNICAL_ASSESSMENT,FIRST_PANEL_04_HIRING_MANAGER,ACTUAL_PARTICIPATION
ASG_000025,APP0005_FIRST_INTERVIEW,RSV_APP0005_FIRST_INTERVIEW,CONSUMED,0.5,2026-12-14T10:05:00+09:00,APP0005_FIRST_INTERVIEW_AI_CASE,FIRST_PANEL_04_ML_ENGINEER,ACTUAL_PARTICIPATION
ASG_000026,APP0005_FIRST_INTERVIEW,RSV_APP0005_FIRST_INTERVIEW,CONSUMED,0.5,2026-12-14T10:05:00+09:00,APP0005_FIRST_INTERVIEW_AI_CASE,FIRST_PANEL_04_HIRING_MANAGER,ACTUAL_PARTICIPATION
ASG_000027,APP0005_FIRST_INTERVIEW,RSV_APP0005_FIRST_INTERVIEW,CONSUMED,0.41666667,2026-12-14T10:30:00+09:00,APP0005_FIRST_INTERVIEW_PRACTITIONER_QA,FIRST_PANEL_04_ML_ENGINEER,ACTUAL_PARTICIPATION
ASG_000028,APP0005_FIRST_INTERVIEW,RSV_APP0005_FIRST_INTERVIEW,CONSUMED,0.41666667,2026-12-14T10:30:00+09:00,APP0005_FIRST_INTERVIEW_PRACTITIONER_QA,FIRST_PANEL_04_HIRING_MANAGER,ACTUAL_PARTICIPATION
ASG_000029,APP0005_FIRST_INTERVIEW,RSV_APP0005_FIRST_INTERVIEW,CONSUMED,0.41666667,2026-12-14T10:55:00+09:00,APP0005_FIRST_INTERVIEW_CALIBRATION,FIRST_PANEL_04_ML_ENGINEER,ACTUAL_PARTICIPATION
ASG_000030,APP0005_FIRST_INTERVIEW,RSV_APP0005_FIRST_INTERVIEW,CONSUMED,0.41666667,2026-12-14T10:55:00+09:00,APP0005_FIRST_INTERVIEW_CALIBRATION,FIRST_PANEL_04_HIRING_MANAGER,ACTUAL_PARTICIPATION
ASG_000031,APP0005_FIRST_INTERVIEW,RSV_APP0005_FIRST_INTERVIEW,RELEASED,0.16666666,2026-12-14T10:55:00+09:00,,,COMPLETED_UNUSED
ASG_000032,APP0006_FIRST_INTERVIEW,RSV_APP0006_FIRST_INTERVIEW,RESERVED,4,2026-12-08T14:04:00+09:00,,,SCHEDULED_ALLOCATION
ASG_000033,APP0006_FIRST_INTERVIEW,RSV_APP0006_FIRST_INTERVIEW,CONSUMED,0.58333333,2026-12-14T09:35:00+09:00,APP0006_FIRST_INTERVIEW_TECHNICAL_ASSESSMENT,FIRST_PANEL_05_ML_ENGINEER,ACTUAL_PARTICIPATION
ASG_000034,APP0006_FIRST_INTERVIEW,RSV_APP0006_FIRST_INTERVIEW,CONSUMED,0.58333333,2026-12-14T09:35:00+09:00,APP0006_FIRST_INTERVIEW_TECHNICAL_ASSESSMENT,FIRST_PANEL_05_HIRING_MANAGER,ACTUAL_PARTICIPATION
ASG_000035,APP0006_FIRST_INTERVIEW,RSV_APP0006_FIRST_INTERVIEW,CONSUMED,0.58333333,2026-12-14T10:10:00+09:00,APP0006_FIRST_INTERVIEW_AI_CASE,FIRST_PANEL_05_ML_ENGINEER,ACTUAL_PARTICIPATION
ASG_000036,APP0006_FIRST_INTERVIEW,RSV_APP0006_FIRST_INTERVIEW,CONSUMED,0.58333333,2026-12-14T10:10:00+09:00,APP0006_FIRST_INTERVIEW_AI_CASE,FIRST_PANEL_05_HIRING_MANAGER,ACTUAL_PARTICIPATION
ASG_000037,APP0006_FIRST_INTERVIEW,RSV_APP0006_FIRST_INTERVIEW,CONSUMED,0.33333333,2026-12-14T10:30:00+09:00,APP0006_FIRST_INTERVIEW_PRACTITIONER_QA,FIRST_PANEL_05_ML_ENGINEER,ACTUAL_PARTICIPATION
ASG_000038,APP0006_FIRST_INTERVIEW,RSV_APP0006_FIRST_INTERVIEW,CONSUMED,0.33333333,2026-12-14T10:30:00+09:00,APP0006_FIRST_INTERVIEW_PRACTITIONER_QA,FIRST_PANEL_05_HIRING_MANAGER,ACTUAL_PARTICIPATION
ASG_000039,APP0006_FIRST_INTERVIEW,RSV_APP0006_FIRST_INTERVIEW,CONSUMED,0.41666667,2026-12-14T10:55:00+09:00,APP0006_FIRST_INTERVIEW_CALIBRATION,FIRST_PANEL_05_ML_ENGINEER,ACTUAL_PARTICIPATION
ASG_000040,APP0006_FIRST_INTERVIEW,RSV_APP0006_FIRST_INTERVIEW,CONSUMED,0.41666667,2026-12-14T10:55:00+09:00,APP0006_FIRST_INTERVIEW_CALIBRATION,FIRST_PANEL_05_HIRING_MANAGER,ACTUAL_PARTICIPATION
ASG_000041,APP0006_FIRST_INTERVIEW,RSV_APP0006_FIRST_INTERVIEW,RELEASED,0.16666668,2026-12-14T10:55:00+09:00,,,COMPLETED_UNUSED
ASG_000042,APP0007_FIRST_INTERVIEW,RSV_APP0007_FIRST_INTERVIEW,RESERVED,4,2026-12-08T14:04:00+09:00,,,SCHEDULED_ALLOCATION
ASG_000043,APP0007_FIRST_INTERVIEW,RSV_APP0007_FIRST_INTERVIEW,CONSUMED,0.41666667,2026-12-14T09:25:00+09:00,APP0007_FIRST_INTERVIEW_TECHNICAL_ASSESSMENT,FIRST_PANEL_06_ML_ENGINEER,ACTUAL_PARTICIPATION
ASG_000044,APP0007_FIRST_INTERVIEW,RSV_APP0007_FIRST_INTERVIEW,CONSUMED,0.41666667,2026-12-14T09:25:00+09:00,APP0007_FIRST_INTERVIEW_TECHNICAL_ASSESSMENT,FIRST_PANEL_06_HIRING_MANAGER,ACTUAL_PARTICIPATION
ASG_000045,APP0007_FIRST_INTERVIEW,RSV_APP0007_FIRST_INTERVIEW,CONSUMED,0.58333333,2026-12-14T10:00:00+09:00,APP0007_FIRST_INTERVIEW_AI_CASE,FIRST_PANEL_06_ML_ENGINEER,ACTUAL_PARTICIPATION
ASG_000046,APP0007_FIRST_INTERVIEW,RSV_APP0007_FIRST_INTERVIEW,CONSUMED,0.58333333,2026-12-14T10:00:00+09:00,APP0007_FIRST_INTERVIEW_AI_CASE,FIRST_PANEL_06_HIRING_MANAGER,ACTUAL_PARTICIPATION
ASG_000047,APP0007_FIRST_INTERVIEW,RSV_APP0007_FIRST_INTERVIEW,CONSUMED,0.33333333,2026-12-14T10:20:00+09:00,APP0007_FIRST_INTERVIEW_PRACTITIONER_QA,FIRST_PANEL_06_ML_ENGINEER,ACTUAL_PARTICIPATION
ASG_000048,APP0007_FIRST_INTERVIEW,RSV_APP0007_FIRST_INTERVIEW,CONSUMED,0.33333333,2026-12-14T10:20:00+09:00,APP0007_FIRST_INTERVIEW_PRACTITIONER_QA,FIRST_PANEL_06_HIRING_MANAGER,ACTUAL_PARTICIPATION
ASG_000049,APP0007_FIRST_INTERVIEW,RSV_APP0007_FIRST_INTERVIEW,CONSUMED,0.33333333,2026-12-14T10:40:00+09:00,APP0007_FIRST_INTERVIEW_CALIBRATION,FIRST_PANEL_06_ML_ENGINEER,ACTUAL_PARTICIPATION
ASG_000050,APP0007_FIRST_INTERVIEW,RSV_APP0007_FIRST_INTERVIEW,CONSUMED,0.33333333,2026-12-14T10:40:00+09:00,APP0007_FIRST_INTERVIEW_CALIBRATION,FIRST_PANEL_06_HIRING_MANAGER,ACTUAL_PARTICIPATION
ASG_000051,APP0007_FIRST_INTERVIEW,RSV_APP0007_FIRST_INTERVIEW,RELEASED,0.66666668,2026-12-14T10:40:00+09:00,,,COMPLETED_UNUSED
ASG_000052,APP0009_FIRST_INTERVIEW,RSV_APP0009_FIRST_INTERVIEW,RESERVED,4,2026-12-08T14:04:00+09:00,,,SCHEDULED_ALLOCATION
ASG_000053,APP0009_FIRST_INTERVIEW,RSV_APP0009_FIRST_INTERVIEW,CONSUMED,0.41666667,2026-12-14T09:25:00+09:00,APP0009_FIRST_INTERVIEW_TECHNICAL_ASSESSMENT,FIRST_PANEL_07_ML_ENGINEER,ACTUAL_PARTICIPATION
ASG_000054,APP0009_FIRST_INTERVIEW,RSV_APP0009_FIRST_INTERVIEW,CONSUMED,0.41666667,2026-12-14T09:25:00+09:00,APP0009_FIRST_INTERVIEW_TECHNICAL_ASSESSMENT,FIRST_PANEL_07_HIRING_MANAGER,ACTUAL_PARTICIPATION
ASG_000055,APP0009_FIRST_INTERVIEW,RSV_APP0009_FIRST_INTERVIEW,CONSUMED,0.41666667,2026-12-14T09:50:00+09:00,APP0009_FIRST_INTERVIEW_AI_CASE,FIRST_PANEL_07_ML_ENGINEER,ACTUAL_PARTICIPATION
ASG_000056,APP0009_FIRST_INTERVIEW,RSV_APP0009_FIRST_INTERVIEW,CONSUMED,0.41666667,2026-12-14T09:50:00+09:00,APP0009_FIRST_INTERVIEW_AI_CASE,FIRST_PANEL_07_HIRING_MANAGER,ACTUAL_PARTICIPATION
ASG_000057,APP0009_FIRST_INTERVIEW,RSV_APP0009_FIRST_INTERVIEW,CONSUMED,0.33333333,2026-12-14T10:10:00+09:00,APP0009_FIRST_INTERVIEW_PRACTITIONER_QA,FIRST_PANEL_07_ML_ENGINEER,ACTUAL_PARTICIPATION
ASG_000058,APP0009_FIRST_INTERVIEW,RSV_APP0009_FIRST_INTERVIEW,CONSUMED,0.33333333,2026-12-14T10:10:00+09:00,APP0009_FIRST_INTERVIEW_PRACTITIONER_QA,FIRST_PANEL_07_HIRING_MANAGER,ACTUAL_PARTICIPATION
ASG_000059,APP0009_FIRST_INTERVIEW,RSV_APP0009_FIRST_INTERVIEW,CONSUMED,0.41666667,2026-12-14T10:35:00+09:00,APP0009_FIRST_INTERVIEW_CALIBRATION,FIRST_PANEL_07_ML_ENGINEER,ACTUAL_PARTICIPATION
ASG_000060,APP0009_FIRST_INTERVIEW,RSV_APP0009_FIRST_INTERVIEW,CONSUMED,0.41666667,2026-12-14T10:35:00+09:00,APP0009_FIRST_INTERVIEW_CALIBRATION,FIRST_PANEL_07_HIRING_MANAGER,ACTUAL_PARTICIPATION
ASG_000061,APP0009_FIRST_INTERVIEW,RSV_APP0009_FIRST_INTERVIEW,RELEASED,0.83333332,2026-12-14T10:35:00+09:00,,,COMPLETED_UNUSED
ASG_000062,APP0010_FIRST_INTERVIEW,RSV_APP0010_FIRST_INTERVIEW,RESERVED,4,2026-12-08T14:04:00+09:00,,,SCHEDULED_ALLOCATION
ASG_000063,APP0010_FIRST_INTERVIEW,RSV_APP0010_FIRST_INTERVIEW,CONSUMED,0.58333333,2026-12-14T09:35:00+09:00,APP0010_FIRST_INTERVIEW_TECHNICAL_ASSESSMENT,FIRST_PANEL_08_ML_ENGINEER,ACTUAL_PARTICIPATION
ASG_000064,APP0010_FIRST_INTERVIEW,RSV_APP0010_FIRST_INTERVIEW,CONSUMED,0.58333333,2026-12-14T09:35:00+09:00,APP0010_FIRST_INTERVIEW_TECHNICAL_ASSESSMENT,FIRST_PANEL_08_HIRING_MANAGER,ACTUAL_PARTICIPATION
ASG_000065,APP0010_FIRST_INTERVIEW,RSV_APP0010_FIRST_INTERVIEW,CONSUMED,0.5,2026-12-14T10:05:00+09:00,APP0010_FIRST_INTERVIEW_AI_CASE,FIRST_PANEL_08_ML_ENGINEER,ACTUAL_PARTICIPATION
ASG_000066,APP0010_FIRST_INTERVIEW,RSV_APP0010_FIRST_INTERVIEW,CONSUMED,0.5,2026-12-14T10:05:00+09:00,APP0010_FIRST_INTERVIEW_AI_CASE,FIRST_PANEL_08_HIRING_MANAGER,ACTUAL_PARTICIPATION
ASG_000067,APP0010_FIRST_INTERVIEW,RSV_APP0010_FIRST_INTERVIEW,CONSUMED,0.41666667,2026-12-14T10:30:00+09:00,APP0010_FIRST_INTERVIEW_PRACTITIONER_QA,FIRST_PANEL_08_ML_ENGINEER,ACTUAL_PARTICIPATION
ASG_000068,APP0010_FIRST_INTERVIEW,RSV_APP0010_FIRST_INTERVIEW,CONSUMED,0.41666667,2026-12-14T10:30:00+09:00,APP0010_FIRST_INTERVIEW_PRACTITIONER_QA,FIRST_PANEL_08_HIRING_MANAGER,ACTUAL_PARTICIPATION
ASG_000069,APP0010_FIRST_INTERVIEW,RSV_APP0010_FIRST_INTERVIEW,CONSUMED,0.33333333,2026-12-14T10:50:00+09:00,APP0010_FIRST_INTERVIEW_CALIBRATION,FIRST_PANEL_08_ML_ENGINEER,ACTUAL_PARTICIPATION
ASG_000070,APP0010_FIRST_INTERVIEW,RSV_APP0010_FIRST_INTERVIEW,CONSUMED,0.33333333,2026-12-14T10:50:00+09:00,APP0010_FIRST_INTERVIEW_CALIBRATION,FIRST_PANEL_08_HIRING_MANAGER,ACTUAL_PARTICIPATION
ASG_000071,APP0010_FIRST_INTERVIEW,RSV_APP0010_FIRST_INTERVIEW,RELEASED,0.33333334,2026-12-14T10:50:00+09:00,,,COMPLETED_UNUSED
ASG_000072,APP0012_FIRST_INTERVIEW,RSV_APP0012_FIRST_INTERVIEW,RESERVED,4,2026-12-08T14:04:00+09:00,,,SCHEDULED_ALLOCATION
ASG_000073,APP0012_FIRST_INTERVIEW,RSV_APP0012_FIRST_INTERVIEW,CONSUMED,0.41666667,2026-12-14T09:25:00+09:00,APP0012_FIRST_INTERVIEW_TECHNICAL_ASSESSMENT,FIRST_PANEL_09_ML_ENGINEER,ACTUAL_PARTICIPATION
ASG_000074,APP0012_FIRST_INTERVIEW,RSV_APP0012_FIRST_INTERVIEW,CONSUMED,0.41666667,2026-12-14T09:25:00+09:00,APP0012_FIRST_INTERVIEW_TECHNICAL_ASSESSMENT,FIRST_PANEL_09_HIRING_MANAGER,ACTUAL_PARTICIPATION
ASG_000075,APP0012_FIRST_INTERVIEW,RSV_APP0012_FIRST_INTERVIEW,CONSUMED,0.41666667,2026-12-14T09:50:00+09:00,APP0012_FIRST_INTERVIEW_AI_CASE,FIRST_PANEL_09_ML_ENGINEER,ACTUAL_PARTICIPATION
ASG_000076,APP0012_FIRST_INTERVIEW,RSV_APP0012_FIRST_INTERVIEW,CONSUMED,0.41666667,2026-12-14T09:50:00+09:00,APP0012_FIRST_INTERVIEW_AI_CASE,FIRST_PANEL_09_HIRING_MANAGER,ACTUAL_PARTICIPATION
ASG_000077,APP0012_FIRST_INTERVIEW,RSV_APP0012_FIRST_INTERVIEW,CONSUMED,0.41666667,2026-12-14T10:15:00+09:00,APP0012_FIRST_INTERVIEW_PRACTITIONER_QA,FIRST_PANEL_09_ML_ENGINEER,ACTUAL_PARTICIPATION
ASG_000078,APP0012_FIRST_INTERVIEW,RSV_APP0012_FIRST_INTERVIEW,CONSUMED,0.41666667,2026-12-14T10:15:00+09:00,APP0012_FIRST_INTERVIEW_PRACTITIONER_QA,FIRST_PANEL_09_HIRING_MANAGER,ACTUAL_PARTICIPATION
ASG_000079,APP0012_FIRST_INTERVIEW,RSV_APP0012_FIRST_INTERVIEW,CONSUMED,0.33333333,2026-12-14T10:35:00+09:00,APP0012_FIRST_INTERVIEW_CALIBRATION,FIRST_PANEL_09_ML_ENGINEER,ACTUAL_PARTICIPATION
ASG_000080,APP0012_FIRST_INTERVIEW,RSV_APP0012_FIRST_INTERVIEW,CONSUMED,0.33333333,2026-12-14T10:35:00+09:00,APP0012_FIRST_INTERVIEW_CALIBRATION,FIRST_PANEL_09_HIRING_MANAGER,ACTUAL_PARTICIPATION
ASG_000081,APP0012_FIRST_INTERVIEW,RSV_APP0012_FIRST_INTERVIEW,RELEASED,0.83333332,2026-12-14T10:35:00+09:00,,,COMPLETED_UNUSED
ASG_000082,APP0013_FIRST_INTERVIEW,RSV_APP0013_FIRST_INTERVIEW,RESERVED,4,2026-12-08T14:04:00+09:00,,,SCHEDULED_ALLOCATION
ASG_000083,APP0013_FIRST_INTERVIEW,RSV_APP0013_FIRST_INTERVIEW,CONSUMED,0.41666667,2026-12-14T09:25:00+09:00,APP0013_FIRST_INTERVIEW_TECHNICAL_ASSESSMENT,FIRST_PANEL_10_ML_ENGINEER,ACTUAL_PARTICIPATION
ASG_000084,APP0013_FIRST_INTERVIEW,RSV_APP0013_FIRST_INTERVIEW,CONSUMED,0.41666667,2026-12-14T09:25:00+09:00,APP0013_FIRST_INTERVIEW_TECHNICAL_ASSESSMENT,FIRST_PANEL_10_HIRING_MANAGER,ACTUAL_PARTICIPATION
ASG_000085,APP0013_FIRST_INTERVIEW,RSV_APP0013_FIRST_INTERVIEW,CONSUMED,0.58333333,2026-12-14T10:00:00+09:00,APP0013_FIRST_INTERVIEW_AI_CASE,FIRST_PANEL_10_ML_ENGINEER,ACTUAL_PARTICIPATION
ASG_000086,APP0013_FIRST_INTERVIEW,RSV_APP0013_FIRST_INTERVIEW,CONSUMED,0.58333333,2026-12-14T10:00:00+09:00,APP0013_FIRST_INTERVIEW_AI_CASE,FIRST_PANEL_10_HIRING_MANAGER,ACTUAL_PARTICIPATION
ASG_000087,APP0013_FIRST_INTERVIEW,RSV_APP0013_FIRST_INTERVIEW,CONSUMED,0.41666667,2026-12-14T10:25:00+09:00,APP0013_FIRST_INTERVIEW_PRACTITIONER_QA,FIRST_PANEL_10_ML_ENGINEER,ACTUAL_PARTICIPATION
ASG_000088,APP0013_FIRST_INTERVIEW,RSV_APP0013_FIRST_INTERVIEW,CONSUMED,0.41666667,2026-12-14T10:25:00+09:00,APP0013_FIRST_INTERVIEW_PRACTITIONER_QA,FIRST_PANEL_10_HIRING_MANAGER,ACTUAL_PARTICIPATION
ASG_000089,APP0013_FIRST_INTERVIEW,RSV_APP0013_FIRST_INTERVIEW,CONSUMED,0.25,2026-12-14T10:40:00+09:00,APP0013_FIRST_INTERVIEW_CALIBRATION,FIRST_PANEL_10_ML_ENGINEER,ACTUAL_PARTICIPATION
ASG_000090,APP0013_FIRST_INTERVIEW,RSV_APP0013_FIRST_INTERVIEW,CONSUMED,0.25,2026-12-14T10:40:00+09:00,APP0013_FIRST_INTERVIEW_CALIBRATION,FIRST_PANEL_10_HIRING_MANAGER,ACTUAL_PARTICIPATION
ASG_000091,APP0013_FIRST_INTERVIEW,RSV_APP0013_FIRST_INTERVIEW,RELEASED,0.66666666,2026-12-14T10:40:00+09:00,,,COMPLETED_UNUSED
ASG_000092,APP0014_FIRST_INTERVIEW,RSV_APP0014_FIRST_INTERVIEW,RESERVED,4,2026-12-08T14:04:00+09:00,,,SCHEDULED_ALLOCATION
ASG_000093,APP0014_FIRST_INTERVIEW,RSV_APP0014_FIRST_INTERVIEW,CONSUMED,0.41666667,2026-12-17T09:25:00+09:00,APP0014_FIRST_INTERVIEW_TECHNICAL_ASSESSMENT,FIRST_PANEL_01_ML_ENGINEER,ACTUAL_PARTICIPATION
ASG_000094,APP0014_FIRST_INTERVIEW,RSV_APP0014_FIRST_INTERVIEW,CONSUMED,0.41666667,2026-12-17T09:25:00+09:00,APP0014_FIRST_INTERVIEW_TECHNICAL_ASSESSMENT,FIRST_PANEL_01_HIRING_MANAGER,ACTUAL_PARTICIPATION
ASG_000095,APP0014_FIRST_INTERVIEW,RSV_APP0014_FIRST_INTERVIEW,CONSUMED,0.41666667,2026-12-17T09:50:00+09:00,APP0014_FIRST_INTERVIEW_AI_CASE,FIRST_PANEL_01_ML_ENGINEER,ACTUAL_PARTICIPATION
ASG_000096,APP0014_FIRST_INTERVIEW,RSV_APP0014_FIRST_INTERVIEW,CONSUMED,0.41666667,2026-12-17T09:50:00+09:00,APP0014_FIRST_INTERVIEW_AI_CASE,FIRST_PANEL_01_HIRING_MANAGER,ACTUAL_PARTICIPATION
ASG_000097,APP0014_FIRST_INTERVIEW,RSV_APP0014_FIRST_INTERVIEW,CONSUMED,0.33333333,2026-12-17T10:10:00+09:00,APP0014_FIRST_INTERVIEW_PRACTITIONER_QA,FIRST_PANEL_01_ML_ENGINEER,ACTUAL_PARTICIPATION
ASG_000098,APP0014_FIRST_INTERVIEW,RSV_APP0014_FIRST_INTERVIEW,CONSUMED,0.33333333,2026-12-17T10:10:00+09:00,APP0014_FIRST_INTERVIEW_PRACTITIONER_QA,FIRST_PANEL_01_HIRING_MANAGER,ACTUAL_PARTICIPATION
ASG_000099,APP0014_FIRST_INTERVIEW,RSV_APP0014_FIRST_INTERVIEW,CONSUMED,0.25,2026-12-17T10:25:00+09:00,APP0014_FIRST_INTERVIEW_CALIBRATION,FIRST_PANEL_01_ML_ENGINEER,ACTUAL_PARTICIPATION
ASG_000100,APP0014_FIRST_INTERVIEW,RSV_APP0014_FIRST_INTERVIEW,CONSUMED,0.25,2026-12-17T10:25:00+09:00,APP0014_FIRST_INTERVIEW_CALIBRATION,FIRST_PANEL_01_HIRING_MANAGER,ACTUAL_PARTICIPATION
ASG_000101,APP0014_FIRST_INTERVIEW,RSV_APP0014_FIRST_INTERVIEW,RELEASED,1.16666666,2026-12-17T10:25:00+09:00,,,COMPLETED_UNUSED
ASG_000102,APP0018_FIRST_INTERVIEW,RSV_APP0018_FIRST_INTERVIEW,RESERVED,4,2026-12-08T14:04:00+09:00,,,SCHEDULED_ALLOCATION
ASG_000103,APP0018_FIRST_INTERVIEW,RSV_APP0018_FIRST_INTERVIEW,CONSUMED,0.5,2026-12-17T09:30:00+09:00,APP0018_FIRST_INTERVIEW_TECHNICAL_ASSESSMENT,FIRST_PANEL_02_ML_ENGINEER,ACTUAL_PARTICIPATION
ASG_000104,APP0018_FIRST_INTERVIEW,RSV_APP0018_FIRST_INTERVIEW,CONSUMED,0.5,2026-12-17T09:30:00+09:00,APP0018_FIRST_INTERVIEW_TECHNICAL_ASSESSMENT,FIRST_PANEL_02_HIRING_MANAGER,ACTUAL_PARTICIPATION
ASG_000105,APP0018_FIRST_INTERVIEW,RSV_APP0018_FIRST_INTERVIEW,CONSUMED,0.41666667,2026-12-17T09:55:00+09:00,APP0018_FIRST_INTERVIEW_AI_CASE,FIRST_PANEL_02_ML_ENGINEER,ACTUAL_PARTICIPATION
ASG_000106,APP0018_FIRST_INTERVIEW,RSV_APP0018_FIRST_INTERVIEW,CONSUMED,0.41666667,2026-12-17T09:55:00+09:00,APP0018_FIRST_INTERVIEW_AI_CASE,FIRST_PANEL_02_HIRING_MANAGER,ACTUAL_PARTICIPATION
ASG_000107,APP0018_FIRST_INTERVIEW,RSV_APP0018_FIRST_INTERVIEW,CONSUMED,0.41666667,2026-12-17T10:20:00+09:00,APP0018_FIRST_INTERVIEW_PRACTITIONER_QA,FIRST_PANEL_02_ML_ENGINEER,ACTUAL_PARTICIPATION
ASG_000108,APP0018_FIRST_INTERVIEW,RSV_APP0018_FIRST_INTERVIEW,CONSUMED,0.41666667,2026-12-17T10:20:00+09:00,APP0018_FIRST_INTERVIEW_PRACTITIONER_QA,FIRST_PANEL_02_HIRING_MANAGER,ACTUAL_PARTICIPATION
ASG_000109,APP0018_FIRST_INTERVIEW,RSV_APP0018_FIRST_INTERVIEW,CONSUMED,0.33333333,2026-12-17T10:40:00+09:00,APP0018_FIRST_INTERVIEW_CALIBRATION,FIRST_PANEL_02_ML_ENGINEER,ACTUAL_PARTICIPATION
ASG_000110,APP0018_FIRST_INTERVIEW,RSV_APP0018_FIRST_INTERVIEW,CONSUMED,0.33333333,2026-12-17T10:40:00+09:00,APP0018_FIRST_INTERVIEW_CALIBRATION,FIRST_PANEL_02_HIRING_MANAGER,ACTUAL_PARTICIPATION
ASG_000111,APP0018_FIRST_INTERVIEW,RSV_APP0018_FIRST_INTERVIEW,RELEASED,0.66666666,2026-12-17T10:40:00+09:00,,,COMPLETED_UNUSED
ASG_000112,APP0021_FIRST_INTERVIEW,RSV_APP0021_FIRST_INTERVIEW,RESERVED,4,2026-12-08T14:04:00+09:00,,,SCHEDULED_ALLOCATION
ASG_000113,APP0021_FIRST_INTERVIEW,RSV_APP0021_FIRST_INTERVIEW,CONSUMED,0.58333333,2026-12-17T09:35:00+09:00,APP0021_FIRST_INTERVIEW_TECHNICAL_ASSESSMENT,FIRST_PANEL_03_ML_ENGINEER,ACTUAL_PARTICIPATION
ASG_000114,APP0021_FIRST_INTERVIEW,RSV_APP0021_FIRST_INTERVIEW,CONSUMED,0.58333333,2026-12-17T09:35:00+09:00,APP0021_FIRST_INTERVIEW_TECHNICAL_ASSESSMENT,FIRST_PANEL_03_HIRING_MANAGER,ACTUAL_PARTICIPATION
ASG_000115,APP0021_FIRST_INTERVIEW,RSV_APP0021_FIRST_INTERVIEW,CONSUMED,0.5,2026-12-17T10:05:00+09:00,APP0021_FIRST_INTERVIEW_AI_CASE,FIRST_PANEL_03_ML_ENGINEER,ACTUAL_PARTICIPATION
ASG_000116,APP0021_FIRST_INTERVIEW,RSV_APP0021_FIRST_INTERVIEW,CONSUMED,0.5,2026-12-17T10:05:00+09:00,APP0021_FIRST_INTERVIEW_AI_CASE,FIRST_PANEL_03_HIRING_MANAGER,ACTUAL_PARTICIPATION
ASG_000117,APP0021_FIRST_INTERVIEW,RSV_APP0021_FIRST_INTERVIEW,CONSUMED,0.33333333,2026-12-17T10:25:00+09:00,APP0021_FIRST_INTERVIEW_PRACTITIONER_QA,FIRST_PANEL_03_ML_ENGINEER,ACTUAL_PARTICIPATION
ASG_000118,APP0021_FIRST_INTERVIEW,RSV_APP0021_FIRST_INTERVIEW,CONSUMED,0.33333333,2026-12-17T10:25:00+09:00,APP0021_FIRST_INTERVIEW_PRACTITIONER_QA,FIRST_PANEL_03_HIRING_MANAGER,ACTUAL_PARTICIPATION
ASG_000119,APP0021_FIRST_INTERVIEW,RSV_APP0021_FIRST_INTERVIEW,CONSUMED,0.41666667,2026-12-17T10:50:00+09:00,APP0021_FIRST_INTERVIEW_CALIBRATION,FIRST_PANEL_03_ML_ENGINEER,ACTUAL_PARTICIPATION
ASG_000120,APP0021_FIRST_INTERVIEW,RSV_APP0021_FIRST_INTERVIEW,CONSUMED,0.41666667,2026-12-17T10:50:00+09:00,APP0021_FIRST_INTERVIEW_CALIBRATION,FIRST_PANEL_03_HIRING_MANAGER,ACTUAL_PARTICIPATION
ASG_000121,APP0021_FIRST_INTERVIEW,RSV_APP0021_FIRST_INTERVIEW,RELEASED,0.33333334,2026-12-17T10:50:00+09:00,,,COMPLETED_UNUSED
ASG_000122,APP0022_FIRST_INTERVIEW,RSV_APP0022_FIRST_INTERVIEW,RESERVED,4,2026-12-08T14:04:00+09:00,,,SCHEDULED_ALLOCATION
ASG_000123,APP0022_FIRST_INTERVIEW,RSV_APP0022_FIRST_INTERVIEW,CONSUMED,0.5,2026-12-17T09:30:00+09:00,APP0022_FIRST_INTERVIEW_TECHNICAL_ASSESSMENT,FIRST_PANEL_04_ML_ENGINEER,ACTUAL_PARTICIPATION
ASG_000124,APP0022_FIRST_INTERVIEW,RSV_APP0022_FIRST_INTERVIEW,CONSUMED,0.5,2026-12-17T09:30:00+09:00,APP0022_FIRST_INTERVIEW_TECHNICAL_ASSESSMENT,FIRST_PANEL_04_HIRING_MANAGER,ACTUAL_PARTICIPATION
ASG_000125,APP0022_FIRST_INTERVIEW,RSV_APP0022_FIRST_INTERVIEW,CONSUMED,0.41666667,2026-12-17T09:55:00+09:00,APP0022_FIRST_INTERVIEW_AI_CASE,FIRST_PANEL_04_ML_ENGINEER,ACTUAL_PARTICIPATION
ASG_000126,APP0022_FIRST_INTERVIEW,RSV_APP0022_FIRST_INTERVIEW,CONSUMED,0.41666667,2026-12-17T09:55:00+09:00,APP0022_FIRST_INTERVIEW_AI_CASE,FIRST_PANEL_04_HIRING_MANAGER,ACTUAL_PARTICIPATION
ASG_000127,APP0022_FIRST_INTERVIEW,RSV_APP0022_FIRST_INTERVIEW,CONSUMED,0.33333333,2026-12-17T10:15:00+09:00,APP0022_FIRST_INTERVIEW_PRACTITIONER_QA,FIRST_PANEL_04_ML_ENGINEER,ACTUAL_PARTICIPATION
ASG_000128,APP0022_FIRST_INTERVIEW,RSV_APP0022_FIRST_INTERVIEW,CONSUMED,0.33333333,2026-12-17T10:15:00+09:00,APP0022_FIRST_INTERVIEW_PRACTITIONER_QA,FIRST_PANEL_04_HIRING_MANAGER,ACTUAL_PARTICIPATION
ASG_000129,APP0022_FIRST_INTERVIEW,RSV_APP0022_FIRST_INTERVIEW,CONSUMED,0.41666667,2026-12-17T10:40:00+09:00,APP0022_FIRST_INTERVIEW_CALIBRATION,FIRST_PANEL_04_ML_ENGINEER,ACTUAL_PARTICIPATION
ASG_000130,APP0022_FIRST_INTERVIEW,RSV_APP0022_FIRST_INTERVIEW,CONSUMED,0.41666667,2026-12-17T10:40:00+09:00,APP0022_FIRST_INTERVIEW_CALIBRATION,FIRST_PANEL_04_HIRING_MANAGER,ACTUAL_PARTICIPATION
ASG_000131,APP0022_FIRST_INTERVIEW,RSV_APP0022_FIRST_INTERVIEW,RELEASED,0.66666666,2026-12-17T10:40:00+09:00,,,COMPLETED_UNUSED
ASG_000132,APP0025_FIRST_INTERVIEW,RSV_APP0025_FIRST_INTERVIEW,RESERVED,4,2026-12-08T14:04:00+09:00,,,SCHEDULED_ALLOCATION
ASG_000133,APP0025_FIRST_INTERVIEW,RSV_APP0025_FIRST_INTERVIEW,CONSUMED,0.41666667,2026-12-17T09:25:00+09:00,APP0025_FIRST_INTERVIEW_TECHNICAL_ASSESSMENT,FIRST_PANEL_05_ML_ENGINEER,ACTUAL_PARTICIPATION
ASG_000134,APP0025_FIRST_INTERVIEW,RSV_APP0025_FIRST_INTERVIEW,CONSUMED,0.41666667,2026-12-17T09:25:00+09:00,APP0025_FIRST_INTERVIEW_TECHNICAL_ASSESSMENT,FIRST_PANEL_05_HIRING_MANAGER,ACTUAL_PARTICIPATION
ASG_000135,APP0025_FIRST_INTERVIEW,RSV_APP0025_FIRST_INTERVIEW,CONSUMED,0.41666667,2026-12-17T09:50:00+09:00,APP0025_FIRST_INTERVIEW_AI_CASE,FIRST_PANEL_05_ML_ENGINEER,ACTUAL_PARTICIPATION
ASG_000136,APP0025_FIRST_INTERVIEW,RSV_APP0025_FIRST_INTERVIEW,CONSUMED,0.41666667,2026-12-17T09:50:00+09:00,APP0025_FIRST_INTERVIEW_AI_CASE,FIRST_PANEL_05_HIRING_MANAGER,ACTUAL_PARTICIPATION
ASG_000137,APP0025_FIRST_INTERVIEW,RSV_APP0025_FIRST_INTERVIEW,CONSUMED,0.33333333,2026-12-17T10:10:00+09:00,APP0025_FIRST_INTERVIEW_PRACTITIONER_QA,FIRST_PANEL_05_ML_ENGINEER,ACTUAL_PARTICIPATION
ASG_000138,APP0025_FIRST_INTERVIEW,RSV_APP0025_FIRST_INTERVIEW,CONSUMED,0.33333333,2026-12-17T10:10:00+09:00,APP0025_FIRST_INTERVIEW_PRACTITIONER_QA,FIRST_PANEL_05_HIRING_MANAGER,ACTUAL_PARTICIPATION
ASG_000139,APP0025_FIRST_INTERVIEW,RSV_APP0025_FIRST_INTERVIEW,CONSUMED,0.41666667,2026-12-17T10:35:00+09:00,APP0025_FIRST_INTERVIEW_CALIBRATION,FIRST_PANEL_05_ML_ENGINEER,ACTUAL_PARTICIPATION
ASG_000140,APP0025_FIRST_INTERVIEW,RSV_APP0025_FIRST_INTERVIEW,CONSUMED,0.41666667,2026-12-17T10:35:00+09:00,APP0025_FIRST_INTERVIEW_CALIBRATION,FIRST_PANEL_05_HIRING_MANAGER,ACTUAL_PARTICIPATION
ASG_000141,APP0025_FIRST_INTERVIEW,RSV_APP0025_FIRST_INTERVIEW,RELEASED,0.83333332,2026-12-17T10:35:00+09:00,,,COMPLETED_UNUSED
ASG_000142,APP0026_FIRST_INTERVIEW,RSV_APP0026_FIRST_INTERVIEW,RESERVED,4,2026-12-08T14:04:00+09:00,,,SCHEDULED_ALLOCATION
ASG_000143,APP0026_FIRST_INTERVIEW,RSV_APP0026_FIRST_INTERVIEW,RELEASED,4.0,2026-12-10T14:04:00+09:00,,,CONFIRMED_WITHDRAWAL_UNUSED
ASG_000144,APP0027_FIRST_INTERVIEW,RSV_APP0027_FIRST_INTERVIEW,RESERVED,4,2026-12-08T14:04:00+09:00,,,SCHEDULED_ALLOCATION
ASG_000145,APP0027_FIRST_INTERVIEW,RSV_APP0027_FIRST_INTERVIEW,CONSUMED,0.5,2026-12-17T09:30:00+09:00,APP0027_FIRST_INTERVIEW_TECHNICAL_ASSESSMENT,FIRST_PANEL_07_ML_ENGINEER,ACTUAL_PARTICIPATION
ASG_000146,APP0027_FIRST_INTERVIEW,RSV_APP0027_FIRST_INTERVIEW,CONSUMED,0.5,2026-12-17T09:30:00+09:00,APP0027_FIRST_INTERVIEW_TECHNICAL_ASSESSMENT,FIRST_PANEL_07_HIRING_MANAGER,ACTUAL_PARTICIPATION
ASG_000147,APP0027_FIRST_INTERVIEW,RSV_APP0027_FIRST_INTERVIEW,CONSUMED,0.5,2026-12-17T10:00:00+09:00,APP0027_FIRST_INTERVIEW_AI_CASE,FIRST_PANEL_07_ML_ENGINEER,ACTUAL_PARTICIPATION
ASG_000148,APP0027_FIRST_INTERVIEW,RSV_APP0027_FIRST_INTERVIEW,CONSUMED,0.5,2026-12-17T10:00:00+09:00,APP0027_FIRST_INTERVIEW_AI_CASE,FIRST_PANEL_07_HIRING_MANAGER,ACTUAL_PARTICIPATION
ASG_000149,APP0027_FIRST_INTERVIEW,RSV_APP0027_FIRST_INTERVIEW,CONSUMED,0.33333333,2026-12-17T10:20:00+09:00,APP0027_FIRST_INTERVIEW_PRACTITIONER_QA,FIRST_PANEL_07_ML_ENGINEER,ACTUAL_PARTICIPATION
ASG_000150,APP0027_FIRST_INTERVIEW,RSV_APP0027_FIRST_INTERVIEW,CONSUMED,0.33333333,2026-12-17T10:20:00+09:00,APP0027_FIRST_INTERVIEW_PRACTITIONER_QA,FIRST_PANEL_07_HIRING_MANAGER,ACTUAL_PARTICIPATION
ASG_000151,APP0027_FIRST_INTERVIEW,RSV_APP0027_FIRST_INTERVIEW,CONSUMED,0.33333333,2026-12-17T10:40:00+09:00,APP0027_FIRST_INTERVIEW_CALIBRATION,FIRST_PANEL_07_ML_ENGINEER,ACTUAL_PARTICIPATION
ASG_000152,APP0027_FIRST_INTERVIEW,RSV_APP0027_FIRST_INTERVIEW,CONSUMED,0.33333333,2026-12-17T10:40:00+09:00,APP0027_FIRST_INTERVIEW_CALIBRATION,FIRST_PANEL_07_HIRING_MANAGER,ACTUAL_PARTICIPATION
ASG_000153,APP0027_FIRST_INTERVIEW,RSV_APP0027_FIRST_INTERVIEW,RELEASED,0.66666668,2026-12-17T10:40:00+09:00,,,COMPLETED_UNUSED
ASG_000154,APP0029_FIRST_INTERVIEW,RSV_APP0029_FIRST_INTERVIEW,RESERVED,4,2026-12-08T14:04:00+09:00,,,SCHEDULED_ALLOCATION
ASG_000155,APP0029_FIRST_INTERVIEW,RSV_APP0029_FIRST_INTERVIEW,CONSUMED,0.5,2026-12-17T09:30:00+09:00,APP0029_FIRST_INTERVIEW_TECHNICAL_ASSESSMENT,FIRST_PANEL_08_ML_ENGINEER,ACTUAL_PARTICIPATION
ASG_000156,APP0029_FIRST_INTERVIEW,RSV_APP0029_FIRST_INTERVIEW,CONSUMED,0.5,2026-12-17T09:30:00+09:00,APP0029_FIRST_INTERVIEW_TECHNICAL_ASSESSMENT,FIRST_PANEL_08_HIRING_MANAGER,ACTUAL_PARTICIPATION
ASG_000157,APP0029_FIRST_INTERVIEW,RSV_APP0029_FIRST_INTERVIEW,CONSUMED,0.58333333,2026-12-17T10:05:00+09:00,APP0029_FIRST_INTERVIEW_AI_CASE,FIRST_PANEL_08_ML_ENGINEER,ACTUAL_PARTICIPATION
ASG_000158,APP0029_FIRST_INTERVIEW,RSV_APP0029_FIRST_INTERVIEW,CONSUMED,0.58333333,2026-12-17T10:05:00+09:00,APP0029_FIRST_INTERVIEW_AI_CASE,FIRST_PANEL_08_HIRING_MANAGER,ACTUAL_PARTICIPATION
ASG_000159,APP0029_FIRST_INTERVIEW,RSV_APP0029_FIRST_INTERVIEW,CONSUMED,0.41666667,2026-12-17T10:30:00+09:00,APP0029_FIRST_INTERVIEW_PRACTITIONER_QA,FIRST_PANEL_08_ML_ENGINEER,ACTUAL_PARTICIPATION
ASG_000160,APP0029_FIRST_INTERVIEW,RSV_APP0029_FIRST_INTERVIEW,CONSUMED,0.41666667,2026-12-17T10:30:00+09:00,APP0029_FIRST_INTERVIEW_PRACTITIONER_QA,FIRST_PANEL_08_HIRING_MANAGER,ACTUAL_PARTICIPATION
ASG_000161,APP0029_FIRST_INTERVIEW,RSV_APP0029_FIRST_INTERVIEW,CONSUMED,0.33333333,2026-12-17T10:50:00+09:00,APP0029_FIRST_INTERVIEW_CALIBRATION,FIRST_PANEL_08_ML_ENGINEER,ACTUAL_PARTICIPATION
ASG_000162,APP0029_FIRST_INTERVIEW,RSV_APP0029_FIRST_INTERVIEW,CONSUMED,0.33333333,2026-12-17T10:50:00+09:00,APP0029_FIRST_INTERVIEW_CALIBRATION,FIRST_PANEL_08_HIRING_MANAGER,ACTUAL_PARTICIPATION
ASG_000163,APP0029_FIRST_INTERVIEW,RSV_APP0029_FIRST_INTERVIEW,RELEASED,0.33333334,2026-12-17T10:50:00+09:00,,,COMPLETED_UNUSED
ASG_000164,APP0031_FIRST_INTERVIEW,RSV_APP0031_FIRST_INTERVIEW,RESERVED,4,2026-12-08T14:04:00+09:00,,,SCHEDULED_ALLOCATION
ASG_000165,APP0031_FIRST_INTERVIEW,RSV_APP0031_FIRST_INTERVIEW,CONSUMED,0.5,2026-12-17T09:30:00+09:00,APP0031_FIRST_INTERVIEW_TECHNICAL_ASSESSMENT,FIRST_PANEL_09_ML_ENGINEER,ACTUAL_PARTICIPATION
ASG_000166,APP0031_FIRST_INTERVIEW,RSV_APP0031_FIRST_INTERVIEW,CONSUMED,0.5,2026-12-17T09:30:00+09:00,APP0031_FIRST_INTERVIEW_TECHNICAL_ASSESSMENT,FIRST_PANEL_09_HIRING_MANAGER,ACTUAL_PARTICIPATION
ASG_000167,APP0031_FIRST_INTERVIEW,RSV_APP0031_FIRST_INTERVIEW,CONSUMED,0.58333333,2026-12-17T10:05:00+09:00,APP0031_FIRST_INTERVIEW_AI_CASE,FIRST_PANEL_09_ML_ENGINEER,ACTUAL_PARTICIPATION
ASG_000168,APP0031_FIRST_INTERVIEW,RSV_APP0031_FIRST_INTERVIEW,CONSUMED,0.58333333,2026-12-17T10:05:00+09:00,APP0031_FIRST_INTERVIEW_AI_CASE,FIRST_PANEL_09_HIRING_MANAGER,ACTUAL_PARTICIPATION
ASG_000169,APP0031_FIRST_INTERVIEW,RSV_APP0031_FIRST_INTERVIEW,CONSUMED,0.41666667,2026-12-17T10:30:00+09:00,APP0031_FIRST_INTERVIEW_PRACTITIONER_QA,FIRST_PANEL_09_ML_ENGINEER,ACTUAL_PARTICIPATION
ASG_000170,APP0031_FIRST_INTERVIEW,RSV_APP0031_FIRST_INTERVIEW,CONSUMED,0.41666667,2026-12-17T10:30:00+09:00,APP0031_FIRST_INTERVIEW_PRACTITIONER_QA,FIRST_PANEL_09_HIRING_MANAGER,ACTUAL_PARTICIPATION
ASG_000171,APP0031_FIRST_INTERVIEW,RSV_APP0031_FIRST_INTERVIEW,CONSUMED,0.41666667,2026-12-17T10:55:00+09:00,APP0031_FIRST_INTERVIEW_CALIBRATION,FIRST_PANEL_09_ML_ENGINEER,ACTUAL_PARTICIPATION
ASG_000172,APP0031_FIRST_INTERVIEW,RSV_APP0031_FIRST_INTERVIEW,CONSUMED,0.41666667,2026-12-17T10:55:00+09:00,APP0031_FIRST_INTERVIEW_CALIBRATION,FIRST_PANEL_09_HIRING_MANAGER,ACTUAL_PARTICIPATION
ASG_000173,APP0031_FIRST_INTERVIEW,RSV_APP0031_FIRST_INTERVIEW,RELEASED,0.16666666,2026-12-17T10:55:00+09:00,,,COMPLETED_UNUSED
ASG_000174,APP0034_FIRST_INTERVIEW,RSV_APP0034_FIRST_INTERVIEW,RESERVED,4,2026-12-08T14:04:00+09:00,,,SCHEDULED_ALLOCATION
ASG_000175,APP0034_FIRST_INTERVIEW,RSV_APP0034_FIRST_INTERVIEW,RELEASED,4.0,2026-12-10T14:04:00+09:00,,,CONFIRMED_WITHDRAWAL_UNUSED
ASG_000176,APP0035_FIRST_INTERVIEW,RSV_APP0035_FIRST_INTERVIEW,RESERVED,4,2026-12-08T14:04:00+09:00,,,SCHEDULED_ALLOCATION
ASG_000177,APP0035_FIRST_INTERVIEW,RSV_APP0035_FIRST_INTERVIEW,CONSUMED,0.41666667,2026-12-21T09:25:00+09:00,APP0035_FIRST_INTERVIEW_TECHNICAL_ASSESSMENT,FIRST_PANEL_01_ML_ENGINEER,ACTUAL_PARTICIPATION
ASG_000178,APP0035_FIRST_INTERVIEW,RSV_APP0035_FIRST_INTERVIEW,CONSUMED,0.41666667,2026-12-21T09:25:00+09:00,APP0035_FIRST_INTERVIEW_TECHNICAL_ASSESSMENT,FIRST_PANEL_01_HIRING_MANAGER,ACTUAL_PARTICIPATION
ASG_000179,APP0035_FIRST_INTERVIEW,RSV_APP0035_FIRST_INTERVIEW,CONSUMED,0.58333333,2026-12-21T10:00:00+09:00,APP0035_FIRST_INTERVIEW_AI_CASE,FIRST_PANEL_01_ML_ENGINEER,ACTUAL_PARTICIPATION
ASG_000180,APP0035_FIRST_INTERVIEW,RSV_APP0035_FIRST_INTERVIEW,CONSUMED,0.58333333,2026-12-21T10:00:00+09:00,APP0035_FIRST_INTERVIEW_AI_CASE,FIRST_PANEL_01_HIRING_MANAGER,ACTUAL_PARTICIPATION
ASG_000181,APP0035_FIRST_INTERVIEW,RSV_APP0035_FIRST_INTERVIEW,CONSUMED,0.41666667,2026-12-21T10:25:00+09:00,APP0035_FIRST_INTERVIEW_PRACTITIONER_QA,FIRST_PANEL_01_ML_ENGINEER,ACTUAL_PARTICIPATION
ASG_000182,APP0035_FIRST_INTERVIEW,RSV_APP0035_FIRST_INTERVIEW,CONSUMED,0.41666667,2026-12-21T10:25:00+09:00,APP0035_FIRST_INTERVIEW_PRACTITIONER_QA,FIRST_PANEL_01_HIRING_MANAGER,ACTUAL_PARTICIPATION
ASG_000183,APP0035_FIRST_INTERVIEW,RSV_APP0035_FIRST_INTERVIEW,CONSUMED,0.41666667,2026-12-21T10:50:00+09:00,APP0035_FIRST_INTERVIEW_CALIBRATION,FIRST_PANEL_01_ML_ENGINEER,ACTUAL_PARTICIPATION
ASG_000184,APP0035_FIRST_INTERVIEW,RSV_APP0035_FIRST_INTERVIEW,CONSUMED,0.41666667,2026-12-21T10:50:00+09:00,APP0035_FIRST_INTERVIEW_CALIBRATION,FIRST_PANEL_01_HIRING_MANAGER,ACTUAL_PARTICIPATION
ASG_000185,APP0035_FIRST_INTERVIEW,RSV_APP0035_FIRST_INTERVIEW,RELEASED,0.33333332,2026-12-21T10:50:00+09:00,,,COMPLETED_UNUSED
ASG_000186,APP0037_FIRST_INTERVIEW,RSV_APP0037_FIRST_INTERVIEW,RESERVED,4,2026-12-08T14:04:00+09:00,,,SCHEDULED_ALLOCATION
ASG_000187,APP0037_FIRST_INTERVIEW,RSV_APP0037_FIRST_INTERVIEW,CONSUMED,0.58333333,2026-12-21T09:35:00+09:00,APP0037_FIRST_INTERVIEW_TECHNICAL_ASSESSMENT,FIRST_PANEL_02_ML_ENGINEER,ACTUAL_PARTICIPATION
ASG_000188,APP0037_FIRST_INTERVIEW,RSV_APP0037_FIRST_INTERVIEW,CONSUMED,0.58333333,2026-12-21T09:35:00+09:00,APP0037_FIRST_INTERVIEW_TECHNICAL_ASSESSMENT,FIRST_PANEL_02_HIRING_MANAGER,ACTUAL_PARTICIPATION
ASG_000189,APP0037_FIRST_INTERVIEW,RSV_APP0037_FIRST_INTERVIEW,CONSUMED,0.41666667,2026-12-21T10:00:00+09:00,APP0037_FIRST_INTERVIEW_AI_CASE,FIRST_PANEL_02_ML_ENGINEER,ACTUAL_PARTICIPATION
ASG_000190,APP0037_FIRST_INTERVIEW,RSV_APP0037_FIRST_INTERVIEW,CONSUMED,0.41666667,2026-12-21T10:00:00+09:00,APP0037_FIRST_INTERVIEW_AI_CASE,FIRST_PANEL_02_HIRING_MANAGER,ACTUAL_PARTICIPATION
ASG_000191,APP0037_FIRST_INTERVIEW,RSV_APP0037_FIRST_INTERVIEW,CONSUMED,0.41666667,2026-12-21T10:25:00+09:00,APP0037_FIRST_INTERVIEW_PRACTITIONER_QA,FIRST_PANEL_02_ML_ENGINEER,ACTUAL_PARTICIPATION
ASG_000192,APP0037_FIRST_INTERVIEW,RSV_APP0037_FIRST_INTERVIEW,CONSUMED,0.41666667,2026-12-21T10:25:00+09:00,APP0037_FIRST_INTERVIEW_PRACTITIONER_QA,FIRST_PANEL_02_HIRING_MANAGER,ACTUAL_PARTICIPATION
ASG_000193,APP0037_FIRST_INTERVIEW,RSV_APP0037_FIRST_INTERVIEW,CONSUMED,0.25,2026-12-21T10:40:00+09:00,APP0037_FIRST_INTERVIEW_CALIBRATION,FIRST_PANEL_02_ML_ENGINEER,ACTUAL_PARTICIPATION
ASG_000194,APP0037_FIRST_INTERVIEW,RSV_APP0037_FIRST_INTERVIEW,CONSUMED,0.25,2026-12-21T10:40:00+09:00,APP0037_FIRST_INTERVIEW_CALIBRATION,FIRST_PANEL_02_HIRING_MANAGER,ACTUAL_PARTICIPATION
ASG_000195,APP0037_FIRST_INTERVIEW,RSV_APP0037_FIRST_INTERVIEW,RELEASED,0.66666666,2026-12-21T10:40:00+09:00,,,COMPLETED_UNUSED
ASG_000196,APP0039_FIRST_INTERVIEW,RSV_APP0039_FIRST_INTERVIEW,RESERVED,4,2026-12-08T14:04:00+09:00,,,SCHEDULED_ALLOCATION
ASG_000197,APP0039_FIRST_INTERVIEW,RSV_APP0039_FIRST_INTERVIEW,CONSUMED,0.5,2026-12-21T09:30:00+09:00,APP0039_FIRST_INTERVIEW_TECHNICAL_ASSESSMENT,FIRST_PANEL_03_ML_ENGINEER,ACTUAL_PARTICIPATION
ASG_000198,APP0039_FIRST_INTERVIEW,RSV_APP0039_FIRST_INTERVIEW,CONSUMED,0.5,2026-12-21T09:30:00+09:00,APP0039_FIRST_INTERVIEW_TECHNICAL_ASSESSMENT,FIRST_PANEL_03_HIRING_MANAGER,ACTUAL_PARTICIPATION
ASG_000199,APP0039_FIRST_INTERVIEW,RSV_APP0039_FIRST_INTERVIEW,CONSUMED,0.41666667,2026-12-21T09:55:00+09:00,APP0039_FIRST_INTERVIEW_AI_CASE,FIRST_PANEL_03_ML_ENGINEER,ACTUAL_PARTICIPATION
ASG_000200,APP0039_FIRST_INTERVIEW,RSV_APP0039_FIRST_INTERVIEW,CONSUMED,0.41666667,2026-12-21T09:55:00+09:00,APP0039_FIRST_INTERVIEW_AI_CASE,FIRST_PANEL_03_HIRING_MANAGER,ACTUAL_PARTICIPATION
ASG_000201,APP0039_FIRST_INTERVIEW,RSV_APP0039_FIRST_INTERVIEW,CONSUMED,0.33333333,2026-12-21T10:15:00+09:00,APP0039_FIRST_INTERVIEW_PRACTITIONER_QA,FIRST_PANEL_03_ML_ENGINEER,ACTUAL_PARTICIPATION
ASG_000202,APP0039_FIRST_INTERVIEW,RSV_APP0039_FIRST_INTERVIEW,CONSUMED,0.33333333,2026-12-21T10:15:00+09:00,APP0039_FIRST_INTERVIEW_PRACTITIONER_QA,FIRST_PANEL_03_HIRING_MANAGER,ACTUAL_PARTICIPATION
ASG_000203,APP0039_FIRST_INTERVIEW,RSV_APP0039_FIRST_INTERVIEW,CONSUMED,0.33333333,2026-12-21T10:35:00+09:00,APP0039_FIRST_INTERVIEW_CALIBRATION,FIRST_PANEL_03_ML_ENGINEER,ACTUAL_PARTICIPATION
ASG_000204,APP0039_FIRST_INTERVIEW,RSV_APP0039_FIRST_INTERVIEW,CONSUMED,0.33333333,2026-12-21T10:35:00+09:00,APP0039_FIRST_INTERVIEW_CALIBRATION,FIRST_PANEL_03_HIRING_MANAGER,ACTUAL_PARTICIPATION
ASG_000205,APP0039_FIRST_INTERVIEW,RSV_APP0039_FIRST_INTERVIEW,RELEASED,0.83333334,2026-12-21T10:35:00+09:00,,,COMPLETED_UNUSED
ASG_000206,APP0040_FIRST_INTERVIEW,RSV_APP0040_FIRST_INTERVIEW,RESERVED,4,2026-12-08T14:04:00+09:00,,,SCHEDULED_ALLOCATION
ASG_000207,APP0040_FIRST_INTERVIEW,RSV_APP0040_FIRST_INTERVIEW,CONSUMED,0.41666667,2026-12-21T09:25:00+09:00,APP0040_FIRST_INTERVIEW_TECHNICAL_ASSESSMENT,FIRST_PANEL_04_ML_ENGINEER,ACTUAL_PARTICIPATION
ASG_000208,APP0040_FIRST_INTERVIEW,RSV_APP0040_FIRST_INTERVIEW,CONSUMED,0.41666667,2026-12-21T09:25:00+09:00,APP0040_FIRST_INTERVIEW_TECHNICAL_ASSESSMENT,FIRST_PANEL_04_HIRING_MANAGER,ACTUAL_PARTICIPATION
ASG_000209,APP0040_FIRST_INTERVIEW,RSV_APP0040_FIRST_INTERVIEW,CONSUMED,0.5,2026-12-21T09:55:00+09:00,APP0040_FIRST_INTERVIEW_AI_CASE,FIRST_PANEL_04_ML_ENGINEER,ACTUAL_PARTICIPATION
ASG_000210,APP0040_FIRST_INTERVIEW,RSV_APP0040_FIRST_INTERVIEW,CONSUMED,0.5,2026-12-21T09:55:00+09:00,APP0040_FIRST_INTERVIEW_AI_CASE,FIRST_PANEL_04_HIRING_MANAGER,ACTUAL_PARTICIPATION
ASG_000211,APP0040_FIRST_INTERVIEW,RSV_APP0040_FIRST_INTERVIEW,CONSUMED,0.41666667,2026-12-21T10:20:00+09:00,APP0040_FIRST_INTERVIEW_PRACTITIONER_QA,FIRST_PANEL_04_ML_ENGINEER,ACTUAL_PARTICIPATION
ASG_000212,APP0040_FIRST_INTERVIEW,RSV_APP0040_FIRST_INTERVIEW,CONSUMED,0.41666667,2026-12-21T10:20:00+09:00,APP0040_FIRST_INTERVIEW_PRACTITIONER_QA,FIRST_PANEL_04_HIRING_MANAGER,ACTUAL_PARTICIPATION
ASG_000213,APP0040_FIRST_INTERVIEW,RSV_APP0040_FIRST_INTERVIEW,CONSUMED,0.33333333,2026-12-21T10:40:00+09:00,APP0040_FIRST_INTERVIEW_CALIBRATION,FIRST_PANEL_04_ML_ENGINEER,ACTUAL_PARTICIPATION
ASG_000214,APP0040_FIRST_INTERVIEW,RSV_APP0040_FIRST_INTERVIEW,CONSUMED,0.33333333,2026-12-21T10:40:00+09:00,APP0040_FIRST_INTERVIEW_CALIBRATION,FIRST_PANEL_04_HIRING_MANAGER,ACTUAL_PARTICIPATION
ASG_000215,APP0040_FIRST_INTERVIEW,RSV_APP0040_FIRST_INTERVIEW,RELEASED,0.66666666,2026-12-21T10:40:00+09:00,,,COMPLETED_UNUSED
ASG_000216,APP0041_FIRST_INTERVIEW,RSV_APP0041_FIRST_INTERVIEW,RESERVED,4,2026-12-08T14:04:00+09:00,,,SCHEDULED_ALLOCATION
ASG_000217,APP0041_FIRST_INTERVIEW,RSV_APP0041_FIRST_INTERVIEW,CONSUMED,0.58333333,2026-12-21T09:35:00+09:00,APP0041_FIRST_INTERVIEW_TECHNICAL_ASSESSMENT,FIRST_PANEL_05_ML_ENGINEER,ACTUAL_PARTICIPATION
ASG_000218,APP0041_FIRST_INTERVIEW,RSV_APP0041_FIRST_INTERVIEW,CONSUMED,0.58333333,2026-12-21T09:35:00+09:00,APP0041_FIRST_INTERVIEW_TECHNICAL_ASSESSMENT,FIRST_PANEL_05_HIRING_MANAGER,ACTUAL_PARTICIPATION
ASG_000219,APP0041_FIRST_INTERVIEW,RSV_APP0041_FIRST_INTERVIEW,CONSUMED,0.5,2026-12-21T10:05:00+09:00,APP0041_FIRST_INTERVIEW_AI_CASE,FIRST_PANEL_05_ML_ENGINEER,ACTUAL_PARTICIPATION
ASG_000220,APP0041_FIRST_INTERVIEW,RSV_APP0041_FIRST_INTERVIEW,CONSUMED,0.5,2026-12-21T10:05:00+09:00,APP0041_FIRST_INTERVIEW_AI_CASE,FIRST_PANEL_05_HIRING_MANAGER,ACTUAL_PARTICIPATION
ASG_000221,APP0041_FIRST_INTERVIEW,RSV_APP0041_FIRST_INTERVIEW,CONSUMED,0.33333333,2026-12-21T10:25:00+09:00,APP0041_FIRST_INTERVIEW_PRACTITIONER_QA,FIRST_PANEL_05_ML_ENGINEER,ACTUAL_PARTICIPATION
ASG_000222,APP0041_FIRST_INTERVIEW,RSV_APP0041_FIRST_INTERVIEW,CONSUMED,0.33333333,2026-12-21T10:25:00+09:00,APP0041_FIRST_INTERVIEW_PRACTITIONER_QA,FIRST_PANEL_05_HIRING_MANAGER,ACTUAL_PARTICIPATION
ASG_000223,APP0041_FIRST_INTERVIEW,RSV_APP0041_FIRST_INTERVIEW,CONSUMED,0.25,2026-12-21T10:40:00+09:00,APP0041_FIRST_INTERVIEW_CALIBRATION,FIRST_PANEL_05_ML_ENGINEER,ACTUAL_PARTICIPATION
ASG_000224,APP0041_FIRST_INTERVIEW,RSV_APP0041_FIRST_INTERVIEW,CONSUMED,0.25,2026-12-21T10:40:00+09:00,APP0041_FIRST_INTERVIEW_CALIBRATION,FIRST_PANEL_05_HIRING_MANAGER,ACTUAL_PARTICIPATION
ASG_000225,APP0041_FIRST_INTERVIEW,RSV_APP0041_FIRST_INTERVIEW,RELEASED,0.66666668,2026-12-21T10:40:00+09:00,,,COMPLETED_UNUSED
ASG_000226,APP0042_FIRST_INTERVIEW,RSV_APP0042_FIRST_INTERVIEW,RESERVED,4,2026-12-08T14:04:00+09:00,,,SCHEDULED_ALLOCATION
ASG_000227,APP0042_FIRST_INTERVIEW,RSV_APP0042_FIRST_INTERVIEW,CONSUMED,0.41666667,2026-12-21T09:25:00+09:00,APP0042_FIRST_INTERVIEW_TECHNICAL_ASSESSMENT,FIRST_PANEL_06_ML_ENGINEER,ACTUAL_PARTICIPATION
ASG_000228,APP0042_FIRST_INTERVIEW,RSV_APP0042_FIRST_INTERVIEW,CONSUMED,0.41666667,2026-12-21T09:25:00+09:00,APP0042_FIRST_INTERVIEW_TECHNICAL_ASSESSMENT,FIRST_PANEL_06_HIRING_MANAGER,ACTUAL_PARTICIPATION
ASG_000229,APP0042_FIRST_INTERVIEW,RSV_APP0042_FIRST_INTERVIEW,CONSUMED,0.5,2026-12-21T09:55:00+09:00,APP0042_FIRST_INTERVIEW_AI_CASE,FIRST_PANEL_06_ML_ENGINEER,ACTUAL_PARTICIPATION
ASG_000230,APP0042_FIRST_INTERVIEW,RSV_APP0042_FIRST_INTERVIEW,CONSUMED,0.5,2026-12-21T09:55:00+09:00,APP0042_FIRST_INTERVIEW_AI_CASE,FIRST_PANEL_06_HIRING_MANAGER,ACTUAL_PARTICIPATION
ASG_000231,APP0042_FIRST_INTERVIEW,RSV_APP0042_FIRST_INTERVIEW,CONSUMED,0.33333333,2026-12-21T10:15:00+09:00,APP0042_FIRST_INTERVIEW_PRACTITIONER_QA,FIRST_PANEL_06_ML_ENGINEER,ACTUAL_PARTICIPATION
ASG_000232,APP0042_FIRST_INTERVIEW,RSV_APP0042_FIRST_INTERVIEW,CONSUMED,0.33333333,2026-12-21T10:15:00+09:00,APP0042_FIRST_INTERVIEW_PRACTITIONER_QA,FIRST_PANEL_06_HIRING_MANAGER,ACTUAL_PARTICIPATION
ASG_000233,APP0042_FIRST_INTERVIEW,RSV_APP0042_FIRST_INTERVIEW,CONSUMED,0.33333333,2026-12-21T10:35:00+09:00,APP0042_FIRST_INTERVIEW_CALIBRATION,FIRST_PANEL_06_ML_ENGINEER,ACTUAL_PARTICIPATION
ASG_000234,APP0042_FIRST_INTERVIEW,RSV_APP0042_FIRST_INTERVIEW,CONSUMED,0.33333333,2026-12-21T10:35:00+09:00,APP0042_FIRST_INTERVIEW_CALIBRATION,FIRST_PANEL_06_HIRING_MANAGER,ACTUAL_PARTICIPATION
ASG_000235,APP0042_FIRST_INTERVIEW,RSV_APP0042_FIRST_INTERVIEW,RELEASED,0.83333334,2026-12-21T10:35:00+09:00,,,COMPLETED_UNUSED
ASG_000236,APP0044_FIRST_INTERVIEW,RSV_APP0044_FIRST_INTERVIEW,RESERVED,4,2026-12-08T14:04:00+09:00,,,SCHEDULED_ALLOCATION
ASG_000237,APP0044_FIRST_INTERVIEW,RSV_APP0044_FIRST_INTERVIEW,CONSUMED,0.41666667,2026-12-21T09:25:00+09:00,APP0044_FIRST_INTERVIEW_TECHNICAL_ASSESSMENT,FIRST_PANEL_07_ML_ENGINEER,ACTUAL_PARTICIPATION
ASG_000238,APP0044_FIRST_INTERVIEW,RSV_APP0044_FIRST_INTERVIEW,CONSUMED,0.41666667,2026-12-21T09:25:00+09:00,APP0044_FIRST_INTERVIEW_TECHNICAL_ASSESSMENT,FIRST_PANEL_07_HIRING_MANAGER,ACTUAL_PARTICIPATION
ASG_000239,APP0044_FIRST_INTERVIEW,RSV_APP0044_FIRST_INTERVIEW,CONSUMED,0.5,2026-12-21T09:55:00+09:00,APP0044_FIRST_INTERVIEW_AI_CASE,FIRST_PANEL_07_ML_ENGINEER,ACTUAL_PARTICIPATION
ASG_000240,APP0044_FIRST_INTERVIEW,RSV_APP0044_FIRST_INTERVIEW,CONSUMED,0.5,2026-12-21T09:55:00+09:00,APP0044_FIRST_INTERVIEW_AI_CASE,FIRST_PANEL_07_HIRING_MANAGER,ACTUAL_PARTICIPATION
ASG_000241,APP0044_FIRST_INTERVIEW,RSV_APP0044_FIRST_INTERVIEW,CONSUMED,0.33333333,2026-12-21T10:15:00+09:00,APP0044_FIRST_INTERVIEW_PRACTITIONER_QA,FIRST_PANEL_07_ML_ENGINEER,ACTUAL_PARTICIPATION
ASG_000242,APP0044_FIRST_INTERVIEW,RSV_APP0044_FIRST_INTERVIEW,CONSUMED,0.33333333,2026-12-21T10:15:00+09:00,APP0044_FIRST_INTERVIEW_PRACTITIONER_QA,FIRST_PANEL_07_HIRING_MANAGER,ACTUAL_PARTICIPATION
ASG_000243,APP0044_FIRST_INTERVIEW,RSV_APP0044_FIRST_INTERVIEW,CONSUMED,0.41666667,2026-12-21T10:40:00+09:00,APP0044_FIRST_INTERVIEW_CALIBRATION,FIRST_PANEL_07_ML_ENGINEER,ACTUAL_PARTICIPATION
ASG_000244,APP0044_FIRST_INTERVIEW,RSV_APP0044_FIRST_INTERVIEW,CONSUMED,0.41666667,2026-12-21T10:40:00+09:00,APP0044_FIRST_INTERVIEW_CALIBRATION,FIRST_PANEL_07_HIRING_MANAGER,ACTUAL_PARTICIPATION
ASG_000245,APP0044_FIRST_INTERVIEW,RSV_APP0044_FIRST_INTERVIEW,RELEASED,0.66666666,2026-12-21T10:40:00+09:00,,,COMPLETED_UNUSED
ASG_000246,APP0045_FIRST_INTERVIEW,RSV_APP0045_FIRST_INTERVIEW,RESERVED,4,2026-12-08T14:04:00+09:00,,,SCHEDULED_ALLOCATION
ASG_000247,APP0045_FIRST_INTERVIEW,RSV_APP0045_FIRST_INTERVIEW,CONSUMED,0.58333333,2026-12-21T09:35:00+09:00,APP0045_FIRST_INTERVIEW_TECHNICAL_ASSESSMENT,FIRST_PANEL_08_ML_ENGINEER,ACTUAL_PARTICIPATION
ASG_000248,APP0045_FIRST_INTERVIEW,RSV_APP0045_FIRST_INTERVIEW,CONSUMED,0.58333333,2026-12-21T09:35:00+09:00,APP0045_FIRST_INTERVIEW_TECHNICAL_ASSESSMENT,FIRST_PANEL_08_HIRING_MANAGER,ACTUAL_PARTICIPATION
ASG_000249,APP0045_FIRST_INTERVIEW,RSV_APP0045_FIRST_INTERVIEW,CONSUMED,0.58333333,2026-12-21T10:10:00+09:00,APP0045_FIRST_INTERVIEW_AI_CASE,FIRST_PANEL_08_ML_ENGINEER,ACTUAL_PARTICIPATION
ASG_000250,APP0045_FIRST_INTERVIEW,RSV_APP0045_FIRST_INTERVIEW,CONSUMED,0.58333333,2026-12-21T10:10:00+09:00,APP0045_FIRST_INTERVIEW_AI_CASE,FIRST_PANEL_08_HIRING_MANAGER,ACTUAL_PARTICIPATION
ASG_000251,APP0045_FIRST_INTERVIEW,RSV_APP0045_FIRST_INTERVIEW,CONSUMED,0.33333333,2026-12-21T10:30:00+09:00,APP0045_FIRST_INTERVIEW_PRACTITIONER_QA,FIRST_PANEL_08_ML_ENGINEER,ACTUAL_PARTICIPATION
ASG_000252,APP0045_FIRST_INTERVIEW,RSV_APP0045_FIRST_INTERVIEW,CONSUMED,0.33333333,2026-12-21T10:30:00+09:00,APP0045_FIRST_INTERVIEW_PRACTITIONER_QA,FIRST_PANEL_08_HIRING_MANAGER,ACTUAL_PARTICIPATION
ASG_000253,APP0045_FIRST_INTERVIEW,RSV_APP0045_FIRST_INTERVIEW,CONSUMED,0.25,2026-12-21T10:45:00+09:00,APP0045_FIRST_INTERVIEW_CALIBRATION,FIRST_PANEL_08_ML_ENGINEER,ACTUAL_PARTICIPATION
ASG_000254,APP0045_FIRST_INTERVIEW,RSV_APP0045_FIRST_INTERVIEW,CONSUMED,0.25,2026-12-21T10:45:00+09:00,APP0045_FIRST_INTERVIEW_CALIBRATION,FIRST_PANEL_08_HIRING_MANAGER,ACTUAL_PARTICIPATION
ASG_000255,APP0045_FIRST_INTERVIEW,RSV_APP0045_FIRST_INTERVIEW,RELEASED,0.50000002,2026-12-21T10:45:00+09:00,,,COMPLETED_UNUSED
ASG_000256,APP0046_FIRST_INTERVIEW,RSV_APP0046_FIRST_INTERVIEW,RESERVED,4,2026-12-08T14:04:00+09:00,,,SCHEDULED_ALLOCATION
ASG_000257,APP0046_FIRST_INTERVIEW,RSV_APP0046_FIRST_INTERVIEW,CONSUMED,0.5,2026-12-21T09:30:00+09:00,APP0046_FIRST_INTERVIEW_TECHNICAL_ASSESSMENT,FIRST_PANEL_09_ML_ENGINEER,ACTUAL_PARTICIPATION
ASG_000258,APP0046_FIRST_INTERVIEW,RSV_APP0046_FIRST_INTERVIEW,CONSUMED,0.5,2026-12-21T09:30:00+09:00,APP0046_FIRST_INTERVIEW_TECHNICAL_ASSESSMENT,FIRST_PANEL_09_HIRING_MANAGER,ACTUAL_PARTICIPATION
ASG_000259,APP0046_FIRST_INTERVIEW,RSV_APP0046_FIRST_INTERVIEW,CONSUMED,0.41666667,2026-12-21T09:55:00+09:00,APP0046_FIRST_INTERVIEW_AI_CASE,FIRST_PANEL_09_ML_ENGINEER,ACTUAL_PARTICIPATION
ASG_000260,APP0046_FIRST_INTERVIEW,RSV_APP0046_FIRST_INTERVIEW,CONSUMED,0.41666667,2026-12-21T09:55:00+09:00,APP0046_FIRST_INTERVIEW_AI_CASE,FIRST_PANEL_09_HIRING_MANAGER,ACTUAL_PARTICIPATION
ASG_000261,APP0046_FIRST_INTERVIEW,RSV_APP0046_FIRST_INTERVIEW,CONSUMED,0.33333333,2026-12-21T10:15:00+09:00,APP0046_FIRST_INTERVIEW_PRACTITIONER_QA,FIRST_PANEL_09_ML_ENGINEER,ACTUAL_PARTICIPATION
ASG_000262,APP0046_FIRST_INTERVIEW,RSV_APP0046_FIRST_INTERVIEW,CONSUMED,0.33333333,2026-12-21T10:15:00+09:00,APP0046_FIRST_INTERVIEW_PRACTITIONER_QA,FIRST_PANEL_09_HIRING_MANAGER,ACTUAL_PARTICIPATION
ASG_000263,APP0046_FIRST_INTERVIEW,RSV_APP0046_FIRST_INTERVIEW,CONSUMED,0.25,2026-12-21T10:30:00+09:00,APP0046_FIRST_INTERVIEW_CALIBRATION,FIRST_PANEL_09_ML_ENGINEER,ACTUAL_PARTICIPATION
ASG_000264,APP0046_FIRST_INTERVIEW,RSV_APP0046_FIRST_INTERVIEW,CONSUMED,0.25,2026-12-21T10:30:00+09:00,APP0046_FIRST_INTERVIEW_CALIBRATION,FIRST_PANEL_09_HIRING_MANAGER,ACTUAL_PARTICIPATION
ASG_000265,APP0046_FIRST_INTERVIEW,RSV_APP0046_FIRST_INTERVIEW,RELEASED,1.0,2026-12-21T10:30:00+09:00,,,COMPLETED_UNUSED
ASG_000266,APP0048_FIRST_INTERVIEW,RSV_APP0048_FIRST_INTERVIEW,RESERVED,4,2026-12-08T14:04:00+09:00,,,SCHEDULED_ALLOCATION
ASG_000267,APP0048_FIRST_INTERVIEW,RSV_APP0048_FIRST_INTERVIEW,CONSUMED,0.41666667,2026-12-21T09:25:00+09:00,APP0048_FIRST_INTERVIEW_TECHNICAL_ASSESSMENT,FIRST_PANEL_10_ML_ENGINEER,ACTUAL_PARTICIPATION
ASG_000268,APP0048_FIRST_INTERVIEW,RSV_APP0048_FIRST_INTERVIEW,CONSUMED,0.41666667,2026-12-21T09:25:00+09:00,APP0048_FIRST_INTERVIEW_TECHNICAL_ASSESSMENT,FIRST_PANEL_10_HIRING_MANAGER,ACTUAL_PARTICIPATION
ASG_000269,APP0048_FIRST_INTERVIEW,RSV_APP0048_FIRST_INTERVIEW,CONSUMED,0.41666667,2026-12-21T09:50:00+09:00,APP0048_FIRST_INTERVIEW_AI_CASE,FIRST_PANEL_10_ML_ENGINEER,ACTUAL_PARTICIPATION
ASG_000270,APP0048_FIRST_INTERVIEW,RSV_APP0048_FIRST_INTERVIEW,CONSUMED,0.41666667,2026-12-21T09:50:00+09:00,APP0048_FIRST_INTERVIEW_AI_CASE,FIRST_PANEL_10_HIRING_MANAGER,ACTUAL_PARTICIPATION
ASG_000271,APP0048_FIRST_INTERVIEW,RSV_APP0048_FIRST_INTERVIEW,CONSUMED,0.41666667,2026-12-21T10:15:00+09:00,APP0048_FIRST_INTERVIEW_PRACTITIONER_QA,FIRST_PANEL_10_ML_ENGINEER,ACTUAL_PARTICIPATION
ASG_000272,APP0048_FIRST_INTERVIEW,RSV_APP0048_FIRST_INTERVIEW,CONSUMED,0.41666667,2026-12-21T10:15:00+09:00,APP0048_FIRST_INTERVIEW_PRACTITIONER_QA,FIRST_PANEL_10_HIRING_MANAGER,ACTUAL_PARTICIPATION
ASG_000273,APP0048_FIRST_INTERVIEW,RSV_APP0048_FIRST_INTERVIEW,CONSUMED,0.41666667,2026-12-21T10:40:00+09:00,APP0048_FIRST_INTERVIEW_CALIBRATION,FIRST_PANEL_10_ML_ENGINEER,ACTUAL_PARTICIPATION
ASG_000274,APP0048_FIRST_INTERVIEW,RSV_APP0048_FIRST_INTERVIEW,CONSUMED,0.41666667,2026-12-21T10:40:00+09:00,APP0048_FIRST_INTERVIEW_CALIBRATION,FIRST_PANEL_10_HIRING_MANAGER,ACTUAL_PARTICIPATION
ASG_000275,APP0048_FIRST_INTERVIEW,RSV_APP0048_FIRST_INTERVIEW,RELEASED,0.66666664,2026-12-21T10:40:00+09:00,,,COMPLETED_UNUSED
ASG_000276,APP0049_FIRST_INTERVIEW,RSV_APP0049_FIRST_INTERVIEW,RESERVED,4,2026-12-08T14:04:00+09:00,,,SCHEDULED_ALLOCATION
ASG_000277,APP0049_FIRST_INTERVIEW,RSV_APP0049_FIRST_INTERVIEW,CONSUMED,0.58333333,2026-12-24T09:35:00+09:00,APP0049_FIRST_INTERVIEW_TECHNICAL_ASSESSMENT,FIRST_PANEL_01_ML_ENGINEER,ACTUAL_PARTICIPATION
ASG_000278,APP0049_FIRST_INTERVIEW,RSV_APP0049_FIRST_INTERVIEW,CONSUMED,0.58333333,2026-12-24T09:35:00+09:00,APP0049_FIRST_INTERVIEW_TECHNICAL_ASSESSMENT,FIRST_PANEL_01_HIRING_MANAGER,ACTUAL_PARTICIPATION
ASG_000279,APP0049_FIRST_INTERVIEW,RSV_APP0049_FIRST_INTERVIEW,CONSUMED,0.5,2026-12-24T10:05:00+09:00,APP0049_FIRST_INTERVIEW_AI_CASE,FIRST_PANEL_01_ML_ENGINEER,ACTUAL_PARTICIPATION
ASG_000280,APP0049_FIRST_INTERVIEW,RSV_APP0049_FIRST_INTERVIEW,CONSUMED,0.5,2026-12-24T10:05:00+09:00,APP0049_FIRST_INTERVIEW_AI_CASE,FIRST_PANEL_01_HIRING_MANAGER,ACTUAL_PARTICIPATION
ASG_000281,APP0049_FIRST_INTERVIEW,RSV_APP0049_FIRST_INTERVIEW,CONSUMED,0.33333333,2026-12-24T10:25:00+09:00,APP0049_FIRST_INTERVIEW_PRACTITIONER_QA,FIRST_PANEL_01_ML_ENGINEER,ACTUAL_PARTICIPATION
ASG_000282,APP0049_FIRST_INTERVIEW,RSV_APP0049_FIRST_INTERVIEW,CONSUMED,0.33333333,2026-12-24T10:25:00+09:00,APP0049_FIRST_INTERVIEW_PRACTITIONER_QA,FIRST_PANEL_01_HIRING_MANAGER,ACTUAL_PARTICIPATION
ASG_000283,APP0049_FIRST_INTERVIEW,RSV_APP0049_FIRST_INTERVIEW,CONSUMED,0.33333333,2026-12-24T10:45:00+09:00,APP0049_FIRST_INTERVIEW_CALIBRATION,FIRST_PANEL_01_ML_ENGINEER,ACTUAL_PARTICIPATION
ASG_000284,APP0049_FIRST_INTERVIEW,RSV_APP0049_FIRST_INTERVIEW,CONSUMED,0.33333333,2026-12-24T10:45:00+09:00,APP0049_FIRST_INTERVIEW_CALIBRATION,FIRST_PANEL_01_HIRING_MANAGER,ACTUAL_PARTICIPATION
ASG_000285,APP0049_FIRST_INTERVIEW,RSV_APP0049_FIRST_INTERVIEW,RELEASED,0.50000002,2026-12-24T10:45:00+09:00,,,COMPLETED_UNUSED
ASG_000286,APP0050_FIRST_INTERVIEW,RSV_APP0050_FIRST_INTERVIEW,RESERVED,4,2026-12-08T14:04:00+09:00,,,SCHEDULED_ALLOCATION
ASG_000287,APP0050_FIRST_INTERVIEW,RSV_APP0050_FIRST_INTERVIEW,CONSUMED,0.5,2026-12-24T09:30:00+09:00,APP0050_FIRST_INTERVIEW_TECHNICAL_ASSESSMENT,FIRST_PANEL_02_ML_ENGINEER,ACTUAL_PARTICIPATION
ASG_000288,APP0050_FIRST_INTERVIEW,RSV_APP0050_FIRST_INTERVIEW,CONSUMED,0.5,2026-12-24T09:30:00+09:00,APP0050_FIRST_INTERVIEW_TECHNICAL_ASSESSMENT,FIRST_PANEL_02_HIRING_MANAGER,ACTUAL_PARTICIPATION
ASG_000289,APP0050_FIRST_INTERVIEW,RSV_APP0050_FIRST_INTERVIEW,CONSUMED,0.5,2026-12-24T10:00:00+09:00,APP0050_FIRST_INTERVIEW_AI_CASE,FIRST_PANEL_02_ML_ENGINEER,ACTUAL_PARTICIPATION
ASG_000290,APP0050_FIRST_INTERVIEW,RSV_APP0050_FIRST_INTERVIEW,CONSUMED,0.5,2026-12-24T10:00:00+09:00,APP0050_FIRST_INTERVIEW_AI_CASE,FIRST_PANEL_02_HIRING_MANAGER,ACTUAL_PARTICIPATION
ASG_000291,APP0050_FIRST_INTERVIEW,RSV_APP0050_FIRST_INTERVIEW,CONSUMED,0.33333333,2026-12-24T10:20:00+09:00,APP0050_FIRST_INTERVIEW_PRACTITIONER_QA,FIRST_PANEL_02_ML_ENGINEER,ACTUAL_PARTICIPATION
ASG_000292,APP0050_FIRST_INTERVIEW,RSV_APP0050_FIRST_INTERVIEW,CONSUMED,0.33333333,2026-12-24T10:20:00+09:00,APP0050_FIRST_INTERVIEW_PRACTITIONER_QA,FIRST_PANEL_02_HIRING_MANAGER,ACTUAL_PARTICIPATION
ASG_000293,APP0050_FIRST_INTERVIEW,RSV_APP0050_FIRST_INTERVIEW,CONSUMED,0.25,2026-12-24T10:35:00+09:00,APP0050_FIRST_INTERVIEW_CALIBRATION,FIRST_PANEL_02_ML_ENGINEER,ACTUAL_PARTICIPATION
ASG_000294,APP0050_FIRST_INTERVIEW,RSV_APP0050_FIRST_INTERVIEW,CONSUMED,0.25,2026-12-24T10:35:00+09:00,APP0050_FIRST_INTERVIEW_CALIBRATION,FIRST_PANEL_02_HIRING_MANAGER,ACTUAL_PARTICIPATION
ASG_000295,APP0050_FIRST_INTERVIEW,RSV_APP0050_FIRST_INTERVIEW,RELEASED,0.83333334,2026-12-24T10:35:00+09:00,,,COMPLETED_UNUSED
ASG_000296,APP0051_FIRST_INTERVIEW,RSV_APP0051_FIRST_INTERVIEW,RESERVED,4,2026-12-08T14:04:00+09:00,,,SCHEDULED_ALLOCATION
ASG_000297,APP0051_FIRST_INTERVIEW,RSV_APP0051_FIRST_INTERVIEW,CONSUMED,0.58333333,2026-12-24T09:35:00+09:00,APP0051_FIRST_INTERVIEW_TECHNICAL_ASSESSMENT,FIRST_PANEL_03_ML_ENGINEER,ACTUAL_PARTICIPATION
ASG_000298,APP0051_FIRST_INTERVIEW,RSV_APP0051_FIRST_INTERVIEW,CONSUMED,0.58333333,2026-12-24T09:35:00+09:00,APP0051_FIRST_INTERVIEW_TECHNICAL_ASSESSMENT,FIRST_PANEL_03_HIRING_MANAGER,ACTUAL_PARTICIPATION
ASG_000299,APP0051_FIRST_INTERVIEW,RSV_APP0051_FIRST_INTERVIEW,CONSUMED,0.5,2026-12-24T10:05:00+09:00,APP0051_FIRST_INTERVIEW_AI_CASE,FIRST_PANEL_03_ML_ENGINEER,ACTUAL_PARTICIPATION
ASG_000300,APP0051_FIRST_INTERVIEW,RSV_APP0051_FIRST_INTERVIEW,CONSUMED,0.5,2026-12-24T10:05:00+09:00,APP0051_FIRST_INTERVIEW_AI_CASE,FIRST_PANEL_03_HIRING_MANAGER,ACTUAL_PARTICIPATION
ASG_000301,APP0051_FIRST_INTERVIEW,RSV_APP0051_FIRST_INTERVIEW,CONSUMED,0.41666667,2026-12-24T10:30:00+09:00,APP0051_FIRST_INTERVIEW_PRACTITIONER_QA,FIRST_PANEL_03_ML_ENGINEER,ACTUAL_PARTICIPATION
ASG_000302,APP0051_FIRST_INTERVIEW,RSV_APP0051_FIRST_INTERVIEW,CONSUMED,0.41666667,2026-12-24T10:30:00+09:00,APP0051_FIRST_INTERVIEW_PRACTITIONER_QA,FIRST_PANEL_03_HIRING_MANAGER,ACTUAL_PARTICIPATION
ASG_000303,APP0051_FIRST_INTERVIEW,RSV_APP0051_FIRST_INTERVIEW,CONSUMED,0.33333333,2026-12-24T10:50:00+09:00,APP0051_FIRST_INTERVIEW_CALIBRATION,FIRST_PANEL_03_ML_ENGINEER,ACTUAL_PARTICIPATION
ASG_000304,APP0051_FIRST_INTERVIEW,RSV_APP0051_FIRST_INTERVIEW,CONSUMED,0.33333333,2026-12-24T10:50:00+09:00,APP0051_FIRST_INTERVIEW_CALIBRATION,FIRST_PANEL_03_HIRING_MANAGER,ACTUAL_PARTICIPATION
ASG_000305,APP0051_FIRST_INTERVIEW,RSV_APP0051_FIRST_INTERVIEW,RELEASED,0.33333334,2026-12-24T10:50:00+09:00,,,COMPLETED_UNUSED
ASG_000306,APP0052_FIRST_INTERVIEW,RSV_APP0052_FIRST_INTERVIEW,RESERVED,4,2026-12-08T14:04:00+09:00,,,SCHEDULED_ALLOCATION
ASG_000307,APP0052_FIRST_INTERVIEW,RSV_APP0052_FIRST_INTERVIEW,RELEASED,4.0,2026-12-25T09:00:00+09:00,,,NO_RESPONSE_UNUSED
ASG_000308,APP0053_FIRST_INTERVIEW,RSV_APP0053_FIRST_INTERVIEW,RESERVED,4,2026-12-08T14:04:00+09:00,,,SCHEDULED_ALLOCATION
ASG_000309,APP0053_FIRST_INTERVIEW,RSV_APP0053_FIRST_INTERVIEW,CONSUMED,0.58333333,2026-12-24T09:35:00+09:00,APP0053_FIRST_INTERVIEW_TECHNICAL_ASSESSMENT,FIRST_PANEL_05_ML_ENGINEER,ACTUAL_PARTICIPATION
ASG_000310,APP0053_FIRST_INTERVIEW,RSV_APP0053_FIRST_INTERVIEW,CONSUMED,0.58333333,2026-12-24T09:35:00+09:00,APP0053_FIRST_INTERVIEW_TECHNICAL_ASSESSMENT,FIRST_PANEL_05_HIRING_MANAGER,ACTUAL_PARTICIPATION
ASG_000311,APP0053_FIRST_INTERVIEW,RSV_APP0053_FIRST_INTERVIEW,CONSUMED,0.5,2026-12-24T10:05:00+09:00,APP0053_FIRST_INTERVIEW_AI_CASE,FIRST_PANEL_05_ML_ENGINEER,ACTUAL_PARTICIPATION
ASG_000312,APP0053_FIRST_INTERVIEW,RSV_APP0053_FIRST_INTERVIEW,CONSUMED,0.5,2026-12-24T10:05:00+09:00,APP0053_FIRST_INTERVIEW_AI_CASE,FIRST_PANEL_05_HIRING_MANAGER,ACTUAL_PARTICIPATION
ASG_000313,APP0053_FIRST_INTERVIEW,RSV_APP0053_FIRST_INTERVIEW,CONSUMED,0.33333333,2026-12-24T10:25:00+09:00,APP0053_FIRST_INTERVIEW_PRACTITIONER_QA,FIRST_PANEL_05_ML_ENGINEER,ACTUAL_PARTICIPATION
ASG_000314,APP0053_FIRST_INTERVIEW,RSV_APP0053_FIRST_INTERVIEW,CONSUMED,0.33333333,2026-12-24T10:25:00+09:00,APP0053_FIRST_INTERVIEW_PRACTITIONER_QA,FIRST_PANEL_05_HIRING_MANAGER,ACTUAL_PARTICIPATION
ASG_000315,APP0053_FIRST_INTERVIEW,RSV_APP0053_FIRST_INTERVIEW,CONSUMED,0.33333333,2026-12-24T10:45:00+09:00,APP0053_FIRST_INTERVIEW_CALIBRATION,FIRST_PANEL_05_ML_ENGINEER,ACTUAL_PARTICIPATION
ASG_000316,APP0053_FIRST_INTERVIEW,RSV_APP0053_FIRST_INTERVIEW,CONSUMED,0.33333333,2026-12-24T10:45:00+09:00,APP0053_FIRST_INTERVIEW_CALIBRATION,FIRST_PANEL_05_HIRING_MANAGER,ACTUAL_PARTICIPATION
ASG_000317,APP0053_FIRST_INTERVIEW,RSV_APP0053_FIRST_INTERVIEW,RELEASED,0.50000002,2026-12-24T10:45:00+09:00,,,COMPLETED_UNUSED
ASG_000318,APP0056_FIRST_INTERVIEW,RSV_APP0056_FIRST_INTERVIEW,RESERVED,4,2026-12-08T14:04:00+09:00,,,SCHEDULED_ALLOCATION
ASG_000319,APP0056_FIRST_INTERVIEW,RSV_APP0056_FIRST_INTERVIEW,CONSUMED,0.58333333,2026-12-24T09:35:00+09:00,APP0056_FIRST_INTERVIEW_TECHNICAL_ASSESSMENT,FIRST_PANEL_06_ML_ENGINEER,ACTUAL_PARTICIPATION
ASG_000320,APP0056_FIRST_INTERVIEW,RSV_APP0056_FIRST_INTERVIEW,CONSUMED,0.58333333,2026-12-24T09:35:00+09:00,APP0056_FIRST_INTERVIEW_TECHNICAL_ASSESSMENT,FIRST_PANEL_06_HIRING_MANAGER,ACTUAL_PARTICIPATION
ASG_000321,APP0056_FIRST_INTERVIEW,RSV_APP0056_FIRST_INTERVIEW,CONSUMED,0.5,2026-12-24T10:05:00+09:00,APP0056_FIRST_INTERVIEW_AI_CASE,FIRST_PANEL_06_ML_ENGINEER,ACTUAL_PARTICIPATION
ASG_000322,APP0056_FIRST_INTERVIEW,RSV_APP0056_FIRST_INTERVIEW,CONSUMED,0.5,2026-12-24T10:05:00+09:00,APP0056_FIRST_INTERVIEW_AI_CASE,FIRST_PANEL_06_HIRING_MANAGER,ACTUAL_PARTICIPATION
ASG_000323,APP0056_FIRST_INTERVIEW,RSV_APP0056_FIRST_INTERVIEW,CONSUMED,0.41666667,2026-12-24T10:30:00+09:00,APP0056_FIRST_INTERVIEW_PRACTITIONER_QA,FIRST_PANEL_06_ML_ENGINEER,ACTUAL_PARTICIPATION
ASG_000324,APP0056_FIRST_INTERVIEW,RSV_APP0056_FIRST_INTERVIEW,CONSUMED,0.41666667,2026-12-24T10:30:00+09:00,APP0056_FIRST_INTERVIEW_PRACTITIONER_QA,FIRST_PANEL_06_HIRING_MANAGER,ACTUAL_PARTICIPATION
ASG_000325,APP0056_FIRST_INTERVIEW,RSV_APP0056_FIRST_INTERVIEW,CONSUMED,0.41666667,2026-12-24T10:55:00+09:00,APP0056_FIRST_INTERVIEW_CALIBRATION,FIRST_PANEL_06_ML_ENGINEER,ACTUAL_PARTICIPATION
ASG_000326,APP0056_FIRST_INTERVIEW,RSV_APP0056_FIRST_INTERVIEW,CONSUMED,0.41666667,2026-12-24T10:55:00+09:00,APP0056_FIRST_INTERVIEW_CALIBRATION,FIRST_PANEL_06_HIRING_MANAGER,ACTUAL_PARTICIPATION
ASG_000327,APP0056_FIRST_INTERVIEW,RSV_APP0056_FIRST_INTERVIEW,RELEASED,0.16666666,2026-12-24T10:55:00+09:00,,,COMPLETED_UNUSED
ASG_000328,APP0057_FIRST_INTERVIEW,RSV_APP0057_FIRST_INTERVIEW,RESERVED,4,2026-12-08T14:04:00+09:00,,,SCHEDULED_ALLOCATION
ASG_000329,APP0057_FIRST_INTERVIEW,RSV_APP0057_FIRST_INTERVIEW,CONSUMED,0.41666667,2026-12-24T09:25:00+09:00,APP0057_FIRST_INTERVIEW_TECHNICAL_ASSESSMENT,FIRST_PANEL_07_ML_ENGINEER,ACTUAL_PARTICIPATION
ASG_000330,APP0057_FIRST_INTERVIEW,RSV_APP0057_FIRST_INTERVIEW,CONSUMED,0.41666667,2026-12-24T09:25:00+09:00,APP0057_FIRST_INTERVIEW_TECHNICAL_ASSESSMENT,FIRST_PANEL_07_HIRING_MANAGER,ACTUAL_PARTICIPATION
ASG_000331,APP0057_FIRST_INTERVIEW,RSV_APP0057_FIRST_INTERVIEW,CONSUMED,0.41666667,2026-12-24T09:50:00+09:00,APP0057_FIRST_INTERVIEW_AI_CASE,FIRST_PANEL_07_ML_ENGINEER,ACTUAL_PARTICIPATION
ASG_000332,APP0057_FIRST_INTERVIEW,RSV_APP0057_FIRST_INTERVIEW,CONSUMED,0.41666667,2026-12-24T09:50:00+09:00,APP0057_FIRST_INTERVIEW_AI_CASE,FIRST_PANEL_07_HIRING_MANAGER,ACTUAL_PARTICIPATION
ASG_000333,APP0057_FIRST_INTERVIEW,RSV_APP0057_FIRST_INTERVIEW,CONSUMED,0.41666667,2026-12-24T10:15:00+09:00,APP0057_FIRST_INTERVIEW_PRACTITIONER_QA,FIRST_PANEL_07_ML_ENGINEER,ACTUAL_PARTICIPATION
ASG_000334,APP0057_FIRST_INTERVIEW,RSV_APP0057_FIRST_INTERVIEW,CONSUMED,0.41666667,2026-12-24T10:15:00+09:00,APP0057_FIRST_INTERVIEW_PRACTITIONER_QA,FIRST_PANEL_07_HIRING_MANAGER,ACTUAL_PARTICIPATION
ASG_000335,APP0057_FIRST_INTERVIEW,RSV_APP0057_FIRST_INTERVIEW,CONSUMED,0.25,2026-12-24T10:30:00+09:00,APP0057_FIRST_INTERVIEW_CALIBRATION,FIRST_PANEL_07_ML_ENGINEER,ACTUAL_PARTICIPATION
ASG_000336,APP0057_FIRST_INTERVIEW,RSV_APP0057_FIRST_INTERVIEW,CONSUMED,0.25,2026-12-24T10:30:00+09:00,APP0057_FIRST_INTERVIEW_CALIBRATION,FIRST_PANEL_07_HIRING_MANAGER,ACTUAL_PARTICIPATION
ASG_000337,APP0057_FIRST_INTERVIEW,RSV_APP0057_FIRST_INTERVIEW,RELEASED,0.99999998,2026-12-24T10:30:00+09:00,,,COMPLETED_UNUSED
ASG_000338,APP0058_FIRST_INTERVIEW,RSV_APP0058_FIRST_INTERVIEW,RESERVED,4,2026-12-08T14:04:00+09:00,,,SCHEDULED_ALLOCATION
ASG_000339,APP0058_FIRST_INTERVIEW,RSV_APP0058_FIRST_INTERVIEW,CONSUMED,0.58333333,2026-12-24T09:35:00+09:00,APP0058_FIRST_INTERVIEW_TECHNICAL_ASSESSMENT,FIRST_PANEL_08_ML_ENGINEER,ACTUAL_PARTICIPATION
ASG_000340,APP0058_FIRST_INTERVIEW,RSV_APP0058_FIRST_INTERVIEW,CONSUMED,0.58333333,2026-12-24T09:35:00+09:00,APP0058_FIRST_INTERVIEW_TECHNICAL_ASSESSMENT,FIRST_PANEL_08_HIRING_MANAGER,ACTUAL_PARTICIPATION
ASG_000341,APP0058_FIRST_INTERVIEW,RSV_APP0058_FIRST_INTERVIEW,CONSUMED,0.5,2026-12-24T10:05:00+09:00,APP0058_FIRST_INTERVIEW_AI_CASE,FIRST_PANEL_08_ML_ENGINEER,ACTUAL_PARTICIPATION
ASG_000342,APP0058_FIRST_INTERVIEW,RSV_APP0058_FIRST_INTERVIEW,CONSUMED,0.5,2026-12-24T10:05:00+09:00,APP0058_FIRST_INTERVIEW_AI_CASE,FIRST_PANEL_08_HIRING_MANAGER,ACTUAL_PARTICIPATION
ASG_000343,APP0058_FIRST_INTERVIEW,RSV_APP0058_FIRST_INTERVIEW,CONSUMED,0.41666667,2026-12-24T10:30:00+09:00,APP0058_FIRST_INTERVIEW_PRACTITIONER_QA,FIRST_PANEL_08_ML_ENGINEER,ACTUAL_PARTICIPATION
ASG_000344,APP0058_FIRST_INTERVIEW,RSV_APP0058_FIRST_INTERVIEW,CONSUMED,0.41666667,2026-12-24T10:30:00+09:00,APP0058_FIRST_INTERVIEW_PRACTITIONER_QA,FIRST_PANEL_08_HIRING_MANAGER,ACTUAL_PARTICIPATION
ASG_000345,APP0058_FIRST_INTERVIEW,RSV_APP0058_FIRST_INTERVIEW,CONSUMED,0.25,2026-12-24T10:45:00+09:00,APP0058_FIRST_INTERVIEW_CALIBRATION,FIRST_PANEL_08_ML_ENGINEER,ACTUAL_PARTICIPATION
ASG_000346,APP0058_FIRST_INTERVIEW,RSV_APP0058_FIRST_INTERVIEW,CONSUMED,0.25,2026-12-24T10:45:00+09:00,APP0058_FIRST_INTERVIEW_CALIBRATION,FIRST_PANEL_08_HIRING_MANAGER,ACTUAL_PARTICIPATION
ASG_000347,APP0058_FIRST_INTERVIEW,RSV_APP0058_FIRST_INTERVIEW,RELEASED,0.5,2026-12-24T10:45:00+09:00,,,COMPLETED_UNUSED
ASG_000348,APP0059_FIRST_INTERVIEW,RSV_APP0059_FIRST_INTERVIEW,RESERVED,4,2026-12-08T14:04:00+09:00,,,SCHEDULED_ALLOCATION
ASG_000349,APP0059_FIRST_INTERVIEW,RSV_APP0059_FIRST_INTERVIEW,CONSUMED,0.58333333,2026-12-24T09:35:00+09:00,APP0059_FIRST_INTERVIEW_TECHNICAL_ASSESSMENT,FIRST_PANEL_09_ML_ENGINEER,ACTUAL_PARTICIPATION
ASG_000350,APP0059_FIRST_INTERVIEW,RSV_APP0059_FIRST_INTERVIEW,CONSUMED,0.58333333,2026-12-24T09:35:00+09:00,APP0059_FIRST_INTERVIEW_TECHNICAL_ASSESSMENT,FIRST_PANEL_09_HIRING_MANAGER,ACTUAL_PARTICIPATION
ASG_000351,APP0059_FIRST_INTERVIEW,RSV_APP0059_FIRST_INTERVIEW,CONSUMED,0.5,2026-12-24T10:05:00+09:00,APP0059_FIRST_INTERVIEW_AI_CASE,FIRST_PANEL_09_ML_ENGINEER,ACTUAL_PARTICIPATION
ASG_000352,APP0059_FIRST_INTERVIEW,RSV_APP0059_FIRST_INTERVIEW,CONSUMED,0.5,2026-12-24T10:05:00+09:00,APP0059_FIRST_INTERVIEW_AI_CASE,FIRST_PANEL_09_HIRING_MANAGER,ACTUAL_PARTICIPATION
ASG_000353,APP0059_FIRST_INTERVIEW,RSV_APP0059_FIRST_INTERVIEW,CONSUMED,0.41666667,2026-12-24T10:30:00+09:00,APP0059_FIRST_INTERVIEW_PRACTITIONER_QA,FIRST_PANEL_09_ML_ENGINEER,ACTUAL_PARTICIPATION
ASG_000354,APP0059_FIRST_INTERVIEW,RSV_APP0059_FIRST_INTERVIEW,CONSUMED,0.41666667,2026-12-24T10:30:00+09:00,APP0059_FIRST_INTERVIEW_PRACTITIONER_QA,FIRST_PANEL_09_HIRING_MANAGER,ACTUAL_PARTICIPATION
ASG_000355,APP0059_FIRST_INTERVIEW,RSV_APP0059_FIRST_INTERVIEW,CONSUMED,0.41666667,2026-12-24T10:55:00+09:00,APP0059_FIRST_INTERVIEW_CALIBRATION,FIRST_PANEL_09_ML_ENGINEER,ACTUAL_PARTICIPATION
ASG_000356,APP0059_FIRST_INTERVIEW,RSV_APP0059_FIRST_INTERVIEW,CONSUMED,0.41666667,2026-12-24T10:55:00+09:00,APP0059_FIRST_INTERVIEW_CALIBRATION,FIRST_PANEL_09_HIRING_MANAGER,ACTUAL_PARTICIPATION
ASG_000357,APP0059_FIRST_INTERVIEW,RSV_APP0059_FIRST_INTERVIEW,RELEASED,0.16666666,2026-12-24T10:55:00+09:00,,,COMPLETED_UNUSED
ASG_000358,APP0061_FIRST_INTERVIEW,RSV_APP0061_FIRST_INTERVIEW,RESERVED,4,2026-12-08T14:04:00+09:00,,,SCHEDULED_ALLOCATION
ASG_000359,APP0061_FIRST_INTERVIEW,RSV_APP0061_FIRST_INTERVIEW,CONSUMED,0.58333333,2026-12-24T09:35:00+09:00,APP0061_FIRST_INTERVIEW_TECHNICAL_ASSESSMENT,FIRST_PANEL_10_ML_ENGINEER,ACTUAL_PARTICIPATION
ASG_000360,APP0061_FIRST_INTERVIEW,RSV_APP0061_FIRST_INTERVIEW,CONSUMED,0.58333333,2026-12-24T09:35:00+09:00,APP0061_FIRST_INTERVIEW_TECHNICAL_ASSESSMENT,FIRST_PANEL_10_HIRING_MANAGER,ACTUAL_PARTICIPATION
ASG_000361,APP0061_FIRST_INTERVIEW,RSV_APP0061_FIRST_INTERVIEW,CONSUMED,0.58333333,2026-12-24T10:10:00+09:00,APP0061_FIRST_INTERVIEW_AI_CASE,FIRST_PANEL_10_ML_ENGINEER,ACTUAL_PARTICIPATION
ASG_000362,APP0061_FIRST_INTERVIEW,RSV_APP0061_FIRST_INTERVIEW,CONSUMED,0.58333333,2026-12-24T10:10:00+09:00,APP0061_FIRST_INTERVIEW_AI_CASE,FIRST_PANEL_10_HIRING_MANAGER,ACTUAL_PARTICIPATION
ASG_000363,APP0061_FIRST_INTERVIEW,RSV_APP0061_FIRST_INTERVIEW,CONSUMED,0.33333333,2026-12-24T10:30:00+09:00,APP0061_FIRST_INTERVIEW_PRACTITIONER_QA,FIRST_PANEL_10_ML_ENGINEER,ACTUAL_PARTICIPATION
ASG_000364,APP0061_FIRST_INTERVIEW,RSV_APP0061_FIRST_INTERVIEW,CONSUMED,0.33333333,2026-12-24T10:30:00+09:00,APP0061_FIRST_INTERVIEW_PRACTITIONER_QA,FIRST_PANEL_10_HIRING_MANAGER,ACTUAL_PARTICIPATION
ASG_000365,APP0061_FIRST_INTERVIEW,RSV_APP0061_FIRST_INTERVIEW,CONSUMED,0.41666667,2026-12-24T10:55:00+09:00,APP0061_FIRST_INTERVIEW_CALIBRATION,FIRST_PANEL_10_ML_ENGINEER,ACTUAL_PARTICIPATION
ASG_000366,APP0061_FIRST_INTERVIEW,RSV_APP0061_FIRST_INTERVIEW,CONSUMED,0.41666667,2026-12-24T10:55:00+09:00,APP0061_FIRST_INTERVIEW_CALIBRATION,FIRST_PANEL_10_HIRING_MANAGER,ACTUAL_PARTICIPATION
ASG_000367,APP0061_FIRST_INTERVIEW,RSV_APP0061_FIRST_INTERVIEW,RELEASED,0.16666668,2026-12-24T10:55:00+09:00,,,COMPLETED_UNUSED
ASG_000368,APP0062_FIRST_INTERVIEW,RSV_APP0062_FIRST_INTERVIEW,RESERVED,4,2026-12-08T14:04:00+09:00,,,SCHEDULED_ALLOCATION
ASG_000369,APP0062_FIRST_INTERVIEW,RSV_APP0062_FIRST_INTERVIEW,RELEASED,4.0,2026-12-10T14:04:00+09:00,,,CONFIRMED_WITHDRAWAL_UNUSED
ASG_000370,APP0063_FIRST_INTERVIEW,RSV_APP0063_FIRST_INTERVIEW,RESERVED,4,2026-12-08T14:04:00+09:00,,,SCHEDULED_ALLOCATION
ASG_000371,APP0063_FIRST_INTERVIEW,RSV_APP0063_FIRST_INTERVIEW,CONSUMED,0.58333333,2026-12-28T09:35:00+09:00,APP0063_FIRST_INTERVIEW_TECHNICAL_ASSESSMENT,FIRST_PANEL_02_ML_ENGINEER,ACTUAL_PARTICIPATION
ASG_000372,APP0063_FIRST_INTERVIEW,RSV_APP0063_FIRST_INTERVIEW,CONSUMED,0.58333333,2026-12-28T09:35:00+09:00,APP0063_FIRST_INTERVIEW_TECHNICAL_ASSESSMENT,FIRST_PANEL_02_HIRING_MANAGER,ACTUAL_PARTICIPATION
ASG_000373,APP0063_FIRST_INTERVIEW,RSV_APP0063_FIRST_INTERVIEW,CONSUMED,0.41666667,2026-12-28T10:00:00+09:00,APP0063_FIRST_INTERVIEW_AI_CASE,FIRST_PANEL_02_ML_ENGINEER,ACTUAL_PARTICIPATION
ASG_000374,APP0063_FIRST_INTERVIEW,RSV_APP0063_FIRST_INTERVIEW,CONSUMED,0.41666667,2026-12-28T10:00:00+09:00,APP0063_FIRST_INTERVIEW_AI_CASE,FIRST_PANEL_02_HIRING_MANAGER,ACTUAL_PARTICIPATION
ASG_000375,APP0063_FIRST_INTERVIEW,RSV_APP0063_FIRST_INTERVIEW,CONSUMED,0.41666667,2026-12-28T10:25:00+09:00,APP0063_FIRST_INTERVIEW_PRACTITIONER_QA,FIRST_PANEL_02_ML_ENGINEER,ACTUAL_PARTICIPATION
ASG_000376,APP0063_FIRST_INTERVIEW,RSV_APP0063_FIRST_INTERVIEW,CONSUMED,0.41666667,2026-12-28T10:25:00+09:00,APP0063_FIRST_INTERVIEW_PRACTITIONER_QA,FIRST_PANEL_02_HIRING_MANAGER,ACTUAL_PARTICIPATION
ASG_000377,APP0063_FIRST_INTERVIEW,RSV_APP0063_FIRST_INTERVIEW,CONSUMED,0.33333333,2026-12-28T10:45:00+09:00,APP0063_FIRST_INTERVIEW_CALIBRATION,FIRST_PANEL_02_ML_ENGINEER,ACTUAL_PARTICIPATION
ASG_000378,APP0063_FIRST_INTERVIEW,RSV_APP0063_FIRST_INTERVIEW,CONSUMED,0.33333333,2026-12-28T10:45:00+09:00,APP0063_FIRST_INTERVIEW_CALIBRATION,FIRST_PANEL_02_HIRING_MANAGER,ACTUAL_PARTICIPATION
ASG_000379,APP0063_FIRST_INTERVIEW,RSV_APP0063_FIRST_INTERVIEW,RELEASED,0.5,2026-12-28T10:45:00+09:00,,,COMPLETED_UNUSED
ASG_000380,APP0064_FIRST_INTERVIEW,RSV_APP0064_FIRST_INTERVIEW,RESERVED,4,2026-12-08T14:04:00+09:00,,,SCHEDULED_ALLOCATION
ASG_000381,APP0064_FIRST_INTERVIEW,RSV_APP0064_FIRST_INTERVIEW,CONSUMED,0.5,2026-12-28T09:30:00+09:00,APP0064_FIRST_INTERVIEW_TECHNICAL_ASSESSMENT,FIRST_PANEL_03_ML_ENGINEER,ACTUAL_PARTICIPATION
ASG_000382,APP0064_FIRST_INTERVIEW,RSV_APP0064_FIRST_INTERVIEW,CONSUMED,0.5,2026-12-28T09:30:00+09:00,APP0064_FIRST_INTERVIEW_TECHNICAL_ASSESSMENT,FIRST_PANEL_03_HIRING_MANAGER,ACTUAL_PARTICIPATION
ASG_000383,APP0064_FIRST_INTERVIEW,RSV_APP0064_FIRST_INTERVIEW,CONSUMED,0.41666667,2026-12-28T09:55:00+09:00,APP0064_FIRST_INTERVIEW_AI_CASE,FIRST_PANEL_03_ML_ENGINEER,ACTUAL_PARTICIPATION
ASG_000384,APP0064_FIRST_INTERVIEW,RSV_APP0064_FIRST_INTERVIEW,CONSUMED,0.41666667,2026-12-28T09:55:00+09:00,APP0064_FIRST_INTERVIEW_AI_CASE,FIRST_PANEL_03_HIRING_MANAGER,ACTUAL_PARTICIPATION
ASG_000385,APP0064_FIRST_INTERVIEW,RSV_APP0064_FIRST_INTERVIEW,CONSUMED,0.33333333,2026-12-28T10:15:00+09:00,APP0064_FIRST_INTERVIEW_PRACTITIONER_QA,FIRST_PANEL_03_ML_ENGINEER,ACTUAL_PARTICIPATION
ASG_000386,APP0064_FIRST_INTERVIEW,RSV_APP0064_FIRST_INTERVIEW,CONSUMED,0.33333333,2026-12-28T10:15:00+09:00,APP0064_FIRST_INTERVIEW_PRACTITIONER_QA,FIRST_PANEL_03_HIRING_MANAGER,ACTUAL_PARTICIPATION
ASG_000387,APP0064_FIRST_INTERVIEW,RSV_APP0064_FIRST_INTERVIEW,CONSUMED,0.25,2026-12-28T10:30:00+09:00,APP0064_FIRST_INTERVIEW_CALIBRATION,FIRST_PANEL_03_ML_ENGINEER,ACTUAL_PARTICIPATION
ASG_000388,APP0064_FIRST_INTERVIEW,RSV_APP0064_FIRST_INTERVIEW,CONSUMED,0.25,2026-12-28T10:30:00+09:00,APP0064_FIRST_INTERVIEW_CALIBRATION,FIRST_PANEL_03_HIRING_MANAGER,ACTUAL_PARTICIPATION
ASG_000389,APP0064_FIRST_INTERVIEW,RSV_APP0064_FIRST_INTERVIEW,RELEASED,1.0,2026-12-28T10:30:00+09:00,,,COMPLETED_UNUSED
ASG_000390,APP0066_FIRST_INTERVIEW,RSV_APP0066_FIRST_INTERVIEW,RESERVED,4,2026-12-08T14:04:00+09:00,,,SCHEDULED_ALLOCATION
ASG_000391,APP0066_FIRST_INTERVIEW,RSV_APP0066_FIRST_INTERVIEW,CONSUMED,0.41666667,2026-12-28T09:25:00+09:00,APP0066_FIRST_INTERVIEW_TECHNICAL_ASSESSMENT,FIRST_PANEL_04_ML_ENGINEER,ACTUAL_PARTICIPATION
ASG_000392,APP0066_FIRST_INTERVIEW,RSV_APP0066_FIRST_INTERVIEW,CONSUMED,0.41666667,2026-12-28T09:25:00+09:00,APP0066_FIRST_INTERVIEW_TECHNICAL_ASSESSMENT,FIRST_PANEL_04_HIRING_MANAGER,ACTUAL_PARTICIPATION
ASG_000393,APP0066_FIRST_INTERVIEW,RSV_APP0066_FIRST_INTERVIEW,CONSUMED,0.5,2026-12-28T09:55:00+09:00,APP0066_FIRST_INTERVIEW_AI_CASE,FIRST_PANEL_04_ML_ENGINEER,ACTUAL_PARTICIPATION
ASG_000394,APP0066_FIRST_INTERVIEW,RSV_APP0066_FIRST_INTERVIEW,CONSUMED,0.5,2026-12-28T09:55:00+09:00,APP0066_FIRST_INTERVIEW_AI_CASE,FIRST_PANEL_04_HIRING_MANAGER,ACTUAL_PARTICIPATION
ASG_000395,APP0066_FIRST_INTERVIEW,RSV_APP0066_FIRST_INTERVIEW,CONSUMED,0.33333333,2026-12-28T10:15:00+09:00,APP0066_FIRST_INTERVIEW_PRACTITIONER_QA,FIRST_PANEL_04_ML_ENGINEER,ACTUAL_PARTICIPATION
ASG_000396,APP0066_FIRST_INTERVIEW,RSV_APP0066_FIRST_INTERVIEW,CONSUMED,0.33333333,2026-12-28T10:15:00+09:00,APP0066_FIRST_INTERVIEW_PRACTITIONER_QA,FIRST_PANEL_04_HIRING_MANAGER,ACTUAL_PARTICIPATION
ASG_000397,APP0066_FIRST_INTERVIEW,RSV_APP0066_FIRST_INTERVIEW,CONSUMED,0.33333333,2026-12-28T10:35:00+09:00,APP0066_FIRST_INTERVIEW_CALIBRATION,FIRST_PANEL_04_ML_ENGINEER,ACTUAL_PARTICIPATION
ASG_000398,APP0066_FIRST_INTERVIEW,RSV_APP0066_FIRST_INTERVIEW,CONSUMED,0.33333333,2026-12-28T10:35:00+09:00,APP0066_FIRST_INTERVIEW_CALIBRATION,FIRST_PANEL_04_HIRING_MANAGER,ACTUAL_PARTICIPATION
ASG_000399,APP0066_FIRST_INTERVIEW,RSV_APP0066_FIRST_INTERVIEW,RELEASED,0.83333334,2026-12-28T10:35:00+09:00,,,COMPLETED_UNUSED
ASG_000400,APP0068_FIRST_INTERVIEW,RSV_APP0068_FIRST_INTERVIEW,RESERVED,4,2026-12-08T14:04:00+09:00,,,SCHEDULED_ALLOCATION
ASG_000401,APP0068_FIRST_INTERVIEW,RSV_APP0068_FIRST_INTERVIEW,CONSUMED,0.41666667,2026-12-28T09:25:00+09:00,APP0068_FIRST_INTERVIEW_TECHNICAL_ASSESSMENT,FIRST_PANEL_05_ML_ENGINEER,ACTUAL_PARTICIPATION
ASG_000402,APP0068_FIRST_INTERVIEW,RSV_APP0068_FIRST_INTERVIEW,CONSUMED,0.41666667,2026-12-28T09:25:00+09:00,APP0068_FIRST_INTERVIEW_TECHNICAL_ASSESSMENT,FIRST_PANEL_05_HIRING_MANAGER,ACTUAL_PARTICIPATION
ASG_000403,APP0068_FIRST_INTERVIEW,RSV_APP0068_FIRST_INTERVIEW,CONSUMED,0.41666667,2026-12-28T09:50:00+09:00,APP0068_FIRST_INTERVIEW_AI_CASE,FIRST_PANEL_05_ML_ENGINEER,ACTUAL_PARTICIPATION
ASG_000404,APP0068_FIRST_INTERVIEW,RSV_APP0068_FIRST_INTERVIEW,CONSUMED,0.41666667,2026-12-28T09:50:00+09:00,APP0068_FIRST_INTERVIEW_AI_CASE,FIRST_PANEL_05_HIRING_MANAGER,ACTUAL_PARTICIPATION
ASG_000405,APP0068_FIRST_INTERVIEW,RSV_APP0068_FIRST_INTERVIEW,CONSUMED,0.41666667,2026-12-28T10:15:00+09:00,APP0068_FIRST_INTERVIEW_PRACTITIONER_QA,FIRST_PANEL_05_ML_ENGINEER,ACTUAL_PARTICIPATION
ASG_000406,APP0068_FIRST_INTERVIEW,RSV_APP0068_FIRST_INTERVIEW,CONSUMED,0.41666667,2026-12-28T10:15:00+09:00,APP0068_FIRST_INTERVIEW_PRACTITIONER_QA,FIRST_PANEL_05_HIRING_MANAGER,ACTUAL_PARTICIPATION
ASG_000407,APP0068_FIRST_INTERVIEW,RSV_APP0068_FIRST_INTERVIEW,CONSUMED,0.33333333,2026-12-28T10:35:00+09:00,APP0068_FIRST_INTERVIEW_CALIBRATION,FIRST_PANEL_05_ML_ENGINEER,ACTUAL_PARTICIPATION
ASG_000408,APP0068_FIRST_INTERVIEW,RSV_APP0068_FIRST_INTERVIEW,CONSUMED,0.33333333,2026-12-28T10:35:00+09:00,APP0068_FIRST_INTERVIEW_CALIBRATION,FIRST_PANEL_05_HIRING_MANAGER,ACTUAL_PARTICIPATION
ASG_000409,APP0068_FIRST_INTERVIEW,RSV_APP0068_FIRST_INTERVIEW,RELEASED,0.83333332,2026-12-28T10:35:00+09:00,,,COMPLETED_UNUSED
ASG_000410,APP0070_FIRST_INTERVIEW,RSV_APP0070_FIRST_INTERVIEW,RESERVED,4,2026-12-08T14:04:00+09:00,,,SCHEDULED_ALLOCATION
ASG_000411,APP0070_FIRST_INTERVIEW,RSV_APP0070_FIRST_INTERVIEW,CONSUMED,0.58333333,2026-12-28T09:35:00+09:00,APP0070_FIRST_INTERVIEW_TECHNICAL_ASSESSMENT,FIRST_PANEL_06_ML_ENGINEER,ACTUAL_PARTICIPATION
ASG_000412,APP0070_FIRST_INTERVIEW,RSV_APP0070_FIRST_INTERVIEW,CONSUMED,0.58333333,2026-12-28T09:35:00+09:00,APP0070_FIRST_INTERVIEW_TECHNICAL_ASSESSMENT,FIRST_PANEL_06_HIRING_MANAGER,ACTUAL_PARTICIPATION
ASG_000413,APP0070_FIRST_INTERVIEW,RSV_APP0070_FIRST_INTERVIEW,CONSUMED,0.58333333,2026-12-28T10:10:00+09:00,APP0070_FIRST_INTERVIEW_AI_CASE,FIRST_PANEL_06_ML_ENGINEER,ACTUAL_PARTICIPATION
ASG_000414,APP0070_FIRST_INTERVIEW,RSV_APP0070_FIRST_INTERVIEW,CONSUMED,0.58333333,2026-12-28T10:10:00+09:00,APP0070_FIRST_INTERVIEW_AI_CASE,FIRST_PANEL_06_HIRING_MANAGER,ACTUAL_PARTICIPATION
ASG_000415,APP0070_FIRST_INTERVIEW,RSV_APP0070_FIRST_INTERVIEW,CONSUMED,0.33333333,2026-12-28T10:30:00+09:00,APP0070_FIRST_INTERVIEW_PRACTITIONER_QA,FIRST_PANEL_06_ML_ENGINEER,ACTUAL_PARTICIPATION
ASG_000416,APP0070_FIRST_INTERVIEW,RSV_APP0070_FIRST_INTERVIEW,CONSUMED,0.33333333,2026-12-28T10:30:00+09:00,APP0070_FIRST_INTERVIEW_PRACTITIONER_QA,FIRST_PANEL_06_HIRING_MANAGER,ACTUAL_PARTICIPATION
ASG_000417,APP0070_FIRST_INTERVIEW,RSV_APP0070_FIRST_INTERVIEW,CONSUMED,0.41666667,2026-12-28T10:55:00+09:00,APP0070_FIRST_INTERVIEW_CALIBRATION,FIRST_PANEL_06_ML_ENGINEER,ACTUAL_PARTICIPATION
ASG_000418,APP0070_FIRST_INTERVIEW,RSV_APP0070_FIRST_INTERVIEW,CONSUMED,0.41666667,2026-12-28T10:55:00+09:00,APP0070_FIRST_INTERVIEW_CALIBRATION,FIRST_PANEL_06_HIRING_MANAGER,ACTUAL_PARTICIPATION
ASG_000419,APP0070_FIRST_INTERVIEW,RSV_APP0070_FIRST_INTERVIEW,RELEASED,0.16666668,2026-12-28T10:55:00+09:00,,,COMPLETED_UNUSED
ASG_000420,APP0073_FIRST_INTERVIEW,RSV_APP0073_FIRST_INTERVIEW,RESERVED,4,2026-12-08T14:04:00+09:00,,,SCHEDULED_ALLOCATION
ASG_000421,APP0073_FIRST_INTERVIEW,RSV_APP0073_FIRST_INTERVIEW,RELEASED,4.0,2026-12-29T09:00:00+09:00,,,NO_RESPONSE_UNUSED
ASG_000422,APP0076_FIRST_INTERVIEW,RSV_APP0076_FIRST_INTERVIEW,RESERVED,4,2026-12-08T14:04:00+09:00,,,SCHEDULED_ALLOCATION
ASG_000423,APP0076_FIRST_INTERVIEW,RSV_APP0076_FIRST_INTERVIEW,CONSUMED,0.58333333,2026-12-28T09:35:00+09:00,APP0076_FIRST_INTERVIEW_TECHNICAL_ASSESSMENT,FIRST_PANEL_08_ML_ENGINEER,ACTUAL_PARTICIPATION
ASG_000424,APP0076_FIRST_INTERVIEW,RSV_APP0076_FIRST_INTERVIEW,CONSUMED,0.58333333,2026-12-28T09:35:00+09:00,APP0076_FIRST_INTERVIEW_TECHNICAL_ASSESSMENT,FIRST_PANEL_08_HIRING_MANAGER,ACTUAL_PARTICIPATION
ASG_000425,APP0076_FIRST_INTERVIEW,RSV_APP0076_FIRST_INTERVIEW,CONSUMED,0.58333333,2026-12-28T10:10:00+09:00,APP0076_FIRST_INTERVIEW_AI_CASE,FIRST_PANEL_08_ML_ENGINEER,ACTUAL_PARTICIPATION
ASG_000426,APP0076_FIRST_INTERVIEW,RSV_APP0076_FIRST_INTERVIEW,CONSUMED,0.58333333,2026-12-28T10:10:00+09:00,APP0076_FIRST_INTERVIEW_AI_CASE,FIRST_PANEL_08_HIRING_MANAGER,ACTUAL_PARTICIPATION
ASG_000427,APP0076_FIRST_INTERVIEW,RSV_APP0076_FIRST_INTERVIEW,CONSUMED,0.41666667,2026-12-28T10:35:00+09:00,APP0076_FIRST_INTERVIEW_PRACTITIONER_QA,FIRST_PANEL_08_ML_ENGINEER,ACTUAL_PARTICIPATION
ASG_000428,APP0076_FIRST_INTERVIEW,RSV_APP0076_FIRST_INTERVIEW,CONSUMED,0.41666667,2026-12-28T10:35:00+09:00,APP0076_FIRST_INTERVIEW_PRACTITIONER_QA,FIRST_PANEL_08_HIRING_MANAGER,ACTUAL_PARTICIPATION
ASG_000429,APP0076_FIRST_INTERVIEW,RSV_APP0076_FIRST_INTERVIEW,CONSUMED,0.41666667,2026-12-28T11:00:00+09:00,APP0076_FIRST_INTERVIEW_CALIBRATION,FIRST_PANEL_08_ML_ENGINEER,ACTUAL_PARTICIPATION
ASG_000430,APP0076_FIRST_INTERVIEW,RSV_APP0076_FIRST_INTERVIEW,CONSUMED,0.41666667,2026-12-28T11:00:00+09:00,APP0076_FIRST_INTERVIEW_CALIBRATION,FIRST_PANEL_08_HIRING_MANAGER,ACTUAL_PARTICIPATION
ASG_000431,APP0077_FIRST_INTERVIEW,RSV_APP0077_FIRST_INTERVIEW,RESERVED,4,2026-12-08T14:04:00+09:00,,,SCHEDULED_ALLOCATION
ASG_000432,APP0077_FIRST_INTERVIEW,RSV_APP0077_FIRST_INTERVIEW,CONSUMED,0.58333333,2026-12-28T09:35:00+09:00,APP0077_FIRST_INTERVIEW_TECHNICAL_ASSESSMENT,FIRST_PANEL_09_ML_ENGINEER,ACTUAL_PARTICIPATION
ASG_000433,APP0077_FIRST_INTERVIEW,RSV_APP0077_FIRST_INTERVIEW,CONSUMED,0.58333333,2026-12-28T09:35:00+09:00,APP0077_FIRST_INTERVIEW_TECHNICAL_ASSESSMENT,FIRST_PANEL_09_HIRING_MANAGER,ACTUAL_PARTICIPATION
ASG_000434,APP0077_FIRST_INTERVIEW,RSV_APP0077_FIRST_INTERVIEW,CONSUMED,0.58333333,2026-12-28T10:10:00+09:00,APP0077_FIRST_INTERVIEW_AI_CASE,FIRST_PANEL_09_ML_ENGINEER,ACTUAL_PARTICIPATION
ASG_000435,APP0077_FIRST_INTERVIEW,RSV_APP0077_FIRST_INTERVIEW,CONSUMED,0.58333333,2026-12-28T10:10:00+09:00,APP0077_FIRST_INTERVIEW_AI_CASE,FIRST_PANEL_09_HIRING_MANAGER,ACTUAL_PARTICIPATION
ASG_000436,APP0077_FIRST_INTERVIEW,RSV_APP0077_FIRST_INTERVIEW,CONSUMED,0.41666667,2026-12-28T10:35:00+09:00,APP0077_FIRST_INTERVIEW_PRACTITIONER_QA,FIRST_PANEL_09_ML_ENGINEER,ACTUAL_PARTICIPATION
ASG_000437,APP0077_FIRST_INTERVIEW,RSV_APP0077_FIRST_INTERVIEW,CONSUMED,0.41666667,2026-12-28T10:35:00+09:00,APP0077_FIRST_INTERVIEW_PRACTITIONER_QA,FIRST_PANEL_09_HIRING_MANAGER,ACTUAL_PARTICIPATION
ASG_000438,APP0077_FIRST_INTERVIEW,RSV_APP0077_FIRST_INTERVIEW,CONSUMED,0.25,2026-12-28T10:50:00+09:00,APP0077_FIRST_INTERVIEW_CALIBRATION,FIRST_PANEL_09_ML_ENGINEER,ACTUAL_PARTICIPATION
ASG_000439,APP0077_FIRST_INTERVIEW,RSV_APP0077_FIRST_INTERVIEW,CONSUMED,0.25,2026-12-28T10:50:00+09:00,APP0077_FIRST_INTERVIEW_CALIBRATION,FIRST_PANEL_09_HIRING_MANAGER,ACTUAL_PARTICIPATION
ASG_000440,APP0077_FIRST_INTERVIEW,RSV_APP0077_FIRST_INTERVIEW,RELEASED,0.33333334,2026-12-28T10:50:00+09:00,,,COMPLETED_UNUSED
ASG_000441,APP0078_FIRST_INTERVIEW,RSV_APP0078_FIRST_INTERVIEW,RESERVED,4,2026-12-08T14:04:00+09:00,,,SCHEDULED_ALLOCATION
ASG_000442,APP0078_FIRST_INTERVIEW,RSV_APP0078_FIRST_INTERVIEW,CONSUMED,0.58333333,2026-12-28T09:35:00+09:00,APP0078_FIRST_INTERVIEW_TECHNICAL_ASSESSMENT,FIRST_PANEL_10_ML_ENGINEER,ACTUAL_PARTICIPATION
ASG_000443,APP0078_FIRST_INTERVIEW,RSV_APP0078_FIRST_INTERVIEW,CONSUMED,0.58333333,2026-12-28T09:35:00+09:00,APP0078_FIRST_INTERVIEW_TECHNICAL_ASSESSMENT,FIRST_PANEL_10_HIRING_MANAGER,ACTUAL_PARTICIPATION
ASG_000444,APP0078_FIRST_INTERVIEW,RSV_APP0078_FIRST_INTERVIEW,CONSUMED,0.5,2026-12-28T10:05:00+09:00,APP0078_FIRST_INTERVIEW_AI_CASE,FIRST_PANEL_10_ML_ENGINEER,ACTUAL_PARTICIPATION
ASG_000445,APP0078_FIRST_INTERVIEW,RSV_APP0078_FIRST_INTERVIEW,CONSUMED,0.5,2026-12-28T10:05:00+09:00,APP0078_FIRST_INTERVIEW_AI_CASE,FIRST_PANEL_10_HIRING_MANAGER,ACTUAL_PARTICIPATION
ASG_000446,APP0078_FIRST_INTERVIEW,RSV_APP0078_FIRST_INTERVIEW,CONSUMED,0.41666667,2026-12-28T10:30:00+09:00,APP0078_FIRST_INTERVIEW_PRACTITIONER_QA,FIRST_PANEL_10_ML_ENGINEER,ACTUAL_PARTICIPATION
ASG_000447,APP0078_FIRST_INTERVIEW,RSV_APP0078_FIRST_INTERVIEW,CONSUMED,0.41666667,2026-12-28T10:30:00+09:00,APP0078_FIRST_INTERVIEW_PRACTITIONER_QA,FIRST_PANEL_10_HIRING_MANAGER,ACTUAL_PARTICIPATION
ASG_000448,APP0078_FIRST_INTERVIEW,RSV_APP0078_FIRST_INTERVIEW,CONSUMED,0.41666667,2026-12-28T10:55:00+09:00,APP0078_FIRST_INTERVIEW_CALIBRATION,FIRST_PANEL_10_ML_ENGINEER,ACTUAL_PARTICIPATION
ASG_000449,APP0078_FIRST_INTERVIEW,RSV_APP0078_FIRST_INTERVIEW,CONSUMED,0.41666667,2026-12-28T10:55:00+09:00,APP0078_FIRST_INTERVIEW_CALIBRATION,FIRST_PANEL_10_HIRING_MANAGER,ACTUAL_PARTICIPATION
ASG_000450,APP0078_FIRST_INTERVIEW,RSV_APP0078_FIRST_INTERVIEW,RELEASED,0.16666666,2026-12-28T10:55:00+09:00,,,COMPLETED_UNUSED
ASG_000451,APP0079_FIRST_INTERVIEW,RSV_APP0079_FIRST_INTERVIEW,RESERVED,4,2026-12-08T14:04:00+09:00,,,SCHEDULED_ALLOCATION
ASG_000452,APP0079_FIRST_INTERVIEW,RSV_APP0079_FIRST_INTERVIEW,CONSUMED,0.5,2026-12-31T09:30:00+09:00,APP0079_FIRST_INTERVIEW_TECHNICAL_ASSESSMENT,FIRST_PANEL_01_ML_ENGINEER,ACTUAL_PARTICIPATION
ASG_000453,APP0079_FIRST_INTERVIEW,RSV_APP0079_FIRST_INTERVIEW,CONSUMED,0.5,2026-12-31T09:30:00+09:00,APP0079_FIRST_INTERVIEW_TECHNICAL_ASSESSMENT,FIRST_PANEL_01_HIRING_MANAGER,ACTUAL_PARTICIPATION
ASG_000454,APP0079_FIRST_INTERVIEW,RSV_APP0079_FIRST_INTERVIEW,CONSUMED,0.41666667,2026-12-31T09:55:00+09:00,APP0079_FIRST_INTERVIEW_AI_CASE,FIRST_PANEL_01_ML_ENGINEER,ACTUAL_PARTICIPATION
ASG_000455,APP0079_FIRST_INTERVIEW,RSV_APP0079_FIRST_INTERVIEW,CONSUMED,0.41666667,2026-12-31T09:55:00+09:00,APP0079_FIRST_INTERVIEW_AI_CASE,FIRST_PANEL_01_HIRING_MANAGER,ACTUAL_PARTICIPATION
ASG_000456,APP0079_FIRST_INTERVIEW,RSV_APP0079_FIRST_INTERVIEW,CONSUMED,0.41666667,2026-12-31T10:20:00+09:00,APP0079_FIRST_INTERVIEW_PRACTITIONER_QA,FIRST_PANEL_01_ML_ENGINEER,ACTUAL_PARTICIPATION
ASG_000457,APP0079_FIRST_INTERVIEW,RSV_APP0079_FIRST_INTERVIEW,CONSUMED,0.41666667,2026-12-31T10:20:00+09:00,APP0079_FIRST_INTERVIEW_PRACTITIONER_QA,FIRST_PANEL_01_HIRING_MANAGER,ACTUAL_PARTICIPATION
ASG_000458,APP0079_FIRST_INTERVIEW,RSV_APP0079_FIRST_INTERVIEW,CONSUMED,0.25,2026-12-31T10:35:00+09:00,APP0079_FIRST_INTERVIEW_CALIBRATION,FIRST_PANEL_01_ML_ENGINEER,ACTUAL_PARTICIPATION
ASG_000459,APP0079_FIRST_INTERVIEW,RSV_APP0079_FIRST_INTERVIEW,CONSUMED,0.25,2026-12-31T10:35:00+09:00,APP0079_FIRST_INTERVIEW_CALIBRATION,FIRST_PANEL_01_HIRING_MANAGER,ACTUAL_PARTICIPATION
ASG_000460,APP0079_FIRST_INTERVIEW,RSV_APP0079_FIRST_INTERVIEW,RELEASED,0.83333332,2026-12-31T10:35:00+09:00,,,COMPLETED_UNUSED
ASG_000461,APP0080_FIRST_INTERVIEW,RSV_APP0080_FIRST_INTERVIEW,RESERVED,4,2026-12-08T14:04:00+09:00,,,SCHEDULED_ALLOCATION
ASG_000462,APP0080_FIRST_INTERVIEW,RSV_APP0080_FIRST_INTERVIEW,CONSUMED,0.58333333,2026-12-31T09:35:00+09:00,APP0080_FIRST_INTERVIEW_TECHNICAL_ASSESSMENT,FIRST_PANEL_02_ML_ENGINEER,ACTUAL_PARTICIPATION
ASG_000463,APP0080_FIRST_INTERVIEW,RSV_APP0080_FIRST_INTERVIEW,CONSUMED,0.58333333,2026-12-31T09:35:00+09:00,APP0080_FIRST_INTERVIEW_TECHNICAL_ASSESSMENT,FIRST_PANEL_02_HIRING_MANAGER,ACTUAL_PARTICIPATION
ASG_000464,APP0080_FIRST_INTERVIEW,RSV_APP0080_FIRST_INTERVIEW,CONSUMED,0.58333333,2026-12-31T10:10:00+09:00,APP0080_FIRST_INTERVIEW_AI_CASE,FIRST_PANEL_02_ML_ENGINEER,ACTUAL_PARTICIPATION
ASG_000465,APP0080_FIRST_INTERVIEW,RSV_APP0080_FIRST_INTERVIEW,CONSUMED,0.58333333,2026-12-31T10:10:00+09:00,APP0080_FIRST_INTERVIEW_AI_CASE,FIRST_PANEL_02_HIRING_MANAGER,ACTUAL_PARTICIPATION
ASG_000466,APP0080_FIRST_INTERVIEW,RSV_APP0080_FIRST_INTERVIEW,CONSUMED,0.33333333,2026-12-31T10:30:00+09:00,APP0080_FIRST_INTERVIEW_PRACTITIONER_QA,FIRST_PANEL_02_ML_ENGINEER,ACTUAL_PARTICIPATION
ASG_000467,APP0080_FIRST_INTERVIEW,RSV_APP0080_FIRST_INTERVIEW,CONSUMED,0.33333333,2026-12-31T10:30:00+09:00,APP0080_FIRST_INTERVIEW_PRACTITIONER_QA,FIRST_PANEL_02_HIRING_MANAGER,ACTUAL_PARTICIPATION
ASG_000468,APP0080_FIRST_INTERVIEW,RSV_APP0080_FIRST_INTERVIEW,CONSUMED,0.41666667,2026-12-31T10:55:00+09:00,APP0080_FIRST_INTERVIEW_CALIBRATION,FIRST_PANEL_02_ML_ENGINEER,ACTUAL_PARTICIPATION
ASG_000469,APP0080_FIRST_INTERVIEW,RSV_APP0080_FIRST_INTERVIEW,CONSUMED,0.41666667,2026-12-31T10:55:00+09:00,APP0080_FIRST_INTERVIEW_CALIBRATION,FIRST_PANEL_02_HIRING_MANAGER,ACTUAL_PARTICIPATION
ASG_000470,APP0080_FIRST_INTERVIEW,RSV_APP0080_FIRST_INTERVIEW,RELEASED,0.16666668,2026-12-31T10:55:00+09:00,,,COMPLETED_UNUSED
ASG_000471,APP0082_FIRST_INTERVIEW,RSV_APP0082_FIRST_INTERVIEW,RESERVED,4,2026-12-08T14:04:00+09:00,,,SCHEDULED_ALLOCATION
ASG_000472,APP0082_FIRST_INTERVIEW,RSV_APP0082_FIRST_INTERVIEW,CONSUMED,0.5,2026-12-31T09:30:00+09:00,APP0082_FIRST_INTERVIEW_TECHNICAL_ASSESSMENT,FIRST_PANEL_03_ML_ENGINEER,ACTUAL_PARTICIPATION
ASG_000473,APP0082_FIRST_INTERVIEW,RSV_APP0082_FIRST_INTERVIEW,CONSUMED,0.5,2026-12-31T09:30:00+09:00,APP0082_FIRST_INTERVIEW_TECHNICAL_ASSESSMENT,FIRST_PANEL_03_HIRING_MANAGER,ACTUAL_PARTICIPATION
ASG_000474,APP0082_FIRST_INTERVIEW,RSV_APP0082_FIRST_INTERVIEW,CONSUMED,0.41666667,2026-12-31T09:55:00+09:00,APP0082_FIRST_INTERVIEW_AI_CASE,FIRST_PANEL_03_ML_ENGINEER,ACTUAL_PARTICIPATION
ASG_000475,APP0082_FIRST_INTERVIEW,RSV_APP0082_FIRST_INTERVIEW,CONSUMED,0.41666667,2026-12-31T09:55:00+09:00,APP0082_FIRST_INTERVIEW_AI_CASE,FIRST_PANEL_03_HIRING_MANAGER,ACTUAL_PARTICIPATION
ASG_000476,APP0082_FIRST_INTERVIEW,RSV_APP0082_FIRST_INTERVIEW,CONSUMED,0.33333333,2026-12-31T10:15:00+09:00,APP0082_FIRST_INTERVIEW_PRACTITIONER_QA,FIRST_PANEL_03_ML_ENGINEER,ACTUAL_PARTICIPATION
ASG_000477,APP0082_FIRST_INTERVIEW,RSV_APP0082_FIRST_INTERVIEW,CONSUMED,0.33333333,2026-12-31T10:15:00+09:00,APP0082_FIRST_INTERVIEW_PRACTITIONER_QA,FIRST_PANEL_03_HIRING_MANAGER,ACTUAL_PARTICIPATION
ASG_000478,APP0082_FIRST_INTERVIEW,RSV_APP0082_FIRST_INTERVIEW,CONSUMED,0.25,2026-12-31T10:30:00+09:00,APP0082_FIRST_INTERVIEW_CALIBRATION,FIRST_PANEL_03_ML_ENGINEER,ACTUAL_PARTICIPATION
ASG_000479,APP0082_FIRST_INTERVIEW,RSV_APP0082_FIRST_INTERVIEW,CONSUMED,0.25,2026-12-31T10:30:00+09:00,APP0082_FIRST_INTERVIEW_CALIBRATION,FIRST_PANEL_03_HIRING_MANAGER,ACTUAL_PARTICIPATION
ASG_000480,APP0082_FIRST_INTERVIEW,RSV_APP0082_FIRST_INTERVIEW,RELEASED,1.0,2026-12-31T10:30:00+09:00,,,COMPLETED_UNUSED
ASG_000481,APP0083_FIRST_INTERVIEW,RSV_APP0083_FIRST_INTERVIEW,RESERVED,4,2026-12-08T14:04:00+09:00,,,SCHEDULED_ALLOCATION
ASG_000482,APP0083_FIRST_INTERVIEW,RSV_APP0083_FIRST_INTERVIEW,CONSUMED,0.5,2026-12-31T09:30:00+09:00,APP0083_FIRST_INTERVIEW_TECHNICAL_ASSESSMENT,FIRST_PANEL_04_ML_ENGINEER,ACTUAL_PARTICIPATION
ASG_000483,APP0083_FIRST_INTERVIEW,RSV_APP0083_FIRST_INTERVIEW,CONSUMED,0.5,2026-12-31T09:30:00+09:00,APP0083_FIRST_INTERVIEW_TECHNICAL_ASSESSMENT,FIRST_PANEL_04_HIRING_MANAGER,ACTUAL_PARTICIPATION
ASG_000484,APP0083_FIRST_INTERVIEW,RSV_APP0083_FIRST_INTERVIEW,CONSUMED,0.5,2026-12-31T10:00:00+09:00,APP0083_FIRST_INTERVIEW_AI_CASE,FIRST_PANEL_04_ML_ENGINEER,ACTUAL_PARTICIPATION
ASG_000485,APP0083_FIRST_INTERVIEW,RSV_APP0083_FIRST_INTERVIEW,CONSUMED,0.5,2026-12-31T10:00:00+09:00,APP0083_FIRST_INTERVIEW_AI_CASE,FIRST_PANEL_04_HIRING_MANAGER,ACTUAL_PARTICIPATION
ASG_000486,APP0083_FIRST_INTERVIEW,RSV_APP0083_FIRST_INTERVIEW,CONSUMED,0.41666667,2026-12-31T10:25:00+09:00,APP0083_FIRST_INTERVIEW_PRACTITIONER_QA,FIRST_PANEL_04_ML_ENGINEER,ACTUAL_PARTICIPATION
ASG_000487,APP0083_FIRST_INTERVIEW,RSV_APP0083_FIRST_INTERVIEW,CONSUMED,0.41666667,2026-12-31T10:25:00+09:00,APP0083_FIRST_INTERVIEW_PRACTITIONER_QA,FIRST_PANEL_04_HIRING_MANAGER,ACTUAL_PARTICIPATION
ASG_000488,APP0083_FIRST_INTERVIEW,RSV_APP0083_FIRST_INTERVIEW,CONSUMED,0.33333333,2026-12-31T10:45:00+09:00,APP0083_FIRST_INTERVIEW_CALIBRATION,FIRST_PANEL_04_ML_ENGINEER,ACTUAL_PARTICIPATION
ASG_000489,APP0083_FIRST_INTERVIEW,RSV_APP0083_FIRST_INTERVIEW,CONSUMED,0.33333333,2026-12-31T10:45:00+09:00,APP0083_FIRST_INTERVIEW_CALIBRATION,FIRST_PANEL_04_HIRING_MANAGER,ACTUAL_PARTICIPATION
ASG_000490,APP0083_FIRST_INTERVIEW,RSV_APP0083_FIRST_INTERVIEW,RELEASED,0.5,2026-12-31T10:45:00+09:00,,,COMPLETED_UNUSED
ASG_000491,APP0085_FIRST_INTERVIEW,RSV_APP0085_FIRST_INTERVIEW,RESERVED,4,2026-12-08T14:04:00+09:00,,,SCHEDULED_ALLOCATION
ASG_000492,APP0085_FIRST_INTERVIEW,RSV_APP0085_FIRST_INTERVIEW,CONSUMED,0.58333333,2026-12-31T09:35:00+09:00,APP0085_FIRST_INTERVIEW_TECHNICAL_ASSESSMENT,FIRST_PANEL_05_ML_ENGINEER,ACTUAL_PARTICIPATION
ASG_000493,APP0085_FIRST_INTERVIEW,RSV_APP0085_FIRST_INTERVIEW,CONSUMED,0.58333333,2026-12-31T09:35:00+09:00,APP0085_FIRST_INTERVIEW_TECHNICAL_ASSESSMENT,FIRST_PANEL_05_HIRING_MANAGER,ACTUAL_PARTICIPATION
ASG_000494,APP0085_FIRST_INTERVIEW,RSV_APP0085_FIRST_INTERVIEW,CONSUMED,0.5,2026-12-31T10:05:00+09:00,APP0085_FIRST_INTERVIEW_AI_CASE,FIRST_PANEL_05_ML_ENGINEER,ACTUAL_PARTICIPATION
ASG_000495,APP0085_FIRST_INTERVIEW,RSV_APP0085_FIRST_INTERVIEW,CONSUMED,0.5,2026-12-31T10:05:00+09:00,APP0085_FIRST_INTERVIEW_AI_CASE,FIRST_PANEL_05_HIRING_MANAGER,ACTUAL_PARTICIPATION
ASG_000496,APP0085_FIRST_INTERVIEW,RSV_APP0085_FIRST_INTERVIEW,CONSUMED,0.41666667,2026-12-31T10:30:00+09:00,APP0085_FIRST_INTERVIEW_PRACTITIONER_QA,FIRST_PANEL_05_ML_ENGINEER,ACTUAL_PARTICIPATION
ASG_000497,APP0085_FIRST_INTERVIEW,RSV_APP0085_FIRST_INTERVIEW,CONSUMED,0.41666667,2026-12-31T10:30:00+09:00,APP0085_FIRST_INTERVIEW_PRACTITIONER_QA,FIRST_PANEL_05_HIRING_MANAGER,ACTUAL_PARTICIPATION
ASG_000498,APP0085_FIRST_INTERVIEW,RSV_APP0085_FIRST_INTERVIEW,CONSUMED,0.33333333,2026-12-31T10:50:00+09:00,APP0085_FIRST_INTERVIEW_CALIBRATION,FIRST_PANEL_05_ML_ENGINEER,ACTUAL_PARTICIPATION
ASG_000499,APP0085_FIRST_INTERVIEW,RSV_APP0085_FIRST_INTERVIEW,CONSUMED,0.33333333,2026-12-31T10:50:00+09:00,APP0085_FIRST_INTERVIEW_CALIBRATION,FIRST_PANEL_05_HIRING_MANAGER,ACTUAL_PARTICIPATION
ASG_000500,APP0085_FIRST_INTERVIEW,RSV_APP0085_FIRST_INTERVIEW,RELEASED,0.33333334,2026-12-31T10:50:00+09:00,,,COMPLETED_UNUSED
ASG_000501,APP0089_FIRST_INTERVIEW,RSV_APP0089_FIRST_INTERVIEW,RESERVED,4,2026-12-08T14:04:00+09:00,,,SCHEDULED_ALLOCATION
ASG_000502,APP0089_FIRST_INTERVIEW,RSV_APP0089_FIRST_INTERVIEW,CONSUMED,0.5,2026-12-31T09:30:00+09:00,APP0089_FIRST_INTERVIEW_TECHNICAL_ASSESSMENT,FIRST_PANEL_06_ML_ENGINEER,ACTUAL_PARTICIPATION
ASG_000503,APP0089_FIRST_INTERVIEW,RSV_APP0089_FIRST_INTERVIEW,CONSUMED,0.5,2026-12-31T09:30:00+09:00,APP0089_FIRST_INTERVIEW_TECHNICAL_ASSESSMENT,FIRST_PANEL_06_HIRING_MANAGER,ACTUAL_PARTICIPATION
ASG_000504,APP0089_FIRST_INTERVIEW,RSV_APP0089_FIRST_INTERVIEW,CONSUMED,0.5,2026-12-31T10:00:00+09:00,APP0089_FIRST_INTERVIEW_AI_CASE,FIRST_PANEL_06_ML_ENGINEER,ACTUAL_PARTICIPATION
ASG_000505,APP0089_FIRST_INTERVIEW,RSV_APP0089_FIRST_INTERVIEW,CONSUMED,0.5,2026-12-31T10:00:00+09:00,APP0089_FIRST_INTERVIEW_AI_CASE,FIRST_PANEL_06_HIRING_MANAGER,ACTUAL_PARTICIPATION
ASG_000506,APP0089_FIRST_INTERVIEW,RSV_APP0089_FIRST_INTERVIEW,CONSUMED,0.41666667,2026-12-31T10:25:00+09:00,APP0089_FIRST_INTERVIEW_PRACTITIONER_QA,FIRST_PANEL_06_ML_ENGINEER,ACTUAL_PARTICIPATION
ASG_000507,APP0089_FIRST_INTERVIEW,RSV_APP0089_FIRST_INTERVIEW,CONSUMED,0.41666667,2026-12-31T10:25:00+09:00,APP0089_FIRST_INTERVIEW_PRACTITIONER_QA,FIRST_PANEL_06_HIRING_MANAGER,ACTUAL_PARTICIPATION
ASG_000508,APP0089_FIRST_INTERVIEW,RSV_APP0089_FIRST_INTERVIEW,CONSUMED,0.25,2026-12-31T10:40:00+09:00,APP0089_FIRST_INTERVIEW_CALIBRATION,FIRST_PANEL_06_ML_ENGINEER,ACTUAL_PARTICIPATION
ASG_000509,APP0089_FIRST_INTERVIEW,RSV_APP0089_FIRST_INTERVIEW,CONSUMED,0.25,2026-12-31T10:40:00+09:00,APP0089_FIRST_INTERVIEW_CALIBRATION,FIRST_PANEL_06_HIRING_MANAGER,ACTUAL_PARTICIPATION
ASG_000510,APP0089_FIRST_INTERVIEW,RSV_APP0089_FIRST_INTERVIEW,RELEASED,0.66666666,2026-12-31T10:40:00+09:00,,,COMPLETED_UNUSED
ASG_000511,APP0090_FIRST_INTERVIEW,RSV_APP0090_FIRST_INTERVIEW,RESERVED,4,2026-12-08T14:04:00+09:00,,,SCHEDULED_ALLOCATION
ASG_000512,APP0090_FIRST_INTERVIEW,RSV_APP0090_FIRST_INTERVIEW,CONSUMED,0.58333333,2026-12-31T09:35:00+09:00,APP0090_FIRST_INTERVIEW_TECHNICAL_ASSESSMENT,FIRST_PANEL_07_ML_ENGINEER,ACTUAL_PARTICIPATION
ASG_000513,APP0090_FIRST_INTERVIEW,RSV_APP0090_FIRST_INTERVIEW,CONSUMED,0.58333333,2026-12-31T09:35:00+09:00,APP0090_FIRST_INTERVIEW_TECHNICAL_ASSESSMENT,FIRST_PANEL_07_HIRING_MANAGER,ACTUAL_PARTICIPATION
ASG_000514,APP0090_FIRST_INTERVIEW,RSV_APP0090_FIRST_INTERVIEW,CONSUMED,0.58333333,2026-12-31T10:10:00+09:00,APP0090_FIRST_INTERVIEW_AI_CASE,FIRST_PANEL_07_ML_ENGINEER,ACTUAL_PARTICIPATION
ASG_000515,APP0090_FIRST_INTERVIEW,RSV_APP0090_FIRST_INTERVIEW,CONSUMED,0.58333333,2026-12-31T10:10:00+09:00,APP0090_FIRST_INTERVIEW_AI_CASE,FIRST_PANEL_07_HIRING_MANAGER,ACTUAL_PARTICIPATION
ASG_000516,APP0090_FIRST_INTERVIEW,RSV_APP0090_FIRST_INTERVIEW,CONSUMED,0.33333333,2026-12-31T10:30:00+09:00,APP0090_FIRST_INTERVIEW_PRACTITIONER_QA,FIRST_PANEL_07_ML_ENGINEER,ACTUAL_PARTICIPATION
ASG_000517,APP0090_FIRST_INTERVIEW,RSV_APP0090_FIRST_INTERVIEW,CONSUMED,0.33333333,2026-12-31T10:30:00+09:00,APP0090_FIRST_INTERVIEW_PRACTITIONER_QA,FIRST_PANEL_07_HIRING_MANAGER,ACTUAL_PARTICIPATION
ASG_000518,APP0090_FIRST_INTERVIEW,RSV_APP0090_FIRST_INTERVIEW,CONSUMED,0.41666667,2026-12-31T10:55:00+09:00,APP0090_FIRST_INTERVIEW_CALIBRATION,FIRST_PANEL_07_ML_ENGINEER,ACTUAL_PARTICIPATION
ASG_000519,APP0090_FIRST_INTERVIEW,RSV_APP0090_FIRST_INTERVIEW,CONSUMED,0.41666667,2026-12-31T10:55:00+09:00,APP0090_FIRST_INTERVIEW_CALIBRATION,FIRST_PANEL_07_HIRING_MANAGER,ACTUAL_PARTICIPATION
ASG_000520,APP0090_FIRST_INTERVIEW,RSV_APP0090_FIRST_INTERVIEW,RELEASED,0.16666668,2026-12-31T10:55:00+09:00,,,COMPLETED_UNUSED
ASG_000521,APP0093_FIRST_INTERVIEW,RSV_APP0093_FIRST_INTERVIEW,RESERVED,4,2026-12-08T14:04:00+09:00,,,SCHEDULED_ALLOCATION
ASG_000522,APP0093_FIRST_INTERVIEW,RSV_APP0093_FIRST_INTERVIEW,RELEASED,4.0,2027-01-01T09:00:00+09:00,,,NO_RESPONSE_UNUSED
ASG_000523,APP0095_FIRST_INTERVIEW,RSV_APP0095_FIRST_INTERVIEW,RESERVED,4,2026-12-08T14:04:00+09:00,,,SCHEDULED_ALLOCATION
ASG_000524,APP0095_FIRST_INTERVIEW,RSV_APP0095_FIRST_INTERVIEW,CONSUMED,0.5,2026-12-31T09:30:00+09:00,APP0095_FIRST_INTERVIEW_TECHNICAL_ASSESSMENT,FIRST_PANEL_09_ML_ENGINEER,ACTUAL_PARTICIPATION
ASG_000525,APP0095_FIRST_INTERVIEW,RSV_APP0095_FIRST_INTERVIEW,CONSUMED,0.5,2026-12-31T09:30:00+09:00,APP0095_FIRST_INTERVIEW_TECHNICAL_ASSESSMENT,FIRST_PANEL_09_HIRING_MANAGER,ACTUAL_PARTICIPATION
ASG_000526,APP0095_FIRST_INTERVIEW,RSV_APP0095_FIRST_INTERVIEW,CONSUMED,0.41666667,2026-12-31T09:55:00+09:00,APP0095_FIRST_INTERVIEW_AI_CASE,FIRST_PANEL_09_ML_ENGINEER,ACTUAL_PARTICIPATION
ASG_000527,APP0095_FIRST_INTERVIEW,RSV_APP0095_FIRST_INTERVIEW,CONSUMED,0.41666667,2026-12-31T09:55:00+09:00,APP0095_FIRST_INTERVIEW_AI_CASE,FIRST_PANEL_09_HIRING_MANAGER,ACTUAL_PARTICIPATION
ASG_000528,APP0095_FIRST_INTERVIEW,RSV_APP0095_FIRST_INTERVIEW,CONSUMED,0.41666667,2026-12-31T10:20:00+09:00,APP0095_FIRST_INTERVIEW_PRACTITIONER_QA,FIRST_PANEL_09_ML_ENGINEER,ACTUAL_PARTICIPATION
ASG_000529,APP0095_FIRST_INTERVIEW,RSV_APP0095_FIRST_INTERVIEW,CONSUMED,0.41666667,2026-12-31T10:20:00+09:00,APP0095_FIRST_INTERVIEW_PRACTITIONER_QA,FIRST_PANEL_09_HIRING_MANAGER,ACTUAL_PARTICIPATION
ASG_000530,APP0095_FIRST_INTERVIEW,RSV_APP0095_FIRST_INTERVIEW,CONSUMED,0.41666667,2026-12-31T10:45:00+09:00,APP0095_FIRST_INTERVIEW_CALIBRATION,FIRST_PANEL_09_ML_ENGINEER,ACTUAL_PARTICIPATION
ASG_000531,APP0095_FIRST_INTERVIEW,RSV_APP0095_FIRST_INTERVIEW,CONSUMED,0.41666667,2026-12-31T10:45:00+09:00,APP0095_FIRST_INTERVIEW_CALIBRATION,FIRST_PANEL_09_HIRING_MANAGER,ACTUAL_PARTICIPATION
ASG_000532,APP0095_FIRST_INTERVIEW,RSV_APP0095_FIRST_INTERVIEW,RELEASED,0.49999998,2026-12-31T10:45:00+09:00,,,COMPLETED_UNUSED
ASG_000533,APP0096_FIRST_INTERVIEW,RSV_APP0096_FIRST_INTERVIEW,RESERVED,4,2026-12-08T14:04:00+09:00,,,SCHEDULED_ALLOCATION
ASG_000534,APP0096_FIRST_INTERVIEW,RSV_APP0096_FIRST_INTERVIEW,CONSUMED,0.41666667,2026-12-31T09:25:00+09:00,APP0096_FIRST_INTERVIEW_TECHNICAL_ASSESSMENT,FIRST_PANEL_10_ML_ENGINEER,ACTUAL_PARTICIPATION
ASG_000535,APP0096_FIRST_INTERVIEW,RSV_APP0096_FIRST_INTERVIEW,CONSUMED,0.41666667,2026-12-31T09:25:00+09:00,APP0096_FIRST_INTERVIEW_TECHNICAL_ASSESSMENT,FIRST_PANEL_10_HIRING_MANAGER,ACTUAL_PARTICIPATION
ASG_000536,APP0096_FIRST_INTERVIEW,RSV_APP0096_FIRST_INTERVIEW,CONSUMED,0.5,2026-12-31T09:55:00+09:00,APP0096_FIRST_INTERVIEW_AI_CASE,FIRST_PANEL_10_ML_ENGINEER,ACTUAL_PARTICIPATION
ASG_000537,APP0096_FIRST_INTERVIEW,RSV_APP0096_FIRST_INTERVIEW,CONSUMED,0.5,2026-12-31T09:55:00+09:00,APP0096_FIRST_INTERVIEW_AI_CASE,FIRST_PANEL_10_HIRING_MANAGER,ACTUAL_PARTICIPATION
ASG_000538,APP0096_FIRST_INTERVIEW,RSV_APP0096_FIRST_INTERVIEW,CONSUMED,0.33333333,2026-12-31T10:15:00+09:00,APP0096_FIRST_INTERVIEW_PRACTITIONER_QA,FIRST_PANEL_10_ML_ENGINEER,ACTUAL_PARTICIPATION
ASG_000539,APP0096_FIRST_INTERVIEW,RSV_APP0096_FIRST_INTERVIEW,CONSUMED,0.33333333,2026-12-31T10:15:00+09:00,APP0096_FIRST_INTERVIEW_PRACTITIONER_QA,FIRST_PANEL_10_HIRING_MANAGER,ACTUAL_PARTICIPATION
ASG_000540,APP0096_FIRST_INTERVIEW,RSV_APP0096_FIRST_INTERVIEW,CONSUMED,0.33333333,2026-12-31T10:35:00+09:00,APP0096_FIRST_INTERVIEW_CALIBRATION,FIRST_PANEL_10_ML_ENGINEER,ACTUAL_PARTICIPATION
ASG_000541,APP0096_FIRST_INTERVIEW,RSV_APP0096_FIRST_INTERVIEW,CONSUMED,0.33333333,2026-12-31T10:35:00+09:00,APP0096_FIRST_INTERVIEW_CALIBRATION,FIRST_PANEL_10_HIRING_MANAGER,ACTUAL_PARTICIPATION
ASG_000542,APP0096_FIRST_INTERVIEW,RSV_APP0096_FIRST_INTERVIEW,RELEASED,0.83333334,2026-12-31T10:35:00+09:00,,,COMPLETED_UNUSED
ASG_000543,APP0097_FIRST_INTERVIEW,RSV_APP0097_FIRST_INTERVIEW,RESERVED,4,2026-12-08T14:04:00+09:00,,,SCHEDULED_ALLOCATION
ASG_000544,APP0097_FIRST_INTERVIEW,RSV_APP0097_FIRST_INTERVIEW,CONSUMED,0.58333333,2027-01-04T09:35:00+09:00,APP0097_FIRST_INTERVIEW_TECHNICAL_ASSESSMENT,FIRST_PANEL_01_ML_ENGINEER,ACTUAL_PARTICIPATION
ASG_000545,APP0097_FIRST_INTERVIEW,RSV_APP0097_FIRST_INTERVIEW,CONSUMED,0.58333333,2027-01-04T09:35:00+09:00,APP0097_FIRST_INTERVIEW_TECHNICAL_ASSESSMENT,FIRST_PANEL_01_HIRING_MANAGER,ACTUAL_PARTICIPATION
ASG_000546,APP0097_FIRST_INTERVIEW,RSV_APP0097_FIRST_INTERVIEW,CONSUMED,0.5,2027-01-04T10:05:00+09:00,APP0097_FIRST_INTERVIEW_AI_CASE,FIRST_PANEL_01_ML_ENGINEER,ACTUAL_PARTICIPATION
ASG_000547,APP0097_FIRST_INTERVIEW,RSV_APP0097_FIRST_INTERVIEW,CONSUMED,0.5,2027-01-04T10:05:00+09:00,APP0097_FIRST_INTERVIEW_AI_CASE,FIRST_PANEL_01_HIRING_MANAGER,ACTUAL_PARTICIPATION
ASG_000548,APP0097_FIRST_INTERVIEW,RSV_APP0097_FIRST_INTERVIEW,CONSUMED,0.41666667,2027-01-04T10:30:00+09:00,APP0097_FIRST_INTERVIEW_PRACTITIONER_QA,FIRST_PANEL_01_ML_ENGINEER,ACTUAL_PARTICIPATION
ASG_000549,APP0097_FIRST_INTERVIEW,RSV_APP0097_FIRST_INTERVIEW,CONSUMED,0.41666667,2027-01-04T10:30:00+09:00,APP0097_FIRST_INTERVIEW_PRACTITIONER_QA,FIRST_PANEL_01_HIRING_MANAGER,ACTUAL_PARTICIPATION
ASG_000550,APP0097_FIRST_INTERVIEW,RSV_APP0097_FIRST_INTERVIEW,CONSUMED,0.41666667,2027-01-04T10:55:00+09:00,APP0097_FIRST_INTERVIEW_CALIBRATION,FIRST_PANEL_01_ML_ENGINEER,ACTUAL_PARTICIPATION
ASG_000551,APP0097_FIRST_INTERVIEW,RSV_APP0097_FIRST_INTERVIEW,CONSUMED,0.41666667,2027-01-04T10:55:00+09:00,APP0097_FIRST_INTERVIEW_CALIBRATION,FIRST_PANEL_01_HIRING_MANAGER,ACTUAL_PARTICIPATION
ASG_000552,APP0097_FIRST_INTERVIEW,RSV_APP0097_FIRST_INTERVIEW,RELEASED,0.16666666,2027-01-04T10:55:00+09:00,,,COMPLETED_UNUSED
ASG_000553,APP0101_FIRST_INTERVIEW,RSV_APP0101_FIRST_INTERVIEW,RESERVED,4,2026-12-08T14:04:00+09:00,,,SCHEDULED_ALLOCATION
ASG_000554,APP0101_FIRST_INTERVIEW,RSV_APP0101_FIRST_INTERVIEW,CONSUMED,0.58333333,2027-01-04T09:35:00+09:00,APP0101_FIRST_INTERVIEW_TECHNICAL_ASSESSMENT,FIRST_PANEL_02_ML_ENGINEER,ACTUAL_PARTICIPATION
ASG_000555,APP0101_FIRST_INTERVIEW,RSV_APP0101_FIRST_INTERVIEW,CONSUMED,0.58333333,2027-01-04T09:35:00+09:00,APP0101_FIRST_INTERVIEW_TECHNICAL_ASSESSMENT,FIRST_PANEL_02_HIRING_MANAGER,ACTUAL_PARTICIPATION
ASG_000556,APP0101_FIRST_INTERVIEW,RSV_APP0101_FIRST_INTERVIEW,CONSUMED,0.58333333,2027-01-04T10:10:00+09:00,APP0101_FIRST_INTERVIEW_AI_CASE,FIRST_PANEL_02_ML_ENGINEER,ACTUAL_PARTICIPATION
ASG_000557,APP0101_FIRST_INTERVIEW,RSV_APP0101_FIRST_INTERVIEW,CONSUMED,0.58333333,2027-01-04T10:10:00+09:00,APP0101_FIRST_INTERVIEW_AI_CASE,FIRST_PANEL_02_HIRING_MANAGER,ACTUAL_PARTICIPATION
ASG_000558,APP0101_FIRST_INTERVIEW,RSV_APP0101_FIRST_INTERVIEW,CONSUMED,0.33333333,2027-01-04T10:30:00+09:00,APP0101_FIRST_INTERVIEW_PRACTITIONER_QA,FIRST_PANEL_02_ML_ENGINEER,ACTUAL_PARTICIPATION
ASG_000559,APP0101_FIRST_INTERVIEW,RSV_APP0101_FIRST_INTERVIEW,CONSUMED,0.33333333,2027-01-04T10:30:00+09:00,APP0101_FIRST_INTERVIEW_PRACTITIONER_QA,FIRST_PANEL_02_HIRING_MANAGER,ACTUAL_PARTICIPATION
ASG_000560,APP0101_FIRST_INTERVIEW,RSV_APP0101_FIRST_INTERVIEW,CONSUMED,0.41666667,2027-01-04T10:55:00+09:00,APP0101_FIRST_INTERVIEW_CALIBRATION,FIRST_PANEL_02_ML_ENGINEER,ACTUAL_PARTICIPATION
ASG_000561,APP0101_FIRST_INTERVIEW,RSV_APP0101_FIRST_INTERVIEW,CONSUMED,0.41666667,2027-01-04T10:55:00+09:00,APP0101_FIRST_INTERVIEW_CALIBRATION,FIRST_PANEL_02_HIRING_MANAGER,ACTUAL_PARTICIPATION
ASG_000562,APP0101_FIRST_INTERVIEW,RSV_APP0101_FIRST_INTERVIEW,RELEASED,0.16666668,2027-01-04T10:55:00+09:00,,,COMPLETED_UNUSED
ASG_000563,APP0102_FIRST_INTERVIEW,RSV_APP0102_FIRST_INTERVIEW,RESERVED,4,2026-12-08T14:04:00+09:00,,,SCHEDULED_ALLOCATION
ASG_000564,APP0102_FIRST_INTERVIEW,RSV_APP0102_FIRST_INTERVIEW,CONSUMED,0.41666667,2027-01-04T09:25:00+09:00,APP0102_FIRST_INTERVIEW_TECHNICAL_ASSESSMENT,FIRST_PANEL_03_ML_ENGINEER,ACTUAL_PARTICIPATION
ASG_000565,APP0102_FIRST_INTERVIEW,RSV_APP0102_FIRST_INTERVIEW,CONSUMED,0.41666667,2027-01-04T09:25:00+09:00,APP0102_FIRST_INTERVIEW_TECHNICAL_ASSESSMENT,FIRST_PANEL_03_HIRING_MANAGER,ACTUAL_PARTICIPATION
ASG_000566,APP0102_FIRST_INTERVIEW,RSV_APP0102_FIRST_INTERVIEW,CONSUMED,0.41666667,2027-01-04T09:50:00+09:00,APP0102_FIRST_INTERVIEW_AI_CASE,FIRST_PANEL_03_ML_ENGINEER,ACTUAL_PARTICIPATION
ASG_000567,APP0102_FIRST_INTERVIEW,RSV_APP0102_FIRST_INTERVIEW,CONSUMED,0.41666667,2027-01-04T09:50:00+09:00,APP0102_FIRST_INTERVIEW_AI_CASE,FIRST_PANEL_03_HIRING_MANAGER,ACTUAL_PARTICIPATION
ASG_000568,APP0102_FIRST_INTERVIEW,RSV_APP0102_FIRST_INTERVIEW,CONSUMED,0.41666667,2027-01-04T10:15:00+09:00,APP0102_FIRST_INTERVIEW_PRACTITIONER_QA,FIRST_PANEL_03_ML_ENGINEER,ACTUAL_PARTICIPATION
ASG_000569,APP0102_FIRST_INTERVIEW,RSV_APP0102_FIRST_INTERVIEW,CONSUMED,0.41666667,2027-01-04T10:15:00+09:00,APP0102_FIRST_INTERVIEW_PRACTITIONER_QA,FIRST_PANEL_03_HIRING_MANAGER,ACTUAL_PARTICIPATION
ASG_000570,APP0102_FIRST_INTERVIEW,RSV_APP0102_FIRST_INTERVIEW,CONSUMED,0.25,2027-01-04T10:30:00+09:00,APP0102_FIRST_INTERVIEW_CALIBRATION,FIRST_PANEL_03_ML_ENGINEER,ACTUAL_PARTICIPATION
ASG_000571,APP0102_FIRST_INTERVIEW,RSV_APP0102_FIRST_INTERVIEW,CONSUMED,0.25,2027-01-04T10:30:00+09:00,APP0102_FIRST_INTERVIEW_CALIBRATION,FIRST_PANEL_03_HIRING_MANAGER,ACTUAL_PARTICIPATION
ASG_000572,APP0102_FIRST_INTERVIEW,RSV_APP0102_FIRST_INTERVIEW,RELEASED,0.99999998,2027-01-04T10:30:00+09:00,,,COMPLETED_UNUSED
ASG_000573,APP0103_FIRST_INTERVIEW,RSV_APP0103_FIRST_INTERVIEW,RESERVED,4,2026-12-08T14:04:00+09:00,,,SCHEDULED_ALLOCATION
ASG_000574,APP0103_FIRST_INTERVIEW,RSV_APP0103_FIRST_INTERVIEW,CONSUMED,0.41666667,2027-01-04T09:25:00+09:00,APP0103_FIRST_INTERVIEW_TECHNICAL_ASSESSMENT,FIRST_PANEL_04_ML_ENGINEER,ACTUAL_PARTICIPATION
ASG_000575,APP0103_FIRST_INTERVIEW,RSV_APP0103_FIRST_INTERVIEW,CONSUMED,0.41666667,2027-01-04T09:25:00+09:00,APP0103_FIRST_INTERVIEW_TECHNICAL_ASSESSMENT,FIRST_PANEL_04_HIRING_MANAGER,ACTUAL_PARTICIPATION
ASG_000576,APP0103_FIRST_INTERVIEW,RSV_APP0103_FIRST_INTERVIEW,CONSUMED,0.5,2027-01-04T09:55:00+09:00,APP0103_FIRST_INTERVIEW_AI_CASE,FIRST_PANEL_04_ML_ENGINEER,ACTUAL_PARTICIPATION
ASG_000577,APP0103_FIRST_INTERVIEW,RSV_APP0103_FIRST_INTERVIEW,CONSUMED,0.5,2027-01-04T09:55:00+09:00,APP0103_FIRST_INTERVIEW_AI_CASE,FIRST_PANEL_04_HIRING_MANAGER,ACTUAL_PARTICIPATION
ASG_000578,APP0103_FIRST_INTERVIEW,RSV_APP0103_FIRST_INTERVIEW,CONSUMED,0.33333333,2027-01-04T10:15:00+09:00,APP0103_FIRST_INTERVIEW_PRACTITIONER_QA,FIRST_PANEL_04_ML_ENGINEER,ACTUAL_PARTICIPATION
ASG_000579,APP0103_FIRST_INTERVIEW,RSV_APP0103_FIRST_INTERVIEW,CONSUMED,0.33333333,2027-01-04T10:15:00+09:00,APP0103_FIRST_INTERVIEW_PRACTITIONER_QA,FIRST_PANEL_04_HIRING_MANAGER,ACTUAL_PARTICIPATION
ASG_000580,APP0103_FIRST_INTERVIEW,RSV_APP0103_FIRST_INTERVIEW,CONSUMED,0.25,2027-01-04T10:30:00+09:00,APP0103_FIRST_INTERVIEW_CALIBRATION,FIRST_PANEL_04_ML_ENGINEER,ACTUAL_PARTICIPATION
ASG_000581,APP0103_FIRST_INTERVIEW,RSV_APP0103_FIRST_INTERVIEW,CONSUMED,0.25,2027-01-04T10:30:00+09:00,APP0103_FIRST_INTERVIEW_CALIBRATION,FIRST_PANEL_04_HIRING_MANAGER,ACTUAL_PARTICIPATION
ASG_000582,APP0103_FIRST_INTERVIEW,RSV_APP0103_FIRST_INTERVIEW,RELEASED,1.0,2027-01-04T10:30:00+09:00,,,COMPLETED_UNUSED
ASG_000583,APP0104_FIRST_INTERVIEW,RSV_APP0104_FIRST_INTERVIEW,RESERVED,4,2026-12-08T14:04:00+09:00,,,SCHEDULED_ALLOCATION
ASG_000584,APP0104_FIRST_INTERVIEW,RSV_APP0104_FIRST_INTERVIEW,CONSUMED,0.58333333,2027-01-04T09:35:00+09:00,APP0104_FIRST_INTERVIEW_TECHNICAL_ASSESSMENT,FIRST_PANEL_05_ML_ENGINEER,ACTUAL_PARTICIPATION
ASG_000585,APP0104_FIRST_INTERVIEW,RSV_APP0104_FIRST_INTERVIEW,CONSUMED,0.58333333,2027-01-04T09:35:00+09:00,APP0104_FIRST_INTERVIEW_TECHNICAL_ASSESSMENT,FIRST_PANEL_05_HIRING_MANAGER,ACTUAL_PARTICIPATION
ASG_000586,APP0104_FIRST_INTERVIEW,RSV_APP0104_FIRST_INTERVIEW,CONSUMED,0.5,2027-01-04T10:05:00+09:00,APP0104_FIRST_INTERVIEW_AI_CASE,FIRST_PANEL_05_ML_ENGINEER,ACTUAL_PARTICIPATION
ASG_000587,APP0104_FIRST_INTERVIEW,RSV_APP0104_FIRST_INTERVIEW,CONSUMED,0.5,2027-01-04T10:05:00+09:00,APP0104_FIRST_INTERVIEW_AI_CASE,FIRST_PANEL_05_HIRING_MANAGER,ACTUAL_PARTICIPATION
ASG_000588,APP0104_FIRST_INTERVIEW,RSV_APP0104_FIRST_INTERVIEW,CONSUMED,0.41666667,2027-01-04T10:30:00+09:00,APP0104_FIRST_INTERVIEW_PRACTITIONER_QA,FIRST_PANEL_05_ML_ENGINEER,ACTUAL_PARTICIPATION
ASG_000589,APP0104_FIRST_INTERVIEW,RSV_APP0104_FIRST_INTERVIEW,CONSUMED,0.41666667,2027-01-04T10:30:00+09:00,APP0104_FIRST_INTERVIEW_PRACTITIONER_QA,FIRST_PANEL_05_HIRING_MANAGER,ACTUAL_PARTICIPATION
ASG_000590,APP0104_FIRST_INTERVIEW,RSV_APP0104_FIRST_INTERVIEW,CONSUMED,0.33333333,2027-01-04T10:50:00+09:00,APP0104_FIRST_INTERVIEW_CALIBRATION,FIRST_PANEL_05_ML_ENGINEER,ACTUAL_PARTICIPATION
ASG_000591,APP0104_FIRST_INTERVIEW,RSV_APP0104_FIRST_INTERVIEW,CONSUMED,0.33333333,2027-01-04T10:50:00+09:00,APP0104_FIRST_INTERVIEW_CALIBRATION,FIRST_PANEL_05_HIRING_MANAGER,ACTUAL_PARTICIPATION
ASG_000592,APP0104_FIRST_INTERVIEW,RSV_APP0104_FIRST_INTERVIEW,RELEASED,0.33333334,2027-01-04T10:50:00+09:00,,,COMPLETED_UNUSED
ASG_000593,APP0105_FIRST_INTERVIEW,RSV_APP0105_FIRST_INTERVIEW,RESERVED,4,2026-12-08T14:04:00+09:00,,,SCHEDULED_ALLOCATION
ASG_000594,APP0105_FIRST_INTERVIEW,RSV_APP0105_FIRST_INTERVIEW,CONSUMED,0.5,2027-01-04T09:30:00+09:00,APP0105_FIRST_INTERVIEW_TECHNICAL_ASSESSMENT,FIRST_PANEL_06_ML_ENGINEER,ACTUAL_PARTICIPATION
ASG_000595,APP0105_FIRST_INTERVIEW,RSV_APP0105_FIRST_INTERVIEW,CONSUMED,0.5,2027-01-04T09:30:00+09:00,APP0105_FIRST_INTERVIEW_TECHNICAL_ASSESSMENT,FIRST_PANEL_06_HIRING_MANAGER,ACTUAL_PARTICIPATION
ASG_000596,APP0105_FIRST_INTERVIEW,RSV_APP0105_FIRST_INTERVIEW,CONSUMED,0.41666667,2027-01-04T09:55:00+09:00,APP0105_FIRST_INTERVIEW_AI_CASE,FIRST_PANEL_06_ML_ENGINEER,ACTUAL_PARTICIPATION
ASG_000597,APP0105_FIRST_INTERVIEW,RSV_APP0105_FIRST_INTERVIEW,CONSUMED,0.41666667,2027-01-04T09:55:00+09:00,APP0105_FIRST_INTERVIEW_AI_CASE,FIRST_PANEL_06_HIRING_MANAGER,ACTUAL_PARTICIPATION
ASG_000598,APP0105_FIRST_INTERVIEW,RSV_APP0105_FIRST_INTERVIEW,CONSUMED,0.41666667,2027-01-04T10:20:00+09:00,APP0105_FIRST_INTERVIEW_PRACTITIONER_QA,FIRST_PANEL_06_ML_ENGINEER,ACTUAL_PARTICIPATION
ASG_000599,APP0105_FIRST_INTERVIEW,RSV_APP0105_FIRST_INTERVIEW,CONSUMED,0.41666667,2027-01-04T10:20:00+09:00,APP0105_FIRST_INTERVIEW_PRACTITIONER_QA,FIRST_PANEL_06_HIRING_MANAGER,ACTUAL_PARTICIPATION
ASG_000600,APP0105_FIRST_INTERVIEW,RSV_APP0105_FIRST_INTERVIEW,CONSUMED,0.33333333,2027-01-04T10:40:00+09:00,APP0105_FIRST_INTERVIEW_CALIBRATION,FIRST_PANEL_06_ML_ENGINEER,ACTUAL_PARTICIPATION
ASG_000601,APP0105_FIRST_INTERVIEW,RSV_APP0105_FIRST_INTERVIEW,CONSUMED,0.33333333,2027-01-04T10:40:00+09:00,APP0105_FIRST_INTERVIEW_CALIBRATION,FIRST_PANEL_06_HIRING_MANAGER,ACTUAL_PARTICIPATION
ASG_000602,APP0105_FIRST_INTERVIEW,RSV_APP0105_FIRST_INTERVIEW,RELEASED,0.66666666,2027-01-04T10:40:00+09:00,,,COMPLETED_UNUSED
ASG_000603,APP0107_FIRST_INTERVIEW,RSV_APP0107_FIRST_INTERVIEW,RESERVED,4,2026-12-08T14:04:00+09:00,,,SCHEDULED_ALLOCATION
ASG_000604,APP0107_FIRST_INTERVIEW,RSV_APP0107_FIRST_INTERVIEW,CONSUMED,0.41666667,2027-01-04T09:25:00+09:00,APP0107_FIRST_INTERVIEW_TECHNICAL_ASSESSMENT,FIRST_PANEL_07_ML_ENGINEER,ACTUAL_PARTICIPATION
ASG_000605,APP0107_FIRST_INTERVIEW,RSV_APP0107_FIRST_INTERVIEW,CONSUMED,0.41666667,2027-01-04T09:25:00+09:00,APP0107_FIRST_INTERVIEW_TECHNICAL_ASSESSMENT,FIRST_PANEL_07_HIRING_MANAGER,ACTUAL_PARTICIPATION
ASG_000606,APP0107_FIRST_INTERVIEW,RSV_APP0107_FIRST_INTERVIEW,CONSUMED,0.58333333,2027-01-04T10:00:00+09:00,APP0107_FIRST_INTERVIEW_AI_CASE,FIRST_PANEL_07_ML_ENGINEER,ACTUAL_PARTICIPATION
ASG_000607,APP0107_FIRST_INTERVIEW,RSV_APP0107_FIRST_INTERVIEW,CONSUMED,0.58333333,2027-01-04T10:00:00+09:00,APP0107_FIRST_INTERVIEW_AI_CASE,FIRST_PANEL_07_HIRING_MANAGER,ACTUAL_PARTICIPATION
ASG_000608,APP0107_FIRST_INTERVIEW,RSV_APP0107_FIRST_INTERVIEW,CONSUMED,0.41666667,2027-01-04T10:25:00+09:00,APP0107_FIRST_INTERVIEW_PRACTITIONER_QA,FIRST_PANEL_07_ML_ENGINEER,ACTUAL_PARTICIPATION
ASG_000609,APP0107_FIRST_INTERVIEW,RSV_APP0107_FIRST_INTERVIEW,CONSUMED,0.41666667,2027-01-04T10:25:00+09:00,APP0107_FIRST_INTERVIEW_PRACTITIONER_QA,FIRST_PANEL_07_HIRING_MANAGER,ACTUAL_PARTICIPATION
ASG_000610,APP0107_FIRST_INTERVIEW,RSV_APP0107_FIRST_INTERVIEW,CONSUMED,0.41666667,2027-01-04T10:50:00+09:00,APP0107_FIRST_INTERVIEW_CALIBRATION,FIRST_PANEL_07_ML_ENGINEER,ACTUAL_PARTICIPATION
ASG_000611,APP0107_FIRST_INTERVIEW,RSV_APP0107_FIRST_INTERVIEW,CONSUMED,0.41666667,2027-01-04T10:50:00+09:00,APP0107_FIRST_INTERVIEW_CALIBRATION,FIRST_PANEL_07_HIRING_MANAGER,ACTUAL_PARTICIPATION
ASG_000612,APP0107_FIRST_INTERVIEW,RSV_APP0107_FIRST_INTERVIEW,RELEASED,0.33333332,2027-01-04T10:50:00+09:00,,,COMPLETED_UNUSED
ASG_000613,APP0109_FIRST_INTERVIEW,RSV_APP0109_FIRST_INTERVIEW,RESERVED,4,2026-12-08T14:04:00+09:00,,,SCHEDULED_ALLOCATION
ASG_000614,APP0109_FIRST_INTERVIEW,RSV_APP0109_FIRST_INTERVIEW,CONSUMED,0.5,2027-01-04T09:30:00+09:00,APP0109_FIRST_INTERVIEW_TECHNICAL_ASSESSMENT,FIRST_PANEL_08_ML_ENGINEER,ACTUAL_PARTICIPATION
ASG_000615,APP0109_FIRST_INTERVIEW,RSV_APP0109_FIRST_INTERVIEW,CONSUMED,0.5,2027-01-04T09:30:00+09:00,APP0109_FIRST_INTERVIEW_TECHNICAL_ASSESSMENT,FIRST_PANEL_08_HIRING_MANAGER,ACTUAL_PARTICIPATION
ASG_000616,APP0109_FIRST_INTERVIEW,RSV_APP0109_FIRST_INTERVIEW,CONSUMED,0.5,2027-01-04T10:00:00+09:00,APP0109_FIRST_INTERVIEW_AI_CASE,FIRST_PANEL_08_ML_ENGINEER,ACTUAL_PARTICIPATION
ASG_000617,APP0109_FIRST_INTERVIEW,RSV_APP0109_FIRST_INTERVIEW,CONSUMED,0.5,2027-01-04T10:00:00+09:00,APP0109_FIRST_INTERVIEW_AI_CASE,FIRST_PANEL_08_HIRING_MANAGER,ACTUAL_PARTICIPATION
ASG_000618,APP0109_FIRST_INTERVIEW,RSV_APP0109_FIRST_INTERVIEW,CONSUMED,0.41666667,2027-01-04T10:25:00+09:00,APP0109_FIRST_INTERVIEW_PRACTITIONER_QA,FIRST_PANEL_08_ML_ENGINEER,ACTUAL_PARTICIPATION
ASG_000619,APP0109_FIRST_INTERVIEW,RSV_APP0109_FIRST_INTERVIEW,CONSUMED,0.41666667,2027-01-04T10:25:00+09:00,APP0109_FIRST_INTERVIEW_PRACTITIONER_QA,FIRST_PANEL_08_HIRING_MANAGER,ACTUAL_PARTICIPATION
ASG_000620,APP0109_FIRST_INTERVIEW,RSV_APP0109_FIRST_INTERVIEW,CONSUMED,0.33333333,2027-01-04T10:45:00+09:00,APP0109_FIRST_INTERVIEW_CALIBRATION,FIRST_PANEL_08_ML_ENGINEER,ACTUAL_PARTICIPATION
ASG_000621,APP0109_FIRST_INTERVIEW,RSV_APP0109_FIRST_INTERVIEW,CONSUMED,0.33333333,2027-01-04T10:45:00+09:00,APP0109_FIRST_INTERVIEW_CALIBRATION,FIRST_PANEL_08_HIRING_MANAGER,ACTUAL_PARTICIPATION
ASG_000622,APP0109_FIRST_INTERVIEW,RSV_APP0109_FIRST_INTERVIEW,RELEASED,0.5,2027-01-04T10:45:00+09:00,,,COMPLETED_UNUSED
ASG_000623,APP0110_FIRST_INTERVIEW,RSV_APP0110_FIRST_INTERVIEW,RESERVED,4,2026-12-08T14:04:00+09:00,,,SCHEDULED_ALLOCATION
ASG_000624,APP0110_FIRST_INTERVIEW,RSV_APP0110_FIRST_INTERVIEW,CONSUMED,0.5,2027-01-04T09:30:00+09:00,APP0110_FIRST_INTERVIEW_TECHNICAL_ASSESSMENT,FIRST_PANEL_09_ML_ENGINEER,ACTUAL_PARTICIPATION
ASG_000625,APP0110_FIRST_INTERVIEW,RSV_APP0110_FIRST_INTERVIEW,CONSUMED,0.5,2027-01-04T09:30:00+09:00,APP0110_FIRST_INTERVIEW_TECHNICAL_ASSESSMENT,FIRST_PANEL_09_HIRING_MANAGER,ACTUAL_PARTICIPATION
ASG_000626,APP0110_FIRST_INTERVIEW,RSV_APP0110_FIRST_INTERVIEW,CONSUMED,0.5,2027-01-04T10:00:00+09:00,APP0110_FIRST_INTERVIEW_AI_CASE,FIRST_PANEL_09_ML_ENGINEER,ACTUAL_PARTICIPATION
ASG_000627,APP0110_FIRST_INTERVIEW,RSV_APP0110_FIRST_INTERVIEW,CONSUMED,0.5,2027-01-04T10:00:00+09:00,APP0110_FIRST_INTERVIEW_AI_CASE,FIRST_PANEL_09_HIRING_MANAGER,ACTUAL_PARTICIPATION
ASG_000628,APP0110_FIRST_INTERVIEW,RSV_APP0110_FIRST_INTERVIEW,CONSUMED,0.41666667,2027-01-04T10:25:00+09:00,APP0110_FIRST_INTERVIEW_PRACTITIONER_QA,FIRST_PANEL_09_ML_ENGINEER,ACTUAL_PARTICIPATION
ASG_000629,APP0110_FIRST_INTERVIEW,RSV_APP0110_FIRST_INTERVIEW,CONSUMED,0.41666667,2027-01-04T10:25:00+09:00,APP0110_FIRST_INTERVIEW_PRACTITIONER_QA,FIRST_PANEL_09_HIRING_MANAGER,ACTUAL_PARTICIPATION
ASG_000630,APP0110_FIRST_INTERVIEW,RSV_APP0110_FIRST_INTERVIEW,CONSUMED,0.33333333,2027-01-04T10:45:00+09:00,APP0110_FIRST_INTERVIEW_CALIBRATION,FIRST_PANEL_09_ML_ENGINEER,ACTUAL_PARTICIPATION
ASG_000631,APP0110_FIRST_INTERVIEW,RSV_APP0110_FIRST_INTERVIEW,CONSUMED,0.33333333,2027-01-04T10:45:00+09:00,APP0110_FIRST_INTERVIEW_CALIBRATION,FIRST_PANEL_09_HIRING_MANAGER,ACTUAL_PARTICIPATION
ASG_000632,APP0110_FIRST_INTERVIEW,RSV_APP0110_FIRST_INTERVIEW,RELEASED,0.5,2027-01-04T10:45:00+09:00,,,COMPLETED_UNUSED
ASG_000633,APP0112_FIRST_INTERVIEW,RSV_APP0112_FIRST_INTERVIEW,RESERVED,4,2026-12-08T14:04:00+09:00,,,SCHEDULED_ALLOCATION
ASG_000634,APP0112_FIRST_INTERVIEW,RSV_APP0112_FIRST_INTERVIEW,RELEASED,4.0,2026-12-10T14:04:00+09:00,,,CONFIRMED_WITHDRAWAL_UNUSED
ASG_000635,APP0113_FIRST_INTERVIEW,RSV_APP0113_FIRST_INTERVIEW,RESERVED,4,2026-12-08T14:04:00+09:00,,,SCHEDULED_ALLOCATION
ASG_000636,APP0113_FIRST_INTERVIEW,RSV_APP0113_FIRST_INTERVIEW,CONSUMED,0.58333333,2027-01-07T09:35:00+09:00,APP0113_FIRST_INTERVIEW_TECHNICAL_ASSESSMENT,FIRST_PANEL_01_ML_ENGINEER,ACTUAL_PARTICIPATION
ASG_000637,APP0113_FIRST_INTERVIEW,RSV_APP0113_FIRST_INTERVIEW,CONSUMED,0.58333333,2027-01-07T09:35:00+09:00,APP0113_FIRST_INTERVIEW_TECHNICAL_ASSESSMENT,FIRST_PANEL_01_HIRING_MANAGER,ACTUAL_PARTICIPATION
ASG_000638,APP0113_FIRST_INTERVIEW,RSV_APP0113_FIRST_INTERVIEW,CONSUMED,0.5,2027-01-07T10:05:00+09:00,APP0113_FIRST_INTERVIEW_AI_CASE,FIRST_PANEL_01_ML_ENGINEER,ACTUAL_PARTICIPATION
ASG_000639,APP0113_FIRST_INTERVIEW,RSV_APP0113_FIRST_INTERVIEW,CONSUMED,0.5,2027-01-07T10:05:00+09:00,APP0113_FIRST_INTERVIEW_AI_CASE,FIRST_PANEL_01_HIRING_MANAGER,ACTUAL_PARTICIPATION
ASG_000640,APP0113_FIRST_INTERVIEW,RSV_APP0113_FIRST_INTERVIEW,CONSUMED,0.33333333,2027-01-07T10:25:00+09:00,APP0113_FIRST_INTERVIEW_PRACTITIONER_QA,FIRST_PANEL_01_ML_ENGINEER,ACTUAL_PARTICIPATION
ASG_000641,APP0113_FIRST_INTERVIEW,RSV_APP0113_FIRST_INTERVIEW,CONSUMED,0.33333333,2027-01-07T10:25:00+09:00,APP0113_FIRST_INTERVIEW_PRACTITIONER_QA,FIRST_PANEL_01_HIRING_MANAGER,ACTUAL_PARTICIPATION
ASG_000642,APP0113_FIRST_INTERVIEW,RSV_APP0113_FIRST_INTERVIEW,CONSUMED,0.33333333,2027-01-07T10:45:00+09:00,APP0113_FIRST_INTERVIEW_CALIBRATION,FIRST_PANEL_01_ML_ENGINEER,ACTUAL_PARTICIPATION
ASG_000643,APP0113_FIRST_INTERVIEW,RSV_APP0113_FIRST_INTERVIEW,CONSUMED,0.33333333,2027-01-07T10:45:00+09:00,APP0113_FIRST_INTERVIEW_CALIBRATION,FIRST_PANEL_01_HIRING_MANAGER,ACTUAL_PARTICIPATION
ASG_000644,APP0113_FIRST_INTERVIEW,RSV_APP0113_FIRST_INTERVIEW,RELEASED,0.50000002,2027-01-07T10:45:00+09:00,,,COMPLETED_UNUSED
ASG_000645,APP0115_FIRST_INTERVIEW,RSV_APP0115_FIRST_INTERVIEW,RESERVED,4,2026-12-08T14:04:00+09:00,,,SCHEDULED_ALLOCATION
ASG_000646,APP0115_FIRST_INTERVIEW,RSV_APP0115_FIRST_INTERVIEW,CONSUMED,0.41666667,2027-01-07T09:25:00+09:00,APP0115_FIRST_INTERVIEW_TECHNICAL_ASSESSMENT,FIRST_PANEL_02_ML_ENGINEER,ACTUAL_PARTICIPATION
ASG_000647,APP0115_FIRST_INTERVIEW,RSV_APP0115_FIRST_INTERVIEW,CONSUMED,0.41666667,2027-01-07T09:25:00+09:00,APP0115_FIRST_INTERVIEW_TECHNICAL_ASSESSMENT,FIRST_PANEL_02_HIRING_MANAGER,ACTUAL_PARTICIPATION
ASG_000648,APP0115_FIRST_INTERVIEW,RSV_APP0115_FIRST_INTERVIEW,CONSUMED,0.5,2027-01-07T09:55:00+09:00,APP0115_FIRST_INTERVIEW_AI_CASE,FIRST_PANEL_02_ML_ENGINEER,ACTUAL_PARTICIPATION
ASG_000649,APP0115_FIRST_INTERVIEW,RSV_APP0115_FIRST_INTERVIEW,CONSUMED,0.5,2027-01-07T09:55:00+09:00,APP0115_FIRST_INTERVIEW_AI_CASE,FIRST_PANEL_02_HIRING_MANAGER,ACTUAL_PARTICIPATION
ASG_000650,APP0115_FIRST_INTERVIEW,RSV_APP0115_FIRST_INTERVIEW,CONSUMED,0.41666667,2027-01-07T10:20:00+09:00,APP0115_FIRST_INTERVIEW_PRACTITIONER_QA,FIRST_PANEL_02_ML_ENGINEER,ACTUAL_PARTICIPATION
ASG_000651,APP0115_FIRST_INTERVIEW,RSV_APP0115_FIRST_INTERVIEW,CONSUMED,0.41666667,2027-01-07T10:20:00+09:00,APP0115_FIRST_INTERVIEW_PRACTITIONER_QA,FIRST_PANEL_02_HIRING_MANAGER,ACTUAL_PARTICIPATION
ASG_000652,APP0115_FIRST_INTERVIEW,RSV_APP0115_FIRST_INTERVIEW,CONSUMED,0.25,2027-01-07T10:35:00+09:00,APP0115_FIRST_INTERVIEW_CALIBRATION,FIRST_PANEL_02_ML_ENGINEER,ACTUAL_PARTICIPATION
ASG_000653,APP0115_FIRST_INTERVIEW,RSV_APP0115_FIRST_INTERVIEW,CONSUMED,0.25,2027-01-07T10:35:00+09:00,APP0115_FIRST_INTERVIEW_CALIBRATION,FIRST_PANEL_02_HIRING_MANAGER,ACTUAL_PARTICIPATION
ASG_000654,APP0115_FIRST_INTERVIEW,RSV_APP0115_FIRST_INTERVIEW,RELEASED,0.83333332,2027-01-07T10:35:00+09:00,,,COMPLETED_UNUSED
ASG_000655,APP0116_FIRST_INTERVIEW,RSV_APP0116_FIRST_INTERVIEW,RESERVED,4,2026-12-08T14:04:00+09:00,,,SCHEDULED_ALLOCATION
ASG_000656,APP0116_FIRST_INTERVIEW,RSV_APP0116_FIRST_INTERVIEW,CONSUMED,0.5,2027-01-07T09:30:00+09:00,APP0116_FIRST_INTERVIEW_TECHNICAL_ASSESSMENT,FIRST_PANEL_03_ML_ENGINEER,ACTUAL_PARTICIPATION
ASG_000657,APP0116_FIRST_INTERVIEW,RSV_APP0116_FIRST_INTERVIEW,CONSUMED,0.5,2027-01-07T09:30:00+09:00,APP0116_FIRST_INTERVIEW_TECHNICAL_ASSESSMENT,FIRST_PANEL_03_HIRING_MANAGER,ACTUAL_PARTICIPATION
ASG_000658,APP0116_FIRST_INTERVIEW,RSV_APP0116_FIRST_INTERVIEW,CONSUMED,0.5,2027-01-07T10:00:00+09:00,APP0116_FIRST_INTERVIEW_AI_CASE,FIRST_PANEL_03_ML_ENGINEER,ACTUAL_PARTICIPATION
ASG_000659,APP0116_FIRST_INTERVIEW,RSV_APP0116_FIRST_INTERVIEW,CONSUMED,0.5,2027-01-07T10:00:00+09:00,APP0116_FIRST_INTERVIEW_AI_CASE,FIRST_PANEL_03_HIRING_MANAGER,ACTUAL_PARTICIPATION
ASG_000660,APP0116_FIRST_INTERVIEW,RSV_APP0116_FIRST_INTERVIEW,CONSUMED,0.33333333,2027-01-07T10:20:00+09:00,APP0116_FIRST_INTERVIEW_PRACTITIONER_QA,FIRST_PANEL_03_ML_ENGINEER,ACTUAL_PARTICIPATION
ASG_000661,APP0116_FIRST_INTERVIEW,RSV_APP0116_FIRST_INTERVIEW,CONSUMED,0.33333333,2027-01-07T10:20:00+09:00,APP0116_FIRST_INTERVIEW_PRACTITIONER_QA,FIRST_PANEL_03_HIRING_MANAGER,ACTUAL_PARTICIPATION
ASG_000662,APP0116_FIRST_INTERVIEW,RSV_APP0116_FIRST_INTERVIEW,CONSUMED,0.33333333,2027-01-07T10:40:00+09:00,APP0116_FIRST_INTERVIEW_CALIBRATION,FIRST_PANEL_03_ML_ENGINEER,ACTUAL_PARTICIPATION
ASG_000663,APP0116_FIRST_INTERVIEW,RSV_APP0116_FIRST_INTERVIEW,CONSUMED,0.33333333,2027-01-07T10:40:00+09:00,APP0116_FIRST_INTERVIEW_CALIBRATION,FIRST_PANEL_03_HIRING_MANAGER,ACTUAL_PARTICIPATION
ASG_000664,APP0116_FIRST_INTERVIEW,RSV_APP0116_FIRST_INTERVIEW,RELEASED,0.66666668,2027-01-07T10:40:00+09:00,,,COMPLETED_UNUSED
ASG_000665,APP0119_FIRST_INTERVIEW,RSV_APP0119_FIRST_INTERVIEW,RESERVED,4,2026-12-08T14:04:00+09:00,,,SCHEDULED_ALLOCATION
ASG_000666,APP0119_FIRST_INTERVIEW,RSV_APP0119_FIRST_INTERVIEW,CONSUMED,0.5,2027-01-07T09:30:00+09:00,APP0119_FIRST_INTERVIEW_TECHNICAL_ASSESSMENT,FIRST_PANEL_04_ML_ENGINEER,ACTUAL_PARTICIPATION
ASG_000667,APP0119_FIRST_INTERVIEW,RSV_APP0119_FIRST_INTERVIEW,CONSUMED,0.5,2027-01-07T09:30:00+09:00,APP0119_FIRST_INTERVIEW_TECHNICAL_ASSESSMENT,FIRST_PANEL_04_HIRING_MANAGER,ACTUAL_PARTICIPATION
ASG_000668,APP0119_FIRST_INTERVIEW,RSV_APP0119_FIRST_INTERVIEW,CONSUMED,0.41666667,2027-01-07T09:55:00+09:00,APP0119_FIRST_INTERVIEW_AI_CASE,FIRST_PANEL_04_ML_ENGINEER,ACTUAL_PARTICIPATION
ASG_000669,APP0119_FIRST_INTERVIEW,RSV_APP0119_FIRST_INTERVIEW,CONSUMED,0.41666667,2027-01-07T09:55:00+09:00,APP0119_FIRST_INTERVIEW_AI_CASE,FIRST_PANEL_04_HIRING_MANAGER,ACTUAL_PARTICIPATION
ASG_000670,APP0119_FIRST_INTERVIEW,RSV_APP0119_FIRST_INTERVIEW,CONSUMED,0.33333333,2027-01-07T10:15:00+09:00,APP0119_FIRST_INTERVIEW_PRACTITIONER_QA,FIRST_PANEL_04_ML_ENGINEER,ACTUAL_PARTICIPATION
ASG_000671,APP0119_FIRST_INTERVIEW,RSV_APP0119_FIRST_INTERVIEW,CONSUMED,0.33333333,2027-01-07T10:15:00+09:00,APP0119_FIRST_INTERVIEW_PRACTITIONER_QA,FIRST_PANEL_04_HIRING_MANAGER,ACTUAL_PARTICIPATION
ASG_000672,APP0119_FIRST_INTERVIEW,RSV_APP0119_FIRST_INTERVIEW,CONSUMED,0.41666667,2027-01-07T10:40:00+09:00,APP0119_FIRST_INTERVIEW_CALIBRATION,FIRST_PANEL_04_ML_ENGINEER,ACTUAL_PARTICIPATION
ASG_000673,APP0119_FIRST_INTERVIEW,RSV_APP0119_FIRST_INTERVIEW,CONSUMED,0.41666667,2027-01-07T10:40:00+09:00,APP0119_FIRST_INTERVIEW_CALIBRATION,FIRST_PANEL_04_HIRING_MANAGER,ACTUAL_PARTICIPATION
ASG_000674,APP0119_FIRST_INTERVIEW,RSV_APP0119_FIRST_INTERVIEW,RELEASED,0.66666666,2027-01-07T10:40:00+09:00,,,COMPLETED_UNUSED
ASG_000675,APP0121_FIRST_INTERVIEW,RSV_APP0121_FIRST_INTERVIEW,RESERVED,4,2026-12-08T14:04:00+09:00,,,SCHEDULED_ALLOCATION
ASG_000676,APP0121_FIRST_INTERVIEW,RSV_APP0121_FIRST_INTERVIEW,CONSUMED,0.5,2027-01-07T09:30:00+09:00,APP0121_FIRST_INTERVIEW_TECHNICAL_ASSESSMENT,FIRST_PANEL_05_ML_ENGINEER,ACTUAL_PARTICIPATION
ASG_000677,APP0121_FIRST_INTERVIEW,RSV_APP0121_FIRST_INTERVIEW,CONSUMED,0.5,2027-01-07T09:30:00+09:00,APP0121_FIRST_INTERVIEW_TECHNICAL_ASSESSMENT,FIRST_PANEL_05_HIRING_MANAGER,ACTUAL_PARTICIPATION
ASG_000678,APP0121_FIRST_INTERVIEW,RSV_APP0121_FIRST_INTERVIEW,CONSUMED,0.58333333,2027-01-07T10:05:00+09:00,APP0121_FIRST_INTERVIEW_AI_CASE,FIRST_PANEL_05_ML_ENGINEER,ACTUAL_PARTICIPATION
ASG_000679,APP0121_FIRST_INTERVIEW,RSV_APP0121_FIRST_INTERVIEW,CONSUMED,0.58333333,2027-01-07T10:05:00+09:00,APP0121_FIRST_INTERVIEW_AI_CASE,FIRST_PANEL_05_HIRING_MANAGER,ACTUAL_PARTICIPATION
ASG_000680,APP0121_FIRST_INTERVIEW,RSV_APP0121_FIRST_INTERVIEW,CONSUMED,0.33333333,2027-01-07T10:25:00+09:00,APP0121_FIRST_INTERVIEW_PRACTITIONER_QA,FIRST_PANEL_05_ML_ENGINEER,ACTUAL_PARTICIPATION
ASG_000681,APP0121_FIRST_INTERVIEW,RSV_APP0121_FIRST_INTERVIEW,CONSUMED,0.33333333,2027-01-07T10:25:00+09:00,APP0121_FIRST_INTERVIEW_PRACTITIONER_QA,FIRST_PANEL_05_HIRING_MANAGER,ACTUAL_PARTICIPATION
ASG_000682,APP0121_FIRST_INTERVIEW,RSV_APP0121_FIRST_INTERVIEW,CONSUMED,0.25,2027-01-07T10:40:00+09:00,APP0121_FIRST_INTERVIEW_CALIBRATION,FIRST_PANEL_05_ML_ENGINEER,ACTUAL_PARTICIPATION
ASG_000683,APP0121_FIRST_INTERVIEW,RSV_APP0121_FIRST_INTERVIEW,CONSUMED,0.25,2027-01-07T10:40:00+09:00,APP0121_FIRST_INTERVIEW_CALIBRATION,FIRST_PANEL_05_HIRING_MANAGER,ACTUAL_PARTICIPATION
ASG_000684,APP0121_FIRST_INTERVIEW,RSV_APP0121_FIRST_INTERVIEW,RELEASED,0.66666668,2027-01-07T10:40:00+09:00,,,COMPLETED_UNUSED
ASG_000685,APP0123_FIRST_INTERVIEW,RSV_APP0123_FIRST_INTERVIEW,RESERVED,4,2026-12-08T14:04:00+09:00,,,SCHEDULED_ALLOCATION
ASG_000686,APP0123_FIRST_INTERVIEW,RSV_APP0123_FIRST_INTERVIEW,CONSUMED,0.58333333,2027-01-07T09:35:00+09:00,APP0123_FIRST_INTERVIEW_TECHNICAL_ASSESSMENT,FIRST_PANEL_06_ML_ENGINEER,ACTUAL_PARTICIPATION
ASG_000687,APP0123_FIRST_INTERVIEW,RSV_APP0123_FIRST_INTERVIEW,CONSUMED,0.58333333,2027-01-07T09:35:00+09:00,APP0123_FIRST_INTERVIEW_TECHNICAL_ASSESSMENT,FIRST_PANEL_06_HIRING_MANAGER,ACTUAL_PARTICIPATION
ASG_000688,APP0123_FIRST_INTERVIEW,RSV_APP0123_FIRST_INTERVIEW,CONSUMED,0.58333333,2027-01-07T10:10:00+09:00,APP0123_FIRST_INTERVIEW_AI_CASE,FIRST_PANEL_06_ML_ENGINEER,ACTUAL_PARTICIPATION
ASG_000689,APP0123_FIRST_INTERVIEW,RSV_APP0123_FIRST_INTERVIEW,CONSUMED,0.58333333,2027-01-07T10:10:00+09:00,APP0123_FIRST_INTERVIEW_AI_CASE,FIRST_PANEL_06_HIRING_MANAGER,ACTUAL_PARTICIPATION
ASG_000690,APP0123_FIRST_INTERVIEW,RSV_APP0123_FIRST_INTERVIEW,CONSUMED,0.33333333,2027-01-07T10:30:00+09:00,APP0123_FIRST_INTERVIEW_PRACTITIONER_QA,FIRST_PANEL_06_ML_ENGINEER,ACTUAL_PARTICIPATION
ASG_000691,APP0123_FIRST_INTERVIEW,RSV_APP0123_FIRST_INTERVIEW,CONSUMED,0.33333333,2027-01-07T10:30:00+09:00,APP0123_FIRST_INTERVIEW_PRACTITIONER_QA,FIRST_PANEL_06_HIRING_MANAGER,ACTUAL_PARTICIPATION
ASG_000692,APP0123_FIRST_INTERVIEW,RSV_APP0123_FIRST_INTERVIEW,CONSUMED,0.33333333,2027-01-07T10:50:00+09:00,APP0123_FIRST_INTERVIEW_CALIBRATION,FIRST_PANEL_06_ML_ENGINEER,ACTUAL_PARTICIPATION
ASG_000693,APP0123_FIRST_INTERVIEW,RSV_APP0123_FIRST_INTERVIEW,CONSUMED,0.33333333,2027-01-07T10:50:00+09:00,APP0123_FIRST_INTERVIEW_CALIBRATION,FIRST_PANEL_06_HIRING_MANAGER,ACTUAL_PARTICIPATION
ASG_000694,APP0123_FIRST_INTERVIEW,RSV_APP0123_FIRST_INTERVIEW,RELEASED,0.33333336,2027-01-07T10:50:00+09:00,,,COMPLETED_UNUSED
ASG_000695,APP0124_FIRST_INTERVIEW,RSV_APP0124_FIRST_INTERVIEW,RESERVED,4,2026-12-08T14:04:00+09:00,,,SCHEDULED_ALLOCATION
ASG_000696,APP0124_FIRST_INTERVIEW,RSV_APP0124_FIRST_INTERVIEW,CONSUMED,0.58333333,2027-01-07T09:35:00+09:00,APP0124_FIRST_INTERVIEW_TECHNICAL_ASSESSMENT,FIRST_PANEL_07_ML_ENGINEER,ACTUAL_PARTICIPATION
ASG_000697,APP0124_FIRST_INTERVIEW,RSV_APP0124_FIRST_INTERVIEW,CONSUMED,0.58333333,2027-01-07T09:35:00+09:00,APP0124_FIRST_INTERVIEW_TECHNICAL_ASSESSMENT,FIRST_PANEL_07_HIRING_MANAGER,ACTUAL_PARTICIPATION
ASG_000698,APP0124_FIRST_INTERVIEW,RSV_APP0124_FIRST_INTERVIEW,CONSUMED,0.58333333,2027-01-07T10:10:00+09:00,APP0124_FIRST_INTERVIEW_AI_CASE,FIRST_PANEL_07_ML_ENGINEER,ACTUAL_PARTICIPATION
ASG_000699,APP0124_FIRST_INTERVIEW,RSV_APP0124_FIRST_INTERVIEW,CONSUMED,0.58333333,2027-01-07T10:10:00+09:00,APP0124_FIRST_INTERVIEW_AI_CASE,FIRST_PANEL_07_HIRING_MANAGER,ACTUAL_PARTICIPATION
ASG_000700,APP0124_FIRST_INTERVIEW,RSV_APP0124_FIRST_INTERVIEW,CONSUMED,0.33333333,2027-01-07T10:30:00+09:00,APP0124_FIRST_INTERVIEW_PRACTITIONER_QA,FIRST_PANEL_07_ML_ENGINEER,ACTUAL_PARTICIPATION
ASG_000701,APP0124_FIRST_INTERVIEW,RSV_APP0124_FIRST_INTERVIEW,CONSUMED,0.33333333,2027-01-07T10:30:00+09:00,APP0124_FIRST_INTERVIEW_PRACTITIONER_QA,FIRST_PANEL_07_HIRING_MANAGER,ACTUAL_PARTICIPATION
ASG_000702,APP0124_FIRST_INTERVIEW,RSV_APP0124_FIRST_INTERVIEW,CONSUMED,0.25,2027-01-07T10:45:00+09:00,APP0124_FIRST_INTERVIEW_CALIBRATION,FIRST_PANEL_07_ML_ENGINEER,ACTUAL_PARTICIPATION
ASG_000703,APP0124_FIRST_INTERVIEW,RSV_APP0124_FIRST_INTERVIEW,CONSUMED,0.25,2027-01-07T10:45:00+09:00,APP0124_FIRST_INTERVIEW_CALIBRATION,FIRST_PANEL_07_HIRING_MANAGER,ACTUAL_PARTICIPATION
ASG_000704,APP0124_FIRST_INTERVIEW,RSV_APP0124_FIRST_INTERVIEW,RELEASED,0.50000002,2027-01-07T10:45:00+09:00,,,COMPLETED_UNUSED
ASG_000705,APP0128_FIRST_INTERVIEW,RSV_APP0128_FIRST_INTERVIEW,RESERVED,4,2026-12-08T14:04:00+09:00,,,SCHEDULED_ALLOCATION
ASG_000706,APP0128_FIRST_INTERVIEW,RSV_APP0128_FIRST_INTERVIEW,CONSUMED,0.5,2027-01-07T09:30:00+09:00,APP0128_FIRST_INTERVIEW_TECHNICAL_ASSESSMENT,FIRST_PANEL_08_ML_ENGINEER,ACTUAL_PARTICIPATION
ASG_000707,APP0128_FIRST_INTERVIEW,RSV_APP0128_FIRST_INTERVIEW,CONSUMED,0.5,2027-01-07T09:30:00+09:00,APP0128_FIRST_INTERVIEW_TECHNICAL_ASSESSMENT,FIRST_PANEL_08_HIRING_MANAGER,ACTUAL_PARTICIPATION
ASG_000708,APP0128_FIRST_INTERVIEW,RSV_APP0128_FIRST_INTERVIEW,CONSUMED,0.5,2027-01-07T10:00:00+09:00,APP0128_FIRST_INTERVIEW_AI_CASE,FIRST_PANEL_08_ML_ENGINEER,ACTUAL_PARTICIPATION
ASG_000709,APP0128_FIRST_INTERVIEW,RSV_APP0128_FIRST_INTERVIEW,CONSUMED,0.5,2027-01-07T10:00:00+09:00,APP0128_FIRST_INTERVIEW_AI_CASE,FIRST_PANEL_08_HIRING_MANAGER,ACTUAL_PARTICIPATION
ASG_000710,APP0128_FIRST_INTERVIEW,RSV_APP0128_FIRST_INTERVIEW,CONSUMED,0.41666667,2027-01-07T10:25:00+09:00,APP0128_FIRST_INTERVIEW_PRACTITIONER_QA,FIRST_PANEL_08_ML_ENGINEER,ACTUAL_PARTICIPATION
ASG_000711,APP0128_FIRST_INTERVIEW,RSV_APP0128_FIRST_INTERVIEW,CONSUMED,0.41666667,2027-01-07T10:25:00+09:00,APP0128_FIRST_INTERVIEW_PRACTITIONER_QA,FIRST_PANEL_08_HIRING_MANAGER,ACTUAL_PARTICIPATION
ASG_000712,APP0128_FIRST_INTERVIEW,RSV_APP0128_FIRST_INTERVIEW,CONSUMED,0.41666667,2027-01-07T10:50:00+09:00,APP0128_FIRST_INTERVIEW_CALIBRATION,FIRST_PANEL_08_ML_ENGINEER,ACTUAL_PARTICIPATION
ASG_000713,APP0128_FIRST_INTERVIEW,RSV_APP0128_FIRST_INTERVIEW,CONSUMED,0.41666667,2027-01-07T10:50:00+09:00,APP0128_FIRST_INTERVIEW_CALIBRATION,FIRST_PANEL_08_HIRING_MANAGER,ACTUAL_PARTICIPATION
ASG_000714,APP0128_FIRST_INTERVIEW,RSV_APP0128_FIRST_INTERVIEW,RELEASED,0.33333332,2027-01-07T10:50:00+09:00,,,COMPLETED_UNUSED
ASG_000715,APP0129_FIRST_INTERVIEW,RSV_APP0129_FIRST_INTERVIEW,RESERVED,4,2026-12-08T14:04:00+09:00,,,SCHEDULED_ALLOCATION
ASG_000716,APP0129_FIRST_INTERVIEW,RSV_APP0129_FIRST_INTERVIEW,CONSUMED,0.5,2027-01-07T09:30:00+09:00,APP0129_FIRST_INTERVIEW_TECHNICAL_ASSESSMENT,FIRST_PANEL_09_ML_ENGINEER,ACTUAL_PARTICIPATION
ASG_000717,APP0129_FIRST_INTERVIEW,RSV_APP0129_FIRST_INTERVIEW,CONSUMED,0.5,2027-01-07T09:30:00+09:00,APP0129_FIRST_INTERVIEW_TECHNICAL_ASSESSMENT,FIRST_PANEL_09_HIRING_MANAGER,ACTUAL_PARTICIPATION
ASG_000718,APP0129_FIRST_INTERVIEW,RSV_APP0129_FIRST_INTERVIEW,CONSUMED,0.58333333,2027-01-07T10:05:00+09:00,APP0129_FIRST_INTERVIEW_AI_CASE,FIRST_PANEL_09_ML_ENGINEER,ACTUAL_PARTICIPATION
ASG_000719,APP0129_FIRST_INTERVIEW,RSV_APP0129_FIRST_INTERVIEW,CONSUMED,0.58333333,2027-01-07T10:05:00+09:00,APP0129_FIRST_INTERVIEW_AI_CASE,FIRST_PANEL_09_HIRING_MANAGER,ACTUAL_PARTICIPATION
ASG_000720,APP0129_FIRST_INTERVIEW,RSV_APP0129_FIRST_INTERVIEW,CONSUMED,0.33333333,2027-01-07T10:25:00+09:00,APP0129_FIRST_INTERVIEW_PRACTITIONER_QA,FIRST_PANEL_09_ML_ENGINEER,ACTUAL_PARTICIPATION
ASG_000721,APP0129_FIRST_INTERVIEW,RSV_APP0129_FIRST_INTERVIEW,CONSUMED,0.33333333,2027-01-07T10:25:00+09:00,APP0129_FIRST_INTERVIEW_PRACTITIONER_QA,FIRST_PANEL_09_HIRING_MANAGER,ACTUAL_PARTICIPATION
ASG_000722,APP0129_FIRST_INTERVIEW,RSV_APP0129_FIRST_INTERVIEW,CONSUMED,0.33333333,2027-01-07T10:45:00+09:00,APP0129_FIRST_INTERVIEW_CALIBRATION,FIRST_PANEL_09_ML_ENGINEER,ACTUAL_PARTICIPATION
ASG_000723,APP0129_FIRST_INTERVIEW,RSV_APP0129_FIRST_INTERVIEW,CONSUMED,0.33333333,2027-01-07T10:45:00+09:00,APP0129_FIRST_INTERVIEW_CALIBRATION,FIRST_PANEL_09_HIRING_MANAGER,ACTUAL_PARTICIPATION
ASG_000724,APP0129_FIRST_INTERVIEW,RSV_APP0129_FIRST_INTERVIEW,RELEASED,0.50000002,2027-01-07T10:45:00+09:00,,,COMPLETED_UNUSED
ASG_000725,APP0130_FIRST_INTERVIEW,RSV_APP0130_FIRST_INTERVIEW,RESERVED,4,2026-12-08T14:04:00+09:00,,,SCHEDULED_ALLOCATION
ASG_000726,APP0130_FIRST_INTERVIEW,RSV_APP0130_FIRST_INTERVIEW,CONSUMED,0.41666667,2027-01-07T09:25:00+09:00,APP0130_FIRST_INTERVIEW_TECHNICAL_ASSESSMENT,FIRST_PANEL_10_ML_ENGINEER,ACTUAL_PARTICIPATION
ASG_000727,APP0130_FIRST_INTERVIEW,RSV_APP0130_FIRST_INTERVIEW,CONSUMED,0.41666667,2027-01-07T09:25:00+09:00,APP0130_FIRST_INTERVIEW_TECHNICAL_ASSESSMENT,FIRST_PANEL_10_HIRING_MANAGER,ACTUAL_PARTICIPATION
ASG_000728,APP0130_FIRST_INTERVIEW,RSV_APP0130_FIRST_INTERVIEW,CONSUMED,0.58333333,2027-01-07T10:00:00+09:00,APP0130_FIRST_INTERVIEW_AI_CASE,FIRST_PANEL_10_ML_ENGINEER,ACTUAL_PARTICIPATION
ASG_000729,APP0130_FIRST_INTERVIEW,RSV_APP0130_FIRST_INTERVIEW,CONSUMED,0.58333333,2027-01-07T10:00:00+09:00,APP0130_FIRST_INTERVIEW_AI_CASE,FIRST_PANEL_10_HIRING_MANAGER,ACTUAL_PARTICIPATION
ASG_000730,APP0130_FIRST_INTERVIEW,RSV_APP0130_FIRST_INTERVIEW,CONSUMED,0.33333333,2027-01-07T10:20:00+09:00,APP0130_FIRST_INTERVIEW_PRACTITIONER_QA,FIRST_PANEL_10_ML_ENGINEER,ACTUAL_PARTICIPATION
ASG_000731,APP0130_FIRST_INTERVIEW,RSV_APP0130_FIRST_INTERVIEW,CONSUMED,0.33333333,2027-01-07T10:20:00+09:00,APP0130_FIRST_INTERVIEW_PRACTITIONER_QA,FIRST_PANEL_10_HIRING_MANAGER,ACTUAL_PARTICIPATION
ASG_000732,APP0130_FIRST_INTERVIEW,RSV_APP0130_FIRST_INTERVIEW,CONSUMED,0.33333333,2027-01-07T10:40:00+09:00,APP0130_FIRST_INTERVIEW_CALIBRATION,FIRST_PANEL_10_ML_ENGINEER,ACTUAL_PARTICIPATION
ASG_000733,APP0130_FIRST_INTERVIEW,RSV_APP0130_FIRST_INTERVIEW,CONSUMED,0.33333333,2027-01-07T10:40:00+09:00,APP0130_FIRST_INTERVIEW_CALIBRATION,FIRST_PANEL_10_HIRING_MANAGER,ACTUAL_PARTICIPATION
ASG_000734,APP0130_FIRST_INTERVIEW,RSV_APP0130_FIRST_INTERVIEW,RELEASED,0.66666668,2027-01-07T10:40:00+09:00,,,COMPLETED_UNUSED
ASG_000735,APP0131_FIRST_INTERVIEW,RSV_APP0131_FIRST_INTERVIEW,RESERVED,4,2026-12-08T14:04:00+09:00,,,SCHEDULED_ALLOCATION
ASG_000736,APP0131_FIRST_INTERVIEW,RSV_APP0131_FIRST_INTERVIEW,CONSUMED,0.5,2027-01-11T09:30:00+09:00,APP0131_FIRST_INTERVIEW_TECHNICAL_ASSESSMENT,FIRST_PANEL_01_ML_ENGINEER,ACTUAL_PARTICIPATION
ASG_000737,APP0131_FIRST_INTERVIEW,RSV_APP0131_FIRST_INTERVIEW,CONSUMED,0.5,2027-01-11T09:30:00+09:00,APP0131_FIRST_INTERVIEW_TECHNICAL_ASSESSMENT,FIRST_PANEL_01_HIRING_MANAGER,ACTUAL_PARTICIPATION
ASG_000738,APP0131_FIRST_INTERVIEW,RSV_APP0131_FIRST_INTERVIEW,CONSUMED,0.41666667,2027-01-11T09:55:00+09:00,APP0131_FIRST_INTERVIEW_AI_CASE,FIRST_PANEL_01_ML_ENGINEER,ACTUAL_PARTICIPATION
ASG_000739,APP0131_FIRST_INTERVIEW,RSV_APP0131_FIRST_INTERVIEW,CONSUMED,0.41666667,2027-01-11T09:55:00+09:00,APP0131_FIRST_INTERVIEW_AI_CASE,FIRST_PANEL_01_HIRING_MANAGER,ACTUAL_PARTICIPATION
ASG_000740,APP0131_FIRST_INTERVIEW,RSV_APP0131_FIRST_INTERVIEW,CONSUMED,0.33333333,2027-01-11T10:15:00+09:00,APP0131_FIRST_INTERVIEW_PRACTITIONER_QA,FIRST_PANEL_01_ML_ENGINEER,ACTUAL_PARTICIPATION
ASG_000741,APP0131_FIRST_INTERVIEW,RSV_APP0131_FIRST_INTERVIEW,CONSUMED,0.33333333,2027-01-11T10:15:00+09:00,APP0131_FIRST_INTERVIEW_PRACTITIONER_QA,FIRST_PANEL_01_HIRING_MANAGER,ACTUAL_PARTICIPATION
ASG_000742,APP0131_FIRST_INTERVIEW,RSV_APP0131_FIRST_INTERVIEW,CONSUMED,0.33333333,2027-01-11T10:35:00+09:00,APP0131_FIRST_INTERVIEW_CALIBRATION,FIRST_PANEL_01_ML_ENGINEER,ACTUAL_PARTICIPATION
ASG_000743,APP0131_FIRST_INTERVIEW,RSV_APP0131_FIRST_INTERVIEW,CONSUMED,0.33333333,2027-01-11T10:35:00+09:00,APP0131_FIRST_INTERVIEW_CALIBRATION,FIRST_PANEL_01_HIRING_MANAGER,ACTUAL_PARTICIPATION
ASG_000744,APP0131_FIRST_INTERVIEW,RSV_APP0131_FIRST_INTERVIEW,RELEASED,0.83333334,2027-01-11T10:35:00+09:00,,,COMPLETED_UNUSED
ASG_000745,APP0134_FIRST_INTERVIEW,RSV_APP0134_FIRST_INTERVIEW,RESERVED,4,2026-12-08T14:04:00+09:00,,,SCHEDULED_ALLOCATION
ASG_000746,APP0134_FIRST_INTERVIEW,RSV_APP0134_FIRST_INTERVIEW,CONSUMED,0.58333333,2027-01-11T09:35:00+09:00,APP0134_FIRST_INTERVIEW_TECHNICAL_ASSESSMENT,FIRST_PANEL_02_ML_ENGINEER,ACTUAL_PARTICIPATION
ASG_000747,APP0134_FIRST_INTERVIEW,RSV_APP0134_FIRST_INTERVIEW,CONSUMED,0.58333333,2027-01-11T09:35:00+09:00,APP0134_FIRST_INTERVIEW_TECHNICAL_ASSESSMENT,FIRST_PANEL_02_HIRING_MANAGER,ACTUAL_PARTICIPATION
ASG_000748,APP0134_FIRST_INTERVIEW,RSV_APP0134_FIRST_INTERVIEW,CONSUMED,0.41666667,2027-01-11T10:00:00+09:00,APP0134_FIRST_INTERVIEW_AI_CASE,FIRST_PANEL_02_ML_ENGINEER,ACTUAL_PARTICIPATION
ASG_000749,APP0134_FIRST_INTERVIEW,RSV_APP0134_FIRST_INTERVIEW,CONSUMED,0.41666667,2027-01-11T10:00:00+09:00,APP0134_FIRST_INTERVIEW_AI_CASE,FIRST_PANEL_02_HIRING_MANAGER,ACTUAL_PARTICIPATION
ASG_000750,APP0134_FIRST_INTERVIEW,RSV_APP0134_FIRST_INTERVIEW,CONSUMED,0.41666667,2027-01-11T10:25:00+09:00,APP0134_FIRST_INTERVIEW_PRACTITIONER_QA,FIRST_PANEL_02_ML_ENGINEER,ACTUAL_PARTICIPATION
ASG_000751,APP0134_FIRST_INTERVIEW,RSV_APP0134_FIRST_INTERVIEW,CONSUMED,0.41666667,2027-01-11T10:25:00+09:00,APP0134_FIRST_INTERVIEW_PRACTITIONER_QA,FIRST_PANEL_02_HIRING_MANAGER,ACTUAL_PARTICIPATION
ASG_000752,APP0134_FIRST_INTERVIEW,RSV_APP0134_FIRST_INTERVIEW,CONSUMED,0.33333333,2027-01-11T10:45:00+09:00,APP0134_FIRST_INTERVIEW_CALIBRATION,FIRST_PANEL_02_ML_ENGINEER,ACTUAL_PARTICIPATION
ASG_000753,APP0134_FIRST_INTERVIEW,RSV_APP0134_FIRST_INTERVIEW,CONSUMED,0.33333333,2027-01-11T10:45:00+09:00,APP0134_FIRST_INTERVIEW_CALIBRATION,FIRST_PANEL_02_HIRING_MANAGER,ACTUAL_PARTICIPATION
ASG_000754,APP0134_FIRST_INTERVIEW,RSV_APP0134_FIRST_INTERVIEW,RELEASED,0.5,2027-01-11T10:45:00+09:00,,,COMPLETED_UNUSED
ASG_000755,APP0135_FIRST_INTERVIEW,RSV_APP0135_FIRST_INTERVIEW,RESERVED,4,2026-12-08T14:04:00+09:00,,,SCHEDULED_ALLOCATION
ASG_000756,APP0135_FIRST_INTERVIEW,RSV_APP0135_FIRST_INTERVIEW,CONSUMED,0.58333333,2027-01-11T09:35:00+09:00,APP0135_FIRST_INTERVIEW_TECHNICAL_ASSESSMENT,FIRST_PANEL_03_ML_ENGINEER,ACTUAL_PARTICIPATION
ASG_000757,APP0135_FIRST_INTERVIEW,RSV_APP0135_FIRST_INTERVIEW,CONSUMED,0.58333333,2027-01-11T09:35:00+09:00,APP0135_FIRST_INTERVIEW_TECHNICAL_ASSESSMENT,FIRST_PANEL_03_HIRING_MANAGER,ACTUAL_PARTICIPATION
ASG_000758,APP0135_FIRST_INTERVIEW,RSV_APP0135_FIRST_INTERVIEW,CONSUMED,0.5,2027-01-11T10:05:00+09:00,APP0135_FIRST_INTERVIEW_AI_CASE,FIRST_PANEL_03_ML_ENGINEER,ACTUAL_PARTICIPATION
ASG_000759,APP0135_FIRST_INTERVIEW,RSV_APP0135_FIRST_INTERVIEW,CONSUMED,0.5,2027-01-11T10:05:00+09:00,APP0135_FIRST_INTERVIEW_AI_CASE,FIRST_PANEL_03_HIRING_MANAGER,ACTUAL_PARTICIPATION
ASG_000760,APP0135_FIRST_INTERVIEW,RSV_APP0135_FIRST_INTERVIEW,CONSUMED,0.41666667,2027-01-11T10:30:00+09:00,APP0135_FIRST_INTERVIEW_PRACTITIONER_QA,FIRST_PANEL_03_ML_ENGINEER,ACTUAL_PARTICIPATION
ASG_000761,APP0135_FIRST_INTERVIEW,RSV_APP0135_FIRST_INTERVIEW,CONSUMED,0.41666667,2027-01-11T10:30:00+09:00,APP0135_FIRST_INTERVIEW_PRACTITIONER_QA,FIRST_PANEL_03_HIRING_MANAGER,ACTUAL_PARTICIPATION
ASG_000762,APP0135_FIRST_INTERVIEW,RSV_APP0135_FIRST_INTERVIEW,CONSUMED,0.41666667,2027-01-11T10:55:00+09:00,APP0135_FIRST_INTERVIEW_CALIBRATION,FIRST_PANEL_03_ML_ENGINEER,ACTUAL_PARTICIPATION
ASG_000763,APP0135_FIRST_INTERVIEW,RSV_APP0135_FIRST_INTERVIEW,CONSUMED,0.41666667,2027-01-11T10:55:00+09:00,APP0135_FIRST_INTERVIEW_CALIBRATION,FIRST_PANEL_03_HIRING_MANAGER,ACTUAL_PARTICIPATION
ASG_000764,APP0135_FIRST_INTERVIEW,RSV_APP0135_FIRST_INTERVIEW,RELEASED,0.16666666,2027-01-11T10:55:00+09:00,,,COMPLETED_UNUSED
ASG_000765,APP0136_FIRST_INTERVIEW,RSV_APP0136_FIRST_INTERVIEW,RESERVED,4,2026-12-08T14:04:00+09:00,,,SCHEDULED_ALLOCATION
ASG_000766,APP0136_FIRST_INTERVIEW,RSV_APP0136_FIRST_INTERVIEW,CONSUMED,0.41666667,2027-01-11T09:25:00+09:00,APP0136_FIRST_INTERVIEW_TECHNICAL_ASSESSMENT,FIRST_PANEL_04_ML_ENGINEER,ACTUAL_PARTICIPATION
ASG_000767,APP0136_FIRST_INTERVIEW,RSV_APP0136_FIRST_INTERVIEW,CONSUMED,0.41666667,2027-01-11T09:25:00+09:00,APP0136_FIRST_INTERVIEW_TECHNICAL_ASSESSMENT,FIRST_PANEL_04_HIRING_MANAGER,ACTUAL_PARTICIPATION
ASG_000768,APP0136_FIRST_INTERVIEW,RSV_APP0136_FIRST_INTERVIEW,CONSUMED,0.58333333,2027-01-11T10:00:00+09:00,APP0136_FIRST_INTERVIEW_AI_CASE,FIRST_PANEL_04_ML_ENGINEER,ACTUAL_PARTICIPATION
ASG_000769,APP0136_FIRST_INTERVIEW,RSV_APP0136_FIRST_INTERVIEW,CONSUMED,0.58333333,2027-01-11T10:00:00+09:00,APP0136_FIRST_INTERVIEW_AI_CASE,FIRST_PANEL_04_HIRING_MANAGER,ACTUAL_PARTICIPATION
ASG_000770,APP0136_FIRST_INTERVIEW,RSV_APP0136_FIRST_INTERVIEW,CONSUMED,0.33333333,2027-01-11T10:20:00+09:00,APP0136_FIRST_INTERVIEW_PRACTITIONER_QA,FIRST_PANEL_04_ML_ENGINEER,ACTUAL_PARTICIPATION
ASG_000771,APP0136_FIRST_INTERVIEW,RSV_APP0136_FIRST_INTERVIEW,CONSUMED,0.33333333,2027-01-11T10:20:00+09:00,APP0136_FIRST_INTERVIEW_PRACTITIONER_QA,FIRST_PANEL_04_HIRING_MANAGER,ACTUAL_PARTICIPATION
ASG_000772,APP0136_FIRST_INTERVIEW,RSV_APP0136_FIRST_INTERVIEW,CONSUMED,0.41666667,2027-01-11T10:45:00+09:00,APP0136_FIRST_INTERVIEW_CALIBRATION,FIRST_PANEL_04_ML_ENGINEER,ACTUAL_PARTICIPATION
ASG_000773,APP0136_FIRST_INTERVIEW,RSV_APP0136_FIRST_INTERVIEW,CONSUMED,0.41666667,2027-01-11T10:45:00+09:00,APP0136_FIRST_INTERVIEW_CALIBRATION,FIRST_PANEL_04_HIRING_MANAGER,ACTUAL_PARTICIPATION
ASG_000774,APP0136_FIRST_INTERVIEW,RSV_APP0136_FIRST_INTERVIEW,RELEASED,0.5,2027-01-11T10:45:00+09:00,,,COMPLETED_UNUSED
ASG_000775,APP0139_FIRST_INTERVIEW,RSV_APP0139_FIRST_INTERVIEW,RESERVED,4,2026-12-08T14:04:00+09:00,,,SCHEDULED_ALLOCATION
ASG_000776,APP0139_FIRST_INTERVIEW,RSV_APP0139_FIRST_INTERVIEW,RELEASED,4.0,2027-01-12T09:00:00+09:00,,,NO_RESPONSE_UNUSED
ASG_000777,APP0140_FIRST_INTERVIEW,RSV_APP0140_FIRST_INTERVIEW,RESERVED,4,2026-12-08T14:04:00+09:00,,,SCHEDULED_ALLOCATION
ASG_000778,APP0140_FIRST_INTERVIEW,RSV_APP0140_FIRST_INTERVIEW,CONSUMED,0.41666667,2027-01-11T09:25:00+09:00,APP0140_FIRST_INTERVIEW_TECHNICAL_ASSESSMENT,FIRST_PANEL_06_ML_ENGINEER,ACTUAL_PARTICIPATION
ASG_000779,APP0140_FIRST_INTERVIEW,RSV_APP0140_FIRST_INTERVIEW,CONSUMED,0.41666667,2027-01-11T09:25:00+09:00,APP0140_FIRST_INTERVIEW_TECHNICAL_ASSESSMENT,FIRST_PANEL_06_HIRING_MANAGER,ACTUAL_PARTICIPATION
ASG_000780,APP0140_FIRST_INTERVIEW,RSV_APP0140_FIRST_INTERVIEW,CONSUMED,0.41666667,2027-01-11T09:50:00+09:00,APP0140_FIRST_INTERVIEW_AI_CASE,FIRST_PANEL_06_ML_ENGINEER,ACTUAL_PARTICIPATION
ASG_000781,APP0140_FIRST_INTERVIEW,RSV_APP0140_FIRST_INTERVIEW,CONSUMED,0.41666667,2027-01-11T09:50:00+09:00,APP0140_FIRST_INTERVIEW_AI_CASE,FIRST_PANEL_06_HIRING_MANAGER,ACTUAL_PARTICIPATION
ASG_000782,APP0140_FIRST_INTERVIEW,RSV_APP0140_FIRST_INTERVIEW,CONSUMED,0.41666667,2027-01-11T10:15:00+09:00,APP0140_FIRST_INTERVIEW_PRACTITIONER_QA,FIRST_PANEL_06_ML_ENGINEER,ACTUAL_PARTICIPATION
ASG_000783,APP0140_FIRST_INTERVIEW,RSV_APP0140_FIRST_INTERVIEW,CONSUMED,0.41666667,2027-01-11T10:15:00+09:00,APP0140_FIRST_INTERVIEW_PRACTITIONER_QA,FIRST_PANEL_06_HIRING_MANAGER,ACTUAL_PARTICIPATION
ASG_000784,APP0140_FIRST_INTERVIEW,RSV_APP0140_FIRST_INTERVIEW,CONSUMED,0.41666667,2027-01-11T10:40:00+09:00,APP0140_FIRST_INTERVIEW_CALIBRATION,FIRST_PANEL_06_ML_ENGINEER,ACTUAL_PARTICIPATION
ASG_000785,APP0140_FIRST_INTERVIEW,RSV_APP0140_FIRST_INTERVIEW,CONSUMED,0.41666667,2027-01-11T10:40:00+09:00,APP0140_FIRST_INTERVIEW_CALIBRATION,FIRST_PANEL_06_HIRING_MANAGER,ACTUAL_PARTICIPATION
ASG_000786,APP0140_FIRST_INTERVIEW,RSV_APP0140_FIRST_INTERVIEW,RELEASED,0.66666664,2027-01-11T10:40:00+09:00,,,COMPLETED_UNUSED
ASG_000787,APP0141_FIRST_INTERVIEW,RSV_APP0141_FIRST_INTERVIEW,RESERVED,4,2026-12-08T14:04:00+09:00,,,SCHEDULED_ALLOCATION
ASG_000788,APP0141_FIRST_INTERVIEW,RSV_APP0141_FIRST_INTERVIEW,CONSUMED,0.58333333,2027-01-11T09:35:00+09:00,APP0141_FIRST_INTERVIEW_TECHNICAL_ASSESSMENT,FIRST_PANEL_07_ML_ENGINEER,ACTUAL_PARTICIPATION
ASG_000789,APP0141_FIRST_INTERVIEW,RSV_APP0141_FIRST_INTERVIEW,CONSUMED,0.58333333,2027-01-11T09:35:00+09:00,APP0141_FIRST_INTERVIEW_TECHNICAL_ASSESSMENT,FIRST_PANEL_07_HIRING_MANAGER,ACTUAL_PARTICIPATION
ASG_000790,APP0141_FIRST_INTERVIEW,RSV_APP0141_FIRST_INTERVIEW,CONSUMED,0.5,2027-01-11T10:05:00+09:00,APP0141_FIRST_INTERVIEW_AI_CASE,FIRST_PANEL_07_ML_ENGINEER,ACTUAL_PARTICIPATION
ASG_000791,APP0141_FIRST_INTERVIEW,RSV_APP0141_FIRST_INTERVIEW,CONSUMED,0.5,2027-01-11T10:05:00+09:00,APP0141_FIRST_INTERVIEW_AI_CASE,FIRST_PANEL_07_HIRING_MANAGER,ACTUAL_PARTICIPATION
ASG_000792,APP0141_FIRST_INTERVIEW,RSV_APP0141_FIRST_INTERVIEW,CONSUMED,0.41666667,2027-01-11T10:30:00+09:00,APP0141_FIRST_INTERVIEW_PRACTITIONER_QA,FIRST_PANEL_07_ML_ENGINEER,ACTUAL_PARTICIPATION
ASG_000793,APP0141_FIRST_INTERVIEW,RSV_APP0141_FIRST_INTERVIEW,CONSUMED,0.41666667,2027-01-11T10:30:00+09:00,APP0141_FIRST_INTERVIEW_PRACTITIONER_QA,FIRST_PANEL_07_HIRING_MANAGER,ACTUAL_PARTICIPATION
ASG_000794,APP0141_FIRST_INTERVIEW,RSV_APP0141_FIRST_INTERVIEW,CONSUMED,0.33333333,2027-01-11T10:50:00+09:00,APP0141_FIRST_INTERVIEW_CALIBRATION,FIRST_PANEL_07_ML_ENGINEER,ACTUAL_PARTICIPATION
ASG_000795,APP0141_FIRST_INTERVIEW,RSV_APP0141_FIRST_INTERVIEW,CONSUMED,0.33333333,2027-01-11T10:50:00+09:00,APP0141_FIRST_INTERVIEW_CALIBRATION,FIRST_PANEL_07_HIRING_MANAGER,ACTUAL_PARTICIPATION
ASG_000796,APP0141_FIRST_INTERVIEW,RSV_APP0141_FIRST_INTERVIEW,RELEASED,0.33333334,2027-01-11T10:50:00+09:00,,,COMPLETED_UNUSED
ASG_000797,APP0142_FIRST_INTERVIEW,RSV_APP0142_FIRST_INTERVIEW,RESERVED,4,2026-12-08T14:04:00+09:00,,,SCHEDULED_ALLOCATION
ASG_000798,APP0142_FIRST_INTERVIEW,RSV_APP0142_FIRST_INTERVIEW,CONSUMED,0.5,2027-01-11T09:30:00+09:00,APP0142_FIRST_INTERVIEW_TECHNICAL_ASSESSMENT,FIRST_PANEL_08_ML_ENGINEER,ACTUAL_PARTICIPATION
ASG_000799,APP0142_FIRST_INTERVIEW,RSV_APP0142_FIRST_INTERVIEW,CONSUMED,0.5,2027-01-11T09:30:00+09:00,APP0142_FIRST_INTERVIEW_TECHNICAL_ASSESSMENT,FIRST_PANEL_08_HIRING_MANAGER,ACTUAL_PARTICIPATION
ASG_000800,APP0142_FIRST_INTERVIEW,RSV_APP0142_FIRST_INTERVIEW,CONSUMED,0.5,2027-01-11T10:00:00+09:00,APP0142_FIRST_INTERVIEW_AI_CASE,FIRST_PANEL_08_ML_ENGINEER,ACTUAL_PARTICIPATION
ASG_000801,APP0142_FIRST_INTERVIEW,RSV_APP0142_FIRST_INTERVIEW,CONSUMED,0.5,2027-01-11T10:00:00+09:00,APP0142_FIRST_INTERVIEW_AI_CASE,FIRST_PANEL_08_HIRING_MANAGER,ACTUAL_PARTICIPATION
ASG_000802,APP0142_FIRST_INTERVIEW,RSV_APP0142_FIRST_INTERVIEW,CONSUMED,0.33333333,2027-01-11T10:20:00+09:00,APP0142_FIRST_INTERVIEW_PRACTITIONER_QA,FIRST_PANEL_08_ML_ENGINEER,ACTUAL_PARTICIPATION
ASG_000803,APP0142_FIRST_INTERVIEW,RSV_APP0142_FIRST_INTERVIEW,CONSUMED,0.33333333,2027-01-11T10:20:00+09:00,APP0142_FIRST_INTERVIEW_PRACTITIONER_QA,FIRST_PANEL_08_HIRING_MANAGER,ACTUAL_PARTICIPATION
ASG_000804,APP0142_FIRST_INTERVIEW,RSV_APP0142_FIRST_INTERVIEW,CONSUMED,0.33333333,2027-01-11T10:40:00+09:00,APP0142_FIRST_INTERVIEW_CALIBRATION,FIRST_PANEL_08_ML_ENGINEER,ACTUAL_PARTICIPATION
ASG_000805,APP0142_FIRST_INTERVIEW,RSV_APP0142_FIRST_INTERVIEW,CONSUMED,0.33333333,2027-01-11T10:40:00+09:00,APP0142_FIRST_INTERVIEW_CALIBRATION,FIRST_PANEL_08_HIRING_MANAGER,ACTUAL_PARTICIPATION
ASG_000806,APP0142_FIRST_INTERVIEW,RSV_APP0142_FIRST_INTERVIEW,RELEASED,0.66666668,2027-01-11T10:40:00+09:00,,,COMPLETED_UNUSED
ASG_000807,APP0143_FIRST_INTERVIEW,RSV_APP0143_FIRST_INTERVIEW,RESERVED,4,2026-12-08T14:04:00+09:00,,,SCHEDULED_ALLOCATION
ASG_000808,APP0143_FIRST_INTERVIEW,RSV_APP0143_FIRST_INTERVIEW,CONSUMED,0.5,2027-01-11T09:30:00+09:00,APP0143_FIRST_INTERVIEW_TECHNICAL_ASSESSMENT,FIRST_PANEL_09_ML_ENGINEER,ACTUAL_PARTICIPATION
ASG_000809,APP0143_FIRST_INTERVIEW,RSV_APP0143_FIRST_INTERVIEW,CONSUMED,0.5,2027-01-11T09:30:00+09:00,APP0143_FIRST_INTERVIEW_TECHNICAL_ASSESSMENT,FIRST_PANEL_09_HIRING_MANAGER,ACTUAL_PARTICIPATION
ASG_000810,APP0143_FIRST_INTERVIEW,RSV_APP0143_FIRST_INTERVIEW,CONSUMED,0.58333333,2027-01-11T10:05:00+09:00,APP0143_FIRST_INTERVIEW_AI_CASE,FIRST_PANEL_09_ML_ENGINEER,ACTUAL_PARTICIPATION
ASG_000811,APP0143_FIRST_INTERVIEW,RSV_APP0143_FIRST_INTERVIEW,CONSUMED,0.58333333,2027-01-11T10:05:00+09:00,APP0143_FIRST_INTERVIEW_AI_CASE,FIRST_PANEL_09_HIRING_MANAGER,ACTUAL_PARTICIPATION
ASG_000812,APP0143_FIRST_INTERVIEW,RSV_APP0143_FIRST_INTERVIEW,CONSUMED,0.41666667,2027-01-11T10:30:00+09:00,APP0143_FIRST_INTERVIEW_PRACTITIONER_QA,FIRST_PANEL_09_ML_ENGINEER,ACTUAL_PARTICIPATION
ASG_000813,APP0143_FIRST_INTERVIEW,RSV_APP0143_FIRST_INTERVIEW,CONSUMED,0.41666667,2027-01-11T10:30:00+09:00,APP0143_FIRST_INTERVIEW_PRACTITIONER_QA,FIRST_PANEL_09_HIRING_MANAGER,ACTUAL_PARTICIPATION
ASG_000814,APP0143_FIRST_INTERVIEW,RSV_APP0143_FIRST_INTERVIEW,CONSUMED,0.25,2027-01-11T10:45:00+09:00,APP0143_FIRST_INTERVIEW_CALIBRATION,FIRST_PANEL_09_ML_ENGINEER,ACTUAL_PARTICIPATION
ASG_000815,APP0143_FIRST_INTERVIEW,RSV_APP0143_FIRST_INTERVIEW,CONSUMED,0.25,2027-01-11T10:45:00+09:00,APP0143_FIRST_INTERVIEW_CALIBRATION,FIRST_PANEL_09_HIRING_MANAGER,ACTUAL_PARTICIPATION
ASG_000816,APP0143_FIRST_INTERVIEW,RSV_APP0143_FIRST_INTERVIEW,RELEASED,0.5,2027-01-11T10:45:00+09:00,,,COMPLETED_UNUSED
ASG_000817,APP0146_FIRST_INTERVIEW,RSV_APP0146_FIRST_INTERVIEW,RESERVED,4,2026-12-08T14:04:00+09:00,,,SCHEDULED_ALLOCATION
ASG_000818,APP0146_FIRST_INTERVIEW,RSV_APP0146_FIRST_INTERVIEW,CONSUMED,0.58333333,2027-01-11T09:35:00+09:00,APP0146_FIRST_INTERVIEW_TECHNICAL_ASSESSMENT,FIRST_PANEL_10_ML_ENGINEER,ACTUAL_PARTICIPATION
ASG_000819,APP0146_FIRST_INTERVIEW,RSV_APP0146_FIRST_INTERVIEW,CONSUMED,0.58333333,2027-01-11T09:35:00+09:00,APP0146_FIRST_INTERVIEW_TECHNICAL_ASSESSMENT,FIRST_PANEL_10_HIRING_MANAGER,ACTUAL_PARTICIPATION
ASG_000820,APP0146_FIRST_INTERVIEW,RSV_APP0146_FIRST_INTERVIEW,CONSUMED,0.5,2027-01-11T10:05:00+09:00,APP0146_FIRST_INTERVIEW_AI_CASE,FIRST_PANEL_10_ML_ENGINEER,ACTUAL_PARTICIPATION
ASG_000821,APP0146_FIRST_INTERVIEW,RSV_APP0146_FIRST_INTERVIEW,CONSUMED,0.5,2027-01-11T10:05:00+09:00,APP0146_FIRST_INTERVIEW_AI_CASE,FIRST_PANEL_10_HIRING_MANAGER,ACTUAL_PARTICIPATION
ASG_000822,APP0146_FIRST_INTERVIEW,RSV_APP0146_FIRST_INTERVIEW,CONSUMED,0.41666667,2027-01-11T10:30:00+09:00,APP0146_FIRST_INTERVIEW_PRACTITIONER_QA,FIRST_PANEL_10_ML_ENGINEER,ACTUAL_PARTICIPATION
ASG_000823,APP0146_FIRST_INTERVIEW,RSV_APP0146_FIRST_INTERVIEW,CONSUMED,0.41666667,2027-01-11T10:30:00+09:00,APP0146_FIRST_INTERVIEW_PRACTITIONER_QA,FIRST_PANEL_10_HIRING_MANAGER,ACTUAL_PARTICIPATION
ASG_000824,APP0146_FIRST_INTERVIEW,RSV_APP0146_FIRST_INTERVIEW,CONSUMED,0.33333333,2027-01-11T10:50:00+09:00,APP0146_FIRST_INTERVIEW_CALIBRATION,FIRST_PANEL_10_ML_ENGINEER,ACTUAL_PARTICIPATION
ASG_000825,APP0146_FIRST_INTERVIEW,RSV_APP0146_FIRST_INTERVIEW,CONSUMED,0.33333333,2027-01-11T10:50:00+09:00,APP0146_FIRST_INTERVIEW_CALIBRATION,FIRST_PANEL_10_HIRING_MANAGER,ACTUAL_PARTICIPATION
ASG_000826,APP0146_FIRST_INTERVIEW,RSV_APP0146_FIRST_INTERVIEW,RELEASED,0.33333334,2027-01-11T10:50:00+09:00,,,COMPLETED_UNUSED
ASG_000827,APP0148_FIRST_INTERVIEW,RSV_APP0148_FIRST_INTERVIEW,RESERVED,4,2026-12-08T14:04:00+09:00,,,SCHEDULED_ALLOCATION
ASG_000828,APP0148_FIRST_INTERVIEW,RSV_APP0148_FIRST_INTERVIEW,CONSUMED,0.58333333,2027-01-14T09:35:00+09:00,APP0148_FIRST_INTERVIEW_TECHNICAL_ASSESSMENT,FIRST_PANEL_01_ML_ENGINEER,ACTUAL_PARTICIPATION
ASG_000829,APP0148_FIRST_INTERVIEW,RSV_APP0148_FIRST_INTERVIEW,CONSUMED,0.58333333,2027-01-14T09:35:00+09:00,APP0148_FIRST_INTERVIEW_TECHNICAL_ASSESSMENT,FIRST_PANEL_01_HIRING_MANAGER,ACTUAL_PARTICIPATION
ASG_000830,APP0148_FIRST_INTERVIEW,RSV_APP0148_FIRST_INTERVIEW,CONSUMED,0.5,2027-01-14T10:05:00+09:00,APP0148_FIRST_INTERVIEW_AI_CASE,FIRST_PANEL_01_ML_ENGINEER,ACTUAL_PARTICIPATION
ASG_000831,APP0148_FIRST_INTERVIEW,RSV_APP0148_FIRST_INTERVIEW,CONSUMED,0.5,2027-01-14T10:05:00+09:00,APP0148_FIRST_INTERVIEW_AI_CASE,FIRST_PANEL_01_HIRING_MANAGER,ACTUAL_PARTICIPATION
ASG_000832,APP0148_FIRST_INTERVIEW,RSV_APP0148_FIRST_INTERVIEW,CONSUMED,0.33333333,2027-01-14T10:25:00+09:00,APP0148_FIRST_INTERVIEW_PRACTITIONER_QA,FIRST_PANEL_01_ML_ENGINEER,ACTUAL_PARTICIPATION
ASG_000833,APP0148_FIRST_INTERVIEW,RSV_APP0148_FIRST_INTERVIEW,CONSUMED,0.33333333,2027-01-14T10:25:00+09:00,APP0148_FIRST_INTERVIEW_PRACTITIONER_QA,FIRST_PANEL_01_HIRING_MANAGER,ACTUAL_PARTICIPATION
ASG_000834,APP0148_FIRST_INTERVIEW,RSV_APP0148_FIRST_INTERVIEW,CONSUMED,0.25,2027-01-14T10:40:00+09:00,APP0148_FIRST_INTERVIEW_CALIBRATION,FIRST_PANEL_01_ML_ENGINEER,ACTUAL_PARTICIPATION
ASG_000835,APP0148_FIRST_INTERVIEW,RSV_APP0148_FIRST_INTERVIEW,CONSUMED,0.25,2027-01-14T10:40:00+09:00,APP0148_FIRST_INTERVIEW_CALIBRATION,FIRST_PANEL_01_HIRING_MANAGER,ACTUAL_PARTICIPATION
ASG_000836,APP0148_FIRST_INTERVIEW,RSV_APP0148_FIRST_INTERVIEW,RELEASED,0.66666668,2027-01-14T10:40:00+09:00,,,COMPLETED_UNUSED
ASG_000837,APP0149_FIRST_INTERVIEW,RSV_APP0149_FIRST_INTERVIEW,RESERVED,4,2026-12-08T14:04:00+09:00,,,SCHEDULED_ALLOCATION
ASG_000838,APP0149_FIRST_INTERVIEW,RSV_APP0149_FIRST_INTERVIEW,CONSUMED,0.58333333,2027-01-14T09:35:00+09:00,APP0149_FIRST_INTERVIEW_TECHNICAL_ASSESSMENT,FIRST_PANEL_02_ML_ENGINEER,ACTUAL_PARTICIPATION
ASG_000839,APP0149_FIRST_INTERVIEW,RSV_APP0149_FIRST_INTERVIEW,CONSUMED,0.58333333,2027-01-14T09:35:00+09:00,APP0149_FIRST_INTERVIEW_TECHNICAL_ASSESSMENT,FIRST_PANEL_02_HIRING_MANAGER,ACTUAL_PARTICIPATION
ASG_000840,APP0149_FIRST_INTERVIEW,RSV_APP0149_FIRST_INTERVIEW,CONSUMED,0.41666667,2027-01-14T10:00:00+09:00,APP0149_FIRST_INTERVIEW_AI_CASE,FIRST_PANEL_02_ML_ENGINEER,ACTUAL_PARTICIPATION
ASG_000841,APP0149_FIRST_INTERVIEW,RSV_APP0149_FIRST_INTERVIEW,CONSUMED,0.41666667,2027-01-14T10:00:00+09:00,APP0149_FIRST_INTERVIEW_AI_CASE,FIRST_PANEL_02_HIRING_MANAGER,ACTUAL_PARTICIPATION
ASG_000842,APP0149_FIRST_INTERVIEW,RSV_APP0149_FIRST_INTERVIEW,CONSUMED,0.33333333,2027-01-14T10:20:00+09:00,APP0149_FIRST_INTERVIEW_PRACTITIONER_QA,FIRST_PANEL_02_ML_ENGINEER,ACTUAL_PARTICIPATION
ASG_000843,APP0149_FIRST_INTERVIEW,RSV_APP0149_FIRST_INTERVIEW,CONSUMED,0.33333333,2027-01-14T10:20:00+09:00,APP0149_FIRST_INTERVIEW_PRACTITIONER_QA,FIRST_PANEL_02_HIRING_MANAGER,ACTUAL_PARTICIPATION
ASG_000844,APP0149_FIRST_INTERVIEW,RSV_APP0149_FIRST_INTERVIEW,CONSUMED,0.41666667,2027-01-14T10:45:00+09:00,APP0149_FIRST_INTERVIEW_CALIBRATION,FIRST_PANEL_02_ML_ENGINEER,ACTUAL_PARTICIPATION
ASG_000845,APP0149_FIRST_INTERVIEW,RSV_APP0149_FIRST_INTERVIEW,CONSUMED,0.41666667,2027-01-14T10:45:00+09:00,APP0149_FIRST_INTERVIEW_CALIBRATION,FIRST_PANEL_02_HIRING_MANAGER,ACTUAL_PARTICIPATION
ASG_000846,APP0149_FIRST_INTERVIEW,RSV_APP0149_FIRST_INTERVIEW,RELEASED,0.5,2027-01-14T10:45:00+09:00,,,COMPLETED_UNUSED
ASG_000847,APP0150_FIRST_INTERVIEW,RSV_APP0150_FIRST_INTERVIEW,RESERVED,4,2026-12-08T14:04:00+09:00,,,SCHEDULED_ALLOCATION
ASG_000848,APP0150_FIRST_INTERVIEW,RSV_APP0150_FIRST_INTERVIEW,CONSUMED,0.5,2027-01-14T09:30:00+09:00,APP0150_FIRST_INTERVIEW_TECHNICAL_ASSESSMENT,FIRST_PANEL_03_ML_ENGINEER,ACTUAL_PARTICIPATION
ASG_000849,APP0150_FIRST_INTERVIEW,RSV_APP0150_FIRST_INTERVIEW,CONSUMED,0.5,2027-01-14T09:30:00+09:00,APP0150_FIRST_INTERVIEW_TECHNICAL_ASSESSMENT,FIRST_PANEL_03_HIRING_MANAGER,ACTUAL_PARTICIPATION
ASG_000850,APP0150_FIRST_INTERVIEW,RSV_APP0150_FIRST_INTERVIEW,CONSUMED,0.5,2027-01-14T10:00:00+09:00,APP0150_FIRST_INTERVIEW_AI_CASE,FIRST_PANEL_03_ML_ENGINEER,ACTUAL_PARTICIPATION
ASG_000851,APP0150_FIRST_INTERVIEW,RSV_APP0150_FIRST_INTERVIEW,CONSUMED,0.5,2027-01-14T10:00:00+09:00,APP0150_FIRST_INTERVIEW_AI_CASE,FIRST_PANEL_03_HIRING_MANAGER,ACTUAL_PARTICIPATION
ASG_000852,APP0150_FIRST_INTERVIEW,RSV_APP0150_FIRST_INTERVIEW,CONSUMED,0.41666667,2027-01-14T10:25:00+09:00,APP0150_FIRST_INTERVIEW_PRACTITIONER_QA,FIRST_PANEL_03_ML_ENGINEER,ACTUAL_PARTICIPATION
ASG_000853,APP0150_FIRST_INTERVIEW,RSV_APP0150_FIRST_INTERVIEW,CONSUMED,0.41666667,2027-01-14T10:25:00+09:00,APP0150_FIRST_INTERVIEW_PRACTITIONER_QA,FIRST_PANEL_03_HIRING_MANAGER,ACTUAL_PARTICIPATION
ASG_000854,APP0150_FIRST_INTERVIEW,RSV_APP0150_FIRST_INTERVIEW,CONSUMED,0.41666667,2027-01-14T10:50:00+09:00,APP0150_FIRST_INTERVIEW_CALIBRATION,FIRST_PANEL_03_ML_ENGINEER,ACTUAL_PARTICIPATION
ASG_000855,APP0150_FIRST_INTERVIEW,RSV_APP0150_FIRST_INTERVIEW,CONSUMED,0.41666667,2027-01-14T10:50:00+09:00,APP0150_FIRST_INTERVIEW_CALIBRATION,FIRST_PANEL_03_HIRING_MANAGER,ACTUAL_PARTICIPATION
ASG_000856,APP0150_FIRST_INTERVIEW,RSV_APP0150_FIRST_INTERVIEW,RELEASED,0.33333332,2027-01-14T10:50:00+09:00,,,COMPLETED_UNUSED
ASG_000857,APP0151_FIRST_INTERVIEW,RSV_APP0151_FIRST_INTERVIEW,RESERVED,4,2026-12-08T14:04:00+09:00,,,SCHEDULED_ALLOCATION
ASG_000858,APP0151_FIRST_INTERVIEW,RSV_APP0151_FIRST_INTERVIEW,CONSUMED,0.41666667,2027-01-14T09:25:00+09:00,APP0151_FIRST_INTERVIEW_TECHNICAL_ASSESSMENT,FIRST_PANEL_04_ML_ENGINEER,ACTUAL_PARTICIPATION
ASG_000859,APP0151_FIRST_INTERVIEW,RSV_APP0151_FIRST_INTERVIEW,CONSUMED,0.41666667,2027-01-14T09:25:00+09:00,APP0151_FIRST_INTERVIEW_TECHNICAL_ASSESSMENT,FIRST_PANEL_04_HIRING_MANAGER,ACTUAL_PARTICIPATION
ASG_000860,APP0151_FIRST_INTERVIEW,RSV_APP0151_FIRST_INTERVIEW,CONSUMED,0.41666667,2027-01-14T09:50:00+09:00,APP0151_FIRST_INTERVIEW_AI_CASE,FIRST_PANEL_04_ML_ENGINEER,ACTUAL_PARTICIPATION
ASG_000861,APP0151_FIRST_INTERVIEW,RSV_APP0151_FIRST_INTERVIEW,CONSUMED,0.41666667,2027-01-14T09:50:00+09:00,APP0151_FIRST_INTERVIEW_AI_CASE,FIRST_PANEL_04_HIRING_MANAGER,ACTUAL_PARTICIPATION
ASG_000862,APP0151_FIRST_INTERVIEW,RSV_APP0151_FIRST_INTERVIEW,CONSUMED,0.41666667,2027-01-14T10:15:00+09:00,APP0151_FIRST_INTERVIEW_PRACTITIONER_QA,FIRST_PANEL_04_ML_ENGINEER,ACTUAL_PARTICIPATION
ASG_000863,APP0151_FIRST_INTERVIEW,RSV_APP0151_FIRST_INTERVIEW,CONSUMED,0.41666667,2027-01-14T10:15:00+09:00,APP0151_FIRST_INTERVIEW_PRACTITIONER_QA,FIRST_PANEL_04_HIRING_MANAGER,ACTUAL_PARTICIPATION
ASG_000864,APP0151_FIRST_INTERVIEW,RSV_APP0151_FIRST_INTERVIEW,CONSUMED,0.41666667,2027-01-14T10:40:00+09:00,APP0151_FIRST_INTERVIEW_CALIBRATION,FIRST_PANEL_04_ML_ENGINEER,ACTUAL_PARTICIPATION
ASG_000865,APP0151_FIRST_INTERVIEW,RSV_APP0151_FIRST_INTERVIEW,CONSUMED,0.41666667,2027-01-14T10:40:00+09:00,APP0151_FIRST_INTERVIEW_CALIBRATION,FIRST_PANEL_04_HIRING_MANAGER,ACTUAL_PARTICIPATION
ASG_000866,APP0151_FIRST_INTERVIEW,RSV_APP0151_FIRST_INTERVIEW,RELEASED,0.66666664,2027-01-14T10:40:00+09:00,,,COMPLETED_UNUSED
ASG_000867,APP0152_FIRST_INTERVIEW,RSV_APP0152_FIRST_INTERVIEW,RESERVED,4,2026-12-08T14:04:00+09:00,,,SCHEDULED_ALLOCATION
ASG_000868,APP0152_FIRST_INTERVIEW,RSV_APP0152_FIRST_INTERVIEW,CONSUMED,0.5,2027-01-14T09:30:00+09:00,APP0152_FIRST_INTERVIEW_TECHNICAL_ASSESSMENT,FIRST_PANEL_05_ML_ENGINEER,ACTUAL_PARTICIPATION
ASG_000869,APP0152_FIRST_INTERVIEW,RSV_APP0152_FIRST_INTERVIEW,CONSUMED,0.5,2027-01-14T09:30:00+09:00,APP0152_FIRST_INTERVIEW_TECHNICAL_ASSESSMENT,FIRST_PANEL_05_HIRING_MANAGER,ACTUAL_PARTICIPATION
ASG_000870,APP0152_FIRST_INTERVIEW,RSV_APP0152_FIRST_INTERVIEW,CONSUMED,0.58333333,2027-01-14T10:05:00+09:00,APP0152_FIRST_INTERVIEW_AI_CASE,FIRST_PANEL_05_ML_ENGINEER,ACTUAL_PARTICIPATION
ASG_000871,APP0152_FIRST_INTERVIEW,RSV_APP0152_FIRST_INTERVIEW,CONSUMED,0.58333333,2027-01-14T10:05:00+09:00,APP0152_FIRST_INTERVIEW_AI_CASE,FIRST_PANEL_05_HIRING_MANAGER,ACTUAL_PARTICIPATION
ASG_000872,APP0152_FIRST_INTERVIEW,RSV_APP0152_FIRST_INTERVIEW,CONSUMED,0.41666667,2027-01-14T10:30:00+09:00,APP0152_FIRST_INTERVIEW_PRACTITIONER_QA,FIRST_PANEL_05_ML_ENGINEER,ACTUAL_PARTICIPATION
ASG_000873,APP0152_FIRST_INTERVIEW,RSV_APP0152_FIRST_INTERVIEW,CONSUMED,0.41666667,2027-01-14T10:30:00+09:00,APP0152_FIRST_INTERVIEW_PRACTITIONER_QA,FIRST_PANEL_05_HIRING_MANAGER,ACTUAL_PARTICIPATION
ASG_000874,APP0152_FIRST_INTERVIEW,RSV_APP0152_FIRST_INTERVIEW,CONSUMED,0.41666667,2027-01-14T10:55:00+09:00,APP0152_FIRST_INTERVIEW_CALIBRATION,FIRST_PANEL_05_ML_ENGINEER,ACTUAL_PARTICIPATION
ASG_000875,APP0152_FIRST_INTERVIEW,RSV_APP0152_FIRST_INTERVIEW,CONSUMED,0.41666667,2027-01-14T10:55:00+09:00,APP0152_FIRST_INTERVIEW_CALIBRATION,FIRST_PANEL_05_HIRING_MANAGER,ACTUAL_PARTICIPATION
ASG_000876,APP0152_FIRST_INTERVIEW,RSV_APP0152_FIRST_INTERVIEW,RELEASED,0.16666666,2027-01-14T10:55:00+09:00,,,COMPLETED_UNUSED
ASG_000877,APP0153_FIRST_INTERVIEW,RSV_APP0153_FIRST_INTERVIEW,RESERVED,4,2026-12-08T14:04:00+09:00,,,SCHEDULED_ALLOCATION
ASG_000878,APP0153_FIRST_INTERVIEW,RSV_APP0153_FIRST_INTERVIEW,CONSUMED,0.58333333,2027-01-14T09:35:00+09:00,APP0153_FIRST_INTERVIEW_TECHNICAL_ASSESSMENT,FIRST_PANEL_06_ML_ENGINEER,ACTUAL_PARTICIPATION
ASG_000879,APP0153_FIRST_INTERVIEW,RSV_APP0153_FIRST_INTERVIEW,CONSUMED,0.58333333,2027-01-14T09:35:00+09:00,APP0153_FIRST_INTERVIEW_TECHNICAL_ASSESSMENT,FIRST_PANEL_06_HIRING_MANAGER,ACTUAL_PARTICIPATION
ASG_000880,APP0153_FIRST_INTERVIEW,RSV_APP0153_FIRST_INTERVIEW,CONSUMED,0.58333333,2027-01-14T10:10:00+09:00,APP0153_FIRST_INTERVIEW_AI_CASE,FIRST_PANEL_06_ML_ENGINEER,ACTUAL_PARTICIPATION
ASG_000881,APP0153_FIRST_INTERVIEW,RSV_APP0153_FIRST_INTERVIEW,CONSUMED,0.58333333,2027-01-14T10:10:00+09:00,APP0153_FIRST_INTERVIEW_AI_CASE,FIRST_PANEL_06_HIRING_MANAGER,ACTUAL_PARTICIPATION
ASG_000882,APP0153_FIRST_INTERVIEW,RSV_APP0153_FIRST_INTERVIEW,CONSUMED,0.33333333,2027-01-14T10:30:00+09:00,APP0153_FIRST_INTERVIEW_PRACTITIONER_QA,FIRST_PANEL_06_ML_ENGINEER,ACTUAL_PARTICIPATION
ASG_000883,APP0153_FIRST_INTERVIEW,RSV_APP0153_FIRST_INTERVIEW,CONSUMED,0.33333333,2027-01-14T10:30:00+09:00,APP0153_FIRST_INTERVIEW_PRACTITIONER_QA,FIRST_PANEL_06_HIRING_MANAGER,ACTUAL_PARTICIPATION
ASG_000884,APP0153_FIRST_INTERVIEW,RSV_APP0153_FIRST_INTERVIEW,CONSUMED,0.33333333,2027-01-14T10:50:00+09:00,APP0153_FIRST_INTERVIEW_CALIBRATION,FIRST_PANEL_06_ML_ENGINEER,ACTUAL_PARTICIPATION
ASG_000885,APP0153_FIRST_INTERVIEW,RSV_APP0153_FIRST_INTERVIEW,CONSUMED,0.33333333,2027-01-14T10:50:00+09:00,APP0153_FIRST_INTERVIEW_CALIBRATION,FIRST_PANEL_06_HIRING_MANAGER,ACTUAL_PARTICIPATION
ASG_000886,APP0153_FIRST_INTERVIEW,RSV_APP0153_FIRST_INTERVIEW,RELEASED,0.33333336,2027-01-14T10:50:00+09:00,,,COMPLETED_UNUSED
ASG_000887,APP0154_FIRST_INTERVIEW,RSV_APP0154_FIRST_INTERVIEW,RESERVED,4,2026-12-08T14:04:00+09:00,,,SCHEDULED_ALLOCATION
ASG_000888,APP0154_FIRST_INTERVIEW,RSV_APP0154_FIRST_INTERVIEW,CONSUMED,0.58333333,2027-01-14T09:35:00+09:00,APP0154_FIRST_INTERVIEW_TECHNICAL_ASSESSMENT,FIRST_PANEL_07_ML_ENGINEER,ACTUAL_PARTICIPATION
ASG_000889,APP0154_FIRST_INTERVIEW,RSV_APP0154_FIRST_INTERVIEW,CONSUMED,0.58333333,2027-01-14T09:35:00+09:00,APP0154_FIRST_INTERVIEW_TECHNICAL_ASSESSMENT,FIRST_PANEL_07_HIRING_MANAGER,ACTUAL_PARTICIPATION
ASG_000890,APP0154_FIRST_INTERVIEW,RSV_APP0154_FIRST_INTERVIEW,CONSUMED,0.5,2027-01-14T10:05:00+09:00,APP0154_FIRST_INTERVIEW_AI_CASE,FIRST_PANEL_07_ML_ENGINEER,ACTUAL_PARTICIPATION
ASG_000891,APP0154_FIRST_INTERVIEW,RSV_APP0154_FIRST_INTERVIEW,CONSUMED,0.5,2027-01-14T10:05:00+09:00,APP0154_FIRST_INTERVIEW_AI_CASE,FIRST_PANEL_07_HIRING_MANAGER,ACTUAL_PARTICIPATION
ASG_000892,APP0154_FIRST_INTERVIEW,RSV_APP0154_FIRST_INTERVIEW,CONSUMED,0.41666667,2027-01-14T10:30:00+09:00,APP0154_FIRST_INTERVIEW_PRACTITIONER_QA,FIRST_PANEL_07_ML_ENGINEER,ACTUAL_PARTICIPATION
ASG_000893,APP0154_FIRST_INTERVIEW,RSV_APP0154_FIRST_INTERVIEW,CONSUMED,0.41666667,2027-01-14T10:30:00+09:00,APP0154_FIRST_INTERVIEW_PRACTITIONER_QA,FIRST_PANEL_07_HIRING_MANAGER,ACTUAL_PARTICIPATION
ASG_000894,APP0154_FIRST_INTERVIEW,RSV_APP0154_FIRST_INTERVIEW,CONSUMED,0.33333333,2027-01-14T10:50:00+09:00,APP0154_FIRST_INTERVIEW_CALIBRATION,FIRST_PANEL_07_ML_ENGINEER,ACTUAL_PARTICIPATION
ASG_000895,APP0154_FIRST_INTERVIEW,RSV_APP0154_FIRST_INTERVIEW,CONSUMED,0.33333333,2027-01-14T10:50:00+09:00,APP0154_FIRST_INTERVIEW_CALIBRATION,FIRST_PANEL_07_HIRING_MANAGER,ACTUAL_PARTICIPATION
ASG_000896,APP0154_FIRST_INTERVIEW,RSV_APP0154_FIRST_INTERVIEW,RELEASED,0.33333334,2027-01-14T10:50:00+09:00,,,COMPLETED_UNUSED
ASG_000897,APP0155_FIRST_INTERVIEW,RSV_APP0155_FIRST_INTERVIEW,RESERVED,4,2026-12-08T14:04:00+09:00,,,SCHEDULED_ALLOCATION
ASG_000898,APP0155_FIRST_INTERVIEW,RSV_APP0155_FIRST_INTERVIEW,CONSUMED,0.41666667,2027-01-14T09:25:00+09:00,APP0155_FIRST_INTERVIEW_TECHNICAL_ASSESSMENT,FIRST_PANEL_08_ML_ENGINEER,ACTUAL_PARTICIPATION
ASG_000899,APP0155_FIRST_INTERVIEW,RSV_APP0155_FIRST_INTERVIEW,CONSUMED,0.41666667,2027-01-14T09:25:00+09:00,APP0155_FIRST_INTERVIEW_TECHNICAL_ASSESSMENT,FIRST_PANEL_08_HIRING_MANAGER,ACTUAL_PARTICIPATION
ASG_000900,APP0155_FIRST_INTERVIEW,RSV_APP0155_FIRST_INTERVIEW,CONSUMED,0.41666667,2027-01-14T09:50:00+09:00,APP0155_FIRST_INTERVIEW_AI_CASE,FIRST_PANEL_08_ML_ENGINEER,ACTUAL_PARTICIPATION
ASG_000901,APP0155_FIRST_INTERVIEW,RSV_APP0155_FIRST_INTERVIEW,CONSUMED,0.41666667,2027-01-14T09:50:00+09:00,APP0155_FIRST_INTERVIEW_AI_CASE,FIRST_PANEL_08_HIRING_MANAGER,ACTUAL_PARTICIPATION
ASG_000902,APP0155_FIRST_INTERVIEW,RSV_APP0155_FIRST_INTERVIEW,CONSUMED,0.41666667,2027-01-14T10:15:00+09:00,APP0155_FIRST_INTERVIEW_PRACTITIONER_QA,FIRST_PANEL_08_ML_ENGINEER,ACTUAL_PARTICIPATION
ASG_000903,APP0155_FIRST_INTERVIEW,RSV_APP0155_FIRST_INTERVIEW,CONSUMED,0.41666667,2027-01-14T10:15:00+09:00,APP0155_FIRST_INTERVIEW_PRACTITIONER_QA,FIRST_PANEL_08_HIRING_MANAGER,ACTUAL_PARTICIPATION
ASG_000904,APP0155_FIRST_INTERVIEW,RSV_APP0155_FIRST_INTERVIEW,CONSUMED,0.25,2027-01-14T10:30:00+09:00,APP0155_FIRST_INTERVIEW_CALIBRATION,FIRST_PANEL_08_ML_ENGINEER,ACTUAL_PARTICIPATION
ASG_000905,APP0155_FIRST_INTERVIEW,RSV_APP0155_FIRST_INTERVIEW,CONSUMED,0.25,2027-01-14T10:30:00+09:00,APP0155_FIRST_INTERVIEW_CALIBRATION,FIRST_PANEL_08_HIRING_MANAGER,ACTUAL_PARTICIPATION
ASG_000906,APP0155_FIRST_INTERVIEW,RSV_APP0155_FIRST_INTERVIEW,RELEASED,0.99999998,2027-01-14T10:30:00+09:00,,,COMPLETED_UNUSED
ASG_000907,APP0159_FIRST_INTERVIEW,RSV_APP0159_FIRST_INTERVIEW,RESERVED,4,2026-12-08T14:04:00+09:00,,,SCHEDULED_ALLOCATION
ASG_000908,APP0159_FIRST_INTERVIEW,RSV_APP0159_FIRST_INTERVIEW,CONSUMED,0.5,2027-01-14T09:30:00+09:00,APP0159_FIRST_INTERVIEW_TECHNICAL_ASSESSMENT,FIRST_PANEL_09_ML_ENGINEER,ACTUAL_PARTICIPATION
ASG_000909,APP0159_FIRST_INTERVIEW,RSV_APP0159_FIRST_INTERVIEW,CONSUMED,0.5,2027-01-14T09:30:00+09:00,APP0159_FIRST_INTERVIEW_TECHNICAL_ASSESSMENT,FIRST_PANEL_09_HIRING_MANAGER,ACTUAL_PARTICIPATION
ASG_000910,APP0159_FIRST_INTERVIEW,RSV_APP0159_FIRST_INTERVIEW,CONSUMED,0.58333333,2027-01-14T10:05:00+09:00,APP0159_FIRST_INTERVIEW_AI_CASE,FIRST_PANEL_09_ML_ENGINEER,ACTUAL_PARTICIPATION
ASG_000911,APP0159_FIRST_INTERVIEW,RSV_APP0159_FIRST_INTERVIEW,CONSUMED,0.58333333,2027-01-14T10:05:00+09:00,APP0159_FIRST_INTERVIEW_AI_CASE,FIRST_PANEL_09_HIRING_MANAGER,ACTUAL_PARTICIPATION
ASG_000912,APP0159_FIRST_INTERVIEW,RSV_APP0159_FIRST_INTERVIEW,CONSUMED,0.41666667,2027-01-14T10:30:00+09:00,APP0159_FIRST_INTERVIEW_PRACTITIONER_QA,FIRST_PANEL_09_ML_ENGINEER,ACTUAL_PARTICIPATION
ASG_000913,APP0159_FIRST_INTERVIEW,RSV_APP0159_FIRST_INTERVIEW,CONSUMED,0.41666667,2027-01-14T10:30:00+09:00,APP0159_FIRST_INTERVIEW_PRACTITIONER_QA,FIRST_PANEL_09_HIRING_MANAGER,ACTUAL_PARTICIPATION
ASG_000914,APP0159_FIRST_INTERVIEW,RSV_APP0159_FIRST_INTERVIEW,CONSUMED,0.25,2027-01-14T10:45:00+09:00,APP0159_FIRST_INTERVIEW_CALIBRATION,FIRST_PANEL_09_ML_ENGINEER,ACTUAL_PARTICIPATION
ASG_000915,APP0159_FIRST_INTERVIEW,RSV_APP0159_FIRST_INTERVIEW,CONSUMED,0.25,2027-01-14T10:45:00+09:00,APP0159_FIRST_INTERVIEW_CALIBRATION,FIRST_PANEL_09_HIRING_MANAGER,ACTUAL_PARTICIPATION
ASG_000916,APP0159_FIRST_INTERVIEW,RSV_APP0159_FIRST_INTERVIEW,RELEASED,0.5,2027-01-14T10:45:00+09:00,,,COMPLETED_UNUSED
ASG_000917,APP0161_FIRST_INTERVIEW,RSV_APP0161_FIRST_INTERVIEW,RESERVED,4,2026-12-08T14:04:00+09:00,,,SCHEDULED_ALLOCATION
ASG_000918,APP0161_FIRST_INTERVIEW,RSV_APP0161_FIRST_INTERVIEW,CONSUMED,0.41666667,2027-01-14T09:25:00+09:00,APP0161_FIRST_INTERVIEW_TECHNICAL_ASSESSMENT,FIRST_PANEL_10_ML_ENGINEER,ACTUAL_PARTICIPATION
ASG_000919,APP0161_FIRST_INTERVIEW,RSV_APP0161_FIRST_INTERVIEW,CONSUMED,0.41666667,2027-01-14T09:25:00+09:00,APP0161_FIRST_INTERVIEW_TECHNICAL_ASSESSMENT,FIRST_PANEL_10_HIRING_MANAGER,ACTUAL_PARTICIPATION
ASG_000920,APP0161_FIRST_INTERVIEW,RSV_APP0161_FIRST_INTERVIEW,CONSUMED,0.5,2027-01-14T09:55:00+09:00,APP0161_FIRST_INTERVIEW_AI_CASE,FIRST_PANEL_10_ML_ENGINEER,ACTUAL_PARTICIPATION
ASG_000921,APP0161_FIRST_INTERVIEW,RSV_APP0161_FIRST_INTERVIEW,CONSUMED,0.5,2027-01-14T09:55:00+09:00,APP0161_FIRST_INTERVIEW_AI_CASE,FIRST_PANEL_10_HIRING_MANAGER,ACTUAL_PARTICIPATION
ASG_000922,APP0161_FIRST_INTERVIEW,RSV_APP0161_FIRST_INTERVIEW,CONSUMED,0.41666667,2027-01-14T10:20:00+09:00,APP0161_FIRST_INTERVIEW_PRACTITIONER_QA,FIRST_PANEL_10_ML_ENGINEER,ACTUAL_PARTICIPATION
ASG_000923,APP0161_FIRST_INTERVIEW,RSV_APP0161_FIRST_INTERVIEW,CONSUMED,0.41666667,2027-01-14T10:20:00+09:00,APP0161_FIRST_INTERVIEW_PRACTITIONER_QA,FIRST_PANEL_10_HIRING_MANAGER,ACTUAL_PARTICIPATION
ASG_000924,APP0161_FIRST_INTERVIEW,RSV_APP0161_FIRST_INTERVIEW,CONSUMED,0.41666667,2027-01-14T10:45:00+09:00,APP0161_FIRST_INTERVIEW_CALIBRATION,FIRST_PANEL_10_ML_ENGINEER,ACTUAL_PARTICIPATION
ASG_000925,APP0161_FIRST_INTERVIEW,RSV_APP0161_FIRST_INTERVIEW,CONSUMED,0.41666667,2027-01-14T10:45:00+09:00,APP0161_FIRST_INTERVIEW_CALIBRATION,FIRST_PANEL_10_HIRING_MANAGER,ACTUAL_PARTICIPATION
ASG_000926,APP0161_FIRST_INTERVIEW,RSV_APP0161_FIRST_INTERVIEW,RELEASED,0.49999998,2027-01-14T10:45:00+09:00,,,COMPLETED_UNUSED
ASG_000927,APP0162_FIRST_INTERVIEW,RSV_APP0162_FIRST_INTERVIEW,RESERVED,4,2026-12-08T14:04:00+09:00,,,SCHEDULED_ALLOCATION
ASG_000928,APP0162_FIRST_INTERVIEW,RSV_APP0162_FIRST_INTERVIEW,CONSUMED,0.41666667,2027-01-18T09:25:00+09:00,APP0162_FIRST_INTERVIEW_TECHNICAL_ASSESSMENT,FIRST_PANEL_01_ML_ENGINEER,ACTUAL_PARTICIPATION
ASG_000929,APP0162_FIRST_INTERVIEW,RSV_APP0162_FIRST_INTERVIEW,CONSUMED,0.41666667,2027-01-18T09:25:00+09:00,APP0162_FIRST_INTERVIEW_TECHNICAL_ASSESSMENT,FIRST_PANEL_01_HIRING_MANAGER,ACTUAL_PARTICIPATION
ASG_000930,APP0162_FIRST_INTERVIEW,RSV_APP0162_FIRST_INTERVIEW,CONSUMED,0.41666667,2027-01-18T09:50:00+09:00,APP0162_FIRST_INTERVIEW_AI_CASE,FIRST_PANEL_01_ML_ENGINEER,ACTUAL_PARTICIPATION
ASG_000931,APP0162_FIRST_INTERVIEW,RSV_APP0162_FIRST_INTERVIEW,CONSUMED,0.41666667,2027-01-18T09:50:00+09:00,APP0162_FIRST_INTERVIEW_AI_CASE,FIRST_PANEL_01_HIRING_MANAGER,ACTUAL_PARTICIPATION
ASG_000932,APP0162_FIRST_INTERVIEW,RSV_APP0162_FIRST_INTERVIEW,CONSUMED,0.41666667,2027-01-18T10:15:00+09:00,APP0162_FIRST_INTERVIEW_PRACTITIONER_QA,FIRST_PANEL_01_ML_ENGINEER,ACTUAL_PARTICIPATION
ASG_000933,APP0162_FIRST_INTERVIEW,RSV_APP0162_FIRST_INTERVIEW,CONSUMED,0.41666667,2027-01-18T10:15:00+09:00,APP0162_FIRST_INTERVIEW_PRACTITIONER_QA,FIRST_PANEL_01_HIRING_MANAGER,ACTUAL_PARTICIPATION
ASG_000934,APP0162_FIRST_INTERVIEW,RSV_APP0162_FIRST_INTERVIEW,CONSUMED,0.33333333,2027-01-18T10:35:00+09:00,APP0162_FIRST_INTERVIEW_CALIBRATION,FIRST_PANEL_01_ML_ENGINEER,ACTUAL_PARTICIPATION
ASG_000935,APP0162_FIRST_INTERVIEW,RSV_APP0162_FIRST_INTERVIEW,CONSUMED,0.33333333,2027-01-18T10:35:00+09:00,APP0162_FIRST_INTERVIEW_CALIBRATION,FIRST_PANEL_01_HIRING_MANAGER,ACTUAL_PARTICIPATION
ASG_000936,APP0162_FIRST_INTERVIEW,RSV_APP0162_FIRST_INTERVIEW,RELEASED,0.83333332,2027-01-18T10:35:00+09:00,,,COMPLETED_UNUSED
ASG_000937,APP0163_FIRST_INTERVIEW,RSV_APP0163_FIRST_INTERVIEW,RESERVED,4,2026-12-08T14:04:00+09:00,,,SCHEDULED_ALLOCATION
ASG_000938,APP0163_FIRST_INTERVIEW,RSV_APP0163_FIRST_INTERVIEW,CONSUMED,0.41666667,2027-01-18T09:25:00+09:00,APP0163_FIRST_INTERVIEW_TECHNICAL_ASSESSMENT,FIRST_PANEL_02_ML_ENGINEER,ACTUAL_PARTICIPATION
ASG_000939,APP0163_FIRST_INTERVIEW,RSV_APP0163_FIRST_INTERVIEW,CONSUMED,0.41666667,2027-01-18T09:25:00+09:00,APP0163_FIRST_INTERVIEW_TECHNICAL_ASSESSMENT,FIRST_PANEL_02_HIRING_MANAGER,ACTUAL_PARTICIPATION
ASG_000940,APP0163_FIRST_INTERVIEW,RSV_APP0163_FIRST_INTERVIEW,CONSUMED,0.41666667,2027-01-18T09:50:00+09:00,APP0163_FIRST_INTERVIEW_AI_CASE,FIRST_PANEL_02_ML_ENGINEER,ACTUAL_PARTICIPATION
ASG_000941,APP0163_FIRST_INTERVIEW,RSV_APP0163_FIRST_INTERVIEW,CONSUMED,0.41666667,2027-01-18T09:50:00+09:00,APP0163_FIRST_INTERVIEW_AI_CASE,FIRST_PANEL_02_HIRING_MANAGER,ACTUAL_PARTICIPATION
ASG_000942,APP0163_FIRST_INTERVIEW,RSV_APP0163_FIRST_INTERVIEW,CONSUMED,0.33333333,2027-01-18T10:10:00+09:00,APP0163_FIRST_INTERVIEW_PRACTITIONER_QA,FIRST_PANEL_02_ML_ENGINEER,ACTUAL_PARTICIPATION
ASG_000943,APP0163_FIRST_INTERVIEW,RSV_APP0163_FIRST_INTERVIEW,CONSUMED,0.33333333,2027-01-18T10:10:00+09:00,APP0163_FIRST_INTERVIEW_PRACTITIONER_QA,FIRST_PANEL_02_HIRING_MANAGER,ACTUAL_PARTICIPATION
ASG_000944,APP0163_FIRST_INTERVIEW,RSV_APP0163_FIRST_INTERVIEW,CONSUMED,0.25,2027-01-18T10:25:00+09:00,APP0163_FIRST_INTERVIEW_CALIBRATION,FIRST_PANEL_02_ML_ENGINEER,ACTUAL_PARTICIPATION
ASG_000945,APP0163_FIRST_INTERVIEW,RSV_APP0163_FIRST_INTERVIEW,CONSUMED,0.25,2027-01-18T10:25:00+09:00,APP0163_FIRST_INTERVIEW_CALIBRATION,FIRST_PANEL_02_HIRING_MANAGER,ACTUAL_PARTICIPATION
ASG_000946,APP0163_FIRST_INTERVIEW,RSV_APP0163_FIRST_INTERVIEW,RELEASED,1.16666666,2027-01-18T10:25:00+09:00,,,COMPLETED_UNUSED
ASG_000947,APP0164_FIRST_INTERVIEW,RSV_APP0164_FIRST_INTERVIEW,RESERVED,4,2026-12-08T14:04:00+09:00,,,SCHEDULED_ALLOCATION
ASG_000948,APP0164_FIRST_INTERVIEW,RSV_APP0164_FIRST_INTERVIEW,CONSUMED,0.5,2027-01-18T09:30:00+09:00,APP0164_FIRST_INTERVIEW_TECHNICAL_ASSESSMENT,FIRST_PANEL_03_ML_ENGINEER,ACTUAL_PARTICIPATION
ASG_000949,APP0164_FIRST_INTERVIEW,RSV_APP0164_FIRST_INTERVIEW,CONSUMED,0.5,2027-01-18T09:30:00+09:00,APP0164_FIRST_INTERVIEW_TECHNICAL_ASSESSMENT,FIRST_PANEL_03_HIRING_MANAGER,ACTUAL_PARTICIPATION
ASG_000950,APP0164_FIRST_INTERVIEW,RSV_APP0164_FIRST_INTERVIEW,CONSUMED,0.41666667,2027-01-18T09:55:00+09:00,APP0164_FIRST_INTERVIEW_AI_CASE,FIRST_PANEL_03_ML_ENGINEER,ACTUAL_PARTICIPATION
ASG_000951,APP0164_FIRST_INTERVIEW,RSV_APP0164_FIRST_INTERVIEW,CONSUMED,0.41666667,2027-01-18T09:55:00+09:00,APP0164_FIRST_INTERVIEW_AI_CASE,FIRST_PANEL_03_HIRING_MANAGER,ACTUAL_PARTICIPATION
ASG_000952,APP0164_FIRST_INTERVIEW,RSV_APP0164_FIRST_INTERVIEW,CONSUMED,0.41666667,2027-01-18T10:20:00+09:00,APP0164_FIRST_INTERVIEW_PRACTITIONER_QA,FIRST_PANEL_03_ML_ENGINEER,ACTUAL_PARTICIPATION
ASG_000953,APP0164_FIRST_INTERVIEW,RSV_APP0164_FIRST_INTERVIEW,CONSUMED,0.41666667,2027-01-18T10:20:00+09:00,APP0164_FIRST_INTERVIEW_PRACTITIONER_QA,FIRST_PANEL_03_HIRING_MANAGER,ACTUAL_PARTICIPATION
ASG_000954,APP0164_FIRST_INTERVIEW,RSV_APP0164_FIRST_INTERVIEW,CONSUMED,0.41666667,2027-01-18T10:45:00+09:00,APP0164_FIRST_INTERVIEW_CALIBRATION,FIRST_PANEL_03_ML_ENGINEER,ACTUAL_PARTICIPATION
ASG_000955,APP0164_FIRST_INTERVIEW,RSV_APP0164_FIRST_INTERVIEW,CONSUMED,0.41666667,2027-01-18T10:45:00+09:00,APP0164_FIRST_INTERVIEW_CALIBRATION,FIRST_PANEL_03_HIRING_MANAGER,ACTUAL_PARTICIPATION
ASG_000956,APP0164_FIRST_INTERVIEW,RSV_APP0164_FIRST_INTERVIEW,RELEASED,0.49999998,2027-01-18T10:45:00+09:00,,,COMPLETED_UNUSED
ASG_000957,APP0166_FIRST_INTERVIEW,RSV_APP0166_FIRST_INTERVIEW,RESERVED,4,2026-12-08T14:04:00+09:00,,,SCHEDULED_ALLOCATION
ASG_000958,APP0166_FIRST_INTERVIEW,RSV_APP0166_FIRST_INTERVIEW,CONSUMED,0.41666667,2027-01-18T09:25:00+09:00,APP0166_FIRST_INTERVIEW_TECHNICAL_ASSESSMENT,FIRST_PANEL_04_ML_ENGINEER,ACTUAL_PARTICIPATION
ASG_000959,APP0166_FIRST_INTERVIEW,RSV_APP0166_FIRST_INTERVIEW,CONSUMED,0.41666667,2027-01-18T09:25:00+09:00,APP0166_FIRST_INTERVIEW_TECHNICAL_ASSESSMENT,FIRST_PANEL_04_HIRING_MANAGER,ACTUAL_PARTICIPATION
ASG_000960,APP0166_FIRST_INTERVIEW,RSV_APP0166_FIRST_INTERVIEW,CONSUMED,0.41666667,2027-01-18T09:50:00+09:00,APP0166_FIRST_INTERVIEW_AI_CASE,FIRST_PANEL_04_ML_ENGINEER,ACTUAL_PARTICIPATION
ASG_000961,APP0166_FIRST_INTERVIEW,RSV_APP0166_FIRST_INTERVIEW,CONSUMED,0.41666667,2027-01-18T09:50:00+09:00,APP0166_FIRST_INTERVIEW_AI_CASE,FIRST_PANEL_04_HIRING_MANAGER,ACTUAL_PARTICIPATION
ASG_000962,APP0166_FIRST_INTERVIEW,RSV_APP0166_FIRST_INTERVIEW,CONSUMED,0.33333333,2027-01-18T10:10:00+09:00,APP0166_FIRST_INTERVIEW_PRACTITIONER_QA,FIRST_PANEL_04_ML_ENGINEER,ACTUAL_PARTICIPATION
ASG_000963,APP0166_FIRST_INTERVIEW,RSV_APP0166_FIRST_INTERVIEW,CONSUMED,0.33333333,2027-01-18T10:10:00+09:00,APP0166_FIRST_INTERVIEW_PRACTITIONER_QA,FIRST_PANEL_04_HIRING_MANAGER,ACTUAL_PARTICIPATION
ASG_000964,APP0166_FIRST_INTERVIEW,RSV_APP0166_FIRST_INTERVIEW,CONSUMED,0.25,2027-01-18T10:25:00+09:00,APP0166_FIRST_INTERVIEW_CALIBRATION,FIRST_PANEL_04_ML_ENGINEER,ACTUAL_PARTICIPATION
ASG_000965,APP0166_FIRST_INTERVIEW,RSV_APP0166_FIRST_INTERVIEW,CONSUMED,0.25,2027-01-18T10:25:00+09:00,APP0166_FIRST_INTERVIEW_CALIBRATION,FIRST_PANEL_04_HIRING_MANAGER,ACTUAL_PARTICIPATION
ASG_000966,APP0166_FIRST_INTERVIEW,RSV_APP0166_FIRST_INTERVIEW,RELEASED,1.16666666,2027-01-18T10:25:00+09:00,,,COMPLETED_UNUSED
ASG_000967,APP0167_FIRST_INTERVIEW,RSV_APP0167_FIRST_INTERVIEW,RESERVED,4,2026-12-08T14:04:00+09:00,,,SCHEDULED_ALLOCATION
ASG_000968,APP0167_FIRST_INTERVIEW,RSV_APP0167_FIRST_INTERVIEW,CONSUMED,0.58333333,2027-01-18T09:35:00+09:00,APP0167_FIRST_INTERVIEW_TECHNICAL_ASSESSMENT,FIRST_PANEL_05_ML_ENGINEER,ACTUAL_PARTICIPATION
ASG_000969,APP0167_FIRST_INTERVIEW,RSV_APP0167_FIRST_INTERVIEW,CONSUMED,0.58333333,2027-01-18T09:35:00+09:00,APP0167_FIRST_INTERVIEW_TECHNICAL_ASSESSMENT,FIRST_PANEL_05_HIRING_MANAGER,ACTUAL_PARTICIPATION
ASG_000970,APP0167_FIRST_INTERVIEW,RSV_APP0167_FIRST_INTERVIEW,CONSUMED,0.58333333,2027-01-18T10:10:00+09:00,APP0167_FIRST_INTERVIEW_AI_CASE,FIRST_PANEL_05_ML_ENGINEER,ACTUAL_PARTICIPATION
ASG_000971,APP0167_FIRST_INTERVIEW,RSV_APP0167_FIRST_INTERVIEW,CONSUMED,0.58333333,2027-01-18T10:10:00+09:00,APP0167_FIRST_INTERVIEW_AI_CASE,FIRST_PANEL_05_HIRING_MANAGER,ACTUAL_PARTICIPATION
ASG_000972,APP0167_FIRST_INTERVIEW,RSV_APP0167_FIRST_INTERVIEW,CONSUMED,0.41666667,2027-01-18T10:35:00+09:00,APP0167_FIRST_INTERVIEW_PRACTITIONER_QA,FIRST_PANEL_05_ML_ENGINEER,ACTUAL_PARTICIPATION
ASG_000973,APP0167_FIRST_INTERVIEW,RSV_APP0167_FIRST_INTERVIEW,CONSUMED,0.41666667,2027-01-18T10:35:00+09:00,APP0167_FIRST_INTERVIEW_PRACTITIONER_QA,FIRST_PANEL_05_HIRING_MANAGER,ACTUAL_PARTICIPATION
ASG_000974,APP0167_FIRST_INTERVIEW,RSV_APP0167_FIRST_INTERVIEW,CONSUMED,0.33333333,2027-01-18T10:55:00+09:00,APP0167_FIRST_INTERVIEW_CALIBRATION,FIRST_PANEL_05_ML_ENGINEER,ACTUAL_PARTICIPATION
ASG_000975,APP0167_FIRST_INTERVIEW,RSV_APP0167_FIRST_INTERVIEW,CONSUMED,0.33333333,2027-01-18T10:55:00+09:00,APP0167_FIRST_INTERVIEW_CALIBRATION,FIRST_PANEL_05_HIRING_MANAGER,ACTUAL_PARTICIPATION
ASG_000976,APP0167_FIRST_INTERVIEW,RSV_APP0167_FIRST_INTERVIEW,RELEASED,0.16666668,2027-01-18T10:55:00+09:00,,,COMPLETED_UNUSED
ASG_000977,APP0170_FIRST_INTERVIEW,RSV_APP0170_FIRST_INTERVIEW,RESERVED,4,2026-12-08T14:04:00+09:00,,,SCHEDULED_ALLOCATION
ASG_000978,APP0170_FIRST_INTERVIEW,RSV_APP0170_FIRST_INTERVIEW,CONSUMED,0.5,2027-01-18T09:30:00+09:00,APP0170_FIRST_INTERVIEW_TECHNICAL_ASSESSMENT,FIRST_PANEL_06_ML_ENGINEER,ACTUAL_PARTICIPATION
ASG_000979,APP0170_FIRST_INTERVIEW,RSV_APP0170_FIRST_INTERVIEW,CONSUMED,0.5,2027-01-18T09:30:00+09:00,APP0170_FIRST_INTERVIEW_TECHNICAL_ASSESSMENT,FIRST_PANEL_06_HIRING_MANAGER,ACTUAL_PARTICIPATION
ASG_000980,APP0170_FIRST_INTERVIEW,RSV_APP0170_FIRST_INTERVIEW,CONSUMED,0.41666667,2027-01-18T09:55:00+09:00,APP0170_FIRST_INTERVIEW_AI_CASE,FIRST_PANEL_06_ML_ENGINEER,ACTUAL_PARTICIPATION
ASG_000981,APP0170_FIRST_INTERVIEW,RSV_APP0170_FIRST_INTERVIEW,CONSUMED,0.41666667,2027-01-18T09:55:00+09:00,APP0170_FIRST_INTERVIEW_AI_CASE,FIRST_PANEL_06_HIRING_MANAGER,ACTUAL_PARTICIPATION
ASG_000982,APP0170_FIRST_INTERVIEW,RSV_APP0170_FIRST_INTERVIEW,CONSUMED,0.33333333,2027-01-18T10:15:00+09:00,APP0170_FIRST_INTERVIEW_PRACTITIONER_QA,FIRST_PANEL_06_ML_ENGINEER,ACTUAL_PARTICIPATION
ASG_000983,APP0170_FIRST_INTERVIEW,RSV_APP0170_FIRST_INTERVIEW,CONSUMED,0.33333333,2027-01-18T10:15:00+09:00,APP0170_FIRST_INTERVIEW_PRACTITIONER_QA,FIRST_PANEL_06_HIRING_MANAGER,ACTUAL_PARTICIPATION
ASG_000984,APP0170_FIRST_INTERVIEW,RSV_APP0170_FIRST_INTERVIEW,CONSUMED,0.41666667,2027-01-18T10:40:00+09:00,APP0170_FIRST_INTERVIEW_CALIBRATION,FIRST_PANEL_06_ML_ENGINEER,ACTUAL_PARTICIPATION
ASG_000985,APP0170_FIRST_INTERVIEW,RSV_APP0170_FIRST_INTERVIEW,CONSUMED,0.41666667,2027-01-18T10:40:00+09:00,APP0170_FIRST_INTERVIEW_CALIBRATION,FIRST_PANEL_06_HIRING_MANAGER,ACTUAL_PARTICIPATION
ASG_000986,APP0170_FIRST_INTERVIEW,RSV_APP0170_FIRST_INTERVIEW,RELEASED,0.66666666,2027-01-18T10:40:00+09:00,,,COMPLETED_UNUSED
ASG_000987,APP0171_FIRST_INTERVIEW,RSV_APP0171_FIRST_INTERVIEW,RESERVED,4,2026-12-08T14:04:00+09:00,,,SCHEDULED_ALLOCATION
ASG_000988,APP0171_FIRST_INTERVIEW,RSV_APP0171_FIRST_INTERVIEW,RELEASED,4.0,2027-01-19T09:00:00+09:00,,,NO_RESPONSE_UNUSED
ASG_000989,APP0173_FIRST_INTERVIEW,RSV_APP0173_FIRST_INTERVIEW,RESERVED,4,2026-12-08T14:04:00+09:00,,,SCHEDULED_ALLOCATION
ASG_000990,APP0173_FIRST_INTERVIEW,RSV_APP0173_FIRST_INTERVIEW,CONSUMED,0.5,2027-01-18T09:30:00+09:00,APP0173_FIRST_INTERVIEW_TECHNICAL_ASSESSMENT,FIRST_PANEL_08_ML_ENGINEER,ACTUAL_PARTICIPATION
ASG_000991,APP0173_FIRST_INTERVIEW,RSV_APP0173_FIRST_INTERVIEW,CONSUMED,0.5,2027-01-18T09:30:00+09:00,APP0173_FIRST_INTERVIEW_TECHNICAL_ASSESSMENT,FIRST_PANEL_08_HIRING_MANAGER,ACTUAL_PARTICIPATION
ASG_000992,APP0173_FIRST_INTERVIEW,RSV_APP0173_FIRST_INTERVIEW,CONSUMED,0.5,2027-01-18T10:00:00+09:00,APP0173_FIRST_INTERVIEW_AI_CASE,FIRST_PANEL_08_ML_ENGINEER,ACTUAL_PARTICIPATION
ASG_000993,APP0173_FIRST_INTERVIEW,RSV_APP0173_FIRST_INTERVIEW,CONSUMED,0.5,2027-01-18T10:00:00+09:00,APP0173_FIRST_INTERVIEW_AI_CASE,FIRST_PANEL_08_HIRING_MANAGER,ACTUAL_PARTICIPATION
ASG_000994,APP0173_FIRST_INTERVIEW,RSV_APP0173_FIRST_INTERVIEW,CONSUMED,0.33333333,2027-01-18T10:20:00+09:00,APP0173_FIRST_INTERVIEW_PRACTITIONER_QA,FIRST_PANEL_08_ML_ENGINEER,ACTUAL_PARTICIPATION
ASG_000995,APP0173_FIRST_INTERVIEW,RSV_APP0173_FIRST_INTERVIEW,CONSUMED,0.33333333,2027-01-18T10:20:00+09:00,APP0173_FIRST_INTERVIEW_PRACTITIONER_QA,FIRST_PANEL_08_HIRING_MANAGER,ACTUAL_PARTICIPATION
ASG_000996,APP0173_FIRST_INTERVIEW,RSV_APP0173_FIRST_INTERVIEW,CONSUMED,0.25,2027-01-18T10:35:00+09:00,APP0173_FIRST_INTERVIEW_CALIBRATION,FIRST_PANEL_08_ML_ENGINEER,ACTUAL_PARTICIPATION
ASG_000997,APP0173_FIRST_INTERVIEW,RSV_APP0173_FIRST_INTERVIEW,CONSUMED,0.25,2027-01-18T10:35:00+09:00,APP0173_FIRST_INTERVIEW_CALIBRATION,FIRST_PANEL_08_HIRING_MANAGER,ACTUAL_PARTICIPATION
ASG_000998,APP0173_FIRST_INTERVIEW,RSV_APP0173_FIRST_INTERVIEW,RELEASED,0.83333334,2027-01-18T10:35:00+09:00,,,COMPLETED_UNUSED
ASG_000999,APP0175_FIRST_INTERVIEW,RSV_APP0175_FIRST_INTERVIEW,RESERVED,4,2026-12-08T14:04:00+09:00,,,SCHEDULED_ALLOCATION
ASG_001000,APP0175_FIRST_INTERVIEW,RSV_APP0175_FIRST_INTERVIEW,CONSUMED,0.5,2027-01-18T09:30:00+09:00,APP0175_FIRST_INTERVIEW_TECHNICAL_ASSESSMENT,FIRST_PANEL_09_ML_ENGINEER,ACTUAL_PARTICIPATION
ASG_001001,APP0175_FIRST_INTERVIEW,RSV_APP0175_FIRST_INTERVIEW,CONSUMED,0.5,2027-01-18T09:30:00+09:00,APP0175_FIRST_INTERVIEW_TECHNICAL_ASSESSMENT,FIRST_PANEL_09_HIRING_MANAGER,ACTUAL_PARTICIPATION
ASG_001002,APP0175_FIRST_INTERVIEW,RSV_APP0175_FIRST_INTERVIEW,CONSUMED,0.58333333,2027-01-18T10:05:00+09:00,APP0175_FIRST_INTERVIEW_AI_CASE,FIRST_PANEL_09_ML_ENGINEER,ACTUAL_PARTICIPATION
ASG_001003,APP0175_FIRST_INTERVIEW,RSV_APP0175_FIRST_INTERVIEW,CONSUMED,0.58333333,2027-01-18T10:05:00+09:00,APP0175_FIRST_INTERVIEW_AI_CASE,FIRST_PANEL_09_HIRING_MANAGER,ACTUAL_PARTICIPATION
ASG_001004,APP0175_FIRST_INTERVIEW,RSV_APP0175_FIRST_INTERVIEW,CONSUMED,0.33333333,2027-01-18T10:25:00+09:00,APP0175_FIRST_INTERVIEW_PRACTITIONER_QA,FIRST_PANEL_09_ML_ENGINEER,ACTUAL_PARTICIPATION
ASG_001005,APP0175_FIRST_INTERVIEW,RSV_APP0175_FIRST_INTERVIEW,CONSUMED,0.33333333,2027-01-18T10:25:00+09:00,APP0175_FIRST_INTERVIEW_PRACTITIONER_QA,FIRST_PANEL_09_HIRING_MANAGER,ACTUAL_PARTICIPATION
ASG_001006,APP0175_FIRST_INTERVIEW,RSV_APP0175_FIRST_INTERVIEW,CONSUMED,0.41666667,2027-01-18T10:50:00+09:00,APP0175_FIRST_INTERVIEW_CALIBRATION,FIRST_PANEL_09_ML_ENGINEER,ACTUAL_PARTICIPATION
ASG_001007,APP0175_FIRST_INTERVIEW,RSV_APP0175_FIRST_INTERVIEW,CONSUMED,0.41666667,2027-01-18T10:50:00+09:00,APP0175_FIRST_INTERVIEW_CALIBRATION,FIRST_PANEL_09_HIRING_MANAGER,ACTUAL_PARTICIPATION
ASG_001008,APP0175_FIRST_INTERVIEW,RSV_APP0175_FIRST_INTERVIEW,RELEASED,0.33333334,2027-01-18T10:50:00+09:00,,,COMPLETED_UNUSED
ASG_001009,APP0176_FIRST_INTERVIEW,RSV_APP0176_FIRST_INTERVIEW,RESERVED,4,2026-12-08T14:04:00+09:00,,,SCHEDULED_ALLOCATION
ASG_001010,APP0176_FIRST_INTERVIEW,RSV_APP0176_FIRST_INTERVIEW,CONSUMED,0.41666667,2027-01-18T09:25:00+09:00,APP0176_FIRST_INTERVIEW_TECHNICAL_ASSESSMENT,FIRST_PANEL_10_ML_ENGINEER,ACTUAL_PARTICIPATION
ASG_001011,APP0176_FIRST_INTERVIEW,RSV_APP0176_FIRST_INTERVIEW,CONSUMED,0.41666667,2027-01-18T09:25:00+09:00,APP0176_FIRST_INTERVIEW_TECHNICAL_ASSESSMENT,FIRST_PANEL_10_HIRING_MANAGER,ACTUAL_PARTICIPATION
ASG_001012,APP0176_FIRST_INTERVIEW,RSV_APP0176_FIRST_INTERVIEW,CONSUMED,0.41666667,2027-01-18T09:50:00+09:00,APP0176_FIRST_INTERVIEW_AI_CASE,FIRST_PANEL_10_ML_ENGINEER,ACTUAL_PARTICIPATION
ASG_001013,APP0176_FIRST_INTERVIEW,RSV_APP0176_FIRST_INTERVIEW,CONSUMED,0.41666667,2027-01-18T09:50:00+09:00,APP0176_FIRST_INTERVIEW_AI_CASE,FIRST_PANEL_10_HIRING_MANAGER,ACTUAL_PARTICIPATION
ASG_001014,APP0176_FIRST_INTERVIEW,RSV_APP0176_FIRST_INTERVIEW,CONSUMED,0.41666667,2027-01-18T10:15:00+09:00,APP0176_FIRST_INTERVIEW_PRACTITIONER_QA,FIRST_PANEL_10_ML_ENGINEER,ACTUAL_PARTICIPATION
ASG_001015,APP0176_FIRST_INTERVIEW,RSV_APP0176_FIRST_INTERVIEW,CONSUMED,0.41666667,2027-01-18T10:15:00+09:00,APP0176_FIRST_INTERVIEW_PRACTITIONER_QA,FIRST_PANEL_10_HIRING_MANAGER,ACTUAL_PARTICIPATION
ASG_001016,APP0176_FIRST_INTERVIEW,RSV_APP0176_FIRST_INTERVIEW,CONSUMED,0.33333333,2027-01-18T10:35:00+09:00,APP0176_FIRST_INTERVIEW_CALIBRATION,FIRST_PANEL_10_ML_ENGINEER,ACTUAL_PARTICIPATION
ASG_001017,APP0176_FIRST_INTERVIEW,RSV_APP0176_FIRST_INTERVIEW,CONSUMED,0.33333333,2027-01-18T10:35:00+09:00,APP0176_FIRST_INTERVIEW_CALIBRATION,FIRST_PANEL_10_HIRING_MANAGER,ACTUAL_PARTICIPATION
ASG_001018,APP0176_FIRST_INTERVIEW,RSV_APP0176_FIRST_INTERVIEW,RELEASED,0.83333332,2027-01-18T10:35:00+09:00,,,COMPLETED_UNUSED
ASG_001019,APP0181_FIRST_INTERVIEW,RSV_APP0181_FIRST_INTERVIEW,RESERVED,4,2026-12-08T14:04:00+09:00,,,SCHEDULED_ALLOCATION
ASG_001020,APP0181_FIRST_INTERVIEW,RSV_APP0181_FIRST_INTERVIEW,CONSUMED,0.58333333,2027-01-21T09:35:00+09:00,APP0181_FIRST_INTERVIEW_TECHNICAL_ASSESSMENT,FIRST_PANEL_01_ML_ENGINEER,ACTUAL_PARTICIPATION
ASG_001021,APP0181_FIRST_INTERVIEW,RSV_APP0181_FIRST_INTERVIEW,CONSUMED,0.58333333,2027-01-21T09:35:00+09:00,APP0181_FIRST_INTERVIEW_TECHNICAL_ASSESSMENT,FIRST_PANEL_01_HIRING_MANAGER,ACTUAL_PARTICIPATION
ASG_001022,APP0181_FIRST_INTERVIEW,RSV_APP0181_FIRST_INTERVIEW,CONSUMED,0.58333333,2027-01-21T10:10:00+09:00,APP0181_FIRST_INTERVIEW_AI_CASE,FIRST_PANEL_01_ML_ENGINEER,ACTUAL_PARTICIPATION
ASG_001023,APP0181_FIRST_INTERVIEW,RSV_APP0181_FIRST_INTERVIEW,CONSUMED,0.58333333,2027-01-21T10:10:00+09:00,APP0181_FIRST_INTERVIEW_AI_CASE,FIRST_PANEL_01_HIRING_MANAGER,ACTUAL_PARTICIPATION
ASG_001024,APP0181_FIRST_INTERVIEW,RSV_APP0181_FIRST_INTERVIEW,CONSUMED,0.41666667,2027-01-21T10:35:00+09:00,APP0181_FIRST_INTERVIEW_PRACTITIONER_QA,FIRST_PANEL_01_ML_ENGINEER,ACTUAL_PARTICIPATION
ASG_001025,APP0181_FIRST_INTERVIEW,RSV_APP0181_FIRST_INTERVIEW,CONSUMED,0.41666667,2027-01-21T10:35:00+09:00,APP0181_FIRST_INTERVIEW_PRACTITIONER_QA,FIRST_PANEL_01_HIRING_MANAGER,ACTUAL_PARTICIPATION
ASG_001026,APP0181_FIRST_INTERVIEW,RSV_APP0181_FIRST_INTERVIEW,CONSUMED,0.41666667,2027-01-21T11:00:00+09:00,APP0181_FIRST_INTERVIEW_CALIBRATION,FIRST_PANEL_01_ML_ENGINEER,ACTUAL_PARTICIPATION
ASG_001027,APP0181_FIRST_INTERVIEW,RSV_APP0181_FIRST_INTERVIEW,CONSUMED,0.41666667,2027-01-21T11:00:00+09:00,APP0181_FIRST_INTERVIEW_CALIBRATION,FIRST_PANEL_01_HIRING_MANAGER,ACTUAL_PARTICIPATION
ASG_001028,APP0182_FIRST_INTERVIEW,RSV_APP0182_FIRST_INTERVIEW,RESERVED,4,2026-12-08T14:04:00+09:00,,,SCHEDULED_ALLOCATION
ASG_001029,APP0182_FIRST_INTERVIEW,RSV_APP0182_FIRST_INTERVIEW,CONSUMED,0.5,2027-01-21T09:30:00+09:00,APP0182_FIRST_INTERVIEW_TECHNICAL_ASSESSMENT,FIRST_PANEL_02_ML_ENGINEER,ACTUAL_PARTICIPATION
ASG_001030,APP0182_FIRST_INTERVIEW,RSV_APP0182_FIRST_INTERVIEW,CONSUMED,0.5,2027-01-21T09:30:00+09:00,APP0182_FIRST_INTERVIEW_TECHNICAL_ASSESSMENT,FIRST_PANEL_02_HIRING_MANAGER,ACTUAL_PARTICIPATION
ASG_001031,APP0182_FIRST_INTERVIEW,RSV_APP0182_FIRST_INTERVIEW,CONSUMED,0.41666667,2027-01-21T09:55:00+09:00,APP0182_FIRST_INTERVIEW_AI_CASE,FIRST_PANEL_02_ML_ENGINEER,ACTUAL_PARTICIPATION
ASG_001032,APP0182_FIRST_INTERVIEW,RSV_APP0182_FIRST_INTERVIEW,CONSUMED,0.41666667,2027-01-21T09:55:00+09:00,APP0182_FIRST_INTERVIEW_AI_CASE,FIRST_PANEL_02_HIRING_MANAGER,ACTUAL_PARTICIPATION
ASG_001033,APP0182_FIRST_INTERVIEW,RSV_APP0182_FIRST_INTERVIEW,CONSUMED,0.33333333,2027-01-21T10:15:00+09:00,APP0182_FIRST_INTERVIEW_PRACTITIONER_QA,FIRST_PANEL_02_ML_ENGINEER,ACTUAL_PARTICIPATION
ASG_001034,APP0182_FIRST_INTERVIEW,RSV_APP0182_FIRST_INTERVIEW,CONSUMED,0.33333333,2027-01-21T10:15:00+09:00,APP0182_FIRST_INTERVIEW_PRACTITIONER_QA,FIRST_PANEL_02_HIRING_MANAGER,ACTUAL_PARTICIPATION
ASG_001035,APP0182_FIRST_INTERVIEW,RSV_APP0182_FIRST_INTERVIEW,CONSUMED,0.41666667,2027-01-21T10:40:00+09:00,APP0182_FIRST_INTERVIEW_CALIBRATION,FIRST_PANEL_02_ML_ENGINEER,ACTUAL_PARTICIPATION
ASG_001036,APP0182_FIRST_INTERVIEW,RSV_APP0182_FIRST_INTERVIEW,CONSUMED,0.41666667,2027-01-21T10:40:00+09:00,APP0182_FIRST_INTERVIEW_CALIBRATION,FIRST_PANEL_02_HIRING_MANAGER,ACTUAL_PARTICIPATION
ASG_001037,APP0182_FIRST_INTERVIEW,RSV_APP0182_FIRST_INTERVIEW,RELEASED,0.66666666,2027-01-21T10:40:00+09:00,,,COMPLETED_UNUSED
ASG_001038,APP0184_FIRST_INTERVIEW,RSV_APP0184_FIRST_INTERVIEW,RESERVED,4,2026-12-08T14:04:00+09:00,,,SCHEDULED_ALLOCATION
ASG_001039,APP0184_FIRST_INTERVIEW,RSV_APP0184_FIRST_INTERVIEW,RELEASED,4.0,2027-01-22T09:00:00+09:00,,,NO_RESPONSE_UNUSED
ASG_001040,APP0186_FIRST_INTERVIEW,RSV_APP0186_FIRST_INTERVIEW,RESERVED,4,2026-12-08T14:04:00+09:00,,,SCHEDULED_ALLOCATION
ASG_001041,APP0186_FIRST_INTERVIEW,RSV_APP0186_FIRST_INTERVIEW,CONSUMED,0.58333333,2027-01-21T09:35:00+09:00,APP0186_FIRST_INTERVIEW_TECHNICAL_ASSESSMENT,FIRST_PANEL_04_ML_ENGINEER,ACTUAL_PARTICIPATION
ASG_001042,APP0186_FIRST_INTERVIEW,RSV_APP0186_FIRST_INTERVIEW,CONSUMED,0.58333333,2027-01-21T09:35:00+09:00,APP0186_FIRST_INTERVIEW_TECHNICAL_ASSESSMENT,FIRST_PANEL_04_HIRING_MANAGER,ACTUAL_PARTICIPATION
ASG_001043,APP0186_FIRST_INTERVIEW,RSV_APP0186_FIRST_INTERVIEW,CONSUMED,0.58333333,2027-01-21T10:10:00+09:00,APP0186_FIRST_INTERVIEW_AI_CASE,FIRST_PANEL_04_ML_ENGINEER,ACTUAL_PARTICIPATION
ASG_001044,APP0186_FIRST_INTERVIEW,RSV_APP0186_FIRST_INTERVIEW,CONSUMED,0.58333333,2027-01-21T10:10:00+09:00,APP0186_FIRST_INTERVIEW_AI_CASE,FIRST_PANEL_04_HIRING_MANAGER,ACTUAL_PARTICIPATION
ASG_001045,APP0186_FIRST_INTERVIEW,RSV_APP0186_FIRST_INTERVIEW,CONSUMED,0.41666667,2027-01-21T10:35:00+09:00,APP0186_FIRST_INTERVIEW_PRACTITIONER_QA,FIRST_PANEL_04_ML_ENGINEER,ACTUAL_PARTICIPATION
ASG_001046,APP0186_FIRST_INTERVIEW,RSV_APP0186_FIRST_INTERVIEW,CONSUMED,0.41666667,2027-01-21T10:35:00+09:00,APP0186_FIRST_INTERVIEW_PRACTITIONER_QA,FIRST_PANEL_04_HIRING_MANAGER,ACTUAL_PARTICIPATION
ASG_001047,APP0186_FIRST_INTERVIEW,RSV_APP0186_FIRST_INTERVIEW,CONSUMED,0.41666667,2027-01-21T11:00:00+09:00,APP0186_FIRST_INTERVIEW_CALIBRATION,FIRST_PANEL_04_ML_ENGINEER,ACTUAL_PARTICIPATION
ASG_001048,APP0186_FIRST_INTERVIEW,RSV_APP0186_FIRST_INTERVIEW,CONSUMED,0.41666667,2027-01-21T11:00:00+09:00,APP0186_FIRST_INTERVIEW_CALIBRATION,FIRST_PANEL_04_HIRING_MANAGER,ACTUAL_PARTICIPATION
ASG_001049,APP0188_FIRST_INTERVIEW,RSV_APP0188_FIRST_INTERVIEW,RESERVED,4,2026-12-08T14:04:00+09:00,,,SCHEDULED_ALLOCATION
ASG_001050,APP0188_FIRST_INTERVIEW,RSV_APP0188_FIRST_INTERVIEW,CONSUMED,0.58333333,2027-01-21T09:35:00+09:00,APP0188_FIRST_INTERVIEW_TECHNICAL_ASSESSMENT,FIRST_PANEL_05_ML_ENGINEER,ACTUAL_PARTICIPATION
ASG_001051,APP0188_FIRST_INTERVIEW,RSV_APP0188_FIRST_INTERVIEW,CONSUMED,0.58333333,2027-01-21T09:35:00+09:00,APP0188_FIRST_INTERVIEW_TECHNICAL_ASSESSMENT,FIRST_PANEL_05_HIRING_MANAGER,ACTUAL_PARTICIPATION
ASG_001052,APP0188_FIRST_INTERVIEW,RSV_APP0188_FIRST_INTERVIEW,CONSUMED,0.41666667,2027-01-21T10:00:00+09:00,APP0188_FIRST_INTERVIEW_AI_CASE,FIRST_PANEL_05_ML_ENGINEER,ACTUAL_PARTICIPATION
ASG_001053,APP0188_FIRST_INTERVIEW,RSV_APP0188_FIRST_INTERVIEW,CONSUMED,0.41666667,2027-01-21T10:00:00+09:00,APP0188_FIRST_INTERVIEW_AI_CASE,FIRST_PANEL_05_HIRING_MANAGER,ACTUAL_PARTICIPATION
ASG_001054,APP0188_FIRST_INTERVIEW,RSV_APP0188_FIRST_INTERVIEW,CONSUMED,0.33333333,2027-01-21T10:20:00+09:00,APP0188_FIRST_INTERVIEW_PRACTITIONER_QA,FIRST_PANEL_05_ML_ENGINEER,ACTUAL_PARTICIPATION
ASG_001055,APP0188_FIRST_INTERVIEW,RSV_APP0188_FIRST_INTERVIEW,CONSUMED,0.33333333,2027-01-21T10:20:00+09:00,APP0188_FIRST_INTERVIEW_PRACTITIONER_QA,FIRST_PANEL_05_HIRING_MANAGER,ACTUAL_PARTICIPATION
ASG_001056,APP0188_FIRST_INTERVIEW,RSV_APP0188_FIRST_INTERVIEW,CONSUMED,0.33333333,2027-01-21T10:40:00+09:00,APP0188_FIRST_INTERVIEW_CALIBRATION,FIRST_PANEL_05_ML_ENGINEER,ACTUAL_PARTICIPATION
ASG_001057,APP0188_FIRST_INTERVIEW,RSV_APP0188_FIRST_INTERVIEW,CONSUMED,0.33333333,2027-01-21T10:40:00+09:00,APP0188_FIRST_INTERVIEW_CALIBRATION,FIRST_PANEL_05_HIRING_MANAGER,ACTUAL_PARTICIPATION
ASG_001058,APP0188_FIRST_INTERVIEW,RSV_APP0188_FIRST_INTERVIEW,RELEASED,0.66666668,2027-01-21T10:40:00+09:00,,,COMPLETED_UNUSED
ASG_001059,APP0189_FIRST_INTERVIEW,RSV_APP0189_FIRST_INTERVIEW,RESERVED,4,2026-12-08T14:04:00+09:00,,,SCHEDULED_ALLOCATION
ASG_001060,APP0189_FIRST_INTERVIEW,RSV_APP0189_FIRST_INTERVIEW,CONSUMED,0.58333333,2027-01-21T09:35:00+09:00,APP0189_FIRST_INTERVIEW_TECHNICAL_ASSESSMENT,FIRST_PANEL_06_ML_ENGINEER,ACTUAL_PARTICIPATION
ASG_001061,APP0189_FIRST_INTERVIEW,RSV_APP0189_FIRST_INTERVIEW,CONSUMED,0.58333333,2027-01-21T09:35:00+09:00,APP0189_FIRST_INTERVIEW_TECHNICAL_ASSESSMENT,FIRST_PANEL_06_HIRING_MANAGER,ACTUAL_PARTICIPATION
ASG_001062,APP0189_FIRST_INTERVIEW,RSV_APP0189_FIRST_INTERVIEW,CONSUMED,0.5,2027-01-21T10:05:00+09:00,APP0189_FIRST_INTERVIEW_AI_CASE,FIRST_PANEL_06_ML_ENGINEER,ACTUAL_PARTICIPATION
ASG_001063,APP0189_FIRST_INTERVIEW,RSV_APP0189_FIRST_INTERVIEW,CONSUMED,0.5,2027-01-21T10:05:00+09:00,APP0189_FIRST_INTERVIEW_AI_CASE,FIRST_PANEL_06_HIRING_MANAGER,ACTUAL_PARTICIPATION
ASG_001064,APP0189_FIRST_INTERVIEW,RSV_APP0189_FIRST_INTERVIEW,CONSUMED,0.33333333,2027-01-21T10:25:00+09:00,APP0189_FIRST_INTERVIEW_PRACTITIONER_QA,FIRST_PANEL_06_ML_ENGINEER,ACTUAL_PARTICIPATION
ASG_001065,APP0189_FIRST_INTERVIEW,RSV_APP0189_FIRST_INTERVIEW,CONSUMED,0.33333333,2027-01-21T10:25:00+09:00,APP0189_FIRST_INTERVIEW_PRACTITIONER_QA,FIRST_PANEL_06_HIRING_MANAGER,ACTUAL_PARTICIPATION
ASG_001066,APP0189_FIRST_INTERVIEW,RSV_APP0189_FIRST_INTERVIEW,CONSUMED,0.25,2027-01-21T10:40:00+09:00,APP0189_FIRST_INTERVIEW_CALIBRATION,FIRST_PANEL_06_ML_ENGINEER,ACTUAL_PARTICIPATION
ASG_001067,APP0189_FIRST_INTERVIEW,RSV_APP0189_FIRST_INTERVIEW,CONSUMED,0.25,2027-01-21T10:40:00+09:00,APP0189_FIRST_INTERVIEW_CALIBRATION,FIRST_PANEL_06_HIRING_MANAGER,ACTUAL_PARTICIPATION
ASG_001068,APP0189_FIRST_INTERVIEW,RSV_APP0189_FIRST_INTERVIEW,RELEASED,0.66666668,2027-01-21T10:40:00+09:00,,,COMPLETED_UNUSED
ASG_001069,APP0193_FIRST_INTERVIEW,RSV_APP0193_FIRST_INTERVIEW,RESERVED,4,2026-12-08T14:04:00+09:00,,,SCHEDULED_ALLOCATION
ASG_001070,APP0193_FIRST_INTERVIEW,RSV_APP0193_FIRST_INTERVIEW,CONSUMED,0.58333333,2027-01-21T09:35:00+09:00,APP0193_FIRST_INTERVIEW_TECHNICAL_ASSESSMENT,FIRST_PANEL_07_ML_ENGINEER,ACTUAL_PARTICIPATION
ASG_001071,APP0193_FIRST_INTERVIEW,RSV_APP0193_FIRST_INTERVIEW,CONSUMED,0.58333333,2027-01-21T09:35:00+09:00,APP0193_FIRST_INTERVIEW_TECHNICAL_ASSESSMENT,FIRST_PANEL_07_HIRING_MANAGER,ACTUAL_PARTICIPATION
ASG_001072,APP0193_FIRST_INTERVIEW,RSV_APP0193_FIRST_INTERVIEW,CONSUMED,0.58333333,2027-01-21T10:10:00+09:00,APP0193_FIRST_INTERVIEW_AI_CASE,FIRST_PANEL_07_ML_ENGINEER,ACTUAL_PARTICIPATION
ASG_001073,APP0193_FIRST_INTERVIEW,RSV_APP0193_FIRST_INTERVIEW,CONSUMED,0.58333333,2027-01-21T10:10:00+09:00,APP0193_FIRST_INTERVIEW_AI_CASE,FIRST_PANEL_07_HIRING_MANAGER,ACTUAL_PARTICIPATION
ASG_001074,APP0193_FIRST_INTERVIEW,RSV_APP0193_FIRST_INTERVIEW,CONSUMED,0.41666667,2027-01-21T10:35:00+09:00,APP0193_FIRST_INTERVIEW_PRACTITIONER_QA,FIRST_PANEL_07_ML_ENGINEER,ACTUAL_PARTICIPATION
ASG_001075,APP0193_FIRST_INTERVIEW,RSV_APP0193_FIRST_INTERVIEW,CONSUMED,0.41666667,2027-01-21T10:35:00+09:00,APP0193_FIRST_INTERVIEW_PRACTITIONER_QA,FIRST_PANEL_07_HIRING_MANAGER,ACTUAL_PARTICIPATION
ASG_001076,APP0193_FIRST_INTERVIEW,RSV_APP0193_FIRST_INTERVIEW,CONSUMED,0.25,2027-01-21T10:50:00+09:00,APP0193_FIRST_INTERVIEW_CALIBRATION,FIRST_PANEL_07_ML_ENGINEER,ACTUAL_PARTICIPATION
ASG_001077,APP0193_FIRST_INTERVIEW,RSV_APP0193_FIRST_INTERVIEW,CONSUMED,0.25,2027-01-21T10:50:00+09:00,APP0193_FIRST_INTERVIEW_CALIBRATION,FIRST_PANEL_07_HIRING_MANAGER,ACTUAL_PARTICIPATION
ASG_001078,APP0193_FIRST_INTERVIEW,RSV_APP0193_FIRST_INTERVIEW,RELEASED,0.33333334,2027-01-21T10:50:00+09:00,,,COMPLETED_UNUSED
ASG_001079,APP0194_FIRST_INTERVIEW,RSV_APP0194_FIRST_INTERVIEW,RESERVED,4,2026-12-08T14:04:00+09:00,,,SCHEDULED_ALLOCATION
ASG_001080,APP0194_FIRST_INTERVIEW,RSV_APP0194_FIRST_INTERVIEW,CONSUMED,0.5,2027-01-21T09:30:00+09:00,APP0194_FIRST_INTERVIEW_TECHNICAL_ASSESSMENT,FIRST_PANEL_08_ML_ENGINEER,ACTUAL_PARTICIPATION
ASG_001081,APP0194_FIRST_INTERVIEW,RSV_APP0194_FIRST_INTERVIEW,CONSUMED,0.5,2027-01-21T09:30:00+09:00,APP0194_FIRST_INTERVIEW_TECHNICAL_ASSESSMENT,FIRST_PANEL_08_HIRING_MANAGER,ACTUAL_PARTICIPATION
ASG_001082,APP0194_FIRST_INTERVIEW,RSV_APP0194_FIRST_INTERVIEW,CONSUMED,0.41666667,2027-01-21T09:55:00+09:00,APP0194_FIRST_INTERVIEW_AI_CASE,FIRST_PANEL_08_ML_ENGINEER,ACTUAL_PARTICIPATION
ASG_001083,APP0194_FIRST_INTERVIEW,RSV_APP0194_FIRST_INTERVIEW,CONSUMED,0.41666667,2027-01-21T09:55:00+09:00,APP0194_FIRST_INTERVIEW_AI_CASE,FIRST_PANEL_08_HIRING_MANAGER,ACTUAL_PARTICIPATION
ASG_001084,APP0194_FIRST_INTERVIEW,RSV_APP0194_FIRST_INTERVIEW,CONSUMED,0.41666667,2027-01-21T10:20:00+09:00,APP0194_FIRST_INTERVIEW_PRACTITIONER_QA,FIRST_PANEL_08_ML_ENGINEER,ACTUAL_PARTICIPATION
ASG_001085,APP0194_FIRST_INTERVIEW,RSV_APP0194_FIRST_INTERVIEW,CONSUMED,0.41666667,2027-01-21T10:20:00+09:00,APP0194_FIRST_INTERVIEW_PRACTITIONER_QA,FIRST_PANEL_08_HIRING_MANAGER,ACTUAL_PARTICIPATION
ASG_001086,APP0194_FIRST_INTERVIEW,RSV_APP0194_FIRST_INTERVIEW,CONSUMED,0.25,2027-01-21T10:35:00+09:00,APP0194_FIRST_INTERVIEW_CALIBRATION,FIRST_PANEL_08_ML_ENGINEER,ACTUAL_PARTICIPATION
ASG_001087,APP0194_FIRST_INTERVIEW,RSV_APP0194_FIRST_INTERVIEW,CONSUMED,0.25,2027-01-21T10:35:00+09:00,APP0194_FIRST_INTERVIEW_CALIBRATION,FIRST_PANEL_08_HIRING_MANAGER,ACTUAL_PARTICIPATION
ASG_001088,APP0194_FIRST_INTERVIEW,RSV_APP0194_FIRST_INTERVIEW,RELEASED,0.83333332,2027-01-21T10:35:00+09:00,,,COMPLETED_UNUSED
ASG_001089,APP0196_FIRST_INTERVIEW,RSV_APP0196_FIRST_INTERVIEW,RESERVED,4,2026-12-08T14:04:00+09:00,,,SCHEDULED_ALLOCATION
ASG_001090,APP0196_FIRST_INTERVIEW,RSV_APP0196_FIRST_INTERVIEW,CONSUMED,0.41666667,2027-01-21T09:25:00+09:00,APP0196_FIRST_INTERVIEW_TECHNICAL_ASSESSMENT,FIRST_PANEL_09_ML_ENGINEER,ACTUAL_PARTICIPATION
ASG_001091,APP0196_FIRST_INTERVIEW,RSV_APP0196_FIRST_INTERVIEW,CONSUMED,0.41666667,2027-01-21T09:25:00+09:00,APP0196_FIRST_INTERVIEW_TECHNICAL_ASSESSMENT,FIRST_PANEL_09_HIRING_MANAGER,ACTUAL_PARTICIPATION
ASG_001092,APP0196_FIRST_INTERVIEW,RSV_APP0196_FIRST_INTERVIEW,CONSUMED,0.41666667,2027-01-21T09:50:00+09:00,APP0196_FIRST_INTERVIEW_AI_CASE,FIRST_PANEL_09_ML_ENGINEER,ACTUAL_PARTICIPATION
ASG_001093,APP0196_FIRST_INTERVIEW,RSV_APP0196_FIRST_INTERVIEW,CONSUMED,0.41666667,2027-01-21T09:50:00+09:00,APP0196_FIRST_INTERVIEW_AI_CASE,FIRST_PANEL_09_HIRING_MANAGER,ACTUAL_PARTICIPATION
ASG_001094,APP0196_FIRST_INTERVIEW,RSV_APP0196_FIRST_INTERVIEW,CONSUMED,0.33333333,2027-01-21T10:10:00+09:00,APP0196_FIRST_INTERVIEW_PRACTITIONER_QA,FIRST_PANEL_09_ML_ENGINEER,ACTUAL_PARTICIPATION
ASG_001095,APP0196_FIRST_INTERVIEW,RSV_APP0196_FIRST_INTERVIEW,CONSUMED,0.33333333,2027-01-21T10:10:00+09:00,APP0196_FIRST_INTERVIEW_PRACTITIONER_QA,FIRST_PANEL_09_HIRING_MANAGER,ACTUAL_PARTICIPATION
ASG_001096,APP0196_FIRST_INTERVIEW,RSV_APP0196_FIRST_INTERVIEW,CONSUMED,0.33333333,2027-01-21T10:30:00+09:00,APP0196_FIRST_INTERVIEW_CALIBRATION,FIRST_PANEL_09_ML_ENGINEER,ACTUAL_PARTICIPATION
ASG_001097,APP0196_FIRST_INTERVIEW,RSV_APP0196_FIRST_INTERVIEW,CONSUMED,0.33333333,2027-01-21T10:30:00+09:00,APP0196_FIRST_INTERVIEW_CALIBRATION,FIRST_PANEL_09_HIRING_MANAGER,ACTUAL_PARTICIPATION
ASG_001098,APP0196_FIRST_INTERVIEW,RSV_APP0196_FIRST_INTERVIEW,RELEASED,1.0,2027-01-21T10:30:00+09:00,,,COMPLETED_UNUSED
ASG_001099,APP0199_FIRST_INTERVIEW,RSV_APP0199_FIRST_INTERVIEW,RESERVED,4,2026-12-08T14:04:00+09:00,,,SCHEDULED_ALLOCATION
ASG_001100,APP0199_FIRST_INTERVIEW,RSV_APP0199_FIRST_INTERVIEW,CONSUMED,0.5,2027-01-21T09:30:00+09:00,APP0199_FIRST_INTERVIEW_TECHNICAL_ASSESSMENT,FIRST_PANEL_10_ML_ENGINEER,ACTUAL_PARTICIPATION
ASG_001101,APP0199_FIRST_INTERVIEW,RSV_APP0199_FIRST_INTERVIEW,CONSUMED,0.5,2027-01-21T09:30:00+09:00,APP0199_FIRST_INTERVIEW_TECHNICAL_ASSESSMENT,FIRST_PANEL_10_HIRING_MANAGER,ACTUAL_PARTICIPATION
ASG_001102,APP0199_FIRST_INTERVIEW,RSV_APP0199_FIRST_INTERVIEW,CONSUMED,0.41666667,2027-01-21T09:55:00+09:00,APP0199_FIRST_INTERVIEW_AI_CASE,FIRST_PANEL_10_ML_ENGINEER,ACTUAL_PARTICIPATION
ASG_001103,APP0199_FIRST_INTERVIEW,RSV_APP0199_FIRST_INTERVIEW,CONSUMED,0.41666667,2027-01-21T09:55:00+09:00,APP0199_FIRST_INTERVIEW_AI_CASE,FIRST_PANEL_10_HIRING_MANAGER,ACTUAL_PARTICIPATION
ASG_001104,APP0199_FIRST_INTERVIEW,RSV_APP0199_FIRST_INTERVIEW,CONSUMED,0.33333333,2027-01-21T10:15:00+09:00,APP0199_FIRST_INTERVIEW_PRACTITIONER_QA,FIRST_PANEL_10_ML_ENGINEER,ACTUAL_PARTICIPATION
ASG_001105,APP0199_FIRST_INTERVIEW,RSV_APP0199_FIRST_INTERVIEW,CONSUMED,0.33333333,2027-01-21T10:15:00+09:00,APP0199_FIRST_INTERVIEW_PRACTITIONER_QA,FIRST_PANEL_10_HIRING_MANAGER,ACTUAL_PARTICIPATION
ASG_001106,APP0199_FIRST_INTERVIEW,RSV_APP0199_FIRST_INTERVIEW,CONSUMED,0.33333333,2027-01-21T10:35:00+09:00,APP0199_FIRST_INTERVIEW_CALIBRATION,FIRST_PANEL_10_ML_ENGINEER,ACTUAL_PARTICIPATION
ASG_001107,APP0199_FIRST_INTERVIEW,RSV_APP0199_FIRST_INTERVIEW,CONSUMED,0.33333333,2027-01-21T10:35:00+09:00,APP0199_FIRST_INTERVIEW_CALIBRATION,FIRST_PANEL_10_HIRING_MANAGER,ACTUAL_PARTICIPATION
ASG_001108,APP0199_FIRST_INTERVIEW,RSV_APP0199_FIRST_INTERVIEW,RELEASED,0.83333334,2027-01-21T10:35:00+09:00,,,COMPLETED_UNUSED
ASG_001109,APP0201_FIRST_INTERVIEW,RSV_APP0201_FIRST_INTERVIEW,RESERVED,4,2026-12-08T14:04:00+09:00,,,SCHEDULED_ALLOCATION
ASG_001110,APP0201_FIRST_INTERVIEW,RSV_APP0201_FIRST_INTERVIEW,RELEASED,4.0,2027-01-26T09:00:00+09:00,,,NO_RESPONSE_UNUSED
ASG_001111,APP0202_FIRST_INTERVIEW,RSV_APP0202_FIRST_INTERVIEW,RESERVED,4,2026-12-08T14:04:00+09:00,,,SCHEDULED_ALLOCATION
ASG_001112,APP0202_FIRST_INTERVIEW,RSV_APP0202_FIRST_INTERVIEW,CONSUMED,0.5,2027-01-25T09:30:00+09:00,APP0202_FIRST_INTERVIEW_TECHNICAL_ASSESSMENT,FIRST_PANEL_02_ML_ENGINEER,ACTUAL_PARTICIPATION
ASG_001113,APP0202_FIRST_INTERVIEW,RSV_APP0202_FIRST_INTERVIEW,CONSUMED,0.5,2027-01-25T09:30:00+09:00,APP0202_FIRST_INTERVIEW_TECHNICAL_ASSESSMENT,FIRST_PANEL_02_HIRING_MANAGER,ACTUAL_PARTICIPATION
ASG_001114,APP0202_FIRST_INTERVIEW,RSV_APP0202_FIRST_INTERVIEW,CONSUMED,0.41666667,2027-01-25T09:55:00+09:00,APP0202_FIRST_INTERVIEW_AI_CASE,FIRST_PANEL_02_ML_ENGINEER,ACTUAL_PARTICIPATION
ASG_001115,APP0202_FIRST_INTERVIEW,RSV_APP0202_FIRST_INTERVIEW,CONSUMED,0.41666667,2027-01-25T09:55:00+09:00,APP0202_FIRST_INTERVIEW_AI_CASE,FIRST_PANEL_02_HIRING_MANAGER,ACTUAL_PARTICIPATION
ASG_001116,APP0202_FIRST_INTERVIEW,RSV_APP0202_FIRST_INTERVIEW,CONSUMED,0.33333333,2027-01-25T10:15:00+09:00,APP0202_FIRST_INTERVIEW_PRACTITIONER_QA,FIRST_PANEL_02_ML_ENGINEER,ACTUAL_PARTICIPATION
ASG_001117,APP0202_FIRST_INTERVIEW,RSV_APP0202_FIRST_INTERVIEW,CONSUMED,0.33333333,2027-01-25T10:15:00+09:00,APP0202_FIRST_INTERVIEW_PRACTITIONER_QA,FIRST_PANEL_02_HIRING_MANAGER,ACTUAL_PARTICIPATION
ASG_001118,APP0202_FIRST_INTERVIEW,RSV_APP0202_FIRST_INTERVIEW,CONSUMED,0.41666667,2027-01-25T10:40:00+09:00,APP0202_FIRST_INTERVIEW_CALIBRATION,FIRST_PANEL_02_ML_ENGINEER,ACTUAL_PARTICIPATION
ASG_001119,APP0202_FIRST_INTERVIEW,RSV_APP0202_FIRST_INTERVIEW,CONSUMED,0.41666667,2027-01-25T10:40:00+09:00,APP0202_FIRST_INTERVIEW_CALIBRATION,FIRST_PANEL_02_HIRING_MANAGER,ACTUAL_PARTICIPATION
ASG_001120,APP0202_FIRST_INTERVIEW,RSV_APP0202_FIRST_INTERVIEW,RELEASED,0.66666666,2027-01-25T10:40:00+09:00,,,COMPLETED_UNUSED
ASG_001121,APP0205_FIRST_INTERVIEW,RSV_APP0205_FIRST_INTERVIEW,RESERVED,4,2026-12-08T14:04:00+09:00,,,SCHEDULED_ALLOCATION
ASG_001122,APP0205_FIRST_INTERVIEW,RSV_APP0205_FIRST_INTERVIEW,CONSUMED,0.41666667,2027-01-25T09:25:00+09:00,APP0205_FIRST_INTERVIEW_TECHNICAL_ASSESSMENT,FIRST_PANEL_03_ML_ENGINEER,ACTUAL_PARTICIPATION
ASG_001123,APP0205_FIRST_INTERVIEW,RSV_APP0205_FIRST_INTERVIEW,CONSUMED,0.41666667,2027-01-25T09:25:00+09:00,APP0205_FIRST_INTERVIEW_TECHNICAL_ASSESSMENT,FIRST_PANEL_03_HIRING_MANAGER,ACTUAL_PARTICIPATION
ASG_001124,APP0205_FIRST_INTERVIEW,RSV_APP0205_FIRST_INTERVIEW,CONSUMED,0.58333333,2027-01-25T10:00:00+09:00,APP0205_FIRST_INTERVIEW_AI_CASE,FIRST_PANEL_03_ML_ENGINEER,ACTUAL_PARTICIPATION
ASG_001125,APP0205_FIRST_INTERVIEW,RSV_APP0205_FIRST_INTERVIEW,CONSUMED,0.58333333,2027-01-25T10:00:00+09:00,APP0205_FIRST_INTERVIEW_AI_CASE,FIRST_PANEL_03_HIRING_MANAGER,ACTUAL_PARTICIPATION
ASG_001126,APP0205_FIRST_INTERVIEW,RSV_APP0205_FIRST_INTERVIEW,CONSUMED,0.33333333,2027-01-25T10:20:00+09:00,APP0205_FIRST_INTERVIEW_PRACTITIONER_QA,FIRST_PANEL_03_ML_ENGINEER,ACTUAL_PARTICIPATION
ASG_001127,APP0205_FIRST_INTERVIEW,RSV_APP0205_FIRST_INTERVIEW,CONSUMED,0.33333333,2027-01-25T10:20:00+09:00,APP0205_FIRST_INTERVIEW_PRACTITIONER_QA,FIRST_PANEL_03_HIRING_MANAGER,ACTUAL_PARTICIPATION
ASG_001128,APP0205_FIRST_INTERVIEW,RSV_APP0205_FIRST_INTERVIEW,CONSUMED,0.25,2027-01-25T10:35:00+09:00,APP0205_FIRST_INTERVIEW_CALIBRATION,FIRST_PANEL_03_ML_ENGINEER,ACTUAL_PARTICIPATION
ASG_001129,APP0205_FIRST_INTERVIEW,RSV_APP0205_FIRST_INTERVIEW,CONSUMED,0.25,2027-01-25T10:35:00+09:00,APP0205_FIRST_INTERVIEW_CALIBRATION,FIRST_PANEL_03_HIRING_MANAGER,ACTUAL_PARTICIPATION
ASG_001130,APP0205_FIRST_INTERVIEW,RSV_APP0205_FIRST_INTERVIEW,RELEASED,0.83333334,2027-01-25T10:35:00+09:00,,,COMPLETED_UNUSED
ASG_001131,APP0209_FIRST_INTERVIEW,RSV_APP0209_FIRST_INTERVIEW,RESERVED,4,2026-12-08T14:04:00+09:00,,,SCHEDULED_ALLOCATION
ASG_001132,APP0209_FIRST_INTERVIEW,RSV_APP0209_FIRST_INTERVIEW,CONSUMED,0.41666667,2027-01-25T09:25:00+09:00,APP0209_FIRST_INTERVIEW_TECHNICAL_ASSESSMENT,FIRST_PANEL_04_ML_ENGINEER,ACTUAL_PARTICIPATION
ASG_001133,APP0209_FIRST_INTERVIEW,RSV_APP0209_FIRST_INTERVIEW,CONSUMED,0.41666667,2027-01-25T09:25:00+09:00,APP0209_FIRST_INTERVIEW_TECHNICAL_ASSESSMENT,FIRST_PANEL_04_HIRING_MANAGER,ACTUAL_PARTICIPATION
ASG_001134,APP0209_FIRST_INTERVIEW,RSV_APP0209_FIRST_INTERVIEW,CONSUMED,0.5,2027-01-25T09:55:00+09:00,APP0209_FIRST_INTERVIEW_AI_CASE,FIRST_PANEL_04_ML_ENGINEER,ACTUAL_PARTICIPATION
ASG_001135,APP0209_FIRST_INTERVIEW,RSV_APP0209_FIRST_INTERVIEW,CONSUMED,0.5,2027-01-25T09:55:00+09:00,APP0209_FIRST_INTERVIEW_AI_CASE,FIRST_PANEL_04_HIRING_MANAGER,ACTUAL_PARTICIPATION
ASG_001136,APP0209_FIRST_INTERVIEW,RSV_APP0209_FIRST_INTERVIEW,CONSUMED,0.33333333,2027-01-25T10:15:00+09:00,APP0209_FIRST_INTERVIEW_PRACTITIONER_QA,FIRST_PANEL_04_ML_ENGINEER,ACTUAL_PARTICIPATION
ASG_001137,APP0209_FIRST_INTERVIEW,RSV_APP0209_FIRST_INTERVIEW,CONSUMED,0.33333333,2027-01-25T10:15:00+09:00,APP0209_FIRST_INTERVIEW_PRACTITIONER_QA,FIRST_PANEL_04_HIRING_MANAGER,ACTUAL_PARTICIPATION
ASG_001138,APP0209_FIRST_INTERVIEW,RSV_APP0209_FIRST_INTERVIEW,CONSUMED,0.41666667,2027-01-25T10:40:00+09:00,APP0209_FIRST_INTERVIEW_CALIBRATION,FIRST_PANEL_04_ML_ENGINEER,ACTUAL_PARTICIPATION
ASG_001139,APP0209_FIRST_INTERVIEW,RSV_APP0209_FIRST_INTERVIEW,CONSUMED,0.41666667,2027-01-25T10:40:00+09:00,APP0209_FIRST_INTERVIEW_CALIBRATION,FIRST_PANEL_04_HIRING_MANAGER,ACTUAL_PARTICIPATION
ASG_001140,APP0209_FIRST_INTERVIEW,RSV_APP0209_FIRST_INTERVIEW,RELEASED,0.66666666,2027-01-25T10:40:00+09:00,,,COMPLETED_UNUSED
ASG_001141,APP0210_FIRST_INTERVIEW,RSV_APP0210_FIRST_INTERVIEW,RESERVED,4,2026-12-08T14:04:00+09:00,,,SCHEDULED_ALLOCATION
ASG_001142,APP0210_FIRST_INTERVIEW,RSV_APP0210_FIRST_INTERVIEW,CONSUMED,0.41666667,2027-01-25T09:25:00+09:00,APP0210_FIRST_INTERVIEW_TECHNICAL_ASSESSMENT,FIRST_PANEL_05_ML_ENGINEER,ACTUAL_PARTICIPATION
ASG_001143,APP0210_FIRST_INTERVIEW,RSV_APP0210_FIRST_INTERVIEW,CONSUMED,0.41666667,2027-01-25T09:25:00+09:00,APP0210_FIRST_INTERVIEW_TECHNICAL_ASSESSMENT,FIRST_PANEL_05_HIRING_MANAGER,ACTUAL_PARTICIPATION
ASG_001144,APP0210_FIRST_INTERVIEW,RSV_APP0210_FIRST_INTERVIEW,CONSUMED,0.5,2027-01-25T09:55:00+09:00,APP0210_FIRST_INTERVIEW_AI_CASE,FIRST_PANEL_05_ML_ENGINEER,ACTUAL_PARTICIPATION
ASG_001145,APP0210_FIRST_INTERVIEW,RSV_APP0210_FIRST_INTERVIEW,CONSUMED,0.5,2027-01-25T09:55:00+09:00,APP0210_FIRST_INTERVIEW_AI_CASE,FIRST_PANEL_05_HIRING_MANAGER,ACTUAL_PARTICIPATION
ASG_001146,APP0210_FIRST_INTERVIEW,RSV_APP0210_FIRST_INTERVIEW,CONSUMED,0.33333333,2027-01-25T10:15:00+09:00,APP0210_FIRST_INTERVIEW_PRACTITIONER_QA,FIRST_PANEL_05_ML_ENGINEER,ACTUAL_PARTICIPATION
ASG_001147,APP0210_FIRST_INTERVIEW,RSV_APP0210_FIRST_INTERVIEW,CONSUMED,0.33333333,2027-01-25T10:15:00+09:00,APP0210_FIRST_INTERVIEW_PRACTITIONER_QA,FIRST_PANEL_05_HIRING_MANAGER,ACTUAL_PARTICIPATION
ASG_001148,APP0210_FIRST_INTERVIEW,RSV_APP0210_FIRST_INTERVIEW,CONSUMED,0.25,2027-01-25T10:30:00+09:00,APP0210_FIRST_INTERVIEW_CALIBRATION,FIRST_PANEL_05_ML_ENGINEER,ACTUAL_PARTICIPATION
ASG_001149,APP0210_FIRST_INTERVIEW,RSV_APP0210_FIRST_INTERVIEW,CONSUMED,0.25,2027-01-25T10:30:00+09:00,APP0210_FIRST_INTERVIEW_CALIBRATION,FIRST_PANEL_05_HIRING_MANAGER,ACTUAL_PARTICIPATION
ASG_001150,APP0210_FIRST_INTERVIEW,RSV_APP0210_FIRST_INTERVIEW,RELEASED,1.0,2027-01-25T10:30:00+09:00,,,COMPLETED_UNUSED
ASG_001151,APP0215_FIRST_INTERVIEW,RSV_APP0215_FIRST_INTERVIEW,RESERVED,4,2026-12-08T14:04:00+09:00,,,SCHEDULED_ALLOCATION
ASG_001152,APP0215_FIRST_INTERVIEW,RSV_APP0215_FIRST_INTERVIEW,CONSUMED,0.41666667,2027-01-25T09:25:00+09:00,APP0215_FIRST_INTERVIEW_TECHNICAL_ASSESSMENT,FIRST_PANEL_06_ML_ENGINEER,ACTUAL_PARTICIPATION
ASG_001153,APP0215_FIRST_INTERVIEW,RSV_APP0215_FIRST_INTERVIEW,CONSUMED,0.41666667,2027-01-25T09:25:00+09:00,APP0215_FIRST_INTERVIEW_TECHNICAL_ASSESSMENT,FIRST_PANEL_06_HIRING_MANAGER,ACTUAL_PARTICIPATION
ASG_001154,APP0215_FIRST_INTERVIEW,RSV_APP0215_FIRST_INTERVIEW,CONSUMED,0.5,2027-01-25T09:55:00+09:00,APP0215_FIRST_INTERVIEW_AI_CASE,FIRST_PANEL_06_ML_ENGINEER,ACTUAL_PARTICIPATION
ASG_001155,APP0215_FIRST_INTERVIEW,RSV_APP0215_FIRST_INTERVIEW,CONSUMED,0.5,2027-01-25T09:55:00+09:00,APP0215_FIRST_INTERVIEW_AI_CASE,FIRST_PANEL_06_HIRING_MANAGER,ACTUAL_PARTICIPATION
ASG_001156,APP0215_FIRST_INTERVIEW,RSV_APP0215_FIRST_INTERVIEW,CONSUMED,0.33333333,2027-01-25T10:15:00+09:00,APP0215_FIRST_INTERVIEW_PRACTITIONER_QA,FIRST_PANEL_06_ML_ENGINEER,ACTUAL_PARTICIPATION
ASG_001157,APP0215_FIRST_INTERVIEW,RSV_APP0215_FIRST_INTERVIEW,CONSUMED,0.33333333,2027-01-25T10:15:00+09:00,APP0215_FIRST_INTERVIEW_PRACTITIONER_QA,FIRST_PANEL_06_HIRING_MANAGER,ACTUAL_PARTICIPATION
ASG_001158,APP0215_FIRST_INTERVIEW,RSV_APP0215_FIRST_INTERVIEW,CONSUMED,0.41666667,2027-01-25T10:40:00+09:00,APP0215_FIRST_INTERVIEW_CALIBRATION,FIRST_PANEL_06_ML_ENGINEER,ACTUAL_PARTICIPATION
ASG_001159,APP0215_FIRST_INTERVIEW,RSV_APP0215_FIRST_INTERVIEW,CONSUMED,0.41666667,2027-01-25T10:40:00+09:00,APP0215_FIRST_INTERVIEW_CALIBRATION,FIRST_PANEL_06_HIRING_MANAGER,ACTUAL_PARTICIPATION
ASG_001160,APP0215_FIRST_INTERVIEW,RSV_APP0215_FIRST_INTERVIEW,RELEASED,0.66666666,2027-01-25T10:40:00+09:00,,,COMPLETED_UNUSED
ASG_001161,APP0216_FIRST_INTERVIEW,RSV_APP0216_FIRST_INTERVIEW,RESERVED,4,2026-12-08T14:04:00+09:00,,,SCHEDULED_ALLOCATION
ASG_001162,APP0216_FIRST_INTERVIEW,RSV_APP0216_FIRST_INTERVIEW,CONSUMED,0.5,2027-01-25T09:30:00+09:00,APP0216_FIRST_INTERVIEW_TECHNICAL_ASSESSMENT,FIRST_PANEL_07_ML_ENGINEER,ACTUAL_PARTICIPATION
ASG_001163,APP0216_FIRST_INTERVIEW,RSV_APP0216_FIRST_INTERVIEW,CONSUMED,0.5,2027-01-25T09:30:00+09:00,APP0216_FIRST_INTERVIEW_TECHNICAL_ASSESSMENT,FIRST_PANEL_07_HIRING_MANAGER,ACTUAL_PARTICIPATION
ASG_001164,APP0216_FIRST_INTERVIEW,RSV_APP0216_FIRST_INTERVIEW,CONSUMED,0.5,2027-01-25T10:00:00+09:00,APP0216_FIRST_INTERVIEW_AI_CASE,FIRST_PANEL_07_ML_ENGINEER,ACTUAL_PARTICIPATION
ASG_001165,APP0216_FIRST_INTERVIEW,RSV_APP0216_FIRST_INTERVIEW,CONSUMED,0.5,2027-01-25T10:00:00+09:00,APP0216_FIRST_INTERVIEW_AI_CASE,FIRST_PANEL_07_HIRING_MANAGER,ACTUAL_PARTICIPATION
ASG_001166,APP0216_FIRST_INTERVIEW,RSV_APP0216_FIRST_INTERVIEW,CONSUMED,0.33333333,2027-01-25T10:20:00+09:00,APP0216_FIRST_INTERVIEW_PRACTITIONER_QA,FIRST_PANEL_07_ML_ENGINEER,ACTUAL_PARTICIPATION
ASG_001167,APP0216_FIRST_INTERVIEW,RSV_APP0216_FIRST_INTERVIEW,CONSUMED,0.33333333,2027-01-25T10:20:00+09:00,APP0216_FIRST_INTERVIEW_PRACTITIONER_QA,FIRST_PANEL_07_HIRING_MANAGER,ACTUAL_PARTICIPATION
ASG_001168,APP0216_FIRST_INTERVIEW,RSV_APP0216_FIRST_INTERVIEW,CONSUMED,0.33333333,2027-01-25T10:40:00+09:00,APP0216_FIRST_INTERVIEW_CALIBRATION,FIRST_PANEL_07_ML_ENGINEER,ACTUAL_PARTICIPATION
ASG_001169,APP0216_FIRST_INTERVIEW,RSV_APP0216_FIRST_INTERVIEW,CONSUMED,0.33333333,2027-01-25T10:40:00+09:00,APP0216_FIRST_INTERVIEW_CALIBRATION,FIRST_PANEL_07_HIRING_MANAGER,ACTUAL_PARTICIPATION
ASG_001170,APP0216_FIRST_INTERVIEW,RSV_APP0216_FIRST_INTERVIEW,RELEASED,0.66666668,2027-01-25T10:40:00+09:00,,,COMPLETED_UNUSED
ASG_001171,APP0217_FIRST_INTERVIEW,RSV_APP0217_FIRST_INTERVIEW,RESERVED,4,2026-12-08T14:04:00+09:00,,,SCHEDULED_ALLOCATION
ASG_001172,APP0217_FIRST_INTERVIEW,RSV_APP0217_FIRST_INTERVIEW,RELEASED,4.0,2027-01-26T09:00:00+09:00,,,NO_RESPONSE_UNUSED
ASG_001173,APP0219_FIRST_INTERVIEW,RSV_APP0219_FIRST_INTERVIEW,RESERVED,4,2026-12-08T14:04:00+09:00,,,SCHEDULED_ALLOCATION
ASG_001174,APP0219_FIRST_INTERVIEW,RSV_APP0219_FIRST_INTERVIEW,CONSUMED,0.58333333,2027-01-25T09:35:00+09:00,APP0219_FIRST_INTERVIEW_TECHNICAL_ASSESSMENT,FIRST_PANEL_09_ML_ENGINEER,ACTUAL_PARTICIPATION
ASG_001175,APP0219_FIRST_INTERVIEW,RSV_APP0219_FIRST_INTERVIEW,CONSUMED,0.58333333,2027-01-25T09:35:00+09:00,APP0219_FIRST_INTERVIEW_TECHNICAL_ASSESSMENT,FIRST_PANEL_09_HIRING_MANAGER,ACTUAL_PARTICIPATION
ASG_001176,APP0219_FIRST_INTERVIEW,RSV_APP0219_FIRST_INTERVIEW,CONSUMED,0.41666667,2027-01-25T10:00:00+09:00,APP0219_FIRST_INTERVIEW_AI_CASE,FIRST_PANEL_09_ML_ENGINEER,ACTUAL_PARTICIPATION
ASG_001177,APP0219_FIRST_INTERVIEW,RSV_APP0219_FIRST_INTERVIEW,CONSUMED,0.41666667,2027-01-25T10:00:00+09:00,APP0219_FIRST_INTERVIEW_AI_CASE,FIRST_PANEL_09_HIRING_MANAGER,ACTUAL_PARTICIPATION
ASG_001178,APP0219_FIRST_INTERVIEW,RSV_APP0219_FIRST_INTERVIEW,CONSUMED,0.41666667,2027-01-25T10:25:00+09:00,APP0219_FIRST_INTERVIEW_PRACTITIONER_QA,FIRST_PANEL_09_ML_ENGINEER,ACTUAL_PARTICIPATION
ASG_001179,APP0219_FIRST_INTERVIEW,RSV_APP0219_FIRST_INTERVIEW,CONSUMED,0.41666667,2027-01-25T10:25:00+09:00,APP0219_FIRST_INTERVIEW_PRACTITIONER_QA,FIRST_PANEL_09_HIRING_MANAGER,ACTUAL_PARTICIPATION
ASG_001180,APP0219_FIRST_INTERVIEW,RSV_APP0219_FIRST_INTERVIEW,CONSUMED,0.33333333,2027-01-25T10:45:00+09:00,APP0219_FIRST_INTERVIEW_CALIBRATION,FIRST_PANEL_09_ML_ENGINEER,ACTUAL_PARTICIPATION
ASG_001181,APP0219_FIRST_INTERVIEW,RSV_APP0219_FIRST_INTERVIEW,CONSUMED,0.33333333,2027-01-25T10:45:00+09:00,APP0219_FIRST_INTERVIEW_CALIBRATION,FIRST_PANEL_09_HIRING_MANAGER,ACTUAL_PARTICIPATION
ASG_001182,APP0219_FIRST_INTERVIEW,RSV_APP0219_FIRST_INTERVIEW,RELEASED,0.5,2027-01-25T10:45:00+09:00,,,COMPLETED_UNUSED
ASG_001183,APP0220_FIRST_INTERVIEW,RSV_APP0220_FIRST_INTERVIEW,RESERVED,4,2026-12-08T14:04:00+09:00,,,SCHEDULED_ALLOCATION
ASG_001184,APP0220_FIRST_INTERVIEW,RSV_APP0220_FIRST_INTERVIEW,CONSUMED,0.41666667,2027-01-25T09:25:00+09:00,APP0220_FIRST_INTERVIEW_TECHNICAL_ASSESSMENT,FIRST_PANEL_10_ML_ENGINEER,ACTUAL_PARTICIPATION
ASG_001185,APP0220_FIRST_INTERVIEW,RSV_APP0220_FIRST_INTERVIEW,CONSUMED,0.41666667,2027-01-25T09:25:00+09:00,APP0220_FIRST_INTERVIEW_TECHNICAL_ASSESSMENT,FIRST_PANEL_10_HIRING_MANAGER,ACTUAL_PARTICIPATION
ASG_001186,APP0220_FIRST_INTERVIEW,RSV_APP0220_FIRST_INTERVIEW,CONSUMED,0.5,2027-01-25T09:55:00+09:00,APP0220_FIRST_INTERVIEW_AI_CASE,FIRST_PANEL_10_ML_ENGINEER,ACTUAL_PARTICIPATION
ASG_001187,APP0220_FIRST_INTERVIEW,RSV_APP0220_FIRST_INTERVIEW,CONSUMED,0.5,2027-01-25T09:55:00+09:00,APP0220_FIRST_INTERVIEW_AI_CASE,FIRST_PANEL_10_HIRING_MANAGER,ACTUAL_PARTICIPATION
ASG_001188,APP0220_FIRST_INTERVIEW,RSV_APP0220_FIRST_INTERVIEW,CONSUMED,0.33333333,2027-01-25T10:15:00+09:00,APP0220_FIRST_INTERVIEW_PRACTITIONER_QA,FIRST_PANEL_10_ML_ENGINEER,ACTUAL_PARTICIPATION
ASG_001189,APP0220_FIRST_INTERVIEW,RSV_APP0220_FIRST_INTERVIEW,CONSUMED,0.33333333,2027-01-25T10:15:00+09:00,APP0220_FIRST_INTERVIEW_PRACTITIONER_QA,FIRST_PANEL_10_HIRING_MANAGER,ACTUAL_PARTICIPATION
ASG_001190,APP0220_FIRST_INTERVIEW,RSV_APP0220_FIRST_INTERVIEW,CONSUMED,0.41666667,2027-01-25T10:40:00+09:00,APP0220_FIRST_INTERVIEW_CALIBRATION,FIRST_PANEL_10_ML_ENGINEER,ACTUAL_PARTICIPATION
ASG_001191,APP0220_FIRST_INTERVIEW,RSV_APP0220_FIRST_INTERVIEW,CONSUMED,0.41666667,2027-01-25T10:40:00+09:00,APP0220_FIRST_INTERVIEW_CALIBRATION,FIRST_PANEL_10_HIRING_MANAGER,ACTUAL_PARTICIPATION
ASG_001192,APP0220_FIRST_INTERVIEW,RSV_APP0220_FIRST_INTERVIEW,RELEASED,0.66666666,2027-01-25T10:40:00+09:00,,,COMPLETED_UNUSED
ASG_001193,APP0222_FIRST_INTERVIEW,RSV_APP0222_FIRST_INTERVIEW,RESERVED,4,2026-12-08T14:04:00+09:00,,,SCHEDULED_ALLOCATION
ASG_001194,APP0222_FIRST_INTERVIEW,RSV_APP0222_FIRST_INTERVIEW,RELEASED,4.0,2027-01-29T09:00:00+09:00,,,NO_RESPONSE_UNUSED
ASG_001195,APP0223_FIRST_INTERVIEW,RSV_APP0223_FIRST_INTERVIEW,RESERVED,4,2026-12-08T14:04:00+09:00,,,SCHEDULED_ALLOCATION
ASG_001196,APP0223_FIRST_INTERVIEW,RSV_APP0223_FIRST_INTERVIEW,CONSUMED,0.41666667,2027-01-28T09:25:00+09:00,APP0223_FIRST_INTERVIEW_TECHNICAL_ASSESSMENT,FIRST_PANEL_02_ML_ENGINEER,ACTUAL_PARTICIPATION
ASG_001197,APP0223_FIRST_INTERVIEW,RSV_APP0223_FIRST_INTERVIEW,CONSUMED,0.41666667,2027-01-28T09:25:00+09:00,APP0223_FIRST_INTERVIEW_TECHNICAL_ASSESSMENT,FIRST_PANEL_02_HIRING_MANAGER,ACTUAL_PARTICIPATION
ASG_001198,APP0223_FIRST_INTERVIEW,RSV_APP0223_FIRST_INTERVIEW,CONSUMED,0.41666667,2027-01-28T09:50:00+09:00,APP0223_FIRST_INTERVIEW_AI_CASE,FIRST_PANEL_02_ML_ENGINEER,ACTUAL_PARTICIPATION
ASG_001199,APP0223_FIRST_INTERVIEW,RSV_APP0223_FIRST_INTERVIEW,CONSUMED,0.41666667,2027-01-28T09:50:00+09:00,APP0223_FIRST_INTERVIEW_AI_CASE,FIRST_PANEL_02_HIRING_MANAGER,ACTUAL_PARTICIPATION
ASG_001200,APP0223_FIRST_INTERVIEW,RSV_APP0223_FIRST_INTERVIEW,CONSUMED,0.33333333,2027-01-28T10:10:00+09:00,APP0223_FIRST_INTERVIEW_PRACTITIONER_QA,FIRST_PANEL_02_ML_ENGINEER,ACTUAL_PARTICIPATION
ASG_001201,APP0223_FIRST_INTERVIEW,RSV_APP0223_FIRST_INTERVIEW,CONSUMED,0.33333333,2027-01-28T10:10:00+09:00,APP0223_FIRST_INTERVIEW_PRACTITIONER_QA,FIRST_PANEL_02_HIRING_MANAGER,ACTUAL_PARTICIPATION
ASG_001202,APP0223_FIRST_INTERVIEW,RSV_APP0223_FIRST_INTERVIEW,CONSUMED,0.25,2027-01-28T10:25:00+09:00,APP0223_FIRST_INTERVIEW_CALIBRATION,FIRST_PANEL_02_ML_ENGINEER,ACTUAL_PARTICIPATION
ASG_001203,APP0223_FIRST_INTERVIEW,RSV_APP0223_FIRST_INTERVIEW,CONSUMED,0.25,2027-01-28T10:25:00+09:00,APP0223_FIRST_INTERVIEW_CALIBRATION,FIRST_PANEL_02_HIRING_MANAGER,ACTUAL_PARTICIPATION
ASG_001204,APP0223_FIRST_INTERVIEW,RSV_APP0223_FIRST_INTERVIEW,RELEASED,1.16666666,2027-01-28T10:25:00+09:00,,,COMPLETED_UNUSED
ASG_001205,APP0225_FIRST_INTERVIEW,RSV_APP0225_FIRST_INTERVIEW,RESERVED,4,2026-12-08T14:04:00+09:00,,,SCHEDULED_ALLOCATION
ASG_001206,APP0225_FIRST_INTERVIEW,RSV_APP0225_FIRST_INTERVIEW,CONSUMED,0.5,2027-01-28T09:30:00+09:00,APP0225_FIRST_INTERVIEW_TECHNICAL_ASSESSMENT,FIRST_PANEL_03_ML_ENGINEER,ACTUAL_PARTICIPATION
ASG_001207,APP0225_FIRST_INTERVIEW,RSV_APP0225_FIRST_INTERVIEW,CONSUMED,0.5,2027-01-28T09:30:00+09:00,APP0225_FIRST_INTERVIEW_TECHNICAL_ASSESSMENT,FIRST_PANEL_03_HIRING_MANAGER,ACTUAL_PARTICIPATION
ASG_001208,APP0225_FIRST_INTERVIEW,RSV_APP0225_FIRST_INTERVIEW,CONSUMED,0.41666667,2027-01-28T09:55:00+09:00,APP0225_FIRST_INTERVIEW_AI_CASE,FIRST_PANEL_03_ML_ENGINEER,ACTUAL_PARTICIPATION
ASG_001209,APP0225_FIRST_INTERVIEW,RSV_APP0225_FIRST_INTERVIEW,CONSUMED,0.41666667,2027-01-28T09:55:00+09:00,APP0225_FIRST_INTERVIEW_AI_CASE,FIRST_PANEL_03_HIRING_MANAGER,ACTUAL_PARTICIPATION
ASG_001210,APP0225_FIRST_INTERVIEW,RSV_APP0225_FIRST_INTERVIEW,CONSUMED,0.33333333,2027-01-28T10:15:00+09:00,APP0225_FIRST_INTERVIEW_PRACTITIONER_QA,FIRST_PANEL_03_ML_ENGINEER,ACTUAL_PARTICIPATION
ASG_001211,APP0225_FIRST_INTERVIEW,RSV_APP0225_FIRST_INTERVIEW,CONSUMED,0.33333333,2027-01-28T10:15:00+09:00,APP0225_FIRST_INTERVIEW_PRACTITIONER_QA,FIRST_PANEL_03_HIRING_MANAGER,ACTUAL_PARTICIPATION
ASG_001212,APP0225_FIRST_INTERVIEW,RSV_APP0225_FIRST_INTERVIEW,CONSUMED,0.25,2027-01-28T10:30:00+09:00,APP0225_FIRST_INTERVIEW_CALIBRATION,FIRST_PANEL_03_ML_ENGINEER,ACTUAL_PARTICIPATION
ASG_001213,APP0225_FIRST_INTERVIEW,RSV_APP0225_FIRST_INTERVIEW,CONSUMED,0.25,2027-01-28T10:30:00+09:00,APP0225_FIRST_INTERVIEW_CALIBRATION,FIRST_PANEL_03_HIRING_MANAGER,ACTUAL_PARTICIPATION
ASG_001214,APP0225_FIRST_INTERVIEW,RSV_APP0225_FIRST_INTERVIEW,RELEASED,1.0,2027-01-28T10:30:00+09:00,,,COMPLETED_UNUSED
ASG_001215,APP0228_FIRST_INTERVIEW,RSV_APP0228_FIRST_INTERVIEW,RESERVED,4,2026-12-08T14:04:00+09:00,,,SCHEDULED_ALLOCATION
ASG_001216,APP0228_FIRST_INTERVIEW,RSV_APP0228_FIRST_INTERVIEW,CONSUMED,0.41666667,2027-01-28T09:25:00+09:00,APP0228_FIRST_INTERVIEW_TECHNICAL_ASSESSMENT,FIRST_PANEL_04_ML_ENGINEER,ACTUAL_PARTICIPATION
ASG_001217,APP0228_FIRST_INTERVIEW,RSV_APP0228_FIRST_INTERVIEW,CONSUMED,0.41666667,2027-01-28T09:25:00+09:00,APP0228_FIRST_INTERVIEW_TECHNICAL_ASSESSMENT,FIRST_PANEL_04_HIRING_MANAGER,ACTUAL_PARTICIPATION
ASG_001218,APP0228_FIRST_INTERVIEW,RSV_APP0228_FIRST_INTERVIEW,CONSUMED,0.5,2027-01-28T09:55:00+09:00,APP0228_FIRST_INTERVIEW_AI_CASE,FIRST_PANEL_04_ML_ENGINEER,ACTUAL_PARTICIPATION
ASG_001219,APP0228_FIRST_INTERVIEW,RSV_APP0228_FIRST_INTERVIEW,CONSUMED,0.5,2027-01-28T09:55:00+09:00,APP0228_FIRST_INTERVIEW_AI_CASE,FIRST_PANEL_04_HIRING_MANAGER,ACTUAL_PARTICIPATION
ASG_001220,APP0228_FIRST_INTERVIEW,RSV_APP0228_FIRST_INTERVIEW,CONSUMED,0.33333333,2027-01-28T10:15:00+09:00,APP0228_FIRST_INTERVIEW_PRACTITIONER_QA,FIRST_PANEL_04_ML_ENGINEER,ACTUAL_PARTICIPATION
ASG_001221,APP0228_FIRST_INTERVIEW,RSV_APP0228_FIRST_INTERVIEW,CONSUMED,0.33333333,2027-01-28T10:15:00+09:00,APP0228_FIRST_INTERVIEW_PRACTITIONER_QA,FIRST_PANEL_04_HIRING_MANAGER,ACTUAL_PARTICIPATION
ASG_001222,APP0228_FIRST_INTERVIEW,RSV_APP0228_FIRST_INTERVIEW,CONSUMED,0.41666667,2027-01-28T10:40:00+09:00,APP0228_FIRST_INTERVIEW_CALIBRATION,FIRST_PANEL_04_ML_ENGINEER,ACTUAL_PARTICIPATION
ASG_001223,APP0228_FIRST_INTERVIEW,RSV_APP0228_FIRST_INTERVIEW,CONSUMED,0.41666667,2027-01-28T10:40:00+09:00,APP0228_FIRST_INTERVIEW_CALIBRATION,FIRST_PANEL_04_HIRING_MANAGER,ACTUAL_PARTICIPATION
ASG_001224,APP0228_FIRST_INTERVIEW,RSV_APP0228_FIRST_INTERVIEW,RELEASED,0.66666666,2027-01-28T10:40:00+09:00,,,COMPLETED_UNUSED
ASG_001225,APP0230_FIRST_INTERVIEW,RSV_APP0230_FIRST_INTERVIEW,RESERVED,4,2026-12-08T14:04:00+09:00,,,SCHEDULED_ALLOCATION
ASG_001226,APP0230_FIRST_INTERVIEW,RSV_APP0230_FIRST_INTERVIEW,CONSUMED,0.58333333,2027-01-28T09:35:00+09:00,APP0230_FIRST_INTERVIEW_TECHNICAL_ASSESSMENT,FIRST_PANEL_05_ML_ENGINEER,ACTUAL_PARTICIPATION
ASG_001227,APP0230_FIRST_INTERVIEW,RSV_APP0230_FIRST_INTERVIEW,CONSUMED,0.58333333,2027-01-28T09:35:00+09:00,APP0230_FIRST_INTERVIEW_TECHNICAL_ASSESSMENT,FIRST_PANEL_05_HIRING_MANAGER,ACTUAL_PARTICIPATION
ASG_001228,APP0230_FIRST_INTERVIEW,RSV_APP0230_FIRST_INTERVIEW,CONSUMED,0.58333333,2027-01-28T10:10:00+09:00,APP0230_FIRST_INTERVIEW_AI_CASE,FIRST_PANEL_05_ML_ENGINEER,ACTUAL_PARTICIPATION
ASG_001229,APP0230_FIRST_INTERVIEW,RSV_APP0230_FIRST_INTERVIEW,CONSUMED,0.58333333,2027-01-28T10:10:00+09:00,APP0230_FIRST_INTERVIEW_AI_CASE,FIRST_PANEL_05_HIRING_MANAGER,ACTUAL_PARTICIPATION
ASG_001230,APP0230_FIRST_INTERVIEW,RSV_APP0230_FIRST_INTERVIEW,CONSUMED,0.41666667,2027-01-28T10:35:00+09:00,APP0230_FIRST_INTERVIEW_PRACTITIONER_QA,FIRST_PANEL_05_ML_ENGINEER,ACTUAL_PARTICIPATION
ASG_001231,APP0230_FIRST_INTERVIEW,RSV_APP0230_FIRST_INTERVIEW,CONSUMED,0.41666667,2027-01-28T10:35:00+09:00,APP0230_FIRST_INTERVIEW_PRACTITIONER_QA,FIRST_PANEL_05_HIRING_MANAGER,ACTUAL_PARTICIPATION
ASG_001232,APP0230_FIRST_INTERVIEW,RSV_APP0230_FIRST_INTERVIEW,CONSUMED,0.25,2027-01-28T10:50:00+09:00,APP0230_FIRST_INTERVIEW_CALIBRATION,FIRST_PANEL_05_ML_ENGINEER,ACTUAL_PARTICIPATION
ASG_001233,APP0230_FIRST_INTERVIEW,RSV_APP0230_FIRST_INTERVIEW,CONSUMED,0.25,2027-01-28T10:50:00+09:00,APP0230_FIRST_INTERVIEW_CALIBRATION,FIRST_PANEL_05_HIRING_MANAGER,ACTUAL_PARTICIPATION
ASG_001234,APP0230_FIRST_INTERVIEW,RSV_APP0230_FIRST_INTERVIEW,RELEASED,0.33333334,2027-01-28T10:50:00+09:00,,,COMPLETED_UNUSED
ASG_001235,APP0231_FIRST_INTERVIEW,RSV_APP0231_FIRST_INTERVIEW,RESERVED,4,2026-12-08T14:04:00+09:00,,,SCHEDULED_ALLOCATION
ASG_001236,APP0231_FIRST_INTERVIEW,RSV_APP0231_FIRST_INTERVIEW,CONSUMED,0.41666667,2027-01-28T09:25:00+09:00,APP0231_FIRST_INTERVIEW_TECHNICAL_ASSESSMENT,FIRST_PANEL_06_ML_ENGINEER,ACTUAL_PARTICIPATION
ASG_001237,APP0231_FIRST_INTERVIEW,RSV_APP0231_FIRST_INTERVIEW,CONSUMED,0.41666667,2027-01-28T09:25:00+09:00,APP0231_FIRST_INTERVIEW_TECHNICAL_ASSESSMENT,FIRST_PANEL_06_HIRING_MANAGER,ACTUAL_PARTICIPATION
ASG_001238,APP0231_FIRST_INTERVIEW,RSV_APP0231_FIRST_INTERVIEW,CONSUMED,0.5,2027-01-28T09:55:00+09:00,APP0231_FIRST_INTERVIEW_AI_CASE,FIRST_PANEL_06_ML_ENGINEER,ACTUAL_PARTICIPATION
ASG_001239,APP0231_FIRST_INTERVIEW,RSV_APP0231_FIRST_INTERVIEW,CONSUMED,0.5,2027-01-28T09:55:00+09:00,APP0231_FIRST_INTERVIEW_AI_CASE,FIRST_PANEL_06_HIRING_MANAGER,ACTUAL_PARTICIPATION
ASG_001240,APP0231_FIRST_INTERVIEW,RSV_APP0231_FIRST_INTERVIEW,CONSUMED,0.41666667,2027-01-28T10:20:00+09:00,APP0231_FIRST_INTERVIEW_PRACTITIONER_QA,FIRST_PANEL_06_ML_ENGINEER,ACTUAL_PARTICIPATION
ASG_001241,APP0231_FIRST_INTERVIEW,RSV_APP0231_FIRST_INTERVIEW,CONSUMED,0.41666667,2027-01-28T10:20:00+09:00,APP0231_FIRST_INTERVIEW_PRACTITIONER_QA,FIRST_PANEL_06_HIRING_MANAGER,ACTUAL_PARTICIPATION
ASG_001242,APP0231_FIRST_INTERVIEW,RSV_APP0231_FIRST_INTERVIEW,CONSUMED,0.33333333,2027-01-28T10:40:00+09:00,APP0231_FIRST_INTERVIEW_CALIBRATION,FIRST_PANEL_06_ML_ENGINEER,ACTUAL_PARTICIPATION
ASG_001243,APP0231_FIRST_INTERVIEW,RSV_APP0231_FIRST_INTERVIEW,CONSUMED,0.33333333,2027-01-28T10:40:00+09:00,APP0231_FIRST_INTERVIEW_CALIBRATION,FIRST_PANEL_06_HIRING_MANAGER,ACTUAL_PARTICIPATION
ASG_001244,APP0231_FIRST_INTERVIEW,RSV_APP0231_FIRST_INTERVIEW,RELEASED,0.66666666,2027-01-28T10:40:00+09:00,,,COMPLETED_UNUSED
ASG_001245,APP0232_FIRST_INTERVIEW,RSV_APP0232_FIRST_INTERVIEW,RESERVED,4,2026-12-08T14:04:00+09:00,,,SCHEDULED_ALLOCATION
ASG_001246,APP0232_FIRST_INTERVIEW,RSV_APP0232_FIRST_INTERVIEW,CONSUMED,0.41666667,2027-01-28T09:25:00+09:00,APP0232_FIRST_INTERVIEW_TECHNICAL_ASSESSMENT,FIRST_PANEL_07_ML_ENGINEER,ACTUAL_PARTICIPATION
ASG_001247,APP0232_FIRST_INTERVIEW,RSV_APP0232_FIRST_INTERVIEW,CONSUMED,0.41666667,2027-01-28T09:25:00+09:00,APP0232_FIRST_INTERVIEW_TECHNICAL_ASSESSMENT,FIRST_PANEL_07_HIRING_MANAGER,ACTUAL_PARTICIPATION
ASG_001248,APP0232_FIRST_INTERVIEW,RSV_APP0232_FIRST_INTERVIEW,CONSUMED,0.5,2027-01-28T09:55:00+09:00,APP0232_FIRST_INTERVIEW_AI_CASE,FIRST_PANEL_07_ML_ENGINEER,ACTUAL_PARTICIPATION
ASG_001249,APP0232_FIRST_INTERVIEW,RSV_APP0232_FIRST_INTERVIEW,CONSUMED,0.5,2027-01-28T09:55:00+09:00,APP0232_FIRST_INTERVIEW_AI_CASE,FIRST_PANEL_07_HIRING_MANAGER,ACTUAL_PARTICIPATION
ASG_001250,APP0232_FIRST_INTERVIEW,RSV_APP0232_FIRST_INTERVIEW,CONSUMED,0.41666667,2027-01-28T10:20:00+09:00,APP0232_FIRST_INTERVIEW_PRACTITIONER_QA,FIRST_PANEL_07_ML_ENGINEER,ACTUAL_PARTICIPATION
ASG_001251,APP0232_FIRST_INTERVIEW,RSV_APP0232_FIRST_INTERVIEW,CONSUMED,0.41666667,2027-01-28T10:20:00+09:00,APP0232_FIRST_INTERVIEW_PRACTITIONER_QA,FIRST_PANEL_07_HIRING_MANAGER,ACTUAL_PARTICIPATION
ASG_001252,APP0232_FIRST_INTERVIEW,RSV_APP0232_FIRST_INTERVIEW,CONSUMED,0.25,2027-01-28T10:35:00+09:00,APP0232_FIRST_INTERVIEW_CALIBRATION,FIRST_PANEL_07_ML_ENGINEER,ACTUAL_PARTICIPATION
ASG_001253,APP0232_FIRST_INTERVIEW,RSV_APP0232_FIRST_INTERVIEW,CONSUMED,0.25,2027-01-28T10:35:00+09:00,APP0232_FIRST_INTERVIEW_CALIBRATION,FIRST_PANEL_07_HIRING_MANAGER,ACTUAL_PARTICIPATION
ASG_001254,APP0232_FIRST_INTERVIEW,RSV_APP0232_FIRST_INTERVIEW,RELEASED,0.83333332,2027-01-28T10:35:00+09:00,,,COMPLETED_UNUSED
ASG_001255,APP0235_FIRST_INTERVIEW,RSV_APP0235_FIRST_INTERVIEW,RESERVED,4,2026-12-08T14:04:00+09:00,,,SCHEDULED_ALLOCATION
ASG_001256,APP0235_FIRST_INTERVIEW,RSV_APP0235_FIRST_INTERVIEW,CONSUMED,0.5,2027-01-28T09:30:00+09:00,APP0235_FIRST_INTERVIEW_TECHNICAL_ASSESSMENT,FIRST_PANEL_08_ML_ENGINEER,ACTUAL_PARTICIPATION
ASG_001257,APP0235_FIRST_INTERVIEW,RSV_APP0235_FIRST_INTERVIEW,CONSUMED,0.5,2027-01-28T09:30:00+09:00,APP0235_FIRST_INTERVIEW_TECHNICAL_ASSESSMENT,FIRST_PANEL_08_HIRING_MANAGER,ACTUAL_PARTICIPATION
ASG_001258,APP0235_FIRST_INTERVIEW,RSV_APP0235_FIRST_INTERVIEW,CONSUMED,0.5,2027-01-28T10:00:00+09:00,APP0235_FIRST_INTERVIEW_AI_CASE,FIRST_PANEL_08_ML_ENGINEER,ACTUAL_PARTICIPATION
ASG_001259,APP0235_FIRST_INTERVIEW,RSV_APP0235_FIRST_INTERVIEW,CONSUMED,0.5,2027-01-28T10:00:00+09:00,APP0235_FIRST_INTERVIEW_AI_CASE,FIRST_PANEL_08_HIRING_MANAGER,ACTUAL_PARTICIPATION
ASG_001260,APP0235_FIRST_INTERVIEW,RSV_APP0235_FIRST_INTERVIEW,CONSUMED,0.41666667,2027-01-28T10:25:00+09:00,APP0235_FIRST_INTERVIEW_PRACTITIONER_QA,FIRST_PANEL_08_ML_ENGINEER,ACTUAL_PARTICIPATION
ASG_001261,APP0235_FIRST_INTERVIEW,RSV_APP0235_FIRST_INTERVIEW,CONSUMED,0.41666667,2027-01-28T10:25:00+09:00,APP0235_FIRST_INTERVIEW_PRACTITIONER_QA,FIRST_PANEL_08_HIRING_MANAGER,ACTUAL_PARTICIPATION
ASG_001262,APP0235_FIRST_INTERVIEW,RSV_APP0235_FIRST_INTERVIEW,CONSUMED,0.33333333,2027-01-28T10:45:00+09:00,APP0235_FIRST_INTERVIEW_CALIBRATION,FIRST_PANEL_08_ML_ENGINEER,ACTUAL_PARTICIPATION
ASG_001263,APP0235_FIRST_INTERVIEW,RSV_APP0235_FIRST_INTERVIEW,CONSUMED,0.33333333,2027-01-28T10:45:00+09:00,APP0235_FIRST_INTERVIEW_CALIBRATION,FIRST_PANEL_08_HIRING_MANAGER,ACTUAL_PARTICIPATION
ASG_001264,APP0235_FIRST_INTERVIEW,RSV_APP0235_FIRST_INTERVIEW,RELEASED,0.5,2027-01-28T10:45:00+09:00,,,COMPLETED_UNUSED
ASG_001265,APP0237_FIRST_INTERVIEW,RSV_APP0237_FIRST_INTERVIEW,RESERVED,4,2026-12-08T14:04:00+09:00,,,SCHEDULED_ALLOCATION
ASG_001266,APP0237_FIRST_INTERVIEW,RSV_APP0237_FIRST_INTERVIEW,CONSUMED,0.5,2027-01-28T09:30:00+09:00,APP0237_FIRST_INTERVIEW_TECHNICAL_ASSESSMENT,FIRST_PANEL_09_ML_ENGINEER,ACTUAL_PARTICIPATION
ASG_001267,APP0237_FIRST_INTERVIEW,RSV_APP0237_FIRST_INTERVIEW,CONSUMED,0.5,2027-01-28T09:30:00+09:00,APP0237_FIRST_INTERVIEW_TECHNICAL_ASSESSMENT,FIRST_PANEL_09_HIRING_MANAGER,ACTUAL_PARTICIPATION
ASG_001268,APP0237_FIRST_INTERVIEW,RSV_APP0237_FIRST_INTERVIEW,CONSUMED,0.5,2027-01-28T10:00:00+09:00,APP0237_FIRST_INTERVIEW_AI_CASE,FIRST_PANEL_09_ML_ENGINEER,ACTUAL_PARTICIPATION
ASG_001269,APP0237_FIRST_INTERVIEW,RSV_APP0237_FIRST_INTERVIEW,CONSUMED,0.5,2027-01-28T10:00:00+09:00,APP0237_FIRST_INTERVIEW_AI_CASE,FIRST_PANEL_09_HIRING_MANAGER,ACTUAL_PARTICIPATION
ASG_001270,APP0237_FIRST_INTERVIEW,RSV_APP0237_FIRST_INTERVIEW,CONSUMED,0.33333333,2027-01-28T10:20:00+09:00,APP0237_FIRST_INTERVIEW_PRACTITIONER_QA,FIRST_PANEL_09_ML_ENGINEER,ACTUAL_PARTICIPATION
ASG_001271,APP0237_FIRST_INTERVIEW,RSV_APP0237_FIRST_INTERVIEW,CONSUMED,0.33333333,2027-01-28T10:20:00+09:00,APP0237_FIRST_INTERVIEW_PRACTITIONER_QA,FIRST_PANEL_09_HIRING_MANAGER,ACTUAL_PARTICIPATION
ASG_001272,APP0237_FIRST_INTERVIEW,RSV_APP0237_FIRST_INTERVIEW,CONSUMED,0.33333333,2027-01-28T10:40:00+09:00,APP0237_FIRST_INTERVIEW_CALIBRATION,FIRST_PANEL_09_ML_ENGINEER,ACTUAL_PARTICIPATION
ASG_001273,APP0237_FIRST_INTERVIEW,RSV_APP0237_FIRST_INTERVIEW,CONSUMED,0.33333333,2027-01-28T10:40:00+09:00,APP0237_FIRST_INTERVIEW_CALIBRATION,FIRST_PANEL_09_HIRING_MANAGER,ACTUAL_PARTICIPATION
ASG_001274,APP0237_FIRST_INTERVIEW,RSV_APP0237_FIRST_INTERVIEW,RELEASED,0.66666668,2027-01-28T10:40:00+09:00,,,COMPLETED_UNUSED
ASG_001275,APP0238_FIRST_INTERVIEW,RSV_APP0238_FIRST_INTERVIEW,RESERVED,4,2026-12-08T14:04:00+09:00,,,SCHEDULED_ALLOCATION
ASG_001276,APP0238_FIRST_INTERVIEW,RSV_APP0238_FIRST_INTERVIEW,CONSUMED,0.5,2027-01-28T09:30:00+09:00,APP0238_FIRST_INTERVIEW_TECHNICAL_ASSESSMENT,FIRST_PANEL_10_ML_ENGINEER,ACTUAL_PARTICIPATION
ASG_001277,APP0238_FIRST_INTERVIEW,RSV_APP0238_FIRST_INTERVIEW,CONSUMED,0.5,2027-01-28T09:30:00+09:00,APP0238_FIRST_INTERVIEW_TECHNICAL_ASSESSMENT,FIRST_PANEL_10_HIRING_MANAGER,ACTUAL_PARTICIPATION
ASG_001278,APP0238_FIRST_INTERVIEW,RSV_APP0238_FIRST_INTERVIEW,CONSUMED,0.5,2027-01-28T10:00:00+09:00,APP0238_FIRST_INTERVIEW_AI_CASE,FIRST_PANEL_10_ML_ENGINEER,ACTUAL_PARTICIPATION
ASG_001279,APP0238_FIRST_INTERVIEW,RSV_APP0238_FIRST_INTERVIEW,CONSUMED,0.5,2027-01-28T10:00:00+09:00,APP0238_FIRST_INTERVIEW_AI_CASE,FIRST_PANEL_10_HIRING_MANAGER,ACTUAL_PARTICIPATION
ASG_001280,APP0238_FIRST_INTERVIEW,RSV_APP0238_FIRST_INTERVIEW,CONSUMED,0.41666667,2027-01-28T10:25:00+09:00,APP0238_FIRST_INTERVIEW_PRACTITIONER_QA,FIRST_PANEL_10_ML_ENGINEER,ACTUAL_PARTICIPATION
ASG_001281,APP0238_FIRST_INTERVIEW,RSV_APP0238_FIRST_INTERVIEW,CONSUMED,0.41666667,2027-01-28T10:25:00+09:00,APP0238_FIRST_INTERVIEW_PRACTITIONER_QA,FIRST_PANEL_10_HIRING_MANAGER,ACTUAL_PARTICIPATION
ASG_001282,APP0238_FIRST_INTERVIEW,RSV_APP0238_FIRST_INTERVIEW,CONSUMED,0.25,2027-01-28T10:40:00+09:00,APP0238_FIRST_INTERVIEW_CALIBRATION,FIRST_PANEL_10_ML_ENGINEER,ACTUAL_PARTICIPATION
ASG_001283,APP0238_FIRST_INTERVIEW,RSV_APP0238_FIRST_INTERVIEW,CONSUMED,0.25,2027-01-28T10:40:00+09:00,APP0238_FIRST_INTERVIEW_CALIBRATION,FIRST_PANEL_10_HIRING_MANAGER,ACTUAL_PARTICIPATION
ASG_001284,APP0238_FIRST_INTERVIEW,RSV_APP0238_FIRST_INTERVIEW,RELEASED,0.66666666,2027-01-28T10:40:00+09:00,,,COMPLETED_UNUSED
ASG_001285,APP0239_FIRST_INTERVIEW,RSV_APP0239_FIRST_INTERVIEW,RESERVED,4,2026-12-08T14:04:00+09:00,,,SCHEDULED_ALLOCATION
ASG_001286,APP0239_FIRST_INTERVIEW,RSV_APP0239_FIRST_INTERVIEW,CONSUMED,0.41666667,2027-02-01T09:25:00+09:00,APP0239_FIRST_INTERVIEW_TECHNICAL_ASSESSMENT,FIRST_PANEL_01_ML_ENGINEER,ACTUAL_PARTICIPATION
ASG_001287,APP0239_FIRST_INTERVIEW,RSV_APP0239_FIRST_INTERVIEW,CONSUMED,0.41666667,2027-02-01T09:25:00+09:00,APP0239_FIRST_INTERVIEW_TECHNICAL_ASSESSMENT,FIRST_PANEL_01_HIRING_MANAGER,ACTUAL_PARTICIPATION
ASG_001288,APP0239_FIRST_INTERVIEW,RSV_APP0239_FIRST_INTERVIEW,CONSUMED,0.5,2027-02-01T09:55:00+09:00,APP0239_FIRST_INTERVIEW_AI_CASE,FIRST_PANEL_01_ML_ENGINEER,ACTUAL_PARTICIPATION
ASG_001289,APP0239_FIRST_INTERVIEW,RSV_APP0239_FIRST_INTERVIEW,CONSUMED,0.5,2027-02-01T09:55:00+09:00,APP0239_FIRST_INTERVIEW_AI_CASE,FIRST_PANEL_01_HIRING_MANAGER,ACTUAL_PARTICIPATION
ASG_001290,APP0239_FIRST_INTERVIEW,RSV_APP0239_FIRST_INTERVIEW,CONSUMED,0.33333333,2027-02-01T10:15:00+09:00,APP0239_FIRST_INTERVIEW_PRACTITIONER_QA,FIRST_PANEL_01_ML_ENGINEER,ACTUAL_PARTICIPATION
ASG_001291,APP0239_FIRST_INTERVIEW,RSV_APP0239_FIRST_INTERVIEW,CONSUMED,0.33333333,2027-02-01T10:15:00+09:00,APP0239_FIRST_INTERVIEW_PRACTITIONER_QA,FIRST_PANEL_01_HIRING_MANAGER,ACTUAL_PARTICIPATION
ASG_001292,APP0239_FIRST_INTERVIEW,RSV_APP0239_FIRST_INTERVIEW,CONSUMED,0.33333333,2027-02-01T10:35:00+09:00,APP0239_FIRST_INTERVIEW_CALIBRATION,FIRST_PANEL_01_ML_ENGINEER,ACTUAL_PARTICIPATION
ASG_001293,APP0239_FIRST_INTERVIEW,RSV_APP0239_FIRST_INTERVIEW,CONSUMED,0.33333333,2027-02-01T10:35:00+09:00,APP0239_FIRST_INTERVIEW_CALIBRATION,FIRST_PANEL_01_HIRING_MANAGER,ACTUAL_PARTICIPATION
ASG_001294,APP0239_FIRST_INTERVIEW,RSV_APP0239_FIRST_INTERVIEW,RELEASED,0.83333334,2027-02-01T10:35:00+09:00,,,COMPLETED_UNUSED
ASG_001295,APP0240_FIRST_INTERVIEW,RSV_APP0240_FIRST_INTERVIEW,RESERVED,4,2026-12-08T14:04:00+09:00,,,SCHEDULED_ALLOCATION
ASG_001296,APP0240_FIRST_INTERVIEW,RSV_APP0240_FIRST_INTERVIEW,RELEASED,4.0,2027-02-02T09:00:00+09:00,,,NO_RESPONSE_UNUSED
ASG_001297,APP0241_FIRST_INTERVIEW,RSV_APP0241_FIRST_INTERVIEW,RESERVED,4,2026-12-08T14:04:00+09:00,,,SCHEDULED_ALLOCATION
ASG_001298,APP0241_FIRST_INTERVIEW,RSV_APP0241_FIRST_INTERVIEW,CONSUMED,0.41666667,2027-02-01T09:25:00+09:00,APP0241_FIRST_INTERVIEW_TECHNICAL_ASSESSMENT,FIRST_PANEL_03_ML_ENGINEER,ACTUAL_PARTICIPATION
ASG_001299,APP0241_FIRST_INTERVIEW,RSV_APP0241_FIRST_INTERVIEW,CONSUMED,0.41666667,2027-02-01T09:25:00+09:00,APP0241_FIRST_INTERVIEW_TECHNICAL_ASSESSMENT,FIRST_PANEL_03_HIRING_MANAGER,ACTUAL_PARTICIPATION
ASG_001300,APP0241_FIRST_INTERVIEW,RSV_APP0241_FIRST_INTERVIEW,CONSUMED,0.41666667,2027-02-01T09:50:00+09:00,APP0241_FIRST_INTERVIEW_AI_CASE,FIRST_PANEL_03_ML_ENGINEER,ACTUAL_PARTICIPATION
ASG_001301,APP0241_FIRST_INTERVIEW,RSV_APP0241_FIRST_INTERVIEW,CONSUMED,0.41666667,2027-02-01T09:50:00+09:00,APP0241_FIRST_INTERVIEW_AI_CASE,FIRST_PANEL_03_HIRING_MANAGER,ACTUAL_PARTICIPATION
ASG_001302,APP0241_FIRST_INTERVIEW,RSV_APP0241_FIRST_INTERVIEW,CONSUMED,0.41666667,2027-02-01T10:15:00+09:00,APP0241_FIRST_INTERVIEW_PRACTITIONER_QA,FIRST_PANEL_03_ML_ENGINEER,ACTUAL_PARTICIPATION
ASG_001303,APP0241_FIRST_INTERVIEW,RSV_APP0241_FIRST_INTERVIEW,CONSUMED,0.41666667,2027-02-01T10:15:00+09:00,APP0241_FIRST_INTERVIEW_PRACTITIONER_QA,FIRST_PANEL_03_HIRING_MANAGER,ACTUAL_PARTICIPATION
ASG_001304,APP0241_FIRST_INTERVIEW,RSV_APP0241_FIRST_INTERVIEW,CONSUMED,0.25,2027-02-01T10:30:00+09:00,APP0241_FIRST_INTERVIEW_CALIBRATION,FIRST_PANEL_03_ML_ENGINEER,ACTUAL_PARTICIPATION
ASG_001305,APP0241_FIRST_INTERVIEW,RSV_APP0241_FIRST_INTERVIEW,CONSUMED,0.25,2027-02-01T10:30:00+09:00,APP0241_FIRST_INTERVIEW_CALIBRATION,FIRST_PANEL_03_HIRING_MANAGER,ACTUAL_PARTICIPATION
ASG_001306,APP0241_FIRST_INTERVIEW,RSV_APP0241_FIRST_INTERVIEW,RELEASED,0.99999998,2027-02-01T10:30:00+09:00,,,COMPLETED_UNUSED
ASG_001307,APP0242_FIRST_INTERVIEW,RSV_APP0242_FIRST_INTERVIEW,RESERVED,4,2026-12-08T14:04:00+09:00,,,SCHEDULED_ALLOCATION
ASG_001308,APP0242_FIRST_INTERVIEW,RSV_APP0242_FIRST_INTERVIEW,CONSUMED,0.41666667,2027-02-01T09:25:00+09:00,APP0242_FIRST_INTERVIEW_TECHNICAL_ASSESSMENT,FIRST_PANEL_04_ML_ENGINEER,ACTUAL_PARTICIPATION
ASG_001309,APP0242_FIRST_INTERVIEW,RSV_APP0242_FIRST_INTERVIEW,CONSUMED,0.41666667,2027-02-01T09:25:00+09:00,APP0242_FIRST_INTERVIEW_TECHNICAL_ASSESSMENT,FIRST_PANEL_04_HIRING_MANAGER,ACTUAL_PARTICIPATION
ASG_001310,APP0242_FIRST_INTERVIEW,RSV_APP0242_FIRST_INTERVIEW,CONSUMED,0.58333333,2027-02-01T10:00:00+09:00,APP0242_FIRST_INTERVIEW_AI_CASE,FIRST_PANEL_04_ML_ENGINEER,ACTUAL_PARTICIPATION
ASG_001311,APP0242_FIRST_INTERVIEW,RSV_APP0242_FIRST_INTERVIEW,CONSUMED,0.58333333,2027-02-01T10:00:00+09:00,APP0242_FIRST_INTERVIEW_AI_CASE,FIRST_PANEL_04_HIRING_MANAGER,ACTUAL_PARTICIPATION
ASG_001312,APP0242_FIRST_INTERVIEW,RSV_APP0242_FIRST_INTERVIEW,CONSUMED,0.41666667,2027-02-01T10:25:00+09:00,APP0242_FIRST_INTERVIEW_PRACTITIONER_QA,FIRST_PANEL_04_ML_ENGINEER,ACTUAL_PARTICIPATION
ASG_001313,APP0242_FIRST_INTERVIEW,RSV_APP0242_FIRST_INTERVIEW,CONSUMED,0.41666667,2027-02-01T10:25:00+09:00,APP0242_FIRST_INTERVIEW_PRACTITIONER_QA,FIRST_PANEL_04_HIRING_MANAGER,ACTUAL_PARTICIPATION
ASG_001314,APP0242_FIRST_INTERVIEW,RSV_APP0242_FIRST_INTERVIEW,CONSUMED,0.25,2027-02-01T10:40:00+09:00,APP0242_FIRST_INTERVIEW_CALIBRATION,FIRST_PANEL_04_ML_ENGINEER,ACTUAL_PARTICIPATION
ASG_001315,APP0242_FIRST_INTERVIEW,RSV_APP0242_FIRST_INTERVIEW,CONSUMED,0.25,2027-02-01T10:40:00+09:00,APP0242_FIRST_INTERVIEW_CALIBRATION,FIRST_PANEL_04_HIRING_MANAGER,ACTUAL_PARTICIPATION
ASG_001316,APP0242_FIRST_INTERVIEW,RSV_APP0242_FIRST_INTERVIEW,RELEASED,0.66666666,2027-02-01T10:40:00+09:00,,,COMPLETED_UNUSED
ASG_001317,APP0243_FIRST_INTERVIEW,RSV_APP0243_FIRST_INTERVIEW,RESERVED,4,2026-12-08T14:04:00+09:00,,,SCHEDULED_ALLOCATION
ASG_001318,APP0243_FIRST_INTERVIEW,RSV_APP0243_FIRST_INTERVIEW,CONSUMED,0.5,2027-02-01T09:30:00+09:00,APP0243_FIRST_INTERVIEW_TECHNICAL_ASSESSMENT,FIRST_PANEL_05_ML_ENGINEER,ACTUAL_PARTICIPATION
ASG_001319,APP0243_FIRST_INTERVIEW,RSV_APP0243_FIRST_INTERVIEW,CONSUMED,0.5,2027-02-01T09:30:00+09:00,APP0243_FIRST_INTERVIEW_TECHNICAL_ASSESSMENT,FIRST_PANEL_05_HIRING_MANAGER,ACTUAL_PARTICIPATION
ASG_001320,APP0243_FIRST_INTERVIEW,RSV_APP0243_FIRST_INTERVIEW,CONSUMED,0.5,2027-02-01T10:00:00+09:00,APP0243_FIRST_INTERVIEW_AI_CASE,FIRST_PANEL_05_ML_ENGINEER,ACTUAL_PARTICIPATION
ASG_001321,APP0243_FIRST_INTERVIEW,RSV_APP0243_FIRST_INTERVIEW,CONSUMED,0.5,2027-02-01T10:00:00+09:00,APP0243_FIRST_INTERVIEW_AI_CASE,FIRST_PANEL_05_HIRING_MANAGER,ACTUAL_PARTICIPATION
ASG_001322,APP0243_FIRST_INTERVIEW,RSV_APP0243_FIRST_INTERVIEW,CONSUMED,0.33333333,2027-02-01T10:20:00+09:00,APP0243_FIRST_INTERVIEW_PRACTITIONER_QA,FIRST_PANEL_05_ML_ENGINEER,ACTUAL_PARTICIPATION
ASG_001323,APP0243_FIRST_INTERVIEW,RSV_APP0243_FIRST_INTERVIEW,CONSUMED,0.33333333,2027-02-01T10:20:00+09:00,APP0243_FIRST_INTERVIEW_PRACTITIONER_QA,FIRST_PANEL_05_HIRING_MANAGER,ACTUAL_PARTICIPATION
ASG_001324,APP0243_FIRST_INTERVIEW,RSV_APP0243_FIRST_INTERVIEW,CONSUMED,0.41666667,2027-02-01T10:45:00+09:00,APP0243_FIRST_INTERVIEW_CALIBRATION,FIRST_PANEL_05_ML_ENGINEER,ACTUAL_PARTICIPATION
ASG_001325,APP0243_FIRST_INTERVIEW,RSV_APP0243_FIRST_INTERVIEW,CONSUMED,0.41666667,2027-02-01T10:45:00+09:00,APP0243_FIRST_INTERVIEW_CALIBRATION,FIRST_PANEL_05_HIRING_MANAGER,ACTUAL_PARTICIPATION
ASG_001326,APP0243_FIRST_INTERVIEW,RSV_APP0243_FIRST_INTERVIEW,RELEASED,0.5,2027-02-01T10:45:00+09:00,,,COMPLETED_UNUSED
ASG_001327,APP0246_FIRST_INTERVIEW,RSV_APP0246_FIRST_INTERVIEW,RESERVED,4,2026-12-08T14:04:00+09:00,,,SCHEDULED_ALLOCATION
ASG_001328,APP0246_FIRST_INTERVIEW,RSV_APP0246_FIRST_INTERVIEW,CONSUMED,0.58333333,2027-02-01T09:35:00+09:00,APP0246_FIRST_INTERVIEW_TECHNICAL_ASSESSMENT,FIRST_PANEL_06_ML_ENGINEER,ACTUAL_PARTICIPATION
ASG_001329,APP0246_FIRST_INTERVIEW,RSV_APP0246_FIRST_INTERVIEW,CONSUMED,0.58333333,2027-02-01T09:35:00+09:00,APP0246_FIRST_INTERVIEW_TECHNICAL_ASSESSMENT,FIRST_PANEL_06_HIRING_MANAGER,ACTUAL_PARTICIPATION
ASG_001330,APP0246_FIRST_INTERVIEW,RSV_APP0246_FIRST_INTERVIEW,CONSUMED,0.5,2027-02-01T10:05:00+09:00,APP0246_FIRST_INTERVIEW_AI_CASE,FIRST_PANEL_06_ML_ENGINEER,ACTUAL_PARTICIPATION
ASG_001331,APP0246_FIRST_INTERVIEW,RSV_APP0246_FIRST_INTERVIEW,CONSUMED,0.5,2027-02-01T10:05:00+09:00,APP0246_FIRST_INTERVIEW_AI_CASE,FIRST_PANEL_06_HIRING_MANAGER,ACTUAL_PARTICIPATION
ASG_001332,APP0246_FIRST_INTERVIEW,RSV_APP0246_FIRST_INTERVIEW,CONSUMED,0.33333333,2027-02-01T10:25:00+09:00,APP0246_FIRST_INTERVIEW_PRACTITIONER_QA,FIRST_PANEL_06_ML_ENGINEER,ACTUAL_PARTICIPATION
ASG_001333,APP0246_FIRST_INTERVIEW,RSV_APP0246_FIRST_INTERVIEW,CONSUMED,0.33333333,2027-02-01T10:25:00+09:00,APP0246_FIRST_INTERVIEW_PRACTITIONER_QA,FIRST_PANEL_06_HIRING_MANAGER,ACTUAL_PARTICIPATION
ASG_001334,APP0246_FIRST_INTERVIEW,RSV_APP0246_FIRST_INTERVIEW,CONSUMED,0.33333333,2027-02-01T10:45:00+09:00,APP0246_FIRST_INTERVIEW_CALIBRATION,FIRST_PANEL_06_ML_ENGINEER,ACTUAL_PARTICIPATION
ASG_001335,APP0246_FIRST_INTERVIEW,RSV_APP0246_FIRST_INTERVIEW,CONSUMED,0.33333333,2027-02-01T10:45:00+09:00,APP0246_FIRST_INTERVIEW_CALIBRATION,FIRST_PANEL_06_HIRING_MANAGER,ACTUAL_PARTICIPATION
ASG_001336,APP0246_FIRST_INTERVIEW,RSV_APP0246_FIRST_INTERVIEW,RELEASED,0.50000002,2027-02-01T10:45:00+09:00,,,COMPLETED_UNUSED
ASG_001337,APP0247_FIRST_INTERVIEW,RSV_APP0247_FIRST_INTERVIEW,RESERVED,4,2026-12-08T14:04:00+09:00,,,SCHEDULED_ALLOCATION
ASG_001338,APP0247_FIRST_INTERVIEW,RSV_APP0247_FIRST_INTERVIEW,CONSUMED,0.41666667,2027-02-01T09:25:00+09:00,APP0247_FIRST_INTERVIEW_TECHNICAL_ASSESSMENT,FIRST_PANEL_07_ML_ENGINEER,ACTUAL_PARTICIPATION
ASG_001339,APP0247_FIRST_INTERVIEW,RSV_APP0247_FIRST_INTERVIEW,CONSUMED,0.41666667,2027-02-01T09:25:00+09:00,APP0247_FIRST_INTERVIEW_TECHNICAL_ASSESSMENT,FIRST_PANEL_07_HIRING_MANAGER,ACTUAL_PARTICIPATION
ASG_001340,APP0247_FIRST_INTERVIEW,RSV_APP0247_FIRST_INTERVIEW,CONSUMED,0.5,2027-02-01T09:55:00+09:00,APP0247_FIRST_INTERVIEW_AI_CASE,FIRST_PANEL_07_ML_ENGINEER,ACTUAL_PARTICIPATION
ASG_001341,APP0247_FIRST_INTERVIEW,RSV_APP0247_FIRST_INTERVIEW,CONSUMED,0.5,2027-02-01T09:55:00+09:00,APP0247_FIRST_INTERVIEW_AI_CASE,FIRST_PANEL_07_HIRING_MANAGER,ACTUAL_PARTICIPATION
ASG_001342,APP0247_FIRST_INTERVIEW,RSV_APP0247_FIRST_INTERVIEW,CONSUMED,0.41666667,2027-02-01T10:20:00+09:00,APP0247_FIRST_INTERVIEW_PRACTITIONER_QA,FIRST_PANEL_07_ML_ENGINEER,ACTUAL_PARTICIPATION
ASG_001343,APP0247_FIRST_INTERVIEW,RSV_APP0247_FIRST_INTERVIEW,CONSUMED,0.41666667,2027-02-01T10:20:00+09:00,APP0247_FIRST_INTERVIEW_PRACTITIONER_QA,FIRST_PANEL_07_HIRING_MANAGER,ACTUAL_PARTICIPATION
ASG_001344,APP0247_FIRST_INTERVIEW,RSV_APP0247_FIRST_INTERVIEW,CONSUMED,0.33333333,2027-02-01T10:40:00+09:00,APP0247_FIRST_INTERVIEW_CALIBRATION,FIRST_PANEL_07_ML_ENGINEER,ACTUAL_PARTICIPATION
ASG_001345,APP0247_FIRST_INTERVIEW,RSV_APP0247_FIRST_INTERVIEW,CONSUMED,0.33333333,2027-02-01T10:40:00+09:00,APP0247_FIRST_INTERVIEW_CALIBRATION,FIRST_PANEL_07_HIRING_MANAGER,ACTUAL_PARTICIPATION
ASG_001346,APP0247_FIRST_INTERVIEW,RSV_APP0247_FIRST_INTERVIEW,RELEASED,0.66666666,2027-02-01T10:40:00+09:00,,,COMPLETED_UNUSED
ASG_001347,APP0251_FIRST_INTERVIEW,RSV_APP0251_FIRST_INTERVIEW,RESERVED,4,2026-12-08T14:04:00+09:00,,,SCHEDULED_ALLOCATION
ASG_001348,APP0251_FIRST_INTERVIEW,RSV_APP0251_FIRST_INTERVIEW,CONSUMED,0.41666667,2027-02-01T09:25:00+09:00,APP0251_FIRST_INTERVIEW_TECHNICAL_ASSESSMENT,FIRST_PANEL_08_ML_ENGINEER,ACTUAL_PARTICIPATION
ASG_001349,APP0251_FIRST_INTERVIEW,RSV_APP0251_FIRST_INTERVIEW,CONSUMED,0.41666667,2027-02-01T09:25:00+09:00,APP0251_FIRST_INTERVIEW_TECHNICAL_ASSESSMENT,FIRST_PANEL_08_HIRING_MANAGER,ACTUAL_PARTICIPATION
ASG_001350,APP0251_FIRST_INTERVIEW,RSV_APP0251_FIRST_INTERVIEW,CONSUMED,0.58333333,2027-02-01T10:00:00+09:00,APP0251_FIRST_INTERVIEW_AI_CASE,FIRST_PANEL_08_ML_ENGINEER,ACTUAL_PARTICIPATION
ASG_001351,APP0251_FIRST_INTERVIEW,RSV_APP0251_FIRST_INTERVIEW,CONSUMED,0.58333333,2027-02-01T10:00:00+09:00,APP0251_FIRST_INTERVIEW_AI_CASE,FIRST_PANEL_08_HIRING_MANAGER,ACTUAL_PARTICIPATION
ASG_001352,APP0251_FIRST_INTERVIEW,RSV_APP0251_FIRST_INTERVIEW,CONSUMED,0.33333333,2027-02-01T10:20:00+09:00,APP0251_FIRST_INTERVIEW_PRACTITIONER_QA,FIRST_PANEL_08_ML_ENGINEER,ACTUAL_PARTICIPATION
ASG_001353,APP0251_FIRST_INTERVIEW,RSV_APP0251_FIRST_INTERVIEW,CONSUMED,0.33333333,2027-02-01T10:20:00+09:00,APP0251_FIRST_INTERVIEW_PRACTITIONER_QA,FIRST_PANEL_08_HIRING_MANAGER,ACTUAL_PARTICIPATION
ASG_001354,APP0251_FIRST_INTERVIEW,RSV_APP0251_FIRST_INTERVIEW,CONSUMED,0.41666667,2027-02-01T10:45:00+09:00,APP0251_FIRST_INTERVIEW_CALIBRATION,FIRST_PANEL_08_ML_ENGINEER,ACTUAL_PARTICIPATION
ASG_001355,APP0251_FIRST_INTERVIEW,RSV_APP0251_FIRST_INTERVIEW,CONSUMED,0.41666667,2027-02-01T10:45:00+09:00,APP0251_FIRST_INTERVIEW_CALIBRATION,FIRST_PANEL_08_HIRING_MANAGER,ACTUAL_PARTICIPATION
ASG_001356,APP0251_FIRST_INTERVIEW,RSV_APP0251_FIRST_INTERVIEW,RELEASED,0.5,2027-02-01T10:45:00+09:00,,,COMPLETED_UNUSED
ASG_001357,APP0253_FIRST_INTERVIEW,RSV_APP0253_FIRST_INTERVIEW,RESERVED,4,2026-12-08T14:04:00+09:00,,,SCHEDULED_ALLOCATION
ASG_001358,APP0253_FIRST_INTERVIEW,RSV_APP0253_FIRST_INTERVIEW,CONSUMED,0.5,2027-02-01T09:30:00+09:00,APP0253_FIRST_INTERVIEW_TECHNICAL_ASSESSMENT,FIRST_PANEL_09_ML_ENGINEER,ACTUAL_PARTICIPATION
ASG_001359,APP0253_FIRST_INTERVIEW,RSV_APP0253_FIRST_INTERVIEW,CONSUMED,0.5,2027-02-01T09:30:00+09:00,APP0253_FIRST_INTERVIEW_TECHNICAL_ASSESSMENT,FIRST_PANEL_09_HIRING_MANAGER,ACTUAL_PARTICIPATION
ASG_001360,APP0253_FIRST_INTERVIEW,RSV_APP0253_FIRST_INTERVIEW,CONSUMED,0.41666667,2027-02-01T09:55:00+09:00,APP0253_FIRST_INTERVIEW_AI_CASE,FIRST_PANEL_09_ML_ENGINEER,ACTUAL_PARTICIPATION
ASG_001361,APP0253_FIRST_INTERVIEW,RSV_APP0253_FIRST_INTERVIEW,CONSUMED,0.41666667,2027-02-01T09:55:00+09:00,APP0253_FIRST_INTERVIEW_AI_CASE,FIRST_PANEL_09_HIRING_MANAGER,ACTUAL_PARTICIPATION
ASG_001362,APP0253_FIRST_INTERVIEW,RSV_APP0253_FIRST_INTERVIEW,CONSUMED,0.33333333,2027-02-01T10:15:00+09:00,APP0253_FIRST_INTERVIEW_PRACTITIONER_QA,FIRST_PANEL_09_ML_ENGINEER,ACTUAL_PARTICIPATION
ASG_001363,APP0253_FIRST_INTERVIEW,RSV_APP0253_FIRST_INTERVIEW,CONSUMED,0.33333333,2027-02-01T10:15:00+09:00,APP0253_FIRST_INTERVIEW_PRACTITIONER_QA,FIRST_PANEL_09_HIRING_MANAGER,ACTUAL_PARTICIPATION
ASG_001364,APP0253_FIRST_INTERVIEW,RSV_APP0253_FIRST_INTERVIEW,CONSUMED,0.41666667,2027-02-01T10:40:00+09:00,APP0253_FIRST_INTERVIEW_CALIBRATION,FIRST_PANEL_09_ML_ENGINEER,ACTUAL_PARTICIPATION
ASG_001365,APP0253_FIRST_INTERVIEW,RSV_APP0253_FIRST_INTERVIEW,CONSUMED,0.41666667,2027-02-01T10:40:00+09:00,APP0253_FIRST_INTERVIEW_CALIBRATION,FIRST_PANEL_09_HIRING_MANAGER,ACTUAL_PARTICIPATION
ASG_001366,APP0253_FIRST_INTERVIEW,RSV_APP0253_FIRST_INTERVIEW,RELEASED,0.66666666,2027-02-01T10:40:00+09:00,,,COMPLETED_UNUSED
ASG_001367,APP0254_FIRST_INTERVIEW,RSV_APP0254_FIRST_INTERVIEW,RESERVED,4,2026-12-08T14:04:00+09:00,,,SCHEDULED_ALLOCATION
ASG_001368,APP0254_FIRST_INTERVIEW,RSV_APP0254_FIRST_INTERVIEW,CONSUMED,0.5,2027-02-01T09:30:00+09:00,APP0254_FIRST_INTERVIEW_TECHNICAL_ASSESSMENT,FIRST_PANEL_10_ML_ENGINEER,ACTUAL_PARTICIPATION
ASG_001369,APP0254_FIRST_INTERVIEW,RSV_APP0254_FIRST_INTERVIEW,CONSUMED,0.5,2027-02-01T09:30:00+09:00,APP0254_FIRST_INTERVIEW_TECHNICAL_ASSESSMENT,FIRST_PANEL_10_HIRING_MANAGER,ACTUAL_PARTICIPATION
ASG_001370,APP0254_FIRST_INTERVIEW,RSV_APP0254_FIRST_INTERVIEW,CONSUMED,0.5,2027-02-01T10:00:00+09:00,APP0254_FIRST_INTERVIEW_AI_CASE,FIRST_PANEL_10_ML_ENGINEER,ACTUAL_PARTICIPATION
ASG_001371,APP0254_FIRST_INTERVIEW,RSV_APP0254_FIRST_INTERVIEW,CONSUMED,0.5,2027-02-01T10:00:00+09:00,APP0254_FIRST_INTERVIEW_AI_CASE,FIRST_PANEL_10_HIRING_MANAGER,ACTUAL_PARTICIPATION
ASG_001372,APP0254_FIRST_INTERVIEW,RSV_APP0254_FIRST_INTERVIEW,CONSUMED,0.41666667,2027-02-01T10:25:00+09:00,APP0254_FIRST_INTERVIEW_PRACTITIONER_QA,FIRST_PANEL_10_ML_ENGINEER,ACTUAL_PARTICIPATION
ASG_001373,APP0254_FIRST_INTERVIEW,RSV_APP0254_FIRST_INTERVIEW,CONSUMED,0.41666667,2027-02-01T10:25:00+09:00,APP0254_FIRST_INTERVIEW_PRACTITIONER_QA,FIRST_PANEL_10_HIRING_MANAGER,ACTUAL_PARTICIPATION
ASG_001374,APP0254_FIRST_INTERVIEW,RSV_APP0254_FIRST_INTERVIEW,CONSUMED,0.33333333,2027-02-01T10:45:00+09:00,APP0254_FIRST_INTERVIEW_CALIBRATION,FIRST_PANEL_10_ML_ENGINEER,ACTUAL_PARTICIPATION
ASG_001375,APP0254_FIRST_INTERVIEW,RSV_APP0254_FIRST_INTERVIEW,CONSUMED,0.33333333,2027-02-01T10:45:00+09:00,APP0254_FIRST_INTERVIEW_CALIBRATION,FIRST_PANEL_10_HIRING_MANAGER,ACTUAL_PARTICIPATION
ASG_001376,APP0254_FIRST_INTERVIEW,RSV_APP0254_FIRST_INTERVIEW,RELEASED,0.5,2027-02-01T10:45:00+09:00,,,COMPLETED_UNUSED
ASG_001377,APP0255_FIRST_INTERVIEW,RSV_APP0255_FIRST_INTERVIEW,RESERVED,4,2026-12-08T14:04:00+09:00,,,SCHEDULED_ALLOCATION
ASG_001378,APP0255_FIRST_INTERVIEW,RSV_APP0255_FIRST_INTERVIEW,CONSUMED,0.41666667,2027-02-04T09:25:00+09:00,APP0255_FIRST_INTERVIEW_TECHNICAL_ASSESSMENT,FIRST_PANEL_01_ML_ENGINEER,ACTUAL_PARTICIPATION
ASG_001379,APP0255_FIRST_INTERVIEW,RSV_APP0255_FIRST_INTERVIEW,CONSUMED,0.41666667,2027-02-04T09:25:00+09:00,APP0255_FIRST_INTERVIEW_TECHNICAL_ASSESSMENT,FIRST_PANEL_01_HIRING_MANAGER,ACTUAL_PARTICIPATION
ASG_001380,APP0255_FIRST_INTERVIEW,RSV_APP0255_FIRST_INTERVIEW,CONSUMED,0.58333333,2027-02-04T10:00:00+09:00,APP0255_FIRST_INTERVIEW_AI_CASE,FIRST_PANEL_01_ML_ENGINEER,ACTUAL_PARTICIPATION
ASG_001381,APP0255_FIRST_INTERVIEW,RSV_APP0255_FIRST_INTERVIEW,CONSUMED,0.58333333,2027-02-04T10:00:00+09:00,APP0255_FIRST_INTERVIEW_AI_CASE,FIRST_PANEL_01_HIRING_MANAGER,ACTUAL_PARTICIPATION
ASG_001382,APP0255_FIRST_INTERVIEW,RSV_APP0255_FIRST_INTERVIEW,CONSUMED,0.41666667,2027-02-04T10:25:00+09:00,APP0255_FIRST_INTERVIEW_PRACTITIONER_QA,FIRST_PANEL_01_ML_ENGINEER,ACTUAL_PARTICIPATION
ASG_001383,APP0255_FIRST_INTERVIEW,RSV_APP0255_FIRST_INTERVIEW,CONSUMED,0.41666667,2027-02-04T10:25:00+09:00,APP0255_FIRST_INTERVIEW_PRACTITIONER_QA,FIRST_PANEL_01_HIRING_MANAGER,ACTUAL_PARTICIPATION
ASG_001384,APP0255_FIRST_INTERVIEW,RSV_APP0255_FIRST_INTERVIEW,CONSUMED,0.25,2027-02-04T10:40:00+09:00,APP0255_FIRST_INTERVIEW_CALIBRATION,FIRST_PANEL_01_ML_ENGINEER,ACTUAL_PARTICIPATION
ASG_001385,APP0255_FIRST_INTERVIEW,RSV_APP0255_FIRST_INTERVIEW,CONSUMED,0.25,2027-02-04T10:40:00+09:00,APP0255_FIRST_INTERVIEW_CALIBRATION,FIRST_PANEL_01_HIRING_MANAGER,ACTUAL_PARTICIPATION
ASG_001386,APP0255_FIRST_INTERVIEW,RSV_APP0255_FIRST_INTERVIEW,RELEASED,0.66666666,2027-02-04T10:40:00+09:00,,,COMPLETED_UNUSED
ASG_001387,APP0256_FIRST_INTERVIEW,RSV_APP0256_FIRST_INTERVIEW,RESERVED,4,2026-12-08T14:04:00+09:00,,,SCHEDULED_ALLOCATION
ASG_001388,APP0256_FIRST_INTERVIEW,RSV_APP0256_FIRST_INTERVIEW,CONSUMED,0.58333333,2027-02-04T09:35:00+09:00,APP0256_FIRST_INTERVIEW_TECHNICAL_ASSESSMENT,FIRST_PANEL_02_ML_ENGINEER,ACTUAL_PARTICIPATION
ASG_001389,APP0256_FIRST_INTERVIEW,RSV_APP0256_FIRST_INTERVIEW,CONSUMED,0.58333333,2027-02-04T09:35:00+09:00,APP0256_FIRST_INTERVIEW_TECHNICAL_ASSESSMENT,FIRST_PANEL_02_HIRING_MANAGER,ACTUAL_PARTICIPATION
ASG_001390,APP0256_FIRST_INTERVIEW,RSV_APP0256_FIRST_INTERVIEW,CONSUMED,0.41666667,2027-02-04T10:00:00+09:00,APP0256_FIRST_INTERVIEW_AI_CASE,FIRST_PANEL_02_ML_ENGINEER,ACTUAL_PARTICIPATION
ASG_001391,APP0256_FIRST_INTERVIEW,RSV_APP0256_FIRST_INTERVIEW,CONSUMED,0.41666667,2027-02-04T10:00:00+09:00,APP0256_FIRST_INTERVIEW_AI_CASE,FIRST_PANEL_02_HIRING_MANAGER,ACTUAL_PARTICIPATION
ASG_001392,APP0256_FIRST_INTERVIEW,RSV_APP0256_FIRST_INTERVIEW,CONSUMED,0.33333333,2027-02-04T10:20:00+09:00,APP0256_FIRST_INTERVIEW_PRACTITIONER_QA,FIRST_PANEL_02_ML_ENGINEER,ACTUAL_PARTICIPATION
ASG_001393,APP0256_FIRST_INTERVIEW,RSV_APP0256_FIRST_INTERVIEW,CONSUMED,0.33333333,2027-02-04T10:20:00+09:00,APP0256_FIRST_INTERVIEW_PRACTITIONER_QA,FIRST_PANEL_02_HIRING_MANAGER,ACTUAL_PARTICIPATION
ASG_001394,APP0256_FIRST_INTERVIEW,RSV_APP0256_FIRST_INTERVIEW,CONSUMED,0.33333333,2027-02-04T10:40:00+09:00,APP0256_FIRST_INTERVIEW_CALIBRATION,FIRST_PANEL_02_ML_ENGINEER,ACTUAL_PARTICIPATION
ASG_001395,APP0256_FIRST_INTERVIEW,RSV_APP0256_FIRST_INTERVIEW,CONSUMED,0.33333333,2027-02-04T10:40:00+09:00,APP0256_FIRST_INTERVIEW_CALIBRATION,FIRST_PANEL_02_HIRING_MANAGER,ACTUAL_PARTICIPATION
ASG_001396,APP0256_FIRST_INTERVIEW,RSV_APP0256_FIRST_INTERVIEW,RELEASED,0.66666668,2027-02-04T10:40:00+09:00,,,COMPLETED_UNUSED
ASG_001397,APP0258_FIRST_INTERVIEW,RSV_APP0258_FIRST_INTERVIEW,RESERVED,4,2026-12-08T14:04:00+09:00,,,SCHEDULED_ALLOCATION
ASG_001398,APP0258_FIRST_INTERVIEW,RSV_APP0258_FIRST_INTERVIEW,CONSUMED,0.5,2027-02-04T09:30:00+09:00,APP0258_FIRST_INTERVIEW_TECHNICAL_ASSESSMENT,FIRST_PANEL_03_ML_ENGINEER,ACTUAL_PARTICIPATION
ASG_001399,APP0258_FIRST_INTERVIEW,RSV_APP0258_FIRST_INTERVIEW,CONSUMED,0.5,2027-02-04T09:30:00+09:00,APP0258_FIRST_INTERVIEW_TECHNICAL_ASSESSMENT,FIRST_PANEL_03_HIRING_MANAGER,ACTUAL_PARTICIPATION
ASG_001400,APP0258_FIRST_INTERVIEW,RSV_APP0258_FIRST_INTERVIEW,CONSUMED,0.5,2027-02-04T10:00:00+09:00,APP0258_FIRST_INTERVIEW_AI_CASE,FIRST_PANEL_03_ML_ENGINEER,ACTUAL_PARTICIPATION
ASG_001401,APP0258_FIRST_INTERVIEW,RSV_APP0258_FIRST_INTERVIEW,CONSUMED,0.5,2027-02-04T10:00:00+09:00,APP0258_FIRST_INTERVIEW_AI_CASE,FIRST_PANEL_03_HIRING_MANAGER,ACTUAL_PARTICIPATION
ASG_001402,APP0258_FIRST_INTERVIEW,RSV_APP0258_FIRST_INTERVIEW,CONSUMED,0.33333333,2027-02-04T10:20:00+09:00,APP0258_FIRST_INTERVIEW_PRACTITIONER_QA,FIRST_PANEL_03_ML_ENGINEER,ACTUAL_PARTICIPATION
ASG_001403,APP0258_FIRST_INTERVIEW,RSV_APP0258_FIRST_INTERVIEW,CONSUMED,0.33333333,2027-02-04T10:20:00+09:00,APP0258_FIRST_INTERVIEW_PRACTITIONER_QA,FIRST_PANEL_03_HIRING_MANAGER,ACTUAL_PARTICIPATION
ASG_001404,APP0258_FIRST_INTERVIEW,RSV_APP0258_FIRST_INTERVIEW,CONSUMED,0.25,2027-02-04T10:35:00+09:00,APP0258_FIRST_INTERVIEW_CALIBRATION,FIRST_PANEL_03_ML_ENGINEER,ACTUAL_PARTICIPATION
ASG_001405,APP0258_FIRST_INTERVIEW,RSV_APP0258_FIRST_INTERVIEW,CONSUMED,0.25,2027-02-04T10:35:00+09:00,APP0258_FIRST_INTERVIEW_CALIBRATION,FIRST_PANEL_03_HIRING_MANAGER,ACTUAL_PARTICIPATION
ASG_001406,APP0258_FIRST_INTERVIEW,RSV_APP0258_FIRST_INTERVIEW,RELEASED,0.83333334,2027-02-04T10:35:00+09:00,,,COMPLETED_UNUSED
ASG_001407,APP0263_FIRST_INTERVIEW,RSV_APP0263_FIRST_INTERVIEW,RESERVED,4,2026-12-08T14:04:00+09:00,,,SCHEDULED_ALLOCATION
ASG_001408,APP0263_FIRST_INTERVIEW,RSV_APP0263_FIRST_INTERVIEW,RELEASED,4.0,2027-02-05T09:00:00+09:00,,,NO_RESPONSE_UNUSED
ASG_001409,APP0264_FIRST_INTERVIEW,RSV_APP0264_FIRST_INTERVIEW,RESERVED,4,2026-12-08T14:04:00+09:00,,,SCHEDULED_ALLOCATION
ASG_001410,APP0264_FIRST_INTERVIEW,RSV_APP0264_FIRST_INTERVIEW,CONSUMED,0.58333333,2027-02-04T09:35:00+09:00,APP0264_FIRST_INTERVIEW_TECHNICAL_ASSESSMENT,FIRST_PANEL_05_ML_ENGINEER,ACTUAL_PARTICIPATION
ASG_001411,APP0264_FIRST_INTERVIEW,RSV_APP0264_FIRST_INTERVIEW,CONSUMED,0.58333333,2027-02-04T09:35:00+09:00,APP0264_FIRST_INTERVIEW_TECHNICAL_ASSESSMENT,FIRST_PANEL_05_HIRING_MANAGER,ACTUAL_PARTICIPATION
ASG_001412,APP0264_FIRST_INTERVIEW,RSV_APP0264_FIRST_INTERVIEW,CONSUMED,0.41666667,2027-02-04T10:00:00+09:00,APP0264_FIRST_INTERVIEW_AI_CASE,FIRST_PANEL_05_ML_ENGINEER,ACTUAL_PARTICIPATION
ASG_001413,APP0264_FIRST_INTERVIEW,RSV_APP0264_FIRST_INTERVIEW,CONSUMED,0.41666667,2027-02-04T10:00:00+09:00,APP0264_FIRST_INTERVIEW_AI_CASE,FIRST_PANEL_05_HIRING_MANAGER,ACTUAL_PARTICIPATION
ASG_001414,APP0264_FIRST_INTERVIEW,RSV_APP0264_FIRST_INTERVIEW,CONSUMED,0.41666667,2027-02-04T10:25:00+09:00,APP0264_FIRST_INTERVIEW_PRACTITIONER_QA,FIRST_PANEL_05_ML_ENGINEER,ACTUAL_PARTICIPATION
ASG_001415,APP0264_FIRST_INTERVIEW,RSV_APP0264_FIRST_INTERVIEW,CONSUMED,0.41666667,2027-02-04T10:25:00+09:00,APP0264_FIRST_INTERVIEW_PRACTITIONER_QA,FIRST_PANEL_05_HIRING_MANAGER,ACTUAL_PARTICIPATION
ASG_001416,APP0264_FIRST_INTERVIEW,RSV_APP0264_FIRST_INTERVIEW,CONSUMED,0.25,2027-02-04T10:40:00+09:00,APP0264_FIRST_INTERVIEW_CALIBRATION,FIRST_PANEL_05_ML_ENGINEER,ACTUAL_PARTICIPATION
ASG_001417,APP0264_FIRST_INTERVIEW,RSV_APP0264_FIRST_INTERVIEW,CONSUMED,0.25,2027-02-04T10:40:00+09:00,APP0264_FIRST_INTERVIEW_CALIBRATION,FIRST_PANEL_05_HIRING_MANAGER,ACTUAL_PARTICIPATION
ASG_001418,APP0264_FIRST_INTERVIEW,RSV_APP0264_FIRST_INTERVIEW,RELEASED,0.66666666,2027-02-04T10:40:00+09:00,,,COMPLETED_UNUSED
ASG_001419,APP0265_FIRST_INTERVIEW,RSV_APP0265_FIRST_INTERVIEW,RESERVED,4,2026-12-08T14:04:00+09:00,,,SCHEDULED_ALLOCATION
ASG_001420,APP0265_FIRST_INTERVIEW,RSV_APP0265_FIRST_INTERVIEW,CONSUMED,0.58333333,2027-02-04T09:35:00+09:00,APP0265_FIRST_INTERVIEW_TECHNICAL_ASSESSMENT,FIRST_PANEL_06_ML_ENGINEER,ACTUAL_PARTICIPATION
ASG_001421,APP0265_FIRST_INTERVIEW,RSV_APP0265_FIRST_INTERVIEW,CONSUMED,0.58333333,2027-02-04T09:35:00+09:00,APP0265_FIRST_INTERVIEW_TECHNICAL_ASSESSMENT,FIRST_PANEL_06_HIRING_MANAGER,ACTUAL_PARTICIPATION
ASG_001422,APP0265_FIRST_INTERVIEW,RSV_APP0265_FIRST_INTERVIEW,CONSUMED,0.41666667,2027-02-04T10:00:00+09:00,APP0265_FIRST_INTERVIEW_AI_CASE,FIRST_PANEL_06_ML_ENGINEER,ACTUAL_PARTICIPATION
ASG_001423,APP0265_FIRST_INTERVIEW,RSV_APP0265_FIRST_INTERVIEW,CONSUMED,0.41666667,2027-02-04T10:00:00+09:00,APP0265_FIRST_INTERVIEW_AI_CASE,FIRST_PANEL_06_HIRING_MANAGER,ACTUAL_PARTICIPATION
ASG_001424,APP0265_FIRST_INTERVIEW,RSV_APP0265_FIRST_INTERVIEW,CONSUMED,0.33333333,2027-02-04T10:20:00+09:00,APP0265_FIRST_INTERVIEW_PRACTITIONER_QA,FIRST_PANEL_06_ML_ENGINEER,ACTUAL_PARTICIPATION
ASG_001425,APP0265_FIRST_INTERVIEW,RSV_APP0265_FIRST_INTERVIEW,CONSUMED,0.33333333,2027-02-04T10:20:00+09:00,APP0265_FIRST_INTERVIEW_PRACTITIONER_QA,FIRST_PANEL_06_HIRING_MANAGER,ACTUAL_PARTICIPATION
ASG_001426,APP0265_FIRST_INTERVIEW,RSV_APP0265_FIRST_INTERVIEW,CONSUMED,0.33333333,2027-02-04T10:40:00+09:00,APP0265_FIRST_INTERVIEW_CALIBRATION,FIRST_PANEL_06_ML_ENGINEER,ACTUAL_PARTICIPATION
ASG_001427,APP0265_FIRST_INTERVIEW,RSV_APP0265_FIRST_INTERVIEW,CONSUMED,0.33333333,2027-02-04T10:40:00+09:00,APP0265_FIRST_INTERVIEW_CALIBRATION,FIRST_PANEL_06_HIRING_MANAGER,ACTUAL_PARTICIPATION
ASG_001428,APP0265_FIRST_INTERVIEW,RSV_APP0265_FIRST_INTERVIEW,RELEASED,0.66666668,2027-02-04T10:40:00+09:00,,,COMPLETED_UNUSED
ASG_001429,APP0267_FIRST_INTERVIEW,RSV_APP0267_FIRST_INTERVIEW,RESERVED,4,2026-12-08T14:04:00+09:00,,,SCHEDULED_ALLOCATION
ASG_001430,APP0267_FIRST_INTERVIEW,RSV_APP0267_FIRST_INTERVIEW,CONSUMED,0.41666667,2027-02-04T09:25:00+09:00,APP0267_FIRST_INTERVIEW_TECHNICAL_ASSESSMENT,FIRST_PANEL_07_ML_ENGINEER,ACTUAL_PARTICIPATION
ASG_001431,APP0267_FIRST_INTERVIEW,RSV_APP0267_FIRST_INTERVIEW,CONSUMED,0.41666667,2027-02-04T09:25:00+09:00,APP0267_FIRST_INTERVIEW_TECHNICAL_ASSESSMENT,FIRST_PANEL_07_HIRING_MANAGER,ACTUAL_PARTICIPATION
ASG_001432,APP0267_FIRST_INTERVIEW,RSV_APP0267_FIRST_INTERVIEW,CONSUMED,0.58333333,2027-02-04T10:00:00+09:00,APP0267_FIRST_INTERVIEW_AI_CASE,FIRST_PANEL_07_ML_ENGINEER,ACTUAL_PARTICIPATION
ASG_001433,APP0267_FIRST_INTERVIEW,RSV_APP0267_FIRST_INTERVIEW,CONSUMED,0.58333333,2027-02-04T10:00:00+09:00,APP0267_FIRST_INTERVIEW_AI_CASE,FIRST_PANEL_07_HIRING_MANAGER,ACTUAL_PARTICIPATION
ASG_001434,APP0267_FIRST_INTERVIEW,RSV_APP0267_FIRST_INTERVIEW,CONSUMED,0.41666667,2027-02-04T10:25:00+09:00,APP0267_FIRST_INTERVIEW_PRACTITIONER_QA,FIRST_PANEL_07_ML_ENGINEER,ACTUAL_PARTICIPATION
ASG_001435,APP0267_FIRST_INTERVIEW,RSV_APP0267_FIRST_INTERVIEW,CONSUMED,0.41666667,2027-02-04T10:25:00+09:00,APP0267_FIRST_INTERVIEW_PRACTITIONER_QA,FIRST_PANEL_07_HIRING_MANAGER,ACTUAL_PARTICIPATION
ASG_001436,APP0267_FIRST_INTERVIEW,RSV_APP0267_FIRST_INTERVIEW,CONSUMED,0.33333333,2027-02-04T10:45:00+09:00,APP0267_FIRST_INTERVIEW_CALIBRATION,FIRST_PANEL_07_ML_ENGINEER,ACTUAL_PARTICIPATION
ASG_001437,APP0267_FIRST_INTERVIEW,RSV_APP0267_FIRST_INTERVIEW,CONSUMED,0.33333333,2027-02-04T10:45:00+09:00,APP0267_FIRST_INTERVIEW_CALIBRATION,FIRST_PANEL_07_HIRING_MANAGER,ACTUAL_PARTICIPATION
ASG_001438,APP0267_FIRST_INTERVIEW,RSV_APP0267_FIRST_INTERVIEW,RELEASED,0.5,2027-02-04T10:45:00+09:00,,,COMPLETED_UNUSED
ASG_001439,APP0268_FIRST_INTERVIEW,RSV_APP0268_FIRST_INTERVIEW,RESERVED,4,2026-12-08T14:04:00+09:00,,,SCHEDULED_ALLOCATION
ASG_001440,APP0268_FIRST_INTERVIEW,RSV_APP0268_FIRST_INTERVIEW,CONSUMED,0.58333333,2027-02-04T09:35:00+09:00,APP0268_FIRST_INTERVIEW_TECHNICAL_ASSESSMENT,FIRST_PANEL_08_ML_ENGINEER,ACTUAL_PARTICIPATION
ASG_001441,APP0268_FIRST_INTERVIEW,RSV_APP0268_FIRST_INTERVIEW,CONSUMED,0.58333333,2027-02-04T09:35:00+09:00,APP0268_FIRST_INTERVIEW_TECHNICAL_ASSESSMENT,FIRST_PANEL_08_HIRING_MANAGER,ACTUAL_PARTICIPATION
ASG_001442,APP0268_FIRST_INTERVIEW,RSV_APP0268_FIRST_INTERVIEW,CONSUMED,0.5,2027-02-04T10:05:00+09:00,APP0268_FIRST_INTERVIEW_AI_CASE,FIRST_PANEL_08_ML_ENGINEER,ACTUAL_PARTICIPATION
ASG_001443,APP0268_FIRST_INTERVIEW,RSV_APP0268_FIRST_INTERVIEW,CONSUMED,0.5,2027-02-04T10:05:00+09:00,APP0268_FIRST_INTERVIEW_AI_CASE,FIRST_PANEL_08_HIRING_MANAGER,ACTUAL_PARTICIPATION
ASG_001444,APP0268_FIRST_INTERVIEW,RSV_APP0268_FIRST_INTERVIEW,CONSUMED,0.33333333,2027-02-04T10:25:00+09:00,APP0268_FIRST_INTERVIEW_PRACTITIONER_QA,FIRST_PANEL_08_ML_ENGINEER,ACTUAL_PARTICIPATION
ASG_001445,APP0268_FIRST_INTERVIEW,RSV_APP0268_FIRST_INTERVIEW,CONSUMED,0.33333333,2027-02-04T10:25:00+09:00,APP0268_FIRST_INTERVIEW_PRACTITIONER_QA,FIRST_PANEL_08_HIRING_MANAGER,ACTUAL_PARTICIPATION
ASG_001446,APP0268_FIRST_INTERVIEW,RSV_APP0268_FIRST_INTERVIEW,CONSUMED,0.33333333,2027-02-04T10:45:00+09:00,APP0268_FIRST_INTERVIEW_CALIBRATION,FIRST_PANEL_08_ML_ENGINEER,ACTUAL_PARTICIPATION
ASG_001447,APP0268_FIRST_INTERVIEW,RSV_APP0268_FIRST_INTERVIEW,CONSUMED,0.33333333,2027-02-04T10:45:00+09:00,APP0268_FIRST_INTERVIEW_CALIBRATION,FIRST_PANEL_08_HIRING_MANAGER,ACTUAL_PARTICIPATION
ASG_001448,APP0268_FIRST_INTERVIEW,RSV_APP0268_FIRST_INTERVIEW,RELEASED,0.50000002,2027-02-04T10:45:00+09:00,,,COMPLETED_UNUSED
ASG_001449,APP0269_FIRST_INTERVIEW,RSV_APP0269_FIRST_INTERVIEW,RESERVED,4,2026-12-08T14:04:00+09:00,,,SCHEDULED_ALLOCATION
ASG_001450,APP0269_FIRST_INTERVIEW,RSV_APP0269_FIRST_INTERVIEW,CONSUMED,0.5,2027-02-04T09:30:00+09:00,APP0269_FIRST_INTERVIEW_TECHNICAL_ASSESSMENT,FIRST_PANEL_09_ML_ENGINEER,ACTUAL_PARTICIPATION
ASG_001451,APP0269_FIRST_INTERVIEW,RSV_APP0269_FIRST_INTERVIEW,CONSUMED,0.5,2027-02-04T09:30:00+09:00,APP0269_FIRST_INTERVIEW_TECHNICAL_ASSESSMENT,FIRST_PANEL_09_HIRING_MANAGER,ACTUAL_PARTICIPATION
ASG_001452,APP0269_FIRST_INTERVIEW,RSV_APP0269_FIRST_INTERVIEW,CONSUMED,0.58333333,2027-02-04T10:05:00+09:00,APP0269_FIRST_INTERVIEW_AI_CASE,FIRST_PANEL_09_ML_ENGINEER,ACTUAL_PARTICIPATION
ASG_001453,APP0269_FIRST_INTERVIEW,RSV_APP0269_FIRST_INTERVIEW,CONSUMED,0.58333333,2027-02-04T10:05:00+09:00,APP0269_FIRST_INTERVIEW_AI_CASE,FIRST_PANEL_09_HIRING_MANAGER,ACTUAL_PARTICIPATION
ASG_001454,APP0269_FIRST_INTERVIEW,RSV_APP0269_FIRST_INTERVIEW,CONSUMED,0.33333333,2027-02-04T10:25:00+09:00,APP0269_FIRST_INTERVIEW_PRACTITIONER_QA,FIRST_PANEL_09_ML_ENGINEER,ACTUAL_PARTICIPATION
ASG_001455,APP0269_FIRST_INTERVIEW,RSV_APP0269_FIRST_INTERVIEW,CONSUMED,0.33333333,2027-02-04T10:25:00+09:00,APP0269_FIRST_INTERVIEW_PRACTITIONER_QA,FIRST_PANEL_09_HIRING_MANAGER,ACTUAL_PARTICIPATION
ASG_001456,APP0269_FIRST_INTERVIEW,RSV_APP0269_FIRST_INTERVIEW,CONSUMED,0.33333333,2027-02-04T10:45:00+09:00,APP0269_FIRST_INTERVIEW_CALIBRATION,FIRST_PANEL_09_ML_ENGINEER,ACTUAL_PARTICIPATION
ASG_001457,APP0269_FIRST_INTERVIEW,RSV_APP0269_FIRST_INTERVIEW,CONSUMED,0.33333333,2027-02-04T10:45:00+09:00,APP0269_FIRST_INTERVIEW_CALIBRATION,FIRST_PANEL_09_HIRING_MANAGER,ACTUAL_PARTICIPATION
ASG_001458,APP0269_FIRST_INTERVIEW,RSV_APP0269_FIRST_INTERVIEW,RELEASED,0.50000002,2027-02-04T10:45:00+09:00,,,COMPLETED_UNUSED
ASG_001459,APP0270_FIRST_INTERVIEW,RSV_APP0270_FIRST_INTERVIEW,RESERVED,4,2026-12-08T14:04:00+09:00,,,SCHEDULED_ALLOCATION
ASG_001460,APP0270_FIRST_INTERVIEW,RSV_APP0270_FIRST_INTERVIEW,CONSUMED,0.41666667,2027-02-04T09:25:00+09:00,APP0270_FIRST_INTERVIEW_TECHNICAL_ASSESSMENT,FIRST_PANEL_10_ML_ENGINEER,ACTUAL_PARTICIPATION
ASG_001461,APP0270_FIRST_INTERVIEW,RSV_APP0270_FIRST_INTERVIEW,CONSUMED,0.41666667,2027-02-04T09:25:00+09:00,APP0270_FIRST_INTERVIEW_TECHNICAL_ASSESSMENT,FIRST_PANEL_10_HIRING_MANAGER,ACTUAL_PARTICIPATION
ASG_001462,APP0270_FIRST_INTERVIEW,RSV_APP0270_FIRST_INTERVIEW,CONSUMED,0.5,2027-02-04T09:55:00+09:00,APP0270_FIRST_INTERVIEW_AI_CASE,FIRST_PANEL_10_ML_ENGINEER,ACTUAL_PARTICIPATION
ASG_001463,APP0270_FIRST_INTERVIEW,RSV_APP0270_FIRST_INTERVIEW,CONSUMED,0.5,2027-02-04T09:55:00+09:00,APP0270_FIRST_INTERVIEW_AI_CASE,FIRST_PANEL_10_HIRING_MANAGER,ACTUAL_PARTICIPATION
ASG_001464,APP0270_FIRST_INTERVIEW,RSV_APP0270_FIRST_INTERVIEW,CONSUMED,0.33333333,2027-02-04T10:15:00+09:00,APP0270_FIRST_INTERVIEW_PRACTITIONER_QA,FIRST_PANEL_10_ML_ENGINEER,ACTUAL_PARTICIPATION
ASG_001465,APP0270_FIRST_INTERVIEW,RSV_APP0270_FIRST_INTERVIEW,CONSUMED,0.33333333,2027-02-04T10:15:00+09:00,APP0270_FIRST_INTERVIEW_PRACTITIONER_QA,FIRST_PANEL_10_HIRING_MANAGER,ACTUAL_PARTICIPATION
ASG_001466,APP0270_FIRST_INTERVIEW,RSV_APP0270_FIRST_INTERVIEW,CONSUMED,0.25,2027-02-04T10:30:00+09:00,APP0270_FIRST_INTERVIEW_CALIBRATION,FIRST_PANEL_10_ML_ENGINEER,ACTUAL_PARTICIPATION
ASG_001467,APP0270_FIRST_INTERVIEW,RSV_APP0270_FIRST_INTERVIEW,CONSUMED,0.25,2027-02-04T10:30:00+09:00,APP0270_FIRST_INTERVIEW_CALIBRATION,FIRST_PANEL_10_HIRING_MANAGER,ACTUAL_PARTICIPATION
ASG_001468,APP0270_FIRST_INTERVIEW,RSV_APP0270_FIRST_INTERVIEW,RELEASED,1.0,2027-02-04T10:30:00+09:00,,,COMPLETED_UNUSED
ASG_001469,APP0272_FIRST_INTERVIEW,RSV_APP0272_FIRST_INTERVIEW,RESERVED,4,2026-12-08T14:04:00+09:00,,,SCHEDULED_ALLOCATION
ASG_001470,APP0272_FIRST_INTERVIEW,RSV_APP0272_FIRST_INTERVIEW,CONSUMED,0.5,2027-02-08T09:30:00+09:00,APP0272_FIRST_INTERVIEW_TECHNICAL_ASSESSMENT,FIRST_PANEL_01_ML_ENGINEER,ACTUAL_PARTICIPATION
ASG_001471,APP0272_FIRST_INTERVIEW,RSV_APP0272_FIRST_INTERVIEW,CONSUMED,0.5,2027-02-08T09:30:00+09:00,APP0272_FIRST_INTERVIEW_TECHNICAL_ASSESSMENT,FIRST_PANEL_01_HIRING_MANAGER,ACTUAL_PARTICIPATION
ASG_001472,APP0272_FIRST_INTERVIEW,RSV_APP0272_FIRST_INTERVIEW,CONSUMED,0.58333333,2027-02-08T10:05:00+09:00,APP0272_FIRST_INTERVIEW_AI_CASE,FIRST_PANEL_01_ML_ENGINEER,ACTUAL_PARTICIPATION
ASG_001473,APP0272_FIRST_INTERVIEW,RSV_APP0272_FIRST_INTERVIEW,CONSUMED,0.58333333,2027-02-08T10:05:00+09:00,APP0272_FIRST_INTERVIEW_AI_CASE,FIRST_PANEL_01_HIRING_MANAGER,ACTUAL_PARTICIPATION
ASG_001474,APP0272_FIRST_INTERVIEW,RSV_APP0272_FIRST_INTERVIEW,CONSUMED,0.41666667,2027-02-08T10:30:00+09:00,APP0272_FIRST_INTERVIEW_PRACTITIONER_QA,FIRST_PANEL_01_ML_ENGINEER,ACTUAL_PARTICIPATION
ASG_001475,APP0272_FIRST_INTERVIEW,RSV_APP0272_FIRST_INTERVIEW,CONSUMED,0.41666667,2027-02-08T10:30:00+09:00,APP0272_FIRST_INTERVIEW_PRACTITIONER_QA,FIRST_PANEL_01_HIRING_MANAGER,ACTUAL_PARTICIPATION
ASG_001476,APP0272_FIRST_INTERVIEW,RSV_APP0272_FIRST_INTERVIEW,CONSUMED,0.33333333,2027-02-08T10:50:00+09:00,APP0272_FIRST_INTERVIEW_CALIBRATION,FIRST_PANEL_01_ML_ENGINEER,ACTUAL_PARTICIPATION
ASG_001477,APP0272_FIRST_INTERVIEW,RSV_APP0272_FIRST_INTERVIEW,CONSUMED,0.33333333,2027-02-08T10:50:00+09:00,APP0272_FIRST_INTERVIEW_CALIBRATION,FIRST_PANEL_01_HIRING_MANAGER,ACTUAL_PARTICIPATION
ASG_001478,APP0272_FIRST_INTERVIEW,RSV_APP0272_FIRST_INTERVIEW,RELEASED,0.33333334,2027-02-08T10:50:00+09:00,,,COMPLETED_UNUSED
ASG_001479,APP0273_FIRST_INTERVIEW,RSV_APP0273_FIRST_INTERVIEW,RESERVED,4,2026-12-08T14:04:00+09:00,,,SCHEDULED_ALLOCATION
ASG_001480,APP0273_FIRST_INTERVIEW,RSV_APP0273_FIRST_INTERVIEW,CONSUMED,0.5,2027-02-08T09:30:00+09:00,APP0273_FIRST_INTERVIEW_TECHNICAL_ASSESSMENT,FIRST_PANEL_02_ML_ENGINEER,ACTUAL_PARTICIPATION
ASG_001481,APP0273_FIRST_INTERVIEW,RSV_APP0273_FIRST_INTERVIEW,CONSUMED,0.5,2027-02-08T09:30:00+09:00,APP0273_FIRST_INTERVIEW_TECHNICAL_ASSESSMENT,FIRST_PANEL_02_HIRING_MANAGER,ACTUAL_PARTICIPATION
ASG_001482,APP0273_FIRST_INTERVIEW,RSV_APP0273_FIRST_INTERVIEW,CONSUMED,0.41666667,2027-02-08T09:55:00+09:00,APP0273_FIRST_INTERVIEW_AI_CASE,FIRST_PANEL_02_ML_ENGINEER,ACTUAL_PARTICIPATION
ASG_001483,APP0273_FIRST_INTERVIEW,RSV_APP0273_FIRST_INTERVIEW,CONSUMED,0.41666667,2027-02-08T09:55:00+09:00,APP0273_FIRST_INTERVIEW_AI_CASE,FIRST_PANEL_02_HIRING_MANAGER,ACTUAL_PARTICIPATION
ASG_001484,APP0273_FIRST_INTERVIEW,RSV_APP0273_FIRST_INTERVIEW,CONSUMED,0.41666667,2027-02-08T10:20:00+09:00,APP0273_FIRST_INTERVIEW_PRACTITIONER_QA,FIRST_PANEL_02_ML_ENGINEER,ACTUAL_PARTICIPATION
ASG_001485,APP0273_FIRST_INTERVIEW,RSV_APP0273_FIRST_INTERVIEW,CONSUMED,0.41666667,2027-02-08T10:20:00+09:00,APP0273_FIRST_INTERVIEW_PRACTITIONER_QA,FIRST_PANEL_02_HIRING_MANAGER,ACTUAL_PARTICIPATION
ASG_001486,APP0273_FIRST_INTERVIEW,RSV_APP0273_FIRST_INTERVIEW,CONSUMED,0.41666667,2027-02-08T10:45:00+09:00,APP0273_FIRST_INTERVIEW_CALIBRATION,FIRST_PANEL_02_ML_ENGINEER,ACTUAL_PARTICIPATION
ASG_001487,APP0273_FIRST_INTERVIEW,RSV_APP0273_FIRST_INTERVIEW,CONSUMED,0.41666667,2027-02-08T10:45:00+09:00,APP0273_FIRST_INTERVIEW_CALIBRATION,FIRST_PANEL_02_HIRING_MANAGER,ACTUAL_PARTICIPATION
ASG_001488,APP0273_FIRST_INTERVIEW,RSV_APP0273_FIRST_INTERVIEW,RELEASED,0.49999998,2027-02-08T10:45:00+09:00,,,COMPLETED_UNUSED
ASG_001489,APP0274_FIRST_INTERVIEW,RSV_APP0274_FIRST_INTERVIEW,RESERVED,4,2026-12-08T14:04:00+09:00,,,SCHEDULED_ALLOCATION
ASG_001490,APP0274_FIRST_INTERVIEW,RSV_APP0274_FIRST_INTERVIEW,CONSUMED,0.58333333,2027-02-08T09:35:00+09:00,APP0274_FIRST_INTERVIEW_TECHNICAL_ASSESSMENT,FIRST_PANEL_03_ML_ENGINEER,ACTUAL_PARTICIPATION
ASG_001491,APP0274_FIRST_INTERVIEW,RSV_APP0274_FIRST_INTERVIEW,CONSUMED,0.58333333,2027-02-08T09:35:00+09:00,APP0274_FIRST_INTERVIEW_TECHNICAL_ASSESSMENT,FIRST_PANEL_03_HIRING_MANAGER,ACTUAL_PARTICIPATION
ASG_001492,APP0274_FIRST_INTERVIEW,RSV_APP0274_FIRST_INTERVIEW,CONSUMED,0.41666667,2027-02-08T10:00:00+09:00,APP0274_FIRST_INTERVIEW_AI_CASE,FIRST_PANEL_03_ML_ENGINEER,ACTUAL_PARTICIPATION
ASG_001493,APP0274_FIRST_INTERVIEW,RSV_APP0274_FIRST_INTERVIEW,CONSUMED,0.41666667,2027-02-08T10:00:00+09:00,APP0274_FIRST_INTERVIEW_AI_CASE,FIRST_PANEL_03_HIRING_MANAGER,ACTUAL_PARTICIPATION
ASG_001494,APP0274_FIRST_INTERVIEW,RSV_APP0274_FIRST_INTERVIEW,CONSUMED,0.33333333,2027-02-08T10:20:00+09:00,APP0274_FIRST_INTERVIEW_PRACTITIONER_QA,FIRST_PANEL_03_ML_ENGINEER,ACTUAL_PARTICIPATION
ASG_001495,APP0274_FIRST_INTERVIEW,RSV_APP0274_FIRST_INTERVIEW,CONSUMED,0.33333333,2027-02-08T10:20:00+09:00,APP0274_FIRST_INTERVIEW_PRACTITIONER_QA,FIRST_PANEL_03_HIRING_MANAGER,ACTUAL_PARTICIPATION
ASG_001496,APP0274_FIRST_INTERVIEW,RSV_APP0274_FIRST_INTERVIEW,CONSUMED,0.33333333,2027-02-08T10:40:00+09:00,APP0274_FIRST_INTERVIEW_CALIBRATION,FIRST_PANEL_03_ML_ENGINEER,ACTUAL_PARTICIPATION
ASG_001497,APP0274_FIRST_INTERVIEW,RSV_APP0274_FIRST_INTERVIEW,CONSUMED,0.33333333,2027-02-08T10:40:00+09:00,APP0274_FIRST_INTERVIEW_CALIBRATION,FIRST_PANEL_03_HIRING_MANAGER,ACTUAL_PARTICIPATION
ASG_001498,APP0274_FIRST_INTERVIEW,RSV_APP0274_FIRST_INTERVIEW,RELEASED,0.66666668,2027-02-08T10:40:00+09:00,,,COMPLETED_UNUSED
ASG_001499,APP0275_FIRST_INTERVIEW,RSV_APP0275_FIRST_INTERVIEW,RESERVED,4,2026-12-08T14:04:00+09:00,,,SCHEDULED_ALLOCATION
ASG_001500,APP0275_FIRST_INTERVIEW,RSV_APP0275_FIRST_INTERVIEW,CONSUMED,0.58333333,2027-02-08T09:35:00+09:00,APP0275_FIRST_INTERVIEW_TECHNICAL_ASSESSMENT,FIRST_PANEL_04_ML_ENGINEER,ACTUAL_PARTICIPATION
ASG_001501,APP0275_FIRST_INTERVIEW,RSV_APP0275_FIRST_INTERVIEW,CONSUMED,0.58333333,2027-02-08T09:35:00+09:00,APP0275_FIRST_INTERVIEW_TECHNICAL_ASSESSMENT,FIRST_PANEL_04_HIRING_MANAGER,ACTUAL_PARTICIPATION
ASG_001502,APP0275_FIRST_INTERVIEW,RSV_APP0275_FIRST_INTERVIEW,CONSUMED,0.5,2027-02-08T10:05:00+09:00,APP0275_FIRST_INTERVIEW_AI_CASE,FIRST_PANEL_04_ML_ENGINEER,ACTUAL_PARTICIPATION
ASG_001503,APP0275_FIRST_INTERVIEW,RSV_APP0275_FIRST_INTERVIEW,CONSUMED,0.5,2027-02-08T10:05:00+09:00,APP0275_FIRST_INTERVIEW_AI_CASE,FIRST_PANEL_04_HIRING_MANAGER,ACTUAL_PARTICIPATION
ASG_001504,APP0275_FIRST_INTERVIEW,RSV_APP0275_FIRST_INTERVIEW,CONSUMED,0.33333333,2027-02-08T10:25:00+09:00,APP0275_FIRST_INTERVIEW_PRACTITIONER_QA,FIRST_PANEL_04_ML_ENGINEER,ACTUAL_PARTICIPATION
ASG_001505,APP0275_FIRST_INTERVIEW,RSV_APP0275_FIRST_INTERVIEW,CONSUMED,0.33333333,2027-02-08T10:25:00+09:00,APP0275_FIRST_INTERVIEW_PRACTITIONER_QA,FIRST_PANEL_04_HIRING_MANAGER,ACTUAL_PARTICIPATION
ASG_001506,APP0275_FIRST_INTERVIEW,RSV_APP0275_FIRST_INTERVIEW,CONSUMED,0.25,2027-02-08T10:40:00+09:00,APP0275_FIRST_INTERVIEW_CALIBRATION,FIRST_PANEL_04_ML_ENGINEER,ACTUAL_PARTICIPATION
ASG_001507,APP0275_FIRST_INTERVIEW,RSV_APP0275_FIRST_INTERVIEW,CONSUMED,0.25,2027-02-08T10:40:00+09:00,APP0275_FIRST_INTERVIEW_CALIBRATION,FIRST_PANEL_04_HIRING_MANAGER,ACTUAL_PARTICIPATION
ASG_001508,APP0275_FIRST_INTERVIEW,RSV_APP0275_FIRST_INTERVIEW,RELEASED,0.66666668,2027-02-08T10:40:00+09:00,,,COMPLETED_UNUSED
ASG_001509,APP0278_FIRST_INTERVIEW,RSV_APP0278_FIRST_INTERVIEW,RESERVED,4,2026-12-08T14:04:00+09:00,,,SCHEDULED_ALLOCATION
ASG_001510,APP0278_FIRST_INTERVIEW,RSV_APP0278_FIRST_INTERVIEW,CONSUMED,0.58333333,2027-02-08T09:35:00+09:00,APP0278_FIRST_INTERVIEW_TECHNICAL_ASSESSMENT,FIRST_PANEL_05_ML_ENGINEER,ACTUAL_PARTICIPATION
ASG_001511,APP0278_FIRST_INTERVIEW,RSV_APP0278_FIRST_INTERVIEW,CONSUMED,0.58333333,2027-02-08T09:35:00+09:00,APP0278_FIRST_INTERVIEW_TECHNICAL_ASSESSMENT,FIRST_PANEL_05_HIRING_MANAGER,ACTUAL_PARTICIPATION
ASG_001512,APP0278_FIRST_INTERVIEW,RSV_APP0278_FIRST_INTERVIEW,CONSUMED,0.58333333,2027-02-08T10:10:00+09:00,APP0278_FIRST_INTERVIEW_AI_CASE,FIRST_PANEL_05_ML_ENGINEER,ACTUAL_PARTICIPATION
ASG_001513,APP0278_FIRST_INTERVIEW,RSV_APP0278_FIRST_INTERVIEW,CONSUMED,0.58333333,2027-02-08T10:10:00+09:00,APP0278_FIRST_INTERVIEW_AI_CASE,FIRST_PANEL_05_HIRING_MANAGER,ACTUAL_PARTICIPATION
ASG_001514,APP0278_FIRST_INTERVIEW,RSV_APP0278_FIRST_INTERVIEW,CONSUMED,0.33333333,2027-02-08T10:30:00+09:00,APP0278_FIRST_INTERVIEW_PRACTITIONER_QA,FIRST_PANEL_05_ML_ENGINEER,ACTUAL_PARTICIPATION
ASG_001515,APP0278_FIRST_INTERVIEW,RSV_APP0278_FIRST_INTERVIEW,CONSUMED,0.33333333,2027-02-08T10:30:00+09:00,APP0278_FIRST_INTERVIEW_PRACTITIONER_QA,FIRST_PANEL_05_HIRING_MANAGER,ACTUAL_PARTICIPATION
ASG_001516,APP0278_FIRST_INTERVIEW,RSV_APP0278_FIRST_INTERVIEW,CONSUMED,0.41666667,2027-02-08T10:55:00+09:00,APP0278_FIRST_INTERVIEW_CALIBRATION,FIRST_PANEL_05_ML_ENGINEER,ACTUAL_PARTICIPATION
ASG_001517,APP0278_FIRST_INTERVIEW,RSV_APP0278_FIRST_INTERVIEW,CONSUMED,0.41666667,2027-02-08T10:55:00+09:00,APP0278_FIRST_INTERVIEW_CALIBRATION,FIRST_PANEL_05_HIRING_MANAGER,ACTUAL_PARTICIPATION
ASG_001518,APP0278_FIRST_INTERVIEW,RSV_APP0278_FIRST_INTERVIEW,RELEASED,0.16666668,2027-02-08T10:55:00+09:00,,,COMPLETED_UNUSED
ASG_001519,APP0279_FIRST_INTERVIEW,RSV_APP0279_FIRST_INTERVIEW,RESERVED,4,2026-12-08T14:04:00+09:00,,,SCHEDULED_ALLOCATION
ASG_001520,APP0279_FIRST_INTERVIEW,RSV_APP0279_FIRST_INTERVIEW,CONSUMED,0.5,2027-02-08T09:30:00+09:00,APP0279_FIRST_INTERVIEW_TECHNICAL_ASSESSMENT,FIRST_PANEL_06_ML_ENGINEER,ACTUAL_PARTICIPATION
ASG_001521,APP0279_FIRST_INTERVIEW,RSV_APP0279_FIRST_INTERVIEW,CONSUMED,0.5,2027-02-08T09:30:00+09:00,APP0279_FIRST_INTERVIEW_TECHNICAL_ASSESSMENT,FIRST_PANEL_06_HIRING_MANAGER,ACTUAL_PARTICIPATION
ASG_001522,APP0279_FIRST_INTERVIEW,RSV_APP0279_FIRST_INTERVIEW,CONSUMED,0.41666667,2027-02-08T09:55:00+09:00,APP0279_FIRST_INTERVIEW_AI_CASE,FIRST_PANEL_06_ML_ENGINEER,ACTUAL_PARTICIPATION
ASG_001523,APP0279_FIRST_INTERVIEW,RSV_APP0279_FIRST_INTERVIEW,CONSUMED,0.41666667,2027-02-08T09:55:00+09:00,APP0279_FIRST_INTERVIEW_AI_CASE,FIRST_PANEL_06_HIRING_MANAGER,ACTUAL_PARTICIPATION
ASG_001524,APP0279_FIRST_INTERVIEW,RSV_APP0279_FIRST_INTERVIEW,CONSUMED,0.41666667,2027-02-08T10:20:00+09:00,APP0279_FIRST_INTERVIEW_PRACTITIONER_QA,FIRST_PANEL_06_ML_ENGINEER,ACTUAL_PARTICIPATION
ASG_001525,APP0279_FIRST_INTERVIEW,RSV_APP0279_FIRST_INTERVIEW,CONSUMED,0.41666667,2027-02-08T10:20:00+09:00,APP0279_FIRST_INTERVIEW_PRACTITIONER_QA,FIRST_PANEL_06_HIRING_MANAGER,ACTUAL_PARTICIPATION
ASG_001526,APP0279_FIRST_INTERVIEW,RSV_APP0279_FIRST_INTERVIEW,CONSUMED,0.25,2027-02-08T10:35:00+09:00,APP0279_FIRST_INTERVIEW_CALIBRATION,FIRST_PANEL_06_ML_ENGINEER,ACTUAL_PARTICIPATION
ASG_001527,APP0279_FIRST_INTERVIEW,RSV_APP0279_FIRST_INTERVIEW,CONSUMED,0.25,2027-02-08T10:35:00+09:00,APP0279_FIRST_INTERVIEW_CALIBRATION,FIRST_PANEL_06_HIRING_MANAGER,ACTUAL_PARTICIPATION
ASG_001528,APP0279_FIRST_INTERVIEW,RSV_APP0279_FIRST_INTERVIEW,RELEASED,0.83333332,2027-02-08T10:35:00+09:00,,,COMPLETED_UNUSED
ASG_001529,APP0285_FIRST_INTERVIEW,RSV_APP0285_FIRST_INTERVIEW,RESERVED,4,2026-12-08T14:04:00+09:00,,,SCHEDULED_ALLOCATION
ASG_001530,APP0285_FIRST_INTERVIEW,RSV_APP0285_FIRST_INTERVIEW,CONSUMED,0.41666667,2027-02-08T09:25:00+09:00,APP0285_FIRST_INTERVIEW_TECHNICAL_ASSESSMENT,FIRST_PANEL_07_ML_ENGINEER,ACTUAL_PARTICIPATION
ASG_001531,APP0285_FIRST_INTERVIEW,RSV_APP0285_FIRST_INTERVIEW,CONSUMED,0.41666667,2027-02-08T09:25:00+09:00,APP0285_FIRST_INTERVIEW_TECHNICAL_ASSESSMENT,FIRST_PANEL_07_HIRING_MANAGER,ACTUAL_PARTICIPATION
ASG_001532,APP0285_FIRST_INTERVIEW,RSV_APP0285_FIRST_INTERVIEW,CONSUMED,0.5,2027-02-08T09:55:00+09:00,APP0285_FIRST_INTERVIEW_AI_CASE,FIRST_PANEL_07_ML_ENGINEER,ACTUAL_PARTICIPATION
ASG_001533,APP0285_FIRST_INTERVIEW,RSV_APP0285_FIRST_INTERVIEW,CONSUMED,0.5,2027-02-08T09:55:00+09:00,APP0285_FIRST_INTERVIEW_AI_CASE,FIRST_PANEL_07_HIRING_MANAGER,ACTUAL_PARTICIPATION
ASG_001534,APP0285_FIRST_INTERVIEW,RSV_APP0285_FIRST_INTERVIEW,CONSUMED,0.33333333,2027-02-08T10:15:00+09:00,APP0285_FIRST_INTERVIEW_PRACTITIONER_QA,FIRST_PANEL_07_ML_ENGINEER,ACTUAL_PARTICIPATION
ASG_001535,APP0285_FIRST_INTERVIEW,RSV_APP0285_FIRST_INTERVIEW,CONSUMED,0.33333333,2027-02-08T10:15:00+09:00,APP0285_FIRST_INTERVIEW_PRACTITIONER_QA,FIRST_PANEL_07_HIRING_MANAGER,ACTUAL_PARTICIPATION
ASG_001536,APP0285_FIRST_INTERVIEW,RSV_APP0285_FIRST_INTERVIEW,CONSUMED,0.41666667,2027-02-08T10:40:00+09:00,APP0285_FIRST_INTERVIEW_CALIBRATION,FIRST_PANEL_07_ML_ENGINEER,ACTUAL_PARTICIPATION
ASG_001537,APP0285_FIRST_INTERVIEW,RSV_APP0285_FIRST_INTERVIEW,CONSUMED,0.41666667,2027-02-08T10:40:00+09:00,APP0285_FIRST_INTERVIEW_CALIBRATION,FIRST_PANEL_07_HIRING_MANAGER,ACTUAL_PARTICIPATION
ASG_001538,APP0285_FIRST_INTERVIEW,RSV_APP0285_FIRST_INTERVIEW,RELEASED,0.66666666,2027-02-08T10:40:00+09:00,,,COMPLETED_UNUSED
ASG_001539,APP0286_FIRST_INTERVIEW,RSV_APP0286_FIRST_INTERVIEW,RESERVED,4,2026-12-08T14:04:00+09:00,,,SCHEDULED_ALLOCATION
ASG_001540,APP0286_FIRST_INTERVIEW,RSV_APP0286_FIRST_INTERVIEW,CONSUMED,0.41666667,2027-02-08T09:25:00+09:00,APP0286_FIRST_INTERVIEW_TECHNICAL_ASSESSMENT,FIRST_PANEL_08_ML_ENGINEER,ACTUAL_PARTICIPATION
ASG_001541,APP0286_FIRST_INTERVIEW,RSV_APP0286_FIRST_INTERVIEW,CONSUMED,0.41666667,2027-02-08T09:25:00+09:00,APP0286_FIRST_INTERVIEW_TECHNICAL_ASSESSMENT,FIRST_PANEL_08_HIRING_MANAGER,ACTUAL_PARTICIPATION
ASG_001542,APP0286_FIRST_INTERVIEW,RSV_APP0286_FIRST_INTERVIEW,CONSUMED,0.58333333,2027-02-08T10:00:00+09:00,APP0286_FIRST_INTERVIEW_AI_CASE,FIRST_PANEL_08_ML_ENGINEER,ACTUAL_PARTICIPATION
ASG_001543,APP0286_FIRST_INTERVIEW,RSV_APP0286_FIRST_INTERVIEW,CONSUMED,0.58333333,2027-02-08T10:00:00+09:00,APP0286_FIRST_INTERVIEW_AI_CASE,FIRST_PANEL_08_HIRING_MANAGER,ACTUAL_PARTICIPATION
ASG_001544,APP0286_FIRST_INTERVIEW,RSV_APP0286_FIRST_INTERVIEW,CONSUMED,0.41666667,2027-02-08T10:25:00+09:00,APP0286_FIRST_INTERVIEW_PRACTITIONER_QA,FIRST_PANEL_08_ML_ENGINEER,ACTUAL_PARTICIPATION
ASG_001545,APP0286_FIRST_INTERVIEW,RSV_APP0286_FIRST_INTERVIEW,CONSUMED,0.41666667,2027-02-08T10:25:00+09:00,APP0286_FIRST_INTERVIEW_PRACTITIONER_QA,FIRST_PANEL_08_HIRING_MANAGER,ACTUAL_PARTICIPATION
ASG_001546,APP0286_FIRST_INTERVIEW,RSV_APP0286_FIRST_INTERVIEW,CONSUMED,0.25,2027-02-08T10:40:00+09:00,APP0286_FIRST_INTERVIEW_CALIBRATION,FIRST_PANEL_08_ML_ENGINEER,ACTUAL_PARTICIPATION
ASG_001547,APP0286_FIRST_INTERVIEW,RSV_APP0286_FIRST_INTERVIEW,CONSUMED,0.25,2027-02-08T10:40:00+09:00,APP0286_FIRST_INTERVIEW_CALIBRATION,FIRST_PANEL_08_HIRING_MANAGER,ACTUAL_PARTICIPATION
ASG_001548,APP0286_FIRST_INTERVIEW,RSV_APP0286_FIRST_INTERVIEW,RELEASED,0.66666666,2027-02-08T10:40:00+09:00,,,COMPLETED_UNUSED
ASG_001549,APP0288_FIRST_INTERVIEW,RSV_APP0288_FIRST_INTERVIEW,RESERVED,4,2026-12-08T14:04:00+09:00,,,SCHEDULED_ALLOCATION
ASG_001550,APP0288_FIRST_INTERVIEW,RSV_APP0288_FIRST_INTERVIEW,CONSUMED,0.5,2027-02-08T09:30:00+09:00,APP0288_FIRST_INTERVIEW_TECHNICAL_ASSESSMENT,FIRST_PANEL_09_ML_ENGINEER,ACTUAL_PARTICIPATION
ASG_001551,APP0288_FIRST_INTERVIEW,RSV_APP0288_FIRST_INTERVIEW,CONSUMED,0.5,2027-02-08T09:30:00+09:00,APP0288_FIRST_INTERVIEW_TECHNICAL_ASSESSMENT,FIRST_PANEL_09_HIRING_MANAGER,ACTUAL_PARTICIPATION
ASG_001552,APP0288_FIRST_INTERVIEW,RSV_APP0288_FIRST_INTERVIEW,CONSUMED,0.5,2027-02-08T10:00:00+09:00,APP0288_FIRST_INTERVIEW_AI_CASE,FIRST_PANEL_09_ML_ENGINEER,ACTUAL_PARTICIPATION
ASG_001553,APP0288_FIRST_INTERVIEW,RSV_APP0288_FIRST_INTERVIEW,CONSUMED,0.5,2027-02-08T10:00:00+09:00,APP0288_FIRST_INTERVIEW_AI_CASE,FIRST_PANEL_09_HIRING_MANAGER,ACTUAL_PARTICIPATION
ASG_001554,APP0288_FIRST_INTERVIEW,RSV_APP0288_FIRST_INTERVIEW,CONSUMED,0.41666667,2027-02-08T10:25:00+09:00,APP0288_FIRST_INTERVIEW_PRACTITIONER_QA,FIRST_PANEL_09_ML_ENGINEER,ACTUAL_PARTICIPATION
ASG_001555,APP0288_FIRST_INTERVIEW,RSV_APP0288_FIRST_INTERVIEW,CONSUMED,0.41666667,2027-02-08T10:25:00+09:00,APP0288_FIRST_INTERVIEW_PRACTITIONER_QA,FIRST_PANEL_09_HIRING_MANAGER,ACTUAL_PARTICIPATION
ASG_001556,APP0288_FIRST_INTERVIEW,RSV_APP0288_FIRST_INTERVIEW,CONSUMED,0.25,2027-02-08T10:40:00+09:00,APP0288_FIRST_INTERVIEW_CALIBRATION,FIRST_PANEL_09_ML_ENGINEER,ACTUAL_PARTICIPATION
ASG_001557,APP0288_FIRST_INTERVIEW,RSV_APP0288_FIRST_INTERVIEW,CONSUMED,0.25,2027-02-08T10:40:00+09:00,APP0288_FIRST_INTERVIEW_CALIBRATION,FIRST_PANEL_09_HIRING_MANAGER,ACTUAL_PARTICIPATION
ASG_001558,APP0288_FIRST_INTERVIEW,RSV_APP0288_FIRST_INTERVIEW,RELEASED,0.66666666,2027-02-08T10:40:00+09:00,,,COMPLETED_UNUSED
ASG_001559,APP0289_FIRST_INTERVIEW,RSV_APP0289_FIRST_INTERVIEW,RESERVED,4,2026-12-08T14:04:00+09:00,,,SCHEDULED_ALLOCATION
ASG_001560,APP0289_FIRST_INTERVIEW,RSV_APP0289_FIRST_INTERVIEW,CONSUMED,0.5,2027-02-08T09:30:00+09:00,APP0289_FIRST_INTERVIEW_TECHNICAL_ASSESSMENT,FIRST_PANEL_10_ML_ENGINEER,ACTUAL_PARTICIPATION
ASG_001561,APP0289_FIRST_INTERVIEW,RSV_APP0289_FIRST_INTERVIEW,CONSUMED,0.5,2027-02-08T09:30:00+09:00,APP0289_FIRST_INTERVIEW_TECHNICAL_ASSESSMENT,FIRST_PANEL_10_HIRING_MANAGER,ACTUAL_PARTICIPATION
ASG_001562,APP0289_FIRST_INTERVIEW,RSV_APP0289_FIRST_INTERVIEW,CONSUMED,0.58333333,2027-02-08T10:05:00+09:00,APP0289_FIRST_INTERVIEW_AI_CASE,FIRST_PANEL_10_ML_ENGINEER,ACTUAL_PARTICIPATION
ASG_001563,APP0289_FIRST_INTERVIEW,RSV_APP0289_FIRST_INTERVIEW,CONSUMED,0.58333333,2027-02-08T10:05:00+09:00,APP0289_FIRST_INTERVIEW_AI_CASE,FIRST_PANEL_10_HIRING_MANAGER,ACTUAL_PARTICIPATION
ASG_001564,APP0289_FIRST_INTERVIEW,RSV_APP0289_FIRST_INTERVIEW,CONSUMED,0.33333333,2027-02-08T10:25:00+09:00,APP0289_FIRST_INTERVIEW_PRACTITIONER_QA,FIRST_PANEL_10_ML_ENGINEER,ACTUAL_PARTICIPATION
ASG_001565,APP0289_FIRST_INTERVIEW,RSV_APP0289_FIRST_INTERVIEW,CONSUMED,0.33333333,2027-02-08T10:25:00+09:00,APP0289_FIRST_INTERVIEW_PRACTITIONER_QA,FIRST_PANEL_10_HIRING_MANAGER,ACTUAL_PARTICIPATION
ASG_001566,APP0289_FIRST_INTERVIEW,RSV_APP0289_FIRST_INTERVIEW,CONSUMED,0.25,2027-02-08T10:40:00+09:00,APP0289_FIRST_INTERVIEW_CALIBRATION,FIRST_PANEL_10_ML_ENGINEER,ACTUAL_PARTICIPATION
ASG_001567,APP0289_FIRST_INTERVIEW,RSV_APP0289_FIRST_INTERVIEW,CONSUMED,0.25,2027-02-08T10:40:00+09:00,APP0289_FIRST_INTERVIEW_CALIBRATION,FIRST_PANEL_10_HIRING_MANAGER,ACTUAL_PARTICIPATION
ASG_001568,APP0289_FIRST_INTERVIEW,RSV_APP0289_FIRST_INTERVIEW,RELEASED,0.66666668,2027-02-08T10:40:00+09:00,,,COMPLETED_UNUSED
ASG_001569,APP0295_FIRST_INTERVIEW,RSV_APP0295_FIRST_INTERVIEW,RESERVED,4,2026-12-08T14:04:00+09:00,,,SCHEDULED_ALLOCATION
ASG_001570,APP0295_FIRST_INTERVIEW,RSV_APP0295_FIRST_INTERVIEW,CONSUMED,0.41666667,2027-02-11T09:25:00+09:00,APP0295_FIRST_INTERVIEW_TECHNICAL_ASSESSMENT,FIRST_PANEL_01_ML_ENGINEER,ACTUAL_PARTICIPATION
ASG_001571,APP0295_FIRST_INTERVIEW,RSV_APP0295_FIRST_INTERVIEW,CONSUMED,0.41666667,2027-02-11T09:25:00+09:00,APP0295_FIRST_INTERVIEW_TECHNICAL_ASSESSMENT,FIRST_PANEL_01_HIRING_MANAGER,ACTUAL_PARTICIPATION
ASG_001572,APP0295_FIRST_INTERVIEW,RSV_APP0295_FIRST_INTERVIEW,CONSUMED,0.41666667,2027-02-11T09:50:00+09:00,APP0295_FIRST_INTERVIEW_AI_CASE,FIRST_PANEL_01_ML_ENGINEER,ACTUAL_PARTICIPATION
ASG_001573,APP0295_FIRST_INTERVIEW,RSV_APP0295_FIRST_INTERVIEW,CONSUMED,0.41666667,2027-02-11T09:50:00+09:00,APP0295_FIRST_INTERVIEW_AI_CASE,FIRST_PANEL_01_HIRING_MANAGER,ACTUAL_PARTICIPATION
ASG_001574,APP0295_FIRST_INTERVIEW,RSV_APP0295_FIRST_INTERVIEW,CONSUMED,0.41666667,2027-02-11T10:15:00+09:00,APP0295_FIRST_INTERVIEW_PRACTITIONER_QA,FIRST_PANEL_01_ML_ENGINEER,ACTUAL_PARTICIPATION
ASG_001575,APP0295_FIRST_INTERVIEW,RSV_APP0295_FIRST_INTERVIEW,CONSUMED,0.41666667,2027-02-11T10:15:00+09:00,APP0295_FIRST_INTERVIEW_PRACTITIONER_QA,FIRST_PANEL_01_HIRING_MANAGER,ACTUAL_PARTICIPATION
ASG_001576,APP0295_FIRST_INTERVIEW,RSV_APP0295_FIRST_INTERVIEW,CONSUMED,0.33333333,2027-02-11T10:35:00+09:00,APP0295_FIRST_INTERVIEW_CALIBRATION,FIRST_PANEL_01_ML_ENGINEER,ACTUAL_PARTICIPATION
ASG_001577,APP0295_FIRST_INTERVIEW,RSV_APP0295_FIRST_INTERVIEW,CONSUMED,0.33333333,2027-02-11T10:35:00+09:00,APP0295_FIRST_INTERVIEW_CALIBRATION,FIRST_PANEL_01_HIRING_MANAGER,ACTUAL_PARTICIPATION
ASG_001578,APP0295_FIRST_INTERVIEW,RSV_APP0295_FIRST_INTERVIEW,RELEASED,0.83333332,2027-02-11T10:35:00+09:00,,,COMPLETED_UNUSED
ASG_001579,APP0296_FIRST_INTERVIEW,RSV_APP0296_FIRST_INTERVIEW,RESERVED,4,2026-12-08T14:04:00+09:00,,,SCHEDULED_ALLOCATION
ASG_001580,APP0296_FIRST_INTERVIEW,RSV_APP0296_FIRST_INTERVIEW,CONSUMED,0.41666667,2027-02-11T09:25:00+09:00,APP0296_FIRST_INTERVIEW_TECHNICAL_ASSESSMENT,FIRST_PANEL_02_ML_ENGINEER,ACTUAL_PARTICIPATION
ASG_001581,APP0296_FIRST_INTERVIEW,RSV_APP0296_FIRST_INTERVIEW,CONSUMED,0.41666667,2027-02-11T09:25:00+09:00,APP0296_FIRST_INTERVIEW_TECHNICAL_ASSESSMENT,FIRST_PANEL_02_HIRING_MANAGER,ACTUAL_PARTICIPATION
ASG_001582,APP0296_FIRST_INTERVIEW,RSV_APP0296_FIRST_INTERVIEW,CONSUMED,0.58333333,2027-02-11T10:00:00+09:00,APP0296_FIRST_INTERVIEW_AI_CASE,FIRST_PANEL_02_ML_ENGINEER,ACTUAL_PARTICIPATION
ASG_001583,APP0296_FIRST_INTERVIEW,RSV_APP0296_FIRST_INTERVIEW,CONSUMED,0.58333333,2027-02-11T10:00:00+09:00,APP0296_FIRST_INTERVIEW_AI_CASE,FIRST_PANEL_02_HIRING_MANAGER,ACTUAL_PARTICIPATION
ASG_001584,APP0296_FIRST_INTERVIEW,RSV_APP0296_FIRST_INTERVIEW,CONSUMED,0.33333333,2027-02-11T10:20:00+09:00,APP0296_FIRST_INTERVIEW_PRACTITIONER_QA,FIRST_PANEL_02_ML_ENGINEER,ACTUAL_PARTICIPATION
ASG_001585,APP0296_FIRST_INTERVIEW,RSV_APP0296_FIRST_INTERVIEW,CONSUMED,0.33333333,2027-02-11T10:20:00+09:00,APP0296_FIRST_INTERVIEW_PRACTITIONER_QA,FIRST_PANEL_02_HIRING_MANAGER,ACTUAL_PARTICIPATION
ASG_001586,APP0296_FIRST_INTERVIEW,RSV_APP0296_FIRST_INTERVIEW,CONSUMED,0.41666667,2027-02-11T10:45:00+09:00,APP0296_FIRST_INTERVIEW_CALIBRATION,FIRST_PANEL_02_ML_ENGINEER,ACTUAL_PARTICIPATION
ASG_001587,APP0296_FIRST_INTERVIEW,RSV_APP0296_FIRST_INTERVIEW,CONSUMED,0.41666667,2027-02-11T10:45:00+09:00,APP0296_FIRST_INTERVIEW_CALIBRATION,FIRST_PANEL_02_HIRING_MANAGER,ACTUAL_PARTICIPATION
ASG_001588,APP0296_FIRST_INTERVIEW,RSV_APP0296_FIRST_INTERVIEW,RELEASED,0.5,2027-02-11T10:45:00+09:00,,,COMPLETED_UNUSED
ASG_001589,APP0297_FIRST_INTERVIEW,RSV_APP0297_FIRST_INTERVIEW,RESERVED,4,2026-12-08T14:04:00+09:00,,,SCHEDULED_ALLOCATION
ASG_001590,APP0297_FIRST_INTERVIEW,RSV_APP0297_FIRST_INTERVIEW,CONSUMED,0.5,2027-02-11T09:30:00+09:00,APP0297_FIRST_INTERVIEW_TECHNICAL_ASSESSMENT,FIRST_PANEL_03_ML_ENGINEER,ACTUAL_PARTICIPATION
ASG_001591,APP0297_FIRST_INTERVIEW,RSV_APP0297_FIRST_INTERVIEW,CONSUMED,0.5,2027-02-11T09:30:00+09:00,APP0297_FIRST_INTERVIEW_TECHNICAL_ASSESSMENT,FIRST_PANEL_03_HIRING_MANAGER,ACTUAL_PARTICIPATION
ASG_001592,APP0297_FIRST_INTERVIEW,RSV_APP0297_FIRST_INTERVIEW,CONSUMED,0.5,2027-02-11T10:00:00+09:00,APP0297_FIRST_INTERVIEW_AI_CASE,FIRST_PANEL_03_ML_ENGINEER,ACTUAL_PARTICIPATION
ASG_001593,APP0297_FIRST_INTERVIEW,RSV_APP0297_FIRST_INTERVIEW,CONSUMED,0.5,2027-02-11T10:00:00+09:00,APP0297_FIRST_INTERVIEW_AI_CASE,FIRST_PANEL_03_HIRING_MANAGER,ACTUAL_PARTICIPATION
ASG_001594,APP0297_FIRST_INTERVIEW,RSV_APP0297_FIRST_INTERVIEW,CONSUMED,0.41666667,2027-02-11T10:25:00+09:00,APP0297_FIRST_INTERVIEW_PRACTITIONER_QA,FIRST_PANEL_03_ML_ENGINEER,ACTUAL_PARTICIPATION
ASG_001595,APP0297_FIRST_INTERVIEW,RSV_APP0297_FIRST_INTERVIEW,CONSUMED,0.41666667,2027-02-11T10:25:00+09:00,APP0297_FIRST_INTERVIEW_PRACTITIONER_QA,FIRST_PANEL_03_HIRING_MANAGER,ACTUAL_PARTICIPATION
ASG_001596,APP0297_FIRST_INTERVIEW,RSV_APP0297_FIRST_INTERVIEW,CONSUMED,0.33333333,2027-02-11T10:45:00+09:00,APP0297_FIRST_INTERVIEW_CALIBRATION,FIRST_PANEL_03_ML_ENGINEER,ACTUAL_PARTICIPATION
ASG_001597,APP0297_FIRST_INTERVIEW,RSV_APP0297_FIRST_INTERVIEW,CONSUMED,0.33333333,2027-02-11T10:45:00+09:00,APP0297_FIRST_INTERVIEW_CALIBRATION,FIRST_PANEL_03_HIRING_MANAGER,ACTUAL_PARTICIPATION
ASG_001598,APP0297_FIRST_INTERVIEW,RSV_APP0297_FIRST_INTERVIEW,RELEASED,0.5,2027-02-11T10:45:00+09:00,,,COMPLETED_UNUSED
ASG_001599,APP0299_FIRST_INTERVIEW,RSV_APP0299_FIRST_INTERVIEW,RESERVED,4,2026-12-08T14:04:00+09:00,,,SCHEDULED_ALLOCATION
ASG_001600,APP0299_FIRST_INTERVIEW,RSV_APP0299_FIRST_INTERVIEW,CONSUMED,0.41666667,2027-02-11T09:25:00+09:00,APP0299_FIRST_INTERVIEW_TECHNICAL_ASSESSMENT,FIRST_PANEL_04_ML_ENGINEER,ACTUAL_PARTICIPATION
ASG_001601,APP0299_FIRST_INTERVIEW,RSV_APP0299_FIRST_INTERVIEW,CONSUMED,0.41666667,2027-02-11T09:25:00+09:00,APP0299_FIRST_INTERVIEW_TECHNICAL_ASSESSMENT,FIRST_PANEL_04_HIRING_MANAGER,ACTUAL_PARTICIPATION
ASG_001602,APP0299_FIRST_INTERVIEW,RSV_APP0299_FIRST_INTERVIEW,CONSUMED,0.58333333,2027-02-11T10:00:00+09:00,APP0299_FIRST_INTERVIEW_AI_CASE,FIRST_PANEL_04_ML_ENGINEER,ACTUAL_PARTICIPATION
ASG_001603,APP0299_FIRST_INTERVIEW,RSV_APP0299_FIRST_INTERVIEW,CONSUMED,0.58333333,2027-02-11T10:00:00+09:00,APP0299_FIRST_INTERVIEW_AI_CASE,FIRST_PANEL_04_HIRING_MANAGER,ACTUAL_PARTICIPATION
ASG_001604,APP0299_FIRST_INTERVIEW,RSV_APP0299_FIRST_INTERVIEW,CONSUMED,0.41666667,2027-02-11T10:25:00+09:00,APP0299_FIRST_INTERVIEW_PRACTITIONER_QA,FIRST_PANEL_04_ML_ENGINEER,ACTUAL_PARTICIPATION
ASG_001605,APP0299_FIRST_INTERVIEW,RSV_APP0299_FIRST_INTERVIEW,CONSUMED,0.41666667,2027-02-11T10:25:00+09:00,APP0299_FIRST_INTERVIEW_PRACTITIONER_QA,FIRST_PANEL_04_HIRING_MANAGER,ACTUAL_PARTICIPATION
ASG_001606,APP0299_FIRST_INTERVIEW,RSV_APP0299_FIRST_INTERVIEW,CONSUMED,0.41666667,2027-02-11T10:50:00+09:00,APP0299_FIRST_INTERVIEW_CALIBRATION,FIRST_PANEL_04_ML_ENGINEER,ACTUAL_PARTICIPATION
ASG_001607,APP0299_FIRST_INTERVIEW,RSV_APP0299_FIRST_INTERVIEW,CONSUMED,0.41666667,2027-02-11T10:50:00+09:00,APP0299_FIRST_INTERVIEW_CALIBRATION,FIRST_PANEL_04_HIRING_MANAGER,ACTUAL_PARTICIPATION
ASG_001608,APP0299_FIRST_INTERVIEW,RSV_APP0299_FIRST_INTERVIEW,RELEASED,0.33333332,2027-02-11T10:50:00+09:00,,,COMPLETED_UNUSED
ASG_001609,APP0300_FIRST_INTERVIEW,RSV_APP0300_FIRST_INTERVIEW,RESERVED,4,2026-12-08T14:04:00+09:00,,,SCHEDULED_ALLOCATION
ASG_001610,APP0300_FIRST_INTERVIEW,RSV_APP0300_FIRST_INTERVIEW,CONSUMED,0.58333333,2027-02-11T09:35:00+09:00,APP0300_FIRST_INTERVIEW_TECHNICAL_ASSESSMENT,FIRST_PANEL_05_ML_ENGINEER,ACTUAL_PARTICIPATION
ASG_001611,APP0300_FIRST_INTERVIEW,RSV_APP0300_FIRST_INTERVIEW,CONSUMED,0.58333333,2027-02-11T09:35:00+09:00,APP0300_FIRST_INTERVIEW_TECHNICAL_ASSESSMENT,FIRST_PANEL_05_HIRING_MANAGER,ACTUAL_PARTICIPATION
ASG_001612,APP0300_FIRST_INTERVIEW,RSV_APP0300_FIRST_INTERVIEW,CONSUMED,0.41666667,2027-02-11T10:00:00+09:00,APP0300_FIRST_INTERVIEW_AI_CASE,FIRST_PANEL_05_ML_ENGINEER,ACTUAL_PARTICIPATION
ASG_001613,APP0300_FIRST_INTERVIEW,RSV_APP0300_FIRST_INTERVIEW,CONSUMED,0.41666667,2027-02-11T10:00:00+09:00,APP0300_FIRST_INTERVIEW_AI_CASE,FIRST_PANEL_05_HIRING_MANAGER,ACTUAL_PARTICIPATION
ASG_001614,APP0300_FIRST_INTERVIEW,RSV_APP0300_FIRST_INTERVIEW,CONSUMED,0.33333333,2027-02-11T10:20:00+09:00,APP0300_FIRST_INTERVIEW_PRACTITIONER_QA,FIRST_PANEL_05_ML_ENGINEER,ACTUAL_PARTICIPATION
ASG_001615,APP0300_FIRST_INTERVIEW,RSV_APP0300_FIRST_INTERVIEW,CONSUMED,0.33333333,2027-02-11T10:20:00+09:00,APP0300_FIRST_INTERVIEW_PRACTITIONER_QA,FIRST_PANEL_05_HIRING_MANAGER,ACTUAL_PARTICIPATION
ASG_001616,APP0300_FIRST_INTERVIEW,RSV_APP0300_FIRST_INTERVIEW,CONSUMED,0.41666667,2027-02-11T10:45:00+09:00,APP0300_FIRST_INTERVIEW_CALIBRATION,FIRST_PANEL_05_ML_ENGINEER,ACTUAL_PARTICIPATION
ASG_001617,APP0300_FIRST_INTERVIEW,RSV_APP0300_FIRST_INTERVIEW,CONSUMED,0.41666667,2027-02-11T10:45:00+09:00,APP0300_FIRST_INTERVIEW_CALIBRATION,FIRST_PANEL_05_HIRING_MANAGER,ACTUAL_PARTICIPATION
ASG_001618,APP0300_FIRST_INTERVIEW,RSV_APP0300_FIRST_INTERVIEW,RELEASED,0.5,2027-02-11T10:45:00+09:00,,,COMPLETED_UNUSED
ASG_001619,APP0301_FIRST_INTERVIEW,RSV_APP0301_FIRST_INTERVIEW,RESERVED,4,2026-12-08T14:04:00+09:00,,,SCHEDULED_ALLOCATION
ASG_001620,APP0301_FIRST_INTERVIEW,RSV_APP0301_FIRST_INTERVIEW,CONSUMED,0.58333333,2027-02-11T09:35:00+09:00,APP0301_FIRST_INTERVIEW_TECHNICAL_ASSESSMENT,FIRST_PANEL_06_ML_ENGINEER,ACTUAL_PARTICIPATION
ASG_001621,APP0301_FIRST_INTERVIEW,RSV_APP0301_FIRST_INTERVIEW,CONSUMED,0.58333333,2027-02-11T09:35:00+09:00,APP0301_FIRST_INTERVIEW_TECHNICAL_ASSESSMENT,FIRST_PANEL_06_HIRING_MANAGER,ACTUAL_PARTICIPATION
ASG_001622,APP0301_FIRST_INTERVIEW,RSV_APP0301_FIRST_INTERVIEW,CONSUMED,0.41666667,2027-02-11T10:00:00+09:00,APP0301_FIRST_INTERVIEW_AI_CASE,FIRST_PANEL_06_ML_ENGINEER,ACTUAL_PARTICIPATION
ASG_001623,APP0301_FIRST_INTERVIEW,RSV_APP0301_FIRST_INTERVIEW,CONSUMED,0.41666667,2027-02-11T10:00:00+09:00,APP0301_FIRST_INTERVIEW_AI_CASE,FIRST_PANEL_06_HIRING_MANAGER,ACTUAL_PARTICIPATION
ASG_001624,APP0301_FIRST_INTERVIEW,RSV_APP0301_FIRST_INTERVIEW,CONSUMED,0.33333333,2027-02-11T10:20:00+09:00,APP0301_FIRST_INTERVIEW_PRACTITIONER_QA,FIRST_PANEL_06_ML_ENGINEER,ACTUAL_PARTICIPATION
ASG_001625,APP0301_FIRST_INTERVIEW,RSV_APP0301_FIRST_INTERVIEW,CONSUMED,0.33333333,2027-02-11T10:20:00+09:00,APP0301_FIRST_INTERVIEW_PRACTITIONER_QA,FIRST_PANEL_06_HIRING_MANAGER,ACTUAL_PARTICIPATION
ASG_001626,APP0301_FIRST_INTERVIEW,RSV_APP0301_FIRST_INTERVIEW,CONSUMED,0.33333333,2027-02-11T10:40:00+09:00,APP0301_FIRST_INTERVIEW_CALIBRATION,FIRST_PANEL_06_ML_ENGINEER,ACTUAL_PARTICIPATION
ASG_001627,APP0301_FIRST_INTERVIEW,RSV_APP0301_FIRST_INTERVIEW,CONSUMED,0.33333333,2027-02-11T10:40:00+09:00,APP0301_FIRST_INTERVIEW_CALIBRATION,FIRST_PANEL_06_HIRING_MANAGER,ACTUAL_PARTICIPATION
ASG_001628,APP0301_FIRST_INTERVIEW,RSV_APP0301_FIRST_INTERVIEW,RELEASED,0.66666668,2027-02-11T10:40:00+09:00,,,COMPLETED_UNUSED
ASG_001629,APP0302_FIRST_INTERVIEW,RSV_APP0302_FIRST_INTERVIEW,RESERVED,4,2026-12-08T14:04:00+09:00,,,SCHEDULED_ALLOCATION
ASG_001630,APP0302_FIRST_INTERVIEW,RSV_APP0302_FIRST_INTERVIEW,CONSUMED,0.58333333,2027-02-11T09:35:00+09:00,APP0302_FIRST_INTERVIEW_TECHNICAL_ASSESSMENT,FIRST_PANEL_07_ML_ENGINEER,ACTUAL_PARTICIPATION
ASG_001631,APP0302_FIRST_INTERVIEW,RSV_APP0302_FIRST_INTERVIEW,CONSUMED,0.58333333,2027-02-11T09:35:00+09:00,APP0302_FIRST_INTERVIEW_TECHNICAL_ASSESSMENT,FIRST_PANEL_07_HIRING_MANAGER,ACTUAL_PARTICIPATION
ASG_001632,APP0302_FIRST_INTERVIEW,RSV_APP0302_FIRST_INTERVIEW,CONSUMED,0.58333333,2027-02-11T10:10:00+09:00,APP0302_FIRST_INTERVIEW_AI_CASE,FIRST_PANEL_07_ML_ENGINEER,ACTUAL_PARTICIPATION
ASG_001633,APP0302_FIRST_INTERVIEW,RSV_APP0302_FIRST_INTERVIEW,CONSUMED,0.58333333,2027-02-11T10:10:00+09:00,APP0302_FIRST_INTERVIEW_AI_CASE,FIRST_PANEL_07_HIRING_MANAGER,ACTUAL_PARTICIPATION
ASG_001634,APP0302_FIRST_INTERVIEW,RSV_APP0302_FIRST_INTERVIEW,CONSUMED,0.41666667,2027-02-11T10:35:00+09:00,APP0302_FIRST_INTERVIEW_PRACTITIONER_QA,FIRST_PANEL_07_ML_ENGINEER,ACTUAL_PARTICIPATION
ASG_001635,APP0302_FIRST_INTERVIEW,RSV_APP0302_FIRST_INTERVIEW,CONSUMED,0.41666667,2027-02-11T10:35:00+09:00,APP0302_FIRST_INTERVIEW_PRACTITIONER_QA,FIRST_PANEL_07_HIRING_MANAGER,ACTUAL_PARTICIPATION
ASG_001636,APP0302_FIRST_INTERVIEW,RSV_APP0302_FIRST_INTERVIEW,CONSUMED,0.33333333,2027-02-11T10:55:00+09:00,APP0302_FIRST_INTERVIEW_CALIBRATION,FIRST_PANEL_07_ML_ENGINEER,ACTUAL_PARTICIPATION
ASG_001637,APP0302_FIRST_INTERVIEW,RSV_APP0302_FIRST_INTERVIEW,CONSUMED,0.33333333,2027-02-11T10:55:00+09:00,APP0302_FIRST_INTERVIEW_CALIBRATION,FIRST_PANEL_07_HIRING_MANAGER,ACTUAL_PARTICIPATION
ASG_001638,APP0302_FIRST_INTERVIEW,RSV_APP0302_FIRST_INTERVIEW,RELEASED,0.16666668,2027-02-11T10:55:00+09:00,,,COMPLETED_UNUSED
ASG_001639,APP0305_FIRST_INTERVIEW,RSV_APP0305_FIRST_INTERVIEW,RESERVED,4,2026-12-08T14:04:00+09:00,,,SCHEDULED_ALLOCATION
ASG_001640,APP0305_FIRST_INTERVIEW,RSV_APP0305_FIRST_INTERVIEW,CONSUMED,0.5,2027-02-11T09:30:00+09:00,APP0305_FIRST_INTERVIEW_TECHNICAL_ASSESSMENT,FIRST_PANEL_08_ML_ENGINEER,ACTUAL_PARTICIPATION
ASG_001641,APP0305_FIRST_INTERVIEW,RSV_APP0305_FIRST_INTERVIEW,CONSUMED,0.5,2027-02-11T09:30:00+09:00,APP0305_FIRST_INTERVIEW_TECHNICAL_ASSESSMENT,FIRST_PANEL_08_HIRING_MANAGER,ACTUAL_PARTICIPATION
ASG_001642,APP0305_FIRST_INTERVIEW,RSV_APP0305_FIRST_INTERVIEW,CONSUMED,0.41666667,2027-02-11T09:55:00+09:00,APP0305_FIRST_INTERVIEW_AI_CASE,FIRST_PANEL_08_ML_ENGINEER,ACTUAL_PARTICIPATION
ASG_001643,APP0305_FIRST_INTERVIEW,RSV_APP0305_FIRST_INTERVIEW,CONSUMED,0.41666667,2027-02-11T09:55:00+09:00,APP0305_FIRST_INTERVIEW_AI_CASE,FIRST_PANEL_08_HIRING_MANAGER,ACTUAL_PARTICIPATION
ASG_001644,APP0305_FIRST_INTERVIEW,RSV_APP0305_FIRST_INTERVIEW,CONSUMED,0.33333333,2027-02-11T10:15:00+09:00,APP0305_FIRST_INTERVIEW_PRACTITIONER_QA,FIRST_PANEL_08_ML_ENGINEER,ACTUAL_PARTICIPATION
ASG_001645,APP0305_FIRST_INTERVIEW,RSV_APP0305_FIRST_INTERVIEW,CONSUMED,0.33333333,2027-02-11T10:15:00+09:00,APP0305_FIRST_INTERVIEW_PRACTITIONER_QA,FIRST_PANEL_08_HIRING_MANAGER,ACTUAL_PARTICIPATION
ASG_001646,APP0305_FIRST_INTERVIEW,RSV_APP0305_FIRST_INTERVIEW,CONSUMED,0.25,2027-02-11T10:30:00+09:00,APP0305_FIRST_INTERVIEW_CALIBRATION,FIRST_PANEL_08_ML_ENGINEER,ACTUAL_PARTICIPATION
ASG_001647,APP0305_FIRST_INTERVIEW,RSV_APP0305_FIRST_INTERVIEW,CONSUMED,0.25,2027-02-11T10:30:00+09:00,APP0305_FIRST_INTERVIEW_CALIBRATION,FIRST_PANEL_08_HIRING_MANAGER,ACTUAL_PARTICIPATION
ASG_001648,APP0305_FIRST_INTERVIEW,RSV_APP0305_FIRST_INTERVIEW,RELEASED,1.0,2027-02-11T10:30:00+09:00,,,COMPLETED_UNUSED
ASG_001649,APP0307_FIRST_INTERVIEW,RSV_APP0307_FIRST_INTERVIEW,RESERVED,4,2026-12-08T14:04:00+09:00,,,SCHEDULED_ALLOCATION
ASG_001650,APP0307_FIRST_INTERVIEW,RSV_APP0307_FIRST_INTERVIEW,RELEASED,4.0,2027-02-12T09:00:00+09:00,,,NO_RESPONSE_UNUSED
ASG_001651,APP0309_FIRST_INTERVIEW,RSV_APP0309_FIRST_INTERVIEW,RESERVED,4,2026-12-08T14:04:00+09:00,,,SCHEDULED_ALLOCATION
ASG_001652,APP0309_FIRST_INTERVIEW,RSV_APP0309_FIRST_INTERVIEW,CONSUMED,0.41666667,2027-02-11T09:25:00+09:00,APP0309_FIRST_INTERVIEW_TECHNICAL_ASSESSMENT,FIRST_PANEL_10_ML_ENGINEER,ACTUAL_PARTICIPATION
ASG_001653,APP0309_FIRST_INTERVIEW,RSV_APP0309_FIRST_INTERVIEW,CONSUMED,0.41666667,2027-02-11T09:25:00+09:00,APP0309_FIRST_INTERVIEW_TECHNICAL_ASSESSMENT,FIRST_PANEL_10_HIRING_MANAGER,ACTUAL_PARTICIPATION
ASG_001654,APP0309_FIRST_INTERVIEW,RSV_APP0309_FIRST_INTERVIEW,CONSUMED,0.58333333,2027-02-11T10:00:00+09:00,APP0309_FIRST_INTERVIEW_AI_CASE,FIRST_PANEL_10_ML_ENGINEER,ACTUAL_PARTICIPATION
ASG_001655,APP0309_FIRST_INTERVIEW,RSV_APP0309_FIRST_INTERVIEW,CONSUMED,0.58333333,2027-02-11T10:00:00+09:00,APP0309_FIRST_INTERVIEW_AI_CASE,FIRST_PANEL_10_HIRING_MANAGER,ACTUAL_PARTICIPATION
ASG_001656,APP0309_FIRST_INTERVIEW,RSV_APP0309_FIRST_INTERVIEW,CONSUMED,0.33333333,2027-02-11T10:20:00+09:00,APP0309_FIRST_INTERVIEW_PRACTITIONER_QA,FIRST_PANEL_10_ML_ENGINEER,ACTUAL_PARTICIPATION
ASG_001657,APP0309_FIRST_INTERVIEW,RSV_APP0309_FIRST_INTERVIEW,CONSUMED,0.33333333,2027-02-11T10:20:00+09:00,APP0309_FIRST_INTERVIEW_PRACTITIONER_QA,FIRST_PANEL_10_HIRING_MANAGER,ACTUAL_PARTICIPATION
ASG_001658,APP0309_FIRST_INTERVIEW,RSV_APP0309_FIRST_INTERVIEW,CONSUMED,0.25,2027-02-11T10:35:00+09:00,APP0309_FIRST_INTERVIEW_CALIBRATION,FIRST_PANEL_10_ML_ENGINEER,ACTUAL_PARTICIPATION
ASG_001659,APP0309_FIRST_INTERVIEW,RSV_APP0309_FIRST_INTERVIEW,CONSUMED,0.25,2027-02-11T10:35:00+09:00,APP0309_FIRST_INTERVIEW_CALIBRATION,FIRST_PANEL_10_HIRING_MANAGER,ACTUAL_PARTICIPATION
ASG_001660,APP0309_FIRST_INTERVIEW,RSV_APP0309_FIRST_INTERVIEW,RELEASED,0.83333334,2027-02-11T10:35:00+09:00,,,COMPLETED_UNUSED
ASG_001661,APP0314_FIRST_INTERVIEW,RSV_APP0314_FIRST_INTERVIEW,RESERVED,4,2026-12-08T14:04:00+09:00,,,SCHEDULED_ALLOCATION
ASG_001662,APP0314_FIRST_INTERVIEW,RSV_APP0314_FIRST_INTERVIEW,CONSUMED,0.41666667,2027-02-15T09:25:00+09:00,APP0314_FIRST_INTERVIEW_TECHNICAL_ASSESSMENT,FIRST_PANEL_01_ML_ENGINEER,ACTUAL_PARTICIPATION
ASG_001663,APP0314_FIRST_INTERVIEW,RSV_APP0314_FIRST_INTERVIEW,CONSUMED,0.41666667,2027-02-15T09:25:00+09:00,APP0314_FIRST_INTERVIEW_TECHNICAL_ASSESSMENT,FIRST_PANEL_01_HIRING_MANAGER,ACTUAL_PARTICIPATION
ASG_001664,APP0314_FIRST_INTERVIEW,RSV_APP0314_FIRST_INTERVIEW,CONSUMED,0.41666667,2027-02-15T09:50:00+09:00,APP0314_FIRST_INTERVIEW_AI_CASE,FIRST_PANEL_01_ML_ENGINEER,ACTUAL_PARTICIPATION
ASG_001665,APP0314_FIRST_INTERVIEW,RSV_APP0314_FIRST_INTERVIEW,CONSUMED,0.41666667,2027-02-15T09:50:00+09:00,APP0314_FIRST_INTERVIEW_AI_CASE,FIRST_PANEL_01_HIRING_MANAGER,ACTUAL_PARTICIPATION
ASG_001666,APP0314_FIRST_INTERVIEW,RSV_APP0314_FIRST_INTERVIEW,CONSUMED,0.33333333,2027-02-15T10:10:00+09:00,APP0314_FIRST_INTERVIEW_PRACTITIONER_QA,FIRST_PANEL_01_ML_ENGINEER,ACTUAL_PARTICIPATION
ASG_001667,APP0314_FIRST_INTERVIEW,RSV_APP0314_FIRST_INTERVIEW,CONSUMED,0.33333333,2027-02-15T10:10:00+09:00,APP0314_FIRST_INTERVIEW_PRACTITIONER_QA,FIRST_PANEL_01_HIRING_MANAGER,ACTUAL_PARTICIPATION
ASG_001668,APP0314_FIRST_INTERVIEW,RSV_APP0314_FIRST_INTERVIEW,CONSUMED,0.41666667,2027-02-15T10:35:00+09:00,APP0314_FIRST_INTERVIEW_CALIBRATION,FIRST_PANEL_01_ML_ENGINEER,ACTUAL_PARTICIPATION
ASG_001669,APP0314_FIRST_INTERVIEW,RSV_APP0314_FIRST_INTERVIEW,CONSUMED,0.41666667,2027-02-15T10:35:00+09:00,APP0314_FIRST_INTERVIEW_CALIBRATION,FIRST_PANEL_01_HIRING_MANAGER,ACTUAL_PARTICIPATION
ASG_001670,APP0314_FIRST_INTERVIEW,RSV_APP0314_FIRST_INTERVIEW,RELEASED,0.83333332,2027-02-15T10:35:00+09:00,,,COMPLETED_UNUSED
ASG_001671,APP0318_FIRST_INTERVIEW,RSV_APP0318_FIRST_INTERVIEW,RESERVED,4,2026-12-08T14:04:00+09:00,,,SCHEDULED_ALLOCATION
ASG_001672,APP0318_FIRST_INTERVIEW,RSV_APP0318_FIRST_INTERVIEW,CONSUMED,0.41666667,2027-02-15T09:25:00+09:00,APP0318_FIRST_INTERVIEW_TECHNICAL_ASSESSMENT,FIRST_PANEL_02_ML_ENGINEER,ACTUAL_PARTICIPATION
ASG_001673,APP0318_FIRST_INTERVIEW,RSV_APP0318_FIRST_INTERVIEW,CONSUMED,0.41666667,2027-02-15T09:25:00+09:00,APP0318_FIRST_INTERVIEW_TECHNICAL_ASSESSMENT,FIRST_PANEL_02_HIRING_MANAGER,ACTUAL_PARTICIPATION
ASG_001674,APP0318_FIRST_INTERVIEW,RSV_APP0318_FIRST_INTERVIEW,CONSUMED,0.41666667,2027-02-15T09:50:00+09:00,APP0318_FIRST_INTERVIEW_AI_CASE,FIRST_PANEL_02_ML_ENGINEER,ACTUAL_PARTICIPATION
ASG_001675,APP0318_FIRST_INTERVIEW,RSV_APP0318_FIRST_INTERVIEW,CONSUMED,0.41666667,2027-02-15T09:50:00+09:00,APP0318_FIRST_INTERVIEW_AI_CASE,FIRST_PANEL_02_HIRING_MANAGER,ACTUAL_PARTICIPATION
ASG_001676,APP0318_FIRST_INTERVIEW,RSV_APP0318_FIRST_INTERVIEW,CONSUMED,0.33333333,2027-02-15T10:10:00+09:00,APP0318_FIRST_INTERVIEW_PRACTITIONER_QA,FIRST_PANEL_02_ML_ENGINEER,ACTUAL_PARTICIPATION
ASG_001677,APP0318_FIRST_INTERVIEW,RSV_APP0318_FIRST_INTERVIEW,CONSUMED,0.33333333,2027-02-15T10:10:00+09:00,APP0318_FIRST_INTERVIEW_PRACTITIONER_QA,FIRST_PANEL_02_HIRING_MANAGER,ACTUAL_PARTICIPATION
ASG_001678,APP0318_FIRST_INTERVIEW,RSV_APP0318_FIRST_INTERVIEW,CONSUMED,0.41666667,2027-02-15T10:35:00+09:00,APP0318_FIRST_INTERVIEW_CALIBRATION,FIRST_PANEL_02_ML_ENGINEER,ACTUAL_PARTICIPATION
ASG_001679,APP0318_FIRST_INTERVIEW,RSV_APP0318_FIRST_INTERVIEW,CONSUMED,0.41666667,2027-02-15T10:35:00+09:00,APP0318_FIRST_INTERVIEW_CALIBRATION,FIRST_PANEL_02_HIRING_MANAGER,ACTUAL_PARTICIPATION
ASG_001680,APP0318_FIRST_INTERVIEW,RSV_APP0318_FIRST_INTERVIEW,RELEASED,0.83333332,2027-02-15T10:35:00+09:00,,,COMPLETED_UNUSED
ASG_001681,APP0319_FIRST_INTERVIEW,RSV_APP0319_FIRST_INTERVIEW,RESERVED,4,2026-12-08T14:04:00+09:00,,,SCHEDULED_ALLOCATION
ASG_001682,APP0319_FIRST_INTERVIEW,RSV_APP0319_FIRST_INTERVIEW,CONSUMED,0.5,2027-02-15T09:30:00+09:00,APP0319_FIRST_INTERVIEW_TECHNICAL_ASSESSMENT,FIRST_PANEL_03_ML_ENGINEER,ACTUAL_PARTICIPATION
ASG_001683,APP0319_FIRST_INTERVIEW,RSV_APP0319_FIRST_INTERVIEW,CONSUMED,0.5,2027-02-15T09:30:00+09:00,APP0319_FIRST_INTERVIEW_TECHNICAL_ASSESSMENT,FIRST_PANEL_03_HIRING_MANAGER,ACTUAL_PARTICIPATION
ASG_001684,APP0319_FIRST_INTERVIEW,RSV_APP0319_FIRST_INTERVIEW,CONSUMED,0.58333333,2027-02-15T10:05:00+09:00,APP0319_FIRST_INTERVIEW_AI_CASE,FIRST_PANEL_03_ML_ENGINEER,ACTUAL_PARTICIPATION
ASG_001685,APP0319_FIRST_INTERVIEW,RSV_APP0319_FIRST_INTERVIEW,CONSUMED,0.58333333,2027-02-15T10:05:00+09:00,APP0319_FIRST_INTERVIEW_AI_CASE,FIRST_PANEL_03_HIRING_MANAGER,ACTUAL_PARTICIPATION
ASG_001686,APP0319_FIRST_INTERVIEW,RSV_APP0319_FIRST_INTERVIEW,CONSUMED,0.33333333,2027-02-15T10:25:00+09:00,APP0319_FIRST_INTERVIEW_PRACTITIONER_QA,FIRST_PANEL_03_ML_ENGINEER,ACTUAL_PARTICIPATION
ASG_001687,APP0319_FIRST_INTERVIEW,RSV_APP0319_FIRST_INTERVIEW,CONSUMED,0.33333333,2027-02-15T10:25:00+09:00,APP0319_FIRST_INTERVIEW_PRACTITIONER_QA,FIRST_PANEL_03_HIRING_MANAGER,ACTUAL_PARTICIPATION
ASG_001688,APP0319_FIRST_INTERVIEW,RSV_APP0319_FIRST_INTERVIEW,CONSUMED,0.25,2027-02-15T10:40:00+09:00,APP0319_FIRST_INTERVIEW_CALIBRATION,FIRST_PANEL_03_ML_ENGINEER,ACTUAL_PARTICIPATION
ASG_001689,APP0319_FIRST_INTERVIEW,RSV_APP0319_FIRST_INTERVIEW,CONSUMED,0.25,2027-02-15T10:40:00+09:00,APP0319_FIRST_INTERVIEW_CALIBRATION,FIRST_PANEL_03_HIRING_MANAGER,ACTUAL_PARTICIPATION
ASG_001690,APP0319_FIRST_INTERVIEW,RSV_APP0319_FIRST_INTERVIEW,RELEASED,0.66666668,2027-02-15T10:40:00+09:00,,,COMPLETED_UNUSED
ASG_001691,APP0322_FIRST_INTERVIEW,RSV_APP0322_FIRST_INTERVIEW,RESERVED,4,2026-12-08T14:04:00+09:00,,,SCHEDULED_ALLOCATION
ASG_001692,APP0322_FIRST_INTERVIEW,RSV_APP0322_FIRST_INTERVIEW,RELEASED,4.0,2027-02-16T09:00:00+09:00,,,NO_RESPONSE_UNUSED
ASG_001693,APP0324_FIRST_INTERVIEW,RSV_APP0324_FIRST_INTERVIEW,RESERVED,4,2026-12-08T14:04:00+09:00,,,SCHEDULED_ALLOCATION
ASG_001694,APP0324_FIRST_INTERVIEW,RSV_APP0324_FIRST_INTERVIEW,CONSUMED,0.58333333,2027-02-15T09:35:00+09:00,APP0324_FIRST_INTERVIEW_TECHNICAL_ASSESSMENT,FIRST_PANEL_05_ML_ENGINEER,ACTUAL_PARTICIPATION
ASG_001695,APP0324_FIRST_INTERVIEW,RSV_APP0324_FIRST_INTERVIEW,CONSUMED,0.58333333,2027-02-15T09:35:00+09:00,APP0324_FIRST_INTERVIEW_TECHNICAL_ASSESSMENT,FIRST_PANEL_05_HIRING_MANAGER,ACTUAL_PARTICIPATION
ASG_001696,APP0324_FIRST_INTERVIEW,RSV_APP0324_FIRST_INTERVIEW,CONSUMED,0.41666667,2027-02-15T10:00:00+09:00,APP0324_FIRST_INTERVIEW_AI_CASE,FIRST_PANEL_05_ML_ENGINEER,ACTUAL_PARTICIPATION
ASG_001697,APP0324_FIRST_INTERVIEW,RSV_APP0324_FIRST_INTERVIEW,CONSUMED,0.41666667,2027-02-15T10:00:00+09:00,APP0324_FIRST_INTERVIEW_AI_CASE,FIRST_PANEL_05_HIRING_MANAGER,ACTUAL_PARTICIPATION
ASG_001698,APP0324_FIRST_INTERVIEW,RSV_APP0324_FIRST_INTERVIEW,CONSUMED,0.33333333,2027-02-15T10:20:00+09:00,APP0324_FIRST_INTERVIEW_PRACTITIONER_QA,FIRST_PANEL_05_ML_ENGINEER,ACTUAL_PARTICIPATION
ASG_001699,APP0324_FIRST_INTERVIEW,RSV_APP0324_FIRST_INTERVIEW,CONSUMED,0.33333333,2027-02-15T10:20:00+09:00,APP0324_FIRST_INTERVIEW_PRACTITIONER_QA,FIRST_PANEL_05_HIRING_MANAGER,ACTUAL_PARTICIPATION
ASG_001700,APP0324_FIRST_INTERVIEW,RSV_APP0324_FIRST_INTERVIEW,CONSUMED,0.41666667,2027-02-15T10:45:00+09:00,APP0324_FIRST_INTERVIEW_CALIBRATION,FIRST_PANEL_05_ML_ENGINEER,ACTUAL_PARTICIPATION
ASG_001701,APP0324_FIRST_INTERVIEW,RSV_APP0324_FIRST_INTERVIEW,CONSUMED,0.41666667,2027-02-15T10:45:00+09:00,APP0324_FIRST_INTERVIEW_CALIBRATION,FIRST_PANEL_05_HIRING_MANAGER,ACTUAL_PARTICIPATION
ASG_001702,APP0324_FIRST_INTERVIEW,RSV_APP0324_FIRST_INTERVIEW,RELEASED,0.5,2027-02-15T10:45:00+09:00,,,COMPLETED_UNUSED
ASG_001703,APP0325_FIRST_INTERVIEW,RSV_APP0325_FIRST_INTERVIEW,RESERVED,4,2026-12-08T14:04:00+09:00,,,SCHEDULED_ALLOCATION
ASG_001704,APP0325_FIRST_INTERVIEW,RSV_APP0325_FIRST_INTERVIEW,CONSUMED,0.58333333,2027-02-15T09:35:00+09:00,APP0325_FIRST_INTERVIEW_TECHNICAL_ASSESSMENT,FIRST_PANEL_06_ML_ENGINEER,ACTUAL_PARTICIPATION
ASG_001705,APP0325_FIRST_INTERVIEW,RSV_APP0325_FIRST_INTERVIEW,CONSUMED,0.58333333,2027-02-15T09:35:00+09:00,APP0325_FIRST_INTERVIEW_TECHNICAL_ASSESSMENT,FIRST_PANEL_06_HIRING_MANAGER,ACTUAL_PARTICIPATION
ASG_001706,APP0325_FIRST_INTERVIEW,RSV_APP0325_FIRST_INTERVIEW,CONSUMED,0.58333333,2027-02-15T10:10:00+09:00,APP0325_FIRST_INTERVIEW_AI_CASE,FIRST_PANEL_06_ML_ENGINEER,ACTUAL_PARTICIPATION
ASG_001707,APP0325_FIRST_INTERVIEW,RSV_APP0325_FIRST_INTERVIEW,CONSUMED,0.58333333,2027-02-15T10:10:00+09:00,APP0325_FIRST_INTERVIEW_AI_CASE,FIRST_PANEL_06_HIRING_MANAGER,ACTUAL_PARTICIPATION
ASG_001708,APP0325_FIRST_INTERVIEW,RSV_APP0325_FIRST_INTERVIEW,CONSUMED,0.33333333,2027-02-15T10:30:00+09:00,APP0325_FIRST_INTERVIEW_PRACTITIONER_QA,FIRST_PANEL_06_ML_ENGINEER,ACTUAL_PARTICIPATION
ASG_001709,APP0325_FIRST_INTERVIEW,RSV_APP0325_FIRST_INTERVIEW,CONSUMED,0.33333333,2027-02-15T10:30:00+09:00,APP0325_FIRST_INTERVIEW_PRACTITIONER_QA,FIRST_PANEL_06_HIRING_MANAGER,ACTUAL_PARTICIPATION
ASG_001710,APP0325_FIRST_INTERVIEW,RSV_APP0325_FIRST_INTERVIEW,CONSUMED,0.41666667,2027-02-15T10:55:00+09:00,APP0325_FIRST_INTERVIEW_CALIBRATION,FIRST_PANEL_06_ML_ENGINEER,ACTUAL_PARTICIPATION
ASG_001711,APP0325_FIRST_INTERVIEW,RSV_APP0325_FIRST_INTERVIEW,CONSUMED,0.41666667,2027-02-15T10:55:00+09:00,APP0325_FIRST_INTERVIEW_CALIBRATION,FIRST_PANEL_06_HIRING_MANAGER,ACTUAL_PARTICIPATION
ASG_001712,APP0325_FIRST_INTERVIEW,RSV_APP0325_FIRST_INTERVIEW,RELEASED,0.16666668,2027-02-15T10:55:00+09:00,,,COMPLETED_UNUSED
ASG_001713,APP0326_FIRST_INTERVIEW,RSV_APP0326_FIRST_INTERVIEW,RESERVED,4,2026-12-08T14:04:00+09:00,,,SCHEDULED_ALLOCATION
ASG_001714,APP0326_FIRST_INTERVIEW,RSV_APP0326_FIRST_INTERVIEW,CONSUMED,0.5,2027-02-15T09:30:00+09:00,APP0326_FIRST_INTERVIEW_TECHNICAL_ASSESSMENT,FIRST_PANEL_07_ML_ENGINEER,ACTUAL_PARTICIPATION
ASG_001715,APP0326_FIRST_INTERVIEW,RSV_APP0326_FIRST_INTERVIEW,CONSUMED,0.5,2027-02-15T09:30:00+09:00,APP0326_FIRST_INTERVIEW_TECHNICAL_ASSESSMENT,FIRST_PANEL_07_HIRING_MANAGER,ACTUAL_PARTICIPATION
ASG_001716,APP0326_FIRST_INTERVIEW,RSV_APP0326_FIRST_INTERVIEW,CONSUMED,0.58333333,2027-02-15T10:05:00+09:00,APP0326_FIRST_INTERVIEW_AI_CASE,FIRST_PANEL_07_ML_ENGINEER,ACTUAL_PARTICIPATION
ASG_001717,APP0326_FIRST_INTERVIEW,RSV_APP0326_FIRST_INTERVIEW,CONSUMED,0.58333333,2027-02-15T10:05:00+09:00,APP0326_FIRST_INTERVIEW_AI_CASE,FIRST_PANEL_07_HIRING_MANAGER,ACTUAL_PARTICIPATION
ASG_001718,APP0326_FIRST_INTERVIEW,RSV_APP0326_FIRST_INTERVIEW,CONSUMED,0.33333333,2027-02-15T10:25:00+09:00,APP0326_FIRST_INTERVIEW_PRACTITIONER_QA,FIRST_PANEL_07_ML_ENGINEER,ACTUAL_PARTICIPATION
ASG_001719,APP0326_FIRST_INTERVIEW,RSV_APP0326_FIRST_INTERVIEW,CONSUMED,0.33333333,2027-02-15T10:25:00+09:00,APP0326_FIRST_INTERVIEW_PRACTITIONER_QA,FIRST_PANEL_07_HIRING_MANAGER,ACTUAL_PARTICIPATION
ASG_001720,APP0326_FIRST_INTERVIEW,RSV_APP0326_FIRST_INTERVIEW,CONSUMED,0.41666667,2027-02-15T10:50:00+09:00,APP0326_FIRST_INTERVIEW_CALIBRATION,FIRST_PANEL_07_ML_ENGINEER,ACTUAL_PARTICIPATION
ASG_001721,APP0326_FIRST_INTERVIEW,RSV_APP0326_FIRST_INTERVIEW,CONSUMED,0.41666667,2027-02-15T10:50:00+09:00,APP0326_FIRST_INTERVIEW_CALIBRATION,FIRST_PANEL_07_HIRING_MANAGER,ACTUAL_PARTICIPATION
ASG_001722,APP0326_FIRST_INTERVIEW,RSV_APP0326_FIRST_INTERVIEW,RELEASED,0.33333334,2027-02-15T10:50:00+09:00,,,COMPLETED_UNUSED
ASG_001723,APP0334_FIRST_INTERVIEW,RSV_APP0334_FIRST_INTERVIEW,RESERVED,4,2026-12-08T14:04:00+09:00,,,SCHEDULED_ALLOCATION
ASG_001724,APP0334_FIRST_INTERVIEW,RSV_APP0334_FIRST_INTERVIEW,CONSUMED,0.41666667,2027-02-15T09:25:00+09:00,APP0334_FIRST_INTERVIEW_TECHNICAL_ASSESSMENT,FIRST_PANEL_08_ML_ENGINEER,ACTUAL_PARTICIPATION
ASG_001725,APP0334_FIRST_INTERVIEW,RSV_APP0334_FIRST_INTERVIEW,CONSUMED,0.41666667,2027-02-15T09:25:00+09:00,APP0334_FIRST_INTERVIEW_TECHNICAL_ASSESSMENT,FIRST_PANEL_08_HIRING_MANAGER,ACTUAL_PARTICIPATION
ASG_001726,APP0334_FIRST_INTERVIEW,RSV_APP0334_FIRST_INTERVIEW,CONSUMED,0.41666667,2027-02-15T09:50:00+09:00,APP0334_FIRST_INTERVIEW_AI_CASE,FIRST_PANEL_08_ML_ENGINEER,ACTUAL_PARTICIPATION
ASG_001727,APP0334_FIRST_INTERVIEW,RSV_APP0334_FIRST_INTERVIEW,CONSUMED,0.41666667,2027-02-15T09:50:00+09:00,APP0334_FIRST_INTERVIEW_AI_CASE,FIRST_PANEL_08_HIRING_MANAGER,ACTUAL_PARTICIPATION
ASG_001728,APP0334_FIRST_INTERVIEW,RSV_APP0334_FIRST_INTERVIEW,CONSUMED,0.33333333,2027-02-15T10:10:00+09:00,APP0334_FIRST_INTERVIEW_PRACTITIONER_QA,FIRST_PANEL_08_ML_ENGINEER,ACTUAL_PARTICIPATION
ASG_001729,APP0334_FIRST_INTERVIEW,RSV_APP0334_FIRST_INTERVIEW,CONSUMED,0.33333333,2027-02-15T10:10:00+09:00,APP0334_FIRST_INTERVIEW_PRACTITIONER_QA,FIRST_PANEL_08_HIRING_MANAGER,ACTUAL_PARTICIPATION
ASG_001730,APP0334_FIRST_INTERVIEW,RSV_APP0334_FIRST_INTERVIEW,CONSUMED,0.41666667,2027-02-15T10:35:00+09:00,APP0334_FIRST_INTERVIEW_CALIBRATION,FIRST_PANEL_08_ML_ENGINEER,ACTUAL_PARTICIPATION
ASG_001731,APP0334_FIRST_INTERVIEW,RSV_APP0334_FIRST_INTERVIEW,CONSUMED,0.41666667,2027-02-15T10:35:00+09:00,APP0334_FIRST_INTERVIEW_CALIBRATION,FIRST_PANEL_08_HIRING_MANAGER,ACTUAL_PARTICIPATION
ASG_001732,APP0334_FIRST_INTERVIEW,RSV_APP0334_FIRST_INTERVIEW,RELEASED,0.83333332,2027-02-15T10:35:00+09:00,,,COMPLETED_UNUSED
ASG_001733,APP0335_FIRST_INTERVIEW,RSV_APP0335_FIRST_INTERVIEW,RESERVED,4,2026-12-08T14:04:00+09:00,,,SCHEDULED_ALLOCATION
ASG_001734,APP0335_FIRST_INTERVIEW,RSV_APP0335_FIRST_INTERVIEW,CONSUMED,0.5,2027-02-15T09:30:00+09:00,APP0335_FIRST_INTERVIEW_TECHNICAL_ASSESSMENT,FIRST_PANEL_09_ML_ENGINEER,ACTUAL_PARTICIPATION
ASG_001735,APP0335_FIRST_INTERVIEW,RSV_APP0335_FIRST_INTERVIEW,CONSUMED,0.5,2027-02-15T09:30:00+09:00,APP0335_FIRST_INTERVIEW_TECHNICAL_ASSESSMENT,FIRST_PANEL_09_HIRING_MANAGER,ACTUAL_PARTICIPATION
ASG_001736,APP0335_FIRST_INTERVIEW,RSV_APP0335_FIRST_INTERVIEW,CONSUMED,0.58333333,2027-02-15T10:05:00+09:00,APP0335_FIRST_INTERVIEW_AI_CASE,FIRST_PANEL_09_ML_ENGINEER,ACTUAL_PARTICIPATION
ASG_001737,APP0335_FIRST_INTERVIEW,RSV_APP0335_FIRST_INTERVIEW,CONSUMED,0.58333333,2027-02-15T10:05:00+09:00,APP0335_FIRST_INTERVIEW_AI_CASE,FIRST_PANEL_09_HIRING_MANAGER,ACTUAL_PARTICIPATION
ASG_001738,APP0335_FIRST_INTERVIEW,RSV_APP0335_FIRST_INTERVIEW,CONSUMED,0.33333333,2027-02-15T10:25:00+09:00,APP0335_FIRST_INTERVIEW_PRACTITIONER_QA,FIRST_PANEL_09_ML_ENGINEER,ACTUAL_PARTICIPATION
ASG_001739,APP0335_FIRST_INTERVIEW,RSV_APP0335_FIRST_INTERVIEW,CONSUMED,0.33333333,2027-02-15T10:25:00+09:00,APP0335_FIRST_INTERVIEW_PRACTITIONER_QA,FIRST_PANEL_09_HIRING_MANAGER,ACTUAL_PARTICIPATION
ASG_001740,APP0335_FIRST_INTERVIEW,RSV_APP0335_FIRST_INTERVIEW,CONSUMED,0.41666667,2027-02-15T10:50:00+09:00,APP0335_FIRST_INTERVIEW_CALIBRATION,FIRST_PANEL_09_ML_ENGINEER,ACTUAL_PARTICIPATION
ASG_001741,APP0335_FIRST_INTERVIEW,RSV_APP0335_FIRST_INTERVIEW,CONSUMED,0.41666667,2027-02-15T10:50:00+09:00,APP0335_FIRST_INTERVIEW_CALIBRATION,FIRST_PANEL_09_HIRING_MANAGER,ACTUAL_PARTICIPATION
ASG_001742,APP0335_FIRST_INTERVIEW,RSV_APP0335_FIRST_INTERVIEW,RELEASED,0.33333334,2027-02-15T10:50:00+09:00,,,COMPLETED_UNUSED
ASG_001743,APP0336_FIRST_INTERVIEW,RSV_APP0336_FIRST_INTERVIEW,RESERVED,4,2026-12-08T14:04:00+09:00,,,SCHEDULED_ALLOCATION
ASG_001744,APP0336_FIRST_INTERVIEW,RSV_APP0336_FIRST_INTERVIEW,CONSUMED,0.58333333,2027-02-15T09:35:00+09:00,APP0336_FIRST_INTERVIEW_TECHNICAL_ASSESSMENT,FIRST_PANEL_10_ML_ENGINEER,ACTUAL_PARTICIPATION
ASG_001745,APP0336_FIRST_INTERVIEW,RSV_APP0336_FIRST_INTERVIEW,CONSUMED,0.58333333,2027-02-15T09:35:00+09:00,APP0336_FIRST_INTERVIEW_TECHNICAL_ASSESSMENT,FIRST_PANEL_10_HIRING_MANAGER,ACTUAL_PARTICIPATION
ASG_001746,APP0336_FIRST_INTERVIEW,RSV_APP0336_FIRST_INTERVIEW,CONSUMED,0.5,2027-02-15T10:05:00+09:00,APP0336_FIRST_INTERVIEW_AI_CASE,FIRST_PANEL_10_ML_ENGINEER,ACTUAL_PARTICIPATION
ASG_001747,APP0336_FIRST_INTERVIEW,RSV_APP0336_FIRST_INTERVIEW,CONSUMED,0.5,2027-02-15T10:05:00+09:00,APP0336_FIRST_INTERVIEW_AI_CASE,FIRST_PANEL_10_HIRING_MANAGER,ACTUAL_PARTICIPATION
ASG_001748,APP0336_FIRST_INTERVIEW,RSV_APP0336_FIRST_INTERVIEW,CONSUMED,0.41666667,2027-02-15T10:30:00+09:00,APP0336_FIRST_INTERVIEW_PRACTITIONER_QA,FIRST_PANEL_10_ML_ENGINEER,ACTUAL_PARTICIPATION
ASG_001749,APP0336_FIRST_INTERVIEW,RSV_APP0336_FIRST_INTERVIEW,CONSUMED,0.41666667,2027-02-15T10:30:00+09:00,APP0336_FIRST_INTERVIEW_PRACTITIONER_QA,FIRST_PANEL_10_HIRING_MANAGER,ACTUAL_PARTICIPATION
ASG_001750,APP0336_FIRST_INTERVIEW,RSV_APP0336_FIRST_INTERVIEW,CONSUMED,0.25,2027-02-15T10:45:00+09:00,APP0336_FIRST_INTERVIEW_CALIBRATION,FIRST_PANEL_10_ML_ENGINEER,ACTUAL_PARTICIPATION
ASG_001751,APP0336_FIRST_INTERVIEW,RSV_APP0336_FIRST_INTERVIEW,CONSUMED,0.25,2027-02-15T10:45:00+09:00,APP0336_FIRST_INTERVIEW_CALIBRATION,FIRST_PANEL_10_HIRING_MANAGER,ACTUAL_PARTICIPATION
ASG_001752,APP0336_FIRST_INTERVIEW,RSV_APP0336_FIRST_INTERVIEW,RELEASED,0.5,2027-02-15T10:45:00+09:00,,,COMPLETED_UNUSED
ASG_001753,APP0338_FIRST_INTERVIEW,RSV_APP0338_FIRST_INTERVIEW,RESERVED,4,2026-12-08T14:04:00+09:00,,,SCHEDULED_ALLOCATION
ASG_001754,APP0338_FIRST_INTERVIEW,RSV_APP0338_FIRST_INTERVIEW,RELEASED,4.0,2026-12-10T14:04:00+09:00,,,CONFIRMED_WITHDRAWAL_UNUSED
ASG_001755,APP0342_FIRST_INTERVIEW,RSV_APP0342_FIRST_INTERVIEW,RESERVED,4,2026-12-08T14:04:00+09:00,,,SCHEDULED_ALLOCATION
ASG_001756,APP0342_FIRST_INTERVIEW,RSV_APP0342_FIRST_INTERVIEW,CONSUMED,0.41666667,2027-02-18T09:25:00+09:00,APP0342_FIRST_INTERVIEW_TECHNICAL_ASSESSMENT,FIRST_PANEL_02_ML_ENGINEER,ACTUAL_PARTICIPATION
ASG_001757,APP0342_FIRST_INTERVIEW,RSV_APP0342_FIRST_INTERVIEW,CONSUMED,0.41666667,2027-02-18T09:25:00+09:00,APP0342_FIRST_INTERVIEW_TECHNICAL_ASSESSMENT,FIRST_PANEL_02_HIRING_MANAGER,ACTUAL_PARTICIPATION
ASG_001758,APP0342_FIRST_INTERVIEW,RSV_APP0342_FIRST_INTERVIEW,CONSUMED,0.58333333,2027-02-18T10:00:00+09:00,APP0342_FIRST_INTERVIEW_AI_CASE,FIRST_PANEL_02_ML_ENGINEER,ACTUAL_PARTICIPATION
ASG_001759,APP0342_FIRST_INTERVIEW,RSV_APP0342_FIRST_INTERVIEW,CONSUMED,0.58333333,2027-02-18T10:00:00+09:00,APP0342_FIRST_INTERVIEW_AI_CASE,FIRST_PANEL_02_HIRING_MANAGER,ACTUAL_PARTICIPATION
ASG_001760,APP0342_FIRST_INTERVIEW,RSV_APP0342_FIRST_INTERVIEW,CONSUMED,0.33333333,2027-02-18T10:20:00+09:00,APP0342_FIRST_INTERVIEW_PRACTITIONER_QA,FIRST_PANEL_02_ML_ENGINEER,ACTUAL_PARTICIPATION
ASG_001761,APP0342_FIRST_INTERVIEW,RSV_APP0342_FIRST_INTERVIEW,CONSUMED,0.33333333,2027-02-18T10:20:00+09:00,APP0342_FIRST_INTERVIEW_PRACTITIONER_QA,FIRST_PANEL_02_HIRING_MANAGER,ACTUAL_PARTICIPATION
ASG_001762,APP0342_FIRST_INTERVIEW,RSV_APP0342_FIRST_INTERVIEW,CONSUMED,0.25,2027-02-18T10:35:00+09:00,APP0342_FIRST_INTERVIEW_CALIBRATION,FIRST_PANEL_02_ML_ENGINEER,ACTUAL_PARTICIPATION
ASG_001763,APP0342_FIRST_INTERVIEW,RSV_APP0342_FIRST_INTERVIEW,CONSUMED,0.25,2027-02-18T10:35:00+09:00,APP0342_FIRST_INTERVIEW_CALIBRATION,FIRST_PANEL_02_HIRING_MANAGER,ACTUAL_PARTICIPATION
ASG_001764,APP0342_FIRST_INTERVIEW,RSV_APP0342_FIRST_INTERVIEW,RELEASED,0.83333334,2027-02-18T10:35:00+09:00,,,COMPLETED_UNUSED
