final_decision_id,review_round,hold_reason_code,resolution_plan,follow_up_activity_id,application_id,candidate_id,must_evidence_status,remaining_uncertainty,learnable_gap_summary,decision,rationale,decided_by,decided_at,decision_provenance
FD_APP0010_INITIAL,INITIAL,UNRESOLVED_EVIDENCE,"[{""context"":""앞선 관찰의 미확인/검증 범위"",""method"":""DIRECT_TASK"",""question"":""기존 미확인/제한을 작은 직접 과제와 검증 산출물로 확인"",""skill_id"":""M1_SKILL_02""}]",APP0010_FINAL_REVIEW_FOCUSED_FOLLOW_UP,APP0010,C0010,UNRESOLVED,"[""M1_SKILL_02""]","[""M1_SKILL_06""]",HOLD,"{""adverse_must"":[""M1_SKILL_02""],""decision_refs"":[""DC_APP0010_M1_SKILL_03_002779"",""DC_APP0010_M1_SKILL_01_002777"",""DC_APP0010_M1_SKILL_02_002778"",""DC_APP0010_M1_SKILL_04_002780"",""DC_APP0010_M1_SKILL_05_002781"",""DC_APP0010_M1_SKILL_06_002782"",""DC_APP0010_M1_SKILL_07_002783"",""DC_APP0010_M1_SKILL_08_002784""],""disagreement_must"":[],""human_rationale"":""필수 근거·반복된 명시적 제한·남은 확인 질문을 검토한 합성 패널 판단."",""learnable_gaps"":[""M1_SKILL_06""],""missing_must"":[],""repeated_must_limitations"":[],""review_round"":""INITIAL"",""rubric_id"":""M1_EVIDENCE_RUBRIC_V02"",""talent_profile"":""talent_profile.json"",""unresolved_must"":[""M1_SKILL_02""]}",FINAL_PANEL_01,2027-01-02T11:50:00+09:00,SYNTHETIC_HUMAN_SCENARIO
FD_APP0010_RE_REVIEW,RE_REVIEW,,,APP0010_FINAL_REVIEW_FOCUSED_FOLLOW_UP,APP0010,C0010,COVERED,[],"[""M1_SKILL_06""]",PROCEED_TO_OFFER,"{""accepted_uncertainty_plan"":[],""adverse_must"":[],""decision_refs"":[""DC_APP0010_M1_SKILL_03_002787"",""DC_APP0010_M1_SKILL_01_002785"",""DC_APP0010_M1_SKILL_02_002786"",""DC_APP0010_M1_SKILL_04_002788"",""DC_APP0010_M1_SKILL_05_002789"",""DC_APP0010_M1_SKILL_06_002790"",""DC_APP0010_M1_SKILL_07_002791"",""DC_APP0010_M1_SKILL_08_002792""],""disagreement_must"":[],""human_rationale"":""추가 직접 관찰과 기존 근거를 검토했다. 남은 미관찰 자체는 탈락 사유가 아니며 업무 준비 지원으로 추적한다."",""learnable_gaps"":[""M1_SKILL_06""],""missing_must"":[],""repeated_must_limitations"":[],""review_round"":""RE_REVIEW"",""rubric_id"":""M1_EVIDENCE_RUBRIC_V02"",""talent_profile"":""talent_profile.json"",""unresolved_must"":[]}",FINAL_PANEL_01,2027-01-10T13:05:00+09:00,SYNTHETIC_HUMAN_SCENARIO
FD_APP0014_INITIAL,INITIAL,EVALUATOR_DISAGREEMENT,"[{""context"":""앞선 관찰의 미확인/검증 범위"",""method"":""BEHAVIORAL_INTERACTION"",""question"":""개인 행동·피드백·검증 범위를 구체적 후속 질문으로 확인"",""skill_id"":""M1_SKILL_04""},{""context"":""앞선 관찰의 미확인/검증 범위"",""method"":""BEHAVIORAL_INTERACTION"",""question"":""개인 행동·피드백·검증 범위를 구체적 후속 질문으로 확인"",""skill_id"":""M1_SKILL_05""}]",APP0014_FINAL_REVIEW_FOCUSED_FOLLOW_UP,APP0014,C0014,UNRESOLVED,"[""M1_SKILL_04"",""M1_SKILL_05""]",[],HOLD,"{""adverse_must"":[""M1_SKILL_04""],""decision_refs"":[""DC_APP0014_M1_SKILL_03_002795"",""DC_APP0014_M1_SKILL_01_002793"",""DC_APP0014_M1_SKILL_02_002794"",""DC_APP0014_M1_SKILL_04_002796"",""DC_APP0014_M1_SKILL_05_002797"",""DC_APP0014_M1_SKILL_06_002798"",""DC_APP0014_M1_SKILL_07_002799"",""DC_APP0014_M1_SKILL_08_002800""],""disagreement_must"":[""M1_SKILL_04""],""human_rationale"":""필수 근거·반복된 명시적 제한·남은 확인 질문을 검토한 합성 패널 판단."",""learnable_gaps"":[],""missing_must"":[""M1_SKILL_05""],""repeated_must_limitations"":[],""review_round"":""INITIAL"",""rubric_id"":""M1_EVIDENCE_RUBRIC_V02"",""talent_profile"":""talent_profile.json"",""unresolved_must"":[""M1_SKILL_04"",""M1_SKILL_05""]}",FINAL_PANEL_01,2027-01-06T11:55:00+09:00,SYNTHETIC_HUMAN_SCENARIO
FD_APP0014_RE_REVIEW,RE_REVIEW,,,APP0014_FINAL_REVIEW_FOCUSED_FOLLOW_UP,APP0014,C0014,COVERED,[],[],PROCEED_TO_OFFER,"{""accepted_uncertainty_plan"":[],""adverse_must"":[],""decision_refs"":[""DC_APP0014_M1_SKILL_03_002803"",""DC_APP0014_M1_SKILL_01_002801"",""DC_APP0014_M1_SKILL_02_002802"",""DC_APP0014_M1_SKILL_04_002804"",""DC_APP0014_M1_SKILL_05_002805"",""DC_APP0014_M1_SKILL_06_002806"",""DC_APP0014_M1_SKILL_07_002807"",""DC_APP0014_M1_SKILL_08_002808""],""disagreement_must"":[],""human_rationale"":""추가 직접 관찰과 기존 근거를 검토했다. 남은 미관찰 자체는 탈락 사유가 아니며 업무 준비 지원으로 추적한다."",""learnable_gaps"":[],""missing_must"":[],""repeated_must_limitations"":[],""review_round"":""RE_REVIEW"",""rubric_id"":""M1_EVIDENCE_RUBRIC_V02"",""talent_profile"":""talent_profile.json"",""unresolved_must"":[]}",FINAL_PANEL_01,2027-01-14T12:40:00+09:00,SYNTHETIC_HUMAN_SCENARIO
FD_APP0005_INITIAL,INITIAL,MISSING_EVIDENCE,"[{""context"":""앞선 관찰의 미확인/검증 범위"",""method"":""BEHAVIORAL_INTERACTION"",""question"":""개인 행동·피드백·검증 범위를 구체적 후속 질문으로 확인"",""skill_id"":""M1_SKILL_04""}]",APP0005_FINAL_REVIEW_FOCUSED_FOLLOW_UP,APP0005,C0005,UNRESOLVED,"[""M1_SKILL_04""]",[],HOLD,"{""adverse_must"":[],""decision_refs"":[""DC_APP0005_M1_SKILL_03_002811"",""DC_APP0005_M1_SKILL_01_002809"",""DC_APP0005_M1_SKILL_02_002810"",""DC_APP0005_M1_SKILL_04_002812"",""DC_APP0005_M1_SKILL_05_002813"",""DC_APP0005_M1_SKILL_06_002814"",""DC_APP0005_M1_SKILL_07_002815"",""DC_APP0005_M1_SKILL_08_002816""],""disagreement_must"":[],""human_rationale"":""필수 근거·반복된 명시적 제한·남은 확인 질문을 검토한 합성 패널 판단."",""learnable_gaps"":[],""missing_must"":[""M1_SKILL_04""],""repeated_must_limitations"":[],""review_round"":""INITIAL"",""rubric_id"":""M1_EVIDENCE_RUBRIC_V02"",""talent_profile"":""talent_profile.json"",""unresolved_must"":[""M1_SKILL_04""]}",FINAL_PANEL_01,2027-01-13T12:05:00+09:00,SYNTHETIC_HUMAN_SCENARIO
FD_APP0005_RE_REVIEW,RE_REVIEW,,,APP0005_FINAL_REVIEW_FOCUSED_FOLLOW_UP,APP0005,C0005,UNRESOLVED,"[""M1_SKILL_04""]",[],DO_NOT_PROCEED,"{""accepted_uncertainty_plan"":[],""adverse_must"":[""M1_SKILL_04""],""decision_refs"":[""DC_APP0005_M1_SKILL_03_002819"",""DC_APP0005_M1_SKILL_01_002817"",""DC_APP0005_M1_SKILL_02_002818"",""DC_APP0005_M1_SKILL_04_002820"",""DC_APP0005_M1_SKILL_05_002821"",""DC_APP0005_M1_SKILL_06_002822"",""DC_APP0005_M1_SKILL_07_002823"",""DC_APP0005_M1_SKILL_08_002824""],""disagreement_must"":[],""human_rationale"":""추가 검증 후에도 남은 명시적 필수 검증 제한/해석 충돌을 검토하여 이번 역할 진행을 보류하지 않고 종료한다."",""learnable_gaps"":[],""missing_must"":[],""repeated_must_limitations"":[],""review_round"":""RE_REVIEW"",""rubric_id"":""M1_EVIDENCE_RUBRIC_V02"",""talent_profile"":""talent_profile.json"",""unresolved_must"":[""M1_SKILL_04""]}",FINAL_PANEL_01,2027-01-21T13:10:00+09:00,SYNTHETIC_HUMAN_SCENARIO
FD_APP0012_INITIAL,INITIAL,,,,APP0012,C0012,COVERED,[],[],PROCEED_TO_OFFER,"{""adverse_must"":[],""decision_refs"":[""DC_APP0012_M1_SKILL_03_002827"",""DC_APP0012_M1_SKILL_01_002825"",""DC_APP0012_M1_SKILL_02_002826"",""DC_APP0012_M1_SKILL_04_002828"",""DC_APP0012_M1_SKILL_05_002829"",""DC_APP0012_M1_SKILL_06_002830"",""DC_APP0012_M1_SKILL_07_002831"",""DC_APP0012_M1_SKILL_08_002832""],""disagreement_must"":[],""human_rationale"":""필수 근거·반복된 명시적 제한·남은 확인 질문을 검토한 합성 패널 판단."",""learnable_gaps"":[],""missing_must"":[],""repeated_must_limitations"":[],""review_round"":""INITIAL"",""rubric_id"":""M1_EVIDENCE_RUBRIC_V02"",""talent_profile"":""talent_profile.json"",""unresolved_must"":[]}",FINAL_PANEL_01,2027-01-11T13:35:00+09:00,SYNTHETIC_HUMAN_SCENARIO
FD_APP0003_INITIAL,INITIAL,MISSING_EVIDENCE,"[{""context"":""앞선 관찰의 미확인/검증 범위"",""method"":""DIRECT_TASK"",""question"":""기존 미확인/제한을 작은 직접 과제와 검증 산출물로 확인"",""skill_id"":""M1_SKILL_02""}]",APP0003_FINAL_REVIEW_FOCUSED_FOLLOW_UP,APP0003,C0003,UNRESOLVED,"[""M1_SKILL_02""]","[""M1_SKILL_06""]",HOLD,"{""adverse_must"":[],""decision_refs"":[""DC_APP0003_M1_SKILL_03_002835"",""DC_APP0003_M1_SKILL_01_002833"",""DC_APP0003_M1_SKILL_02_002834"",""DC_APP0003_M1_SKILL_04_002836"",""DC_APP0003_M1_SKILL_05_002837"",""DC_APP0003_M1_SKILL_06_002838"",""DC_APP0003_M1_SKILL_07_002839"",""DC_APP0003_M1_SKILL_08_002840""],""disagreement_must"":[],""human_rationale"":""필수 근거·반복된 명시적 제한·남은 확인 질문을 검토한 합성 패널 판단."",""learnable_gaps"":[""M1_SKILL_06""],""missing_must"":[""M1_SKILL_02""],""repeated_must_limitations"":[],""review_round"":""INITIAL"",""rubric_id"":""M1_EVIDENCE_RUBRIC_V02"",""talent_profile"":""talent_profile.json"",""unresolved_must"":[""M1_SKILL_02""]}",FINAL_PANEL_01,2027-01-15T12:05:00+09:00,SYNTHETIC_HUMAN_SCENARIO
FD_APP0003_RE_REVIEW,RE_REVIEW,,,APP0003_FINAL_REVIEW_FOCUSED_FOLLOW_UP,APP0003,C0003,UNRESOLVED,"[""M1_SKILL_02""]","[""M1_SKILL_06""]",DO_NOT_PROCEED,"{""accepted_uncertainty_plan"":[],""adverse_must"":[],""decision_refs"":[""DC_APP0003_M1_SKILL_03_002843"",""DC_APP0003_M1_SKILL_01_002841"",""DC_APP0003_M1_SKILL_02_002842"",""DC_APP0003_M1_SKILL_04_002844"",""DC_APP0003_M1_SKILL_05_002845"",""DC_APP0003_M1_SKILL_06_002846"",""DC_APP0003_M1_SKILL_07_002847"",""DC_APP0003_M1_SKILL_08_002848""],""disagreement_must"":[""M1_SKILL_02""],""human_rationale"":""추가 검증 후에도 남은 명시적 필수 검증 제한/해석 충돌을 검토하여 이번 역할 진행을 보류하지 않고 종료한다."",""learnable_gaps"":[""M1_SKILL_06""],""missing_must"":[],""repeated_must_limitations"":[],""review_round"":""RE_REVIEW"",""rubric_id"":""M1_EVIDENCE_RUBRIC_V02"",""talent_profile"":""talent_profile.json"",""unresolved_must"":[""M1_SKILL_02""]}",FINAL_PANEL_01,2027-01-23T13:00:00+09:00,SYNTHETIC_HUMAN_SCENARIO
FD_APP0037_INITIAL,INITIAL,EVALUATOR_DISAGREEMENT,"[{""context"":""앞선 관찰의 미확인/검증 범위"",""method"":""BEHAVIORAL_INTERACTION"",""question"":""개인 행동·피드백·검증 범위를 구체적 후속 질문으로 확인"",""skill_id"":""M1_SKILL_05""}]",APP0037_FINAL_REVIEW_FOCUSED_FOLLOW_UP,APP0037,C0037,UNRESOLVED,"[""M1_SKILL_05""]",[],HOLD,"{""adverse_must"":[],""decision_refs"":[""DC_APP0037_M1_SKILL_03_002851"",""DC_APP0037_M1_SKILL_01_002849"",""DC_APP0037_M1_SKILL_02_002850"",""DC_APP0037_M1_SKILL_04_002852"",""DC_APP0037_M1_SKILL_05_002853"",""DC_APP0037_M1_SKILL_06_002854"",""DC_APP0037_M1_SKILL_07_002855"",""DC_APP0037_M1_SKILL_08_002856""],""disagreement_must"":[""M1_SKILL_05""],""human_rationale"":""필수 근거·반복된 명시적 제한·남은 확인 질문을 검토한 합성 패널 판단."",""learnable_gaps"":[],""missing_must"":[],""repeated_must_limitations"":[],""review_round"":""INITIAL"",""rubric_id"":""M1_EVIDENCE_RUBRIC_V02"",""talent_profile"":""talent_profile.json"",""unresolved_must"":[""M1_SKILL_05""]}",FINAL_PANEL_01,2027-01-12T13:30:00+09:00,SYNTHETIC_HUMAN_SCENARIO
FD_APP0037_RE_REVIEW,RE_REVIEW,,,APP0037_FINAL_REVIEW_FOCUSED_FOLLOW_UP,APP0037,C0037,COVERED,[],[],PROCEED_TO_OFFER,"{""accepted_uncertainty_plan"":[],""adverse_must"":[],""decision_refs"":[""DC_APP0037_M1_SKILL_03_002859"",""DC_APP0037_M1_SKILL_01_002857"",""DC_APP0037_M1_SKILL_02_002858"",""DC_APP0037_M1_SKILL_04_002860"",""DC_APP0037_M1_SKILL_05_002861"",""DC_APP0037_M1_SKILL_06_002862"",""DC_APP0037_M1_SKILL_07_002863"",""DC_APP0037_M1_SKILL_08_002864""],""disagreement_must"":[],""human_rationale"":""추가 직접 관찰과 기존 근거를 검토했다. 남은 미관찰 자체는 탈락 사유가 아니며 업무 준비 지원으로 추적한다."",""learnable_gaps"":[],""missing_must"":[],""repeated_must_limitations"":[],""review_round"":""RE_REVIEW"",""rubric_id"":""M1_EVIDENCE_RUBRIC_V02"",""talent_profile"":""talent_profile.json"",""unresolved_must"":[]}",FINAL_PANEL_01,2027-01-20T14:35:00+09:00,SYNTHETIC_HUMAN_SCENARIO
FD_APP0027_INITIAL,INITIAL,EVALUATOR_DISAGREEMENT,"[{""context"":""앞선 관찰의 미확인/검증 범위"",""method"":""DIRECT_TASK"",""question"":""기존 미확인/제한을 작은 직접 과제와 검증 산출물로 확인"",""skill_id"":""M1_SKILL_02""},{""context"":""앞선 관찰의 미확인/검증 범위"",""method"":""DIRECT_TASK"",""question"":""기존 미확인/제한을 작은 직접 과제와 검증 산출물로 확인"",""skill_id"":""M1_SKILL_03""}]",APP0027_FINAL_REVIEW_FOCUSED_FOLLOW_UP,APP0027,C0027,UNRESOLVED,"[""M1_SKILL_02"",""M1_SKILL_03""]","[""M1_SKILL_06""]",HOLD,"{""adverse_must"":[],""decision_refs"":[""DC_APP0027_M1_SKILL_03_002867"",""DC_APP0027_M1_SKILL_01_002865"",""DC_APP0027_M1_SKILL_02_002866"",""DC_APP0027_M1_SKILL_04_002868"",""DC_APP0027_M1_SKILL_05_002869"",""DC_APP0027_M1_SKILL_06_002870"",""DC_APP0027_M1_SKILL_07_002871"",""DC_APP0027_M1_SKILL_08_002872""],""disagreement_must"":[""M1_SKILL_02"",""M1_SKILL_03""],""human_rationale"":""필수 근거·반복된 명시적 제한·남은 확인 질문을 검토한 합성 패널 판단."",""learnable_gaps"":[""M1_SKILL_06""],""missing_must"":[],""repeated_must_limitations"":[],""review_round"":""INITIAL"",""rubric_id"":""M1_EVIDENCE_RUBRIC_V02"",""talent_profile"":""talent_profile.json"",""unresolved_must"":[""M1_SKILL_02"",""M1_SKILL_03""]}",FINAL_PANEL_01,2027-01-11T14:00:00+09:00,SYNTHETIC_HUMAN_SCENARIO
FD_APP0027_RE_REVIEW,RE_REVIEW,,,APP0027_FINAL_REVIEW_FOCUSED_FOLLOW_UP,APP0027,C0027,UNRESOLVED,"[""M1_SKILL_02"",""M1_SKILL_03""]","[""M1_SKILL_06""]",DO_NOT_PROCEED,"{""accepted_uncertainty_plan"":[],""adverse_must"":[""M1_SKILL_02""],""decision_refs"":[""DC_APP0027_M1_SKILL_03_002875"",""DC_APP0027_M1_SKILL_01_002873"",""DC_APP0027_M1_SKILL_02_002874"",""DC_APP0027_M1_SKILL_04_002876"",""DC_APP0027_M1_SKILL_05_002877"",""DC_APP0027_M1_SKILL_06_002878"",""DC_APP0027_M1_SKILL_07_002879"",""DC_APP0027_M1_SKILL_08_002880""],""disagreement_must"":[""M1_SKILL_02"",""M1_SKILL_03""],""human_rationale"":""추가 검증 후에도 남은 명시적 필수 검증 제한/해석 충돌을 검토하여 이번 역할 진행을 보류하지 않고 종료한다."",""learnable_gaps"":[""M1_SKILL_06""],""missing_must"":[],""repeated_must_limitations"":[],""review_round"":""RE_REVIEW"",""rubric_id"":""M1_EVIDENCE_RUBRIC_V02"",""talent_profile"":""talent_profile.json"",""unresolved_must"":[""M1_SKILL_02"",""M1_SKILL_03""]}",FINAL_PANEL_01,2027-01-19T14:50:00+09:00,SYNTHETIC_HUMAN_SCENARIO
FD_APP0039_INITIAL,INITIAL,UNRESOLVED_EVIDENCE,"[{""context"":""앞선 관찰의 미확인/검증 범위"",""method"":""DIRECT_TASK"",""question"":""기존 미확인/제한을 작은 직접 과제와 검증 산출물로 확인"",""skill_id"":""M1_SKILL_02""}]",APP0039_FINAL_REVIEW_FOCUSED_FOLLOW_UP,APP0039,C0039,UNRESOLVED,"[""M1_SKILL_02""]",[],HOLD,"{""adverse_must"":[""M1_SKILL_02""],""decision_refs"":[""DC_APP0039_M1_SKILL_03_002883"",""DC_APP0039_M1_SKILL_01_002881"",""DC_APP0039_M1_SKILL_02_002882"",""DC_APP0039_M1_SKILL_04_002884"",""DC_APP0039_M1_SKILL_05_002885"",""DC_APP0039_M1_SKILL_06_002886"",""DC_APP0039_M1_SKILL_07_002887"",""DC_APP0039_M1_SKILL_08_002888""],""disagreement_must"":[],""human_rationale"":""필수 근거·반복된 명시적 제한·남은 확인 질문을 검토한 합성 패널 판단."",""learnable_gaps"":[],""missing_must"":[],""repeated_must_limitations"":[],""review_round"":""INITIAL"",""rubric_id"":""M1_EVIDENCE_RUBRIC_V02"",""talent_profile"":""talent_profile.json"",""unresolved_must"":[""M1_SKILL_02""]}",FINAL_PANEL_01,2027-01-12T11:45:00+09:00,SYNTHETIC_HUMAN_SCENARIO
FD_APP0039_RE_REVIEW,RE_REVIEW,,,APP0039_FINAL_REVIEW_FOCUSED_FOLLOW_UP,APP0039,C0039,COVERED,[],[],PROCEED_TO_OFFER,"{""accepted_uncertainty_plan"":[],""adverse_must"":[],""decision_refs"":[""DC_APP0039_M1_SKILL_03_002891"",""DC_APP0039_M1_SKILL_01_002889"",""DC_APP0039_M1_SKILL_02_002890"",""DC_APP0039_M1_SKILL_04_002892"",""DC_APP0039_M1_SKILL_05_002893"",""DC_APP0039_M1_SKILL_06_002894"",""DC_APP0039_M1_SKILL_07_002895"",""DC_APP0039_M1_SKILL_08_002896""],""disagreement_must"":[],""human_rationale"":""추가 직접 관찰과 기존 근거를 검토했다. 남은 미관찰 자체는 탈락 사유가 아니며 업무 준비 지원으로 추적한다."",""learnable_gaps"":[],""missing_must"":[],""repeated_must_limitations"":[],""review_round"":""RE_REVIEW"",""rubric_id"":""M1_EVIDENCE_RUBRIC_V02"",""talent_profile"":""talent_profile.json"",""unresolved_must"":[]}",FINAL_PANEL_01,2027-01-20T12:35:00+09:00,SYNTHETIC_HUMAN_SCENARIO
FD_APP0031_INITIAL,INITIAL,EVALUATOR_DISAGREEMENT,"[{""context"":""앞선 관찰의 미확인/검증 범위"",""method"":""DIRECT_TASK"",""question"":""기존 미확인/제한을 작은 직접 과제와 검증 산출물로 확인"",""skill_id"":""M1_SKILL_01""},{""context"":""앞선 관찰의 미확인/검증 범위"",""method"":""DIRECT_TASK"",""question"":""기존 미확인/제한을 작은 직접 과제와 검증 산출물로 확인"",""skill_id"":""M1_SKILL_02""},{""context"":""앞선 관찰의 미확인/검증 범위"",""method"":""BEHAVIORAL_INTERACTION"",""question"":""개인 행동·피드백·검증 범위를 구체적 후속 질문으로 확인"",""skill_id"":""M1_SKILL_04""}]",APP0031_FINAL_REVIEW_FOCUSED_FOLLOW_UP,APP0031,C0031,UNRESOLVED,"[""M1_SKILL_01"",""M1_SKILL_02"",""M1_SKILL_04""]",[],HOLD,"{""adverse_must"":[""M1_SKILL_01"",""M1_SKILL_02""],""decision_refs"":[""DC_APP0031_M1_SKILL_03_002899"",""DC_APP0031_M1_SKILL_01_002897"",""DC_APP0031_M1_SKILL_02_002898"",""DC_APP0031_M1_SKILL_04_002900"",""DC_APP0031_M1_SKILL_05_002901"",""DC_APP0031_M1_SKILL_06_002902"",""DC_APP0031_M1_SKILL_07_002903"",""DC_APP0031_M1_SKILL_08_002904""],""disagreement_must"":[""M1_SKILL_04""],""human_rationale"":""필수 근거·반복된 명시적 제한·남은 확인 질문을 검토한 합성 패널 판단."",""learnable_gaps"":[],""missing_must"":[],""repeated_must_limitations"":[],""review_round"":""INITIAL"",""rubric_id"":""M1_EVIDENCE_RUBRIC_V02"",""talent_profile"":""talent_profile.json"",""unresolved_must"":[""M1_SKILL_01"",""M1_SKILL_02"",""M1_SKILL_04""]}",FINAL_PANEL_01,2027-01-12T14:25:00+09:00,SYNTHETIC_HUMAN_SCENARIO
FD_APP0031_RE_REVIEW,RE_REVIEW,,,APP0031_FINAL_REVIEW_FOCUSED_FOLLOW_UP,APP0031,C0031,UNRESOLVED,"[""M1_SKILL_02""]",[],DO_NOT_PROCEED,"{""accepted_uncertainty_plan"":[],""adverse_must"":[""M1_SKILL_02""],""decision_refs"":[""DC_APP0031_M1_SKILL_03_002907"",""DC_APP0031_M1_SKILL_01_002905"",""DC_APP0031_M1_SKILL_02_002906"",""DC_APP0031_M1_SKILL_04_002908"",""DC_APP0031_M1_SKILL_05_002909"",""DC_APP0031_M1_SKILL_06_002910"",""DC_APP0031_M1_SKILL_07_002911"",""DC_APP0031_M1_SKILL_08_002912""],""disagreement_must"":[""M1_SKILL_02""],""human_rationale"":""추가 검증 후에도 남은 명시적 필수 검증 제한/해석 충돌을 검토하여 이번 역할 진행을 보류하지 않고 종료한다."",""learnable_gaps"":[],""missing_must"":[],""repeated_must_limitations"":[],""review_round"":""RE_REVIEW"",""rubric_id"":""M1_EVIDENCE_RUBRIC_V02"",""talent_profile"":""talent_profile.json"",""unresolved_must"":[""M1_SKILL_02""]}",FINAL_PANEL_01,2027-01-20T15:40:00+09:00,SYNTHETIC_HUMAN_SCENARIO
FD_APP0021_INITIAL,INITIAL,EVALUATOR_DISAGREEMENT,"[{""context"":""앞선 관찰의 미확인/검증 범위"",""method"":""DIRECT_TASK"",""question"":""기존 미확인/제한을 작은 직접 과제와 검증 산출물로 확인"",""skill_id"":""M1_SKILL_02""},{""context"":""앞선 관찰의 미확인/검증 범위"",""method"":""BEHAVIORAL_INTERACTION"",""question"":""개인 행동·피드백·검증 범위를 구체적 후속 질문으로 확인"",""skill_id"":""M1_SKILL_05""}]",APP0021_FINAL_REVIEW_FOCUSED_FOLLOW_UP,APP0021,C0021,UNRESOLVED,"[""M1_SKILL_02"",""M1_SKILL_05""]",[],HOLD,"{""adverse_must"":[""M1_SKILL_02""],""decision_refs"":[""DC_APP0021_M1_SKILL_03_002915"",""DC_APP0021_M1_SKILL_01_002913"",""DC_APP0021_M1_SKILL_02_002914"",""DC_APP0021_M1_SKILL_04_002916"",""DC_APP0021_M1_SKILL_05_002917"",""DC_APP0021_M1_SKILL_06_002918"",""DC_APP0021_M1_SKILL_07_002919"",""DC_APP0021_M1_SKILL_08_002920""],""disagreement_must"":[""M1_SKILL_05""],""human_rationale"":""필수 근거·반복된 명시적 제한·남은 확인 질문을 검토한 합성 패널 판단."",""learnable_gaps"":[],""missing_must"":[],""repeated_must_limitations"":[],""review_round"":""INITIAL"",""rubric_id"":""M1_EVIDENCE_RUBRIC_V02"",""talent_profile"":""talent_profile.json"",""unresolved_must"":[""M1_SKILL_02"",""M1_SKILL_05""]}",FINAL_PANEL_01,2027-01-13T12:25:00+09:00,SYNTHETIC_HUMAN_SCENARIO
FD_APP0021_RE_REVIEW,RE_REVIEW,,,APP0021_FINAL_REVIEW_FOCUSED_FOLLOW_UP,APP0021,C0021,COVERED,[],[],PROCEED_TO_OFFER,"{""accepted_uncertainty_plan"":[],""adverse_must"":[],""decision_refs"":[""DC_APP0021_M1_SKILL_03_002923"",""DC_APP0021_M1_SKILL_01_002921"",""DC_APP0021_M1_SKILL_02_002922"",""DC_APP0021_M1_SKILL_04_002924"",""DC_APP0021_M1_SKILL_05_002925"",""DC_APP0021_M1_SKILL_06_002926"",""DC_APP0021_M1_SKILL_07_002927"",""DC_APP0021_M1_SKILL_08_002928""],""disagreement_must"":[],""human_rationale"":""추가 직접 관찰과 기존 근거를 검토했다. 남은 미관찰 자체는 탈락 사유가 아니며 업무 준비 지원으로 추적한다."",""learnable_gaps"":[],""missing_must"":[],""repeated_must_limitations"":[],""review_round"":""RE_REVIEW"",""rubric_id"":""M1_EVIDENCE_RUBRIC_V02"",""talent_profile"":""talent_profile.json"",""unresolved_must"":[]}",FINAL_PANEL_01,2027-01-21T14:20:00+09:00,SYNTHETIC_HUMAN_SCENARIO
FD_APP0045_INITIAL,INITIAL,UNRESOLVED_EVIDENCE,"[{""context"":""앞선 관찰의 미확인/검증 범위"",""method"":""DIRECT_TASK"",""question"":""기존 미확인/제한을 작은 직접 과제와 검증 산출물로 확인"",""skill_id"":""M1_SKILL_02""}]",APP0045_FINAL_REVIEW_FOCUSED_FOLLOW_UP,APP0045,C0045,UNRESOLVED,"[""M1_SKILL_02""]",[],HOLD,"{""adverse_must"":[""M1_SKILL_02""],""decision_refs"":[""DC_APP0045_M1_SKILL_03_002931"",""DC_APP0045_M1_SKILL_01_002929"",""DC_APP0045_M1_SKILL_02_002930"",""DC_APP0045_M1_SKILL_04_002932"",""DC_APP0045_M1_SKILL_05_002933"",""DC_APP0045_M1_SKILL_06_002934"",""DC_APP0045_M1_SKILL_07_002935"",""DC_APP0045_M1_SKILL_08_002936""],""disagreement_must"":[],""human_rationale"":""필수 근거·반복된 명시적 제한·남은 확인 질문을 검토한 합성 패널 판단."",""learnable_gaps"":[],""missing_must"":[],""repeated_must_limitations"":[],""review_round"":""INITIAL"",""rubric_id"":""M1_EVIDENCE_RUBRIC_V02"",""talent_profile"":""talent_profile.json"",""unresolved_must"":[""M1_SKILL_02""]}",FINAL_PANEL_01,2027-01-14T14:50:00+09:00,SYNTHETIC_HUMAN_SCENARIO
FD_APP0045_RE_REVIEW,RE_REVIEW,,,APP0045_FINAL_REVIEW_FOCUSED_FOLLOW_UP,APP0045,C0045,COVERED,[],[],PROCEED_TO_OFFER,"{""accepted_uncertainty_plan"":[],""adverse_must"":[],""decision_refs"":[""DC_APP0045_M1_SKILL_03_002939"",""DC_APP0045_M1_SKILL_01_002937"",""DC_APP0045_M1_SKILL_02_002938"",""DC_APP0045_M1_SKILL_04_002940"",""DC_APP0045_M1_SKILL_05_002941"",""DC_APP0045_M1_SKILL_06_002942"",""DC_APP0045_M1_SKILL_07_002943"",""DC_APP0045_M1_SKILL_08_002944""],""disagreement_must"":[],""human_rationale"":""추가 직접 관찰과 기존 근거를 검토했다. 남은 미관찰 자체는 탈락 사유가 아니며 업무 준비 지원으로 추적한다."",""learnable_gaps"":[],""missing_must"":[],""repeated_must_limitations"":[],""review_round"":""RE_REVIEW"",""rubric_id"":""M1_EVIDENCE_RUBRIC_V02"",""talent_profile"":""talent_profile.json"",""unresolved_must"":[]}",FINAL_PANEL_01,2027-01-22T15:40:00+09:00,SYNTHETIC_HUMAN_SCENARIO
FD_APP0006_INITIAL,INITIAL,UNRESOLVED_EVIDENCE,"[{""context"":""앞선 관찰의 미확인/검증 범위"",""method"":""DIRECT_TASK"",""question"":""기존 미확인/제한을 작은 직접 과제와 검증 산출물로 확인"",""skill_id"":""M1_SKILL_02""},{""context"":""앞선 관찰의 미확인/검증 범위"",""method"":""DIRECT_TASK"",""question"":""기존 미확인/제한을 작은 직접 과제와 검증 산출물로 확인"",""skill_id"":""M1_SKILL_03""}]",APP0006_FINAL_REVIEW_FOCUSED_FOLLOW_UP,APP0006,C0006,UNRESOLVED,"[""M1_SKILL_02"",""M1_SKILL_03""]","[""M1_SKILL_06""]",HOLD,"{""adverse_must"":[""M1_SKILL_02"",""M1_SKILL_03""],""decision_refs"":[""DC_APP0006_M1_SKILL_03_002947"",""DC_APP0006_M1_SKILL_01_002945"",""DC_APP0006_M1_SKILL_02_002946"",""DC_APP0006_M1_SKILL_04_002948"",""DC_APP0006_M1_SKILL_05_002949"",""DC_APP0006_M1_SKILL_06_002950"",""DC_APP0006_M1_SKILL_07_002951"",""DC_APP0006_M1_SKILL_08_002952""],""disagreement_must"":[],""human_rationale"":""필수 근거·반복된 명시적 제한·남은 확인 질문을 검토한 합성 패널 판단."",""learnable_gaps"":[""M1_SKILL_06""],""missing_must"":[],""repeated_must_limitations"":[],""review_round"":""INITIAL"",""rubric_id"":""M1_EVIDENCE_RUBRIC_V02"",""talent_profile"":""talent_profile.json"",""unresolved_must"":[""M1_SKILL_02"",""M1_SKILL_03""]}",FINAL_PANEL_01,2027-01-18T12:50:00+09:00,SYNTHETIC_HUMAN_SCENARIO
FD_APP0006_RE_REVIEW,RE_REVIEW,,,APP0006_FINAL_REVIEW_FOCUSED_FOLLOW_UP,APP0006,C0006,UNRESOLVED,"[""M1_SKILL_03""]","[""M1_SKILL_06""]",DO_NOT_PROCEED,"{""accepted_uncertainty_plan"":[],""adverse_must"":[""M1_SKILL_03""],""decision_refs"":[""DC_APP0006_M1_SKILL_03_002955"",""DC_APP0006_M1_SKILL_01_002953"",""DC_APP0006_M1_SKILL_02_002954"",""DC_APP0006_M1_SKILL_04_002956"",""DC_APP0006_M1_SKILL_05_002957"",""DC_APP0006_M1_SKILL_06_002958"",""DC_APP0006_M1_SKILL_07_002959"",""DC_APP0006_M1_SKILL_08_002960""],""disagreement_must"":[],""human_rationale"":""추가 검증 후에도 남은 명시적 필수 검증 제한/해석 충돌을 검토하여 이번 역할 진행을 보류하지 않고 종료한다."",""learnable_gaps"":[""M1_SKILL_06""],""missing_must"":[],""repeated_must_limitations"":[],""review_round"":""RE_REVIEW"",""rubric_id"":""M1_EVIDENCE_RUBRIC_V02"",""talent_profile"":""talent_profile.json"",""unresolved_must"":[""M1_SKILL_03""]}",FINAL_PANEL_01,2027-01-26T13:55:00+09:00,SYNTHETIC_HUMAN_SCENARIO
FD_APP0040_INITIAL,INITIAL,,,,APP0040,C0040,COVERED,[],[],PROCEED_TO_OFFER,"{""adverse_must"":[],""decision_refs"":[""DC_APP0040_M1_SKILL_03_002963"",""DC_APP0040_M1_SKILL_01_002961"",""DC_APP0040_M1_SKILL_02_002962"",""DC_APP0040_M1_SKILL_04_002964"",""DC_APP0040_M1_SKILL_05_002965"",""DC_APP0040_M1_SKILL_06_002966"",""DC_APP0040_M1_SKILL_07_002967"",""DC_APP0040_M1_SKILL_08_002968""],""disagreement_must"":[],""human_rationale"":""필수 근거·반복된 명시적 제한·남은 확인 질문을 검토한 합성 패널 판단."",""learnable_gaps"":[],""missing_must"":[],""repeated_must_limitations"":[],""review_round"":""INITIAL"",""rubric_id"":""M1_EVIDENCE_RUBRIC_V02"",""talent_profile"":""talent_profile.json"",""unresolved_must"":[]}",FINAL_PANEL_01,2027-01-19T11:50:00+09:00,SYNTHETIC_HUMAN_SCENARIO
FD_APP0025_INITIAL,INITIAL,,,,APP0025,C0025,REPEATED_LIMITATION,"[""M1_SKILL_02"",""M1_SKILL_03"",""M1_SKILL_04""]","[""M1_SKILL_06""]",DO_NOT_PROCEED,"{""adverse_must"":[""M1_SKILL_03"",""M1_SKILL_04""],""decision_refs"":[""DC_APP0025_M1_SKILL_03_002971"",""DC_APP0025_M1_SKILL_01_002969"",""DC_APP0025_M1_SKILL_02_002970"",""DC_APP0025_M1_SKILL_04_002972"",""DC_APP0025_M1_SKILL_05_002973"",""DC_APP0025_M1_SKILL_06_002974"",""DC_APP0025_M1_SKILL_07_002975"",""DC_APP0025_M1_SKILL_08_002976""],""disagreement_must"":[""M1_SKILL_03""],""human_rationale"":""필수 근거·반복된 명시적 제한·남은 확인 질문을 검토한 합성 패널 판단."",""learnable_gaps"":[""M1_SKILL_06""],""missing_must"":[""M1_SKILL_02""],""repeated_must_limitations"":[""M1_SKILL_04""],""review_round"":""INITIAL"",""rubric_id"":""M1_EVIDENCE_RUBRIC_V02"",""talent_profile"":""talent_profile.json"",""unresolved_must"":[""M1_SKILL_02"",""M1_SKILL_03"",""M1_SKILL_04""]}",FINAL_PANEL_01,2027-01-19T12:35:00+09:00,SYNTHETIC_HUMAN_SCENARIO
FD_APP0053_INITIAL,INITIAL,EVALUATOR_DISAGREEMENT,"[{""context"":""앞선 관찰의 미확인/검증 범위"",""method"":""DIRECT_TASK"",""question"":""기존 미확인/제한을 작은 직접 과제와 검증 산출물로 확인"",""skill_id"":""M1_SKILL_03""},{""context"":""앞선 관찰의 미확인/검증 범위"",""method"":""BEHAVIORAL_INTERACTION"",""question"":""개인 행동·피드백·검증 범위를 구체적 후속 질문으로 확인"",""skill_id"":""M1_SKILL_04""},{""context"":""앞선 관찰의 미확인/검증 범위"",""method"":""BEHAVIORAL_INTERACTION"",""question"":""개인 행동·피드백·검증 범위를 구체적 후속 질문으로 확인"",""skill_id"":""M1_SKILL_05""}]",APP0053_FINAL_REVIEW_FOCUSED_FOLLOW_UP,APP0053,C0053,UNRESOLVED,"[""M1_SKILL_03"",""M1_SKILL_04"",""M1_SKILL_05""]","[""M1_SKILL_06""]",HOLD,"{""adverse_must"":[],""decision_refs"":[""DC_APP0053_M1_SKILL_03_002979"",""DC_APP0053_M1_SKILL_01_002977"",""DC_APP0053_M1_SKILL_02_002978"",""DC_APP0053_M1_SKILL_04_002980"",""DC_APP0053_M1_SKILL_05_002981"",""DC_APP0053_M1_SKILL_06_002982"",""DC_APP0053_M1_SKILL_07_002983"",""DC_APP0053_M1_SKILL_08_002984""],""disagreement_must"":[""M1_SKILL_03"",""M1_SKILL_05""],""human_rationale"":""필수 근거·반복된 명시적 제한·남은 확인 질문을 검토한 합성 패널 판단."",""learnable_gaps"":[""M1_SKILL_06""],""missing_must"":[""M1_SKILL_04""],""repeated_must_limitations"":[],""review_round"":""INITIAL"",""rubric_id"":""M1_EVIDENCE_RUBRIC_V02"",""talent_profile"":""talent_profile.json"",""unresolved_must"":[""M1_SKILL_03"",""M1_SKILL_04"",""M1_SKILL_05""]}",FINAL_PANEL_01,2027-01-21T14:30:00+09:00,SYNTHETIC_HUMAN_SCENARIO
FD_APP0053_RE_REVIEW,RE_REVIEW,,,APP0053_FINAL_REVIEW_FOCUSED_FOLLOW_UP,APP0053,C0053,UNRESOLVED,"[""M1_SKILL_03"",""M1_SKILL_04""]","[""M1_SKILL_06""]",DO_NOT_PROCEED,"{""accepted_uncertainty_plan"":[],""adverse_must"":[""M1_SKILL_04""],""decision_refs"":[""DC_APP0053_M1_SKILL_03_002987"",""DC_APP0053_M1_SKILL_01_002985"",""DC_APP0053_M1_SKILL_02_002986"",""DC_APP0053_M1_SKILL_04_002988"",""DC_APP0053_M1_SKILL_05_002989"",""DC_APP0053_M1_SKILL_06_002990"",""DC_APP0053_M1_SKILL_07_002991"",""DC_APP0053_M1_SKILL_08_002992""],""disagreement_must"":[""M1_SKILL_03""],""human_rationale"":""추가 검증 후에도 남은 명시적 필수 검증 제한/해석 충돌을 검토하여 이번 역할 진행을 보류하지 않고 종료한다."",""learnable_gaps"":[""M1_SKILL_06""],""missing_must"":[],""repeated_must_limitations"":[],""review_round"":""RE_REVIEW"",""rubric_id"":""M1_EVIDENCE_RUBRIC_V02"",""talent_profile"":""talent_profile.json"",""unresolved_must"":[""M1_SKILL_03"",""M1_SKILL_04""]}",FINAL_PANEL_01,2027-01-29T15:35:00+09:00,SYNTHETIC_HUMAN_SCENARIO
FD_APP0058_INITIAL,INITIAL,EVALUATOR_DISAGREEMENT,"[{""context"":""앞선 관찰의 미확인/검증 범위"",""method"":""DIRECT_TASK"",""question"":""기존 미확인/제한을 작은 직접 과제와 검증 산출물로 확인"",""skill_id"":""M1_SKILL_03""}]",APP0058_FINAL_REVIEW_FOCUSED_FOLLOW_UP,APP0058,C0058,UNRESOLVED,"[""M1_SKILL_03""]","[""M1_SKILL_06""]",HOLD,"{""adverse_must"":[],""decision_refs"":[""DC_APP0058_M1_SKILL_03_002995"",""DC_APP0058_M1_SKILL_01_002993"",""DC_APP0058_M1_SKILL_02_002994"",""DC_APP0058_M1_SKILL_04_002996"",""DC_APP0058_M1_SKILL_05_002997"",""DC_APP0058_M1_SKILL_06_002998"",""DC_APP0058_M1_SKILL_07_002999"",""DC_APP0058_M1_SKILL_08_003000""],""disagreement_must"":[""M1_SKILL_03""],""human_rationale"":""필수 근거·반복된 명시적 제한·남은 확인 질문을 검토한 합성 패널 판단."",""learnable_gaps"":[""M1_SKILL_06""],""missing_must"":[],""repeated_must_limitations"":[],""review_round"":""INITIAL"",""rubric_id"":""M1_EVIDENCE_RUBRIC_V02"",""talent_profile"":""talent_profile.json"",""unresolved_must"":[""M1_SKILL_03""]}",FINAL_PANEL_01,2027-01-20T12:50:00+09:00,SYNTHETIC_HUMAN_SCENARIO
FD_APP0058_RE_REVIEW,RE_REVIEW,,,APP0058_FINAL_REVIEW_FOCUSED_FOLLOW_UP,APP0058,C0058,COVERED,[],"[""M1_SKILL_06""]",PROCEED_TO_OFFER,"{""accepted_uncertainty_plan"":[],""adverse_must"":[],""decision_refs"":[""DC_APP0058_M1_SKILL_03_003003"",""DC_APP0058_M1_SKILL_01_003001"",""DC_APP0058_M1_SKILL_02_003002"",""DC_APP0058_M1_SKILL_04_003004"",""DC_APP0058_M1_SKILL_05_003005"",""DC_APP0058_M1_SKILL_06_003006"",""DC_APP0058_M1_SKILL_07_003007"",""DC_APP0058_M1_SKILL_08_003008""],""disagreement_must"":[],""human_rationale"":""추가 직접 관찰과 기존 근거를 검토했다. 남은 미관찰 자체는 탈락 사유가 아니며 업무 준비 지원으로 추적한다."",""learnable_gaps"":[""M1_SKILL_06""],""missing_must"":[],""repeated_must_limitations"":[],""review_round"":""RE_REVIEW"",""rubric_id"":""M1_EVIDENCE_RUBRIC_V02"",""talent_profile"":""talent_profile.json"",""unresolved_must"":[]}",FINAL_PANEL_01,2027-01-28T13:45:00+09:00,SYNTHETIC_HUMAN_SCENARIO
FD_APP0007_INITIAL,INITIAL,,,,APP0007,C0007,COVERED,[],"[""M1_SKILL_06""]",PROCEED_TO_OFFER,"{""adverse_must"":[],""decision_refs"":[""DC_APP0007_M1_SKILL_03_003011"",""DC_APP0007_M1_SKILL_01_003009"",""DC_APP0007_M1_SKILL_02_003010"",""DC_APP0007_M1_SKILL_04_003012"",""DC_APP0007_M1_SKILL_05_003013"",""DC_APP0007_M1_SKILL_06_003014"",""DC_APP0007_M1_SKILL_07_003015"",""DC_APP0007_M1_SKILL_08_003016""],""disagreement_must"":[],""human_rationale"":""필수 근거·반복된 명시적 제한·남은 확인 질문을 검토한 합성 패널 판단."",""learnable_gaps"":[""M1_SKILL_06""],""missing_must"":[],""repeated_must_limitations"":[],""review_round"":""INITIAL"",""rubric_id"":""M1_EVIDENCE_RUBRIC_V02"",""talent_profile"":""talent_profile.json"",""unresolved_must"":[]}",FINAL_PANEL_01,2027-01-20T11:50:00+09:00,SYNTHETIC_HUMAN_SCENARIO
FD_APP0077_INITIAL,INITIAL,,,,APP0077,C0077,COVERED,[],[],PROCEED_TO_OFFER,"{""adverse_must"":[],""decision_refs"":[""DC_APP0077_M1_SKILL_03_003019"",""DC_APP0077_M1_SKILL_01_003017"",""DC_APP0077_M1_SKILL_02_003018"",""DC_APP0077_M1_SKILL_04_003020"",""DC_APP0077_M1_SKILL_05_003021"",""DC_APP0077_M1_SKILL_06_003022"",""DC_APP0077_M1_SKILL_07_003023"",""DC_APP0077_M1_SKILL_08_003024""],""disagreement_must"":[],""human_rationale"":""필수 근거·반복된 명시적 제한·남은 확인 질문을 검토한 합성 패널 판단."",""learnable_gaps"":[],""missing_must"":[],""repeated_must_limitations"":[],""review_round"":""INITIAL"",""rubric_id"":""M1_EVIDENCE_RUBRIC_V02"",""talent_profile"":""talent_profile.json"",""unresolved_must"":[]}",FINAL_PANEL_01,2027-01-19T11:55:00+09:00,SYNTHETIC_HUMAN_SCENARIO
FD_APP0046_INITIAL,INITIAL,EVALUATOR_DISAGREEMENT,"[{""context"":""앞선 관찰의 미확인/검증 범위"",""method"":""BEHAVIORAL_INTERACTION"",""question"":""개인 행동·피드백·검증 범위를 구체적 후속 질문으로 확인"",""skill_id"":""M1_SKILL_04""}]",APP0046_FINAL_REVIEW_FOCUSED_FOLLOW_UP,APP0046,C0046,UNRESOLVED,"[""M1_SKILL_04""]",[],HOLD,"{""adverse_must"":[""M1_SKILL_04""],""decision_refs"":[""DC_APP0046_M1_SKILL_03_003027"",""DC_APP0046_M1_SKILL_01_003025"",""DC_APP0046_M1_SKILL_02_003026"",""DC_APP0046_M1_SKILL_04_003028"",""DC_APP0046_M1_SKILL_05_003029"",""DC_APP0046_M1_SKILL_06_003030"",""DC_APP0046_M1_SKILL_07_003031"",""DC_APP0046_M1_SKILL_08_003032""],""disagreement_must"":[""M1_SKILL_04""],""human_rationale"":""필수 근거·반복된 명시적 제한·남은 확인 질문을 검토한 합성 패널 판단."",""learnable_gaps"":[],""missing_must"":[],""repeated_must_limitations"":[],""review_round"":""INITIAL"",""rubric_id"":""M1_EVIDENCE_RUBRIC_V02"",""talent_profile"":""talent_profile.json"",""unresolved_must"":[""M1_SKILL_04""]}",FINAL_PANEL_01,2027-01-24T11:35:00+09:00,SYNTHETIC_HUMAN_SCENARIO
FD_APP0046_RE_REVIEW,RE_REVIEW,,,APP0046_FINAL_REVIEW_FOCUSED_FOLLOW_UP,APP0046,C0046,UNRESOLVED,"[""M1_SKILL_04""]",[],DO_NOT_PROCEED,"{""accepted_uncertainty_plan"":[],""adverse_must"":[""M1_SKILL_04""],""decision_refs"":[""DC_APP0046_M1_SKILL_03_003035"",""DC_APP0046_M1_SKILL_01_003033"",""DC_APP0046_M1_SKILL_02_003034"",""DC_APP0046_M1_SKILL_04_003036"",""DC_APP0046_M1_SKILL_05_003037"",""DC_APP0046_M1_SKILL_06_003038"",""DC_APP0046_M1_SKILL_07_003039"",""DC_APP0046_M1_SKILL_08_003040""],""disagreement_must"":[""M1_SKILL_04""],""human_rationale"":""추가 검증 후에도 남은 명시적 필수 검증 제한/해석 충돌을 검토하여 이번 역할 진행을 보류하지 않고 종료한다."",""learnable_gaps"":[],""missing_must"":[],""repeated_must_limitations"":[],""review_round"":""RE_REVIEW"",""rubric_id"":""M1_EVIDENCE_RUBRIC_V02"",""talent_profile"":""talent_profile.json"",""unresolved_must"":[""M1_SKILL_04""]}",FINAL_PANEL_01,2027-02-01T12:35:00+09:00,SYNTHETIC_HUMAN_SCENARIO
FD_APP0013_INITIAL,INITIAL,EVALUATOR_DISAGREEMENT,"[{""context"":""앞선 관찰의 미확인/검증 범위"",""method"":""BEHAVIORAL_INTERACTION"",""question"":""개인 행동·피드백·검증 범위를 구체적 후속 질문으로 확인"",""skill_id"":""M1_SKILL_04""},{""context"":""앞선 관찰의 미확인/검증 범위"",""method"":""BEHAVIORAL_INTERACTION"",""question"":""개인 행동·피드백·검증 범위를 구체적 후속 질문으로 확인"",""skill_id"":""M1_SKILL_05""}]",APP0013_FINAL_REVIEW_FOCUSED_FOLLOW_UP,APP0013,C0013,UNRESOLVED,"[""M1_SKILL_04"",""M1_SKILL_05""]",[],HOLD,"{""adverse_must"":[""M1_SKILL_05""],""decision_refs"":[""DC_APP0013_M1_SKILL_03_003043"",""DC_APP0013_M1_SKILL_01_003041"",""DC_APP0013_M1_SKILL_02_003042"",""DC_APP0013_M1_SKILL_04_003044"",""DC_APP0013_M1_SKILL_05_003045"",""DC_APP0013_M1_SKILL_06_003046"",""DC_APP0013_M1_SKILL_07_003047"",""DC_APP0013_M1_SKILL_08_003048""],""disagreement_must"":[""M1_SKILL_05""],""human_rationale"":""필수 근거·반복된 명시적 제한·남은 확인 질문을 검토한 합성 패널 판단."",""learnable_gaps"":[],""missing_must"":[""M1_SKILL_04""],""repeated_must_limitations"":[],""review_round"":""INITIAL"",""rubric_id"":""M1_EVIDENCE_RUBRIC_V02"",""talent_profile"":""talent_profile.json"",""unresolved_must"":[""M1_SKILL_04"",""M1_SKILL_05""]}",FINAL_PANEL_01,2027-01-21T13:00:00+09:00,SYNTHETIC_HUMAN_SCENARIO
FD_APP0013_RE_REVIEW,RE_REVIEW,,,APP0013_FINAL_REVIEW_FOCUSED_FOLLOW_UP,APP0013,C0013,UNRESOLVED,"[""M1_SKILL_04""]",[],DO_NOT_PROCEED,"{""accepted_uncertainty_plan"":[],""adverse_must"":[""M1_SKILL_04""],""decision_refs"":[""DC_APP0013_M1_SKILL_03_003051"",""DC_APP0013_M1_SKILL_01_003049"",""DC_APP0013_M1_SKILL_02_003050"",""DC_APP0013_M1_SKILL_04_003052"",""DC_APP0013_M1_SKILL_05_003053"",""DC_APP0013_M1_SKILL_06_003054"",""DC_APP0013_M1_SKILL_07_003055"",""DC_APP0013_M1_SKILL_08_003056""],""disagreement_must"":[],""human_rationale"":""추가 검증 후에도 남은 명시적 필수 검증 제한/해석 충돌을 검토하여 이번 역할 진행을 보류하지 않고 종료한다."",""learnable_gaps"":[],""missing_must"":[],""repeated_must_limitations"":[],""review_round"":""RE_REVIEW"",""rubric_id"":""M1_EVIDENCE_RUBRIC_V02"",""talent_profile"":""talent_profile.json"",""unresolved_must"":[""M1_SKILL_04""]}",FINAL_PANEL_01,2027-01-29T13:55:00+09:00,SYNTHETIC_HUMAN_SCENARIO
FD_APP0041_INITIAL,INITIAL,,,,APP0041,C0041,REPEATED_LIMITATION,"[""M1_SKILL_03"",""M1_SKILL_05""]",[],DO_NOT_PROCEED,"{""adverse_must"":[""M1_SKILL_05""],""decision_refs"":[""DC_APP0041_M1_SKILL_03_003059"",""DC_APP0041_M1_SKILL_01_003057"",""DC_APP0041_M1_SKILL_02_003058"",""DC_APP0041_M1_SKILL_04_003060"",""DC_APP0041_M1_SKILL_05_003061"",""DC_APP0041_M1_SKILL_06_003062"",""DC_APP0041_M1_SKILL_07_003063"",""DC_APP0041_M1_SKILL_08_003064""],""disagreement_must"":[],""human_rationale"":""필수 근거·반복된 명시적 제한·남은 확인 질문을 검토한 합성 패널 판단."",""learnable_gaps"":[],""missing_must"":[""M1_SKILL_03""],""repeated_must_limitations"":[""M1_SKILL_05""],""review_round"":""INITIAL"",""rubric_id"":""M1_EVIDENCE_RUBRIC_V02"",""talent_profile"":""talent_profile.json"",""unresolved_must"":[""M1_SKILL_03"",""M1_SKILL_05""]}",FINAL_PANEL_01,2027-01-21T14:55:00+09:00,SYNTHETIC_HUMAN_SCENARIO
FD_APP0018_INITIAL,INITIAL,MISSING_EVIDENCE,"[{""context"":""앞선 관찰의 미확인/검증 범위"",""method"":""DIRECT_TASK"",""question"":""기존 미확인/제한을 작은 직접 과제와 검증 산출물로 확인"",""skill_id"":""M1_SKILL_02""}]",APP0018_FINAL_REVIEW_FOCUSED_FOLLOW_UP,APP0018,C0018,UNRESOLVED,"[""M1_SKILL_02""]","[""M1_SKILL_06""]",HOLD,"{""adverse_must"":[],""decision_refs"":[""DC_APP0018_M1_SKILL_03_003067"",""DC_APP0018_M1_SKILL_01_003065"",""DC_APP0018_M1_SKILL_02_003066"",""DC_APP0018_M1_SKILL_04_003068"",""DC_APP0018_M1_SKILL_05_003069"",""DC_APP0018_M1_SKILL_06_003070"",""DC_APP0018_M1_SKILL_07_003071"",""DC_APP0018_M1_SKILL_08_003072""],""disagreement_must"":[],""human_rationale"":""필수 근거·반복된 명시적 제한·남은 확인 질문을 검토한 합성 패널 판단."",""learnable_gaps"":[""M1_SKILL_06""],""missing_must"":[""M1_SKILL_02""],""repeated_must_limitations"":[],""review_round"":""INITIAL"",""rubric_id"":""M1_EVIDENCE_RUBRIC_V02"",""talent_profile"":""talent_profile.json"",""unresolved_must"":[""M1_SKILL_02""]}",FINAL_PANEL_01,2027-01-23T12:35:00+09:00,SYNTHETIC_HUMAN_SCENARIO
FD_APP0018_RE_REVIEW,RE_REVIEW,,,APP0018_FINAL_REVIEW_FOCUSED_FOLLOW_UP,APP0018,C0018,UNRESOLVED,"[""M1_SKILL_02""]","[""M1_SKILL_06""]",DO_NOT_PROCEED,"{""accepted_uncertainty_plan"":[],""adverse_must"":[],""decision_refs"":[""DC_APP0018_M1_SKILL_03_003075"",""DC_APP0018_M1_SKILL_01_003073"",""DC_APP0018_M1_SKILL_02_003074"",""DC_APP0018_M1_SKILL_04_003076"",""DC_APP0018_M1_SKILL_05_003077"",""DC_APP0018_M1_SKILL_06_003078"",""DC_APP0018_M1_SKILL_07_003079"",""DC_APP0018_M1_SKILL_08_003080""],""disagreement_must"":[""M1_SKILL_02""],""human_rationale"":""추가 검증 후에도 남은 명시적 필수 검증 제한/해석 충돌을 검토하여 이번 역할 진행을 보류하지 않고 종료한다."",""learnable_gaps"":[""M1_SKILL_06""],""missing_must"":[],""repeated_must_limitations"":[],""review_round"":""RE_REVIEW"",""rubric_id"":""M1_EVIDENCE_RUBRIC_V02"",""talent_profile"":""talent_profile.json"",""unresolved_must"":[""M1_SKILL_02""]}",FINAL_PANEL_01,2027-01-31T13:45:00+09:00,SYNTHETIC_HUMAN_SCENARIO
FD_APP0035_INITIAL,INITIAL,EVALUATOR_DISAGREEMENT,"[{""context"":""앞선 관찰의 미확인/검증 범위"",""method"":""BEHAVIORAL_INTERACTION"",""question"":""개인 행동·피드백·검증 범위를 구체적 후속 질문으로 확인"",""skill_id"":""M1_SKILL_04""},{""context"":""앞선 관찰의 미확인/검증 범위"",""method"":""BEHAVIORAL_INTERACTION"",""question"":""개인 행동·피드백·검증 범위를 구체적 후속 질문으로 확인"",""skill_id"":""M1_SKILL_05""}]",APP0035_FINAL_REVIEW_FOCUSED_FOLLOW_UP,APP0035,C0035,UNRESOLVED,"[""M1_SKILL_04"",""M1_SKILL_05""]",[],HOLD,"{""adverse_must"":[""M1_SKILL_04""],""decision_refs"":[""DC_APP0035_M1_SKILL_03_003083"",""DC_APP0035_M1_SKILL_01_003081"",""DC_APP0035_M1_SKILL_02_003082"",""DC_APP0035_M1_SKILL_04_003084"",""DC_APP0035_M1_SKILL_05_003085"",""DC_APP0035_M1_SKILL_06_003086"",""DC_APP0035_M1_SKILL_07_003087"",""DC_APP0035_M1_SKILL_08_003088""],""disagreement_must"":[""M1_SKILL_05""],""human_rationale"":""필수 근거·반복된 명시적 제한·남은 확인 질문을 검토한 합성 패널 판단."",""learnable_gaps"":[],""missing_must"":[],""repeated_must_limitations"":[],""review_round"":""INITIAL"",""rubric_id"":""M1_EVIDENCE_RUBRIC_V02"",""talent_profile"":""talent_profile.json"",""unresolved_must"":[""M1_SKILL_04"",""M1_SKILL_05""]}",FINAL_PANEL_01,2027-01-23T15:20:00+09:00,SYNTHETIC_HUMAN_SCENARIO
FD_APP0035_RE_REVIEW,RE_REVIEW,,,APP0035_FINAL_REVIEW_FOCUSED_FOLLOW_UP,APP0035,C0035,UNRESOLVED,"[""M1_SKILL_04"",""M1_SKILL_05""]",[],DO_NOT_PROCEED,"{""accepted_uncertainty_plan"":[],""adverse_must"":[""M1_SKILL_04""],""decision_refs"":[""DC_APP0035_M1_SKILL_03_003091"",""DC_APP0035_M1_SKILL_01_003089"",""DC_APP0035_M1_SKILL_02_003090"",""DC_APP0035_M1_SKILL_04_003092"",""DC_APP0035_M1_SKILL_05_003093"",""DC_APP0035_M1_SKILL_06_003094"",""DC_APP0035_M1_SKILL_07_003095"",""DC_APP0035_M1_SKILL_08_003096""],""disagreement_must"":[""M1_SKILL_05""],""human_rationale"":""추가 검증 후에도 남은 명시적 필수 검증 제한/해석 충돌을 검토하여 이번 역할 진행을 보류하지 않고 종료한다."",""learnable_gaps"":[],""missing_must"":[],""repeated_must_limitations"":[],""review_round"":""RE_REVIEW"",""rubric_id"":""M1_EVIDENCE_RUBRIC_V02"",""talent_profile"":""talent_profile.json"",""unresolved_must"":[""M1_SKILL_04"",""M1_SKILL_05""]}",FINAL_PANEL_01,2027-01-31T16:20:00+09:00,SYNTHETIC_HUMAN_SCENARIO
FD_APP0049_INITIAL,INITIAL,UNRESOLVED_EVIDENCE,"[{""context"":""앞선 관찰의 미확인/검증 범위"",""method"":""BEHAVIORAL_INTERACTION"",""question"":""개인 행동·피드백·검증 범위를 구체적 후속 질문으로 확인"",""skill_id"":""M1_SKILL_04""}]",APP0049_FINAL_REVIEW_FOCUSED_FOLLOW_UP,APP0049,C0049,UNRESOLVED,"[""M1_SKILL_04""]",[],HOLD,"{""adverse_must"":[""M1_SKILL_04""],""decision_refs"":[""DC_APP0049_M1_SKILL_03_003099"",""DC_APP0049_M1_SKILL_01_003097"",""DC_APP0049_M1_SKILL_02_003098"",""DC_APP0049_M1_SKILL_04_003100"",""DC_APP0049_M1_SKILL_05_003101"",""DC_APP0049_M1_SKILL_06_003102"",""DC_APP0049_M1_SKILL_07_003103"",""DC_APP0049_M1_SKILL_08_003104""],""disagreement_must"":[],""human_rationale"":""필수 근거·반복된 명시적 제한·남은 확인 질문을 검토한 합성 패널 판단."",""learnable_gaps"":[],""missing_must"":[],""repeated_must_limitations"":[],""review_round"":""INITIAL"",""rubric_id"":""M1_EVIDENCE_RUBRIC_V02"",""talent_profile"":""talent_profile.json"",""unresolved_must"":[""M1_SKILL_04""]}",FINAL_PANEL_01,2027-01-27T15:35:00+09:00,SYNTHETIC_HUMAN_SCENARIO
FD_APP0049_RE_REVIEW,RE_REVIEW,,,APP0049_FINAL_REVIEW_FOCUSED_FOLLOW_UP,APP0049,C0049,UNRESOLVED,"[""M1_SKILL_04""]",[],DO_NOT_PROCEED,"{""accepted_uncertainty_plan"":[],""adverse_must"":[""M1_SKILL_04""],""decision_refs"":[""DC_APP0049_M1_SKILL_03_003107"",""DC_APP0049_M1_SKILL_01_003105"",""DC_APP0049_M1_SKILL_02_003106"",""DC_APP0049_M1_SKILL_04_003108"",""DC_APP0049_M1_SKILL_05_003109"",""DC_APP0049_M1_SKILL_06_003110"",""DC_APP0049_M1_SKILL_07_003111"",""DC_APP0049_M1_SKILL_08_003112""],""disagreement_must"":[],""human_rationale"":""추가 검증 후에도 남은 명시적 필수 검증 제한/해석 충돌을 검토하여 이번 역할 진행을 보류하지 않고 종료한다."",""learnable_gaps"":[],""missing_must"":[],""repeated_must_limitations"":[],""review_round"":""RE_REVIEW"",""rubric_id"":""M1_EVIDENCE_RUBRIC_V02"",""talent_profile"":""talent_profile.json"",""unresolved_must"":[""M1_SKILL_04""]}",FINAL_PANEL_01,2027-02-04T16:25:00+09:00,SYNTHETIC_HUMAN_SCENARIO
FD_APP0050_INITIAL,INITIAL,,,,APP0050,C0050,COVERED,[],[],PROCEED_TO_OFFER,"{""adverse_must"":[],""decision_refs"":[""DC_APP0050_M1_SKILL_03_003115"",""DC_APP0050_M1_SKILL_01_003113"",""DC_APP0050_M1_SKILL_02_003114"",""DC_APP0050_M1_SKILL_04_003116"",""DC_APP0050_M1_SKILL_05_003117"",""DC_APP0050_M1_SKILL_06_003118"",""DC_APP0050_M1_SKILL_07_003119"",""DC_APP0050_M1_SKILL_08_003120""],""disagreement_must"":[],""human_rationale"":""필수 근거·반복된 명시적 제한·남은 확인 질문을 검토한 합성 패널 판단."",""learnable_gaps"":[],""missing_must"":[],""repeated_must_limitations"":[],""review_round"":""INITIAL"",""rubric_id"":""M1_EVIDENCE_RUBRIC_V02"",""talent_profile"":""talent_profile.json"",""unresolved_must"":[]}",FINAL_PANEL_01,2027-01-20T13:00:00+09:00,SYNTHETIC_HUMAN_SCENARIO
FD_APP0061_INITIAL,INITIAL,EVALUATOR_DISAGREEMENT,"[{""context"":""앞선 관찰의 미확인/검증 범위"",""method"":""DIRECT_TASK"",""question"":""기존 미확인/제한을 작은 직접 과제와 검증 산출물로 확인"",""skill_id"":""M1_SKILL_02""},{""context"":""앞선 관찰의 미확인/검증 범위"",""method"":""DIRECT_TASK"",""question"":""기존 미확인/제한을 작은 직접 과제와 검증 산출물로 확인"",""skill_id"":""M1_SKILL_03""}]",APP0061_FINAL_REVIEW_FOCUSED_FOLLOW_UP,APP0061,C0061,UNRESOLVED,"[""M1_SKILL_02"",""M1_SKILL_03""]",[],HOLD,"{""adverse_must"":[],""decision_refs"":[""DC_APP0061_M1_SKILL_03_003123"",""DC_APP0061_M1_SKILL_01_003121"",""DC_APP0061_M1_SKILL_02_003122"",""DC_APP0061_M1_SKILL_04_003124"",""DC_APP0061_M1_SKILL_05_003125"",""DC_APP0061_M1_SKILL_06_003126"",""DC_APP0061_M1_SKILL_07_003127"",""DC_APP0061_M1_SKILL_08_003128""],""disagreement_must"":[""M1_SKILL_02"",""M1_SKILL_03""],""human_rationale"":""필수 근거·반복된 명시적 제한·남은 확인 질문을 검토한 합성 패널 판단."",""learnable_gaps"":[],""missing_must"":[],""repeated_must_limitations"":[],""review_round"":""INITIAL"",""rubric_id"":""M1_EVIDENCE_RUBRIC_V02"",""talent_profile"":""talent_profile.json"",""unresolved_must"":[""M1_SKILL_02"",""M1_SKILL_03""]}",FINAL_PANEL_01,2027-01-22T13:25:00+09:00,SYNTHETIC_HUMAN_SCENARIO
FD_APP0061_RE_REVIEW,RE_REVIEW,,,APP0061_FINAL_REVIEW_FOCUSED_FOLLOW_UP,APP0061,C0061,COVERED,[],[],PROCEED_TO_OFFER,"{""accepted_uncertainty_plan"":[],""adverse_must"":[],""decision_refs"":[""DC_APP0061_M1_SKILL_03_003131"",""DC_APP0061_M1_SKILL_01_003129"",""DC_APP0061_M1_SKILL_02_003130"",""DC_APP0061_M1_SKILL_04_003132"",""DC_APP0061_M1_SKILL_05_003133"",""DC_APP0061_M1_SKILL_06_003134"",""DC_APP0061_M1_SKILL_07_003135"",""DC_APP0061_M1_SKILL_08_003136""],""disagreement_must"":[],""human_rationale"":""추가 직접 관찰과 기존 근거를 검토했다. 남은 미관찰 자체는 탈락 사유가 아니며 업무 준비 지원으로 추적한다."",""learnable_gaps"":[],""missing_must"":[],""repeated_must_limitations"":[],""review_round"":""RE_REVIEW"",""rubric_id"":""M1_EVIDENCE_RUBRIC_V02"",""talent_profile"":""talent_profile.json"",""unresolved_must"":[]}",FINAL_PANEL_01,2027-01-30T14:15:00+09:00,SYNTHETIC_HUMAN_SCENARIO
FD_APP0064_INITIAL,INITIAL,UNRESOLVED_EVIDENCE,"[{""context"":""앞선 관찰의 미확인/검증 범위"",""method"":""DIRECT_TASK"",""question"":""기존 미확인/제한을 작은 직접 과제와 검증 산출물로 확인"",""skill_id"":""M1_SKILL_03""}]",APP0064_FINAL_REVIEW_FOCUSED_FOLLOW_UP,APP0064,C0064,UNRESOLVED,"[""M1_SKILL_03""]",[],HOLD,"{""adverse_must"":[""M1_SKILL_03""],""decision_refs"":[""DC_APP0064_M1_SKILL_03_003139"",""DC_APP0064_M1_SKILL_01_003137"",""DC_APP0064_M1_SKILL_02_003138"",""DC_APP0064_M1_SKILL_04_003140"",""DC_APP0064_M1_SKILL_05_003141"",""DC_APP0064_M1_SKILL_06_003142"",""DC_APP0064_M1_SKILL_07_003143"",""DC_APP0064_M1_SKILL_08_003144""],""disagreement_must"":[],""human_rationale"":""필수 근거·반복된 명시적 제한·남은 확인 질문을 검토한 합성 패널 판단."",""learnable_gaps"":[],""missing_must"":[],""repeated_must_limitations"":[],""review_round"":""INITIAL"",""rubric_id"":""M1_EVIDENCE_RUBRIC_V02"",""talent_profile"":""talent_profile.json"",""unresolved_must"":[""M1_SKILL_03""]}",FINAL_PANEL_01,2027-01-22T12:50:00+09:00,SYNTHETIC_HUMAN_SCENARIO
FD_APP0064_RE_REVIEW,RE_REVIEW,,,APP0064_FINAL_REVIEW_FOCUSED_FOLLOW_UP,APP0064,C0064,REPEATED_LIMITATION,"[""M1_SKILL_03""]",[],DO_NOT_PROCEED,"{""accepted_uncertainty_plan"":[],""adverse_must"":[""M1_SKILL_03""],""decision_refs"":[""DC_APP0064_M1_SKILL_03_003147"",""DC_APP0064_M1_SKILL_01_003145"",""DC_APP0064_M1_SKILL_02_003146"",""DC_APP0064_M1_SKILL_04_003148"",""DC_APP0064_M1_SKILL_05_003149"",""DC_APP0064_M1_SKILL_06_003150"",""DC_APP0064_M1_SKILL_07_003151"",""DC_APP0064_M1_SKILL_08_003152""],""disagreement_must"":[],""human_rationale"":""추가 검증 후에도 남은 명시적 필수 검증 제한/해석 충돌을 검토하여 이번 역할 진행을 보류하지 않고 종료한다."",""learnable_gaps"":[],""missing_must"":[],""repeated_must_limitations"":[""M1_SKILL_03""],""review_round"":""RE_REVIEW"",""rubric_id"":""M1_EVIDENCE_RUBRIC_V02"",""talent_profile"":""talent_profile.json"",""unresolved_must"":[""M1_SKILL_03""]}",FINAL_PANEL_01,2027-01-30T15:10:00+09:00,SYNTHETIC_HUMAN_SCENARIO
FD_APP0090_INITIAL,INITIAL,UNRESOLVED_EVIDENCE,"[{""context"":""앞선 관찰의 미확인/검증 범위"",""method"":""DIRECT_TASK"",""question"":""기존 미확인/제한을 작은 직접 과제와 검증 산출물로 확인"",""skill_id"":""M1_SKILL_02""}]",APP0090_FINAL_REVIEW_FOCUSED_FOLLOW_UP,APP0090,C0090,UNRESOLVED,"[""M1_SKILL_02""]",[],HOLD,"{""adverse_must"":[""M1_SKILL_02""],""decision_refs"":[""DC_APP0090_M1_SKILL_03_003155"",""DC_APP0090_M1_SKILL_01_003153"",""DC_APP0090_M1_SKILL_02_003154"",""DC_APP0090_M1_SKILL_04_003156"",""DC_APP0090_M1_SKILL_05_003157"",""DC_APP0090_M1_SKILL_06_003158"",""DC_APP0090_M1_SKILL_07_003159"",""DC_APP0090_M1_SKILL_08_003160""],""disagreement_must"":[],""human_rationale"":""필수 근거·반복된 명시적 제한·남은 확인 질문을 검토한 합성 패널 판단."",""learnable_gaps"":[],""missing_must"":[],""repeated_must_limitations"":[],""review_round"":""INITIAL"",""rubric_id"":""M1_EVIDENCE_RUBRIC_V02"",""talent_profile"":""talent_profile.json"",""unresolved_must"":[""M1_SKILL_02""]}",FINAL_PANEL_01,2027-01-21T14:00:00+09:00,SYNTHETIC_HUMAN_SCENARIO
FD_APP0090_RE_REVIEW,RE_REVIEW,,,APP0090_FINAL_REVIEW_FOCUSED_FOLLOW_UP,APP0090,C0090,REPEATED_LIMITATION,"[""M1_SKILL_02""]",[],DO_NOT_PROCEED,"{""accepted_uncertainty_plan"":[],""adverse_must"":[""M1_SKILL_02""],""decision_refs"":[""DC_APP0090_M1_SKILL_03_003163"",""DC_APP0090_M1_SKILL_01_003161"",""DC_APP0090_M1_SKILL_02_003162"",""DC_APP0090_M1_SKILL_04_003164"",""DC_APP0090_M1_SKILL_05_003165"",""DC_APP0090_M1_SKILL_06_003166"",""DC_APP0090_M1_SKILL_07_003167"",""DC_APP0090_M1_SKILL_08_003168""],""disagreement_must"":[],""human_rationale"":""추가 검증 후에도 남은 명시적 필수 검증 제한/해석 충돌을 검토하여 이번 역할 진행을 보류하지 않고 종료한다."",""learnable_gaps"":[],""missing_must"":[],""repeated_must_limitations"":[""M1_SKILL_02""],""review_round"":""RE_REVIEW"",""rubric_id"":""M1_EVIDENCE_RUBRIC_V02"",""talent_profile"":""talent_profile.json"",""unresolved_must"":[""M1_SKILL_02""]}",FINAL_PANEL_01,2027-01-29T15:55:00+09:00,SYNTHETIC_HUMAN_SCENARIO
FD_APP0051_INITIAL,INITIAL,EVALUATOR_DISAGREEMENT,"[{""context"":""앞선 관찰의 미확인/검증 범위"",""method"":""DIRECT_TASK"",""question"":""기존 미확인/제한을 작은 직접 과제와 검증 산출물로 확인"",""skill_id"":""M1_SKILL_02""}]",APP0051_FINAL_REVIEW_FOCUSED_FOLLOW_UP,APP0051,C0051,UNRESOLVED,"[""M1_SKILL_02""]",[],HOLD,"{""adverse_must"":[],""decision_refs"":[""DC_APP0051_M1_SKILL_03_003171"",""DC_APP0051_M1_SKILL_01_003169"",""DC_APP0051_M1_SKILL_02_003170"",""DC_APP0051_M1_SKILL_04_003172"",""DC_APP0051_M1_SKILL_05_003173"",""DC_APP0051_M1_SKILL_06_003174"",""DC_APP0051_M1_SKILL_07_003175"",""DC_APP0051_M1_SKILL_08_003176""],""disagreement_must"":[""M1_SKILL_02""],""human_rationale"":""필수 근거·반복된 명시적 제한·남은 확인 질문을 검토한 합성 패널 판단."",""learnable_gaps"":[],""missing_must"":[],""repeated_must_limitations"":[],""review_round"":""INITIAL"",""rubric_id"":""M1_EVIDENCE_RUBRIC_V02"",""talent_profile"":""talent_profile.json"",""unresolved_must"":[""M1_SKILL_02""]}",FINAL_PANEL_01,2027-01-26T11:50:00+09:00,SYNTHETIC_HUMAN_SCENARIO
FD_APP0051_RE_REVIEW,RE_REVIEW,,,APP0051_FINAL_REVIEW_FOCUSED_FOLLOW_UP,APP0051,C0051,UNRESOLVED,"[""M1_SKILL_02""]",[],DO_NOT_PROCEED,"{""accepted_uncertainty_plan"":[],""adverse_must"":[""M1_SKILL_02""],""decision_refs"":[""DC_APP0051_M1_SKILL_03_003179"",""DC_APP0051_M1_SKILL_01_003177"",""DC_APP0051_M1_SKILL_02_003178"",""DC_APP0051_M1_SKILL_04_003180"",""DC_APP0051_M1_SKILL_05_003181"",""DC_APP0051_M1_SKILL_06_003182"",""DC_APP0051_M1_SKILL_07_003183"",""DC_APP0051_M1_SKILL_08_003184""],""disagreement_must"":[""M1_SKILL_02""],""human_rationale"":""추가 검증 후에도 남은 명시적 필수 검증 제한/해석 충돌을 검토하여 이번 역할 진행을 보류하지 않고 종료한다."",""learnable_gaps"":[],""missing_must"":[],""repeated_must_limitations"":[],""review_round"":""RE_REVIEW"",""rubric_id"":""M1_EVIDENCE_RUBRIC_V02"",""talent_profile"":""talent_profile.json"",""unresolved_must"":[""M1_SKILL_02""]}",FINAL_PANEL_01,2027-02-03T13:05:00+09:00,SYNTHETIC_HUMAN_SCENARIO
FD_APP0048_INITIAL,INITIAL,EVALUATOR_DISAGREEMENT,"[{""context"":""앞선 관찰의 미확인/검증 범위"",""method"":""DIRECT_TASK"",""question"":""기존 미확인/제한을 작은 직접 과제와 검증 산출물로 확인"",""skill_id"":""M1_SKILL_01""},{""context"":""앞선 관찰의 미확인/검증 범위"",""method"":""DIRECT_TASK"",""question"":""기존 미확인/제한을 작은 직접 과제와 검증 산출물로 확인"",""skill_id"":""M1_SKILL_02""},{""context"":""앞선 관찰의 미확인/검증 범위"",""method"":""BEHAVIORAL_INTERACTION"",""question"":""개인 행동·피드백·검증 범위를 구체적 후속 질문으로 확인"",""skill_id"":""M1_SKILL_05""}]",APP0048_FINAL_REVIEW_FOCUSED_FOLLOW_UP,APP0048,C0048,UNRESOLVED,"[""M1_SKILL_01"",""M1_SKILL_02"",""M1_SKILL_05""]",[],HOLD,"{""adverse_must"":[""M1_SKILL_02""],""decision_refs"":[""DC_APP0048_M1_SKILL_03_003187"",""DC_APP0048_M1_SKILL_01_003185"",""DC_APP0048_M1_SKILL_02_003186"",""DC_APP0048_M1_SKILL_04_003188"",""DC_APP0048_M1_SKILL_05_003189"",""DC_APP0048_M1_SKILL_06_003190"",""DC_APP0048_M1_SKILL_07_003191"",""DC_APP0048_M1_SKILL_08_003192""],""disagreement_must"":[""M1_SKILL_01"",""M1_SKILL_05""],""human_rationale"":""필수 근거·반복된 명시적 제한·남은 확인 질문을 검토한 합성 패널 판단."",""learnable_gaps"":[],""missing_must"":[],""repeated_must_limitations"":[],""review_round"":""INITIAL"",""rubric_id"":""M1_EVIDENCE_RUBRIC_V02"",""talent_profile"":""talent_profile.json"",""unresolved_must"":[""M1_SKILL_01"",""M1_SKILL_02"",""M1_SKILL_05""]}",FINAL_PANEL_01,2027-01-23T14:45:00+09:00,SYNTHETIC_HUMAN_SCENARIO
FD_APP0048_RE_REVIEW,RE_REVIEW,,,APP0048_FINAL_REVIEW_FOCUSED_FOLLOW_UP,APP0048,C0048,COVERED,[],[],PROCEED_TO_OFFER,"{""accepted_uncertainty_plan"":[],""adverse_must"":[],""decision_refs"":[""DC_APP0048_M1_SKILL_03_003195"",""DC_APP0048_M1_SKILL_01_003193"",""DC_APP0048_M1_SKILL_02_003194"",""DC_APP0048_M1_SKILL_04_003196"",""DC_APP0048_M1_SKILL_05_003197"",""DC_APP0048_M1_SKILL_06_003198"",""DC_APP0048_M1_SKILL_07_003199"",""DC_APP0048_M1_SKILL_08_003200""],""disagreement_must"":[],""human_rationale"":""추가 직접 관찰과 기존 근거를 검토했다. 남은 미관찰 자체는 탈락 사유가 아니며 업무 준비 지원으로 추적한다."",""learnable_gaps"":[],""missing_must"":[],""repeated_must_limitations"":[],""review_round"":""RE_REVIEW"",""rubric_id"":""M1_EVIDENCE_RUBRIC_V02"",""talent_profile"":""talent_profile.json"",""unresolved_must"":[]}",FINAL_PANEL_01,2027-01-31T16:40:00+09:00,SYNTHETIC_HUMAN_SCENARIO
FD_APP0070_INITIAL,INITIAL,,,,APP0070,C0070,COVERED,[],"[""M1_SKILL_06""]",PROCEED_TO_OFFER,"{""adverse_must"":[],""decision_refs"":[""DC_APP0070_M1_SKILL_03_003203"",""DC_APP0070_M1_SKILL_01_003201"",""DC_APP0070_M1_SKILL_02_003202"",""DC_APP0070_M1_SKILL_04_003204"",""DC_APP0070_M1_SKILL_05_003205"",""DC_APP0070_M1_SKILL_06_003206"",""DC_APP0070_M1_SKILL_07_003207"",""DC_APP0070_M1_SKILL_08_003208""],""disagreement_must"":[],""human_rationale"":""필수 근거·반복된 명시적 제한·남은 확인 질문을 검토한 합성 패널 판단."",""learnable_gaps"":[""M1_SKILL_06""],""missing_must"":[],""repeated_must_limitations"":[],""review_round"":""INITIAL"",""rubric_id"":""M1_EVIDENCE_RUBRIC_V02"",""talent_profile"":""talent_profile.json"",""unresolved_must"":[]}",FINAL_PANEL_01,2027-01-29T12:15:00+09:00,SYNTHETIC_HUMAN_SCENARIO
FD_APP0076_INITIAL,INITIAL,EVALUATOR_DISAGREEMENT,"[{""context"":""앞선 관찰의 미확인/검증 범위"",""method"":""DIRECT_TASK"",""question"":""기존 미확인/제한을 작은 직접 과제와 검증 산출물로 확인"",""skill_id"":""M1_SKILL_02""}]",APP0076_FINAL_REVIEW_FOCUSED_FOLLOW_UP,APP0076,C0076,UNRESOLVED,"[""M1_SKILL_02""]",[],HOLD,"{""adverse_must"":[],""decision_refs"":[""DC_APP0076_M1_SKILL_03_003211"",""DC_APP0076_M1_SKILL_01_003209"",""DC_APP0076_M1_SKILL_02_003210"",""DC_APP0076_M1_SKILL_04_003212"",""DC_APP0076_M1_SKILL_05_003213"",""DC_APP0076_M1_SKILL_06_003214"",""DC_APP0076_M1_SKILL_07_003215"",""DC_APP0076_M1_SKILL_08_003216""],""disagreement_must"":[""M1_SKILL_02""],""human_rationale"":""필수 근거·반복된 명시적 제한·남은 확인 질문을 검토한 합성 패널 판단."",""learnable_gaps"":[],""missing_must"":[],""repeated_must_limitations"":[],""review_round"":""INITIAL"",""rubric_id"":""M1_EVIDENCE_RUBRIC_V02"",""talent_profile"":""talent_profile.json"",""unresolved_must"":[""M1_SKILL_02""]}",FINAL_PANEL_01,2027-01-23T13:15:00+09:00,SYNTHETIC_HUMAN_SCENARIO
FD_APP0076_RE_REVIEW,RE_REVIEW,,,APP0076_FINAL_REVIEW_FOCUSED_FOLLOW_UP,APP0076,C0076,COVERED,[],[],PROCEED_TO_OFFER,"{""accepted_uncertainty_plan"":[],""adverse_must"":[],""decision_refs"":[""DC_APP0076_M1_SKILL_03_003219"",""DC_APP0076_M1_SKILL_01_003217"",""DC_APP0076_M1_SKILL_02_003218"",""DC_APP0076_M1_SKILL_04_003220"",""DC_APP0076_M1_SKILL_05_003221"",""DC_APP0076_M1_SKILL_06_003222"",""DC_APP0076_M1_SKILL_07_003223"",""DC_APP0076_M1_SKILL_08_003224""],""disagreement_must"":[],""human_rationale"":""추가 직접 관찰과 기존 근거를 검토했다. 남은 미관찰 자체는 탈락 사유가 아니며 업무 준비 지원으로 추적한다."",""learnable_gaps"":[],""missing_must"":[],""repeated_must_limitations"":[],""review_round"":""RE_REVIEW"",""rubric_id"":""M1_EVIDENCE_RUBRIC_V02"",""talent_profile"":""talent_profile.json"",""unresolved_must"":[]}",FINAL_PANEL_01,2027-01-31T17:00:00+09:00,SYNTHETIC_HUMAN_SCENARIO
FD_APP0063_INITIAL,INITIAL,EVALUATOR_DISAGREEMENT,"[{""context"":""앞선 관찰의 미확인/검증 범위"",""method"":""DIRECT_TASK"",""question"":""기존 미확인/제한을 작은 직접 과제와 검증 산출물로 확인"",""skill_id"":""M1_SKILL_02""},{""context"":""앞선 관찰의 미확인/검증 범위"",""method"":""DIRECT_TASK"",""question"":""기존 미확인/제한을 작은 직접 과제와 검증 산출물로 확인"",""skill_id"":""M1_SKILL_03""}]",APP0063_FINAL_REVIEW_FOCUSED_FOLLOW_UP,APP0063,C0063,UNRESOLVED,"[""M1_SKILL_02"",""M1_SKILL_03""]",[],HOLD,"{""adverse_must"":[""M1_SKILL_03""],""decision_refs"":[""DC_APP0063_M1_SKILL_03_003227"",""DC_APP0063_M1_SKILL_01_003225"",""DC_APP0063_M1_SKILL_02_003226"",""DC_APP0063_M1_SKILL_04_003228"",""DC_APP0063_M1_SKILL_05_003229"",""DC_APP0063_M1_SKILL_06_003230"",""DC_APP0063_M1_SKILL_07_003231"",""DC_APP0063_M1_SKILL_08_003232""],""disagreement_must"":[""M1_SKILL_02""],""human_rationale"":""필수 근거·반복된 명시적 제한·남은 확인 질문을 검토한 합성 패널 판단."",""learnable_gaps"":[],""missing_must"":[],""repeated_must_limitations"":[],""review_round"":""INITIAL"",""rubric_id"":""M1_EVIDENCE_RUBRIC_V02"",""talent_profile"":""talent_profile.json"",""unresolved_must"":[""M1_SKILL_02"",""M1_SKILL_03""]}",FINAL_PANEL_01,2027-01-26T14:00:00+09:00,SYNTHETIC_HUMAN_SCENARIO
FD_APP0063_RE_REVIEW,RE_REVIEW,,,APP0063_FINAL_REVIEW_FOCUSED_FOLLOW_UP,APP0063,C0063,UNRESOLVED,"[""M1_SKILL_02""]",[],DO_NOT_PROCEED,"{""accepted_uncertainty_plan"":[],""adverse_must"":[],""decision_refs"":[""DC_APP0063_M1_SKILL_03_003235"",""DC_APP0063_M1_SKILL_01_003233"",""DC_APP0063_M1_SKILL_02_003234"",""DC_APP0063_M1_SKILL_04_003236"",""DC_APP0063_M1_SKILL_05_003237"",""DC_APP0063_M1_SKILL_06_003238"",""DC_APP0063_M1_SKILL_07_003239"",""DC_APP0063_M1_SKILL_08_003240""],""disagreement_must"":[""M1_SKILL_02""],""human_rationale"":""추가 검증 후에도 남은 명시적 필수 검증 제한/해석 충돌을 검토하여 이번 역할 진행을 보류하지 않고 종료한다."",""learnable_gaps"":[],""missing_must"":[],""repeated_must_limitations"":[],""review_round"":""RE_REVIEW"",""rubric_id"":""M1_EVIDENCE_RUBRIC_V02"",""talent_profile"":""talent_profile.json"",""unresolved_must"":[""M1_SKILL_02""]}",FINAL_PANEL_01,2027-02-03T15:10:00+09:00,SYNTHETIC_HUMAN_SCENARIO
FD_APP0128_INITIAL,INITIAL,EVALUATOR_DISAGREEMENT,"[{""context"":""앞선 관찰의 미확인/검증 범위"",""method"":""DIRECT_TASK"",""question"":""기존 미확인/제한을 작은 직접 과제와 검증 산출물로 확인"",""skill_id"":""M1_SKILL_01""},{""context"":""앞선 관찰의 미확인/검증 범위"",""method"":""DIRECT_TASK"",""question"":""기존 미확인/제한을 작은 직접 과제와 검증 산출물로 확인"",""skill_id"":""M1_SKILL_02""}]",APP0128_FINAL_REVIEW_FOCUSED_FOLLOW_UP,APP0128,C0128,UNRESOLVED,"[""M1_SKILL_01"",""M1_SKILL_02""]","[""M1_SKILL_06""]",HOLD,"{""adverse_must"":[""M1_SKILL_01""],""decision_refs"":[""DC_APP0128_M1_SKILL_03_003243"",""DC_APP0128_M1_SKILL_01_003241"",""DC_APP0128_M1_SKILL_02_003242"",""DC_APP0128_M1_SKILL_04_003244"",""DC_APP0128_M1_SKILL_05_003245"",""DC_APP0128_M1_SKILL_06_003246"",""DC_APP0128_M1_SKILL_07_003247"",""DC_APP0128_M1_SKILL_08_003248""],""disagreement_must"":[""M1_SKILL_02""],""human_rationale"":""필수 근거·반복된 명시적 제한·남은 확인 질문을 검토한 합성 패널 판단."",""learnable_gaps"":[""M1_SKILL_06""],""missing_must"":[],""repeated_must_limitations"":[],""review_round"":""INITIAL"",""rubric_id"":""M1_EVIDENCE_RUBRIC_V02"",""talent_profile"":""talent_profile.json"",""unresolved_must"":[""M1_SKILL_01"",""M1_SKILL_02""]}",FINAL_PANEL_01,2027-01-23T14:10:00+09:00,SYNTHETIC_HUMAN_SCENARIO
FD_APP0128_RE_REVIEW,RE_REVIEW,,,APP0128_FINAL_REVIEW_FOCUSED_FOLLOW_UP,APP0128,C0128,COVERED,[],"[""M1_SKILL_06""]",PROCEED_TO_OFFER,"{""accepted_uncertainty_plan"":[],""adverse_must"":[],""decision_refs"":[""DC_APP0128_M1_SKILL_03_003251"",""DC_APP0128_M1_SKILL_01_003249"",""DC_APP0128_M1_SKILL_02_003250"",""DC_APP0128_M1_SKILL_04_003252"",""DC_APP0128_M1_SKILL_05_003253"",""DC_APP0128_M1_SKILL_06_003254"",""DC_APP0128_M1_SKILL_07_003255"",""DC_APP0128_M1_SKILL_08_003256""],""disagreement_must"":[],""human_rationale"":""추가 직접 관찰과 기존 근거를 검토했다. 남은 미관찰 자체는 탈락 사유가 아니며 업무 준비 지원으로 추적한다."",""learnable_gaps"":[""M1_SKILL_06""],""missing_must"":[],""repeated_must_limitations"":[],""review_round"":""RE_REVIEW"",""rubric_id"":""M1_EVIDENCE_RUBRIC_V02"",""talent_profile"":""talent_profile.json"",""unresolved_must"":[]}",FINAL_PANEL_01,2027-01-31T17:45:00+09:00,SYNTHETIC_HUMAN_SCENARIO
FD_APP0101_INITIAL,INITIAL,MISSING_EVIDENCE,"[{""context"":""앞선 관찰의 미확인/검증 범위"",""method"":""DIRECT_TASK"",""question"":""기존 미확인/제한을 작은 직접 과제와 검증 산출물로 확인"",""skill_id"":""M1_SKILL_02""}]",APP0101_FINAL_REVIEW_FOCUSED_FOLLOW_UP,APP0101,C0101,UNRESOLVED,"[""M1_SKILL_02""]",[],HOLD,"{""adverse_must"":[],""decision_refs"":[""DC_APP0101_M1_SKILL_03_003259"",""DC_APP0101_M1_SKILL_01_003257"",""DC_APP0101_M1_SKILL_02_003258"",""DC_APP0101_M1_SKILL_04_003260"",""DC_APP0101_M1_SKILL_05_003261"",""DC_APP0101_M1_SKILL_06_003262"",""DC_APP0101_M1_SKILL_07_003263"",""DC_APP0101_M1_SKILL_08_003264""],""disagreement_must"":[],""human_rationale"":""필수 근거·반복된 명시적 제한·남은 확인 질문을 검토한 합성 패널 판단."",""learnable_gaps"":[],""missing_must"":[""M1_SKILL_02""],""repeated_must_limitations"":[],""review_round"":""INITIAL"",""rubric_id"":""M1_EVIDENCE_RUBRIC_V02"",""talent_profile"":""talent_profile.json"",""unresolved_must"":[""M1_SKILL_02""]}",FINAL_PANEL_01,2027-01-23T16:10:00+09:00,SYNTHETIC_HUMAN_SCENARIO
FD_APP0101_RE_REVIEW,RE_REVIEW,,,APP0101_FINAL_REVIEW_FOCUSED_FOLLOW_UP,APP0101,C0101,UNRESOLVED,"[""M1_SKILL_02""]",[],DO_NOT_PROCEED,"{""accepted_uncertainty_plan"":[],""adverse_must"":[],""decision_refs"":[""DC_APP0101_M1_SKILL_03_003267"",""DC_APP0101_M1_SKILL_01_003265"",""DC_APP0101_M1_SKILL_02_003266"",""DC_APP0101_M1_SKILL_04_003268"",""DC_APP0101_M1_SKILL_05_003269"",""DC_APP0101_M1_SKILL_06_003270"",""DC_APP0101_M1_SKILL_07_003271"",""DC_APP0101_M1_SKILL_08_003272""],""disagreement_must"":[""M1_SKILL_02""],""human_rationale"":""추가 검증 후에도 남은 명시적 필수 검증 제한/해석 충돌을 검토하여 이번 역할 진행을 보류하지 않고 종료한다."",""learnable_gaps"":[],""missing_must"":[],""repeated_must_limitations"":[],""review_round"":""RE_REVIEW"",""rubric_id"":""M1_EVIDENCE_RUBRIC_V02"",""talent_profile"":""talent_profile.json"",""unresolved_must"":[""M1_SKILL_02""]}",FINAL_PANEL_01,2027-01-31T19:00:00+09:00,SYNTHETIC_HUMAN_SCENARIO
FD_APP0079_INITIAL,INITIAL,EVALUATOR_DISAGREEMENT,"[{""context"":""앞선 관찰의 미확인/검증 범위"",""method"":""DIRECT_TASK"",""question"":""기존 미확인/제한을 작은 직접 과제와 검증 산출물로 확인"",""skill_id"":""M1_SKILL_02""}]",APP0079_FINAL_REVIEW_FOCUSED_FOLLOW_UP,APP0079,C0079,UNRESOLVED,"[""M1_SKILL_02""]",[],HOLD,"{""adverse_must"":[],""decision_refs"":[""DC_APP0079_M1_SKILL_03_003275"",""DC_APP0079_M1_SKILL_01_003273"",""DC_APP0079_M1_SKILL_02_003274"",""DC_APP0079_M1_SKILL_04_003276"",""DC_APP0079_M1_SKILL_05_003277"",""DC_APP0079_M1_SKILL_06_003278"",""DC_APP0079_M1_SKILL_07_003279"",""DC_APP0079_M1_SKILL_08_003280""],""disagreement_must"":[""M1_SKILL_02""],""human_rationale"":""필수 근거·반복된 명시적 제한·남은 확인 질문을 검토한 합성 패널 판단."",""learnable_gaps"":[],""missing_must"":[],""repeated_must_limitations"":[],""review_round"":""INITIAL"",""rubric_id"":""M1_EVIDENCE_RUBRIC_V02"",""talent_profile"":""talent_profile.json"",""unresolved_must"":[""M1_SKILL_02""]}",FINAL_PANEL_01,2027-01-23T11:50:00+09:00,SYNTHETIC_HUMAN_SCENARIO
FD_APP0079_RE_REVIEW,RE_REVIEW,,,APP0079_FINAL_REVIEW_FOCUSED_FOLLOW_UP,APP0079,C0079,COVERED,[],[],PROCEED_TO_OFFER,"{""accepted_uncertainty_plan"":[],""adverse_must"":[],""decision_refs"":[""DC_APP0079_M1_SKILL_03_003283"",""DC_APP0079_M1_SKILL_01_003281"",""DC_APP0079_M1_SKILL_02_003282"",""DC_APP0079_M1_SKILL_04_003284"",""DC_APP0079_M1_SKILL_05_003285"",""DC_APP0079_M1_SKILL_06_003286"",""DC_APP0079_M1_SKILL_07_003287"",""DC_APP0079_M1_SKILL_08_003288""],""disagreement_must"":[],""human_rationale"":""추가 직접 관찰과 기존 근거를 검토했다. 남은 미관찰 자체는 탈락 사유가 아니며 업무 준비 지원으로 추적한다."",""learnable_gaps"":[],""missing_must"":[],""repeated_must_limitations"":[],""review_round"":""RE_REVIEW"",""rubric_id"":""M1_EVIDENCE_RUBRIC_V02"",""talent_profile"":""talent_profile.json"",""unresolved_must"":[]}",FINAL_PANEL_01,2027-01-31T19:20:00+09:00,SYNTHETIC_HUMAN_SCENARIO
FD_APP0078_INITIAL,INITIAL,EVALUATOR_DISAGREEMENT,"[{""context"":""앞선 관찰의 미확인/검증 범위"",""method"":""DIRECT_TASK"",""question"":""기존 미확인/제한을 작은 직접 과제와 검증 산출물로 확인"",""skill_id"":""M1_SKILL_02""},{""context"":""앞선 관찰의 미확인/검증 범위"",""method"":""BEHAVIORAL_INTERACTION"",""question"":""개인 행동·피드백·검증 범위를 구체적 후속 질문으로 확인"",""skill_id"":""M1_SKILL_05""}]",APP0078_FINAL_REVIEW_FOCUSED_FOLLOW_UP,APP0078,C0078,UNRESOLVED,"[""M1_SKILL_02"",""M1_SKILL_05""]",[],HOLD,"{""adverse_must"":[""M1_SKILL_02""],""decision_refs"":[""DC_APP0078_M1_SKILL_03_003291"",""DC_APP0078_M1_SKILL_01_003289"",""DC_APP0078_M1_SKILL_02_003290"",""DC_APP0078_M1_SKILL_04_003292"",""DC_APP0078_M1_SKILL_05_003293"",""DC_APP0078_M1_SKILL_06_003294"",""DC_APP0078_M1_SKILL_07_003295"",""DC_APP0078_M1_SKILL_08_003296""],""disagreement_must"":[""M1_SKILL_05""],""human_rationale"":""필수 근거·반복된 명시적 제한·남은 확인 질문을 검토한 합성 패널 판단."",""learnable_gaps"":[],""missing_must"":[],""repeated_must_limitations"":[],""review_round"":""INITIAL"",""rubric_id"":""M1_EVIDENCE_RUBRIC_V02"",""talent_profile"":""talent_profile.json"",""unresolved_must"":[""M1_SKILL_02"",""M1_SKILL_05""]}",FINAL_PANEL_01,2027-01-29T11:55:00+09:00,SYNTHETIC_HUMAN_SCENARIO
FD_APP0078_RE_REVIEW,RE_REVIEW,,,APP0078_FINAL_REVIEW_FOCUSED_FOLLOW_UP,APP0078,C0078,COVERED,[],[],PROCEED_TO_OFFER,"{""accepted_uncertainty_plan"":[],""adverse_must"":[],""decision_refs"":[""DC_APP0078_M1_SKILL_03_003299"",""DC_APP0078_M1_SKILL_01_003297"",""DC_APP0078_M1_SKILL_02_003298"",""DC_APP0078_M1_SKILL_04_003300"",""DC_APP0078_M1_SKILL_05_003301"",""DC_APP0078_M1_SKILL_06_003302"",""DC_APP0078_M1_SKILL_07_003303"",""DC_APP0078_M1_SKILL_08_003304""],""disagreement_must"":[],""human_rationale"":""추가 직접 관찰과 기존 근거를 검토했다. 남은 미관찰 자체는 탈락 사유가 아니며 업무 준비 지원으로 추적한다."",""learnable_gaps"":[],""missing_must"":[],""repeated_must_limitations"":[],""review_round"":""RE_REVIEW"",""rubric_id"":""M1_EVIDENCE_RUBRIC_V02"",""talent_profile"":""talent_profile.json"",""unresolved_must"":[]}",FINAL_PANEL_01,2027-02-06T13:10:00+09:00,SYNTHETIC_HUMAN_SCENARIO
FD_APP0080_INITIAL,INITIAL,UNRESOLVED_EVIDENCE,"[{""context"":""앞선 관찰의 미확인/검증 범위"",""method"":""DIRECT_TASK"",""question"":""기존 미확인/제한을 작은 직접 과제와 검증 산출물로 확인"",""skill_id"":""M1_SKILL_01""},{""context"":""앞선 관찰의 미확인/검증 범위"",""method"":""DIRECT_TASK"",""question"":""기존 미확인/제한을 작은 직접 과제와 검증 산출물로 확인"",""skill_id"":""M1_SKILL_02""}]",APP0080_FINAL_REVIEW_FOCUSED_FOLLOW_UP,APP0080,C0080,UNRESOLVED,"[""M1_SKILL_01"",""M1_SKILL_02""]","[""M1_SKILL_06""]",HOLD,"{""adverse_must"":[""M1_SKILL_01"",""M1_SKILL_02""],""decision_refs"":[""DC_APP0080_M1_SKILL_03_003307"",""DC_APP0080_M1_SKILL_01_003305"",""DC_APP0080_M1_SKILL_02_003306"",""DC_APP0080_M1_SKILL_04_003308"",""DC_APP0080_M1_SKILL_05_003309"",""DC_APP0080_M1_SKILL_06_003310"",""DC_APP0080_M1_SKILL_07_003311"",""DC_APP0080_M1_SKILL_08_003312""],""disagreement_must"":[],""human_rationale"":""필수 근거·반복된 명시적 제한·남은 확인 질문을 검토한 합성 패널 판단."",""learnable_gaps"":[""M1_SKILL_06""],""missing_must"":[],""repeated_must_limitations"":[],""review_round"":""INITIAL"",""rubric_id"":""M1_EVIDENCE_RUBRIC_V02"",""talent_profile"":""talent_profile.json"",""unresolved_must"":[""M1_SKILL_01"",""M1_SKILL_02""]}",FINAL_PANEL_01,2027-02-01T12:05:00+09:00,SYNTHETIC_HUMAN_SCENARIO
FD_APP0080_RE_REVIEW,RE_REVIEW,,,APP0080_FINAL_REVIEW_FOCUSED_FOLLOW_UP,APP0080,C0080,UNRESOLVED,"[""M1_SKILL_01"",""M1_SKILL_02""]","[""M1_SKILL_06""]",DO_NOT_PROCEED,"{""accepted_uncertainty_plan"":[],""adverse_must"":[""M1_SKILL_01"",""M1_SKILL_02""],""decision_refs"":[""DC_APP0080_M1_SKILL_03_003315"",""DC_APP0080_M1_SKILL_01_003313"",""DC_APP0080_M1_SKILL_02_003314"",""DC_APP0080_M1_SKILL_04_003316"",""DC_APP0080_M1_SKILL_05_003317"",""DC_APP0080_M1_SKILL_06_003318"",""DC_APP0080_M1_SKILL_07_003319"",""DC_APP0080_M1_SKILL_08_003320""],""disagreement_must"":[""M1_SKILL_01""],""human_rationale"":""추가 검증 후에도 남은 명시적 필수 검증 제한/해석 충돌을 검토하여 이번 역할 진행을 보류하지 않고 종료한다."",""learnable_gaps"":[""M1_SKILL_06""],""missing_must"":[],""repeated_must_limitations"":[],""review_round"":""RE_REVIEW"",""rubric_id"":""M1_EVIDENCE_RUBRIC_V02"",""talent_profile"":""talent_profile.json"",""unresolved_must"":[""M1_SKILL_01"",""M1_SKILL_02""]}",FINAL_PANEL_01,2027-02-09T12:55:00+09:00,SYNTHETIC_HUMAN_SCENARIO
FD_APP0096_INITIAL,INITIAL,,,,APP0096,C0096,COVERED,[],[],PROCEED_TO_OFFER,"{""adverse_must"":[],""decision_refs"":[""DC_APP0096_M1_SKILL_03_003323"",""DC_APP0096_M1_SKILL_01_003321"",""DC_APP0096_M1_SKILL_02_003322"",""DC_APP0096_M1_SKILL_04_003324"",""DC_APP0096_M1_SKILL_05_003325"",""DC_APP0096_M1_SKILL_06_003326"",""DC_APP0096_M1_SKILL_07_003327"",""DC_APP0096_M1_SKILL_08_003328""],""disagreement_must"":[],""human_rationale"":""필수 근거·반복된 명시적 제한·남은 확인 질문을 검토한 합성 패널 판단."",""learnable_gaps"":[],""missing_must"":[],""repeated_must_limitations"":[],""review_round"":""INITIAL"",""rubric_id"":""M1_EVIDENCE_RUBRIC_V02"",""talent_profile"":""talent_profile.json"",""unresolved_must"":[]}",FINAL_PANEL_01,2027-01-26T12:30:00+09:00,SYNTHETIC_HUMAN_SCENARIO
FD_APP0123_INITIAL,INITIAL,EVALUATOR_DISAGREEMENT,"[{""context"":""앞선 관찰의 미확인/검증 범위"",""method"":""DIRECT_TASK"",""question"":""기존 미확인/제한을 작은 직접 과제와 검증 산출물로 확인"",""skill_id"":""M1_SKILL_02""}]",APP0123_FINAL_REVIEW_FOCUSED_FOLLOW_UP,APP0123,C0123,UNRESOLVED,"[""M1_SKILL_02""]",[],HOLD,"{""adverse_must"":[],""decision_refs"":[""DC_APP0123_M1_SKILL_03_003331"",""DC_APP0123_M1_SKILL_01_003329"",""DC_APP0123_M1_SKILL_02_003330"",""DC_APP0123_M1_SKILL_04_003332"",""DC_APP0123_M1_SKILL_05_003333"",""DC_APP0123_M1_SKILL_06_003334"",""DC_APP0123_M1_SKILL_07_003335"",""DC_APP0123_M1_SKILL_08_003336""],""disagreement_must"":[""M1_SKILL_02""],""human_rationale"":""필수 근거·반복된 명시적 제한·남은 확인 질문을 검토한 합성 패널 판단."",""learnable_gaps"":[],""missing_must"":[],""repeated_must_limitations"":[],""review_round"":""INITIAL"",""rubric_id"":""M1_EVIDENCE_RUBRIC_V02"",""talent_profile"":""talent_profile.json"",""unresolved_must"":[""M1_SKILL_02""]}",FINAL_PANEL_01,2027-01-30T12:20:00+09:00,SYNTHETIC_HUMAN_SCENARIO
FD_APP0123_RE_REVIEW,RE_REVIEW,,,APP0123_FINAL_REVIEW_FOCUSED_FOLLOW_UP,APP0123,C0123,COVERED,[],[],PROCEED_TO_OFFER,"{""accepted_uncertainty_plan"":[],""adverse_must"":[],""decision_refs"":[""DC_APP0123_M1_SKILL_03_003339"",""DC_APP0123_M1_SKILL_01_003337"",""DC_APP0123_M1_SKILL_02_003338"",""DC_APP0123_M1_SKILL_04_003340"",""DC_APP0123_M1_SKILL_05_003341"",""DC_APP0123_M1_SKILL_06_003342"",""DC_APP0123_M1_SKILL_07_003343"",""DC_APP0123_M1_SKILL_08_003344""],""disagreement_must"":[],""human_rationale"":""추가 직접 관찰과 기존 근거를 검토했다. 남은 미관찰 자체는 탈락 사유가 아니며 업무 준비 지원으로 추적한다."",""learnable_gaps"":[],""missing_must"":[],""repeated_must_limitations"":[],""review_round"":""RE_REVIEW"",""rubric_id"":""M1_EVIDENCE_RUBRIC_V02"",""talent_profile"":""talent_profile.json"",""unresolved_must"":[]}",FINAL_PANEL_01,2027-02-07T13:15:00+09:00,SYNTHETIC_HUMAN_SCENARIO
FD_APP0082_INITIAL,INITIAL,,,,APP0082,C0082,COVERED,[],[],PROCEED_TO_OFFER,"{""adverse_must"":[],""decision_refs"":[""DC_APP0082_M1_SKILL_03_003347"",""DC_APP0082_M1_SKILL_01_003345"",""DC_APP0082_M1_SKILL_02_003346"",""DC_APP0082_M1_SKILL_04_003348"",""DC_APP0082_M1_SKILL_05_003349"",""DC_APP0082_M1_SKILL_06_003350"",""DC_APP0082_M1_SKILL_07_003351"",""DC_APP0082_M1_SKILL_08_003352""],""disagreement_must"":[],""human_rationale"":""필수 근거·반복된 명시적 제한·남은 확인 질문을 검토한 합성 패널 판단."",""learnable_gaps"":[],""missing_must"":[],""repeated_must_limitations"":[],""review_round"":""INITIAL"",""rubric_id"":""M1_EVIDENCE_RUBRIC_V02"",""talent_profile"":""talent_profile.json"",""unresolved_must"":[]}",FINAL_PANEL_01,2027-02-01T19:45:00+09:00,SYNTHETIC_HUMAN_SCENARIO
FD_APP0102_INITIAL,INITIAL,,,,APP0102,C0102,COVERED,[],"[""M1_SKILL_06""]",PROCEED_TO_OFFER,"{""adverse_must"":[],""decision_refs"":[""DC_APP0102_M1_SKILL_03_003355"",""DC_APP0102_M1_SKILL_01_003353"",""DC_APP0102_M1_SKILL_02_003354"",""DC_APP0102_M1_SKILL_04_003356"",""DC_APP0102_M1_SKILL_05_003357"",""DC_APP0102_M1_SKILL_06_003358"",""DC_APP0102_M1_SKILL_07_003359"",""DC_APP0102_M1_SKILL_08_003360""],""disagreement_must"":[],""human_rationale"":""필수 근거·반복된 명시적 제한·남은 확인 질문을 검토한 합성 패널 판단."",""learnable_gaps"":[""M1_SKILL_06""],""missing_must"":[],""repeated_must_limitations"":[],""review_round"":""INITIAL"",""rubric_id"":""M1_EVIDENCE_RUBRIC_V02"",""talent_profile"":""talent_profile.json"",""unresolved_must"":[]}",FINAL_PANEL_01,2027-01-31T13:25:00+09:00,SYNTHETIC_HUMAN_SCENARIO
FD_APP0059_INITIAL,INITIAL,EVALUATOR_DISAGREEMENT,"[{""context"":""앞선 관찰의 미확인/검증 범위"",""method"":""BEHAVIORAL_INTERACTION"",""question"":""개인 행동·피드백·검증 범위를 구체적 후속 질문으로 확인"",""skill_id"":""M1_SKILL_05""}]",APP0059_FINAL_REVIEW_FOCUSED_FOLLOW_UP,APP0059,C0059,UNRESOLVED,"[""M1_SKILL_05""]","[""M1_SKILL_06""]",HOLD,"{""adverse_must"":[""M1_SKILL_05""],""decision_refs"":[""DC_APP0059_M1_SKILL_03_003363"",""DC_APP0059_M1_SKILL_01_003361"",""DC_APP0059_M1_SKILL_02_003362"",""DC_APP0059_M1_SKILL_04_003364"",""DC_APP0059_M1_SKILL_05_003365"",""DC_APP0059_M1_SKILL_06_003366"",""DC_APP0059_M1_SKILL_07_003367"",""DC_APP0059_M1_SKILL_08_003368""],""disagreement_must"":[""M1_SKILL_05""],""human_rationale"":""필수 근거·반복된 명시적 제한·남은 확인 질문을 검토한 합성 패널 판단."",""learnable_gaps"":[""M1_SKILL_06""],""missing_must"":[],""repeated_must_limitations"":[],""review_round"":""INITIAL"",""rubric_id"":""M1_EVIDENCE_RUBRIC_V02"",""talent_profile"":""talent_profile.json"",""unresolved_must"":[""M1_SKILL_05""]}",FINAL_PANEL_01,2027-01-28T12:50:00+09:00,SYNTHETIC_HUMAN_SCENARIO
FD_APP0059_RE_REVIEW,RE_REVIEW,,,APP0059_FINAL_REVIEW_FOCUSED_FOLLOW_UP,APP0059,C0059,UNRESOLVED,"[""M1_SKILL_05""]","[""M1_SKILL_06""]",DO_NOT_PROCEED,"{""accepted_uncertainty_plan"":[],""adverse_must"":[""M1_SKILL_05""],""decision_refs"":[""DC_APP0059_M1_SKILL_03_003371"",""DC_APP0059_M1_SKILL_01_003369"",""DC_APP0059_M1_SKILL_02_003370"",""DC_APP0059_M1_SKILL_04_003372"",""DC_APP0059_M1_SKILL_05_003373"",""DC_APP0059_M1_SKILL_06_003374"",""DC_APP0059_M1_SKILL_07_003375"",""DC_APP0059_M1_SKILL_08_003376""],""disagreement_must"":[""M1_SKILL_05""],""human_rationale"":""추가 검증 후에도 남은 명시적 필수 검증 제한/해석 충돌을 검토하여 이번 역할 진행을 보류하지 않고 종료한다."",""learnable_gaps"":[""M1_SKILL_06""],""missing_must"":[],""repeated_must_limitations"":[],""review_round"":""RE_REVIEW"",""rubric_id"":""M1_EVIDENCE_RUBRIC_V02"",""talent_profile"":""talent_profile.json"",""unresolved_must"":[""M1_SKILL_05""]}",FINAL_PANEL_01,2027-02-05T13:50:00+09:00,SYNTHETIC_HUMAN_SCENARIO
FD_APP0115_INITIAL,INITIAL,,,,APP0115,C0115,REPEATED_LIMITATION,"[""M1_SKILL_04""]",[],DO_NOT_PROCEED,"{""adverse_must"":[""M1_SKILL_04""],""decision_refs"":[""DC_APP0115_M1_SKILL_03_003379"",""DC_APP0115_M1_SKILL_01_003377"",""DC_APP0115_M1_SKILL_02_003378"",""DC_APP0115_M1_SKILL_04_003380"",""DC_APP0115_M1_SKILL_05_003381"",""DC_APP0115_M1_SKILL_06_003382"",""DC_APP0115_M1_SKILL_07_003383"",""DC_APP0115_M1_SKILL_08_003384""],""disagreement_must"":[],""human_rationale"":""필수 근거·반복된 명시적 제한·남은 확인 질문을 검토한 합성 패널 판단."",""learnable_gaps"":[],""missing_must"":[],""repeated_must_limitations"":[""M1_SKILL_04""],""review_round"":""INITIAL"",""rubric_id"":""M1_EVIDENCE_RUBRIC_V02"",""talent_profile"":""talent_profile.json"",""unresolved_must"":[""M1_SKILL_04""]}",FINAL_PANEL_01,2027-02-02T13:45:00+09:00,SYNTHETIC_HUMAN_SCENARIO
FD_APP0068_INITIAL,INITIAL,,,,APP0068,C0068,COVERED,[],"[""M1_SKILL_06""]",PROCEED_TO_OFFER,"{""adverse_must"":[],""decision_refs"":[""DC_APP0068_M1_SKILL_03_003387"",""DC_APP0068_M1_SKILL_01_003385"",""DC_APP0068_M1_SKILL_02_003386"",""DC_APP0068_M1_SKILL_04_003388"",""DC_APP0068_M1_SKILL_05_003389"",""DC_APP0068_M1_SKILL_06_003390"",""DC_APP0068_M1_SKILL_07_003391"",""DC_APP0068_M1_SKILL_08_003392""],""disagreement_must"":[],""human_rationale"":""필수 근거·반복된 명시적 제한·남은 확인 질문을 검토한 합성 패널 판단."",""learnable_gaps"":[""M1_SKILL_06""],""missing_must"":[],""repeated_must_limitations"":[],""review_round"":""INITIAL"",""rubric_id"":""M1_EVIDENCE_RUBRIC_V02"",""talent_profile"":""talent_profile.json"",""unresolved_must"":[]}",FINAL_PANEL_01,2027-02-07T11:35:00+09:00,SYNTHETIC_HUMAN_SCENARIO
FD_APP0109_INITIAL,INITIAL,,,,APP0109,C0109,REPEATED_LIMITATION,"[""M1_SKILL_01"",""M1_SKILL_05""]",[],DO_NOT_PROCEED,"{""adverse_must"":[""M1_SKILL_01"",""M1_SKILL_05""],""decision_refs"":[""DC_APP0109_M1_SKILL_03_003395"",""DC_APP0109_M1_SKILL_01_003393"",""DC_APP0109_M1_SKILL_02_003394"",""DC_APP0109_M1_SKILL_04_003396"",""DC_APP0109_M1_SKILL_05_003397"",""DC_APP0109_M1_SKILL_06_003398"",""DC_APP0109_M1_SKILL_07_003399"",""DC_APP0109_M1_SKILL_08_003400""],""disagreement_must"":[""M1_SKILL_01""],""human_rationale"":""필수 근거·반복된 명시적 제한·남은 확인 질문을 검토한 합성 패널 판단."",""learnable_gaps"":[],""missing_must"":[],""repeated_must_limitations"":[""M1_SKILL_05""],""review_round"":""INITIAL"",""rubric_id"":""M1_EVIDENCE_RUBRIC_V02"",""talent_profile"":""talent_profile.json"",""unresolved_must"":[""M1_SKILL_01"",""M1_SKILL_05""]}",FINAL_PANEL_01,2027-02-03T12:50:00+09:00,SYNTHETIC_HUMAN_SCENARIO
FD_APP0089_INITIAL,INITIAL,EVALUATOR_DISAGREEMENT,"[{""context"":""앞선 관찰의 미확인/검증 범위"",""method"":""DIRECT_TASK"",""question"":""기존 미확인/제한을 작은 직접 과제와 검증 산출물로 확인"",""skill_id"":""M1_SKILL_01""},{""context"":""앞선 관찰의 미확인/검증 범위"",""method"":""DIRECT_TASK"",""question"":""기존 미확인/제한을 작은 직접 과제와 검증 산출물로 확인"",""skill_id"":""M1_SKILL_03""}]",APP0089_FINAL_REVIEW_FOCUSED_FOLLOW_UP,APP0089,C0089,UNRESOLVED,"[""M1_SKILL_01"",""M1_SKILL_03""]",[],HOLD,"{""adverse_must"":[""M1_SKILL_03""],""decision_refs"":[""DC_APP0089_M1_SKILL_03_003403"",""DC_APP0089_M1_SKILL_01_003401"",""DC_APP0089_M1_SKILL_02_003402"",""DC_APP0089_M1_SKILL_04_003404"",""DC_APP0089_M1_SKILL_05_003405"",""DC_APP0089_M1_SKILL_06_003406"",""DC_APP0089_M1_SKILL_07_003407"",""DC_APP0089_M1_SKILL_08_003408""],""disagreement_must"":[""M1_SKILL_01"",""M1_SKILL_03""],""human_rationale"":""필수 근거·반복된 명시적 제한·남은 확인 질문을 검토한 합성 패널 판단."",""learnable_gaps"":[],""missing_must"":[],""repeated_must_limitations"":[],""review_round"":""INITIAL"",""rubric_id"":""M1_EVIDENCE_RUBRIC_V02"",""talent_profile"":""talent_profile.json"",""unresolved_must"":[""M1_SKILL_01"",""M1_SKILL_03""]}",FINAL_PANEL_01,2027-02-04T12:00:00+09:00,SYNTHETIC_HUMAN_SCENARIO
FD_APP0089_RE_REVIEW,RE_REVIEW,,,APP0089_FINAL_REVIEW_FOCUSED_FOLLOW_UP,APP0089,C0089,UNRESOLVED,"[""M1_SKILL_01"",""M1_SKILL_03""]",[],DO_NOT_PROCEED,"{""accepted_uncertainty_plan"":[],""adverse_must"":[""M1_SKILL_03""],""decision_refs"":[""DC_APP0089_M1_SKILL_03_003411"",""DC_APP0089_M1_SKILL_01_003409"",""DC_APP0089_M1_SKILL_02_003410"",""DC_APP0089_M1_SKILL_04_003412"",""DC_APP0089_M1_SKILL_05_003413"",""DC_APP0089_M1_SKILL_06_003414"",""DC_APP0089_M1_SKILL_07_003415"",""DC_APP0089_M1_SKILL_08_003416""],""disagreement_must"":[""M1_SKILL_01"",""M1_SKILL_03""],""human_rationale"":""추가 검증 후에도 남은 명시적 필수 검증 제한/해석 충돌을 검토하여 이번 역할 진행을 보류하지 않고 종료한다."",""learnable_gaps"":[],""missing_must"":[],""repeated_must_limitations"":[],""review_round"":""RE_REVIEW"",""rubric_id"":""M1_EVIDENCE_RUBRIC_V02"",""talent_profile"":""talent_profile.json"",""unresolved_must"":[""M1_SKILL_01"",""M1_SKILL_03""]}",FINAL_PANEL_01,2027-02-12T13:15:00+09:00,SYNTHETIC_HUMAN_SCENARIO
FD_APP0129_INITIAL,INITIAL,MISSING_EVIDENCE,"[{""context"":""앞선 관찰의 미확인/검증 범위"",""method"":""DIRECT_TASK"",""question"":""기존 미확인/제한을 작은 직접 과제와 검증 산출물로 확인"",""skill_id"":""M1_SKILL_02""}]",APP0129_FINAL_REVIEW_FOCUSED_FOLLOW_UP,APP0129,C0129,UNRESOLVED,"[""M1_SKILL_02""]",[],HOLD,"{""adverse_must"":[],""decision_refs"":[""DC_APP0129_M1_SKILL_03_003419"",""DC_APP0129_M1_SKILL_01_003417"",""DC_APP0129_M1_SKILL_02_003418"",""DC_APP0129_M1_SKILL_04_003420"",""DC_APP0129_M1_SKILL_05_003421"",""DC_APP0129_M1_SKILL_06_003422"",""DC_APP0129_M1_SKILL_07_003423"",""DC_APP0129_M1_SKILL_08_003424""],""disagreement_must"":[],""human_rationale"":""필수 근거·반복된 명시적 제한·남은 확인 질문을 검토한 합성 패널 판단."",""learnable_gaps"":[],""missing_must"":[""M1_SKILL_02""],""repeated_must_limitations"":[],""review_round"":""INITIAL"",""rubric_id"":""M1_EVIDENCE_RUBRIC_V02"",""talent_profile"":""talent_profile.json"",""unresolved_must"":[""M1_SKILL_02""]}",FINAL_PANEL_01,2027-02-06T12:20:00+09:00,SYNTHETIC_HUMAN_SCENARIO
FD_APP0129_RE_REVIEW,RE_REVIEW,,,APP0129_FINAL_REVIEW_FOCUSED_FOLLOW_UP,APP0129,C0129,UNRESOLVED,"[""M1_SKILL_02""]",[],DO_NOT_PROCEED,"{""accepted_uncertainty_plan"":[],""adverse_must"":[],""decision_refs"":[""DC_APP0129_M1_SKILL_03_003427"",""DC_APP0129_M1_SKILL_01_003425"",""DC_APP0129_M1_SKILL_02_003426"",""DC_APP0129_M1_SKILL_04_003428"",""DC_APP0129_M1_SKILL_05_003429"",""DC_APP0129_M1_SKILL_06_003430"",""DC_APP0129_M1_SKILL_07_003431"",""DC_APP0129_M1_SKILL_08_003432""],""disagreement_must"":[""M1_SKILL_02""],""human_rationale"":""추가 검증 후에도 남은 명시적 필수 검증 제한/해석 충돌을 검토하여 이번 역할 진행을 보류하지 않고 종료한다."",""learnable_gaps"":[],""missing_must"":[],""repeated_must_limitations"":[],""review_round"":""RE_REVIEW"",""rubric_id"":""M1_EVIDENCE_RUBRIC_V02"",""talent_profile"":""talent_profile.json"",""unresolved_must"":[""M1_SKILL_02""]}",FINAL_PANEL_01,2027-02-14T13:30:00+09:00,SYNTHETIC_HUMAN_SCENARIO
FD_APP0105_INITIAL,INITIAL,EVALUATOR_DISAGREEMENT,"[{""context"":""앞선 관찰의 미확인/검증 범위"",""method"":""BEHAVIORAL_INTERACTION"",""question"":""개인 행동·피드백·검증 범위를 구체적 후속 질문으로 확인"",""skill_id"":""M1_SKILL_05""}]",APP0105_FINAL_REVIEW_FOCUSED_FOLLOW_UP,APP0105,C0105,UNRESOLVED,"[""M1_SKILL_05""]",[],HOLD,"{""adverse_must"":[""M1_SKILL_05""],""decision_refs"":[""DC_APP0105_M1_SKILL_03_003435"",""DC_APP0105_M1_SKILL_01_003433"",""DC_APP0105_M1_SKILL_02_003434"",""DC_APP0105_M1_SKILL_04_003436"",""DC_APP0105_M1_SKILL_05_003437"",""DC_APP0105_M1_SKILL_06_003438"",""DC_APP0105_M1_SKILL_07_003439"",""DC_APP0105_M1_SKILL_08_003440""],""disagreement_must"":[""M1_SKILL_05""],""human_rationale"":""필수 근거·반복된 명시적 제한·남은 확인 질문을 검토한 합성 패널 판단."",""learnable_gaps"":[],""missing_must"":[],""repeated_must_limitations"":[],""review_round"":""INITIAL"",""rubric_id"":""M1_EVIDENCE_RUBRIC_V02"",""talent_profile"":""talent_profile.json"",""unresolved_must"":[""M1_SKILL_05""]}",FINAL_PANEL_01,2027-02-03T13:00:00+09:00,SYNTHETIC_HUMAN_SCENARIO
FD_APP0105_RE_REVIEW,RE_REVIEW,,,APP0105_FINAL_REVIEW_FOCUSED_FOLLOW_UP,APP0105,C0105,REPEATED_LIMITATION,"[""M1_SKILL_05""]",[],DO_NOT_PROCEED,"{""accepted_uncertainty_plan"":[],""adverse_must"":[""M1_SKILL_05""],""decision_refs"":[""DC_APP0105_M1_SKILL_03_003443"",""DC_APP0105_M1_SKILL_01_003441"",""DC_APP0105_M1_SKILL_02_003442"",""DC_APP0105_M1_SKILL_04_003444"",""DC_APP0105_M1_SKILL_05_003445"",""DC_APP0105_M1_SKILL_06_003446"",""DC_APP0105_M1_SKILL_07_003447"",""DC_APP0105_M1_SKILL_08_003448""],""disagreement_must"":[""M1_SKILL_05""],""human_rationale"":""추가 검증 후에도 남은 명시적 필수 검증 제한/해석 충돌을 검토하여 이번 역할 진행을 보류하지 않고 종료한다."",""learnable_gaps"":[],""missing_must"":[],""repeated_must_limitations"":[""M1_SKILL_05""],""review_round"":""RE_REVIEW"",""rubric_id"":""M1_EVIDENCE_RUBRIC_V02"",""talent_profile"":""talent_profile.json"",""unresolved_must"":[""M1_SKILL_05""]}",FINAL_PANEL_01,2027-02-11T13:55:00+09:00,SYNTHETIC_HUMAN_SCENARIO
FD_APP0143_INITIAL,INITIAL,EVALUATOR_DISAGREEMENT,"[{""context"":""앞선 관찰의 미확인/검증 범위"",""method"":""DIRECT_TASK"",""question"":""기존 미확인/제한을 작은 직접 과제와 검증 산출물로 확인"",""skill_id"":""M1_SKILL_02""},{""context"":""앞선 관찰의 미확인/검증 범위"",""method"":""BEHAVIORAL_INTERACTION"",""question"":""개인 행동·피드백·검증 범위를 구체적 후속 질문으로 확인"",""skill_id"":""M1_SKILL_05""}]",APP0143_FINAL_REVIEW_FOCUSED_FOLLOW_UP,APP0143,C0143,UNRESOLVED,"[""M1_SKILL_02"",""M1_SKILL_05""]","[""M1_SKILL_06""]",HOLD,"{""adverse_must"":[""M1_SKILL_02"",""M1_SKILL_05""],""decision_refs"":[""DC_APP0143_M1_SKILL_03_003451"",""DC_APP0143_M1_SKILL_01_003449"",""DC_APP0143_M1_SKILL_02_003450"",""DC_APP0143_M1_SKILL_04_003452"",""DC_APP0143_M1_SKILL_05_003453"",""DC_APP0143_M1_SKILL_06_003454"",""DC_APP0143_M1_SKILL_07_003455"",""DC_APP0143_M1_SKILL_08_003456""],""disagreement_must"":[""M1_SKILL_05""],""human_rationale"":""필수 근거·반복된 명시적 제한·남은 확인 질문을 검토한 합성 패널 판단."",""learnable_gaps"":[""M1_SKILL_06""],""missing_must"":[],""repeated_must_limitations"":[],""review_round"":""INITIAL"",""rubric_id"":""M1_EVIDENCE_RUBRIC_V02"",""talent_profile"":""talent_profile.json"",""unresolved_must"":[""M1_SKILL_02"",""M1_SKILL_05""]}",FINAL_PANEL_01,2027-02-04T13:50:00+09:00,SYNTHETIC_HUMAN_SCENARIO
FD_APP0143_RE_REVIEW,RE_REVIEW,,,APP0143_FINAL_REVIEW_FOCUSED_FOLLOW_UP,APP0143,C0143,REPEATED_LIMITATION,"[""M1_SKILL_05""]","[""M1_SKILL_06""]",DO_NOT_PROCEED,"{""accepted_uncertainty_plan"":[],""adverse_must"":[""M1_SKILL_05""],""decision_refs"":[""DC_APP0143_M1_SKILL_03_003459"",""DC_APP0143_M1_SKILL_01_003457"",""DC_APP0143_M1_SKILL_02_003458"",""DC_APP0143_M1_SKILL_04_003460"",""DC_APP0143_M1_SKILL_05_003461"",""DC_APP0143_M1_SKILL_06_003462"",""DC_APP0143_M1_SKILL_07_003463"",""DC_APP0143_M1_SKILL_08_003464""],""disagreement_must"":[""M1_SKILL_05""],""human_rationale"":""추가 검증 후에도 남은 명시적 필수 검증 제한/해석 충돌을 검토하여 이번 역할 진행을 보류하지 않고 종료한다."",""learnable_gaps"":[""M1_SKILL_06""],""missing_must"":[],""repeated_must_limitations"":[""M1_SKILL_05""],""review_round"":""RE_REVIEW"",""rubric_id"":""M1_EVIDENCE_RUBRIC_V02"",""talent_profile"":""talent_profile.json"",""unresolved_must"":[""M1_SKILL_05""]}",FINAL_PANEL_01,2027-02-12T14:50:00+09:00,SYNTHETIC_HUMAN_SCENARIO
FD_APP0140_INITIAL,INITIAL,EVALUATOR_DISAGREEMENT,"[{""context"":""앞선 관찰의 미확인/검증 범위"",""method"":""DIRECT_TASK"",""question"":""기존 미확인/제한을 작은 직접 과제와 검증 산출물로 확인"",""skill_id"":""M1_SKILL_02""},{""context"":""앞선 관찰의 미확인/검증 범위"",""method"":""BEHAVIORAL_INTERACTION"",""question"":""개인 행동·피드백·검증 범위를 구체적 후속 질문으로 확인"",""skill_id"":""M1_SKILL_05""}]",APP0140_FINAL_REVIEW_FOCUSED_FOLLOW_UP,APP0140,C0140,UNRESOLVED,"[""M1_SKILL_02"",""M1_SKILL_05""]","[""M1_SKILL_06""]",HOLD,"{""adverse_must"":[],""decision_refs"":[""DC_APP0140_M1_SKILL_03_003467"",""DC_APP0140_M1_SKILL_01_003465"",""DC_APP0140_M1_SKILL_02_003466"",""DC_APP0140_M1_SKILL_04_003468"",""DC_APP0140_M1_SKILL_05_003469"",""DC_APP0140_M1_SKILL_06_003470"",""DC_APP0140_M1_SKILL_07_003471"",""DC_APP0140_M1_SKILL_08_003472""],""disagreement_must"":[""M1_SKILL_02""],""human_rationale"":""필수 근거·반복된 명시적 제한·남은 확인 질문을 검토한 합성 패널 판단."",""learnable_gaps"":[""M1_SKILL_06""],""missing_must"":[""M1_SKILL_05""],""repeated_must_limitations"":[],""review_round"":""INITIAL"",""rubric_id"":""M1_EVIDENCE_RUBRIC_V02"",""talent_profile"":""talent_profile.json"",""unresolved_must"":[""M1_SKILL_02"",""M1_SKILL_05""]}",FINAL_PANEL_01,2027-02-02T11:40:00+09:00,SYNTHETIC_HUMAN_SCENARIO
FD_APP0140_RE_REVIEW,RE_REVIEW,,,APP0140_FINAL_REVIEW_FOCUSED_FOLLOW_UP,APP0140,C0140,COVERED,[],"[""M1_SKILL_06""]",PROCEED_TO_OFFER,"{""accepted_uncertainty_plan"":[],""adverse_must"":[],""decision_refs"":[""DC_APP0140_M1_SKILL_03_003475"",""DC_APP0140_M1_SKILL_01_003473"",""DC_APP0140_M1_SKILL_02_003474"",""DC_APP0140_M1_SKILL_04_003476"",""DC_APP0140_M1_SKILL_05_003477"",""DC_APP0140_M1_SKILL_06_003478"",""DC_APP0140_M1_SKILL_07_003479"",""DC_APP0140_M1_SKILL_08_003480""],""disagreement_must"":[],""human_rationale"":""추가 직접 관찰과 기존 근거를 검토했다. 남은 미관찰 자체는 탈락 사유가 아니며 업무 준비 지원으로 추적한다."",""learnable_gaps"":[""M1_SKILL_06""],""missing_must"":[],""repeated_must_limitations"":[],""review_round"":""RE_REVIEW"",""rubric_id"":""M1_EVIDENCE_RUBRIC_V02"",""talent_profile"":""talent_profile.json"",""unresolved_must"":[]}",FINAL_PANEL_01,2027-02-10T12:40:00+09:00,SYNTHETIC_HUMAN_SCENARIO
FD_APP0116_INITIAL,INITIAL,,,,APP0116,C0116,COVERED,[],"[""M1_SKILL_06""]",PROCEED_TO_OFFER,"{""adverse_must"":[],""decision_refs"":[""DC_APP0116_M1_SKILL_03_003483"",""DC_APP0116_M1_SKILL_01_003481"",""DC_APP0116_M1_SKILL_02_003482"",""DC_APP0116_M1_SKILL_04_003484"",""DC_APP0116_M1_SKILL_05_003485"",""DC_APP0116_M1_SKILL_06_003486"",""DC_APP0116_M1_SKILL_07_003487"",""DC_APP0116_M1_SKILL_08_003488""],""disagreement_must"":[],""human_rationale"":""필수 근거·반복된 명시적 제한·남은 확인 질문을 검토한 합성 패널 판단."",""learnable_gaps"":[""M1_SKILL_06""],""missing_must"":[],""repeated_must_limitations"":[],""review_round"":""INITIAL"",""rubric_id"":""M1_EVIDENCE_RUBRIC_V02"",""talent_profile"":""talent_profile.json"",""unresolved_must"":[]}",FINAL_PANEL_01,2027-02-07T13:25:00+09:00,SYNTHETIC_HUMAN_SCENARIO
FD_APP0121_INITIAL,INITIAL,EVALUATOR_DISAGREEMENT,"[{""context"":""앞선 관찰의 미확인/검증 범위"",""method"":""DIRECT_TASK"",""question"":""기존 미확인/제한을 작은 직접 과제와 검증 산출물로 확인"",""skill_id"":""M1_SKILL_02""}]",APP0121_FINAL_REVIEW_FOCUSED_FOLLOW_UP,APP0121,C0121,UNRESOLVED,"[""M1_SKILL_02""]","[""M1_SKILL_06""]",HOLD,"{""adverse_must"":[],""decision_refs"":[""DC_APP0121_M1_SKILL_03_003491"",""DC_APP0121_M1_SKILL_01_003489"",""DC_APP0121_M1_SKILL_02_003490"",""DC_APP0121_M1_SKILL_04_003492"",""DC_APP0121_M1_SKILL_05_003493"",""DC_APP0121_M1_SKILL_06_003494"",""DC_APP0121_M1_SKILL_07_003495"",""DC_APP0121_M1_SKILL_08_003496""],""disagreement_must"":[""M1_SKILL_02""],""human_rationale"":""필수 근거·반복된 명시적 제한·남은 확인 질문을 검토한 합성 패널 판단."",""learnable_gaps"":[""M1_SKILL_06""],""missing_must"":[],""repeated_must_limitations"":[],""review_round"":""INITIAL"",""rubric_id"":""M1_EVIDENCE_RUBRIC_V02"",""talent_profile"":""talent_profile.json"",""unresolved_must"":[""M1_SKILL_02""]}",FINAL_PANEL_01,2027-02-07T13:45:00+09:00,SYNTHETIC_HUMAN_SCENARIO
FD_APP0121_RE_REVIEW,RE_REVIEW,,,APP0121_FINAL_REVIEW_FOCUSED_FOLLOW_UP,APP0121,C0121,COVERED,[],"[""M1_SKILL_06""]",PROCEED_TO_OFFER,"{""accepted_uncertainty_plan"":[],""adverse_must"":[],""decision_refs"":[""DC_APP0121_M1_SKILL_03_003499"",""DC_APP0121_M1_SKILL_01_003497"",""DC_APP0121_M1_SKILL_02_003498"",""DC_APP0121_M1_SKILL_04_003500"",""DC_APP0121_M1_SKILL_05_003501"",""DC_APP0121_M1_SKILL_06_003502"",""DC_APP0121_M1_SKILL_07_003503"",""DC_APP0121_M1_SKILL_08_003504""],""disagreement_must"":[],""human_rationale"":""추가 직접 관찰과 기존 근거를 검토했다. 남은 미관찰 자체는 탈락 사유가 아니며 업무 준비 지원으로 추적한다."",""learnable_gaps"":[""M1_SKILL_06""],""missing_must"":[],""repeated_must_limitations"":[],""review_round"":""RE_REVIEW"",""rubric_id"":""M1_EVIDENCE_RUBRIC_V02"",""talent_profile"":""talent_profile.json"",""unresolved_must"":[]}",FINAL_PANEL_01,2027-02-15T15:00:00+09:00,SYNTHETIC_HUMAN_SCENARIO
FD_APP0142_INITIAL,INITIAL,MISSING_EVIDENCE,"[{""context"":""앞선 관찰의 미확인/검증 범위"",""method"":""DIRECT_TASK"",""question"":""기존 미확인/제한을 작은 직접 과제와 검증 산출물로 확인"",""skill_id"":""M1_SKILL_02""}]",APP0142_FINAL_REVIEW_FOCUSED_FOLLOW_UP,APP0142,C0142,UNRESOLVED,"[""M1_SKILL_02""]",[],HOLD,"{""adverse_must"":[],""decision_refs"":[""DC_APP0142_M1_SKILL_03_003507"",""DC_APP0142_M1_SKILL_01_003505"",""DC_APP0142_M1_SKILL_02_003506"",""DC_APP0142_M1_SKILL_04_003508"",""DC_APP0142_M1_SKILL_05_003509"",""DC_APP0142_M1_SKILL_06_003510"",""DC_APP0142_M1_SKILL_07_003511"",""DC_APP0142_M1_SKILL_08_003512""],""disagreement_must"":[],""human_rationale"":""필수 근거·반복된 명시적 제한·남은 확인 질문을 검토한 합성 패널 판단."",""learnable_gaps"":[],""missing_must"":[""M1_SKILL_02""],""repeated_must_limitations"":[],""review_round"":""INITIAL"",""rubric_id"":""M1_EVIDENCE_RUBRIC_V02"",""talent_profile"":""talent_profile.json"",""unresolved_must"":[""M1_SKILL_02""]}",FINAL_PANEL_01,2027-02-09T13:40:00+09:00,SYNTHETIC_HUMAN_SCENARIO
FD_APP0142_RE_REVIEW,RE_REVIEW,,,APP0142_FINAL_REVIEW_FOCUSED_FOLLOW_UP,APP0142,C0142,COVERED,[],[],PROCEED_TO_OFFER,"{""accepted_uncertainty_plan"":[],""adverse_must"":[],""decision_refs"":[""DC_APP0142_M1_SKILL_03_003515"",""DC_APP0142_M1_SKILL_01_003513"",""DC_APP0142_M1_SKILL_02_003514"",""DC_APP0142_M1_SKILL_04_003516"",""DC_APP0142_M1_SKILL_05_003517"",""DC_APP0142_M1_SKILL_06_003518"",""DC_APP0142_M1_SKILL_07_003519"",""DC_APP0142_M1_SKILL_08_003520""],""disagreement_must"":[],""human_rationale"":""추가 직접 관찰과 기존 근거를 검토했다. 남은 미관찰 자체는 탈락 사유가 아니며 업무 준비 지원으로 추적한다."",""learnable_gaps"":[],""missing_must"":[],""repeated_must_limitations"":[],""review_round"":""RE_REVIEW"",""rubric_id"":""M1_EVIDENCE_RUBRIC_V02"",""talent_profile"":""talent_profile.json"",""unresolved_must"":[]}",FINAL_PANEL_01,2027-02-17T14:55:00+09:00,SYNTHETIC_HUMAN_SCENARIO
FD_APP0134_INITIAL,INITIAL,EVALUATOR_DISAGREEMENT,"[{""context"":""앞선 관찰의 미확인/검증 범위"",""method"":""BEHAVIORAL_INTERACTION"",""question"":""개인 행동·피드백·검증 범위를 구체적 후속 질문으로 확인"",""skill_id"":""M1_SKILL_04""}]",APP0134_FINAL_REVIEW_FOCUSED_FOLLOW_UP,APP0134,C0134,UNRESOLVED,"[""M1_SKILL_04""]","[""M1_SKILL_06""]",HOLD,"{""adverse_must"":[""M1_SKILL_04""],""decision_refs"":[""DC_APP0134_M1_SKILL_03_003523"",""DC_APP0134_M1_SKILL_01_003521"",""DC_APP0134_M1_SKILL_02_003522"",""DC_APP0134_M1_SKILL_04_003524"",""DC_APP0134_M1_SKILL_05_003525"",""DC_APP0134_M1_SKILL_06_003526"",""DC_APP0134_M1_SKILL_07_003527"",""DC_APP0134_M1_SKILL_08_003528""],""disagreement_must"":[""M1_SKILL_04""],""human_rationale"":""필수 근거·반복된 명시적 제한·남은 확인 질문을 검토한 합성 패널 판단."",""learnable_gaps"":[""M1_SKILL_06""],""missing_must"":[],""repeated_must_limitations"":[],""review_round"":""INITIAL"",""rubric_id"":""M1_EVIDENCE_RUBRIC_V02"",""talent_profile"":""talent_profile.json"",""unresolved_must"":[""M1_SKILL_04""]}",FINAL_PANEL_01,2027-02-07T15:30:00+09:00,SYNTHETIC_HUMAN_SCENARIO
FD_APP0134_RE_REVIEW,RE_REVIEW,,,APP0134_FINAL_REVIEW_FOCUSED_FOLLOW_UP,APP0134,C0134,UNRESOLVED,"[""M1_SKILL_04""]","[""M1_SKILL_06""]",DO_NOT_PROCEED,"{""accepted_uncertainty_plan"":[],""adverse_must"":[""M1_SKILL_04""],""decision_refs"":[""DC_APP0134_M1_SKILL_03_003531"",""DC_APP0134_M1_SKILL_01_003529"",""DC_APP0134_M1_SKILL_02_003530"",""DC_APP0134_M1_SKILL_04_003532"",""DC_APP0134_M1_SKILL_05_003533"",""DC_APP0134_M1_SKILL_06_003534"",""DC_APP0134_M1_SKILL_07_003535"",""DC_APP0134_M1_SKILL_08_003536""],""disagreement_must"":[""M1_SKILL_04""],""human_rationale"":""추가 검증 후에도 남은 명시적 필수 검증 제한/해석 충돌을 검토하여 이번 역할 진행을 보류하지 않고 종료한다."",""learnable_gaps"":[""M1_SKILL_06""],""missing_must"":[],""repeated_must_limitations"":[],""review_round"":""RE_REVIEW"",""rubric_id"":""M1_EVIDENCE_RUBRIC_V02"",""talent_profile"":""talent_profile.json"",""unresolved_must"":[""M1_SKILL_04""]}",FINAL_PANEL_01,2027-02-15T16:25:00+09:00,SYNTHETIC_HUMAN_SCENARIO
FD_APP0104_INITIAL,INITIAL,EVALUATOR_DISAGREEMENT,"[{""context"":""앞선 관찰의 미확인/검증 범위"",""method"":""DIRECT_TASK"",""question"":""기존 미확인/제한을 작은 직접 과제와 검증 산출물로 확인"",""skill_id"":""M1_SKILL_03""},{""context"":""앞선 관찰의 미확인/검증 범위"",""method"":""BEHAVIORAL_INTERACTION"",""question"":""개인 행동·피드백·검증 범위를 구체적 후속 질문으로 확인"",""skill_id"":""M1_SKILL_05""}]",APP0104_FINAL_REVIEW_FOCUSED_FOLLOW_UP,APP0104,C0104,UNRESOLVED,"[""M1_SKILL_03"",""M1_SKILL_05""]","[""M1_SKILL_06""]",HOLD,"{""adverse_must"":[""M1_SKILL_05""],""decision_refs"":[""DC_APP0104_M1_SKILL_03_003539"",""DC_APP0104_M1_SKILL_01_003537"",""DC_APP0104_M1_SKILL_02_003538"",""DC_APP0104_M1_SKILL_04_003540"",""DC_APP0104_M1_SKILL_05_003541"",""DC_APP0104_M1_SKILL_06_003542"",""DC_APP0104_M1_SKILL_07_003543"",""DC_APP0104_M1_SKILL_08_003544""],""disagreement_must"":[""M1_SKILL_03""],""human_rationale"":""필수 근거·반복된 명시적 제한·남은 확인 질문을 검토한 합성 패널 판단."",""learnable_gaps"":[""M1_SKILL_06""],""missing_must"":[],""repeated_must_limitations"":[],""review_round"":""INITIAL"",""rubric_id"":""M1_EVIDENCE_RUBRIC_V02"",""talent_profile"":""talent_profile.json"",""unresolved_must"":[""M1_SKILL_03"",""M1_SKILL_05""]}",FINAL_PANEL_01,2027-02-04T15:50:00+09:00,SYNTHETIC_HUMAN_SCENARIO
FD_APP0104_RE_REVIEW,RE_REVIEW,,,APP0104_FINAL_REVIEW_FOCUSED_FOLLOW_UP,APP0104,C0104,UNRESOLVED,"[""M1_SKILL_05""]","[""M1_SKILL_06""]",DO_NOT_PROCEED,"{""accepted_uncertainty_plan"":[],""adverse_must"":[""M1_SKILL_05""],""decision_refs"":[""DC_APP0104_M1_SKILL_03_003547"",""DC_APP0104_M1_SKILL_01_003545"",""DC_APP0104_M1_SKILL_02_003546"",""DC_APP0104_M1_SKILL_04_003548"",""DC_APP0104_M1_SKILL_05_003549"",""DC_APP0104_M1_SKILL_06_003550"",""DC_APP0104_M1_SKILL_07_003551"",""DC_APP0104_M1_SKILL_08_003552""],""disagreement_must"":[],""human_rationale"":""추가 검증 후에도 남은 명시적 필수 검증 제한/해석 충돌을 검토하여 이번 역할 진행을 보류하지 않고 종료한다."",""learnable_gaps"":[""M1_SKILL_06""],""missing_must"":[],""repeated_must_limitations"":[],""review_round"":""RE_REVIEW"",""rubric_id"":""M1_EVIDENCE_RUBRIC_V02"",""talent_profile"":""talent_profile.json"",""unresolved_must"":[""M1_SKILL_05""]}",FINAL_PANEL_01,2027-02-12T16:45:00+09:00,SYNTHETIC_HUMAN_SCENARIO
FD_APP0097_INITIAL,INITIAL,EVALUATOR_DISAGREEMENT,"[{""context"":""앞선 관찰의 미확인/검증 범위"",""method"":""DIRECT_TASK"",""question"":""기존 미확인/제한을 작은 직접 과제와 검증 산출물로 확인"",""skill_id"":""M1_SKILL_02""},{""context"":""앞선 관찰의 미확인/검증 범위"",""method"":""BEHAVIORAL_INTERACTION"",""question"":""개인 행동·피드백·검증 범위를 구체적 후속 질문으로 확인"",""skill_id"":""M1_SKILL_04""}]",APP0097_FINAL_REVIEW_FOCUSED_FOLLOW_UP,APP0097,C0097,UNRESOLVED,"[""M1_SKILL_02"",""M1_SKILL_04""]",[],HOLD,"{""adverse_must"":[""M1_SKILL_04""],""decision_refs"":[""DC_APP0097_M1_SKILL_03_003555"",""DC_APP0097_M1_SKILL_01_003553"",""DC_APP0097_M1_SKILL_02_003554"",""DC_APP0097_M1_SKILL_04_003556"",""DC_APP0097_M1_SKILL_05_003557"",""DC_APP0097_M1_SKILL_06_003558"",""DC_APP0097_M1_SKILL_07_003559"",""DC_APP0097_M1_SKILL_08_003560""],""disagreement_must"":[""M1_SKILL_02""],""human_rationale"":""필수 근거·반복된 명시적 제한·남은 확인 질문을 검토한 합성 패널 판단."",""learnable_gaps"":[],""missing_must"":[],""repeated_must_limitations"":[],""review_round"":""INITIAL"",""rubric_id"":""M1_EVIDENCE_RUBRIC_V02"",""talent_profile"":""talent_profile.json"",""unresolved_must"":[""M1_SKILL_02"",""M1_SKILL_04""]}",FINAL_PANEL_01,2027-02-05T16:15:00+09:00,SYNTHETIC_HUMAN_SCENARIO
FD_APP0097_RE_REVIEW,RE_REVIEW,,,APP0097_FINAL_REVIEW_FOCUSED_FOLLOW_UP,APP0097,C0097,UNRESOLVED,"[""M1_SKILL_04""]",[],DO_NOT_PROCEED,"{""accepted_uncertainty_plan"":[],""adverse_must"":[""M1_SKILL_04""],""decision_refs"":[""DC_APP0097_M1_SKILL_03_003563"",""DC_APP0097_M1_SKILL_01_003561"",""DC_APP0097_M1_SKILL_02_003562"",""DC_APP0097_M1_SKILL_04_003564"",""DC_APP0097_M1_SKILL_05_003565"",""DC_APP0097_M1_SKILL_06_003566"",""DC_APP0097_M1_SKILL_07_003567"",""DC_APP0097_M1_SKILL_08_003568""],""disagreement_must"":[""M1_SKILL_04""],""human_rationale"":""추가 검증 후에도 남은 명시적 필수 검증 제한/해석 충돌을 검토하여 이번 역할 진행을 보류하지 않고 종료한다."",""learnable_gaps"":[],""missing_must"":[],""repeated_must_limitations"":[],""review_round"":""RE_REVIEW"",""rubric_id"":""M1_EVIDENCE_RUBRIC_V02"",""talent_profile"":""talent_profile.json"",""unresolved_must"":[""M1_SKILL_04""]}",FINAL_PANEL_01,2027-02-13T17:10:00+09:00,SYNTHETIC_HUMAN_SCENARIO
FD_APP0107_INITIAL,INITIAL,MISSING_EVIDENCE,"[{""context"":""앞선 관찰의 미확인/검증 범위"",""method"":""DIRECT_TASK"",""question"":""기존 미확인/제한을 작은 직접 과제와 검증 산출물로 확인"",""skill_id"":""M1_SKILL_02""}]",APP0107_FINAL_REVIEW_FOCUSED_FOLLOW_UP,APP0107,C0107,UNRESOLVED,"[""M1_SKILL_02""]",[],HOLD,"{""adverse_must"":[],""decision_refs"":[""DC_APP0107_M1_SKILL_03_003571"",""DC_APP0107_M1_SKILL_01_003569"",""DC_APP0107_M1_SKILL_02_003570"",""DC_APP0107_M1_SKILL_04_003572"",""DC_APP0107_M1_SKILL_05_003573"",""DC_APP0107_M1_SKILL_06_003574"",""DC_APP0107_M1_SKILL_07_003575"",""DC_APP0107_M1_SKILL_08_003576""],""disagreement_must"":[],""human_rationale"":""필수 근거·반복된 명시적 제한·남은 확인 질문을 검토한 합성 패널 판단."",""learnable_gaps"":[],""missing_must"":[""M1_SKILL_02""],""repeated_must_limitations"":[],""review_round"":""INITIAL"",""rubric_id"":""M1_EVIDENCE_RUBRIC_V02"",""talent_profile"":""talent_profile.json"",""unresolved_must"":[""M1_SKILL_02""]}",FINAL_PANEL_01,2027-02-07T13:40:00+09:00,SYNTHETIC_HUMAN_SCENARIO
FD_APP0107_RE_REVIEW,RE_REVIEW,,,APP0107_FINAL_REVIEW_FOCUSED_FOLLOW_UP,APP0107,C0107,UNRESOLVED,"[""M1_SKILL_02""]",[],PROCEED_TO_OFFER,"{""accepted_uncertainty_plan"":[{""action"":""입사 후 해당 업무 범위를 멘토와 확인"",""skill_id"":""M1_SKILL_02""}],""adverse_must"":[],""decision_refs"":[""DC_APP0107_M1_SKILL_03_003579"",""DC_APP0107_M1_SKILL_01_003577"",""DC_APP0107_M1_SKILL_02_003578"",""DC_APP0107_M1_SKILL_04_003580"",""DC_APP0107_M1_SKILL_05_003581"",""DC_APP0107_M1_SKILL_06_003582"",""DC_APP0107_M1_SKILL_07_003583"",""DC_APP0107_M1_SKILL_08_003584""],""disagreement_must"":[],""human_rationale"":""추가 직접 관찰과 기존 근거를 검토했다. 남은 미관찰 자체는 탈락 사유가 아니며 업무 준비 지원으로 추적한다."",""learnable_gaps"":[],""missing_must"":[""M1_SKILL_02""],""repeated_must_limitations"":[],""review_round"":""RE_REVIEW"",""rubric_id"":""M1_EVIDENCE_RUBRIC_V02"",""talent_profile"":""talent_profile.json"",""unresolved_must"":[""M1_SKILL_02""]}",FINAL_PANEL_01,2027-02-15T17:30:00+09:00,SYNTHETIC_HUMAN_SCENARIO
FD_APP0146_INITIAL,INITIAL,UNRESOLVED_EVIDENCE,"[{""context"":""앞선 관찰의 미확인/검증 범위"",""method"":""BEHAVIORAL_INTERACTION"",""question"":""개인 행동·피드백·검증 범위를 구체적 후속 질문으로 확인"",""skill_id"":""M1_SKILL_04""}]",APP0146_FINAL_REVIEW_FOCUSED_FOLLOW_UP,APP0146,C0146,UNRESOLVED,"[""M1_SKILL_04""]",[],HOLD,"{""adverse_must"":[""M1_SKILL_04""],""decision_refs"":[""DC_APP0146_M1_SKILL_03_003587"",""DC_APP0146_M1_SKILL_01_003585"",""DC_APP0146_M1_SKILL_02_003586"",""DC_APP0146_M1_SKILL_04_003588"",""DC_APP0146_M1_SKILL_05_003589"",""DC_APP0146_M1_SKILL_06_003590"",""DC_APP0146_M1_SKILL_07_003591"",""DC_APP0146_M1_SKILL_08_003592""],""disagreement_must"":[],""human_rationale"":""필수 근거·반복된 명시적 제한·남은 확인 질문을 검토한 합성 패널 판단."",""learnable_gaps"":[],""missing_must"":[],""repeated_must_limitations"":[],""review_round"":""INITIAL"",""rubric_id"":""M1_EVIDENCE_RUBRIC_V02"",""talent_profile"":""talent_profile.json"",""unresolved_must"":[""M1_SKILL_04""]}",FINAL_PANEL_01,2027-02-08T14:10:00+09:00,SYNTHETIC_HUMAN_SCENARIO
FD_APP0146_RE_REVIEW,RE_REVIEW,,,APP0146_FINAL_REVIEW_FOCUSED_FOLLOW_UP,APP0146,C0146,REPEATED_LIMITATION,"[""M1_SKILL_04""]",[],DO_NOT_PROCEED,"{""accepted_uncertainty_plan"":[],""adverse_must"":[""M1_SKILL_04""],""decision_refs"":[""DC_APP0146_M1_SKILL_03_003595"",""DC_APP0146_M1_SKILL_01_003593"",""DC_APP0146_M1_SKILL_02_003594"",""DC_APP0146_M1_SKILL_04_003596"",""DC_APP0146_M1_SKILL_05_003597"",""DC_APP0146_M1_SKILL_06_003598"",""DC_APP0146_M1_SKILL_07_003599"",""DC_APP0146_M1_SKILL_08_003600""],""disagreement_must"":[],""human_rationale"":""추가 검증 후에도 남은 명시적 필수 검증 제한/해석 충돌을 검토하여 이번 역할 진행을 보류하지 않고 종료한다."",""learnable_gaps"":[],""missing_must"":[],""repeated_must_limitations"":[""M1_SKILL_04""],""review_round"":""RE_REVIEW"",""rubric_id"":""M1_EVIDENCE_RUBRIC_V02"",""talent_profile"":""talent_profile.json"",""unresolved_must"":[""M1_SKILL_04""]}",FINAL_PANEL_01,2027-02-16T15:00:00+09:00,SYNTHETIC_HUMAN_SCENARIO
FD_APP0155_INITIAL,INITIAL,,,,APP0155,C0155,COVERED,[],[],PROCEED_TO_OFFER,"{""adverse_must"":[],""decision_refs"":[""DC_APP0155_M1_SKILL_03_003603"",""DC_APP0155_M1_SKILL_01_003601"",""DC_APP0155_M1_SKILL_02_003602"",""DC_APP0155_M1_SKILL_04_003604"",""DC_APP0155_M1_SKILL_05_003605"",""DC_APP0155_M1_SKILL_06_003606"",""DC_APP0155_M1_SKILL_07_003607"",""DC_APP0155_M1_SKILL_08_003608""],""disagreement_must"":[],""human_rationale"":""필수 근거·반복된 명시적 제한·남은 확인 질문을 검토한 합성 패널 판단."",""learnable_gaps"":[],""missing_must"":[],""repeated_must_limitations"":[],""review_round"":""INITIAL"",""rubric_id"":""M1_EVIDENCE_RUBRIC_V02"",""talent_profile"":""talent_profile.json"",""unresolved_must"":[]}",FINAL_PANEL_01,2027-02-12T12:45:00+09:00,SYNTHETIC_HUMAN_SCENARIO
FD_APP0113_INITIAL,INITIAL,,,,APP0113,C0113,COVERED,[],[],PROCEED_TO_OFFER,"{""adverse_must"":[],""decision_refs"":[""DC_APP0113_M1_SKILL_03_003611"",""DC_APP0113_M1_SKILL_01_003609"",""DC_APP0113_M1_SKILL_02_003610"",""DC_APP0113_M1_SKILL_04_003612"",""DC_APP0113_M1_SKILL_05_003613"",""DC_APP0113_M1_SKILL_06_003614"",""DC_APP0113_M1_SKILL_07_003615"",""DC_APP0113_M1_SKILL_08_003616""],""disagreement_must"":[],""human_rationale"":""필수 근거·반복된 명시적 제한·남은 확인 질문을 검토한 합성 패널 판단."",""learnable_gaps"":[],""missing_must"":[],""repeated_must_limitations"":[],""review_round"":""INITIAL"",""rubric_id"":""M1_EVIDENCE_RUBRIC_V02"",""talent_profile"":""talent_profile.json"",""unresolved_must"":[]}",FINAL_PANEL_01,2027-02-04T16:45:00+09:00,SYNTHETIC_HUMAN_SCENARIO
FD_APP0124_INITIAL,INITIAL,EVALUATOR_DISAGREEMENT,"[{""context"":""앞선 관찰의 미확인/검증 범위"",""method"":""DIRECT_TASK"",""question"":""기존 미확인/제한을 작은 직접 과제와 검증 산출물로 확인"",""skill_id"":""M1_SKILL_03""}]",APP0124_FINAL_REVIEW_FOCUSED_FOLLOW_UP,APP0124,C0124,UNRESOLVED,"[""M1_SKILL_03""]","[""M1_SKILL_06""]",HOLD,"{""adverse_must"":[],""decision_refs"":[""DC_APP0124_M1_SKILL_03_003619"",""DC_APP0124_M1_SKILL_01_003617"",""DC_APP0124_M1_SKILL_02_003618"",""DC_APP0124_M1_SKILL_04_003620"",""DC_APP0124_M1_SKILL_05_003621"",""DC_APP0124_M1_SKILL_06_003622"",""DC_APP0124_M1_SKILL_07_003623"",""DC_APP0124_M1_SKILL_08_003624""],""disagreement_must"":[""M1_SKILL_03""],""human_rationale"":""필수 근거·반복된 명시적 제한·남은 확인 질문을 검토한 합성 패널 판단."",""learnable_gaps"":[""M1_SKILL_06""],""missing_must"":[],""repeated_must_limitations"":[],""review_round"":""INITIAL"",""rubric_id"":""M1_EVIDENCE_RUBRIC_V02"",""talent_profile"":""talent_profile.json"",""unresolved_must"":[""M1_SKILL_03""]}",FINAL_PANEL_01,2027-02-06T12:50:00+09:00,SYNTHETIC_HUMAN_SCENARIO
FD_APP0124_RE_REVIEW,RE_REVIEW,,,APP0124_FINAL_REVIEW_FOCUSED_FOLLOW_UP,APP0124,C0124,COVERED,[],"[""M1_SKILL_06""]",PROCEED_TO_OFFER,"{""accepted_uncertainty_plan"":[],""adverse_must"":[],""decision_refs"":[""DC_APP0124_M1_SKILL_03_003627"",""DC_APP0124_M1_SKILL_01_003625"",""DC_APP0124_M1_SKILL_02_003626"",""DC_APP0124_M1_SKILL_04_003628"",""DC_APP0124_M1_SKILL_05_003629"",""DC_APP0124_M1_SKILL_06_003630"",""DC_APP0124_M1_SKILL_07_003631"",""DC_APP0124_M1_SKILL_08_003632""],""disagreement_must"":[],""human_rationale"":""추가 직접 관찰과 기존 근거를 검토했다. 남은 미관찰 자체는 탈락 사유가 아니며 업무 준비 지원으로 추적한다."",""learnable_gaps"":[""M1_SKILL_06""],""missing_must"":[],""repeated_must_limitations"":[],""review_round"":""RE_REVIEW"",""rubric_id"":""M1_EVIDENCE_RUBRIC_V02"",""talent_profile"":""talent_profile.json"",""unresolved_must"":[]}",FINAL_PANEL_01,2027-02-14T14:30:00+09:00,SYNTHETIC_HUMAN_SCENARIO
FD_APP0110_INITIAL,INITIAL,EVALUATOR_DISAGREEMENT,"[{""context"":""앞선 관찰의 미확인/검증 범위"",""method"":""DIRECT_TASK"",""question"":""기존 미확인/제한을 작은 직접 과제와 검증 산출물로 확인"",""skill_id"":""M1_SKILL_01""},{""context"":""앞선 관찰의 미확인/검증 범위"",""method"":""BEHAVIORAL_INTERACTION"",""question"":""개인 행동·피드백·검증 범위를 구체적 후속 질문으로 확인"",""skill_id"":""M1_SKILL_04""}]",APP0110_FINAL_REVIEW_FOCUSED_FOLLOW_UP,APP0110,C0110,UNRESOLVED,"[""M1_SKILL_01"",""M1_SKILL_04""]",[],HOLD,"{""adverse_must"":[""M1_SKILL_01"",""M1_SKILL_04""],""decision_refs"":[""DC_APP0110_M1_SKILL_03_003635"",""DC_APP0110_M1_SKILL_01_003633"",""DC_APP0110_M1_SKILL_02_003634"",""DC_APP0110_M1_SKILL_04_003636"",""DC_APP0110_M1_SKILL_05_003637"",""DC_APP0110_M1_SKILL_06_003638"",""DC_APP0110_M1_SKILL_07_003639"",""DC_APP0110_M1_SKILL_08_003640""],""disagreement_must"":[""M1_SKILL_04""],""human_rationale"":""필수 근거·반복된 명시적 제한·남은 확인 질문을 검토한 합성 패널 판단."",""learnable_gaps"":[],""missing_must"":[],""repeated_must_limitations"":[],""review_round"":""INITIAL"",""rubric_id"":""M1_EVIDENCE_RUBRIC_V02"",""talent_profile"":""talent_profile.json"",""unresolved_must"":[""M1_SKILL_01"",""M1_SKILL_04""]}",FINAL_PANEL_01,2027-02-11T12:05:00+09:00,SYNTHETIC_HUMAN_SCENARIO
FD_APP0110_RE_REVIEW,RE_REVIEW,,,APP0110_FINAL_REVIEW_FOCUSED_FOLLOW_UP,APP0110,C0110,COVERED,[],[],PROCEED_TO_OFFER,"{""accepted_uncertainty_plan"":[],""adverse_must"":[],""decision_refs"":[""DC_APP0110_M1_SKILL_03_003643"",""DC_APP0110_M1_SKILL_01_003641"",""DC_APP0110_M1_SKILL_02_003642"",""DC_APP0110_M1_SKILL_04_003644"",""DC_APP0110_M1_SKILL_05_003645"",""DC_APP0110_M1_SKILL_06_003646"",""DC_APP0110_M1_SKILL_07_003647"",""DC_APP0110_M1_SKILL_08_003648""],""disagreement_must"":[],""human_rationale"":""추가 직접 관찰과 기존 근거를 검토했다. 남은 미관찰 자체는 탈락 사유가 아니며 업무 준비 지원으로 추적한다."",""learnable_gaps"":[],""missing_must"":[],""repeated_must_limitations"":[],""review_round"":""RE_REVIEW"",""rubric_id"":""M1_EVIDENCE_RUBRIC_V02"",""talent_profile"":""talent_profile.json"",""unresolved_must"":[]}",FINAL_PANEL_01,2027-02-19T13:15:00+09:00,SYNTHETIC_HUMAN_SCENARIO
FD_APP0135_INITIAL,INITIAL,,,,APP0135,C0135,COVERED,[],"[""M1_SKILL_06""]",PROCEED_TO_OFFER,"{""adverse_must"":[],""decision_refs"":[""DC_APP0135_M1_SKILL_03_003651"",""DC_APP0135_M1_SKILL_01_003649"",""DC_APP0135_M1_SKILL_02_003650"",""DC_APP0135_M1_SKILL_04_003652"",""DC_APP0135_M1_SKILL_05_003653"",""DC_APP0135_M1_SKILL_06_003654"",""DC_APP0135_M1_SKILL_07_003655"",""DC_APP0135_M1_SKILL_08_003656""],""disagreement_must"":[],""human_rationale"":""필수 근거·반복된 명시적 제한·남은 확인 질문을 검토한 합성 패널 판단."",""learnable_gaps"":[""M1_SKILL_06""],""missing_must"":[],""repeated_must_limitations"":[],""review_round"":""INITIAL"",""rubric_id"":""M1_EVIDENCE_RUBRIC_V02"",""talent_profile"":""talent_profile.json"",""unresolved_must"":[]}",FINAL_PANEL_01,2027-02-09T13:20:00+09:00,SYNTHETIC_HUMAN_SCENARIO
FD_APP0151_INITIAL,INITIAL,EVALUATOR_DISAGREEMENT,"[{""context"":""앞선 관찰의 미확인/검증 범위"",""method"":""BEHAVIORAL_INTERACTION"",""question"":""개인 행동·피드백·검증 범위를 구체적 후속 질문으로 확인"",""skill_id"":""M1_SKILL_05""}]",APP0151_FINAL_REVIEW_FOCUSED_FOLLOW_UP,APP0151,C0151,UNRESOLVED,"[""M1_SKILL_05""]",[],HOLD,"{""adverse_must"":[""M1_SKILL_05""],""decision_refs"":[""DC_APP0151_M1_SKILL_03_003659"",""DC_APP0151_M1_SKILL_01_003657"",""DC_APP0151_M1_SKILL_02_003658"",""DC_APP0151_M1_SKILL_04_003660"",""DC_APP0151_M1_SKILL_05_003661"",""DC_APP0151_M1_SKILL_06_003662"",""DC_APP0151_M1_SKILL_07_003663"",""DC_APP0151_M1_SKILL_08_003664""],""disagreement_must"":[""M1_SKILL_05""],""human_rationale"":""필수 근거·반복된 명시적 제한·남은 확인 질문을 검토한 합성 패널 판단."",""learnable_gaps"":[],""missing_must"":[],""repeated_must_limitations"":[],""review_round"":""INITIAL"",""rubric_id"":""M1_EVIDENCE_RUBRIC_V02"",""talent_profile"":""talent_profile.json"",""unresolved_must"":[""M1_SKILL_05""]}",FINAL_PANEL_01,2027-02-07T11:40:00+09:00,SYNTHETIC_HUMAN_SCENARIO
FD_APP0151_RE_REVIEW,RE_REVIEW,,,APP0151_FINAL_REVIEW_FOCUSED_FOLLOW_UP,APP0151,C0151,COVERED,[],[],PROCEED_TO_OFFER,"{""accepted_uncertainty_plan"":[],""adverse_must"":[],""decision_refs"":[""DC_APP0151_M1_SKILL_03_003667"",""DC_APP0151_M1_SKILL_01_003665"",""DC_APP0151_M1_SKILL_02_003666"",""DC_APP0151_M1_SKILL_04_003668"",""DC_APP0151_M1_SKILL_05_003669"",""DC_APP0151_M1_SKILL_06_003670"",""DC_APP0151_M1_SKILL_07_003671"",""DC_APP0151_M1_SKILL_08_003672""],""disagreement_must"":[],""human_rationale"":""추가 직접 관찰과 기존 근거를 검토했다. 남은 미관찰 자체는 탈락 사유가 아니며 업무 준비 지원으로 추적한다."",""learnable_gaps"":[],""missing_must"":[],""repeated_must_limitations"":[],""review_round"":""RE_REVIEW"",""rubric_id"":""M1_EVIDENCE_RUBRIC_V02"",""talent_profile"":""talent_profile.json"",""unresolved_must"":[]}",FINAL_PANEL_01,2027-02-15T12:55:00+09:00,SYNTHETIC_HUMAN_SCENARIO
FD_APP0130_INITIAL,INITIAL,UNRESOLVED_EVIDENCE,"[{""context"":""앞선 관찰의 미확인/검증 범위"",""method"":""DIRECT_TASK"",""question"":""기존 미확인/제한을 작은 직접 과제와 검증 산출물로 확인"",""skill_id"":""M1_SKILL_02""},{""context"":""앞선 관찰의 미확인/검증 범위"",""method"":""BEHAVIORAL_INTERACTION"",""question"":""개인 행동·피드백·검증 범위를 구체적 후속 질문으로 확인"",""skill_id"":""M1_SKILL_04""}]",APP0130_FINAL_REVIEW_FOCUSED_FOLLOW_UP,APP0130,C0130,UNRESOLVED,"[""M1_SKILL_02"",""M1_SKILL_04""]",[],HOLD,"{""adverse_must"":[""M1_SKILL_02"",""M1_SKILL_04""],""decision_refs"":[""DC_APP0130_M1_SKILL_03_003675"",""DC_APP0130_M1_SKILL_01_003673"",""DC_APP0130_M1_SKILL_02_003674"",""DC_APP0130_M1_SKILL_04_003676"",""DC_APP0130_M1_SKILL_05_003677"",""DC_APP0130_M1_SKILL_06_003678"",""DC_APP0130_M1_SKILL_07_003679"",""DC_APP0130_M1_SKILL_08_003680""],""disagreement_must"":[],""human_rationale"":""필수 근거·반복된 명시적 제한·남은 확인 질문을 검토한 합성 패널 판단."",""learnable_gaps"":[],""missing_must"":[],""repeated_must_limitations"":[],""review_round"":""INITIAL"",""rubric_id"":""M1_EVIDENCE_RUBRIC_V02"",""talent_profile"":""talent_profile.json"",""unresolved_must"":[""M1_SKILL_02"",""M1_SKILL_04""]}",FINAL_PANEL_01,2027-02-06T14:30:00+09:00,SYNTHETIC_HUMAN_SCENARIO
FD_APP0130_RE_REVIEW,RE_REVIEW,,,APP0130_FINAL_REVIEW_FOCUSED_FOLLOW_UP,APP0130,C0130,UNRESOLVED,"[""M1_SKILL_04""]",[],DO_NOT_PROCEED,"{""accepted_uncertainty_plan"":[],""adverse_must"":[""M1_SKILL_04""],""decision_refs"":[""DC_APP0130_M1_SKILL_03_003683"",""DC_APP0130_M1_SKILL_01_003681"",""DC_APP0130_M1_SKILL_02_003682"",""DC_APP0130_M1_SKILL_04_003684"",""DC_APP0130_M1_SKILL_05_003685"",""DC_APP0130_M1_SKILL_06_003686"",""DC_APP0130_M1_SKILL_07_003687"",""DC_APP0130_M1_SKILL_08_003688""],""disagreement_must"":[],""human_rationale"":""추가 검증 후에도 남은 명시적 필수 검증 제한/해석 충돌을 검토하여 이번 역할 진행을 보류하지 않고 종료한다."",""learnable_gaps"":[],""missing_must"":[],""repeated_must_limitations"":[],""review_round"":""RE_REVIEW"",""rubric_id"":""M1_EVIDENCE_RUBRIC_V02"",""talent_profile"":""talent_profile.json"",""unresolved_must"":[""M1_SKILL_04""]}",FINAL_PANEL_01,2027-02-14T15:25:00+09:00,SYNTHETIC_HUMAN_SCENARIO
FD_APP0175_INITIAL,INITIAL,,,,APP0175,C0175,COVERED,[],"[""M1_SKILL_06""]",PROCEED_TO_OFFER,"{""adverse_must"":[],""decision_refs"":[""DC_APP0175_M1_SKILL_03_003691"",""DC_APP0175_M1_SKILL_01_003689"",""DC_APP0175_M1_SKILL_02_003690"",""DC_APP0175_M1_SKILL_04_003692"",""DC_APP0175_M1_SKILL_05_003693"",""DC_APP0175_M1_SKILL_06_003694"",""DC_APP0175_M1_SKILL_07_003695"",""DC_APP0175_M1_SKILL_08_003696""],""disagreement_must"":[],""human_rationale"":""필수 근거·반복된 명시적 제한·남은 확인 질문을 검토한 합성 패널 판단."",""learnable_gaps"":[""M1_SKILL_06""],""missing_must"":[],""repeated_must_limitations"":[],""review_round"":""INITIAL"",""rubric_id"":""M1_EVIDENCE_RUBRIC_V02"",""talent_profile"":""talent_profile.json"",""unresolved_must"":[]}",FINAL_PANEL_01,2027-02-09T13:55:00+09:00,SYNTHETIC_HUMAN_SCENARIO
FD_APP0164_INITIAL,INITIAL,EVALUATOR_DISAGREEMENT,"[{""context"":""앞선 관찰의 미확인/검증 범위"",""method"":""BEHAVIORAL_INTERACTION"",""question"":""개인 행동·피드백·검증 범위를 구체적 후속 질문으로 확인"",""skill_id"":""M1_SKILL_04""}]",APP0164_FINAL_REVIEW_FOCUSED_FOLLOW_UP,APP0164,C0164,UNRESOLVED,"[""M1_SKILL_04""]","[""M1_SKILL_06""]",HOLD,"{""adverse_must"":[""M1_SKILL_04""],""decision_refs"":[""DC_APP0164_M1_SKILL_03_003699"",""DC_APP0164_M1_SKILL_01_003697"",""DC_APP0164_M1_SKILL_02_003698"",""DC_APP0164_M1_SKILL_04_003700"",""DC_APP0164_M1_SKILL_05_003701"",""DC_APP0164_M1_SKILL_06_003702"",""DC_APP0164_M1_SKILL_07_003703"",""DC_APP0164_M1_SKILL_08_003704""],""disagreement_must"":[""M1_SKILL_04""],""human_rationale"":""필수 근거·반복된 명시적 제한·남은 확인 질문을 검토한 합성 패널 판단."",""learnable_gaps"":[""M1_SKILL_06""],""missing_must"":[],""repeated_must_limitations"":[],""review_round"":""INITIAL"",""rubric_id"":""M1_EVIDENCE_RUBRIC_V02"",""talent_profile"":""talent_profile.json"",""unresolved_must"":[""M1_SKILL_04""]}",FINAL_PANEL_01,2027-02-06T15:35:00+09:00,SYNTHETIC_HUMAN_SCENARIO
FD_APP0164_RE_REVIEW,RE_REVIEW,,,APP0164_FINAL_REVIEW_FOCUSED_FOLLOW_UP,APP0164,C0164,COVERED,[],"[""M1_SKILL_06""]",PROCEED_TO_OFFER,"{""accepted_uncertainty_plan"":[],""adverse_must"":[],""decision_refs"":[""DC_APP0164_M1_SKILL_03_003707"",""DC_APP0164_M1_SKILL_01_003705"",""DC_APP0164_M1_SKILL_02_003706"",""DC_APP0164_M1_SKILL_04_003708"",""DC_APP0164_M1_SKILL_05_003709"",""DC_APP0164_M1_SKILL_06_003710"",""DC_APP0164_M1_SKILL_07_003711"",""DC_APP0164_M1_SKILL_08_003712""],""disagreement_must"":[],""human_rationale"":""추가 직접 관찰과 기존 근거를 검토했다. 남은 미관찰 자체는 탈락 사유가 아니며 업무 준비 지원으로 추적한다."",""learnable_gaps"":[""M1_SKILL_06""],""missing_must"":[],""repeated_must_limitations"":[],""review_round"":""RE_REVIEW"",""rubric_id"":""M1_EVIDENCE_RUBRIC_V02"",""talent_profile"":""talent_profile.json"",""unresolved_must"":[]}",FINAL_PANEL_01,2027-02-14T16:40:00+09:00,SYNTHETIC_HUMAN_SCENARIO
FD_APP0136_INITIAL,INITIAL,,,,APP0136,C0136,COVERED,[],"[""M1_SKILL_06""]",PROCEED_TO_OFFER,"{""adverse_must"":[],""decision_refs"":[""DC_APP0136_M1_SKILL_03_003715"",""DC_APP0136_M1_SKILL_01_003713"",""DC_APP0136_M1_SKILL_02_003714"",""DC_APP0136_M1_SKILL_04_003716"",""DC_APP0136_M1_SKILL_05_003717"",""DC_APP0136_M1_SKILL_06_003718"",""DC_APP0136_M1_SKILL_07_003719"",""DC_APP0136_M1_SKILL_08_003720""],""disagreement_must"":[],""human_rationale"":""필수 근거·반복된 명시적 제한·남은 확인 질문을 검토한 합성 패널 판단."",""learnable_gaps"":[""M1_SKILL_06""],""missing_must"":[],""repeated_must_limitations"":[],""review_round"":""INITIAL"",""rubric_id"":""M1_EVIDENCE_RUBRIC_V02"",""talent_profile"":""talent_profile.json"",""unresolved_must"":[]}",FINAL_PANEL_01,2027-02-12T12:00:00+09:00,SYNTHETIC_HUMAN_SCENARIO
FD_APP0131_INITIAL,INITIAL,,,,APP0131,C0131,COVERED,[],[],PROCEED_TO_OFFER,"{""adverse_must"":[],""decision_refs"":[""DC_APP0131_M1_SKILL_03_003723"",""DC_APP0131_M1_SKILL_01_003721"",""DC_APP0131_M1_SKILL_02_003722"",""DC_APP0131_M1_SKILL_04_003724"",""DC_APP0131_M1_SKILL_05_003725"",""DC_APP0131_M1_SKILL_06_003726"",""DC_APP0131_M1_SKILL_07_003727"",""DC_APP0131_M1_SKILL_08_003728""],""disagreement_must"":[],""human_rationale"":""필수 근거·반복된 명시적 제한·남은 확인 질문을 검토한 합성 패널 판단."",""learnable_gaps"":[],""missing_must"":[],""repeated_must_limitations"":[],""review_round"":""INITIAL"",""rubric_id"":""M1_EVIDENCE_RUBRIC_V02"",""talent_profile"":""talent_profile.json"",""unresolved_must"":[]}",FINAL_PANEL_01,2027-02-12T13:10:00+09:00,SYNTHETIC_HUMAN_SCENARIO
FD_APP0149_INITIAL,INITIAL,,,,APP0149,C0149,COVERED,[],"[""M1_SKILL_06""]",PROCEED_TO_OFFER,"{""adverse_must"":[],""decision_refs"":[""DC_APP0149_M1_SKILL_03_003731"",""DC_APP0149_M1_SKILL_01_003729"",""DC_APP0149_M1_SKILL_02_003730"",""DC_APP0149_M1_SKILL_04_003732"",""DC_APP0149_M1_SKILL_05_003733"",""DC_APP0149_M1_SKILL_06_003734"",""DC_APP0149_M1_SKILL_07_003735"",""DC_APP0149_M1_SKILL_08_003736""],""disagreement_must"":[],""human_rationale"":""필수 근거·반복된 명시적 제한·남은 확인 질문을 검토한 합성 패널 판단."",""learnable_gaps"":[""M1_SKILL_06""],""missing_must"":[],""repeated_must_limitations"":[],""review_round"":""INITIAL"",""rubric_id"":""M1_EVIDENCE_RUBRIC_V02"",""talent_profile"":""talent_profile.json"",""unresolved_must"":[]}",FINAL_PANEL_01,2027-02-12T14:30:00+09:00,SYNTHETIC_HUMAN_SCENARIO
FD_APP0150_INITIAL,INITIAL,EVALUATOR_DISAGREEMENT,"[{""context"":""앞선 관찰의 미확인/검증 범위"",""method"":""DIRECT_TASK"",""question"":""기존 미확인/제한을 작은 직접 과제와 검증 산출물로 확인"",""skill_id"":""M1_SKILL_02""},{""context"":""앞선 관찰의 미확인/검증 범위"",""method"":""DIRECT_TASK"",""question"":""기존 미확인/제한을 작은 직접 과제와 검증 산출물로 확인"",""skill_id"":""M1_SKILL_03""}]",APP0150_FINAL_REVIEW_FOCUSED_FOLLOW_UP,APP0150,C0150,UNRESOLVED,"[""M1_SKILL_02"",""M1_SKILL_03""]","[""M1_SKILL_06""]",HOLD,"{""adverse_must"":[""M1_SKILL_03""],""decision_refs"":[""DC_APP0150_M1_SKILL_03_003739"",""DC_APP0150_M1_SKILL_01_003737"",""DC_APP0150_M1_SKILL_02_003738"",""DC_APP0150_M1_SKILL_04_003740"",""DC_APP0150_M1_SKILL_05_003741"",""DC_APP0150_M1_SKILL_06_003742"",""DC_APP0150_M1_SKILL_07_003743"",""DC_APP0150_M1_SKILL_08_003744""],""disagreement_must"":[""M1_SKILL_02"",""M1_SKILL_03""],""human_rationale"":""필수 근거·반복된 명시적 제한·남은 확인 질문을 검토한 합성 패널 판단."",""learnable_gaps"":[""M1_SKILL_06""],""missing_must"":[],""repeated_must_limitations"":[],""review_round"":""INITIAL"",""rubric_id"":""M1_EVIDENCE_RUBRIC_V02"",""talent_profile"":""talent_profile.json"",""unresolved_must"":[""M1_SKILL_02"",""M1_SKILL_03""]}",FINAL_PANEL_01,2027-02-13T13:45:00+09:00,SYNTHETIC_HUMAN_SCENARIO
FD_APP0150_RE_REVIEW,RE_REVIEW,,,APP0150_FINAL_REVIEW_FOCUSED_FOLLOW_UP,APP0150,C0150,UNRESOLVED,"[""M1_SKILL_03""]","[""M1_SKILL_06""]",DO_NOT_PROCEED,"{""accepted_uncertainty_plan"":[],""adverse_must"":[""M1_SKILL_03""],""decision_refs"":[""DC_APP0150_M1_SKILL_03_003747"",""DC_APP0150_M1_SKILL_01_003745"",""DC_APP0150_M1_SKILL_02_003746"",""DC_APP0150_M1_SKILL_04_003748"",""DC_APP0150_M1_SKILL_05_003749"",""DC_APP0150_M1_SKILL_06_003750"",""DC_APP0150_M1_SKILL_07_003751"",""DC_APP0150_M1_SKILL_08_003752""],""disagreement_must"":[""M1_SKILL_03""],""human_rationale"":""추가 검증 후에도 남은 명시적 필수 검증 제한/해석 충돌을 검토하여 이번 역할 진행을 보류하지 않고 종료한다."",""learnable_gaps"":[""M1_SKILL_06""],""missing_must"":[],""repeated_must_limitations"":[],""review_round"":""RE_REVIEW"",""rubric_id"":""M1_EVIDENCE_RUBRIC_V02"",""talent_profile"":""talent_profile.json"",""unresolved_must"":[""M1_SKILL_03""]}",FINAL_PANEL_01,2027-02-21T14:40:00+09:00,SYNTHETIC_HUMAN_SCENARIO
FD_APP0141_INITIAL,INITIAL,UNRESOLVED_EVIDENCE,"[{""context"":""앞선 관찰의 미확인/검증 범위"",""method"":""DIRECT_TASK"",""question"":""기존 미확인/제한을 작은 직접 과제와 검증 산출물로 확인"",""skill_id"":""M1_SKILL_02""}]",APP0141_FINAL_REVIEW_FOCUSED_FOLLOW_UP,APP0141,C0141,UNRESOLVED,"[""M1_SKILL_02""]",[],HOLD,"{""adverse_must"":[""M1_SKILL_02""],""decision_refs"":[""DC_APP0141_M1_SKILL_03_003755"",""DC_APP0141_M1_SKILL_01_003753"",""DC_APP0141_M1_SKILL_02_003754"",""DC_APP0141_M1_SKILL_04_003756"",""DC_APP0141_M1_SKILL_05_003757"",""DC_APP0141_M1_SKILL_06_003758"",""DC_APP0141_M1_SKILL_07_003759"",""DC_APP0141_M1_SKILL_08_003760""],""disagreement_must"":[],""human_rationale"":""필수 근거·반복된 명시적 제한·남은 확인 질문을 검토한 합성 패널 판단."",""learnable_gaps"":[],""missing_must"":[],""repeated_must_limitations"":[],""review_round"":""INITIAL"",""rubric_id"":""M1_EVIDENCE_RUBRIC_V02"",""talent_profile"":""talent_profile.json"",""unresolved_must"":[""M1_SKILL_02""]}",FINAL_PANEL_01,2027-02-10T13:00:00+09:00,SYNTHETIC_HUMAN_SCENARIO
FD_APP0141_RE_REVIEW,RE_REVIEW,,,APP0141_FINAL_REVIEW_FOCUSED_FOLLOW_UP,APP0141,C0141,REPEATED_LIMITATION,"[""M1_SKILL_02""]",[],DO_NOT_PROCEED,"{""accepted_uncertainty_plan"":[],""adverse_must"":[""M1_SKILL_02""],""decision_refs"":[""DC_APP0141_M1_SKILL_03_003763"",""DC_APP0141_M1_SKILL_01_003761"",""DC_APP0141_M1_SKILL_02_003762"",""DC_APP0141_M1_SKILL_04_003764"",""DC_APP0141_M1_SKILL_05_003765"",""DC_APP0141_M1_SKILL_06_003766"",""DC_APP0141_M1_SKILL_07_003767"",""DC_APP0141_M1_SKILL_08_003768""],""disagreement_must"":[],""human_rationale"":""추가 검증 후에도 남은 명시적 필수 검증 제한/해석 충돌을 검토하여 이번 역할 진행을 보류하지 않고 종료한다."",""learnable_gaps"":[],""missing_must"":[],""repeated_must_limitations"":[""M1_SKILL_02""],""review_round"":""RE_REVIEW"",""rubric_id"":""M1_EVIDENCE_RUBRIC_V02"",""talent_profile"":""talent_profile.json"",""unresolved_must"":[""M1_SKILL_02""]}",FINAL_PANEL_01,2027-02-18T13:45:00+09:00,SYNTHETIC_HUMAN_SCENARIO
FD_APP0161_INITIAL,INITIAL,MISSING_EVIDENCE,"[{""context"":""앞선 관찰의 미확인/검증 범위"",""method"":""DIRECT_TASK"",""question"":""기존 미확인/제한을 작은 직접 과제와 검증 산출물로 확인"",""skill_id"":""M1_SKILL_02""}]",APP0161_FINAL_REVIEW_FOCUSED_FOLLOW_UP,APP0161,C0161,UNRESOLVED,"[""M1_SKILL_02""]",[],HOLD,"{""adverse_must"":[],""decision_refs"":[""DC_APP0161_M1_SKILL_03_003771"",""DC_APP0161_M1_SKILL_01_003769"",""DC_APP0161_M1_SKILL_02_003770"",""DC_APP0161_M1_SKILL_04_003772"",""DC_APP0161_M1_SKILL_05_003773"",""DC_APP0161_M1_SKILL_06_003774"",""DC_APP0161_M1_SKILL_07_003775"",""DC_APP0161_M1_SKILL_08_003776""],""disagreement_must"":[],""human_rationale"":""필수 근거·반복된 명시적 제한·남은 확인 질문을 검토한 합성 패널 판단."",""learnable_gaps"":[],""missing_must"":[""M1_SKILL_02""],""repeated_must_limitations"":[],""review_round"":""INITIAL"",""rubric_id"":""M1_EVIDENCE_RUBRIC_V02"",""talent_profile"":""talent_profile.json"",""unresolved_must"":[""M1_SKILL_02""]}",FINAL_PANEL_01,2027-02-14T17:00:00+09:00,SYNTHETIC_HUMAN_SCENARIO
FD_APP0161_RE_REVIEW,RE_REVIEW,,,APP0161_FINAL_REVIEW_FOCUSED_FOLLOW_UP,APP0161,C0161,COVERED,[],[],PROCEED_TO_OFFER,"{""accepted_uncertainty_plan"":[],""adverse_must"":[],""decision_refs"":[""DC_APP0161_M1_SKILL_03_003779"",""DC_APP0161_M1_SKILL_01_003777"",""DC_APP0161_M1_SKILL_02_003778"",""DC_APP0161_M1_SKILL_04_003780"",""DC_APP0161_M1_SKILL_05_003781"",""DC_APP0161_M1_SKILL_06_003782"",""DC_APP0161_M1_SKILL_07_003783"",""DC_APP0161_M1_SKILL_08_003784""],""disagreement_must"":[],""human_rationale"":""추가 직접 관찰과 기존 근거를 검토했다. 남은 미관찰 자체는 탈락 사유가 아니며 업무 준비 지원으로 추적한다."",""learnable_gaps"":[],""missing_must"":[],""repeated_must_limitations"":[],""review_round"":""RE_REVIEW"",""rubric_id"":""M1_EVIDENCE_RUBRIC_V02"",""talent_profile"":""talent_profile.json"",""unresolved_must"":[]}",FINAL_PANEL_01,2027-02-22T17:50:00+09:00,SYNTHETIC_HUMAN_SCENARIO
FD_APP0176_INITIAL,INITIAL,UNRESOLVED_EVIDENCE,"[{""context"":""앞선 관찰의 미확인/검증 범위"",""method"":""BEHAVIORAL_INTERACTION"",""question"":""개인 행동·피드백·검증 범위를 구체적 후속 질문으로 확인"",""skill_id"":""M1_SKILL_05""}]",APP0176_FINAL_REVIEW_FOCUSED_FOLLOW_UP,APP0176,C0176,UNRESOLVED,"[""M1_SKILL_05""]",[],HOLD,"{""adverse_must"":[""M1_SKILL_05""],""decision_refs"":[""DC_APP0176_M1_SKILL_03_003787"",""DC_APP0176_M1_SKILL_01_003785"",""DC_APP0176_M1_SKILL_02_003786"",""DC_APP0176_M1_SKILL_04_003788"",""DC_APP0176_M1_SKILL_05_003789"",""DC_APP0176_M1_SKILL_06_003790"",""DC_APP0176_M1_SKILL_07_003791"",""DC_APP0176_M1_SKILL_08_003792""],""disagreement_must"":[],""human_rationale"":""필수 근거·반복된 명시적 제한·남은 확인 질문을 검토한 합성 패널 판단."",""learnable_gaps"":[],""missing_must"":[],""repeated_must_limitations"":[],""review_round"":""INITIAL"",""rubric_id"":""M1_EVIDENCE_RUBRIC_V02"",""talent_profile"":""talent_profile.json"",""unresolved_must"":[""M1_SKILL_05""]}",FINAL_PANEL_01,2027-02-10T15:30:00+09:00,SYNTHETIC_HUMAN_SCENARIO
FD_APP0176_RE_REVIEW,RE_REVIEW,,,APP0176_FINAL_REVIEW_FOCUSED_FOLLOW_UP,APP0176,C0176,UNRESOLVED,"[""M1_SKILL_05""]",[],DO_NOT_PROCEED,"{""accepted_uncertainty_plan"":[],""adverse_must"":[""M1_SKILL_05""],""decision_refs"":[""DC_APP0176_M1_SKILL_03_003795"",""DC_APP0176_M1_SKILL_01_003793"",""DC_APP0176_M1_SKILL_02_003794"",""DC_APP0176_M1_SKILL_04_003796"",""DC_APP0176_M1_SKILL_05_003797"",""DC_APP0176_M1_SKILL_06_003798"",""DC_APP0176_M1_SKILL_07_003799"",""DC_APP0176_M1_SKILL_08_003800""],""disagreement_must"":[""M1_SKILL_05""],""human_rationale"":""추가 검증 후에도 남은 명시적 필수 검증 제한/해석 충돌을 검토하여 이번 역할 진행을 보류하지 않고 종료한다."",""learnable_gaps"":[],""missing_must"":[],""repeated_must_limitations"":[],""review_round"":""RE_REVIEW"",""rubric_id"":""M1_EVIDENCE_RUBRIC_V02"",""talent_profile"":""talent_profile.json"",""unresolved_must"":[""M1_SKILL_05""]}",FINAL_PANEL_01,2027-02-18T16:35:00+09:00,SYNTHETIC_HUMAN_SCENARIO
FD_APP0154_INITIAL,INITIAL,UNRESOLVED_EVIDENCE,"[{""context"":""앞선 관찰의 미확인/검증 범위"",""method"":""DIRECT_TASK"",""question"":""기존 미확인/제한을 작은 직접 과제와 검증 산출물로 확인"",""skill_id"":""M1_SKILL_02""}]",APP0154_FINAL_REVIEW_FOCUSED_FOLLOW_UP,APP0154,C0154,UNRESOLVED,"[""M1_SKILL_02""]","[""M1_SKILL_06""]",HOLD,"{""adverse_must"":[""M1_SKILL_02""],""decision_refs"":[""DC_APP0154_M1_SKILL_03_003803"",""DC_APP0154_M1_SKILL_01_003801"",""DC_APP0154_M1_SKILL_02_003802"",""DC_APP0154_M1_SKILL_04_003804"",""DC_APP0154_M1_SKILL_05_003805"",""DC_APP0154_M1_SKILL_06_003806"",""DC_APP0154_M1_SKILL_07_003807"",""DC_APP0154_M1_SKILL_08_003808""],""disagreement_must"":[],""human_rationale"":""필수 근거·반복된 명시적 제한·남은 확인 질문을 검토한 합성 패널 판단."",""learnable_gaps"":[""M1_SKILL_06""],""missing_must"":[],""repeated_must_limitations"":[],""review_round"":""INITIAL"",""rubric_id"":""M1_EVIDENCE_RUBRIC_V02"",""talent_profile"":""talent_profile.json"",""unresolved_must"":[""M1_SKILL_02""]}",FINAL_PANEL_01,2027-02-18T17:20:00+09:00,SYNTHETIC_HUMAN_SCENARIO
FD_APP0154_RE_REVIEW,RE_REVIEW,,,APP0154_FINAL_REVIEW_FOCUSED_FOLLOW_UP,APP0154,C0154,COVERED,[],"[""M1_SKILL_06""]",PROCEED_TO_OFFER,"{""accepted_uncertainty_plan"":[],""adverse_must"":[],""decision_refs"":[""DC_APP0154_M1_SKILL_03_003811"",""DC_APP0154_M1_SKILL_01_003809"",""DC_APP0154_M1_SKILL_02_003810"",""DC_APP0154_M1_SKILL_04_003812"",""DC_APP0154_M1_SKILL_05_003813"",""DC_APP0154_M1_SKILL_06_003814"",""DC_APP0154_M1_SKILL_07_003815"",""DC_APP0154_M1_SKILL_08_003816""],""disagreement_must"":[],""human_rationale"":""추가 직접 관찰과 기존 근거를 검토했다. 남은 미관찰 자체는 탈락 사유가 아니며 업무 준비 지원으로 추적한다."",""learnable_gaps"":[""M1_SKILL_06""],""missing_must"":[],""repeated_must_limitations"":[],""review_round"":""RE_REVIEW"",""rubric_id"":""M1_EVIDENCE_RUBRIC_V02"",""talent_profile"":""talent_profile.json"",""unresolved_must"":[]}",FINAL_PANEL_01,2027-02-26T18:35:00+09:00,SYNTHETIC_HUMAN_SCENARIO
FD_APP0119_INITIAL,INITIAL,,,,APP0119,C0119,COVERED,[],"[""M1_SKILL_06""]",PROCEED_TO_OFFER,"{""adverse_must"":[],""decision_refs"":[""DC_APP0119_M1_SKILL_03_003819"",""DC_APP0119_M1_SKILL_01_003817"",""DC_APP0119_M1_SKILL_02_003818"",""DC_APP0119_M1_SKILL_04_003820"",""DC_APP0119_M1_SKILL_05_003821"",""DC_APP0119_M1_SKILL_06_003822"",""DC_APP0119_M1_SKILL_07_003823"",""DC_APP0119_M1_SKILL_08_003824""],""disagreement_must"":[],""human_rationale"":""필수 근거·반복된 명시적 제한·남은 확인 질문을 검토한 합성 패널 판단."",""learnable_gaps"":[""M1_SKILL_06""],""missing_must"":[],""repeated_must_limitations"":[],""review_round"":""INITIAL"",""rubric_id"":""M1_EVIDENCE_RUBRIC_V02"",""talent_profile"":""talent_profile.json"",""unresolved_must"":[]}",FINAL_PANEL_01,2027-02-19T13:20:00+09:00,SYNTHETIC_HUMAN_SCENARIO
FD_APP0152_INITIAL,INITIAL,EVALUATOR_DISAGREEMENT,"[{""context"":""앞선 관찰의 미확인/검증 범위"",""method"":""DIRECT_TASK"",""question"":""기존 미확인/제한을 작은 직접 과제와 검증 산출물로 확인"",""skill_id"":""M1_SKILL_02""},{""context"":""앞선 관찰의 미확인/검증 범위"",""method"":""BEHAVIORAL_INTERACTION"",""question"":""개인 행동·피드백·검증 범위를 구체적 후속 질문으로 확인"",""skill_id"":""M1_SKILL_05""}]",APP0152_FINAL_REVIEW_FOCUSED_FOLLOW_UP,APP0152,C0152,UNRESOLVED,"[""M1_SKILL_02"",""M1_SKILL_05""]",[],HOLD,"{""adverse_must"":[],""decision_refs"":[""DC_APP0152_M1_SKILL_03_003827"",""DC_APP0152_M1_SKILL_01_003825"",""DC_APP0152_M1_SKILL_02_003826"",""DC_APP0152_M1_SKILL_04_003828"",""DC_APP0152_M1_SKILL_05_003829"",""DC_APP0152_M1_SKILL_06_003830"",""DC_APP0152_M1_SKILL_07_003831"",""DC_APP0152_M1_SKILL_08_003832""],""disagreement_must"":[""M1_SKILL_02""],""human_rationale"":""필수 근거·반복된 명시적 제한·남은 확인 질문을 검토한 합성 패널 판단."",""learnable_gaps"":[],""missing_must"":[""M1_SKILL_05""],""repeated_must_limitations"":[],""review_round"":""INITIAL"",""rubric_id"":""M1_EVIDENCE_RUBRIC_V02"",""talent_profile"":""talent_profile.json"",""unresolved_must"":[""M1_SKILL_02"",""M1_SKILL_05""]}",FINAL_PANEL_01,2027-02-13T13:00:00+09:00,SYNTHETIC_HUMAN_SCENARIO
FD_APP0152_RE_REVIEW,RE_REVIEW,,,APP0152_FINAL_REVIEW_FOCUSED_FOLLOW_UP,APP0152,C0152,UNRESOLVED,"[""M1_SKILL_02""]",[],DO_NOT_PROCEED,"{""accepted_uncertainty_plan"":[],""adverse_must"":[""M1_SKILL_02""],""decision_refs"":[""DC_APP0152_M1_SKILL_03_003835"",""DC_APP0152_M1_SKILL_01_003833"",""DC_APP0152_M1_SKILL_02_003834"",""DC_APP0152_M1_SKILL_04_003836"",""DC_APP0152_M1_SKILL_05_003837"",""DC_APP0152_M1_SKILL_06_003838"",""DC_APP0152_M1_SKILL_07_003839"",""DC_APP0152_M1_SKILL_08_003840""],""disagreement_must"":[""M1_SKILL_02""],""human_rationale"":""추가 검증 후에도 남은 명시적 필수 검증 제한/해석 충돌을 검토하여 이번 역할 진행을 보류하지 않고 종료한다."",""learnable_gaps"":[],""missing_must"":[],""repeated_must_limitations"":[],""review_round"":""RE_REVIEW"",""rubric_id"":""M1_EVIDENCE_RUBRIC_V02"",""talent_profile"":""talent_profile.json"",""unresolved_must"":[""M1_SKILL_02""]}",FINAL_PANEL_01,2027-02-21T14:55:00+09:00,SYNTHETIC_HUMAN_SCENARIO
FD_APP0159_INITIAL,INITIAL,,,,APP0159,C0159,COVERED,[],"[""M1_SKILL_06""]",PROCEED_TO_OFFER,"{""adverse_must"":[],""decision_refs"":[""DC_APP0159_M1_SKILL_03_003843"",""DC_APP0159_M1_SKILL_01_003841"",""DC_APP0159_M1_SKILL_02_003842"",""DC_APP0159_M1_SKILL_04_003844"",""DC_APP0159_M1_SKILL_05_003845"",""DC_APP0159_M1_SKILL_06_003846"",""DC_APP0159_M1_SKILL_07_003847"",""DC_APP0159_M1_SKILL_08_003848""],""disagreement_must"":[],""human_rationale"":""필수 근거·반복된 명시적 제한·남은 확인 질문을 검토한 합성 패널 판단."",""learnable_gaps"":[""M1_SKILL_06""],""missing_must"":[],""repeated_must_limitations"":[],""review_round"":""INITIAL"",""rubric_id"":""M1_EVIDENCE_RUBRIC_V02"",""talent_profile"":""talent_profile.json"",""unresolved_must"":[]}",FINAL_PANEL_01,2027-02-12T12:25:00+09:00,SYNTHETIC_HUMAN_SCENARIO
FD_APP0148_INITIAL,INITIAL,MISSING_EVIDENCE,"[{""context"":""앞선 관찰의 미확인/검증 범위"",""method"":""DIRECT_TASK"",""question"":""기존 미확인/제한을 작은 직접 과제와 검증 산출물로 확인"",""skill_id"":""M1_SKILL_02""}]",APP0148_FINAL_REVIEW_FOCUSED_FOLLOW_UP,APP0148,C0148,UNRESOLVED,"[""M1_SKILL_02""]",[],HOLD,"{""adverse_must"":[],""decision_refs"":[""DC_APP0148_M1_SKILL_03_003851"",""DC_APP0148_M1_SKILL_01_003849"",""DC_APP0148_M1_SKILL_02_003850"",""DC_APP0148_M1_SKILL_04_003852"",""DC_APP0148_M1_SKILL_05_003853"",""DC_APP0148_M1_SKILL_06_003854"",""DC_APP0148_M1_SKILL_07_003855"",""DC_APP0148_M1_SKILL_08_003856""],""disagreement_must"":[],""human_rationale"":""필수 근거·반복된 명시적 제한·남은 확인 질문을 검토한 합성 패널 판단."",""learnable_gaps"":[],""missing_must"":[""M1_SKILL_02""],""repeated_must_limitations"":[],""review_round"":""INITIAL"",""rubric_id"":""M1_EVIDENCE_RUBRIC_V02"",""talent_profile"":""talent_profile.json"",""unresolved_must"":[""M1_SKILL_02""]}",FINAL_PANEL_01,2027-02-18T17:45:00+09:00,SYNTHETIC_HUMAN_SCENARIO
FD_APP0148_RE_REVIEW,RE_REVIEW,,,APP0148_FINAL_REVIEW_FOCUSED_FOLLOW_UP,APP0148,C0148,COVERED,[],[],PROCEED_TO_OFFER,"{""accepted_uncertainty_plan"":[],""adverse_must"":[],""decision_refs"":[""DC_APP0148_M1_SKILL_03_003859"",""DC_APP0148_M1_SKILL_01_003857"",""DC_APP0148_M1_SKILL_02_003858"",""DC_APP0148_M1_SKILL_04_003860"",""DC_APP0148_M1_SKILL_05_003861"",""DC_APP0148_M1_SKILL_06_003862"",""DC_APP0148_M1_SKILL_07_003863"",""DC_APP0148_M1_SKILL_08_003864""],""disagreement_must"":[],""human_rationale"":""추가 직접 관찰과 기존 근거를 검토했다. 남은 미관찰 자체는 탈락 사유가 아니며 업무 준비 지원으로 추적한다."",""learnable_gaps"":[],""missing_must"":[],""repeated_must_limitations"":[],""review_round"":""RE_REVIEW"",""rubric_id"":""M1_EVIDENCE_RUBRIC_V02"",""talent_profile"":""talent_profile.json"",""unresolved_must"":[]}",FINAL_PANEL_01,2027-02-26T19:30:00+09:00,SYNTHETIC_HUMAN_SCENARIO
FD_APP0194_INITIAL,INITIAL,,,,APP0194,C0194,COVERED,[],[],PROCEED_TO_OFFER,"{""adverse_must"":[],""decision_refs"":[""DC_APP0194_M1_SKILL_03_003867"",""DC_APP0194_M1_SKILL_01_003865"",""DC_APP0194_M1_SKILL_02_003866"",""DC_APP0194_M1_SKILL_04_003868"",""DC_APP0194_M1_SKILL_05_003869"",""DC_APP0194_M1_SKILL_06_003870"",""DC_APP0194_M1_SKILL_07_003871"",""DC_APP0194_M1_SKILL_08_003872""],""disagreement_must"":[],""human_rationale"":""필수 근거·반복된 명시적 제한·남은 확인 질문을 검토한 합성 패널 판단."",""learnable_gaps"":[],""missing_must"":[],""repeated_must_limitations"":[],""review_round"":""INITIAL"",""rubric_id"":""M1_EVIDENCE_RUBRIC_V02"",""talent_profile"":""talent_profile.json"",""unresolved_must"":[]}",FINAL_PANEL_01,2027-02-16T18:10:00+09:00,SYNTHETIC_HUMAN_SCENARIO
FD_APP0167_INITIAL,INITIAL,EVALUATOR_DISAGREEMENT,"[{""context"":""앞선 관찰의 미확인/검증 범위"",""method"":""DIRECT_TASK"",""question"":""기존 미확인/제한을 작은 직접 과제와 검증 산출물로 확인"",""skill_id"":""M1_SKILL_02""}]",APP0167_FINAL_REVIEW_FOCUSED_FOLLOW_UP,APP0167,C0167,UNRESOLVED,"[""M1_SKILL_02""]","[""M1_SKILL_06""]",HOLD,"{""adverse_must"":[],""decision_refs"":[""DC_APP0167_M1_SKILL_03_003875"",""DC_APP0167_M1_SKILL_01_003873"",""DC_APP0167_M1_SKILL_02_003874"",""DC_APP0167_M1_SKILL_04_003876"",""DC_APP0167_M1_SKILL_05_003877"",""DC_APP0167_M1_SKILL_06_003878"",""DC_APP0167_M1_SKILL_07_003879"",""DC_APP0167_M1_SKILL_08_003880""],""disagreement_must"":[""M1_SKILL_02""],""human_rationale"":""필수 근거·반복된 명시적 제한·남은 확인 질문을 검토한 합성 패널 판단."",""learnable_gaps"":[""M1_SKILL_06""],""missing_must"":[],""repeated_must_limitations"":[],""review_round"":""INITIAL"",""rubric_id"":""M1_EVIDENCE_RUBRIC_V02"",""talent_profile"":""talent_profile.json"",""unresolved_must"":[""M1_SKILL_02""]}",FINAL_PANEL_01,2027-02-17T16:00:00+09:00,SYNTHETIC_HUMAN_SCENARIO
FD_APP0167_RE_REVIEW,RE_REVIEW,,,APP0167_FINAL_REVIEW_FOCUSED_FOLLOW_UP,APP0167,C0167,COVERED,[],"[""M1_SKILL_06""]",PROCEED_TO_OFFER,"{""accepted_uncertainty_plan"":[],""adverse_must"":[],""decision_refs"":[""DC_APP0167_M1_SKILL_03_003883"",""DC_APP0167_M1_SKILL_01_003881"",""DC_APP0167_M1_SKILL_02_003882"",""DC_APP0167_M1_SKILL_04_003884"",""DC_APP0167_M1_SKILL_05_003885"",""DC_APP0167_M1_SKILL_06_003886"",""DC_APP0167_M1_SKILL_07_003887"",""DC_APP0167_M1_SKILL_08_003888""],""disagreement_must"":[],""human_rationale"":""추가 직접 관찰과 기존 근거를 검토했다. 남은 미관찰 자체는 탈락 사유가 아니며 업무 준비 지원으로 추적한다."",""learnable_gaps"":[""M1_SKILL_06""],""missing_must"":[],""repeated_must_limitations"":[],""review_round"":""RE_REVIEW"",""rubric_id"":""M1_EVIDENCE_RUBRIC_V02"",""talent_profile"":""talent_profile.json"",""unresolved_must"":[]}",FINAL_PANEL_01,2027-02-25T17:00:00+09:00,SYNTHETIC_HUMAN_SCENARIO
FD_APP0170_INITIAL,INITIAL,MISSING_EVIDENCE,"[{""context"":""앞선 관찰의 미확인/검증 범위"",""method"":""DIRECT_TASK"",""question"":""기존 미확인/제한을 작은 직접 과제와 검증 산출물로 확인"",""skill_id"":""M1_SKILL_02""}]",APP0170_FINAL_REVIEW_FOCUSED_FOLLOW_UP,APP0170,C0170,UNRESOLVED,"[""M1_SKILL_02""]",[],HOLD,"{""adverse_must"":[],""decision_refs"":[""DC_APP0170_M1_SKILL_03_003891"",""DC_APP0170_M1_SKILL_01_003889"",""DC_APP0170_M1_SKILL_02_003890"",""DC_APP0170_M1_SKILL_04_003892"",""DC_APP0170_M1_SKILL_05_003893"",""DC_APP0170_M1_SKILL_06_003894"",""DC_APP0170_M1_SKILL_07_003895"",""DC_APP0170_M1_SKILL_08_003896""],""disagreement_must"":[],""human_rationale"":""필수 근거·반복된 명시적 제한·남은 확인 질문을 검토한 합성 패널 판단."",""learnable_gaps"":[],""missing_must"":[""M1_SKILL_02""],""repeated_must_limitations"":[],""review_round"":""INITIAL"",""rubric_id"":""M1_EVIDENCE_RUBRIC_V02"",""talent_profile"":""talent_profile.json"",""unresolved_must"":[""M1_SKILL_02""]}",FINAL_PANEL_01,2027-02-20T11:45:00+09:00,SYNTHETIC_HUMAN_SCENARIO
FD_APP0170_RE_REVIEW,RE_REVIEW,,,APP0170_FINAL_REVIEW_FOCUSED_FOLLOW_UP,APP0170,C0170,UNRESOLVED,"[""M1_SKILL_02""]",[],DO_NOT_PROCEED,"{""accepted_uncertainty_plan"":[],""adverse_must"":[""M1_SKILL_02""],""decision_refs"":[""DC_APP0170_M1_SKILL_03_003899"",""DC_APP0170_M1_SKILL_01_003897"",""DC_APP0170_M1_SKILL_02_003898"",""DC_APP0170_M1_SKILL_04_003900"",""DC_APP0170_M1_SKILL_05_003901"",""DC_APP0170_M1_SKILL_06_003902"",""DC_APP0170_M1_SKILL_07_003903"",""DC_APP0170_M1_SKILL_08_003904""],""disagreement_must"":[],""human_rationale"":""추가 검증 후에도 남은 명시적 필수 검증 제한/해석 충돌을 검토하여 이번 역할 진행을 보류하지 않고 종료한다."",""learnable_gaps"":[],""missing_must"":[],""repeated_must_limitations"":[],""review_round"":""RE_REVIEW"",""rubric_id"":""M1_EVIDENCE_RUBRIC_V02"",""talent_profile"":""talent_profile.json"",""unresolved_must"":[""M1_SKILL_02""]}",FINAL_PANEL_01,2027-02-28T12:55:00+09:00,SYNTHETIC_HUMAN_SCENARIO
FD_APP0193_INITIAL,INITIAL,EVALUATOR_DISAGREEMENT,"[{""context"":""앞선 관찰의 미확인/검증 범위"",""method"":""DIRECT_TASK"",""question"":""기존 미확인/제한을 작은 직접 과제와 검증 산출물로 확인"",""skill_id"":""M1_SKILL_01""},{""context"":""앞선 관찰의 미확인/검증 범위"",""method"":""DIRECT_TASK"",""question"":""기존 미확인/제한을 작은 직접 과제와 검증 산출물로 확인"",""skill_id"":""M1_SKILL_02""},{""context"":""앞선 관찰의 미확인/검증 범위"",""method"":""DIRECT_TASK"",""question"":""기존 미확인/제한을 작은 직접 과제와 검증 산출물로 확인"",""skill_id"":""M1_SKILL_03""},{""context"":""앞선 관찰의 미확인/검증 범위"",""method"":""BEHAVIORAL_INTERACTION"",""question"":""개인 행동·피드백·검증 범위를 구체적 후속 질문으로 확인"",""skill_id"":""M1_SKILL_05""}]",APP0193_FINAL_REVIEW_FOCUSED_FOLLOW_UP,APP0193,C0193,UNRESOLVED,"[""M1_SKILL_01"",""M1_SKILL_02"",""M1_SKILL_03"",""M1_SKILL_05""]",[],HOLD,"{""adverse_must"":[],""decision_refs"":[""DC_APP0193_M1_SKILL_03_003907"",""DC_APP0193_M1_SKILL_01_003905"",""DC_APP0193_M1_SKILL_02_003906"",""DC_APP0193_M1_SKILL_04_003908"",""DC_APP0193_M1_SKILL_05_003909"",""DC_APP0193_M1_SKILL_06_003910"",""DC_APP0193_M1_SKILL_07_003911"",""DC_APP0193_M1_SKILL_08_003912""],""disagreement_must"":[""M1_SKILL_01"",""M1_SKILL_03""],""human_rationale"":""필수 근거·반복된 명시적 제한·남은 확인 질문을 검토한 합성 패널 판단."",""learnable_gaps"":[],""missing_must"":[""M1_SKILL_02"",""M1_SKILL_05""],""repeated_must_limitations"":[],""review_round"":""INITIAL"",""rubric_id"":""M1_EVIDENCE_RUBRIC_V02"",""talent_profile"":""talent_profile.json"",""unresolved_must"":[""M1_SKILL_01"",""M1_SKILL_02"",""M1_SKILL_03"",""M1_SKILL_05""]}",FINAL_PANEL_01,2027-02-16T12:10:00+09:00,SYNTHETIC_HUMAN_SCENARIO
FD_APP0193_RE_REVIEW,RE_REVIEW,,,APP0193_FINAL_REVIEW_FOCUSED_FOLLOW_UP,APP0193,C0193,UNRESOLVED,"[""M1_SKILL_01"",""M1_SKILL_03""]",[],DO_NOT_PROCEED,"{""accepted_uncertainty_plan"":[],""adverse_must"":[],""decision_refs"":[""DC_APP0193_M1_SKILL_03_003915"",""DC_APP0193_M1_SKILL_01_003913"",""DC_APP0193_M1_SKILL_02_003914"",""DC_APP0193_M1_SKILL_04_003916"",""DC_APP0193_M1_SKILL_05_003917"",""DC_APP0193_M1_SKILL_06_003918"",""DC_APP0193_M1_SKILL_07_003919"",""DC_APP0193_M1_SKILL_08_003920""],""disagreement_must"":[""M1_SKILL_01"",""M1_SKILL_03""],""human_rationale"":""추가 검증 후에도 남은 명시적 필수 검증 제한/해석 충돌을 검토하여 이번 역할 진행을 보류하지 않고 종료한다."",""learnable_gaps"":[],""missing_must"":[],""repeated_must_limitations"":[],""review_round"":""RE_REVIEW"",""rubric_id"":""M1_EVIDENCE_RUBRIC_V02"",""talent_profile"":""talent_profile.json"",""unresolved_must"":[""M1_SKILL_01"",""M1_SKILL_03""]}",FINAL_PANEL_01,2027-02-24T12:55:00+09:00,SYNTHETIC_HUMAN_SCENARIO
FD_APP0199_INITIAL,INITIAL,MISSING_EVIDENCE,"[{""context"":""앞선 관찰의 미확인/검증 범위"",""method"":""DIRECT_TASK"",""question"":""기존 미확인/제한을 작은 직접 과제와 검증 산출물로 확인"",""skill_id"":""M1_SKILL_01""},{""context"":""앞선 관찰의 미확인/검증 범위"",""method"":""DIRECT_TASK"",""question"":""기존 미확인/제한을 작은 직접 과제와 검증 산출물로 확인"",""skill_id"":""M1_SKILL_02""}]",APP0199_FINAL_REVIEW_FOCUSED_FOLLOW_UP,APP0199,C0199,UNRESOLVED,"[""M1_SKILL_01"",""M1_SKILL_02""]",[],HOLD,"{""adverse_must"":[],""decision_refs"":[""DC_APP0199_M1_SKILL_03_003923"",""DC_APP0199_M1_SKILL_01_003921"",""DC_APP0199_M1_SKILL_02_003922"",""DC_APP0199_M1_SKILL_04_003924"",""DC_APP0199_M1_SKILL_05_003925"",""DC_APP0199_M1_SKILL_06_003926"",""DC_APP0199_M1_SKILL_07_003927"",""DC_APP0199_M1_SKILL_08_003928""],""disagreement_must"":[],""human_rationale"":""필수 근거·반복된 명시적 제한·남은 확인 질문을 검토한 합성 패널 판단."",""learnable_gaps"":[],""missing_must"":[""M1_SKILL_01"",""M1_SKILL_02""],""repeated_must_limitations"":[],""review_round"":""INITIAL"",""rubric_id"":""M1_EVIDENCE_RUBRIC_V02"",""talent_profile"":""talent_profile.json"",""unresolved_must"":[""M1_SKILL_01"",""M1_SKILL_02""]}",FINAL_PANEL_01,2027-02-19T15:30:00+09:00,SYNTHETIC_HUMAN_SCENARIO
FD_APP0199_RE_REVIEW,RE_REVIEW,,,APP0199_FINAL_REVIEW_FOCUSED_FOLLOW_UP,APP0199,C0199,COVERED,[],[],PROCEED_TO_OFFER,"{""accepted_uncertainty_plan"":[],""adverse_must"":[],""decision_refs"":[""DC_APP0199_M1_SKILL_03_003931"",""DC_APP0199_M1_SKILL_01_003929"",""DC_APP0199_M1_SKILL_02_003930"",""DC_APP0199_M1_SKILL_04_003932"",""DC_APP0199_M1_SKILL_05_003933"",""DC_APP0199_M1_SKILL_06_003934"",""DC_APP0199_M1_SKILL_07_003935"",""DC_APP0199_M1_SKILL_08_003936""],""disagreement_must"":[],""human_rationale"":""추가 직접 관찰과 기존 근거를 검토했다. 남은 미관찰 자체는 탈락 사유가 아니며 업무 준비 지원으로 추적한다."",""learnable_gaps"":[],""missing_must"":[],""repeated_must_limitations"":[],""review_round"":""RE_REVIEW"",""rubric_id"":""M1_EVIDENCE_RUBRIC_V02"",""talent_profile"":""talent_profile.json"",""unresolved_must"":[]}",FINAL_PANEL_01,2027-02-27T16:25:00+09:00,SYNTHETIC_HUMAN_SCENARIO
FD_APP0186_INITIAL,INITIAL,,,,APP0186,C0186,COVERED,[],"[""M1_SKILL_06""]",PROCEED_TO_OFFER,"{""adverse_must"":[],""decision_refs"":[""DC_APP0186_M1_SKILL_03_003939"",""DC_APP0186_M1_SKILL_01_003937"",""DC_APP0186_M1_SKILL_02_003938"",""DC_APP0186_M1_SKILL_04_003940"",""DC_APP0186_M1_SKILL_05_003941"",""DC_APP0186_M1_SKILL_06_003942"",""DC_APP0186_M1_SKILL_07_003943"",""DC_APP0186_M1_SKILL_08_003944""],""disagreement_must"":[],""human_rationale"":""필수 근거·반복된 명시적 제한·남은 확인 질문을 검토한 합성 패널 판단."",""learnable_gaps"":[""M1_SKILL_06""],""missing_must"":[],""repeated_must_limitations"":[],""review_round"":""INITIAL"",""rubric_id"":""M1_EVIDENCE_RUBRIC_V02"",""talent_profile"":""talent_profile.json"",""unresolved_must"":[]}",FINAL_PANEL_01,2027-02-23T13:35:00+09:00,SYNTHETIC_HUMAN_SCENARIO
FD_APP0162_INITIAL,INITIAL,UNRESOLVED_EVIDENCE,"[{""context"":""앞선 관찰의 미확인/검증 범위"",""method"":""DIRECT_TASK"",""question"":""기존 미확인/제한을 작은 직접 과제와 검증 산출물로 확인"",""skill_id"":""M1_SKILL_02""}]",APP0162_FINAL_REVIEW_FOCUSED_FOLLOW_UP,APP0162,C0162,UNRESOLVED,"[""M1_SKILL_02""]",[],HOLD,"{""adverse_must"":[""M1_SKILL_02""],""decision_refs"":[""DC_APP0162_M1_SKILL_03_003947"",""DC_APP0162_M1_SKILL_01_003945"",""DC_APP0162_M1_SKILL_02_003946"",""DC_APP0162_M1_SKILL_04_003948"",""DC_APP0162_M1_SKILL_05_003949"",""DC_APP0162_M1_SKILL_06_003950"",""DC_APP0162_M1_SKILL_07_003951"",""DC_APP0162_M1_SKILL_08_003952""],""disagreement_must"":[],""human_rationale"":""필수 근거·반복된 명시적 제한·남은 확인 질문을 검토한 합성 패널 판단."",""learnable_gaps"":[],""missing_must"":[],""repeated_must_limitations"":[],""review_round"":""INITIAL"",""rubric_id"":""M1_EVIDENCE_RUBRIC_V02"",""talent_profile"":""talent_profile.json"",""unresolved_must"":[""M1_SKILL_02""]}",FINAL_PANEL_01,2027-02-21T13:05:00+09:00,SYNTHETIC_HUMAN_SCENARIO
FD_APP0162_RE_REVIEW,RE_REVIEW,,,APP0162_FINAL_REVIEW_FOCUSED_FOLLOW_UP,APP0162,C0162,COVERED,[],[],PROCEED_TO_OFFER,"{""accepted_uncertainty_plan"":[],""adverse_must"":[],""decision_refs"":[""DC_APP0162_M1_SKILL_03_003955"",""DC_APP0162_M1_SKILL_01_003953"",""DC_APP0162_M1_SKILL_02_003954"",""DC_APP0162_M1_SKILL_04_003956"",""DC_APP0162_M1_SKILL_05_003957"",""DC_APP0162_M1_SKILL_06_003958"",""DC_APP0162_M1_SKILL_07_003959"",""DC_APP0162_M1_SKILL_08_003960""],""disagreement_must"":[],""human_rationale"":""추가 직접 관찰과 기존 근거를 검토했다. 남은 미관찰 자체는 탈락 사유가 아니며 업무 준비 지원으로 추적한다."",""learnable_gaps"":[],""missing_must"":[],""repeated_must_limitations"":[],""review_round"":""RE_REVIEW"",""rubric_id"":""M1_EVIDENCE_RUBRIC_V02"",""talent_profile"":""talent_profile.json"",""unresolved_must"":[]}",FINAL_PANEL_01,2027-03-01T14:10:00+09:00,SYNTHETIC_HUMAN_SCENARIO
FD_APP0173_INITIAL,INITIAL,EVALUATOR_DISAGREEMENT,"[{""context"":""앞선 관찰의 미확인/검증 범위"",""method"":""DIRECT_TASK"",""question"":""기존 미확인/제한을 작은 직접 과제와 검증 산출물로 확인"",""skill_id"":""M1_SKILL_01""}]",APP0173_FINAL_REVIEW_FOCUSED_FOLLOW_UP,APP0173,C0173,UNRESOLVED,"[""M1_SKILL_01""]",[],HOLD,"{""adverse_must"":[""M1_SKILL_01""],""decision_refs"":[""DC_APP0173_M1_SKILL_03_003963"",""DC_APP0173_M1_SKILL_01_003961"",""DC_APP0173_M1_SKILL_02_003962"",""DC_APP0173_M1_SKILL_04_003964"",""DC_APP0173_M1_SKILL_05_003965"",""DC_APP0173_M1_SKILL_06_003966"",""DC_APP0173_M1_SKILL_07_003967"",""DC_APP0173_M1_SKILL_08_003968""],""disagreement_must"":[""M1_SKILL_01""],""human_rationale"":""필수 근거·반복된 명시적 제한·남은 확인 질문을 검토한 합성 패널 판단."",""learnable_gaps"":[],""missing_must"":[],""repeated_must_limitations"":[],""review_round"":""INITIAL"",""rubric_id"":""M1_EVIDENCE_RUBRIC_V02"",""talent_profile"":""talent_profile.json"",""unresolved_must"":[""M1_SKILL_01""]}",FINAL_PANEL_01,2027-02-14T18:40:00+09:00,SYNTHETIC_HUMAN_SCENARIO
FD_APP0173_RE_REVIEW,RE_REVIEW,,,APP0173_FINAL_REVIEW_FOCUSED_FOLLOW_UP,APP0173,C0173,COVERED,[],[],PROCEED_TO_OFFER,"{""accepted_uncertainty_plan"":[],""adverse_must"":[],""decision_refs"":[""DC_APP0173_M1_SKILL_03_003971"",""DC_APP0173_M1_SKILL_01_003969"",""DC_APP0173_M1_SKILL_02_003970"",""DC_APP0173_M1_SKILL_04_003972"",""DC_APP0173_M1_SKILL_05_003973"",""DC_APP0173_M1_SKILL_06_003974"",""DC_APP0173_M1_SKILL_07_003975"",""DC_APP0173_M1_SKILL_08_003976""],""disagreement_must"":[],""human_rationale"":""추가 직접 관찰과 기존 근거를 검토했다. 남은 미관찰 자체는 탈락 사유가 아니며 업무 준비 지원으로 추적한다."",""learnable_gaps"":[],""missing_must"":[],""repeated_must_limitations"":[],""review_round"":""RE_REVIEW"",""rubric_id"":""M1_EVIDENCE_RUBRIC_V02"",""talent_profile"":""talent_profile.json"",""unresolved_must"":[]}",FINAL_PANEL_01,2027-02-22T19:50:00+09:00,SYNTHETIC_HUMAN_SCENARIO
FD_APP0189_INITIAL,INITIAL,EVALUATOR_DISAGREEMENT,"[{""context"":""앞선 관찰의 미확인/검증 범위"",""method"":""DIRECT_TASK"",""question"":""기존 미확인/제한을 작은 직접 과제와 검증 산출물로 확인"",""skill_id"":""M1_SKILL_02""}]",APP0189_FINAL_REVIEW_FOCUSED_FOLLOW_UP,APP0189,C0189,UNRESOLVED,"[""M1_SKILL_02""]",[],HOLD,"{""adverse_must"":[],""decision_refs"":[""DC_APP0189_M1_SKILL_03_003979"",""DC_APP0189_M1_SKILL_01_003977"",""DC_APP0189_M1_SKILL_02_003978"",""DC_APP0189_M1_SKILL_04_003980"",""DC_APP0189_M1_SKILL_05_003981"",""DC_APP0189_M1_SKILL_06_003982"",""DC_APP0189_M1_SKILL_07_003983"",""DC_APP0189_M1_SKILL_08_003984""],""disagreement_must"":[""M1_SKILL_02""],""human_rationale"":""필수 근거·반복된 명시적 제한·남은 확인 질문을 검토한 합성 패널 판단."",""learnable_gaps"":[],""missing_must"":[],""repeated_must_limitations"":[],""review_round"":""INITIAL"",""rubric_id"":""M1_EVIDENCE_RUBRIC_V02"",""talent_profile"":""talent_profile.json"",""unresolved_must"":[""M1_SKILL_02""]}",FINAL_PANEL_01,2027-02-23T15:05:00+09:00,SYNTHETIC_HUMAN_SCENARIO
FD_APP0189_RE_REVIEW,RE_REVIEW,,,APP0189_FINAL_REVIEW_FOCUSED_FOLLOW_UP,APP0189,C0189,UNRESOLVED,"[""M1_SKILL_02""]",[],DO_NOT_PROCEED,"{""accepted_uncertainty_plan"":[],""adverse_must"":[],""decision_refs"":[""DC_APP0189_M1_SKILL_03_003987"",""DC_APP0189_M1_SKILL_01_003985"",""DC_APP0189_M1_SKILL_02_003986"",""DC_APP0189_M1_SKILL_04_003988"",""DC_APP0189_M1_SKILL_05_003989"",""DC_APP0189_M1_SKILL_06_003990"",""DC_APP0189_M1_SKILL_07_003991"",""DC_APP0189_M1_SKILL_08_003992""],""disagreement_must"":[""M1_SKILL_02""],""human_rationale"":""추가 검증 후에도 남은 명시적 필수 검증 제한/해석 충돌을 검토하여 이번 역할 진행을 보류하지 않고 종료한다."",""learnable_gaps"":[],""missing_must"":[],""repeated_must_limitations"":[],""review_round"":""RE_REVIEW"",""rubric_id"":""M1_EVIDENCE_RUBRIC_V02"",""talent_profile"":""talent_profile.json"",""unresolved_must"":[""M1_SKILL_02""]}",FINAL_PANEL_01,2027-03-03T16:15:00+09:00,SYNTHETIC_HUMAN_SCENARIO
FD_APP0181_INITIAL,INITIAL,,,,APP0181,C0181,COVERED,[],[],PROCEED_TO_OFFER,"{""adverse_must"":[],""decision_refs"":[""DC_APP0181_M1_SKILL_03_003995"",""DC_APP0181_M1_SKILL_01_003993"",""DC_APP0181_M1_SKILL_02_003994"",""DC_APP0181_M1_SKILL_04_003996"",""DC_APP0181_M1_SKILL_05_003997"",""DC_APP0181_M1_SKILL_06_003998"",""DC_APP0181_M1_SKILL_07_003999"",""DC_APP0181_M1_SKILL_08_004000""],""disagreement_must"":[],""human_rationale"":""필수 근거·반복된 명시적 제한·남은 확인 질문을 검토한 합성 패널 판단."",""learnable_gaps"":[],""missing_must"":[],""repeated_must_limitations"":[],""review_round"":""INITIAL"",""rubric_id"":""M1_EVIDENCE_RUBRIC_V02"",""talent_profile"":""talent_profile.json"",""unresolved_must"":[]}",FINAL_PANEL_01,2027-02-24T12:00:00+09:00,SYNTHETIC_HUMAN_SCENARIO
FD_APP0202_INITIAL,INITIAL,EVALUATOR_DISAGREEMENT,"[{""context"":""앞선 관찰의 미확인/검증 범위"",""method"":""DIRECT_TASK"",""question"":""기존 미확인/제한을 작은 직접 과제와 검증 산출물로 확인"",""skill_id"":""M1_SKILL_02""}]",APP0202_FINAL_REVIEW_FOCUSED_FOLLOW_UP,APP0202,C0202,UNRESOLVED,"[""M1_SKILL_02""]","[""M1_SKILL_06""]",HOLD,"{""adverse_must"":[],""decision_refs"":[""DC_APP0202_M1_SKILL_03_004003"",""DC_APP0202_M1_SKILL_01_004001"",""DC_APP0202_M1_SKILL_02_004002"",""DC_APP0202_M1_SKILL_04_004004"",""DC_APP0202_M1_SKILL_05_004005"",""DC_APP0202_M1_SKILL_06_004006"",""DC_APP0202_M1_SKILL_07_004007"",""DC_APP0202_M1_SKILL_08_004008""],""disagreement_must"":[""M1_SKILL_02""],""human_rationale"":""필수 근거·반복된 명시적 제한·남은 확인 질문을 검토한 합성 패널 판단."",""learnable_gaps"":[""M1_SKILL_06""],""missing_must"":[],""repeated_must_limitations"":[],""review_round"":""INITIAL"",""rubric_id"":""M1_EVIDENCE_RUBRIC_V02"",""talent_profile"":""talent_profile.json"",""unresolved_must"":[""M1_SKILL_02""]}",FINAL_PANEL_01,2027-02-22T12:45:00+09:00,SYNTHETIC_HUMAN_SCENARIO
FD_APP0202_RE_REVIEW,RE_REVIEW,,,APP0202_FINAL_REVIEW_FOCUSED_FOLLOW_UP,APP0202,C0202,COVERED,[],"[""M1_SKILL_06""]",PROCEED_TO_OFFER,"{""accepted_uncertainty_plan"":[],""adverse_must"":[],""decision_refs"":[""DC_APP0202_M1_SKILL_03_004011"",""DC_APP0202_M1_SKILL_01_004009"",""DC_APP0202_M1_SKILL_02_004010"",""DC_APP0202_M1_SKILL_04_004012"",""DC_APP0202_M1_SKILL_05_004013"",""DC_APP0202_M1_SKILL_06_004014"",""DC_APP0202_M1_SKILL_07_004015"",""DC_APP0202_M1_SKILL_08_004016""],""disagreement_must"":[],""human_rationale"":""추가 직접 관찰과 기존 근거를 검토했다. 남은 미관찰 자체는 탈락 사유가 아니며 업무 준비 지원으로 추적한다."",""learnable_gaps"":[""M1_SKILL_06""],""missing_must"":[],""repeated_must_limitations"":[],""review_round"":""RE_REVIEW"",""rubric_id"":""M1_EVIDENCE_RUBRIC_V02"",""talent_profile"":""talent_profile.json"",""unresolved_must"":[]}",FINAL_PANEL_01,2027-03-02T13:40:00+09:00,SYNTHETIC_HUMAN_SCENARIO
FD_APP0163_INITIAL,INITIAL,EVALUATOR_DISAGREEMENT,"[{""context"":""앞선 관찰의 미확인/검증 범위"",""method"":""DIRECT_TASK"",""question"":""기존 미확인/제한을 작은 직접 과제와 검증 산출물로 확인"",""skill_id"":""M1_SKILL_02""}]",APP0163_FINAL_REVIEW_FOCUSED_FOLLOW_UP,APP0163,C0163,UNRESOLVED,"[""M1_SKILL_02""]",[],HOLD,"{""adverse_must"":[],""decision_refs"":[""DC_APP0163_M1_SKILL_03_004019"",""DC_APP0163_M1_SKILL_01_004017"",""DC_APP0163_M1_SKILL_02_004018"",""DC_APP0163_M1_SKILL_04_004020"",""DC_APP0163_M1_SKILL_05_004021"",""DC_APP0163_M1_SKILL_06_004022"",""DC_APP0163_M1_SKILL_07_004023"",""DC_APP0163_M1_SKILL_08_004024""],""disagreement_must"":[""M1_SKILL_02""],""human_rationale"":""필수 근거·반복된 명시적 제한·남은 확인 질문을 검토한 합성 패널 판단."",""learnable_gaps"":[],""missing_must"":[],""repeated_must_limitations"":[],""review_round"":""INITIAL"",""rubric_id"":""M1_EVIDENCE_RUBRIC_V02"",""talent_profile"":""talent_profile.json"",""unresolved_must"":[""M1_SKILL_02""]}",FINAL_PANEL_01,2027-02-20T11:45:00+09:00,SYNTHETIC_HUMAN_SCENARIO
FD_APP0163_RE_REVIEW,RE_REVIEW,,,APP0163_FINAL_REVIEW_FOCUSED_FOLLOW_UP,APP0163,C0163,COVERED,[],[],PROCEED_TO_OFFER,"{""accepted_uncertainty_plan"":[],""adverse_must"":[],""decision_refs"":[""DC_APP0163_M1_SKILL_03_004027"",""DC_APP0163_M1_SKILL_01_004025"",""DC_APP0163_M1_SKILL_02_004026"",""DC_APP0163_M1_SKILL_04_004028"",""DC_APP0163_M1_SKILL_05_004029"",""DC_APP0163_M1_SKILL_06_004030"",""DC_APP0163_M1_SKILL_07_004031"",""DC_APP0163_M1_SKILL_08_004032""],""disagreement_must"":[],""human_rationale"":""추가 직접 관찰과 기존 근거를 검토했다. 남은 미관찰 자체는 탈락 사유가 아니며 업무 준비 지원으로 추적한다."",""learnable_gaps"":[],""missing_must"":[],""repeated_must_limitations"":[],""review_round"":""RE_REVIEW"",""rubric_id"":""M1_EVIDENCE_RUBRIC_V02"",""talent_profile"":""talent_profile.json"",""unresolved_must"":[]}",FINAL_PANEL_01,2027-02-28T14:10:00+09:00,SYNTHETIC_HUMAN_SCENARIO
FD_APP0230_INITIAL,INITIAL,EVALUATOR_DISAGREEMENT,"[{""context"":""앞선 관찰의 미확인/검증 범위"",""method"":""DIRECT_TASK"",""question"":""기존 미확인/제한을 작은 직접 과제와 검증 산출물로 확인"",""skill_id"":""M1_SKILL_02""},{""context"":""앞선 관찰의 미확인/검증 범위"",""method"":""DIRECT_TASK"",""question"":""기존 미확인/제한을 작은 직접 과제와 검증 산출물로 확인"",""skill_id"":""M1_SKILL_03""}]",APP0230_FINAL_REVIEW_FOCUSED_FOLLOW_UP,APP0230,C0230,UNRESOLVED,"[""M1_SKILL_02"",""M1_SKILL_03""]",[],HOLD,"{""adverse_must"":[],""decision_refs"":[""DC_APP0230_M1_SKILL_03_004035"",""DC_APP0230_M1_SKILL_01_004033"",""DC_APP0230_M1_SKILL_02_004034"",""DC_APP0230_M1_SKILL_04_004036"",""DC_APP0230_M1_SKILL_05_004037"",""DC_APP0230_M1_SKILL_06_004038"",""DC_APP0230_M1_SKILL_07_004039"",""DC_APP0230_M1_SKILL_08_004040""],""disagreement_must"":[""M1_SKILL_02""],""human_rationale"":""필수 근거·반복된 명시적 제한·남은 확인 질문을 검토한 합성 패널 판단."",""learnable_gaps"":[],""missing_must"":[""M1_SKILL_03""],""repeated_must_limitations"":[],""review_round"":""INITIAL"",""rubric_id"":""M1_EVIDENCE_RUBRIC_V02"",""talent_profile"":""talent_profile.json"",""unresolved_must"":[""M1_SKILL_02"",""M1_SKILL_03""]}",FINAL_PANEL_01,2027-02-21T15:25:00+09:00,SYNTHETIC_HUMAN_SCENARIO
FD_APP0230_RE_REVIEW,RE_REVIEW,,,APP0230_FINAL_REVIEW_FOCUSED_FOLLOW_UP,APP0230,C0230,UNRESOLVED,"[""M1_SKILL_03""]",[],DO_NOT_PROCEED,"{""accepted_uncertainty_plan"":[],""adverse_must"":[""M1_SKILL_03""],""decision_refs"":[""DC_APP0230_M1_SKILL_03_004043"",""DC_APP0230_M1_SKILL_01_004041"",""DC_APP0230_M1_SKILL_02_004042"",""DC_APP0230_M1_SKILL_04_004044"",""DC_APP0230_M1_SKILL_05_004045"",""DC_APP0230_M1_SKILL_06_004046"",""DC_APP0230_M1_SKILL_07_004047"",""DC_APP0230_M1_SKILL_08_004048""],""disagreement_must"":[],""human_rationale"":""추가 검증 후에도 남은 명시적 필수 검증 제한/해석 충돌을 검토하여 이번 역할 진행을 보류하지 않고 종료한다."",""learnable_gaps"":[],""missing_must"":[],""repeated_must_limitations"":[],""review_round"":""RE_REVIEW"",""rubric_id"":""M1_EVIDENCE_RUBRIC_V02"",""talent_profile"":""talent_profile.json"",""unresolved_must"":[""M1_SKILL_03""]}",FINAL_PANEL_01,2027-03-01T16:40:00+09:00,SYNTHETIC_HUMAN_SCENARIO
FD_APP0166_INITIAL,INITIAL,,,,APP0166,C0166,COVERED,[],"[""M1_SKILL_06""]",PROCEED_TO_OFFER,"{""adverse_must"":[],""decision_refs"":[""DC_APP0166_M1_SKILL_03_004051"",""DC_APP0166_M1_SKILL_01_004049"",""DC_APP0166_M1_SKILL_02_004050"",""DC_APP0166_M1_SKILL_04_004052"",""DC_APP0166_M1_SKILL_05_004053"",""DC_APP0166_M1_SKILL_06_004054"",""DC_APP0166_M1_SKILL_07_004055"",""DC_APP0166_M1_SKILL_08_004056""],""disagreement_must"":[],""human_rationale"":""필수 근거·반복된 명시적 제한·남은 확인 질문을 검토한 합성 패널 판단."",""learnable_gaps"":[""M1_SKILL_06""],""missing_must"":[],""repeated_must_limitations"":[],""review_round"":""INITIAL"",""rubric_id"":""M1_EVIDENCE_RUBRIC_V02"",""talent_profile"":""talent_profile.json"",""unresolved_must"":[]}",FINAL_PANEL_01,2027-02-17T11:55:00+09:00,SYNTHETIC_HUMAN_SCENARIO
FD_APP0225_INITIAL,INITIAL,,,,APP0225,C0225,COVERED,[],"[""M1_SKILL_06""]",PROCEED_TO_OFFER,"{""adverse_must"":[],""decision_refs"":[""DC_APP0225_M1_SKILL_03_004059"",""DC_APP0225_M1_SKILL_01_004057"",""DC_APP0225_M1_SKILL_02_004058"",""DC_APP0225_M1_SKILL_04_004060"",""DC_APP0225_M1_SKILL_05_004061"",""DC_APP0225_M1_SKILL_06_004062"",""DC_APP0225_M1_SKILL_07_004063"",""DC_APP0225_M1_SKILL_08_004064""],""disagreement_must"":[],""human_rationale"":""필수 근거·반복된 명시적 제한·남은 확인 질문을 검토한 합성 패널 판단."",""learnable_gaps"":[""M1_SKILL_06""],""missing_must"":[],""repeated_must_limitations"":[],""review_round"":""INITIAL"",""rubric_id"":""M1_EVIDENCE_RUBRIC_V02"",""talent_profile"":""talent_profile.json"",""unresolved_must"":[]}",FINAL_PANEL_01,2027-02-23T13:50:00+09:00,SYNTHETIC_HUMAN_SCENARIO
FD_APP0182_INITIAL,INITIAL,,,,APP0182,C0182,COVERED,[],"[""M1_SKILL_06""]",PROCEED_TO_OFFER,"{""adverse_must"":[],""decision_refs"":[""DC_APP0182_M1_SKILL_03_004067"",""DC_APP0182_M1_SKILL_01_004065"",""DC_APP0182_M1_SKILL_02_004066"",""DC_APP0182_M1_SKILL_04_004068"",""DC_APP0182_M1_SKILL_05_004069"",""DC_APP0182_M1_SKILL_06_004070"",""DC_APP0182_M1_SKILL_07_004071"",""DC_APP0182_M1_SKILL_08_004072""],""disagreement_must"":[],""human_rationale"":""필수 근거·반복된 명시적 제한·남은 확인 질문을 검토한 합성 패널 판단."",""learnable_gaps"":[""M1_SKILL_06""],""missing_must"":[],""repeated_must_limitations"":[],""review_round"":""INITIAL"",""rubric_id"":""M1_EVIDENCE_RUBRIC_V02"",""talent_profile"":""talent_profile.json"",""unresolved_must"":[]}",FINAL_PANEL_01,2027-02-23T14:05:00+09:00,SYNTHETIC_HUMAN_SCENARIO
FD_APP0237_INITIAL,INITIAL,MISSING_EVIDENCE,"[{""context"":""앞선 관찰의 미확인/검증 범위"",""method"":""DIRECT_TASK"",""question"":""기존 미확인/제한을 작은 직접 과제와 검증 산출물로 확인"",""skill_id"":""M1_SKILL_02""},{""context"":""앞선 관찰의 미확인/검증 범위"",""method"":""DIRECT_TASK"",""question"":""기존 미확인/제한을 작은 직접 과제와 검증 산출물로 확인"",""skill_id"":""M1_SKILL_03""}]",APP0237_FINAL_REVIEW_FOCUSED_FOLLOW_UP,APP0237,C0237,UNRESOLVED,"[""M1_SKILL_02"",""M1_SKILL_03""]",[],HOLD,"{""adverse_must"":[""M1_SKILL_02""],""decision_refs"":[""DC_APP0237_M1_SKILL_03_004075"",""DC_APP0237_M1_SKILL_01_004073"",""DC_APP0237_M1_SKILL_02_004074"",""DC_APP0237_M1_SKILL_04_004076"",""DC_APP0237_M1_SKILL_05_004077"",""DC_APP0237_M1_SKILL_06_004078"",""DC_APP0237_M1_SKILL_07_004079"",""DC_APP0237_M1_SKILL_08_004080""],""disagreement_must"":[],""human_rationale"":""필수 근거·반복된 명시적 제한·남은 확인 질문을 검토한 합성 패널 판단."",""learnable_gaps"":[],""missing_must"":[""M1_SKILL_03""],""repeated_must_limitations"":[],""review_round"":""INITIAL"",""rubric_id"":""M1_EVIDENCE_RUBRIC_V02"",""talent_profile"":""talent_profile.json"",""unresolved_must"":[""M1_SKILL_02"",""M1_SKILL_03""]}",FINAL_PANEL_01,2027-02-26T13:20:00+09:00,SYNTHETIC_HUMAN_SCENARIO
FD_APP0237_RE_REVIEW,RE_REVIEW,,,APP0237_FINAL_REVIEW_FOCUSED_FOLLOW_UP,APP0237,C0237,UNRESOLVED,"[""M1_SKILL_03""]",[],DO_NOT_PROCEED,"{""accepted_uncertainty_plan"":[],""adverse_must"":[""M1_SKILL_03""],""decision_refs"":[""DC_APP0237_M1_SKILL_03_004083"",""DC_APP0237_M1_SKILL_01_004081"",""DC_APP0237_M1_SKILL_02_004082"",""DC_APP0237_M1_SKILL_04_004084"",""DC_APP0237_M1_SKILL_05_004085"",""DC_APP0237_M1_SKILL_06_004086"",""DC_APP0237_M1_SKILL_07_004087"",""DC_APP0237_M1_SKILL_08_004088""],""disagreement_must"":[],""human_rationale"":""추가 검증 후에도 남은 명시적 필수 검증 제한/해석 충돌을 검토하여 이번 역할 진행을 보류하지 않고 종료한다."",""learnable_gaps"":[],""missing_must"":[],""repeated_must_limitations"":[],""review_round"":""RE_REVIEW"",""rubric_id"":""M1_EVIDENCE_RUBRIC_V02"",""talent_profile"":""talent_profile.json"",""unresolved_must"":[""M1_SKILL_03""]}",FINAL_PANEL_01,2027-03-06T14:25:00+09:00,SYNTHETIC_HUMAN_SCENARIO
FD_APP0209_INITIAL,INITIAL,,,,APP0209,C0209,COVERED,[],[],PROCEED_TO_OFFER,"{""adverse_must"":[],""decision_refs"":[""DC_APP0209_M1_SKILL_03_004091"",""DC_APP0209_M1_SKILL_01_004089"",""DC_APP0209_M1_SKILL_02_004090"",""DC_APP0209_M1_SKILL_04_004092"",""DC_APP0209_M1_SKILL_05_004093"",""DC_APP0209_M1_SKILL_06_004094"",""DC_APP0209_M1_SKILL_07_004095"",""DC_APP0209_M1_SKILL_08_004096""],""disagreement_must"":[],""human_rationale"":""필수 근거·반복된 명시적 제한·남은 확인 질문을 검토한 합성 패널 판단."",""learnable_gaps"":[],""missing_must"":[],""repeated_must_limitations"":[],""review_round"":""INITIAL"",""rubric_id"":""M1_EVIDENCE_RUBRIC_V02"",""talent_profile"":""talent_profile.json"",""unresolved_must"":[]}",FINAL_PANEL_01,2027-02-26T12:50:00+09:00,SYNTHETIC_HUMAN_SCENARIO
FD_APP0235_INITIAL,INITIAL,MISSING_EVIDENCE,"[{""context"":""앞선 관찰의 미확인/검증 범위"",""method"":""DIRECT_TASK"",""question"":""기존 미확인/제한을 작은 직접 과제와 검증 산출물로 확인"",""skill_id"":""M1_SKILL_02""},{""context"":""앞선 관찰의 미확인/검증 범위"",""method"":""BEHAVIORAL_INTERACTION"",""question"":""개인 행동·피드백·검증 범위를 구체적 후속 질문으로 확인"",""skill_id"":""M1_SKILL_05""}]",APP0235_FINAL_REVIEW_FOCUSED_FOLLOW_UP,APP0235,C0235,UNRESOLVED,"[""M1_SKILL_02"",""M1_SKILL_05""]","[""M1_SKILL_06""]",HOLD,"{""adverse_must"":[""M1_SKILL_05""],""decision_refs"":[""DC_APP0235_M1_SKILL_03_004099"",""DC_APP0235_M1_SKILL_01_004097"",""DC_APP0235_M1_SKILL_02_004098"",""DC_APP0235_M1_SKILL_04_004100"",""DC_APP0235_M1_SKILL_05_004101"",""DC_APP0235_M1_SKILL_06_004102"",""DC_APP0235_M1_SKILL_07_004103"",""DC_APP0235_M1_SKILL_08_004104""],""disagreement_must"":[],""human_rationale"":""필수 근거·반복된 명시적 제한·남은 확인 질문을 검토한 합성 패널 판단."",""learnable_gaps"":[""M1_SKILL_06""],""missing_must"":[""M1_SKILL_02""],""repeated_must_limitations"":[],""review_round"":""INITIAL"",""rubric_id"":""M1_EVIDENCE_RUBRIC_V02"",""talent_profile"":""talent_profile.json"",""unresolved_must"":[""M1_SKILL_02"",""M1_SKILL_05""]}",FINAL_PANEL_01,2027-02-24T13:20:00+09:00,SYNTHETIC_HUMAN_SCENARIO
FD_APP0235_RE_REVIEW,RE_REVIEW,,,APP0235_FINAL_REVIEW_FOCUSED_FOLLOW_UP,APP0235,C0235,COVERED,[],"[""M1_SKILL_06""]",PROCEED_TO_OFFER,"{""accepted_uncertainty_plan"":[],""adverse_must"":[],""decision_refs"":[""DC_APP0235_M1_SKILL_03_004107"",""DC_APP0235_M1_SKILL_01_004105"",""DC_APP0235_M1_SKILL_02_004106"",""DC_APP0235_M1_SKILL_04_004108"",""DC_APP0235_M1_SKILL_05_004109"",""DC_APP0235_M1_SKILL_06_004110"",""DC_APP0235_M1_SKILL_07_004111"",""DC_APP0235_M1_SKILL_08_004112""],""disagreement_must"":[],""human_rationale"":""추가 직접 관찰과 기존 근거를 검토했다. 남은 미관찰 자체는 탈락 사유가 아니며 업무 준비 지원으로 추적한다."",""learnable_gaps"":[""M1_SKILL_06""],""missing_must"":[],""repeated_must_limitations"":[],""review_round"":""RE_REVIEW"",""rubric_id"":""M1_EVIDENCE_RUBRIC_V02"",""talent_profile"":""talent_profile.json"",""unresolved_must"":[]}",FINAL_PANEL_01,2027-03-04T14:05:00+09:00,SYNTHETIC_HUMAN_SCENARIO
FD_APP0196_INITIAL,INITIAL,,,,APP0196,C0196,COVERED,[],"[""M1_SKILL_06""]",PROCEED_TO_OFFER,"{""adverse_must"":[],""decision_refs"":[""DC_APP0196_M1_SKILL_03_004115"",""DC_APP0196_M1_SKILL_01_004113"",""DC_APP0196_M1_SKILL_02_004114"",""DC_APP0196_M1_SKILL_04_004116"",""DC_APP0196_M1_SKILL_05_004117"",""DC_APP0196_M1_SKILL_06_004118"",""DC_APP0196_M1_SKILL_07_004119"",""DC_APP0196_M1_SKILL_08_004120""],""disagreement_must"":[],""human_rationale"":""필수 근거·반복된 명시적 제한·남은 확인 질문을 검토한 합성 패널 판단."",""learnable_gaps"":[""M1_SKILL_06""],""missing_must"":[],""repeated_must_limitations"":[],""review_round"":""INITIAL"",""rubric_id"":""M1_EVIDENCE_RUBRIC_V02"",""talent_profile"":""talent_profile.json"",""unresolved_must"":[]}",FINAL_PANEL_01,2027-02-25T11:55:00+09:00,SYNTHETIC_HUMAN_SCENARIO
FD_APP0241_INITIAL,INITIAL,EVALUATOR_DISAGREEMENT,"[{""context"":""앞선 관찰의 미확인/검증 범위"",""method"":""BEHAVIORAL_INTERACTION"",""question"":""개인 행동·피드백·검증 범위를 구체적 후속 질문으로 확인"",""skill_id"":""M1_SKILL_04""}]",APP0241_FINAL_REVIEW_FOCUSED_FOLLOW_UP,APP0241,C0241,UNRESOLVED,"[""M1_SKILL_04""]",[],HOLD,"{""adverse_must"":[],""decision_refs"":[""DC_APP0241_M1_SKILL_03_004123"",""DC_APP0241_M1_SKILL_01_004121"",""DC_APP0241_M1_SKILL_02_004122"",""DC_APP0241_M1_SKILL_04_004124"",""DC_APP0241_M1_SKILL_05_004125"",""DC_APP0241_M1_SKILL_06_004126"",""DC_APP0241_M1_SKILL_07_004127"",""DC_APP0241_M1_SKILL_08_004128""],""disagreement_must"":[""M1_SKILL_04""],""human_rationale"":""필수 근거·반복된 명시적 제한·남은 확인 질문을 검토한 합성 패널 판단."",""learnable_gaps"":[],""missing_must"":[],""repeated_must_limitations"":[],""review_round"":""INITIAL"",""rubric_id"":""M1_EVIDENCE_RUBRIC_V02"",""talent_profile"":""talent_profile.json"",""unresolved_must"":[""M1_SKILL_04""]}",FINAL_PANEL_01,2027-02-27T14:45:00+09:00,SYNTHETIC_HUMAN_SCENARIO
FD_APP0241_RE_REVIEW,RE_REVIEW,,,APP0241_FINAL_REVIEW_FOCUSED_FOLLOW_UP,APP0241,C0241,UNRESOLVED,"[""M1_SKILL_04""]",[],DO_NOT_PROCEED,"{""accepted_uncertainty_plan"":[],""adverse_must"":[""M1_SKILL_04""],""decision_refs"":[""DC_APP0241_M1_SKILL_03_004131"",""DC_APP0241_M1_SKILL_01_004129"",""DC_APP0241_M1_SKILL_02_004130"",""DC_APP0241_M1_SKILL_04_004132"",""DC_APP0241_M1_SKILL_05_004133"",""DC_APP0241_M1_SKILL_06_004134"",""DC_APP0241_M1_SKILL_07_004135"",""DC_APP0241_M1_SKILL_08_004136""],""disagreement_must"":[""M1_SKILL_04""],""human_rationale"":""추가 검증 후에도 남은 명시적 필수 검증 제한/해석 충돌을 검토하여 이번 역할 진행을 보류하지 않고 종료한다."",""learnable_gaps"":[],""missing_must"":[],""repeated_must_limitations"":[],""review_round"":""RE_REVIEW"",""rubric_id"":""M1_EVIDENCE_RUBRIC_V02"",""talent_profile"":""talent_profile.json"",""unresolved_must"":[""M1_SKILL_04""]}",FINAL_PANEL_01,2027-03-07T15:45:00+09:00,SYNTHETIC_HUMAN_SCENARIO
FD_APP0210_INITIAL,INITIAL,EVALUATOR_DISAGREEMENT,"[{""context"":""앞선 관찰의 미확인/검증 범위"",""method"":""DIRECT_TASK"",""question"":""기존 미확인/제한을 작은 직접 과제와 검증 산출물로 확인"",""skill_id"":""M1_SKILL_02""}]",APP0210_FINAL_REVIEW_FOCUSED_FOLLOW_UP,APP0210,C0210,UNRESOLVED,"[""M1_SKILL_02""]","[""M1_SKILL_06""]",HOLD,"{""adverse_must"":[],""decision_refs"":[""DC_APP0210_M1_SKILL_03_004139"",""DC_APP0210_M1_SKILL_01_004137"",""DC_APP0210_M1_SKILL_02_004138"",""DC_APP0210_M1_SKILL_04_004140"",""DC_APP0210_M1_SKILL_05_004141"",""DC_APP0210_M1_SKILL_06_004142"",""DC_APP0210_M1_SKILL_07_004143"",""DC_APP0210_M1_SKILL_08_004144""],""disagreement_must"":[""M1_SKILL_02""],""human_rationale"":""필수 근거·반복된 명시적 제한·남은 확인 질문을 검토한 합성 패널 판단."",""learnable_gaps"":[""M1_SKILL_06""],""missing_must"":[],""repeated_must_limitations"":[],""review_round"":""INITIAL"",""rubric_id"":""M1_EVIDENCE_RUBRIC_V02"",""talent_profile"":""talent_profile.json"",""unresolved_must"":[""M1_SKILL_02""]}",FINAL_PANEL_01,2027-02-22T11:50:00+09:00,SYNTHETIC_HUMAN_SCENARIO
FD_APP0210_RE_REVIEW,RE_REVIEW,,,APP0210_FINAL_REVIEW_FOCUSED_FOLLOW_UP,APP0210,C0210,COVERED,[],"[""M1_SKILL_06""]",PROCEED_TO_OFFER,"{""accepted_uncertainty_plan"":[],""adverse_must"":[],""decision_refs"":[""DC_APP0210_M1_SKILL_03_004147"",""DC_APP0210_M1_SKILL_01_004145"",""DC_APP0210_M1_SKILL_02_004146"",""DC_APP0210_M1_SKILL_04_004148"",""DC_APP0210_M1_SKILL_05_004149"",""DC_APP0210_M1_SKILL_06_004150"",""DC_APP0210_M1_SKILL_07_004151"",""DC_APP0210_M1_SKILL_08_004152""],""disagreement_must"":[],""human_rationale"":""추가 직접 관찰과 기존 근거를 검토했다. 남은 미관찰 자체는 탈락 사유가 아니며 업무 준비 지원으로 추적한다."",""learnable_gaps"":[""M1_SKILL_06""],""missing_must"":[],""repeated_must_limitations"":[],""review_round"":""RE_REVIEW"",""rubric_id"":""M1_EVIDENCE_RUBRIC_V02"",""talent_profile"":""talent_profile.json"",""unresolved_must"":[]}",FINAL_PANEL_01,2027-03-02T14:05:00+09:00,SYNTHETIC_HUMAN_SCENARIO
FD_APP0232_INITIAL,INITIAL,,,,APP0232,C0232,REPEATED_LIMITATION,"[""M1_SKILL_05""]","[""M1_SKILL_06""]",DO_NOT_PROCEED,"{""adverse_must"":[""M1_SKILL_05""],""decision_refs"":[""DC_APP0232_M1_SKILL_03_004155"",""DC_APP0232_M1_SKILL_01_004153"",""DC_APP0232_M1_SKILL_02_004154"",""DC_APP0232_M1_SKILL_04_004156"",""DC_APP0232_M1_SKILL_05_004157"",""DC_APP0232_M1_SKILL_06_004158"",""DC_APP0232_M1_SKILL_07_004159"",""DC_APP0232_M1_SKILL_08_004160""],""disagreement_must"":[],""human_rationale"":""필수 근거·반복된 명시적 제한·남은 확인 질문을 검토한 합성 패널 판단."",""learnable_gaps"":[""M1_SKILL_06""],""missing_must"":[],""repeated_must_limitations"":[""M1_SKILL_05""],""review_round"":""INITIAL"",""rubric_id"":""M1_EVIDENCE_RUBRIC_V02"",""talent_profile"":""talent_profile.json"",""unresolved_must"":[""M1_SKILL_05""]}",FINAL_PANEL_01,2027-02-24T12:00:00+09:00,SYNTHETIC_HUMAN_SCENARIO
FD_APP0251_INITIAL,INITIAL,MISSING_EVIDENCE,"[{""context"":""앞선 관찰의 미확인/검증 범위"",""method"":""DIRECT_TASK"",""question"":""기존 미확인/제한을 작은 직접 과제와 검증 산출물로 확인"",""skill_id"":""M1_SKILL_02""},{""context"":""앞선 관찰의 미확인/검증 범위"",""method"":""BEHAVIORAL_INTERACTION"",""question"":""개인 행동·피드백·검증 범위를 구체적 후속 질문으로 확인"",""skill_id"":""M1_SKILL_04""}]",APP0251_FINAL_REVIEW_FOCUSED_FOLLOW_UP,APP0251,C0251,UNRESOLVED,"[""M1_SKILL_02"",""M1_SKILL_04""]",[],HOLD,"{""adverse_must"":[],""decision_refs"":[""DC_APP0251_M1_SKILL_03_004163"",""DC_APP0251_M1_SKILL_01_004161"",""DC_APP0251_M1_SKILL_02_004162"",""DC_APP0251_M1_SKILL_04_004164"",""DC_APP0251_M1_SKILL_05_004165"",""DC_APP0251_M1_SKILL_06_004166"",""DC_APP0251_M1_SKILL_07_004167"",""DC_APP0251_M1_SKILL_08_004168""],""disagreement_must"":[],""human_rationale"":""필수 근거·반복된 명시적 제한·남은 확인 질문을 검토한 합성 패널 판단."",""learnable_gaps"":[],""missing_must"":[""M1_SKILL_02"",""M1_SKILL_04""],""repeated_must_limitations"":[],""review_round"":""INITIAL"",""rubric_id"":""M1_EVIDENCE_RUBRIC_V02"",""talent_profile"":""talent_profile.json"",""unresolved_must"":[""M1_SKILL_02"",""M1_SKILL_04""]}",FINAL_PANEL_01,2027-02-25T13:40:00+09:00,SYNTHETIC_HUMAN_SCENARIO
FD_APP0251_RE_REVIEW,RE_REVIEW,,,APP0251_FINAL_REVIEW_FOCUSED_FOLLOW_UP,APP0251,C0251,UNRESOLVED,"[""M1_SKILL_02"",""M1_SKILL_04""]",[],DO_NOT_PROCEED,"{""accepted_uncertainty_plan"":[],""adverse_must"":[""M1_SKILL_02""],""decision_refs"":[""DC_APP0251_M1_SKILL_03_004171"",""DC_APP0251_M1_SKILL_01_004169"",""DC_APP0251_M1_SKILL_02_004170"",""DC_APP0251_M1_SKILL_04_004172"",""DC_APP0251_M1_SKILL_05_004173"",""DC_APP0251_M1_SKILL_06_004174"",""DC_APP0251_M1_SKILL_07_004175"",""DC_APP0251_M1_SKILL_08_004176""],""disagreement_must"":[""M1_SKILL_04""],""human_rationale"":""추가 검증 후에도 남은 명시적 필수 검증 제한/해석 충돌을 검토하여 이번 역할 진행을 보류하지 않고 종료한다."",""learnable_gaps"":[],""missing_must"":[],""repeated_must_limitations"":[],""review_round"":""RE_REVIEW"",""rubric_id"":""M1_EVIDENCE_RUBRIC_V02"",""talent_profile"":""talent_profile.json"",""unresolved_must"":[""M1_SKILL_02"",""M1_SKILL_04""]}",FINAL_PANEL_01,2027-03-05T14:30:00+09:00,SYNTHETIC_HUMAN_SCENARIO
FD_APP0220_INITIAL,INITIAL,EVALUATOR_DISAGREEMENT,"[{""context"":""앞선 관찰의 미확인/검증 범위"",""method"":""DIRECT_TASK"",""question"":""기존 미확인/제한을 작은 직접 과제와 검증 산출물로 확인"",""skill_id"":""M1_SKILL_01""},{""context"":""앞선 관찰의 미확인/검증 범위"",""method"":""DIRECT_TASK"",""question"":""기존 미확인/제한을 작은 직접 과제와 검증 산출물로 확인"",""skill_id"":""M1_SKILL_02""},{""context"":""앞선 관찰의 미확인/검증 범위"",""method"":""BEHAVIORAL_INTERACTION"",""question"":""개인 행동·피드백·검증 범위를 구체적 후속 질문으로 확인"",""skill_id"":""M1_SKILL_05""}]",APP0220_FINAL_REVIEW_FOCUSED_FOLLOW_UP,APP0220,C0220,UNRESOLVED,"[""M1_SKILL_01"",""M1_SKILL_02"",""M1_SKILL_05""]",[],HOLD,"{""adverse_must"":[""M1_SKILL_01"",""M1_SKILL_05""],""decision_refs"":[""DC_APP0220_M1_SKILL_03_004179"",""DC_APP0220_M1_SKILL_01_004177"",""DC_APP0220_M1_SKILL_02_004178"",""DC_APP0220_M1_SKILL_04_004180"",""DC_APP0220_M1_SKILL_05_004181"",""DC_APP0220_M1_SKILL_06_004182"",""DC_APP0220_M1_SKILL_07_004183"",""DC_APP0220_M1_SKILL_08_004184""],""disagreement_must"":[""M1_SKILL_05""],""human_rationale"":""필수 근거·반복된 명시적 제한·남은 확인 질문을 검토한 합성 패널 판단."",""learnable_gaps"":[],""missing_must"":[""M1_SKILL_02""],""repeated_must_limitations"":[],""review_round"":""INITIAL"",""rubric_id"":""M1_EVIDENCE_RUBRIC_V02"",""talent_profile"":""talent_profile.json"",""unresolved_must"":[""M1_SKILL_01"",""M1_SKILL_02"",""M1_SKILL_05""]}",FINAL_PANEL_01,2027-02-27T15:45:00+09:00,SYNTHETIC_HUMAN_SCENARIO
FD_APP0220_RE_REVIEW,RE_REVIEW,,,APP0220_FINAL_REVIEW_FOCUSED_FOLLOW_UP,APP0220,C0220,COVERED,[],[],PROCEED_TO_OFFER,"{""accepted_uncertainty_plan"":[],""adverse_must"":[],""decision_refs"":[""DC_APP0220_M1_SKILL_03_004187"",""DC_APP0220_M1_SKILL_01_004185"",""DC_APP0220_M1_SKILL_02_004186"",""DC_APP0220_M1_SKILL_04_004188"",""DC_APP0220_M1_SKILL_05_004189"",""DC_APP0220_M1_SKILL_06_004190"",""DC_APP0220_M1_SKILL_07_004191"",""DC_APP0220_M1_SKILL_08_004192""],""disagreement_must"":[],""human_rationale"":""추가 직접 관찰과 기존 근거를 검토했다. 남은 미관찰 자체는 탈락 사유가 아니며 업무 준비 지원으로 추적한다."",""learnable_gaps"":[],""missing_must"":[],""repeated_must_limitations"":[],""review_round"":""RE_REVIEW"",""rubric_id"":""M1_EVIDENCE_RUBRIC_V02"",""talent_profile"":""talent_profile.json"",""unresolved_must"":[]}",FINAL_PANEL_01,2027-03-07T16:50:00+09:00,SYNTHETIC_HUMAN_SCENARIO
FD_APP0205_INITIAL,INITIAL,EVALUATOR_DISAGREEMENT,"[{""context"":""앞선 관찰의 미확인/검증 범위"",""method"":""BEHAVIORAL_INTERACTION"",""question"":""개인 행동·피드백·검증 범위를 구체적 후속 질문으로 확인"",""skill_id"":""M1_SKILL_04""}]",APP0205_FINAL_REVIEW_FOCUSED_FOLLOW_UP,APP0205,C0205,UNRESOLVED,"[""M1_SKILL_04""]",[],HOLD,"{""adverse_must"":[],""decision_refs"":[""DC_APP0205_M1_SKILL_03_004195"",""DC_APP0205_M1_SKILL_01_004193"",""DC_APP0205_M1_SKILL_02_004194"",""DC_APP0205_M1_SKILL_04_004196"",""DC_APP0205_M1_SKILL_05_004197"",""DC_APP0205_M1_SKILL_06_004198"",""DC_APP0205_M1_SKILL_07_004199"",""DC_APP0205_M1_SKILL_08_004200""],""disagreement_must"":[""M1_SKILL_04""],""human_rationale"":""필수 근거·반복된 명시적 제한·남은 확인 질문을 검토한 합성 패널 판단."",""learnable_gaps"":[],""missing_must"":[],""repeated_must_limitations"":[],""review_round"":""INITIAL"",""rubric_id"":""M1_EVIDENCE_RUBRIC_V02"",""talent_profile"":""talent_profile.json"",""unresolved_must"":[""M1_SKILL_04""]}",FINAL_PANEL_01,2027-02-23T12:10:00+09:00,SYNTHETIC_HUMAN_SCENARIO
FD_APP0205_RE_REVIEW,RE_REVIEW,,,APP0205_FINAL_REVIEW_FOCUSED_FOLLOW_UP,APP0205,C0205,COVERED,[],[],PROCEED_TO_OFFER,"{""accepted_uncertainty_plan"":[],""adverse_must"":[],""decision_refs"":[""DC_APP0205_M1_SKILL_03_004203"",""DC_APP0205_M1_SKILL_01_004201"",""DC_APP0205_M1_SKILL_02_004202"",""DC_APP0205_M1_SKILL_04_004204"",""DC_APP0205_M1_SKILL_05_004205"",""DC_APP0205_M1_SKILL_06_004206"",""DC_APP0205_M1_SKILL_07_004207"",""DC_APP0205_M1_SKILL_08_004208""],""disagreement_must"":[],""human_rationale"":""추가 직접 관찰과 기존 근거를 검토했다. 남은 미관찰 자체는 탈락 사유가 아니며 업무 준비 지원으로 추적한다."",""learnable_gaps"":[],""missing_must"":[],""repeated_must_limitations"":[],""review_round"":""RE_REVIEW"",""rubric_id"":""M1_EVIDENCE_RUBRIC_V02"",""talent_profile"":""talent_profile.json"",""unresolved_must"":[]}",FINAL_PANEL_01,2027-03-03T13:15:00+09:00,SYNTHETIC_HUMAN_SCENARIO
FD_APP0219_INITIAL,INITIAL,EVALUATOR_DISAGREEMENT,"[{""context"":""앞선 관찰의 미확인/검증 범위"",""method"":""DIRECT_TASK"",""question"":""기존 미확인/제한을 작은 직접 과제와 검증 산출물로 확인"",""skill_id"":""M1_SKILL_02""},{""context"":""앞선 관찰의 미확인/검증 범위"",""method"":""BEHAVIORAL_INTERACTION"",""question"":""개인 행동·피드백·검증 범위를 구체적 후속 질문으로 확인"",""skill_id"":""M1_SKILL_05""}]",APP0219_FINAL_REVIEW_FOCUSED_FOLLOW_UP,APP0219,C0219,UNRESOLVED,"[""M1_SKILL_02"",""M1_SKILL_05""]",[],HOLD,"{""adverse_must"":[""M1_SKILL_02"",""M1_SKILL_05""],""decision_refs"":[""DC_APP0219_M1_SKILL_03_004211"",""DC_APP0219_M1_SKILL_01_004209"",""DC_APP0219_M1_SKILL_02_004210"",""DC_APP0219_M1_SKILL_04_004212"",""DC_APP0219_M1_SKILL_05_004213"",""DC_APP0219_M1_SKILL_06_004214"",""DC_APP0219_M1_SKILL_07_004215"",""DC_APP0219_M1_SKILL_08_004216""],""disagreement_must"":[""M1_SKILL_05""],""human_rationale"":""필수 근거·반복된 명시적 제한·남은 확인 질문을 검토한 합성 패널 판단."",""learnable_gaps"":[],""missing_must"":[],""repeated_must_limitations"":[],""review_round"":""INITIAL"",""rubric_id"":""M1_EVIDENCE_RUBRIC_V02"",""talent_profile"":""talent_profile.json"",""unresolved_must"":[""M1_SKILL_02"",""M1_SKILL_05""]}",FINAL_PANEL_01,2027-03-01T13:45:00+09:00,SYNTHETIC_HUMAN_SCENARIO
FD_APP0219_RE_REVIEW,RE_REVIEW,,,APP0219_FINAL_REVIEW_FOCUSED_FOLLOW_UP,APP0219,C0219,UNRESOLVED,"[""M1_SKILL_05""]",[],DO_NOT_PROCEED,"{""accepted_uncertainty_plan"":[],""adverse_must"":[""M1_SKILL_05""],""decision_refs"":[""DC_APP0219_M1_SKILL_03_004219"",""DC_APP0219_M1_SKILL_01_004217"",""DC_APP0219_M1_SKILL_02_004218"",""DC_APP0219_M1_SKILL_04_004220"",""DC_APP0219_M1_SKILL_05_004221"",""DC_APP0219_M1_SKILL_06_004222"",""DC_APP0219_M1_SKILL_07_004223"",""DC_APP0219_M1_SKILL_08_004224""],""disagreement_must"":[""M1_SKILL_05""],""human_rationale"":""추가 검증 후에도 남은 명시적 필수 검증 제한/해석 충돌을 검토하여 이번 역할 진행을 보류하지 않고 종료한다."",""learnable_gaps"":[],""missing_must"":[],""repeated_must_limitations"":[],""review_round"":""RE_REVIEW"",""rubric_id"":""M1_EVIDENCE_RUBRIC_V02"",""talent_profile"":""talent_profile.json"",""unresolved_must"":[""M1_SKILL_05""]}",FINAL_PANEL_01,2027-03-09T14:45:00+09:00,SYNTHETIC_HUMAN_SCENARIO
FD_APP0270_INITIAL,INITIAL,EVALUATOR_DISAGREEMENT,"[{""context"":""앞선 관찰의 미확인/검증 범위"",""method"":""DIRECT_TASK"",""question"":""기존 미확인/제한을 작은 직접 과제와 검증 산출물로 확인"",""skill_id"":""M1_SKILL_03""}]",APP0270_FINAL_REVIEW_FOCUSED_FOLLOW_UP,APP0270,C0270,UNRESOLVED,"[""M1_SKILL_03""]",[],HOLD,"{""adverse_must"":[],""decision_refs"":[""DC_APP0270_M1_SKILL_03_004227"",""DC_APP0270_M1_SKILL_01_004225"",""DC_APP0270_M1_SKILL_02_004226"",""DC_APP0270_M1_SKILL_04_004228"",""DC_APP0270_M1_SKILL_05_004229"",""DC_APP0270_M1_SKILL_06_004230"",""DC_APP0270_M1_SKILL_07_004231"",""DC_APP0270_M1_SKILL_08_004232""],""disagreement_must"":[""M1_SKILL_03""],""human_rationale"":""필수 근거·반복된 명시적 제한·남은 확인 질문을 검토한 합성 패널 판단."",""learnable_gaps"":[],""missing_must"":[],""repeated_must_limitations"":[],""review_round"":""INITIAL"",""rubric_id"":""M1_EVIDENCE_RUBRIC_V02"",""talent_profile"":""talent_profile.json"",""unresolved_must"":[""M1_SKILL_03""]}",FINAL_PANEL_01,2027-02-24T14:05:00+09:00,SYNTHETIC_HUMAN_SCENARIO
FD_APP0270_RE_REVIEW,RE_REVIEW,,,APP0270_FINAL_REVIEW_FOCUSED_FOLLOW_UP,APP0270,C0270,UNRESOLVED,"[""M1_SKILL_03""]",[],DO_NOT_PROCEED,"{""accepted_uncertainty_plan"":[],""adverse_must"":[],""decision_refs"":[""DC_APP0270_M1_SKILL_03_004235"",""DC_APP0270_M1_SKILL_01_004233"",""DC_APP0270_M1_SKILL_02_004234"",""DC_APP0270_M1_SKILL_04_004236"",""DC_APP0270_M1_SKILL_05_004237"",""DC_APP0270_M1_SKILL_06_004238"",""DC_APP0270_M1_SKILL_07_004239"",""DC_APP0270_M1_SKILL_08_004240""],""disagreement_must"":[""M1_SKILL_03""],""human_rationale"":""추가 검증 후에도 남은 명시적 필수 검증 제한/해석 충돌을 검토하여 이번 역할 진행을 보류하지 않고 종료한다."",""learnable_gaps"":[],""missing_must"":[],""repeated_must_limitations"":[],""review_round"":""RE_REVIEW"",""rubric_id"":""M1_EVIDENCE_RUBRIC_V02"",""talent_profile"":""talent_profile.json"",""unresolved_must"":[""M1_SKILL_03""]}",FINAL_PANEL_01,2027-03-04T14:55:00+09:00,SYNTHETIC_HUMAN_SCENARIO
FD_APP0269_INITIAL,INITIAL,EVALUATOR_DISAGREEMENT,"[{""context"":""앞선 관찰의 미확인/검증 범위"",""method"":""DIRECT_TASK"",""question"":""기존 미확인/제한을 작은 직접 과제와 검증 산출물로 확인"",""skill_id"":""M1_SKILL_02""}]",APP0269_FINAL_REVIEW_FOCUSED_FOLLOW_UP,APP0269,C0269,UNRESOLVED,"[""M1_SKILL_02""]",[],HOLD,"{""adverse_must"":[],""decision_refs"":[""DC_APP0269_M1_SKILL_03_004243"",""DC_APP0269_M1_SKILL_01_004241"",""DC_APP0269_M1_SKILL_02_004242"",""DC_APP0269_M1_SKILL_04_004244"",""DC_APP0269_M1_SKILL_05_004245"",""DC_APP0269_M1_SKILL_06_004246"",""DC_APP0269_M1_SKILL_07_004247"",""DC_APP0269_M1_SKILL_08_004248""],""disagreement_must"":[""M1_SKILL_02""],""human_rationale"":""필수 근거·반복된 명시적 제한·남은 확인 질문을 검토한 합성 패널 판단."",""learnable_gaps"":[],""missing_must"":[],""repeated_must_limitations"":[],""review_round"":""INITIAL"",""rubric_id"":""M1_EVIDENCE_RUBRIC_V02"",""talent_profile"":""talent_profile.json"",""unresolved_must"":[""M1_SKILL_02""]}",FINAL_PANEL_01,2027-02-27T12:35:00+09:00,SYNTHETIC_HUMAN_SCENARIO
FD_APP0269_RE_REVIEW,RE_REVIEW,,,APP0269_FINAL_REVIEW_FOCUSED_FOLLOW_UP,APP0269,C0269,UNRESOLVED,"[""M1_SKILL_02""]",[],DO_NOT_PROCEED,"{""accepted_uncertainty_plan"":[],""adverse_must"":[""M1_SKILL_02""],""decision_refs"":[""DC_APP0269_M1_SKILL_03_004251"",""DC_APP0269_M1_SKILL_01_004249"",""DC_APP0269_M1_SKILL_02_004250"",""DC_APP0269_M1_SKILL_04_004252"",""DC_APP0269_M1_SKILL_05_004253"",""DC_APP0269_M1_SKILL_06_004254"",""DC_APP0269_M1_SKILL_07_004255"",""DC_APP0269_M1_SKILL_08_004256""],""disagreement_must"":[""M1_SKILL_02""],""human_rationale"":""추가 검증 후에도 남은 명시적 필수 검증 제한/해석 충돌을 검토하여 이번 역할 진행을 보류하지 않고 종료한다."",""learnable_gaps"":[],""missing_must"":[],""repeated_must_limitations"":[],""review_round"":""RE_REVIEW"",""rubric_id"":""M1_EVIDENCE_RUBRIC_V02"",""talent_profile"":""talent_profile.json"",""unresolved_must"":[""M1_SKILL_02""]}",FINAL_PANEL_01,2027-03-07T13:30:00+09:00,SYNTHETIC_HUMAN_SCENARIO
FD_APP0223_INITIAL,INITIAL,MISSING_EVIDENCE,"[{""context"":""앞선 관찰의 미확인/검증 범위"",""method"":""DIRECT_TASK"",""question"":""기존 미확인/제한을 작은 직접 과제와 검증 산출물로 확인"",""skill_id"":""M1_SKILL_01""},{""context"":""앞선 관찰의 미확인/검증 범위"",""method"":""DIRECT_TASK"",""question"":""기존 미확인/제한을 작은 직접 과제와 검증 산출물로 확인"",""skill_id"":""M1_SKILL_02""}]",APP0223_FINAL_REVIEW_FOCUSED_FOLLOW_UP,APP0223,C0223,UNRESOLVED,"[""M1_SKILL_01"",""M1_SKILL_02""]",[],HOLD,"{""adverse_must"":[],""decision_refs"":[""DC_APP0223_M1_SKILL_03_004259"",""DC_APP0223_M1_SKILL_01_004257"",""DC_APP0223_M1_SKILL_02_004258"",""DC_APP0223_M1_SKILL_04_004260"",""DC_APP0223_M1_SKILL_05_004261"",""DC_APP0223_M1_SKILL_06_004262"",""DC_APP0223_M1_SKILL_07_004263"",""DC_APP0223_M1_SKILL_08_004264""],""disagreement_must"":[],""human_rationale"":""필수 근거·반복된 명시적 제한·남은 확인 질문을 검토한 합성 패널 판단."",""learnable_gaps"":[],""missing_must"":[""M1_SKILL_01"",""M1_SKILL_02""],""repeated_must_limitations"":[],""review_round"":""INITIAL"",""rubric_id"":""M1_EVIDENCE_RUBRIC_V02"",""talent_profile"":""talent_profile.json"",""unresolved_must"":[""M1_SKILL_01"",""M1_SKILL_02""]}",FINAL_PANEL_01,2027-02-24T13:00:00+09:00,SYNTHETIC_HUMAN_SCENARIO
FD_APP0223_RE_REVIEW,RE_REVIEW,,,APP0223_FINAL_REVIEW_FOCUSED_FOLLOW_UP,APP0223,C0223,UNRESOLVED,"[""M1_SKILL_01"",""M1_SKILL_02""]",[],DO_NOT_PROCEED,"{""accepted_uncertainty_plan"":[],""adverse_must"":[""M1_SKILL_01""],""decision_refs"":[""DC_APP0223_M1_SKILL_03_004267"",""DC_APP0223_M1_SKILL_01_004265"",""DC_APP0223_M1_SKILL_02_004266"",""DC_APP0223_M1_SKILL_04_004268"",""DC_APP0223_M1_SKILL_05_004269"",""DC_APP0223_M1_SKILL_06_004270"",""DC_APP0223_M1_SKILL_07_004271"",""DC_APP0223_M1_SKILL_08_004272""],""disagreement_must"":[],""human_rationale"":""추가 검증 후에도 남은 명시적 필수 검증 제한/해석 충돌을 검토하여 이번 역할 진행을 보류하지 않고 종료한다."",""learnable_gaps"":[],""missing_must"":[""M1_SKILL_02""],""repeated_must_limitations"":[],""review_round"":""RE_REVIEW"",""rubric_id"":""M1_EVIDENCE_RUBRIC_V02"",""talent_profile"":""talent_profile.json"",""unresolved_must"":[""M1_SKILL_01"",""M1_SKILL_02""]}",FINAL_PANEL_01,2027-03-04T15:40:00+09:00,SYNTHETIC_HUMAN_SCENARIO
FD_APP0216_INITIAL,INITIAL,,,,APP0216,C0216,COVERED,[],[],PROCEED_TO_OFFER,"{""adverse_must"":[],""decision_refs"":[""DC_APP0216_M1_SKILL_03_004275"",""DC_APP0216_M1_SKILL_01_004273"",""DC_APP0216_M1_SKILL_02_004274"",""DC_APP0216_M1_SKILL_04_004276"",""DC_APP0216_M1_SKILL_05_004277"",""DC_APP0216_M1_SKILL_06_004278"",""DC_APP0216_M1_SKILL_07_004279"",""DC_APP0216_M1_SKILL_08_004280""],""disagreement_must"":[],""human_rationale"":""필수 근거·반복된 명시적 제한·남은 확인 질문을 검토한 합성 패널 판단."",""learnable_gaps"":[],""missing_must"":[],""repeated_must_limitations"":[],""review_round"":""INITIAL"",""rubric_id"":""M1_EVIDENCE_RUBRIC_V02"",""talent_profile"":""talent_profile.json"",""unresolved_must"":[]}",FINAL_PANEL_01,2027-02-28T14:30:00+09:00,SYNTHETIC_HUMAN_SCENARIO
FD_APP0243_INITIAL,INITIAL,UNRESOLVED_EVIDENCE,"[{""context"":""앞선 관찰의 미확인/검증 범위"",""method"":""DIRECT_TASK"",""question"":""기존 미확인/제한을 작은 직접 과제와 검증 산출물로 확인"",""skill_id"":""M1_SKILL_02""}]",APP0243_FINAL_REVIEW_FOCUSED_FOLLOW_UP,APP0243,C0243,UNRESOLVED,"[""M1_SKILL_02""]",[],HOLD,"{""adverse_must"":[""M1_SKILL_02""],""decision_refs"":[""DC_APP0243_M1_SKILL_03_004283"",""DC_APP0243_M1_SKILL_01_004281"",""DC_APP0243_M1_SKILL_02_004282"",""DC_APP0243_M1_SKILL_04_004284"",""DC_APP0243_M1_SKILL_05_004285"",""DC_APP0243_M1_SKILL_06_004286"",""DC_APP0243_M1_SKILL_07_004287"",""DC_APP0243_M1_SKILL_08_004288""],""disagreement_must"":[],""human_rationale"":""필수 근거·반복된 명시적 제한·남은 확인 질문을 검토한 합성 패널 판단."",""learnable_gaps"":[],""missing_must"":[],""repeated_must_limitations"":[],""review_round"":""INITIAL"",""rubric_id"":""M1_EVIDENCE_RUBRIC_V02"",""talent_profile"":""talent_profile.json"",""unresolved_must"":[""M1_SKILL_02""]}",FINAL_PANEL_01,2027-02-25T15:00:00+09:00,SYNTHETIC_HUMAN_SCENARIO
FD_APP0243_RE_REVIEW,RE_REVIEW,,,APP0243_FINAL_REVIEW_FOCUSED_FOLLOW_UP,APP0243,C0243,COVERED,[],[],PROCEED_TO_OFFER,"{""accepted_uncertainty_plan"":[],""adverse_must"":[],""decision_refs"":[""DC_APP0243_M1_SKILL_03_004291"",""DC_APP0243_M1_SKILL_01_004289"",""DC_APP0243_M1_SKILL_02_004290"",""DC_APP0243_M1_SKILL_04_004292"",""DC_APP0243_M1_SKILL_05_004293"",""DC_APP0243_M1_SKILL_06_004294"",""DC_APP0243_M1_SKILL_07_004295"",""DC_APP0243_M1_SKILL_08_004296""],""disagreement_must"":[],""human_rationale"":""추가 직접 관찰과 기존 근거를 검토했다. 남은 미관찰 자체는 탈락 사유가 아니며 업무 준비 지원으로 추적한다."",""learnable_gaps"":[],""missing_must"":[],""repeated_must_limitations"":[],""review_round"":""RE_REVIEW"",""rubric_id"":""M1_EVIDENCE_RUBRIC_V02"",""talent_profile"":""talent_profile.json"",""unresolved_must"":[]}",FINAL_PANEL_01,2027-03-05T15:50:00+09:00,SYNTHETIC_HUMAN_SCENARIO
FD_APP0254_INITIAL,INITIAL,UNRESOLVED_EVIDENCE,"[{""context"":""앞선 관찰의 미확인/검증 범위"",""method"":""DIRECT_TASK"",""question"":""기존 미확인/제한을 작은 직접 과제와 검증 산출물로 확인"",""skill_id"":""M1_SKILL_02""}]",APP0254_FINAL_REVIEW_FOCUSED_FOLLOW_UP,APP0254,C0254,UNRESOLVED,"[""M1_SKILL_02""]","[""M1_SKILL_06""]",HOLD,"{""adverse_must"":[""M1_SKILL_02""],""decision_refs"":[""DC_APP0254_M1_SKILL_03_004299"",""DC_APP0254_M1_SKILL_01_004297"",""DC_APP0254_M1_SKILL_02_004298"",""DC_APP0254_M1_SKILL_04_004300"",""DC_APP0254_M1_SKILL_05_004301"",""DC_APP0254_M1_SKILL_06_004302"",""DC_APP0254_M1_SKILL_07_004303"",""DC_APP0254_M1_SKILL_08_004304""],""disagreement_must"":[],""human_rationale"":""필수 근거·반복된 명시적 제한·남은 확인 질문을 검토한 합성 패널 판단."",""learnable_gaps"":[""M1_SKILL_06""],""missing_must"":[],""repeated_must_limitations"":[],""review_round"":""INITIAL"",""rubric_id"":""M1_EVIDENCE_RUBRIC_V02"",""talent_profile"":""talent_profile.json"",""unresolved_must"":[""M1_SKILL_02""]}",FINAL_PANEL_01,2027-02-27T13:05:00+09:00,SYNTHETIC_HUMAN_SCENARIO
FD_APP0254_RE_REVIEW,RE_REVIEW,,,APP0254_FINAL_REVIEW_FOCUSED_FOLLOW_UP,APP0254,C0254,COVERED,[],"[""M1_SKILL_06""]",PROCEED_TO_OFFER,"{""accepted_uncertainty_plan"":[],""adverse_must"":[],""decision_refs"":[""DC_APP0254_M1_SKILL_03_004307"",""DC_APP0254_M1_SKILL_01_004305"",""DC_APP0254_M1_SKILL_02_004306"",""DC_APP0254_M1_SKILL_04_004308"",""DC_APP0254_M1_SKILL_05_004309"",""DC_APP0254_M1_SKILL_06_004310"",""DC_APP0254_M1_SKILL_07_004311"",""DC_APP0254_M1_SKILL_08_004312""],""disagreement_must"":[],""human_rationale"":""추가 직접 관찰과 기존 근거를 검토했다. 남은 미관찰 자체는 탈락 사유가 아니며 업무 준비 지원으로 추적한다."",""learnable_gaps"":[""M1_SKILL_06""],""missing_must"":[],""repeated_must_limitations"":[],""review_round"":""RE_REVIEW"",""rubric_id"":""M1_EVIDENCE_RUBRIC_V02"",""talent_profile"":""talent_profile.json"",""unresolved_must"":[]}",FINAL_PANEL_01,2027-03-07T14:35:00+09:00,SYNTHETIC_HUMAN_SCENARIO
FD_APP0228_INITIAL,INITIAL,EVALUATOR_DISAGREEMENT,"[{""context"":""앞선 관찰의 미확인/검증 범위"",""method"":""BEHAVIORAL_INTERACTION"",""question"":""개인 행동·피드백·검증 범위를 구체적 후속 질문으로 확인"",""skill_id"":""M1_SKILL_04""}]",APP0228_FINAL_REVIEW_FOCUSED_FOLLOW_UP,APP0228,C0228,UNRESOLVED,"[""M1_SKILL_04""]",[],HOLD,"{""adverse_must"":[],""decision_refs"":[""DC_APP0228_M1_SKILL_03_004315"",""DC_APP0228_M1_SKILL_01_004313"",""DC_APP0228_M1_SKILL_02_004314"",""DC_APP0228_M1_SKILL_04_004316"",""DC_APP0228_M1_SKILL_05_004317"",""DC_APP0228_M1_SKILL_06_004318"",""DC_APP0228_M1_SKILL_07_004319"",""DC_APP0228_M1_SKILL_08_004320""],""disagreement_must"":[""M1_SKILL_04""],""human_rationale"":""필수 근거·반복된 명시적 제한·남은 확인 질문을 검토한 합성 패널 판단."",""learnable_gaps"":[],""missing_must"":[],""repeated_must_limitations"":[],""review_round"":""INITIAL"",""rubric_id"":""M1_EVIDENCE_RUBRIC_V02"",""talent_profile"":""talent_profile.json"",""unresolved_must"":[""M1_SKILL_04""]}",FINAL_PANEL_01,2027-03-03T14:10:00+09:00,SYNTHETIC_HUMAN_SCENARIO
FD_APP0228_RE_REVIEW,RE_REVIEW,,,APP0228_FINAL_REVIEW_FOCUSED_FOLLOW_UP,APP0228,C0228,UNRESOLVED,"[""M1_SKILL_04""]",[],DO_NOT_PROCEED,"{""accepted_uncertainty_plan"":[],""adverse_must"":[],""decision_refs"":[""DC_APP0228_M1_SKILL_03_004323"",""DC_APP0228_M1_SKILL_01_004321"",""DC_APP0228_M1_SKILL_02_004322"",""DC_APP0228_M1_SKILL_04_004324"",""DC_APP0228_M1_SKILL_05_004325"",""DC_APP0228_M1_SKILL_06_004326"",""DC_APP0228_M1_SKILL_07_004327"",""DC_APP0228_M1_SKILL_08_004328""],""disagreement_must"":[""M1_SKILL_04""],""human_rationale"":""추가 검증 후에도 남은 명시적 필수 검증 제한/해석 충돌을 검토하여 이번 역할 진행을 보류하지 않고 종료한다."",""learnable_gaps"":[],""missing_must"":[],""repeated_must_limitations"":[],""review_round"":""RE_REVIEW"",""rubric_id"":""M1_EVIDENCE_RUBRIC_V02"",""talent_profile"":""talent_profile.json"",""unresolved_must"":[""M1_SKILL_04""]}",FINAL_PANEL_01,2027-03-11T15:05:00+09:00,SYNTHETIC_HUMAN_SCENARIO
FD_APP0238_INITIAL,INITIAL,,,,APP0238,C0238,COVERED,[],"[""M1_SKILL_06""]",PROCEED_TO_OFFER,"{""adverse_must"":[],""decision_refs"":[""DC_APP0238_M1_SKILL_03_004331"",""DC_APP0238_M1_SKILL_01_004329"",""DC_APP0238_M1_SKILL_02_004330"",""DC_APP0238_M1_SKILL_04_004332"",""DC_APP0238_M1_SKILL_05_004333"",""DC_APP0238_M1_SKILL_06_004334"",""DC_APP0238_M1_SKILL_07_004335"",""DC_APP0238_M1_SKILL_08_004336""],""disagreement_must"":[],""human_rationale"":""필수 근거·반복된 명시적 제한·남은 확인 질문을 검토한 합성 패널 판단."",""learnable_gaps"":[""M1_SKILL_06""],""missing_must"":[],""repeated_must_limitations"":[],""review_round"":""INITIAL"",""rubric_id"":""M1_EVIDENCE_RUBRIC_V02"",""talent_profile"":""talent_profile.json"",""unresolved_must"":[]}",FINAL_PANEL_01,2027-03-03T14:30:00+09:00,SYNTHETIC_HUMAN_SCENARIO
FD_APP0253_INITIAL,INITIAL,EVALUATOR_DISAGREEMENT,"[{""context"":""앞선 관찰의 미확인/검증 범위"",""method"":""DIRECT_TASK"",""question"":""기존 미확인/제한을 작은 직접 과제와 검증 산출물로 확인"",""skill_id"":""M1_SKILL_02""},{""context"":""앞선 관찰의 미확인/검증 범위"",""method"":""DIRECT_TASK"",""question"":""기존 미확인/제한을 작은 직접 과제와 검증 산출물로 확인"",""skill_id"":""M1_SKILL_03""}]",APP0253_FINAL_REVIEW_FOCUSED_FOLLOW_UP,APP0253,C0253,UNRESOLVED,"[""M1_SKILL_02"",""M1_SKILL_03""]",[],HOLD,"{""adverse_must"":[],""decision_refs"":[""DC_APP0253_M1_SKILL_03_004339"",""DC_APP0253_M1_SKILL_01_004337"",""DC_APP0253_M1_SKILL_02_004338"",""DC_APP0253_M1_SKILL_04_004340"",""DC_APP0253_M1_SKILL_05_004341"",""DC_APP0253_M1_SKILL_06_004342"",""DC_APP0253_M1_SKILL_07_004343"",""DC_APP0253_M1_SKILL_08_004344""],""disagreement_must"":[""M1_SKILL_02"",""M1_SKILL_03""],""human_rationale"":""필수 근거·반복된 명시적 제한·남은 확인 질문을 검토한 합성 패널 판단."",""learnable_gaps"":[],""missing_must"":[],""repeated_must_limitations"":[],""review_round"":""INITIAL"",""rubric_id"":""M1_EVIDENCE_RUBRIC_V02"",""talent_profile"":""talent_profile.json"",""unresolved_must"":[""M1_SKILL_02"",""M1_SKILL_03""]}",FINAL_PANEL_01,2027-03-01T14:40:00+09:00,SYNTHETIC_HUMAN_SCENARIO
FD_APP0253_RE_REVIEW,RE_REVIEW,,,APP0253_FINAL_REVIEW_FOCUSED_FOLLOW_UP,APP0253,C0253,COVERED,[],[],PROCEED_TO_OFFER,"{""accepted_uncertainty_plan"":[],""adverse_must"":[],""decision_refs"":[""DC_APP0253_M1_SKILL_03_004347"",""DC_APP0253_M1_SKILL_01_004345"",""DC_APP0253_M1_SKILL_02_004346"",""DC_APP0253_M1_SKILL_04_004348"",""DC_APP0253_M1_SKILL_05_004349"",""DC_APP0253_M1_SKILL_06_004350"",""DC_APP0253_M1_SKILL_07_004351"",""DC_APP0253_M1_SKILL_08_004352""],""disagreement_must"":[],""human_rationale"":""추가 직접 관찰과 기존 근거를 검토했다. 남은 미관찰 자체는 탈락 사유가 아니며 업무 준비 지원으로 추적한다."",""learnable_gaps"":[],""missing_must"":[],""repeated_must_limitations"":[],""review_round"":""RE_REVIEW"",""rubric_id"":""M1_EVIDENCE_RUBRIC_V02"",""talent_profile"":""talent_profile.json"",""unresolved_must"":[]}",FINAL_PANEL_01,2027-03-09T16:00:00+09:00,SYNTHETIC_HUMAN_SCENARIO
FD_APP0215_INITIAL,INITIAL,,,,APP0215,C0215,COVERED,[],[],PROCEED_TO_OFFER,"{""adverse_must"":[],""decision_refs"":[""DC_APP0215_M1_SKILL_03_004355"",""DC_APP0215_M1_SKILL_01_004353"",""DC_APP0215_M1_SKILL_02_004354"",""DC_APP0215_M1_SKILL_04_004356"",""DC_APP0215_M1_SKILL_05_004357"",""DC_APP0215_M1_SKILL_06_004358"",""DC_APP0215_M1_SKILL_07_004359"",""DC_APP0215_M1_SKILL_08_004360""],""disagreement_must"":[],""human_rationale"":""필수 근거·반복된 명시적 제한·남은 확인 질문을 검토한 합성 패널 판단."",""learnable_gaps"":[],""missing_must"":[],""repeated_must_limitations"":[],""review_round"":""INITIAL"",""rubric_id"":""M1_EVIDENCE_RUBRIC_V02"",""talent_profile"":""talent_profile.json"",""unresolved_must"":[]}",FINAL_PANEL_01,2027-03-03T11:50:00+09:00,SYNTHETIC_HUMAN_SCENARIO
FD_APP0267_INITIAL,INITIAL,EVALUATOR_DISAGREEMENT,"[{""context"":""앞선 관찰의 미확인/검증 범위"",""method"":""BEHAVIORAL_INTERACTION"",""question"":""개인 행동·피드백·검증 범위를 구체적 후속 질문으로 확인"",""skill_id"":""M1_SKILL_04""},{""context"":""앞선 관찰의 미확인/검증 범위"",""method"":""BEHAVIORAL_INTERACTION"",""question"":""개인 행동·피드백·검증 범위를 구체적 후속 질문으로 확인"",""skill_id"":""M1_SKILL_05""}]",APP0267_FINAL_REVIEW_FOCUSED_FOLLOW_UP,APP0267,C0267,UNRESOLVED,"[""M1_SKILL_04"",""M1_SKILL_05""]","[""M1_SKILL_06""]",HOLD,"{""adverse_must"":[""M1_SKILL_04"",""M1_SKILL_05""],""decision_refs"":[""DC_APP0267_M1_SKILL_03_004363"",""DC_APP0267_M1_SKILL_01_004361"",""DC_APP0267_M1_SKILL_02_004362"",""DC_APP0267_M1_SKILL_04_004364"",""DC_APP0267_M1_SKILL_05_004365"",""DC_APP0267_M1_SKILL_06_004366"",""DC_APP0267_M1_SKILL_07_004367"",""DC_APP0267_M1_SKILL_08_004368""],""disagreement_must"":[""M1_SKILL_04""],""human_rationale"":""필수 근거·반복된 명시적 제한·남은 확인 질문을 검토한 합성 패널 판단."",""learnable_gaps"":[""M1_SKILL_06""],""missing_must"":[],""repeated_must_limitations"":[],""review_round"":""INITIAL"",""rubric_id"":""M1_EVIDENCE_RUBRIC_V02"",""talent_profile"":""talent_profile.json"",""unresolved_must"":[""M1_SKILL_04"",""M1_SKILL_05""]}",FINAL_PANEL_01,2027-03-05T11:55:00+09:00,SYNTHETIC_HUMAN_SCENARIO
FD_APP0267_RE_REVIEW,RE_REVIEW,,,APP0267_FINAL_REVIEW_FOCUSED_FOLLOW_UP,APP0267,C0267,UNRESOLVED,"[""M1_SKILL_04""]","[""M1_SKILL_06""]",DO_NOT_PROCEED,"{""accepted_uncertainty_plan"":[],""adverse_must"":[""M1_SKILL_04""],""decision_refs"":[""DC_APP0267_M1_SKILL_03_004371"",""DC_APP0267_M1_SKILL_01_004369"",""DC_APP0267_M1_SKILL_02_004370"",""DC_APP0267_M1_SKILL_04_004372"",""DC_APP0267_M1_SKILL_05_004373"",""DC_APP0267_M1_SKILL_06_004374"",""DC_APP0267_M1_SKILL_07_004375"",""DC_APP0267_M1_SKILL_08_004376""],""disagreement_must"":[""M1_SKILL_04""],""human_rationale"":""추가 검증 후에도 남은 명시적 필수 검증 제한/해석 충돌을 검토하여 이번 역할 진행을 보류하지 않고 종료한다."",""learnable_gaps"":[""M1_SKILL_06""],""missing_must"":[],""repeated_must_limitations"":[],""review_round"":""RE_REVIEW"",""rubric_id"":""M1_EVIDENCE_RUBRIC_V02"",""talent_profile"":""talent_profile.json"",""unresolved_must"":[""M1_SKILL_04""]}",FINAL_PANEL_01,2027-03-13T13:00:00+09:00,SYNTHETIC_HUMAN_SCENARIO
FD_APP0239_INITIAL,INITIAL,EVALUATOR_DISAGREEMENT,"[{""context"":""앞선 관찰의 미확인/검증 범위"",""method"":""DIRECT_TASK"",""question"":""기존 미확인/제한을 작은 직접 과제와 검증 산출물로 확인"",""skill_id"":""M1_SKILL_01""},{""context"":""앞선 관찰의 미확인/검증 범위"",""method"":""DIRECT_TASK"",""question"":""기존 미확인/제한을 작은 직접 과제와 검증 산출물로 확인"",""skill_id"":""M1_SKILL_02""},{""context"":""앞선 관찰의 미확인/검증 범위"",""method"":""BEHAVIORAL_INTERACTION"",""question"":""개인 행동·피드백·검증 범위를 구체적 후속 질문으로 확인"",""skill_id"":""M1_SKILL_04""}]",APP0239_FINAL_REVIEW_FOCUSED_FOLLOW_UP,APP0239,C0239,UNRESOLVED,"[""M1_SKILL_01"",""M1_SKILL_02"",""M1_SKILL_04""]","[""M1_SKILL_06""]",HOLD,"{""adverse_must"":[""M1_SKILL_01"",""M1_SKILL_04""],""decision_refs"":[""DC_APP0239_M1_SKILL_03_004379"",""DC_APP0239_M1_SKILL_01_004377"",""DC_APP0239_M1_SKILL_02_004378"",""DC_APP0239_M1_SKILL_04_004380"",""DC_APP0239_M1_SKILL_05_004381"",""DC_APP0239_M1_SKILL_06_004382"",""DC_APP0239_M1_SKILL_07_004383"",""DC_APP0239_M1_SKILL_08_004384""],""disagreement_must"":[""M1_SKILL_01""],""human_rationale"":""필수 근거·반복된 명시적 제한·남은 확인 질문을 검토한 합성 패널 판단."",""learnable_gaps"":[""M1_SKILL_06""],""missing_must"":[""M1_SKILL_02""],""repeated_must_limitations"":[],""review_round"":""INITIAL"",""rubric_id"":""M1_EVIDENCE_RUBRIC_V02"",""talent_profile"":""talent_profile.json"",""unresolved_must"":[""M1_SKILL_01"",""M1_SKILL_02"",""M1_SKILL_04""]}",FINAL_PANEL_01,2027-03-03T13:40:00+09:00,SYNTHETIC_HUMAN_SCENARIO
FD_APP0239_RE_REVIEW,RE_REVIEW,,,APP0239_FINAL_REVIEW_FOCUSED_FOLLOW_UP,APP0239,C0239,UNRESOLVED,"[""M1_SKILL_01"",""M1_SKILL_02""]","[""M1_SKILL_06""]",DO_NOT_PROCEED,"{""accepted_uncertainty_plan"":[],""adverse_must"":[""M1_SKILL_01""],""decision_refs"":[""DC_APP0239_M1_SKILL_03_004387"",""DC_APP0239_M1_SKILL_01_004385"",""DC_APP0239_M1_SKILL_02_004386"",""DC_APP0239_M1_SKILL_04_004388"",""DC_APP0239_M1_SKILL_05_004389"",""DC_APP0239_M1_SKILL_06_004390"",""DC_APP0239_M1_SKILL_07_004391"",""DC_APP0239_M1_SKILL_08_004392""],""disagreement_must"":[""M1_SKILL_01"",""M1_SKILL_02""],""human_rationale"":""추가 검증 후에도 남은 명시적 필수 검증 제한/해석 충돌을 검토하여 이번 역할 진행을 보류하지 않고 종료한다."",""learnable_gaps"":[""M1_SKILL_06""],""missing_must"":[],""repeated_must_limitations"":[],""review_round"":""RE_REVIEW"",""rubric_id"":""M1_EVIDENCE_RUBRIC_V02"",""talent_profile"":""talent_profile.json"",""unresolved_must"":[""M1_SKILL_01"",""M1_SKILL_02""]}",FINAL_PANEL_01,2027-03-11T15:30:00+09:00,SYNTHETIC_HUMAN_SCENARIO
FD_APP0264_INITIAL,INITIAL,EVALUATOR_DISAGREEMENT,"[{""context"":""앞선 관찰의 미확인/검증 범위"",""method"":""DIRECT_TASK"",""question"":""기존 미확인/제한을 작은 직접 과제와 검증 산출물로 확인"",""skill_id"":""M1_SKILL_01""}]",APP0264_FINAL_REVIEW_FOCUSED_FOLLOW_UP,APP0264,C0264,UNRESOLVED,"[""M1_SKILL_01""]","[""M1_SKILL_06""]",HOLD,"{""adverse_must"":[],""decision_refs"":[""DC_APP0264_M1_SKILL_03_004395"",""DC_APP0264_M1_SKILL_01_004393"",""DC_APP0264_M1_SKILL_02_004394"",""DC_APP0264_M1_SKILL_04_004396"",""DC_APP0264_M1_SKILL_05_004397"",""DC_APP0264_M1_SKILL_06_004398"",""DC_APP0264_M1_SKILL_07_004399"",""DC_APP0264_M1_SKILL_08_004400""],""disagreement_must"":[""M1_SKILL_01""],""human_rationale"":""필수 근거·반복된 명시적 제한·남은 확인 질문을 검토한 합성 패널 판단."",""learnable_gaps"":[""M1_SKILL_06""],""missing_must"":[],""repeated_must_limitations"":[],""review_round"":""INITIAL"",""rubric_id"":""M1_EVIDENCE_RUBRIC_V02"",""talent_profile"":""talent_profile.json"",""unresolved_must"":[""M1_SKILL_01""]}",FINAL_PANEL_01,2027-03-01T14:30:00+09:00,SYNTHETIC_HUMAN_SCENARIO
FD_APP0264_RE_REVIEW,RE_REVIEW,,,APP0264_FINAL_REVIEW_FOCUSED_FOLLOW_UP,APP0264,C0264,COVERED,[],"[""M1_SKILL_06""]",PROCEED_TO_OFFER,"{""accepted_uncertainty_plan"":[],""adverse_must"":[],""decision_refs"":[""DC_APP0264_M1_SKILL_03_004403"",""DC_APP0264_M1_SKILL_01_004401"",""DC_APP0264_M1_SKILL_02_004402"",""DC_APP0264_M1_SKILL_04_004404"",""DC_APP0264_M1_SKILL_05_004405"",""DC_APP0264_M1_SKILL_06_004406"",""DC_APP0264_M1_SKILL_07_004407"",""DC_APP0264_M1_SKILL_08_004408""],""disagreement_must"":[],""human_rationale"":""추가 직접 관찰과 기존 근거를 검토했다. 남은 미관찰 자체는 탈락 사유가 아니며 업무 준비 지원으로 추적한다."",""learnable_gaps"":[""M1_SKILL_06""],""missing_must"":[],""repeated_must_limitations"":[],""review_round"":""RE_REVIEW"",""rubric_id"":""M1_EVIDENCE_RUBRIC_V02"",""talent_profile"":""talent_profile.json"",""unresolved_must"":[]}",FINAL_PANEL_01,2027-03-09T16:55:00+09:00,SYNTHETIC_HUMAN_SCENARIO
FD_APP0242_INITIAL,INITIAL,EVALUATOR_DISAGREEMENT,"[{""context"":""앞선 관찰의 미확인/검증 범위"",""method"":""DIRECT_TASK"",""question"":""기존 미확인/제한을 작은 직접 과제와 검증 산출물로 확인"",""skill_id"":""M1_SKILL_02""},{""context"":""앞선 관찰의 미확인/검증 범위"",""method"":""DIRECT_TASK"",""question"":""기존 미확인/제한을 작은 직접 과제와 검증 산출물로 확인"",""skill_id"":""M1_SKILL_03""},{""context"":""앞선 관찰의 미확인/검증 범위"",""method"":""BEHAVIORAL_INTERACTION"",""question"":""개인 행동·피드백·검증 범위를 구체적 후속 질문으로 확인"",""skill_id"":""M1_SKILL_04""},{""context"":""앞선 관찰의 미확인/검증 범위"",""method"":""BEHAVIORAL_INTERACTION"",""question"":""개인 행동·피드백·검증 범위를 구체적 후속 질문으로 확인"",""skill_id"":""M1_SKILL_05""}]",APP0242_FINAL_REVIEW_FOCUSED_FOLLOW_UP,APP0242,C0242,UNRESOLVED,"[""M1_SKILL_02"",""M1_SKILL_03"",""M1_SKILL_04"",""M1_SKILL_05""]",[],HOLD,"{""adverse_must"":[""M1_SKILL_05""],""decision_refs"":[""DC_APP0242_M1_SKILL_03_004411"",""DC_APP0242_M1_SKILL_01_004409"",""DC_APP0242_M1_SKILL_02_004410"",""DC_APP0242_M1_SKILL_04_004412"",""DC_APP0242_M1_SKILL_05_004413"",""DC_APP0242_M1_SKILL_06_004414"",""DC_APP0242_M1_SKILL_07_004415"",""DC_APP0242_M1_SKILL_08_004416""],""disagreement_must"":[""M1_SKILL_02"",""M1_SKILL_03"",""M1_SKILL_04"",""M1_SKILL_05""],""human_rationale"":""필수 근거·반복된 명시적 제한·남은 확인 질문을 검토한 합성 패널 판단."",""learnable_gaps"":[],""missing_must"":[],""repeated_must_limitations"":[],""review_round"":""INITIAL"",""rubric_id"":""M1_EVIDENCE_RUBRIC_V02"",""talent_profile"":""talent_profile.json"",""unresolved_must"":[""M1_SKILL_02"",""M1_SKILL_03"",""M1_SKILL_04"",""M1_SKILL_05""]}",FINAL_PANEL_01,2027-03-06T11:50:00+09:00,SYNTHETIC_HUMAN_SCENARIO
FD_APP0242_RE_REVIEW,RE_REVIEW,,,APP0242_FINAL_REVIEW_FOCUSED_FOLLOW_UP,APP0242,C0242,UNRESOLVED,"[""M1_SKILL_02"",""M1_SKILL_04""]",[],DO_NOT_PROCEED,"{""accepted_uncertainty_plan"":[],""adverse_must"":[""M1_SKILL_02"",""M1_SKILL_04""],""decision_refs"":[""DC_APP0242_M1_SKILL_03_004419"",""DC_APP0242_M1_SKILL_01_004417"",""DC_APP0242_M1_SKILL_02_004418"",""DC_APP0242_M1_SKILL_04_004420"",""DC_APP0242_M1_SKILL_05_004421"",""DC_APP0242_M1_SKILL_06_004422"",""DC_APP0242_M1_SKILL_07_004423"",""DC_APP0242_M1_SKILL_08_004424""],""disagreement_must"":[""M1_SKILL_02"",""M1_SKILL_04""],""human_rationale"":""추가 검증 후에도 남은 명시적 필수 검증 제한/해석 충돌을 검토하여 이번 역할 진행을 보류하지 않고 종료한다."",""learnable_gaps"":[],""missing_must"":[],""repeated_must_limitations"":[],""review_round"":""RE_REVIEW"",""rubric_id"":""M1_EVIDENCE_RUBRIC_V02"",""talent_profile"":""talent_profile.json"",""unresolved_must"":[""M1_SKILL_02"",""M1_SKILL_04""]}",FINAL_PANEL_01,2027-03-14T12:45:00+09:00,SYNTHETIC_HUMAN_SCENARIO
FD_APP0285_INITIAL,INITIAL,EVALUATOR_DISAGREEMENT,"[{""context"":""앞선 관찰의 미확인/검증 범위"",""method"":""BEHAVIORAL_INTERACTION"",""question"":""개인 행동·피드백·검증 범위를 구체적 후속 질문으로 확인"",""skill_id"":""M1_SKILL_04""}]",APP0285_FINAL_REVIEW_FOCUSED_FOLLOW_UP,APP0285,C0285,UNRESOLVED,"[""M1_SKILL_04""]",[],HOLD,"{""adverse_must"":[""M1_SKILL_04""],""decision_refs"":[""DC_APP0285_M1_SKILL_03_004427"",""DC_APP0285_M1_SKILL_01_004425"",""DC_APP0285_M1_SKILL_02_004426"",""DC_APP0285_M1_SKILL_04_004428"",""DC_APP0285_M1_SKILL_05_004429"",""DC_APP0285_M1_SKILL_06_004430"",""DC_APP0285_M1_SKILL_07_004431"",""DC_APP0285_M1_SKILL_08_004432""],""disagreement_must"":[""M1_SKILL_04""],""human_rationale"":""필수 근거·반복된 명시적 제한·남은 확인 질문을 검토한 합성 패널 판단."",""learnable_gaps"":[],""missing_must"":[],""repeated_must_limitations"":[],""review_round"":""INITIAL"",""rubric_id"":""M1_EVIDENCE_RUBRIC_V02"",""talent_profile"":""talent_profile.json"",""unresolved_must"":[""M1_SKILL_04""]}",FINAL_PANEL_01,2027-03-06T13:05:00+09:00,SYNTHETIC_HUMAN_SCENARIO
FD_APP0285_RE_REVIEW,RE_REVIEW,,,APP0285_FINAL_REVIEW_FOCUSED_FOLLOW_UP,APP0285,C0285,COVERED,[],[],PROCEED_TO_OFFER,"{""accepted_uncertainty_plan"":[],""adverse_must"":[],""decision_refs"":[""DC_APP0285_M1_SKILL_03_004435"",""DC_APP0285_M1_SKILL_01_004433"",""DC_APP0285_M1_SKILL_02_004434"",""DC_APP0285_M1_SKILL_04_004436"",""DC_APP0285_M1_SKILL_05_004437"",""DC_APP0285_M1_SKILL_06_004438"",""DC_APP0285_M1_SKILL_07_004439"",""DC_APP0285_M1_SKILL_08_004440""],""disagreement_must"":[],""human_rationale"":""추가 직접 관찰과 기존 근거를 검토했다. 남은 미관찰 자체는 탈락 사유가 아니며 업무 준비 지원으로 추적한다."",""learnable_gaps"":[],""missing_must"":[],""repeated_must_limitations"":[],""review_round"":""RE_REVIEW"",""rubric_id"":""M1_EVIDENCE_RUBRIC_V02"",""talent_profile"":""talent_profile.json"",""unresolved_must"":[]}",FINAL_PANEL_01,2027-03-14T14:05:00+09:00,SYNTHETIC_HUMAN_SCENARIO
FD_APP0268_INITIAL,INITIAL,EVALUATOR_DISAGREEMENT,"[{""context"":""앞선 관찰의 미확인/검증 범위"",""method"":""DIRECT_TASK"",""question"":""기존 미확인/제한을 작은 직접 과제와 검증 산출물로 확인"",""skill_id"":""M1_SKILL_02""},{""context"":""앞선 관찰의 미확인/검증 범위"",""method"":""BEHAVIORAL_INTERACTION"",""question"":""개인 행동·피드백·검증 범위를 구체적 후속 질문으로 확인"",""skill_id"":""M1_SKILL_05""}]",APP0268_FINAL_REVIEW_FOCUSED_FOLLOW_UP,APP0268,C0268,UNRESOLVED,"[""M1_SKILL_02"",""M1_SKILL_05""]","[""M1_SKILL_06""]",HOLD,"{""adverse_must"":[],""decision_refs"":[""DC_APP0268_M1_SKILL_03_004443"",""DC_APP0268_M1_SKILL_01_004441"",""DC_APP0268_M1_SKILL_02_004442"",""DC_APP0268_M1_SKILL_04_004444"",""DC_APP0268_M1_SKILL_05_004445"",""DC_APP0268_M1_SKILL_06_004446"",""DC_APP0268_M1_SKILL_07_004447"",""DC_APP0268_M1_SKILL_08_004448""],""disagreement_must"":[""M1_SKILL_05""],""human_rationale"":""필수 근거·반복된 명시적 제한·남은 확인 질문을 검토한 합성 패널 판단."",""learnable_gaps"":[""M1_SKILL_06""],""missing_must"":[""M1_SKILL_02""],""repeated_must_limitations"":[],""review_round"":""INITIAL"",""rubric_id"":""M1_EVIDENCE_RUBRIC_V02"",""talent_profile"":""talent_profile.json"",""unresolved_must"":[""M1_SKILL_02"",""M1_SKILL_05""]}",FINAL_PANEL_01,2027-03-09T12:20:00+09:00,SYNTHETIC_HUMAN_SCENARIO
FD_APP0268_RE_REVIEW,RE_REVIEW,,,APP0268_FINAL_REVIEW_FOCUSED_FOLLOW_UP,APP0268,C0268,UNRESOLVED,"[""M1_SKILL_02""]","[""M1_SKILL_06""]",DO_NOT_PROCEED,"{""accepted_uncertainty_plan"":[],""adverse_must"":[],""decision_refs"":[""DC_APP0268_M1_SKILL_03_004451"",""DC_APP0268_M1_SKILL_01_004449"",""DC_APP0268_M1_SKILL_02_004450"",""DC_APP0268_M1_SKILL_04_004452"",""DC_APP0268_M1_SKILL_05_004453"",""DC_APP0268_M1_SKILL_06_004454"",""DC_APP0268_M1_SKILL_07_004455"",""DC_APP0268_M1_SKILL_08_004456""],""disagreement_must"":[""M1_SKILL_02""],""human_rationale"":""추가 검증 후에도 남은 명시적 필수 검증 제한/해석 충돌을 검토하여 이번 역할 진행을 보류하지 않고 종료한다."",""learnable_gaps"":[""M1_SKILL_06""],""missing_must"":[],""repeated_must_limitations"":[],""review_round"":""RE_REVIEW"",""rubric_id"":""M1_EVIDENCE_RUBRIC_V02"",""talent_profile"":""talent_profile.json"",""unresolved_must"":[""M1_SKILL_02""]}",FINAL_PANEL_01,2027-03-17T13:25:00+09:00,SYNTHETIC_HUMAN_SCENARIO
FD_APP0246_INITIAL,INITIAL,EVALUATOR_DISAGREEMENT,"[{""context"":""앞선 관찰의 미확인/검증 범위"",""method"":""DIRECT_TASK"",""question"":""기존 미확인/제한을 작은 직접 과제와 검증 산출물로 확인"",""skill_id"":""M1_SKILL_01""}]",APP0246_FINAL_REVIEW_FOCUSED_FOLLOW_UP,APP0246,C0246,UNRESOLVED,"[""M1_SKILL_01""]","[""M1_SKILL_06""]",HOLD,"{""adverse_must"":[],""decision_refs"":[""DC_APP0246_M1_SKILL_03_004459"",""DC_APP0246_M1_SKILL_01_004457"",""DC_APP0246_M1_SKILL_02_004458"",""DC_APP0246_M1_SKILL_04_004460"",""DC_APP0246_M1_SKILL_05_004461"",""DC_APP0246_M1_SKILL_06_004462"",""DC_APP0246_M1_SKILL_07_004463"",""DC_APP0246_M1_SKILL_08_004464""],""disagreement_must"":[""M1_SKILL_01""],""human_rationale"":""필수 근거·반복된 명시적 제한·남은 확인 질문을 검토한 합성 패널 판단."",""learnable_gaps"":[""M1_SKILL_06""],""missing_must"":[],""repeated_must_limitations"":[],""review_round"":""INITIAL"",""rubric_id"":""M1_EVIDENCE_RUBRIC_V02"",""talent_profile"":""talent_profile.json"",""unresolved_must"":[""M1_SKILL_01""]}",FINAL_PANEL_01,2027-03-03T14:55:00+09:00,SYNTHETIC_HUMAN_SCENARIO
FD_APP0246_RE_REVIEW,RE_REVIEW,,,APP0246_FINAL_REVIEW_FOCUSED_FOLLOW_UP,APP0246,C0246,COVERED,[],"[""M1_SKILL_06""]",PROCEED_TO_OFFER,"{""accepted_uncertainty_plan"":[],""adverse_must"":[],""decision_refs"":[""DC_APP0246_M1_SKILL_03_004467"",""DC_APP0246_M1_SKILL_01_004465"",""DC_APP0246_M1_SKILL_02_004466"",""DC_APP0246_M1_SKILL_04_004468"",""DC_APP0246_M1_SKILL_05_004469"",""DC_APP0246_M1_SKILL_06_004470"",""DC_APP0246_M1_SKILL_07_004471"",""DC_APP0246_M1_SKILL_08_004472""],""disagreement_must"":[],""human_rationale"":""추가 직접 관찰과 기존 근거를 검토했다. 남은 미관찰 자체는 탈락 사유가 아니며 업무 준비 지원으로 추적한다."",""learnable_gaps"":[""M1_SKILL_06""],""missing_must"":[],""repeated_must_limitations"":[],""review_round"":""RE_REVIEW"",""rubric_id"":""M1_EVIDENCE_RUBRIC_V02"",""talent_profile"":""talent_profile.json"",""unresolved_must"":[]}",FINAL_PANEL_01,2027-03-11T16:25:00+09:00,SYNTHETIC_HUMAN_SCENARIO
FD_APP0278_INITIAL,INITIAL,EVALUATOR_DISAGREEMENT,"[{""context"":""앞선 관찰의 미확인/검증 범위"",""method"":""DIRECT_TASK"",""question"":""기존 미확인/제한을 작은 직접 과제와 검증 산출물로 확인"",""skill_id"":""M1_SKILL_02""},{""context"":""앞선 관찰의 미확인/검증 범위"",""method"":""BEHAVIORAL_INTERACTION"",""question"":""개인 행동·피드백·검증 범위를 구체적 후속 질문으로 확인"",""skill_id"":""M1_SKILL_05""}]",APP0278_FINAL_REVIEW_FOCUSED_FOLLOW_UP,APP0278,C0278,UNRESOLVED,"[""M1_SKILL_02"",""M1_SKILL_05""]","[""M1_SKILL_06""]",HOLD,"{""adverse_must"":[""M1_SKILL_05""],""decision_refs"":[""DC_APP0278_M1_SKILL_03_004475"",""DC_APP0278_M1_SKILL_01_004473"",""DC_APP0278_M1_SKILL_02_004474"",""DC_APP0278_M1_SKILL_04_004476"",""DC_APP0278_M1_SKILL_05_004477"",""DC_APP0278_M1_SKILL_06_004478"",""DC_APP0278_M1_SKILL_07_004479"",""DC_APP0278_M1_SKILL_08_004480""],""disagreement_must"":[""M1_SKILL_05""],""human_rationale"":""필수 근거·반복된 명시적 제한·남은 확인 질문을 검토한 합성 패널 판단."",""learnable_gaps"":[""M1_SKILL_06""],""missing_must"":[""M1_SKILL_02""],""repeated_must_limitations"":[],""review_round"":""INITIAL"",""rubric_id"":""M1_EVIDENCE_RUBRIC_V02"",""talent_profile"":""talent_profile.json"",""unresolved_must"":[""M1_SKILL_02"",""M1_SKILL_05""]}",FINAL_PANEL_01,2027-03-03T14:05:00+09:00,SYNTHETIC_HUMAN_SCENARIO
FD_APP0278_RE_REVIEW,RE_REVIEW,,,APP0278_FINAL_REVIEW_FOCUSED_FOLLOW_UP,APP0278,C0278,REPEATED_LIMITATION,"[""M1_SKILL_02"",""M1_SKILL_05""]","[""M1_SKILL_06""]",DO_NOT_PROCEED,"{""accepted_uncertainty_plan"":[],""adverse_must"":[""M1_SKILL_05""],""decision_refs"":[""DC_APP0278_M1_SKILL_03_004483"",""DC_APP0278_M1_SKILL_01_004481"",""DC_APP0278_M1_SKILL_02_004482"",""DC_APP0278_M1_SKILL_04_004484"",""DC_APP0278_M1_SKILL_05_004485"",""DC_APP0278_M1_SKILL_06_004486"",""DC_APP0278_M1_SKILL_07_004487"",""DC_APP0278_M1_SKILL_08_004488""],""disagreement_must"":[""M1_SKILL_05""],""human_rationale"":""추가 검증 후에도 남은 명시적 필수 검증 제한/해석 충돌을 검토하여 이번 역할 진행을 보류하지 않고 종료한다."",""learnable_gaps"":[""M1_SKILL_06""],""missing_must"":[""M1_SKILL_02""],""repeated_must_limitations"":[""M1_SKILL_05""],""review_round"":""RE_REVIEW"",""rubric_id"":""M1_EVIDENCE_RUBRIC_V02"",""talent_profile"":""talent_profile.json"",""unresolved_must"":[""M1_SKILL_02"",""M1_SKILL_05""]}",FINAL_PANEL_01,2027-03-11T17:30:00+09:00,SYNTHETIC_HUMAN_SCENARIO
FD_APP0256_INITIAL,INITIAL,,,,APP0256,C0256,COVERED,[],[],PROCEED_TO_OFFER,"{""adverse_must"":[],""decision_refs"":[""DC_APP0256_M1_SKILL_03_004491"",""DC_APP0256_M1_SKILL_01_004489"",""DC_APP0256_M1_SKILL_02_004490"",""DC_APP0256_M1_SKILL_04_004492"",""DC_APP0256_M1_SKILL_05_004493"",""DC_APP0256_M1_SKILL_06_004494"",""DC_APP0256_M1_SKILL_07_004495"",""DC_APP0256_M1_SKILL_08_004496""],""disagreement_must"":[],""human_rationale"":""필수 근거·반복된 명시적 제한·남은 확인 질문을 검토한 합성 패널 판단."",""learnable_gaps"":[],""missing_must"":[],""repeated_must_limitations"":[],""review_round"":""INITIAL"",""rubric_id"":""M1_EVIDENCE_RUBRIC_V02"",""talent_profile"":""talent_profile.json"",""unresolved_must"":[]}",FINAL_PANEL_01,2027-03-08T11:55:00+09:00,SYNTHETIC_HUMAN_SCENARIO
FD_APP0297_INITIAL,INITIAL,UNRESOLVED_EVIDENCE,"[{""context"":""앞선 관찰의 미확인/검증 범위"",""method"":""BEHAVIORAL_INTERACTION"",""question"":""개인 행동·피드백·검증 범위를 구체적 후속 질문으로 확인"",""skill_id"":""M1_SKILL_05""}]",APP0297_FINAL_REVIEW_FOCUSED_FOLLOW_UP,APP0297,C0297,UNRESOLVED,"[""M1_SKILL_05""]",[],HOLD,"{""adverse_must"":[""M1_SKILL_05""],""decision_refs"":[""DC_APP0297_M1_SKILL_03_004499"",""DC_APP0297_M1_SKILL_01_004497"",""DC_APP0297_M1_SKILL_02_004498"",""DC_APP0297_M1_SKILL_04_004500"",""DC_APP0297_M1_SKILL_05_004501"",""DC_APP0297_M1_SKILL_06_004502"",""DC_APP0297_M1_SKILL_07_004503"",""DC_APP0297_M1_SKILL_08_004504""],""disagreement_must"":[],""human_rationale"":""필수 근거·반복된 명시적 제한·남은 확인 질문을 검토한 합성 패널 판단."",""learnable_gaps"":[],""missing_must"":[],""repeated_must_limitations"":[],""review_round"":""INITIAL"",""rubric_id"":""M1_EVIDENCE_RUBRIC_V02"",""talent_profile"":""talent_profile.json"",""unresolved_must"":[""M1_SKILL_05""]}",FINAL_PANEL_01,2027-03-03T14:25:00+09:00,SYNTHETIC_HUMAN_SCENARIO
FD_APP0297_RE_REVIEW,RE_REVIEW,,,APP0297_FINAL_REVIEW_FOCUSED_FOLLOW_UP,APP0297,C0297,COVERED,[],[],PROCEED_TO_OFFER,"{""accepted_uncertainty_plan"":[],""adverse_must"":[],""decision_refs"":[""DC_APP0297_M1_SKILL_03_004507"",""DC_APP0297_M1_SKILL_01_004505"",""DC_APP0297_M1_SKILL_02_004506"",""DC_APP0297_M1_SKILL_04_004508"",""DC_APP0297_M1_SKILL_05_004509"",""DC_APP0297_M1_SKILL_06_004510"",""DC_APP0297_M1_SKILL_07_004511"",""DC_APP0297_M1_SKILL_08_004512""],""disagreement_must"":[],""human_rationale"":""추가 직접 관찰과 기존 근거를 검토했다. 남은 미관찰 자체는 탈락 사유가 아니며 업무 준비 지원으로 추적한다."",""learnable_gaps"":[],""missing_must"":[],""repeated_must_limitations"":[],""review_round"":""RE_REVIEW"",""rubric_id"":""M1_EVIDENCE_RUBRIC_V02"",""talent_profile"":""talent_profile.json"",""unresolved_must"":[]}",FINAL_PANEL_01,2027-03-11T18:30:00+09:00,SYNTHETIC_HUMAN_SCENARIO
FD_APP0299_INITIAL,INITIAL,,,,APP0299,C0299,COVERED,[],[],PROCEED_TO_OFFER,"{""adverse_must"":[],""decision_refs"":[""DC_APP0299_M1_SKILL_03_004515"",""DC_APP0299_M1_SKILL_01_004513"",""DC_APP0299_M1_SKILL_02_004514"",""DC_APP0299_M1_SKILL_04_004516"",""DC_APP0299_M1_SKILL_05_004517"",""DC_APP0299_M1_SKILL_06_004518"",""DC_APP0299_M1_SKILL_07_004519"",""DC_APP0299_M1_SKILL_08_004520""],""disagreement_must"":[],""human_rationale"":""필수 근거·반복된 명시적 제한·남은 확인 질문을 검토한 합성 패널 판단."",""learnable_gaps"":[],""missing_must"":[],""repeated_must_limitations"":[],""review_round"":""INITIAL"",""rubric_id"":""M1_EVIDENCE_RUBRIC_V02"",""talent_profile"":""talent_profile.json"",""unresolved_must"":[]}",FINAL_PANEL_01,2027-03-11T17:15:00+09:00,SYNTHETIC_HUMAN_SCENARIO
FD_APP0326_INITIAL,INITIAL,UNRESOLVED_EVIDENCE,"[{""context"":""앞선 관찰의 미확인/검증 범위"",""method"":""BEHAVIORAL_INTERACTION"",""question"":""개인 행동·피드백·검증 범위를 구체적 후속 질문으로 확인"",""skill_id"":""M1_SKILL_05""}]",APP0326_FINAL_REVIEW_FOCUSED_FOLLOW_UP,APP0326,C0326,UNRESOLVED,"[""M1_SKILL_05""]","[""M1_SKILL_06""]",HOLD,"{""adverse_must"":[""M1_SKILL_05""],""decision_refs"":[""DC_APP0326_M1_SKILL_03_004523"",""DC_APP0326_M1_SKILL_01_004521"",""DC_APP0326_M1_SKILL_02_004522"",""DC_APP0326_M1_SKILL_04_004524"",""DC_APP0326_M1_SKILL_05_004525"",""DC_APP0326_M1_SKILL_06_004526"",""DC_APP0326_M1_SKILL_07_004527"",""DC_APP0326_M1_SKILL_08_004528""],""disagreement_must"":[],""human_rationale"":""필수 근거·반복된 명시적 제한·남은 확인 질문을 검토한 합성 패널 판단."",""learnable_gaps"":[""M1_SKILL_06""],""missing_must"":[],""repeated_must_limitations"":[],""review_round"":""INITIAL"",""rubric_id"":""M1_EVIDENCE_RUBRIC_V02"",""talent_profile"":""talent_profile.json"",""unresolved_must"":[""M1_SKILL_05""]}",FINAL_PANEL_01,2027-03-11T17:40:00+09:00,SYNTHETIC_HUMAN_SCENARIO
FD_APP0326_RE_REVIEW,RE_REVIEW,,,APP0326_FINAL_REVIEW_FOCUSED_FOLLOW_UP,APP0326,C0326,UNRESOLVED,"[""M1_SKILL_05""]","[""M1_SKILL_06""]",DO_NOT_PROCEED,"{""accepted_uncertainty_plan"":[],""adverse_must"":[""M1_SKILL_05""],""decision_refs"":[""DC_APP0326_M1_SKILL_03_004531"",""DC_APP0326_M1_SKILL_01_004529"",""DC_APP0326_M1_SKILL_02_004530"",""DC_APP0326_M1_SKILL_04_004532"",""DC_APP0326_M1_SKILL_05_004533"",""DC_APP0326_M1_SKILL_06_004534"",""DC_APP0326_M1_SKILL_07_004535"",""DC_APP0326_M1_SKILL_08_004536""],""disagreement_must"":[""M1_SKILL_05""],""human_rationale"":""추가 검증 후에도 남은 명시적 필수 검증 제한/해석 충돌을 검토하여 이번 역할 진행을 보류하지 않고 종료한다."",""learnable_gaps"":[""M1_SKILL_06""],""missing_must"":[],""repeated_must_limitations"":[],""review_round"":""RE_REVIEW"",""rubric_id"":""M1_EVIDENCE_RUBRIC_V02"",""talent_profile"":""talent_profile.json"",""unresolved_must"":[""M1_SKILL_05""]}",FINAL_PANEL_01,2027-03-19T18:25:00+09:00,SYNTHETIC_HUMAN_SCENARIO
FD_APP0319_INITIAL,INITIAL,MISSING_EVIDENCE,"[{""context"":""앞선 관찰의 미확인/검증 범위"",""method"":""DIRECT_TASK"",""question"":""기존 미확인/제한을 작은 직접 과제와 검증 산출물로 확인"",""skill_id"":""M1_SKILL_01""},{""context"":""앞선 관찰의 미확인/검증 범위"",""method"":""DIRECT_TASK"",""question"":""기존 미확인/제한을 작은 직접 과제와 검증 산출물로 확인"",""skill_id"":""M1_SKILL_02""}]",APP0319_FINAL_REVIEW_FOCUSED_FOLLOW_UP,APP0319,C0319,UNRESOLVED,"[""M1_SKILL_01"",""M1_SKILL_02""]",[],HOLD,"{""adverse_must"":[""M1_SKILL_02""],""decision_refs"":[""DC_APP0319_M1_SKILL_03_004539"",""DC_APP0319_M1_SKILL_01_004537"",""DC_APP0319_M1_SKILL_02_004538"",""DC_APP0319_M1_SKILL_04_004540"",""DC_APP0319_M1_SKILL_05_004541"",""DC_APP0319_M1_SKILL_06_004542"",""DC_APP0319_M1_SKILL_07_004543"",""DC_APP0319_M1_SKILL_08_004544""],""disagreement_must"":[],""human_rationale"":""필수 근거·반복된 명시적 제한·남은 확인 질문을 검토한 합성 패널 판단."",""learnable_gaps"":[],""missing_must"":[""M1_SKILL_01""],""repeated_must_limitations"":[],""review_round"":""INITIAL"",""rubric_id"":""M1_EVIDENCE_RUBRIC_V02"",""talent_profile"":""talent_profile.json"",""unresolved_must"":[""M1_SKILL_01"",""M1_SKILL_02""]}",FINAL_PANEL_01,2027-03-07T14:55:00+09:00,SYNTHETIC_HUMAN_SCENARIO
FD_APP0319_RE_REVIEW,RE_REVIEW,,,APP0319_FINAL_REVIEW_FOCUSED_FOLLOW_UP,APP0319,C0319,COVERED,[],[],PROCEED_TO_OFFER,"{""accepted_uncertainty_plan"":[],""adverse_must"":[],""decision_refs"":[""DC_APP0319_M1_SKILL_03_004547"",""DC_APP0319_M1_SKILL_01_004545"",""DC_APP0319_M1_SKILL_02_004546"",""DC_APP0319_M1_SKILL_04_004548"",""DC_APP0319_M1_SKILL_05_004549"",""DC_APP0319_M1_SKILL_06_004550"",""DC_APP0319_M1_SKILL_07_004551"",""DC_APP0319_M1_SKILL_08_004552""],""disagreement_must"":[],""human_rationale"":""추가 직접 관찰과 기존 근거를 검토했다. 남은 미관찰 자체는 탈락 사유가 아니며 업무 준비 지원으로 추적한다."",""learnable_gaps"":[],""missing_must"":[],""repeated_must_limitations"":[],""review_round"":""RE_REVIEW"",""rubric_id"":""M1_EVIDENCE_RUBRIC_V02"",""talent_profile"":""talent_profile.json"",""unresolved_must"":[]}",FINAL_PANEL_01,2027-03-15T15:45:00+09:00,SYNTHETIC_HUMAN_SCENARIO
FD_APP0300_INITIAL,INITIAL,,,,APP0300,C0300,COVERED,[],"[""M1_SKILL_06""]",PROCEED_TO_OFFER,"{""adverse_must"":[],""decision_refs"":[""DC_APP0300_M1_SKILL_03_004555"",""DC_APP0300_M1_SKILL_01_004553"",""DC_APP0300_M1_SKILL_02_004554"",""DC_APP0300_M1_SKILL_04_004556"",""DC_APP0300_M1_SKILL_05_004557"",""DC_APP0300_M1_SKILL_06_004558"",""DC_APP0300_M1_SKILL_07_004559"",""DC_APP0300_M1_SKILL_08_004560""],""disagreement_must"":[],""human_rationale"":""필수 근거·반복된 명시적 제한·남은 확인 질문을 검토한 합성 패널 판단."",""learnable_gaps"":[""M1_SKILL_06""],""missing_must"":[],""repeated_must_limitations"":[],""review_round"":""INITIAL"",""rubric_id"":""M1_EVIDENCE_RUBRIC_V02"",""talent_profile"":""talent_profile.json"",""unresolved_must"":[]}",FINAL_PANEL_01,2027-03-10T13:35:00+09:00,SYNTHETIC_HUMAN_SCENARIO
FD_APP0305_INITIAL,INITIAL,EVALUATOR_DISAGREEMENT,"[{""context"":""앞선 관찰의 미확인/검증 범위"",""method"":""BEHAVIORAL_INTERACTION"",""question"":""개인 행동·피드백·검증 범위를 구체적 후속 질문으로 확인"",""skill_id"":""M1_SKILL_05""}]",APP0305_FINAL_REVIEW_FOCUSED_FOLLOW_UP,APP0305,C0305,UNRESOLVED,"[""M1_SKILL_05""]",[],HOLD,"{""adverse_must"":[""M1_SKILL_05""],""decision_refs"":[""DC_APP0305_M1_SKILL_03_004563"",""DC_APP0305_M1_SKILL_01_004561"",""DC_APP0305_M1_SKILL_02_004562"",""DC_APP0305_M1_SKILL_04_004564"",""DC_APP0305_M1_SKILL_05_004565"",""DC_APP0305_M1_SKILL_06_004566"",""DC_APP0305_M1_SKILL_07_004567"",""DC_APP0305_M1_SKILL_08_004568""],""disagreement_must"":[""M1_SKILL_05""],""human_rationale"":""필수 근거·반복된 명시적 제한·남은 확인 질문을 검토한 합성 패널 판단."",""learnable_gaps"":[],""missing_must"":[],""repeated_must_limitations"":[],""review_round"":""INITIAL"",""rubric_id"":""M1_EVIDENCE_RUBRIC_V02"",""talent_profile"":""talent_profile.json"",""unresolved_must"":[""M1_SKILL_05""]}",FINAL_PANEL_01,2027-03-08T11:35:00+09:00,SYNTHETIC_HUMAN_SCENARIO
FD_APP0305_RE_REVIEW,RE_REVIEW,,,APP0305_FINAL_REVIEW_FOCUSED_FOLLOW_UP,APP0305,C0305,UNRESOLVED,"[""M1_SKILL_05""]",[],DO_NOT_PROCEED,"{""accepted_uncertainty_plan"":[],""adverse_must"":[""M1_SKILL_05""],""decision_refs"":[""DC_APP0305_M1_SKILL_03_004571"",""DC_APP0305_M1_SKILL_01_004569"",""DC_APP0305_M1_SKILL_02_004570"",""DC_APP0305_M1_SKILL_04_004572"",""DC_APP0305_M1_SKILL_05_004573"",""DC_APP0305_M1_SKILL_06_004574"",""DC_APP0305_M1_SKILL_07_004575"",""DC_APP0305_M1_SKILL_08_004576""],""disagreement_must"":[""M1_SKILL_05""],""human_rationale"":""추가 검증 후에도 남은 명시적 필수 검증 제한/해석 충돌을 검토하여 이번 역할 진행을 보류하지 않고 종료한다."",""learnable_gaps"":[],""missing_must"":[],""repeated_must_limitations"":[],""review_round"":""RE_REVIEW"",""rubric_id"":""M1_EVIDENCE_RUBRIC_V02"",""talent_profile"":""talent_profile.json"",""unresolved_must"":[""M1_SKILL_05""]}",FINAL_PANEL_01,2027-03-16T12:35:00+09:00,SYNTHETIC_HUMAN_SCENARIO
FD_APP0336_INITIAL,INITIAL,EVALUATOR_DISAGREEMENT,"[{""context"":""앞선 관찰의 미확인/검증 범위"",""method"":""DIRECT_TASK"",""question"":""기존 미확인/제한을 작은 직접 과제와 검증 산출물로 확인"",""skill_id"":""M1_SKILL_01""},{""context"":""앞선 관찰의 미확인/검증 범위"",""method"":""DIRECT_TASK"",""question"":""기존 미확인/제한을 작은 직접 과제와 검증 산출물로 확인"",""skill_id"":""M1_SKILL_02""},{""context"":""앞선 관찰의 미확인/검증 범위"",""method"":""BEHAVIORAL_INTERACTION"",""question"":""개인 행동·피드백·검증 범위를 구체적 후속 질문으로 확인"",""skill_id"":""M1_SKILL_05""}]",APP0336_FINAL_REVIEW_FOCUSED_FOLLOW_UP,APP0336,C0336,UNRESOLVED,"[""M1_SKILL_01"",""M1_SKILL_02"",""M1_SKILL_05""]",[],HOLD,"{""adverse_must"":[""M1_SKILL_01"",""M1_SKILL_05""],""decision_refs"":[""DC_APP0336_M1_SKILL_03_004579"",""DC_APP0336_M1_SKILL_01_004577"",""DC_APP0336_M1_SKILL_02_004578"",""DC_APP0336_M1_SKILL_04_004580"",""DC_APP0336_M1_SKILL_05_004581"",""DC_APP0336_M1_SKILL_06_004582"",""DC_APP0336_M1_SKILL_07_004583"",""DC_APP0336_M1_SKILL_08_004584""],""disagreement_must"":[""M1_SKILL_02""],""human_rationale"":""필수 근거·반복된 명시적 제한·남은 확인 질문을 검토한 합성 패널 판단."",""learnable_gaps"":[],""missing_must"":[],""repeated_must_limitations"":[],""review_round"":""INITIAL"",""rubric_id"":""M1_EVIDENCE_RUBRIC_V02"",""talent_profile"":""talent_profile.json"",""unresolved_must"":[""M1_SKILL_01"",""M1_SKILL_02"",""M1_SKILL_05""]}",FINAL_PANEL_01,2027-03-12T12:30:00+09:00,SYNTHETIC_HUMAN_SCENARIO
FD_APP0336_RE_REVIEW,RE_REVIEW,,,APP0336_FINAL_REVIEW_FOCUSED_FOLLOW_UP,APP0336,C0336,REPEATED_LIMITATION,"[""M1_SKILL_01""]",[],DO_NOT_PROCEED,"{""accepted_uncertainty_plan"":[],""adverse_must"":[""M1_SKILL_01""],""decision_refs"":[""DC_APP0336_M1_SKILL_03_004587"",""DC_APP0336_M1_SKILL_01_004585"",""DC_APP0336_M1_SKILL_02_004586"",""DC_APP0336_M1_SKILL_04_004588"",""DC_APP0336_M1_SKILL_05_004589"",""DC_APP0336_M1_SKILL_06_004590"",""DC_APP0336_M1_SKILL_07_004591"",""DC_APP0336_M1_SKILL_08_004592""],""disagreement_must"":[],""human_rationale"":""추가 검증 후에도 남은 명시적 필수 검증 제한/해석 충돌을 검토하여 이번 역할 진행을 보류하지 않고 종료한다."",""learnable_gaps"":[],""missing_must"":[],""repeated_must_limitations"":[""M1_SKILL_01""],""review_round"":""RE_REVIEW"",""rubric_id"":""M1_EVIDENCE_RUBRIC_V02"",""talent_profile"":""talent_profile.json"",""unresolved_must"":[""M1_SKILL_01""]}",FINAL_PANEL_01,2027-03-20T13:15:00+09:00,SYNTHETIC_HUMAN_SCENARIO
FD_APP0289_INITIAL,INITIAL,UNRESOLVED_EVIDENCE,"[{""context"":""앞선 관찰의 미확인/검증 범위"",""method"":""DIRECT_TASK"",""question"":""기존 미확인/제한을 작은 직접 과제와 검증 산출물로 확인"",""skill_id"":""M1_SKILL_02""},{""context"":""앞선 관찰의 미확인/검증 범위"",""method"":""BEHAVIORAL_INTERACTION"",""question"":""개인 행동·피드백·검증 범위를 구체적 후속 질문으로 확인"",""skill_id"":""M1_SKILL_05""}]",APP0289_FINAL_REVIEW_FOCUSED_FOLLOW_UP,APP0289,C0289,UNRESOLVED,"[""M1_SKILL_02"",""M1_SKILL_05""]",[],HOLD,"{""adverse_must"":[""M1_SKILL_02"",""M1_SKILL_05""],""decision_refs"":[""DC_APP0289_M1_SKILL_03_004595"",""DC_APP0289_M1_SKILL_01_004593"",""DC_APP0289_M1_SKILL_02_004594"",""DC_APP0289_M1_SKILL_04_004596"",""DC_APP0289_M1_SKILL_05_004597"",""DC_APP0289_M1_SKILL_06_004598"",""DC_APP0289_M1_SKILL_07_004599"",""DC_APP0289_M1_SKILL_08_004600""],""disagreement_must"":[],""human_rationale"":""필수 근거·반복된 명시적 제한·남은 확인 질문을 검토한 합성 패널 판단."",""learnable_gaps"":[],""missing_must"":[],""repeated_must_limitations"":[],""review_round"":""INITIAL"",""rubric_id"":""M1_EVIDENCE_RUBRIC_V02"",""talent_profile"":""talent_profile.json"",""unresolved_must"":[""M1_SKILL_02"",""M1_SKILL_05""]}",FINAL_PANEL_01,2027-03-12T12:55:00+09:00,SYNTHETIC_HUMAN_SCENARIO
FD_APP0289_RE_REVIEW,RE_REVIEW,,,APP0289_FINAL_REVIEW_FOCUSED_FOLLOW_UP,APP0289,C0289,UNRESOLVED,"[""M1_SKILL_02""]",[],DO_NOT_PROCEED,"{""accepted_uncertainty_plan"":[],""adverse_must"":[""M1_SKILL_02""],""decision_refs"":[""DC_APP0289_M1_SKILL_03_004603"",""DC_APP0289_M1_SKILL_01_004601"",""DC_APP0289_M1_SKILL_02_004602"",""DC_APP0289_M1_SKILL_04_004604"",""DC_APP0289_M1_SKILL_05_004605"",""DC_APP0289_M1_SKILL_06_004606"",""DC_APP0289_M1_SKILL_07_004607"",""DC_APP0289_M1_SKILL_08_004608""],""disagreement_must"":[],""human_rationale"":""추가 검증 후에도 남은 명시적 필수 검증 제한/해석 충돌을 검토하여 이번 역할 진행을 보류하지 않고 종료한다."",""learnable_gaps"":[],""missing_must"":[],""repeated_must_limitations"":[],""review_round"":""RE_REVIEW"",""rubric_id"":""M1_EVIDENCE_RUBRIC_V02"",""talent_profile"":""talent_profile.json"",""unresolved_must"":[""M1_SKILL_02""]}",FINAL_PANEL_01,2027-03-20T14:25:00+09:00,SYNTHETIC_HUMAN_SCENARIO
FD_APP0288_INITIAL,INITIAL,EVALUATOR_DISAGREEMENT,"[{""context"":""앞선 관찰의 미확인/검증 범위"",""method"":""DIRECT_TASK"",""question"":""기존 미확인/제한을 작은 직접 과제와 검증 산출물로 확인"",""skill_id"":""M1_SKILL_02""}]",APP0288_FINAL_REVIEW_FOCUSED_FOLLOW_UP,APP0288,C0288,UNRESOLVED,"[""M1_SKILL_02""]","[""M1_SKILL_06""]",HOLD,"{""adverse_must"":[],""decision_refs"":[""DC_APP0288_M1_SKILL_03_004611"",""DC_APP0288_M1_SKILL_01_004609"",""DC_APP0288_M1_SKILL_02_004610"",""DC_APP0288_M1_SKILL_04_004612"",""DC_APP0288_M1_SKILL_05_004613"",""DC_APP0288_M1_SKILL_06_004614"",""DC_APP0288_M1_SKILL_07_004615"",""DC_APP0288_M1_SKILL_08_004616""],""disagreement_must"":[""M1_SKILL_02""],""human_rationale"":""필수 근거·반복된 명시적 제한·남은 확인 질문을 검토한 합성 패널 판단."",""learnable_gaps"":[""M1_SKILL_06""],""missing_must"":[],""repeated_must_limitations"":[],""review_round"":""INITIAL"",""rubric_id"":""M1_EVIDENCE_RUBRIC_V02"",""talent_profile"":""talent_profile.json"",""unresolved_must"":[""M1_SKILL_02""]}",FINAL_PANEL_01,2027-03-14T13:35:00+09:00,SYNTHETIC_HUMAN_SCENARIO
FD_APP0288_RE_REVIEW,RE_REVIEW,,,APP0288_FINAL_REVIEW_FOCUSED_FOLLOW_UP,APP0288,C0288,UNRESOLVED,"[""M1_SKILL_02""]","[""M1_SKILL_06""]",DO_NOT_PROCEED,"{""accepted_uncertainty_plan"":[],""adverse_must"":[],""decision_refs"":[""DC_APP0288_M1_SKILL_03_004619"",""DC_APP0288_M1_SKILL_01_004617"",""DC_APP0288_M1_SKILL_02_004618"",""DC_APP0288_M1_SKILL_04_004620"",""DC_APP0288_M1_SKILL_05_004621"",""DC_APP0288_M1_SKILL_06_004622"",""DC_APP0288_M1_SKILL_07_004623"",""DC_APP0288_M1_SKILL_08_004624""],""disagreement_must"":[""M1_SKILL_02""],""human_rationale"":""추가 검증 후에도 남은 명시적 필수 검증 제한/해석 충돌을 검토하여 이번 역할 진행을 보류하지 않고 종료한다."",""learnable_gaps"":[""M1_SKILL_06""],""missing_must"":[],""repeated_must_limitations"":[],""review_round"":""RE_REVIEW"",""rubric_id"":""M1_EVIDENCE_RUBRIC_V02"",""talent_profile"":""talent_profile.json"",""unresolved_must"":[""M1_SKILL_02""]}",FINAL_PANEL_01,2027-03-22T14:35:00+09:00,SYNTHETIC_HUMAN_SCENARIO
FD_APP0272_INITIAL,INITIAL,,,,APP0272,C0272,COVERED,[],[],PROCEED_TO_OFFER,"{""adverse_must"":[],""decision_refs"":[""DC_APP0272_M1_SKILL_03_004627"",""DC_APP0272_M1_SKILL_01_004625"",""DC_APP0272_M1_SKILL_02_004626"",""DC_APP0272_M1_SKILL_04_004628"",""DC_APP0272_M1_SKILL_05_004629"",""DC_APP0272_M1_SKILL_06_004630"",""DC_APP0272_M1_SKILL_07_004631"",""DC_APP0272_M1_SKILL_08_004632""],""disagreement_must"":[],""human_rationale"":""필수 근거·반복된 명시적 제한·남은 확인 질문을 검토한 합성 패널 판단."",""learnable_gaps"":[],""missing_must"":[],""repeated_must_limitations"":[],""review_round"":""INITIAL"",""rubric_id"":""M1_EVIDENCE_RUBRIC_V02"",""talent_profile"":""talent_profile.json"",""unresolved_must"":[]}",FINAL_PANEL_01,2027-03-11T12:20:00+09:00,SYNTHETIC_HUMAN_SCENARIO
FD_APP0286_INITIAL,INITIAL,EVALUATOR_DISAGREEMENT,"[{""context"":""앞선 관찰의 미확인/검증 범위"",""method"":""DIRECT_TASK"",""question"":""기존 미확인/제한을 작은 직접 과제와 검증 산출물로 확인"",""skill_id"":""M1_SKILL_02""}]",APP0286_FINAL_REVIEW_FOCUSED_FOLLOW_UP,APP0286,C0286,UNRESOLVED,"[""M1_SKILL_02""]",[],HOLD,"{""adverse_must"":[],""decision_refs"":[""DC_APP0286_M1_SKILL_03_004635"",""DC_APP0286_M1_SKILL_01_004633"",""DC_APP0286_M1_SKILL_02_004634"",""DC_APP0286_M1_SKILL_04_004636"",""DC_APP0286_M1_SKILL_05_004637"",""DC_APP0286_M1_SKILL_06_004638"",""DC_APP0286_M1_SKILL_07_004639"",""DC_APP0286_M1_SKILL_08_004640""],""disagreement_must"":[""M1_SKILL_02""],""human_rationale"":""필수 근거·반복된 명시적 제한·남은 확인 질문을 검토한 합성 패널 판단."",""learnable_gaps"":[],""missing_must"":[],""repeated_must_limitations"":[],""review_round"":""INITIAL"",""rubric_id"":""M1_EVIDENCE_RUBRIC_V02"",""talent_profile"":""talent_profile.json"",""unresolved_must"":[""M1_SKILL_02""]}",FINAL_PANEL_01,2027-03-13T12:00:00+09:00,SYNTHETIC_HUMAN_SCENARIO
FD_APP0286_RE_REVIEW,RE_REVIEW,,,APP0286_FINAL_REVIEW_FOCUSED_FOLLOW_UP,APP0286,C0286,COVERED,[],[],PROCEED_TO_OFFER,"{""accepted_uncertainty_plan"":[],""adverse_must"":[],""decision_refs"":[""DC_APP0286_M1_SKILL_03_004643"",""DC_APP0286_M1_SKILL_01_004641"",""DC_APP0286_M1_SKILL_02_004642"",""DC_APP0286_M1_SKILL_04_004644"",""DC_APP0286_M1_SKILL_05_004645"",""DC_APP0286_M1_SKILL_06_004646"",""DC_APP0286_M1_SKILL_07_004647"",""DC_APP0286_M1_SKILL_08_004648""],""disagreement_must"":[],""human_rationale"":""추가 직접 관찰과 기존 근거를 검토했다. 남은 미관찰 자체는 탈락 사유가 아니며 업무 준비 지원으로 추적한다."",""learnable_gaps"":[],""missing_must"":[],""repeated_must_limitations"":[],""review_round"":""RE_REVIEW"",""rubric_id"":""M1_EVIDENCE_RUBRIC_V02"",""talent_profile"":""talent_profile.json"",""unresolved_must"":[]}",FINAL_PANEL_01,2027-03-21T13:10:00+09:00,SYNTHETIC_HUMAN_SCENARIO
FD_APP0309_INITIAL,INITIAL,EVALUATOR_DISAGREEMENT,"[{""context"":""앞선 관찰의 미확인/검증 범위"",""method"":""DIRECT_TASK"",""question"":""기존 미확인/제한을 작은 직접 과제와 검증 산출물로 확인"",""skill_id"":""M1_SKILL_02""}]",APP0309_FINAL_REVIEW_FOCUSED_FOLLOW_UP,APP0309,C0309,UNRESOLVED,"[""M1_SKILL_02""]",[],HOLD,"{""adverse_must"":[],""decision_refs"":[""DC_APP0309_M1_SKILL_03_004651"",""DC_APP0309_M1_SKILL_01_004649"",""DC_APP0309_M1_SKILL_02_004650"",""DC_APP0309_M1_SKILL_04_004652"",""DC_APP0309_M1_SKILL_05_004653"",""DC_APP0309_M1_SKILL_06_004654"",""DC_APP0309_M1_SKILL_07_004655"",""DC_APP0309_M1_SKILL_08_004656""],""disagreement_must"":[""M1_SKILL_02""],""human_rationale"":""필수 근거·반복된 명시적 제한·남은 확인 질문을 검토한 합성 패널 판단."",""learnable_gaps"":[],""missing_must"":[],""repeated_must_limitations"":[],""review_round"":""INITIAL"",""rubric_id"":""M1_EVIDENCE_RUBRIC_V02"",""talent_profile"":""talent_profile.json"",""unresolved_must"":[""M1_SKILL_02""]}",FINAL_PANEL_01,2027-03-12T13:00:00+09:00,SYNTHETIC_HUMAN_SCENARIO
FD_APP0309_RE_REVIEW,RE_REVIEW,,,APP0309_FINAL_REVIEW_FOCUSED_FOLLOW_UP,APP0309,C0309,COVERED,[],[],PROCEED_TO_OFFER,"{""accepted_uncertainty_plan"":[],""adverse_must"":[],""decision_refs"":[""DC_APP0309_M1_SKILL_03_004659"",""DC_APP0309_M1_SKILL_01_004657"",""DC_APP0309_M1_SKILL_02_004658"",""DC_APP0309_M1_SKILL_04_004660"",""DC_APP0309_M1_SKILL_05_004661"",""DC_APP0309_M1_SKILL_06_004662"",""DC_APP0309_M1_SKILL_07_004663"",""DC_APP0309_M1_SKILL_08_004664""],""disagreement_must"":[],""human_rationale"":""추가 직접 관찰과 기존 근거를 검토했다. 남은 미관찰 자체는 탈락 사유가 아니며 업무 준비 지원으로 추적한다."",""learnable_gaps"":[],""missing_must"":[],""repeated_must_limitations"":[],""review_round"":""RE_REVIEW"",""rubric_id"":""M1_EVIDENCE_RUBRIC_V02"",""talent_profile"":""talent_profile.json"",""unresolved_must"":[]}",FINAL_PANEL_01,2027-03-20T15:15:00+09:00,SYNTHETIC_HUMAN_SCENARIO
FD_APP0265_INITIAL,INITIAL,UNRESOLVED_EVIDENCE,"[{""context"":""앞선 관찰의 미확인/검증 범위"",""method"":""BEHAVIORAL_INTERACTION"",""question"":""개인 행동·피드백·검증 범위를 구체적 후속 질문으로 확인"",""skill_id"":""M1_SKILL_04""}]",APP0265_FINAL_REVIEW_FOCUSED_FOLLOW_UP,APP0265,C0265,UNRESOLVED,"[""M1_SKILL_04""]",[],HOLD,"{""adverse_must"":[""M1_SKILL_04""],""decision_refs"":[""DC_APP0265_M1_SKILL_03_004667"",""DC_APP0265_M1_SKILL_01_004665"",""DC_APP0265_M1_SKILL_02_004666"",""DC_APP0265_M1_SKILL_04_004668"",""DC_APP0265_M1_SKILL_05_004669"",""DC_APP0265_M1_SKILL_06_004670"",""DC_APP0265_M1_SKILL_07_004671"",""DC_APP0265_M1_SKILL_08_004672""],""disagreement_must"":[],""human_rationale"":""필수 근거·반복된 명시적 제한·남은 확인 질문을 검토한 합성 패널 판단."",""learnable_gaps"":[],""missing_must"":[],""repeated_must_limitations"":[],""review_round"":""INITIAL"",""rubric_id"":""M1_EVIDENCE_RUBRIC_V02"",""talent_profile"":""talent_profile.json"",""unresolved_must"":[""M1_SKILL_04""]}",FINAL_PANEL_01,2027-03-16T11:50:00+09:00,SYNTHETIC_HUMAN_SCENARIO
FD_APP0265_RE_REVIEW,RE_REVIEW,,,APP0265_FINAL_REVIEW_FOCUSED_FOLLOW_UP,APP0265,C0265,COVERED,[],[],PROCEED_TO_OFFER,"{""accepted_uncertainty_plan"":[],""adverse_must"":[],""decision_refs"":[""DC_APP0265_M1_SKILL_03_004675"",""DC_APP0265_M1_SKILL_01_004673"",""DC_APP0265_M1_SKILL_02_004674"",""DC_APP0265_M1_SKILL_04_004676"",""DC_APP0265_M1_SKILL_05_004677"",""DC_APP0265_M1_SKILL_06_004678"",""DC_APP0265_M1_SKILL_07_004679"",""DC_APP0265_M1_SKILL_08_004680""],""disagreement_must"":[],""human_rationale"":""추가 직접 관찰과 기존 근거를 검토했다. 남은 미관찰 자체는 탈락 사유가 아니며 업무 준비 지원으로 추적한다."",""learnable_gaps"":[],""missing_must"":[],""repeated_must_limitations"":[],""review_round"":""RE_REVIEW"",""rubric_id"":""M1_EVIDENCE_RUBRIC_V02"",""talent_profile"":""talent_profile.json"",""unresolved_must"":[]}",FINAL_PANEL_01,2027-03-24T12:45:00+09:00,SYNTHETIC_HUMAN_SCENARIO
FD_APP0279_INITIAL,INITIAL,UNRESOLVED_EVIDENCE,"[{""context"":""앞선 관찰의 미확인/검증 범위"",""method"":""BEHAVIORAL_INTERACTION"",""question"":""개인 행동·피드백·검증 범위를 구체적 후속 질문으로 확인"",""skill_id"":""M1_SKILL_04""}]",APP0279_FINAL_REVIEW_FOCUSED_FOLLOW_UP,APP0279,C0279,UNRESOLVED,"[""M1_SKILL_04""]","[""M1_SKILL_06""]",HOLD,"{""adverse_must"":[""M1_SKILL_04""],""decision_refs"":[""DC_APP0279_M1_SKILL_03_004683"",""DC_APP0279_M1_SKILL_01_004681"",""DC_APP0279_M1_SKILL_02_004682"",""DC_APP0279_M1_SKILL_04_004684"",""DC_APP0279_M1_SKILL_05_004685"",""DC_APP0279_M1_SKILL_06_004686"",""DC_APP0279_M1_SKILL_07_004687"",""DC_APP0279_M1_SKILL_08_004688""],""disagreement_must"":[],""human_rationale"":""필수 근거·반복된 명시적 제한·남은 확인 질문을 검토한 합성 패널 판단."",""learnable_gaps"":[""M1_SKILL_06""],""missing_must"":[],""repeated_must_limitations"":[],""review_round"":""INITIAL"",""rubric_id"":""M1_EVIDENCE_RUBRIC_V02"",""talent_profile"":""talent_profile.json"",""unresolved_must"":[""M1_SKILL_04""]}",FINAL_PANEL_01,2027-03-12T13:25:00+09:00,SYNTHETIC_HUMAN_SCENARIO
FD_APP0279_RE_REVIEW,RE_REVIEW,,,APP0279_FINAL_REVIEW_FOCUSED_FOLLOW_UP,APP0279,C0279,UNRESOLVED,"[""M1_SKILL_04""]","[""M1_SKILL_06""]",DO_NOT_PROCEED,"{""accepted_uncertainty_plan"":[],""adverse_must"":[""M1_SKILL_04""],""decision_refs"":[""DC_APP0279_M1_SKILL_03_004691"",""DC_APP0279_M1_SKILL_01_004689"",""DC_APP0279_M1_SKILL_02_004690"",""DC_APP0279_M1_SKILL_04_004692"",""DC_APP0279_M1_SKILL_05_004693"",""DC_APP0279_M1_SKILL_06_004694"",""DC_APP0279_M1_SKILL_07_004695"",""DC_APP0279_M1_SKILL_08_004696""],""disagreement_must"":[""M1_SKILL_04""],""human_rationale"":""추가 검증 후에도 남은 명시적 필수 검증 제한/해석 충돌을 검토하여 이번 역할 진행을 보류하지 않고 종료한다."",""learnable_gaps"":[""M1_SKILL_06""],""missing_must"":[],""repeated_must_limitations"":[],""review_round"":""RE_REVIEW"",""rubric_id"":""M1_EVIDENCE_RUBRIC_V02"",""talent_profile"":""talent_profile.json"",""unresolved_must"":[""M1_SKILL_04""]}",FINAL_PANEL_01,2027-03-20T16:20:00+09:00,SYNTHETIC_HUMAN_SCENARIO
FD_APP0334_INITIAL,INITIAL,,,,APP0334,C0334,COVERED,[],"[""M1_SKILL_06""]",PROCEED_TO_OFFER,"{""adverse_must"":[],""decision_refs"":[""DC_APP0334_M1_SKILL_03_004699"",""DC_APP0334_M1_SKILL_01_004697"",""DC_APP0334_M1_SKILL_02_004698"",""DC_APP0334_M1_SKILL_04_004700"",""DC_APP0334_M1_SKILL_05_004701"",""DC_APP0334_M1_SKILL_06_004702"",""DC_APP0334_M1_SKILL_07_004703"",""DC_APP0334_M1_SKILL_08_004704""],""disagreement_must"":[],""human_rationale"":""필수 근거·반복된 명시적 제한·남은 확인 질문을 검토한 합성 패널 판단."",""learnable_gaps"":[""M1_SKILL_06""],""missing_must"":[],""repeated_must_limitations"":[],""review_round"":""INITIAL"",""rubric_id"":""M1_EVIDENCE_RUBRIC_V02"",""talent_profile"":""talent_profile.json"",""unresolved_must"":[]}",FINAL_PANEL_01,2027-03-16T13:00:00+09:00,SYNTHETIC_HUMAN_SCENARIO
FD_APP0301_INITIAL,INITIAL,,,,APP0301,C0301,COVERED,[],"[""M1_SKILL_06""]",PROCEED_TO_OFFER,"{""adverse_must"":[],""decision_refs"":[""DC_APP0301_M1_SKILL_03_004707"",""DC_APP0301_M1_SKILL_01_004705"",""DC_APP0301_M1_SKILL_02_004706"",""DC_APP0301_M1_SKILL_04_004708"",""DC_APP0301_M1_SKILL_05_004709"",""DC_APP0301_M1_SKILL_06_004710"",""DC_APP0301_M1_SKILL_07_004711"",""DC_APP0301_M1_SKILL_08_004712""],""disagreement_must"":[],""human_rationale"":""필수 근거·반복된 명시적 제한·남은 확인 질문을 검토한 합성 패널 판단."",""learnable_gaps"":[""M1_SKILL_06""],""missing_must"":[],""repeated_must_limitations"":[],""review_round"":""INITIAL"",""rubric_id"":""M1_EVIDENCE_RUBRIC_V02"",""talent_profile"":""talent_profile.json"",""unresolved_must"":[]}",FINAL_PANEL_01,2027-03-13T13:45:00+09:00,SYNTHETIC_HUMAN_SCENARIO
FD_APP0274_INITIAL,INITIAL,EVALUATOR_DISAGREEMENT,"[{""context"":""앞선 관찰의 미확인/검증 범위"",""method"":""BEHAVIORAL_INTERACTION"",""question"":""개인 행동·피드백·검증 범위를 구체적 후속 질문으로 확인"",""skill_id"":""M1_SKILL_04""}]",APP0274_FINAL_REVIEW_FOCUSED_FOLLOW_UP,APP0274,C0274,UNRESOLVED,"[""M1_SKILL_04""]",[],HOLD,"{""adverse_must"":[],""decision_refs"":[""DC_APP0274_M1_SKILL_03_004715"",""DC_APP0274_M1_SKILL_01_004713"",""DC_APP0274_M1_SKILL_02_004714"",""DC_APP0274_M1_SKILL_04_004716"",""DC_APP0274_M1_SKILL_05_004717"",""DC_APP0274_M1_SKILL_06_004718"",""DC_APP0274_M1_SKILL_07_004719"",""DC_APP0274_M1_SKILL_08_004720""],""disagreement_must"":[""M1_SKILL_04""],""human_rationale"":""필수 근거·반복된 명시적 제한·남은 확인 질문을 검토한 합성 패널 판단."",""learnable_gaps"":[],""missing_must"":[],""repeated_must_limitations"":[],""review_round"":""INITIAL"",""rubric_id"":""M1_EVIDENCE_RUBRIC_V02"",""talent_profile"":""talent_profile.json"",""unresolved_must"":[""M1_SKILL_04""]}",FINAL_PANEL_01,2027-03-22T11:50:00+09:00,SYNTHETIC_HUMAN_SCENARIO
FD_APP0274_RE_REVIEW,RE_REVIEW,,,APP0274_FINAL_REVIEW_FOCUSED_FOLLOW_UP,APP0274,C0274,UNRESOLVED,"[""M1_SKILL_04""]",[],DO_NOT_PROCEED,"{""accepted_uncertainty_plan"":[],""adverse_must"":[],""decision_refs"":[""DC_APP0274_M1_SKILL_03_004723"",""DC_APP0274_M1_SKILL_01_004721"",""DC_APP0274_M1_SKILL_02_004722"",""DC_APP0274_M1_SKILL_04_004724"",""DC_APP0274_M1_SKILL_05_004725"",""DC_APP0274_M1_SKILL_06_004726"",""DC_APP0274_M1_SKILL_07_004727"",""DC_APP0274_M1_SKILL_08_004728""],""disagreement_must"":[""M1_SKILL_04""],""human_rationale"":""추가 검증 후에도 남은 명시적 필수 검증 제한/해석 충돌을 검토하여 이번 역할 진행을 보류하지 않고 종료한다."",""learnable_gaps"":[],""missing_must"":[],""repeated_must_limitations"":[],""review_round"":""RE_REVIEW"",""rubric_id"":""M1_EVIDENCE_RUBRIC_V02"",""talent_profile"":""talent_profile.json"",""unresolved_must"":[""M1_SKILL_04""]}",FINAL_PANEL_01,2027-03-30T13:05:00+09:00,SYNTHETIC_HUMAN_SCENARIO
FD_APP0318_INITIAL,INITIAL,MISSING_EVIDENCE,"[{""context"":""앞선 관찰의 미확인/검증 범위"",""method"":""DIRECT_TASK"",""question"":""기존 미확인/제한을 작은 직접 과제와 검증 산출물로 확인"",""skill_id"":""M1_SKILL_02""},{""context"":""앞선 관찰의 미확인/검증 범위"",""method"":""BEHAVIORAL_INTERACTION"",""question"":""개인 행동·피드백·검증 범위를 구체적 후속 질문으로 확인"",""skill_id"":""M1_SKILL_04""}]",APP0318_FINAL_REVIEW_FOCUSED_FOLLOW_UP,APP0318,C0318,UNRESOLVED,"[""M1_SKILL_02"",""M1_SKILL_04""]",[],HOLD,"{""adverse_must"":[""M1_SKILL_04""],""decision_refs"":[""DC_APP0318_M1_SKILL_03_004731"",""DC_APP0318_M1_SKILL_01_004729"",""DC_APP0318_M1_SKILL_02_004730"",""DC_APP0318_M1_SKILL_04_004732"",""DC_APP0318_M1_SKILL_05_004733"",""DC_APP0318_M1_SKILL_06_004734"",""DC_APP0318_M1_SKILL_07_004735"",""DC_APP0318_M1_SKILL_08_004736""],""disagreement_must"":[],""human_rationale"":""필수 근거·반복된 명시적 제한·남은 확인 질문을 검토한 합성 패널 판단."",""learnable_gaps"":[],""missing_must"":[""M1_SKILL_02""],""repeated_must_limitations"":[],""review_round"":""INITIAL"",""rubric_id"":""M1_EVIDENCE_RUBRIC_V02"",""talent_profile"":""talent_profile.json"",""unresolved_must"":[""M1_SKILL_02"",""M1_SKILL_04""]}",FINAL_PANEL_01,2027-03-16T13:25:00+09:00,SYNTHETIC_HUMAN_SCENARIO
FD_APP0318_RE_REVIEW,RE_REVIEW,,,APP0318_FINAL_REVIEW_FOCUSED_FOLLOW_UP,APP0318,C0318,COVERED,[],[],PROCEED_TO_OFFER,"{""accepted_uncertainty_plan"":[],""adverse_must"":[],""decision_refs"":[""DC_APP0318_M1_SKILL_03_004739"",""DC_APP0318_M1_SKILL_01_004737"",""DC_APP0318_M1_SKILL_02_004738"",""DC_APP0318_M1_SKILL_04_004740"",""DC_APP0318_M1_SKILL_05_004741"",""DC_APP0318_M1_SKILL_06_004742"",""DC_APP0318_M1_SKILL_07_004743"",""DC_APP0318_M1_SKILL_08_004744""],""disagreement_must"":[],""human_rationale"":""추가 직접 관찰과 기존 근거를 검토했다. 남은 미관찰 자체는 탈락 사유가 아니며 업무 준비 지원으로 추적한다."",""learnable_gaps"":[],""missing_must"":[],""repeated_must_limitations"":[],""review_round"":""RE_REVIEW"",""rubric_id"":""M1_EVIDENCE_RUBRIC_V02"",""talent_profile"":""talent_profile.json"",""unresolved_must"":[]}",FINAL_PANEL_01,2027-03-24T14:30:00+09:00,SYNTHETIC_HUMAN_SCENARIO
FD_APP0342_INITIAL,INITIAL,,,,APP0342,C0342,COVERED,[],"[""M1_SKILL_06""]",PROCEED_TO_OFFER,"{""adverse_must"":[],""decision_refs"":[""DC_APP0342_M1_SKILL_03_004747"",""DC_APP0342_M1_SKILL_01_004745"",""DC_APP0342_M1_SKILL_02_004746"",""DC_APP0342_M1_SKILL_04_004748"",""DC_APP0342_M1_SKILL_05_004749"",""DC_APP0342_M1_SKILL_06_004750"",""DC_APP0342_M1_SKILL_07_004751"",""DC_APP0342_M1_SKILL_08_004752""],""disagreement_must"":[],""human_rationale"":""필수 근거·반복된 명시적 제한·남은 확인 질문을 검토한 합성 패널 판단."",""learnable_gaps"":[""M1_SKILL_06""],""missing_must"":[],""repeated_must_limitations"":[],""review_round"":""INITIAL"",""rubric_id"":""M1_EVIDENCE_RUBRIC_V02"",""talent_profile"":""talent_profile.json"",""unresolved_must"":[]}",FINAL_PANEL_01,2027-03-19T11:45:00+09:00,SYNTHETIC_HUMAN_SCENARIO
FD_APP0335_INITIAL,INITIAL,EVALUATOR_DISAGREEMENT,"[{""context"":""앞선 관찰의 미확인/검증 범위"",""method"":""DIRECT_TASK"",""question"":""기존 미확인/제한을 작은 직접 과제와 검증 산출물로 확인"",""skill_id"":""M1_SKILL_01""},{""context"":""앞선 관찰의 미확인/검증 범위"",""method"":""DIRECT_TASK"",""question"":""기존 미확인/제한을 작은 직접 과제와 검증 산출물로 확인"",""skill_id"":""M1_SKILL_03""},{""context"":""앞선 관찰의 미확인/검증 범위"",""method"":""BEHAVIORAL_INTERACTION"",""question"":""개인 행동·피드백·검증 범위를 구체적 후속 질문으로 확인"",""skill_id"":""M1_SKILL_05""}]",APP0335_FINAL_REVIEW_FOCUSED_FOLLOW_UP,APP0335,C0335,UNRESOLVED,"[""M1_SKILL_01"",""M1_SKILL_03"",""M1_SKILL_05""]","[""M1_SKILL_06""]",HOLD,"{""adverse_must"":[""M1_SKILL_01"",""M1_SKILL_05""],""decision_refs"":[""DC_APP0335_M1_SKILL_03_004755"",""DC_APP0335_M1_SKILL_01_004753"",""DC_APP0335_M1_SKILL_02_004754"",""DC_APP0335_M1_SKILL_04_004756"",""DC_APP0335_M1_SKILL_05_004757"",""DC_APP0335_M1_SKILL_06_004758"",""DC_APP0335_M1_SKILL_07_004759"",""DC_APP0335_M1_SKILL_08_004760""],""disagreement_must"":[""M1_SKILL_01"",""M1_SKILL_03"",""M1_SKILL_05""],""human_rationale"":""필수 근거·반복된 명시적 제한·남은 확인 질문을 검토한 합성 패널 판단."",""learnable_gaps"":[""M1_SKILL_06""],""missing_must"":[],""repeated_must_limitations"":[],""review_round"":""INITIAL"",""rubric_id"":""M1_EVIDENCE_RUBRIC_V02"",""talent_profile"":""talent_profile.json"",""unresolved_must"":[""M1_SKILL_01"",""M1_SKILL_03"",""M1_SKILL_05""]}",FINAL_PANEL_01,2027-03-23T11:55:00+09:00,SYNTHETIC_HUMAN_SCENARIO
FD_APP0335_RE_REVIEW,RE_REVIEW,,,APP0335_FINAL_REVIEW_FOCUSED_FOLLOW_UP,APP0335,C0335,UNRESOLVED,"[""M1_SKILL_01"",""M1_SKILL_05""]","[""M1_SKILL_06""]",DO_NOT_PROCEED,"{""accepted_uncertainty_plan"":[],""adverse_must"":[""M1_SKILL_01"",""M1_SKILL_05""],""decision_refs"":[""DC_APP0335_M1_SKILL_03_004763"",""DC_APP0335_M1_SKILL_01_004761"",""DC_APP0335_M1_SKILL_02_004762"",""DC_APP0335_M1_SKILL_04_004764"",""DC_APP0335_M1_SKILL_05_004765"",""DC_APP0335_M1_SKILL_06_004766"",""DC_APP0335_M1_SKILL_07_004767"",""DC_APP0335_M1_SKILL_08_004768""],""disagreement_must"":[""M1_SKILL_01"",""M1_SKILL_05""],""human_rationale"":""추가 검증 후에도 남은 명시적 필수 검증 제한/해석 충돌을 검토하여 이번 역할 진행을 보류하지 않고 종료한다."",""learnable_gaps"":[""M1_SKILL_06""],""missing_must"":[],""repeated_must_limitations"":[],""review_round"":""RE_REVIEW"",""rubric_id"":""M1_EVIDENCE_RUBRIC_V02"",""talent_profile"":""talent_profile.json"",""unresolved_must"":[""M1_SKILL_01"",""M1_SKILL_05""]}",FINAL_PANEL_01,2027-03-31T13:10:00+09:00,SYNTHETIC_HUMAN_SCENARIO
FD_APP0314_INITIAL,INITIAL,UNRESOLVED_EVIDENCE,"[{""context"":""앞선 관찰의 미확인/검증 범위"",""method"":""DIRECT_TASK"",""question"":""기존 미확인/제한을 작은 직접 과제와 검증 산출물로 확인"",""skill_id"":""M1_SKILL_02""}]",APP0314_FINAL_REVIEW_FOCUSED_FOLLOW_UP,APP0314,C0314,UNRESOLVED,"[""M1_SKILL_02""]",[],HOLD,"{""adverse_must"":[""M1_SKILL_02""],""decision_refs"":[""DC_APP0314_M1_SKILL_03_004771"",""DC_APP0314_M1_SKILL_01_004769"",""DC_APP0314_M1_SKILL_02_004770"",""DC_APP0314_M1_SKILL_04_004772"",""DC_APP0314_M1_SKILL_05_004773"",""DC_APP0314_M1_SKILL_06_004774"",""DC_APP0314_M1_SKILL_07_004775"",""DC_APP0314_M1_SKILL_08_004776""],""disagreement_must"":[],""human_rationale"":""필수 근거·반복된 명시적 제한·남은 확인 질문을 검토한 합성 패널 판단."",""learnable_gaps"":[],""missing_must"":[],""repeated_must_limitations"":[],""review_round"":""INITIAL"",""rubric_id"":""M1_EVIDENCE_RUBRIC_V02"",""talent_profile"":""talent_profile.json"",""unresolved_must"":[""M1_SKILL_02""]}",FINAL_PANEL_01,2027-03-25T11:45:00+09:00,SYNTHETIC_HUMAN_SCENARIO
FD_APP0314_RE_REVIEW,RE_REVIEW,,,APP0314_FINAL_REVIEW_FOCUSED_FOLLOW_UP,APP0314,C0314,COVERED,[],[],PROCEED_TO_OFFER,"{""accepted_uncertainty_plan"":[],""adverse_must"":[],""decision_refs"":[""DC_APP0314_M1_SKILL_03_004779"",""DC_APP0314_M1_SKILL_01_004777"",""DC_APP0314_M1_SKILL_02_004778"",""DC_APP0314_M1_SKILL_04_004780"",""DC_APP0314_M1_SKILL_05_004781"",""DC_APP0314_M1_SKILL_06_004782"",""DC_APP0314_M1_SKILL_07_004783"",""DC_APP0314_M1_SKILL_08_004784""],""disagreement_must"":[],""human_rationale"":""추가 직접 관찰과 기존 근거를 검토했다. 남은 미관찰 자체는 탈락 사유가 아니며 업무 준비 지원으로 추적한다."",""learnable_gaps"":[],""missing_must"":[],""repeated_must_limitations"":[],""review_round"":""RE_REVIEW"",""rubric_id"":""M1_EVIDENCE_RUBRIC_V02"",""talent_profile"":""talent_profile.json"",""unresolved_must"":[]}",FINAL_PANEL_01,2027-04-02T12:55:00+09:00,SYNTHETIC_HUMAN_SCENARIO
