task_id,candidate_id,employee_id,milestone,task_type,related_skill_id,planned_at,assigned_at,completed_at,evidence_ref,work_evidence,status,mentor_confirmed,decision_provenance
TASK_EMP_C0010_01,C0010,EMP_C0010,MONTH_1,ENVIRONMENT_CHECK,M1_SKILL_06,2027-03-01T09:00:00+09:00,2027-03-31T09:00:00+09:00,2027-04-03T09:00:00+09:00,onboarding_tasks.csv#TASK_EMP_C0010_01/work_evidence,"{""artifact_id"":""WORK_TASK_EMP_C0010_01"",""evidence_type"":""SYNTHETIC"",""observed_at"":""2027-04-03T09:00:00+09:00"",""performed_action"":""업무 요구에 맞춰 작은 산출물을 만들고 실행/검토 기록을 남겼다."",""revision"":"""",""skill_id"":""M1_SKILL_06"",""task"":""ENVIRONMENT_CHECK"",""verification"":""OUTPUT_AND_RECOVERY_CHECKED""}",COMPLETED,true,SYNTHETIC_HUMAN_SCENARIO
TASK_EMP_C0010_02,C0010,EMP_C0010,MONTH_3,PIPELINE_REVIEW,M1_SKILL_06,2027-03-01T09:00:00+09:00,2027-05-30T09:00:00+09:00,2027-05-30T09:00:00+09:00,onboarding_tasks.csv#TASK_EMP_C0010_02/work_evidence,"{""artifact_id"":""WORK_TASK_EMP_C0010_02"",""evidence_type"":""SYNTHETIC"",""observed_at"":""2027-05-30T09:00:00+09:00"",""performed_action"":""업무 요구에 맞춰 작은 산출물을 만들고 실행/검토 기록을 남겼다."",""revision"":"""",""skill_id"":""M1_SKILL_06"",""task"":""PIPELINE_REVIEW"",""verification"":""OUTPUT_AND_RECOVERY_CHECKED""}",COMPLETED,true,SYNTHETIC_HUMAN_SCENARIO
TASK_EMP_C0010_03,C0010,EMP_C0010,MONTH_6,WORK_TASK,M1_SKILL_06,2027-03-01T09:00:00+09:00,2027-08-28T09:00:00+09:00,2027-08-28T09:00:00+09:00,onboarding_tasks.csv#TASK_EMP_C0010_03/work_evidence,"{""artifact_id"":""WORK_TASK_EMP_C0010_03"",""evidence_type"":""SYNTHETIC"",""observed_at"":""2027-08-28T09:00:00+09:00"",""performed_action"":""업무 요구에 맞춰 작은 산출물을 만들고 실행/검토 기록을 남겼다."",""revision"":""확인한 예외를 수정 후 재실행했다."",""skill_id"":""M1_SKILL_06"",""task"":""WORK_TASK"",""verification"":""OUTPUT_AND_RECOVERY_CHECKED""}",COMPLETED,true,SYNTHETIC_HUMAN_SCENARIO
TASK_EMP_C0014_01,C0014,EMP_C0014,MONTH_1,ENVIRONMENT_CHECK,M1_SKILL_03,2027-03-01T09:00:00+09:00,2027-03-31T09:00:00+09:00,2027-04-03T09:00:00+09:00,onboarding_tasks.csv#TASK_EMP_C0014_01/work_evidence,"{""artifact_id"":""WORK_TASK_EMP_C0014_01"",""evidence_type"":""SYNTHETIC"",""observed_at"":""2027-04-03T09:00:00+09:00"",""performed_action"":""업무 요구에 맞춰 작은 산출물을 만들고 실행/검토 기록을 남겼다."",""revision"":"""",""skill_id"":""M1_SKILL_03"",""task"":""ENVIRONMENT_CHECK"",""verification"":""OUTPUT_AND_RECOVERY_CHECKED""}",COMPLETED,true,SYNTHETIC_HUMAN_SCENARIO
TASK_EMP_C0014_02,C0014,EMP_C0014,MONTH_3,PIPELINE_REVIEW,M1_SKILL_03,2027-03-01T09:00:00+09:00,2027-05-30T09:00:00+09:00,2027-06-06T09:00:00+09:00,onboarding_tasks.csv#TASK_EMP_C0014_02/work_evidence,"{""artifact_id"":""WORK_TASK_EMP_C0014_02"",""evidence_type"":""SYNTHETIC"",""observed_at"":""2027-06-06T09:00:00+09:00"",""performed_action"":""업무 요구에 맞춰 작은 산출물을 만들고 실행/검토 기록을 남겼다."",""revision"":"""",""skill_id"":""M1_SKILL_03"",""task"":""PIPELINE_REVIEW"",""verification"":""OUTPUT_AND_RECOVERY_CHECKED""}",COMPLETED,true,SYNTHETIC_HUMAN_SCENARIO
TASK_EMP_C0014_03,C0014,EMP_C0014,MONTH_6,WORK_TASK,M1_SKILL_03,2027-03-01T09:00:00+09:00,2027-08-28T09:00:00+09:00,2027-09-04T09:00:00+09:00,onboarding_tasks.csv#TASK_EMP_C0014_03/work_evidence,"{""artifact_id"":""WORK_TASK_EMP_C0014_03"",""evidence_type"":""SYNTHETIC"",""observed_at"":""2027-09-04T09:00:00+09:00"",""performed_action"":""업무 요구에 맞춰 작은 산출물을 만들고 실행/검토 기록을 남겼다."",""revision"":"""",""skill_id"":""M1_SKILL_03"",""task"":""WORK_TASK"",""verification"":""CHECK_PENDING""}",COMPLETED,false,SYNTHETIC_HUMAN_SCENARIO
TASK_EMP_C0014_04,C0014,EMP_C0014,EXTENDED,FOLLOW_UP_WORK,M1_SKILL_03,2027-03-01T09:00:00+09:00,2027-10-04T09:00:00+09:00,2027-10-04T09:00:00+09:00,onboarding_tasks.csv#TASK_EMP_C0014_04/work_evidence,"{""artifact_id"":""WORK_TASK_EMP_C0014_04"",""evidence_type"":""SYNTHETIC"",""observed_at"":""2027-10-04T09:00:00+09:00"",""performed_action"":""업무 요구에 맞춰 작은 산출물을 만들고 실행/검토 기록을 남겼다."",""revision"":"""",""skill_id"":""M1_SKILL_03"",""task"":""FOLLOW_UP_WORK"",""verification"":""CHECK_PENDING""}",COMPLETED,false,SYNTHETIC_HUMAN_SCENARIO
TASK_EMP_C0012_01,C0012,EMP_C0012,MONTH_1,ENVIRONMENT_CHECK,M1_SKILL_03,2027-03-01T09:00:00+09:00,2027-03-31T09:00:00+09:00,2027-04-03T09:00:00+09:00,onboarding_tasks.csv#TASK_EMP_C0012_01/work_evidence,"{""artifact_id"":""WORK_TASK_EMP_C0012_01"",""evidence_type"":""SYNTHETIC"",""observed_at"":""2027-04-03T09:00:00+09:00"",""performed_action"":""업무 요구에 맞춰 작은 산출물을 만들고 실행/검토 기록을 남겼다."",""revision"":"""",""skill_id"":""M1_SKILL_03"",""task"":""ENVIRONMENT_CHECK"",""verification"":""OUTPUT_AND_RECOVERY_CHECKED""}",COMPLETED,false,SYNTHETIC_HUMAN_SCENARIO
TASK_EMP_C0012_02,C0012,EMP_C0012,MONTH_3,PIPELINE_REVIEW,M1_SKILL_03,2027-03-01T09:00:00+09:00,2027-05-30T09:00:00+09:00,2027-06-02T09:00:00+09:00,onboarding_tasks.csv#TASK_EMP_C0012_02/work_evidence,"{""artifact_id"":""WORK_TASK_EMP_C0012_02"",""evidence_type"":""SYNTHETIC"",""observed_at"":""2027-06-02T09:00:00+09:00"",""performed_action"":""업무 요구에 맞춰 작은 산출물을 만들고 실행/검토 기록을 남겼다."",""revision"":"""",""skill_id"":""M1_SKILL_03"",""task"":""PIPELINE_REVIEW"",""verification"":""OUTPUT_AND_RECOVERY_CHECKED""}",COMPLETED,false,SYNTHETIC_HUMAN_SCENARIO
TASK_EMP_C0012_03,C0012,EMP_C0012,MONTH_6,WORK_TASK,M1_SKILL_03,2027-03-01T09:00:00+09:00,2027-08-28T09:00:00+09:00,2027-08-28T09:00:00+09:00,onboarding_tasks.csv#TASK_EMP_C0012_03/work_evidence,"{""artifact_id"":""WORK_TASK_EMP_C0012_03"",""evidence_type"":""SYNTHETIC"",""observed_at"":""2027-08-28T09:00:00+09:00"",""performed_action"":""업무 요구에 맞춰 작은 산출물을 만들고 실행/검토 기록을 남겼다."",""revision"":"""",""skill_id"":""M1_SKILL_03"",""task"":""WORK_TASK"",""verification"":""OUTPUT_AND_RECOVERY_CHECKED""}",COMPLETED,true,SYNTHETIC_HUMAN_SCENARIO
TASK_EMP_C0012_04,C0012,EMP_C0012,MONTH_1,ENVIRONMENT_CHECK,M1_SKILL_05,2027-03-01T09:00:00+09:00,2027-03-31T09:00:00+09:00,2027-04-07T09:00:00+09:00,onboarding_tasks.csv#TASK_EMP_C0012_04/work_evidence,"{""artifact_id"":""WORK_TASK_EMP_C0012_04"",""evidence_type"":""SYNTHETIC"",""observed_at"":""2027-04-07T09:00:00+09:00"",""performed_action"":""업무 요구에 맞춰 작은 산출물을 만들고 실행/검토 기록을 남겼다."",""revision"":"""",""skill_id"":""M1_SKILL_05"",""task"":""ENVIRONMENT_CHECK"",""verification"":""CHECK_PENDING""}",COMPLETED,false,SYNTHETIC_HUMAN_SCENARIO
TASK_EMP_C0012_05,C0012,EMP_C0012,MONTH_3,PIPELINE_REVIEW,M1_SKILL_05,2027-03-01T09:00:00+09:00,2027-05-30T09:00:00+09:00,2027-06-13T09:00:00+09:00,onboarding_tasks.csv#TASK_EMP_C0012_05/work_evidence,"{""artifact_id"":""WORK_TASK_EMP_C0012_05"",""evidence_type"":""SYNTHETIC"",""observed_at"":""2027-06-13T09:00:00+09:00"",""performed_action"":""업무 요구에 맞춰 작은 산출물을 만들고 실행/검토 기록을 남겼다."",""revision"":"""",""skill_id"":""M1_SKILL_05"",""task"":""PIPELINE_REVIEW"",""verification"":""OUTPUT_AND_RECOVERY_CHECKED""}",COMPLETED,false,SYNTHETIC_HUMAN_SCENARIO
TASK_EMP_C0012_06,C0012,EMP_C0012,MONTH_6,WORK_TASK,M1_SKILL_05,2027-03-01T09:00:00+09:00,2027-08-28T09:00:00+09:00,2027-08-31T09:00:00+09:00,onboarding_tasks.csv#TASK_EMP_C0012_06/work_evidence,"{""artifact_id"":""WORK_TASK_EMP_C0012_06"",""evidence_type"":""SYNTHETIC"",""observed_at"":""2027-08-31T09:00:00+09:00"",""performed_action"":""업무 요구에 맞춰 작은 산출물을 만들고 실행/검토 기록을 남겼다."",""revision"":"""",""skill_id"":""M1_SKILL_05"",""task"":""WORK_TASK"",""verification"":""CHECK_PENDING""}",COMPLETED,false,SYNTHETIC_HUMAN_SCENARIO
TASK_EMP_C0012_07,C0012,EMP_C0012,EXTENDED,FOLLOW_UP_WORK,M1_SKILL_03,2027-03-01T09:00:00+09:00,2027-09-30T09:00:00+09:00,2027-10-07T09:00:00+09:00,onboarding_tasks.csv#TASK_EMP_C0012_07/work_evidence,"{""artifact_id"":""WORK_TASK_EMP_C0012_07"",""evidence_type"":""SYNTHETIC"",""observed_at"":""2027-10-07T09:00:00+09:00"",""performed_action"":""업무 요구에 맞춰 작은 산출물을 만들고 실행/검토 기록을 남겼다."",""revision"":"""",""skill_id"":""M1_SKILL_03"",""task"":""FOLLOW_UP_WORK"",""verification"":""OUTPUT_AND_RECOVERY_CHECKED""}",COMPLETED,true,SYNTHETIC_HUMAN_SCENARIO
TASK_EMP_C0012_08,C0012,EMP_C0012,EXTENDED,FOLLOW_UP_WORK,M1_SKILL_05,2027-03-01T09:00:00+09:00,2027-09-30T09:00:00+09:00,2027-10-14T09:00:00+09:00,onboarding_tasks.csv#TASK_EMP_C0012_08/work_evidence,"{""artifact_id"":""WORK_TASK_EMP_C0012_08"",""evidence_type"":""SYNTHETIC"",""observed_at"":""2027-10-14T09:00:00+09:00"",""performed_action"":""업무 요구에 맞춰 작은 산출물을 만들고 실행/검토 기록을 남겼다."",""revision"":"""",""skill_id"":""M1_SKILL_05"",""task"":""FOLLOW_UP_WORK"",""verification"":""CHECK_PENDING""}",COMPLETED,false,SYNTHETIC_HUMAN_SCENARIO
TASK_EMP_C0037_01,C0037,EMP_C0037,MONTH_1,ENVIRONMENT_CHECK,,2027-03-01T09:00:00+09:00,2027-03-31T09:00:00+09:00,2027-04-14T09:00:00+09:00,onboarding_tasks.csv#TASK_EMP_C0037_01/work_evidence,"{""artifact_id"":""WORK_TASK_EMP_C0037_01"",""evidence_type"":""SYNTHETIC"",""observed_at"":""2027-04-14T09:00:00+09:00"",""performed_action"":""업무 요구에 맞춰 작은 산출물을 만들고 실행/검토 기록을 남겼다."",""revision"":"""",""skill_id"":"""",""task"":""ENVIRONMENT_CHECK"",""verification"":""OUTPUT_AND_RECOVERY_CHECKED""}",COMPLETED,false,SYNTHETIC_HUMAN_SCENARIO
TASK_EMP_C0037_02,C0037,EMP_C0037,MONTH_3,PIPELINE_REVIEW,,2027-03-01T09:00:00+09:00,2027-05-30T09:00:00+09:00,2027-06-13T09:00:00+09:00,onboarding_tasks.csv#TASK_EMP_C0037_02/work_evidence,"{""artifact_id"":""WORK_TASK_EMP_C0037_02"",""evidence_type"":""SYNTHETIC"",""observed_at"":""2027-06-13T09:00:00+09:00"",""performed_action"":""업무 요구에 맞춰 작은 산출물을 만들고 실행/검토 기록을 남겼다."",""revision"":"""",""skill_id"":"""",""task"":""PIPELINE_REVIEW"",""verification"":""OUTPUT_AND_RECOVERY_CHECKED""}",COMPLETED,true,SYNTHETIC_HUMAN_SCENARIO
TASK_EMP_C0037_03,C0037,EMP_C0037,MONTH_6,WORK_TASK,,2027-03-01T09:00:00+09:00,2027-08-28T09:00:00+09:00,2027-09-11T09:00:00+09:00,onboarding_tasks.csv#TASK_EMP_C0037_03/work_evidence,"{""artifact_id"":""WORK_TASK_EMP_C0037_03"",""evidence_type"":""SYNTHETIC"",""observed_at"":""2027-09-11T09:00:00+09:00"",""performed_action"":""업무 요구에 맞춰 작은 산출물을 만들고 실행/검토 기록을 남겼다."",""revision"":""확인한 예외를 수정 후 재실행했다."",""skill_id"":"""",""task"":""WORK_TASK"",""verification"":""OUTPUT_AND_RECOVERY_CHECKED""}",COMPLETED,true,SYNTHETIC_HUMAN_SCENARIO
TASK_EMP_C0037_04,C0037,EMP_C0037,EXTENDED,FOLLOW_UP_WORK,,2027-03-01T09:00:00+09:00,2027-10-11T09:00:00+09:00,2027-10-14T09:00:00+09:00,onboarding_tasks.csv#TASK_EMP_C0037_04/work_evidence,"{""artifact_id"":""WORK_TASK_EMP_C0037_04"",""evidence_type"":""SYNTHETIC"",""observed_at"":""2027-10-14T09:00:00+09:00"",""performed_action"":""업무 요구에 맞춰 작은 산출물을 만들고 실행/검토 기록을 남겼다."",""revision"":""확인한 예외를 수정 후 재실행했다."",""skill_id"":"""",""task"":""FOLLOW_UP_WORK"",""verification"":""OUTPUT_AND_RECOVERY_CHECKED""}",COMPLETED,true,SYNTHETIC_HUMAN_SCENARIO
TASK_EMP_C0039_01,C0039,EMP_C0039,MONTH_1,ENVIRONMENT_CHECK,M1_SKILL_03,2027-03-01T09:00:00+09:00,2027-03-31T09:00:00+09:00,2027-04-14T09:00:00+09:00,onboarding_tasks.csv#TASK_EMP_C0039_01/work_evidence,"{""artifact_id"":""WORK_TASK_EMP_C0039_01"",""evidence_type"":""SYNTHETIC"",""observed_at"":""2027-04-14T09:00:00+09:00"",""performed_action"":""업무 요구에 맞춰 작은 산출물을 만들고 실행/검토 기록을 남겼다."",""revision"":"""",""skill_id"":""M1_SKILL_03"",""task"":""ENVIRONMENT_CHECK"",""verification"":""OUTPUT_AND_RECOVERY_CHECKED""}",COMPLETED,true,SYNTHETIC_HUMAN_SCENARIO
TASK_EMP_C0039_02,C0039,EMP_C0039,MONTH_3,PIPELINE_REVIEW,M1_SKILL_03,2027-03-01T09:00:00+09:00,2027-05-30T09:00:00+09:00,2027-06-13T09:00:00+09:00,onboarding_tasks.csv#TASK_EMP_C0039_02/work_evidence,"{""artifact_id"":""WORK_TASK_EMP_C0039_02"",""evidence_type"":""SYNTHETIC"",""observed_at"":""2027-06-13T09:00:00+09:00"",""performed_action"":""업무 요구에 맞춰 작은 산출물을 만들고 실행/검토 기록을 남겼다."",""revision"":"""",""skill_id"":""M1_SKILL_03"",""task"":""PIPELINE_REVIEW"",""verification"":""OUTPUT_AND_RECOVERY_CHECKED""}",COMPLETED,false,SYNTHETIC_HUMAN_SCENARIO
TASK_EMP_C0039_03,C0039,EMP_C0039,MONTH_6,WORK_TASK,M1_SKILL_03,2027-03-01T09:00:00+09:00,2027-08-28T09:00:00+09:00,2027-08-28T09:00:00+09:00,onboarding_tasks.csv#TASK_EMP_C0039_03/work_evidence,"{""artifact_id"":""WORK_TASK_EMP_C0039_03"",""evidence_type"":""SYNTHETIC"",""observed_at"":""2027-08-28T09:00:00+09:00"",""performed_action"":""업무 요구에 맞춰 작은 산출물을 만들고 실행/검토 기록을 남겼다."",""revision"":"""",""skill_id"":""M1_SKILL_03"",""task"":""WORK_TASK"",""verification"":""OUTPUT_AND_RECOVERY_CHECKED""}",COMPLETED,true,SYNTHETIC_HUMAN_SCENARIO
TASK_EMP_C0039_04,C0039,EMP_C0039,EXTENDED,FOLLOW_UP_WORK,M1_SKILL_03,2027-03-01T09:00:00+09:00,2027-09-27T09:00:00+09:00,2027-10-11T09:00:00+09:00,onboarding_tasks.csv#TASK_EMP_C0039_04/work_evidence,"{""artifact_id"":""WORK_TASK_EMP_C0039_04"",""evidence_type"":""SYNTHETIC"",""observed_at"":""2027-10-11T09:00:00+09:00"",""performed_action"":""업무 요구에 맞춰 작은 산출물을 만들고 실행/검토 기록을 남겼다."",""revision"":"""",""skill_id"":""M1_SKILL_03"",""task"":""FOLLOW_UP_WORK"",""verification"":""OUTPUT_AND_RECOVERY_CHECKED""}",COMPLETED,true,SYNTHETIC_HUMAN_SCENARIO
TASK_EMP_C0021_01,C0021,EMP_C0021,MONTH_1,ENVIRONMENT_CHECK,M1_SKILL_03,2027-03-01T09:00:00+09:00,2027-03-31T09:00:00+09:00,2027-04-14T09:00:00+09:00,onboarding_tasks.csv#TASK_EMP_C0021_01/work_evidence,"{""artifact_id"":""WORK_TASK_EMP_C0021_01"",""evidence_type"":""SYNTHETIC"",""observed_at"":""2027-04-14T09:00:00+09:00"",""performed_action"":""업무 요구에 맞춰 작은 산출물을 만들고 실행/검토 기록을 남겼다."",""revision"":"""",""skill_id"":""M1_SKILL_03"",""task"":""ENVIRONMENT_CHECK"",""verification"":""OUTPUT_AND_RECOVERY_CHECKED""}",COMPLETED,true,SYNTHETIC_HUMAN_SCENARIO
TASK_EMP_C0021_02,C0021,EMP_C0021,MONTH_3,PIPELINE_REVIEW,M1_SKILL_03,2027-03-01T09:00:00+09:00,2027-05-30T09:00:00+09:00,2027-06-02T09:00:00+09:00,onboarding_tasks.csv#TASK_EMP_C0021_02/work_evidence,"{""artifact_id"":""WORK_TASK_EMP_C0021_02"",""evidence_type"":""SYNTHETIC"",""observed_at"":""2027-06-02T09:00:00+09:00"",""performed_action"":""업무 요구에 맞춰 작은 산출물을 만들고 실행/검토 기록을 남겼다."",""revision"":"""",""skill_id"":""M1_SKILL_03"",""task"":""PIPELINE_REVIEW"",""verification"":""CHECK_PENDING""}",COMPLETED,false,SYNTHETIC_HUMAN_SCENARIO
TASK_EMP_C0021_03,C0021,EMP_C0021,MONTH_6,WORK_TASK,M1_SKILL_03,2027-03-01T09:00:00+09:00,2027-08-28T09:00:00+09:00,2027-08-31T09:00:00+09:00,onboarding_tasks.csv#TASK_EMP_C0021_03/work_evidence,"{""artifact_id"":""WORK_TASK_EMP_C0021_03"",""evidence_type"":""SYNTHETIC"",""observed_at"":""2027-08-31T09:00:00+09:00"",""performed_action"":""업무 요구에 맞춰 작은 산출물을 만들고 실행/검토 기록을 남겼다."",""revision"":""확인한 예외를 수정 후 재실행했다."",""skill_id"":""M1_SKILL_03"",""task"":""WORK_TASK"",""verification"":""OUTPUT_AND_RECOVERY_CHECKED""}",COMPLETED,true,SYNTHETIC_HUMAN_SCENARIO
TASK_EMP_C0021_04,C0021,EMP_C0021,MONTH_1,ENVIRONMENT_CHECK,M1_SKILL_05,2027-03-01T09:00:00+09:00,2027-03-31T09:00:00+09:00,2027-04-03T09:00:00+09:00,onboarding_tasks.csv#TASK_EMP_C0021_04/work_evidence,"{""artifact_id"":""WORK_TASK_EMP_C0021_04"",""evidence_type"":""SYNTHETIC"",""observed_at"":""2027-04-03T09:00:00+09:00"",""performed_action"":""업무 요구에 맞춰 작은 산출물을 만들고 실행/검토 기록을 남겼다."",""revision"":"""",""skill_id"":""M1_SKILL_05"",""task"":""ENVIRONMENT_CHECK"",""verification"":""OUTPUT_AND_RECOVERY_CHECKED""}",COMPLETED,true,SYNTHETIC_HUMAN_SCENARIO
TASK_EMP_C0021_05,C0021,EMP_C0021,MONTH_3,PIPELINE_REVIEW,M1_SKILL_05,2027-03-01T09:00:00+09:00,2027-05-30T09:00:00+09:00,2027-06-02T09:00:00+09:00,onboarding_tasks.csv#TASK_EMP_C0021_05/work_evidence,"{""artifact_id"":""WORK_TASK_EMP_C0021_05"",""evidence_type"":""SYNTHETIC"",""observed_at"":""2027-06-02T09:00:00+09:00"",""performed_action"":""업무 요구에 맞춰 작은 산출물을 만들고 실행/검토 기록을 남겼다."",""revision"":"""",""skill_id"":""M1_SKILL_05"",""task"":""PIPELINE_REVIEW"",""verification"":""OUTPUT_AND_RECOVERY_CHECKED""}",COMPLETED,true,SYNTHETIC_HUMAN_SCENARIO
TASK_EMP_C0021_06,C0021,EMP_C0021,MONTH_6,WORK_TASK,M1_SKILL_05,2027-03-01T09:00:00+09:00,2027-08-28T09:00:00+09:00,2027-09-11T09:00:00+09:00,onboarding_tasks.csv#TASK_EMP_C0021_06/work_evidence,"{""artifact_id"":""WORK_TASK_EMP_C0021_06"",""evidence_type"":""SYNTHETIC"",""observed_at"":""2027-09-11T09:00:00+09:00"",""performed_action"":""업무 요구에 맞춰 작은 산출물을 만들고 실행/검토 기록을 남겼다."",""revision"":""확인한 예외를 수정 후 재실행했다."",""skill_id"":""M1_SKILL_05"",""task"":""WORK_TASK"",""verification"":""OUTPUT_AND_RECOVERY_CHECKED""}",COMPLETED,true,SYNTHETIC_HUMAN_SCENARIO
TASK_EMP_C0021_07,C0021,EMP_C0021,EXTENDED,FOLLOW_UP_WORK,M1_SKILL_03,2027-03-01T09:00:00+09:00,2027-10-11T09:00:00+09:00,2027-10-11T09:00:00+09:00,onboarding_tasks.csv#TASK_EMP_C0021_07/work_evidence,"{""artifact_id"":""WORK_TASK_EMP_C0021_07"",""evidence_type"":""SYNTHETIC"",""observed_at"":""2027-10-11T09:00:00+09:00"",""performed_action"":""업무 요구에 맞춰 작은 산출물을 만들고 실행/검토 기록을 남겼다."",""revision"":""확인한 예외를 수정 후 재실행했다."",""skill_id"":""M1_SKILL_03"",""task"":""FOLLOW_UP_WORK"",""verification"":""OUTPUT_AND_RECOVERY_CHECKED""}",COMPLETED,true,SYNTHETIC_HUMAN_SCENARIO
TASK_EMP_C0077_01,C0077,EMP_C0077,MONTH_1,ENVIRONMENT_CHECK,M1_SKILL_05,2027-03-01T09:00:00+09:00,2027-03-31T09:00:00+09:00,2027-04-14T09:00:00+09:00,onboarding_tasks.csv#TASK_EMP_C0077_01/work_evidence,"{""artifact_id"":""WORK_TASK_EMP_C0077_01"",""evidence_type"":""SYNTHETIC"",""observed_at"":""2027-04-14T09:00:00+09:00"",""performed_action"":""업무 요구에 맞춰 작은 산출물을 만들고 실행/검토 기록을 남겼다."",""revision"":"""",""skill_id"":""M1_SKILL_05"",""task"":""ENVIRONMENT_CHECK"",""verification"":""OUTPUT_AND_RECOVERY_CHECKED""}",COMPLETED,true,SYNTHETIC_HUMAN_SCENARIO
TASK_EMP_C0077_02,C0077,EMP_C0077,MONTH_3,PIPELINE_REVIEW,M1_SKILL_05,2027-03-01T09:00:00+09:00,2027-05-30T09:00:00+09:00,2027-06-02T09:00:00+09:00,onboarding_tasks.csv#TASK_EMP_C0077_02/work_evidence,"{""artifact_id"":""WORK_TASK_EMP_C0077_02"",""evidence_type"":""SYNTHETIC"",""observed_at"":""2027-06-02T09:00:00+09:00"",""performed_action"":""업무 요구에 맞춰 작은 산출물을 만들고 실행/검토 기록을 남겼다."",""revision"":"""",""skill_id"":""M1_SKILL_05"",""task"":""PIPELINE_REVIEW"",""verification"":""OUTPUT_AND_RECOVERY_CHECKED""}",COMPLETED,true,SYNTHETIC_HUMAN_SCENARIO
TASK_EMP_C0077_03,C0077,EMP_C0077,MONTH_6,WORK_TASK,M1_SKILL_05,2027-03-01T09:00:00+09:00,2027-08-28T09:00:00+09:00,2027-09-11T09:00:00+09:00,onboarding_tasks.csv#TASK_EMP_C0077_03/work_evidence,"{""artifact_id"":""WORK_TASK_EMP_C0077_03"",""evidence_type"":""SYNTHETIC"",""observed_at"":""2027-09-11T09:00:00+09:00"",""performed_action"":""업무 요구에 맞춰 작은 산출물을 만들고 실행/검토 기록을 남겼다."",""revision"":""확인한 예외를 수정 후 재실행했다."",""skill_id"":""M1_SKILL_05"",""task"":""WORK_TASK"",""verification"":""OUTPUT_AND_RECOVERY_CHECKED""}",COMPLETED,true,SYNTHETIC_HUMAN_SCENARIO
TASK_EMP_C0050_01,C0050,EMP_C0050,MONTH_1,ENVIRONMENT_CHECK,M1_SKILL_03,2027-03-01T09:00:00+09:00,2027-03-31T09:00:00+09:00,2027-03-31T09:00:00+09:00,onboarding_tasks.csv#TASK_EMP_C0050_01/work_evidence,"{""artifact_id"":""WORK_TASK_EMP_C0050_01"",""evidence_type"":""SYNTHETIC"",""observed_at"":""2027-03-31T09:00:00+09:00"",""performed_action"":""업무 요구에 맞춰 작은 산출물을 만들고 실행/검토 기록을 남겼다."",""revision"":""확인한 예외를 수정 후 재실행했다."",""skill_id"":""M1_SKILL_03"",""task"":""ENVIRONMENT_CHECK"",""verification"":""OUTPUT_AND_RECOVERY_CHECKED""}",COMPLETED,true,SYNTHETIC_HUMAN_SCENARIO
TASK_EMP_C0050_02,C0050,EMP_C0050,MONTH_3,PIPELINE_REVIEW,M1_SKILL_03,2027-03-01T09:00:00+09:00,2027-05-30T09:00:00+09:00,2027-06-02T09:00:00+09:00,onboarding_tasks.csv#TASK_EMP_C0050_02/work_evidence,"{""artifact_id"":""WORK_TASK_EMP_C0050_02"",""evidence_type"":""SYNTHETIC"",""observed_at"":""2027-06-02T09:00:00+09:00"",""performed_action"":""업무 요구에 맞춰 작은 산출물을 만들고 실행/검토 기록을 남겼다."",""revision"":"""",""skill_id"":""M1_SKILL_03"",""task"":""PIPELINE_REVIEW"",""verification"":""OUTPUT_AND_RECOVERY_CHECKED""}",COMPLETED,true,SYNTHETIC_HUMAN_SCENARIO
TASK_EMP_C0050_03,C0050,EMP_C0050,MONTH_6,WORK_TASK,M1_SKILL_03,2027-03-01T09:00:00+09:00,2027-08-28T09:00:00+09:00,2027-09-11T09:00:00+09:00,onboarding_tasks.csv#TASK_EMP_C0050_03/work_evidence,"{""artifact_id"":""WORK_TASK_EMP_C0050_03"",""evidence_type"":""SYNTHETIC"",""observed_at"":""2027-09-11T09:00:00+09:00"",""performed_action"":""업무 요구에 맞춰 작은 산출물을 만들고 실행/검토 기록을 남겼다."",""revision"":"""",""skill_id"":""M1_SKILL_03"",""task"":""WORK_TASK"",""verification"":""OUTPUT_AND_RECOVERY_CHECKED""}",COMPLETED,true,SYNTHETIC_HUMAN_SCENARIO
TASK_EMP_C0050_04,C0050,EMP_C0050,MONTH_1,ENVIRONMENT_CHECK,M1_SKILL_05,2027-03-01T09:00:00+09:00,2027-03-31T09:00:00+09:00,2027-04-07T09:00:00+09:00,onboarding_tasks.csv#TASK_EMP_C0050_04/work_evidence,"{""artifact_id"":""WORK_TASK_EMP_C0050_04"",""evidence_type"":""SYNTHETIC"",""observed_at"":""2027-04-07T09:00:00+09:00"",""performed_action"":""업무 요구에 맞춰 작은 산출물을 만들고 실행/검토 기록을 남겼다."",""revision"":""확인한 예외를 수정 후 재실행했다."",""skill_id"":""M1_SKILL_05"",""task"":""ENVIRONMENT_CHECK"",""verification"":""OUTPUT_AND_RECOVERY_CHECKED""}",COMPLETED,true,SYNTHETIC_HUMAN_SCENARIO
TASK_EMP_C0050_05,C0050,EMP_C0050,MONTH_3,PIPELINE_REVIEW,M1_SKILL_05,2027-03-01T09:00:00+09:00,2027-05-30T09:00:00+09:00,2027-06-13T09:00:00+09:00,onboarding_tasks.csv#TASK_EMP_C0050_05/work_evidence,"{""artifact_id"":""WORK_TASK_EMP_C0050_05"",""evidence_type"":""SYNTHETIC"",""observed_at"":""2027-06-13T09:00:00+09:00"",""performed_action"":""업무 요구에 맞춰 작은 산출물을 만들고 실행/검토 기록을 남겼다."",""revision"":"""",""skill_id"":""M1_SKILL_05"",""task"":""PIPELINE_REVIEW"",""verification"":""OUTPUT_AND_RECOVERY_CHECKED""}",COMPLETED,false,SYNTHETIC_HUMAN_SCENARIO
TASK_EMP_C0050_06,C0050,EMP_C0050,MONTH_6,WORK_TASK,M1_SKILL_05,2027-03-01T09:00:00+09:00,2027-08-28T09:00:00+09:00,2027-09-04T09:00:00+09:00,onboarding_tasks.csv#TASK_EMP_C0050_06/work_evidence,"{""artifact_id"":""WORK_TASK_EMP_C0050_06"",""evidence_type"":""SYNTHETIC"",""observed_at"":""2027-09-04T09:00:00+09:00"",""performed_action"":""업무 요구에 맞춰 작은 산출물을 만들고 실행/검토 기록을 남겼다."",""revision"":"""",""skill_id"":""M1_SKILL_05"",""task"":""WORK_TASK"",""verification"":""OUTPUT_AND_RECOVERY_CHECKED""}",COMPLETED,true,SYNTHETIC_HUMAN_SCENARIO
TASK_EMP_C0050_07,C0050,EMP_C0050,EXTENDED,FOLLOW_UP_WORK,M1_SKILL_05,2027-03-01T09:00:00+09:00,2027-10-11T09:00:00+09:00,2027-10-14T09:00:00+09:00,onboarding_tasks.csv#TASK_EMP_C0050_07/work_evidence,"{""artifact_id"":""WORK_TASK_EMP_C0050_07"",""evidence_type"":""SYNTHETIC"",""observed_at"":""2027-10-14T09:00:00+09:00"",""performed_action"":""업무 요구에 맞춰 작은 산출물을 만들고 실행/검토 기록을 남겼다."",""revision"":"""",""skill_id"":""M1_SKILL_05"",""task"":""FOLLOW_UP_WORK"",""verification"":""CHECK_PENDING""}",COMPLETED,false,SYNTHETIC_HUMAN_SCENARIO
TASK_EMP_C0061_01,C0061,EMP_C0061,MONTH_1,ENVIRONMENT_CHECK,M1_SKILL_03,2027-03-01T09:00:00+09:00,2027-03-31T09:00:00+09:00,2027-04-14T09:00:00+09:00,onboarding_tasks.csv#TASK_EMP_C0061_01/work_evidence,"{""artifact_id"":""WORK_TASK_EMP_C0061_01"",""evidence_type"":""SYNTHETIC"",""observed_at"":""2027-04-14T09:00:00+09:00"",""performed_action"":""업무 요구에 맞춰 작은 산출물을 만들고 실행/검토 기록을 남겼다."",""revision"":""확인한 예외를 수정 후 재실행했다."",""skill_id"":""M1_SKILL_03"",""task"":""ENVIRONMENT_CHECK"",""verification"":""OUTPUT_AND_RECOVERY_CHECKED""}",COMPLETED,true,SYNTHETIC_HUMAN_SCENARIO
TASK_EMP_C0061_02,C0061,EMP_C0061,MONTH_3,PIPELINE_REVIEW,M1_SKILL_03,2027-03-01T09:00:00+09:00,2027-05-30T09:00:00+09:00,2027-06-02T09:00:00+09:00,onboarding_tasks.csv#TASK_EMP_C0061_02/work_evidence,"{""artifact_id"":""WORK_TASK_EMP_C0061_02"",""evidence_type"":""SYNTHETIC"",""observed_at"":""2027-06-02T09:00:00+09:00"",""performed_action"":""업무 요구에 맞춰 작은 산출물을 만들고 실행/검토 기록을 남겼다."",""revision"":"""",""skill_id"":""M1_SKILL_03"",""task"":""PIPELINE_REVIEW"",""verification"":""OUTPUT_AND_RECOVERY_CHECKED""}",COMPLETED,true,SYNTHETIC_HUMAN_SCENARIO
TASK_EMP_C0061_03,C0061,EMP_C0061,MONTH_6,WORK_TASK,M1_SKILL_03,2027-03-01T09:00:00+09:00,2027-08-28T09:00:00+09:00,2027-09-11T09:00:00+09:00,onboarding_tasks.csv#TASK_EMP_C0061_03/work_evidence,"{""artifact_id"":""WORK_TASK_EMP_C0061_03"",""evidence_type"":""SYNTHETIC"",""observed_at"":""2027-09-11T09:00:00+09:00"",""performed_action"":""업무 요구에 맞춰 작은 산출물을 만들고 실행/검토 기록을 남겼다."",""revision"":"""",""skill_id"":""M1_SKILL_03"",""task"":""WORK_TASK"",""verification"":""OUTPUT_AND_RECOVERY_CHECKED""}",COMPLETED,true,SYNTHETIC_HUMAN_SCENARIO
TASK_EMP_C0061_04,C0061,EMP_C0061,MONTH_1,ENVIRONMENT_CHECK,M1_SKILL_05,2027-03-01T09:00:00+09:00,2027-03-31T09:00:00+09:00,2027-04-07T09:00:00+09:00,onboarding_tasks.csv#TASK_EMP_C0061_04/work_evidence,"{""artifact_id"":""WORK_TASK_EMP_C0061_04"",""evidence_type"":""SYNTHETIC"",""observed_at"":""2027-04-07T09:00:00+09:00"",""performed_action"":""업무 요구에 맞춰 작은 산출물을 만들고 실행/검토 기록을 남겼다."",""revision"":"""",""skill_id"":""M1_SKILL_05"",""task"":""ENVIRONMENT_CHECK"",""verification"":""CHECK_PENDING""}",COMPLETED,false,SYNTHETIC_HUMAN_SCENARIO
TASK_EMP_C0061_05,C0061,EMP_C0061,MONTH_3,PIPELINE_REVIEW,M1_SKILL_05,2027-03-01T09:00:00+09:00,2027-05-30T09:00:00+09:00,2027-06-13T09:00:00+09:00,onboarding_tasks.csv#TASK_EMP_C0061_05/work_evidence,"{""artifact_id"":""WORK_TASK_EMP_C0061_05"",""evidence_type"":""SYNTHETIC"",""observed_at"":""2027-06-13T09:00:00+09:00"",""performed_action"":""업무 요구에 맞춰 작은 산출물을 만들고 실행/검토 기록을 남겼다."",""revision"":"""",""skill_id"":""M1_SKILL_05"",""task"":""PIPELINE_REVIEW"",""verification"":""OUTPUT_AND_RECOVERY_CHECKED""}",COMPLETED,true,SYNTHETIC_HUMAN_SCENARIO
TASK_EMP_C0061_06,C0061,EMP_C0061,MONTH_6,WORK_TASK,M1_SKILL_05,2027-03-01T09:00:00+09:00,2027-08-28T09:00:00+09:00,2027-09-04T09:00:00+09:00,onboarding_tasks.csv#TASK_EMP_C0061_06/work_evidence,"{""artifact_id"":""WORK_TASK_EMP_C0061_06"",""evidence_type"":""SYNTHETIC"",""observed_at"":""2027-09-04T09:00:00+09:00"",""performed_action"":""업무 요구에 맞춰 작은 산출물을 만들고 실행/검토 기록을 남겼다."",""revision"":"""",""skill_id"":""M1_SKILL_05"",""task"":""WORK_TASK"",""verification"":""OUTPUT_AND_RECOVERY_CHECKED""}",COMPLETED,true,SYNTHETIC_HUMAN_SCENARIO
TASK_EMP_C0061_07,C0061,EMP_C0061,EXTENDED,FOLLOW_UP_WORK,M1_SKILL_05,2027-03-01T09:00:00+09:00,2027-10-11T09:00:00+09:00,2027-10-14T09:00:00+09:00,onboarding_tasks.csv#TASK_EMP_C0061_07/work_evidence,"{""artifact_id"":""WORK_TASK_EMP_C0061_07"",""evidence_type"":""SYNTHETIC"",""observed_at"":""2027-10-14T09:00:00+09:00"",""performed_action"":""업무 요구에 맞춰 작은 산출물을 만들고 실행/검토 기록을 남겼다."",""revision"":"""",""skill_id"":""M1_SKILL_05"",""task"":""FOLLOW_UP_WORK"",""verification"":""OUTPUT_AND_RECOVERY_CHECKED""}",COMPLETED,true,SYNTHETIC_HUMAN_SCENARIO
TASK_EMP_C0048_01,C0048,EMP_C0048,MONTH_1,ENVIRONMENT_CHECK,M1_SKILL_03,2027-03-02T16:40:00+09:00,2027-04-01T16:40:00+09:00,2027-04-08T16:40:00+09:00,onboarding_tasks.csv#TASK_EMP_C0048_01/work_evidence,"{""artifact_id"":""WORK_TASK_EMP_C0048_01"",""evidence_type"":""SYNTHETIC"",""observed_at"":""2027-04-08T16:40:00+09:00"",""performed_action"":""업무 요구에 맞춰 작은 산출물을 만들고 실행/검토 기록을 남겼다."",""revision"":""확인한 예외를 수정 후 재실행했다."",""skill_id"":""M1_SKILL_03"",""task"":""ENVIRONMENT_CHECK"",""verification"":""OUTPUT_AND_RECOVERY_CHECKED""}",COMPLETED,true,SYNTHETIC_HUMAN_SCENARIO
TASK_EMP_C0048_02,C0048,EMP_C0048,MONTH_3,PIPELINE_REVIEW,M1_SKILL_03,2027-03-02T16:40:00+09:00,2027-05-31T16:40:00+09:00,2027-06-03T16:40:00+09:00,onboarding_tasks.csv#TASK_EMP_C0048_02/work_evidence,"{""artifact_id"":""WORK_TASK_EMP_C0048_02"",""evidence_type"":""SYNTHETIC"",""observed_at"":""2027-06-03T16:40:00+09:00"",""performed_action"":""업무 요구에 맞춰 작은 산출물을 만들고 실행/검토 기록을 남겼다."",""revision"":""확인한 예외를 수정 후 재실행했다."",""skill_id"":""M1_SKILL_03"",""task"":""PIPELINE_REVIEW"",""verification"":""OUTPUT_AND_RECOVERY_CHECKED""}",COMPLETED,false,SYNTHETIC_HUMAN_SCENARIO
TASK_EMP_C0048_03,C0048,EMP_C0048,MONTH_6,WORK_TASK,M1_SKILL_03,2027-03-02T16:40:00+09:00,2027-08-29T16:40:00+09:00,2027-09-01T16:40:00+09:00,onboarding_tasks.csv#TASK_EMP_C0048_03/work_evidence,"{""artifact_id"":""WORK_TASK_EMP_C0048_03"",""evidence_type"":""SYNTHETIC"",""observed_at"":""2027-09-01T16:40:00+09:00"",""performed_action"":""업무 요구에 맞춰 작은 산출물을 만들고 실행/검토 기록을 남겼다."",""revision"":"""",""skill_id"":""M1_SKILL_03"",""task"":""WORK_TASK"",""verification"":""CHECK_PENDING""}",COMPLETED,false,SYNTHETIC_HUMAN_SCENARIO
TASK_EMP_C0048_04,C0048,EMP_C0048,MONTH_1,ENVIRONMENT_CHECK,M1_SKILL_05,2027-03-02T16:40:00+09:00,2027-04-01T16:40:00+09:00,2027-04-15T16:40:00+09:00,onboarding_tasks.csv#TASK_EMP_C0048_04/work_evidence,"{""artifact_id"":""WORK_TASK_EMP_C0048_04"",""evidence_type"":""SYNTHETIC"",""observed_at"":""2027-04-15T16:40:00+09:00"",""performed_action"":""업무 요구에 맞춰 작은 산출물을 만들고 실행/검토 기록을 남겼다."",""revision"":"""",""skill_id"":""M1_SKILL_05"",""task"":""ENVIRONMENT_CHECK"",""verification"":""CHECK_PENDING""}",COMPLETED,false,SYNTHETIC_HUMAN_SCENARIO
TASK_EMP_C0048_05,C0048,EMP_C0048,MONTH_3,PIPELINE_REVIEW,M1_SKILL_05,2027-03-02T16:40:00+09:00,2027-05-31T16:40:00+09:00,2027-06-03T16:40:00+09:00,onboarding_tasks.csv#TASK_EMP_C0048_05/work_evidence,"{""artifact_id"":""WORK_TASK_EMP_C0048_05"",""evidence_type"":""SYNTHETIC"",""observed_at"":""2027-06-03T16:40:00+09:00"",""performed_action"":""업무 요구에 맞춰 작은 산출물을 만들고 실행/검토 기록을 남겼다."",""revision"":"""",""skill_id"":""M1_SKILL_05"",""task"":""PIPELINE_REVIEW"",""verification"":""OUTPUT_AND_RECOVERY_CHECKED""}",COMPLETED,true,SYNTHETIC_HUMAN_SCENARIO
TASK_EMP_C0048_06,C0048,EMP_C0048,MONTH_6,WORK_TASK,M1_SKILL_05,2027-03-02T16:40:00+09:00,2027-08-29T16:40:00+09:00,2027-09-12T16:40:00+09:00,onboarding_tasks.csv#TASK_EMP_C0048_06/work_evidence,"{""artifact_id"":""WORK_TASK_EMP_C0048_06"",""evidence_type"":""SYNTHETIC"",""observed_at"":""2027-09-12T16:40:00+09:00"",""performed_action"":""업무 요구에 맞춰 작은 산출물을 만들고 실행/검토 기록을 남겼다."",""revision"":"""",""skill_id"":""M1_SKILL_05"",""task"":""WORK_TASK"",""verification"":""OUTPUT_AND_RECOVERY_CHECKED""}",COMPLETED,false,SYNTHETIC_HUMAN_SCENARIO
TASK_EMP_C0048_07,C0048,EMP_C0048,EXTENDED,FOLLOW_UP_WORK,M1_SKILL_03,2027-03-02T16:40:00+09:00,2027-10-12T16:40:00+09:00,2027-10-26T16:40:00+09:00,onboarding_tasks.csv#TASK_EMP_C0048_07/work_evidence,"{""artifact_id"":""WORK_TASK_EMP_C0048_07"",""evidence_type"":""SYNTHETIC"",""observed_at"":""2027-10-26T16:40:00+09:00"",""performed_action"":""업무 요구에 맞춰 작은 산출물을 만들고 실행/검토 기록을 남겼다."",""revision"":""확인한 예외를 수정 후 재실행했다."",""skill_id"":""M1_SKILL_03"",""task"":""FOLLOW_UP_WORK"",""verification"":""OUTPUT_AND_RECOVERY_CHECKED""}",COMPLETED,true,SYNTHETIC_HUMAN_SCENARIO
TASK_EMP_C0048_08,C0048,EMP_C0048,EXTENDED,FOLLOW_UP_WORK,M1_SKILL_05,2027-03-02T16:40:00+09:00,2027-10-12T16:40:00+09:00,2027-10-12T16:40:00+09:00,onboarding_tasks.csv#TASK_EMP_C0048_08/work_evidence,"{""artifact_id"":""WORK_TASK_EMP_C0048_08"",""evidence_type"":""SYNTHETIC"",""observed_at"":""2027-10-12T16:40:00+09:00"",""performed_action"":""업무 요구에 맞춰 작은 산출물을 만들고 실행/검토 기록을 남겼다."",""revision"":"""",""skill_id"":""M1_SKILL_05"",""task"":""FOLLOW_UP_WORK"",""verification"":""OUTPUT_AND_RECOVERY_CHECKED""}",COMPLETED,true,SYNTHETIC_HUMAN_SCENARIO
TASK_EMP_C0128_01,C0128,EMP_C0128,MONTH_1,ENVIRONMENT_CHECK,M1_SKILL_03,2027-03-03T17:45:00+09:00,2027-04-02T17:45:00+09:00,2027-04-09T17:45:00+09:00,onboarding_tasks.csv#TASK_EMP_C0128_01/work_evidence,"{""artifact_id"":""WORK_TASK_EMP_C0128_01"",""evidence_type"":""SYNTHETIC"",""observed_at"":""2027-04-09T17:45:00+09:00"",""performed_action"":""업무 요구에 맞춰 작은 산출물을 만들고 실행/검토 기록을 남겼다."",""revision"":"""",""skill_id"":""M1_SKILL_03"",""task"":""ENVIRONMENT_CHECK"",""verification"":""OUTPUT_AND_RECOVERY_CHECKED""}",COMPLETED,false,SYNTHETIC_HUMAN_SCENARIO
TASK_EMP_C0128_02,C0128,EMP_C0128,MONTH_3,PIPELINE_REVIEW,M1_SKILL_03,2027-03-03T17:45:00+09:00,2027-06-01T17:45:00+09:00,2027-06-15T17:45:00+09:00,onboarding_tasks.csv#TASK_EMP_C0128_02/work_evidence,"{""artifact_id"":""WORK_TASK_EMP_C0128_02"",""evidence_type"":""SYNTHETIC"",""observed_at"":""2027-06-15T17:45:00+09:00"",""performed_action"":""업무 요구에 맞춰 작은 산출물을 만들고 실행/검토 기록을 남겼다."",""revision"":"""",""skill_id"":""M1_SKILL_03"",""task"":""PIPELINE_REVIEW"",""verification"":""OUTPUT_AND_RECOVERY_CHECKED""}",COMPLETED,false,SYNTHETIC_HUMAN_SCENARIO
TASK_EMP_C0128_03,C0128,EMP_C0128,MONTH_6,WORK_TASK,M1_SKILL_03,2027-03-03T17:45:00+09:00,2027-08-30T17:45:00+09:00,2027-09-02T17:45:00+09:00,onboarding_tasks.csv#TASK_EMP_C0128_03/work_evidence,"{""artifact_id"":""WORK_TASK_EMP_C0128_03"",""evidence_type"":""SYNTHETIC"",""observed_at"":""2027-09-02T17:45:00+09:00"",""performed_action"":""업무 요구에 맞춰 작은 산출물을 만들고 실행/검토 기록을 남겼다."",""revision"":"""",""skill_id"":""M1_SKILL_03"",""task"":""WORK_TASK"",""verification"":""OUTPUT_AND_RECOVERY_CHECKED""}",COMPLETED,false,SYNTHETIC_HUMAN_SCENARIO
TASK_EMP_C0128_04,C0128,EMP_C0128,MONTH_1,ENVIRONMENT_CHECK,M1_SKILL_05,2027-03-03T17:45:00+09:00,2027-04-02T17:45:00+09:00,2027-04-02T17:45:00+09:00,onboarding_tasks.csv#TASK_EMP_C0128_04/work_evidence,"{""artifact_id"":""WORK_TASK_EMP_C0128_04"",""evidence_type"":""SYNTHETIC"",""observed_at"":""2027-04-02T17:45:00+09:00"",""performed_action"":""업무 요구에 맞춰 작은 산출물을 만들고 실행/검토 기록을 남겼다."",""revision"":"""",""skill_id"":""M1_SKILL_05"",""task"":""ENVIRONMENT_CHECK"",""verification"":""OUTPUT_AND_RECOVERY_CHECKED""}",COMPLETED,false,SYNTHETIC_HUMAN_SCENARIO
TASK_EMP_C0128_05,C0128,EMP_C0128,MONTH_3,PIPELINE_REVIEW,M1_SKILL_05,2027-03-03T17:45:00+09:00,2027-06-01T17:45:00+09:00,2027-06-04T17:45:00+09:00,onboarding_tasks.csv#TASK_EMP_C0128_05/work_evidence,"{""artifact_id"":""WORK_TASK_EMP_C0128_05"",""evidence_type"":""SYNTHETIC"",""observed_at"":""2027-06-04T17:45:00+09:00"",""performed_action"":""업무 요구에 맞춰 작은 산출물을 만들고 실행/검토 기록을 남겼다."",""revision"":"""",""skill_id"":""M1_SKILL_05"",""task"":""PIPELINE_REVIEW"",""verification"":""CHECK_PENDING""}",COMPLETED,false,SYNTHETIC_HUMAN_SCENARIO
TASK_EMP_C0128_06,C0128,EMP_C0128,MONTH_6,WORK_TASK,M1_SKILL_05,2027-03-03T17:45:00+09:00,2027-08-30T17:45:00+09:00,2027-09-02T17:45:00+09:00,onboarding_tasks.csv#TASK_EMP_C0128_06/work_evidence,"{""artifact_id"":""WORK_TASK_EMP_C0128_06"",""evidence_type"":""SYNTHETIC"",""observed_at"":""2027-09-02T17:45:00+09:00"",""performed_action"":""업무 요구에 맞춰 작은 산출물을 만들고 실행/검토 기록을 남겼다."",""revision"":"""",""skill_id"":""M1_SKILL_05"",""task"":""WORK_TASK"",""verification"":""OUTPUT_AND_RECOVERY_CHECKED""}",COMPLETED,true,SYNTHETIC_HUMAN_SCENARIO
TASK_EMP_C0128_07,C0128,EMP_C0128,MONTH_1,ENVIRONMENT_CHECK,M1_SKILL_06,2027-03-03T17:45:00+09:00,2027-04-02T17:45:00+09:00,2027-04-09T17:45:00+09:00,onboarding_tasks.csv#TASK_EMP_C0128_07/work_evidence,"{""artifact_id"":""WORK_TASK_EMP_C0128_07"",""evidence_type"":""SYNTHETIC"",""observed_at"":""2027-04-09T17:45:00+09:00"",""performed_action"":""업무 요구에 맞춰 작은 산출물을 만들고 실행/검토 기록을 남겼다."",""revision"":"""",""skill_id"":""M1_SKILL_06"",""task"":""ENVIRONMENT_CHECK"",""verification"":""OUTPUT_AND_RECOVERY_CHECKED""}",COMPLETED,false,SYNTHETIC_HUMAN_SCENARIO
TASK_EMP_C0128_08,C0128,EMP_C0128,MONTH_3,PIPELINE_REVIEW,M1_SKILL_06,2027-03-03T17:45:00+09:00,2027-06-01T17:45:00+09:00,2027-06-04T17:45:00+09:00,onboarding_tasks.csv#TASK_EMP_C0128_08/work_evidence,"{""artifact_id"":""WORK_TASK_EMP_C0128_08"",""evidence_type"":""SYNTHETIC"",""observed_at"":""2027-06-04T17:45:00+09:00"",""performed_action"":""업무 요구에 맞춰 작은 산출물을 만들고 실행/검토 기록을 남겼다."",""revision"":"""",""skill_id"":""M1_SKILL_06"",""task"":""PIPELINE_REVIEW"",""verification"":""OUTPUT_AND_RECOVERY_CHECKED""}",COMPLETED,false,SYNTHETIC_HUMAN_SCENARIO
TASK_EMP_C0128_09,C0128,EMP_C0128,MONTH_6,WORK_TASK,M1_SKILL_06,2027-03-03T17:45:00+09:00,2027-08-30T17:45:00+09:00,2027-09-02T17:45:00+09:00,onboarding_tasks.csv#TASK_EMP_C0128_09/work_evidence,"{""artifact_id"":""WORK_TASK_EMP_C0128_09"",""evidence_type"":""SYNTHETIC"",""observed_at"":""2027-09-02T17:45:00+09:00"",""performed_action"":""업무 요구에 맞춰 작은 산출물을 만들고 실행/검토 기록을 남겼다."",""revision"":"""",""skill_id"":""M1_SKILL_06"",""task"":""WORK_TASK"",""verification"":""OUTPUT_AND_RECOVERY_CHECKED""}",COMPLETED,false,SYNTHETIC_HUMAN_SCENARIO
TASK_EMP_C0128_10,C0128,EMP_C0128,EXTENDED,FOLLOW_UP_WORK,M1_SKILL_03,2027-03-03T17:45:00+09:00,2027-10-02T17:45:00+09:00,2027-10-02T17:45:00+09:00,onboarding_tasks.csv#TASK_EMP_C0128_10/work_evidence,"{""artifact_id"":""WORK_TASK_EMP_C0128_10"",""evidence_type"":""SYNTHETIC"",""observed_at"":""2027-10-02T17:45:00+09:00"",""performed_action"":""업무 요구에 맞춰 작은 산출물을 만들고 실행/검토 기록을 남겼다."",""revision"":"""",""skill_id"":""M1_SKILL_03"",""task"":""FOLLOW_UP_WORK"",""verification"":""CHECK_PENDING""}",COMPLETED,false,SYNTHETIC_HUMAN_SCENARIO
TASK_EMP_C0128_11,C0128,EMP_C0128,EXTENDED,FOLLOW_UP_WORK,M1_SKILL_05,2027-03-03T17:45:00+09:00,2027-10-02T17:45:00+09:00,2027-10-02T17:45:00+09:00,onboarding_tasks.csv#TASK_EMP_C0128_11/work_evidence,"{""artifact_id"":""WORK_TASK_EMP_C0128_11"",""evidence_type"":""SYNTHETIC"",""observed_at"":""2027-10-02T17:45:00+09:00"",""performed_action"":""업무 요구에 맞춰 작은 산출물을 만들고 실행/검토 기록을 남겼다."",""revision"":"""",""skill_id"":""M1_SKILL_05"",""task"":""FOLLOW_UP_WORK"",""verification"":""OUTPUT_AND_RECOVERY_CHECKED""}",COMPLETED,true,SYNTHETIC_HUMAN_SCENARIO
TASK_EMP_C0128_12,C0128,EMP_C0128,EXTENDED,FOLLOW_UP_WORK,M1_SKILL_06,2027-03-03T17:45:00+09:00,2027-10-02T17:45:00+09:00,2027-10-02T17:45:00+09:00,onboarding_tasks.csv#TASK_EMP_C0128_12/work_evidence,"{""artifact_id"":""WORK_TASK_EMP_C0128_12"",""evidence_type"":""SYNTHETIC"",""observed_at"":""2027-10-02T17:45:00+09:00"",""performed_action"":""업무 요구에 맞춰 작은 산출물을 만들고 실행/검토 기록을 남겼다."",""revision"":"""",""skill_id"":""M1_SKILL_06"",""task"":""FOLLOW_UP_WORK"",""verification"":""OUTPUT_AND_RECOVERY_CHECKED""}",COMPLETED,true,SYNTHETIC_HUMAN_SCENARIO
TASK_EMP_C0079_01,C0079,EMP_C0079,MONTH_1,ENVIRONMENT_CHECK,M1_SKILL_05,2027-03-01T19:20:00+09:00,2027-03-31T19:20:00+09:00,2027-04-07T19:20:00+09:00,onboarding_tasks.csv#TASK_EMP_C0079_01/work_evidence,"{""artifact_id"":""WORK_TASK_EMP_C0079_01"",""evidence_type"":""SYNTHETIC"",""observed_at"":""2027-04-07T19:20:00+09:00"",""performed_action"":""업무 요구에 맞춰 작은 산출물을 만들고 실행/검토 기록을 남겼다."",""revision"":"""",""skill_id"":""M1_SKILL_05"",""task"":""ENVIRONMENT_CHECK"",""verification"":""CHECK_PENDING""}",COMPLETED,false,SYNTHETIC_HUMAN_SCENARIO
TASK_EMP_C0079_02,C0079,EMP_C0079,MONTH_3,PIPELINE_REVIEW,M1_SKILL_05,2027-03-01T19:20:00+09:00,2027-05-30T19:20:00+09:00,2027-06-13T19:20:00+09:00,onboarding_tasks.csv#TASK_EMP_C0079_02/work_evidence,"{""artifact_id"":""WORK_TASK_EMP_C0079_02"",""evidence_type"":""SYNTHETIC"",""observed_at"":""2027-06-13T19:20:00+09:00"",""performed_action"":""업무 요구에 맞춰 작은 산출물을 만들고 실행/검토 기록을 남겼다."",""revision"":"""",""skill_id"":""M1_SKILL_05"",""task"":""PIPELINE_REVIEW"",""verification"":""OUTPUT_AND_RECOVERY_CHECKED""}",COMPLETED,true,SYNTHETIC_HUMAN_SCENARIO
TASK_EMP_C0079_03,C0079,EMP_C0079,MONTH_6,WORK_TASK,M1_SKILL_05,2027-03-01T19:20:00+09:00,2027-08-28T19:20:00+09:00,2027-08-31T19:20:00+09:00,onboarding_tasks.csv#TASK_EMP_C0079_03/work_evidence,"{""artifact_id"":""WORK_TASK_EMP_C0079_03"",""evidence_type"":""SYNTHETIC"",""observed_at"":""2027-08-31T19:20:00+09:00"",""performed_action"":""업무 요구에 맞춰 작은 산출물을 만들고 실행/검토 기록을 남겼다."",""revision"":"""",""skill_id"":""M1_SKILL_05"",""task"":""WORK_TASK"",""verification"":""CHECK_PENDING""}",COMPLETED,false,SYNTHETIC_HUMAN_SCENARIO
TASK_EMP_C0079_04,C0079,EMP_C0079,EXTENDED,FOLLOW_UP_WORK,M1_SKILL_05,2027-03-01T19:20:00+09:00,2027-09-30T19:20:00+09:00,2027-10-14T19:20:00+09:00,onboarding_tasks.csv#TASK_EMP_C0079_04/work_evidence,"{""artifact_id"":""WORK_TASK_EMP_C0079_04"",""evidence_type"":""SYNTHETIC"",""observed_at"":""2027-10-14T19:20:00+09:00"",""performed_action"":""업무 요구에 맞춰 작은 산출물을 만들고 실행/검토 기록을 남겼다."",""revision"":"""",""skill_id"":""M1_SKILL_05"",""task"":""FOLLOW_UP_WORK"",""verification"":""OUTPUT_AND_RECOVERY_CHECKED""}",COMPLETED,true,SYNTHETIC_HUMAN_SCENARIO
TASK_EMP_C0078_01,C0078,EMP_C0078,MONTH_1,ENVIRONMENT_CHECK,M1_SKILL_03,2027-03-01T09:00:00+09:00,2027-03-31T09:00:00+09:00,2027-04-03T09:00:00+09:00,onboarding_tasks.csv#TASK_EMP_C0078_01/work_evidence,"{""artifact_id"":""WORK_TASK_EMP_C0078_01"",""evidence_type"":""SYNTHETIC"",""observed_at"":""2027-04-03T09:00:00+09:00"",""performed_action"":""업무 요구에 맞춰 작은 산출물을 만들고 실행/검토 기록을 남겼다."",""revision"":""확인한 예외를 수정 후 재실행했다."",""skill_id"":""M1_SKILL_03"",""task"":""ENVIRONMENT_CHECK"",""verification"":""OUTPUT_AND_RECOVERY_CHECKED""}",COMPLETED,false,SYNTHETIC_HUMAN_SCENARIO
TASK_EMP_C0078_02,C0078,EMP_C0078,MONTH_3,PIPELINE_REVIEW,M1_SKILL_03,2027-03-01T09:00:00+09:00,2027-05-30T09:00:00+09:00,2027-06-02T09:00:00+09:00,onboarding_tasks.csv#TASK_EMP_C0078_02/work_evidence,"{""artifact_id"":""WORK_TASK_EMP_C0078_02"",""evidence_type"":""SYNTHETIC"",""observed_at"":""2027-06-02T09:00:00+09:00"",""performed_action"":""업무 요구에 맞춰 작은 산출물을 만들고 실행/검토 기록을 남겼다."",""revision"":"""",""skill_id"":""M1_SKILL_03"",""task"":""PIPELINE_REVIEW"",""verification"":""OUTPUT_AND_RECOVERY_CHECKED""}",COMPLETED,false,SYNTHETIC_HUMAN_SCENARIO
TASK_EMP_C0078_03,C0078,EMP_C0078,MONTH_6,WORK_TASK,M1_SKILL_03,2027-03-01T09:00:00+09:00,2027-08-28T09:00:00+09:00,2027-08-31T09:00:00+09:00,onboarding_tasks.csv#TASK_EMP_C0078_03/work_evidence,"{""artifact_id"":""WORK_TASK_EMP_C0078_03"",""evidence_type"":""SYNTHETIC"",""observed_at"":""2027-08-31T09:00:00+09:00"",""performed_action"":""업무 요구에 맞춰 작은 산출물을 만들고 실행/검토 기록을 남겼다."",""revision"":"""",""skill_id"":""M1_SKILL_03"",""task"":""WORK_TASK"",""verification"":""CHECK_PENDING""}",COMPLETED,false,SYNTHETIC_HUMAN_SCENARIO
TASK_EMP_C0078_04,C0078,EMP_C0078,MONTH_1,ENVIRONMENT_CHECK,M1_SKILL_05,2027-03-01T09:00:00+09:00,2027-03-31T09:00:00+09:00,2027-04-07T09:00:00+09:00,onboarding_tasks.csv#TASK_EMP_C0078_04/work_evidence,"{""artifact_id"":""WORK_TASK_EMP_C0078_04"",""evidence_type"":""SYNTHETIC"",""observed_at"":""2027-04-07T09:00:00+09:00"",""performed_action"":""업무 요구에 맞춰 작은 산출물을 만들고 실행/검토 기록을 남겼다."",""revision"":"""",""skill_id"":""M1_SKILL_05"",""task"":""ENVIRONMENT_CHECK"",""verification"":""OUTPUT_AND_RECOVERY_CHECKED""}",COMPLETED,true,SYNTHETIC_HUMAN_SCENARIO
TASK_EMP_C0078_05,C0078,EMP_C0078,MONTH_3,PIPELINE_REVIEW,M1_SKILL_05,2027-03-01T09:00:00+09:00,2027-05-30T09:00:00+09:00,2027-06-13T09:00:00+09:00,onboarding_tasks.csv#TASK_EMP_C0078_05/work_evidence,"{""artifact_id"":""WORK_TASK_EMP_C0078_05"",""evidence_type"":""SYNTHETIC"",""observed_at"":""2027-06-13T09:00:00+09:00"",""performed_action"":""업무 요구에 맞춰 작은 산출물을 만들고 실행/검토 기록을 남겼다."",""revision"":"""",""skill_id"":""M1_SKILL_05"",""task"":""PIPELINE_REVIEW"",""verification"":""CHECK_PENDING""}",COMPLETED,false,SYNTHETIC_HUMAN_SCENARIO
TASK_EMP_C0078_06,C0078,EMP_C0078,MONTH_6,WORK_TASK,M1_SKILL_05,2027-03-01T09:00:00+09:00,2027-08-28T09:00:00+09:00,2027-09-11T09:00:00+09:00,onboarding_tasks.csv#TASK_EMP_C0078_06/work_evidence,"{""artifact_id"":""WORK_TASK_EMP_C0078_06"",""evidence_type"":""SYNTHETIC"",""observed_at"":""2027-09-11T09:00:00+09:00"",""performed_action"":""업무 요구에 맞춰 작은 산출물을 만들고 실행/검토 기록을 남겼다."",""revision"":"""",""skill_id"":""M1_SKILL_05"",""task"":""WORK_TASK"",""verification"":""OUTPUT_AND_RECOVERY_CHECKED""}",COMPLETED,true,SYNTHETIC_HUMAN_SCENARIO
TASK_EMP_C0078_07,C0078,EMP_C0078,EXTENDED,FOLLOW_UP_WORK,M1_SKILL_03,2027-03-01T09:00:00+09:00,2027-10-11T09:00:00+09:00,2027-10-14T09:00:00+09:00,onboarding_tasks.csv#TASK_EMP_C0078_07/work_evidence,"{""artifact_id"":""WORK_TASK_EMP_C0078_07"",""evidence_type"":""SYNTHETIC"",""observed_at"":""2027-10-14T09:00:00+09:00"",""performed_action"":""업무 요구에 맞춰 작은 산출물을 만들고 실행/검토 기록을 남겼다."",""revision"":""확인한 예외를 수정 후 재실행했다."",""skill_id"":""M1_SKILL_03"",""task"":""FOLLOW_UP_WORK"",""verification"":""OUTPUT_AND_RECOVERY_CHECKED""}",COMPLETED,true,SYNTHETIC_HUMAN_SCENARIO
TASK_EMP_C0078_08,C0078,EMP_C0078,EXTENDED,FOLLOW_UP_WORK,M1_SKILL_05,2027-03-01T09:00:00+09:00,2027-10-11T09:00:00+09:00,2027-10-14T09:00:00+09:00,onboarding_tasks.csv#TASK_EMP_C0078_08/work_evidence,"{""artifact_id"":""WORK_TASK_EMP_C0078_08"",""evidence_type"":""SYNTHETIC"",""observed_at"":""2027-10-14T09:00:00+09:00"",""performed_action"":""업무 요구에 맞춰 작은 산출물을 만들고 실행/검토 기록을 남겼다."",""revision"":"""",""skill_id"":""M1_SKILL_05"",""task"":""FOLLOW_UP_WORK"",""verification"":""OUTPUT_AND_RECOVERY_CHECKED""}",COMPLETED,true,SYNTHETIC_HUMAN_SCENARIO
TASK_EMP_C0123_01,C0123,EMP_C0123,MONTH_1,ENVIRONMENT_CHECK,M1_SKILL_03,2027-03-03T13:15:00+09:00,2027-04-02T13:15:00+09:00,2027-04-16T13:15:00+09:00,onboarding_tasks.csv#TASK_EMP_C0123_01/work_evidence,"{""artifact_id"":""WORK_TASK_EMP_C0123_01"",""evidence_type"":""SYNTHETIC"",""observed_at"":""2027-04-16T13:15:00+09:00"",""performed_action"":""업무 요구에 맞춰 작은 산출물을 만들고 실행/검토 기록을 남겼다."",""revision"":""확인한 예외를 수정 후 재실행했다."",""skill_id"":""M1_SKILL_03"",""task"":""ENVIRONMENT_CHECK"",""verification"":""OUTPUT_AND_RECOVERY_CHECKED""}",COMPLETED,true,SYNTHETIC_HUMAN_SCENARIO
TASK_EMP_C0123_02,C0123,EMP_C0123,MONTH_3,PIPELINE_REVIEW,M1_SKILL_03,2027-03-03T13:15:00+09:00,2027-06-01T13:15:00+09:00,2027-06-08T13:15:00+09:00,onboarding_tasks.csv#TASK_EMP_C0123_02/work_evidence,"{""artifact_id"":""WORK_TASK_EMP_C0123_02"",""evidence_type"":""SYNTHETIC"",""observed_at"":""2027-06-08T13:15:00+09:00"",""performed_action"":""업무 요구에 맞춰 작은 산출물을 만들고 실행/검토 기록을 남겼다."",""revision"":"""",""skill_id"":""M1_SKILL_03"",""task"":""PIPELINE_REVIEW"",""verification"":""OUTPUT_AND_RECOVERY_CHECKED""}",COMPLETED,true,SYNTHETIC_HUMAN_SCENARIO
TASK_EMP_C0123_03,C0123,EMP_C0123,MONTH_6,WORK_TASK,M1_SKILL_03,2027-03-03T13:15:00+09:00,2027-08-30T13:15:00+09:00,2027-08-30T13:15:00+09:00,onboarding_tasks.csv#TASK_EMP_C0123_03/work_evidence,"{""artifact_id"":""WORK_TASK_EMP_C0123_03"",""evidence_type"":""SYNTHETIC"",""observed_at"":""2027-08-30T13:15:00+09:00"",""performed_action"":""업무 요구에 맞춰 작은 산출물을 만들고 실행/검토 기록을 남겼다."",""revision"":"""",""skill_id"":""M1_SKILL_03"",""task"":""WORK_TASK"",""verification"":""CHECK_PENDING""}",COMPLETED,false,SYNTHETIC_HUMAN_SCENARIO
TASK_EMP_C0123_04,C0123,EMP_C0123,EXTENDED,FOLLOW_UP_WORK,M1_SKILL_03,2027-03-03T13:15:00+09:00,2027-09-29T13:15:00+09:00,2027-10-06T13:15:00+09:00,onboarding_tasks.csv#TASK_EMP_C0123_04/work_evidence,"{""artifact_id"":""WORK_TASK_EMP_C0123_04"",""evidence_type"":""SYNTHETIC"",""observed_at"":""2027-10-06T13:15:00+09:00"",""performed_action"":""업무 요구에 맞춰 작은 산출물을 만들고 실행/검토 기록을 남겼다."",""revision"":"""",""skill_id"":""M1_SKILL_03"",""task"":""FOLLOW_UP_WORK"",""verification"":""OUTPUT_AND_RECOVERY_CHECKED""}",COMPLETED,true,SYNTHETIC_HUMAN_SCENARIO
TASK_EMP_C0102_01,C0102,EMP_C0102,MONTH_1,ENVIRONMENT_CHECK,M1_SKILL_06,2027-03-02T13:25:00+09:00,2027-04-01T13:25:00+09:00,2027-04-15T13:25:00+09:00,onboarding_tasks.csv#TASK_EMP_C0102_01/work_evidence,"{""artifact_id"":""WORK_TASK_EMP_C0102_01"",""evidence_type"":""SYNTHETIC"",""observed_at"":""2027-04-15T13:25:00+09:00"",""performed_action"":""업무 요구에 맞춰 작은 산출물을 만들고 실행/검토 기록을 남겼다."",""revision"":""확인한 예외를 수정 후 재실행했다."",""skill_id"":""M1_SKILL_06"",""task"":""ENVIRONMENT_CHECK"",""verification"":""OUTPUT_AND_RECOVERY_CHECKED""}",COMPLETED,true,SYNTHETIC_HUMAN_SCENARIO
TASK_EMP_C0102_02,C0102,EMP_C0102,MONTH_3,PIPELINE_REVIEW,M1_SKILL_06,2027-03-02T13:25:00+09:00,2027-05-31T13:25:00+09:00,2027-06-07T13:25:00+09:00,onboarding_tasks.csv#TASK_EMP_C0102_02/work_evidence,"{""artifact_id"":""WORK_TASK_EMP_C0102_02"",""evidence_type"":""SYNTHETIC"",""observed_at"":""2027-06-07T13:25:00+09:00"",""performed_action"":""업무 요구에 맞춰 작은 산출물을 만들고 실행/검토 기록을 남겼다."",""revision"":""확인한 예외를 수정 후 재실행했다."",""skill_id"":""M1_SKILL_06"",""task"":""PIPELINE_REVIEW"",""verification"":""OUTPUT_AND_RECOVERY_CHECKED""}",COMPLETED,true,SYNTHETIC_HUMAN_SCENARIO
TASK_EMP_C0102_03,C0102,EMP_C0102,MONTH_6,WORK_TASK,M1_SKILL_06,2027-03-02T13:25:00+09:00,2027-08-29T13:25:00+09:00,2027-09-01T13:25:00+09:00,onboarding_tasks.csv#TASK_EMP_C0102_03/work_evidence,"{""artifact_id"":""WORK_TASK_EMP_C0102_03"",""evidence_type"":""SYNTHETIC"",""observed_at"":""2027-09-01T13:25:00+09:00"",""performed_action"":""업무 요구에 맞춰 작은 산출물을 만들고 실행/검토 기록을 남겼다."",""revision"":""확인한 예외를 수정 후 재실행했다."",""skill_id"":""M1_SKILL_06"",""task"":""WORK_TASK"",""verification"":""OUTPUT_AND_RECOVERY_CHECKED""}",COMPLETED,true,SYNTHETIC_HUMAN_SCENARIO
TASK_EMP_C0068_01,C0068,EMP_C0068,MONTH_1,ENVIRONMENT_CHECK,M1_SKILL_06,2027-03-02T11:35:00+09:00,2027-04-01T11:35:00+09:00,2027-04-01T11:35:00+09:00,onboarding_tasks.csv#TASK_EMP_C0068_01/work_evidence,"{""artifact_id"":""WORK_TASK_EMP_C0068_01"",""evidence_type"":""SYNTHETIC"",""observed_at"":""2027-04-01T11:35:00+09:00"",""performed_action"":""업무 요구에 맞춰 작은 산출물을 만들고 실행/검토 기록을 남겼다."",""revision"":"""",""skill_id"":""M1_SKILL_06"",""task"":""ENVIRONMENT_CHECK"",""verification"":""CHECK_PENDING""}",COMPLETED,false,SYNTHETIC_HUMAN_SCENARIO
TASK_EMP_C0068_02,C0068,EMP_C0068,MONTH_3,PIPELINE_REVIEW,M1_SKILL_06,2027-03-02T11:35:00+09:00,2027-05-31T11:35:00+09:00,2027-06-03T11:35:00+09:00,onboarding_tasks.csv#TASK_EMP_C0068_02/work_evidence,"{""artifact_id"":""WORK_TASK_EMP_C0068_02"",""evidence_type"":""SYNTHETIC"",""observed_at"":""2027-06-03T11:35:00+09:00"",""performed_action"":""업무 요구에 맞춰 작은 산출물을 만들고 실행/검토 기록을 남겼다."",""revision"":"""",""skill_id"":""M1_SKILL_06"",""task"":""PIPELINE_REVIEW"",""verification"":""OUTPUT_AND_RECOVERY_CHECKED""}",COMPLETED,false,SYNTHETIC_HUMAN_SCENARIO
TASK_EMP_C0068_03,C0068,EMP_C0068,MONTH_6,WORK_TASK,M1_SKILL_06,2027-03-02T11:35:00+09:00,2027-08-29T11:35:00+09:00,2027-09-12T11:35:00+09:00,onboarding_tasks.csv#TASK_EMP_C0068_03/work_evidence,"{""artifact_id"":""WORK_TASK_EMP_C0068_03"",""evidence_type"":""SYNTHETIC"",""observed_at"":""2027-09-12T11:35:00+09:00"",""performed_action"":""업무 요구에 맞춰 작은 산출물을 만들고 실행/검토 기록을 남겼다."",""revision"":"""",""skill_id"":""M1_SKILL_06"",""task"":""WORK_TASK"",""verification"":""OUTPUT_AND_RECOVERY_CHECKED""}",COMPLETED,true,SYNTHETIC_HUMAN_SCENARIO
TASK_EMP_C0068_04,C0068,EMP_C0068,EXTENDED,FOLLOW_UP_WORK,M1_SKILL_06,2027-03-02T11:35:00+09:00,2027-10-12T11:35:00+09:00,2027-10-12T11:35:00+09:00,onboarding_tasks.csv#TASK_EMP_C0068_04/work_evidence,"{""artifact_id"":""WORK_TASK_EMP_C0068_04"",""evidence_type"":""SYNTHETIC"",""observed_at"":""2027-10-12T11:35:00+09:00"",""performed_action"":""업무 요구에 맞춰 작은 산출물을 만들고 실행/검토 기록을 남겼다."",""revision"":"""",""skill_id"":""M1_SKILL_06"",""task"":""FOLLOW_UP_WORK"",""verification"":""OUTPUT_AND_RECOVERY_CHECKED""}",COMPLETED,true,SYNTHETIC_HUMAN_SCENARIO
TASK_EMP_C0140_01,C0140,EMP_C0140,MONTH_1,ENVIRONMENT_CHECK,M1_SKILL_03,2027-03-12T12:40:00+09:00,2027-04-11T12:40:00+09:00,2027-04-14T12:40:00+09:00,onboarding_tasks.csv#TASK_EMP_C0140_01/work_evidence,"{""artifact_id"":""WORK_TASK_EMP_C0140_01"",""evidence_type"":""SYNTHETIC"",""observed_at"":""2027-04-14T12:40:00+09:00"",""performed_action"":""업무 요구에 맞춰 작은 산출물을 만들고 실행/검토 기록을 남겼다."",""revision"":"""",""skill_id"":""M1_SKILL_03"",""task"":""ENVIRONMENT_CHECK"",""verification"":""OUTPUT_AND_RECOVERY_CHECKED""}",COMPLETED,true,SYNTHETIC_HUMAN_SCENARIO
TASK_EMP_C0140_02,C0140,EMP_C0140,MONTH_3,PIPELINE_REVIEW,M1_SKILL_03,2027-03-12T12:40:00+09:00,2027-06-10T12:40:00+09:00,2027-06-13T12:40:00+09:00,onboarding_tasks.csv#TASK_EMP_C0140_02/work_evidence,"{""artifact_id"":""WORK_TASK_EMP_C0140_02"",""evidence_type"":""SYNTHETIC"",""observed_at"":""2027-06-13T12:40:00+09:00"",""performed_action"":""업무 요구에 맞춰 작은 산출물을 만들고 실행/검토 기록을 남겼다."",""revision"":""확인한 예외를 수정 후 재실행했다."",""skill_id"":""M1_SKILL_03"",""task"":""PIPELINE_REVIEW"",""verification"":""OUTPUT_AND_RECOVERY_CHECKED""}",COMPLETED,true,SYNTHETIC_HUMAN_SCENARIO
TASK_EMP_C0140_03,C0140,EMP_C0140,MONTH_6,WORK_TASK,M1_SKILL_03,2027-03-12T12:40:00+09:00,2027-09-08T12:40:00+09:00,2027-09-15T12:40:00+09:00,onboarding_tasks.csv#TASK_EMP_C0140_03/work_evidence,"{""artifact_id"":""WORK_TASK_EMP_C0140_03"",""evidence_type"":""SYNTHETIC"",""observed_at"":""2027-09-15T12:40:00+09:00"",""performed_action"":""업무 요구에 맞춰 작은 산출물을 만들고 실행/검토 기록을 남겼다."",""revision"":""확인한 예외를 수정 후 재실행했다."",""skill_id"":""M1_SKILL_03"",""task"":""WORK_TASK"",""verification"":""OUTPUT_AND_RECOVERY_CHECKED""}",COMPLETED,true,SYNTHETIC_HUMAN_SCENARIO
TASK_EMP_C0140_04,C0140,EMP_C0140,MONTH_1,ENVIRONMENT_CHECK,M1_SKILL_06,2027-03-12T12:40:00+09:00,2027-04-11T12:40:00+09:00,2027-04-11T12:40:00+09:00,onboarding_tasks.csv#TASK_EMP_C0140_04/work_evidence,"{""artifact_id"":""WORK_TASK_EMP_C0140_04"",""evidence_type"":""SYNTHETIC"",""observed_at"":""2027-04-11T12:40:00+09:00"",""performed_action"":""업무 요구에 맞춰 작은 산출물을 만들고 실행/검토 기록을 남겼다."",""revision"":"""",""skill_id"":""M1_SKILL_06"",""task"":""ENVIRONMENT_CHECK"",""verification"":""CHECK_PENDING""}",COMPLETED,false,SYNTHETIC_HUMAN_SCENARIO
TASK_EMP_C0140_05,C0140,EMP_C0140,MONTH_3,PIPELINE_REVIEW,M1_SKILL_06,2027-03-12T12:40:00+09:00,2027-06-10T12:40:00+09:00,2027-06-10T12:40:00+09:00,onboarding_tasks.csv#TASK_EMP_C0140_05/work_evidence,"{""artifact_id"":""WORK_TASK_EMP_C0140_05"",""evidence_type"":""SYNTHETIC"",""observed_at"":""2027-06-10T12:40:00+09:00"",""performed_action"":""업무 요구에 맞춰 작은 산출물을 만들고 실행/검토 기록을 남겼다."",""revision"":"""",""skill_id"":""M1_SKILL_06"",""task"":""PIPELINE_REVIEW"",""verification"":""OUTPUT_AND_RECOVERY_CHECKED""}",COMPLETED,true,SYNTHETIC_HUMAN_SCENARIO
TASK_EMP_C0140_06,C0140,EMP_C0140,MONTH_6,WORK_TASK,M1_SKILL_06,2027-03-12T12:40:00+09:00,2027-09-08T12:40:00+09:00,2027-09-08T12:40:00+09:00,onboarding_tasks.csv#TASK_EMP_C0140_06/work_evidence,"{""artifact_id"":""WORK_TASK_EMP_C0140_06"",""evidence_type"":""SYNTHETIC"",""observed_at"":""2027-09-08T12:40:00+09:00"",""performed_action"":""업무 요구에 맞춰 작은 산출물을 만들고 실행/검토 기록을 남겼다."",""revision"":"""",""skill_id"":""M1_SKILL_06"",""task"":""WORK_TASK"",""verification"":""OUTPUT_AND_RECOVERY_CHECKED""}",COMPLETED,true,SYNTHETIC_HUMAN_SCENARIO
TASK_EMP_C0140_07,C0140,EMP_C0140,EXTENDED,FOLLOW_UP_WORK,M1_SKILL_06,2027-03-12T12:40:00+09:00,2027-10-15T12:40:00+09:00,2027-10-22T12:40:00+09:00,onboarding_tasks.csv#TASK_EMP_C0140_07/work_evidence,"{""artifact_id"":""WORK_TASK_EMP_C0140_07"",""evidence_type"":""SYNTHETIC"",""observed_at"":""2027-10-22T12:40:00+09:00"",""performed_action"":""업무 요구에 맞춰 작은 산출물을 만들고 실행/검토 기록을 남겼다."",""revision"":""확인한 예외를 수정 후 재실행했다."",""skill_id"":""M1_SKILL_06"",""task"":""FOLLOW_UP_WORK"",""verification"":""OUTPUT_AND_RECOVERY_CHECKED""}",COMPLETED,true,SYNTHETIC_HUMAN_SCENARIO
TASK_EMP_C0121_01,C0121,EMP_C0121,MONTH_1,ENVIRONMENT_CHECK,M1_SKILL_03,2027-03-10T15:00:00+09:00,2027-04-09T15:00:00+09:00,2027-04-23T15:00:00+09:00,onboarding_tasks.csv#TASK_EMP_C0121_01/work_evidence,"{""artifact_id"":""WORK_TASK_EMP_C0121_01"",""evidence_type"":""SYNTHETIC"",""observed_at"":""2027-04-23T15:00:00+09:00"",""performed_action"":""업무 요구에 맞춰 작은 산출물을 만들고 실행/검토 기록을 남겼다."",""revision"":"""",""skill_id"":""M1_SKILL_03"",""task"":""ENVIRONMENT_CHECK"",""verification"":""OUTPUT_AND_RECOVERY_CHECKED""}",COMPLETED,true,SYNTHETIC_HUMAN_SCENARIO
TASK_EMP_C0121_02,C0121,EMP_C0121,MONTH_3,PIPELINE_REVIEW,M1_SKILL_03,2027-03-10T15:00:00+09:00,2027-06-08T15:00:00+09:00,2027-06-15T15:00:00+09:00,onboarding_tasks.csv#TASK_EMP_C0121_02/work_evidence,"{""artifact_id"":""WORK_TASK_EMP_C0121_02"",""evidence_type"":""SYNTHETIC"",""observed_at"":""2027-06-15T15:00:00+09:00"",""performed_action"":""업무 요구에 맞춰 작은 산출물을 만들고 실행/검토 기록을 남겼다."",""revision"":""확인한 예외를 수정 후 재실행했다."",""skill_id"":""M1_SKILL_03"",""task"":""PIPELINE_REVIEW"",""verification"":""OUTPUT_AND_RECOVERY_CHECKED""}",COMPLETED,true,SYNTHETIC_HUMAN_SCENARIO
TASK_EMP_C0121_03,C0121,EMP_C0121,MONTH_6,WORK_TASK,M1_SKILL_03,2027-03-10T15:00:00+09:00,2027-09-06T15:00:00+09:00,2027-09-20T15:00:00+09:00,onboarding_tasks.csv#TASK_EMP_C0121_03/work_evidence,"{""artifact_id"":""WORK_TASK_EMP_C0121_03"",""evidence_type"":""SYNTHETIC"",""observed_at"":""2027-09-20T15:00:00+09:00"",""performed_action"":""업무 요구에 맞춰 작은 산출물을 만들고 실행/검토 기록을 남겼다."",""revision"":"""",""skill_id"":""M1_SKILL_03"",""task"":""WORK_TASK"",""verification"":""CHECK_PENDING""}",COMPLETED,false,SYNTHETIC_HUMAN_SCENARIO
TASK_EMP_C0121_04,C0121,EMP_C0121,MONTH_1,ENVIRONMENT_CHECK,M1_SKILL_06,2027-03-10T15:00:00+09:00,2027-04-09T15:00:00+09:00,2027-04-23T15:00:00+09:00,onboarding_tasks.csv#TASK_EMP_C0121_04/work_evidence,"{""artifact_id"":""WORK_TASK_EMP_C0121_04"",""evidence_type"":""SYNTHETIC"",""observed_at"":""2027-04-23T15:00:00+09:00"",""performed_action"":""업무 요구에 맞춰 작은 산출물을 만들고 실행/검토 기록을 남겼다."",""revision"":"""",""skill_id"":""M1_SKILL_06"",""task"":""ENVIRONMENT_CHECK"",""verification"":""OUTPUT_AND_RECOVERY_CHECKED""}",COMPLETED,false,SYNTHETIC_HUMAN_SCENARIO
TASK_EMP_C0121_05,C0121,EMP_C0121,MONTH_3,PIPELINE_REVIEW,M1_SKILL_06,2027-03-10T15:00:00+09:00,2027-06-08T15:00:00+09:00,2027-06-22T15:00:00+09:00,onboarding_tasks.csv#TASK_EMP_C0121_05/work_evidence,"{""artifact_id"":""WORK_TASK_EMP_C0121_05"",""evidence_type"":""SYNTHETIC"",""observed_at"":""2027-06-22T15:00:00+09:00"",""performed_action"":""업무 요구에 맞춰 작은 산출물을 만들고 실행/검토 기록을 남겼다."",""revision"":"""",""skill_id"":""M1_SKILL_06"",""task"":""PIPELINE_REVIEW"",""verification"":""OUTPUT_AND_RECOVERY_CHECKED""}",COMPLETED,false,SYNTHETIC_HUMAN_SCENARIO
TASK_EMP_C0121_06,C0121,EMP_C0121,MONTH_6,WORK_TASK,M1_SKILL_06,2027-03-10T15:00:00+09:00,2027-09-06T15:00:00+09:00,2027-09-20T15:00:00+09:00,onboarding_tasks.csv#TASK_EMP_C0121_06/work_evidence,"{""artifact_id"":""WORK_TASK_EMP_C0121_06"",""evidence_type"":""SYNTHETIC"",""observed_at"":""2027-09-20T15:00:00+09:00"",""performed_action"":""업무 요구에 맞춰 작은 산출물을 만들고 실행/검토 기록을 남겼다."",""revision"":"""",""skill_id"":""M1_SKILL_06"",""task"":""WORK_TASK"",""verification"":""CHECK_PENDING""}",COMPLETED,false,SYNTHETIC_HUMAN_SCENARIO
TASK_EMP_C0121_07,C0121,EMP_C0121,EXTENDED,FOLLOW_UP_WORK,M1_SKILL_03,2027-03-10T15:00:00+09:00,2027-10-20T15:00:00+09:00,2027-10-23T15:00:00+09:00,onboarding_tasks.csv#TASK_EMP_C0121_07/work_evidence,"{""artifact_id"":""WORK_TASK_EMP_C0121_07"",""evidence_type"":""SYNTHETIC"",""observed_at"":""2027-10-23T15:00:00+09:00"",""performed_action"":""업무 요구에 맞춰 작은 산출물을 만들고 실행/검토 기록을 남겼다."",""revision"":"""",""skill_id"":""M1_SKILL_03"",""task"":""FOLLOW_UP_WORK"",""verification"":""OUTPUT_AND_RECOVERY_CHECKED""}",COMPLETED,false,SYNTHETIC_HUMAN_SCENARIO
TASK_EMP_C0121_08,C0121,EMP_C0121,EXTENDED,FOLLOW_UP_WORK,M1_SKILL_06,2027-03-10T15:00:00+09:00,2027-10-20T15:00:00+09:00,2027-10-27T15:00:00+09:00,onboarding_tasks.csv#TASK_EMP_C0121_08/work_evidence,"{""artifact_id"":""WORK_TASK_EMP_C0121_08"",""evidence_type"":""SYNTHETIC"",""observed_at"":""2027-10-27T15:00:00+09:00"",""performed_action"":""업무 요구에 맞춰 작은 산출물을 만들고 실행/검토 기록을 남겼다."",""revision"":""확인한 예외를 수정 후 재실행했다."",""skill_id"":""M1_SKILL_06"",""task"":""FOLLOW_UP_WORK"",""verification"":""OUTPUT_AND_RECOVERY_CHECKED""}",COMPLETED,true,SYNTHETIC_HUMAN_SCENARIO
TASK_EMP_C0142_01,C0142,EMP_C0142,MONTH_1,ENVIRONMENT_CHECK,M1_SKILL_03,2027-03-19T14:55:00+09:00,2027-04-18T14:55:00+09:00,2027-04-25T14:55:00+09:00,onboarding_tasks.csv#TASK_EMP_C0142_01/work_evidence,"{""artifact_id"":""WORK_TASK_EMP_C0142_01"",""evidence_type"":""SYNTHETIC"",""observed_at"":""2027-04-25T14:55:00+09:00"",""performed_action"":""업무 요구에 맞춰 작은 산출물을 만들고 실행/검토 기록을 남겼다."",""revision"":"""",""skill_id"":""M1_SKILL_03"",""task"":""ENVIRONMENT_CHECK"",""verification"":""OUTPUT_AND_RECOVERY_CHECKED""}",COMPLETED,true,SYNTHETIC_HUMAN_SCENARIO
TASK_EMP_C0142_02,C0142,EMP_C0142,MONTH_3,PIPELINE_REVIEW,M1_SKILL_03,2027-03-19T14:55:00+09:00,2027-06-17T14:55:00+09:00,2027-07-01T14:55:00+09:00,onboarding_tasks.csv#TASK_EMP_C0142_02/work_evidence,"{""artifact_id"":""WORK_TASK_EMP_C0142_02"",""evidence_type"":""SYNTHETIC"",""observed_at"":""2027-07-01T14:55:00+09:00"",""performed_action"":""업무 요구에 맞춰 작은 산출물을 만들고 실행/검토 기록을 남겼다."",""revision"":"""",""skill_id"":""M1_SKILL_03"",""task"":""PIPELINE_REVIEW"",""verification"":""OUTPUT_AND_RECOVERY_CHECKED""}",COMPLETED,true,SYNTHETIC_HUMAN_SCENARIO
TASK_EMP_C0142_03,C0142,EMP_C0142,MONTH_6,WORK_TASK,M1_SKILL_03,2027-03-19T14:55:00+09:00,2027-09-15T14:55:00+09:00,2027-09-29T14:55:00+09:00,onboarding_tasks.csv#TASK_EMP_C0142_03/work_evidence,"{""artifact_id"":""WORK_TASK_EMP_C0142_03"",""evidence_type"":""SYNTHETIC"",""observed_at"":""2027-09-29T14:55:00+09:00"",""performed_action"":""업무 요구에 맞춰 작은 산출물을 만들고 실행/검토 기록을 남겼다."",""revision"":"""",""skill_id"":""M1_SKILL_03"",""task"":""WORK_TASK"",""verification"":""CHECK_PENDING""}",COMPLETED,false,SYNTHETIC_HUMAN_SCENARIO
TASK_EMP_C0142_04,C0142,EMP_C0142,EXTENDED,FOLLOW_UP_WORK,M1_SKILL_03,2027-03-19T14:55:00+09:00,2027-10-29T14:55:00+09:00,2027-10-29T14:55:00+09:00,onboarding_tasks.csv#TASK_EMP_C0142_04/work_evidence,"{""artifact_id"":""WORK_TASK_EMP_C0142_04"",""evidence_type"":""SYNTHETIC"",""observed_at"":""2027-10-29T14:55:00+09:00"",""performed_action"":""업무 요구에 맞춰 작은 산출물을 만들고 실행/검토 기록을 남겼다."",""revision"":"""",""skill_id"":""M1_SKILL_03"",""task"":""FOLLOW_UP_WORK"",""verification"":""OUTPUT_AND_RECOVERY_CHECKED""}",COMPLETED,true,SYNTHETIC_HUMAN_SCENARIO
TASK_EMP_C0107_01,C0107,EMP_C0107,MONTH_1,ENVIRONMENT_CHECK,M1_SKILL_02,2027-03-04T17:30:00+09:00,2027-04-03T17:30:00+09:00,2027-04-17T17:30:00+09:00,onboarding_tasks.csv#TASK_EMP_C0107_01/work_evidence,"{""artifact_id"":""WORK_TASK_EMP_C0107_01"",""evidence_type"":""SYNTHETIC"",""observed_at"":""2027-04-17T17:30:00+09:00"",""performed_action"":""업무 요구에 맞춰 작은 산출물을 만들고 실행/검토 기록을 남겼다."",""revision"":"""",""skill_id"":""M1_SKILL_02"",""task"":""ENVIRONMENT_CHECK"",""verification"":""CHECK_PENDING""}",COMPLETED,false,SYNTHETIC_HUMAN_SCENARIO
TASK_EMP_C0107_02,C0107,EMP_C0107,MONTH_3,PIPELINE_REVIEW,M1_SKILL_02,2027-03-04T17:30:00+09:00,2027-06-02T17:30:00+09:00,2027-06-02T17:30:00+09:00,onboarding_tasks.csv#TASK_EMP_C0107_02/work_evidence,"{""artifact_id"":""WORK_TASK_EMP_C0107_02"",""evidence_type"":""SYNTHETIC"",""observed_at"":""2027-06-02T17:30:00+09:00"",""performed_action"":""업무 요구에 맞춰 작은 산출물을 만들고 실행/검토 기록을 남겼다."",""revision"":"""",""skill_id"":""M1_SKILL_02"",""task"":""PIPELINE_REVIEW"",""verification"":""OUTPUT_AND_RECOVERY_CHECKED""}",COMPLETED,true,SYNTHETIC_HUMAN_SCENARIO
TASK_EMP_C0107_03,C0107,EMP_C0107,MONTH_6,WORK_TASK,M1_SKILL_02,2027-03-04T17:30:00+09:00,2027-08-31T17:30:00+09:00,2027-08-31T17:30:00+09:00,onboarding_tasks.csv#TASK_EMP_C0107_03/work_evidence,"{""artifact_id"":""WORK_TASK_EMP_C0107_03"",""evidence_type"":""SYNTHETIC"",""observed_at"":""2027-08-31T17:30:00+09:00"",""performed_action"":""업무 요구에 맞춰 작은 산출물을 만들고 실행/검토 기록을 남겼다."",""revision"":"""",""skill_id"":""M1_SKILL_02"",""task"":""WORK_TASK"",""verification"":""OUTPUT_AND_RECOVERY_CHECKED""}",COMPLETED,true,SYNTHETIC_HUMAN_SCENARIO
TASK_EMP_C0107_04,C0107,EMP_C0107,MONTH_1,ENVIRONMENT_CHECK,M1_SKILL_03,2027-03-04T17:30:00+09:00,2027-04-03T17:30:00+09:00,2027-04-17T17:30:00+09:00,onboarding_tasks.csv#TASK_EMP_C0107_04/work_evidence,"{""artifact_id"":""WORK_TASK_EMP_C0107_04"",""evidence_type"":""SYNTHETIC"",""observed_at"":""2027-04-17T17:30:00+09:00"",""performed_action"":""업무 요구에 맞춰 작은 산출물을 만들고 실행/검토 기록을 남겼다."",""revision"":"""",""skill_id"":""M1_SKILL_03"",""task"":""ENVIRONMENT_CHECK"",""verification"":""OUTPUT_AND_RECOVERY_CHECKED""}",COMPLETED,false,SYNTHETIC_HUMAN_SCENARIO
TASK_EMP_C0107_05,C0107,EMP_C0107,MONTH_3,PIPELINE_REVIEW,M1_SKILL_03,2027-03-04T17:30:00+09:00,2027-06-02T17:30:00+09:00,2027-06-05T17:30:00+09:00,onboarding_tasks.csv#TASK_EMP_C0107_05/work_evidence,"{""artifact_id"":""WORK_TASK_EMP_C0107_05"",""evidence_type"":""SYNTHETIC"",""observed_at"":""2027-06-05T17:30:00+09:00"",""performed_action"":""업무 요구에 맞춰 작은 산출물을 만들고 실행/검토 기록을 남겼다."",""revision"":""확인한 예외를 수정 후 재실행했다."",""skill_id"":""M1_SKILL_03"",""task"":""PIPELINE_REVIEW"",""verification"":""OUTPUT_AND_RECOVERY_CHECKED""}",COMPLETED,true,SYNTHETIC_HUMAN_SCENARIO
TASK_EMP_C0107_06,C0107,EMP_C0107,MONTH_6,WORK_TASK,M1_SKILL_03,2027-03-04T17:30:00+09:00,2027-08-31T17:30:00+09:00,2027-08-31T17:30:00+09:00,onboarding_tasks.csv#TASK_EMP_C0107_06/work_evidence,"{""artifact_id"":""WORK_TASK_EMP_C0107_06"",""evidence_type"":""SYNTHETIC"",""observed_at"":""2027-08-31T17:30:00+09:00"",""performed_action"":""업무 요구에 맞춰 작은 산출물을 만들고 실행/검토 기록을 남겼다."",""revision"":"""",""skill_id"":""M1_SKILL_03"",""task"":""WORK_TASK"",""verification"":""CHECK_PENDING""}",COMPLETED,false,SYNTHETIC_HUMAN_SCENARIO
TASK_EMP_C0107_07,C0107,EMP_C0107,MONTH_1,ENVIRONMENT_CHECK,M1_SKILL_05,2027-03-04T17:30:00+09:00,2027-04-03T17:30:00+09:00,2027-04-06T17:30:00+09:00,onboarding_tasks.csv#TASK_EMP_C0107_07/work_evidence,"{""artifact_id"":""WORK_TASK_EMP_C0107_07"",""evidence_type"":""SYNTHETIC"",""observed_at"":""2027-04-06T17:30:00+09:00"",""performed_action"":""업무 요구에 맞춰 작은 산출물을 만들고 실행/검토 기록을 남겼다."",""revision"":"""",""skill_id"":""M1_SKILL_05"",""task"":""ENVIRONMENT_CHECK"",""verification"":""OUTPUT_AND_RECOVERY_CHECKED""}",COMPLETED,true,SYNTHETIC_HUMAN_SCENARIO
TASK_EMP_C0107_08,C0107,EMP_C0107,MONTH_3,PIPELINE_REVIEW,M1_SKILL_05,2027-03-04T17:30:00+09:00,2027-06-02T17:30:00+09:00,2027-06-05T17:30:00+09:00,onboarding_tasks.csv#TASK_EMP_C0107_08/work_evidence,"{""artifact_id"":""WORK_TASK_EMP_C0107_08"",""evidence_type"":""SYNTHETIC"",""observed_at"":""2027-06-05T17:30:00+09:00"",""performed_action"":""업무 요구에 맞춰 작은 산출물을 만들고 실행/검토 기록을 남겼다."",""revision"":"""",""skill_id"":""M1_SKILL_05"",""task"":""PIPELINE_REVIEW"",""verification"":""OUTPUT_AND_RECOVERY_CHECKED""}",COMPLETED,true,SYNTHETIC_HUMAN_SCENARIO
TASK_EMP_C0107_09,C0107,EMP_C0107,MONTH_6,WORK_TASK,M1_SKILL_05,2027-03-04T17:30:00+09:00,2027-08-31T17:30:00+09:00,2027-09-03T17:30:00+09:00,onboarding_tasks.csv#TASK_EMP_C0107_09/work_evidence,"{""artifact_id"":""WORK_TASK_EMP_C0107_09"",""evidence_type"":""SYNTHETIC"",""observed_at"":""2027-09-03T17:30:00+09:00"",""performed_action"":""업무 요구에 맞춰 작은 산출물을 만들고 실행/검토 기록을 남겼다."",""revision"":"""",""skill_id"":""M1_SKILL_05"",""task"":""WORK_TASK"",""verification"":""CHECK_PENDING""}",COMPLETED,false,SYNTHETIC_HUMAN_SCENARIO
TASK_EMP_C0107_10,C0107,EMP_C0107,EXTENDED,FOLLOW_UP_WORK,M1_SKILL_02,2027-03-04T17:30:00+09:00,2027-10-03T17:30:00+09:00,2027-10-06T17:30:00+09:00,onboarding_tasks.csv#TASK_EMP_C0107_10/work_evidence,"{""artifact_id"":""WORK_TASK_EMP_C0107_10"",""evidence_type"":""SYNTHETIC"",""observed_at"":""2027-10-06T17:30:00+09:00"",""performed_action"":""업무 요구에 맞춰 작은 산출물을 만들고 실행/검토 기록을 남겼다."",""revision"":"""",""skill_id"":""M1_SKILL_02"",""task"":""FOLLOW_UP_WORK"",""verification"":""OUTPUT_AND_RECOVERY_CHECKED""}",COMPLETED,false,SYNTHETIC_HUMAN_SCENARIO
TASK_EMP_C0107_11,C0107,EMP_C0107,EXTENDED,FOLLOW_UP_WORK,M1_SKILL_03,2027-03-04T17:30:00+09:00,2027-10-03T17:30:00+09:00,2027-10-10T17:30:00+09:00,onboarding_tasks.csv#TASK_EMP_C0107_11/work_evidence,"{""artifact_id"":""WORK_TASK_EMP_C0107_11"",""evidence_type"":""SYNTHETIC"",""observed_at"":""2027-10-10T17:30:00+09:00"",""performed_action"":""업무 요구에 맞춰 작은 산출물을 만들고 실행/검토 기록을 남겼다."",""revision"":""확인한 예외를 수정 후 재실행했다."",""skill_id"":""M1_SKILL_03"",""task"":""FOLLOW_UP_WORK"",""verification"":""OUTPUT_AND_RECOVERY_CHECKED""}",COMPLETED,true,SYNTHETIC_HUMAN_SCENARIO
TASK_EMP_C0107_12,C0107,EMP_C0107,EXTENDED,FOLLOW_UP_WORK,M1_SKILL_05,2027-03-04T17:30:00+09:00,2027-10-03T17:30:00+09:00,2027-10-10T17:30:00+09:00,onboarding_tasks.csv#TASK_EMP_C0107_12/work_evidence,"{""artifact_id"":""WORK_TASK_EMP_C0107_12"",""evidence_type"":""SYNTHETIC"",""observed_at"":""2027-10-10T17:30:00+09:00"",""performed_action"":""업무 요구에 맞춰 작은 산출물을 만들고 실행/검토 기록을 남겼다."",""revision"":"""",""skill_id"":""M1_SKILL_05"",""task"":""FOLLOW_UP_WORK"",""verification"":""OUTPUT_AND_RECOVERY_CHECKED""}",COMPLETED,true,SYNTHETIC_HUMAN_SCENARIO
TASK_EMP_C0113_01,C0113,EMP_C0113,MONTH_1,ENVIRONMENT_CHECK,M1_SKILL_05,2027-03-06T16:45:00+09:00,2027-04-05T16:45:00+09:00,2027-04-19T16:45:00+09:00,onboarding_tasks.csv#TASK_EMP_C0113_01/work_evidence,"{""artifact_id"":""WORK_TASK_EMP_C0113_01"",""evidence_type"":""SYNTHETIC"",""observed_at"":""2027-04-19T16:45:00+09:00"",""performed_action"":""업무 요구에 맞춰 작은 산출물을 만들고 실행/검토 기록을 남겼다."",""revision"":"""",""skill_id"":""M1_SKILL_05"",""task"":""ENVIRONMENT_CHECK"",""verification"":""OUTPUT_AND_RECOVERY_CHECKED""}",COMPLETED,true,SYNTHETIC_HUMAN_SCENARIO
TASK_EMP_C0113_02,C0113,EMP_C0113,MONTH_3,PIPELINE_REVIEW,M1_SKILL_05,2027-03-06T16:45:00+09:00,2027-06-04T16:45:00+09:00,2027-06-18T16:45:00+09:00,onboarding_tasks.csv#TASK_EMP_C0113_02/work_evidence,"{""artifact_id"":""WORK_TASK_EMP_C0113_02"",""evidence_type"":""SYNTHETIC"",""observed_at"":""2027-06-18T16:45:00+09:00"",""performed_action"":""업무 요구에 맞춰 작은 산출물을 만들고 실행/검토 기록을 남겼다."",""revision"":"""",""skill_id"":""M1_SKILL_05"",""task"":""PIPELINE_REVIEW"",""verification"":""OUTPUT_AND_RECOVERY_CHECKED""}",COMPLETED,true,SYNTHETIC_HUMAN_SCENARIO
TASK_EMP_C0113_03,C0113,EMP_C0113,MONTH_6,WORK_TASK,M1_SKILL_05,2027-03-06T16:45:00+09:00,2027-09-02T16:45:00+09:00,2027-09-09T16:45:00+09:00,onboarding_tasks.csv#TASK_EMP_C0113_03/work_evidence,"{""artifact_id"":""WORK_TASK_EMP_C0113_03"",""evidence_type"":""SYNTHETIC"",""observed_at"":""2027-09-09T16:45:00+09:00"",""performed_action"":""업무 요구에 맞춰 작은 산출물을 만들고 실행/검토 기록을 남겼다."",""revision"":"""",""skill_id"":""M1_SKILL_05"",""task"":""WORK_TASK"",""verification"":""OUTPUT_AND_RECOVERY_CHECKED""}",COMPLETED,true,SYNTHETIC_HUMAN_SCENARIO
TASK_EMP_C0135_01,C0135,EMP_C0135,MONTH_1,ENVIRONMENT_CHECK,M1_SKILL_03,2027-03-07T13:20:00+09:00,2027-04-06T13:20:00+09:00,2027-04-06T13:20:00+09:00,onboarding_tasks.csv#TASK_EMP_C0135_01/work_evidence,"{""artifact_id"":""WORK_TASK_EMP_C0135_01"",""evidence_type"":""SYNTHETIC"",""observed_at"":""2027-04-06T13:20:00+09:00"",""performed_action"":""업무 요구에 맞춰 작은 산출물을 만들고 실행/검토 기록을 남겼다."",""revision"":"""",""skill_id"":""M1_SKILL_03"",""task"":""ENVIRONMENT_CHECK"",""verification"":""OUTPUT_AND_RECOVERY_CHECKED""}",COMPLETED,false,SYNTHETIC_HUMAN_SCENARIO
TASK_EMP_C0135_02,C0135,EMP_C0135,MONTH_3,PIPELINE_REVIEW,M1_SKILL_03,2027-03-07T13:20:00+09:00,2027-06-05T13:20:00+09:00,2027-06-19T13:20:00+09:00,onboarding_tasks.csv#TASK_EMP_C0135_02/work_evidence,"{""artifact_id"":""WORK_TASK_EMP_C0135_02"",""evidence_type"":""SYNTHETIC"",""observed_at"":""2027-06-19T13:20:00+09:00"",""performed_action"":""업무 요구에 맞춰 작은 산출물을 만들고 실행/검토 기록을 남겼다."",""revision"":"""",""skill_id"":""M1_SKILL_03"",""task"":""PIPELINE_REVIEW"",""verification"":""OUTPUT_AND_RECOVERY_CHECKED""}",COMPLETED,true,SYNTHETIC_HUMAN_SCENARIO
TASK_EMP_C0135_03,C0135,EMP_C0135,MONTH_6,WORK_TASK,M1_SKILL_03,2027-03-07T13:20:00+09:00,2027-09-03T13:20:00+09:00,2027-09-06T13:20:00+09:00,onboarding_tasks.csv#TASK_EMP_C0135_03/work_evidence,"{""artifact_id"":""WORK_TASK_EMP_C0135_03"",""evidence_type"":""SYNTHETIC"",""observed_at"":""2027-09-06T13:20:00+09:00"",""performed_action"":""업무 요구에 맞춰 작은 산출물을 만들고 실행/검토 기록을 남겼다."",""revision"":"""",""skill_id"":""M1_SKILL_03"",""task"":""WORK_TASK"",""verification"":""OUTPUT_AND_RECOVERY_CHECKED""}",COMPLETED,false,SYNTHETIC_HUMAN_SCENARIO
TASK_EMP_C0135_04,C0135,EMP_C0135,MONTH_1,ENVIRONMENT_CHECK,M1_SKILL_06,2027-03-07T13:20:00+09:00,2027-04-06T13:20:00+09:00,2027-04-13T13:20:00+09:00,onboarding_tasks.csv#TASK_EMP_C0135_04/work_evidence,"{""artifact_id"":""WORK_TASK_EMP_C0135_04"",""evidence_type"":""SYNTHETIC"",""observed_at"":""2027-04-13T13:20:00+09:00"",""performed_action"":""업무 요구에 맞춰 작은 산출물을 만들고 실행/검토 기록을 남겼다."",""revision"":"""",""skill_id"":""M1_SKILL_06"",""task"":""ENVIRONMENT_CHECK"",""verification"":""OUTPUT_AND_RECOVERY_CHECKED""}",COMPLETED,true,SYNTHETIC_HUMAN_SCENARIO
TASK_EMP_C0135_05,C0135,EMP_C0135,MONTH_3,PIPELINE_REVIEW,M1_SKILL_06,2027-03-07T13:20:00+09:00,2027-06-05T13:20:00+09:00,2027-06-19T13:20:00+09:00,onboarding_tasks.csv#TASK_EMP_C0135_05/work_evidence,"{""artifact_id"":""WORK_TASK_EMP_C0135_05"",""evidence_type"":""SYNTHETIC"",""observed_at"":""2027-06-19T13:20:00+09:00"",""performed_action"":""업무 요구에 맞춰 작은 산출물을 만들고 실행/검토 기록을 남겼다."",""revision"":""확인한 예외를 수정 후 재실행했다."",""skill_id"":""M1_SKILL_06"",""task"":""PIPELINE_REVIEW"",""verification"":""OUTPUT_AND_RECOVERY_CHECKED""}",COMPLETED,true,SYNTHETIC_HUMAN_SCENARIO
TASK_EMP_C0135_06,C0135,EMP_C0135,MONTH_6,WORK_TASK,M1_SKILL_06,2027-03-07T13:20:00+09:00,2027-09-03T13:20:00+09:00,2027-09-10T13:20:00+09:00,onboarding_tasks.csv#TASK_EMP_C0135_06/work_evidence,"{""artifact_id"":""WORK_TASK_EMP_C0135_06"",""evidence_type"":""SYNTHETIC"",""observed_at"":""2027-09-10T13:20:00+09:00"",""performed_action"":""업무 요구에 맞춰 작은 산출물을 만들고 실행/검토 기록을 남겼다."",""revision"":"""",""skill_id"":""M1_SKILL_06"",""task"":""WORK_TASK"",""verification"":""CHECK_PENDING""}",COMPLETED,false,SYNTHETIC_HUMAN_SCENARIO
TASK_EMP_C0135_07,C0135,EMP_C0135,EXTENDED,FOLLOW_UP_WORK,M1_SKILL_03,2027-03-07T13:20:00+09:00,2027-10-10T13:20:00+09:00,2027-10-17T13:20:00+09:00,onboarding_tasks.csv#TASK_EMP_C0135_07/work_evidence,"{""artifact_id"":""WORK_TASK_EMP_C0135_07"",""evidence_type"":""SYNTHETIC"",""observed_at"":""2027-10-17T13:20:00+09:00"",""performed_action"":""업무 요구에 맞춰 작은 산출물을 만들고 실행/검토 기록을 남겼다."",""revision"":"""",""skill_id"":""M1_SKILL_03"",""task"":""FOLLOW_UP_WORK"",""verification"":""OUTPUT_AND_RECOVERY_CHECKED""}",COMPLETED,false,SYNTHETIC_HUMAN_SCENARIO
TASK_EMP_C0135_08,C0135,EMP_C0135,EXTENDED,FOLLOW_UP_WORK,M1_SKILL_06,2027-03-07T13:20:00+09:00,2027-10-10T13:20:00+09:00,2027-10-17T13:20:00+09:00,onboarding_tasks.csv#TASK_EMP_C0135_08/work_evidence,"{""artifact_id"":""WORK_TASK_EMP_C0135_08"",""evidence_type"":""SYNTHETIC"",""observed_at"":""2027-10-17T13:20:00+09:00"",""performed_action"":""업무 요구에 맞춰 작은 산출물을 만들고 실행/검토 기록을 남겼다."",""revision"":"""",""skill_id"":""M1_SKILL_06"",""task"":""FOLLOW_UP_WORK"",""verification"":""OUTPUT_AND_RECOVERY_CHECKED""}",COMPLETED,true,SYNTHETIC_HUMAN_SCENARIO
TASK_EMP_C0151_01,C0151,EMP_C0151,MONTH_1,ENVIRONMENT_CHECK,M1_SKILL_03,2027-03-18T12:55:00+09:00,2027-04-17T12:55:00+09:00,2027-04-20T12:55:00+09:00,onboarding_tasks.csv#TASK_EMP_C0151_01/work_evidence,"{""artifact_id"":""WORK_TASK_EMP_C0151_01"",""evidence_type"":""SYNTHETIC"",""observed_at"":""2027-04-20T12:55:00+09:00"",""performed_action"":""업무 요구에 맞춰 작은 산출물을 만들고 실행/검토 기록을 남겼다."",""revision"":"""",""skill_id"":""M1_SKILL_03"",""task"":""ENVIRONMENT_CHECK"",""verification"":""OUTPUT_AND_RECOVERY_CHECKED""}",COMPLETED,true,SYNTHETIC_HUMAN_SCENARIO
TASK_EMP_C0151_02,C0151,EMP_C0151,MONTH_3,PIPELINE_REVIEW,M1_SKILL_03,2027-03-18T12:55:00+09:00,2027-06-16T12:55:00+09:00,2027-06-23T12:55:00+09:00,onboarding_tasks.csv#TASK_EMP_C0151_02/work_evidence,"{""artifact_id"":""WORK_TASK_EMP_C0151_02"",""evidence_type"":""SYNTHETIC"",""observed_at"":""2027-06-23T12:55:00+09:00"",""performed_action"":""업무 요구에 맞춰 작은 산출물을 만들고 실행/검토 기록을 남겼다."",""revision"":"""",""skill_id"":""M1_SKILL_03"",""task"":""PIPELINE_REVIEW"",""verification"":""OUTPUT_AND_RECOVERY_CHECKED""}",COMPLETED,true,SYNTHETIC_HUMAN_SCENARIO
TASK_EMP_C0151_03,C0151,EMP_C0151,MONTH_6,WORK_TASK,M1_SKILL_03,2027-03-18T12:55:00+09:00,2027-09-14T12:55:00+09:00,2027-09-14T12:55:00+09:00,onboarding_tasks.csv#TASK_EMP_C0151_03/work_evidence,"{""artifact_id"":""WORK_TASK_EMP_C0151_03"",""evidence_type"":""SYNTHETIC"",""observed_at"":""2027-09-14T12:55:00+09:00"",""performed_action"":""업무 요구에 맞춰 작은 산출물을 만들고 실행/검토 기록을 남겼다."",""revision"":"""",""skill_id"":""M1_SKILL_03"",""task"":""WORK_TASK"",""verification"":""CHECK_PENDING""}",COMPLETED,false,SYNTHETIC_HUMAN_SCENARIO
TASK_EMP_C0151_04,C0151,EMP_C0151,MONTH_1,ENVIRONMENT_CHECK,M1_SKILL_05,2027-03-18T12:55:00+09:00,2027-04-17T12:55:00+09:00,2027-04-20T12:55:00+09:00,onboarding_tasks.csv#TASK_EMP_C0151_04/work_evidence,"{""artifact_id"":""WORK_TASK_EMP_C0151_04"",""evidence_type"":""SYNTHETIC"",""observed_at"":""2027-04-20T12:55:00+09:00"",""performed_action"":""업무 요구에 맞춰 작은 산출물을 만들고 실행/검토 기록을 남겼다."",""revision"":"""",""skill_id"":""M1_SKILL_05"",""task"":""ENVIRONMENT_CHECK"",""verification"":""OUTPUT_AND_RECOVERY_CHECKED""}",COMPLETED,true,SYNTHETIC_HUMAN_SCENARIO
TASK_EMP_C0151_05,C0151,EMP_C0151,MONTH_3,PIPELINE_REVIEW,M1_SKILL_05,2027-03-18T12:55:00+09:00,2027-06-16T12:55:00+09:00,2027-06-19T12:55:00+09:00,onboarding_tasks.csv#TASK_EMP_C0151_05/work_evidence,"{""artifact_id"":""WORK_TASK_EMP_C0151_05"",""evidence_type"":""SYNTHETIC"",""observed_at"":""2027-06-19T12:55:00+09:00"",""performed_action"":""업무 요구에 맞춰 작은 산출물을 만들고 실행/검토 기록을 남겼다."",""revision"":"""",""skill_id"":""M1_SKILL_05"",""task"":""PIPELINE_REVIEW"",""verification"":""OUTPUT_AND_RECOVERY_CHECKED""}",COMPLETED,false,SYNTHETIC_HUMAN_SCENARIO
TASK_EMP_C0151_06,C0151,EMP_C0151,MONTH_6,WORK_TASK,M1_SKILL_05,2027-03-18T12:55:00+09:00,2027-09-14T12:55:00+09:00,2027-09-21T12:55:00+09:00,onboarding_tasks.csv#TASK_EMP_C0151_06/work_evidence,"{""artifact_id"":""WORK_TASK_EMP_C0151_06"",""evidence_type"":""SYNTHETIC"",""observed_at"":""2027-09-21T12:55:00+09:00"",""performed_action"":""업무 요구에 맞춰 작은 산출물을 만들고 실행/검토 기록을 남겼다."",""revision"":"""",""skill_id"":""M1_SKILL_05"",""task"":""WORK_TASK"",""verification"":""CHECK_PENDING""}",COMPLETED,false,SYNTHETIC_HUMAN_SCENARIO
TASK_EMP_C0151_07,C0151,EMP_C0151,EXTENDED,FOLLOW_UP_WORK,M1_SKILL_03,2027-03-18T12:55:00+09:00,2027-10-21T12:55:00+09:00,2027-10-24T12:55:00+09:00,onboarding_tasks.csv#TASK_EMP_C0151_07/work_evidence,"{""artifact_id"":""WORK_TASK_EMP_C0151_07"",""evidence_type"":""SYNTHETIC"",""observed_at"":""2027-10-24T12:55:00+09:00"",""performed_action"":""업무 요구에 맞춰 작은 산출물을 만들고 실행/검토 기록을 남겼다."",""revision"":"""",""skill_id"":""M1_SKILL_03"",""task"":""FOLLOW_UP_WORK"",""verification"":""CHECK_PENDING""}",COMPLETED,false,SYNTHETIC_HUMAN_SCENARIO
TASK_EMP_C0151_08,C0151,EMP_C0151,EXTENDED,FOLLOW_UP_WORK,M1_SKILL_05,2027-03-18T12:55:00+09:00,2027-10-21T12:55:00+09:00,2027-10-24T12:55:00+09:00,onboarding_tasks.csv#TASK_EMP_C0151_08/work_evidence,"{""artifact_id"":""WORK_TASK_EMP_C0151_08"",""evidence_type"":""SYNTHETIC"",""observed_at"":""2027-10-24T12:55:00+09:00"",""performed_action"":""업무 요구에 맞춰 작은 산출물을 만들고 실행/검토 기록을 남겼다."",""revision"":""확인한 예외를 수정 후 재실행했다."",""skill_id"":""M1_SKILL_05"",""task"":""FOLLOW_UP_WORK"",""verification"":""OUTPUT_AND_RECOVERY_CHECKED""}",COMPLETED,false,SYNTHETIC_HUMAN_SCENARIO
TASK_EMP_C0175_01,C0175,EMP_C0175,MONTH_1,ENVIRONMENT_CHECK,M1_SKILL_03,2027-03-12T13:55:00+09:00,2027-04-11T13:55:00+09:00,2027-04-25T13:55:00+09:00,onboarding_tasks.csv#TASK_EMP_C0175_01/work_evidence,"{""artifact_id"":""WORK_TASK_EMP_C0175_01"",""evidence_type"":""SYNTHETIC"",""observed_at"":""2027-04-25T13:55:00+09:00"",""performed_action"":""업무 요구에 맞춰 작은 산출물을 만들고 실행/검토 기록을 남겼다."",""revision"":""확인한 예외를 수정 후 재실행했다."",""skill_id"":""M1_SKILL_03"",""task"":""ENVIRONMENT_CHECK"",""verification"":""OUTPUT_AND_RECOVERY_CHECKED""}",COMPLETED,true,SYNTHETIC_HUMAN_SCENARIO
TASK_EMP_C0175_02,C0175,EMP_C0175,MONTH_3,PIPELINE_REVIEW,M1_SKILL_03,2027-03-12T13:55:00+09:00,2027-06-10T13:55:00+09:00,2027-06-10T13:55:00+09:00,onboarding_tasks.csv#TASK_EMP_C0175_02/work_evidence,"{""artifact_id"":""WORK_TASK_EMP_C0175_02"",""evidence_type"":""SYNTHETIC"",""observed_at"":""2027-06-10T13:55:00+09:00"",""performed_action"":""업무 요구에 맞춰 작은 산출물을 만들고 실행/검토 기록을 남겼다."",""revision"":"""",""skill_id"":""M1_SKILL_03"",""task"":""PIPELINE_REVIEW"",""verification"":""OUTPUT_AND_RECOVERY_CHECKED""}",COMPLETED,true,SYNTHETIC_HUMAN_SCENARIO
TASK_EMP_C0175_03,C0175,EMP_C0175,MONTH_6,WORK_TASK,M1_SKILL_03,2027-03-12T13:55:00+09:00,2027-09-08T13:55:00+09:00,2027-09-11T13:55:00+09:00,onboarding_tasks.csv#TASK_EMP_C0175_03/work_evidence,"{""artifact_id"":""WORK_TASK_EMP_C0175_03"",""evidence_type"":""SYNTHETIC"",""observed_at"":""2027-09-11T13:55:00+09:00"",""performed_action"":""업무 요구에 맞춰 작은 산출물을 만들고 실행/검토 기록을 남겼다."",""revision"":"""",""skill_id"":""M1_SKILL_03"",""task"":""WORK_TASK"",""verification"":""OUTPUT_AND_RECOVERY_CHECKED""}",COMPLETED,true,SYNTHETIC_HUMAN_SCENARIO
TASK_EMP_C0175_04,C0175,EMP_C0175,MONTH_1,ENVIRONMENT_CHECK,M1_SKILL_05,2027-03-12T13:55:00+09:00,2027-04-11T13:55:00+09:00,2027-04-25T13:55:00+09:00,onboarding_tasks.csv#TASK_EMP_C0175_04/work_evidence,"{""artifact_id"":""WORK_TASK_EMP_C0175_04"",""evidence_type"":""SYNTHETIC"",""observed_at"":""2027-04-25T13:55:00+09:00"",""performed_action"":""업무 요구에 맞춰 작은 산출물을 만들고 실행/검토 기록을 남겼다."",""revision"":""확인한 예외를 수정 후 재실행했다."",""skill_id"":""M1_SKILL_05"",""task"":""ENVIRONMENT_CHECK"",""verification"":""OUTPUT_AND_RECOVERY_CHECKED""}",COMPLETED,true,SYNTHETIC_HUMAN_SCENARIO
TASK_EMP_C0175_05,C0175,EMP_C0175,MONTH_3,PIPELINE_REVIEW,M1_SKILL_05,2027-03-12T13:55:00+09:00,2027-06-10T13:55:00+09:00,2027-06-13T13:55:00+09:00,onboarding_tasks.csv#TASK_EMP_C0175_05/work_evidence,"{""artifact_id"":""WORK_TASK_EMP_C0175_05"",""evidence_type"":""SYNTHETIC"",""observed_at"":""2027-06-13T13:55:00+09:00"",""performed_action"":""업무 요구에 맞춰 작은 산출물을 만들고 실행/검토 기록을 남겼다."",""revision"":"""",""skill_id"":""M1_SKILL_05"",""task"":""PIPELINE_REVIEW"",""verification"":""OUTPUT_AND_RECOVERY_CHECKED""}",COMPLETED,true,SYNTHETIC_HUMAN_SCENARIO
TASK_EMP_C0175_06,C0175,EMP_C0175,MONTH_6,WORK_TASK,M1_SKILL_05,2027-03-12T13:55:00+09:00,2027-09-08T13:55:00+09:00,2027-09-08T13:55:00+09:00,onboarding_tasks.csv#TASK_EMP_C0175_06/work_evidence,"{""artifact_id"":""WORK_TASK_EMP_C0175_06"",""evidence_type"":""SYNTHETIC"",""observed_at"":""2027-09-08T13:55:00+09:00"",""performed_action"":""업무 요구에 맞춰 작은 산출물을 만들고 실행/검토 기록을 남겼다."",""revision"":""확인한 예외를 수정 후 재실행했다."",""skill_id"":""M1_SKILL_05"",""task"":""WORK_TASK"",""verification"":""OUTPUT_AND_RECOVERY_CHECKED""}",COMPLETED,true,SYNTHETIC_HUMAN_SCENARIO
TASK_EMP_C0175_07,C0175,EMP_C0175,MONTH_1,ENVIRONMENT_CHECK,M1_SKILL_06,2027-03-12T13:55:00+09:00,2027-04-11T13:55:00+09:00,2027-04-25T13:55:00+09:00,onboarding_tasks.csv#TASK_EMP_C0175_07/work_evidence,"{""artifact_id"":""WORK_TASK_EMP_C0175_07"",""evidence_type"":""SYNTHETIC"",""observed_at"":""2027-04-25T13:55:00+09:00"",""performed_action"":""업무 요구에 맞춰 작은 산출물을 만들고 실행/검토 기록을 남겼다."",""revision"":"""",""skill_id"":""M1_SKILL_06"",""task"":""ENVIRONMENT_CHECK"",""verification"":""OUTPUT_AND_RECOVERY_CHECKED""}",COMPLETED,true,SYNTHETIC_HUMAN_SCENARIO
TASK_EMP_C0175_08,C0175,EMP_C0175,MONTH_3,PIPELINE_REVIEW,M1_SKILL_06,2027-03-12T13:55:00+09:00,2027-06-10T13:55:00+09:00,2027-06-13T13:55:00+09:00,onboarding_tasks.csv#TASK_EMP_C0175_08/work_evidence,"{""artifact_id"":""WORK_TASK_EMP_C0175_08"",""evidence_type"":""SYNTHETIC"",""observed_at"":""2027-06-13T13:55:00+09:00"",""performed_action"":""업무 요구에 맞춰 작은 산출물을 만들고 실행/검토 기록을 남겼다."",""revision"":"""",""skill_id"":""M1_SKILL_06"",""task"":""PIPELINE_REVIEW"",""verification"":""CHECK_PENDING""}",COMPLETED,false,SYNTHETIC_HUMAN_SCENARIO
TASK_EMP_C0175_09,C0175,EMP_C0175,MONTH_6,WORK_TASK,M1_SKILL_06,2027-03-12T13:55:00+09:00,2027-09-08T13:55:00+09:00,2027-09-22T13:55:00+09:00,onboarding_tasks.csv#TASK_EMP_C0175_09/work_evidence,"{""artifact_id"":""WORK_TASK_EMP_C0175_09"",""evidence_type"":""SYNTHETIC"",""observed_at"":""2027-09-22T13:55:00+09:00"",""performed_action"":""업무 요구에 맞춰 작은 산출물을 만들고 실행/검토 기록을 남겼다."",""revision"":""확인한 예외를 수정 후 재실행했다."",""skill_id"":""M1_SKILL_06"",""task"":""WORK_TASK"",""verification"":""OUTPUT_AND_RECOVERY_CHECKED""}",COMPLETED,true,SYNTHETIC_HUMAN_SCENARIO
TASK_EMP_C0175_10,C0175,EMP_C0175,EXTENDED,FOLLOW_UP_WORK,M1_SKILL_06,2027-03-12T13:55:00+09:00,2027-10-22T13:55:00+09:00,2027-10-29T13:55:00+09:00,onboarding_tasks.csv#TASK_EMP_C0175_10/work_evidence,"{""artifact_id"":""WORK_TASK_EMP_C0175_10"",""evidence_type"":""SYNTHETIC"",""observed_at"":""2027-10-29T13:55:00+09:00"",""performed_action"":""업무 요구에 맞춰 작은 산출물을 만들고 실행/검토 기록을 남겼다."",""revision"":"""",""skill_id"":""M1_SKILL_06"",""task"":""FOLLOW_UP_WORK"",""verification"":""OUTPUT_AND_RECOVERY_CHECKED""}",COMPLETED,true,SYNTHETIC_HUMAN_SCENARIO
TASK_EMP_C0164_01,C0164,EMP_C0164,MONTH_1,ENVIRONMENT_CHECK,M1_SKILL_03,2027-03-08T16:40:00+09:00,2027-04-07T16:40:00+09:00,2027-04-07T16:40:00+09:00,onboarding_tasks.csv#TASK_EMP_C0164_01/work_evidence,"{""artifact_id"":""WORK_TASK_EMP_C0164_01"",""evidence_type"":""SYNTHETIC"",""observed_at"":""2027-04-07T16:40:00+09:00"",""performed_action"":""업무 요구에 맞춰 작은 산출물을 만들고 실행/검토 기록을 남겼다."",""revision"":"""",""skill_id"":""M1_SKILL_03"",""task"":""ENVIRONMENT_CHECK"",""verification"":""OUTPUT_AND_RECOVERY_CHECKED""}",COMPLETED,true,SYNTHETIC_HUMAN_SCENARIO
TASK_EMP_C0164_02,C0164,EMP_C0164,MONTH_3,PIPELINE_REVIEW,M1_SKILL_03,2027-03-08T16:40:00+09:00,2027-06-06T16:40:00+09:00,2027-06-13T16:40:00+09:00,onboarding_tasks.csv#TASK_EMP_C0164_02/work_evidence,"{""artifact_id"":""WORK_TASK_EMP_C0164_02"",""evidence_type"":""SYNTHETIC"",""observed_at"":""2027-06-13T16:40:00+09:00"",""performed_action"":""업무 요구에 맞춰 작은 산출물을 만들고 실행/검토 기록을 남겼다."",""revision"":"""",""skill_id"":""M1_SKILL_03"",""task"":""PIPELINE_REVIEW"",""verification"":""OUTPUT_AND_RECOVERY_CHECKED""}",COMPLETED,true,SYNTHETIC_HUMAN_SCENARIO
TASK_EMP_C0164_03,C0164,EMP_C0164,MONTH_6,WORK_TASK,M1_SKILL_03,2027-03-08T16:40:00+09:00,2027-09-04T16:40:00+09:00,2027-09-18T16:40:00+09:00,onboarding_tasks.csv#TASK_EMP_C0164_03/work_evidence,"{""artifact_id"":""WORK_TASK_EMP_C0164_03"",""evidence_type"":""SYNTHETIC"",""observed_at"":""2027-09-18T16:40:00+09:00"",""performed_action"":""업무 요구에 맞춰 작은 산출물을 만들고 실행/검토 기록을 남겼다."",""revision"":"""",""skill_id"":""M1_SKILL_03"",""task"":""WORK_TASK"",""verification"":""CHECK_PENDING""}",COMPLETED,false,SYNTHETIC_HUMAN_SCENARIO
TASK_EMP_C0164_04,C0164,EMP_C0164,MONTH_1,ENVIRONMENT_CHECK,M1_SKILL_06,2027-03-08T16:40:00+09:00,2027-04-07T16:40:00+09:00,2027-04-21T16:40:00+09:00,onboarding_tasks.csv#TASK_EMP_C0164_04/work_evidence,"{""artifact_id"":""WORK_TASK_EMP_C0164_04"",""evidence_type"":""SYNTHETIC"",""observed_at"":""2027-04-21T16:40:00+09:00"",""performed_action"":""업무 요구에 맞춰 작은 산출물을 만들고 실행/검토 기록을 남겼다."",""revision"":"""",""skill_id"":""M1_SKILL_06"",""task"":""ENVIRONMENT_CHECK"",""verification"":""OUTPUT_AND_RECOVERY_CHECKED""}",COMPLETED,true,SYNTHETIC_HUMAN_SCENARIO
TASK_EMP_C0164_05,C0164,EMP_C0164,MONTH_3,PIPELINE_REVIEW,M1_SKILL_06,2027-03-08T16:40:00+09:00,2027-06-06T16:40:00+09:00,2027-06-20T16:40:00+09:00,onboarding_tasks.csv#TASK_EMP_C0164_05/work_evidence,"{""artifact_id"":""WORK_TASK_EMP_C0164_05"",""evidence_type"":""SYNTHETIC"",""observed_at"":""2027-06-20T16:40:00+09:00"",""performed_action"":""업무 요구에 맞춰 작은 산출물을 만들고 실행/검토 기록을 남겼다."",""revision"":""확인한 예외를 수정 후 재실행했다."",""skill_id"":""M1_SKILL_06"",""task"":""PIPELINE_REVIEW"",""verification"":""OUTPUT_AND_RECOVERY_CHECKED""}",COMPLETED,true,SYNTHETIC_HUMAN_SCENARIO
TASK_EMP_C0164_06,C0164,EMP_C0164,MONTH_6,WORK_TASK,M1_SKILL_06,2027-03-08T16:40:00+09:00,2027-09-04T16:40:00+09:00,2027-09-18T16:40:00+09:00,onboarding_tasks.csv#TASK_EMP_C0164_06/work_evidence,"{""artifact_id"":""WORK_TASK_EMP_C0164_06"",""evidence_type"":""SYNTHETIC"",""observed_at"":""2027-09-18T16:40:00+09:00"",""performed_action"":""업무 요구에 맞춰 작은 산출물을 만들고 실행/검토 기록을 남겼다."",""revision"":""확인한 예외를 수정 후 재실행했다."",""skill_id"":""M1_SKILL_06"",""task"":""WORK_TASK"",""verification"":""OUTPUT_AND_RECOVERY_CHECKED""}",COMPLETED,true,SYNTHETIC_HUMAN_SCENARIO
TASK_EMP_C0164_07,C0164,EMP_C0164,EXTENDED,FOLLOW_UP_WORK,M1_SKILL_03,2027-03-08T16:40:00+09:00,2027-10-18T16:40:00+09:00,,,,IN_PROGRESS,false,
TASK_EMP_C0131_01,C0131,EMP_C0131,MONTH_1,ENVIRONMENT_CHECK,M1_SKILL_05,2027-03-01T09:00:00+09:00,2027-03-31T09:00:00+09:00,2027-04-03T09:00:00+09:00,onboarding_tasks.csv#TASK_EMP_C0131_01/work_evidence,"{""artifact_id"":""WORK_TASK_EMP_C0131_01"",""evidence_type"":""SYNTHETIC"",""observed_at"":""2027-04-03T09:00:00+09:00"",""performed_action"":""업무 요구에 맞춰 작은 산출물을 만들고 실행/검토 기록을 남겼다."",""revision"":"""",""skill_id"":""M1_SKILL_05"",""task"":""ENVIRONMENT_CHECK"",""verification"":""OUTPUT_AND_RECOVERY_CHECKED""}",COMPLETED,true,SYNTHETIC_HUMAN_SCENARIO
TASK_EMP_C0131_02,C0131,EMP_C0131,MONTH_3,PIPELINE_REVIEW,M1_SKILL_05,2027-03-01T09:00:00+09:00,2027-05-30T09:00:00+09:00,2027-06-13T09:00:00+09:00,onboarding_tasks.csv#TASK_EMP_C0131_02/work_evidence,"{""artifact_id"":""WORK_TASK_EMP_C0131_02"",""evidence_type"":""SYNTHETIC"",""observed_at"":""2027-06-13T09:00:00+09:00"",""performed_action"":""업무 요구에 맞춰 작은 산출물을 만들고 실행/검토 기록을 남겼다."",""revision"":"""",""skill_id"":""M1_SKILL_05"",""task"":""PIPELINE_REVIEW"",""verification"":""OUTPUT_AND_RECOVERY_CHECKED""}",COMPLETED,true,SYNTHETIC_HUMAN_SCENARIO
TASK_EMP_C0131_03,C0131,EMP_C0131,MONTH_6,WORK_TASK,M1_SKILL_05,2027-03-01T09:00:00+09:00,2027-08-28T09:00:00+09:00,2027-09-11T09:00:00+09:00,onboarding_tasks.csv#TASK_EMP_C0131_03/work_evidence,"{""artifact_id"":""WORK_TASK_EMP_C0131_03"",""evidence_type"":""SYNTHETIC"",""observed_at"":""2027-09-11T09:00:00+09:00"",""performed_action"":""업무 요구에 맞춰 작은 산출물을 만들고 실행/검토 기록을 남겼다."",""revision"":"""",""skill_id"":""M1_SKILL_05"",""task"":""WORK_TASK"",""verification"":""OUTPUT_AND_RECOVERY_CHECKED""}",COMPLETED,true,SYNTHETIC_HUMAN_SCENARIO
TASK_EMP_C0148_01,C0148,EMP_C0148,MONTH_1,ENVIRONMENT_CHECK,M1_SKILL_03,2027-03-15T19:30:00+09:00,2027-04-14T19:30:00+09:00,2027-04-28T19:30:00+09:00,onboarding_tasks.csv#TASK_EMP_C0148_01/work_evidence,"{""artifact_id"":""WORK_TASK_EMP_C0148_01"",""evidence_type"":""SYNTHETIC"",""observed_at"":""2027-04-28T19:30:00+09:00"",""performed_action"":""업무 요구에 맞춰 작은 산출물을 만들고 실행/검토 기록을 남겼다."",""revision"":"""",""skill_id"":""M1_SKILL_03"",""task"":""ENVIRONMENT_CHECK"",""verification"":""CHECK_PENDING""}",COMPLETED,false,SYNTHETIC_HUMAN_SCENARIO
TASK_EMP_C0148_02,C0148,EMP_C0148,MONTH_3,PIPELINE_REVIEW,M1_SKILL_03,2027-03-15T19:30:00+09:00,2027-06-13T19:30:00+09:00,2027-06-13T19:30:00+09:00,onboarding_tasks.csv#TASK_EMP_C0148_02/work_evidence,"{""artifact_id"":""WORK_TASK_EMP_C0148_02"",""evidence_type"":""SYNTHETIC"",""observed_at"":""2027-06-13T19:30:00+09:00"",""performed_action"":""업무 요구에 맞춰 작은 산출물을 만들고 실행/검토 기록을 남겼다."",""revision"":""확인한 예외를 수정 후 재실행했다."",""skill_id"":""M1_SKILL_03"",""task"":""PIPELINE_REVIEW"",""verification"":""OUTPUT_AND_RECOVERY_CHECKED""}",COMPLETED,true,SYNTHETIC_HUMAN_SCENARIO
TASK_EMP_C0148_03,C0148,EMP_C0148,MONTH_6,WORK_TASK,M1_SKILL_03,2027-03-15T19:30:00+09:00,2027-09-11T19:30:00+09:00,2027-09-11T19:30:00+09:00,onboarding_tasks.csv#TASK_EMP_C0148_03/work_evidence,"{""artifact_id"":""WORK_TASK_EMP_C0148_03"",""evidence_type"":""SYNTHETIC"",""observed_at"":""2027-09-11T19:30:00+09:00"",""performed_action"":""업무 요구에 맞춰 작은 산출물을 만들고 실행/검토 기록을 남겼다."",""revision"":"""",""skill_id"":""M1_SKILL_03"",""task"":""WORK_TASK"",""verification"":""OUTPUT_AND_RECOVERY_CHECKED""}",COMPLETED,true,SYNTHETIC_HUMAN_SCENARIO
TASK_EMP_C0148_04,C0148,EMP_C0148,EXTENDED,FOLLOW_UP_WORK,M1_SKILL_03,2027-03-15T19:30:00+09:00,2027-10-11T19:30:00+09:00,2027-10-14T19:30:00+09:00,onboarding_tasks.csv#TASK_EMP_C0148_04/work_evidence,"{""artifact_id"":""WORK_TASK_EMP_C0148_04"",""evidence_type"":""SYNTHETIC"",""observed_at"":""2027-10-14T19:30:00+09:00"",""performed_action"":""업무 요구에 맞춰 작은 산출물을 만들고 실행/검토 기록을 남겼다."",""revision"":""확인한 예외를 수정 후 재실행했다."",""skill_id"":""M1_SKILL_03"",""task"":""FOLLOW_UP_WORK"",""verification"":""OUTPUT_AND_RECOVERY_CHECKED""}",COMPLETED,true,SYNTHETIC_HUMAN_SCENARIO
TASK_EMP_C0194_01,C0194,EMP_C0194,MONTH_1,ENVIRONMENT_CHECK,M1_SKILL_05,2027-03-11T18:10:00+09:00,2027-04-10T18:10:00+09:00,2027-04-17T18:10:00+09:00,onboarding_tasks.csv#TASK_EMP_C0194_01/work_evidence,"{""artifact_id"":""WORK_TASK_EMP_C0194_01"",""evidence_type"":""SYNTHETIC"",""observed_at"":""2027-04-17T18:10:00+09:00"",""performed_action"":""업무 요구에 맞춰 작은 산출물을 만들고 실행/검토 기록을 남겼다."",""revision"":"""",""skill_id"":""M1_SKILL_05"",""task"":""ENVIRONMENT_CHECK"",""verification"":""CHECK_PENDING""}",COMPLETED,false,SYNTHETIC_HUMAN_SCENARIO
TASK_EMP_C0194_02,C0194,EMP_C0194,MONTH_3,PIPELINE_REVIEW,M1_SKILL_05,2027-03-11T18:10:00+09:00,2027-06-09T18:10:00+09:00,2027-06-16T18:10:00+09:00,onboarding_tasks.csv#TASK_EMP_C0194_02/work_evidence,"{""artifact_id"":""WORK_TASK_EMP_C0194_02"",""evidence_type"":""SYNTHETIC"",""observed_at"":""2027-06-16T18:10:00+09:00"",""performed_action"":""업무 요구에 맞춰 작은 산출물을 만들고 실행/검토 기록을 남겼다."",""revision"":"""",""skill_id"":""M1_SKILL_05"",""task"":""PIPELINE_REVIEW"",""verification"":""OUTPUT_AND_RECOVERY_CHECKED""}",COMPLETED,true,SYNTHETIC_HUMAN_SCENARIO
TASK_EMP_C0194_03,C0194,EMP_C0194,MONTH_6,WORK_TASK,M1_SKILL_05,2027-03-11T18:10:00+09:00,2027-09-07T18:10:00+09:00,2027-09-21T18:10:00+09:00,onboarding_tasks.csv#TASK_EMP_C0194_03/work_evidence,"{""artifact_id"":""WORK_TASK_EMP_C0194_03"",""evidence_type"":""SYNTHETIC"",""observed_at"":""2027-09-21T18:10:00+09:00"",""performed_action"":""업무 요구에 맞춰 작은 산출물을 만들고 실행/검토 기록을 남겼다."",""revision"":""확인한 예외를 수정 후 재실행했다."",""skill_id"":""M1_SKILL_05"",""task"":""WORK_TASK"",""verification"":""OUTPUT_AND_RECOVERY_CHECKED""}",COMPLETED,false,SYNTHETIC_HUMAN_SCENARIO
TASK_EMP_C0194_04,C0194,EMP_C0194,EXTENDED,FOLLOW_UP_WORK,M1_SKILL_05,2027-03-11T18:10:00+09:00,2027-10-21T18:10:00+09:00,2027-10-24T18:10:00+09:00,onboarding_tasks.csv#TASK_EMP_C0194_04/work_evidence,"{""artifact_id"":""WORK_TASK_EMP_C0194_04"",""evidence_type"":""SYNTHETIC"",""observed_at"":""2027-10-24T18:10:00+09:00"",""performed_action"":""업무 요구에 맞춰 작은 산출물을 만들고 실행/검토 기록을 남겼다."",""revision"":"""",""skill_id"":""M1_SKILL_05"",""task"":""FOLLOW_UP_WORK"",""verification"":""OUTPUT_AND_RECOVERY_CHECKED""}",COMPLETED,true,SYNTHETIC_HUMAN_SCENARIO
TASK_EMP_C0167_01,C0167,EMP_C0167,MONTH_1,ENVIRONMENT_CHECK,M1_SKILL_03,2027-03-21T17:00:00+09:00,2027-04-20T17:00:00+09:00,2027-04-23T17:00:00+09:00,onboarding_tasks.csv#TASK_EMP_C0167_01/work_evidence,"{""artifact_id"":""WORK_TASK_EMP_C0167_01"",""evidence_type"":""SYNTHETIC"",""observed_at"":""2027-04-23T17:00:00+09:00"",""performed_action"":""업무 요구에 맞춰 작은 산출물을 만들고 실행/검토 기록을 남겼다."",""revision"":"""",""skill_id"":""M1_SKILL_03"",""task"":""ENVIRONMENT_CHECK"",""verification"":""OUTPUT_AND_RECOVERY_CHECKED""}",COMPLETED,false,SYNTHETIC_HUMAN_SCENARIO
TASK_EMP_C0167_02,C0167,EMP_C0167,MONTH_3,PIPELINE_REVIEW,M1_SKILL_03,2027-03-21T17:00:00+09:00,2027-06-19T17:00:00+09:00,2027-07-03T17:00:00+09:00,onboarding_tasks.csv#TASK_EMP_C0167_02/work_evidence,"{""artifact_id"":""WORK_TASK_EMP_C0167_02"",""evidence_type"":""SYNTHETIC"",""observed_at"":""2027-07-03T17:00:00+09:00"",""performed_action"":""업무 요구에 맞춰 작은 산출물을 만들고 실행/검토 기록을 남겼다."",""revision"":"""",""skill_id"":""M1_SKILL_03"",""task"":""PIPELINE_REVIEW"",""verification"":""OUTPUT_AND_RECOVERY_CHECKED""}",COMPLETED,true,SYNTHETIC_HUMAN_SCENARIO
TASK_EMP_C0167_03,C0167,EMP_C0167,MONTH_6,WORK_TASK,M1_SKILL_03,2027-03-21T17:00:00+09:00,2027-09-17T17:00:00+09:00,2027-10-01T17:00:00+09:00,onboarding_tasks.csv#TASK_EMP_C0167_03/work_evidence,"{""artifact_id"":""WORK_TASK_EMP_C0167_03"",""evidence_type"":""SYNTHETIC"",""observed_at"":""2027-10-01T17:00:00+09:00"",""performed_action"":""업무 요구에 맞춰 작은 산출물을 만들고 실행/검토 기록을 남겼다."",""revision"":"""",""skill_id"":""M1_SKILL_03"",""task"":""WORK_TASK"",""verification"":""CHECK_PENDING""}",COMPLETED,false,SYNTHETIC_HUMAN_SCENARIO
TASK_EMP_C0167_04,C0167,EMP_C0167,MONTH_1,ENVIRONMENT_CHECK,M1_SKILL_05,2027-03-21T17:00:00+09:00,2027-04-20T17:00:00+09:00,2027-04-20T17:00:00+09:00,onboarding_tasks.csv#TASK_EMP_C0167_04/work_evidence,"{""artifact_id"":""WORK_TASK_EMP_C0167_04"",""evidence_type"":""SYNTHETIC"",""observed_at"":""2027-04-20T17:00:00+09:00"",""performed_action"":""업무 요구에 맞춰 작은 산출물을 만들고 실행/검토 기록을 남겼다."",""revision"":"""",""skill_id"":""M1_SKILL_05"",""task"":""ENVIRONMENT_CHECK"",""verification"":""CHECK_PENDING""}",COMPLETED,false,SYNTHETIC_HUMAN_SCENARIO
TASK_EMP_C0167_05,C0167,EMP_C0167,MONTH_3,PIPELINE_REVIEW,M1_SKILL_05,2027-03-21T17:00:00+09:00,2027-06-19T17:00:00+09:00,2027-06-19T17:00:00+09:00,onboarding_tasks.csv#TASK_EMP_C0167_05/work_evidence,"{""artifact_id"":""WORK_TASK_EMP_C0167_05"",""evidence_type"":""SYNTHETIC"",""observed_at"":""2027-06-19T17:00:00+09:00"",""performed_action"":""업무 요구에 맞춰 작은 산출물을 만들고 실행/검토 기록을 남겼다."",""revision"":"""",""skill_id"":""M1_SKILL_05"",""task"":""PIPELINE_REVIEW"",""verification"":""CHECK_PENDING""}",COMPLETED,false,SYNTHETIC_HUMAN_SCENARIO
TASK_EMP_C0167_06,C0167,EMP_C0167,MONTH_6,WORK_TASK,M1_SKILL_05,2027-03-21T17:00:00+09:00,2027-09-17T17:00:00+09:00,2027-09-24T17:00:00+09:00,onboarding_tasks.csv#TASK_EMP_C0167_06/work_evidence,"{""artifact_id"":""WORK_TASK_EMP_C0167_06"",""evidence_type"":""SYNTHETIC"",""observed_at"":""2027-09-24T17:00:00+09:00"",""performed_action"":""업무 요구에 맞춰 작은 산출물을 만들고 실행/검토 기록을 남겼다."",""revision"":"""",""skill_id"":""M1_SKILL_05"",""task"":""WORK_TASK"",""verification"":""OUTPUT_AND_RECOVERY_CHECKED""}",COMPLETED,true,SYNTHETIC_HUMAN_SCENARIO
TASK_EMP_C0167_07,C0167,EMP_C0167,MONTH_1,ENVIRONMENT_CHECK,M1_SKILL_06,2027-03-21T17:00:00+09:00,2027-04-20T17:00:00+09:00,2027-04-23T17:00:00+09:00,onboarding_tasks.csv#TASK_EMP_C0167_07/work_evidence,"{""artifact_id"":""WORK_TASK_EMP_C0167_07"",""evidence_type"":""SYNTHETIC"",""observed_at"":""2027-04-23T17:00:00+09:00"",""performed_action"":""업무 요구에 맞춰 작은 산출물을 만들고 실행/검토 기록을 남겼다."",""revision"":""확인한 예외를 수정 후 재실행했다."",""skill_id"":""M1_SKILL_06"",""task"":""ENVIRONMENT_CHECK"",""verification"":""OUTPUT_AND_RECOVERY_CHECKED""}",COMPLETED,true,SYNTHETIC_HUMAN_SCENARIO
TASK_EMP_C0167_08,C0167,EMP_C0167,MONTH_3,PIPELINE_REVIEW,M1_SKILL_06,2027-03-21T17:00:00+09:00,2027-06-19T17:00:00+09:00,2027-06-22T17:00:00+09:00,onboarding_tasks.csv#TASK_EMP_C0167_08/work_evidence,"{""artifact_id"":""WORK_TASK_EMP_C0167_08"",""evidence_type"":""SYNTHETIC"",""observed_at"":""2027-06-22T17:00:00+09:00"",""performed_action"":""업무 요구에 맞춰 작은 산출물을 만들고 실행/검토 기록을 남겼다."",""revision"":""확인한 예외를 수정 후 재실행했다."",""skill_id"":""M1_SKILL_06"",""task"":""PIPELINE_REVIEW"",""verification"":""OUTPUT_AND_RECOVERY_CHECKED""}",COMPLETED,true,SYNTHETIC_HUMAN_SCENARIO
TASK_EMP_C0167_09,C0167,EMP_C0167,MONTH_6,WORK_TASK,M1_SKILL_06,2027-03-21T17:00:00+09:00,2027-09-17T17:00:00+09:00,2027-09-17T17:00:00+09:00,onboarding_tasks.csv#TASK_EMP_C0167_09/work_evidence,"{""artifact_id"":""WORK_TASK_EMP_C0167_09"",""evidence_type"":""SYNTHETIC"",""observed_at"":""2027-09-17T17:00:00+09:00"",""performed_action"":""업무 요구에 맞춰 작은 산출물을 만들고 실행/검토 기록을 남겼다."",""revision"":"""",""skill_id"":""M1_SKILL_06"",""task"":""WORK_TASK"",""verification"":""CHECK_PENDING""}",COMPLETED,false,SYNTHETIC_HUMAN_SCENARIO
TASK_EMP_C0167_10,C0167,EMP_C0167,EXTENDED,FOLLOW_UP_WORK,M1_SKILL_03,2027-03-21T17:00:00+09:00,2027-10-31T17:00:00+09:00,,,,IN_PROGRESS,false,
TASK_EMP_C0167_11,C0167,EMP_C0167,EXTENDED,FOLLOW_UP_WORK,M1_SKILL_05,2027-03-21T17:00:00+09:00,2027-10-31T17:00:00+09:00,,,,IN_PROGRESS,false,
TASK_EMP_C0167_12,C0167,EMP_C0167,EXTENDED,FOLLOW_UP_WORK,M1_SKILL_06,2027-03-21T17:00:00+09:00,2027-10-31T17:00:00+09:00,,,,IN_PROGRESS,false,
TASK_EMP_C0199_01,C0199,EMP_C0199,MONTH_1,ENVIRONMENT_CHECK,M1_SKILL_03,2027-03-14T16:25:00+09:00,2027-04-13T16:25:00+09:00,2027-04-16T16:25:00+09:00,onboarding_tasks.csv#TASK_EMP_C0199_01/work_evidence,"{""artifact_id"":""WORK_TASK_EMP_C0199_01"",""evidence_type"":""SYNTHETIC"",""observed_at"":""2027-04-16T16:25:00+09:00"",""performed_action"":""업무 요구에 맞춰 작은 산출물을 만들고 실행/검토 기록을 남겼다."",""revision"":"""",""skill_id"":""M1_SKILL_03"",""task"":""ENVIRONMENT_CHECK"",""verification"":""OUTPUT_AND_RECOVERY_CHECKED""}",COMPLETED,true,SYNTHETIC_HUMAN_SCENARIO
TASK_EMP_C0199_02,C0199,EMP_C0199,MONTH_3,PIPELINE_REVIEW,M1_SKILL_03,2027-03-14T16:25:00+09:00,2027-06-12T16:25:00+09:00,2027-06-12T16:25:00+09:00,onboarding_tasks.csv#TASK_EMP_C0199_02/work_evidence,"{""artifact_id"":""WORK_TASK_EMP_C0199_02"",""evidence_type"":""SYNTHETIC"",""observed_at"":""2027-06-12T16:25:00+09:00"",""performed_action"":""업무 요구에 맞춰 작은 산출물을 만들고 실행/검토 기록을 남겼다."",""revision"":""확인한 예외를 수정 후 재실행했다."",""skill_id"":""M1_SKILL_03"",""task"":""PIPELINE_REVIEW"",""verification"":""OUTPUT_AND_RECOVERY_CHECKED""}",COMPLETED,false,SYNTHETIC_HUMAN_SCENARIO
TASK_EMP_C0199_03,C0199,EMP_C0199,MONTH_6,WORK_TASK,M1_SKILL_03,2027-03-14T16:25:00+09:00,2027-09-10T16:25:00+09:00,2027-09-10T16:25:00+09:00,onboarding_tasks.csv#TASK_EMP_C0199_03/work_evidence,"{""artifact_id"":""WORK_TASK_EMP_C0199_03"",""evidence_type"":""SYNTHETIC"",""observed_at"":""2027-09-10T16:25:00+09:00"",""performed_action"":""업무 요구에 맞춰 작은 산출물을 만들고 실행/검토 기록을 남겼다."",""revision"":"""",""skill_id"":""M1_SKILL_03"",""task"":""WORK_TASK"",""verification"":""CHECK_PENDING""}",COMPLETED,false,SYNTHETIC_HUMAN_SCENARIO
TASK_EMP_C0199_04,C0199,EMP_C0199,MONTH_1,ENVIRONMENT_CHECK,M1_SKILL_05,2027-03-14T16:25:00+09:00,2027-04-13T16:25:00+09:00,2027-04-16T16:25:00+09:00,onboarding_tasks.csv#TASK_EMP_C0199_04/work_evidence,"{""artifact_id"":""WORK_TASK_EMP_C0199_04"",""evidence_type"":""SYNTHETIC"",""observed_at"":""2027-04-16T16:25:00+09:00"",""performed_action"":""업무 요구에 맞춰 작은 산출물을 만들고 실행/검토 기록을 남겼다."",""revision"":"""",""skill_id"":""M1_SKILL_05"",""task"":""ENVIRONMENT_CHECK"",""verification"":""OUTPUT_AND_RECOVERY_CHECKED""}",COMPLETED,false,SYNTHETIC_HUMAN_SCENARIO
TASK_EMP_C0199_05,C0199,EMP_C0199,MONTH_3,PIPELINE_REVIEW,M1_SKILL_05,2027-03-14T16:25:00+09:00,2027-06-12T16:25:00+09:00,2027-06-19T16:25:00+09:00,onboarding_tasks.csv#TASK_EMP_C0199_05/work_evidence,"{""artifact_id"":""WORK_TASK_EMP_C0199_05"",""evidence_type"":""SYNTHETIC"",""observed_at"":""2027-06-19T16:25:00+09:00"",""performed_action"":""업무 요구에 맞춰 작은 산출물을 만들고 실행/검토 기록을 남겼다."",""revision"":"""",""skill_id"":""M1_SKILL_05"",""task"":""PIPELINE_REVIEW"",""verification"":""OUTPUT_AND_RECOVERY_CHECKED""}",COMPLETED,true,SYNTHETIC_HUMAN_SCENARIO
TASK_EMP_C0199_06,C0199,EMP_C0199,MONTH_6,WORK_TASK,M1_SKILL_05,2027-03-14T16:25:00+09:00,2027-09-10T16:25:00+09:00,2027-09-17T16:25:00+09:00,onboarding_tasks.csv#TASK_EMP_C0199_06/work_evidence,"{""artifact_id"":""WORK_TASK_EMP_C0199_06"",""evidence_type"":""SYNTHETIC"",""observed_at"":""2027-09-17T16:25:00+09:00"",""performed_action"":""업무 요구에 맞춰 작은 산출물을 만들고 실행/검토 기록을 남겼다."",""revision"":"""",""skill_id"":""M1_SKILL_05"",""task"":""WORK_TASK"",""verification"":""CHECK_PENDING""}",COMPLETED,false,SYNTHETIC_HUMAN_SCENARIO
TASK_EMP_C0199_07,C0199,EMP_C0199,EXTENDED,FOLLOW_UP_WORK,M1_SKILL_03,2027-03-14T16:25:00+09:00,2027-10-17T16:25:00+09:00,2027-10-20T16:25:00+09:00,onboarding_tasks.csv#TASK_EMP_C0199_07/work_evidence,"{""artifact_id"":""WORK_TASK_EMP_C0199_07"",""evidence_type"":""SYNTHETIC"",""observed_at"":""2027-10-20T16:25:00+09:00"",""performed_action"":""업무 요구에 맞춰 작은 산출물을 만들고 실행/검토 기록을 남겼다."",""revision"":"""",""skill_id"":""M1_SKILL_03"",""task"":""FOLLOW_UP_WORK"",""verification"":""OUTPUT_AND_RECOVERY_CHECKED""}",COMPLETED,true,SYNTHETIC_HUMAN_SCENARIO
TASK_EMP_C0199_08,C0199,EMP_C0199,EXTENDED,FOLLOW_UP_WORK,M1_SKILL_05,2027-03-14T16:25:00+09:00,2027-10-17T16:25:00+09:00,2027-10-31T16:25:00+09:00,onboarding_tasks.csv#TASK_EMP_C0199_08/work_evidence,"{""artifact_id"":""WORK_TASK_EMP_C0199_08"",""evidence_type"":""SYNTHETIC"",""observed_at"":""2027-10-31T16:25:00+09:00"",""performed_action"":""업무 요구에 맞춰 작은 산출물을 만들고 실행/검토 기록을 남겼다."",""revision"":""확인한 예외를 수정 후 재실행했다."",""skill_id"":""M1_SKILL_05"",""task"":""FOLLOW_UP_WORK"",""verification"":""OUTPUT_AND_RECOVERY_CHECKED""}",COMPLETED,true,SYNTHETIC_HUMAN_SCENARIO
TASK_EMP_C0186_01,C0186,EMP_C0186,MONTH_1,ENVIRONMENT_CHECK,M1_SKILL_03,2027-03-12T13:35:00+09:00,2027-04-11T13:35:00+09:00,2027-04-25T13:35:00+09:00,onboarding_tasks.csv#TASK_EMP_C0186_01/work_evidence,"{""artifact_id"":""WORK_TASK_EMP_C0186_01"",""evidence_type"":""SYNTHETIC"",""observed_at"":""2027-04-25T13:35:00+09:00"",""performed_action"":""업무 요구에 맞춰 작은 산출물을 만들고 실행/검토 기록을 남겼다."",""revision"":"""",""skill_id"":""M1_SKILL_03"",""task"":""ENVIRONMENT_CHECK"",""verification"":""OUTPUT_AND_RECOVERY_CHECKED""}",COMPLETED,false,SYNTHETIC_HUMAN_SCENARIO
TASK_EMP_C0186_02,C0186,EMP_C0186,MONTH_3,PIPELINE_REVIEW,M1_SKILL_03,2027-03-12T13:35:00+09:00,2027-06-10T13:35:00+09:00,2027-06-10T13:35:00+09:00,onboarding_tasks.csv#TASK_EMP_C0186_02/work_evidence,"{""artifact_id"":""WORK_TASK_EMP_C0186_02"",""evidence_type"":""SYNTHETIC"",""observed_at"":""2027-06-10T13:35:00+09:00"",""performed_action"":""업무 요구에 맞춰 작은 산출물을 만들고 실행/검토 기록을 남겼다."",""revision"":""확인한 예외를 수정 후 재실행했다."",""skill_id"":""M1_SKILL_03"",""task"":""PIPELINE_REVIEW"",""verification"":""OUTPUT_AND_RECOVERY_CHECKED""}",COMPLETED,false,SYNTHETIC_HUMAN_SCENARIO
TASK_EMP_C0186_03,C0186,EMP_C0186,MONTH_6,WORK_TASK,M1_SKILL_03,2027-03-12T13:35:00+09:00,2027-09-08T13:35:00+09:00,2027-09-22T13:35:00+09:00,onboarding_tasks.csv#TASK_EMP_C0186_03/work_evidence,"{""artifact_id"":""WORK_TASK_EMP_C0186_03"",""evidence_type"":""SYNTHETIC"",""observed_at"":""2027-09-22T13:35:00+09:00"",""performed_action"":""업무 요구에 맞춰 작은 산출물을 만들고 실행/검토 기록을 남겼다."",""revision"":"""",""skill_id"":""M1_SKILL_03"",""task"":""WORK_TASK"",""verification"":""CHECK_PENDING""}",COMPLETED,false,SYNTHETIC_HUMAN_SCENARIO
TASK_EMP_C0186_04,C0186,EMP_C0186,MONTH_1,ENVIRONMENT_CHECK,M1_SKILL_05,2027-03-12T13:35:00+09:00,2027-04-11T13:35:00+09:00,2027-04-18T13:35:00+09:00,onboarding_tasks.csv#TASK_EMP_C0186_04/work_evidence,"{""artifact_id"":""WORK_TASK_EMP_C0186_04"",""evidence_type"":""SYNTHETIC"",""observed_at"":""2027-04-18T13:35:00+09:00"",""performed_action"":""업무 요구에 맞춰 작은 산출물을 만들고 실행/검토 기록을 남겼다."",""revision"":"""",""skill_id"":""M1_SKILL_05"",""task"":""ENVIRONMENT_CHECK"",""verification"":""CHECK_PENDING""}",COMPLETED,false,SYNTHETIC_HUMAN_SCENARIO
TASK_EMP_C0186_05,C0186,EMP_C0186,MONTH_3,PIPELINE_REVIEW,M1_SKILL_05,2027-03-12T13:35:00+09:00,2027-06-10T13:35:00+09:00,2027-06-17T13:35:00+09:00,onboarding_tasks.csv#TASK_EMP_C0186_05/work_evidence,"{""artifact_id"":""WORK_TASK_EMP_C0186_05"",""evidence_type"":""SYNTHETIC"",""observed_at"":""2027-06-17T13:35:00+09:00"",""performed_action"":""업무 요구에 맞춰 작은 산출물을 만들고 실행/검토 기록을 남겼다."",""revision"":""확인한 예외를 수정 후 재실행했다."",""skill_id"":""M1_SKILL_05"",""task"":""PIPELINE_REVIEW"",""verification"":""OUTPUT_AND_RECOVERY_CHECKED""}",COMPLETED,true,SYNTHETIC_HUMAN_SCENARIO
TASK_EMP_C0186_06,C0186,EMP_C0186,MONTH_6,WORK_TASK,M1_SKILL_05,2027-03-12T13:35:00+09:00,2027-09-08T13:35:00+09:00,2027-09-08T13:35:00+09:00,onboarding_tasks.csv#TASK_EMP_C0186_06/work_evidence,"{""artifact_id"":""WORK_TASK_EMP_C0186_06"",""evidence_type"":""SYNTHETIC"",""observed_at"":""2027-09-08T13:35:00+09:00"",""performed_action"":""업무 요구에 맞춰 작은 산출물을 만들고 실행/검토 기록을 남겼다."",""revision"":"""",""skill_id"":""M1_SKILL_05"",""task"":""WORK_TASK"",""verification"":""OUTPUT_AND_RECOVERY_CHECKED""}",COMPLETED,true,SYNTHETIC_HUMAN_SCENARIO
TASK_EMP_C0186_07,C0186,EMP_C0186,MONTH_1,ENVIRONMENT_CHECK,M1_SKILL_06,2027-03-12T13:35:00+09:00,2027-04-11T13:35:00+09:00,2027-04-11T13:35:00+09:00,onboarding_tasks.csv#TASK_EMP_C0186_07/work_evidence,"{""artifact_id"":""WORK_TASK_EMP_C0186_07"",""evidence_type"":""SYNTHETIC"",""observed_at"":""2027-04-11T13:35:00+09:00"",""performed_action"":""업무 요구에 맞춰 작은 산출물을 만들고 실행/검토 기록을 남겼다."",""revision"":"""",""skill_id"":""M1_SKILL_06"",""task"":""ENVIRONMENT_CHECK"",""verification"":""OUTPUT_AND_RECOVERY_CHECKED""}",COMPLETED,false,SYNTHETIC_HUMAN_SCENARIO
TASK_EMP_C0186_08,C0186,EMP_C0186,MONTH_3,PIPELINE_REVIEW,M1_SKILL_06,2027-03-12T13:35:00+09:00,2027-06-10T13:35:00+09:00,2027-06-17T13:35:00+09:00,onboarding_tasks.csv#TASK_EMP_C0186_08/work_evidence,"{""artifact_id"":""WORK_TASK_EMP_C0186_08"",""evidence_type"":""SYNTHETIC"",""observed_at"":""2027-06-17T13:35:00+09:00"",""performed_action"":""업무 요구에 맞춰 작은 산출물을 만들고 실행/검토 기록을 남겼다."",""revision"":""확인한 예외를 수정 후 재실행했다."",""skill_id"":""M1_SKILL_06"",""task"":""PIPELINE_REVIEW"",""verification"":""OUTPUT_AND_RECOVERY_CHECKED""}",COMPLETED,true,SYNTHETIC_HUMAN_SCENARIO
TASK_EMP_C0186_09,C0186,EMP_C0186,MONTH_6,WORK_TASK,M1_SKILL_06,2027-03-12T13:35:00+09:00,2027-09-08T13:35:00+09:00,2027-09-22T13:35:00+09:00,onboarding_tasks.csv#TASK_EMP_C0186_09/work_evidence,"{""artifact_id"":""WORK_TASK_EMP_C0186_09"",""evidence_type"":""SYNTHETIC"",""observed_at"":""2027-09-22T13:35:00+09:00"",""performed_action"":""업무 요구에 맞춰 작은 산출물을 만들고 실행/검토 기록을 남겼다."",""revision"":"""",""skill_id"":""M1_SKILL_06"",""task"":""WORK_TASK"",""verification"":""CHECK_PENDING""}",COMPLETED,false,SYNTHETIC_HUMAN_SCENARIO
TASK_EMP_C0186_10,C0186,EMP_C0186,EXTENDED,FOLLOW_UP_WORK,M1_SKILL_03,2027-03-12T13:35:00+09:00,2027-10-22T13:35:00+09:00,2027-10-29T13:35:00+09:00,onboarding_tasks.csv#TASK_EMP_C0186_10/work_evidence,"{""artifact_id"":""WORK_TASK_EMP_C0186_10"",""evidence_type"":""SYNTHETIC"",""observed_at"":""2027-10-29T13:35:00+09:00"",""performed_action"":""업무 요구에 맞춰 작은 산출물을 만들고 실행/검토 기록을 남겼다."",""revision"":"""",""skill_id"":""M1_SKILL_03"",""task"":""FOLLOW_UP_WORK"",""verification"":""CHECK_PENDING""}",COMPLETED,false,SYNTHETIC_HUMAN_SCENARIO
TASK_EMP_C0186_11,C0186,EMP_C0186,EXTENDED,FOLLOW_UP_WORK,M1_SKILL_05,2027-03-12T13:35:00+09:00,2027-10-22T13:35:00+09:00,2027-10-22T13:35:00+09:00,onboarding_tasks.csv#TASK_EMP_C0186_11/work_evidence,"{""artifact_id"":""WORK_TASK_EMP_C0186_11"",""evidence_type"":""SYNTHETIC"",""observed_at"":""2027-10-22T13:35:00+09:00"",""performed_action"":""업무 요구에 맞춰 작은 산출물을 만들고 실행/검토 기록을 남겼다."",""revision"":"""",""skill_id"":""M1_SKILL_05"",""task"":""FOLLOW_UP_WORK"",""verification"":""OUTPUT_AND_RECOVERY_CHECKED""}",COMPLETED,true,SYNTHETIC_HUMAN_SCENARIO
TASK_EMP_C0186_12,C0186,EMP_C0186,EXTENDED,FOLLOW_UP_WORK,M1_SKILL_06,2027-03-12T13:35:00+09:00,2027-10-22T13:35:00+09:00,2027-10-29T13:35:00+09:00,onboarding_tasks.csv#TASK_EMP_C0186_12/work_evidence,"{""artifact_id"":""WORK_TASK_EMP_C0186_12"",""evidence_type"":""SYNTHETIC"",""observed_at"":""2027-10-29T13:35:00+09:00"",""performed_action"":""업무 요구에 맞춰 작은 산출물을 만들고 실행/검토 기록을 남겼다."",""revision"":"""",""skill_id"":""M1_SKILL_06"",""task"":""FOLLOW_UP_WORK"",""verification"":""OUTPUT_AND_RECOVERY_CHECKED""}",COMPLETED,true,SYNTHETIC_HUMAN_SCENARIO
TASK_EMP_C0173_01,C0173,EMP_C0173,MONTH_1,ENVIRONMENT_CHECK,M1_SKILL_03,2027-03-09T19:50:00+09:00,2027-04-08T19:50:00+09:00,2027-04-22T19:50:00+09:00,onboarding_tasks.csv#TASK_EMP_C0173_01/work_evidence,"{""artifact_id"":""WORK_TASK_EMP_C0173_01"",""evidence_type"":""SYNTHETIC"",""observed_at"":""2027-04-22T19:50:00+09:00"",""performed_action"":""업무 요구에 맞춰 작은 산출물을 만들고 실행/검토 기록을 남겼다."",""revision"":""확인한 예외를 수정 후 재실행했다."",""skill_id"":""M1_SKILL_03"",""task"":""ENVIRONMENT_CHECK"",""verification"":""OUTPUT_AND_RECOVERY_CHECKED""}",COMPLETED,true,SYNTHETIC_HUMAN_SCENARIO
TASK_EMP_C0173_02,C0173,EMP_C0173,MONTH_3,PIPELINE_REVIEW,M1_SKILL_03,2027-03-09T19:50:00+09:00,2027-06-07T19:50:00+09:00,2027-06-14T19:50:00+09:00,onboarding_tasks.csv#TASK_EMP_C0173_02/work_evidence,"{""artifact_id"":""WORK_TASK_EMP_C0173_02"",""evidence_type"":""SYNTHETIC"",""observed_at"":""2027-06-14T19:50:00+09:00"",""performed_action"":""업무 요구에 맞춰 작은 산출물을 만들고 실행/검토 기록을 남겼다."",""revision"":"""",""skill_id"":""M1_SKILL_03"",""task"":""PIPELINE_REVIEW"",""verification"":""OUTPUT_AND_RECOVERY_CHECKED""}",COMPLETED,true,SYNTHETIC_HUMAN_SCENARIO
TASK_EMP_C0173_03,C0173,EMP_C0173,MONTH_6,WORK_TASK,M1_SKILL_03,2027-03-09T19:50:00+09:00,2027-09-05T19:50:00+09:00,2027-09-05T19:50:00+09:00,onboarding_tasks.csv#TASK_EMP_C0173_03/work_evidence,"{""artifact_id"":""WORK_TASK_EMP_C0173_03"",""evidence_type"":""SYNTHETIC"",""observed_at"":""2027-09-05T19:50:00+09:00"",""performed_action"":""업무 요구에 맞춰 작은 산출물을 만들고 실행/검토 기록을 남겼다."",""revision"":"""",""skill_id"":""M1_SKILL_03"",""task"":""WORK_TASK"",""verification"":""OUTPUT_AND_RECOVERY_CHECKED""}",COMPLETED,true,SYNTHETIC_HUMAN_SCENARIO
TASK_EMP_C0173_04,C0173,EMP_C0173,MONTH_1,ENVIRONMENT_CHECK,M1_SKILL_05,2027-03-09T19:50:00+09:00,2027-04-08T19:50:00+09:00,2027-04-15T19:50:00+09:00,onboarding_tasks.csv#TASK_EMP_C0173_04/work_evidence,"{""artifact_id"":""WORK_TASK_EMP_C0173_04"",""evidence_type"":""SYNTHETIC"",""observed_at"":""2027-04-15T19:50:00+09:00"",""performed_action"":""업무 요구에 맞춰 작은 산출물을 만들고 실행/검토 기록을 남겼다."",""revision"":"""",""skill_id"":""M1_SKILL_05"",""task"":""ENVIRONMENT_CHECK"",""verification"":""CHECK_PENDING""}",COMPLETED,false,SYNTHETIC_HUMAN_SCENARIO
TASK_EMP_C0173_05,C0173,EMP_C0173,MONTH_3,PIPELINE_REVIEW,M1_SKILL_05,2027-03-09T19:50:00+09:00,2027-06-07T19:50:00+09:00,2027-06-14T19:50:00+09:00,onboarding_tasks.csv#TASK_EMP_C0173_05/work_evidence,"{""artifact_id"":""WORK_TASK_EMP_C0173_05"",""evidence_type"":""SYNTHETIC"",""observed_at"":""2027-06-14T19:50:00+09:00"",""performed_action"":""업무 요구에 맞춰 작은 산출물을 만들고 실행/검토 기록을 남겼다."",""revision"":""확인한 예외를 수정 후 재실행했다."",""skill_id"":""M1_SKILL_05"",""task"":""PIPELINE_REVIEW"",""verification"":""OUTPUT_AND_RECOVERY_CHECKED""}",COMPLETED,true,SYNTHETIC_HUMAN_SCENARIO
TASK_EMP_C0173_06,C0173,EMP_C0173,MONTH_6,WORK_TASK,M1_SKILL_05,2027-03-09T19:50:00+09:00,2027-09-05T19:50:00+09:00,2027-09-12T19:50:00+09:00,onboarding_tasks.csv#TASK_EMP_C0173_06/work_evidence,"{""artifact_id"":""WORK_TASK_EMP_C0173_06"",""evidence_type"":""SYNTHETIC"",""observed_at"":""2027-09-12T19:50:00+09:00"",""performed_action"":""업무 요구에 맞춰 작은 산출물을 만들고 실행/검토 기록을 남겼다."",""revision"":"""",""skill_id"":""M1_SKILL_05"",""task"":""WORK_TASK"",""verification"":""OUTPUT_AND_RECOVERY_CHECKED""}",COMPLETED,true,SYNTHETIC_HUMAN_SCENARIO
TASK_EMP_C0173_07,C0173,EMP_C0173,EXTENDED,FOLLOW_UP_WORK,M1_SKILL_05,2027-03-09T19:50:00+09:00,2027-10-12T19:50:00+09:00,2027-10-12T19:50:00+09:00,onboarding_tasks.csv#TASK_EMP_C0173_07/work_evidence,"{""artifact_id"":""WORK_TASK_EMP_C0173_07"",""evidence_type"":""SYNTHETIC"",""observed_at"":""2027-10-12T19:50:00+09:00"",""performed_action"":""업무 요구에 맞춰 작은 산출물을 만들고 실행/검토 기록을 남겼다."",""revision"":"""",""skill_id"":""M1_SKILL_05"",""task"":""FOLLOW_UP_WORK"",""verification"":""CHECK_PENDING""}",COMPLETED,false,SYNTHETIC_HUMAN_SCENARIO
TASK_EMP_C0181_01,C0181,EMP_C0181,MONTH_1,ENVIRONMENT_CHECK,M1_SKILL_03,2027-03-22T12:00:00+09:00,2027-04-21T12:00:00+09:00,2027-04-24T12:00:00+09:00,onboarding_tasks.csv#TASK_EMP_C0181_01/work_evidence,"{""artifact_id"":""WORK_TASK_EMP_C0181_01"",""evidence_type"":""SYNTHETIC"",""observed_at"":""2027-04-24T12:00:00+09:00"",""performed_action"":""업무 요구에 맞춰 작은 산출물을 만들고 실행/검토 기록을 남겼다."",""revision"":"""",""skill_id"":""M1_SKILL_03"",""task"":""ENVIRONMENT_CHECK"",""verification"":""OUTPUT_AND_RECOVERY_CHECKED""}",COMPLETED,false,SYNTHETIC_HUMAN_SCENARIO
TASK_EMP_C0181_02,C0181,EMP_C0181,MONTH_3,PIPELINE_REVIEW,M1_SKILL_03,2027-03-22T12:00:00+09:00,2027-06-20T12:00:00+09:00,2027-06-27T12:00:00+09:00,onboarding_tasks.csv#TASK_EMP_C0181_02/work_evidence,"{""artifact_id"":""WORK_TASK_EMP_C0181_02"",""evidence_type"":""SYNTHETIC"",""observed_at"":""2027-06-27T12:00:00+09:00"",""performed_action"":""업무 요구에 맞춰 작은 산출물을 만들고 실행/검토 기록을 남겼다."",""revision"":"""",""skill_id"":""M1_SKILL_03"",""task"":""PIPELINE_REVIEW"",""verification"":""OUTPUT_AND_RECOVERY_CHECKED""}",COMPLETED,true,SYNTHETIC_HUMAN_SCENARIO
TASK_EMP_C0181_03,C0181,EMP_C0181,MONTH_6,WORK_TASK,M1_SKILL_03,2027-03-22T12:00:00+09:00,2027-09-18T12:00:00+09:00,2027-09-18T12:00:00+09:00,onboarding_tasks.csv#TASK_EMP_C0181_03/work_evidence,"{""artifact_id"":""WORK_TASK_EMP_C0181_03"",""evidence_type"":""SYNTHETIC"",""observed_at"":""2027-09-18T12:00:00+09:00"",""performed_action"":""업무 요구에 맞춰 작은 산출물을 만들고 실행/검토 기록을 남겼다."",""revision"":"""",""skill_id"":""M1_SKILL_03"",""task"":""WORK_TASK"",""verification"":""OUTPUT_AND_RECOVERY_CHECKED""}",COMPLETED,true,SYNTHETIC_HUMAN_SCENARIO
TASK_EMP_C0181_04,C0181,EMP_C0181,EXTENDED,FOLLOW_UP_WORK,M1_SKILL_03,2027-03-22T12:00:00+09:00,2027-10-18T12:00:00+09:00,2027-10-18T12:00:00+09:00,onboarding_tasks.csv#TASK_EMP_C0181_04/work_evidence,"{""artifact_id"":""WORK_TASK_EMP_C0181_04"",""evidence_type"":""SYNTHETIC"",""observed_at"":""2027-10-18T12:00:00+09:00"",""performed_action"":""업무 요구에 맞춰 작은 산출물을 만들고 실행/검토 기록을 남겼다."",""revision"":"""",""skill_id"":""M1_SKILL_03"",""task"":""FOLLOW_UP_WORK"",""verification"":""OUTPUT_AND_RECOVERY_CHECKED""}",COMPLETED,true,SYNTHETIC_HUMAN_SCENARIO
TASK_EMP_C0202_01,C0202,EMP_C0202,MONTH_1,ENVIRONMENT_CHECK,M1_SKILL_06,2027-03-17T13:40:00+09:00,2027-04-16T13:40:00+09:00,2027-04-19T13:40:00+09:00,onboarding_tasks.csv#TASK_EMP_C0202_01/work_evidence,"{""artifact_id"":""WORK_TASK_EMP_C0202_01"",""evidence_type"":""SYNTHETIC"",""observed_at"":""2027-04-19T13:40:00+09:00"",""performed_action"":""업무 요구에 맞춰 작은 산출물을 만들고 실행/검토 기록을 남겼다."",""revision"":"""",""skill_id"":""M1_SKILL_06"",""task"":""ENVIRONMENT_CHECK"",""verification"":""CHECK_PENDING""}",COMPLETED,false,SYNTHETIC_HUMAN_SCENARIO
TASK_EMP_C0202_02,C0202,EMP_C0202,MONTH_3,PIPELINE_REVIEW,M1_SKILL_06,2027-03-17T13:40:00+09:00,2027-06-15T13:40:00+09:00,2027-06-18T13:40:00+09:00,onboarding_tasks.csv#TASK_EMP_C0202_02/work_evidence,"{""artifact_id"":""WORK_TASK_EMP_C0202_02"",""evidence_type"":""SYNTHETIC"",""observed_at"":""2027-06-18T13:40:00+09:00"",""performed_action"":""업무 요구에 맞춰 작은 산출물을 만들고 실행/검토 기록을 남겼다."",""revision"":"""",""skill_id"":""M1_SKILL_06"",""task"":""PIPELINE_REVIEW"",""verification"":""CHECK_PENDING""}",COMPLETED,false,SYNTHETIC_HUMAN_SCENARIO
TASK_EMP_C0202_03,C0202,EMP_C0202,MONTH_6,WORK_TASK,M1_SKILL_06,2027-03-17T13:40:00+09:00,2027-09-13T13:40:00+09:00,2027-09-16T13:40:00+09:00,onboarding_tasks.csv#TASK_EMP_C0202_03/work_evidence,"{""artifact_id"":""WORK_TASK_EMP_C0202_03"",""evidence_type"":""SYNTHETIC"",""observed_at"":""2027-09-16T13:40:00+09:00"",""performed_action"":""업무 요구에 맞춰 작은 산출물을 만들고 실행/검토 기록을 남겼다."",""revision"":""확인한 예외를 수정 후 재실행했다."",""skill_id"":""M1_SKILL_06"",""task"":""WORK_TASK"",""verification"":""OUTPUT_AND_RECOVERY_CHECKED""}",COMPLETED,true,SYNTHETIC_HUMAN_SCENARIO
TASK_EMP_C0202_04,C0202,EMP_C0202,EXTENDED,FOLLOW_UP_WORK,M1_SKILL_06,2027-03-17T13:40:00+09:00,2027-10-16T13:40:00+09:00,2027-10-19T13:40:00+09:00,onboarding_tasks.csv#TASK_EMP_C0202_04/work_evidence,"{""artifact_id"":""WORK_TASK_EMP_C0202_04"",""evidence_type"":""SYNTHETIC"",""observed_at"":""2027-10-19T13:40:00+09:00"",""performed_action"":""업무 요구에 맞춰 작은 산출물을 만들고 실행/검토 기록을 남겼다."",""revision"":""확인한 예외를 수정 후 재실행했다."",""skill_id"":""M1_SKILL_06"",""task"":""FOLLOW_UP_WORK"",""verification"":""OUTPUT_AND_RECOVERY_CHECKED""}",COMPLETED,true,SYNTHETIC_HUMAN_SCENARIO
TASK_EMP_C0166_01,C0166,EMP_C0166,MONTH_1,ENVIRONMENT_CHECK,M1_SKILL_05,2027-03-19T11:55:00+09:00,2027-04-18T11:55:00+09:00,2027-04-18T11:55:00+09:00,onboarding_tasks.csv#TASK_EMP_C0166_01/work_evidence,"{""artifact_id"":""WORK_TASK_EMP_C0166_01"",""evidence_type"":""SYNTHETIC"",""observed_at"":""2027-04-18T11:55:00+09:00"",""performed_action"":""업무 요구에 맞춰 작은 산출물을 만들고 실행/검토 기록을 남겼다."",""revision"":"""",""skill_id"":""M1_SKILL_05"",""task"":""ENVIRONMENT_CHECK"",""verification"":""OUTPUT_AND_RECOVERY_CHECKED""}",COMPLETED,true,SYNTHETIC_HUMAN_SCENARIO
TASK_EMP_C0166_02,C0166,EMP_C0166,MONTH_3,PIPELINE_REVIEW,M1_SKILL_05,2027-03-19T11:55:00+09:00,2027-06-17T11:55:00+09:00,2027-06-17T11:55:00+09:00,onboarding_tasks.csv#TASK_EMP_C0166_02/work_evidence,"{""artifact_id"":""WORK_TASK_EMP_C0166_02"",""evidence_type"":""SYNTHETIC"",""observed_at"":""2027-06-17T11:55:00+09:00"",""performed_action"":""업무 요구에 맞춰 작은 산출물을 만들고 실행/검토 기록을 남겼다."",""revision"":"""",""skill_id"":""M1_SKILL_05"",""task"":""PIPELINE_REVIEW"",""verification"":""CHECK_PENDING""}",COMPLETED,false,SYNTHETIC_HUMAN_SCENARIO
TASK_EMP_C0166_03,C0166,EMP_C0166,MONTH_6,WORK_TASK,M1_SKILL_05,2027-03-19T11:55:00+09:00,2027-09-15T11:55:00+09:00,2027-09-29T11:55:00+09:00,onboarding_tasks.csv#TASK_EMP_C0166_03/work_evidence,"{""artifact_id"":""WORK_TASK_EMP_C0166_03"",""evidence_type"":""SYNTHETIC"",""observed_at"":""2027-09-29T11:55:00+09:00"",""performed_action"":""업무 요구에 맞춰 작은 산출물을 만들고 실행/검토 기록을 남겼다."",""revision"":"""",""skill_id"":""M1_SKILL_05"",""task"":""WORK_TASK"",""verification"":""CHECK_PENDING""}",COMPLETED,false,SYNTHETIC_HUMAN_SCENARIO
TASK_EMP_C0166_04,C0166,EMP_C0166,MONTH_1,ENVIRONMENT_CHECK,M1_SKILL_06,2027-03-19T11:55:00+09:00,2027-04-18T11:55:00+09:00,2027-04-21T11:55:00+09:00,onboarding_tasks.csv#TASK_EMP_C0166_04/work_evidence,"{""artifact_id"":""WORK_TASK_EMP_C0166_04"",""evidence_type"":""SYNTHETIC"",""observed_at"":""2027-04-21T11:55:00+09:00"",""performed_action"":""업무 요구에 맞춰 작은 산출물을 만들고 실행/검토 기록을 남겼다."",""revision"":"""",""skill_id"":""M1_SKILL_06"",""task"":""ENVIRONMENT_CHECK"",""verification"":""OUTPUT_AND_RECOVERY_CHECKED""}",COMPLETED,true,SYNTHETIC_HUMAN_SCENARIO
TASK_EMP_C0166_05,C0166,EMP_C0166,MONTH_3,PIPELINE_REVIEW,M1_SKILL_06,2027-03-19T11:55:00+09:00,2027-06-17T11:55:00+09:00,2027-07-01T11:55:00+09:00,onboarding_tasks.csv#TASK_EMP_C0166_05/work_evidence,"{""artifact_id"":""WORK_TASK_EMP_C0166_05"",""evidence_type"":""SYNTHETIC"",""observed_at"":""2027-07-01T11:55:00+09:00"",""performed_action"":""업무 요구에 맞춰 작은 산출물을 만들고 실행/검토 기록을 남겼다."",""revision"":""확인한 예외를 수정 후 재실행했다."",""skill_id"":""M1_SKILL_06"",""task"":""PIPELINE_REVIEW"",""verification"":""OUTPUT_AND_RECOVERY_CHECKED""}",COMPLETED,false,SYNTHETIC_HUMAN_SCENARIO
TASK_EMP_C0166_06,C0166,EMP_C0166,MONTH_6,WORK_TASK,M1_SKILL_06,2027-03-19T11:55:00+09:00,2027-09-15T11:55:00+09:00,2027-09-18T11:55:00+09:00,onboarding_tasks.csv#TASK_EMP_C0166_06/work_evidence,"{""artifact_id"":""WORK_TASK_EMP_C0166_06"",""evidence_type"":""SYNTHETIC"",""observed_at"":""2027-09-18T11:55:00+09:00"",""performed_action"":""업무 요구에 맞춰 작은 산출물을 만들고 실행/검토 기록을 남겼다."",""revision"":"""",""skill_id"":""M1_SKILL_06"",""task"":""WORK_TASK"",""verification"":""CHECK_PENDING""}",COMPLETED,false,SYNTHETIC_HUMAN_SCENARIO
TASK_EMP_C0166_07,C0166,EMP_C0166,EXTENDED,FOLLOW_UP_WORK,M1_SKILL_05,2027-03-19T11:55:00+09:00,2027-10-29T11:55:00+09:00,2027-10-29T11:55:00+09:00,onboarding_tasks.csv#TASK_EMP_C0166_07/work_evidence,"{""artifact_id"":""WORK_TASK_EMP_C0166_07"",""evidence_type"":""SYNTHETIC"",""observed_at"":""2027-10-29T11:55:00+09:00"",""performed_action"":""업무 요구에 맞춰 작은 산출물을 만들고 실행/검토 기록을 남겼다."",""revision"":"""",""skill_id"":""M1_SKILL_05"",""task"":""FOLLOW_UP_WORK"",""verification"":""OUTPUT_AND_RECOVERY_CHECKED""}",COMPLETED,true,SYNTHETIC_HUMAN_SCENARIO
TASK_EMP_C0166_08,C0166,EMP_C0166,EXTENDED,FOLLOW_UP_WORK,M1_SKILL_06,2027-03-19T11:55:00+09:00,2027-10-29T11:55:00+09:00,,,,IN_PROGRESS,false,
TASK_EMP_C0225_01,C0225,EMP_C0225,MONTH_1,ENVIRONMENT_CHECK,M1_SKILL_06,2027-03-10T13:50:00+09:00,2027-04-09T13:50:00+09:00,2027-04-16T13:50:00+09:00,onboarding_tasks.csv#TASK_EMP_C0225_01/work_evidence,"{""artifact_id"":""WORK_TASK_EMP_C0225_01"",""evidence_type"":""SYNTHETIC"",""observed_at"":""2027-04-16T13:50:00+09:00"",""performed_action"":""업무 요구에 맞춰 작은 산출물을 만들고 실행/검토 기록을 남겼다."",""revision"":"""",""skill_id"":""M1_SKILL_06"",""task"":""ENVIRONMENT_CHECK"",""verification"":""CHECK_PENDING""}",COMPLETED,false,SYNTHETIC_HUMAN_SCENARIO
TASK_EMP_C0225_02,C0225,EMP_C0225,MONTH_3,PIPELINE_REVIEW,M1_SKILL_06,2027-03-10T13:50:00+09:00,2027-06-08T13:50:00+09:00,2027-06-11T13:50:00+09:00,onboarding_tasks.csv#TASK_EMP_C0225_02/work_evidence,"{""artifact_id"":""WORK_TASK_EMP_C0225_02"",""evidence_type"":""SYNTHETIC"",""observed_at"":""2027-06-11T13:50:00+09:00"",""performed_action"":""업무 요구에 맞춰 작은 산출물을 만들고 실행/검토 기록을 남겼다."",""revision"":""확인한 예외를 수정 후 재실행했다."",""skill_id"":""M1_SKILL_06"",""task"":""PIPELINE_REVIEW"",""verification"":""OUTPUT_AND_RECOVERY_CHECKED""}",COMPLETED,true,SYNTHETIC_HUMAN_SCENARIO
TASK_EMP_C0225_03,C0225,EMP_C0225,MONTH_6,WORK_TASK,M1_SKILL_06,2027-03-10T13:50:00+09:00,2027-09-06T13:50:00+09:00,2027-09-09T13:50:00+09:00,onboarding_tasks.csv#TASK_EMP_C0225_03/work_evidence,"{""artifact_id"":""WORK_TASK_EMP_C0225_03"",""evidence_type"":""SYNTHETIC"",""observed_at"":""2027-09-09T13:50:00+09:00"",""performed_action"":""업무 요구에 맞춰 작은 산출물을 만들고 실행/검토 기록을 남겼다."",""revision"":"""",""skill_id"":""M1_SKILL_06"",""task"":""WORK_TASK"",""verification"":""OUTPUT_AND_RECOVERY_CHECKED""}",COMPLETED,true,SYNTHETIC_HUMAN_SCENARIO
TASK_EMP_C0225_04,C0225,EMP_C0225,EXTENDED,FOLLOW_UP_WORK,M1_SKILL_06,2027-03-10T13:50:00+09:00,2027-10-09T13:50:00+09:00,2027-10-12T13:50:00+09:00,onboarding_tasks.csv#TASK_EMP_C0225_04/work_evidence,"{""artifact_id"":""WORK_TASK_EMP_C0225_04"",""evidence_type"":""SYNTHETIC"",""observed_at"":""2027-10-12T13:50:00+09:00"",""performed_action"":""업무 요구에 맞춰 작은 산출물을 만들고 실행/검토 기록을 남겼다."",""revision"":"""",""skill_id"":""M1_SKILL_06"",""task"":""FOLLOW_UP_WORK"",""verification"":""OUTPUT_AND_RECOVERY_CHECKED""}",COMPLETED,true,SYNTHETIC_HUMAN_SCENARIO
TASK_EMP_C0182_01,C0182,EMP_C0182,MONTH_1,ENVIRONMENT_CHECK,M1_SKILL_06,2027-03-12T14:05:00+09:00,2027-04-11T14:05:00+09:00,2027-04-14T14:05:00+09:00,onboarding_tasks.csv#TASK_EMP_C0182_01/work_evidence,"{""artifact_id"":""WORK_TASK_EMP_C0182_01"",""evidence_type"":""SYNTHETIC"",""observed_at"":""2027-04-14T14:05:00+09:00"",""performed_action"":""업무 요구에 맞춰 작은 산출물을 만들고 실행/검토 기록을 남겼다."",""revision"":""확인한 예외를 수정 후 재실행했다."",""skill_id"":""M1_SKILL_06"",""task"":""ENVIRONMENT_CHECK"",""verification"":""OUTPUT_AND_RECOVERY_CHECKED""}",COMPLETED,true,SYNTHETIC_HUMAN_SCENARIO
TASK_EMP_C0182_02,C0182,EMP_C0182,MONTH_3,PIPELINE_REVIEW,M1_SKILL_06,2027-03-12T14:05:00+09:00,2027-06-10T14:05:00+09:00,2027-06-13T14:05:00+09:00,onboarding_tasks.csv#TASK_EMP_C0182_02/work_evidence,"{""artifact_id"":""WORK_TASK_EMP_C0182_02"",""evidence_type"":""SYNTHETIC"",""observed_at"":""2027-06-13T14:05:00+09:00"",""performed_action"":""업무 요구에 맞춰 작은 산출물을 만들고 실행/검토 기록을 남겼다."",""revision"":"""",""skill_id"":""M1_SKILL_06"",""task"":""PIPELINE_REVIEW"",""verification"":""OUTPUT_AND_RECOVERY_CHECKED""}",COMPLETED,true,SYNTHETIC_HUMAN_SCENARIO
TASK_EMP_C0182_03,C0182,EMP_C0182,MONTH_6,WORK_TASK,M1_SKILL_06,2027-03-12T14:05:00+09:00,2027-09-08T14:05:00+09:00,2027-09-15T14:05:00+09:00,onboarding_tasks.csv#TASK_EMP_C0182_03/work_evidence,"{""artifact_id"":""WORK_TASK_EMP_C0182_03"",""evidence_type"":""SYNTHETIC"",""observed_at"":""2027-09-15T14:05:00+09:00"",""performed_action"":""업무 요구에 맞춰 작은 산출물을 만들고 실행/검토 기록을 남겼다."",""revision"":""확인한 예외를 수정 후 재실행했다."",""skill_id"":""M1_SKILL_06"",""task"":""WORK_TASK"",""verification"":""OUTPUT_AND_RECOVERY_CHECKED""}",COMPLETED,false,SYNTHETIC_HUMAN_SCENARIO
TASK_EMP_C0182_04,C0182,EMP_C0182,EXTENDED,FOLLOW_UP_WORK,M1_SKILL_06,2027-03-12T14:05:00+09:00,2027-10-15T14:05:00+09:00,2027-10-29T14:05:00+09:00,onboarding_tasks.csv#TASK_EMP_C0182_04/work_evidence,"{""artifact_id"":""WORK_TASK_EMP_C0182_04"",""evidence_type"":""SYNTHETIC"",""observed_at"":""2027-10-29T14:05:00+09:00"",""performed_action"":""업무 요구에 맞춰 작은 산출물을 만들고 실행/검토 기록을 남겼다."",""revision"":"""",""skill_id"":""M1_SKILL_06"",""task"":""FOLLOW_UP_WORK"",""verification"":""OUTPUT_AND_RECOVERY_CHECKED""}",COMPLETED,true,SYNTHETIC_HUMAN_SCENARIO
TASK_EMP_C0209_01,C0209,EMP_C0209,MONTH_1,ENVIRONMENT_CHECK,M1_SKILL_03,2027-03-17T12:50:00+09:00,2027-04-16T12:50:00+09:00,2027-04-23T12:50:00+09:00,onboarding_tasks.csv#TASK_EMP_C0209_01/work_evidence,"{""artifact_id"":""WORK_TASK_EMP_C0209_01"",""evidence_type"":""SYNTHETIC"",""observed_at"":""2027-04-23T12:50:00+09:00"",""performed_action"":""업무 요구에 맞춰 작은 산출물을 만들고 실행/검토 기록을 남겼다."",""revision"":""확인한 예외를 수정 후 재실행했다."",""skill_id"":""M1_SKILL_03"",""task"":""ENVIRONMENT_CHECK"",""verification"":""OUTPUT_AND_RECOVERY_CHECKED""}",COMPLETED,true,SYNTHETIC_HUMAN_SCENARIO
TASK_EMP_C0209_02,C0209,EMP_C0209,MONTH_3,PIPELINE_REVIEW,M1_SKILL_03,2027-03-17T12:50:00+09:00,2027-06-15T12:50:00+09:00,2027-06-18T12:50:00+09:00,onboarding_tasks.csv#TASK_EMP_C0209_02/work_evidence,"{""artifact_id"":""WORK_TASK_EMP_C0209_02"",""evidence_type"":""SYNTHETIC"",""observed_at"":""2027-06-18T12:50:00+09:00"",""performed_action"":""업무 요구에 맞춰 작은 산출물을 만들고 실행/검토 기록을 남겼다."",""revision"":"""",""skill_id"":""M1_SKILL_03"",""task"":""PIPELINE_REVIEW"",""verification"":""CHECK_PENDING""}",COMPLETED,false,SYNTHETIC_HUMAN_SCENARIO
TASK_EMP_C0209_03,C0209,EMP_C0209,MONTH_6,WORK_TASK,M1_SKILL_03,2027-03-17T12:50:00+09:00,2027-09-13T12:50:00+09:00,2027-09-20T12:50:00+09:00,onboarding_tasks.csv#TASK_EMP_C0209_03/work_evidence,"{""artifact_id"":""WORK_TASK_EMP_C0209_03"",""evidence_type"":""SYNTHETIC"",""observed_at"":""2027-09-20T12:50:00+09:00"",""performed_action"":""업무 요구에 맞춰 작은 산출물을 만들고 실행/검토 기록을 남겼다."",""revision"":""확인한 예외를 수정 후 재실행했다."",""skill_id"":""M1_SKILL_03"",""task"":""WORK_TASK"",""verification"":""OUTPUT_AND_RECOVERY_CHECKED""}",COMPLETED,true,SYNTHETIC_HUMAN_SCENARIO
TASK_EMP_C0209_04,C0209,EMP_C0209,EXTENDED,FOLLOW_UP_WORK,M1_SKILL_03,2027-03-17T12:50:00+09:00,2027-10-20T12:50:00+09:00,2027-10-20T12:50:00+09:00,onboarding_tasks.csv#TASK_EMP_C0209_04/work_evidence,"{""artifact_id"":""WORK_TASK_EMP_C0209_04"",""evidence_type"":""SYNTHETIC"",""observed_at"":""2027-10-20T12:50:00+09:00"",""performed_action"":""업무 요구에 맞춰 작은 산출물을 만들고 실행/검토 기록을 남겼다."",""revision"":"""",""skill_id"":""M1_SKILL_03"",""task"":""FOLLOW_UP_WORK"",""verification"":""OUTPUT_AND_RECOVERY_CHECKED""}",COMPLETED,true,SYNTHETIC_HUMAN_SCENARIO
TASK_EMP_C0235_01,C0235,EMP_C0235,MONTH_1,ENVIRONMENT_CHECK,M1_SKILL_06,2027-03-20T14:05:00+09:00,2027-04-19T14:05:00+09:00,2027-04-19T14:05:00+09:00,onboarding_tasks.csv#TASK_EMP_C0235_01/work_evidence,"{""artifact_id"":""WORK_TASK_EMP_C0235_01"",""evidence_type"":""SYNTHETIC"",""observed_at"":""2027-04-19T14:05:00+09:00"",""performed_action"":""업무 요구에 맞춰 작은 산출물을 만들고 실행/검토 기록을 남겼다."",""revision"":"""",""skill_id"":""M1_SKILL_06"",""task"":""ENVIRONMENT_CHECK"",""verification"":""CHECK_PENDING""}",COMPLETED,false,SYNTHETIC_HUMAN_SCENARIO
TASK_EMP_C0235_02,C0235,EMP_C0235,MONTH_3,PIPELINE_REVIEW,M1_SKILL_06,2027-03-20T14:05:00+09:00,2027-06-18T14:05:00+09:00,2027-07-02T14:05:00+09:00,onboarding_tasks.csv#TASK_EMP_C0235_02/work_evidence,"{""artifact_id"":""WORK_TASK_EMP_C0235_02"",""evidence_type"":""SYNTHETIC"",""observed_at"":""2027-07-02T14:05:00+09:00"",""performed_action"":""업무 요구에 맞춰 작은 산출물을 만들고 실행/검토 기록을 남겼다."",""revision"":"""",""skill_id"":""M1_SKILL_06"",""task"":""PIPELINE_REVIEW"",""verification"":""OUTPUT_AND_RECOVERY_CHECKED""}",COMPLETED,true,SYNTHETIC_HUMAN_SCENARIO
TASK_EMP_C0235_03,C0235,EMP_C0235,MONTH_6,WORK_TASK,M1_SKILL_06,2027-03-20T14:05:00+09:00,2027-09-16T14:05:00+09:00,2027-09-19T14:05:00+09:00,onboarding_tasks.csv#TASK_EMP_C0235_03/work_evidence,"{""artifact_id"":""WORK_TASK_EMP_C0235_03"",""evidence_type"":""SYNTHETIC"",""observed_at"":""2027-09-19T14:05:00+09:00"",""performed_action"":""업무 요구에 맞춰 작은 산출물을 만들고 실행/검토 기록을 남겼다."",""revision"":"""",""skill_id"":""M1_SKILL_06"",""task"":""WORK_TASK"",""verification"":""OUTPUT_AND_RECOVERY_CHECKED""}",COMPLETED,false,SYNTHETIC_HUMAN_SCENARIO
TASK_EMP_C0235_04,C0235,EMP_C0235,EXTENDED,FOLLOW_UP_WORK,M1_SKILL_06,2027-03-20T14:05:00+09:00,2027-10-19T14:05:00+09:00,2027-10-19T14:05:00+09:00,onboarding_tasks.csv#TASK_EMP_C0235_04/work_evidence,"{""artifact_id"":""WORK_TASK_EMP_C0235_04"",""evidence_type"":""SYNTHETIC"",""observed_at"":""2027-10-19T14:05:00+09:00"",""performed_action"":""업무 요구에 맞춰 작은 산출물을 만들고 실행/검토 기록을 남겼다."",""revision"":""확인한 예외를 수정 후 재실행했다."",""skill_id"":""M1_SKILL_06"",""task"":""FOLLOW_UP_WORK"",""verification"":""OUTPUT_AND_RECOVERY_CHECKED""}",COMPLETED,true,SYNTHETIC_HUMAN_SCENARIO
TASK_EMP_C0196_01,C0196,EMP_C0196,MONTH_1,ENVIRONMENT_CHECK,M1_SKILL_05,2027-03-19T11:55:00+09:00,2027-04-18T11:55:00+09:00,2027-04-21T11:55:00+09:00,onboarding_tasks.csv#TASK_EMP_C0196_01/work_evidence,"{""artifact_id"":""WORK_TASK_EMP_C0196_01"",""evidence_type"":""SYNTHETIC"",""observed_at"":""2027-04-21T11:55:00+09:00"",""performed_action"":""업무 요구에 맞춰 작은 산출물을 만들고 실행/검토 기록을 남겼다."",""revision"":"""",""skill_id"":""M1_SKILL_05"",""task"":""ENVIRONMENT_CHECK"",""verification"":""OUTPUT_AND_RECOVERY_CHECKED""}",COMPLETED,true,SYNTHETIC_HUMAN_SCENARIO
TASK_EMP_C0196_02,C0196,EMP_C0196,MONTH_3,PIPELINE_REVIEW,M1_SKILL_05,2027-03-19T11:55:00+09:00,2027-06-17T11:55:00+09:00,2027-06-20T11:55:00+09:00,onboarding_tasks.csv#TASK_EMP_C0196_02/work_evidence,"{""artifact_id"":""WORK_TASK_EMP_C0196_02"",""evidence_type"":""SYNTHETIC"",""observed_at"":""2027-06-20T11:55:00+09:00"",""performed_action"":""업무 요구에 맞춰 작은 산출물을 만들고 실행/검토 기록을 남겼다."",""revision"":""확인한 예외를 수정 후 재실행했다."",""skill_id"":""M1_SKILL_05"",""task"":""PIPELINE_REVIEW"",""verification"":""OUTPUT_AND_RECOVERY_CHECKED""}",COMPLETED,true,SYNTHETIC_HUMAN_SCENARIO
TASK_EMP_C0196_03,C0196,EMP_C0196,MONTH_6,WORK_TASK,M1_SKILL_05,2027-03-19T11:55:00+09:00,2027-09-15T11:55:00+09:00,2027-09-15T11:55:00+09:00,onboarding_tasks.csv#TASK_EMP_C0196_03/work_evidence,"{""artifact_id"":""WORK_TASK_EMP_C0196_03"",""evidence_type"":""SYNTHETIC"",""observed_at"":""2027-09-15T11:55:00+09:00"",""performed_action"":""업무 요구에 맞춰 작은 산출물을 만들고 실행/검토 기록을 남겼다."",""revision"":"""",""skill_id"":""M1_SKILL_05"",""task"":""WORK_TASK"",""verification"":""OUTPUT_AND_RECOVERY_CHECKED""}",COMPLETED,true,SYNTHETIC_HUMAN_SCENARIO
TASK_EMP_C0196_04,C0196,EMP_C0196,MONTH_1,ENVIRONMENT_CHECK,M1_SKILL_06,2027-03-19T11:55:00+09:00,2027-04-18T11:55:00+09:00,2027-04-25T11:55:00+09:00,onboarding_tasks.csv#TASK_EMP_C0196_04/work_evidence,"{""artifact_id"":""WORK_TASK_EMP_C0196_04"",""evidence_type"":""SYNTHETIC"",""observed_at"":""2027-04-25T11:55:00+09:00"",""performed_action"":""업무 요구에 맞춰 작은 산출물을 만들고 실행/검토 기록을 남겼다."",""revision"":"""",""skill_id"":""M1_SKILL_06"",""task"":""ENVIRONMENT_CHECK"",""verification"":""OUTPUT_AND_RECOVERY_CHECKED""}",COMPLETED,true,SYNTHETIC_HUMAN_SCENARIO
TASK_EMP_C0196_05,C0196,EMP_C0196,MONTH_3,PIPELINE_REVIEW,M1_SKILL_06,2027-03-19T11:55:00+09:00,2027-06-17T11:55:00+09:00,2027-06-17T11:55:00+09:00,onboarding_tasks.csv#TASK_EMP_C0196_05/work_evidence,"{""artifact_id"":""WORK_TASK_EMP_C0196_05"",""evidence_type"":""SYNTHETIC"",""observed_at"":""2027-06-17T11:55:00+09:00"",""performed_action"":""업무 요구에 맞춰 작은 산출물을 만들고 실행/검토 기록을 남겼다."",""revision"":"""",""skill_id"":""M1_SKILL_06"",""task"":""PIPELINE_REVIEW"",""verification"":""CHECK_PENDING""}",COMPLETED,false,SYNTHETIC_HUMAN_SCENARIO
TASK_EMP_C0196_06,C0196,EMP_C0196,MONTH_6,WORK_TASK,M1_SKILL_06,2027-03-19T11:55:00+09:00,2027-09-15T11:55:00+09:00,2027-09-15T11:55:00+09:00,onboarding_tasks.csv#TASK_EMP_C0196_06/work_evidence,"{""artifact_id"":""WORK_TASK_EMP_C0196_06"",""evidence_type"":""SYNTHETIC"",""observed_at"":""2027-09-15T11:55:00+09:00"",""performed_action"":""업무 요구에 맞춰 작은 산출물을 만들고 실행/검토 기록을 남겼다."",""revision"":""확인한 예외를 수정 후 재실행했다."",""skill_id"":""M1_SKILL_06"",""task"":""WORK_TASK"",""verification"":""OUTPUT_AND_RECOVERY_CHECKED""}",COMPLETED,true,SYNTHETIC_HUMAN_SCENARIO
TASK_EMP_C0196_07,C0196,EMP_C0196,EXTENDED,FOLLOW_UP_WORK,M1_SKILL_06,2027-03-19T11:55:00+09:00,2027-10-15T11:55:00+09:00,2027-10-18T11:55:00+09:00,onboarding_tasks.csv#TASK_EMP_C0196_07/work_evidence,"{""artifact_id"":""WORK_TASK_EMP_C0196_07"",""evidence_type"":""SYNTHETIC"",""observed_at"":""2027-10-18T11:55:00+09:00"",""performed_action"":""업무 요구에 맞춰 작은 산출물을 만들고 실행/검토 기록을 남겼다."",""revision"":"""",""skill_id"":""M1_SKILL_06"",""task"":""FOLLOW_UP_WORK"",""verification"":""OUTPUT_AND_RECOVERY_CHECKED""}",COMPLETED,true,SYNTHETIC_HUMAN_SCENARIO
TASK_EMP_C0210_01,C0210,EMP_C0210,MONTH_1,ENVIRONMENT_CHECK,M1_SKILL_03,2027-03-21T14:05:00+09:00,2027-04-20T14:05:00+09:00,2027-04-27T14:05:00+09:00,onboarding_tasks.csv#TASK_EMP_C0210_01/work_evidence,"{""artifact_id"":""WORK_TASK_EMP_C0210_01"",""evidence_type"":""SYNTHETIC"",""observed_at"":""2027-04-27T14:05:00+09:00"",""performed_action"":""업무 요구에 맞춰 작은 산출물을 만들고 실행/검토 기록을 남겼다."",""revision"":"""",""skill_id"":""M1_SKILL_03"",""task"":""ENVIRONMENT_CHECK"",""verification"":""OUTPUT_AND_RECOVERY_CHECKED""}",COMPLETED,false,SYNTHETIC_HUMAN_SCENARIO
TASK_EMP_C0210_02,C0210,EMP_C0210,MONTH_3,PIPELINE_REVIEW,M1_SKILL_03,2027-03-21T14:05:00+09:00,2027-06-19T14:05:00+09:00,2027-06-26T14:05:00+09:00,onboarding_tasks.csv#TASK_EMP_C0210_02/work_evidence,"{""artifact_id"":""WORK_TASK_EMP_C0210_02"",""evidence_type"":""SYNTHETIC"",""observed_at"":""2027-06-26T14:05:00+09:00"",""performed_action"":""업무 요구에 맞춰 작은 산출물을 만들고 실행/검토 기록을 남겼다."",""revision"":"""",""skill_id"":""M1_SKILL_03"",""task"":""PIPELINE_REVIEW"",""verification"":""OUTPUT_AND_RECOVERY_CHECKED""}",COMPLETED,true,SYNTHETIC_HUMAN_SCENARIO
TASK_EMP_C0210_03,C0210,EMP_C0210,MONTH_6,WORK_TASK,M1_SKILL_03,2027-03-21T14:05:00+09:00,2027-09-17T14:05:00+09:00,2027-10-01T14:05:00+09:00,onboarding_tasks.csv#TASK_EMP_C0210_03/work_evidence,"{""artifact_id"":""WORK_TASK_EMP_C0210_03"",""evidence_type"":""SYNTHETIC"",""observed_at"":""2027-10-01T14:05:00+09:00"",""performed_action"":""업무 요구에 맞춰 작은 산출물을 만들고 실행/검토 기록을 남겼다."",""revision"":""확인한 예외를 수정 후 재실행했다."",""skill_id"":""M1_SKILL_03"",""task"":""WORK_TASK"",""verification"":""OUTPUT_AND_RECOVERY_CHECKED""}",COMPLETED,true,SYNTHETIC_HUMAN_SCENARIO
TASK_EMP_C0210_04,C0210,EMP_C0210,MONTH_1,ENVIRONMENT_CHECK,M1_SKILL_05,2027-03-21T14:05:00+09:00,2027-04-20T14:05:00+09:00,2027-05-04T14:05:00+09:00,onboarding_tasks.csv#TASK_EMP_C0210_04/work_evidence,"{""artifact_id"":""WORK_TASK_EMP_C0210_04"",""evidence_type"":""SYNTHETIC"",""observed_at"":""2027-05-04T14:05:00+09:00"",""performed_action"":""업무 요구에 맞춰 작은 산출물을 만들고 실행/검토 기록을 남겼다."",""revision"":"""",""skill_id"":""M1_SKILL_05"",""task"":""ENVIRONMENT_CHECK"",""verification"":""OUTPUT_AND_RECOVERY_CHECKED""}",COMPLETED,true,SYNTHETIC_HUMAN_SCENARIO
TASK_EMP_C0210_05,C0210,EMP_C0210,MONTH_3,PIPELINE_REVIEW,M1_SKILL_05,2027-03-21T14:05:00+09:00,2027-06-19T14:05:00+09:00,2027-06-19T14:05:00+09:00,onboarding_tasks.csv#TASK_EMP_C0210_05/work_evidence,"{""artifact_id"":""WORK_TASK_EMP_C0210_05"",""evidence_type"":""SYNTHETIC"",""observed_at"":""2027-06-19T14:05:00+09:00"",""performed_action"":""업무 요구에 맞춰 작은 산출물을 만들고 실행/검토 기록을 남겼다."",""revision"":"""",""skill_id"":""M1_SKILL_05"",""task"":""PIPELINE_REVIEW"",""verification"":""OUTPUT_AND_RECOVERY_CHECKED""}",COMPLETED,false,SYNTHETIC_HUMAN_SCENARIO
TASK_EMP_C0210_06,C0210,EMP_C0210,MONTH_6,WORK_TASK,M1_SKILL_05,2027-03-21T14:05:00+09:00,2027-09-17T14:05:00+09:00,2027-10-01T14:05:00+09:00,onboarding_tasks.csv#TASK_EMP_C0210_06/work_evidence,"{""artifact_id"":""WORK_TASK_EMP_C0210_06"",""evidence_type"":""SYNTHETIC"",""observed_at"":""2027-10-01T14:05:00+09:00"",""performed_action"":""업무 요구에 맞춰 작은 산출물을 만들고 실행/검토 기록을 남겼다."",""revision"":"""",""skill_id"":""M1_SKILL_05"",""task"":""WORK_TASK"",""verification"":""OUTPUT_AND_RECOVERY_CHECKED""}",COMPLETED,false,SYNTHETIC_HUMAN_SCENARIO
TASK_EMP_C0210_07,C0210,EMP_C0210,MONTH_1,ENVIRONMENT_CHECK,M1_SKILL_06,2027-03-21T14:05:00+09:00,2027-04-20T14:05:00+09:00,2027-04-27T14:05:00+09:00,onboarding_tasks.csv#TASK_EMP_C0210_07/work_evidence,"{""artifact_id"":""WORK_TASK_EMP_C0210_07"",""evidence_type"":""SYNTHETIC"",""observed_at"":""2027-04-27T14:05:00+09:00"",""performed_action"":""업무 요구에 맞춰 작은 산출물을 만들고 실행/검토 기록을 남겼다."",""revision"":"""",""skill_id"":""M1_SKILL_06"",""task"":""ENVIRONMENT_CHECK"",""verification"":""CHECK_PENDING""}",COMPLETED,false,SYNTHETIC_HUMAN_SCENARIO
TASK_EMP_C0210_08,C0210,EMP_C0210,MONTH_3,PIPELINE_REVIEW,M1_SKILL_06,2027-03-21T14:05:00+09:00,2027-06-19T14:05:00+09:00,2027-06-22T14:05:00+09:00,onboarding_tasks.csv#TASK_EMP_C0210_08/work_evidence,"{""artifact_id"":""WORK_TASK_EMP_C0210_08"",""evidence_type"":""SYNTHETIC"",""observed_at"":""2027-06-22T14:05:00+09:00"",""performed_action"":""업무 요구에 맞춰 작은 산출물을 만들고 실행/검토 기록을 남겼다."",""revision"":"""",""skill_id"":""M1_SKILL_06"",""task"":""PIPELINE_REVIEW"",""verification"":""CHECK_PENDING""}",COMPLETED,false,SYNTHETIC_HUMAN_SCENARIO
TASK_EMP_C0210_09,C0210,EMP_C0210,MONTH_6,WORK_TASK,M1_SKILL_06,2027-03-21T14:05:00+09:00,2027-09-17T14:05:00+09:00,2027-09-24T14:05:00+09:00,onboarding_tasks.csv#TASK_EMP_C0210_09/work_evidence,"{""artifact_id"":""WORK_TASK_EMP_C0210_09"",""evidence_type"":""SYNTHETIC"",""observed_at"":""2027-09-24T14:05:00+09:00"",""performed_action"":""업무 요구에 맞춰 작은 산출물을 만들고 실행/검토 기록을 남겼다."",""revision"":""확인한 예외를 수정 후 재실행했다."",""skill_id"":""M1_SKILL_06"",""task"":""WORK_TASK"",""verification"":""OUTPUT_AND_RECOVERY_CHECKED""}",COMPLETED,false,SYNTHETIC_HUMAN_SCENARIO
TASK_EMP_C0210_10,C0210,EMP_C0210,EXTENDED,FOLLOW_UP_WORK,M1_SKILL_03,2027-03-21T14:05:00+09:00,2027-10-31T14:05:00+09:00,2027-10-31T14:05:00+09:00,onboarding_tasks.csv#TASK_EMP_C0210_10/work_evidence,"{""artifact_id"":""WORK_TASK_EMP_C0210_10"",""evidence_type"":""SYNTHETIC"",""observed_at"":""2027-10-31T14:05:00+09:00"",""performed_action"":""업무 요구에 맞춰 작은 산출물을 만들고 실행/검토 기록을 남겼다."",""revision"":"""",""skill_id"":""M1_SKILL_03"",""task"":""FOLLOW_UP_WORK"",""verification"":""OUTPUT_AND_RECOVERY_CHECKED""}",COMPLETED,false,SYNTHETIC_HUMAN_SCENARIO
TASK_EMP_C0210_11,C0210,EMP_C0210,EXTENDED,FOLLOW_UP_WORK,M1_SKILL_05,2027-03-21T14:05:00+09:00,2027-10-31T14:05:00+09:00,2027-10-31T14:05:00+09:00,onboarding_tasks.csv#TASK_EMP_C0210_11/work_evidence,"{""artifact_id"":""WORK_TASK_EMP_C0210_11"",""evidence_type"":""SYNTHETIC"",""observed_at"":""2027-10-31T14:05:00+09:00"",""performed_action"":""업무 요구에 맞춰 작은 산출물을 만들고 실행/검토 기록을 남겼다."",""revision"":"""",""skill_id"":""M1_SKILL_05"",""task"":""FOLLOW_UP_WORK"",""verification"":""OUTPUT_AND_RECOVERY_CHECKED""}",COMPLETED,false,SYNTHETIC_HUMAN_SCENARIO
TASK_EMP_C0210_12,C0210,EMP_C0210,EXTENDED,FOLLOW_UP_WORK,M1_SKILL_06,2027-03-21T14:05:00+09:00,2027-10-31T14:05:00+09:00,,,,IN_PROGRESS,false,
TASK_EMP_C0220_01,C0220,EMP_C0220,MONTH_1,ENVIRONMENT_CHECK,M1_SKILL_03,2027-04-06T16:50:00+09:00,2027-05-06T16:50:00+09:00,2027-05-06T16:50:00+09:00,onboarding_tasks.csv#TASK_EMP_C0220_01/work_evidence,"{""artifact_id"":""WORK_TASK_EMP_C0220_01"",""evidence_type"":""SYNTHETIC"",""observed_at"":""2027-05-06T16:50:00+09:00"",""performed_action"":""업무 요구에 맞춰 작은 산출물을 만들고 실행/검토 기록을 남겼다."",""revision"":"""",""skill_id"":""M1_SKILL_03"",""task"":""ENVIRONMENT_CHECK"",""verification"":""OUTPUT_AND_RECOVERY_CHECKED""}",COMPLETED,true,SYNTHETIC_HUMAN_SCENARIO
TASK_EMP_C0220_02,C0220,EMP_C0220,MONTH_3,PIPELINE_REVIEW,M1_SKILL_03,2027-04-06T16:50:00+09:00,2027-07-05T16:50:00+09:00,2027-07-19T16:50:00+09:00,onboarding_tasks.csv#TASK_EMP_C0220_02/work_evidence,"{""artifact_id"":""WORK_TASK_EMP_C0220_02"",""evidence_type"":""SYNTHETIC"",""observed_at"":""2027-07-19T16:50:00+09:00"",""performed_action"":""업무 요구에 맞춰 작은 산출물을 만들고 실행/검토 기록을 남겼다."",""revision"":""확인한 예외를 수정 후 재실행했다."",""skill_id"":""M1_SKILL_03"",""task"":""PIPELINE_REVIEW"",""verification"":""OUTPUT_AND_RECOVERY_CHECKED""}",COMPLETED,true,SYNTHETIC_HUMAN_SCENARIO
TASK_EMP_C0220_03,C0220,EMP_C0220,MONTH_6,WORK_TASK,M1_SKILL_03,2027-04-06T16:50:00+09:00,2027-10-03T16:50:00+09:00,2027-10-03T16:50:00+09:00,onboarding_tasks.csv#TASK_EMP_C0220_03/work_evidence,"{""artifact_id"":""WORK_TASK_EMP_C0220_03"",""evidence_type"":""SYNTHETIC"",""observed_at"":""2027-10-03T16:50:00+09:00"",""performed_action"":""업무 요구에 맞춰 작은 산출물을 만들고 실행/검토 기록을 남겼다."",""revision"":""확인한 예외를 수정 후 재실행했다."",""skill_id"":""M1_SKILL_03"",""task"":""WORK_TASK"",""verification"":""OUTPUT_AND_RECOVERY_CHECKED""}",COMPLETED,true,SYNTHETIC_HUMAN_SCENARIO
TASK_EMP_C0205_01,C0205,EMP_C0205,MONTH_1,ENVIRONMENT_CHECK,,2027-03-18T13:15:00+09:00,2027-04-17T13:15:00+09:00,2027-05-01T13:15:00+09:00,onboarding_tasks.csv#TASK_EMP_C0205_01/work_evidence,"{""artifact_id"":""WORK_TASK_EMP_C0205_01"",""evidence_type"":""SYNTHETIC"",""observed_at"":""2027-05-01T13:15:00+09:00"",""performed_action"":""업무 요구에 맞춰 작은 산출물을 만들고 실행/검토 기록을 남겼다."",""revision"":""확인한 예외를 수정 후 재실행했다."",""skill_id"":"""",""task"":""ENVIRONMENT_CHECK"",""verification"":""OUTPUT_AND_RECOVERY_CHECKED""}",COMPLETED,true,SYNTHETIC_HUMAN_SCENARIO
TASK_EMP_C0205_02,C0205,EMP_C0205,MONTH_3,PIPELINE_REVIEW,,2027-03-18T13:15:00+09:00,2027-06-16T13:15:00+09:00,2027-06-16T13:15:00+09:00,onboarding_tasks.csv#TASK_EMP_C0205_02/work_evidence,"{""artifact_id"":""WORK_TASK_EMP_C0205_02"",""evidence_type"":""SYNTHETIC"",""observed_at"":""2027-06-16T13:15:00+09:00"",""performed_action"":""업무 요구에 맞춰 작은 산출물을 만들고 실행/검토 기록을 남겼다."",""revision"":"""",""skill_id"":"""",""task"":""PIPELINE_REVIEW"",""verification"":""OUTPUT_AND_RECOVERY_CHECKED""}",COMPLETED,true,SYNTHETIC_HUMAN_SCENARIO
TASK_EMP_C0205_03,C0205,EMP_C0205,MONTH_6,WORK_TASK,,2027-03-18T13:15:00+09:00,2027-09-14T13:15:00+09:00,2027-09-14T13:15:00+09:00,onboarding_tasks.csv#TASK_EMP_C0205_03/work_evidence,"{""artifact_id"":""WORK_TASK_EMP_C0205_03"",""evidence_type"":""SYNTHETIC"",""observed_at"":""2027-09-14T13:15:00+09:00"",""performed_action"":""업무 요구에 맞춰 작은 산출물을 만들고 실행/검토 기록을 남겼다."",""revision"":"""",""skill_id"":"""",""task"":""WORK_TASK"",""verification"":""OUTPUT_AND_RECOVERY_CHECKED""}",COMPLETED,true,SYNTHETIC_HUMAN_SCENARIO
TASK_EMP_C0243_01,C0243,EMP_C0243,MONTH_1,ENVIRONMENT_CHECK,M1_SKILL_03,2027-03-22T15:50:00+09:00,2027-04-21T15:50:00+09:00,2027-05-05T15:50:00+09:00,onboarding_tasks.csv#TASK_EMP_C0243_01/work_evidence,"{""artifact_id"":""WORK_TASK_EMP_C0243_01"",""evidence_type"":""SYNTHETIC"",""observed_at"":""2027-05-05T15:50:00+09:00"",""performed_action"":""업무 요구에 맞춰 작은 산출물을 만들고 실행/검토 기록을 남겼다."",""revision"":"""",""skill_id"":""M1_SKILL_03"",""task"":""ENVIRONMENT_CHECK"",""verification"":""OUTPUT_AND_RECOVERY_CHECKED""}",COMPLETED,true,SYNTHETIC_HUMAN_SCENARIO
TASK_EMP_C0243_02,C0243,EMP_C0243,MONTH_3,PIPELINE_REVIEW,M1_SKILL_03,2027-03-22T15:50:00+09:00,2027-06-20T15:50:00+09:00,2027-07-04T15:50:00+09:00,onboarding_tasks.csv#TASK_EMP_C0243_02/work_evidence,"{""artifact_id"":""WORK_TASK_EMP_C0243_02"",""evidence_type"":""SYNTHETIC"",""observed_at"":""2027-07-04T15:50:00+09:00"",""performed_action"":""업무 요구에 맞춰 작은 산출물을 만들고 실행/검토 기록을 남겼다."",""revision"":"""",""skill_id"":""M1_SKILL_03"",""task"":""PIPELINE_REVIEW"",""verification"":""OUTPUT_AND_RECOVERY_CHECKED""}",COMPLETED,false,SYNTHETIC_HUMAN_SCENARIO
TASK_EMP_C0243_03,C0243,EMP_C0243,MONTH_6,WORK_TASK,M1_SKILL_03,2027-03-22T15:50:00+09:00,2027-09-18T15:50:00+09:00,2027-10-02T15:50:00+09:00,onboarding_tasks.csv#TASK_EMP_C0243_03/work_evidence,"{""artifact_id"":""WORK_TASK_EMP_C0243_03"",""evidence_type"":""SYNTHETIC"",""observed_at"":""2027-10-02T15:50:00+09:00"",""performed_action"":""업무 요구에 맞춰 작은 산출물을 만들고 실행/검토 기록을 남겼다."",""revision"":"""",""skill_id"":""M1_SKILL_03"",""task"":""WORK_TASK"",""verification"":""CHECK_PENDING""}",COMPLETED,false,SYNTHETIC_HUMAN_SCENARIO
TASK_EMP_C0243_04,C0243,EMP_C0243,MONTH_1,ENVIRONMENT_CHECK,M1_SKILL_05,2027-03-22T15:50:00+09:00,2027-04-21T15:50:00+09:00,2027-04-21T15:50:00+09:00,onboarding_tasks.csv#TASK_EMP_C0243_04/work_evidence,"{""artifact_id"":""WORK_TASK_EMP_C0243_04"",""evidence_type"":""SYNTHETIC"",""observed_at"":""2027-04-21T15:50:00+09:00"",""performed_action"":""업무 요구에 맞춰 작은 산출물을 만들고 실행/검토 기록을 남겼다."",""revision"":""확인한 예외를 수정 후 재실행했다."",""skill_id"":""M1_SKILL_05"",""task"":""ENVIRONMENT_CHECK"",""verification"":""OUTPUT_AND_RECOVERY_CHECKED""}",COMPLETED,true,SYNTHETIC_HUMAN_SCENARIO
TASK_EMP_C0243_05,C0243,EMP_C0243,MONTH_3,PIPELINE_REVIEW,M1_SKILL_05,2027-03-22T15:50:00+09:00,2027-06-20T15:50:00+09:00,2027-07-04T15:50:00+09:00,onboarding_tasks.csv#TASK_EMP_C0243_05/work_evidence,"{""artifact_id"":""WORK_TASK_EMP_C0243_05"",""evidence_type"":""SYNTHETIC"",""observed_at"":""2027-07-04T15:50:00+09:00"",""performed_action"":""업무 요구에 맞춰 작은 산출물을 만들고 실행/검토 기록을 남겼다."",""revision"":"""",""skill_id"":""M1_SKILL_05"",""task"":""PIPELINE_REVIEW"",""verification"":""CHECK_PENDING""}",COMPLETED,false,SYNTHETIC_HUMAN_SCENARIO
TASK_EMP_C0243_06,C0243,EMP_C0243,MONTH_6,WORK_TASK,M1_SKILL_05,2027-03-22T15:50:00+09:00,2027-09-18T15:50:00+09:00,2027-09-25T15:50:00+09:00,onboarding_tasks.csv#TASK_EMP_C0243_06/work_evidence,"{""artifact_id"":""WORK_TASK_EMP_C0243_06"",""evidence_type"":""SYNTHETIC"",""observed_at"":""2027-09-25T15:50:00+09:00"",""performed_action"":""업무 요구에 맞춰 작은 산출물을 만들고 실행/검토 기록을 남겼다."",""revision"":"""",""skill_id"":""M1_SKILL_05"",""task"":""WORK_TASK"",""verification"":""OUTPUT_AND_RECOVERY_CHECKED""}",COMPLETED,true,SYNTHETIC_HUMAN_SCENARIO
TASK_EMP_C0243_07,C0243,EMP_C0243,EXTENDED,FOLLOW_UP_WORK,M1_SKILL_03,2027-03-22T15:50:00+09:00,,,,,PLANNED,false,
TASK_EMP_C0243_08,C0243,EMP_C0243,EXTENDED,FOLLOW_UP_WORK,M1_SKILL_05,2027-03-22T15:50:00+09:00,,,,,PLANNED,false,
TASK_EMP_C0254_01,C0254,EMP_C0254,MONTH_1,ENVIRONMENT_CHECK,M1_SKILL_03,2027-03-23T14:35:00+09:00,2027-04-22T14:35:00+09:00,2027-04-22T14:35:00+09:00,onboarding_tasks.csv#TASK_EMP_C0254_01/work_evidence,"{""artifact_id"":""WORK_TASK_EMP_C0254_01"",""evidence_type"":""SYNTHETIC"",""observed_at"":""2027-04-22T14:35:00+09:00"",""performed_action"":""업무 요구에 맞춰 작은 산출물을 만들고 실행/검토 기록을 남겼다."",""revision"":"""",""skill_id"":""M1_SKILL_03"",""task"":""ENVIRONMENT_CHECK"",""verification"":""CHECK_PENDING""}",COMPLETED,false,SYNTHETIC_HUMAN_SCENARIO
TASK_EMP_C0254_02,C0254,EMP_C0254,MONTH_3,PIPELINE_REVIEW,M1_SKILL_03,2027-03-23T14:35:00+09:00,2027-06-21T14:35:00+09:00,2027-06-21T14:35:00+09:00,onboarding_tasks.csv#TASK_EMP_C0254_02/work_evidence,"{""artifact_id"":""WORK_TASK_EMP_C0254_02"",""evidence_type"":""SYNTHETIC"",""observed_at"":""2027-06-21T14:35:00+09:00"",""performed_action"":""업무 요구에 맞춰 작은 산출물을 만들고 실행/검토 기록을 남겼다."",""revision"":"""",""skill_id"":""M1_SKILL_03"",""task"":""PIPELINE_REVIEW"",""verification"":""OUTPUT_AND_RECOVERY_CHECKED""}",COMPLETED,true,SYNTHETIC_HUMAN_SCENARIO
TASK_EMP_C0254_03,C0254,EMP_C0254,MONTH_6,WORK_TASK,M1_SKILL_03,2027-03-23T14:35:00+09:00,2027-09-19T14:35:00+09:00,2027-09-26T14:35:00+09:00,onboarding_tasks.csv#TASK_EMP_C0254_03/work_evidence,"{""artifact_id"":""WORK_TASK_EMP_C0254_03"",""evidence_type"":""SYNTHETIC"",""observed_at"":""2027-09-26T14:35:00+09:00"",""performed_action"":""업무 요구에 맞춰 작은 산출물을 만들고 실행/검토 기록을 남겼다."",""revision"":""확인한 예외를 수정 후 재실행했다."",""skill_id"":""M1_SKILL_03"",""task"":""WORK_TASK"",""verification"":""OUTPUT_AND_RECOVERY_CHECKED""}",COMPLETED,true,SYNTHETIC_HUMAN_SCENARIO
TASK_EMP_C0254_04,C0254,EMP_C0254,MONTH_1,ENVIRONMENT_CHECK,M1_SKILL_05,2027-03-23T14:35:00+09:00,2027-04-22T14:35:00+09:00,2027-04-29T14:35:00+09:00,onboarding_tasks.csv#TASK_EMP_C0254_04/work_evidence,"{""artifact_id"":""WORK_TASK_EMP_C0254_04"",""evidence_type"":""SYNTHETIC"",""observed_at"":""2027-04-29T14:35:00+09:00"",""performed_action"":""업무 요구에 맞춰 작은 산출물을 만들고 실행/검토 기록을 남겼다."",""revision"":"""",""skill_id"":""M1_SKILL_05"",""task"":""ENVIRONMENT_CHECK"",""verification"":""OUTPUT_AND_RECOVERY_CHECKED""}",COMPLETED,true,SYNTHETIC_HUMAN_SCENARIO
TASK_EMP_C0254_05,C0254,EMP_C0254,MONTH_3,PIPELINE_REVIEW,M1_SKILL_05,2027-03-23T14:35:00+09:00,2027-06-21T14:35:00+09:00,2027-07-05T14:35:00+09:00,onboarding_tasks.csv#TASK_EMP_C0254_05/work_evidence,"{""artifact_id"":""WORK_TASK_EMP_C0254_05"",""evidence_type"":""SYNTHETIC"",""observed_at"":""2027-07-05T14:35:00+09:00"",""performed_action"":""업무 요구에 맞춰 작은 산출물을 만들고 실행/검토 기록을 남겼다."",""revision"":"""",""skill_id"":""M1_SKILL_05"",""task"":""PIPELINE_REVIEW"",""verification"":""OUTPUT_AND_RECOVERY_CHECKED""}",COMPLETED,true,SYNTHETIC_HUMAN_SCENARIO
TASK_EMP_C0254_06,C0254,EMP_C0254,MONTH_6,WORK_TASK,M1_SKILL_05,2027-03-23T14:35:00+09:00,2027-09-19T14:35:00+09:00,2027-09-26T14:35:00+09:00,onboarding_tasks.csv#TASK_EMP_C0254_06/work_evidence,"{""artifact_id"":""WORK_TASK_EMP_C0254_06"",""evidence_type"":""SYNTHETIC"",""observed_at"":""2027-09-26T14:35:00+09:00"",""performed_action"":""업무 요구에 맞춰 작은 산출물을 만들고 실행/검토 기록을 남겼다."",""revision"":"""",""skill_id"":""M1_SKILL_05"",""task"":""WORK_TASK"",""verification"":""OUTPUT_AND_RECOVERY_CHECKED""}",COMPLETED,true,SYNTHETIC_HUMAN_SCENARIO
TASK_EMP_C0254_07,C0254,EMP_C0254,MONTH_1,ENVIRONMENT_CHECK,M1_SKILL_06,2027-03-23T14:35:00+09:00,2027-04-22T14:35:00+09:00,2027-05-06T14:35:00+09:00,onboarding_tasks.csv#TASK_EMP_C0254_07/work_evidence,"{""artifact_id"":""WORK_TASK_EMP_C0254_07"",""evidence_type"":""SYNTHETIC"",""observed_at"":""2027-05-06T14:35:00+09:00"",""performed_action"":""업무 요구에 맞춰 작은 산출물을 만들고 실행/검토 기록을 남겼다."",""revision"":""확인한 예외를 수정 후 재실행했다."",""skill_id"":""M1_SKILL_06"",""task"":""ENVIRONMENT_CHECK"",""verification"":""OUTPUT_AND_RECOVERY_CHECKED""}",COMPLETED,true,SYNTHETIC_HUMAN_SCENARIO
TASK_EMP_C0254_08,C0254,EMP_C0254,MONTH_3,PIPELINE_REVIEW,M1_SKILL_06,2027-03-23T14:35:00+09:00,2027-06-21T14:35:00+09:00,2027-07-05T14:35:00+09:00,onboarding_tasks.csv#TASK_EMP_C0254_08/work_evidence,"{""artifact_id"":""WORK_TASK_EMP_C0254_08"",""evidence_type"":""SYNTHETIC"",""observed_at"":""2027-07-05T14:35:00+09:00"",""performed_action"":""업무 요구에 맞춰 작은 산출물을 만들고 실행/검토 기록을 남겼다."",""revision"":""확인한 예외를 수정 후 재실행했다."",""skill_id"":""M1_SKILL_06"",""task"":""PIPELINE_REVIEW"",""verification"":""OUTPUT_AND_RECOVERY_CHECKED""}",COMPLETED,true,SYNTHETIC_HUMAN_SCENARIO
TASK_EMP_C0254_09,C0254,EMP_C0254,MONTH_6,WORK_TASK,M1_SKILL_06,2027-03-23T14:35:00+09:00,2027-09-19T14:35:00+09:00,2027-09-26T14:35:00+09:00,onboarding_tasks.csv#TASK_EMP_C0254_09/work_evidence,"{""artifact_id"":""WORK_TASK_EMP_C0254_09"",""evidence_type"":""SYNTHETIC"",""observed_at"":""2027-09-26T14:35:00+09:00"",""performed_action"":""업무 요구에 맞춰 작은 산출물을 만들고 실행/검토 기록을 남겼다."",""revision"":"""",""skill_id"":""M1_SKILL_06"",""task"":""WORK_TASK"",""verification"":""OUTPUT_AND_RECOVERY_CHECKED""}",COMPLETED,false,SYNTHETIC_HUMAN_SCENARIO
TASK_EMP_C0254_10,C0254,EMP_C0254,EXTENDED,FOLLOW_UP_WORK,M1_SKILL_03,2027-03-23T14:35:00+09:00,2027-10-26T14:35:00+09:00,2027-10-29T14:35:00+09:00,onboarding_tasks.csv#TASK_EMP_C0254_10/work_evidence,"{""artifact_id"":""WORK_TASK_EMP_C0254_10"",""evidence_type"":""SYNTHETIC"",""observed_at"":""2027-10-29T14:35:00+09:00"",""performed_action"":""업무 요구에 맞춰 작은 산출물을 만들고 실행/검토 기록을 남겼다."",""revision"":""확인한 예외를 수정 후 재실행했다."",""skill_id"":""M1_SKILL_03"",""task"":""FOLLOW_UP_WORK"",""verification"":""OUTPUT_AND_RECOVERY_CHECKED""}",COMPLETED,true,SYNTHETIC_HUMAN_SCENARIO
TASK_EMP_C0254_11,C0254,EMP_C0254,EXTENDED,FOLLOW_UP_WORK,M1_SKILL_06,2027-03-23T14:35:00+09:00,2027-10-26T14:35:00+09:00,2027-10-26T14:35:00+09:00,onboarding_tasks.csv#TASK_EMP_C0254_11/work_evidence,"{""artifact_id"":""WORK_TASK_EMP_C0254_11"",""evidence_type"":""SYNTHETIC"",""observed_at"":""2027-10-26T14:35:00+09:00"",""performed_action"":""업무 요구에 맞춰 작은 산출물을 만들고 실행/검토 기록을 남겼다."",""revision"":"""",""skill_id"":""M1_SKILL_06"",""task"":""FOLLOW_UP_WORK"",""verification"":""CHECK_PENDING""}",COMPLETED,false,SYNTHETIC_HUMAN_SCENARIO
TASK_EMP_C0238_01,C0238,EMP_C0238,MONTH_1,ENVIRONMENT_CHECK,M1_SKILL_03,2027-03-25T14:30:00+09:00,2027-04-24T14:30:00+09:00,2027-04-27T14:30:00+09:00,onboarding_tasks.csv#TASK_EMP_C0238_01/work_evidence,"{""artifact_id"":""WORK_TASK_EMP_C0238_01"",""evidence_type"":""SYNTHETIC"",""observed_at"":""2027-04-27T14:30:00+09:00"",""performed_action"":""업무 요구에 맞춰 작은 산출물을 만들고 실행/검토 기록을 남겼다."",""revision"":"""",""skill_id"":""M1_SKILL_03"",""task"":""ENVIRONMENT_CHECK"",""verification"":""CHECK_PENDING""}",COMPLETED,false,SYNTHETIC_HUMAN_SCENARIO
TASK_EMP_C0238_02,C0238,EMP_C0238,MONTH_3,PIPELINE_REVIEW,M1_SKILL_03,2027-03-25T14:30:00+09:00,2027-06-23T14:30:00+09:00,2027-06-26T14:30:00+09:00,onboarding_tasks.csv#TASK_EMP_C0238_02/work_evidence,"{""artifact_id"":""WORK_TASK_EMP_C0238_02"",""evidence_type"":""SYNTHETIC"",""observed_at"":""2027-06-26T14:30:00+09:00"",""performed_action"":""업무 요구에 맞춰 작은 산출물을 만들고 실행/검토 기록을 남겼다."",""revision"":""확인한 예외를 수정 후 재실행했다."",""skill_id"":""M1_SKILL_03"",""task"":""PIPELINE_REVIEW"",""verification"":""OUTPUT_AND_RECOVERY_CHECKED""}",COMPLETED,false,SYNTHETIC_HUMAN_SCENARIO
TASK_EMP_C0238_03,C0238,EMP_C0238,MONTH_6,WORK_TASK,M1_SKILL_03,2027-03-25T14:30:00+09:00,2027-09-21T14:30:00+09:00,2027-09-28T14:30:00+09:00,onboarding_tasks.csv#TASK_EMP_C0238_03/work_evidence,"{""artifact_id"":""WORK_TASK_EMP_C0238_03"",""evidence_type"":""SYNTHETIC"",""observed_at"":""2027-09-28T14:30:00+09:00"",""performed_action"":""업무 요구에 맞춰 작은 산출물을 만들고 실행/검토 기록을 남겼다."",""revision"":"""",""skill_id"":""M1_SKILL_03"",""task"":""WORK_TASK"",""verification"":""OUTPUT_AND_RECOVERY_CHECKED""}",COMPLETED,true,SYNTHETIC_HUMAN_SCENARIO
TASK_EMP_C0238_04,C0238,EMP_C0238,MONTH_1,ENVIRONMENT_CHECK,M1_SKILL_05,2027-03-25T14:30:00+09:00,2027-04-24T14:30:00+09:00,2027-04-27T14:30:00+09:00,onboarding_tasks.csv#TASK_EMP_C0238_04/work_evidence,"{""artifact_id"":""WORK_TASK_EMP_C0238_04"",""evidence_type"":""SYNTHETIC"",""observed_at"":""2027-04-27T14:30:00+09:00"",""performed_action"":""업무 요구에 맞춰 작은 산출물을 만들고 실행/검토 기록을 남겼다."",""revision"":""확인한 예외를 수정 후 재실행했다."",""skill_id"":""M1_SKILL_05"",""task"":""ENVIRONMENT_CHECK"",""verification"":""OUTPUT_AND_RECOVERY_CHECKED""}",COMPLETED,false,SYNTHETIC_HUMAN_SCENARIO
TASK_EMP_C0238_05,C0238,EMP_C0238,MONTH_3,PIPELINE_REVIEW,M1_SKILL_05,2027-03-25T14:30:00+09:00,2027-06-23T14:30:00+09:00,2027-06-30T14:30:00+09:00,onboarding_tasks.csv#TASK_EMP_C0238_05/work_evidence,"{""artifact_id"":""WORK_TASK_EMP_C0238_05"",""evidence_type"":""SYNTHETIC"",""observed_at"":""2027-06-30T14:30:00+09:00"",""performed_action"":""업무 요구에 맞춰 작은 산출물을 만들고 실행/검토 기록을 남겼다."",""revision"":""확인한 예외를 수정 후 재실행했다."",""skill_id"":""M1_SKILL_05"",""task"":""PIPELINE_REVIEW"",""verification"":""OUTPUT_AND_RECOVERY_CHECKED""}",COMPLETED,false,SYNTHETIC_HUMAN_SCENARIO
TASK_EMP_C0238_06,C0238,EMP_C0238,MONTH_6,WORK_TASK,M1_SKILL_05,2027-03-25T14:30:00+09:00,2027-09-21T14:30:00+09:00,2027-09-21T14:30:00+09:00,onboarding_tasks.csv#TASK_EMP_C0238_06/work_evidence,"{""artifact_id"":""WORK_TASK_EMP_C0238_06"",""evidence_type"":""SYNTHETIC"",""observed_at"":""2027-09-21T14:30:00+09:00"",""performed_action"":""업무 요구에 맞춰 작은 산출물을 만들고 실행/검토 기록을 남겼다."",""revision"":"""",""skill_id"":""M1_SKILL_05"",""task"":""WORK_TASK"",""verification"":""OUTPUT_AND_RECOVERY_CHECKED""}",COMPLETED,false,SYNTHETIC_HUMAN_SCENARIO
TASK_EMP_C0238_07,C0238,EMP_C0238,MONTH_1,ENVIRONMENT_CHECK,M1_SKILL_06,2027-03-25T14:30:00+09:00,2027-04-24T14:30:00+09:00,2027-05-08T14:30:00+09:00,onboarding_tasks.csv#TASK_EMP_C0238_07/work_evidence,"{""artifact_id"":""WORK_TASK_EMP_C0238_07"",""evidence_type"":""SYNTHETIC"",""observed_at"":""2027-05-08T14:30:00+09:00"",""performed_action"":""업무 요구에 맞춰 작은 산출물을 만들고 실행/검토 기록을 남겼다."",""revision"":"""",""skill_id"":""M1_SKILL_06"",""task"":""ENVIRONMENT_CHECK"",""verification"":""OUTPUT_AND_RECOVERY_CHECKED""}",COMPLETED,true,SYNTHETIC_HUMAN_SCENARIO
TASK_EMP_C0238_08,C0238,EMP_C0238,MONTH_3,PIPELINE_REVIEW,M1_SKILL_06,2027-03-25T14:30:00+09:00,2027-06-23T14:30:00+09:00,2027-06-23T14:30:00+09:00,onboarding_tasks.csv#TASK_EMP_C0238_08/work_evidence,"{""artifact_id"":""WORK_TASK_EMP_C0238_08"",""evidence_type"":""SYNTHETIC"",""observed_at"":""2027-06-23T14:30:00+09:00"",""performed_action"":""업무 요구에 맞춰 작은 산출물을 만들고 실행/검토 기록을 남겼다."",""revision"":""확인한 예외를 수정 후 재실행했다."",""skill_id"":""M1_SKILL_06"",""task"":""PIPELINE_REVIEW"",""verification"":""OUTPUT_AND_RECOVERY_CHECKED""}",COMPLETED,true,SYNTHETIC_HUMAN_SCENARIO
TASK_EMP_C0238_09,C0238,EMP_C0238,MONTH_6,WORK_TASK,M1_SKILL_06,2027-03-25T14:30:00+09:00,2027-09-21T14:30:00+09:00,2027-09-24T14:30:00+09:00,onboarding_tasks.csv#TASK_EMP_C0238_09/work_evidence,"{""artifact_id"":""WORK_TASK_EMP_C0238_09"",""evidence_type"":""SYNTHETIC"",""observed_at"":""2027-09-24T14:30:00+09:00"",""performed_action"":""업무 요구에 맞춰 작은 산출물을 만들고 실행/검토 기록을 남겼다."",""revision"":"""",""skill_id"":""M1_SKILL_06"",""task"":""WORK_TASK"",""verification"":""OUTPUT_AND_RECOVERY_CHECKED""}",COMPLETED,false,SYNTHETIC_HUMAN_SCENARIO
TASK_EMP_C0238_10,C0238,EMP_C0238,EXTENDED,FOLLOW_UP_WORK,M1_SKILL_03,2027-03-25T14:30:00+09:00,2027-10-28T14:30:00+09:00,2027-10-28T14:30:00+09:00,onboarding_tasks.csv#TASK_EMP_C0238_10/work_evidence,"{""artifact_id"":""WORK_TASK_EMP_C0238_10"",""evidence_type"":""SYNTHETIC"",""observed_at"":""2027-10-28T14:30:00+09:00"",""performed_action"":""업무 요구에 맞춰 작은 산출물을 만들고 실행/검토 기록을 남겼다."",""revision"":""확인한 예외를 수정 후 재실행했다."",""skill_id"":""M1_SKILL_03"",""task"":""FOLLOW_UP_WORK"",""verification"":""OUTPUT_AND_RECOVERY_CHECKED""}",COMPLETED,true,SYNTHETIC_HUMAN_SCENARIO
TASK_EMP_C0238_11,C0238,EMP_C0238,EXTENDED,FOLLOW_UP_WORK,M1_SKILL_05,2027-03-25T14:30:00+09:00,2027-10-28T14:30:00+09:00,,,,IN_PROGRESS,false,
TASK_EMP_C0238_12,C0238,EMP_C0238,EXTENDED,FOLLOW_UP_WORK,M1_SKILL_06,2027-03-25T14:30:00+09:00,2027-10-28T14:30:00+09:00,2027-10-28T14:30:00+09:00,onboarding_tasks.csv#TASK_EMP_C0238_12/work_evidence,"{""artifact_id"":""WORK_TASK_EMP_C0238_12"",""evidence_type"":""SYNTHETIC"",""observed_at"":""2027-10-28T14:30:00+09:00"",""performed_action"":""업무 요구에 맞춰 작은 산출물을 만들고 실행/검토 기록을 남겼다."",""revision"":"""",""skill_id"":""M1_SKILL_06"",""task"":""FOLLOW_UP_WORK"",""verification"":""OUTPUT_AND_RECOVERY_CHECKED""}",COMPLETED,true,SYNTHETIC_HUMAN_SCENARIO
TASK_EMP_C0253_01,C0253,EMP_C0253,MONTH_1,ENVIRONMENT_CHECK,M1_SKILL_03,2027-04-02T16:00:00+09:00,2027-05-02T16:00:00+09:00,2027-05-16T16:00:00+09:00,onboarding_tasks.csv#TASK_EMP_C0253_01/work_evidence,"{""artifact_id"":""WORK_TASK_EMP_C0253_01"",""evidence_type"":""SYNTHETIC"",""observed_at"":""2027-05-16T16:00:00+09:00"",""performed_action"":""업무 요구에 맞춰 작은 산출물을 만들고 실행/검토 기록을 남겼다."",""revision"":"""",""skill_id"":""M1_SKILL_03"",""task"":""ENVIRONMENT_CHECK"",""verification"":""OUTPUT_AND_RECOVERY_CHECKED""}",COMPLETED,false,SYNTHETIC_HUMAN_SCENARIO
TASK_EMP_C0253_02,C0253,EMP_C0253,MONTH_3,PIPELINE_REVIEW,M1_SKILL_03,2027-04-02T16:00:00+09:00,2027-07-01T16:00:00+09:00,2027-07-15T16:00:00+09:00,onboarding_tasks.csv#TASK_EMP_C0253_02/work_evidence,"{""artifact_id"":""WORK_TASK_EMP_C0253_02"",""evidence_type"":""SYNTHETIC"",""observed_at"":""2027-07-15T16:00:00+09:00"",""performed_action"":""업무 요구에 맞춰 작은 산출물을 만들고 실행/검토 기록을 남겼다."",""revision"":"""",""skill_id"":""M1_SKILL_03"",""task"":""PIPELINE_REVIEW"",""verification"":""CHECK_PENDING""}",COMPLETED,false,SYNTHETIC_HUMAN_SCENARIO
TASK_EMP_C0253_03,C0253,EMP_C0253,MONTH_6,WORK_TASK,M1_SKILL_03,2027-04-02T16:00:00+09:00,2027-09-29T16:00:00+09:00,2027-10-13T16:00:00+09:00,onboarding_tasks.csv#TASK_EMP_C0253_03/work_evidence,"{""artifact_id"":""WORK_TASK_EMP_C0253_03"",""evidence_type"":""SYNTHETIC"",""observed_at"":""2027-10-13T16:00:00+09:00"",""performed_action"":""업무 요구에 맞춰 작은 산출물을 만들고 실행/검토 기록을 남겼다."",""revision"":""확인한 예외를 수정 후 재실행했다."",""skill_id"":""M1_SKILL_03"",""task"":""WORK_TASK"",""verification"":""OUTPUT_AND_RECOVERY_CHECKED""}",COMPLETED,false,SYNTHETIC_HUMAN_SCENARIO
TASK_EMP_C0253_04,C0253,EMP_C0253,MONTH_1,ENVIRONMENT_CHECK,M1_SKILL_05,2027-04-02T16:00:00+09:00,2027-05-02T16:00:00+09:00,2027-05-02T16:00:00+09:00,onboarding_tasks.csv#TASK_EMP_C0253_04/work_evidence,"{""artifact_id"":""WORK_TASK_EMP_C0253_04"",""evidence_type"":""SYNTHETIC"",""observed_at"":""2027-05-02T16:00:00+09:00"",""performed_action"":""업무 요구에 맞춰 작은 산출물을 만들고 실행/검토 기록을 남겼다."",""revision"":"""",""skill_id"":""M1_SKILL_05"",""task"":""ENVIRONMENT_CHECK"",""verification"":""OUTPUT_AND_RECOVERY_CHECKED""}",COMPLETED,false,SYNTHETIC_HUMAN_SCENARIO
TASK_EMP_C0253_05,C0253,EMP_C0253,MONTH_3,PIPELINE_REVIEW,M1_SKILL_05,2027-04-02T16:00:00+09:00,2027-07-01T16:00:00+09:00,2027-07-15T16:00:00+09:00,onboarding_tasks.csv#TASK_EMP_C0253_05/work_evidence,"{""artifact_id"":""WORK_TASK_EMP_C0253_05"",""evidence_type"":""SYNTHETIC"",""observed_at"":""2027-07-15T16:00:00+09:00"",""performed_action"":""업무 요구에 맞춰 작은 산출물을 만들고 실행/검토 기록을 남겼다."",""revision"":"""",""skill_id"":""M1_SKILL_05"",""task"":""PIPELINE_REVIEW"",""verification"":""CHECK_PENDING""}",COMPLETED,false,SYNTHETIC_HUMAN_SCENARIO
TASK_EMP_C0253_06,C0253,EMP_C0253,MONTH_6,WORK_TASK,M1_SKILL_05,2027-04-02T16:00:00+09:00,2027-09-29T16:00:00+09:00,2027-10-13T16:00:00+09:00,onboarding_tasks.csv#TASK_EMP_C0253_06/work_evidence,"{""artifact_id"":""WORK_TASK_EMP_C0253_06"",""evidence_type"":""SYNTHETIC"",""observed_at"":""2027-10-13T16:00:00+09:00"",""performed_action"":""업무 요구에 맞춰 작은 산출물을 만들고 실행/검토 기록을 남겼다."",""revision"":"""",""skill_id"":""M1_SKILL_05"",""task"":""WORK_TASK"",""verification"":""OUTPUT_AND_RECOVERY_CHECKED""}",COMPLETED,true,SYNTHETIC_HUMAN_SCENARIO
TASK_EMP_C0253_07,C0253,EMP_C0253,EXTENDED,FOLLOW_UP_WORK,M1_SKILL_03,2027-04-02T16:00:00+09:00,,,,,PLANNED,false,
TASK_EMP_C0253_08,C0253,EMP_C0253,EXTENDED,FOLLOW_UP_WORK,M1_SKILL_05,2027-04-02T16:00:00+09:00,,,,,PLANNED,false,
TASK_EMP_C0215_01,C0215,EMP_C0215,MONTH_1,ENVIRONMENT_CHECK,M1_SKILL_03,2027-04-03T11:50:00+09:00,2027-05-03T11:50:00+09:00,2027-05-06T11:50:00+09:00,onboarding_tasks.csv#TASK_EMP_C0215_01/work_evidence,"{""artifact_id"":""WORK_TASK_EMP_C0215_01"",""evidence_type"":""SYNTHETIC"",""observed_at"":""2027-05-06T11:50:00+09:00"",""performed_action"":""업무 요구에 맞춰 작은 산출물을 만들고 실행/검토 기록을 남겼다."",""revision"":""확인한 예외를 수정 후 재실행했다."",""skill_id"":""M1_SKILL_03"",""task"":""ENVIRONMENT_CHECK"",""verification"":""OUTPUT_AND_RECOVERY_CHECKED""}",COMPLETED,true,SYNTHETIC_HUMAN_SCENARIO
TASK_EMP_C0215_02,C0215,EMP_C0215,MONTH_3,PIPELINE_REVIEW,M1_SKILL_03,2027-04-03T11:50:00+09:00,2027-07-02T11:50:00+09:00,2027-07-09T11:50:00+09:00,onboarding_tasks.csv#TASK_EMP_C0215_02/work_evidence,"{""artifact_id"":""WORK_TASK_EMP_C0215_02"",""evidence_type"":""SYNTHETIC"",""observed_at"":""2027-07-09T11:50:00+09:00"",""performed_action"":""업무 요구에 맞춰 작은 산출물을 만들고 실행/검토 기록을 남겼다."",""revision"":"""",""skill_id"":""M1_SKILL_03"",""task"":""PIPELINE_REVIEW"",""verification"":""OUTPUT_AND_RECOVERY_CHECKED""}",COMPLETED,true,SYNTHETIC_HUMAN_SCENARIO
TASK_EMP_C0215_03,C0215,EMP_C0215,MONTH_6,WORK_TASK,M1_SKILL_03,2027-04-03T11:50:00+09:00,2027-09-30T11:50:00+09:00,2027-10-03T11:50:00+09:00,onboarding_tasks.csv#TASK_EMP_C0215_03/work_evidence,"{""artifact_id"":""WORK_TASK_EMP_C0215_03"",""evidence_type"":""SYNTHETIC"",""observed_at"":""2027-10-03T11:50:00+09:00"",""performed_action"":""업무 요구에 맞춰 작은 산출물을 만들고 실행/검토 기록을 남겼다."",""revision"":""확인한 예외를 수정 후 재실행했다."",""skill_id"":""M1_SKILL_03"",""task"":""WORK_TASK"",""verification"":""OUTPUT_AND_RECOVERY_CHECKED""}",COMPLETED,true,SYNTHETIC_HUMAN_SCENARIO
TASK_EMP_C0215_04,C0215,EMP_C0215,MONTH_1,ENVIRONMENT_CHECK,M1_SKILL_05,2027-04-03T11:50:00+09:00,2027-05-03T11:50:00+09:00,2027-05-06T11:50:00+09:00,onboarding_tasks.csv#TASK_EMP_C0215_04/work_evidence,"{""artifact_id"":""WORK_TASK_EMP_C0215_04"",""evidence_type"":""SYNTHETIC"",""observed_at"":""2027-05-06T11:50:00+09:00"",""performed_action"":""업무 요구에 맞춰 작은 산출물을 만들고 실행/검토 기록을 남겼다."",""revision"":"""",""skill_id"":""M1_SKILL_05"",""task"":""ENVIRONMENT_CHECK"",""verification"":""OUTPUT_AND_RECOVERY_CHECKED""}",COMPLETED,true,SYNTHETIC_HUMAN_SCENARIO
TASK_EMP_C0215_05,C0215,EMP_C0215,MONTH_3,PIPELINE_REVIEW,M1_SKILL_05,2027-04-03T11:50:00+09:00,2027-07-02T11:50:00+09:00,2027-07-02T11:50:00+09:00,onboarding_tasks.csv#TASK_EMP_C0215_05/work_evidence,"{""artifact_id"":""WORK_TASK_EMP_C0215_05"",""evidence_type"":""SYNTHETIC"",""observed_at"":""2027-07-02T11:50:00+09:00"",""performed_action"":""업무 요구에 맞춰 작은 산출물을 만들고 실행/검토 기록을 남겼다."",""revision"":"""",""skill_id"":""M1_SKILL_05"",""task"":""PIPELINE_REVIEW"",""verification"":""CHECK_PENDING""}",COMPLETED,false,SYNTHETIC_HUMAN_SCENARIO
TASK_EMP_C0215_06,C0215,EMP_C0215,MONTH_6,WORK_TASK,M1_SKILL_05,2027-04-03T11:50:00+09:00,2027-09-30T11:50:00+09:00,2027-09-30T11:50:00+09:00,onboarding_tasks.csv#TASK_EMP_C0215_06/work_evidence,"{""artifact_id"":""WORK_TASK_EMP_C0215_06"",""evidence_type"":""SYNTHETIC"",""observed_at"":""2027-09-30T11:50:00+09:00"",""performed_action"":""업무 요구에 맞춰 작은 산출물을 만들고 실행/검토 기록을 남겼다."",""revision"":"""",""skill_id"":""M1_SKILL_05"",""task"":""WORK_TASK"",""verification"":""OUTPUT_AND_RECOVERY_CHECKED""}",COMPLETED,true,SYNTHETIC_HUMAN_SCENARIO
TASK_EMP_C0215_07,C0215,EMP_C0215,EXTENDED,FOLLOW_UP_WORK,M1_SKILL_05,2027-04-03T11:50:00+09:00,,,,,PLANNED,false,
TASK_EMP_C0285_01,C0285,EMP_C0285,MONTH_1,ENVIRONMENT_CHECK,,2027-03-31T14:05:00+09:00,2027-04-30T14:05:00+09:00,2027-05-07T14:05:00+09:00,onboarding_tasks.csv#TASK_EMP_C0285_01/work_evidence,"{""artifact_id"":""WORK_TASK_EMP_C0285_01"",""evidence_type"":""SYNTHETIC"",""observed_at"":""2027-05-07T14:05:00+09:00"",""performed_action"":""업무 요구에 맞춰 작은 산출물을 만들고 실행/검토 기록을 남겼다."",""revision"":"""",""skill_id"":"""",""task"":""ENVIRONMENT_CHECK"",""verification"":""OUTPUT_AND_RECOVERY_CHECKED""}",COMPLETED,true,SYNTHETIC_HUMAN_SCENARIO
TASK_EMP_C0285_02,C0285,EMP_C0285,MONTH_3,PIPELINE_REVIEW,,2027-03-31T14:05:00+09:00,2027-06-29T14:05:00+09:00,2027-06-29T14:05:00+09:00,onboarding_tasks.csv#TASK_EMP_C0285_02/work_evidence,"{""artifact_id"":""WORK_TASK_EMP_C0285_02"",""evidence_type"":""SYNTHETIC"",""observed_at"":""2027-06-29T14:05:00+09:00"",""performed_action"":""업무 요구에 맞춰 작은 산출물을 만들고 실행/검토 기록을 남겼다."",""revision"":"""",""skill_id"":"""",""task"":""PIPELINE_REVIEW"",""verification"":""OUTPUT_AND_RECOVERY_CHECKED""}",COMPLETED,true,SYNTHETIC_HUMAN_SCENARIO
TASK_EMP_C0285_03,C0285,EMP_C0285,MONTH_6,WORK_TASK,,2027-03-31T14:05:00+09:00,2027-09-27T14:05:00+09:00,2027-09-30T14:05:00+09:00,onboarding_tasks.csv#TASK_EMP_C0285_03/work_evidence,"{""artifact_id"":""WORK_TASK_EMP_C0285_03"",""evidence_type"":""SYNTHETIC"",""observed_at"":""2027-09-30T14:05:00+09:00"",""performed_action"":""업무 요구에 맞춰 작은 산출물을 만들고 실행/검토 기록을 남겼다."",""revision"":""확인한 예외를 수정 후 재실행했다."",""skill_id"":"""",""task"":""WORK_TASK"",""verification"":""OUTPUT_AND_RECOVERY_CHECKED""}",COMPLETED,false,SYNTHETIC_HUMAN_SCENARIO
TASK_EMP_C0285_04,C0285,EMP_C0285,EXTENDED,FOLLOW_UP_WORK,,2027-03-31T14:05:00+09:00,2027-10-30T14:05:00+09:00,,,,IN_PROGRESS,false,
TASK_EMP_C0246_01,C0246,EMP_C0246,MONTH_1,ENVIRONMENT_CHECK,M1_SKILL_06,2027-03-26T16:25:00+09:00,2027-04-25T16:25:00+09:00,2027-04-28T16:25:00+09:00,onboarding_tasks.csv#TASK_EMP_C0246_01/work_evidence,"{""artifact_id"":""WORK_TASK_EMP_C0246_01"",""evidence_type"":""SYNTHETIC"",""observed_at"":""2027-04-28T16:25:00+09:00"",""performed_action"":""업무 요구에 맞춰 작은 산출물을 만들고 실행/검토 기록을 남겼다."",""revision"":"""",""skill_id"":""M1_SKILL_06"",""task"":""ENVIRONMENT_CHECK"",""verification"":""CHECK_PENDING""}",COMPLETED,false,SYNTHETIC_HUMAN_SCENARIO
TASK_EMP_C0246_02,C0246,EMP_C0246,MONTH_3,PIPELINE_REVIEW,M1_SKILL_06,2027-03-26T16:25:00+09:00,2027-06-24T16:25:00+09:00,2027-06-27T16:25:00+09:00,onboarding_tasks.csv#TASK_EMP_C0246_02/work_evidence,"{""artifact_id"":""WORK_TASK_EMP_C0246_02"",""evidence_type"":""SYNTHETIC"",""observed_at"":""2027-06-27T16:25:00+09:00"",""performed_action"":""업무 요구에 맞춰 작은 산출물을 만들고 실행/검토 기록을 남겼다."",""revision"":"""",""skill_id"":""M1_SKILL_06"",""task"":""PIPELINE_REVIEW"",""verification"":""CHECK_PENDING""}",COMPLETED,false,SYNTHETIC_HUMAN_SCENARIO
TASK_EMP_C0246_03,C0246,EMP_C0246,MONTH_6,WORK_TASK,M1_SKILL_06,2027-03-26T16:25:00+09:00,2027-09-22T16:25:00+09:00,2027-09-25T16:25:00+09:00,onboarding_tasks.csv#TASK_EMP_C0246_03/work_evidence,"{""artifact_id"":""WORK_TASK_EMP_C0246_03"",""evidence_type"":""SYNTHETIC"",""observed_at"":""2027-09-25T16:25:00+09:00"",""performed_action"":""업무 요구에 맞춰 작은 산출물을 만들고 실행/검토 기록을 남겼다."",""revision"":"""",""skill_id"":""M1_SKILL_06"",""task"":""WORK_TASK"",""verification"":""OUTPUT_AND_RECOVERY_CHECKED""}",COMPLETED,true,SYNTHETIC_HUMAN_SCENARIO
TASK_EMP_C0246_04,C0246,EMP_C0246,EXTENDED,FOLLOW_UP_WORK,M1_SKILL_06,2027-03-26T16:25:00+09:00,2027-10-25T16:25:00+09:00,,,,IN_PROGRESS,false,
TASK_EMP_C0297_01,C0297,EMP_C0297,MONTH_1,ENVIRONMENT_CHECK,M1_SKILL_03,2027-04-10T18:30:00+09:00,2027-05-10T18:30:00+09:00,2027-05-13T18:30:00+09:00,onboarding_tasks.csv#TASK_EMP_C0297_01/work_evidence,"{""artifact_id"":""WORK_TASK_EMP_C0297_01"",""evidence_type"":""SYNTHETIC"",""observed_at"":""2027-05-13T18:30:00+09:00"",""performed_action"":""업무 요구에 맞춰 작은 산출물을 만들고 실행/검토 기록을 남겼다."",""revision"":"""",""skill_id"":""M1_SKILL_03"",""task"":""ENVIRONMENT_CHECK"",""verification"":""CHECK_PENDING""}",COMPLETED,false,SYNTHETIC_HUMAN_SCENARIO
TASK_EMP_C0297_02,C0297,EMP_C0297,MONTH_3,PIPELINE_REVIEW,M1_SKILL_03,2027-04-10T18:30:00+09:00,2027-07-09T18:30:00+09:00,2027-07-23T18:30:00+09:00,onboarding_tasks.csv#TASK_EMP_C0297_02/work_evidence,"{""artifact_id"":""WORK_TASK_EMP_C0297_02"",""evidence_type"":""SYNTHETIC"",""observed_at"":""2027-07-23T18:30:00+09:00"",""performed_action"":""업무 요구에 맞춰 작은 산출물을 만들고 실행/검토 기록을 남겼다."",""revision"":"""",""skill_id"":""M1_SKILL_03"",""task"":""PIPELINE_REVIEW"",""verification"":""CHECK_PENDING""}",COMPLETED,false,SYNTHETIC_HUMAN_SCENARIO
TASK_EMP_C0297_03,C0297,EMP_C0297,MONTH_6,WORK_TASK,M1_SKILL_03,2027-04-10T18:30:00+09:00,2027-10-07T18:30:00+09:00,2027-10-21T18:30:00+09:00,onboarding_tasks.csv#TASK_EMP_C0297_03/work_evidence,"{""artifact_id"":""WORK_TASK_EMP_C0297_03"",""evidence_type"":""SYNTHETIC"",""observed_at"":""2027-10-21T18:30:00+09:00"",""performed_action"":""업무 요구에 맞춰 작은 산출물을 만들고 실행/검토 기록을 남겼다."",""revision"":"""",""skill_id"":""M1_SKILL_03"",""task"":""WORK_TASK"",""verification"":""OUTPUT_AND_RECOVERY_CHECKED""}",COMPLETED,false,SYNTHETIC_HUMAN_SCENARIO
TASK_EMP_C0297_04,C0297,EMP_C0297,MONTH_1,ENVIRONMENT_CHECK,M1_SKILL_05,2027-04-10T18:30:00+09:00,2027-05-10T18:30:00+09:00,2027-05-10T18:30:00+09:00,onboarding_tasks.csv#TASK_EMP_C0297_04/work_evidence,"{""artifact_id"":""WORK_TASK_EMP_C0297_04"",""evidence_type"":""SYNTHETIC"",""observed_at"":""2027-05-10T18:30:00+09:00"",""performed_action"":""업무 요구에 맞춰 작은 산출물을 만들고 실행/검토 기록을 남겼다."",""revision"":"""",""skill_id"":""M1_SKILL_05"",""task"":""ENVIRONMENT_CHECK"",""verification"":""OUTPUT_AND_RECOVERY_CHECKED""}",COMPLETED,true,SYNTHETIC_HUMAN_SCENARIO
TASK_EMP_C0297_05,C0297,EMP_C0297,MONTH_3,PIPELINE_REVIEW,M1_SKILL_05,2027-04-10T18:30:00+09:00,2027-07-09T18:30:00+09:00,2027-07-16T18:30:00+09:00,onboarding_tasks.csv#TASK_EMP_C0297_05/work_evidence,"{""artifact_id"":""WORK_TASK_EMP_C0297_05"",""evidence_type"":""SYNTHETIC"",""observed_at"":""2027-07-16T18:30:00+09:00"",""performed_action"":""업무 요구에 맞춰 작은 산출물을 만들고 실행/검토 기록을 남겼다."",""revision"":""확인한 예외를 수정 후 재실행했다."",""skill_id"":""M1_SKILL_05"",""task"":""PIPELINE_REVIEW"",""verification"":""OUTPUT_AND_RECOVERY_CHECKED""}",COMPLETED,false,SYNTHETIC_HUMAN_SCENARIO
TASK_EMP_C0297_06,C0297,EMP_C0297,MONTH_6,WORK_TASK,M1_SKILL_05,2027-04-10T18:30:00+09:00,2027-10-07T18:30:00+09:00,2027-10-10T18:30:00+09:00,onboarding_tasks.csv#TASK_EMP_C0297_06/work_evidence,"{""artifact_id"":""WORK_TASK_EMP_C0297_06"",""evidence_type"":""SYNTHETIC"",""observed_at"":""2027-10-10T18:30:00+09:00"",""performed_action"":""업무 요구에 맞춰 작은 산출물을 만들고 실행/검토 기록을 남겼다."",""revision"":"""",""skill_id"":""M1_SKILL_05"",""task"":""WORK_TASK"",""verification"":""OUTPUT_AND_RECOVERY_CHECKED""}",COMPLETED,false,SYNTHETIC_HUMAN_SCENARIO
TASK_EMP_C0297_07,C0297,EMP_C0297,EXTENDED,FOLLOW_UP_WORK,M1_SKILL_03,2027-04-10T18:30:00+09:00,,,,,PLANNED,false,
TASK_EMP_C0297_08,C0297,EMP_C0297,EXTENDED,FOLLOW_UP_WORK,M1_SKILL_05,2027-04-10T18:30:00+09:00,,,,,PLANNED,false,
TASK_EMP_C0319_01,C0319,EMP_C0319,MONTH_1,ENVIRONMENT_CHECK,M1_SKILL_03,2027-04-06T15:45:00+09:00,2027-05-06T15:45:00+09:00,2027-05-13T15:45:00+09:00,onboarding_tasks.csv#TASK_EMP_C0319_01/work_evidence,"{""artifact_id"":""WORK_TASK_EMP_C0319_01"",""evidence_type"":""SYNTHETIC"",""observed_at"":""2027-05-13T15:45:00+09:00"",""performed_action"":""업무 요구에 맞춰 작은 산출물을 만들고 실행/검토 기록을 남겼다."",""revision"":"""",""skill_id"":""M1_SKILL_03"",""task"":""ENVIRONMENT_CHECK"",""verification"":""OUTPUT_AND_RECOVERY_CHECKED""}",COMPLETED,true,SYNTHETIC_HUMAN_SCENARIO
TASK_EMP_C0319_02,C0319,EMP_C0319,MONTH_3,PIPELINE_REVIEW,M1_SKILL_03,2027-04-06T15:45:00+09:00,2027-07-05T15:45:00+09:00,2027-07-12T15:45:00+09:00,onboarding_tasks.csv#TASK_EMP_C0319_02/work_evidence,"{""artifact_id"":""WORK_TASK_EMP_C0319_02"",""evidence_type"":""SYNTHETIC"",""observed_at"":""2027-07-12T15:45:00+09:00"",""performed_action"":""업무 요구에 맞춰 작은 산출물을 만들고 실행/검토 기록을 남겼다."",""revision"":"""",""skill_id"":""M1_SKILL_03"",""task"":""PIPELINE_REVIEW"",""verification"":""OUTPUT_AND_RECOVERY_CHECKED""}",COMPLETED,false,SYNTHETIC_HUMAN_SCENARIO
TASK_EMP_C0319_03,C0319,EMP_C0319,MONTH_6,WORK_TASK,M1_SKILL_03,2027-04-06T15:45:00+09:00,2027-10-03T15:45:00+09:00,2027-10-06T15:45:00+09:00,onboarding_tasks.csv#TASK_EMP_C0319_03/work_evidence,"{""artifact_id"":""WORK_TASK_EMP_C0319_03"",""evidence_type"":""SYNTHETIC"",""observed_at"":""2027-10-06T15:45:00+09:00"",""performed_action"":""업무 요구에 맞춰 작은 산출물을 만들고 실행/검토 기록을 남겼다."",""revision"":""확인한 예외를 수정 후 재실행했다."",""skill_id"":""M1_SKILL_03"",""task"":""WORK_TASK"",""verification"":""OUTPUT_AND_RECOVERY_CHECKED""}",COMPLETED,false,SYNTHETIC_HUMAN_SCENARIO
TASK_EMP_C0319_04,C0319,EMP_C0319,EXTENDED,FOLLOW_UP_WORK,M1_SKILL_03,2027-04-06T15:45:00+09:00,,,,,PLANNED,false,
TASK_EMP_C0300_01,C0300,EMP_C0300,MONTH_1,ENVIRONMENT_CHECK,M1_SKILL_06,2027-03-26T13:35:00+09:00,2027-04-25T13:35:00+09:00,2027-04-28T13:35:00+09:00,onboarding_tasks.csv#TASK_EMP_C0300_01/work_evidence,"{""artifact_id"":""WORK_TASK_EMP_C0300_01"",""evidence_type"":""SYNTHETIC"",""observed_at"":""2027-04-28T13:35:00+09:00"",""performed_action"":""업무 요구에 맞춰 작은 산출물을 만들고 실행/검토 기록을 남겼다."",""revision"":"""",""skill_id"":""M1_SKILL_06"",""task"":""ENVIRONMENT_CHECK"",""verification"":""OUTPUT_AND_RECOVERY_CHECKED""}",COMPLETED,true,SYNTHETIC_HUMAN_SCENARIO
TASK_EMP_C0300_02,C0300,EMP_C0300,MONTH_3,PIPELINE_REVIEW,M1_SKILL_06,2027-03-26T13:35:00+09:00,2027-06-24T13:35:00+09:00,2027-06-24T13:35:00+09:00,onboarding_tasks.csv#TASK_EMP_C0300_02/work_evidence,"{""artifact_id"":""WORK_TASK_EMP_C0300_02"",""evidence_type"":""SYNTHETIC"",""observed_at"":""2027-06-24T13:35:00+09:00"",""performed_action"":""업무 요구에 맞춰 작은 산출물을 만들고 실행/검토 기록을 남겼다."",""revision"":""확인한 예외를 수정 후 재실행했다."",""skill_id"":""M1_SKILL_06"",""task"":""PIPELINE_REVIEW"",""verification"":""OUTPUT_AND_RECOVERY_CHECKED""}",COMPLETED,true,SYNTHETIC_HUMAN_SCENARIO
TASK_EMP_C0300_03,C0300,EMP_C0300,MONTH_6,WORK_TASK,M1_SKILL_06,2027-03-26T13:35:00+09:00,2027-09-22T13:35:00+09:00,2027-09-29T13:35:00+09:00,onboarding_tasks.csv#TASK_EMP_C0300_03/work_evidence,"{""artifact_id"":""WORK_TASK_EMP_C0300_03"",""evidence_type"":""SYNTHETIC"",""observed_at"":""2027-09-29T13:35:00+09:00"",""performed_action"":""업무 요구에 맞춰 작은 산출물을 만들고 실행/검토 기록을 남겼다."",""revision"":"""",""skill_id"":""M1_SKILL_06"",""task"":""WORK_TASK"",""verification"":""OUTPUT_AND_RECOVERY_CHECKED""}",COMPLETED,true,SYNTHETIC_HUMAN_SCENARIO
TASK_EMP_C0272_01,C0272,EMP_C0272,MONTH_1,ENVIRONMENT_CHECK,M1_SKILL_03,2027-04-02T12:20:00+09:00,2027-05-02T12:20:00+09:00,2027-05-09T12:20:00+09:00,onboarding_tasks.csv#TASK_EMP_C0272_01/work_evidence,"{""artifact_id"":""WORK_TASK_EMP_C0272_01"",""evidence_type"":""SYNTHETIC"",""observed_at"":""2027-05-09T12:20:00+09:00"",""performed_action"":""업무 요구에 맞춰 작은 산출물을 만들고 실행/검토 기록을 남겼다."",""revision"":"""",""skill_id"":""M1_SKILL_03"",""task"":""ENVIRONMENT_CHECK"",""verification"":""OUTPUT_AND_RECOVERY_CHECKED""}",COMPLETED,true,SYNTHETIC_HUMAN_SCENARIO
TASK_EMP_C0272_02,C0272,EMP_C0272,MONTH_3,PIPELINE_REVIEW,M1_SKILL_03,2027-04-02T12:20:00+09:00,2027-07-01T12:20:00+09:00,2027-07-15T12:20:00+09:00,onboarding_tasks.csv#TASK_EMP_C0272_02/work_evidence,"{""artifact_id"":""WORK_TASK_EMP_C0272_02"",""evidence_type"":""SYNTHETIC"",""observed_at"":""2027-07-15T12:20:00+09:00"",""performed_action"":""업무 요구에 맞춰 작은 산출물을 만들고 실행/검토 기록을 남겼다."",""revision"":"""",""skill_id"":""M1_SKILL_03"",""task"":""PIPELINE_REVIEW"",""verification"":""OUTPUT_AND_RECOVERY_CHECKED""}",COMPLETED,true,SYNTHETIC_HUMAN_SCENARIO
TASK_EMP_C0272_03,C0272,EMP_C0272,MONTH_6,WORK_TASK,M1_SKILL_03,2027-04-02T12:20:00+09:00,2027-09-29T12:20:00+09:00,2027-10-06T12:20:00+09:00,onboarding_tasks.csv#TASK_EMP_C0272_03/work_evidence,"{""artifact_id"":""WORK_TASK_EMP_C0272_03"",""evidence_type"":""SYNTHETIC"",""observed_at"":""2027-10-06T12:20:00+09:00"",""performed_action"":""업무 요구에 맞춰 작은 산출물을 만들고 실행/검토 기록을 남겼다."",""revision"":"""",""skill_id"":""M1_SKILL_03"",""task"":""WORK_TASK"",""verification"":""CHECK_PENDING""}",COMPLETED,false,SYNTHETIC_HUMAN_SCENARIO
TASK_EMP_C0272_04,C0272,EMP_C0272,MONTH_1,ENVIRONMENT_CHECK,M1_SKILL_05,2027-04-02T12:20:00+09:00,2027-05-02T12:20:00+09:00,2027-05-05T12:20:00+09:00,onboarding_tasks.csv#TASK_EMP_C0272_04/work_evidence,"{""artifact_id"":""WORK_TASK_EMP_C0272_04"",""evidence_type"":""SYNTHETIC"",""observed_at"":""2027-05-05T12:20:00+09:00"",""performed_action"":""업무 요구에 맞춰 작은 산출물을 만들고 실행/검토 기록을 남겼다."",""revision"":"""",""skill_id"":""M1_SKILL_05"",""task"":""ENVIRONMENT_CHECK"",""verification"":""OUTPUT_AND_RECOVERY_CHECKED""}",COMPLETED,false,SYNTHETIC_HUMAN_SCENARIO
TASK_EMP_C0272_05,C0272,EMP_C0272,MONTH_3,PIPELINE_REVIEW,M1_SKILL_05,2027-04-02T12:20:00+09:00,2027-07-01T12:20:00+09:00,2027-07-08T12:20:00+09:00,onboarding_tasks.csv#TASK_EMP_C0272_05/work_evidence,"{""artifact_id"":""WORK_TASK_EMP_C0272_05"",""evidence_type"":""SYNTHETIC"",""observed_at"":""2027-07-08T12:20:00+09:00"",""performed_action"":""업무 요구에 맞춰 작은 산출물을 만들고 실행/검토 기록을 남겼다."",""revision"":"""",""skill_id"":""M1_SKILL_05"",""task"":""PIPELINE_REVIEW"",""verification"":""OUTPUT_AND_RECOVERY_CHECKED""}",COMPLETED,false,SYNTHETIC_HUMAN_SCENARIO
TASK_EMP_C0272_06,C0272,EMP_C0272,MONTH_6,WORK_TASK,M1_SKILL_05,2027-04-02T12:20:00+09:00,2027-09-29T12:20:00+09:00,2027-10-13T12:20:00+09:00,onboarding_tasks.csv#TASK_EMP_C0272_06/work_evidence,"{""artifact_id"":""WORK_TASK_EMP_C0272_06"",""evidence_type"":""SYNTHETIC"",""observed_at"":""2027-10-13T12:20:00+09:00"",""performed_action"":""업무 요구에 맞춰 작은 산출물을 만들고 실행/검토 기록을 남겼다."",""revision"":"""",""skill_id"":""M1_SKILL_05"",""task"":""WORK_TASK"",""verification"":""OUTPUT_AND_RECOVERY_CHECKED""}",COMPLETED,true,SYNTHETIC_HUMAN_SCENARIO
TASK_EMP_C0272_07,C0272,EMP_C0272,EXTENDED,FOLLOW_UP_WORK,M1_SKILL_03,2027-04-02T12:20:00+09:00,,,,,PLANNED,false,
TASK_EMP_C0272_08,C0272,EMP_C0272,EXTENDED,FOLLOW_UP_WORK,M1_SKILL_05,2027-04-02T12:20:00+09:00,,,,,PLANNED,false,
TASK_EMP_C0265_01,C0265,EMP_C0265,MONTH_1,ENVIRONMENT_CHECK,M1_SKILL_03,2027-04-12T12:45:00+09:00,2027-05-12T12:45:00+09:00,2027-05-12T12:45:00+09:00,onboarding_tasks.csv#TASK_EMP_C0265_01/work_evidence,"{""artifact_id"":""WORK_TASK_EMP_C0265_01"",""evidence_type"":""SYNTHETIC"",""observed_at"":""2027-05-12T12:45:00+09:00"",""performed_action"":""업무 요구에 맞춰 작은 산출물을 만들고 실행/검토 기록을 남겼다."",""revision"":""확인한 예외를 수정 후 재실행했다."",""skill_id"":""M1_SKILL_03"",""task"":""ENVIRONMENT_CHECK"",""verification"":""OUTPUT_AND_RECOVERY_CHECKED""}",COMPLETED,true,SYNTHETIC_HUMAN_SCENARIO
TASK_EMP_C0265_02,C0265,EMP_C0265,MONTH_3,PIPELINE_REVIEW,M1_SKILL_03,2027-04-12T12:45:00+09:00,2027-07-11T12:45:00+09:00,2027-07-14T12:45:00+09:00,onboarding_tasks.csv#TASK_EMP_C0265_02/work_evidence,"{""artifact_id"":""WORK_TASK_EMP_C0265_02"",""evidence_type"":""SYNTHETIC"",""observed_at"":""2027-07-14T12:45:00+09:00"",""performed_action"":""업무 요구에 맞춰 작은 산출물을 만들고 실행/검토 기록을 남겼다."",""revision"":"""",""skill_id"":""M1_SKILL_03"",""task"":""PIPELINE_REVIEW"",""verification"":""OUTPUT_AND_RECOVERY_CHECKED""}",COMPLETED,false,SYNTHETIC_HUMAN_SCENARIO
TASK_EMP_C0265_03,C0265,EMP_C0265,MONTH_6,WORK_TASK,M1_SKILL_03,2027-04-12T12:45:00+09:00,2027-10-09T12:45:00+09:00,2027-10-16T12:45:00+09:00,onboarding_tasks.csv#TASK_EMP_C0265_03/work_evidence,"{""artifact_id"":""WORK_TASK_EMP_C0265_03"",""evidence_type"":""SYNTHETIC"",""observed_at"":""2027-10-16T12:45:00+09:00"",""performed_action"":""업무 요구에 맞춰 작은 산출물을 만들고 실행/검토 기록을 남겼다."",""revision"":"""",""skill_id"":""M1_SKILL_03"",""task"":""WORK_TASK"",""verification"":""OUTPUT_AND_RECOVERY_CHECKED""}",COMPLETED,false,SYNTHETIC_HUMAN_SCENARIO
TASK_EMP_C0265_04,C0265,EMP_C0265,EXTENDED,FOLLOW_UP_WORK,M1_SKILL_03,2027-04-12T12:45:00+09:00,,,,,PLANNED,false,
TASK_EMP_C0314_01,C0314,EMP_C0314,MONTH_1,ENVIRONMENT_CHECK,M1_SKILL_03,2027-04-24T12:55:00+09:00,2027-05-24T12:55:00+09:00,2027-05-27T12:55:00+09:00,onboarding_tasks.csv#TASK_EMP_C0314_01/work_evidence,"{""artifact_id"":""WORK_TASK_EMP_C0314_01"",""evidence_type"":""SYNTHETIC"",""observed_at"":""2027-05-27T12:55:00+09:00"",""performed_action"":""업무 요구에 맞춰 작은 산출물을 만들고 실행/검토 기록을 남겼다."",""revision"":"""",""skill_id"":""M1_SKILL_03"",""task"":""ENVIRONMENT_CHECK"",""verification"":""CHECK_PENDING""}",COMPLETED,false,SYNTHETIC_HUMAN_SCENARIO
TASK_EMP_C0314_02,C0314,EMP_C0314,MONTH_3,PIPELINE_REVIEW,M1_SKILL_03,2027-04-24T12:55:00+09:00,2027-07-23T12:55:00+09:00,2027-07-30T12:55:00+09:00,onboarding_tasks.csv#TASK_EMP_C0314_02/work_evidence,"{""artifact_id"":""WORK_TASK_EMP_C0314_02"",""evidence_type"":""SYNTHETIC"",""observed_at"":""2027-07-30T12:55:00+09:00"",""performed_action"":""업무 요구에 맞춰 작은 산출물을 만들고 실행/검토 기록을 남겼다."",""revision"":""확인한 예외를 수정 후 재실행했다."",""skill_id"":""M1_SKILL_03"",""task"":""PIPELINE_REVIEW"",""verification"":""OUTPUT_AND_RECOVERY_CHECKED""}",COMPLETED,true,SYNTHETIC_HUMAN_SCENARIO
TASK_EMP_C0314_03,C0314,EMP_C0314,MONTH_6,WORK_TASK,M1_SKILL_03,2027-04-24T12:55:00+09:00,2027-10-21T12:55:00+09:00,2027-10-24T12:55:00+09:00,onboarding_tasks.csv#TASK_EMP_C0314_03/work_evidence,"{""artifact_id"":""WORK_TASK_EMP_C0314_03"",""evidence_type"":""SYNTHETIC"",""observed_at"":""2027-10-24T12:55:00+09:00"",""performed_action"":""업무 요구에 맞춰 작은 산출물을 만들고 실행/검토 기록을 남겼다."",""revision"":"""",""skill_id"":""M1_SKILL_03"",""task"":""WORK_TASK"",""verification"":""OUTPUT_AND_RECOVERY_CHECKED""}",COMPLETED,true,SYNTHETIC_HUMAN_SCENARIO
TASK_EMP_C0314_04,C0314,EMP_C0314,MONTH_1,ENVIRONMENT_CHECK,M1_SKILL_05,2027-04-24T12:55:00+09:00,2027-05-24T12:55:00+09:00,2027-05-31T12:55:00+09:00,onboarding_tasks.csv#TASK_EMP_C0314_04/work_evidence,"{""artifact_id"":""WORK_TASK_EMP_C0314_04"",""evidence_type"":""SYNTHETIC"",""observed_at"":""2027-05-31T12:55:00+09:00"",""performed_action"":""업무 요구에 맞춰 작은 산출물을 만들고 실행/검토 기록을 남겼다."",""revision"":"""",""skill_id"":""M1_SKILL_05"",""task"":""ENVIRONMENT_CHECK"",""verification"":""OUTPUT_AND_RECOVERY_CHECKED""}",COMPLETED,true,SYNTHETIC_HUMAN_SCENARIO
TASK_EMP_C0314_05,C0314,EMP_C0314,MONTH_3,PIPELINE_REVIEW,M1_SKILL_05,2027-04-24T12:55:00+09:00,2027-07-23T12:55:00+09:00,2027-07-30T12:55:00+09:00,onboarding_tasks.csv#TASK_EMP_C0314_05/work_evidence,"{""artifact_id"":""WORK_TASK_EMP_C0314_05"",""evidence_type"":""SYNTHETIC"",""observed_at"":""2027-07-30T12:55:00+09:00"",""performed_action"":""업무 요구에 맞춰 작은 산출물을 만들고 실행/검토 기록을 남겼다."",""revision"":""확인한 예외를 수정 후 재실행했다."",""skill_id"":""M1_SKILL_05"",""task"":""PIPELINE_REVIEW"",""verification"":""OUTPUT_AND_RECOVERY_CHECKED""}",COMPLETED,false,SYNTHETIC_HUMAN_SCENARIO
TASK_EMP_C0314_06,C0314,EMP_C0314,MONTH_6,WORK_TASK,M1_SKILL_05,2027-04-24T12:55:00+09:00,2027-10-21T12:55:00+09:00,,,,IN_PROGRESS,false,
