stage_event_id,application_id,candidate_id,stage,entered_at,invited_at,scheduled_at,completed_at,decision_at,notified_at,withdrawn_at,result,decision_reason_code,withdrawal_reason_code,decision_provenance,rationale
APP0010_DOCUMENT_SCREEN,APP0010,C0010,DOCUMENT_SCREEN,2026-10-13T09:46:00+09:00,,,2026-10-13T09:46:00+09:00,2026-10-21T10:11:00+09:00,2026-10-25T10:11:00+09:00,,ADVANCED,EVIDENCE_CANDIDATES_FOUND,,SYNTHETIC_HUMAN_SCENARIO,"{""criterion"":""NO_VERIFIED_PUBLIC_REQUIREMENT_VIOLATION"",""evidence_candidate_refs"":[""EV_APP0010_DOCUMENT_SCREEN_DOCUMENT_REVIEW_M1_SKILL_01"",""EV_APP0010_DOCUMENT_SCREEN_DOCUMENT_REVIEW_M1_SKILL_04"",""EV_APP0010_DOCUMENT_SCREEN_DOCUMENT_REVIEW_M1_SKILL_05"",""EV_APP0010_DOCUMENT_SCREEN_DOCUMENT_REVIEW_M1_SKILL_06"",""EV_APP0010_DOCUMENT_SCREEN_DOCUMENT_REVIEW_M1_SKILL_08""],""follow_up_skills"":[""M1_SKILL_01"",""M1_SKILL_04"",""M1_SKILL_05"",""M1_SKILL_06"",""M1_SKILL_08""],""human_rationale"":""공개 기본요건의 검증된 위반 없음. 자기기술을 후속검증 질문으로 전달하며 Skill을 확정하지 않는다."",""observation_refs"":[""OB_REVIEW_ML_01_EV_APP0010_DOCUMENT_SCREEN_DOCUMENT_REVIEW_M1_SKILL_01"",""OB_REVIEW_HM_01_EV_APP0010_DOCUMENT_SCREEN_DOCUMENT_REVIEW_M1_SKILL_01"",""OB_REVIEW_ML_01_EV_APP0010_DOCUMENT_SCREEN_DOCUMENT_REVIEW_M1_SKILL_04"",""OB_REVIEW_HM_01_EV_APP0010_DOCUMENT_SCREEN_DOCUMENT_REVIEW_M1_SKILL_04"",""OB_REVIEW_ML_01_EV_APP0010_DOCUMENT_SCREEN_DOCUMENT_REVIEW_M1_SKILL_05"",""OB_REVIEW_HM_01_EV_APP0010_DOCUMENT_SCREEN_DOCUMENT_REVIEW_M1_SKILL_05"",""OB_REVIEW_ML_01_EV_APP0010_DOCUMENT_SCREEN_DOCUMENT_REVIEW_M1_SKILL_06"",""OB_REVIEW_HM_01_EV_APP0010_DOCUMENT_SCREEN_DOCUMENT_REVIEW_M1_SKILL_06"",""OB_REVIEW_ML_01_EV_APP0010_DOCUMENT_SCREEN_DOCUMENT_REVIEW_M1_SKILL_08"",""OB_REVIEW_HM_01_EV_APP0010_DOCUMENT_SCREEN_DOCUMENT_REVIEW_M1_SKILL_08""],""stage"":""DOCUMENT_SCREEN""}"
APP0009_DOCUMENT_SCREEN,APP0009,C0009,DOCUMENT_SCREEN,2026-10-13T10:49:00+09:00,,,2026-10-13T10:49:00+09:00,2026-10-18T11:14:00+09:00,2026-10-19T11:14:00+09:00,,ADVANCED,EVIDENCE_CANDIDATES_FOUND,,SYNTHETIC_HUMAN_SCENARIO,"{""criterion"":""NO_VERIFIED_PUBLIC_REQUIREMENT_VIOLATION"",""evidence_candidate_refs"":[""EV_APP0009_DOCUMENT_SCREEN_DOCUMENT_REVIEW_M1_SKILL_01"",""EV_APP0009_DOCUMENT_SCREEN_DOCUMENT_REVIEW_M1_SKILL_04"",""EV_APP0009_DOCUMENT_SCREEN_DOCUMENT_REVIEW_M1_SKILL_05"",""EV_APP0009_DOCUMENT_SCREEN_DOCUMENT_REVIEW_M1_SKILL_06"",""EV_APP0009_DOCUMENT_SCREEN_DOCUMENT_REVIEW_M1_SKILL_08""],""follow_up_skills"":[""M1_SKILL_01"",""M1_SKILL_04"",""M1_SKILL_05"",""M1_SKILL_06"",""M1_SKILL_08""],""human_rationale"":""공개 기본요건의 검증된 위반 없음. 자기기술을 후속검증 질문으로 전달하며 Skill을 확정하지 않는다."",""observation_refs"":[""OB_REVIEW_ML_01_EV_APP0009_DOCUMENT_SCREEN_DOCUMENT_REVIEW_M1_SKILL_01"",""OB_REVIEW_HM_01_EV_APP0009_DOCUMENT_SCREEN_DOCUMENT_REVIEW_M1_SKILL_01"",""OB_REVIEW_ML_01_EV_APP0009_DOCUMENT_SCREEN_DOCUMENT_REVIEW_M1_SKILL_04"",""OB_REVIEW_HM_01_EV_APP0009_DOCUMENT_SCREEN_DOCUMENT_REVIEW_M1_SKILL_04"",""OB_REVIEW_ML_01_EV_APP0009_DOCUMENT_SCREEN_DOCUMENT_REVIEW_M1_SKILL_05"",""OB_REVIEW_HM_01_EV_APP0009_DOCUMENT_SCREEN_DOCUMENT_REVIEW_M1_SKILL_05"",""OB_REVIEW_ML_01_EV_APP0009_DOCUMENT_SCREEN_DOCUMENT_REVIEW_M1_SKILL_06"",""OB_REVIEW_HM_01_EV_APP0009_DOCUMENT_SCREEN_DOCUMENT_REVIEW_M1_SKILL_06"",""OB_REVIEW_ML_01_EV_APP0009_DOCUMENT_SCREEN_DOCUMENT_REVIEW_M1_SKILL_08"",""OB_REVIEW_HM_01_EV_APP0009_DOCUMENT_SCREEN_DOCUMENT_REVIEW_M1_SKILL_08""],""stage"":""DOCUMENT_SCREEN""}"
APP0013_DOCUMENT_SCREEN,APP0013,C0013,DOCUMENT_SCREEN,2026-10-13T11:29:00+09:00,,,2026-10-13T11:29:00+09:00,2026-10-16T11:54:00+09:00,2026-10-16T11:54:00+09:00,,ADVANCED,EVIDENCE_CANDIDATES_FOUND,,SYNTHETIC_HUMAN_SCENARIO,"{""criterion"":""NO_VERIFIED_PUBLIC_REQUIREMENT_VIOLATION"",""evidence_candidate_refs"":[""EV_APP0013_DOCUMENT_SCREEN_DOCUMENT_REVIEW_M1_SKILL_01"",""EV_APP0013_DOCUMENT_SCREEN_DOCUMENT_REVIEW_M1_SKILL_04"",""EV_APP0013_DOCUMENT_SCREEN_DOCUMENT_REVIEW_M1_SKILL_05"",""EV_APP0013_DOCUMENT_SCREEN_DOCUMENT_REVIEW_M1_SKILL_06"",""EV_APP0013_DOCUMENT_SCREEN_DOCUMENT_REVIEW_M1_SKILL_08""],""follow_up_skills"":[""M1_SKILL_01"",""M1_SKILL_04"",""M1_SKILL_05"",""M1_SKILL_06"",""M1_SKILL_08""],""human_rationale"":""공개 기본요건의 검증된 위반 없음. 자기기술을 후속검증 질문으로 전달하며 Skill을 확정하지 않는다."",""observation_refs"":[""OB_REVIEW_ML_01_EV_APP0013_DOCUMENT_SCREEN_DOCUMENT_REVIEW_M1_SKILL_01"",""OB_REVIEW_HM_01_EV_APP0013_DOCUMENT_SCREEN_DOCUMENT_REVIEW_M1_SKILL_01"",""OB_REVIEW_ML_01_EV_APP0013_DOCUMENT_SCREEN_DOCUMENT_REVIEW_M1_SKILL_04"",""OB_REVIEW_HM_01_EV_APP0013_DOCUMENT_SCREEN_DOCUMENT_REVIEW_M1_SKILL_04"",""OB_REVIEW_ML_01_EV_APP0013_DOCUMENT_SCREEN_DOCUMENT_REVIEW_M1_SKILL_05"",""OB_REVIEW_HM_01_EV_APP0013_DOCUMENT_SCREEN_DOCUMENT_REVIEW_M1_SKILL_05"",""OB_REVIEW_ML_01_EV_APP0013_DOCUMENT_SCREEN_DOCUMENT_REVIEW_M1_SKILL_06"",""OB_REVIEW_HM_01_EV_APP0013_DOCUMENT_SCREEN_DOCUMENT_REVIEW_M1_SKILL_06"",""OB_REVIEW_ML_01_EV_APP0013_DOCUMENT_SCREEN_DOCUMENT_REVIEW_M1_SKILL_08"",""OB_REVIEW_HM_01_EV_APP0013_DOCUMENT_SCREEN_DOCUMENT_REVIEW_M1_SKILL_08""],""stage"":""DOCUMENT_SCREEN""}"
APP0008_DOCUMENT_SCREEN,APP0008,C0008,DOCUMENT_SCREEN,2026-10-14T10:22:00+09:00,,,2026-10-14T10:22:00+09:00,2026-10-20T10:37:00+09:00,2026-10-21T10:37:00+09:00,,ADVANCED,EVIDENCE_CANDIDATES_FOUND,,SYNTHETIC_HUMAN_SCENARIO,"{""criterion"":""NO_VERIFIED_PUBLIC_REQUIREMENT_VIOLATION"",""evidence_candidate_refs"":[""EV_APP0008_DOCUMENT_SCREEN_DOCUMENT_REVIEW_M1_SKILL_01"",""EV_APP0008_DOCUMENT_SCREEN_DOCUMENT_REVIEW_M1_SKILL_04"",""EV_APP0008_DOCUMENT_SCREEN_DOCUMENT_REVIEW_M1_SKILL_05"",""EV_APP0008_DOCUMENT_SCREEN_DOCUMENT_REVIEW_M1_SKILL_06"",""EV_APP0008_DOCUMENT_SCREEN_DOCUMENT_REVIEW_M1_SKILL_08""],""follow_up_skills"":[""M1_SKILL_01"",""M1_SKILL_04"",""M1_SKILL_05"",""M1_SKILL_06"",""M1_SKILL_08""],""human_rationale"":""공개 기본요건의 검증된 위반 없음. 자기기술을 후속검증 질문으로 전달하며 Skill을 확정하지 않는다."",""observation_refs"":[""OB_REVIEW_ML_01_EV_APP0008_DOCUMENT_SCREEN_DOCUMENT_REVIEW_M1_SKILL_01"",""OB_REVIEW_HM_01_EV_APP0008_DOCUMENT_SCREEN_DOCUMENT_REVIEW_M1_SKILL_01"",""OB_REVIEW_ML_01_EV_APP0008_DOCUMENT_SCREEN_DOCUMENT_REVIEW_M1_SKILL_04"",""OB_REVIEW_HM_01_EV_APP0008_DOCUMENT_SCREEN_DOCUMENT_REVIEW_M1_SKILL_04"",""OB_REVIEW_ML_01_EV_APP0008_DOCUMENT_SCREEN_DOCUMENT_REVIEW_M1_SKILL_05"",""OB_REVIEW_HM_01_EV_APP0008_DOCUMENT_SCREEN_DOCUMENT_REVIEW_M1_SKILL_05"",""OB_REVIEW_ML_01_EV_APP0008_DOCUMENT_SCREEN_DOCUMENT_REVIEW_M1_SKILL_06"",""OB_REVIEW_HM_01_EV_APP0008_DOCUMENT_SCREEN_DOCUMENT_REVIEW_M1_SKILL_06"",""OB_REVIEW_ML_01_EV_APP0008_DOCUMENT_SCREEN_DOCUMENT_REVIEW_M1_SKILL_08"",""OB_REVIEW_HM_01_EV_APP0008_DOCUMENT_SCREEN_DOCUMENT_REVIEW_M1_SKILL_08""],""stage"":""DOCUMENT_SCREEN""}"
APP0020_DOCUMENT_SCREEN,APP0020,C0020,DOCUMENT_SCREEN,2026-10-14T12:49:00+09:00,,,2026-10-14T12:49:00+09:00,2026-10-23T13:09:00+09:00,2026-10-24T13:09:00+09:00,,ADVANCED,EVIDENCE_CANDIDATES_FOUND,,SYNTHETIC_HUMAN_SCENARIO,"{""criterion"":""NO_VERIFIED_PUBLIC_REQUIREMENT_VIOLATION"",""evidence_candidate_refs"":[""EV_APP0020_DOCUMENT_SCREEN_DOCUMENT_REVIEW_M1_SKILL_01"",""EV_APP0020_DOCUMENT_SCREEN_DOCUMENT_REVIEW_M1_SKILL_04"",""EV_APP0020_DOCUMENT_SCREEN_DOCUMENT_REVIEW_M1_SKILL_05"",""EV_APP0020_DOCUMENT_SCREEN_DOCUMENT_REVIEW_M1_SKILL_06"",""EV_APP0020_DOCUMENT_SCREEN_DOCUMENT_REVIEW_M1_SKILL_08""],""follow_up_skills"":[""M1_SKILL_01"",""M1_SKILL_04"",""M1_SKILL_05"",""M1_SKILL_06"",""M1_SKILL_08""],""human_rationale"":""공개 기본요건의 검증된 위반 없음. 자기기술을 후속검증 질문으로 전달하며 Skill을 확정하지 않는다."",""observation_refs"":[""OB_REVIEW_ML_01_EV_APP0020_DOCUMENT_SCREEN_DOCUMENT_REVIEW_M1_SKILL_01"",""OB_REVIEW_HM_01_EV_APP0020_DOCUMENT_SCREEN_DOCUMENT_REVIEW_M1_SKILL_01"",""OB_REVIEW_ML_01_EV_APP0020_DOCUMENT_SCREEN_DOCUMENT_REVIEW_M1_SKILL_04"",""OB_REVIEW_HM_01_EV_APP0020_DOCUMENT_SCREEN_DOCUMENT_REVIEW_M1_SKILL_04"",""OB_REVIEW_ML_01_EV_APP0020_DOCUMENT_SCREEN_DOCUMENT_REVIEW_M1_SKILL_05"",""OB_REVIEW_HM_01_EV_APP0020_DOCUMENT_SCREEN_DOCUMENT_REVIEW_M1_SKILL_05"",""OB_REVIEW_ML_01_EV_APP0020_DOCUMENT_SCREEN_DOCUMENT_REVIEW_M1_SKILL_06"",""OB_REVIEW_HM_01_EV_APP0020_DOCUMENT_SCREEN_DOCUMENT_REVIEW_M1_SKILL_06"",""OB_REVIEW_ML_01_EV_APP0020_DOCUMENT_SCREEN_DOCUMENT_REVIEW_M1_SKILL_08"",""OB_REVIEW_HM_01_EV_APP0020_DOCUMENT_SCREEN_DOCUMENT_REVIEW_M1_SKILL_08""],""stage"":""DOCUMENT_SCREEN""}"
APP0027_DOCUMENT_SCREEN,APP0027,C0027,DOCUMENT_SCREEN,2026-10-14T14:27:00+09:00,,,2026-10-14T14:27:00+09:00,2026-10-24T14:42:00+09:00,2026-10-25T14:42:00+09:00,,ADVANCED,EVIDENCE_CANDIDATES_FOUND,,SYNTHETIC_HUMAN_SCENARIO,"{""criterion"":""NO_VERIFIED_PUBLIC_REQUIREMENT_VIOLATION"",""evidence_candidate_refs"":[""EV_APP0027_DOCUMENT_SCREEN_DOCUMENT_REVIEW_M1_SKILL_01"",""EV_APP0027_DOCUMENT_SCREEN_DOCUMENT_REVIEW_M1_SKILL_04"",""EV_APP0027_DOCUMENT_SCREEN_DOCUMENT_REVIEW_M1_SKILL_05"",""EV_APP0027_DOCUMENT_SCREEN_DOCUMENT_REVIEW_M1_SKILL_06"",""EV_APP0027_DOCUMENT_SCREEN_DOCUMENT_REVIEW_M1_SKILL_08""],""follow_up_skills"":[""M1_SKILL_01"",""M1_SKILL_04"",""M1_SKILL_05"",""M1_SKILL_06"",""M1_SKILL_08""],""human_rationale"":""공개 기본요건의 검증된 위반 없음. 자기기술을 후속검증 질문으로 전달하며 Skill을 확정하지 않는다."",""observation_refs"":[""OB_REVIEW_ML_01_EV_APP0027_DOCUMENT_SCREEN_DOCUMENT_REVIEW_M1_SKILL_01"",""OB_REVIEW_HM_01_EV_APP0027_DOCUMENT_SCREEN_DOCUMENT_REVIEW_M1_SKILL_01"",""OB_REVIEW_ML_01_EV_APP0027_DOCUMENT_SCREEN_DOCUMENT_REVIEW_M1_SKILL_04"",""OB_REVIEW_HM_01_EV_APP0027_DOCUMENT_SCREEN_DOCUMENT_REVIEW_M1_SKILL_04"",""OB_REVIEW_ML_01_EV_APP0027_DOCUMENT_SCREEN_DOCUMENT_REVIEW_M1_SKILL_05"",""OB_REVIEW_HM_01_EV_APP0027_DOCUMENT_SCREEN_DOCUMENT_REVIEW_M1_SKILL_05"",""OB_REVIEW_ML_01_EV_APP0027_DOCUMENT_SCREEN_DOCUMENT_REVIEW_M1_SKILL_06"",""OB_REVIEW_HM_01_EV_APP0027_DOCUMENT_SCREEN_DOCUMENT_REVIEW_M1_SKILL_06"",""OB_REVIEW_ML_01_EV_APP0027_DOCUMENT_SCREEN_DOCUMENT_REVIEW_M1_SKILL_08"",""OB_REVIEW_HM_01_EV_APP0027_DOCUMENT_SCREEN_DOCUMENT_REVIEW_M1_SKILL_08""],""stage"":""DOCUMENT_SCREEN""}"
APP0018_DOCUMENT_SCREEN,APP0018,C0018,DOCUMENT_SCREEN,2026-10-14T14:38:00+09:00,,,2026-10-14T14:38:00+09:00,2026-10-22T14:53:00+09:00,2026-10-26T14:53:00+09:00,,ADVANCED,EVIDENCE_CANDIDATES_FOUND,,SYNTHETIC_HUMAN_SCENARIO,"{""criterion"":""NO_VERIFIED_PUBLIC_REQUIREMENT_VIOLATION"",""evidence_candidate_refs"":[""EV_APP0018_DOCUMENT_SCREEN_DOCUMENT_REVIEW_M1_SKILL_01"",""EV_APP0018_DOCUMENT_SCREEN_DOCUMENT_REVIEW_M1_SKILL_04"",""EV_APP0018_DOCUMENT_SCREEN_DOCUMENT_REVIEW_M1_SKILL_05"",""EV_APP0018_DOCUMENT_SCREEN_DOCUMENT_REVIEW_M1_SKILL_06"",""EV_APP0018_DOCUMENT_SCREEN_DOCUMENT_REVIEW_M1_SKILL_08""],""follow_up_skills"":[""M1_SKILL_01"",""M1_SKILL_04"",""M1_SKILL_05"",""M1_SKILL_06"",""M1_SKILL_08""],""human_rationale"":""공개 기본요건의 검증된 위반 없음. 자기기술을 후속검증 질문으로 전달하며 Skill을 확정하지 않는다."",""observation_refs"":[""OB_REVIEW_ML_01_EV_APP0018_DOCUMENT_SCREEN_DOCUMENT_REVIEW_M1_SKILL_01"",""OB_REVIEW_HM_01_EV_APP0018_DOCUMENT_SCREEN_DOCUMENT_REVIEW_M1_SKILL_01"",""OB_REVIEW_ML_01_EV_APP0018_DOCUMENT_SCREEN_DOCUMENT_REVIEW_M1_SKILL_04"",""OB_REVIEW_HM_01_EV_APP0018_DOCUMENT_SCREEN_DOCUMENT_REVIEW_M1_SKILL_04"",""OB_REVIEW_ML_01_EV_APP0018_DOCUMENT_SCREEN_DOCUMENT_REVIEW_M1_SKILL_05"",""OB_REVIEW_HM_01_EV_APP0018_DOCUMENT_SCREEN_DOCUMENT_REVIEW_M1_SKILL_05"",""OB_REVIEW_ML_01_EV_APP0018_DOCUMENT_SCREEN_DOCUMENT_REVIEW_M1_SKILL_06"",""OB_REVIEW_HM_01_EV_APP0018_DOCUMENT_SCREEN_DOCUMENT_REVIEW_M1_SKILL_06"",""OB_REVIEW_ML_01_EV_APP0018_DOCUMENT_SCREEN_DOCUMENT_REVIEW_M1_SKILL_08"",""OB_REVIEW_HM_01_EV_APP0018_DOCUMENT_SCREEN_DOCUMENT_REVIEW_M1_SKILL_08""],""stage"":""DOCUMENT_SCREEN""}"
APP0025_DOCUMENT_SCREEN,APP0025,C0025,DOCUMENT_SCREEN,2026-10-14T15:42:00+09:00,,,2026-10-14T15:42:00+09:00,2026-10-24T16:02:00+09:00,2026-10-24T16:02:00+09:00,,ADVANCED,EVIDENCE_CANDIDATES_FOUND,,SYNTHETIC_HUMAN_SCENARIO,"{""criterion"":""NO_VERIFIED_PUBLIC_REQUIREMENT_VIOLATION"",""evidence_candidate_refs"":[""EV_APP0025_DOCUMENT_SCREEN_DOCUMENT_REVIEW_M1_SKILL_01"",""EV_APP0025_DOCUMENT_SCREEN_DOCUMENT_REVIEW_M1_SKILL_04"",""EV_APP0025_DOCUMENT_SCREEN_DOCUMENT_REVIEW_M1_SKILL_05"",""EV_APP0025_DOCUMENT_SCREEN_DOCUMENT_REVIEW_M1_SKILL_06"",""EV_APP0025_DOCUMENT_SCREEN_DOCUMENT_REVIEW_M1_SKILL_08""],""follow_up_skills"":[""M1_SKILL_01"",""M1_SKILL_04"",""M1_SKILL_05"",""M1_SKILL_06"",""M1_SKILL_08""],""human_rationale"":""공개 기본요건의 검증된 위반 없음. 자기기술을 후속검증 질문으로 전달하며 Skill을 확정하지 않는다."",""observation_refs"":[""OB_REVIEW_ML_01_EV_APP0025_DOCUMENT_SCREEN_DOCUMENT_REVIEW_M1_SKILL_01"",""OB_REVIEW_HM_01_EV_APP0025_DOCUMENT_SCREEN_DOCUMENT_REVIEW_M1_SKILL_01"",""OB_REVIEW_ML_01_EV_APP0025_DOCUMENT_SCREEN_DOCUMENT_REVIEW_M1_SKILL_04"",""OB_REVIEW_HM_01_EV_APP0025_DOCUMENT_SCREEN_DOCUMENT_REVIEW_M1_SKILL_04"",""OB_REVIEW_ML_01_EV_APP0025_DOCUMENT_SCREEN_DOCUMENT_REVIEW_M1_SKILL_05"",""OB_REVIEW_HM_01_EV_APP0025_DOCUMENT_SCREEN_DOCUMENT_REVIEW_M1_SKILL_05"",""OB_REVIEW_ML_01_EV_APP0025_DOCUMENT_SCREEN_DOCUMENT_REVIEW_M1_SKILL_06"",""OB_REVIEW_HM_01_EV_APP0025_DOCUMENT_SCREEN_DOCUMENT_REVIEW_M1_SKILL_06"",""OB_REVIEW_ML_01_EV_APP0025_DOCUMENT_SCREEN_DOCUMENT_REVIEW_M1_SKILL_08"",""OB_REVIEW_HM_01_EV_APP0025_DOCUMENT_SCREEN_DOCUMENT_REVIEW_M1_SKILL_08""],""stage"":""DOCUMENT_SCREEN""}"
APP0022_DOCUMENT_SCREEN,APP0022,C0022,DOCUMENT_SCREEN,2026-10-15T12:29:00+09:00,,,2026-10-15T12:29:00+09:00,2026-10-19T12:44:00+09:00,2026-10-19T12:44:00+09:00,,ADVANCED,EVIDENCE_CANDIDATES_FOUND,,SYNTHETIC_HUMAN_SCENARIO,"{""criterion"":""NO_VERIFIED_PUBLIC_REQUIREMENT_VIOLATION"",""evidence_candidate_refs"":[""EV_APP0022_DOCUMENT_SCREEN_DOCUMENT_REVIEW_M1_SKILL_01"",""EV_APP0022_DOCUMENT_SCREEN_DOCUMENT_REVIEW_M1_SKILL_04"",""EV_APP0022_DOCUMENT_SCREEN_DOCUMENT_REVIEW_M1_SKILL_05"",""EV_APP0022_DOCUMENT_SCREEN_DOCUMENT_REVIEW_M1_SKILL_06"",""EV_APP0022_DOCUMENT_SCREEN_DOCUMENT_REVIEW_M1_SKILL_08""],""follow_up_skills"":[""M1_SKILL_01"",""M1_SKILL_04"",""M1_SKILL_05"",""M1_SKILL_06"",""M1_SKILL_08""],""human_rationale"":""공개 기본요건의 검증된 위반 없음. 자기기술을 후속검증 질문으로 전달하며 Skill을 확정하지 않는다."",""observation_refs"":[""OB_REVIEW_ML_01_EV_APP0022_DOCUMENT_SCREEN_DOCUMENT_REVIEW_M1_SKILL_01"",""OB_REVIEW_HM_01_EV_APP0022_DOCUMENT_SCREEN_DOCUMENT_REVIEW_M1_SKILL_01"",""OB_REVIEW_ML_01_EV_APP0022_DOCUMENT_SCREEN_DOCUMENT_REVIEW_M1_SKILL_04"",""OB_REVIEW_HM_01_EV_APP0022_DOCUMENT_SCREEN_DOCUMENT_REVIEW_M1_SKILL_04"",""OB_REVIEW_ML_01_EV_APP0022_DOCUMENT_SCREEN_DOCUMENT_REVIEW_M1_SKILL_05"",""OB_REVIEW_HM_01_EV_APP0022_DOCUMENT_SCREEN_DOCUMENT_REVIEW_M1_SKILL_05"",""OB_REVIEW_ML_01_EV_APP0022_DOCUMENT_SCREEN_DOCUMENT_REVIEW_M1_SKILL_06"",""OB_REVIEW_HM_01_EV_APP0022_DOCUMENT_SCREEN_DOCUMENT_REVIEW_M1_SKILL_06"",""OB_REVIEW_ML_01_EV_APP0022_DOCUMENT_SCREEN_DOCUMENT_REVIEW_M1_SKILL_08"",""OB_REVIEW_HM_01_EV_APP0022_DOCUMENT_SCREEN_DOCUMENT_REVIEW_M1_SKILL_08""],""stage"":""DOCUMENT_SCREEN""}"
APP0030_DOCUMENT_SCREEN,APP0030,C0030,DOCUMENT_SCREEN,2026-10-15T12:35:00+09:00,,,2026-10-15T12:35:00+09:00,2026-10-24T13:00:00+09:00,2026-10-26T13:00:00+09:00,,ADVANCED,EVIDENCE_CANDIDATES_FOUND,,SYNTHETIC_HUMAN_SCENARIO,"{""criterion"":""NO_VERIFIED_PUBLIC_REQUIREMENT_VIOLATION"",""evidence_candidate_refs"":[""EV_APP0030_DOCUMENT_SCREEN_DOCUMENT_REVIEW_M1_SKILL_01"",""EV_APP0030_DOCUMENT_SCREEN_DOCUMENT_REVIEW_M1_SKILL_04"",""EV_APP0030_DOCUMENT_SCREEN_DOCUMENT_REVIEW_M1_SKILL_05"",""EV_APP0030_DOCUMENT_SCREEN_DOCUMENT_REVIEW_M1_SKILL_06"",""EV_APP0030_DOCUMENT_SCREEN_DOCUMENT_REVIEW_M1_SKILL_08""],""follow_up_skills"":[""M1_SKILL_01"",""M1_SKILL_04"",""M1_SKILL_05"",""M1_SKILL_06"",""M1_SKILL_08""],""human_rationale"":""공개 기본요건의 검증된 위반 없음. 자기기술을 후속검증 질문으로 전달하며 Skill을 확정하지 않는다."",""observation_refs"":[""OB_REVIEW_ML_01_EV_APP0030_DOCUMENT_SCREEN_DOCUMENT_REVIEW_M1_SKILL_01"",""OB_REVIEW_HM_01_EV_APP0030_DOCUMENT_SCREEN_DOCUMENT_REVIEW_M1_SKILL_01"",""OB_REVIEW_ML_01_EV_APP0030_DOCUMENT_SCREEN_DOCUMENT_REVIEW_M1_SKILL_04"",""OB_REVIEW_HM_01_EV_APP0030_DOCUMENT_SCREEN_DOCUMENT_REVIEW_M1_SKILL_04"",""OB_REVIEW_ML_01_EV_APP0030_DOCUMENT_SCREEN_DOCUMENT_REVIEW_M1_SKILL_05"",""OB_REVIEW_HM_01_EV_APP0030_DOCUMENT_SCREEN_DOCUMENT_REVIEW_M1_SKILL_05"",""OB_REVIEW_ML_01_EV_APP0030_DOCUMENT_SCREEN_DOCUMENT_REVIEW_M1_SKILL_06"",""OB_REVIEW_HM_01_EV_APP0030_DOCUMENT_SCREEN_DOCUMENT_REVIEW_M1_SKILL_06"",""OB_REVIEW_ML_01_EV_APP0030_DOCUMENT_SCREEN_DOCUMENT_REVIEW_M1_SKILL_08"",""OB_REVIEW_HM_01_EV_APP0030_DOCUMENT_SCREEN_DOCUMENT_REVIEW_M1_SKILL_08""],""stage"":""DOCUMENT_SCREEN""}"
APP0033_DOCUMENT_SCREEN,APP0033,C0033,DOCUMENT_SCREEN,2026-10-15T13:02:00+09:00,,,2026-10-15T13:02:00+09:00,2026-10-27T13:27:00+09:00,2026-10-29T13:27:00+09:00,,ADVANCED,EVIDENCE_CANDIDATES_FOUND,,SYNTHETIC_HUMAN_SCENARIO,"{""criterion"":""NO_VERIFIED_PUBLIC_REQUIREMENT_VIOLATION"",""evidence_candidate_refs"":[""EV_APP0033_DOCUMENT_SCREEN_DOCUMENT_REVIEW_M1_SKILL_01"",""EV_APP0033_DOCUMENT_SCREEN_DOCUMENT_REVIEW_M1_SKILL_04"",""EV_APP0033_DOCUMENT_SCREEN_DOCUMENT_REVIEW_M1_SKILL_05"",""EV_APP0033_DOCUMENT_SCREEN_DOCUMENT_REVIEW_M1_SKILL_06"",""EV_APP0033_DOCUMENT_SCREEN_DOCUMENT_REVIEW_M1_SKILL_08""],""follow_up_skills"":[""M1_SKILL_01"",""M1_SKILL_04"",""M1_SKILL_05"",""M1_SKILL_06"",""M1_SKILL_08""],""human_rationale"":""공개 기본요건의 검증된 위반 없음. 자기기술을 후속검증 질문으로 전달하며 Skill을 확정하지 않는다."",""observation_refs"":[""OB_REVIEW_ML_01_EV_APP0033_DOCUMENT_SCREEN_DOCUMENT_REVIEW_M1_SKILL_01"",""OB_REVIEW_HM_01_EV_APP0033_DOCUMENT_SCREEN_DOCUMENT_REVIEW_M1_SKILL_01"",""OB_REVIEW_ML_01_EV_APP0033_DOCUMENT_SCREEN_DOCUMENT_REVIEW_M1_SKILL_04"",""OB_REVIEW_HM_01_EV_APP0033_DOCUMENT_SCREEN_DOCUMENT_REVIEW_M1_SKILL_04"",""OB_REVIEW_ML_01_EV_APP0033_DOCUMENT_SCREEN_DOCUMENT_REVIEW_M1_SKILL_05"",""OB_REVIEW_HM_01_EV_APP0033_DOCUMENT_SCREEN_DOCUMENT_REVIEW_M1_SKILL_05"",""OB_REVIEW_ML_01_EV_APP0033_DOCUMENT_SCREEN_DOCUMENT_REVIEW_M1_SKILL_06"",""OB_REVIEW_HM_01_EV_APP0033_DOCUMENT_SCREEN_DOCUMENT_REVIEW_M1_SKILL_06"",""OB_REVIEW_ML_01_EV_APP0033_DOCUMENT_SCREEN_DOCUMENT_REVIEW_M1_SKILL_08"",""OB_REVIEW_HM_01_EV_APP0033_DOCUMENT_SCREEN_DOCUMENT_REVIEW_M1_SKILL_08""],""stage"":""DOCUMENT_SCREEN""}"
APP0046_DOCUMENT_SCREEN,APP0046,C0046,DOCUMENT_SCREEN,2026-10-15T15:34:00+09:00,,,2026-10-15T15:34:00+09:00,2026-10-22T15:49:00+09:00,2026-10-26T15:49:00+09:00,,ADVANCED,EVIDENCE_CANDIDATES_FOUND,,SYNTHETIC_HUMAN_SCENARIO,"{""criterion"":""NO_VERIFIED_PUBLIC_REQUIREMENT_VIOLATION"",""evidence_candidate_refs"":[""EV_APP0046_DOCUMENT_SCREEN_DOCUMENT_REVIEW_M1_SKILL_01"",""EV_APP0046_DOCUMENT_SCREEN_DOCUMENT_REVIEW_M1_SKILL_04"",""EV_APP0046_DOCUMENT_SCREEN_DOCUMENT_REVIEW_M1_SKILL_05"",""EV_APP0046_DOCUMENT_SCREEN_DOCUMENT_REVIEW_M1_SKILL_06"",""EV_APP0046_DOCUMENT_SCREEN_DOCUMENT_REVIEW_M1_SKILL_08""],""follow_up_skills"":[""M1_SKILL_01"",""M1_SKILL_04"",""M1_SKILL_05"",""M1_SKILL_06"",""M1_SKILL_08""],""human_rationale"":""공개 기본요건의 검증된 위반 없음. 자기기술을 후속검증 질문으로 전달하며 Skill을 확정하지 않는다."",""observation_refs"":[""OB_REVIEW_ML_01_EV_APP0046_DOCUMENT_SCREEN_DOCUMENT_REVIEW_M1_SKILL_01"",""OB_REVIEW_HM_01_EV_APP0046_DOCUMENT_SCREEN_DOCUMENT_REVIEW_M1_SKILL_01"",""OB_REVIEW_ML_01_EV_APP0046_DOCUMENT_SCREEN_DOCUMENT_REVIEW_M1_SKILL_04"",""OB_REVIEW_HM_01_EV_APP0046_DOCUMENT_SCREEN_DOCUMENT_REVIEW_M1_SKILL_04"",""OB_REVIEW_ML_01_EV_APP0046_DOCUMENT_SCREEN_DOCUMENT_REVIEW_M1_SKILL_05"",""OB_REVIEW_HM_01_EV_APP0046_DOCUMENT_SCREEN_DOCUMENT_REVIEW_M1_SKILL_05"",""OB_REVIEW_ML_01_EV_APP0046_DOCUMENT_SCREEN_DOCUMENT_REVIEW_M1_SKILL_06"",""OB_REVIEW_HM_01_EV_APP0046_DOCUMENT_SCREEN_DOCUMENT_REVIEW_M1_SKILL_06"",""OB_REVIEW_ML_01_EV_APP0046_DOCUMENT_SCREEN_DOCUMENT_REVIEW_M1_SKILL_08"",""OB_REVIEW_HM_01_EV_APP0046_DOCUMENT_SCREEN_DOCUMENT_REVIEW_M1_SKILL_08""],""stage"":""DOCUMENT_SCREEN""}"
APP0031_DOCUMENT_SCREEN,APP0031,C0031,DOCUMENT_SCREEN,2026-10-15T16:31:00+09:00,,,2026-10-15T16:31:00+09:00,2026-10-25T16:51:00+09:00,2026-10-29T16:51:00+09:00,,ADVANCED,EVIDENCE_CANDIDATES_FOUND,,SYNTHETIC_HUMAN_SCENARIO,"{""criterion"":""NO_VERIFIED_PUBLIC_REQUIREMENT_VIOLATION"",""evidence_candidate_refs"":[""EV_APP0031_DOCUMENT_SCREEN_DOCUMENT_REVIEW_M1_SKILL_01"",""EV_APP0031_DOCUMENT_SCREEN_DOCUMENT_REVIEW_M1_SKILL_04"",""EV_APP0031_DOCUMENT_SCREEN_DOCUMENT_REVIEW_M1_SKILL_05"",""EV_APP0031_DOCUMENT_SCREEN_DOCUMENT_REVIEW_M1_SKILL_06"",""EV_APP0031_DOCUMENT_SCREEN_DOCUMENT_REVIEW_M1_SKILL_08""],""follow_up_skills"":[""M1_SKILL_01"",""M1_SKILL_04"",""M1_SKILL_05"",""M1_SKILL_06"",""M1_SKILL_08""],""human_rationale"":""공개 기본요건의 검증된 위반 없음. 자기기술을 후속검증 질문으로 전달하며 Skill을 확정하지 않는다."",""observation_refs"":[""OB_REVIEW_ML_01_EV_APP0031_DOCUMENT_SCREEN_DOCUMENT_REVIEW_M1_SKILL_01"",""OB_REVIEW_HM_01_EV_APP0031_DOCUMENT_SCREEN_DOCUMENT_REVIEW_M1_SKILL_01"",""OB_REVIEW_ML_01_EV_APP0031_DOCUMENT_SCREEN_DOCUMENT_REVIEW_M1_SKILL_04"",""OB_REVIEW_HM_01_EV_APP0031_DOCUMENT_SCREEN_DOCUMENT_REVIEW_M1_SKILL_04"",""OB_REVIEW_ML_01_EV_APP0031_DOCUMENT_SCREEN_DOCUMENT_REVIEW_M1_SKILL_05"",""OB_REVIEW_HM_01_EV_APP0031_DOCUMENT_SCREEN_DOCUMENT_REVIEW_M1_SKILL_05"",""OB_REVIEW_ML_01_EV_APP0031_DOCUMENT_SCREEN_DOCUMENT_REVIEW_M1_SKILL_06"",""OB_REVIEW_HM_01_EV_APP0031_DOCUMENT_SCREEN_DOCUMENT_REVIEW_M1_SKILL_06"",""OB_REVIEW_ML_01_EV_APP0031_DOCUMENT_SCREEN_DOCUMENT_REVIEW_M1_SKILL_08"",""OB_REVIEW_HM_01_EV_APP0031_DOCUMENT_SCREEN_DOCUMENT_REVIEW_M1_SKILL_08""],""stage"":""DOCUMENT_SCREEN""}"
APP0051_DOCUMENT_SCREEN,APP0051,C0051,DOCUMENT_SCREEN,2026-10-16T12:01:00+09:00,,,2026-10-16T12:01:00+09:00,2026-10-24T12:21:00+09:00,2026-10-25T12:21:00+09:00,,ADVANCED,EVIDENCE_CANDIDATES_FOUND,,SYNTHETIC_HUMAN_SCENARIO,"{""criterion"":""NO_VERIFIED_PUBLIC_REQUIREMENT_VIOLATION"",""evidence_candidate_refs"":[""EV_APP0051_DOCUMENT_SCREEN_DOCUMENT_REVIEW_M1_SKILL_01"",""EV_APP0051_DOCUMENT_SCREEN_DOCUMENT_REVIEW_M1_SKILL_04"",""EV_APP0051_DOCUMENT_SCREEN_DOCUMENT_REVIEW_M1_SKILL_05"",""EV_APP0051_DOCUMENT_SCREEN_DOCUMENT_REVIEW_M1_SKILL_06"",""EV_APP0051_DOCUMENT_SCREEN_DOCUMENT_REVIEW_M1_SKILL_08""],""follow_up_skills"":[""M1_SKILL_01"",""M1_SKILL_04"",""M1_SKILL_05"",""M1_SKILL_06"",""M1_SKILL_08""],""human_rationale"":""공개 기본요건의 검증된 위반 없음. 자기기술을 후속검증 질문으로 전달하며 Skill을 확정하지 않는다."",""observation_refs"":[""OB_REVIEW_ML_01_EV_APP0051_DOCUMENT_SCREEN_DOCUMENT_REVIEW_M1_SKILL_01"",""OB_REVIEW_HM_01_EV_APP0051_DOCUMENT_SCREEN_DOCUMENT_REVIEW_M1_SKILL_01"",""OB_REVIEW_ML_01_EV_APP0051_DOCUMENT_SCREEN_DOCUMENT_REVIEW_M1_SKILL_04"",""OB_REVIEW_HM_01_EV_APP0051_DOCUMENT_SCREEN_DOCUMENT_REVIEW_M1_SKILL_04"",""OB_REVIEW_ML_01_EV_APP0051_DOCUMENT_SCREEN_DOCUMENT_REVIEW_M1_SKILL_05"",""OB_REVIEW_HM_01_EV_APP0051_DOCUMENT_SCREEN_DOCUMENT_REVIEW_M1_SKILL_05"",""OB_REVIEW_ML_01_EV_APP0051_DOCUMENT_SCREEN_DOCUMENT_REVIEW_M1_SKILL_06"",""OB_REVIEW_HM_01_EV_APP0051_DOCUMENT_SCREEN_DOCUMENT_REVIEW_M1_SKILL_06"",""OB_REVIEW_ML_01_EV_APP0051_DOCUMENT_SCREEN_DOCUMENT_REVIEW_M1_SKILL_08"",""OB_REVIEW_HM_01_EV_APP0051_DOCUMENT_SCREEN_DOCUMENT_REVIEW_M1_SKILL_08""],""stage"":""DOCUMENT_SCREEN""}"
APP0021_DOCUMENT_SCREEN,APP0021,C0021,DOCUMENT_SCREEN,2026-10-16T12:51:00+09:00,,,2026-10-16T12:51:00+09:00,2026-10-20T13:16:00+09:00,2026-10-22T13:16:00+09:00,,ADVANCED,EVIDENCE_CANDIDATES_FOUND,,SYNTHETIC_HUMAN_SCENARIO,"{""criterion"":""NO_VERIFIED_PUBLIC_REQUIREMENT_VIOLATION"",""evidence_candidate_refs"":[""EV_APP0021_DOCUMENT_SCREEN_DOCUMENT_REVIEW_M1_SKILL_01"",""EV_APP0021_DOCUMENT_SCREEN_DOCUMENT_REVIEW_M1_SKILL_04"",""EV_APP0021_DOCUMENT_SCREEN_DOCUMENT_REVIEW_M1_SKILL_05"",""EV_APP0021_DOCUMENT_SCREEN_DOCUMENT_REVIEW_M1_SKILL_06"",""EV_APP0021_DOCUMENT_SCREEN_DOCUMENT_REVIEW_M1_SKILL_08""],""follow_up_skills"":[""M1_SKILL_01"",""M1_SKILL_04"",""M1_SKILL_05"",""M1_SKILL_06"",""M1_SKILL_08""],""human_rationale"":""공개 기본요건의 검증된 위반 없음. 자기기술을 후속검증 질문으로 전달하며 Skill을 확정하지 않는다."",""observation_refs"":[""OB_REVIEW_ML_01_EV_APP0021_DOCUMENT_SCREEN_DOCUMENT_REVIEW_M1_SKILL_01"",""OB_REVIEW_HM_01_EV_APP0021_DOCUMENT_SCREEN_DOCUMENT_REVIEW_M1_SKILL_01"",""OB_REVIEW_ML_01_EV_APP0021_DOCUMENT_SCREEN_DOCUMENT_REVIEW_M1_SKILL_04"",""OB_REVIEW_HM_01_EV_APP0021_DOCUMENT_SCREEN_DOCUMENT_REVIEW_M1_SKILL_04"",""OB_REVIEW_ML_01_EV_APP0021_DOCUMENT_SCREEN_DOCUMENT_REVIEW_M1_SKILL_05"",""OB_REVIEW_HM_01_EV_APP0021_DOCUMENT_SCREEN_DOCUMENT_REVIEW_M1_SKILL_05"",""OB_REVIEW_ML_01_EV_APP0021_DOCUMENT_SCREEN_DOCUMENT_REVIEW_M1_SKILL_06"",""OB_REVIEW_HM_01_EV_APP0021_DOCUMENT_SCREEN_DOCUMENT_REVIEW_M1_SKILL_06"",""OB_REVIEW_ML_01_EV_APP0021_DOCUMENT_SCREEN_DOCUMENT_REVIEW_M1_SKILL_08"",""OB_REVIEW_HM_01_EV_APP0021_DOCUMENT_SCREEN_DOCUMENT_REVIEW_M1_SKILL_08""],""stage"":""DOCUMENT_SCREEN""}"
APP0014_DOCUMENT_SCREEN,APP0014,C0014,DOCUMENT_SCREEN,2026-10-16T13:47:00+09:00,,,2026-10-16T13:47:00+09:00,2026-10-21T14:07:00+09:00,2026-10-22T14:07:00+09:00,,ADVANCED,EVIDENCE_CANDIDATES_FOUND,,SYNTHETIC_HUMAN_SCENARIO,"{""criterion"":""NO_VERIFIED_PUBLIC_REQUIREMENT_VIOLATION"",""evidence_candidate_refs"":[""EV_APP0014_DOCUMENT_SCREEN_DOCUMENT_REVIEW_M1_SKILL_01"",""EV_APP0014_DOCUMENT_SCREEN_DOCUMENT_REVIEW_M1_SKILL_04"",""EV_APP0014_DOCUMENT_SCREEN_DOCUMENT_REVIEW_M1_SKILL_05"",""EV_APP0014_DOCUMENT_SCREEN_DOCUMENT_REVIEW_M1_SKILL_06"",""EV_APP0014_DOCUMENT_SCREEN_DOCUMENT_REVIEW_M1_SKILL_08""],""follow_up_skills"":[""M1_SKILL_01"",""M1_SKILL_04"",""M1_SKILL_05"",""M1_SKILL_06"",""M1_SKILL_08""],""human_rationale"":""공개 기본요건의 검증된 위반 없음. 자기기술을 후속검증 질문으로 전달하며 Skill을 확정하지 않는다."",""observation_refs"":[""OB_REVIEW_ML_01_EV_APP0014_DOCUMENT_SCREEN_DOCUMENT_REVIEW_M1_SKILL_01"",""OB_REVIEW_HM_01_EV_APP0014_DOCUMENT_SCREEN_DOCUMENT_REVIEW_M1_SKILL_01"",""OB_REVIEW_ML_01_EV_APP0014_DOCUMENT_SCREEN_DOCUMENT_REVIEW_M1_SKILL_04"",""OB_REVIEW_HM_01_EV_APP0014_DOCUMENT_SCREEN_DOCUMENT_REVIEW_M1_SKILL_04"",""OB_REVIEW_ML_01_EV_APP0014_DOCUMENT_SCREEN_DOCUMENT_REVIEW_M1_SKILL_05"",""OB_REVIEW_HM_01_EV_APP0014_DOCUMENT_SCREEN_DOCUMENT_REVIEW_M1_SKILL_05"",""OB_REVIEW_ML_01_EV_APP0014_DOCUMENT_SCREEN_DOCUMENT_REVIEW_M1_SKILL_06"",""OB_REVIEW_HM_01_EV_APP0014_DOCUMENT_SCREEN_DOCUMENT_REVIEW_M1_SKILL_06"",""OB_REVIEW_ML_01_EV_APP0014_DOCUMENT_SCREEN_DOCUMENT_REVIEW_M1_SKILL_08"",""OB_REVIEW_HM_01_EV_APP0014_DOCUMENT_SCREEN_DOCUMENT_REVIEW_M1_SKILL_08""],""stage"":""DOCUMENT_SCREEN""}"
APP0041_DOCUMENT_SCREEN,APP0041,C0041,DOCUMENT_SCREEN,2026-10-16T15:59:00+09:00,,,2026-10-16T15:59:00+09:00,2026-10-24T16:14:00+09:00,2026-10-24T16:14:00+09:00,,ADVANCED,EVIDENCE_CANDIDATES_FOUND,,SYNTHETIC_HUMAN_SCENARIO,"{""criterion"":""NO_VERIFIED_PUBLIC_REQUIREMENT_VIOLATION"",""evidence_candidate_refs"":[""EV_APP0041_DOCUMENT_SCREEN_DOCUMENT_REVIEW_M1_SKILL_01"",""EV_APP0041_DOCUMENT_SCREEN_DOCUMENT_REVIEW_M1_SKILL_04"",""EV_APP0041_DOCUMENT_SCREEN_DOCUMENT_REVIEW_M1_SKILL_05"",""EV_APP0041_DOCUMENT_SCREEN_DOCUMENT_REVIEW_M1_SKILL_06"",""EV_APP0041_DOCUMENT_SCREEN_DOCUMENT_REVIEW_M1_SKILL_08""],""follow_up_skills"":[""M1_SKILL_01"",""M1_SKILL_04"",""M1_SKILL_05"",""M1_SKILL_06"",""M1_SKILL_08""],""human_rationale"":""공개 기본요건의 검증된 위반 없음. 자기기술을 후속검증 질문으로 전달하며 Skill을 확정하지 않는다."",""observation_refs"":[""OB_REVIEW_ML_01_EV_APP0041_DOCUMENT_SCREEN_DOCUMENT_REVIEW_M1_SKILL_01"",""OB_REVIEW_HM_01_EV_APP0041_DOCUMENT_SCREEN_DOCUMENT_REVIEW_M1_SKILL_01"",""OB_REVIEW_ML_01_EV_APP0041_DOCUMENT_SCREEN_DOCUMENT_REVIEW_M1_SKILL_04"",""OB_REVIEW_HM_01_EV_APP0041_DOCUMENT_SCREEN_DOCUMENT_REVIEW_M1_SKILL_04"",""OB_REVIEW_ML_01_EV_APP0041_DOCUMENT_SCREEN_DOCUMENT_REVIEW_M1_SKILL_05"",""OB_REVIEW_HM_01_EV_APP0041_DOCUMENT_SCREEN_DOCUMENT_REVIEW_M1_SKILL_05"",""OB_REVIEW_ML_01_EV_APP0041_DOCUMENT_SCREEN_DOCUMENT_REVIEW_M1_SKILL_06"",""OB_REVIEW_HM_01_EV_APP0041_DOCUMENT_SCREEN_DOCUMENT_REVIEW_M1_SKILL_06"",""OB_REVIEW_ML_01_EV_APP0041_DOCUMENT_SCREEN_DOCUMENT_REVIEW_M1_SKILL_08"",""OB_REVIEW_HM_01_EV_APP0041_DOCUMENT_SCREEN_DOCUMENT_REVIEW_M1_SKILL_08""],""stage"":""DOCUMENT_SCREEN""}"
APP0034_DOCUMENT_SCREEN,APP0034,C0034,DOCUMENT_SCREEN,2026-10-16T16:52:00+09:00,,,2026-10-16T16:52:00+09:00,2026-10-20T17:12:00+09:00,2026-10-24T17:12:00+09:00,,ADVANCED,EVIDENCE_CANDIDATES_FOUND,,SYNTHETIC_HUMAN_SCENARIO,"{""criterion"":""NO_VERIFIED_PUBLIC_REQUIREMENT_VIOLATION"",""evidence_candidate_refs"":[""EV_APP0034_DOCUMENT_SCREEN_DOCUMENT_REVIEW_M1_SKILL_01"",""EV_APP0034_DOCUMENT_SCREEN_DOCUMENT_REVIEW_M1_SKILL_04"",""EV_APP0034_DOCUMENT_SCREEN_DOCUMENT_REVIEW_M1_SKILL_05"",""EV_APP0034_DOCUMENT_SCREEN_DOCUMENT_REVIEW_M1_SKILL_06"",""EV_APP0034_DOCUMENT_SCREEN_DOCUMENT_REVIEW_M1_SKILL_08""],""follow_up_skills"":[""M1_SKILL_01"",""M1_SKILL_04"",""M1_SKILL_05"",""M1_SKILL_06"",""M1_SKILL_08""],""human_rationale"":""공개 기본요건의 검증된 위반 없음. 자기기술을 후속검증 질문으로 전달하며 Skill을 확정하지 않는다."",""observation_refs"":[""OB_REVIEW_ML_01_EV_APP0034_DOCUMENT_SCREEN_DOCUMENT_REVIEW_M1_SKILL_01"",""OB_REVIEW_HM_01_EV_APP0034_DOCUMENT_SCREEN_DOCUMENT_REVIEW_M1_SKILL_01"",""OB_REVIEW_ML_01_EV_APP0034_DOCUMENT_SCREEN_DOCUMENT_REVIEW_M1_SKILL_04"",""OB_REVIEW_HM_01_EV_APP0034_DOCUMENT_SCREEN_DOCUMENT_REVIEW_M1_SKILL_04"",""OB_REVIEW_ML_01_EV_APP0034_DOCUMENT_SCREEN_DOCUMENT_REVIEW_M1_SKILL_05"",""OB_REVIEW_HM_01_EV_APP0034_DOCUMENT_SCREEN_DOCUMENT_REVIEW_M1_SKILL_05"",""OB_REVIEW_ML_01_EV_APP0034_DOCUMENT_SCREEN_DOCUMENT_REVIEW_M1_SKILL_06"",""OB_REVIEW_HM_01_EV_APP0034_DOCUMENT_SCREEN_DOCUMENT_REVIEW_M1_SKILL_06"",""OB_REVIEW_ML_01_EV_APP0034_DOCUMENT_SCREEN_DOCUMENT_REVIEW_M1_SKILL_08"",""OB_REVIEW_HM_01_EV_APP0034_DOCUMENT_SCREEN_DOCUMENT_REVIEW_M1_SKILL_08""],""stage"":""DOCUMENT_SCREEN""}"
APP0062_DOCUMENT_SCREEN,APP0062,C0062,DOCUMENT_SCREEN,2026-10-17T09:09:00+09:00,,,2026-10-17T09:09:00+09:00,2026-10-27T09:24:00+09:00,2026-10-27T09:24:00+09:00,,ADVANCED,EVIDENCE_CANDIDATES_FOUND,,SYNTHETIC_HUMAN_SCENARIO,"{""criterion"":""NO_VERIFIED_PUBLIC_REQUIREMENT_VIOLATION"",""evidence_candidate_refs"":[""EV_APP0062_DOCUMENT_SCREEN_DOCUMENT_REVIEW_M1_SKILL_01"",""EV_APP0062_DOCUMENT_SCREEN_DOCUMENT_REVIEW_M1_SKILL_04"",""EV_APP0062_DOCUMENT_SCREEN_DOCUMENT_REVIEW_M1_SKILL_05"",""EV_APP0062_DOCUMENT_SCREEN_DOCUMENT_REVIEW_M1_SKILL_06"",""EV_APP0062_DOCUMENT_SCREEN_DOCUMENT_REVIEW_M1_SKILL_08""],""follow_up_skills"":[""M1_SKILL_01"",""M1_SKILL_04"",""M1_SKILL_05"",""M1_SKILL_06"",""M1_SKILL_08""],""human_rationale"":""공개 기본요건의 검증된 위반 없음. 자기기술을 후속검증 질문으로 전달하며 Skill을 확정하지 않는다."",""observation_refs"":[""OB_REVIEW_ML_01_EV_APP0062_DOCUMENT_SCREEN_DOCUMENT_REVIEW_M1_SKILL_01"",""OB_REVIEW_HM_01_EV_APP0062_DOCUMENT_SCREEN_DOCUMENT_REVIEW_M1_SKILL_01"",""OB_REVIEW_ML_01_EV_APP0062_DOCUMENT_SCREEN_DOCUMENT_REVIEW_M1_SKILL_04"",""OB_REVIEW_HM_01_EV_APP0062_DOCUMENT_SCREEN_DOCUMENT_REVIEW_M1_SKILL_04"",""OB_REVIEW_ML_01_EV_APP0062_DOCUMENT_SCREEN_DOCUMENT_REVIEW_M1_SKILL_05"",""OB_REVIEW_HM_01_EV_APP0062_DOCUMENT_SCREEN_DOCUMENT_REVIEW_M1_SKILL_05"",""OB_REVIEW_ML_01_EV_APP0062_DOCUMENT_SCREEN_DOCUMENT_REVIEW_M1_SKILL_06"",""OB_REVIEW_HM_01_EV_APP0062_DOCUMENT_SCREEN_DOCUMENT_REVIEW_M1_SKILL_06"",""OB_REVIEW_ML_01_EV_APP0062_DOCUMENT_SCREEN_DOCUMENT_REVIEW_M1_SKILL_08"",""OB_REVIEW_HM_01_EV_APP0062_DOCUMENT_SCREEN_DOCUMENT_REVIEW_M1_SKILL_08""],""stage"":""DOCUMENT_SCREEN""}"
APP0006_DOCUMENT_SCREEN,APP0006,C0006,DOCUMENT_SCREEN,2026-10-17T09:25:00+09:00,,,2026-10-17T09:25:00+09:00,2026-10-22T09:45:00+09:00,2026-10-22T09:45:00+09:00,,ADVANCED,EVIDENCE_CANDIDATES_FOUND,,SYNTHETIC_HUMAN_SCENARIO,"{""criterion"":""NO_VERIFIED_PUBLIC_REQUIREMENT_VIOLATION"",""evidence_candidate_refs"":[""EV_APP0006_DOCUMENT_SCREEN_DOCUMENT_REVIEW_M1_SKILL_01"",""EV_APP0006_DOCUMENT_SCREEN_DOCUMENT_REVIEW_M1_SKILL_04"",""EV_APP0006_DOCUMENT_SCREEN_DOCUMENT_REVIEW_M1_SKILL_05"",""EV_APP0006_DOCUMENT_SCREEN_DOCUMENT_REVIEW_M1_SKILL_06"",""EV_APP0006_DOCUMENT_SCREEN_DOCUMENT_REVIEW_M1_SKILL_08""],""follow_up_skills"":[""M1_SKILL_01"",""M1_SKILL_04"",""M1_SKILL_05"",""M1_SKILL_06"",""M1_SKILL_08""],""human_rationale"":""공개 기본요건의 검증된 위반 없음. 자기기술을 후속검증 질문으로 전달하며 Skill을 확정하지 않는다."",""observation_refs"":[""OB_REVIEW_ML_01_EV_APP0006_DOCUMENT_SCREEN_DOCUMENT_REVIEW_M1_SKILL_01"",""OB_REVIEW_HM_01_EV_APP0006_DOCUMENT_SCREEN_DOCUMENT_REVIEW_M1_SKILL_01"",""OB_REVIEW_ML_01_EV_APP0006_DOCUMENT_SCREEN_DOCUMENT_REVIEW_M1_SKILL_04"",""OB_REVIEW_HM_01_EV_APP0006_DOCUMENT_SCREEN_DOCUMENT_REVIEW_M1_SKILL_04"",""OB_REVIEW_ML_01_EV_APP0006_DOCUMENT_SCREEN_DOCUMENT_REVIEW_M1_SKILL_05"",""OB_REVIEW_HM_01_EV_APP0006_DOCUMENT_SCREEN_DOCUMENT_REVIEW_M1_SKILL_05"",""OB_REVIEW_ML_01_EV_APP0006_DOCUMENT_SCREEN_DOCUMENT_REVIEW_M1_SKILL_06"",""OB_REVIEW_HM_01_EV_APP0006_DOCUMENT_SCREEN_DOCUMENT_REVIEW_M1_SKILL_06"",""OB_REVIEW_ML_01_EV_APP0006_DOCUMENT_SCREEN_DOCUMENT_REVIEW_M1_SKILL_08"",""OB_REVIEW_HM_01_EV_APP0006_DOCUMENT_SCREEN_DOCUMENT_REVIEW_M1_SKILL_08""],""stage"":""DOCUMENT_SCREEN""}"
APP0012_DOCUMENT_SCREEN,APP0012,C0012,DOCUMENT_SCREEN,2026-10-17T09:45:00+09:00,,,2026-10-17T09:45:00+09:00,2026-10-22T10:00:00+09:00,2026-10-23T10:00:00+09:00,,ADVANCED,EVIDENCE_CANDIDATES_FOUND,,SYNTHETIC_HUMAN_SCENARIO,"{""criterion"":""NO_VERIFIED_PUBLIC_REQUIREMENT_VIOLATION"",""evidence_candidate_refs"":[""EV_APP0012_DOCUMENT_SCREEN_DOCUMENT_REVIEW_M1_SKILL_01"",""EV_APP0012_DOCUMENT_SCREEN_DOCUMENT_REVIEW_M1_SKILL_04"",""EV_APP0012_DOCUMENT_SCREEN_DOCUMENT_REVIEW_M1_SKILL_05"",""EV_APP0012_DOCUMENT_SCREEN_DOCUMENT_REVIEW_M1_SKILL_06"",""EV_APP0012_DOCUMENT_SCREEN_DOCUMENT_REVIEW_M1_SKILL_08""],""follow_up_skills"":[""M1_SKILL_01"",""M1_SKILL_04"",""M1_SKILL_05"",""M1_SKILL_06"",""M1_SKILL_08""],""human_rationale"":""공개 기본요건의 검증된 위반 없음. 자기기술을 후속검증 질문으로 전달하며 Skill을 확정하지 않는다."",""observation_refs"":[""OB_REVIEW_ML_01_EV_APP0012_DOCUMENT_SCREEN_DOCUMENT_REVIEW_M1_SKILL_01"",""OB_REVIEW_HM_01_EV_APP0012_DOCUMENT_SCREEN_DOCUMENT_REVIEW_M1_SKILL_01"",""OB_REVIEW_ML_01_EV_APP0012_DOCUMENT_SCREEN_DOCUMENT_REVIEW_M1_SKILL_04"",""OB_REVIEW_HM_01_EV_APP0012_DOCUMENT_SCREEN_DOCUMENT_REVIEW_M1_SKILL_04"",""OB_REVIEW_ML_01_EV_APP0012_DOCUMENT_SCREEN_DOCUMENT_REVIEW_M1_SKILL_05"",""OB_REVIEW_HM_01_EV_APP0012_DOCUMENT_SCREEN_DOCUMENT_REVIEW_M1_SKILL_05"",""OB_REVIEW_ML_01_EV_APP0012_DOCUMENT_SCREEN_DOCUMENT_REVIEW_M1_SKILL_06"",""OB_REVIEW_HM_01_EV_APP0012_DOCUMENT_SCREEN_DOCUMENT_REVIEW_M1_SKILL_06"",""OB_REVIEW_ML_01_EV_APP0012_DOCUMENT_SCREEN_DOCUMENT_REVIEW_M1_SKILL_08"",""OB_REVIEW_HM_01_EV_APP0012_DOCUMENT_SCREEN_DOCUMENT_REVIEW_M1_SKILL_08""],""stage"":""DOCUMENT_SCREEN""}"
APP0076_DOCUMENT_SCREEN,APP0076,C0076,DOCUMENT_SCREEN,2026-10-17T10:06:00+09:00,,,2026-10-17T10:06:00+09:00,2026-10-26T10:26:00+09:00,2026-10-27T10:26:00+09:00,,ADVANCED,EVIDENCE_CANDIDATES_FOUND,,SYNTHETIC_HUMAN_SCENARIO,"{""criterion"":""NO_VERIFIED_PUBLIC_REQUIREMENT_VIOLATION"",""evidence_candidate_refs"":[""EV_APP0076_DOCUMENT_SCREEN_DOCUMENT_REVIEW_M1_SKILL_01"",""EV_APP0076_DOCUMENT_SCREEN_DOCUMENT_REVIEW_M1_SKILL_04"",""EV_APP0076_DOCUMENT_SCREEN_DOCUMENT_REVIEW_M1_SKILL_05"",""EV_APP0076_DOCUMENT_SCREEN_DOCUMENT_REVIEW_M1_SKILL_06"",""EV_APP0076_DOCUMENT_SCREEN_DOCUMENT_REVIEW_M1_SKILL_08""],""follow_up_skills"":[""M1_SKILL_01"",""M1_SKILL_04"",""M1_SKILL_05"",""M1_SKILL_06"",""M1_SKILL_08""],""human_rationale"":""공개 기본요건의 검증된 위반 없음. 자기기술을 후속검증 질문으로 전달하며 Skill을 확정하지 않는다."",""observation_refs"":[""OB_REVIEW_ML_01_EV_APP0076_DOCUMENT_SCREEN_DOCUMENT_REVIEW_M1_SKILL_01"",""OB_REVIEW_HM_01_EV_APP0076_DOCUMENT_SCREEN_DOCUMENT_REVIEW_M1_SKILL_01"",""OB_REVIEW_ML_01_EV_APP0076_DOCUMENT_SCREEN_DOCUMENT_REVIEW_M1_SKILL_04"",""OB_REVIEW_HM_01_EV_APP0076_DOCUMENT_SCREEN_DOCUMENT_REVIEW_M1_SKILL_04"",""OB_REVIEW_ML_01_EV_APP0076_DOCUMENT_SCREEN_DOCUMENT_REVIEW_M1_SKILL_05"",""OB_REVIEW_HM_01_EV_APP0076_DOCUMENT_SCREEN_DOCUMENT_REVIEW_M1_SKILL_05"",""OB_REVIEW_ML_01_EV_APP0076_DOCUMENT_SCREEN_DOCUMENT_REVIEW_M1_SKILL_06"",""OB_REVIEW_HM_01_EV_APP0076_DOCUMENT_SCREEN_DOCUMENT_REVIEW_M1_SKILL_06"",""OB_REVIEW_ML_01_EV_APP0076_DOCUMENT_SCREEN_DOCUMENT_REVIEW_M1_SKILL_08"",""OB_REVIEW_HM_01_EV_APP0076_DOCUMENT_SCREEN_DOCUMENT_REVIEW_M1_SKILL_08""],""stage"":""DOCUMENT_SCREEN""}"
APP0056_DOCUMENT_SCREEN,APP0056,C0056,DOCUMENT_SCREEN,2026-10-17T10:32:00+09:00,,,2026-10-17T10:32:00+09:00,2026-10-29T10:47:00+09:00,2026-10-30T10:47:00+09:00,,ADVANCED,EVIDENCE_CANDIDATES_FOUND,,SYNTHETIC_HUMAN_SCENARIO,"{""criterion"":""NO_VERIFIED_PUBLIC_REQUIREMENT_VIOLATION"",""evidence_candidate_refs"":[""EV_APP0056_DOCUMENT_SCREEN_DOCUMENT_REVIEW_M1_SKILL_01"",""EV_APP0056_DOCUMENT_SCREEN_DOCUMENT_REVIEW_M1_SKILL_04"",""EV_APP0056_DOCUMENT_SCREEN_DOCUMENT_REVIEW_M1_SKILL_05"",""EV_APP0056_DOCUMENT_SCREEN_DOCUMENT_REVIEW_M1_SKILL_06"",""EV_APP0056_DOCUMENT_SCREEN_DOCUMENT_REVIEW_M1_SKILL_08""],""follow_up_skills"":[""M1_SKILL_01"",""M1_SKILL_04"",""M1_SKILL_05"",""M1_SKILL_06"",""M1_SKILL_08""],""human_rationale"":""공개 기본요건의 검증된 위반 없음. 자기기술을 후속검증 질문으로 전달하며 Skill을 확정하지 않는다."",""observation_refs"":[""OB_REVIEW_ML_01_EV_APP0056_DOCUMENT_SCREEN_DOCUMENT_REVIEW_M1_SKILL_01"",""OB_REVIEW_HM_01_EV_APP0056_DOCUMENT_SCREEN_DOCUMENT_REVIEW_M1_SKILL_01"",""OB_REVIEW_ML_01_EV_APP0056_DOCUMENT_SCREEN_DOCUMENT_REVIEW_M1_SKILL_04"",""OB_REVIEW_HM_01_EV_APP0056_DOCUMENT_SCREEN_DOCUMENT_REVIEW_M1_SKILL_04"",""OB_REVIEW_ML_01_EV_APP0056_DOCUMENT_SCREEN_DOCUMENT_REVIEW_M1_SKILL_05"",""OB_REVIEW_HM_01_EV_APP0056_DOCUMENT_SCREEN_DOCUMENT_REVIEW_M1_SKILL_05"",""OB_REVIEW_ML_01_EV_APP0056_DOCUMENT_SCREEN_DOCUMENT_REVIEW_M1_SKILL_06"",""OB_REVIEW_HM_01_EV_APP0056_DOCUMENT_SCREEN_DOCUMENT_REVIEW_M1_SKILL_06"",""OB_REVIEW_ML_01_EV_APP0056_DOCUMENT_SCREEN_DOCUMENT_REVIEW_M1_SKILL_08"",""OB_REVIEW_HM_01_EV_APP0056_DOCUMENT_SCREEN_DOCUMENT_REVIEW_M1_SKILL_08""],""stage"":""DOCUMENT_SCREEN""}"
APP0068_DOCUMENT_SCREEN,APP0068,C0068,DOCUMENT_SCREEN,2026-10-17T11:33:00+09:00,,,2026-10-17T11:33:00+09:00,2026-10-24T11:58:00+09:00,2026-10-28T11:58:00+09:00,,ADVANCED,EVIDENCE_CANDIDATES_FOUND,,SYNTHETIC_HUMAN_SCENARIO,"{""criterion"":""NO_VERIFIED_PUBLIC_REQUIREMENT_VIOLATION"",""evidence_candidate_refs"":[""EV_APP0068_DOCUMENT_SCREEN_DOCUMENT_REVIEW_M1_SKILL_01"",""EV_APP0068_DOCUMENT_SCREEN_DOCUMENT_REVIEW_M1_SKILL_04"",""EV_APP0068_DOCUMENT_SCREEN_DOCUMENT_REVIEW_M1_SKILL_05"",""EV_APP0068_DOCUMENT_SCREEN_DOCUMENT_REVIEW_M1_SKILL_06"",""EV_APP0068_DOCUMENT_SCREEN_DOCUMENT_REVIEW_M1_SKILL_08""],""follow_up_skills"":[""M1_SKILL_01"",""M1_SKILL_04"",""M1_SKILL_05"",""M1_SKILL_06"",""M1_SKILL_08""],""human_rationale"":""공개 기본요건의 검증된 위반 없음. 자기기술을 후속검증 질문으로 전달하며 Skill을 확정하지 않는다."",""observation_refs"":[""OB_REVIEW_ML_01_EV_APP0068_DOCUMENT_SCREEN_DOCUMENT_REVIEW_M1_SKILL_01"",""OB_REVIEW_HM_01_EV_APP0068_DOCUMENT_SCREEN_DOCUMENT_REVIEW_M1_SKILL_01"",""OB_REVIEW_ML_01_EV_APP0068_DOCUMENT_SCREEN_DOCUMENT_REVIEW_M1_SKILL_04"",""OB_REVIEW_HM_01_EV_APP0068_DOCUMENT_SCREEN_DOCUMENT_REVIEW_M1_SKILL_04"",""OB_REVIEW_ML_01_EV_APP0068_DOCUMENT_SCREEN_DOCUMENT_REVIEW_M1_SKILL_05"",""OB_REVIEW_HM_01_EV_APP0068_DOCUMENT_SCREEN_DOCUMENT_REVIEW_M1_SKILL_05"",""OB_REVIEW_ML_01_EV_APP0068_DOCUMENT_SCREEN_DOCUMENT_REVIEW_M1_SKILL_06"",""OB_REVIEW_HM_01_EV_APP0068_DOCUMENT_SCREEN_DOCUMENT_REVIEW_M1_SKILL_06"",""OB_REVIEW_ML_01_EV_APP0068_DOCUMENT_SCREEN_DOCUMENT_REVIEW_M1_SKILL_08"",""OB_REVIEW_HM_01_EV_APP0068_DOCUMENT_SCREEN_DOCUMENT_REVIEW_M1_SKILL_08""],""stage"":""DOCUMENT_SCREEN""}"
APP0043_DOCUMENT_SCREEN,APP0043,C0043,DOCUMENT_SCREEN,2026-10-17T11:43:00+09:00,,,2026-10-17T11:43:00+09:00,2026-10-25T12:08:00+09:00,2026-10-29T12:08:00+09:00,,ADVANCED,EVIDENCE_CANDIDATES_FOUND,,SYNTHETIC_HUMAN_SCENARIO,"{""criterion"":""NO_VERIFIED_PUBLIC_REQUIREMENT_VIOLATION"",""evidence_candidate_refs"":[""EV_APP0043_DOCUMENT_SCREEN_DOCUMENT_REVIEW_M1_SKILL_01"",""EV_APP0043_DOCUMENT_SCREEN_DOCUMENT_REVIEW_M1_SKILL_04"",""EV_APP0043_DOCUMENT_SCREEN_DOCUMENT_REVIEW_M1_SKILL_05"",""EV_APP0043_DOCUMENT_SCREEN_DOCUMENT_REVIEW_M1_SKILL_06"",""EV_APP0043_DOCUMENT_SCREEN_DOCUMENT_REVIEW_M1_SKILL_08""],""follow_up_skills"":[""M1_SKILL_01"",""M1_SKILL_04"",""M1_SKILL_05"",""M1_SKILL_06"",""M1_SKILL_08""],""human_rationale"":""공개 기본요건의 검증된 위반 없음. 자기기술을 후속검증 질문으로 전달하며 Skill을 확정하지 않는다."",""observation_refs"":[""OB_REVIEW_ML_01_EV_APP0043_DOCUMENT_SCREEN_DOCUMENT_REVIEW_M1_SKILL_01"",""OB_REVIEW_HM_01_EV_APP0043_DOCUMENT_SCREEN_DOCUMENT_REVIEW_M1_SKILL_01"",""OB_REVIEW_ML_01_EV_APP0043_DOCUMENT_SCREEN_DOCUMENT_REVIEW_M1_SKILL_04"",""OB_REVIEW_HM_01_EV_APP0043_DOCUMENT_SCREEN_DOCUMENT_REVIEW_M1_SKILL_04"",""OB_REVIEW_ML_01_EV_APP0043_DOCUMENT_SCREEN_DOCUMENT_REVIEW_M1_SKILL_05"",""OB_REVIEW_HM_01_EV_APP0043_DOCUMENT_SCREEN_DOCUMENT_REVIEW_M1_SKILL_05"",""OB_REVIEW_ML_01_EV_APP0043_DOCUMENT_SCREEN_DOCUMENT_REVIEW_M1_SKILL_06"",""OB_REVIEW_HM_01_EV_APP0043_DOCUMENT_SCREEN_DOCUMENT_REVIEW_M1_SKILL_06"",""OB_REVIEW_ML_01_EV_APP0043_DOCUMENT_SCREEN_DOCUMENT_REVIEW_M1_SKILL_08"",""OB_REVIEW_HM_01_EV_APP0043_DOCUMENT_SCREEN_DOCUMENT_REVIEW_M1_SKILL_08""],""stage"":""DOCUMENT_SCREEN""}"
APP0048_DOCUMENT_SCREEN,APP0048,C0048,DOCUMENT_SCREEN,2026-10-17T12:02:00+09:00,,,2026-10-17T12:02:00+09:00,2026-10-26T12:22:00+09:00,2026-10-26T12:22:00+09:00,,ADVANCED,EVIDENCE_CANDIDATES_FOUND,,SYNTHETIC_HUMAN_SCENARIO,"{""criterion"":""NO_VERIFIED_PUBLIC_REQUIREMENT_VIOLATION"",""evidence_candidate_refs"":[""EV_APP0048_DOCUMENT_SCREEN_DOCUMENT_REVIEW_M1_SKILL_01"",""EV_APP0048_DOCUMENT_SCREEN_DOCUMENT_REVIEW_M1_SKILL_04"",""EV_APP0048_DOCUMENT_SCREEN_DOCUMENT_REVIEW_M1_SKILL_05"",""EV_APP0048_DOCUMENT_SCREEN_DOCUMENT_REVIEW_M1_SKILL_06"",""EV_APP0048_DOCUMENT_SCREEN_DOCUMENT_REVIEW_M1_SKILL_08""],""follow_up_skills"":[""M1_SKILL_01"",""M1_SKILL_04"",""M1_SKILL_05"",""M1_SKILL_06"",""M1_SKILL_08""],""human_rationale"":""공개 기본요건의 검증된 위반 없음. 자기기술을 후속검증 질문으로 전달하며 Skill을 확정하지 않는다."",""observation_refs"":[""OB_REVIEW_ML_01_EV_APP0048_DOCUMENT_SCREEN_DOCUMENT_REVIEW_M1_SKILL_01"",""OB_REVIEW_HM_01_EV_APP0048_DOCUMENT_SCREEN_DOCUMENT_REVIEW_M1_SKILL_01"",""OB_REVIEW_ML_01_EV_APP0048_DOCUMENT_SCREEN_DOCUMENT_REVIEW_M1_SKILL_04"",""OB_REVIEW_HM_01_EV_APP0048_DOCUMENT_SCREEN_DOCUMENT_REVIEW_M1_SKILL_04"",""OB_REVIEW_ML_01_EV_APP0048_DOCUMENT_SCREEN_DOCUMENT_REVIEW_M1_SKILL_05"",""OB_REVIEW_HM_01_EV_APP0048_DOCUMENT_SCREEN_DOCUMENT_REVIEW_M1_SKILL_05"",""OB_REVIEW_ML_01_EV_APP0048_DOCUMENT_SCREEN_DOCUMENT_REVIEW_M1_SKILL_06"",""OB_REVIEW_HM_01_EV_APP0048_DOCUMENT_SCREEN_DOCUMENT_REVIEW_M1_SKILL_06"",""OB_REVIEW_ML_01_EV_APP0048_DOCUMENT_SCREEN_DOCUMENT_REVIEW_M1_SKILL_08"",""OB_REVIEW_HM_01_EV_APP0048_DOCUMENT_SCREEN_DOCUMENT_REVIEW_M1_SKILL_08""],""stage"":""DOCUMENT_SCREEN""}"
APP0058_DOCUMENT_SCREEN,APP0058,C0058,DOCUMENT_SCREEN,2026-10-17T14:11:00+09:00,,,2026-10-17T14:11:00+09:00,2026-10-20T15:02:00+09:00,2026-10-24T15:02:00+09:00,,ADVANCED,EVIDENCE_CANDIDATES_FOUND,,SYNTHETIC_HUMAN_SCENARIO,"{""criterion"":""NO_VERIFIED_PUBLIC_REQUIREMENT_VIOLATION"",""evidence_candidate_refs"":[""EV_APP0058_DOCUMENT_SCREEN_DOCUMENT_REVIEW_M1_SKILL_01"",""EV_APP0058_DOCUMENT_SCREEN_DOCUMENT_REVIEW_M1_SKILL_04"",""EV_APP0058_DOCUMENT_SCREEN_DOCUMENT_REVIEW_M1_SKILL_05"",""EV_APP0058_DOCUMENT_SCREEN_DOCUMENT_REVIEW_M1_SKILL_06"",""EV_APP0058_DOCUMENT_SCREEN_DOCUMENT_REVIEW_M1_SKILL_08""],""follow_up_skills"":[""M1_SKILL_01"",""M1_SKILL_04"",""M1_SKILL_05"",""M1_SKILL_06"",""M1_SKILL_08""],""human_rationale"":""공개 기본요건의 검증된 위반 없음. 자기기술을 후속검증 질문으로 전달하며 Skill을 확정하지 않는다."",""observation_refs"":[""OB_REVIEW_ML_01_EV_APP0058_DOCUMENT_SCREEN_DOCUMENT_REVIEW_M1_SKILL_01"",""OB_REVIEW_HM_01_EV_APP0058_DOCUMENT_SCREEN_DOCUMENT_REVIEW_M1_SKILL_01"",""OB_REVIEW_ML_01_EV_APP0058_DOCUMENT_SCREEN_DOCUMENT_REVIEW_M1_SKILL_04"",""OB_REVIEW_HM_01_EV_APP0058_DOCUMENT_SCREEN_DOCUMENT_REVIEW_M1_SKILL_04"",""OB_REVIEW_ML_01_EV_APP0058_DOCUMENT_SCREEN_DOCUMENT_REVIEW_M1_SKILL_05"",""OB_REVIEW_HM_01_EV_APP0058_DOCUMENT_SCREEN_DOCUMENT_REVIEW_M1_SKILL_05"",""OB_REVIEW_ML_01_EV_APP0058_DOCUMENT_SCREEN_DOCUMENT_REVIEW_M1_SKILL_06"",""OB_REVIEW_HM_01_EV_APP0058_DOCUMENT_SCREEN_DOCUMENT_REVIEW_M1_SKILL_06"",""OB_REVIEW_ML_01_EV_APP0058_DOCUMENT_SCREEN_DOCUMENT_REVIEW_M1_SKILL_08"",""OB_REVIEW_HM_01_EV_APP0058_DOCUMENT_SCREEN_DOCUMENT_REVIEW_M1_SKILL_08""],""stage"":""DOCUMENT_SCREEN""}"
APP0045_DOCUMENT_SCREEN,APP0045,C0045,DOCUMENT_SCREEN,2026-10-17T14:33:00+09:00,,,2026-10-17T14:33:00+09:00,2026-10-21T14:53:00+09:00,2026-10-22T14:53:00+09:00,,ADVANCED,EVIDENCE_CANDIDATES_FOUND,,SYNTHETIC_HUMAN_SCENARIO,"{""criterion"":""NO_VERIFIED_PUBLIC_REQUIREMENT_VIOLATION"",""evidence_candidate_refs"":[""EV_APP0045_DOCUMENT_SCREEN_DOCUMENT_REVIEW_M1_SKILL_01"",""EV_APP0045_DOCUMENT_SCREEN_DOCUMENT_REVIEW_M1_SKILL_04"",""EV_APP0045_DOCUMENT_SCREEN_DOCUMENT_REVIEW_M1_SKILL_05"",""EV_APP0045_DOCUMENT_SCREEN_DOCUMENT_REVIEW_M1_SKILL_06"",""EV_APP0045_DOCUMENT_SCREEN_DOCUMENT_REVIEW_M1_SKILL_08""],""follow_up_skills"":[""M1_SKILL_01"",""M1_SKILL_04"",""M1_SKILL_05"",""M1_SKILL_06"",""M1_SKILL_08""],""human_rationale"":""공개 기본요건의 검증된 위반 없음. 자기기술을 후속검증 질문으로 전달하며 Skill을 확정하지 않는다."",""observation_refs"":[""OB_REVIEW_ML_01_EV_APP0045_DOCUMENT_SCREEN_DOCUMENT_REVIEW_M1_SKILL_01"",""OB_REVIEW_HM_01_EV_APP0045_DOCUMENT_SCREEN_DOCUMENT_REVIEW_M1_SKILL_01"",""OB_REVIEW_ML_01_EV_APP0045_DOCUMENT_SCREEN_DOCUMENT_REVIEW_M1_SKILL_04"",""OB_REVIEW_HM_01_EV_APP0045_DOCUMENT_SCREEN_DOCUMENT_REVIEW_M1_SKILL_04"",""OB_REVIEW_ML_01_EV_APP0045_DOCUMENT_SCREEN_DOCUMENT_REVIEW_M1_SKILL_05"",""OB_REVIEW_HM_01_EV_APP0045_DOCUMENT_SCREEN_DOCUMENT_REVIEW_M1_SKILL_05"",""OB_REVIEW_ML_01_EV_APP0045_DOCUMENT_SCREEN_DOCUMENT_REVIEW_M1_SKILL_06"",""OB_REVIEW_HM_01_EV_APP0045_DOCUMENT_SCREEN_DOCUMENT_REVIEW_M1_SKILL_06"",""OB_REVIEW_ML_01_EV_APP0045_DOCUMENT_SCREEN_DOCUMENT_REVIEW_M1_SKILL_08"",""OB_REVIEW_HM_01_EV_APP0045_DOCUMENT_SCREEN_DOCUMENT_REVIEW_M1_SKILL_08""],""stage"":""DOCUMENT_SCREEN""}"
APP0086_DOCUMENT_SCREEN,APP0086,C0086,DOCUMENT_SCREEN,2026-10-17T15:09:00+09:00,,,2026-10-17T15:09:00+09:00,2026-10-24T15:29:00+09:00,2026-10-26T15:29:00+09:00,,ADVANCED,EVIDENCE_CANDIDATES_FOUND,,SYNTHETIC_HUMAN_SCENARIO,"{""criterion"":""NO_VERIFIED_PUBLIC_REQUIREMENT_VIOLATION"",""evidence_candidate_refs"":[""EV_APP0086_DOCUMENT_SCREEN_DOCUMENT_REVIEW_M1_SKILL_01"",""EV_APP0086_DOCUMENT_SCREEN_DOCUMENT_REVIEW_M1_SKILL_04"",""EV_APP0086_DOCUMENT_SCREEN_DOCUMENT_REVIEW_M1_SKILL_05"",""EV_APP0086_DOCUMENT_SCREEN_DOCUMENT_REVIEW_M1_SKILL_06"",""EV_APP0086_DOCUMENT_SCREEN_DOCUMENT_REVIEW_M1_SKILL_08""],""follow_up_skills"":[""M1_SKILL_01"",""M1_SKILL_04"",""M1_SKILL_05"",""M1_SKILL_06"",""M1_SKILL_08""],""human_rationale"":""공개 기본요건의 검증된 위반 없음. 자기기술을 후속검증 질문으로 전달하며 Skill을 확정하지 않는다."",""observation_refs"":[""OB_REVIEW_ML_01_EV_APP0086_DOCUMENT_SCREEN_DOCUMENT_REVIEW_M1_SKILL_01"",""OB_REVIEW_HM_01_EV_APP0086_DOCUMENT_SCREEN_DOCUMENT_REVIEW_M1_SKILL_01"",""OB_REVIEW_ML_01_EV_APP0086_DOCUMENT_SCREEN_DOCUMENT_REVIEW_M1_SKILL_04"",""OB_REVIEW_HM_01_EV_APP0086_DOCUMENT_SCREEN_DOCUMENT_REVIEW_M1_SKILL_04"",""OB_REVIEW_ML_01_EV_APP0086_DOCUMENT_SCREEN_DOCUMENT_REVIEW_M1_SKILL_05"",""OB_REVIEW_HM_01_EV_APP0086_DOCUMENT_SCREEN_DOCUMENT_REVIEW_M1_SKILL_05"",""OB_REVIEW_ML_01_EV_APP0086_DOCUMENT_SCREEN_DOCUMENT_REVIEW_M1_SKILL_06"",""OB_REVIEW_HM_01_EV_APP0086_DOCUMENT_SCREEN_DOCUMENT_REVIEW_M1_SKILL_06"",""OB_REVIEW_ML_01_EV_APP0086_DOCUMENT_SCREEN_DOCUMENT_REVIEW_M1_SKILL_08"",""OB_REVIEW_HM_01_EV_APP0086_DOCUMENT_SCREEN_DOCUMENT_REVIEW_M1_SKILL_08""],""stage"":""DOCUMENT_SCREEN""}"
APP0035_DOCUMENT_SCREEN,APP0035,C0035,DOCUMENT_SCREEN,2026-10-17T15:46:00+09:00,,,2026-10-17T15:46:00+09:00,2026-10-23T16:06:00+09:00,2026-10-23T16:06:00+09:00,,ADVANCED,EVIDENCE_CANDIDATES_FOUND,,SYNTHETIC_HUMAN_SCENARIO,"{""criterion"":""NO_VERIFIED_PUBLIC_REQUIREMENT_VIOLATION"",""evidence_candidate_refs"":[""EV_APP0035_DOCUMENT_SCREEN_DOCUMENT_REVIEW_M1_SKILL_01"",""EV_APP0035_DOCUMENT_SCREEN_DOCUMENT_REVIEW_M1_SKILL_04"",""EV_APP0035_DOCUMENT_SCREEN_DOCUMENT_REVIEW_M1_SKILL_05"",""EV_APP0035_DOCUMENT_SCREEN_DOCUMENT_REVIEW_M1_SKILL_06"",""EV_APP0035_DOCUMENT_SCREEN_DOCUMENT_REVIEW_M1_SKILL_08""],""follow_up_skills"":[""M1_SKILL_01"",""M1_SKILL_04"",""M1_SKILL_05"",""M1_SKILL_06"",""M1_SKILL_08""],""human_rationale"":""공개 기본요건의 검증된 위반 없음. 자기기술을 후속검증 질문으로 전달하며 Skill을 확정하지 않는다."",""observation_refs"":[""OB_REVIEW_ML_01_EV_APP0035_DOCUMENT_SCREEN_DOCUMENT_REVIEW_M1_SKILL_01"",""OB_REVIEW_HM_01_EV_APP0035_DOCUMENT_SCREEN_DOCUMENT_REVIEW_M1_SKILL_01"",""OB_REVIEW_ML_01_EV_APP0035_DOCUMENT_SCREEN_DOCUMENT_REVIEW_M1_SKILL_04"",""OB_REVIEW_HM_01_EV_APP0035_DOCUMENT_SCREEN_DOCUMENT_REVIEW_M1_SKILL_04"",""OB_REVIEW_ML_01_EV_APP0035_DOCUMENT_SCREEN_DOCUMENT_REVIEW_M1_SKILL_05"",""OB_REVIEW_HM_01_EV_APP0035_DOCUMENT_SCREEN_DOCUMENT_REVIEW_M1_SKILL_05"",""OB_REVIEW_ML_01_EV_APP0035_DOCUMENT_SCREEN_DOCUMENT_REVIEW_M1_SKILL_06"",""OB_REVIEW_HM_01_EV_APP0035_DOCUMENT_SCREEN_DOCUMENT_REVIEW_M1_SKILL_06"",""OB_REVIEW_ML_01_EV_APP0035_DOCUMENT_SCREEN_DOCUMENT_REVIEW_M1_SKILL_08"",""OB_REVIEW_HM_01_EV_APP0035_DOCUMENT_SCREEN_DOCUMENT_REVIEW_M1_SKILL_08""],""stage"":""DOCUMENT_SCREEN""}"
APP0053_DOCUMENT_SCREEN,APP0053,C0053,DOCUMENT_SCREEN,2026-10-18T09:03:00+09:00,,,2026-10-18T09:03:00+09:00,2026-10-26T09:28:00+09:00,2026-10-27T09:28:00+09:00,,ADVANCED,EVIDENCE_CANDIDATES_FOUND,,SYNTHETIC_HUMAN_SCENARIO,"{""criterion"":""NO_VERIFIED_PUBLIC_REQUIREMENT_VIOLATION"",""evidence_candidate_refs"":[""EV_APP0053_DOCUMENT_SCREEN_DOCUMENT_REVIEW_M1_SKILL_01"",""EV_APP0053_DOCUMENT_SCREEN_DOCUMENT_REVIEW_M1_SKILL_04"",""EV_APP0053_DOCUMENT_SCREEN_DOCUMENT_REVIEW_M1_SKILL_05"",""EV_APP0053_DOCUMENT_SCREEN_DOCUMENT_REVIEW_M1_SKILL_06"",""EV_APP0053_DOCUMENT_SCREEN_DOCUMENT_REVIEW_M1_SKILL_08""],""follow_up_skills"":[""M1_SKILL_01"",""M1_SKILL_04"",""M1_SKILL_05"",""M1_SKILL_06"",""M1_SKILL_08""],""human_rationale"":""공개 기본요건의 검증된 위반 없음. 자기기술을 후속검증 질문으로 전달하며 Skill을 확정하지 않는다."",""observation_refs"":[""OB_REVIEW_ML_01_EV_APP0053_DOCUMENT_SCREEN_DOCUMENT_REVIEW_M1_SKILL_01"",""OB_REVIEW_HM_01_EV_APP0053_DOCUMENT_SCREEN_DOCUMENT_REVIEW_M1_SKILL_01"",""OB_REVIEW_ML_01_EV_APP0053_DOCUMENT_SCREEN_DOCUMENT_REVIEW_M1_SKILL_04"",""OB_REVIEW_HM_01_EV_APP0053_DOCUMENT_SCREEN_DOCUMENT_REVIEW_M1_SKILL_04"",""OB_REVIEW_ML_01_EV_APP0053_DOCUMENT_SCREEN_DOCUMENT_REVIEW_M1_SKILL_05"",""OB_REVIEW_HM_01_EV_APP0053_DOCUMENT_SCREEN_DOCUMENT_REVIEW_M1_SKILL_05"",""OB_REVIEW_ML_01_EV_APP0053_DOCUMENT_SCREEN_DOCUMENT_REVIEW_M1_SKILL_06"",""OB_REVIEW_HM_01_EV_APP0053_DOCUMENT_SCREEN_DOCUMENT_REVIEW_M1_SKILL_06"",""OB_REVIEW_ML_01_EV_APP0053_DOCUMENT_SCREEN_DOCUMENT_REVIEW_M1_SKILL_08"",""OB_REVIEW_HM_01_EV_APP0053_DOCUMENT_SCREEN_DOCUMENT_REVIEW_M1_SKILL_08""],""stage"":""DOCUMENT_SCREEN""}"
APP0079_DOCUMENT_SCREEN,APP0079,C0079,DOCUMENT_SCREEN,2026-10-18T09:57:00+09:00,,,2026-10-18T09:57:00+09:00,2026-10-26T10:22:00+09:00,2026-10-30T10:22:00+09:00,,ADVANCED,EVIDENCE_CANDIDATES_FOUND,,SYNTHETIC_HUMAN_SCENARIO,"{""criterion"":""NO_VERIFIED_PUBLIC_REQUIREMENT_VIOLATION"",""evidence_candidate_refs"":[""EV_APP0079_DOCUMENT_SCREEN_DOCUMENT_REVIEW_M1_SKILL_01"",""EV_APP0079_DOCUMENT_SCREEN_DOCUMENT_REVIEW_M1_SKILL_04"",""EV_APP0079_DOCUMENT_SCREEN_DOCUMENT_REVIEW_M1_SKILL_05"",""EV_APP0079_DOCUMENT_SCREEN_DOCUMENT_REVIEW_M1_SKILL_06"",""EV_APP0079_DOCUMENT_SCREEN_DOCUMENT_REVIEW_M1_SKILL_08""],""follow_up_skills"":[""M1_SKILL_01"",""M1_SKILL_04"",""M1_SKILL_05"",""M1_SKILL_06"",""M1_SKILL_08""],""human_rationale"":""공개 기본요건의 검증된 위반 없음. 자기기술을 후속검증 질문으로 전달하며 Skill을 확정하지 않는다."",""observation_refs"":[""OB_REVIEW_ML_01_EV_APP0079_DOCUMENT_SCREEN_DOCUMENT_REVIEW_M1_SKILL_01"",""OB_REVIEW_HM_01_EV_APP0079_DOCUMENT_SCREEN_DOCUMENT_REVIEW_M1_SKILL_01"",""OB_REVIEW_ML_01_EV_APP0079_DOCUMENT_SCREEN_DOCUMENT_REVIEW_M1_SKILL_04"",""OB_REVIEW_HM_01_EV_APP0079_DOCUMENT_SCREEN_DOCUMENT_REVIEW_M1_SKILL_04"",""OB_REVIEW_ML_01_EV_APP0079_DOCUMENT_SCREEN_DOCUMENT_REVIEW_M1_SKILL_05"",""OB_REVIEW_HM_01_EV_APP0079_DOCUMENT_SCREEN_DOCUMENT_REVIEW_M1_SKILL_05"",""OB_REVIEW_ML_01_EV_APP0079_DOCUMENT_SCREEN_DOCUMENT_REVIEW_M1_SKILL_06"",""OB_REVIEW_HM_01_EV_APP0079_DOCUMENT_SCREEN_DOCUMENT_REVIEW_M1_SKILL_06"",""OB_REVIEW_ML_01_EV_APP0079_DOCUMENT_SCREEN_DOCUMENT_REVIEW_M1_SKILL_08"",""OB_REVIEW_HM_01_EV_APP0079_DOCUMENT_SCREEN_DOCUMENT_REVIEW_M1_SKILL_08""],""stage"":""DOCUMENT_SCREEN""}"
APP0029_DOCUMENT_SCREEN,APP0029,C0029,DOCUMENT_SCREEN,2026-10-18T10:39:00+09:00,,,2026-10-18T10:39:00+09:00,2026-10-22T11:04:00+09:00,2026-10-26T11:04:00+09:00,,ADVANCED,EVIDENCE_CANDIDATES_FOUND,,SYNTHETIC_HUMAN_SCENARIO,"{""criterion"":""NO_VERIFIED_PUBLIC_REQUIREMENT_VIOLATION"",""evidence_candidate_refs"":[""EV_APP0029_DOCUMENT_SCREEN_DOCUMENT_REVIEW_M1_SKILL_01"",""EV_APP0029_DOCUMENT_SCREEN_DOCUMENT_REVIEW_M1_SKILL_04"",""EV_APP0029_DOCUMENT_SCREEN_DOCUMENT_REVIEW_M1_SKILL_05"",""EV_APP0029_DOCUMENT_SCREEN_DOCUMENT_REVIEW_M1_SKILL_06"",""EV_APP0029_DOCUMENT_SCREEN_DOCUMENT_REVIEW_M1_SKILL_08""],""follow_up_skills"":[""M1_SKILL_01"",""M1_SKILL_04"",""M1_SKILL_05"",""M1_SKILL_06"",""M1_SKILL_08""],""human_rationale"":""공개 기본요건의 검증된 위반 없음. 자기기술을 후속검증 질문으로 전달하며 Skill을 확정하지 않는다."",""observation_refs"":[""OB_REVIEW_ML_01_EV_APP0029_DOCUMENT_SCREEN_DOCUMENT_REVIEW_M1_SKILL_01"",""OB_REVIEW_HM_01_EV_APP0029_DOCUMENT_SCREEN_DOCUMENT_REVIEW_M1_SKILL_01"",""OB_REVIEW_ML_01_EV_APP0029_DOCUMENT_SCREEN_DOCUMENT_REVIEW_M1_SKILL_04"",""OB_REVIEW_HM_01_EV_APP0029_DOCUMENT_SCREEN_DOCUMENT_REVIEW_M1_SKILL_04"",""OB_REVIEW_ML_01_EV_APP0029_DOCUMENT_SCREEN_DOCUMENT_REVIEW_M1_SKILL_05"",""OB_REVIEW_HM_01_EV_APP0029_DOCUMENT_SCREEN_DOCUMENT_REVIEW_M1_SKILL_05"",""OB_REVIEW_ML_01_EV_APP0029_DOCUMENT_SCREEN_DOCUMENT_REVIEW_M1_SKILL_06"",""OB_REVIEW_HM_01_EV_APP0029_DOCUMENT_SCREEN_DOCUMENT_REVIEW_M1_SKILL_06"",""OB_REVIEW_ML_01_EV_APP0029_DOCUMENT_SCREEN_DOCUMENT_REVIEW_M1_SKILL_08"",""OB_REVIEW_HM_01_EV_APP0029_DOCUMENT_SCREEN_DOCUMENT_REVIEW_M1_SKILL_08""],""stage"":""DOCUMENT_SCREEN""}"
APP0059_DOCUMENT_SCREEN,APP0059,C0059,DOCUMENT_SCREEN,2026-10-18T11:48:00+09:00,,,2026-10-18T11:48:00+09:00,2026-10-21T12:23:00+09:00,2026-10-21T12:23:00+09:00,,ADVANCED,EVIDENCE_CANDIDATES_FOUND,,SYNTHETIC_HUMAN_SCENARIO,"{""criterion"":""NO_VERIFIED_PUBLIC_REQUIREMENT_VIOLATION"",""evidence_candidate_refs"":[""EV_APP0059_DOCUMENT_SCREEN_DOCUMENT_REVIEW_M1_SKILL_01"",""EV_APP0059_DOCUMENT_SCREEN_DOCUMENT_REVIEW_M1_SKILL_04"",""EV_APP0059_DOCUMENT_SCREEN_DOCUMENT_REVIEW_M1_SKILL_05"",""EV_APP0059_DOCUMENT_SCREEN_DOCUMENT_REVIEW_M1_SKILL_06"",""EV_APP0059_DOCUMENT_SCREEN_DOCUMENT_REVIEW_M1_SKILL_08""],""follow_up_skills"":[""M1_SKILL_01"",""M1_SKILL_04"",""M1_SKILL_05"",""M1_SKILL_06"",""M1_SKILL_08""],""human_rationale"":""공개 기본요건의 검증된 위반 없음. 자기기술을 후속검증 질문으로 전달하며 Skill을 확정하지 않는다."",""observation_refs"":[""OB_REVIEW_ML_01_EV_APP0059_DOCUMENT_SCREEN_DOCUMENT_REVIEW_M1_SKILL_01"",""OB_REVIEW_HM_01_EV_APP0059_DOCUMENT_SCREEN_DOCUMENT_REVIEW_M1_SKILL_01"",""OB_REVIEW_ML_01_EV_APP0059_DOCUMENT_SCREEN_DOCUMENT_REVIEW_M1_SKILL_04"",""OB_REVIEW_HM_01_EV_APP0059_DOCUMENT_SCREEN_DOCUMENT_REVIEW_M1_SKILL_04"",""OB_REVIEW_ML_01_EV_APP0059_DOCUMENT_SCREEN_DOCUMENT_REVIEW_M1_SKILL_05"",""OB_REVIEW_HM_01_EV_APP0059_DOCUMENT_SCREEN_DOCUMENT_REVIEW_M1_SKILL_05"",""OB_REVIEW_ML_01_EV_APP0059_DOCUMENT_SCREEN_DOCUMENT_REVIEW_M1_SKILL_06"",""OB_REVIEW_HM_01_EV_APP0059_DOCUMENT_SCREEN_DOCUMENT_REVIEW_M1_SKILL_06"",""OB_REVIEW_ML_01_EV_APP0059_DOCUMENT_SCREEN_DOCUMENT_REVIEW_M1_SKILL_08"",""OB_REVIEW_HM_01_EV_APP0059_DOCUMENT_SCREEN_DOCUMENT_REVIEW_M1_SKILL_08""],""stage"":""DOCUMENT_SCREEN""}"
APP0085_DOCUMENT_SCREEN,APP0085,C0085,DOCUMENT_SCREEN,2026-10-18T11:54:00+09:00,,,2026-10-18T11:54:00+09:00,2026-10-22T12:43:00+09:00,2026-10-24T12:43:00+09:00,,ADVANCED,EVIDENCE_CANDIDATES_FOUND,,SYNTHETIC_HUMAN_SCENARIO,"{""criterion"":""NO_VERIFIED_PUBLIC_REQUIREMENT_VIOLATION"",""evidence_candidate_refs"":[""EV_APP0085_DOCUMENT_SCREEN_DOCUMENT_REVIEW_M1_SKILL_01"",""EV_APP0085_DOCUMENT_SCREEN_DOCUMENT_REVIEW_M1_SKILL_04"",""EV_APP0085_DOCUMENT_SCREEN_DOCUMENT_REVIEW_M1_SKILL_05"",""EV_APP0085_DOCUMENT_SCREEN_DOCUMENT_REVIEW_M1_SKILL_06"",""EV_APP0085_DOCUMENT_SCREEN_DOCUMENT_REVIEW_M1_SKILL_08""],""follow_up_skills"":[""M1_SKILL_01"",""M1_SKILL_04"",""M1_SKILL_05"",""M1_SKILL_06"",""M1_SKILL_08""],""human_rationale"":""공개 기본요건의 검증된 위반 없음. 자기기술을 후속검증 질문으로 전달하며 Skill을 확정하지 않는다."",""observation_refs"":[""OB_REVIEW_ML_01_EV_APP0085_DOCUMENT_SCREEN_DOCUMENT_REVIEW_M1_SKILL_01"",""OB_REVIEW_HM_01_EV_APP0085_DOCUMENT_SCREEN_DOCUMENT_REVIEW_M1_SKILL_01"",""OB_REVIEW_ML_01_EV_APP0085_DOCUMENT_SCREEN_DOCUMENT_REVIEW_M1_SKILL_04"",""OB_REVIEW_HM_01_EV_APP0085_DOCUMENT_SCREEN_DOCUMENT_REVIEW_M1_SKILL_04"",""OB_REVIEW_ML_01_EV_APP0085_DOCUMENT_SCREEN_DOCUMENT_REVIEW_M1_SKILL_05"",""OB_REVIEW_HM_01_EV_APP0085_DOCUMENT_SCREEN_DOCUMENT_REVIEW_M1_SKILL_05"",""OB_REVIEW_ML_01_EV_APP0085_DOCUMENT_SCREEN_DOCUMENT_REVIEW_M1_SKILL_06"",""OB_REVIEW_HM_01_EV_APP0085_DOCUMENT_SCREEN_DOCUMENT_REVIEW_M1_SKILL_06"",""OB_REVIEW_ML_01_EV_APP0085_DOCUMENT_SCREEN_DOCUMENT_REVIEW_M1_SKILL_08"",""OB_REVIEW_HM_01_EV_APP0085_DOCUMENT_SCREEN_DOCUMENT_REVIEW_M1_SKILL_08""],""stage"":""DOCUMENT_SCREEN""}"
APP0024_DOCUMENT_SCREEN,APP0024,C0024,DOCUMENT_SCREEN,2026-10-18T13:29:00+09:00,,,2026-10-18T13:29:00+09:00,2026-10-21T13:44:00+09:00,2026-10-22T13:44:00+09:00,,ADVANCED,EVIDENCE_CANDIDATES_FOUND,,SYNTHETIC_HUMAN_SCENARIO,"{""criterion"":""NO_VERIFIED_PUBLIC_REQUIREMENT_VIOLATION"",""evidence_candidate_refs"":[""EV_APP0024_DOCUMENT_SCREEN_DOCUMENT_REVIEW_M1_SKILL_01"",""EV_APP0024_DOCUMENT_SCREEN_DOCUMENT_REVIEW_M1_SKILL_04"",""EV_APP0024_DOCUMENT_SCREEN_DOCUMENT_REVIEW_M1_SKILL_05"",""EV_APP0024_DOCUMENT_SCREEN_DOCUMENT_REVIEW_M1_SKILL_06"",""EV_APP0024_DOCUMENT_SCREEN_DOCUMENT_REVIEW_M1_SKILL_08""],""follow_up_skills"":[""M1_SKILL_01"",""M1_SKILL_04"",""M1_SKILL_05"",""M1_SKILL_06"",""M1_SKILL_08""],""human_rationale"":""공개 기본요건의 검증된 위반 없음. 자기기술을 후속검증 질문으로 전달하며 Skill을 확정하지 않는다."",""observation_refs"":[""OB_REVIEW_ML_01_EV_APP0024_DOCUMENT_SCREEN_DOCUMENT_REVIEW_M1_SKILL_01"",""OB_REVIEW_HM_01_EV_APP0024_DOCUMENT_SCREEN_DOCUMENT_REVIEW_M1_SKILL_01"",""OB_REVIEW_ML_01_EV_APP0024_DOCUMENT_SCREEN_DOCUMENT_REVIEW_M1_SKILL_04"",""OB_REVIEW_HM_01_EV_APP0024_DOCUMENT_SCREEN_DOCUMENT_REVIEW_M1_SKILL_04"",""OB_REVIEW_ML_01_EV_APP0024_DOCUMENT_SCREEN_DOCUMENT_REVIEW_M1_SKILL_05"",""OB_REVIEW_HM_01_EV_APP0024_DOCUMENT_SCREEN_DOCUMENT_REVIEW_M1_SKILL_05"",""OB_REVIEW_ML_01_EV_APP0024_DOCUMENT_SCREEN_DOCUMENT_REVIEW_M1_SKILL_06"",""OB_REVIEW_HM_01_EV_APP0024_DOCUMENT_SCREEN_DOCUMENT_REVIEW_M1_SKILL_06"",""OB_REVIEW_ML_01_EV_APP0024_DOCUMENT_SCREEN_DOCUMENT_REVIEW_M1_SKILL_08"",""OB_REVIEW_HM_01_EV_APP0024_DOCUMENT_SCREEN_DOCUMENT_REVIEW_M1_SKILL_08""],""stage"":""DOCUMENT_SCREEN""}"
APP0103_DOCUMENT_SCREEN,APP0103,C0103,DOCUMENT_SCREEN,2026-10-18T13:37:00+09:00,,,2026-10-18T13:37:00+09:00,2026-10-28T14:02:00+09:00,2026-11-01T14:02:00+09:00,,ADVANCED,EVIDENCE_CANDIDATES_FOUND,,SYNTHETIC_HUMAN_SCENARIO,"{""criterion"":""NO_VERIFIED_PUBLIC_REQUIREMENT_VIOLATION"",""evidence_candidate_refs"":[""EV_APP0103_DOCUMENT_SCREEN_DOCUMENT_REVIEW_M1_SKILL_01"",""EV_APP0103_DOCUMENT_SCREEN_DOCUMENT_REVIEW_M1_SKILL_04"",""EV_APP0103_DOCUMENT_SCREEN_DOCUMENT_REVIEW_M1_SKILL_05"",""EV_APP0103_DOCUMENT_SCREEN_DOCUMENT_REVIEW_M1_SKILL_06"",""EV_APP0103_DOCUMENT_SCREEN_DOCUMENT_REVIEW_M1_SKILL_08""],""follow_up_skills"":[""M1_SKILL_01"",""M1_SKILL_04"",""M1_SKILL_05"",""M1_SKILL_06"",""M1_SKILL_08""],""human_rationale"":""공개 기본요건의 검증된 위반 없음. 자기기술을 후속검증 질문으로 전달하며 Skill을 확정하지 않는다."",""observation_refs"":[""OB_REVIEW_ML_01_EV_APP0103_DOCUMENT_SCREEN_DOCUMENT_REVIEW_M1_SKILL_01"",""OB_REVIEW_HM_01_EV_APP0103_DOCUMENT_SCREEN_DOCUMENT_REVIEW_M1_SKILL_01"",""OB_REVIEW_ML_01_EV_APP0103_DOCUMENT_SCREEN_DOCUMENT_REVIEW_M1_SKILL_04"",""OB_REVIEW_HM_01_EV_APP0103_DOCUMENT_SCREEN_DOCUMENT_REVIEW_M1_SKILL_04"",""OB_REVIEW_ML_01_EV_APP0103_DOCUMENT_SCREEN_DOCUMENT_REVIEW_M1_SKILL_05"",""OB_REVIEW_HM_01_EV_APP0103_DOCUMENT_SCREEN_DOCUMENT_REVIEW_M1_SKILL_05"",""OB_REVIEW_ML_01_EV_APP0103_DOCUMENT_SCREEN_DOCUMENT_REVIEW_M1_SKILL_06"",""OB_REVIEW_HM_01_EV_APP0103_DOCUMENT_SCREEN_DOCUMENT_REVIEW_M1_SKILL_06"",""OB_REVIEW_ML_01_EV_APP0103_DOCUMENT_SCREEN_DOCUMENT_REVIEW_M1_SKILL_08"",""OB_REVIEW_HM_01_EV_APP0103_DOCUMENT_SCREEN_DOCUMENT_REVIEW_M1_SKILL_08""],""stage"":""DOCUMENT_SCREEN""}"
APP0074_DOCUMENT_SCREEN,APP0074,C0074,DOCUMENT_SCREEN,2026-10-18T13:41:00+09:00,,,2026-10-18T13:41:00+09:00,2026-10-26T14:01:00+09:00,2026-10-26T14:01:00+09:00,,ADVANCED,EVIDENCE_CANDIDATES_FOUND,,SYNTHETIC_HUMAN_SCENARIO,"{""criterion"":""NO_VERIFIED_PUBLIC_REQUIREMENT_VIOLATION"",""evidence_candidate_refs"":[""EV_APP0074_DOCUMENT_SCREEN_DOCUMENT_REVIEW_M1_SKILL_01"",""EV_APP0074_DOCUMENT_SCREEN_DOCUMENT_REVIEW_M1_SKILL_04"",""EV_APP0074_DOCUMENT_SCREEN_DOCUMENT_REVIEW_M1_SKILL_05"",""EV_APP0074_DOCUMENT_SCREEN_DOCUMENT_REVIEW_M1_SKILL_06"",""EV_APP0074_DOCUMENT_SCREEN_DOCUMENT_REVIEW_M1_SKILL_08""],""follow_up_skills"":[""M1_SKILL_01"",""M1_SKILL_04"",""M1_SKILL_05"",""M1_SKILL_06"",""M1_SKILL_08""],""human_rationale"":""공개 기본요건의 검증된 위반 없음. 자기기술을 후속검증 질문으로 전달하며 Skill을 확정하지 않는다."",""observation_refs"":[""OB_REVIEW_ML_01_EV_APP0074_DOCUMENT_SCREEN_DOCUMENT_REVIEW_M1_SKILL_01"",""OB_REVIEW_HM_01_EV_APP0074_DOCUMENT_SCREEN_DOCUMENT_REVIEW_M1_SKILL_01"",""OB_REVIEW_ML_01_EV_APP0074_DOCUMENT_SCREEN_DOCUMENT_REVIEW_M1_SKILL_04"",""OB_REVIEW_HM_01_EV_APP0074_DOCUMENT_SCREEN_DOCUMENT_REVIEW_M1_SKILL_04"",""OB_REVIEW_ML_01_EV_APP0074_DOCUMENT_SCREEN_DOCUMENT_REVIEW_M1_SKILL_05"",""OB_REVIEW_HM_01_EV_APP0074_DOCUMENT_SCREEN_DOCUMENT_REVIEW_M1_SKILL_05"",""OB_REVIEW_ML_01_EV_APP0074_DOCUMENT_SCREEN_DOCUMENT_REVIEW_M1_SKILL_06"",""OB_REVIEW_HM_01_EV_APP0074_DOCUMENT_SCREEN_DOCUMENT_REVIEW_M1_SKILL_06"",""OB_REVIEW_ML_01_EV_APP0074_DOCUMENT_SCREEN_DOCUMENT_REVIEW_M1_SKILL_08"",""OB_REVIEW_HM_01_EV_APP0074_DOCUMENT_SCREEN_DOCUMENT_REVIEW_M1_SKILL_08""],""stage"":""DOCUMENT_SCREEN""}"
APP0088_DOCUMENT_SCREEN,APP0088,C0088,DOCUMENT_SCREEN,2026-10-18T13:46:00+09:00,,,2026-10-18T13:46:00+09:00,2026-10-25T14:01:00+09:00,2026-10-27T14:01:00+09:00,,ADVANCED,EVIDENCE_CANDIDATES_FOUND,,SYNTHETIC_HUMAN_SCENARIO,"{""criterion"":""NO_VERIFIED_PUBLIC_REQUIREMENT_VIOLATION"",""evidence_candidate_refs"":[""EV_APP0088_DOCUMENT_SCREEN_DOCUMENT_REVIEW_M1_SKILL_01"",""EV_APP0088_DOCUMENT_SCREEN_DOCUMENT_REVIEW_M1_SKILL_04"",""EV_APP0088_DOCUMENT_SCREEN_DOCUMENT_REVIEW_M1_SKILL_05"",""EV_APP0088_DOCUMENT_SCREEN_DOCUMENT_REVIEW_M1_SKILL_06"",""EV_APP0088_DOCUMENT_SCREEN_DOCUMENT_REVIEW_M1_SKILL_08""],""follow_up_skills"":[""M1_SKILL_01"",""M1_SKILL_04"",""M1_SKILL_05"",""M1_SKILL_06"",""M1_SKILL_08""],""human_rationale"":""공개 기본요건의 검증된 위반 없음. 자기기술을 후속검증 질문으로 전달하며 Skill을 확정하지 않는다."",""observation_refs"":[""OB_REVIEW_ML_01_EV_APP0088_DOCUMENT_SCREEN_DOCUMENT_REVIEW_M1_SKILL_01"",""OB_REVIEW_HM_01_EV_APP0088_DOCUMENT_SCREEN_DOCUMENT_REVIEW_M1_SKILL_01"",""OB_REVIEW_ML_01_EV_APP0088_DOCUMENT_SCREEN_DOCUMENT_REVIEW_M1_SKILL_04"",""OB_REVIEW_HM_01_EV_APP0088_DOCUMENT_SCREEN_DOCUMENT_REVIEW_M1_SKILL_04"",""OB_REVIEW_ML_01_EV_APP0088_DOCUMENT_SCREEN_DOCUMENT_REVIEW_M1_SKILL_05"",""OB_REVIEW_HM_01_EV_APP0088_DOCUMENT_SCREEN_DOCUMENT_REVIEW_M1_SKILL_05"",""OB_REVIEW_ML_01_EV_APP0088_DOCUMENT_SCREEN_DOCUMENT_REVIEW_M1_SKILL_06"",""OB_REVIEW_HM_01_EV_APP0088_DOCUMENT_SCREEN_DOCUMENT_REVIEW_M1_SKILL_06"",""OB_REVIEW_ML_01_EV_APP0088_DOCUMENT_SCREEN_DOCUMENT_REVIEW_M1_SKILL_08"",""OB_REVIEW_HM_01_EV_APP0088_DOCUMENT_SCREEN_DOCUMENT_REVIEW_M1_SKILL_08""],""stage"":""DOCUMENT_SCREEN""}"
APP0026_DOCUMENT_SCREEN,APP0026,C0026,DOCUMENT_SCREEN,2026-10-18T13:47:00+09:00,,,2026-10-18T13:47:00+09:00,2026-10-26T14:27:00+09:00,2026-10-28T14:27:00+09:00,,ADVANCED,EVIDENCE_CANDIDATES_FOUND,,SYNTHETIC_HUMAN_SCENARIO,"{""criterion"":""NO_VERIFIED_PUBLIC_REQUIREMENT_VIOLATION"",""evidence_candidate_refs"":[""EV_APP0026_DOCUMENT_SCREEN_DOCUMENT_REVIEW_M1_SKILL_01"",""EV_APP0026_DOCUMENT_SCREEN_DOCUMENT_REVIEW_M1_SKILL_04"",""EV_APP0026_DOCUMENT_SCREEN_DOCUMENT_REVIEW_M1_SKILL_05"",""EV_APP0026_DOCUMENT_SCREEN_DOCUMENT_REVIEW_M1_SKILL_06"",""EV_APP0026_DOCUMENT_SCREEN_DOCUMENT_REVIEW_M1_SKILL_08""],""follow_up_skills"":[""M1_SKILL_01"",""M1_SKILL_04"",""M1_SKILL_05"",""M1_SKILL_06"",""M1_SKILL_08""],""human_rationale"":""공개 기본요건의 검증된 위반 없음. 자기기술을 후속검증 질문으로 전달하며 Skill을 확정하지 않는다."",""observation_refs"":[""OB_REVIEW_ML_01_EV_APP0026_DOCUMENT_SCREEN_DOCUMENT_REVIEW_M1_SKILL_01"",""OB_REVIEW_HM_01_EV_APP0026_DOCUMENT_SCREEN_DOCUMENT_REVIEW_M1_SKILL_01"",""OB_REVIEW_ML_01_EV_APP0026_DOCUMENT_SCREEN_DOCUMENT_REVIEW_M1_SKILL_04"",""OB_REVIEW_HM_01_EV_APP0026_DOCUMENT_SCREEN_DOCUMENT_REVIEW_M1_SKILL_04"",""OB_REVIEW_ML_01_EV_APP0026_DOCUMENT_SCREEN_DOCUMENT_REVIEW_M1_SKILL_05"",""OB_REVIEW_HM_01_EV_APP0026_DOCUMENT_SCREEN_DOCUMENT_REVIEW_M1_SKILL_05"",""OB_REVIEW_ML_01_EV_APP0026_DOCUMENT_SCREEN_DOCUMENT_REVIEW_M1_SKILL_06"",""OB_REVIEW_HM_01_EV_APP0026_DOCUMENT_SCREEN_DOCUMENT_REVIEW_M1_SKILL_06"",""OB_REVIEW_ML_01_EV_APP0026_DOCUMENT_SCREEN_DOCUMENT_REVIEW_M1_SKILL_08"",""OB_REVIEW_HM_01_EV_APP0026_DOCUMENT_SCREEN_DOCUMENT_REVIEW_M1_SKILL_08""],""stage"":""DOCUMENT_SCREEN""}"
APP0083_DOCUMENT_SCREEN,APP0083,C0083,DOCUMENT_SCREEN,2026-10-18T14:25:00+09:00,,,2026-10-18T14:25:00+09:00,2026-10-23T15:18:00+09:00,2026-10-25T15:18:00+09:00,,ADVANCED,EVIDENCE_CANDIDATES_FOUND,,SYNTHETIC_HUMAN_SCENARIO,"{""criterion"":""NO_VERIFIED_PUBLIC_REQUIREMENT_VIOLATION"",""evidence_candidate_refs"":[""EV_APP0083_DOCUMENT_SCREEN_DOCUMENT_REVIEW_M1_SKILL_01"",""EV_APP0083_DOCUMENT_SCREEN_DOCUMENT_REVIEW_M1_SKILL_04"",""EV_APP0083_DOCUMENT_SCREEN_DOCUMENT_REVIEW_M1_SKILL_05"",""EV_APP0083_DOCUMENT_SCREEN_DOCUMENT_REVIEW_M1_SKILL_06"",""EV_APP0083_DOCUMENT_SCREEN_DOCUMENT_REVIEW_M1_SKILL_08""],""follow_up_skills"":[""M1_SKILL_01"",""M1_SKILL_04"",""M1_SKILL_05"",""M1_SKILL_06"",""M1_SKILL_08""],""human_rationale"":""공개 기본요건의 검증된 위반 없음. 자기기술을 후속검증 질문으로 전달하며 Skill을 확정하지 않는다."",""observation_refs"":[""OB_REVIEW_ML_01_EV_APP0083_DOCUMENT_SCREEN_DOCUMENT_REVIEW_M1_SKILL_01"",""OB_REVIEW_HM_01_EV_APP0083_DOCUMENT_SCREEN_DOCUMENT_REVIEW_M1_SKILL_01"",""OB_REVIEW_ML_01_EV_APP0083_DOCUMENT_SCREEN_DOCUMENT_REVIEW_M1_SKILL_04"",""OB_REVIEW_HM_01_EV_APP0083_DOCUMENT_SCREEN_DOCUMENT_REVIEW_M1_SKILL_04"",""OB_REVIEW_ML_01_EV_APP0083_DOCUMENT_SCREEN_DOCUMENT_REVIEW_M1_SKILL_05"",""OB_REVIEW_HM_01_EV_APP0083_DOCUMENT_SCREEN_DOCUMENT_REVIEW_M1_SKILL_05"",""OB_REVIEW_ML_01_EV_APP0083_DOCUMENT_SCREEN_DOCUMENT_REVIEW_M1_SKILL_06"",""OB_REVIEW_HM_01_EV_APP0083_DOCUMENT_SCREEN_DOCUMENT_REVIEW_M1_SKILL_06"",""OB_REVIEW_ML_01_EV_APP0083_DOCUMENT_SCREEN_DOCUMENT_REVIEW_M1_SKILL_08"",""OB_REVIEW_HM_01_EV_APP0083_DOCUMENT_SCREEN_DOCUMENT_REVIEW_M1_SKILL_08""],""stage"":""DOCUMENT_SCREEN""}"
APP0077_DOCUMENT_SCREEN,APP0077,C0077,DOCUMENT_SCREEN,2026-10-18T16:24:00+09:00,,,2026-10-18T16:24:00+09:00,2026-10-26T16:39:00+09:00,2026-10-28T16:39:00+09:00,,ADVANCED,EVIDENCE_CANDIDATES_FOUND,,SYNTHETIC_HUMAN_SCENARIO,"{""criterion"":""NO_VERIFIED_PUBLIC_REQUIREMENT_VIOLATION"",""evidence_candidate_refs"":[""EV_APP0077_DOCUMENT_SCREEN_DOCUMENT_REVIEW_M1_SKILL_01"",""EV_APP0077_DOCUMENT_SCREEN_DOCUMENT_REVIEW_M1_SKILL_04"",""EV_APP0077_DOCUMENT_SCREEN_DOCUMENT_REVIEW_M1_SKILL_05"",""EV_APP0077_DOCUMENT_SCREEN_DOCUMENT_REVIEW_M1_SKILL_06"",""EV_APP0077_DOCUMENT_SCREEN_DOCUMENT_REVIEW_M1_SKILL_08""],""follow_up_skills"":[""M1_SKILL_01"",""M1_SKILL_04"",""M1_SKILL_05"",""M1_SKILL_06"",""M1_SKILL_08""],""human_rationale"":""공개 기본요건의 검증된 위반 없음. 자기기술을 후속검증 질문으로 전달하며 Skill을 확정하지 않는다."",""observation_refs"":[""OB_REVIEW_ML_01_EV_APP0077_DOCUMENT_SCREEN_DOCUMENT_REVIEW_M1_SKILL_01"",""OB_REVIEW_HM_01_EV_APP0077_DOCUMENT_SCREEN_DOCUMENT_REVIEW_M1_SKILL_01"",""OB_REVIEW_ML_01_EV_APP0077_DOCUMENT_SCREEN_DOCUMENT_REVIEW_M1_SKILL_04"",""OB_REVIEW_HM_01_EV_APP0077_DOCUMENT_SCREEN_DOCUMENT_REVIEW_M1_SKILL_04"",""OB_REVIEW_ML_01_EV_APP0077_DOCUMENT_SCREEN_DOCUMENT_REVIEW_M1_SKILL_05"",""OB_REVIEW_HM_01_EV_APP0077_DOCUMENT_SCREEN_DOCUMENT_REVIEW_M1_SKILL_05"",""OB_REVIEW_ML_01_EV_APP0077_DOCUMENT_SCREEN_DOCUMENT_REVIEW_M1_SKILL_06"",""OB_REVIEW_HM_01_EV_APP0077_DOCUMENT_SCREEN_DOCUMENT_REVIEW_M1_SKILL_06"",""OB_REVIEW_ML_01_EV_APP0077_DOCUMENT_SCREEN_DOCUMENT_REVIEW_M1_SKILL_08"",""OB_REVIEW_HM_01_EV_APP0077_DOCUMENT_SCREEN_DOCUMENT_REVIEW_M1_SKILL_08""],""stage"":""DOCUMENT_SCREEN""}"
APP0113_DOCUMENT_SCREEN,APP0113,C0113,DOCUMENT_SCREEN,2026-10-19T10:10:00+09:00,,,2026-10-19T10:10:00+09:00,2026-10-26T11:07:00+09:00,2026-10-30T11:07:00+09:00,,ADVANCED,EVIDENCE_CANDIDATES_FOUND,,SYNTHETIC_HUMAN_SCENARIO,"{""criterion"":""NO_VERIFIED_PUBLIC_REQUIREMENT_VIOLATION"",""evidence_candidate_refs"":[""EV_APP0113_DOCUMENT_SCREEN_DOCUMENT_REVIEW_M1_SKILL_01"",""EV_APP0113_DOCUMENT_SCREEN_DOCUMENT_REVIEW_M1_SKILL_04"",""EV_APP0113_DOCUMENT_SCREEN_DOCUMENT_REVIEW_M1_SKILL_05"",""EV_APP0113_DOCUMENT_SCREEN_DOCUMENT_REVIEW_M1_SKILL_06"",""EV_APP0113_DOCUMENT_SCREEN_DOCUMENT_REVIEW_M1_SKILL_08""],""follow_up_skills"":[""M1_SKILL_01"",""M1_SKILL_04"",""M1_SKILL_05"",""M1_SKILL_06"",""M1_SKILL_08""],""human_rationale"":""공개 기본요건의 검증된 위반 없음. 자기기술을 후속검증 질문으로 전달하며 Skill을 확정하지 않는다."",""observation_refs"":[""OB_REVIEW_ML_01_EV_APP0113_DOCUMENT_SCREEN_DOCUMENT_REVIEW_M1_SKILL_01"",""OB_REVIEW_HM_01_EV_APP0113_DOCUMENT_SCREEN_DOCUMENT_REVIEW_M1_SKILL_01"",""OB_REVIEW_ML_01_EV_APP0113_DOCUMENT_SCREEN_DOCUMENT_REVIEW_M1_SKILL_04"",""OB_REVIEW_HM_01_EV_APP0113_DOCUMENT_SCREEN_DOCUMENT_REVIEW_M1_SKILL_04"",""OB_REVIEW_ML_01_EV_APP0113_DOCUMENT_SCREEN_DOCUMENT_REVIEW_M1_SKILL_05"",""OB_REVIEW_HM_01_EV_APP0113_DOCUMENT_SCREEN_DOCUMENT_REVIEW_M1_SKILL_05"",""OB_REVIEW_ML_01_EV_APP0113_DOCUMENT_SCREEN_DOCUMENT_REVIEW_M1_SKILL_06"",""OB_REVIEW_HM_01_EV_APP0113_DOCUMENT_SCREEN_DOCUMENT_REVIEW_M1_SKILL_06"",""OB_REVIEW_ML_01_EV_APP0113_DOCUMENT_SCREEN_DOCUMENT_REVIEW_M1_SKILL_08"",""OB_REVIEW_HM_01_EV_APP0113_DOCUMENT_SCREEN_DOCUMENT_REVIEW_M1_SKILL_08""],""stage"":""DOCUMENT_SCREEN""}"
APP0040_DOCUMENT_SCREEN,APP0040,C0040,DOCUMENT_SCREEN,2026-10-19T11:31:00+09:00,,,2026-10-19T11:31:00+09:00,2026-10-25T12:18:00+09:00,2026-10-27T12:18:00+09:00,,ADVANCED,EVIDENCE_CANDIDATES_FOUND,,SYNTHETIC_HUMAN_SCENARIO,"{""criterion"":""NO_VERIFIED_PUBLIC_REQUIREMENT_VIOLATION"",""evidence_candidate_refs"":[""EV_APP0040_DOCUMENT_SCREEN_DOCUMENT_REVIEW_M1_SKILL_01"",""EV_APP0040_DOCUMENT_SCREEN_DOCUMENT_REVIEW_M1_SKILL_04"",""EV_APP0040_DOCUMENT_SCREEN_DOCUMENT_REVIEW_M1_SKILL_05"",""EV_APP0040_DOCUMENT_SCREEN_DOCUMENT_REVIEW_M1_SKILL_06"",""EV_APP0040_DOCUMENT_SCREEN_DOCUMENT_REVIEW_M1_SKILL_08""],""follow_up_skills"":[""M1_SKILL_01"",""M1_SKILL_04"",""M1_SKILL_05"",""M1_SKILL_06"",""M1_SKILL_08""],""human_rationale"":""공개 기본요건의 검증된 위반 없음. 자기기술을 후속검증 질문으로 전달하며 Skill을 확정하지 않는다."",""observation_refs"":[""OB_REVIEW_ML_01_EV_APP0040_DOCUMENT_SCREEN_DOCUMENT_REVIEW_M1_SKILL_01"",""OB_REVIEW_HM_01_EV_APP0040_DOCUMENT_SCREEN_DOCUMENT_REVIEW_M1_SKILL_01"",""OB_REVIEW_ML_01_EV_APP0040_DOCUMENT_SCREEN_DOCUMENT_REVIEW_M1_SKILL_04"",""OB_REVIEW_HM_01_EV_APP0040_DOCUMENT_SCREEN_DOCUMENT_REVIEW_M1_SKILL_04"",""OB_REVIEW_ML_01_EV_APP0040_DOCUMENT_SCREEN_DOCUMENT_REVIEW_M1_SKILL_05"",""OB_REVIEW_HM_01_EV_APP0040_DOCUMENT_SCREEN_DOCUMENT_REVIEW_M1_SKILL_05"",""OB_REVIEW_ML_01_EV_APP0040_DOCUMENT_SCREEN_DOCUMENT_REVIEW_M1_SKILL_06"",""OB_REVIEW_HM_01_EV_APP0040_DOCUMENT_SCREEN_DOCUMENT_REVIEW_M1_SKILL_06"",""OB_REVIEW_ML_01_EV_APP0040_DOCUMENT_SCREEN_DOCUMENT_REVIEW_M1_SKILL_08"",""OB_REVIEW_HM_01_EV_APP0040_DOCUMENT_SCREEN_DOCUMENT_REVIEW_M1_SKILL_08""],""stage"":""DOCUMENT_SCREEN""}"
APP0112_DOCUMENT_SCREEN,APP0112,C0112,DOCUMENT_SCREEN,2026-10-19T12:07:00+09:00,,,2026-10-19T12:07:00+09:00,2026-10-24T12:33:00+09:00,2026-10-25T12:33:00+09:00,,ADVANCED,EVIDENCE_CANDIDATES_FOUND,,SYNTHETIC_HUMAN_SCENARIO,"{""criterion"":""NO_VERIFIED_PUBLIC_REQUIREMENT_VIOLATION"",""evidence_candidate_refs"":[""EV_APP0112_DOCUMENT_SCREEN_DOCUMENT_REVIEW_M1_SKILL_01"",""EV_APP0112_DOCUMENT_SCREEN_DOCUMENT_REVIEW_M1_SKILL_04"",""EV_APP0112_DOCUMENT_SCREEN_DOCUMENT_REVIEW_M1_SKILL_05"",""EV_APP0112_DOCUMENT_SCREEN_DOCUMENT_REVIEW_M1_SKILL_06"",""EV_APP0112_DOCUMENT_SCREEN_DOCUMENT_REVIEW_M1_SKILL_08""],""follow_up_skills"":[""M1_SKILL_01"",""M1_SKILL_04"",""M1_SKILL_05"",""M1_SKILL_06"",""M1_SKILL_08""],""human_rationale"":""공개 기본요건의 검증된 위반 없음. 자기기술을 후속검증 질문으로 전달하며 Skill을 확정하지 않는다."",""observation_refs"":[""OB_REVIEW_ML_01_EV_APP0112_DOCUMENT_SCREEN_DOCUMENT_REVIEW_M1_SKILL_01"",""OB_REVIEW_HM_01_EV_APP0112_DOCUMENT_SCREEN_DOCUMENT_REVIEW_M1_SKILL_01"",""OB_REVIEW_ML_01_EV_APP0112_DOCUMENT_SCREEN_DOCUMENT_REVIEW_M1_SKILL_04"",""OB_REVIEW_HM_01_EV_APP0112_DOCUMENT_SCREEN_DOCUMENT_REVIEW_M1_SKILL_04"",""OB_REVIEW_ML_01_EV_APP0112_DOCUMENT_SCREEN_DOCUMENT_REVIEW_M1_SKILL_05"",""OB_REVIEW_HM_01_EV_APP0112_DOCUMENT_SCREEN_DOCUMENT_REVIEW_M1_SKILL_05"",""OB_REVIEW_ML_01_EV_APP0112_DOCUMENT_SCREEN_DOCUMENT_REVIEW_M1_SKILL_06"",""OB_REVIEW_HM_01_EV_APP0112_DOCUMENT_SCREEN_DOCUMENT_REVIEW_M1_SKILL_06"",""OB_REVIEW_ML_01_EV_APP0112_DOCUMENT_SCREEN_DOCUMENT_REVIEW_M1_SKILL_08"",""OB_REVIEW_HM_01_EV_APP0112_DOCUMENT_SCREEN_DOCUMENT_REVIEW_M1_SKILL_08""],""stage"":""DOCUMENT_SCREEN""}"
APP0111_DOCUMENT_SCREEN,APP0111,C0111,DOCUMENT_SCREEN,2026-10-19T12:29:00+09:00,,,2026-10-19T12:29:00+09:00,2026-10-29T12:49:00+09:00,2026-10-29T12:49:00+09:00,,ADVANCED,EVIDENCE_CANDIDATES_FOUND,,SYNTHETIC_HUMAN_SCENARIO,"{""criterion"":""NO_VERIFIED_PUBLIC_REQUIREMENT_VIOLATION"",""evidence_candidate_refs"":[""EV_APP0111_DOCUMENT_SCREEN_DOCUMENT_REVIEW_M1_SKILL_01"",""EV_APP0111_DOCUMENT_SCREEN_DOCUMENT_REVIEW_M1_SKILL_04"",""EV_APP0111_DOCUMENT_SCREEN_DOCUMENT_REVIEW_M1_SKILL_05"",""EV_APP0111_DOCUMENT_SCREEN_DOCUMENT_REVIEW_M1_SKILL_06"",""EV_APP0111_DOCUMENT_SCREEN_DOCUMENT_REVIEW_M1_SKILL_08""],""follow_up_skills"":[""M1_SKILL_01"",""M1_SKILL_04"",""M1_SKILL_05"",""M1_SKILL_06"",""M1_SKILL_08""],""human_rationale"":""공개 기본요건의 검증된 위반 없음. 자기기술을 후속검증 질문으로 전달하며 Skill을 확정하지 않는다."",""observation_refs"":[""OB_REVIEW_ML_01_EV_APP0111_DOCUMENT_SCREEN_DOCUMENT_REVIEW_M1_SKILL_01"",""OB_REVIEW_HM_01_EV_APP0111_DOCUMENT_SCREEN_DOCUMENT_REVIEW_M1_SKILL_01"",""OB_REVIEW_ML_01_EV_APP0111_DOCUMENT_SCREEN_DOCUMENT_REVIEW_M1_SKILL_04"",""OB_REVIEW_HM_01_EV_APP0111_DOCUMENT_SCREEN_DOCUMENT_REVIEW_M1_SKILL_04"",""OB_REVIEW_ML_01_EV_APP0111_DOCUMENT_SCREEN_DOCUMENT_REVIEW_M1_SKILL_05"",""OB_REVIEW_HM_01_EV_APP0111_DOCUMENT_SCREEN_DOCUMENT_REVIEW_M1_SKILL_05"",""OB_REVIEW_ML_01_EV_APP0111_DOCUMENT_SCREEN_DOCUMENT_REVIEW_M1_SKILL_06"",""OB_REVIEW_HM_01_EV_APP0111_DOCUMENT_SCREEN_DOCUMENT_REVIEW_M1_SKILL_06"",""OB_REVIEW_ML_01_EV_APP0111_DOCUMENT_SCREEN_DOCUMENT_REVIEW_M1_SKILL_08"",""OB_REVIEW_HM_01_EV_APP0111_DOCUMENT_SCREEN_DOCUMENT_REVIEW_M1_SKILL_08""],""stage"":""DOCUMENT_SCREEN""}"
APP0078_DOCUMENT_SCREEN,APP0078,C0078,DOCUMENT_SCREEN,2026-10-19T12:33:00+09:00,,,2026-10-19T12:33:00+09:00,2026-10-27T13:52:00+09:00,2026-10-29T13:52:00+09:00,,ADVANCED,EVIDENCE_CANDIDATES_FOUND,,SYNTHETIC_HUMAN_SCENARIO,"{""criterion"":""NO_VERIFIED_PUBLIC_REQUIREMENT_VIOLATION"",""evidence_candidate_refs"":[""EV_APP0078_DOCUMENT_SCREEN_DOCUMENT_REVIEW_M1_SKILL_01"",""EV_APP0078_DOCUMENT_SCREEN_DOCUMENT_REVIEW_M1_SKILL_04"",""EV_APP0078_DOCUMENT_SCREEN_DOCUMENT_REVIEW_M1_SKILL_05"",""EV_APP0078_DOCUMENT_SCREEN_DOCUMENT_REVIEW_M1_SKILL_06"",""EV_APP0078_DOCUMENT_SCREEN_DOCUMENT_REVIEW_M1_SKILL_08""],""follow_up_skills"":[""M1_SKILL_01"",""M1_SKILL_04"",""M1_SKILL_05"",""M1_SKILL_06"",""M1_SKILL_08""],""human_rationale"":""공개 기본요건의 검증된 위반 없음. 자기기술을 후속검증 질문으로 전달하며 Skill을 확정하지 않는다."",""observation_refs"":[""OB_REVIEW_ML_01_EV_APP0078_DOCUMENT_SCREEN_DOCUMENT_REVIEW_M1_SKILL_01"",""OB_REVIEW_HM_01_EV_APP0078_DOCUMENT_SCREEN_DOCUMENT_REVIEW_M1_SKILL_01"",""OB_REVIEW_ML_01_EV_APP0078_DOCUMENT_SCREEN_DOCUMENT_REVIEW_M1_SKILL_04"",""OB_REVIEW_HM_01_EV_APP0078_DOCUMENT_SCREEN_DOCUMENT_REVIEW_M1_SKILL_04"",""OB_REVIEW_ML_01_EV_APP0078_DOCUMENT_SCREEN_DOCUMENT_REVIEW_M1_SKILL_05"",""OB_REVIEW_HM_01_EV_APP0078_DOCUMENT_SCREEN_DOCUMENT_REVIEW_M1_SKILL_05"",""OB_REVIEW_ML_01_EV_APP0078_DOCUMENT_SCREEN_DOCUMENT_REVIEW_M1_SKILL_06"",""OB_REVIEW_HM_01_EV_APP0078_DOCUMENT_SCREEN_DOCUMENT_REVIEW_M1_SKILL_06"",""OB_REVIEW_ML_01_EV_APP0078_DOCUMENT_SCREEN_DOCUMENT_REVIEW_M1_SKILL_08"",""OB_REVIEW_HM_01_EV_APP0078_DOCUMENT_SCREEN_DOCUMENT_REVIEW_M1_SKILL_08""],""stage"":""DOCUMENT_SCREEN""}"
APP0087_DOCUMENT_SCREEN,APP0087,C0087,DOCUMENT_SCREEN,2026-10-19T12:35:00+09:00,,,2026-10-19T12:35:00+09:00,2026-10-24T13:34:00+09:00,2026-10-25T13:34:00+09:00,,ADVANCED,EVIDENCE_CANDIDATES_FOUND,,SYNTHETIC_HUMAN_SCENARIO,"{""criterion"":""NO_VERIFIED_PUBLIC_REQUIREMENT_VIOLATION"",""evidence_candidate_refs"":[""EV_APP0087_DOCUMENT_SCREEN_DOCUMENT_REVIEW_M1_SKILL_01"",""EV_APP0087_DOCUMENT_SCREEN_DOCUMENT_REVIEW_M1_SKILL_04"",""EV_APP0087_DOCUMENT_SCREEN_DOCUMENT_REVIEW_M1_SKILL_05"",""EV_APP0087_DOCUMENT_SCREEN_DOCUMENT_REVIEW_M1_SKILL_06"",""EV_APP0087_DOCUMENT_SCREEN_DOCUMENT_REVIEW_M1_SKILL_08""],""follow_up_skills"":[""M1_SKILL_01"",""M1_SKILL_04"",""M1_SKILL_05"",""M1_SKILL_06"",""M1_SKILL_08""],""human_rationale"":""공개 기본요건의 검증된 위반 없음. 자기기술을 후속검증 질문으로 전달하며 Skill을 확정하지 않는다."",""observation_refs"":[""OB_REVIEW_ML_01_EV_APP0087_DOCUMENT_SCREEN_DOCUMENT_REVIEW_M1_SKILL_01"",""OB_REVIEW_HM_01_EV_APP0087_DOCUMENT_SCREEN_DOCUMENT_REVIEW_M1_SKILL_01"",""OB_REVIEW_ML_01_EV_APP0087_DOCUMENT_SCREEN_DOCUMENT_REVIEW_M1_SKILL_04"",""OB_REVIEW_HM_01_EV_APP0087_DOCUMENT_SCREEN_DOCUMENT_REVIEW_M1_SKILL_04"",""OB_REVIEW_ML_01_EV_APP0087_DOCUMENT_SCREEN_DOCUMENT_REVIEW_M1_SKILL_05"",""OB_REVIEW_HM_01_EV_APP0087_DOCUMENT_SCREEN_DOCUMENT_REVIEW_M1_SKILL_05"",""OB_REVIEW_ML_01_EV_APP0087_DOCUMENT_SCREEN_DOCUMENT_REVIEW_M1_SKILL_06"",""OB_REVIEW_HM_01_EV_APP0087_DOCUMENT_SCREEN_DOCUMENT_REVIEW_M1_SKILL_06"",""OB_REVIEW_ML_01_EV_APP0087_DOCUMENT_SCREEN_DOCUMENT_REVIEW_M1_SKILL_08"",""OB_REVIEW_HM_01_EV_APP0087_DOCUMENT_SCREEN_DOCUMENT_REVIEW_M1_SKILL_08""],""stage"":""DOCUMENT_SCREEN""}"
APP0123_DOCUMENT_SCREEN,APP0123,C0123,DOCUMENT_SCREEN,2026-10-19T12:35:00+09:00,,,2026-10-19T12:35:00+09:00,2026-10-25T14:12:00+09:00,2026-10-26T14:12:00+09:00,,ADVANCED,EVIDENCE_CANDIDATES_FOUND,,SYNTHETIC_HUMAN_SCENARIO,"{""criterion"":""NO_VERIFIED_PUBLIC_REQUIREMENT_VIOLATION"",""evidence_candidate_refs"":[""EV_APP0123_DOCUMENT_SCREEN_DOCUMENT_REVIEW_M1_SKILL_01"",""EV_APP0123_DOCUMENT_SCREEN_DOCUMENT_REVIEW_M1_SKILL_04"",""EV_APP0123_DOCUMENT_SCREEN_DOCUMENT_REVIEW_M1_SKILL_05"",""EV_APP0123_DOCUMENT_SCREEN_DOCUMENT_REVIEW_M1_SKILL_06"",""EV_APP0123_DOCUMENT_SCREEN_DOCUMENT_REVIEW_M1_SKILL_08""],""follow_up_skills"":[""M1_SKILL_01"",""M1_SKILL_04"",""M1_SKILL_05"",""M1_SKILL_06"",""M1_SKILL_08""],""human_rationale"":""공개 기본요건의 검증된 위반 없음. 자기기술을 후속검증 질문으로 전달하며 Skill을 확정하지 않는다."",""observation_refs"":[""OB_REVIEW_ML_01_EV_APP0123_DOCUMENT_SCREEN_DOCUMENT_REVIEW_M1_SKILL_01"",""OB_REVIEW_HM_01_EV_APP0123_DOCUMENT_SCREEN_DOCUMENT_REVIEW_M1_SKILL_01"",""OB_REVIEW_ML_01_EV_APP0123_DOCUMENT_SCREEN_DOCUMENT_REVIEW_M1_SKILL_04"",""OB_REVIEW_HM_01_EV_APP0123_DOCUMENT_SCREEN_DOCUMENT_REVIEW_M1_SKILL_04"",""OB_REVIEW_ML_01_EV_APP0123_DOCUMENT_SCREEN_DOCUMENT_REVIEW_M1_SKILL_05"",""OB_REVIEW_HM_01_EV_APP0123_DOCUMENT_SCREEN_DOCUMENT_REVIEW_M1_SKILL_05"",""OB_REVIEW_ML_01_EV_APP0123_DOCUMENT_SCREEN_DOCUMENT_REVIEW_M1_SKILL_06"",""OB_REVIEW_HM_01_EV_APP0123_DOCUMENT_SCREEN_DOCUMENT_REVIEW_M1_SKILL_06"",""OB_REVIEW_ML_01_EV_APP0123_DOCUMENT_SCREEN_DOCUMENT_REVIEW_M1_SKILL_08"",""OB_REVIEW_HM_01_EV_APP0123_DOCUMENT_SCREEN_DOCUMENT_REVIEW_M1_SKILL_08""],""stage"":""DOCUMENT_SCREEN""}"
APP0080_DOCUMENT_SCREEN,APP0080,C0080,DOCUMENT_SCREEN,2026-10-19T13:28:00+09:00,,,2026-10-19T13:28:00+09:00,2026-10-29T13:48:00+09:00,2026-10-29T13:48:00+09:00,,ADVANCED,EVIDENCE_CANDIDATES_FOUND,,SYNTHETIC_HUMAN_SCENARIO,"{""criterion"":""NO_VERIFIED_PUBLIC_REQUIREMENT_VIOLATION"",""evidence_candidate_refs"":[""EV_APP0080_DOCUMENT_SCREEN_DOCUMENT_REVIEW_M1_SKILL_01"",""EV_APP0080_DOCUMENT_SCREEN_DOCUMENT_REVIEW_M1_SKILL_04"",""EV_APP0080_DOCUMENT_SCREEN_DOCUMENT_REVIEW_M1_SKILL_05"",""EV_APP0080_DOCUMENT_SCREEN_DOCUMENT_REVIEW_M1_SKILL_06"",""EV_APP0080_DOCUMENT_SCREEN_DOCUMENT_REVIEW_M1_SKILL_08""],""follow_up_skills"":[""M1_SKILL_01"",""M1_SKILL_04"",""M1_SKILL_05"",""M1_SKILL_06"",""M1_SKILL_08""],""human_rationale"":""공개 기본요건의 검증된 위반 없음. 자기기술을 후속검증 질문으로 전달하며 Skill을 확정하지 않는다."",""observation_refs"":[""OB_REVIEW_ML_01_EV_APP0080_DOCUMENT_SCREEN_DOCUMENT_REVIEW_M1_SKILL_01"",""OB_REVIEW_HM_01_EV_APP0080_DOCUMENT_SCREEN_DOCUMENT_REVIEW_M1_SKILL_01"",""OB_REVIEW_ML_01_EV_APP0080_DOCUMENT_SCREEN_DOCUMENT_REVIEW_M1_SKILL_04"",""OB_REVIEW_HM_01_EV_APP0080_DOCUMENT_SCREEN_DOCUMENT_REVIEW_M1_SKILL_04"",""OB_REVIEW_ML_01_EV_APP0080_DOCUMENT_SCREEN_DOCUMENT_REVIEW_M1_SKILL_05"",""OB_REVIEW_HM_01_EV_APP0080_DOCUMENT_SCREEN_DOCUMENT_REVIEW_M1_SKILL_05"",""OB_REVIEW_ML_01_EV_APP0080_DOCUMENT_SCREEN_DOCUMENT_REVIEW_M1_SKILL_06"",""OB_REVIEW_HM_01_EV_APP0080_DOCUMENT_SCREEN_DOCUMENT_REVIEW_M1_SKILL_06"",""OB_REVIEW_ML_01_EV_APP0080_DOCUMENT_SCREEN_DOCUMENT_REVIEW_M1_SKILL_08"",""OB_REVIEW_HM_01_EV_APP0080_DOCUMENT_SCREEN_DOCUMENT_REVIEW_M1_SKILL_08""],""stage"":""DOCUMENT_SCREEN""}"
APP0073_DOCUMENT_SCREEN,APP0073,C0073,DOCUMENT_SCREEN,2026-10-19T14:13:00+09:00,,,2026-10-19T14:13:00+09:00,2026-10-24T14:38:00+09:00,2026-10-28T14:38:00+09:00,,ADVANCED,EVIDENCE_CANDIDATES_FOUND,,SYNTHETIC_HUMAN_SCENARIO,"{""criterion"":""NO_VERIFIED_PUBLIC_REQUIREMENT_VIOLATION"",""evidence_candidate_refs"":[""EV_APP0073_DOCUMENT_SCREEN_DOCUMENT_REVIEW_M1_SKILL_01"",""EV_APP0073_DOCUMENT_SCREEN_DOCUMENT_REVIEW_M1_SKILL_04"",""EV_APP0073_DOCUMENT_SCREEN_DOCUMENT_REVIEW_M1_SKILL_05"",""EV_APP0073_DOCUMENT_SCREEN_DOCUMENT_REVIEW_M1_SKILL_06"",""EV_APP0073_DOCUMENT_SCREEN_DOCUMENT_REVIEW_M1_SKILL_08""],""follow_up_skills"":[""M1_SKILL_01"",""M1_SKILL_04"",""M1_SKILL_05"",""M1_SKILL_06"",""M1_SKILL_08""],""human_rationale"":""공개 기본요건의 검증된 위반 없음. 자기기술을 후속검증 질문으로 전달하며 Skill을 확정하지 않는다."",""observation_refs"":[""OB_REVIEW_ML_01_EV_APP0073_DOCUMENT_SCREEN_DOCUMENT_REVIEW_M1_SKILL_01"",""OB_REVIEW_HM_01_EV_APP0073_DOCUMENT_SCREEN_DOCUMENT_REVIEW_M1_SKILL_01"",""OB_REVIEW_ML_01_EV_APP0073_DOCUMENT_SCREEN_DOCUMENT_REVIEW_M1_SKILL_04"",""OB_REVIEW_HM_01_EV_APP0073_DOCUMENT_SCREEN_DOCUMENT_REVIEW_M1_SKILL_04"",""OB_REVIEW_ML_01_EV_APP0073_DOCUMENT_SCREEN_DOCUMENT_REVIEW_M1_SKILL_05"",""OB_REVIEW_HM_01_EV_APP0073_DOCUMENT_SCREEN_DOCUMENT_REVIEW_M1_SKILL_05"",""OB_REVIEW_ML_01_EV_APP0073_DOCUMENT_SCREEN_DOCUMENT_REVIEW_M1_SKILL_06"",""OB_REVIEW_HM_01_EV_APP0073_DOCUMENT_SCREEN_DOCUMENT_REVIEW_M1_SKILL_06"",""OB_REVIEW_ML_01_EV_APP0073_DOCUMENT_SCREEN_DOCUMENT_REVIEW_M1_SKILL_08"",""OB_REVIEW_HM_01_EV_APP0073_DOCUMENT_SCREEN_DOCUMENT_REVIEW_M1_SKILL_08""],""stage"":""DOCUMENT_SCREEN""}"
APP0070_DOCUMENT_SCREEN,APP0070,C0070,DOCUMENT_SCREEN,2026-10-19T14:17:00+09:00,,,2026-10-19T14:17:00+09:00,2026-10-23T15:08:00+09:00,2026-10-23T15:08:00+09:00,,ADVANCED,EVIDENCE_CANDIDATES_FOUND,,SYNTHETIC_HUMAN_SCENARIO,"{""criterion"":""NO_VERIFIED_PUBLIC_REQUIREMENT_VIOLATION"",""evidence_candidate_refs"":[""EV_APP0070_DOCUMENT_SCREEN_DOCUMENT_REVIEW_M1_SKILL_01"",""EV_APP0070_DOCUMENT_SCREEN_DOCUMENT_REVIEW_M1_SKILL_04"",""EV_APP0070_DOCUMENT_SCREEN_DOCUMENT_REVIEW_M1_SKILL_05"",""EV_APP0070_DOCUMENT_SCREEN_DOCUMENT_REVIEW_M1_SKILL_06"",""EV_APP0070_DOCUMENT_SCREEN_DOCUMENT_REVIEW_M1_SKILL_08""],""follow_up_skills"":[""M1_SKILL_01"",""M1_SKILL_04"",""M1_SKILL_05"",""M1_SKILL_06"",""M1_SKILL_08""],""human_rationale"":""공개 기본요건의 검증된 위반 없음. 자기기술을 후속검증 질문으로 전달하며 Skill을 확정하지 않는다."",""observation_refs"":[""OB_REVIEW_ML_01_EV_APP0070_DOCUMENT_SCREEN_DOCUMENT_REVIEW_M1_SKILL_01"",""OB_REVIEW_HM_01_EV_APP0070_DOCUMENT_SCREEN_DOCUMENT_REVIEW_M1_SKILL_01"",""OB_REVIEW_ML_01_EV_APP0070_DOCUMENT_SCREEN_DOCUMENT_REVIEW_M1_SKILL_04"",""OB_REVIEW_HM_01_EV_APP0070_DOCUMENT_SCREEN_DOCUMENT_REVIEW_M1_SKILL_04"",""OB_REVIEW_ML_01_EV_APP0070_DOCUMENT_SCREEN_DOCUMENT_REVIEW_M1_SKILL_05"",""OB_REVIEW_HM_01_EV_APP0070_DOCUMENT_SCREEN_DOCUMENT_REVIEW_M1_SKILL_05"",""OB_REVIEW_ML_01_EV_APP0070_DOCUMENT_SCREEN_DOCUMENT_REVIEW_M1_SKILL_06"",""OB_REVIEW_HM_01_EV_APP0070_DOCUMENT_SCREEN_DOCUMENT_REVIEW_M1_SKILL_06"",""OB_REVIEW_ML_01_EV_APP0070_DOCUMENT_SCREEN_DOCUMENT_REVIEW_M1_SKILL_08"",""OB_REVIEW_HM_01_EV_APP0070_DOCUMENT_SCREEN_DOCUMENT_REVIEW_M1_SKILL_08""],""stage"":""DOCUMENT_SCREEN""}"
APP0116_DOCUMENT_SCREEN,APP0116,C0116,DOCUMENT_SCREEN,2026-10-19T14:35:00+09:00,,,2026-10-19T14:35:00+09:00,2026-10-31T15:00:00+09:00,2026-11-01T15:00:00+09:00,,ADVANCED,EVIDENCE_CANDIDATES_FOUND,,SYNTHETIC_HUMAN_SCENARIO,"{""criterion"":""NO_VERIFIED_PUBLIC_REQUIREMENT_VIOLATION"",""evidence_candidate_refs"":[""EV_APP0116_DOCUMENT_SCREEN_DOCUMENT_REVIEW_M1_SKILL_01"",""EV_APP0116_DOCUMENT_SCREEN_DOCUMENT_REVIEW_M1_SKILL_04"",""EV_APP0116_DOCUMENT_SCREEN_DOCUMENT_REVIEW_M1_SKILL_05"",""EV_APP0116_DOCUMENT_SCREEN_DOCUMENT_REVIEW_M1_SKILL_06"",""EV_APP0116_DOCUMENT_SCREEN_DOCUMENT_REVIEW_M1_SKILL_08""],""follow_up_skills"":[""M1_SKILL_01"",""M1_SKILL_04"",""M1_SKILL_05"",""M1_SKILL_06"",""M1_SKILL_08""],""human_rationale"":""공개 기본요건의 검증된 위반 없음. 자기기술을 후속검증 질문으로 전달하며 Skill을 확정하지 않는다."",""observation_refs"":[""OB_REVIEW_ML_01_EV_APP0116_DOCUMENT_SCREEN_DOCUMENT_REVIEW_M1_SKILL_01"",""OB_REVIEW_HM_01_EV_APP0116_DOCUMENT_SCREEN_DOCUMENT_REVIEW_M1_SKILL_01"",""OB_REVIEW_ML_01_EV_APP0116_DOCUMENT_SCREEN_DOCUMENT_REVIEW_M1_SKILL_04"",""OB_REVIEW_HM_01_EV_APP0116_DOCUMENT_SCREEN_DOCUMENT_REVIEW_M1_SKILL_04"",""OB_REVIEW_ML_01_EV_APP0116_DOCUMENT_SCREEN_DOCUMENT_REVIEW_M1_SKILL_05"",""OB_REVIEW_HM_01_EV_APP0116_DOCUMENT_SCREEN_DOCUMENT_REVIEW_M1_SKILL_05"",""OB_REVIEW_ML_01_EV_APP0116_DOCUMENT_SCREEN_DOCUMENT_REVIEW_M1_SKILL_06"",""OB_REVIEW_HM_01_EV_APP0116_DOCUMENT_SCREEN_DOCUMENT_REVIEW_M1_SKILL_06"",""OB_REVIEW_ML_01_EV_APP0116_DOCUMENT_SCREEN_DOCUMENT_REVIEW_M1_SKILL_08"",""OB_REVIEW_HM_01_EV_APP0116_DOCUMENT_SCREEN_DOCUMENT_REVIEW_M1_SKILL_08""],""stage"":""DOCUMENT_SCREEN""}"
APP0089_DOCUMENT_SCREEN,APP0089,C0089,DOCUMENT_SCREEN,2026-10-19T14:54:00+09:00,,,2026-10-19T14:54:00+09:00,2026-10-22T15:23:00+09:00,2026-10-22T15:23:00+09:00,,ADVANCED,EVIDENCE_CANDIDATES_FOUND,,SYNTHETIC_HUMAN_SCENARIO,"{""criterion"":""NO_VERIFIED_PUBLIC_REQUIREMENT_VIOLATION"",""evidence_candidate_refs"":[""EV_APP0089_DOCUMENT_SCREEN_DOCUMENT_REVIEW_M1_SKILL_01"",""EV_APP0089_DOCUMENT_SCREEN_DOCUMENT_REVIEW_M1_SKILL_04"",""EV_APP0089_DOCUMENT_SCREEN_DOCUMENT_REVIEW_M1_SKILL_05"",""EV_APP0089_DOCUMENT_SCREEN_DOCUMENT_REVIEW_M1_SKILL_06"",""EV_APP0089_DOCUMENT_SCREEN_DOCUMENT_REVIEW_M1_SKILL_08""],""follow_up_skills"":[""M1_SKILL_01"",""M1_SKILL_04"",""M1_SKILL_05"",""M1_SKILL_06"",""M1_SKILL_08""],""human_rationale"":""공개 기본요건의 검증된 위반 없음. 자기기술을 후속검증 질문으로 전달하며 Skill을 확정하지 않는다."",""observation_refs"":[""OB_REVIEW_ML_01_EV_APP0089_DOCUMENT_SCREEN_DOCUMENT_REVIEW_M1_SKILL_01"",""OB_REVIEW_HM_01_EV_APP0089_DOCUMENT_SCREEN_DOCUMENT_REVIEW_M1_SKILL_01"",""OB_REVIEW_ML_01_EV_APP0089_DOCUMENT_SCREEN_DOCUMENT_REVIEW_M1_SKILL_04"",""OB_REVIEW_HM_01_EV_APP0089_DOCUMENT_SCREEN_DOCUMENT_REVIEW_M1_SKILL_04"",""OB_REVIEW_ML_01_EV_APP0089_DOCUMENT_SCREEN_DOCUMENT_REVIEW_M1_SKILL_05"",""OB_REVIEW_HM_01_EV_APP0089_DOCUMENT_SCREEN_DOCUMENT_REVIEW_M1_SKILL_05"",""OB_REVIEW_ML_01_EV_APP0089_DOCUMENT_SCREEN_DOCUMENT_REVIEW_M1_SKILL_06"",""OB_REVIEW_HM_01_EV_APP0089_DOCUMENT_SCREEN_DOCUMENT_REVIEW_M1_SKILL_06"",""OB_REVIEW_ML_01_EV_APP0089_DOCUMENT_SCREEN_DOCUMENT_REVIEW_M1_SKILL_08"",""OB_REVIEW_HM_01_EV_APP0089_DOCUMENT_SCREEN_DOCUMENT_REVIEW_M1_SKILL_08""],""stage"":""DOCUMENT_SCREEN""}"
APP0042_DOCUMENT_SCREEN,APP0042,C0042,DOCUMENT_SCREEN,2026-10-19T15:08:00+09:00,,,2026-10-19T15:08:00+09:00,2026-10-28T15:33:00+09:00,2026-10-29T15:33:00+09:00,,ADVANCED,EVIDENCE_CANDIDATES_FOUND,,SYNTHETIC_HUMAN_SCENARIO,"{""criterion"":""NO_VERIFIED_PUBLIC_REQUIREMENT_VIOLATION"",""evidence_candidate_refs"":[""EV_APP0042_DOCUMENT_SCREEN_DOCUMENT_REVIEW_M1_SKILL_01"",""EV_APP0042_DOCUMENT_SCREEN_DOCUMENT_REVIEW_M1_SKILL_04"",""EV_APP0042_DOCUMENT_SCREEN_DOCUMENT_REVIEW_M1_SKILL_05"",""EV_APP0042_DOCUMENT_SCREEN_DOCUMENT_REVIEW_M1_SKILL_06"",""EV_APP0042_DOCUMENT_SCREEN_DOCUMENT_REVIEW_M1_SKILL_08""],""follow_up_skills"":[""M1_SKILL_01"",""M1_SKILL_04"",""M1_SKILL_05"",""M1_SKILL_06"",""M1_SKILL_08""],""human_rationale"":""공개 기본요건의 검증된 위반 없음. 자기기술을 후속검증 질문으로 전달하며 Skill을 확정하지 않는다."",""observation_refs"":[""OB_REVIEW_ML_01_EV_APP0042_DOCUMENT_SCREEN_DOCUMENT_REVIEW_M1_SKILL_01"",""OB_REVIEW_HM_01_EV_APP0042_DOCUMENT_SCREEN_DOCUMENT_REVIEW_M1_SKILL_01"",""OB_REVIEW_ML_01_EV_APP0042_DOCUMENT_SCREEN_DOCUMENT_REVIEW_M1_SKILL_04"",""OB_REVIEW_HM_01_EV_APP0042_DOCUMENT_SCREEN_DOCUMENT_REVIEW_M1_SKILL_04"",""OB_REVIEW_ML_01_EV_APP0042_DOCUMENT_SCREEN_DOCUMENT_REVIEW_M1_SKILL_05"",""OB_REVIEW_HM_01_EV_APP0042_DOCUMENT_SCREEN_DOCUMENT_REVIEW_M1_SKILL_05"",""OB_REVIEW_ML_01_EV_APP0042_DOCUMENT_SCREEN_DOCUMENT_REVIEW_M1_SKILL_06"",""OB_REVIEW_HM_01_EV_APP0042_DOCUMENT_SCREEN_DOCUMENT_REVIEW_M1_SKILL_06"",""OB_REVIEW_ML_01_EV_APP0042_DOCUMENT_SCREEN_DOCUMENT_REVIEW_M1_SKILL_08"",""OB_REVIEW_HM_01_EV_APP0042_DOCUMENT_SCREEN_DOCUMENT_REVIEW_M1_SKILL_08""],""stage"":""DOCUMENT_SCREEN""}"
APP0049_DOCUMENT_SCREEN,APP0049,C0049,DOCUMENT_SCREEN,2026-10-19T16:03:00+09:00,,,2026-10-19T16:03:00+09:00,2026-10-28T16:28:00+09:00,2026-10-28T16:28:00+09:00,,ADVANCED,EVIDENCE_CANDIDATES_FOUND,,SYNTHETIC_HUMAN_SCENARIO,"{""criterion"":""NO_VERIFIED_PUBLIC_REQUIREMENT_VIOLATION"",""evidence_candidate_refs"":[""EV_APP0049_DOCUMENT_SCREEN_DOCUMENT_REVIEW_M1_SKILL_01"",""EV_APP0049_DOCUMENT_SCREEN_DOCUMENT_REVIEW_M1_SKILL_04"",""EV_APP0049_DOCUMENT_SCREEN_DOCUMENT_REVIEW_M1_SKILL_05"",""EV_APP0049_DOCUMENT_SCREEN_DOCUMENT_REVIEW_M1_SKILL_06"",""EV_APP0049_DOCUMENT_SCREEN_DOCUMENT_REVIEW_M1_SKILL_08""],""follow_up_skills"":[""M1_SKILL_01"",""M1_SKILL_04"",""M1_SKILL_05"",""M1_SKILL_06"",""M1_SKILL_08""],""human_rationale"":""공개 기본요건의 검증된 위반 없음. 자기기술을 후속검증 질문으로 전달하며 Skill을 확정하지 않는다."",""observation_refs"":[""OB_REVIEW_ML_01_EV_APP0049_DOCUMENT_SCREEN_DOCUMENT_REVIEW_M1_SKILL_01"",""OB_REVIEW_HM_01_EV_APP0049_DOCUMENT_SCREEN_DOCUMENT_REVIEW_M1_SKILL_01"",""OB_REVIEW_ML_01_EV_APP0049_DOCUMENT_SCREEN_DOCUMENT_REVIEW_M1_SKILL_04"",""OB_REVIEW_HM_01_EV_APP0049_DOCUMENT_SCREEN_DOCUMENT_REVIEW_M1_SKILL_04"",""OB_REVIEW_ML_01_EV_APP0049_DOCUMENT_SCREEN_DOCUMENT_REVIEW_M1_SKILL_05"",""OB_REVIEW_HM_01_EV_APP0049_DOCUMENT_SCREEN_DOCUMENT_REVIEW_M1_SKILL_05"",""OB_REVIEW_ML_01_EV_APP0049_DOCUMENT_SCREEN_DOCUMENT_REVIEW_M1_SKILL_06"",""OB_REVIEW_HM_01_EV_APP0049_DOCUMENT_SCREEN_DOCUMENT_REVIEW_M1_SKILL_06"",""OB_REVIEW_ML_01_EV_APP0049_DOCUMENT_SCREEN_DOCUMENT_REVIEW_M1_SKILL_08"",""OB_REVIEW_HM_01_EV_APP0049_DOCUMENT_SCREEN_DOCUMENT_REVIEW_M1_SKILL_08""],""stage"":""DOCUMENT_SCREEN""}"
APP0102_DOCUMENT_SCREEN,APP0102,C0102,DOCUMENT_SCREEN,2026-10-19T16:55:00+09:00,,,2026-10-19T16:55:00+09:00,2026-10-23T17:10:00+09:00,2026-10-25T17:10:00+09:00,,ADVANCED,EVIDENCE_CANDIDATES_FOUND,,SYNTHETIC_HUMAN_SCENARIO,"{""criterion"":""NO_VERIFIED_PUBLIC_REQUIREMENT_VIOLATION"",""evidence_candidate_refs"":[""EV_APP0102_DOCUMENT_SCREEN_DOCUMENT_REVIEW_M1_SKILL_01"",""EV_APP0102_DOCUMENT_SCREEN_DOCUMENT_REVIEW_M1_SKILL_04"",""EV_APP0102_DOCUMENT_SCREEN_DOCUMENT_REVIEW_M1_SKILL_05"",""EV_APP0102_DOCUMENT_SCREEN_DOCUMENT_REVIEW_M1_SKILL_06"",""EV_APP0102_DOCUMENT_SCREEN_DOCUMENT_REVIEW_M1_SKILL_08""],""follow_up_skills"":[""M1_SKILL_01"",""M1_SKILL_04"",""M1_SKILL_05"",""M1_SKILL_06"",""M1_SKILL_08""],""human_rationale"":""공개 기본요건의 검증된 위반 없음. 자기기술을 후속검증 질문으로 전달하며 Skill을 확정하지 않는다."",""observation_refs"":[""OB_REVIEW_ML_01_EV_APP0102_DOCUMENT_SCREEN_DOCUMENT_REVIEW_M1_SKILL_01"",""OB_REVIEW_HM_01_EV_APP0102_DOCUMENT_SCREEN_DOCUMENT_REVIEW_M1_SKILL_01"",""OB_REVIEW_ML_01_EV_APP0102_DOCUMENT_SCREEN_DOCUMENT_REVIEW_M1_SKILL_04"",""OB_REVIEW_HM_01_EV_APP0102_DOCUMENT_SCREEN_DOCUMENT_REVIEW_M1_SKILL_04"",""OB_REVIEW_ML_01_EV_APP0102_DOCUMENT_SCREEN_DOCUMENT_REVIEW_M1_SKILL_05"",""OB_REVIEW_HM_01_EV_APP0102_DOCUMENT_SCREEN_DOCUMENT_REVIEW_M1_SKILL_05"",""OB_REVIEW_ML_01_EV_APP0102_DOCUMENT_SCREEN_DOCUMENT_REVIEW_M1_SKILL_06"",""OB_REVIEW_HM_01_EV_APP0102_DOCUMENT_SCREEN_DOCUMENT_REVIEW_M1_SKILL_06"",""OB_REVIEW_ML_01_EV_APP0102_DOCUMENT_SCREEN_DOCUMENT_REVIEW_M1_SKILL_08"",""OB_REVIEW_HM_01_EV_APP0102_DOCUMENT_SCREEN_DOCUMENT_REVIEW_M1_SKILL_08""],""stage"":""DOCUMENT_SCREEN""}"
APP0050_DOCUMENT_SCREEN,APP0050,C0050,DOCUMENT_SCREEN,2026-10-20T09:06:00+09:00,,,2026-10-20T09:06:00+09:00,2026-10-23T09:39:00+09:00,2026-10-24T09:39:00+09:00,,ADVANCED,EVIDENCE_CANDIDATES_FOUND,,SYNTHETIC_HUMAN_SCENARIO,"{""criterion"":""NO_VERIFIED_PUBLIC_REQUIREMENT_VIOLATION"",""evidence_candidate_refs"":[""EV_APP0050_DOCUMENT_SCREEN_DOCUMENT_REVIEW_M1_SKILL_01"",""EV_APP0050_DOCUMENT_SCREEN_DOCUMENT_REVIEW_M1_SKILL_04"",""EV_APP0050_DOCUMENT_SCREEN_DOCUMENT_REVIEW_M1_SKILL_05"",""EV_APP0050_DOCUMENT_SCREEN_DOCUMENT_REVIEW_M1_SKILL_06"",""EV_APP0050_DOCUMENT_SCREEN_DOCUMENT_REVIEW_M1_SKILL_08""],""follow_up_skills"":[""M1_SKILL_01"",""M1_SKILL_04"",""M1_SKILL_05"",""M1_SKILL_06"",""M1_SKILL_08""],""human_rationale"":""공개 기본요건의 검증된 위반 없음. 자기기술을 후속검증 질문으로 전달하며 Skill을 확정하지 않는다."",""observation_refs"":[""OB_REVIEW_ML_01_EV_APP0050_DOCUMENT_SCREEN_DOCUMENT_REVIEW_M1_SKILL_01"",""OB_REVIEW_HM_01_EV_APP0050_DOCUMENT_SCREEN_DOCUMENT_REVIEW_M1_SKILL_01"",""OB_REVIEW_ML_01_EV_APP0050_DOCUMENT_SCREEN_DOCUMENT_REVIEW_M1_SKILL_04"",""OB_REVIEW_HM_01_EV_APP0050_DOCUMENT_SCREEN_DOCUMENT_REVIEW_M1_SKILL_04"",""OB_REVIEW_ML_01_EV_APP0050_DOCUMENT_SCREEN_DOCUMENT_REVIEW_M1_SKILL_05"",""OB_REVIEW_HM_01_EV_APP0050_DOCUMENT_SCREEN_DOCUMENT_REVIEW_M1_SKILL_05"",""OB_REVIEW_ML_01_EV_APP0050_DOCUMENT_SCREEN_DOCUMENT_REVIEW_M1_SKILL_06"",""OB_REVIEW_HM_01_EV_APP0050_DOCUMENT_SCREEN_DOCUMENT_REVIEW_M1_SKILL_06"",""OB_REVIEW_ML_01_EV_APP0050_DOCUMENT_SCREEN_DOCUMENT_REVIEW_M1_SKILL_08"",""OB_REVIEW_HM_01_EV_APP0050_DOCUMENT_SCREEN_DOCUMENT_REVIEW_M1_SKILL_08""],""stage"":""DOCUMENT_SCREEN""}"
APP0128_DOCUMENT_SCREEN,APP0128,C0128,DOCUMENT_SCREEN,2026-10-20T09:42:00+09:00,,,2026-10-20T09:42:00+09:00,2026-10-25T09:57:00+09:00,2026-10-29T09:57:00+09:00,,ADVANCED,EVIDENCE_CANDIDATES_FOUND,,SYNTHETIC_HUMAN_SCENARIO,"{""criterion"":""NO_VERIFIED_PUBLIC_REQUIREMENT_VIOLATION"",""evidence_candidate_refs"":[""EV_APP0128_DOCUMENT_SCREEN_DOCUMENT_REVIEW_M1_SKILL_01"",""EV_APP0128_DOCUMENT_SCREEN_DOCUMENT_REVIEW_M1_SKILL_04"",""EV_APP0128_DOCUMENT_SCREEN_DOCUMENT_REVIEW_M1_SKILL_05"",""EV_APP0128_DOCUMENT_SCREEN_DOCUMENT_REVIEW_M1_SKILL_06"",""EV_APP0128_DOCUMENT_SCREEN_DOCUMENT_REVIEW_M1_SKILL_08""],""follow_up_skills"":[""M1_SKILL_01"",""M1_SKILL_04"",""M1_SKILL_05"",""M1_SKILL_06"",""M1_SKILL_08""],""human_rationale"":""공개 기본요건의 검증된 위반 없음. 자기기술을 후속검증 질문으로 전달하며 Skill을 확정하지 않는다."",""observation_refs"":[""OB_REVIEW_ML_01_EV_APP0128_DOCUMENT_SCREEN_DOCUMENT_REVIEW_M1_SKILL_01"",""OB_REVIEW_HM_01_EV_APP0128_DOCUMENT_SCREEN_DOCUMENT_REVIEW_M1_SKILL_01"",""OB_REVIEW_ML_01_EV_APP0128_DOCUMENT_SCREEN_DOCUMENT_REVIEW_M1_SKILL_04"",""OB_REVIEW_HM_01_EV_APP0128_DOCUMENT_SCREEN_DOCUMENT_REVIEW_M1_SKILL_04"",""OB_REVIEW_ML_01_EV_APP0128_DOCUMENT_SCREEN_DOCUMENT_REVIEW_M1_SKILL_05"",""OB_REVIEW_HM_01_EV_APP0128_DOCUMENT_SCREEN_DOCUMENT_REVIEW_M1_SKILL_05"",""OB_REVIEW_ML_01_EV_APP0128_DOCUMENT_SCREEN_DOCUMENT_REVIEW_M1_SKILL_06"",""OB_REVIEW_HM_01_EV_APP0128_DOCUMENT_SCREEN_DOCUMENT_REVIEW_M1_SKILL_06"",""OB_REVIEW_ML_01_EV_APP0128_DOCUMENT_SCREEN_DOCUMENT_REVIEW_M1_SKILL_08"",""OB_REVIEW_HM_01_EV_APP0128_DOCUMENT_SCREEN_DOCUMENT_REVIEW_M1_SKILL_08""],""stage"":""DOCUMENT_SCREEN""}"
APP0090_DOCUMENT_SCREEN,APP0090,C0090,DOCUMENT_SCREEN,2026-10-20T09:58:00+09:00,,,2026-10-20T09:58:00+09:00,2026-10-29T10:13:00+09:00,2026-10-30T10:13:00+09:00,,ADVANCED,EVIDENCE_CANDIDATES_FOUND,,SYNTHETIC_HUMAN_SCENARIO,"{""criterion"":""NO_VERIFIED_PUBLIC_REQUIREMENT_VIOLATION"",""evidence_candidate_refs"":[""EV_APP0090_DOCUMENT_SCREEN_DOCUMENT_REVIEW_M1_SKILL_01"",""EV_APP0090_DOCUMENT_SCREEN_DOCUMENT_REVIEW_M1_SKILL_04"",""EV_APP0090_DOCUMENT_SCREEN_DOCUMENT_REVIEW_M1_SKILL_05"",""EV_APP0090_DOCUMENT_SCREEN_DOCUMENT_REVIEW_M1_SKILL_06"",""EV_APP0090_DOCUMENT_SCREEN_DOCUMENT_REVIEW_M1_SKILL_08""],""follow_up_skills"":[""M1_SKILL_01"",""M1_SKILL_04"",""M1_SKILL_05"",""M1_SKILL_06"",""M1_SKILL_08""],""human_rationale"":""공개 기본요건의 검증된 위반 없음. 자기기술을 후속검증 질문으로 전달하며 Skill을 확정하지 않는다."",""observation_refs"":[""OB_REVIEW_ML_01_EV_APP0090_DOCUMENT_SCREEN_DOCUMENT_REVIEW_M1_SKILL_01"",""OB_REVIEW_HM_01_EV_APP0090_DOCUMENT_SCREEN_DOCUMENT_REVIEW_M1_SKILL_01"",""OB_REVIEW_ML_01_EV_APP0090_DOCUMENT_SCREEN_DOCUMENT_REVIEW_M1_SKILL_04"",""OB_REVIEW_HM_01_EV_APP0090_DOCUMENT_SCREEN_DOCUMENT_REVIEW_M1_SKILL_04"",""OB_REVIEW_ML_01_EV_APP0090_DOCUMENT_SCREEN_DOCUMENT_REVIEW_M1_SKILL_05"",""OB_REVIEW_HM_01_EV_APP0090_DOCUMENT_SCREEN_DOCUMENT_REVIEW_M1_SKILL_05"",""OB_REVIEW_ML_01_EV_APP0090_DOCUMENT_SCREEN_DOCUMENT_REVIEW_M1_SKILL_06"",""OB_REVIEW_HM_01_EV_APP0090_DOCUMENT_SCREEN_DOCUMENT_REVIEW_M1_SKILL_06"",""OB_REVIEW_ML_01_EV_APP0090_DOCUMENT_SCREEN_DOCUMENT_REVIEW_M1_SKILL_08"",""OB_REVIEW_HM_01_EV_APP0090_DOCUMENT_SCREEN_DOCUMENT_REVIEW_M1_SKILL_08""],""stage"":""DOCUMENT_SCREEN""}"
APP0061_DOCUMENT_SCREEN,APP0061,C0061,DOCUMENT_SCREEN,2026-10-20T10:08:00+09:00,,,2026-10-20T10:08:00+09:00,2026-10-30T10:23:00+09:00,2026-11-03T10:23:00+09:00,,ADVANCED,EVIDENCE_CANDIDATES_FOUND,,SYNTHETIC_HUMAN_SCENARIO,"{""criterion"":""NO_VERIFIED_PUBLIC_REQUIREMENT_VIOLATION"",""evidence_candidate_refs"":[""EV_APP0061_DOCUMENT_SCREEN_DOCUMENT_REVIEW_M1_SKILL_01"",""EV_APP0061_DOCUMENT_SCREEN_DOCUMENT_REVIEW_M1_SKILL_04"",""EV_APP0061_DOCUMENT_SCREEN_DOCUMENT_REVIEW_M1_SKILL_05"",""EV_APP0061_DOCUMENT_SCREEN_DOCUMENT_REVIEW_M1_SKILL_06"",""EV_APP0061_DOCUMENT_SCREEN_DOCUMENT_REVIEW_M1_SKILL_08""],""follow_up_skills"":[""M1_SKILL_01"",""M1_SKILL_04"",""M1_SKILL_05"",""M1_SKILL_06"",""M1_SKILL_08""],""human_rationale"":""공개 기본요건의 검증된 위반 없음. 자기기술을 후속검증 질문으로 전달하며 Skill을 확정하지 않는다."",""observation_refs"":[""OB_REVIEW_ML_01_EV_APP0061_DOCUMENT_SCREEN_DOCUMENT_REVIEW_M1_SKILL_01"",""OB_REVIEW_HM_01_EV_APP0061_DOCUMENT_SCREEN_DOCUMENT_REVIEW_M1_SKILL_01"",""OB_REVIEW_ML_01_EV_APP0061_DOCUMENT_SCREEN_DOCUMENT_REVIEW_M1_SKILL_04"",""OB_REVIEW_HM_01_EV_APP0061_DOCUMENT_SCREEN_DOCUMENT_REVIEW_M1_SKILL_04"",""OB_REVIEW_ML_01_EV_APP0061_DOCUMENT_SCREEN_DOCUMENT_REVIEW_M1_SKILL_05"",""OB_REVIEW_HM_01_EV_APP0061_DOCUMENT_SCREEN_DOCUMENT_REVIEW_M1_SKILL_05"",""OB_REVIEW_ML_01_EV_APP0061_DOCUMENT_SCREEN_DOCUMENT_REVIEW_M1_SKILL_06"",""OB_REVIEW_HM_01_EV_APP0061_DOCUMENT_SCREEN_DOCUMENT_REVIEW_M1_SKILL_06"",""OB_REVIEW_ML_01_EV_APP0061_DOCUMENT_SCREEN_DOCUMENT_REVIEW_M1_SKILL_08"",""OB_REVIEW_HM_01_EV_APP0061_DOCUMENT_SCREEN_DOCUMENT_REVIEW_M1_SKILL_08""],""stage"":""DOCUMENT_SCREEN""}"
APP0057_DOCUMENT_SCREEN,APP0057,C0057,DOCUMENT_SCREEN,2026-10-20T11:16:00+09:00,,,2026-10-20T11:16:00+09:00,2026-10-25T11:31:00+09:00,2026-10-27T11:31:00+09:00,,ADVANCED,EVIDENCE_CANDIDATES_FOUND,,SYNTHETIC_HUMAN_SCENARIO,"{""criterion"":""NO_VERIFIED_PUBLIC_REQUIREMENT_VIOLATION"",""evidence_candidate_refs"":[""EV_APP0057_DOCUMENT_SCREEN_DOCUMENT_REVIEW_M1_SKILL_01"",""EV_APP0057_DOCUMENT_SCREEN_DOCUMENT_REVIEW_M1_SKILL_04"",""EV_APP0057_DOCUMENT_SCREEN_DOCUMENT_REVIEW_M1_SKILL_05"",""EV_APP0057_DOCUMENT_SCREEN_DOCUMENT_REVIEW_M1_SKILL_06"",""EV_APP0057_DOCUMENT_SCREEN_DOCUMENT_REVIEW_M1_SKILL_08""],""follow_up_skills"":[""M1_SKILL_01"",""M1_SKILL_04"",""M1_SKILL_05"",""M1_SKILL_06"",""M1_SKILL_08""],""human_rationale"":""공개 기본요건의 검증된 위반 없음. 자기기술을 후속검증 질문으로 전달하며 Skill을 확정하지 않는다."",""observation_refs"":[""OB_REVIEW_ML_01_EV_APP0057_DOCUMENT_SCREEN_DOCUMENT_REVIEW_M1_SKILL_01"",""OB_REVIEW_HM_01_EV_APP0057_DOCUMENT_SCREEN_DOCUMENT_REVIEW_M1_SKILL_01"",""OB_REVIEW_ML_01_EV_APP0057_DOCUMENT_SCREEN_DOCUMENT_REVIEW_M1_SKILL_04"",""OB_REVIEW_HM_01_EV_APP0057_DOCUMENT_SCREEN_DOCUMENT_REVIEW_M1_SKILL_04"",""OB_REVIEW_ML_01_EV_APP0057_DOCUMENT_SCREEN_DOCUMENT_REVIEW_M1_SKILL_05"",""OB_REVIEW_HM_01_EV_APP0057_DOCUMENT_SCREEN_DOCUMENT_REVIEW_M1_SKILL_05"",""OB_REVIEW_ML_01_EV_APP0057_DOCUMENT_SCREEN_DOCUMENT_REVIEW_M1_SKILL_06"",""OB_REVIEW_HM_01_EV_APP0057_DOCUMENT_SCREEN_DOCUMENT_REVIEW_M1_SKILL_06"",""OB_REVIEW_ML_01_EV_APP0057_DOCUMENT_SCREEN_DOCUMENT_REVIEW_M1_SKILL_08"",""OB_REVIEW_HM_01_EV_APP0057_DOCUMENT_SCREEN_DOCUMENT_REVIEW_M1_SKILL_08""],""stage"":""DOCUMENT_SCREEN""}"
APP0097_DOCUMENT_SCREEN,APP0097,C0097,DOCUMENT_SCREEN,2026-10-20T11:34:00+09:00,,,2026-10-20T11:34:00+09:00,2026-10-29T11:59:00+09:00,2026-10-31T11:59:00+09:00,,ADVANCED,EVIDENCE_CANDIDATES_FOUND,,SYNTHETIC_HUMAN_SCENARIO,"{""criterion"":""NO_VERIFIED_PUBLIC_REQUIREMENT_VIOLATION"",""evidence_candidate_refs"":[""EV_APP0097_DOCUMENT_SCREEN_DOCUMENT_REVIEW_M1_SKILL_01"",""EV_APP0097_DOCUMENT_SCREEN_DOCUMENT_REVIEW_M1_SKILL_04"",""EV_APP0097_DOCUMENT_SCREEN_DOCUMENT_REVIEW_M1_SKILL_05"",""EV_APP0097_DOCUMENT_SCREEN_DOCUMENT_REVIEW_M1_SKILL_06"",""EV_APP0097_DOCUMENT_SCREEN_DOCUMENT_REVIEW_M1_SKILL_08""],""follow_up_skills"":[""M1_SKILL_01"",""M1_SKILL_04"",""M1_SKILL_05"",""M1_SKILL_06"",""M1_SKILL_08""],""human_rationale"":""공개 기본요건의 검증된 위반 없음. 자기기술을 후속검증 질문으로 전달하며 Skill을 확정하지 않는다."",""observation_refs"":[""OB_REVIEW_ML_01_EV_APP0097_DOCUMENT_SCREEN_DOCUMENT_REVIEW_M1_SKILL_01"",""OB_REVIEW_HM_01_EV_APP0097_DOCUMENT_SCREEN_DOCUMENT_REVIEW_M1_SKILL_01"",""OB_REVIEW_ML_01_EV_APP0097_DOCUMENT_SCREEN_DOCUMENT_REVIEW_M1_SKILL_04"",""OB_REVIEW_HM_01_EV_APP0097_DOCUMENT_SCREEN_DOCUMENT_REVIEW_M1_SKILL_04"",""OB_REVIEW_ML_01_EV_APP0097_DOCUMENT_SCREEN_DOCUMENT_REVIEW_M1_SKILL_05"",""OB_REVIEW_HM_01_EV_APP0097_DOCUMENT_SCREEN_DOCUMENT_REVIEW_M1_SKILL_05"",""OB_REVIEW_ML_01_EV_APP0097_DOCUMENT_SCREEN_DOCUMENT_REVIEW_M1_SKILL_06"",""OB_REVIEW_HM_01_EV_APP0097_DOCUMENT_SCREEN_DOCUMENT_REVIEW_M1_SKILL_06"",""OB_REVIEW_ML_01_EV_APP0097_DOCUMENT_SCREEN_DOCUMENT_REVIEW_M1_SKILL_08"",""OB_REVIEW_HM_01_EV_APP0097_DOCUMENT_SCREEN_DOCUMENT_REVIEW_M1_SKILL_08""],""stage"":""DOCUMENT_SCREEN""}"
APP0105_DOCUMENT_SCREEN,APP0105,C0105,DOCUMENT_SCREEN,2026-10-20T11:34:00+09:00,,,2026-10-20T11:34:00+09:00,2026-10-30T11:59:00+09:00,2026-11-01T11:59:00+09:00,,ADVANCED,EVIDENCE_CANDIDATES_FOUND,,SYNTHETIC_HUMAN_SCENARIO,"{""criterion"":""NO_VERIFIED_PUBLIC_REQUIREMENT_VIOLATION"",""evidence_candidate_refs"":[""EV_APP0105_DOCUMENT_SCREEN_DOCUMENT_REVIEW_M1_SKILL_01"",""EV_APP0105_DOCUMENT_SCREEN_DOCUMENT_REVIEW_M1_SKILL_04"",""EV_APP0105_DOCUMENT_SCREEN_DOCUMENT_REVIEW_M1_SKILL_05"",""EV_APP0105_DOCUMENT_SCREEN_DOCUMENT_REVIEW_M1_SKILL_06"",""EV_APP0105_DOCUMENT_SCREEN_DOCUMENT_REVIEW_M1_SKILL_08""],""follow_up_skills"":[""M1_SKILL_01"",""M1_SKILL_04"",""M1_SKILL_05"",""M1_SKILL_06"",""M1_SKILL_08""],""human_rationale"":""공개 기본요건의 검증된 위반 없음. 자기기술을 후속검증 질문으로 전달하며 Skill을 확정하지 않는다."",""observation_refs"":[""OB_REVIEW_ML_01_EV_APP0105_DOCUMENT_SCREEN_DOCUMENT_REVIEW_M1_SKILL_01"",""OB_REVIEW_HM_01_EV_APP0105_DOCUMENT_SCREEN_DOCUMENT_REVIEW_M1_SKILL_01"",""OB_REVIEW_ML_01_EV_APP0105_DOCUMENT_SCREEN_DOCUMENT_REVIEW_M1_SKILL_04"",""OB_REVIEW_HM_01_EV_APP0105_DOCUMENT_SCREEN_DOCUMENT_REVIEW_M1_SKILL_04"",""OB_REVIEW_ML_01_EV_APP0105_DOCUMENT_SCREEN_DOCUMENT_REVIEW_M1_SKILL_05"",""OB_REVIEW_HM_01_EV_APP0105_DOCUMENT_SCREEN_DOCUMENT_REVIEW_M1_SKILL_05"",""OB_REVIEW_ML_01_EV_APP0105_DOCUMENT_SCREEN_DOCUMENT_REVIEW_M1_SKILL_06"",""OB_REVIEW_HM_01_EV_APP0105_DOCUMENT_SCREEN_DOCUMENT_REVIEW_M1_SKILL_06"",""OB_REVIEW_ML_01_EV_APP0105_DOCUMENT_SCREEN_DOCUMENT_REVIEW_M1_SKILL_08"",""OB_REVIEW_HM_01_EV_APP0105_DOCUMENT_SCREEN_DOCUMENT_REVIEW_M1_SKILL_08""],""stage"":""DOCUMENT_SCREEN""}"
APP0063_DOCUMENT_SCREEN,APP0063,C0063,DOCUMENT_SCREEN,2026-10-20T12:24:00+09:00,,,2026-10-20T12:24:00+09:00,2026-10-26T12:39:00+09:00,2026-10-27T12:39:00+09:00,,ADVANCED,EVIDENCE_CANDIDATES_FOUND,,SYNTHETIC_HUMAN_SCENARIO,"{""criterion"":""NO_VERIFIED_PUBLIC_REQUIREMENT_VIOLATION"",""evidence_candidate_refs"":[""EV_APP0063_DOCUMENT_SCREEN_DOCUMENT_REVIEW_M1_SKILL_01"",""EV_APP0063_DOCUMENT_SCREEN_DOCUMENT_REVIEW_M1_SKILL_04"",""EV_APP0063_DOCUMENT_SCREEN_DOCUMENT_REVIEW_M1_SKILL_05"",""EV_APP0063_DOCUMENT_SCREEN_DOCUMENT_REVIEW_M1_SKILL_06"",""EV_APP0063_DOCUMENT_SCREEN_DOCUMENT_REVIEW_M1_SKILL_08""],""follow_up_skills"":[""M1_SKILL_01"",""M1_SKILL_04"",""M1_SKILL_05"",""M1_SKILL_06"",""M1_SKILL_08""],""human_rationale"":""공개 기본요건의 검증된 위반 없음. 자기기술을 후속검증 질문으로 전달하며 Skill을 확정하지 않는다."",""observation_refs"":[""OB_REVIEW_ML_01_EV_APP0063_DOCUMENT_SCREEN_DOCUMENT_REVIEW_M1_SKILL_01"",""OB_REVIEW_HM_01_EV_APP0063_DOCUMENT_SCREEN_DOCUMENT_REVIEW_M1_SKILL_01"",""OB_REVIEW_ML_01_EV_APP0063_DOCUMENT_SCREEN_DOCUMENT_REVIEW_M1_SKILL_04"",""OB_REVIEW_HM_01_EV_APP0063_DOCUMENT_SCREEN_DOCUMENT_REVIEW_M1_SKILL_04"",""OB_REVIEW_ML_01_EV_APP0063_DOCUMENT_SCREEN_DOCUMENT_REVIEW_M1_SKILL_05"",""OB_REVIEW_HM_01_EV_APP0063_DOCUMENT_SCREEN_DOCUMENT_REVIEW_M1_SKILL_05"",""OB_REVIEW_ML_01_EV_APP0063_DOCUMENT_SCREEN_DOCUMENT_REVIEW_M1_SKILL_06"",""OB_REVIEW_HM_01_EV_APP0063_DOCUMENT_SCREEN_DOCUMENT_REVIEW_M1_SKILL_06"",""OB_REVIEW_ML_01_EV_APP0063_DOCUMENT_SCREEN_DOCUMENT_REVIEW_M1_SKILL_08"",""OB_REVIEW_HM_01_EV_APP0063_DOCUMENT_SCREEN_DOCUMENT_REVIEW_M1_SKILL_08""],""stage"":""DOCUMENT_SCREEN""}"
APP0096_DOCUMENT_SCREEN,APP0096,C0096,DOCUMENT_SCREEN,2026-10-20T12:34:00+09:00,,,2026-10-20T12:34:00+09:00,2026-10-25T14:37:00+09:00,2026-10-25T14:37:00+09:00,,ADVANCED,EVIDENCE_CANDIDATES_FOUND,,SYNTHETIC_HUMAN_SCENARIO,"{""criterion"":""NO_VERIFIED_PUBLIC_REQUIREMENT_VIOLATION"",""evidence_candidate_refs"":[""EV_APP0096_DOCUMENT_SCREEN_DOCUMENT_REVIEW_M1_SKILL_01"",""EV_APP0096_DOCUMENT_SCREEN_DOCUMENT_REVIEW_M1_SKILL_04"",""EV_APP0096_DOCUMENT_SCREEN_DOCUMENT_REVIEW_M1_SKILL_05"",""EV_APP0096_DOCUMENT_SCREEN_DOCUMENT_REVIEW_M1_SKILL_06"",""EV_APP0096_DOCUMENT_SCREEN_DOCUMENT_REVIEW_M1_SKILL_08""],""follow_up_skills"":[""M1_SKILL_01"",""M1_SKILL_04"",""M1_SKILL_05"",""M1_SKILL_06"",""M1_SKILL_08""],""human_rationale"":""공개 기본요건의 검증된 위반 없음. 자기기술을 후속검증 질문으로 전달하며 Skill을 확정하지 않는다."",""observation_refs"":[""OB_REVIEW_ML_01_EV_APP0096_DOCUMENT_SCREEN_DOCUMENT_REVIEW_M1_SKILL_01"",""OB_REVIEW_HM_01_EV_APP0096_DOCUMENT_SCREEN_DOCUMENT_REVIEW_M1_SKILL_01"",""OB_REVIEW_ML_01_EV_APP0096_DOCUMENT_SCREEN_DOCUMENT_REVIEW_M1_SKILL_04"",""OB_REVIEW_HM_01_EV_APP0096_DOCUMENT_SCREEN_DOCUMENT_REVIEW_M1_SKILL_04"",""OB_REVIEW_ML_01_EV_APP0096_DOCUMENT_SCREEN_DOCUMENT_REVIEW_M1_SKILL_05"",""OB_REVIEW_HM_01_EV_APP0096_DOCUMENT_SCREEN_DOCUMENT_REVIEW_M1_SKILL_05"",""OB_REVIEW_ML_01_EV_APP0096_DOCUMENT_SCREEN_DOCUMENT_REVIEW_M1_SKILL_06"",""OB_REVIEW_HM_01_EV_APP0096_DOCUMENT_SCREEN_DOCUMENT_REVIEW_M1_SKILL_06"",""OB_REVIEW_ML_01_EV_APP0096_DOCUMENT_SCREEN_DOCUMENT_REVIEW_M1_SKILL_08"",""OB_REVIEW_HM_01_EV_APP0096_DOCUMENT_SCREEN_DOCUMENT_REVIEW_M1_SKILL_08""],""stage"":""DOCUMENT_SCREEN""}"
APP0142_DOCUMENT_SCREEN,APP0142,C0142,DOCUMENT_SCREEN,2026-10-20T13:34:00+09:00,,,2026-10-20T13:34:00+09:00,2026-10-30T13:54:00+09:00,2026-11-01T13:54:00+09:00,,ADVANCED,EVIDENCE_CANDIDATES_FOUND,,SYNTHETIC_HUMAN_SCENARIO,"{""criterion"":""NO_VERIFIED_PUBLIC_REQUIREMENT_VIOLATION"",""evidence_candidate_refs"":[""EV_APP0142_DOCUMENT_SCREEN_DOCUMENT_REVIEW_M1_SKILL_01"",""EV_APP0142_DOCUMENT_SCREEN_DOCUMENT_REVIEW_M1_SKILL_04"",""EV_APP0142_DOCUMENT_SCREEN_DOCUMENT_REVIEW_M1_SKILL_05"",""EV_APP0142_DOCUMENT_SCREEN_DOCUMENT_REVIEW_M1_SKILL_06"",""EV_APP0142_DOCUMENT_SCREEN_DOCUMENT_REVIEW_M1_SKILL_08""],""follow_up_skills"":[""M1_SKILL_01"",""M1_SKILL_04"",""M1_SKILL_05"",""M1_SKILL_06"",""M1_SKILL_08""],""human_rationale"":""공개 기본요건의 검증된 위반 없음. 자기기술을 후속검증 질문으로 전달하며 Skill을 확정하지 않는다."",""observation_refs"":[""OB_REVIEW_ML_01_EV_APP0142_DOCUMENT_SCREEN_DOCUMENT_REVIEW_M1_SKILL_01"",""OB_REVIEW_HM_01_EV_APP0142_DOCUMENT_SCREEN_DOCUMENT_REVIEW_M1_SKILL_01"",""OB_REVIEW_ML_01_EV_APP0142_DOCUMENT_SCREEN_DOCUMENT_REVIEW_M1_SKILL_04"",""OB_REVIEW_HM_01_EV_APP0142_DOCUMENT_SCREEN_DOCUMENT_REVIEW_M1_SKILL_04"",""OB_REVIEW_ML_01_EV_APP0142_DOCUMENT_SCREEN_DOCUMENT_REVIEW_M1_SKILL_05"",""OB_REVIEW_HM_01_EV_APP0142_DOCUMENT_SCREEN_DOCUMENT_REVIEW_M1_SKILL_05"",""OB_REVIEW_ML_01_EV_APP0142_DOCUMENT_SCREEN_DOCUMENT_REVIEW_M1_SKILL_06"",""OB_REVIEW_HM_01_EV_APP0142_DOCUMENT_SCREEN_DOCUMENT_REVIEW_M1_SKILL_06"",""OB_REVIEW_ML_01_EV_APP0142_DOCUMENT_SCREEN_DOCUMENT_REVIEW_M1_SKILL_08"",""OB_REVIEW_HM_01_EV_APP0142_DOCUMENT_SCREEN_DOCUMENT_REVIEW_M1_SKILL_08""],""stage"":""DOCUMENT_SCREEN""}"
APP0003_DOCUMENT_SCREEN,APP0003,C0003,DOCUMENT_SCREEN,2026-10-20T13:43:00+09:00,,,2026-10-20T13:43:00+09:00,2026-10-28T14:14:00+09:00,2026-11-01T14:14:00+09:00,,ADVANCED,EVIDENCE_CANDIDATES_FOUND,,SYNTHETIC_HUMAN_SCENARIO,"{""criterion"":""NO_VERIFIED_PUBLIC_REQUIREMENT_VIOLATION"",""evidence_candidate_refs"":[""EV_APP0003_DOCUMENT_SCREEN_DOCUMENT_REVIEW_M1_SKILL_01"",""EV_APP0003_DOCUMENT_SCREEN_DOCUMENT_REVIEW_M1_SKILL_04"",""EV_APP0003_DOCUMENT_SCREEN_DOCUMENT_REVIEW_M1_SKILL_05"",""EV_APP0003_DOCUMENT_SCREEN_DOCUMENT_REVIEW_M1_SKILL_06"",""EV_APP0003_DOCUMENT_SCREEN_DOCUMENT_REVIEW_M1_SKILL_08""],""follow_up_skills"":[""M1_SKILL_01"",""M1_SKILL_04"",""M1_SKILL_05"",""M1_SKILL_06"",""M1_SKILL_08""],""human_rationale"":""공개 기본요건의 검증된 위반 없음. 자기기술을 후속검증 질문으로 전달하며 Skill을 확정하지 않는다."",""observation_refs"":[""OB_REVIEW_ML_01_EV_APP0003_DOCUMENT_SCREEN_DOCUMENT_REVIEW_M1_SKILL_01"",""OB_REVIEW_HM_01_EV_APP0003_DOCUMENT_SCREEN_DOCUMENT_REVIEW_M1_SKILL_01"",""OB_REVIEW_ML_01_EV_APP0003_DOCUMENT_SCREEN_DOCUMENT_REVIEW_M1_SKILL_04"",""OB_REVIEW_HM_01_EV_APP0003_DOCUMENT_SCREEN_DOCUMENT_REVIEW_M1_SKILL_04"",""OB_REVIEW_ML_01_EV_APP0003_DOCUMENT_SCREEN_DOCUMENT_REVIEW_M1_SKILL_05"",""OB_REVIEW_HM_01_EV_APP0003_DOCUMENT_SCREEN_DOCUMENT_REVIEW_M1_SKILL_05"",""OB_REVIEW_ML_01_EV_APP0003_DOCUMENT_SCREEN_DOCUMENT_REVIEW_M1_SKILL_06"",""OB_REVIEW_HM_01_EV_APP0003_DOCUMENT_SCREEN_DOCUMENT_REVIEW_M1_SKILL_06"",""OB_REVIEW_ML_01_EV_APP0003_DOCUMENT_SCREEN_DOCUMENT_REVIEW_M1_SKILL_08"",""OB_REVIEW_HM_01_EV_APP0003_DOCUMENT_SCREEN_DOCUMENT_REVIEW_M1_SKILL_08""],""stage"":""DOCUMENT_SCREEN""}"
APP0119_DOCUMENT_SCREEN,APP0119,C0119,DOCUMENT_SCREEN,2026-10-20T14:22:00+09:00,,,2026-10-20T14:22:00+09:00,2026-10-28T14:42:00+09:00,2026-10-30T14:42:00+09:00,,ADVANCED,EVIDENCE_CANDIDATES_FOUND,,SYNTHETIC_HUMAN_SCENARIO,"{""criterion"":""NO_VERIFIED_PUBLIC_REQUIREMENT_VIOLATION"",""evidence_candidate_refs"":[""EV_APP0119_DOCUMENT_SCREEN_DOCUMENT_REVIEW_M1_SKILL_01"",""EV_APP0119_DOCUMENT_SCREEN_DOCUMENT_REVIEW_M1_SKILL_04"",""EV_APP0119_DOCUMENT_SCREEN_DOCUMENT_REVIEW_M1_SKILL_05"",""EV_APP0119_DOCUMENT_SCREEN_DOCUMENT_REVIEW_M1_SKILL_06"",""EV_APP0119_DOCUMENT_SCREEN_DOCUMENT_REVIEW_M1_SKILL_08""],""follow_up_skills"":[""M1_SKILL_01"",""M1_SKILL_04"",""M1_SKILL_05"",""M1_SKILL_06"",""M1_SKILL_08""],""human_rationale"":""공개 기본요건의 검증된 위반 없음. 자기기술을 후속검증 질문으로 전달하며 Skill을 확정하지 않는다."",""observation_refs"":[""OB_REVIEW_ML_01_EV_APP0119_DOCUMENT_SCREEN_DOCUMENT_REVIEW_M1_SKILL_01"",""OB_REVIEW_HM_01_EV_APP0119_DOCUMENT_SCREEN_DOCUMENT_REVIEW_M1_SKILL_01"",""OB_REVIEW_ML_01_EV_APP0119_DOCUMENT_SCREEN_DOCUMENT_REVIEW_M1_SKILL_04"",""OB_REVIEW_HM_01_EV_APP0119_DOCUMENT_SCREEN_DOCUMENT_REVIEW_M1_SKILL_04"",""OB_REVIEW_ML_01_EV_APP0119_DOCUMENT_SCREEN_DOCUMENT_REVIEW_M1_SKILL_05"",""OB_REVIEW_HM_01_EV_APP0119_DOCUMENT_SCREEN_DOCUMENT_REVIEW_M1_SKILL_05"",""OB_REVIEW_ML_01_EV_APP0119_DOCUMENT_SCREEN_DOCUMENT_REVIEW_M1_SKILL_06"",""OB_REVIEW_HM_01_EV_APP0119_DOCUMENT_SCREEN_DOCUMENT_REVIEW_M1_SKILL_06"",""OB_REVIEW_ML_01_EV_APP0119_DOCUMENT_SCREEN_DOCUMENT_REVIEW_M1_SKILL_08"",""OB_REVIEW_HM_01_EV_APP0119_DOCUMENT_SCREEN_DOCUMENT_REVIEW_M1_SKILL_08""],""stage"":""DOCUMENT_SCREEN""}"
APP0005_DOCUMENT_SCREEN,APP0005,C0005,DOCUMENT_SCREEN,2026-10-20T14:26:00+09:00,,,2026-10-20T14:26:00+09:00,2026-10-28T14:42:00+09:00,2026-10-30T14:42:00+09:00,,ADVANCED,EVIDENCE_CANDIDATES_FOUND,,SYNTHETIC_HUMAN_SCENARIO,"{""criterion"":""NO_VERIFIED_PUBLIC_REQUIREMENT_VIOLATION"",""evidence_candidate_refs"":[""EV_APP0005_DOCUMENT_SCREEN_DOCUMENT_REVIEW_M1_SKILL_01"",""EV_APP0005_DOCUMENT_SCREEN_DOCUMENT_REVIEW_M1_SKILL_04"",""EV_APP0005_DOCUMENT_SCREEN_DOCUMENT_REVIEW_M1_SKILL_05"",""EV_APP0005_DOCUMENT_SCREEN_DOCUMENT_REVIEW_M1_SKILL_06"",""EV_APP0005_DOCUMENT_SCREEN_DOCUMENT_REVIEW_M1_SKILL_08""],""follow_up_skills"":[""M1_SKILL_01"",""M1_SKILL_04"",""M1_SKILL_05"",""M1_SKILL_06"",""M1_SKILL_08""],""human_rationale"":""공개 기본요건의 검증된 위반 없음. 자기기술을 후속검증 질문으로 전달하며 Skill을 확정하지 않는다."",""observation_refs"":[""OB_REVIEW_ML_01_EV_APP0005_DOCUMENT_SCREEN_DOCUMENT_REVIEW_M1_SKILL_01"",""OB_REVIEW_HM_01_EV_APP0005_DOCUMENT_SCREEN_DOCUMENT_REVIEW_M1_SKILL_01"",""OB_REVIEW_ML_01_EV_APP0005_DOCUMENT_SCREEN_DOCUMENT_REVIEW_M1_SKILL_04"",""OB_REVIEW_HM_01_EV_APP0005_DOCUMENT_SCREEN_DOCUMENT_REVIEW_M1_SKILL_04"",""OB_REVIEW_ML_01_EV_APP0005_DOCUMENT_SCREEN_DOCUMENT_REVIEW_M1_SKILL_05"",""OB_REVIEW_HM_01_EV_APP0005_DOCUMENT_SCREEN_DOCUMENT_REVIEW_M1_SKILL_05"",""OB_REVIEW_ML_01_EV_APP0005_DOCUMENT_SCREEN_DOCUMENT_REVIEW_M1_SKILL_06"",""OB_REVIEW_HM_01_EV_APP0005_DOCUMENT_SCREEN_DOCUMENT_REVIEW_M1_SKILL_06"",""OB_REVIEW_ML_01_EV_APP0005_DOCUMENT_SCREEN_DOCUMENT_REVIEW_M1_SKILL_08"",""OB_REVIEW_HM_01_EV_APP0005_DOCUMENT_SCREEN_DOCUMENT_REVIEW_M1_SKILL_08""],""stage"":""DOCUMENT_SCREEN""}"
APP0093_DOCUMENT_SCREEN,APP0093,C0093,DOCUMENT_SCREEN,2026-10-20T14:55:00+09:00,,,2026-10-20T14:55:00+09:00,2026-10-25T15:10:00+09:00,2026-10-29T15:10:00+09:00,,ADVANCED,EVIDENCE_CANDIDATES_FOUND,,SYNTHETIC_HUMAN_SCENARIO,"{""criterion"":""NO_VERIFIED_PUBLIC_REQUIREMENT_VIOLATION"",""evidence_candidate_refs"":[""EV_APP0093_DOCUMENT_SCREEN_DOCUMENT_REVIEW_M1_SKILL_01"",""EV_APP0093_DOCUMENT_SCREEN_DOCUMENT_REVIEW_M1_SKILL_04"",""EV_APP0093_DOCUMENT_SCREEN_DOCUMENT_REVIEW_M1_SKILL_05"",""EV_APP0093_DOCUMENT_SCREEN_DOCUMENT_REVIEW_M1_SKILL_06"",""EV_APP0093_DOCUMENT_SCREEN_DOCUMENT_REVIEW_M1_SKILL_08""],""follow_up_skills"":[""M1_SKILL_01"",""M1_SKILL_04"",""M1_SKILL_05"",""M1_SKILL_06"",""M1_SKILL_08""],""human_rationale"":""공개 기본요건의 검증된 위반 없음. 자기기술을 후속검증 질문으로 전달하며 Skill을 확정하지 않는다."",""observation_refs"":[""OB_REVIEW_ML_01_EV_APP0093_DOCUMENT_SCREEN_DOCUMENT_REVIEW_M1_SKILL_01"",""OB_REVIEW_HM_01_EV_APP0093_DOCUMENT_SCREEN_DOCUMENT_REVIEW_M1_SKILL_01"",""OB_REVIEW_ML_01_EV_APP0093_DOCUMENT_SCREEN_DOCUMENT_REVIEW_M1_SKILL_04"",""OB_REVIEW_HM_01_EV_APP0093_DOCUMENT_SCREEN_DOCUMENT_REVIEW_M1_SKILL_04"",""OB_REVIEW_ML_01_EV_APP0093_DOCUMENT_SCREEN_DOCUMENT_REVIEW_M1_SKILL_05"",""OB_REVIEW_HM_01_EV_APP0093_DOCUMENT_SCREEN_DOCUMENT_REVIEW_M1_SKILL_05"",""OB_REVIEW_ML_01_EV_APP0093_DOCUMENT_SCREEN_DOCUMENT_REVIEW_M1_SKILL_06"",""OB_REVIEW_HM_01_EV_APP0093_DOCUMENT_SCREEN_DOCUMENT_REVIEW_M1_SKILL_06"",""OB_REVIEW_ML_01_EV_APP0093_DOCUMENT_SCREEN_DOCUMENT_REVIEW_M1_SKILL_08"",""OB_REVIEW_HM_01_EV_APP0093_DOCUMENT_SCREEN_DOCUMENT_REVIEW_M1_SKILL_08""],""stage"":""DOCUMENT_SCREEN""}"
APP0134_DOCUMENT_SCREEN,APP0134,C0134,DOCUMENT_SCREEN,2026-10-20T14:59:00+09:00,,,2026-10-20T14:59:00+09:00,2026-10-26T15:24:00+09:00,2026-10-28T15:24:00+09:00,,ADVANCED,EVIDENCE_CANDIDATES_FOUND,,SYNTHETIC_HUMAN_SCENARIO,"{""criterion"":""NO_VERIFIED_PUBLIC_REQUIREMENT_VIOLATION"",""evidence_candidate_refs"":[""EV_APP0134_DOCUMENT_SCREEN_DOCUMENT_REVIEW_M1_SKILL_01"",""EV_APP0134_DOCUMENT_SCREEN_DOCUMENT_REVIEW_M1_SKILL_04"",""EV_APP0134_DOCUMENT_SCREEN_DOCUMENT_REVIEW_M1_SKILL_05"",""EV_APP0134_DOCUMENT_SCREEN_DOCUMENT_REVIEW_M1_SKILL_06"",""EV_APP0134_DOCUMENT_SCREEN_DOCUMENT_REVIEW_M1_SKILL_08""],""follow_up_skills"":[""M1_SKILL_01"",""M1_SKILL_04"",""M1_SKILL_05"",""M1_SKILL_06"",""M1_SKILL_08""],""human_rationale"":""공개 기본요건의 검증된 위반 없음. 자기기술을 후속검증 질문으로 전달하며 Skill을 확정하지 않는다."",""observation_refs"":[""OB_REVIEW_ML_01_EV_APP0134_DOCUMENT_SCREEN_DOCUMENT_REVIEW_M1_SKILL_01"",""OB_REVIEW_HM_01_EV_APP0134_DOCUMENT_SCREEN_DOCUMENT_REVIEW_M1_SKILL_01"",""OB_REVIEW_ML_01_EV_APP0134_DOCUMENT_SCREEN_DOCUMENT_REVIEW_M1_SKILL_04"",""OB_REVIEW_HM_01_EV_APP0134_DOCUMENT_SCREEN_DOCUMENT_REVIEW_M1_SKILL_04"",""OB_REVIEW_ML_01_EV_APP0134_DOCUMENT_SCREEN_DOCUMENT_REVIEW_M1_SKILL_05"",""OB_REVIEW_HM_01_EV_APP0134_DOCUMENT_SCREEN_DOCUMENT_REVIEW_M1_SKILL_05"",""OB_REVIEW_ML_01_EV_APP0134_DOCUMENT_SCREEN_DOCUMENT_REVIEW_M1_SKILL_06"",""OB_REVIEW_HM_01_EV_APP0134_DOCUMENT_SCREEN_DOCUMENT_REVIEW_M1_SKILL_06"",""OB_REVIEW_ML_01_EV_APP0134_DOCUMENT_SCREEN_DOCUMENT_REVIEW_M1_SKILL_08"",""OB_REVIEW_HM_01_EV_APP0134_DOCUMENT_SCREEN_DOCUMENT_REVIEW_M1_SKILL_08""],""stage"":""DOCUMENT_SCREEN""}"
APP0095_DOCUMENT_SCREEN,APP0095,C0095,DOCUMENT_SCREEN,2026-10-20T15:04:00+09:00,,,2026-10-20T15:04:00+09:00,2026-10-24T15:25:00+09:00,2026-10-25T15:25:00+09:00,,ADVANCED,EVIDENCE_CANDIDATES_FOUND,,SYNTHETIC_HUMAN_SCENARIO,"{""criterion"":""NO_VERIFIED_PUBLIC_REQUIREMENT_VIOLATION"",""evidence_candidate_refs"":[""EV_APP0095_DOCUMENT_SCREEN_DOCUMENT_REVIEW_M1_SKILL_01"",""EV_APP0095_DOCUMENT_SCREEN_DOCUMENT_REVIEW_M1_SKILL_04"",""EV_APP0095_DOCUMENT_SCREEN_DOCUMENT_REVIEW_M1_SKILL_05"",""EV_APP0095_DOCUMENT_SCREEN_DOCUMENT_REVIEW_M1_SKILL_06"",""EV_APP0095_DOCUMENT_SCREEN_DOCUMENT_REVIEW_M1_SKILL_08""],""follow_up_skills"":[""M1_SKILL_01"",""M1_SKILL_04"",""M1_SKILL_05"",""M1_SKILL_06"",""M1_SKILL_08""],""human_rationale"":""공개 기본요건의 검증된 위반 없음. 자기기술을 후속검증 질문으로 전달하며 Skill을 확정하지 않는다."",""observation_refs"":[""OB_REVIEW_ML_01_EV_APP0095_DOCUMENT_SCREEN_DOCUMENT_REVIEW_M1_SKILL_01"",""OB_REVIEW_HM_01_EV_APP0095_DOCUMENT_SCREEN_DOCUMENT_REVIEW_M1_SKILL_01"",""OB_REVIEW_ML_01_EV_APP0095_DOCUMENT_SCREEN_DOCUMENT_REVIEW_M1_SKILL_04"",""OB_REVIEW_HM_01_EV_APP0095_DOCUMENT_SCREEN_DOCUMENT_REVIEW_M1_SKILL_04"",""OB_REVIEW_ML_01_EV_APP0095_DOCUMENT_SCREEN_DOCUMENT_REVIEW_M1_SKILL_05"",""OB_REVIEW_HM_01_EV_APP0095_DOCUMENT_SCREEN_DOCUMENT_REVIEW_M1_SKILL_05"",""OB_REVIEW_ML_01_EV_APP0095_DOCUMENT_SCREEN_DOCUMENT_REVIEW_M1_SKILL_06"",""OB_REVIEW_HM_01_EV_APP0095_DOCUMENT_SCREEN_DOCUMENT_REVIEW_M1_SKILL_06"",""OB_REVIEW_ML_01_EV_APP0095_DOCUMENT_SCREEN_DOCUMENT_REVIEW_M1_SKILL_08"",""OB_REVIEW_HM_01_EV_APP0095_DOCUMENT_SCREEN_DOCUMENT_REVIEW_M1_SKILL_08""],""stage"":""DOCUMENT_SCREEN""}"
APP0127_DOCUMENT_SCREEN,APP0127,C0127,DOCUMENT_SCREEN,2026-10-20T15:07:00+09:00,,,2026-10-20T15:07:00+09:00,2026-10-30T15:22:00+09:00,2026-11-03T15:22:00+09:00,,ADVANCED,EVIDENCE_CANDIDATES_FOUND,,SYNTHETIC_HUMAN_SCENARIO,"{""criterion"":""NO_VERIFIED_PUBLIC_REQUIREMENT_VIOLATION"",""evidence_candidate_refs"":[""EV_APP0127_DOCUMENT_SCREEN_DOCUMENT_REVIEW_M1_SKILL_01"",""EV_APP0127_DOCUMENT_SCREEN_DOCUMENT_REVIEW_M1_SKILL_04"",""EV_APP0127_DOCUMENT_SCREEN_DOCUMENT_REVIEW_M1_SKILL_05"",""EV_APP0127_DOCUMENT_SCREEN_DOCUMENT_REVIEW_M1_SKILL_06"",""EV_APP0127_DOCUMENT_SCREEN_DOCUMENT_REVIEW_M1_SKILL_08""],""follow_up_skills"":[""M1_SKILL_01"",""M1_SKILL_04"",""M1_SKILL_05"",""M1_SKILL_06"",""M1_SKILL_08""],""human_rationale"":""공개 기본요건의 검증된 위반 없음. 자기기술을 후속검증 질문으로 전달하며 Skill을 확정하지 않는다."",""observation_refs"":[""OB_REVIEW_ML_01_EV_APP0127_DOCUMENT_SCREEN_DOCUMENT_REVIEW_M1_SKILL_01"",""OB_REVIEW_HM_01_EV_APP0127_DOCUMENT_SCREEN_DOCUMENT_REVIEW_M1_SKILL_01"",""OB_REVIEW_ML_01_EV_APP0127_DOCUMENT_SCREEN_DOCUMENT_REVIEW_M1_SKILL_04"",""OB_REVIEW_HM_01_EV_APP0127_DOCUMENT_SCREEN_DOCUMENT_REVIEW_M1_SKILL_04"",""OB_REVIEW_ML_01_EV_APP0127_DOCUMENT_SCREEN_DOCUMENT_REVIEW_M1_SKILL_05"",""OB_REVIEW_HM_01_EV_APP0127_DOCUMENT_SCREEN_DOCUMENT_REVIEW_M1_SKILL_05"",""OB_REVIEW_ML_01_EV_APP0127_DOCUMENT_SCREEN_DOCUMENT_REVIEW_M1_SKILL_06"",""OB_REVIEW_HM_01_EV_APP0127_DOCUMENT_SCREEN_DOCUMENT_REVIEW_M1_SKILL_06"",""OB_REVIEW_ML_01_EV_APP0127_DOCUMENT_SCREEN_DOCUMENT_REVIEW_M1_SKILL_08"",""OB_REVIEW_HM_01_EV_APP0127_DOCUMENT_SCREEN_DOCUMENT_REVIEW_M1_SKILL_08""],""stage"":""DOCUMENT_SCREEN""}"
APP0004_DOCUMENT_SCREEN,APP0004,C0004,DOCUMENT_SCREEN,2026-10-20T15:40:00+09:00,,,2026-10-20T15:40:00+09:00,2026-10-30T16:00:00+09:00,2026-10-31T16:00:00+09:00,,ADVANCED,EVIDENCE_CANDIDATES_FOUND,,SYNTHETIC_HUMAN_SCENARIO,"{""criterion"":""NO_VERIFIED_PUBLIC_REQUIREMENT_VIOLATION"",""evidence_candidate_refs"":[""EV_APP0004_DOCUMENT_SCREEN_DOCUMENT_REVIEW_M1_SKILL_01"",""EV_APP0004_DOCUMENT_SCREEN_DOCUMENT_REVIEW_M1_SKILL_04"",""EV_APP0004_DOCUMENT_SCREEN_DOCUMENT_REVIEW_M1_SKILL_05"",""EV_APP0004_DOCUMENT_SCREEN_DOCUMENT_REVIEW_M1_SKILL_06"",""EV_APP0004_DOCUMENT_SCREEN_DOCUMENT_REVIEW_M1_SKILL_08""],""follow_up_skills"":[""M1_SKILL_01"",""M1_SKILL_04"",""M1_SKILL_05"",""M1_SKILL_06"",""M1_SKILL_08""],""human_rationale"":""공개 기본요건의 검증된 위반 없음. 자기기술을 후속검증 질문으로 전달하며 Skill을 확정하지 않는다."",""observation_refs"":[""OB_REVIEW_ML_01_EV_APP0004_DOCUMENT_SCREEN_DOCUMENT_REVIEW_M1_SKILL_01"",""OB_REVIEW_HM_01_EV_APP0004_DOCUMENT_SCREEN_DOCUMENT_REVIEW_M1_SKILL_01"",""OB_REVIEW_ML_01_EV_APP0004_DOCUMENT_SCREEN_DOCUMENT_REVIEW_M1_SKILL_04"",""OB_REVIEW_HM_01_EV_APP0004_DOCUMENT_SCREEN_DOCUMENT_REVIEW_M1_SKILL_04"",""OB_REVIEW_ML_01_EV_APP0004_DOCUMENT_SCREEN_DOCUMENT_REVIEW_M1_SKILL_05"",""OB_REVIEW_HM_01_EV_APP0004_DOCUMENT_SCREEN_DOCUMENT_REVIEW_M1_SKILL_05"",""OB_REVIEW_ML_01_EV_APP0004_DOCUMENT_SCREEN_DOCUMENT_REVIEW_M1_SKILL_06"",""OB_REVIEW_HM_01_EV_APP0004_DOCUMENT_SCREEN_DOCUMENT_REVIEW_M1_SKILL_06"",""OB_REVIEW_ML_01_EV_APP0004_DOCUMENT_SCREEN_DOCUMENT_REVIEW_M1_SKILL_08"",""OB_REVIEW_HM_01_EV_APP0004_DOCUMENT_SCREEN_DOCUMENT_REVIEW_M1_SKILL_08""],""stage"":""DOCUMENT_SCREEN""}"
APP0101_DOCUMENT_SCREEN,APP0101,C0101,DOCUMENT_SCREEN,2026-10-20T15:59:00+09:00,,,2026-10-20T15:59:00+09:00,2026-10-25T16:14:00+09:00,2026-10-27T16:14:00+09:00,,ADVANCED,EVIDENCE_CANDIDATES_FOUND,,SYNTHETIC_HUMAN_SCENARIO,"{""criterion"":""NO_VERIFIED_PUBLIC_REQUIREMENT_VIOLATION"",""evidence_candidate_refs"":[""EV_APP0101_DOCUMENT_SCREEN_DOCUMENT_REVIEW_M1_SKILL_01"",""EV_APP0101_DOCUMENT_SCREEN_DOCUMENT_REVIEW_M1_SKILL_04"",""EV_APP0101_DOCUMENT_SCREEN_DOCUMENT_REVIEW_M1_SKILL_05"",""EV_APP0101_DOCUMENT_SCREEN_DOCUMENT_REVIEW_M1_SKILL_06"",""EV_APP0101_DOCUMENT_SCREEN_DOCUMENT_REVIEW_M1_SKILL_08""],""follow_up_skills"":[""M1_SKILL_01"",""M1_SKILL_04"",""M1_SKILL_05"",""M1_SKILL_06"",""M1_SKILL_08""],""human_rationale"":""공개 기본요건의 검증된 위반 없음. 자기기술을 후속검증 질문으로 전달하며 Skill을 확정하지 않는다."",""observation_refs"":[""OB_REVIEW_ML_01_EV_APP0101_DOCUMENT_SCREEN_DOCUMENT_REVIEW_M1_SKILL_01"",""OB_REVIEW_HM_01_EV_APP0101_DOCUMENT_SCREEN_DOCUMENT_REVIEW_M1_SKILL_01"",""OB_REVIEW_ML_01_EV_APP0101_DOCUMENT_SCREEN_DOCUMENT_REVIEW_M1_SKILL_04"",""OB_REVIEW_HM_01_EV_APP0101_DOCUMENT_SCREEN_DOCUMENT_REVIEW_M1_SKILL_04"",""OB_REVIEW_ML_01_EV_APP0101_DOCUMENT_SCREEN_DOCUMENT_REVIEW_M1_SKILL_05"",""OB_REVIEW_HM_01_EV_APP0101_DOCUMENT_SCREEN_DOCUMENT_REVIEW_M1_SKILL_05"",""OB_REVIEW_ML_01_EV_APP0101_DOCUMENT_SCREEN_DOCUMENT_REVIEW_M1_SKILL_06"",""OB_REVIEW_HM_01_EV_APP0101_DOCUMENT_SCREEN_DOCUMENT_REVIEW_M1_SKILL_06"",""OB_REVIEW_ML_01_EV_APP0101_DOCUMENT_SCREEN_DOCUMENT_REVIEW_M1_SKILL_08"",""OB_REVIEW_HM_01_EV_APP0101_DOCUMENT_SCREEN_DOCUMENT_REVIEW_M1_SKILL_08""],""stage"":""DOCUMENT_SCREEN""}"
APP0139_DOCUMENT_SCREEN,APP0139,C0139,DOCUMENT_SCREEN,2026-10-20T16:04:00+09:00,,,2026-10-20T16:04:00+09:00,2026-10-26T16:24:00+09:00,2026-10-30T16:24:00+09:00,,ADVANCED,EVIDENCE_CANDIDATES_FOUND,,SYNTHETIC_HUMAN_SCENARIO,"{""criterion"":""NO_VERIFIED_PUBLIC_REQUIREMENT_VIOLATION"",""evidence_candidate_refs"":[""EV_APP0139_DOCUMENT_SCREEN_DOCUMENT_REVIEW_M1_SKILL_01"",""EV_APP0139_DOCUMENT_SCREEN_DOCUMENT_REVIEW_M1_SKILL_04"",""EV_APP0139_DOCUMENT_SCREEN_DOCUMENT_REVIEW_M1_SKILL_05"",""EV_APP0139_DOCUMENT_SCREEN_DOCUMENT_REVIEW_M1_SKILL_06"",""EV_APP0139_DOCUMENT_SCREEN_DOCUMENT_REVIEW_M1_SKILL_08""],""follow_up_skills"":[""M1_SKILL_01"",""M1_SKILL_04"",""M1_SKILL_05"",""M1_SKILL_06"",""M1_SKILL_08""],""human_rationale"":""공개 기본요건의 검증된 위반 없음. 자기기술을 후속검증 질문으로 전달하며 Skill을 확정하지 않는다."",""observation_refs"":[""OB_REVIEW_ML_01_EV_APP0139_DOCUMENT_SCREEN_DOCUMENT_REVIEW_M1_SKILL_01"",""OB_REVIEW_HM_01_EV_APP0139_DOCUMENT_SCREEN_DOCUMENT_REVIEW_M1_SKILL_01"",""OB_REVIEW_ML_01_EV_APP0139_DOCUMENT_SCREEN_DOCUMENT_REVIEW_M1_SKILL_04"",""OB_REVIEW_HM_01_EV_APP0139_DOCUMENT_SCREEN_DOCUMENT_REVIEW_M1_SKILL_04"",""OB_REVIEW_ML_01_EV_APP0139_DOCUMENT_SCREEN_DOCUMENT_REVIEW_M1_SKILL_05"",""OB_REVIEW_HM_01_EV_APP0139_DOCUMENT_SCREEN_DOCUMENT_REVIEW_M1_SKILL_05"",""OB_REVIEW_ML_01_EV_APP0139_DOCUMENT_SCREEN_DOCUMENT_REVIEW_M1_SKILL_06"",""OB_REVIEW_HM_01_EV_APP0139_DOCUMENT_SCREEN_DOCUMENT_REVIEW_M1_SKILL_06"",""OB_REVIEW_ML_01_EV_APP0139_DOCUMENT_SCREEN_DOCUMENT_REVIEW_M1_SKILL_08"",""OB_REVIEW_HM_01_EV_APP0139_DOCUMENT_SCREEN_DOCUMENT_REVIEW_M1_SKILL_08""],""stage"":""DOCUMENT_SCREEN""}"
APP0109_DOCUMENT_SCREEN,APP0109,C0109,DOCUMENT_SCREEN,2026-10-20T16:25:00+09:00,,,2026-10-20T16:25:00+09:00,2026-10-27T16:50:00+09:00,2026-10-31T16:50:00+09:00,,ADVANCED,EVIDENCE_CANDIDATES_FOUND,,SYNTHETIC_HUMAN_SCENARIO,"{""criterion"":""NO_VERIFIED_PUBLIC_REQUIREMENT_VIOLATION"",""evidence_candidate_refs"":[""EV_APP0109_DOCUMENT_SCREEN_DOCUMENT_REVIEW_M1_SKILL_01"",""EV_APP0109_DOCUMENT_SCREEN_DOCUMENT_REVIEW_M1_SKILL_04"",""EV_APP0109_DOCUMENT_SCREEN_DOCUMENT_REVIEW_M1_SKILL_05"",""EV_APP0109_DOCUMENT_SCREEN_DOCUMENT_REVIEW_M1_SKILL_06"",""EV_APP0109_DOCUMENT_SCREEN_DOCUMENT_REVIEW_M1_SKILL_08""],""follow_up_skills"":[""M1_SKILL_01"",""M1_SKILL_04"",""M1_SKILL_05"",""M1_SKILL_06"",""M1_SKILL_08""],""human_rationale"":""공개 기본요건의 검증된 위반 없음. 자기기술을 후속검증 질문으로 전달하며 Skill을 확정하지 않는다."",""observation_refs"":[""OB_REVIEW_ML_01_EV_APP0109_DOCUMENT_SCREEN_DOCUMENT_REVIEW_M1_SKILL_01"",""OB_REVIEW_HM_01_EV_APP0109_DOCUMENT_SCREEN_DOCUMENT_REVIEW_M1_SKILL_01"",""OB_REVIEW_ML_01_EV_APP0109_DOCUMENT_SCREEN_DOCUMENT_REVIEW_M1_SKILL_04"",""OB_REVIEW_HM_01_EV_APP0109_DOCUMENT_SCREEN_DOCUMENT_REVIEW_M1_SKILL_04"",""OB_REVIEW_ML_01_EV_APP0109_DOCUMENT_SCREEN_DOCUMENT_REVIEW_M1_SKILL_05"",""OB_REVIEW_HM_01_EV_APP0109_DOCUMENT_SCREEN_DOCUMENT_REVIEW_M1_SKILL_05"",""OB_REVIEW_ML_01_EV_APP0109_DOCUMENT_SCREEN_DOCUMENT_REVIEW_M1_SKILL_06"",""OB_REVIEW_HM_01_EV_APP0109_DOCUMENT_SCREEN_DOCUMENT_REVIEW_M1_SKILL_06"",""OB_REVIEW_ML_01_EV_APP0109_DOCUMENT_SCREEN_DOCUMENT_REVIEW_M1_SKILL_08"",""OB_REVIEW_HM_01_EV_APP0109_DOCUMENT_SCREEN_DOCUMENT_REVIEW_M1_SKILL_08""],""stage"":""DOCUMENT_SCREEN""}"
APP0002_DOCUMENT_SCREEN,APP0002,C0002,DOCUMENT_SCREEN,2026-10-20T16:28:00+09:00,,,2026-10-20T16:28:00+09:00,2026-10-26T16:59:00+09:00,2026-10-27T16:59:00+09:00,,ADVANCED,EVIDENCE_CANDIDATES_FOUND,,SYNTHETIC_HUMAN_SCENARIO,"{""criterion"":""NO_VERIFIED_PUBLIC_REQUIREMENT_VIOLATION"",""evidence_candidate_refs"":[""EV_APP0002_DOCUMENT_SCREEN_DOCUMENT_REVIEW_M1_SKILL_01"",""EV_APP0002_DOCUMENT_SCREEN_DOCUMENT_REVIEW_M1_SKILL_04"",""EV_APP0002_DOCUMENT_SCREEN_DOCUMENT_REVIEW_M1_SKILL_05"",""EV_APP0002_DOCUMENT_SCREEN_DOCUMENT_REVIEW_M1_SKILL_06"",""EV_APP0002_DOCUMENT_SCREEN_DOCUMENT_REVIEW_M1_SKILL_08""],""follow_up_skills"":[""M1_SKILL_01"",""M1_SKILL_04"",""M1_SKILL_05"",""M1_SKILL_06"",""M1_SKILL_08""],""human_rationale"":""공개 기본요건의 검증된 위반 없음. 자기기술을 후속검증 질문으로 전달하며 Skill을 확정하지 않는다."",""observation_refs"":[""OB_REVIEW_ML_01_EV_APP0002_DOCUMENT_SCREEN_DOCUMENT_REVIEW_M1_SKILL_01"",""OB_REVIEW_HM_01_EV_APP0002_DOCUMENT_SCREEN_DOCUMENT_REVIEW_M1_SKILL_01"",""OB_REVIEW_ML_01_EV_APP0002_DOCUMENT_SCREEN_DOCUMENT_REVIEW_M1_SKILL_04"",""OB_REVIEW_HM_01_EV_APP0002_DOCUMENT_SCREEN_DOCUMENT_REVIEW_M1_SKILL_04"",""OB_REVIEW_ML_01_EV_APP0002_DOCUMENT_SCREEN_DOCUMENT_REVIEW_M1_SKILL_05"",""OB_REVIEW_HM_01_EV_APP0002_DOCUMENT_SCREEN_DOCUMENT_REVIEW_M1_SKILL_05"",""OB_REVIEW_ML_01_EV_APP0002_DOCUMENT_SCREEN_DOCUMENT_REVIEW_M1_SKILL_06"",""OB_REVIEW_HM_01_EV_APP0002_DOCUMENT_SCREEN_DOCUMENT_REVIEW_M1_SKILL_06"",""OB_REVIEW_ML_01_EV_APP0002_DOCUMENT_SCREEN_DOCUMENT_REVIEW_M1_SKILL_08"",""OB_REVIEW_HM_01_EV_APP0002_DOCUMENT_SCREEN_DOCUMENT_REVIEW_M1_SKILL_08""],""stage"":""DOCUMENT_SCREEN""}"
APP0007_DOCUMENT_SCREEN,APP0007,C0007,DOCUMENT_SCREEN,2026-10-20T16:46:00+09:00,,,2026-10-20T16:46:00+09:00,2026-10-28T17:06:00+09:00,2026-10-28T17:06:00+09:00,,ADVANCED,EVIDENCE_CANDIDATES_FOUND,,SYNTHETIC_HUMAN_SCENARIO,"{""criterion"":""NO_VERIFIED_PUBLIC_REQUIREMENT_VIOLATION"",""evidence_candidate_refs"":[""EV_APP0007_DOCUMENT_SCREEN_DOCUMENT_REVIEW_M1_SKILL_01"",""EV_APP0007_DOCUMENT_SCREEN_DOCUMENT_REVIEW_M1_SKILL_04"",""EV_APP0007_DOCUMENT_SCREEN_DOCUMENT_REVIEW_M1_SKILL_05"",""EV_APP0007_DOCUMENT_SCREEN_DOCUMENT_REVIEW_M1_SKILL_06"",""EV_APP0007_DOCUMENT_SCREEN_DOCUMENT_REVIEW_M1_SKILL_08""],""follow_up_skills"":[""M1_SKILL_01"",""M1_SKILL_04"",""M1_SKILL_05"",""M1_SKILL_06"",""M1_SKILL_08""],""human_rationale"":""공개 기본요건의 검증된 위반 없음. 자기기술을 후속검증 질문으로 전달하며 Skill을 확정하지 않는다."",""observation_refs"":[""OB_REVIEW_ML_01_EV_APP0007_DOCUMENT_SCREEN_DOCUMENT_REVIEW_M1_SKILL_01"",""OB_REVIEW_HM_01_EV_APP0007_DOCUMENT_SCREEN_DOCUMENT_REVIEW_M1_SKILL_01"",""OB_REVIEW_ML_01_EV_APP0007_DOCUMENT_SCREEN_DOCUMENT_REVIEW_M1_SKILL_04"",""OB_REVIEW_HM_01_EV_APP0007_DOCUMENT_SCREEN_DOCUMENT_REVIEW_M1_SKILL_04"",""OB_REVIEW_ML_01_EV_APP0007_DOCUMENT_SCREEN_DOCUMENT_REVIEW_M1_SKILL_05"",""OB_REVIEW_HM_01_EV_APP0007_DOCUMENT_SCREEN_DOCUMENT_REVIEW_M1_SKILL_05"",""OB_REVIEW_ML_01_EV_APP0007_DOCUMENT_SCREEN_DOCUMENT_REVIEW_M1_SKILL_06"",""OB_REVIEW_HM_01_EV_APP0007_DOCUMENT_SCREEN_DOCUMENT_REVIEW_M1_SKILL_06"",""OB_REVIEW_ML_01_EV_APP0007_DOCUMENT_SCREEN_DOCUMENT_REVIEW_M1_SKILL_08"",""OB_REVIEW_HM_01_EV_APP0007_DOCUMENT_SCREEN_DOCUMENT_REVIEW_M1_SKILL_08""],""stage"":""DOCUMENT_SCREEN""}"
APP0110_DOCUMENT_SCREEN,APP0110,C0110,DOCUMENT_SCREEN,2026-10-21T09:04:00+09:00,,,2026-10-21T09:04:00+09:00,2026-10-31T09:19:00+09:00,2026-11-04T09:19:00+09:00,,ADVANCED,EVIDENCE_CANDIDATES_FOUND,,SYNTHETIC_HUMAN_SCENARIO,"{""criterion"":""NO_VERIFIED_PUBLIC_REQUIREMENT_VIOLATION"",""evidence_candidate_refs"":[""EV_APP0110_DOCUMENT_SCREEN_DOCUMENT_REVIEW_M1_SKILL_01"",""EV_APP0110_DOCUMENT_SCREEN_DOCUMENT_REVIEW_M1_SKILL_04"",""EV_APP0110_DOCUMENT_SCREEN_DOCUMENT_REVIEW_M1_SKILL_05"",""EV_APP0110_DOCUMENT_SCREEN_DOCUMENT_REVIEW_M1_SKILL_06"",""EV_APP0110_DOCUMENT_SCREEN_DOCUMENT_REVIEW_M1_SKILL_08""],""follow_up_skills"":[""M1_SKILL_01"",""M1_SKILL_04"",""M1_SKILL_05"",""M1_SKILL_06"",""M1_SKILL_08""],""human_rationale"":""공개 기본요건의 검증된 위반 없음. 자기기술을 후속검증 질문으로 전달하며 Skill을 확정하지 않는다."",""observation_refs"":[""OB_REVIEW_ML_01_EV_APP0110_DOCUMENT_SCREEN_DOCUMENT_REVIEW_M1_SKILL_01"",""OB_REVIEW_HM_01_EV_APP0110_DOCUMENT_SCREEN_DOCUMENT_REVIEW_M1_SKILL_01"",""OB_REVIEW_ML_01_EV_APP0110_DOCUMENT_SCREEN_DOCUMENT_REVIEW_M1_SKILL_04"",""OB_REVIEW_HM_01_EV_APP0110_DOCUMENT_SCREEN_DOCUMENT_REVIEW_M1_SKILL_04"",""OB_REVIEW_ML_01_EV_APP0110_DOCUMENT_SCREEN_DOCUMENT_REVIEW_M1_SKILL_05"",""OB_REVIEW_HM_01_EV_APP0110_DOCUMENT_SCREEN_DOCUMENT_REVIEW_M1_SKILL_05"",""OB_REVIEW_ML_01_EV_APP0110_DOCUMENT_SCREEN_DOCUMENT_REVIEW_M1_SKILL_06"",""OB_REVIEW_HM_01_EV_APP0110_DOCUMENT_SCREEN_DOCUMENT_REVIEW_M1_SKILL_06"",""OB_REVIEW_ML_01_EV_APP0110_DOCUMENT_SCREEN_DOCUMENT_REVIEW_M1_SKILL_08"",""OB_REVIEW_HM_01_EV_APP0110_DOCUMENT_SCREEN_DOCUMENT_REVIEW_M1_SKILL_08""],""stage"":""DOCUMENT_SCREEN""}"
APP0143_DOCUMENT_SCREEN,APP0143,C0143,DOCUMENT_SCREEN,2026-10-21T12:15:00+09:00,,,2026-10-21T12:15:00+09:00,2026-10-28T12:40:00+09:00,2026-10-28T12:40:00+09:00,,ADVANCED,EVIDENCE_CANDIDATES_FOUND,,SYNTHETIC_HUMAN_SCENARIO,"{""criterion"":""NO_VERIFIED_PUBLIC_REQUIREMENT_VIOLATION"",""evidence_candidate_refs"":[""EV_APP0143_DOCUMENT_SCREEN_DOCUMENT_REVIEW_M1_SKILL_01"",""EV_APP0143_DOCUMENT_SCREEN_DOCUMENT_REVIEW_M1_SKILL_04"",""EV_APP0143_DOCUMENT_SCREEN_DOCUMENT_REVIEW_M1_SKILL_05"",""EV_APP0143_DOCUMENT_SCREEN_DOCUMENT_REVIEW_M1_SKILL_06"",""EV_APP0143_DOCUMENT_SCREEN_DOCUMENT_REVIEW_M1_SKILL_08""],""follow_up_skills"":[""M1_SKILL_01"",""M1_SKILL_04"",""M1_SKILL_05"",""M1_SKILL_06"",""M1_SKILL_08""],""human_rationale"":""공개 기본요건의 검증된 위반 없음. 자기기술을 후속검증 질문으로 전달하며 Skill을 확정하지 않는다."",""observation_refs"":[""OB_REVIEW_ML_01_EV_APP0143_DOCUMENT_SCREEN_DOCUMENT_REVIEW_M1_SKILL_01"",""OB_REVIEW_HM_01_EV_APP0143_DOCUMENT_SCREEN_DOCUMENT_REVIEW_M1_SKILL_01"",""OB_REVIEW_ML_01_EV_APP0143_DOCUMENT_SCREEN_DOCUMENT_REVIEW_M1_SKILL_04"",""OB_REVIEW_HM_01_EV_APP0143_DOCUMENT_SCREEN_DOCUMENT_REVIEW_M1_SKILL_04"",""OB_REVIEW_ML_01_EV_APP0143_DOCUMENT_SCREEN_DOCUMENT_REVIEW_M1_SKILL_05"",""OB_REVIEW_HM_01_EV_APP0143_DOCUMENT_SCREEN_DOCUMENT_REVIEW_M1_SKILL_05"",""OB_REVIEW_ML_01_EV_APP0143_DOCUMENT_SCREEN_DOCUMENT_REVIEW_M1_SKILL_06"",""OB_REVIEW_HM_01_EV_APP0143_DOCUMENT_SCREEN_DOCUMENT_REVIEW_M1_SKILL_06"",""OB_REVIEW_ML_01_EV_APP0143_DOCUMENT_SCREEN_DOCUMENT_REVIEW_M1_SKILL_08"",""OB_REVIEW_HM_01_EV_APP0143_DOCUMENT_SCREEN_DOCUMENT_REVIEW_M1_SKILL_08""],""stage"":""DOCUMENT_SCREEN""}"
APP0121_DOCUMENT_SCREEN,APP0121,C0121,DOCUMENT_SCREEN,2026-10-21T12:23:00+09:00,,,2026-10-21T12:23:00+09:00,2026-10-29T12:38:00+09:00,2026-10-29T12:38:00+09:00,,ADVANCED,EVIDENCE_CANDIDATES_FOUND,,SYNTHETIC_HUMAN_SCENARIO,"{""criterion"":""NO_VERIFIED_PUBLIC_REQUIREMENT_VIOLATION"",""evidence_candidate_refs"":[""EV_APP0121_DOCUMENT_SCREEN_DOCUMENT_REVIEW_M1_SKILL_01"",""EV_APP0121_DOCUMENT_SCREEN_DOCUMENT_REVIEW_M1_SKILL_04"",""EV_APP0121_DOCUMENT_SCREEN_DOCUMENT_REVIEW_M1_SKILL_05"",""EV_APP0121_DOCUMENT_SCREEN_DOCUMENT_REVIEW_M1_SKILL_06"",""EV_APP0121_DOCUMENT_SCREEN_DOCUMENT_REVIEW_M1_SKILL_08""],""follow_up_skills"":[""M1_SKILL_01"",""M1_SKILL_04"",""M1_SKILL_05"",""M1_SKILL_06"",""M1_SKILL_08""],""human_rationale"":""공개 기본요건의 검증된 위반 없음. 자기기술을 후속검증 질문으로 전달하며 Skill을 확정하지 않는다."",""observation_refs"":[""OB_REVIEW_ML_01_EV_APP0121_DOCUMENT_SCREEN_DOCUMENT_REVIEW_M1_SKILL_01"",""OB_REVIEW_HM_01_EV_APP0121_DOCUMENT_SCREEN_DOCUMENT_REVIEW_M1_SKILL_01"",""OB_REVIEW_ML_01_EV_APP0121_DOCUMENT_SCREEN_DOCUMENT_REVIEW_M1_SKILL_04"",""OB_REVIEW_HM_01_EV_APP0121_DOCUMENT_SCREEN_DOCUMENT_REVIEW_M1_SKILL_04"",""OB_REVIEW_ML_01_EV_APP0121_DOCUMENT_SCREEN_DOCUMENT_REVIEW_M1_SKILL_05"",""OB_REVIEW_HM_01_EV_APP0121_DOCUMENT_SCREEN_DOCUMENT_REVIEW_M1_SKILL_05"",""OB_REVIEW_ML_01_EV_APP0121_DOCUMENT_SCREEN_DOCUMENT_REVIEW_M1_SKILL_06"",""OB_REVIEW_HM_01_EV_APP0121_DOCUMENT_SCREEN_DOCUMENT_REVIEW_M1_SKILL_06"",""OB_REVIEW_ML_01_EV_APP0121_DOCUMENT_SCREEN_DOCUMENT_REVIEW_M1_SKILL_08"",""OB_REVIEW_HM_01_EV_APP0121_DOCUMENT_SCREEN_DOCUMENT_REVIEW_M1_SKILL_08""],""stage"":""DOCUMENT_SCREEN""}"
APP0147_DOCUMENT_SCREEN,APP0147,C0147,DOCUMENT_SCREEN,2026-10-21T16:15:00+09:00,,,2026-10-21T16:15:00+09:00,2026-10-25T16:40:00+09:00,2026-10-29T16:40:00+09:00,,ADVANCED,EVIDENCE_CANDIDATES_FOUND,,SYNTHETIC_HUMAN_SCENARIO,"{""criterion"":""NO_VERIFIED_PUBLIC_REQUIREMENT_VIOLATION"",""evidence_candidate_refs"":[""EV_APP0147_DOCUMENT_SCREEN_DOCUMENT_REVIEW_M1_SKILL_01"",""EV_APP0147_DOCUMENT_SCREEN_DOCUMENT_REVIEW_M1_SKILL_04"",""EV_APP0147_DOCUMENT_SCREEN_DOCUMENT_REVIEW_M1_SKILL_05"",""EV_APP0147_DOCUMENT_SCREEN_DOCUMENT_REVIEW_M1_SKILL_06"",""EV_APP0147_DOCUMENT_SCREEN_DOCUMENT_REVIEW_M1_SKILL_08""],""follow_up_skills"":[""M1_SKILL_01"",""M1_SKILL_04"",""M1_SKILL_05"",""M1_SKILL_06"",""M1_SKILL_08""],""human_rationale"":""공개 기본요건의 검증된 위반 없음. 자기기술을 후속검증 질문으로 전달하며 Skill을 확정하지 않는다."",""observation_refs"":[""OB_REVIEW_ML_01_EV_APP0147_DOCUMENT_SCREEN_DOCUMENT_REVIEW_M1_SKILL_01"",""OB_REVIEW_HM_01_EV_APP0147_DOCUMENT_SCREEN_DOCUMENT_REVIEW_M1_SKILL_01"",""OB_REVIEW_ML_01_EV_APP0147_DOCUMENT_SCREEN_DOCUMENT_REVIEW_M1_SKILL_04"",""OB_REVIEW_HM_01_EV_APP0147_DOCUMENT_SCREEN_DOCUMENT_REVIEW_M1_SKILL_04"",""OB_REVIEW_ML_01_EV_APP0147_DOCUMENT_SCREEN_DOCUMENT_REVIEW_M1_SKILL_05"",""OB_REVIEW_HM_01_EV_APP0147_DOCUMENT_SCREEN_DOCUMENT_REVIEW_M1_SKILL_05"",""OB_REVIEW_ML_01_EV_APP0147_DOCUMENT_SCREEN_DOCUMENT_REVIEW_M1_SKILL_06"",""OB_REVIEW_HM_01_EV_APP0147_DOCUMENT_SCREEN_DOCUMENT_REVIEW_M1_SKILL_06"",""OB_REVIEW_ML_01_EV_APP0147_DOCUMENT_SCREEN_DOCUMENT_REVIEW_M1_SKILL_08"",""OB_REVIEW_HM_01_EV_APP0147_DOCUMENT_SCREEN_DOCUMENT_REVIEW_M1_SKILL_08""],""stage"":""DOCUMENT_SCREEN""}"
APP0044_DOCUMENT_SCREEN,APP0044,C0044,DOCUMENT_SCREEN,2026-10-22T11:04:00+09:00,,,2026-10-22T11:04:00+09:00,2026-10-28T11:19:00+09:00,2026-11-01T11:19:00+09:00,,ADVANCED,EVIDENCE_CANDIDATES_FOUND,,SYNTHETIC_HUMAN_SCENARIO,"{""criterion"":""NO_VERIFIED_PUBLIC_REQUIREMENT_VIOLATION"",""evidence_candidate_refs"":[""EV_APP0044_DOCUMENT_SCREEN_DOCUMENT_REVIEW_M1_SKILL_01"",""EV_APP0044_DOCUMENT_SCREEN_DOCUMENT_REVIEW_M1_SKILL_04"",""EV_APP0044_DOCUMENT_SCREEN_DOCUMENT_REVIEW_M1_SKILL_05"",""EV_APP0044_DOCUMENT_SCREEN_DOCUMENT_REVIEW_M1_SKILL_06"",""EV_APP0044_DOCUMENT_SCREEN_DOCUMENT_REVIEW_M1_SKILL_08""],""follow_up_skills"":[""M1_SKILL_01"",""M1_SKILL_04"",""M1_SKILL_05"",""M1_SKILL_06"",""M1_SKILL_08""],""human_rationale"":""공개 기본요건의 검증된 위반 없음. 자기기술을 후속검증 질문으로 전달하며 Skill을 확정하지 않는다."",""observation_refs"":[""OB_REVIEW_ML_01_EV_APP0044_DOCUMENT_SCREEN_DOCUMENT_REVIEW_M1_SKILL_01"",""OB_REVIEW_HM_01_EV_APP0044_DOCUMENT_SCREEN_DOCUMENT_REVIEW_M1_SKILL_01"",""OB_REVIEW_ML_01_EV_APP0044_DOCUMENT_SCREEN_DOCUMENT_REVIEW_M1_SKILL_04"",""OB_REVIEW_HM_01_EV_APP0044_DOCUMENT_SCREEN_DOCUMENT_REVIEW_M1_SKILL_04"",""OB_REVIEW_ML_01_EV_APP0044_DOCUMENT_SCREEN_DOCUMENT_REVIEW_M1_SKILL_05"",""OB_REVIEW_HM_01_EV_APP0044_DOCUMENT_SCREEN_DOCUMENT_REVIEW_M1_SKILL_05"",""OB_REVIEW_ML_01_EV_APP0044_DOCUMENT_SCREEN_DOCUMENT_REVIEW_M1_SKILL_06"",""OB_REVIEW_HM_01_EV_APP0044_DOCUMENT_SCREEN_DOCUMENT_REVIEW_M1_SKILL_06"",""OB_REVIEW_ML_01_EV_APP0044_DOCUMENT_SCREEN_DOCUMENT_REVIEW_M1_SKILL_08"",""OB_REVIEW_HM_01_EV_APP0044_DOCUMENT_SCREEN_DOCUMENT_REVIEW_M1_SKILL_08""],""stage"":""DOCUMENT_SCREEN""}"
APP0162_DOCUMENT_SCREEN,APP0162,C0162,DOCUMENT_SCREEN,2026-10-22T11:20:00+09:00,,,2026-10-22T11:20:00+09:00,2026-10-30T12:24:00+09:00,2026-11-01T12:24:00+09:00,,ADVANCED,EVIDENCE_CANDIDATES_FOUND,,SYNTHETIC_HUMAN_SCENARIO,"{""criterion"":""NO_VERIFIED_PUBLIC_REQUIREMENT_VIOLATION"",""evidence_candidate_refs"":[""EV_APP0162_DOCUMENT_SCREEN_DOCUMENT_REVIEW_M1_SKILL_01"",""EV_APP0162_DOCUMENT_SCREEN_DOCUMENT_REVIEW_M1_SKILL_04"",""EV_APP0162_DOCUMENT_SCREEN_DOCUMENT_REVIEW_M1_SKILL_05"",""EV_APP0162_DOCUMENT_SCREEN_DOCUMENT_REVIEW_M1_SKILL_06"",""EV_APP0162_DOCUMENT_SCREEN_DOCUMENT_REVIEW_M1_SKILL_08""],""follow_up_skills"":[""M1_SKILL_01"",""M1_SKILL_04"",""M1_SKILL_05"",""M1_SKILL_06"",""M1_SKILL_08""],""human_rationale"":""공개 기본요건의 검증된 위반 없음. 자기기술을 후속검증 질문으로 전달하며 Skill을 확정하지 않는다."",""observation_refs"":[""OB_REVIEW_ML_01_EV_APP0162_DOCUMENT_SCREEN_DOCUMENT_REVIEW_M1_SKILL_01"",""OB_REVIEW_HM_01_EV_APP0162_DOCUMENT_SCREEN_DOCUMENT_REVIEW_M1_SKILL_01"",""OB_REVIEW_ML_01_EV_APP0162_DOCUMENT_SCREEN_DOCUMENT_REVIEW_M1_SKILL_04"",""OB_REVIEW_HM_01_EV_APP0162_DOCUMENT_SCREEN_DOCUMENT_REVIEW_M1_SKILL_04"",""OB_REVIEW_ML_01_EV_APP0162_DOCUMENT_SCREEN_DOCUMENT_REVIEW_M1_SKILL_05"",""OB_REVIEW_HM_01_EV_APP0162_DOCUMENT_SCREEN_DOCUMENT_REVIEW_M1_SKILL_05"",""OB_REVIEW_ML_01_EV_APP0162_DOCUMENT_SCREEN_DOCUMENT_REVIEW_M1_SKILL_06"",""OB_REVIEW_HM_01_EV_APP0162_DOCUMENT_SCREEN_DOCUMENT_REVIEW_M1_SKILL_06"",""OB_REVIEW_ML_01_EV_APP0162_DOCUMENT_SCREEN_DOCUMENT_REVIEW_M1_SKILL_08"",""OB_REVIEW_HM_01_EV_APP0162_DOCUMENT_SCREEN_DOCUMENT_REVIEW_M1_SKILL_08""],""stage"":""DOCUMENT_SCREEN""}"
APP0150_DOCUMENT_SCREEN,APP0150,C0150,DOCUMENT_SCREEN,2026-10-22T12:58:00+09:00,,,2026-10-22T12:58:00+09:00,2026-10-29T13:13:00+09:00,2026-10-31T13:13:00+09:00,,ADVANCED,EVIDENCE_CANDIDATES_FOUND,,SYNTHETIC_HUMAN_SCENARIO,"{""criterion"":""NO_VERIFIED_PUBLIC_REQUIREMENT_VIOLATION"",""evidence_candidate_refs"":[""EV_APP0150_DOCUMENT_SCREEN_DOCUMENT_REVIEW_M1_SKILL_01"",""EV_APP0150_DOCUMENT_SCREEN_DOCUMENT_REVIEW_M1_SKILL_04"",""EV_APP0150_DOCUMENT_SCREEN_DOCUMENT_REVIEW_M1_SKILL_05"",""EV_APP0150_DOCUMENT_SCREEN_DOCUMENT_REVIEW_M1_SKILL_06"",""EV_APP0150_DOCUMENT_SCREEN_DOCUMENT_REVIEW_M1_SKILL_08""],""follow_up_skills"":[""M1_SKILL_01"",""M1_SKILL_04"",""M1_SKILL_05"",""M1_SKILL_06"",""M1_SKILL_08""],""human_rationale"":""공개 기본요건의 검증된 위반 없음. 자기기술을 후속검증 질문으로 전달하며 Skill을 확정하지 않는다."",""observation_refs"":[""OB_REVIEW_ML_01_EV_APP0150_DOCUMENT_SCREEN_DOCUMENT_REVIEW_M1_SKILL_01"",""OB_REVIEW_HM_01_EV_APP0150_DOCUMENT_SCREEN_DOCUMENT_REVIEW_M1_SKILL_01"",""OB_REVIEW_ML_01_EV_APP0150_DOCUMENT_SCREEN_DOCUMENT_REVIEW_M1_SKILL_04"",""OB_REVIEW_HM_01_EV_APP0150_DOCUMENT_SCREEN_DOCUMENT_REVIEW_M1_SKILL_04"",""OB_REVIEW_ML_01_EV_APP0150_DOCUMENT_SCREEN_DOCUMENT_REVIEW_M1_SKILL_05"",""OB_REVIEW_HM_01_EV_APP0150_DOCUMENT_SCREEN_DOCUMENT_REVIEW_M1_SKILL_05"",""OB_REVIEW_ML_01_EV_APP0150_DOCUMENT_SCREEN_DOCUMENT_REVIEW_M1_SKILL_06"",""OB_REVIEW_HM_01_EV_APP0150_DOCUMENT_SCREEN_DOCUMENT_REVIEW_M1_SKILL_06"",""OB_REVIEW_ML_01_EV_APP0150_DOCUMENT_SCREEN_DOCUMENT_REVIEW_M1_SKILL_08"",""OB_REVIEW_HM_01_EV_APP0150_DOCUMENT_SCREEN_DOCUMENT_REVIEW_M1_SKILL_08""],""stage"":""DOCUMENT_SCREEN""}"
APP0167_DOCUMENT_SCREEN,APP0167,C0167,DOCUMENT_SCREEN,2026-10-22T13:28:00+09:00,,,2026-10-22T13:28:00+09:00,2026-10-28T14:39:00+09:00,2026-10-30T14:39:00+09:00,,ADVANCED,EVIDENCE_CANDIDATES_FOUND,,SYNTHETIC_HUMAN_SCENARIO,"{""criterion"":""NO_VERIFIED_PUBLIC_REQUIREMENT_VIOLATION"",""evidence_candidate_refs"":[""EV_APP0167_DOCUMENT_SCREEN_DOCUMENT_REVIEW_M1_SKILL_01"",""EV_APP0167_DOCUMENT_SCREEN_DOCUMENT_REVIEW_M1_SKILL_04"",""EV_APP0167_DOCUMENT_SCREEN_DOCUMENT_REVIEW_M1_SKILL_05"",""EV_APP0167_DOCUMENT_SCREEN_DOCUMENT_REVIEW_M1_SKILL_06"",""EV_APP0167_DOCUMENT_SCREEN_DOCUMENT_REVIEW_M1_SKILL_08""],""follow_up_skills"":[""M1_SKILL_01"",""M1_SKILL_04"",""M1_SKILL_05"",""M1_SKILL_06"",""M1_SKILL_08""],""human_rationale"":""공개 기본요건의 검증된 위반 없음. 자기기술을 후속검증 질문으로 전달하며 Skill을 확정하지 않는다."",""observation_refs"":[""OB_REVIEW_ML_01_EV_APP0167_DOCUMENT_SCREEN_DOCUMENT_REVIEW_M1_SKILL_01"",""OB_REVIEW_HM_01_EV_APP0167_DOCUMENT_SCREEN_DOCUMENT_REVIEW_M1_SKILL_01"",""OB_REVIEW_ML_01_EV_APP0167_DOCUMENT_SCREEN_DOCUMENT_REVIEW_M1_SKILL_04"",""OB_REVIEW_HM_01_EV_APP0167_DOCUMENT_SCREEN_DOCUMENT_REVIEW_M1_SKILL_04"",""OB_REVIEW_ML_01_EV_APP0167_DOCUMENT_SCREEN_DOCUMENT_REVIEW_M1_SKILL_05"",""OB_REVIEW_HM_01_EV_APP0167_DOCUMENT_SCREEN_DOCUMENT_REVIEW_M1_SKILL_05"",""OB_REVIEW_ML_01_EV_APP0167_DOCUMENT_SCREEN_DOCUMENT_REVIEW_M1_SKILL_06"",""OB_REVIEW_HM_01_EV_APP0167_DOCUMENT_SCREEN_DOCUMENT_REVIEW_M1_SKILL_06"",""OB_REVIEW_ML_01_EV_APP0167_DOCUMENT_SCREEN_DOCUMENT_REVIEW_M1_SKILL_08"",""OB_REVIEW_HM_01_EV_APP0167_DOCUMENT_SCREEN_DOCUMENT_REVIEW_M1_SKILL_08""],""stage"":""DOCUMENT_SCREEN""}"
APP0151_DOCUMENT_SCREEN,APP0151,C0151,DOCUMENT_SCREEN,2026-10-22T13:39:00+09:00,,,2026-10-22T13:39:00+09:00,2026-10-27T14:54:00+09:00,2026-10-31T14:54:00+09:00,,ADVANCED,EVIDENCE_CANDIDATES_FOUND,,SYNTHETIC_HUMAN_SCENARIO,"{""criterion"":""NO_VERIFIED_PUBLIC_REQUIREMENT_VIOLATION"",""evidence_candidate_refs"":[""EV_APP0151_DOCUMENT_SCREEN_DOCUMENT_REVIEW_M1_SKILL_01"",""EV_APP0151_DOCUMENT_SCREEN_DOCUMENT_REVIEW_M1_SKILL_04"",""EV_APP0151_DOCUMENT_SCREEN_DOCUMENT_REVIEW_M1_SKILL_05"",""EV_APP0151_DOCUMENT_SCREEN_DOCUMENT_REVIEW_M1_SKILL_06"",""EV_APP0151_DOCUMENT_SCREEN_DOCUMENT_REVIEW_M1_SKILL_08""],""follow_up_skills"":[""M1_SKILL_01"",""M1_SKILL_04"",""M1_SKILL_05"",""M1_SKILL_06"",""M1_SKILL_08""],""human_rationale"":""공개 기본요건의 검증된 위반 없음. 자기기술을 후속검증 질문으로 전달하며 Skill을 확정하지 않는다."",""observation_refs"":[""OB_REVIEW_ML_01_EV_APP0151_DOCUMENT_SCREEN_DOCUMENT_REVIEW_M1_SKILL_01"",""OB_REVIEW_HM_01_EV_APP0151_DOCUMENT_SCREEN_DOCUMENT_REVIEW_M1_SKILL_01"",""OB_REVIEW_ML_01_EV_APP0151_DOCUMENT_SCREEN_DOCUMENT_REVIEW_M1_SKILL_04"",""OB_REVIEW_HM_01_EV_APP0151_DOCUMENT_SCREEN_DOCUMENT_REVIEW_M1_SKILL_04"",""OB_REVIEW_ML_01_EV_APP0151_DOCUMENT_SCREEN_DOCUMENT_REVIEW_M1_SKILL_05"",""OB_REVIEW_HM_01_EV_APP0151_DOCUMENT_SCREEN_DOCUMENT_REVIEW_M1_SKILL_05"",""OB_REVIEW_ML_01_EV_APP0151_DOCUMENT_SCREEN_DOCUMENT_REVIEW_M1_SKILL_06"",""OB_REVIEW_HM_01_EV_APP0151_DOCUMENT_SCREEN_DOCUMENT_REVIEW_M1_SKILL_06"",""OB_REVIEW_ML_01_EV_APP0151_DOCUMENT_SCREEN_DOCUMENT_REVIEW_M1_SKILL_08"",""OB_REVIEW_HM_01_EV_APP0151_DOCUMENT_SCREEN_DOCUMENT_REVIEW_M1_SKILL_08""],""stage"":""DOCUMENT_SCREEN""}"
APP0124_DOCUMENT_SCREEN,APP0124,C0124,DOCUMENT_SCREEN,2026-10-22T14:07:00+09:00,,,2026-10-22T14:07:00+09:00,2026-10-30T15:39:00+09:00,2026-11-01T15:39:00+09:00,,ADVANCED,EVIDENCE_CANDIDATES_FOUND,,SYNTHETIC_HUMAN_SCENARIO,"{""criterion"":""NO_VERIFIED_PUBLIC_REQUIREMENT_VIOLATION"",""evidence_candidate_refs"":[""EV_APP0124_DOCUMENT_SCREEN_DOCUMENT_REVIEW_M1_SKILL_01"",""EV_APP0124_DOCUMENT_SCREEN_DOCUMENT_REVIEW_M1_SKILL_04"",""EV_APP0124_DOCUMENT_SCREEN_DOCUMENT_REVIEW_M1_SKILL_05"",""EV_APP0124_DOCUMENT_SCREEN_DOCUMENT_REVIEW_M1_SKILL_06"",""EV_APP0124_DOCUMENT_SCREEN_DOCUMENT_REVIEW_M1_SKILL_08""],""follow_up_skills"":[""M1_SKILL_01"",""M1_SKILL_04"",""M1_SKILL_05"",""M1_SKILL_06"",""M1_SKILL_08""],""human_rationale"":""공개 기본요건의 검증된 위반 없음. 자기기술을 후속검증 질문으로 전달하며 Skill을 확정하지 않는다."",""observation_refs"":[""OB_REVIEW_ML_01_EV_APP0124_DOCUMENT_SCREEN_DOCUMENT_REVIEW_M1_SKILL_01"",""OB_REVIEW_HM_01_EV_APP0124_DOCUMENT_SCREEN_DOCUMENT_REVIEW_M1_SKILL_01"",""OB_REVIEW_ML_01_EV_APP0124_DOCUMENT_SCREEN_DOCUMENT_REVIEW_M1_SKILL_04"",""OB_REVIEW_HM_01_EV_APP0124_DOCUMENT_SCREEN_DOCUMENT_REVIEW_M1_SKILL_04"",""OB_REVIEW_ML_01_EV_APP0124_DOCUMENT_SCREEN_DOCUMENT_REVIEW_M1_SKILL_05"",""OB_REVIEW_HM_01_EV_APP0124_DOCUMENT_SCREEN_DOCUMENT_REVIEW_M1_SKILL_05"",""OB_REVIEW_ML_01_EV_APP0124_DOCUMENT_SCREEN_DOCUMENT_REVIEW_M1_SKILL_06"",""OB_REVIEW_HM_01_EV_APP0124_DOCUMENT_SCREEN_DOCUMENT_REVIEW_M1_SKILL_06"",""OB_REVIEW_ML_01_EV_APP0124_DOCUMENT_SCREEN_DOCUMENT_REVIEW_M1_SKILL_08"",""OB_REVIEW_HM_01_EV_APP0124_DOCUMENT_SCREEN_DOCUMENT_REVIEW_M1_SKILL_08""],""stage"":""DOCUMENT_SCREEN""}"
APP0172_DOCUMENT_SCREEN,APP0172,C0172,DOCUMENT_SCREEN,2026-10-22T14:20:00+09:00,,,2026-10-22T14:20:00+09:00,2026-10-31T14:35:00+09:00,2026-11-04T14:35:00+09:00,,ADVANCED,EVIDENCE_CANDIDATES_FOUND,,SYNTHETIC_HUMAN_SCENARIO,"{""criterion"":""NO_VERIFIED_PUBLIC_REQUIREMENT_VIOLATION"",""evidence_candidate_refs"":[""EV_APP0172_DOCUMENT_SCREEN_DOCUMENT_REVIEW_M1_SKILL_01"",""EV_APP0172_DOCUMENT_SCREEN_DOCUMENT_REVIEW_M1_SKILL_04"",""EV_APP0172_DOCUMENT_SCREEN_DOCUMENT_REVIEW_M1_SKILL_05"",""EV_APP0172_DOCUMENT_SCREEN_DOCUMENT_REVIEW_M1_SKILL_06"",""EV_APP0172_DOCUMENT_SCREEN_DOCUMENT_REVIEW_M1_SKILL_08""],""follow_up_skills"":[""M1_SKILL_01"",""M1_SKILL_04"",""M1_SKILL_05"",""M1_SKILL_06"",""M1_SKILL_08""],""human_rationale"":""공개 기본요건의 검증된 위반 없음. 자기기술을 후속검증 질문으로 전달하며 Skill을 확정하지 않는다."",""observation_refs"":[""OB_REVIEW_ML_01_EV_APP0172_DOCUMENT_SCREEN_DOCUMENT_REVIEW_M1_SKILL_01"",""OB_REVIEW_HM_01_EV_APP0172_DOCUMENT_SCREEN_DOCUMENT_REVIEW_M1_SKILL_01"",""OB_REVIEW_ML_01_EV_APP0172_DOCUMENT_SCREEN_DOCUMENT_REVIEW_M1_SKILL_04"",""OB_REVIEW_HM_01_EV_APP0172_DOCUMENT_SCREEN_DOCUMENT_REVIEW_M1_SKILL_04"",""OB_REVIEW_ML_01_EV_APP0172_DOCUMENT_SCREEN_DOCUMENT_REVIEW_M1_SKILL_05"",""OB_REVIEW_HM_01_EV_APP0172_DOCUMENT_SCREEN_DOCUMENT_REVIEW_M1_SKILL_05"",""OB_REVIEW_ML_01_EV_APP0172_DOCUMENT_SCREEN_DOCUMENT_REVIEW_M1_SKILL_06"",""OB_REVIEW_HM_01_EV_APP0172_DOCUMENT_SCREEN_DOCUMENT_REVIEW_M1_SKILL_06"",""OB_REVIEW_ML_01_EV_APP0172_DOCUMENT_SCREEN_DOCUMENT_REVIEW_M1_SKILL_08"",""OB_REVIEW_HM_01_EV_APP0172_DOCUMENT_SCREEN_DOCUMENT_REVIEW_M1_SKILL_08""],""stage"":""DOCUMENT_SCREEN""}"
APP0141_DOCUMENT_SCREEN,APP0141,C0141,DOCUMENT_SCREEN,2026-10-22T14:52:00+09:00,,,2026-10-22T14:52:00+09:00,2026-10-28T16:20:00+09:00,2026-10-28T16:20:00+09:00,,ADVANCED,EVIDENCE_CANDIDATES_FOUND,,SYNTHETIC_HUMAN_SCENARIO,"{""criterion"":""NO_VERIFIED_PUBLIC_REQUIREMENT_VIOLATION"",""evidence_candidate_refs"":[""EV_APP0141_DOCUMENT_SCREEN_DOCUMENT_REVIEW_M1_SKILL_01"",""EV_APP0141_DOCUMENT_SCREEN_DOCUMENT_REVIEW_M1_SKILL_04"",""EV_APP0141_DOCUMENT_SCREEN_DOCUMENT_REVIEW_M1_SKILL_05"",""EV_APP0141_DOCUMENT_SCREEN_DOCUMENT_REVIEW_M1_SKILL_06"",""EV_APP0141_DOCUMENT_SCREEN_DOCUMENT_REVIEW_M1_SKILL_08""],""follow_up_skills"":[""M1_SKILL_01"",""M1_SKILL_04"",""M1_SKILL_05"",""M1_SKILL_06"",""M1_SKILL_08""],""human_rationale"":""공개 기본요건의 검증된 위반 없음. 자기기술을 후속검증 질문으로 전달하며 Skill을 확정하지 않는다."",""observation_refs"":[""OB_REVIEW_ML_01_EV_APP0141_DOCUMENT_SCREEN_DOCUMENT_REVIEW_M1_SKILL_01"",""OB_REVIEW_HM_01_EV_APP0141_DOCUMENT_SCREEN_DOCUMENT_REVIEW_M1_SKILL_01"",""OB_REVIEW_ML_01_EV_APP0141_DOCUMENT_SCREEN_DOCUMENT_REVIEW_M1_SKILL_04"",""OB_REVIEW_HM_01_EV_APP0141_DOCUMENT_SCREEN_DOCUMENT_REVIEW_M1_SKILL_04"",""OB_REVIEW_ML_01_EV_APP0141_DOCUMENT_SCREEN_DOCUMENT_REVIEW_M1_SKILL_05"",""OB_REVIEW_HM_01_EV_APP0141_DOCUMENT_SCREEN_DOCUMENT_REVIEW_M1_SKILL_05"",""OB_REVIEW_ML_01_EV_APP0141_DOCUMENT_SCREEN_DOCUMENT_REVIEW_M1_SKILL_06"",""OB_REVIEW_HM_01_EV_APP0141_DOCUMENT_SCREEN_DOCUMENT_REVIEW_M1_SKILL_06"",""OB_REVIEW_ML_01_EV_APP0141_DOCUMENT_SCREEN_DOCUMENT_REVIEW_M1_SKILL_08"",""OB_REVIEW_HM_01_EV_APP0141_DOCUMENT_SCREEN_DOCUMENT_REVIEW_M1_SKILL_08""],""stage"":""DOCUMENT_SCREEN""}"
APP0038_DOCUMENT_SCREEN,APP0038,C0038,DOCUMENT_SCREEN,2026-10-22T15:07:00+09:00,,,2026-10-22T15:07:00+09:00,2026-10-30T16:40:00+09:00,2026-10-30T16:40:00+09:00,,ADVANCED,EVIDENCE_CANDIDATES_FOUND,,SYNTHETIC_HUMAN_SCENARIO,"{""criterion"":""NO_VERIFIED_PUBLIC_REQUIREMENT_VIOLATION"",""evidence_candidate_refs"":[""EV_APP0038_DOCUMENT_SCREEN_DOCUMENT_REVIEW_M1_SKILL_01"",""EV_APP0038_DOCUMENT_SCREEN_DOCUMENT_REVIEW_M1_SKILL_04"",""EV_APP0038_DOCUMENT_SCREEN_DOCUMENT_REVIEW_M1_SKILL_05"",""EV_APP0038_DOCUMENT_SCREEN_DOCUMENT_REVIEW_M1_SKILL_06"",""EV_APP0038_DOCUMENT_SCREEN_DOCUMENT_REVIEW_M1_SKILL_08""],""follow_up_skills"":[""M1_SKILL_01"",""M1_SKILL_04"",""M1_SKILL_05"",""M1_SKILL_06"",""M1_SKILL_08""],""human_rationale"":""공개 기본요건의 검증된 위반 없음. 자기기술을 후속검증 질문으로 전달하며 Skill을 확정하지 않는다."",""observation_refs"":[""OB_REVIEW_ML_01_EV_APP0038_DOCUMENT_SCREEN_DOCUMENT_REVIEW_M1_SKILL_01"",""OB_REVIEW_HM_01_EV_APP0038_DOCUMENT_SCREEN_DOCUMENT_REVIEW_M1_SKILL_01"",""OB_REVIEW_ML_01_EV_APP0038_DOCUMENT_SCREEN_DOCUMENT_REVIEW_M1_SKILL_04"",""OB_REVIEW_HM_01_EV_APP0038_DOCUMENT_SCREEN_DOCUMENT_REVIEW_M1_SKILL_04"",""OB_REVIEW_ML_01_EV_APP0038_DOCUMENT_SCREEN_DOCUMENT_REVIEW_M1_SKILL_05"",""OB_REVIEW_HM_01_EV_APP0038_DOCUMENT_SCREEN_DOCUMENT_REVIEW_M1_SKILL_05"",""OB_REVIEW_ML_01_EV_APP0038_DOCUMENT_SCREEN_DOCUMENT_REVIEW_M1_SKILL_06"",""OB_REVIEW_HM_01_EV_APP0038_DOCUMENT_SCREEN_DOCUMENT_REVIEW_M1_SKILL_06"",""OB_REVIEW_ML_01_EV_APP0038_DOCUMENT_SCREEN_DOCUMENT_REVIEW_M1_SKILL_08"",""OB_REVIEW_HM_01_EV_APP0038_DOCUMENT_SCREEN_DOCUMENT_REVIEW_M1_SKILL_08""],""stage"":""DOCUMENT_SCREEN""}"
APP0039_DOCUMENT_SCREEN,APP0039,C0039,DOCUMENT_SCREEN,2026-10-22T15:22:00+09:00,,,2026-10-22T15:22:00+09:00,2026-10-30T15:54:00+09:00,2026-10-30T15:54:00+09:00,,ADVANCED,EVIDENCE_CANDIDATES_FOUND,,SYNTHETIC_HUMAN_SCENARIO,"{""criterion"":""NO_VERIFIED_PUBLIC_REQUIREMENT_VIOLATION"",""evidence_candidate_refs"":[""EV_APP0039_DOCUMENT_SCREEN_DOCUMENT_REVIEW_M1_SKILL_01"",""EV_APP0039_DOCUMENT_SCREEN_DOCUMENT_REVIEW_M1_SKILL_04"",""EV_APP0039_DOCUMENT_SCREEN_DOCUMENT_REVIEW_M1_SKILL_05"",""EV_APP0039_DOCUMENT_SCREEN_DOCUMENT_REVIEW_M1_SKILL_06"",""EV_APP0039_DOCUMENT_SCREEN_DOCUMENT_REVIEW_M1_SKILL_08""],""follow_up_skills"":[""M1_SKILL_01"",""M1_SKILL_04"",""M1_SKILL_05"",""M1_SKILL_06"",""M1_SKILL_08""],""human_rationale"":""공개 기본요건의 검증된 위반 없음. 자기기술을 후속검증 질문으로 전달하며 Skill을 확정하지 않는다."",""observation_refs"":[""OB_REVIEW_ML_01_EV_APP0039_DOCUMENT_SCREEN_DOCUMENT_REVIEW_M1_SKILL_01"",""OB_REVIEW_HM_01_EV_APP0039_DOCUMENT_SCREEN_DOCUMENT_REVIEW_M1_SKILL_01"",""OB_REVIEW_ML_01_EV_APP0039_DOCUMENT_SCREEN_DOCUMENT_REVIEW_M1_SKILL_04"",""OB_REVIEW_HM_01_EV_APP0039_DOCUMENT_SCREEN_DOCUMENT_REVIEW_M1_SKILL_04"",""OB_REVIEW_ML_01_EV_APP0039_DOCUMENT_SCREEN_DOCUMENT_REVIEW_M1_SKILL_05"",""OB_REVIEW_HM_01_EV_APP0039_DOCUMENT_SCREEN_DOCUMENT_REVIEW_M1_SKILL_05"",""OB_REVIEW_ML_01_EV_APP0039_DOCUMENT_SCREEN_DOCUMENT_REVIEW_M1_SKILL_06"",""OB_REVIEW_HM_01_EV_APP0039_DOCUMENT_SCREEN_DOCUMENT_REVIEW_M1_SKILL_06"",""OB_REVIEW_ML_01_EV_APP0039_DOCUMENT_SCREEN_DOCUMENT_REVIEW_M1_SKILL_08"",""OB_REVIEW_HM_01_EV_APP0039_DOCUMENT_SCREEN_DOCUMENT_REVIEW_M1_SKILL_08""],""stage"":""DOCUMENT_SCREEN""}"
APP0168_DOCUMENT_SCREEN,APP0168,C0168,DOCUMENT_SCREEN,2026-10-22T15:29:00+09:00,,,2026-10-22T15:29:00+09:00,2026-10-27T15:54:00+09:00,2026-10-27T15:54:00+09:00,,ADVANCED,EVIDENCE_CANDIDATES_FOUND,,SYNTHETIC_HUMAN_SCENARIO,"{""criterion"":""NO_VERIFIED_PUBLIC_REQUIREMENT_VIOLATION"",""evidence_candidate_refs"":[""EV_APP0168_DOCUMENT_SCREEN_DOCUMENT_REVIEW_M1_SKILL_01"",""EV_APP0168_DOCUMENT_SCREEN_DOCUMENT_REVIEW_M1_SKILL_04"",""EV_APP0168_DOCUMENT_SCREEN_DOCUMENT_REVIEW_M1_SKILL_05"",""EV_APP0168_DOCUMENT_SCREEN_DOCUMENT_REVIEW_M1_SKILL_06"",""EV_APP0168_DOCUMENT_SCREEN_DOCUMENT_REVIEW_M1_SKILL_08""],""follow_up_skills"":[""M1_SKILL_01"",""M1_SKILL_04"",""M1_SKILL_05"",""M1_SKILL_06"",""M1_SKILL_08""],""human_rationale"":""공개 기본요건의 검증된 위반 없음. 자기기술을 후속검증 질문으로 전달하며 Skill을 확정하지 않는다."",""observation_refs"":[""OB_REVIEW_ML_01_EV_APP0168_DOCUMENT_SCREEN_DOCUMENT_REVIEW_M1_SKILL_01"",""OB_REVIEW_HM_01_EV_APP0168_DOCUMENT_SCREEN_DOCUMENT_REVIEW_M1_SKILL_01"",""OB_REVIEW_ML_01_EV_APP0168_DOCUMENT_SCREEN_DOCUMENT_REVIEW_M1_SKILL_04"",""OB_REVIEW_HM_01_EV_APP0168_DOCUMENT_SCREEN_DOCUMENT_REVIEW_M1_SKILL_04"",""OB_REVIEW_ML_01_EV_APP0168_DOCUMENT_SCREEN_DOCUMENT_REVIEW_M1_SKILL_05"",""OB_REVIEW_HM_01_EV_APP0168_DOCUMENT_SCREEN_DOCUMENT_REVIEW_M1_SKILL_05"",""OB_REVIEW_ML_01_EV_APP0168_DOCUMENT_SCREEN_DOCUMENT_REVIEW_M1_SKILL_06"",""OB_REVIEW_HM_01_EV_APP0168_DOCUMENT_SCREEN_DOCUMENT_REVIEW_M1_SKILL_06"",""OB_REVIEW_ML_01_EV_APP0168_DOCUMENT_SCREEN_DOCUMENT_REVIEW_M1_SKILL_08"",""OB_REVIEW_HM_01_EV_APP0168_DOCUMENT_SCREEN_DOCUMENT_REVIEW_M1_SKILL_08""],""stage"":""DOCUMENT_SCREEN""}"
APP0153_DOCUMENT_SCREEN,APP0153,C0153,DOCUMENT_SCREEN,2026-10-22T15:33:00+09:00,,,2026-10-22T15:33:00+09:00,2026-10-26T17:31:00+09:00,2026-10-26T17:31:00+09:00,,ADVANCED,EVIDENCE_CANDIDATES_FOUND,,SYNTHETIC_HUMAN_SCENARIO,"{""criterion"":""NO_VERIFIED_PUBLIC_REQUIREMENT_VIOLATION"",""evidence_candidate_refs"":[""EV_APP0153_DOCUMENT_SCREEN_DOCUMENT_REVIEW_M1_SKILL_01"",""EV_APP0153_DOCUMENT_SCREEN_DOCUMENT_REVIEW_M1_SKILL_04"",""EV_APP0153_DOCUMENT_SCREEN_DOCUMENT_REVIEW_M1_SKILL_05"",""EV_APP0153_DOCUMENT_SCREEN_DOCUMENT_REVIEW_M1_SKILL_06"",""EV_APP0153_DOCUMENT_SCREEN_DOCUMENT_REVIEW_M1_SKILL_08""],""follow_up_skills"":[""M1_SKILL_01"",""M1_SKILL_04"",""M1_SKILL_05"",""M1_SKILL_06"",""M1_SKILL_08""],""human_rationale"":""공개 기본요건의 검증된 위반 없음. 자기기술을 후속검증 질문으로 전달하며 Skill을 확정하지 않는다."",""observation_refs"":[""OB_REVIEW_ML_01_EV_APP0153_DOCUMENT_SCREEN_DOCUMENT_REVIEW_M1_SKILL_01"",""OB_REVIEW_HM_01_EV_APP0153_DOCUMENT_SCREEN_DOCUMENT_REVIEW_M1_SKILL_01"",""OB_REVIEW_ML_01_EV_APP0153_DOCUMENT_SCREEN_DOCUMENT_REVIEW_M1_SKILL_04"",""OB_REVIEW_HM_01_EV_APP0153_DOCUMENT_SCREEN_DOCUMENT_REVIEW_M1_SKILL_04"",""OB_REVIEW_ML_01_EV_APP0153_DOCUMENT_SCREEN_DOCUMENT_REVIEW_M1_SKILL_05"",""OB_REVIEW_HM_01_EV_APP0153_DOCUMENT_SCREEN_DOCUMENT_REVIEW_M1_SKILL_05"",""OB_REVIEW_ML_01_EV_APP0153_DOCUMENT_SCREEN_DOCUMENT_REVIEW_M1_SKILL_06"",""OB_REVIEW_HM_01_EV_APP0153_DOCUMENT_SCREEN_DOCUMENT_REVIEW_M1_SKILL_06"",""OB_REVIEW_ML_01_EV_APP0153_DOCUMENT_SCREEN_DOCUMENT_REVIEW_M1_SKILL_08"",""OB_REVIEW_HM_01_EV_APP0153_DOCUMENT_SCREEN_DOCUMENT_REVIEW_M1_SKILL_08""],""stage"":""DOCUMENT_SCREEN""}"
APP0166_DOCUMENT_SCREEN,APP0166,C0166,DOCUMENT_SCREEN,2026-10-22T15:41:00+09:00,,,2026-10-22T15:41:00+09:00,2026-10-27T17:05:00+09:00,2026-10-29T17:05:00+09:00,,ADVANCED,EVIDENCE_CANDIDATES_FOUND,,SYNTHETIC_HUMAN_SCENARIO,"{""criterion"":""NO_VERIFIED_PUBLIC_REQUIREMENT_VIOLATION"",""evidence_candidate_refs"":[""EV_APP0166_DOCUMENT_SCREEN_DOCUMENT_REVIEW_M1_SKILL_01"",""EV_APP0166_DOCUMENT_SCREEN_DOCUMENT_REVIEW_M1_SKILL_04"",""EV_APP0166_DOCUMENT_SCREEN_DOCUMENT_REVIEW_M1_SKILL_05"",""EV_APP0166_DOCUMENT_SCREEN_DOCUMENT_REVIEW_M1_SKILL_06"",""EV_APP0166_DOCUMENT_SCREEN_DOCUMENT_REVIEW_M1_SKILL_08""],""follow_up_skills"":[""M1_SKILL_01"",""M1_SKILL_04"",""M1_SKILL_05"",""M1_SKILL_06"",""M1_SKILL_08""],""human_rationale"":""공개 기본요건의 검증된 위반 없음. 자기기술을 후속검증 질문으로 전달하며 Skill을 확정하지 않는다."",""observation_refs"":[""OB_REVIEW_ML_01_EV_APP0166_DOCUMENT_SCREEN_DOCUMENT_REVIEW_M1_SKILL_01"",""OB_REVIEW_HM_01_EV_APP0166_DOCUMENT_SCREEN_DOCUMENT_REVIEW_M1_SKILL_01"",""OB_REVIEW_ML_01_EV_APP0166_DOCUMENT_SCREEN_DOCUMENT_REVIEW_M1_SKILL_04"",""OB_REVIEW_HM_01_EV_APP0166_DOCUMENT_SCREEN_DOCUMENT_REVIEW_M1_SKILL_04"",""OB_REVIEW_ML_01_EV_APP0166_DOCUMENT_SCREEN_DOCUMENT_REVIEW_M1_SKILL_05"",""OB_REVIEW_HM_01_EV_APP0166_DOCUMENT_SCREEN_DOCUMENT_REVIEW_M1_SKILL_05"",""OB_REVIEW_ML_01_EV_APP0166_DOCUMENT_SCREEN_DOCUMENT_REVIEW_M1_SKILL_06"",""OB_REVIEW_HM_01_EV_APP0166_DOCUMENT_SCREEN_DOCUMENT_REVIEW_M1_SKILL_06"",""OB_REVIEW_ML_01_EV_APP0166_DOCUMENT_SCREEN_DOCUMENT_REVIEW_M1_SKILL_08"",""OB_REVIEW_HM_01_EV_APP0166_DOCUMENT_SCREEN_DOCUMENT_REVIEW_M1_SKILL_08""],""stage"":""DOCUMENT_SCREEN""}"
APP0037_DOCUMENT_SCREEN,APP0037,C0037,DOCUMENT_SCREEN,2026-10-22T15:49:00+09:00,,,2026-10-22T15:49:00+09:00,2026-11-01T17:00:00+09:00,2026-11-01T17:00:00+09:00,,ADVANCED,EVIDENCE_CANDIDATES_FOUND,,SYNTHETIC_HUMAN_SCENARIO,"{""criterion"":""NO_VERIFIED_PUBLIC_REQUIREMENT_VIOLATION"",""evidence_candidate_refs"":[""EV_APP0037_DOCUMENT_SCREEN_DOCUMENT_REVIEW_M1_SKILL_01"",""EV_APP0037_DOCUMENT_SCREEN_DOCUMENT_REVIEW_M1_SKILL_04"",""EV_APP0037_DOCUMENT_SCREEN_DOCUMENT_REVIEW_M1_SKILL_05"",""EV_APP0037_DOCUMENT_SCREEN_DOCUMENT_REVIEW_M1_SKILL_06"",""EV_APP0037_DOCUMENT_SCREEN_DOCUMENT_REVIEW_M1_SKILL_08""],""follow_up_skills"":[""M1_SKILL_01"",""M1_SKILL_04"",""M1_SKILL_05"",""M1_SKILL_06"",""M1_SKILL_08""],""human_rationale"":""공개 기본요건의 검증된 위반 없음. 자기기술을 후속검증 질문으로 전달하며 Skill을 확정하지 않는다."",""observation_refs"":[""OB_REVIEW_ML_01_EV_APP0037_DOCUMENT_SCREEN_DOCUMENT_REVIEW_M1_SKILL_01"",""OB_REVIEW_HM_01_EV_APP0037_DOCUMENT_SCREEN_DOCUMENT_REVIEW_M1_SKILL_01"",""OB_REVIEW_ML_01_EV_APP0037_DOCUMENT_SCREEN_DOCUMENT_REVIEW_M1_SKILL_04"",""OB_REVIEW_HM_01_EV_APP0037_DOCUMENT_SCREEN_DOCUMENT_REVIEW_M1_SKILL_04"",""OB_REVIEW_ML_01_EV_APP0037_DOCUMENT_SCREEN_DOCUMENT_REVIEW_M1_SKILL_05"",""OB_REVIEW_HM_01_EV_APP0037_DOCUMENT_SCREEN_DOCUMENT_REVIEW_M1_SKILL_05"",""OB_REVIEW_ML_01_EV_APP0037_DOCUMENT_SCREEN_DOCUMENT_REVIEW_M1_SKILL_06"",""OB_REVIEW_HM_01_EV_APP0037_DOCUMENT_SCREEN_DOCUMENT_REVIEW_M1_SKILL_06"",""OB_REVIEW_ML_01_EV_APP0037_DOCUMENT_SCREEN_DOCUMENT_REVIEW_M1_SKILL_08"",""OB_REVIEW_HM_01_EV_APP0037_DOCUMENT_SCREEN_DOCUMENT_REVIEW_M1_SKILL_08""],""stage"":""DOCUMENT_SCREEN""}"
APP0098_DOCUMENT_SCREEN,APP0098,C0098,DOCUMENT_SCREEN,2026-10-22T15:50:00+09:00,,,2026-10-22T15:50:00+09:00,2026-10-26T16:39:00+09:00,2026-10-26T16:39:00+09:00,,ADVANCED,EVIDENCE_CANDIDATES_FOUND,,SYNTHETIC_HUMAN_SCENARIO,"{""criterion"":""NO_VERIFIED_PUBLIC_REQUIREMENT_VIOLATION"",""evidence_candidate_refs"":[""EV_APP0098_DOCUMENT_SCREEN_DOCUMENT_REVIEW_M1_SKILL_01"",""EV_APP0098_DOCUMENT_SCREEN_DOCUMENT_REVIEW_M1_SKILL_04"",""EV_APP0098_DOCUMENT_SCREEN_DOCUMENT_REVIEW_M1_SKILL_05"",""EV_APP0098_DOCUMENT_SCREEN_DOCUMENT_REVIEW_M1_SKILL_06"",""EV_APP0098_DOCUMENT_SCREEN_DOCUMENT_REVIEW_M1_SKILL_08""],""follow_up_skills"":[""M1_SKILL_01"",""M1_SKILL_04"",""M1_SKILL_05"",""M1_SKILL_06"",""M1_SKILL_08""],""human_rationale"":""공개 기본요건의 검증된 위반 없음. 자기기술을 후속검증 질문으로 전달하며 Skill을 확정하지 않는다."",""observation_refs"":[""OB_REVIEW_ML_01_EV_APP0098_DOCUMENT_SCREEN_DOCUMENT_REVIEW_M1_SKILL_01"",""OB_REVIEW_HM_01_EV_APP0098_DOCUMENT_SCREEN_DOCUMENT_REVIEW_M1_SKILL_01"",""OB_REVIEW_ML_01_EV_APP0098_DOCUMENT_SCREEN_DOCUMENT_REVIEW_M1_SKILL_04"",""OB_REVIEW_HM_01_EV_APP0098_DOCUMENT_SCREEN_DOCUMENT_REVIEW_M1_SKILL_04"",""OB_REVIEW_ML_01_EV_APP0098_DOCUMENT_SCREEN_DOCUMENT_REVIEW_M1_SKILL_05"",""OB_REVIEW_HM_01_EV_APP0098_DOCUMENT_SCREEN_DOCUMENT_REVIEW_M1_SKILL_05"",""OB_REVIEW_ML_01_EV_APP0098_DOCUMENT_SCREEN_DOCUMENT_REVIEW_M1_SKILL_06"",""OB_REVIEW_HM_01_EV_APP0098_DOCUMENT_SCREEN_DOCUMENT_REVIEW_M1_SKILL_06"",""OB_REVIEW_ML_01_EV_APP0098_DOCUMENT_SCREEN_DOCUMENT_REVIEW_M1_SKILL_08"",""OB_REVIEW_HM_01_EV_APP0098_DOCUMENT_SCREEN_DOCUMENT_REVIEW_M1_SKILL_08""],""stage"":""DOCUMENT_SCREEN""}"
APP0136_DOCUMENT_SCREEN,APP0136,C0136,DOCUMENT_SCREEN,2026-10-22T16:46:00+09:00,,,2026-10-22T16:46:00+09:00,2026-10-30T17:06:00+09:00,2026-10-31T17:06:00+09:00,,ADVANCED,EVIDENCE_CANDIDATES_FOUND,,SYNTHETIC_HUMAN_SCENARIO,"{""criterion"":""NO_VERIFIED_PUBLIC_REQUIREMENT_VIOLATION"",""evidence_candidate_refs"":[""EV_APP0136_DOCUMENT_SCREEN_DOCUMENT_REVIEW_M1_SKILL_01"",""EV_APP0136_DOCUMENT_SCREEN_DOCUMENT_REVIEW_M1_SKILL_04"",""EV_APP0136_DOCUMENT_SCREEN_DOCUMENT_REVIEW_M1_SKILL_05"",""EV_APP0136_DOCUMENT_SCREEN_DOCUMENT_REVIEW_M1_SKILL_06"",""EV_APP0136_DOCUMENT_SCREEN_DOCUMENT_REVIEW_M1_SKILL_08""],""follow_up_skills"":[""M1_SKILL_01"",""M1_SKILL_04"",""M1_SKILL_05"",""M1_SKILL_06"",""M1_SKILL_08""],""human_rationale"":""공개 기본요건의 검증된 위반 없음. 자기기술을 후속검증 질문으로 전달하며 Skill을 확정하지 않는다."",""observation_refs"":[""OB_REVIEW_ML_01_EV_APP0136_DOCUMENT_SCREEN_DOCUMENT_REVIEW_M1_SKILL_01"",""OB_REVIEW_HM_01_EV_APP0136_DOCUMENT_SCREEN_DOCUMENT_REVIEW_M1_SKILL_01"",""OB_REVIEW_ML_01_EV_APP0136_DOCUMENT_SCREEN_DOCUMENT_REVIEW_M1_SKILL_04"",""OB_REVIEW_HM_01_EV_APP0136_DOCUMENT_SCREEN_DOCUMENT_REVIEW_M1_SKILL_04"",""OB_REVIEW_ML_01_EV_APP0136_DOCUMENT_SCREEN_DOCUMENT_REVIEW_M1_SKILL_05"",""OB_REVIEW_HM_01_EV_APP0136_DOCUMENT_SCREEN_DOCUMENT_REVIEW_M1_SKILL_05"",""OB_REVIEW_ML_01_EV_APP0136_DOCUMENT_SCREEN_DOCUMENT_REVIEW_M1_SKILL_06"",""OB_REVIEW_HM_01_EV_APP0136_DOCUMENT_SCREEN_DOCUMENT_REVIEW_M1_SKILL_06"",""OB_REVIEW_ML_01_EV_APP0136_DOCUMENT_SCREEN_DOCUMENT_REVIEW_M1_SKILL_08"",""OB_REVIEW_HM_01_EV_APP0136_DOCUMENT_SCREEN_DOCUMENT_REVIEW_M1_SKILL_08""],""stage"":""DOCUMENT_SCREEN""}"
APP0067_DOCUMENT_SCREEN,APP0067,C0067,DOCUMENT_SCREEN,2026-10-23T09:28:00+09:00,,,2026-10-23T09:28:00+09:00,2026-10-31T09:43:00+09:00,2026-11-01T09:43:00+09:00,,ADVANCED,EVIDENCE_CANDIDATES_FOUND,,SYNTHETIC_HUMAN_SCENARIO,"{""criterion"":""NO_VERIFIED_PUBLIC_REQUIREMENT_VIOLATION"",""evidence_candidate_refs"":[""EV_APP0067_DOCUMENT_SCREEN_DOCUMENT_REVIEW_M1_SKILL_01"",""EV_APP0067_DOCUMENT_SCREEN_DOCUMENT_REVIEW_M1_SKILL_04"",""EV_APP0067_DOCUMENT_SCREEN_DOCUMENT_REVIEW_M1_SKILL_05"",""EV_APP0067_DOCUMENT_SCREEN_DOCUMENT_REVIEW_M1_SKILL_06"",""EV_APP0067_DOCUMENT_SCREEN_DOCUMENT_REVIEW_M1_SKILL_08""],""follow_up_skills"":[""M1_SKILL_01"",""M1_SKILL_04"",""M1_SKILL_05"",""M1_SKILL_06"",""M1_SKILL_08""],""human_rationale"":""공개 기본요건의 검증된 위반 없음. 자기기술을 후속검증 질문으로 전달하며 Skill을 확정하지 않는다."",""observation_refs"":[""OB_REVIEW_ML_01_EV_APP0067_DOCUMENT_SCREEN_DOCUMENT_REVIEW_M1_SKILL_01"",""OB_REVIEW_HM_01_EV_APP0067_DOCUMENT_SCREEN_DOCUMENT_REVIEW_M1_SKILL_01"",""OB_REVIEW_ML_01_EV_APP0067_DOCUMENT_SCREEN_DOCUMENT_REVIEW_M1_SKILL_04"",""OB_REVIEW_HM_01_EV_APP0067_DOCUMENT_SCREEN_DOCUMENT_REVIEW_M1_SKILL_04"",""OB_REVIEW_ML_01_EV_APP0067_DOCUMENT_SCREEN_DOCUMENT_REVIEW_M1_SKILL_05"",""OB_REVIEW_HM_01_EV_APP0067_DOCUMENT_SCREEN_DOCUMENT_REVIEW_M1_SKILL_05"",""OB_REVIEW_ML_01_EV_APP0067_DOCUMENT_SCREEN_DOCUMENT_REVIEW_M1_SKILL_06"",""OB_REVIEW_HM_01_EV_APP0067_DOCUMENT_SCREEN_DOCUMENT_REVIEW_M1_SKILL_06"",""OB_REVIEW_ML_01_EV_APP0067_DOCUMENT_SCREEN_DOCUMENT_REVIEW_M1_SKILL_08"",""OB_REVIEW_HM_01_EV_APP0067_DOCUMENT_SCREEN_DOCUMENT_REVIEW_M1_SKILL_08""],""stage"":""DOCUMENT_SCREEN""}"
APP0117_DOCUMENT_SCREEN,APP0117,C0117,DOCUMENT_SCREEN,2026-10-23T09:46:00+09:00,,,2026-10-23T09:46:00+09:00,2026-10-31T10:01:00+09:00,2026-11-04T10:01:00+09:00,,ADVANCED,EVIDENCE_CANDIDATES_FOUND,,SYNTHETIC_HUMAN_SCENARIO,"{""criterion"":""NO_VERIFIED_PUBLIC_REQUIREMENT_VIOLATION"",""evidence_candidate_refs"":[""EV_APP0117_DOCUMENT_SCREEN_DOCUMENT_REVIEW_M1_SKILL_01"",""EV_APP0117_DOCUMENT_SCREEN_DOCUMENT_REVIEW_M1_SKILL_04"",""EV_APP0117_DOCUMENT_SCREEN_DOCUMENT_REVIEW_M1_SKILL_05"",""EV_APP0117_DOCUMENT_SCREEN_DOCUMENT_REVIEW_M1_SKILL_06"",""EV_APP0117_DOCUMENT_SCREEN_DOCUMENT_REVIEW_M1_SKILL_08""],""follow_up_skills"":[""M1_SKILL_01"",""M1_SKILL_04"",""M1_SKILL_05"",""M1_SKILL_06"",""M1_SKILL_08""],""human_rationale"":""공개 기본요건의 검증된 위반 없음. 자기기술을 후속검증 질문으로 전달하며 Skill을 확정하지 않는다."",""observation_refs"":[""OB_REVIEW_ML_01_EV_APP0117_DOCUMENT_SCREEN_DOCUMENT_REVIEW_M1_SKILL_01"",""OB_REVIEW_HM_01_EV_APP0117_DOCUMENT_SCREEN_DOCUMENT_REVIEW_M1_SKILL_01"",""OB_REVIEW_ML_01_EV_APP0117_DOCUMENT_SCREEN_DOCUMENT_REVIEW_M1_SKILL_04"",""OB_REVIEW_HM_01_EV_APP0117_DOCUMENT_SCREEN_DOCUMENT_REVIEW_M1_SKILL_04"",""OB_REVIEW_ML_01_EV_APP0117_DOCUMENT_SCREEN_DOCUMENT_REVIEW_M1_SKILL_05"",""OB_REVIEW_HM_01_EV_APP0117_DOCUMENT_SCREEN_DOCUMENT_REVIEW_M1_SKILL_05"",""OB_REVIEW_ML_01_EV_APP0117_DOCUMENT_SCREEN_DOCUMENT_REVIEW_M1_SKILL_06"",""OB_REVIEW_HM_01_EV_APP0117_DOCUMENT_SCREEN_DOCUMENT_REVIEW_M1_SKILL_06"",""OB_REVIEW_ML_01_EV_APP0117_DOCUMENT_SCREEN_DOCUMENT_REVIEW_M1_SKILL_08"",""OB_REVIEW_HM_01_EV_APP0117_DOCUMENT_SCREEN_DOCUMENT_REVIEW_M1_SKILL_08""],""stage"":""DOCUMENT_SCREEN""}"
APP0154_DOCUMENT_SCREEN,APP0154,C0154,DOCUMENT_SCREEN,2026-10-23T10:07:00+09:00,,,2026-10-23T10:07:00+09:00,2026-10-28T10:27:00+09:00,2026-10-28T10:27:00+09:00,,ADVANCED,EVIDENCE_CANDIDATES_FOUND,,SYNTHETIC_HUMAN_SCENARIO,"{""criterion"":""NO_VERIFIED_PUBLIC_REQUIREMENT_VIOLATION"",""evidence_candidate_refs"":[""EV_APP0154_DOCUMENT_SCREEN_DOCUMENT_REVIEW_M1_SKILL_01"",""EV_APP0154_DOCUMENT_SCREEN_DOCUMENT_REVIEW_M1_SKILL_04"",""EV_APP0154_DOCUMENT_SCREEN_DOCUMENT_REVIEW_M1_SKILL_05"",""EV_APP0154_DOCUMENT_SCREEN_DOCUMENT_REVIEW_M1_SKILL_06"",""EV_APP0154_DOCUMENT_SCREEN_DOCUMENT_REVIEW_M1_SKILL_08""],""follow_up_skills"":[""M1_SKILL_01"",""M1_SKILL_04"",""M1_SKILL_05"",""M1_SKILL_06"",""M1_SKILL_08""],""human_rationale"":""공개 기본요건의 검증된 위반 없음. 자기기술을 후속검증 질문으로 전달하며 Skill을 확정하지 않는다."",""observation_refs"":[""OB_REVIEW_ML_01_EV_APP0154_DOCUMENT_SCREEN_DOCUMENT_REVIEW_M1_SKILL_01"",""OB_REVIEW_HM_01_EV_APP0154_DOCUMENT_SCREEN_DOCUMENT_REVIEW_M1_SKILL_01"",""OB_REVIEW_ML_01_EV_APP0154_DOCUMENT_SCREEN_DOCUMENT_REVIEW_M1_SKILL_04"",""OB_REVIEW_HM_01_EV_APP0154_DOCUMENT_SCREEN_DOCUMENT_REVIEW_M1_SKILL_04"",""OB_REVIEW_ML_01_EV_APP0154_DOCUMENT_SCREEN_DOCUMENT_REVIEW_M1_SKILL_05"",""OB_REVIEW_HM_01_EV_APP0154_DOCUMENT_SCREEN_DOCUMENT_REVIEW_M1_SKILL_05"",""OB_REVIEW_ML_01_EV_APP0154_DOCUMENT_SCREEN_DOCUMENT_REVIEW_M1_SKILL_06"",""OB_REVIEW_HM_01_EV_APP0154_DOCUMENT_SCREEN_DOCUMENT_REVIEW_M1_SKILL_06"",""OB_REVIEW_ML_01_EV_APP0154_DOCUMENT_SCREEN_DOCUMENT_REVIEW_M1_SKILL_08"",""OB_REVIEW_HM_01_EV_APP0154_DOCUMENT_SCREEN_DOCUMENT_REVIEW_M1_SKILL_08""],""stage"":""DOCUMENT_SCREEN""}"
APP0161_DOCUMENT_SCREEN,APP0161,C0161,DOCUMENT_SCREEN,2026-10-23T11:00:00+09:00,,,2026-10-23T11:00:00+09:00,2026-11-02T11:15:00+09:00,2026-11-06T11:15:00+09:00,,ADVANCED,EVIDENCE_CANDIDATES_FOUND,,SYNTHETIC_HUMAN_SCENARIO,"{""criterion"":""NO_VERIFIED_PUBLIC_REQUIREMENT_VIOLATION"",""evidence_candidate_refs"":[""EV_APP0161_DOCUMENT_SCREEN_DOCUMENT_REVIEW_M1_SKILL_01"",""EV_APP0161_DOCUMENT_SCREEN_DOCUMENT_REVIEW_M1_SKILL_04"",""EV_APP0161_DOCUMENT_SCREEN_DOCUMENT_REVIEW_M1_SKILL_05"",""EV_APP0161_DOCUMENT_SCREEN_DOCUMENT_REVIEW_M1_SKILL_06"",""EV_APP0161_DOCUMENT_SCREEN_DOCUMENT_REVIEW_M1_SKILL_08""],""follow_up_skills"":[""M1_SKILL_01"",""M1_SKILL_04"",""M1_SKILL_05"",""M1_SKILL_06"",""M1_SKILL_08""],""human_rationale"":""공개 기본요건의 검증된 위반 없음. 자기기술을 후속검증 질문으로 전달하며 Skill을 확정하지 않는다."",""observation_refs"":[""OB_REVIEW_ML_01_EV_APP0161_DOCUMENT_SCREEN_DOCUMENT_REVIEW_M1_SKILL_01"",""OB_REVIEW_HM_01_EV_APP0161_DOCUMENT_SCREEN_DOCUMENT_REVIEW_M1_SKILL_01"",""OB_REVIEW_ML_01_EV_APP0161_DOCUMENT_SCREEN_DOCUMENT_REVIEW_M1_SKILL_04"",""OB_REVIEW_HM_01_EV_APP0161_DOCUMENT_SCREEN_DOCUMENT_REVIEW_M1_SKILL_04"",""OB_REVIEW_ML_01_EV_APP0161_DOCUMENT_SCREEN_DOCUMENT_REVIEW_M1_SKILL_05"",""OB_REVIEW_HM_01_EV_APP0161_DOCUMENT_SCREEN_DOCUMENT_REVIEW_M1_SKILL_05"",""OB_REVIEW_ML_01_EV_APP0161_DOCUMENT_SCREEN_DOCUMENT_REVIEW_M1_SKILL_06"",""OB_REVIEW_HM_01_EV_APP0161_DOCUMENT_SCREEN_DOCUMENT_REVIEW_M1_SKILL_06"",""OB_REVIEW_ML_01_EV_APP0161_DOCUMENT_SCREEN_DOCUMENT_REVIEW_M1_SKILL_08"",""OB_REVIEW_HM_01_EV_APP0161_DOCUMENT_SCREEN_DOCUMENT_REVIEW_M1_SKILL_08""],""stage"":""DOCUMENT_SCREEN""}"
APP0155_DOCUMENT_SCREEN,APP0155,C0155,DOCUMENT_SCREEN,2026-10-23T12:15:00+09:00,,,2026-10-23T12:15:00+09:00,2026-10-29T13:00:00+09:00,2026-10-31T13:00:00+09:00,,ADVANCED,EVIDENCE_CANDIDATES_FOUND,,SYNTHETIC_HUMAN_SCENARIO,"{""criterion"":""NO_VERIFIED_PUBLIC_REQUIREMENT_VIOLATION"",""evidence_candidate_refs"":[""EV_APP0155_DOCUMENT_SCREEN_DOCUMENT_REVIEW_M1_SKILL_01"",""EV_APP0155_DOCUMENT_SCREEN_DOCUMENT_REVIEW_M1_SKILL_04"",""EV_APP0155_DOCUMENT_SCREEN_DOCUMENT_REVIEW_M1_SKILL_05"",""EV_APP0155_DOCUMENT_SCREEN_DOCUMENT_REVIEW_M1_SKILL_06"",""EV_APP0155_DOCUMENT_SCREEN_DOCUMENT_REVIEW_M1_SKILL_08""],""follow_up_skills"":[""M1_SKILL_01"",""M1_SKILL_04"",""M1_SKILL_05"",""M1_SKILL_06"",""M1_SKILL_08""],""human_rationale"":""공개 기본요건의 검증된 위반 없음. 자기기술을 후속검증 질문으로 전달하며 Skill을 확정하지 않는다."",""observation_refs"":[""OB_REVIEW_ML_01_EV_APP0155_DOCUMENT_SCREEN_DOCUMENT_REVIEW_M1_SKILL_01"",""OB_REVIEW_HM_01_EV_APP0155_DOCUMENT_SCREEN_DOCUMENT_REVIEW_M1_SKILL_01"",""OB_REVIEW_ML_01_EV_APP0155_DOCUMENT_SCREEN_DOCUMENT_REVIEW_M1_SKILL_04"",""OB_REVIEW_HM_01_EV_APP0155_DOCUMENT_SCREEN_DOCUMENT_REVIEW_M1_SKILL_04"",""OB_REVIEW_ML_01_EV_APP0155_DOCUMENT_SCREEN_DOCUMENT_REVIEW_M1_SKILL_05"",""OB_REVIEW_HM_01_EV_APP0155_DOCUMENT_SCREEN_DOCUMENT_REVIEW_M1_SKILL_05"",""OB_REVIEW_ML_01_EV_APP0155_DOCUMENT_SCREEN_DOCUMENT_REVIEW_M1_SKILL_06"",""OB_REVIEW_HM_01_EV_APP0155_DOCUMENT_SCREEN_DOCUMENT_REVIEW_M1_SKILL_06"",""OB_REVIEW_ML_01_EV_APP0155_DOCUMENT_SCREEN_DOCUMENT_REVIEW_M1_SKILL_08"",""OB_REVIEW_HM_01_EV_APP0155_DOCUMENT_SCREEN_DOCUMENT_REVIEW_M1_SKILL_08""],""stage"":""DOCUMENT_SCREEN""}"
APP0064_DOCUMENT_SCREEN,APP0064,C0064,DOCUMENT_SCREEN,2026-10-23T12:45:00+09:00,,,2026-10-23T12:45:00+09:00,2026-10-27T13:10:00+09:00,2026-10-28T13:10:00+09:00,,ADVANCED,EVIDENCE_CANDIDATES_FOUND,,SYNTHETIC_HUMAN_SCENARIO,"{""criterion"":""NO_VERIFIED_PUBLIC_REQUIREMENT_VIOLATION"",""evidence_candidate_refs"":[""EV_APP0064_DOCUMENT_SCREEN_DOCUMENT_REVIEW_M1_SKILL_01"",""EV_APP0064_DOCUMENT_SCREEN_DOCUMENT_REVIEW_M1_SKILL_04"",""EV_APP0064_DOCUMENT_SCREEN_DOCUMENT_REVIEW_M1_SKILL_05"",""EV_APP0064_DOCUMENT_SCREEN_DOCUMENT_REVIEW_M1_SKILL_06"",""EV_APP0064_DOCUMENT_SCREEN_DOCUMENT_REVIEW_M1_SKILL_08""],""follow_up_skills"":[""M1_SKILL_01"",""M1_SKILL_04"",""M1_SKILL_05"",""M1_SKILL_06"",""M1_SKILL_08""],""human_rationale"":""공개 기본요건의 검증된 위반 없음. 자기기술을 후속검증 질문으로 전달하며 Skill을 확정하지 않는다."",""observation_refs"":[""OB_REVIEW_ML_01_EV_APP0064_DOCUMENT_SCREEN_DOCUMENT_REVIEW_M1_SKILL_01"",""OB_REVIEW_HM_01_EV_APP0064_DOCUMENT_SCREEN_DOCUMENT_REVIEW_M1_SKILL_01"",""OB_REVIEW_ML_01_EV_APP0064_DOCUMENT_SCREEN_DOCUMENT_REVIEW_M1_SKILL_04"",""OB_REVIEW_HM_01_EV_APP0064_DOCUMENT_SCREEN_DOCUMENT_REVIEW_M1_SKILL_04"",""OB_REVIEW_ML_01_EV_APP0064_DOCUMENT_SCREEN_DOCUMENT_REVIEW_M1_SKILL_05"",""OB_REVIEW_HM_01_EV_APP0064_DOCUMENT_SCREEN_DOCUMENT_REVIEW_M1_SKILL_05"",""OB_REVIEW_ML_01_EV_APP0064_DOCUMENT_SCREEN_DOCUMENT_REVIEW_M1_SKILL_06"",""OB_REVIEW_HM_01_EV_APP0064_DOCUMENT_SCREEN_DOCUMENT_REVIEW_M1_SKILL_06"",""OB_REVIEW_ML_01_EV_APP0064_DOCUMENT_SCREEN_DOCUMENT_REVIEW_M1_SKILL_08"",""OB_REVIEW_HM_01_EV_APP0064_DOCUMENT_SCREEN_DOCUMENT_REVIEW_M1_SKILL_08""],""stage"":""DOCUMENT_SCREEN""}"
APP0052_DOCUMENT_SCREEN,APP0052,C0052,DOCUMENT_SCREEN,2026-10-23T12:55:00+09:00,,,2026-10-23T12:55:00+09:00,2026-10-30T17:56:00+09:00,2026-11-01T17:56:00+09:00,,ADVANCED,EVIDENCE_CANDIDATES_FOUND,,SYNTHETIC_HUMAN_SCENARIO,"{""criterion"":""NO_VERIFIED_PUBLIC_REQUIREMENT_VIOLATION"",""evidence_candidate_refs"":[""EV_APP0052_DOCUMENT_SCREEN_DOCUMENT_REVIEW_M1_SKILL_01"",""EV_APP0052_DOCUMENT_SCREEN_DOCUMENT_REVIEW_M1_SKILL_04"",""EV_APP0052_DOCUMENT_SCREEN_DOCUMENT_REVIEW_M1_SKILL_05"",""EV_APP0052_DOCUMENT_SCREEN_DOCUMENT_REVIEW_M1_SKILL_06"",""EV_APP0052_DOCUMENT_SCREEN_DOCUMENT_REVIEW_M1_SKILL_08""],""follow_up_skills"":[""M1_SKILL_01"",""M1_SKILL_04"",""M1_SKILL_05"",""M1_SKILL_06"",""M1_SKILL_08""],""human_rationale"":""공개 기본요건의 검증된 위반 없음. 자기기술을 후속검증 질문으로 전달하며 Skill을 확정하지 않는다."",""observation_refs"":[""OB_REVIEW_ML_01_EV_APP0052_DOCUMENT_SCREEN_DOCUMENT_REVIEW_M1_SKILL_01"",""OB_REVIEW_HM_01_EV_APP0052_DOCUMENT_SCREEN_DOCUMENT_REVIEW_M1_SKILL_01"",""OB_REVIEW_ML_01_EV_APP0052_DOCUMENT_SCREEN_DOCUMENT_REVIEW_M1_SKILL_04"",""OB_REVIEW_HM_01_EV_APP0052_DOCUMENT_SCREEN_DOCUMENT_REVIEW_M1_SKILL_04"",""OB_REVIEW_ML_01_EV_APP0052_DOCUMENT_SCREEN_DOCUMENT_REVIEW_M1_SKILL_05"",""OB_REVIEW_HM_01_EV_APP0052_DOCUMENT_SCREEN_DOCUMENT_REVIEW_M1_SKILL_05"",""OB_REVIEW_ML_01_EV_APP0052_DOCUMENT_SCREEN_DOCUMENT_REVIEW_M1_SKILL_06"",""OB_REVIEW_HM_01_EV_APP0052_DOCUMENT_SCREEN_DOCUMENT_REVIEW_M1_SKILL_06"",""OB_REVIEW_ML_01_EV_APP0052_DOCUMENT_SCREEN_DOCUMENT_REVIEW_M1_SKILL_08"",""OB_REVIEW_HM_01_EV_APP0052_DOCUMENT_SCREEN_DOCUMENT_REVIEW_M1_SKILL_08""],""stage"":""DOCUMENT_SCREEN""}"
APP0163_DOCUMENT_SCREEN,APP0163,C0163,DOCUMENT_SCREEN,2026-10-23T14:11:00+09:00,,,2026-10-23T14:11:00+09:00,2026-10-26T18:11:00+09:00,2026-10-27T18:11:00+09:00,,ADVANCED,EVIDENCE_CANDIDATES_FOUND,,SYNTHETIC_HUMAN_SCENARIO,"{""criterion"":""NO_VERIFIED_PUBLIC_REQUIREMENT_VIOLATION"",""evidence_candidate_refs"":[""EV_APP0163_DOCUMENT_SCREEN_DOCUMENT_REVIEW_M1_SKILL_01"",""EV_APP0163_DOCUMENT_SCREEN_DOCUMENT_REVIEW_M1_SKILL_04"",""EV_APP0163_DOCUMENT_SCREEN_DOCUMENT_REVIEW_M1_SKILL_05"",""EV_APP0163_DOCUMENT_SCREEN_DOCUMENT_REVIEW_M1_SKILL_06"",""EV_APP0163_DOCUMENT_SCREEN_DOCUMENT_REVIEW_M1_SKILL_08""],""follow_up_skills"":[""M1_SKILL_01"",""M1_SKILL_04"",""M1_SKILL_05"",""M1_SKILL_06"",""M1_SKILL_08""],""human_rationale"":""공개 기본요건의 검증된 위반 없음. 자기기술을 후속검증 질문으로 전달하며 Skill을 확정하지 않는다."",""observation_refs"":[""OB_REVIEW_ML_01_EV_APP0163_DOCUMENT_SCREEN_DOCUMENT_REVIEW_M1_SKILL_01"",""OB_REVIEW_HM_01_EV_APP0163_DOCUMENT_SCREEN_DOCUMENT_REVIEW_M1_SKILL_01"",""OB_REVIEW_ML_01_EV_APP0163_DOCUMENT_SCREEN_DOCUMENT_REVIEW_M1_SKILL_04"",""OB_REVIEW_HM_01_EV_APP0163_DOCUMENT_SCREEN_DOCUMENT_REVIEW_M1_SKILL_04"",""OB_REVIEW_ML_01_EV_APP0163_DOCUMENT_SCREEN_DOCUMENT_REVIEW_M1_SKILL_05"",""OB_REVIEW_HM_01_EV_APP0163_DOCUMENT_SCREEN_DOCUMENT_REVIEW_M1_SKILL_05"",""OB_REVIEW_ML_01_EV_APP0163_DOCUMENT_SCREEN_DOCUMENT_REVIEW_M1_SKILL_06"",""OB_REVIEW_HM_01_EV_APP0163_DOCUMENT_SCREEN_DOCUMENT_REVIEW_M1_SKILL_06"",""OB_REVIEW_ML_01_EV_APP0163_DOCUMENT_SCREEN_DOCUMENT_REVIEW_M1_SKILL_08"",""OB_REVIEW_HM_01_EV_APP0163_DOCUMENT_SCREEN_DOCUMENT_REVIEW_M1_SKILL_08""],""stage"":""DOCUMENT_SCREEN""}"
APP0149_DOCUMENT_SCREEN,APP0149,C0149,DOCUMENT_SCREEN,2026-10-23T14:54:00+09:00,,,2026-10-23T14:54:00+09:00,2026-11-02T15:14:00+09:00,2026-11-04T15:14:00+09:00,,ADVANCED,EVIDENCE_CANDIDATES_FOUND,,SYNTHETIC_HUMAN_SCENARIO,"{""criterion"":""NO_VERIFIED_PUBLIC_REQUIREMENT_VIOLATION"",""evidence_candidate_refs"":[""EV_APP0149_DOCUMENT_SCREEN_DOCUMENT_REVIEW_M1_SKILL_01"",""EV_APP0149_DOCUMENT_SCREEN_DOCUMENT_REVIEW_M1_SKILL_04"",""EV_APP0149_DOCUMENT_SCREEN_DOCUMENT_REVIEW_M1_SKILL_05"",""EV_APP0149_DOCUMENT_SCREEN_DOCUMENT_REVIEW_M1_SKILL_06"",""EV_APP0149_DOCUMENT_SCREEN_DOCUMENT_REVIEW_M1_SKILL_08""],""follow_up_skills"":[""M1_SKILL_01"",""M1_SKILL_04"",""M1_SKILL_05"",""M1_SKILL_06"",""M1_SKILL_08""],""human_rationale"":""공개 기본요건의 검증된 위반 없음. 자기기술을 후속검증 질문으로 전달하며 Skill을 확정하지 않는다."",""observation_refs"":[""OB_REVIEW_ML_01_EV_APP0149_DOCUMENT_SCREEN_DOCUMENT_REVIEW_M1_SKILL_01"",""OB_REVIEW_HM_01_EV_APP0149_DOCUMENT_SCREEN_DOCUMENT_REVIEW_M1_SKILL_01"",""OB_REVIEW_ML_01_EV_APP0149_DOCUMENT_SCREEN_DOCUMENT_REVIEW_M1_SKILL_04"",""OB_REVIEW_HM_01_EV_APP0149_DOCUMENT_SCREEN_DOCUMENT_REVIEW_M1_SKILL_04"",""OB_REVIEW_ML_01_EV_APP0149_DOCUMENT_SCREEN_DOCUMENT_REVIEW_M1_SKILL_05"",""OB_REVIEW_HM_01_EV_APP0149_DOCUMENT_SCREEN_DOCUMENT_REVIEW_M1_SKILL_05"",""OB_REVIEW_ML_01_EV_APP0149_DOCUMENT_SCREEN_DOCUMENT_REVIEW_M1_SKILL_06"",""OB_REVIEW_HM_01_EV_APP0149_DOCUMENT_SCREEN_DOCUMENT_REVIEW_M1_SKILL_06"",""OB_REVIEW_ML_01_EV_APP0149_DOCUMENT_SCREEN_DOCUMENT_REVIEW_M1_SKILL_08"",""OB_REVIEW_HM_01_EV_APP0149_DOCUMENT_SCREEN_DOCUMENT_REVIEW_M1_SKILL_08""],""stage"":""DOCUMENT_SCREEN""}"
APP0170_DOCUMENT_SCREEN,APP0170,C0170,DOCUMENT_SCREEN,2026-10-23T16:12:00+09:00,,,2026-10-23T16:12:00+09:00,2026-10-27T18:36:00+09:00,2026-10-29T18:36:00+09:00,,ADVANCED,EVIDENCE_CANDIDATES_FOUND,,SYNTHETIC_HUMAN_SCENARIO,"{""criterion"":""NO_VERIFIED_PUBLIC_REQUIREMENT_VIOLATION"",""evidence_candidate_refs"":[""EV_APP0170_DOCUMENT_SCREEN_DOCUMENT_REVIEW_M1_SKILL_01"",""EV_APP0170_DOCUMENT_SCREEN_DOCUMENT_REVIEW_M1_SKILL_04"",""EV_APP0170_DOCUMENT_SCREEN_DOCUMENT_REVIEW_M1_SKILL_05"",""EV_APP0170_DOCUMENT_SCREEN_DOCUMENT_REVIEW_M1_SKILL_06"",""EV_APP0170_DOCUMENT_SCREEN_DOCUMENT_REVIEW_M1_SKILL_08""],""follow_up_skills"":[""M1_SKILL_01"",""M1_SKILL_04"",""M1_SKILL_05"",""M1_SKILL_06"",""M1_SKILL_08""],""human_rationale"":""공개 기본요건의 검증된 위반 없음. 자기기술을 후속검증 질문으로 전달하며 Skill을 확정하지 않는다."",""observation_refs"":[""OB_REVIEW_ML_01_EV_APP0170_DOCUMENT_SCREEN_DOCUMENT_REVIEW_M1_SKILL_01"",""OB_REVIEW_HM_01_EV_APP0170_DOCUMENT_SCREEN_DOCUMENT_REVIEW_M1_SKILL_01"",""OB_REVIEW_ML_01_EV_APP0170_DOCUMENT_SCREEN_DOCUMENT_REVIEW_M1_SKILL_04"",""OB_REVIEW_HM_01_EV_APP0170_DOCUMENT_SCREEN_DOCUMENT_REVIEW_M1_SKILL_04"",""OB_REVIEW_ML_01_EV_APP0170_DOCUMENT_SCREEN_DOCUMENT_REVIEW_M1_SKILL_05"",""OB_REVIEW_HM_01_EV_APP0170_DOCUMENT_SCREEN_DOCUMENT_REVIEW_M1_SKILL_05"",""OB_REVIEW_ML_01_EV_APP0170_DOCUMENT_SCREEN_DOCUMENT_REVIEW_M1_SKILL_06"",""OB_REVIEW_HM_01_EV_APP0170_DOCUMENT_SCREEN_DOCUMENT_REVIEW_M1_SKILL_06"",""OB_REVIEW_ML_01_EV_APP0170_DOCUMENT_SCREEN_DOCUMENT_REVIEW_M1_SKILL_08"",""OB_REVIEW_HM_01_EV_APP0170_DOCUMENT_SCREEN_DOCUMENT_REVIEW_M1_SKILL_08""],""stage"":""DOCUMENT_SCREEN""}"
APP0066_DOCUMENT_SCREEN,APP0066,C0066,DOCUMENT_SCREEN,2026-10-23T16:45:00+09:00,,,2026-10-23T16:45:00+09:00,2026-10-30T18:56:00+09:00,2026-10-30T18:56:00+09:00,,ADVANCED,EVIDENCE_CANDIDATES_FOUND,,SYNTHETIC_HUMAN_SCENARIO,"{""criterion"":""NO_VERIFIED_PUBLIC_REQUIREMENT_VIOLATION"",""evidence_candidate_refs"":[""EV_APP0066_DOCUMENT_SCREEN_DOCUMENT_REVIEW_M1_SKILL_01"",""EV_APP0066_DOCUMENT_SCREEN_DOCUMENT_REVIEW_M1_SKILL_04"",""EV_APP0066_DOCUMENT_SCREEN_DOCUMENT_REVIEW_M1_SKILL_05"",""EV_APP0066_DOCUMENT_SCREEN_DOCUMENT_REVIEW_M1_SKILL_06"",""EV_APP0066_DOCUMENT_SCREEN_DOCUMENT_REVIEW_M1_SKILL_08""],""follow_up_skills"":[""M1_SKILL_01"",""M1_SKILL_04"",""M1_SKILL_05"",""M1_SKILL_06"",""M1_SKILL_08""],""human_rationale"":""공개 기본요건의 검증된 위반 없음. 자기기술을 후속검증 질문으로 전달하며 Skill을 확정하지 않는다."",""observation_refs"":[""OB_REVIEW_ML_01_EV_APP0066_DOCUMENT_SCREEN_DOCUMENT_REVIEW_M1_SKILL_01"",""OB_REVIEW_HM_01_EV_APP0066_DOCUMENT_SCREEN_DOCUMENT_REVIEW_M1_SKILL_01"",""OB_REVIEW_ML_01_EV_APP0066_DOCUMENT_SCREEN_DOCUMENT_REVIEW_M1_SKILL_04"",""OB_REVIEW_HM_01_EV_APP0066_DOCUMENT_SCREEN_DOCUMENT_REVIEW_M1_SKILL_04"",""OB_REVIEW_ML_01_EV_APP0066_DOCUMENT_SCREEN_DOCUMENT_REVIEW_M1_SKILL_05"",""OB_REVIEW_HM_01_EV_APP0066_DOCUMENT_SCREEN_DOCUMENT_REVIEW_M1_SKILL_05"",""OB_REVIEW_ML_01_EV_APP0066_DOCUMENT_SCREEN_DOCUMENT_REVIEW_M1_SKILL_06"",""OB_REVIEW_HM_01_EV_APP0066_DOCUMENT_SCREEN_DOCUMENT_REVIEW_M1_SKILL_06"",""OB_REVIEW_ML_01_EV_APP0066_DOCUMENT_SCREEN_DOCUMENT_REVIEW_M1_SKILL_08"",""OB_REVIEW_HM_01_EV_APP0066_DOCUMENT_SCREEN_DOCUMENT_REVIEW_M1_SKILL_08""],""stage"":""DOCUMENT_SCREEN""}"
APP0191_DOCUMENT_SCREEN,APP0191,C0191,DOCUMENT_SCREEN,2026-10-24T09:15:00+09:00,,,2026-10-24T09:15:00+09:00,2026-10-30T09:35:00+09:00,2026-11-01T09:35:00+09:00,,ADVANCED,EVIDENCE_CANDIDATES_FOUND,,SYNTHETIC_HUMAN_SCENARIO,"{""criterion"":""NO_VERIFIED_PUBLIC_REQUIREMENT_VIOLATION"",""evidence_candidate_refs"":[""EV_APP0191_DOCUMENT_SCREEN_DOCUMENT_REVIEW_M1_SKILL_01"",""EV_APP0191_DOCUMENT_SCREEN_DOCUMENT_REVIEW_M1_SKILL_04"",""EV_APP0191_DOCUMENT_SCREEN_DOCUMENT_REVIEW_M1_SKILL_05"",""EV_APP0191_DOCUMENT_SCREEN_DOCUMENT_REVIEW_M1_SKILL_06"",""EV_APP0191_DOCUMENT_SCREEN_DOCUMENT_REVIEW_M1_SKILL_08""],""follow_up_skills"":[""M1_SKILL_01"",""M1_SKILL_04"",""M1_SKILL_05"",""M1_SKILL_06"",""M1_SKILL_08""],""human_rationale"":""공개 기본요건의 검증된 위반 없음. 자기기술을 후속검증 질문으로 전달하며 Skill을 확정하지 않는다."",""observation_refs"":[""OB_REVIEW_ML_01_EV_APP0191_DOCUMENT_SCREEN_DOCUMENT_REVIEW_M1_SKILL_01"",""OB_REVIEW_HM_01_EV_APP0191_DOCUMENT_SCREEN_DOCUMENT_REVIEW_M1_SKILL_01"",""OB_REVIEW_ML_01_EV_APP0191_DOCUMENT_SCREEN_DOCUMENT_REVIEW_M1_SKILL_04"",""OB_REVIEW_HM_01_EV_APP0191_DOCUMENT_SCREEN_DOCUMENT_REVIEW_M1_SKILL_04"",""OB_REVIEW_ML_01_EV_APP0191_DOCUMENT_SCREEN_DOCUMENT_REVIEW_M1_SKILL_05"",""OB_REVIEW_HM_01_EV_APP0191_DOCUMENT_SCREEN_DOCUMENT_REVIEW_M1_SKILL_05"",""OB_REVIEW_ML_01_EV_APP0191_DOCUMENT_SCREEN_DOCUMENT_REVIEW_M1_SKILL_06"",""OB_REVIEW_HM_01_EV_APP0191_DOCUMENT_SCREEN_DOCUMENT_REVIEW_M1_SKILL_06"",""OB_REVIEW_ML_01_EV_APP0191_DOCUMENT_SCREEN_DOCUMENT_REVIEW_M1_SKILL_08"",""OB_REVIEW_HM_01_EV_APP0191_DOCUMENT_SCREEN_DOCUMENT_REVIEW_M1_SKILL_08""],""stage"":""DOCUMENT_SCREEN""}"
APP0131_DOCUMENT_SCREEN,APP0131,C0131,DOCUMENT_SCREEN,2026-10-24T10:26:00+09:00,,,2026-10-24T10:26:00+09:00,2026-10-28T10:42:00+09:00,2026-11-01T10:42:00+09:00,,ADVANCED,EVIDENCE_CANDIDATES_FOUND,,SYNTHETIC_HUMAN_SCENARIO,"{""criterion"":""NO_VERIFIED_PUBLIC_REQUIREMENT_VIOLATION"",""evidence_candidate_refs"":[""EV_APP0131_DOCUMENT_SCREEN_DOCUMENT_REVIEW_M1_SKILL_01"",""EV_APP0131_DOCUMENT_SCREEN_DOCUMENT_REVIEW_M1_SKILL_04"",""EV_APP0131_DOCUMENT_SCREEN_DOCUMENT_REVIEW_M1_SKILL_05"",""EV_APP0131_DOCUMENT_SCREEN_DOCUMENT_REVIEW_M1_SKILL_06"",""EV_APP0131_DOCUMENT_SCREEN_DOCUMENT_REVIEW_M1_SKILL_08""],""follow_up_skills"":[""M1_SKILL_01"",""M1_SKILL_04"",""M1_SKILL_05"",""M1_SKILL_06"",""M1_SKILL_08""],""human_rationale"":""공개 기본요건의 검증된 위반 없음. 자기기술을 후속검증 질문으로 전달하며 Skill을 확정하지 않는다."",""observation_refs"":[""OB_REVIEW_ML_01_EV_APP0131_DOCUMENT_SCREEN_DOCUMENT_REVIEW_M1_SKILL_01"",""OB_REVIEW_HM_01_EV_APP0131_DOCUMENT_SCREEN_DOCUMENT_REVIEW_M1_SKILL_01"",""OB_REVIEW_ML_01_EV_APP0131_DOCUMENT_SCREEN_DOCUMENT_REVIEW_M1_SKILL_04"",""OB_REVIEW_HM_01_EV_APP0131_DOCUMENT_SCREEN_DOCUMENT_REVIEW_M1_SKILL_04"",""OB_REVIEW_ML_01_EV_APP0131_DOCUMENT_SCREEN_DOCUMENT_REVIEW_M1_SKILL_05"",""OB_REVIEW_HM_01_EV_APP0131_DOCUMENT_SCREEN_DOCUMENT_REVIEW_M1_SKILL_05"",""OB_REVIEW_ML_01_EV_APP0131_DOCUMENT_SCREEN_DOCUMENT_REVIEW_M1_SKILL_06"",""OB_REVIEW_HM_01_EV_APP0131_DOCUMENT_SCREEN_DOCUMENT_REVIEW_M1_SKILL_06"",""OB_REVIEW_ML_01_EV_APP0131_DOCUMENT_SCREEN_DOCUMENT_REVIEW_M1_SKILL_08"",""OB_REVIEW_HM_01_EV_APP0131_DOCUMENT_SCREEN_DOCUMENT_REVIEW_M1_SKILL_08""],""stage"":""DOCUMENT_SCREEN""}"
APP0164_DOCUMENT_SCREEN,APP0164,C0164,DOCUMENT_SCREEN,2026-10-24T11:57:00+09:00,,,2026-10-24T11:57:00+09:00,2026-11-01T12:17:00+09:00,2026-11-05T12:17:00+09:00,,ADVANCED,EVIDENCE_CANDIDATES_FOUND,,SYNTHETIC_HUMAN_SCENARIO,"{""criterion"":""NO_VERIFIED_PUBLIC_REQUIREMENT_VIOLATION"",""evidence_candidate_refs"":[""EV_APP0164_DOCUMENT_SCREEN_DOCUMENT_REVIEW_M1_SKILL_01"",""EV_APP0164_DOCUMENT_SCREEN_DOCUMENT_REVIEW_M1_SKILL_04"",""EV_APP0164_DOCUMENT_SCREEN_DOCUMENT_REVIEW_M1_SKILL_05"",""EV_APP0164_DOCUMENT_SCREEN_DOCUMENT_REVIEW_M1_SKILL_06"",""EV_APP0164_DOCUMENT_SCREEN_DOCUMENT_REVIEW_M1_SKILL_08""],""follow_up_skills"":[""M1_SKILL_01"",""M1_SKILL_04"",""M1_SKILL_05"",""M1_SKILL_06"",""M1_SKILL_08""],""human_rationale"":""공개 기본요건의 검증된 위반 없음. 자기기술을 후속검증 질문으로 전달하며 Skill을 확정하지 않는다."",""observation_refs"":[""OB_REVIEW_ML_01_EV_APP0164_DOCUMENT_SCREEN_DOCUMENT_REVIEW_M1_SKILL_01"",""OB_REVIEW_HM_01_EV_APP0164_DOCUMENT_SCREEN_DOCUMENT_REVIEW_M1_SKILL_01"",""OB_REVIEW_ML_01_EV_APP0164_DOCUMENT_SCREEN_DOCUMENT_REVIEW_M1_SKILL_04"",""OB_REVIEW_HM_01_EV_APP0164_DOCUMENT_SCREEN_DOCUMENT_REVIEW_M1_SKILL_04"",""OB_REVIEW_ML_01_EV_APP0164_DOCUMENT_SCREEN_DOCUMENT_REVIEW_M1_SKILL_05"",""OB_REVIEW_HM_01_EV_APP0164_DOCUMENT_SCREEN_DOCUMENT_REVIEW_M1_SKILL_05"",""OB_REVIEW_ML_01_EV_APP0164_DOCUMENT_SCREEN_DOCUMENT_REVIEW_M1_SKILL_06"",""OB_REVIEW_HM_01_EV_APP0164_DOCUMENT_SCREEN_DOCUMENT_REVIEW_M1_SKILL_06"",""OB_REVIEW_ML_01_EV_APP0164_DOCUMENT_SCREEN_DOCUMENT_REVIEW_M1_SKILL_08"",""OB_REVIEW_HM_01_EV_APP0164_DOCUMENT_SCREEN_DOCUMENT_REVIEW_M1_SKILL_08""],""stage"":""DOCUMENT_SCREEN""}"
APP0129_DOCUMENT_SCREEN,APP0129,C0129,DOCUMENT_SCREEN,2026-10-24T12:48:00+09:00,,,2026-10-24T12:48:00+09:00,2026-11-01T13:13:00+09:00,2026-11-01T13:13:00+09:00,,ADVANCED,EVIDENCE_CANDIDATES_FOUND,,SYNTHETIC_HUMAN_SCENARIO,"{""criterion"":""NO_VERIFIED_PUBLIC_REQUIREMENT_VIOLATION"",""evidence_candidate_refs"":[""EV_APP0129_DOCUMENT_SCREEN_DOCUMENT_REVIEW_M1_SKILL_01"",""EV_APP0129_DOCUMENT_SCREEN_DOCUMENT_REVIEW_M1_SKILL_04"",""EV_APP0129_DOCUMENT_SCREEN_DOCUMENT_REVIEW_M1_SKILL_05"",""EV_APP0129_DOCUMENT_SCREEN_DOCUMENT_REVIEW_M1_SKILL_06"",""EV_APP0129_DOCUMENT_SCREEN_DOCUMENT_REVIEW_M1_SKILL_08""],""follow_up_skills"":[""M1_SKILL_01"",""M1_SKILL_04"",""M1_SKILL_05"",""M1_SKILL_06"",""M1_SKILL_08""],""human_rationale"":""공개 기본요건의 검증된 위반 없음. 자기기술을 후속검증 질문으로 전달하며 Skill을 확정하지 않는다."",""observation_refs"":[""OB_REVIEW_ML_01_EV_APP0129_DOCUMENT_SCREEN_DOCUMENT_REVIEW_M1_SKILL_01"",""OB_REVIEW_HM_01_EV_APP0129_DOCUMENT_SCREEN_DOCUMENT_REVIEW_M1_SKILL_01"",""OB_REVIEW_ML_01_EV_APP0129_DOCUMENT_SCREEN_DOCUMENT_REVIEW_M1_SKILL_04"",""OB_REVIEW_HM_01_EV_APP0129_DOCUMENT_SCREEN_DOCUMENT_REVIEW_M1_SKILL_04"",""OB_REVIEW_ML_01_EV_APP0129_DOCUMENT_SCREEN_DOCUMENT_REVIEW_M1_SKILL_05"",""OB_REVIEW_HM_01_EV_APP0129_DOCUMENT_SCREEN_DOCUMENT_REVIEW_M1_SKILL_05"",""OB_REVIEW_ML_01_EV_APP0129_DOCUMENT_SCREEN_DOCUMENT_REVIEW_M1_SKILL_06"",""OB_REVIEW_HM_01_EV_APP0129_DOCUMENT_SCREEN_DOCUMENT_REVIEW_M1_SKILL_06"",""OB_REVIEW_ML_01_EV_APP0129_DOCUMENT_SCREEN_DOCUMENT_REVIEW_M1_SKILL_08"",""OB_REVIEW_HM_01_EV_APP0129_DOCUMENT_SCREEN_DOCUMENT_REVIEW_M1_SKILL_08""],""stage"":""DOCUMENT_SCREEN""}"
APP0193_DOCUMENT_SCREEN,APP0193,C0193,DOCUMENT_SCREEN,2026-10-24T13:29:00+09:00,,,2026-10-24T13:29:00+09:00,2026-10-30T13:44:00+09:00,2026-11-03T13:44:00+09:00,,ADVANCED,EVIDENCE_CANDIDATES_FOUND,,SYNTHETIC_HUMAN_SCENARIO,"{""criterion"":""NO_VERIFIED_PUBLIC_REQUIREMENT_VIOLATION"",""evidence_candidate_refs"":[""EV_APP0193_DOCUMENT_SCREEN_DOCUMENT_REVIEW_M1_SKILL_01"",""EV_APP0193_DOCUMENT_SCREEN_DOCUMENT_REVIEW_M1_SKILL_04"",""EV_APP0193_DOCUMENT_SCREEN_DOCUMENT_REVIEW_M1_SKILL_05"",""EV_APP0193_DOCUMENT_SCREEN_DOCUMENT_REVIEW_M1_SKILL_06"",""EV_APP0193_DOCUMENT_SCREEN_DOCUMENT_REVIEW_M1_SKILL_08""],""follow_up_skills"":[""M1_SKILL_01"",""M1_SKILL_04"",""M1_SKILL_05"",""M1_SKILL_06"",""M1_SKILL_08""],""human_rationale"":""공개 기본요건의 검증된 위반 없음. 자기기술을 후속검증 질문으로 전달하며 Skill을 확정하지 않는다."",""observation_refs"":[""OB_REVIEW_ML_01_EV_APP0193_DOCUMENT_SCREEN_DOCUMENT_REVIEW_M1_SKILL_01"",""OB_REVIEW_HM_01_EV_APP0193_DOCUMENT_SCREEN_DOCUMENT_REVIEW_M1_SKILL_01"",""OB_REVIEW_ML_01_EV_APP0193_DOCUMENT_SCREEN_DOCUMENT_REVIEW_M1_SKILL_04"",""OB_REVIEW_HM_01_EV_APP0193_DOCUMENT_SCREEN_DOCUMENT_REVIEW_M1_SKILL_04"",""OB_REVIEW_ML_01_EV_APP0193_DOCUMENT_SCREEN_DOCUMENT_REVIEW_M1_SKILL_05"",""OB_REVIEW_HM_01_EV_APP0193_DOCUMENT_SCREEN_DOCUMENT_REVIEW_M1_SKILL_05"",""OB_REVIEW_ML_01_EV_APP0193_DOCUMENT_SCREEN_DOCUMENT_REVIEW_M1_SKILL_06"",""OB_REVIEW_HM_01_EV_APP0193_DOCUMENT_SCREEN_DOCUMENT_REVIEW_M1_SKILL_06"",""OB_REVIEW_ML_01_EV_APP0193_DOCUMENT_SCREEN_DOCUMENT_REVIEW_M1_SKILL_08"",""OB_REVIEW_HM_01_EV_APP0193_DOCUMENT_SCREEN_DOCUMENT_REVIEW_M1_SKILL_08""],""stage"":""DOCUMENT_SCREEN""}"
APP0082_DOCUMENT_SCREEN,APP0082,C0082,DOCUMENT_SCREEN,2026-10-24T15:21:00+09:00,,,2026-10-24T15:21:00+09:00,2026-11-03T15:46:00+09:00,2026-11-07T15:46:00+09:00,,ADVANCED,EVIDENCE_CANDIDATES_FOUND,,SYNTHETIC_HUMAN_SCENARIO,"{""criterion"":""NO_VERIFIED_PUBLIC_REQUIREMENT_VIOLATION"",""evidence_candidate_refs"":[""EV_APP0082_DOCUMENT_SCREEN_DOCUMENT_REVIEW_M1_SKILL_01"",""EV_APP0082_DOCUMENT_SCREEN_DOCUMENT_REVIEW_M1_SKILL_04"",""EV_APP0082_DOCUMENT_SCREEN_DOCUMENT_REVIEW_M1_SKILL_05"",""EV_APP0082_DOCUMENT_SCREEN_DOCUMENT_REVIEW_M1_SKILL_06"",""EV_APP0082_DOCUMENT_SCREEN_DOCUMENT_REVIEW_M1_SKILL_08""],""follow_up_skills"":[""M1_SKILL_01"",""M1_SKILL_04"",""M1_SKILL_05"",""M1_SKILL_06"",""M1_SKILL_08""],""human_rationale"":""공개 기본요건의 검증된 위반 없음. 자기기술을 후속검증 질문으로 전달하며 Skill을 확정하지 않는다."",""observation_refs"":[""OB_REVIEW_ML_01_EV_APP0082_DOCUMENT_SCREEN_DOCUMENT_REVIEW_M1_SKILL_01"",""OB_REVIEW_HM_01_EV_APP0082_DOCUMENT_SCREEN_DOCUMENT_REVIEW_M1_SKILL_01"",""OB_REVIEW_ML_01_EV_APP0082_DOCUMENT_SCREEN_DOCUMENT_REVIEW_M1_SKILL_04"",""OB_REVIEW_HM_01_EV_APP0082_DOCUMENT_SCREEN_DOCUMENT_REVIEW_M1_SKILL_04"",""OB_REVIEW_ML_01_EV_APP0082_DOCUMENT_SCREEN_DOCUMENT_REVIEW_M1_SKILL_05"",""OB_REVIEW_HM_01_EV_APP0082_DOCUMENT_SCREEN_DOCUMENT_REVIEW_M1_SKILL_05"",""OB_REVIEW_ML_01_EV_APP0082_DOCUMENT_SCREEN_DOCUMENT_REVIEW_M1_SKILL_06"",""OB_REVIEW_HM_01_EV_APP0082_DOCUMENT_SCREEN_DOCUMENT_REVIEW_M1_SKILL_06"",""OB_REVIEW_ML_01_EV_APP0082_DOCUMENT_SCREEN_DOCUMENT_REVIEW_M1_SKILL_08"",""OB_REVIEW_HM_01_EV_APP0082_DOCUMENT_SCREEN_DOCUMENT_REVIEW_M1_SKILL_08""],""stage"":""DOCUMENT_SCREEN""}"
APP0125_DOCUMENT_SCREEN,APP0125,C0125,DOCUMENT_SCREEN,2026-10-24T15:32:00+09:00,,,2026-10-24T15:32:00+09:00,2026-10-28T17:25:00+09:00,2026-10-28T17:25:00+09:00,,ADVANCED,EVIDENCE_CANDIDATES_FOUND,,SYNTHETIC_HUMAN_SCENARIO,"{""criterion"":""NO_VERIFIED_PUBLIC_REQUIREMENT_VIOLATION"",""evidence_candidate_refs"":[""EV_APP0125_DOCUMENT_SCREEN_DOCUMENT_REVIEW_M1_SKILL_01"",""EV_APP0125_DOCUMENT_SCREEN_DOCUMENT_REVIEW_M1_SKILL_04"",""EV_APP0125_DOCUMENT_SCREEN_DOCUMENT_REVIEW_M1_SKILL_05"",""EV_APP0125_DOCUMENT_SCREEN_DOCUMENT_REVIEW_M1_SKILL_06"",""EV_APP0125_DOCUMENT_SCREEN_DOCUMENT_REVIEW_M1_SKILL_08""],""follow_up_skills"":[""M1_SKILL_01"",""M1_SKILL_04"",""M1_SKILL_05"",""M1_SKILL_06"",""M1_SKILL_08""],""human_rationale"":""공개 기본요건의 검증된 위반 없음. 자기기술을 후속검증 질문으로 전달하며 Skill을 확정하지 않는다."",""observation_refs"":[""OB_REVIEW_ML_01_EV_APP0125_DOCUMENT_SCREEN_DOCUMENT_REVIEW_M1_SKILL_01"",""OB_REVIEW_HM_01_EV_APP0125_DOCUMENT_SCREEN_DOCUMENT_REVIEW_M1_SKILL_01"",""OB_REVIEW_ML_01_EV_APP0125_DOCUMENT_SCREEN_DOCUMENT_REVIEW_M1_SKILL_04"",""OB_REVIEW_HM_01_EV_APP0125_DOCUMENT_SCREEN_DOCUMENT_REVIEW_M1_SKILL_04"",""OB_REVIEW_ML_01_EV_APP0125_DOCUMENT_SCREEN_DOCUMENT_REVIEW_M1_SKILL_05"",""OB_REVIEW_HM_01_EV_APP0125_DOCUMENT_SCREEN_DOCUMENT_REVIEW_M1_SKILL_05"",""OB_REVIEW_ML_01_EV_APP0125_DOCUMENT_SCREEN_DOCUMENT_REVIEW_M1_SKILL_06"",""OB_REVIEW_HM_01_EV_APP0125_DOCUMENT_SCREEN_DOCUMENT_REVIEW_M1_SKILL_06"",""OB_REVIEW_ML_01_EV_APP0125_DOCUMENT_SCREEN_DOCUMENT_REVIEW_M1_SKILL_08"",""OB_REVIEW_HM_01_EV_APP0125_DOCUMENT_SCREEN_DOCUMENT_REVIEW_M1_SKILL_08""],""stage"":""DOCUMENT_SCREEN""}"
APP0182_DOCUMENT_SCREEN,APP0182,C0182,DOCUMENT_SCREEN,2026-10-25T10:16:00+09:00,,,2026-10-25T10:16:00+09:00,2026-10-29T10:31:00+09:00,2026-10-31T10:31:00+09:00,,ADVANCED,EVIDENCE_CANDIDATES_FOUND,,SYNTHETIC_HUMAN_SCENARIO,"{""criterion"":""NO_VERIFIED_PUBLIC_REQUIREMENT_VIOLATION"",""evidence_candidate_refs"":[""EV_APP0182_DOCUMENT_SCREEN_DOCUMENT_REVIEW_M1_SKILL_01"",""EV_APP0182_DOCUMENT_SCREEN_DOCUMENT_REVIEW_M1_SKILL_04"",""EV_APP0182_DOCUMENT_SCREEN_DOCUMENT_REVIEW_M1_SKILL_05"",""EV_APP0182_DOCUMENT_SCREEN_DOCUMENT_REVIEW_M1_SKILL_06"",""EV_APP0182_DOCUMENT_SCREEN_DOCUMENT_REVIEW_M1_SKILL_08""],""follow_up_skills"":[""M1_SKILL_01"",""M1_SKILL_04"",""M1_SKILL_05"",""M1_SKILL_06"",""M1_SKILL_08""],""human_rationale"":""공개 기본요건의 검증된 위반 없음. 자기기술을 후속검증 질문으로 전달하며 Skill을 확정하지 않는다."",""observation_refs"":[""OB_REVIEW_ML_01_EV_APP0182_DOCUMENT_SCREEN_DOCUMENT_REVIEW_M1_SKILL_01"",""OB_REVIEW_HM_01_EV_APP0182_DOCUMENT_SCREEN_DOCUMENT_REVIEW_M1_SKILL_01"",""OB_REVIEW_ML_01_EV_APP0182_DOCUMENT_SCREEN_DOCUMENT_REVIEW_M1_SKILL_04"",""OB_REVIEW_HM_01_EV_APP0182_DOCUMENT_SCREEN_DOCUMENT_REVIEW_M1_SKILL_04"",""OB_REVIEW_ML_01_EV_APP0182_DOCUMENT_SCREEN_DOCUMENT_REVIEW_M1_SKILL_05"",""OB_REVIEW_HM_01_EV_APP0182_DOCUMENT_SCREEN_DOCUMENT_REVIEW_M1_SKILL_05"",""OB_REVIEW_ML_01_EV_APP0182_DOCUMENT_SCREEN_DOCUMENT_REVIEW_M1_SKILL_06"",""OB_REVIEW_HM_01_EV_APP0182_DOCUMENT_SCREEN_DOCUMENT_REVIEW_M1_SKILL_06"",""OB_REVIEW_ML_01_EV_APP0182_DOCUMENT_SCREEN_DOCUMENT_REVIEW_M1_SKILL_08"",""OB_REVIEW_HM_01_EV_APP0182_DOCUMENT_SCREEN_DOCUMENT_REVIEW_M1_SKILL_08""],""stage"":""DOCUMENT_SCREEN""}"
APP0186_DOCUMENT_SCREEN,APP0186,C0186,DOCUMENT_SCREEN,2026-10-25T11:00:00+09:00,,,2026-10-25T11:00:00+09:00,2026-10-31T11:25:00+09:00,2026-11-01T11:25:00+09:00,,ADVANCED,EVIDENCE_CANDIDATES_FOUND,,SYNTHETIC_HUMAN_SCENARIO,"{""criterion"":""NO_VERIFIED_PUBLIC_REQUIREMENT_VIOLATION"",""evidence_candidate_refs"":[""EV_APP0186_DOCUMENT_SCREEN_DOCUMENT_REVIEW_M1_SKILL_01"",""EV_APP0186_DOCUMENT_SCREEN_DOCUMENT_REVIEW_M1_SKILL_04"",""EV_APP0186_DOCUMENT_SCREEN_DOCUMENT_REVIEW_M1_SKILL_05"",""EV_APP0186_DOCUMENT_SCREEN_DOCUMENT_REVIEW_M1_SKILL_06"",""EV_APP0186_DOCUMENT_SCREEN_DOCUMENT_REVIEW_M1_SKILL_08""],""follow_up_skills"":[""M1_SKILL_01"",""M1_SKILL_04"",""M1_SKILL_05"",""M1_SKILL_06"",""M1_SKILL_08""],""human_rationale"":""공개 기본요건의 검증된 위반 없음. 자기기술을 후속검증 질문으로 전달하며 Skill을 확정하지 않는다."",""observation_refs"":[""OB_REVIEW_ML_01_EV_APP0186_DOCUMENT_SCREEN_DOCUMENT_REVIEW_M1_SKILL_01"",""OB_REVIEW_HM_01_EV_APP0186_DOCUMENT_SCREEN_DOCUMENT_REVIEW_M1_SKILL_01"",""OB_REVIEW_ML_01_EV_APP0186_DOCUMENT_SCREEN_DOCUMENT_REVIEW_M1_SKILL_04"",""OB_REVIEW_HM_01_EV_APP0186_DOCUMENT_SCREEN_DOCUMENT_REVIEW_M1_SKILL_04"",""OB_REVIEW_ML_01_EV_APP0186_DOCUMENT_SCREEN_DOCUMENT_REVIEW_M1_SKILL_05"",""OB_REVIEW_HM_01_EV_APP0186_DOCUMENT_SCREEN_DOCUMENT_REVIEW_M1_SKILL_05"",""OB_REVIEW_ML_01_EV_APP0186_DOCUMENT_SCREEN_DOCUMENT_REVIEW_M1_SKILL_06"",""OB_REVIEW_HM_01_EV_APP0186_DOCUMENT_SCREEN_DOCUMENT_REVIEW_M1_SKILL_06"",""OB_REVIEW_ML_01_EV_APP0186_DOCUMENT_SCREEN_DOCUMENT_REVIEW_M1_SKILL_08"",""OB_REVIEW_HM_01_EV_APP0186_DOCUMENT_SCREEN_DOCUMENT_REVIEW_M1_SKILL_08""],""stage"":""DOCUMENT_SCREEN""}"
APP0205_DOCUMENT_SCREEN,APP0205,C0205,DOCUMENT_SCREEN,2026-10-25T12:24:00+09:00,,,2026-10-25T12:24:00+09:00,2026-10-31T12:39:00+09:00,2026-11-02T12:39:00+09:00,,ADVANCED,EVIDENCE_CANDIDATES_FOUND,,SYNTHETIC_HUMAN_SCENARIO,"{""criterion"":""NO_VERIFIED_PUBLIC_REQUIREMENT_VIOLATION"",""evidence_candidate_refs"":[""EV_APP0205_DOCUMENT_SCREEN_DOCUMENT_REVIEW_M1_SKILL_01"",""EV_APP0205_DOCUMENT_SCREEN_DOCUMENT_REVIEW_M1_SKILL_04"",""EV_APP0205_DOCUMENT_SCREEN_DOCUMENT_REVIEW_M1_SKILL_05"",""EV_APP0205_DOCUMENT_SCREEN_DOCUMENT_REVIEW_M1_SKILL_06"",""EV_APP0205_DOCUMENT_SCREEN_DOCUMENT_REVIEW_M1_SKILL_08""],""follow_up_skills"":[""M1_SKILL_01"",""M1_SKILL_04"",""M1_SKILL_05"",""M1_SKILL_06"",""M1_SKILL_08""],""human_rationale"":""공개 기본요건의 검증된 위반 없음. 자기기술을 후속검증 질문으로 전달하며 Skill을 확정하지 않는다."",""observation_refs"":[""OB_REVIEW_ML_01_EV_APP0205_DOCUMENT_SCREEN_DOCUMENT_REVIEW_M1_SKILL_01"",""OB_REVIEW_HM_01_EV_APP0205_DOCUMENT_SCREEN_DOCUMENT_REVIEW_M1_SKILL_01"",""OB_REVIEW_ML_01_EV_APP0205_DOCUMENT_SCREEN_DOCUMENT_REVIEW_M1_SKILL_04"",""OB_REVIEW_HM_01_EV_APP0205_DOCUMENT_SCREEN_DOCUMENT_REVIEW_M1_SKILL_04"",""OB_REVIEW_ML_01_EV_APP0205_DOCUMENT_SCREEN_DOCUMENT_REVIEW_M1_SKILL_05"",""OB_REVIEW_HM_01_EV_APP0205_DOCUMENT_SCREEN_DOCUMENT_REVIEW_M1_SKILL_05"",""OB_REVIEW_ML_01_EV_APP0205_DOCUMENT_SCREEN_DOCUMENT_REVIEW_M1_SKILL_06"",""OB_REVIEW_HM_01_EV_APP0205_DOCUMENT_SCREEN_DOCUMENT_REVIEW_M1_SKILL_06"",""OB_REVIEW_ML_01_EV_APP0205_DOCUMENT_SCREEN_DOCUMENT_REVIEW_M1_SKILL_08"",""OB_REVIEW_HM_01_EV_APP0205_DOCUMENT_SCREEN_DOCUMENT_REVIEW_M1_SKILL_08""],""stage"":""DOCUMENT_SCREEN""}"
APP0104_DOCUMENT_SCREEN,APP0104,C0104,DOCUMENT_SCREEN,2026-10-25T13:41:00+09:00,,,2026-10-25T13:41:00+09:00,2026-11-04T14:01:00+09:00,2026-11-05T14:01:00+09:00,,ADVANCED,EVIDENCE_CANDIDATES_FOUND,,SYNTHETIC_HUMAN_SCENARIO,"{""criterion"":""NO_VERIFIED_PUBLIC_REQUIREMENT_VIOLATION"",""evidence_candidate_refs"":[""EV_APP0104_DOCUMENT_SCREEN_DOCUMENT_REVIEW_M1_SKILL_01"",""EV_APP0104_DOCUMENT_SCREEN_DOCUMENT_REVIEW_M1_SKILL_04"",""EV_APP0104_DOCUMENT_SCREEN_DOCUMENT_REVIEW_M1_SKILL_05"",""EV_APP0104_DOCUMENT_SCREEN_DOCUMENT_REVIEW_M1_SKILL_06"",""EV_APP0104_DOCUMENT_SCREEN_DOCUMENT_REVIEW_M1_SKILL_08""],""follow_up_skills"":[""M1_SKILL_01"",""M1_SKILL_04"",""M1_SKILL_05"",""M1_SKILL_06"",""M1_SKILL_08""],""human_rationale"":""공개 기본요건의 검증된 위반 없음. 자기기술을 후속검증 질문으로 전달하며 Skill을 확정하지 않는다."",""observation_refs"":[""OB_REVIEW_ML_01_EV_APP0104_DOCUMENT_SCREEN_DOCUMENT_REVIEW_M1_SKILL_01"",""OB_REVIEW_HM_01_EV_APP0104_DOCUMENT_SCREEN_DOCUMENT_REVIEW_M1_SKILL_01"",""OB_REVIEW_ML_01_EV_APP0104_DOCUMENT_SCREEN_DOCUMENT_REVIEW_M1_SKILL_04"",""OB_REVIEW_HM_01_EV_APP0104_DOCUMENT_SCREEN_DOCUMENT_REVIEW_M1_SKILL_04"",""OB_REVIEW_ML_01_EV_APP0104_DOCUMENT_SCREEN_DOCUMENT_REVIEW_M1_SKILL_05"",""OB_REVIEW_HM_01_EV_APP0104_DOCUMENT_SCREEN_DOCUMENT_REVIEW_M1_SKILL_05"",""OB_REVIEW_ML_01_EV_APP0104_DOCUMENT_SCREEN_DOCUMENT_REVIEW_M1_SKILL_06"",""OB_REVIEW_HM_01_EV_APP0104_DOCUMENT_SCREEN_DOCUMENT_REVIEW_M1_SKILL_06"",""OB_REVIEW_ML_01_EV_APP0104_DOCUMENT_SCREEN_DOCUMENT_REVIEW_M1_SKILL_08"",""OB_REVIEW_HM_01_EV_APP0104_DOCUMENT_SCREEN_DOCUMENT_REVIEW_M1_SKILL_08""],""stage"":""DOCUMENT_SCREEN""}"
APP0099_DOCUMENT_SCREEN,APP0099,C0099,DOCUMENT_SCREEN,2026-10-25T14:14:00+09:00,,,2026-10-25T14:14:00+09:00,2026-10-30T14:29:00+09:00,2026-10-31T14:29:00+09:00,,ADVANCED,EVIDENCE_CANDIDATES_FOUND,,SYNTHETIC_HUMAN_SCENARIO,"{""criterion"":""NO_VERIFIED_PUBLIC_REQUIREMENT_VIOLATION"",""evidence_candidate_refs"":[""EV_APP0099_DOCUMENT_SCREEN_DOCUMENT_REVIEW_M1_SKILL_01"",""EV_APP0099_DOCUMENT_SCREEN_DOCUMENT_REVIEW_M1_SKILL_04"",""EV_APP0099_DOCUMENT_SCREEN_DOCUMENT_REVIEW_M1_SKILL_05"",""EV_APP0099_DOCUMENT_SCREEN_DOCUMENT_REVIEW_M1_SKILL_06"",""EV_APP0099_DOCUMENT_SCREEN_DOCUMENT_REVIEW_M1_SKILL_08""],""follow_up_skills"":[""M1_SKILL_01"",""M1_SKILL_04"",""M1_SKILL_05"",""M1_SKILL_06"",""M1_SKILL_08""],""human_rationale"":""공개 기본요건의 검증된 위반 없음. 자기기술을 후속검증 질문으로 전달하며 Skill을 확정하지 않는다."",""observation_refs"":[""OB_REVIEW_ML_01_EV_APP0099_DOCUMENT_SCREEN_DOCUMENT_REVIEW_M1_SKILL_01"",""OB_REVIEW_HM_01_EV_APP0099_DOCUMENT_SCREEN_DOCUMENT_REVIEW_M1_SKILL_01"",""OB_REVIEW_ML_01_EV_APP0099_DOCUMENT_SCREEN_DOCUMENT_REVIEW_M1_SKILL_04"",""OB_REVIEW_HM_01_EV_APP0099_DOCUMENT_SCREEN_DOCUMENT_REVIEW_M1_SKILL_04"",""OB_REVIEW_ML_01_EV_APP0099_DOCUMENT_SCREEN_DOCUMENT_REVIEW_M1_SKILL_05"",""OB_REVIEW_HM_01_EV_APP0099_DOCUMENT_SCREEN_DOCUMENT_REVIEW_M1_SKILL_05"",""OB_REVIEW_ML_01_EV_APP0099_DOCUMENT_SCREEN_DOCUMENT_REVIEW_M1_SKILL_06"",""OB_REVIEW_HM_01_EV_APP0099_DOCUMENT_SCREEN_DOCUMENT_REVIEW_M1_SKILL_06"",""OB_REVIEW_ML_01_EV_APP0099_DOCUMENT_SCREEN_DOCUMENT_REVIEW_M1_SKILL_08"",""OB_REVIEW_HM_01_EV_APP0099_DOCUMENT_SCREEN_DOCUMENT_REVIEW_M1_SKILL_08""],""stage"":""DOCUMENT_SCREEN""}"
APP0209_DOCUMENT_SCREEN,APP0209,C0209,DOCUMENT_SCREEN,2026-10-25T14:42:00+09:00,,,2026-10-25T14:42:00+09:00,2026-10-30T15:02:00+09:00,2026-10-30T15:02:00+09:00,,ADVANCED,EVIDENCE_CANDIDATES_FOUND,,SYNTHETIC_HUMAN_SCENARIO,"{""criterion"":""NO_VERIFIED_PUBLIC_REQUIREMENT_VIOLATION"",""evidence_candidate_refs"":[""EV_APP0209_DOCUMENT_SCREEN_DOCUMENT_REVIEW_M1_SKILL_01"",""EV_APP0209_DOCUMENT_SCREEN_DOCUMENT_REVIEW_M1_SKILL_04"",""EV_APP0209_DOCUMENT_SCREEN_DOCUMENT_REVIEW_M1_SKILL_05"",""EV_APP0209_DOCUMENT_SCREEN_DOCUMENT_REVIEW_M1_SKILL_06"",""EV_APP0209_DOCUMENT_SCREEN_DOCUMENT_REVIEW_M1_SKILL_08""],""follow_up_skills"":[""M1_SKILL_01"",""M1_SKILL_04"",""M1_SKILL_05"",""M1_SKILL_06"",""M1_SKILL_08""],""human_rationale"":""공개 기본요건의 검증된 위반 없음. 자기기술을 후속검증 질문으로 전달하며 Skill을 확정하지 않는다."",""observation_refs"":[""OB_REVIEW_ML_01_EV_APP0209_DOCUMENT_SCREEN_DOCUMENT_REVIEW_M1_SKILL_01"",""OB_REVIEW_HM_01_EV_APP0209_DOCUMENT_SCREEN_DOCUMENT_REVIEW_M1_SKILL_01"",""OB_REVIEW_ML_01_EV_APP0209_DOCUMENT_SCREEN_DOCUMENT_REVIEW_M1_SKILL_04"",""OB_REVIEW_HM_01_EV_APP0209_DOCUMENT_SCREEN_DOCUMENT_REVIEW_M1_SKILL_04"",""OB_REVIEW_ML_01_EV_APP0209_DOCUMENT_SCREEN_DOCUMENT_REVIEW_M1_SKILL_05"",""OB_REVIEW_HM_01_EV_APP0209_DOCUMENT_SCREEN_DOCUMENT_REVIEW_M1_SKILL_05"",""OB_REVIEW_ML_01_EV_APP0209_DOCUMENT_SCREEN_DOCUMENT_REVIEW_M1_SKILL_06"",""OB_REVIEW_HM_01_EV_APP0209_DOCUMENT_SCREEN_DOCUMENT_REVIEW_M1_SKILL_06"",""OB_REVIEW_ML_01_EV_APP0209_DOCUMENT_SCREEN_DOCUMENT_REVIEW_M1_SKILL_08"",""OB_REVIEW_HM_01_EV_APP0209_DOCUMENT_SCREEN_DOCUMENT_REVIEW_M1_SKILL_08""],""stage"":""DOCUMENT_SCREEN""}"
APP0185_DOCUMENT_SCREEN,APP0185,C0185,DOCUMENT_SCREEN,2026-10-25T14:48:00+09:00,,,2026-10-25T14:48:00+09:00,2026-11-02T15:22:00+09:00,2026-11-03T15:22:00+09:00,,ADVANCED,EVIDENCE_CANDIDATES_FOUND,,SYNTHETIC_HUMAN_SCENARIO,"{""criterion"":""NO_VERIFIED_PUBLIC_REQUIREMENT_VIOLATION"",""evidence_candidate_refs"":[""EV_APP0185_DOCUMENT_SCREEN_DOCUMENT_REVIEW_M1_SKILL_01"",""EV_APP0185_DOCUMENT_SCREEN_DOCUMENT_REVIEW_M1_SKILL_04"",""EV_APP0185_DOCUMENT_SCREEN_DOCUMENT_REVIEW_M1_SKILL_05"",""EV_APP0185_DOCUMENT_SCREEN_DOCUMENT_REVIEW_M1_SKILL_06"",""EV_APP0185_DOCUMENT_SCREEN_DOCUMENT_REVIEW_M1_SKILL_08""],""follow_up_skills"":[""M1_SKILL_01"",""M1_SKILL_04"",""M1_SKILL_05"",""M1_SKILL_06"",""M1_SKILL_08""],""human_rationale"":""공개 기본요건의 검증된 위반 없음. 자기기술을 후속검증 질문으로 전달하며 Skill을 확정하지 않는다."",""observation_refs"":[""OB_REVIEW_ML_01_EV_APP0185_DOCUMENT_SCREEN_DOCUMENT_REVIEW_M1_SKILL_01"",""OB_REVIEW_HM_01_EV_APP0185_DOCUMENT_SCREEN_DOCUMENT_REVIEW_M1_SKILL_01"",""OB_REVIEW_ML_01_EV_APP0185_DOCUMENT_SCREEN_DOCUMENT_REVIEW_M1_SKILL_04"",""OB_REVIEW_HM_01_EV_APP0185_DOCUMENT_SCREEN_DOCUMENT_REVIEW_M1_SKILL_04"",""OB_REVIEW_ML_01_EV_APP0185_DOCUMENT_SCREEN_DOCUMENT_REVIEW_M1_SKILL_05"",""OB_REVIEW_HM_01_EV_APP0185_DOCUMENT_SCREEN_DOCUMENT_REVIEW_M1_SKILL_05"",""OB_REVIEW_ML_01_EV_APP0185_DOCUMENT_SCREEN_DOCUMENT_REVIEW_M1_SKILL_06"",""OB_REVIEW_HM_01_EV_APP0185_DOCUMENT_SCREEN_DOCUMENT_REVIEW_M1_SKILL_06"",""OB_REVIEW_ML_01_EV_APP0185_DOCUMENT_SCREEN_DOCUMENT_REVIEW_M1_SKILL_08"",""OB_REVIEW_HM_01_EV_APP0185_DOCUMENT_SCREEN_DOCUMENT_REVIEW_M1_SKILL_08""],""stage"":""DOCUMENT_SCREEN""}"
APP0196_DOCUMENT_SCREEN,APP0196,C0196,DOCUMENT_SCREEN,2026-10-25T14:54:00+09:00,,,2026-10-25T14:54:00+09:00,2026-10-31T15:42:00+09:00,2026-11-02T15:42:00+09:00,,ADVANCED,EVIDENCE_CANDIDATES_FOUND,,SYNTHETIC_HUMAN_SCENARIO,"{""criterion"":""NO_VERIFIED_PUBLIC_REQUIREMENT_VIOLATION"",""evidence_candidate_refs"":[""EV_APP0196_DOCUMENT_SCREEN_DOCUMENT_REVIEW_M1_SKILL_01"",""EV_APP0196_DOCUMENT_SCREEN_DOCUMENT_REVIEW_M1_SKILL_04"",""EV_APP0196_DOCUMENT_SCREEN_DOCUMENT_REVIEW_M1_SKILL_05"",""EV_APP0196_DOCUMENT_SCREEN_DOCUMENT_REVIEW_M1_SKILL_06"",""EV_APP0196_DOCUMENT_SCREEN_DOCUMENT_REVIEW_M1_SKILL_08""],""follow_up_skills"":[""M1_SKILL_01"",""M1_SKILL_04"",""M1_SKILL_05"",""M1_SKILL_06"",""M1_SKILL_08""],""human_rationale"":""공개 기본요건의 검증된 위반 없음. 자기기술을 후속검증 질문으로 전달하며 Skill을 확정하지 않는다."",""observation_refs"":[""OB_REVIEW_ML_01_EV_APP0196_DOCUMENT_SCREEN_DOCUMENT_REVIEW_M1_SKILL_01"",""OB_REVIEW_HM_01_EV_APP0196_DOCUMENT_SCREEN_DOCUMENT_REVIEW_M1_SKILL_01"",""OB_REVIEW_ML_01_EV_APP0196_DOCUMENT_SCREEN_DOCUMENT_REVIEW_M1_SKILL_04"",""OB_REVIEW_HM_01_EV_APP0196_DOCUMENT_SCREEN_DOCUMENT_REVIEW_M1_SKILL_04"",""OB_REVIEW_ML_01_EV_APP0196_DOCUMENT_SCREEN_DOCUMENT_REVIEW_M1_SKILL_05"",""OB_REVIEW_HM_01_EV_APP0196_DOCUMENT_SCREEN_DOCUMENT_REVIEW_M1_SKILL_05"",""OB_REVIEW_ML_01_EV_APP0196_DOCUMENT_SCREEN_DOCUMENT_REVIEW_M1_SKILL_06"",""OB_REVIEW_HM_01_EV_APP0196_DOCUMENT_SCREEN_DOCUMENT_REVIEW_M1_SKILL_06"",""OB_REVIEW_ML_01_EV_APP0196_DOCUMENT_SCREEN_DOCUMENT_REVIEW_M1_SKILL_08"",""OB_REVIEW_HM_01_EV_APP0196_DOCUMENT_SCREEN_DOCUMENT_REVIEW_M1_SKILL_08""],""stage"":""DOCUMENT_SCREEN""}"
APP0190_DOCUMENT_SCREEN,APP0190,C0190,DOCUMENT_SCREEN,2026-10-25T15:59:00+09:00,,,2026-10-25T15:59:00+09:00,2026-11-04T16:14:00+09:00,2026-11-05T16:14:00+09:00,,ADVANCED,EVIDENCE_CANDIDATES_FOUND,,SYNTHETIC_HUMAN_SCENARIO,"{""criterion"":""NO_VERIFIED_PUBLIC_REQUIREMENT_VIOLATION"",""evidence_candidate_refs"":[""EV_APP0190_DOCUMENT_SCREEN_DOCUMENT_REVIEW_M1_SKILL_01"",""EV_APP0190_DOCUMENT_SCREEN_DOCUMENT_REVIEW_M1_SKILL_04"",""EV_APP0190_DOCUMENT_SCREEN_DOCUMENT_REVIEW_M1_SKILL_05"",""EV_APP0190_DOCUMENT_SCREEN_DOCUMENT_REVIEW_M1_SKILL_06"",""EV_APP0190_DOCUMENT_SCREEN_DOCUMENT_REVIEW_M1_SKILL_08""],""follow_up_skills"":[""M1_SKILL_01"",""M1_SKILL_04"",""M1_SKILL_05"",""M1_SKILL_06"",""M1_SKILL_08""],""human_rationale"":""공개 기본요건의 검증된 위반 없음. 자기기술을 후속검증 질문으로 전달하며 Skill을 확정하지 않는다."",""observation_refs"":[""OB_REVIEW_ML_01_EV_APP0190_DOCUMENT_SCREEN_DOCUMENT_REVIEW_M1_SKILL_01"",""OB_REVIEW_HM_01_EV_APP0190_DOCUMENT_SCREEN_DOCUMENT_REVIEW_M1_SKILL_01"",""OB_REVIEW_ML_01_EV_APP0190_DOCUMENT_SCREEN_DOCUMENT_REVIEW_M1_SKILL_04"",""OB_REVIEW_HM_01_EV_APP0190_DOCUMENT_SCREEN_DOCUMENT_REVIEW_M1_SKILL_04"",""OB_REVIEW_ML_01_EV_APP0190_DOCUMENT_SCREEN_DOCUMENT_REVIEW_M1_SKILL_05"",""OB_REVIEW_HM_01_EV_APP0190_DOCUMENT_SCREEN_DOCUMENT_REVIEW_M1_SKILL_05"",""OB_REVIEW_ML_01_EV_APP0190_DOCUMENT_SCREEN_DOCUMENT_REVIEW_M1_SKILL_06"",""OB_REVIEW_HM_01_EV_APP0190_DOCUMENT_SCREEN_DOCUMENT_REVIEW_M1_SKILL_06"",""OB_REVIEW_ML_01_EV_APP0190_DOCUMENT_SCREEN_DOCUMENT_REVIEW_M1_SKILL_08"",""OB_REVIEW_HM_01_EV_APP0190_DOCUMENT_SCREEN_DOCUMENT_REVIEW_M1_SKILL_08""],""stage"":""DOCUMENT_SCREEN""}"
APP0199_DOCUMENT_SCREEN,APP0199,C0199,DOCUMENT_SCREEN,2026-10-25T15:59:00+09:00,,,2026-10-25T15:59:00+09:00,2026-10-29T17:45:00+09:00,2026-10-31T17:45:00+09:00,,ADVANCED,EVIDENCE_CANDIDATES_FOUND,,SYNTHETIC_HUMAN_SCENARIO,"{""criterion"":""NO_VERIFIED_PUBLIC_REQUIREMENT_VIOLATION"",""evidence_candidate_refs"":[""EV_APP0199_DOCUMENT_SCREEN_DOCUMENT_REVIEW_M1_SKILL_01"",""EV_APP0199_DOCUMENT_SCREEN_DOCUMENT_REVIEW_M1_SKILL_04"",""EV_APP0199_DOCUMENT_SCREEN_DOCUMENT_REVIEW_M1_SKILL_05"",""EV_APP0199_DOCUMENT_SCREEN_DOCUMENT_REVIEW_M1_SKILL_06"",""EV_APP0199_DOCUMENT_SCREEN_DOCUMENT_REVIEW_M1_SKILL_08""],""follow_up_skills"":[""M1_SKILL_01"",""M1_SKILL_04"",""M1_SKILL_05"",""M1_SKILL_06"",""M1_SKILL_08""],""human_rationale"":""공개 기본요건의 검증된 위반 없음. 자기기술을 후속검증 질문으로 전달하며 Skill을 확정하지 않는다."",""observation_refs"":[""OB_REVIEW_ML_01_EV_APP0199_DOCUMENT_SCREEN_DOCUMENT_REVIEW_M1_SKILL_01"",""OB_REVIEW_HM_01_EV_APP0199_DOCUMENT_SCREEN_DOCUMENT_REVIEW_M1_SKILL_01"",""OB_REVIEW_ML_01_EV_APP0199_DOCUMENT_SCREEN_DOCUMENT_REVIEW_M1_SKILL_04"",""OB_REVIEW_HM_01_EV_APP0199_DOCUMENT_SCREEN_DOCUMENT_REVIEW_M1_SKILL_04"",""OB_REVIEW_ML_01_EV_APP0199_DOCUMENT_SCREEN_DOCUMENT_REVIEW_M1_SKILL_05"",""OB_REVIEW_HM_01_EV_APP0199_DOCUMENT_SCREEN_DOCUMENT_REVIEW_M1_SKILL_05"",""OB_REVIEW_ML_01_EV_APP0199_DOCUMENT_SCREEN_DOCUMENT_REVIEW_M1_SKILL_06"",""OB_REVIEW_HM_01_EV_APP0199_DOCUMENT_SCREEN_DOCUMENT_REVIEW_M1_SKILL_06"",""OB_REVIEW_ML_01_EV_APP0199_DOCUMENT_SCREEN_DOCUMENT_REVIEW_M1_SKILL_08"",""OB_REVIEW_HM_01_EV_APP0199_DOCUMENT_SCREEN_DOCUMENT_REVIEW_M1_SKILL_08""],""stage"":""DOCUMENT_SCREEN""}"
APP0091_DOCUMENT_SCREEN,APP0091,C0091,DOCUMENT_SCREEN,2026-10-25T16:02:00+09:00,,,2026-10-25T16:02:00+09:00,2026-10-30T16:17:00+09:00,2026-11-01T16:17:00+09:00,,ADVANCED,EVIDENCE_CANDIDATES_FOUND,,SYNTHETIC_HUMAN_SCENARIO,"{""criterion"":""NO_VERIFIED_PUBLIC_REQUIREMENT_VIOLATION"",""evidence_candidate_refs"":[""EV_APP0091_DOCUMENT_SCREEN_DOCUMENT_REVIEW_M1_SKILL_01"",""EV_APP0091_DOCUMENT_SCREEN_DOCUMENT_REVIEW_M1_SKILL_04"",""EV_APP0091_DOCUMENT_SCREEN_DOCUMENT_REVIEW_M1_SKILL_05"",""EV_APP0091_DOCUMENT_SCREEN_DOCUMENT_REVIEW_M1_SKILL_06"",""EV_APP0091_DOCUMENT_SCREEN_DOCUMENT_REVIEW_M1_SKILL_08""],""follow_up_skills"":[""M1_SKILL_01"",""M1_SKILL_04"",""M1_SKILL_05"",""M1_SKILL_06"",""M1_SKILL_08""],""human_rationale"":""공개 기본요건의 검증된 위반 없음. 자기기술을 후속검증 질문으로 전달하며 Skill을 확정하지 않는다."",""observation_refs"":[""OB_REVIEW_ML_01_EV_APP0091_DOCUMENT_SCREEN_DOCUMENT_REVIEW_M1_SKILL_01"",""OB_REVIEW_HM_01_EV_APP0091_DOCUMENT_SCREEN_DOCUMENT_REVIEW_M1_SKILL_01"",""OB_REVIEW_ML_01_EV_APP0091_DOCUMENT_SCREEN_DOCUMENT_REVIEW_M1_SKILL_04"",""OB_REVIEW_HM_01_EV_APP0091_DOCUMENT_SCREEN_DOCUMENT_REVIEW_M1_SKILL_04"",""OB_REVIEW_ML_01_EV_APP0091_DOCUMENT_SCREEN_DOCUMENT_REVIEW_M1_SKILL_05"",""OB_REVIEW_HM_01_EV_APP0091_DOCUMENT_SCREEN_DOCUMENT_REVIEW_M1_SKILL_05"",""OB_REVIEW_ML_01_EV_APP0091_DOCUMENT_SCREEN_DOCUMENT_REVIEW_M1_SKILL_06"",""OB_REVIEW_HM_01_EV_APP0091_DOCUMENT_SCREEN_DOCUMENT_REVIEW_M1_SKILL_06"",""OB_REVIEW_ML_01_EV_APP0091_DOCUMENT_SCREEN_DOCUMENT_REVIEW_M1_SKILL_08"",""OB_REVIEW_HM_01_EV_APP0091_DOCUMENT_SCREEN_DOCUMENT_REVIEW_M1_SKILL_08""],""stage"":""DOCUMENT_SCREEN""}"
APP0159_DOCUMENT_SCREEN,APP0159,C0159,DOCUMENT_SCREEN,2026-10-26T09:27:00+09:00,,,2026-10-26T09:27:00+09:00,2026-10-30T09:58:00+09:00,2026-10-30T09:58:00+09:00,,ADVANCED,EVIDENCE_CANDIDATES_FOUND,,SYNTHETIC_HUMAN_SCENARIO,"{""criterion"":""NO_VERIFIED_PUBLIC_REQUIREMENT_VIOLATION"",""evidence_candidate_refs"":[""EV_APP0159_DOCUMENT_SCREEN_DOCUMENT_REVIEW_M1_SKILL_01"",""EV_APP0159_DOCUMENT_SCREEN_DOCUMENT_REVIEW_M1_SKILL_04"",""EV_APP0159_DOCUMENT_SCREEN_DOCUMENT_REVIEW_M1_SKILL_05"",""EV_APP0159_DOCUMENT_SCREEN_DOCUMENT_REVIEW_M1_SKILL_06"",""EV_APP0159_DOCUMENT_SCREEN_DOCUMENT_REVIEW_M1_SKILL_08""],""follow_up_skills"":[""M1_SKILL_01"",""M1_SKILL_04"",""M1_SKILL_05"",""M1_SKILL_06"",""M1_SKILL_08""],""human_rationale"":""공개 기본요건의 검증된 위반 없음. 자기기술을 후속검증 질문으로 전달하며 Skill을 확정하지 않는다."",""observation_refs"":[""OB_REVIEW_ML_01_EV_APP0159_DOCUMENT_SCREEN_DOCUMENT_REVIEW_M1_SKILL_01"",""OB_REVIEW_HM_01_EV_APP0159_DOCUMENT_SCREEN_DOCUMENT_REVIEW_M1_SKILL_01"",""OB_REVIEW_ML_01_EV_APP0159_DOCUMENT_SCREEN_DOCUMENT_REVIEW_M1_SKILL_04"",""OB_REVIEW_HM_01_EV_APP0159_DOCUMENT_SCREEN_DOCUMENT_REVIEW_M1_SKILL_04"",""OB_REVIEW_ML_01_EV_APP0159_DOCUMENT_SCREEN_DOCUMENT_REVIEW_M1_SKILL_05"",""OB_REVIEW_HM_01_EV_APP0159_DOCUMENT_SCREEN_DOCUMENT_REVIEW_M1_SKILL_05"",""OB_REVIEW_ML_01_EV_APP0159_DOCUMENT_SCREEN_DOCUMENT_REVIEW_M1_SKILL_06"",""OB_REVIEW_HM_01_EV_APP0159_DOCUMENT_SCREEN_DOCUMENT_REVIEW_M1_SKILL_06"",""OB_REVIEW_ML_01_EV_APP0159_DOCUMENT_SCREEN_DOCUMENT_REVIEW_M1_SKILL_08"",""OB_REVIEW_HM_01_EV_APP0159_DOCUMENT_SCREEN_DOCUMENT_REVIEW_M1_SKILL_08""],""stage"":""DOCUMENT_SCREEN""}"
APP0120_DOCUMENT_SCREEN,APP0120,C0120,DOCUMENT_SCREEN,2026-10-26T10:07:00+09:00,,,2026-10-26T10:07:00+09:00,2026-11-03T10:32:00+09:00,2026-11-03T10:32:00+09:00,,ADVANCED,EVIDENCE_CANDIDATES_FOUND,,SYNTHETIC_HUMAN_SCENARIO,"{""criterion"":""NO_VERIFIED_PUBLIC_REQUIREMENT_VIOLATION"",""evidence_candidate_refs"":[""EV_APP0120_DOCUMENT_SCREEN_DOCUMENT_REVIEW_M1_SKILL_01"",""EV_APP0120_DOCUMENT_SCREEN_DOCUMENT_REVIEW_M1_SKILL_04"",""EV_APP0120_DOCUMENT_SCREEN_DOCUMENT_REVIEW_M1_SKILL_05"",""EV_APP0120_DOCUMENT_SCREEN_DOCUMENT_REVIEW_M1_SKILL_06"",""EV_APP0120_DOCUMENT_SCREEN_DOCUMENT_REVIEW_M1_SKILL_08""],""follow_up_skills"":[""M1_SKILL_01"",""M1_SKILL_04"",""M1_SKILL_05"",""M1_SKILL_06"",""M1_SKILL_08""],""human_rationale"":""공개 기본요건의 검증된 위반 없음. 자기기술을 후속검증 질문으로 전달하며 Skill을 확정하지 않는다."",""observation_refs"":[""OB_REVIEW_ML_01_EV_APP0120_DOCUMENT_SCREEN_DOCUMENT_REVIEW_M1_SKILL_01"",""OB_REVIEW_HM_01_EV_APP0120_DOCUMENT_SCREEN_DOCUMENT_REVIEW_M1_SKILL_01"",""OB_REVIEW_ML_01_EV_APP0120_DOCUMENT_SCREEN_DOCUMENT_REVIEW_M1_SKILL_04"",""OB_REVIEW_HM_01_EV_APP0120_DOCUMENT_SCREEN_DOCUMENT_REVIEW_M1_SKILL_04"",""OB_REVIEW_ML_01_EV_APP0120_DOCUMENT_SCREEN_DOCUMENT_REVIEW_M1_SKILL_05"",""OB_REVIEW_HM_01_EV_APP0120_DOCUMENT_SCREEN_DOCUMENT_REVIEW_M1_SKILL_05"",""OB_REVIEW_ML_01_EV_APP0120_DOCUMENT_SCREEN_DOCUMENT_REVIEW_M1_SKILL_06"",""OB_REVIEW_HM_01_EV_APP0120_DOCUMENT_SCREEN_DOCUMENT_REVIEW_M1_SKILL_06"",""OB_REVIEW_ML_01_EV_APP0120_DOCUMENT_SCREEN_DOCUMENT_REVIEW_M1_SKILL_08"",""OB_REVIEW_HM_01_EV_APP0120_DOCUMENT_SCREEN_DOCUMENT_REVIEW_M1_SKILL_08""],""stage"":""DOCUMENT_SCREEN""}"
APP0216_DOCUMENT_SCREEN,APP0216,C0216,DOCUMENT_SCREEN,2026-10-26T10:14:00+09:00,,,2026-10-26T10:14:00+09:00,2026-10-31T10:51:00+09:00,2026-11-01T10:51:00+09:00,,ADVANCED,EVIDENCE_CANDIDATES_FOUND,,SYNTHETIC_HUMAN_SCENARIO,"{""criterion"":""NO_VERIFIED_PUBLIC_REQUIREMENT_VIOLATION"",""evidence_candidate_refs"":[""EV_APP0216_DOCUMENT_SCREEN_DOCUMENT_REVIEW_M1_SKILL_01"",""EV_APP0216_DOCUMENT_SCREEN_DOCUMENT_REVIEW_M1_SKILL_04"",""EV_APP0216_DOCUMENT_SCREEN_DOCUMENT_REVIEW_M1_SKILL_05"",""EV_APP0216_DOCUMENT_SCREEN_DOCUMENT_REVIEW_M1_SKILL_06"",""EV_APP0216_DOCUMENT_SCREEN_DOCUMENT_REVIEW_M1_SKILL_08""],""follow_up_skills"":[""M1_SKILL_01"",""M1_SKILL_04"",""M1_SKILL_05"",""M1_SKILL_06"",""M1_SKILL_08""],""human_rationale"":""공개 기본요건의 검증된 위반 없음. 자기기술을 후속검증 질문으로 전달하며 Skill을 확정하지 않는다."",""observation_refs"":[""OB_REVIEW_ML_01_EV_APP0216_DOCUMENT_SCREEN_DOCUMENT_REVIEW_M1_SKILL_01"",""OB_REVIEW_HM_01_EV_APP0216_DOCUMENT_SCREEN_DOCUMENT_REVIEW_M1_SKILL_01"",""OB_REVIEW_ML_01_EV_APP0216_DOCUMENT_SCREEN_DOCUMENT_REVIEW_M1_SKILL_04"",""OB_REVIEW_HM_01_EV_APP0216_DOCUMENT_SCREEN_DOCUMENT_REVIEW_M1_SKILL_04"",""OB_REVIEW_ML_01_EV_APP0216_DOCUMENT_SCREEN_DOCUMENT_REVIEW_M1_SKILL_05"",""OB_REVIEW_HM_01_EV_APP0216_DOCUMENT_SCREEN_DOCUMENT_REVIEW_M1_SKILL_05"",""OB_REVIEW_ML_01_EV_APP0216_DOCUMENT_SCREEN_DOCUMENT_REVIEW_M1_SKILL_06"",""OB_REVIEW_HM_01_EV_APP0216_DOCUMENT_SCREEN_DOCUMENT_REVIEW_M1_SKILL_06"",""OB_REVIEW_ML_01_EV_APP0216_DOCUMENT_SCREEN_DOCUMENT_REVIEW_M1_SKILL_08"",""OB_REVIEW_HM_01_EV_APP0216_DOCUMENT_SCREEN_DOCUMENT_REVIEW_M1_SKILL_08""],""stage"":""DOCUMENT_SCREEN""}"
APP0220_DOCUMENT_SCREEN,APP0220,C0220,DOCUMENT_SCREEN,2026-10-26T10:16:00+09:00,,,2026-10-26T10:16:00+09:00,2026-10-31T11:35:00+09:00,2026-10-31T11:35:00+09:00,,ADVANCED,EVIDENCE_CANDIDATES_FOUND,,SYNTHETIC_HUMAN_SCENARIO,"{""criterion"":""NO_VERIFIED_PUBLIC_REQUIREMENT_VIOLATION"",""evidence_candidate_refs"":[""EV_APP0220_DOCUMENT_SCREEN_DOCUMENT_REVIEW_M1_SKILL_01"",""EV_APP0220_DOCUMENT_SCREEN_DOCUMENT_REVIEW_M1_SKILL_04"",""EV_APP0220_DOCUMENT_SCREEN_DOCUMENT_REVIEW_M1_SKILL_05"",""EV_APP0220_DOCUMENT_SCREEN_DOCUMENT_REVIEW_M1_SKILL_06"",""EV_APP0220_DOCUMENT_SCREEN_DOCUMENT_REVIEW_M1_SKILL_08""],""follow_up_skills"":[""M1_SKILL_01"",""M1_SKILL_04"",""M1_SKILL_05"",""M1_SKILL_06"",""M1_SKILL_08""],""human_rationale"":""공개 기본요건의 검증된 위반 없음. 자기기술을 후속검증 질문으로 전달하며 Skill을 확정하지 않는다."",""observation_refs"":[""OB_REVIEW_ML_01_EV_APP0220_DOCUMENT_SCREEN_DOCUMENT_REVIEW_M1_SKILL_01"",""OB_REVIEW_HM_01_EV_APP0220_DOCUMENT_SCREEN_DOCUMENT_REVIEW_M1_SKILL_01"",""OB_REVIEW_ML_01_EV_APP0220_DOCUMENT_SCREEN_DOCUMENT_REVIEW_M1_SKILL_04"",""OB_REVIEW_HM_01_EV_APP0220_DOCUMENT_SCREEN_DOCUMENT_REVIEW_M1_SKILL_04"",""OB_REVIEW_ML_01_EV_APP0220_DOCUMENT_SCREEN_DOCUMENT_REVIEW_M1_SKILL_05"",""OB_REVIEW_HM_01_EV_APP0220_DOCUMENT_SCREEN_DOCUMENT_REVIEW_M1_SKILL_05"",""OB_REVIEW_ML_01_EV_APP0220_DOCUMENT_SCREEN_DOCUMENT_REVIEW_M1_SKILL_06"",""OB_REVIEW_HM_01_EV_APP0220_DOCUMENT_SCREEN_DOCUMENT_REVIEW_M1_SKILL_06"",""OB_REVIEW_ML_01_EV_APP0220_DOCUMENT_SCREEN_DOCUMENT_REVIEW_M1_SKILL_08"",""OB_REVIEW_HM_01_EV_APP0220_DOCUMENT_SCREEN_DOCUMENT_REVIEW_M1_SKILL_08""],""stage"":""DOCUMENT_SCREEN""}"
APP0107_DOCUMENT_SCREEN,APP0107,C0107,DOCUMENT_SCREEN,2026-10-26T10:23:00+09:00,,,2026-10-26T10:23:00+09:00,2026-10-31T11:50:00+09:00,2026-11-02T11:50:00+09:00,,ADVANCED,EVIDENCE_CANDIDATES_FOUND,,SYNTHETIC_HUMAN_SCENARIO,"{""criterion"":""NO_VERIFIED_PUBLIC_REQUIREMENT_VIOLATION"",""evidence_candidate_refs"":[""EV_APP0107_DOCUMENT_SCREEN_DOCUMENT_REVIEW_M1_SKILL_01"",""EV_APP0107_DOCUMENT_SCREEN_DOCUMENT_REVIEW_M1_SKILL_04"",""EV_APP0107_DOCUMENT_SCREEN_DOCUMENT_REVIEW_M1_SKILL_05"",""EV_APP0107_DOCUMENT_SCREEN_DOCUMENT_REVIEW_M1_SKILL_06"",""EV_APP0107_DOCUMENT_SCREEN_DOCUMENT_REVIEW_M1_SKILL_08""],""follow_up_skills"":[""M1_SKILL_01"",""M1_SKILL_04"",""M1_SKILL_05"",""M1_SKILL_06"",""M1_SKILL_08""],""human_rationale"":""공개 기본요건의 검증된 위반 없음. 자기기술을 후속검증 질문으로 전달하며 Skill을 확정하지 않는다."",""observation_refs"":[""OB_REVIEW_ML_01_EV_APP0107_DOCUMENT_SCREEN_DOCUMENT_REVIEW_M1_SKILL_01"",""OB_REVIEW_HM_01_EV_APP0107_DOCUMENT_SCREEN_DOCUMENT_REVIEW_M1_SKILL_01"",""OB_REVIEW_ML_01_EV_APP0107_DOCUMENT_SCREEN_DOCUMENT_REVIEW_M1_SKILL_04"",""OB_REVIEW_HM_01_EV_APP0107_DOCUMENT_SCREEN_DOCUMENT_REVIEW_M1_SKILL_04"",""OB_REVIEW_ML_01_EV_APP0107_DOCUMENT_SCREEN_DOCUMENT_REVIEW_M1_SKILL_05"",""OB_REVIEW_HM_01_EV_APP0107_DOCUMENT_SCREEN_DOCUMENT_REVIEW_M1_SKILL_05"",""OB_REVIEW_ML_01_EV_APP0107_DOCUMENT_SCREEN_DOCUMENT_REVIEW_M1_SKILL_06"",""OB_REVIEW_HM_01_EV_APP0107_DOCUMENT_SCREEN_DOCUMENT_REVIEW_M1_SKILL_06"",""OB_REVIEW_ML_01_EV_APP0107_DOCUMENT_SCREEN_DOCUMENT_REVIEW_M1_SKILL_08"",""OB_REVIEW_HM_01_EV_APP0107_DOCUMENT_SCREEN_DOCUMENT_REVIEW_M1_SKILL_08""],""stage"":""DOCUMENT_SCREEN""}"
APP0173_DOCUMENT_SCREEN,APP0173,C0173,DOCUMENT_SCREEN,2026-10-26T10:43:00+09:00,,,2026-10-26T10:43:00+09:00,2026-10-29T12:05:00+09:00,2026-10-31T12:05:00+09:00,,ADVANCED,EVIDENCE_CANDIDATES_FOUND,,SYNTHETIC_HUMAN_SCENARIO,"{""criterion"":""NO_VERIFIED_PUBLIC_REQUIREMENT_VIOLATION"",""evidence_candidate_refs"":[""EV_APP0173_DOCUMENT_SCREEN_DOCUMENT_REVIEW_M1_SKILL_01"",""EV_APP0173_DOCUMENT_SCREEN_DOCUMENT_REVIEW_M1_SKILL_04"",""EV_APP0173_DOCUMENT_SCREEN_DOCUMENT_REVIEW_M1_SKILL_05"",""EV_APP0173_DOCUMENT_SCREEN_DOCUMENT_REVIEW_M1_SKILL_06"",""EV_APP0173_DOCUMENT_SCREEN_DOCUMENT_REVIEW_M1_SKILL_08""],""follow_up_skills"":[""M1_SKILL_01"",""M1_SKILL_04"",""M1_SKILL_05"",""M1_SKILL_06"",""M1_SKILL_08""],""human_rationale"":""공개 기본요건의 검증된 위반 없음. 자기기술을 후속검증 질문으로 전달하며 Skill을 확정하지 않는다."",""observation_refs"":[""OB_REVIEW_ML_01_EV_APP0173_DOCUMENT_SCREEN_DOCUMENT_REVIEW_M1_SKILL_01"",""OB_REVIEW_HM_01_EV_APP0173_DOCUMENT_SCREEN_DOCUMENT_REVIEW_M1_SKILL_01"",""OB_REVIEW_ML_01_EV_APP0173_DOCUMENT_SCREEN_DOCUMENT_REVIEW_M1_SKILL_04"",""OB_REVIEW_HM_01_EV_APP0173_DOCUMENT_SCREEN_DOCUMENT_REVIEW_M1_SKILL_04"",""OB_REVIEW_ML_01_EV_APP0173_DOCUMENT_SCREEN_DOCUMENT_REVIEW_M1_SKILL_05"",""OB_REVIEW_HM_01_EV_APP0173_DOCUMENT_SCREEN_DOCUMENT_REVIEW_M1_SKILL_05"",""OB_REVIEW_ML_01_EV_APP0173_DOCUMENT_SCREEN_DOCUMENT_REVIEW_M1_SKILL_06"",""OB_REVIEW_HM_01_EV_APP0173_DOCUMENT_SCREEN_DOCUMENT_REVIEW_M1_SKILL_06"",""OB_REVIEW_ML_01_EV_APP0173_DOCUMENT_SCREEN_DOCUMENT_REVIEW_M1_SKILL_08"",""OB_REVIEW_HM_01_EV_APP0173_DOCUMENT_SCREEN_DOCUMENT_REVIEW_M1_SKILL_08""],""stage"":""DOCUMENT_SCREEN""}"
APP0219_DOCUMENT_SCREEN,APP0219,C0219,DOCUMENT_SCREEN,2026-10-26T11:41:00+09:00,,,2026-10-26T11:41:00+09:00,2026-10-29T12:20:00+09:00,2026-10-31T12:20:00+09:00,,ADVANCED,EVIDENCE_CANDIDATES_FOUND,,SYNTHETIC_HUMAN_SCENARIO,"{""criterion"":""NO_VERIFIED_PUBLIC_REQUIREMENT_VIOLATION"",""evidence_candidate_refs"":[""EV_APP0219_DOCUMENT_SCREEN_DOCUMENT_REVIEW_M1_SKILL_01"",""EV_APP0219_DOCUMENT_SCREEN_DOCUMENT_REVIEW_M1_SKILL_04"",""EV_APP0219_DOCUMENT_SCREEN_DOCUMENT_REVIEW_M1_SKILL_05"",""EV_APP0219_DOCUMENT_SCREEN_DOCUMENT_REVIEW_M1_SKILL_06"",""EV_APP0219_DOCUMENT_SCREEN_DOCUMENT_REVIEW_M1_SKILL_08""],""follow_up_skills"":[""M1_SKILL_01"",""M1_SKILL_04"",""M1_SKILL_05"",""M1_SKILL_06"",""M1_SKILL_08""],""human_rationale"":""공개 기본요건의 검증된 위반 없음. 자기기술을 후속검증 질문으로 전달하며 Skill을 확정하지 않는다."",""observation_refs"":[""OB_REVIEW_ML_01_EV_APP0219_DOCUMENT_SCREEN_DOCUMENT_REVIEW_M1_SKILL_01"",""OB_REVIEW_HM_01_EV_APP0219_DOCUMENT_SCREEN_DOCUMENT_REVIEW_M1_SKILL_01"",""OB_REVIEW_ML_01_EV_APP0219_DOCUMENT_SCREEN_DOCUMENT_REVIEW_M1_SKILL_04"",""OB_REVIEW_HM_01_EV_APP0219_DOCUMENT_SCREEN_DOCUMENT_REVIEW_M1_SKILL_04"",""OB_REVIEW_ML_01_EV_APP0219_DOCUMENT_SCREEN_DOCUMENT_REVIEW_M1_SKILL_05"",""OB_REVIEW_HM_01_EV_APP0219_DOCUMENT_SCREEN_DOCUMENT_REVIEW_M1_SKILL_05"",""OB_REVIEW_ML_01_EV_APP0219_DOCUMENT_SCREEN_DOCUMENT_REVIEW_M1_SKILL_06"",""OB_REVIEW_HM_01_EV_APP0219_DOCUMENT_SCREEN_DOCUMENT_REVIEW_M1_SKILL_06"",""OB_REVIEW_ML_01_EV_APP0219_DOCUMENT_SCREEN_DOCUMENT_REVIEW_M1_SKILL_08"",""OB_REVIEW_HM_01_EV_APP0219_DOCUMENT_SCREEN_DOCUMENT_REVIEW_M1_SKILL_08""],""stage"":""DOCUMENT_SCREEN""}"
APP0189_DOCUMENT_SCREEN,APP0189,C0189,DOCUMENT_SCREEN,2026-10-26T14:23:00+09:00,,,2026-10-26T14:23:00+09:00,2026-11-01T14:38:00+09:00,2026-11-05T14:38:00+09:00,,ADVANCED,EVIDENCE_CANDIDATES_FOUND,,SYNTHETIC_HUMAN_SCENARIO,"{""criterion"":""NO_VERIFIED_PUBLIC_REQUIREMENT_VIOLATION"",""evidence_candidate_refs"":[""EV_APP0189_DOCUMENT_SCREEN_DOCUMENT_REVIEW_M1_SKILL_01"",""EV_APP0189_DOCUMENT_SCREEN_DOCUMENT_REVIEW_M1_SKILL_04"",""EV_APP0189_DOCUMENT_SCREEN_DOCUMENT_REVIEW_M1_SKILL_05"",""EV_APP0189_DOCUMENT_SCREEN_DOCUMENT_REVIEW_M1_SKILL_06"",""EV_APP0189_DOCUMENT_SCREEN_DOCUMENT_REVIEW_M1_SKILL_08""],""follow_up_skills"":[""M1_SKILL_01"",""M1_SKILL_04"",""M1_SKILL_05"",""M1_SKILL_06"",""M1_SKILL_08""],""human_rationale"":""공개 기본요건의 검증된 위반 없음. 자기기술을 후속검증 질문으로 전달하며 Skill을 확정하지 않는다."",""observation_refs"":[""OB_REVIEW_ML_01_EV_APP0189_DOCUMENT_SCREEN_DOCUMENT_REVIEW_M1_SKILL_01"",""OB_REVIEW_HM_01_EV_APP0189_DOCUMENT_SCREEN_DOCUMENT_REVIEW_M1_SKILL_01"",""OB_REVIEW_ML_01_EV_APP0189_DOCUMENT_SCREEN_DOCUMENT_REVIEW_M1_SKILL_04"",""OB_REVIEW_HM_01_EV_APP0189_DOCUMENT_SCREEN_DOCUMENT_REVIEW_M1_SKILL_04"",""OB_REVIEW_ML_01_EV_APP0189_DOCUMENT_SCREEN_DOCUMENT_REVIEW_M1_SKILL_05"",""OB_REVIEW_HM_01_EV_APP0189_DOCUMENT_SCREEN_DOCUMENT_REVIEW_M1_SKILL_05"",""OB_REVIEW_ML_01_EV_APP0189_DOCUMENT_SCREEN_DOCUMENT_REVIEW_M1_SKILL_06"",""OB_REVIEW_HM_01_EV_APP0189_DOCUMENT_SCREEN_DOCUMENT_REVIEW_M1_SKILL_06"",""OB_REVIEW_ML_01_EV_APP0189_DOCUMENT_SCREEN_DOCUMENT_REVIEW_M1_SKILL_08"",""OB_REVIEW_HM_01_EV_APP0189_DOCUMENT_SCREEN_DOCUMENT_REVIEW_M1_SKILL_08""],""stage"":""DOCUMENT_SCREEN""}"
APP0115_DOCUMENT_SCREEN,APP0115,C0115,DOCUMENT_SCREEN,2026-10-26T14:24:00+09:00,,,2026-10-26T14:24:00+09:00,2026-11-04T14:44:00+09:00,2026-11-08T14:44:00+09:00,,ADVANCED,EVIDENCE_CANDIDATES_FOUND,,SYNTHETIC_HUMAN_SCENARIO,"{""criterion"":""NO_VERIFIED_PUBLIC_REQUIREMENT_VIOLATION"",""evidence_candidate_refs"":[""EV_APP0115_DOCUMENT_SCREEN_DOCUMENT_REVIEW_M1_SKILL_01"",""EV_APP0115_DOCUMENT_SCREEN_DOCUMENT_REVIEW_M1_SKILL_04"",""EV_APP0115_DOCUMENT_SCREEN_DOCUMENT_REVIEW_M1_SKILL_05"",""EV_APP0115_DOCUMENT_SCREEN_DOCUMENT_REVIEW_M1_SKILL_06"",""EV_APP0115_DOCUMENT_SCREEN_DOCUMENT_REVIEW_M1_SKILL_08""],""follow_up_skills"":[""M1_SKILL_01"",""M1_SKILL_04"",""M1_SKILL_05"",""M1_SKILL_06"",""M1_SKILL_08""],""human_rationale"":""공개 기본요건의 검증된 위반 없음. 자기기술을 후속검증 질문으로 전달하며 Skill을 확정하지 않는다."",""observation_refs"":[""OB_REVIEW_ML_01_EV_APP0115_DOCUMENT_SCREEN_DOCUMENT_REVIEW_M1_SKILL_01"",""OB_REVIEW_HM_01_EV_APP0115_DOCUMENT_SCREEN_DOCUMENT_REVIEW_M1_SKILL_01"",""OB_REVIEW_ML_01_EV_APP0115_DOCUMENT_SCREEN_DOCUMENT_REVIEW_M1_SKILL_04"",""OB_REVIEW_HM_01_EV_APP0115_DOCUMENT_SCREEN_DOCUMENT_REVIEW_M1_SKILL_04"",""OB_REVIEW_ML_01_EV_APP0115_DOCUMENT_SCREEN_DOCUMENT_REVIEW_M1_SKILL_05"",""OB_REVIEW_HM_01_EV_APP0115_DOCUMENT_SCREEN_DOCUMENT_REVIEW_M1_SKILL_05"",""OB_REVIEW_ML_01_EV_APP0115_DOCUMENT_SCREEN_DOCUMENT_REVIEW_M1_SKILL_06"",""OB_REVIEW_HM_01_EV_APP0115_DOCUMENT_SCREEN_DOCUMENT_REVIEW_M1_SKILL_06"",""OB_REVIEW_ML_01_EV_APP0115_DOCUMENT_SCREEN_DOCUMENT_REVIEW_M1_SKILL_08"",""OB_REVIEW_HM_01_EV_APP0115_DOCUMENT_SCREEN_DOCUMENT_REVIEW_M1_SKILL_08""],""stage"":""DOCUMENT_SCREEN""}"
APP0157_DOCUMENT_SCREEN,APP0157,C0157,DOCUMENT_SCREEN,2026-10-26T14:37:00+09:00,,,2026-10-26T14:37:00+09:00,2026-11-02T15:57:00+09:00,2026-11-04T15:57:00+09:00,,ADVANCED,EVIDENCE_CANDIDATES_FOUND,,SYNTHETIC_HUMAN_SCENARIO,"{""criterion"":""NO_VERIFIED_PUBLIC_REQUIREMENT_VIOLATION"",""evidence_candidate_refs"":[""EV_APP0157_DOCUMENT_SCREEN_DOCUMENT_REVIEW_M1_SKILL_01"",""EV_APP0157_DOCUMENT_SCREEN_DOCUMENT_REVIEW_M1_SKILL_04"",""EV_APP0157_DOCUMENT_SCREEN_DOCUMENT_REVIEW_M1_SKILL_05"",""EV_APP0157_DOCUMENT_SCREEN_DOCUMENT_REVIEW_M1_SKILL_06"",""EV_APP0157_DOCUMENT_SCREEN_DOCUMENT_REVIEW_M1_SKILL_08""],""follow_up_skills"":[""M1_SKILL_01"",""M1_SKILL_04"",""M1_SKILL_05"",""M1_SKILL_06"",""M1_SKILL_08""],""human_rationale"":""공개 기본요건의 검증된 위반 없음. 자기기술을 후속검증 질문으로 전달하며 Skill을 확정하지 않는다."",""observation_refs"":[""OB_REVIEW_ML_01_EV_APP0157_DOCUMENT_SCREEN_DOCUMENT_REVIEW_M1_SKILL_01"",""OB_REVIEW_HM_01_EV_APP0157_DOCUMENT_SCREEN_DOCUMENT_REVIEW_M1_SKILL_01"",""OB_REVIEW_ML_01_EV_APP0157_DOCUMENT_SCREEN_DOCUMENT_REVIEW_M1_SKILL_04"",""OB_REVIEW_HM_01_EV_APP0157_DOCUMENT_SCREEN_DOCUMENT_REVIEW_M1_SKILL_04"",""OB_REVIEW_ML_01_EV_APP0157_DOCUMENT_SCREEN_DOCUMENT_REVIEW_M1_SKILL_05"",""OB_REVIEW_HM_01_EV_APP0157_DOCUMENT_SCREEN_DOCUMENT_REVIEW_M1_SKILL_05"",""OB_REVIEW_ML_01_EV_APP0157_DOCUMENT_SCREEN_DOCUMENT_REVIEW_M1_SKILL_06"",""OB_REVIEW_HM_01_EV_APP0157_DOCUMENT_SCREEN_DOCUMENT_REVIEW_M1_SKILL_06"",""OB_REVIEW_ML_01_EV_APP0157_DOCUMENT_SCREEN_DOCUMENT_REVIEW_M1_SKILL_08"",""OB_REVIEW_HM_01_EV_APP0157_DOCUMENT_SCREEN_DOCUMENT_REVIEW_M1_SKILL_08""],""stage"":""DOCUMENT_SCREEN""}"
APP0222_DOCUMENT_SCREEN,APP0222,C0222,DOCUMENT_SCREEN,2026-10-26T14:55:00+09:00,,,2026-10-26T14:55:00+09:00,2026-11-01T15:20:00+09:00,2026-11-03T15:20:00+09:00,,ADVANCED,EVIDENCE_CANDIDATES_FOUND,,SYNTHETIC_HUMAN_SCENARIO,"{""criterion"":""NO_VERIFIED_PUBLIC_REQUIREMENT_VIOLATION"",""evidence_candidate_refs"":[""EV_APP0222_DOCUMENT_SCREEN_DOCUMENT_REVIEW_M1_SKILL_01"",""EV_APP0222_DOCUMENT_SCREEN_DOCUMENT_REVIEW_M1_SKILL_04"",""EV_APP0222_DOCUMENT_SCREEN_DOCUMENT_REVIEW_M1_SKILL_05"",""EV_APP0222_DOCUMENT_SCREEN_DOCUMENT_REVIEW_M1_SKILL_06"",""EV_APP0222_DOCUMENT_SCREEN_DOCUMENT_REVIEW_M1_SKILL_08""],""follow_up_skills"":[""M1_SKILL_01"",""M1_SKILL_04"",""M1_SKILL_05"",""M1_SKILL_06"",""M1_SKILL_08""],""human_rationale"":""공개 기본요건의 검증된 위반 없음. 자기기술을 후속검증 질문으로 전달하며 Skill을 확정하지 않는다."",""observation_refs"":[""OB_REVIEW_ML_01_EV_APP0222_DOCUMENT_SCREEN_DOCUMENT_REVIEW_M1_SKILL_01"",""OB_REVIEW_HM_01_EV_APP0222_DOCUMENT_SCREEN_DOCUMENT_REVIEW_M1_SKILL_01"",""OB_REVIEW_ML_01_EV_APP0222_DOCUMENT_SCREEN_DOCUMENT_REVIEW_M1_SKILL_04"",""OB_REVIEW_HM_01_EV_APP0222_DOCUMENT_SCREEN_DOCUMENT_REVIEW_M1_SKILL_04"",""OB_REVIEW_ML_01_EV_APP0222_DOCUMENT_SCREEN_DOCUMENT_REVIEW_M1_SKILL_05"",""OB_REVIEW_HM_01_EV_APP0222_DOCUMENT_SCREEN_DOCUMENT_REVIEW_M1_SKILL_05"",""OB_REVIEW_ML_01_EV_APP0222_DOCUMENT_SCREEN_DOCUMENT_REVIEW_M1_SKILL_06"",""OB_REVIEW_HM_01_EV_APP0222_DOCUMENT_SCREEN_DOCUMENT_REVIEW_M1_SKILL_06"",""OB_REVIEW_ML_01_EV_APP0222_DOCUMENT_SCREEN_DOCUMENT_REVIEW_M1_SKILL_08"",""OB_REVIEW_HM_01_EV_APP0222_DOCUMENT_SCREEN_DOCUMENT_REVIEW_M1_SKILL_08""],""stage"":""DOCUMENT_SCREEN""}"
APP0203_DOCUMENT_SCREEN,APP0203,C0203,DOCUMENT_SCREEN,2026-10-26T16:39:00+09:00,,,2026-10-26T16:39:00+09:00,2026-11-05T16:59:00+09:00,2026-11-09T16:59:00+09:00,,ADVANCED,EVIDENCE_CANDIDATES_FOUND,,SYNTHETIC_HUMAN_SCENARIO,"{""criterion"":""NO_VERIFIED_PUBLIC_REQUIREMENT_VIOLATION"",""evidence_candidate_refs"":[""EV_APP0203_DOCUMENT_SCREEN_DOCUMENT_REVIEW_M1_SKILL_01"",""EV_APP0203_DOCUMENT_SCREEN_DOCUMENT_REVIEW_M1_SKILL_04"",""EV_APP0203_DOCUMENT_SCREEN_DOCUMENT_REVIEW_M1_SKILL_05"",""EV_APP0203_DOCUMENT_SCREEN_DOCUMENT_REVIEW_M1_SKILL_06"",""EV_APP0203_DOCUMENT_SCREEN_DOCUMENT_REVIEW_M1_SKILL_08""],""follow_up_skills"":[""M1_SKILL_01"",""M1_SKILL_04"",""M1_SKILL_05"",""M1_SKILL_06"",""M1_SKILL_08""],""human_rationale"":""공개 기본요건의 검증된 위반 없음. 자기기술을 후속검증 질문으로 전달하며 Skill을 확정하지 않는다."",""observation_refs"":[""OB_REVIEW_ML_01_EV_APP0203_DOCUMENT_SCREEN_DOCUMENT_REVIEW_M1_SKILL_01"",""OB_REVIEW_HM_01_EV_APP0203_DOCUMENT_SCREEN_DOCUMENT_REVIEW_M1_SKILL_01"",""OB_REVIEW_ML_01_EV_APP0203_DOCUMENT_SCREEN_DOCUMENT_REVIEW_M1_SKILL_04"",""OB_REVIEW_HM_01_EV_APP0203_DOCUMENT_SCREEN_DOCUMENT_REVIEW_M1_SKILL_04"",""OB_REVIEW_ML_01_EV_APP0203_DOCUMENT_SCREEN_DOCUMENT_REVIEW_M1_SKILL_05"",""OB_REVIEW_HM_01_EV_APP0203_DOCUMENT_SCREEN_DOCUMENT_REVIEW_M1_SKILL_05"",""OB_REVIEW_ML_01_EV_APP0203_DOCUMENT_SCREEN_DOCUMENT_REVIEW_M1_SKILL_06"",""OB_REVIEW_HM_01_EV_APP0203_DOCUMENT_SCREEN_DOCUMENT_REVIEW_M1_SKILL_06"",""OB_REVIEW_ML_01_EV_APP0203_DOCUMENT_SCREEN_DOCUMENT_REVIEW_M1_SKILL_08"",""OB_REVIEW_HM_01_EV_APP0203_DOCUMENT_SCREEN_DOCUMENT_REVIEW_M1_SKILL_08""],""stage"":""DOCUMENT_SCREEN""}"
APP0175_DOCUMENT_SCREEN,APP0175,C0175,DOCUMENT_SCREEN,2026-10-27T09:13:00+09:00,,,2026-10-27T09:13:00+09:00,2026-10-30T09:50:00+09:00,2026-10-31T09:50:00+09:00,,ADVANCED,EVIDENCE_CANDIDATES_FOUND,,SYNTHETIC_HUMAN_SCENARIO,"{""criterion"":""NO_VERIFIED_PUBLIC_REQUIREMENT_VIOLATION"",""evidence_candidate_refs"":[""EV_APP0175_DOCUMENT_SCREEN_DOCUMENT_REVIEW_M1_SKILL_01"",""EV_APP0175_DOCUMENT_SCREEN_DOCUMENT_REVIEW_M1_SKILL_04"",""EV_APP0175_DOCUMENT_SCREEN_DOCUMENT_REVIEW_M1_SKILL_05"",""EV_APP0175_DOCUMENT_SCREEN_DOCUMENT_REVIEW_M1_SKILL_06"",""EV_APP0175_DOCUMENT_SCREEN_DOCUMENT_REVIEW_M1_SKILL_08""],""follow_up_skills"":[""M1_SKILL_01"",""M1_SKILL_04"",""M1_SKILL_05"",""M1_SKILL_06"",""M1_SKILL_08""],""human_rationale"":""공개 기본요건의 검증된 위반 없음. 자기기술을 후속검증 질문으로 전달하며 Skill을 확정하지 않는다."",""observation_refs"":[""OB_REVIEW_ML_01_EV_APP0175_DOCUMENT_SCREEN_DOCUMENT_REVIEW_M1_SKILL_01"",""OB_REVIEW_HM_01_EV_APP0175_DOCUMENT_SCREEN_DOCUMENT_REVIEW_M1_SKILL_01"",""OB_REVIEW_ML_01_EV_APP0175_DOCUMENT_SCREEN_DOCUMENT_REVIEW_M1_SKILL_04"",""OB_REVIEW_HM_01_EV_APP0175_DOCUMENT_SCREEN_DOCUMENT_REVIEW_M1_SKILL_04"",""OB_REVIEW_ML_01_EV_APP0175_DOCUMENT_SCREEN_DOCUMENT_REVIEW_M1_SKILL_05"",""OB_REVIEW_HM_01_EV_APP0175_DOCUMENT_SCREEN_DOCUMENT_REVIEW_M1_SKILL_05"",""OB_REVIEW_ML_01_EV_APP0175_DOCUMENT_SCREEN_DOCUMENT_REVIEW_M1_SKILL_06"",""OB_REVIEW_HM_01_EV_APP0175_DOCUMENT_SCREEN_DOCUMENT_REVIEW_M1_SKILL_06"",""OB_REVIEW_ML_01_EV_APP0175_DOCUMENT_SCREEN_DOCUMENT_REVIEW_M1_SKILL_08"",""OB_REVIEW_HM_01_EV_APP0175_DOCUMENT_SCREEN_DOCUMENT_REVIEW_M1_SKILL_08""],""stage"":""DOCUMENT_SCREEN""}"
APP0239_DOCUMENT_SCREEN,APP0239,C0239,DOCUMENT_SCREEN,2026-10-27T10:16:00+09:00,,,2026-10-27T10:16:00+09:00,2026-11-04T10:31:00+09:00,2026-11-08T10:31:00+09:00,,ADVANCED,EVIDENCE_CANDIDATES_FOUND,,SYNTHETIC_HUMAN_SCENARIO,"{""criterion"":""NO_VERIFIED_PUBLIC_REQUIREMENT_VIOLATION"",""evidence_candidate_refs"":[""EV_APP0239_DOCUMENT_SCREEN_DOCUMENT_REVIEW_M1_SKILL_01"",""EV_APP0239_DOCUMENT_SCREEN_DOCUMENT_REVIEW_M1_SKILL_04"",""EV_APP0239_DOCUMENT_SCREEN_DOCUMENT_REVIEW_M1_SKILL_05"",""EV_APP0239_DOCUMENT_SCREEN_DOCUMENT_REVIEW_M1_SKILL_06"",""EV_APP0239_DOCUMENT_SCREEN_DOCUMENT_REVIEW_M1_SKILL_08""],""follow_up_skills"":[""M1_SKILL_01"",""M1_SKILL_04"",""M1_SKILL_05"",""M1_SKILL_06"",""M1_SKILL_08""],""human_rationale"":""공개 기본요건의 검증된 위반 없음. 자기기술을 후속검증 질문으로 전달하며 Skill을 확정하지 않는다."",""observation_refs"":[""OB_REVIEW_ML_01_EV_APP0239_DOCUMENT_SCREEN_DOCUMENT_REVIEW_M1_SKILL_01"",""OB_REVIEW_HM_01_EV_APP0239_DOCUMENT_SCREEN_DOCUMENT_REVIEW_M1_SKILL_01"",""OB_REVIEW_ML_01_EV_APP0239_DOCUMENT_SCREEN_DOCUMENT_REVIEW_M1_SKILL_04"",""OB_REVIEW_HM_01_EV_APP0239_DOCUMENT_SCREEN_DOCUMENT_REVIEW_M1_SKILL_04"",""OB_REVIEW_ML_01_EV_APP0239_DOCUMENT_SCREEN_DOCUMENT_REVIEW_M1_SKILL_05"",""OB_REVIEW_HM_01_EV_APP0239_DOCUMENT_SCREEN_DOCUMENT_REVIEW_M1_SKILL_05"",""OB_REVIEW_ML_01_EV_APP0239_DOCUMENT_SCREEN_DOCUMENT_REVIEW_M1_SKILL_06"",""OB_REVIEW_HM_01_EV_APP0239_DOCUMENT_SCREEN_DOCUMENT_REVIEW_M1_SKILL_06"",""OB_REVIEW_ML_01_EV_APP0239_DOCUMENT_SCREEN_DOCUMENT_REVIEW_M1_SKILL_08"",""OB_REVIEW_HM_01_EV_APP0239_DOCUMENT_SCREEN_DOCUMENT_REVIEW_M1_SKILL_08""],""stage"":""DOCUMENT_SCREEN""}"
APP0247_DOCUMENT_SCREEN,APP0247,C0247,DOCUMENT_SCREEN,2026-10-27T10:35:00+09:00,,,2026-10-27T10:35:00+09:00,2026-11-04T11:00:00+09:00,2026-11-08T11:00:00+09:00,,ADVANCED,EVIDENCE_CANDIDATES_FOUND,,SYNTHETIC_HUMAN_SCENARIO,"{""criterion"":""NO_VERIFIED_PUBLIC_REQUIREMENT_VIOLATION"",""evidence_candidate_refs"":[""EV_APP0247_DOCUMENT_SCREEN_DOCUMENT_REVIEW_M1_SKILL_01"",""EV_APP0247_DOCUMENT_SCREEN_DOCUMENT_REVIEW_M1_SKILL_04"",""EV_APP0247_DOCUMENT_SCREEN_DOCUMENT_REVIEW_M1_SKILL_05"",""EV_APP0247_DOCUMENT_SCREEN_DOCUMENT_REVIEW_M1_SKILL_06"",""EV_APP0247_DOCUMENT_SCREEN_DOCUMENT_REVIEW_M1_SKILL_08""],""follow_up_skills"":[""M1_SKILL_01"",""M1_SKILL_04"",""M1_SKILL_05"",""M1_SKILL_06"",""M1_SKILL_08""],""human_rationale"":""공개 기본요건의 검증된 위반 없음. 자기기술을 후속검증 질문으로 전달하며 Skill을 확정하지 않는다."",""observation_refs"":[""OB_REVIEW_ML_01_EV_APP0247_DOCUMENT_SCREEN_DOCUMENT_REVIEW_M1_SKILL_01"",""OB_REVIEW_HM_01_EV_APP0247_DOCUMENT_SCREEN_DOCUMENT_REVIEW_M1_SKILL_01"",""OB_REVIEW_ML_01_EV_APP0247_DOCUMENT_SCREEN_DOCUMENT_REVIEW_M1_SKILL_04"",""OB_REVIEW_HM_01_EV_APP0247_DOCUMENT_SCREEN_DOCUMENT_REVIEW_M1_SKILL_04"",""OB_REVIEW_ML_01_EV_APP0247_DOCUMENT_SCREEN_DOCUMENT_REVIEW_M1_SKILL_05"",""OB_REVIEW_HM_01_EV_APP0247_DOCUMENT_SCREEN_DOCUMENT_REVIEW_M1_SKILL_05"",""OB_REVIEW_ML_01_EV_APP0247_DOCUMENT_SCREEN_DOCUMENT_REVIEW_M1_SKILL_06"",""OB_REVIEW_HM_01_EV_APP0247_DOCUMENT_SCREEN_DOCUMENT_REVIEW_M1_SKILL_06"",""OB_REVIEW_ML_01_EV_APP0247_DOCUMENT_SCREEN_DOCUMENT_REVIEW_M1_SKILL_08"",""OB_REVIEW_HM_01_EV_APP0247_DOCUMENT_SCREEN_DOCUMENT_REVIEW_M1_SKILL_08""],""stage"":""DOCUMENT_SCREEN""}"
APP0177_DOCUMENT_SCREEN,APP0177,C0177,DOCUMENT_SCREEN,2026-10-27T10:53:00+09:00,,,2026-10-27T10:53:00+09:00,2026-11-08T11:15:00+09:00,2026-11-09T11:15:00+09:00,,ADVANCED,EVIDENCE_CANDIDATES_FOUND,,SYNTHETIC_HUMAN_SCENARIO,"{""criterion"":""NO_VERIFIED_PUBLIC_REQUIREMENT_VIOLATION"",""evidence_candidate_refs"":[""EV_APP0177_DOCUMENT_SCREEN_DOCUMENT_REVIEW_M1_SKILL_01"",""EV_APP0177_DOCUMENT_SCREEN_DOCUMENT_REVIEW_M1_SKILL_04"",""EV_APP0177_DOCUMENT_SCREEN_DOCUMENT_REVIEW_M1_SKILL_05"",""EV_APP0177_DOCUMENT_SCREEN_DOCUMENT_REVIEW_M1_SKILL_06"",""EV_APP0177_DOCUMENT_SCREEN_DOCUMENT_REVIEW_M1_SKILL_08""],""follow_up_skills"":[""M1_SKILL_01"",""M1_SKILL_04"",""M1_SKILL_05"",""M1_SKILL_06"",""M1_SKILL_08""],""human_rationale"":""공개 기본요건의 검증된 위반 없음. 자기기술을 후속검증 질문으로 전달하며 Skill을 확정하지 않는다."",""observation_refs"":[""OB_REVIEW_ML_01_EV_APP0177_DOCUMENT_SCREEN_DOCUMENT_REVIEW_M1_SKILL_01"",""OB_REVIEW_HM_01_EV_APP0177_DOCUMENT_SCREEN_DOCUMENT_REVIEW_M1_SKILL_01"",""OB_REVIEW_ML_01_EV_APP0177_DOCUMENT_SCREEN_DOCUMENT_REVIEW_M1_SKILL_04"",""OB_REVIEW_HM_01_EV_APP0177_DOCUMENT_SCREEN_DOCUMENT_REVIEW_M1_SKILL_04"",""OB_REVIEW_ML_01_EV_APP0177_DOCUMENT_SCREEN_DOCUMENT_REVIEW_M1_SKILL_05"",""OB_REVIEW_HM_01_EV_APP0177_DOCUMENT_SCREEN_DOCUMENT_REVIEW_M1_SKILL_05"",""OB_REVIEW_ML_01_EV_APP0177_DOCUMENT_SCREEN_DOCUMENT_REVIEW_M1_SKILL_06"",""OB_REVIEW_HM_01_EV_APP0177_DOCUMENT_SCREEN_DOCUMENT_REVIEW_M1_SKILL_06"",""OB_REVIEW_ML_01_EV_APP0177_DOCUMENT_SCREEN_DOCUMENT_REVIEW_M1_SKILL_08"",""OB_REVIEW_HM_01_EV_APP0177_DOCUMENT_SCREEN_DOCUMENT_REVIEW_M1_SKILL_08""],""stage"":""DOCUMENT_SCREEN""}"
APP0140_DOCUMENT_SCREEN,APP0140,C0140,DOCUMENT_SCREEN,2026-10-27T11:06:00+09:00,,,2026-10-27T11:06:00+09:00,2026-11-05T11:40:00+09:00,2026-11-09T11:40:00+09:00,,ADVANCED,EVIDENCE_CANDIDATES_FOUND,,SYNTHETIC_HUMAN_SCENARIO,"{""criterion"":""NO_VERIFIED_PUBLIC_REQUIREMENT_VIOLATION"",""evidence_candidate_refs"":[""EV_APP0140_DOCUMENT_SCREEN_DOCUMENT_REVIEW_M1_SKILL_01"",""EV_APP0140_DOCUMENT_SCREEN_DOCUMENT_REVIEW_M1_SKILL_04"",""EV_APP0140_DOCUMENT_SCREEN_DOCUMENT_REVIEW_M1_SKILL_05"",""EV_APP0140_DOCUMENT_SCREEN_DOCUMENT_REVIEW_M1_SKILL_06"",""EV_APP0140_DOCUMENT_SCREEN_DOCUMENT_REVIEW_M1_SKILL_08""],""follow_up_skills"":[""M1_SKILL_01"",""M1_SKILL_04"",""M1_SKILL_05"",""M1_SKILL_06"",""M1_SKILL_08""],""human_rationale"":""공개 기본요건의 검증된 위반 없음. 자기기술을 후속검증 질문으로 전달하며 Skill을 확정하지 않는다."",""observation_refs"":[""OB_REVIEW_ML_01_EV_APP0140_DOCUMENT_SCREEN_DOCUMENT_REVIEW_M1_SKILL_01"",""OB_REVIEW_HM_01_EV_APP0140_DOCUMENT_SCREEN_DOCUMENT_REVIEW_M1_SKILL_01"",""OB_REVIEW_ML_01_EV_APP0140_DOCUMENT_SCREEN_DOCUMENT_REVIEW_M1_SKILL_04"",""OB_REVIEW_HM_01_EV_APP0140_DOCUMENT_SCREEN_DOCUMENT_REVIEW_M1_SKILL_04"",""OB_REVIEW_ML_01_EV_APP0140_DOCUMENT_SCREEN_DOCUMENT_REVIEW_M1_SKILL_05"",""OB_REVIEW_HM_01_EV_APP0140_DOCUMENT_SCREEN_DOCUMENT_REVIEW_M1_SKILL_05"",""OB_REVIEW_ML_01_EV_APP0140_DOCUMENT_SCREEN_DOCUMENT_REVIEW_M1_SKILL_06"",""OB_REVIEW_HM_01_EV_APP0140_DOCUMENT_SCREEN_DOCUMENT_REVIEW_M1_SKILL_06"",""OB_REVIEW_ML_01_EV_APP0140_DOCUMENT_SCREEN_DOCUMENT_REVIEW_M1_SKILL_08"",""OB_REVIEW_HM_01_EV_APP0140_DOCUMENT_SCREEN_DOCUMENT_REVIEW_M1_SKILL_08""],""stage"":""DOCUMENT_SCREEN""}"
APP0251_DOCUMENT_SCREEN,APP0251,C0251,DOCUMENT_SCREEN,2026-10-27T11:08:00+09:00,,,2026-10-27T11:08:00+09:00,2026-11-01T11:28:00+09:00,2026-11-02T11:28:00+09:00,,ADVANCED,EVIDENCE_CANDIDATES_FOUND,,SYNTHETIC_HUMAN_SCENARIO,"{""criterion"":""NO_VERIFIED_PUBLIC_REQUIREMENT_VIOLATION"",""evidence_candidate_refs"":[""EV_APP0251_DOCUMENT_SCREEN_DOCUMENT_REVIEW_M1_SKILL_01"",""EV_APP0251_DOCUMENT_SCREEN_DOCUMENT_REVIEW_M1_SKILL_04"",""EV_APP0251_DOCUMENT_SCREEN_DOCUMENT_REVIEW_M1_SKILL_05"",""EV_APP0251_DOCUMENT_SCREEN_DOCUMENT_REVIEW_M1_SKILL_06"",""EV_APP0251_DOCUMENT_SCREEN_DOCUMENT_REVIEW_M1_SKILL_08""],""follow_up_skills"":[""M1_SKILL_01"",""M1_SKILL_04"",""M1_SKILL_05"",""M1_SKILL_06"",""M1_SKILL_08""],""human_rationale"":""공개 기본요건의 검증된 위반 없음. 자기기술을 후속검증 질문으로 전달하며 Skill을 확정하지 않는다."",""observation_refs"":[""OB_REVIEW_ML_01_EV_APP0251_DOCUMENT_SCREEN_DOCUMENT_REVIEW_M1_SKILL_01"",""OB_REVIEW_HM_01_EV_APP0251_DOCUMENT_SCREEN_DOCUMENT_REVIEW_M1_SKILL_01"",""OB_REVIEW_ML_01_EV_APP0251_DOCUMENT_SCREEN_DOCUMENT_REVIEW_M1_SKILL_04"",""OB_REVIEW_HM_01_EV_APP0251_DOCUMENT_SCREEN_DOCUMENT_REVIEW_M1_SKILL_04"",""OB_REVIEW_ML_01_EV_APP0251_DOCUMENT_SCREEN_DOCUMENT_REVIEW_M1_SKILL_05"",""OB_REVIEW_HM_01_EV_APP0251_DOCUMENT_SCREEN_DOCUMENT_REVIEW_M1_SKILL_05"",""OB_REVIEW_ML_01_EV_APP0251_DOCUMENT_SCREEN_DOCUMENT_REVIEW_M1_SKILL_06"",""OB_REVIEW_HM_01_EV_APP0251_DOCUMENT_SCREEN_DOCUMENT_REVIEW_M1_SKILL_06"",""OB_REVIEW_ML_01_EV_APP0251_DOCUMENT_SCREEN_DOCUMENT_REVIEW_M1_SKILL_08"",""OB_REVIEW_HM_01_EV_APP0251_DOCUMENT_SCREEN_DOCUMENT_REVIEW_M1_SKILL_08""],""stage"":""DOCUMENT_SCREEN""}"
APP0241_DOCUMENT_SCREEN,APP0241,C0241,DOCUMENT_SCREEN,2026-10-27T11:43:00+09:00,,,2026-10-27T11:43:00+09:00,2026-11-03T12:32:00+09:00,2026-11-03T12:32:00+09:00,,ADVANCED,EVIDENCE_CANDIDATES_FOUND,,SYNTHETIC_HUMAN_SCENARIO,"{""criterion"":""NO_VERIFIED_PUBLIC_REQUIREMENT_VIOLATION"",""evidence_candidate_refs"":[""EV_APP0241_DOCUMENT_SCREEN_DOCUMENT_REVIEW_M1_SKILL_01"",""EV_APP0241_DOCUMENT_SCREEN_DOCUMENT_REVIEW_M1_SKILL_04"",""EV_APP0241_DOCUMENT_SCREEN_DOCUMENT_REVIEW_M1_SKILL_05"",""EV_APP0241_DOCUMENT_SCREEN_DOCUMENT_REVIEW_M1_SKILL_06"",""EV_APP0241_DOCUMENT_SCREEN_DOCUMENT_REVIEW_M1_SKILL_08""],""follow_up_skills"":[""M1_SKILL_01"",""M1_SKILL_04"",""M1_SKILL_05"",""M1_SKILL_06"",""M1_SKILL_08""],""human_rationale"":""공개 기본요건의 검증된 위반 없음. 자기기술을 후속검증 질문으로 전달하며 Skill을 확정하지 않는다."",""observation_refs"":[""OB_REVIEW_ML_01_EV_APP0241_DOCUMENT_SCREEN_DOCUMENT_REVIEW_M1_SKILL_01"",""OB_REVIEW_HM_01_EV_APP0241_DOCUMENT_SCREEN_DOCUMENT_REVIEW_M1_SKILL_01"",""OB_REVIEW_ML_01_EV_APP0241_DOCUMENT_SCREEN_DOCUMENT_REVIEW_M1_SKILL_04"",""OB_REVIEW_HM_01_EV_APP0241_DOCUMENT_SCREEN_DOCUMENT_REVIEW_M1_SKILL_04"",""OB_REVIEW_ML_01_EV_APP0241_DOCUMENT_SCREEN_DOCUMENT_REVIEW_M1_SKILL_05"",""OB_REVIEW_HM_01_EV_APP0241_DOCUMENT_SCREEN_DOCUMENT_REVIEW_M1_SKILL_05"",""OB_REVIEW_ML_01_EV_APP0241_DOCUMENT_SCREEN_DOCUMENT_REVIEW_M1_SKILL_06"",""OB_REVIEW_HM_01_EV_APP0241_DOCUMENT_SCREEN_DOCUMENT_REVIEW_M1_SKILL_06"",""OB_REVIEW_ML_01_EV_APP0241_DOCUMENT_SCREEN_DOCUMENT_REVIEW_M1_SKILL_08"",""OB_REVIEW_HM_01_EV_APP0241_DOCUMENT_SCREEN_DOCUMENT_REVIEW_M1_SKILL_08""],""stage"":""DOCUMENT_SCREEN""}"
APP0240_DOCUMENT_SCREEN,APP0240,C0240,DOCUMENT_SCREEN,2026-10-27T13:08:00+09:00,,,2026-10-27T13:08:00+09:00,2026-11-06T13:33:00+09:00,2026-11-08T13:33:00+09:00,,ADVANCED,EVIDENCE_CANDIDATES_FOUND,,SYNTHETIC_HUMAN_SCENARIO,"{""criterion"":""NO_VERIFIED_PUBLIC_REQUIREMENT_VIOLATION"",""evidence_candidate_refs"":[""EV_APP0240_DOCUMENT_SCREEN_DOCUMENT_REVIEW_M1_SKILL_01"",""EV_APP0240_DOCUMENT_SCREEN_DOCUMENT_REVIEW_M1_SKILL_04"",""EV_APP0240_DOCUMENT_SCREEN_DOCUMENT_REVIEW_M1_SKILL_05"",""EV_APP0240_DOCUMENT_SCREEN_DOCUMENT_REVIEW_M1_SKILL_06"",""EV_APP0240_DOCUMENT_SCREEN_DOCUMENT_REVIEW_M1_SKILL_08""],""follow_up_skills"":[""M1_SKILL_01"",""M1_SKILL_04"",""M1_SKILL_05"",""M1_SKILL_06"",""M1_SKILL_08""],""human_rationale"":""공개 기본요건의 검증된 위반 없음. 자기기술을 후속검증 질문으로 전달하며 Skill을 확정하지 않는다."",""observation_refs"":[""OB_REVIEW_ML_01_EV_APP0240_DOCUMENT_SCREEN_DOCUMENT_REVIEW_M1_SKILL_01"",""OB_REVIEW_HM_01_EV_APP0240_DOCUMENT_SCREEN_DOCUMENT_REVIEW_M1_SKILL_01"",""OB_REVIEW_ML_01_EV_APP0240_DOCUMENT_SCREEN_DOCUMENT_REVIEW_M1_SKILL_04"",""OB_REVIEW_HM_01_EV_APP0240_DOCUMENT_SCREEN_DOCUMENT_REVIEW_M1_SKILL_04"",""OB_REVIEW_ML_01_EV_APP0240_DOCUMENT_SCREEN_DOCUMENT_REVIEW_M1_SKILL_05"",""OB_REVIEW_HM_01_EV_APP0240_DOCUMENT_SCREEN_DOCUMENT_REVIEW_M1_SKILL_05"",""OB_REVIEW_ML_01_EV_APP0240_DOCUMENT_SCREEN_DOCUMENT_REVIEW_M1_SKILL_06"",""OB_REVIEW_HM_01_EV_APP0240_DOCUMENT_SCREEN_DOCUMENT_REVIEW_M1_SKILL_06"",""OB_REVIEW_ML_01_EV_APP0240_DOCUMENT_SCREEN_DOCUMENT_REVIEW_M1_SKILL_08"",""OB_REVIEW_HM_01_EV_APP0240_DOCUMENT_SCREEN_DOCUMENT_REVIEW_M1_SKILL_08""],""stage"":""DOCUMENT_SCREEN""}"
APP0230_DOCUMENT_SCREEN,APP0230,C0230,DOCUMENT_SCREEN,2026-10-27T13:20:00+09:00,,,2026-10-27T13:20:00+09:00,2026-11-01T13:40:00+09:00,2026-11-02T13:40:00+09:00,,ADVANCED,EVIDENCE_CANDIDATES_FOUND,,SYNTHETIC_HUMAN_SCENARIO,"{""criterion"":""NO_VERIFIED_PUBLIC_REQUIREMENT_VIOLATION"",""evidence_candidate_refs"":[""EV_APP0230_DOCUMENT_SCREEN_DOCUMENT_REVIEW_M1_SKILL_01"",""EV_APP0230_DOCUMENT_SCREEN_DOCUMENT_REVIEW_M1_SKILL_04"",""EV_APP0230_DOCUMENT_SCREEN_DOCUMENT_REVIEW_M1_SKILL_05"",""EV_APP0230_DOCUMENT_SCREEN_DOCUMENT_REVIEW_M1_SKILL_06"",""EV_APP0230_DOCUMENT_SCREEN_DOCUMENT_REVIEW_M1_SKILL_08""],""follow_up_skills"":[""M1_SKILL_01"",""M1_SKILL_04"",""M1_SKILL_05"",""M1_SKILL_06"",""M1_SKILL_08""],""human_rationale"":""공개 기본요건의 검증된 위반 없음. 자기기술을 후속검증 질문으로 전달하며 Skill을 확정하지 않는다."",""observation_refs"":[""OB_REVIEW_ML_01_EV_APP0230_DOCUMENT_SCREEN_DOCUMENT_REVIEW_M1_SKILL_01"",""OB_REVIEW_HM_01_EV_APP0230_DOCUMENT_SCREEN_DOCUMENT_REVIEW_M1_SKILL_01"",""OB_REVIEW_ML_01_EV_APP0230_DOCUMENT_SCREEN_DOCUMENT_REVIEW_M1_SKILL_04"",""OB_REVIEW_HM_01_EV_APP0230_DOCUMENT_SCREEN_DOCUMENT_REVIEW_M1_SKILL_04"",""OB_REVIEW_ML_01_EV_APP0230_DOCUMENT_SCREEN_DOCUMENT_REVIEW_M1_SKILL_05"",""OB_REVIEW_HM_01_EV_APP0230_DOCUMENT_SCREEN_DOCUMENT_REVIEW_M1_SKILL_05"",""OB_REVIEW_ML_01_EV_APP0230_DOCUMENT_SCREEN_DOCUMENT_REVIEW_M1_SKILL_06"",""OB_REVIEW_HM_01_EV_APP0230_DOCUMENT_SCREEN_DOCUMENT_REVIEW_M1_SKILL_06"",""OB_REVIEW_ML_01_EV_APP0230_DOCUMENT_SCREEN_DOCUMENT_REVIEW_M1_SKILL_08"",""OB_REVIEW_HM_01_EV_APP0230_DOCUMENT_SCREEN_DOCUMENT_REVIEW_M1_SKILL_08""],""stage"":""DOCUMENT_SCREEN""}"
APP0135_DOCUMENT_SCREEN,APP0135,C0135,DOCUMENT_SCREEN,2026-10-27T13:21:00+09:00,,,2026-10-27T13:21:00+09:00,2026-11-04T13:41:00+09:00,2026-11-04T13:41:00+09:00,,ADVANCED,EVIDENCE_CANDIDATES_FOUND,,SYNTHETIC_HUMAN_SCENARIO,"{""criterion"":""NO_VERIFIED_PUBLIC_REQUIREMENT_VIOLATION"",""evidence_candidate_refs"":[""EV_APP0135_DOCUMENT_SCREEN_DOCUMENT_REVIEW_M1_SKILL_01"",""EV_APP0135_DOCUMENT_SCREEN_DOCUMENT_REVIEW_M1_SKILL_04"",""EV_APP0135_DOCUMENT_SCREEN_DOCUMENT_REVIEW_M1_SKILL_05"",""EV_APP0135_DOCUMENT_SCREEN_DOCUMENT_REVIEW_M1_SKILL_06"",""EV_APP0135_DOCUMENT_SCREEN_DOCUMENT_REVIEW_M1_SKILL_08""],""follow_up_skills"":[""M1_SKILL_01"",""M1_SKILL_04"",""M1_SKILL_05"",""M1_SKILL_06"",""M1_SKILL_08""],""human_rationale"":""공개 기본요건의 검증된 위반 없음. 자기기술을 후속검증 질문으로 전달하며 Skill을 확정하지 않는다."",""observation_refs"":[""OB_REVIEW_ML_01_EV_APP0135_DOCUMENT_SCREEN_DOCUMENT_REVIEW_M1_SKILL_01"",""OB_REVIEW_HM_01_EV_APP0135_DOCUMENT_SCREEN_DOCUMENT_REVIEW_M1_SKILL_01"",""OB_REVIEW_ML_01_EV_APP0135_DOCUMENT_SCREEN_DOCUMENT_REVIEW_M1_SKILL_04"",""OB_REVIEW_HM_01_EV_APP0135_DOCUMENT_SCREEN_DOCUMENT_REVIEW_M1_SKILL_04"",""OB_REVIEW_ML_01_EV_APP0135_DOCUMENT_SCREEN_DOCUMENT_REVIEW_M1_SKILL_05"",""OB_REVIEW_HM_01_EV_APP0135_DOCUMENT_SCREEN_DOCUMENT_REVIEW_M1_SKILL_05"",""OB_REVIEW_ML_01_EV_APP0135_DOCUMENT_SCREEN_DOCUMENT_REVIEW_M1_SKILL_06"",""OB_REVIEW_HM_01_EV_APP0135_DOCUMENT_SCREEN_DOCUMENT_REVIEW_M1_SKILL_06"",""OB_REVIEW_ML_01_EV_APP0135_DOCUMENT_SCREEN_DOCUMENT_REVIEW_M1_SKILL_08"",""OB_REVIEW_HM_01_EV_APP0135_DOCUMENT_SCREEN_DOCUMENT_REVIEW_M1_SKILL_08""],""stage"":""DOCUMENT_SCREEN""}"
APP0217_DOCUMENT_SCREEN,APP0217,C0217,DOCUMENT_SCREEN,2026-10-27T14:22:00+09:00,,,2026-10-27T14:22:00+09:00,2026-11-02T14:42:00+09:00,2026-11-03T14:42:00+09:00,,ADVANCED,EVIDENCE_CANDIDATES_FOUND,,SYNTHETIC_HUMAN_SCENARIO,"{""criterion"":""NO_VERIFIED_PUBLIC_REQUIREMENT_VIOLATION"",""evidence_candidate_refs"":[""EV_APP0217_DOCUMENT_SCREEN_DOCUMENT_REVIEW_M1_SKILL_01"",""EV_APP0217_DOCUMENT_SCREEN_DOCUMENT_REVIEW_M1_SKILL_04"",""EV_APP0217_DOCUMENT_SCREEN_DOCUMENT_REVIEW_M1_SKILL_05"",""EV_APP0217_DOCUMENT_SCREEN_DOCUMENT_REVIEW_M1_SKILL_06"",""EV_APP0217_DOCUMENT_SCREEN_DOCUMENT_REVIEW_M1_SKILL_08""],""follow_up_skills"":[""M1_SKILL_01"",""M1_SKILL_04"",""M1_SKILL_05"",""M1_SKILL_06"",""M1_SKILL_08""],""human_rationale"":""공개 기본요건의 검증된 위반 없음. 자기기술을 후속검증 질문으로 전달하며 Skill을 확정하지 않는다."",""observation_refs"":[""OB_REVIEW_ML_01_EV_APP0217_DOCUMENT_SCREEN_DOCUMENT_REVIEW_M1_SKILL_01"",""OB_REVIEW_HM_01_EV_APP0217_DOCUMENT_SCREEN_DOCUMENT_REVIEW_M1_SKILL_01"",""OB_REVIEW_ML_01_EV_APP0217_DOCUMENT_SCREEN_DOCUMENT_REVIEW_M1_SKILL_04"",""OB_REVIEW_HM_01_EV_APP0217_DOCUMENT_SCREEN_DOCUMENT_REVIEW_M1_SKILL_04"",""OB_REVIEW_ML_01_EV_APP0217_DOCUMENT_SCREEN_DOCUMENT_REVIEW_M1_SKILL_05"",""OB_REVIEW_HM_01_EV_APP0217_DOCUMENT_SCREEN_DOCUMENT_REVIEW_M1_SKILL_05"",""OB_REVIEW_ML_01_EV_APP0217_DOCUMENT_SCREEN_DOCUMENT_REVIEW_M1_SKILL_06"",""OB_REVIEW_HM_01_EV_APP0217_DOCUMENT_SCREEN_DOCUMENT_REVIEW_M1_SKILL_06"",""OB_REVIEW_ML_01_EV_APP0217_DOCUMENT_SCREEN_DOCUMENT_REVIEW_M1_SKILL_08"",""OB_REVIEW_HM_01_EV_APP0217_DOCUMENT_SCREEN_DOCUMENT_REVIEW_M1_SKILL_08""],""stage"":""DOCUMENT_SCREEN""}"
APP0179_DOCUMENT_SCREEN,APP0179,C0179,DOCUMENT_SCREEN,2026-10-27T14:37:00+09:00,,,2026-10-27T14:37:00+09:00,2026-11-03T14:52:00+09:00,2026-11-07T14:52:00+09:00,,ADVANCED,EVIDENCE_CANDIDATES_FOUND,,SYNTHETIC_HUMAN_SCENARIO,"{""criterion"":""NO_VERIFIED_PUBLIC_REQUIREMENT_VIOLATION"",""evidence_candidate_refs"":[""EV_APP0179_DOCUMENT_SCREEN_DOCUMENT_REVIEW_M1_SKILL_01"",""EV_APP0179_DOCUMENT_SCREEN_DOCUMENT_REVIEW_M1_SKILL_04"",""EV_APP0179_DOCUMENT_SCREEN_DOCUMENT_REVIEW_M1_SKILL_05"",""EV_APP0179_DOCUMENT_SCREEN_DOCUMENT_REVIEW_M1_SKILL_06"",""EV_APP0179_DOCUMENT_SCREEN_DOCUMENT_REVIEW_M1_SKILL_08""],""follow_up_skills"":[""M1_SKILL_01"",""M1_SKILL_04"",""M1_SKILL_05"",""M1_SKILL_06"",""M1_SKILL_08""],""human_rationale"":""공개 기본요건의 검증된 위반 없음. 자기기술을 후속검증 질문으로 전달하며 Skill을 확정하지 않는다."",""observation_refs"":[""OB_REVIEW_ML_01_EV_APP0179_DOCUMENT_SCREEN_DOCUMENT_REVIEW_M1_SKILL_01"",""OB_REVIEW_HM_01_EV_APP0179_DOCUMENT_SCREEN_DOCUMENT_REVIEW_M1_SKILL_01"",""OB_REVIEW_ML_01_EV_APP0179_DOCUMENT_SCREEN_DOCUMENT_REVIEW_M1_SKILL_04"",""OB_REVIEW_HM_01_EV_APP0179_DOCUMENT_SCREEN_DOCUMENT_REVIEW_M1_SKILL_04"",""OB_REVIEW_ML_01_EV_APP0179_DOCUMENT_SCREEN_DOCUMENT_REVIEW_M1_SKILL_05"",""OB_REVIEW_HM_01_EV_APP0179_DOCUMENT_SCREEN_DOCUMENT_REVIEW_M1_SKILL_05"",""OB_REVIEW_ML_01_EV_APP0179_DOCUMENT_SCREEN_DOCUMENT_REVIEW_M1_SKILL_06"",""OB_REVIEW_HM_01_EV_APP0179_DOCUMENT_SCREEN_DOCUMENT_REVIEW_M1_SKILL_06"",""OB_REVIEW_ML_01_EV_APP0179_DOCUMENT_SCREEN_DOCUMENT_REVIEW_M1_SKILL_08"",""OB_REVIEW_HM_01_EV_APP0179_DOCUMENT_SCREEN_DOCUMENT_REVIEW_M1_SKILL_08""],""stage"":""DOCUMENT_SCREEN""}"
APP0130_DOCUMENT_SCREEN,APP0130,C0130,DOCUMENT_SCREEN,2026-10-27T14:41:00+09:00,,,2026-10-27T14:41:00+09:00,2026-10-30T15:01:00+09:00,2026-11-03T15:01:00+09:00,,ADVANCED,EVIDENCE_CANDIDATES_FOUND,,SYNTHETIC_HUMAN_SCENARIO,"{""criterion"":""NO_VERIFIED_PUBLIC_REQUIREMENT_VIOLATION"",""evidence_candidate_refs"":[""EV_APP0130_DOCUMENT_SCREEN_DOCUMENT_REVIEW_M1_SKILL_01"",""EV_APP0130_DOCUMENT_SCREEN_DOCUMENT_REVIEW_M1_SKILL_04"",""EV_APP0130_DOCUMENT_SCREEN_DOCUMENT_REVIEW_M1_SKILL_05"",""EV_APP0130_DOCUMENT_SCREEN_DOCUMENT_REVIEW_M1_SKILL_06"",""EV_APP0130_DOCUMENT_SCREEN_DOCUMENT_REVIEW_M1_SKILL_08""],""follow_up_skills"":[""M1_SKILL_01"",""M1_SKILL_04"",""M1_SKILL_05"",""M1_SKILL_06"",""M1_SKILL_08""],""human_rationale"":""공개 기본요건의 검증된 위반 없음. 자기기술을 후속검증 질문으로 전달하며 Skill을 확정하지 않는다."",""observation_refs"":[""OB_REVIEW_ML_01_EV_APP0130_DOCUMENT_SCREEN_DOCUMENT_REVIEW_M1_SKILL_01"",""OB_REVIEW_HM_01_EV_APP0130_DOCUMENT_SCREEN_DOCUMENT_REVIEW_M1_SKILL_01"",""OB_REVIEW_ML_01_EV_APP0130_DOCUMENT_SCREEN_DOCUMENT_REVIEW_M1_SKILL_04"",""OB_REVIEW_HM_01_EV_APP0130_DOCUMENT_SCREEN_DOCUMENT_REVIEW_M1_SKILL_04"",""OB_REVIEW_ML_01_EV_APP0130_DOCUMENT_SCREEN_DOCUMENT_REVIEW_M1_SKILL_05"",""OB_REVIEW_HM_01_EV_APP0130_DOCUMENT_SCREEN_DOCUMENT_REVIEW_M1_SKILL_05"",""OB_REVIEW_ML_01_EV_APP0130_DOCUMENT_SCREEN_DOCUMENT_REVIEW_M1_SKILL_06"",""OB_REVIEW_HM_01_EV_APP0130_DOCUMENT_SCREEN_DOCUMENT_REVIEW_M1_SKILL_06"",""OB_REVIEW_ML_01_EV_APP0130_DOCUMENT_SCREEN_DOCUMENT_REVIEW_M1_SKILL_08"",""OB_REVIEW_HM_01_EV_APP0130_DOCUMENT_SCREEN_DOCUMENT_REVIEW_M1_SKILL_08""],""stage"":""DOCUMENT_SCREEN""}"
APP0243_DOCUMENT_SCREEN,APP0243,C0243,DOCUMENT_SCREEN,2026-10-27T15:13:00+09:00,,,2026-10-27T15:13:00+09:00,2026-11-01T15:34:00+09:00,2026-11-05T15:34:00+09:00,,ADVANCED,EVIDENCE_CANDIDATES_FOUND,,SYNTHETIC_HUMAN_SCENARIO,"{""criterion"":""NO_VERIFIED_PUBLIC_REQUIREMENT_VIOLATION"",""evidence_candidate_refs"":[""EV_APP0243_DOCUMENT_SCREEN_DOCUMENT_REVIEW_M1_SKILL_01"",""EV_APP0243_DOCUMENT_SCREEN_DOCUMENT_REVIEW_M1_SKILL_04"",""EV_APP0243_DOCUMENT_SCREEN_DOCUMENT_REVIEW_M1_SKILL_05"",""EV_APP0243_DOCUMENT_SCREEN_DOCUMENT_REVIEW_M1_SKILL_06"",""EV_APP0243_DOCUMENT_SCREEN_DOCUMENT_REVIEW_M1_SKILL_08""],""follow_up_skills"":[""M1_SKILL_01"",""M1_SKILL_04"",""M1_SKILL_05"",""M1_SKILL_06"",""M1_SKILL_08""],""human_rationale"":""공개 기본요건의 검증된 위반 없음. 자기기술을 후속검증 질문으로 전달하며 Skill을 확정하지 않는다."",""observation_refs"":[""OB_REVIEW_ML_01_EV_APP0243_DOCUMENT_SCREEN_DOCUMENT_REVIEW_M1_SKILL_01"",""OB_REVIEW_HM_01_EV_APP0243_DOCUMENT_SCREEN_DOCUMENT_REVIEW_M1_SKILL_01"",""OB_REVIEW_ML_01_EV_APP0243_DOCUMENT_SCREEN_DOCUMENT_REVIEW_M1_SKILL_04"",""OB_REVIEW_HM_01_EV_APP0243_DOCUMENT_SCREEN_DOCUMENT_REVIEW_M1_SKILL_04"",""OB_REVIEW_ML_01_EV_APP0243_DOCUMENT_SCREEN_DOCUMENT_REVIEW_M1_SKILL_05"",""OB_REVIEW_HM_01_EV_APP0243_DOCUMENT_SCREEN_DOCUMENT_REVIEW_M1_SKILL_05"",""OB_REVIEW_ML_01_EV_APP0243_DOCUMENT_SCREEN_DOCUMENT_REVIEW_M1_SKILL_06"",""OB_REVIEW_HM_01_EV_APP0243_DOCUMENT_SCREEN_DOCUMENT_REVIEW_M1_SKILL_06"",""OB_REVIEW_ML_01_EV_APP0243_DOCUMENT_SCREEN_DOCUMENT_REVIEW_M1_SKILL_08"",""OB_REVIEW_HM_01_EV_APP0243_DOCUMENT_SCREEN_DOCUMENT_REVIEW_M1_SKILL_08""],""stage"":""DOCUMENT_SCREEN""}"
APP0227_DOCUMENT_SCREEN,APP0227,C0227,DOCUMENT_SCREEN,2026-10-27T15:46:00+09:00,,,2026-10-27T15:46:00+09:00,2026-11-01T16:06:00+09:00,2026-11-01T16:06:00+09:00,,ADVANCED,EVIDENCE_CANDIDATES_FOUND,,SYNTHETIC_HUMAN_SCENARIO,"{""criterion"":""NO_VERIFIED_PUBLIC_REQUIREMENT_VIOLATION"",""evidence_candidate_refs"":[""EV_APP0227_DOCUMENT_SCREEN_DOCUMENT_REVIEW_M1_SKILL_01"",""EV_APP0227_DOCUMENT_SCREEN_DOCUMENT_REVIEW_M1_SKILL_04"",""EV_APP0227_DOCUMENT_SCREEN_DOCUMENT_REVIEW_M1_SKILL_05"",""EV_APP0227_DOCUMENT_SCREEN_DOCUMENT_REVIEW_M1_SKILL_06"",""EV_APP0227_DOCUMENT_SCREEN_DOCUMENT_REVIEW_M1_SKILL_08""],""follow_up_skills"":[""M1_SKILL_01"",""M1_SKILL_04"",""M1_SKILL_05"",""M1_SKILL_06"",""M1_SKILL_08""],""human_rationale"":""공개 기본요건의 검증된 위반 없음. 자기기술을 후속검증 질문으로 전달하며 Skill을 확정하지 않는다."",""observation_refs"":[""OB_REVIEW_ML_01_EV_APP0227_DOCUMENT_SCREEN_DOCUMENT_REVIEW_M1_SKILL_01"",""OB_REVIEW_HM_01_EV_APP0227_DOCUMENT_SCREEN_DOCUMENT_REVIEW_M1_SKILL_01"",""OB_REVIEW_ML_01_EV_APP0227_DOCUMENT_SCREEN_DOCUMENT_REVIEW_M1_SKILL_04"",""OB_REVIEW_HM_01_EV_APP0227_DOCUMENT_SCREEN_DOCUMENT_REVIEW_M1_SKILL_04"",""OB_REVIEW_ML_01_EV_APP0227_DOCUMENT_SCREEN_DOCUMENT_REVIEW_M1_SKILL_05"",""OB_REVIEW_HM_01_EV_APP0227_DOCUMENT_SCREEN_DOCUMENT_REVIEW_M1_SKILL_05"",""OB_REVIEW_ML_01_EV_APP0227_DOCUMENT_SCREEN_DOCUMENT_REVIEW_M1_SKILL_06"",""OB_REVIEW_HM_01_EV_APP0227_DOCUMENT_SCREEN_DOCUMENT_REVIEW_M1_SKILL_06"",""OB_REVIEW_ML_01_EV_APP0227_DOCUMENT_SCREEN_DOCUMENT_REVIEW_M1_SKILL_08"",""OB_REVIEW_HM_01_EV_APP0227_DOCUMENT_SCREEN_DOCUMENT_REVIEW_M1_SKILL_08""],""stage"":""DOCUMENT_SCREEN""}"
APP0176_DOCUMENT_SCREEN,APP0176,C0176,DOCUMENT_SCREEN,2026-10-27T15:49:00+09:00,,,2026-10-27T15:49:00+09:00,2026-11-01T16:21:00+09:00,2026-11-01T16:21:00+09:00,,ADVANCED,EVIDENCE_CANDIDATES_FOUND,,SYNTHETIC_HUMAN_SCENARIO,"{""criterion"":""NO_VERIFIED_PUBLIC_REQUIREMENT_VIOLATION"",""evidence_candidate_refs"":[""EV_APP0176_DOCUMENT_SCREEN_DOCUMENT_REVIEW_M1_SKILL_01"",""EV_APP0176_DOCUMENT_SCREEN_DOCUMENT_REVIEW_M1_SKILL_04"",""EV_APP0176_DOCUMENT_SCREEN_DOCUMENT_REVIEW_M1_SKILL_05"",""EV_APP0176_DOCUMENT_SCREEN_DOCUMENT_REVIEW_M1_SKILL_06"",""EV_APP0176_DOCUMENT_SCREEN_DOCUMENT_REVIEW_M1_SKILL_08""],""follow_up_skills"":[""M1_SKILL_01"",""M1_SKILL_04"",""M1_SKILL_05"",""M1_SKILL_06"",""M1_SKILL_08""],""human_rationale"":""공개 기본요건의 검증된 위반 없음. 자기기술을 후속검증 질문으로 전달하며 Skill을 확정하지 않는다."",""observation_refs"":[""OB_REVIEW_ML_01_EV_APP0176_DOCUMENT_SCREEN_DOCUMENT_REVIEW_M1_SKILL_01"",""OB_REVIEW_HM_01_EV_APP0176_DOCUMENT_SCREEN_DOCUMENT_REVIEW_M1_SKILL_01"",""OB_REVIEW_ML_01_EV_APP0176_DOCUMENT_SCREEN_DOCUMENT_REVIEW_M1_SKILL_04"",""OB_REVIEW_HM_01_EV_APP0176_DOCUMENT_SCREEN_DOCUMENT_REVIEW_M1_SKILL_04"",""OB_REVIEW_ML_01_EV_APP0176_DOCUMENT_SCREEN_DOCUMENT_REVIEW_M1_SKILL_05"",""OB_REVIEW_HM_01_EV_APP0176_DOCUMENT_SCREEN_DOCUMENT_REVIEW_M1_SKILL_05"",""OB_REVIEW_ML_01_EV_APP0176_DOCUMENT_SCREEN_DOCUMENT_REVIEW_M1_SKILL_06"",""OB_REVIEW_HM_01_EV_APP0176_DOCUMENT_SCREEN_DOCUMENT_REVIEW_M1_SKILL_06"",""OB_REVIEW_ML_01_EV_APP0176_DOCUMENT_SCREEN_DOCUMENT_REVIEW_M1_SKILL_08"",""OB_REVIEW_HM_01_EV_APP0176_DOCUMENT_SCREEN_DOCUMENT_REVIEW_M1_SKILL_08""],""stage"":""DOCUMENT_SCREEN""}"
APP0213_DOCUMENT_SCREEN,APP0213,C0213,DOCUMENT_SCREEN,2026-10-27T16:20:00+09:00,,,2026-10-27T16:20:00+09:00,2026-11-03T16:35:00+09:00,2026-11-03T16:35:00+09:00,,ADVANCED,EVIDENCE_CANDIDATES_FOUND,,SYNTHETIC_HUMAN_SCENARIO,"{""criterion"":""NO_VERIFIED_PUBLIC_REQUIREMENT_VIOLATION"",""evidence_candidate_refs"":[""EV_APP0213_DOCUMENT_SCREEN_DOCUMENT_REVIEW_M1_SKILL_01"",""EV_APP0213_DOCUMENT_SCREEN_DOCUMENT_REVIEW_M1_SKILL_04"",""EV_APP0213_DOCUMENT_SCREEN_DOCUMENT_REVIEW_M1_SKILL_05"",""EV_APP0213_DOCUMENT_SCREEN_DOCUMENT_REVIEW_M1_SKILL_06"",""EV_APP0213_DOCUMENT_SCREEN_DOCUMENT_REVIEW_M1_SKILL_08""],""follow_up_skills"":[""M1_SKILL_01"",""M1_SKILL_04"",""M1_SKILL_05"",""M1_SKILL_06"",""M1_SKILL_08""],""human_rationale"":""공개 기본요건의 검증된 위반 없음. 자기기술을 후속검증 질문으로 전달하며 Skill을 확정하지 않는다."",""observation_refs"":[""OB_REVIEW_ML_01_EV_APP0213_DOCUMENT_SCREEN_DOCUMENT_REVIEW_M1_SKILL_01"",""OB_REVIEW_HM_01_EV_APP0213_DOCUMENT_SCREEN_DOCUMENT_REVIEW_M1_SKILL_01"",""OB_REVIEW_ML_01_EV_APP0213_DOCUMENT_SCREEN_DOCUMENT_REVIEW_M1_SKILL_04"",""OB_REVIEW_HM_01_EV_APP0213_DOCUMENT_SCREEN_DOCUMENT_REVIEW_M1_SKILL_04"",""OB_REVIEW_ML_01_EV_APP0213_DOCUMENT_SCREEN_DOCUMENT_REVIEW_M1_SKILL_05"",""OB_REVIEW_HM_01_EV_APP0213_DOCUMENT_SCREEN_DOCUMENT_REVIEW_M1_SKILL_05"",""OB_REVIEW_ML_01_EV_APP0213_DOCUMENT_SCREEN_DOCUMENT_REVIEW_M1_SKILL_06"",""OB_REVIEW_HM_01_EV_APP0213_DOCUMENT_SCREEN_DOCUMENT_REVIEW_M1_SKILL_06"",""OB_REVIEW_ML_01_EV_APP0213_DOCUMENT_SCREEN_DOCUMENT_REVIEW_M1_SKILL_08"",""OB_REVIEW_HM_01_EV_APP0213_DOCUMENT_SCREEN_DOCUMENT_REVIEW_M1_SKILL_08""],""stage"":""DOCUMENT_SCREEN""}"
APP0215_DOCUMENT_SCREEN,APP0215,C0215,DOCUMENT_SCREEN,2026-10-27T16:23:00+09:00,,,2026-10-27T16:23:00+09:00,2026-11-05T16:48:00+09:00,2026-11-07T16:48:00+09:00,,ADVANCED,EVIDENCE_CANDIDATES_FOUND,,SYNTHETIC_HUMAN_SCENARIO,"{""criterion"":""NO_VERIFIED_PUBLIC_REQUIREMENT_VIOLATION"",""evidence_candidate_refs"":[""EV_APP0215_DOCUMENT_SCREEN_DOCUMENT_REVIEW_M1_SKILL_01"",""EV_APP0215_DOCUMENT_SCREEN_DOCUMENT_REVIEW_M1_SKILL_04"",""EV_APP0215_DOCUMENT_SCREEN_DOCUMENT_REVIEW_M1_SKILL_05"",""EV_APP0215_DOCUMENT_SCREEN_DOCUMENT_REVIEW_M1_SKILL_06"",""EV_APP0215_DOCUMENT_SCREEN_DOCUMENT_REVIEW_M1_SKILL_08""],""follow_up_skills"":[""M1_SKILL_01"",""M1_SKILL_04"",""M1_SKILL_05"",""M1_SKILL_06"",""M1_SKILL_08""],""human_rationale"":""공개 기본요건의 검증된 위반 없음. 자기기술을 후속검증 질문으로 전달하며 Skill을 확정하지 않는다."",""observation_refs"":[""OB_REVIEW_ML_01_EV_APP0215_DOCUMENT_SCREEN_DOCUMENT_REVIEW_M1_SKILL_01"",""OB_REVIEW_HM_01_EV_APP0215_DOCUMENT_SCREEN_DOCUMENT_REVIEW_M1_SKILL_01"",""OB_REVIEW_ML_01_EV_APP0215_DOCUMENT_SCREEN_DOCUMENT_REVIEW_M1_SKILL_04"",""OB_REVIEW_HM_01_EV_APP0215_DOCUMENT_SCREEN_DOCUMENT_REVIEW_M1_SKILL_04"",""OB_REVIEW_ML_01_EV_APP0215_DOCUMENT_SCREEN_DOCUMENT_REVIEW_M1_SKILL_05"",""OB_REVIEW_HM_01_EV_APP0215_DOCUMENT_SCREEN_DOCUMENT_REVIEW_M1_SKILL_05"",""OB_REVIEW_ML_01_EV_APP0215_DOCUMENT_SCREEN_DOCUMENT_REVIEW_M1_SKILL_06"",""OB_REVIEW_HM_01_EV_APP0215_DOCUMENT_SCREEN_DOCUMENT_REVIEW_M1_SKILL_06"",""OB_REVIEW_ML_01_EV_APP0215_DOCUMENT_SCREEN_DOCUMENT_REVIEW_M1_SKILL_08"",""OB_REVIEW_HM_01_EV_APP0215_DOCUMENT_SCREEN_DOCUMENT_REVIEW_M1_SKILL_08""],""stage"":""DOCUMENT_SCREEN""}"
APP0137_DOCUMENT_SCREEN,APP0137,C0137,DOCUMENT_SCREEN,2026-10-27T16:55:00+09:00,,,2026-10-27T16:55:00+09:00,2026-11-01T17:10:00+09:00,2026-11-03T17:10:00+09:00,,ADVANCED,EVIDENCE_CANDIDATES_FOUND,,SYNTHETIC_HUMAN_SCENARIO,"{""criterion"":""NO_VERIFIED_PUBLIC_REQUIREMENT_VIOLATION"",""evidence_candidate_refs"":[""EV_APP0137_DOCUMENT_SCREEN_DOCUMENT_REVIEW_M1_SKILL_01"",""EV_APP0137_DOCUMENT_SCREEN_DOCUMENT_REVIEW_M1_SKILL_04"",""EV_APP0137_DOCUMENT_SCREEN_DOCUMENT_REVIEW_M1_SKILL_05"",""EV_APP0137_DOCUMENT_SCREEN_DOCUMENT_REVIEW_M1_SKILL_06"",""EV_APP0137_DOCUMENT_SCREEN_DOCUMENT_REVIEW_M1_SKILL_08""],""follow_up_skills"":[""M1_SKILL_01"",""M1_SKILL_04"",""M1_SKILL_05"",""M1_SKILL_06"",""M1_SKILL_08""],""human_rationale"":""공개 기본요건의 검증된 위반 없음. 자기기술을 후속검증 질문으로 전달하며 Skill을 확정하지 않는다."",""observation_refs"":[""OB_REVIEW_ML_01_EV_APP0137_DOCUMENT_SCREEN_DOCUMENT_REVIEW_M1_SKILL_01"",""OB_REVIEW_HM_01_EV_APP0137_DOCUMENT_SCREEN_DOCUMENT_REVIEW_M1_SKILL_01"",""OB_REVIEW_ML_01_EV_APP0137_DOCUMENT_SCREEN_DOCUMENT_REVIEW_M1_SKILL_04"",""OB_REVIEW_HM_01_EV_APP0137_DOCUMENT_SCREEN_DOCUMENT_REVIEW_M1_SKILL_04"",""OB_REVIEW_ML_01_EV_APP0137_DOCUMENT_SCREEN_DOCUMENT_REVIEW_M1_SKILL_05"",""OB_REVIEW_HM_01_EV_APP0137_DOCUMENT_SCREEN_DOCUMENT_REVIEW_M1_SKILL_05"",""OB_REVIEW_ML_01_EV_APP0137_DOCUMENT_SCREEN_DOCUMENT_REVIEW_M1_SKILL_06"",""OB_REVIEW_HM_01_EV_APP0137_DOCUMENT_SCREEN_DOCUMENT_REVIEW_M1_SKILL_06"",""OB_REVIEW_ML_01_EV_APP0137_DOCUMENT_SCREEN_DOCUMENT_REVIEW_M1_SKILL_08"",""OB_REVIEW_HM_01_EV_APP0137_DOCUMENT_SCREEN_DOCUMENT_REVIEW_M1_SKILL_08""],""stage"":""DOCUMENT_SCREEN""}"
APP0146_DOCUMENT_SCREEN,APP0146,C0146,DOCUMENT_SCREEN,2026-10-28T09:56:00+09:00,,,2026-10-28T09:56:00+09:00,2026-10-31T10:26:00+09:00,2026-11-04T10:26:00+09:00,,ADVANCED,EVIDENCE_CANDIDATES_FOUND,,SYNTHETIC_HUMAN_SCENARIO,"{""criterion"":""NO_VERIFIED_PUBLIC_REQUIREMENT_VIOLATION"",""evidence_candidate_refs"":[""EV_APP0146_DOCUMENT_SCREEN_DOCUMENT_REVIEW_M1_SKILL_01"",""EV_APP0146_DOCUMENT_SCREEN_DOCUMENT_REVIEW_M1_SKILL_04"",""EV_APP0146_DOCUMENT_SCREEN_DOCUMENT_REVIEW_M1_SKILL_05"",""EV_APP0146_DOCUMENT_SCREEN_DOCUMENT_REVIEW_M1_SKILL_06"",""EV_APP0146_DOCUMENT_SCREEN_DOCUMENT_REVIEW_M1_SKILL_08""],""follow_up_skills"":[""M1_SKILL_01"",""M1_SKILL_04"",""M1_SKILL_05"",""M1_SKILL_06"",""M1_SKILL_08""],""human_rationale"":""공개 기본요건의 검증된 위반 없음. 자기기술을 후속검증 질문으로 전달하며 Skill을 확정하지 않는다."",""observation_refs"":[""OB_REVIEW_ML_01_EV_APP0146_DOCUMENT_SCREEN_DOCUMENT_REVIEW_M1_SKILL_01"",""OB_REVIEW_HM_01_EV_APP0146_DOCUMENT_SCREEN_DOCUMENT_REVIEW_M1_SKILL_01"",""OB_REVIEW_ML_01_EV_APP0146_DOCUMENT_SCREEN_DOCUMENT_REVIEW_M1_SKILL_04"",""OB_REVIEW_HM_01_EV_APP0146_DOCUMENT_SCREEN_DOCUMENT_REVIEW_M1_SKILL_04"",""OB_REVIEW_ML_01_EV_APP0146_DOCUMENT_SCREEN_DOCUMENT_REVIEW_M1_SKILL_05"",""OB_REVIEW_HM_01_EV_APP0146_DOCUMENT_SCREEN_DOCUMENT_REVIEW_M1_SKILL_05"",""OB_REVIEW_ML_01_EV_APP0146_DOCUMENT_SCREEN_DOCUMENT_REVIEW_M1_SKILL_06"",""OB_REVIEW_HM_01_EV_APP0146_DOCUMENT_SCREEN_DOCUMENT_REVIEW_M1_SKILL_06"",""OB_REVIEW_ML_01_EV_APP0146_DOCUMENT_SCREEN_DOCUMENT_REVIEW_M1_SKILL_08"",""OB_REVIEW_HM_01_EV_APP0146_DOCUMENT_SCREEN_DOCUMENT_REVIEW_M1_SKILL_08""],""stage"":""DOCUMENT_SCREEN""}"
APP0223_DOCUMENT_SCREEN,APP0223,C0223,DOCUMENT_SCREEN,2026-10-28T09:56:00+09:00,,,2026-10-28T09:56:00+09:00,2026-11-02T10:46:00+09:00,2026-11-04T10:46:00+09:00,,ADVANCED,EVIDENCE_CANDIDATES_FOUND,,SYNTHETIC_HUMAN_SCENARIO,"{""criterion"":""NO_VERIFIED_PUBLIC_REQUIREMENT_VIOLATION"",""evidence_candidate_refs"":[""EV_APP0223_DOCUMENT_SCREEN_DOCUMENT_REVIEW_M1_SKILL_01"",""EV_APP0223_DOCUMENT_SCREEN_DOCUMENT_REVIEW_M1_SKILL_04"",""EV_APP0223_DOCUMENT_SCREEN_DOCUMENT_REVIEW_M1_SKILL_05"",""EV_APP0223_DOCUMENT_SCREEN_DOCUMENT_REVIEW_M1_SKILL_06"",""EV_APP0223_DOCUMENT_SCREEN_DOCUMENT_REVIEW_M1_SKILL_08""],""follow_up_skills"":[""M1_SKILL_01"",""M1_SKILL_04"",""M1_SKILL_05"",""M1_SKILL_06"",""M1_SKILL_08""],""human_rationale"":""공개 기본요건의 검증된 위반 없음. 자기기술을 후속검증 질문으로 전달하며 Skill을 확정하지 않는다."",""observation_refs"":[""OB_REVIEW_ML_01_EV_APP0223_DOCUMENT_SCREEN_DOCUMENT_REVIEW_M1_SKILL_01"",""OB_REVIEW_HM_01_EV_APP0223_DOCUMENT_SCREEN_DOCUMENT_REVIEW_M1_SKILL_01"",""OB_REVIEW_ML_01_EV_APP0223_DOCUMENT_SCREEN_DOCUMENT_REVIEW_M1_SKILL_04"",""OB_REVIEW_HM_01_EV_APP0223_DOCUMENT_SCREEN_DOCUMENT_REVIEW_M1_SKILL_04"",""OB_REVIEW_ML_01_EV_APP0223_DOCUMENT_SCREEN_DOCUMENT_REVIEW_M1_SKILL_05"",""OB_REVIEW_HM_01_EV_APP0223_DOCUMENT_SCREEN_DOCUMENT_REVIEW_M1_SKILL_05"",""OB_REVIEW_ML_01_EV_APP0223_DOCUMENT_SCREEN_DOCUMENT_REVIEW_M1_SKILL_06"",""OB_REVIEW_HM_01_EV_APP0223_DOCUMENT_SCREEN_DOCUMENT_REVIEW_M1_SKILL_06"",""OB_REVIEW_ML_01_EV_APP0223_DOCUMENT_SCREEN_DOCUMENT_REVIEW_M1_SKILL_08"",""OB_REVIEW_HM_01_EV_APP0223_DOCUMENT_SCREEN_DOCUMENT_REVIEW_M1_SKILL_08""],""stage"":""DOCUMENT_SCREEN""}"
APP0248_DOCUMENT_SCREEN,APP0248,C0248,DOCUMENT_SCREEN,2026-10-28T12:12:00+09:00,,,2026-10-28T12:12:00+09:00,2026-11-04T12:32:00+09:00,2026-11-04T12:32:00+09:00,,ADVANCED,EVIDENCE_CANDIDATES_FOUND,,SYNTHETIC_HUMAN_SCENARIO,"{""criterion"":""NO_VERIFIED_PUBLIC_REQUIREMENT_VIOLATION"",""evidence_candidate_refs"":[""EV_APP0248_DOCUMENT_SCREEN_DOCUMENT_REVIEW_M1_SKILL_01"",""EV_APP0248_DOCUMENT_SCREEN_DOCUMENT_REVIEW_M1_SKILL_04"",""EV_APP0248_DOCUMENT_SCREEN_DOCUMENT_REVIEW_M1_SKILL_05"",""EV_APP0248_DOCUMENT_SCREEN_DOCUMENT_REVIEW_M1_SKILL_06"",""EV_APP0248_DOCUMENT_SCREEN_DOCUMENT_REVIEW_M1_SKILL_08""],""follow_up_skills"":[""M1_SKILL_01"",""M1_SKILL_04"",""M1_SKILL_05"",""M1_SKILL_06"",""M1_SKILL_08""],""human_rationale"":""공개 기본요건의 검증된 위반 없음. 자기기술을 후속검증 질문으로 전달하며 Skill을 확정하지 않는다."",""observation_refs"":[""OB_REVIEW_ML_01_EV_APP0248_DOCUMENT_SCREEN_DOCUMENT_REVIEW_M1_SKILL_01"",""OB_REVIEW_HM_01_EV_APP0248_DOCUMENT_SCREEN_DOCUMENT_REVIEW_M1_SKILL_01"",""OB_REVIEW_ML_01_EV_APP0248_DOCUMENT_SCREEN_DOCUMENT_REVIEW_M1_SKILL_04"",""OB_REVIEW_HM_01_EV_APP0248_DOCUMENT_SCREEN_DOCUMENT_REVIEW_M1_SKILL_04"",""OB_REVIEW_ML_01_EV_APP0248_DOCUMENT_SCREEN_DOCUMENT_REVIEW_M1_SKILL_05"",""OB_REVIEW_HM_01_EV_APP0248_DOCUMENT_SCREEN_DOCUMENT_REVIEW_M1_SKILL_05"",""OB_REVIEW_ML_01_EV_APP0248_DOCUMENT_SCREEN_DOCUMENT_REVIEW_M1_SKILL_06"",""OB_REVIEW_HM_01_EV_APP0248_DOCUMENT_SCREEN_DOCUMENT_REVIEW_M1_SKILL_06"",""OB_REVIEW_ML_01_EV_APP0248_DOCUMENT_SCREEN_DOCUMENT_REVIEW_M1_SKILL_08"",""OB_REVIEW_HM_01_EV_APP0248_DOCUMENT_SCREEN_DOCUMENT_REVIEW_M1_SKILL_08""],""stage"":""DOCUMENT_SCREEN""}"
APP0263_DOCUMENT_SCREEN,APP0263,C0263,DOCUMENT_SCREEN,2026-10-28T12:46:00+09:00,,,2026-10-28T12:46:00+09:00,2026-11-02T13:11:00+09:00,2026-11-04T13:11:00+09:00,,ADVANCED,EVIDENCE_CANDIDATES_FOUND,,SYNTHETIC_HUMAN_SCENARIO,"{""criterion"":""NO_VERIFIED_PUBLIC_REQUIREMENT_VIOLATION"",""evidence_candidate_refs"":[""EV_APP0263_DOCUMENT_SCREEN_DOCUMENT_REVIEW_M1_SKILL_01"",""EV_APP0263_DOCUMENT_SCREEN_DOCUMENT_REVIEW_M1_SKILL_04"",""EV_APP0263_DOCUMENT_SCREEN_DOCUMENT_REVIEW_M1_SKILL_05"",""EV_APP0263_DOCUMENT_SCREEN_DOCUMENT_REVIEW_M1_SKILL_06"",""EV_APP0263_DOCUMENT_SCREEN_DOCUMENT_REVIEW_M1_SKILL_08""],""follow_up_skills"":[""M1_SKILL_01"",""M1_SKILL_04"",""M1_SKILL_05"",""M1_SKILL_06"",""M1_SKILL_08""],""human_rationale"":""공개 기본요건의 검증된 위반 없음. 자기기술을 후속검증 질문으로 전달하며 Skill을 확정하지 않는다."",""observation_refs"":[""OB_REVIEW_ML_01_EV_APP0263_DOCUMENT_SCREEN_DOCUMENT_REVIEW_M1_SKILL_01"",""OB_REVIEW_HM_01_EV_APP0263_DOCUMENT_SCREEN_DOCUMENT_REVIEW_M1_SKILL_01"",""OB_REVIEW_ML_01_EV_APP0263_DOCUMENT_SCREEN_DOCUMENT_REVIEW_M1_SKILL_04"",""OB_REVIEW_HM_01_EV_APP0263_DOCUMENT_SCREEN_DOCUMENT_REVIEW_M1_SKILL_04"",""OB_REVIEW_ML_01_EV_APP0263_DOCUMENT_SCREEN_DOCUMENT_REVIEW_M1_SKILL_05"",""OB_REVIEW_HM_01_EV_APP0263_DOCUMENT_SCREEN_DOCUMENT_REVIEW_M1_SKILL_05"",""OB_REVIEW_ML_01_EV_APP0263_DOCUMENT_SCREEN_DOCUMENT_REVIEW_M1_SKILL_06"",""OB_REVIEW_HM_01_EV_APP0263_DOCUMENT_SCREEN_DOCUMENT_REVIEW_M1_SKILL_06"",""OB_REVIEW_ML_01_EV_APP0263_DOCUMENT_SCREEN_DOCUMENT_REVIEW_M1_SKILL_08"",""OB_REVIEW_HM_01_EV_APP0263_DOCUMENT_SCREEN_DOCUMENT_REVIEW_M1_SKILL_08""],""stage"":""DOCUMENT_SCREEN""}"
APP0152_DOCUMENT_SCREEN,APP0152,C0152,DOCUMENT_SCREEN,2026-10-28T13:18:00+09:00,,,2026-10-28T13:18:00+09:00,2026-11-01T13:43:00+09:00,2026-11-02T13:43:00+09:00,,ADVANCED,EVIDENCE_CANDIDATES_FOUND,,SYNTHETIC_HUMAN_SCENARIO,"{""criterion"":""NO_VERIFIED_PUBLIC_REQUIREMENT_VIOLATION"",""evidence_candidate_refs"":[""EV_APP0152_DOCUMENT_SCREEN_DOCUMENT_REVIEW_M1_SKILL_01"",""EV_APP0152_DOCUMENT_SCREEN_DOCUMENT_REVIEW_M1_SKILL_04"",""EV_APP0152_DOCUMENT_SCREEN_DOCUMENT_REVIEW_M1_SKILL_05"",""EV_APP0152_DOCUMENT_SCREEN_DOCUMENT_REVIEW_M1_SKILL_06"",""EV_APP0152_DOCUMENT_SCREEN_DOCUMENT_REVIEW_M1_SKILL_08""],""follow_up_skills"":[""M1_SKILL_01"",""M1_SKILL_04"",""M1_SKILL_05"",""M1_SKILL_06"",""M1_SKILL_08""],""human_rationale"":""공개 기본요건의 검증된 위반 없음. 자기기술을 후속검증 질문으로 전달하며 Skill을 확정하지 않는다."",""observation_refs"":[""OB_REVIEW_ML_01_EV_APP0152_DOCUMENT_SCREEN_DOCUMENT_REVIEW_M1_SKILL_01"",""OB_REVIEW_HM_01_EV_APP0152_DOCUMENT_SCREEN_DOCUMENT_REVIEW_M1_SKILL_01"",""OB_REVIEW_ML_01_EV_APP0152_DOCUMENT_SCREEN_DOCUMENT_REVIEW_M1_SKILL_04"",""OB_REVIEW_HM_01_EV_APP0152_DOCUMENT_SCREEN_DOCUMENT_REVIEW_M1_SKILL_04"",""OB_REVIEW_ML_01_EV_APP0152_DOCUMENT_SCREEN_DOCUMENT_REVIEW_M1_SKILL_05"",""OB_REVIEW_HM_01_EV_APP0152_DOCUMENT_SCREEN_DOCUMENT_REVIEW_M1_SKILL_05"",""OB_REVIEW_ML_01_EV_APP0152_DOCUMENT_SCREEN_DOCUMENT_REVIEW_M1_SKILL_06"",""OB_REVIEW_HM_01_EV_APP0152_DOCUMENT_SCREEN_DOCUMENT_REVIEW_M1_SKILL_06"",""OB_REVIEW_ML_01_EV_APP0152_DOCUMENT_SCREEN_DOCUMENT_REVIEW_M1_SKILL_08"",""OB_REVIEW_HM_01_EV_APP0152_DOCUMENT_SCREEN_DOCUMENT_REVIEW_M1_SKILL_08""],""stage"":""DOCUMENT_SCREEN""}"
APP0235_DOCUMENT_SCREEN,APP0235,C0235,DOCUMENT_SCREEN,2026-10-28T14:12:00+09:00,,,2026-10-28T14:12:00+09:00,2026-11-05T14:59:00+09:00,2026-11-09T14:59:00+09:00,,ADVANCED,EVIDENCE_CANDIDATES_FOUND,,SYNTHETIC_HUMAN_SCENARIO,"{""criterion"":""NO_VERIFIED_PUBLIC_REQUIREMENT_VIOLATION"",""evidence_candidate_refs"":[""EV_APP0235_DOCUMENT_SCREEN_DOCUMENT_REVIEW_M1_SKILL_01"",""EV_APP0235_DOCUMENT_SCREEN_DOCUMENT_REVIEW_M1_SKILL_04"",""EV_APP0235_DOCUMENT_SCREEN_DOCUMENT_REVIEW_M1_SKILL_05"",""EV_APP0235_DOCUMENT_SCREEN_DOCUMENT_REVIEW_M1_SKILL_06"",""EV_APP0235_DOCUMENT_SCREEN_DOCUMENT_REVIEW_M1_SKILL_08""],""follow_up_skills"":[""M1_SKILL_01"",""M1_SKILL_04"",""M1_SKILL_05"",""M1_SKILL_06"",""M1_SKILL_08""],""human_rationale"":""공개 기본요건의 검증된 위반 없음. 자기기술을 후속검증 질문으로 전달하며 Skill을 확정하지 않는다."",""observation_refs"":[""OB_REVIEW_ML_01_EV_APP0235_DOCUMENT_SCREEN_DOCUMENT_REVIEW_M1_SKILL_01"",""OB_REVIEW_HM_01_EV_APP0235_DOCUMENT_SCREEN_DOCUMENT_REVIEW_M1_SKILL_01"",""OB_REVIEW_ML_01_EV_APP0235_DOCUMENT_SCREEN_DOCUMENT_REVIEW_M1_SKILL_04"",""OB_REVIEW_HM_01_EV_APP0235_DOCUMENT_SCREEN_DOCUMENT_REVIEW_M1_SKILL_04"",""OB_REVIEW_ML_01_EV_APP0235_DOCUMENT_SCREEN_DOCUMENT_REVIEW_M1_SKILL_05"",""OB_REVIEW_HM_01_EV_APP0235_DOCUMENT_SCREEN_DOCUMENT_REVIEW_M1_SKILL_05"",""OB_REVIEW_ML_01_EV_APP0235_DOCUMENT_SCREEN_DOCUMENT_REVIEW_M1_SKILL_06"",""OB_REVIEW_HM_01_EV_APP0235_DOCUMENT_SCREEN_DOCUMENT_REVIEW_M1_SKILL_06"",""OB_REVIEW_ML_01_EV_APP0235_DOCUMENT_SCREEN_DOCUMENT_REVIEW_M1_SKILL_08"",""OB_REVIEW_HM_01_EV_APP0235_DOCUMENT_SCREEN_DOCUMENT_REVIEW_M1_SKILL_08""],""stage"":""DOCUMENT_SCREEN""}"
APP0231_DOCUMENT_SCREEN,APP0231,C0231,DOCUMENT_SCREEN,2026-10-28T14:46:00+09:00,,,2026-10-28T14:46:00+09:00,2026-11-02T15:49:00+09:00,2026-11-03T15:49:00+09:00,,ADVANCED,EVIDENCE_CANDIDATES_FOUND,,SYNTHETIC_HUMAN_SCENARIO,"{""criterion"":""NO_VERIFIED_PUBLIC_REQUIREMENT_VIOLATION"",""evidence_candidate_refs"":[""EV_APP0231_DOCUMENT_SCREEN_DOCUMENT_REVIEW_M1_SKILL_01"",""EV_APP0231_DOCUMENT_SCREEN_DOCUMENT_REVIEW_M1_SKILL_04"",""EV_APP0231_DOCUMENT_SCREEN_DOCUMENT_REVIEW_M1_SKILL_05"",""EV_APP0231_DOCUMENT_SCREEN_DOCUMENT_REVIEW_M1_SKILL_06"",""EV_APP0231_DOCUMENT_SCREEN_DOCUMENT_REVIEW_M1_SKILL_08""],""follow_up_skills"":[""M1_SKILL_01"",""M1_SKILL_04"",""M1_SKILL_05"",""M1_SKILL_06"",""M1_SKILL_08""],""human_rationale"":""공개 기본요건의 검증된 위반 없음. 자기기술을 후속검증 질문으로 전달하며 Skill을 확정하지 않는다."",""observation_refs"":[""OB_REVIEW_ML_01_EV_APP0231_DOCUMENT_SCREEN_DOCUMENT_REVIEW_M1_SKILL_01"",""OB_REVIEW_HM_01_EV_APP0231_DOCUMENT_SCREEN_DOCUMENT_REVIEW_M1_SKILL_01"",""OB_REVIEW_ML_01_EV_APP0231_DOCUMENT_SCREEN_DOCUMENT_REVIEW_M1_SKILL_04"",""OB_REVIEW_HM_01_EV_APP0231_DOCUMENT_SCREEN_DOCUMENT_REVIEW_M1_SKILL_04"",""OB_REVIEW_ML_01_EV_APP0231_DOCUMENT_SCREEN_DOCUMENT_REVIEW_M1_SKILL_05"",""OB_REVIEW_HM_01_EV_APP0231_DOCUMENT_SCREEN_DOCUMENT_REVIEW_M1_SKILL_05"",""OB_REVIEW_ML_01_EV_APP0231_DOCUMENT_SCREEN_DOCUMENT_REVIEW_M1_SKILL_06"",""OB_REVIEW_HM_01_EV_APP0231_DOCUMENT_SCREEN_DOCUMENT_REVIEW_M1_SKILL_06"",""OB_REVIEW_ML_01_EV_APP0231_DOCUMENT_SCREEN_DOCUMENT_REVIEW_M1_SKILL_08"",""OB_REVIEW_HM_01_EV_APP0231_DOCUMENT_SCREEN_DOCUMENT_REVIEW_M1_SKILL_08""],""stage"":""DOCUMENT_SCREEN""}"
APP0228_DOCUMENT_SCREEN,APP0228,C0228,DOCUMENT_SCREEN,2026-10-28T15:29:00+09:00,,,2026-10-28T15:29:00+09:00,2026-11-02T16:09:00+09:00,2026-11-03T16:09:00+09:00,,ADVANCED,EVIDENCE_CANDIDATES_FOUND,,SYNTHETIC_HUMAN_SCENARIO,"{""criterion"":""NO_VERIFIED_PUBLIC_REQUIREMENT_VIOLATION"",""evidence_candidate_refs"":[""EV_APP0228_DOCUMENT_SCREEN_DOCUMENT_REVIEW_M1_SKILL_01"",""EV_APP0228_DOCUMENT_SCREEN_DOCUMENT_REVIEW_M1_SKILL_04"",""EV_APP0228_DOCUMENT_SCREEN_DOCUMENT_REVIEW_M1_SKILL_05"",""EV_APP0228_DOCUMENT_SCREEN_DOCUMENT_REVIEW_M1_SKILL_06"",""EV_APP0228_DOCUMENT_SCREEN_DOCUMENT_REVIEW_M1_SKILL_08""],""follow_up_skills"":[""M1_SKILL_01"",""M1_SKILL_04"",""M1_SKILL_05"",""M1_SKILL_06"",""M1_SKILL_08""],""human_rationale"":""공개 기본요건의 검증된 위반 없음. 자기기술을 후속검증 질문으로 전달하며 Skill을 확정하지 않는다."",""observation_refs"":[""OB_REVIEW_ML_01_EV_APP0228_DOCUMENT_SCREEN_DOCUMENT_REVIEW_M1_SKILL_01"",""OB_REVIEW_HM_01_EV_APP0228_DOCUMENT_SCREEN_DOCUMENT_REVIEW_M1_SKILL_01"",""OB_REVIEW_ML_01_EV_APP0228_DOCUMENT_SCREEN_DOCUMENT_REVIEW_M1_SKILL_04"",""OB_REVIEW_HM_01_EV_APP0228_DOCUMENT_SCREEN_DOCUMENT_REVIEW_M1_SKILL_04"",""OB_REVIEW_ML_01_EV_APP0228_DOCUMENT_SCREEN_DOCUMENT_REVIEW_M1_SKILL_05"",""OB_REVIEW_HM_01_EV_APP0228_DOCUMENT_SCREEN_DOCUMENT_REVIEW_M1_SKILL_05"",""OB_REVIEW_ML_01_EV_APP0228_DOCUMENT_SCREEN_DOCUMENT_REVIEW_M1_SKILL_06"",""OB_REVIEW_HM_01_EV_APP0228_DOCUMENT_SCREEN_DOCUMENT_REVIEW_M1_SKILL_06"",""OB_REVIEW_ML_01_EV_APP0228_DOCUMENT_SCREEN_DOCUMENT_REVIEW_M1_SKILL_08"",""OB_REVIEW_HM_01_EV_APP0228_DOCUMENT_SCREEN_DOCUMENT_REVIEW_M1_SKILL_08""],""stage"":""DOCUMENT_SCREEN""}"
APP0148_DOCUMENT_SCREEN,APP0148,C0148,DOCUMENT_SCREEN,2026-10-28T15:49:00+09:00,,,2026-10-28T15:49:00+09:00,2026-11-04T16:14:00+09:00,2026-11-04T16:14:00+09:00,,ADVANCED,EVIDENCE_CANDIDATES_FOUND,,SYNTHETIC_HUMAN_SCENARIO,"{""criterion"":""NO_VERIFIED_PUBLIC_REQUIREMENT_VIOLATION"",""evidence_candidate_refs"":[""EV_APP0148_DOCUMENT_SCREEN_DOCUMENT_REVIEW_M1_SKILL_01"",""EV_APP0148_DOCUMENT_SCREEN_DOCUMENT_REVIEW_M1_SKILL_04"",""EV_APP0148_DOCUMENT_SCREEN_DOCUMENT_REVIEW_M1_SKILL_05"",""EV_APP0148_DOCUMENT_SCREEN_DOCUMENT_REVIEW_M1_SKILL_06"",""EV_APP0148_DOCUMENT_SCREEN_DOCUMENT_REVIEW_M1_SKILL_08""],""follow_up_skills"":[""M1_SKILL_01"",""M1_SKILL_04"",""M1_SKILL_05"",""M1_SKILL_06"",""M1_SKILL_08""],""human_rationale"":""공개 기본요건의 검증된 위반 없음. 자기기술을 후속검증 질문으로 전달하며 Skill을 확정하지 않는다."",""observation_refs"":[""OB_REVIEW_ML_01_EV_APP0148_DOCUMENT_SCREEN_DOCUMENT_REVIEW_M1_SKILL_01"",""OB_REVIEW_HM_01_EV_APP0148_DOCUMENT_SCREEN_DOCUMENT_REVIEW_M1_SKILL_01"",""OB_REVIEW_ML_01_EV_APP0148_DOCUMENT_SCREEN_DOCUMENT_REVIEW_M1_SKILL_04"",""OB_REVIEW_HM_01_EV_APP0148_DOCUMENT_SCREEN_DOCUMENT_REVIEW_M1_SKILL_04"",""OB_REVIEW_ML_01_EV_APP0148_DOCUMENT_SCREEN_DOCUMENT_REVIEW_M1_SKILL_05"",""OB_REVIEW_HM_01_EV_APP0148_DOCUMENT_SCREEN_DOCUMENT_REVIEW_M1_SKILL_05"",""OB_REVIEW_ML_01_EV_APP0148_DOCUMENT_SCREEN_DOCUMENT_REVIEW_M1_SKILL_06"",""OB_REVIEW_HM_01_EV_APP0148_DOCUMENT_SCREEN_DOCUMENT_REVIEW_M1_SKILL_06"",""OB_REVIEW_ML_01_EV_APP0148_DOCUMENT_SCREEN_DOCUMENT_REVIEW_M1_SKILL_08"",""OB_REVIEW_HM_01_EV_APP0148_DOCUMENT_SCREEN_DOCUMENT_REVIEW_M1_SKILL_08""],""stage"":""DOCUMENT_SCREEN""}"
APP0249_DOCUMENT_SCREEN,APP0249,C0249,DOCUMENT_SCREEN,2026-10-28T15:59:00+09:00,,,2026-10-28T15:59:00+09:00,2026-11-06T16:24:00+09:00,2026-11-07T16:24:00+09:00,,ADVANCED,EVIDENCE_CANDIDATES_FOUND,,SYNTHETIC_HUMAN_SCENARIO,"{""criterion"":""NO_VERIFIED_PUBLIC_REQUIREMENT_VIOLATION"",""evidence_candidate_refs"":[""EV_APP0249_DOCUMENT_SCREEN_DOCUMENT_REVIEW_M1_SKILL_01"",""EV_APP0249_DOCUMENT_SCREEN_DOCUMENT_REVIEW_M1_SKILL_04"",""EV_APP0249_DOCUMENT_SCREEN_DOCUMENT_REVIEW_M1_SKILL_05"",""EV_APP0249_DOCUMENT_SCREEN_DOCUMENT_REVIEW_M1_SKILL_06"",""EV_APP0249_DOCUMENT_SCREEN_DOCUMENT_REVIEW_M1_SKILL_08""],""follow_up_skills"":[""M1_SKILL_01"",""M1_SKILL_04"",""M1_SKILL_05"",""M1_SKILL_06"",""M1_SKILL_08""],""human_rationale"":""공개 기본요건의 검증된 위반 없음. 자기기술을 후속검증 질문으로 전달하며 Skill을 확정하지 않는다."",""observation_refs"":[""OB_REVIEW_ML_01_EV_APP0249_DOCUMENT_SCREEN_DOCUMENT_REVIEW_M1_SKILL_01"",""OB_REVIEW_HM_01_EV_APP0249_DOCUMENT_SCREEN_DOCUMENT_REVIEW_M1_SKILL_01"",""OB_REVIEW_ML_01_EV_APP0249_DOCUMENT_SCREEN_DOCUMENT_REVIEW_M1_SKILL_04"",""OB_REVIEW_HM_01_EV_APP0249_DOCUMENT_SCREEN_DOCUMENT_REVIEW_M1_SKILL_04"",""OB_REVIEW_ML_01_EV_APP0249_DOCUMENT_SCREEN_DOCUMENT_REVIEW_M1_SKILL_05"",""OB_REVIEW_HM_01_EV_APP0249_DOCUMENT_SCREEN_DOCUMENT_REVIEW_M1_SKILL_05"",""OB_REVIEW_ML_01_EV_APP0249_DOCUMENT_SCREEN_DOCUMENT_REVIEW_M1_SKILL_06"",""OB_REVIEW_HM_01_EV_APP0249_DOCUMENT_SCREEN_DOCUMENT_REVIEW_M1_SKILL_06"",""OB_REVIEW_ML_01_EV_APP0249_DOCUMENT_SCREEN_DOCUMENT_REVIEW_M1_SKILL_08"",""OB_REVIEW_HM_01_EV_APP0249_DOCUMENT_SCREEN_DOCUMENT_REVIEW_M1_SKILL_08""],""stage"":""DOCUMENT_SCREEN""}"
APP0229_DOCUMENT_SCREEN,APP0229,C0229,DOCUMENT_SCREEN,2026-10-28T16:14:00+09:00,,,2026-10-28T16:14:00+09:00,2026-11-05T16:34:00+09:00,2026-11-06T16:34:00+09:00,,ADVANCED,EVIDENCE_CANDIDATES_FOUND,,SYNTHETIC_HUMAN_SCENARIO,"{""criterion"":""NO_VERIFIED_PUBLIC_REQUIREMENT_VIOLATION"",""evidence_candidate_refs"":[""EV_APP0229_DOCUMENT_SCREEN_DOCUMENT_REVIEW_M1_SKILL_01"",""EV_APP0229_DOCUMENT_SCREEN_DOCUMENT_REVIEW_M1_SKILL_04"",""EV_APP0229_DOCUMENT_SCREEN_DOCUMENT_REVIEW_M1_SKILL_05"",""EV_APP0229_DOCUMENT_SCREEN_DOCUMENT_REVIEW_M1_SKILL_06"",""EV_APP0229_DOCUMENT_SCREEN_DOCUMENT_REVIEW_M1_SKILL_08""],""follow_up_skills"":[""M1_SKILL_01"",""M1_SKILL_04"",""M1_SKILL_05"",""M1_SKILL_06"",""M1_SKILL_08""],""human_rationale"":""공개 기본요건의 검증된 위반 없음. 자기기술을 후속검증 질문으로 전달하며 Skill을 확정하지 않는다."",""observation_refs"":[""OB_REVIEW_ML_01_EV_APP0229_DOCUMENT_SCREEN_DOCUMENT_REVIEW_M1_SKILL_01"",""OB_REVIEW_HM_01_EV_APP0229_DOCUMENT_SCREEN_DOCUMENT_REVIEW_M1_SKILL_01"",""OB_REVIEW_ML_01_EV_APP0229_DOCUMENT_SCREEN_DOCUMENT_REVIEW_M1_SKILL_04"",""OB_REVIEW_HM_01_EV_APP0229_DOCUMENT_SCREEN_DOCUMENT_REVIEW_M1_SKILL_04"",""OB_REVIEW_ML_01_EV_APP0229_DOCUMENT_SCREEN_DOCUMENT_REVIEW_M1_SKILL_05"",""OB_REVIEW_HM_01_EV_APP0229_DOCUMENT_SCREEN_DOCUMENT_REVIEW_M1_SKILL_05"",""OB_REVIEW_ML_01_EV_APP0229_DOCUMENT_SCREEN_DOCUMENT_REVIEW_M1_SKILL_06"",""OB_REVIEW_HM_01_EV_APP0229_DOCUMENT_SCREEN_DOCUMENT_REVIEW_M1_SKILL_06"",""OB_REVIEW_ML_01_EV_APP0229_DOCUMENT_SCREEN_DOCUMENT_REVIEW_M1_SKILL_08"",""OB_REVIEW_HM_01_EV_APP0229_DOCUMENT_SCREEN_DOCUMENT_REVIEW_M1_SKILL_08""],""stage"":""DOCUMENT_SCREEN""}"
APP0188_DOCUMENT_SCREEN,APP0188,C0188,DOCUMENT_SCREEN,2026-10-28T16:31:00+09:00,,,2026-10-28T16:31:00+09:00,2026-11-02T16:51:00+09:00,2026-11-02T16:51:00+09:00,,ADVANCED,EVIDENCE_CANDIDATES_FOUND,,SYNTHETIC_HUMAN_SCENARIO,"{""criterion"":""NO_VERIFIED_PUBLIC_REQUIREMENT_VIOLATION"",""evidence_candidate_refs"":[""EV_APP0188_DOCUMENT_SCREEN_DOCUMENT_REVIEW_M1_SKILL_01"",""EV_APP0188_DOCUMENT_SCREEN_DOCUMENT_REVIEW_M1_SKILL_04"",""EV_APP0188_DOCUMENT_SCREEN_DOCUMENT_REVIEW_M1_SKILL_05"",""EV_APP0188_DOCUMENT_SCREEN_DOCUMENT_REVIEW_M1_SKILL_06"",""EV_APP0188_DOCUMENT_SCREEN_DOCUMENT_REVIEW_M1_SKILL_08""],""follow_up_skills"":[""M1_SKILL_01"",""M1_SKILL_04"",""M1_SKILL_05"",""M1_SKILL_06"",""M1_SKILL_08""],""human_rationale"":""공개 기본요건의 검증된 위반 없음. 자기기술을 후속검증 질문으로 전달하며 Skill을 확정하지 않는다."",""observation_refs"":[""OB_REVIEW_ML_01_EV_APP0188_DOCUMENT_SCREEN_DOCUMENT_REVIEW_M1_SKILL_01"",""OB_REVIEW_HM_01_EV_APP0188_DOCUMENT_SCREEN_DOCUMENT_REVIEW_M1_SKILL_01"",""OB_REVIEW_ML_01_EV_APP0188_DOCUMENT_SCREEN_DOCUMENT_REVIEW_M1_SKILL_04"",""OB_REVIEW_HM_01_EV_APP0188_DOCUMENT_SCREEN_DOCUMENT_REVIEW_M1_SKILL_04"",""OB_REVIEW_ML_01_EV_APP0188_DOCUMENT_SCREEN_DOCUMENT_REVIEW_M1_SKILL_05"",""OB_REVIEW_HM_01_EV_APP0188_DOCUMENT_SCREEN_DOCUMENT_REVIEW_M1_SKILL_05"",""OB_REVIEW_ML_01_EV_APP0188_DOCUMENT_SCREEN_DOCUMENT_REVIEW_M1_SKILL_06"",""OB_REVIEW_HM_01_EV_APP0188_DOCUMENT_SCREEN_DOCUMENT_REVIEW_M1_SKILL_06"",""OB_REVIEW_ML_01_EV_APP0188_DOCUMENT_SCREEN_DOCUMENT_REVIEW_M1_SKILL_08"",""OB_REVIEW_HM_01_EV_APP0188_DOCUMENT_SCREEN_DOCUMENT_REVIEW_M1_SKILL_08""],""stage"":""DOCUMENT_SCREEN""}"
APP0246_DOCUMENT_SCREEN,APP0246,C0246,DOCUMENT_SCREEN,2026-10-29T09:26:00+09:00,,,2026-10-29T09:26:00+09:00,2026-11-02T09:41:00+09:00,2026-11-02T09:41:00+09:00,,ADVANCED,EVIDENCE_CANDIDATES_FOUND,,SYNTHETIC_HUMAN_SCENARIO,"{""criterion"":""NO_VERIFIED_PUBLIC_REQUIREMENT_VIOLATION"",""evidence_candidate_refs"":[""EV_APP0246_DOCUMENT_SCREEN_DOCUMENT_REVIEW_M1_SKILL_01"",""EV_APP0246_DOCUMENT_SCREEN_DOCUMENT_REVIEW_M1_SKILL_04"",""EV_APP0246_DOCUMENT_SCREEN_DOCUMENT_REVIEW_M1_SKILL_05"",""EV_APP0246_DOCUMENT_SCREEN_DOCUMENT_REVIEW_M1_SKILL_06"",""EV_APP0246_DOCUMENT_SCREEN_DOCUMENT_REVIEW_M1_SKILL_08""],""follow_up_skills"":[""M1_SKILL_01"",""M1_SKILL_04"",""M1_SKILL_05"",""M1_SKILL_06"",""M1_SKILL_08""],""human_rationale"":""공개 기본요건의 검증된 위반 없음. 자기기술을 후속검증 질문으로 전달하며 Skill을 확정하지 않는다."",""observation_refs"":[""OB_REVIEW_ML_01_EV_APP0246_DOCUMENT_SCREEN_DOCUMENT_REVIEW_M1_SKILL_01"",""OB_REVIEW_HM_01_EV_APP0246_DOCUMENT_SCREEN_DOCUMENT_REVIEW_M1_SKILL_01"",""OB_REVIEW_ML_01_EV_APP0246_DOCUMENT_SCREEN_DOCUMENT_REVIEW_M1_SKILL_04"",""OB_REVIEW_HM_01_EV_APP0246_DOCUMENT_SCREEN_DOCUMENT_REVIEW_M1_SKILL_04"",""OB_REVIEW_ML_01_EV_APP0246_DOCUMENT_SCREEN_DOCUMENT_REVIEW_M1_SKILL_05"",""OB_REVIEW_HM_01_EV_APP0246_DOCUMENT_SCREEN_DOCUMENT_REVIEW_M1_SKILL_05"",""OB_REVIEW_ML_01_EV_APP0246_DOCUMENT_SCREEN_DOCUMENT_REVIEW_M1_SKILL_06"",""OB_REVIEW_HM_01_EV_APP0246_DOCUMENT_SCREEN_DOCUMENT_REVIEW_M1_SKILL_06"",""OB_REVIEW_ML_01_EV_APP0246_DOCUMENT_SCREEN_DOCUMENT_REVIEW_M1_SKILL_08"",""OB_REVIEW_HM_01_EV_APP0246_DOCUMENT_SCREEN_DOCUMENT_REVIEW_M1_SKILL_08""],""stage"":""DOCUMENT_SCREEN""}"
APP0257_DOCUMENT_SCREEN,APP0257,C0257,DOCUMENT_SCREEN,2026-10-29T09:31:00+09:00,,,2026-10-29T09:31:00+09:00,2026-11-03T09:46:00+09:00,2026-11-07T09:46:00+09:00,,ADVANCED,EVIDENCE_CANDIDATES_FOUND,,SYNTHETIC_HUMAN_SCENARIO,"{""criterion"":""NO_VERIFIED_PUBLIC_REQUIREMENT_VIOLATION"",""evidence_candidate_refs"":[""EV_APP0257_DOCUMENT_SCREEN_DOCUMENT_REVIEW_M1_SKILL_01"",""EV_APP0257_DOCUMENT_SCREEN_DOCUMENT_REVIEW_M1_SKILL_04"",""EV_APP0257_DOCUMENT_SCREEN_DOCUMENT_REVIEW_M1_SKILL_05"",""EV_APP0257_DOCUMENT_SCREEN_DOCUMENT_REVIEW_M1_SKILL_06"",""EV_APP0257_DOCUMENT_SCREEN_DOCUMENT_REVIEW_M1_SKILL_08""],""follow_up_skills"":[""M1_SKILL_01"",""M1_SKILL_04"",""M1_SKILL_05"",""M1_SKILL_06"",""M1_SKILL_08""],""human_rationale"":""공개 기본요건의 검증된 위반 없음. 자기기술을 후속검증 질문으로 전달하며 Skill을 확정하지 않는다."",""observation_refs"":[""OB_REVIEW_ML_01_EV_APP0257_DOCUMENT_SCREEN_DOCUMENT_REVIEW_M1_SKILL_01"",""OB_REVIEW_HM_01_EV_APP0257_DOCUMENT_SCREEN_DOCUMENT_REVIEW_M1_SKILL_01"",""OB_REVIEW_ML_01_EV_APP0257_DOCUMENT_SCREEN_DOCUMENT_REVIEW_M1_SKILL_04"",""OB_REVIEW_HM_01_EV_APP0257_DOCUMENT_SCREEN_DOCUMENT_REVIEW_M1_SKILL_04"",""OB_REVIEW_ML_01_EV_APP0257_DOCUMENT_SCREEN_DOCUMENT_REVIEW_M1_SKILL_05"",""OB_REVIEW_HM_01_EV_APP0257_DOCUMENT_SCREEN_DOCUMENT_REVIEW_M1_SKILL_05"",""OB_REVIEW_ML_01_EV_APP0257_DOCUMENT_SCREEN_DOCUMENT_REVIEW_M1_SKILL_06"",""OB_REVIEW_HM_01_EV_APP0257_DOCUMENT_SCREEN_DOCUMENT_REVIEW_M1_SKILL_06"",""OB_REVIEW_ML_01_EV_APP0257_DOCUMENT_SCREEN_DOCUMENT_REVIEW_M1_SKILL_08"",""OB_REVIEW_HM_01_EV_APP0257_DOCUMENT_SCREEN_DOCUMENT_REVIEW_M1_SKILL_08""],""stage"":""DOCUMENT_SCREEN""}"
APP0201_DOCUMENT_SCREEN,APP0201,C0201,DOCUMENT_SCREEN,2026-10-29T10:35:00+09:00,,,2026-10-29T10:35:00+09:00,2026-11-06T10:55:00+09:00,2026-11-06T10:55:00+09:00,,ADVANCED,EVIDENCE_CANDIDATES_FOUND,,SYNTHETIC_HUMAN_SCENARIO,"{""criterion"":""NO_VERIFIED_PUBLIC_REQUIREMENT_VIOLATION"",""evidence_candidate_refs"":[""EV_APP0201_DOCUMENT_SCREEN_DOCUMENT_REVIEW_M1_SKILL_01"",""EV_APP0201_DOCUMENT_SCREEN_DOCUMENT_REVIEW_M1_SKILL_04"",""EV_APP0201_DOCUMENT_SCREEN_DOCUMENT_REVIEW_M1_SKILL_05"",""EV_APP0201_DOCUMENT_SCREEN_DOCUMENT_REVIEW_M1_SKILL_06"",""EV_APP0201_DOCUMENT_SCREEN_DOCUMENT_REVIEW_M1_SKILL_08""],""follow_up_skills"":[""M1_SKILL_01"",""M1_SKILL_04"",""M1_SKILL_05"",""M1_SKILL_06"",""M1_SKILL_08""],""human_rationale"":""공개 기본요건의 검증된 위반 없음. 자기기술을 후속검증 질문으로 전달하며 Skill을 확정하지 않는다."",""observation_refs"":[""OB_REVIEW_ML_01_EV_APP0201_DOCUMENT_SCREEN_DOCUMENT_REVIEW_M1_SKILL_01"",""OB_REVIEW_HM_01_EV_APP0201_DOCUMENT_SCREEN_DOCUMENT_REVIEW_M1_SKILL_01"",""OB_REVIEW_ML_01_EV_APP0201_DOCUMENT_SCREEN_DOCUMENT_REVIEW_M1_SKILL_04"",""OB_REVIEW_HM_01_EV_APP0201_DOCUMENT_SCREEN_DOCUMENT_REVIEW_M1_SKILL_04"",""OB_REVIEW_ML_01_EV_APP0201_DOCUMENT_SCREEN_DOCUMENT_REVIEW_M1_SKILL_05"",""OB_REVIEW_HM_01_EV_APP0201_DOCUMENT_SCREEN_DOCUMENT_REVIEW_M1_SKILL_05"",""OB_REVIEW_ML_01_EV_APP0201_DOCUMENT_SCREEN_DOCUMENT_REVIEW_M1_SKILL_06"",""OB_REVIEW_HM_01_EV_APP0201_DOCUMENT_SCREEN_DOCUMENT_REVIEW_M1_SKILL_06"",""OB_REVIEW_ML_01_EV_APP0201_DOCUMENT_SCREEN_DOCUMENT_REVIEW_M1_SKILL_08"",""OB_REVIEW_HM_01_EV_APP0201_DOCUMENT_SCREEN_DOCUMENT_REVIEW_M1_SKILL_08""],""stage"":""DOCUMENT_SCREEN""}"
APP0267_DOCUMENT_SCREEN,APP0267,C0267,DOCUMENT_SCREEN,2026-10-29T10:37:00+09:00,,,2026-10-29T10:37:00+09:00,2026-11-04T12:00:00+09:00,2026-11-08T12:00:00+09:00,,ADVANCED,EVIDENCE_CANDIDATES_FOUND,,SYNTHETIC_HUMAN_SCENARIO,"{""criterion"":""NO_VERIFIED_PUBLIC_REQUIREMENT_VIOLATION"",""evidence_candidate_refs"":[""EV_APP0267_DOCUMENT_SCREEN_DOCUMENT_REVIEW_M1_SKILL_01"",""EV_APP0267_DOCUMENT_SCREEN_DOCUMENT_REVIEW_M1_SKILL_04"",""EV_APP0267_DOCUMENT_SCREEN_DOCUMENT_REVIEW_M1_SKILL_05"",""EV_APP0267_DOCUMENT_SCREEN_DOCUMENT_REVIEW_M1_SKILL_06"",""EV_APP0267_DOCUMENT_SCREEN_DOCUMENT_REVIEW_M1_SKILL_08""],""follow_up_skills"":[""M1_SKILL_01"",""M1_SKILL_04"",""M1_SKILL_05"",""M1_SKILL_06"",""M1_SKILL_08""],""human_rationale"":""공개 기본요건의 검증된 위반 없음. 자기기술을 후속검증 질문으로 전달하며 Skill을 확정하지 않는다."",""observation_refs"":[""OB_REVIEW_ML_01_EV_APP0267_DOCUMENT_SCREEN_DOCUMENT_REVIEW_M1_SKILL_01"",""OB_REVIEW_HM_01_EV_APP0267_DOCUMENT_SCREEN_DOCUMENT_REVIEW_M1_SKILL_01"",""OB_REVIEW_ML_01_EV_APP0267_DOCUMENT_SCREEN_DOCUMENT_REVIEW_M1_SKILL_04"",""OB_REVIEW_HM_01_EV_APP0267_DOCUMENT_SCREEN_DOCUMENT_REVIEW_M1_SKILL_04"",""OB_REVIEW_ML_01_EV_APP0267_DOCUMENT_SCREEN_DOCUMENT_REVIEW_M1_SKILL_05"",""OB_REVIEW_HM_01_EV_APP0267_DOCUMENT_SCREEN_DOCUMENT_REVIEW_M1_SKILL_05"",""OB_REVIEW_ML_01_EV_APP0267_DOCUMENT_SCREEN_DOCUMENT_REVIEW_M1_SKILL_06"",""OB_REVIEW_HM_01_EV_APP0267_DOCUMENT_SCREEN_DOCUMENT_REVIEW_M1_SKILL_06"",""OB_REVIEW_ML_01_EV_APP0267_DOCUMENT_SCREEN_DOCUMENT_REVIEW_M1_SKILL_08"",""OB_REVIEW_HM_01_EV_APP0267_DOCUMENT_SCREEN_DOCUMENT_REVIEW_M1_SKILL_08""],""stage"":""DOCUMENT_SCREEN""}"
APP0156_DOCUMENT_SCREEN,APP0156,C0156,DOCUMENT_SCREEN,2026-10-29T11:01:00+09:00,,,2026-10-29T11:01:00+09:00,2026-11-06T12:25:00+09:00,2026-11-06T12:25:00+09:00,,ADVANCED,EVIDENCE_CANDIDATES_FOUND,,SYNTHETIC_HUMAN_SCENARIO,"{""criterion"":""NO_VERIFIED_PUBLIC_REQUIREMENT_VIOLATION"",""evidence_candidate_refs"":[""EV_APP0156_DOCUMENT_SCREEN_DOCUMENT_REVIEW_M1_SKILL_01"",""EV_APP0156_DOCUMENT_SCREEN_DOCUMENT_REVIEW_M1_SKILL_04"",""EV_APP0156_DOCUMENT_SCREEN_DOCUMENT_REVIEW_M1_SKILL_05"",""EV_APP0156_DOCUMENT_SCREEN_DOCUMENT_REVIEW_M1_SKILL_06"",""EV_APP0156_DOCUMENT_SCREEN_DOCUMENT_REVIEW_M1_SKILL_08""],""follow_up_skills"":[""M1_SKILL_01"",""M1_SKILL_04"",""M1_SKILL_05"",""M1_SKILL_06"",""M1_SKILL_08""],""human_rationale"":""공개 기본요건의 검증된 위반 없음. 자기기술을 후속검증 질문으로 전달하며 Skill을 확정하지 않는다."",""observation_refs"":[""OB_REVIEW_ML_01_EV_APP0156_DOCUMENT_SCREEN_DOCUMENT_REVIEW_M1_SKILL_01"",""OB_REVIEW_HM_01_EV_APP0156_DOCUMENT_SCREEN_DOCUMENT_REVIEW_M1_SKILL_01"",""OB_REVIEW_ML_01_EV_APP0156_DOCUMENT_SCREEN_DOCUMENT_REVIEW_M1_SKILL_04"",""OB_REVIEW_HM_01_EV_APP0156_DOCUMENT_SCREEN_DOCUMENT_REVIEW_M1_SKILL_04"",""OB_REVIEW_ML_01_EV_APP0156_DOCUMENT_SCREEN_DOCUMENT_REVIEW_M1_SKILL_05"",""OB_REVIEW_HM_01_EV_APP0156_DOCUMENT_SCREEN_DOCUMENT_REVIEW_M1_SKILL_05"",""OB_REVIEW_ML_01_EV_APP0156_DOCUMENT_SCREEN_DOCUMENT_REVIEW_M1_SKILL_06"",""OB_REVIEW_HM_01_EV_APP0156_DOCUMENT_SCREEN_DOCUMENT_REVIEW_M1_SKILL_06"",""OB_REVIEW_ML_01_EV_APP0156_DOCUMENT_SCREEN_DOCUMENT_REVIEW_M1_SKILL_08"",""OB_REVIEW_HM_01_EV_APP0156_DOCUMENT_SCREEN_DOCUMENT_REVIEW_M1_SKILL_08""],""stage"":""DOCUMENT_SCREEN""}"
APP0210_DOCUMENT_SCREEN,APP0210,C0210,DOCUMENT_SCREEN,2026-10-29T11:10:00+09:00,,,2026-10-29T11:10:00+09:00,2026-11-07T11:35:00+09:00,2026-11-09T11:35:00+09:00,,ADVANCED,EVIDENCE_CANDIDATES_FOUND,,SYNTHETIC_HUMAN_SCENARIO,"{""criterion"":""NO_VERIFIED_PUBLIC_REQUIREMENT_VIOLATION"",""evidence_candidate_refs"":[""EV_APP0210_DOCUMENT_SCREEN_DOCUMENT_REVIEW_M1_SKILL_01"",""EV_APP0210_DOCUMENT_SCREEN_DOCUMENT_REVIEW_M1_SKILL_04"",""EV_APP0210_DOCUMENT_SCREEN_DOCUMENT_REVIEW_M1_SKILL_05"",""EV_APP0210_DOCUMENT_SCREEN_DOCUMENT_REVIEW_M1_SKILL_06"",""EV_APP0210_DOCUMENT_SCREEN_DOCUMENT_REVIEW_M1_SKILL_08""],""follow_up_skills"":[""M1_SKILL_01"",""M1_SKILL_04"",""M1_SKILL_05"",""M1_SKILL_06"",""M1_SKILL_08""],""human_rationale"":""공개 기본요건의 검증된 위반 없음. 자기기술을 후속검증 질문으로 전달하며 Skill을 확정하지 않는다."",""observation_refs"":[""OB_REVIEW_ML_01_EV_APP0210_DOCUMENT_SCREEN_DOCUMENT_REVIEW_M1_SKILL_01"",""OB_REVIEW_HM_01_EV_APP0210_DOCUMENT_SCREEN_DOCUMENT_REVIEW_M1_SKILL_01"",""OB_REVIEW_ML_01_EV_APP0210_DOCUMENT_SCREEN_DOCUMENT_REVIEW_M1_SKILL_04"",""OB_REVIEW_HM_01_EV_APP0210_DOCUMENT_SCREEN_DOCUMENT_REVIEW_M1_SKILL_04"",""OB_REVIEW_ML_01_EV_APP0210_DOCUMENT_SCREEN_DOCUMENT_REVIEW_M1_SKILL_05"",""OB_REVIEW_HM_01_EV_APP0210_DOCUMENT_SCREEN_DOCUMENT_REVIEW_M1_SKILL_05"",""OB_REVIEW_ML_01_EV_APP0210_DOCUMENT_SCREEN_DOCUMENT_REVIEW_M1_SKILL_06"",""OB_REVIEW_HM_01_EV_APP0210_DOCUMENT_SCREEN_DOCUMENT_REVIEW_M1_SKILL_06"",""OB_REVIEW_ML_01_EV_APP0210_DOCUMENT_SCREEN_DOCUMENT_REVIEW_M1_SKILL_08"",""OB_REVIEW_HM_01_EV_APP0210_DOCUMENT_SCREEN_DOCUMENT_REVIEW_M1_SKILL_08""],""stage"":""DOCUMENT_SCREEN""}"
APP0278_DOCUMENT_SCREEN,APP0278,C0278,DOCUMENT_SCREEN,2026-10-29T14:10:00+09:00,,,2026-10-29T14:10:00+09:00,2026-11-04T14:35:00+09:00,2026-11-08T14:35:00+09:00,,ADVANCED,EVIDENCE_CANDIDATES_FOUND,,SYNTHETIC_HUMAN_SCENARIO,"{""criterion"":""NO_VERIFIED_PUBLIC_REQUIREMENT_VIOLATION"",""evidence_candidate_refs"":[""EV_APP0278_DOCUMENT_SCREEN_DOCUMENT_REVIEW_M1_SKILL_01"",""EV_APP0278_DOCUMENT_SCREEN_DOCUMENT_REVIEW_M1_SKILL_04"",""EV_APP0278_DOCUMENT_SCREEN_DOCUMENT_REVIEW_M1_SKILL_05"",""EV_APP0278_DOCUMENT_SCREEN_DOCUMENT_REVIEW_M1_SKILL_06"",""EV_APP0278_DOCUMENT_SCREEN_DOCUMENT_REVIEW_M1_SKILL_08""],""follow_up_skills"":[""M1_SKILL_01"",""M1_SKILL_04"",""M1_SKILL_05"",""M1_SKILL_06"",""M1_SKILL_08""],""human_rationale"":""공개 기본요건의 검증된 위반 없음. 자기기술을 후속검증 질문으로 전달하며 Skill을 확정하지 않는다."",""observation_refs"":[""OB_REVIEW_ML_01_EV_APP0278_DOCUMENT_SCREEN_DOCUMENT_REVIEW_M1_SKILL_01"",""OB_REVIEW_HM_01_EV_APP0278_DOCUMENT_SCREEN_DOCUMENT_REVIEW_M1_SKILL_01"",""OB_REVIEW_ML_01_EV_APP0278_DOCUMENT_SCREEN_DOCUMENT_REVIEW_M1_SKILL_04"",""OB_REVIEW_HM_01_EV_APP0278_DOCUMENT_SCREEN_DOCUMENT_REVIEW_M1_SKILL_04"",""OB_REVIEW_ML_01_EV_APP0278_DOCUMENT_SCREEN_DOCUMENT_REVIEW_M1_SKILL_05"",""OB_REVIEW_HM_01_EV_APP0278_DOCUMENT_SCREEN_DOCUMENT_REVIEW_M1_SKILL_05"",""OB_REVIEW_ML_01_EV_APP0278_DOCUMENT_SCREEN_DOCUMENT_REVIEW_M1_SKILL_06"",""OB_REVIEW_HM_01_EV_APP0278_DOCUMENT_SCREEN_DOCUMENT_REVIEW_M1_SKILL_06"",""OB_REVIEW_ML_01_EV_APP0278_DOCUMENT_SCREEN_DOCUMENT_REVIEW_M1_SKILL_08"",""OB_REVIEW_HM_01_EV_APP0278_DOCUMENT_SCREEN_DOCUMENT_REVIEW_M1_SKILL_08""],""stage"":""DOCUMENT_SCREEN""}"
APP0171_DOCUMENT_SCREEN,APP0171,C0171,DOCUMENT_SCREEN,2026-10-29T15:01:00+09:00,,,2026-10-29T15:01:00+09:00,2026-11-03T15:21:00+09:00,2026-11-04T15:21:00+09:00,,ADVANCED,EVIDENCE_CANDIDATES_FOUND,,SYNTHETIC_HUMAN_SCENARIO,"{""criterion"":""NO_VERIFIED_PUBLIC_REQUIREMENT_VIOLATION"",""evidence_candidate_refs"":[""EV_APP0171_DOCUMENT_SCREEN_DOCUMENT_REVIEW_M1_SKILL_01"",""EV_APP0171_DOCUMENT_SCREEN_DOCUMENT_REVIEW_M1_SKILL_04"",""EV_APP0171_DOCUMENT_SCREEN_DOCUMENT_REVIEW_M1_SKILL_05"",""EV_APP0171_DOCUMENT_SCREEN_DOCUMENT_REVIEW_M1_SKILL_06"",""EV_APP0171_DOCUMENT_SCREEN_DOCUMENT_REVIEW_M1_SKILL_08""],""follow_up_skills"":[""M1_SKILL_01"",""M1_SKILL_04"",""M1_SKILL_05"",""M1_SKILL_06"",""M1_SKILL_08""],""human_rationale"":""공개 기본요건의 검증된 위반 없음. 자기기술을 후속검증 질문으로 전달하며 Skill을 확정하지 않는다."",""observation_refs"":[""OB_REVIEW_ML_01_EV_APP0171_DOCUMENT_SCREEN_DOCUMENT_REVIEW_M1_SKILL_01"",""OB_REVIEW_HM_01_EV_APP0171_DOCUMENT_SCREEN_DOCUMENT_REVIEW_M1_SKILL_01"",""OB_REVIEW_ML_01_EV_APP0171_DOCUMENT_SCREEN_DOCUMENT_REVIEW_M1_SKILL_04"",""OB_REVIEW_HM_01_EV_APP0171_DOCUMENT_SCREEN_DOCUMENT_REVIEW_M1_SKILL_04"",""OB_REVIEW_ML_01_EV_APP0171_DOCUMENT_SCREEN_DOCUMENT_REVIEW_M1_SKILL_05"",""OB_REVIEW_HM_01_EV_APP0171_DOCUMENT_SCREEN_DOCUMENT_REVIEW_M1_SKILL_05"",""OB_REVIEW_ML_01_EV_APP0171_DOCUMENT_SCREEN_DOCUMENT_REVIEW_M1_SKILL_06"",""OB_REVIEW_HM_01_EV_APP0171_DOCUMENT_SCREEN_DOCUMENT_REVIEW_M1_SKILL_06"",""OB_REVIEW_ML_01_EV_APP0171_DOCUMENT_SCREEN_DOCUMENT_REVIEW_M1_SKILL_08"",""OB_REVIEW_HM_01_EV_APP0171_DOCUMENT_SCREEN_DOCUMENT_REVIEW_M1_SKILL_08""],""stage"":""DOCUMENT_SCREEN""}"
APP0253_DOCUMENT_SCREEN,APP0253,C0253,DOCUMENT_SCREEN,2026-10-29T15:46:00+09:00,,,2026-10-29T15:46:00+09:00,2026-11-02T16:01:00+09:00,2026-11-03T16:01:00+09:00,,ADVANCED,EVIDENCE_CANDIDATES_FOUND,,SYNTHETIC_HUMAN_SCENARIO,"{""criterion"":""NO_VERIFIED_PUBLIC_REQUIREMENT_VIOLATION"",""evidence_candidate_refs"":[""EV_APP0253_DOCUMENT_SCREEN_DOCUMENT_REVIEW_M1_SKILL_01"",""EV_APP0253_DOCUMENT_SCREEN_DOCUMENT_REVIEW_M1_SKILL_04"",""EV_APP0253_DOCUMENT_SCREEN_DOCUMENT_REVIEW_M1_SKILL_05"",""EV_APP0253_DOCUMENT_SCREEN_DOCUMENT_REVIEW_M1_SKILL_06"",""EV_APP0253_DOCUMENT_SCREEN_DOCUMENT_REVIEW_M1_SKILL_08""],""follow_up_skills"":[""M1_SKILL_01"",""M1_SKILL_04"",""M1_SKILL_05"",""M1_SKILL_06"",""M1_SKILL_08""],""human_rationale"":""공개 기본요건의 검증된 위반 없음. 자기기술을 후속검증 질문으로 전달하며 Skill을 확정하지 않는다."",""observation_refs"":[""OB_REVIEW_ML_01_EV_APP0253_DOCUMENT_SCREEN_DOCUMENT_REVIEW_M1_SKILL_01"",""OB_REVIEW_HM_01_EV_APP0253_DOCUMENT_SCREEN_DOCUMENT_REVIEW_M1_SKILL_01"",""OB_REVIEW_ML_01_EV_APP0253_DOCUMENT_SCREEN_DOCUMENT_REVIEW_M1_SKILL_04"",""OB_REVIEW_HM_01_EV_APP0253_DOCUMENT_SCREEN_DOCUMENT_REVIEW_M1_SKILL_04"",""OB_REVIEW_ML_01_EV_APP0253_DOCUMENT_SCREEN_DOCUMENT_REVIEW_M1_SKILL_05"",""OB_REVIEW_HM_01_EV_APP0253_DOCUMENT_SCREEN_DOCUMENT_REVIEW_M1_SKILL_05"",""OB_REVIEW_ML_01_EV_APP0253_DOCUMENT_SCREEN_DOCUMENT_REVIEW_M1_SKILL_06"",""OB_REVIEW_HM_01_EV_APP0253_DOCUMENT_SCREEN_DOCUMENT_REVIEW_M1_SKILL_06"",""OB_REVIEW_ML_01_EV_APP0253_DOCUMENT_SCREEN_DOCUMENT_REVIEW_M1_SKILL_08"",""OB_REVIEW_HM_01_EV_APP0253_DOCUMENT_SCREEN_DOCUMENT_REVIEW_M1_SKILL_08""],""stage"":""DOCUMENT_SCREEN""}"
APP0202_DOCUMENT_SCREEN,APP0202,C0202,DOCUMENT_SCREEN,2026-10-29T16:48:00+09:00,,,2026-10-29T16:48:00+09:00,2026-11-04T17:13:00+09:00,2026-11-08T17:13:00+09:00,,ADVANCED,EVIDENCE_CANDIDATES_FOUND,,SYNTHETIC_HUMAN_SCENARIO,"{""criterion"":""NO_VERIFIED_PUBLIC_REQUIREMENT_VIOLATION"",""evidence_candidate_refs"":[""EV_APP0202_DOCUMENT_SCREEN_DOCUMENT_REVIEW_M1_SKILL_01"",""EV_APP0202_DOCUMENT_SCREEN_DOCUMENT_REVIEW_M1_SKILL_04"",""EV_APP0202_DOCUMENT_SCREEN_DOCUMENT_REVIEW_M1_SKILL_05"",""EV_APP0202_DOCUMENT_SCREEN_DOCUMENT_REVIEW_M1_SKILL_06"",""EV_APP0202_DOCUMENT_SCREEN_DOCUMENT_REVIEW_M1_SKILL_08""],""follow_up_skills"":[""M1_SKILL_01"",""M1_SKILL_04"",""M1_SKILL_05"",""M1_SKILL_06"",""M1_SKILL_08""],""human_rationale"":""공개 기본요건의 검증된 위반 없음. 자기기술을 후속검증 질문으로 전달하며 Skill을 확정하지 않는다."",""observation_refs"":[""OB_REVIEW_ML_01_EV_APP0202_DOCUMENT_SCREEN_DOCUMENT_REVIEW_M1_SKILL_01"",""OB_REVIEW_HM_01_EV_APP0202_DOCUMENT_SCREEN_DOCUMENT_REVIEW_M1_SKILL_01"",""OB_REVIEW_ML_01_EV_APP0202_DOCUMENT_SCREEN_DOCUMENT_REVIEW_M1_SKILL_04"",""OB_REVIEW_HM_01_EV_APP0202_DOCUMENT_SCREEN_DOCUMENT_REVIEW_M1_SKILL_04"",""OB_REVIEW_ML_01_EV_APP0202_DOCUMENT_SCREEN_DOCUMENT_REVIEW_M1_SKILL_05"",""OB_REVIEW_HM_01_EV_APP0202_DOCUMENT_SCREEN_DOCUMENT_REVIEW_M1_SKILL_05"",""OB_REVIEW_ML_01_EV_APP0202_DOCUMENT_SCREEN_DOCUMENT_REVIEW_M1_SKILL_06"",""OB_REVIEW_HM_01_EV_APP0202_DOCUMENT_SCREEN_DOCUMENT_REVIEW_M1_SKILL_06"",""OB_REVIEW_ML_01_EV_APP0202_DOCUMENT_SCREEN_DOCUMENT_REVIEW_M1_SKILL_08"",""OB_REVIEW_HM_01_EV_APP0202_DOCUMENT_SCREEN_DOCUMENT_REVIEW_M1_SKILL_08""],""stage"":""DOCUMENT_SCREEN""}"
APP0232_DOCUMENT_SCREEN,APP0232,C0232,DOCUMENT_SCREEN,2026-10-30T09:25:00+09:00,,,2026-10-30T09:25:00+09:00,2026-11-03T09:40:00+09:00,2026-11-05T09:40:00+09:00,,ADVANCED,EVIDENCE_CANDIDATES_FOUND,,SYNTHETIC_HUMAN_SCENARIO,"{""criterion"":""NO_VERIFIED_PUBLIC_REQUIREMENT_VIOLATION"",""evidence_candidate_refs"":[""EV_APP0232_DOCUMENT_SCREEN_DOCUMENT_REVIEW_M1_SKILL_01"",""EV_APP0232_DOCUMENT_SCREEN_DOCUMENT_REVIEW_M1_SKILL_04"",""EV_APP0232_DOCUMENT_SCREEN_DOCUMENT_REVIEW_M1_SKILL_05"",""EV_APP0232_DOCUMENT_SCREEN_DOCUMENT_REVIEW_M1_SKILL_06"",""EV_APP0232_DOCUMENT_SCREEN_DOCUMENT_REVIEW_M1_SKILL_08""],""follow_up_skills"":[""M1_SKILL_01"",""M1_SKILL_04"",""M1_SKILL_05"",""M1_SKILL_06"",""M1_SKILL_08""],""human_rationale"":""공개 기본요건의 검증된 위반 없음. 자기기술을 후속검증 질문으로 전달하며 Skill을 확정하지 않는다."",""observation_refs"":[""OB_REVIEW_ML_01_EV_APP0232_DOCUMENT_SCREEN_DOCUMENT_REVIEW_M1_SKILL_01"",""OB_REVIEW_HM_01_EV_APP0232_DOCUMENT_SCREEN_DOCUMENT_REVIEW_M1_SKILL_01"",""OB_REVIEW_ML_01_EV_APP0232_DOCUMENT_SCREEN_DOCUMENT_REVIEW_M1_SKILL_04"",""OB_REVIEW_HM_01_EV_APP0232_DOCUMENT_SCREEN_DOCUMENT_REVIEW_M1_SKILL_04"",""OB_REVIEW_ML_01_EV_APP0232_DOCUMENT_SCREEN_DOCUMENT_REVIEW_M1_SKILL_05"",""OB_REVIEW_HM_01_EV_APP0232_DOCUMENT_SCREEN_DOCUMENT_REVIEW_M1_SKILL_05"",""OB_REVIEW_ML_01_EV_APP0232_DOCUMENT_SCREEN_DOCUMENT_REVIEW_M1_SKILL_06"",""OB_REVIEW_HM_01_EV_APP0232_DOCUMENT_SCREEN_DOCUMENT_REVIEW_M1_SKILL_06"",""OB_REVIEW_ML_01_EV_APP0232_DOCUMENT_SCREEN_DOCUMENT_REVIEW_M1_SKILL_08"",""OB_REVIEW_HM_01_EV_APP0232_DOCUMENT_SCREEN_DOCUMENT_REVIEW_M1_SKILL_08""],""stage"":""DOCUMENT_SCREEN""}"
APP0184_DOCUMENT_SCREEN,APP0184,C0184,DOCUMENT_SCREEN,2026-10-30T10:02:00+09:00,,,2026-10-30T10:02:00+09:00,2026-11-07T10:17:00+09:00,2026-11-08T10:17:00+09:00,,ADVANCED,EVIDENCE_CANDIDATES_FOUND,,SYNTHETIC_HUMAN_SCENARIO,"{""criterion"":""NO_VERIFIED_PUBLIC_REQUIREMENT_VIOLATION"",""evidence_candidate_refs"":[""EV_APP0184_DOCUMENT_SCREEN_DOCUMENT_REVIEW_M1_SKILL_01"",""EV_APP0184_DOCUMENT_SCREEN_DOCUMENT_REVIEW_M1_SKILL_04"",""EV_APP0184_DOCUMENT_SCREEN_DOCUMENT_REVIEW_M1_SKILL_05"",""EV_APP0184_DOCUMENT_SCREEN_DOCUMENT_REVIEW_M1_SKILL_06"",""EV_APP0184_DOCUMENT_SCREEN_DOCUMENT_REVIEW_M1_SKILL_08""],""follow_up_skills"":[""M1_SKILL_01"",""M1_SKILL_04"",""M1_SKILL_05"",""M1_SKILL_06"",""M1_SKILL_08""],""human_rationale"":""공개 기본요건의 검증된 위반 없음. 자기기술을 후속검증 질문으로 전달하며 Skill을 확정하지 않는다."",""observation_refs"":[""OB_REVIEW_ML_01_EV_APP0184_DOCUMENT_SCREEN_DOCUMENT_REVIEW_M1_SKILL_01"",""OB_REVIEW_HM_01_EV_APP0184_DOCUMENT_SCREEN_DOCUMENT_REVIEW_M1_SKILL_01"",""OB_REVIEW_ML_01_EV_APP0184_DOCUMENT_SCREEN_DOCUMENT_REVIEW_M1_SKILL_04"",""OB_REVIEW_HM_01_EV_APP0184_DOCUMENT_SCREEN_DOCUMENT_REVIEW_M1_SKILL_04"",""OB_REVIEW_ML_01_EV_APP0184_DOCUMENT_SCREEN_DOCUMENT_REVIEW_M1_SKILL_05"",""OB_REVIEW_HM_01_EV_APP0184_DOCUMENT_SCREEN_DOCUMENT_REVIEW_M1_SKILL_05"",""OB_REVIEW_ML_01_EV_APP0184_DOCUMENT_SCREEN_DOCUMENT_REVIEW_M1_SKILL_06"",""OB_REVIEW_HM_01_EV_APP0184_DOCUMENT_SCREEN_DOCUMENT_REVIEW_M1_SKILL_06"",""OB_REVIEW_ML_01_EV_APP0184_DOCUMENT_SCREEN_DOCUMENT_REVIEW_M1_SKILL_08"",""OB_REVIEW_HM_01_EV_APP0184_DOCUMENT_SCREEN_DOCUMENT_REVIEW_M1_SKILL_08""],""stage"":""DOCUMENT_SCREEN""}"
APP0225_DOCUMENT_SCREEN,APP0225,C0225,DOCUMENT_SCREEN,2026-10-30T12:27:00+09:00,,,2026-10-30T12:27:00+09:00,2026-11-07T12:52:00+09:00,2026-11-07T12:52:00+09:00,,ADVANCED,EVIDENCE_CANDIDATES_FOUND,,SYNTHETIC_HUMAN_SCENARIO,"{""criterion"":""NO_VERIFIED_PUBLIC_REQUIREMENT_VIOLATION"",""evidence_candidate_refs"":[""EV_APP0225_DOCUMENT_SCREEN_DOCUMENT_REVIEW_M1_SKILL_01"",""EV_APP0225_DOCUMENT_SCREEN_DOCUMENT_REVIEW_M1_SKILL_04"",""EV_APP0225_DOCUMENT_SCREEN_DOCUMENT_REVIEW_M1_SKILL_05"",""EV_APP0225_DOCUMENT_SCREEN_DOCUMENT_REVIEW_M1_SKILL_06"",""EV_APP0225_DOCUMENT_SCREEN_DOCUMENT_REVIEW_M1_SKILL_08""],""follow_up_skills"":[""M1_SKILL_01"",""M1_SKILL_04"",""M1_SKILL_05"",""M1_SKILL_06"",""M1_SKILL_08""],""human_rationale"":""공개 기본요건의 검증된 위반 없음. 자기기술을 후속검증 질문으로 전달하며 Skill을 확정하지 않는다."",""observation_refs"":[""OB_REVIEW_ML_01_EV_APP0225_DOCUMENT_SCREEN_DOCUMENT_REVIEW_M1_SKILL_01"",""OB_REVIEW_HM_01_EV_APP0225_DOCUMENT_SCREEN_DOCUMENT_REVIEW_M1_SKILL_01"",""OB_REVIEW_ML_01_EV_APP0225_DOCUMENT_SCREEN_DOCUMENT_REVIEW_M1_SKILL_04"",""OB_REVIEW_HM_01_EV_APP0225_DOCUMENT_SCREEN_DOCUMENT_REVIEW_M1_SKILL_04"",""OB_REVIEW_ML_01_EV_APP0225_DOCUMENT_SCREEN_DOCUMENT_REVIEW_M1_SKILL_05"",""OB_REVIEW_HM_01_EV_APP0225_DOCUMENT_SCREEN_DOCUMENT_REVIEW_M1_SKILL_05"",""OB_REVIEW_ML_01_EV_APP0225_DOCUMENT_SCREEN_DOCUMENT_REVIEW_M1_SKILL_06"",""OB_REVIEW_HM_01_EV_APP0225_DOCUMENT_SCREEN_DOCUMENT_REVIEW_M1_SKILL_06"",""OB_REVIEW_ML_01_EV_APP0225_DOCUMENT_SCREEN_DOCUMENT_REVIEW_M1_SKILL_08"",""OB_REVIEW_HM_01_EV_APP0225_DOCUMENT_SCREEN_DOCUMENT_REVIEW_M1_SKILL_08""],""stage"":""DOCUMENT_SCREEN""}"
APP0181_DOCUMENT_SCREEN,APP0181,C0181,DOCUMENT_SCREEN,2026-10-30T13:35:00+09:00,,,2026-10-30T13:35:00+09:00,2026-11-02T13:55:00+09:00,2026-11-04T13:55:00+09:00,,ADVANCED,EVIDENCE_CANDIDATES_FOUND,,SYNTHETIC_HUMAN_SCENARIO,"{""criterion"":""NO_VERIFIED_PUBLIC_REQUIREMENT_VIOLATION"",""evidence_candidate_refs"":[""EV_APP0181_DOCUMENT_SCREEN_DOCUMENT_REVIEW_M1_SKILL_01"",""EV_APP0181_DOCUMENT_SCREEN_DOCUMENT_REVIEW_M1_SKILL_04"",""EV_APP0181_DOCUMENT_SCREEN_DOCUMENT_REVIEW_M1_SKILL_05"",""EV_APP0181_DOCUMENT_SCREEN_DOCUMENT_REVIEW_M1_SKILL_06"",""EV_APP0181_DOCUMENT_SCREEN_DOCUMENT_REVIEW_M1_SKILL_08""],""follow_up_skills"":[""M1_SKILL_01"",""M1_SKILL_04"",""M1_SKILL_05"",""M1_SKILL_06"",""M1_SKILL_08""],""human_rationale"":""공개 기본요건의 검증된 위반 없음. 자기기술을 후속검증 질문으로 전달하며 Skill을 확정하지 않는다."",""observation_refs"":[""OB_REVIEW_ML_01_EV_APP0181_DOCUMENT_SCREEN_DOCUMENT_REVIEW_M1_SKILL_01"",""OB_REVIEW_HM_01_EV_APP0181_DOCUMENT_SCREEN_DOCUMENT_REVIEW_M1_SKILL_01"",""OB_REVIEW_ML_01_EV_APP0181_DOCUMENT_SCREEN_DOCUMENT_REVIEW_M1_SKILL_04"",""OB_REVIEW_HM_01_EV_APP0181_DOCUMENT_SCREEN_DOCUMENT_REVIEW_M1_SKILL_04"",""OB_REVIEW_ML_01_EV_APP0181_DOCUMENT_SCREEN_DOCUMENT_REVIEW_M1_SKILL_05"",""OB_REVIEW_HM_01_EV_APP0181_DOCUMENT_SCREEN_DOCUMENT_REVIEW_M1_SKILL_05"",""OB_REVIEW_ML_01_EV_APP0181_DOCUMENT_SCREEN_DOCUMENT_REVIEW_M1_SKILL_06"",""OB_REVIEW_HM_01_EV_APP0181_DOCUMENT_SCREEN_DOCUMENT_REVIEW_M1_SKILL_06"",""OB_REVIEW_ML_01_EV_APP0181_DOCUMENT_SCREEN_DOCUMENT_REVIEW_M1_SKILL_08"",""OB_REVIEW_HM_01_EV_APP0181_DOCUMENT_SCREEN_DOCUMENT_REVIEW_M1_SKILL_08""],""stage"":""DOCUMENT_SCREEN""}"
APP0297_DOCUMENT_SCREEN,APP0297,C0297,DOCUMENT_SCREEN,2026-10-30T14:11:00+09:00,,,2026-10-30T14:11:00+09:00,2026-11-07T14:31:00+09:00,2026-11-09T14:31:00+09:00,,ADVANCED,EVIDENCE_CANDIDATES_FOUND,,SYNTHETIC_HUMAN_SCENARIO,"{""criterion"":""NO_VERIFIED_PUBLIC_REQUIREMENT_VIOLATION"",""evidence_candidate_refs"":[""EV_APP0297_DOCUMENT_SCREEN_DOCUMENT_REVIEW_M1_SKILL_01"",""EV_APP0297_DOCUMENT_SCREEN_DOCUMENT_REVIEW_M1_SKILL_04"",""EV_APP0297_DOCUMENT_SCREEN_DOCUMENT_REVIEW_M1_SKILL_05"",""EV_APP0297_DOCUMENT_SCREEN_DOCUMENT_REVIEW_M1_SKILL_06"",""EV_APP0297_DOCUMENT_SCREEN_DOCUMENT_REVIEW_M1_SKILL_08""],""follow_up_skills"":[""M1_SKILL_01"",""M1_SKILL_04"",""M1_SKILL_05"",""M1_SKILL_06"",""M1_SKILL_08""],""human_rationale"":""공개 기본요건의 검증된 위반 없음. 자기기술을 후속검증 질문으로 전달하며 Skill을 확정하지 않는다."",""observation_refs"":[""OB_REVIEW_ML_01_EV_APP0297_DOCUMENT_SCREEN_DOCUMENT_REVIEW_M1_SKILL_01"",""OB_REVIEW_HM_01_EV_APP0297_DOCUMENT_SCREEN_DOCUMENT_REVIEW_M1_SKILL_01"",""OB_REVIEW_ML_01_EV_APP0297_DOCUMENT_SCREEN_DOCUMENT_REVIEW_M1_SKILL_04"",""OB_REVIEW_HM_01_EV_APP0297_DOCUMENT_SCREEN_DOCUMENT_REVIEW_M1_SKILL_04"",""OB_REVIEW_ML_01_EV_APP0297_DOCUMENT_SCREEN_DOCUMENT_REVIEW_M1_SKILL_05"",""OB_REVIEW_HM_01_EV_APP0297_DOCUMENT_SCREEN_DOCUMENT_REVIEW_M1_SKILL_05"",""OB_REVIEW_ML_01_EV_APP0297_DOCUMENT_SCREEN_DOCUMENT_REVIEW_M1_SKILL_06"",""OB_REVIEW_HM_01_EV_APP0297_DOCUMENT_SCREEN_DOCUMENT_REVIEW_M1_SKILL_06"",""OB_REVIEW_ML_01_EV_APP0297_DOCUMENT_SCREEN_DOCUMENT_REVIEW_M1_SKILL_08"",""OB_REVIEW_HM_01_EV_APP0297_DOCUMENT_SCREEN_DOCUMENT_REVIEW_M1_SKILL_08""],""stage"":""DOCUMENT_SCREEN""}"
APP0276_DOCUMENT_SCREEN,APP0276,C0276,DOCUMENT_SCREEN,2026-10-30T14:36:00+09:00,,,2026-10-30T14:36:00+09:00,2026-11-11T14:51:00+09:00,2026-11-11T14:51:00+09:00,,ADVANCED,EVIDENCE_CANDIDATES_FOUND,,SYNTHETIC_HUMAN_SCENARIO,"{""criterion"":""NO_VERIFIED_PUBLIC_REQUIREMENT_VIOLATION"",""evidence_candidate_refs"":[""EV_APP0276_DOCUMENT_SCREEN_DOCUMENT_REVIEW_M1_SKILL_01"",""EV_APP0276_DOCUMENT_SCREEN_DOCUMENT_REVIEW_M1_SKILL_04"",""EV_APP0276_DOCUMENT_SCREEN_DOCUMENT_REVIEW_M1_SKILL_05"",""EV_APP0276_DOCUMENT_SCREEN_DOCUMENT_REVIEW_M1_SKILL_06"",""EV_APP0276_DOCUMENT_SCREEN_DOCUMENT_REVIEW_M1_SKILL_08""],""follow_up_skills"":[""M1_SKILL_01"",""M1_SKILL_04"",""M1_SKILL_05"",""M1_SKILL_06"",""M1_SKILL_08""],""human_rationale"":""공개 기본요건의 검증된 위반 없음. 자기기술을 후속검증 질문으로 전달하며 Skill을 확정하지 않는다."",""observation_refs"":[""OB_REVIEW_ML_01_EV_APP0276_DOCUMENT_SCREEN_DOCUMENT_REVIEW_M1_SKILL_01"",""OB_REVIEW_HM_01_EV_APP0276_DOCUMENT_SCREEN_DOCUMENT_REVIEW_M1_SKILL_01"",""OB_REVIEW_ML_01_EV_APP0276_DOCUMENT_SCREEN_DOCUMENT_REVIEW_M1_SKILL_04"",""OB_REVIEW_HM_01_EV_APP0276_DOCUMENT_SCREEN_DOCUMENT_REVIEW_M1_SKILL_04"",""OB_REVIEW_ML_01_EV_APP0276_DOCUMENT_SCREEN_DOCUMENT_REVIEW_M1_SKILL_05"",""OB_REVIEW_HM_01_EV_APP0276_DOCUMENT_SCREEN_DOCUMENT_REVIEW_M1_SKILL_05"",""OB_REVIEW_ML_01_EV_APP0276_DOCUMENT_SCREEN_DOCUMENT_REVIEW_M1_SKILL_06"",""OB_REVIEW_HM_01_EV_APP0276_DOCUMENT_SCREEN_DOCUMENT_REVIEW_M1_SKILL_06"",""OB_REVIEW_ML_01_EV_APP0276_DOCUMENT_SCREEN_DOCUMENT_REVIEW_M1_SKILL_08"",""OB_REVIEW_HM_01_EV_APP0276_DOCUMENT_SCREEN_DOCUMENT_REVIEW_M1_SKILL_08""],""stage"":""DOCUMENT_SCREEN""}"
APP0255_DOCUMENT_SCREEN,APP0255,C0255,DOCUMENT_SCREEN,2026-10-30T15:09:00+09:00,,,2026-10-30T15:09:00+09:00,2026-11-04T15:36:00+09:00,2026-11-05T15:36:00+09:00,,ADVANCED,EVIDENCE_CANDIDATES_FOUND,,SYNTHETIC_HUMAN_SCENARIO,"{""criterion"":""NO_VERIFIED_PUBLIC_REQUIREMENT_VIOLATION"",""evidence_candidate_refs"":[""EV_APP0255_DOCUMENT_SCREEN_DOCUMENT_REVIEW_M1_SKILL_01"",""EV_APP0255_DOCUMENT_SCREEN_DOCUMENT_REVIEW_M1_SKILL_04"",""EV_APP0255_DOCUMENT_SCREEN_DOCUMENT_REVIEW_M1_SKILL_05"",""EV_APP0255_DOCUMENT_SCREEN_DOCUMENT_REVIEW_M1_SKILL_06"",""EV_APP0255_DOCUMENT_SCREEN_DOCUMENT_REVIEW_M1_SKILL_08""],""follow_up_skills"":[""M1_SKILL_01"",""M1_SKILL_04"",""M1_SKILL_05"",""M1_SKILL_06"",""M1_SKILL_08""],""human_rationale"":""공개 기본요건의 검증된 위반 없음. 자기기술을 후속검증 질문으로 전달하며 Skill을 확정하지 않는다."",""observation_refs"":[""OB_REVIEW_ML_01_EV_APP0255_DOCUMENT_SCREEN_DOCUMENT_REVIEW_M1_SKILL_01"",""OB_REVIEW_HM_01_EV_APP0255_DOCUMENT_SCREEN_DOCUMENT_REVIEW_M1_SKILL_01"",""OB_REVIEW_ML_01_EV_APP0255_DOCUMENT_SCREEN_DOCUMENT_REVIEW_M1_SKILL_04"",""OB_REVIEW_HM_01_EV_APP0255_DOCUMENT_SCREEN_DOCUMENT_REVIEW_M1_SKILL_04"",""OB_REVIEW_ML_01_EV_APP0255_DOCUMENT_SCREEN_DOCUMENT_REVIEW_M1_SKILL_05"",""OB_REVIEW_HM_01_EV_APP0255_DOCUMENT_SCREEN_DOCUMENT_REVIEW_M1_SKILL_05"",""OB_REVIEW_ML_01_EV_APP0255_DOCUMENT_SCREEN_DOCUMENT_REVIEW_M1_SKILL_06"",""OB_REVIEW_HM_01_EV_APP0255_DOCUMENT_SCREEN_DOCUMENT_REVIEW_M1_SKILL_06"",""OB_REVIEW_ML_01_EV_APP0255_DOCUMENT_SCREEN_DOCUMENT_REVIEW_M1_SKILL_08"",""OB_REVIEW_HM_01_EV_APP0255_DOCUMENT_SCREEN_DOCUMENT_REVIEW_M1_SKILL_08""],""stage"":""DOCUMENT_SCREEN""}"
APP0268_DOCUMENT_SCREEN,APP0268,C0268,DOCUMENT_SCREEN,2026-10-30T15:32:00+09:00,,,2026-10-30T15:32:00+09:00,2026-11-08T15:52:00+09:00,2026-11-08T15:52:00+09:00,,ADVANCED,EVIDENCE_CANDIDATES_FOUND,,SYNTHETIC_HUMAN_SCENARIO,"{""criterion"":""NO_VERIFIED_PUBLIC_REQUIREMENT_VIOLATION"",""evidence_candidate_refs"":[""EV_APP0268_DOCUMENT_SCREEN_DOCUMENT_REVIEW_M1_SKILL_01"",""EV_APP0268_DOCUMENT_SCREEN_DOCUMENT_REVIEW_M1_SKILL_04"",""EV_APP0268_DOCUMENT_SCREEN_DOCUMENT_REVIEW_M1_SKILL_05"",""EV_APP0268_DOCUMENT_SCREEN_DOCUMENT_REVIEW_M1_SKILL_06"",""EV_APP0268_DOCUMENT_SCREEN_DOCUMENT_REVIEW_M1_SKILL_08""],""follow_up_skills"":[""M1_SKILL_01"",""M1_SKILL_04"",""M1_SKILL_05"",""M1_SKILL_06"",""M1_SKILL_08""],""human_rationale"":""공개 기본요건의 검증된 위반 없음. 자기기술을 후속검증 질문으로 전달하며 Skill을 확정하지 않는다."",""observation_refs"":[""OB_REVIEW_ML_01_EV_APP0268_DOCUMENT_SCREEN_DOCUMENT_REVIEW_M1_SKILL_01"",""OB_REVIEW_HM_01_EV_APP0268_DOCUMENT_SCREEN_DOCUMENT_REVIEW_M1_SKILL_01"",""OB_REVIEW_ML_01_EV_APP0268_DOCUMENT_SCREEN_DOCUMENT_REVIEW_M1_SKILL_04"",""OB_REVIEW_HM_01_EV_APP0268_DOCUMENT_SCREEN_DOCUMENT_REVIEW_M1_SKILL_04"",""OB_REVIEW_ML_01_EV_APP0268_DOCUMENT_SCREEN_DOCUMENT_REVIEW_M1_SKILL_05"",""OB_REVIEW_HM_01_EV_APP0268_DOCUMENT_SCREEN_DOCUMENT_REVIEW_M1_SKILL_05"",""OB_REVIEW_ML_01_EV_APP0268_DOCUMENT_SCREEN_DOCUMENT_REVIEW_M1_SKILL_06"",""OB_REVIEW_HM_01_EV_APP0268_DOCUMENT_SCREEN_DOCUMENT_REVIEW_M1_SKILL_06"",""OB_REVIEW_ML_01_EV_APP0268_DOCUMENT_SCREEN_DOCUMENT_REVIEW_M1_SKILL_08"",""OB_REVIEW_HM_01_EV_APP0268_DOCUMENT_SCREEN_DOCUMENT_REVIEW_M1_SKILL_08""],""stage"":""DOCUMENT_SCREEN""}"
APP0258_DOCUMENT_SCREEN,APP0258,C0258,DOCUMENT_SCREEN,2026-10-30T16:14:00+09:00,,,2026-10-30T16:14:00+09:00,2026-11-05T16:49:00+09:00,2026-11-07T16:49:00+09:00,,ADVANCED,EVIDENCE_CANDIDATES_FOUND,,SYNTHETIC_HUMAN_SCENARIO,"{""criterion"":""NO_VERIFIED_PUBLIC_REQUIREMENT_VIOLATION"",""evidence_candidate_refs"":[""EV_APP0258_DOCUMENT_SCREEN_DOCUMENT_REVIEW_M1_SKILL_01"",""EV_APP0258_DOCUMENT_SCREEN_DOCUMENT_REVIEW_M1_SKILL_04"",""EV_APP0258_DOCUMENT_SCREEN_DOCUMENT_REVIEW_M1_SKILL_05"",""EV_APP0258_DOCUMENT_SCREEN_DOCUMENT_REVIEW_M1_SKILL_06"",""EV_APP0258_DOCUMENT_SCREEN_DOCUMENT_REVIEW_M1_SKILL_08""],""follow_up_skills"":[""M1_SKILL_01"",""M1_SKILL_04"",""M1_SKILL_05"",""M1_SKILL_06"",""M1_SKILL_08""],""human_rationale"":""공개 기본요건의 검증된 위반 없음. 자기기술을 후속검증 질문으로 전달하며 Skill을 확정하지 않는다."",""observation_refs"":[""OB_REVIEW_ML_01_EV_APP0258_DOCUMENT_SCREEN_DOCUMENT_REVIEW_M1_SKILL_01"",""OB_REVIEW_HM_01_EV_APP0258_DOCUMENT_SCREEN_DOCUMENT_REVIEW_M1_SKILL_01"",""OB_REVIEW_ML_01_EV_APP0258_DOCUMENT_SCREEN_DOCUMENT_REVIEW_M1_SKILL_04"",""OB_REVIEW_HM_01_EV_APP0258_DOCUMENT_SCREEN_DOCUMENT_REVIEW_M1_SKILL_04"",""OB_REVIEW_ML_01_EV_APP0258_DOCUMENT_SCREEN_DOCUMENT_REVIEW_M1_SKILL_05"",""OB_REVIEW_HM_01_EV_APP0258_DOCUMENT_SCREEN_DOCUMENT_REVIEW_M1_SKILL_05"",""OB_REVIEW_ML_01_EV_APP0258_DOCUMENT_SCREEN_DOCUMENT_REVIEW_M1_SKILL_06"",""OB_REVIEW_HM_01_EV_APP0258_DOCUMENT_SCREEN_DOCUMENT_REVIEW_M1_SKILL_06"",""OB_REVIEW_ML_01_EV_APP0258_DOCUMENT_SCREEN_DOCUMENT_REVIEW_M1_SKILL_08"",""OB_REVIEW_HM_01_EV_APP0258_DOCUMENT_SCREEN_DOCUMENT_REVIEW_M1_SKILL_08""],""stage"":""DOCUMENT_SCREEN""}"
APP0264_DOCUMENT_SCREEN,APP0264,C0264,DOCUMENT_SCREEN,2026-10-30T16:17:00+09:00,,,2026-10-30T16:17:00+09:00,2026-11-03T17:00:00+09:00,2026-11-05T17:00:00+09:00,,ADVANCED,EVIDENCE_CANDIDATES_FOUND,,SYNTHETIC_HUMAN_SCENARIO,"{""criterion"":""NO_VERIFIED_PUBLIC_REQUIREMENT_VIOLATION"",""evidence_candidate_refs"":[""EV_APP0264_DOCUMENT_SCREEN_DOCUMENT_REVIEW_M1_SKILL_01"",""EV_APP0264_DOCUMENT_SCREEN_DOCUMENT_REVIEW_M1_SKILL_04"",""EV_APP0264_DOCUMENT_SCREEN_DOCUMENT_REVIEW_M1_SKILL_05"",""EV_APP0264_DOCUMENT_SCREEN_DOCUMENT_REVIEW_M1_SKILL_06"",""EV_APP0264_DOCUMENT_SCREEN_DOCUMENT_REVIEW_M1_SKILL_08""],""follow_up_skills"":[""M1_SKILL_01"",""M1_SKILL_04"",""M1_SKILL_05"",""M1_SKILL_06"",""M1_SKILL_08""],""human_rationale"":""공개 기본요건의 검증된 위반 없음. 자기기술을 후속검증 질문으로 전달하며 Skill을 확정하지 않는다."",""observation_refs"":[""OB_REVIEW_ML_01_EV_APP0264_DOCUMENT_SCREEN_DOCUMENT_REVIEW_M1_SKILL_01"",""OB_REVIEW_HM_01_EV_APP0264_DOCUMENT_SCREEN_DOCUMENT_REVIEW_M1_SKILL_01"",""OB_REVIEW_ML_01_EV_APP0264_DOCUMENT_SCREEN_DOCUMENT_REVIEW_M1_SKILL_04"",""OB_REVIEW_HM_01_EV_APP0264_DOCUMENT_SCREEN_DOCUMENT_REVIEW_M1_SKILL_04"",""OB_REVIEW_ML_01_EV_APP0264_DOCUMENT_SCREEN_DOCUMENT_REVIEW_M1_SKILL_05"",""OB_REVIEW_HM_01_EV_APP0264_DOCUMENT_SCREEN_DOCUMENT_REVIEW_M1_SKILL_05"",""OB_REVIEW_ML_01_EV_APP0264_DOCUMENT_SCREEN_DOCUMENT_REVIEW_M1_SKILL_06"",""OB_REVIEW_HM_01_EV_APP0264_DOCUMENT_SCREEN_DOCUMENT_REVIEW_M1_SKILL_06"",""OB_REVIEW_ML_01_EV_APP0264_DOCUMENT_SCREEN_DOCUMENT_REVIEW_M1_SKILL_08"",""OB_REVIEW_HM_01_EV_APP0264_DOCUMENT_SCREEN_DOCUMENT_REVIEW_M1_SKILL_08""],""stage"":""DOCUMENT_SCREEN""}"
APP0218_DOCUMENT_SCREEN,APP0218,C0218,DOCUMENT_SCREEN,2026-10-30T16:24:00+09:00,,,2026-10-30T16:24:00+09:00,2026-11-07T17:09:00+09:00,2026-11-11T17:09:00+09:00,,ADVANCED,EVIDENCE_CANDIDATES_FOUND,,SYNTHETIC_HUMAN_SCENARIO,"{""criterion"":""NO_VERIFIED_PUBLIC_REQUIREMENT_VIOLATION"",""evidence_candidate_refs"":[""EV_APP0218_DOCUMENT_SCREEN_DOCUMENT_REVIEW_M1_SKILL_01"",""EV_APP0218_DOCUMENT_SCREEN_DOCUMENT_REVIEW_M1_SKILL_04"",""EV_APP0218_DOCUMENT_SCREEN_DOCUMENT_REVIEW_M1_SKILL_05"",""EV_APP0218_DOCUMENT_SCREEN_DOCUMENT_REVIEW_M1_SKILL_06"",""EV_APP0218_DOCUMENT_SCREEN_DOCUMENT_REVIEW_M1_SKILL_08""],""follow_up_skills"":[""M1_SKILL_01"",""M1_SKILL_04"",""M1_SKILL_05"",""M1_SKILL_06"",""M1_SKILL_08""],""human_rationale"":""공개 기본요건의 검증된 위반 없음. 자기기술을 후속검증 질문으로 전달하며 Skill을 확정하지 않는다."",""observation_refs"":[""OB_REVIEW_ML_01_EV_APP0218_DOCUMENT_SCREEN_DOCUMENT_REVIEW_M1_SKILL_01"",""OB_REVIEW_HM_01_EV_APP0218_DOCUMENT_SCREEN_DOCUMENT_REVIEW_M1_SKILL_01"",""OB_REVIEW_ML_01_EV_APP0218_DOCUMENT_SCREEN_DOCUMENT_REVIEW_M1_SKILL_04"",""OB_REVIEW_HM_01_EV_APP0218_DOCUMENT_SCREEN_DOCUMENT_REVIEW_M1_SKILL_04"",""OB_REVIEW_ML_01_EV_APP0218_DOCUMENT_SCREEN_DOCUMENT_REVIEW_M1_SKILL_05"",""OB_REVIEW_HM_01_EV_APP0218_DOCUMENT_SCREEN_DOCUMENT_REVIEW_M1_SKILL_05"",""OB_REVIEW_ML_01_EV_APP0218_DOCUMENT_SCREEN_DOCUMENT_REVIEW_M1_SKILL_06"",""OB_REVIEW_HM_01_EV_APP0218_DOCUMENT_SCREEN_DOCUMENT_REVIEW_M1_SKILL_06"",""OB_REVIEW_ML_01_EV_APP0218_DOCUMENT_SCREEN_DOCUMENT_REVIEW_M1_SKILL_08"",""OB_REVIEW_HM_01_EV_APP0218_DOCUMENT_SCREEN_DOCUMENT_REVIEW_M1_SKILL_08""],""stage"":""DOCUMENT_SCREEN""}"
APP0301_DOCUMENT_SCREEN,APP0301,C0301,DOCUMENT_SCREEN,2026-10-31T09:21:00+09:00,,,2026-10-31T09:21:00+09:00,2026-11-04T09:46:00+09:00,2026-11-08T09:46:00+09:00,,ADVANCED,EVIDENCE_CANDIDATES_FOUND,,SYNTHETIC_HUMAN_SCENARIO,"{""criterion"":""NO_VERIFIED_PUBLIC_REQUIREMENT_VIOLATION"",""evidence_candidate_refs"":[""EV_APP0301_DOCUMENT_SCREEN_DOCUMENT_REVIEW_M1_SKILL_01"",""EV_APP0301_DOCUMENT_SCREEN_DOCUMENT_REVIEW_M1_SKILL_04"",""EV_APP0301_DOCUMENT_SCREEN_DOCUMENT_REVIEW_M1_SKILL_05"",""EV_APP0301_DOCUMENT_SCREEN_DOCUMENT_REVIEW_M1_SKILL_06"",""EV_APP0301_DOCUMENT_SCREEN_DOCUMENT_REVIEW_M1_SKILL_08""],""follow_up_skills"":[""M1_SKILL_01"",""M1_SKILL_04"",""M1_SKILL_05"",""M1_SKILL_06"",""M1_SKILL_08""],""human_rationale"":""공개 기본요건의 검증된 위반 없음. 자기기술을 후속검증 질문으로 전달하며 Skill을 확정하지 않는다."",""observation_refs"":[""OB_REVIEW_ML_01_EV_APP0301_DOCUMENT_SCREEN_DOCUMENT_REVIEW_M1_SKILL_01"",""OB_REVIEW_HM_01_EV_APP0301_DOCUMENT_SCREEN_DOCUMENT_REVIEW_M1_SKILL_01"",""OB_REVIEW_ML_01_EV_APP0301_DOCUMENT_SCREEN_DOCUMENT_REVIEW_M1_SKILL_04"",""OB_REVIEW_HM_01_EV_APP0301_DOCUMENT_SCREEN_DOCUMENT_REVIEW_M1_SKILL_04"",""OB_REVIEW_ML_01_EV_APP0301_DOCUMENT_SCREEN_DOCUMENT_REVIEW_M1_SKILL_05"",""OB_REVIEW_HM_01_EV_APP0301_DOCUMENT_SCREEN_DOCUMENT_REVIEW_M1_SKILL_05"",""OB_REVIEW_ML_01_EV_APP0301_DOCUMENT_SCREEN_DOCUMENT_REVIEW_M1_SKILL_06"",""OB_REVIEW_HM_01_EV_APP0301_DOCUMENT_SCREEN_DOCUMENT_REVIEW_M1_SKILL_06"",""OB_REVIEW_ML_01_EV_APP0301_DOCUMENT_SCREEN_DOCUMENT_REVIEW_M1_SKILL_08"",""OB_REVIEW_HM_01_EV_APP0301_DOCUMENT_SCREEN_DOCUMENT_REVIEW_M1_SKILL_08""],""stage"":""DOCUMENT_SCREEN""}"
APP0274_DOCUMENT_SCREEN,APP0274,C0274,DOCUMENT_SCREEN,2026-10-31T09:40:00+09:00,,,2026-10-31T09:40:00+09:00,2026-11-05T10:05:00+09:00,2026-11-07T10:05:00+09:00,,ADVANCED,EVIDENCE_CANDIDATES_FOUND,,SYNTHETIC_HUMAN_SCENARIO,"{""criterion"":""NO_VERIFIED_PUBLIC_REQUIREMENT_VIOLATION"",""evidence_candidate_refs"":[""EV_APP0274_DOCUMENT_SCREEN_DOCUMENT_REVIEW_M1_SKILL_01"",""EV_APP0274_DOCUMENT_SCREEN_DOCUMENT_REVIEW_M1_SKILL_04"",""EV_APP0274_DOCUMENT_SCREEN_DOCUMENT_REVIEW_M1_SKILL_05"",""EV_APP0274_DOCUMENT_SCREEN_DOCUMENT_REVIEW_M1_SKILL_06"",""EV_APP0274_DOCUMENT_SCREEN_DOCUMENT_REVIEW_M1_SKILL_08""],""follow_up_skills"":[""M1_SKILL_01"",""M1_SKILL_04"",""M1_SKILL_05"",""M1_SKILL_06"",""M1_SKILL_08""],""human_rationale"":""공개 기본요건의 검증된 위반 없음. 자기기술을 후속검증 질문으로 전달하며 Skill을 확정하지 않는다."",""observation_refs"":[""OB_REVIEW_ML_01_EV_APP0274_DOCUMENT_SCREEN_DOCUMENT_REVIEW_M1_SKILL_01"",""OB_REVIEW_HM_01_EV_APP0274_DOCUMENT_SCREEN_DOCUMENT_REVIEW_M1_SKILL_01"",""OB_REVIEW_ML_01_EV_APP0274_DOCUMENT_SCREEN_DOCUMENT_REVIEW_M1_SKILL_04"",""OB_REVIEW_HM_01_EV_APP0274_DOCUMENT_SCREEN_DOCUMENT_REVIEW_M1_SKILL_04"",""OB_REVIEW_ML_01_EV_APP0274_DOCUMENT_SCREEN_DOCUMENT_REVIEW_M1_SKILL_05"",""OB_REVIEW_HM_01_EV_APP0274_DOCUMENT_SCREEN_DOCUMENT_REVIEW_M1_SKILL_05"",""OB_REVIEW_ML_01_EV_APP0274_DOCUMENT_SCREEN_DOCUMENT_REVIEW_M1_SKILL_06"",""OB_REVIEW_HM_01_EV_APP0274_DOCUMENT_SCREEN_DOCUMENT_REVIEW_M1_SKILL_06"",""OB_REVIEW_ML_01_EV_APP0274_DOCUMENT_SCREEN_DOCUMENT_REVIEW_M1_SKILL_08"",""OB_REVIEW_HM_01_EV_APP0274_DOCUMENT_SCREEN_DOCUMENT_REVIEW_M1_SKILL_08""],""stage"":""DOCUMENT_SCREEN""}"
APP0273_DOCUMENT_SCREEN,APP0273,C0273,DOCUMENT_SCREEN,2026-10-31T09:56:00+09:00,,,2026-10-31T09:56:00+09:00,2026-11-04T10:16:00+09:00,2026-11-05T10:16:00+09:00,,ADVANCED,EVIDENCE_CANDIDATES_FOUND,,SYNTHETIC_HUMAN_SCENARIO,"{""criterion"":""NO_VERIFIED_PUBLIC_REQUIREMENT_VIOLATION"",""evidence_candidate_refs"":[""EV_APP0273_DOCUMENT_SCREEN_DOCUMENT_REVIEW_M1_SKILL_01"",""EV_APP0273_DOCUMENT_SCREEN_DOCUMENT_REVIEW_M1_SKILL_04"",""EV_APP0273_DOCUMENT_SCREEN_DOCUMENT_REVIEW_M1_SKILL_05"",""EV_APP0273_DOCUMENT_SCREEN_DOCUMENT_REVIEW_M1_SKILL_06"",""EV_APP0273_DOCUMENT_SCREEN_DOCUMENT_REVIEW_M1_SKILL_08""],""follow_up_skills"":[""M1_SKILL_01"",""M1_SKILL_04"",""M1_SKILL_05"",""M1_SKILL_06"",""M1_SKILL_08""],""human_rationale"":""공개 기본요건의 검증된 위반 없음. 자기기술을 후속검증 질문으로 전달하며 Skill을 확정하지 않는다."",""observation_refs"":[""OB_REVIEW_ML_01_EV_APP0273_DOCUMENT_SCREEN_DOCUMENT_REVIEW_M1_SKILL_01"",""OB_REVIEW_HM_01_EV_APP0273_DOCUMENT_SCREEN_DOCUMENT_REVIEW_M1_SKILL_01"",""OB_REVIEW_ML_01_EV_APP0273_DOCUMENT_SCREEN_DOCUMENT_REVIEW_M1_SKILL_04"",""OB_REVIEW_HM_01_EV_APP0273_DOCUMENT_SCREEN_DOCUMENT_REVIEW_M1_SKILL_04"",""OB_REVIEW_ML_01_EV_APP0273_DOCUMENT_SCREEN_DOCUMENT_REVIEW_M1_SKILL_05"",""OB_REVIEW_HM_01_EV_APP0273_DOCUMENT_SCREEN_DOCUMENT_REVIEW_M1_SKILL_05"",""OB_REVIEW_ML_01_EV_APP0273_DOCUMENT_SCREEN_DOCUMENT_REVIEW_M1_SKILL_06"",""OB_REVIEW_HM_01_EV_APP0273_DOCUMENT_SCREEN_DOCUMENT_REVIEW_M1_SKILL_06"",""OB_REVIEW_ML_01_EV_APP0273_DOCUMENT_SCREEN_DOCUMENT_REVIEW_M1_SKILL_08"",""OB_REVIEW_HM_01_EV_APP0273_DOCUMENT_SCREEN_DOCUMENT_REVIEW_M1_SKILL_08""],""stage"":""DOCUMENT_SCREEN""}"
APP0242_DOCUMENT_SCREEN,APP0242,C0242,DOCUMENT_SCREEN,2026-10-31T11:11:00+09:00,,,2026-10-31T11:11:00+09:00,2026-11-04T11:36:00+09:00,2026-11-04T11:36:00+09:00,,ADVANCED,EVIDENCE_CANDIDATES_FOUND,,SYNTHETIC_HUMAN_SCENARIO,"{""criterion"":""NO_VERIFIED_PUBLIC_REQUIREMENT_VIOLATION"",""evidence_candidate_refs"":[""EV_APP0242_DOCUMENT_SCREEN_DOCUMENT_REVIEW_M1_SKILL_01"",""EV_APP0242_DOCUMENT_SCREEN_DOCUMENT_REVIEW_M1_SKILL_04"",""EV_APP0242_DOCUMENT_SCREEN_DOCUMENT_REVIEW_M1_SKILL_05"",""EV_APP0242_DOCUMENT_SCREEN_DOCUMENT_REVIEW_M1_SKILL_06"",""EV_APP0242_DOCUMENT_SCREEN_DOCUMENT_REVIEW_M1_SKILL_08""],""follow_up_skills"":[""M1_SKILL_01"",""M1_SKILL_04"",""M1_SKILL_05"",""M1_SKILL_06"",""M1_SKILL_08""],""human_rationale"":""공개 기본요건의 검증된 위반 없음. 자기기술을 후속검증 질문으로 전달하며 Skill을 확정하지 않는다."",""observation_refs"":[""OB_REVIEW_ML_01_EV_APP0242_DOCUMENT_SCREEN_DOCUMENT_REVIEW_M1_SKILL_01"",""OB_REVIEW_HM_01_EV_APP0242_DOCUMENT_SCREEN_DOCUMENT_REVIEW_M1_SKILL_01"",""OB_REVIEW_ML_01_EV_APP0242_DOCUMENT_SCREEN_DOCUMENT_REVIEW_M1_SKILL_04"",""OB_REVIEW_HM_01_EV_APP0242_DOCUMENT_SCREEN_DOCUMENT_REVIEW_M1_SKILL_04"",""OB_REVIEW_ML_01_EV_APP0242_DOCUMENT_SCREEN_DOCUMENT_REVIEW_M1_SKILL_05"",""OB_REVIEW_HM_01_EV_APP0242_DOCUMENT_SCREEN_DOCUMENT_REVIEW_M1_SKILL_05"",""OB_REVIEW_ML_01_EV_APP0242_DOCUMENT_SCREEN_DOCUMENT_REVIEW_M1_SKILL_06"",""OB_REVIEW_HM_01_EV_APP0242_DOCUMENT_SCREEN_DOCUMENT_REVIEW_M1_SKILL_06"",""OB_REVIEW_ML_01_EV_APP0242_DOCUMENT_SCREEN_DOCUMENT_REVIEW_M1_SKILL_08"",""OB_REVIEW_HM_01_EV_APP0242_DOCUMENT_SCREEN_DOCUMENT_REVIEW_M1_SKILL_08""],""stage"":""DOCUMENT_SCREEN""}"
APP0305_DOCUMENT_SCREEN,APP0305,C0305,DOCUMENT_SCREEN,2026-10-31T11:53:00+09:00,,,2026-10-31T11:53:00+09:00,2026-11-04T12:08:00+09:00,2026-11-06T12:08:00+09:00,,ADVANCED,EVIDENCE_CANDIDATES_FOUND,,SYNTHETIC_HUMAN_SCENARIO,"{""criterion"":""NO_VERIFIED_PUBLIC_REQUIREMENT_VIOLATION"",""evidence_candidate_refs"":[""EV_APP0305_DOCUMENT_SCREEN_DOCUMENT_REVIEW_M1_SKILL_01"",""EV_APP0305_DOCUMENT_SCREEN_DOCUMENT_REVIEW_M1_SKILL_04"",""EV_APP0305_DOCUMENT_SCREEN_DOCUMENT_REVIEW_M1_SKILL_05"",""EV_APP0305_DOCUMENT_SCREEN_DOCUMENT_REVIEW_M1_SKILL_06"",""EV_APP0305_DOCUMENT_SCREEN_DOCUMENT_REVIEW_M1_SKILL_08""],""follow_up_skills"":[""M1_SKILL_01"",""M1_SKILL_04"",""M1_SKILL_05"",""M1_SKILL_06"",""M1_SKILL_08""],""human_rationale"":""공개 기본요건의 검증된 위반 없음. 자기기술을 후속검증 질문으로 전달하며 Skill을 확정하지 않는다."",""observation_refs"":[""OB_REVIEW_ML_01_EV_APP0305_DOCUMENT_SCREEN_DOCUMENT_REVIEW_M1_SKILL_01"",""OB_REVIEW_HM_01_EV_APP0305_DOCUMENT_SCREEN_DOCUMENT_REVIEW_M1_SKILL_01"",""OB_REVIEW_ML_01_EV_APP0305_DOCUMENT_SCREEN_DOCUMENT_REVIEW_M1_SKILL_04"",""OB_REVIEW_HM_01_EV_APP0305_DOCUMENT_SCREEN_DOCUMENT_REVIEW_M1_SKILL_04"",""OB_REVIEW_ML_01_EV_APP0305_DOCUMENT_SCREEN_DOCUMENT_REVIEW_M1_SKILL_05"",""OB_REVIEW_HM_01_EV_APP0305_DOCUMENT_SCREEN_DOCUMENT_REVIEW_M1_SKILL_05"",""OB_REVIEW_ML_01_EV_APP0305_DOCUMENT_SCREEN_DOCUMENT_REVIEW_M1_SKILL_06"",""OB_REVIEW_HM_01_EV_APP0305_DOCUMENT_SCREEN_DOCUMENT_REVIEW_M1_SKILL_06"",""OB_REVIEW_ML_01_EV_APP0305_DOCUMENT_SCREEN_DOCUMENT_REVIEW_M1_SKILL_08"",""OB_REVIEW_HM_01_EV_APP0305_DOCUMENT_SCREEN_DOCUMENT_REVIEW_M1_SKILL_08""],""stage"":""DOCUMENT_SCREEN""}"
APP0265_DOCUMENT_SCREEN,APP0265,C0265,DOCUMENT_SCREEN,2026-10-31T12:03:00+09:00,,,2026-10-31T12:03:00+09:00,2026-11-07T12:23:00+09:00,2026-11-07T12:23:00+09:00,,ADVANCED,EVIDENCE_CANDIDATES_FOUND,,SYNTHETIC_HUMAN_SCENARIO,"{""criterion"":""NO_VERIFIED_PUBLIC_REQUIREMENT_VIOLATION"",""evidence_candidate_refs"":[""EV_APP0265_DOCUMENT_SCREEN_DOCUMENT_REVIEW_M1_SKILL_01"",""EV_APP0265_DOCUMENT_SCREEN_DOCUMENT_REVIEW_M1_SKILL_04"",""EV_APP0265_DOCUMENT_SCREEN_DOCUMENT_REVIEW_M1_SKILL_05"",""EV_APP0265_DOCUMENT_SCREEN_DOCUMENT_REVIEW_M1_SKILL_06"",""EV_APP0265_DOCUMENT_SCREEN_DOCUMENT_REVIEW_M1_SKILL_08""],""follow_up_skills"":[""M1_SKILL_01"",""M1_SKILL_04"",""M1_SKILL_05"",""M1_SKILL_06"",""M1_SKILL_08""],""human_rationale"":""공개 기본요건의 검증된 위반 없음. 자기기술을 후속검증 질문으로 전달하며 Skill을 확정하지 않는다."",""observation_refs"":[""OB_REVIEW_ML_01_EV_APP0265_DOCUMENT_SCREEN_DOCUMENT_REVIEW_M1_SKILL_01"",""OB_REVIEW_HM_01_EV_APP0265_DOCUMENT_SCREEN_DOCUMENT_REVIEW_M1_SKILL_01"",""OB_REVIEW_ML_01_EV_APP0265_DOCUMENT_SCREEN_DOCUMENT_REVIEW_M1_SKILL_04"",""OB_REVIEW_HM_01_EV_APP0265_DOCUMENT_SCREEN_DOCUMENT_REVIEW_M1_SKILL_04"",""OB_REVIEW_ML_01_EV_APP0265_DOCUMENT_SCREEN_DOCUMENT_REVIEW_M1_SKILL_05"",""OB_REVIEW_HM_01_EV_APP0265_DOCUMENT_SCREEN_DOCUMENT_REVIEW_M1_SKILL_05"",""OB_REVIEW_ML_01_EV_APP0265_DOCUMENT_SCREEN_DOCUMENT_REVIEW_M1_SKILL_06"",""OB_REVIEW_HM_01_EV_APP0265_DOCUMENT_SCREEN_DOCUMENT_REVIEW_M1_SKILL_06"",""OB_REVIEW_ML_01_EV_APP0265_DOCUMENT_SCREEN_DOCUMENT_REVIEW_M1_SKILL_08"",""OB_REVIEW_HM_01_EV_APP0265_DOCUMENT_SCREEN_DOCUMENT_REVIEW_M1_SKILL_08""],""stage"":""DOCUMENT_SCREEN""}"
APP0194_DOCUMENT_SCREEN,APP0194,C0194,DOCUMENT_SCREEN,2026-10-31T12:12:00+09:00,,,2026-10-31T12:12:00+09:00,2026-11-10T12:48:00+09:00,2026-11-10T12:48:00+09:00,,ADVANCED,EVIDENCE_CANDIDATES_FOUND,,SYNTHETIC_HUMAN_SCENARIO,"{""criterion"":""NO_VERIFIED_PUBLIC_REQUIREMENT_VIOLATION"",""evidence_candidate_refs"":[""EV_APP0194_DOCUMENT_SCREEN_DOCUMENT_REVIEW_M1_SKILL_01"",""EV_APP0194_DOCUMENT_SCREEN_DOCUMENT_REVIEW_M1_SKILL_04"",""EV_APP0194_DOCUMENT_SCREEN_DOCUMENT_REVIEW_M1_SKILL_05"",""EV_APP0194_DOCUMENT_SCREEN_DOCUMENT_REVIEW_M1_SKILL_06"",""EV_APP0194_DOCUMENT_SCREEN_DOCUMENT_REVIEW_M1_SKILL_08""],""follow_up_skills"":[""M1_SKILL_01"",""M1_SKILL_04"",""M1_SKILL_05"",""M1_SKILL_06"",""M1_SKILL_08""],""human_rationale"":""공개 기본요건의 검증된 위반 없음. 자기기술을 후속검증 질문으로 전달하며 Skill을 확정하지 않는다."",""observation_refs"":[""OB_REVIEW_ML_01_EV_APP0194_DOCUMENT_SCREEN_DOCUMENT_REVIEW_M1_SKILL_01"",""OB_REVIEW_HM_01_EV_APP0194_DOCUMENT_SCREEN_DOCUMENT_REVIEW_M1_SKILL_01"",""OB_REVIEW_ML_01_EV_APP0194_DOCUMENT_SCREEN_DOCUMENT_REVIEW_M1_SKILL_04"",""OB_REVIEW_HM_01_EV_APP0194_DOCUMENT_SCREEN_DOCUMENT_REVIEW_M1_SKILL_04"",""OB_REVIEW_ML_01_EV_APP0194_DOCUMENT_SCREEN_DOCUMENT_REVIEW_M1_SKILL_05"",""OB_REVIEW_HM_01_EV_APP0194_DOCUMENT_SCREEN_DOCUMENT_REVIEW_M1_SKILL_05"",""OB_REVIEW_ML_01_EV_APP0194_DOCUMENT_SCREEN_DOCUMENT_REVIEW_M1_SKILL_06"",""OB_REVIEW_HM_01_EV_APP0194_DOCUMENT_SCREEN_DOCUMENT_REVIEW_M1_SKILL_06"",""OB_REVIEW_ML_01_EV_APP0194_DOCUMENT_SCREEN_DOCUMENT_REVIEW_M1_SKILL_08"",""OB_REVIEW_HM_01_EV_APP0194_DOCUMENT_SCREEN_DOCUMENT_REVIEW_M1_SKILL_08""],""stage"":""DOCUMENT_SCREEN""}"
APP0294_DOCUMENT_SCREEN,APP0294,C0294,DOCUMENT_SCREEN,2026-10-31T12:40:00+09:00,,,2026-10-31T12:40:00+09:00,2026-11-04T13:00:00+09:00,2026-11-08T13:00:00+09:00,,ADVANCED,EVIDENCE_CANDIDATES_FOUND,,SYNTHETIC_HUMAN_SCENARIO,"{""criterion"":""NO_VERIFIED_PUBLIC_REQUIREMENT_VIOLATION"",""evidence_candidate_refs"":[""EV_APP0294_DOCUMENT_SCREEN_DOCUMENT_REVIEW_M1_SKILL_01"",""EV_APP0294_DOCUMENT_SCREEN_DOCUMENT_REVIEW_M1_SKILL_04"",""EV_APP0294_DOCUMENT_SCREEN_DOCUMENT_REVIEW_M1_SKILL_05"",""EV_APP0294_DOCUMENT_SCREEN_DOCUMENT_REVIEW_M1_SKILL_06"",""EV_APP0294_DOCUMENT_SCREEN_DOCUMENT_REVIEW_M1_SKILL_08""],""follow_up_skills"":[""M1_SKILL_01"",""M1_SKILL_04"",""M1_SKILL_05"",""M1_SKILL_06"",""M1_SKILL_08""],""human_rationale"":""공개 기본요건의 검증된 위반 없음. 자기기술을 후속검증 질문으로 전달하며 Skill을 확정하지 않는다."",""observation_refs"":[""OB_REVIEW_ML_01_EV_APP0294_DOCUMENT_SCREEN_DOCUMENT_REVIEW_M1_SKILL_01"",""OB_REVIEW_HM_01_EV_APP0294_DOCUMENT_SCREEN_DOCUMENT_REVIEW_M1_SKILL_01"",""OB_REVIEW_ML_01_EV_APP0294_DOCUMENT_SCREEN_DOCUMENT_REVIEW_M1_SKILL_04"",""OB_REVIEW_HM_01_EV_APP0294_DOCUMENT_SCREEN_DOCUMENT_REVIEW_M1_SKILL_04"",""OB_REVIEW_ML_01_EV_APP0294_DOCUMENT_SCREEN_DOCUMENT_REVIEW_M1_SKILL_05"",""OB_REVIEW_HM_01_EV_APP0294_DOCUMENT_SCREEN_DOCUMENT_REVIEW_M1_SKILL_05"",""OB_REVIEW_ML_01_EV_APP0294_DOCUMENT_SCREEN_DOCUMENT_REVIEW_M1_SKILL_06"",""OB_REVIEW_HM_01_EV_APP0294_DOCUMENT_SCREEN_DOCUMENT_REVIEW_M1_SKILL_06"",""OB_REVIEW_ML_01_EV_APP0294_DOCUMENT_SCREEN_DOCUMENT_REVIEW_M1_SKILL_08"",""OB_REVIEW_HM_01_EV_APP0294_DOCUMENT_SCREEN_DOCUMENT_REVIEW_M1_SKILL_08""],""stage"":""DOCUMENT_SCREEN""}"
APP0292_DOCUMENT_SCREEN,APP0292,C0292,DOCUMENT_SCREEN,2026-10-31T13:00:00+09:00,,,2026-10-31T13:00:00+09:00,2026-11-05T13:25:00+09:00,2026-11-09T13:25:00+09:00,,ADVANCED,EVIDENCE_CANDIDATES_FOUND,,SYNTHETIC_HUMAN_SCENARIO,"{""criterion"":""NO_VERIFIED_PUBLIC_REQUIREMENT_VIOLATION"",""evidence_candidate_refs"":[""EV_APP0292_DOCUMENT_SCREEN_DOCUMENT_REVIEW_M1_SKILL_01"",""EV_APP0292_DOCUMENT_SCREEN_DOCUMENT_REVIEW_M1_SKILL_04"",""EV_APP0292_DOCUMENT_SCREEN_DOCUMENT_REVIEW_M1_SKILL_05"",""EV_APP0292_DOCUMENT_SCREEN_DOCUMENT_REVIEW_M1_SKILL_06"",""EV_APP0292_DOCUMENT_SCREEN_DOCUMENT_REVIEW_M1_SKILL_08""],""follow_up_skills"":[""M1_SKILL_01"",""M1_SKILL_04"",""M1_SKILL_05"",""M1_SKILL_06"",""M1_SKILL_08""],""human_rationale"":""공개 기본요건의 검증된 위반 없음. 자기기술을 후속검증 질문으로 전달하며 Skill을 확정하지 않는다."",""observation_refs"":[""OB_REVIEW_ML_01_EV_APP0292_DOCUMENT_SCREEN_DOCUMENT_REVIEW_M1_SKILL_01"",""OB_REVIEW_HM_01_EV_APP0292_DOCUMENT_SCREEN_DOCUMENT_REVIEW_M1_SKILL_01"",""OB_REVIEW_ML_01_EV_APP0292_DOCUMENT_SCREEN_DOCUMENT_REVIEW_M1_SKILL_04"",""OB_REVIEW_HM_01_EV_APP0292_DOCUMENT_SCREEN_DOCUMENT_REVIEW_M1_SKILL_04"",""OB_REVIEW_ML_01_EV_APP0292_DOCUMENT_SCREEN_DOCUMENT_REVIEW_M1_SKILL_05"",""OB_REVIEW_HM_01_EV_APP0292_DOCUMENT_SCREEN_DOCUMENT_REVIEW_M1_SKILL_05"",""OB_REVIEW_ML_01_EV_APP0292_DOCUMENT_SCREEN_DOCUMENT_REVIEW_M1_SKILL_06"",""OB_REVIEW_HM_01_EV_APP0292_DOCUMENT_SCREEN_DOCUMENT_REVIEW_M1_SKILL_06"",""OB_REVIEW_ML_01_EV_APP0292_DOCUMENT_SCREEN_DOCUMENT_REVIEW_M1_SKILL_08"",""OB_REVIEW_HM_01_EV_APP0292_DOCUMENT_SCREEN_DOCUMENT_REVIEW_M1_SKILL_08""],""stage"":""DOCUMENT_SCREEN""}"
APP0192_DOCUMENT_SCREEN,APP0192,C0192,DOCUMENT_SCREEN,2026-10-31T13:04:00+09:00,,,2026-10-31T13:04:00+09:00,2026-11-08T13:29:00+09:00,2026-11-10T13:29:00+09:00,,ADVANCED,EVIDENCE_CANDIDATES_FOUND,,SYNTHETIC_HUMAN_SCENARIO,"{""criterion"":""NO_VERIFIED_PUBLIC_REQUIREMENT_VIOLATION"",""evidence_candidate_refs"":[""EV_APP0192_DOCUMENT_SCREEN_DOCUMENT_REVIEW_M1_SKILL_01"",""EV_APP0192_DOCUMENT_SCREEN_DOCUMENT_REVIEW_M1_SKILL_04"",""EV_APP0192_DOCUMENT_SCREEN_DOCUMENT_REVIEW_M1_SKILL_05"",""EV_APP0192_DOCUMENT_SCREEN_DOCUMENT_REVIEW_M1_SKILL_06"",""EV_APP0192_DOCUMENT_SCREEN_DOCUMENT_REVIEW_M1_SKILL_08""],""follow_up_skills"":[""M1_SKILL_01"",""M1_SKILL_04"",""M1_SKILL_05"",""M1_SKILL_06"",""M1_SKILL_08""],""human_rationale"":""공개 기본요건의 검증된 위반 없음. 자기기술을 후속검증 질문으로 전달하며 Skill을 확정하지 않는다."",""observation_refs"":[""OB_REVIEW_ML_01_EV_APP0192_DOCUMENT_SCREEN_DOCUMENT_REVIEW_M1_SKILL_01"",""OB_REVIEW_HM_01_EV_APP0192_DOCUMENT_SCREEN_DOCUMENT_REVIEW_M1_SKILL_01"",""OB_REVIEW_ML_01_EV_APP0192_DOCUMENT_SCREEN_DOCUMENT_REVIEW_M1_SKILL_04"",""OB_REVIEW_HM_01_EV_APP0192_DOCUMENT_SCREEN_DOCUMENT_REVIEW_M1_SKILL_04"",""OB_REVIEW_ML_01_EV_APP0192_DOCUMENT_SCREEN_DOCUMENT_REVIEW_M1_SKILL_05"",""OB_REVIEW_HM_01_EV_APP0192_DOCUMENT_SCREEN_DOCUMENT_REVIEW_M1_SKILL_05"",""OB_REVIEW_ML_01_EV_APP0192_DOCUMENT_SCREEN_DOCUMENT_REVIEW_M1_SKILL_06"",""OB_REVIEW_HM_01_EV_APP0192_DOCUMENT_SCREEN_DOCUMENT_REVIEW_M1_SKILL_06"",""OB_REVIEW_ML_01_EV_APP0192_DOCUMENT_SCREEN_DOCUMENT_REVIEW_M1_SKILL_08"",""OB_REVIEW_HM_01_EV_APP0192_DOCUMENT_SCREEN_DOCUMENT_REVIEW_M1_SKILL_08""],""stage"":""DOCUMENT_SCREEN""}"
APP0269_DOCUMENT_SCREEN,APP0269,C0269,DOCUMENT_SCREEN,2026-10-31T13:25:00+09:00,,,2026-10-31T13:25:00+09:00,2026-11-09T13:45:00+09:00,2026-11-09T13:45:00+09:00,,ADVANCED,EVIDENCE_CANDIDATES_FOUND,,SYNTHETIC_HUMAN_SCENARIO,"{""criterion"":""NO_VERIFIED_PUBLIC_REQUIREMENT_VIOLATION"",""evidence_candidate_refs"":[""EV_APP0269_DOCUMENT_SCREEN_DOCUMENT_REVIEW_M1_SKILL_01"",""EV_APP0269_DOCUMENT_SCREEN_DOCUMENT_REVIEW_M1_SKILL_04"",""EV_APP0269_DOCUMENT_SCREEN_DOCUMENT_REVIEW_M1_SKILL_05"",""EV_APP0269_DOCUMENT_SCREEN_DOCUMENT_REVIEW_M1_SKILL_06"",""EV_APP0269_DOCUMENT_SCREEN_DOCUMENT_REVIEW_M1_SKILL_08""],""follow_up_skills"":[""M1_SKILL_01"",""M1_SKILL_04"",""M1_SKILL_05"",""M1_SKILL_06"",""M1_SKILL_08""],""human_rationale"":""공개 기본요건의 검증된 위반 없음. 자기기술을 후속검증 질문으로 전달하며 Skill을 확정하지 않는다."",""observation_refs"":[""OB_REVIEW_ML_01_EV_APP0269_DOCUMENT_SCREEN_DOCUMENT_REVIEW_M1_SKILL_01"",""OB_REVIEW_HM_01_EV_APP0269_DOCUMENT_SCREEN_DOCUMENT_REVIEW_M1_SKILL_01"",""OB_REVIEW_ML_01_EV_APP0269_DOCUMENT_SCREEN_DOCUMENT_REVIEW_M1_SKILL_04"",""OB_REVIEW_HM_01_EV_APP0269_DOCUMENT_SCREEN_DOCUMENT_REVIEW_M1_SKILL_04"",""OB_REVIEW_ML_01_EV_APP0269_DOCUMENT_SCREEN_DOCUMENT_REVIEW_M1_SKILL_05"",""OB_REVIEW_HM_01_EV_APP0269_DOCUMENT_SCREEN_DOCUMENT_REVIEW_M1_SKILL_05"",""OB_REVIEW_ML_01_EV_APP0269_DOCUMENT_SCREEN_DOCUMENT_REVIEW_M1_SKILL_06"",""OB_REVIEW_HM_01_EV_APP0269_DOCUMENT_SCREEN_DOCUMENT_REVIEW_M1_SKILL_06"",""OB_REVIEW_ML_01_EV_APP0269_DOCUMENT_SCREEN_DOCUMENT_REVIEW_M1_SKILL_08"",""OB_REVIEW_HM_01_EV_APP0269_DOCUMENT_SCREEN_DOCUMENT_REVIEW_M1_SKILL_08""],""stage"":""DOCUMENT_SCREEN""}"
APP0288_DOCUMENT_SCREEN,APP0288,C0288,DOCUMENT_SCREEN,2026-10-31T14:19:00+09:00,,,2026-10-31T14:19:00+09:00,2026-11-12T14:39:00+09:00,2026-11-14T14:39:00+09:00,,ADVANCED,EVIDENCE_CANDIDATES_FOUND,,SYNTHETIC_HUMAN_SCENARIO,"{""criterion"":""NO_VERIFIED_PUBLIC_REQUIREMENT_VIOLATION"",""evidence_candidate_refs"":[""EV_APP0288_DOCUMENT_SCREEN_DOCUMENT_REVIEW_M1_SKILL_01"",""EV_APP0288_DOCUMENT_SCREEN_DOCUMENT_REVIEW_M1_SKILL_04"",""EV_APP0288_DOCUMENT_SCREEN_DOCUMENT_REVIEW_M1_SKILL_05"",""EV_APP0288_DOCUMENT_SCREEN_DOCUMENT_REVIEW_M1_SKILL_06"",""EV_APP0288_DOCUMENT_SCREEN_DOCUMENT_REVIEW_M1_SKILL_08""],""follow_up_skills"":[""M1_SKILL_01"",""M1_SKILL_04"",""M1_SKILL_05"",""M1_SKILL_06"",""M1_SKILL_08""],""human_rationale"":""공개 기본요건의 검증된 위반 없음. 자기기술을 후속검증 질문으로 전달하며 Skill을 확정하지 않는다."",""observation_refs"":[""OB_REVIEW_ML_01_EV_APP0288_DOCUMENT_SCREEN_DOCUMENT_REVIEW_M1_SKILL_01"",""OB_REVIEW_HM_01_EV_APP0288_DOCUMENT_SCREEN_DOCUMENT_REVIEW_M1_SKILL_01"",""OB_REVIEW_ML_01_EV_APP0288_DOCUMENT_SCREEN_DOCUMENT_REVIEW_M1_SKILL_04"",""OB_REVIEW_HM_01_EV_APP0288_DOCUMENT_SCREEN_DOCUMENT_REVIEW_M1_SKILL_04"",""OB_REVIEW_ML_01_EV_APP0288_DOCUMENT_SCREEN_DOCUMENT_REVIEW_M1_SKILL_05"",""OB_REVIEW_HM_01_EV_APP0288_DOCUMENT_SCREEN_DOCUMENT_REVIEW_M1_SKILL_05"",""OB_REVIEW_ML_01_EV_APP0288_DOCUMENT_SCREEN_DOCUMENT_REVIEW_M1_SKILL_06"",""OB_REVIEW_HM_01_EV_APP0288_DOCUMENT_SCREEN_DOCUMENT_REVIEW_M1_SKILL_06"",""OB_REVIEW_ML_01_EV_APP0288_DOCUMENT_SCREEN_DOCUMENT_REVIEW_M1_SKILL_08"",""OB_REVIEW_HM_01_EV_APP0288_DOCUMENT_SCREEN_DOCUMENT_REVIEW_M1_SKILL_08""],""stage"":""DOCUMENT_SCREEN""}"
APP0275_DOCUMENT_SCREEN,APP0275,C0275,DOCUMENT_SCREEN,2026-10-31T14:20:00+09:00,,,2026-10-31T14:20:00+09:00,2026-11-08T15:00:00+09:00,2026-11-12T15:00:00+09:00,,ADVANCED,EVIDENCE_CANDIDATES_FOUND,,SYNTHETIC_HUMAN_SCENARIO,"{""criterion"":""NO_VERIFIED_PUBLIC_REQUIREMENT_VIOLATION"",""evidence_candidate_refs"":[""EV_APP0275_DOCUMENT_SCREEN_DOCUMENT_REVIEW_M1_SKILL_01"",""EV_APP0275_DOCUMENT_SCREEN_DOCUMENT_REVIEW_M1_SKILL_04"",""EV_APP0275_DOCUMENT_SCREEN_DOCUMENT_REVIEW_M1_SKILL_05"",""EV_APP0275_DOCUMENT_SCREEN_DOCUMENT_REVIEW_M1_SKILL_06"",""EV_APP0275_DOCUMENT_SCREEN_DOCUMENT_REVIEW_M1_SKILL_08""],""follow_up_skills"":[""M1_SKILL_01"",""M1_SKILL_04"",""M1_SKILL_05"",""M1_SKILL_06"",""M1_SKILL_08""],""human_rationale"":""공개 기본요건의 검증된 위반 없음. 자기기술을 후속검증 질문으로 전달하며 Skill을 확정하지 않는다."",""observation_refs"":[""OB_REVIEW_ML_01_EV_APP0275_DOCUMENT_SCREEN_DOCUMENT_REVIEW_M1_SKILL_01"",""OB_REVIEW_HM_01_EV_APP0275_DOCUMENT_SCREEN_DOCUMENT_REVIEW_M1_SKILL_01"",""OB_REVIEW_ML_01_EV_APP0275_DOCUMENT_SCREEN_DOCUMENT_REVIEW_M1_SKILL_04"",""OB_REVIEW_HM_01_EV_APP0275_DOCUMENT_SCREEN_DOCUMENT_REVIEW_M1_SKILL_04"",""OB_REVIEW_ML_01_EV_APP0275_DOCUMENT_SCREEN_DOCUMENT_REVIEW_M1_SKILL_05"",""OB_REVIEW_HM_01_EV_APP0275_DOCUMENT_SCREEN_DOCUMENT_REVIEW_M1_SKILL_05"",""OB_REVIEW_ML_01_EV_APP0275_DOCUMENT_SCREEN_DOCUMENT_REVIEW_M1_SKILL_06"",""OB_REVIEW_HM_01_EV_APP0275_DOCUMENT_SCREEN_DOCUMENT_REVIEW_M1_SKILL_06"",""OB_REVIEW_ML_01_EV_APP0275_DOCUMENT_SCREEN_DOCUMENT_REVIEW_M1_SKILL_08"",""OB_REVIEW_HM_01_EV_APP0275_DOCUMENT_SCREEN_DOCUMENT_REVIEW_M1_SKILL_08""],""stage"":""DOCUMENT_SCREEN""}"
APP0238_DOCUMENT_SCREEN,APP0238,C0238,DOCUMENT_SCREEN,2026-10-31T14:30:00+09:00,,,2026-10-31T14:30:00+09:00,2026-11-10T14:45:00+09:00,2026-11-12T14:45:00+09:00,,ADVANCED,EVIDENCE_CANDIDATES_FOUND,,SYNTHETIC_HUMAN_SCENARIO,"{""criterion"":""NO_VERIFIED_PUBLIC_REQUIREMENT_VIOLATION"",""evidence_candidate_refs"":[""EV_APP0238_DOCUMENT_SCREEN_DOCUMENT_REVIEW_M1_SKILL_01"",""EV_APP0238_DOCUMENT_SCREEN_DOCUMENT_REVIEW_M1_SKILL_04"",""EV_APP0238_DOCUMENT_SCREEN_DOCUMENT_REVIEW_M1_SKILL_05"",""EV_APP0238_DOCUMENT_SCREEN_DOCUMENT_REVIEW_M1_SKILL_06"",""EV_APP0238_DOCUMENT_SCREEN_DOCUMENT_REVIEW_M1_SKILL_08""],""follow_up_skills"":[""M1_SKILL_01"",""M1_SKILL_04"",""M1_SKILL_05"",""M1_SKILL_06"",""M1_SKILL_08""],""human_rationale"":""공개 기본요건의 검증된 위반 없음. 자기기술을 후속검증 질문으로 전달하며 Skill을 확정하지 않는다."",""observation_refs"":[""OB_REVIEW_ML_01_EV_APP0238_DOCUMENT_SCREEN_DOCUMENT_REVIEW_M1_SKILL_01"",""OB_REVIEW_HM_01_EV_APP0238_DOCUMENT_SCREEN_DOCUMENT_REVIEW_M1_SKILL_01"",""OB_REVIEW_ML_01_EV_APP0238_DOCUMENT_SCREEN_DOCUMENT_REVIEW_M1_SKILL_04"",""OB_REVIEW_HM_01_EV_APP0238_DOCUMENT_SCREEN_DOCUMENT_REVIEW_M1_SKILL_04"",""OB_REVIEW_ML_01_EV_APP0238_DOCUMENT_SCREEN_DOCUMENT_REVIEW_M1_SKILL_05"",""OB_REVIEW_HM_01_EV_APP0238_DOCUMENT_SCREEN_DOCUMENT_REVIEW_M1_SKILL_05"",""OB_REVIEW_ML_01_EV_APP0238_DOCUMENT_SCREEN_DOCUMENT_REVIEW_M1_SKILL_06"",""OB_REVIEW_HM_01_EV_APP0238_DOCUMENT_SCREEN_DOCUMENT_REVIEW_M1_SKILL_06"",""OB_REVIEW_ML_01_EV_APP0238_DOCUMENT_SCREEN_DOCUMENT_REVIEW_M1_SKILL_08"",""OB_REVIEW_HM_01_EV_APP0238_DOCUMENT_SCREEN_DOCUMENT_REVIEW_M1_SKILL_08""],""stage"":""DOCUMENT_SCREEN""}"
APP0299_DOCUMENT_SCREEN,APP0299,C0299,DOCUMENT_SCREEN,2026-10-31T16:03:00+09:00,,,2026-10-31T16:03:00+09:00,2026-11-09T16:23:00+09:00,2026-11-13T16:23:00+09:00,,ADVANCED,EVIDENCE_CANDIDATES_FOUND,,SYNTHETIC_HUMAN_SCENARIO,"{""criterion"":""NO_VERIFIED_PUBLIC_REQUIREMENT_VIOLATION"",""evidence_candidate_refs"":[""EV_APP0299_DOCUMENT_SCREEN_DOCUMENT_REVIEW_M1_SKILL_01"",""EV_APP0299_DOCUMENT_SCREEN_DOCUMENT_REVIEW_M1_SKILL_04"",""EV_APP0299_DOCUMENT_SCREEN_DOCUMENT_REVIEW_M1_SKILL_05"",""EV_APP0299_DOCUMENT_SCREEN_DOCUMENT_REVIEW_M1_SKILL_06"",""EV_APP0299_DOCUMENT_SCREEN_DOCUMENT_REVIEW_M1_SKILL_08""],""follow_up_skills"":[""M1_SKILL_01"",""M1_SKILL_04"",""M1_SKILL_05"",""M1_SKILL_06"",""M1_SKILL_08""],""human_rationale"":""공개 기본요건의 검증된 위반 없음. 자기기술을 후속검증 질문으로 전달하며 Skill을 확정하지 않는다."",""observation_refs"":[""OB_REVIEW_ML_01_EV_APP0299_DOCUMENT_SCREEN_DOCUMENT_REVIEW_M1_SKILL_01"",""OB_REVIEW_HM_01_EV_APP0299_DOCUMENT_SCREEN_DOCUMENT_REVIEW_M1_SKILL_01"",""OB_REVIEW_ML_01_EV_APP0299_DOCUMENT_SCREEN_DOCUMENT_REVIEW_M1_SKILL_04"",""OB_REVIEW_HM_01_EV_APP0299_DOCUMENT_SCREEN_DOCUMENT_REVIEW_M1_SKILL_04"",""OB_REVIEW_ML_01_EV_APP0299_DOCUMENT_SCREEN_DOCUMENT_REVIEW_M1_SKILL_05"",""OB_REVIEW_HM_01_EV_APP0299_DOCUMENT_SCREEN_DOCUMENT_REVIEW_M1_SKILL_05"",""OB_REVIEW_ML_01_EV_APP0299_DOCUMENT_SCREEN_DOCUMENT_REVIEW_M1_SKILL_06"",""OB_REVIEW_HM_01_EV_APP0299_DOCUMENT_SCREEN_DOCUMENT_REVIEW_M1_SKILL_06"",""OB_REVIEW_ML_01_EV_APP0299_DOCUMENT_SCREEN_DOCUMENT_REVIEW_M1_SKILL_08"",""OB_REVIEW_HM_01_EV_APP0299_DOCUMENT_SCREEN_DOCUMENT_REVIEW_M1_SKILL_08""],""stage"":""DOCUMENT_SCREEN""}"
APP0286_DOCUMENT_SCREEN,APP0286,C0286,DOCUMENT_SCREEN,2026-10-31T16:34:00+09:00,,,2026-10-31T16:34:00+09:00,2026-11-08T16:59:00+09:00,2026-11-09T16:59:00+09:00,,ADVANCED,EVIDENCE_CANDIDATES_FOUND,,SYNTHETIC_HUMAN_SCENARIO,"{""criterion"":""NO_VERIFIED_PUBLIC_REQUIREMENT_VIOLATION"",""evidence_candidate_refs"":[""EV_APP0286_DOCUMENT_SCREEN_DOCUMENT_REVIEW_M1_SKILL_01"",""EV_APP0286_DOCUMENT_SCREEN_DOCUMENT_REVIEW_M1_SKILL_04"",""EV_APP0286_DOCUMENT_SCREEN_DOCUMENT_REVIEW_M1_SKILL_05"",""EV_APP0286_DOCUMENT_SCREEN_DOCUMENT_REVIEW_M1_SKILL_06"",""EV_APP0286_DOCUMENT_SCREEN_DOCUMENT_REVIEW_M1_SKILL_08""],""follow_up_skills"":[""M1_SKILL_01"",""M1_SKILL_04"",""M1_SKILL_05"",""M1_SKILL_06"",""M1_SKILL_08""],""human_rationale"":""공개 기본요건의 검증된 위반 없음. 자기기술을 후속검증 질문으로 전달하며 Skill을 확정하지 않는다."",""observation_refs"":[""OB_REVIEW_ML_01_EV_APP0286_DOCUMENT_SCREEN_DOCUMENT_REVIEW_M1_SKILL_01"",""OB_REVIEW_HM_01_EV_APP0286_DOCUMENT_SCREEN_DOCUMENT_REVIEW_M1_SKILL_01"",""OB_REVIEW_ML_01_EV_APP0286_DOCUMENT_SCREEN_DOCUMENT_REVIEW_M1_SKILL_04"",""OB_REVIEW_HM_01_EV_APP0286_DOCUMENT_SCREEN_DOCUMENT_REVIEW_M1_SKILL_04"",""OB_REVIEW_ML_01_EV_APP0286_DOCUMENT_SCREEN_DOCUMENT_REVIEW_M1_SKILL_05"",""OB_REVIEW_HM_01_EV_APP0286_DOCUMENT_SCREEN_DOCUMENT_REVIEW_M1_SKILL_05"",""OB_REVIEW_ML_01_EV_APP0286_DOCUMENT_SCREEN_DOCUMENT_REVIEW_M1_SKILL_06"",""OB_REVIEW_HM_01_EV_APP0286_DOCUMENT_SCREEN_DOCUMENT_REVIEW_M1_SKILL_06"",""OB_REVIEW_ML_01_EV_APP0286_DOCUMENT_SCREEN_DOCUMENT_REVIEW_M1_SKILL_08"",""OB_REVIEW_HM_01_EV_APP0286_DOCUMENT_SCREEN_DOCUMENT_REVIEW_M1_SKILL_08""],""stage"":""DOCUMENT_SCREEN""}"
APP0200_DOCUMENT_SCREEN,APP0200,C0200,DOCUMENT_SCREEN,2026-11-01T09:19:00+09:00,,,2026-11-01T09:19:00+09:00,2026-11-08T09:39:00+09:00,2026-11-08T09:39:00+09:00,,ADVANCED,EVIDENCE_CANDIDATES_FOUND,,SYNTHETIC_HUMAN_SCENARIO,"{""criterion"":""NO_VERIFIED_PUBLIC_REQUIREMENT_VIOLATION"",""evidence_candidate_refs"":[""EV_APP0200_DOCUMENT_SCREEN_DOCUMENT_REVIEW_M1_SKILL_01"",""EV_APP0200_DOCUMENT_SCREEN_DOCUMENT_REVIEW_M1_SKILL_04"",""EV_APP0200_DOCUMENT_SCREEN_DOCUMENT_REVIEW_M1_SKILL_05"",""EV_APP0200_DOCUMENT_SCREEN_DOCUMENT_REVIEW_M1_SKILL_06"",""EV_APP0200_DOCUMENT_SCREEN_DOCUMENT_REVIEW_M1_SKILL_08""],""follow_up_skills"":[""M1_SKILL_01"",""M1_SKILL_04"",""M1_SKILL_05"",""M1_SKILL_06"",""M1_SKILL_08""],""human_rationale"":""공개 기본요건의 검증된 위반 없음. 자기기술을 후속검증 질문으로 전달하며 Skill을 확정하지 않는다."",""observation_refs"":[""OB_REVIEW_ML_01_EV_APP0200_DOCUMENT_SCREEN_DOCUMENT_REVIEW_M1_SKILL_01"",""OB_REVIEW_HM_01_EV_APP0200_DOCUMENT_SCREEN_DOCUMENT_REVIEW_M1_SKILL_01"",""OB_REVIEW_ML_01_EV_APP0200_DOCUMENT_SCREEN_DOCUMENT_REVIEW_M1_SKILL_04"",""OB_REVIEW_HM_01_EV_APP0200_DOCUMENT_SCREEN_DOCUMENT_REVIEW_M1_SKILL_04"",""OB_REVIEW_ML_01_EV_APP0200_DOCUMENT_SCREEN_DOCUMENT_REVIEW_M1_SKILL_05"",""OB_REVIEW_HM_01_EV_APP0200_DOCUMENT_SCREEN_DOCUMENT_REVIEW_M1_SKILL_05"",""OB_REVIEW_ML_01_EV_APP0200_DOCUMENT_SCREEN_DOCUMENT_REVIEW_M1_SKILL_06"",""OB_REVIEW_HM_01_EV_APP0200_DOCUMENT_SCREEN_DOCUMENT_REVIEW_M1_SKILL_06"",""OB_REVIEW_ML_01_EV_APP0200_DOCUMENT_SCREEN_DOCUMENT_REVIEW_M1_SKILL_08"",""OB_REVIEW_HM_01_EV_APP0200_DOCUMENT_SCREEN_DOCUMENT_REVIEW_M1_SKILL_08""],""stage"":""DOCUMENT_SCREEN""}"
APP0320_DOCUMENT_SCREEN,APP0320,C0320,DOCUMENT_SCREEN,2026-11-01T09:36:00+09:00,,,2026-11-01T09:36:00+09:00,2026-11-11T10:42:00+09:00,2026-11-15T10:42:00+09:00,,ADVANCED,EVIDENCE_CANDIDATES_FOUND,,SYNTHETIC_HUMAN_SCENARIO,"{""criterion"":""NO_VERIFIED_PUBLIC_REQUIREMENT_VIOLATION"",""evidence_candidate_refs"":[""EV_APP0320_DOCUMENT_SCREEN_DOCUMENT_REVIEW_M1_SKILL_01"",""EV_APP0320_DOCUMENT_SCREEN_DOCUMENT_REVIEW_M1_SKILL_04"",""EV_APP0320_DOCUMENT_SCREEN_DOCUMENT_REVIEW_M1_SKILL_05"",""EV_APP0320_DOCUMENT_SCREEN_DOCUMENT_REVIEW_M1_SKILL_06"",""EV_APP0320_DOCUMENT_SCREEN_DOCUMENT_REVIEW_M1_SKILL_08""],""follow_up_skills"":[""M1_SKILL_01"",""M1_SKILL_04"",""M1_SKILL_05"",""M1_SKILL_06"",""M1_SKILL_08""],""human_rationale"":""공개 기본요건의 검증된 위반 없음. 자기기술을 후속검증 질문으로 전달하며 Skill을 확정하지 않는다."",""observation_refs"":[""OB_REVIEW_ML_01_EV_APP0320_DOCUMENT_SCREEN_DOCUMENT_REVIEW_M1_SKILL_01"",""OB_REVIEW_HM_01_EV_APP0320_DOCUMENT_SCREEN_DOCUMENT_REVIEW_M1_SKILL_01"",""OB_REVIEW_ML_01_EV_APP0320_DOCUMENT_SCREEN_DOCUMENT_REVIEW_M1_SKILL_04"",""OB_REVIEW_HM_01_EV_APP0320_DOCUMENT_SCREEN_DOCUMENT_REVIEW_M1_SKILL_04"",""OB_REVIEW_ML_01_EV_APP0320_DOCUMENT_SCREEN_DOCUMENT_REVIEW_M1_SKILL_05"",""OB_REVIEW_HM_01_EV_APP0320_DOCUMENT_SCREEN_DOCUMENT_REVIEW_M1_SKILL_05"",""OB_REVIEW_ML_01_EV_APP0320_DOCUMENT_SCREEN_DOCUMENT_REVIEW_M1_SKILL_06"",""OB_REVIEW_HM_01_EV_APP0320_DOCUMENT_SCREEN_DOCUMENT_REVIEW_M1_SKILL_06"",""OB_REVIEW_ML_01_EV_APP0320_DOCUMENT_SCREEN_DOCUMENT_REVIEW_M1_SKILL_08"",""OB_REVIEW_HM_01_EV_APP0320_DOCUMENT_SCREEN_DOCUMENT_REVIEW_M1_SKILL_08""],""stage"":""DOCUMENT_SCREEN""}"
APP0285_DOCUMENT_SCREEN,APP0285,C0285,DOCUMENT_SCREEN,2026-11-01T09:53:00+09:00,,,2026-11-01T09:53:00+09:00,2026-11-07T10:13:00+09:00,2026-11-08T10:13:00+09:00,,ADVANCED,EVIDENCE_CANDIDATES_FOUND,,SYNTHETIC_HUMAN_SCENARIO,"{""criterion"":""NO_VERIFIED_PUBLIC_REQUIREMENT_VIOLATION"",""evidence_candidate_refs"":[""EV_APP0285_DOCUMENT_SCREEN_DOCUMENT_REVIEW_M1_SKILL_01"",""EV_APP0285_DOCUMENT_SCREEN_DOCUMENT_REVIEW_M1_SKILL_04"",""EV_APP0285_DOCUMENT_SCREEN_DOCUMENT_REVIEW_M1_SKILL_05"",""EV_APP0285_DOCUMENT_SCREEN_DOCUMENT_REVIEW_M1_SKILL_06"",""EV_APP0285_DOCUMENT_SCREEN_DOCUMENT_REVIEW_M1_SKILL_08""],""follow_up_skills"":[""M1_SKILL_01"",""M1_SKILL_04"",""M1_SKILL_05"",""M1_SKILL_06"",""M1_SKILL_08""],""human_rationale"":""공개 기본요건의 검증된 위반 없음. 자기기술을 후속검증 질문으로 전달하며 Skill을 확정하지 않는다."",""observation_refs"":[""OB_REVIEW_ML_01_EV_APP0285_DOCUMENT_SCREEN_DOCUMENT_REVIEW_M1_SKILL_01"",""OB_REVIEW_HM_01_EV_APP0285_DOCUMENT_SCREEN_DOCUMENT_REVIEW_M1_SKILL_01"",""OB_REVIEW_ML_01_EV_APP0285_DOCUMENT_SCREEN_DOCUMENT_REVIEW_M1_SKILL_04"",""OB_REVIEW_HM_01_EV_APP0285_DOCUMENT_SCREEN_DOCUMENT_REVIEW_M1_SKILL_04"",""OB_REVIEW_ML_01_EV_APP0285_DOCUMENT_SCREEN_DOCUMENT_REVIEW_M1_SKILL_05"",""OB_REVIEW_HM_01_EV_APP0285_DOCUMENT_SCREEN_DOCUMENT_REVIEW_M1_SKILL_05"",""OB_REVIEW_ML_01_EV_APP0285_DOCUMENT_SCREEN_DOCUMENT_REVIEW_M1_SKILL_06"",""OB_REVIEW_HM_01_EV_APP0285_DOCUMENT_SCREEN_DOCUMENT_REVIEW_M1_SKILL_06"",""OB_REVIEW_ML_01_EV_APP0285_DOCUMENT_SCREEN_DOCUMENT_REVIEW_M1_SKILL_08"",""OB_REVIEW_HM_01_EV_APP0285_DOCUMENT_SCREEN_DOCUMENT_REVIEW_M1_SKILL_08""],""stage"":""DOCUMENT_SCREEN""}"
APP0325_DOCUMENT_SCREEN,APP0325,C0325,DOCUMENT_SCREEN,2026-11-01T10:03:00+09:00,,,2026-11-01T10:03:00+09:00,2026-11-10T10:18:00+09:00,2026-11-11T10:18:00+09:00,,ADVANCED,EVIDENCE_CANDIDATES_FOUND,,SYNTHETIC_HUMAN_SCENARIO,"{""criterion"":""NO_VERIFIED_PUBLIC_REQUIREMENT_VIOLATION"",""evidence_candidate_refs"":[""EV_APP0325_DOCUMENT_SCREEN_DOCUMENT_REVIEW_M1_SKILL_01"",""EV_APP0325_DOCUMENT_SCREEN_DOCUMENT_REVIEW_M1_SKILL_04"",""EV_APP0325_DOCUMENT_SCREEN_DOCUMENT_REVIEW_M1_SKILL_05"",""EV_APP0325_DOCUMENT_SCREEN_DOCUMENT_REVIEW_M1_SKILL_06"",""EV_APP0325_DOCUMENT_SCREEN_DOCUMENT_REVIEW_M1_SKILL_08""],""follow_up_skills"":[""M1_SKILL_01"",""M1_SKILL_04"",""M1_SKILL_05"",""M1_SKILL_06"",""M1_SKILL_08""],""human_rationale"":""공개 기본요건의 검증된 위반 없음. 자기기술을 후속검증 질문으로 전달하며 Skill을 확정하지 않는다."",""observation_refs"":[""OB_REVIEW_ML_01_EV_APP0325_DOCUMENT_SCREEN_DOCUMENT_REVIEW_M1_SKILL_01"",""OB_REVIEW_HM_01_EV_APP0325_DOCUMENT_SCREEN_DOCUMENT_REVIEW_M1_SKILL_01"",""OB_REVIEW_ML_01_EV_APP0325_DOCUMENT_SCREEN_DOCUMENT_REVIEW_M1_SKILL_04"",""OB_REVIEW_HM_01_EV_APP0325_DOCUMENT_SCREEN_DOCUMENT_REVIEW_M1_SKILL_04"",""OB_REVIEW_ML_01_EV_APP0325_DOCUMENT_SCREEN_DOCUMENT_REVIEW_M1_SKILL_05"",""OB_REVIEW_HM_01_EV_APP0325_DOCUMENT_SCREEN_DOCUMENT_REVIEW_M1_SKILL_05"",""OB_REVIEW_ML_01_EV_APP0325_DOCUMENT_SCREEN_DOCUMENT_REVIEW_M1_SKILL_06"",""OB_REVIEW_HM_01_EV_APP0325_DOCUMENT_SCREEN_DOCUMENT_REVIEW_M1_SKILL_06"",""OB_REVIEW_ML_01_EV_APP0325_DOCUMENT_SCREEN_DOCUMENT_REVIEW_M1_SKILL_08"",""OB_REVIEW_HM_01_EV_APP0325_DOCUMENT_SCREEN_DOCUMENT_REVIEW_M1_SKILL_08""],""stage"":""DOCUMENT_SCREEN""}"
APP0295_DOCUMENT_SCREEN,APP0295,C0295,DOCUMENT_SCREEN,2026-11-01T11:39:00+09:00,,,2026-11-01T11:39:00+09:00,2026-11-11T11:54:00+09:00,2026-11-11T11:54:00+09:00,,ADVANCED,EVIDENCE_CANDIDATES_FOUND,,SYNTHETIC_HUMAN_SCENARIO,"{""criterion"":""NO_VERIFIED_PUBLIC_REQUIREMENT_VIOLATION"",""evidence_candidate_refs"":[""EV_APP0295_DOCUMENT_SCREEN_DOCUMENT_REVIEW_M1_SKILL_01"",""EV_APP0295_DOCUMENT_SCREEN_DOCUMENT_REVIEW_M1_SKILL_04"",""EV_APP0295_DOCUMENT_SCREEN_DOCUMENT_REVIEW_M1_SKILL_05"",""EV_APP0295_DOCUMENT_SCREEN_DOCUMENT_REVIEW_M1_SKILL_06"",""EV_APP0295_DOCUMENT_SCREEN_DOCUMENT_REVIEW_M1_SKILL_08""],""follow_up_skills"":[""M1_SKILL_01"",""M1_SKILL_04"",""M1_SKILL_05"",""M1_SKILL_06"",""M1_SKILL_08""],""human_rationale"":""공개 기본요건의 검증된 위반 없음. 자기기술을 후속검증 질문으로 전달하며 Skill을 확정하지 않는다."",""observation_refs"":[""OB_REVIEW_ML_01_EV_APP0295_DOCUMENT_SCREEN_DOCUMENT_REVIEW_M1_SKILL_01"",""OB_REVIEW_HM_01_EV_APP0295_DOCUMENT_SCREEN_DOCUMENT_REVIEW_M1_SKILL_01"",""OB_REVIEW_ML_01_EV_APP0295_DOCUMENT_SCREEN_DOCUMENT_REVIEW_M1_SKILL_04"",""OB_REVIEW_HM_01_EV_APP0295_DOCUMENT_SCREEN_DOCUMENT_REVIEW_M1_SKILL_04"",""OB_REVIEW_ML_01_EV_APP0295_DOCUMENT_SCREEN_DOCUMENT_REVIEW_M1_SKILL_05"",""OB_REVIEW_HM_01_EV_APP0295_DOCUMENT_SCREEN_DOCUMENT_REVIEW_M1_SKILL_05"",""OB_REVIEW_ML_01_EV_APP0295_DOCUMENT_SCREEN_DOCUMENT_REVIEW_M1_SKILL_06"",""OB_REVIEW_HM_01_EV_APP0295_DOCUMENT_SCREEN_DOCUMENT_REVIEW_M1_SKILL_06"",""OB_REVIEW_ML_01_EV_APP0295_DOCUMENT_SCREEN_DOCUMENT_REVIEW_M1_SKILL_08"",""OB_REVIEW_HM_01_EV_APP0295_DOCUMENT_SCREEN_DOCUMENT_REVIEW_M1_SKILL_08""],""stage"":""DOCUMENT_SCREEN""}"
APP0314_DOCUMENT_SCREEN,APP0314,C0314,DOCUMENT_SCREEN,2026-11-01T12:10:00+09:00,,,2026-11-01T12:10:00+09:00,2026-11-11T12:25:00+09:00,2026-11-12T12:25:00+09:00,,ADVANCED,EVIDENCE_CANDIDATES_FOUND,,SYNTHETIC_HUMAN_SCENARIO,"{""criterion"":""NO_VERIFIED_PUBLIC_REQUIREMENT_VIOLATION"",""evidence_candidate_refs"":[""EV_APP0314_DOCUMENT_SCREEN_DOCUMENT_REVIEW_M1_SKILL_01"",""EV_APP0314_DOCUMENT_SCREEN_DOCUMENT_REVIEW_M1_SKILL_04"",""EV_APP0314_DOCUMENT_SCREEN_DOCUMENT_REVIEW_M1_SKILL_05"",""EV_APP0314_DOCUMENT_SCREEN_DOCUMENT_REVIEW_M1_SKILL_06"",""EV_APP0314_DOCUMENT_SCREEN_DOCUMENT_REVIEW_M1_SKILL_08""],""follow_up_skills"":[""M1_SKILL_01"",""M1_SKILL_04"",""M1_SKILL_05"",""M1_SKILL_06"",""M1_SKILL_08""],""human_rationale"":""공개 기본요건의 검증된 위반 없음. 자기기술을 후속검증 질문으로 전달하며 Skill을 확정하지 않는다."",""observation_refs"":[""OB_REVIEW_ML_01_EV_APP0314_DOCUMENT_SCREEN_DOCUMENT_REVIEW_M1_SKILL_01"",""OB_REVIEW_HM_01_EV_APP0314_DOCUMENT_SCREEN_DOCUMENT_REVIEW_M1_SKILL_01"",""OB_REVIEW_ML_01_EV_APP0314_DOCUMENT_SCREEN_DOCUMENT_REVIEW_M1_SKILL_04"",""OB_REVIEW_HM_01_EV_APP0314_DOCUMENT_SCREEN_DOCUMENT_REVIEW_M1_SKILL_04"",""OB_REVIEW_ML_01_EV_APP0314_DOCUMENT_SCREEN_DOCUMENT_REVIEW_M1_SKILL_05"",""OB_REVIEW_HM_01_EV_APP0314_DOCUMENT_SCREEN_DOCUMENT_REVIEW_M1_SKILL_05"",""OB_REVIEW_ML_01_EV_APP0314_DOCUMENT_SCREEN_DOCUMENT_REVIEW_M1_SKILL_06"",""OB_REVIEW_HM_01_EV_APP0314_DOCUMENT_SCREEN_DOCUMENT_REVIEW_M1_SKILL_06"",""OB_REVIEW_ML_01_EV_APP0314_DOCUMENT_SCREEN_DOCUMENT_REVIEW_M1_SKILL_08"",""OB_REVIEW_HM_01_EV_APP0314_DOCUMENT_SCREEN_DOCUMENT_REVIEW_M1_SKILL_08""],""stage"":""DOCUMENT_SCREEN""}"
APP0296_DOCUMENT_SCREEN,APP0296,C0296,DOCUMENT_SCREEN,2026-11-01T13:47:00+09:00,,,2026-11-01T13:47:00+09:00,2026-11-09T14:02:00+09:00,2026-11-10T14:02:00+09:00,,ADVANCED,EVIDENCE_CANDIDATES_FOUND,,SYNTHETIC_HUMAN_SCENARIO,"{""criterion"":""NO_VERIFIED_PUBLIC_REQUIREMENT_VIOLATION"",""evidence_candidate_refs"":[""EV_APP0296_DOCUMENT_SCREEN_DOCUMENT_REVIEW_M1_SKILL_01"",""EV_APP0296_DOCUMENT_SCREEN_DOCUMENT_REVIEW_M1_SKILL_04"",""EV_APP0296_DOCUMENT_SCREEN_DOCUMENT_REVIEW_M1_SKILL_05"",""EV_APP0296_DOCUMENT_SCREEN_DOCUMENT_REVIEW_M1_SKILL_06"",""EV_APP0296_DOCUMENT_SCREEN_DOCUMENT_REVIEW_M1_SKILL_08""],""follow_up_skills"":[""M1_SKILL_01"",""M1_SKILL_04"",""M1_SKILL_05"",""M1_SKILL_06"",""M1_SKILL_08""],""human_rationale"":""공개 기본요건의 검증된 위반 없음. 자기기술을 후속검증 질문으로 전달하며 Skill을 확정하지 않는다."",""observation_refs"":[""OB_REVIEW_ML_01_EV_APP0296_DOCUMENT_SCREEN_DOCUMENT_REVIEW_M1_SKILL_01"",""OB_REVIEW_HM_01_EV_APP0296_DOCUMENT_SCREEN_DOCUMENT_REVIEW_M1_SKILL_01"",""OB_REVIEW_ML_01_EV_APP0296_DOCUMENT_SCREEN_DOCUMENT_REVIEW_M1_SKILL_04"",""OB_REVIEW_HM_01_EV_APP0296_DOCUMENT_SCREEN_DOCUMENT_REVIEW_M1_SKILL_04"",""OB_REVIEW_ML_01_EV_APP0296_DOCUMENT_SCREEN_DOCUMENT_REVIEW_M1_SKILL_05"",""OB_REVIEW_HM_01_EV_APP0296_DOCUMENT_SCREEN_DOCUMENT_REVIEW_M1_SKILL_05"",""OB_REVIEW_ML_01_EV_APP0296_DOCUMENT_SCREEN_DOCUMENT_REVIEW_M1_SKILL_06"",""OB_REVIEW_HM_01_EV_APP0296_DOCUMENT_SCREEN_DOCUMENT_REVIEW_M1_SKILL_06"",""OB_REVIEW_ML_01_EV_APP0296_DOCUMENT_SCREEN_DOCUMENT_REVIEW_M1_SKILL_08"",""OB_REVIEW_HM_01_EV_APP0296_DOCUMENT_SCREEN_DOCUMENT_REVIEW_M1_SKILL_08""],""stage"":""DOCUMENT_SCREEN""}"
APP0324_DOCUMENT_SCREEN,APP0324,C0324,DOCUMENT_SCREEN,2026-11-01T15:13:00+09:00,,,2026-11-01T15:13:00+09:00,2026-11-11T15:28:00+09:00,2026-11-13T15:28:00+09:00,,ADVANCED,EVIDENCE_CANDIDATES_FOUND,,SYNTHETIC_HUMAN_SCENARIO,"{""criterion"":""NO_VERIFIED_PUBLIC_REQUIREMENT_VIOLATION"",""evidence_candidate_refs"":[""EV_APP0324_DOCUMENT_SCREEN_DOCUMENT_REVIEW_M1_SKILL_01"",""EV_APP0324_DOCUMENT_SCREEN_DOCUMENT_REVIEW_M1_SKILL_04"",""EV_APP0324_DOCUMENT_SCREEN_DOCUMENT_REVIEW_M1_SKILL_05"",""EV_APP0324_DOCUMENT_SCREEN_DOCUMENT_REVIEW_M1_SKILL_06"",""EV_APP0324_DOCUMENT_SCREEN_DOCUMENT_REVIEW_M1_SKILL_08""],""follow_up_skills"":[""M1_SKILL_01"",""M1_SKILL_04"",""M1_SKILL_05"",""M1_SKILL_06"",""M1_SKILL_08""],""human_rationale"":""공개 기본요건의 검증된 위반 없음. 자기기술을 후속검증 질문으로 전달하며 Skill을 확정하지 않는다."",""observation_refs"":[""OB_REVIEW_ML_01_EV_APP0324_DOCUMENT_SCREEN_DOCUMENT_REVIEW_M1_SKILL_01"",""OB_REVIEW_HM_01_EV_APP0324_DOCUMENT_SCREEN_DOCUMENT_REVIEW_M1_SKILL_01"",""OB_REVIEW_ML_01_EV_APP0324_DOCUMENT_SCREEN_DOCUMENT_REVIEW_M1_SKILL_04"",""OB_REVIEW_HM_01_EV_APP0324_DOCUMENT_SCREEN_DOCUMENT_REVIEW_M1_SKILL_04"",""OB_REVIEW_ML_01_EV_APP0324_DOCUMENT_SCREEN_DOCUMENT_REVIEW_M1_SKILL_05"",""OB_REVIEW_HM_01_EV_APP0324_DOCUMENT_SCREEN_DOCUMENT_REVIEW_M1_SKILL_05"",""OB_REVIEW_ML_01_EV_APP0324_DOCUMENT_SCREEN_DOCUMENT_REVIEW_M1_SKILL_06"",""OB_REVIEW_HM_01_EV_APP0324_DOCUMENT_SCREEN_DOCUMENT_REVIEW_M1_SKILL_06"",""OB_REVIEW_ML_01_EV_APP0324_DOCUMENT_SCREEN_DOCUMENT_REVIEW_M1_SKILL_08"",""OB_REVIEW_HM_01_EV_APP0324_DOCUMENT_SCREEN_DOCUMENT_REVIEW_M1_SKILL_08""],""stage"":""DOCUMENT_SCREEN""}"
APP0206_DOCUMENT_SCREEN,APP0206,C0206,DOCUMENT_SCREEN,2026-11-01T15:27:00+09:00,,,2026-11-01T15:27:00+09:00,2026-11-09T15:47:00+09:00,2026-11-09T15:47:00+09:00,,ADVANCED,EVIDENCE_CANDIDATES_FOUND,,SYNTHETIC_HUMAN_SCENARIO,"{""criterion"":""NO_VERIFIED_PUBLIC_REQUIREMENT_VIOLATION"",""evidence_candidate_refs"":[""EV_APP0206_DOCUMENT_SCREEN_DOCUMENT_REVIEW_M1_SKILL_01"",""EV_APP0206_DOCUMENT_SCREEN_DOCUMENT_REVIEW_M1_SKILL_04"",""EV_APP0206_DOCUMENT_SCREEN_DOCUMENT_REVIEW_M1_SKILL_05"",""EV_APP0206_DOCUMENT_SCREEN_DOCUMENT_REVIEW_M1_SKILL_06"",""EV_APP0206_DOCUMENT_SCREEN_DOCUMENT_REVIEW_M1_SKILL_08""],""follow_up_skills"":[""M1_SKILL_01"",""M1_SKILL_04"",""M1_SKILL_05"",""M1_SKILL_06"",""M1_SKILL_08""],""human_rationale"":""공개 기본요건의 검증된 위반 없음. 자기기술을 후속검증 질문으로 전달하며 Skill을 확정하지 않는다."",""observation_refs"":[""OB_REVIEW_ML_01_EV_APP0206_DOCUMENT_SCREEN_DOCUMENT_REVIEW_M1_SKILL_01"",""OB_REVIEW_HM_01_EV_APP0206_DOCUMENT_SCREEN_DOCUMENT_REVIEW_M1_SKILL_01"",""OB_REVIEW_ML_01_EV_APP0206_DOCUMENT_SCREEN_DOCUMENT_REVIEW_M1_SKILL_04"",""OB_REVIEW_HM_01_EV_APP0206_DOCUMENT_SCREEN_DOCUMENT_REVIEW_M1_SKILL_04"",""OB_REVIEW_ML_01_EV_APP0206_DOCUMENT_SCREEN_DOCUMENT_REVIEW_M1_SKILL_05"",""OB_REVIEW_HM_01_EV_APP0206_DOCUMENT_SCREEN_DOCUMENT_REVIEW_M1_SKILL_05"",""OB_REVIEW_ML_01_EV_APP0206_DOCUMENT_SCREEN_DOCUMENT_REVIEW_M1_SKILL_06"",""OB_REVIEW_HM_01_EV_APP0206_DOCUMENT_SCREEN_DOCUMENT_REVIEW_M1_SKILL_06"",""OB_REVIEW_ML_01_EV_APP0206_DOCUMENT_SCREEN_DOCUMENT_REVIEW_M1_SKILL_08"",""OB_REVIEW_HM_01_EV_APP0206_DOCUMENT_SCREEN_DOCUMENT_REVIEW_M1_SKILL_08""],""stage"":""DOCUMENT_SCREEN""}"
APP0337_DOCUMENT_SCREEN,APP0337,C0337,DOCUMENT_SCREEN,2026-11-02T10:53:00+09:00,,,2026-11-02T10:53:00+09:00,2026-11-10T12:00:00+09:00,2026-11-12T12:00:00+09:00,,ADVANCED,EVIDENCE_CANDIDATES_FOUND,,SYNTHETIC_HUMAN_SCENARIO,"{""criterion"":""NO_VERIFIED_PUBLIC_REQUIREMENT_VIOLATION"",""evidence_candidate_refs"":[""EV_APP0337_DOCUMENT_SCREEN_DOCUMENT_REVIEW_M1_SKILL_01"",""EV_APP0337_DOCUMENT_SCREEN_DOCUMENT_REVIEW_M1_SKILL_04"",""EV_APP0337_DOCUMENT_SCREEN_DOCUMENT_REVIEW_M1_SKILL_05"",""EV_APP0337_DOCUMENT_SCREEN_DOCUMENT_REVIEW_M1_SKILL_06"",""EV_APP0337_DOCUMENT_SCREEN_DOCUMENT_REVIEW_M1_SKILL_08""],""follow_up_skills"":[""M1_SKILL_01"",""M1_SKILL_04"",""M1_SKILL_05"",""M1_SKILL_06"",""M1_SKILL_08""],""human_rationale"":""공개 기본요건의 검증된 위반 없음. 자기기술을 후속검증 질문으로 전달하며 Skill을 확정하지 않는다."",""observation_refs"":[""OB_REVIEW_ML_01_EV_APP0337_DOCUMENT_SCREEN_DOCUMENT_REVIEW_M1_SKILL_01"",""OB_REVIEW_HM_01_EV_APP0337_DOCUMENT_SCREEN_DOCUMENT_REVIEW_M1_SKILL_01"",""OB_REVIEW_ML_01_EV_APP0337_DOCUMENT_SCREEN_DOCUMENT_REVIEW_M1_SKILL_04"",""OB_REVIEW_HM_01_EV_APP0337_DOCUMENT_SCREEN_DOCUMENT_REVIEW_M1_SKILL_04"",""OB_REVIEW_ML_01_EV_APP0337_DOCUMENT_SCREEN_DOCUMENT_REVIEW_M1_SKILL_05"",""OB_REVIEW_HM_01_EV_APP0337_DOCUMENT_SCREEN_DOCUMENT_REVIEW_M1_SKILL_05"",""OB_REVIEW_ML_01_EV_APP0337_DOCUMENT_SCREEN_DOCUMENT_REVIEW_M1_SKILL_06"",""OB_REVIEW_HM_01_EV_APP0337_DOCUMENT_SCREEN_DOCUMENT_REVIEW_M1_SKILL_06"",""OB_REVIEW_ML_01_EV_APP0337_DOCUMENT_SCREEN_DOCUMENT_REVIEW_M1_SKILL_08"",""OB_REVIEW_HM_01_EV_APP0337_DOCUMENT_SCREEN_DOCUMENT_REVIEW_M1_SKILL_08""],""stage"":""DOCUMENT_SCREEN""}"
APP0302_DOCUMENT_SCREEN,APP0302,C0302,DOCUMENT_SCREEN,2026-11-02T11:00:00+09:00,,,2026-11-02T11:00:00+09:00,2026-11-06T13:49:00+09:00,2026-11-10T13:49:00+09:00,,ADVANCED,EVIDENCE_CANDIDATES_FOUND,,SYNTHETIC_HUMAN_SCENARIO,"{""criterion"":""NO_VERIFIED_PUBLIC_REQUIREMENT_VIOLATION"",""evidence_candidate_refs"":[""EV_APP0302_DOCUMENT_SCREEN_DOCUMENT_REVIEW_M1_SKILL_01"",""EV_APP0302_DOCUMENT_SCREEN_DOCUMENT_REVIEW_M1_SKILL_04"",""EV_APP0302_DOCUMENT_SCREEN_DOCUMENT_REVIEW_M1_SKILL_05"",""EV_APP0302_DOCUMENT_SCREEN_DOCUMENT_REVIEW_M1_SKILL_06"",""EV_APP0302_DOCUMENT_SCREEN_DOCUMENT_REVIEW_M1_SKILL_08""],""follow_up_skills"":[""M1_SKILL_01"",""M1_SKILL_04"",""M1_SKILL_05"",""M1_SKILL_06"",""M1_SKILL_08""],""human_rationale"":""공개 기본요건의 검증된 위반 없음. 자기기술을 후속검증 질문으로 전달하며 Skill을 확정하지 않는다."",""observation_refs"":[""OB_REVIEW_ML_01_EV_APP0302_DOCUMENT_SCREEN_DOCUMENT_REVIEW_M1_SKILL_01"",""OB_REVIEW_HM_01_EV_APP0302_DOCUMENT_SCREEN_DOCUMENT_REVIEW_M1_SKILL_01"",""OB_REVIEW_ML_01_EV_APP0302_DOCUMENT_SCREEN_DOCUMENT_REVIEW_M1_SKILL_04"",""OB_REVIEW_HM_01_EV_APP0302_DOCUMENT_SCREEN_DOCUMENT_REVIEW_M1_SKILL_04"",""OB_REVIEW_ML_01_EV_APP0302_DOCUMENT_SCREEN_DOCUMENT_REVIEW_M1_SKILL_05"",""OB_REVIEW_HM_01_EV_APP0302_DOCUMENT_SCREEN_DOCUMENT_REVIEW_M1_SKILL_05"",""OB_REVIEW_ML_01_EV_APP0302_DOCUMENT_SCREEN_DOCUMENT_REVIEW_M1_SKILL_06"",""OB_REVIEW_HM_01_EV_APP0302_DOCUMENT_SCREEN_DOCUMENT_REVIEW_M1_SKILL_06"",""OB_REVIEW_ML_01_EV_APP0302_DOCUMENT_SCREEN_DOCUMENT_REVIEW_M1_SKILL_08"",""OB_REVIEW_HM_01_EV_APP0302_DOCUMENT_SCREEN_DOCUMENT_REVIEW_M1_SKILL_08""],""stage"":""DOCUMENT_SCREEN""}"
APP0307_DOCUMENT_SCREEN,APP0307,C0307,DOCUMENT_SCREEN,2026-11-02T11:48:00+09:00,,,2026-11-02T11:48:00+09:00,2026-11-10T12:03:00+09:00,2026-11-11T12:03:00+09:00,,ADVANCED,EVIDENCE_CANDIDATES_FOUND,,SYNTHETIC_HUMAN_SCENARIO,"{""criterion"":""NO_VERIFIED_PUBLIC_REQUIREMENT_VIOLATION"",""evidence_candidate_refs"":[""EV_APP0307_DOCUMENT_SCREEN_DOCUMENT_REVIEW_M1_SKILL_01"",""EV_APP0307_DOCUMENT_SCREEN_DOCUMENT_REVIEW_M1_SKILL_04"",""EV_APP0307_DOCUMENT_SCREEN_DOCUMENT_REVIEW_M1_SKILL_05"",""EV_APP0307_DOCUMENT_SCREEN_DOCUMENT_REVIEW_M1_SKILL_06"",""EV_APP0307_DOCUMENT_SCREEN_DOCUMENT_REVIEW_M1_SKILL_08""],""follow_up_skills"":[""M1_SKILL_01"",""M1_SKILL_04"",""M1_SKILL_05"",""M1_SKILL_06"",""M1_SKILL_08""],""human_rationale"":""공개 기본요건의 검증된 위반 없음. 자기기술을 후속검증 질문으로 전달하며 Skill을 확정하지 않는다."",""observation_refs"":[""OB_REVIEW_ML_01_EV_APP0307_DOCUMENT_SCREEN_DOCUMENT_REVIEW_M1_SKILL_01"",""OB_REVIEW_HM_01_EV_APP0307_DOCUMENT_SCREEN_DOCUMENT_REVIEW_M1_SKILL_01"",""OB_REVIEW_ML_01_EV_APP0307_DOCUMENT_SCREEN_DOCUMENT_REVIEW_M1_SKILL_04"",""OB_REVIEW_HM_01_EV_APP0307_DOCUMENT_SCREEN_DOCUMENT_REVIEW_M1_SKILL_04"",""OB_REVIEW_ML_01_EV_APP0307_DOCUMENT_SCREEN_DOCUMENT_REVIEW_M1_SKILL_05"",""OB_REVIEW_HM_01_EV_APP0307_DOCUMENT_SCREEN_DOCUMENT_REVIEW_M1_SKILL_05"",""OB_REVIEW_ML_01_EV_APP0307_DOCUMENT_SCREEN_DOCUMENT_REVIEW_M1_SKILL_06"",""OB_REVIEW_HM_01_EV_APP0307_DOCUMENT_SCREEN_DOCUMENT_REVIEW_M1_SKILL_06"",""OB_REVIEW_ML_01_EV_APP0307_DOCUMENT_SCREEN_DOCUMENT_REVIEW_M1_SKILL_08"",""OB_REVIEW_HM_01_EV_APP0307_DOCUMENT_SCREEN_DOCUMENT_REVIEW_M1_SKILL_08""],""stage"":""DOCUMENT_SCREEN""}"
APP0270_DOCUMENT_SCREEN,APP0270,C0270,DOCUMENT_SCREEN,2026-11-02T12:13:00+09:00,,,2026-11-02T12:13:00+09:00,2026-11-11T12:38:00+09:00,2026-11-15T12:38:00+09:00,,ADVANCED,EVIDENCE_CANDIDATES_FOUND,,SYNTHETIC_HUMAN_SCENARIO,"{""criterion"":""NO_VERIFIED_PUBLIC_REQUIREMENT_VIOLATION"",""evidence_candidate_refs"":[""EV_APP0270_DOCUMENT_SCREEN_DOCUMENT_REVIEW_M1_SKILL_01"",""EV_APP0270_DOCUMENT_SCREEN_DOCUMENT_REVIEW_M1_SKILL_04"",""EV_APP0270_DOCUMENT_SCREEN_DOCUMENT_REVIEW_M1_SKILL_05"",""EV_APP0270_DOCUMENT_SCREEN_DOCUMENT_REVIEW_M1_SKILL_06"",""EV_APP0270_DOCUMENT_SCREEN_DOCUMENT_REVIEW_M1_SKILL_08""],""follow_up_skills"":[""M1_SKILL_01"",""M1_SKILL_04"",""M1_SKILL_05"",""M1_SKILL_06"",""M1_SKILL_08""],""human_rationale"":""공개 기본요건의 검증된 위반 없음. 자기기술을 후속검증 질문으로 전달하며 Skill을 확정하지 않는다."",""observation_refs"":[""OB_REVIEW_ML_01_EV_APP0270_DOCUMENT_SCREEN_DOCUMENT_REVIEW_M1_SKILL_01"",""OB_REVIEW_HM_01_EV_APP0270_DOCUMENT_SCREEN_DOCUMENT_REVIEW_M1_SKILL_01"",""OB_REVIEW_ML_01_EV_APP0270_DOCUMENT_SCREEN_DOCUMENT_REVIEW_M1_SKILL_04"",""OB_REVIEW_HM_01_EV_APP0270_DOCUMENT_SCREEN_DOCUMENT_REVIEW_M1_SKILL_04"",""OB_REVIEW_ML_01_EV_APP0270_DOCUMENT_SCREEN_DOCUMENT_REVIEW_M1_SKILL_05"",""OB_REVIEW_HM_01_EV_APP0270_DOCUMENT_SCREEN_DOCUMENT_REVIEW_M1_SKILL_05"",""OB_REVIEW_ML_01_EV_APP0270_DOCUMENT_SCREEN_DOCUMENT_REVIEW_M1_SKILL_06"",""OB_REVIEW_HM_01_EV_APP0270_DOCUMENT_SCREEN_DOCUMENT_REVIEW_M1_SKILL_06"",""OB_REVIEW_ML_01_EV_APP0270_DOCUMENT_SCREEN_DOCUMENT_REVIEW_M1_SKILL_08"",""OB_REVIEW_HM_01_EV_APP0270_DOCUMENT_SCREEN_DOCUMENT_REVIEW_M1_SKILL_08""],""stage"":""DOCUMENT_SCREEN""}"
APP0332_DOCUMENT_SCREEN,APP0332,C0332,DOCUMENT_SCREEN,2026-11-02T15:33:00+09:00,,,2026-11-02T15:33:00+09:00,2026-11-08T15:53:00+09:00,2026-11-08T15:53:00+09:00,,ADVANCED,EVIDENCE_CANDIDATES_FOUND,,SYNTHETIC_HUMAN_SCENARIO,"{""criterion"":""NO_VERIFIED_PUBLIC_REQUIREMENT_VIOLATION"",""evidence_candidate_refs"":[""EV_APP0332_DOCUMENT_SCREEN_DOCUMENT_REVIEW_M1_SKILL_01"",""EV_APP0332_DOCUMENT_SCREEN_DOCUMENT_REVIEW_M1_SKILL_04"",""EV_APP0332_DOCUMENT_SCREEN_DOCUMENT_REVIEW_M1_SKILL_05"",""EV_APP0332_DOCUMENT_SCREEN_DOCUMENT_REVIEW_M1_SKILL_06"",""EV_APP0332_DOCUMENT_SCREEN_DOCUMENT_REVIEW_M1_SKILL_08""],""follow_up_skills"":[""M1_SKILL_01"",""M1_SKILL_04"",""M1_SKILL_05"",""M1_SKILL_06"",""M1_SKILL_08""],""human_rationale"":""공개 기본요건의 검증된 위반 없음. 자기기술을 후속검증 질문으로 전달하며 Skill을 확정하지 않는다."",""observation_refs"":[""OB_REVIEW_ML_01_EV_APP0332_DOCUMENT_SCREEN_DOCUMENT_REVIEW_M1_SKILL_01"",""OB_REVIEW_HM_01_EV_APP0332_DOCUMENT_SCREEN_DOCUMENT_REVIEW_M1_SKILL_01"",""OB_REVIEW_ML_01_EV_APP0332_DOCUMENT_SCREEN_DOCUMENT_REVIEW_M1_SKILL_04"",""OB_REVIEW_HM_01_EV_APP0332_DOCUMENT_SCREEN_DOCUMENT_REVIEW_M1_SKILL_04"",""OB_REVIEW_ML_01_EV_APP0332_DOCUMENT_SCREEN_DOCUMENT_REVIEW_M1_SKILL_05"",""OB_REVIEW_HM_01_EV_APP0332_DOCUMENT_SCREEN_DOCUMENT_REVIEW_M1_SKILL_05"",""OB_REVIEW_ML_01_EV_APP0332_DOCUMENT_SCREEN_DOCUMENT_REVIEW_M1_SKILL_06"",""OB_REVIEW_HM_01_EV_APP0332_DOCUMENT_SCREEN_DOCUMENT_REVIEW_M1_SKILL_06"",""OB_REVIEW_ML_01_EV_APP0332_DOCUMENT_SCREEN_DOCUMENT_REVIEW_M1_SKILL_08"",""OB_REVIEW_HM_01_EV_APP0332_DOCUMENT_SCREEN_DOCUMENT_REVIEW_M1_SKILL_08""],""stage"":""DOCUMENT_SCREEN""}"
APP0272_DOCUMENT_SCREEN,APP0272,C0272,DOCUMENT_SCREEN,2026-11-02T16:09:00+09:00,,,2026-11-02T16:09:00+09:00,2026-11-08T16:29:00+09:00,2026-11-10T16:29:00+09:00,,ADVANCED,EVIDENCE_CANDIDATES_FOUND,,SYNTHETIC_HUMAN_SCENARIO,"{""criterion"":""NO_VERIFIED_PUBLIC_REQUIREMENT_VIOLATION"",""evidence_candidate_refs"":[""EV_APP0272_DOCUMENT_SCREEN_DOCUMENT_REVIEW_M1_SKILL_01"",""EV_APP0272_DOCUMENT_SCREEN_DOCUMENT_REVIEW_M1_SKILL_04"",""EV_APP0272_DOCUMENT_SCREEN_DOCUMENT_REVIEW_M1_SKILL_05"",""EV_APP0272_DOCUMENT_SCREEN_DOCUMENT_REVIEW_M1_SKILL_06"",""EV_APP0272_DOCUMENT_SCREEN_DOCUMENT_REVIEW_M1_SKILL_08""],""follow_up_skills"":[""M1_SKILL_01"",""M1_SKILL_04"",""M1_SKILL_05"",""M1_SKILL_06"",""M1_SKILL_08""],""human_rationale"":""공개 기본요건의 검증된 위반 없음. 자기기술을 후속검증 질문으로 전달하며 Skill을 확정하지 않는다."",""observation_refs"":[""OB_REVIEW_ML_01_EV_APP0272_DOCUMENT_SCREEN_DOCUMENT_REVIEW_M1_SKILL_01"",""OB_REVIEW_HM_01_EV_APP0272_DOCUMENT_SCREEN_DOCUMENT_REVIEW_M1_SKILL_01"",""OB_REVIEW_ML_01_EV_APP0272_DOCUMENT_SCREEN_DOCUMENT_REVIEW_M1_SKILL_04"",""OB_REVIEW_HM_01_EV_APP0272_DOCUMENT_SCREEN_DOCUMENT_REVIEW_M1_SKILL_04"",""OB_REVIEW_ML_01_EV_APP0272_DOCUMENT_SCREEN_DOCUMENT_REVIEW_M1_SKILL_05"",""OB_REVIEW_HM_01_EV_APP0272_DOCUMENT_SCREEN_DOCUMENT_REVIEW_M1_SKILL_05"",""OB_REVIEW_ML_01_EV_APP0272_DOCUMENT_SCREEN_DOCUMENT_REVIEW_M1_SKILL_06"",""OB_REVIEW_HM_01_EV_APP0272_DOCUMENT_SCREEN_DOCUMENT_REVIEW_M1_SKILL_06"",""OB_REVIEW_ML_01_EV_APP0272_DOCUMENT_SCREEN_DOCUMENT_REVIEW_M1_SKILL_08"",""OB_REVIEW_HM_01_EV_APP0272_DOCUMENT_SCREEN_DOCUMENT_REVIEW_M1_SKILL_08""],""stage"":""DOCUMENT_SCREEN""}"
APP0342_DOCUMENT_SCREEN,APP0342,C0342,DOCUMENT_SCREEN,2026-11-02T16:42:00+09:00,,,2026-11-02T16:42:00+09:00,2026-11-09T17:24:00+09:00,2026-11-11T17:24:00+09:00,,ADVANCED,EVIDENCE_CANDIDATES_FOUND,,SYNTHETIC_HUMAN_SCENARIO,"{""criterion"":""NO_VERIFIED_PUBLIC_REQUIREMENT_VIOLATION"",""evidence_candidate_refs"":[""EV_APP0342_DOCUMENT_SCREEN_DOCUMENT_REVIEW_M1_SKILL_01"",""EV_APP0342_DOCUMENT_SCREEN_DOCUMENT_REVIEW_M1_SKILL_04"",""EV_APP0342_DOCUMENT_SCREEN_DOCUMENT_REVIEW_M1_SKILL_05"",""EV_APP0342_DOCUMENT_SCREEN_DOCUMENT_REVIEW_M1_SKILL_06"",""EV_APP0342_DOCUMENT_SCREEN_DOCUMENT_REVIEW_M1_SKILL_08""],""follow_up_skills"":[""M1_SKILL_01"",""M1_SKILL_04"",""M1_SKILL_05"",""M1_SKILL_06"",""M1_SKILL_08""],""human_rationale"":""공개 기본요건의 검증된 위반 없음. 자기기술을 후속검증 질문으로 전달하며 Skill을 확정하지 않는다."",""observation_refs"":[""OB_REVIEW_ML_01_EV_APP0342_DOCUMENT_SCREEN_DOCUMENT_REVIEW_M1_SKILL_01"",""OB_REVIEW_HM_01_EV_APP0342_DOCUMENT_SCREEN_DOCUMENT_REVIEW_M1_SKILL_01"",""OB_REVIEW_ML_01_EV_APP0342_DOCUMENT_SCREEN_DOCUMENT_REVIEW_M1_SKILL_04"",""OB_REVIEW_HM_01_EV_APP0342_DOCUMENT_SCREEN_DOCUMENT_REVIEW_M1_SKILL_04"",""OB_REVIEW_ML_01_EV_APP0342_DOCUMENT_SCREEN_DOCUMENT_REVIEW_M1_SKILL_05"",""OB_REVIEW_HM_01_EV_APP0342_DOCUMENT_SCREEN_DOCUMENT_REVIEW_M1_SKILL_05"",""OB_REVIEW_ML_01_EV_APP0342_DOCUMENT_SCREEN_DOCUMENT_REVIEW_M1_SKILL_06"",""OB_REVIEW_HM_01_EV_APP0342_DOCUMENT_SCREEN_DOCUMENT_REVIEW_M1_SKILL_06"",""OB_REVIEW_ML_01_EV_APP0342_DOCUMENT_SCREEN_DOCUMENT_REVIEW_M1_SKILL_08"",""OB_REVIEW_HM_01_EV_APP0342_DOCUMENT_SCREEN_DOCUMENT_REVIEW_M1_SKILL_08""],""stage"":""DOCUMENT_SCREEN""}"
APP0338_DOCUMENT_SCREEN,APP0338,C0338,DOCUMENT_SCREEN,2026-11-02T16:53:00+09:00,,,2026-11-02T16:53:00+09:00,2026-11-08T17:08:00+09:00,2026-11-12T17:08:00+09:00,,ADVANCED,EVIDENCE_CANDIDATES_FOUND,,SYNTHETIC_HUMAN_SCENARIO,"{""criterion"":""NO_VERIFIED_PUBLIC_REQUIREMENT_VIOLATION"",""evidence_candidate_refs"":[""EV_APP0338_DOCUMENT_SCREEN_DOCUMENT_REVIEW_M1_SKILL_01"",""EV_APP0338_DOCUMENT_SCREEN_DOCUMENT_REVIEW_M1_SKILL_04"",""EV_APP0338_DOCUMENT_SCREEN_DOCUMENT_REVIEW_M1_SKILL_05"",""EV_APP0338_DOCUMENT_SCREEN_DOCUMENT_REVIEW_M1_SKILL_06"",""EV_APP0338_DOCUMENT_SCREEN_DOCUMENT_REVIEW_M1_SKILL_08""],""follow_up_skills"":[""M1_SKILL_01"",""M1_SKILL_04"",""M1_SKILL_05"",""M1_SKILL_06"",""M1_SKILL_08""],""human_rationale"":""공개 기본요건의 검증된 위반 없음. 자기기술을 후속검증 질문으로 전달하며 Skill을 확정하지 않는다."",""observation_refs"":[""OB_REVIEW_ML_01_EV_APP0338_DOCUMENT_SCREEN_DOCUMENT_REVIEW_M1_SKILL_01"",""OB_REVIEW_HM_01_EV_APP0338_DOCUMENT_SCREEN_DOCUMENT_REVIEW_M1_SKILL_01"",""OB_REVIEW_ML_01_EV_APP0338_DOCUMENT_SCREEN_DOCUMENT_REVIEW_M1_SKILL_04"",""OB_REVIEW_HM_01_EV_APP0338_DOCUMENT_SCREEN_DOCUMENT_REVIEW_M1_SKILL_04"",""OB_REVIEW_ML_01_EV_APP0338_DOCUMENT_SCREEN_DOCUMENT_REVIEW_M1_SKILL_05"",""OB_REVIEW_HM_01_EV_APP0338_DOCUMENT_SCREEN_DOCUMENT_REVIEW_M1_SKILL_05"",""OB_REVIEW_ML_01_EV_APP0338_DOCUMENT_SCREEN_DOCUMENT_REVIEW_M1_SKILL_06"",""OB_REVIEW_HM_01_EV_APP0338_DOCUMENT_SCREEN_DOCUMENT_REVIEW_M1_SKILL_06"",""OB_REVIEW_ML_01_EV_APP0338_DOCUMENT_SCREEN_DOCUMENT_REVIEW_M1_SKILL_08"",""OB_REVIEW_HM_01_EV_APP0338_DOCUMENT_SCREEN_DOCUMENT_REVIEW_M1_SKILL_08""],""stage"":""DOCUMENT_SCREEN""}"
APP0237_DOCUMENT_SCREEN,APP0237,C0237,DOCUMENT_SCREEN,2026-11-03T10:57:00+09:00,,,2026-11-03T10:57:00+09:00,2026-11-10T14:14:00+09:00,2026-11-12T14:14:00+09:00,,ADVANCED,EVIDENCE_CANDIDATES_FOUND,,SYNTHETIC_HUMAN_SCENARIO,"{""criterion"":""NO_VERIFIED_PUBLIC_REQUIREMENT_VIOLATION"",""evidence_candidate_refs"":[""EV_APP0237_DOCUMENT_SCREEN_DOCUMENT_REVIEW_M1_SKILL_01"",""EV_APP0237_DOCUMENT_SCREEN_DOCUMENT_REVIEW_M1_SKILL_04"",""EV_APP0237_DOCUMENT_SCREEN_DOCUMENT_REVIEW_M1_SKILL_05"",""EV_APP0237_DOCUMENT_SCREEN_DOCUMENT_REVIEW_M1_SKILL_06"",""EV_APP0237_DOCUMENT_SCREEN_DOCUMENT_REVIEW_M1_SKILL_08""],""follow_up_skills"":[""M1_SKILL_01"",""M1_SKILL_04"",""M1_SKILL_05"",""M1_SKILL_06"",""M1_SKILL_08""],""human_rationale"":""공개 기본요건의 검증된 위반 없음. 자기기술을 후속검증 질문으로 전달하며 Skill을 확정하지 않는다."",""observation_refs"":[""OB_REVIEW_ML_01_EV_APP0237_DOCUMENT_SCREEN_DOCUMENT_REVIEW_M1_SKILL_01"",""OB_REVIEW_HM_01_EV_APP0237_DOCUMENT_SCREEN_DOCUMENT_REVIEW_M1_SKILL_01"",""OB_REVIEW_ML_01_EV_APP0237_DOCUMENT_SCREEN_DOCUMENT_REVIEW_M1_SKILL_04"",""OB_REVIEW_HM_01_EV_APP0237_DOCUMENT_SCREEN_DOCUMENT_REVIEW_M1_SKILL_04"",""OB_REVIEW_ML_01_EV_APP0237_DOCUMENT_SCREEN_DOCUMENT_REVIEW_M1_SKILL_05"",""OB_REVIEW_HM_01_EV_APP0237_DOCUMENT_SCREEN_DOCUMENT_REVIEW_M1_SKILL_05"",""OB_REVIEW_ML_01_EV_APP0237_DOCUMENT_SCREEN_DOCUMENT_REVIEW_M1_SKILL_06"",""OB_REVIEW_HM_01_EV_APP0237_DOCUMENT_SCREEN_DOCUMENT_REVIEW_M1_SKILL_06"",""OB_REVIEW_ML_01_EV_APP0237_DOCUMENT_SCREEN_DOCUMENT_REVIEW_M1_SKILL_08"",""OB_REVIEW_HM_01_EV_APP0237_DOCUMENT_SCREEN_DOCUMENT_REVIEW_M1_SKILL_08""],""stage"":""DOCUMENT_SCREEN""}"
APP0335_DOCUMENT_SCREEN,APP0335,C0335,DOCUMENT_SCREEN,2026-11-03T13:34:00+09:00,,,2026-11-03T13:34:00+09:00,2026-11-08T15:10:00+09:00,2026-11-12T15:10:00+09:00,,ADVANCED,EVIDENCE_CANDIDATES_FOUND,,SYNTHETIC_HUMAN_SCENARIO,"{""criterion"":""NO_VERIFIED_PUBLIC_REQUIREMENT_VIOLATION"",""evidence_candidate_refs"":[""EV_APP0335_DOCUMENT_SCREEN_DOCUMENT_REVIEW_M1_SKILL_01"",""EV_APP0335_DOCUMENT_SCREEN_DOCUMENT_REVIEW_M1_SKILL_04"",""EV_APP0335_DOCUMENT_SCREEN_DOCUMENT_REVIEW_M1_SKILL_05"",""EV_APP0335_DOCUMENT_SCREEN_DOCUMENT_REVIEW_M1_SKILL_06"",""EV_APP0335_DOCUMENT_SCREEN_DOCUMENT_REVIEW_M1_SKILL_08""],""follow_up_skills"":[""M1_SKILL_01"",""M1_SKILL_04"",""M1_SKILL_05"",""M1_SKILL_06"",""M1_SKILL_08""],""human_rationale"":""공개 기본요건의 검증된 위반 없음. 자기기술을 후속검증 질문으로 전달하며 Skill을 확정하지 않는다."",""observation_refs"":[""OB_REVIEW_ML_01_EV_APP0335_DOCUMENT_SCREEN_DOCUMENT_REVIEW_M1_SKILL_01"",""OB_REVIEW_HM_01_EV_APP0335_DOCUMENT_SCREEN_DOCUMENT_REVIEW_M1_SKILL_01"",""OB_REVIEW_ML_01_EV_APP0335_DOCUMENT_SCREEN_DOCUMENT_REVIEW_M1_SKILL_04"",""OB_REVIEW_HM_01_EV_APP0335_DOCUMENT_SCREEN_DOCUMENT_REVIEW_M1_SKILL_04"",""OB_REVIEW_ML_01_EV_APP0335_DOCUMENT_SCREEN_DOCUMENT_REVIEW_M1_SKILL_05"",""OB_REVIEW_HM_01_EV_APP0335_DOCUMENT_SCREEN_DOCUMENT_REVIEW_M1_SKILL_05"",""OB_REVIEW_ML_01_EV_APP0335_DOCUMENT_SCREEN_DOCUMENT_REVIEW_M1_SKILL_06"",""OB_REVIEW_HM_01_EV_APP0335_DOCUMENT_SCREEN_DOCUMENT_REVIEW_M1_SKILL_06"",""OB_REVIEW_ML_01_EV_APP0335_DOCUMENT_SCREEN_DOCUMENT_REVIEW_M1_SKILL_08"",""OB_REVIEW_HM_01_EV_APP0335_DOCUMENT_SCREEN_DOCUMENT_REVIEW_M1_SKILL_08""],""stage"":""DOCUMENT_SCREEN""}"
APP0330_DOCUMENT_SCREEN,APP0330,C0330,DOCUMENT_SCREEN,2026-11-03T15:33:00+09:00,,,2026-11-03T15:33:00+09:00,2026-11-10T16:49:00+09:00,2026-11-11T16:49:00+09:00,,ADVANCED,EVIDENCE_CANDIDATES_FOUND,,SYNTHETIC_HUMAN_SCENARIO,"{""criterion"":""NO_VERIFIED_PUBLIC_REQUIREMENT_VIOLATION"",""evidence_candidate_refs"":[""EV_APP0330_DOCUMENT_SCREEN_DOCUMENT_REVIEW_M1_SKILL_01"",""EV_APP0330_DOCUMENT_SCREEN_DOCUMENT_REVIEW_M1_SKILL_04"",""EV_APP0330_DOCUMENT_SCREEN_DOCUMENT_REVIEW_M1_SKILL_05"",""EV_APP0330_DOCUMENT_SCREEN_DOCUMENT_REVIEW_M1_SKILL_06"",""EV_APP0330_DOCUMENT_SCREEN_DOCUMENT_REVIEW_M1_SKILL_08""],""follow_up_skills"":[""M1_SKILL_01"",""M1_SKILL_04"",""M1_SKILL_05"",""M1_SKILL_06"",""M1_SKILL_08""],""human_rationale"":""공개 기본요건의 검증된 위반 없음. 자기기술을 후속검증 질문으로 전달하며 Skill을 확정하지 않는다."",""observation_refs"":[""OB_REVIEW_ML_01_EV_APP0330_DOCUMENT_SCREEN_DOCUMENT_REVIEW_M1_SKILL_01"",""OB_REVIEW_HM_01_EV_APP0330_DOCUMENT_SCREEN_DOCUMENT_REVIEW_M1_SKILL_01"",""OB_REVIEW_ML_01_EV_APP0330_DOCUMENT_SCREEN_DOCUMENT_REVIEW_M1_SKILL_04"",""OB_REVIEW_HM_01_EV_APP0330_DOCUMENT_SCREEN_DOCUMENT_REVIEW_M1_SKILL_04"",""OB_REVIEW_ML_01_EV_APP0330_DOCUMENT_SCREEN_DOCUMENT_REVIEW_M1_SKILL_05"",""OB_REVIEW_HM_01_EV_APP0330_DOCUMENT_SCREEN_DOCUMENT_REVIEW_M1_SKILL_05"",""OB_REVIEW_ML_01_EV_APP0330_DOCUMENT_SCREEN_DOCUMENT_REVIEW_M1_SKILL_06"",""OB_REVIEW_HM_01_EV_APP0330_DOCUMENT_SCREEN_DOCUMENT_REVIEW_M1_SKILL_06"",""OB_REVIEW_ML_01_EV_APP0330_DOCUMENT_SCREEN_DOCUMENT_REVIEW_M1_SKILL_08"",""OB_REVIEW_HM_01_EV_APP0330_DOCUMENT_SCREEN_DOCUMENT_REVIEW_M1_SKILL_08""],""stage"":""DOCUMENT_SCREEN""}"
APP0254_DOCUMENT_SCREEN,APP0254,C0254,DOCUMENT_SCREEN,2026-11-04T12:04:00+09:00,,,2026-11-04T12:04:00+09:00,2026-11-09T13:17:00+09:00,2026-11-11T13:17:00+09:00,,ADVANCED,EVIDENCE_CANDIDATES_FOUND,,SYNTHETIC_HUMAN_SCENARIO,"{""criterion"":""NO_VERIFIED_PUBLIC_REQUIREMENT_VIOLATION"",""evidence_candidate_refs"":[""EV_APP0254_DOCUMENT_SCREEN_DOCUMENT_REVIEW_M1_SKILL_01"",""EV_APP0254_DOCUMENT_SCREEN_DOCUMENT_REVIEW_M1_SKILL_04"",""EV_APP0254_DOCUMENT_SCREEN_DOCUMENT_REVIEW_M1_SKILL_05"",""EV_APP0254_DOCUMENT_SCREEN_DOCUMENT_REVIEW_M1_SKILL_06"",""EV_APP0254_DOCUMENT_SCREEN_DOCUMENT_REVIEW_M1_SKILL_08""],""follow_up_skills"":[""M1_SKILL_01"",""M1_SKILL_04"",""M1_SKILL_05"",""M1_SKILL_06"",""M1_SKILL_08""],""human_rationale"":""공개 기본요건의 검증된 위반 없음. 자기기술을 후속검증 질문으로 전달하며 Skill을 확정하지 않는다."",""observation_refs"":[""OB_REVIEW_ML_01_EV_APP0254_DOCUMENT_SCREEN_DOCUMENT_REVIEW_M1_SKILL_01"",""OB_REVIEW_HM_01_EV_APP0254_DOCUMENT_SCREEN_DOCUMENT_REVIEW_M1_SKILL_01"",""OB_REVIEW_ML_01_EV_APP0254_DOCUMENT_SCREEN_DOCUMENT_REVIEW_M1_SKILL_04"",""OB_REVIEW_HM_01_EV_APP0254_DOCUMENT_SCREEN_DOCUMENT_REVIEW_M1_SKILL_04"",""OB_REVIEW_ML_01_EV_APP0254_DOCUMENT_SCREEN_DOCUMENT_REVIEW_M1_SKILL_05"",""OB_REVIEW_HM_01_EV_APP0254_DOCUMENT_SCREEN_DOCUMENT_REVIEW_M1_SKILL_05"",""OB_REVIEW_ML_01_EV_APP0254_DOCUMENT_SCREEN_DOCUMENT_REVIEW_M1_SKILL_06"",""OB_REVIEW_HM_01_EV_APP0254_DOCUMENT_SCREEN_DOCUMENT_REVIEW_M1_SKILL_06"",""OB_REVIEW_ML_01_EV_APP0254_DOCUMENT_SCREEN_DOCUMENT_REVIEW_M1_SKILL_08"",""OB_REVIEW_HM_01_EV_APP0254_DOCUMENT_SCREEN_DOCUMENT_REVIEW_M1_SKILL_08""],""stage"":""DOCUMENT_SCREEN""}"
APP0300_DOCUMENT_SCREEN,APP0300,C0300,DOCUMENT_SCREEN,2026-11-04T14:21:00+09:00,,,2026-11-04T14:21:00+09:00,2026-11-16T14:41:00+09:00,2026-11-16T14:41:00+09:00,,ADVANCED,EVIDENCE_CANDIDATES_FOUND,,SYNTHETIC_HUMAN_SCENARIO,"{""criterion"":""NO_VERIFIED_PUBLIC_REQUIREMENT_VIOLATION"",""evidence_candidate_refs"":[""EV_APP0300_DOCUMENT_SCREEN_DOCUMENT_REVIEW_M1_SKILL_01"",""EV_APP0300_DOCUMENT_SCREEN_DOCUMENT_REVIEW_M1_SKILL_04"",""EV_APP0300_DOCUMENT_SCREEN_DOCUMENT_REVIEW_M1_SKILL_05"",""EV_APP0300_DOCUMENT_SCREEN_DOCUMENT_REVIEW_M1_SKILL_06"",""EV_APP0300_DOCUMENT_SCREEN_DOCUMENT_REVIEW_M1_SKILL_08""],""follow_up_skills"":[""M1_SKILL_01"",""M1_SKILL_04"",""M1_SKILL_05"",""M1_SKILL_06"",""M1_SKILL_08""],""human_rationale"":""공개 기본요건의 검증된 위반 없음. 자기기술을 후속검증 질문으로 전달하며 Skill을 확정하지 않는다."",""observation_refs"":[""OB_REVIEW_ML_01_EV_APP0300_DOCUMENT_SCREEN_DOCUMENT_REVIEW_M1_SKILL_01"",""OB_REVIEW_HM_01_EV_APP0300_DOCUMENT_SCREEN_DOCUMENT_REVIEW_M1_SKILL_01"",""OB_REVIEW_ML_01_EV_APP0300_DOCUMENT_SCREEN_DOCUMENT_REVIEW_M1_SKILL_04"",""OB_REVIEW_HM_01_EV_APP0300_DOCUMENT_SCREEN_DOCUMENT_REVIEW_M1_SKILL_04"",""OB_REVIEW_ML_01_EV_APP0300_DOCUMENT_SCREEN_DOCUMENT_REVIEW_M1_SKILL_05"",""OB_REVIEW_HM_01_EV_APP0300_DOCUMENT_SCREEN_DOCUMENT_REVIEW_M1_SKILL_05"",""OB_REVIEW_ML_01_EV_APP0300_DOCUMENT_SCREEN_DOCUMENT_REVIEW_M1_SKILL_06"",""OB_REVIEW_HM_01_EV_APP0300_DOCUMENT_SCREEN_DOCUMENT_REVIEW_M1_SKILL_06"",""OB_REVIEW_ML_01_EV_APP0300_DOCUMENT_SCREEN_DOCUMENT_REVIEW_M1_SKILL_08"",""OB_REVIEW_HM_01_EV_APP0300_DOCUMENT_SCREEN_DOCUMENT_REVIEW_M1_SKILL_08""],""stage"":""DOCUMENT_SCREEN""}"
APP0256_DOCUMENT_SCREEN,APP0256,C0256,DOCUMENT_SCREEN,2026-11-04T15:06:00+09:00,,,2026-11-04T15:06:00+09:00,2026-11-09T15:31:00+09:00,2026-11-10T15:31:00+09:00,,ADVANCED,EVIDENCE_CANDIDATES_FOUND,,SYNTHETIC_HUMAN_SCENARIO,"{""criterion"":""NO_VERIFIED_PUBLIC_REQUIREMENT_VIOLATION"",""evidence_candidate_refs"":[""EV_APP0256_DOCUMENT_SCREEN_DOCUMENT_REVIEW_M1_SKILL_01"",""EV_APP0256_DOCUMENT_SCREEN_DOCUMENT_REVIEW_M1_SKILL_04"",""EV_APP0256_DOCUMENT_SCREEN_DOCUMENT_REVIEW_M1_SKILL_05"",""EV_APP0256_DOCUMENT_SCREEN_DOCUMENT_REVIEW_M1_SKILL_06"",""EV_APP0256_DOCUMENT_SCREEN_DOCUMENT_REVIEW_M1_SKILL_08""],""follow_up_skills"":[""M1_SKILL_01"",""M1_SKILL_04"",""M1_SKILL_05"",""M1_SKILL_06"",""M1_SKILL_08""],""human_rationale"":""공개 기본요건의 검증된 위반 없음. 자기기술을 후속검증 질문으로 전달하며 Skill을 확정하지 않는다."",""observation_refs"":[""OB_REVIEW_ML_01_EV_APP0256_DOCUMENT_SCREEN_DOCUMENT_REVIEW_M1_SKILL_01"",""OB_REVIEW_HM_01_EV_APP0256_DOCUMENT_SCREEN_DOCUMENT_REVIEW_M1_SKILL_01"",""OB_REVIEW_ML_01_EV_APP0256_DOCUMENT_SCREEN_DOCUMENT_REVIEW_M1_SKILL_04"",""OB_REVIEW_HM_01_EV_APP0256_DOCUMENT_SCREEN_DOCUMENT_REVIEW_M1_SKILL_04"",""OB_REVIEW_ML_01_EV_APP0256_DOCUMENT_SCREEN_DOCUMENT_REVIEW_M1_SKILL_05"",""OB_REVIEW_HM_01_EV_APP0256_DOCUMENT_SCREEN_DOCUMENT_REVIEW_M1_SKILL_05"",""OB_REVIEW_ML_01_EV_APP0256_DOCUMENT_SCREEN_DOCUMENT_REVIEW_M1_SKILL_06"",""OB_REVIEW_HM_01_EV_APP0256_DOCUMENT_SCREEN_DOCUMENT_REVIEW_M1_SKILL_06"",""OB_REVIEW_ML_01_EV_APP0256_DOCUMENT_SCREEN_DOCUMENT_REVIEW_M1_SKILL_08"",""OB_REVIEW_HM_01_EV_APP0256_DOCUMENT_SCREEN_DOCUMENT_REVIEW_M1_SKILL_08""],""stage"":""DOCUMENT_SCREEN""}"
APP0262_DOCUMENT_SCREEN,APP0262,C0262,DOCUMENT_SCREEN,2026-11-04T16:33:00+09:00,,,2026-11-04T16:33:00+09:00,2026-11-12T16:53:00+09:00,2026-11-13T16:53:00+09:00,,ADVANCED,EVIDENCE_CANDIDATES_FOUND,,SYNTHETIC_HUMAN_SCENARIO,"{""criterion"":""NO_VERIFIED_PUBLIC_REQUIREMENT_VIOLATION"",""evidence_candidate_refs"":[""EV_APP0262_DOCUMENT_SCREEN_DOCUMENT_REVIEW_M1_SKILL_01"",""EV_APP0262_DOCUMENT_SCREEN_DOCUMENT_REVIEW_M1_SKILL_04"",""EV_APP0262_DOCUMENT_SCREEN_DOCUMENT_REVIEW_M1_SKILL_05"",""EV_APP0262_DOCUMENT_SCREEN_DOCUMENT_REVIEW_M1_SKILL_06"",""EV_APP0262_DOCUMENT_SCREEN_DOCUMENT_REVIEW_M1_SKILL_08""],""follow_up_skills"":[""M1_SKILL_01"",""M1_SKILL_04"",""M1_SKILL_05"",""M1_SKILL_06"",""M1_SKILL_08""],""human_rationale"":""공개 기본요건의 검증된 위반 없음. 자기기술을 후속검증 질문으로 전달하며 Skill을 확정하지 않는다."",""observation_refs"":[""OB_REVIEW_ML_01_EV_APP0262_DOCUMENT_SCREEN_DOCUMENT_REVIEW_M1_SKILL_01"",""OB_REVIEW_HM_01_EV_APP0262_DOCUMENT_SCREEN_DOCUMENT_REVIEW_M1_SKILL_01"",""OB_REVIEW_ML_01_EV_APP0262_DOCUMENT_SCREEN_DOCUMENT_REVIEW_M1_SKILL_04"",""OB_REVIEW_HM_01_EV_APP0262_DOCUMENT_SCREEN_DOCUMENT_REVIEW_M1_SKILL_04"",""OB_REVIEW_ML_01_EV_APP0262_DOCUMENT_SCREEN_DOCUMENT_REVIEW_M1_SKILL_05"",""OB_REVIEW_HM_01_EV_APP0262_DOCUMENT_SCREEN_DOCUMENT_REVIEW_M1_SKILL_05"",""OB_REVIEW_ML_01_EV_APP0262_DOCUMENT_SCREEN_DOCUMENT_REVIEW_M1_SKILL_06"",""OB_REVIEW_HM_01_EV_APP0262_DOCUMENT_SCREEN_DOCUMENT_REVIEW_M1_SKILL_06"",""OB_REVIEW_ML_01_EV_APP0262_DOCUMENT_SCREEN_DOCUMENT_REVIEW_M1_SKILL_08"",""OB_REVIEW_HM_01_EV_APP0262_DOCUMENT_SCREEN_DOCUMENT_REVIEW_M1_SKILL_08""],""stage"":""DOCUMENT_SCREEN""}"
APP0310_DOCUMENT_SCREEN,APP0310,C0310,DOCUMENT_SCREEN,2026-11-04T16:37:00+09:00,,,2026-11-04T16:37:00+09:00,2026-11-10T16:52:00+09:00,2026-11-10T16:52:00+09:00,,ADVANCED,EVIDENCE_CANDIDATES_FOUND,,SYNTHETIC_HUMAN_SCENARIO,"{""criterion"":""NO_VERIFIED_PUBLIC_REQUIREMENT_VIOLATION"",""evidence_candidate_refs"":[""EV_APP0310_DOCUMENT_SCREEN_DOCUMENT_REVIEW_M1_SKILL_01"",""EV_APP0310_DOCUMENT_SCREEN_DOCUMENT_REVIEW_M1_SKILL_04"",""EV_APP0310_DOCUMENT_SCREEN_DOCUMENT_REVIEW_M1_SKILL_05"",""EV_APP0310_DOCUMENT_SCREEN_DOCUMENT_REVIEW_M1_SKILL_06"",""EV_APP0310_DOCUMENT_SCREEN_DOCUMENT_REVIEW_M1_SKILL_08""],""follow_up_skills"":[""M1_SKILL_01"",""M1_SKILL_04"",""M1_SKILL_05"",""M1_SKILL_06"",""M1_SKILL_08""],""human_rationale"":""공개 기본요건의 검증된 위반 없음. 자기기술을 후속검증 질문으로 전달하며 Skill을 확정하지 않는다."",""observation_refs"":[""OB_REVIEW_ML_01_EV_APP0310_DOCUMENT_SCREEN_DOCUMENT_REVIEW_M1_SKILL_01"",""OB_REVIEW_HM_01_EV_APP0310_DOCUMENT_SCREEN_DOCUMENT_REVIEW_M1_SKILL_01"",""OB_REVIEW_ML_01_EV_APP0310_DOCUMENT_SCREEN_DOCUMENT_REVIEW_M1_SKILL_04"",""OB_REVIEW_HM_01_EV_APP0310_DOCUMENT_SCREEN_DOCUMENT_REVIEW_M1_SKILL_04"",""OB_REVIEW_ML_01_EV_APP0310_DOCUMENT_SCREEN_DOCUMENT_REVIEW_M1_SKILL_05"",""OB_REVIEW_HM_01_EV_APP0310_DOCUMENT_SCREEN_DOCUMENT_REVIEW_M1_SKILL_05"",""OB_REVIEW_ML_01_EV_APP0310_DOCUMENT_SCREEN_DOCUMENT_REVIEW_M1_SKILL_06"",""OB_REVIEW_HM_01_EV_APP0310_DOCUMENT_SCREEN_DOCUMENT_REVIEW_M1_SKILL_06"",""OB_REVIEW_ML_01_EV_APP0310_DOCUMENT_SCREEN_DOCUMENT_REVIEW_M1_SKILL_08"",""OB_REVIEW_HM_01_EV_APP0310_DOCUMENT_SCREEN_DOCUMENT_REVIEW_M1_SKILL_08""],""stage"":""DOCUMENT_SCREEN""}"
APP0279_DOCUMENT_SCREEN,APP0279,C0279,DOCUMENT_SCREEN,2026-11-05T10:49:00+09:00,,,2026-11-05T10:49:00+09:00,2026-11-08T11:04:00+09:00,2026-11-09T11:04:00+09:00,,ADVANCED,EVIDENCE_CANDIDATES_FOUND,,SYNTHETIC_HUMAN_SCENARIO,"{""criterion"":""NO_VERIFIED_PUBLIC_REQUIREMENT_VIOLATION"",""evidence_candidate_refs"":[""EV_APP0279_DOCUMENT_SCREEN_DOCUMENT_REVIEW_M1_SKILL_01"",""EV_APP0279_DOCUMENT_SCREEN_DOCUMENT_REVIEW_M1_SKILL_04"",""EV_APP0279_DOCUMENT_SCREEN_DOCUMENT_REVIEW_M1_SKILL_05"",""EV_APP0279_DOCUMENT_SCREEN_DOCUMENT_REVIEW_M1_SKILL_06"",""EV_APP0279_DOCUMENT_SCREEN_DOCUMENT_REVIEW_M1_SKILL_08""],""follow_up_skills"":[""M1_SKILL_01"",""M1_SKILL_04"",""M1_SKILL_05"",""M1_SKILL_06"",""M1_SKILL_08""],""human_rationale"":""공개 기본요건의 검증된 위반 없음. 자기기술을 후속검증 질문으로 전달하며 Skill을 확정하지 않는다."",""observation_refs"":[""OB_REVIEW_ML_01_EV_APP0279_DOCUMENT_SCREEN_DOCUMENT_REVIEW_M1_SKILL_01"",""OB_REVIEW_HM_01_EV_APP0279_DOCUMENT_SCREEN_DOCUMENT_REVIEW_M1_SKILL_01"",""OB_REVIEW_ML_01_EV_APP0279_DOCUMENT_SCREEN_DOCUMENT_REVIEW_M1_SKILL_04"",""OB_REVIEW_HM_01_EV_APP0279_DOCUMENT_SCREEN_DOCUMENT_REVIEW_M1_SKILL_04"",""OB_REVIEW_ML_01_EV_APP0279_DOCUMENT_SCREEN_DOCUMENT_REVIEW_M1_SKILL_05"",""OB_REVIEW_HM_01_EV_APP0279_DOCUMENT_SCREEN_DOCUMENT_REVIEW_M1_SKILL_05"",""OB_REVIEW_ML_01_EV_APP0279_DOCUMENT_SCREEN_DOCUMENT_REVIEW_M1_SKILL_06"",""OB_REVIEW_HM_01_EV_APP0279_DOCUMENT_SCREEN_DOCUMENT_REVIEW_M1_SKILL_06"",""OB_REVIEW_ML_01_EV_APP0279_DOCUMENT_SCREEN_DOCUMENT_REVIEW_M1_SKILL_08"",""OB_REVIEW_HM_01_EV_APP0279_DOCUMENT_SCREEN_DOCUMENT_REVIEW_M1_SKILL_08""],""stage"":""DOCUMENT_SCREEN""}"
APP0327_DOCUMENT_SCREEN,APP0327,C0327,DOCUMENT_SCREEN,2026-11-05T11:04:00+09:00,,,2026-11-05T11:04:00+09:00,2026-11-10T11:19:00+09:00,2026-11-11T11:19:00+09:00,,ADVANCED,EVIDENCE_CANDIDATES_FOUND,,SYNTHETIC_HUMAN_SCENARIO,"{""criterion"":""NO_VERIFIED_PUBLIC_REQUIREMENT_VIOLATION"",""evidence_candidate_refs"":[""EV_APP0327_DOCUMENT_SCREEN_DOCUMENT_REVIEW_M1_SKILL_01"",""EV_APP0327_DOCUMENT_SCREEN_DOCUMENT_REVIEW_M1_SKILL_04"",""EV_APP0327_DOCUMENT_SCREEN_DOCUMENT_REVIEW_M1_SKILL_05"",""EV_APP0327_DOCUMENT_SCREEN_DOCUMENT_REVIEW_M1_SKILL_06"",""EV_APP0327_DOCUMENT_SCREEN_DOCUMENT_REVIEW_M1_SKILL_08""],""follow_up_skills"":[""M1_SKILL_01"",""M1_SKILL_04"",""M1_SKILL_05"",""M1_SKILL_06"",""M1_SKILL_08""],""human_rationale"":""공개 기본요건의 검증된 위반 없음. 자기기술을 후속검증 질문으로 전달하며 Skill을 확정하지 않는다."",""observation_refs"":[""OB_REVIEW_ML_01_EV_APP0327_DOCUMENT_SCREEN_DOCUMENT_REVIEW_M1_SKILL_01"",""OB_REVIEW_HM_01_EV_APP0327_DOCUMENT_SCREEN_DOCUMENT_REVIEW_M1_SKILL_01"",""OB_REVIEW_ML_01_EV_APP0327_DOCUMENT_SCREEN_DOCUMENT_REVIEW_M1_SKILL_04"",""OB_REVIEW_HM_01_EV_APP0327_DOCUMENT_SCREEN_DOCUMENT_REVIEW_M1_SKILL_04"",""OB_REVIEW_ML_01_EV_APP0327_DOCUMENT_SCREEN_DOCUMENT_REVIEW_M1_SKILL_05"",""OB_REVIEW_HM_01_EV_APP0327_DOCUMENT_SCREEN_DOCUMENT_REVIEW_M1_SKILL_05"",""OB_REVIEW_ML_01_EV_APP0327_DOCUMENT_SCREEN_DOCUMENT_REVIEW_M1_SKILL_06"",""OB_REVIEW_HM_01_EV_APP0327_DOCUMENT_SCREEN_DOCUMENT_REVIEW_M1_SKILL_06"",""OB_REVIEW_ML_01_EV_APP0327_DOCUMENT_SCREEN_DOCUMENT_REVIEW_M1_SKILL_08"",""OB_REVIEW_HM_01_EV_APP0327_DOCUMENT_SCREEN_DOCUMENT_REVIEW_M1_SKILL_08""],""stage"":""DOCUMENT_SCREEN""}"
APP0319_DOCUMENT_SCREEN,APP0319,C0319,DOCUMENT_SCREEN,2026-11-05T12:29:00+09:00,,,2026-11-05T12:29:00+09:00,2026-11-14T12:49:00+09:00,2026-11-14T12:49:00+09:00,,ADVANCED,EVIDENCE_CANDIDATES_FOUND,,SYNTHETIC_HUMAN_SCENARIO,"{""criterion"":""NO_VERIFIED_PUBLIC_REQUIREMENT_VIOLATION"",""evidence_candidate_refs"":[""EV_APP0319_DOCUMENT_SCREEN_DOCUMENT_REVIEW_M1_SKILL_01"",""EV_APP0319_DOCUMENT_SCREEN_DOCUMENT_REVIEW_M1_SKILL_04"",""EV_APP0319_DOCUMENT_SCREEN_DOCUMENT_REVIEW_M1_SKILL_05"",""EV_APP0319_DOCUMENT_SCREEN_DOCUMENT_REVIEW_M1_SKILL_06"",""EV_APP0319_DOCUMENT_SCREEN_DOCUMENT_REVIEW_M1_SKILL_08""],""follow_up_skills"":[""M1_SKILL_01"",""M1_SKILL_04"",""M1_SKILL_05"",""M1_SKILL_06"",""M1_SKILL_08""],""human_rationale"":""공개 기본요건의 검증된 위반 없음. 자기기술을 후속검증 질문으로 전달하며 Skill을 확정하지 않는다."",""observation_refs"":[""OB_REVIEW_ML_01_EV_APP0319_DOCUMENT_SCREEN_DOCUMENT_REVIEW_M1_SKILL_01"",""OB_REVIEW_HM_01_EV_APP0319_DOCUMENT_SCREEN_DOCUMENT_REVIEW_M1_SKILL_01"",""OB_REVIEW_ML_01_EV_APP0319_DOCUMENT_SCREEN_DOCUMENT_REVIEW_M1_SKILL_04"",""OB_REVIEW_HM_01_EV_APP0319_DOCUMENT_SCREEN_DOCUMENT_REVIEW_M1_SKILL_04"",""OB_REVIEW_ML_01_EV_APP0319_DOCUMENT_SCREEN_DOCUMENT_REVIEW_M1_SKILL_05"",""OB_REVIEW_HM_01_EV_APP0319_DOCUMENT_SCREEN_DOCUMENT_REVIEW_M1_SKILL_05"",""OB_REVIEW_ML_01_EV_APP0319_DOCUMENT_SCREEN_DOCUMENT_REVIEW_M1_SKILL_06"",""OB_REVIEW_HM_01_EV_APP0319_DOCUMENT_SCREEN_DOCUMENT_REVIEW_M1_SKILL_06"",""OB_REVIEW_ML_01_EV_APP0319_DOCUMENT_SCREEN_DOCUMENT_REVIEW_M1_SKILL_08"",""OB_REVIEW_HM_01_EV_APP0319_DOCUMENT_SCREEN_DOCUMENT_REVIEW_M1_SKILL_08""],""stage"":""DOCUMENT_SCREEN""}"
APP0318_DOCUMENT_SCREEN,APP0318,C0318,DOCUMENT_SCREEN,2026-11-05T13:56:00+09:00,,,2026-11-05T13:56:00+09:00,2026-11-11T14:11:00+09:00,2026-11-15T14:11:00+09:00,,ADVANCED,EVIDENCE_CANDIDATES_FOUND,,SYNTHETIC_HUMAN_SCENARIO,"{""criterion"":""NO_VERIFIED_PUBLIC_REQUIREMENT_VIOLATION"",""evidence_candidate_refs"":[""EV_APP0318_DOCUMENT_SCREEN_DOCUMENT_REVIEW_M1_SKILL_01"",""EV_APP0318_DOCUMENT_SCREEN_DOCUMENT_REVIEW_M1_SKILL_04"",""EV_APP0318_DOCUMENT_SCREEN_DOCUMENT_REVIEW_M1_SKILL_05"",""EV_APP0318_DOCUMENT_SCREEN_DOCUMENT_REVIEW_M1_SKILL_06"",""EV_APP0318_DOCUMENT_SCREEN_DOCUMENT_REVIEW_M1_SKILL_08""],""follow_up_skills"":[""M1_SKILL_01"",""M1_SKILL_04"",""M1_SKILL_05"",""M1_SKILL_06"",""M1_SKILL_08""],""human_rationale"":""공개 기본요건의 검증된 위반 없음. 자기기술을 후속검증 질문으로 전달하며 Skill을 확정하지 않는다."",""observation_refs"":[""OB_REVIEW_ML_01_EV_APP0318_DOCUMENT_SCREEN_DOCUMENT_REVIEW_M1_SKILL_01"",""OB_REVIEW_HM_01_EV_APP0318_DOCUMENT_SCREEN_DOCUMENT_REVIEW_M1_SKILL_01"",""OB_REVIEW_ML_01_EV_APP0318_DOCUMENT_SCREEN_DOCUMENT_REVIEW_M1_SKILL_04"",""OB_REVIEW_HM_01_EV_APP0318_DOCUMENT_SCREEN_DOCUMENT_REVIEW_M1_SKILL_04"",""OB_REVIEW_ML_01_EV_APP0318_DOCUMENT_SCREEN_DOCUMENT_REVIEW_M1_SKILL_05"",""OB_REVIEW_HM_01_EV_APP0318_DOCUMENT_SCREEN_DOCUMENT_REVIEW_M1_SKILL_05"",""OB_REVIEW_ML_01_EV_APP0318_DOCUMENT_SCREEN_DOCUMENT_REVIEW_M1_SKILL_06"",""OB_REVIEW_HM_01_EV_APP0318_DOCUMENT_SCREEN_DOCUMENT_REVIEW_M1_SKILL_06"",""OB_REVIEW_ML_01_EV_APP0318_DOCUMENT_SCREEN_DOCUMENT_REVIEW_M1_SKILL_08"",""OB_REVIEW_HM_01_EV_APP0318_DOCUMENT_SCREEN_DOCUMENT_REVIEW_M1_SKILL_08""],""stage"":""DOCUMENT_SCREEN""}"
APP0322_DOCUMENT_SCREEN,APP0322,C0322,DOCUMENT_SCREEN,2026-11-05T14:37:00+09:00,,,2026-11-05T14:37:00+09:00,2026-11-11T14:57:00+09:00,2026-11-12T14:57:00+09:00,,ADVANCED,EVIDENCE_CANDIDATES_FOUND,,SYNTHETIC_HUMAN_SCENARIO,"{""criterion"":""NO_VERIFIED_PUBLIC_REQUIREMENT_VIOLATION"",""evidence_candidate_refs"":[""EV_APP0322_DOCUMENT_SCREEN_DOCUMENT_REVIEW_M1_SKILL_01"",""EV_APP0322_DOCUMENT_SCREEN_DOCUMENT_REVIEW_M1_SKILL_04"",""EV_APP0322_DOCUMENT_SCREEN_DOCUMENT_REVIEW_M1_SKILL_05"",""EV_APP0322_DOCUMENT_SCREEN_DOCUMENT_REVIEW_M1_SKILL_06"",""EV_APP0322_DOCUMENT_SCREEN_DOCUMENT_REVIEW_M1_SKILL_08""],""follow_up_skills"":[""M1_SKILL_01"",""M1_SKILL_04"",""M1_SKILL_05"",""M1_SKILL_06"",""M1_SKILL_08""],""human_rationale"":""공개 기본요건의 검증된 위반 없음. 자기기술을 후속검증 질문으로 전달하며 Skill을 확정하지 않는다."",""observation_refs"":[""OB_REVIEW_ML_01_EV_APP0322_DOCUMENT_SCREEN_DOCUMENT_REVIEW_M1_SKILL_01"",""OB_REVIEW_HM_01_EV_APP0322_DOCUMENT_SCREEN_DOCUMENT_REVIEW_M1_SKILL_01"",""OB_REVIEW_ML_01_EV_APP0322_DOCUMENT_SCREEN_DOCUMENT_REVIEW_M1_SKILL_04"",""OB_REVIEW_HM_01_EV_APP0322_DOCUMENT_SCREEN_DOCUMENT_REVIEW_M1_SKILL_04"",""OB_REVIEW_ML_01_EV_APP0322_DOCUMENT_SCREEN_DOCUMENT_REVIEW_M1_SKILL_05"",""OB_REVIEW_HM_01_EV_APP0322_DOCUMENT_SCREEN_DOCUMENT_REVIEW_M1_SKILL_05"",""OB_REVIEW_ML_01_EV_APP0322_DOCUMENT_SCREEN_DOCUMENT_REVIEW_M1_SKILL_06"",""OB_REVIEW_HM_01_EV_APP0322_DOCUMENT_SCREEN_DOCUMENT_REVIEW_M1_SKILL_06"",""OB_REVIEW_ML_01_EV_APP0322_DOCUMENT_SCREEN_DOCUMENT_REVIEW_M1_SKILL_08"",""OB_REVIEW_HM_01_EV_APP0322_DOCUMENT_SCREEN_DOCUMENT_REVIEW_M1_SKILL_08""],""stage"":""DOCUMENT_SCREEN""}"
APP0289_DOCUMENT_SCREEN,APP0289,C0289,DOCUMENT_SCREEN,2026-11-06T13:39:00+09:00,,,2026-11-06T13:39:00+09:00,2026-11-09T14:31:00+09:00,2026-11-11T14:31:00+09:00,,ADVANCED,EVIDENCE_CANDIDATES_FOUND,,SYNTHETIC_HUMAN_SCENARIO,"{""criterion"":""NO_VERIFIED_PUBLIC_REQUIREMENT_VIOLATION"",""evidence_candidate_refs"":[""EV_APP0289_DOCUMENT_SCREEN_DOCUMENT_REVIEW_M1_SKILL_01"",""EV_APP0289_DOCUMENT_SCREEN_DOCUMENT_REVIEW_M1_SKILL_04"",""EV_APP0289_DOCUMENT_SCREEN_DOCUMENT_REVIEW_M1_SKILL_05"",""EV_APP0289_DOCUMENT_SCREEN_DOCUMENT_REVIEW_M1_SKILL_06"",""EV_APP0289_DOCUMENT_SCREEN_DOCUMENT_REVIEW_M1_SKILL_08""],""follow_up_skills"":[""M1_SKILL_01"",""M1_SKILL_04"",""M1_SKILL_05"",""M1_SKILL_06"",""M1_SKILL_08""],""human_rationale"":""공개 기본요건의 검증된 위반 없음. 자기기술을 후속검증 질문으로 전달하며 Skill을 확정하지 않는다."",""observation_refs"":[""OB_REVIEW_ML_01_EV_APP0289_DOCUMENT_SCREEN_DOCUMENT_REVIEW_M1_SKILL_01"",""OB_REVIEW_HM_01_EV_APP0289_DOCUMENT_SCREEN_DOCUMENT_REVIEW_M1_SKILL_01"",""OB_REVIEW_ML_01_EV_APP0289_DOCUMENT_SCREEN_DOCUMENT_REVIEW_M1_SKILL_04"",""OB_REVIEW_HM_01_EV_APP0289_DOCUMENT_SCREEN_DOCUMENT_REVIEW_M1_SKILL_04"",""OB_REVIEW_ML_01_EV_APP0289_DOCUMENT_SCREEN_DOCUMENT_REVIEW_M1_SKILL_05"",""OB_REVIEW_HM_01_EV_APP0289_DOCUMENT_SCREEN_DOCUMENT_REVIEW_M1_SKILL_05"",""OB_REVIEW_ML_01_EV_APP0289_DOCUMENT_SCREEN_DOCUMENT_REVIEW_M1_SKILL_06"",""OB_REVIEW_HM_01_EV_APP0289_DOCUMENT_SCREEN_DOCUMENT_REVIEW_M1_SKILL_06"",""OB_REVIEW_ML_01_EV_APP0289_DOCUMENT_SCREEN_DOCUMENT_REVIEW_M1_SKILL_08"",""OB_REVIEW_HM_01_EV_APP0289_DOCUMENT_SCREEN_DOCUMENT_REVIEW_M1_SKILL_08""],""stage"":""DOCUMENT_SCREEN""}"
APP0331_DOCUMENT_SCREEN,APP0331,C0331,DOCUMENT_SCREEN,2026-11-06T15:45:00+09:00,,,2026-11-06T15:45:00+09:00,2026-11-10T16:00:00+09:00,2026-11-12T16:00:00+09:00,,ADVANCED,EVIDENCE_CANDIDATES_FOUND,,SYNTHETIC_HUMAN_SCENARIO,"{""criterion"":""NO_VERIFIED_PUBLIC_REQUIREMENT_VIOLATION"",""evidence_candidate_refs"":[""EV_APP0331_DOCUMENT_SCREEN_DOCUMENT_REVIEW_M1_SKILL_01"",""EV_APP0331_DOCUMENT_SCREEN_DOCUMENT_REVIEW_M1_SKILL_04"",""EV_APP0331_DOCUMENT_SCREEN_DOCUMENT_REVIEW_M1_SKILL_05"",""EV_APP0331_DOCUMENT_SCREEN_DOCUMENT_REVIEW_M1_SKILL_06"",""EV_APP0331_DOCUMENT_SCREEN_DOCUMENT_REVIEW_M1_SKILL_08""],""follow_up_skills"":[""M1_SKILL_01"",""M1_SKILL_04"",""M1_SKILL_05"",""M1_SKILL_06"",""M1_SKILL_08""],""human_rationale"":""공개 기본요건의 검증된 위반 없음. 자기기술을 후속검증 질문으로 전달하며 Skill을 확정하지 않는다."",""observation_refs"":[""OB_REVIEW_ML_01_EV_APP0331_DOCUMENT_SCREEN_DOCUMENT_REVIEW_M1_SKILL_01"",""OB_REVIEW_HM_01_EV_APP0331_DOCUMENT_SCREEN_DOCUMENT_REVIEW_M1_SKILL_01"",""OB_REVIEW_ML_01_EV_APP0331_DOCUMENT_SCREEN_DOCUMENT_REVIEW_M1_SKILL_04"",""OB_REVIEW_HM_01_EV_APP0331_DOCUMENT_SCREEN_DOCUMENT_REVIEW_M1_SKILL_04"",""OB_REVIEW_ML_01_EV_APP0331_DOCUMENT_SCREEN_DOCUMENT_REVIEW_M1_SKILL_05"",""OB_REVIEW_HM_01_EV_APP0331_DOCUMENT_SCREEN_DOCUMENT_REVIEW_M1_SKILL_05"",""OB_REVIEW_ML_01_EV_APP0331_DOCUMENT_SCREEN_DOCUMENT_REVIEW_M1_SKILL_06"",""OB_REVIEW_HM_01_EV_APP0331_DOCUMENT_SCREEN_DOCUMENT_REVIEW_M1_SKILL_06"",""OB_REVIEW_ML_01_EV_APP0331_DOCUMENT_SCREEN_DOCUMENT_REVIEW_M1_SKILL_08"",""OB_REVIEW_HM_01_EV_APP0331_DOCUMENT_SCREEN_DOCUMENT_REVIEW_M1_SKILL_08""],""stage"":""DOCUMENT_SCREEN""}"
APP0309_DOCUMENT_SCREEN,APP0309,C0309,DOCUMENT_SCREEN,2026-11-07T12:35:00+09:00,,,2026-11-07T12:35:00+09:00,2026-11-15T13:04:00+09:00,2026-11-15T13:04:00+09:00,,ADVANCED,EVIDENCE_CANDIDATES_FOUND,,SYNTHETIC_HUMAN_SCENARIO,"{""criterion"":""NO_VERIFIED_PUBLIC_REQUIREMENT_VIOLATION"",""evidence_candidate_refs"":[""EV_APP0309_DOCUMENT_SCREEN_DOCUMENT_REVIEW_M1_SKILL_01"",""EV_APP0309_DOCUMENT_SCREEN_DOCUMENT_REVIEW_M1_SKILL_04"",""EV_APP0309_DOCUMENT_SCREEN_DOCUMENT_REVIEW_M1_SKILL_05"",""EV_APP0309_DOCUMENT_SCREEN_DOCUMENT_REVIEW_M1_SKILL_06"",""EV_APP0309_DOCUMENT_SCREEN_DOCUMENT_REVIEW_M1_SKILL_08""],""follow_up_skills"":[""M1_SKILL_01"",""M1_SKILL_04"",""M1_SKILL_05"",""M1_SKILL_06"",""M1_SKILL_08""],""human_rationale"":""공개 기본요건의 검증된 위반 없음. 자기기술을 후속검증 질문으로 전달하며 Skill을 확정하지 않는다."",""observation_refs"":[""OB_REVIEW_ML_01_EV_APP0309_DOCUMENT_SCREEN_DOCUMENT_REVIEW_M1_SKILL_01"",""OB_REVIEW_HM_01_EV_APP0309_DOCUMENT_SCREEN_DOCUMENT_REVIEW_M1_SKILL_01"",""OB_REVIEW_ML_01_EV_APP0309_DOCUMENT_SCREEN_DOCUMENT_REVIEW_M1_SKILL_04"",""OB_REVIEW_HM_01_EV_APP0309_DOCUMENT_SCREEN_DOCUMENT_REVIEW_M1_SKILL_04"",""OB_REVIEW_ML_01_EV_APP0309_DOCUMENT_SCREEN_DOCUMENT_REVIEW_M1_SKILL_05"",""OB_REVIEW_HM_01_EV_APP0309_DOCUMENT_SCREEN_DOCUMENT_REVIEW_M1_SKILL_05"",""OB_REVIEW_ML_01_EV_APP0309_DOCUMENT_SCREEN_DOCUMENT_REVIEW_M1_SKILL_06"",""OB_REVIEW_HM_01_EV_APP0309_DOCUMENT_SCREEN_DOCUMENT_REVIEW_M1_SKILL_06"",""OB_REVIEW_ML_01_EV_APP0309_DOCUMENT_SCREEN_DOCUMENT_REVIEW_M1_SKILL_08"",""OB_REVIEW_HM_01_EV_APP0309_DOCUMENT_SCREEN_DOCUMENT_REVIEW_M1_SKILL_08""],""stage"":""DOCUMENT_SCREEN""}"
APP0326_DOCUMENT_SCREEN,APP0326,C0326,DOCUMENT_SCREEN,2026-11-08T11:11:00+09:00,,,2026-11-08T11:11:00+09:00,2026-11-12T11:26:00+09:00,2026-11-12T11:26:00+09:00,,ADVANCED,EVIDENCE_CANDIDATES_FOUND,,SYNTHETIC_HUMAN_SCENARIO,"{""criterion"":""NO_VERIFIED_PUBLIC_REQUIREMENT_VIOLATION"",""evidence_candidate_refs"":[""EV_APP0326_DOCUMENT_SCREEN_DOCUMENT_REVIEW_M1_SKILL_01"",""EV_APP0326_DOCUMENT_SCREEN_DOCUMENT_REVIEW_M1_SKILL_04"",""EV_APP0326_DOCUMENT_SCREEN_DOCUMENT_REVIEW_M1_SKILL_05"",""EV_APP0326_DOCUMENT_SCREEN_DOCUMENT_REVIEW_M1_SKILL_06"",""EV_APP0326_DOCUMENT_SCREEN_DOCUMENT_REVIEW_M1_SKILL_08""],""follow_up_skills"":[""M1_SKILL_01"",""M1_SKILL_04"",""M1_SKILL_05"",""M1_SKILL_06"",""M1_SKILL_08""],""human_rationale"":""공개 기본요건의 검증된 위반 없음. 자기기술을 후속검증 질문으로 전달하며 Skill을 확정하지 않는다."",""observation_refs"":[""OB_REVIEW_ML_01_EV_APP0326_DOCUMENT_SCREEN_DOCUMENT_REVIEW_M1_SKILL_01"",""OB_REVIEW_HM_01_EV_APP0326_DOCUMENT_SCREEN_DOCUMENT_REVIEW_M1_SKILL_01"",""OB_REVIEW_ML_01_EV_APP0326_DOCUMENT_SCREEN_DOCUMENT_REVIEW_M1_SKILL_04"",""OB_REVIEW_HM_01_EV_APP0326_DOCUMENT_SCREEN_DOCUMENT_REVIEW_M1_SKILL_04"",""OB_REVIEW_ML_01_EV_APP0326_DOCUMENT_SCREEN_DOCUMENT_REVIEW_M1_SKILL_05"",""OB_REVIEW_HM_01_EV_APP0326_DOCUMENT_SCREEN_DOCUMENT_REVIEW_M1_SKILL_05"",""OB_REVIEW_ML_01_EV_APP0326_DOCUMENT_SCREEN_DOCUMENT_REVIEW_M1_SKILL_06"",""OB_REVIEW_HM_01_EV_APP0326_DOCUMENT_SCREEN_DOCUMENT_REVIEW_M1_SKILL_06"",""OB_REVIEW_ML_01_EV_APP0326_DOCUMENT_SCREEN_DOCUMENT_REVIEW_M1_SKILL_08"",""OB_REVIEW_HM_01_EV_APP0326_DOCUMENT_SCREEN_DOCUMENT_REVIEW_M1_SKILL_08""],""stage"":""DOCUMENT_SCREEN""}"
APP0313_DOCUMENT_SCREEN,APP0313,C0313,DOCUMENT_SCREEN,2026-11-08T13:46:00+09:00,,,2026-11-08T13:46:00+09:00,2026-11-18T14:06:00+09:00,2026-11-18T14:06:00+09:00,,ADVANCED,EVIDENCE_CANDIDATES_FOUND,,SYNTHETIC_HUMAN_SCENARIO,"{""criterion"":""NO_VERIFIED_PUBLIC_REQUIREMENT_VIOLATION"",""evidence_candidate_refs"":[""EV_APP0313_DOCUMENT_SCREEN_DOCUMENT_REVIEW_M1_SKILL_01"",""EV_APP0313_DOCUMENT_SCREEN_DOCUMENT_REVIEW_M1_SKILL_04"",""EV_APP0313_DOCUMENT_SCREEN_DOCUMENT_REVIEW_M1_SKILL_05"",""EV_APP0313_DOCUMENT_SCREEN_DOCUMENT_REVIEW_M1_SKILL_06"",""EV_APP0313_DOCUMENT_SCREEN_DOCUMENT_REVIEW_M1_SKILL_08""],""follow_up_skills"":[""M1_SKILL_01"",""M1_SKILL_04"",""M1_SKILL_05"",""M1_SKILL_06"",""M1_SKILL_08""],""human_rationale"":""공개 기본요건의 검증된 위반 없음. 자기기술을 후속검증 질문으로 전달하며 Skill을 확정하지 않는다."",""observation_refs"":[""OB_REVIEW_ML_01_EV_APP0313_DOCUMENT_SCREEN_DOCUMENT_REVIEW_M1_SKILL_01"",""OB_REVIEW_HM_01_EV_APP0313_DOCUMENT_SCREEN_DOCUMENT_REVIEW_M1_SKILL_01"",""OB_REVIEW_ML_01_EV_APP0313_DOCUMENT_SCREEN_DOCUMENT_REVIEW_M1_SKILL_04"",""OB_REVIEW_HM_01_EV_APP0313_DOCUMENT_SCREEN_DOCUMENT_REVIEW_M1_SKILL_04"",""OB_REVIEW_ML_01_EV_APP0313_DOCUMENT_SCREEN_DOCUMENT_REVIEW_M1_SKILL_05"",""OB_REVIEW_HM_01_EV_APP0313_DOCUMENT_SCREEN_DOCUMENT_REVIEW_M1_SKILL_05"",""OB_REVIEW_ML_01_EV_APP0313_DOCUMENT_SCREEN_DOCUMENT_REVIEW_M1_SKILL_06"",""OB_REVIEW_HM_01_EV_APP0313_DOCUMENT_SCREEN_DOCUMENT_REVIEW_M1_SKILL_06"",""OB_REVIEW_ML_01_EV_APP0313_DOCUMENT_SCREEN_DOCUMENT_REVIEW_M1_SKILL_08"",""OB_REVIEW_HM_01_EV_APP0313_DOCUMENT_SCREEN_DOCUMENT_REVIEW_M1_SKILL_08""],""stage"":""DOCUMENT_SCREEN""}"
APP0334_DOCUMENT_SCREEN,APP0334,C0334,DOCUMENT_SCREEN,2026-11-09T11:54:00+09:00,,,2026-11-09T11:54:00+09:00,2026-11-21T12:09:00+09:00,2026-11-21T12:09:00+09:00,,ADVANCED,EVIDENCE_CANDIDATES_FOUND,,SYNTHETIC_HUMAN_SCENARIO,"{""criterion"":""NO_VERIFIED_PUBLIC_REQUIREMENT_VIOLATION"",""evidence_candidate_refs"":[""EV_APP0334_DOCUMENT_SCREEN_DOCUMENT_REVIEW_M1_SKILL_01"",""EV_APP0334_DOCUMENT_SCREEN_DOCUMENT_REVIEW_M1_SKILL_04"",""EV_APP0334_DOCUMENT_SCREEN_DOCUMENT_REVIEW_M1_SKILL_05"",""EV_APP0334_DOCUMENT_SCREEN_DOCUMENT_REVIEW_M1_SKILL_06"",""EV_APP0334_DOCUMENT_SCREEN_DOCUMENT_REVIEW_M1_SKILL_08""],""follow_up_skills"":[""M1_SKILL_01"",""M1_SKILL_04"",""M1_SKILL_05"",""M1_SKILL_06"",""M1_SKILL_08""],""human_rationale"":""공개 기본요건의 검증된 위반 없음. 자기기술을 후속검증 질문으로 전달하며 Skill을 확정하지 않는다."",""observation_refs"":[""OB_REVIEW_ML_01_EV_APP0334_DOCUMENT_SCREEN_DOCUMENT_REVIEW_M1_SKILL_01"",""OB_REVIEW_HM_01_EV_APP0334_DOCUMENT_SCREEN_DOCUMENT_REVIEW_M1_SKILL_01"",""OB_REVIEW_ML_01_EV_APP0334_DOCUMENT_SCREEN_DOCUMENT_REVIEW_M1_SKILL_04"",""OB_REVIEW_HM_01_EV_APP0334_DOCUMENT_SCREEN_DOCUMENT_REVIEW_M1_SKILL_04"",""OB_REVIEW_ML_01_EV_APP0334_DOCUMENT_SCREEN_DOCUMENT_REVIEW_M1_SKILL_05"",""OB_REVIEW_HM_01_EV_APP0334_DOCUMENT_SCREEN_DOCUMENT_REVIEW_M1_SKILL_05"",""OB_REVIEW_ML_01_EV_APP0334_DOCUMENT_SCREEN_DOCUMENT_REVIEW_M1_SKILL_06"",""OB_REVIEW_HM_01_EV_APP0334_DOCUMENT_SCREEN_DOCUMENT_REVIEW_M1_SKILL_06"",""OB_REVIEW_ML_01_EV_APP0334_DOCUMENT_SCREEN_DOCUMENT_REVIEW_M1_SKILL_08"",""OB_REVIEW_HM_01_EV_APP0334_DOCUMENT_SCREEN_DOCUMENT_REVIEW_M1_SKILL_08""],""stage"":""DOCUMENT_SCREEN""}"
APP0336_DOCUMENT_SCREEN,APP0336,C0336,DOCUMENT_SCREEN,2026-11-09T14:36:00+09:00,,,2026-11-09T14:36:00+09:00,2026-11-13T15:01:00+09:00,2026-11-17T15:01:00+09:00,,ADVANCED,EVIDENCE_CANDIDATES_FOUND,,SYNTHETIC_HUMAN_SCENARIO,"{""criterion"":""NO_VERIFIED_PUBLIC_REQUIREMENT_VIOLATION"",""evidence_candidate_refs"":[""EV_APP0336_DOCUMENT_SCREEN_DOCUMENT_REVIEW_M1_SKILL_01"",""EV_APP0336_DOCUMENT_SCREEN_DOCUMENT_REVIEW_M1_SKILL_04"",""EV_APP0336_DOCUMENT_SCREEN_DOCUMENT_REVIEW_M1_SKILL_05"",""EV_APP0336_DOCUMENT_SCREEN_DOCUMENT_REVIEW_M1_SKILL_06"",""EV_APP0336_DOCUMENT_SCREEN_DOCUMENT_REVIEW_M1_SKILL_08""],""follow_up_skills"":[""M1_SKILL_01"",""M1_SKILL_04"",""M1_SKILL_05"",""M1_SKILL_06"",""M1_SKILL_08""],""human_rationale"":""공개 기본요건의 검증된 위반 없음. 자기기술을 후속검증 질문으로 전달하며 Skill을 확정하지 않는다."",""observation_refs"":[""OB_REVIEW_ML_01_EV_APP0336_DOCUMENT_SCREEN_DOCUMENT_REVIEW_M1_SKILL_01"",""OB_REVIEW_HM_01_EV_APP0336_DOCUMENT_SCREEN_DOCUMENT_REVIEW_M1_SKILL_01"",""OB_REVIEW_ML_01_EV_APP0336_DOCUMENT_SCREEN_DOCUMENT_REVIEW_M1_SKILL_04"",""OB_REVIEW_HM_01_EV_APP0336_DOCUMENT_SCREEN_DOCUMENT_REVIEW_M1_SKILL_04"",""OB_REVIEW_ML_01_EV_APP0336_DOCUMENT_SCREEN_DOCUMENT_REVIEW_M1_SKILL_05"",""OB_REVIEW_HM_01_EV_APP0336_DOCUMENT_SCREEN_DOCUMENT_REVIEW_M1_SKILL_05"",""OB_REVIEW_ML_01_EV_APP0336_DOCUMENT_SCREEN_DOCUMENT_REVIEW_M1_SKILL_06"",""OB_REVIEW_HM_01_EV_APP0336_DOCUMENT_SCREEN_DOCUMENT_REVIEW_M1_SKILL_06"",""OB_REVIEW_ML_01_EV_APP0336_DOCUMENT_SCREEN_DOCUMENT_REVIEW_M1_SKILL_08"",""OB_REVIEW_HM_01_EV_APP0336_DOCUMENT_SCREEN_DOCUMENT_REVIEW_M1_SKILL_08""],""stage"":""DOCUMENT_SCREEN""}"
APP0013_PRE_ASSESSMENT,APP0013,C0013,PRE_ASSESSMENT,2026-10-17T11:54:00+09:00,2026-10-18T11:54:00+09:00,2026-10-22T11:54:00+09:00,2026-10-22T13:29:00+09:00,2026-10-24T13:29:00+09:00,2026-10-26T13:29:00+09:00,,ADVANCED,PRE_TASK_COMPLETE,,SYNTHETIC_HUMAN_SCENARIO,"{""criterion"":""CODING_VERIFICATION_OMISSION"",""human_rationale"":""단계 활동과 관찰을 검토하여 다음 판단으로 진행한다. 미관찰은 부족/탈락과 동일하지 않다."",""observation_refs"":[""OB_REVIEW_ML_01_EV_APP0013_PRE_ASSESSMENT_CODING_TEST_M1_SKILL_03"",""OB_REVIEW_HM_01_EV_APP0013_PRE_ASSESSMENT_CODING_TEST_M1_SKILL_03""],""stage"":""PRE_ASSESSMENT""}"
APP0009_PRE_ASSESSMENT,APP0009,C0009,PRE_ASSESSMENT,2026-10-20T11:14:00+09:00,2026-10-21T11:14:00+09:00,2026-10-28T11:14:00+09:00,2026-10-28T12:49:00+09:00,2026-10-31T12:49:00+09:00,2026-11-02T12:49:00+09:00,,ADVANCED,PRE_TASK_COMPLETE,,SYNTHETIC_HUMAN_SCENARIO,"{""criterion"":""CODING_VERIFICATION_OMISSION"",""human_rationale"":""단계 활동과 관찰을 검토하여 다음 판단으로 진행한다. 미관찰은 부족/탈락과 동일하지 않다."",""observation_refs"":[""OB_REVIEW_ML_01_EV_APP0009_PRE_ASSESSMENT_CODING_TEST_M1_SKILL_03"",""OB_REVIEW_HM_01_EV_APP0009_PRE_ASSESSMENT_CODING_TEST_M1_SKILL_03""],""stage"":""PRE_ASSESSMENT""}"
APP0022_PRE_ASSESSMENT,APP0022,C0022,PRE_ASSESSMENT,2026-10-20T12:44:00+09:00,2026-10-21T12:44:00+09:00,2026-10-28T12:44:00+09:00,2026-10-28T14:24:00+09:00,2026-10-31T14:24:00+09:00,2026-11-04T14:24:00+09:00,,ADVANCED,PRE_TASK_COMPLETE,,SYNTHETIC_HUMAN_SCENARIO,"{""criterion"":""CODING_VERIFICATION_OMISSION"",""human_rationale"":""단계 활동과 관찰을 검토하여 다음 판단으로 진행한다. 미관찰은 부족/탈락과 동일하지 않다."",""observation_refs"":[""OB_REVIEW_ML_01_EV_APP0022_PRE_ASSESSMENT_CODING_TEST_M1_SKILL_03"",""OB_REVIEW_HM_01_EV_APP0022_PRE_ASSESSMENT_CODING_TEST_M1_SKILL_03""],""stage"":""PRE_ASSESSMENT""}"
APP0008_PRE_ASSESSMENT,APP0008,C0008,PRE_ASSESSMENT,2026-10-22T10:37:00+09:00,2026-10-23T10:37:00+09:00,2026-10-27T10:37:00+09:00,,,,,IN_PROGRESS,,,,"{""motive"":""UNKNOWN"",""operational_state"":""NO_RESPONSE_PENDING""}"
APP0059_PRE_ASSESSMENT,APP0059,C0059,PRE_ASSESSMENT,2026-10-22T12:23:00+09:00,2026-10-23T12:23:00+09:00,2026-11-02T12:23:00+09:00,2026-11-02T13:58:00+09:00,2026-11-03T13:58:00+09:00,2026-11-05T13:58:00+09:00,,ADVANCED,PRE_TASK_COMPLETE,,SYNTHETIC_HUMAN_SCENARIO,"{""criterion"":""CODING_VERIFICATION_OMISSION"",""human_rationale"":""단계 활동과 관찰을 검토하여 다음 판단으로 진행한다. 미관찰은 부족/탈락과 동일하지 않다."",""observation_refs"":[""OB_REVIEW_ML_01_EV_APP0059_PRE_ASSESSMENT_CODING_TEST_M1_SKILL_03"",""OB_REVIEW_HM_01_EV_APP0059_PRE_ASSESSMENT_CODING_TEST_M1_SKILL_03""],""stage"":""PRE_ASSESSMENT""}"
APP0006_PRE_ASSESSMENT,APP0006,C0006,PRE_ASSESSMENT,2026-10-23T09:45:00+09:00,2026-10-24T09:45:00+09:00,2026-10-28T09:45:00+09:00,2026-10-28T11:30:00+09:00,2026-11-02T11:30:00+09:00,2026-11-03T11:30:00+09:00,,ADVANCED,PRE_TASK_COMPLETE,,SYNTHETIC_HUMAN_SCENARIO,"{""criterion"":""CODING_VERIFICATION_OMISSION"",""human_rationale"":""단계 활동과 관찰을 검토하여 다음 판단으로 진행한다. 미관찰은 부족/탈락과 동일하지 않다."",""observation_refs"":[""OB_REVIEW_ML_01_EV_APP0006_PRE_ASSESSMENT_CODING_TEST_M1_SKILL_03"",""OB_REVIEW_HM_01_EV_APP0006_PRE_ASSESSMENT_CODING_TEST_M1_SKILL_03""],""stage"":""PRE_ASSESSMENT""}"
APP0021_PRE_ASSESSMENT,APP0021,C0021,PRE_ASSESSMENT,2026-10-23T13:16:00+09:00,2026-10-24T13:16:00+09:00,2026-11-03T13:16:00+09:00,2026-11-03T14:41:00+09:00,2026-11-04T14:41:00+09:00,2026-11-08T14:41:00+09:00,,ADVANCED,PRE_TASK_COMPLETE,,SYNTHETIC_HUMAN_SCENARIO,"{""criterion"":""CODING_VERIFICATION_OMISSION"",""human_rationale"":""단계 활동과 관찰을 검토하여 다음 판단으로 진행한다. 미관찰은 부족/탈락과 동일하지 않다."",""observation_refs"":[""OB_REVIEW_ML_01_EV_APP0021_PRE_ASSESSMENT_CODING_TEST_M1_SKILL_03"",""OB_REVIEW_HM_01_EV_APP0021_PRE_ASSESSMENT_CODING_TEST_M1_SKILL_03""],""stage"":""PRE_ASSESSMENT""}"
APP0024_PRE_ASSESSMENT,APP0024,C0024,PRE_ASSESSMENT,2026-10-23T13:44:00+09:00,2026-10-24T13:44:00+09:00,2026-11-03T13:44:00+09:00,2026-11-03T15:19:00+09:00,2026-11-05T15:19:00+09:00,2026-11-05T15:19:00+09:00,,FAILED,DIRECT_TASK_LIMITATION,,SYNTHETIC_HUMAN_SCENARIO,"{""criterion"":""CODING_VERIFICATION_OMISSION"",""human_rationale"":""해당 단계 직접 근거의 명시적 비진행 기준을 검토했다."",""observation_refs"":[""OB_REVIEW_ML_01_EV_APP0024_PRE_ASSESSMENT_CODING_TEST_M1_SKILL_03"",""OB_REVIEW_HM_01_EV_APP0024_PRE_ASSESSMENT_CODING_TEST_M1_SKILL_03""],""stage"":""PRE_ASSESSMENT""}"
APP0014_PRE_ASSESSMENT,APP0014,C0014,PRE_ASSESSMENT,2026-10-23T14:07:00+09:00,2026-10-24T14:07:00+09:00,2026-10-28T14:07:00+09:00,2026-10-28T15:47:00+09:00,2026-10-31T15:47:00+09:00,2026-10-31T15:47:00+09:00,,ADVANCED,PRE_TASK_COMPLETE,,SYNTHETIC_HUMAN_SCENARIO,"{""criterion"":""CODING_VERIFICATION_OMISSION"",""human_rationale"":""단계 활동과 관찰을 검토하여 다음 판단으로 진행한다. 미관찰은 부족/탈락과 동일하지 않다."",""observation_refs"":[""OB_REVIEW_ML_01_EV_APP0014_PRE_ASSESSMENT_CODING_TEST_M1_SKILL_03"",""OB_REVIEW_HM_01_EV_APP0014_PRE_ASSESSMENT_CODING_TEST_M1_SKILL_03""],""stage"":""PRE_ASSESSMENT""}"
APP0045_PRE_ASSESSMENT,APP0045,C0045,PRE_ASSESSMENT,2026-10-23T14:53:00+09:00,2026-10-24T14:53:00+09:00,2026-10-28T14:53:00+09:00,2026-10-28T16:23:00+09:00,2026-10-29T16:23:00+09:00,2026-11-02T16:23:00+09:00,,ADVANCED,PRE_TASK_COMPLETE,,SYNTHETIC_HUMAN_SCENARIO,"{""criterion"":""CODING_VERIFICATION_OMISSION"",""human_rationale"":""단계 활동과 관찰을 검토하여 다음 판단으로 진행한다. 미관찰은 부족/탈락과 동일하지 않다."",""observation_refs"":[""OB_REVIEW_ML_01_EV_APP0045_PRE_ASSESSMENT_CODING_TEST_M1_SKILL_03"",""OB_REVIEW_HM_01_EV_APP0045_PRE_ASSESSMENT_CODING_TEST_M1_SKILL_03""],""stage"":""PRE_ASSESSMENT""}"
APP0089_PRE_ASSESSMENT,APP0089,C0089,PRE_ASSESSMENT,2026-10-23T15:23:00+09:00,2026-10-24T15:23:00+09:00,2026-10-31T15:23:00+09:00,2026-10-31T16:48:00+09:00,2026-11-03T16:48:00+09:00,2026-11-05T16:48:00+09:00,,ADVANCED,PRE_TASK_COMPLETE,,SYNTHETIC_HUMAN_SCENARIO,"{""criterion"":""CODING_VERIFICATION_OMISSION"",""human_rationale"":""단계 활동과 관찰을 검토하여 다음 판단으로 진행한다. 미관찰은 부족/탈락과 동일하지 않다."",""observation_refs"":[""OB_REVIEW_ML_01_EV_APP0089_PRE_ASSESSMENT_CODING_TEST_M1_SKILL_03"",""OB_REVIEW_HM_01_EV_APP0089_PRE_ASSESSMENT_CODING_TEST_M1_SKILL_03""],""stage"":""PRE_ASSESSMENT""}"
APP0012_PRE_ASSESSMENT,APP0012,C0012,PRE_ASSESSMENT,2026-10-24T10:00:00+09:00,2026-10-25T10:00:00+09:00,2026-11-04T10:00:00+09:00,2026-11-04T11:30:00+09:00,2026-11-07T11:30:00+09:00,2026-11-11T11:30:00+09:00,,ADVANCED,PRE_TASK_COMPLETE,,SYNTHETIC_HUMAN_SCENARIO,"{""criterion"":""CODING_VERIFICATION_OMISSION"",""human_rationale"":""단계 활동과 관찰을 검토하여 다음 판단으로 진행한다. 미관찰은 부족/탈락과 동일하지 않다."",""observation_refs"":[""OB_REVIEW_ML_01_EV_APP0012_PRE_ASSESSMENT_CODING_TEST_M1_SKILL_03"",""OB_REVIEW_HM_01_EV_APP0012_PRE_ASSESSMENT_CODING_TEST_M1_SKILL_03""],""stage"":""PRE_ASSESSMENT""}"
APP0070_PRE_ASSESSMENT,APP0070,C0070,PRE_ASSESSMENT,2026-10-24T15:08:00+09:00,2026-10-25T15:08:00+09:00,2026-10-29T15:08:00+09:00,2026-10-29T16:43:00+09:00,2026-10-30T16:43:00+09:00,2026-10-31T16:43:00+09:00,,ADVANCED,PRE_TASK_COMPLETE,,SYNTHETIC_HUMAN_SCENARIO,"{""criterion"":""CODING_VERIFICATION_OMISSION"",""human_rationale"":""단계 활동과 관찰을 검토하여 다음 판단으로 진행한다. 미관찰은 부족/탈락과 동일하지 않다."",""observation_refs"":[""OB_REVIEW_ML_01_EV_APP0070_PRE_ASSESSMENT_CODING_TEST_M1_SKILL_03"",""OB_REVIEW_HM_01_EV_APP0070_PRE_ASSESSMENT_CODING_TEST_M1_SKILL_03""],""stage"":""PRE_ASSESSMENT""}"
APP0035_PRE_ASSESSMENT,APP0035,C0035,PRE_ASSESSMENT,2026-10-24T16:06:00+09:00,2026-10-25T16:06:00+09:00,2026-11-01T16:06:00+09:00,2026-11-01T18:01:00+09:00,2026-11-06T18:01:00+09:00,2026-11-06T18:01:00+09:00,,ADVANCED,PRE_TASK_COMPLETE,,SYNTHETIC_HUMAN_SCENARIO,"{""criterion"":""CODING_VERIFICATION_OMISSION"",""human_rationale"":""단계 활동과 관찰을 검토하여 다음 판단으로 진행한다. 미관찰은 부족/탈락과 동일하지 않다."",""observation_refs"":[""OB_REVIEW_ML_01_EV_APP0035_PRE_ASSESSMENT_CODING_TEST_M1_SKILL_03"",""OB_REVIEW_HM_01_EV_APP0035_PRE_ASSESSMENT_CODING_TEST_M1_SKILL_03""],""stage"":""PRE_ASSESSMENT""}"
APP0050_PRE_ASSESSMENT,APP0050,C0050,PRE_ASSESSMENT,2026-10-25T09:39:00+09:00,2026-10-26T09:39:00+09:00,2026-11-02T09:39:00+09:00,2026-11-02T11:09:00+09:00,2026-11-05T11:09:00+09:00,2026-11-06T11:09:00+09:00,,ADVANCED,PRE_TASK_COMPLETE,,SYNTHETIC_HUMAN_SCENARIO,"{""criterion"":""CODING_VERIFICATION_OMISSION"",""human_rationale"":""단계 활동과 관찰을 검토하여 다음 판단으로 진행한다. 미관찰은 부족/탈락과 동일하지 않다."",""observation_refs"":[""OB_REVIEW_ML_01_EV_APP0050_PRE_ASSESSMENT_CODING_TEST_M1_SKILL_03"",""OB_REVIEW_HM_01_EV_APP0050_PRE_ASSESSMENT_CODING_TEST_M1_SKILL_03""],""stage"":""PRE_ASSESSMENT""}"
APP0085_PRE_ASSESSMENT,APP0085,C0085,PRE_ASSESSMENT,2026-10-25T12:43:00+09:00,2026-10-26T12:43:00+09:00,2026-10-30T12:43:00+09:00,2026-10-30T14:28:00+09:00,2026-11-04T14:28:00+09:00,2026-11-08T14:28:00+09:00,,ADVANCED,PRE_TASK_COMPLETE,,SYNTHETIC_HUMAN_SCENARIO,"{""criterion"":""CODING_VERIFICATION_OMISSION"",""human_rationale"":""단계 활동과 관찰을 검토하여 다음 판단으로 진행한다. 미관찰은 부족/탈락과 동일하지 않다."",""observation_refs"":[""OB_REVIEW_ML_01_EV_APP0085_PRE_ASSESSMENT_CODING_TEST_M1_SKILL_03"",""OB_REVIEW_HM_01_EV_APP0085_PRE_ASSESSMENT_CODING_TEST_M1_SKILL_03""],""stage"":""PRE_ASSESSMENT""}"
APP0020_PRE_ASSESSMENT,APP0020,C0020,PRE_ASSESSMENT,2026-10-25T13:09:00+09:00,2026-10-26T13:09:00+09:00,2026-10-30T13:09:00+09:00,2026-10-30T14:34:00+09:00,2026-11-02T14:34:00+09:00,2026-11-02T14:34:00+09:00,,FAILED,DIRECT_TASK_LIMITATION,,SYNTHETIC_HUMAN_SCENARIO,"{""criterion"":""CODING_VERIFICATION_OMISSION"",""human_rationale"":""해당 단계 직접 근거의 명시적 비진행 기준을 검토했다."",""observation_refs"":[""OB_REVIEW_ML_01_EV_APP0020_PRE_ASSESSMENT_CODING_TEST_M1_SKILL_03"",""OB_REVIEW_HM_01_EV_APP0020_PRE_ASSESSMENT_CODING_TEST_M1_SKILL_03""],""stage"":""PRE_ASSESSMENT""}"
APP0058_PRE_ASSESSMENT,APP0058,C0058,PRE_ASSESSMENT,2026-10-25T15:02:00+09:00,2026-10-26T15:02:00+09:00,2026-10-30T15:02:00+09:00,2026-10-30T16:47:00+09:00,2026-11-04T16:47:00+09:00,2026-11-06T16:47:00+09:00,,ADVANCED,PRE_TASK_COMPLETE,,SYNTHETIC_HUMAN_SCENARIO,"{""criterion"":""CODING_VERIFICATION_OMISSION"",""human_rationale"":""단계 활동과 관찰을 검토하여 다음 판단으로 진행한다. 미관찰은 부족/탈락과 동일하지 않다."",""observation_refs"":[""OB_REVIEW_ML_01_EV_APP0058_PRE_ASSESSMENT_CODING_TEST_M1_SKILL_03"",""OB_REVIEW_HM_01_EV_APP0058_PRE_ASSESSMENT_CODING_TEST_M1_SKILL_03""],""stage"":""PRE_ASSESSMENT""}"
APP0025_PRE_ASSESSMENT,APP0025,C0025,PRE_ASSESSMENT,2026-10-25T16:02:00+09:00,2026-10-26T16:02:00+09:00,2026-11-02T16:02:00+09:00,2026-11-02T17:47:00+09:00,2026-11-07T17:47:00+09:00,2026-11-07T17:47:00+09:00,,ADVANCED,PRE_TASK_COMPLETE,,SYNTHETIC_HUMAN_SCENARIO,"{""criterion"":""CODING_VERIFICATION_OMISSION"",""human_rationale"":""단계 활동과 관찰을 검토하여 다음 판단으로 진행한다. 미관찰은 부족/탈락과 동일하지 않다."",""observation_refs"":[""OB_REVIEW_ML_01_EV_APP0025_PRE_ASSESSMENT_CODING_TEST_M1_SKILL_03"",""OB_REVIEW_HM_01_EV_APP0025_PRE_ASSESSMENT_CODING_TEST_M1_SKILL_03""],""stage"":""PRE_ASSESSMENT""}"
APP0041_PRE_ASSESSMENT,APP0041,C0041,PRE_ASSESSMENT,2026-10-25T16:14:00+09:00,2026-10-26T16:14:00+09:00,2026-10-30T16:14:00+09:00,2026-10-30T17:59:00+09:00,2026-11-04T17:59:00+09:00,2026-11-04T17:59:00+09:00,,ADVANCED,PRE_TASK_COMPLETE,,SYNTHETIC_HUMAN_SCENARIO,"{""criterion"":""CODING_VERIFICATION_OMISSION"",""human_rationale"":""단계 활동과 관찰을 검토하여 다음 판단으로 진행한다. 미관찰은 부족/탈락과 동일하지 않다."",""observation_refs"":[""OB_REVIEW_ML_01_EV_APP0041_PRE_ASSESSMENT_CODING_TEST_M1_SKILL_03"",""OB_REVIEW_HM_01_EV_APP0041_PRE_ASSESSMENT_CODING_TEST_M1_SKILL_03""],""stage"":""PRE_ASSESSMENT""}"
APP0034_PRE_ASSESSMENT,APP0034,C0034,PRE_ASSESSMENT,2026-10-25T17:12:00+09:00,2026-10-26T17:12:00+09:00,2026-10-30T17:12:00+09:00,2026-10-30T19:02:00+09:00,2026-10-31T19:02:00+09:00,2026-11-04T19:02:00+09:00,,ADVANCED,PRE_TASK_COMPLETE,,SYNTHETIC_HUMAN_SCENARIO,"{""criterion"":""CODING_VERIFICATION_OMISSION"",""human_rationale"":""단계 활동과 관찰을 검토하여 다음 판단으로 진행한다. 미관찰은 부족/탈락과 동일하지 않다."",""observation_refs"":[""OB_REVIEW_ML_01_EV_APP0034_PRE_ASSESSMENT_CODING_TEST_M1_SKILL_03"",""OB_REVIEW_HM_01_EV_APP0034_PRE_ASSESSMENT_CODING_TEST_M1_SKILL_03""],""stage"":""PRE_ASSESSMENT""}"
APP0010_PRE_ASSESSMENT,APP0010,C0010,PRE_ASSESSMENT,2026-10-26T10:11:00+09:00,2026-10-27T10:11:00+09:00,2026-10-31T10:11:00+09:00,2026-10-31T11:41:00+09:00,2026-11-03T11:41:00+09:00,2026-11-05T11:41:00+09:00,,ADVANCED,PRE_TASK_COMPLETE,,SYNTHETIC_HUMAN_SCENARIO,"{""criterion"":""CODING_VERIFICATION_OMISSION"",""human_rationale"":""단계 활동과 관찰을 검토하여 다음 판단으로 진행한다. 미관찰은 부족/탈락과 동일하지 않다."",""observation_refs"":[""OB_REVIEW_ML_01_EV_APP0010_PRE_ASSESSMENT_CODING_TEST_M1_SKILL_03"",""OB_REVIEW_HM_01_EV_APP0010_PRE_ASSESSMENT_CODING_TEST_M1_SKILL_03""],""stage"":""PRE_ASSESSMENT""}"
APP0051_PRE_ASSESSMENT,APP0051,C0051,PRE_ASSESSMENT,2026-10-26T12:21:00+09:00,2026-10-27T12:21:00+09:00,2026-11-06T12:21:00+09:00,2026-11-06T14:01:00+09:00,2026-11-11T14:01:00+09:00,2026-11-15T14:01:00+09:00,,ADVANCED,PRE_TASK_COMPLETE,,SYNTHETIC_HUMAN_SCENARIO,"{""criterion"":""CODING_VERIFICATION_OMISSION"",""human_rationale"":""단계 활동과 관찰을 검토하여 다음 판단으로 진행한다. 미관찰은 부족/탈락과 동일하지 않다."",""observation_refs"":[""OB_REVIEW_ML_01_EV_APP0051_PRE_ASSESSMENT_CODING_TEST_M1_SKILL_03"",""OB_REVIEW_HM_01_EV_APP0051_PRE_ASSESSMENT_CODING_TEST_M1_SKILL_03""],""stage"":""PRE_ASSESSMENT""}"
APP0112_PRE_ASSESSMENT,APP0112,C0112,PRE_ASSESSMENT,2026-10-26T12:33:00+09:00,2026-10-27T12:33:00+09:00,2026-11-03T12:33:00+09:00,2026-11-03T14:18:00+09:00,2026-11-06T14:18:00+09:00,2026-11-10T14:18:00+09:00,,ADVANCED,PRE_TASK_COMPLETE,,SYNTHETIC_HUMAN_SCENARIO,"{""criterion"":""CODING_VERIFICATION_OMISSION"",""human_rationale"":""단계 활동과 관찰을 검토하여 다음 판단으로 진행한다. 미관찰은 부족/탈락과 동일하지 않다."",""observation_refs"":[""OB_REVIEW_ML_01_EV_APP0112_PRE_ASSESSMENT_CODING_TEST_M1_SKILL_03"",""OB_REVIEW_HM_01_EV_APP0112_PRE_ASSESSMENT_CODING_TEST_M1_SKILL_03""],""stage"":""PRE_ASSESSMENT""}"
APP0087_PRE_ASSESSMENT,APP0087,C0087,PRE_ASSESSMENT,2026-10-26T13:34:00+09:00,2026-10-27T13:34:00+09:00,2026-11-06T13:34:00+09:00,2026-11-06T14:59:00+09:00,2026-11-08T14:59:00+09:00,2026-11-10T14:59:00+09:00,,FAILED,DIRECT_TASK_LIMITATION,,SYNTHETIC_HUMAN_SCENARIO,"{""criterion"":""CODING_VERIFICATION_OMISSION"",""human_rationale"":""해당 단계 직접 근거의 명시적 비진행 기준을 검토했다."",""observation_refs"":[""OB_REVIEW_ML_01_EV_APP0087_PRE_ASSESSMENT_CODING_TEST_M1_SKILL_03"",""OB_REVIEW_HM_01_EV_APP0087_PRE_ASSESSMENT_CODING_TEST_M1_SKILL_03""],""stage"":""PRE_ASSESSMENT""}"
APP0096_PRE_ASSESSMENT,APP0096,C0096,PRE_ASSESSMENT,2026-10-26T14:37:00+09:00,2026-10-27T14:37:00+09:00,2026-10-31T14:37:00+09:00,2026-10-31T16:12:00+09:00,2026-11-02T16:12:00+09:00,2026-11-06T16:12:00+09:00,,ADVANCED,PRE_TASK_COMPLETE,,SYNTHETIC_HUMAN_SCENARIO,"{""criterion"":""CODING_VERIFICATION_OMISSION"",""human_rationale"":""단계 활동과 관찰을 검토하여 다음 판단으로 진행한다. 미관찰은 부족/탈락과 동일하지 않다."",""observation_refs"":[""OB_REVIEW_ML_01_EV_APP0096_PRE_ASSESSMENT_CODING_TEST_M1_SKILL_03"",""OB_REVIEW_HM_01_EV_APP0096_PRE_ASSESSMENT_CODING_TEST_M1_SKILL_03""],""stage"":""PRE_ASSESSMENT""}"
APP0027_PRE_ASSESSMENT,APP0027,C0027,PRE_ASSESSMENT,2026-10-26T14:42:00+09:00,2026-10-27T14:42:00+09:00,2026-11-06T14:42:00+09:00,2026-11-06T16:37:00+09:00,2026-11-08T16:37:00+09:00,2026-11-12T16:37:00+09:00,,ADVANCED,PRE_TASK_COMPLETE,,SYNTHETIC_HUMAN_SCENARIO,"{""criterion"":""CODING_VERIFICATION_OMISSION"",""human_rationale"":""단계 활동과 관찰을 검토하여 다음 판단으로 진행한다. 미관찰은 부족/탈락과 동일하지 않다."",""observation_refs"":[""OB_REVIEW_ML_01_EV_APP0027_PRE_ASSESSMENT_CODING_TEST_M1_SKILL_03"",""OB_REVIEW_HM_01_EV_APP0027_PRE_ASSESSMENT_CODING_TEST_M1_SKILL_03""],""stage"":""PRE_ASSESSMENT""}"
APP0083_PRE_ASSESSMENT,APP0083,C0083,PRE_ASSESSMENT,2026-10-26T15:18:00+09:00,2026-10-27T15:18:00+09:00,2026-11-03T15:18:00+09:00,2026-11-03T17:08:00+09:00,2026-11-04T17:08:00+09:00,2026-11-08T17:08:00+09:00,,ADVANCED,PRE_TASK_COMPLETE,,SYNTHETIC_HUMAN_SCENARIO,"{""criterion"":""CODING_VERIFICATION_OMISSION"",""human_rationale"":""단계 활동과 관찰을 검토하여 다음 판단으로 진행한다. 미관찰은 부족/탈락과 동일하지 않다."",""observation_refs"":[""OB_REVIEW_ML_01_EV_APP0083_PRE_ASSESSMENT_CODING_TEST_M1_SKILL_03"",""OB_REVIEW_HM_01_EV_APP0083_PRE_ASSESSMENT_CODING_TEST_M1_SKILL_03""],""stage"":""PRE_ASSESSMENT""}"
APP0095_PRE_ASSESSMENT,APP0095,C0095,PRE_ASSESSMENT,2026-10-26T15:25:00+09:00,2026-10-27T15:25:00+09:00,2026-11-03T15:25:00+09:00,2026-11-03T17:05:00+09:00,2026-11-04T17:05:00+09:00,2026-11-04T17:05:00+09:00,,ADVANCED,PRE_TASK_COMPLETE,,SYNTHETIC_HUMAN_SCENARIO,"{""criterion"":""CODING_VERIFICATION_OMISSION"",""human_rationale"":""단계 활동과 관찰을 검토하여 다음 판단으로 진행한다. 미관찰은 부족/탈락과 동일하지 않다."",""observation_refs"":[""OB_REVIEW_ML_01_EV_APP0095_PRE_ASSESSMENT_CODING_TEST_M1_SKILL_03"",""OB_REVIEW_HM_01_EV_APP0095_PRE_ASSESSMENT_CODING_TEST_M1_SKILL_03""],""stage"":""PRE_ASSESSMENT""}"
APP0102_PRE_ASSESSMENT,APP0102,C0102,PRE_ASSESSMENT,2026-10-26T17:10:00+09:00,2026-10-27T17:10:00+09:00,2026-10-31T17:10:00+09:00,2026-10-31T18:45:00+09:00,2026-11-01T18:45:00+09:00,2026-11-05T18:45:00+09:00,,ADVANCED,PRE_TASK_COMPLETE,,SYNTHETIC_HUMAN_SCENARIO,"{""criterion"":""CODING_VERIFICATION_OMISSION"",""human_rationale"":""단계 활동과 관찰을 검토하여 다음 판단으로 진행한다. 미관찰은 부족/탈락과 동일하지 않다."",""observation_refs"":[""OB_REVIEW_ML_01_EV_APP0102_PRE_ASSESSMENT_CODING_TEST_M1_SKILL_03"",""OB_REVIEW_HM_01_EV_APP0102_PRE_ASSESSMENT_CODING_TEST_M1_SKILL_03""],""stage"":""PRE_ASSESSMENT""}"
APP0029_PRE_ASSESSMENT,APP0029,C0029,PRE_ASSESSMENT,2026-10-27T11:04:00+09:00,2026-10-28T11:04:00+09:00,2026-11-07T11:04:00+09:00,2026-11-07T12:39:00+09:00,2026-11-12T12:39:00+09:00,2026-11-14T12:39:00+09:00,,ADVANCED,PRE_TASK_COMPLETE,,SYNTHETIC_HUMAN_SCENARIO,"{""criterion"":""CODING_VERIFICATION_OMISSION"",""human_rationale"":""단계 활동과 관찰을 검토하여 다음 판단으로 진행한다. 미관찰은 부족/탈락과 동일하지 않다."",""observation_refs"":[""OB_REVIEW_ML_01_EV_APP0029_PRE_ASSESSMENT_CODING_TEST_M1_SKILL_03"",""OB_REVIEW_HM_01_EV_APP0029_PRE_ASSESSMENT_CODING_TEST_M1_SKILL_03""],""stage"":""PRE_ASSESSMENT""}"
APP0048_PRE_ASSESSMENT,APP0048,C0048,PRE_ASSESSMENT,2026-10-27T12:22:00+09:00,2026-10-28T12:22:00+09:00,2026-11-01T12:22:00+09:00,2026-11-01T14:02:00+09:00,2026-11-03T14:02:00+09:00,2026-11-07T14:02:00+09:00,,ADVANCED,PRE_TASK_COMPLETE,,SYNTHETIC_HUMAN_SCENARIO,"{""criterion"":""CODING_VERIFICATION_OMISSION"",""human_rationale"":""단계 활동과 관찰을 검토하여 다음 판단으로 진행한다. 미관찰은 부족/탈락과 동일하지 않다."",""observation_refs"":[""OB_REVIEW_ML_01_EV_APP0048_PRE_ASSESSMENT_CODING_TEST_M1_SKILL_03"",""OB_REVIEW_HM_01_EV_APP0048_PRE_ASSESSMENT_CODING_TEST_M1_SKILL_03""],""stage"":""PRE_ASSESSMENT""}"
APP0030_PRE_ASSESSMENT,APP0030,C0030,PRE_ASSESSMENT,2026-10-27T13:00:00+09:00,2026-10-28T13:00:00+09:00,2026-11-01T13:00:00+09:00,2026-11-01T14:25:00+09:00,2026-11-04T14:25:00+09:00,2026-11-05T14:25:00+09:00,,FAILED,DIRECT_TASK_LIMITATION,,SYNTHETIC_HUMAN_SCENARIO,"{""criterion"":""CODING_VERIFICATION_OMISSION"",""human_rationale"":""해당 단계 직접 근거의 명시적 비진행 기준을 검토했다."",""observation_refs"":[""OB_REVIEW_ML_01_EV_APP0030_PRE_ASSESSMENT_CODING_TEST_M1_SKILL_03"",""OB_REVIEW_HM_01_EV_APP0030_PRE_ASSESSMENT_CODING_TEST_M1_SKILL_03""],""stage"":""PRE_ASSESSMENT""}"
APP0074_PRE_ASSESSMENT,APP0074,C0074,PRE_ASSESSMENT,2026-10-27T14:01:00+09:00,2026-10-28T14:01:00+09:00,2026-11-07T14:01:00+09:00,2026-11-07T15:36:00+09:00,2026-11-09T15:36:00+09:00,2026-11-11T15:36:00+09:00,,FAILED,DIRECT_TASK_LIMITATION,,SYNTHETIC_HUMAN_SCENARIO,"{""criterion"":""CODING_VERIFICATION_OMISSION"",""human_rationale"":""해당 단계 직접 근거의 명시적 비진행 기준을 검토했다."",""observation_refs"":[""OB_REVIEW_ML_01_EV_APP0074_PRE_ASSESSMENT_CODING_TEST_M1_SKILL_03"",""OB_REVIEW_HM_01_EV_APP0074_PRE_ASSESSMENT_CODING_TEST_M1_SKILL_03""],""stage"":""PRE_ASSESSMENT""}"
APP0123_PRE_ASSESSMENT,APP0123,C0123,PRE_ASSESSMENT,2026-10-27T14:12:00+09:00,2026-10-28T14:12:00+09:00,2026-11-04T14:12:00+09:00,2026-11-04T15:37:00+09:00,2026-11-05T15:37:00+09:00,2026-11-06T15:37:00+09:00,,ADVANCED,PRE_TASK_COMPLETE,,SYNTHETIC_HUMAN_SCENARIO,"{""criterion"":""CODING_VERIFICATION_OMISSION"",""human_rationale"":""단계 활동과 관찰을 검토하여 다음 판단으로 진행한다. 미관찰은 부족/탈락과 동일하지 않다."",""observation_refs"":[""OB_REVIEW_ML_01_EV_APP0123_PRE_ASSESSMENT_CODING_TEST_M1_SKILL_03"",""OB_REVIEW_HM_01_EV_APP0123_PRE_ASSESSMENT_CODING_TEST_M1_SKILL_03""],""stage"":""PRE_ASSESSMENT""}"
APP0018_PRE_ASSESSMENT,APP0018,C0018,PRE_ASSESSMENT,2026-10-27T14:53:00+09:00,2026-10-28T14:53:00+09:00,2026-11-07T14:53:00+09:00,2026-11-07T16:38:00+09:00,2026-11-09T16:38:00+09:00,2026-11-10T16:38:00+09:00,,ADVANCED,PRE_TASK_COMPLETE,,SYNTHETIC_HUMAN_SCENARIO,"{""criterion"":""CODING_VERIFICATION_OMISSION"",""human_rationale"":""단계 활동과 관찰을 검토하여 다음 판단으로 진행한다. 미관찰은 부족/탈락과 동일하지 않다."",""observation_refs"":[""OB_REVIEW_ML_01_EV_APP0018_PRE_ASSESSMENT_CODING_TEST_M1_SKILL_03"",""OB_REVIEW_HM_01_EV_APP0018_PRE_ASSESSMENT_CODING_TEST_M1_SKILL_03""],""stage"":""PRE_ASSESSMENT""}"
APP0086_PRE_ASSESSMENT,APP0086,C0086,PRE_ASSESSMENT,2026-10-27T15:29:00+09:00,2026-10-28T15:29:00+09:00,2026-11-07T15:29:00+09:00,2026-11-07T17:04:00+09:00,2026-11-10T17:04:00+09:00,2026-11-14T17:04:00+09:00,,FAILED,DIRECT_TASK_LIMITATION,,SYNTHETIC_HUMAN_SCENARIO,"{""criterion"":""CODING_VERIFICATION_OMISSION"",""human_rationale"":""해당 단계 직접 근거의 명시적 비진행 기준을 검토했다."",""observation_refs"":[""OB_REVIEW_ML_01_EV_APP0086_PRE_ASSESSMENT_CODING_TEST_M1_SKILL_03"",""OB_REVIEW_HM_01_EV_APP0086_PRE_ASSESSMENT_CODING_TEST_M1_SKILL_03""],""stage"":""PRE_ASSESSMENT""}"
APP0046_PRE_ASSESSMENT,APP0046,C0046,PRE_ASSESSMENT,2026-10-27T15:49:00+09:00,2026-10-28T15:49:00+09:00,2026-11-04T15:49:00+09:00,2026-11-04T17:29:00+09:00,2026-11-09T17:29:00+09:00,2026-11-09T17:29:00+09:00,,ADVANCED,PRE_TASK_COMPLETE,,SYNTHETIC_HUMAN_SCENARIO,"{""criterion"":""CODING_VERIFICATION_OMISSION"",""human_rationale"":""단계 활동과 관찰을 검토하여 다음 판단으로 진행한다. 미관찰은 부족/탈락과 동일하지 않다."",""observation_refs"":[""OB_REVIEW_ML_01_EV_APP0046_PRE_ASSESSMENT_CODING_TEST_M1_SKILL_03"",""OB_REVIEW_HM_01_EV_APP0046_PRE_ASSESSMENT_CODING_TEST_M1_SKILL_03""],""stage"":""PRE_ASSESSMENT""}"
APP0098_PRE_ASSESSMENT,APP0098,C0098,PRE_ASSESSMENT,2026-10-27T16:39:00+09:00,2026-10-28T16:39:00+09:00,2026-11-01T16:39:00+09:00,2026-11-01T18:24:00+09:00,2026-11-02T18:24:00+09:00,2026-11-06T18:24:00+09:00,,FAILED,DIRECT_TASK_LIMITATION,,SYNTHETIC_HUMAN_SCENARIO,"{""criterion"":""CODING_VERIFICATION_OMISSION"",""human_rationale"":""해당 단계 직접 근거의 명시적 비진행 기준을 검토했다."",""observation_refs"":[""OB_REVIEW_ML_01_EV_APP0098_PRE_ASSESSMENT_CODING_TEST_M1_SKILL_03"",""OB_REVIEW_HM_01_EV_APP0098_PRE_ASSESSMENT_CODING_TEST_M1_SKILL_03""],""stage"":""PRE_ASSESSMENT""}"
APP0153_PRE_ASSESSMENT,APP0153,C0153,PRE_ASSESSMENT,2026-10-27T17:31:00+09:00,2026-10-28T17:31:00+09:00,2026-11-04T17:31:00+09:00,2026-11-04T18:56:00+09:00,2026-11-07T18:56:00+09:00,2026-11-07T18:56:00+09:00,,ADVANCED,PRE_TASK_COMPLETE,,SYNTHETIC_HUMAN_SCENARIO,"{""criterion"":""CODING_VERIFICATION_OMISSION"",""human_rationale"":""단계 활동과 관찰을 검토하여 다음 판단으로 진행한다. 미관찰은 부족/탈락과 동일하지 않다."",""observation_refs"":[""OB_REVIEW_ML_01_EV_APP0153_PRE_ASSESSMENT_CODING_TEST_M1_SKILL_03"",""OB_REVIEW_HM_01_EV_APP0153_PRE_ASSESSMENT_CODING_TEST_M1_SKILL_03""],""stage"":""PRE_ASSESSMENT""}"
APP0062_PRE_ASSESSMENT,APP0062,C0062,PRE_ASSESSMENT,2026-10-28T09:24:00+09:00,2026-10-29T09:24:00+09:00,2026-11-02T09:24:00+09:00,2026-11-02T10:49:00+09:00,2026-11-07T10:49:00+09:00,2026-11-09T10:49:00+09:00,,ADVANCED,PRE_TASK_COMPLETE,,SYNTHETIC_HUMAN_SCENARIO,"{""criterion"":""CODING_VERIFICATION_OMISSION"",""human_rationale"":""단계 활동과 관찰을 검토하여 다음 판단으로 진행한다. 미관찰은 부족/탈락과 동일하지 않다."",""observation_refs"":[""OB_REVIEW_ML_01_EV_APP0062_PRE_ASSESSMENT_CODING_TEST_M1_SKILL_03"",""OB_REVIEW_HM_01_EV_APP0062_PRE_ASSESSMENT_CODING_TEST_M1_SKILL_03""],""stage"":""PRE_ASSESSMENT""}"
APP0053_PRE_ASSESSMENT,APP0053,C0053,PRE_ASSESSMENT,2026-10-28T09:28:00+09:00,2026-10-29T09:28:00+09:00,2026-11-05T09:28:00+09:00,2026-11-05T11:03:00+09:00,2026-11-08T11:03:00+09:00,2026-11-12T11:03:00+09:00,,ADVANCED,PRE_TASK_COMPLETE,,SYNTHETIC_HUMAN_SCENARIO,"{""criterion"":""CODING_VERIFICATION_OMISSION"",""human_rationale"":""단계 활동과 관찰을 검토하여 다음 판단으로 진행한다. 미관찰은 부족/탈락과 동일하지 않다."",""observation_refs"":[""OB_REVIEW_ML_01_EV_APP0053_PRE_ASSESSMENT_CODING_TEST_M1_SKILL_03"",""OB_REVIEW_HM_01_EV_APP0053_PRE_ASSESSMENT_CODING_TEST_M1_SKILL_03""],""stage"":""PRE_ASSESSMENT""}"
APP0076_PRE_ASSESSMENT,APP0076,C0076,PRE_ASSESSMENT,2026-10-28T10:26:00+09:00,2026-10-29T10:26:00+09:00,2026-11-05T10:26:00+09:00,2026-11-05T12:01:00+09:00,2026-11-08T12:01:00+09:00,2026-11-10T12:01:00+09:00,,ADVANCED,PRE_TASK_COMPLETE,,SYNTHETIC_HUMAN_SCENARIO,"{""criterion"":""CODING_VERIFICATION_OMISSION"",""human_rationale"":""단계 활동과 관찰을 검토하여 다음 판단으로 진행한다. 미관찰은 부족/탈락과 동일하지 않다."",""observation_refs"":[""OB_REVIEW_ML_01_EV_APP0076_PRE_ASSESSMENT_CODING_TEST_M1_SKILL_03"",""OB_REVIEW_HM_01_EV_APP0076_PRE_ASSESSMENT_CODING_TEST_M1_SKILL_03""],""stage"":""PRE_ASSESSMENT""}"
APP0057_PRE_ASSESSMENT,APP0057,C0057,PRE_ASSESSMENT,2026-10-28T11:31:00+09:00,2026-10-29T11:31:00+09:00,2026-11-02T11:31:00+09:00,2026-11-02T13:01:00+09:00,2026-11-03T13:01:00+09:00,2026-11-07T13:01:00+09:00,,ADVANCED,PRE_TASK_COMPLETE,,SYNTHETIC_HUMAN_SCENARIO,"{""criterion"":""CODING_VERIFICATION_OMISSION"",""human_rationale"":""단계 활동과 관찰을 검토하여 다음 판단으로 진행한다. 미관찰은 부족/탈락과 동일하지 않다."",""observation_refs"":[""OB_REVIEW_ML_01_EV_APP0057_PRE_ASSESSMENT_CODING_TEST_M1_SKILL_03"",""OB_REVIEW_HM_01_EV_APP0057_PRE_ASSESSMENT_CODING_TEST_M1_SKILL_03""],""stage"":""PRE_ASSESSMENT""}"
APP0040_PRE_ASSESSMENT,APP0040,C0040,PRE_ASSESSMENT,2026-10-28T12:18:00+09:00,2026-10-29T12:18:00+09:00,2026-11-02T12:18:00+09:00,2026-11-02T13:43:00+09:00,2026-11-05T13:43:00+09:00,2026-11-09T13:43:00+09:00,,ADVANCED,PRE_TASK_COMPLETE,,SYNTHETIC_HUMAN_SCENARIO,"{""criterion"":""CODING_VERIFICATION_OMISSION"",""human_rationale"":""단계 활동과 관찰을 검토하여 다음 판단으로 진행한다. 미관찰은 부족/탈락과 동일하지 않다."",""observation_refs"":[""OB_REVIEW_ML_01_EV_APP0040_PRE_ASSESSMENT_CODING_TEST_M1_SKILL_03"",""OB_REVIEW_HM_01_EV_APP0040_PRE_ASSESSMENT_CODING_TEST_M1_SKILL_03""],""stage"":""PRE_ASSESSMENT""}"
APP0063_PRE_ASSESSMENT,APP0063,C0063,PRE_ASSESSMENT,2026-10-28T12:39:00+09:00,2026-10-29T12:39:00+09:00,2026-11-05T12:39:00+09:00,2026-11-05T14:14:00+09:00,2026-11-06T14:14:00+09:00,2026-11-08T14:14:00+09:00,,ADVANCED,PRE_TASK_COMPLETE,,SYNTHETIC_HUMAN_SCENARIO,"{""criterion"":""CODING_VERIFICATION_OMISSION"",""human_rationale"":""단계 활동과 관찰을 검토하여 다음 판단으로 진행한다. 미관찰은 부족/탈락과 동일하지 않다."",""observation_refs"":[""OB_REVIEW_ML_01_EV_APP0063_PRE_ASSESSMENT_CODING_TEST_M1_SKILL_03"",""OB_REVIEW_HM_01_EV_APP0063_PRE_ASSESSMENT_CODING_TEST_M1_SKILL_03""],""stage"":""PRE_ASSESSMENT""}"
APP0088_PRE_ASSESSMENT,APP0088,C0088,PRE_ASSESSMENT,2026-10-28T14:01:00+09:00,2026-10-29T14:01:00+09:00,2026-11-05T14:01:00+09:00,,,,,IN_PROGRESS,,,,"{""motive"":""UNKNOWN"",""operational_state"":""NO_RESPONSE_PENDING""}"
APP0168_PRE_ASSESSMENT,APP0168,C0168,PRE_ASSESSMENT,2026-10-28T15:54:00+09:00,2026-10-29T15:54:00+09:00,2026-11-02T15:54:00+09:00,,,,,IN_PROGRESS,,,,"{""motive"":""UNKNOWN"",""operational_state"":""NO_RESPONSE_PENDING""}"
APP0101_PRE_ASSESSMENT,APP0101,C0101,PRE_ASSESSMENT,2026-10-28T16:14:00+09:00,2026-10-29T16:14:00+09:00,2026-11-08T16:14:00+09:00,2026-11-08T17:49:00+09:00,2026-11-10T17:49:00+09:00,2026-11-14T17:49:00+09:00,,ADVANCED,PRE_TASK_COMPLETE,,SYNTHETIC_HUMAN_SCENARIO,"{""criterion"":""CODING_VERIFICATION_OMISSION"",""human_rationale"":""단계 활동과 관찰을 검토하여 다음 판단으로 진행한다. 미관찰은 부족/탈락과 동일하지 않다."",""observation_refs"":[""OB_REVIEW_ML_01_EV_APP0101_PRE_ASSESSMENT_CODING_TEST_M1_SKILL_03"",""OB_REVIEW_HM_01_EV_APP0101_PRE_ASSESSMENT_CODING_TEST_M1_SKILL_03""],""stage"":""PRE_ASSESSMENT""}"
APP0002_PRE_ASSESSMENT,APP0002,C0002,PRE_ASSESSMENT,2026-10-28T16:59:00+09:00,2026-10-29T16:59:00+09:00,2026-11-08T16:59:00+09:00,2026-11-08T18:29:00+09:00,2026-11-10T18:29:00+09:00,2026-11-10T18:29:00+09:00,,ADVANCED,PRE_TASK_COMPLETE,,SYNTHETIC_HUMAN_SCENARIO,"{""criterion"":""CODING_VERIFICATION_OMISSION"",""human_rationale"":""단계 활동과 관찰을 검토하여 다음 판단으로 진행한다. 미관찰은 부족/탈락과 동일하지 않다."",""observation_refs"":[""OB_REVIEW_ML_01_EV_APP0002_PRE_ASSESSMENT_CODING_TEST_M1_SKILL_03"",""OB_REVIEW_HM_01_EV_APP0002_PRE_ASSESSMENT_CODING_TEST_M1_SKILL_03""],""stage"":""PRE_ASSESSMENT""}"
APP0163_PRE_ASSESSMENT,APP0163,C0163,PRE_ASSESSMENT,2026-10-28T18:11:00+09:00,2026-10-29T18:11:00+09:00,2026-11-08T18:11:00+09:00,2026-11-08T19:46:00+09:00,2026-11-10T19:46:00+09:00,2026-11-10T19:46:00+09:00,,ADVANCED,PRE_TASK_COMPLETE,,SYNTHETIC_HUMAN_SCENARIO,"{""criterion"":""CODING_VERIFICATION_OMISSION"",""human_rationale"":""단계 활동과 관찰을 검토하여 다음 판단으로 진행한다. 미관찰은 부족/탈락과 동일하지 않다."",""observation_refs"":[""OB_REVIEW_ML_01_EV_APP0163_PRE_ASSESSMENT_CODING_TEST_M1_SKILL_03"",""OB_REVIEW_HM_01_EV_APP0163_PRE_ASSESSMENT_CODING_TEST_M1_SKILL_03""],""stage"":""PRE_ASSESSMENT""}"
APP0154_PRE_ASSESSMENT,APP0154,C0154,PRE_ASSESSMENT,2026-10-29T10:27:00+09:00,2026-10-30T10:27:00+09:00,2026-11-09T10:27:00+09:00,2026-11-09T12:22:00+09:00,2026-11-12T12:22:00+09:00,2026-11-12T12:22:00+09:00,,ADVANCED,PRE_TASK_COMPLETE,,SYNTHETIC_HUMAN_SCENARIO,"{""criterion"":""CODING_VERIFICATION_OMISSION"",""human_rationale"":""단계 활동과 관찰을 검토하여 다음 판단으로 진행한다. 미관찰은 부족/탈락과 동일하지 않다."",""observation_refs"":[""OB_REVIEW_ML_01_EV_APP0154_PRE_ASSESSMENT_CODING_TEST_M1_SKILL_03"",""OB_REVIEW_HM_01_EV_APP0154_PRE_ASSESSMENT_CODING_TEST_M1_SKILL_03""],""stage"":""PRE_ASSESSMENT""}"
APP0068_PRE_ASSESSMENT,APP0068,C0068,PRE_ASSESSMENT,2026-10-29T11:58:00+09:00,2026-10-30T11:58:00+09:00,2026-11-09T11:58:00+09:00,2026-11-09T13:28:00+09:00,2026-11-12T13:28:00+09:00,2026-11-14T13:28:00+09:00,,ADVANCED,PRE_TASK_COMPLETE,,SYNTHETIC_HUMAN_SCENARIO,"{""criterion"":""CODING_VERIFICATION_OMISSION"",""human_rationale"":""단계 활동과 관찰을 검토하여 다음 판단으로 진행한다. 미관찰은 부족/탈락과 동일하지 않다."",""observation_refs"":[""OB_REVIEW_ML_01_EV_APP0068_PRE_ASSESSMENT_CODING_TEST_M1_SKILL_03"",""OB_REVIEW_HM_01_EV_APP0068_PRE_ASSESSMENT_CODING_TEST_M1_SKILL_03""],""stage"":""PRE_ASSESSMENT""}"
APP0143_PRE_ASSESSMENT,APP0143,C0143,PRE_ASSESSMENT,2026-10-29T12:40:00+09:00,2026-10-30T12:40:00+09:00,2026-11-06T12:40:00+09:00,2026-11-06T14:35:00+09:00,2026-11-11T14:35:00+09:00,2026-11-12T14:35:00+09:00,,ADVANCED,PRE_TASK_COMPLETE,,SYNTHETIC_HUMAN_SCENARIO,"{""criterion"":""CODING_VERIFICATION_OMISSION"",""human_rationale"":""단계 활동과 관찰을 검토하여 다음 판단으로 진행한다. 미관찰은 부족/탈락과 동일하지 않다."",""observation_refs"":[""OB_REVIEW_ML_01_EV_APP0143_PRE_ASSESSMENT_CODING_TEST_M1_SKILL_03"",""OB_REVIEW_HM_01_EV_APP0143_PRE_ASSESSMENT_CODING_TEST_M1_SKILL_03""],""stage"":""PRE_ASSESSMENT""}"
APP0064_PRE_ASSESSMENT,APP0064,C0064,PRE_ASSESSMENT,2026-10-29T13:10:00+09:00,2026-10-30T13:10:00+09:00,2026-11-06T13:10:00+09:00,2026-11-06T15:05:00+09:00,2026-11-08T15:05:00+09:00,2026-11-12T15:05:00+09:00,,ADVANCED,PRE_TASK_COMPLETE,,SYNTHETIC_HUMAN_SCENARIO,"{""criterion"":""CODING_VERIFICATION_OMISSION"",""human_rationale"":""단계 활동과 관찰을 검토하여 다음 판단으로 진행한다. 미관찰은 부족/탈락과 동일하지 않다."",""observation_refs"":[""OB_REVIEW_ML_01_EV_APP0064_PRE_ASSESSMENT_CODING_TEST_M1_SKILL_03"",""OB_REVIEW_HM_01_EV_APP0064_PRE_ASSESSMENT_CODING_TEST_M1_SKILL_03""],""stage"":""PRE_ASSESSMENT""}"
APP0026_PRE_ASSESSMENT,APP0026,C0026,PRE_ASSESSMENT,2026-10-29T14:27:00+09:00,2026-10-30T14:27:00+09:00,2026-11-09T14:27:00+09:00,2026-11-09T15:52:00+09:00,2026-11-14T15:52:00+09:00,2026-11-15T15:52:00+09:00,,ADVANCED,PRE_TASK_COMPLETE,,SYNTHETIC_HUMAN_SCENARIO,"{""criterion"":""CODING_VERIFICATION_OMISSION"",""human_rationale"":""단계 활동과 관찰을 검토하여 다음 판단으로 진행한다. 미관찰은 부족/탈락과 동일하지 않다."",""observation_refs"":[""OB_REVIEW_ML_01_EV_APP0026_PRE_ASSESSMENT_CODING_TEST_M1_SKILL_03"",""OB_REVIEW_HM_01_EV_APP0026_PRE_ASSESSMENT_CODING_TEST_M1_SKILL_03""],""stage"":""PRE_ASSESSMENT""}"
APP0073_PRE_ASSESSMENT,APP0073,C0073,PRE_ASSESSMENT,2026-10-29T14:38:00+09:00,2026-10-30T14:38:00+09:00,2026-11-06T14:38:00+09:00,2026-11-06T16:28:00+09:00,2026-11-09T16:28:00+09:00,2026-11-09T16:28:00+09:00,,ADVANCED,PRE_TASK_COMPLETE,,SYNTHETIC_HUMAN_SCENARIO,"{""criterion"":""CODING_VERIFICATION_OMISSION"",""human_rationale"":""단계 활동과 관찰을 검토하여 다음 판단으로 진행한다. 미관찰은 부족/탈락과 동일하지 않다."",""observation_refs"":[""OB_REVIEW_ML_01_EV_APP0073_PRE_ASSESSMENT_CODING_TEST_M1_SKILL_03"",""OB_REVIEW_HM_01_EV_APP0073_PRE_ASSESSMENT_CODING_TEST_M1_SKILL_03""],""stage"":""PRE_ASSESSMENT""}"
APP0134_PRE_ASSESSMENT,APP0134,C0134,PRE_ASSESSMENT,2026-10-29T15:24:00+09:00,2026-10-30T15:24:00+09:00,2026-11-09T15:24:00+09:00,2026-11-09T16:54:00+09:00,2026-11-10T16:54:00+09:00,2026-11-10T16:54:00+09:00,,ADVANCED,PRE_TASK_COMPLETE,,SYNTHETIC_HUMAN_SCENARIO,"{""criterion"":""CODING_VERIFICATION_OMISSION"",""human_rationale"":""단계 활동과 관찰을 검토하여 다음 판단으로 진행한다. 미관찰은 부족/탈락과 동일하지 않다."",""observation_refs"":[""OB_REVIEW_ML_01_EV_APP0134_PRE_ASSESSMENT_CODING_TEST_M1_SKILL_03"",""OB_REVIEW_HM_01_EV_APP0134_PRE_ASSESSMENT_CODING_TEST_M1_SKILL_03""],""stage"":""PRE_ASSESSMENT""}"
APP0141_PRE_ASSESSMENT,APP0141,C0141,PRE_ASSESSMENT,2026-10-29T16:20:00+09:00,2026-10-30T16:20:00+09:00,2026-11-03T16:20:00+09:00,2026-11-03T17:55:00+09:00,2026-11-08T17:55:00+09:00,2026-11-10T17:55:00+09:00,,ADVANCED,PRE_TASK_COMPLETE,,SYNTHETIC_HUMAN_SCENARIO,"{""criterion"":""CODING_VERIFICATION_OMISSION"",""human_rationale"":""단계 활동과 관찰을 검토하여 다음 판단으로 진행한다. 미관찰은 부족/탈락과 동일하지 않다."",""observation_refs"":[""OB_REVIEW_ML_01_EV_APP0141_PRE_ASSESSMENT_CODING_TEST_M1_SKILL_03"",""OB_REVIEW_HM_01_EV_APP0141_PRE_ASSESSMENT_CODING_TEST_M1_SKILL_03""],""stage"":""PRE_ASSESSMENT""}"
APP0049_PRE_ASSESSMENT,APP0049,C0049,PRE_ASSESSMENT,2026-10-29T16:28:00+09:00,2026-10-30T16:28:00+09:00,2026-11-03T16:28:00+09:00,2026-11-03T17:58:00+09:00,2026-11-05T17:58:00+09:00,2026-11-07T17:58:00+09:00,,ADVANCED,PRE_TASK_COMPLETE,,SYNTHETIC_HUMAN_SCENARIO,"{""criterion"":""CODING_VERIFICATION_OMISSION"",""human_rationale"":""단계 활동과 관찰을 검토하여 다음 판단으로 진행한다. 미관찰은 부족/탈락과 동일하지 않다."",""observation_refs"":[""OB_REVIEW_ML_01_EV_APP0049_PRE_ASSESSMENT_CODING_TEST_M1_SKILL_03"",""OB_REVIEW_HM_01_EV_APP0049_PRE_ASSESSMENT_CODING_TEST_M1_SKILL_03""],""stage"":""PRE_ASSESSMENT""}"
APP0077_PRE_ASSESSMENT,APP0077,C0077,PRE_ASSESSMENT,2026-10-29T16:39:00+09:00,2026-10-30T16:39:00+09:00,2026-11-06T16:39:00+09:00,2026-11-06T18:24:00+09:00,2026-11-09T18:24:00+09:00,2026-11-11T18:24:00+09:00,,ADVANCED,PRE_TASK_COMPLETE,,SYNTHETIC_HUMAN_SCENARIO,"{""criterion"":""CODING_VERIFICATION_OMISSION"",""human_rationale"":""단계 활동과 관찰을 검토하여 다음 판단으로 진행한다. 미관찰은 부족/탈락과 동일하지 않다."",""observation_refs"":[""OB_REVIEW_ML_01_EV_APP0077_PRE_ASSESSMENT_CODING_TEST_M1_SKILL_03"",""OB_REVIEW_HM_01_EV_APP0077_PRE_ASSESSMENT_CODING_TEST_M1_SKILL_03""],""stage"":""PRE_ASSESSMENT""}"
APP0007_PRE_ASSESSMENT,APP0007,C0007,PRE_ASSESSMENT,2026-10-29T17:06:00+09:00,2026-10-30T17:06:00+09:00,2026-11-09T17:06:00+09:00,2026-11-09T18:51:00+09:00,2026-11-11T18:51:00+09:00,2026-11-15T18:51:00+09:00,,ADVANCED,PRE_TASK_COMPLETE,,SYNTHETIC_HUMAN_SCENARIO,"{""criterion"":""CODING_VERIFICATION_OMISSION"",""human_rationale"":""단계 활동과 관찰을 검토하여 다음 판단으로 진행한다. 미관찰은 부족/탈락과 동일하지 않다."",""observation_refs"":[""OB_REVIEW_ML_01_EV_APP0007_PRE_ASSESSMENT_CODING_TEST_M1_SKILL_03"",""OB_REVIEW_HM_01_EV_APP0007_PRE_ASSESSMENT_CODING_TEST_M1_SKILL_03""],""stage"":""PRE_ASSESSMENT""}"
APP0125_PRE_ASSESSMENT,APP0125,C0125,PRE_ASSESSMENT,2026-10-29T17:25:00+09:00,2026-10-30T17:25:00+09:00,2026-11-06T17:25:00+09:00,,,,,IN_PROGRESS,,,,"{""motive"":""UNKNOWN"",""operational_state"":""NO_RESPONSE_PENDING""}"
APP0128_PRE_ASSESSMENT,APP0128,C0128,PRE_ASSESSMENT,2026-10-30T09:57:00+09:00,2026-10-31T09:57:00+09:00,2026-11-04T09:57:00+09:00,2026-11-04T11:32:00+09:00,2026-11-09T11:32:00+09:00,2026-11-10T11:32:00+09:00,,ADVANCED,PRE_TASK_COMPLETE,,SYNTHETIC_HUMAN_SCENARIO,"{""criterion"":""CODING_VERIFICATION_OMISSION"",""human_rationale"":""단계 활동과 관찰을 검토하여 다음 판단으로 진행한다. 미관찰은 부족/탈락과 동일하지 않다."",""observation_refs"":[""OB_REVIEW_ML_01_EV_APP0128_PRE_ASSESSMENT_CODING_TEST_M1_SKILL_03"",""OB_REVIEW_HM_01_EV_APP0128_PRE_ASSESSMENT_CODING_TEST_M1_SKILL_03""],""stage"":""PRE_ASSESSMENT""}"
APP0043_PRE_ASSESSMENT,APP0043,C0043,PRE_ASSESSMENT,2026-10-30T12:08:00+09:00,2026-10-31T12:08:00+09:00,2026-11-07T12:08:00+09:00,2026-11-07T13:43:00+09:00,2026-11-09T13:43:00+09:00,2026-11-10T13:43:00+09:00,,FAILED,DIRECT_TASK_LIMITATION,,SYNTHETIC_HUMAN_SCENARIO,"{""criterion"":""CODING_VERIFICATION_OMISSION"",""human_rationale"":""해당 단계 직접 근거의 명시적 비진행 기준을 검토했다."",""observation_refs"":[""OB_REVIEW_ML_01_EV_APP0043_PRE_ASSESSMENT_CODING_TEST_M1_SKILL_03"",""OB_REVIEW_HM_01_EV_APP0043_PRE_ASSESSMENT_CODING_TEST_M1_SKILL_03""],""stage"":""PRE_ASSESSMENT""}"
APP0121_PRE_ASSESSMENT,APP0121,C0121,PRE_ASSESSMENT,2026-10-30T12:38:00+09:00,2026-10-31T12:38:00+09:00,2026-11-10T12:38:00+09:00,2026-11-10T14:18:00+09:00,2026-11-15T14:18:00+09:00,2026-11-15T14:18:00+09:00,,ADVANCED,PRE_TASK_COMPLETE,,SYNTHETIC_HUMAN_SCENARIO,"{""criterion"":""CODING_VERIFICATION_OMISSION"",""human_rationale"":""단계 활동과 관찰을 검토하여 다음 판단으로 진행한다. 미관찰은 부족/탈락과 동일하지 않다."",""observation_refs"":[""OB_REVIEW_ML_01_EV_APP0121_PRE_ASSESSMENT_CODING_TEST_M1_SKILL_03"",""OB_REVIEW_HM_01_EV_APP0121_PRE_ASSESSMENT_CODING_TEST_M1_SKILL_03""],""stage"":""PRE_ASSESSMENT""}"
APP0111_PRE_ASSESSMENT,APP0111,C0111,PRE_ASSESSMENT,2026-10-30T12:49:00+09:00,2026-10-31T12:49:00+09:00,2026-11-07T12:49:00+09:00,,,,2026-11-02T12:49:00+09:00,WITHDRAWN,,UNKNOWN,,
APP0033_PRE_ASSESSMENT,APP0033,C0033,PRE_ASSESSMENT,2026-10-30T13:27:00+09:00,2026-10-31T13:27:00+09:00,2026-11-04T13:27:00+09:00,2026-11-04T15:17:00+09:00,2026-11-05T15:17:00+09:00,2026-11-07T15:17:00+09:00,,FAILED,DIRECT_TASK_LIMITATION,,SYNTHETIC_HUMAN_SCENARIO,"{""criterion"":""CODING_VERIFICATION_OMISSION"",""human_rationale"":""해당 단계 직접 근거의 명시적 비진행 기준을 검토했다."",""observation_refs"":[""OB_REVIEW_ML_01_EV_APP0033_PRE_ASSESSMENT_CODING_TEST_M1_SKILL_03"",""OB_REVIEW_HM_01_EV_APP0033_PRE_ASSESSMENT_CODING_TEST_M1_SKILL_03""],""stage"":""PRE_ASSESSMENT""}"
APP0080_PRE_ASSESSMENT,APP0080,C0080,PRE_ASSESSMENT,2026-10-30T13:48:00+09:00,2026-10-31T13:48:00+09:00,2026-11-07T13:48:00+09:00,2026-11-07T15:18:00+09:00,2026-11-08T15:18:00+09:00,2026-11-12T15:18:00+09:00,,ADVANCED,PRE_TASK_COMPLETE,,SYNTHETIC_HUMAN_SCENARIO,"{""criterion"":""CODING_VERIFICATION_OMISSION"",""human_rationale"":""단계 활동과 관찰을 검토하여 다음 판단으로 진행한다. 미관찰은 부족/탈락과 동일하지 않다."",""observation_refs"":[""OB_REVIEW_ML_01_EV_APP0080_PRE_ASSESSMENT_CODING_TEST_M1_SKILL_03"",""OB_REVIEW_HM_01_EV_APP0080_PRE_ASSESSMENT_CODING_TEST_M1_SKILL_03""],""stage"":""PRE_ASSESSMENT""}"
APP0078_PRE_ASSESSMENT,APP0078,C0078,PRE_ASSESSMENT,2026-10-30T13:52:00+09:00,2026-10-31T13:52:00+09:00,2026-11-07T13:52:00+09:00,2026-11-07T15:47:00+09:00,2026-11-10T15:47:00+09:00,2026-11-11T15:47:00+09:00,,ADVANCED,PRE_TASK_COMPLETE,,SYNTHETIC_HUMAN_SCENARIO,"{""criterion"":""CODING_VERIFICATION_OMISSION"",""human_rationale"":""단계 활동과 관찰을 검토하여 다음 판단으로 진행한다. 미관찰은 부족/탈락과 동일하지 않다."",""observation_refs"":[""OB_REVIEW_ML_01_EV_APP0078_PRE_ASSESSMENT_CODING_TEST_M1_SKILL_03"",""OB_REVIEW_HM_01_EV_APP0078_PRE_ASSESSMENT_CODING_TEST_M1_SKILL_03""],""stage"":""PRE_ASSESSMENT""}"
APP0093_PRE_ASSESSMENT,APP0093,C0093,PRE_ASSESSMENT,2026-10-30T15:10:00+09:00,2026-10-31T15:10:00+09:00,2026-11-07T15:10:00+09:00,2026-11-07T16:55:00+09:00,2026-11-08T16:55:00+09:00,2026-11-12T16:55:00+09:00,,ADVANCED,PRE_TASK_COMPLETE,,SYNTHETIC_HUMAN_SCENARIO,"{""criterion"":""CODING_VERIFICATION_OMISSION"",""human_rationale"":""단계 활동과 관찰을 검토하여 다음 판단으로 진행한다. 미관찰은 부족/탈락과 동일하지 않다."",""observation_refs"":[""OB_REVIEW_ML_01_EV_APP0093_PRE_ASSESSMENT_CODING_TEST_M1_SKILL_03"",""OB_REVIEW_HM_01_EV_APP0093_PRE_ASSESSMENT_CODING_TEST_M1_SKILL_03""],""stage"":""PRE_ASSESSMENT""}"
APP0042_PRE_ASSESSMENT,APP0042,C0042,PRE_ASSESSMENT,2026-10-30T15:33:00+09:00,2026-10-31T15:33:00+09:00,2026-11-07T15:33:00+09:00,2026-11-07T16:58:00+09:00,2026-11-09T16:58:00+09:00,2026-11-09T16:58:00+09:00,,ADVANCED,PRE_TASK_COMPLETE,,SYNTHETIC_HUMAN_SCENARIO,"{""criterion"":""CODING_VERIFICATION_OMISSION"",""human_rationale"":""단계 활동과 관찰을 검토하여 다음 판단으로 진행한다. 미관찰은 부족/탈락과 동일하지 않다."",""observation_refs"":[""OB_REVIEW_ML_01_EV_APP0042_PRE_ASSESSMENT_CODING_TEST_M1_SKILL_03"",""OB_REVIEW_HM_01_EV_APP0042_PRE_ASSESSMENT_CODING_TEST_M1_SKILL_03""],""stage"":""PRE_ASSESSMENT""}"
APP0147_PRE_ASSESSMENT,APP0147,C0147,PRE_ASSESSMENT,2026-10-30T16:40:00+09:00,2026-10-31T16:40:00+09:00,2026-11-07T16:40:00+09:00,,,,,IN_PROGRESS,,,,"{""motive"":""UNKNOWN"",""operational_state"":""NO_RESPONSE_PENDING""}"
APP0031_PRE_ASSESSMENT,APP0031,C0031,PRE_ASSESSMENT,2026-10-30T16:51:00+09:00,2026-10-31T16:51:00+09:00,2026-11-07T16:51:00+09:00,2026-11-07T18:16:00+09:00,2026-11-08T18:16:00+09:00,2026-11-08T18:16:00+09:00,,ADVANCED,PRE_TASK_COMPLETE,,SYNTHETIC_HUMAN_SCENARIO,"{""criterion"":""CODING_VERIFICATION_OMISSION"",""human_rationale"":""단계 활동과 관찰을 검토하여 다음 판단으로 진행한다. 미관찰은 부족/탈락과 동일하지 않다."",""observation_refs"":[""OB_REVIEW_ML_01_EV_APP0031_PRE_ASSESSMENT_CODING_TEST_M1_SKILL_03"",""OB_REVIEW_HM_01_EV_APP0031_PRE_ASSESSMENT_CODING_TEST_M1_SKILL_03""],""stage"":""PRE_ASSESSMENT""}"
APP0166_PRE_ASSESSMENT,APP0166,C0166,PRE_ASSESSMENT,2026-10-30T17:05:00+09:00,2026-10-31T17:05:00+09:00,2026-11-10T17:05:00+09:00,2026-11-10T18:40:00+09:00,2026-11-12T18:40:00+09:00,2026-11-14T18:40:00+09:00,,ADVANCED,PRE_TASK_COMPLETE,,SYNTHETIC_HUMAN_SCENARIO,"{""criterion"":""CODING_VERIFICATION_OMISSION"",""human_rationale"":""단계 활동과 관찰을 검토하여 다음 판단으로 진행한다. 미관찰은 부족/탈락과 동일하지 않다."",""observation_refs"":[""OB_REVIEW_ML_01_EV_APP0166_PRE_ASSESSMENT_CODING_TEST_M1_SKILL_03"",""OB_REVIEW_HM_01_EV_APP0166_PRE_ASSESSMENT_CODING_TEST_M1_SKILL_03""],""stage"":""PRE_ASSESSMENT""}"
APP0170_PRE_ASSESSMENT,APP0170,C0170,PRE_ASSESSMENT,2026-10-30T18:36:00+09:00,2026-10-31T18:36:00+09:00,2026-11-04T18:36:00+09:00,2026-11-04T20:21:00+09:00,2026-11-05T20:21:00+09:00,2026-11-07T20:21:00+09:00,,ADVANCED,PRE_TASK_COMPLETE,,SYNTHETIC_HUMAN_SCENARIO,"{""criterion"":""CODING_VERIFICATION_OMISSION"",""human_rationale"":""단계 활동과 관찰을 검토하여 다음 판단으로 진행한다. 미관찰은 부족/탈락과 동일하지 않다."",""observation_refs"":[""OB_REVIEW_ML_01_EV_APP0170_PRE_ASSESSMENT_CODING_TEST_M1_SKILL_03"",""OB_REVIEW_HM_01_EV_APP0170_PRE_ASSESSMENT_CODING_TEST_M1_SKILL_03""],""stage"":""PRE_ASSESSMENT""}"
APP0159_PRE_ASSESSMENT,APP0159,C0159,PRE_ASSESSMENT,2026-10-31T09:58:00+09:00,2026-11-01T09:58:00+09:00,2026-11-11T09:58:00+09:00,2026-11-11T11:23:00+09:00,2026-11-16T11:23:00+09:00,2026-11-20T11:23:00+09:00,,ADVANCED,PRE_TASK_COMPLETE,,SYNTHETIC_HUMAN_SCENARIO,"{""criterion"":""CODING_VERIFICATION_OMISSION"",""human_rationale"":""단계 활동과 관찰을 검토하여 다음 판단으로 진행한다. 미관찰은 부족/탈락과 동일하지 않다."",""observation_refs"":[""OB_REVIEW_ML_01_EV_APP0159_PRE_ASSESSMENT_CODING_TEST_M1_SKILL_03"",""OB_REVIEW_HM_01_EV_APP0159_PRE_ASSESSMENT_CODING_TEST_M1_SKILL_03""],""stage"":""PRE_ASSESSMENT""}"
APP0090_PRE_ASSESSMENT,APP0090,C0090,PRE_ASSESSMENT,2026-10-31T10:13:00+09:00,2026-11-01T10:13:00+09:00,2026-11-11T10:13:00+09:00,2026-11-11T11:53:00+09:00,2026-11-16T11:53:00+09:00,2026-11-18T11:53:00+09:00,,ADVANCED,PRE_TASK_COMPLETE,,SYNTHETIC_HUMAN_SCENARIO,"{""criterion"":""CODING_VERIFICATION_OMISSION"",""human_rationale"":""단계 활동과 관찰을 검토하여 다음 판단으로 진행한다. 미관찰은 부족/탈락과 동일하지 않다."",""observation_refs"":[""OB_REVIEW_ML_01_EV_APP0090_PRE_ASSESSMENT_CODING_TEST_M1_SKILL_03"",""OB_REVIEW_HM_01_EV_APP0090_PRE_ASSESSMENT_CODING_TEST_M1_SKILL_03""],""stage"":""PRE_ASSESSMENT""}"
APP0079_PRE_ASSESSMENT,APP0079,C0079,PRE_ASSESSMENT,2026-10-31T10:22:00+09:00,2026-11-01T10:22:00+09:00,2026-11-08T10:22:00+09:00,2026-11-08T12:12:00+09:00,2026-11-11T12:12:00+09:00,2026-11-12T12:12:00+09:00,,ADVANCED,PRE_TASK_COMPLETE,,SYNTHETIC_HUMAN_SCENARIO,"{""criterion"":""CODING_VERIFICATION_OMISSION"",""human_rationale"":""단계 활동과 관찰을 검토하여 다음 판단으로 진행한다. 미관찰은 부족/탈락과 동일하지 않다."",""observation_refs"":[""OB_REVIEW_ML_01_EV_APP0079_PRE_ASSESSMENT_CODING_TEST_M1_SKILL_03"",""OB_REVIEW_HM_01_EV_APP0079_PRE_ASSESSMENT_CODING_TEST_M1_SKILL_03""],""stage"":""PRE_ASSESSMENT""}"
APP0056_PRE_ASSESSMENT,APP0056,C0056,PRE_ASSESSMENT,2026-10-31T10:47:00+09:00,2026-11-01T10:47:00+09:00,2026-11-11T10:47:00+09:00,2026-11-11T12:42:00+09:00,2026-11-16T12:42:00+09:00,2026-11-18T12:42:00+09:00,,ADVANCED,PRE_TASK_COMPLETE,,SYNTHETIC_HUMAN_SCENARIO,"{""criterion"":""CODING_VERIFICATION_OMISSION"",""human_rationale"":""단계 활동과 관찰을 검토하여 다음 판단으로 진행한다. 미관찰은 부족/탈락과 동일하지 않다."",""observation_refs"":[""OB_REVIEW_ML_01_EV_APP0056_PRE_ASSESSMENT_CODING_TEST_M1_SKILL_03"",""OB_REVIEW_HM_01_EV_APP0056_PRE_ASSESSMENT_CODING_TEST_M1_SKILL_03""],""stage"":""PRE_ASSESSMENT""}"
APP0113_PRE_ASSESSMENT,APP0113,C0113,PRE_ASSESSMENT,2026-10-31T11:07:00+09:00,2026-11-01T11:07:00+09:00,2026-11-11T11:07:00+09:00,2026-11-11T12:42:00+09:00,2026-11-12T12:42:00+09:00,2026-11-12T12:42:00+09:00,,ADVANCED,PRE_TASK_COMPLETE,,SYNTHETIC_HUMAN_SCENARIO,"{""criterion"":""CODING_VERIFICATION_OMISSION"",""human_rationale"":""단계 활동과 관찰을 검토하여 다음 판단으로 진행한다. 미관찰은 부족/탈락과 동일하지 않다."",""observation_refs"":[""OB_REVIEW_ML_01_EV_APP0113_PRE_ASSESSMENT_CODING_TEST_M1_SKILL_03"",""OB_REVIEW_HM_01_EV_APP0113_PRE_ASSESSMENT_CODING_TEST_M1_SKILL_03""],""stage"":""PRE_ASSESSMENT""}"
APP0167_PRE_ASSESSMENT,APP0167,C0167,PRE_ASSESSMENT,2026-10-31T14:39:00+09:00,2026-11-01T14:39:00+09:00,2026-11-05T14:39:00+09:00,2026-11-05T16:29:00+09:00,2026-11-08T16:29:00+09:00,2026-11-12T16:29:00+09:00,,ADVANCED,PRE_TASK_COMPLETE,,SYNTHETIC_HUMAN_SCENARIO,"{""criterion"":""CODING_VERIFICATION_OMISSION"",""human_rationale"":""단계 활동과 관찰을 검토하여 다음 판단으로 진행한다. 미관찰은 부족/탈락과 동일하지 않다."",""observation_refs"":[""OB_REVIEW_ML_01_EV_APP0167_PRE_ASSESSMENT_CODING_TEST_M1_SKILL_03"",""OB_REVIEW_HM_01_EV_APP0167_PRE_ASSESSMENT_CODING_TEST_M1_SKILL_03""],""stage"":""PRE_ASSESSMENT""}"
APP0005_PRE_ASSESSMENT,APP0005,C0005,PRE_ASSESSMENT,2026-10-31T14:42:00+09:00,2026-11-01T14:42:00+09:00,2026-11-08T14:42:00+09:00,2026-11-08T16:32:00+09:00,2026-11-13T16:32:00+09:00,2026-11-14T16:32:00+09:00,,ADVANCED,PRE_TASK_COMPLETE,,SYNTHETIC_HUMAN_SCENARIO,"{""criterion"":""CODING_VERIFICATION_OMISSION"",""human_rationale"":""단계 활동과 관찰을 검토하여 다음 판단으로 진행한다. 미관찰은 부족/탈락과 동일하지 않다."",""observation_refs"":[""OB_REVIEW_ML_01_EV_APP0005_PRE_ASSESSMENT_CODING_TEST_M1_SKILL_03"",""OB_REVIEW_HM_01_EV_APP0005_PRE_ASSESSMENT_CODING_TEST_M1_SKILL_03""],""stage"":""PRE_ASSESSMENT""}"
APP0119_PRE_ASSESSMENT,APP0119,C0119,PRE_ASSESSMENT,2026-10-31T14:42:00+09:00,2026-11-01T14:42:00+09:00,2026-11-11T14:42:00+09:00,2026-11-11T16:17:00+09:00,2026-11-13T16:17:00+09:00,2026-11-14T16:17:00+09:00,,ADVANCED,PRE_TASK_COMPLETE,,SYNTHETIC_HUMAN_SCENARIO,"{""criterion"":""CODING_VERIFICATION_OMISSION"",""human_rationale"":""단계 활동과 관찰을 검토하여 다음 판단으로 진행한다. 미관찰은 부족/탈락과 동일하지 않다."",""observation_refs"":[""OB_REVIEW_ML_01_EV_APP0119_PRE_ASSESSMENT_CODING_TEST_M1_SKILL_03"",""OB_REVIEW_HM_01_EV_APP0119_PRE_ASSESSMENT_CODING_TEST_M1_SKILL_03""],""stage"":""PRE_ASSESSMENT""}"
APP0209_PRE_ASSESSMENT,APP0209,C0209,PRE_ASSESSMENT,2026-10-31T15:02:00+09:00,2026-11-01T15:02:00+09:00,2026-11-11T15:02:00+09:00,2026-11-11T16:32:00+09:00,2026-11-14T16:32:00+09:00,2026-11-14T16:32:00+09:00,,ADVANCED,PRE_TASK_COMPLETE,,SYNTHETIC_HUMAN_SCENARIO,"{""criterion"":""CODING_VERIFICATION_OMISSION"",""human_rationale"":""단계 활동과 관찰을 검토하여 다음 판단으로 진행한다. 미관찰은 부족/탈락과 동일하지 않다."",""observation_refs"":[""OB_REVIEW_ML_01_EV_APP0209_PRE_ASSESSMENT_CODING_TEST_M1_SKILL_03"",""OB_REVIEW_HM_01_EV_APP0209_PRE_ASSESSMENT_CODING_TEST_M1_SKILL_03""],""stage"":""PRE_ASSESSMENT""}"
APP0039_PRE_ASSESSMENT,APP0039,C0039,PRE_ASSESSMENT,2026-10-31T15:54:00+09:00,2026-11-01T15:54:00+09:00,2026-11-05T15:54:00+09:00,2026-11-05T17:29:00+09:00,2026-11-08T17:29:00+09:00,2026-11-09T17:29:00+09:00,,ADVANCED,PRE_TASK_COMPLETE,,SYNTHETIC_HUMAN_SCENARIO,"{""criterion"":""CODING_VERIFICATION_OMISSION"",""human_rationale"":""단계 활동과 관찰을 검토하여 다음 판단으로 진행한다. 미관찰은 부족/탈락과 동일하지 않다."",""observation_refs"":[""OB_REVIEW_ML_01_EV_APP0039_PRE_ASSESSMENT_CODING_TEST_M1_SKILL_03"",""OB_REVIEW_HM_01_EV_APP0039_PRE_ASSESSMENT_CODING_TEST_M1_SKILL_03""],""stage"":""PRE_ASSESSMENT""}"
APP0139_PRE_ASSESSMENT,APP0139,C0139,PRE_ASSESSMENT,2026-10-31T16:24:00+09:00,2026-11-01T16:24:00+09:00,2026-11-05T16:24:00+09:00,2026-11-05T17:49:00+09:00,2026-11-08T17:49:00+09:00,2026-11-08T17:49:00+09:00,,ADVANCED,PRE_TASK_COMPLETE,,SYNTHETIC_HUMAN_SCENARIO,"{""criterion"":""CODING_VERIFICATION_OMISSION"",""human_rationale"":""단계 활동과 관찰을 검토하여 다음 판단으로 진행한다. 미관찰은 부족/탈락과 동일하지 않다."",""observation_refs"":[""OB_REVIEW_ML_01_EV_APP0139_PRE_ASSESSMENT_CODING_TEST_M1_SKILL_03"",""OB_REVIEW_HM_01_EV_APP0139_PRE_ASSESSMENT_CODING_TEST_M1_SKILL_03""],""stage"":""PRE_ASSESSMENT""}"
APP0038_PRE_ASSESSMENT,APP0038,C0038,PRE_ASSESSMENT,2026-10-31T16:40:00+09:00,2026-11-01T16:40:00+09:00,2026-11-08T16:40:00+09:00,,,,2026-11-03T16:40:00+09:00,WITHDRAWN,,UNKNOWN,,
APP0066_PRE_ASSESSMENT,APP0066,C0066,PRE_ASSESSMENT,2026-10-31T18:56:00+09:00,2026-11-01T18:56:00+09:00,2026-11-08T18:56:00+09:00,2026-11-08T20:36:00+09:00,2026-11-11T20:36:00+09:00,2026-11-13T20:36:00+09:00,,ADVANCED,PRE_TASK_COMPLETE,,SYNTHETIC_HUMAN_SCENARIO,"{""criterion"":""CODING_VERIFICATION_OMISSION"",""human_rationale"":""단계 활동과 관찰을 검토하여 다음 판단으로 진행한다. 미관찰은 부족/탈락과 동일하지 않다."",""observation_refs"":[""OB_REVIEW_ML_01_EV_APP0066_PRE_ASSESSMENT_CODING_TEST_M1_SKILL_03"",""OB_REVIEW_HM_01_EV_APP0066_PRE_ASSESSMENT_CODING_TEST_M1_SKILL_03""],""stage"":""PRE_ASSESSMENT""}"
APP0175_PRE_ASSESSMENT,APP0175,C0175,PRE_ASSESSMENT,2026-11-01T09:50:00+09:00,2026-11-02T09:50:00+09:00,2026-11-12T09:50:00+09:00,2026-11-12T11:30:00+09:00,2026-11-13T11:30:00+09:00,2026-11-14T11:30:00+09:00,,ADVANCED,PRE_TASK_COMPLETE,,SYNTHETIC_HUMAN_SCENARIO,"{""criterion"":""CODING_VERIFICATION_OMISSION"",""human_rationale"":""단계 활동과 관찰을 검토하여 다음 판단으로 진행한다. 미관찰은 부족/탈락과 동일하지 않다."",""observation_refs"":[""OB_REVIEW_ML_01_EV_APP0175_PRE_ASSESSMENT_CODING_TEST_M1_SKILL_03"",""OB_REVIEW_HM_01_EV_APP0175_PRE_ASSESSMENT_CODING_TEST_M1_SKILL_03""],""stage"":""PRE_ASSESSMENT""}"
APP0182_PRE_ASSESSMENT,APP0182,C0182,PRE_ASSESSMENT,2026-11-01T10:31:00+09:00,2026-11-02T10:31:00+09:00,2026-11-12T10:31:00+09:00,2026-11-12T12:16:00+09:00,2026-11-13T12:16:00+09:00,2026-11-15T12:16:00+09:00,,ADVANCED,PRE_TASK_COMPLETE,,SYNTHETIC_HUMAN_SCENARIO,"{""criterion"":""CODING_VERIFICATION_OMISSION"",""human_rationale"":""단계 활동과 관찰을 검토하여 다음 판단으로 진행한다. 미관찰은 부족/탈락과 동일하지 않다."",""observation_refs"":[""OB_REVIEW_ML_01_EV_APP0182_PRE_ASSESSMENT_CODING_TEST_M1_SKILL_03"",""OB_REVIEW_HM_01_EV_APP0182_PRE_ASSESSMENT_CODING_TEST_M1_SKILL_03""],""stage"":""PRE_ASSESSMENT""}"
APP0220_PRE_ASSESSMENT,APP0220,C0220,PRE_ASSESSMENT,2026-11-01T11:35:00+09:00,2026-11-02T11:35:00+09:00,2026-11-09T11:35:00+09:00,2026-11-09T13:10:00+09:00,2026-11-11T13:10:00+09:00,2026-11-11T13:10:00+09:00,,ADVANCED,PRE_TASK_COMPLETE,,SYNTHETIC_HUMAN_SCENARIO,"{""criterion"":""CODING_VERIFICATION_OMISSION"",""human_rationale"":""단계 활동과 관찰을 검토하여 다음 판단으로 진행한다. 미관찰은 부족/탈락과 동일하지 않다."",""observation_refs"":[""OB_REVIEW_ML_01_EV_APP0220_PRE_ASSESSMENT_CODING_TEST_M1_SKILL_03"",""OB_REVIEW_HM_01_EV_APP0220_PRE_ASSESSMENT_CODING_TEST_M1_SKILL_03""],""stage"":""PRE_ASSESSMENT""}"
APP0097_PRE_ASSESSMENT,APP0097,C0097,PRE_ASSESSMENT,2026-11-01T11:59:00+09:00,2026-11-02T11:59:00+09:00,2026-11-09T11:59:00+09:00,2026-11-09T13:34:00+09:00,2026-11-14T13:34:00+09:00,2026-11-15T13:34:00+09:00,,ADVANCED,PRE_TASK_COMPLETE,,SYNTHETIC_HUMAN_SCENARIO,"{""criterion"":""CODING_VERIFICATION_OMISSION"",""human_rationale"":""단계 활동과 관찰을 검토하여 다음 판단으로 진행한다. 미관찰은 부족/탈락과 동일하지 않다."",""observation_refs"":[""OB_REVIEW_ML_01_EV_APP0097_PRE_ASSESSMENT_CODING_TEST_M1_SKILL_03"",""OB_REVIEW_HM_01_EV_APP0097_PRE_ASSESSMENT_CODING_TEST_M1_SKILL_03""],""stage"":""PRE_ASSESSMENT""}"
APP0173_PRE_ASSESSMENT,APP0173,C0173,PRE_ASSESSMENT,2026-11-01T12:05:00+09:00,2026-11-02T12:05:00+09:00,2026-11-12T12:05:00+09:00,2026-11-12T13:30:00+09:00,2026-11-13T13:30:00+09:00,2026-11-14T13:30:00+09:00,,ADVANCED,PRE_TASK_COMPLETE,,SYNTHETIC_HUMAN_SCENARIO,"{""criterion"":""CODING_VERIFICATION_OMISSION"",""human_rationale"":""단계 활동과 관찰을 검토하여 다음 판단으로 진행한다. 미관찰은 부족/탈락과 동일하지 않다."",""observation_refs"":[""OB_REVIEW_ML_01_EV_APP0173_PRE_ASSESSMENT_CODING_TEST_M1_SKILL_03"",""OB_REVIEW_HM_01_EV_APP0173_PRE_ASSESSMENT_CODING_TEST_M1_SKILL_03""],""stage"":""PRE_ASSESSMENT""}"
APP0219_PRE_ASSESSMENT,APP0219,C0219,PRE_ASSESSMENT,2026-11-01T12:20:00+09:00,2026-11-02T12:20:00+09:00,2026-11-06T12:20:00+09:00,2026-11-06T14:00:00+09:00,2026-11-11T14:00:00+09:00,2026-11-12T14:00:00+09:00,,ADVANCED,PRE_TASK_COMPLETE,,SYNTHETIC_HUMAN_SCENARIO,"{""criterion"":""CODING_VERIFICATION_OMISSION"",""human_rationale"":""단계 활동과 관찰을 검토하여 다음 판단으로 진행한다. 미관찰은 부족/탈락과 동일하지 않다."",""observation_refs"":[""OB_REVIEW_ML_01_EV_APP0219_PRE_ASSESSMENT_CODING_TEST_M1_SKILL_03"",""OB_REVIEW_HM_01_EV_APP0219_PRE_ASSESSMENT_CODING_TEST_M1_SKILL_03""],""stage"":""PRE_ASSESSMENT""}"
APP0155_PRE_ASSESSMENT,APP0155,C0155,PRE_ASSESSMENT,2026-11-01T13:00:00+09:00,2026-11-02T13:00:00+09:00,2026-11-09T13:00:00+09:00,2026-11-09T14:30:00+09:00,2026-11-10T14:30:00+09:00,2026-11-12T14:30:00+09:00,,ADVANCED,PRE_TASK_COMPLETE,,SYNTHETIC_HUMAN_SCENARIO,"{""criterion"":""CODING_VERIFICATION_OMISSION"",""human_rationale"":""단계 활동과 관찰을 검토하여 다음 판단으로 진행한다. 미관찰은 부족/탈락과 동일하지 않다."",""observation_refs"":[""OB_REVIEW_ML_01_EV_APP0155_PRE_ASSESSMENT_CODING_TEST_M1_SKILL_03"",""OB_REVIEW_HM_01_EV_APP0155_PRE_ASSESSMENT_CODING_TEST_M1_SKILL_03""],""stage"":""PRE_ASSESSMENT""}"
APP0150_PRE_ASSESSMENT,APP0150,C0150,PRE_ASSESSMENT,2026-11-01T13:13:00+09:00,2026-11-02T13:13:00+09:00,2026-11-06T13:13:00+09:00,2026-11-06T14:43:00+09:00,2026-11-08T14:43:00+09:00,2026-11-09T14:43:00+09:00,,ADVANCED,PRE_TASK_COMPLETE,,SYNTHETIC_HUMAN_SCENARIO,"{""criterion"":""CODING_VERIFICATION_OMISSION"",""human_rationale"":""단계 활동과 관찰을 검토하여 다음 판단으로 진행한다. 미관찰은 부족/탈락과 동일하지 않다."",""observation_refs"":[""OB_REVIEW_ML_01_EV_APP0150_PRE_ASSESSMENT_CODING_TEST_M1_SKILL_03"",""OB_REVIEW_HM_01_EV_APP0150_PRE_ASSESSMENT_CODING_TEST_M1_SKILL_03""],""stage"":""PRE_ASSESSMENT""}"
APP0099_PRE_ASSESSMENT,APP0099,C0099,PRE_ASSESSMENT,2026-11-01T14:29:00+09:00,2026-11-02T14:29:00+09:00,2026-11-06T14:29:00+09:00,,,,,IN_PROGRESS,,,,"{""motive"":""UNKNOWN"",""operational_state"":""NO_RESPONSE_PENDING""}"
APP0151_PRE_ASSESSMENT,APP0151,C0151,PRE_ASSESSMENT,2026-11-01T14:54:00+09:00,2026-11-02T14:54:00+09:00,2026-11-09T14:54:00+09:00,2026-11-09T16:24:00+09:00,2026-11-10T16:24:00+09:00,2026-11-11T16:24:00+09:00,,ADVANCED,PRE_TASK_COMPLETE,,SYNTHETIC_HUMAN_SCENARIO,"{""criterion"":""CODING_VERIFICATION_OMISSION"",""human_rationale"":""단계 활동과 관찰을 검토하여 다음 판단으로 진행한다. 미관찰은 부족/탈락과 동일하지 않다."",""observation_refs"":[""OB_REVIEW_ML_01_EV_APP0151_PRE_ASSESSMENT_CODING_TEST_M1_SKILL_03"",""OB_REVIEW_HM_01_EV_APP0151_PRE_ASSESSMENT_CODING_TEST_M1_SKILL_03""],""stage"":""PRE_ASSESSMENT""}"
APP0004_PRE_ASSESSMENT,APP0004,C0004,PRE_ASSESSMENT,2026-11-01T16:00:00+09:00,2026-11-02T16:00:00+09:00,2026-11-06T16:00:00+09:00,2026-11-06T17:35:00+09:00,2026-11-07T17:35:00+09:00,2026-11-11T17:35:00+09:00,,ADVANCED,PRE_TASK_COMPLETE,,SYNTHETIC_HUMAN_SCENARIO,"{""criterion"":""CODING_VERIFICATION_OMISSION"",""human_rationale"":""단계 활동과 관찰을 검토하여 다음 판단으로 진행한다. 미관찰은 부족/탈락과 동일하지 않다."",""observation_refs"":[""OB_REVIEW_ML_01_EV_APP0004_PRE_ASSESSMENT_CODING_TEST_M1_SKILL_03"",""OB_REVIEW_HM_01_EV_APP0004_PRE_ASSESSMENT_CODING_TEST_M1_SKILL_03""],""stage"":""PRE_ASSESSMENT""}"
APP0109_PRE_ASSESSMENT,APP0109,C0109,PRE_ASSESSMENT,2026-11-01T16:50:00+09:00,2026-11-02T16:50:00+09:00,2026-11-12T16:50:00+09:00,2026-11-12T18:15:00+09:00,2026-11-13T18:15:00+09:00,2026-11-17T18:15:00+09:00,,ADVANCED,PRE_TASK_COMPLETE,,SYNTHETIC_HUMAN_SCENARIO,"{""criterion"":""CODING_VERIFICATION_OMISSION"",""human_rationale"":""단계 활동과 관찰을 검토하여 다음 판단으로 진행한다. 미관찰은 부족/탈락과 동일하지 않다."",""observation_refs"":[""OB_REVIEW_ML_01_EV_APP0109_PRE_ASSESSMENT_CODING_TEST_M1_SKILL_03"",""OB_REVIEW_HM_01_EV_APP0109_PRE_ASSESSMENT_CODING_TEST_M1_SKILL_03""],""stage"":""PRE_ASSESSMENT""}"
APP0136_PRE_ASSESSMENT,APP0136,C0136,PRE_ASSESSMENT,2026-11-01T17:06:00+09:00,2026-11-02T17:06:00+09:00,2026-11-09T17:06:00+09:00,2026-11-09T18:36:00+09:00,2026-11-10T18:36:00+09:00,2026-11-10T18:36:00+09:00,,ADVANCED,PRE_TASK_COMPLETE,,SYNTHETIC_HUMAN_SCENARIO,"{""criterion"":""CODING_VERIFICATION_OMISSION"",""human_rationale"":""단계 활동과 관찰을 검토하여 다음 판단으로 진행한다. 미관찰은 부족/탈락과 동일하지 않다."",""observation_refs"":[""OB_REVIEW_ML_01_EV_APP0136_PRE_ASSESSMENT_CODING_TEST_M1_SKILL_03"",""OB_REVIEW_HM_01_EV_APP0136_PRE_ASSESSMENT_CODING_TEST_M1_SKILL_03""],""stage"":""PRE_ASSESSMENT""}"
APP0199_PRE_ASSESSMENT,APP0199,C0199,PRE_ASSESSMENT,2026-11-01T17:45:00+09:00,2026-11-02T17:45:00+09:00,2026-11-09T17:45:00+09:00,2026-11-09T19:10:00+09:00,2026-11-11T19:10:00+09:00,2026-11-13T19:10:00+09:00,,ADVANCED,PRE_TASK_COMPLETE,,SYNTHETIC_HUMAN_SCENARIO,"{""criterion"":""CODING_VERIFICATION_OMISSION"",""human_rationale"":""단계 활동과 관찰을 검토하여 다음 판단으로 진행한다. 미관찰은 부족/탈락과 동일하지 않다."",""observation_refs"":[""OB_REVIEW_ML_01_EV_APP0199_PRE_ASSESSMENT_CODING_TEST_M1_SKILL_03"",""OB_REVIEW_HM_01_EV_APP0199_PRE_ASSESSMENT_CODING_TEST_M1_SKILL_03""],""stage"":""PRE_ASSESSMENT""}"
APP0191_PRE_ASSESSMENT,APP0191,C0191,PRE_ASSESSMENT,2026-11-02T09:35:00+09:00,2026-11-03T09:35:00+09:00,2026-11-10T09:35:00+09:00,,,,2026-11-05T09:35:00+09:00,WITHDRAWN,,UNKNOWN,,
APP0067_PRE_ASSESSMENT,APP0067,C0067,PRE_ASSESSMENT,2026-11-02T09:43:00+09:00,2026-11-03T09:43:00+09:00,2026-11-10T09:43:00+09:00,,,,2026-11-05T09:43:00+09:00,WITHDRAWN,,UNKNOWN,,
APP0131_PRE_ASSESSMENT,APP0131,C0131,PRE_ASSESSMENT,2026-11-02T10:42:00+09:00,2026-11-03T10:42:00+09:00,2026-11-07T10:42:00+09:00,2026-11-07T12:17:00+09:00,2026-11-12T12:17:00+09:00,2026-11-14T12:17:00+09:00,,ADVANCED,PRE_TASK_COMPLETE,,SYNTHETIC_HUMAN_SCENARIO,"{""criterion"":""CODING_VERIFICATION_OMISSION"",""human_rationale"":""단계 활동과 관찰을 검토하여 다음 판단으로 진행한다. 미관찰은 부족/탈락과 동일하지 않다."",""observation_refs"":[""OB_REVIEW_ML_01_EV_APP0131_PRE_ASSESSMENT_CODING_TEST_M1_SKILL_03"",""OB_REVIEW_HM_01_EV_APP0131_PRE_ASSESSMENT_CODING_TEST_M1_SKILL_03""],""stage"":""PRE_ASSESSMENT""}"
APP0216_PRE_ASSESSMENT,APP0216,C0216,PRE_ASSESSMENT,2026-11-02T10:51:00+09:00,2026-11-03T10:51:00+09:00,2026-11-10T10:51:00+09:00,2026-11-10T12:26:00+09:00,2026-11-13T12:26:00+09:00,2026-11-15T12:26:00+09:00,,ADVANCED,PRE_TASK_COMPLETE,,SYNTHETIC_HUMAN_SCENARIO,"{""criterion"":""CODING_VERIFICATION_OMISSION"",""human_rationale"":""단계 활동과 관찰을 검토하여 다음 판단으로 진행한다. 미관찰은 부족/탈락과 동일하지 않다."",""observation_refs"":[""OB_REVIEW_ML_01_EV_APP0216_PRE_ASSESSMENT_CODING_TEST_M1_SKILL_03"",""OB_REVIEW_HM_01_EV_APP0216_PRE_ASSESSMENT_CODING_TEST_M1_SKILL_03""],""stage"":""PRE_ASSESSMENT""}"
APP0044_PRE_ASSESSMENT,APP0044,C0044,PRE_ASSESSMENT,2026-11-02T11:19:00+09:00,2026-11-03T11:19:00+09:00,2026-11-07T11:19:00+09:00,2026-11-07T12:54:00+09:00,2026-11-12T12:54:00+09:00,2026-11-16T12:54:00+09:00,,ADVANCED,PRE_TASK_COMPLETE,,SYNTHETIC_HUMAN_SCENARIO,"{""criterion"":""CODING_VERIFICATION_OMISSION"",""human_rationale"":""단계 활동과 관찰을 검토하여 다음 판단으로 진행한다. 미관찰은 부족/탈락과 동일하지 않다."",""observation_refs"":[""OB_REVIEW_ML_01_EV_APP0044_PRE_ASSESSMENT_CODING_TEST_M1_SKILL_03"",""OB_REVIEW_HM_01_EV_APP0044_PRE_ASSESSMENT_CODING_TEST_M1_SKILL_03""],""stage"":""PRE_ASSESSMENT""}"
APP0186_PRE_ASSESSMENT,APP0186,C0186,PRE_ASSESSMENT,2026-11-02T11:25:00+09:00,2026-11-03T11:25:00+09:00,2026-11-07T11:25:00+09:00,2026-11-07T13:10:00+09:00,2026-11-08T13:10:00+09:00,2026-11-12T13:10:00+09:00,,ADVANCED,PRE_TASK_COMPLETE,,SYNTHETIC_HUMAN_SCENARIO,"{""criterion"":""CODING_VERIFICATION_OMISSION"",""human_rationale"":""단계 활동과 관찰을 검토하여 다음 판단으로 진행한다. 미관찰은 부족/탈락과 동일하지 않다."",""observation_refs"":[""OB_REVIEW_ML_01_EV_APP0186_PRE_ASSESSMENT_CODING_TEST_M1_SKILL_03"",""OB_REVIEW_HM_01_EV_APP0186_PRE_ASSESSMENT_CODING_TEST_M1_SKILL_03""],""stage"":""PRE_ASSESSMENT""}"
APP0105_PRE_ASSESSMENT,APP0105,C0105,PRE_ASSESSMENT,2026-11-02T11:59:00+09:00,2026-11-03T11:59:00+09:00,2026-11-13T11:59:00+09:00,2026-11-13T13:24:00+09:00,2026-11-16T13:24:00+09:00,2026-11-18T13:24:00+09:00,,ADVANCED,PRE_TASK_COMPLETE,,SYNTHETIC_HUMAN_SCENARIO,"{""criterion"":""CODING_VERIFICATION_OMISSION"",""human_rationale"":""단계 활동과 관찰을 검토하여 다음 판단으로 진행한다. 미관찰은 부족/탈락과 동일하지 않다."",""observation_refs"":[""OB_REVIEW_ML_01_EV_APP0105_PRE_ASSESSMENT_CODING_TEST_M1_SKILL_03"",""OB_REVIEW_HM_01_EV_APP0105_PRE_ASSESSMENT_CODING_TEST_M1_SKILL_03""],""stage"":""PRE_ASSESSMENT""}"
APP0162_PRE_ASSESSMENT,APP0162,C0162,PRE_ASSESSMENT,2026-11-02T12:24:00+09:00,2026-11-03T12:24:00+09:00,2026-11-07T12:24:00+09:00,2026-11-07T14:09:00+09:00,2026-11-10T14:09:00+09:00,2026-11-11T14:09:00+09:00,,ADVANCED,PRE_TASK_COMPLETE,,SYNTHETIC_HUMAN_SCENARIO,"{""criterion"":""CODING_VERIFICATION_OMISSION"",""human_rationale"":""단계 활동과 관찰을 검토하여 다음 판단으로 진행한다. 미관찰은 부족/탈락과 동일하지 않다."",""observation_refs"":[""OB_REVIEW_ML_01_EV_APP0162_PRE_ASSESSMENT_CODING_TEST_M1_SKILL_03"",""OB_REVIEW_HM_01_EV_APP0162_PRE_ASSESSMENT_CODING_TEST_M1_SKILL_03""],""stage"":""PRE_ASSESSMENT""}"
APP0129_PRE_ASSESSMENT,APP0129,C0129,PRE_ASSESSMENT,2026-11-02T13:13:00+09:00,2026-11-03T13:13:00+09:00,2026-11-13T13:13:00+09:00,2026-11-13T15:08:00+09:00,2026-11-16T15:08:00+09:00,2026-11-16T15:08:00+09:00,,ADVANCED,PRE_TASK_COMPLETE,,SYNTHETIC_HUMAN_SCENARIO,"{""criterion"":""CODING_VERIFICATION_OMISSION"",""human_rationale"":""단계 활동과 관찰을 검토하여 다음 판단으로 진행한다. 미관찰은 부족/탈락과 동일하지 않다."",""observation_refs"":[""OB_REVIEW_ML_01_EV_APP0129_PRE_ASSESSMENT_CODING_TEST_M1_SKILL_03"",""OB_REVIEW_HM_01_EV_APP0129_PRE_ASSESSMENT_CODING_TEST_M1_SKILL_03""],""stage"":""PRE_ASSESSMENT""}"
APP0142_PRE_ASSESSMENT,APP0142,C0142,PRE_ASSESSMENT,2026-11-02T13:54:00+09:00,2026-11-03T13:54:00+09:00,2026-11-07T13:54:00+09:00,2026-11-07T15:44:00+09:00,2026-11-10T15:44:00+09:00,2026-11-12T15:44:00+09:00,,ADVANCED,PRE_TASK_COMPLETE,,SYNTHETIC_HUMAN_SCENARIO,"{""criterion"":""CODING_VERIFICATION_OMISSION"",""human_rationale"":""단계 활동과 관찰을 검토하여 다음 판단으로 진행한다. 미관찰은 부족/탈락과 동일하지 않다."",""observation_refs"":[""OB_REVIEW_ML_01_EV_APP0142_PRE_ASSESSMENT_CODING_TEST_M1_SKILL_03"",""OB_REVIEW_HM_01_EV_APP0142_PRE_ASSESSMENT_CODING_TEST_M1_SKILL_03""],""stage"":""PRE_ASSESSMENT""}"
APP0103_PRE_ASSESSMENT,APP0103,C0103,PRE_ASSESSMENT,2026-11-02T14:02:00+09:00,2026-11-03T14:02:00+09:00,2026-11-13T14:02:00+09:00,2026-11-13T15:52:00+09:00,2026-11-15T15:52:00+09:00,2026-11-19T15:52:00+09:00,,ADVANCED,PRE_TASK_COMPLETE,,SYNTHETIC_HUMAN_SCENARIO,"{""criterion"":""CODING_VERIFICATION_OMISSION"",""human_rationale"":""단계 활동과 관찰을 검토하여 다음 판단으로 진행한다. 미관찰은 부족/탈락과 동일하지 않다."",""observation_refs"":[""OB_REVIEW_ML_01_EV_APP0103_PRE_ASSESSMENT_CODING_TEST_M1_SKILL_03"",""OB_REVIEW_HM_01_EV_APP0103_PRE_ASSESSMENT_CODING_TEST_M1_SKILL_03""],""stage"":""PRE_ASSESSMENT""}"
APP0003_PRE_ASSESSMENT,APP0003,C0003,PRE_ASSESSMENT,2026-11-02T14:14:00+09:00,2026-11-03T14:14:00+09:00,2026-11-10T14:14:00+09:00,2026-11-10T15:49:00+09:00,2026-11-11T15:49:00+09:00,2026-11-13T15:49:00+09:00,,ADVANCED,PRE_TASK_COMPLETE,,SYNTHETIC_HUMAN_SCENARIO,"{""criterion"":""CODING_VERIFICATION_OMISSION"",""human_rationale"":""단계 활동과 관찰을 검토하여 다음 판단으로 진행한다. 미관찰은 부족/탈락과 동일하지 않다."",""observation_refs"":[""OB_REVIEW_ML_01_EV_APP0003_PRE_ASSESSMENT_CODING_TEST_M1_SKILL_03"",""OB_REVIEW_HM_01_EV_APP0003_PRE_ASSESSMENT_CODING_TEST_M1_SKILL_03""],""stage"":""PRE_ASSESSMENT""}"
APP0116_PRE_ASSESSMENT,APP0116,C0116,PRE_ASSESSMENT,2026-11-02T15:00:00+09:00,2026-11-03T15:00:00+09:00,2026-11-07T15:00:00+09:00,2026-11-07T16:35:00+09:00,2026-11-08T16:35:00+09:00,2026-11-12T16:35:00+09:00,,ADVANCED,PRE_TASK_COMPLETE,,SYNTHETIC_HUMAN_SCENARIO,"{""criterion"":""CODING_VERIFICATION_OMISSION"",""human_rationale"":""단계 활동과 관찰을 검토하여 다음 판단으로 진행한다. 미관찰은 부족/탈락과 동일하지 않다."",""observation_refs"":[""OB_REVIEW_ML_01_EV_APP0116_PRE_ASSESSMENT_CODING_TEST_M1_SKILL_03"",""OB_REVIEW_HM_01_EV_APP0116_PRE_ASSESSMENT_CODING_TEST_M1_SKILL_03""],""stage"":""PRE_ASSESSMENT""}"
APP0124_PRE_ASSESSMENT,APP0124,C0124,PRE_ASSESSMENT,2026-11-02T15:39:00+09:00,2026-11-03T15:39:00+09:00,2026-11-07T15:39:00+09:00,2026-11-07T17:24:00+09:00,2026-11-08T17:24:00+09:00,2026-11-10T17:24:00+09:00,,ADVANCED,PRE_TASK_COMPLETE,,SYNTHETIC_HUMAN_SCENARIO,"{""criterion"":""CODING_VERIFICATION_OMISSION"",""human_rationale"":""단계 활동과 관찰을 검토하여 다음 판단으로 진행한다. 미관찰은 부족/탈락과 동일하지 않다."",""observation_refs"":[""OB_REVIEW_ML_01_EV_APP0124_PRE_ASSESSMENT_CODING_TEST_M1_SKILL_03"",""OB_REVIEW_HM_01_EV_APP0124_PRE_ASSESSMENT_CODING_TEST_M1_SKILL_03""],""stage"":""PRE_ASSESSMENT""}"
APP0227_PRE_ASSESSMENT,APP0227,C0227,PRE_ASSESSMENT,2026-11-02T16:06:00+09:00,2026-11-03T16:06:00+09:00,2026-11-13T16:06:00+09:00,2026-11-13T18:01:00+09:00,2026-11-16T18:01:00+09:00,2026-11-20T18:01:00+09:00,,FAILED,DIRECT_TASK_LIMITATION,,SYNTHETIC_HUMAN_SCENARIO,"{""criterion"":""CODING_VERIFICATION_OMISSION"",""human_rationale"":""해당 단계 직접 근거의 명시적 비진행 기준을 검토했다."",""observation_refs"":[""OB_REVIEW_ML_01_EV_APP0227_PRE_ASSESSMENT_CODING_TEST_M1_SKILL_03"",""OB_REVIEW_HM_01_EV_APP0227_PRE_ASSESSMENT_CODING_TEST_M1_SKILL_03""],""stage"":""PRE_ASSESSMENT""}"
APP0091_PRE_ASSESSMENT,APP0091,C0091,PRE_ASSESSMENT,2026-11-02T16:17:00+09:00,2026-11-03T16:17:00+09:00,2026-11-07T16:17:00+09:00,,,,,IN_PROGRESS,,,,"{""motive"":""UNKNOWN"",""operational_state"":""NO_RESPONSE_PENDING""}"
APP0176_PRE_ASSESSMENT,APP0176,C0176,PRE_ASSESSMENT,2026-11-02T16:21:00+09:00,2026-11-03T16:21:00+09:00,2026-11-10T16:21:00+09:00,2026-11-10T17:56:00+09:00,2026-11-13T17:56:00+09:00,2026-11-15T17:56:00+09:00,,ADVANCED,PRE_TASK_COMPLETE,,SYNTHETIC_HUMAN_SCENARIO,"{""criterion"":""CODING_VERIFICATION_OMISSION"",""human_rationale"":""단계 활동과 관찰을 검토하여 다음 판단으로 진행한다. 미관찰은 부족/탈락과 동일하지 않다."",""observation_refs"":[""OB_REVIEW_ML_01_EV_APP0176_PRE_ASSESSMENT_CODING_TEST_M1_SKILL_03"",""OB_REVIEW_HM_01_EV_APP0176_PRE_ASSESSMENT_CODING_TEST_M1_SKILL_03""],""stage"":""PRE_ASSESSMENT""}"
APP0037_PRE_ASSESSMENT,APP0037,C0037,PRE_ASSESSMENT,2026-11-02T17:00:00+09:00,2026-11-03T17:00:00+09:00,2026-11-07T17:00:00+09:00,2026-11-07T18:55:00+09:00,2026-11-12T18:55:00+09:00,2026-11-16T18:55:00+09:00,,ADVANCED,PRE_TASK_COMPLETE,,SYNTHETIC_HUMAN_SCENARIO,"{""criterion"":""CODING_VERIFICATION_OMISSION"",""human_rationale"":""단계 활동과 관찰을 검토하여 다음 판단으로 진행한다. 미관찰은 부족/탈락과 동일하지 않다."",""observation_refs"":[""OB_REVIEW_ML_01_EV_APP0037_PRE_ASSESSMENT_CODING_TEST_M1_SKILL_03"",""OB_REVIEW_HM_01_EV_APP0037_PRE_ASSESSMENT_CODING_TEST_M1_SKILL_03""],""stage"":""PRE_ASSESSMENT""}"
APP0052_PRE_ASSESSMENT,APP0052,C0052,PRE_ASSESSMENT,2026-11-02T17:56:00+09:00,2026-11-03T17:56:00+09:00,2026-11-10T17:56:00+09:00,2026-11-10T19:31:00+09:00,2026-11-15T19:31:00+09:00,2026-11-16T19:31:00+09:00,,ADVANCED,PRE_TASK_COMPLETE,,SYNTHETIC_HUMAN_SCENARIO,"{""criterion"":""CODING_VERIFICATION_OMISSION"",""human_rationale"":""단계 활동과 관찰을 검토하여 다음 판단으로 진행한다. 미관찰은 부족/탈락과 동일하지 않다."",""observation_refs"":[""OB_REVIEW_ML_01_EV_APP0052_PRE_ASSESSMENT_CODING_TEST_M1_SKILL_03"",""OB_REVIEW_HM_01_EV_APP0052_PRE_ASSESSMENT_CODING_TEST_M1_SKILL_03""],""stage"":""PRE_ASSESSMENT""}"
APP0246_PRE_ASSESSMENT,APP0246,C0246,PRE_ASSESSMENT,2026-11-03T09:41:00+09:00,2026-11-04T09:41:00+09:00,2026-11-08T09:41:00+09:00,2026-11-08T11:06:00+09:00,2026-11-11T11:06:00+09:00,2026-11-15T11:06:00+09:00,,ADVANCED,PRE_TASK_COMPLETE,,SYNTHETIC_HUMAN_SCENARIO,"{""criterion"":""CODING_VERIFICATION_OMISSION"",""human_rationale"":""단계 활동과 관찰을 검토하여 다음 판단으로 진행한다. 미관찰은 부족/탈락과 동일하지 않다."",""observation_refs"":[""OB_REVIEW_ML_01_EV_APP0246_PRE_ASSESSMENT_CODING_TEST_M1_SKILL_03"",""OB_REVIEW_HM_01_EV_APP0246_PRE_ASSESSMENT_CODING_TEST_M1_SKILL_03""],""stage"":""PRE_ASSESSMENT""}"
APP0251_PRE_ASSESSMENT,APP0251,C0251,PRE_ASSESSMENT,2026-11-03T11:28:00+09:00,2026-11-04T11:28:00+09:00,2026-11-14T11:28:00+09:00,2026-11-14T13:23:00+09:00,2026-11-15T13:23:00+09:00,2026-11-19T13:23:00+09:00,,ADVANCED,PRE_TASK_COMPLETE,,SYNTHETIC_HUMAN_SCENARIO,"{""criterion"":""CODING_VERIFICATION_OMISSION"",""human_rationale"":""단계 활동과 관찰을 검토하여 다음 판단으로 진행한다. 미관찰은 부족/탈락과 동일하지 않다."",""observation_refs"":[""OB_REVIEW_ML_01_EV_APP0251_PRE_ASSESSMENT_CODING_TEST_M1_SKILL_03"",""OB_REVIEW_HM_01_EV_APP0251_PRE_ASSESSMENT_CODING_TEST_M1_SKILL_03""],""stage"":""PRE_ASSESSMENT""}"
APP0107_PRE_ASSESSMENT,APP0107,C0107,PRE_ASSESSMENT,2026-11-03T11:50:00+09:00,2026-11-04T11:50:00+09:00,2026-11-11T11:50:00+09:00,2026-11-11T13:25:00+09:00,2026-11-12T13:25:00+09:00,2026-11-12T13:25:00+09:00,,ADVANCED,PRE_TASK_COMPLETE,,SYNTHETIC_HUMAN_SCENARIO,"{""criterion"":""CODING_VERIFICATION_OMISSION"",""human_rationale"":""단계 활동과 관찰을 검토하여 다음 판단으로 진행한다. 미관찰은 부족/탈락과 동일하지 않다."",""observation_refs"":[""OB_REVIEW_ML_01_EV_APP0107_PRE_ASSESSMENT_CODING_TEST_M1_SKILL_03"",""OB_REVIEW_HM_01_EV_APP0107_PRE_ASSESSMENT_CODING_TEST_M1_SKILL_03""],""stage"":""PRE_ASSESSMENT""}"
APP0205_PRE_ASSESSMENT,APP0205,C0205,PRE_ASSESSMENT,2026-11-03T12:39:00+09:00,2026-11-04T12:39:00+09:00,2026-11-08T12:39:00+09:00,2026-11-08T14:09:00+09:00,2026-11-10T14:09:00+09:00,2026-11-11T14:09:00+09:00,,ADVANCED,PRE_TASK_COMPLETE,,SYNTHETIC_HUMAN_SCENARIO,"{""criterion"":""CODING_VERIFICATION_OMISSION"",""human_rationale"":""단계 활동과 관찰을 검토하여 다음 판단으로 진행한다. 미관찰은 부족/탈락과 동일하지 않다."",""observation_refs"":[""OB_REVIEW_ML_01_EV_APP0205_PRE_ASSESSMENT_CODING_TEST_M1_SKILL_03"",""OB_REVIEW_HM_01_EV_APP0205_PRE_ASSESSMENT_CODING_TEST_M1_SKILL_03""],""stage"":""PRE_ASSESSMENT""}"
APP0230_PRE_ASSESSMENT,APP0230,C0230,PRE_ASSESSMENT,2026-11-03T13:40:00+09:00,2026-11-04T13:40:00+09:00,2026-11-11T13:40:00+09:00,2026-11-11T15:10:00+09:00,2026-11-12T15:10:00+09:00,2026-11-14T15:10:00+09:00,,ADVANCED,PRE_TASK_COMPLETE,,SYNTHETIC_HUMAN_SCENARIO,"{""criterion"":""CODING_VERIFICATION_OMISSION"",""human_rationale"":""단계 활동과 관찰을 검토하여 다음 판단으로 진행한다. 미관찰은 부족/탈락과 동일하지 않다."",""observation_refs"":[""OB_REVIEW_ML_01_EV_APP0230_PRE_ASSESSMENT_CODING_TEST_M1_SKILL_03"",""OB_REVIEW_HM_01_EV_APP0230_PRE_ASSESSMENT_CODING_TEST_M1_SKILL_03""],""stage"":""PRE_ASSESSMENT""}"
APP0152_PRE_ASSESSMENT,APP0152,C0152,PRE_ASSESSMENT,2026-11-03T13:43:00+09:00,2026-11-04T13:43:00+09:00,2026-11-11T13:43:00+09:00,2026-11-11T15:28:00+09:00,2026-11-14T15:28:00+09:00,2026-11-14T15:28:00+09:00,,ADVANCED,PRE_TASK_COMPLETE,,SYNTHETIC_HUMAN_SCENARIO,"{""criterion"":""CODING_VERIFICATION_OMISSION"",""human_rationale"":""단계 활동과 관찰을 검토하여 다음 판단으로 진행한다. 미관찰은 부족/탈락과 동일하지 않다."",""observation_refs"":[""OB_REVIEW_ML_01_EV_APP0152_PRE_ASSESSMENT_CODING_TEST_M1_SKILL_03"",""OB_REVIEW_HM_01_EV_APP0152_PRE_ASSESSMENT_CODING_TEST_M1_SKILL_03""],""stage"":""PRE_ASSESSMENT""}"
APP0196_PRE_ASSESSMENT,APP0196,C0196,PRE_ASSESSMENT,2026-11-03T15:42:00+09:00,2026-11-04T15:42:00+09:00,2026-11-11T15:42:00+09:00,2026-11-11T17:22:00+09:00,2026-11-12T17:22:00+09:00,2026-11-14T17:22:00+09:00,,ADVANCED,PRE_TASK_COMPLETE,,SYNTHETIC_HUMAN_SCENARIO,"{""criterion"":""CODING_VERIFICATION_OMISSION"",""human_rationale"":""단계 활동과 관찰을 검토하여 다음 판단으로 진행한다. 미관찰은 부족/탈락과 동일하지 않다."",""observation_refs"":[""OB_REVIEW_ML_01_EV_APP0196_PRE_ASSESSMENT_CODING_TEST_M1_SKILL_03"",""OB_REVIEW_HM_01_EV_APP0196_PRE_ASSESSMENT_CODING_TEST_M1_SKILL_03""],""stage"":""PRE_ASSESSMENT""}"
APP0188_PRE_ASSESSMENT,APP0188,C0188,PRE_ASSESSMENT,2026-11-03T16:51:00+09:00,2026-11-04T16:51:00+09:00,2026-11-08T16:51:00+09:00,2026-11-08T18:26:00+09:00,2026-11-09T18:26:00+09:00,2026-11-13T18:26:00+09:00,,ADVANCED,PRE_TASK_COMPLETE,,SYNTHETIC_HUMAN_SCENARIO,"{""criterion"":""CODING_VERIFICATION_OMISSION"",""human_rationale"":""단계 활동과 관찰을 검토하여 다음 판단으로 진행한다. 미관찰은 부족/탈락과 동일하지 않다."",""observation_refs"":[""OB_REVIEW_ML_01_EV_APP0188_PRE_ASSESSMENT_CODING_TEST_M1_SKILL_03"",""OB_REVIEW_HM_01_EV_APP0188_PRE_ASSESSMENT_CODING_TEST_M1_SKILL_03""],""stage"":""PRE_ASSESSMENT""}"
APP0061_PRE_ASSESSMENT,APP0061,C0061,PRE_ASSESSMENT,2026-11-04T10:23:00+09:00,2026-11-05T10:23:00+09:00,2026-11-12T10:23:00+09:00,2026-11-12T11:58:00+09:00,2026-11-14T11:58:00+09:00,2026-11-18T11:58:00+09:00,,ADVANCED,PRE_TASK_COMPLETE,,SYNTHETIC_HUMAN_SCENARIO,"{""criterion"":""CODING_VERIFICATION_OMISSION"",""human_rationale"":""단계 활동과 관찰을 검토하여 다음 판단으로 진행한다. 미관찰은 부족/탈락과 동일하지 않다."",""observation_refs"":[""OB_REVIEW_ML_01_EV_APP0061_PRE_ASSESSMENT_CODING_TEST_M1_SKILL_03"",""OB_REVIEW_HM_01_EV_APP0061_PRE_ASSESSMENT_CODING_TEST_M1_SKILL_03""],""stage"":""PRE_ASSESSMENT""}"
APP0120_PRE_ASSESSMENT,APP0120,C0120,PRE_ASSESSMENT,2026-11-04T10:32:00+09:00,2026-11-05T10:32:00+09:00,2026-11-12T10:32:00+09:00,,,,,IN_PROGRESS,,,,"{""motive"":""UNKNOWN"",""operational_state"":""NO_RESPONSE_PENDING""}"
APP0241_PRE_ASSESSMENT,APP0241,C0241,PRE_ASSESSMENT,2026-11-04T12:32:00+09:00,2026-11-05T12:32:00+09:00,2026-11-15T12:32:00+09:00,2026-11-15T14:27:00+09:00,2026-11-16T14:27:00+09:00,2026-11-20T14:27:00+09:00,,ADVANCED,PRE_TASK_COMPLETE,,SYNTHETIC_HUMAN_SCENARIO,"{""criterion"":""CODING_VERIFICATION_OMISSION"",""human_rationale"":""단계 활동과 관찰을 검토하여 다음 판단으로 진행한다. 미관찰은 부족/탈락과 동일하지 않다."",""observation_refs"":[""OB_REVIEW_ML_01_EV_APP0241_PRE_ASSESSMENT_CODING_TEST_M1_SKILL_03"",""OB_REVIEW_HM_01_EV_APP0241_PRE_ASSESSMENT_CODING_TEST_M1_SKILL_03""],""stage"":""PRE_ASSESSMENT""}"
APP0193_PRE_ASSESSMENT,APP0193,C0193,PRE_ASSESSMENT,2026-11-04T13:44:00+09:00,2026-11-05T13:44:00+09:00,2026-11-09T13:44:00+09:00,2026-11-09T15:29:00+09:00,2026-11-14T15:29:00+09:00,2026-11-16T15:29:00+09:00,,ADVANCED,PRE_TASK_COMPLETE,,SYNTHETIC_HUMAN_SCENARIO,"{""criterion"":""CODING_VERIFICATION_OMISSION"",""human_rationale"":""단계 활동과 관찰을 검토하여 다음 판단으로 진행한다. 미관찰은 부족/탈락과 동일하지 않다."",""observation_refs"":[""OB_REVIEW_ML_01_EV_APP0193_PRE_ASSESSMENT_CODING_TEST_M1_SKILL_03"",""OB_REVIEW_HM_01_EV_APP0193_PRE_ASSESSMENT_CODING_TEST_M1_SKILL_03""],""stage"":""PRE_ASSESSMENT""}"
APP0217_PRE_ASSESSMENT,APP0217,C0217,PRE_ASSESSMENT,2026-11-04T14:42:00+09:00,2026-11-05T14:42:00+09:00,2026-11-09T14:42:00+09:00,2026-11-09T16:22:00+09:00,2026-11-10T16:22:00+09:00,2026-11-12T16:22:00+09:00,,ADVANCED,PRE_TASK_COMPLETE,,SYNTHETIC_HUMAN_SCENARIO,"{""criterion"":""CODING_VERIFICATION_OMISSION"",""human_rationale"":""단계 활동과 관찰을 검토하여 다음 판단으로 진행한다. 미관찰은 부족/탈락과 동일하지 않다."",""observation_refs"":[""OB_REVIEW_ML_01_EV_APP0217_PRE_ASSESSMENT_CODING_TEST_M1_SKILL_03"",""OB_REVIEW_HM_01_EV_APP0217_PRE_ASSESSMENT_CODING_TEST_M1_SKILL_03""],""stage"":""PRE_ASSESSMENT""}"
APP0130_PRE_ASSESSMENT,APP0130,C0130,PRE_ASSESSMENT,2026-11-04T15:01:00+09:00,2026-11-05T15:01:00+09:00,2026-11-12T15:01:00+09:00,2026-11-12T16:46:00+09:00,2026-11-17T16:46:00+09:00,2026-11-19T16:46:00+09:00,,ADVANCED,PRE_TASK_COMPLETE,,SYNTHETIC_HUMAN_SCENARIO,"{""criterion"":""CODING_VERIFICATION_OMISSION"",""human_rationale"":""단계 활동과 관찰을 검토하여 다음 판단으로 진행한다. 미관찰은 부족/탈락과 동일하지 않다."",""observation_refs"":[""OB_REVIEW_ML_01_EV_APP0130_PRE_ASSESSMENT_CODING_TEST_M1_SKILL_03"",""OB_REVIEW_HM_01_EV_APP0130_PRE_ASSESSMENT_CODING_TEST_M1_SKILL_03""],""stage"":""PRE_ASSESSMENT""}"
APP0222_PRE_ASSESSMENT,APP0222,C0222,PRE_ASSESSMENT,2026-11-04T15:20:00+09:00,2026-11-05T15:20:00+09:00,2026-11-15T15:20:00+09:00,2026-11-15T17:15:00+09:00,2026-11-16T17:15:00+09:00,2026-11-17T17:15:00+09:00,,ADVANCED,PRE_TASK_COMPLETE,,SYNTHETIC_HUMAN_SCENARIO,"{""criterion"":""CODING_VERIFICATION_OMISSION"",""human_rationale"":""단계 활동과 관찰을 검토하여 다음 판단으로 진행한다. 미관찰은 부족/탈락과 동일하지 않다."",""observation_refs"":[""OB_REVIEW_ML_01_EV_APP0222_PRE_ASSESSMENT_CODING_TEST_M1_SKILL_03"",""OB_REVIEW_HM_01_EV_APP0222_PRE_ASSESSMENT_CODING_TEST_M1_SKILL_03""],""stage"":""PRE_ASSESSMENT""}"
APP0127_PRE_ASSESSMENT,APP0127,C0127,PRE_ASSESSMENT,2026-11-04T15:22:00+09:00,2026-11-05T15:22:00+09:00,2026-11-12T15:22:00+09:00,,,,,IN_PROGRESS,,,,"{""motive"":""UNKNOWN"",""operational_state"":""NO_RESPONSE_PENDING""}"
APP0185_PRE_ASSESSMENT,APP0185,C0185,PRE_ASSESSMENT,2026-11-04T15:22:00+09:00,2026-11-05T15:22:00+09:00,2026-11-09T15:22:00+09:00,,,,,IN_PROGRESS,,,,"{""motive"":""UNKNOWN"",""operational_state"":""NO_RESPONSE_PENDING""}"
APP0231_PRE_ASSESSMENT,APP0231,C0231,PRE_ASSESSMENT,2026-11-04T15:49:00+09:00,2026-11-05T15:49:00+09:00,2026-11-12T15:49:00+09:00,2026-11-12T17:24:00+09:00,2026-11-14T17:24:00+09:00,2026-11-16T17:24:00+09:00,,ADVANCED,PRE_TASK_COMPLETE,,SYNTHETIC_HUMAN_SCENARIO,"{""criterion"":""CODING_VERIFICATION_OMISSION"",""human_rationale"":""단계 활동과 관찰을 검토하여 다음 판단으로 진행한다. 미관찰은 부족/탈락과 동일하지 않다."",""observation_refs"":[""OB_REVIEW_ML_01_EV_APP0231_PRE_ASSESSMENT_CODING_TEST_M1_SKILL_03"",""OB_REVIEW_HM_01_EV_APP0231_PRE_ASSESSMENT_CODING_TEST_M1_SKILL_03""],""stage"":""PRE_ASSESSMENT""}"
APP0253_PRE_ASSESSMENT,APP0253,C0253,PRE_ASSESSMENT,2026-11-04T16:01:00+09:00,2026-11-05T16:01:00+09:00,2026-11-15T16:01:00+09:00,2026-11-15T17:46:00+09:00,2026-11-20T17:46:00+09:00,2026-11-20T17:46:00+09:00,,ADVANCED,PRE_TASK_COMPLETE,,SYNTHETIC_HUMAN_SCENARIO,"{""criterion"":""CODING_VERIFICATION_OMISSION"",""human_rationale"":""단계 활동과 관찰을 검토하여 다음 판단으로 진행한다. 미관찰은 부족/탈락과 동일하지 않다."",""observation_refs"":[""OB_REVIEW_ML_01_EV_APP0253_PRE_ASSESSMENT_CODING_TEST_M1_SKILL_03"",""OB_REVIEW_HM_01_EV_APP0253_PRE_ASSESSMENT_CODING_TEST_M1_SKILL_03""],""stage"":""PRE_ASSESSMENT""}"
APP0228_PRE_ASSESSMENT,APP0228,C0228,PRE_ASSESSMENT,2026-11-04T16:09:00+09:00,2026-11-05T16:09:00+09:00,2026-11-09T16:09:00+09:00,2026-11-09T17:54:00+09:00,2026-11-10T17:54:00+09:00,2026-11-12T17:54:00+09:00,,ADVANCED,PRE_TASK_COMPLETE,,SYNTHETIC_HUMAN_SCENARIO,"{""criterion"":""CODING_VERIFICATION_OMISSION"",""human_rationale"":""단계 활동과 관찰을 검토하여 다음 판단으로 진행한다. 미관찰은 부족/탈락과 동일하지 않다."",""observation_refs"":[""OB_REVIEW_ML_01_EV_APP0228_PRE_ASSESSMENT_CODING_TEST_M1_SKILL_03"",""OB_REVIEW_HM_01_EV_APP0228_PRE_ASSESSMENT_CODING_TEST_M1_SKILL_03""],""stage"":""PRE_ASSESSMENT""}"
APP0213_PRE_ASSESSMENT,APP0213,C0213,PRE_ASSESSMENT,2026-11-04T16:35:00+09:00,2026-11-05T16:35:00+09:00,2026-11-09T16:35:00+09:00,2026-11-09T18:10:00+09:00,2026-11-14T18:10:00+09:00,2026-11-15T18:10:00+09:00,,FAILED,DIRECT_TASK_LIMITATION,,SYNTHETIC_HUMAN_SCENARIO,"{""criterion"":""CODING_VERIFICATION_OMISSION"",""human_rationale"":""해당 단계 직접 근거의 명시적 비진행 기준을 검토했다."",""observation_refs"":[""OB_REVIEW_ML_01_EV_APP0213_PRE_ASSESSMENT_CODING_TEST_M1_SKILL_03"",""OB_REVIEW_HM_01_EV_APP0213_PRE_ASSESSMENT_CODING_TEST_M1_SKILL_03""],""stage"":""PRE_ASSESSMENT""}"
APP0137_PRE_ASSESSMENT,APP0137,C0137,PRE_ASSESSMENT,2026-11-04T17:10:00+09:00,2026-11-05T17:10:00+09:00,2026-11-09T17:10:00+09:00,2026-11-09T18:50:00+09:00,2026-11-10T18:50:00+09:00,2026-11-10T18:50:00+09:00,,FAILED,DIRECT_TASK_LIMITATION,,SYNTHETIC_HUMAN_SCENARIO,"{""criterion"":""CODING_VERIFICATION_OMISSION"",""human_rationale"":""해당 단계 직접 근거의 명시적 비진행 기준을 검토했다."",""observation_refs"":[""OB_REVIEW_ML_01_EV_APP0137_PRE_ASSESSMENT_CODING_TEST_M1_SKILL_03"",""OB_REVIEW_HM_01_EV_APP0137_PRE_ASSESSMENT_CODING_TEST_M1_SKILL_03""],""stage"":""PRE_ASSESSMENT""}"
APP0110_PRE_ASSESSMENT,APP0110,C0110,PRE_ASSESSMENT,2026-11-05T09:19:00+09:00,2026-11-06T09:19:00+09:00,2026-11-10T09:19:00+09:00,2026-11-10T10:54:00+09:00,2026-11-13T10:54:00+09:00,2026-11-14T10:54:00+09:00,,ADVANCED,PRE_TASK_COMPLETE,,SYNTHETIC_HUMAN_SCENARIO,"{""criterion"":""CODING_VERIFICATION_OMISSION"",""human_rationale"":""단계 활동과 관찰을 검토하여 다음 판단으로 진행한다. 미관찰은 부족/탈락과 동일하지 않다."",""observation_refs"":[""OB_REVIEW_ML_01_EV_APP0110_PRE_ASSESSMENT_CODING_TEST_M1_SKILL_03"",""OB_REVIEW_HM_01_EV_APP0110_PRE_ASSESSMENT_CODING_TEST_M1_SKILL_03""],""stage"":""PRE_ASSESSMENT""}"
APP0117_PRE_ASSESSMENT,APP0117,C0117,PRE_ASSESSMENT,2026-11-05T10:01:00+09:00,2026-11-06T10:01:00+09:00,2026-11-16T10:01:00+09:00,,,,,IN_PROGRESS,,,,"{""motive"":""UNKNOWN"",""operational_state"":""NO_RESPONSE_PENDING""}"
APP0146_PRE_ASSESSMENT,APP0146,C0146,PRE_ASSESSMENT,2026-11-05T10:26:00+09:00,2026-11-06T10:26:00+09:00,2026-11-13T10:26:00+09:00,2026-11-13T11:51:00+09:00,2026-11-18T11:51:00+09:00,2026-11-18T11:51:00+09:00,,ADVANCED,PRE_TASK_COMPLETE,,SYNTHETIC_HUMAN_SCENARIO,"{""criterion"":""CODING_VERIFICATION_OMISSION"",""human_rationale"":""단계 활동과 관찰을 검토하여 다음 판단으로 진행한다. 미관찰은 부족/탈락과 동일하지 않다."",""observation_refs"":[""OB_REVIEW_ML_01_EV_APP0146_PRE_ASSESSMENT_CODING_TEST_M1_SKILL_03"",""OB_REVIEW_HM_01_EV_APP0146_PRE_ASSESSMENT_CODING_TEST_M1_SKILL_03""],""stage"":""PRE_ASSESSMENT""}"
APP0223_PRE_ASSESSMENT,APP0223,C0223,PRE_ASSESSMENT,2026-11-05T10:46:00+09:00,2026-11-06T10:46:00+09:00,2026-11-10T10:46:00+09:00,2026-11-10T12:26:00+09:00,2026-11-15T12:26:00+09:00,2026-11-15T12:26:00+09:00,,ADVANCED,PRE_TASK_COMPLETE,,SYNTHETIC_HUMAN_SCENARIO,"{""criterion"":""CODING_VERIFICATION_OMISSION"",""human_rationale"":""단계 활동과 관찰을 검토하여 다음 판단으로 진행한다. 미관찰은 부족/탈락과 동일하지 않다."",""observation_refs"":[""OB_REVIEW_ML_01_EV_APP0223_PRE_ASSESSMENT_CODING_TEST_M1_SKILL_03"",""OB_REVIEW_HM_01_EV_APP0223_PRE_ASSESSMENT_CODING_TEST_M1_SKILL_03""],""stage"":""PRE_ASSESSMENT""}"
APP0242_PRE_ASSESSMENT,APP0242,C0242,PRE_ASSESSMENT,2026-11-05T11:36:00+09:00,2026-11-06T11:36:00+09:00,2026-11-10T11:36:00+09:00,2026-11-10T13:06:00+09:00,2026-11-11T13:06:00+09:00,2026-11-15T13:06:00+09:00,,ADVANCED,PRE_TASK_COMPLETE,,SYNTHETIC_HUMAN_SCENARIO,"{""criterion"":""CODING_VERIFICATION_OMISSION"",""human_rationale"":""단계 활동과 관찰을 검토하여 다음 판단으로 진행한다. 미관찰은 부족/탈락과 동일하지 않다."",""observation_refs"":[""OB_REVIEW_ML_01_EV_APP0242_PRE_ASSESSMENT_CODING_TEST_M1_SKILL_03"",""OB_REVIEW_HM_01_EV_APP0242_PRE_ASSESSMENT_CODING_TEST_M1_SKILL_03""],""stage"":""PRE_ASSESSMENT""}"
APP0248_PRE_ASSESSMENT,APP0248,C0248,PRE_ASSESSMENT,2026-11-05T12:32:00+09:00,2026-11-06T12:32:00+09:00,2026-11-10T12:32:00+09:00,2026-11-10T14:27:00+09:00,2026-11-12T14:27:00+09:00,2026-11-13T14:27:00+09:00,,FAILED,DIRECT_TASK_LIMITATION,,SYNTHETIC_HUMAN_SCENARIO,"{""criterion"":""CODING_VERIFICATION_OMISSION"",""human_rationale"":""해당 단계 직접 근거의 명시적 비진행 기준을 검토했다."",""observation_refs"":[""OB_REVIEW_ML_01_EV_APP0248_PRE_ASSESSMENT_CODING_TEST_M1_SKILL_03"",""OB_REVIEW_HM_01_EV_APP0248_PRE_ASSESSMENT_CODING_TEST_M1_SKILL_03""],""stage"":""PRE_ASSESSMENT""}"
APP0263_PRE_ASSESSMENT,APP0263,C0263,PRE_ASSESSMENT,2026-11-05T13:11:00+09:00,2026-11-06T13:11:00+09:00,2026-11-10T13:11:00+09:00,2026-11-10T14:46:00+09:00,2026-11-12T14:46:00+09:00,2026-11-16T14:46:00+09:00,,ADVANCED,PRE_TASK_COMPLETE,,SYNTHETIC_HUMAN_SCENARIO,"{""criterion"":""CODING_VERIFICATION_OMISSION"",""human_rationale"":""단계 활동과 관찰을 검토하여 다음 판단으로 진행한다. 미관찰은 부족/탈락과 동일하지 않다."",""observation_refs"":[""OB_REVIEW_ML_01_EV_APP0263_PRE_ASSESSMENT_CODING_TEST_M1_SKILL_03"",""OB_REVIEW_HM_01_EV_APP0263_PRE_ASSESSMENT_CODING_TEST_M1_SKILL_03""],""stage"":""PRE_ASSESSMENT""}"
APP0135_PRE_ASSESSMENT,APP0135,C0135,PRE_ASSESSMENT,2026-11-05T13:41:00+09:00,2026-11-06T13:41:00+09:00,2026-11-16T13:41:00+09:00,2026-11-16T15:31:00+09:00,2026-11-21T15:31:00+09:00,2026-11-25T15:31:00+09:00,,ADVANCED,PRE_TASK_COMPLETE,,SYNTHETIC_HUMAN_SCENARIO,"{""criterion"":""CODING_VERIFICATION_OMISSION"",""human_rationale"":""단계 활동과 관찰을 검토하여 다음 판단으로 진행한다. 미관찰은 부족/탈락과 동일하지 않다."",""observation_refs"":[""OB_REVIEW_ML_01_EV_APP0135_PRE_ASSESSMENT_CODING_TEST_M1_SKILL_03"",""OB_REVIEW_HM_01_EV_APP0135_PRE_ASSESSMENT_CODING_TEST_M1_SKILL_03""],""stage"":""PRE_ASSESSMENT""}"
APP0181_PRE_ASSESSMENT,APP0181,C0181,PRE_ASSESSMENT,2026-11-05T13:55:00+09:00,2026-11-06T13:55:00+09:00,2026-11-13T13:55:00+09:00,2026-11-13T15:40:00+09:00,2026-11-16T15:40:00+09:00,2026-11-17T15:40:00+09:00,,ADVANCED,PRE_TASK_COMPLETE,,SYNTHETIC_HUMAN_SCENARIO,"{""criterion"":""CODING_VERIFICATION_OMISSION"",""human_rationale"":""단계 활동과 관찰을 검토하여 다음 판단으로 진행한다. 미관찰은 부족/탈락과 동일하지 않다."",""observation_refs"":[""OB_REVIEW_ML_01_EV_APP0181_PRE_ASSESSMENT_CODING_TEST_M1_SKILL_03"",""OB_REVIEW_HM_01_EV_APP0181_PRE_ASSESSMENT_CODING_TEST_M1_SKILL_03""],""stage"":""PRE_ASSESSMENT""}"
APP0172_PRE_ASSESSMENT,APP0172,C0172,PRE_ASSESSMENT,2026-11-05T14:35:00+09:00,2026-11-06T14:35:00+09:00,2026-11-13T14:35:00+09:00,,,,2026-11-08T14:35:00+09:00,WITHDRAWN,,UNKNOWN,,
APP0149_PRE_ASSESSMENT,APP0149,C0149,PRE_ASSESSMENT,2026-11-05T15:14:00+09:00,2026-11-06T15:14:00+09:00,2026-11-10T15:14:00+09:00,2026-11-10T16:49:00+09:00,2026-11-12T16:49:00+09:00,2026-11-14T16:49:00+09:00,,ADVANCED,PRE_TASK_COMPLETE,,SYNTHETIC_HUMAN_SCENARIO,"{""criterion"":""CODING_VERIFICATION_OMISSION"",""human_rationale"":""단계 활동과 관찰을 검토하여 다음 판단으로 진행한다. 미관찰은 부족/탈락과 동일하지 않다."",""observation_refs"":[""OB_REVIEW_ML_01_EV_APP0149_PRE_ASSESSMENT_CODING_TEST_M1_SKILL_03"",""OB_REVIEW_HM_01_EV_APP0149_PRE_ASSESSMENT_CODING_TEST_M1_SKILL_03""],""stage"":""PRE_ASSESSMENT""}"
APP0171_PRE_ASSESSMENT,APP0171,C0171,PRE_ASSESSMENT,2026-11-05T15:21:00+09:00,2026-11-06T15:21:00+09:00,2026-11-13T15:21:00+09:00,2026-11-13T17:11:00+09:00,2026-11-16T17:11:00+09:00,2026-11-20T17:11:00+09:00,,ADVANCED,PRE_TASK_COMPLETE,,SYNTHETIC_HUMAN_SCENARIO,"{""criterion"":""CODING_VERIFICATION_OMISSION"",""human_rationale"":""단계 활동과 관찰을 검토하여 다음 판단으로 진행한다. 미관찰은 부족/탈락과 동일하지 않다."",""observation_refs"":[""OB_REVIEW_ML_01_EV_APP0171_PRE_ASSESSMENT_CODING_TEST_M1_SKILL_03"",""OB_REVIEW_HM_01_EV_APP0171_PRE_ASSESSMENT_CODING_TEST_M1_SKILL_03""],""stage"":""PRE_ASSESSMENT""}"
APP0157_PRE_ASSESSMENT,APP0157,C0157,PRE_ASSESSMENT,2026-11-05T15:57:00+09:00,2026-11-06T15:57:00+09:00,2026-11-10T15:57:00+09:00,,,,2026-11-08T15:57:00+09:00,WITHDRAWN,,UNKNOWN,,
APP0148_PRE_ASSESSMENT,APP0148,C0148,PRE_ASSESSMENT,2026-11-05T16:14:00+09:00,2026-11-06T16:14:00+09:00,2026-11-16T16:14:00+09:00,2026-11-16T17:59:00+09:00,2026-11-18T17:59:00+09:00,2026-11-18T17:59:00+09:00,,ADVANCED,PRE_TASK_COMPLETE,,SYNTHETIC_HUMAN_SCENARIO,"{""criterion"":""CODING_VERIFICATION_OMISSION"",""human_rationale"":""단계 활동과 관찰을 검토하여 다음 판단으로 진행한다. 미관찰은 부족/탈락과 동일하지 않다."",""observation_refs"":[""OB_REVIEW_ML_01_EV_APP0148_PRE_ASSESSMENT_CODING_TEST_M1_SKILL_03"",""OB_REVIEW_HM_01_EV_APP0148_PRE_ASSESSMENT_CODING_TEST_M1_SKILL_03""],""stage"":""PRE_ASSESSMENT""}"
APP0232_PRE_ASSESSMENT,APP0232,C0232,PRE_ASSESSMENT,2026-11-06T09:40:00+09:00,2026-11-07T09:40:00+09:00,2026-11-17T09:40:00+09:00,2026-11-17T11:15:00+09:00,2026-11-18T11:15:00+09:00,2026-11-18T11:15:00+09:00,,ADVANCED,PRE_TASK_COMPLETE,,SYNTHETIC_HUMAN_SCENARIO,"{""criterion"":""CODING_VERIFICATION_OMISSION"",""human_rationale"":""단계 활동과 관찰을 검토하여 다음 판단으로 진행한다. 미관찰은 부족/탈락과 동일하지 않다."",""observation_refs"":[""OB_REVIEW_ML_01_EV_APP0232_PRE_ASSESSMENT_CODING_TEST_M1_SKILL_03"",""OB_REVIEW_HM_01_EV_APP0232_PRE_ASSESSMENT_CODING_TEST_M1_SKILL_03""],""stage"":""PRE_ASSESSMENT""}"
APP0273_PRE_ASSESSMENT,APP0273,C0273,PRE_ASSESSMENT,2026-11-06T10:16:00+09:00,2026-11-07T10:16:00+09:00,2026-11-14T10:16:00+09:00,2026-11-14T11:51:00+09:00,2026-11-15T11:51:00+09:00,2026-11-19T11:51:00+09:00,,ADVANCED,PRE_TASK_COMPLETE,,SYNTHETIC_HUMAN_SCENARIO,"{""criterion"":""CODING_VERIFICATION_OMISSION"",""human_rationale"":""단계 활동과 관찰을 검토하여 다음 판단으로 진행한다. 미관찰은 부족/탈락과 동일하지 않다."",""observation_refs"":[""OB_REVIEW_ML_01_EV_APP0273_PRE_ASSESSMENT_CODING_TEST_M1_SKILL_03"",""OB_REVIEW_HM_01_EV_APP0273_PRE_ASSESSMENT_CODING_TEST_M1_SKILL_03""],""stage"":""PRE_ASSESSMENT""}"
APP0164_PRE_ASSESSMENT,APP0164,C0164,PRE_ASSESSMENT,2026-11-06T12:17:00+09:00,2026-11-07T12:17:00+09:00,2026-11-17T12:17:00+09:00,2026-11-17T13:52:00+09:00,2026-11-18T13:52:00+09:00,2026-11-22T13:52:00+09:00,,ADVANCED,PRE_TASK_COMPLETE,,SYNTHETIC_HUMAN_SCENARIO,"{""criterion"":""CODING_VERIFICATION_OMISSION"",""human_rationale"":""단계 활동과 관찰을 검토하여 다음 판단으로 진행한다. 미관찰은 부족/탈락과 동일하지 않다."",""observation_refs"":[""OB_REVIEW_ML_01_EV_APP0164_PRE_ASSESSMENT_CODING_TEST_M1_SKILL_03"",""OB_REVIEW_HM_01_EV_APP0164_PRE_ASSESSMENT_CODING_TEST_M1_SKILL_03""],""stage"":""PRE_ASSESSMENT""}"
APP0104_PRE_ASSESSMENT,APP0104,C0104,PRE_ASSESSMENT,2026-11-06T14:01:00+09:00,2026-11-07T14:01:00+09:00,2026-11-17T14:01:00+09:00,2026-11-17T15:36:00+09:00,2026-11-18T15:36:00+09:00,2026-11-20T15:36:00+09:00,,ADVANCED,PRE_TASK_COMPLETE,,SYNTHETIC_HUMAN_SCENARIO,"{""criterion"":""CODING_VERIFICATION_OMISSION"",""human_rationale"":""단계 활동과 관찰을 검토하여 다음 판단으로 진행한다. 미관찰은 부족/탈락과 동일하지 않다."",""observation_refs"":[""OB_REVIEW_ML_01_EV_APP0104_PRE_ASSESSMENT_CODING_TEST_M1_SKILL_03"",""OB_REVIEW_HM_01_EV_APP0104_PRE_ASSESSMENT_CODING_TEST_M1_SKILL_03""],""stage"":""PRE_ASSESSMENT""}"
APP0189_PRE_ASSESSMENT,APP0189,C0189,PRE_ASSESSMENT,2026-11-06T14:38:00+09:00,2026-11-07T14:38:00+09:00,2026-11-17T14:38:00+09:00,2026-11-17T16:03:00+09:00,2026-11-22T16:03:00+09:00,2026-11-24T16:03:00+09:00,,ADVANCED,PRE_TASK_COMPLETE,,SYNTHETIC_HUMAN_SCENARIO,"{""criterion"":""CODING_VERIFICATION_OMISSION"",""human_rationale"":""단계 활동과 관찰을 검토하여 다음 판단으로 진행한다. 미관찰은 부족/탈락과 동일하지 않다."",""observation_refs"":[""OB_REVIEW_ML_01_EV_APP0189_PRE_ASSESSMENT_CODING_TEST_M1_SKILL_03"",""OB_REVIEW_HM_01_EV_APP0189_PRE_ASSESSMENT_CODING_TEST_M1_SKILL_03""],""stage"":""PRE_ASSESSMENT""}"
APP0243_PRE_ASSESSMENT,APP0243,C0243,PRE_ASSESSMENT,2026-11-06T15:34:00+09:00,2026-11-07T15:34:00+09:00,2026-11-11T15:34:00+09:00,2026-11-11T16:59:00+09:00,2026-11-16T16:59:00+09:00,2026-11-17T16:59:00+09:00,,ADVANCED,PRE_TASK_COMPLETE,,SYNTHETIC_HUMAN_SCENARIO,"{""criterion"":""CODING_VERIFICATION_OMISSION"",""human_rationale"":""단계 활동과 관찰을 검토하여 다음 판단으로 진행한다. 미관찰은 부족/탈락과 동일하지 않다."",""observation_refs"":[""OB_REVIEW_ML_01_EV_APP0243_PRE_ASSESSMENT_CODING_TEST_M1_SKILL_03"",""OB_REVIEW_HM_01_EV_APP0243_PRE_ASSESSMENT_CODING_TEST_M1_SKILL_03""],""stage"":""PRE_ASSESSMENT""}"
APP0255_PRE_ASSESSMENT,APP0255,C0255,PRE_ASSESSMENT,2026-11-06T15:36:00+09:00,2026-11-07T15:36:00+09:00,2026-11-14T15:36:00+09:00,2026-11-14T17:21:00+09:00,2026-11-19T17:21:00+09:00,2026-11-20T17:21:00+09:00,,ADVANCED,PRE_TASK_COMPLETE,,SYNTHETIC_HUMAN_SCENARIO,"{""criterion"":""CODING_VERIFICATION_OMISSION"",""human_rationale"":""단계 활동과 관찰을 검토하여 다음 판단으로 진행한다. 미관찰은 부족/탈락과 동일하지 않다."",""observation_refs"":[""OB_REVIEW_ML_01_EV_APP0255_PRE_ASSESSMENT_CODING_TEST_M1_SKILL_03"",""OB_REVIEW_HM_01_EV_APP0255_PRE_ASSESSMENT_CODING_TEST_M1_SKILL_03""],""stage"":""PRE_ASSESSMENT""}"
APP0190_PRE_ASSESSMENT,APP0190,C0190,PRE_ASSESSMENT,2026-11-06T16:14:00+09:00,2026-11-07T16:14:00+09:00,2026-11-11T16:14:00+09:00,2026-11-11T17:59:00+09:00,2026-11-12T17:59:00+09:00,2026-11-16T17:59:00+09:00,,FAILED,DIRECT_TASK_LIMITATION,,SYNTHETIC_HUMAN_SCENARIO,"{""criterion"":""CODING_VERIFICATION_OMISSION"",""human_rationale"":""해당 단계 직접 근거의 명시적 비진행 기준을 검토했다."",""observation_refs"":[""OB_REVIEW_ML_01_EV_APP0190_PRE_ASSESSMENT_CODING_TEST_M1_SKILL_03"",""OB_REVIEW_HM_01_EV_APP0190_PRE_ASSESSMENT_CODING_TEST_M1_SKILL_03""],""stage"":""PRE_ASSESSMENT""}"
APP0264_PRE_ASSESSMENT,APP0264,C0264,PRE_ASSESSMENT,2026-11-06T17:00:00+09:00,2026-11-07T17:00:00+09:00,2026-11-11T17:00:00+09:00,2026-11-11T18:55:00+09:00,2026-11-16T18:55:00+09:00,2026-11-18T18:55:00+09:00,,ADVANCED,PRE_TASK_COMPLETE,,SYNTHETIC_HUMAN_SCENARIO,"{""criterion"":""CODING_VERIFICATION_OMISSION"",""human_rationale"":""단계 활동과 관찰을 검토하여 다음 판단으로 진행한다. 미관찰은 부족/탈락과 동일하지 않다."",""observation_refs"":[""OB_REVIEW_ML_01_EV_APP0264_PRE_ASSESSMENT_CODING_TEST_M1_SKILL_03"",""OB_REVIEW_HM_01_EV_APP0264_PRE_ASSESSMENT_CODING_TEST_M1_SKILL_03""],""stage"":""PRE_ASSESSMENT""}"
APP0201_PRE_ASSESSMENT,APP0201,C0201,PRE_ASSESSMENT,2026-11-07T10:55:00+09:00,2026-11-08T10:55:00+09:00,2026-11-12T10:55:00+09:00,2026-11-12T12:40:00+09:00,2026-11-15T12:40:00+09:00,2026-11-17T12:40:00+09:00,,ADVANCED,PRE_TASK_COMPLETE,,SYNTHETIC_HUMAN_SCENARIO,"{""criterion"":""CODING_VERIFICATION_OMISSION"",""human_rationale"":""단계 활동과 관찰을 검토하여 다음 판단으로 진행한다. 미관찰은 부족/탈락과 동일하지 않다."",""observation_refs"":[""OB_REVIEW_ML_01_EV_APP0201_PRE_ASSESSMENT_CODING_TEST_M1_SKILL_03"",""OB_REVIEW_HM_01_EV_APP0201_PRE_ASSESSMENT_CODING_TEST_M1_SKILL_03""],""stage"":""PRE_ASSESSMENT""}"
APP0161_PRE_ASSESSMENT,APP0161,C0161,PRE_ASSESSMENT,2026-11-07T11:15:00+09:00,2026-11-08T11:15:00+09:00,2026-11-15T11:15:00+09:00,2026-11-15T13:10:00+09:00,2026-11-20T13:10:00+09:00,2026-11-24T13:10:00+09:00,,ADVANCED,PRE_TASK_COMPLETE,,SYNTHETIC_HUMAN_SCENARIO,"{""criterion"":""CODING_VERIFICATION_OMISSION"",""human_rationale"":""단계 활동과 관찰을 검토하여 다음 판단으로 진행한다. 미관찰은 부족/탈락과 동일하지 않다."",""observation_refs"":[""OB_REVIEW_ML_01_EV_APP0161_PRE_ASSESSMENT_CODING_TEST_M1_SKILL_03"",""OB_REVIEW_HM_01_EV_APP0161_PRE_ASSESSMENT_CODING_TEST_M1_SKILL_03""],""stage"":""PRE_ASSESSMENT""}"
APP0305_PRE_ASSESSMENT,APP0305,C0305,PRE_ASSESSMENT,2026-11-07T12:08:00+09:00,2026-11-08T12:08:00+09:00,2026-11-12T12:08:00+09:00,2026-11-12T13:53:00+09:00,2026-11-14T13:53:00+09:00,2026-11-18T13:53:00+09:00,,ADVANCED,PRE_TASK_COMPLETE,,SYNTHETIC_HUMAN_SCENARIO,"{""criterion"":""CODING_VERIFICATION_OMISSION"",""human_rationale"":""단계 활동과 관찰을 검토하여 다음 판단으로 진행한다. 미관찰은 부족/탈락과 동일하지 않다."",""observation_refs"":[""OB_REVIEW_ML_01_EV_APP0305_PRE_ASSESSMENT_CODING_TEST_M1_SKILL_03"",""OB_REVIEW_HM_01_EV_APP0305_PRE_ASSESSMENT_CODING_TEST_M1_SKILL_03""],""stage"":""PRE_ASSESSMENT""}"
APP0156_PRE_ASSESSMENT,APP0156,C0156,PRE_ASSESSMENT,2026-11-07T12:25:00+09:00,2026-11-08T12:25:00+09:00,2026-11-12T12:25:00+09:00,,,,2026-11-10T12:25:00+09:00,WITHDRAWN,,UNKNOWN,,
APP0229_PRE_ASSESSMENT,APP0229,C0229,PRE_ASSESSMENT,2026-11-07T16:34:00+09:00,2026-11-08T16:34:00+09:00,2026-11-12T16:34:00+09:00,2026-11-12T18:14:00+09:00,2026-11-14T18:14:00+09:00,2026-11-18T18:14:00+09:00,,FAILED,DIRECT_TASK_LIMITATION,,SYNTHETIC_HUMAN_SCENARIO,"{""criterion"":""CODING_VERIFICATION_OMISSION"",""human_rationale"":""해당 단계 직접 근거의 명시적 비진행 기준을 검토했다."",""observation_refs"":[""OB_REVIEW_ML_01_EV_APP0229_PRE_ASSESSMENT_CODING_TEST_M1_SKILL_03"",""OB_REVIEW_HM_01_EV_APP0229_PRE_ASSESSMENT_CODING_TEST_M1_SKILL_03""],""stage"":""PRE_ASSESSMENT""}"
APP0257_PRE_ASSESSMENT,APP0257,C0257,PRE_ASSESSMENT,2026-11-08T09:46:00+09:00,2026-11-09T09:46:00+09:00,2026-11-19T09:46:00+09:00,2026-11-19T11:31:00+09:00,2026-11-21T11:31:00+09:00,2026-11-25T11:31:00+09:00,,FAILED,DIRECT_TASK_LIMITATION,,SYNTHETIC_HUMAN_SCENARIO,"{""criterion"":""CODING_VERIFICATION_OMISSION"",""human_rationale"":""해당 단계 직접 근거의 명시적 비진행 기준을 검토했다."",""observation_refs"":[""OB_REVIEW_ML_01_EV_APP0257_PRE_ASSESSMENT_CODING_TEST_M1_SKILL_03"",""OB_REVIEW_HM_01_EV_APP0257_PRE_ASSESSMENT_CODING_TEST_M1_SKILL_03""],""stage"":""PRE_ASSESSMENT""}"
APP0274_PRE_ASSESSMENT,APP0274,C0274,PRE_ASSESSMENT,2026-11-08T10:05:00+09:00,2026-11-09T10:05:00+09:00,2026-11-13T10:05:00+09:00,2026-11-13T11:35:00+09:00,2026-11-16T11:35:00+09:00,2026-11-16T11:35:00+09:00,,ADVANCED,PRE_TASK_COMPLETE,,SYNTHETIC_HUMAN_SCENARIO,"{""criterion"":""CODING_VERIFICATION_OMISSION"",""human_rationale"":""단계 활동과 관찰을 검토하여 다음 판단으로 진행한다. 미관찰은 부족/탈락과 동일하지 않다."",""observation_refs"":[""OB_REVIEW_ML_01_EV_APP0274_PRE_ASSESSMENT_CODING_TEST_M1_SKILL_03"",""OB_REVIEW_HM_01_EV_APP0274_PRE_ASSESSMENT_CODING_TEST_M1_SKILL_03""],""stage"":""PRE_ASSESSMENT""}"
APP0265_PRE_ASSESSMENT,APP0265,C0265,PRE_ASSESSMENT,2026-11-08T12:23:00+09:00,2026-11-09T12:23:00+09:00,2026-11-16T12:23:00+09:00,2026-11-16T14:08:00+09:00,2026-11-17T14:08:00+09:00,2026-11-19T14:08:00+09:00,,ADVANCED,PRE_TASK_COMPLETE,,SYNTHETIC_HUMAN_SCENARIO,"{""criterion"":""CODING_VERIFICATION_OMISSION"",""human_rationale"":""단계 활동과 관찰을 검토하여 다음 판단으로 진행한다. 미관찰은 부족/탈락과 동일하지 않다."",""observation_refs"":[""OB_REVIEW_ML_01_EV_APP0265_PRE_ASSESSMENT_CODING_TEST_M1_SKILL_03"",""OB_REVIEW_HM_01_EV_APP0265_PRE_ASSESSMENT_CODING_TEST_M1_SKILL_03""],""stage"":""PRE_ASSESSMENT""}"
APP0225_PRE_ASSESSMENT,APP0225,C0225,PRE_ASSESSMENT,2026-11-08T12:52:00+09:00,2026-11-09T12:52:00+09:00,2026-11-16T12:52:00+09:00,2026-11-16T14:22:00+09:00,2026-11-21T14:22:00+09:00,2026-11-22T14:22:00+09:00,,ADVANCED,PRE_TASK_COMPLETE,,SYNTHETIC_HUMAN_SCENARIO,"{""criterion"":""CODING_VERIFICATION_OMISSION"",""human_rationale"":""단계 활동과 관찰을 검토하여 다음 판단으로 진행한다. 미관찰은 부족/탈락과 동일하지 않다."",""observation_refs"":[""OB_REVIEW_ML_01_EV_APP0225_PRE_ASSESSMENT_CODING_TEST_M1_SKILL_03"",""OB_REVIEW_HM_01_EV_APP0225_PRE_ASSESSMENT_CODING_TEST_M1_SKILL_03""],""stage"":""PRE_ASSESSMENT""}"
APP0179_PRE_ASSESSMENT,APP0179,C0179,PRE_ASSESSMENT,2026-11-08T14:52:00+09:00,2026-11-09T14:52:00+09:00,2026-11-13T14:52:00+09:00,,,,,IN_PROGRESS,,,,"{""motive"":""UNKNOWN"",""operational_state"":""NO_RESPONSE_PENDING""}"
APP0082_PRE_ASSESSMENT,APP0082,C0082,PRE_ASSESSMENT,2026-11-08T15:46:00+09:00,2026-11-09T15:46:00+09:00,2026-11-16T15:46:00+09:00,2026-11-16T17:36:00+09:00,2026-11-17T17:36:00+09:00,2026-11-19T17:36:00+09:00,,ADVANCED,PRE_TASK_COMPLETE,,SYNTHETIC_HUMAN_SCENARIO,"{""criterion"":""CODING_VERIFICATION_OMISSION"",""human_rationale"":""단계 활동과 관찰을 검토하여 다음 판단으로 진행한다. 미관찰은 부족/탈락과 동일하지 않다."",""observation_refs"":[""OB_REVIEW_ML_01_EV_APP0082_PRE_ASSESSMENT_CODING_TEST_M1_SKILL_03"",""OB_REVIEW_HM_01_EV_APP0082_PRE_ASSESSMENT_CODING_TEST_M1_SKILL_03""],""stage"":""PRE_ASSESSMENT""}"
APP0249_PRE_ASSESSMENT,APP0249,C0249,PRE_ASSESSMENT,2026-11-08T16:24:00+09:00,2026-11-09T16:24:00+09:00,2026-11-16T16:24:00+09:00,,,,,IN_PROGRESS,,,,"{""motive"":""UNKNOWN"",""operational_state"":""NO_RESPONSE_PENDING""}"
APP0215_PRE_ASSESSMENT,APP0215,C0215,PRE_ASSESSMENT,2026-11-08T16:48:00+09:00,2026-11-09T16:48:00+09:00,2026-11-16T16:48:00+09:00,2026-11-16T18:33:00+09:00,2026-11-21T18:33:00+09:00,2026-11-25T18:33:00+09:00,,ADVANCED,PRE_TASK_COMPLETE,,SYNTHETIC_HUMAN_SCENARIO,"{""criterion"":""CODING_VERIFICATION_OMISSION"",""human_rationale"":""단계 활동과 관찰을 검토하여 다음 판단으로 진행한다. 미관찰은 부족/탈락과 동일하지 않다."",""observation_refs"":[""OB_REVIEW_ML_01_EV_APP0215_PRE_ASSESSMENT_CODING_TEST_M1_SKILL_03"",""OB_REVIEW_HM_01_EV_APP0215_PRE_ASSESSMENT_CODING_TEST_M1_SKILL_03""],""stage"":""PRE_ASSESSMENT""}"
APP0258_PRE_ASSESSMENT,APP0258,C0258,PRE_ASSESSMENT,2026-11-08T16:49:00+09:00,2026-11-09T16:49:00+09:00,2026-11-16T16:49:00+09:00,2026-11-16T18:34:00+09:00,2026-11-18T18:34:00+09:00,2026-11-22T18:34:00+09:00,,ADVANCED,PRE_TASK_COMPLETE,,SYNTHETIC_HUMAN_SCENARIO,"{""criterion"":""CODING_VERIFICATION_OMISSION"",""human_rationale"":""단계 활동과 관찰을 검토하여 다음 판단으로 진행한다. 미관찰은 부족/탈락과 동일하지 않다."",""observation_refs"":[""OB_REVIEW_ML_01_EV_APP0258_PRE_ASSESSMENT_CODING_TEST_M1_SKILL_03"",""OB_REVIEW_HM_01_EV_APP0258_PRE_ASSESSMENT_CODING_TEST_M1_SKILL_03""],""stage"":""PRE_ASSESSMENT""}"
APP0200_PRE_ASSESSMENT,APP0200,C0200,PRE_ASSESSMENT,2026-11-09T09:39:00+09:00,2026-11-10T09:39:00+09:00,2026-11-14T09:39:00+09:00,2026-11-14T11:24:00+09:00,2026-11-15T11:24:00+09:00,2026-11-17T11:24:00+09:00,,FAILED,DIRECT_TASK_LIMITATION,,SYNTHETIC_HUMAN_SCENARIO,"{""criterion"":""CODING_VERIFICATION_OMISSION"",""human_rationale"":""해당 단계 직접 근거의 명시적 비진행 기준을 검토했다."",""observation_refs"":[""OB_REVIEW_ML_01_EV_APP0200_PRE_ASSESSMENT_CODING_TEST_M1_SKILL_03"",""OB_REVIEW_HM_01_EV_APP0200_PRE_ASSESSMENT_CODING_TEST_M1_SKILL_03""],""stage"":""PRE_ASSESSMENT""}"
APP0301_PRE_ASSESSMENT,APP0301,C0301,PRE_ASSESSMENT,2026-11-09T09:46:00+09:00,2026-11-10T09:46:00+09:00,2026-11-17T09:46:00+09:00,2026-11-17T11:31:00+09:00,2026-11-19T11:31:00+09:00,2026-11-20T11:31:00+09:00,,ADVANCED,PRE_TASK_COMPLETE,,SYNTHETIC_HUMAN_SCENARIO,"{""criterion"":""CODING_VERIFICATION_OMISSION"",""human_rationale"":""단계 활동과 관찰을 검토하여 다음 판단으로 진행한다. 미관찰은 부족/탈락과 동일하지 않다."",""observation_refs"":[""OB_REVIEW_ML_01_EV_APP0301_PRE_ASSESSMENT_CODING_TEST_M1_SKILL_03"",""OB_REVIEW_HM_01_EV_APP0301_PRE_ASSESSMENT_CODING_TEST_M1_SKILL_03""],""stage"":""PRE_ASSESSMENT""}"
APP0285_PRE_ASSESSMENT,APP0285,C0285,PRE_ASSESSMENT,2026-11-09T10:13:00+09:00,2026-11-10T10:13:00+09:00,2026-11-20T10:13:00+09:00,2026-11-20T11:38:00+09:00,2026-11-25T11:38:00+09:00,2026-11-26T11:38:00+09:00,,ADVANCED,PRE_TASK_COMPLETE,,SYNTHETIC_HUMAN_SCENARIO,"{""criterion"":""CODING_VERIFICATION_OMISSION"",""human_rationale"":""단계 활동과 관찰을 검토하여 다음 판단으로 진행한다. 미관찰은 부족/탈락과 동일하지 않다."",""observation_refs"":[""OB_REVIEW_ML_01_EV_APP0285_PRE_ASSESSMENT_CODING_TEST_M1_SKILL_03"",""OB_REVIEW_HM_01_EV_APP0285_PRE_ASSESSMENT_CODING_TEST_M1_SKILL_03""],""stage"":""PRE_ASSESSMENT""}"
APP0184_PRE_ASSESSMENT,APP0184,C0184,PRE_ASSESSMENT,2026-11-09T10:17:00+09:00,2026-11-10T10:17:00+09:00,2026-11-14T10:17:00+09:00,2026-11-14T11:47:00+09:00,2026-11-19T11:47:00+09:00,2026-11-21T11:47:00+09:00,,ADVANCED,PRE_TASK_COMPLETE,,SYNTHETIC_HUMAN_SCENARIO,"{""criterion"":""CODING_VERIFICATION_OMISSION"",""human_rationale"":""단계 활동과 관찰을 검토하여 다음 판단으로 진행한다. 미관찰은 부족/탈락과 동일하지 않다."",""observation_refs"":[""OB_REVIEW_ML_01_EV_APP0184_PRE_ASSESSMENT_CODING_TEST_M1_SKILL_03"",""OB_REVIEW_HM_01_EV_APP0184_PRE_ASSESSMENT_CODING_TEST_M1_SKILL_03""],""stage"":""PRE_ASSESSMENT""}"
APP0239_PRE_ASSESSMENT,APP0239,C0239,PRE_ASSESSMENT,2026-11-09T10:31:00+09:00,2026-11-10T10:31:00+09:00,2026-11-14T10:31:00+09:00,2026-11-14T12:01:00+09:00,2026-11-15T12:01:00+09:00,2026-11-17T12:01:00+09:00,,ADVANCED,PRE_TASK_COMPLETE,,SYNTHETIC_HUMAN_SCENARIO,"{""criterion"":""CODING_VERIFICATION_OMISSION"",""human_rationale"":""단계 활동과 관찰을 검토하여 다음 판단으로 진행한다. 미관찰은 부족/탈락과 동일하지 않다."",""observation_refs"":[""OB_REVIEW_ML_01_EV_APP0239_PRE_ASSESSMENT_CODING_TEST_M1_SKILL_03"",""OB_REVIEW_HM_01_EV_APP0239_PRE_ASSESSMENT_CODING_TEST_M1_SKILL_03""],""stage"":""PRE_ASSESSMENT""}"
APP0247_PRE_ASSESSMENT,APP0247,C0247,PRE_ASSESSMENT,2026-11-09T11:00:00+09:00,2026-11-10T11:00:00+09:00,2026-11-17T11:00:00+09:00,2026-11-17T12:30:00+09:00,2026-11-18T12:30:00+09:00,2026-11-20T12:30:00+09:00,,ADVANCED,PRE_TASK_COMPLETE,,SYNTHETIC_HUMAN_SCENARIO,"{""criterion"":""CODING_VERIFICATION_OMISSION"",""human_rationale"":""단계 활동과 관찰을 검토하여 다음 판단으로 진행한다. 미관찰은 부족/탈락과 동일하지 않다."",""observation_refs"":[""OB_REVIEW_ML_01_EV_APP0247_PRE_ASSESSMENT_CODING_TEST_M1_SKILL_03"",""OB_REVIEW_HM_01_EV_APP0247_PRE_ASSESSMENT_CODING_TEST_M1_SKILL_03""],""stage"":""PRE_ASSESSMENT""}"
APP0267_PRE_ASSESSMENT,APP0267,C0267,PRE_ASSESSMENT,2026-11-09T12:00:00+09:00,2026-11-10T12:00:00+09:00,2026-11-14T12:00:00+09:00,2026-11-14T13:45:00+09:00,2026-11-19T13:45:00+09:00,2026-11-23T13:45:00+09:00,,ADVANCED,PRE_TASK_COMPLETE,,SYNTHETIC_HUMAN_SCENARIO,"{""criterion"":""CODING_VERIFICATION_OMISSION"",""human_rationale"":""단계 활동과 관찰을 검토하여 다음 판단으로 진행한다. 미관찰은 부족/탈락과 동일하지 않다."",""observation_refs"":[""OB_REVIEW_ML_01_EV_APP0267_PRE_ASSESSMENT_CODING_TEST_M1_SKILL_03"",""OB_REVIEW_HM_01_EV_APP0267_PRE_ASSESSMENT_CODING_TEST_M1_SKILL_03""],""stage"":""PRE_ASSESSMENT""}"
APP0294_PRE_ASSESSMENT,APP0294,C0294,PRE_ASSESSMENT,2026-11-09T13:00:00+09:00,2026-11-10T13:00:00+09:00,2026-11-17T13:00:00+09:00,2026-11-17T14:30:00+09:00,2026-11-18T14:30:00+09:00,2026-11-20T14:30:00+09:00,,FAILED,DIRECT_TASK_LIMITATION,,SYNTHETIC_HUMAN_SCENARIO,"{""criterion"":""CODING_VERIFICATION_OMISSION"",""human_rationale"":""해당 단계 직접 근거의 명시적 비진행 기준을 검토했다."",""observation_refs"":[""OB_REVIEW_ML_01_EV_APP0294_PRE_ASSESSMENT_CODING_TEST_M1_SKILL_03"",""OB_REVIEW_HM_01_EV_APP0294_PRE_ASSESSMENT_CODING_TEST_M1_SKILL_03""],""stage"":""PRE_ASSESSMENT""}"
APP0240_PRE_ASSESSMENT,APP0240,C0240,PRE_ASSESSMENT,2026-11-09T13:33:00+09:00,2026-11-10T13:33:00+09:00,2026-11-20T13:33:00+09:00,2026-11-20T15:08:00+09:00,2026-11-22T15:08:00+09:00,2026-11-24T15:08:00+09:00,,ADVANCED,PRE_TASK_COMPLETE,,SYNTHETIC_HUMAN_SCENARIO,"{""criterion"":""CODING_VERIFICATION_OMISSION"",""human_rationale"":""단계 활동과 관찰을 검토하여 다음 판단으로 진행한다. 미관찰은 부족/탈락과 동일하지 않다."",""observation_refs"":[""OB_REVIEW_ML_01_EV_APP0240_PRE_ASSESSMENT_CODING_TEST_M1_SKILL_03"",""OB_REVIEW_HM_01_EV_APP0240_PRE_ASSESSMENT_CODING_TEST_M1_SKILL_03""],""stage"":""PRE_ASSESSMENT""}"
APP0278_PRE_ASSESSMENT,APP0278,C0278,PRE_ASSESSMENT,2026-11-09T14:35:00+09:00,2026-11-10T14:35:00+09:00,2026-11-20T14:35:00+09:00,2026-11-20T16:05:00+09:00,2026-11-25T16:05:00+09:00,2026-11-29T16:05:00+09:00,,ADVANCED,PRE_TASK_COMPLETE,,SYNTHETIC_HUMAN_SCENARIO,"{""criterion"":""CODING_VERIFICATION_OMISSION"",""human_rationale"":""단계 활동과 관찰을 검토하여 다음 판단으로 진행한다. 미관찰은 부족/탈락과 동일하지 않다."",""observation_refs"":[""OB_REVIEW_ML_01_EV_APP0278_PRE_ASSESSMENT_CODING_TEST_M1_SKILL_03"",""OB_REVIEW_HM_01_EV_APP0278_PRE_ASSESSMENT_CODING_TEST_M1_SKILL_03""],""stage"":""PRE_ASSESSMENT""}"
APP0115_PRE_ASSESSMENT,APP0115,C0115,PRE_ASSESSMENT,2026-11-09T14:44:00+09:00,2026-11-10T14:44:00+09:00,2026-11-17T14:44:00+09:00,2026-11-17T16:19:00+09:00,2026-11-18T16:19:00+09:00,2026-11-20T16:19:00+09:00,,ADVANCED,PRE_TASK_COMPLETE,,SYNTHETIC_HUMAN_SCENARIO,"{""criterion"":""CODING_VERIFICATION_OMISSION"",""human_rationale"":""단계 활동과 관찰을 검토하여 다음 판단으로 진행한다. 미관찰은 부족/탈락과 동일하지 않다."",""observation_refs"":[""OB_REVIEW_ML_01_EV_APP0115_PRE_ASSESSMENT_CODING_TEST_M1_SKILL_03"",""OB_REVIEW_HM_01_EV_APP0115_PRE_ASSESSMENT_CODING_TEST_M1_SKILL_03""],""stage"":""PRE_ASSESSMENT""}"
APP0268_PRE_ASSESSMENT,APP0268,C0268,PRE_ASSESSMENT,2026-11-09T15:52:00+09:00,2026-11-10T15:52:00+09:00,2026-11-17T15:52:00+09:00,2026-11-17T17:42:00+09:00,2026-11-18T17:42:00+09:00,2026-11-22T17:42:00+09:00,,ADVANCED,PRE_TASK_COMPLETE,,SYNTHETIC_HUMAN_SCENARIO,"{""criterion"":""CODING_VERIFICATION_OMISSION"",""human_rationale"":""단계 활동과 관찰을 검토하여 다음 판단으로 진행한다. 미관찰은 부족/탈락과 동일하지 않다."",""observation_refs"":[""OB_REVIEW_ML_01_EV_APP0268_PRE_ASSESSMENT_CODING_TEST_M1_SKILL_03"",""OB_REVIEW_HM_01_EV_APP0268_PRE_ASSESSMENT_CODING_TEST_M1_SKILL_03""],""stage"":""PRE_ASSESSMENT""}"
APP0332_PRE_ASSESSMENT,APP0332,C0332,PRE_ASSESSMENT,2026-11-09T15:53:00+09:00,2026-11-10T15:53:00+09:00,2026-11-14T15:53:00+09:00,,,,,IN_PROGRESS,,,,"{""motive"":""UNKNOWN"",""operational_state"":""NO_RESPONSE_PENDING""}"
APP0202_PRE_ASSESSMENT,APP0202,C0202,PRE_ASSESSMENT,2026-11-09T17:13:00+09:00,2026-11-10T17:13:00+09:00,2026-11-20T17:13:00+09:00,2026-11-20T18:43:00+09:00,2026-11-23T18:43:00+09:00,2026-11-23T18:43:00+09:00,,ADVANCED,PRE_TASK_COMPLETE,,SYNTHETIC_HUMAN_SCENARIO,"{""criterion"":""CODING_VERIFICATION_OMISSION"",""human_rationale"":""단계 활동과 관찰을 검토하여 다음 판단으로 진행한다. 미관찰은 부족/탈락과 동일하지 않다."",""observation_refs"":[""OB_REVIEW_ML_01_EV_APP0202_PRE_ASSESSMENT_CODING_TEST_M1_SKILL_03"",""OB_REVIEW_HM_01_EV_APP0202_PRE_ASSESSMENT_CODING_TEST_M1_SKILL_03""],""stage"":""PRE_ASSESSMENT""}"
APP0279_PRE_ASSESSMENT,APP0279,C0279,PRE_ASSESSMENT,2026-11-10T11:04:00+09:00,2026-11-11T11:04:00+09:00,2026-11-18T11:04:00+09:00,2026-11-18T12:39:00+09:00,2026-11-23T12:39:00+09:00,2026-11-25T12:39:00+09:00,,ADVANCED,PRE_TASK_COMPLETE,,SYNTHETIC_HUMAN_SCENARIO,"{""criterion"":""CODING_VERIFICATION_OMISSION"",""human_rationale"":""단계 활동과 관찰을 검토하여 다음 판단으로 진행한다. 미관찰은 부족/탈락과 동일하지 않다."",""observation_refs"":[""OB_REVIEW_ML_01_EV_APP0279_PRE_ASSESSMENT_CODING_TEST_M1_SKILL_03"",""OB_REVIEW_HM_01_EV_APP0279_PRE_ASSESSMENT_CODING_TEST_M1_SKILL_03""],""stage"":""PRE_ASSESSMENT""}"
APP0177_PRE_ASSESSMENT,APP0177,C0177,PRE_ASSESSMENT,2026-11-10T11:15:00+09:00,2026-11-11T11:15:00+09:00,2026-11-15T11:15:00+09:00,2026-11-15T13:00:00+09:00,2026-11-18T13:00:00+09:00,2026-11-20T13:00:00+09:00,,FAILED,DIRECT_TASK_LIMITATION,,SYNTHETIC_HUMAN_SCENARIO,"{""criterion"":""CODING_VERIFICATION_OMISSION"",""human_rationale"":""해당 단계 직접 근거의 명시적 비진행 기준을 검토했다."",""observation_refs"":[""OB_REVIEW_ML_01_EV_APP0177_PRE_ASSESSMENT_CODING_TEST_M1_SKILL_03"",""OB_REVIEW_HM_01_EV_APP0177_PRE_ASSESSMENT_CODING_TEST_M1_SKILL_03""],""stage"":""PRE_ASSESSMENT""}"
APP0210_PRE_ASSESSMENT,APP0210,C0210,PRE_ASSESSMENT,2026-11-10T11:35:00+09:00,2026-11-11T11:35:00+09:00,2026-11-18T11:35:00+09:00,2026-11-18T13:05:00+09:00,2026-11-23T13:05:00+09:00,2026-11-25T13:05:00+09:00,,ADVANCED,PRE_TASK_COMPLETE,,SYNTHETIC_HUMAN_SCENARIO,"{""criterion"":""CODING_VERIFICATION_OMISSION"",""human_rationale"":""단계 활동과 관찰을 검토하여 다음 판단으로 진행한다. 미관찰은 부족/탈락과 동일하지 않다."",""observation_refs"":[""OB_REVIEW_ML_01_EV_APP0210_PRE_ASSESSMENT_CODING_TEST_M1_SKILL_03"",""OB_REVIEW_HM_01_EV_APP0210_PRE_ASSESSMENT_CODING_TEST_M1_SKILL_03""],""stage"":""PRE_ASSESSMENT""}"
APP0140_PRE_ASSESSMENT,APP0140,C0140,PRE_ASSESSMENT,2026-11-10T11:40:00+09:00,2026-11-11T11:40:00+09:00,2026-11-18T11:40:00+09:00,2026-11-18T13:20:00+09:00,2026-11-21T13:20:00+09:00,2026-11-21T13:20:00+09:00,,ADVANCED,PRE_TASK_COMPLETE,,SYNTHETIC_HUMAN_SCENARIO,"{""criterion"":""CODING_VERIFICATION_OMISSION"",""human_rationale"":""단계 활동과 관찰을 검토하여 다음 판단으로 진행한다. 미관찰은 부족/탈락과 동일하지 않다."",""observation_refs"":[""OB_REVIEW_ML_01_EV_APP0140_PRE_ASSESSMENT_CODING_TEST_M1_SKILL_03"",""OB_REVIEW_HM_01_EV_APP0140_PRE_ASSESSMENT_CODING_TEST_M1_SKILL_03""],""stage"":""PRE_ASSESSMENT""}"
APP0292_PRE_ASSESSMENT,APP0292,C0292,PRE_ASSESSMENT,2026-11-10T13:25:00+09:00,2026-11-11T13:25:00+09:00,2026-11-21T13:25:00+09:00,,,,,IN_PROGRESS,,,,"{""motive"":""UNKNOWN"",""operational_state"":""NO_RESPONSE_PENDING""}"
APP0269_PRE_ASSESSMENT,APP0269,C0269,PRE_ASSESSMENT,2026-11-10T13:45:00+09:00,2026-11-11T13:45:00+09:00,2026-11-15T13:45:00+09:00,2026-11-15T15:25:00+09:00,2026-11-18T15:25:00+09:00,2026-11-22T15:25:00+09:00,,ADVANCED,PRE_TASK_COMPLETE,,SYNTHETIC_HUMAN_SCENARIO,"{""criterion"":""CODING_VERIFICATION_OMISSION"",""human_rationale"":""단계 활동과 관찰을 검토하여 다음 판단으로 진행한다. 미관찰은 부족/탈락과 동일하지 않다."",""observation_refs"":[""OB_REVIEW_ML_01_EV_APP0269_PRE_ASSESSMENT_CODING_TEST_M1_SKILL_03"",""OB_REVIEW_HM_01_EV_APP0269_PRE_ASSESSMENT_CODING_TEST_M1_SKILL_03""],""stage"":""PRE_ASSESSMENT""}"
APP0297_PRE_ASSESSMENT,APP0297,C0297,PRE_ASSESSMENT,2026-11-10T14:31:00+09:00,2026-11-11T14:31:00+09:00,2026-11-18T14:31:00+09:00,2026-11-18T15:56:00+09:00,2026-11-21T15:56:00+09:00,2026-11-22T15:56:00+09:00,,ADVANCED,PRE_TASK_COMPLETE,,SYNTHETIC_HUMAN_SCENARIO,"{""criterion"":""CODING_VERIFICATION_OMISSION"",""human_rationale"":""단계 활동과 관찰을 검토하여 다음 판단으로 진행한다. 미관찰은 부족/탈락과 동일하지 않다."",""observation_refs"":[""OB_REVIEW_ML_01_EV_APP0297_PRE_ASSESSMENT_CODING_TEST_M1_SKILL_03"",""OB_REVIEW_HM_01_EV_APP0297_PRE_ASSESSMENT_CODING_TEST_M1_SKILL_03""],""stage"":""PRE_ASSESSMENT""}"
APP0235_PRE_ASSESSMENT,APP0235,C0235,PRE_ASSESSMENT,2026-11-10T14:59:00+09:00,2026-11-11T14:59:00+09:00,2026-11-15T14:59:00+09:00,2026-11-15T16:54:00+09:00,2026-11-17T16:54:00+09:00,2026-11-19T16:54:00+09:00,,ADVANCED,PRE_TASK_COMPLETE,,SYNTHETIC_HUMAN_SCENARIO,"{""criterion"":""CODING_VERIFICATION_OMISSION"",""human_rationale"":""단계 활동과 관찰을 검토하여 다음 판단으로 진행한다. 미관찰은 부족/탈락과 동일하지 않다."",""observation_refs"":[""OB_REVIEW_ML_01_EV_APP0235_PRE_ASSESSMENT_CODING_TEST_M1_SKILL_03"",""OB_REVIEW_HM_01_EV_APP0235_PRE_ASSESSMENT_CODING_TEST_M1_SKILL_03""],""stage"":""PRE_ASSESSMENT""}"
APP0206_PRE_ASSESSMENT,APP0206,C0206,PRE_ASSESSMENT,2026-11-10T15:47:00+09:00,2026-11-11T15:47:00+09:00,2026-11-21T15:47:00+09:00,2026-11-21T17:42:00+09:00,2026-11-24T17:42:00+09:00,2026-11-26T17:42:00+09:00,,FAILED,DIRECT_TASK_LIMITATION,,SYNTHETIC_HUMAN_SCENARIO,"{""criterion"":""CODING_VERIFICATION_OMISSION"",""human_rationale"":""해당 단계 직접 근거의 명시적 비진행 기준을 검토했다."",""observation_refs"":[""OB_REVIEW_ML_01_EV_APP0206_PRE_ASSESSMENT_CODING_TEST_M1_SKILL_03"",""OB_REVIEW_HM_01_EV_APP0206_PRE_ASSESSMENT_CODING_TEST_M1_SKILL_03""],""stage"":""PRE_ASSESSMENT""}"
APP0203_PRE_ASSESSMENT,APP0203,C0203,PRE_ASSESSMENT,2026-11-10T16:59:00+09:00,2026-11-11T16:59:00+09:00,2026-11-15T16:59:00+09:00,2026-11-15T18:44:00+09:00,2026-11-18T18:44:00+09:00,2026-11-20T18:44:00+09:00,,FAILED,DIRECT_TASK_LIMITATION,,SYNTHETIC_HUMAN_SCENARIO,"{""criterion"":""CODING_VERIFICATION_OMISSION"",""human_rationale"":""해당 단계 직접 근거의 명시적 비진행 기준을 검토했다."",""observation_refs"":[""OB_REVIEW_ML_01_EV_APP0203_PRE_ASSESSMENT_CODING_TEST_M1_SKILL_03"",""OB_REVIEW_HM_01_EV_APP0203_PRE_ASSESSMENT_CODING_TEST_M1_SKILL_03""],""stage"":""PRE_ASSESSMENT""}"
APP0286_PRE_ASSESSMENT,APP0286,C0286,PRE_ASSESSMENT,2026-11-10T16:59:00+09:00,2026-11-11T16:59:00+09:00,2026-11-18T16:59:00+09:00,2026-11-18T18:44:00+09:00,2026-11-20T18:44:00+09:00,2026-11-22T18:44:00+09:00,,ADVANCED,PRE_TASK_COMPLETE,,SYNTHETIC_HUMAN_SCENARIO,"{""criterion"":""CODING_VERIFICATION_OMISSION"",""human_rationale"":""단계 활동과 관찰을 검토하여 다음 판단으로 진행한다. 미관찰은 부족/탈락과 동일하지 않다."",""observation_refs"":[""OB_REVIEW_ML_01_EV_APP0286_PRE_ASSESSMENT_CODING_TEST_M1_SKILL_03"",""OB_REVIEW_HM_01_EV_APP0286_PRE_ASSESSMENT_CODING_TEST_M1_SKILL_03""],""stage"":""PRE_ASSESSMENT""}"
APP0194_PRE_ASSESSMENT,APP0194,C0194,PRE_ASSESSMENT,2026-11-11T12:48:00+09:00,2026-11-12T12:48:00+09:00,2026-11-16T12:48:00+09:00,2026-11-16T14:18:00+09:00,2026-11-21T14:18:00+09:00,2026-11-25T14:18:00+09:00,,ADVANCED,PRE_TASK_COMPLETE,,SYNTHETIC_HUMAN_SCENARIO,"{""criterion"":""CODING_VERIFICATION_OMISSION"",""human_rationale"":""단계 활동과 관찰을 검토하여 다음 판단으로 진행한다. 미관찰은 부족/탈락과 동일하지 않다."",""observation_refs"":[""OB_REVIEW_ML_01_EV_APP0194_PRE_ASSESSMENT_CODING_TEST_M1_SKILL_03"",""OB_REVIEW_HM_01_EV_APP0194_PRE_ASSESSMENT_CODING_TEST_M1_SKILL_03""],""stage"":""PRE_ASSESSMENT""}"
APP0192_PRE_ASSESSMENT,APP0192,C0192,PRE_ASSESSMENT,2026-11-11T13:29:00+09:00,2026-11-12T13:29:00+09:00,2026-11-16T13:29:00+09:00,,,,,IN_PROGRESS,,,,"{""motive"":""UNKNOWN"",""operational_state"":""NO_RESPONSE_PENDING""}"
APP0302_PRE_ASSESSMENT,APP0302,C0302,PRE_ASSESSMENT,2026-11-11T13:49:00+09:00,2026-11-12T13:49:00+09:00,2026-11-19T13:49:00+09:00,2026-11-19T15:34:00+09:00,2026-11-22T15:34:00+09:00,2026-11-26T15:34:00+09:00,,ADVANCED,PRE_TASK_COMPLETE,,SYNTHETIC_HUMAN_SCENARIO,"{""criterion"":""CODING_VERIFICATION_OMISSION"",""human_rationale"":""단계 활동과 관찰을 검토하여 다음 판단으로 진행한다. 미관찰은 부족/탈락과 동일하지 않다."",""observation_refs"":[""OB_REVIEW_ML_01_EV_APP0302_PRE_ASSESSMENT_CODING_TEST_M1_SKILL_03"",""OB_REVIEW_HM_01_EV_APP0302_PRE_ASSESSMENT_CODING_TEST_M1_SKILL_03""],""stage"":""PRE_ASSESSMENT""}"
APP0296_PRE_ASSESSMENT,APP0296,C0296,PRE_ASSESSMENT,2026-11-11T14:02:00+09:00,2026-11-12T14:02:00+09:00,2026-11-16T14:02:00+09:00,2026-11-16T15:52:00+09:00,2026-11-17T15:52:00+09:00,2026-11-21T15:52:00+09:00,,ADVANCED,PRE_TASK_COMPLETE,,SYNTHETIC_HUMAN_SCENARIO,"{""criterion"":""CODING_VERIFICATION_OMISSION"",""human_rationale"":""단계 활동과 관찰을 검토하여 다음 판단으로 진행한다. 미관찰은 부족/탈락과 동일하지 않다."",""observation_refs"":[""OB_REVIEW_ML_01_EV_APP0296_PRE_ASSESSMENT_CODING_TEST_M1_SKILL_03"",""OB_REVIEW_HM_01_EV_APP0296_PRE_ASSESSMENT_CODING_TEST_M1_SKILL_03""],""stage"":""PRE_ASSESSMENT""}"
APP0256_PRE_ASSESSMENT,APP0256,C0256,PRE_ASSESSMENT,2026-11-11T15:31:00+09:00,2026-11-12T15:31:00+09:00,2026-11-16T15:31:00+09:00,2026-11-16T17:16:00+09:00,2026-11-18T17:16:00+09:00,2026-11-22T17:16:00+09:00,,ADVANCED,PRE_TASK_COMPLETE,,SYNTHETIC_HUMAN_SCENARIO,"{""criterion"":""CODING_VERIFICATION_OMISSION"",""human_rationale"":""단계 활동과 관찰을 검토하여 다음 판단으로 진행한다. 미관찰은 부족/탈락과 동일하지 않다."",""observation_refs"":[""OB_REVIEW_ML_01_EV_APP0256_PRE_ASSESSMENT_CODING_TEST_M1_SKILL_03"",""OB_REVIEW_HM_01_EV_APP0256_PRE_ASSESSMENT_CODING_TEST_M1_SKILL_03""],""stage"":""PRE_ASSESSMENT""}"
APP0272_PRE_ASSESSMENT,APP0272,C0272,PRE_ASSESSMENT,2026-11-11T16:29:00+09:00,2026-11-12T16:29:00+09:00,2026-11-22T16:29:00+09:00,2026-11-22T18:14:00+09:00,2026-11-24T18:14:00+09:00,2026-11-25T18:14:00+09:00,,ADVANCED,PRE_TASK_COMPLETE,,SYNTHETIC_HUMAN_SCENARIO,"{""criterion"":""CODING_VERIFICATION_OMISSION"",""human_rationale"":""단계 활동과 관찰을 검토하여 다음 판단으로 진행한다. 미관찰은 부족/탈락과 동일하지 않다."",""observation_refs"":[""OB_REVIEW_ML_01_EV_APP0272_PRE_ASSESSMENT_CODING_TEST_M1_SKILL_03"",""OB_REVIEW_HM_01_EV_APP0272_PRE_ASSESSMENT_CODING_TEST_M1_SKILL_03""],""stage"":""PRE_ASSESSMENT""}"
APP0310_PRE_ASSESSMENT,APP0310,C0310,PRE_ASSESSMENT,2026-11-11T16:52:00+09:00,2026-11-12T16:52:00+09:00,2026-11-22T16:52:00+09:00,,,,,IN_PROGRESS,,,,"{""motive"":""UNKNOWN"",""operational_state"":""NO_RESPONSE_PENDING""}"
APP0325_PRE_ASSESSMENT,APP0325,C0325,PRE_ASSESSMENT,2026-11-12T10:18:00+09:00,2026-11-13T10:18:00+09:00,2026-11-20T10:18:00+09:00,2026-11-20T12:03:00+09:00,2026-11-25T12:03:00+09:00,2026-11-26T12:03:00+09:00,,ADVANCED,PRE_TASK_COMPLETE,,SYNTHETIC_HUMAN_SCENARIO,"{""criterion"":""CODING_VERIFICATION_OMISSION"",""human_rationale"":""단계 활동과 관찰을 검토하여 다음 판단으로 진행한다. 미관찰은 부족/탈락과 동일하지 않다."",""observation_refs"":[""OB_REVIEW_ML_01_EV_APP0325_PRE_ASSESSMENT_CODING_TEST_M1_SKILL_03"",""OB_REVIEW_HM_01_EV_APP0325_PRE_ASSESSMENT_CODING_TEST_M1_SKILL_03""],""stage"":""PRE_ASSESSMENT""}"
APP0327_PRE_ASSESSMENT,APP0327,C0327,PRE_ASSESSMENT,2026-11-12T11:19:00+09:00,2026-11-13T11:19:00+09:00,2026-11-23T11:19:00+09:00,2026-11-23T13:04:00+09:00,2026-11-25T13:04:00+09:00,2026-11-29T13:04:00+09:00,,FAILED,DIRECT_TASK_LIMITATION,,SYNTHETIC_HUMAN_SCENARIO,"{""criterion"":""CODING_VERIFICATION_OMISSION"",""human_rationale"":""해당 단계 직접 근거의 명시적 비진행 기준을 검토했다."",""observation_refs"":[""OB_REVIEW_ML_01_EV_APP0327_PRE_ASSESSMENT_CODING_TEST_M1_SKILL_03"",""OB_REVIEW_HM_01_EV_APP0327_PRE_ASSESSMENT_CODING_TEST_M1_SKILL_03""],""stage"":""PRE_ASSESSMENT""}"
APP0295_PRE_ASSESSMENT,APP0295,C0295,PRE_ASSESSMENT,2026-11-12T11:54:00+09:00,2026-11-13T11:54:00+09:00,2026-11-23T11:54:00+09:00,2026-11-23T13:39:00+09:00,2026-11-28T13:39:00+09:00,2026-11-28T13:39:00+09:00,,ADVANCED,PRE_TASK_COMPLETE,,SYNTHETIC_HUMAN_SCENARIO,"{""criterion"":""CODING_VERIFICATION_OMISSION"",""human_rationale"":""단계 활동과 관찰을 검토하여 다음 판단으로 진행한다. 미관찰은 부족/탈락과 동일하지 않다."",""observation_refs"":[""OB_REVIEW_ML_01_EV_APP0295_PRE_ASSESSMENT_CODING_TEST_M1_SKILL_03"",""OB_REVIEW_HM_01_EV_APP0295_PRE_ASSESSMENT_CODING_TEST_M1_SKILL_03""],""stage"":""PRE_ASSESSMENT""}"
APP0307_PRE_ASSESSMENT,APP0307,C0307,PRE_ASSESSMENT,2026-11-12T12:03:00+09:00,2026-11-13T12:03:00+09:00,2026-11-23T12:03:00+09:00,2026-11-23T13:58:00+09:00,2026-11-28T13:58:00+09:00,2026-11-30T13:58:00+09:00,,ADVANCED,PRE_TASK_COMPLETE,,SYNTHETIC_HUMAN_SCENARIO,"{""criterion"":""CODING_VERIFICATION_OMISSION"",""human_rationale"":""단계 활동과 관찰을 검토하여 다음 판단으로 진행한다. 미관찰은 부족/탈락과 동일하지 않다."",""observation_refs"":[""OB_REVIEW_ML_01_EV_APP0307_PRE_ASSESSMENT_CODING_TEST_M1_SKILL_03"",""OB_REVIEW_HM_01_EV_APP0307_PRE_ASSESSMENT_CODING_TEST_M1_SKILL_03""],""stage"":""PRE_ASSESSMENT""}"
APP0254_PRE_ASSESSMENT,APP0254,C0254,PRE_ASSESSMENT,2026-11-12T13:17:00+09:00,2026-11-13T13:17:00+09:00,2026-11-23T13:17:00+09:00,2026-11-23T15:02:00+09:00,2026-11-25T15:02:00+09:00,2026-11-25T15:02:00+09:00,,ADVANCED,PRE_TASK_COMPLETE,,SYNTHETIC_HUMAN_SCENARIO,"{""criterion"":""CODING_VERIFICATION_OMISSION"",""human_rationale"":""단계 활동과 관찰을 검토하여 다음 판단으로 진행한다. 미관찰은 부족/탈락과 동일하지 않다."",""observation_refs"":[""OB_REVIEW_ML_01_EV_APP0254_PRE_ASSESSMENT_CODING_TEST_M1_SKILL_03"",""OB_REVIEW_HM_01_EV_APP0254_PRE_ASSESSMENT_CODING_TEST_M1_SKILL_03""],""stage"":""PRE_ASSESSMENT""}"
APP0289_PRE_ASSESSMENT,APP0289,C0289,PRE_ASSESSMENT,2026-11-12T14:31:00+09:00,2026-11-13T14:31:00+09:00,2026-11-20T14:31:00+09:00,2026-11-20T16:21:00+09:00,2026-11-25T16:21:00+09:00,2026-11-26T16:21:00+09:00,,ADVANCED,PRE_TASK_COMPLETE,,SYNTHETIC_HUMAN_SCENARIO,"{""criterion"":""CODING_VERIFICATION_OMISSION"",""human_rationale"":""단계 활동과 관찰을 검토하여 다음 판단으로 진행한다. 미관찰은 부족/탈락과 동일하지 않다."",""observation_refs"":[""OB_REVIEW_ML_01_EV_APP0289_PRE_ASSESSMENT_CODING_TEST_M1_SKILL_03"",""OB_REVIEW_HM_01_EV_APP0289_PRE_ASSESSMENT_CODING_TEST_M1_SKILL_03""],""stage"":""PRE_ASSESSMENT""}"
APP0276_PRE_ASSESSMENT,APP0276,C0276,PRE_ASSESSMENT,2026-11-12T14:51:00+09:00,2026-11-13T14:51:00+09:00,2026-11-23T14:51:00+09:00,2026-11-23T16:36:00+09:00,2026-11-24T16:36:00+09:00,2026-11-28T16:36:00+09:00,,FAILED,DIRECT_TASK_LIMITATION,,SYNTHETIC_HUMAN_SCENARIO,"{""criterion"":""CODING_VERIFICATION_OMISSION"",""human_rationale"":""해당 단계 직접 근거의 명시적 비진행 기준을 검토했다."",""observation_refs"":[""OB_REVIEW_ML_01_EV_APP0276_PRE_ASSESSMENT_CODING_TEST_M1_SKILL_03"",""OB_REVIEW_HM_01_EV_APP0276_PRE_ASSESSMENT_CODING_TEST_M1_SKILL_03""],""stage"":""PRE_ASSESSMENT""}"
APP0330_PRE_ASSESSMENT,APP0330,C0330,PRE_ASSESSMENT,2026-11-12T16:49:00+09:00,2026-11-13T16:49:00+09:00,2026-11-23T16:49:00+09:00,,,,2026-11-15T16:49:00+09:00,WITHDRAWN,,UNKNOWN,,
APP0218_PRE_ASSESSMENT,APP0218,C0218,PRE_ASSESSMENT,2026-11-12T17:09:00+09:00,2026-11-13T17:09:00+09:00,2026-11-23T17:09:00+09:00,2026-11-23T18:34:00+09:00,2026-11-24T18:34:00+09:00,2026-11-24T18:34:00+09:00,,FAILED,DIRECT_TASK_LIMITATION,,SYNTHETIC_HUMAN_SCENARIO,"{""criterion"":""CODING_VERIFICATION_OMISSION"",""human_rationale"":""해당 단계 직접 근거의 명시적 비진행 기준을 검토했다."",""observation_refs"":[""OB_REVIEW_ML_01_EV_APP0218_PRE_ASSESSMENT_CODING_TEST_M1_SKILL_03"",""OB_REVIEW_HM_01_EV_APP0218_PRE_ASSESSMENT_CODING_TEST_M1_SKILL_03""],""stage"":""PRE_ASSESSMENT""}"
APP0342_PRE_ASSESSMENT,APP0342,C0342,PRE_ASSESSMENT,2026-11-12T17:24:00+09:00,2026-11-13T17:24:00+09:00,2026-11-17T17:24:00+09:00,2026-11-17T18:59:00+09:00,2026-11-20T18:59:00+09:00,2026-11-24T18:59:00+09:00,,ADVANCED,PRE_TASK_COMPLETE,,SYNTHETIC_HUMAN_SCENARIO,"{""criterion"":""CODING_VERIFICATION_OMISSION"",""human_rationale"":""단계 활동과 관찰을 검토하여 다음 판단으로 진행한다. 미관찰은 부족/탈락과 동일하지 않다."",""observation_refs"":[""OB_REVIEW_ML_01_EV_APP0342_PRE_ASSESSMENT_CODING_TEST_M1_SKILL_03"",""OB_REVIEW_HM_01_EV_APP0342_PRE_ASSESSMENT_CODING_TEST_M1_SKILL_03""],""stage"":""PRE_ASSESSMENT""}"
APP0326_PRE_ASSESSMENT,APP0326,C0326,PRE_ASSESSMENT,2026-11-13T11:26:00+09:00,2026-11-14T11:26:00+09:00,2026-11-24T11:26:00+09:00,2026-11-24T13:11:00+09:00,2026-11-29T13:11:00+09:00,2026-12-03T13:11:00+09:00,,ADVANCED,PRE_TASK_COMPLETE,,SYNTHETIC_HUMAN_SCENARIO,"{""criterion"":""CODING_VERIFICATION_OMISSION"",""human_rationale"":""단계 활동과 관찰을 검토하여 다음 판단으로 진행한다. 미관찰은 부족/탈락과 동일하지 않다."",""observation_refs"":[""OB_REVIEW_ML_01_EV_APP0326_PRE_ASSESSMENT_CODING_TEST_M1_SKILL_03"",""OB_REVIEW_HM_01_EV_APP0326_PRE_ASSESSMENT_CODING_TEST_M1_SKILL_03""],""stage"":""PRE_ASSESSMENT""}"
APP0337_PRE_ASSESSMENT,APP0337,C0337,PRE_ASSESSMENT,2026-11-13T12:00:00+09:00,2026-11-14T12:00:00+09:00,2026-11-18T12:00:00+09:00,,,,2026-11-16T12:00:00+09:00,WITHDRAWN,,UNKNOWN,,
APP0314_PRE_ASSESSMENT,APP0314,C0314,PRE_ASSESSMENT,2026-11-13T12:25:00+09:00,2026-11-14T12:25:00+09:00,2026-11-24T12:25:00+09:00,2026-11-24T14:10:00+09:00,2026-11-25T14:10:00+09:00,2026-11-29T14:10:00+09:00,,ADVANCED,PRE_TASK_COMPLETE,,SYNTHETIC_HUMAN_SCENARIO,"{""criterion"":""CODING_VERIFICATION_OMISSION"",""human_rationale"":""단계 활동과 관찰을 검토하여 다음 판단으로 진행한다. 미관찰은 부족/탈락과 동일하지 않다."",""observation_refs"":[""OB_REVIEW_ML_01_EV_APP0314_PRE_ASSESSMENT_CODING_TEST_M1_SKILL_03"",""OB_REVIEW_HM_01_EV_APP0314_PRE_ASSESSMENT_CODING_TEST_M1_SKILL_03""],""stage"":""PRE_ASSESSMENT""}"
APP0237_PRE_ASSESSMENT,APP0237,C0237,PRE_ASSESSMENT,2026-11-13T14:14:00+09:00,2026-11-14T14:14:00+09:00,2026-11-21T14:14:00+09:00,2026-11-21T15:44:00+09:00,2026-11-26T15:44:00+09:00,2026-11-26T15:44:00+09:00,,ADVANCED,PRE_TASK_COMPLETE,,SYNTHETIC_HUMAN_SCENARIO,"{""criterion"":""CODING_VERIFICATION_OMISSION"",""human_rationale"":""단계 활동과 관찰을 검토하여 다음 판단으로 진행한다. 미관찰은 부족/탈락과 동일하지 않다."",""observation_refs"":[""OB_REVIEW_ML_01_EV_APP0237_PRE_ASSESSMENT_CODING_TEST_M1_SKILL_03"",""OB_REVIEW_HM_01_EV_APP0237_PRE_ASSESSMENT_CODING_TEST_M1_SKILL_03""],""stage"":""PRE_ASSESSMENT""}"
APP0238_PRE_ASSESSMENT,APP0238,C0238,PRE_ASSESSMENT,2026-11-13T14:45:00+09:00,2026-11-14T14:45:00+09:00,2026-11-24T14:45:00+09:00,2026-11-24T16:40:00+09:00,2026-11-25T16:40:00+09:00,2026-11-25T16:40:00+09:00,,ADVANCED,PRE_TASK_COMPLETE,,SYNTHETIC_HUMAN_SCENARIO,"{""criterion"":""CODING_VERIFICATION_OMISSION"",""human_rationale"":""단계 활동과 관찰을 검토하여 다음 판단으로 진행한다. 미관찰은 부족/탈락과 동일하지 않다."",""observation_refs"":[""OB_REVIEW_ML_01_EV_APP0238_PRE_ASSESSMENT_CODING_TEST_M1_SKILL_03"",""OB_REVIEW_HM_01_EV_APP0238_PRE_ASSESSMENT_CODING_TEST_M1_SKILL_03""],""stage"":""PRE_ASSESSMENT""}"
APP0322_PRE_ASSESSMENT,APP0322,C0322,PRE_ASSESSMENT,2026-11-13T14:57:00+09:00,2026-11-14T14:57:00+09:00,2026-11-24T14:57:00+09:00,2026-11-24T16:22:00+09:00,2026-11-25T16:22:00+09:00,2026-11-27T16:22:00+09:00,,ADVANCED,PRE_TASK_COMPLETE,,SYNTHETIC_HUMAN_SCENARIO,"{""criterion"":""CODING_VERIFICATION_OMISSION"",""human_rationale"":""단계 활동과 관찰을 검토하여 다음 판단으로 진행한다. 미관찰은 부족/탈락과 동일하지 않다."",""observation_refs"":[""OB_REVIEW_ML_01_EV_APP0322_PRE_ASSESSMENT_CODING_TEST_M1_SKILL_03"",""OB_REVIEW_HM_01_EV_APP0322_PRE_ASSESSMENT_CODING_TEST_M1_SKILL_03""],""stage"":""PRE_ASSESSMENT""}"
APP0275_PRE_ASSESSMENT,APP0275,C0275,PRE_ASSESSMENT,2026-11-13T15:00:00+09:00,2026-11-14T15:00:00+09:00,2026-11-24T15:00:00+09:00,2026-11-24T16:40:00+09:00,2026-11-26T16:40:00+09:00,2026-11-26T16:40:00+09:00,,ADVANCED,PRE_TASK_COMPLETE,,SYNTHETIC_HUMAN_SCENARIO,"{""criterion"":""CODING_VERIFICATION_OMISSION"",""human_rationale"":""단계 활동과 관찰을 검토하여 다음 판단으로 진행한다. 미관찰은 부족/탈락과 동일하지 않다."",""observation_refs"":[""OB_REVIEW_ML_01_EV_APP0275_PRE_ASSESSMENT_CODING_TEST_M1_SKILL_03"",""OB_REVIEW_HM_01_EV_APP0275_PRE_ASSESSMENT_CODING_TEST_M1_SKILL_03""],""stage"":""PRE_ASSESSMENT""}"
APP0335_PRE_ASSESSMENT,APP0335,C0335,PRE_ASSESSMENT,2026-11-13T15:10:00+09:00,2026-11-14T15:10:00+09:00,2026-11-21T15:10:00+09:00,2026-11-21T17:00:00+09:00,2026-11-26T17:00:00+09:00,2026-11-28T17:00:00+09:00,,ADVANCED,PRE_TASK_COMPLETE,,SYNTHETIC_HUMAN_SCENARIO,"{""criterion"":""CODING_VERIFICATION_OMISSION"",""human_rationale"":""단계 활동과 관찰을 검토하여 다음 판단으로 진행한다. 미관찰은 부족/탈락과 동일하지 않다."",""observation_refs"":[""OB_REVIEW_ML_01_EV_APP0335_PRE_ASSESSMENT_CODING_TEST_M1_SKILL_03"",""OB_REVIEW_HM_01_EV_APP0335_PRE_ASSESSMENT_CODING_TEST_M1_SKILL_03""],""stage"":""PRE_ASSESSMENT""}"
APP0331_PRE_ASSESSMENT,APP0331,C0331,PRE_ASSESSMENT,2026-11-13T16:00:00+09:00,2026-11-14T16:00:00+09:00,2026-11-21T16:00:00+09:00,,,,,IN_PROGRESS,,,,"{""motive"":""UNKNOWN"",""operational_state"":""NO_RESPONSE_PENDING""}"
APP0338_PRE_ASSESSMENT,APP0338,C0338,PRE_ASSESSMENT,2026-11-13T17:08:00+09:00,2026-11-14T17:08:00+09:00,2026-11-21T17:08:00+09:00,2026-11-21T18:33:00+09:00,2026-11-23T18:33:00+09:00,2026-11-25T18:33:00+09:00,,ADVANCED,PRE_TASK_COMPLETE,,SYNTHETIC_HUMAN_SCENARIO,"{""criterion"":""CODING_VERIFICATION_OMISSION"",""human_rationale"":""단계 활동과 관찰을 검토하여 다음 판단으로 진행한다. 미관찰은 부족/탈락과 동일하지 않다."",""observation_refs"":[""OB_REVIEW_ML_01_EV_APP0338_PRE_ASSESSMENT_CODING_TEST_M1_SKILL_03"",""OB_REVIEW_HM_01_EV_APP0338_PRE_ASSESSMENT_CODING_TEST_M1_SKILL_03""],""stage"":""PRE_ASSESSMENT""}"
APP0324_PRE_ASSESSMENT,APP0324,C0324,PRE_ASSESSMENT,2026-11-14T15:28:00+09:00,2026-11-15T15:28:00+09:00,2026-11-22T15:28:00+09:00,2026-11-22T17:08:00+09:00,2026-11-23T17:08:00+09:00,2026-11-23T17:08:00+09:00,,ADVANCED,PRE_TASK_COMPLETE,,SYNTHETIC_HUMAN_SCENARIO,"{""criterion"":""CODING_VERIFICATION_OMISSION"",""human_rationale"":""단계 활동과 관찰을 검토하여 다음 판단으로 진행한다. 미관찰은 부족/탈락과 동일하지 않다."",""observation_refs"":[""OB_REVIEW_ML_01_EV_APP0324_PRE_ASSESSMENT_CODING_TEST_M1_SKILL_03"",""OB_REVIEW_HM_01_EV_APP0324_PRE_ASSESSMENT_CODING_TEST_M1_SKILL_03""],""stage"":""PRE_ASSESSMENT""}"
APP0299_PRE_ASSESSMENT,APP0299,C0299,PRE_ASSESSMENT,2026-11-14T16:23:00+09:00,2026-11-15T16:23:00+09:00,2026-11-22T16:23:00+09:00,2026-11-22T18:08:00+09:00,2026-11-27T18:08:00+09:00,2026-11-29T18:08:00+09:00,,ADVANCED,PRE_TASK_COMPLETE,,SYNTHETIC_HUMAN_SCENARIO,"{""criterion"":""CODING_VERIFICATION_OMISSION"",""human_rationale"":""단계 활동과 관찰을 검토하여 다음 판단으로 진행한다. 미관찰은 부족/탈락과 동일하지 않다."",""observation_refs"":[""OB_REVIEW_ML_01_EV_APP0299_PRE_ASSESSMENT_CODING_TEST_M1_SKILL_03"",""OB_REVIEW_HM_01_EV_APP0299_PRE_ASSESSMENT_CODING_TEST_M1_SKILL_03""],""stage"":""PRE_ASSESSMENT""}"
APP0262_PRE_ASSESSMENT,APP0262,C0262,PRE_ASSESSMENT,2026-11-14T16:53:00+09:00,2026-11-15T16:53:00+09:00,2026-11-22T16:53:00+09:00,,,,,IN_PROGRESS,,,,"{""motive"":""UNKNOWN"",""operational_state"":""NO_RESPONSE_PENDING""}"
APP0319_PRE_ASSESSMENT,APP0319,C0319,PRE_ASSESSMENT,2026-11-15T12:49:00+09:00,2026-11-16T12:49:00+09:00,2026-11-23T12:49:00+09:00,2026-11-23T14:24:00+09:00,2026-11-25T14:24:00+09:00,2026-11-25T14:24:00+09:00,,ADVANCED,PRE_TASK_COMPLETE,,SYNTHETIC_HUMAN_SCENARIO,"{""criterion"":""CODING_VERIFICATION_OMISSION"",""human_rationale"":""단계 활동과 관찰을 검토하여 다음 판단으로 진행한다. 미관찰은 부족/탈락과 동일하지 않다."",""observation_refs"":[""OB_REVIEW_ML_01_EV_APP0319_PRE_ASSESSMENT_CODING_TEST_M1_SKILL_03"",""OB_REVIEW_HM_01_EV_APP0319_PRE_ASSESSMENT_CODING_TEST_M1_SKILL_03""],""stage"":""PRE_ASSESSMENT""}"
APP0288_PRE_ASSESSMENT,APP0288,C0288,PRE_ASSESSMENT,2026-11-15T14:39:00+09:00,2026-11-16T14:39:00+09:00,2026-11-26T14:39:00+09:00,2026-11-26T16:14:00+09:00,2026-11-29T16:14:00+09:00,2026-12-01T16:14:00+09:00,,ADVANCED,PRE_TASK_COMPLETE,,SYNTHETIC_HUMAN_SCENARIO,"{""criterion"":""CODING_VERIFICATION_OMISSION"",""human_rationale"":""단계 활동과 관찰을 검토하여 다음 판단으로 진행한다. 미관찰은 부족/탈락과 동일하지 않다."",""observation_refs"":[""OB_REVIEW_ML_01_EV_APP0288_PRE_ASSESSMENT_CODING_TEST_M1_SKILL_03"",""OB_REVIEW_HM_01_EV_APP0288_PRE_ASSESSMENT_CODING_TEST_M1_SKILL_03""],""stage"":""PRE_ASSESSMENT""}"
APP0320_PRE_ASSESSMENT,APP0320,C0320,PRE_ASSESSMENT,2026-11-16T10:42:00+09:00,2026-11-17T10:42:00+09:00,2026-11-24T10:42:00+09:00,,,,,IN_PROGRESS,,,,"{""motive"":""UNKNOWN"",""operational_state"":""NO_RESPONSE_PENDING""}"
APP0270_PRE_ASSESSMENT,APP0270,C0270,PRE_ASSESSMENT,2026-11-16T12:38:00+09:00,2026-11-17T12:38:00+09:00,2026-11-24T12:38:00+09:00,2026-11-24T14:08:00+09:00,2026-11-27T14:08:00+09:00,2026-11-28T14:08:00+09:00,,ADVANCED,PRE_TASK_COMPLETE,,SYNTHETIC_HUMAN_SCENARIO,"{""criterion"":""CODING_VERIFICATION_OMISSION"",""human_rationale"":""단계 활동과 관찰을 검토하여 다음 판단으로 진행한다. 미관찰은 부족/탈락과 동일하지 않다."",""observation_refs"":[""OB_REVIEW_ML_01_EV_APP0270_PRE_ASSESSMENT_CODING_TEST_M1_SKILL_03"",""OB_REVIEW_HM_01_EV_APP0270_PRE_ASSESSMENT_CODING_TEST_M1_SKILL_03""],""stage"":""PRE_ASSESSMENT""}"
APP0309_PRE_ASSESSMENT,APP0309,C0309,PRE_ASSESSMENT,2026-11-16T13:04:00+09:00,2026-11-17T13:04:00+09:00,2026-11-24T13:04:00+09:00,2026-11-24T14:59:00+09:00,2026-11-25T14:59:00+09:00,2026-11-26T14:59:00+09:00,,ADVANCED,PRE_TASK_COMPLETE,,SYNTHETIC_HUMAN_SCENARIO,"{""criterion"":""CODING_VERIFICATION_OMISSION"",""human_rationale"":""단계 활동과 관찰을 검토하여 다음 판단으로 진행한다. 미관찰은 부족/탈락과 동일하지 않다."",""observation_refs"":[""OB_REVIEW_ML_01_EV_APP0309_PRE_ASSESSMENT_CODING_TEST_M1_SKILL_03"",""OB_REVIEW_HM_01_EV_APP0309_PRE_ASSESSMENT_CODING_TEST_M1_SKILL_03""],""stage"":""PRE_ASSESSMENT""}"
APP0318_PRE_ASSESSMENT,APP0318,C0318,PRE_ASSESSMENT,2026-11-16T14:11:00+09:00,2026-11-17T14:11:00+09:00,2026-11-27T14:11:00+09:00,2026-11-27T16:06:00+09:00,2026-11-30T16:06:00+09:00,2026-12-04T16:06:00+09:00,,ADVANCED,PRE_TASK_COMPLETE,,SYNTHETIC_HUMAN_SCENARIO,"{""criterion"":""CODING_VERIFICATION_OMISSION"",""human_rationale"":""단계 활동과 관찰을 검토하여 다음 판단으로 진행한다. 미관찰은 부족/탈락과 동일하지 않다."",""observation_refs"":[""OB_REVIEW_ML_01_EV_APP0318_PRE_ASSESSMENT_CODING_TEST_M1_SKILL_03"",""OB_REVIEW_HM_01_EV_APP0318_PRE_ASSESSMENT_CODING_TEST_M1_SKILL_03""],""stage"":""PRE_ASSESSMENT""}"
APP0300_PRE_ASSESSMENT,APP0300,C0300,PRE_ASSESSMENT,2026-11-17T14:41:00+09:00,2026-11-18T14:41:00+09:00,2026-11-28T14:41:00+09:00,2026-11-28T16:21:00+09:00,2026-11-30T16:21:00+09:00,2026-12-01T16:21:00+09:00,,ADVANCED,PRE_TASK_COMPLETE,,SYNTHETIC_HUMAN_SCENARIO,"{""criterion"":""CODING_VERIFICATION_OMISSION"",""human_rationale"":""단계 활동과 관찰을 검토하여 다음 판단으로 진행한다. 미관찰은 부족/탈락과 동일하지 않다."",""observation_refs"":[""OB_REVIEW_ML_01_EV_APP0300_PRE_ASSESSMENT_CODING_TEST_M1_SKILL_03"",""OB_REVIEW_HM_01_EV_APP0300_PRE_ASSESSMENT_CODING_TEST_M1_SKILL_03""],""stage"":""PRE_ASSESSMENT""}"
APP0336_PRE_ASSESSMENT,APP0336,C0336,PRE_ASSESSMENT,2026-11-18T15:01:00+09:00,2026-11-19T15:01:00+09:00,2026-11-26T15:01:00+09:00,2026-11-26T16:41:00+09:00,2026-11-27T16:41:00+09:00,2026-12-01T16:41:00+09:00,,ADVANCED,PRE_TASK_COMPLETE,,SYNTHETIC_HUMAN_SCENARIO,"{""criterion"":""CODING_VERIFICATION_OMISSION"",""human_rationale"":""단계 활동과 관찰을 검토하여 다음 판단으로 진행한다. 미관찰은 부족/탈락과 동일하지 않다."",""observation_refs"":[""OB_REVIEW_ML_01_EV_APP0336_PRE_ASSESSMENT_CODING_TEST_M1_SKILL_03"",""OB_REVIEW_HM_01_EV_APP0336_PRE_ASSESSMENT_CODING_TEST_M1_SKILL_03""],""stage"":""PRE_ASSESSMENT""}"
APP0313_PRE_ASSESSMENT,APP0313,C0313,PRE_ASSESSMENT,2026-11-19T14:06:00+09:00,2026-11-20T14:06:00+09:00,2026-11-27T14:06:00+09:00,2026-11-27T15:46:00+09:00,2026-11-28T15:46:00+09:00,2026-11-30T15:46:00+09:00,,FAILED,DIRECT_TASK_LIMITATION,,SYNTHETIC_HUMAN_SCENARIO,"{""criterion"":""CODING_VERIFICATION_OMISSION"",""human_rationale"":""해당 단계 직접 근거의 명시적 비진행 기준을 검토했다."",""observation_refs"":[""OB_REVIEW_ML_01_EV_APP0313_PRE_ASSESSMENT_CODING_TEST_M1_SKILL_03"",""OB_REVIEW_HM_01_EV_APP0313_PRE_ASSESSMENT_CODING_TEST_M1_SKILL_03""],""stage"":""PRE_ASSESSMENT""}"
APP0334_PRE_ASSESSMENT,APP0334,C0334,PRE_ASSESSMENT,2026-11-22T12:09:00+09:00,2026-11-23T12:09:00+09:00,2026-11-30T12:09:00+09:00,2026-11-30T14:04:00+09:00,2026-12-03T14:04:00+09:00,2026-12-05T14:04:00+09:00,,ADVANCED,PRE_TASK_COMPLETE,,SYNTHETIC_HUMAN_SCENARIO,"{""criterion"":""CODING_VERIFICATION_OMISSION"",""human_rationale"":""단계 활동과 관찰을 검토하여 다음 판단으로 진행한다. 미관찰은 부족/탈락과 동일하지 않다."",""observation_refs"":[""OB_REVIEW_ML_01_EV_APP0334_PRE_ASSESSMENT_CODING_TEST_M1_SKILL_03"",""OB_REVIEW_HM_01_EV_APP0334_PRE_ASSESSMENT_CODING_TEST_M1_SKILL_03""],""stage"":""PRE_ASSESSMENT""}"
APP0002_FIRST_INTERVIEW,APP0002,C0002,FIRST_INTERVIEW,2026-12-06T14:04:00+09:00,2026-12-08T14:04:00+09:00,2026-12-14T09:00:00+09:00,2026-12-14T10:15:00+09:00,2026-12-15T10:35:00+09:00,2026-12-16T10:35:00+09:00,,ADVANCED,FIRST_EVIDENCE_REVIEWED,,SYNTHETIC_HUMAN_SCENARIO,"{""criterion"":""REPEATED_DIRECT_TECHNICAL_LIMITATION"",""human_rationale"":""단계 활동과 관찰을 검토하여 다음 판단으로 진행한다. 미관찰은 부족/탈락과 동일하지 않다."",""observation_refs"":[""OB_REVIEW_ML_01_EV_APP0002_FIRST_INTERVIEW_TECHNICAL_ASSESSMENT_M1_SKILL_01"",""OB_REVIEW_HM_01_EV_APP0002_FIRST_INTERVIEW_TECHNICAL_ASSESSMENT_M1_SKILL_01"",""OB_REVIEW_ML_01_EV_APP0002_FIRST_INTERVIEW_TECHNICAL_ASSESSMENT_M1_SKILL_02"",""OB_REVIEW_HM_01_EV_APP0002_FIRST_INTERVIEW_TECHNICAL_ASSESSMENT_M1_SKILL_02"",""OB_REVIEW_ML_01_EV_APP0002_FIRST_INTERVIEW_TECHNICAL_ASSESSMENT_M1_SKILL_07"",""OB_REVIEW_HM_01_EV_APP0002_FIRST_INTERVIEW_TECHNICAL_ASSESSMENT_M1_SKILL_07"",""OB_REVIEW_ML_01_EV_APP0002_FIRST_INTERVIEW_AI_CASE_M1_SKILL_01"",""OB_REVIEW_HM_01_EV_APP0002_FIRST_INTERVIEW_AI_CASE_M1_SKILL_01"",""OB_REVIEW_ML_01_EV_APP0002_FIRST_INTERVIEW_AI_CASE_M1_SKILL_03"",""OB_REVIEW_HM_01_EV_APP0002_FIRST_INTERVIEW_AI_CASE_M1_SKILL_03"",""OB_REVIEW_ML_01_EV_APP0002_FIRST_INTERVIEW_PRACTITIONER_QA_M1_SKILL_04"",""OB_REVIEW_HM_01_EV_APP0002_FIRST_INTERVIEW_PRACTITIONER_QA_M1_SKILL_04"",""OB_REVIEW_ML_01_EV_APP0002_FIRST_INTERVIEW_PRACTITIONER_QA_M1_SKILL_05"",""OB_REVIEW_HM_01_EV_APP0002_FIRST_INTERVIEW_PRACTITIONER_QA_M1_SKILL_05"",""OB_REVIEW_ML_01_EV_APP0002_FIRST_INTERVIEW_PRACTITIONER_QA_M1_SKILL_06"",""OB_REVIEW_HM_01_EV_APP0002_FIRST_INTERVIEW_PRACTITIONER_QA_M1_SKILL_06"",""OB_REVIEW_ML_01_EV_APP0002_FIRST_INTERVIEW_PRACTITIONER_QA_M1_SKILL_08"",""OB_REVIEW_HM_01_EV_APP0002_FIRST_INTERVIEW_PRACTITIONER_QA_M1_SKILL_08""],""stage"":""FIRST_INTERVIEW""}"
APP0003_FIRST_INTERVIEW,APP0003,C0003,FIRST_INTERVIEW,2026-12-06T14:04:00+09:00,2026-12-08T14:04:00+09:00,2026-12-14T09:00:00+09:00,2026-12-14T10:35:00+09:00,2026-12-16T10:55:00+09:00,2026-12-16T10:55:00+09:00,,ADVANCED,FIRST_EVIDENCE_REVIEWED,,SYNTHETIC_HUMAN_SCENARIO,"{""criterion"":""REPEATED_DIRECT_TECHNICAL_LIMITATION"",""human_rationale"":""단계 활동과 관찰을 검토하여 다음 판단으로 진행한다. 미관찰은 부족/탈락과 동일하지 않다."",""observation_refs"":[""OB_REVIEW_ML_01_EV_APP0003_FIRST_INTERVIEW_TECHNICAL_ASSESSMENT_M1_SKILL_01"",""OB_REVIEW_HM_01_EV_APP0003_FIRST_INTERVIEW_TECHNICAL_ASSESSMENT_M1_SKILL_01"",""OB_REVIEW_ML_01_EV_APP0003_FIRST_INTERVIEW_TECHNICAL_ASSESSMENT_M1_SKILL_02"",""OB_REVIEW_HM_01_EV_APP0003_FIRST_INTERVIEW_TECHNICAL_ASSESSMENT_M1_SKILL_02"",""OB_REVIEW_ML_01_EV_APP0003_FIRST_INTERVIEW_TECHNICAL_ASSESSMENT_M1_SKILL_07"",""OB_REVIEW_HM_01_EV_APP0003_FIRST_INTERVIEW_TECHNICAL_ASSESSMENT_M1_SKILL_07"",""OB_REVIEW_ML_01_EV_APP0003_FIRST_INTERVIEW_AI_CASE_M1_SKILL_01"",""OB_REVIEW_HM_01_EV_APP0003_FIRST_INTERVIEW_AI_CASE_M1_SKILL_01"",""OB_REVIEW_ML_01_EV_APP0003_FIRST_INTERVIEW_AI_CASE_M1_SKILL_03"",""OB_REVIEW_HM_01_EV_APP0003_FIRST_INTERVIEW_AI_CASE_M1_SKILL_03"",""OB_REVIEW_ML_01_EV_APP0003_FIRST_INTERVIEW_PRACTITIONER_QA_M1_SKILL_04"",""OB_REVIEW_HM_01_EV_APP0003_FIRST_INTERVIEW_PRACTITIONER_QA_M1_SKILL_04"",""OB_REVIEW_ML_01_EV_APP0003_FIRST_INTERVIEW_PRACTITIONER_QA_M1_SKILL_05"",""OB_REVIEW_HM_01_EV_APP0003_FIRST_INTERVIEW_PRACTITIONER_QA_M1_SKILL_05"",""OB_REVIEW_ML_01_EV_APP0003_FIRST_INTERVIEW_PRACTITIONER_QA_M1_SKILL_06"",""OB_REVIEW_HM_01_EV_APP0003_FIRST_INTERVIEW_PRACTITIONER_QA_M1_SKILL_06"",""OB_REVIEW_ML_01_EV_APP0003_FIRST_INTERVIEW_PRACTITIONER_QA_M1_SKILL_08"",""OB_REVIEW_HM_01_EV_APP0003_FIRST_INTERVIEW_PRACTITIONER_QA_M1_SKILL_08""],""stage"":""FIRST_INTERVIEW""}"
APP0004_FIRST_INTERVIEW,APP0004,C0004,FIRST_INTERVIEW,2026-12-06T14:04:00+09:00,2026-12-08T14:04:00+09:00,2026-12-14T09:00:00+09:00,,,,,IN_PROGRESS,,,,"{""motive"":""UNKNOWN"",""operational_state"":""NO_RESPONSE_PENDING""}"
APP0005_FIRST_INTERVIEW,APP0005,C0005,FIRST_INTERVIEW,2026-12-06T14:04:00+09:00,2026-12-08T14:04:00+09:00,2026-12-14T09:00:00+09:00,2026-12-14T10:30:00+09:00,2026-12-15T10:55:00+09:00,2026-12-17T10:55:00+09:00,,ADVANCED,FIRST_EVIDENCE_REVIEWED,,SYNTHETIC_HUMAN_SCENARIO,"{""criterion"":""REPEATED_DIRECT_TECHNICAL_LIMITATION"",""human_rationale"":""단계 활동과 관찰을 검토하여 다음 판단으로 진행한다. 미관찰은 부족/탈락과 동일하지 않다."",""observation_refs"":[""OB_REVIEW_ML_01_EV_APP0005_FIRST_INTERVIEW_TECHNICAL_ASSESSMENT_M1_SKILL_01"",""OB_REVIEW_HM_01_EV_APP0005_FIRST_INTERVIEW_TECHNICAL_ASSESSMENT_M1_SKILL_01"",""OB_REVIEW_ML_01_EV_APP0005_FIRST_INTERVIEW_TECHNICAL_ASSESSMENT_M1_SKILL_02"",""OB_REVIEW_HM_01_EV_APP0005_FIRST_INTERVIEW_TECHNICAL_ASSESSMENT_M1_SKILL_02"",""OB_REVIEW_ML_01_EV_APP0005_FIRST_INTERVIEW_TECHNICAL_ASSESSMENT_M1_SKILL_07"",""OB_REVIEW_HM_01_EV_APP0005_FIRST_INTERVIEW_TECHNICAL_ASSESSMENT_M1_SKILL_07"",""OB_REVIEW_ML_01_EV_APP0005_FIRST_INTERVIEW_AI_CASE_M1_SKILL_01"",""OB_REVIEW_HM_01_EV_APP0005_FIRST_INTERVIEW_AI_CASE_M1_SKILL_01"",""OB_REVIEW_ML_01_EV_APP0005_FIRST_INTERVIEW_AI_CASE_M1_SKILL_03"",""OB_REVIEW_HM_01_EV_APP0005_FIRST_INTERVIEW_AI_CASE_M1_SKILL_03"",""OB_REVIEW_ML_01_EV_APP0005_FIRST_INTERVIEW_PRACTITIONER_QA_M1_SKILL_04"",""OB_REVIEW_HM_01_EV_APP0005_FIRST_INTERVIEW_PRACTITIONER_QA_M1_SKILL_04"",""OB_REVIEW_ML_01_EV_APP0005_FIRST_INTERVIEW_PRACTITIONER_QA_M1_SKILL_05"",""OB_REVIEW_HM_01_EV_APP0005_FIRST_INTERVIEW_PRACTITIONER_QA_M1_SKILL_05"",""OB_REVIEW_ML_01_EV_APP0005_FIRST_INTERVIEW_PRACTITIONER_QA_M1_SKILL_06"",""OB_REVIEW_HM_01_EV_APP0005_FIRST_INTERVIEW_PRACTITIONER_QA_M1_SKILL_06"",""OB_REVIEW_ML_01_EV_APP0005_FIRST_INTERVIEW_PRACTITIONER_QA_M1_SKILL_08"",""OB_REVIEW_HM_01_EV_APP0005_FIRST_INTERVIEW_PRACTITIONER_QA_M1_SKILL_08""],""stage"":""FIRST_INTERVIEW""}"
APP0006_FIRST_INTERVIEW,APP0006,C0006,FIRST_INTERVIEW,2026-12-06T14:04:00+09:00,2026-12-08T14:04:00+09:00,2026-12-14T09:00:00+09:00,2026-12-14T10:30:00+09:00,2026-12-15T10:55:00+09:00,2026-12-19T10:55:00+09:00,,ADVANCED,FIRST_EVIDENCE_REVIEWED,,SYNTHETIC_HUMAN_SCENARIO,"{""criterion"":""REPEATED_DIRECT_TECHNICAL_LIMITATION"",""human_rationale"":""단계 활동과 관찰을 검토하여 다음 판단으로 진행한다. 미관찰은 부족/탈락과 동일하지 않다."",""observation_refs"":[""OB_REVIEW_ML_01_EV_APP0006_FIRST_INTERVIEW_TECHNICAL_ASSESSMENT_M1_SKILL_01"",""OB_REVIEW_HM_01_EV_APP0006_FIRST_INTERVIEW_TECHNICAL_ASSESSMENT_M1_SKILL_01"",""OB_REVIEW_ML_01_EV_APP0006_FIRST_INTERVIEW_TECHNICAL_ASSESSMENT_M1_SKILL_02"",""OB_REVIEW_HM_01_EV_APP0006_FIRST_INTERVIEW_TECHNICAL_ASSESSMENT_M1_SKILL_02"",""OB_REVIEW_ML_01_EV_APP0006_FIRST_INTERVIEW_TECHNICAL_ASSESSMENT_M1_SKILL_07"",""OB_REVIEW_HM_01_EV_APP0006_FIRST_INTERVIEW_TECHNICAL_ASSESSMENT_M1_SKILL_07"",""OB_REVIEW_ML_01_EV_APP0006_FIRST_INTERVIEW_AI_CASE_M1_SKILL_01"",""OB_REVIEW_HM_01_EV_APP0006_FIRST_INTERVIEW_AI_CASE_M1_SKILL_01"",""OB_REVIEW_ML_01_EV_APP0006_FIRST_INTERVIEW_AI_CASE_M1_SKILL_03"",""OB_REVIEW_HM_01_EV_APP0006_FIRST_INTERVIEW_AI_CASE_M1_SKILL_03"",""OB_REVIEW_ML_01_EV_APP0006_FIRST_INTERVIEW_PRACTITIONER_QA_M1_SKILL_04"",""OB_REVIEW_HM_01_EV_APP0006_FIRST_INTERVIEW_PRACTITIONER_QA_M1_SKILL_04"",""OB_REVIEW_ML_01_EV_APP0006_FIRST_INTERVIEW_PRACTITIONER_QA_M1_SKILL_05"",""OB_REVIEW_HM_01_EV_APP0006_FIRST_INTERVIEW_PRACTITIONER_QA_M1_SKILL_05"",""OB_REVIEW_ML_01_EV_APP0006_FIRST_INTERVIEW_PRACTITIONER_QA_M1_SKILL_06"",""OB_REVIEW_HM_01_EV_APP0006_FIRST_INTERVIEW_PRACTITIONER_QA_M1_SKILL_06"",""OB_REVIEW_ML_01_EV_APP0006_FIRST_INTERVIEW_PRACTITIONER_QA_M1_SKILL_08"",""OB_REVIEW_HM_01_EV_APP0006_FIRST_INTERVIEW_PRACTITIONER_QA_M1_SKILL_08""],""stage"":""FIRST_INTERVIEW""}"
APP0007_FIRST_INTERVIEW,APP0007,C0007,FIRST_INTERVIEW,2026-12-06T14:04:00+09:00,2026-12-08T14:04:00+09:00,2026-12-14T09:00:00+09:00,2026-12-14T10:20:00+09:00,2026-12-19T10:40:00+09:00,2026-12-20T10:40:00+09:00,,ADVANCED,FIRST_EVIDENCE_REVIEWED,,SYNTHETIC_HUMAN_SCENARIO,"{""criterion"":""REPEATED_DIRECT_TECHNICAL_LIMITATION"",""human_rationale"":""단계 활동과 관찰을 검토하여 다음 판단으로 진행한다. 미관찰은 부족/탈락과 동일하지 않다."",""observation_refs"":[""OB_REVIEW_ML_01_EV_APP0007_FIRST_INTERVIEW_TECHNICAL_ASSESSMENT_M1_SKILL_01"",""OB_REVIEW_HM_01_EV_APP0007_FIRST_INTERVIEW_TECHNICAL_ASSESSMENT_M1_SKILL_01"",""OB_REVIEW_ML_01_EV_APP0007_FIRST_INTERVIEW_TECHNICAL_ASSESSMENT_M1_SKILL_02"",""OB_REVIEW_HM_01_EV_APP0007_FIRST_INTERVIEW_TECHNICAL_ASSESSMENT_M1_SKILL_02"",""OB_REVIEW_ML_01_EV_APP0007_FIRST_INTERVIEW_TECHNICAL_ASSESSMENT_M1_SKILL_07"",""OB_REVIEW_HM_01_EV_APP0007_FIRST_INTERVIEW_TECHNICAL_ASSESSMENT_M1_SKILL_07"",""OB_REVIEW_ML_01_EV_APP0007_FIRST_INTERVIEW_AI_CASE_M1_SKILL_01"",""OB_REVIEW_HM_01_EV_APP0007_FIRST_INTERVIEW_AI_CASE_M1_SKILL_01"",""OB_REVIEW_ML_01_EV_APP0007_FIRST_INTERVIEW_AI_CASE_M1_SKILL_03"",""OB_REVIEW_HM_01_EV_APP0007_FIRST_INTERVIEW_AI_CASE_M1_SKILL_03"",""OB_REVIEW_ML_01_EV_APP0007_FIRST_INTERVIEW_PRACTITIONER_QA_M1_SKILL_04"",""OB_REVIEW_HM_01_EV_APP0007_FIRST_INTERVIEW_PRACTITIONER_QA_M1_SKILL_04"",""OB_REVIEW_ML_01_EV_APP0007_FIRST_INTERVIEW_PRACTITIONER_QA_M1_SKILL_05"",""OB_REVIEW_HM_01_EV_APP0007_FIRST_INTERVIEW_PRACTITIONER_QA_M1_SKILL_05"",""OB_REVIEW_ML_01_EV_APP0007_FIRST_INTERVIEW_PRACTITIONER_QA_M1_SKILL_06"",""OB_REVIEW_HM_01_EV_APP0007_FIRST_INTERVIEW_PRACTITIONER_QA_M1_SKILL_06"",""OB_REVIEW_ML_01_EV_APP0007_FIRST_INTERVIEW_PRACTITIONER_QA_M1_SKILL_08"",""OB_REVIEW_HM_01_EV_APP0007_FIRST_INTERVIEW_PRACTITIONER_QA_M1_SKILL_08""],""stage"":""FIRST_INTERVIEW""}"
APP0009_FIRST_INTERVIEW,APP0009,C0009,FIRST_INTERVIEW,2026-12-06T14:04:00+09:00,2026-12-08T14:04:00+09:00,2026-12-14T09:00:00+09:00,2026-12-14T10:10:00+09:00,2026-12-16T10:35:00+09:00,2026-12-20T10:35:00+09:00,,ADVANCED,FIRST_EVIDENCE_REVIEWED,,SYNTHETIC_HUMAN_SCENARIO,"{""criterion"":""REPEATED_DIRECT_TECHNICAL_LIMITATION"",""human_rationale"":""단계 활동과 관찰을 검토하여 다음 판단으로 진행한다. 미관찰은 부족/탈락과 동일하지 않다."",""observation_refs"":[""OB_REVIEW_ML_01_EV_APP0009_FIRST_INTERVIEW_TECHNICAL_ASSESSMENT_M1_SKILL_01"",""OB_REVIEW_HM_01_EV_APP0009_FIRST_INTERVIEW_TECHNICAL_ASSESSMENT_M1_SKILL_01"",""OB_REVIEW_ML_01_EV_APP0009_FIRST_INTERVIEW_TECHNICAL_ASSESSMENT_M1_SKILL_02"",""OB_REVIEW_HM_01_EV_APP0009_FIRST_INTERVIEW_TECHNICAL_ASSESSMENT_M1_SKILL_02"",""OB_REVIEW_ML_01_EV_APP0009_FIRST_INTERVIEW_TECHNICAL_ASSESSMENT_M1_SKILL_07"",""OB_REVIEW_HM_01_EV_APP0009_FIRST_INTERVIEW_TECHNICAL_ASSESSMENT_M1_SKILL_07"",""OB_REVIEW_ML_01_EV_APP0009_FIRST_INTERVIEW_AI_CASE_M1_SKILL_01"",""OB_REVIEW_HM_01_EV_APP0009_FIRST_INTERVIEW_AI_CASE_M1_SKILL_01"",""OB_REVIEW_ML_01_EV_APP0009_FIRST_INTERVIEW_AI_CASE_M1_SKILL_03"",""OB_REVIEW_HM_01_EV_APP0009_FIRST_INTERVIEW_AI_CASE_M1_SKILL_03"",""OB_REVIEW_ML_01_EV_APP0009_FIRST_INTERVIEW_PRACTITIONER_QA_M1_SKILL_04"",""OB_REVIEW_HM_01_EV_APP0009_FIRST_INTERVIEW_PRACTITIONER_QA_M1_SKILL_04"",""OB_REVIEW_ML_01_EV_APP0009_FIRST_INTERVIEW_PRACTITIONER_QA_M1_SKILL_05"",""OB_REVIEW_HM_01_EV_APP0009_FIRST_INTERVIEW_PRACTITIONER_QA_M1_SKILL_05"",""OB_REVIEW_ML_01_EV_APP0009_FIRST_INTERVIEW_PRACTITIONER_QA_M1_SKILL_06"",""OB_REVIEW_HM_01_EV_APP0009_FIRST_INTERVIEW_PRACTITIONER_QA_M1_SKILL_06"",""OB_REVIEW_ML_01_EV_APP0009_FIRST_INTERVIEW_PRACTITIONER_QA_M1_SKILL_08"",""OB_REVIEW_HM_01_EV_APP0009_FIRST_INTERVIEW_PRACTITIONER_QA_M1_SKILL_08""],""stage"":""FIRST_INTERVIEW""}"
APP0010_FIRST_INTERVIEW,APP0010,C0010,FIRST_INTERVIEW,2026-12-06T14:04:00+09:00,2026-12-08T14:04:00+09:00,2026-12-14T09:00:00+09:00,2026-12-14T10:30:00+09:00,2026-12-16T10:50:00+09:00,2026-12-17T10:50:00+09:00,,ADVANCED,FIRST_EVIDENCE_REVIEWED,,SYNTHETIC_HUMAN_SCENARIO,"{""criterion"":""REPEATED_DIRECT_TECHNICAL_LIMITATION"",""human_rationale"":""단계 활동과 관찰을 검토하여 다음 판단으로 진행한다. 미관찰은 부족/탈락과 동일하지 않다."",""observation_refs"":[""OB_REVIEW_ML_01_EV_APP0010_FIRST_INTERVIEW_TECHNICAL_ASSESSMENT_M1_SKILL_01"",""OB_REVIEW_HM_01_EV_APP0010_FIRST_INTERVIEW_TECHNICAL_ASSESSMENT_M1_SKILL_01"",""OB_REVIEW_ML_01_EV_APP0010_FIRST_INTERVIEW_TECHNICAL_ASSESSMENT_M1_SKILL_02"",""OB_REVIEW_HM_01_EV_APP0010_FIRST_INTERVIEW_TECHNICAL_ASSESSMENT_M1_SKILL_02"",""OB_REVIEW_ML_01_EV_APP0010_FIRST_INTERVIEW_TECHNICAL_ASSESSMENT_M1_SKILL_07"",""OB_REVIEW_HM_01_EV_APP0010_FIRST_INTERVIEW_TECHNICAL_ASSESSMENT_M1_SKILL_07"",""OB_REVIEW_ML_01_EV_APP0010_FIRST_INTERVIEW_AI_CASE_M1_SKILL_01"",""OB_REVIEW_HM_01_EV_APP0010_FIRST_INTERVIEW_AI_CASE_M1_SKILL_01"",""OB_REVIEW_ML_01_EV_APP0010_FIRST_INTERVIEW_AI_CASE_M1_SKILL_03"",""OB_REVIEW_HM_01_EV_APP0010_FIRST_INTERVIEW_AI_CASE_M1_SKILL_03"",""OB_REVIEW_ML_01_EV_APP0010_FIRST_INTERVIEW_PRACTITIONER_QA_M1_SKILL_04"",""OB_REVIEW_HM_01_EV_APP0010_FIRST_INTERVIEW_PRACTITIONER_QA_M1_SKILL_04"",""OB_REVIEW_ML_01_EV_APP0010_FIRST_INTERVIEW_PRACTITIONER_QA_M1_SKILL_05"",""OB_REVIEW_HM_01_EV_APP0010_FIRST_INTERVIEW_PRACTITIONER_QA_M1_SKILL_05"",""OB_REVIEW_ML_01_EV_APP0010_FIRST_INTERVIEW_PRACTITIONER_QA_M1_SKILL_06"",""OB_REVIEW_HM_01_EV_APP0010_FIRST_INTERVIEW_PRACTITIONER_QA_M1_SKILL_06"",""OB_REVIEW_ML_01_EV_APP0010_FIRST_INTERVIEW_PRACTITIONER_QA_M1_SKILL_08"",""OB_REVIEW_HM_01_EV_APP0010_FIRST_INTERVIEW_PRACTITIONER_QA_M1_SKILL_08""],""stage"":""FIRST_INTERVIEW""}"
APP0012_FIRST_INTERVIEW,APP0012,C0012,FIRST_INTERVIEW,2026-12-06T14:04:00+09:00,2026-12-08T14:04:00+09:00,2026-12-14T09:00:00+09:00,2026-12-14T10:15:00+09:00,2026-12-16T10:35:00+09:00,2026-12-16T10:35:00+09:00,,ADVANCED,FIRST_EVIDENCE_REVIEWED,,SYNTHETIC_HUMAN_SCENARIO,"{""criterion"":""REPEATED_DIRECT_TECHNICAL_LIMITATION"",""human_rationale"":""단계 활동과 관찰을 검토하여 다음 판단으로 진행한다. 미관찰은 부족/탈락과 동일하지 않다."",""observation_refs"":[""OB_REVIEW_ML_01_EV_APP0012_FIRST_INTERVIEW_TECHNICAL_ASSESSMENT_M1_SKILL_01"",""OB_REVIEW_HM_01_EV_APP0012_FIRST_INTERVIEW_TECHNICAL_ASSESSMENT_M1_SKILL_01"",""OB_REVIEW_ML_01_EV_APP0012_FIRST_INTERVIEW_TECHNICAL_ASSESSMENT_M1_SKILL_02"",""OB_REVIEW_HM_01_EV_APP0012_FIRST_INTERVIEW_TECHNICAL_ASSESSMENT_M1_SKILL_02"",""OB_REVIEW_ML_01_EV_APP0012_FIRST_INTERVIEW_TECHNICAL_ASSESSMENT_M1_SKILL_07"",""OB_REVIEW_HM_01_EV_APP0012_FIRST_INTERVIEW_TECHNICAL_ASSESSMENT_M1_SKILL_07"",""OB_REVIEW_ML_01_EV_APP0012_FIRST_INTERVIEW_AI_CASE_M1_SKILL_01"",""OB_REVIEW_HM_01_EV_APP0012_FIRST_INTERVIEW_AI_CASE_M1_SKILL_01"",""OB_REVIEW_ML_01_EV_APP0012_FIRST_INTERVIEW_AI_CASE_M1_SKILL_03"",""OB_REVIEW_HM_01_EV_APP0012_FIRST_INTERVIEW_AI_CASE_M1_SKILL_03"",""OB_REVIEW_ML_01_EV_APP0012_FIRST_INTERVIEW_PRACTITIONER_QA_M1_SKILL_04"",""OB_REVIEW_HM_01_EV_APP0012_FIRST_INTERVIEW_PRACTITIONER_QA_M1_SKILL_04"",""OB_REVIEW_ML_01_EV_APP0012_FIRST_INTERVIEW_PRACTITIONER_QA_M1_SKILL_05"",""OB_REVIEW_HM_01_EV_APP0012_FIRST_INTERVIEW_PRACTITIONER_QA_M1_SKILL_05"",""OB_REVIEW_ML_01_EV_APP0012_FIRST_INTERVIEW_PRACTITIONER_QA_M1_SKILL_06"",""OB_REVIEW_HM_01_EV_APP0012_FIRST_INTERVIEW_PRACTITIONER_QA_M1_SKILL_06"",""OB_REVIEW_ML_01_EV_APP0012_FIRST_INTERVIEW_PRACTITIONER_QA_M1_SKILL_08"",""OB_REVIEW_HM_01_EV_APP0012_FIRST_INTERVIEW_PRACTITIONER_QA_M1_SKILL_08""],""stage"":""FIRST_INTERVIEW""}"
APP0013_FIRST_INTERVIEW,APP0013,C0013,FIRST_INTERVIEW,2026-12-06T14:04:00+09:00,2026-12-08T14:04:00+09:00,2026-12-14T09:00:00+09:00,2026-12-14T10:25:00+09:00,2026-12-19T10:40:00+09:00,2026-12-21T10:40:00+09:00,,ADVANCED,FIRST_EVIDENCE_REVIEWED,,SYNTHETIC_HUMAN_SCENARIO,"{""criterion"":""REPEATED_DIRECT_TECHNICAL_LIMITATION"",""human_rationale"":""단계 활동과 관찰을 검토하여 다음 판단으로 진행한다. 미관찰은 부족/탈락과 동일하지 않다."",""observation_refs"":[""OB_REVIEW_ML_01_EV_APP0013_FIRST_INTERVIEW_TECHNICAL_ASSESSMENT_M1_SKILL_01"",""OB_REVIEW_HM_01_EV_APP0013_FIRST_INTERVIEW_TECHNICAL_ASSESSMENT_M1_SKILL_01"",""OB_REVIEW_ML_01_EV_APP0013_FIRST_INTERVIEW_TECHNICAL_ASSESSMENT_M1_SKILL_02"",""OB_REVIEW_HM_01_EV_APP0013_FIRST_INTERVIEW_TECHNICAL_ASSESSMENT_M1_SKILL_02"",""OB_REVIEW_ML_01_EV_APP0013_FIRST_INTERVIEW_TECHNICAL_ASSESSMENT_M1_SKILL_07"",""OB_REVIEW_HM_01_EV_APP0013_FIRST_INTERVIEW_TECHNICAL_ASSESSMENT_M1_SKILL_07"",""OB_REVIEW_ML_01_EV_APP0013_FIRST_INTERVIEW_AI_CASE_M1_SKILL_01"",""OB_REVIEW_HM_01_EV_APP0013_FIRST_INTERVIEW_AI_CASE_M1_SKILL_01"",""OB_REVIEW_ML_01_EV_APP0013_FIRST_INTERVIEW_AI_CASE_M1_SKILL_03"",""OB_REVIEW_HM_01_EV_APP0013_FIRST_INTERVIEW_AI_CASE_M1_SKILL_03"",""OB_REVIEW_ML_01_EV_APP0013_FIRST_INTERVIEW_PRACTITIONER_QA_M1_SKILL_04"",""OB_REVIEW_HM_01_EV_APP0013_FIRST_INTERVIEW_PRACTITIONER_QA_M1_SKILL_04"",""OB_REVIEW_ML_01_EV_APP0013_FIRST_INTERVIEW_PRACTITIONER_QA_M1_SKILL_05"",""OB_REVIEW_HM_01_EV_APP0013_FIRST_INTERVIEW_PRACTITIONER_QA_M1_SKILL_05"",""OB_REVIEW_ML_01_EV_APP0013_FIRST_INTERVIEW_PRACTITIONER_QA_M1_SKILL_06"",""OB_REVIEW_HM_01_EV_APP0013_FIRST_INTERVIEW_PRACTITIONER_QA_M1_SKILL_06"",""OB_REVIEW_ML_01_EV_APP0013_FIRST_INTERVIEW_PRACTITIONER_QA_M1_SKILL_08"",""OB_REVIEW_HM_01_EV_APP0013_FIRST_INTERVIEW_PRACTITIONER_QA_M1_SKILL_08""],""stage"":""FIRST_INTERVIEW""}"
APP0014_FIRST_INTERVIEW,APP0014,C0014,FIRST_INTERVIEW,2026-12-06T14:04:00+09:00,2026-12-08T14:04:00+09:00,2026-12-17T09:00:00+09:00,2026-12-17T10:10:00+09:00,2026-12-18T10:25:00+09:00,2026-12-18T10:25:00+09:00,,ADVANCED,FIRST_EVIDENCE_REVIEWED,,SYNTHETIC_HUMAN_SCENARIO,"{""criterion"":""REPEATED_DIRECT_TECHNICAL_LIMITATION"",""human_rationale"":""단계 활동과 관찰을 검토하여 다음 판단으로 진행한다. 미관찰은 부족/탈락과 동일하지 않다."",""observation_refs"":[""OB_REVIEW_ML_01_EV_APP0014_FIRST_INTERVIEW_TECHNICAL_ASSESSMENT_M1_SKILL_01"",""OB_REVIEW_HM_01_EV_APP0014_FIRST_INTERVIEW_TECHNICAL_ASSESSMENT_M1_SKILL_01"",""OB_REVIEW_ML_01_EV_APP0014_FIRST_INTERVIEW_TECHNICAL_ASSESSMENT_M1_SKILL_02"",""OB_REVIEW_HM_01_EV_APP0014_FIRST_INTERVIEW_TECHNICAL_ASSESSMENT_M1_SKILL_02"",""OB_REVIEW_ML_01_EV_APP0014_FIRST_INTERVIEW_TECHNICAL_ASSESSMENT_M1_SKILL_07"",""OB_REVIEW_HM_01_EV_APP0014_FIRST_INTERVIEW_TECHNICAL_ASSESSMENT_M1_SKILL_07"",""OB_REVIEW_ML_01_EV_APP0014_FIRST_INTERVIEW_AI_CASE_M1_SKILL_01"",""OB_REVIEW_HM_01_EV_APP0014_FIRST_INTERVIEW_AI_CASE_M1_SKILL_01"",""OB_REVIEW_ML_01_EV_APP0014_FIRST_INTERVIEW_AI_CASE_M1_SKILL_03"",""OB_REVIEW_HM_01_EV_APP0014_FIRST_INTERVIEW_AI_CASE_M1_SKILL_03"",""OB_REVIEW_ML_01_EV_APP0014_FIRST_INTERVIEW_PRACTITIONER_QA_M1_SKILL_04"",""OB_REVIEW_HM_01_EV_APP0014_FIRST_INTERVIEW_PRACTITIONER_QA_M1_SKILL_04"",""OB_REVIEW_ML_01_EV_APP0014_FIRST_INTERVIEW_PRACTITIONER_QA_M1_SKILL_05"",""OB_REVIEW_HM_01_EV_APP0014_FIRST_INTERVIEW_PRACTITIONER_QA_M1_SKILL_05"",""OB_REVIEW_ML_01_EV_APP0014_FIRST_INTERVIEW_PRACTITIONER_QA_M1_SKILL_06"",""OB_REVIEW_HM_01_EV_APP0014_FIRST_INTERVIEW_PRACTITIONER_QA_M1_SKILL_06"",""OB_REVIEW_ML_01_EV_APP0014_FIRST_INTERVIEW_PRACTITIONER_QA_M1_SKILL_08"",""OB_REVIEW_HM_01_EV_APP0014_FIRST_INTERVIEW_PRACTITIONER_QA_M1_SKILL_08""],""stage"":""FIRST_INTERVIEW""}"
APP0018_FIRST_INTERVIEW,APP0018,C0018,FIRST_INTERVIEW,2026-12-06T14:04:00+09:00,2026-12-08T14:04:00+09:00,2026-12-17T09:00:00+09:00,2026-12-17T10:20:00+09:00,2026-12-22T10:40:00+09:00,2026-12-26T10:40:00+09:00,,ADVANCED,FIRST_EVIDENCE_REVIEWED,,SYNTHETIC_HUMAN_SCENARIO,"{""criterion"":""REPEATED_DIRECT_TECHNICAL_LIMITATION"",""human_rationale"":""단계 활동과 관찰을 검토하여 다음 판단으로 진행한다. 미관찰은 부족/탈락과 동일하지 않다."",""observation_refs"":[""OB_REVIEW_ML_01_EV_APP0018_FIRST_INTERVIEW_TECHNICAL_ASSESSMENT_M1_SKILL_01"",""OB_REVIEW_HM_01_EV_APP0018_FIRST_INTERVIEW_TECHNICAL_ASSESSMENT_M1_SKILL_01"",""OB_REVIEW_ML_01_EV_APP0018_FIRST_INTERVIEW_TECHNICAL_ASSESSMENT_M1_SKILL_02"",""OB_REVIEW_HM_01_EV_APP0018_FIRST_INTERVIEW_TECHNICAL_ASSESSMENT_M1_SKILL_02"",""OB_REVIEW_ML_01_EV_APP0018_FIRST_INTERVIEW_TECHNICAL_ASSESSMENT_M1_SKILL_07"",""OB_REVIEW_HM_01_EV_APP0018_FIRST_INTERVIEW_TECHNICAL_ASSESSMENT_M1_SKILL_07"",""OB_REVIEW_ML_01_EV_APP0018_FIRST_INTERVIEW_AI_CASE_M1_SKILL_01"",""OB_REVIEW_HM_01_EV_APP0018_FIRST_INTERVIEW_AI_CASE_M1_SKILL_01"",""OB_REVIEW_ML_01_EV_APP0018_FIRST_INTERVIEW_AI_CASE_M1_SKILL_03"",""OB_REVIEW_HM_01_EV_APP0018_FIRST_INTERVIEW_AI_CASE_M1_SKILL_03"",""OB_REVIEW_ML_01_EV_APP0018_FIRST_INTERVIEW_PRACTITIONER_QA_M1_SKILL_04"",""OB_REVIEW_HM_01_EV_APP0018_FIRST_INTERVIEW_PRACTITIONER_QA_M1_SKILL_04"",""OB_REVIEW_ML_01_EV_APP0018_FIRST_INTERVIEW_PRACTITIONER_QA_M1_SKILL_05"",""OB_REVIEW_HM_01_EV_APP0018_FIRST_INTERVIEW_PRACTITIONER_QA_M1_SKILL_05"",""OB_REVIEW_ML_01_EV_APP0018_FIRST_INTERVIEW_PRACTITIONER_QA_M1_SKILL_06"",""OB_REVIEW_HM_01_EV_APP0018_FIRST_INTERVIEW_PRACTITIONER_QA_M1_SKILL_06"",""OB_REVIEW_ML_01_EV_APP0018_FIRST_INTERVIEW_PRACTITIONER_QA_M1_SKILL_08"",""OB_REVIEW_HM_01_EV_APP0018_FIRST_INTERVIEW_PRACTITIONER_QA_M1_SKILL_08""],""stage"":""FIRST_INTERVIEW""}"
APP0021_FIRST_INTERVIEW,APP0021,C0021,FIRST_INTERVIEW,2026-12-06T14:04:00+09:00,2026-12-08T14:04:00+09:00,2026-12-17T09:00:00+09:00,2026-12-17T10:25:00+09:00,2026-12-19T10:50:00+09:00,2026-12-19T10:50:00+09:00,,ADVANCED,FIRST_EVIDENCE_REVIEWED,,SYNTHETIC_HUMAN_SCENARIO,"{""criterion"":""REPEATED_DIRECT_TECHNICAL_LIMITATION"",""human_rationale"":""단계 활동과 관찰을 검토하여 다음 판단으로 진행한다. 미관찰은 부족/탈락과 동일하지 않다."",""observation_refs"":[""OB_REVIEW_ML_01_EV_APP0021_FIRST_INTERVIEW_TECHNICAL_ASSESSMENT_M1_SKILL_01"",""OB_REVIEW_HM_01_EV_APP0021_FIRST_INTERVIEW_TECHNICAL_ASSESSMENT_M1_SKILL_01"",""OB_REVIEW_ML_01_EV_APP0021_FIRST_INTERVIEW_TECHNICAL_ASSESSMENT_M1_SKILL_02"",""OB_REVIEW_HM_01_EV_APP0021_FIRST_INTERVIEW_TECHNICAL_ASSESSMENT_M1_SKILL_02"",""OB_REVIEW_ML_01_EV_APP0021_FIRST_INTERVIEW_TECHNICAL_ASSESSMENT_M1_SKILL_07"",""OB_REVIEW_HM_01_EV_APP0021_FIRST_INTERVIEW_TECHNICAL_ASSESSMENT_M1_SKILL_07"",""OB_REVIEW_ML_01_EV_APP0021_FIRST_INTERVIEW_AI_CASE_M1_SKILL_01"",""OB_REVIEW_HM_01_EV_APP0021_FIRST_INTERVIEW_AI_CASE_M1_SKILL_01"",""OB_REVIEW_ML_01_EV_APP0021_FIRST_INTERVIEW_AI_CASE_M1_SKILL_03"",""OB_REVIEW_HM_01_EV_APP0021_FIRST_INTERVIEW_AI_CASE_M1_SKILL_03"",""OB_REVIEW_ML_01_EV_APP0021_FIRST_INTERVIEW_PRACTITIONER_QA_M1_SKILL_04"",""OB_REVIEW_HM_01_EV_APP0021_FIRST_INTERVIEW_PRACTITIONER_QA_M1_SKILL_04"",""OB_REVIEW_ML_01_EV_APP0021_FIRST_INTERVIEW_PRACTITIONER_QA_M1_SKILL_05"",""OB_REVIEW_HM_01_EV_APP0021_FIRST_INTERVIEW_PRACTITIONER_QA_M1_SKILL_05"",""OB_REVIEW_ML_01_EV_APP0021_FIRST_INTERVIEW_PRACTITIONER_QA_M1_SKILL_06"",""OB_REVIEW_HM_01_EV_APP0021_FIRST_INTERVIEW_PRACTITIONER_QA_M1_SKILL_06"",""OB_REVIEW_ML_01_EV_APP0021_FIRST_INTERVIEW_PRACTITIONER_QA_M1_SKILL_08"",""OB_REVIEW_HM_01_EV_APP0021_FIRST_INTERVIEW_PRACTITIONER_QA_M1_SKILL_08""],""stage"":""FIRST_INTERVIEW""}"
APP0022_FIRST_INTERVIEW,APP0022,C0022,FIRST_INTERVIEW,2026-12-06T14:04:00+09:00,2026-12-08T14:04:00+09:00,2026-12-17T09:00:00+09:00,2026-12-17T10:15:00+09:00,2026-12-18T10:40:00+09:00,2026-12-19T10:40:00+09:00,,ADVANCED,FIRST_EVIDENCE_REVIEWED,,SYNTHETIC_HUMAN_SCENARIO,"{""criterion"":""REPEATED_DIRECT_TECHNICAL_LIMITATION"",""human_rationale"":""단계 활동과 관찰을 검토하여 다음 판단으로 진행한다. 미관찰은 부족/탈락과 동일하지 않다."",""observation_refs"":[""OB_REVIEW_ML_01_EV_APP0022_FIRST_INTERVIEW_TECHNICAL_ASSESSMENT_M1_SKILL_01"",""OB_REVIEW_HM_01_EV_APP0022_FIRST_INTERVIEW_TECHNICAL_ASSESSMENT_M1_SKILL_01"",""OB_REVIEW_ML_01_EV_APP0022_FIRST_INTERVIEW_TECHNICAL_ASSESSMENT_M1_SKILL_02"",""OB_REVIEW_HM_01_EV_APP0022_FIRST_INTERVIEW_TECHNICAL_ASSESSMENT_M1_SKILL_02"",""OB_REVIEW_ML_01_EV_APP0022_FIRST_INTERVIEW_TECHNICAL_ASSESSMENT_M1_SKILL_07"",""OB_REVIEW_HM_01_EV_APP0022_FIRST_INTERVIEW_TECHNICAL_ASSESSMENT_M1_SKILL_07"",""OB_REVIEW_ML_01_EV_APP0022_FIRST_INTERVIEW_AI_CASE_M1_SKILL_01"",""OB_REVIEW_HM_01_EV_APP0022_FIRST_INTERVIEW_AI_CASE_M1_SKILL_01"",""OB_REVIEW_ML_01_EV_APP0022_FIRST_INTERVIEW_AI_CASE_M1_SKILL_03"",""OB_REVIEW_HM_01_EV_APP0022_FIRST_INTERVIEW_AI_CASE_M1_SKILL_03"",""OB_REVIEW_ML_01_EV_APP0022_FIRST_INTERVIEW_PRACTITIONER_QA_M1_SKILL_04"",""OB_REVIEW_HM_01_EV_APP0022_FIRST_INTERVIEW_PRACTITIONER_QA_M1_SKILL_04"",""OB_REVIEW_ML_01_EV_APP0022_FIRST_INTERVIEW_PRACTITIONER_QA_M1_SKILL_05"",""OB_REVIEW_HM_01_EV_APP0022_FIRST_INTERVIEW_PRACTITIONER_QA_M1_SKILL_05"",""OB_REVIEW_ML_01_EV_APP0022_FIRST_INTERVIEW_PRACTITIONER_QA_M1_SKILL_06"",""OB_REVIEW_HM_01_EV_APP0022_FIRST_INTERVIEW_PRACTITIONER_QA_M1_SKILL_06"",""OB_REVIEW_ML_01_EV_APP0022_FIRST_INTERVIEW_PRACTITIONER_QA_M1_SKILL_08"",""OB_REVIEW_HM_01_EV_APP0022_FIRST_INTERVIEW_PRACTITIONER_QA_M1_SKILL_08""],""stage"":""FIRST_INTERVIEW""}"
APP0025_FIRST_INTERVIEW,APP0025,C0025,FIRST_INTERVIEW,2026-12-06T14:04:00+09:00,2026-12-08T14:04:00+09:00,2026-12-17T09:00:00+09:00,2026-12-17T10:10:00+09:00,2026-12-20T10:35:00+09:00,2026-12-22T10:35:00+09:00,,ADVANCED,FIRST_EVIDENCE_REVIEWED,,SYNTHETIC_HUMAN_SCENARIO,"{""criterion"":""REPEATED_DIRECT_TECHNICAL_LIMITATION"",""human_rationale"":""단계 활동과 관찰을 검토하여 다음 판단으로 진행한다. 미관찰은 부족/탈락과 동일하지 않다."",""observation_refs"":[""OB_REVIEW_ML_01_EV_APP0025_FIRST_INTERVIEW_TECHNICAL_ASSESSMENT_M1_SKILL_01"",""OB_REVIEW_HM_01_EV_APP0025_FIRST_INTERVIEW_TECHNICAL_ASSESSMENT_M1_SKILL_01"",""OB_REVIEW_ML_01_EV_APP0025_FIRST_INTERVIEW_TECHNICAL_ASSESSMENT_M1_SKILL_02"",""OB_REVIEW_HM_01_EV_APP0025_FIRST_INTERVIEW_TECHNICAL_ASSESSMENT_M1_SKILL_02"",""OB_REVIEW_ML_01_EV_APP0025_FIRST_INTERVIEW_TECHNICAL_ASSESSMENT_M1_SKILL_07"",""OB_REVIEW_HM_01_EV_APP0025_FIRST_INTERVIEW_TECHNICAL_ASSESSMENT_M1_SKILL_07"",""OB_REVIEW_ML_01_EV_APP0025_FIRST_INTERVIEW_AI_CASE_M1_SKILL_01"",""OB_REVIEW_HM_01_EV_APP0025_FIRST_INTERVIEW_AI_CASE_M1_SKILL_01"",""OB_REVIEW_ML_01_EV_APP0025_FIRST_INTERVIEW_AI_CASE_M1_SKILL_03"",""OB_REVIEW_HM_01_EV_APP0025_FIRST_INTERVIEW_AI_CASE_M1_SKILL_03"",""OB_REVIEW_ML_01_EV_APP0025_FIRST_INTERVIEW_PRACTITIONER_QA_M1_SKILL_04"",""OB_REVIEW_HM_01_EV_APP0025_FIRST_INTERVIEW_PRACTITIONER_QA_M1_SKILL_04"",""OB_REVIEW_ML_01_EV_APP0025_FIRST_INTERVIEW_PRACTITIONER_QA_M1_SKILL_05"",""OB_REVIEW_HM_01_EV_APP0025_FIRST_INTERVIEW_PRACTITIONER_QA_M1_SKILL_05"",""OB_REVIEW_ML_01_EV_APP0025_FIRST_INTERVIEW_PRACTITIONER_QA_M1_SKILL_06"",""OB_REVIEW_HM_01_EV_APP0025_FIRST_INTERVIEW_PRACTITIONER_QA_M1_SKILL_06"",""OB_REVIEW_ML_01_EV_APP0025_FIRST_INTERVIEW_PRACTITIONER_QA_M1_SKILL_08"",""OB_REVIEW_HM_01_EV_APP0025_FIRST_INTERVIEW_PRACTITIONER_QA_M1_SKILL_08""],""stage"":""FIRST_INTERVIEW""}"
APP0026_FIRST_INTERVIEW,APP0026,C0026,FIRST_INTERVIEW,2026-12-06T14:04:00+09:00,2026-12-08T14:04:00+09:00,2026-12-17T09:00:00+09:00,,,,2026-12-10T14:04:00+09:00,WITHDRAWN,,UNKNOWN,,
APP0027_FIRST_INTERVIEW,APP0027,C0027,FIRST_INTERVIEW,2026-12-06T14:04:00+09:00,2026-12-08T14:04:00+09:00,2026-12-17T09:00:00+09:00,2026-12-17T10:20:00+09:00,2026-12-19T10:40:00+09:00,2026-12-23T10:40:00+09:00,,ADVANCED,FIRST_EVIDENCE_REVIEWED,,SYNTHETIC_HUMAN_SCENARIO,"{""criterion"":""REPEATED_DIRECT_TECHNICAL_LIMITATION"",""human_rationale"":""단계 활동과 관찰을 검토하여 다음 판단으로 진행한다. 미관찰은 부족/탈락과 동일하지 않다."",""observation_refs"":[""OB_REVIEW_ML_01_EV_APP0027_FIRST_INTERVIEW_TECHNICAL_ASSESSMENT_M1_SKILL_01"",""OB_REVIEW_HM_01_EV_APP0027_FIRST_INTERVIEW_TECHNICAL_ASSESSMENT_M1_SKILL_01"",""OB_REVIEW_ML_01_EV_APP0027_FIRST_INTERVIEW_TECHNICAL_ASSESSMENT_M1_SKILL_02"",""OB_REVIEW_HM_01_EV_APP0027_FIRST_INTERVIEW_TECHNICAL_ASSESSMENT_M1_SKILL_02"",""OB_REVIEW_ML_01_EV_APP0027_FIRST_INTERVIEW_TECHNICAL_ASSESSMENT_M1_SKILL_07"",""OB_REVIEW_HM_01_EV_APP0027_FIRST_INTERVIEW_TECHNICAL_ASSESSMENT_M1_SKILL_07"",""OB_REVIEW_ML_01_EV_APP0027_FIRST_INTERVIEW_AI_CASE_M1_SKILL_01"",""OB_REVIEW_HM_01_EV_APP0027_FIRST_INTERVIEW_AI_CASE_M1_SKILL_01"",""OB_REVIEW_ML_01_EV_APP0027_FIRST_INTERVIEW_AI_CASE_M1_SKILL_03"",""OB_REVIEW_HM_01_EV_APP0027_FIRST_INTERVIEW_AI_CASE_M1_SKILL_03"",""OB_REVIEW_ML_01_EV_APP0027_FIRST_INTERVIEW_PRACTITIONER_QA_M1_SKILL_04"",""OB_REVIEW_HM_01_EV_APP0027_FIRST_INTERVIEW_PRACTITIONER_QA_M1_SKILL_04"",""OB_REVIEW_ML_01_EV_APP0027_FIRST_INTERVIEW_PRACTITIONER_QA_M1_SKILL_05"",""OB_REVIEW_HM_01_EV_APP0027_FIRST_INTERVIEW_PRACTITIONER_QA_M1_SKILL_05"",""OB_REVIEW_ML_01_EV_APP0027_FIRST_INTERVIEW_PRACTITIONER_QA_M1_SKILL_06"",""OB_REVIEW_HM_01_EV_APP0027_FIRST_INTERVIEW_PRACTITIONER_QA_M1_SKILL_06"",""OB_REVIEW_ML_01_EV_APP0027_FIRST_INTERVIEW_PRACTITIONER_QA_M1_SKILL_08"",""OB_REVIEW_HM_01_EV_APP0027_FIRST_INTERVIEW_PRACTITIONER_QA_M1_SKILL_08""],""stage"":""FIRST_INTERVIEW""}"
APP0029_FIRST_INTERVIEW,APP0029,C0029,FIRST_INTERVIEW,2026-12-06T14:04:00+09:00,2026-12-08T14:04:00+09:00,2026-12-17T09:00:00+09:00,2026-12-17T10:30:00+09:00,2026-12-22T10:50:00+09:00,2026-12-26T10:50:00+09:00,,FAILED,REPEATED_MUST_LIMITATION,,SYNTHETIC_HUMAN_SCENARIO,"{""criterion"":""REPEATED_DIRECT_TECHNICAL_LIMITATION"",""human_rationale"":""해당 단계 직접 근거의 명시적 비진행 기준을 검토했다."",""observation_refs"":[""OB_REVIEW_ML_01_EV_APP0029_FIRST_INTERVIEW_TECHNICAL_ASSESSMENT_M1_SKILL_01"",""OB_REVIEW_HM_01_EV_APP0029_FIRST_INTERVIEW_TECHNICAL_ASSESSMENT_M1_SKILL_01"",""OB_REVIEW_ML_01_EV_APP0029_FIRST_INTERVIEW_TECHNICAL_ASSESSMENT_M1_SKILL_02"",""OB_REVIEW_HM_01_EV_APP0029_FIRST_INTERVIEW_TECHNICAL_ASSESSMENT_M1_SKILL_02"",""OB_REVIEW_ML_01_EV_APP0029_FIRST_INTERVIEW_TECHNICAL_ASSESSMENT_M1_SKILL_07"",""OB_REVIEW_HM_01_EV_APP0029_FIRST_INTERVIEW_TECHNICAL_ASSESSMENT_M1_SKILL_07"",""OB_REVIEW_ML_01_EV_APP0029_FIRST_INTERVIEW_AI_CASE_M1_SKILL_01"",""OB_REVIEW_HM_01_EV_APP0029_FIRST_INTERVIEW_AI_CASE_M1_SKILL_01"",""OB_REVIEW_ML_01_EV_APP0029_FIRST_INTERVIEW_AI_CASE_M1_SKILL_03"",""OB_REVIEW_HM_01_EV_APP0029_FIRST_INTERVIEW_AI_CASE_M1_SKILL_03"",""OB_REVIEW_ML_01_EV_APP0029_FIRST_INTERVIEW_PRACTITIONER_QA_M1_SKILL_04"",""OB_REVIEW_HM_01_EV_APP0029_FIRST_INTERVIEW_PRACTITIONER_QA_M1_SKILL_04"",""OB_REVIEW_ML_01_EV_APP0029_FIRST_INTERVIEW_PRACTITIONER_QA_M1_SKILL_05"",""OB_REVIEW_HM_01_EV_APP0029_FIRST_INTERVIEW_PRACTITIONER_QA_M1_SKILL_05"",""OB_REVIEW_ML_01_EV_APP0029_FIRST_INTERVIEW_PRACTITIONER_QA_M1_SKILL_06"",""OB_REVIEW_HM_01_EV_APP0029_FIRST_INTERVIEW_PRACTITIONER_QA_M1_SKILL_06"",""OB_REVIEW_ML_01_EV_APP0029_FIRST_INTERVIEW_PRACTITIONER_QA_M1_SKILL_08"",""OB_REVIEW_HM_01_EV_APP0029_FIRST_INTERVIEW_PRACTITIONER_QA_M1_SKILL_08""],""stage"":""FIRST_INTERVIEW""}"
APP0031_FIRST_INTERVIEW,APP0031,C0031,FIRST_INTERVIEW,2026-12-06T14:04:00+09:00,2026-12-08T14:04:00+09:00,2026-12-17T09:00:00+09:00,2026-12-17T10:30:00+09:00,2026-12-18T10:55:00+09:00,2026-12-18T10:55:00+09:00,,ADVANCED,FIRST_EVIDENCE_REVIEWED,,SYNTHETIC_HUMAN_SCENARIO,"{""criterion"":""REPEATED_DIRECT_TECHNICAL_LIMITATION"",""human_rationale"":""단계 활동과 관찰을 검토하여 다음 판단으로 진행한다. 미관찰은 부족/탈락과 동일하지 않다."",""observation_refs"":[""OB_REVIEW_ML_01_EV_APP0031_FIRST_INTERVIEW_TECHNICAL_ASSESSMENT_M1_SKILL_01"",""OB_REVIEW_HM_01_EV_APP0031_FIRST_INTERVIEW_TECHNICAL_ASSESSMENT_M1_SKILL_01"",""OB_REVIEW_ML_01_EV_APP0031_FIRST_INTERVIEW_TECHNICAL_ASSESSMENT_M1_SKILL_02"",""OB_REVIEW_HM_01_EV_APP0031_FIRST_INTERVIEW_TECHNICAL_ASSESSMENT_M1_SKILL_02"",""OB_REVIEW_ML_01_EV_APP0031_FIRST_INTERVIEW_TECHNICAL_ASSESSMENT_M1_SKILL_07"",""OB_REVIEW_HM_01_EV_APP0031_FIRST_INTERVIEW_TECHNICAL_ASSESSMENT_M1_SKILL_07"",""OB_REVIEW_ML_01_EV_APP0031_FIRST_INTERVIEW_AI_CASE_M1_SKILL_01"",""OB_REVIEW_HM_01_EV_APP0031_FIRST_INTERVIEW_AI_CASE_M1_SKILL_01"",""OB_REVIEW_ML_01_EV_APP0031_FIRST_INTERVIEW_AI_CASE_M1_SKILL_03"",""OB_REVIEW_HM_01_EV_APP0031_FIRST_INTERVIEW_AI_CASE_M1_SKILL_03"",""OB_REVIEW_ML_01_EV_APP0031_FIRST_INTERVIEW_PRACTITIONER_QA_M1_SKILL_04"",""OB_REVIEW_HM_01_EV_APP0031_FIRST_INTERVIEW_PRACTITIONER_QA_M1_SKILL_04"",""OB_REVIEW_ML_01_EV_APP0031_FIRST_INTERVIEW_PRACTITIONER_QA_M1_SKILL_05"",""OB_REVIEW_HM_01_EV_APP0031_FIRST_INTERVIEW_PRACTITIONER_QA_M1_SKILL_05"",""OB_REVIEW_ML_01_EV_APP0031_FIRST_INTERVIEW_PRACTITIONER_QA_M1_SKILL_06"",""OB_REVIEW_HM_01_EV_APP0031_FIRST_INTERVIEW_PRACTITIONER_QA_M1_SKILL_06"",""OB_REVIEW_ML_01_EV_APP0031_FIRST_INTERVIEW_PRACTITIONER_QA_M1_SKILL_08"",""OB_REVIEW_HM_01_EV_APP0031_FIRST_INTERVIEW_PRACTITIONER_QA_M1_SKILL_08""],""stage"":""FIRST_INTERVIEW""}"
APP0034_FIRST_INTERVIEW,APP0034,C0034,FIRST_INTERVIEW,2026-12-06T14:04:00+09:00,2026-12-08T14:04:00+09:00,2026-12-17T09:00:00+09:00,,,,2026-12-10T14:04:00+09:00,WITHDRAWN,,UNKNOWN,,
APP0035_FIRST_INTERVIEW,APP0035,C0035,FIRST_INTERVIEW,2026-12-06T14:04:00+09:00,2026-12-08T14:04:00+09:00,2026-12-21T09:00:00+09:00,2026-12-21T10:25:00+09:00,2026-12-26T10:50:00+09:00,2026-12-26T10:50:00+09:00,,ADVANCED,FIRST_EVIDENCE_REVIEWED,,SYNTHETIC_HUMAN_SCENARIO,"{""criterion"":""REPEATED_DIRECT_TECHNICAL_LIMITATION"",""human_rationale"":""단계 활동과 관찰을 검토하여 다음 판단으로 진행한다. 미관찰은 부족/탈락과 동일하지 않다."",""observation_refs"":[""OB_REVIEW_ML_01_EV_APP0035_FIRST_INTERVIEW_TECHNICAL_ASSESSMENT_M1_SKILL_01"",""OB_REVIEW_HM_01_EV_APP0035_FIRST_INTERVIEW_TECHNICAL_ASSESSMENT_M1_SKILL_01"",""OB_REVIEW_ML_01_EV_APP0035_FIRST_INTERVIEW_TECHNICAL_ASSESSMENT_M1_SKILL_02"",""OB_REVIEW_HM_01_EV_APP0035_FIRST_INTERVIEW_TECHNICAL_ASSESSMENT_M1_SKILL_02"",""OB_REVIEW_ML_01_EV_APP0035_FIRST_INTERVIEW_TECHNICAL_ASSESSMENT_M1_SKILL_07"",""OB_REVIEW_HM_01_EV_APP0035_FIRST_INTERVIEW_TECHNICAL_ASSESSMENT_M1_SKILL_07"",""OB_REVIEW_ML_01_EV_APP0035_FIRST_INTERVIEW_AI_CASE_M1_SKILL_01"",""OB_REVIEW_HM_01_EV_APP0035_FIRST_INTERVIEW_AI_CASE_M1_SKILL_01"",""OB_REVIEW_ML_01_EV_APP0035_FIRST_INTERVIEW_AI_CASE_M1_SKILL_03"",""OB_REVIEW_HM_01_EV_APP0035_FIRST_INTERVIEW_AI_CASE_M1_SKILL_03"",""OB_REVIEW_ML_01_EV_APP0035_FIRST_INTERVIEW_PRACTITIONER_QA_M1_SKILL_04"",""OB_REVIEW_HM_01_EV_APP0035_FIRST_INTERVIEW_PRACTITIONER_QA_M1_SKILL_04"",""OB_REVIEW_ML_01_EV_APP0035_FIRST_INTERVIEW_PRACTITIONER_QA_M1_SKILL_05"",""OB_REVIEW_HM_01_EV_APP0035_FIRST_INTERVIEW_PRACTITIONER_QA_M1_SKILL_05"",""OB_REVIEW_ML_01_EV_APP0035_FIRST_INTERVIEW_PRACTITIONER_QA_M1_SKILL_06"",""OB_REVIEW_HM_01_EV_APP0035_FIRST_INTERVIEW_PRACTITIONER_QA_M1_SKILL_06"",""OB_REVIEW_ML_01_EV_APP0035_FIRST_INTERVIEW_PRACTITIONER_QA_M1_SKILL_08"",""OB_REVIEW_HM_01_EV_APP0035_FIRST_INTERVIEW_PRACTITIONER_QA_M1_SKILL_08""],""stage"":""FIRST_INTERVIEW""}"
APP0037_FIRST_INTERVIEW,APP0037,C0037,FIRST_INTERVIEW,2026-12-06T14:04:00+09:00,2026-12-08T14:04:00+09:00,2026-12-21T09:00:00+09:00,2026-12-21T10:25:00+09:00,2026-12-23T10:40:00+09:00,2026-12-23T10:40:00+09:00,,ADVANCED,FIRST_EVIDENCE_REVIEWED,,SYNTHETIC_HUMAN_SCENARIO,"{""criterion"":""REPEATED_DIRECT_TECHNICAL_LIMITATION"",""human_rationale"":""단계 활동과 관찰을 검토하여 다음 판단으로 진행한다. 미관찰은 부족/탈락과 동일하지 않다."",""observation_refs"":[""OB_REVIEW_ML_01_EV_APP0037_FIRST_INTERVIEW_TECHNICAL_ASSESSMENT_M1_SKILL_01"",""OB_REVIEW_HM_01_EV_APP0037_FIRST_INTERVIEW_TECHNICAL_ASSESSMENT_M1_SKILL_01"",""OB_REVIEW_ML_01_EV_APP0037_FIRST_INTERVIEW_TECHNICAL_ASSESSMENT_M1_SKILL_02"",""OB_REVIEW_HM_01_EV_APP0037_FIRST_INTERVIEW_TECHNICAL_ASSESSMENT_M1_SKILL_02"",""OB_REVIEW_ML_01_EV_APP0037_FIRST_INTERVIEW_TECHNICAL_ASSESSMENT_M1_SKILL_07"",""OB_REVIEW_HM_01_EV_APP0037_FIRST_INTERVIEW_TECHNICAL_ASSESSMENT_M1_SKILL_07"",""OB_REVIEW_ML_01_EV_APP0037_FIRST_INTERVIEW_AI_CASE_M1_SKILL_01"",""OB_REVIEW_HM_01_EV_APP0037_FIRST_INTERVIEW_AI_CASE_M1_SKILL_01"",""OB_REVIEW_ML_01_EV_APP0037_FIRST_INTERVIEW_AI_CASE_M1_SKILL_03"",""OB_REVIEW_HM_01_EV_APP0037_FIRST_INTERVIEW_AI_CASE_M1_SKILL_03"",""OB_REVIEW_ML_01_EV_APP0037_FIRST_INTERVIEW_PRACTITIONER_QA_M1_SKILL_04"",""OB_REVIEW_HM_01_EV_APP0037_FIRST_INTERVIEW_PRACTITIONER_QA_M1_SKILL_04"",""OB_REVIEW_ML_01_EV_APP0037_FIRST_INTERVIEW_PRACTITIONER_QA_M1_SKILL_05"",""OB_REVIEW_HM_01_EV_APP0037_FIRST_INTERVIEW_PRACTITIONER_QA_M1_SKILL_05"",""OB_REVIEW_ML_01_EV_APP0037_FIRST_INTERVIEW_PRACTITIONER_QA_M1_SKILL_06"",""OB_REVIEW_HM_01_EV_APP0037_FIRST_INTERVIEW_PRACTITIONER_QA_M1_SKILL_06"",""OB_REVIEW_ML_01_EV_APP0037_FIRST_INTERVIEW_PRACTITIONER_QA_M1_SKILL_08"",""OB_REVIEW_HM_01_EV_APP0037_FIRST_INTERVIEW_PRACTITIONER_QA_M1_SKILL_08""],""stage"":""FIRST_INTERVIEW""}"
APP0039_FIRST_INTERVIEW,APP0039,C0039,FIRST_INTERVIEW,2026-12-06T14:04:00+09:00,2026-12-08T14:04:00+09:00,2026-12-21T09:00:00+09:00,2026-12-21T10:15:00+09:00,2026-12-24T10:35:00+09:00,2026-12-24T10:35:00+09:00,,ADVANCED,FIRST_EVIDENCE_REVIEWED,,SYNTHETIC_HUMAN_SCENARIO,"{""criterion"":""REPEATED_DIRECT_TECHNICAL_LIMITATION"",""human_rationale"":""단계 활동과 관찰을 검토하여 다음 판단으로 진행한다. 미관찰은 부족/탈락과 동일하지 않다."",""observation_refs"":[""OB_REVIEW_ML_01_EV_APP0039_FIRST_INTERVIEW_TECHNICAL_ASSESSMENT_M1_SKILL_01"",""OB_REVIEW_HM_01_EV_APP0039_FIRST_INTERVIEW_TECHNICAL_ASSESSMENT_M1_SKILL_01"",""OB_REVIEW_ML_01_EV_APP0039_FIRST_INTERVIEW_TECHNICAL_ASSESSMENT_M1_SKILL_02"",""OB_REVIEW_HM_01_EV_APP0039_FIRST_INTERVIEW_TECHNICAL_ASSESSMENT_M1_SKILL_02"",""OB_REVIEW_ML_01_EV_APP0039_FIRST_INTERVIEW_TECHNICAL_ASSESSMENT_M1_SKILL_07"",""OB_REVIEW_HM_01_EV_APP0039_FIRST_INTERVIEW_TECHNICAL_ASSESSMENT_M1_SKILL_07"",""OB_REVIEW_ML_01_EV_APP0039_FIRST_INTERVIEW_AI_CASE_M1_SKILL_01"",""OB_REVIEW_HM_01_EV_APP0039_FIRST_INTERVIEW_AI_CASE_M1_SKILL_01"",""OB_REVIEW_ML_01_EV_APP0039_FIRST_INTERVIEW_AI_CASE_M1_SKILL_03"",""OB_REVIEW_HM_01_EV_APP0039_FIRST_INTERVIEW_AI_CASE_M1_SKILL_03"",""OB_REVIEW_ML_01_EV_APP0039_FIRST_INTERVIEW_PRACTITIONER_QA_M1_SKILL_04"",""OB_REVIEW_HM_01_EV_APP0039_FIRST_INTERVIEW_PRACTITIONER_QA_M1_SKILL_04"",""OB_REVIEW_ML_01_EV_APP0039_FIRST_INTERVIEW_PRACTITIONER_QA_M1_SKILL_05"",""OB_REVIEW_HM_01_EV_APP0039_FIRST_INTERVIEW_PRACTITIONER_QA_M1_SKILL_05"",""OB_REVIEW_ML_01_EV_APP0039_FIRST_INTERVIEW_PRACTITIONER_QA_M1_SKILL_06"",""OB_REVIEW_HM_01_EV_APP0039_FIRST_INTERVIEW_PRACTITIONER_QA_M1_SKILL_06"",""OB_REVIEW_ML_01_EV_APP0039_FIRST_INTERVIEW_PRACTITIONER_QA_M1_SKILL_08"",""OB_REVIEW_HM_01_EV_APP0039_FIRST_INTERVIEW_PRACTITIONER_QA_M1_SKILL_08""],""stage"":""FIRST_INTERVIEW""}"
APP0040_FIRST_INTERVIEW,APP0040,C0040,FIRST_INTERVIEW,2026-12-06T14:04:00+09:00,2026-12-08T14:04:00+09:00,2026-12-21T09:00:00+09:00,2026-12-21T10:20:00+09:00,2026-12-24T10:40:00+09:00,2026-12-24T10:40:00+09:00,,ADVANCED,FIRST_EVIDENCE_REVIEWED,,SYNTHETIC_HUMAN_SCENARIO,"{""criterion"":""REPEATED_DIRECT_TECHNICAL_LIMITATION"",""human_rationale"":""단계 활동과 관찰을 검토하여 다음 판단으로 진행한다. 미관찰은 부족/탈락과 동일하지 않다."",""observation_refs"":[""OB_REVIEW_ML_01_EV_APP0040_FIRST_INTERVIEW_TECHNICAL_ASSESSMENT_M1_SKILL_01"",""OB_REVIEW_HM_01_EV_APP0040_FIRST_INTERVIEW_TECHNICAL_ASSESSMENT_M1_SKILL_01"",""OB_REVIEW_ML_01_EV_APP0040_FIRST_INTERVIEW_TECHNICAL_ASSESSMENT_M1_SKILL_02"",""OB_REVIEW_HM_01_EV_APP0040_FIRST_INTERVIEW_TECHNICAL_ASSESSMENT_M1_SKILL_02"",""OB_REVIEW_ML_01_EV_APP0040_FIRST_INTERVIEW_TECHNICAL_ASSESSMENT_M1_SKILL_07"",""OB_REVIEW_HM_01_EV_APP0040_FIRST_INTERVIEW_TECHNICAL_ASSESSMENT_M1_SKILL_07"",""OB_REVIEW_ML_01_EV_APP0040_FIRST_INTERVIEW_AI_CASE_M1_SKILL_01"",""OB_REVIEW_HM_01_EV_APP0040_FIRST_INTERVIEW_AI_CASE_M1_SKILL_01"",""OB_REVIEW_ML_01_EV_APP0040_FIRST_INTERVIEW_AI_CASE_M1_SKILL_03"",""OB_REVIEW_HM_01_EV_APP0040_FIRST_INTERVIEW_AI_CASE_M1_SKILL_03"",""OB_REVIEW_ML_01_EV_APP0040_FIRST_INTERVIEW_PRACTITIONER_QA_M1_SKILL_04"",""OB_REVIEW_HM_01_EV_APP0040_FIRST_INTERVIEW_PRACTITIONER_QA_M1_SKILL_04"",""OB_REVIEW_ML_01_EV_APP0040_FIRST_INTERVIEW_PRACTITIONER_QA_M1_SKILL_05"",""OB_REVIEW_HM_01_EV_APP0040_FIRST_INTERVIEW_PRACTITIONER_QA_M1_SKILL_05"",""OB_REVIEW_ML_01_EV_APP0040_FIRST_INTERVIEW_PRACTITIONER_QA_M1_SKILL_06"",""OB_REVIEW_HM_01_EV_APP0040_FIRST_INTERVIEW_PRACTITIONER_QA_M1_SKILL_06"",""OB_REVIEW_ML_01_EV_APP0040_FIRST_INTERVIEW_PRACTITIONER_QA_M1_SKILL_08"",""OB_REVIEW_HM_01_EV_APP0040_FIRST_INTERVIEW_PRACTITIONER_QA_M1_SKILL_08""],""stage"":""FIRST_INTERVIEW""}"
APP0041_FIRST_INTERVIEW,APP0041,C0041,FIRST_INTERVIEW,2026-12-06T14:04:00+09:00,2026-12-08T14:04:00+09:00,2026-12-21T09:00:00+09:00,2026-12-21T10:25:00+09:00,2026-12-26T10:40:00+09:00,2026-12-30T10:40:00+09:00,,ADVANCED,FIRST_EVIDENCE_REVIEWED,,SYNTHETIC_HUMAN_SCENARIO,"{""criterion"":""REPEATED_DIRECT_TECHNICAL_LIMITATION"",""human_rationale"":""단계 활동과 관찰을 검토하여 다음 판단으로 진행한다. 미관찰은 부족/탈락과 동일하지 않다."",""observation_refs"":[""OB_REVIEW_ML_01_EV_APP0041_FIRST_INTERVIEW_TECHNICAL_ASSESSMENT_M1_SKILL_01"",""OB_REVIEW_HM_01_EV_APP0041_FIRST_INTERVIEW_TECHNICAL_ASSESSMENT_M1_SKILL_01"",""OB_REVIEW_ML_01_EV_APP0041_FIRST_INTERVIEW_TECHNICAL_ASSESSMENT_M1_SKILL_02"",""OB_REVIEW_HM_01_EV_APP0041_FIRST_INTERVIEW_TECHNICAL_ASSESSMENT_M1_SKILL_02"",""OB_REVIEW_ML_01_EV_APP0041_FIRST_INTERVIEW_TECHNICAL_ASSESSMENT_M1_SKILL_07"",""OB_REVIEW_HM_01_EV_APP0041_FIRST_INTERVIEW_TECHNICAL_ASSESSMENT_M1_SKILL_07"",""OB_REVIEW_ML_01_EV_APP0041_FIRST_INTERVIEW_AI_CASE_M1_SKILL_01"",""OB_REVIEW_HM_01_EV_APP0041_FIRST_INTERVIEW_AI_CASE_M1_SKILL_01"",""OB_REVIEW_ML_01_EV_APP0041_FIRST_INTERVIEW_AI_CASE_M1_SKILL_03"",""OB_REVIEW_HM_01_EV_APP0041_FIRST_INTERVIEW_AI_CASE_M1_SKILL_03"",""OB_REVIEW_ML_01_EV_APP0041_FIRST_INTERVIEW_PRACTITIONER_QA_M1_SKILL_04"",""OB_REVIEW_HM_01_EV_APP0041_FIRST_INTERVIEW_PRACTITIONER_QA_M1_SKILL_04"",""OB_REVIEW_ML_01_EV_APP0041_FIRST_INTERVIEW_PRACTITIONER_QA_M1_SKILL_05"",""OB_REVIEW_HM_01_EV_APP0041_FIRST_INTERVIEW_PRACTITIONER_QA_M1_SKILL_05"",""OB_REVIEW_ML_01_EV_APP0041_FIRST_INTERVIEW_PRACTITIONER_QA_M1_SKILL_06"",""OB_REVIEW_HM_01_EV_APP0041_FIRST_INTERVIEW_PRACTITIONER_QA_M1_SKILL_06"",""OB_REVIEW_ML_01_EV_APP0041_FIRST_INTERVIEW_PRACTITIONER_QA_M1_SKILL_08"",""OB_REVIEW_HM_01_EV_APP0041_FIRST_INTERVIEW_PRACTITIONER_QA_M1_SKILL_08""],""stage"":""FIRST_INTERVIEW""}"
APP0042_FIRST_INTERVIEW,APP0042,C0042,FIRST_INTERVIEW,2026-12-06T14:04:00+09:00,2026-12-08T14:04:00+09:00,2026-12-21T09:00:00+09:00,2026-12-21T10:15:00+09:00,2026-12-23T10:35:00+09:00,2026-12-24T10:35:00+09:00,,ADVANCED,FIRST_EVIDENCE_REVIEWED,,SYNTHETIC_HUMAN_SCENARIO,"{""criterion"":""REPEATED_DIRECT_TECHNICAL_LIMITATION"",""human_rationale"":""단계 활동과 관찰을 검토하여 다음 판단으로 진행한다. 미관찰은 부족/탈락과 동일하지 않다."",""observation_refs"":[""OB_REVIEW_ML_01_EV_APP0042_FIRST_INTERVIEW_TECHNICAL_ASSESSMENT_M1_SKILL_01"",""OB_REVIEW_HM_01_EV_APP0042_FIRST_INTERVIEW_TECHNICAL_ASSESSMENT_M1_SKILL_01"",""OB_REVIEW_ML_01_EV_APP0042_FIRST_INTERVIEW_TECHNICAL_ASSESSMENT_M1_SKILL_02"",""OB_REVIEW_HM_01_EV_APP0042_FIRST_INTERVIEW_TECHNICAL_ASSESSMENT_M1_SKILL_02"",""OB_REVIEW_ML_01_EV_APP0042_FIRST_INTERVIEW_TECHNICAL_ASSESSMENT_M1_SKILL_07"",""OB_REVIEW_HM_01_EV_APP0042_FIRST_INTERVIEW_TECHNICAL_ASSESSMENT_M1_SKILL_07"",""OB_REVIEW_ML_01_EV_APP0042_FIRST_INTERVIEW_AI_CASE_M1_SKILL_01"",""OB_REVIEW_HM_01_EV_APP0042_FIRST_INTERVIEW_AI_CASE_M1_SKILL_01"",""OB_REVIEW_ML_01_EV_APP0042_FIRST_INTERVIEW_AI_CASE_M1_SKILL_03"",""OB_REVIEW_HM_01_EV_APP0042_FIRST_INTERVIEW_AI_CASE_M1_SKILL_03"",""OB_REVIEW_ML_01_EV_APP0042_FIRST_INTERVIEW_PRACTITIONER_QA_M1_SKILL_04"",""OB_REVIEW_HM_01_EV_APP0042_FIRST_INTERVIEW_PRACTITIONER_QA_M1_SKILL_04"",""OB_REVIEW_ML_01_EV_APP0042_FIRST_INTERVIEW_PRACTITIONER_QA_M1_SKILL_05"",""OB_REVIEW_HM_01_EV_APP0042_FIRST_INTERVIEW_PRACTITIONER_QA_M1_SKILL_05"",""OB_REVIEW_ML_01_EV_APP0042_FIRST_INTERVIEW_PRACTITIONER_QA_M1_SKILL_06"",""OB_REVIEW_HM_01_EV_APP0042_FIRST_INTERVIEW_PRACTITIONER_QA_M1_SKILL_06"",""OB_REVIEW_ML_01_EV_APP0042_FIRST_INTERVIEW_PRACTITIONER_QA_M1_SKILL_08"",""OB_REVIEW_HM_01_EV_APP0042_FIRST_INTERVIEW_PRACTITIONER_QA_M1_SKILL_08""],""stage"":""FIRST_INTERVIEW""}"
APP0044_FIRST_INTERVIEW,APP0044,C0044,FIRST_INTERVIEW,2026-12-06T14:04:00+09:00,2026-12-08T14:04:00+09:00,2026-12-21T09:00:00+09:00,2026-12-21T10:15:00+09:00,2026-12-24T10:40:00+09:00,2026-12-28T10:40:00+09:00,,ADVANCED,FIRST_EVIDENCE_REVIEWED,,SYNTHETIC_HUMAN_SCENARIO,"{""criterion"":""REPEATED_DIRECT_TECHNICAL_LIMITATION"",""human_rationale"":""단계 활동과 관찰을 검토하여 다음 판단으로 진행한다. 미관찰은 부족/탈락과 동일하지 않다."",""observation_refs"":[""OB_REVIEW_ML_01_EV_APP0044_FIRST_INTERVIEW_TECHNICAL_ASSESSMENT_M1_SKILL_01"",""OB_REVIEW_HM_01_EV_APP0044_FIRST_INTERVIEW_TECHNICAL_ASSESSMENT_M1_SKILL_01"",""OB_REVIEW_ML_01_EV_APP0044_FIRST_INTERVIEW_TECHNICAL_ASSESSMENT_M1_SKILL_02"",""OB_REVIEW_HM_01_EV_APP0044_FIRST_INTERVIEW_TECHNICAL_ASSESSMENT_M1_SKILL_02"",""OB_REVIEW_ML_01_EV_APP0044_FIRST_INTERVIEW_TECHNICAL_ASSESSMENT_M1_SKILL_07"",""OB_REVIEW_HM_01_EV_APP0044_FIRST_INTERVIEW_TECHNICAL_ASSESSMENT_M1_SKILL_07"",""OB_REVIEW_ML_01_EV_APP0044_FIRST_INTERVIEW_AI_CASE_M1_SKILL_01"",""OB_REVIEW_HM_01_EV_APP0044_FIRST_INTERVIEW_AI_CASE_M1_SKILL_01"",""OB_REVIEW_ML_01_EV_APP0044_FIRST_INTERVIEW_AI_CASE_M1_SKILL_03"",""OB_REVIEW_HM_01_EV_APP0044_FIRST_INTERVIEW_AI_CASE_M1_SKILL_03"",""OB_REVIEW_ML_01_EV_APP0044_FIRST_INTERVIEW_PRACTITIONER_QA_M1_SKILL_04"",""OB_REVIEW_HM_01_EV_APP0044_FIRST_INTERVIEW_PRACTITIONER_QA_M1_SKILL_04"",""OB_REVIEW_ML_01_EV_APP0044_FIRST_INTERVIEW_PRACTITIONER_QA_M1_SKILL_05"",""OB_REVIEW_HM_01_EV_APP0044_FIRST_INTERVIEW_PRACTITIONER_QA_M1_SKILL_05"",""OB_REVIEW_ML_01_EV_APP0044_FIRST_INTERVIEW_PRACTITIONER_QA_M1_SKILL_06"",""OB_REVIEW_HM_01_EV_APP0044_FIRST_INTERVIEW_PRACTITIONER_QA_M1_SKILL_06"",""OB_REVIEW_ML_01_EV_APP0044_FIRST_INTERVIEW_PRACTITIONER_QA_M1_SKILL_08"",""OB_REVIEW_HM_01_EV_APP0044_FIRST_INTERVIEW_PRACTITIONER_QA_M1_SKILL_08""],""stage"":""FIRST_INTERVIEW""}"
APP0045_FIRST_INTERVIEW,APP0045,C0045,FIRST_INTERVIEW,2026-12-06T14:04:00+09:00,2026-12-08T14:04:00+09:00,2026-12-21T09:00:00+09:00,2026-12-21T10:30:00+09:00,2026-12-26T10:45:00+09:00,2026-12-26T10:45:00+09:00,,ADVANCED,FIRST_EVIDENCE_REVIEWED,,SYNTHETIC_HUMAN_SCENARIO,"{""criterion"":""REPEATED_DIRECT_TECHNICAL_LIMITATION"",""human_rationale"":""단계 활동과 관찰을 검토하여 다음 판단으로 진행한다. 미관찰은 부족/탈락과 동일하지 않다."",""observation_refs"":[""OB_REVIEW_ML_01_EV_APP0045_FIRST_INTERVIEW_TECHNICAL_ASSESSMENT_M1_SKILL_01"",""OB_REVIEW_HM_01_EV_APP0045_FIRST_INTERVIEW_TECHNICAL_ASSESSMENT_M1_SKILL_01"",""OB_REVIEW_ML_01_EV_APP0045_FIRST_INTERVIEW_TECHNICAL_ASSESSMENT_M1_SKILL_02"",""OB_REVIEW_HM_01_EV_APP0045_FIRST_INTERVIEW_TECHNICAL_ASSESSMENT_M1_SKILL_02"",""OB_REVIEW_ML_01_EV_APP0045_FIRST_INTERVIEW_TECHNICAL_ASSESSMENT_M1_SKILL_07"",""OB_REVIEW_HM_01_EV_APP0045_FIRST_INTERVIEW_TECHNICAL_ASSESSMENT_M1_SKILL_07"",""OB_REVIEW_ML_01_EV_APP0045_FIRST_INTERVIEW_AI_CASE_M1_SKILL_01"",""OB_REVIEW_HM_01_EV_APP0045_FIRST_INTERVIEW_AI_CASE_M1_SKILL_01"",""OB_REVIEW_ML_01_EV_APP0045_FIRST_INTERVIEW_AI_CASE_M1_SKILL_03"",""OB_REVIEW_HM_01_EV_APP0045_FIRST_INTERVIEW_AI_CASE_M1_SKILL_03"",""OB_REVIEW_ML_01_EV_APP0045_FIRST_INTERVIEW_PRACTITIONER_QA_M1_SKILL_04"",""OB_REVIEW_HM_01_EV_APP0045_FIRST_INTERVIEW_PRACTITIONER_QA_M1_SKILL_04"",""OB_REVIEW_ML_01_EV_APP0045_FIRST_INTERVIEW_PRACTITIONER_QA_M1_SKILL_05"",""OB_REVIEW_HM_01_EV_APP0045_FIRST_INTERVIEW_PRACTITIONER_QA_M1_SKILL_05"",""OB_REVIEW_ML_01_EV_APP0045_FIRST_INTERVIEW_PRACTITIONER_QA_M1_SKILL_06"",""OB_REVIEW_HM_01_EV_APP0045_FIRST_INTERVIEW_PRACTITIONER_QA_M1_SKILL_06"",""OB_REVIEW_ML_01_EV_APP0045_FIRST_INTERVIEW_PRACTITIONER_QA_M1_SKILL_08"",""OB_REVIEW_HM_01_EV_APP0045_FIRST_INTERVIEW_PRACTITIONER_QA_M1_SKILL_08""],""stage"":""FIRST_INTERVIEW""}"
APP0046_FIRST_INTERVIEW,APP0046,C0046,FIRST_INTERVIEW,2026-12-06T14:04:00+09:00,2026-12-08T14:04:00+09:00,2026-12-21T09:00:00+09:00,2026-12-21T10:15:00+09:00,2026-12-26T10:30:00+09:00,2026-12-26T10:30:00+09:00,,ADVANCED,FIRST_EVIDENCE_REVIEWED,,SYNTHETIC_HUMAN_SCENARIO,"{""criterion"":""REPEATED_DIRECT_TECHNICAL_LIMITATION"",""human_rationale"":""단계 활동과 관찰을 검토하여 다음 판단으로 진행한다. 미관찰은 부족/탈락과 동일하지 않다."",""observation_refs"":[""OB_REVIEW_ML_01_EV_APP0046_FIRST_INTERVIEW_TECHNICAL_ASSESSMENT_M1_SKILL_01"",""OB_REVIEW_HM_01_EV_APP0046_FIRST_INTERVIEW_TECHNICAL_ASSESSMENT_M1_SKILL_01"",""OB_REVIEW_ML_01_EV_APP0046_FIRST_INTERVIEW_TECHNICAL_ASSESSMENT_M1_SKILL_02"",""OB_REVIEW_HM_01_EV_APP0046_FIRST_INTERVIEW_TECHNICAL_ASSESSMENT_M1_SKILL_02"",""OB_REVIEW_ML_01_EV_APP0046_FIRST_INTERVIEW_TECHNICAL_ASSESSMENT_M1_SKILL_07"",""OB_REVIEW_HM_01_EV_APP0046_FIRST_INTERVIEW_TECHNICAL_ASSESSMENT_M1_SKILL_07"",""OB_REVIEW_ML_01_EV_APP0046_FIRST_INTERVIEW_AI_CASE_M1_SKILL_01"",""OB_REVIEW_HM_01_EV_APP0046_FIRST_INTERVIEW_AI_CASE_M1_SKILL_01"",""OB_REVIEW_ML_01_EV_APP0046_FIRST_INTERVIEW_AI_CASE_M1_SKILL_03"",""OB_REVIEW_HM_01_EV_APP0046_FIRST_INTERVIEW_AI_CASE_M1_SKILL_03"",""OB_REVIEW_ML_01_EV_APP0046_FIRST_INTERVIEW_PRACTITIONER_QA_M1_SKILL_04"",""OB_REVIEW_HM_01_EV_APP0046_FIRST_INTERVIEW_PRACTITIONER_QA_M1_SKILL_04"",""OB_REVIEW_ML_01_EV_APP0046_FIRST_INTERVIEW_PRACTITIONER_QA_M1_SKILL_05"",""OB_REVIEW_HM_01_EV_APP0046_FIRST_INTERVIEW_PRACTITIONER_QA_M1_SKILL_05"",""OB_REVIEW_ML_01_EV_APP0046_FIRST_INTERVIEW_PRACTITIONER_QA_M1_SKILL_06"",""OB_REVIEW_HM_01_EV_APP0046_FIRST_INTERVIEW_PRACTITIONER_QA_M1_SKILL_06"",""OB_REVIEW_ML_01_EV_APP0046_FIRST_INTERVIEW_PRACTITIONER_QA_M1_SKILL_08"",""OB_REVIEW_HM_01_EV_APP0046_FIRST_INTERVIEW_PRACTITIONER_QA_M1_SKILL_08""],""stage"":""FIRST_INTERVIEW""}"
APP0048_FIRST_INTERVIEW,APP0048,C0048,FIRST_INTERVIEW,2026-12-06T14:04:00+09:00,2026-12-08T14:04:00+09:00,2026-12-21T09:00:00+09:00,2026-12-21T10:15:00+09:00,2026-12-24T10:40:00+09:00,2026-12-26T10:40:00+09:00,,ADVANCED,FIRST_EVIDENCE_REVIEWED,,SYNTHETIC_HUMAN_SCENARIO,"{""criterion"":""REPEATED_DIRECT_TECHNICAL_LIMITATION"",""human_rationale"":""단계 활동과 관찰을 검토하여 다음 판단으로 진행한다. 미관찰은 부족/탈락과 동일하지 않다."",""observation_refs"":[""OB_REVIEW_ML_01_EV_APP0048_FIRST_INTERVIEW_TECHNICAL_ASSESSMENT_M1_SKILL_01"",""OB_REVIEW_HM_01_EV_APP0048_FIRST_INTERVIEW_TECHNICAL_ASSESSMENT_M1_SKILL_01"",""OB_REVIEW_ML_01_EV_APP0048_FIRST_INTERVIEW_TECHNICAL_ASSESSMENT_M1_SKILL_02"",""OB_REVIEW_HM_01_EV_APP0048_FIRST_INTERVIEW_TECHNICAL_ASSESSMENT_M1_SKILL_02"",""OB_REVIEW_ML_01_EV_APP0048_FIRST_INTERVIEW_TECHNICAL_ASSESSMENT_M1_SKILL_07"",""OB_REVIEW_HM_01_EV_APP0048_FIRST_INTERVIEW_TECHNICAL_ASSESSMENT_M1_SKILL_07"",""OB_REVIEW_ML_01_EV_APP0048_FIRST_INTERVIEW_AI_CASE_M1_SKILL_01"",""OB_REVIEW_HM_01_EV_APP0048_FIRST_INTERVIEW_AI_CASE_M1_SKILL_01"",""OB_REVIEW_ML_01_EV_APP0048_FIRST_INTERVIEW_AI_CASE_M1_SKILL_03"",""OB_REVIEW_HM_01_EV_APP0048_FIRST_INTERVIEW_AI_CASE_M1_SKILL_03"",""OB_REVIEW_ML_01_EV_APP0048_FIRST_INTERVIEW_PRACTITIONER_QA_M1_SKILL_04"",""OB_REVIEW_HM_01_EV_APP0048_FIRST_INTERVIEW_PRACTITIONER_QA_M1_SKILL_04"",""OB_REVIEW_ML_01_EV_APP0048_FIRST_INTERVIEW_PRACTITIONER_QA_M1_SKILL_05"",""OB_REVIEW_HM_01_EV_APP0048_FIRST_INTERVIEW_PRACTITIONER_QA_M1_SKILL_05"",""OB_REVIEW_ML_01_EV_APP0048_FIRST_INTERVIEW_PRACTITIONER_QA_M1_SKILL_06"",""OB_REVIEW_HM_01_EV_APP0048_FIRST_INTERVIEW_PRACTITIONER_QA_M1_SKILL_06"",""OB_REVIEW_ML_01_EV_APP0048_FIRST_INTERVIEW_PRACTITIONER_QA_M1_SKILL_08"",""OB_REVIEW_HM_01_EV_APP0048_FIRST_INTERVIEW_PRACTITIONER_QA_M1_SKILL_08""],""stage"":""FIRST_INTERVIEW""}"
APP0049_FIRST_INTERVIEW,APP0049,C0049,FIRST_INTERVIEW,2026-12-06T14:04:00+09:00,2026-12-08T14:04:00+09:00,2026-12-24T09:00:00+09:00,2026-12-24T10:25:00+09:00,2026-12-26T10:45:00+09:00,2026-12-30T10:45:00+09:00,,ADVANCED,FIRST_EVIDENCE_REVIEWED,,SYNTHETIC_HUMAN_SCENARIO,"{""criterion"":""REPEATED_DIRECT_TECHNICAL_LIMITATION"",""human_rationale"":""단계 활동과 관찰을 검토하여 다음 판단으로 진행한다. 미관찰은 부족/탈락과 동일하지 않다."",""observation_refs"":[""OB_REVIEW_ML_01_EV_APP0049_FIRST_INTERVIEW_TECHNICAL_ASSESSMENT_M1_SKILL_01"",""OB_REVIEW_HM_01_EV_APP0049_FIRST_INTERVIEW_TECHNICAL_ASSESSMENT_M1_SKILL_01"",""OB_REVIEW_ML_01_EV_APP0049_FIRST_INTERVIEW_TECHNICAL_ASSESSMENT_M1_SKILL_02"",""OB_REVIEW_HM_01_EV_APP0049_FIRST_INTERVIEW_TECHNICAL_ASSESSMENT_M1_SKILL_02"",""OB_REVIEW_ML_01_EV_APP0049_FIRST_INTERVIEW_TECHNICAL_ASSESSMENT_M1_SKILL_07"",""OB_REVIEW_HM_01_EV_APP0049_FIRST_INTERVIEW_TECHNICAL_ASSESSMENT_M1_SKILL_07"",""OB_REVIEW_ML_01_EV_APP0049_FIRST_INTERVIEW_AI_CASE_M1_SKILL_01"",""OB_REVIEW_HM_01_EV_APP0049_FIRST_INTERVIEW_AI_CASE_M1_SKILL_01"",""OB_REVIEW_ML_01_EV_APP0049_FIRST_INTERVIEW_AI_CASE_M1_SKILL_03"",""OB_REVIEW_HM_01_EV_APP0049_FIRST_INTERVIEW_AI_CASE_M1_SKILL_03"",""OB_REVIEW_ML_01_EV_APP0049_FIRST_INTERVIEW_PRACTITIONER_QA_M1_SKILL_04"",""OB_REVIEW_HM_01_EV_APP0049_FIRST_INTERVIEW_PRACTITIONER_QA_M1_SKILL_04"",""OB_REVIEW_ML_01_EV_APP0049_FIRST_INTERVIEW_PRACTITIONER_QA_M1_SKILL_05"",""OB_REVIEW_HM_01_EV_APP0049_FIRST_INTERVIEW_PRACTITIONER_QA_M1_SKILL_05"",""OB_REVIEW_ML_01_EV_APP0049_FIRST_INTERVIEW_PRACTITIONER_QA_M1_SKILL_06"",""OB_REVIEW_HM_01_EV_APP0049_FIRST_INTERVIEW_PRACTITIONER_QA_M1_SKILL_06"",""OB_REVIEW_ML_01_EV_APP0049_FIRST_INTERVIEW_PRACTITIONER_QA_M1_SKILL_08"",""OB_REVIEW_HM_01_EV_APP0049_FIRST_INTERVIEW_PRACTITIONER_QA_M1_SKILL_08""],""stage"":""FIRST_INTERVIEW""}"
APP0050_FIRST_INTERVIEW,APP0050,C0050,FIRST_INTERVIEW,2026-12-06T14:04:00+09:00,2026-12-08T14:04:00+09:00,2026-12-24T09:00:00+09:00,2026-12-24T10:20:00+09:00,2026-12-25T10:35:00+09:00,2026-12-27T10:35:00+09:00,,ADVANCED,FIRST_EVIDENCE_REVIEWED,,SYNTHETIC_HUMAN_SCENARIO,"{""criterion"":""REPEATED_DIRECT_TECHNICAL_LIMITATION"",""human_rationale"":""단계 활동과 관찰을 검토하여 다음 판단으로 진행한다. 미관찰은 부족/탈락과 동일하지 않다."",""observation_refs"":[""OB_REVIEW_ML_01_EV_APP0050_FIRST_INTERVIEW_TECHNICAL_ASSESSMENT_M1_SKILL_01"",""OB_REVIEW_HM_01_EV_APP0050_FIRST_INTERVIEW_TECHNICAL_ASSESSMENT_M1_SKILL_01"",""OB_REVIEW_ML_01_EV_APP0050_FIRST_INTERVIEW_TECHNICAL_ASSESSMENT_M1_SKILL_02"",""OB_REVIEW_HM_01_EV_APP0050_FIRST_INTERVIEW_TECHNICAL_ASSESSMENT_M1_SKILL_02"",""OB_REVIEW_ML_01_EV_APP0050_FIRST_INTERVIEW_TECHNICAL_ASSESSMENT_M1_SKILL_07"",""OB_REVIEW_HM_01_EV_APP0050_FIRST_INTERVIEW_TECHNICAL_ASSESSMENT_M1_SKILL_07"",""OB_REVIEW_ML_01_EV_APP0050_FIRST_INTERVIEW_AI_CASE_M1_SKILL_01"",""OB_REVIEW_HM_01_EV_APP0050_FIRST_INTERVIEW_AI_CASE_M1_SKILL_01"",""OB_REVIEW_ML_01_EV_APP0050_FIRST_INTERVIEW_AI_CASE_M1_SKILL_03"",""OB_REVIEW_HM_01_EV_APP0050_FIRST_INTERVIEW_AI_CASE_M1_SKILL_03"",""OB_REVIEW_ML_01_EV_APP0050_FIRST_INTERVIEW_PRACTITIONER_QA_M1_SKILL_04"",""OB_REVIEW_HM_01_EV_APP0050_FIRST_INTERVIEW_PRACTITIONER_QA_M1_SKILL_04"",""OB_REVIEW_ML_01_EV_APP0050_FIRST_INTERVIEW_PRACTITIONER_QA_M1_SKILL_05"",""OB_REVIEW_HM_01_EV_APP0050_FIRST_INTERVIEW_PRACTITIONER_QA_M1_SKILL_05"",""OB_REVIEW_ML_01_EV_APP0050_FIRST_INTERVIEW_PRACTITIONER_QA_M1_SKILL_06"",""OB_REVIEW_HM_01_EV_APP0050_FIRST_INTERVIEW_PRACTITIONER_QA_M1_SKILL_06"",""OB_REVIEW_ML_01_EV_APP0050_FIRST_INTERVIEW_PRACTITIONER_QA_M1_SKILL_08"",""OB_REVIEW_HM_01_EV_APP0050_FIRST_INTERVIEW_PRACTITIONER_QA_M1_SKILL_08""],""stage"":""FIRST_INTERVIEW""}"
APP0051_FIRST_INTERVIEW,APP0051,C0051,FIRST_INTERVIEW,2026-12-06T14:04:00+09:00,2026-12-08T14:04:00+09:00,2026-12-24T09:00:00+09:00,2026-12-24T10:30:00+09:00,2026-12-27T10:50:00+09:00,2026-12-31T10:50:00+09:00,,ADVANCED,FIRST_EVIDENCE_REVIEWED,,SYNTHETIC_HUMAN_SCENARIO,"{""criterion"":""REPEATED_DIRECT_TECHNICAL_LIMITATION"",""human_rationale"":""단계 활동과 관찰을 검토하여 다음 판단으로 진행한다. 미관찰은 부족/탈락과 동일하지 않다."",""observation_refs"":[""OB_REVIEW_ML_01_EV_APP0051_FIRST_INTERVIEW_TECHNICAL_ASSESSMENT_M1_SKILL_01"",""OB_REVIEW_HM_01_EV_APP0051_FIRST_INTERVIEW_TECHNICAL_ASSESSMENT_M1_SKILL_01"",""OB_REVIEW_ML_01_EV_APP0051_FIRST_INTERVIEW_TECHNICAL_ASSESSMENT_M1_SKILL_02"",""OB_REVIEW_HM_01_EV_APP0051_FIRST_INTERVIEW_TECHNICAL_ASSESSMENT_M1_SKILL_02"",""OB_REVIEW_ML_01_EV_APP0051_FIRST_INTERVIEW_TECHNICAL_ASSESSMENT_M1_SKILL_07"",""OB_REVIEW_HM_01_EV_APP0051_FIRST_INTERVIEW_TECHNICAL_ASSESSMENT_M1_SKILL_07"",""OB_REVIEW_ML_01_EV_APP0051_FIRST_INTERVIEW_AI_CASE_M1_SKILL_01"",""OB_REVIEW_HM_01_EV_APP0051_FIRST_INTERVIEW_AI_CASE_M1_SKILL_01"",""OB_REVIEW_ML_01_EV_APP0051_FIRST_INTERVIEW_AI_CASE_M1_SKILL_03"",""OB_REVIEW_HM_01_EV_APP0051_FIRST_INTERVIEW_AI_CASE_M1_SKILL_03"",""OB_REVIEW_ML_01_EV_APP0051_FIRST_INTERVIEW_PRACTITIONER_QA_M1_SKILL_04"",""OB_REVIEW_HM_01_EV_APP0051_FIRST_INTERVIEW_PRACTITIONER_QA_M1_SKILL_04"",""OB_REVIEW_ML_01_EV_APP0051_FIRST_INTERVIEW_PRACTITIONER_QA_M1_SKILL_05"",""OB_REVIEW_HM_01_EV_APP0051_FIRST_INTERVIEW_PRACTITIONER_QA_M1_SKILL_05"",""OB_REVIEW_ML_01_EV_APP0051_FIRST_INTERVIEW_PRACTITIONER_QA_M1_SKILL_06"",""OB_REVIEW_HM_01_EV_APP0051_FIRST_INTERVIEW_PRACTITIONER_QA_M1_SKILL_06"",""OB_REVIEW_ML_01_EV_APP0051_FIRST_INTERVIEW_PRACTITIONER_QA_M1_SKILL_08"",""OB_REVIEW_HM_01_EV_APP0051_FIRST_INTERVIEW_PRACTITIONER_QA_M1_SKILL_08""],""stage"":""FIRST_INTERVIEW""}"
APP0052_FIRST_INTERVIEW,APP0052,C0052,FIRST_INTERVIEW,2026-12-06T14:04:00+09:00,2026-12-08T14:04:00+09:00,2026-12-24T09:00:00+09:00,,,,,IN_PROGRESS,,,,"{""motive"":""UNKNOWN"",""operational_state"":""NO_RESPONSE_PENDING""}"
APP0053_FIRST_INTERVIEW,APP0053,C0053,FIRST_INTERVIEW,2026-12-06T14:04:00+09:00,2026-12-08T14:04:00+09:00,2026-12-24T09:00:00+09:00,2026-12-24T10:25:00+09:00,2026-12-26T10:45:00+09:00,2026-12-26T10:45:00+09:00,,ADVANCED,FIRST_EVIDENCE_REVIEWED,,SYNTHETIC_HUMAN_SCENARIO,"{""criterion"":""REPEATED_DIRECT_TECHNICAL_LIMITATION"",""human_rationale"":""단계 활동과 관찰을 검토하여 다음 판단으로 진행한다. 미관찰은 부족/탈락과 동일하지 않다."",""observation_refs"":[""OB_REVIEW_ML_01_EV_APP0053_FIRST_INTERVIEW_TECHNICAL_ASSESSMENT_M1_SKILL_01"",""OB_REVIEW_HM_01_EV_APP0053_FIRST_INTERVIEW_TECHNICAL_ASSESSMENT_M1_SKILL_01"",""OB_REVIEW_ML_01_EV_APP0053_FIRST_INTERVIEW_TECHNICAL_ASSESSMENT_M1_SKILL_02"",""OB_REVIEW_HM_01_EV_APP0053_FIRST_INTERVIEW_TECHNICAL_ASSESSMENT_M1_SKILL_02"",""OB_REVIEW_ML_01_EV_APP0053_FIRST_INTERVIEW_TECHNICAL_ASSESSMENT_M1_SKILL_07"",""OB_REVIEW_HM_01_EV_APP0053_FIRST_INTERVIEW_TECHNICAL_ASSESSMENT_M1_SKILL_07"",""OB_REVIEW_ML_01_EV_APP0053_FIRST_INTERVIEW_AI_CASE_M1_SKILL_01"",""OB_REVIEW_HM_01_EV_APP0053_FIRST_INTERVIEW_AI_CASE_M1_SKILL_01"",""OB_REVIEW_ML_01_EV_APP0053_FIRST_INTERVIEW_AI_CASE_M1_SKILL_03"",""OB_REVIEW_HM_01_EV_APP0053_FIRST_INTERVIEW_AI_CASE_M1_SKILL_03"",""OB_REVIEW_ML_01_EV_APP0053_FIRST_INTERVIEW_PRACTITIONER_QA_M1_SKILL_04"",""OB_REVIEW_HM_01_EV_APP0053_FIRST_INTERVIEW_PRACTITIONER_QA_M1_SKILL_04"",""OB_REVIEW_ML_01_EV_APP0053_FIRST_INTERVIEW_PRACTITIONER_QA_M1_SKILL_05"",""OB_REVIEW_HM_01_EV_APP0053_FIRST_INTERVIEW_PRACTITIONER_QA_M1_SKILL_05"",""OB_REVIEW_ML_01_EV_APP0053_FIRST_INTERVIEW_PRACTITIONER_QA_M1_SKILL_06"",""OB_REVIEW_HM_01_EV_APP0053_FIRST_INTERVIEW_PRACTITIONER_QA_M1_SKILL_06"",""OB_REVIEW_ML_01_EV_APP0053_FIRST_INTERVIEW_PRACTITIONER_QA_M1_SKILL_08"",""OB_REVIEW_HM_01_EV_APP0053_FIRST_INTERVIEW_PRACTITIONER_QA_M1_SKILL_08""],""stage"":""FIRST_INTERVIEW""}"
APP0056_FIRST_INTERVIEW,APP0056,C0056,FIRST_INTERVIEW,2026-12-06T14:04:00+09:00,2026-12-08T14:04:00+09:00,2026-12-24T09:00:00+09:00,2026-12-24T10:30:00+09:00,2026-12-29T10:55:00+09:00,2026-12-31T10:55:00+09:00,,ADVANCED,FIRST_EVIDENCE_REVIEWED,,SYNTHETIC_HUMAN_SCENARIO,"{""criterion"":""REPEATED_DIRECT_TECHNICAL_LIMITATION"",""human_rationale"":""단계 활동과 관찰을 검토하여 다음 판단으로 진행한다. 미관찰은 부족/탈락과 동일하지 않다."",""observation_refs"":[""OB_REVIEW_ML_01_EV_APP0056_FIRST_INTERVIEW_TECHNICAL_ASSESSMENT_M1_SKILL_01"",""OB_REVIEW_HM_01_EV_APP0056_FIRST_INTERVIEW_TECHNICAL_ASSESSMENT_M1_SKILL_01"",""OB_REVIEW_ML_01_EV_APP0056_FIRST_INTERVIEW_TECHNICAL_ASSESSMENT_M1_SKILL_02"",""OB_REVIEW_HM_01_EV_APP0056_FIRST_INTERVIEW_TECHNICAL_ASSESSMENT_M1_SKILL_02"",""OB_REVIEW_ML_01_EV_APP0056_FIRST_INTERVIEW_TECHNICAL_ASSESSMENT_M1_SKILL_07"",""OB_REVIEW_HM_01_EV_APP0056_FIRST_INTERVIEW_TECHNICAL_ASSESSMENT_M1_SKILL_07"",""OB_REVIEW_ML_01_EV_APP0056_FIRST_INTERVIEW_AI_CASE_M1_SKILL_01"",""OB_REVIEW_HM_01_EV_APP0056_FIRST_INTERVIEW_AI_CASE_M1_SKILL_01"",""OB_REVIEW_ML_01_EV_APP0056_FIRST_INTERVIEW_AI_CASE_M1_SKILL_03"",""OB_REVIEW_HM_01_EV_APP0056_FIRST_INTERVIEW_AI_CASE_M1_SKILL_03"",""OB_REVIEW_ML_01_EV_APP0056_FIRST_INTERVIEW_PRACTITIONER_QA_M1_SKILL_04"",""OB_REVIEW_HM_01_EV_APP0056_FIRST_INTERVIEW_PRACTITIONER_QA_M1_SKILL_04"",""OB_REVIEW_ML_01_EV_APP0056_FIRST_INTERVIEW_PRACTITIONER_QA_M1_SKILL_05"",""OB_REVIEW_HM_01_EV_APP0056_FIRST_INTERVIEW_PRACTITIONER_QA_M1_SKILL_05"",""OB_REVIEW_ML_01_EV_APP0056_FIRST_INTERVIEW_PRACTITIONER_QA_M1_SKILL_06"",""OB_REVIEW_HM_01_EV_APP0056_FIRST_INTERVIEW_PRACTITIONER_QA_M1_SKILL_06"",""OB_REVIEW_ML_01_EV_APP0056_FIRST_INTERVIEW_PRACTITIONER_QA_M1_SKILL_08"",""OB_REVIEW_HM_01_EV_APP0056_FIRST_INTERVIEW_PRACTITIONER_QA_M1_SKILL_08""],""stage"":""FIRST_INTERVIEW""}"
APP0057_FIRST_INTERVIEW,APP0057,C0057,FIRST_INTERVIEW,2026-12-06T14:04:00+09:00,2026-12-08T14:04:00+09:00,2026-12-24T09:00:00+09:00,2026-12-24T10:15:00+09:00,2026-12-27T10:30:00+09:00,2026-12-27T10:30:00+09:00,,ADVANCED,FIRST_EVIDENCE_REVIEWED,,SYNTHETIC_HUMAN_SCENARIO,"{""criterion"":""REPEATED_DIRECT_TECHNICAL_LIMITATION"",""human_rationale"":""단계 활동과 관찰을 검토하여 다음 판단으로 진행한다. 미관찰은 부족/탈락과 동일하지 않다."",""observation_refs"":[""OB_REVIEW_ML_01_EV_APP0057_FIRST_INTERVIEW_TECHNICAL_ASSESSMENT_M1_SKILL_01"",""OB_REVIEW_HM_01_EV_APP0057_FIRST_INTERVIEW_TECHNICAL_ASSESSMENT_M1_SKILL_01"",""OB_REVIEW_ML_01_EV_APP0057_FIRST_INTERVIEW_TECHNICAL_ASSESSMENT_M1_SKILL_02"",""OB_REVIEW_HM_01_EV_APP0057_FIRST_INTERVIEW_TECHNICAL_ASSESSMENT_M1_SKILL_02"",""OB_REVIEW_ML_01_EV_APP0057_FIRST_INTERVIEW_TECHNICAL_ASSESSMENT_M1_SKILL_07"",""OB_REVIEW_HM_01_EV_APP0057_FIRST_INTERVIEW_TECHNICAL_ASSESSMENT_M1_SKILL_07"",""OB_REVIEW_ML_01_EV_APP0057_FIRST_INTERVIEW_AI_CASE_M1_SKILL_01"",""OB_REVIEW_HM_01_EV_APP0057_FIRST_INTERVIEW_AI_CASE_M1_SKILL_01"",""OB_REVIEW_ML_01_EV_APP0057_FIRST_INTERVIEW_AI_CASE_M1_SKILL_03"",""OB_REVIEW_HM_01_EV_APP0057_FIRST_INTERVIEW_AI_CASE_M1_SKILL_03"",""OB_REVIEW_ML_01_EV_APP0057_FIRST_INTERVIEW_PRACTITIONER_QA_M1_SKILL_04"",""OB_REVIEW_HM_01_EV_APP0057_FIRST_INTERVIEW_PRACTITIONER_QA_M1_SKILL_04"",""OB_REVIEW_ML_01_EV_APP0057_FIRST_INTERVIEW_PRACTITIONER_QA_M1_SKILL_05"",""OB_REVIEW_HM_01_EV_APP0057_FIRST_INTERVIEW_PRACTITIONER_QA_M1_SKILL_05"",""OB_REVIEW_ML_01_EV_APP0057_FIRST_INTERVIEW_PRACTITIONER_QA_M1_SKILL_06"",""OB_REVIEW_HM_01_EV_APP0057_FIRST_INTERVIEW_PRACTITIONER_QA_M1_SKILL_06"",""OB_REVIEW_ML_01_EV_APP0057_FIRST_INTERVIEW_PRACTITIONER_QA_M1_SKILL_08"",""OB_REVIEW_HM_01_EV_APP0057_FIRST_INTERVIEW_PRACTITIONER_QA_M1_SKILL_08""],""stage"":""FIRST_INTERVIEW""}"
APP0058_FIRST_INTERVIEW,APP0058,C0058,FIRST_INTERVIEW,2026-12-06T14:04:00+09:00,2026-12-08T14:04:00+09:00,2026-12-24T09:00:00+09:00,2026-12-24T10:30:00+09:00,2026-12-26T10:45:00+09:00,2026-12-28T10:45:00+09:00,,ADVANCED,FIRST_EVIDENCE_REVIEWED,,SYNTHETIC_HUMAN_SCENARIO,"{""criterion"":""REPEATED_DIRECT_TECHNICAL_LIMITATION"",""human_rationale"":""단계 활동과 관찰을 검토하여 다음 판단으로 진행한다. 미관찰은 부족/탈락과 동일하지 않다."",""observation_refs"":[""OB_REVIEW_ML_01_EV_APP0058_FIRST_INTERVIEW_TECHNICAL_ASSESSMENT_M1_SKILL_01"",""OB_REVIEW_HM_01_EV_APP0058_FIRST_INTERVIEW_TECHNICAL_ASSESSMENT_M1_SKILL_01"",""OB_REVIEW_ML_01_EV_APP0058_FIRST_INTERVIEW_TECHNICAL_ASSESSMENT_M1_SKILL_02"",""OB_REVIEW_HM_01_EV_APP0058_FIRST_INTERVIEW_TECHNICAL_ASSESSMENT_M1_SKILL_02"",""OB_REVIEW_ML_01_EV_APP0058_FIRST_INTERVIEW_TECHNICAL_ASSESSMENT_M1_SKILL_07"",""OB_REVIEW_HM_01_EV_APP0058_FIRST_INTERVIEW_TECHNICAL_ASSESSMENT_M1_SKILL_07"",""OB_REVIEW_ML_01_EV_APP0058_FIRST_INTERVIEW_AI_CASE_M1_SKILL_01"",""OB_REVIEW_HM_01_EV_APP0058_FIRST_INTERVIEW_AI_CASE_M1_SKILL_01"",""OB_REVIEW_ML_01_EV_APP0058_FIRST_INTERVIEW_AI_CASE_M1_SKILL_03"",""OB_REVIEW_HM_01_EV_APP0058_FIRST_INTERVIEW_AI_CASE_M1_SKILL_03"",""OB_REVIEW_ML_01_EV_APP0058_FIRST_INTERVIEW_PRACTITIONER_QA_M1_SKILL_04"",""OB_REVIEW_HM_01_EV_APP0058_FIRST_INTERVIEW_PRACTITIONER_QA_M1_SKILL_04"",""OB_REVIEW_ML_01_EV_APP0058_FIRST_INTERVIEW_PRACTITIONER_QA_M1_SKILL_05"",""OB_REVIEW_HM_01_EV_APP0058_FIRST_INTERVIEW_PRACTITIONER_QA_M1_SKILL_05"",""OB_REVIEW_ML_01_EV_APP0058_FIRST_INTERVIEW_PRACTITIONER_QA_M1_SKILL_06"",""OB_REVIEW_HM_01_EV_APP0058_FIRST_INTERVIEW_PRACTITIONER_QA_M1_SKILL_06"",""OB_REVIEW_ML_01_EV_APP0058_FIRST_INTERVIEW_PRACTITIONER_QA_M1_SKILL_08"",""OB_REVIEW_HM_01_EV_APP0058_FIRST_INTERVIEW_PRACTITIONER_QA_M1_SKILL_08""],""stage"":""FIRST_INTERVIEW""}"
APP0059_FIRST_INTERVIEW,APP0059,C0059,FIRST_INTERVIEW,2026-12-06T14:04:00+09:00,2026-12-08T14:04:00+09:00,2026-12-24T09:00:00+09:00,2026-12-24T10:30:00+09:00,2026-12-29T10:55:00+09:00,2026-12-31T10:55:00+09:00,,ADVANCED,FIRST_EVIDENCE_REVIEWED,,SYNTHETIC_HUMAN_SCENARIO,"{""criterion"":""REPEATED_DIRECT_TECHNICAL_LIMITATION"",""human_rationale"":""단계 활동과 관찰을 검토하여 다음 판단으로 진행한다. 미관찰은 부족/탈락과 동일하지 않다."",""observation_refs"":[""OB_REVIEW_ML_01_EV_APP0059_FIRST_INTERVIEW_TECHNICAL_ASSESSMENT_M1_SKILL_01"",""OB_REVIEW_HM_01_EV_APP0059_FIRST_INTERVIEW_TECHNICAL_ASSESSMENT_M1_SKILL_01"",""OB_REVIEW_ML_01_EV_APP0059_FIRST_INTERVIEW_TECHNICAL_ASSESSMENT_M1_SKILL_02"",""OB_REVIEW_HM_01_EV_APP0059_FIRST_INTERVIEW_TECHNICAL_ASSESSMENT_M1_SKILL_02"",""OB_REVIEW_ML_01_EV_APP0059_FIRST_INTERVIEW_TECHNICAL_ASSESSMENT_M1_SKILL_07"",""OB_REVIEW_HM_01_EV_APP0059_FIRST_INTERVIEW_TECHNICAL_ASSESSMENT_M1_SKILL_07"",""OB_REVIEW_ML_01_EV_APP0059_FIRST_INTERVIEW_AI_CASE_M1_SKILL_01"",""OB_REVIEW_HM_01_EV_APP0059_FIRST_INTERVIEW_AI_CASE_M1_SKILL_01"",""OB_REVIEW_ML_01_EV_APP0059_FIRST_INTERVIEW_AI_CASE_M1_SKILL_03"",""OB_REVIEW_HM_01_EV_APP0059_FIRST_INTERVIEW_AI_CASE_M1_SKILL_03"",""OB_REVIEW_ML_01_EV_APP0059_FIRST_INTERVIEW_PRACTITIONER_QA_M1_SKILL_04"",""OB_REVIEW_HM_01_EV_APP0059_FIRST_INTERVIEW_PRACTITIONER_QA_M1_SKILL_04"",""OB_REVIEW_ML_01_EV_APP0059_FIRST_INTERVIEW_PRACTITIONER_QA_M1_SKILL_05"",""OB_REVIEW_HM_01_EV_APP0059_FIRST_INTERVIEW_PRACTITIONER_QA_M1_SKILL_05"",""OB_REVIEW_ML_01_EV_APP0059_FIRST_INTERVIEW_PRACTITIONER_QA_M1_SKILL_06"",""OB_REVIEW_HM_01_EV_APP0059_FIRST_INTERVIEW_PRACTITIONER_QA_M1_SKILL_06"",""OB_REVIEW_ML_01_EV_APP0059_FIRST_INTERVIEW_PRACTITIONER_QA_M1_SKILL_08"",""OB_REVIEW_HM_01_EV_APP0059_FIRST_INTERVIEW_PRACTITIONER_QA_M1_SKILL_08""],""stage"":""FIRST_INTERVIEW""}"
APP0061_FIRST_INTERVIEW,APP0061,C0061,FIRST_INTERVIEW,2026-12-06T14:04:00+09:00,2026-12-08T14:04:00+09:00,2026-12-24T09:00:00+09:00,2026-12-24T10:30:00+09:00,2026-12-26T10:55:00+09:00,2026-12-28T10:55:00+09:00,,ADVANCED,FIRST_EVIDENCE_REVIEWED,,SYNTHETIC_HUMAN_SCENARIO,"{""criterion"":""REPEATED_DIRECT_TECHNICAL_LIMITATION"",""human_rationale"":""단계 활동과 관찰을 검토하여 다음 판단으로 진행한다. 미관찰은 부족/탈락과 동일하지 않다."",""observation_refs"":[""OB_REVIEW_ML_01_EV_APP0061_FIRST_INTERVIEW_TECHNICAL_ASSESSMENT_M1_SKILL_01"",""OB_REVIEW_HM_01_EV_APP0061_FIRST_INTERVIEW_TECHNICAL_ASSESSMENT_M1_SKILL_01"",""OB_REVIEW_ML_01_EV_APP0061_FIRST_INTERVIEW_TECHNICAL_ASSESSMENT_M1_SKILL_02"",""OB_REVIEW_HM_01_EV_APP0061_FIRST_INTERVIEW_TECHNICAL_ASSESSMENT_M1_SKILL_02"",""OB_REVIEW_ML_01_EV_APP0061_FIRST_INTERVIEW_TECHNICAL_ASSESSMENT_M1_SKILL_07"",""OB_REVIEW_HM_01_EV_APP0061_FIRST_INTERVIEW_TECHNICAL_ASSESSMENT_M1_SKILL_07"",""OB_REVIEW_ML_01_EV_APP0061_FIRST_INTERVIEW_AI_CASE_M1_SKILL_01"",""OB_REVIEW_HM_01_EV_APP0061_FIRST_INTERVIEW_AI_CASE_M1_SKILL_01"",""OB_REVIEW_ML_01_EV_APP0061_FIRST_INTERVIEW_AI_CASE_M1_SKILL_03"",""OB_REVIEW_HM_01_EV_APP0061_FIRST_INTERVIEW_AI_CASE_M1_SKILL_03"",""OB_REVIEW_ML_01_EV_APP0061_FIRST_INTERVIEW_PRACTITIONER_QA_M1_SKILL_04"",""OB_REVIEW_HM_01_EV_APP0061_FIRST_INTERVIEW_PRACTITIONER_QA_M1_SKILL_04"",""OB_REVIEW_ML_01_EV_APP0061_FIRST_INTERVIEW_PRACTITIONER_QA_M1_SKILL_05"",""OB_REVIEW_HM_01_EV_APP0061_FIRST_INTERVIEW_PRACTITIONER_QA_M1_SKILL_05"",""OB_REVIEW_ML_01_EV_APP0061_FIRST_INTERVIEW_PRACTITIONER_QA_M1_SKILL_06"",""OB_REVIEW_HM_01_EV_APP0061_FIRST_INTERVIEW_PRACTITIONER_QA_M1_SKILL_06"",""OB_REVIEW_ML_01_EV_APP0061_FIRST_INTERVIEW_PRACTITIONER_QA_M1_SKILL_08"",""OB_REVIEW_HM_01_EV_APP0061_FIRST_INTERVIEW_PRACTITIONER_QA_M1_SKILL_08""],""stage"":""FIRST_INTERVIEW""}"
APP0062_FIRST_INTERVIEW,APP0062,C0062,FIRST_INTERVIEW,2026-12-06T14:04:00+09:00,2026-12-08T14:04:00+09:00,2026-12-28T09:00:00+09:00,,,,2026-12-10T14:04:00+09:00,WITHDRAWN,,UNKNOWN,,
APP0063_FIRST_INTERVIEW,APP0063,C0063,FIRST_INTERVIEW,2026-12-06T14:04:00+09:00,2026-12-08T14:04:00+09:00,2026-12-28T09:00:00+09:00,2026-12-28T10:25:00+09:00,2026-12-31T10:45:00+09:00,2027-01-04T10:45:00+09:00,,ADVANCED,FIRST_EVIDENCE_REVIEWED,,SYNTHETIC_HUMAN_SCENARIO,"{""criterion"":""REPEATED_DIRECT_TECHNICAL_LIMITATION"",""human_rationale"":""단계 활동과 관찰을 검토하여 다음 판단으로 진행한다. 미관찰은 부족/탈락과 동일하지 않다."",""observation_refs"":[""OB_REVIEW_ML_01_EV_APP0063_FIRST_INTERVIEW_TECHNICAL_ASSESSMENT_M1_SKILL_01"",""OB_REVIEW_HM_01_EV_APP0063_FIRST_INTERVIEW_TECHNICAL_ASSESSMENT_M1_SKILL_01"",""OB_REVIEW_ML_01_EV_APP0063_FIRST_INTERVIEW_TECHNICAL_ASSESSMENT_M1_SKILL_02"",""OB_REVIEW_HM_01_EV_APP0063_FIRST_INTERVIEW_TECHNICAL_ASSESSMENT_M1_SKILL_02"",""OB_REVIEW_ML_01_EV_APP0063_FIRST_INTERVIEW_TECHNICAL_ASSESSMENT_M1_SKILL_07"",""OB_REVIEW_HM_01_EV_APP0063_FIRST_INTERVIEW_TECHNICAL_ASSESSMENT_M1_SKILL_07"",""OB_REVIEW_ML_01_EV_APP0063_FIRST_INTERVIEW_AI_CASE_M1_SKILL_01"",""OB_REVIEW_HM_01_EV_APP0063_FIRST_INTERVIEW_AI_CASE_M1_SKILL_01"",""OB_REVIEW_ML_01_EV_APP0063_FIRST_INTERVIEW_AI_CASE_M1_SKILL_03"",""OB_REVIEW_HM_01_EV_APP0063_FIRST_INTERVIEW_AI_CASE_M1_SKILL_03"",""OB_REVIEW_ML_01_EV_APP0063_FIRST_INTERVIEW_PRACTITIONER_QA_M1_SKILL_04"",""OB_REVIEW_HM_01_EV_APP0063_FIRST_INTERVIEW_PRACTITIONER_QA_M1_SKILL_04"",""OB_REVIEW_ML_01_EV_APP0063_FIRST_INTERVIEW_PRACTITIONER_QA_M1_SKILL_05"",""OB_REVIEW_HM_01_EV_APP0063_FIRST_INTERVIEW_PRACTITIONER_QA_M1_SKILL_05"",""OB_REVIEW_ML_01_EV_APP0063_FIRST_INTERVIEW_PRACTITIONER_QA_M1_SKILL_06"",""OB_REVIEW_HM_01_EV_APP0063_FIRST_INTERVIEW_PRACTITIONER_QA_M1_SKILL_06"",""OB_REVIEW_ML_01_EV_APP0063_FIRST_INTERVIEW_PRACTITIONER_QA_M1_SKILL_08"",""OB_REVIEW_HM_01_EV_APP0063_FIRST_INTERVIEW_PRACTITIONER_QA_M1_SKILL_08""],""stage"":""FIRST_INTERVIEW""}"
APP0064_FIRST_INTERVIEW,APP0064,C0064,FIRST_INTERVIEW,2026-12-06T14:04:00+09:00,2026-12-08T14:04:00+09:00,2026-12-28T09:00:00+09:00,2026-12-28T10:15:00+09:00,2026-12-31T10:30:00+09:00,2026-12-31T10:30:00+09:00,,ADVANCED,FIRST_EVIDENCE_REVIEWED,,SYNTHETIC_HUMAN_SCENARIO,"{""criterion"":""REPEATED_DIRECT_TECHNICAL_LIMITATION"",""human_rationale"":""단계 활동과 관찰을 검토하여 다음 판단으로 진행한다. 미관찰은 부족/탈락과 동일하지 않다."",""observation_refs"":[""OB_REVIEW_ML_01_EV_APP0064_FIRST_INTERVIEW_TECHNICAL_ASSESSMENT_M1_SKILL_01"",""OB_REVIEW_HM_01_EV_APP0064_FIRST_INTERVIEW_TECHNICAL_ASSESSMENT_M1_SKILL_01"",""OB_REVIEW_ML_01_EV_APP0064_FIRST_INTERVIEW_TECHNICAL_ASSESSMENT_M1_SKILL_02"",""OB_REVIEW_HM_01_EV_APP0064_FIRST_INTERVIEW_TECHNICAL_ASSESSMENT_M1_SKILL_02"",""OB_REVIEW_ML_01_EV_APP0064_FIRST_INTERVIEW_TECHNICAL_ASSESSMENT_M1_SKILL_07"",""OB_REVIEW_HM_01_EV_APP0064_FIRST_INTERVIEW_TECHNICAL_ASSESSMENT_M1_SKILL_07"",""OB_REVIEW_ML_01_EV_APP0064_FIRST_INTERVIEW_AI_CASE_M1_SKILL_01"",""OB_REVIEW_HM_01_EV_APP0064_FIRST_INTERVIEW_AI_CASE_M1_SKILL_01"",""OB_REVIEW_ML_01_EV_APP0064_FIRST_INTERVIEW_AI_CASE_M1_SKILL_03"",""OB_REVIEW_HM_01_EV_APP0064_FIRST_INTERVIEW_AI_CASE_M1_SKILL_03"",""OB_REVIEW_ML_01_EV_APP0064_FIRST_INTERVIEW_PRACTITIONER_QA_M1_SKILL_04"",""OB_REVIEW_HM_01_EV_APP0064_FIRST_INTERVIEW_PRACTITIONER_QA_M1_SKILL_04"",""OB_REVIEW_ML_01_EV_APP0064_FIRST_INTERVIEW_PRACTITIONER_QA_M1_SKILL_05"",""OB_REVIEW_HM_01_EV_APP0064_FIRST_INTERVIEW_PRACTITIONER_QA_M1_SKILL_05"",""OB_REVIEW_ML_01_EV_APP0064_FIRST_INTERVIEW_PRACTITIONER_QA_M1_SKILL_06"",""OB_REVIEW_HM_01_EV_APP0064_FIRST_INTERVIEW_PRACTITIONER_QA_M1_SKILL_06"",""OB_REVIEW_ML_01_EV_APP0064_FIRST_INTERVIEW_PRACTITIONER_QA_M1_SKILL_08"",""OB_REVIEW_HM_01_EV_APP0064_FIRST_INTERVIEW_PRACTITIONER_QA_M1_SKILL_08""],""stage"":""FIRST_INTERVIEW""}"
APP0066_FIRST_INTERVIEW,APP0066,C0066,FIRST_INTERVIEW,2026-12-06T14:04:00+09:00,2026-12-08T14:04:00+09:00,2026-12-28T09:00:00+09:00,2026-12-28T10:15:00+09:00,2026-12-29T10:35:00+09:00,2026-12-31T10:35:00+09:00,,ADVANCED,FIRST_EVIDENCE_REVIEWED,,SYNTHETIC_HUMAN_SCENARIO,"{""criterion"":""REPEATED_DIRECT_TECHNICAL_LIMITATION"",""human_rationale"":""단계 활동과 관찰을 검토하여 다음 판단으로 진행한다. 미관찰은 부족/탈락과 동일하지 않다."",""observation_refs"":[""OB_REVIEW_ML_01_EV_APP0066_FIRST_INTERVIEW_TECHNICAL_ASSESSMENT_M1_SKILL_01"",""OB_REVIEW_HM_01_EV_APP0066_FIRST_INTERVIEW_TECHNICAL_ASSESSMENT_M1_SKILL_01"",""OB_REVIEW_ML_01_EV_APP0066_FIRST_INTERVIEW_TECHNICAL_ASSESSMENT_M1_SKILL_02"",""OB_REVIEW_HM_01_EV_APP0066_FIRST_INTERVIEW_TECHNICAL_ASSESSMENT_M1_SKILL_02"",""OB_REVIEW_ML_01_EV_APP0066_FIRST_INTERVIEW_TECHNICAL_ASSESSMENT_M1_SKILL_07"",""OB_REVIEW_HM_01_EV_APP0066_FIRST_INTERVIEW_TECHNICAL_ASSESSMENT_M1_SKILL_07"",""OB_REVIEW_ML_01_EV_APP0066_FIRST_INTERVIEW_AI_CASE_M1_SKILL_01"",""OB_REVIEW_HM_01_EV_APP0066_FIRST_INTERVIEW_AI_CASE_M1_SKILL_01"",""OB_REVIEW_ML_01_EV_APP0066_FIRST_INTERVIEW_AI_CASE_M1_SKILL_03"",""OB_REVIEW_HM_01_EV_APP0066_FIRST_INTERVIEW_AI_CASE_M1_SKILL_03"",""OB_REVIEW_ML_01_EV_APP0066_FIRST_INTERVIEW_PRACTITIONER_QA_M1_SKILL_04"",""OB_REVIEW_HM_01_EV_APP0066_FIRST_INTERVIEW_PRACTITIONER_QA_M1_SKILL_04"",""OB_REVIEW_ML_01_EV_APP0066_FIRST_INTERVIEW_PRACTITIONER_QA_M1_SKILL_05"",""OB_REVIEW_HM_01_EV_APP0066_FIRST_INTERVIEW_PRACTITIONER_QA_M1_SKILL_05"",""OB_REVIEW_ML_01_EV_APP0066_FIRST_INTERVIEW_PRACTITIONER_QA_M1_SKILL_06"",""OB_REVIEW_HM_01_EV_APP0066_FIRST_INTERVIEW_PRACTITIONER_QA_M1_SKILL_06"",""OB_REVIEW_ML_01_EV_APP0066_FIRST_INTERVIEW_PRACTITIONER_QA_M1_SKILL_08"",""OB_REVIEW_HM_01_EV_APP0066_FIRST_INTERVIEW_PRACTITIONER_QA_M1_SKILL_08""],""stage"":""FIRST_INTERVIEW""}"
APP0068_FIRST_INTERVIEW,APP0068,C0068,FIRST_INTERVIEW,2026-12-06T14:04:00+09:00,2026-12-08T14:04:00+09:00,2026-12-28T09:00:00+09:00,2026-12-28T10:15:00+09:00,2027-01-02T10:35:00+09:00,2027-01-03T10:35:00+09:00,,ADVANCED,FIRST_EVIDENCE_REVIEWED,,SYNTHETIC_HUMAN_SCENARIO,"{""criterion"":""REPEATED_DIRECT_TECHNICAL_LIMITATION"",""human_rationale"":""단계 활동과 관찰을 검토하여 다음 판단으로 진행한다. 미관찰은 부족/탈락과 동일하지 않다."",""observation_refs"":[""OB_REVIEW_ML_01_EV_APP0068_FIRST_INTERVIEW_TECHNICAL_ASSESSMENT_M1_SKILL_01"",""OB_REVIEW_HM_01_EV_APP0068_FIRST_INTERVIEW_TECHNICAL_ASSESSMENT_M1_SKILL_01"",""OB_REVIEW_ML_01_EV_APP0068_FIRST_INTERVIEW_TECHNICAL_ASSESSMENT_M1_SKILL_02"",""OB_REVIEW_HM_01_EV_APP0068_FIRST_INTERVIEW_TECHNICAL_ASSESSMENT_M1_SKILL_02"",""OB_REVIEW_ML_01_EV_APP0068_FIRST_INTERVIEW_TECHNICAL_ASSESSMENT_M1_SKILL_07"",""OB_REVIEW_HM_01_EV_APP0068_FIRST_INTERVIEW_TECHNICAL_ASSESSMENT_M1_SKILL_07"",""OB_REVIEW_ML_01_EV_APP0068_FIRST_INTERVIEW_AI_CASE_M1_SKILL_01"",""OB_REVIEW_HM_01_EV_APP0068_FIRST_INTERVIEW_AI_CASE_M1_SKILL_01"",""OB_REVIEW_ML_01_EV_APP0068_FIRST_INTERVIEW_AI_CASE_M1_SKILL_03"",""OB_REVIEW_HM_01_EV_APP0068_FIRST_INTERVIEW_AI_CASE_M1_SKILL_03"",""OB_REVIEW_ML_01_EV_APP0068_FIRST_INTERVIEW_PRACTITIONER_QA_M1_SKILL_04"",""OB_REVIEW_HM_01_EV_APP0068_FIRST_INTERVIEW_PRACTITIONER_QA_M1_SKILL_04"",""OB_REVIEW_ML_01_EV_APP0068_FIRST_INTERVIEW_PRACTITIONER_QA_M1_SKILL_05"",""OB_REVIEW_HM_01_EV_APP0068_FIRST_INTERVIEW_PRACTITIONER_QA_M1_SKILL_05"",""OB_REVIEW_ML_01_EV_APP0068_FIRST_INTERVIEW_PRACTITIONER_QA_M1_SKILL_06"",""OB_REVIEW_HM_01_EV_APP0068_FIRST_INTERVIEW_PRACTITIONER_QA_M1_SKILL_06"",""OB_REVIEW_ML_01_EV_APP0068_FIRST_INTERVIEW_PRACTITIONER_QA_M1_SKILL_08"",""OB_REVIEW_HM_01_EV_APP0068_FIRST_INTERVIEW_PRACTITIONER_QA_M1_SKILL_08""],""stage"":""FIRST_INTERVIEW""}"
APP0070_FIRST_INTERVIEW,APP0070,C0070,FIRST_INTERVIEW,2026-12-06T14:04:00+09:00,2026-12-08T14:04:00+09:00,2026-12-28T09:00:00+09:00,2026-12-28T10:30:00+09:00,2026-12-30T10:55:00+09:00,2027-01-03T10:55:00+09:00,,ADVANCED,FIRST_EVIDENCE_REVIEWED,,SYNTHETIC_HUMAN_SCENARIO,"{""criterion"":""REPEATED_DIRECT_TECHNICAL_LIMITATION"",""human_rationale"":""단계 활동과 관찰을 검토하여 다음 판단으로 진행한다. 미관찰은 부족/탈락과 동일하지 않다."",""observation_refs"":[""OB_REVIEW_ML_01_EV_APP0070_FIRST_INTERVIEW_TECHNICAL_ASSESSMENT_M1_SKILL_01"",""OB_REVIEW_HM_01_EV_APP0070_FIRST_INTERVIEW_TECHNICAL_ASSESSMENT_M1_SKILL_01"",""OB_REVIEW_ML_01_EV_APP0070_FIRST_INTERVIEW_TECHNICAL_ASSESSMENT_M1_SKILL_02"",""OB_REVIEW_HM_01_EV_APP0070_FIRST_INTERVIEW_TECHNICAL_ASSESSMENT_M1_SKILL_02"",""OB_REVIEW_ML_01_EV_APP0070_FIRST_INTERVIEW_TECHNICAL_ASSESSMENT_M1_SKILL_07"",""OB_REVIEW_HM_01_EV_APP0070_FIRST_INTERVIEW_TECHNICAL_ASSESSMENT_M1_SKILL_07"",""OB_REVIEW_ML_01_EV_APP0070_FIRST_INTERVIEW_AI_CASE_M1_SKILL_01"",""OB_REVIEW_HM_01_EV_APP0070_FIRST_INTERVIEW_AI_CASE_M1_SKILL_01"",""OB_REVIEW_ML_01_EV_APP0070_FIRST_INTERVIEW_AI_CASE_M1_SKILL_03"",""OB_REVIEW_HM_01_EV_APP0070_FIRST_INTERVIEW_AI_CASE_M1_SKILL_03"",""OB_REVIEW_ML_01_EV_APP0070_FIRST_INTERVIEW_PRACTITIONER_QA_M1_SKILL_04"",""OB_REVIEW_HM_01_EV_APP0070_FIRST_INTERVIEW_PRACTITIONER_QA_M1_SKILL_04"",""OB_REVIEW_ML_01_EV_APP0070_FIRST_INTERVIEW_PRACTITIONER_QA_M1_SKILL_05"",""OB_REVIEW_HM_01_EV_APP0070_FIRST_INTERVIEW_PRACTITIONER_QA_M1_SKILL_05"",""OB_REVIEW_ML_01_EV_APP0070_FIRST_INTERVIEW_PRACTITIONER_QA_M1_SKILL_06"",""OB_REVIEW_HM_01_EV_APP0070_FIRST_INTERVIEW_PRACTITIONER_QA_M1_SKILL_06"",""OB_REVIEW_ML_01_EV_APP0070_FIRST_INTERVIEW_PRACTITIONER_QA_M1_SKILL_08"",""OB_REVIEW_HM_01_EV_APP0070_FIRST_INTERVIEW_PRACTITIONER_QA_M1_SKILL_08""],""stage"":""FIRST_INTERVIEW""}"
APP0073_FIRST_INTERVIEW,APP0073,C0073,FIRST_INTERVIEW,2026-12-06T14:04:00+09:00,2026-12-08T14:04:00+09:00,2026-12-28T09:00:00+09:00,,,,,IN_PROGRESS,,,,"{""motive"":""UNKNOWN"",""operational_state"":""NO_RESPONSE_PENDING""}"
APP0076_FIRST_INTERVIEW,APP0076,C0076,FIRST_INTERVIEW,2026-12-06T14:04:00+09:00,2026-12-08T14:04:00+09:00,2026-12-28T09:00:00+09:00,2026-12-28T10:35:00+09:00,2026-12-30T11:00:00+09:00,2027-01-01T11:00:00+09:00,,ADVANCED,FIRST_EVIDENCE_REVIEWED,,SYNTHETIC_HUMAN_SCENARIO,"{""criterion"":""REPEATED_DIRECT_TECHNICAL_LIMITATION"",""human_rationale"":""단계 활동과 관찰을 검토하여 다음 판단으로 진행한다. 미관찰은 부족/탈락과 동일하지 않다."",""observation_refs"":[""OB_REVIEW_ML_01_EV_APP0076_FIRST_INTERVIEW_TECHNICAL_ASSESSMENT_M1_SKILL_01"",""OB_REVIEW_HM_01_EV_APP0076_FIRST_INTERVIEW_TECHNICAL_ASSESSMENT_M1_SKILL_01"",""OB_REVIEW_ML_01_EV_APP0076_FIRST_INTERVIEW_TECHNICAL_ASSESSMENT_M1_SKILL_02"",""OB_REVIEW_HM_01_EV_APP0076_FIRST_INTERVIEW_TECHNICAL_ASSESSMENT_M1_SKILL_02"",""OB_REVIEW_ML_01_EV_APP0076_FIRST_INTERVIEW_TECHNICAL_ASSESSMENT_M1_SKILL_07"",""OB_REVIEW_HM_01_EV_APP0076_FIRST_INTERVIEW_TECHNICAL_ASSESSMENT_M1_SKILL_07"",""OB_REVIEW_ML_01_EV_APP0076_FIRST_INTERVIEW_AI_CASE_M1_SKILL_01"",""OB_REVIEW_HM_01_EV_APP0076_FIRST_INTERVIEW_AI_CASE_M1_SKILL_01"",""OB_REVIEW_ML_01_EV_APP0076_FIRST_INTERVIEW_AI_CASE_M1_SKILL_03"",""OB_REVIEW_HM_01_EV_APP0076_FIRST_INTERVIEW_AI_CASE_M1_SKILL_03"",""OB_REVIEW_ML_01_EV_APP0076_FIRST_INTERVIEW_PRACTITIONER_QA_M1_SKILL_04"",""OB_REVIEW_HM_01_EV_APP0076_FIRST_INTERVIEW_PRACTITIONER_QA_M1_SKILL_04"",""OB_REVIEW_ML_01_EV_APP0076_FIRST_INTERVIEW_PRACTITIONER_QA_M1_SKILL_05"",""OB_REVIEW_HM_01_EV_APP0076_FIRST_INTERVIEW_PRACTITIONER_QA_M1_SKILL_05"",""OB_REVIEW_ML_01_EV_APP0076_FIRST_INTERVIEW_PRACTITIONER_QA_M1_SKILL_06"",""OB_REVIEW_HM_01_EV_APP0076_FIRST_INTERVIEW_PRACTITIONER_QA_M1_SKILL_06"",""OB_REVIEW_ML_01_EV_APP0076_FIRST_INTERVIEW_PRACTITIONER_QA_M1_SKILL_08"",""OB_REVIEW_HM_01_EV_APP0076_FIRST_INTERVIEW_PRACTITIONER_QA_M1_SKILL_08""],""stage"":""FIRST_INTERVIEW""}"
APP0077_FIRST_INTERVIEW,APP0077,C0077,FIRST_INTERVIEW,2026-12-06T14:04:00+09:00,2026-12-08T14:04:00+09:00,2026-12-28T09:00:00+09:00,2026-12-28T10:35:00+09:00,2026-12-29T10:50:00+09:00,2026-12-29T10:50:00+09:00,,ADVANCED,FIRST_EVIDENCE_REVIEWED,,SYNTHETIC_HUMAN_SCENARIO,"{""criterion"":""REPEATED_DIRECT_TECHNICAL_LIMITATION"",""human_rationale"":""단계 활동과 관찰을 검토하여 다음 판단으로 진행한다. 미관찰은 부족/탈락과 동일하지 않다."",""observation_refs"":[""OB_REVIEW_ML_01_EV_APP0077_FIRST_INTERVIEW_TECHNICAL_ASSESSMENT_M1_SKILL_01"",""OB_REVIEW_HM_01_EV_APP0077_FIRST_INTERVIEW_TECHNICAL_ASSESSMENT_M1_SKILL_01"",""OB_REVIEW_ML_01_EV_APP0077_FIRST_INTERVIEW_TECHNICAL_ASSESSMENT_M1_SKILL_02"",""OB_REVIEW_HM_01_EV_APP0077_FIRST_INTERVIEW_TECHNICAL_ASSESSMENT_M1_SKILL_02"",""OB_REVIEW_ML_01_EV_APP0077_FIRST_INTERVIEW_TECHNICAL_ASSESSMENT_M1_SKILL_07"",""OB_REVIEW_HM_01_EV_APP0077_FIRST_INTERVIEW_TECHNICAL_ASSESSMENT_M1_SKILL_07"",""OB_REVIEW_ML_01_EV_APP0077_FIRST_INTERVIEW_AI_CASE_M1_SKILL_01"",""OB_REVIEW_HM_01_EV_APP0077_FIRST_INTERVIEW_AI_CASE_M1_SKILL_01"",""OB_REVIEW_ML_01_EV_APP0077_FIRST_INTERVIEW_AI_CASE_M1_SKILL_03"",""OB_REVIEW_HM_01_EV_APP0077_FIRST_INTERVIEW_AI_CASE_M1_SKILL_03"",""OB_REVIEW_ML_01_EV_APP0077_FIRST_INTERVIEW_PRACTITIONER_QA_M1_SKILL_04"",""OB_REVIEW_HM_01_EV_APP0077_FIRST_INTERVIEW_PRACTITIONER_QA_M1_SKILL_04"",""OB_REVIEW_ML_01_EV_APP0077_FIRST_INTERVIEW_PRACTITIONER_QA_M1_SKILL_05"",""OB_REVIEW_HM_01_EV_APP0077_FIRST_INTERVIEW_PRACTITIONER_QA_M1_SKILL_05"",""OB_REVIEW_ML_01_EV_APP0077_FIRST_INTERVIEW_PRACTITIONER_QA_M1_SKILL_06"",""OB_REVIEW_HM_01_EV_APP0077_FIRST_INTERVIEW_PRACTITIONER_QA_M1_SKILL_06"",""OB_REVIEW_ML_01_EV_APP0077_FIRST_INTERVIEW_PRACTITIONER_QA_M1_SKILL_08"",""OB_REVIEW_HM_01_EV_APP0077_FIRST_INTERVIEW_PRACTITIONER_QA_M1_SKILL_08""],""stage"":""FIRST_INTERVIEW""}"
APP0078_FIRST_INTERVIEW,APP0078,C0078,FIRST_INTERVIEW,2026-12-06T14:04:00+09:00,2026-12-08T14:04:00+09:00,2026-12-28T09:00:00+09:00,2026-12-28T10:30:00+09:00,2026-12-29T10:55:00+09:00,2026-12-29T10:55:00+09:00,,ADVANCED,FIRST_EVIDENCE_REVIEWED,,SYNTHETIC_HUMAN_SCENARIO,"{""criterion"":""REPEATED_DIRECT_TECHNICAL_LIMITATION"",""human_rationale"":""단계 활동과 관찰을 검토하여 다음 판단으로 진행한다. 미관찰은 부족/탈락과 동일하지 않다."",""observation_refs"":[""OB_REVIEW_ML_01_EV_APP0078_FIRST_INTERVIEW_TECHNICAL_ASSESSMENT_M1_SKILL_01"",""OB_REVIEW_HM_01_EV_APP0078_FIRST_INTERVIEW_TECHNICAL_ASSESSMENT_M1_SKILL_01"",""OB_REVIEW_ML_01_EV_APP0078_FIRST_INTERVIEW_TECHNICAL_ASSESSMENT_M1_SKILL_02"",""OB_REVIEW_HM_01_EV_APP0078_FIRST_INTERVIEW_TECHNICAL_ASSESSMENT_M1_SKILL_02"",""OB_REVIEW_ML_01_EV_APP0078_FIRST_INTERVIEW_TECHNICAL_ASSESSMENT_M1_SKILL_07"",""OB_REVIEW_HM_01_EV_APP0078_FIRST_INTERVIEW_TECHNICAL_ASSESSMENT_M1_SKILL_07"",""OB_REVIEW_ML_01_EV_APP0078_FIRST_INTERVIEW_AI_CASE_M1_SKILL_01"",""OB_REVIEW_HM_01_EV_APP0078_FIRST_INTERVIEW_AI_CASE_M1_SKILL_01"",""OB_REVIEW_ML_01_EV_APP0078_FIRST_INTERVIEW_AI_CASE_M1_SKILL_03"",""OB_REVIEW_HM_01_EV_APP0078_FIRST_INTERVIEW_AI_CASE_M1_SKILL_03"",""OB_REVIEW_ML_01_EV_APP0078_FIRST_INTERVIEW_PRACTITIONER_QA_M1_SKILL_04"",""OB_REVIEW_HM_01_EV_APP0078_FIRST_INTERVIEW_PRACTITIONER_QA_M1_SKILL_04"",""OB_REVIEW_ML_01_EV_APP0078_FIRST_INTERVIEW_PRACTITIONER_QA_M1_SKILL_05"",""OB_REVIEW_HM_01_EV_APP0078_FIRST_INTERVIEW_PRACTITIONER_QA_M1_SKILL_05"",""OB_REVIEW_ML_01_EV_APP0078_FIRST_INTERVIEW_PRACTITIONER_QA_M1_SKILL_06"",""OB_REVIEW_HM_01_EV_APP0078_FIRST_INTERVIEW_PRACTITIONER_QA_M1_SKILL_06"",""OB_REVIEW_ML_01_EV_APP0078_FIRST_INTERVIEW_PRACTITIONER_QA_M1_SKILL_08"",""OB_REVIEW_HM_01_EV_APP0078_FIRST_INTERVIEW_PRACTITIONER_QA_M1_SKILL_08""],""stage"":""FIRST_INTERVIEW""}"
APP0079_FIRST_INTERVIEW,APP0079,C0079,FIRST_INTERVIEW,2026-12-06T14:04:00+09:00,2026-12-08T14:04:00+09:00,2026-12-31T09:00:00+09:00,2026-12-31T10:20:00+09:00,2027-01-01T10:35:00+09:00,2027-01-01T10:35:00+09:00,,ADVANCED,FIRST_EVIDENCE_REVIEWED,,SYNTHETIC_HUMAN_SCENARIO,"{""criterion"":""REPEATED_DIRECT_TECHNICAL_LIMITATION"",""human_rationale"":""단계 활동과 관찰을 검토하여 다음 판단으로 진행한다. 미관찰은 부족/탈락과 동일하지 않다."",""observation_refs"":[""OB_REVIEW_ML_01_EV_APP0079_FIRST_INTERVIEW_TECHNICAL_ASSESSMENT_M1_SKILL_01"",""OB_REVIEW_HM_01_EV_APP0079_FIRST_INTERVIEW_TECHNICAL_ASSESSMENT_M1_SKILL_01"",""OB_REVIEW_ML_01_EV_APP0079_FIRST_INTERVIEW_TECHNICAL_ASSESSMENT_M1_SKILL_02"",""OB_REVIEW_HM_01_EV_APP0079_FIRST_INTERVIEW_TECHNICAL_ASSESSMENT_M1_SKILL_02"",""OB_REVIEW_ML_01_EV_APP0079_FIRST_INTERVIEW_TECHNICAL_ASSESSMENT_M1_SKILL_07"",""OB_REVIEW_HM_01_EV_APP0079_FIRST_INTERVIEW_TECHNICAL_ASSESSMENT_M1_SKILL_07"",""OB_REVIEW_ML_01_EV_APP0079_FIRST_INTERVIEW_AI_CASE_M1_SKILL_01"",""OB_REVIEW_HM_01_EV_APP0079_FIRST_INTERVIEW_AI_CASE_M1_SKILL_01"",""OB_REVIEW_ML_01_EV_APP0079_FIRST_INTERVIEW_AI_CASE_M1_SKILL_03"",""OB_REVIEW_HM_01_EV_APP0079_FIRST_INTERVIEW_AI_CASE_M1_SKILL_03"",""OB_REVIEW_ML_01_EV_APP0079_FIRST_INTERVIEW_PRACTITIONER_QA_M1_SKILL_04"",""OB_REVIEW_HM_01_EV_APP0079_FIRST_INTERVIEW_PRACTITIONER_QA_M1_SKILL_04"",""OB_REVIEW_ML_01_EV_APP0079_FIRST_INTERVIEW_PRACTITIONER_QA_M1_SKILL_05"",""OB_REVIEW_HM_01_EV_APP0079_FIRST_INTERVIEW_PRACTITIONER_QA_M1_SKILL_05"",""OB_REVIEW_ML_01_EV_APP0079_FIRST_INTERVIEW_PRACTITIONER_QA_M1_SKILL_06"",""OB_REVIEW_HM_01_EV_APP0079_FIRST_INTERVIEW_PRACTITIONER_QA_M1_SKILL_06"",""OB_REVIEW_ML_01_EV_APP0079_FIRST_INTERVIEW_PRACTITIONER_QA_M1_SKILL_08"",""OB_REVIEW_HM_01_EV_APP0079_FIRST_INTERVIEW_PRACTITIONER_QA_M1_SKILL_08""],""stage"":""FIRST_INTERVIEW""}"
APP0080_FIRST_INTERVIEW,APP0080,C0080,FIRST_INTERVIEW,2026-12-06T14:04:00+09:00,2026-12-08T14:04:00+09:00,2026-12-31T09:00:00+09:00,2026-12-31T10:30:00+09:00,2027-01-01T10:55:00+09:00,2027-01-02T10:55:00+09:00,,ADVANCED,FIRST_EVIDENCE_REVIEWED,,SYNTHETIC_HUMAN_SCENARIO,"{""criterion"":""REPEATED_DIRECT_TECHNICAL_LIMITATION"",""human_rationale"":""단계 활동과 관찰을 검토하여 다음 판단으로 진행한다. 미관찰은 부족/탈락과 동일하지 않다."",""observation_refs"":[""OB_REVIEW_ML_01_EV_APP0080_FIRST_INTERVIEW_TECHNICAL_ASSESSMENT_M1_SKILL_01"",""OB_REVIEW_HM_01_EV_APP0080_FIRST_INTERVIEW_TECHNICAL_ASSESSMENT_M1_SKILL_01"",""OB_REVIEW_ML_01_EV_APP0080_FIRST_INTERVIEW_TECHNICAL_ASSESSMENT_M1_SKILL_02"",""OB_REVIEW_HM_01_EV_APP0080_FIRST_INTERVIEW_TECHNICAL_ASSESSMENT_M1_SKILL_02"",""OB_REVIEW_ML_01_EV_APP0080_FIRST_INTERVIEW_TECHNICAL_ASSESSMENT_M1_SKILL_07"",""OB_REVIEW_HM_01_EV_APP0080_FIRST_INTERVIEW_TECHNICAL_ASSESSMENT_M1_SKILL_07"",""OB_REVIEW_ML_01_EV_APP0080_FIRST_INTERVIEW_AI_CASE_M1_SKILL_01"",""OB_REVIEW_HM_01_EV_APP0080_FIRST_INTERVIEW_AI_CASE_M1_SKILL_01"",""OB_REVIEW_ML_01_EV_APP0080_FIRST_INTERVIEW_AI_CASE_M1_SKILL_03"",""OB_REVIEW_HM_01_EV_APP0080_FIRST_INTERVIEW_AI_CASE_M1_SKILL_03"",""OB_REVIEW_ML_01_EV_APP0080_FIRST_INTERVIEW_PRACTITIONER_QA_M1_SKILL_04"",""OB_REVIEW_HM_01_EV_APP0080_FIRST_INTERVIEW_PRACTITIONER_QA_M1_SKILL_04"",""OB_REVIEW_ML_01_EV_APP0080_FIRST_INTERVIEW_PRACTITIONER_QA_M1_SKILL_05"",""OB_REVIEW_HM_01_EV_APP0080_FIRST_INTERVIEW_PRACTITIONER_QA_M1_SKILL_05"",""OB_REVIEW_ML_01_EV_APP0080_FIRST_INTERVIEW_PRACTITIONER_QA_M1_SKILL_06"",""OB_REVIEW_HM_01_EV_APP0080_FIRST_INTERVIEW_PRACTITIONER_QA_M1_SKILL_06"",""OB_REVIEW_ML_01_EV_APP0080_FIRST_INTERVIEW_PRACTITIONER_QA_M1_SKILL_08"",""OB_REVIEW_HM_01_EV_APP0080_FIRST_INTERVIEW_PRACTITIONER_QA_M1_SKILL_08""],""stage"":""FIRST_INTERVIEW""}"
APP0082_FIRST_INTERVIEW,APP0082,C0082,FIRST_INTERVIEW,2026-12-06T14:04:00+09:00,2026-12-08T14:04:00+09:00,2026-12-31T09:00:00+09:00,2026-12-31T10:15:00+09:00,2027-01-01T10:30:00+09:00,2027-01-01T10:30:00+09:00,,ADVANCED,FIRST_EVIDENCE_REVIEWED,,SYNTHETIC_HUMAN_SCENARIO,"{""criterion"":""REPEATED_DIRECT_TECHNICAL_LIMITATION"",""human_rationale"":""단계 활동과 관찰을 검토하여 다음 판단으로 진행한다. 미관찰은 부족/탈락과 동일하지 않다."",""observation_refs"":[""OB_REVIEW_ML_01_EV_APP0082_FIRST_INTERVIEW_TECHNICAL_ASSESSMENT_M1_SKILL_01"",""OB_REVIEW_HM_01_EV_APP0082_FIRST_INTERVIEW_TECHNICAL_ASSESSMENT_M1_SKILL_01"",""OB_REVIEW_ML_01_EV_APP0082_FIRST_INTERVIEW_TECHNICAL_ASSESSMENT_M1_SKILL_02"",""OB_REVIEW_HM_01_EV_APP0082_FIRST_INTERVIEW_TECHNICAL_ASSESSMENT_M1_SKILL_02"",""OB_REVIEW_ML_01_EV_APP0082_FIRST_INTERVIEW_TECHNICAL_ASSESSMENT_M1_SKILL_07"",""OB_REVIEW_HM_01_EV_APP0082_FIRST_INTERVIEW_TECHNICAL_ASSESSMENT_M1_SKILL_07"",""OB_REVIEW_ML_01_EV_APP0082_FIRST_INTERVIEW_AI_CASE_M1_SKILL_01"",""OB_REVIEW_HM_01_EV_APP0082_FIRST_INTERVIEW_AI_CASE_M1_SKILL_01"",""OB_REVIEW_ML_01_EV_APP0082_FIRST_INTERVIEW_AI_CASE_M1_SKILL_03"",""OB_REVIEW_HM_01_EV_APP0082_FIRST_INTERVIEW_AI_CASE_M1_SKILL_03"",""OB_REVIEW_ML_01_EV_APP0082_FIRST_INTERVIEW_PRACTITIONER_QA_M1_SKILL_04"",""OB_REVIEW_HM_01_EV_APP0082_FIRST_INTERVIEW_PRACTITIONER_QA_M1_SKILL_04"",""OB_REVIEW_ML_01_EV_APP0082_FIRST_INTERVIEW_PRACTITIONER_QA_M1_SKILL_05"",""OB_REVIEW_HM_01_EV_APP0082_FIRST_INTERVIEW_PRACTITIONER_QA_M1_SKILL_05"",""OB_REVIEW_ML_01_EV_APP0082_FIRST_INTERVIEW_PRACTITIONER_QA_M1_SKILL_06"",""OB_REVIEW_HM_01_EV_APP0082_FIRST_INTERVIEW_PRACTITIONER_QA_M1_SKILL_06"",""OB_REVIEW_ML_01_EV_APP0082_FIRST_INTERVIEW_PRACTITIONER_QA_M1_SKILL_08"",""OB_REVIEW_HM_01_EV_APP0082_FIRST_INTERVIEW_PRACTITIONER_QA_M1_SKILL_08""],""stage"":""FIRST_INTERVIEW""}"
APP0083_FIRST_INTERVIEW,APP0083,C0083,FIRST_INTERVIEW,2026-12-06T14:04:00+09:00,2026-12-08T14:04:00+09:00,2026-12-31T09:00:00+09:00,2026-12-31T10:25:00+09:00,2027-01-02T10:45:00+09:00,2027-01-02T10:45:00+09:00,,ADVANCED,FIRST_EVIDENCE_REVIEWED,,SYNTHETIC_HUMAN_SCENARIO,"{""criterion"":""REPEATED_DIRECT_TECHNICAL_LIMITATION"",""human_rationale"":""단계 활동과 관찰을 검토하여 다음 판단으로 진행한다. 미관찰은 부족/탈락과 동일하지 않다."",""observation_refs"":[""OB_REVIEW_ML_01_EV_APP0083_FIRST_INTERVIEW_TECHNICAL_ASSESSMENT_M1_SKILL_01"",""OB_REVIEW_HM_01_EV_APP0083_FIRST_INTERVIEW_TECHNICAL_ASSESSMENT_M1_SKILL_01"",""OB_REVIEW_ML_01_EV_APP0083_FIRST_INTERVIEW_TECHNICAL_ASSESSMENT_M1_SKILL_02"",""OB_REVIEW_HM_01_EV_APP0083_FIRST_INTERVIEW_TECHNICAL_ASSESSMENT_M1_SKILL_02"",""OB_REVIEW_ML_01_EV_APP0083_FIRST_INTERVIEW_TECHNICAL_ASSESSMENT_M1_SKILL_07"",""OB_REVIEW_HM_01_EV_APP0083_FIRST_INTERVIEW_TECHNICAL_ASSESSMENT_M1_SKILL_07"",""OB_REVIEW_ML_01_EV_APP0083_FIRST_INTERVIEW_AI_CASE_M1_SKILL_01"",""OB_REVIEW_HM_01_EV_APP0083_FIRST_INTERVIEW_AI_CASE_M1_SKILL_01"",""OB_REVIEW_ML_01_EV_APP0083_FIRST_INTERVIEW_AI_CASE_M1_SKILL_03"",""OB_REVIEW_HM_01_EV_APP0083_FIRST_INTERVIEW_AI_CASE_M1_SKILL_03"",""OB_REVIEW_ML_01_EV_APP0083_FIRST_INTERVIEW_PRACTITIONER_QA_M1_SKILL_04"",""OB_REVIEW_HM_01_EV_APP0083_FIRST_INTERVIEW_PRACTITIONER_QA_M1_SKILL_04"",""OB_REVIEW_ML_01_EV_APP0083_FIRST_INTERVIEW_PRACTITIONER_QA_M1_SKILL_05"",""OB_REVIEW_HM_01_EV_APP0083_FIRST_INTERVIEW_PRACTITIONER_QA_M1_SKILL_05"",""OB_REVIEW_ML_01_EV_APP0083_FIRST_INTERVIEW_PRACTITIONER_QA_M1_SKILL_06"",""OB_REVIEW_HM_01_EV_APP0083_FIRST_INTERVIEW_PRACTITIONER_QA_M1_SKILL_06"",""OB_REVIEW_ML_01_EV_APP0083_FIRST_INTERVIEW_PRACTITIONER_QA_M1_SKILL_08"",""OB_REVIEW_HM_01_EV_APP0083_FIRST_INTERVIEW_PRACTITIONER_QA_M1_SKILL_08""],""stage"":""FIRST_INTERVIEW""}"
APP0085_FIRST_INTERVIEW,APP0085,C0085,FIRST_INTERVIEW,2026-12-06T14:04:00+09:00,2026-12-08T14:04:00+09:00,2026-12-31T09:00:00+09:00,2026-12-31T10:30:00+09:00,2027-01-05T10:50:00+09:00,2027-01-09T10:50:00+09:00,,ADVANCED,FIRST_EVIDENCE_REVIEWED,,SYNTHETIC_HUMAN_SCENARIO,"{""criterion"":""REPEATED_DIRECT_TECHNICAL_LIMITATION"",""human_rationale"":""단계 활동과 관찰을 검토하여 다음 판단으로 진행한다. 미관찰은 부족/탈락과 동일하지 않다."",""observation_refs"":[""OB_REVIEW_ML_01_EV_APP0085_FIRST_INTERVIEW_TECHNICAL_ASSESSMENT_M1_SKILL_01"",""OB_REVIEW_HM_01_EV_APP0085_FIRST_INTERVIEW_TECHNICAL_ASSESSMENT_M1_SKILL_01"",""OB_REVIEW_ML_01_EV_APP0085_FIRST_INTERVIEW_TECHNICAL_ASSESSMENT_M1_SKILL_02"",""OB_REVIEW_HM_01_EV_APP0085_FIRST_INTERVIEW_TECHNICAL_ASSESSMENT_M1_SKILL_02"",""OB_REVIEW_ML_01_EV_APP0085_FIRST_INTERVIEW_TECHNICAL_ASSESSMENT_M1_SKILL_07"",""OB_REVIEW_HM_01_EV_APP0085_FIRST_INTERVIEW_TECHNICAL_ASSESSMENT_M1_SKILL_07"",""OB_REVIEW_ML_01_EV_APP0085_FIRST_INTERVIEW_AI_CASE_M1_SKILL_01"",""OB_REVIEW_HM_01_EV_APP0085_FIRST_INTERVIEW_AI_CASE_M1_SKILL_01"",""OB_REVIEW_ML_01_EV_APP0085_FIRST_INTERVIEW_AI_CASE_M1_SKILL_03"",""OB_REVIEW_HM_01_EV_APP0085_FIRST_INTERVIEW_AI_CASE_M1_SKILL_03"",""OB_REVIEW_ML_01_EV_APP0085_FIRST_INTERVIEW_PRACTITIONER_QA_M1_SKILL_04"",""OB_REVIEW_HM_01_EV_APP0085_FIRST_INTERVIEW_PRACTITIONER_QA_M1_SKILL_04"",""OB_REVIEW_ML_01_EV_APP0085_FIRST_INTERVIEW_PRACTITIONER_QA_M1_SKILL_05"",""OB_REVIEW_HM_01_EV_APP0085_FIRST_INTERVIEW_PRACTITIONER_QA_M1_SKILL_05"",""OB_REVIEW_ML_01_EV_APP0085_FIRST_INTERVIEW_PRACTITIONER_QA_M1_SKILL_06"",""OB_REVIEW_HM_01_EV_APP0085_FIRST_INTERVIEW_PRACTITIONER_QA_M1_SKILL_06"",""OB_REVIEW_ML_01_EV_APP0085_FIRST_INTERVIEW_PRACTITIONER_QA_M1_SKILL_08"",""OB_REVIEW_HM_01_EV_APP0085_FIRST_INTERVIEW_PRACTITIONER_QA_M1_SKILL_08""],""stage"":""FIRST_INTERVIEW""}"
APP0089_FIRST_INTERVIEW,APP0089,C0089,FIRST_INTERVIEW,2026-12-06T14:04:00+09:00,2026-12-08T14:04:00+09:00,2026-12-31T09:00:00+09:00,2026-12-31T10:25:00+09:00,2027-01-02T10:40:00+09:00,2027-01-06T10:40:00+09:00,,ADVANCED,FIRST_EVIDENCE_REVIEWED,,SYNTHETIC_HUMAN_SCENARIO,"{""criterion"":""REPEATED_DIRECT_TECHNICAL_LIMITATION"",""human_rationale"":""단계 활동과 관찰을 검토하여 다음 판단으로 진행한다. 미관찰은 부족/탈락과 동일하지 않다."",""observation_refs"":[""OB_REVIEW_ML_01_EV_APP0089_FIRST_INTERVIEW_TECHNICAL_ASSESSMENT_M1_SKILL_01"",""OB_REVIEW_HM_01_EV_APP0089_FIRST_INTERVIEW_TECHNICAL_ASSESSMENT_M1_SKILL_01"",""OB_REVIEW_ML_01_EV_APP0089_FIRST_INTERVIEW_TECHNICAL_ASSESSMENT_M1_SKILL_02"",""OB_REVIEW_HM_01_EV_APP0089_FIRST_INTERVIEW_TECHNICAL_ASSESSMENT_M1_SKILL_02"",""OB_REVIEW_ML_01_EV_APP0089_FIRST_INTERVIEW_TECHNICAL_ASSESSMENT_M1_SKILL_07"",""OB_REVIEW_HM_01_EV_APP0089_FIRST_INTERVIEW_TECHNICAL_ASSESSMENT_M1_SKILL_07"",""OB_REVIEW_ML_01_EV_APP0089_FIRST_INTERVIEW_AI_CASE_M1_SKILL_01"",""OB_REVIEW_HM_01_EV_APP0089_FIRST_INTERVIEW_AI_CASE_M1_SKILL_01"",""OB_REVIEW_ML_01_EV_APP0089_FIRST_INTERVIEW_AI_CASE_M1_SKILL_03"",""OB_REVIEW_HM_01_EV_APP0089_FIRST_INTERVIEW_AI_CASE_M1_SKILL_03"",""OB_REVIEW_ML_01_EV_APP0089_FIRST_INTERVIEW_PRACTITIONER_QA_M1_SKILL_04"",""OB_REVIEW_HM_01_EV_APP0089_FIRST_INTERVIEW_PRACTITIONER_QA_M1_SKILL_04"",""OB_REVIEW_ML_01_EV_APP0089_FIRST_INTERVIEW_PRACTITIONER_QA_M1_SKILL_05"",""OB_REVIEW_HM_01_EV_APP0089_FIRST_INTERVIEW_PRACTITIONER_QA_M1_SKILL_05"",""OB_REVIEW_ML_01_EV_APP0089_FIRST_INTERVIEW_PRACTITIONER_QA_M1_SKILL_06"",""OB_REVIEW_HM_01_EV_APP0089_FIRST_INTERVIEW_PRACTITIONER_QA_M1_SKILL_06"",""OB_REVIEW_ML_01_EV_APP0089_FIRST_INTERVIEW_PRACTITIONER_QA_M1_SKILL_08"",""OB_REVIEW_HM_01_EV_APP0089_FIRST_INTERVIEW_PRACTITIONER_QA_M1_SKILL_08""],""stage"":""FIRST_INTERVIEW""}"
APP0090_FIRST_INTERVIEW,APP0090,C0090,FIRST_INTERVIEW,2026-12-06T14:04:00+09:00,2026-12-08T14:04:00+09:00,2026-12-31T09:00:00+09:00,2026-12-31T10:30:00+09:00,2027-01-01T10:55:00+09:00,2027-01-01T10:55:00+09:00,,ADVANCED,FIRST_EVIDENCE_REVIEWED,,SYNTHETIC_HUMAN_SCENARIO,"{""criterion"":""REPEATED_DIRECT_TECHNICAL_LIMITATION"",""human_rationale"":""단계 활동과 관찰을 검토하여 다음 판단으로 진행한다. 미관찰은 부족/탈락과 동일하지 않다."",""observation_refs"":[""OB_REVIEW_ML_01_EV_APP0090_FIRST_INTERVIEW_TECHNICAL_ASSESSMENT_M1_SKILL_01"",""OB_REVIEW_HM_01_EV_APP0090_FIRST_INTERVIEW_TECHNICAL_ASSESSMENT_M1_SKILL_01"",""OB_REVIEW_ML_01_EV_APP0090_FIRST_INTERVIEW_TECHNICAL_ASSESSMENT_M1_SKILL_02"",""OB_REVIEW_HM_01_EV_APP0090_FIRST_INTERVIEW_TECHNICAL_ASSESSMENT_M1_SKILL_02"",""OB_REVIEW_ML_01_EV_APP0090_FIRST_INTERVIEW_TECHNICAL_ASSESSMENT_M1_SKILL_07"",""OB_REVIEW_HM_01_EV_APP0090_FIRST_INTERVIEW_TECHNICAL_ASSESSMENT_M1_SKILL_07"",""OB_REVIEW_ML_01_EV_APP0090_FIRST_INTERVIEW_AI_CASE_M1_SKILL_01"",""OB_REVIEW_HM_01_EV_APP0090_FIRST_INTERVIEW_AI_CASE_M1_SKILL_01"",""OB_REVIEW_ML_01_EV_APP0090_FIRST_INTERVIEW_AI_CASE_M1_SKILL_03"",""OB_REVIEW_HM_01_EV_APP0090_FIRST_INTERVIEW_AI_CASE_M1_SKILL_03"",""OB_REVIEW_ML_01_EV_APP0090_FIRST_INTERVIEW_PRACTITIONER_QA_M1_SKILL_04"",""OB_REVIEW_HM_01_EV_APP0090_FIRST_INTERVIEW_PRACTITIONER_QA_M1_SKILL_04"",""OB_REVIEW_ML_01_EV_APP0090_FIRST_INTERVIEW_PRACTITIONER_QA_M1_SKILL_05"",""OB_REVIEW_HM_01_EV_APP0090_FIRST_INTERVIEW_PRACTITIONER_QA_M1_SKILL_05"",""OB_REVIEW_ML_01_EV_APP0090_FIRST_INTERVIEW_PRACTITIONER_QA_M1_SKILL_06"",""OB_REVIEW_HM_01_EV_APP0090_FIRST_INTERVIEW_PRACTITIONER_QA_M1_SKILL_06"",""OB_REVIEW_ML_01_EV_APP0090_FIRST_INTERVIEW_PRACTITIONER_QA_M1_SKILL_08"",""OB_REVIEW_HM_01_EV_APP0090_FIRST_INTERVIEW_PRACTITIONER_QA_M1_SKILL_08""],""stage"":""FIRST_INTERVIEW""}"
APP0093_FIRST_INTERVIEW,APP0093,C0093,FIRST_INTERVIEW,2026-12-06T14:04:00+09:00,2026-12-08T14:04:00+09:00,2026-12-31T09:00:00+09:00,,,,,IN_PROGRESS,,,,"{""motive"":""UNKNOWN"",""operational_state"":""NO_RESPONSE_PENDING""}"
APP0095_FIRST_INTERVIEW,APP0095,C0095,FIRST_INTERVIEW,2026-12-06T14:04:00+09:00,2026-12-08T14:04:00+09:00,2026-12-31T09:00:00+09:00,2026-12-31T10:20:00+09:00,2027-01-01T10:45:00+09:00,2027-01-02T10:45:00+09:00,,ADVANCED,FIRST_EVIDENCE_REVIEWED,,SYNTHETIC_HUMAN_SCENARIO,"{""criterion"":""REPEATED_DIRECT_TECHNICAL_LIMITATION"",""human_rationale"":""단계 활동과 관찰을 검토하여 다음 판단으로 진행한다. 미관찰은 부족/탈락과 동일하지 않다."",""observation_refs"":[""OB_REVIEW_ML_01_EV_APP0095_FIRST_INTERVIEW_TECHNICAL_ASSESSMENT_M1_SKILL_01"",""OB_REVIEW_HM_01_EV_APP0095_FIRST_INTERVIEW_TECHNICAL_ASSESSMENT_M1_SKILL_01"",""OB_REVIEW_ML_01_EV_APP0095_FIRST_INTERVIEW_TECHNICAL_ASSESSMENT_M1_SKILL_02"",""OB_REVIEW_HM_01_EV_APP0095_FIRST_INTERVIEW_TECHNICAL_ASSESSMENT_M1_SKILL_02"",""OB_REVIEW_ML_01_EV_APP0095_FIRST_INTERVIEW_TECHNICAL_ASSESSMENT_M1_SKILL_07"",""OB_REVIEW_HM_01_EV_APP0095_FIRST_INTERVIEW_TECHNICAL_ASSESSMENT_M1_SKILL_07"",""OB_REVIEW_ML_01_EV_APP0095_FIRST_INTERVIEW_AI_CASE_M1_SKILL_01"",""OB_REVIEW_HM_01_EV_APP0095_FIRST_INTERVIEW_AI_CASE_M1_SKILL_01"",""OB_REVIEW_ML_01_EV_APP0095_FIRST_INTERVIEW_AI_CASE_M1_SKILL_03"",""OB_REVIEW_HM_01_EV_APP0095_FIRST_INTERVIEW_AI_CASE_M1_SKILL_03"",""OB_REVIEW_ML_01_EV_APP0095_FIRST_INTERVIEW_PRACTITIONER_QA_M1_SKILL_04"",""OB_REVIEW_HM_01_EV_APP0095_FIRST_INTERVIEW_PRACTITIONER_QA_M1_SKILL_04"",""OB_REVIEW_ML_01_EV_APP0095_FIRST_INTERVIEW_PRACTITIONER_QA_M1_SKILL_05"",""OB_REVIEW_HM_01_EV_APP0095_FIRST_INTERVIEW_PRACTITIONER_QA_M1_SKILL_05"",""OB_REVIEW_ML_01_EV_APP0095_FIRST_INTERVIEW_PRACTITIONER_QA_M1_SKILL_06"",""OB_REVIEW_HM_01_EV_APP0095_FIRST_INTERVIEW_PRACTITIONER_QA_M1_SKILL_06"",""OB_REVIEW_ML_01_EV_APP0095_FIRST_INTERVIEW_PRACTITIONER_QA_M1_SKILL_08"",""OB_REVIEW_HM_01_EV_APP0095_FIRST_INTERVIEW_PRACTITIONER_QA_M1_SKILL_08""],""stage"":""FIRST_INTERVIEW""}"
APP0096_FIRST_INTERVIEW,APP0096,C0096,FIRST_INTERVIEW,2026-12-06T14:04:00+09:00,2026-12-08T14:04:00+09:00,2026-12-31T09:00:00+09:00,2026-12-31T10:15:00+09:00,2027-01-05T10:35:00+09:00,2027-01-07T10:35:00+09:00,,ADVANCED,FIRST_EVIDENCE_REVIEWED,,SYNTHETIC_HUMAN_SCENARIO,"{""criterion"":""REPEATED_DIRECT_TECHNICAL_LIMITATION"",""human_rationale"":""단계 활동과 관찰을 검토하여 다음 판단으로 진행한다. 미관찰은 부족/탈락과 동일하지 않다."",""observation_refs"":[""OB_REVIEW_ML_01_EV_APP0096_FIRST_INTERVIEW_TECHNICAL_ASSESSMENT_M1_SKILL_01"",""OB_REVIEW_HM_01_EV_APP0096_FIRST_INTERVIEW_TECHNICAL_ASSESSMENT_M1_SKILL_01"",""OB_REVIEW_ML_01_EV_APP0096_FIRST_INTERVIEW_TECHNICAL_ASSESSMENT_M1_SKILL_02"",""OB_REVIEW_HM_01_EV_APP0096_FIRST_INTERVIEW_TECHNICAL_ASSESSMENT_M1_SKILL_02"",""OB_REVIEW_ML_01_EV_APP0096_FIRST_INTERVIEW_TECHNICAL_ASSESSMENT_M1_SKILL_07"",""OB_REVIEW_HM_01_EV_APP0096_FIRST_INTERVIEW_TECHNICAL_ASSESSMENT_M1_SKILL_07"",""OB_REVIEW_ML_01_EV_APP0096_FIRST_INTERVIEW_AI_CASE_M1_SKILL_01"",""OB_REVIEW_HM_01_EV_APP0096_FIRST_INTERVIEW_AI_CASE_M1_SKILL_01"",""OB_REVIEW_ML_01_EV_APP0096_FIRST_INTERVIEW_AI_CASE_M1_SKILL_03"",""OB_REVIEW_HM_01_EV_APP0096_FIRST_INTERVIEW_AI_CASE_M1_SKILL_03"",""OB_REVIEW_ML_01_EV_APP0096_FIRST_INTERVIEW_PRACTITIONER_QA_M1_SKILL_04"",""OB_REVIEW_HM_01_EV_APP0096_FIRST_INTERVIEW_PRACTITIONER_QA_M1_SKILL_04"",""OB_REVIEW_ML_01_EV_APP0096_FIRST_INTERVIEW_PRACTITIONER_QA_M1_SKILL_05"",""OB_REVIEW_HM_01_EV_APP0096_FIRST_INTERVIEW_PRACTITIONER_QA_M1_SKILL_05"",""OB_REVIEW_ML_01_EV_APP0096_FIRST_INTERVIEW_PRACTITIONER_QA_M1_SKILL_06"",""OB_REVIEW_HM_01_EV_APP0096_FIRST_INTERVIEW_PRACTITIONER_QA_M1_SKILL_06"",""OB_REVIEW_ML_01_EV_APP0096_FIRST_INTERVIEW_PRACTITIONER_QA_M1_SKILL_08"",""OB_REVIEW_HM_01_EV_APP0096_FIRST_INTERVIEW_PRACTITIONER_QA_M1_SKILL_08""],""stage"":""FIRST_INTERVIEW""}"
APP0097_FIRST_INTERVIEW,APP0097,C0097,FIRST_INTERVIEW,2026-12-06T14:04:00+09:00,2026-12-08T14:04:00+09:00,2027-01-04T09:00:00+09:00,2027-01-04T10:30:00+09:00,2027-01-05T10:55:00+09:00,2027-01-05T10:55:00+09:00,,ADVANCED,FIRST_EVIDENCE_REVIEWED,,SYNTHETIC_HUMAN_SCENARIO,"{""criterion"":""REPEATED_DIRECT_TECHNICAL_LIMITATION"",""human_rationale"":""단계 활동과 관찰을 검토하여 다음 판단으로 진행한다. 미관찰은 부족/탈락과 동일하지 않다."",""observation_refs"":[""OB_REVIEW_ML_01_EV_APP0097_FIRST_INTERVIEW_TECHNICAL_ASSESSMENT_M1_SKILL_01"",""OB_REVIEW_HM_01_EV_APP0097_FIRST_INTERVIEW_TECHNICAL_ASSESSMENT_M1_SKILL_01"",""OB_REVIEW_ML_01_EV_APP0097_FIRST_INTERVIEW_TECHNICAL_ASSESSMENT_M1_SKILL_02"",""OB_REVIEW_HM_01_EV_APP0097_FIRST_INTERVIEW_TECHNICAL_ASSESSMENT_M1_SKILL_02"",""OB_REVIEW_ML_01_EV_APP0097_FIRST_INTERVIEW_TECHNICAL_ASSESSMENT_M1_SKILL_07"",""OB_REVIEW_HM_01_EV_APP0097_FIRST_INTERVIEW_TECHNICAL_ASSESSMENT_M1_SKILL_07"",""OB_REVIEW_ML_01_EV_APP0097_FIRST_INTERVIEW_AI_CASE_M1_SKILL_01"",""OB_REVIEW_HM_01_EV_APP0097_FIRST_INTERVIEW_AI_CASE_M1_SKILL_01"",""OB_REVIEW_ML_01_EV_APP0097_FIRST_INTERVIEW_AI_CASE_M1_SKILL_03"",""OB_REVIEW_HM_01_EV_APP0097_FIRST_INTERVIEW_AI_CASE_M1_SKILL_03"",""OB_REVIEW_ML_01_EV_APP0097_FIRST_INTERVIEW_PRACTITIONER_QA_M1_SKILL_04"",""OB_REVIEW_HM_01_EV_APP0097_FIRST_INTERVIEW_PRACTITIONER_QA_M1_SKILL_04"",""OB_REVIEW_ML_01_EV_APP0097_FIRST_INTERVIEW_PRACTITIONER_QA_M1_SKILL_05"",""OB_REVIEW_HM_01_EV_APP0097_FIRST_INTERVIEW_PRACTITIONER_QA_M1_SKILL_05"",""OB_REVIEW_ML_01_EV_APP0097_FIRST_INTERVIEW_PRACTITIONER_QA_M1_SKILL_06"",""OB_REVIEW_HM_01_EV_APP0097_FIRST_INTERVIEW_PRACTITIONER_QA_M1_SKILL_06"",""OB_REVIEW_ML_01_EV_APP0097_FIRST_INTERVIEW_PRACTITIONER_QA_M1_SKILL_08"",""OB_REVIEW_HM_01_EV_APP0097_FIRST_INTERVIEW_PRACTITIONER_QA_M1_SKILL_08""],""stage"":""FIRST_INTERVIEW""}"
APP0101_FIRST_INTERVIEW,APP0101,C0101,FIRST_INTERVIEW,2026-12-06T14:04:00+09:00,2026-12-08T14:04:00+09:00,2027-01-04T09:00:00+09:00,2027-01-04T10:30:00+09:00,2027-01-06T10:55:00+09:00,2027-01-08T10:55:00+09:00,,ADVANCED,FIRST_EVIDENCE_REVIEWED,,SYNTHETIC_HUMAN_SCENARIO,"{""criterion"":""REPEATED_DIRECT_TECHNICAL_LIMITATION"",""human_rationale"":""단계 활동과 관찰을 검토하여 다음 판단으로 진행한다. 미관찰은 부족/탈락과 동일하지 않다."",""observation_refs"":[""OB_REVIEW_ML_01_EV_APP0101_FIRST_INTERVIEW_TECHNICAL_ASSESSMENT_M1_SKILL_01"",""OB_REVIEW_HM_01_EV_APP0101_FIRST_INTERVIEW_TECHNICAL_ASSESSMENT_M1_SKILL_01"",""OB_REVIEW_ML_01_EV_APP0101_FIRST_INTERVIEW_TECHNICAL_ASSESSMENT_M1_SKILL_02"",""OB_REVIEW_HM_01_EV_APP0101_FIRST_INTERVIEW_TECHNICAL_ASSESSMENT_M1_SKILL_02"",""OB_REVIEW_ML_01_EV_APP0101_FIRST_INTERVIEW_TECHNICAL_ASSESSMENT_M1_SKILL_07"",""OB_REVIEW_HM_01_EV_APP0101_FIRST_INTERVIEW_TECHNICAL_ASSESSMENT_M1_SKILL_07"",""OB_REVIEW_ML_01_EV_APP0101_FIRST_INTERVIEW_AI_CASE_M1_SKILL_01"",""OB_REVIEW_HM_01_EV_APP0101_FIRST_INTERVIEW_AI_CASE_M1_SKILL_01"",""OB_REVIEW_ML_01_EV_APP0101_FIRST_INTERVIEW_AI_CASE_M1_SKILL_03"",""OB_REVIEW_HM_01_EV_APP0101_FIRST_INTERVIEW_AI_CASE_M1_SKILL_03"",""OB_REVIEW_ML_01_EV_APP0101_FIRST_INTERVIEW_PRACTITIONER_QA_M1_SKILL_04"",""OB_REVIEW_HM_01_EV_APP0101_FIRST_INTERVIEW_PRACTITIONER_QA_M1_SKILL_04"",""OB_REVIEW_ML_01_EV_APP0101_FIRST_INTERVIEW_PRACTITIONER_QA_M1_SKILL_05"",""OB_REVIEW_HM_01_EV_APP0101_FIRST_INTERVIEW_PRACTITIONER_QA_M1_SKILL_05"",""OB_REVIEW_ML_01_EV_APP0101_FIRST_INTERVIEW_PRACTITIONER_QA_M1_SKILL_06"",""OB_REVIEW_HM_01_EV_APP0101_FIRST_INTERVIEW_PRACTITIONER_QA_M1_SKILL_06"",""OB_REVIEW_ML_01_EV_APP0101_FIRST_INTERVIEW_PRACTITIONER_QA_M1_SKILL_08"",""OB_REVIEW_HM_01_EV_APP0101_FIRST_INTERVIEW_PRACTITIONER_QA_M1_SKILL_08""],""stage"":""FIRST_INTERVIEW""}"
APP0102_FIRST_INTERVIEW,APP0102,C0102,FIRST_INTERVIEW,2026-12-06T14:04:00+09:00,2026-12-08T14:04:00+09:00,2027-01-04T09:00:00+09:00,2027-01-04T10:15:00+09:00,2027-01-07T10:30:00+09:00,2027-01-08T10:30:00+09:00,,ADVANCED,FIRST_EVIDENCE_REVIEWED,,SYNTHETIC_HUMAN_SCENARIO,"{""criterion"":""REPEATED_DIRECT_TECHNICAL_LIMITATION"",""human_rationale"":""단계 활동과 관찰을 검토하여 다음 판단으로 진행한다. 미관찰은 부족/탈락과 동일하지 않다."",""observation_refs"":[""OB_REVIEW_ML_01_EV_APP0102_FIRST_INTERVIEW_TECHNICAL_ASSESSMENT_M1_SKILL_01"",""OB_REVIEW_HM_01_EV_APP0102_FIRST_INTERVIEW_TECHNICAL_ASSESSMENT_M1_SKILL_01"",""OB_REVIEW_ML_01_EV_APP0102_FIRST_INTERVIEW_TECHNICAL_ASSESSMENT_M1_SKILL_02"",""OB_REVIEW_HM_01_EV_APP0102_FIRST_INTERVIEW_TECHNICAL_ASSESSMENT_M1_SKILL_02"",""OB_REVIEW_ML_01_EV_APP0102_FIRST_INTERVIEW_TECHNICAL_ASSESSMENT_M1_SKILL_07"",""OB_REVIEW_HM_01_EV_APP0102_FIRST_INTERVIEW_TECHNICAL_ASSESSMENT_M1_SKILL_07"",""OB_REVIEW_ML_01_EV_APP0102_FIRST_INTERVIEW_AI_CASE_M1_SKILL_01"",""OB_REVIEW_HM_01_EV_APP0102_FIRST_INTERVIEW_AI_CASE_M1_SKILL_01"",""OB_REVIEW_ML_01_EV_APP0102_FIRST_INTERVIEW_AI_CASE_M1_SKILL_03"",""OB_REVIEW_HM_01_EV_APP0102_FIRST_INTERVIEW_AI_CASE_M1_SKILL_03"",""OB_REVIEW_ML_01_EV_APP0102_FIRST_INTERVIEW_PRACTITIONER_QA_M1_SKILL_04"",""OB_REVIEW_HM_01_EV_APP0102_FIRST_INTERVIEW_PRACTITIONER_QA_M1_SKILL_04"",""OB_REVIEW_ML_01_EV_APP0102_FIRST_INTERVIEW_PRACTITIONER_QA_M1_SKILL_05"",""OB_REVIEW_HM_01_EV_APP0102_FIRST_INTERVIEW_PRACTITIONER_QA_M1_SKILL_05"",""OB_REVIEW_ML_01_EV_APP0102_FIRST_INTERVIEW_PRACTITIONER_QA_M1_SKILL_06"",""OB_REVIEW_HM_01_EV_APP0102_FIRST_INTERVIEW_PRACTITIONER_QA_M1_SKILL_06"",""OB_REVIEW_ML_01_EV_APP0102_FIRST_INTERVIEW_PRACTITIONER_QA_M1_SKILL_08"",""OB_REVIEW_HM_01_EV_APP0102_FIRST_INTERVIEW_PRACTITIONER_QA_M1_SKILL_08""],""stage"":""FIRST_INTERVIEW""}"
APP0103_FIRST_INTERVIEW,APP0103,C0103,FIRST_INTERVIEW,2026-12-06T14:04:00+09:00,2026-12-08T14:04:00+09:00,2027-01-04T09:00:00+09:00,2027-01-04T10:15:00+09:00,2027-01-05T10:30:00+09:00,2027-01-07T10:30:00+09:00,,ADVANCED,FIRST_EVIDENCE_REVIEWED,,SYNTHETIC_HUMAN_SCENARIO,"{""criterion"":""REPEATED_DIRECT_TECHNICAL_LIMITATION"",""human_rationale"":""단계 활동과 관찰을 검토하여 다음 판단으로 진행한다. 미관찰은 부족/탈락과 동일하지 않다."",""observation_refs"":[""OB_REVIEW_ML_01_EV_APP0103_FIRST_INTERVIEW_TECHNICAL_ASSESSMENT_M1_SKILL_01"",""OB_REVIEW_HM_01_EV_APP0103_FIRST_INTERVIEW_TECHNICAL_ASSESSMENT_M1_SKILL_01"",""OB_REVIEW_ML_01_EV_APP0103_FIRST_INTERVIEW_TECHNICAL_ASSESSMENT_M1_SKILL_02"",""OB_REVIEW_HM_01_EV_APP0103_FIRST_INTERVIEW_TECHNICAL_ASSESSMENT_M1_SKILL_02"",""OB_REVIEW_ML_01_EV_APP0103_FIRST_INTERVIEW_TECHNICAL_ASSESSMENT_M1_SKILL_07"",""OB_REVIEW_HM_01_EV_APP0103_FIRST_INTERVIEW_TECHNICAL_ASSESSMENT_M1_SKILL_07"",""OB_REVIEW_ML_01_EV_APP0103_FIRST_INTERVIEW_AI_CASE_M1_SKILL_01"",""OB_REVIEW_HM_01_EV_APP0103_FIRST_INTERVIEW_AI_CASE_M1_SKILL_01"",""OB_REVIEW_ML_01_EV_APP0103_FIRST_INTERVIEW_AI_CASE_M1_SKILL_03"",""OB_REVIEW_HM_01_EV_APP0103_FIRST_INTERVIEW_AI_CASE_M1_SKILL_03"",""OB_REVIEW_ML_01_EV_APP0103_FIRST_INTERVIEW_PRACTITIONER_QA_M1_SKILL_04"",""OB_REVIEW_HM_01_EV_APP0103_FIRST_INTERVIEW_PRACTITIONER_QA_M1_SKILL_04"",""OB_REVIEW_ML_01_EV_APP0103_FIRST_INTERVIEW_PRACTITIONER_QA_M1_SKILL_05"",""OB_REVIEW_HM_01_EV_APP0103_FIRST_INTERVIEW_PRACTITIONER_QA_M1_SKILL_05"",""OB_REVIEW_ML_01_EV_APP0103_FIRST_INTERVIEW_PRACTITIONER_QA_M1_SKILL_06"",""OB_REVIEW_HM_01_EV_APP0103_FIRST_INTERVIEW_PRACTITIONER_QA_M1_SKILL_06"",""OB_REVIEW_ML_01_EV_APP0103_FIRST_INTERVIEW_PRACTITIONER_QA_M1_SKILL_08"",""OB_REVIEW_HM_01_EV_APP0103_FIRST_INTERVIEW_PRACTITIONER_QA_M1_SKILL_08""],""stage"":""FIRST_INTERVIEW""}"
APP0104_FIRST_INTERVIEW,APP0104,C0104,FIRST_INTERVIEW,2026-12-06T14:04:00+09:00,2026-12-08T14:04:00+09:00,2027-01-04T09:00:00+09:00,2027-01-04T10:30:00+09:00,2027-01-09T10:50:00+09:00,2027-01-13T10:50:00+09:00,,ADVANCED,FIRST_EVIDENCE_REVIEWED,,SYNTHETIC_HUMAN_SCENARIO,"{""criterion"":""REPEATED_DIRECT_TECHNICAL_LIMITATION"",""human_rationale"":""단계 활동과 관찰을 검토하여 다음 판단으로 진행한다. 미관찰은 부족/탈락과 동일하지 않다."",""observation_refs"":[""OB_REVIEW_ML_01_EV_APP0104_FIRST_INTERVIEW_TECHNICAL_ASSESSMENT_M1_SKILL_01"",""OB_REVIEW_HM_01_EV_APP0104_FIRST_INTERVIEW_TECHNICAL_ASSESSMENT_M1_SKILL_01"",""OB_REVIEW_ML_01_EV_APP0104_FIRST_INTERVIEW_TECHNICAL_ASSESSMENT_M1_SKILL_02"",""OB_REVIEW_HM_01_EV_APP0104_FIRST_INTERVIEW_TECHNICAL_ASSESSMENT_M1_SKILL_02"",""OB_REVIEW_ML_01_EV_APP0104_FIRST_INTERVIEW_TECHNICAL_ASSESSMENT_M1_SKILL_07"",""OB_REVIEW_HM_01_EV_APP0104_FIRST_INTERVIEW_TECHNICAL_ASSESSMENT_M1_SKILL_07"",""OB_REVIEW_ML_01_EV_APP0104_FIRST_INTERVIEW_AI_CASE_M1_SKILL_01"",""OB_REVIEW_HM_01_EV_APP0104_FIRST_INTERVIEW_AI_CASE_M1_SKILL_01"",""OB_REVIEW_ML_01_EV_APP0104_FIRST_INTERVIEW_AI_CASE_M1_SKILL_03"",""OB_REVIEW_HM_01_EV_APP0104_FIRST_INTERVIEW_AI_CASE_M1_SKILL_03"",""OB_REVIEW_ML_01_EV_APP0104_FIRST_INTERVIEW_PRACTITIONER_QA_M1_SKILL_04"",""OB_REVIEW_HM_01_EV_APP0104_FIRST_INTERVIEW_PRACTITIONER_QA_M1_SKILL_04"",""OB_REVIEW_ML_01_EV_APP0104_FIRST_INTERVIEW_PRACTITIONER_QA_M1_SKILL_05"",""OB_REVIEW_HM_01_EV_APP0104_FIRST_INTERVIEW_PRACTITIONER_QA_M1_SKILL_05"",""OB_REVIEW_ML_01_EV_APP0104_FIRST_INTERVIEW_PRACTITIONER_QA_M1_SKILL_06"",""OB_REVIEW_HM_01_EV_APP0104_FIRST_INTERVIEW_PRACTITIONER_QA_M1_SKILL_06"",""OB_REVIEW_ML_01_EV_APP0104_FIRST_INTERVIEW_PRACTITIONER_QA_M1_SKILL_08"",""OB_REVIEW_HM_01_EV_APP0104_FIRST_INTERVIEW_PRACTITIONER_QA_M1_SKILL_08""],""stage"":""FIRST_INTERVIEW""}"
APP0105_FIRST_INTERVIEW,APP0105,C0105,FIRST_INTERVIEW,2026-12-06T14:04:00+09:00,2026-12-08T14:04:00+09:00,2027-01-04T09:00:00+09:00,2027-01-04T10:20:00+09:00,2027-01-07T10:40:00+09:00,2027-01-09T10:40:00+09:00,,ADVANCED,FIRST_EVIDENCE_REVIEWED,,SYNTHETIC_HUMAN_SCENARIO,"{""criterion"":""REPEATED_DIRECT_TECHNICAL_LIMITATION"",""human_rationale"":""단계 활동과 관찰을 검토하여 다음 판단으로 진행한다. 미관찰은 부족/탈락과 동일하지 않다."",""observation_refs"":[""OB_REVIEW_ML_01_EV_APP0105_FIRST_INTERVIEW_TECHNICAL_ASSESSMENT_M1_SKILL_01"",""OB_REVIEW_HM_01_EV_APP0105_FIRST_INTERVIEW_TECHNICAL_ASSESSMENT_M1_SKILL_01"",""OB_REVIEW_ML_01_EV_APP0105_FIRST_INTERVIEW_TECHNICAL_ASSESSMENT_M1_SKILL_02"",""OB_REVIEW_HM_01_EV_APP0105_FIRST_INTERVIEW_TECHNICAL_ASSESSMENT_M1_SKILL_02"",""OB_REVIEW_ML_01_EV_APP0105_FIRST_INTERVIEW_TECHNICAL_ASSESSMENT_M1_SKILL_07"",""OB_REVIEW_HM_01_EV_APP0105_FIRST_INTERVIEW_TECHNICAL_ASSESSMENT_M1_SKILL_07"",""OB_REVIEW_ML_01_EV_APP0105_FIRST_INTERVIEW_AI_CASE_M1_SKILL_01"",""OB_REVIEW_HM_01_EV_APP0105_FIRST_INTERVIEW_AI_CASE_M1_SKILL_01"",""OB_REVIEW_ML_01_EV_APP0105_FIRST_INTERVIEW_AI_CASE_M1_SKILL_03"",""OB_REVIEW_HM_01_EV_APP0105_FIRST_INTERVIEW_AI_CASE_M1_SKILL_03"",""OB_REVIEW_ML_01_EV_APP0105_FIRST_INTERVIEW_PRACTITIONER_QA_M1_SKILL_04"",""OB_REVIEW_HM_01_EV_APP0105_FIRST_INTERVIEW_PRACTITIONER_QA_M1_SKILL_04"",""OB_REVIEW_ML_01_EV_APP0105_FIRST_INTERVIEW_PRACTITIONER_QA_M1_SKILL_05"",""OB_REVIEW_HM_01_EV_APP0105_FIRST_INTERVIEW_PRACTITIONER_QA_M1_SKILL_05"",""OB_REVIEW_ML_01_EV_APP0105_FIRST_INTERVIEW_PRACTITIONER_QA_M1_SKILL_06"",""OB_REVIEW_HM_01_EV_APP0105_FIRST_INTERVIEW_PRACTITIONER_QA_M1_SKILL_06"",""OB_REVIEW_ML_01_EV_APP0105_FIRST_INTERVIEW_PRACTITIONER_QA_M1_SKILL_08"",""OB_REVIEW_HM_01_EV_APP0105_FIRST_INTERVIEW_PRACTITIONER_QA_M1_SKILL_08""],""stage"":""FIRST_INTERVIEW""}"
APP0107_FIRST_INTERVIEW,APP0107,C0107,FIRST_INTERVIEW,2026-12-06T14:04:00+09:00,2026-12-08T14:04:00+09:00,2027-01-04T09:00:00+09:00,2027-01-04T10:25:00+09:00,2027-01-09T10:50:00+09:00,2027-01-09T10:50:00+09:00,,ADVANCED,FIRST_EVIDENCE_REVIEWED,,SYNTHETIC_HUMAN_SCENARIO,"{""criterion"":""REPEATED_DIRECT_TECHNICAL_LIMITATION"",""human_rationale"":""단계 활동과 관찰을 검토하여 다음 판단으로 진행한다. 미관찰은 부족/탈락과 동일하지 않다."",""observation_refs"":[""OB_REVIEW_ML_01_EV_APP0107_FIRST_INTERVIEW_TECHNICAL_ASSESSMENT_M1_SKILL_01"",""OB_REVIEW_HM_01_EV_APP0107_FIRST_INTERVIEW_TECHNICAL_ASSESSMENT_M1_SKILL_01"",""OB_REVIEW_ML_01_EV_APP0107_FIRST_INTERVIEW_TECHNICAL_ASSESSMENT_M1_SKILL_02"",""OB_REVIEW_HM_01_EV_APP0107_FIRST_INTERVIEW_TECHNICAL_ASSESSMENT_M1_SKILL_02"",""OB_REVIEW_ML_01_EV_APP0107_FIRST_INTERVIEW_TECHNICAL_ASSESSMENT_M1_SKILL_07"",""OB_REVIEW_HM_01_EV_APP0107_FIRST_INTERVIEW_TECHNICAL_ASSESSMENT_M1_SKILL_07"",""OB_REVIEW_ML_01_EV_APP0107_FIRST_INTERVIEW_AI_CASE_M1_SKILL_01"",""OB_REVIEW_HM_01_EV_APP0107_FIRST_INTERVIEW_AI_CASE_M1_SKILL_01"",""OB_REVIEW_ML_01_EV_APP0107_FIRST_INTERVIEW_AI_CASE_M1_SKILL_03"",""OB_REVIEW_HM_01_EV_APP0107_FIRST_INTERVIEW_AI_CASE_M1_SKILL_03"",""OB_REVIEW_ML_01_EV_APP0107_FIRST_INTERVIEW_PRACTITIONER_QA_M1_SKILL_04"",""OB_REVIEW_HM_01_EV_APP0107_FIRST_INTERVIEW_PRACTITIONER_QA_M1_SKILL_04"",""OB_REVIEW_ML_01_EV_APP0107_FIRST_INTERVIEW_PRACTITIONER_QA_M1_SKILL_05"",""OB_REVIEW_HM_01_EV_APP0107_FIRST_INTERVIEW_PRACTITIONER_QA_M1_SKILL_05"",""OB_REVIEW_ML_01_EV_APP0107_FIRST_INTERVIEW_PRACTITIONER_QA_M1_SKILL_06"",""OB_REVIEW_HM_01_EV_APP0107_FIRST_INTERVIEW_PRACTITIONER_QA_M1_SKILL_06"",""OB_REVIEW_ML_01_EV_APP0107_FIRST_INTERVIEW_PRACTITIONER_QA_M1_SKILL_08"",""OB_REVIEW_HM_01_EV_APP0107_FIRST_INTERVIEW_PRACTITIONER_QA_M1_SKILL_08""],""stage"":""FIRST_INTERVIEW""}"
APP0109_FIRST_INTERVIEW,APP0109,C0109,FIRST_INTERVIEW,2026-12-06T14:04:00+09:00,2026-12-08T14:04:00+09:00,2027-01-04T09:00:00+09:00,2027-01-04T10:25:00+09:00,2027-01-06T10:45:00+09:00,2027-01-10T10:45:00+09:00,,ADVANCED,FIRST_EVIDENCE_REVIEWED,,SYNTHETIC_HUMAN_SCENARIO,"{""criterion"":""REPEATED_DIRECT_TECHNICAL_LIMITATION"",""human_rationale"":""단계 활동과 관찰을 검토하여 다음 판단으로 진행한다. 미관찰은 부족/탈락과 동일하지 않다."",""observation_refs"":[""OB_REVIEW_ML_01_EV_APP0109_FIRST_INTERVIEW_TECHNICAL_ASSESSMENT_M1_SKILL_01"",""OB_REVIEW_HM_01_EV_APP0109_FIRST_INTERVIEW_TECHNICAL_ASSESSMENT_M1_SKILL_01"",""OB_REVIEW_ML_01_EV_APP0109_FIRST_INTERVIEW_TECHNICAL_ASSESSMENT_M1_SKILL_02"",""OB_REVIEW_HM_01_EV_APP0109_FIRST_INTERVIEW_TECHNICAL_ASSESSMENT_M1_SKILL_02"",""OB_REVIEW_ML_01_EV_APP0109_FIRST_INTERVIEW_TECHNICAL_ASSESSMENT_M1_SKILL_07"",""OB_REVIEW_HM_01_EV_APP0109_FIRST_INTERVIEW_TECHNICAL_ASSESSMENT_M1_SKILL_07"",""OB_REVIEW_ML_01_EV_APP0109_FIRST_INTERVIEW_AI_CASE_M1_SKILL_01"",""OB_REVIEW_HM_01_EV_APP0109_FIRST_INTERVIEW_AI_CASE_M1_SKILL_01"",""OB_REVIEW_ML_01_EV_APP0109_FIRST_INTERVIEW_AI_CASE_M1_SKILL_03"",""OB_REVIEW_HM_01_EV_APP0109_FIRST_INTERVIEW_AI_CASE_M1_SKILL_03"",""OB_REVIEW_ML_01_EV_APP0109_FIRST_INTERVIEW_PRACTITIONER_QA_M1_SKILL_04"",""OB_REVIEW_HM_01_EV_APP0109_FIRST_INTERVIEW_PRACTITIONER_QA_M1_SKILL_04"",""OB_REVIEW_ML_01_EV_APP0109_FIRST_INTERVIEW_PRACTITIONER_QA_M1_SKILL_05"",""OB_REVIEW_HM_01_EV_APP0109_FIRST_INTERVIEW_PRACTITIONER_QA_M1_SKILL_05"",""OB_REVIEW_ML_01_EV_APP0109_FIRST_INTERVIEW_PRACTITIONER_QA_M1_SKILL_06"",""OB_REVIEW_HM_01_EV_APP0109_FIRST_INTERVIEW_PRACTITIONER_QA_M1_SKILL_06"",""OB_REVIEW_ML_01_EV_APP0109_FIRST_INTERVIEW_PRACTITIONER_QA_M1_SKILL_08"",""OB_REVIEW_HM_01_EV_APP0109_FIRST_INTERVIEW_PRACTITIONER_QA_M1_SKILL_08""],""stage"":""FIRST_INTERVIEW""}"
APP0110_FIRST_INTERVIEW,APP0110,C0110,FIRST_INTERVIEW,2026-12-06T14:04:00+09:00,2026-12-08T14:04:00+09:00,2027-01-04T09:00:00+09:00,2027-01-04T10:25:00+09:00,2027-01-09T10:45:00+09:00,2027-01-13T10:45:00+09:00,,ADVANCED,FIRST_EVIDENCE_REVIEWED,,SYNTHETIC_HUMAN_SCENARIO,"{""criterion"":""REPEATED_DIRECT_TECHNICAL_LIMITATION"",""human_rationale"":""단계 활동과 관찰을 검토하여 다음 판단으로 진행한다. 미관찰은 부족/탈락과 동일하지 않다."",""observation_refs"":[""OB_REVIEW_ML_01_EV_APP0110_FIRST_INTERVIEW_TECHNICAL_ASSESSMENT_M1_SKILL_01"",""OB_REVIEW_HM_01_EV_APP0110_FIRST_INTERVIEW_TECHNICAL_ASSESSMENT_M1_SKILL_01"",""OB_REVIEW_ML_01_EV_APP0110_FIRST_INTERVIEW_TECHNICAL_ASSESSMENT_M1_SKILL_02"",""OB_REVIEW_HM_01_EV_APP0110_FIRST_INTERVIEW_TECHNICAL_ASSESSMENT_M1_SKILL_02"",""OB_REVIEW_ML_01_EV_APP0110_FIRST_INTERVIEW_TECHNICAL_ASSESSMENT_M1_SKILL_07"",""OB_REVIEW_HM_01_EV_APP0110_FIRST_INTERVIEW_TECHNICAL_ASSESSMENT_M1_SKILL_07"",""OB_REVIEW_ML_01_EV_APP0110_FIRST_INTERVIEW_AI_CASE_M1_SKILL_01"",""OB_REVIEW_HM_01_EV_APP0110_FIRST_INTERVIEW_AI_CASE_M1_SKILL_01"",""OB_REVIEW_ML_01_EV_APP0110_FIRST_INTERVIEW_AI_CASE_M1_SKILL_03"",""OB_REVIEW_HM_01_EV_APP0110_FIRST_INTERVIEW_AI_CASE_M1_SKILL_03"",""OB_REVIEW_ML_01_EV_APP0110_FIRST_INTERVIEW_PRACTITIONER_QA_M1_SKILL_04"",""OB_REVIEW_HM_01_EV_APP0110_FIRST_INTERVIEW_PRACTITIONER_QA_M1_SKILL_04"",""OB_REVIEW_ML_01_EV_APP0110_FIRST_INTERVIEW_PRACTITIONER_QA_M1_SKILL_05"",""OB_REVIEW_HM_01_EV_APP0110_FIRST_INTERVIEW_PRACTITIONER_QA_M1_SKILL_05"",""OB_REVIEW_ML_01_EV_APP0110_FIRST_INTERVIEW_PRACTITIONER_QA_M1_SKILL_06"",""OB_REVIEW_HM_01_EV_APP0110_FIRST_INTERVIEW_PRACTITIONER_QA_M1_SKILL_06"",""OB_REVIEW_ML_01_EV_APP0110_FIRST_INTERVIEW_PRACTITIONER_QA_M1_SKILL_08"",""OB_REVIEW_HM_01_EV_APP0110_FIRST_INTERVIEW_PRACTITIONER_QA_M1_SKILL_08""],""stage"":""FIRST_INTERVIEW""}"
APP0112_FIRST_INTERVIEW,APP0112,C0112,FIRST_INTERVIEW,2026-12-06T14:04:00+09:00,2026-12-08T14:04:00+09:00,2027-01-04T09:00:00+09:00,,,,2026-12-10T14:04:00+09:00,WITHDRAWN,,UNKNOWN,,
APP0113_FIRST_INTERVIEW,APP0113,C0113,FIRST_INTERVIEW,2026-12-06T14:04:00+09:00,2026-12-08T14:04:00+09:00,2027-01-07T09:00:00+09:00,2027-01-07T10:25:00+09:00,2027-01-12T10:45:00+09:00,2027-01-13T10:45:00+09:00,,ADVANCED,FIRST_EVIDENCE_REVIEWED,,SYNTHETIC_HUMAN_SCENARIO,"{""criterion"":""REPEATED_DIRECT_TECHNICAL_LIMITATION"",""human_rationale"":""단계 활동과 관찰을 검토하여 다음 판단으로 진행한다. 미관찰은 부족/탈락과 동일하지 않다."",""observation_refs"":[""OB_REVIEW_ML_01_EV_APP0113_FIRST_INTERVIEW_TECHNICAL_ASSESSMENT_M1_SKILL_01"",""OB_REVIEW_HM_01_EV_APP0113_FIRST_INTERVIEW_TECHNICAL_ASSESSMENT_M1_SKILL_01"",""OB_REVIEW_ML_01_EV_APP0113_FIRST_INTERVIEW_TECHNICAL_ASSESSMENT_M1_SKILL_02"",""OB_REVIEW_HM_01_EV_APP0113_FIRST_INTERVIEW_TECHNICAL_ASSESSMENT_M1_SKILL_02"",""OB_REVIEW_ML_01_EV_APP0113_FIRST_INTERVIEW_TECHNICAL_ASSESSMENT_M1_SKILL_07"",""OB_REVIEW_HM_01_EV_APP0113_FIRST_INTERVIEW_TECHNICAL_ASSESSMENT_M1_SKILL_07"",""OB_REVIEW_ML_01_EV_APP0113_FIRST_INTERVIEW_AI_CASE_M1_SKILL_01"",""OB_REVIEW_HM_01_EV_APP0113_FIRST_INTERVIEW_AI_CASE_M1_SKILL_01"",""OB_REVIEW_ML_01_EV_APP0113_FIRST_INTERVIEW_AI_CASE_M1_SKILL_03"",""OB_REVIEW_HM_01_EV_APP0113_FIRST_INTERVIEW_AI_CASE_M1_SKILL_03"",""OB_REVIEW_ML_01_EV_APP0113_FIRST_INTERVIEW_PRACTITIONER_QA_M1_SKILL_04"",""OB_REVIEW_HM_01_EV_APP0113_FIRST_INTERVIEW_PRACTITIONER_QA_M1_SKILL_04"",""OB_REVIEW_ML_01_EV_APP0113_FIRST_INTERVIEW_PRACTITIONER_QA_M1_SKILL_05"",""OB_REVIEW_HM_01_EV_APP0113_FIRST_INTERVIEW_PRACTITIONER_QA_M1_SKILL_05"",""OB_REVIEW_ML_01_EV_APP0113_FIRST_INTERVIEW_PRACTITIONER_QA_M1_SKILL_06"",""OB_REVIEW_HM_01_EV_APP0113_FIRST_INTERVIEW_PRACTITIONER_QA_M1_SKILL_06"",""OB_REVIEW_ML_01_EV_APP0113_FIRST_INTERVIEW_PRACTITIONER_QA_M1_SKILL_08"",""OB_REVIEW_HM_01_EV_APP0113_FIRST_INTERVIEW_PRACTITIONER_QA_M1_SKILL_08""],""stage"":""FIRST_INTERVIEW""}"
APP0115_FIRST_INTERVIEW,APP0115,C0115,FIRST_INTERVIEW,2026-12-06T14:04:00+09:00,2026-12-08T14:04:00+09:00,2027-01-07T09:00:00+09:00,2027-01-07T10:20:00+09:00,2027-01-10T10:35:00+09:00,2027-01-12T10:35:00+09:00,,ADVANCED,FIRST_EVIDENCE_REVIEWED,,SYNTHETIC_HUMAN_SCENARIO,"{""criterion"":""REPEATED_DIRECT_TECHNICAL_LIMITATION"",""human_rationale"":""단계 활동과 관찰을 검토하여 다음 판단으로 진행한다. 미관찰은 부족/탈락과 동일하지 않다."",""observation_refs"":[""OB_REVIEW_ML_01_EV_APP0115_FIRST_INTERVIEW_TECHNICAL_ASSESSMENT_M1_SKILL_01"",""OB_REVIEW_HM_01_EV_APP0115_FIRST_INTERVIEW_TECHNICAL_ASSESSMENT_M1_SKILL_01"",""OB_REVIEW_ML_01_EV_APP0115_FIRST_INTERVIEW_TECHNICAL_ASSESSMENT_M1_SKILL_02"",""OB_REVIEW_HM_01_EV_APP0115_FIRST_INTERVIEW_TECHNICAL_ASSESSMENT_M1_SKILL_02"",""OB_REVIEW_ML_01_EV_APP0115_FIRST_INTERVIEW_TECHNICAL_ASSESSMENT_M1_SKILL_07"",""OB_REVIEW_HM_01_EV_APP0115_FIRST_INTERVIEW_TECHNICAL_ASSESSMENT_M1_SKILL_07"",""OB_REVIEW_ML_01_EV_APP0115_FIRST_INTERVIEW_AI_CASE_M1_SKILL_01"",""OB_REVIEW_HM_01_EV_APP0115_FIRST_INTERVIEW_AI_CASE_M1_SKILL_01"",""OB_REVIEW_ML_01_EV_APP0115_FIRST_INTERVIEW_AI_CASE_M1_SKILL_03"",""OB_REVIEW_HM_01_EV_APP0115_FIRST_INTERVIEW_AI_CASE_M1_SKILL_03"",""OB_REVIEW_ML_01_EV_APP0115_FIRST_INTERVIEW_PRACTITIONER_QA_M1_SKILL_04"",""OB_REVIEW_HM_01_EV_APP0115_FIRST_INTERVIEW_PRACTITIONER_QA_M1_SKILL_04"",""OB_REVIEW_ML_01_EV_APP0115_FIRST_INTERVIEW_PRACTITIONER_QA_M1_SKILL_05"",""OB_REVIEW_HM_01_EV_APP0115_FIRST_INTERVIEW_PRACTITIONER_QA_M1_SKILL_05"",""OB_REVIEW_ML_01_EV_APP0115_FIRST_INTERVIEW_PRACTITIONER_QA_M1_SKILL_06"",""OB_REVIEW_HM_01_EV_APP0115_FIRST_INTERVIEW_PRACTITIONER_QA_M1_SKILL_06"",""OB_REVIEW_ML_01_EV_APP0115_FIRST_INTERVIEW_PRACTITIONER_QA_M1_SKILL_08"",""OB_REVIEW_HM_01_EV_APP0115_FIRST_INTERVIEW_PRACTITIONER_QA_M1_SKILL_08""],""stage"":""FIRST_INTERVIEW""}"
APP0116_FIRST_INTERVIEW,APP0116,C0116,FIRST_INTERVIEW,2026-12-06T14:04:00+09:00,2026-12-08T14:04:00+09:00,2027-01-07T09:00:00+09:00,2027-01-07T10:20:00+09:00,2027-01-08T10:40:00+09:00,2027-01-10T10:40:00+09:00,,ADVANCED,FIRST_EVIDENCE_REVIEWED,,SYNTHETIC_HUMAN_SCENARIO,"{""criterion"":""REPEATED_DIRECT_TECHNICAL_LIMITATION"",""human_rationale"":""단계 활동과 관찰을 검토하여 다음 판단으로 진행한다. 미관찰은 부족/탈락과 동일하지 않다."",""observation_refs"":[""OB_REVIEW_ML_01_EV_APP0116_FIRST_INTERVIEW_TECHNICAL_ASSESSMENT_M1_SKILL_01"",""OB_REVIEW_HM_01_EV_APP0116_FIRST_INTERVIEW_TECHNICAL_ASSESSMENT_M1_SKILL_01"",""OB_REVIEW_ML_01_EV_APP0116_FIRST_INTERVIEW_TECHNICAL_ASSESSMENT_M1_SKILL_02"",""OB_REVIEW_HM_01_EV_APP0116_FIRST_INTERVIEW_TECHNICAL_ASSESSMENT_M1_SKILL_02"",""OB_REVIEW_ML_01_EV_APP0116_FIRST_INTERVIEW_TECHNICAL_ASSESSMENT_M1_SKILL_07"",""OB_REVIEW_HM_01_EV_APP0116_FIRST_INTERVIEW_TECHNICAL_ASSESSMENT_M1_SKILL_07"",""OB_REVIEW_ML_01_EV_APP0116_FIRST_INTERVIEW_AI_CASE_M1_SKILL_01"",""OB_REVIEW_HM_01_EV_APP0116_FIRST_INTERVIEW_AI_CASE_M1_SKILL_01"",""OB_REVIEW_ML_01_EV_APP0116_FIRST_INTERVIEW_AI_CASE_M1_SKILL_03"",""OB_REVIEW_HM_01_EV_APP0116_FIRST_INTERVIEW_AI_CASE_M1_SKILL_03"",""OB_REVIEW_ML_01_EV_APP0116_FIRST_INTERVIEW_PRACTITIONER_QA_M1_SKILL_04"",""OB_REVIEW_HM_01_EV_APP0116_FIRST_INTERVIEW_PRACTITIONER_QA_M1_SKILL_04"",""OB_REVIEW_ML_01_EV_APP0116_FIRST_INTERVIEW_PRACTITIONER_QA_M1_SKILL_05"",""OB_REVIEW_HM_01_EV_APP0116_FIRST_INTERVIEW_PRACTITIONER_QA_M1_SKILL_05"",""OB_REVIEW_ML_01_EV_APP0116_FIRST_INTERVIEW_PRACTITIONER_QA_M1_SKILL_06"",""OB_REVIEW_HM_01_EV_APP0116_FIRST_INTERVIEW_PRACTITIONER_QA_M1_SKILL_06"",""OB_REVIEW_ML_01_EV_APP0116_FIRST_INTERVIEW_PRACTITIONER_QA_M1_SKILL_08"",""OB_REVIEW_HM_01_EV_APP0116_FIRST_INTERVIEW_PRACTITIONER_QA_M1_SKILL_08""],""stage"":""FIRST_INTERVIEW""}"
APP0119_FIRST_INTERVIEW,APP0119,C0119,FIRST_INTERVIEW,2026-12-06T14:04:00+09:00,2026-12-08T14:04:00+09:00,2027-01-07T09:00:00+09:00,2027-01-07T10:15:00+09:00,2027-01-12T10:40:00+09:00,2027-01-14T10:40:00+09:00,,ADVANCED,FIRST_EVIDENCE_REVIEWED,,SYNTHETIC_HUMAN_SCENARIO,"{""criterion"":""REPEATED_DIRECT_TECHNICAL_LIMITATION"",""human_rationale"":""단계 활동과 관찰을 검토하여 다음 판단으로 진행한다. 미관찰은 부족/탈락과 동일하지 않다."",""observation_refs"":[""OB_REVIEW_ML_01_EV_APP0119_FIRST_INTERVIEW_TECHNICAL_ASSESSMENT_M1_SKILL_01"",""OB_REVIEW_HM_01_EV_APP0119_FIRST_INTERVIEW_TECHNICAL_ASSESSMENT_M1_SKILL_01"",""OB_REVIEW_ML_01_EV_APP0119_FIRST_INTERVIEW_TECHNICAL_ASSESSMENT_M1_SKILL_02"",""OB_REVIEW_HM_01_EV_APP0119_FIRST_INTERVIEW_TECHNICAL_ASSESSMENT_M1_SKILL_02"",""OB_REVIEW_ML_01_EV_APP0119_FIRST_INTERVIEW_TECHNICAL_ASSESSMENT_M1_SKILL_07"",""OB_REVIEW_HM_01_EV_APP0119_FIRST_INTERVIEW_TECHNICAL_ASSESSMENT_M1_SKILL_07"",""OB_REVIEW_ML_01_EV_APP0119_FIRST_INTERVIEW_AI_CASE_M1_SKILL_01"",""OB_REVIEW_HM_01_EV_APP0119_FIRST_INTERVIEW_AI_CASE_M1_SKILL_01"",""OB_REVIEW_ML_01_EV_APP0119_FIRST_INTERVIEW_AI_CASE_M1_SKILL_03"",""OB_REVIEW_HM_01_EV_APP0119_FIRST_INTERVIEW_AI_CASE_M1_SKILL_03"",""OB_REVIEW_ML_01_EV_APP0119_FIRST_INTERVIEW_PRACTITIONER_QA_M1_SKILL_04"",""OB_REVIEW_HM_01_EV_APP0119_FIRST_INTERVIEW_PRACTITIONER_QA_M1_SKILL_04"",""OB_REVIEW_ML_01_EV_APP0119_FIRST_INTERVIEW_PRACTITIONER_QA_M1_SKILL_05"",""OB_REVIEW_HM_01_EV_APP0119_FIRST_INTERVIEW_PRACTITIONER_QA_M1_SKILL_05"",""OB_REVIEW_ML_01_EV_APP0119_FIRST_INTERVIEW_PRACTITIONER_QA_M1_SKILL_06"",""OB_REVIEW_HM_01_EV_APP0119_FIRST_INTERVIEW_PRACTITIONER_QA_M1_SKILL_06"",""OB_REVIEW_ML_01_EV_APP0119_FIRST_INTERVIEW_PRACTITIONER_QA_M1_SKILL_08"",""OB_REVIEW_HM_01_EV_APP0119_FIRST_INTERVIEW_PRACTITIONER_QA_M1_SKILL_08""],""stage"":""FIRST_INTERVIEW""}"
APP0121_FIRST_INTERVIEW,APP0121,C0121,FIRST_INTERVIEW,2026-12-06T14:04:00+09:00,2026-12-08T14:04:00+09:00,2027-01-07T09:00:00+09:00,2027-01-07T10:25:00+09:00,2027-01-10T10:40:00+09:00,2027-01-14T10:40:00+09:00,,ADVANCED,FIRST_EVIDENCE_REVIEWED,,SYNTHETIC_HUMAN_SCENARIO,"{""criterion"":""REPEATED_DIRECT_TECHNICAL_LIMITATION"",""human_rationale"":""단계 활동과 관찰을 검토하여 다음 판단으로 진행한다. 미관찰은 부족/탈락과 동일하지 않다."",""observation_refs"":[""OB_REVIEW_ML_01_EV_APP0121_FIRST_INTERVIEW_TECHNICAL_ASSESSMENT_M1_SKILL_01"",""OB_REVIEW_HM_01_EV_APP0121_FIRST_INTERVIEW_TECHNICAL_ASSESSMENT_M1_SKILL_01"",""OB_REVIEW_ML_01_EV_APP0121_FIRST_INTERVIEW_TECHNICAL_ASSESSMENT_M1_SKILL_02"",""OB_REVIEW_HM_01_EV_APP0121_FIRST_INTERVIEW_TECHNICAL_ASSESSMENT_M1_SKILL_02"",""OB_REVIEW_ML_01_EV_APP0121_FIRST_INTERVIEW_TECHNICAL_ASSESSMENT_M1_SKILL_07"",""OB_REVIEW_HM_01_EV_APP0121_FIRST_INTERVIEW_TECHNICAL_ASSESSMENT_M1_SKILL_07"",""OB_REVIEW_ML_01_EV_APP0121_FIRST_INTERVIEW_AI_CASE_M1_SKILL_01"",""OB_REVIEW_HM_01_EV_APP0121_FIRST_INTERVIEW_AI_CASE_M1_SKILL_01"",""OB_REVIEW_ML_01_EV_APP0121_FIRST_INTERVIEW_AI_CASE_M1_SKILL_03"",""OB_REVIEW_HM_01_EV_APP0121_FIRST_INTERVIEW_AI_CASE_M1_SKILL_03"",""OB_REVIEW_ML_01_EV_APP0121_FIRST_INTERVIEW_PRACTITIONER_QA_M1_SKILL_04"",""OB_REVIEW_HM_01_EV_APP0121_FIRST_INTERVIEW_PRACTITIONER_QA_M1_SKILL_04"",""OB_REVIEW_ML_01_EV_APP0121_FIRST_INTERVIEW_PRACTITIONER_QA_M1_SKILL_05"",""OB_REVIEW_HM_01_EV_APP0121_FIRST_INTERVIEW_PRACTITIONER_QA_M1_SKILL_05"",""OB_REVIEW_ML_01_EV_APP0121_FIRST_INTERVIEW_PRACTITIONER_QA_M1_SKILL_06"",""OB_REVIEW_HM_01_EV_APP0121_FIRST_INTERVIEW_PRACTITIONER_QA_M1_SKILL_06"",""OB_REVIEW_ML_01_EV_APP0121_FIRST_INTERVIEW_PRACTITIONER_QA_M1_SKILL_08"",""OB_REVIEW_HM_01_EV_APP0121_FIRST_INTERVIEW_PRACTITIONER_QA_M1_SKILL_08""],""stage"":""FIRST_INTERVIEW""}"
APP0123_FIRST_INTERVIEW,APP0123,C0123,FIRST_INTERVIEW,2026-12-06T14:04:00+09:00,2026-12-08T14:04:00+09:00,2027-01-07T09:00:00+09:00,2027-01-07T10:30:00+09:00,2027-01-10T10:50:00+09:00,2027-01-11T10:50:00+09:00,,ADVANCED,FIRST_EVIDENCE_REVIEWED,,SYNTHETIC_HUMAN_SCENARIO,"{""criterion"":""REPEATED_DIRECT_TECHNICAL_LIMITATION"",""human_rationale"":""단계 활동과 관찰을 검토하여 다음 판단으로 진행한다. 미관찰은 부족/탈락과 동일하지 않다."",""observation_refs"":[""OB_REVIEW_ML_01_EV_APP0123_FIRST_INTERVIEW_TECHNICAL_ASSESSMENT_M1_SKILL_01"",""OB_REVIEW_HM_01_EV_APP0123_FIRST_INTERVIEW_TECHNICAL_ASSESSMENT_M1_SKILL_01"",""OB_REVIEW_ML_01_EV_APP0123_FIRST_INTERVIEW_TECHNICAL_ASSESSMENT_M1_SKILL_02"",""OB_REVIEW_HM_01_EV_APP0123_FIRST_INTERVIEW_TECHNICAL_ASSESSMENT_M1_SKILL_02"",""OB_REVIEW_ML_01_EV_APP0123_FIRST_INTERVIEW_TECHNICAL_ASSESSMENT_M1_SKILL_07"",""OB_REVIEW_HM_01_EV_APP0123_FIRST_INTERVIEW_TECHNICAL_ASSESSMENT_M1_SKILL_07"",""OB_REVIEW_ML_01_EV_APP0123_FIRST_INTERVIEW_AI_CASE_M1_SKILL_01"",""OB_REVIEW_HM_01_EV_APP0123_FIRST_INTERVIEW_AI_CASE_M1_SKILL_01"",""OB_REVIEW_ML_01_EV_APP0123_FIRST_INTERVIEW_AI_CASE_M1_SKILL_03"",""OB_REVIEW_HM_01_EV_APP0123_FIRST_INTERVIEW_AI_CASE_M1_SKILL_03"",""OB_REVIEW_ML_01_EV_APP0123_FIRST_INTERVIEW_PRACTITIONER_QA_M1_SKILL_04"",""OB_REVIEW_HM_01_EV_APP0123_FIRST_INTERVIEW_PRACTITIONER_QA_M1_SKILL_04"",""OB_REVIEW_ML_01_EV_APP0123_FIRST_INTERVIEW_PRACTITIONER_QA_M1_SKILL_05"",""OB_REVIEW_HM_01_EV_APP0123_FIRST_INTERVIEW_PRACTITIONER_QA_M1_SKILL_05"",""OB_REVIEW_ML_01_EV_APP0123_FIRST_INTERVIEW_PRACTITIONER_QA_M1_SKILL_06"",""OB_REVIEW_HM_01_EV_APP0123_FIRST_INTERVIEW_PRACTITIONER_QA_M1_SKILL_06"",""OB_REVIEW_ML_01_EV_APP0123_FIRST_INTERVIEW_PRACTITIONER_QA_M1_SKILL_08"",""OB_REVIEW_HM_01_EV_APP0123_FIRST_INTERVIEW_PRACTITIONER_QA_M1_SKILL_08""],""stage"":""FIRST_INTERVIEW""}"
APP0124_FIRST_INTERVIEW,APP0124,C0124,FIRST_INTERVIEW,2026-12-06T14:04:00+09:00,2026-12-08T14:04:00+09:00,2027-01-07T09:00:00+09:00,2027-01-07T10:30:00+09:00,2027-01-10T10:45:00+09:00,2027-01-12T10:45:00+09:00,,ADVANCED,FIRST_EVIDENCE_REVIEWED,,SYNTHETIC_HUMAN_SCENARIO,"{""criterion"":""REPEATED_DIRECT_TECHNICAL_LIMITATION"",""human_rationale"":""단계 활동과 관찰을 검토하여 다음 판단으로 진행한다. 미관찰은 부족/탈락과 동일하지 않다."",""observation_refs"":[""OB_REVIEW_ML_01_EV_APP0124_FIRST_INTERVIEW_TECHNICAL_ASSESSMENT_M1_SKILL_01"",""OB_REVIEW_HM_01_EV_APP0124_FIRST_INTERVIEW_TECHNICAL_ASSESSMENT_M1_SKILL_01"",""OB_REVIEW_ML_01_EV_APP0124_FIRST_INTERVIEW_TECHNICAL_ASSESSMENT_M1_SKILL_02"",""OB_REVIEW_HM_01_EV_APP0124_FIRST_INTERVIEW_TECHNICAL_ASSESSMENT_M1_SKILL_02"",""OB_REVIEW_ML_01_EV_APP0124_FIRST_INTERVIEW_TECHNICAL_ASSESSMENT_M1_SKILL_07"",""OB_REVIEW_HM_01_EV_APP0124_FIRST_INTERVIEW_TECHNICAL_ASSESSMENT_M1_SKILL_07"",""OB_REVIEW_ML_01_EV_APP0124_FIRST_INTERVIEW_AI_CASE_M1_SKILL_01"",""OB_REVIEW_HM_01_EV_APP0124_FIRST_INTERVIEW_AI_CASE_M1_SKILL_01"",""OB_REVIEW_ML_01_EV_APP0124_FIRST_INTERVIEW_AI_CASE_M1_SKILL_03"",""OB_REVIEW_HM_01_EV_APP0124_FIRST_INTERVIEW_AI_CASE_M1_SKILL_03"",""OB_REVIEW_ML_01_EV_APP0124_FIRST_INTERVIEW_PRACTITIONER_QA_M1_SKILL_04"",""OB_REVIEW_HM_01_EV_APP0124_FIRST_INTERVIEW_PRACTITIONER_QA_M1_SKILL_04"",""OB_REVIEW_ML_01_EV_APP0124_FIRST_INTERVIEW_PRACTITIONER_QA_M1_SKILL_05"",""OB_REVIEW_HM_01_EV_APP0124_FIRST_INTERVIEW_PRACTITIONER_QA_M1_SKILL_05"",""OB_REVIEW_ML_01_EV_APP0124_FIRST_INTERVIEW_PRACTITIONER_QA_M1_SKILL_06"",""OB_REVIEW_HM_01_EV_APP0124_FIRST_INTERVIEW_PRACTITIONER_QA_M1_SKILL_06"",""OB_REVIEW_ML_01_EV_APP0124_FIRST_INTERVIEW_PRACTITIONER_QA_M1_SKILL_08"",""OB_REVIEW_HM_01_EV_APP0124_FIRST_INTERVIEW_PRACTITIONER_QA_M1_SKILL_08""],""stage"":""FIRST_INTERVIEW""}"
APP0128_FIRST_INTERVIEW,APP0128,C0128,FIRST_INTERVIEW,2026-12-06T14:04:00+09:00,2026-12-08T14:04:00+09:00,2027-01-07T09:00:00+09:00,2027-01-07T10:25:00+09:00,2027-01-08T10:50:00+09:00,2027-01-08T10:50:00+09:00,,ADVANCED,FIRST_EVIDENCE_REVIEWED,,SYNTHETIC_HUMAN_SCENARIO,"{""criterion"":""REPEATED_DIRECT_TECHNICAL_LIMITATION"",""human_rationale"":""단계 활동과 관찰을 검토하여 다음 판단으로 진행한다. 미관찰은 부족/탈락과 동일하지 않다."",""observation_refs"":[""OB_REVIEW_ML_01_EV_APP0128_FIRST_INTERVIEW_TECHNICAL_ASSESSMENT_M1_SKILL_01"",""OB_REVIEW_HM_01_EV_APP0128_FIRST_INTERVIEW_TECHNICAL_ASSESSMENT_M1_SKILL_01"",""OB_REVIEW_ML_01_EV_APP0128_FIRST_INTERVIEW_TECHNICAL_ASSESSMENT_M1_SKILL_02"",""OB_REVIEW_HM_01_EV_APP0128_FIRST_INTERVIEW_TECHNICAL_ASSESSMENT_M1_SKILL_02"",""OB_REVIEW_ML_01_EV_APP0128_FIRST_INTERVIEW_TECHNICAL_ASSESSMENT_M1_SKILL_07"",""OB_REVIEW_HM_01_EV_APP0128_FIRST_INTERVIEW_TECHNICAL_ASSESSMENT_M1_SKILL_07"",""OB_REVIEW_ML_01_EV_APP0128_FIRST_INTERVIEW_AI_CASE_M1_SKILL_01"",""OB_REVIEW_HM_01_EV_APP0128_FIRST_INTERVIEW_AI_CASE_M1_SKILL_01"",""OB_REVIEW_ML_01_EV_APP0128_FIRST_INTERVIEW_AI_CASE_M1_SKILL_03"",""OB_REVIEW_HM_01_EV_APP0128_FIRST_INTERVIEW_AI_CASE_M1_SKILL_03"",""OB_REVIEW_ML_01_EV_APP0128_FIRST_INTERVIEW_PRACTITIONER_QA_M1_SKILL_04"",""OB_REVIEW_HM_01_EV_APP0128_FIRST_INTERVIEW_PRACTITIONER_QA_M1_SKILL_04"",""OB_REVIEW_ML_01_EV_APP0128_FIRST_INTERVIEW_PRACTITIONER_QA_M1_SKILL_05"",""OB_REVIEW_HM_01_EV_APP0128_FIRST_INTERVIEW_PRACTITIONER_QA_M1_SKILL_05"",""OB_REVIEW_ML_01_EV_APP0128_FIRST_INTERVIEW_PRACTITIONER_QA_M1_SKILL_06"",""OB_REVIEW_HM_01_EV_APP0128_FIRST_INTERVIEW_PRACTITIONER_QA_M1_SKILL_06"",""OB_REVIEW_ML_01_EV_APP0128_FIRST_INTERVIEW_PRACTITIONER_QA_M1_SKILL_08"",""OB_REVIEW_HM_01_EV_APP0128_FIRST_INTERVIEW_PRACTITIONER_QA_M1_SKILL_08""],""stage"":""FIRST_INTERVIEW""}"
APP0129_FIRST_INTERVIEW,APP0129,C0129,FIRST_INTERVIEW,2026-12-06T14:04:00+09:00,2026-12-08T14:04:00+09:00,2027-01-07T09:00:00+09:00,2027-01-07T10:25:00+09:00,2027-01-09T10:45:00+09:00,2027-01-11T10:45:00+09:00,,ADVANCED,FIRST_EVIDENCE_REVIEWED,,SYNTHETIC_HUMAN_SCENARIO,"{""criterion"":""REPEATED_DIRECT_TECHNICAL_LIMITATION"",""human_rationale"":""단계 활동과 관찰을 검토하여 다음 판단으로 진행한다. 미관찰은 부족/탈락과 동일하지 않다."",""observation_refs"":[""OB_REVIEW_ML_01_EV_APP0129_FIRST_INTERVIEW_TECHNICAL_ASSESSMENT_M1_SKILL_01"",""OB_REVIEW_HM_01_EV_APP0129_FIRST_INTERVIEW_TECHNICAL_ASSESSMENT_M1_SKILL_01"",""OB_REVIEW_ML_01_EV_APP0129_FIRST_INTERVIEW_TECHNICAL_ASSESSMENT_M1_SKILL_02"",""OB_REVIEW_HM_01_EV_APP0129_FIRST_INTERVIEW_TECHNICAL_ASSESSMENT_M1_SKILL_02"",""OB_REVIEW_ML_01_EV_APP0129_FIRST_INTERVIEW_TECHNICAL_ASSESSMENT_M1_SKILL_07"",""OB_REVIEW_HM_01_EV_APP0129_FIRST_INTERVIEW_TECHNICAL_ASSESSMENT_M1_SKILL_07"",""OB_REVIEW_ML_01_EV_APP0129_FIRST_INTERVIEW_AI_CASE_M1_SKILL_01"",""OB_REVIEW_HM_01_EV_APP0129_FIRST_INTERVIEW_AI_CASE_M1_SKILL_01"",""OB_REVIEW_ML_01_EV_APP0129_FIRST_INTERVIEW_AI_CASE_M1_SKILL_03"",""OB_REVIEW_HM_01_EV_APP0129_FIRST_INTERVIEW_AI_CASE_M1_SKILL_03"",""OB_REVIEW_ML_01_EV_APP0129_FIRST_INTERVIEW_PRACTITIONER_QA_M1_SKILL_04"",""OB_REVIEW_HM_01_EV_APP0129_FIRST_INTERVIEW_PRACTITIONER_QA_M1_SKILL_04"",""OB_REVIEW_ML_01_EV_APP0129_FIRST_INTERVIEW_PRACTITIONER_QA_M1_SKILL_05"",""OB_REVIEW_HM_01_EV_APP0129_FIRST_INTERVIEW_PRACTITIONER_QA_M1_SKILL_05"",""OB_REVIEW_ML_01_EV_APP0129_FIRST_INTERVIEW_PRACTITIONER_QA_M1_SKILL_06"",""OB_REVIEW_HM_01_EV_APP0129_FIRST_INTERVIEW_PRACTITIONER_QA_M1_SKILL_06"",""OB_REVIEW_ML_01_EV_APP0129_FIRST_INTERVIEW_PRACTITIONER_QA_M1_SKILL_08"",""OB_REVIEW_HM_01_EV_APP0129_FIRST_INTERVIEW_PRACTITIONER_QA_M1_SKILL_08""],""stage"":""FIRST_INTERVIEW""}"
APP0130_FIRST_INTERVIEW,APP0130,C0130,FIRST_INTERVIEW,2026-12-06T14:04:00+09:00,2026-12-08T14:04:00+09:00,2027-01-07T09:00:00+09:00,2027-01-07T10:20:00+09:00,2027-01-12T10:40:00+09:00,2027-01-14T10:40:00+09:00,,ADVANCED,FIRST_EVIDENCE_REVIEWED,,SYNTHETIC_HUMAN_SCENARIO,"{""criterion"":""REPEATED_DIRECT_TECHNICAL_LIMITATION"",""human_rationale"":""단계 활동과 관찰을 검토하여 다음 판단으로 진행한다. 미관찰은 부족/탈락과 동일하지 않다."",""observation_refs"":[""OB_REVIEW_ML_01_EV_APP0130_FIRST_INTERVIEW_TECHNICAL_ASSESSMENT_M1_SKILL_01"",""OB_REVIEW_HM_01_EV_APP0130_FIRST_INTERVIEW_TECHNICAL_ASSESSMENT_M1_SKILL_01"",""OB_REVIEW_ML_01_EV_APP0130_FIRST_INTERVIEW_TECHNICAL_ASSESSMENT_M1_SKILL_02"",""OB_REVIEW_HM_01_EV_APP0130_FIRST_INTERVIEW_TECHNICAL_ASSESSMENT_M1_SKILL_02"",""OB_REVIEW_ML_01_EV_APP0130_FIRST_INTERVIEW_TECHNICAL_ASSESSMENT_M1_SKILL_07"",""OB_REVIEW_HM_01_EV_APP0130_FIRST_INTERVIEW_TECHNICAL_ASSESSMENT_M1_SKILL_07"",""OB_REVIEW_ML_01_EV_APP0130_FIRST_INTERVIEW_AI_CASE_M1_SKILL_01"",""OB_REVIEW_HM_01_EV_APP0130_FIRST_INTERVIEW_AI_CASE_M1_SKILL_01"",""OB_REVIEW_ML_01_EV_APP0130_FIRST_INTERVIEW_AI_CASE_M1_SKILL_03"",""OB_REVIEW_HM_01_EV_APP0130_FIRST_INTERVIEW_AI_CASE_M1_SKILL_03"",""OB_REVIEW_ML_01_EV_APP0130_FIRST_INTERVIEW_PRACTITIONER_QA_M1_SKILL_04"",""OB_REVIEW_HM_01_EV_APP0130_FIRST_INTERVIEW_PRACTITIONER_QA_M1_SKILL_04"",""OB_REVIEW_ML_01_EV_APP0130_FIRST_INTERVIEW_PRACTITIONER_QA_M1_SKILL_05"",""OB_REVIEW_HM_01_EV_APP0130_FIRST_INTERVIEW_PRACTITIONER_QA_M1_SKILL_05"",""OB_REVIEW_ML_01_EV_APP0130_FIRST_INTERVIEW_PRACTITIONER_QA_M1_SKILL_06"",""OB_REVIEW_HM_01_EV_APP0130_FIRST_INTERVIEW_PRACTITIONER_QA_M1_SKILL_06"",""OB_REVIEW_ML_01_EV_APP0130_FIRST_INTERVIEW_PRACTITIONER_QA_M1_SKILL_08"",""OB_REVIEW_HM_01_EV_APP0130_FIRST_INTERVIEW_PRACTITIONER_QA_M1_SKILL_08""],""stage"":""FIRST_INTERVIEW""}"
APP0131_FIRST_INTERVIEW,APP0131,C0131,FIRST_INTERVIEW,2026-12-06T14:04:00+09:00,2026-12-08T14:04:00+09:00,2027-01-11T09:00:00+09:00,2027-01-11T10:15:00+09:00,2027-01-16T10:35:00+09:00,2027-01-20T10:35:00+09:00,,ADVANCED,FIRST_EVIDENCE_REVIEWED,,SYNTHETIC_HUMAN_SCENARIO,"{""criterion"":""REPEATED_DIRECT_TECHNICAL_LIMITATION"",""human_rationale"":""단계 활동과 관찰을 검토하여 다음 판단으로 진행한다. 미관찰은 부족/탈락과 동일하지 않다."",""observation_refs"":[""OB_REVIEW_ML_01_EV_APP0131_FIRST_INTERVIEW_TECHNICAL_ASSESSMENT_M1_SKILL_01"",""OB_REVIEW_HM_01_EV_APP0131_FIRST_INTERVIEW_TECHNICAL_ASSESSMENT_M1_SKILL_01"",""OB_REVIEW_ML_01_EV_APP0131_FIRST_INTERVIEW_TECHNICAL_ASSESSMENT_M1_SKILL_02"",""OB_REVIEW_HM_01_EV_APP0131_FIRST_INTERVIEW_TECHNICAL_ASSESSMENT_M1_SKILL_02"",""OB_REVIEW_ML_01_EV_APP0131_FIRST_INTERVIEW_TECHNICAL_ASSESSMENT_M1_SKILL_07"",""OB_REVIEW_HM_01_EV_APP0131_FIRST_INTERVIEW_TECHNICAL_ASSESSMENT_M1_SKILL_07"",""OB_REVIEW_ML_01_EV_APP0131_FIRST_INTERVIEW_AI_CASE_M1_SKILL_01"",""OB_REVIEW_HM_01_EV_APP0131_FIRST_INTERVIEW_AI_CASE_M1_SKILL_01"",""OB_REVIEW_ML_01_EV_APP0131_FIRST_INTERVIEW_AI_CASE_M1_SKILL_03"",""OB_REVIEW_HM_01_EV_APP0131_FIRST_INTERVIEW_AI_CASE_M1_SKILL_03"",""OB_REVIEW_ML_01_EV_APP0131_FIRST_INTERVIEW_PRACTITIONER_QA_M1_SKILL_04"",""OB_REVIEW_HM_01_EV_APP0131_FIRST_INTERVIEW_PRACTITIONER_QA_M1_SKILL_04"",""OB_REVIEW_ML_01_EV_APP0131_FIRST_INTERVIEW_PRACTITIONER_QA_M1_SKILL_05"",""OB_REVIEW_HM_01_EV_APP0131_FIRST_INTERVIEW_PRACTITIONER_QA_M1_SKILL_05"",""OB_REVIEW_ML_01_EV_APP0131_FIRST_INTERVIEW_PRACTITIONER_QA_M1_SKILL_06"",""OB_REVIEW_HM_01_EV_APP0131_FIRST_INTERVIEW_PRACTITIONER_QA_M1_SKILL_06"",""OB_REVIEW_ML_01_EV_APP0131_FIRST_INTERVIEW_PRACTITIONER_QA_M1_SKILL_08"",""OB_REVIEW_HM_01_EV_APP0131_FIRST_INTERVIEW_PRACTITIONER_QA_M1_SKILL_08""],""stage"":""FIRST_INTERVIEW""}"
APP0134_FIRST_INTERVIEW,APP0134,C0134,FIRST_INTERVIEW,2026-12-06T14:04:00+09:00,2026-12-08T14:04:00+09:00,2027-01-11T09:00:00+09:00,2027-01-11T10:25:00+09:00,2027-01-13T10:45:00+09:00,2027-01-17T10:45:00+09:00,,ADVANCED,FIRST_EVIDENCE_REVIEWED,,SYNTHETIC_HUMAN_SCENARIO,"{""criterion"":""REPEATED_DIRECT_TECHNICAL_LIMITATION"",""human_rationale"":""단계 활동과 관찰을 검토하여 다음 판단으로 진행한다. 미관찰은 부족/탈락과 동일하지 않다."",""observation_refs"":[""OB_REVIEW_ML_01_EV_APP0134_FIRST_INTERVIEW_TECHNICAL_ASSESSMENT_M1_SKILL_01"",""OB_REVIEW_HM_01_EV_APP0134_FIRST_INTERVIEW_TECHNICAL_ASSESSMENT_M1_SKILL_01"",""OB_REVIEW_ML_01_EV_APP0134_FIRST_INTERVIEW_TECHNICAL_ASSESSMENT_M1_SKILL_02"",""OB_REVIEW_HM_01_EV_APP0134_FIRST_INTERVIEW_TECHNICAL_ASSESSMENT_M1_SKILL_02"",""OB_REVIEW_ML_01_EV_APP0134_FIRST_INTERVIEW_TECHNICAL_ASSESSMENT_M1_SKILL_07"",""OB_REVIEW_HM_01_EV_APP0134_FIRST_INTERVIEW_TECHNICAL_ASSESSMENT_M1_SKILL_07"",""OB_REVIEW_ML_01_EV_APP0134_FIRST_INTERVIEW_AI_CASE_M1_SKILL_01"",""OB_REVIEW_HM_01_EV_APP0134_FIRST_INTERVIEW_AI_CASE_M1_SKILL_01"",""OB_REVIEW_ML_01_EV_APP0134_FIRST_INTERVIEW_AI_CASE_M1_SKILL_03"",""OB_REVIEW_HM_01_EV_APP0134_FIRST_INTERVIEW_AI_CASE_M1_SKILL_03"",""OB_REVIEW_ML_01_EV_APP0134_FIRST_INTERVIEW_PRACTITIONER_QA_M1_SKILL_04"",""OB_REVIEW_HM_01_EV_APP0134_FIRST_INTERVIEW_PRACTITIONER_QA_M1_SKILL_04"",""OB_REVIEW_ML_01_EV_APP0134_FIRST_INTERVIEW_PRACTITIONER_QA_M1_SKILL_05"",""OB_REVIEW_HM_01_EV_APP0134_FIRST_INTERVIEW_PRACTITIONER_QA_M1_SKILL_05"",""OB_REVIEW_ML_01_EV_APP0134_FIRST_INTERVIEW_PRACTITIONER_QA_M1_SKILL_06"",""OB_REVIEW_HM_01_EV_APP0134_FIRST_INTERVIEW_PRACTITIONER_QA_M1_SKILL_06"",""OB_REVIEW_ML_01_EV_APP0134_FIRST_INTERVIEW_PRACTITIONER_QA_M1_SKILL_08"",""OB_REVIEW_HM_01_EV_APP0134_FIRST_INTERVIEW_PRACTITIONER_QA_M1_SKILL_08""],""stage"":""FIRST_INTERVIEW""}"
APP0135_FIRST_INTERVIEW,APP0135,C0135,FIRST_INTERVIEW,2026-12-06T14:04:00+09:00,2026-12-08T14:04:00+09:00,2027-01-11T09:00:00+09:00,2027-01-11T10:30:00+09:00,2027-01-14T10:55:00+09:00,2027-01-18T10:55:00+09:00,,ADVANCED,FIRST_EVIDENCE_REVIEWED,,SYNTHETIC_HUMAN_SCENARIO,"{""criterion"":""REPEATED_DIRECT_TECHNICAL_LIMITATION"",""human_rationale"":""단계 활동과 관찰을 검토하여 다음 판단으로 진행한다. 미관찰은 부족/탈락과 동일하지 않다."",""observation_refs"":[""OB_REVIEW_ML_01_EV_APP0135_FIRST_INTERVIEW_TECHNICAL_ASSESSMENT_M1_SKILL_01"",""OB_REVIEW_HM_01_EV_APP0135_FIRST_INTERVIEW_TECHNICAL_ASSESSMENT_M1_SKILL_01"",""OB_REVIEW_ML_01_EV_APP0135_FIRST_INTERVIEW_TECHNICAL_ASSESSMENT_M1_SKILL_02"",""OB_REVIEW_HM_01_EV_APP0135_FIRST_INTERVIEW_TECHNICAL_ASSESSMENT_M1_SKILL_02"",""OB_REVIEW_ML_01_EV_APP0135_FIRST_INTERVIEW_TECHNICAL_ASSESSMENT_M1_SKILL_07"",""OB_REVIEW_HM_01_EV_APP0135_FIRST_INTERVIEW_TECHNICAL_ASSESSMENT_M1_SKILL_07"",""OB_REVIEW_ML_01_EV_APP0135_FIRST_INTERVIEW_AI_CASE_M1_SKILL_01"",""OB_REVIEW_HM_01_EV_APP0135_FIRST_INTERVIEW_AI_CASE_M1_SKILL_01"",""OB_REVIEW_ML_01_EV_APP0135_FIRST_INTERVIEW_AI_CASE_M1_SKILL_03"",""OB_REVIEW_HM_01_EV_APP0135_FIRST_INTERVIEW_AI_CASE_M1_SKILL_03"",""OB_REVIEW_ML_01_EV_APP0135_FIRST_INTERVIEW_PRACTITIONER_QA_M1_SKILL_04"",""OB_REVIEW_HM_01_EV_APP0135_FIRST_INTERVIEW_PRACTITIONER_QA_M1_SKILL_04"",""OB_REVIEW_ML_01_EV_APP0135_FIRST_INTERVIEW_PRACTITIONER_QA_M1_SKILL_05"",""OB_REVIEW_HM_01_EV_APP0135_FIRST_INTERVIEW_PRACTITIONER_QA_M1_SKILL_05"",""OB_REVIEW_ML_01_EV_APP0135_FIRST_INTERVIEW_PRACTITIONER_QA_M1_SKILL_06"",""OB_REVIEW_HM_01_EV_APP0135_FIRST_INTERVIEW_PRACTITIONER_QA_M1_SKILL_06"",""OB_REVIEW_ML_01_EV_APP0135_FIRST_INTERVIEW_PRACTITIONER_QA_M1_SKILL_08"",""OB_REVIEW_HM_01_EV_APP0135_FIRST_INTERVIEW_PRACTITIONER_QA_M1_SKILL_08""],""stage"":""FIRST_INTERVIEW""}"
APP0136_FIRST_INTERVIEW,APP0136,C0136,FIRST_INTERVIEW,2026-12-06T14:04:00+09:00,2026-12-08T14:04:00+09:00,2027-01-11T09:00:00+09:00,2027-01-11T10:20:00+09:00,2027-01-14T10:45:00+09:00,2027-01-15T10:45:00+09:00,,ADVANCED,FIRST_EVIDENCE_REVIEWED,,SYNTHETIC_HUMAN_SCENARIO,"{""criterion"":""REPEATED_DIRECT_TECHNICAL_LIMITATION"",""human_rationale"":""단계 활동과 관찰을 검토하여 다음 판단으로 진행한다. 미관찰은 부족/탈락과 동일하지 않다."",""observation_refs"":[""OB_REVIEW_ML_01_EV_APP0136_FIRST_INTERVIEW_TECHNICAL_ASSESSMENT_M1_SKILL_01"",""OB_REVIEW_HM_01_EV_APP0136_FIRST_INTERVIEW_TECHNICAL_ASSESSMENT_M1_SKILL_01"",""OB_REVIEW_ML_01_EV_APP0136_FIRST_INTERVIEW_TECHNICAL_ASSESSMENT_M1_SKILL_02"",""OB_REVIEW_HM_01_EV_APP0136_FIRST_INTERVIEW_TECHNICAL_ASSESSMENT_M1_SKILL_02"",""OB_REVIEW_ML_01_EV_APP0136_FIRST_INTERVIEW_TECHNICAL_ASSESSMENT_M1_SKILL_07"",""OB_REVIEW_HM_01_EV_APP0136_FIRST_INTERVIEW_TECHNICAL_ASSESSMENT_M1_SKILL_07"",""OB_REVIEW_ML_01_EV_APP0136_FIRST_INTERVIEW_AI_CASE_M1_SKILL_01"",""OB_REVIEW_HM_01_EV_APP0136_FIRST_INTERVIEW_AI_CASE_M1_SKILL_01"",""OB_REVIEW_ML_01_EV_APP0136_FIRST_INTERVIEW_AI_CASE_M1_SKILL_03"",""OB_REVIEW_HM_01_EV_APP0136_FIRST_INTERVIEW_AI_CASE_M1_SKILL_03"",""OB_REVIEW_ML_01_EV_APP0136_FIRST_INTERVIEW_PRACTITIONER_QA_M1_SKILL_04"",""OB_REVIEW_HM_01_EV_APP0136_FIRST_INTERVIEW_PRACTITIONER_QA_M1_SKILL_04"",""OB_REVIEW_ML_01_EV_APP0136_FIRST_INTERVIEW_PRACTITIONER_QA_M1_SKILL_05"",""OB_REVIEW_HM_01_EV_APP0136_FIRST_INTERVIEW_PRACTITIONER_QA_M1_SKILL_05"",""OB_REVIEW_ML_01_EV_APP0136_FIRST_INTERVIEW_PRACTITIONER_QA_M1_SKILL_06"",""OB_REVIEW_HM_01_EV_APP0136_FIRST_INTERVIEW_PRACTITIONER_QA_M1_SKILL_06"",""OB_REVIEW_ML_01_EV_APP0136_FIRST_INTERVIEW_PRACTITIONER_QA_M1_SKILL_08"",""OB_REVIEW_HM_01_EV_APP0136_FIRST_INTERVIEW_PRACTITIONER_QA_M1_SKILL_08""],""stage"":""FIRST_INTERVIEW""}"
APP0139_FIRST_INTERVIEW,APP0139,C0139,FIRST_INTERVIEW,2026-12-06T14:04:00+09:00,2026-12-08T14:04:00+09:00,2027-01-11T09:00:00+09:00,,,,,IN_PROGRESS,,,,"{""motive"":""UNKNOWN"",""operational_state"":""NO_RESPONSE_PENDING""}"
APP0140_FIRST_INTERVIEW,APP0140,C0140,FIRST_INTERVIEW,2026-12-06T14:04:00+09:00,2026-12-08T14:04:00+09:00,2027-01-11T09:00:00+09:00,2027-01-11T10:15:00+09:00,2027-01-14T10:40:00+09:00,2027-01-15T10:40:00+09:00,,ADVANCED,FIRST_EVIDENCE_REVIEWED,,SYNTHETIC_HUMAN_SCENARIO,"{""criterion"":""REPEATED_DIRECT_TECHNICAL_LIMITATION"",""human_rationale"":""단계 활동과 관찰을 검토하여 다음 판단으로 진행한다. 미관찰은 부족/탈락과 동일하지 않다."",""observation_refs"":[""OB_REVIEW_ML_01_EV_APP0140_FIRST_INTERVIEW_TECHNICAL_ASSESSMENT_M1_SKILL_01"",""OB_REVIEW_HM_01_EV_APP0140_FIRST_INTERVIEW_TECHNICAL_ASSESSMENT_M1_SKILL_01"",""OB_REVIEW_ML_01_EV_APP0140_FIRST_INTERVIEW_TECHNICAL_ASSESSMENT_M1_SKILL_02"",""OB_REVIEW_HM_01_EV_APP0140_FIRST_INTERVIEW_TECHNICAL_ASSESSMENT_M1_SKILL_02"",""OB_REVIEW_ML_01_EV_APP0140_FIRST_INTERVIEW_TECHNICAL_ASSESSMENT_M1_SKILL_07"",""OB_REVIEW_HM_01_EV_APP0140_FIRST_INTERVIEW_TECHNICAL_ASSESSMENT_M1_SKILL_07"",""OB_REVIEW_ML_01_EV_APP0140_FIRST_INTERVIEW_AI_CASE_M1_SKILL_01"",""OB_REVIEW_HM_01_EV_APP0140_FIRST_INTERVIEW_AI_CASE_M1_SKILL_01"",""OB_REVIEW_ML_01_EV_APP0140_FIRST_INTERVIEW_AI_CASE_M1_SKILL_03"",""OB_REVIEW_HM_01_EV_APP0140_FIRST_INTERVIEW_AI_CASE_M1_SKILL_03"",""OB_REVIEW_ML_01_EV_APP0140_FIRST_INTERVIEW_PRACTITIONER_QA_M1_SKILL_04"",""OB_REVIEW_HM_01_EV_APP0140_FIRST_INTERVIEW_PRACTITIONER_QA_M1_SKILL_04"",""OB_REVIEW_ML_01_EV_APP0140_FIRST_INTERVIEW_PRACTITIONER_QA_M1_SKILL_05"",""OB_REVIEW_HM_01_EV_APP0140_FIRST_INTERVIEW_PRACTITIONER_QA_M1_SKILL_05"",""OB_REVIEW_ML_01_EV_APP0140_FIRST_INTERVIEW_PRACTITIONER_QA_M1_SKILL_06"",""OB_REVIEW_HM_01_EV_APP0140_FIRST_INTERVIEW_PRACTITIONER_QA_M1_SKILL_06"",""OB_REVIEW_ML_01_EV_APP0140_FIRST_INTERVIEW_PRACTITIONER_QA_M1_SKILL_08"",""OB_REVIEW_HM_01_EV_APP0140_FIRST_INTERVIEW_PRACTITIONER_QA_M1_SKILL_08""],""stage"":""FIRST_INTERVIEW""}"
APP0141_FIRST_INTERVIEW,APP0141,C0141,FIRST_INTERVIEW,2026-12-06T14:04:00+09:00,2026-12-08T14:04:00+09:00,2027-01-11T09:00:00+09:00,2027-01-11T10:30:00+09:00,2027-01-12T10:50:00+09:00,2027-01-16T10:50:00+09:00,,ADVANCED,FIRST_EVIDENCE_REVIEWED,,SYNTHETIC_HUMAN_SCENARIO,"{""criterion"":""REPEATED_DIRECT_TECHNICAL_LIMITATION"",""human_rationale"":""단계 활동과 관찰을 검토하여 다음 판단으로 진행한다. 미관찰은 부족/탈락과 동일하지 않다."",""observation_refs"":[""OB_REVIEW_ML_01_EV_APP0141_FIRST_INTERVIEW_TECHNICAL_ASSESSMENT_M1_SKILL_01"",""OB_REVIEW_HM_01_EV_APP0141_FIRST_INTERVIEW_TECHNICAL_ASSESSMENT_M1_SKILL_01"",""OB_REVIEW_ML_01_EV_APP0141_FIRST_INTERVIEW_TECHNICAL_ASSESSMENT_M1_SKILL_02"",""OB_REVIEW_HM_01_EV_APP0141_FIRST_INTERVIEW_TECHNICAL_ASSESSMENT_M1_SKILL_02"",""OB_REVIEW_ML_01_EV_APP0141_FIRST_INTERVIEW_TECHNICAL_ASSESSMENT_M1_SKILL_07"",""OB_REVIEW_HM_01_EV_APP0141_FIRST_INTERVIEW_TECHNICAL_ASSESSMENT_M1_SKILL_07"",""OB_REVIEW_ML_01_EV_APP0141_FIRST_INTERVIEW_AI_CASE_M1_SKILL_01"",""OB_REVIEW_HM_01_EV_APP0141_FIRST_INTERVIEW_AI_CASE_M1_SKILL_01"",""OB_REVIEW_ML_01_EV_APP0141_FIRST_INTERVIEW_AI_CASE_M1_SKILL_03"",""OB_REVIEW_HM_01_EV_APP0141_FIRST_INTERVIEW_AI_CASE_M1_SKILL_03"",""OB_REVIEW_ML_01_EV_APP0141_FIRST_INTERVIEW_PRACTITIONER_QA_M1_SKILL_04"",""OB_REVIEW_HM_01_EV_APP0141_FIRST_INTERVIEW_PRACTITIONER_QA_M1_SKILL_04"",""OB_REVIEW_ML_01_EV_APP0141_FIRST_INTERVIEW_PRACTITIONER_QA_M1_SKILL_05"",""OB_REVIEW_HM_01_EV_APP0141_FIRST_INTERVIEW_PRACTITIONER_QA_M1_SKILL_05"",""OB_REVIEW_ML_01_EV_APP0141_FIRST_INTERVIEW_PRACTITIONER_QA_M1_SKILL_06"",""OB_REVIEW_HM_01_EV_APP0141_FIRST_INTERVIEW_PRACTITIONER_QA_M1_SKILL_06"",""OB_REVIEW_ML_01_EV_APP0141_FIRST_INTERVIEW_PRACTITIONER_QA_M1_SKILL_08"",""OB_REVIEW_HM_01_EV_APP0141_FIRST_INTERVIEW_PRACTITIONER_QA_M1_SKILL_08""],""stage"":""FIRST_INTERVIEW""}"
APP0142_FIRST_INTERVIEW,APP0142,C0142,FIRST_INTERVIEW,2026-12-06T14:04:00+09:00,2026-12-08T14:04:00+09:00,2027-01-11T09:00:00+09:00,2027-01-11T10:20:00+09:00,2027-01-13T10:40:00+09:00,2027-01-13T10:40:00+09:00,,ADVANCED,FIRST_EVIDENCE_REVIEWED,,SYNTHETIC_HUMAN_SCENARIO,"{""criterion"":""REPEATED_DIRECT_TECHNICAL_LIMITATION"",""human_rationale"":""단계 활동과 관찰을 검토하여 다음 판단으로 진행한다. 미관찰은 부족/탈락과 동일하지 않다."",""observation_refs"":[""OB_REVIEW_ML_01_EV_APP0142_FIRST_INTERVIEW_TECHNICAL_ASSESSMENT_M1_SKILL_01"",""OB_REVIEW_HM_01_EV_APP0142_FIRST_INTERVIEW_TECHNICAL_ASSESSMENT_M1_SKILL_01"",""OB_REVIEW_ML_01_EV_APP0142_FIRST_INTERVIEW_TECHNICAL_ASSESSMENT_M1_SKILL_02"",""OB_REVIEW_HM_01_EV_APP0142_FIRST_INTERVIEW_TECHNICAL_ASSESSMENT_M1_SKILL_02"",""OB_REVIEW_ML_01_EV_APP0142_FIRST_INTERVIEW_TECHNICAL_ASSESSMENT_M1_SKILL_07"",""OB_REVIEW_HM_01_EV_APP0142_FIRST_INTERVIEW_TECHNICAL_ASSESSMENT_M1_SKILL_07"",""OB_REVIEW_ML_01_EV_APP0142_FIRST_INTERVIEW_AI_CASE_M1_SKILL_01"",""OB_REVIEW_HM_01_EV_APP0142_FIRST_INTERVIEW_AI_CASE_M1_SKILL_01"",""OB_REVIEW_ML_01_EV_APP0142_FIRST_INTERVIEW_AI_CASE_M1_SKILL_03"",""OB_REVIEW_HM_01_EV_APP0142_FIRST_INTERVIEW_AI_CASE_M1_SKILL_03"",""OB_REVIEW_ML_01_EV_APP0142_FIRST_INTERVIEW_PRACTITIONER_QA_M1_SKILL_04"",""OB_REVIEW_HM_01_EV_APP0142_FIRST_INTERVIEW_PRACTITIONER_QA_M1_SKILL_04"",""OB_REVIEW_ML_01_EV_APP0142_FIRST_INTERVIEW_PRACTITIONER_QA_M1_SKILL_05"",""OB_REVIEW_HM_01_EV_APP0142_FIRST_INTERVIEW_PRACTITIONER_QA_M1_SKILL_05"",""OB_REVIEW_ML_01_EV_APP0142_FIRST_INTERVIEW_PRACTITIONER_QA_M1_SKILL_06"",""OB_REVIEW_HM_01_EV_APP0142_FIRST_INTERVIEW_PRACTITIONER_QA_M1_SKILL_06"",""OB_REVIEW_ML_01_EV_APP0142_FIRST_INTERVIEW_PRACTITIONER_QA_M1_SKILL_08"",""OB_REVIEW_HM_01_EV_APP0142_FIRST_INTERVIEW_PRACTITIONER_QA_M1_SKILL_08""],""stage"":""FIRST_INTERVIEW""}"
APP0143_FIRST_INTERVIEW,APP0143,C0143,FIRST_INTERVIEW,2026-12-06T14:04:00+09:00,2026-12-08T14:04:00+09:00,2027-01-11T09:00:00+09:00,2027-01-11T10:30:00+09:00,2027-01-12T10:45:00+09:00,2027-01-13T10:45:00+09:00,,ADVANCED,FIRST_EVIDENCE_REVIEWED,,SYNTHETIC_HUMAN_SCENARIO,"{""criterion"":""REPEATED_DIRECT_TECHNICAL_LIMITATION"",""human_rationale"":""단계 활동과 관찰을 검토하여 다음 판단으로 진행한다. 미관찰은 부족/탈락과 동일하지 않다."",""observation_refs"":[""OB_REVIEW_ML_01_EV_APP0143_FIRST_INTERVIEW_TECHNICAL_ASSESSMENT_M1_SKILL_01"",""OB_REVIEW_HM_01_EV_APP0143_FIRST_INTERVIEW_TECHNICAL_ASSESSMENT_M1_SKILL_01"",""OB_REVIEW_ML_01_EV_APP0143_FIRST_INTERVIEW_TECHNICAL_ASSESSMENT_M1_SKILL_02"",""OB_REVIEW_HM_01_EV_APP0143_FIRST_INTERVIEW_TECHNICAL_ASSESSMENT_M1_SKILL_02"",""OB_REVIEW_ML_01_EV_APP0143_FIRST_INTERVIEW_TECHNICAL_ASSESSMENT_M1_SKILL_07"",""OB_REVIEW_HM_01_EV_APP0143_FIRST_INTERVIEW_TECHNICAL_ASSESSMENT_M1_SKILL_07"",""OB_REVIEW_ML_01_EV_APP0143_FIRST_INTERVIEW_AI_CASE_M1_SKILL_01"",""OB_REVIEW_HM_01_EV_APP0143_FIRST_INTERVIEW_AI_CASE_M1_SKILL_01"",""OB_REVIEW_ML_01_EV_APP0143_FIRST_INTERVIEW_AI_CASE_M1_SKILL_03"",""OB_REVIEW_HM_01_EV_APP0143_FIRST_INTERVIEW_AI_CASE_M1_SKILL_03"",""OB_REVIEW_ML_01_EV_APP0143_FIRST_INTERVIEW_PRACTITIONER_QA_M1_SKILL_04"",""OB_REVIEW_HM_01_EV_APP0143_FIRST_INTERVIEW_PRACTITIONER_QA_M1_SKILL_04"",""OB_REVIEW_ML_01_EV_APP0143_FIRST_INTERVIEW_PRACTITIONER_QA_M1_SKILL_05"",""OB_REVIEW_HM_01_EV_APP0143_FIRST_INTERVIEW_PRACTITIONER_QA_M1_SKILL_05"",""OB_REVIEW_ML_01_EV_APP0143_FIRST_INTERVIEW_PRACTITIONER_QA_M1_SKILL_06"",""OB_REVIEW_HM_01_EV_APP0143_FIRST_INTERVIEW_PRACTITIONER_QA_M1_SKILL_06"",""OB_REVIEW_ML_01_EV_APP0143_FIRST_INTERVIEW_PRACTITIONER_QA_M1_SKILL_08"",""OB_REVIEW_HM_01_EV_APP0143_FIRST_INTERVIEW_PRACTITIONER_QA_M1_SKILL_08""],""stage"":""FIRST_INTERVIEW""}"
APP0146_FIRST_INTERVIEW,APP0146,C0146,FIRST_INTERVIEW,2026-12-06T14:04:00+09:00,2026-12-08T14:04:00+09:00,2027-01-11T09:00:00+09:00,2027-01-11T10:30:00+09:00,2027-01-13T10:50:00+09:00,2027-01-15T10:50:00+09:00,,ADVANCED,FIRST_EVIDENCE_REVIEWED,,SYNTHETIC_HUMAN_SCENARIO,"{""criterion"":""REPEATED_DIRECT_TECHNICAL_LIMITATION"",""human_rationale"":""단계 활동과 관찰을 검토하여 다음 판단으로 진행한다. 미관찰은 부족/탈락과 동일하지 않다."",""observation_refs"":[""OB_REVIEW_ML_01_EV_APP0146_FIRST_INTERVIEW_TECHNICAL_ASSESSMENT_M1_SKILL_01"",""OB_REVIEW_HM_01_EV_APP0146_FIRST_INTERVIEW_TECHNICAL_ASSESSMENT_M1_SKILL_01"",""OB_REVIEW_ML_01_EV_APP0146_FIRST_INTERVIEW_TECHNICAL_ASSESSMENT_M1_SKILL_02"",""OB_REVIEW_HM_01_EV_APP0146_FIRST_INTERVIEW_TECHNICAL_ASSESSMENT_M1_SKILL_02"",""OB_REVIEW_ML_01_EV_APP0146_FIRST_INTERVIEW_TECHNICAL_ASSESSMENT_M1_SKILL_07"",""OB_REVIEW_HM_01_EV_APP0146_FIRST_INTERVIEW_TECHNICAL_ASSESSMENT_M1_SKILL_07"",""OB_REVIEW_ML_01_EV_APP0146_FIRST_INTERVIEW_AI_CASE_M1_SKILL_01"",""OB_REVIEW_HM_01_EV_APP0146_FIRST_INTERVIEW_AI_CASE_M1_SKILL_01"",""OB_REVIEW_ML_01_EV_APP0146_FIRST_INTERVIEW_AI_CASE_M1_SKILL_03"",""OB_REVIEW_HM_01_EV_APP0146_FIRST_INTERVIEW_AI_CASE_M1_SKILL_03"",""OB_REVIEW_ML_01_EV_APP0146_FIRST_INTERVIEW_PRACTITIONER_QA_M1_SKILL_04"",""OB_REVIEW_HM_01_EV_APP0146_FIRST_INTERVIEW_PRACTITIONER_QA_M1_SKILL_04"",""OB_REVIEW_ML_01_EV_APP0146_FIRST_INTERVIEW_PRACTITIONER_QA_M1_SKILL_05"",""OB_REVIEW_HM_01_EV_APP0146_FIRST_INTERVIEW_PRACTITIONER_QA_M1_SKILL_05"",""OB_REVIEW_ML_01_EV_APP0146_FIRST_INTERVIEW_PRACTITIONER_QA_M1_SKILL_06"",""OB_REVIEW_HM_01_EV_APP0146_FIRST_INTERVIEW_PRACTITIONER_QA_M1_SKILL_06"",""OB_REVIEW_ML_01_EV_APP0146_FIRST_INTERVIEW_PRACTITIONER_QA_M1_SKILL_08"",""OB_REVIEW_HM_01_EV_APP0146_FIRST_INTERVIEW_PRACTITIONER_QA_M1_SKILL_08""],""stage"":""FIRST_INTERVIEW""}"
APP0148_FIRST_INTERVIEW,APP0148,C0148,FIRST_INTERVIEW,2026-12-06T14:04:00+09:00,2026-12-08T14:04:00+09:00,2027-01-14T09:00:00+09:00,2027-01-14T10:25:00+09:00,2027-01-15T10:40:00+09:00,2027-01-17T10:40:00+09:00,,ADVANCED,FIRST_EVIDENCE_REVIEWED,,SYNTHETIC_HUMAN_SCENARIO,"{""criterion"":""REPEATED_DIRECT_TECHNICAL_LIMITATION"",""human_rationale"":""단계 활동과 관찰을 검토하여 다음 판단으로 진행한다. 미관찰은 부족/탈락과 동일하지 않다."",""observation_refs"":[""OB_REVIEW_ML_01_EV_APP0148_FIRST_INTERVIEW_TECHNICAL_ASSESSMENT_M1_SKILL_01"",""OB_REVIEW_HM_01_EV_APP0148_FIRST_INTERVIEW_TECHNICAL_ASSESSMENT_M1_SKILL_01"",""OB_REVIEW_ML_01_EV_APP0148_FIRST_INTERVIEW_TECHNICAL_ASSESSMENT_M1_SKILL_02"",""OB_REVIEW_HM_01_EV_APP0148_FIRST_INTERVIEW_TECHNICAL_ASSESSMENT_M1_SKILL_02"",""OB_REVIEW_ML_01_EV_APP0148_FIRST_INTERVIEW_TECHNICAL_ASSESSMENT_M1_SKILL_07"",""OB_REVIEW_HM_01_EV_APP0148_FIRST_INTERVIEW_TECHNICAL_ASSESSMENT_M1_SKILL_07"",""OB_REVIEW_ML_01_EV_APP0148_FIRST_INTERVIEW_AI_CASE_M1_SKILL_01"",""OB_REVIEW_HM_01_EV_APP0148_FIRST_INTERVIEW_AI_CASE_M1_SKILL_01"",""OB_REVIEW_ML_01_EV_APP0148_FIRST_INTERVIEW_AI_CASE_M1_SKILL_03"",""OB_REVIEW_HM_01_EV_APP0148_FIRST_INTERVIEW_AI_CASE_M1_SKILL_03"",""OB_REVIEW_ML_01_EV_APP0148_FIRST_INTERVIEW_PRACTITIONER_QA_M1_SKILL_04"",""OB_REVIEW_HM_01_EV_APP0148_FIRST_INTERVIEW_PRACTITIONER_QA_M1_SKILL_04"",""OB_REVIEW_ML_01_EV_APP0148_FIRST_INTERVIEW_PRACTITIONER_QA_M1_SKILL_05"",""OB_REVIEW_HM_01_EV_APP0148_FIRST_INTERVIEW_PRACTITIONER_QA_M1_SKILL_05"",""OB_REVIEW_ML_01_EV_APP0148_FIRST_INTERVIEW_PRACTITIONER_QA_M1_SKILL_06"",""OB_REVIEW_HM_01_EV_APP0148_FIRST_INTERVIEW_PRACTITIONER_QA_M1_SKILL_06"",""OB_REVIEW_ML_01_EV_APP0148_FIRST_INTERVIEW_PRACTITIONER_QA_M1_SKILL_08"",""OB_REVIEW_HM_01_EV_APP0148_FIRST_INTERVIEW_PRACTITIONER_QA_M1_SKILL_08""],""stage"":""FIRST_INTERVIEW""}"
APP0149_FIRST_INTERVIEW,APP0149,C0149,FIRST_INTERVIEW,2026-12-06T14:04:00+09:00,2026-12-08T14:04:00+09:00,2027-01-14T09:00:00+09:00,2027-01-14T10:20:00+09:00,2027-01-16T10:45:00+09:00,2027-01-17T10:45:00+09:00,,ADVANCED,FIRST_EVIDENCE_REVIEWED,,SYNTHETIC_HUMAN_SCENARIO,"{""criterion"":""REPEATED_DIRECT_TECHNICAL_LIMITATION"",""human_rationale"":""단계 활동과 관찰을 검토하여 다음 판단으로 진행한다. 미관찰은 부족/탈락과 동일하지 않다."",""observation_refs"":[""OB_REVIEW_ML_01_EV_APP0149_FIRST_INTERVIEW_TECHNICAL_ASSESSMENT_M1_SKILL_01"",""OB_REVIEW_HM_01_EV_APP0149_FIRST_INTERVIEW_TECHNICAL_ASSESSMENT_M1_SKILL_01"",""OB_REVIEW_ML_01_EV_APP0149_FIRST_INTERVIEW_TECHNICAL_ASSESSMENT_M1_SKILL_02"",""OB_REVIEW_HM_01_EV_APP0149_FIRST_INTERVIEW_TECHNICAL_ASSESSMENT_M1_SKILL_02"",""OB_REVIEW_ML_01_EV_APP0149_FIRST_INTERVIEW_TECHNICAL_ASSESSMENT_M1_SKILL_07"",""OB_REVIEW_HM_01_EV_APP0149_FIRST_INTERVIEW_TECHNICAL_ASSESSMENT_M1_SKILL_07"",""OB_REVIEW_ML_01_EV_APP0149_FIRST_INTERVIEW_AI_CASE_M1_SKILL_01"",""OB_REVIEW_HM_01_EV_APP0149_FIRST_INTERVIEW_AI_CASE_M1_SKILL_01"",""OB_REVIEW_ML_01_EV_APP0149_FIRST_INTERVIEW_AI_CASE_M1_SKILL_03"",""OB_REVIEW_HM_01_EV_APP0149_FIRST_INTERVIEW_AI_CASE_M1_SKILL_03"",""OB_REVIEW_ML_01_EV_APP0149_FIRST_INTERVIEW_PRACTITIONER_QA_M1_SKILL_04"",""OB_REVIEW_HM_01_EV_APP0149_FIRST_INTERVIEW_PRACTITIONER_QA_M1_SKILL_04"",""OB_REVIEW_ML_01_EV_APP0149_FIRST_INTERVIEW_PRACTITIONER_QA_M1_SKILL_05"",""OB_REVIEW_HM_01_EV_APP0149_FIRST_INTERVIEW_PRACTITIONER_QA_M1_SKILL_05"",""OB_REVIEW_ML_01_EV_APP0149_FIRST_INTERVIEW_PRACTITIONER_QA_M1_SKILL_06"",""OB_REVIEW_HM_01_EV_APP0149_FIRST_INTERVIEW_PRACTITIONER_QA_M1_SKILL_06"",""OB_REVIEW_ML_01_EV_APP0149_FIRST_INTERVIEW_PRACTITIONER_QA_M1_SKILL_08"",""OB_REVIEW_HM_01_EV_APP0149_FIRST_INTERVIEW_PRACTITIONER_QA_M1_SKILL_08""],""stage"":""FIRST_INTERVIEW""}"
APP0150_FIRST_INTERVIEW,APP0150,C0150,FIRST_INTERVIEW,2026-12-06T14:04:00+09:00,2026-12-08T14:04:00+09:00,2027-01-14T09:00:00+09:00,2027-01-14T10:25:00+09:00,2027-01-19T10:50:00+09:00,2027-01-19T10:50:00+09:00,,ADVANCED,FIRST_EVIDENCE_REVIEWED,,SYNTHETIC_HUMAN_SCENARIO,"{""criterion"":""REPEATED_DIRECT_TECHNICAL_LIMITATION"",""human_rationale"":""단계 활동과 관찰을 검토하여 다음 판단으로 진행한다. 미관찰은 부족/탈락과 동일하지 않다."",""observation_refs"":[""OB_REVIEW_ML_01_EV_APP0150_FIRST_INTERVIEW_TECHNICAL_ASSESSMENT_M1_SKILL_01"",""OB_REVIEW_HM_01_EV_APP0150_FIRST_INTERVIEW_TECHNICAL_ASSESSMENT_M1_SKILL_01"",""OB_REVIEW_ML_01_EV_APP0150_FIRST_INTERVIEW_TECHNICAL_ASSESSMENT_M1_SKILL_02"",""OB_REVIEW_HM_01_EV_APP0150_FIRST_INTERVIEW_TECHNICAL_ASSESSMENT_M1_SKILL_02"",""OB_REVIEW_ML_01_EV_APP0150_FIRST_INTERVIEW_TECHNICAL_ASSESSMENT_M1_SKILL_07"",""OB_REVIEW_HM_01_EV_APP0150_FIRST_INTERVIEW_TECHNICAL_ASSESSMENT_M1_SKILL_07"",""OB_REVIEW_ML_01_EV_APP0150_FIRST_INTERVIEW_AI_CASE_M1_SKILL_01"",""OB_REVIEW_HM_01_EV_APP0150_FIRST_INTERVIEW_AI_CASE_M1_SKILL_01"",""OB_REVIEW_ML_01_EV_APP0150_FIRST_INTERVIEW_AI_CASE_M1_SKILL_03"",""OB_REVIEW_HM_01_EV_APP0150_FIRST_INTERVIEW_AI_CASE_M1_SKILL_03"",""OB_REVIEW_ML_01_EV_APP0150_FIRST_INTERVIEW_PRACTITIONER_QA_M1_SKILL_04"",""OB_REVIEW_HM_01_EV_APP0150_FIRST_INTERVIEW_PRACTITIONER_QA_M1_SKILL_04"",""OB_REVIEW_ML_01_EV_APP0150_FIRST_INTERVIEW_PRACTITIONER_QA_M1_SKILL_05"",""OB_REVIEW_HM_01_EV_APP0150_FIRST_INTERVIEW_PRACTITIONER_QA_M1_SKILL_05"",""OB_REVIEW_ML_01_EV_APP0150_FIRST_INTERVIEW_PRACTITIONER_QA_M1_SKILL_06"",""OB_REVIEW_HM_01_EV_APP0150_FIRST_INTERVIEW_PRACTITIONER_QA_M1_SKILL_06"",""OB_REVIEW_ML_01_EV_APP0150_FIRST_INTERVIEW_PRACTITIONER_QA_M1_SKILL_08"",""OB_REVIEW_HM_01_EV_APP0150_FIRST_INTERVIEW_PRACTITIONER_QA_M1_SKILL_08""],""stage"":""FIRST_INTERVIEW""}"
APP0151_FIRST_INTERVIEW,APP0151,C0151,FIRST_INTERVIEW,2026-12-06T14:04:00+09:00,2026-12-08T14:04:00+09:00,2027-01-14T09:00:00+09:00,2027-01-14T10:15:00+09:00,2027-01-16T10:40:00+09:00,2027-01-16T10:40:00+09:00,,ADVANCED,FIRST_EVIDENCE_REVIEWED,,SYNTHETIC_HUMAN_SCENARIO,"{""criterion"":""REPEATED_DIRECT_TECHNICAL_LIMITATION"",""human_rationale"":""단계 활동과 관찰을 검토하여 다음 판단으로 진행한다. 미관찰은 부족/탈락과 동일하지 않다."",""observation_refs"":[""OB_REVIEW_ML_01_EV_APP0151_FIRST_INTERVIEW_TECHNICAL_ASSESSMENT_M1_SKILL_01"",""OB_REVIEW_HM_01_EV_APP0151_FIRST_INTERVIEW_TECHNICAL_ASSESSMENT_M1_SKILL_01"",""OB_REVIEW_ML_01_EV_APP0151_FIRST_INTERVIEW_TECHNICAL_ASSESSMENT_M1_SKILL_02"",""OB_REVIEW_HM_01_EV_APP0151_FIRST_INTERVIEW_TECHNICAL_ASSESSMENT_M1_SKILL_02"",""OB_REVIEW_ML_01_EV_APP0151_FIRST_INTERVIEW_TECHNICAL_ASSESSMENT_M1_SKILL_07"",""OB_REVIEW_HM_01_EV_APP0151_FIRST_INTERVIEW_TECHNICAL_ASSESSMENT_M1_SKILL_07"",""OB_REVIEW_ML_01_EV_APP0151_FIRST_INTERVIEW_AI_CASE_M1_SKILL_01"",""OB_REVIEW_HM_01_EV_APP0151_FIRST_INTERVIEW_AI_CASE_M1_SKILL_01"",""OB_REVIEW_ML_01_EV_APP0151_FIRST_INTERVIEW_AI_CASE_M1_SKILL_03"",""OB_REVIEW_HM_01_EV_APP0151_FIRST_INTERVIEW_AI_CASE_M1_SKILL_03"",""OB_REVIEW_ML_01_EV_APP0151_FIRST_INTERVIEW_PRACTITIONER_QA_M1_SKILL_04"",""OB_REVIEW_HM_01_EV_APP0151_FIRST_INTERVIEW_PRACTITIONER_QA_M1_SKILL_04"",""OB_REVIEW_ML_01_EV_APP0151_FIRST_INTERVIEW_PRACTITIONER_QA_M1_SKILL_05"",""OB_REVIEW_HM_01_EV_APP0151_FIRST_INTERVIEW_PRACTITIONER_QA_M1_SKILL_05"",""OB_REVIEW_ML_01_EV_APP0151_FIRST_INTERVIEW_PRACTITIONER_QA_M1_SKILL_06"",""OB_REVIEW_HM_01_EV_APP0151_FIRST_INTERVIEW_PRACTITIONER_QA_M1_SKILL_06"",""OB_REVIEW_ML_01_EV_APP0151_FIRST_INTERVIEW_PRACTITIONER_QA_M1_SKILL_08"",""OB_REVIEW_HM_01_EV_APP0151_FIRST_INTERVIEW_PRACTITIONER_QA_M1_SKILL_08""],""stage"":""FIRST_INTERVIEW""}"
APP0152_FIRST_INTERVIEW,APP0152,C0152,FIRST_INTERVIEW,2026-12-06T14:04:00+09:00,2026-12-08T14:04:00+09:00,2027-01-14T09:00:00+09:00,2027-01-14T10:30:00+09:00,2027-01-17T10:55:00+09:00,2027-01-18T10:55:00+09:00,,ADVANCED,FIRST_EVIDENCE_REVIEWED,,SYNTHETIC_HUMAN_SCENARIO,"{""criterion"":""REPEATED_DIRECT_TECHNICAL_LIMITATION"",""human_rationale"":""단계 활동과 관찰을 검토하여 다음 판단으로 진행한다. 미관찰은 부족/탈락과 동일하지 않다."",""observation_refs"":[""OB_REVIEW_ML_01_EV_APP0152_FIRST_INTERVIEW_TECHNICAL_ASSESSMENT_M1_SKILL_01"",""OB_REVIEW_HM_01_EV_APP0152_FIRST_INTERVIEW_TECHNICAL_ASSESSMENT_M1_SKILL_01"",""OB_REVIEW_ML_01_EV_APP0152_FIRST_INTERVIEW_TECHNICAL_ASSESSMENT_M1_SKILL_02"",""OB_REVIEW_HM_01_EV_APP0152_FIRST_INTERVIEW_TECHNICAL_ASSESSMENT_M1_SKILL_02"",""OB_REVIEW_ML_01_EV_APP0152_FIRST_INTERVIEW_TECHNICAL_ASSESSMENT_M1_SKILL_07"",""OB_REVIEW_HM_01_EV_APP0152_FIRST_INTERVIEW_TECHNICAL_ASSESSMENT_M1_SKILL_07"",""OB_REVIEW_ML_01_EV_APP0152_FIRST_INTERVIEW_AI_CASE_M1_SKILL_01"",""OB_REVIEW_HM_01_EV_APP0152_FIRST_INTERVIEW_AI_CASE_M1_SKILL_01"",""OB_REVIEW_ML_01_EV_APP0152_FIRST_INTERVIEW_AI_CASE_M1_SKILL_03"",""OB_REVIEW_HM_01_EV_APP0152_FIRST_INTERVIEW_AI_CASE_M1_SKILL_03"",""OB_REVIEW_ML_01_EV_APP0152_FIRST_INTERVIEW_PRACTITIONER_QA_M1_SKILL_04"",""OB_REVIEW_HM_01_EV_APP0152_FIRST_INTERVIEW_PRACTITIONER_QA_M1_SKILL_04"",""OB_REVIEW_ML_01_EV_APP0152_FIRST_INTERVIEW_PRACTITIONER_QA_M1_SKILL_05"",""OB_REVIEW_HM_01_EV_APP0152_FIRST_INTERVIEW_PRACTITIONER_QA_M1_SKILL_05"",""OB_REVIEW_ML_01_EV_APP0152_FIRST_INTERVIEW_PRACTITIONER_QA_M1_SKILL_06"",""OB_REVIEW_HM_01_EV_APP0152_FIRST_INTERVIEW_PRACTITIONER_QA_M1_SKILL_06"",""OB_REVIEW_ML_01_EV_APP0152_FIRST_INTERVIEW_PRACTITIONER_QA_M1_SKILL_08"",""OB_REVIEW_HM_01_EV_APP0152_FIRST_INTERVIEW_PRACTITIONER_QA_M1_SKILL_08""],""stage"":""FIRST_INTERVIEW""}"
APP0153_FIRST_INTERVIEW,APP0153,C0153,FIRST_INTERVIEW,2026-12-06T14:04:00+09:00,2026-12-08T14:04:00+09:00,2027-01-14T09:00:00+09:00,2027-01-14T10:30:00+09:00,2027-01-17T10:50:00+09:00,2027-01-21T10:50:00+09:00,,ADVANCED,FIRST_EVIDENCE_REVIEWED,,SYNTHETIC_HUMAN_SCENARIO,"{""criterion"":""REPEATED_DIRECT_TECHNICAL_LIMITATION"",""human_rationale"":""단계 활동과 관찰을 검토하여 다음 판단으로 진행한다. 미관찰은 부족/탈락과 동일하지 않다."",""observation_refs"":[""OB_REVIEW_ML_01_EV_APP0153_FIRST_INTERVIEW_TECHNICAL_ASSESSMENT_M1_SKILL_01"",""OB_REVIEW_HM_01_EV_APP0153_FIRST_INTERVIEW_TECHNICAL_ASSESSMENT_M1_SKILL_01"",""OB_REVIEW_ML_01_EV_APP0153_FIRST_INTERVIEW_TECHNICAL_ASSESSMENT_M1_SKILL_02"",""OB_REVIEW_HM_01_EV_APP0153_FIRST_INTERVIEW_TECHNICAL_ASSESSMENT_M1_SKILL_02"",""OB_REVIEW_ML_01_EV_APP0153_FIRST_INTERVIEW_TECHNICAL_ASSESSMENT_M1_SKILL_07"",""OB_REVIEW_HM_01_EV_APP0153_FIRST_INTERVIEW_TECHNICAL_ASSESSMENT_M1_SKILL_07"",""OB_REVIEW_ML_01_EV_APP0153_FIRST_INTERVIEW_AI_CASE_M1_SKILL_01"",""OB_REVIEW_HM_01_EV_APP0153_FIRST_INTERVIEW_AI_CASE_M1_SKILL_01"",""OB_REVIEW_ML_01_EV_APP0153_FIRST_INTERVIEW_AI_CASE_M1_SKILL_03"",""OB_REVIEW_HM_01_EV_APP0153_FIRST_INTERVIEW_AI_CASE_M1_SKILL_03"",""OB_REVIEW_ML_01_EV_APP0153_FIRST_INTERVIEW_PRACTITIONER_QA_M1_SKILL_04"",""OB_REVIEW_HM_01_EV_APP0153_FIRST_INTERVIEW_PRACTITIONER_QA_M1_SKILL_04"",""OB_REVIEW_ML_01_EV_APP0153_FIRST_INTERVIEW_PRACTITIONER_QA_M1_SKILL_05"",""OB_REVIEW_HM_01_EV_APP0153_FIRST_INTERVIEW_PRACTITIONER_QA_M1_SKILL_05"",""OB_REVIEW_ML_01_EV_APP0153_FIRST_INTERVIEW_PRACTITIONER_QA_M1_SKILL_06"",""OB_REVIEW_HM_01_EV_APP0153_FIRST_INTERVIEW_PRACTITIONER_QA_M1_SKILL_06"",""OB_REVIEW_ML_01_EV_APP0153_FIRST_INTERVIEW_PRACTITIONER_QA_M1_SKILL_08"",""OB_REVIEW_HM_01_EV_APP0153_FIRST_INTERVIEW_PRACTITIONER_QA_M1_SKILL_08""],""stage"":""FIRST_INTERVIEW""}"
APP0154_FIRST_INTERVIEW,APP0154,C0154,FIRST_INTERVIEW,2026-12-06T14:04:00+09:00,2026-12-08T14:04:00+09:00,2027-01-14T09:00:00+09:00,2027-01-14T10:30:00+09:00,2027-01-19T10:50:00+09:00,2027-01-20T10:50:00+09:00,,ADVANCED,FIRST_EVIDENCE_REVIEWED,,SYNTHETIC_HUMAN_SCENARIO,"{""criterion"":""REPEATED_DIRECT_TECHNICAL_LIMITATION"",""human_rationale"":""단계 활동과 관찰을 검토하여 다음 판단으로 진행한다. 미관찰은 부족/탈락과 동일하지 않다."",""observation_refs"":[""OB_REVIEW_ML_01_EV_APP0154_FIRST_INTERVIEW_TECHNICAL_ASSESSMENT_M1_SKILL_01"",""OB_REVIEW_HM_01_EV_APP0154_FIRST_INTERVIEW_TECHNICAL_ASSESSMENT_M1_SKILL_01"",""OB_REVIEW_ML_01_EV_APP0154_FIRST_INTERVIEW_TECHNICAL_ASSESSMENT_M1_SKILL_02"",""OB_REVIEW_HM_01_EV_APP0154_FIRST_INTERVIEW_TECHNICAL_ASSESSMENT_M1_SKILL_02"",""OB_REVIEW_ML_01_EV_APP0154_FIRST_INTERVIEW_TECHNICAL_ASSESSMENT_M1_SKILL_07"",""OB_REVIEW_HM_01_EV_APP0154_FIRST_INTERVIEW_TECHNICAL_ASSESSMENT_M1_SKILL_07"",""OB_REVIEW_ML_01_EV_APP0154_FIRST_INTERVIEW_AI_CASE_M1_SKILL_01"",""OB_REVIEW_HM_01_EV_APP0154_FIRST_INTERVIEW_AI_CASE_M1_SKILL_01"",""OB_REVIEW_ML_01_EV_APP0154_FIRST_INTERVIEW_AI_CASE_M1_SKILL_03"",""OB_REVIEW_HM_01_EV_APP0154_FIRST_INTERVIEW_AI_CASE_M1_SKILL_03"",""OB_REVIEW_ML_01_EV_APP0154_FIRST_INTERVIEW_PRACTITIONER_QA_M1_SKILL_04"",""OB_REVIEW_HM_01_EV_APP0154_FIRST_INTERVIEW_PRACTITIONER_QA_M1_SKILL_04"",""OB_REVIEW_ML_01_EV_APP0154_FIRST_INTERVIEW_PRACTITIONER_QA_M1_SKILL_05"",""OB_REVIEW_HM_01_EV_APP0154_FIRST_INTERVIEW_PRACTITIONER_QA_M1_SKILL_05"",""OB_REVIEW_ML_01_EV_APP0154_FIRST_INTERVIEW_PRACTITIONER_QA_M1_SKILL_06"",""OB_REVIEW_HM_01_EV_APP0154_FIRST_INTERVIEW_PRACTITIONER_QA_M1_SKILL_06"",""OB_REVIEW_ML_01_EV_APP0154_FIRST_INTERVIEW_PRACTITIONER_QA_M1_SKILL_08"",""OB_REVIEW_HM_01_EV_APP0154_FIRST_INTERVIEW_PRACTITIONER_QA_M1_SKILL_08""],""stage"":""FIRST_INTERVIEW""}"
APP0155_FIRST_INTERVIEW,APP0155,C0155,FIRST_INTERVIEW,2026-12-06T14:04:00+09:00,2026-12-08T14:04:00+09:00,2027-01-14T09:00:00+09:00,2027-01-14T10:15:00+09:00,2027-01-16T10:30:00+09:00,2027-01-17T10:30:00+09:00,,ADVANCED,FIRST_EVIDENCE_REVIEWED,,SYNTHETIC_HUMAN_SCENARIO,"{""criterion"":""REPEATED_DIRECT_TECHNICAL_LIMITATION"",""human_rationale"":""단계 활동과 관찰을 검토하여 다음 판단으로 진행한다. 미관찰은 부족/탈락과 동일하지 않다."",""observation_refs"":[""OB_REVIEW_ML_01_EV_APP0155_FIRST_INTERVIEW_TECHNICAL_ASSESSMENT_M1_SKILL_01"",""OB_REVIEW_HM_01_EV_APP0155_FIRST_INTERVIEW_TECHNICAL_ASSESSMENT_M1_SKILL_01"",""OB_REVIEW_ML_01_EV_APP0155_FIRST_INTERVIEW_TECHNICAL_ASSESSMENT_M1_SKILL_02"",""OB_REVIEW_HM_01_EV_APP0155_FIRST_INTERVIEW_TECHNICAL_ASSESSMENT_M1_SKILL_02"",""OB_REVIEW_ML_01_EV_APP0155_FIRST_INTERVIEW_TECHNICAL_ASSESSMENT_M1_SKILL_07"",""OB_REVIEW_HM_01_EV_APP0155_FIRST_INTERVIEW_TECHNICAL_ASSESSMENT_M1_SKILL_07"",""OB_REVIEW_ML_01_EV_APP0155_FIRST_INTERVIEW_AI_CASE_M1_SKILL_01"",""OB_REVIEW_HM_01_EV_APP0155_FIRST_INTERVIEW_AI_CASE_M1_SKILL_01"",""OB_REVIEW_ML_01_EV_APP0155_FIRST_INTERVIEW_AI_CASE_M1_SKILL_03"",""OB_REVIEW_HM_01_EV_APP0155_FIRST_INTERVIEW_AI_CASE_M1_SKILL_03"",""OB_REVIEW_ML_01_EV_APP0155_FIRST_INTERVIEW_PRACTITIONER_QA_M1_SKILL_04"",""OB_REVIEW_HM_01_EV_APP0155_FIRST_INTERVIEW_PRACTITIONER_QA_M1_SKILL_04"",""OB_REVIEW_ML_01_EV_APP0155_FIRST_INTERVIEW_PRACTITIONER_QA_M1_SKILL_05"",""OB_REVIEW_HM_01_EV_APP0155_FIRST_INTERVIEW_PRACTITIONER_QA_M1_SKILL_05"",""OB_REVIEW_ML_01_EV_APP0155_FIRST_INTERVIEW_PRACTITIONER_QA_M1_SKILL_06"",""OB_REVIEW_HM_01_EV_APP0155_FIRST_INTERVIEW_PRACTITIONER_QA_M1_SKILL_06"",""OB_REVIEW_ML_01_EV_APP0155_FIRST_INTERVIEW_PRACTITIONER_QA_M1_SKILL_08"",""OB_REVIEW_HM_01_EV_APP0155_FIRST_INTERVIEW_PRACTITIONER_QA_M1_SKILL_08""],""stage"":""FIRST_INTERVIEW""}"
APP0159_FIRST_INTERVIEW,APP0159,C0159,FIRST_INTERVIEW,2026-12-06T14:04:00+09:00,2026-12-08T14:04:00+09:00,2027-01-14T09:00:00+09:00,2027-01-14T10:30:00+09:00,2027-01-15T10:45:00+09:00,2027-01-19T10:45:00+09:00,,ADVANCED,FIRST_EVIDENCE_REVIEWED,,SYNTHETIC_HUMAN_SCENARIO,"{""criterion"":""REPEATED_DIRECT_TECHNICAL_LIMITATION"",""human_rationale"":""단계 활동과 관찰을 검토하여 다음 판단으로 진행한다. 미관찰은 부족/탈락과 동일하지 않다."",""observation_refs"":[""OB_REVIEW_ML_01_EV_APP0159_FIRST_INTERVIEW_TECHNICAL_ASSESSMENT_M1_SKILL_01"",""OB_REVIEW_HM_01_EV_APP0159_FIRST_INTERVIEW_TECHNICAL_ASSESSMENT_M1_SKILL_01"",""OB_REVIEW_ML_01_EV_APP0159_FIRST_INTERVIEW_TECHNICAL_ASSESSMENT_M1_SKILL_02"",""OB_REVIEW_HM_01_EV_APP0159_FIRST_INTERVIEW_TECHNICAL_ASSESSMENT_M1_SKILL_02"",""OB_REVIEW_ML_01_EV_APP0159_FIRST_INTERVIEW_TECHNICAL_ASSESSMENT_M1_SKILL_07"",""OB_REVIEW_HM_01_EV_APP0159_FIRST_INTERVIEW_TECHNICAL_ASSESSMENT_M1_SKILL_07"",""OB_REVIEW_ML_01_EV_APP0159_FIRST_INTERVIEW_AI_CASE_M1_SKILL_01"",""OB_REVIEW_HM_01_EV_APP0159_FIRST_INTERVIEW_AI_CASE_M1_SKILL_01"",""OB_REVIEW_ML_01_EV_APP0159_FIRST_INTERVIEW_AI_CASE_M1_SKILL_03"",""OB_REVIEW_HM_01_EV_APP0159_FIRST_INTERVIEW_AI_CASE_M1_SKILL_03"",""OB_REVIEW_ML_01_EV_APP0159_FIRST_INTERVIEW_PRACTITIONER_QA_M1_SKILL_04"",""OB_REVIEW_HM_01_EV_APP0159_FIRST_INTERVIEW_PRACTITIONER_QA_M1_SKILL_04"",""OB_REVIEW_ML_01_EV_APP0159_FIRST_INTERVIEW_PRACTITIONER_QA_M1_SKILL_05"",""OB_REVIEW_HM_01_EV_APP0159_FIRST_INTERVIEW_PRACTITIONER_QA_M1_SKILL_05"",""OB_REVIEW_ML_01_EV_APP0159_FIRST_INTERVIEW_PRACTITIONER_QA_M1_SKILL_06"",""OB_REVIEW_HM_01_EV_APP0159_FIRST_INTERVIEW_PRACTITIONER_QA_M1_SKILL_06"",""OB_REVIEW_ML_01_EV_APP0159_FIRST_INTERVIEW_PRACTITIONER_QA_M1_SKILL_08"",""OB_REVIEW_HM_01_EV_APP0159_FIRST_INTERVIEW_PRACTITIONER_QA_M1_SKILL_08""],""stage"":""FIRST_INTERVIEW""}"
APP0161_FIRST_INTERVIEW,APP0161,C0161,FIRST_INTERVIEW,2026-12-06T14:04:00+09:00,2026-12-08T14:04:00+09:00,2027-01-14T09:00:00+09:00,2027-01-14T10:20:00+09:00,2027-01-16T10:45:00+09:00,2027-01-20T10:45:00+09:00,,ADVANCED,FIRST_EVIDENCE_REVIEWED,,SYNTHETIC_HUMAN_SCENARIO,"{""criterion"":""REPEATED_DIRECT_TECHNICAL_LIMITATION"",""human_rationale"":""단계 활동과 관찰을 검토하여 다음 판단으로 진행한다. 미관찰은 부족/탈락과 동일하지 않다."",""observation_refs"":[""OB_REVIEW_ML_01_EV_APP0161_FIRST_INTERVIEW_TECHNICAL_ASSESSMENT_M1_SKILL_01"",""OB_REVIEW_HM_01_EV_APP0161_FIRST_INTERVIEW_TECHNICAL_ASSESSMENT_M1_SKILL_01"",""OB_REVIEW_ML_01_EV_APP0161_FIRST_INTERVIEW_TECHNICAL_ASSESSMENT_M1_SKILL_02"",""OB_REVIEW_HM_01_EV_APP0161_FIRST_INTERVIEW_TECHNICAL_ASSESSMENT_M1_SKILL_02"",""OB_REVIEW_ML_01_EV_APP0161_FIRST_INTERVIEW_TECHNICAL_ASSESSMENT_M1_SKILL_07"",""OB_REVIEW_HM_01_EV_APP0161_FIRST_INTERVIEW_TECHNICAL_ASSESSMENT_M1_SKILL_07"",""OB_REVIEW_ML_01_EV_APP0161_FIRST_INTERVIEW_AI_CASE_M1_SKILL_01"",""OB_REVIEW_HM_01_EV_APP0161_FIRST_INTERVIEW_AI_CASE_M1_SKILL_01"",""OB_REVIEW_ML_01_EV_APP0161_FIRST_INTERVIEW_AI_CASE_M1_SKILL_03"",""OB_REVIEW_HM_01_EV_APP0161_FIRST_INTERVIEW_AI_CASE_M1_SKILL_03"",""OB_REVIEW_ML_01_EV_APP0161_FIRST_INTERVIEW_PRACTITIONER_QA_M1_SKILL_04"",""OB_REVIEW_HM_01_EV_APP0161_FIRST_INTERVIEW_PRACTITIONER_QA_M1_SKILL_04"",""OB_REVIEW_ML_01_EV_APP0161_FIRST_INTERVIEW_PRACTITIONER_QA_M1_SKILL_05"",""OB_REVIEW_HM_01_EV_APP0161_FIRST_INTERVIEW_PRACTITIONER_QA_M1_SKILL_05"",""OB_REVIEW_ML_01_EV_APP0161_FIRST_INTERVIEW_PRACTITIONER_QA_M1_SKILL_06"",""OB_REVIEW_HM_01_EV_APP0161_FIRST_INTERVIEW_PRACTITIONER_QA_M1_SKILL_06"",""OB_REVIEW_ML_01_EV_APP0161_FIRST_INTERVIEW_PRACTITIONER_QA_M1_SKILL_08"",""OB_REVIEW_HM_01_EV_APP0161_FIRST_INTERVIEW_PRACTITIONER_QA_M1_SKILL_08""],""stage"":""FIRST_INTERVIEW""}"
APP0162_FIRST_INTERVIEW,APP0162,C0162,FIRST_INTERVIEW,2026-12-06T14:04:00+09:00,2026-12-08T14:04:00+09:00,2027-01-18T09:00:00+09:00,2027-01-18T10:15:00+09:00,2027-01-19T10:35:00+09:00,2027-01-23T10:35:00+09:00,,ADVANCED,FIRST_EVIDENCE_REVIEWED,,SYNTHETIC_HUMAN_SCENARIO,"{""criterion"":""REPEATED_DIRECT_TECHNICAL_LIMITATION"",""human_rationale"":""단계 활동과 관찰을 검토하여 다음 판단으로 진행한다. 미관찰은 부족/탈락과 동일하지 않다."",""observation_refs"":[""OB_REVIEW_ML_01_EV_APP0162_FIRST_INTERVIEW_TECHNICAL_ASSESSMENT_M1_SKILL_01"",""OB_REVIEW_HM_01_EV_APP0162_FIRST_INTERVIEW_TECHNICAL_ASSESSMENT_M1_SKILL_01"",""OB_REVIEW_ML_01_EV_APP0162_FIRST_INTERVIEW_TECHNICAL_ASSESSMENT_M1_SKILL_02"",""OB_REVIEW_HM_01_EV_APP0162_FIRST_INTERVIEW_TECHNICAL_ASSESSMENT_M1_SKILL_02"",""OB_REVIEW_ML_01_EV_APP0162_FIRST_INTERVIEW_TECHNICAL_ASSESSMENT_M1_SKILL_07"",""OB_REVIEW_HM_01_EV_APP0162_FIRST_INTERVIEW_TECHNICAL_ASSESSMENT_M1_SKILL_07"",""OB_REVIEW_ML_01_EV_APP0162_FIRST_INTERVIEW_AI_CASE_M1_SKILL_01"",""OB_REVIEW_HM_01_EV_APP0162_FIRST_INTERVIEW_AI_CASE_M1_SKILL_01"",""OB_REVIEW_ML_01_EV_APP0162_FIRST_INTERVIEW_AI_CASE_M1_SKILL_03"",""OB_REVIEW_HM_01_EV_APP0162_FIRST_INTERVIEW_AI_CASE_M1_SKILL_03"",""OB_REVIEW_ML_01_EV_APP0162_FIRST_INTERVIEW_PRACTITIONER_QA_M1_SKILL_04"",""OB_REVIEW_HM_01_EV_APP0162_FIRST_INTERVIEW_PRACTITIONER_QA_M1_SKILL_04"",""OB_REVIEW_ML_01_EV_APP0162_FIRST_INTERVIEW_PRACTITIONER_QA_M1_SKILL_05"",""OB_REVIEW_HM_01_EV_APP0162_FIRST_INTERVIEW_PRACTITIONER_QA_M1_SKILL_05"",""OB_REVIEW_ML_01_EV_APP0162_FIRST_INTERVIEW_PRACTITIONER_QA_M1_SKILL_06"",""OB_REVIEW_HM_01_EV_APP0162_FIRST_INTERVIEW_PRACTITIONER_QA_M1_SKILL_06"",""OB_REVIEW_ML_01_EV_APP0162_FIRST_INTERVIEW_PRACTITIONER_QA_M1_SKILL_08"",""OB_REVIEW_HM_01_EV_APP0162_FIRST_INTERVIEW_PRACTITIONER_QA_M1_SKILL_08""],""stage"":""FIRST_INTERVIEW""}"
APP0163_FIRST_INTERVIEW,APP0163,C0163,FIRST_INTERVIEW,2026-12-06T14:04:00+09:00,2026-12-08T14:04:00+09:00,2027-01-18T09:00:00+09:00,2027-01-18T10:10:00+09:00,2027-01-20T10:25:00+09:00,2027-01-20T10:25:00+09:00,,ADVANCED,FIRST_EVIDENCE_REVIEWED,,SYNTHETIC_HUMAN_SCENARIO,"{""criterion"":""REPEATED_DIRECT_TECHNICAL_LIMITATION"",""human_rationale"":""단계 활동과 관찰을 검토하여 다음 판단으로 진행한다. 미관찰은 부족/탈락과 동일하지 않다."",""observation_refs"":[""OB_REVIEW_ML_01_EV_APP0163_FIRST_INTERVIEW_TECHNICAL_ASSESSMENT_M1_SKILL_01"",""OB_REVIEW_HM_01_EV_APP0163_FIRST_INTERVIEW_TECHNICAL_ASSESSMENT_M1_SKILL_01"",""OB_REVIEW_ML_01_EV_APP0163_FIRST_INTERVIEW_TECHNICAL_ASSESSMENT_M1_SKILL_02"",""OB_REVIEW_HM_01_EV_APP0163_FIRST_INTERVIEW_TECHNICAL_ASSESSMENT_M1_SKILL_02"",""OB_REVIEW_ML_01_EV_APP0163_FIRST_INTERVIEW_TECHNICAL_ASSESSMENT_M1_SKILL_07"",""OB_REVIEW_HM_01_EV_APP0163_FIRST_INTERVIEW_TECHNICAL_ASSESSMENT_M1_SKILL_07"",""OB_REVIEW_ML_01_EV_APP0163_FIRST_INTERVIEW_AI_CASE_M1_SKILL_01"",""OB_REVIEW_HM_01_EV_APP0163_FIRST_INTERVIEW_AI_CASE_M1_SKILL_01"",""OB_REVIEW_ML_01_EV_APP0163_FIRST_INTERVIEW_AI_CASE_M1_SKILL_03"",""OB_REVIEW_HM_01_EV_APP0163_FIRST_INTERVIEW_AI_CASE_M1_SKILL_03"",""OB_REVIEW_ML_01_EV_APP0163_FIRST_INTERVIEW_PRACTITIONER_QA_M1_SKILL_04"",""OB_REVIEW_HM_01_EV_APP0163_FIRST_INTERVIEW_PRACTITIONER_QA_M1_SKILL_04"",""OB_REVIEW_ML_01_EV_APP0163_FIRST_INTERVIEW_PRACTITIONER_QA_M1_SKILL_05"",""OB_REVIEW_HM_01_EV_APP0163_FIRST_INTERVIEW_PRACTITIONER_QA_M1_SKILL_05"",""OB_REVIEW_ML_01_EV_APP0163_FIRST_INTERVIEW_PRACTITIONER_QA_M1_SKILL_06"",""OB_REVIEW_HM_01_EV_APP0163_FIRST_INTERVIEW_PRACTITIONER_QA_M1_SKILL_06"",""OB_REVIEW_ML_01_EV_APP0163_FIRST_INTERVIEW_PRACTITIONER_QA_M1_SKILL_08"",""OB_REVIEW_HM_01_EV_APP0163_FIRST_INTERVIEW_PRACTITIONER_QA_M1_SKILL_08""],""stage"":""FIRST_INTERVIEW""}"
APP0164_FIRST_INTERVIEW,APP0164,C0164,FIRST_INTERVIEW,2026-12-06T14:04:00+09:00,2026-12-08T14:04:00+09:00,2027-01-18T09:00:00+09:00,2027-01-18T10:20:00+09:00,2027-01-19T10:45:00+09:00,2027-01-20T10:45:00+09:00,,ADVANCED,FIRST_EVIDENCE_REVIEWED,,SYNTHETIC_HUMAN_SCENARIO,"{""criterion"":""REPEATED_DIRECT_TECHNICAL_LIMITATION"",""human_rationale"":""단계 활동과 관찰을 검토하여 다음 판단으로 진행한다. 미관찰은 부족/탈락과 동일하지 않다."",""observation_refs"":[""OB_REVIEW_ML_01_EV_APP0164_FIRST_INTERVIEW_TECHNICAL_ASSESSMENT_M1_SKILL_01"",""OB_REVIEW_HM_01_EV_APP0164_FIRST_INTERVIEW_TECHNICAL_ASSESSMENT_M1_SKILL_01"",""OB_REVIEW_ML_01_EV_APP0164_FIRST_INTERVIEW_TECHNICAL_ASSESSMENT_M1_SKILL_02"",""OB_REVIEW_HM_01_EV_APP0164_FIRST_INTERVIEW_TECHNICAL_ASSESSMENT_M1_SKILL_02"",""OB_REVIEW_ML_01_EV_APP0164_FIRST_INTERVIEW_TECHNICAL_ASSESSMENT_M1_SKILL_07"",""OB_REVIEW_HM_01_EV_APP0164_FIRST_INTERVIEW_TECHNICAL_ASSESSMENT_M1_SKILL_07"",""OB_REVIEW_ML_01_EV_APP0164_FIRST_INTERVIEW_AI_CASE_M1_SKILL_01"",""OB_REVIEW_HM_01_EV_APP0164_FIRST_INTERVIEW_AI_CASE_M1_SKILL_01"",""OB_REVIEW_ML_01_EV_APP0164_FIRST_INTERVIEW_AI_CASE_M1_SKILL_03"",""OB_REVIEW_HM_01_EV_APP0164_FIRST_INTERVIEW_AI_CASE_M1_SKILL_03"",""OB_REVIEW_ML_01_EV_APP0164_FIRST_INTERVIEW_PRACTITIONER_QA_M1_SKILL_04"",""OB_REVIEW_HM_01_EV_APP0164_FIRST_INTERVIEW_PRACTITIONER_QA_M1_SKILL_04"",""OB_REVIEW_ML_01_EV_APP0164_FIRST_INTERVIEW_PRACTITIONER_QA_M1_SKILL_05"",""OB_REVIEW_HM_01_EV_APP0164_FIRST_INTERVIEW_PRACTITIONER_QA_M1_SKILL_05"",""OB_REVIEW_ML_01_EV_APP0164_FIRST_INTERVIEW_PRACTITIONER_QA_M1_SKILL_06"",""OB_REVIEW_HM_01_EV_APP0164_FIRST_INTERVIEW_PRACTITIONER_QA_M1_SKILL_06"",""OB_REVIEW_ML_01_EV_APP0164_FIRST_INTERVIEW_PRACTITIONER_QA_M1_SKILL_08"",""OB_REVIEW_HM_01_EV_APP0164_FIRST_INTERVIEW_PRACTITIONER_QA_M1_SKILL_08""],""stage"":""FIRST_INTERVIEW""}"
APP0166_FIRST_INTERVIEW,APP0166,C0166,FIRST_INTERVIEW,2026-12-06T14:04:00+09:00,2026-12-08T14:04:00+09:00,2027-01-18T09:00:00+09:00,2027-01-18T10:10:00+09:00,2027-01-23T10:25:00+09:00,2027-01-25T10:25:00+09:00,,ADVANCED,FIRST_EVIDENCE_REVIEWED,,SYNTHETIC_HUMAN_SCENARIO,"{""criterion"":""REPEATED_DIRECT_TECHNICAL_LIMITATION"",""human_rationale"":""단계 활동과 관찰을 검토하여 다음 판단으로 진행한다. 미관찰은 부족/탈락과 동일하지 않다."",""observation_refs"":[""OB_REVIEW_ML_01_EV_APP0166_FIRST_INTERVIEW_TECHNICAL_ASSESSMENT_M1_SKILL_01"",""OB_REVIEW_HM_01_EV_APP0166_FIRST_INTERVIEW_TECHNICAL_ASSESSMENT_M1_SKILL_01"",""OB_REVIEW_ML_01_EV_APP0166_FIRST_INTERVIEW_TECHNICAL_ASSESSMENT_M1_SKILL_02"",""OB_REVIEW_HM_01_EV_APP0166_FIRST_INTERVIEW_TECHNICAL_ASSESSMENT_M1_SKILL_02"",""OB_REVIEW_ML_01_EV_APP0166_FIRST_INTERVIEW_TECHNICAL_ASSESSMENT_M1_SKILL_07"",""OB_REVIEW_HM_01_EV_APP0166_FIRST_INTERVIEW_TECHNICAL_ASSESSMENT_M1_SKILL_07"",""OB_REVIEW_ML_01_EV_APP0166_FIRST_INTERVIEW_AI_CASE_M1_SKILL_01"",""OB_REVIEW_HM_01_EV_APP0166_FIRST_INTERVIEW_AI_CASE_M1_SKILL_01"",""OB_REVIEW_ML_01_EV_APP0166_FIRST_INTERVIEW_AI_CASE_M1_SKILL_03"",""OB_REVIEW_HM_01_EV_APP0166_FIRST_INTERVIEW_AI_CASE_M1_SKILL_03"",""OB_REVIEW_ML_01_EV_APP0166_FIRST_INTERVIEW_PRACTITIONER_QA_M1_SKILL_04"",""OB_REVIEW_HM_01_EV_APP0166_FIRST_INTERVIEW_PRACTITIONER_QA_M1_SKILL_04"",""OB_REVIEW_ML_01_EV_APP0166_FIRST_INTERVIEW_PRACTITIONER_QA_M1_SKILL_05"",""OB_REVIEW_HM_01_EV_APP0166_FIRST_INTERVIEW_PRACTITIONER_QA_M1_SKILL_05"",""OB_REVIEW_ML_01_EV_APP0166_FIRST_INTERVIEW_PRACTITIONER_QA_M1_SKILL_06"",""OB_REVIEW_HM_01_EV_APP0166_FIRST_INTERVIEW_PRACTITIONER_QA_M1_SKILL_06"",""OB_REVIEW_ML_01_EV_APP0166_FIRST_INTERVIEW_PRACTITIONER_QA_M1_SKILL_08"",""OB_REVIEW_HM_01_EV_APP0166_FIRST_INTERVIEW_PRACTITIONER_QA_M1_SKILL_08""],""stage"":""FIRST_INTERVIEW""}"
APP0167_FIRST_INTERVIEW,APP0167,C0167,FIRST_INTERVIEW,2026-12-06T14:04:00+09:00,2026-12-08T14:04:00+09:00,2027-01-18T09:00:00+09:00,2027-01-18T10:35:00+09:00,2027-01-21T10:55:00+09:00,2027-01-23T10:55:00+09:00,,ADVANCED,FIRST_EVIDENCE_REVIEWED,,SYNTHETIC_HUMAN_SCENARIO,"{""criterion"":""REPEATED_DIRECT_TECHNICAL_LIMITATION"",""human_rationale"":""단계 활동과 관찰을 검토하여 다음 판단으로 진행한다. 미관찰은 부족/탈락과 동일하지 않다."",""observation_refs"":[""OB_REVIEW_ML_01_EV_APP0167_FIRST_INTERVIEW_TECHNICAL_ASSESSMENT_M1_SKILL_01"",""OB_REVIEW_HM_01_EV_APP0167_FIRST_INTERVIEW_TECHNICAL_ASSESSMENT_M1_SKILL_01"",""OB_REVIEW_ML_01_EV_APP0167_FIRST_INTERVIEW_TECHNICAL_ASSESSMENT_M1_SKILL_02"",""OB_REVIEW_HM_01_EV_APP0167_FIRST_INTERVIEW_TECHNICAL_ASSESSMENT_M1_SKILL_02"",""OB_REVIEW_ML_01_EV_APP0167_FIRST_INTERVIEW_TECHNICAL_ASSESSMENT_M1_SKILL_07"",""OB_REVIEW_HM_01_EV_APP0167_FIRST_INTERVIEW_TECHNICAL_ASSESSMENT_M1_SKILL_07"",""OB_REVIEW_ML_01_EV_APP0167_FIRST_INTERVIEW_AI_CASE_M1_SKILL_01"",""OB_REVIEW_HM_01_EV_APP0167_FIRST_INTERVIEW_AI_CASE_M1_SKILL_01"",""OB_REVIEW_ML_01_EV_APP0167_FIRST_INTERVIEW_AI_CASE_M1_SKILL_03"",""OB_REVIEW_HM_01_EV_APP0167_FIRST_INTERVIEW_AI_CASE_M1_SKILL_03"",""OB_REVIEW_ML_01_EV_APP0167_FIRST_INTERVIEW_PRACTITIONER_QA_M1_SKILL_04"",""OB_REVIEW_HM_01_EV_APP0167_FIRST_INTERVIEW_PRACTITIONER_QA_M1_SKILL_04"",""OB_REVIEW_ML_01_EV_APP0167_FIRST_INTERVIEW_PRACTITIONER_QA_M1_SKILL_05"",""OB_REVIEW_HM_01_EV_APP0167_FIRST_INTERVIEW_PRACTITIONER_QA_M1_SKILL_05"",""OB_REVIEW_ML_01_EV_APP0167_FIRST_INTERVIEW_PRACTITIONER_QA_M1_SKILL_06"",""OB_REVIEW_HM_01_EV_APP0167_FIRST_INTERVIEW_PRACTITIONER_QA_M1_SKILL_06"",""OB_REVIEW_ML_01_EV_APP0167_FIRST_INTERVIEW_PRACTITIONER_QA_M1_SKILL_08"",""OB_REVIEW_HM_01_EV_APP0167_FIRST_INTERVIEW_PRACTITIONER_QA_M1_SKILL_08""],""stage"":""FIRST_INTERVIEW""}"
APP0170_FIRST_INTERVIEW,APP0170,C0170,FIRST_INTERVIEW,2026-12-06T14:04:00+09:00,2026-12-08T14:04:00+09:00,2027-01-18T09:00:00+09:00,2027-01-18T10:15:00+09:00,2027-01-19T10:40:00+09:00,2027-01-23T10:40:00+09:00,,ADVANCED,FIRST_EVIDENCE_REVIEWED,,SYNTHETIC_HUMAN_SCENARIO,"{""criterion"":""REPEATED_DIRECT_TECHNICAL_LIMITATION"",""human_rationale"":""단계 활동과 관찰을 검토하여 다음 판단으로 진행한다. 미관찰은 부족/탈락과 동일하지 않다."",""observation_refs"":[""OB_REVIEW_ML_01_EV_APP0170_FIRST_INTERVIEW_TECHNICAL_ASSESSMENT_M1_SKILL_01"",""OB_REVIEW_HM_01_EV_APP0170_FIRST_INTERVIEW_TECHNICAL_ASSESSMENT_M1_SKILL_01"",""OB_REVIEW_ML_01_EV_APP0170_FIRST_INTERVIEW_TECHNICAL_ASSESSMENT_M1_SKILL_02"",""OB_REVIEW_HM_01_EV_APP0170_FIRST_INTERVIEW_TECHNICAL_ASSESSMENT_M1_SKILL_02"",""OB_REVIEW_ML_01_EV_APP0170_FIRST_INTERVIEW_TECHNICAL_ASSESSMENT_M1_SKILL_07"",""OB_REVIEW_HM_01_EV_APP0170_FIRST_INTERVIEW_TECHNICAL_ASSESSMENT_M1_SKILL_07"",""OB_REVIEW_ML_01_EV_APP0170_FIRST_INTERVIEW_AI_CASE_M1_SKILL_01"",""OB_REVIEW_HM_01_EV_APP0170_FIRST_INTERVIEW_AI_CASE_M1_SKILL_01"",""OB_REVIEW_ML_01_EV_APP0170_FIRST_INTERVIEW_AI_CASE_M1_SKILL_03"",""OB_REVIEW_HM_01_EV_APP0170_FIRST_INTERVIEW_AI_CASE_M1_SKILL_03"",""OB_REVIEW_ML_01_EV_APP0170_FIRST_INTERVIEW_PRACTITIONER_QA_M1_SKILL_04"",""OB_REVIEW_HM_01_EV_APP0170_FIRST_INTERVIEW_PRACTITIONER_QA_M1_SKILL_04"",""OB_REVIEW_ML_01_EV_APP0170_FIRST_INTERVIEW_PRACTITIONER_QA_M1_SKILL_05"",""OB_REVIEW_HM_01_EV_APP0170_FIRST_INTERVIEW_PRACTITIONER_QA_M1_SKILL_05"",""OB_REVIEW_ML_01_EV_APP0170_FIRST_INTERVIEW_PRACTITIONER_QA_M1_SKILL_06"",""OB_REVIEW_HM_01_EV_APP0170_FIRST_INTERVIEW_PRACTITIONER_QA_M1_SKILL_06"",""OB_REVIEW_ML_01_EV_APP0170_FIRST_INTERVIEW_PRACTITIONER_QA_M1_SKILL_08"",""OB_REVIEW_HM_01_EV_APP0170_FIRST_INTERVIEW_PRACTITIONER_QA_M1_SKILL_08""],""stage"":""FIRST_INTERVIEW""}"
APP0171_FIRST_INTERVIEW,APP0171,C0171,FIRST_INTERVIEW,2026-12-06T14:04:00+09:00,2026-12-08T14:04:00+09:00,2027-01-18T09:00:00+09:00,,,,,IN_PROGRESS,,,,"{""motive"":""UNKNOWN"",""operational_state"":""NO_RESPONSE_PENDING""}"
APP0173_FIRST_INTERVIEW,APP0173,C0173,FIRST_INTERVIEW,2026-12-06T14:04:00+09:00,2026-12-08T14:04:00+09:00,2027-01-18T09:00:00+09:00,2027-01-18T10:20:00+09:00,2027-01-23T10:35:00+09:00,2027-01-23T10:35:00+09:00,,ADVANCED,FIRST_EVIDENCE_REVIEWED,,SYNTHETIC_HUMAN_SCENARIO,"{""criterion"":""REPEATED_DIRECT_TECHNICAL_LIMITATION"",""human_rationale"":""단계 활동과 관찰을 검토하여 다음 판단으로 진행한다. 미관찰은 부족/탈락과 동일하지 않다."",""observation_refs"":[""OB_REVIEW_ML_01_EV_APP0173_FIRST_INTERVIEW_TECHNICAL_ASSESSMENT_M1_SKILL_01"",""OB_REVIEW_HM_01_EV_APP0173_FIRST_INTERVIEW_TECHNICAL_ASSESSMENT_M1_SKILL_01"",""OB_REVIEW_ML_01_EV_APP0173_FIRST_INTERVIEW_TECHNICAL_ASSESSMENT_M1_SKILL_02"",""OB_REVIEW_HM_01_EV_APP0173_FIRST_INTERVIEW_TECHNICAL_ASSESSMENT_M1_SKILL_02"",""OB_REVIEW_ML_01_EV_APP0173_FIRST_INTERVIEW_TECHNICAL_ASSESSMENT_M1_SKILL_07"",""OB_REVIEW_HM_01_EV_APP0173_FIRST_INTERVIEW_TECHNICAL_ASSESSMENT_M1_SKILL_07"",""OB_REVIEW_ML_01_EV_APP0173_FIRST_INTERVIEW_AI_CASE_M1_SKILL_01"",""OB_REVIEW_HM_01_EV_APP0173_FIRST_INTERVIEW_AI_CASE_M1_SKILL_01"",""OB_REVIEW_ML_01_EV_APP0173_FIRST_INTERVIEW_AI_CASE_M1_SKILL_03"",""OB_REVIEW_HM_01_EV_APP0173_FIRST_INTERVIEW_AI_CASE_M1_SKILL_03"",""OB_REVIEW_ML_01_EV_APP0173_FIRST_INTERVIEW_PRACTITIONER_QA_M1_SKILL_04"",""OB_REVIEW_HM_01_EV_APP0173_FIRST_INTERVIEW_PRACTITIONER_QA_M1_SKILL_04"",""OB_REVIEW_ML_01_EV_APP0173_FIRST_INTERVIEW_PRACTITIONER_QA_M1_SKILL_05"",""OB_REVIEW_HM_01_EV_APP0173_FIRST_INTERVIEW_PRACTITIONER_QA_M1_SKILL_05"",""OB_REVIEW_ML_01_EV_APP0173_FIRST_INTERVIEW_PRACTITIONER_QA_M1_SKILL_06"",""OB_REVIEW_HM_01_EV_APP0173_FIRST_INTERVIEW_PRACTITIONER_QA_M1_SKILL_06"",""OB_REVIEW_ML_01_EV_APP0173_FIRST_INTERVIEW_PRACTITIONER_QA_M1_SKILL_08"",""OB_REVIEW_HM_01_EV_APP0173_FIRST_INTERVIEW_PRACTITIONER_QA_M1_SKILL_08""],""stage"":""FIRST_INTERVIEW""}"
APP0175_FIRST_INTERVIEW,APP0175,C0175,FIRST_INTERVIEW,2026-12-06T14:04:00+09:00,2026-12-08T14:04:00+09:00,2027-01-18T09:00:00+09:00,2027-01-18T10:25:00+09:00,2027-01-21T10:50:00+09:00,2027-01-21T10:50:00+09:00,,ADVANCED,FIRST_EVIDENCE_REVIEWED,,SYNTHETIC_HUMAN_SCENARIO,"{""criterion"":""REPEATED_DIRECT_TECHNICAL_LIMITATION"",""human_rationale"":""단계 활동과 관찰을 검토하여 다음 판단으로 진행한다. 미관찰은 부족/탈락과 동일하지 않다."",""observation_refs"":[""OB_REVIEW_ML_01_EV_APP0175_FIRST_INTERVIEW_TECHNICAL_ASSESSMENT_M1_SKILL_01"",""OB_REVIEW_HM_01_EV_APP0175_FIRST_INTERVIEW_TECHNICAL_ASSESSMENT_M1_SKILL_01"",""OB_REVIEW_ML_01_EV_APP0175_FIRST_INTERVIEW_TECHNICAL_ASSESSMENT_M1_SKILL_02"",""OB_REVIEW_HM_01_EV_APP0175_FIRST_INTERVIEW_TECHNICAL_ASSESSMENT_M1_SKILL_02"",""OB_REVIEW_ML_01_EV_APP0175_FIRST_INTERVIEW_TECHNICAL_ASSESSMENT_M1_SKILL_07"",""OB_REVIEW_HM_01_EV_APP0175_FIRST_INTERVIEW_TECHNICAL_ASSESSMENT_M1_SKILL_07"",""OB_REVIEW_ML_01_EV_APP0175_FIRST_INTERVIEW_AI_CASE_M1_SKILL_01"",""OB_REVIEW_HM_01_EV_APP0175_FIRST_INTERVIEW_AI_CASE_M1_SKILL_01"",""OB_REVIEW_ML_01_EV_APP0175_FIRST_INTERVIEW_AI_CASE_M1_SKILL_03"",""OB_REVIEW_HM_01_EV_APP0175_FIRST_INTERVIEW_AI_CASE_M1_SKILL_03"",""OB_REVIEW_ML_01_EV_APP0175_FIRST_INTERVIEW_PRACTITIONER_QA_M1_SKILL_04"",""OB_REVIEW_HM_01_EV_APP0175_FIRST_INTERVIEW_PRACTITIONER_QA_M1_SKILL_04"",""OB_REVIEW_ML_01_EV_APP0175_FIRST_INTERVIEW_PRACTITIONER_QA_M1_SKILL_05"",""OB_REVIEW_HM_01_EV_APP0175_FIRST_INTERVIEW_PRACTITIONER_QA_M1_SKILL_05"",""OB_REVIEW_ML_01_EV_APP0175_FIRST_INTERVIEW_PRACTITIONER_QA_M1_SKILL_06"",""OB_REVIEW_HM_01_EV_APP0175_FIRST_INTERVIEW_PRACTITIONER_QA_M1_SKILL_06"",""OB_REVIEW_ML_01_EV_APP0175_FIRST_INTERVIEW_PRACTITIONER_QA_M1_SKILL_08"",""OB_REVIEW_HM_01_EV_APP0175_FIRST_INTERVIEW_PRACTITIONER_QA_M1_SKILL_08""],""stage"":""FIRST_INTERVIEW""}"
APP0176_FIRST_INTERVIEW,APP0176,C0176,FIRST_INTERVIEW,2026-12-06T14:04:00+09:00,2026-12-08T14:04:00+09:00,2027-01-18T09:00:00+09:00,2027-01-18T10:15:00+09:00,2027-01-23T10:35:00+09:00,2027-01-23T10:35:00+09:00,,ADVANCED,FIRST_EVIDENCE_REVIEWED,,SYNTHETIC_HUMAN_SCENARIO,"{""criterion"":""REPEATED_DIRECT_TECHNICAL_LIMITATION"",""human_rationale"":""단계 활동과 관찰을 검토하여 다음 판단으로 진행한다. 미관찰은 부족/탈락과 동일하지 않다."",""observation_refs"":[""OB_REVIEW_ML_01_EV_APP0176_FIRST_INTERVIEW_TECHNICAL_ASSESSMENT_M1_SKILL_01"",""OB_REVIEW_HM_01_EV_APP0176_FIRST_INTERVIEW_TECHNICAL_ASSESSMENT_M1_SKILL_01"",""OB_REVIEW_ML_01_EV_APP0176_FIRST_INTERVIEW_TECHNICAL_ASSESSMENT_M1_SKILL_02"",""OB_REVIEW_HM_01_EV_APP0176_FIRST_INTERVIEW_TECHNICAL_ASSESSMENT_M1_SKILL_02"",""OB_REVIEW_ML_01_EV_APP0176_FIRST_INTERVIEW_TECHNICAL_ASSESSMENT_M1_SKILL_07"",""OB_REVIEW_HM_01_EV_APP0176_FIRST_INTERVIEW_TECHNICAL_ASSESSMENT_M1_SKILL_07"",""OB_REVIEW_ML_01_EV_APP0176_FIRST_INTERVIEW_AI_CASE_M1_SKILL_01"",""OB_REVIEW_HM_01_EV_APP0176_FIRST_INTERVIEW_AI_CASE_M1_SKILL_01"",""OB_REVIEW_ML_01_EV_APP0176_FIRST_INTERVIEW_AI_CASE_M1_SKILL_03"",""OB_REVIEW_HM_01_EV_APP0176_FIRST_INTERVIEW_AI_CASE_M1_SKILL_03"",""OB_REVIEW_ML_01_EV_APP0176_FIRST_INTERVIEW_PRACTITIONER_QA_M1_SKILL_04"",""OB_REVIEW_HM_01_EV_APP0176_FIRST_INTERVIEW_PRACTITIONER_QA_M1_SKILL_04"",""OB_REVIEW_ML_01_EV_APP0176_FIRST_INTERVIEW_PRACTITIONER_QA_M1_SKILL_05"",""OB_REVIEW_HM_01_EV_APP0176_FIRST_INTERVIEW_PRACTITIONER_QA_M1_SKILL_05"",""OB_REVIEW_ML_01_EV_APP0176_FIRST_INTERVIEW_PRACTITIONER_QA_M1_SKILL_06"",""OB_REVIEW_HM_01_EV_APP0176_FIRST_INTERVIEW_PRACTITIONER_QA_M1_SKILL_06"",""OB_REVIEW_ML_01_EV_APP0176_FIRST_INTERVIEW_PRACTITIONER_QA_M1_SKILL_08"",""OB_REVIEW_HM_01_EV_APP0176_FIRST_INTERVIEW_PRACTITIONER_QA_M1_SKILL_08""],""stage"":""FIRST_INTERVIEW""}"
APP0181_FIRST_INTERVIEW,APP0181,C0181,FIRST_INTERVIEW,2026-12-06T14:04:00+09:00,2026-12-08T14:04:00+09:00,2027-01-21T09:00:00+09:00,2027-01-21T10:35:00+09:00,2027-01-22T11:00:00+09:00,2027-01-26T11:00:00+09:00,,ADVANCED,FIRST_EVIDENCE_REVIEWED,,SYNTHETIC_HUMAN_SCENARIO,"{""criterion"":""REPEATED_DIRECT_TECHNICAL_LIMITATION"",""human_rationale"":""단계 활동과 관찰을 검토하여 다음 판단으로 진행한다. 미관찰은 부족/탈락과 동일하지 않다."",""observation_refs"":[""OB_REVIEW_ML_01_EV_APP0181_FIRST_INTERVIEW_TECHNICAL_ASSESSMENT_M1_SKILL_01"",""OB_REVIEW_HM_01_EV_APP0181_FIRST_INTERVIEW_TECHNICAL_ASSESSMENT_M1_SKILL_01"",""OB_REVIEW_ML_01_EV_APP0181_FIRST_INTERVIEW_TECHNICAL_ASSESSMENT_M1_SKILL_02"",""OB_REVIEW_HM_01_EV_APP0181_FIRST_INTERVIEW_TECHNICAL_ASSESSMENT_M1_SKILL_02"",""OB_REVIEW_ML_01_EV_APP0181_FIRST_INTERVIEW_TECHNICAL_ASSESSMENT_M1_SKILL_07"",""OB_REVIEW_HM_01_EV_APP0181_FIRST_INTERVIEW_TECHNICAL_ASSESSMENT_M1_SKILL_07"",""OB_REVIEW_ML_01_EV_APP0181_FIRST_INTERVIEW_AI_CASE_M1_SKILL_01"",""OB_REVIEW_HM_01_EV_APP0181_FIRST_INTERVIEW_AI_CASE_M1_SKILL_01"",""OB_REVIEW_ML_01_EV_APP0181_FIRST_INTERVIEW_AI_CASE_M1_SKILL_03"",""OB_REVIEW_HM_01_EV_APP0181_FIRST_INTERVIEW_AI_CASE_M1_SKILL_03"",""OB_REVIEW_ML_01_EV_APP0181_FIRST_INTERVIEW_PRACTITIONER_QA_M1_SKILL_04"",""OB_REVIEW_HM_01_EV_APP0181_FIRST_INTERVIEW_PRACTITIONER_QA_M1_SKILL_04"",""OB_REVIEW_ML_01_EV_APP0181_FIRST_INTERVIEW_PRACTITIONER_QA_M1_SKILL_05"",""OB_REVIEW_HM_01_EV_APP0181_FIRST_INTERVIEW_PRACTITIONER_QA_M1_SKILL_05"",""OB_REVIEW_ML_01_EV_APP0181_FIRST_INTERVIEW_PRACTITIONER_QA_M1_SKILL_06"",""OB_REVIEW_HM_01_EV_APP0181_FIRST_INTERVIEW_PRACTITIONER_QA_M1_SKILL_06"",""OB_REVIEW_ML_01_EV_APP0181_FIRST_INTERVIEW_PRACTITIONER_QA_M1_SKILL_08"",""OB_REVIEW_HM_01_EV_APP0181_FIRST_INTERVIEW_PRACTITIONER_QA_M1_SKILL_08""],""stage"":""FIRST_INTERVIEW""}"
APP0182_FIRST_INTERVIEW,APP0182,C0182,FIRST_INTERVIEW,2026-12-06T14:04:00+09:00,2026-12-08T14:04:00+09:00,2027-01-21T09:00:00+09:00,2027-01-21T10:15:00+09:00,2027-01-23T10:40:00+09:00,2027-01-24T10:40:00+09:00,,ADVANCED,FIRST_EVIDENCE_REVIEWED,,SYNTHETIC_HUMAN_SCENARIO,"{""criterion"":""REPEATED_DIRECT_TECHNICAL_LIMITATION"",""human_rationale"":""단계 활동과 관찰을 검토하여 다음 판단으로 진행한다. 미관찰은 부족/탈락과 동일하지 않다."",""observation_refs"":[""OB_REVIEW_ML_01_EV_APP0182_FIRST_INTERVIEW_TECHNICAL_ASSESSMENT_M1_SKILL_01"",""OB_REVIEW_HM_01_EV_APP0182_FIRST_INTERVIEW_TECHNICAL_ASSESSMENT_M1_SKILL_01"",""OB_REVIEW_ML_01_EV_APP0182_FIRST_INTERVIEW_TECHNICAL_ASSESSMENT_M1_SKILL_02"",""OB_REVIEW_HM_01_EV_APP0182_FIRST_INTERVIEW_TECHNICAL_ASSESSMENT_M1_SKILL_02"",""OB_REVIEW_ML_01_EV_APP0182_FIRST_INTERVIEW_TECHNICAL_ASSESSMENT_M1_SKILL_07"",""OB_REVIEW_HM_01_EV_APP0182_FIRST_INTERVIEW_TECHNICAL_ASSESSMENT_M1_SKILL_07"",""OB_REVIEW_ML_01_EV_APP0182_FIRST_INTERVIEW_AI_CASE_M1_SKILL_01"",""OB_REVIEW_HM_01_EV_APP0182_FIRST_INTERVIEW_AI_CASE_M1_SKILL_01"",""OB_REVIEW_ML_01_EV_APP0182_FIRST_INTERVIEW_AI_CASE_M1_SKILL_03"",""OB_REVIEW_HM_01_EV_APP0182_FIRST_INTERVIEW_AI_CASE_M1_SKILL_03"",""OB_REVIEW_ML_01_EV_APP0182_FIRST_INTERVIEW_PRACTITIONER_QA_M1_SKILL_04"",""OB_REVIEW_HM_01_EV_APP0182_FIRST_INTERVIEW_PRACTITIONER_QA_M1_SKILL_04"",""OB_REVIEW_ML_01_EV_APP0182_FIRST_INTERVIEW_PRACTITIONER_QA_M1_SKILL_05"",""OB_REVIEW_HM_01_EV_APP0182_FIRST_INTERVIEW_PRACTITIONER_QA_M1_SKILL_05"",""OB_REVIEW_ML_01_EV_APP0182_FIRST_INTERVIEW_PRACTITIONER_QA_M1_SKILL_06"",""OB_REVIEW_HM_01_EV_APP0182_FIRST_INTERVIEW_PRACTITIONER_QA_M1_SKILL_06"",""OB_REVIEW_ML_01_EV_APP0182_FIRST_INTERVIEW_PRACTITIONER_QA_M1_SKILL_08"",""OB_REVIEW_HM_01_EV_APP0182_FIRST_INTERVIEW_PRACTITIONER_QA_M1_SKILL_08""],""stage"":""FIRST_INTERVIEW""}"
APP0184_FIRST_INTERVIEW,APP0184,C0184,FIRST_INTERVIEW,2026-12-06T14:04:00+09:00,2026-12-08T14:04:00+09:00,2027-01-21T09:00:00+09:00,,,,,IN_PROGRESS,,,,"{""motive"":""UNKNOWN"",""operational_state"":""NO_RESPONSE_PENDING""}"
APP0186_FIRST_INTERVIEW,APP0186,C0186,FIRST_INTERVIEW,2026-12-06T14:04:00+09:00,2026-12-08T14:04:00+09:00,2027-01-21T09:00:00+09:00,2027-01-21T10:35:00+09:00,2027-01-24T11:00:00+09:00,2027-01-26T11:00:00+09:00,,ADVANCED,FIRST_EVIDENCE_REVIEWED,,SYNTHETIC_HUMAN_SCENARIO,"{""criterion"":""REPEATED_DIRECT_TECHNICAL_LIMITATION"",""human_rationale"":""단계 활동과 관찰을 검토하여 다음 판단으로 진행한다. 미관찰은 부족/탈락과 동일하지 않다."",""observation_refs"":[""OB_REVIEW_ML_01_EV_APP0186_FIRST_INTERVIEW_TECHNICAL_ASSESSMENT_M1_SKILL_01"",""OB_REVIEW_HM_01_EV_APP0186_FIRST_INTERVIEW_TECHNICAL_ASSESSMENT_M1_SKILL_01"",""OB_REVIEW_ML_01_EV_APP0186_FIRST_INTERVIEW_TECHNICAL_ASSESSMENT_M1_SKILL_02"",""OB_REVIEW_HM_01_EV_APP0186_FIRST_INTERVIEW_TECHNICAL_ASSESSMENT_M1_SKILL_02"",""OB_REVIEW_ML_01_EV_APP0186_FIRST_INTERVIEW_TECHNICAL_ASSESSMENT_M1_SKILL_07"",""OB_REVIEW_HM_01_EV_APP0186_FIRST_INTERVIEW_TECHNICAL_ASSESSMENT_M1_SKILL_07"",""OB_REVIEW_ML_01_EV_APP0186_FIRST_INTERVIEW_AI_CASE_M1_SKILL_01"",""OB_REVIEW_HM_01_EV_APP0186_FIRST_INTERVIEW_AI_CASE_M1_SKILL_01"",""OB_REVIEW_ML_01_EV_APP0186_FIRST_INTERVIEW_AI_CASE_M1_SKILL_03"",""OB_REVIEW_HM_01_EV_APP0186_FIRST_INTERVIEW_AI_CASE_M1_SKILL_03"",""OB_REVIEW_ML_01_EV_APP0186_FIRST_INTERVIEW_PRACTITIONER_QA_M1_SKILL_04"",""OB_REVIEW_HM_01_EV_APP0186_FIRST_INTERVIEW_PRACTITIONER_QA_M1_SKILL_04"",""OB_REVIEW_ML_01_EV_APP0186_FIRST_INTERVIEW_PRACTITIONER_QA_M1_SKILL_05"",""OB_REVIEW_HM_01_EV_APP0186_FIRST_INTERVIEW_PRACTITIONER_QA_M1_SKILL_05"",""OB_REVIEW_ML_01_EV_APP0186_FIRST_INTERVIEW_PRACTITIONER_QA_M1_SKILL_06"",""OB_REVIEW_HM_01_EV_APP0186_FIRST_INTERVIEW_PRACTITIONER_QA_M1_SKILL_06"",""OB_REVIEW_ML_01_EV_APP0186_FIRST_INTERVIEW_PRACTITIONER_QA_M1_SKILL_08"",""OB_REVIEW_HM_01_EV_APP0186_FIRST_INTERVIEW_PRACTITIONER_QA_M1_SKILL_08""],""stage"":""FIRST_INTERVIEW""}"
APP0188_FIRST_INTERVIEW,APP0188,C0188,FIRST_INTERVIEW,2026-12-06T14:04:00+09:00,2026-12-08T14:04:00+09:00,2027-01-21T09:00:00+09:00,2027-01-21T10:20:00+09:00,2027-01-26T10:40:00+09:00,2027-01-28T10:40:00+09:00,,ADVANCED,FIRST_EVIDENCE_REVIEWED,,SYNTHETIC_HUMAN_SCENARIO,"{""criterion"":""REPEATED_DIRECT_TECHNICAL_LIMITATION"",""human_rationale"":""단계 활동과 관찰을 검토하여 다음 판단으로 진행한다. 미관찰은 부족/탈락과 동일하지 않다."",""observation_refs"":[""OB_REVIEW_ML_01_EV_APP0188_FIRST_INTERVIEW_TECHNICAL_ASSESSMENT_M1_SKILL_01"",""OB_REVIEW_HM_01_EV_APP0188_FIRST_INTERVIEW_TECHNICAL_ASSESSMENT_M1_SKILL_01"",""OB_REVIEW_ML_01_EV_APP0188_FIRST_INTERVIEW_TECHNICAL_ASSESSMENT_M1_SKILL_02"",""OB_REVIEW_HM_01_EV_APP0188_FIRST_INTERVIEW_TECHNICAL_ASSESSMENT_M1_SKILL_02"",""OB_REVIEW_ML_01_EV_APP0188_FIRST_INTERVIEW_TECHNICAL_ASSESSMENT_M1_SKILL_07"",""OB_REVIEW_HM_01_EV_APP0188_FIRST_INTERVIEW_TECHNICAL_ASSESSMENT_M1_SKILL_07"",""OB_REVIEW_ML_01_EV_APP0188_FIRST_INTERVIEW_AI_CASE_M1_SKILL_01"",""OB_REVIEW_HM_01_EV_APP0188_FIRST_INTERVIEW_AI_CASE_M1_SKILL_01"",""OB_REVIEW_ML_01_EV_APP0188_FIRST_INTERVIEW_AI_CASE_M1_SKILL_03"",""OB_REVIEW_HM_01_EV_APP0188_FIRST_INTERVIEW_AI_CASE_M1_SKILL_03"",""OB_REVIEW_ML_01_EV_APP0188_FIRST_INTERVIEW_PRACTITIONER_QA_M1_SKILL_04"",""OB_REVIEW_HM_01_EV_APP0188_FIRST_INTERVIEW_PRACTITIONER_QA_M1_SKILL_04"",""OB_REVIEW_ML_01_EV_APP0188_FIRST_INTERVIEW_PRACTITIONER_QA_M1_SKILL_05"",""OB_REVIEW_HM_01_EV_APP0188_FIRST_INTERVIEW_PRACTITIONER_QA_M1_SKILL_05"",""OB_REVIEW_ML_01_EV_APP0188_FIRST_INTERVIEW_PRACTITIONER_QA_M1_SKILL_06"",""OB_REVIEW_HM_01_EV_APP0188_FIRST_INTERVIEW_PRACTITIONER_QA_M1_SKILL_06"",""OB_REVIEW_ML_01_EV_APP0188_FIRST_INTERVIEW_PRACTITIONER_QA_M1_SKILL_08"",""OB_REVIEW_HM_01_EV_APP0188_FIRST_INTERVIEW_PRACTITIONER_QA_M1_SKILL_08""],""stage"":""FIRST_INTERVIEW""}"
APP0189_FIRST_INTERVIEW,APP0189,C0189,FIRST_INTERVIEW,2026-12-06T14:04:00+09:00,2026-12-08T14:04:00+09:00,2027-01-21T09:00:00+09:00,2027-01-21T10:25:00+09:00,2027-01-22T10:40:00+09:00,2027-01-23T10:40:00+09:00,,ADVANCED,FIRST_EVIDENCE_REVIEWED,,SYNTHETIC_HUMAN_SCENARIO,"{""criterion"":""REPEATED_DIRECT_TECHNICAL_LIMITATION"",""human_rationale"":""단계 활동과 관찰을 검토하여 다음 판단으로 진행한다. 미관찰은 부족/탈락과 동일하지 않다."",""observation_refs"":[""OB_REVIEW_ML_01_EV_APP0189_FIRST_INTERVIEW_TECHNICAL_ASSESSMENT_M1_SKILL_01"",""OB_REVIEW_HM_01_EV_APP0189_FIRST_INTERVIEW_TECHNICAL_ASSESSMENT_M1_SKILL_01"",""OB_REVIEW_ML_01_EV_APP0189_FIRST_INTERVIEW_TECHNICAL_ASSESSMENT_M1_SKILL_02"",""OB_REVIEW_HM_01_EV_APP0189_FIRST_INTERVIEW_TECHNICAL_ASSESSMENT_M1_SKILL_02"",""OB_REVIEW_ML_01_EV_APP0189_FIRST_INTERVIEW_TECHNICAL_ASSESSMENT_M1_SKILL_07"",""OB_REVIEW_HM_01_EV_APP0189_FIRST_INTERVIEW_TECHNICAL_ASSESSMENT_M1_SKILL_07"",""OB_REVIEW_ML_01_EV_APP0189_FIRST_INTERVIEW_AI_CASE_M1_SKILL_01"",""OB_REVIEW_HM_01_EV_APP0189_FIRST_INTERVIEW_AI_CASE_M1_SKILL_01"",""OB_REVIEW_ML_01_EV_APP0189_FIRST_INTERVIEW_AI_CASE_M1_SKILL_03"",""OB_REVIEW_HM_01_EV_APP0189_FIRST_INTERVIEW_AI_CASE_M1_SKILL_03"",""OB_REVIEW_ML_01_EV_APP0189_FIRST_INTERVIEW_PRACTITIONER_QA_M1_SKILL_04"",""OB_REVIEW_HM_01_EV_APP0189_FIRST_INTERVIEW_PRACTITIONER_QA_M1_SKILL_04"",""OB_REVIEW_ML_01_EV_APP0189_FIRST_INTERVIEW_PRACTITIONER_QA_M1_SKILL_05"",""OB_REVIEW_HM_01_EV_APP0189_FIRST_INTERVIEW_PRACTITIONER_QA_M1_SKILL_05"",""OB_REVIEW_ML_01_EV_APP0189_FIRST_INTERVIEW_PRACTITIONER_QA_M1_SKILL_06"",""OB_REVIEW_HM_01_EV_APP0189_FIRST_INTERVIEW_PRACTITIONER_QA_M1_SKILL_06"",""OB_REVIEW_ML_01_EV_APP0189_FIRST_INTERVIEW_PRACTITIONER_QA_M1_SKILL_08"",""OB_REVIEW_HM_01_EV_APP0189_FIRST_INTERVIEW_PRACTITIONER_QA_M1_SKILL_08""],""stage"":""FIRST_INTERVIEW""}"
APP0193_FIRST_INTERVIEW,APP0193,C0193,FIRST_INTERVIEW,2026-12-06T14:04:00+09:00,2026-12-08T14:04:00+09:00,2027-01-21T09:00:00+09:00,2027-01-21T10:35:00+09:00,2027-01-24T10:50:00+09:00,2027-01-25T10:50:00+09:00,,ADVANCED,FIRST_EVIDENCE_REVIEWED,,SYNTHETIC_HUMAN_SCENARIO,"{""criterion"":""REPEATED_DIRECT_TECHNICAL_LIMITATION"",""human_rationale"":""단계 활동과 관찰을 검토하여 다음 판단으로 진행한다. 미관찰은 부족/탈락과 동일하지 않다."",""observation_refs"":[""OB_REVIEW_ML_01_EV_APP0193_FIRST_INTERVIEW_TECHNICAL_ASSESSMENT_M1_SKILL_01"",""OB_REVIEW_HM_01_EV_APP0193_FIRST_INTERVIEW_TECHNICAL_ASSESSMENT_M1_SKILL_01"",""OB_REVIEW_ML_01_EV_APP0193_FIRST_INTERVIEW_TECHNICAL_ASSESSMENT_M1_SKILL_02"",""OB_REVIEW_HM_01_EV_APP0193_FIRST_INTERVIEW_TECHNICAL_ASSESSMENT_M1_SKILL_02"",""OB_REVIEW_ML_01_EV_APP0193_FIRST_INTERVIEW_TECHNICAL_ASSESSMENT_M1_SKILL_07"",""OB_REVIEW_HM_01_EV_APP0193_FIRST_INTERVIEW_TECHNICAL_ASSESSMENT_M1_SKILL_07"",""OB_REVIEW_ML_01_EV_APP0193_FIRST_INTERVIEW_AI_CASE_M1_SKILL_01"",""OB_REVIEW_HM_01_EV_APP0193_FIRST_INTERVIEW_AI_CASE_M1_SKILL_01"",""OB_REVIEW_ML_01_EV_APP0193_FIRST_INTERVIEW_AI_CASE_M1_SKILL_03"",""OB_REVIEW_HM_01_EV_APP0193_FIRST_INTERVIEW_AI_CASE_M1_SKILL_03"",""OB_REVIEW_ML_01_EV_APP0193_FIRST_INTERVIEW_PRACTITIONER_QA_M1_SKILL_04"",""OB_REVIEW_HM_01_EV_APP0193_FIRST_INTERVIEW_PRACTITIONER_QA_M1_SKILL_04"",""OB_REVIEW_ML_01_EV_APP0193_FIRST_INTERVIEW_PRACTITIONER_QA_M1_SKILL_05"",""OB_REVIEW_HM_01_EV_APP0193_FIRST_INTERVIEW_PRACTITIONER_QA_M1_SKILL_05"",""OB_REVIEW_ML_01_EV_APP0193_FIRST_INTERVIEW_PRACTITIONER_QA_M1_SKILL_06"",""OB_REVIEW_HM_01_EV_APP0193_FIRST_INTERVIEW_PRACTITIONER_QA_M1_SKILL_06"",""OB_REVIEW_ML_01_EV_APP0193_FIRST_INTERVIEW_PRACTITIONER_QA_M1_SKILL_08"",""OB_REVIEW_HM_01_EV_APP0193_FIRST_INTERVIEW_PRACTITIONER_QA_M1_SKILL_08""],""stage"":""FIRST_INTERVIEW""}"
APP0194_FIRST_INTERVIEW,APP0194,C0194,FIRST_INTERVIEW,2026-12-06T14:04:00+09:00,2026-12-08T14:04:00+09:00,2027-01-21T09:00:00+09:00,2027-01-21T10:20:00+09:00,2027-01-22T10:35:00+09:00,2027-01-23T10:35:00+09:00,,ADVANCED,FIRST_EVIDENCE_REVIEWED,,SYNTHETIC_HUMAN_SCENARIO,"{""criterion"":""REPEATED_DIRECT_TECHNICAL_LIMITATION"",""human_rationale"":""단계 활동과 관찰을 검토하여 다음 판단으로 진행한다. 미관찰은 부족/탈락과 동일하지 않다."",""observation_refs"":[""OB_REVIEW_ML_01_EV_APP0194_FIRST_INTERVIEW_TECHNICAL_ASSESSMENT_M1_SKILL_01"",""OB_REVIEW_HM_01_EV_APP0194_FIRST_INTERVIEW_TECHNICAL_ASSESSMENT_M1_SKILL_01"",""OB_REVIEW_ML_01_EV_APP0194_FIRST_INTERVIEW_TECHNICAL_ASSESSMENT_M1_SKILL_02"",""OB_REVIEW_HM_01_EV_APP0194_FIRST_INTERVIEW_TECHNICAL_ASSESSMENT_M1_SKILL_02"",""OB_REVIEW_ML_01_EV_APP0194_FIRST_INTERVIEW_TECHNICAL_ASSESSMENT_M1_SKILL_07"",""OB_REVIEW_HM_01_EV_APP0194_FIRST_INTERVIEW_TECHNICAL_ASSESSMENT_M1_SKILL_07"",""OB_REVIEW_ML_01_EV_APP0194_FIRST_INTERVIEW_AI_CASE_M1_SKILL_01"",""OB_REVIEW_HM_01_EV_APP0194_FIRST_INTERVIEW_AI_CASE_M1_SKILL_01"",""OB_REVIEW_ML_01_EV_APP0194_FIRST_INTERVIEW_AI_CASE_M1_SKILL_03"",""OB_REVIEW_HM_01_EV_APP0194_FIRST_INTERVIEW_AI_CASE_M1_SKILL_03"",""OB_REVIEW_ML_01_EV_APP0194_FIRST_INTERVIEW_PRACTITIONER_QA_M1_SKILL_04"",""OB_REVIEW_HM_01_EV_APP0194_FIRST_INTERVIEW_PRACTITIONER_QA_M1_SKILL_04"",""OB_REVIEW_ML_01_EV_APP0194_FIRST_INTERVIEW_PRACTITIONER_QA_M1_SKILL_05"",""OB_REVIEW_HM_01_EV_APP0194_FIRST_INTERVIEW_PRACTITIONER_QA_M1_SKILL_05"",""OB_REVIEW_ML_01_EV_APP0194_FIRST_INTERVIEW_PRACTITIONER_QA_M1_SKILL_06"",""OB_REVIEW_HM_01_EV_APP0194_FIRST_INTERVIEW_PRACTITIONER_QA_M1_SKILL_06"",""OB_REVIEW_ML_01_EV_APP0194_FIRST_INTERVIEW_PRACTITIONER_QA_M1_SKILL_08"",""OB_REVIEW_HM_01_EV_APP0194_FIRST_INTERVIEW_PRACTITIONER_QA_M1_SKILL_08""],""stage"":""FIRST_INTERVIEW""}"
APP0196_FIRST_INTERVIEW,APP0196,C0196,FIRST_INTERVIEW,2026-12-06T14:04:00+09:00,2026-12-08T14:04:00+09:00,2027-01-21T09:00:00+09:00,2027-01-21T10:10:00+09:00,2027-01-26T10:30:00+09:00,2027-01-30T10:30:00+09:00,,ADVANCED,FIRST_EVIDENCE_REVIEWED,,SYNTHETIC_HUMAN_SCENARIO,"{""criterion"":""REPEATED_DIRECT_TECHNICAL_LIMITATION"",""human_rationale"":""단계 활동과 관찰을 검토하여 다음 판단으로 진행한다. 미관찰은 부족/탈락과 동일하지 않다."",""observation_refs"":[""OB_REVIEW_ML_01_EV_APP0196_FIRST_INTERVIEW_TECHNICAL_ASSESSMENT_M1_SKILL_01"",""OB_REVIEW_HM_01_EV_APP0196_FIRST_INTERVIEW_TECHNICAL_ASSESSMENT_M1_SKILL_01"",""OB_REVIEW_ML_01_EV_APP0196_FIRST_INTERVIEW_TECHNICAL_ASSESSMENT_M1_SKILL_02"",""OB_REVIEW_HM_01_EV_APP0196_FIRST_INTERVIEW_TECHNICAL_ASSESSMENT_M1_SKILL_02"",""OB_REVIEW_ML_01_EV_APP0196_FIRST_INTERVIEW_TECHNICAL_ASSESSMENT_M1_SKILL_07"",""OB_REVIEW_HM_01_EV_APP0196_FIRST_INTERVIEW_TECHNICAL_ASSESSMENT_M1_SKILL_07"",""OB_REVIEW_ML_01_EV_APP0196_FIRST_INTERVIEW_AI_CASE_M1_SKILL_01"",""OB_REVIEW_HM_01_EV_APP0196_FIRST_INTERVIEW_AI_CASE_M1_SKILL_01"",""OB_REVIEW_ML_01_EV_APP0196_FIRST_INTERVIEW_AI_CASE_M1_SKILL_03"",""OB_REVIEW_HM_01_EV_APP0196_FIRST_INTERVIEW_AI_CASE_M1_SKILL_03"",""OB_REVIEW_ML_01_EV_APP0196_FIRST_INTERVIEW_PRACTITIONER_QA_M1_SKILL_04"",""OB_REVIEW_HM_01_EV_APP0196_FIRST_INTERVIEW_PRACTITIONER_QA_M1_SKILL_04"",""OB_REVIEW_ML_01_EV_APP0196_FIRST_INTERVIEW_PRACTITIONER_QA_M1_SKILL_05"",""OB_REVIEW_HM_01_EV_APP0196_FIRST_INTERVIEW_PRACTITIONER_QA_M1_SKILL_05"",""OB_REVIEW_ML_01_EV_APP0196_FIRST_INTERVIEW_PRACTITIONER_QA_M1_SKILL_06"",""OB_REVIEW_HM_01_EV_APP0196_FIRST_INTERVIEW_PRACTITIONER_QA_M1_SKILL_06"",""OB_REVIEW_ML_01_EV_APP0196_FIRST_INTERVIEW_PRACTITIONER_QA_M1_SKILL_08"",""OB_REVIEW_HM_01_EV_APP0196_FIRST_INTERVIEW_PRACTITIONER_QA_M1_SKILL_08""],""stage"":""FIRST_INTERVIEW""}"
APP0199_FIRST_INTERVIEW,APP0199,C0199,FIRST_INTERVIEW,2026-12-06T14:04:00+09:00,2026-12-08T14:04:00+09:00,2027-01-21T09:00:00+09:00,2027-01-21T10:15:00+09:00,2027-01-23T10:35:00+09:00,2027-01-24T10:35:00+09:00,,ADVANCED,FIRST_EVIDENCE_REVIEWED,,SYNTHETIC_HUMAN_SCENARIO,"{""criterion"":""REPEATED_DIRECT_TECHNICAL_LIMITATION"",""human_rationale"":""단계 활동과 관찰을 검토하여 다음 판단으로 진행한다. 미관찰은 부족/탈락과 동일하지 않다."",""observation_refs"":[""OB_REVIEW_ML_01_EV_APP0199_FIRST_INTERVIEW_TECHNICAL_ASSESSMENT_M1_SKILL_01"",""OB_REVIEW_HM_01_EV_APP0199_FIRST_INTERVIEW_TECHNICAL_ASSESSMENT_M1_SKILL_01"",""OB_REVIEW_ML_01_EV_APP0199_FIRST_INTERVIEW_TECHNICAL_ASSESSMENT_M1_SKILL_02"",""OB_REVIEW_HM_01_EV_APP0199_FIRST_INTERVIEW_TECHNICAL_ASSESSMENT_M1_SKILL_02"",""OB_REVIEW_ML_01_EV_APP0199_FIRST_INTERVIEW_TECHNICAL_ASSESSMENT_M1_SKILL_07"",""OB_REVIEW_HM_01_EV_APP0199_FIRST_INTERVIEW_TECHNICAL_ASSESSMENT_M1_SKILL_07"",""OB_REVIEW_ML_01_EV_APP0199_FIRST_INTERVIEW_AI_CASE_M1_SKILL_01"",""OB_REVIEW_HM_01_EV_APP0199_FIRST_INTERVIEW_AI_CASE_M1_SKILL_01"",""OB_REVIEW_ML_01_EV_APP0199_FIRST_INTERVIEW_AI_CASE_M1_SKILL_03"",""OB_REVIEW_HM_01_EV_APP0199_FIRST_INTERVIEW_AI_CASE_M1_SKILL_03"",""OB_REVIEW_ML_01_EV_APP0199_FIRST_INTERVIEW_PRACTITIONER_QA_M1_SKILL_04"",""OB_REVIEW_HM_01_EV_APP0199_FIRST_INTERVIEW_PRACTITIONER_QA_M1_SKILL_04"",""OB_REVIEW_ML_01_EV_APP0199_FIRST_INTERVIEW_PRACTITIONER_QA_M1_SKILL_05"",""OB_REVIEW_HM_01_EV_APP0199_FIRST_INTERVIEW_PRACTITIONER_QA_M1_SKILL_05"",""OB_REVIEW_ML_01_EV_APP0199_FIRST_INTERVIEW_PRACTITIONER_QA_M1_SKILL_06"",""OB_REVIEW_HM_01_EV_APP0199_FIRST_INTERVIEW_PRACTITIONER_QA_M1_SKILL_06"",""OB_REVIEW_ML_01_EV_APP0199_FIRST_INTERVIEW_PRACTITIONER_QA_M1_SKILL_08"",""OB_REVIEW_HM_01_EV_APP0199_FIRST_INTERVIEW_PRACTITIONER_QA_M1_SKILL_08""],""stage"":""FIRST_INTERVIEW""}"
APP0201_FIRST_INTERVIEW,APP0201,C0201,FIRST_INTERVIEW,2026-12-06T14:04:00+09:00,2026-12-08T14:04:00+09:00,2027-01-25T09:00:00+09:00,,,,,IN_PROGRESS,,,,"{""motive"":""UNKNOWN"",""operational_state"":""NO_RESPONSE_PENDING""}"
APP0202_FIRST_INTERVIEW,APP0202,C0202,FIRST_INTERVIEW,2026-12-06T14:04:00+09:00,2026-12-08T14:04:00+09:00,2027-01-25T09:00:00+09:00,2027-01-25T10:15:00+09:00,2027-01-30T10:40:00+09:00,2027-02-01T10:40:00+09:00,,ADVANCED,FIRST_EVIDENCE_REVIEWED,,SYNTHETIC_HUMAN_SCENARIO,"{""criterion"":""REPEATED_DIRECT_TECHNICAL_LIMITATION"",""human_rationale"":""단계 활동과 관찰을 검토하여 다음 판단으로 진행한다. 미관찰은 부족/탈락과 동일하지 않다."",""observation_refs"":[""OB_REVIEW_ML_01_EV_APP0202_FIRST_INTERVIEW_TECHNICAL_ASSESSMENT_M1_SKILL_01"",""OB_REVIEW_HM_01_EV_APP0202_FIRST_INTERVIEW_TECHNICAL_ASSESSMENT_M1_SKILL_01"",""OB_REVIEW_ML_01_EV_APP0202_FIRST_INTERVIEW_TECHNICAL_ASSESSMENT_M1_SKILL_02"",""OB_REVIEW_HM_01_EV_APP0202_FIRST_INTERVIEW_TECHNICAL_ASSESSMENT_M1_SKILL_02"",""OB_REVIEW_ML_01_EV_APP0202_FIRST_INTERVIEW_TECHNICAL_ASSESSMENT_M1_SKILL_07"",""OB_REVIEW_HM_01_EV_APP0202_FIRST_INTERVIEW_TECHNICAL_ASSESSMENT_M1_SKILL_07"",""OB_REVIEW_ML_01_EV_APP0202_FIRST_INTERVIEW_AI_CASE_M1_SKILL_01"",""OB_REVIEW_HM_01_EV_APP0202_FIRST_INTERVIEW_AI_CASE_M1_SKILL_01"",""OB_REVIEW_ML_01_EV_APP0202_FIRST_INTERVIEW_AI_CASE_M1_SKILL_03"",""OB_REVIEW_HM_01_EV_APP0202_FIRST_INTERVIEW_AI_CASE_M1_SKILL_03"",""OB_REVIEW_ML_01_EV_APP0202_FIRST_INTERVIEW_PRACTITIONER_QA_M1_SKILL_04"",""OB_REVIEW_HM_01_EV_APP0202_FIRST_INTERVIEW_PRACTITIONER_QA_M1_SKILL_04"",""OB_REVIEW_ML_01_EV_APP0202_FIRST_INTERVIEW_PRACTITIONER_QA_M1_SKILL_05"",""OB_REVIEW_HM_01_EV_APP0202_FIRST_INTERVIEW_PRACTITIONER_QA_M1_SKILL_05"",""OB_REVIEW_ML_01_EV_APP0202_FIRST_INTERVIEW_PRACTITIONER_QA_M1_SKILL_06"",""OB_REVIEW_HM_01_EV_APP0202_FIRST_INTERVIEW_PRACTITIONER_QA_M1_SKILL_06"",""OB_REVIEW_ML_01_EV_APP0202_FIRST_INTERVIEW_PRACTITIONER_QA_M1_SKILL_08"",""OB_REVIEW_HM_01_EV_APP0202_FIRST_INTERVIEW_PRACTITIONER_QA_M1_SKILL_08""],""stage"":""FIRST_INTERVIEW""}"
APP0205_FIRST_INTERVIEW,APP0205,C0205,FIRST_INTERVIEW,2026-12-06T14:04:00+09:00,2026-12-08T14:04:00+09:00,2027-01-25T09:00:00+09:00,2027-01-25T10:20:00+09:00,2027-01-26T10:35:00+09:00,2027-01-30T10:35:00+09:00,,ADVANCED,FIRST_EVIDENCE_REVIEWED,,SYNTHETIC_HUMAN_SCENARIO,"{""criterion"":""REPEATED_DIRECT_TECHNICAL_LIMITATION"",""human_rationale"":""단계 활동과 관찰을 검토하여 다음 판단으로 진행한다. 미관찰은 부족/탈락과 동일하지 않다."",""observation_refs"":[""OB_REVIEW_ML_01_EV_APP0205_FIRST_INTERVIEW_TECHNICAL_ASSESSMENT_M1_SKILL_01"",""OB_REVIEW_HM_01_EV_APP0205_FIRST_INTERVIEW_TECHNICAL_ASSESSMENT_M1_SKILL_01"",""OB_REVIEW_ML_01_EV_APP0205_FIRST_INTERVIEW_TECHNICAL_ASSESSMENT_M1_SKILL_02"",""OB_REVIEW_HM_01_EV_APP0205_FIRST_INTERVIEW_TECHNICAL_ASSESSMENT_M1_SKILL_02"",""OB_REVIEW_ML_01_EV_APP0205_FIRST_INTERVIEW_TECHNICAL_ASSESSMENT_M1_SKILL_07"",""OB_REVIEW_HM_01_EV_APP0205_FIRST_INTERVIEW_TECHNICAL_ASSESSMENT_M1_SKILL_07"",""OB_REVIEW_ML_01_EV_APP0205_FIRST_INTERVIEW_AI_CASE_M1_SKILL_01"",""OB_REVIEW_HM_01_EV_APP0205_FIRST_INTERVIEW_AI_CASE_M1_SKILL_01"",""OB_REVIEW_ML_01_EV_APP0205_FIRST_INTERVIEW_AI_CASE_M1_SKILL_03"",""OB_REVIEW_HM_01_EV_APP0205_FIRST_INTERVIEW_AI_CASE_M1_SKILL_03"",""OB_REVIEW_ML_01_EV_APP0205_FIRST_INTERVIEW_PRACTITIONER_QA_M1_SKILL_04"",""OB_REVIEW_HM_01_EV_APP0205_FIRST_INTERVIEW_PRACTITIONER_QA_M1_SKILL_04"",""OB_REVIEW_ML_01_EV_APP0205_FIRST_INTERVIEW_PRACTITIONER_QA_M1_SKILL_05"",""OB_REVIEW_HM_01_EV_APP0205_FIRST_INTERVIEW_PRACTITIONER_QA_M1_SKILL_05"",""OB_REVIEW_ML_01_EV_APP0205_FIRST_INTERVIEW_PRACTITIONER_QA_M1_SKILL_06"",""OB_REVIEW_HM_01_EV_APP0205_FIRST_INTERVIEW_PRACTITIONER_QA_M1_SKILL_06"",""OB_REVIEW_ML_01_EV_APP0205_FIRST_INTERVIEW_PRACTITIONER_QA_M1_SKILL_08"",""OB_REVIEW_HM_01_EV_APP0205_FIRST_INTERVIEW_PRACTITIONER_QA_M1_SKILL_08""],""stage"":""FIRST_INTERVIEW""}"
APP0209_FIRST_INTERVIEW,APP0209,C0209,FIRST_INTERVIEW,2026-12-06T14:04:00+09:00,2026-12-08T14:04:00+09:00,2027-01-25T09:00:00+09:00,2027-01-25T10:15:00+09:00,2027-01-27T10:40:00+09:00,2027-01-27T10:40:00+09:00,,ADVANCED,FIRST_EVIDENCE_REVIEWED,,SYNTHETIC_HUMAN_SCENARIO,"{""criterion"":""REPEATED_DIRECT_TECHNICAL_LIMITATION"",""human_rationale"":""단계 활동과 관찰을 검토하여 다음 판단으로 진행한다. 미관찰은 부족/탈락과 동일하지 않다."",""observation_refs"":[""OB_REVIEW_ML_01_EV_APP0209_FIRST_INTERVIEW_TECHNICAL_ASSESSMENT_M1_SKILL_01"",""OB_REVIEW_HM_01_EV_APP0209_FIRST_INTERVIEW_TECHNICAL_ASSESSMENT_M1_SKILL_01"",""OB_REVIEW_ML_01_EV_APP0209_FIRST_INTERVIEW_TECHNICAL_ASSESSMENT_M1_SKILL_02"",""OB_REVIEW_HM_01_EV_APP0209_FIRST_INTERVIEW_TECHNICAL_ASSESSMENT_M1_SKILL_02"",""OB_REVIEW_ML_01_EV_APP0209_FIRST_INTERVIEW_TECHNICAL_ASSESSMENT_M1_SKILL_07"",""OB_REVIEW_HM_01_EV_APP0209_FIRST_INTERVIEW_TECHNICAL_ASSESSMENT_M1_SKILL_07"",""OB_REVIEW_ML_01_EV_APP0209_FIRST_INTERVIEW_AI_CASE_M1_SKILL_01"",""OB_REVIEW_HM_01_EV_APP0209_FIRST_INTERVIEW_AI_CASE_M1_SKILL_01"",""OB_REVIEW_ML_01_EV_APP0209_FIRST_INTERVIEW_AI_CASE_M1_SKILL_03"",""OB_REVIEW_HM_01_EV_APP0209_FIRST_INTERVIEW_AI_CASE_M1_SKILL_03"",""OB_REVIEW_ML_01_EV_APP0209_FIRST_INTERVIEW_PRACTITIONER_QA_M1_SKILL_04"",""OB_REVIEW_HM_01_EV_APP0209_FIRST_INTERVIEW_PRACTITIONER_QA_M1_SKILL_04"",""OB_REVIEW_ML_01_EV_APP0209_FIRST_INTERVIEW_PRACTITIONER_QA_M1_SKILL_05"",""OB_REVIEW_HM_01_EV_APP0209_FIRST_INTERVIEW_PRACTITIONER_QA_M1_SKILL_05"",""OB_REVIEW_ML_01_EV_APP0209_FIRST_INTERVIEW_PRACTITIONER_QA_M1_SKILL_06"",""OB_REVIEW_HM_01_EV_APP0209_FIRST_INTERVIEW_PRACTITIONER_QA_M1_SKILL_06"",""OB_REVIEW_ML_01_EV_APP0209_FIRST_INTERVIEW_PRACTITIONER_QA_M1_SKILL_08"",""OB_REVIEW_HM_01_EV_APP0209_FIRST_INTERVIEW_PRACTITIONER_QA_M1_SKILL_08""],""stage"":""FIRST_INTERVIEW""}"
APP0210_FIRST_INTERVIEW,APP0210,C0210,FIRST_INTERVIEW,2026-12-06T14:04:00+09:00,2026-12-08T14:04:00+09:00,2027-01-25T09:00:00+09:00,2027-01-25T10:15:00+09:00,2027-01-26T10:30:00+09:00,2027-01-27T10:30:00+09:00,,ADVANCED,FIRST_EVIDENCE_REVIEWED,,SYNTHETIC_HUMAN_SCENARIO,"{""criterion"":""REPEATED_DIRECT_TECHNICAL_LIMITATION"",""human_rationale"":""단계 활동과 관찰을 검토하여 다음 판단으로 진행한다. 미관찰은 부족/탈락과 동일하지 않다."",""observation_refs"":[""OB_REVIEW_ML_01_EV_APP0210_FIRST_INTERVIEW_TECHNICAL_ASSESSMENT_M1_SKILL_01"",""OB_REVIEW_HM_01_EV_APP0210_FIRST_INTERVIEW_TECHNICAL_ASSESSMENT_M1_SKILL_01"",""OB_REVIEW_ML_01_EV_APP0210_FIRST_INTERVIEW_TECHNICAL_ASSESSMENT_M1_SKILL_02"",""OB_REVIEW_HM_01_EV_APP0210_FIRST_INTERVIEW_TECHNICAL_ASSESSMENT_M1_SKILL_02"",""OB_REVIEW_ML_01_EV_APP0210_FIRST_INTERVIEW_TECHNICAL_ASSESSMENT_M1_SKILL_07"",""OB_REVIEW_HM_01_EV_APP0210_FIRST_INTERVIEW_TECHNICAL_ASSESSMENT_M1_SKILL_07"",""OB_REVIEW_ML_01_EV_APP0210_FIRST_INTERVIEW_AI_CASE_M1_SKILL_01"",""OB_REVIEW_HM_01_EV_APP0210_FIRST_INTERVIEW_AI_CASE_M1_SKILL_01"",""OB_REVIEW_ML_01_EV_APP0210_FIRST_INTERVIEW_AI_CASE_M1_SKILL_03"",""OB_REVIEW_HM_01_EV_APP0210_FIRST_INTERVIEW_AI_CASE_M1_SKILL_03"",""OB_REVIEW_ML_01_EV_APP0210_FIRST_INTERVIEW_PRACTITIONER_QA_M1_SKILL_04"",""OB_REVIEW_HM_01_EV_APP0210_FIRST_INTERVIEW_PRACTITIONER_QA_M1_SKILL_04"",""OB_REVIEW_ML_01_EV_APP0210_FIRST_INTERVIEW_PRACTITIONER_QA_M1_SKILL_05"",""OB_REVIEW_HM_01_EV_APP0210_FIRST_INTERVIEW_PRACTITIONER_QA_M1_SKILL_05"",""OB_REVIEW_ML_01_EV_APP0210_FIRST_INTERVIEW_PRACTITIONER_QA_M1_SKILL_06"",""OB_REVIEW_HM_01_EV_APP0210_FIRST_INTERVIEW_PRACTITIONER_QA_M1_SKILL_06"",""OB_REVIEW_ML_01_EV_APP0210_FIRST_INTERVIEW_PRACTITIONER_QA_M1_SKILL_08"",""OB_REVIEW_HM_01_EV_APP0210_FIRST_INTERVIEW_PRACTITIONER_QA_M1_SKILL_08""],""stage"":""FIRST_INTERVIEW""}"
APP0215_FIRST_INTERVIEW,APP0215,C0215,FIRST_INTERVIEW,2026-12-06T14:04:00+09:00,2026-12-08T14:04:00+09:00,2027-01-25T09:00:00+09:00,2027-01-25T10:15:00+09:00,2027-01-30T10:40:00+09:00,2027-02-03T10:40:00+09:00,,ADVANCED,FIRST_EVIDENCE_REVIEWED,,SYNTHETIC_HUMAN_SCENARIO,"{""criterion"":""REPEATED_DIRECT_TECHNICAL_LIMITATION"",""human_rationale"":""단계 활동과 관찰을 검토하여 다음 판단으로 진행한다. 미관찰은 부족/탈락과 동일하지 않다."",""observation_refs"":[""OB_REVIEW_ML_01_EV_APP0215_FIRST_INTERVIEW_TECHNICAL_ASSESSMENT_M1_SKILL_01"",""OB_REVIEW_HM_01_EV_APP0215_FIRST_INTERVIEW_TECHNICAL_ASSESSMENT_M1_SKILL_01"",""OB_REVIEW_ML_01_EV_APP0215_FIRST_INTERVIEW_TECHNICAL_ASSESSMENT_M1_SKILL_02"",""OB_REVIEW_HM_01_EV_APP0215_FIRST_INTERVIEW_TECHNICAL_ASSESSMENT_M1_SKILL_02"",""OB_REVIEW_ML_01_EV_APP0215_FIRST_INTERVIEW_TECHNICAL_ASSESSMENT_M1_SKILL_07"",""OB_REVIEW_HM_01_EV_APP0215_FIRST_INTERVIEW_TECHNICAL_ASSESSMENT_M1_SKILL_07"",""OB_REVIEW_ML_01_EV_APP0215_FIRST_INTERVIEW_AI_CASE_M1_SKILL_01"",""OB_REVIEW_HM_01_EV_APP0215_FIRST_INTERVIEW_AI_CASE_M1_SKILL_01"",""OB_REVIEW_ML_01_EV_APP0215_FIRST_INTERVIEW_AI_CASE_M1_SKILL_03"",""OB_REVIEW_HM_01_EV_APP0215_FIRST_INTERVIEW_AI_CASE_M1_SKILL_03"",""OB_REVIEW_ML_01_EV_APP0215_FIRST_INTERVIEW_PRACTITIONER_QA_M1_SKILL_04"",""OB_REVIEW_HM_01_EV_APP0215_FIRST_INTERVIEW_PRACTITIONER_QA_M1_SKILL_04"",""OB_REVIEW_ML_01_EV_APP0215_FIRST_INTERVIEW_PRACTITIONER_QA_M1_SKILL_05"",""OB_REVIEW_HM_01_EV_APP0215_FIRST_INTERVIEW_PRACTITIONER_QA_M1_SKILL_05"",""OB_REVIEW_ML_01_EV_APP0215_FIRST_INTERVIEW_PRACTITIONER_QA_M1_SKILL_06"",""OB_REVIEW_HM_01_EV_APP0215_FIRST_INTERVIEW_PRACTITIONER_QA_M1_SKILL_06"",""OB_REVIEW_ML_01_EV_APP0215_FIRST_INTERVIEW_PRACTITIONER_QA_M1_SKILL_08"",""OB_REVIEW_HM_01_EV_APP0215_FIRST_INTERVIEW_PRACTITIONER_QA_M1_SKILL_08""],""stage"":""FIRST_INTERVIEW""}"
APP0216_FIRST_INTERVIEW,APP0216,C0216,FIRST_INTERVIEW,2026-12-06T14:04:00+09:00,2026-12-08T14:04:00+09:00,2027-01-25T09:00:00+09:00,2027-01-25T10:20:00+09:00,2027-01-30T10:40:00+09:00,2027-01-30T10:40:00+09:00,,ADVANCED,FIRST_EVIDENCE_REVIEWED,,SYNTHETIC_HUMAN_SCENARIO,"{""criterion"":""REPEATED_DIRECT_TECHNICAL_LIMITATION"",""human_rationale"":""단계 활동과 관찰을 검토하여 다음 판단으로 진행한다. 미관찰은 부족/탈락과 동일하지 않다."",""observation_refs"":[""OB_REVIEW_ML_01_EV_APP0216_FIRST_INTERVIEW_TECHNICAL_ASSESSMENT_M1_SKILL_01"",""OB_REVIEW_HM_01_EV_APP0216_FIRST_INTERVIEW_TECHNICAL_ASSESSMENT_M1_SKILL_01"",""OB_REVIEW_ML_01_EV_APP0216_FIRST_INTERVIEW_TECHNICAL_ASSESSMENT_M1_SKILL_02"",""OB_REVIEW_HM_01_EV_APP0216_FIRST_INTERVIEW_TECHNICAL_ASSESSMENT_M1_SKILL_02"",""OB_REVIEW_ML_01_EV_APP0216_FIRST_INTERVIEW_TECHNICAL_ASSESSMENT_M1_SKILL_07"",""OB_REVIEW_HM_01_EV_APP0216_FIRST_INTERVIEW_TECHNICAL_ASSESSMENT_M1_SKILL_07"",""OB_REVIEW_ML_01_EV_APP0216_FIRST_INTERVIEW_AI_CASE_M1_SKILL_01"",""OB_REVIEW_HM_01_EV_APP0216_FIRST_INTERVIEW_AI_CASE_M1_SKILL_01"",""OB_REVIEW_ML_01_EV_APP0216_FIRST_INTERVIEW_AI_CASE_M1_SKILL_03"",""OB_REVIEW_HM_01_EV_APP0216_FIRST_INTERVIEW_AI_CASE_M1_SKILL_03"",""OB_REVIEW_ML_01_EV_APP0216_FIRST_INTERVIEW_PRACTITIONER_QA_M1_SKILL_04"",""OB_REVIEW_HM_01_EV_APP0216_FIRST_INTERVIEW_PRACTITIONER_QA_M1_SKILL_04"",""OB_REVIEW_ML_01_EV_APP0216_FIRST_INTERVIEW_PRACTITIONER_QA_M1_SKILL_05"",""OB_REVIEW_HM_01_EV_APP0216_FIRST_INTERVIEW_PRACTITIONER_QA_M1_SKILL_05"",""OB_REVIEW_ML_01_EV_APP0216_FIRST_INTERVIEW_PRACTITIONER_QA_M1_SKILL_06"",""OB_REVIEW_HM_01_EV_APP0216_FIRST_INTERVIEW_PRACTITIONER_QA_M1_SKILL_06"",""OB_REVIEW_ML_01_EV_APP0216_FIRST_INTERVIEW_PRACTITIONER_QA_M1_SKILL_08"",""OB_REVIEW_HM_01_EV_APP0216_FIRST_INTERVIEW_PRACTITIONER_QA_M1_SKILL_08""],""stage"":""FIRST_INTERVIEW""}"
APP0217_FIRST_INTERVIEW,APP0217,C0217,FIRST_INTERVIEW,2026-12-06T14:04:00+09:00,2026-12-08T14:04:00+09:00,2027-01-25T09:00:00+09:00,,,,,IN_PROGRESS,,,,"{""motive"":""UNKNOWN"",""operational_state"":""NO_RESPONSE_PENDING""}"
APP0219_FIRST_INTERVIEW,APP0219,C0219,FIRST_INTERVIEW,2026-12-06T14:04:00+09:00,2026-12-08T14:04:00+09:00,2027-01-25T09:00:00+09:00,2027-01-25T10:25:00+09:00,2027-01-26T10:45:00+09:00,2027-01-27T10:45:00+09:00,,ADVANCED,FIRST_EVIDENCE_REVIEWED,,SYNTHETIC_HUMAN_SCENARIO,"{""criterion"":""REPEATED_DIRECT_TECHNICAL_LIMITATION"",""human_rationale"":""단계 활동과 관찰을 검토하여 다음 판단으로 진행한다. 미관찰은 부족/탈락과 동일하지 않다."",""observation_refs"":[""OB_REVIEW_ML_01_EV_APP0219_FIRST_INTERVIEW_TECHNICAL_ASSESSMENT_M1_SKILL_01"",""OB_REVIEW_HM_01_EV_APP0219_FIRST_INTERVIEW_TECHNICAL_ASSESSMENT_M1_SKILL_01"",""OB_REVIEW_ML_01_EV_APP0219_FIRST_INTERVIEW_TECHNICAL_ASSESSMENT_M1_SKILL_02"",""OB_REVIEW_HM_01_EV_APP0219_FIRST_INTERVIEW_TECHNICAL_ASSESSMENT_M1_SKILL_02"",""OB_REVIEW_ML_01_EV_APP0219_FIRST_INTERVIEW_TECHNICAL_ASSESSMENT_M1_SKILL_07"",""OB_REVIEW_HM_01_EV_APP0219_FIRST_INTERVIEW_TECHNICAL_ASSESSMENT_M1_SKILL_07"",""OB_REVIEW_ML_01_EV_APP0219_FIRST_INTERVIEW_AI_CASE_M1_SKILL_01"",""OB_REVIEW_HM_01_EV_APP0219_FIRST_INTERVIEW_AI_CASE_M1_SKILL_01"",""OB_REVIEW_ML_01_EV_APP0219_FIRST_INTERVIEW_AI_CASE_M1_SKILL_03"",""OB_REVIEW_HM_01_EV_APP0219_FIRST_INTERVIEW_AI_CASE_M1_SKILL_03"",""OB_REVIEW_ML_01_EV_APP0219_FIRST_INTERVIEW_PRACTITIONER_QA_M1_SKILL_04"",""OB_REVIEW_HM_01_EV_APP0219_FIRST_INTERVIEW_PRACTITIONER_QA_M1_SKILL_04"",""OB_REVIEW_ML_01_EV_APP0219_FIRST_INTERVIEW_PRACTITIONER_QA_M1_SKILL_05"",""OB_REVIEW_HM_01_EV_APP0219_FIRST_INTERVIEW_PRACTITIONER_QA_M1_SKILL_05"",""OB_REVIEW_ML_01_EV_APP0219_FIRST_INTERVIEW_PRACTITIONER_QA_M1_SKILL_06"",""OB_REVIEW_HM_01_EV_APP0219_FIRST_INTERVIEW_PRACTITIONER_QA_M1_SKILL_06"",""OB_REVIEW_ML_01_EV_APP0219_FIRST_INTERVIEW_PRACTITIONER_QA_M1_SKILL_08"",""OB_REVIEW_HM_01_EV_APP0219_FIRST_INTERVIEW_PRACTITIONER_QA_M1_SKILL_08""],""stage"":""FIRST_INTERVIEW""}"
APP0220_FIRST_INTERVIEW,APP0220,C0220,FIRST_INTERVIEW,2026-12-06T14:04:00+09:00,2026-12-08T14:04:00+09:00,2027-01-25T09:00:00+09:00,2027-01-25T10:15:00+09:00,2027-01-30T10:40:00+09:00,2027-02-03T10:40:00+09:00,,ADVANCED,FIRST_EVIDENCE_REVIEWED,,SYNTHETIC_HUMAN_SCENARIO,"{""criterion"":""REPEATED_DIRECT_TECHNICAL_LIMITATION"",""human_rationale"":""단계 활동과 관찰을 검토하여 다음 판단으로 진행한다. 미관찰은 부족/탈락과 동일하지 않다."",""observation_refs"":[""OB_REVIEW_ML_01_EV_APP0220_FIRST_INTERVIEW_TECHNICAL_ASSESSMENT_M1_SKILL_01"",""OB_REVIEW_HM_01_EV_APP0220_FIRST_INTERVIEW_TECHNICAL_ASSESSMENT_M1_SKILL_01"",""OB_REVIEW_ML_01_EV_APP0220_FIRST_INTERVIEW_TECHNICAL_ASSESSMENT_M1_SKILL_02"",""OB_REVIEW_HM_01_EV_APP0220_FIRST_INTERVIEW_TECHNICAL_ASSESSMENT_M1_SKILL_02"",""OB_REVIEW_ML_01_EV_APP0220_FIRST_INTERVIEW_TECHNICAL_ASSESSMENT_M1_SKILL_07"",""OB_REVIEW_HM_01_EV_APP0220_FIRST_INTERVIEW_TECHNICAL_ASSESSMENT_M1_SKILL_07"",""OB_REVIEW_ML_01_EV_APP0220_FIRST_INTERVIEW_AI_CASE_M1_SKILL_01"",""OB_REVIEW_HM_01_EV_APP0220_FIRST_INTERVIEW_AI_CASE_M1_SKILL_01"",""OB_REVIEW_ML_01_EV_APP0220_FIRST_INTERVIEW_AI_CASE_M1_SKILL_03"",""OB_REVIEW_HM_01_EV_APP0220_FIRST_INTERVIEW_AI_CASE_M1_SKILL_03"",""OB_REVIEW_ML_01_EV_APP0220_FIRST_INTERVIEW_PRACTITIONER_QA_M1_SKILL_04"",""OB_REVIEW_HM_01_EV_APP0220_FIRST_INTERVIEW_PRACTITIONER_QA_M1_SKILL_04"",""OB_REVIEW_ML_01_EV_APP0220_FIRST_INTERVIEW_PRACTITIONER_QA_M1_SKILL_05"",""OB_REVIEW_HM_01_EV_APP0220_FIRST_INTERVIEW_PRACTITIONER_QA_M1_SKILL_05"",""OB_REVIEW_ML_01_EV_APP0220_FIRST_INTERVIEW_PRACTITIONER_QA_M1_SKILL_06"",""OB_REVIEW_HM_01_EV_APP0220_FIRST_INTERVIEW_PRACTITIONER_QA_M1_SKILL_06"",""OB_REVIEW_ML_01_EV_APP0220_FIRST_INTERVIEW_PRACTITIONER_QA_M1_SKILL_08"",""OB_REVIEW_HM_01_EV_APP0220_FIRST_INTERVIEW_PRACTITIONER_QA_M1_SKILL_08""],""stage"":""FIRST_INTERVIEW""}"
APP0222_FIRST_INTERVIEW,APP0222,C0222,FIRST_INTERVIEW,2026-12-06T14:04:00+09:00,2026-12-08T14:04:00+09:00,2027-01-28T09:00:00+09:00,,,,,IN_PROGRESS,,,,"{""motive"":""UNKNOWN"",""operational_state"":""NO_RESPONSE_PENDING""}"
APP0223_FIRST_INTERVIEW,APP0223,C0223,FIRST_INTERVIEW,2026-12-06T14:04:00+09:00,2026-12-08T14:04:00+09:00,2027-01-28T09:00:00+09:00,2027-01-28T10:10:00+09:00,2027-02-02T10:25:00+09:00,2027-02-06T10:25:00+09:00,,ADVANCED,FIRST_EVIDENCE_REVIEWED,,SYNTHETIC_HUMAN_SCENARIO,"{""criterion"":""REPEATED_DIRECT_TECHNICAL_LIMITATION"",""human_rationale"":""단계 활동과 관찰을 검토하여 다음 판단으로 진행한다. 미관찰은 부족/탈락과 동일하지 않다."",""observation_refs"":[""OB_REVIEW_ML_01_EV_APP0223_FIRST_INTERVIEW_TECHNICAL_ASSESSMENT_M1_SKILL_01"",""OB_REVIEW_HM_01_EV_APP0223_FIRST_INTERVIEW_TECHNICAL_ASSESSMENT_M1_SKILL_01"",""OB_REVIEW_ML_01_EV_APP0223_FIRST_INTERVIEW_TECHNICAL_ASSESSMENT_M1_SKILL_02"",""OB_REVIEW_HM_01_EV_APP0223_FIRST_INTERVIEW_TECHNICAL_ASSESSMENT_M1_SKILL_02"",""OB_REVIEW_ML_01_EV_APP0223_FIRST_INTERVIEW_TECHNICAL_ASSESSMENT_M1_SKILL_07"",""OB_REVIEW_HM_01_EV_APP0223_FIRST_INTERVIEW_TECHNICAL_ASSESSMENT_M1_SKILL_07"",""OB_REVIEW_ML_01_EV_APP0223_FIRST_INTERVIEW_AI_CASE_M1_SKILL_01"",""OB_REVIEW_HM_01_EV_APP0223_FIRST_INTERVIEW_AI_CASE_M1_SKILL_01"",""OB_REVIEW_ML_01_EV_APP0223_FIRST_INTERVIEW_AI_CASE_M1_SKILL_03"",""OB_REVIEW_HM_01_EV_APP0223_FIRST_INTERVIEW_AI_CASE_M1_SKILL_03"",""OB_REVIEW_ML_01_EV_APP0223_FIRST_INTERVIEW_PRACTITIONER_QA_M1_SKILL_04"",""OB_REVIEW_HM_01_EV_APP0223_FIRST_INTERVIEW_PRACTITIONER_QA_M1_SKILL_04"",""OB_REVIEW_ML_01_EV_APP0223_FIRST_INTERVIEW_PRACTITIONER_QA_M1_SKILL_05"",""OB_REVIEW_HM_01_EV_APP0223_FIRST_INTERVIEW_PRACTITIONER_QA_M1_SKILL_05"",""OB_REVIEW_ML_01_EV_APP0223_FIRST_INTERVIEW_PRACTITIONER_QA_M1_SKILL_06"",""OB_REVIEW_HM_01_EV_APP0223_FIRST_INTERVIEW_PRACTITIONER_QA_M1_SKILL_06"",""OB_REVIEW_ML_01_EV_APP0223_FIRST_INTERVIEW_PRACTITIONER_QA_M1_SKILL_08"",""OB_REVIEW_HM_01_EV_APP0223_FIRST_INTERVIEW_PRACTITIONER_QA_M1_SKILL_08""],""stage"":""FIRST_INTERVIEW""}"
APP0225_FIRST_INTERVIEW,APP0225,C0225,FIRST_INTERVIEW,2026-12-06T14:04:00+09:00,2026-12-08T14:04:00+09:00,2027-01-28T09:00:00+09:00,2027-01-28T10:15:00+09:00,2027-01-29T10:30:00+09:00,2027-01-29T10:30:00+09:00,,ADVANCED,FIRST_EVIDENCE_REVIEWED,,SYNTHETIC_HUMAN_SCENARIO,"{""criterion"":""REPEATED_DIRECT_TECHNICAL_LIMITATION"",""human_rationale"":""단계 활동과 관찰을 검토하여 다음 판단으로 진행한다. 미관찰은 부족/탈락과 동일하지 않다."",""observation_refs"":[""OB_REVIEW_ML_01_EV_APP0225_FIRST_INTERVIEW_TECHNICAL_ASSESSMENT_M1_SKILL_01"",""OB_REVIEW_HM_01_EV_APP0225_FIRST_INTERVIEW_TECHNICAL_ASSESSMENT_M1_SKILL_01"",""OB_REVIEW_ML_01_EV_APP0225_FIRST_INTERVIEW_TECHNICAL_ASSESSMENT_M1_SKILL_02"",""OB_REVIEW_HM_01_EV_APP0225_FIRST_INTERVIEW_TECHNICAL_ASSESSMENT_M1_SKILL_02"",""OB_REVIEW_ML_01_EV_APP0225_FIRST_INTERVIEW_TECHNICAL_ASSESSMENT_M1_SKILL_07"",""OB_REVIEW_HM_01_EV_APP0225_FIRST_INTERVIEW_TECHNICAL_ASSESSMENT_M1_SKILL_07"",""OB_REVIEW_ML_01_EV_APP0225_FIRST_INTERVIEW_AI_CASE_M1_SKILL_01"",""OB_REVIEW_HM_01_EV_APP0225_FIRST_INTERVIEW_AI_CASE_M1_SKILL_01"",""OB_REVIEW_ML_01_EV_APP0225_FIRST_INTERVIEW_AI_CASE_M1_SKILL_03"",""OB_REVIEW_HM_01_EV_APP0225_FIRST_INTERVIEW_AI_CASE_M1_SKILL_03"",""OB_REVIEW_ML_01_EV_APP0225_FIRST_INTERVIEW_PRACTITIONER_QA_M1_SKILL_04"",""OB_REVIEW_HM_01_EV_APP0225_FIRST_INTERVIEW_PRACTITIONER_QA_M1_SKILL_04"",""OB_REVIEW_ML_01_EV_APP0225_FIRST_INTERVIEW_PRACTITIONER_QA_M1_SKILL_05"",""OB_REVIEW_HM_01_EV_APP0225_FIRST_INTERVIEW_PRACTITIONER_QA_M1_SKILL_05"",""OB_REVIEW_ML_01_EV_APP0225_FIRST_INTERVIEW_PRACTITIONER_QA_M1_SKILL_06"",""OB_REVIEW_HM_01_EV_APP0225_FIRST_INTERVIEW_PRACTITIONER_QA_M1_SKILL_06"",""OB_REVIEW_ML_01_EV_APP0225_FIRST_INTERVIEW_PRACTITIONER_QA_M1_SKILL_08"",""OB_REVIEW_HM_01_EV_APP0225_FIRST_INTERVIEW_PRACTITIONER_QA_M1_SKILL_08""],""stage"":""FIRST_INTERVIEW""}"
APP0228_FIRST_INTERVIEW,APP0228,C0228,FIRST_INTERVIEW,2026-12-06T14:04:00+09:00,2026-12-08T14:04:00+09:00,2027-01-28T09:00:00+09:00,2027-01-28T10:15:00+09:00,2027-02-02T10:40:00+09:00,2027-02-06T10:40:00+09:00,,ADVANCED,FIRST_EVIDENCE_REVIEWED,,SYNTHETIC_HUMAN_SCENARIO,"{""criterion"":""REPEATED_DIRECT_TECHNICAL_LIMITATION"",""human_rationale"":""단계 활동과 관찰을 검토하여 다음 판단으로 진행한다. 미관찰은 부족/탈락과 동일하지 않다."",""observation_refs"":[""OB_REVIEW_ML_01_EV_APP0228_FIRST_INTERVIEW_TECHNICAL_ASSESSMENT_M1_SKILL_01"",""OB_REVIEW_HM_01_EV_APP0228_FIRST_INTERVIEW_TECHNICAL_ASSESSMENT_M1_SKILL_01"",""OB_REVIEW_ML_01_EV_APP0228_FIRST_INTERVIEW_TECHNICAL_ASSESSMENT_M1_SKILL_02"",""OB_REVIEW_HM_01_EV_APP0228_FIRST_INTERVIEW_TECHNICAL_ASSESSMENT_M1_SKILL_02"",""OB_REVIEW_ML_01_EV_APP0228_FIRST_INTERVIEW_TECHNICAL_ASSESSMENT_M1_SKILL_07"",""OB_REVIEW_HM_01_EV_APP0228_FIRST_INTERVIEW_TECHNICAL_ASSESSMENT_M1_SKILL_07"",""OB_REVIEW_ML_01_EV_APP0228_FIRST_INTERVIEW_AI_CASE_M1_SKILL_01"",""OB_REVIEW_HM_01_EV_APP0228_FIRST_INTERVIEW_AI_CASE_M1_SKILL_01"",""OB_REVIEW_ML_01_EV_APP0228_FIRST_INTERVIEW_AI_CASE_M1_SKILL_03"",""OB_REVIEW_HM_01_EV_APP0228_FIRST_INTERVIEW_AI_CASE_M1_SKILL_03"",""OB_REVIEW_ML_01_EV_APP0228_FIRST_INTERVIEW_PRACTITIONER_QA_M1_SKILL_04"",""OB_REVIEW_HM_01_EV_APP0228_FIRST_INTERVIEW_PRACTITIONER_QA_M1_SKILL_04"",""OB_REVIEW_ML_01_EV_APP0228_FIRST_INTERVIEW_PRACTITIONER_QA_M1_SKILL_05"",""OB_REVIEW_HM_01_EV_APP0228_FIRST_INTERVIEW_PRACTITIONER_QA_M1_SKILL_05"",""OB_REVIEW_ML_01_EV_APP0228_FIRST_INTERVIEW_PRACTITIONER_QA_M1_SKILL_06"",""OB_REVIEW_HM_01_EV_APP0228_FIRST_INTERVIEW_PRACTITIONER_QA_M1_SKILL_06"",""OB_REVIEW_ML_01_EV_APP0228_FIRST_INTERVIEW_PRACTITIONER_QA_M1_SKILL_08"",""OB_REVIEW_HM_01_EV_APP0228_FIRST_INTERVIEW_PRACTITIONER_QA_M1_SKILL_08""],""stage"":""FIRST_INTERVIEW""}"
APP0230_FIRST_INTERVIEW,APP0230,C0230,FIRST_INTERVIEW,2026-12-06T14:04:00+09:00,2026-12-08T14:04:00+09:00,2027-01-28T09:00:00+09:00,2027-01-28T10:35:00+09:00,2027-01-29T10:50:00+09:00,2027-01-29T10:50:00+09:00,,ADVANCED,FIRST_EVIDENCE_REVIEWED,,SYNTHETIC_HUMAN_SCENARIO,"{""criterion"":""REPEATED_DIRECT_TECHNICAL_LIMITATION"",""human_rationale"":""단계 활동과 관찰을 검토하여 다음 판단으로 진행한다. 미관찰은 부족/탈락과 동일하지 않다."",""observation_refs"":[""OB_REVIEW_ML_01_EV_APP0230_FIRST_INTERVIEW_TECHNICAL_ASSESSMENT_M1_SKILL_01"",""OB_REVIEW_HM_01_EV_APP0230_FIRST_INTERVIEW_TECHNICAL_ASSESSMENT_M1_SKILL_01"",""OB_REVIEW_ML_01_EV_APP0230_FIRST_INTERVIEW_TECHNICAL_ASSESSMENT_M1_SKILL_02"",""OB_REVIEW_HM_01_EV_APP0230_FIRST_INTERVIEW_TECHNICAL_ASSESSMENT_M1_SKILL_02"",""OB_REVIEW_ML_01_EV_APP0230_FIRST_INTERVIEW_TECHNICAL_ASSESSMENT_M1_SKILL_07"",""OB_REVIEW_HM_01_EV_APP0230_FIRST_INTERVIEW_TECHNICAL_ASSESSMENT_M1_SKILL_07"",""OB_REVIEW_ML_01_EV_APP0230_FIRST_INTERVIEW_AI_CASE_M1_SKILL_01"",""OB_REVIEW_HM_01_EV_APP0230_FIRST_INTERVIEW_AI_CASE_M1_SKILL_01"",""OB_REVIEW_ML_01_EV_APP0230_FIRST_INTERVIEW_AI_CASE_M1_SKILL_03"",""OB_REVIEW_HM_01_EV_APP0230_FIRST_INTERVIEW_AI_CASE_M1_SKILL_03"",""OB_REVIEW_ML_01_EV_APP0230_FIRST_INTERVIEW_PRACTITIONER_QA_M1_SKILL_04"",""OB_REVIEW_HM_01_EV_APP0230_FIRST_INTERVIEW_PRACTITIONER_QA_M1_SKILL_04"",""OB_REVIEW_ML_01_EV_APP0230_FIRST_INTERVIEW_PRACTITIONER_QA_M1_SKILL_05"",""OB_REVIEW_HM_01_EV_APP0230_FIRST_INTERVIEW_PRACTITIONER_QA_M1_SKILL_05"",""OB_REVIEW_ML_01_EV_APP0230_FIRST_INTERVIEW_PRACTITIONER_QA_M1_SKILL_06"",""OB_REVIEW_HM_01_EV_APP0230_FIRST_INTERVIEW_PRACTITIONER_QA_M1_SKILL_06"",""OB_REVIEW_ML_01_EV_APP0230_FIRST_INTERVIEW_PRACTITIONER_QA_M1_SKILL_08"",""OB_REVIEW_HM_01_EV_APP0230_FIRST_INTERVIEW_PRACTITIONER_QA_M1_SKILL_08""],""stage"":""FIRST_INTERVIEW""}"
APP0231_FIRST_INTERVIEW,APP0231,C0231,FIRST_INTERVIEW,2026-12-06T14:04:00+09:00,2026-12-08T14:04:00+09:00,2027-01-28T09:00:00+09:00,2027-01-28T10:20:00+09:00,2027-01-29T10:40:00+09:00,2027-01-30T10:40:00+09:00,,ADVANCED,FIRST_EVIDENCE_REVIEWED,,SYNTHETIC_HUMAN_SCENARIO,"{""criterion"":""REPEATED_DIRECT_TECHNICAL_LIMITATION"",""human_rationale"":""단계 활동과 관찰을 검토하여 다음 판단으로 진행한다. 미관찰은 부족/탈락과 동일하지 않다."",""observation_refs"":[""OB_REVIEW_ML_01_EV_APP0231_FIRST_INTERVIEW_TECHNICAL_ASSESSMENT_M1_SKILL_01"",""OB_REVIEW_HM_01_EV_APP0231_FIRST_INTERVIEW_TECHNICAL_ASSESSMENT_M1_SKILL_01"",""OB_REVIEW_ML_01_EV_APP0231_FIRST_INTERVIEW_TECHNICAL_ASSESSMENT_M1_SKILL_02"",""OB_REVIEW_HM_01_EV_APP0231_FIRST_INTERVIEW_TECHNICAL_ASSESSMENT_M1_SKILL_02"",""OB_REVIEW_ML_01_EV_APP0231_FIRST_INTERVIEW_TECHNICAL_ASSESSMENT_M1_SKILL_07"",""OB_REVIEW_HM_01_EV_APP0231_FIRST_INTERVIEW_TECHNICAL_ASSESSMENT_M1_SKILL_07"",""OB_REVIEW_ML_01_EV_APP0231_FIRST_INTERVIEW_AI_CASE_M1_SKILL_01"",""OB_REVIEW_HM_01_EV_APP0231_FIRST_INTERVIEW_AI_CASE_M1_SKILL_01"",""OB_REVIEW_ML_01_EV_APP0231_FIRST_INTERVIEW_AI_CASE_M1_SKILL_03"",""OB_REVIEW_HM_01_EV_APP0231_FIRST_INTERVIEW_AI_CASE_M1_SKILL_03"",""OB_REVIEW_ML_01_EV_APP0231_FIRST_INTERVIEW_PRACTITIONER_QA_M1_SKILL_04"",""OB_REVIEW_HM_01_EV_APP0231_FIRST_INTERVIEW_PRACTITIONER_QA_M1_SKILL_04"",""OB_REVIEW_ML_01_EV_APP0231_FIRST_INTERVIEW_PRACTITIONER_QA_M1_SKILL_05"",""OB_REVIEW_HM_01_EV_APP0231_FIRST_INTERVIEW_PRACTITIONER_QA_M1_SKILL_05"",""OB_REVIEW_ML_01_EV_APP0231_FIRST_INTERVIEW_PRACTITIONER_QA_M1_SKILL_06"",""OB_REVIEW_HM_01_EV_APP0231_FIRST_INTERVIEW_PRACTITIONER_QA_M1_SKILL_06"",""OB_REVIEW_ML_01_EV_APP0231_FIRST_INTERVIEW_PRACTITIONER_QA_M1_SKILL_08"",""OB_REVIEW_HM_01_EV_APP0231_FIRST_INTERVIEW_PRACTITIONER_QA_M1_SKILL_08""],""stage"":""FIRST_INTERVIEW""}"
APP0232_FIRST_INTERVIEW,APP0232,C0232,FIRST_INTERVIEW,2026-12-06T14:04:00+09:00,2026-12-08T14:04:00+09:00,2027-01-28T09:00:00+09:00,2027-01-28T10:20:00+09:00,2027-01-30T10:35:00+09:00,2027-02-01T10:35:00+09:00,,ADVANCED,FIRST_EVIDENCE_REVIEWED,,SYNTHETIC_HUMAN_SCENARIO,"{""criterion"":""REPEATED_DIRECT_TECHNICAL_LIMITATION"",""human_rationale"":""단계 활동과 관찰을 검토하여 다음 판단으로 진행한다. 미관찰은 부족/탈락과 동일하지 않다."",""observation_refs"":[""OB_REVIEW_ML_01_EV_APP0232_FIRST_INTERVIEW_TECHNICAL_ASSESSMENT_M1_SKILL_01"",""OB_REVIEW_HM_01_EV_APP0232_FIRST_INTERVIEW_TECHNICAL_ASSESSMENT_M1_SKILL_01"",""OB_REVIEW_ML_01_EV_APP0232_FIRST_INTERVIEW_TECHNICAL_ASSESSMENT_M1_SKILL_02"",""OB_REVIEW_HM_01_EV_APP0232_FIRST_INTERVIEW_TECHNICAL_ASSESSMENT_M1_SKILL_02"",""OB_REVIEW_ML_01_EV_APP0232_FIRST_INTERVIEW_TECHNICAL_ASSESSMENT_M1_SKILL_07"",""OB_REVIEW_HM_01_EV_APP0232_FIRST_INTERVIEW_TECHNICAL_ASSESSMENT_M1_SKILL_07"",""OB_REVIEW_ML_01_EV_APP0232_FIRST_INTERVIEW_AI_CASE_M1_SKILL_01"",""OB_REVIEW_HM_01_EV_APP0232_FIRST_INTERVIEW_AI_CASE_M1_SKILL_01"",""OB_REVIEW_ML_01_EV_APP0232_FIRST_INTERVIEW_AI_CASE_M1_SKILL_03"",""OB_REVIEW_HM_01_EV_APP0232_FIRST_INTERVIEW_AI_CASE_M1_SKILL_03"",""OB_REVIEW_ML_01_EV_APP0232_FIRST_INTERVIEW_PRACTITIONER_QA_M1_SKILL_04"",""OB_REVIEW_HM_01_EV_APP0232_FIRST_INTERVIEW_PRACTITIONER_QA_M1_SKILL_04"",""OB_REVIEW_ML_01_EV_APP0232_FIRST_INTERVIEW_PRACTITIONER_QA_M1_SKILL_05"",""OB_REVIEW_HM_01_EV_APP0232_FIRST_INTERVIEW_PRACTITIONER_QA_M1_SKILL_05"",""OB_REVIEW_ML_01_EV_APP0232_FIRST_INTERVIEW_PRACTITIONER_QA_M1_SKILL_06"",""OB_REVIEW_HM_01_EV_APP0232_FIRST_INTERVIEW_PRACTITIONER_QA_M1_SKILL_06"",""OB_REVIEW_ML_01_EV_APP0232_FIRST_INTERVIEW_PRACTITIONER_QA_M1_SKILL_08"",""OB_REVIEW_HM_01_EV_APP0232_FIRST_INTERVIEW_PRACTITIONER_QA_M1_SKILL_08""],""stage"":""FIRST_INTERVIEW""}"
APP0235_FIRST_INTERVIEW,APP0235,C0235,FIRST_INTERVIEW,2026-12-06T14:04:00+09:00,2026-12-08T14:04:00+09:00,2027-01-28T09:00:00+09:00,2027-01-28T10:25:00+09:00,2027-01-31T10:45:00+09:00,2027-02-01T10:45:00+09:00,,ADVANCED,FIRST_EVIDENCE_REVIEWED,,SYNTHETIC_HUMAN_SCENARIO,"{""criterion"":""REPEATED_DIRECT_TECHNICAL_LIMITATION"",""human_rationale"":""단계 활동과 관찰을 검토하여 다음 판단으로 진행한다. 미관찰은 부족/탈락과 동일하지 않다."",""observation_refs"":[""OB_REVIEW_ML_01_EV_APP0235_FIRST_INTERVIEW_TECHNICAL_ASSESSMENT_M1_SKILL_01"",""OB_REVIEW_HM_01_EV_APP0235_FIRST_INTERVIEW_TECHNICAL_ASSESSMENT_M1_SKILL_01"",""OB_REVIEW_ML_01_EV_APP0235_FIRST_INTERVIEW_TECHNICAL_ASSESSMENT_M1_SKILL_02"",""OB_REVIEW_HM_01_EV_APP0235_FIRST_INTERVIEW_TECHNICAL_ASSESSMENT_M1_SKILL_02"",""OB_REVIEW_ML_01_EV_APP0235_FIRST_INTERVIEW_TECHNICAL_ASSESSMENT_M1_SKILL_07"",""OB_REVIEW_HM_01_EV_APP0235_FIRST_INTERVIEW_TECHNICAL_ASSESSMENT_M1_SKILL_07"",""OB_REVIEW_ML_01_EV_APP0235_FIRST_INTERVIEW_AI_CASE_M1_SKILL_01"",""OB_REVIEW_HM_01_EV_APP0235_FIRST_INTERVIEW_AI_CASE_M1_SKILL_01"",""OB_REVIEW_ML_01_EV_APP0235_FIRST_INTERVIEW_AI_CASE_M1_SKILL_03"",""OB_REVIEW_HM_01_EV_APP0235_FIRST_INTERVIEW_AI_CASE_M1_SKILL_03"",""OB_REVIEW_ML_01_EV_APP0235_FIRST_INTERVIEW_PRACTITIONER_QA_M1_SKILL_04"",""OB_REVIEW_HM_01_EV_APP0235_FIRST_INTERVIEW_PRACTITIONER_QA_M1_SKILL_04"",""OB_REVIEW_ML_01_EV_APP0235_FIRST_INTERVIEW_PRACTITIONER_QA_M1_SKILL_05"",""OB_REVIEW_HM_01_EV_APP0235_FIRST_INTERVIEW_PRACTITIONER_QA_M1_SKILL_05"",""OB_REVIEW_ML_01_EV_APP0235_FIRST_INTERVIEW_PRACTITIONER_QA_M1_SKILL_06"",""OB_REVIEW_HM_01_EV_APP0235_FIRST_INTERVIEW_PRACTITIONER_QA_M1_SKILL_06"",""OB_REVIEW_ML_01_EV_APP0235_FIRST_INTERVIEW_PRACTITIONER_QA_M1_SKILL_08"",""OB_REVIEW_HM_01_EV_APP0235_FIRST_INTERVIEW_PRACTITIONER_QA_M1_SKILL_08""],""stage"":""FIRST_INTERVIEW""}"
APP0237_FIRST_INTERVIEW,APP0237,C0237,FIRST_INTERVIEW,2026-12-06T14:04:00+09:00,2026-12-08T14:04:00+09:00,2027-01-28T09:00:00+09:00,2027-01-28T10:20:00+09:00,2027-01-30T10:40:00+09:00,2027-01-30T10:40:00+09:00,,ADVANCED,FIRST_EVIDENCE_REVIEWED,,SYNTHETIC_HUMAN_SCENARIO,"{""criterion"":""REPEATED_DIRECT_TECHNICAL_LIMITATION"",""human_rationale"":""단계 활동과 관찰을 검토하여 다음 판단으로 진행한다. 미관찰은 부족/탈락과 동일하지 않다."",""observation_refs"":[""OB_REVIEW_ML_01_EV_APP0237_FIRST_INTERVIEW_TECHNICAL_ASSESSMENT_M1_SKILL_01"",""OB_REVIEW_HM_01_EV_APP0237_FIRST_INTERVIEW_TECHNICAL_ASSESSMENT_M1_SKILL_01"",""OB_REVIEW_ML_01_EV_APP0237_FIRST_INTERVIEW_TECHNICAL_ASSESSMENT_M1_SKILL_02"",""OB_REVIEW_HM_01_EV_APP0237_FIRST_INTERVIEW_TECHNICAL_ASSESSMENT_M1_SKILL_02"",""OB_REVIEW_ML_01_EV_APP0237_FIRST_INTERVIEW_TECHNICAL_ASSESSMENT_M1_SKILL_07"",""OB_REVIEW_HM_01_EV_APP0237_FIRST_INTERVIEW_TECHNICAL_ASSESSMENT_M1_SKILL_07"",""OB_REVIEW_ML_01_EV_APP0237_FIRST_INTERVIEW_AI_CASE_M1_SKILL_01"",""OB_REVIEW_HM_01_EV_APP0237_FIRST_INTERVIEW_AI_CASE_M1_SKILL_01"",""OB_REVIEW_ML_01_EV_APP0237_FIRST_INTERVIEW_AI_CASE_M1_SKILL_03"",""OB_REVIEW_HM_01_EV_APP0237_FIRST_INTERVIEW_AI_CASE_M1_SKILL_03"",""OB_REVIEW_ML_01_EV_APP0237_FIRST_INTERVIEW_PRACTITIONER_QA_M1_SKILL_04"",""OB_REVIEW_HM_01_EV_APP0237_FIRST_INTERVIEW_PRACTITIONER_QA_M1_SKILL_04"",""OB_REVIEW_ML_01_EV_APP0237_FIRST_INTERVIEW_PRACTITIONER_QA_M1_SKILL_05"",""OB_REVIEW_HM_01_EV_APP0237_FIRST_INTERVIEW_PRACTITIONER_QA_M1_SKILL_05"",""OB_REVIEW_ML_01_EV_APP0237_FIRST_INTERVIEW_PRACTITIONER_QA_M1_SKILL_06"",""OB_REVIEW_HM_01_EV_APP0237_FIRST_INTERVIEW_PRACTITIONER_QA_M1_SKILL_06"",""OB_REVIEW_ML_01_EV_APP0237_FIRST_INTERVIEW_PRACTITIONER_QA_M1_SKILL_08"",""OB_REVIEW_HM_01_EV_APP0237_FIRST_INTERVIEW_PRACTITIONER_QA_M1_SKILL_08""],""stage"":""FIRST_INTERVIEW""}"
APP0238_FIRST_INTERVIEW,APP0238,C0238,FIRST_INTERVIEW,2026-12-06T14:04:00+09:00,2026-12-08T14:04:00+09:00,2027-01-28T09:00:00+09:00,2027-01-28T10:25:00+09:00,2027-01-31T10:40:00+09:00,2027-02-02T10:40:00+09:00,,ADVANCED,FIRST_EVIDENCE_REVIEWED,,SYNTHETIC_HUMAN_SCENARIO,"{""criterion"":""REPEATED_DIRECT_TECHNICAL_LIMITATION"",""human_rationale"":""단계 활동과 관찰을 검토하여 다음 판단으로 진행한다. 미관찰은 부족/탈락과 동일하지 않다."",""observation_refs"":[""OB_REVIEW_ML_01_EV_APP0238_FIRST_INTERVIEW_TECHNICAL_ASSESSMENT_M1_SKILL_01"",""OB_REVIEW_HM_01_EV_APP0238_FIRST_INTERVIEW_TECHNICAL_ASSESSMENT_M1_SKILL_01"",""OB_REVIEW_ML_01_EV_APP0238_FIRST_INTERVIEW_TECHNICAL_ASSESSMENT_M1_SKILL_02"",""OB_REVIEW_HM_01_EV_APP0238_FIRST_INTERVIEW_TECHNICAL_ASSESSMENT_M1_SKILL_02"",""OB_REVIEW_ML_01_EV_APP0238_FIRST_INTERVIEW_TECHNICAL_ASSESSMENT_M1_SKILL_07"",""OB_REVIEW_HM_01_EV_APP0238_FIRST_INTERVIEW_TECHNICAL_ASSESSMENT_M1_SKILL_07"",""OB_REVIEW_ML_01_EV_APP0238_FIRST_INTERVIEW_AI_CASE_M1_SKILL_01"",""OB_REVIEW_HM_01_EV_APP0238_FIRST_INTERVIEW_AI_CASE_M1_SKILL_01"",""OB_REVIEW_ML_01_EV_APP0238_FIRST_INTERVIEW_AI_CASE_M1_SKILL_03"",""OB_REVIEW_HM_01_EV_APP0238_FIRST_INTERVIEW_AI_CASE_M1_SKILL_03"",""OB_REVIEW_ML_01_EV_APP0238_FIRST_INTERVIEW_PRACTITIONER_QA_M1_SKILL_04"",""OB_REVIEW_HM_01_EV_APP0238_FIRST_INTERVIEW_PRACTITIONER_QA_M1_SKILL_04"",""OB_REVIEW_ML_01_EV_APP0238_FIRST_INTERVIEW_PRACTITIONER_QA_M1_SKILL_05"",""OB_REVIEW_HM_01_EV_APP0238_FIRST_INTERVIEW_PRACTITIONER_QA_M1_SKILL_05"",""OB_REVIEW_ML_01_EV_APP0238_FIRST_INTERVIEW_PRACTITIONER_QA_M1_SKILL_06"",""OB_REVIEW_HM_01_EV_APP0238_FIRST_INTERVIEW_PRACTITIONER_QA_M1_SKILL_06"",""OB_REVIEW_ML_01_EV_APP0238_FIRST_INTERVIEW_PRACTITIONER_QA_M1_SKILL_08"",""OB_REVIEW_HM_01_EV_APP0238_FIRST_INTERVIEW_PRACTITIONER_QA_M1_SKILL_08""],""stage"":""FIRST_INTERVIEW""}"
APP0239_FIRST_INTERVIEW,APP0239,C0239,FIRST_INTERVIEW,2026-12-06T14:04:00+09:00,2026-12-08T14:04:00+09:00,2027-02-01T09:00:00+09:00,2027-02-01T10:15:00+09:00,2027-02-03T10:35:00+09:00,2027-02-07T10:35:00+09:00,,ADVANCED,FIRST_EVIDENCE_REVIEWED,,SYNTHETIC_HUMAN_SCENARIO,"{""criterion"":""REPEATED_DIRECT_TECHNICAL_LIMITATION"",""human_rationale"":""단계 활동과 관찰을 검토하여 다음 판단으로 진행한다. 미관찰은 부족/탈락과 동일하지 않다."",""observation_refs"":[""OB_REVIEW_ML_01_EV_APP0239_FIRST_INTERVIEW_TECHNICAL_ASSESSMENT_M1_SKILL_01"",""OB_REVIEW_HM_01_EV_APP0239_FIRST_INTERVIEW_TECHNICAL_ASSESSMENT_M1_SKILL_01"",""OB_REVIEW_ML_01_EV_APP0239_FIRST_INTERVIEW_TECHNICAL_ASSESSMENT_M1_SKILL_02"",""OB_REVIEW_HM_01_EV_APP0239_FIRST_INTERVIEW_TECHNICAL_ASSESSMENT_M1_SKILL_02"",""OB_REVIEW_ML_01_EV_APP0239_FIRST_INTERVIEW_TECHNICAL_ASSESSMENT_M1_SKILL_07"",""OB_REVIEW_HM_01_EV_APP0239_FIRST_INTERVIEW_TECHNICAL_ASSESSMENT_M1_SKILL_07"",""OB_REVIEW_ML_01_EV_APP0239_FIRST_INTERVIEW_AI_CASE_M1_SKILL_01"",""OB_REVIEW_HM_01_EV_APP0239_FIRST_INTERVIEW_AI_CASE_M1_SKILL_01"",""OB_REVIEW_ML_01_EV_APP0239_FIRST_INTERVIEW_AI_CASE_M1_SKILL_03"",""OB_REVIEW_HM_01_EV_APP0239_FIRST_INTERVIEW_AI_CASE_M1_SKILL_03"",""OB_REVIEW_ML_01_EV_APP0239_FIRST_INTERVIEW_PRACTITIONER_QA_M1_SKILL_04"",""OB_REVIEW_HM_01_EV_APP0239_FIRST_INTERVIEW_PRACTITIONER_QA_M1_SKILL_04"",""OB_REVIEW_ML_01_EV_APP0239_FIRST_INTERVIEW_PRACTITIONER_QA_M1_SKILL_05"",""OB_REVIEW_HM_01_EV_APP0239_FIRST_INTERVIEW_PRACTITIONER_QA_M1_SKILL_05"",""OB_REVIEW_ML_01_EV_APP0239_FIRST_INTERVIEW_PRACTITIONER_QA_M1_SKILL_06"",""OB_REVIEW_HM_01_EV_APP0239_FIRST_INTERVIEW_PRACTITIONER_QA_M1_SKILL_06"",""OB_REVIEW_ML_01_EV_APP0239_FIRST_INTERVIEW_PRACTITIONER_QA_M1_SKILL_08"",""OB_REVIEW_HM_01_EV_APP0239_FIRST_INTERVIEW_PRACTITIONER_QA_M1_SKILL_08""],""stage"":""FIRST_INTERVIEW""}"
APP0240_FIRST_INTERVIEW,APP0240,C0240,FIRST_INTERVIEW,2026-12-06T14:04:00+09:00,2026-12-08T14:04:00+09:00,2027-02-01T09:00:00+09:00,,,,,IN_PROGRESS,,,,"{""motive"":""UNKNOWN"",""operational_state"":""NO_RESPONSE_PENDING""}"
APP0241_FIRST_INTERVIEW,APP0241,C0241,FIRST_INTERVIEW,2026-12-06T14:04:00+09:00,2026-12-08T14:04:00+09:00,2027-02-01T09:00:00+09:00,2027-02-01T10:15:00+09:00,2027-02-02T10:30:00+09:00,2027-02-03T10:30:00+09:00,,ADVANCED,FIRST_EVIDENCE_REVIEWED,,SYNTHETIC_HUMAN_SCENARIO,"{""criterion"":""REPEATED_DIRECT_TECHNICAL_LIMITATION"",""human_rationale"":""단계 활동과 관찰을 검토하여 다음 판단으로 진행한다. 미관찰은 부족/탈락과 동일하지 않다."",""observation_refs"":[""OB_REVIEW_ML_01_EV_APP0241_FIRST_INTERVIEW_TECHNICAL_ASSESSMENT_M1_SKILL_01"",""OB_REVIEW_HM_01_EV_APP0241_FIRST_INTERVIEW_TECHNICAL_ASSESSMENT_M1_SKILL_01"",""OB_REVIEW_ML_01_EV_APP0241_FIRST_INTERVIEW_TECHNICAL_ASSESSMENT_M1_SKILL_02"",""OB_REVIEW_HM_01_EV_APP0241_FIRST_INTERVIEW_TECHNICAL_ASSESSMENT_M1_SKILL_02"",""OB_REVIEW_ML_01_EV_APP0241_FIRST_INTERVIEW_TECHNICAL_ASSESSMENT_M1_SKILL_07"",""OB_REVIEW_HM_01_EV_APP0241_FIRST_INTERVIEW_TECHNICAL_ASSESSMENT_M1_SKILL_07"",""OB_REVIEW_ML_01_EV_APP0241_FIRST_INTERVIEW_AI_CASE_M1_SKILL_01"",""OB_REVIEW_HM_01_EV_APP0241_FIRST_INTERVIEW_AI_CASE_M1_SKILL_01"",""OB_REVIEW_ML_01_EV_APP0241_FIRST_INTERVIEW_AI_CASE_M1_SKILL_03"",""OB_REVIEW_HM_01_EV_APP0241_FIRST_INTERVIEW_AI_CASE_M1_SKILL_03"",""OB_REVIEW_ML_01_EV_APP0241_FIRST_INTERVIEW_PRACTITIONER_QA_M1_SKILL_04"",""OB_REVIEW_HM_01_EV_APP0241_FIRST_INTERVIEW_PRACTITIONER_QA_M1_SKILL_04"",""OB_REVIEW_ML_01_EV_APP0241_FIRST_INTERVIEW_PRACTITIONER_QA_M1_SKILL_05"",""OB_REVIEW_HM_01_EV_APP0241_FIRST_INTERVIEW_PRACTITIONER_QA_M1_SKILL_05"",""OB_REVIEW_ML_01_EV_APP0241_FIRST_INTERVIEW_PRACTITIONER_QA_M1_SKILL_06"",""OB_REVIEW_HM_01_EV_APP0241_FIRST_INTERVIEW_PRACTITIONER_QA_M1_SKILL_06"",""OB_REVIEW_ML_01_EV_APP0241_FIRST_INTERVIEW_PRACTITIONER_QA_M1_SKILL_08"",""OB_REVIEW_HM_01_EV_APP0241_FIRST_INTERVIEW_PRACTITIONER_QA_M1_SKILL_08""],""stage"":""FIRST_INTERVIEW""}"
APP0242_FIRST_INTERVIEW,APP0242,C0242,FIRST_INTERVIEW,2026-12-06T14:04:00+09:00,2026-12-08T14:04:00+09:00,2027-02-01T09:00:00+09:00,2027-02-01T10:25:00+09:00,2027-02-03T10:40:00+09:00,2027-02-07T10:40:00+09:00,,ADVANCED,FIRST_EVIDENCE_REVIEWED,,SYNTHETIC_HUMAN_SCENARIO,"{""criterion"":""REPEATED_DIRECT_TECHNICAL_LIMITATION"",""human_rationale"":""단계 활동과 관찰을 검토하여 다음 판단으로 진행한다. 미관찰은 부족/탈락과 동일하지 않다."",""observation_refs"":[""OB_REVIEW_ML_01_EV_APP0242_FIRST_INTERVIEW_TECHNICAL_ASSESSMENT_M1_SKILL_01"",""OB_REVIEW_HM_01_EV_APP0242_FIRST_INTERVIEW_TECHNICAL_ASSESSMENT_M1_SKILL_01"",""OB_REVIEW_ML_01_EV_APP0242_FIRST_INTERVIEW_TECHNICAL_ASSESSMENT_M1_SKILL_02"",""OB_REVIEW_HM_01_EV_APP0242_FIRST_INTERVIEW_TECHNICAL_ASSESSMENT_M1_SKILL_02"",""OB_REVIEW_ML_01_EV_APP0242_FIRST_INTERVIEW_TECHNICAL_ASSESSMENT_M1_SKILL_07"",""OB_REVIEW_HM_01_EV_APP0242_FIRST_INTERVIEW_TECHNICAL_ASSESSMENT_M1_SKILL_07"",""OB_REVIEW_ML_01_EV_APP0242_FIRST_INTERVIEW_AI_CASE_M1_SKILL_01"",""OB_REVIEW_HM_01_EV_APP0242_FIRST_INTERVIEW_AI_CASE_M1_SKILL_01"",""OB_REVIEW_ML_01_EV_APP0242_FIRST_INTERVIEW_AI_CASE_M1_SKILL_03"",""OB_REVIEW_HM_01_EV_APP0242_FIRST_INTERVIEW_AI_CASE_M1_SKILL_03"",""OB_REVIEW_ML_01_EV_APP0242_FIRST_INTERVIEW_PRACTITIONER_QA_M1_SKILL_04"",""OB_REVIEW_HM_01_EV_APP0242_FIRST_INTERVIEW_PRACTITIONER_QA_M1_SKILL_04"",""OB_REVIEW_ML_01_EV_APP0242_FIRST_INTERVIEW_PRACTITIONER_QA_M1_SKILL_05"",""OB_REVIEW_HM_01_EV_APP0242_FIRST_INTERVIEW_PRACTITIONER_QA_M1_SKILL_05"",""OB_REVIEW_ML_01_EV_APP0242_FIRST_INTERVIEW_PRACTITIONER_QA_M1_SKILL_06"",""OB_REVIEW_HM_01_EV_APP0242_FIRST_INTERVIEW_PRACTITIONER_QA_M1_SKILL_06"",""OB_REVIEW_ML_01_EV_APP0242_FIRST_INTERVIEW_PRACTITIONER_QA_M1_SKILL_08"",""OB_REVIEW_HM_01_EV_APP0242_FIRST_INTERVIEW_PRACTITIONER_QA_M1_SKILL_08""],""stage"":""FIRST_INTERVIEW""}"
APP0243_FIRST_INTERVIEW,APP0243,C0243,FIRST_INTERVIEW,2026-12-06T14:04:00+09:00,2026-12-08T14:04:00+09:00,2027-02-01T09:00:00+09:00,2027-02-01T10:20:00+09:00,2027-02-02T10:45:00+09:00,2027-02-03T10:45:00+09:00,,ADVANCED,FIRST_EVIDENCE_REVIEWED,,SYNTHETIC_HUMAN_SCENARIO,"{""criterion"":""REPEATED_DIRECT_TECHNICAL_LIMITATION"",""human_rationale"":""단계 활동과 관찰을 검토하여 다음 판단으로 진행한다. 미관찰은 부족/탈락과 동일하지 않다."",""observation_refs"":[""OB_REVIEW_ML_01_EV_APP0243_FIRST_INTERVIEW_TECHNICAL_ASSESSMENT_M1_SKILL_01"",""OB_REVIEW_HM_01_EV_APP0243_FIRST_INTERVIEW_TECHNICAL_ASSESSMENT_M1_SKILL_01"",""OB_REVIEW_ML_01_EV_APP0243_FIRST_INTERVIEW_TECHNICAL_ASSESSMENT_M1_SKILL_02"",""OB_REVIEW_HM_01_EV_APP0243_FIRST_INTERVIEW_TECHNICAL_ASSESSMENT_M1_SKILL_02"",""OB_REVIEW_ML_01_EV_APP0243_FIRST_INTERVIEW_TECHNICAL_ASSESSMENT_M1_SKILL_07"",""OB_REVIEW_HM_01_EV_APP0243_FIRST_INTERVIEW_TECHNICAL_ASSESSMENT_M1_SKILL_07"",""OB_REVIEW_ML_01_EV_APP0243_FIRST_INTERVIEW_AI_CASE_M1_SKILL_01"",""OB_REVIEW_HM_01_EV_APP0243_FIRST_INTERVIEW_AI_CASE_M1_SKILL_01"",""OB_REVIEW_ML_01_EV_APP0243_FIRST_INTERVIEW_AI_CASE_M1_SKILL_03"",""OB_REVIEW_HM_01_EV_APP0243_FIRST_INTERVIEW_AI_CASE_M1_SKILL_03"",""OB_REVIEW_ML_01_EV_APP0243_FIRST_INTERVIEW_PRACTITIONER_QA_M1_SKILL_04"",""OB_REVIEW_HM_01_EV_APP0243_FIRST_INTERVIEW_PRACTITIONER_QA_M1_SKILL_04"",""OB_REVIEW_ML_01_EV_APP0243_FIRST_INTERVIEW_PRACTITIONER_QA_M1_SKILL_05"",""OB_REVIEW_HM_01_EV_APP0243_FIRST_INTERVIEW_PRACTITIONER_QA_M1_SKILL_05"",""OB_REVIEW_ML_01_EV_APP0243_FIRST_INTERVIEW_PRACTITIONER_QA_M1_SKILL_06"",""OB_REVIEW_HM_01_EV_APP0243_FIRST_INTERVIEW_PRACTITIONER_QA_M1_SKILL_06"",""OB_REVIEW_ML_01_EV_APP0243_FIRST_INTERVIEW_PRACTITIONER_QA_M1_SKILL_08"",""OB_REVIEW_HM_01_EV_APP0243_FIRST_INTERVIEW_PRACTITIONER_QA_M1_SKILL_08""],""stage"":""FIRST_INTERVIEW""}"
APP0246_FIRST_INTERVIEW,APP0246,C0246,FIRST_INTERVIEW,2026-12-06T14:04:00+09:00,2026-12-08T14:04:00+09:00,2027-02-01T09:00:00+09:00,2027-02-01T10:25:00+09:00,2027-02-06T10:45:00+09:00,2027-02-06T10:45:00+09:00,,ADVANCED,FIRST_EVIDENCE_REVIEWED,,SYNTHETIC_HUMAN_SCENARIO,"{""criterion"":""REPEATED_DIRECT_TECHNICAL_LIMITATION"",""human_rationale"":""단계 활동과 관찰을 검토하여 다음 판단으로 진행한다. 미관찰은 부족/탈락과 동일하지 않다."",""observation_refs"":[""OB_REVIEW_ML_01_EV_APP0246_FIRST_INTERVIEW_TECHNICAL_ASSESSMENT_M1_SKILL_01"",""OB_REVIEW_HM_01_EV_APP0246_FIRST_INTERVIEW_TECHNICAL_ASSESSMENT_M1_SKILL_01"",""OB_REVIEW_ML_01_EV_APP0246_FIRST_INTERVIEW_TECHNICAL_ASSESSMENT_M1_SKILL_02"",""OB_REVIEW_HM_01_EV_APP0246_FIRST_INTERVIEW_TECHNICAL_ASSESSMENT_M1_SKILL_02"",""OB_REVIEW_ML_01_EV_APP0246_FIRST_INTERVIEW_TECHNICAL_ASSESSMENT_M1_SKILL_07"",""OB_REVIEW_HM_01_EV_APP0246_FIRST_INTERVIEW_TECHNICAL_ASSESSMENT_M1_SKILL_07"",""OB_REVIEW_ML_01_EV_APP0246_FIRST_INTERVIEW_AI_CASE_M1_SKILL_01"",""OB_REVIEW_HM_01_EV_APP0246_FIRST_INTERVIEW_AI_CASE_M1_SKILL_01"",""OB_REVIEW_ML_01_EV_APP0246_FIRST_INTERVIEW_AI_CASE_M1_SKILL_03"",""OB_REVIEW_HM_01_EV_APP0246_FIRST_INTERVIEW_AI_CASE_M1_SKILL_03"",""OB_REVIEW_ML_01_EV_APP0246_FIRST_INTERVIEW_PRACTITIONER_QA_M1_SKILL_04"",""OB_REVIEW_HM_01_EV_APP0246_FIRST_INTERVIEW_PRACTITIONER_QA_M1_SKILL_04"",""OB_REVIEW_ML_01_EV_APP0246_FIRST_INTERVIEW_PRACTITIONER_QA_M1_SKILL_05"",""OB_REVIEW_HM_01_EV_APP0246_FIRST_INTERVIEW_PRACTITIONER_QA_M1_SKILL_05"",""OB_REVIEW_ML_01_EV_APP0246_FIRST_INTERVIEW_PRACTITIONER_QA_M1_SKILL_06"",""OB_REVIEW_HM_01_EV_APP0246_FIRST_INTERVIEW_PRACTITIONER_QA_M1_SKILL_06"",""OB_REVIEW_ML_01_EV_APP0246_FIRST_INTERVIEW_PRACTITIONER_QA_M1_SKILL_08"",""OB_REVIEW_HM_01_EV_APP0246_FIRST_INTERVIEW_PRACTITIONER_QA_M1_SKILL_08""],""stage"":""FIRST_INTERVIEW""}"
APP0247_FIRST_INTERVIEW,APP0247,C0247,FIRST_INTERVIEW,2026-12-06T14:04:00+09:00,2026-12-08T14:04:00+09:00,2027-02-01T09:00:00+09:00,2027-02-01T10:20:00+09:00,2027-02-02T10:40:00+09:00,2027-02-04T10:40:00+09:00,,ADVANCED,FIRST_EVIDENCE_REVIEWED,,SYNTHETIC_HUMAN_SCENARIO,"{""criterion"":""REPEATED_DIRECT_TECHNICAL_LIMITATION"",""human_rationale"":""단계 활동과 관찰을 검토하여 다음 판단으로 진행한다. 미관찰은 부족/탈락과 동일하지 않다."",""observation_refs"":[""OB_REVIEW_ML_01_EV_APP0247_FIRST_INTERVIEW_TECHNICAL_ASSESSMENT_M1_SKILL_01"",""OB_REVIEW_HM_01_EV_APP0247_FIRST_INTERVIEW_TECHNICAL_ASSESSMENT_M1_SKILL_01"",""OB_REVIEW_ML_01_EV_APP0247_FIRST_INTERVIEW_TECHNICAL_ASSESSMENT_M1_SKILL_02"",""OB_REVIEW_HM_01_EV_APP0247_FIRST_INTERVIEW_TECHNICAL_ASSESSMENT_M1_SKILL_02"",""OB_REVIEW_ML_01_EV_APP0247_FIRST_INTERVIEW_TECHNICAL_ASSESSMENT_M1_SKILL_07"",""OB_REVIEW_HM_01_EV_APP0247_FIRST_INTERVIEW_TECHNICAL_ASSESSMENT_M1_SKILL_07"",""OB_REVIEW_ML_01_EV_APP0247_FIRST_INTERVIEW_AI_CASE_M1_SKILL_01"",""OB_REVIEW_HM_01_EV_APP0247_FIRST_INTERVIEW_AI_CASE_M1_SKILL_01"",""OB_REVIEW_ML_01_EV_APP0247_FIRST_INTERVIEW_AI_CASE_M1_SKILL_03"",""OB_REVIEW_HM_01_EV_APP0247_FIRST_INTERVIEW_AI_CASE_M1_SKILL_03"",""OB_REVIEW_ML_01_EV_APP0247_FIRST_INTERVIEW_PRACTITIONER_QA_M1_SKILL_04"",""OB_REVIEW_HM_01_EV_APP0247_FIRST_INTERVIEW_PRACTITIONER_QA_M1_SKILL_04"",""OB_REVIEW_ML_01_EV_APP0247_FIRST_INTERVIEW_PRACTITIONER_QA_M1_SKILL_05"",""OB_REVIEW_HM_01_EV_APP0247_FIRST_INTERVIEW_PRACTITIONER_QA_M1_SKILL_05"",""OB_REVIEW_ML_01_EV_APP0247_FIRST_INTERVIEW_PRACTITIONER_QA_M1_SKILL_06"",""OB_REVIEW_HM_01_EV_APP0247_FIRST_INTERVIEW_PRACTITIONER_QA_M1_SKILL_06"",""OB_REVIEW_ML_01_EV_APP0247_FIRST_INTERVIEW_PRACTITIONER_QA_M1_SKILL_08"",""OB_REVIEW_HM_01_EV_APP0247_FIRST_INTERVIEW_PRACTITIONER_QA_M1_SKILL_08""],""stage"":""FIRST_INTERVIEW""}"
APP0251_FIRST_INTERVIEW,APP0251,C0251,FIRST_INTERVIEW,2026-12-06T14:04:00+09:00,2026-12-08T14:04:00+09:00,2027-02-01T09:00:00+09:00,2027-02-01T10:20:00+09:00,2027-02-06T10:45:00+09:00,2027-02-07T10:45:00+09:00,,ADVANCED,FIRST_EVIDENCE_REVIEWED,,SYNTHETIC_HUMAN_SCENARIO,"{""criterion"":""REPEATED_DIRECT_TECHNICAL_LIMITATION"",""human_rationale"":""단계 활동과 관찰을 검토하여 다음 판단으로 진행한다. 미관찰은 부족/탈락과 동일하지 않다."",""observation_refs"":[""OB_REVIEW_ML_01_EV_APP0251_FIRST_INTERVIEW_TECHNICAL_ASSESSMENT_M1_SKILL_01"",""OB_REVIEW_HM_01_EV_APP0251_FIRST_INTERVIEW_TECHNICAL_ASSESSMENT_M1_SKILL_01"",""OB_REVIEW_ML_01_EV_APP0251_FIRST_INTERVIEW_TECHNICAL_ASSESSMENT_M1_SKILL_02"",""OB_REVIEW_HM_01_EV_APP0251_FIRST_INTERVIEW_TECHNICAL_ASSESSMENT_M1_SKILL_02"",""OB_REVIEW_ML_01_EV_APP0251_FIRST_INTERVIEW_TECHNICAL_ASSESSMENT_M1_SKILL_07"",""OB_REVIEW_HM_01_EV_APP0251_FIRST_INTERVIEW_TECHNICAL_ASSESSMENT_M1_SKILL_07"",""OB_REVIEW_ML_01_EV_APP0251_FIRST_INTERVIEW_AI_CASE_M1_SKILL_01"",""OB_REVIEW_HM_01_EV_APP0251_FIRST_INTERVIEW_AI_CASE_M1_SKILL_01"",""OB_REVIEW_ML_01_EV_APP0251_FIRST_INTERVIEW_AI_CASE_M1_SKILL_03"",""OB_REVIEW_HM_01_EV_APP0251_FIRST_INTERVIEW_AI_CASE_M1_SKILL_03"",""OB_REVIEW_ML_01_EV_APP0251_FIRST_INTERVIEW_PRACTITIONER_QA_M1_SKILL_04"",""OB_REVIEW_HM_01_EV_APP0251_FIRST_INTERVIEW_PRACTITIONER_QA_M1_SKILL_04"",""OB_REVIEW_ML_01_EV_APP0251_FIRST_INTERVIEW_PRACTITIONER_QA_M1_SKILL_05"",""OB_REVIEW_HM_01_EV_APP0251_FIRST_INTERVIEW_PRACTITIONER_QA_M1_SKILL_05"",""OB_REVIEW_ML_01_EV_APP0251_FIRST_INTERVIEW_PRACTITIONER_QA_M1_SKILL_06"",""OB_REVIEW_HM_01_EV_APP0251_FIRST_INTERVIEW_PRACTITIONER_QA_M1_SKILL_06"",""OB_REVIEW_ML_01_EV_APP0251_FIRST_INTERVIEW_PRACTITIONER_QA_M1_SKILL_08"",""OB_REVIEW_HM_01_EV_APP0251_FIRST_INTERVIEW_PRACTITIONER_QA_M1_SKILL_08""],""stage"":""FIRST_INTERVIEW""}"
APP0253_FIRST_INTERVIEW,APP0253,C0253,FIRST_INTERVIEW,2026-12-06T14:04:00+09:00,2026-12-08T14:04:00+09:00,2027-02-01T09:00:00+09:00,2027-02-01T10:15:00+09:00,2027-02-04T10:40:00+09:00,2027-02-08T10:40:00+09:00,,ADVANCED,FIRST_EVIDENCE_REVIEWED,,SYNTHETIC_HUMAN_SCENARIO,"{""criterion"":""REPEATED_DIRECT_TECHNICAL_LIMITATION"",""human_rationale"":""단계 활동과 관찰을 검토하여 다음 판단으로 진행한다. 미관찰은 부족/탈락과 동일하지 않다."",""observation_refs"":[""OB_REVIEW_ML_01_EV_APP0253_FIRST_INTERVIEW_TECHNICAL_ASSESSMENT_M1_SKILL_01"",""OB_REVIEW_HM_01_EV_APP0253_FIRST_INTERVIEW_TECHNICAL_ASSESSMENT_M1_SKILL_01"",""OB_REVIEW_ML_01_EV_APP0253_FIRST_INTERVIEW_TECHNICAL_ASSESSMENT_M1_SKILL_02"",""OB_REVIEW_HM_01_EV_APP0253_FIRST_INTERVIEW_TECHNICAL_ASSESSMENT_M1_SKILL_02"",""OB_REVIEW_ML_01_EV_APP0253_FIRST_INTERVIEW_TECHNICAL_ASSESSMENT_M1_SKILL_07"",""OB_REVIEW_HM_01_EV_APP0253_FIRST_INTERVIEW_TECHNICAL_ASSESSMENT_M1_SKILL_07"",""OB_REVIEW_ML_01_EV_APP0253_FIRST_INTERVIEW_AI_CASE_M1_SKILL_01"",""OB_REVIEW_HM_01_EV_APP0253_FIRST_INTERVIEW_AI_CASE_M1_SKILL_01"",""OB_REVIEW_ML_01_EV_APP0253_FIRST_INTERVIEW_AI_CASE_M1_SKILL_03"",""OB_REVIEW_HM_01_EV_APP0253_FIRST_INTERVIEW_AI_CASE_M1_SKILL_03"",""OB_REVIEW_ML_01_EV_APP0253_FIRST_INTERVIEW_PRACTITIONER_QA_M1_SKILL_04"",""OB_REVIEW_HM_01_EV_APP0253_FIRST_INTERVIEW_PRACTITIONER_QA_M1_SKILL_04"",""OB_REVIEW_ML_01_EV_APP0253_FIRST_INTERVIEW_PRACTITIONER_QA_M1_SKILL_05"",""OB_REVIEW_HM_01_EV_APP0253_FIRST_INTERVIEW_PRACTITIONER_QA_M1_SKILL_05"",""OB_REVIEW_ML_01_EV_APP0253_FIRST_INTERVIEW_PRACTITIONER_QA_M1_SKILL_06"",""OB_REVIEW_HM_01_EV_APP0253_FIRST_INTERVIEW_PRACTITIONER_QA_M1_SKILL_06"",""OB_REVIEW_ML_01_EV_APP0253_FIRST_INTERVIEW_PRACTITIONER_QA_M1_SKILL_08"",""OB_REVIEW_HM_01_EV_APP0253_FIRST_INTERVIEW_PRACTITIONER_QA_M1_SKILL_08""],""stage"":""FIRST_INTERVIEW""}"
APP0254_FIRST_INTERVIEW,APP0254,C0254,FIRST_INTERVIEW,2026-12-06T14:04:00+09:00,2026-12-08T14:04:00+09:00,2027-02-01T09:00:00+09:00,2027-02-01T10:25:00+09:00,2027-02-03T10:45:00+09:00,2027-02-07T10:45:00+09:00,,ADVANCED,FIRST_EVIDENCE_REVIEWED,,SYNTHETIC_HUMAN_SCENARIO,"{""criterion"":""REPEATED_DIRECT_TECHNICAL_LIMITATION"",""human_rationale"":""단계 활동과 관찰을 검토하여 다음 판단으로 진행한다. 미관찰은 부족/탈락과 동일하지 않다."",""observation_refs"":[""OB_REVIEW_ML_01_EV_APP0254_FIRST_INTERVIEW_TECHNICAL_ASSESSMENT_M1_SKILL_01"",""OB_REVIEW_HM_01_EV_APP0254_FIRST_INTERVIEW_TECHNICAL_ASSESSMENT_M1_SKILL_01"",""OB_REVIEW_ML_01_EV_APP0254_FIRST_INTERVIEW_TECHNICAL_ASSESSMENT_M1_SKILL_02"",""OB_REVIEW_HM_01_EV_APP0254_FIRST_INTERVIEW_TECHNICAL_ASSESSMENT_M1_SKILL_02"",""OB_REVIEW_ML_01_EV_APP0254_FIRST_INTERVIEW_TECHNICAL_ASSESSMENT_M1_SKILL_07"",""OB_REVIEW_HM_01_EV_APP0254_FIRST_INTERVIEW_TECHNICAL_ASSESSMENT_M1_SKILL_07"",""OB_REVIEW_ML_01_EV_APP0254_FIRST_INTERVIEW_AI_CASE_M1_SKILL_01"",""OB_REVIEW_HM_01_EV_APP0254_FIRST_INTERVIEW_AI_CASE_M1_SKILL_01"",""OB_REVIEW_ML_01_EV_APP0254_FIRST_INTERVIEW_AI_CASE_M1_SKILL_03"",""OB_REVIEW_HM_01_EV_APP0254_FIRST_INTERVIEW_AI_CASE_M1_SKILL_03"",""OB_REVIEW_ML_01_EV_APP0254_FIRST_INTERVIEW_PRACTITIONER_QA_M1_SKILL_04"",""OB_REVIEW_HM_01_EV_APP0254_FIRST_INTERVIEW_PRACTITIONER_QA_M1_SKILL_04"",""OB_REVIEW_ML_01_EV_APP0254_FIRST_INTERVIEW_PRACTITIONER_QA_M1_SKILL_05"",""OB_REVIEW_HM_01_EV_APP0254_FIRST_INTERVIEW_PRACTITIONER_QA_M1_SKILL_05"",""OB_REVIEW_ML_01_EV_APP0254_FIRST_INTERVIEW_PRACTITIONER_QA_M1_SKILL_06"",""OB_REVIEW_HM_01_EV_APP0254_FIRST_INTERVIEW_PRACTITIONER_QA_M1_SKILL_06"",""OB_REVIEW_ML_01_EV_APP0254_FIRST_INTERVIEW_PRACTITIONER_QA_M1_SKILL_08"",""OB_REVIEW_HM_01_EV_APP0254_FIRST_INTERVIEW_PRACTITIONER_QA_M1_SKILL_08""],""stage"":""FIRST_INTERVIEW""}"
APP0255_FIRST_INTERVIEW,APP0255,C0255,FIRST_INTERVIEW,2026-12-06T14:04:00+09:00,2026-12-08T14:04:00+09:00,2027-02-04T09:00:00+09:00,2027-02-04T10:25:00+09:00,2027-02-07T10:40:00+09:00,2027-02-07T10:40:00+09:00,,ADVANCED,FIRST_EVIDENCE_REVIEWED,,SYNTHETIC_HUMAN_SCENARIO,"{""criterion"":""REPEATED_DIRECT_TECHNICAL_LIMITATION"",""human_rationale"":""단계 활동과 관찰을 검토하여 다음 판단으로 진행한다. 미관찰은 부족/탈락과 동일하지 않다."",""observation_refs"":[""OB_REVIEW_ML_01_EV_APP0255_FIRST_INTERVIEW_TECHNICAL_ASSESSMENT_M1_SKILL_01"",""OB_REVIEW_HM_01_EV_APP0255_FIRST_INTERVIEW_TECHNICAL_ASSESSMENT_M1_SKILL_01"",""OB_REVIEW_ML_01_EV_APP0255_FIRST_INTERVIEW_TECHNICAL_ASSESSMENT_M1_SKILL_02"",""OB_REVIEW_HM_01_EV_APP0255_FIRST_INTERVIEW_TECHNICAL_ASSESSMENT_M1_SKILL_02"",""OB_REVIEW_ML_01_EV_APP0255_FIRST_INTERVIEW_TECHNICAL_ASSESSMENT_M1_SKILL_07"",""OB_REVIEW_HM_01_EV_APP0255_FIRST_INTERVIEW_TECHNICAL_ASSESSMENT_M1_SKILL_07"",""OB_REVIEW_ML_01_EV_APP0255_FIRST_INTERVIEW_AI_CASE_M1_SKILL_01"",""OB_REVIEW_HM_01_EV_APP0255_FIRST_INTERVIEW_AI_CASE_M1_SKILL_01"",""OB_REVIEW_ML_01_EV_APP0255_FIRST_INTERVIEW_AI_CASE_M1_SKILL_03"",""OB_REVIEW_HM_01_EV_APP0255_FIRST_INTERVIEW_AI_CASE_M1_SKILL_03"",""OB_REVIEW_ML_01_EV_APP0255_FIRST_INTERVIEW_PRACTITIONER_QA_M1_SKILL_04"",""OB_REVIEW_HM_01_EV_APP0255_FIRST_INTERVIEW_PRACTITIONER_QA_M1_SKILL_04"",""OB_REVIEW_ML_01_EV_APP0255_FIRST_INTERVIEW_PRACTITIONER_QA_M1_SKILL_05"",""OB_REVIEW_HM_01_EV_APP0255_FIRST_INTERVIEW_PRACTITIONER_QA_M1_SKILL_05"",""OB_REVIEW_ML_01_EV_APP0255_FIRST_INTERVIEW_PRACTITIONER_QA_M1_SKILL_06"",""OB_REVIEW_HM_01_EV_APP0255_FIRST_INTERVIEW_PRACTITIONER_QA_M1_SKILL_06"",""OB_REVIEW_ML_01_EV_APP0255_FIRST_INTERVIEW_PRACTITIONER_QA_M1_SKILL_08"",""OB_REVIEW_HM_01_EV_APP0255_FIRST_INTERVIEW_PRACTITIONER_QA_M1_SKILL_08""],""stage"":""FIRST_INTERVIEW""}"
APP0256_FIRST_INTERVIEW,APP0256,C0256,FIRST_INTERVIEW,2026-12-06T14:04:00+09:00,2026-12-08T14:04:00+09:00,2027-02-04T09:00:00+09:00,2027-02-04T10:20:00+09:00,2027-02-05T10:40:00+09:00,2027-02-09T10:40:00+09:00,,ADVANCED,FIRST_EVIDENCE_REVIEWED,,SYNTHETIC_HUMAN_SCENARIO,"{""criterion"":""REPEATED_DIRECT_TECHNICAL_LIMITATION"",""human_rationale"":""단계 활동과 관찰을 검토하여 다음 판단으로 진행한다. 미관찰은 부족/탈락과 동일하지 않다."",""observation_refs"":[""OB_REVIEW_ML_01_EV_APP0256_FIRST_INTERVIEW_TECHNICAL_ASSESSMENT_M1_SKILL_01"",""OB_REVIEW_HM_01_EV_APP0256_FIRST_INTERVIEW_TECHNICAL_ASSESSMENT_M1_SKILL_01"",""OB_REVIEW_ML_01_EV_APP0256_FIRST_INTERVIEW_TECHNICAL_ASSESSMENT_M1_SKILL_02"",""OB_REVIEW_HM_01_EV_APP0256_FIRST_INTERVIEW_TECHNICAL_ASSESSMENT_M1_SKILL_02"",""OB_REVIEW_ML_01_EV_APP0256_FIRST_INTERVIEW_TECHNICAL_ASSESSMENT_M1_SKILL_07"",""OB_REVIEW_HM_01_EV_APP0256_FIRST_INTERVIEW_TECHNICAL_ASSESSMENT_M1_SKILL_07"",""OB_REVIEW_ML_01_EV_APP0256_FIRST_INTERVIEW_AI_CASE_M1_SKILL_01"",""OB_REVIEW_HM_01_EV_APP0256_FIRST_INTERVIEW_AI_CASE_M1_SKILL_01"",""OB_REVIEW_ML_01_EV_APP0256_FIRST_INTERVIEW_AI_CASE_M1_SKILL_03"",""OB_REVIEW_HM_01_EV_APP0256_FIRST_INTERVIEW_AI_CASE_M1_SKILL_03"",""OB_REVIEW_ML_01_EV_APP0256_FIRST_INTERVIEW_PRACTITIONER_QA_M1_SKILL_04"",""OB_REVIEW_HM_01_EV_APP0256_FIRST_INTERVIEW_PRACTITIONER_QA_M1_SKILL_04"",""OB_REVIEW_ML_01_EV_APP0256_FIRST_INTERVIEW_PRACTITIONER_QA_M1_SKILL_05"",""OB_REVIEW_HM_01_EV_APP0256_FIRST_INTERVIEW_PRACTITIONER_QA_M1_SKILL_05"",""OB_REVIEW_ML_01_EV_APP0256_FIRST_INTERVIEW_PRACTITIONER_QA_M1_SKILL_06"",""OB_REVIEW_HM_01_EV_APP0256_FIRST_INTERVIEW_PRACTITIONER_QA_M1_SKILL_06"",""OB_REVIEW_ML_01_EV_APP0256_FIRST_INTERVIEW_PRACTITIONER_QA_M1_SKILL_08"",""OB_REVIEW_HM_01_EV_APP0256_FIRST_INTERVIEW_PRACTITIONER_QA_M1_SKILL_08""],""stage"":""FIRST_INTERVIEW""}"
APP0258_FIRST_INTERVIEW,APP0258,C0258,FIRST_INTERVIEW,2026-12-06T14:04:00+09:00,2026-12-08T14:04:00+09:00,2027-02-04T09:00:00+09:00,2027-02-04T10:20:00+09:00,2027-02-09T10:35:00+09:00,2027-02-10T10:35:00+09:00,,ADVANCED,FIRST_EVIDENCE_REVIEWED,,SYNTHETIC_HUMAN_SCENARIO,"{""criterion"":""REPEATED_DIRECT_TECHNICAL_LIMITATION"",""human_rationale"":""단계 활동과 관찰을 검토하여 다음 판단으로 진행한다. 미관찰은 부족/탈락과 동일하지 않다."",""observation_refs"":[""OB_REVIEW_ML_01_EV_APP0258_FIRST_INTERVIEW_TECHNICAL_ASSESSMENT_M1_SKILL_01"",""OB_REVIEW_HM_01_EV_APP0258_FIRST_INTERVIEW_TECHNICAL_ASSESSMENT_M1_SKILL_01"",""OB_REVIEW_ML_01_EV_APP0258_FIRST_INTERVIEW_TECHNICAL_ASSESSMENT_M1_SKILL_02"",""OB_REVIEW_HM_01_EV_APP0258_FIRST_INTERVIEW_TECHNICAL_ASSESSMENT_M1_SKILL_02"",""OB_REVIEW_ML_01_EV_APP0258_FIRST_INTERVIEW_TECHNICAL_ASSESSMENT_M1_SKILL_07"",""OB_REVIEW_HM_01_EV_APP0258_FIRST_INTERVIEW_TECHNICAL_ASSESSMENT_M1_SKILL_07"",""OB_REVIEW_ML_01_EV_APP0258_FIRST_INTERVIEW_AI_CASE_M1_SKILL_01"",""OB_REVIEW_HM_01_EV_APP0258_FIRST_INTERVIEW_AI_CASE_M1_SKILL_01"",""OB_REVIEW_ML_01_EV_APP0258_FIRST_INTERVIEW_AI_CASE_M1_SKILL_03"",""OB_REVIEW_HM_01_EV_APP0258_FIRST_INTERVIEW_AI_CASE_M1_SKILL_03"",""OB_REVIEW_ML_01_EV_APP0258_FIRST_INTERVIEW_PRACTITIONER_QA_M1_SKILL_04"",""OB_REVIEW_HM_01_EV_APP0258_FIRST_INTERVIEW_PRACTITIONER_QA_M1_SKILL_04"",""OB_REVIEW_ML_01_EV_APP0258_FIRST_INTERVIEW_PRACTITIONER_QA_M1_SKILL_05"",""OB_REVIEW_HM_01_EV_APP0258_FIRST_INTERVIEW_PRACTITIONER_QA_M1_SKILL_05"",""OB_REVIEW_ML_01_EV_APP0258_FIRST_INTERVIEW_PRACTITIONER_QA_M1_SKILL_06"",""OB_REVIEW_HM_01_EV_APP0258_FIRST_INTERVIEW_PRACTITIONER_QA_M1_SKILL_06"",""OB_REVIEW_ML_01_EV_APP0258_FIRST_INTERVIEW_PRACTITIONER_QA_M1_SKILL_08"",""OB_REVIEW_HM_01_EV_APP0258_FIRST_INTERVIEW_PRACTITIONER_QA_M1_SKILL_08""],""stage"":""FIRST_INTERVIEW""}"
APP0263_FIRST_INTERVIEW,APP0263,C0263,FIRST_INTERVIEW,2026-12-06T14:04:00+09:00,2026-12-08T14:04:00+09:00,2027-02-04T09:00:00+09:00,,,,,IN_PROGRESS,,,,"{""motive"":""UNKNOWN"",""operational_state"":""NO_RESPONSE_PENDING""}"
APP0264_FIRST_INTERVIEW,APP0264,C0264,FIRST_INTERVIEW,2026-12-06T14:04:00+09:00,2026-12-08T14:04:00+09:00,2027-02-04T09:00:00+09:00,2027-02-04T10:25:00+09:00,2027-02-06T10:40:00+09:00,2027-02-10T10:40:00+09:00,,ADVANCED,FIRST_EVIDENCE_REVIEWED,,SYNTHETIC_HUMAN_SCENARIO,"{""criterion"":""REPEATED_DIRECT_TECHNICAL_LIMITATION"",""human_rationale"":""단계 활동과 관찰을 검토하여 다음 판단으로 진행한다. 미관찰은 부족/탈락과 동일하지 않다."",""observation_refs"":[""OB_REVIEW_ML_01_EV_APP0264_FIRST_INTERVIEW_TECHNICAL_ASSESSMENT_M1_SKILL_01"",""OB_REVIEW_HM_01_EV_APP0264_FIRST_INTERVIEW_TECHNICAL_ASSESSMENT_M1_SKILL_01"",""OB_REVIEW_ML_01_EV_APP0264_FIRST_INTERVIEW_TECHNICAL_ASSESSMENT_M1_SKILL_02"",""OB_REVIEW_HM_01_EV_APP0264_FIRST_INTERVIEW_TECHNICAL_ASSESSMENT_M1_SKILL_02"",""OB_REVIEW_ML_01_EV_APP0264_FIRST_INTERVIEW_TECHNICAL_ASSESSMENT_M1_SKILL_07"",""OB_REVIEW_HM_01_EV_APP0264_FIRST_INTERVIEW_TECHNICAL_ASSESSMENT_M1_SKILL_07"",""OB_REVIEW_ML_01_EV_APP0264_FIRST_INTERVIEW_AI_CASE_M1_SKILL_01"",""OB_REVIEW_HM_01_EV_APP0264_FIRST_INTERVIEW_AI_CASE_M1_SKILL_01"",""OB_REVIEW_ML_01_EV_APP0264_FIRST_INTERVIEW_AI_CASE_M1_SKILL_03"",""OB_REVIEW_HM_01_EV_APP0264_FIRST_INTERVIEW_AI_CASE_M1_SKILL_03"",""OB_REVIEW_ML_01_EV_APP0264_FIRST_INTERVIEW_PRACTITIONER_QA_M1_SKILL_04"",""OB_REVIEW_HM_01_EV_APP0264_FIRST_INTERVIEW_PRACTITIONER_QA_M1_SKILL_04"",""OB_REVIEW_ML_01_EV_APP0264_FIRST_INTERVIEW_PRACTITIONER_QA_M1_SKILL_05"",""OB_REVIEW_HM_01_EV_APP0264_FIRST_INTERVIEW_PRACTITIONER_QA_M1_SKILL_05"",""OB_REVIEW_ML_01_EV_APP0264_FIRST_INTERVIEW_PRACTITIONER_QA_M1_SKILL_06"",""OB_REVIEW_HM_01_EV_APP0264_FIRST_INTERVIEW_PRACTITIONER_QA_M1_SKILL_06"",""OB_REVIEW_ML_01_EV_APP0264_FIRST_INTERVIEW_PRACTITIONER_QA_M1_SKILL_08"",""OB_REVIEW_HM_01_EV_APP0264_FIRST_INTERVIEW_PRACTITIONER_QA_M1_SKILL_08""],""stage"":""FIRST_INTERVIEW""}"
APP0265_FIRST_INTERVIEW,APP0265,C0265,FIRST_INTERVIEW,2026-12-06T14:04:00+09:00,2026-12-08T14:04:00+09:00,2027-02-04T09:00:00+09:00,2027-02-04T10:20:00+09:00,2027-02-09T10:40:00+09:00,2027-02-10T10:40:00+09:00,,ADVANCED,FIRST_EVIDENCE_REVIEWED,,SYNTHETIC_HUMAN_SCENARIO,"{""criterion"":""REPEATED_DIRECT_TECHNICAL_LIMITATION"",""human_rationale"":""단계 활동과 관찰을 검토하여 다음 판단으로 진행한다. 미관찰은 부족/탈락과 동일하지 않다."",""observation_refs"":[""OB_REVIEW_ML_01_EV_APP0265_FIRST_INTERVIEW_TECHNICAL_ASSESSMENT_M1_SKILL_01"",""OB_REVIEW_HM_01_EV_APP0265_FIRST_INTERVIEW_TECHNICAL_ASSESSMENT_M1_SKILL_01"",""OB_REVIEW_ML_01_EV_APP0265_FIRST_INTERVIEW_TECHNICAL_ASSESSMENT_M1_SKILL_02"",""OB_REVIEW_HM_01_EV_APP0265_FIRST_INTERVIEW_TECHNICAL_ASSESSMENT_M1_SKILL_02"",""OB_REVIEW_ML_01_EV_APP0265_FIRST_INTERVIEW_TECHNICAL_ASSESSMENT_M1_SKILL_07"",""OB_REVIEW_HM_01_EV_APP0265_FIRST_INTERVIEW_TECHNICAL_ASSESSMENT_M1_SKILL_07"",""OB_REVIEW_ML_01_EV_APP0265_FIRST_INTERVIEW_AI_CASE_M1_SKILL_01"",""OB_REVIEW_HM_01_EV_APP0265_FIRST_INTERVIEW_AI_CASE_M1_SKILL_01"",""OB_REVIEW_ML_01_EV_APP0265_FIRST_INTERVIEW_AI_CASE_M1_SKILL_03"",""OB_REVIEW_HM_01_EV_APP0265_FIRST_INTERVIEW_AI_CASE_M1_SKILL_03"",""OB_REVIEW_ML_01_EV_APP0265_FIRST_INTERVIEW_PRACTITIONER_QA_M1_SKILL_04"",""OB_REVIEW_HM_01_EV_APP0265_FIRST_INTERVIEW_PRACTITIONER_QA_M1_SKILL_04"",""OB_REVIEW_ML_01_EV_APP0265_FIRST_INTERVIEW_PRACTITIONER_QA_M1_SKILL_05"",""OB_REVIEW_HM_01_EV_APP0265_FIRST_INTERVIEW_PRACTITIONER_QA_M1_SKILL_05"",""OB_REVIEW_ML_01_EV_APP0265_FIRST_INTERVIEW_PRACTITIONER_QA_M1_SKILL_06"",""OB_REVIEW_HM_01_EV_APP0265_FIRST_INTERVIEW_PRACTITIONER_QA_M1_SKILL_06"",""OB_REVIEW_ML_01_EV_APP0265_FIRST_INTERVIEW_PRACTITIONER_QA_M1_SKILL_08"",""OB_REVIEW_HM_01_EV_APP0265_FIRST_INTERVIEW_PRACTITIONER_QA_M1_SKILL_08""],""stage"":""FIRST_INTERVIEW""}"
APP0267_FIRST_INTERVIEW,APP0267,C0267,FIRST_INTERVIEW,2026-12-06T14:04:00+09:00,2026-12-08T14:04:00+09:00,2027-02-04T09:00:00+09:00,2027-02-04T10:25:00+09:00,2027-02-07T10:45:00+09:00,2027-02-09T10:45:00+09:00,,ADVANCED,FIRST_EVIDENCE_REVIEWED,,SYNTHETIC_HUMAN_SCENARIO,"{""criterion"":""REPEATED_DIRECT_TECHNICAL_LIMITATION"",""human_rationale"":""단계 활동과 관찰을 검토하여 다음 판단으로 진행한다. 미관찰은 부족/탈락과 동일하지 않다."",""observation_refs"":[""OB_REVIEW_ML_01_EV_APP0267_FIRST_INTERVIEW_TECHNICAL_ASSESSMENT_M1_SKILL_01"",""OB_REVIEW_HM_01_EV_APP0267_FIRST_INTERVIEW_TECHNICAL_ASSESSMENT_M1_SKILL_01"",""OB_REVIEW_ML_01_EV_APP0267_FIRST_INTERVIEW_TECHNICAL_ASSESSMENT_M1_SKILL_02"",""OB_REVIEW_HM_01_EV_APP0267_FIRST_INTERVIEW_TECHNICAL_ASSESSMENT_M1_SKILL_02"",""OB_REVIEW_ML_01_EV_APP0267_FIRST_INTERVIEW_TECHNICAL_ASSESSMENT_M1_SKILL_07"",""OB_REVIEW_HM_01_EV_APP0267_FIRST_INTERVIEW_TECHNICAL_ASSESSMENT_M1_SKILL_07"",""OB_REVIEW_ML_01_EV_APP0267_FIRST_INTERVIEW_AI_CASE_M1_SKILL_01"",""OB_REVIEW_HM_01_EV_APP0267_FIRST_INTERVIEW_AI_CASE_M1_SKILL_01"",""OB_REVIEW_ML_01_EV_APP0267_FIRST_INTERVIEW_AI_CASE_M1_SKILL_03"",""OB_REVIEW_HM_01_EV_APP0267_FIRST_INTERVIEW_AI_CASE_M1_SKILL_03"",""OB_REVIEW_ML_01_EV_APP0267_FIRST_INTERVIEW_PRACTITIONER_QA_M1_SKILL_04"",""OB_REVIEW_HM_01_EV_APP0267_FIRST_INTERVIEW_PRACTITIONER_QA_M1_SKILL_04"",""OB_REVIEW_ML_01_EV_APP0267_FIRST_INTERVIEW_PRACTITIONER_QA_M1_SKILL_05"",""OB_REVIEW_HM_01_EV_APP0267_FIRST_INTERVIEW_PRACTITIONER_QA_M1_SKILL_05"",""OB_REVIEW_ML_01_EV_APP0267_FIRST_INTERVIEW_PRACTITIONER_QA_M1_SKILL_06"",""OB_REVIEW_HM_01_EV_APP0267_FIRST_INTERVIEW_PRACTITIONER_QA_M1_SKILL_06"",""OB_REVIEW_ML_01_EV_APP0267_FIRST_INTERVIEW_PRACTITIONER_QA_M1_SKILL_08"",""OB_REVIEW_HM_01_EV_APP0267_FIRST_INTERVIEW_PRACTITIONER_QA_M1_SKILL_08""],""stage"":""FIRST_INTERVIEW""}"
APP0268_FIRST_INTERVIEW,APP0268,C0268,FIRST_INTERVIEW,2026-12-06T14:04:00+09:00,2026-12-08T14:04:00+09:00,2027-02-04T09:00:00+09:00,2027-02-04T10:25:00+09:00,2027-02-07T10:45:00+09:00,2027-02-11T10:45:00+09:00,,ADVANCED,FIRST_EVIDENCE_REVIEWED,,SYNTHETIC_HUMAN_SCENARIO,"{""criterion"":""REPEATED_DIRECT_TECHNICAL_LIMITATION"",""human_rationale"":""단계 활동과 관찰을 검토하여 다음 판단으로 진행한다. 미관찰은 부족/탈락과 동일하지 않다."",""observation_refs"":[""OB_REVIEW_ML_01_EV_APP0268_FIRST_INTERVIEW_TECHNICAL_ASSESSMENT_M1_SKILL_01"",""OB_REVIEW_HM_01_EV_APP0268_FIRST_INTERVIEW_TECHNICAL_ASSESSMENT_M1_SKILL_01"",""OB_REVIEW_ML_01_EV_APP0268_FIRST_INTERVIEW_TECHNICAL_ASSESSMENT_M1_SKILL_02"",""OB_REVIEW_HM_01_EV_APP0268_FIRST_INTERVIEW_TECHNICAL_ASSESSMENT_M1_SKILL_02"",""OB_REVIEW_ML_01_EV_APP0268_FIRST_INTERVIEW_TECHNICAL_ASSESSMENT_M1_SKILL_07"",""OB_REVIEW_HM_01_EV_APP0268_FIRST_INTERVIEW_TECHNICAL_ASSESSMENT_M1_SKILL_07"",""OB_REVIEW_ML_01_EV_APP0268_FIRST_INTERVIEW_AI_CASE_M1_SKILL_01"",""OB_REVIEW_HM_01_EV_APP0268_FIRST_INTERVIEW_AI_CASE_M1_SKILL_01"",""OB_REVIEW_ML_01_EV_APP0268_FIRST_INTERVIEW_AI_CASE_M1_SKILL_03"",""OB_REVIEW_HM_01_EV_APP0268_FIRST_INTERVIEW_AI_CASE_M1_SKILL_03"",""OB_REVIEW_ML_01_EV_APP0268_FIRST_INTERVIEW_PRACTITIONER_QA_M1_SKILL_04"",""OB_REVIEW_HM_01_EV_APP0268_FIRST_INTERVIEW_PRACTITIONER_QA_M1_SKILL_04"",""OB_REVIEW_ML_01_EV_APP0268_FIRST_INTERVIEW_PRACTITIONER_QA_M1_SKILL_05"",""OB_REVIEW_HM_01_EV_APP0268_FIRST_INTERVIEW_PRACTITIONER_QA_M1_SKILL_05"",""OB_REVIEW_ML_01_EV_APP0268_FIRST_INTERVIEW_PRACTITIONER_QA_M1_SKILL_06"",""OB_REVIEW_HM_01_EV_APP0268_FIRST_INTERVIEW_PRACTITIONER_QA_M1_SKILL_06"",""OB_REVIEW_ML_01_EV_APP0268_FIRST_INTERVIEW_PRACTITIONER_QA_M1_SKILL_08"",""OB_REVIEW_HM_01_EV_APP0268_FIRST_INTERVIEW_PRACTITIONER_QA_M1_SKILL_08""],""stage"":""FIRST_INTERVIEW""}"
APP0269_FIRST_INTERVIEW,APP0269,C0269,FIRST_INTERVIEW,2026-12-06T14:04:00+09:00,2026-12-08T14:04:00+09:00,2027-02-04T09:00:00+09:00,2027-02-04T10:25:00+09:00,2027-02-07T10:45:00+09:00,2027-02-08T10:45:00+09:00,,ADVANCED,FIRST_EVIDENCE_REVIEWED,,SYNTHETIC_HUMAN_SCENARIO,"{""criterion"":""REPEATED_DIRECT_TECHNICAL_LIMITATION"",""human_rationale"":""단계 활동과 관찰을 검토하여 다음 판단으로 진행한다. 미관찰은 부족/탈락과 동일하지 않다."",""observation_refs"":[""OB_REVIEW_ML_01_EV_APP0269_FIRST_INTERVIEW_TECHNICAL_ASSESSMENT_M1_SKILL_01"",""OB_REVIEW_HM_01_EV_APP0269_FIRST_INTERVIEW_TECHNICAL_ASSESSMENT_M1_SKILL_01"",""OB_REVIEW_ML_01_EV_APP0269_FIRST_INTERVIEW_TECHNICAL_ASSESSMENT_M1_SKILL_02"",""OB_REVIEW_HM_01_EV_APP0269_FIRST_INTERVIEW_TECHNICAL_ASSESSMENT_M1_SKILL_02"",""OB_REVIEW_ML_01_EV_APP0269_FIRST_INTERVIEW_TECHNICAL_ASSESSMENT_M1_SKILL_07"",""OB_REVIEW_HM_01_EV_APP0269_FIRST_INTERVIEW_TECHNICAL_ASSESSMENT_M1_SKILL_07"",""OB_REVIEW_ML_01_EV_APP0269_FIRST_INTERVIEW_AI_CASE_M1_SKILL_01"",""OB_REVIEW_HM_01_EV_APP0269_FIRST_INTERVIEW_AI_CASE_M1_SKILL_01"",""OB_REVIEW_ML_01_EV_APP0269_FIRST_INTERVIEW_AI_CASE_M1_SKILL_03"",""OB_REVIEW_HM_01_EV_APP0269_FIRST_INTERVIEW_AI_CASE_M1_SKILL_03"",""OB_REVIEW_ML_01_EV_APP0269_FIRST_INTERVIEW_PRACTITIONER_QA_M1_SKILL_04"",""OB_REVIEW_HM_01_EV_APP0269_FIRST_INTERVIEW_PRACTITIONER_QA_M1_SKILL_04"",""OB_REVIEW_ML_01_EV_APP0269_FIRST_INTERVIEW_PRACTITIONER_QA_M1_SKILL_05"",""OB_REVIEW_HM_01_EV_APP0269_FIRST_INTERVIEW_PRACTITIONER_QA_M1_SKILL_05"",""OB_REVIEW_ML_01_EV_APP0269_FIRST_INTERVIEW_PRACTITIONER_QA_M1_SKILL_06"",""OB_REVIEW_HM_01_EV_APP0269_FIRST_INTERVIEW_PRACTITIONER_QA_M1_SKILL_06"",""OB_REVIEW_ML_01_EV_APP0269_FIRST_INTERVIEW_PRACTITIONER_QA_M1_SKILL_08"",""OB_REVIEW_HM_01_EV_APP0269_FIRST_INTERVIEW_PRACTITIONER_QA_M1_SKILL_08""],""stage"":""FIRST_INTERVIEW""}"
APP0270_FIRST_INTERVIEW,APP0270,C0270,FIRST_INTERVIEW,2026-12-06T14:04:00+09:00,2026-12-08T14:04:00+09:00,2027-02-04T09:00:00+09:00,2027-02-04T10:15:00+09:00,2027-02-05T10:30:00+09:00,2027-02-05T10:30:00+09:00,,ADVANCED,FIRST_EVIDENCE_REVIEWED,,SYNTHETIC_HUMAN_SCENARIO,"{""criterion"":""REPEATED_DIRECT_TECHNICAL_LIMITATION"",""human_rationale"":""단계 활동과 관찰을 검토하여 다음 판단으로 진행한다. 미관찰은 부족/탈락과 동일하지 않다."",""observation_refs"":[""OB_REVIEW_ML_01_EV_APP0270_FIRST_INTERVIEW_TECHNICAL_ASSESSMENT_M1_SKILL_01"",""OB_REVIEW_HM_01_EV_APP0270_FIRST_INTERVIEW_TECHNICAL_ASSESSMENT_M1_SKILL_01"",""OB_REVIEW_ML_01_EV_APP0270_FIRST_INTERVIEW_TECHNICAL_ASSESSMENT_M1_SKILL_02"",""OB_REVIEW_HM_01_EV_APP0270_FIRST_INTERVIEW_TECHNICAL_ASSESSMENT_M1_SKILL_02"",""OB_REVIEW_ML_01_EV_APP0270_FIRST_INTERVIEW_TECHNICAL_ASSESSMENT_M1_SKILL_07"",""OB_REVIEW_HM_01_EV_APP0270_FIRST_INTERVIEW_TECHNICAL_ASSESSMENT_M1_SKILL_07"",""OB_REVIEW_ML_01_EV_APP0270_FIRST_INTERVIEW_AI_CASE_M1_SKILL_01"",""OB_REVIEW_HM_01_EV_APP0270_FIRST_INTERVIEW_AI_CASE_M1_SKILL_01"",""OB_REVIEW_ML_01_EV_APP0270_FIRST_INTERVIEW_AI_CASE_M1_SKILL_03"",""OB_REVIEW_HM_01_EV_APP0270_FIRST_INTERVIEW_AI_CASE_M1_SKILL_03"",""OB_REVIEW_ML_01_EV_APP0270_FIRST_INTERVIEW_PRACTITIONER_QA_M1_SKILL_04"",""OB_REVIEW_HM_01_EV_APP0270_FIRST_INTERVIEW_PRACTITIONER_QA_M1_SKILL_04"",""OB_REVIEW_ML_01_EV_APP0270_FIRST_INTERVIEW_PRACTITIONER_QA_M1_SKILL_05"",""OB_REVIEW_HM_01_EV_APP0270_FIRST_INTERVIEW_PRACTITIONER_QA_M1_SKILL_05"",""OB_REVIEW_ML_01_EV_APP0270_FIRST_INTERVIEW_PRACTITIONER_QA_M1_SKILL_06"",""OB_REVIEW_HM_01_EV_APP0270_FIRST_INTERVIEW_PRACTITIONER_QA_M1_SKILL_06"",""OB_REVIEW_ML_01_EV_APP0270_FIRST_INTERVIEW_PRACTITIONER_QA_M1_SKILL_08"",""OB_REVIEW_HM_01_EV_APP0270_FIRST_INTERVIEW_PRACTITIONER_QA_M1_SKILL_08""],""stage"":""FIRST_INTERVIEW""}"
APP0272_FIRST_INTERVIEW,APP0272,C0272,FIRST_INTERVIEW,2026-12-06T14:04:00+09:00,2026-12-08T14:04:00+09:00,2027-02-08T09:00:00+09:00,2027-02-08T10:30:00+09:00,2027-02-13T10:50:00+09:00,2027-02-13T10:50:00+09:00,,ADVANCED,FIRST_EVIDENCE_REVIEWED,,SYNTHETIC_HUMAN_SCENARIO,"{""criterion"":""REPEATED_DIRECT_TECHNICAL_LIMITATION"",""human_rationale"":""단계 활동과 관찰을 검토하여 다음 판단으로 진행한다. 미관찰은 부족/탈락과 동일하지 않다."",""observation_refs"":[""OB_REVIEW_ML_01_EV_APP0272_FIRST_INTERVIEW_TECHNICAL_ASSESSMENT_M1_SKILL_01"",""OB_REVIEW_HM_01_EV_APP0272_FIRST_INTERVIEW_TECHNICAL_ASSESSMENT_M1_SKILL_01"",""OB_REVIEW_ML_01_EV_APP0272_FIRST_INTERVIEW_TECHNICAL_ASSESSMENT_M1_SKILL_02"",""OB_REVIEW_HM_01_EV_APP0272_FIRST_INTERVIEW_TECHNICAL_ASSESSMENT_M1_SKILL_02"",""OB_REVIEW_ML_01_EV_APP0272_FIRST_INTERVIEW_TECHNICAL_ASSESSMENT_M1_SKILL_07"",""OB_REVIEW_HM_01_EV_APP0272_FIRST_INTERVIEW_TECHNICAL_ASSESSMENT_M1_SKILL_07"",""OB_REVIEW_ML_01_EV_APP0272_FIRST_INTERVIEW_AI_CASE_M1_SKILL_01"",""OB_REVIEW_HM_01_EV_APP0272_FIRST_INTERVIEW_AI_CASE_M1_SKILL_01"",""OB_REVIEW_ML_01_EV_APP0272_FIRST_INTERVIEW_AI_CASE_M1_SKILL_03"",""OB_REVIEW_HM_01_EV_APP0272_FIRST_INTERVIEW_AI_CASE_M1_SKILL_03"",""OB_REVIEW_ML_01_EV_APP0272_FIRST_INTERVIEW_PRACTITIONER_QA_M1_SKILL_04"",""OB_REVIEW_HM_01_EV_APP0272_FIRST_INTERVIEW_PRACTITIONER_QA_M1_SKILL_04"",""OB_REVIEW_ML_01_EV_APP0272_FIRST_INTERVIEW_PRACTITIONER_QA_M1_SKILL_05"",""OB_REVIEW_HM_01_EV_APP0272_FIRST_INTERVIEW_PRACTITIONER_QA_M1_SKILL_05"",""OB_REVIEW_ML_01_EV_APP0272_FIRST_INTERVIEW_PRACTITIONER_QA_M1_SKILL_06"",""OB_REVIEW_HM_01_EV_APP0272_FIRST_INTERVIEW_PRACTITIONER_QA_M1_SKILL_06"",""OB_REVIEW_ML_01_EV_APP0272_FIRST_INTERVIEW_PRACTITIONER_QA_M1_SKILL_08"",""OB_REVIEW_HM_01_EV_APP0272_FIRST_INTERVIEW_PRACTITIONER_QA_M1_SKILL_08""],""stage"":""FIRST_INTERVIEW""}"
APP0273_FIRST_INTERVIEW,APP0273,C0273,FIRST_INTERVIEW,2026-12-06T14:04:00+09:00,2026-12-08T14:04:00+09:00,2027-02-08T09:00:00+09:00,2027-02-08T10:20:00+09:00,2027-02-13T10:45:00+09:00,2027-02-17T10:45:00+09:00,,ADVANCED,FIRST_EVIDENCE_REVIEWED,,SYNTHETIC_HUMAN_SCENARIO,"{""criterion"":""REPEATED_DIRECT_TECHNICAL_LIMITATION"",""human_rationale"":""단계 활동과 관찰을 검토하여 다음 판단으로 진행한다. 미관찰은 부족/탈락과 동일하지 않다."",""observation_refs"":[""OB_REVIEW_ML_01_EV_APP0273_FIRST_INTERVIEW_TECHNICAL_ASSESSMENT_M1_SKILL_01"",""OB_REVIEW_HM_01_EV_APP0273_FIRST_INTERVIEW_TECHNICAL_ASSESSMENT_M1_SKILL_01"",""OB_REVIEW_ML_01_EV_APP0273_FIRST_INTERVIEW_TECHNICAL_ASSESSMENT_M1_SKILL_02"",""OB_REVIEW_HM_01_EV_APP0273_FIRST_INTERVIEW_TECHNICAL_ASSESSMENT_M1_SKILL_02"",""OB_REVIEW_ML_01_EV_APP0273_FIRST_INTERVIEW_TECHNICAL_ASSESSMENT_M1_SKILL_07"",""OB_REVIEW_HM_01_EV_APP0273_FIRST_INTERVIEW_TECHNICAL_ASSESSMENT_M1_SKILL_07"",""OB_REVIEW_ML_01_EV_APP0273_FIRST_INTERVIEW_AI_CASE_M1_SKILL_01"",""OB_REVIEW_HM_01_EV_APP0273_FIRST_INTERVIEW_AI_CASE_M1_SKILL_01"",""OB_REVIEW_ML_01_EV_APP0273_FIRST_INTERVIEW_AI_CASE_M1_SKILL_03"",""OB_REVIEW_HM_01_EV_APP0273_FIRST_INTERVIEW_AI_CASE_M1_SKILL_03"",""OB_REVIEW_ML_01_EV_APP0273_FIRST_INTERVIEW_PRACTITIONER_QA_M1_SKILL_04"",""OB_REVIEW_HM_01_EV_APP0273_FIRST_INTERVIEW_PRACTITIONER_QA_M1_SKILL_04"",""OB_REVIEW_ML_01_EV_APP0273_FIRST_INTERVIEW_PRACTITIONER_QA_M1_SKILL_05"",""OB_REVIEW_HM_01_EV_APP0273_FIRST_INTERVIEW_PRACTITIONER_QA_M1_SKILL_05"",""OB_REVIEW_ML_01_EV_APP0273_FIRST_INTERVIEW_PRACTITIONER_QA_M1_SKILL_06"",""OB_REVIEW_HM_01_EV_APP0273_FIRST_INTERVIEW_PRACTITIONER_QA_M1_SKILL_06"",""OB_REVIEW_ML_01_EV_APP0273_FIRST_INTERVIEW_PRACTITIONER_QA_M1_SKILL_08"",""OB_REVIEW_HM_01_EV_APP0273_FIRST_INTERVIEW_PRACTITIONER_QA_M1_SKILL_08""],""stage"":""FIRST_INTERVIEW""}"
APP0274_FIRST_INTERVIEW,APP0274,C0274,FIRST_INTERVIEW,2026-12-06T14:04:00+09:00,2026-12-08T14:04:00+09:00,2027-02-08T09:00:00+09:00,2027-02-08T10:20:00+09:00,2027-02-13T10:40:00+09:00,2027-02-17T10:40:00+09:00,,ADVANCED,FIRST_EVIDENCE_REVIEWED,,SYNTHETIC_HUMAN_SCENARIO,"{""criterion"":""REPEATED_DIRECT_TECHNICAL_LIMITATION"",""human_rationale"":""단계 활동과 관찰을 검토하여 다음 판단으로 진행한다. 미관찰은 부족/탈락과 동일하지 않다."",""observation_refs"":[""OB_REVIEW_ML_01_EV_APP0274_FIRST_INTERVIEW_TECHNICAL_ASSESSMENT_M1_SKILL_01"",""OB_REVIEW_HM_01_EV_APP0274_FIRST_INTERVIEW_TECHNICAL_ASSESSMENT_M1_SKILL_01"",""OB_REVIEW_ML_01_EV_APP0274_FIRST_INTERVIEW_TECHNICAL_ASSESSMENT_M1_SKILL_02"",""OB_REVIEW_HM_01_EV_APP0274_FIRST_INTERVIEW_TECHNICAL_ASSESSMENT_M1_SKILL_02"",""OB_REVIEW_ML_01_EV_APP0274_FIRST_INTERVIEW_TECHNICAL_ASSESSMENT_M1_SKILL_07"",""OB_REVIEW_HM_01_EV_APP0274_FIRST_INTERVIEW_TECHNICAL_ASSESSMENT_M1_SKILL_07"",""OB_REVIEW_ML_01_EV_APP0274_FIRST_INTERVIEW_AI_CASE_M1_SKILL_01"",""OB_REVIEW_HM_01_EV_APP0274_FIRST_INTERVIEW_AI_CASE_M1_SKILL_01"",""OB_REVIEW_ML_01_EV_APP0274_FIRST_INTERVIEW_AI_CASE_M1_SKILL_03"",""OB_REVIEW_HM_01_EV_APP0274_FIRST_INTERVIEW_AI_CASE_M1_SKILL_03"",""OB_REVIEW_ML_01_EV_APP0274_FIRST_INTERVIEW_PRACTITIONER_QA_M1_SKILL_04"",""OB_REVIEW_HM_01_EV_APP0274_FIRST_INTERVIEW_PRACTITIONER_QA_M1_SKILL_04"",""OB_REVIEW_ML_01_EV_APP0274_FIRST_INTERVIEW_PRACTITIONER_QA_M1_SKILL_05"",""OB_REVIEW_HM_01_EV_APP0274_FIRST_INTERVIEW_PRACTITIONER_QA_M1_SKILL_05"",""OB_REVIEW_ML_01_EV_APP0274_FIRST_INTERVIEW_PRACTITIONER_QA_M1_SKILL_06"",""OB_REVIEW_HM_01_EV_APP0274_FIRST_INTERVIEW_PRACTITIONER_QA_M1_SKILL_06"",""OB_REVIEW_ML_01_EV_APP0274_FIRST_INTERVIEW_PRACTITIONER_QA_M1_SKILL_08"",""OB_REVIEW_HM_01_EV_APP0274_FIRST_INTERVIEW_PRACTITIONER_QA_M1_SKILL_08""],""stage"":""FIRST_INTERVIEW""}"
APP0275_FIRST_INTERVIEW,APP0275,C0275,FIRST_INTERVIEW,2026-12-06T14:04:00+09:00,2026-12-08T14:04:00+09:00,2027-02-08T09:00:00+09:00,2027-02-08T10:25:00+09:00,2027-02-13T10:40:00+09:00,2027-02-15T10:40:00+09:00,,FAILED,REPEATED_MUST_LIMITATION,,SYNTHETIC_HUMAN_SCENARIO,"{""criterion"":""REPEATED_DIRECT_TECHNICAL_LIMITATION"",""human_rationale"":""해당 단계 직접 근거의 명시적 비진행 기준을 검토했다."",""observation_refs"":[""OB_REVIEW_ML_01_EV_APP0275_FIRST_INTERVIEW_TECHNICAL_ASSESSMENT_M1_SKILL_01"",""OB_REVIEW_HM_01_EV_APP0275_FIRST_INTERVIEW_TECHNICAL_ASSESSMENT_M1_SKILL_01"",""OB_REVIEW_ML_01_EV_APP0275_FIRST_INTERVIEW_TECHNICAL_ASSESSMENT_M1_SKILL_02"",""OB_REVIEW_HM_01_EV_APP0275_FIRST_INTERVIEW_TECHNICAL_ASSESSMENT_M1_SKILL_02"",""OB_REVIEW_ML_01_EV_APP0275_FIRST_INTERVIEW_TECHNICAL_ASSESSMENT_M1_SKILL_07"",""OB_REVIEW_HM_01_EV_APP0275_FIRST_INTERVIEW_TECHNICAL_ASSESSMENT_M1_SKILL_07"",""OB_REVIEW_ML_01_EV_APP0275_FIRST_INTERVIEW_AI_CASE_M1_SKILL_01"",""OB_REVIEW_HM_01_EV_APP0275_FIRST_INTERVIEW_AI_CASE_M1_SKILL_01"",""OB_REVIEW_ML_01_EV_APP0275_FIRST_INTERVIEW_AI_CASE_M1_SKILL_03"",""OB_REVIEW_HM_01_EV_APP0275_FIRST_INTERVIEW_AI_CASE_M1_SKILL_03"",""OB_REVIEW_ML_01_EV_APP0275_FIRST_INTERVIEW_PRACTITIONER_QA_M1_SKILL_04"",""OB_REVIEW_HM_01_EV_APP0275_FIRST_INTERVIEW_PRACTITIONER_QA_M1_SKILL_04"",""OB_REVIEW_ML_01_EV_APP0275_FIRST_INTERVIEW_PRACTITIONER_QA_M1_SKILL_05"",""OB_REVIEW_HM_01_EV_APP0275_FIRST_INTERVIEW_PRACTITIONER_QA_M1_SKILL_05"",""OB_REVIEW_ML_01_EV_APP0275_FIRST_INTERVIEW_PRACTITIONER_QA_M1_SKILL_06"",""OB_REVIEW_HM_01_EV_APP0275_FIRST_INTERVIEW_PRACTITIONER_QA_M1_SKILL_06"",""OB_REVIEW_ML_01_EV_APP0275_FIRST_INTERVIEW_PRACTITIONER_QA_M1_SKILL_08"",""OB_REVIEW_HM_01_EV_APP0275_FIRST_INTERVIEW_PRACTITIONER_QA_M1_SKILL_08""],""stage"":""FIRST_INTERVIEW""}"
APP0278_FIRST_INTERVIEW,APP0278,C0278,FIRST_INTERVIEW,2026-12-06T14:04:00+09:00,2026-12-08T14:04:00+09:00,2027-02-08T09:00:00+09:00,2027-02-08T10:30:00+09:00,2027-02-10T10:55:00+09:00,2027-02-12T10:55:00+09:00,,ADVANCED,FIRST_EVIDENCE_REVIEWED,,SYNTHETIC_HUMAN_SCENARIO,"{""criterion"":""REPEATED_DIRECT_TECHNICAL_LIMITATION"",""human_rationale"":""단계 활동과 관찰을 검토하여 다음 판단으로 진행한다. 미관찰은 부족/탈락과 동일하지 않다."",""observation_refs"":[""OB_REVIEW_ML_01_EV_APP0278_FIRST_INTERVIEW_TECHNICAL_ASSESSMENT_M1_SKILL_01"",""OB_REVIEW_HM_01_EV_APP0278_FIRST_INTERVIEW_TECHNICAL_ASSESSMENT_M1_SKILL_01"",""OB_REVIEW_ML_01_EV_APP0278_FIRST_INTERVIEW_TECHNICAL_ASSESSMENT_M1_SKILL_02"",""OB_REVIEW_HM_01_EV_APP0278_FIRST_INTERVIEW_TECHNICAL_ASSESSMENT_M1_SKILL_02"",""OB_REVIEW_ML_01_EV_APP0278_FIRST_INTERVIEW_TECHNICAL_ASSESSMENT_M1_SKILL_07"",""OB_REVIEW_HM_01_EV_APP0278_FIRST_INTERVIEW_TECHNICAL_ASSESSMENT_M1_SKILL_07"",""OB_REVIEW_ML_01_EV_APP0278_FIRST_INTERVIEW_AI_CASE_M1_SKILL_01"",""OB_REVIEW_HM_01_EV_APP0278_FIRST_INTERVIEW_AI_CASE_M1_SKILL_01"",""OB_REVIEW_ML_01_EV_APP0278_FIRST_INTERVIEW_AI_CASE_M1_SKILL_03"",""OB_REVIEW_HM_01_EV_APP0278_FIRST_INTERVIEW_AI_CASE_M1_SKILL_03"",""OB_REVIEW_ML_01_EV_APP0278_FIRST_INTERVIEW_PRACTITIONER_QA_M1_SKILL_04"",""OB_REVIEW_HM_01_EV_APP0278_FIRST_INTERVIEW_PRACTITIONER_QA_M1_SKILL_04"",""OB_REVIEW_ML_01_EV_APP0278_FIRST_INTERVIEW_PRACTITIONER_QA_M1_SKILL_05"",""OB_REVIEW_HM_01_EV_APP0278_FIRST_INTERVIEW_PRACTITIONER_QA_M1_SKILL_05"",""OB_REVIEW_ML_01_EV_APP0278_FIRST_INTERVIEW_PRACTITIONER_QA_M1_SKILL_06"",""OB_REVIEW_HM_01_EV_APP0278_FIRST_INTERVIEW_PRACTITIONER_QA_M1_SKILL_06"",""OB_REVIEW_ML_01_EV_APP0278_FIRST_INTERVIEW_PRACTITIONER_QA_M1_SKILL_08"",""OB_REVIEW_HM_01_EV_APP0278_FIRST_INTERVIEW_PRACTITIONER_QA_M1_SKILL_08""],""stage"":""FIRST_INTERVIEW""}"
APP0279_FIRST_INTERVIEW,APP0279,C0279,FIRST_INTERVIEW,2026-12-06T14:04:00+09:00,2026-12-08T14:04:00+09:00,2027-02-08T09:00:00+09:00,2027-02-08T10:20:00+09:00,2027-02-13T10:35:00+09:00,2027-02-17T10:35:00+09:00,,ADVANCED,FIRST_EVIDENCE_REVIEWED,,SYNTHETIC_HUMAN_SCENARIO,"{""criterion"":""REPEATED_DIRECT_TECHNICAL_LIMITATION"",""human_rationale"":""단계 활동과 관찰을 검토하여 다음 판단으로 진행한다. 미관찰은 부족/탈락과 동일하지 않다."",""observation_refs"":[""OB_REVIEW_ML_01_EV_APP0279_FIRST_INTERVIEW_TECHNICAL_ASSESSMENT_M1_SKILL_01"",""OB_REVIEW_HM_01_EV_APP0279_FIRST_INTERVIEW_TECHNICAL_ASSESSMENT_M1_SKILL_01"",""OB_REVIEW_ML_01_EV_APP0279_FIRST_INTERVIEW_TECHNICAL_ASSESSMENT_M1_SKILL_02"",""OB_REVIEW_HM_01_EV_APP0279_FIRST_INTERVIEW_TECHNICAL_ASSESSMENT_M1_SKILL_02"",""OB_REVIEW_ML_01_EV_APP0279_FIRST_INTERVIEW_TECHNICAL_ASSESSMENT_M1_SKILL_07"",""OB_REVIEW_HM_01_EV_APP0279_FIRST_INTERVIEW_TECHNICAL_ASSESSMENT_M1_SKILL_07"",""OB_REVIEW_ML_01_EV_APP0279_FIRST_INTERVIEW_AI_CASE_M1_SKILL_01"",""OB_REVIEW_HM_01_EV_APP0279_FIRST_INTERVIEW_AI_CASE_M1_SKILL_01"",""OB_REVIEW_ML_01_EV_APP0279_FIRST_INTERVIEW_AI_CASE_M1_SKILL_03"",""OB_REVIEW_HM_01_EV_APP0279_FIRST_INTERVIEW_AI_CASE_M1_SKILL_03"",""OB_REVIEW_ML_01_EV_APP0279_FIRST_INTERVIEW_PRACTITIONER_QA_M1_SKILL_04"",""OB_REVIEW_HM_01_EV_APP0279_FIRST_INTERVIEW_PRACTITIONER_QA_M1_SKILL_04"",""OB_REVIEW_ML_01_EV_APP0279_FIRST_INTERVIEW_PRACTITIONER_QA_M1_SKILL_05"",""OB_REVIEW_HM_01_EV_APP0279_FIRST_INTERVIEW_PRACTITIONER_QA_M1_SKILL_05"",""OB_REVIEW_ML_01_EV_APP0279_FIRST_INTERVIEW_PRACTITIONER_QA_M1_SKILL_06"",""OB_REVIEW_HM_01_EV_APP0279_FIRST_INTERVIEW_PRACTITIONER_QA_M1_SKILL_06"",""OB_REVIEW_ML_01_EV_APP0279_FIRST_INTERVIEW_PRACTITIONER_QA_M1_SKILL_08"",""OB_REVIEW_HM_01_EV_APP0279_FIRST_INTERVIEW_PRACTITIONER_QA_M1_SKILL_08""],""stage"":""FIRST_INTERVIEW""}"
APP0285_FIRST_INTERVIEW,APP0285,C0285,FIRST_INTERVIEW,2026-12-06T14:04:00+09:00,2026-12-08T14:04:00+09:00,2027-02-08T09:00:00+09:00,2027-02-08T10:15:00+09:00,2027-02-11T10:40:00+09:00,2027-02-11T10:40:00+09:00,,ADVANCED,FIRST_EVIDENCE_REVIEWED,,SYNTHETIC_HUMAN_SCENARIO,"{""criterion"":""REPEATED_DIRECT_TECHNICAL_LIMITATION"",""human_rationale"":""단계 활동과 관찰을 검토하여 다음 판단으로 진행한다. 미관찰은 부족/탈락과 동일하지 않다."",""observation_refs"":[""OB_REVIEW_ML_01_EV_APP0285_FIRST_INTERVIEW_TECHNICAL_ASSESSMENT_M1_SKILL_01"",""OB_REVIEW_HM_01_EV_APP0285_FIRST_INTERVIEW_TECHNICAL_ASSESSMENT_M1_SKILL_01"",""OB_REVIEW_ML_01_EV_APP0285_FIRST_INTERVIEW_TECHNICAL_ASSESSMENT_M1_SKILL_02"",""OB_REVIEW_HM_01_EV_APP0285_FIRST_INTERVIEW_TECHNICAL_ASSESSMENT_M1_SKILL_02"",""OB_REVIEW_ML_01_EV_APP0285_FIRST_INTERVIEW_TECHNICAL_ASSESSMENT_M1_SKILL_07"",""OB_REVIEW_HM_01_EV_APP0285_FIRST_INTERVIEW_TECHNICAL_ASSESSMENT_M1_SKILL_07"",""OB_REVIEW_ML_01_EV_APP0285_FIRST_INTERVIEW_AI_CASE_M1_SKILL_01"",""OB_REVIEW_HM_01_EV_APP0285_FIRST_INTERVIEW_AI_CASE_M1_SKILL_01"",""OB_REVIEW_ML_01_EV_APP0285_FIRST_INTERVIEW_AI_CASE_M1_SKILL_03"",""OB_REVIEW_HM_01_EV_APP0285_FIRST_INTERVIEW_AI_CASE_M1_SKILL_03"",""OB_REVIEW_ML_01_EV_APP0285_FIRST_INTERVIEW_PRACTITIONER_QA_M1_SKILL_04"",""OB_REVIEW_HM_01_EV_APP0285_FIRST_INTERVIEW_PRACTITIONER_QA_M1_SKILL_04"",""OB_REVIEW_ML_01_EV_APP0285_FIRST_INTERVIEW_PRACTITIONER_QA_M1_SKILL_05"",""OB_REVIEW_HM_01_EV_APP0285_FIRST_INTERVIEW_PRACTITIONER_QA_M1_SKILL_05"",""OB_REVIEW_ML_01_EV_APP0285_FIRST_INTERVIEW_PRACTITIONER_QA_M1_SKILL_06"",""OB_REVIEW_HM_01_EV_APP0285_FIRST_INTERVIEW_PRACTITIONER_QA_M1_SKILL_06"",""OB_REVIEW_ML_01_EV_APP0285_FIRST_INTERVIEW_PRACTITIONER_QA_M1_SKILL_08"",""OB_REVIEW_HM_01_EV_APP0285_FIRST_INTERVIEW_PRACTITIONER_QA_M1_SKILL_08""],""stage"":""FIRST_INTERVIEW""}"
APP0286_FIRST_INTERVIEW,APP0286,C0286,FIRST_INTERVIEW,2026-12-06T14:04:00+09:00,2026-12-08T14:04:00+09:00,2027-02-08T09:00:00+09:00,2027-02-08T10:25:00+09:00,2027-02-10T10:40:00+09:00,2027-02-11T10:40:00+09:00,,ADVANCED,FIRST_EVIDENCE_REVIEWED,,SYNTHETIC_HUMAN_SCENARIO,"{""criterion"":""REPEATED_DIRECT_TECHNICAL_LIMITATION"",""human_rationale"":""단계 활동과 관찰을 검토하여 다음 판단으로 진행한다. 미관찰은 부족/탈락과 동일하지 않다."",""observation_refs"":[""OB_REVIEW_ML_01_EV_APP0286_FIRST_INTERVIEW_TECHNICAL_ASSESSMENT_M1_SKILL_01"",""OB_REVIEW_HM_01_EV_APP0286_FIRST_INTERVIEW_TECHNICAL_ASSESSMENT_M1_SKILL_01"",""OB_REVIEW_ML_01_EV_APP0286_FIRST_INTERVIEW_TECHNICAL_ASSESSMENT_M1_SKILL_02"",""OB_REVIEW_HM_01_EV_APP0286_FIRST_INTERVIEW_TECHNICAL_ASSESSMENT_M1_SKILL_02"",""OB_REVIEW_ML_01_EV_APP0286_FIRST_INTERVIEW_TECHNICAL_ASSESSMENT_M1_SKILL_07"",""OB_REVIEW_HM_01_EV_APP0286_FIRST_INTERVIEW_TECHNICAL_ASSESSMENT_M1_SKILL_07"",""OB_REVIEW_ML_01_EV_APP0286_FIRST_INTERVIEW_AI_CASE_M1_SKILL_01"",""OB_REVIEW_HM_01_EV_APP0286_FIRST_INTERVIEW_AI_CASE_M1_SKILL_01"",""OB_REVIEW_ML_01_EV_APP0286_FIRST_INTERVIEW_AI_CASE_M1_SKILL_03"",""OB_REVIEW_HM_01_EV_APP0286_FIRST_INTERVIEW_AI_CASE_M1_SKILL_03"",""OB_REVIEW_ML_01_EV_APP0286_FIRST_INTERVIEW_PRACTITIONER_QA_M1_SKILL_04"",""OB_REVIEW_HM_01_EV_APP0286_FIRST_INTERVIEW_PRACTITIONER_QA_M1_SKILL_04"",""OB_REVIEW_ML_01_EV_APP0286_FIRST_INTERVIEW_PRACTITIONER_QA_M1_SKILL_05"",""OB_REVIEW_HM_01_EV_APP0286_FIRST_INTERVIEW_PRACTITIONER_QA_M1_SKILL_05"",""OB_REVIEW_ML_01_EV_APP0286_FIRST_INTERVIEW_PRACTITIONER_QA_M1_SKILL_06"",""OB_REVIEW_HM_01_EV_APP0286_FIRST_INTERVIEW_PRACTITIONER_QA_M1_SKILL_06"",""OB_REVIEW_ML_01_EV_APP0286_FIRST_INTERVIEW_PRACTITIONER_QA_M1_SKILL_08"",""OB_REVIEW_HM_01_EV_APP0286_FIRST_INTERVIEW_PRACTITIONER_QA_M1_SKILL_08""],""stage"":""FIRST_INTERVIEW""}"
APP0288_FIRST_INTERVIEW,APP0288,C0288,FIRST_INTERVIEW,2026-12-06T14:04:00+09:00,2026-12-08T14:04:00+09:00,2027-02-08T09:00:00+09:00,2027-02-08T10:25:00+09:00,2027-02-13T10:40:00+09:00,2027-02-13T10:40:00+09:00,,ADVANCED,FIRST_EVIDENCE_REVIEWED,,SYNTHETIC_HUMAN_SCENARIO,"{""criterion"":""REPEATED_DIRECT_TECHNICAL_LIMITATION"",""human_rationale"":""단계 활동과 관찰을 검토하여 다음 판단으로 진행한다. 미관찰은 부족/탈락과 동일하지 않다."",""observation_refs"":[""OB_REVIEW_ML_01_EV_APP0288_FIRST_INTERVIEW_TECHNICAL_ASSESSMENT_M1_SKILL_01"",""OB_REVIEW_HM_01_EV_APP0288_FIRST_INTERVIEW_TECHNICAL_ASSESSMENT_M1_SKILL_01"",""OB_REVIEW_ML_01_EV_APP0288_FIRST_INTERVIEW_TECHNICAL_ASSESSMENT_M1_SKILL_02"",""OB_REVIEW_HM_01_EV_APP0288_FIRST_INTERVIEW_TECHNICAL_ASSESSMENT_M1_SKILL_02"",""OB_REVIEW_ML_01_EV_APP0288_FIRST_INTERVIEW_TECHNICAL_ASSESSMENT_M1_SKILL_07"",""OB_REVIEW_HM_01_EV_APP0288_FIRST_INTERVIEW_TECHNICAL_ASSESSMENT_M1_SKILL_07"",""OB_REVIEW_ML_01_EV_APP0288_FIRST_INTERVIEW_AI_CASE_M1_SKILL_01"",""OB_REVIEW_HM_01_EV_APP0288_FIRST_INTERVIEW_AI_CASE_M1_SKILL_01"",""OB_REVIEW_ML_01_EV_APP0288_FIRST_INTERVIEW_AI_CASE_M1_SKILL_03"",""OB_REVIEW_HM_01_EV_APP0288_FIRST_INTERVIEW_AI_CASE_M1_SKILL_03"",""OB_REVIEW_ML_01_EV_APP0288_FIRST_INTERVIEW_PRACTITIONER_QA_M1_SKILL_04"",""OB_REVIEW_HM_01_EV_APP0288_FIRST_INTERVIEW_PRACTITIONER_QA_M1_SKILL_04"",""OB_REVIEW_ML_01_EV_APP0288_FIRST_INTERVIEW_PRACTITIONER_QA_M1_SKILL_05"",""OB_REVIEW_HM_01_EV_APP0288_FIRST_INTERVIEW_PRACTITIONER_QA_M1_SKILL_05"",""OB_REVIEW_ML_01_EV_APP0288_FIRST_INTERVIEW_PRACTITIONER_QA_M1_SKILL_06"",""OB_REVIEW_HM_01_EV_APP0288_FIRST_INTERVIEW_PRACTITIONER_QA_M1_SKILL_06"",""OB_REVIEW_ML_01_EV_APP0288_FIRST_INTERVIEW_PRACTITIONER_QA_M1_SKILL_08"",""OB_REVIEW_HM_01_EV_APP0288_FIRST_INTERVIEW_PRACTITIONER_QA_M1_SKILL_08""],""stage"":""FIRST_INTERVIEW""}"
APP0289_FIRST_INTERVIEW,APP0289,C0289,FIRST_INTERVIEW,2026-12-06T14:04:00+09:00,2026-12-08T14:04:00+09:00,2027-02-08T09:00:00+09:00,2027-02-08T10:25:00+09:00,2027-02-10T10:40:00+09:00,2027-02-10T10:40:00+09:00,,ADVANCED,FIRST_EVIDENCE_REVIEWED,,SYNTHETIC_HUMAN_SCENARIO,"{""criterion"":""REPEATED_DIRECT_TECHNICAL_LIMITATION"",""human_rationale"":""단계 활동과 관찰을 검토하여 다음 판단으로 진행한다. 미관찰은 부족/탈락과 동일하지 않다."",""observation_refs"":[""OB_REVIEW_ML_01_EV_APP0289_FIRST_INTERVIEW_TECHNICAL_ASSESSMENT_M1_SKILL_01"",""OB_REVIEW_HM_01_EV_APP0289_FIRST_INTERVIEW_TECHNICAL_ASSESSMENT_M1_SKILL_01"",""OB_REVIEW_ML_01_EV_APP0289_FIRST_INTERVIEW_TECHNICAL_ASSESSMENT_M1_SKILL_02"",""OB_REVIEW_HM_01_EV_APP0289_FIRST_INTERVIEW_TECHNICAL_ASSESSMENT_M1_SKILL_02"",""OB_REVIEW_ML_01_EV_APP0289_FIRST_INTERVIEW_TECHNICAL_ASSESSMENT_M1_SKILL_07"",""OB_REVIEW_HM_01_EV_APP0289_FIRST_INTERVIEW_TECHNICAL_ASSESSMENT_M1_SKILL_07"",""OB_REVIEW_ML_01_EV_APP0289_FIRST_INTERVIEW_AI_CASE_M1_SKILL_01"",""OB_REVIEW_HM_01_EV_APP0289_FIRST_INTERVIEW_AI_CASE_M1_SKILL_01"",""OB_REVIEW_ML_01_EV_APP0289_FIRST_INTERVIEW_AI_CASE_M1_SKILL_03"",""OB_REVIEW_HM_01_EV_APP0289_FIRST_INTERVIEW_AI_CASE_M1_SKILL_03"",""OB_REVIEW_ML_01_EV_APP0289_FIRST_INTERVIEW_PRACTITIONER_QA_M1_SKILL_04"",""OB_REVIEW_HM_01_EV_APP0289_FIRST_INTERVIEW_PRACTITIONER_QA_M1_SKILL_04"",""OB_REVIEW_ML_01_EV_APP0289_FIRST_INTERVIEW_PRACTITIONER_QA_M1_SKILL_05"",""OB_REVIEW_HM_01_EV_APP0289_FIRST_INTERVIEW_PRACTITIONER_QA_M1_SKILL_05"",""OB_REVIEW_ML_01_EV_APP0289_FIRST_INTERVIEW_PRACTITIONER_QA_M1_SKILL_06"",""OB_REVIEW_HM_01_EV_APP0289_FIRST_INTERVIEW_PRACTITIONER_QA_M1_SKILL_06"",""OB_REVIEW_ML_01_EV_APP0289_FIRST_INTERVIEW_PRACTITIONER_QA_M1_SKILL_08"",""OB_REVIEW_HM_01_EV_APP0289_FIRST_INTERVIEW_PRACTITIONER_QA_M1_SKILL_08""],""stage"":""FIRST_INTERVIEW""}"
APP0295_FIRST_INTERVIEW,APP0295,C0295,FIRST_INTERVIEW,2026-12-06T14:04:00+09:00,2026-12-08T14:04:00+09:00,2027-02-11T09:00:00+09:00,2027-02-11T10:15:00+09:00,2027-02-16T10:35:00+09:00,2027-02-20T10:35:00+09:00,,ADVANCED,FIRST_EVIDENCE_REVIEWED,,SYNTHETIC_HUMAN_SCENARIO,"{""criterion"":""REPEATED_DIRECT_TECHNICAL_LIMITATION"",""human_rationale"":""단계 활동과 관찰을 검토하여 다음 판단으로 진행한다. 미관찰은 부족/탈락과 동일하지 않다."",""observation_refs"":[""OB_REVIEW_ML_01_EV_APP0295_FIRST_INTERVIEW_TECHNICAL_ASSESSMENT_M1_SKILL_01"",""OB_REVIEW_HM_01_EV_APP0295_FIRST_INTERVIEW_TECHNICAL_ASSESSMENT_M1_SKILL_01"",""OB_REVIEW_ML_01_EV_APP0295_FIRST_INTERVIEW_TECHNICAL_ASSESSMENT_M1_SKILL_02"",""OB_REVIEW_HM_01_EV_APP0295_FIRST_INTERVIEW_TECHNICAL_ASSESSMENT_M1_SKILL_02"",""OB_REVIEW_ML_01_EV_APP0295_FIRST_INTERVIEW_TECHNICAL_ASSESSMENT_M1_SKILL_07"",""OB_REVIEW_HM_01_EV_APP0295_FIRST_INTERVIEW_TECHNICAL_ASSESSMENT_M1_SKILL_07"",""OB_REVIEW_ML_01_EV_APP0295_FIRST_INTERVIEW_AI_CASE_M1_SKILL_01"",""OB_REVIEW_HM_01_EV_APP0295_FIRST_INTERVIEW_AI_CASE_M1_SKILL_01"",""OB_REVIEW_ML_01_EV_APP0295_FIRST_INTERVIEW_AI_CASE_M1_SKILL_03"",""OB_REVIEW_HM_01_EV_APP0295_FIRST_INTERVIEW_AI_CASE_M1_SKILL_03"",""OB_REVIEW_ML_01_EV_APP0295_FIRST_INTERVIEW_PRACTITIONER_QA_M1_SKILL_04"",""OB_REVIEW_HM_01_EV_APP0295_FIRST_INTERVIEW_PRACTITIONER_QA_M1_SKILL_04"",""OB_REVIEW_ML_01_EV_APP0295_FIRST_INTERVIEW_PRACTITIONER_QA_M1_SKILL_05"",""OB_REVIEW_HM_01_EV_APP0295_FIRST_INTERVIEW_PRACTITIONER_QA_M1_SKILL_05"",""OB_REVIEW_ML_01_EV_APP0295_FIRST_INTERVIEW_PRACTITIONER_QA_M1_SKILL_06"",""OB_REVIEW_HM_01_EV_APP0295_FIRST_INTERVIEW_PRACTITIONER_QA_M1_SKILL_06"",""OB_REVIEW_ML_01_EV_APP0295_FIRST_INTERVIEW_PRACTITIONER_QA_M1_SKILL_08"",""OB_REVIEW_HM_01_EV_APP0295_FIRST_INTERVIEW_PRACTITIONER_QA_M1_SKILL_08""],""stage"":""FIRST_INTERVIEW""}"
APP0296_FIRST_INTERVIEW,APP0296,C0296,FIRST_INTERVIEW,2026-12-06T14:04:00+09:00,2026-12-08T14:04:00+09:00,2027-02-11T09:00:00+09:00,2027-02-11T10:20:00+09:00,2027-02-16T10:45:00+09:00,2027-02-16T10:45:00+09:00,,FAILED,REPEATED_MUST_LIMITATION,,SYNTHETIC_HUMAN_SCENARIO,"{""criterion"":""REPEATED_DIRECT_TECHNICAL_LIMITATION"",""human_rationale"":""해당 단계 직접 근거의 명시적 비진행 기준을 검토했다."",""observation_refs"":[""OB_REVIEW_ML_01_EV_APP0296_FIRST_INTERVIEW_TECHNICAL_ASSESSMENT_M1_SKILL_01"",""OB_REVIEW_HM_01_EV_APP0296_FIRST_INTERVIEW_TECHNICAL_ASSESSMENT_M1_SKILL_01"",""OB_REVIEW_ML_01_EV_APP0296_FIRST_INTERVIEW_TECHNICAL_ASSESSMENT_M1_SKILL_02"",""OB_REVIEW_HM_01_EV_APP0296_FIRST_INTERVIEW_TECHNICAL_ASSESSMENT_M1_SKILL_02"",""OB_REVIEW_ML_01_EV_APP0296_FIRST_INTERVIEW_TECHNICAL_ASSESSMENT_M1_SKILL_07"",""OB_REVIEW_HM_01_EV_APP0296_FIRST_INTERVIEW_TECHNICAL_ASSESSMENT_M1_SKILL_07"",""OB_REVIEW_ML_01_EV_APP0296_FIRST_INTERVIEW_AI_CASE_M1_SKILL_01"",""OB_REVIEW_HM_01_EV_APP0296_FIRST_INTERVIEW_AI_CASE_M1_SKILL_01"",""OB_REVIEW_ML_01_EV_APP0296_FIRST_INTERVIEW_AI_CASE_M1_SKILL_03"",""OB_REVIEW_HM_01_EV_APP0296_FIRST_INTERVIEW_AI_CASE_M1_SKILL_03"",""OB_REVIEW_ML_01_EV_APP0296_FIRST_INTERVIEW_PRACTITIONER_QA_M1_SKILL_04"",""OB_REVIEW_HM_01_EV_APP0296_FIRST_INTERVIEW_PRACTITIONER_QA_M1_SKILL_04"",""OB_REVIEW_ML_01_EV_APP0296_FIRST_INTERVIEW_PRACTITIONER_QA_M1_SKILL_05"",""OB_REVIEW_HM_01_EV_APP0296_FIRST_INTERVIEW_PRACTITIONER_QA_M1_SKILL_05"",""OB_REVIEW_ML_01_EV_APP0296_FIRST_INTERVIEW_PRACTITIONER_QA_M1_SKILL_06"",""OB_REVIEW_HM_01_EV_APP0296_FIRST_INTERVIEW_PRACTITIONER_QA_M1_SKILL_06"",""OB_REVIEW_ML_01_EV_APP0296_FIRST_INTERVIEW_PRACTITIONER_QA_M1_SKILL_08"",""OB_REVIEW_HM_01_EV_APP0296_FIRST_INTERVIEW_PRACTITIONER_QA_M1_SKILL_08""],""stage"":""FIRST_INTERVIEW""}"
APP0297_FIRST_INTERVIEW,APP0297,C0297,FIRST_INTERVIEW,2026-12-06T14:04:00+09:00,2026-12-08T14:04:00+09:00,2027-02-11T09:00:00+09:00,2027-02-11T10:25:00+09:00,2027-02-14T10:45:00+09:00,2027-02-16T10:45:00+09:00,,ADVANCED,FIRST_EVIDENCE_REVIEWED,,SYNTHETIC_HUMAN_SCENARIO,"{""criterion"":""REPEATED_DIRECT_TECHNICAL_LIMITATION"",""human_rationale"":""단계 활동과 관찰을 검토하여 다음 판단으로 진행한다. 미관찰은 부족/탈락과 동일하지 않다."",""observation_refs"":[""OB_REVIEW_ML_01_EV_APP0297_FIRST_INTERVIEW_TECHNICAL_ASSESSMENT_M1_SKILL_01"",""OB_REVIEW_HM_01_EV_APP0297_FIRST_INTERVIEW_TECHNICAL_ASSESSMENT_M1_SKILL_01"",""OB_REVIEW_ML_01_EV_APP0297_FIRST_INTERVIEW_TECHNICAL_ASSESSMENT_M1_SKILL_02"",""OB_REVIEW_HM_01_EV_APP0297_FIRST_INTERVIEW_TECHNICAL_ASSESSMENT_M1_SKILL_02"",""OB_REVIEW_ML_01_EV_APP0297_FIRST_INTERVIEW_TECHNICAL_ASSESSMENT_M1_SKILL_07"",""OB_REVIEW_HM_01_EV_APP0297_FIRST_INTERVIEW_TECHNICAL_ASSESSMENT_M1_SKILL_07"",""OB_REVIEW_ML_01_EV_APP0297_FIRST_INTERVIEW_AI_CASE_M1_SKILL_01"",""OB_REVIEW_HM_01_EV_APP0297_FIRST_INTERVIEW_AI_CASE_M1_SKILL_01"",""OB_REVIEW_ML_01_EV_APP0297_FIRST_INTERVIEW_AI_CASE_M1_SKILL_03"",""OB_REVIEW_HM_01_EV_APP0297_FIRST_INTERVIEW_AI_CASE_M1_SKILL_03"",""OB_REVIEW_ML_01_EV_APP0297_FIRST_INTERVIEW_PRACTITIONER_QA_M1_SKILL_04"",""OB_REVIEW_HM_01_EV_APP0297_FIRST_INTERVIEW_PRACTITIONER_QA_M1_SKILL_04"",""OB_REVIEW_ML_01_EV_APP0297_FIRST_INTERVIEW_PRACTITIONER_QA_M1_SKILL_05"",""OB_REVIEW_HM_01_EV_APP0297_FIRST_INTERVIEW_PRACTITIONER_QA_M1_SKILL_05"",""OB_REVIEW_ML_01_EV_APP0297_FIRST_INTERVIEW_PRACTITIONER_QA_M1_SKILL_06"",""OB_REVIEW_HM_01_EV_APP0297_FIRST_INTERVIEW_PRACTITIONER_QA_M1_SKILL_06"",""OB_REVIEW_ML_01_EV_APP0297_FIRST_INTERVIEW_PRACTITIONER_QA_M1_SKILL_08"",""OB_REVIEW_HM_01_EV_APP0297_FIRST_INTERVIEW_PRACTITIONER_QA_M1_SKILL_08""],""stage"":""FIRST_INTERVIEW""}"
APP0299_FIRST_INTERVIEW,APP0299,C0299,FIRST_INTERVIEW,2026-12-06T14:04:00+09:00,2026-12-08T14:04:00+09:00,2027-02-11T09:00:00+09:00,2027-02-11T10:25:00+09:00,2027-02-13T10:50:00+09:00,2027-02-15T10:50:00+09:00,,ADVANCED,FIRST_EVIDENCE_REVIEWED,,SYNTHETIC_HUMAN_SCENARIO,"{""criterion"":""REPEATED_DIRECT_TECHNICAL_LIMITATION"",""human_rationale"":""단계 활동과 관찰을 검토하여 다음 판단으로 진행한다. 미관찰은 부족/탈락과 동일하지 않다."",""observation_refs"":[""OB_REVIEW_ML_01_EV_APP0299_FIRST_INTERVIEW_TECHNICAL_ASSESSMENT_M1_SKILL_01"",""OB_REVIEW_HM_01_EV_APP0299_FIRST_INTERVIEW_TECHNICAL_ASSESSMENT_M1_SKILL_01"",""OB_REVIEW_ML_01_EV_APP0299_FIRST_INTERVIEW_TECHNICAL_ASSESSMENT_M1_SKILL_02"",""OB_REVIEW_HM_01_EV_APP0299_FIRST_INTERVIEW_TECHNICAL_ASSESSMENT_M1_SKILL_02"",""OB_REVIEW_ML_01_EV_APP0299_FIRST_INTERVIEW_TECHNICAL_ASSESSMENT_M1_SKILL_07"",""OB_REVIEW_HM_01_EV_APP0299_FIRST_INTERVIEW_TECHNICAL_ASSESSMENT_M1_SKILL_07"",""OB_REVIEW_ML_01_EV_APP0299_FIRST_INTERVIEW_AI_CASE_M1_SKILL_01"",""OB_REVIEW_HM_01_EV_APP0299_FIRST_INTERVIEW_AI_CASE_M1_SKILL_01"",""OB_REVIEW_ML_01_EV_APP0299_FIRST_INTERVIEW_AI_CASE_M1_SKILL_03"",""OB_REVIEW_HM_01_EV_APP0299_FIRST_INTERVIEW_AI_CASE_M1_SKILL_03"",""OB_REVIEW_ML_01_EV_APP0299_FIRST_INTERVIEW_PRACTITIONER_QA_M1_SKILL_04"",""OB_REVIEW_HM_01_EV_APP0299_FIRST_INTERVIEW_PRACTITIONER_QA_M1_SKILL_04"",""OB_REVIEW_ML_01_EV_APP0299_FIRST_INTERVIEW_PRACTITIONER_QA_M1_SKILL_05"",""OB_REVIEW_HM_01_EV_APP0299_FIRST_INTERVIEW_PRACTITIONER_QA_M1_SKILL_05"",""OB_REVIEW_ML_01_EV_APP0299_FIRST_INTERVIEW_PRACTITIONER_QA_M1_SKILL_06"",""OB_REVIEW_HM_01_EV_APP0299_FIRST_INTERVIEW_PRACTITIONER_QA_M1_SKILL_06"",""OB_REVIEW_ML_01_EV_APP0299_FIRST_INTERVIEW_PRACTITIONER_QA_M1_SKILL_08"",""OB_REVIEW_HM_01_EV_APP0299_FIRST_INTERVIEW_PRACTITIONER_QA_M1_SKILL_08""],""stage"":""FIRST_INTERVIEW""}"
APP0300_FIRST_INTERVIEW,APP0300,C0300,FIRST_INTERVIEW,2026-12-06T14:04:00+09:00,2026-12-08T14:04:00+09:00,2027-02-11T09:00:00+09:00,2027-02-11T10:20:00+09:00,2027-02-12T10:45:00+09:00,2027-02-16T10:45:00+09:00,,ADVANCED,FIRST_EVIDENCE_REVIEWED,,SYNTHETIC_HUMAN_SCENARIO,"{""criterion"":""REPEATED_DIRECT_TECHNICAL_LIMITATION"",""human_rationale"":""단계 활동과 관찰을 검토하여 다음 판단으로 진행한다. 미관찰은 부족/탈락과 동일하지 않다."",""observation_refs"":[""OB_REVIEW_ML_01_EV_APP0300_FIRST_INTERVIEW_TECHNICAL_ASSESSMENT_M1_SKILL_01"",""OB_REVIEW_HM_01_EV_APP0300_FIRST_INTERVIEW_TECHNICAL_ASSESSMENT_M1_SKILL_01"",""OB_REVIEW_ML_01_EV_APP0300_FIRST_INTERVIEW_TECHNICAL_ASSESSMENT_M1_SKILL_02"",""OB_REVIEW_HM_01_EV_APP0300_FIRST_INTERVIEW_TECHNICAL_ASSESSMENT_M1_SKILL_02"",""OB_REVIEW_ML_01_EV_APP0300_FIRST_INTERVIEW_TECHNICAL_ASSESSMENT_M1_SKILL_07"",""OB_REVIEW_HM_01_EV_APP0300_FIRST_INTERVIEW_TECHNICAL_ASSESSMENT_M1_SKILL_07"",""OB_REVIEW_ML_01_EV_APP0300_FIRST_INTERVIEW_AI_CASE_M1_SKILL_01"",""OB_REVIEW_HM_01_EV_APP0300_FIRST_INTERVIEW_AI_CASE_M1_SKILL_01"",""OB_REVIEW_ML_01_EV_APP0300_FIRST_INTERVIEW_AI_CASE_M1_SKILL_03"",""OB_REVIEW_HM_01_EV_APP0300_FIRST_INTERVIEW_AI_CASE_M1_SKILL_03"",""OB_REVIEW_ML_01_EV_APP0300_FIRST_INTERVIEW_PRACTITIONER_QA_M1_SKILL_04"",""OB_REVIEW_HM_01_EV_APP0300_FIRST_INTERVIEW_PRACTITIONER_QA_M1_SKILL_04"",""OB_REVIEW_ML_01_EV_APP0300_FIRST_INTERVIEW_PRACTITIONER_QA_M1_SKILL_05"",""OB_REVIEW_HM_01_EV_APP0300_FIRST_INTERVIEW_PRACTITIONER_QA_M1_SKILL_05"",""OB_REVIEW_ML_01_EV_APP0300_FIRST_INTERVIEW_PRACTITIONER_QA_M1_SKILL_06"",""OB_REVIEW_HM_01_EV_APP0300_FIRST_INTERVIEW_PRACTITIONER_QA_M1_SKILL_06"",""OB_REVIEW_ML_01_EV_APP0300_FIRST_INTERVIEW_PRACTITIONER_QA_M1_SKILL_08"",""OB_REVIEW_HM_01_EV_APP0300_FIRST_INTERVIEW_PRACTITIONER_QA_M1_SKILL_08""],""stage"":""FIRST_INTERVIEW""}"
APP0301_FIRST_INTERVIEW,APP0301,C0301,FIRST_INTERVIEW,2026-12-06T14:04:00+09:00,2026-12-08T14:04:00+09:00,2027-02-11T09:00:00+09:00,2027-02-11T10:20:00+09:00,2027-02-16T10:40:00+09:00,2027-02-16T10:40:00+09:00,,ADVANCED,FIRST_EVIDENCE_REVIEWED,,SYNTHETIC_HUMAN_SCENARIO,"{""criterion"":""REPEATED_DIRECT_TECHNICAL_LIMITATION"",""human_rationale"":""단계 활동과 관찰을 검토하여 다음 판단으로 진행한다. 미관찰은 부족/탈락과 동일하지 않다."",""observation_refs"":[""OB_REVIEW_ML_01_EV_APP0301_FIRST_INTERVIEW_TECHNICAL_ASSESSMENT_M1_SKILL_01"",""OB_REVIEW_HM_01_EV_APP0301_FIRST_INTERVIEW_TECHNICAL_ASSESSMENT_M1_SKILL_01"",""OB_REVIEW_ML_01_EV_APP0301_FIRST_INTERVIEW_TECHNICAL_ASSESSMENT_M1_SKILL_02"",""OB_REVIEW_HM_01_EV_APP0301_FIRST_INTERVIEW_TECHNICAL_ASSESSMENT_M1_SKILL_02"",""OB_REVIEW_ML_01_EV_APP0301_FIRST_INTERVIEW_TECHNICAL_ASSESSMENT_M1_SKILL_07"",""OB_REVIEW_HM_01_EV_APP0301_FIRST_INTERVIEW_TECHNICAL_ASSESSMENT_M1_SKILL_07"",""OB_REVIEW_ML_01_EV_APP0301_FIRST_INTERVIEW_AI_CASE_M1_SKILL_01"",""OB_REVIEW_HM_01_EV_APP0301_FIRST_INTERVIEW_AI_CASE_M1_SKILL_01"",""OB_REVIEW_ML_01_EV_APP0301_FIRST_INTERVIEW_AI_CASE_M1_SKILL_03"",""OB_REVIEW_HM_01_EV_APP0301_FIRST_INTERVIEW_AI_CASE_M1_SKILL_03"",""OB_REVIEW_ML_01_EV_APP0301_FIRST_INTERVIEW_PRACTITIONER_QA_M1_SKILL_04"",""OB_REVIEW_HM_01_EV_APP0301_FIRST_INTERVIEW_PRACTITIONER_QA_M1_SKILL_04"",""OB_REVIEW_ML_01_EV_APP0301_FIRST_INTERVIEW_PRACTITIONER_QA_M1_SKILL_05"",""OB_REVIEW_HM_01_EV_APP0301_FIRST_INTERVIEW_PRACTITIONER_QA_M1_SKILL_05"",""OB_REVIEW_ML_01_EV_APP0301_FIRST_INTERVIEW_PRACTITIONER_QA_M1_SKILL_06"",""OB_REVIEW_HM_01_EV_APP0301_FIRST_INTERVIEW_PRACTITIONER_QA_M1_SKILL_06"",""OB_REVIEW_ML_01_EV_APP0301_FIRST_INTERVIEW_PRACTITIONER_QA_M1_SKILL_08"",""OB_REVIEW_HM_01_EV_APP0301_FIRST_INTERVIEW_PRACTITIONER_QA_M1_SKILL_08""],""stage"":""FIRST_INTERVIEW""}"
APP0302_FIRST_INTERVIEW,APP0302,C0302,FIRST_INTERVIEW,2026-12-06T14:04:00+09:00,2026-12-08T14:04:00+09:00,2027-02-11T09:00:00+09:00,2027-02-11T10:35:00+09:00,2027-02-12T10:55:00+09:00,2027-02-14T10:55:00+09:00,,ADVANCED,FIRST_EVIDENCE_REVIEWED,,SYNTHETIC_HUMAN_SCENARIO,"{""criterion"":""REPEATED_DIRECT_TECHNICAL_LIMITATION"",""human_rationale"":""단계 활동과 관찰을 검토하여 다음 판단으로 진행한다. 미관찰은 부족/탈락과 동일하지 않다."",""observation_refs"":[""OB_REVIEW_ML_01_EV_APP0302_FIRST_INTERVIEW_TECHNICAL_ASSESSMENT_M1_SKILL_01"",""OB_REVIEW_HM_01_EV_APP0302_FIRST_INTERVIEW_TECHNICAL_ASSESSMENT_M1_SKILL_01"",""OB_REVIEW_ML_01_EV_APP0302_FIRST_INTERVIEW_TECHNICAL_ASSESSMENT_M1_SKILL_02"",""OB_REVIEW_HM_01_EV_APP0302_FIRST_INTERVIEW_TECHNICAL_ASSESSMENT_M1_SKILL_02"",""OB_REVIEW_ML_01_EV_APP0302_FIRST_INTERVIEW_TECHNICAL_ASSESSMENT_M1_SKILL_07"",""OB_REVIEW_HM_01_EV_APP0302_FIRST_INTERVIEW_TECHNICAL_ASSESSMENT_M1_SKILL_07"",""OB_REVIEW_ML_01_EV_APP0302_FIRST_INTERVIEW_AI_CASE_M1_SKILL_01"",""OB_REVIEW_HM_01_EV_APP0302_FIRST_INTERVIEW_AI_CASE_M1_SKILL_01"",""OB_REVIEW_ML_01_EV_APP0302_FIRST_INTERVIEW_AI_CASE_M1_SKILL_03"",""OB_REVIEW_HM_01_EV_APP0302_FIRST_INTERVIEW_AI_CASE_M1_SKILL_03"",""OB_REVIEW_ML_01_EV_APP0302_FIRST_INTERVIEW_PRACTITIONER_QA_M1_SKILL_04"",""OB_REVIEW_HM_01_EV_APP0302_FIRST_INTERVIEW_PRACTITIONER_QA_M1_SKILL_04"",""OB_REVIEW_ML_01_EV_APP0302_FIRST_INTERVIEW_PRACTITIONER_QA_M1_SKILL_05"",""OB_REVIEW_HM_01_EV_APP0302_FIRST_INTERVIEW_PRACTITIONER_QA_M1_SKILL_05"",""OB_REVIEW_ML_01_EV_APP0302_FIRST_INTERVIEW_PRACTITIONER_QA_M1_SKILL_06"",""OB_REVIEW_HM_01_EV_APP0302_FIRST_INTERVIEW_PRACTITIONER_QA_M1_SKILL_06"",""OB_REVIEW_ML_01_EV_APP0302_FIRST_INTERVIEW_PRACTITIONER_QA_M1_SKILL_08"",""OB_REVIEW_HM_01_EV_APP0302_FIRST_INTERVIEW_PRACTITIONER_QA_M1_SKILL_08""],""stage"":""FIRST_INTERVIEW""}"
APP0305_FIRST_INTERVIEW,APP0305,C0305,FIRST_INTERVIEW,2026-12-06T14:04:00+09:00,2026-12-08T14:04:00+09:00,2027-02-11T09:00:00+09:00,2027-02-11T10:15:00+09:00,2027-02-12T10:30:00+09:00,2027-02-12T10:30:00+09:00,,ADVANCED,FIRST_EVIDENCE_REVIEWED,,SYNTHETIC_HUMAN_SCENARIO,"{""criterion"":""REPEATED_DIRECT_TECHNICAL_LIMITATION"",""human_rationale"":""단계 활동과 관찰을 검토하여 다음 판단으로 진행한다. 미관찰은 부족/탈락과 동일하지 않다."",""observation_refs"":[""OB_REVIEW_ML_01_EV_APP0305_FIRST_INTERVIEW_TECHNICAL_ASSESSMENT_M1_SKILL_01"",""OB_REVIEW_HM_01_EV_APP0305_FIRST_INTERVIEW_TECHNICAL_ASSESSMENT_M1_SKILL_01"",""OB_REVIEW_ML_01_EV_APP0305_FIRST_INTERVIEW_TECHNICAL_ASSESSMENT_M1_SKILL_02"",""OB_REVIEW_HM_01_EV_APP0305_FIRST_INTERVIEW_TECHNICAL_ASSESSMENT_M1_SKILL_02"",""OB_REVIEW_ML_01_EV_APP0305_FIRST_INTERVIEW_TECHNICAL_ASSESSMENT_M1_SKILL_07"",""OB_REVIEW_HM_01_EV_APP0305_FIRST_INTERVIEW_TECHNICAL_ASSESSMENT_M1_SKILL_07"",""OB_REVIEW_ML_01_EV_APP0305_FIRST_INTERVIEW_AI_CASE_M1_SKILL_01"",""OB_REVIEW_HM_01_EV_APP0305_FIRST_INTERVIEW_AI_CASE_M1_SKILL_01"",""OB_REVIEW_ML_01_EV_APP0305_FIRST_INTERVIEW_AI_CASE_M1_SKILL_03"",""OB_REVIEW_HM_01_EV_APP0305_FIRST_INTERVIEW_AI_CASE_M1_SKILL_03"",""OB_REVIEW_ML_01_EV_APP0305_FIRST_INTERVIEW_PRACTITIONER_QA_M1_SKILL_04"",""OB_REVIEW_HM_01_EV_APP0305_FIRST_INTERVIEW_PRACTITIONER_QA_M1_SKILL_04"",""OB_REVIEW_ML_01_EV_APP0305_FIRST_INTERVIEW_PRACTITIONER_QA_M1_SKILL_05"",""OB_REVIEW_HM_01_EV_APP0305_FIRST_INTERVIEW_PRACTITIONER_QA_M1_SKILL_05"",""OB_REVIEW_ML_01_EV_APP0305_FIRST_INTERVIEW_PRACTITIONER_QA_M1_SKILL_06"",""OB_REVIEW_HM_01_EV_APP0305_FIRST_INTERVIEW_PRACTITIONER_QA_M1_SKILL_06"",""OB_REVIEW_ML_01_EV_APP0305_FIRST_INTERVIEW_PRACTITIONER_QA_M1_SKILL_08"",""OB_REVIEW_HM_01_EV_APP0305_FIRST_INTERVIEW_PRACTITIONER_QA_M1_SKILL_08""],""stage"":""FIRST_INTERVIEW""}"
APP0307_FIRST_INTERVIEW,APP0307,C0307,FIRST_INTERVIEW,2026-12-06T14:04:00+09:00,2026-12-08T14:04:00+09:00,2027-02-11T09:00:00+09:00,,,,,IN_PROGRESS,,,,"{""motive"":""UNKNOWN"",""operational_state"":""NO_RESPONSE_PENDING""}"
APP0309_FIRST_INTERVIEW,APP0309,C0309,FIRST_INTERVIEW,2026-12-06T14:04:00+09:00,2026-12-08T14:04:00+09:00,2027-02-11T09:00:00+09:00,2027-02-11T10:20:00+09:00,2027-02-12T10:35:00+09:00,2027-02-16T10:35:00+09:00,,ADVANCED,FIRST_EVIDENCE_REVIEWED,,SYNTHETIC_HUMAN_SCENARIO,"{""criterion"":""REPEATED_DIRECT_TECHNICAL_LIMITATION"",""human_rationale"":""단계 활동과 관찰을 검토하여 다음 판단으로 진행한다. 미관찰은 부족/탈락과 동일하지 않다."",""observation_refs"":[""OB_REVIEW_ML_01_EV_APP0309_FIRST_INTERVIEW_TECHNICAL_ASSESSMENT_M1_SKILL_01"",""OB_REVIEW_HM_01_EV_APP0309_FIRST_INTERVIEW_TECHNICAL_ASSESSMENT_M1_SKILL_01"",""OB_REVIEW_ML_01_EV_APP0309_FIRST_INTERVIEW_TECHNICAL_ASSESSMENT_M1_SKILL_02"",""OB_REVIEW_HM_01_EV_APP0309_FIRST_INTERVIEW_TECHNICAL_ASSESSMENT_M1_SKILL_02"",""OB_REVIEW_ML_01_EV_APP0309_FIRST_INTERVIEW_TECHNICAL_ASSESSMENT_M1_SKILL_07"",""OB_REVIEW_HM_01_EV_APP0309_FIRST_INTERVIEW_TECHNICAL_ASSESSMENT_M1_SKILL_07"",""OB_REVIEW_ML_01_EV_APP0309_FIRST_INTERVIEW_AI_CASE_M1_SKILL_01"",""OB_REVIEW_HM_01_EV_APP0309_FIRST_INTERVIEW_AI_CASE_M1_SKILL_01"",""OB_REVIEW_ML_01_EV_APP0309_FIRST_INTERVIEW_AI_CASE_M1_SKILL_03"",""OB_REVIEW_HM_01_EV_APP0309_FIRST_INTERVIEW_AI_CASE_M1_SKILL_03"",""OB_REVIEW_ML_01_EV_APP0309_FIRST_INTERVIEW_PRACTITIONER_QA_M1_SKILL_04"",""OB_REVIEW_HM_01_EV_APP0309_FIRST_INTERVIEW_PRACTITIONER_QA_M1_SKILL_04"",""OB_REVIEW_ML_01_EV_APP0309_FIRST_INTERVIEW_PRACTITIONER_QA_M1_SKILL_05"",""OB_REVIEW_HM_01_EV_APP0309_FIRST_INTERVIEW_PRACTITIONER_QA_M1_SKILL_05"",""OB_REVIEW_ML_01_EV_APP0309_FIRST_INTERVIEW_PRACTITIONER_QA_M1_SKILL_06"",""OB_REVIEW_HM_01_EV_APP0309_FIRST_INTERVIEW_PRACTITIONER_QA_M1_SKILL_06"",""OB_REVIEW_ML_01_EV_APP0309_FIRST_INTERVIEW_PRACTITIONER_QA_M1_SKILL_08"",""OB_REVIEW_HM_01_EV_APP0309_FIRST_INTERVIEW_PRACTITIONER_QA_M1_SKILL_08""],""stage"":""FIRST_INTERVIEW""}"
APP0314_FIRST_INTERVIEW,APP0314,C0314,FIRST_INTERVIEW,2026-12-06T14:04:00+09:00,2026-12-08T14:04:00+09:00,2027-02-15T09:00:00+09:00,2027-02-15T10:10:00+09:00,2027-02-18T10:35:00+09:00,2027-02-19T10:35:00+09:00,,ADVANCED,FIRST_EVIDENCE_REVIEWED,,SYNTHETIC_HUMAN_SCENARIO,"{""criterion"":""REPEATED_DIRECT_TECHNICAL_LIMITATION"",""human_rationale"":""단계 활동과 관찰을 검토하여 다음 판단으로 진행한다. 미관찰은 부족/탈락과 동일하지 않다."",""observation_refs"":[""OB_REVIEW_ML_01_EV_APP0314_FIRST_INTERVIEW_TECHNICAL_ASSESSMENT_M1_SKILL_01"",""OB_REVIEW_HM_01_EV_APP0314_FIRST_INTERVIEW_TECHNICAL_ASSESSMENT_M1_SKILL_01"",""OB_REVIEW_ML_01_EV_APP0314_FIRST_INTERVIEW_TECHNICAL_ASSESSMENT_M1_SKILL_02"",""OB_REVIEW_HM_01_EV_APP0314_FIRST_INTERVIEW_TECHNICAL_ASSESSMENT_M1_SKILL_02"",""OB_REVIEW_ML_01_EV_APP0314_FIRST_INTERVIEW_TECHNICAL_ASSESSMENT_M1_SKILL_07"",""OB_REVIEW_HM_01_EV_APP0314_FIRST_INTERVIEW_TECHNICAL_ASSESSMENT_M1_SKILL_07"",""OB_REVIEW_ML_01_EV_APP0314_FIRST_INTERVIEW_AI_CASE_M1_SKILL_01"",""OB_REVIEW_HM_01_EV_APP0314_FIRST_INTERVIEW_AI_CASE_M1_SKILL_01"",""OB_REVIEW_ML_01_EV_APP0314_FIRST_INTERVIEW_AI_CASE_M1_SKILL_03"",""OB_REVIEW_HM_01_EV_APP0314_FIRST_INTERVIEW_AI_CASE_M1_SKILL_03"",""OB_REVIEW_ML_01_EV_APP0314_FIRST_INTERVIEW_PRACTITIONER_QA_M1_SKILL_04"",""OB_REVIEW_HM_01_EV_APP0314_FIRST_INTERVIEW_PRACTITIONER_QA_M1_SKILL_04"",""OB_REVIEW_ML_01_EV_APP0314_FIRST_INTERVIEW_PRACTITIONER_QA_M1_SKILL_05"",""OB_REVIEW_HM_01_EV_APP0314_FIRST_INTERVIEW_PRACTITIONER_QA_M1_SKILL_05"",""OB_REVIEW_ML_01_EV_APP0314_FIRST_INTERVIEW_PRACTITIONER_QA_M1_SKILL_06"",""OB_REVIEW_HM_01_EV_APP0314_FIRST_INTERVIEW_PRACTITIONER_QA_M1_SKILL_06"",""OB_REVIEW_ML_01_EV_APP0314_FIRST_INTERVIEW_PRACTITIONER_QA_M1_SKILL_08"",""OB_REVIEW_HM_01_EV_APP0314_FIRST_INTERVIEW_PRACTITIONER_QA_M1_SKILL_08""],""stage"":""FIRST_INTERVIEW""}"
APP0318_FIRST_INTERVIEW,APP0318,C0318,FIRST_INTERVIEW,2026-12-06T14:04:00+09:00,2026-12-08T14:04:00+09:00,2027-02-15T09:00:00+09:00,2027-02-15T10:10:00+09:00,2027-02-18T10:35:00+09:00,2027-02-19T10:35:00+09:00,,ADVANCED,FIRST_EVIDENCE_REVIEWED,,SYNTHETIC_HUMAN_SCENARIO,"{""criterion"":""REPEATED_DIRECT_TECHNICAL_LIMITATION"",""human_rationale"":""단계 활동과 관찰을 검토하여 다음 판단으로 진행한다. 미관찰은 부족/탈락과 동일하지 않다."",""observation_refs"":[""OB_REVIEW_ML_01_EV_APP0318_FIRST_INTERVIEW_TECHNICAL_ASSESSMENT_M1_SKILL_01"",""OB_REVIEW_HM_01_EV_APP0318_FIRST_INTERVIEW_TECHNICAL_ASSESSMENT_M1_SKILL_01"",""OB_REVIEW_ML_01_EV_APP0318_FIRST_INTERVIEW_TECHNICAL_ASSESSMENT_M1_SKILL_02"",""OB_REVIEW_HM_01_EV_APP0318_FIRST_INTERVIEW_TECHNICAL_ASSESSMENT_M1_SKILL_02"",""OB_REVIEW_ML_01_EV_APP0318_FIRST_INTERVIEW_TECHNICAL_ASSESSMENT_M1_SKILL_07"",""OB_REVIEW_HM_01_EV_APP0318_FIRST_INTERVIEW_TECHNICAL_ASSESSMENT_M1_SKILL_07"",""OB_REVIEW_ML_01_EV_APP0318_FIRST_INTERVIEW_AI_CASE_M1_SKILL_01"",""OB_REVIEW_HM_01_EV_APP0318_FIRST_INTERVIEW_AI_CASE_M1_SKILL_01"",""OB_REVIEW_ML_01_EV_APP0318_FIRST_INTERVIEW_AI_CASE_M1_SKILL_03"",""OB_REVIEW_HM_01_EV_APP0318_FIRST_INTERVIEW_AI_CASE_M1_SKILL_03"",""OB_REVIEW_ML_01_EV_APP0318_FIRST_INTERVIEW_PRACTITIONER_QA_M1_SKILL_04"",""OB_REVIEW_HM_01_EV_APP0318_FIRST_INTERVIEW_PRACTITIONER_QA_M1_SKILL_04"",""OB_REVIEW_ML_01_EV_APP0318_FIRST_INTERVIEW_PRACTITIONER_QA_M1_SKILL_05"",""OB_REVIEW_HM_01_EV_APP0318_FIRST_INTERVIEW_PRACTITIONER_QA_M1_SKILL_05"",""OB_REVIEW_ML_01_EV_APP0318_FIRST_INTERVIEW_PRACTITIONER_QA_M1_SKILL_06"",""OB_REVIEW_HM_01_EV_APP0318_FIRST_INTERVIEW_PRACTITIONER_QA_M1_SKILL_06"",""OB_REVIEW_ML_01_EV_APP0318_FIRST_INTERVIEW_PRACTITIONER_QA_M1_SKILL_08"",""OB_REVIEW_HM_01_EV_APP0318_FIRST_INTERVIEW_PRACTITIONER_QA_M1_SKILL_08""],""stage"":""FIRST_INTERVIEW""}"
APP0319_FIRST_INTERVIEW,APP0319,C0319,FIRST_INTERVIEW,2026-12-06T14:04:00+09:00,2026-12-08T14:04:00+09:00,2027-02-15T09:00:00+09:00,2027-02-15T10:25:00+09:00,2027-02-17T10:40:00+09:00,2027-02-17T10:40:00+09:00,,ADVANCED,FIRST_EVIDENCE_REVIEWED,,SYNTHETIC_HUMAN_SCENARIO,"{""criterion"":""REPEATED_DIRECT_TECHNICAL_LIMITATION"",""human_rationale"":""단계 활동과 관찰을 검토하여 다음 판단으로 진행한다. 미관찰은 부족/탈락과 동일하지 않다."",""observation_refs"":[""OB_REVIEW_ML_01_EV_APP0319_FIRST_INTERVIEW_TECHNICAL_ASSESSMENT_M1_SKILL_01"",""OB_REVIEW_HM_01_EV_APP0319_FIRST_INTERVIEW_TECHNICAL_ASSESSMENT_M1_SKILL_01"",""OB_REVIEW_ML_01_EV_APP0319_FIRST_INTERVIEW_TECHNICAL_ASSESSMENT_M1_SKILL_02"",""OB_REVIEW_HM_01_EV_APP0319_FIRST_INTERVIEW_TECHNICAL_ASSESSMENT_M1_SKILL_02"",""OB_REVIEW_ML_01_EV_APP0319_FIRST_INTERVIEW_TECHNICAL_ASSESSMENT_M1_SKILL_07"",""OB_REVIEW_HM_01_EV_APP0319_FIRST_INTERVIEW_TECHNICAL_ASSESSMENT_M1_SKILL_07"",""OB_REVIEW_ML_01_EV_APP0319_FIRST_INTERVIEW_AI_CASE_M1_SKILL_01"",""OB_REVIEW_HM_01_EV_APP0319_FIRST_INTERVIEW_AI_CASE_M1_SKILL_01"",""OB_REVIEW_ML_01_EV_APP0319_FIRST_INTERVIEW_AI_CASE_M1_SKILL_03"",""OB_REVIEW_HM_01_EV_APP0319_FIRST_INTERVIEW_AI_CASE_M1_SKILL_03"",""OB_REVIEW_ML_01_EV_APP0319_FIRST_INTERVIEW_PRACTITIONER_QA_M1_SKILL_04"",""OB_REVIEW_HM_01_EV_APP0319_FIRST_INTERVIEW_PRACTITIONER_QA_M1_SKILL_04"",""OB_REVIEW_ML_01_EV_APP0319_FIRST_INTERVIEW_PRACTITIONER_QA_M1_SKILL_05"",""OB_REVIEW_HM_01_EV_APP0319_FIRST_INTERVIEW_PRACTITIONER_QA_M1_SKILL_05"",""OB_REVIEW_ML_01_EV_APP0319_FIRST_INTERVIEW_PRACTITIONER_QA_M1_SKILL_06"",""OB_REVIEW_HM_01_EV_APP0319_FIRST_INTERVIEW_PRACTITIONER_QA_M1_SKILL_06"",""OB_REVIEW_ML_01_EV_APP0319_FIRST_INTERVIEW_PRACTITIONER_QA_M1_SKILL_08"",""OB_REVIEW_HM_01_EV_APP0319_FIRST_INTERVIEW_PRACTITIONER_QA_M1_SKILL_08""],""stage"":""FIRST_INTERVIEW""}"
APP0322_FIRST_INTERVIEW,APP0322,C0322,FIRST_INTERVIEW,2026-12-06T14:04:00+09:00,2026-12-08T14:04:00+09:00,2027-02-15T09:00:00+09:00,,,,,IN_PROGRESS,,,,"{""motive"":""UNKNOWN"",""operational_state"":""NO_RESPONSE_PENDING""}"
APP0324_FIRST_INTERVIEW,APP0324,C0324,FIRST_INTERVIEW,2026-12-06T14:04:00+09:00,2026-12-08T14:04:00+09:00,2027-02-15T09:00:00+09:00,2027-02-15T10:20:00+09:00,2027-02-18T10:45:00+09:00,2027-02-19T10:45:00+09:00,,ADVANCED,FIRST_EVIDENCE_REVIEWED,,SYNTHETIC_HUMAN_SCENARIO,"{""criterion"":""REPEATED_DIRECT_TECHNICAL_LIMITATION"",""human_rationale"":""단계 활동과 관찰을 검토하여 다음 판단으로 진행한다. 미관찰은 부족/탈락과 동일하지 않다."",""observation_refs"":[""OB_REVIEW_ML_01_EV_APP0324_FIRST_INTERVIEW_TECHNICAL_ASSESSMENT_M1_SKILL_01"",""OB_REVIEW_HM_01_EV_APP0324_FIRST_INTERVIEW_TECHNICAL_ASSESSMENT_M1_SKILL_01"",""OB_REVIEW_ML_01_EV_APP0324_FIRST_INTERVIEW_TECHNICAL_ASSESSMENT_M1_SKILL_02"",""OB_REVIEW_HM_01_EV_APP0324_FIRST_INTERVIEW_TECHNICAL_ASSESSMENT_M1_SKILL_02"",""OB_REVIEW_ML_01_EV_APP0324_FIRST_INTERVIEW_TECHNICAL_ASSESSMENT_M1_SKILL_07"",""OB_REVIEW_HM_01_EV_APP0324_FIRST_INTERVIEW_TECHNICAL_ASSESSMENT_M1_SKILL_07"",""OB_REVIEW_ML_01_EV_APP0324_FIRST_INTERVIEW_AI_CASE_M1_SKILL_01"",""OB_REVIEW_HM_01_EV_APP0324_FIRST_INTERVIEW_AI_CASE_M1_SKILL_01"",""OB_REVIEW_ML_01_EV_APP0324_FIRST_INTERVIEW_AI_CASE_M1_SKILL_03"",""OB_REVIEW_HM_01_EV_APP0324_FIRST_INTERVIEW_AI_CASE_M1_SKILL_03"",""OB_REVIEW_ML_01_EV_APP0324_FIRST_INTERVIEW_PRACTITIONER_QA_M1_SKILL_04"",""OB_REVIEW_HM_01_EV_APP0324_FIRST_INTERVIEW_PRACTITIONER_QA_M1_SKILL_04"",""OB_REVIEW_ML_01_EV_APP0324_FIRST_INTERVIEW_PRACTITIONER_QA_M1_SKILL_05"",""OB_REVIEW_HM_01_EV_APP0324_FIRST_INTERVIEW_PRACTITIONER_QA_M1_SKILL_05"",""OB_REVIEW_ML_01_EV_APP0324_FIRST_INTERVIEW_PRACTITIONER_QA_M1_SKILL_06"",""OB_REVIEW_HM_01_EV_APP0324_FIRST_INTERVIEW_PRACTITIONER_QA_M1_SKILL_06"",""OB_REVIEW_ML_01_EV_APP0324_FIRST_INTERVIEW_PRACTITIONER_QA_M1_SKILL_08"",""OB_REVIEW_HM_01_EV_APP0324_FIRST_INTERVIEW_PRACTITIONER_QA_M1_SKILL_08""],""stage"":""FIRST_INTERVIEW""}"
APP0325_FIRST_INTERVIEW,APP0325,C0325,FIRST_INTERVIEW,2026-12-06T14:04:00+09:00,2026-12-08T14:04:00+09:00,2027-02-15T09:00:00+09:00,2027-02-15T10:30:00+09:00,2027-02-18T10:55:00+09:00,2027-02-19T10:55:00+09:00,,ADVANCED,FIRST_EVIDENCE_REVIEWED,,SYNTHETIC_HUMAN_SCENARIO,"{""criterion"":""REPEATED_DIRECT_TECHNICAL_LIMITATION"",""human_rationale"":""단계 활동과 관찰을 검토하여 다음 판단으로 진행한다. 미관찰은 부족/탈락과 동일하지 않다."",""observation_refs"":[""OB_REVIEW_ML_01_EV_APP0325_FIRST_INTERVIEW_TECHNICAL_ASSESSMENT_M1_SKILL_01"",""OB_REVIEW_HM_01_EV_APP0325_FIRST_INTERVIEW_TECHNICAL_ASSESSMENT_M1_SKILL_01"",""OB_REVIEW_ML_01_EV_APP0325_FIRST_INTERVIEW_TECHNICAL_ASSESSMENT_M1_SKILL_02"",""OB_REVIEW_HM_01_EV_APP0325_FIRST_INTERVIEW_TECHNICAL_ASSESSMENT_M1_SKILL_02"",""OB_REVIEW_ML_01_EV_APP0325_FIRST_INTERVIEW_TECHNICAL_ASSESSMENT_M1_SKILL_07"",""OB_REVIEW_HM_01_EV_APP0325_FIRST_INTERVIEW_TECHNICAL_ASSESSMENT_M1_SKILL_07"",""OB_REVIEW_ML_01_EV_APP0325_FIRST_INTERVIEW_AI_CASE_M1_SKILL_01"",""OB_REVIEW_HM_01_EV_APP0325_FIRST_INTERVIEW_AI_CASE_M1_SKILL_01"",""OB_REVIEW_ML_01_EV_APP0325_FIRST_INTERVIEW_AI_CASE_M1_SKILL_03"",""OB_REVIEW_HM_01_EV_APP0325_FIRST_INTERVIEW_AI_CASE_M1_SKILL_03"",""OB_REVIEW_ML_01_EV_APP0325_FIRST_INTERVIEW_PRACTITIONER_QA_M1_SKILL_04"",""OB_REVIEW_HM_01_EV_APP0325_FIRST_INTERVIEW_PRACTITIONER_QA_M1_SKILL_04"",""OB_REVIEW_ML_01_EV_APP0325_FIRST_INTERVIEW_PRACTITIONER_QA_M1_SKILL_05"",""OB_REVIEW_HM_01_EV_APP0325_FIRST_INTERVIEW_PRACTITIONER_QA_M1_SKILL_05"",""OB_REVIEW_ML_01_EV_APP0325_FIRST_INTERVIEW_PRACTITIONER_QA_M1_SKILL_06"",""OB_REVIEW_HM_01_EV_APP0325_FIRST_INTERVIEW_PRACTITIONER_QA_M1_SKILL_06"",""OB_REVIEW_ML_01_EV_APP0325_FIRST_INTERVIEW_PRACTITIONER_QA_M1_SKILL_08"",""OB_REVIEW_HM_01_EV_APP0325_FIRST_INTERVIEW_PRACTITIONER_QA_M1_SKILL_08""],""stage"":""FIRST_INTERVIEW""}"
APP0326_FIRST_INTERVIEW,APP0326,C0326,FIRST_INTERVIEW,2026-12-06T14:04:00+09:00,2026-12-08T14:04:00+09:00,2027-02-15T09:00:00+09:00,2027-02-15T10:25:00+09:00,2027-02-17T10:50:00+09:00,2027-02-18T10:50:00+09:00,,ADVANCED,FIRST_EVIDENCE_REVIEWED,,SYNTHETIC_HUMAN_SCENARIO,"{""criterion"":""REPEATED_DIRECT_TECHNICAL_LIMITATION"",""human_rationale"":""단계 활동과 관찰을 검토하여 다음 판단으로 진행한다. 미관찰은 부족/탈락과 동일하지 않다."",""observation_refs"":[""OB_REVIEW_ML_01_EV_APP0326_FIRST_INTERVIEW_TECHNICAL_ASSESSMENT_M1_SKILL_01"",""OB_REVIEW_HM_01_EV_APP0326_FIRST_INTERVIEW_TECHNICAL_ASSESSMENT_M1_SKILL_01"",""OB_REVIEW_ML_01_EV_APP0326_FIRST_INTERVIEW_TECHNICAL_ASSESSMENT_M1_SKILL_02"",""OB_REVIEW_HM_01_EV_APP0326_FIRST_INTERVIEW_TECHNICAL_ASSESSMENT_M1_SKILL_02"",""OB_REVIEW_ML_01_EV_APP0326_FIRST_INTERVIEW_TECHNICAL_ASSESSMENT_M1_SKILL_07"",""OB_REVIEW_HM_01_EV_APP0326_FIRST_INTERVIEW_TECHNICAL_ASSESSMENT_M1_SKILL_07"",""OB_REVIEW_ML_01_EV_APP0326_FIRST_INTERVIEW_AI_CASE_M1_SKILL_01"",""OB_REVIEW_HM_01_EV_APP0326_FIRST_INTERVIEW_AI_CASE_M1_SKILL_01"",""OB_REVIEW_ML_01_EV_APP0326_FIRST_INTERVIEW_AI_CASE_M1_SKILL_03"",""OB_REVIEW_HM_01_EV_APP0326_FIRST_INTERVIEW_AI_CASE_M1_SKILL_03"",""OB_REVIEW_ML_01_EV_APP0326_FIRST_INTERVIEW_PRACTITIONER_QA_M1_SKILL_04"",""OB_REVIEW_HM_01_EV_APP0326_FIRST_INTERVIEW_PRACTITIONER_QA_M1_SKILL_04"",""OB_REVIEW_ML_01_EV_APP0326_FIRST_INTERVIEW_PRACTITIONER_QA_M1_SKILL_05"",""OB_REVIEW_HM_01_EV_APP0326_FIRST_INTERVIEW_PRACTITIONER_QA_M1_SKILL_05"",""OB_REVIEW_ML_01_EV_APP0326_FIRST_INTERVIEW_PRACTITIONER_QA_M1_SKILL_06"",""OB_REVIEW_HM_01_EV_APP0326_FIRST_INTERVIEW_PRACTITIONER_QA_M1_SKILL_06"",""OB_REVIEW_ML_01_EV_APP0326_FIRST_INTERVIEW_PRACTITIONER_QA_M1_SKILL_08"",""OB_REVIEW_HM_01_EV_APP0326_FIRST_INTERVIEW_PRACTITIONER_QA_M1_SKILL_08""],""stage"":""FIRST_INTERVIEW""}"
APP0334_FIRST_INTERVIEW,APP0334,C0334,FIRST_INTERVIEW,2026-12-06T14:04:00+09:00,2026-12-08T14:04:00+09:00,2027-02-15T09:00:00+09:00,2027-02-15T10:10:00+09:00,2027-02-20T10:35:00+09:00,2027-02-20T10:35:00+09:00,,ADVANCED,FIRST_EVIDENCE_REVIEWED,,SYNTHETIC_HUMAN_SCENARIO,"{""criterion"":""REPEATED_DIRECT_TECHNICAL_LIMITATION"",""human_rationale"":""단계 활동과 관찰을 검토하여 다음 판단으로 진행한다. 미관찰은 부족/탈락과 동일하지 않다."",""observation_refs"":[""OB_REVIEW_ML_01_EV_APP0334_FIRST_INTERVIEW_TECHNICAL_ASSESSMENT_M1_SKILL_01"",""OB_REVIEW_HM_01_EV_APP0334_FIRST_INTERVIEW_TECHNICAL_ASSESSMENT_M1_SKILL_01"",""OB_REVIEW_ML_01_EV_APP0334_FIRST_INTERVIEW_TECHNICAL_ASSESSMENT_M1_SKILL_02"",""OB_REVIEW_HM_01_EV_APP0334_FIRST_INTERVIEW_TECHNICAL_ASSESSMENT_M1_SKILL_02"",""OB_REVIEW_ML_01_EV_APP0334_FIRST_INTERVIEW_TECHNICAL_ASSESSMENT_M1_SKILL_07"",""OB_REVIEW_HM_01_EV_APP0334_FIRST_INTERVIEW_TECHNICAL_ASSESSMENT_M1_SKILL_07"",""OB_REVIEW_ML_01_EV_APP0334_FIRST_INTERVIEW_AI_CASE_M1_SKILL_01"",""OB_REVIEW_HM_01_EV_APP0334_FIRST_INTERVIEW_AI_CASE_M1_SKILL_01"",""OB_REVIEW_ML_01_EV_APP0334_FIRST_INTERVIEW_AI_CASE_M1_SKILL_03"",""OB_REVIEW_HM_01_EV_APP0334_FIRST_INTERVIEW_AI_CASE_M1_SKILL_03"",""OB_REVIEW_ML_01_EV_APP0334_FIRST_INTERVIEW_PRACTITIONER_QA_M1_SKILL_04"",""OB_REVIEW_HM_01_EV_APP0334_FIRST_INTERVIEW_PRACTITIONER_QA_M1_SKILL_04"",""OB_REVIEW_ML_01_EV_APP0334_FIRST_INTERVIEW_PRACTITIONER_QA_M1_SKILL_05"",""OB_REVIEW_HM_01_EV_APP0334_FIRST_INTERVIEW_PRACTITIONER_QA_M1_SKILL_05"",""OB_REVIEW_ML_01_EV_APP0334_FIRST_INTERVIEW_PRACTITIONER_QA_M1_SKILL_06"",""OB_REVIEW_HM_01_EV_APP0334_FIRST_INTERVIEW_PRACTITIONER_QA_M1_SKILL_06"",""OB_REVIEW_ML_01_EV_APP0334_FIRST_INTERVIEW_PRACTITIONER_QA_M1_SKILL_08"",""OB_REVIEW_HM_01_EV_APP0334_FIRST_INTERVIEW_PRACTITIONER_QA_M1_SKILL_08""],""stage"":""FIRST_INTERVIEW""}"
APP0335_FIRST_INTERVIEW,APP0335,C0335,FIRST_INTERVIEW,2026-12-06T14:04:00+09:00,2026-12-08T14:04:00+09:00,2027-02-15T09:00:00+09:00,2027-02-15T10:25:00+09:00,2027-02-20T10:50:00+09:00,2027-02-24T10:50:00+09:00,,ADVANCED,FIRST_EVIDENCE_REVIEWED,,SYNTHETIC_HUMAN_SCENARIO,"{""criterion"":""REPEATED_DIRECT_TECHNICAL_LIMITATION"",""human_rationale"":""단계 활동과 관찰을 검토하여 다음 판단으로 진행한다. 미관찰은 부족/탈락과 동일하지 않다."",""observation_refs"":[""OB_REVIEW_ML_01_EV_APP0335_FIRST_INTERVIEW_TECHNICAL_ASSESSMENT_M1_SKILL_01"",""OB_REVIEW_HM_01_EV_APP0335_FIRST_INTERVIEW_TECHNICAL_ASSESSMENT_M1_SKILL_01"",""OB_REVIEW_ML_01_EV_APP0335_FIRST_INTERVIEW_TECHNICAL_ASSESSMENT_M1_SKILL_02"",""OB_REVIEW_HM_01_EV_APP0335_FIRST_INTERVIEW_TECHNICAL_ASSESSMENT_M1_SKILL_02"",""OB_REVIEW_ML_01_EV_APP0335_FIRST_INTERVIEW_TECHNICAL_ASSESSMENT_M1_SKILL_07"",""OB_REVIEW_HM_01_EV_APP0335_FIRST_INTERVIEW_TECHNICAL_ASSESSMENT_M1_SKILL_07"",""OB_REVIEW_ML_01_EV_APP0335_FIRST_INTERVIEW_AI_CASE_M1_SKILL_01"",""OB_REVIEW_HM_01_EV_APP0335_FIRST_INTERVIEW_AI_CASE_M1_SKILL_01"",""OB_REVIEW_ML_01_EV_APP0335_FIRST_INTERVIEW_AI_CASE_M1_SKILL_03"",""OB_REVIEW_HM_01_EV_APP0335_FIRST_INTERVIEW_AI_CASE_M1_SKILL_03"",""OB_REVIEW_ML_01_EV_APP0335_FIRST_INTERVIEW_PRACTITIONER_QA_M1_SKILL_04"",""OB_REVIEW_HM_01_EV_APP0335_FIRST_INTERVIEW_PRACTITIONER_QA_M1_SKILL_04"",""OB_REVIEW_ML_01_EV_APP0335_FIRST_INTERVIEW_PRACTITIONER_QA_M1_SKILL_05"",""OB_REVIEW_HM_01_EV_APP0335_FIRST_INTERVIEW_PRACTITIONER_QA_M1_SKILL_05"",""OB_REVIEW_ML_01_EV_APP0335_FIRST_INTERVIEW_PRACTITIONER_QA_M1_SKILL_06"",""OB_REVIEW_HM_01_EV_APP0335_FIRST_INTERVIEW_PRACTITIONER_QA_M1_SKILL_06"",""OB_REVIEW_ML_01_EV_APP0335_FIRST_INTERVIEW_PRACTITIONER_QA_M1_SKILL_08"",""OB_REVIEW_HM_01_EV_APP0335_FIRST_INTERVIEW_PRACTITIONER_QA_M1_SKILL_08""],""stage"":""FIRST_INTERVIEW""}"
APP0336_FIRST_INTERVIEW,APP0336,C0336,FIRST_INTERVIEW,2026-12-06T14:04:00+09:00,2026-12-08T14:04:00+09:00,2027-02-15T09:00:00+09:00,2027-02-15T10:30:00+09:00,2027-02-17T10:45:00+09:00,2027-02-19T10:45:00+09:00,,ADVANCED,FIRST_EVIDENCE_REVIEWED,,SYNTHETIC_HUMAN_SCENARIO,"{""criterion"":""REPEATED_DIRECT_TECHNICAL_LIMITATION"",""human_rationale"":""단계 활동과 관찰을 검토하여 다음 판단으로 진행한다. 미관찰은 부족/탈락과 동일하지 않다."",""observation_refs"":[""OB_REVIEW_ML_01_EV_APP0336_FIRST_INTERVIEW_TECHNICAL_ASSESSMENT_M1_SKILL_01"",""OB_REVIEW_HM_01_EV_APP0336_FIRST_INTERVIEW_TECHNICAL_ASSESSMENT_M1_SKILL_01"",""OB_REVIEW_ML_01_EV_APP0336_FIRST_INTERVIEW_TECHNICAL_ASSESSMENT_M1_SKILL_02"",""OB_REVIEW_HM_01_EV_APP0336_FIRST_INTERVIEW_TECHNICAL_ASSESSMENT_M1_SKILL_02"",""OB_REVIEW_ML_01_EV_APP0336_FIRST_INTERVIEW_TECHNICAL_ASSESSMENT_M1_SKILL_07"",""OB_REVIEW_HM_01_EV_APP0336_FIRST_INTERVIEW_TECHNICAL_ASSESSMENT_M1_SKILL_07"",""OB_REVIEW_ML_01_EV_APP0336_FIRST_INTERVIEW_AI_CASE_M1_SKILL_01"",""OB_REVIEW_HM_01_EV_APP0336_FIRST_INTERVIEW_AI_CASE_M1_SKILL_01"",""OB_REVIEW_ML_01_EV_APP0336_FIRST_INTERVIEW_AI_CASE_M1_SKILL_03"",""OB_REVIEW_HM_01_EV_APP0336_FIRST_INTERVIEW_AI_CASE_M1_SKILL_03"",""OB_REVIEW_ML_01_EV_APP0336_FIRST_INTERVIEW_PRACTITIONER_QA_M1_SKILL_04"",""OB_REVIEW_HM_01_EV_APP0336_FIRST_INTERVIEW_PRACTITIONER_QA_M1_SKILL_04"",""OB_REVIEW_ML_01_EV_APP0336_FIRST_INTERVIEW_PRACTITIONER_QA_M1_SKILL_05"",""OB_REVIEW_HM_01_EV_APP0336_FIRST_INTERVIEW_PRACTITIONER_QA_M1_SKILL_05"",""OB_REVIEW_ML_01_EV_APP0336_FIRST_INTERVIEW_PRACTITIONER_QA_M1_SKILL_06"",""OB_REVIEW_HM_01_EV_APP0336_FIRST_INTERVIEW_PRACTITIONER_QA_M1_SKILL_06"",""OB_REVIEW_ML_01_EV_APP0336_FIRST_INTERVIEW_PRACTITIONER_QA_M1_SKILL_08"",""OB_REVIEW_HM_01_EV_APP0336_FIRST_INTERVIEW_PRACTITIONER_QA_M1_SKILL_08""],""stage"":""FIRST_INTERVIEW""}"
APP0338_FIRST_INTERVIEW,APP0338,C0338,FIRST_INTERVIEW,2026-12-06T14:04:00+09:00,2026-12-08T14:04:00+09:00,2027-02-18T09:00:00+09:00,,,,2026-12-10T14:04:00+09:00,WITHDRAWN,,UNKNOWN,,
APP0342_FIRST_INTERVIEW,APP0342,C0342,FIRST_INTERVIEW,2026-12-06T14:04:00+09:00,2026-12-08T14:04:00+09:00,2027-02-18T09:00:00+09:00,2027-02-18T10:20:00+09:00,2027-02-19T10:35:00+09:00,2027-02-23T10:35:00+09:00,,ADVANCED,FIRST_EVIDENCE_REVIEWED,,SYNTHETIC_HUMAN_SCENARIO,"{""criterion"":""REPEATED_DIRECT_TECHNICAL_LIMITATION"",""human_rationale"":""단계 활동과 관찰을 검토하여 다음 판단으로 진행한다. 미관찰은 부족/탈락과 동일하지 않다."",""observation_refs"":[""OB_REVIEW_ML_01_EV_APP0342_FIRST_INTERVIEW_TECHNICAL_ASSESSMENT_M1_SKILL_01"",""OB_REVIEW_HM_01_EV_APP0342_FIRST_INTERVIEW_TECHNICAL_ASSESSMENT_M1_SKILL_01"",""OB_REVIEW_ML_01_EV_APP0342_FIRST_INTERVIEW_TECHNICAL_ASSESSMENT_M1_SKILL_02"",""OB_REVIEW_HM_01_EV_APP0342_FIRST_INTERVIEW_TECHNICAL_ASSESSMENT_M1_SKILL_02"",""OB_REVIEW_ML_01_EV_APP0342_FIRST_INTERVIEW_TECHNICAL_ASSESSMENT_M1_SKILL_07"",""OB_REVIEW_HM_01_EV_APP0342_FIRST_INTERVIEW_TECHNICAL_ASSESSMENT_M1_SKILL_07"",""OB_REVIEW_ML_01_EV_APP0342_FIRST_INTERVIEW_AI_CASE_M1_SKILL_01"",""OB_REVIEW_HM_01_EV_APP0342_FIRST_INTERVIEW_AI_CASE_M1_SKILL_01"",""OB_REVIEW_ML_01_EV_APP0342_FIRST_INTERVIEW_AI_CASE_M1_SKILL_03"",""OB_REVIEW_HM_01_EV_APP0342_FIRST_INTERVIEW_AI_CASE_M1_SKILL_03"",""OB_REVIEW_ML_01_EV_APP0342_FIRST_INTERVIEW_PRACTITIONER_QA_M1_SKILL_04"",""OB_REVIEW_HM_01_EV_APP0342_FIRST_INTERVIEW_PRACTITIONER_QA_M1_SKILL_04"",""OB_REVIEW_ML_01_EV_APP0342_FIRST_INTERVIEW_PRACTITIONER_QA_M1_SKILL_05"",""OB_REVIEW_HM_01_EV_APP0342_FIRST_INTERVIEW_PRACTITIONER_QA_M1_SKILL_05"",""OB_REVIEW_ML_01_EV_APP0342_FIRST_INTERVIEW_PRACTITIONER_QA_M1_SKILL_06"",""OB_REVIEW_HM_01_EV_APP0342_FIRST_INTERVIEW_PRACTITIONER_QA_M1_SKILL_06"",""OB_REVIEW_ML_01_EV_APP0342_FIRST_INTERVIEW_PRACTITIONER_QA_M1_SKILL_08"",""OB_REVIEW_HM_01_EV_APP0342_FIRST_INTERVIEW_PRACTITIONER_QA_M1_SKILL_08""],""stage"":""FIRST_INTERVIEW""}"
APP0002_SECOND_INTERVIEW,APP0002,C0002,SECOND_INTERVIEW,2026-12-17T10:35:00+09:00,2026-12-18T10:35:00+09:00,2026-12-25T10:35:00+09:00,,,,,IN_PROGRESS,,,,"{""motive"":""UNKNOWN"",""operational_state"":""NO_RESPONSE_PENDING""}"
APP0012_SECOND_INTERVIEW,APP0012,C0012,SECOND_INTERVIEW,2026-12-17T10:35:00+09:00,2026-12-18T10:35:00+09:00,2027-01-01T10:35:00+09:00,2027-01-01T11:25:00+09:00,2027-01-02T11:25:00+09:00,2027-01-03T11:25:00+09:00,,ADVANCED,BEHAVIOR_REVIEWED,,SYNTHETIC_HUMAN_SCENARIO,"{""criterion"":""BOTH_BEHAVIORAL_LIMITATIONS"",""human_rationale"":""단계 활동과 관찰을 검토하여 다음 판단으로 진행한다. 미관찰은 부족/탈락과 동일하지 않다."",""observation_refs"":[""OB_REVIEW_ML_01_EV_APP0012_SECOND_INTERVIEW_VALUES_BEHAVIOR_INTERVIEW_M1_SKILL_04"",""OB_REVIEW_HM_01_EV_APP0012_SECOND_INTERVIEW_VALUES_BEHAVIOR_INTERVIEW_M1_SKILL_04"",""OB_REVIEW_ML_01_EV_APP0012_SECOND_INTERVIEW_VALUES_BEHAVIOR_INTERVIEW_M1_SKILL_05"",""OB_REVIEW_HM_01_EV_APP0012_SECOND_INTERVIEW_VALUES_BEHAVIOR_INTERVIEW_M1_SKILL_05""],""stage"":""SECOND_INTERVIEW""}"
APP0003_SECOND_INTERVIEW,APP0003,C0003,SECOND_INTERVIEW,2026-12-17T10:55:00+09:00,2026-12-18T10:55:00+09:00,2026-12-28T10:55:00+09:00,2026-12-28T11:35:00+09:00,2027-01-02T11:35:00+09:00,2027-01-04T11:35:00+09:00,,ADVANCED,BEHAVIOR_REVIEWED,,SYNTHETIC_HUMAN_SCENARIO,"{""criterion"":""BOTH_BEHAVIORAL_LIMITATIONS"",""human_rationale"":""단계 활동과 관찰을 검토하여 다음 판단으로 진행한다. 미관찰은 부족/탈락과 동일하지 않다."",""observation_refs"":[""OB_REVIEW_ML_01_EV_APP0003_SECOND_INTERVIEW_VALUES_BEHAVIOR_INTERVIEW_M1_SKILL_04"",""OB_REVIEW_HM_01_EV_APP0003_SECOND_INTERVIEW_VALUES_BEHAVIOR_INTERVIEW_M1_SKILL_04"",""OB_REVIEW_ML_01_EV_APP0003_SECOND_INTERVIEW_VALUES_BEHAVIOR_INTERVIEW_M1_SKILL_05"",""OB_REVIEW_HM_01_EV_APP0003_SECOND_INTERVIEW_VALUES_BEHAVIOR_INTERVIEW_M1_SKILL_05""],""stage"":""SECOND_INTERVIEW""}"
APP0010_SECOND_INTERVIEW,APP0010,C0010,SECOND_INTERVIEW,2026-12-18T10:50:00+09:00,2026-12-19T10:50:00+09:00,2026-12-26T10:50:00+09:00,2026-12-26T11:30:00+09:00,2026-12-28T11:30:00+09:00,2026-12-29T11:30:00+09:00,,ADVANCED,BEHAVIOR_REVIEWED,,SYNTHETIC_HUMAN_SCENARIO,"{""criterion"":""BOTH_BEHAVIORAL_LIMITATIONS"",""human_rationale"":""단계 활동과 관찰을 검토하여 다음 판단으로 진행한다. 미관찰은 부족/탈락과 동일하지 않다."",""observation_refs"":[""OB_REVIEW_ML_01_EV_APP0010_SECOND_INTERVIEW_VALUES_BEHAVIOR_INTERVIEW_M1_SKILL_04"",""OB_REVIEW_HM_01_EV_APP0010_SECOND_INTERVIEW_VALUES_BEHAVIOR_INTERVIEW_M1_SKILL_04"",""OB_REVIEW_ML_01_EV_APP0010_SECOND_INTERVIEW_VALUES_BEHAVIOR_INTERVIEW_M1_SKILL_05"",""OB_REVIEW_HM_01_EV_APP0010_SECOND_INTERVIEW_VALUES_BEHAVIOR_INTERVIEW_M1_SKILL_05""],""stage"":""SECOND_INTERVIEW""}"
APP0005_SECOND_INTERVIEW,APP0005,C0005,SECOND_INTERVIEW,2026-12-18T10:55:00+09:00,2026-12-19T10:55:00+09:00,2026-12-29T10:55:00+09:00,2026-12-29T11:35:00+09:00,2027-01-01T11:35:00+09:00,2027-01-02T11:35:00+09:00,,ADVANCED,BEHAVIOR_REVIEWED,,SYNTHETIC_HUMAN_SCENARIO,"{""criterion"":""BOTH_BEHAVIORAL_LIMITATIONS"",""human_rationale"":""단계 활동과 관찰을 검토하여 다음 판단으로 진행한다. 미관찰은 부족/탈락과 동일하지 않다."",""observation_refs"":[""OB_REVIEW_ML_01_EV_APP0005_SECOND_INTERVIEW_VALUES_BEHAVIOR_INTERVIEW_M1_SKILL_04"",""OB_REVIEW_HM_01_EV_APP0005_SECOND_INTERVIEW_VALUES_BEHAVIOR_INTERVIEW_M1_SKILL_04"",""OB_REVIEW_ML_01_EV_APP0005_SECOND_INTERVIEW_VALUES_BEHAVIOR_INTERVIEW_M1_SKILL_05"",""OB_REVIEW_HM_01_EV_APP0005_SECOND_INTERVIEW_VALUES_BEHAVIOR_INTERVIEW_M1_SKILL_05""],""stage"":""SECOND_INTERVIEW""}"
APP0014_SECOND_INTERVIEW,APP0014,C0014,SECOND_INTERVIEW,2026-12-19T10:25:00+09:00,2026-12-20T10:25:00+09:00,2026-12-30T10:25:00+09:00,2026-12-30T11:25:00+09:00,2027-01-01T11:25:00+09:00,2027-01-01T11:25:00+09:00,,ADVANCED,BEHAVIOR_REVIEWED,,SYNTHETIC_HUMAN_SCENARIO,"{""criterion"":""BOTH_BEHAVIORAL_LIMITATIONS"",""human_rationale"":""단계 활동과 관찰을 검토하여 다음 판단으로 진행한다. 미관찰은 부족/탈락과 동일하지 않다."",""observation_refs"":[""OB_REVIEW_ML_01_EV_APP0014_SECOND_INTERVIEW_VALUES_BEHAVIOR_INTERVIEW_M1_SKILL_04"",""OB_REVIEW_HM_01_EV_APP0014_SECOND_INTERVIEW_VALUES_BEHAVIOR_INTERVIEW_M1_SKILL_04"",""OB_REVIEW_ML_01_EV_APP0014_SECOND_INTERVIEW_VALUES_BEHAVIOR_INTERVIEW_M1_SKILL_05"",""OB_REVIEW_HM_01_EV_APP0014_SECOND_INTERVIEW_VALUES_BEHAVIOR_INTERVIEW_M1_SKILL_05""],""stage"":""SECOND_INTERVIEW""}"
APP0031_SECOND_INTERVIEW,APP0031,C0031,SECOND_INTERVIEW,2026-12-19T10:55:00+09:00,2026-12-20T10:55:00+09:00,2027-01-03T10:55:00+09:00,2027-01-03T11:35:00+09:00,2027-01-05T11:35:00+09:00,2027-01-06T11:35:00+09:00,,ADVANCED,BEHAVIOR_REVIEWED,,SYNTHETIC_HUMAN_SCENARIO,"{""criterion"":""BOTH_BEHAVIORAL_LIMITATIONS"",""human_rationale"":""단계 활동과 관찰을 검토하여 다음 판단으로 진행한다. 미관찰은 부족/탈락과 동일하지 않다."",""observation_refs"":[""OB_REVIEW_ML_01_EV_APP0031_SECOND_INTERVIEW_VALUES_BEHAVIOR_INTERVIEW_M1_SKILL_04"",""OB_REVIEW_HM_01_EV_APP0031_SECOND_INTERVIEW_VALUES_BEHAVIOR_INTERVIEW_M1_SKILL_04"",""OB_REVIEW_ML_01_EV_APP0031_SECOND_INTERVIEW_VALUES_BEHAVIOR_INTERVIEW_M1_SKILL_05"",""OB_REVIEW_HM_01_EV_APP0031_SECOND_INTERVIEW_VALUES_BEHAVIOR_INTERVIEW_M1_SKILL_05""],""stage"":""SECOND_INTERVIEW""}"
APP0022_SECOND_INTERVIEW,APP0022,C0022,SECOND_INTERVIEW,2026-12-20T10:40:00+09:00,2026-12-21T10:40:00+09:00,2026-12-31T10:40:00+09:00,,,,,IN_PROGRESS,,,,"{""motive"":""UNKNOWN"",""operational_state"":""NO_RESPONSE_PENDING""}"
APP0021_SECOND_INTERVIEW,APP0021,C0021,SECOND_INTERVIEW,2026-12-20T10:50:00+09:00,2026-12-21T10:50:00+09:00,2027-01-04T10:50:00+09:00,2027-01-04T11:40:00+09:00,2027-01-06T11:40:00+09:00,2027-01-06T11:40:00+09:00,,ADVANCED,BEHAVIOR_REVIEWED,,SYNTHETIC_HUMAN_SCENARIO,"{""criterion"":""BOTH_BEHAVIORAL_LIMITATIONS"",""human_rationale"":""단계 활동과 관찰을 검토하여 다음 판단으로 진행한다. 미관찰은 부족/탈락과 동일하지 않다."",""observation_refs"":[""OB_REVIEW_ML_01_EV_APP0021_SECOND_INTERVIEW_VALUES_BEHAVIOR_INTERVIEW_M1_SKILL_04"",""OB_REVIEW_HM_01_EV_APP0021_SECOND_INTERVIEW_VALUES_BEHAVIOR_INTERVIEW_M1_SKILL_04"",""OB_REVIEW_ML_01_EV_APP0021_SECOND_INTERVIEW_VALUES_BEHAVIOR_INTERVIEW_M1_SKILL_05"",""OB_REVIEW_HM_01_EV_APP0021_SECOND_INTERVIEW_VALUES_BEHAVIOR_INTERVIEW_M1_SKILL_05""],""stage"":""SECOND_INTERVIEW""}"
APP0006_SECOND_INTERVIEW,APP0006,C0006,SECOND_INTERVIEW,2026-12-20T10:55:00+09:00,2026-12-21T10:55:00+09:00,2027-01-04T10:55:00+09:00,2027-01-04T12:30:00+09:00,2027-01-07T12:30:00+09:00,2027-01-09T12:30:00+09:00,,ADVANCED,BEHAVIOR_REVIEWED,,SYNTHETIC_HUMAN_SCENARIO,"{""criterion"":""BOTH_BEHAVIORAL_LIMITATIONS"",""human_rationale"":""단계 활동과 관찰을 검토하여 다음 판단으로 진행한다. 미관찰은 부족/탈락과 동일하지 않다."",""observation_refs"":[""OB_REVIEW_ML_01_EV_APP0006_SECOND_INTERVIEW_VALUES_BEHAVIOR_INTERVIEW_M1_SKILL_04"",""OB_REVIEW_HM_01_EV_APP0006_SECOND_INTERVIEW_VALUES_BEHAVIOR_INTERVIEW_M1_SKILL_04"",""OB_REVIEW_ML_01_EV_APP0006_SECOND_INTERVIEW_VALUES_BEHAVIOR_INTERVIEW_M1_SKILL_05"",""OB_REVIEW_HM_01_EV_APP0006_SECOND_INTERVIEW_VALUES_BEHAVIOR_INTERVIEW_M1_SKILL_05""],""stage"":""SECOND_INTERVIEW""}"
APP0009_SECOND_INTERVIEW,APP0009,C0009,SECOND_INTERVIEW,2026-12-21T10:35:00+09:00,2026-12-22T10:35:00+09:00,2026-12-29T10:35:00+09:00,,,,2026-12-24T10:35:00+09:00,WITHDRAWN,,UNKNOWN,,
APP0007_SECOND_INTERVIEW,APP0007,C0007,SECOND_INTERVIEW,2026-12-21T10:40:00+09:00,2026-12-22T10:40:00+09:00,2027-01-05T10:40:00+09:00,2027-01-05T11:30:00+09:00,2027-01-08T11:30:00+09:00,2027-01-12T11:30:00+09:00,,ADVANCED,BEHAVIOR_REVIEWED,,SYNTHETIC_HUMAN_SCENARIO,"{""criterion"":""BOTH_BEHAVIORAL_LIMITATIONS"",""human_rationale"":""단계 활동과 관찰을 검토하여 다음 판단으로 진행한다. 미관찰은 부족/탈락과 동일하지 않다."",""observation_refs"":[""OB_REVIEW_ML_01_EV_APP0007_SECOND_INTERVIEW_VALUES_BEHAVIOR_INTERVIEW_M1_SKILL_04"",""OB_REVIEW_HM_01_EV_APP0007_SECOND_INTERVIEW_VALUES_BEHAVIOR_INTERVIEW_M1_SKILL_04"",""OB_REVIEW_ML_01_EV_APP0007_SECOND_INTERVIEW_VALUES_BEHAVIOR_INTERVIEW_M1_SKILL_05"",""OB_REVIEW_HM_01_EV_APP0007_SECOND_INTERVIEW_VALUES_BEHAVIOR_INTERVIEW_M1_SKILL_05""],""stage"":""SECOND_INTERVIEW""}"
APP0013_SECOND_INTERVIEW,APP0013,C0013,SECOND_INTERVIEW,2026-12-22T10:40:00+09:00,2026-12-23T10:40:00+09:00,2027-01-06T10:40:00+09:00,2027-01-06T11:30:00+09:00,2027-01-11T11:30:00+09:00,2027-01-13T11:30:00+09:00,,ADVANCED,BEHAVIOR_REVIEWED,,SYNTHETIC_HUMAN_SCENARIO,"{""criterion"":""BOTH_BEHAVIORAL_LIMITATIONS"",""human_rationale"":""단계 활동과 관찰을 검토하여 다음 판단으로 진행한다. 미관찰은 부족/탈락과 동일하지 않다."",""observation_refs"":[""OB_REVIEW_ML_01_EV_APP0013_SECOND_INTERVIEW_VALUES_BEHAVIOR_INTERVIEW_M1_SKILL_04"",""OB_REVIEW_HM_01_EV_APP0013_SECOND_INTERVIEW_VALUES_BEHAVIOR_INTERVIEW_M1_SKILL_04"",""OB_REVIEW_ML_01_EV_APP0013_SECOND_INTERVIEW_VALUES_BEHAVIOR_INTERVIEW_M1_SKILL_05"",""OB_REVIEW_HM_01_EV_APP0013_SECOND_INTERVIEW_VALUES_BEHAVIOR_INTERVIEW_M1_SKILL_05""],""stage"":""SECOND_INTERVIEW""}"
APP0025_SECOND_INTERVIEW,APP0025,C0025,SECOND_INTERVIEW,2026-12-23T10:35:00+09:00,2026-12-24T10:35:00+09:00,2027-01-03T10:35:00+09:00,2027-01-03T12:15:00+09:00,2027-01-06T12:15:00+09:00,2027-01-10T12:15:00+09:00,,ADVANCED,BEHAVIOR_REVIEWED,,SYNTHETIC_HUMAN_SCENARIO,"{""criterion"":""BOTH_BEHAVIORAL_LIMITATIONS"",""human_rationale"":""단계 활동과 관찰을 검토하여 다음 판단으로 진행한다. 미관찰은 부족/탈락과 동일하지 않다."",""observation_refs"":[""OB_REVIEW_ML_01_EV_APP0025_SECOND_INTERVIEW_VALUES_BEHAVIOR_INTERVIEW_M1_SKILL_04"",""OB_REVIEW_HM_01_EV_APP0025_SECOND_INTERVIEW_VALUES_BEHAVIOR_INTERVIEW_M1_SKILL_04"",""OB_REVIEW_ML_01_EV_APP0025_SECOND_INTERVIEW_VALUES_BEHAVIOR_INTERVIEW_M1_SKILL_05"",""OB_REVIEW_HM_01_EV_APP0025_SECOND_INTERVIEW_VALUES_BEHAVIOR_INTERVIEW_M1_SKILL_05""],""stage"":""SECOND_INTERVIEW""}"
APP0027_SECOND_INTERVIEW,APP0027,C0027,SECOND_INTERVIEW,2026-12-24T10:40:00+09:00,2026-12-25T10:40:00+09:00,2027-01-01T10:40:00+09:00,2027-01-01T12:15:00+09:00,2027-01-03T12:15:00+09:00,2027-01-05T12:15:00+09:00,,ADVANCED,BEHAVIOR_REVIEWED,,SYNTHETIC_HUMAN_SCENARIO,"{""criterion"":""BOTH_BEHAVIORAL_LIMITATIONS"",""human_rationale"":""단계 활동과 관찰을 검토하여 다음 판단으로 진행한다. 미관찰은 부족/탈락과 동일하지 않다."",""observation_refs"":[""OB_REVIEW_ML_01_EV_APP0027_SECOND_INTERVIEW_VALUES_BEHAVIOR_INTERVIEW_M1_SKILL_04"",""OB_REVIEW_HM_01_EV_APP0027_SECOND_INTERVIEW_VALUES_BEHAVIOR_INTERVIEW_M1_SKILL_04"",""OB_REVIEW_ML_01_EV_APP0027_SECOND_INTERVIEW_VALUES_BEHAVIOR_INTERVIEW_M1_SKILL_05"",""OB_REVIEW_HM_01_EV_APP0027_SECOND_INTERVIEW_VALUES_BEHAVIOR_INTERVIEW_M1_SKILL_05""],""stage"":""SECOND_INTERVIEW""}"
APP0037_SECOND_INTERVIEW,APP0037,C0037,SECOND_INTERVIEW,2026-12-24T10:40:00+09:00,2026-12-25T10:40:00+09:00,2027-01-01T10:40:00+09:00,2027-01-01T13:05:00+09:00,2027-01-03T13:05:00+09:00,2027-01-04T13:05:00+09:00,,ADVANCED,BEHAVIOR_REVIEWED,,SYNTHETIC_HUMAN_SCENARIO,"{""criterion"":""BOTH_BEHAVIORAL_LIMITATIONS"",""human_rationale"":""단계 활동과 관찰을 검토하여 다음 판단으로 진행한다. 미관찰은 부족/탈락과 동일하지 않다."",""observation_refs"":[""OB_REVIEW_ML_01_EV_APP0037_SECOND_INTERVIEW_VALUES_BEHAVIOR_INTERVIEW_M1_SKILL_04"",""OB_REVIEW_HM_01_EV_APP0037_SECOND_INTERVIEW_VALUES_BEHAVIOR_INTERVIEW_M1_SKILL_04"",""OB_REVIEW_ML_01_EV_APP0037_SECOND_INTERVIEW_VALUES_BEHAVIOR_INTERVIEW_M1_SKILL_05"",""OB_REVIEW_HM_01_EV_APP0037_SECOND_INTERVIEW_VALUES_BEHAVIOR_INTERVIEW_M1_SKILL_05""],""stage"":""SECOND_INTERVIEW""}"
APP0039_SECOND_INTERVIEW,APP0039,C0039,SECOND_INTERVIEW,2026-12-25T10:35:00+09:00,2026-12-26T10:35:00+09:00,2027-01-02T10:35:00+09:00,2027-01-02T11:15:00+09:00,2027-01-05T11:15:00+09:00,2027-01-06T11:15:00+09:00,,ADVANCED,BEHAVIOR_REVIEWED,,SYNTHETIC_HUMAN_SCENARIO,"{""criterion"":""BOTH_BEHAVIORAL_LIMITATIONS"",""human_rationale"":""단계 활동과 관찰을 검토하여 다음 판단으로 진행한다. 미관찰은 부족/탈락과 동일하지 않다."",""observation_refs"":[""OB_REVIEW_ML_01_EV_APP0039_SECOND_INTERVIEW_VALUES_BEHAVIOR_INTERVIEW_M1_SKILL_04"",""OB_REVIEW_HM_01_EV_APP0039_SECOND_INTERVIEW_VALUES_BEHAVIOR_INTERVIEW_M1_SKILL_04"",""OB_REVIEW_ML_01_EV_APP0039_SECOND_INTERVIEW_VALUES_BEHAVIOR_INTERVIEW_M1_SKILL_05"",""OB_REVIEW_HM_01_EV_APP0039_SECOND_INTERVIEW_VALUES_BEHAVIOR_INTERVIEW_M1_SKILL_05""],""stage"":""SECOND_INTERVIEW""}"
APP0042_SECOND_INTERVIEW,APP0042,C0042,SECOND_INTERVIEW,2026-12-25T10:35:00+09:00,2026-12-26T10:35:00+09:00,2027-01-05T10:35:00+09:00,,,,2026-12-28T10:35:00+09:00,WITHDRAWN,,UNKNOWN,,
APP0040_SECOND_INTERVIEW,APP0040,C0040,SECOND_INTERVIEW,2026-12-25T10:40:00+09:00,2026-12-26T10:40:00+09:00,2027-01-09T10:40:00+09:00,2027-01-09T11:30:00+09:00,2027-01-10T11:30:00+09:00,2027-01-10T11:30:00+09:00,,ADVANCED,BEHAVIOR_REVIEWED,,SYNTHETIC_HUMAN_SCENARIO,"{""criterion"":""BOTH_BEHAVIORAL_LIMITATIONS"",""human_rationale"":""단계 활동과 관찰을 검토하여 다음 판단으로 진행한다. 미관찰은 부족/탈락과 동일하지 않다."",""observation_refs"":[""OB_REVIEW_ML_01_EV_APP0040_SECOND_INTERVIEW_VALUES_BEHAVIOR_INTERVIEW_M1_SKILL_04"",""OB_REVIEW_HM_01_EV_APP0040_SECOND_INTERVIEW_VALUES_BEHAVIOR_INTERVIEW_M1_SKILL_04"",""OB_REVIEW_ML_01_EV_APP0040_SECOND_INTERVIEW_VALUES_BEHAVIOR_INTERVIEW_M1_SKILL_05"",""OB_REVIEW_HM_01_EV_APP0040_SECOND_INTERVIEW_VALUES_BEHAVIOR_INTERVIEW_M1_SKILL_05""],""stage"":""SECOND_INTERVIEW""}"
APP0046_SECOND_INTERVIEW,APP0046,C0046,SECOND_INTERVIEW,2026-12-27T10:30:00+09:00,2026-12-28T10:30:00+09:00,2027-01-11T10:30:00+09:00,2027-01-11T11:10:00+09:00,2027-01-13T11:10:00+09:00,2027-01-13T11:10:00+09:00,,ADVANCED,BEHAVIOR_REVIEWED,,SYNTHETIC_HUMAN_SCENARIO,"{""criterion"":""BOTH_BEHAVIORAL_LIMITATIONS"",""human_rationale"":""단계 활동과 관찰을 검토하여 다음 판단으로 진행한다. 미관찰은 부족/탈락과 동일하지 않다."",""observation_refs"":[""OB_REVIEW_ML_01_EV_APP0046_SECOND_INTERVIEW_VALUES_BEHAVIOR_INTERVIEW_M1_SKILL_04"",""OB_REVIEW_HM_01_EV_APP0046_SECOND_INTERVIEW_VALUES_BEHAVIOR_INTERVIEW_M1_SKILL_04"",""OB_REVIEW_ML_01_EV_APP0046_SECOND_INTERVIEW_VALUES_BEHAVIOR_INTERVIEW_M1_SKILL_05"",""OB_REVIEW_HM_01_EV_APP0046_SECOND_INTERVIEW_VALUES_BEHAVIOR_INTERVIEW_M1_SKILL_05""],""stage"":""SECOND_INTERVIEW""}"
APP0018_SECOND_INTERVIEW,APP0018,C0018,SECOND_INTERVIEW,2026-12-27T10:40:00+09:00,2026-12-28T10:40:00+09:00,2027-01-11T10:40:00+09:00,2027-01-11T12:10:00+09:00,2027-01-14T12:10:00+09:00,2027-01-14T12:10:00+09:00,,ADVANCED,BEHAVIOR_REVIEWED,,SYNTHETIC_HUMAN_SCENARIO,"{""criterion"":""BOTH_BEHAVIORAL_LIMITATIONS"",""human_rationale"":""단계 활동과 관찰을 검토하여 다음 판단으로 진행한다. 미관찰은 부족/탈락과 동일하지 않다."",""observation_refs"":[""OB_REVIEW_ML_01_EV_APP0018_SECOND_INTERVIEW_VALUES_BEHAVIOR_INTERVIEW_M1_SKILL_04"",""OB_REVIEW_HM_01_EV_APP0018_SECOND_INTERVIEW_VALUES_BEHAVIOR_INTERVIEW_M1_SKILL_04"",""OB_REVIEW_ML_01_EV_APP0018_SECOND_INTERVIEW_VALUES_BEHAVIOR_INTERVIEW_M1_SKILL_05"",""OB_REVIEW_HM_01_EV_APP0018_SECOND_INTERVIEW_VALUES_BEHAVIOR_INTERVIEW_M1_SKILL_05""],""stage"":""SECOND_INTERVIEW""}"
APP0048_SECOND_INTERVIEW,APP0048,C0048,SECOND_INTERVIEW,2026-12-27T10:40:00+09:00,2026-12-28T10:40:00+09:00,2027-01-11T10:40:00+09:00,2027-01-11T13:10:00+09:00,2027-01-13T13:10:00+09:00,2027-01-17T13:10:00+09:00,,ADVANCED,BEHAVIOR_REVIEWED,,SYNTHETIC_HUMAN_SCENARIO,"{""criterion"":""BOTH_BEHAVIORAL_LIMITATIONS"",""human_rationale"":""단계 활동과 관찰을 검토하여 다음 판단으로 진행한다. 미관찰은 부족/탈락과 동일하지 않다."",""observation_refs"":[""OB_REVIEW_ML_01_EV_APP0048_SECOND_INTERVIEW_VALUES_BEHAVIOR_INTERVIEW_M1_SKILL_04"",""OB_REVIEW_HM_01_EV_APP0048_SECOND_INTERVIEW_VALUES_BEHAVIOR_INTERVIEW_M1_SKILL_04"",""OB_REVIEW_ML_01_EV_APP0048_SECOND_INTERVIEW_VALUES_BEHAVIOR_INTERVIEW_M1_SKILL_05"",""OB_REVIEW_HM_01_EV_APP0048_SECOND_INTERVIEW_VALUES_BEHAVIOR_INTERVIEW_M1_SKILL_05""],""stage"":""SECOND_INTERVIEW""}"
APP0045_SECOND_INTERVIEW,APP0045,C0045,SECOND_INTERVIEW,2026-12-27T10:45:00+09:00,2026-12-28T10:45:00+09:00,2027-01-04T10:45:00+09:00,2027-01-04T13:20:00+09:00,2027-01-05T13:20:00+09:00,2027-01-06T13:20:00+09:00,,ADVANCED,BEHAVIOR_REVIEWED,,SYNTHETIC_HUMAN_SCENARIO,"{""criterion"":""BOTH_BEHAVIORAL_LIMITATIONS"",""human_rationale"":""단계 활동과 관찰을 검토하여 다음 판단으로 진행한다. 미관찰은 부족/탈락과 동일하지 않다."",""observation_refs"":[""OB_REVIEW_ML_01_EV_APP0045_SECOND_INTERVIEW_VALUES_BEHAVIOR_INTERVIEW_M1_SKILL_04"",""OB_REVIEW_HM_01_EV_APP0045_SECOND_INTERVIEW_VALUES_BEHAVIOR_INTERVIEW_M1_SKILL_04"",""OB_REVIEW_ML_01_EV_APP0045_SECOND_INTERVIEW_VALUES_BEHAVIOR_INTERVIEW_M1_SKILL_05"",""OB_REVIEW_HM_01_EV_APP0045_SECOND_INTERVIEW_VALUES_BEHAVIOR_INTERVIEW_M1_SKILL_05""],""stage"":""SECOND_INTERVIEW""}"
APP0053_SECOND_INTERVIEW,APP0053,C0053,SECOND_INTERVIEW,2026-12-27T10:45:00+09:00,2026-12-28T10:45:00+09:00,2027-01-04T10:45:00+09:00,2027-01-04T14:00:00+09:00,2027-01-06T14:00:00+09:00,2027-01-10T14:00:00+09:00,,ADVANCED,BEHAVIOR_REVIEWED,,SYNTHETIC_HUMAN_SCENARIO,"{""criterion"":""BOTH_BEHAVIORAL_LIMITATIONS"",""human_rationale"":""단계 활동과 관찰을 검토하여 다음 판단으로 진행한다. 미관찰은 부족/탈락과 동일하지 않다."",""observation_refs"":[""OB_REVIEW_ML_01_EV_APP0053_SECOND_INTERVIEW_VALUES_BEHAVIOR_INTERVIEW_M1_SKILL_04"",""OB_REVIEW_HM_01_EV_APP0053_SECOND_INTERVIEW_VALUES_BEHAVIOR_INTERVIEW_M1_SKILL_04"",""OB_REVIEW_ML_01_EV_APP0053_SECOND_INTERVIEW_VALUES_BEHAVIOR_INTERVIEW_M1_SKILL_05"",""OB_REVIEW_HM_01_EV_APP0053_SECOND_INTERVIEW_VALUES_BEHAVIOR_INTERVIEW_M1_SKILL_05""],""stage"":""SECOND_INTERVIEW""}"
APP0035_SECOND_INTERVIEW,APP0035,C0035,SECOND_INTERVIEW,2026-12-27T10:50:00+09:00,2026-12-28T10:50:00+09:00,2027-01-11T10:50:00+09:00,2027-01-11T13:50:00+09:00,2027-01-14T13:50:00+09:00,2027-01-14T13:50:00+09:00,,ADVANCED,BEHAVIOR_REVIEWED,,SYNTHETIC_HUMAN_SCENARIO,"{""criterion"":""BOTH_BEHAVIORAL_LIMITATIONS"",""human_rationale"":""단계 활동과 관찰을 검토하여 다음 판단으로 진행한다. 미관찰은 부족/탈락과 동일하지 않다."",""observation_refs"":[""OB_REVIEW_ML_01_EV_APP0035_SECOND_INTERVIEW_VALUES_BEHAVIOR_INTERVIEW_M1_SKILL_04"",""OB_REVIEW_HM_01_EV_APP0035_SECOND_INTERVIEW_VALUES_BEHAVIOR_INTERVIEW_M1_SKILL_04"",""OB_REVIEW_ML_01_EV_APP0035_SECOND_INTERVIEW_VALUES_BEHAVIOR_INTERVIEW_M1_SKILL_05"",""OB_REVIEW_HM_01_EV_APP0035_SECOND_INTERVIEW_VALUES_BEHAVIOR_INTERVIEW_M1_SKILL_05""],""stage"":""SECOND_INTERVIEW""}"
APP0057_SECOND_INTERVIEW,APP0057,C0057,SECOND_INTERVIEW,2026-12-28T10:30:00+09:00,2026-12-29T10:30:00+09:00,2027-01-08T10:30:00+09:00,,,,2026-12-31T10:30:00+09:00,WITHDRAWN,,UNKNOWN,,
APP0050_SECOND_INTERVIEW,APP0050,C0050,SECOND_INTERVIEW,2026-12-28T10:35:00+09:00,2026-12-29T10:35:00+09:00,2027-01-12T10:35:00+09:00,2027-01-12T11:15:00+09:00,2027-01-13T11:15:00+09:00,2027-01-15T11:15:00+09:00,,ADVANCED,BEHAVIOR_REVIEWED,,SYNTHETIC_HUMAN_SCENARIO,"{""criterion"":""BOTH_BEHAVIORAL_LIMITATIONS"",""human_rationale"":""단계 활동과 관찰을 검토하여 다음 판단으로 진행한다. 미관찰은 부족/탈락과 동일하지 않다."",""observation_refs"":[""OB_REVIEW_ML_01_EV_APP0050_SECOND_INTERVIEW_VALUES_BEHAVIOR_INTERVIEW_M1_SKILL_04"",""OB_REVIEW_HM_01_EV_APP0050_SECOND_INTERVIEW_VALUES_BEHAVIOR_INTERVIEW_M1_SKILL_04"",""OB_REVIEW_ML_01_EV_APP0050_SECOND_INTERVIEW_VALUES_BEHAVIOR_INTERVIEW_M1_SKILL_05"",""OB_REVIEW_HM_01_EV_APP0050_SECOND_INTERVIEW_VALUES_BEHAVIOR_INTERVIEW_M1_SKILL_05""],""stage"":""SECOND_INTERVIEW""}"
APP0044_SECOND_INTERVIEW,APP0044,C0044,SECOND_INTERVIEW,2026-12-29T10:40:00+09:00,2026-12-30T10:40:00+09:00,2027-01-09T10:40:00+09:00,,,,,IN_PROGRESS,,,,"{""motive"":""UNKNOWN"",""operational_state"":""NO_RESPONSE_PENDING""}"
APP0058_SECOND_INTERVIEW,APP0058,C0058,SECOND_INTERVIEW,2026-12-29T10:45:00+09:00,2026-12-30T10:45:00+09:00,2027-01-06T10:45:00+09:00,2027-01-06T12:30:00+09:00,2027-01-09T12:30:00+09:00,2027-01-11T12:30:00+09:00,,ADVANCED,BEHAVIOR_REVIEWED,,SYNTHETIC_HUMAN_SCENARIO,"{""criterion"":""BOTH_BEHAVIORAL_LIMITATIONS"",""human_rationale"":""단계 활동과 관찰을 검토하여 다음 판단으로 진행한다. 미관찰은 부족/탈락과 동일하지 않다."",""observation_refs"":[""OB_REVIEW_ML_01_EV_APP0058_SECOND_INTERVIEW_VALUES_BEHAVIOR_INTERVIEW_M1_SKILL_04"",""OB_REVIEW_HM_01_EV_APP0058_SECOND_INTERVIEW_VALUES_BEHAVIOR_INTERVIEW_M1_SKILL_04"",""OB_REVIEW_ML_01_EV_APP0058_SECOND_INTERVIEW_VALUES_BEHAVIOR_INTERVIEW_M1_SKILL_05"",""OB_REVIEW_HM_01_EV_APP0058_SECOND_INTERVIEW_VALUES_BEHAVIOR_INTERVIEW_M1_SKILL_05""],""stage"":""SECOND_INTERVIEW""}"
APP0061_SECOND_INTERVIEW,APP0061,C0061,SECOND_INTERVIEW,2026-12-29T10:55:00+09:00,2026-12-30T10:55:00+09:00,2027-01-13T10:55:00+09:00,2027-01-13T11:55:00+09:00,2027-01-15T11:55:00+09:00,2027-01-15T11:55:00+09:00,,ADVANCED,BEHAVIOR_REVIEWED,,SYNTHETIC_HUMAN_SCENARIO,"{""criterion"":""BOTH_BEHAVIORAL_LIMITATIONS"",""human_rationale"":""단계 활동과 관찰을 검토하여 다음 판단으로 진행한다. 미관찰은 부족/탈락과 동일하지 않다."",""observation_refs"":[""OB_REVIEW_ML_01_EV_APP0061_SECOND_INTERVIEW_VALUES_BEHAVIOR_INTERVIEW_M1_SKILL_04"",""OB_REVIEW_HM_01_EV_APP0061_SECOND_INTERVIEW_VALUES_BEHAVIOR_INTERVIEW_M1_SKILL_04"",""OB_REVIEW_ML_01_EV_APP0061_SECOND_INTERVIEW_VALUES_BEHAVIOR_INTERVIEW_M1_SKILL_05"",""OB_REVIEW_HM_01_EV_APP0061_SECOND_INTERVIEW_VALUES_BEHAVIOR_INTERVIEW_M1_SKILL_05""],""stage"":""SECOND_INTERVIEW""}"
APP0077_SECOND_INTERVIEW,APP0077,C0077,SECOND_INTERVIEW,2026-12-30T10:50:00+09:00,2026-12-31T10:50:00+09:00,2027-01-07T10:50:00+09:00,2027-01-07T11:30:00+09:00,2027-01-08T11:30:00+09:00,2027-01-12T11:30:00+09:00,,ADVANCED,BEHAVIOR_REVIEWED,,SYNTHETIC_HUMAN_SCENARIO,"{""criterion"":""BOTH_BEHAVIORAL_LIMITATIONS"",""human_rationale"":""단계 활동과 관찰을 검토하여 다음 판단으로 진행한다. 미관찰은 부족/탈락과 동일하지 않다."",""observation_refs"":[""OB_REVIEW_ML_01_EV_APP0077_SECOND_INTERVIEW_VALUES_BEHAVIOR_INTERVIEW_M1_SKILL_04"",""OB_REVIEW_HM_01_EV_APP0077_SECOND_INTERVIEW_VALUES_BEHAVIOR_INTERVIEW_M1_SKILL_04"",""OB_REVIEW_ML_01_EV_APP0077_SECOND_INTERVIEW_VALUES_BEHAVIOR_INTERVIEW_M1_SKILL_05"",""OB_REVIEW_HM_01_EV_APP0077_SECOND_INTERVIEW_VALUES_BEHAVIOR_INTERVIEW_M1_SKILL_05""],""stage"":""SECOND_INTERVIEW""}"
APP0078_SECOND_INTERVIEW,APP0078,C0078,SECOND_INTERVIEW,2026-12-30T10:55:00+09:00,2026-12-31T10:55:00+09:00,2027-01-14T10:55:00+09:00,2027-01-14T11:35:00+09:00,2027-01-16T11:35:00+09:00,2027-01-20T11:35:00+09:00,,ADVANCED,BEHAVIOR_REVIEWED,,SYNTHETIC_HUMAN_SCENARIO,"{""criterion"":""BOTH_BEHAVIORAL_LIMITATIONS"",""human_rationale"":""단계 활동과 관찰을 검토하여 다음 판단으로 진행한다. 미관찰은 부족/탈락과 동일하지 않다."",""observation_refs"":[""OB_REVIEW_ML_01_EV_APP0078_SECOND_INTERVIEW_VALUES_BEHAVIOR_INTERVIEW_M1_SKILL_04"",""OB_REVIEW_HM_01_EV_APP0078_SECOND_INTERVIEW_VALUES_BEHAVIOR_INTERVIEW_M1_SKILL_04"",""OB_REVIEW_ML_01_EV_APP0078_SECOND_INTERVIEW_VALUES_BEHAVIOR_INTERVIEW_M1_SKILL_05"",""OB_REVIEW_HM_01_EV_APP0078_SECOND_INTERVIEW_VALUES_BEHAVIOR_INTERVIEW_M1_SKILL_05""],""stage"":""SECOND_INTERVIEW""}"
APP0041_SECOND_INTERVIEW,APP0041,C0041,SECOND_INTERVIEW,2026-12-31T10:40:00+09:00,2027-01-01T10:40:00+09:00,2027-01-11T10:40:00+09:00,2027-01-11T14:30:00+09:00,2027-01-13T14:30:00+09:00,2027-01-13T14:30:00+09:00,,ADVANCED,BEHAVIOR_REVIEWED,,SYNTHETIC_HUMAN_SCENARIO,"{""criterion"":""BOTH_BEHAVIORAL_LIMITATIONS"",""human_rationale"":""단계 활동과 관찰을 검토하여 다음 판단으로 진행한다. 미관찰은 부족/탈락과 동일하지 않다."",""observation_refs"":[""OB_REVIEW_ML_01_EV_APP0041_SECOND_INTERVIEW_VALUES_BEHAVIOR_INTERVIEW_M1_SKILL_04"",""OB_REVIEW_HM_01_EV_APP0041_SECOND_INTERVIEW_VALUES_BEHAVIOR_INTERVIEW_M1_SKILL_04"",""OB_REVIEW_ML_01_EV_APP0041_SECOND_INTERVIEW_VALUES_BEHAVIOR_INTERVIEW_M1_SKILL_05"",""OB_REVIEW_HM_01_EV_APP0041_SECOND_INTERVIEW_VALUES_BEHAVIOR_INTERVIEW_M1_SKILL_05""],""stage"":""SECOND_INTERVIEW""}"
APP0049_SECOND_INTERVIEW,APP0049,C0049,SECOND_INTERVIEW,2026-12-31T10:45:00+09:00,2027-01-01T10:45:00+09:00,2027-01-11T10:45:00+09:00,2027-01-11T15:10:00+09:00,2027-01-14T15:10:00+09:00,2027-01-14T15:10:00+09:00,,ADVANCED,BEHAVIOR_REVIEWED,,SYNTHETIC_HUMAN_SCENARIO,"{""criterion"":""BOTH_BEHAVIORAL_LIMITATIONS"",""human_rationale"":""단계 활동과 관찰을 검토하여 다음 판단으로 진행한다. 미관찰은 부족/탈락과 동일하지 않다."",""observation_refs"":[""OB_REVIEW_ML_01_EV_APP0049_SECOND_INTERVIEW_VALUES_BEHAVIOR_INTERVIEW_M1_SKILL_04"",""OB_REVIEW_HM_01_EV_APP0049_SECOND_INTERVIEW_VALUES_BEHAVIOR_INTERVIEW_M1_SKILL_04"",""OB_REVIEW_ML_01_EV_APP0049_SECOND_INTERVIEW_VALUES_BEHAVIOR_INTERVIEW_M1_SKILL_05"",""OB_REVIEW_HM_01_EV_APP0049_SECOND_INTERVIEW_VALUES_BEHAVIOR_INTERVIEW_M1_SKILL_05""],""stage"":""SECOND_INTERVIEW""}"
APP0064_SECOND_INTERVIEW,APP0064,C0064,SECOND_INTERVIEW,2027-01-01T10:30:00+09:00,2027-01-02T10:30:00+09:00,2027-01-09T10:30:00+09:00,2027-01-09T12:20:00+09:00,2027-01-11T12:20:00+09:00,2027-01-15T12:20:00+09:00,,ADVANCED,BEHAVIOR_REVIEWED,,SYNTHETIC_HUMAN_SCENARIO,"{""criterion"":""BOTH_BEHAVIORAL_LIMITATIONS"",""human_rationale"":""단계 활동과 관찰을 검토하여 다음 판단으로 진행한다. 미관찰은 부족/탈락과 동일하지 않다."",""observation_refs"":[""OB_REVIEW_ML_01_EV_APP0064_SECOND_INTERVIEW_VALUES_BEHAVIOR_INTERVIEW_M1_SKILL_04"",""OB_REVIEW_HM_01_EV_APP0064_SECOND_INTERVIEW_VALUES_BEHAVIOR_INTERVIEW_M1_SKILL_04"",""OB_REVIEW_ML_01_EV_APP0064_SECOND_INTERVIEW_VALUES_BEHAVIOR_INTERVIEW_M1_SKILL_05"",""OB_REVIEW_HM_01_EV_APP0064_SECOND_INTERVIEW_VALUES_BEHAVIOR_INTERVIEW_M1_SKILL_05""],""stage"":""SECOND_INTERVIEW""}"
APP0066_SECOND_INTERVIEW,APP0066,C0066,SECOND_INTERVIEW,2027-01-01T10:35:00+09:00,2027-01-02T10:35:00+09:00,2027-01-16T10:35:00+09:00,,,,,IN_PROGRESS,,,,"{""motive"":""UNKNOWN"",""operational_state"":""NO_RESPONSE_PENDING""}"
APP0051_SECOND_INTERVIEW,APP0051,C0051,SECOND_INTERVIEW,2027-01-01T10:50:00+09:00,2027-01-02T10:50:00+09:00,2027-01-16T10:50:00+09:00,2027-01-16T11:30:00+09:00,2027-01-17T11:30:00+09:00,2027-01-17T11:30:00+09:00,,ADVANCED,BEHAVIOR_REVIEWED,,SYNTHETIC_HUMAN_SCENARIO,"{""criterion"":""BOTH_BEHAVIORAL_LIMITATIONS"",""human_rationale"":""단계 활동과 관찰을 검토하여 다음 판단으로 진행한다. 미관찰은 부족/탈락과 동일하지 않다."",""observation_refs"":[""OB_REVIEW_ML_01_EV_APP0051_SECOND_INTERVIEW_VALUES_BEHAVIOR_INTERVIEW_M1_SKILL_04"",""OB_REVIEW_HM_01_EV_APP0051_SECOND_INTERVIEW_VALUES_BEHAVIOR_INTERVIEW_M1_SKILL_04"",""OB_REVIEW_ML_01_EV_APP0051_SECOND_INTERVIEW_VALUES_BEHAVIOR_INTERVIEW_M1_SKILL_05"",""OB_REVIEW_HM_01_EV_APP0051_SECOND_INTERVIEW_VALUES_BEHAVIOR_INTERVIEW_M1_SKILL_05""],""stage"":""SECOND_INTERVIEW""}"
APP0056_SECOND_INTERVIEW,APP0056,C0056,SECOND_INTERVIEW,2027-01-01T10:55:00+09:00,2027-01-02T10:55:00+09:00,2027-01-09T10:55:00+09:00,,,,,IN_PROGRESS,,,,"{""motive"":""UNKNOWN"",""operational_state"":""NO_RESPONSE_PENDING""}"
APP0059_SECOND_INTERVIEW,APP0059,C0059,SECOND_INTERVIEW,2027-01-01T10:55:00+09:00,2027-01-02T10:55:00+09:00,2027-01-16T10:55:00+09:00,2027-01-16T12:30:00+09:00,2027-01-19T12:30:00+09:00,2027-01-23T12:30:00+09:00,,ADVANCED,BEHAVIOR_REVIEWED,,SYNTHETIC_HUMAN_SCENARIO,"{""criterion"":""BOTH_BEHAVIORAL_LIMITATIONS"",""human_rationale"":""단계 활동과 관찰을 검토하여 다음 판단으로 진행한다. 미관찰은 부족/탈락과 동일하지 않다."",""observation_refs"":[""OB_REVIEW_ML_01_EV_APP0059_SECOND_INTERVIEW_VALUES_BEHAVIOR_INTERVIEW_M1_SKILL_04"",""OB_REVIEW_HM_01_EV_APP0059_SECOND_INTERVIEW_VALUES_BEHAVIOR_INTERVIEW_M1_SKILL_04"",""OB_REVIEW_ML_01_EV_APP0059_SECOND_INTERVIEW_VALUES_BEHAVIOR_INTERVIEW_M1_SKILL_05"",""OB_REVIEW_HM_01_EV_APP0059_SECOND_INTERVIEW_VALUES_BEHAVIOR_INTERVIEW_M1_SKILL_05""],""stage"":""SECOND_INTERVIEW""}"
APP0082_SECOND_INTERVIEW,APP0082,C0082,SECOND_INTERVIEW,2027-01-02T10:30:00+09:00,2027-01-03T10:30:00+09:00,2027-01-13T10:30:00+09:00,2027-01-13T12:45:00+09:00,2027-01-18T12:45:00+09:00,2027-01-22T12:45:00+09:00,,ADVANCED,BEHAVIOR_REVIEWED,,SYNTHETIC_HUMAN_SCENARIO,"{""criterion"":""BOTH_BEHAVIORAL_LIMITATIONS"",""human_rationale"":""단계 활동과 관찰을 검토하여 다음 판단으로 진행한다. 미관찰은 부족/탈락과 동일하지 않다."",""observation_refs"":[""OB_REVIEW_ML_01_EV_APP0082_SECOND_INTERVIEW_VALUES_BEHAVIOR_INTERVIEW_M1_SKILL_04"",""OB_REVIEW_HM_01_EV_APP0082_SECOND_INTERVIEW_VALUES_BEHAVIOR_INTERVIEW_M1_SKILL_04"",""OB_REVIEW_ML_01_EV_APP0082_SECOND_INTERVIEW_VALUES_BEHAVIOR_INTERVIEW_M1_SKILL_05"",""OB_REVIEW_HM_01_EV_APP0082_SECOND_INTERVIEW_VALUES_BEHAVIOR_INTERVIEW_M1_SKILL_05""],""stage"":""SECOND_INTERVIEW""}"
APP0079_SECOND_INTERVIEW,APP0079,C0079,SECOND_INTERVIEW,2027-01-02T10:35:00+09:00,2027-01-03T10:35:00+09:00,2027-01-17T10:35:00+09:00,2027-01-17T11:25:00+09:00,2027-01-18T11:25:00+09:00,2027-01-19T11:25:00+09:00,,ADVANCED,BEHAVIOR_REVIEWED,,SYNTHETIC_HUMAN_SCENARIO,"{""criterion"":""BOTH_BEHAVIORAL_LIMITATIONS"",""human_rationale"":""단계 활동과 관찰을 검토하여 다음 판단으로 진행한다. 미관찰은 부족/탈락과 동일하지 않다."",""observation_refs"":[""OB_REVIEW_ML_01_EV_APP0079_SECOND_INTERVIEW_VALUES_BEHAVIOR_INTERVIEW_M1_SKILL_04"",""OB_REVIEW_HM_01_EV_APP0079_SECOND_INTERVIEW_VALUES_BEHAVIOR_INTERVIEW_M1_SKILL_04"",""OB_REVIEW_ML_01_EV_APP0079_SECOND_INTERVIEW_VALUES_BEHAVIOR_INTERVIEW_M1_SKILL_05"",""OB_REVIEW_HM_01_EV_APP0079_SECOND_INTERVIEW_VALUES_BEHAVIOR_INTERVIEW_M1_SKILL_05""],""stage"":""SECOND_INTERVIEW""}"
APP0090_SECOND_INTERVIEW,APP0090,C0090,SECOND_INTERVIEW,2027-01-02T10:55:00+09:00,2027-01-03T10:55:00+09:00,2027-01-13T10:55:00+09:00,2027-01-13T13:35:00+09:00,2027-01-15T13:35:00+09:00,2027-01-15T13:35:00+09:00,,ADVANCED,BEHAVIOR_REVIEWED,,SYNTHETIC_HUMAN_SCENARIO,"{""criterion"":""BOTH_BEHAVIORAL_LIMITATIONS"",""human_rationale"":""단계 활동과 관찰을 검토하여 다음 판단으로 진행한다. 미관찰은 부족/탈락과 동일하지 않다."",""observation_refs"":[""OB_REVIEW_ML_01_EV_APP0090_SECOND_INTERVIEW_VALUES_BEHAVIOR_INTERVIEW_M1_SKILL_04"",""OB_REVIEW_HM_01_EV_APP0090_SECOND_INTERVIEW_VALUES_BEHAVIOR_INTERVIEW_M1_SKILL_04"",""OB_REVIEW_ML_01_EV_APP0090_SECOND_INTERVIEW_VALUES_BEHAVIOR_INTERVIEW_M1_SKILL_05"",""OB_REVIEW_HM_01_EV_APP0090_SECOND_INTERVIEW_VALUES_BEHAVIOR_INTERVIEW_M1_SKILL_05""],""stage"":""SECOND_INTERVIEW""}"
APP0076_SECOND_INTERVIEW,APP0076,C0076,SECOND_INTERVIEW,2027-01-02T11:00:00+09:00,2027-01-03T11:00:00+09:00,2027-01-17T11:00:00+09:00,2027-01-17T12:15:00+09:00,2027-01-18T12:15:00+09:00,2027-01-18T12:15:00+09:00,,ADVANCED,BEHAVIOR_REVIEWED,,SYNTHETIC_HUMAN_SCENARIO,"{""criterion"":""BOTH_BEHAVIORAL_LIMITATIONS"",""human_rationale"":""단계 활동과 관찰을 검토하여 다음 판단으로 진행한다. 미관찰은 부족/탈락과 동일하지 않다."",""observation_refs"":[""OB_REVIEW_ML_01_EV_APP0076_SECOND_INTERVIEW_VALUES_BEHAVIOR_INTERVIEW_M1_SKILL_04"",""OB_REVIEW_HM_01_EV_APP0076_SECOND_INTERVIEW_VALUES_BEHAVIOR_INTERVIEW_M1_SKILL_04"",""OB_REVIEW_ML_01_EV_APP0076_SECOND_INTERVIEW_VALUES_BEHAVIOR_INTERVIEW_M1_SKILL_05"",""OB_REVIEW_HM_01_EV_APP0076_SECOND_INTERVIEW_VALUES_BEHAVIOR_INTERVIEW_M1_SKILL_05""],""stage"":""SECOND_INTERVIEW""}"
APP0083_SECOND_INTERVIEW,APP0083,C0083,SECOND_INTERVIEW,2027-01-03T10:45:00+09:00,2027-01-04T10:45:00+09:00,2027-01-14T10:45:00+09:00,,,,2027-01-06T10:45:00+09:00,WITHDRAWN,,UNKNOWN,,
APP0095_SECOND_INTERVIEW,APP0095,C0095,SECOND_INTERVIEW,2027-01-03T10:45:00+09:00,2027-01-04T10:45:00+09:00,2027-01-14T10:45:00+09:00,,,,,IN_PROGRESS,,,,"{""motive"":""UNKNOWN"",""operational_state"":""NO_RESPONSE_PENDING""}"
APP0080_SECOND_INTERVIEW,APP0080,C0080,SECOND_INTERVIEW,2027-01-03T10:55:00+09:00,2027-01-04T10:55:00+09:00,2027-01-18T10:55:00+09:00,2027-01-18T11:45:00+09:00,2027-01-20T11:45:00+09:00,2027-01-21T11:45:00+09:00,,ADVANCED,BEHAVIOR_REVIEWED,,SYNTHETIC_HUMAN_SCENARIO,"{""criterion"":""BOTH_BEHAVIORAL_LIMITATIONS"",""human_rationale"":""단계 활동과 관찰을 검토하여 다음 판단으로 진행한다. 미관찰은 부족/탈락과 동일하지 않다."",""observation_refs"":[""OB_REVIEW_ML_01_EV_APP0080_SECOND_INTERVIEW_VALUES_BEHAVIOR_INTERVIEW_M1_SKILL_04"",""OB_REVIEW_HM_01_EV_APP0080_SECOND_INTERVIEW_VALUES_BEHAVIOR_INTERVIEW_M1_SKILL_04"",""OB_REVIEW_ML_01_EV_APP0080_SECOND_INTERVIEW_VALUES_BEHAVIOR_INTERVIEW_M1_SKILL_05"",""OB_REVIEW_HM_01_EV_APP0080_SECOND_INTERVIEW_VALUES_BEHAVIOR_INTERVIEW_M1_SKILL_05""],""stage"":""SECOND_INTERVIEW""}"
APP0068_SECOND_INTERVIEW,APP0068,C0068,SECOND_INTERVIEW,2027-01-04T10:35:00+09:00,2027-01-05T10:35:00+09:00,2027-01-19T10:35:00+09:00,2027-01-19T11:15:00+09:00,2027-01-21T11:15:00+09:00,2027-01-25T11:15:00+09:00,,ADVANCED,BEHAVIOR_REVIEWED,,SYNTHETIC_HUMAN_SCENARIO,"{""criterion"":""BOTH_BEHAVIORAL_LIMITATIONS"",""human_rationale"":""단계 활동과 관찰을 검토하여 다음 판단으로 진행한다. 미관찰은 부족/탈락과 동일하지 않다."",""observation_refs"":[""OB_REVIEW_ML_01_EV_APP0068_SECOND_INTERVIEW_VALUES_BEHAVIOR_INTERVIEW_M1_SKILL_04"",""OB_REVIEW_HM_01_EV_APP0068_SECOND_INTERVIEW_VALUES_BEHAVIOR_INTERVIEW_M1_SKILL_04"",""OB_REVIEW_ML_01_EV_APP0068_SECOND_INTERVIEW_VALUES_BEHAVIOR_INTERVIEW_M1_SKILL_05"",""OB_REVIEW_HM_01_EV_APP0068_SECOND_INTERVIEW_VALUES_BEHAVIOR_INTERVIEW_M1_SKILL_05""],""stage"":""SECOND_INTERVIEW""}"
APP0070_SECOND_INTERVIEW,APP0070,C0070,SECOND_INTERVIEW,2027-01-04T10:55:00+09:00,2027-01-05T10:55:00+09:00,2027-01-15T10:55:00+09:00,2027-01-15T11:55:00+09:00,2027-01-18T11:55:00+09:00,2027-01-18T11:55:00+09:00,,ADVANCED,BEHAVIOR_REVIEWED,,SYNTHETIC_HUMAN_SCENARIO,"{""criterion"":""BOTH_BEHAVIORAL_LIMITATIONS"",""human_rationale"":""단계 활동과 관찰을 검토하여 다음 판단으로 진행한다. 미관찰은 부족/탈락과 동일하지 않다."",""observation_refs"":[""OB_REVIEW_ML_01_EV_APP0070_SECOND_INTERVIEW_VALUES_BEHAVIOR_INTERVIEW_M1_SKILL_04"",""OB_REVIEW_HM_01_EV_APP0070_SECOND_INTERVIEW_VALUES_BEHAVIOR_INTERVIEW_M1_SKILL_04"",""OB_REVIEW_ML_01_EV_APP0070_SECOND_INTERVIEW_VALUES_BEHAVIOR_INTERVIEW_M1_SKILL_05"",""OB_REVIEW_HM_01_EV_APP0070_SECOND_INTERVIEW_VALUES_BEHAVIOR_INTERVIEW_M1_SKILL_05""],""stage"":""SECOND_INTERVIEW""}"
APP0063_SECOND_INTERVIEW,APP0063,C0063,SECOND_INTERVIEW,2027-01-05T10:45:00+09:00,2027-01-06T10:45:00+09:00,2027-01-16T10:45:00+09:00,2027-01-16T13:30:00+09:00,2027-01-18T13:30:00+09:00,2027-01-18T13:30:00+09:00,,ADVANCED,BEHAVIOR_REVIEWED,,SYNTHETIC_HUMAN_SCENARIO,"{""criterion"":""BOTH_BEHAVIORAL_LIMITATIONS"",""human_rationale"":""단계 활동과 관찰을 검토하여 다음 판단으로 진행한다. 미관찰은 부족/탈락과 동일하지 않다."",""observation_refs"":[""OB_REVIEW_ML_01_EV_APP0063_SECOND_INTERVIEW_VALUES_BEHAVIOR_INTERVIEW_M1_SKILL_04"",""OB_REVIEW_HM_01_EV_APP0063_SECOND_INTERVIEW_VALUES_BEHAVIOR_INTERVIEW_M1_SKILL_04"",""OB_REVIEW_ML_01_EV_APP0063_SECOND_INTERVIEW_VALUES_BEHAVIOR_INTERVIEW_M1_SKILL_05"",""OB_REVIEW_HM_01_EV_APP0063_SECOND_INTERVIEW_VALUES_BEHAVIOR_INTERVIEW_M1_SKILL_05""],""stage"":""SECOND_INTERVIEW""}"
APP0097_SECOND_INTERVIEW,APP0097,C0097,SECOND_INTERVIEW,2027-01-06T10:55:00+09:00,2027-01-07T10:55:00+09:00,2027-01-21T10:55:00+09:00,2027-01-21T11:35:00+09:00,2027-01-26T11:35:00+09:00,2027-01-30T11:35:00+09:00,,ADVANCED,BEHAVIOR_REVIEWED,,SYNTHETIC_HUMAN_SCENARIO,"{""criterion"":""BOTH_BEHAVIORAL_LIMITATIONS"",""human_rationale"":""단계 활동과 관찰을 검토하여 다음 판단으로 진행한다. 미관찰은 부족/탈락과 동일하지 않다."",""observation_refs"":[""OB_REVIEW_ML_01_EV_APP0097_SECOND_INTERVIEW_VALUES_BEHAVIOR_INTERVIEW_M1_SKILL_04"",""OB_REVIEW_HM_01_EV_APP0097_SECOND_INTERVIEW_VALUES_BEHAVIOR_INTERVIEW_M1_SKILL_04"",""OB_REVIEW_ML_01_EV_APP0097_SECOND_INTERVIEW_VALUES_BEHAVIOR_INTERVIEW_M1_SKILL_05"",""OB_REVIEW_HM_01_EV_APP0097_SECOND_INTERVIEW_VALUES_BEHAVIOR_INTERVIEW_M1_SKILL_05""],""stage"":""SECOND_INTERVIEW""}"
APP0089_SECOND_INTERVIEW,APP0089,C0089,SECOND_INTERVIEW,2027-01-07T10:40:00+09:00,2027-01-08T10:40:00+09:00,2027-01-22T10:40:00+09:00,2027-01-22T11:30:00+09:00,2027-01-25T11:30:00+09:00,2027-01-26T11:30:00+09:00,,ADVANCED,BEHAVIOR_REVIEWED,,SYNTHETIC_HUMAN_SCENARIO,"{""criterion"":""BOTH_BEHAVIORAL_LIMITATIONS"",""human_rationale"":""단계 활동과 관찰을 검토하여 다음 판단으로 진행한다. 미관찰은 부족/탈락과 동일하지 않다."",""observation_refs"":[""OB_REVIEW_ML_01_EV_APP0089_SECOND_INTERVIEW_VALUES_BEHAVIOR_INTERVIEW_M1_SKILL_04"",""OB_REVIEW_HM_01_EV_APP0089_SECOND_INTERVIEW_VALUES_BEHAVIOR_INTERVIEW_M1_SKILL_04"",""OB_REVIEW_ML_01_EV_APP0089_SECOND_INTERVIEW_VALUES_BEHAVIOR_INTERVIEW_M1_SKILL_05"",""OB_REVIEW_HM_01_EV_APP0089_SECOND_INTERVIEW_VALUES_BEHAVIOR_INTERVIEW_M1_SKILL_05""],""stage"":""SECOND_INTERVIEW""}"
APP0103_SECOND_INTERVIEW,APP0103,C0103,SECOND_INTERVIEW,2027-01-08T10:30:00+09:00,2027-01-09T10:30:00+09:00,2027-01-16T10:30:00+09:00,,,,2027-01-11T10:30:00+09:00,WITHDRAWN,,UNKNOWN,,
APP0096_SECOND_INTERVIEW,APP0096,C0096,SECOND_INTERVIEW,2027-01-08T10:35:00+09:00,2027-01-09T10:35:00+09:00,2027-01-19T10:35:00+09:00,2027-01-19T12:05:00+09:00,2027-01-21T12:05:00+09:00,2027-01-21T12:05:00+09:00,,ADVANCED,BEHAVIOR_REVIEWED,,SYNTHETIC_HUMAN_SCENARIO,"{""criterion"":""BOTH_BEHAVIORAL_LIMITATIONS"",""human_rationale"":""단계 활동과 관찰을 검토하여 다음 판단으로 진행한다. 미관찰은 부족/탈락과 동일하지 않다."",""observation_refs"":[""OB_REVIEW_ML_01_EV_APP0096_SECOND_INTERVIEW_VALUES_BEHAVIOR_INTERVIEW_M1_SKILL_04"",""OB_REVIEW_HM_01_EV_APP0096_SECOND_INTERVIEW_VALUES_BEHAVIOR_INTERVIEW_M1_SKILL_04"",""OB_REVIEW_ML_01_EV_APP0096_SECOND_INTERVIEW_VALUES_BEHAVIOR_INTERVIEW_M1_SKILL_05"",""OB_REVIEW_HM_01_EV_APP0096_SECOND_INTERVIEW_VALUES_BEHAVIOR_INTERVIEW_M1_SKILL_05""],""stage"":""SECOND_INTERVIEW""}"
APP0102_SECOND_INTERVIEW,APP0102,C0102,SECOND_INTERVIEW,2027-01-09T10:30:00+09:00,2027-01-10T10:30:00+09:00,2027-01-17T10:30:00+09:00,2027-01-17T12:55:00+09:00,2027-01-22T12:55:00+09:00,2027-01-22T12:55:00+09:00,,ADVANCED,BEHAVIOR_REVIEWED,,SYNTHETIC_HUMAN_SCENARIO,"{""criterion"":""BOTH_BEHAVIORAL_LIMITATIONS"",""human_rationale"":""단계 활동과 관찰을 검토하여 다음 판단으로 진행한다. 미관찰은 부족/탈락과 동일하지 않다."",""observation_refs"":[""OB_REVIEW_ML_01_EV_APP0102_SECOND_INTERVIEW_VALUES_BEHAVIOR_INTERVIEW_M1_SKILL_04"",""OB_REVIEW_HM_01_EV_APP0102_SECOND_INTERVIEW_VALUES_BEHAVIOR_INTERVIEW_M1_SKILL_04"",""OB_REVIEW_ML_01_EV_APP0102_SECOND_INTERVIEW_VALUES_BEHAVIOR_INTERVIEW_M1_SKILL_05"",""OB_REVIEW_HM_01_EV_APP0102_SECOND_INTERVIEW_VALUES_BEHAVIOR_INTERVIEW_M1_SKILL_05""],""stage"":""SECOND_INTERVIEW""}"
APP0128_SECOND_INTERVIEW,APP0128,C0128,SECOND_INTERVIEW,2027-01-09T10:50:00+09:00,2027-01-10T10:50:00+09:00,2027-01-17T10:50:00+09:00,2027-01-17T13:45:00+09:00,2027-01-18T13:45:00+09:00,2027-01-18T13:45:00+09:00,,ADVANCED,BEHAVIOR_REVIEWED,,SYNTHETIC_HUMAN_SCENARIO,"{""criterion"":""BOTH_BEHAVIORAL_LIMITATIONS"",""human_rationale"":""단계 활동과 관찰을 검토하여 다음 판단으로 진행한다. 미관찰은 부족/탈락과 동일하지 않다."",""observation_refs"":[""OB_REVIEW_ML_01_EV_APP0128_SECOND_INTERVIEW_VALUES_BEHAVIOR_INTERVIEW_M1_SKILL_04"",""OB_REVIEW_HM_01_EV_APP0128_SECOND_INTERVIEW_VALUES_BEHAVIOR_INTERVIEW_M1_SKILL_04"",""OB_REVIEW_ML_01_EV_APP0128_SECOND_INTERVIEW_VALUES_BEHAVIOR_INTERVIEW_M1_SKILL_05"",""OB_REVIEW_HM_01_EV_APP0128_SECOND_INTERVIEW_VALUES_BEHAVIOR_INTERVIEW_M1_SKILL_05""],""stage"":""SECOND_INTERVIEW""}"
APP0101_SECOND_INTERVIEW,APP0101,C0101,SECOND_INTERVIEW,2027-01-09T10:55:00+09:00,2027-01-10T10:55:00+09:00,2027-01-17T10:55:00+09:00,2027-01-17T14:35:00+09:00,2027-01-18T14:35:00+09:00,2027-01-18T14:35:00+09:00,,ADVANCED,BEHAVIOR_REVIEWED,,SYNTHETIC_HUMAN_SCENARIO,"{""criterion"":""BOTH_BEHAVIORAL_LIMITATIONS"",""human_rationale"":""단계 활동과 관찰을 검토하여 다음 판단으로 진행한다. 미관찰은 부족/탈락과 동일하지 않다."",""observation_refs"":[""OB_REVIEW_ML_01_EV_APP0101_SECOND_INTERVIEW_VALUES_BEHAVIOR_INTERVIEW_M1_SKILL_04"",""OB_REVIEW_HM_01_EV_APP0101_SECOND_INTERVIEW_VALUES_BEHAVIOR_INTERVIEW_M1_SKILL_04"",""OB_REVIEW_ML_01_EV_APP0101_SECOND_INTERVIEW_VALUES_BEHAVIOR_INTERVIEW_M1_SKILL_05"",""OB_REVIEW_HM_01_EV_APP0101_SECOND_INTERVIEW_VALUES_BEHAVIOR_INTERVIEW_M1_SKILL_05""],""stage"":""SECOND_INTERVIEW""}"
APP0105_SECOND_INTERVIEW,APP0105,C0105,SECOND_INTERVIEW,2027-01-10T10:40:00+09:00,2027-01-11T10:40:00+09:00,2027-01-21T10:40:00+09:00,2027-01-21T12:35:00+09:00,2027-01-26T12:35:00+09:00,2027-01-28T12:35:00+09:00,,ADVANCED,BEHAVIOR_REVIEWED,,SYNTHETIC_HUMAN_SCENARIO,"{""criterion"":""BOTH_BEHAVIORAL_LIMITATIONS"",""human_rationale"":""단계 활동과 관찰을 검토하여 다음 판단으로 진행한다. 미관찰은 부족/탈락과 동일하지 않다."",""observation_refs"":[""OB_REVIEW_ML_01_EV_APP0105_SECOND_INTERVIEW_VALUES_BEHAVIOR_INTERVIEW_M1_SKILL_04"",""OB_REVIEW_HM_01_EV_APP0105_SECOND_INTERVIEW_VALUES_BEHAVIOR_INTERVIEW_M1_SKILL_04"",""OB_REVIEW_ML_01_EV_APP0105_SECOND_INTERVIEW_VALUES_BEHAVIOR_INTERVIEW_M1_SKILL_05"",""OB_REVIEW_HM_01_EV_APP0105_SECOND_INTERVIEW_VALUES_BEHAVIOR_INTERVIEW_M1_SKILL_05""],""stage"":""SECOND_INTERVIEW""}"
APP0085_SECOND_INTERVIEW,APP0085,C0085,SECOND_INTERVIEW,2027-01-10T10:50:00+09:00,2027-01-11T10:50:00+09:00,2027-01-25T10:50:00+09:00,,,,2027-01-13T10:50:00+09:00,WITHDRAWN,,UNKNOWN,,
APP0107_SECOND_INTERVIEW,APP0107,C0107,SECOND_INTERVIEW,2027-01-10T10:50:00+09:00,2027-01-11T10:50:00+09:00,2027-01-25T10:50:00+09:00,2027-01-25T11:40:00+09:00,2027-01-26T11:40:00+09:00,2027-01-30T11:40:00+09:00,,ADVANCED,BEHAVIOR_REVIEWED,,SYNTHETIC_HUMAN_SCENARIO,"{""criterion"":""BOTH_BEHAVIORAL_LIMITATIONS"",""human_rationale"":""단계 활동과 관찰을 검토하여 다음 판단으로 진행한다. 미관찰은 부족/탈락과 동일하지 않다."",""observation_refs"":[""OB_REVIEW_ML_01_EV_APP0107_SECOND_INTERVIEW_VALUES_BEHAVIOR_INTERVIEW_M1_SKILL_04"",""OB_REVIEW_HM_01_EV_APP0107_SECOND_INTERVIEW_VALUES_BEHAVIOR_INTERVIEW_M1_SKILL_04"",""OB_REVIEW_ML_01_EV_APP0107_SECOND_INTERVIEW_VALUES_BEHAVIOR_INTERVIEW_M1_SKILL_05"",""OB_REVIEW_HM_01_EV_APP0107_SECOND_INTERVIEW_VALUES_BEHAVIOR_INTERVIEW_M1_SKILL_05""],""stage"":""SECOND_INTERVIEW""}"
APP0116_SECOND_INTERVIEW,APP0116,C0116,SECOND_INTERVIEW,2027-01-11T10:40:00+09:00,2027-01-12T10:40:00+09:00,2027-01-26T10:40:00+09:00,2027-01-26T11:40:00+09:00,2027-01-29T11:40:00+09:00,2027-01-29T11:40:00+09:00,,ADVANCED,BEHAVIOR_REVIEWED,,SYNTHETIC_HUMAN_SCENARIO,"{""criterion"":""BOTH_BEHAVIORAL_LIMITATIONS"",""human_rationale"":""단계 활동과 관찰을 검토하여 다음 판단으로 진행한다. 미관찰은 부족/탈락과 동일하지 않다."",""observation_refs"":[""OB_REVIEW_ML_01_EV_APP0116_SECOND_INTERVIEW_VALUES_BEHAVIOR_INTERVIEW_M1_SKILL_04"",""OB_REVIEW_HM_01_EV_APP0116_SECOND_INTERVIEW_VALUES_BEHAVIOR_INTERVIEW_M1_SKILL_04"",""OB_REVIEW_ML_01_EV_APP0116_SECOND_INTERVIEW_VALUES_BEHAVIOR_INTERVIEW_M1_SKILL_05"",""OB_REVIEW_HM_01_EV_APP0116_SECOND_INTERVIEW_VALUES_BEHAVIOR_INTERVIEW_M1_SKILL_05""],""stage"":""SECOND_INTERVIEW""}"
APP0109_SECOND_INTERVIEW,APP0109,C0109,SECOND_INTERVIEW,2027-01-11T10:45:00+09:00,2027-01-12T10:45:00+09:00,2027-01-22T10:45:00+09:00,2027-01-22T12:30:00+09:00,2027-01-23T12:30:00+09:00,2027-01-25T12:30:00+09:00,,ADVANCED,BEHAVIOR_REVIEWED,,SYNTHETIC_HUMAN_SCENARIO,"{""criterion"":""BOTH_BEHAVIORAL_LIMITATIONS"",""human_rationale"":""단계 활동과 관찰을 검토하여 다음 판단으로 진행한다. 미관찰은 부족/탈락과 동일하지 않다."",""observation_refs"":[""OB_REVIEW_ML_01_EV_APP0109_SECOND_INTERVIEW_VALUES_BEHAVIOR_INTERVIEW_M1_SKILL_04"",""OB_REVIEW_HM_01_EV_APP0109_SECOND_INTERVIEW_VALUES_BEHAVIOR_INTERVIEW_M1_SKILL_04"",""OB_REVIEW_ML_01_EV_APP0109_SECOND_INTERVIEW_VALUES_BEHAVIOR_INTERVIEW_M1_SKILL_05"",""OB_REVIEW_HM_01_EV_APP0109_SECOND_INTERVIEW_VALUES_BEHAVIOR_INTERVIEW_M1_SKILL_05""],""stage"":""SECOND_INTERVIEW""}"
APP0129_SECOND_INTERVIEW,APP0129,C0129,SECOND_INTERVIEW,2027-01-12T10:45:00+09:00,2027-01-13T10:45:00+09:00,2027-01-23T10:45:00+09:00,2027-01-23T11:35:00+09:00,2027-01-24T11:35:00+09:00,2027-01-26T11:35:00+09:00,,ADVANCED,BEHAVIOR_REVIEWED,,SYNTHETIC_HUMAN_SCENARIO,"{""criterion"":""BOTH_BEHAVIORAL_LIMITATIONS"",""human_rationale"":""단계 활동과 관찰을 검토하여 다음 판단으로 진행한다. 미관찰은 부족/탈락과 동일하지 않다."",""observation_refs"":[""OB_REVIEW_ML_01_EV_APP0129_SECOND_INTERVIEW_VALUES_BEHAVIOR_INTERVIEW_M1_SKILL_04"",""OB_REVIEW_HM_01_EV_APP0129_SECOND_INTERVIEW_VALUES_BEHAVIOR_INTERVIEW_M1_SKILL_04"",""OB_REVIEW_ML_01_EV_APP0129_SECOND_INTERVIEW_VALUES_BEHAVIOR_INTERVIEW_M1_SKILL_05"",""OB_REVIEW_HM_01_EV_APP0129_SECOND_INTERVIEW_VALUES_BEHAVIOR_INTERVIEW_M1_SKILL_05""],""stage"":""SECOND_INTERVIEW""}"
APP0123_SECOND_INTERVIEW,APP0123,C0123,SECOND_INTERVIEW,2027-01-12T10:50:00+09:00,2027-01-13T10:50:00+09:00,2027-01-20T10:50:00+09:00,2027-01-20T11:30:00+09:00,2027-01-21T11:30:00+09:00,2027-01-22T11:30:00+09:00,,ADVANCED,BEHAVIOR_REVIEWED,,SYNTHETIC_HUMAN_SCENARIO,"{""criterion"":""BOTH_BEHAVIORAL_LIMITATIONS"",""human_rationale"":""단계 활동과 관찰을 검토하여 다음 판단으로 진행한다. 미관찰은 부족/탈락과 동일하지 않다."",""observation_refs"":[""OB_REVIEW_ML_01_EV_APP0123_SECOND_INTERVIEW_VALUES_BEHAVIOR_INTERVIEW_M1_SKILL_04"",""OB_REVIEW_HM_01_EV_APP0123_SECOND_INTERVIEW_VALUES_BEHAVIOR_INTERVIEW_M1_SKILL_04"",""OB_REVIEW_ML_01_EV_APP0123_SECOND_INTERVIEW_VALUES_BEHAVIOR_INTERVIEW_M1_SKILL_05"",""OB_REVIEW_HM_01_EV_APP0123_SECOND_INTERVIEW_VALUES_BEHAVIOR_INTERVIEW_M1_SKILL_05""],""stage"":""SECOND_INTERVIEW""}"
APP0115_SECOND_INTERVIEW,APP0115,C0115,SECOND_INTERVIEW,2027-01-13T10:35:00+09:00,2027-01-14T10:35:00+09:00,2027-01-21T10:35:00+09:00,2027-01-21T13:15:00+09:00,2027-01-22T13:15:00+09:00,2027-01-24T13:15:00+09:00,,ADVANCED,BEHAVIOR_REVIEWED,,SYNTHETIC_HUMAN_SCENARIO,"{""criterion"":""BOTH_BEHAVIORAL_LIMITATIONS"",""human_rationale"":""단계 활동과 관찰을 검토하여 다음 판단으로 진행한다. 미관찰은 부족/탈락과 동일하지 않다."",""observation_refs"":[""OB_REVIEW_ML_01_EV_APP0115_SECOND_INTERVIEW_VALUES_BEHAVIOR_INTERVIEW_M1_SKILL_04"",""OB_REVIEW_HM_01_EV_APP0115_SECOND_INTERVIEW_VALUES_BEHAVIOR_INTERVIEW_M1_SKILL_04"",""OB_REVIEW_ML_01_EV_APP0115_SECOND_INTERVIEW_VALUES_BEHAVIOR_INTERVIEW_M1_SKILL_05"",""OB_REVIEW_HM_01_EV_APP0115_SECOND_INTERVIEW_VALUES_BEHAVIOR_INTERVIEW_M1_SKILL_05""],""stage"":""SECOND_INTERVIEW""}"
APP0124_SECOND_INTERVIEW,APP0124,C0124,SECOND_INTERVIEW,2027-01-13T10:45:00+09:00,2027-01-14T10:45:00+09:00,2027-01-24T10:45:00+09:00,2027-01-24T11:25:00+09:00,2027-01-27T11:25:00+09:00,2027-01-31T11:25:00+09:00,,ADVANCED,BEHAVIOR_REVIEWED,,SYNTHETIC_HUMAN_SCENARIO,"{""criterion"":""BOTH_BEHAVIORAL_LIMITATIONS"",""human_rationale"":""단계 활동과 관찰을 검토하여 다음 판단으로 진행한다. 미관찰은 부족/탈락과 동일하지 않다."",""observation_refs"":[""OB_REVIEW_ML_01_EV_APP0124_SECOND_INTERVIEW_VALUES_BEHAVIOR_INTERVIEW_M1_SKILL_04"",""OB_REVIEW_HM_01_EV_APP0124_SECOND_INTERVIEW_VALUES_BEHAVIOR_INTERVIEW_M1_SKILL_04"",""OB_REVIEW_ML_01_EV_APP0124_SECOND_INTERVIEW_VALUES_BEHAVIOR_INTERVIEW_M1_SKILL_05"",""OB_REVIEW_HM_01_EV_APP0124_SECOND_INTERVIEW_VALUES_BEHAVIOR_INTERVIEW_M1_SKILL_05""],""stage"":""SECOND_INTERVIEW""}"
APP0142_SECOND_INTERVIEW,APP0142,C0142,SECOND_INTERVIEW,2027-01-14T10:40:00+09:00,2027-01-15T10:40:00+09:00,2027-01-25T10:40:00+09:00,2027-01-25T12:20:00+09:00,2027-01-27T12:20:00+09:00,2027-01-29T12:20:00+09:00,,ADVANCED,BEHAVIOR_REVIEWED,,SYNTHETIC_HUMAN_SCENARIO,"{""criterion"":""BOTH_BEHAVIORAL_LIMITATIONS"",""human_rationale"":""단계 활동과 관찰을 검토하여 다음 판단으로 진행한다. 미관찰은 부족/탈락과 동일하지 않다."",""observation_refs"":[""OB_REVIEW_ML_01_EV_APP0142_SECOND_INTERVIEW_VALUES_BEHAVIOR_INTERVIEW_M1_SKILL_04"",""OB_REVIEW_HM_01_EV_APP0142_SECOND_INTERVIEW_VALUES_BEHAVIOR_INTERVIEW_M1_SKILL_04"",""OB_REVIEW_ML_01_EV_APP0142_SECOND_INTERVIEW_VALUES_BEHAVIOR_INTERVIEW_M1_SKILL_05"",""OB_REVIEW_HM_01_EV_APP0142_SECOND_INTERVIEW_VALUES_BEHAVIOR_INTERVIEW_M1_SKILL_05""],""stage"":""SECOND_INTERVIEW""}"
APP0110_SECOND_INTERVIEW,APP0110,C0110,SECOND_INTERVIEW,2027-01-14T10:45:00+09:00,2027-01-15T10:45:00+09:00,2027-01-29T10:45:00+09:00,2027-01-29T11:35:00+09:00,2027-01-31T11:35:00+09:00,2027-01-31T11:35:00+09:00,,ADVANCED,BEHAVIOR_REVIEWED,,SYNTHETIC_HUMAN_SCENARIO,"{""criterion"":""BOTH_BEHAVIORAL_LIMITATIONS"",""human_rationale"":""단계 활동과 관찰을 검토하여 다음 판단으로 진행한다. 미관찰은 부족/탈락과 동일하지 않다."",""observation_refs"":[""OB_REVIEW_ML_01_EV_APP0110_SECOND_INTERVIEW_VALUES_BEHAVIOR_INTERVIEW_M1_SKILL_04"",""OB_REVIEW_HM_01_EV_APP0110_SECOND_INTERVIEW_VALUES_BEHAVIOR_INTERVIEW_M1_SKILL_04"",""OB_REVIEW_ML_01_EV_APP0110_SECOND_INTERVIEW_VALUES_BEHAVIOR_INTERVIEW_M1_SKILL_05"",""OB_REVIEW_HM_01_EV_APP0110_SECOND_INTERVIEW_VALUES_BEHAVIOR_INTERVIEW_M1_SKILL_05""],""stage"":""SECOND_INTERVIEW""}"
APP0113_SECOND_INTERVIEW,APP0113,C0113,SECOND_INTERVIEW,2027-01-14T10:45:00+09:00,2027-01-15T10:45:00+09:00,2027-01-25T10:45:00+09:00,2027-01-25T13:20:00+09:00,2027-01-30T13:20:00+09:00,2027-01-30T13:20:00+09:00,,ADVANCED,BEHAVIOR_REVIEWED,,SYNTHETIC_HUMAN_SCENARIO,"{""criterion"":""BOTH_BEHAVIORAL_LIMITATIONS"",""human_rationale"":""단계 활동과 관찰을 검토하여 다음 판단으로 진행한다. 미관찰은 부족/탈락과 동일하지 않다."",""observation_refs"":[""OB_REVIEW_ML_01_EV_APP0113_SECOND_INTERVIEW_VALUES_BEHAVIOR_INTERVIEW_M1_SKILL_04"",""OB_REVIEW_HM_01_EV_APP0113_SECOND_INTERVIEW_VALUES_BEHAVIOR_INTERVIEW_M1_SKILL_04"",""OB_REVIEW_ML_01_EV_APP0113_SECOND_INTERVIEW_VALUES_BEHAVIOR_INTERVIEW_M1_SKILL_05"",""OB_REVIEW_HM_01_EV_APP0113_SECOND_INTERVIEW_VALUES_BEHAVIOR_INTERVIEW_M1_SKILL_05""],""stage"":""SECOND_INTERVIEW""}"
APP0143_SECOND_INTERVIEW,APP0143,C0143,SECOND_INTERVIEW,2027-01-14T10:45:00+09:00,2027-01-15T10:45:00+09:00,2027-01-22T10:45:00+09:00,2027-01-22T13:30:00+09:00,2027-01-24T13:30:00+09:00,2027-01-28T13:30:00+09:00,,ADVANCED,BEHAVIOR_REVIEWED,,SYNTHETIC_HUMAN_SCENARIO,"{""criterion"":""BOTH_BEHAVIORAL_LIMITATIONS"",""human_rationale"":""단계 활동과 관찰을 검토하여 다음 판단으로 진행한다. 미관찰은 부족/탈락과 동일하지 않다."",""observation_refs"":[""OB_REVIEW_ML_01_EV_APP0143_SECOND_INTERVIEW_VALUES_BEHAVIOR_INTERVIEW_M1_SKILL_04"",""OB_REVIEW_HM_01_EV_APP0143_SECOND_INTERVIEW_VALUES_BEHAVIOR_INTERVIEW_M1_SKILL_04"",""OB_REVIEW_ML_01_EV_APP0143_SECOND_INTERVIEW_VALUES_BEHAVIOR_INTERVIEW_M1_SKILL_05"",""OB_REVIEW_HM_01_EV_APP0143_SECOND_INTERVIEW_VALUES_BEHAVIOR_INTERVIEW_M1_SKILL_05""],""stage"":""SECOND_INTERVIEW""}"
APP0104_SECOND_INTERVIEW,APP0104,C0104,SECOND_INTERVIEW,2027-01-14T10:50:00+09:00,2027-01-15T10:50:00+09:00,2027-01-22T10:50:00+09:00,2027-01-22T14:30:00+09:00,2027-01-25T14:30:00+09:00,2027-01-29T14:30:00+09:00,,ADVANCED,BEHAVIOR_REVIEWED,,SYNTHETIC_HUMAN_SCENARIO,"{""criterion"":""BOTH_BEHAVIORAL_LIMITATIONS"",""human_rationale"":""단계 활동과 관찰을 검토하여 다음 판단으로 진행한다. 미관찰은 부족/탈락과 동일하지 않다."",""observation_refs"":[""OB_REVIEW_ML_01_EV_APP0104_SECOND_INTERVIEW_VALUES_BEHAVIOR_INTERVIEW_M1_SKILL_04"",""OB_REVIEW_HM_01_EV_APP0104_SECOND_INTERVIEW_VALUES_BEHAVIOR_INTERVIEW_M1_SKILL_04"",""OB_REVIEW_ML_01_EV_APP0104_SECOND_INTERVIEW_VALUES_BEHAVIOR_INTERVIEW_M1_SKILL_05"",""OB_REVIEW_HM_01_EV_APP0104_SECOND_INTERVIEW_VALUES_BEHAVIOR_INTERVIEW_M1_SKILL_05""],""stage"":""SECOND_INTERVIEW""}"
APP0119_SECOND_INTERVIEW,APP0119,C0119,SECOND_INTERVIEW,2027-01-15T10:40:00+09:00,2027-01-16T10:40:00+09:00,2027-01-30T10:40:00+09:00,2027-01-30T11:30:00+09:00,2027-02-04T11:30:00+09:00,2027-02-06T11:30:00+09:00,,ADVANCED,BEHAVIOR_REVIEWED,,SYNTHETIC_HUMAN_SCENARIO,"{""criterion"":""BOTH_BEHAVIORAL_LIMITATIONS"",""human_rationale"":""단계 활동과 관찰을 검토하여 다음 판단으로 진행한다. 미관찰은 부족/탈락과 동일하지 않다."",""observation_refs"":[""OB_REVIEW_ML_01_EV_APP0119_SECOND_INTERVIEW_VALUES_BEHAVIOR_INTERVIEW_M1_SKILL_04"",""OB_REVIEW_HM_01_EV_APP0119_SECOND_INTERVIEW_VALUES_BEHAVIOR_INTERVIEW_M1_SKILL_04"",""OB_REVIEW_ML_01_EV_APP0119_SECOND_INTERVIEW_VALUES_BEHAVIOR_INTERVIEW_M1_SKILL_05"",""OB_REVIEW_HM_01_EV_APP0119_SECOND_INTERVIEW_VALUES_BEHAVIOR_INTERVIEW_M1_SKILL_05""],""stage"":""SECOND_INTERVIEW""}"
APP0121_SECOND_INTERVIEW,APP0121,C0121,SECOND_INTERVIEW,2027-01-15T10:40:00+09:00,2027-01-16T10:40:00+09:00,2027-01-26T10:40:00+09:00,2027-01-26T12:20:00+09:00,2027-01-29T12:20:00+09:00,2027-01-29T12:20:00+09:00,,ADVANCED,BEHAVIOR_REVIEWED,,SYNTHETIC_HUMAN_SCENARIO,"{""criterion"":""BOTH_BEHAVIORAL_LIMITATIONS"",""human_rationale"":""단계 활동과 관찰을 검토하여 다음 판단으로 진행한다. 미관찰은 부족/탈락과 동일하지 않다."",""observation_refs"":[""OB_REVIEW_ML_01_EV_APP0121_SECOND_INTERVIEW_VALUES_BEHAVIOR_INTERVIEW_M1_SKILL_04"",""OB_REVIEW_HM_01_EV_APP0121_SECOND_INTERVIEW_VALUES_BEHAVIOR_INTERVIEW_M1_SKILL_04"",""OB_REVIEW_ML_01_EV_APP0121_SECOND_INTERVIEW_VALUES_BEHAVIOR_INTERVIEW_M1_SKILL_05"",""OB_REVIEW_HM_01_EV_APP0121_SECOND_INTERVIEW_VALUES_BEHAVIOR_INTERVIEW_M1_SKILL_05""],""stage"":""SECOND_INTERVIEW""}"
APP0130_SECOND_INTERVIEW,APP0130,C0130,SECOND_INTERVIEW,2027-01-15T10:40:00+09:00,2027-01-16T10:40:00+09:00,2027-01-23T10:40:00+09:00,2027-01-23T12:25:00+09:00,2027-01-28T12:25:00+09:00,2027-02-01T12:25:00+09:00,,ADVANCED,BEHAVIOR_REVIEWED,,SYNTHETIC_HUMAN_SCENARIO,"{""criterion"":""BOTH_BEHAVIORAL_LIMITATIONS"",""human_rationale"":""단계 활동과 관찰을 검토하여 다음 판단으로 진행한다. 미관찰은 부족/탈락과 동일하지 않다."",""observation_refs"":[""OB_REVIEW_ML_01_EV_APP0130_SECOND_INTERVIEW_VALUES_BEHAVIOR_INTERVIEW_M1_SKILL_04"",""OB_REVIEW_HM_01_EV_APP0130_SECOND_INTERVIEW_VALUES_BEHAVIOR_INTERVIEW_M1_SKILL_04"",""OB_REVIEW_ML_01_EV_APP0130_SECOND_INTERVIEW_VALUES_BEHAVIOR_INTERVIEW_M1_SKILL_05"",""OB_REVIEW_HM_01_EV_APP0130_SECOND_INTERVIEW_VALUES_BEHAVIOR_INTERVIEW_M1_SKILL_05""],""stage"":""SECOND_INTERVIEW""}"
APP0140_SECOND_INTERVIEW,APP0140,C0140,SECOND_INTERVIEW,2027-01-16T10:40:00+09:00,2027-01-17T10:40:00+09:00,2027-01-27T10:40:00+09:00,2027-01-27T11:20:00+09:00,2027-01-29T11:20:00+09:00,2027-01-29T11:20:00+09:00,,ADVANCED,BEHAVIOR_REVIEWED,,SYNTHETIC_HUMAN_SCENARIO,"{""criterion"":""BOTH_BEHAVIORAL_LIMITATIONS"",""human_rationale"":""단계 활동과 관찰을 검토하여 다음 판단으로 진행한다. 미관찰은 부족/탈락과 동일하지 않다."",""observation_refs"":[""OB_REVIEW_ML_01_EV_APP0140_SECOND_INTERVIEW_VALUES_BEHAVIOR_INTERVIEW_M1_SKILL_04"",""OB_REVIEW_HM_01_EV_APP0140_SECOND_INTERVIEW_VALUES_BEHAVIOR_INTERVIEW_M1_SKILL_04"",""OB_REVIEW_ML_01_EV_APP0140_SECOND_INTERVIEW_VALUES_BEHAVIOR_INTERVIEW_M1_SKILL_05"",""OB_REVIEW_HM_01_EV_APP0140_SECOND_INTERVIEW_VALUES_BEHAVIOR_INTERVIEW_M1_SKILL_05""],""stage"":""SECOND_INTERVIEW""}"
APP0136_SECOND_INTERVIEW,APP0136,C0136,SECOND_INTERVIEW,2027-01-16T10:45:00+09:00,2027-01-17T10:45:00+09:00,2027-01-31T10:45:00+09:00,2027-01-31T11:35:00+09:00,2027-02-01T11:35:00+09:00,2027-02-02T11:35:00+09:00,,ADVANCED,BEHAVIOR_REVIEWED,,SYNTHETIC_HUMAN_SCENARIO,"{""criterion"":""BOTH_BEHAVIORAL_LIMITATIONS"",""human_rationale"":""단계 활동과 관찰을 검토하여 다음 판단으로 진행한다. 미관찰은 부족/탈락과 동일하지 않다."",""observation_refs"":[""OB_REVIEW_ML_01_EV_APP0136_SECOND_INTERVIEW_VALUES_BEHAVIOR_INTERVIEW_M1_SKILL_04"",""OB_REVIEW_HM_01_EV_APP0136_SECOND_INTERVIEW_VALUES_BEHAVIOR_INTERVIEW_M1_SKILL_04"",""OB_REVIEW_ML_01_EV_APP0136_SECOND_INTERVIEW_VALUES_BEHAVIOR_INTERVIEW_M1_SKILL_05"",""OB_REVIEW_HM_01_EV_APP0136_SECOND_INTERVIEW_VALUES_BEHAVIOR_INTERVIEW_M1_SKILL_05""],""stage"":""SECOND_INTERVIEW""}"
APP0146_SECOND_INTERVIEW,APP0146,C0146,SECOND_INTERVIEW,2027-01-16T10:50:00+09:00,2027-01-17T10:50:00+09:00,2027-01-27T10:50:00+09:00,2027-01-27T12:10:00+09:00,2027-01-30T12:10:00+09:00,2027-01-30T12:10:00+09:00,,ADVANCED,BEHAVIOR_REVIEWED,,SYNTHETIC_HUMAN_SCENARIO,"{""criterion"":""BOTH_BEHAVIORAL_LIMITATIONS"",""human_rationale"":""단계 활동과 관찰을 검토하여 다음 판단으로 진행한다. 미관찰은 부족/탈락과 동일하지 않다."",""observation_refs"":[""OB_REVIEW_ML_01_EV_APP0146_SECOND_INTERVIEW_VALUES_BEHAVIOR_INTERVIEW_M1_SKILL_04"",""OB_REVIEW_HM_01_EV_APP0146_SECOND_INTERVIEW_VALUES_BEHAVIOR_INTERVIEW_M1_SKILL_04"",""OB_REVIEW_ML_01_EV_APP0146_SECOND_INTERVIEW_VALUES_BEHAVIOR_INTERVIEW_M1_SKILL_05"",""OB_REVIEW_HM_01_EV_APP0146_SECOND_INTERVIEW_VALUES_BEHAVIOR_INTERVIEW_M1_SKILL_05""],""stage"":""SECOND_INTERVIEW""}"
APP0151_SECOND_INTERVIEW,APP0151,C0151,SECOND_INTERVIEW,2027-01-17T10:40:00+09:00,2027-01-18T10:40:00+09:00,2027-01-28T10:40:00+09:00,2027-01-28T11:20:00+09:00,2027-01-31T11:20:00+09:00,2027-02-01T11:20:00+09:00,,ADVANCED,BEHAVIOR_REVIEWED,,SYNTHETIC_HUMAN_SCENARIO,"{""criterion"":""BOTH_BEHAVIORAL_LIMITATIONS"",""human_rationale"":""단계 활동과 관찰을 검토하여 다음 판단으로 진행한다. 미관찰은 부족/탈락과 동일하지 않다."",""observation_refs"":[""OB_REVIEW_ML_01_EV_APP0151_SECOND_INTERVIEW_VALUES_BEHAVIOR_INTERVIEW_M1_SKILL_04"",""OB_REVIEW_HM_01_EV_APP0151_SECOND_INTERVIEW_VALUES_BEHAVIOR_INTERVIEW_M1_SKILL_04"",""OB_REVIEW_ML_01_EV_APP0151_SECOND_INTERVIEW_VALUES_BEHAVIOR_INTERVIEW_M1_SKILL_05"",""OB_REVIEW_HM_01_EV_APP0151_SECOND_INTERVIEW_VALUES_BEHAVIOR_INTERVIEW_M1_SKILL_05""],""stage"":""SECOND_INTERVIEW""}"
APP0141_SECOND_INTERVIEW,APP0141,C0141,SECOND_INTERVIEW,2027-01-17T10:50:00+09:00,2027-01-18T10:50:00+09:00,2027-02-01T10:50:00+09:00,2027-02-01T11:30:00+09:00,2027-02-03T11:30:00+09:00,2027-02-05T11:30:00+09:00,,ADVANCED,BEHAVIOR_REVIEWED,,SYNTHETIC_HUMAN_SCENARIO,"{""criterion"":""BOTH_BEHAVIORAL_LIMITATIONS"",""human_rationale"":""단계 활동과 관찰을 검토하여 다음 판단으로 진행한다. 미관찰은 부족/탈락과 동일하지 않다."",""observation_refs"":[""OB_REVIEW_ML_01_EV_APP0141_SECOND_INTERVIEW_VALUES_BEHAVIOR_INTERVIEW_M1_SKILL_04"",""OB_REVIEW_HM_01_EV_APP0141_SECOND_INTERVIEW_VALUES_BEHAVIOR_INTERVIEW_M1_SKILL_04"",""OB_REVIEW_ML_01_EV_APP0141_SECOND_INTERVIEW_VALUES_BEHAVIOR_INTERVIEW_M1_SKILL_05"",""OB_REVIEW_HM_01_EV_APP0141_SECOND_INTERVIEW_VALUES_BEHAVIOR_INTERVIEW_M1_SKILL_05""],""stage"":""SECOND_INTERVIEW""}"
APP0155_SECOND_INTERVIEW,APP0155,C0155,SECOND_INTERVIEW,2027-01-18T10:30:00+09:00,2027-01-19T10:30:00+09:00,2027-01-29T10:30:00+09:00,2027-01-29T12:15:00+09:00,2027-01-30T12:15:00+09:00,2027-01-30T12:15:00+09:00,,ADVANCED,BEHAVIOR_REVIEWED,,SYNTHETIC_HUMAN_SCENARIO,"{""criterion"":""BOTH_BEHAVIORAL_LIMITATIONS"",""human_rationale"":""단계 활동과 관찰을 검토하여 다음 판단으로 진행한다. 미관찰은 부족/탈락과 동일하지 않다."",""observation_refs"":[""OB_REVIEW_ML_01_EV_APP0155_SECOND_INTERVIEW_VALUES_BEHAVIOR_INTERVIEW_M1_SKILL_04"",""OB_REVIEW_HM_01_EV_APP0155_SECOND_INTERVIEW_VALUES_BEHAVIOR_INTERVIEW_M1_SKILL_04"",""OB_REVIEW_ML_01_EV_APP0155_SECOND_INTERVIEW_VALUES_BEHAVIOR_INTERVIEW_M1_SKILL_05"",""OB_REVIEW_HM_01_EV_APP0155_SECOND_INTERVIEW_VALUES_BEHAVIOR_INTERVIEW_M1_SKILL_05""],""stage"":""SECOND_INTERVIEW""}"
APP0148_SECOND_INTERVIEW,APP0148,C0148,SECOND_INTERVIEW,2027-01-18T10:40:00+09:00,2027-01-19T10:40:00+09:00,2027-01-29T10:40:00+09:00,2027-01-29T13:15:00+09:00,2027-02-03T13:15:00+09:00,2027-02-07T13:15:00+09:00,,ADVANCED,BEHAVIOR_REVIEWED,,SYNTHETIC_HUMAN_SCENARIO,"{""criterion"":""BOTH_BEHAVIORAL_LIMITATIONS"",""human_rationale"":""단계 활동과 관찰을 검토하여 다음 판단으로 진행한다. 미관찰은 부족/탈락과 동일하지 않다."",""observation_refs"":[""OB_REVIEW_ML_01_EV_APP0148_SECOND_INTERVIEW_VALUES_BEHAVIOR_INTERVIEW_M1_SKILL_04"",""OB_REVIEW_HM_01_EV_APP0148_SECOND_INTERVIEW_VALUES_BEHAVIOR_INTERVIEW_M1_SKILL_04"",""OB_REVIEW_ML_01_EV_APP0148_SECOND_INTERVIEW_VALUES_BEHAVIOR_INTERVIEW_M1_SKILL_05"",""OB_REVIEW_HM_01_EV_APP0148_SECOND_INTERVIEW_VALUES_BEHAVIOR_INTERVIEW_M1_SKILL_05""],""stage"":""SECOND_INTERVIEW""}"
APP0134_SECOND_INTERVIEW,APP0134,C0134,SECOND_INTERVIEW,2027-01-18T10:45:00+09:00,2027-01-19T10:45:00+09:00,2027-01-26T10:45:00+09:00,2027-01-26T13:00:00+09:00,2027-01-28T13:00:00+09:00,2027-01-29T13:00:00+09:00,,ADVANCED,BEHAVIOR_REVIEWED,,SYNTHETIC_HUMAN_SCENARIO,"{""criterion"":""BOTH_BEHAVIORAL_LIMITATIONS"",""human_rationale"":""단계 활동과 관찰을 검토하여 다음 판단으로 진행한다. 미관찰은 부족/탈락과 동일하지 않다."",""observation_refs"":[""OB_REVIEW_ML_01_EV_APP0134_SECOND_INTERVIEW_VALUES_BEHAVIOR_INTERVIEW_M1_SKILL_04"",""OB_REVIEW_HM_01_EV_APP0134_SECOND_INTERVIEW_VALUES_BEHAVIOR_INTERVIEW_M1_SKILL_04"",""OB_REVIEW_ML_01_EV_APP0134_SECOND_INTERVIEW_VALUES_BEHAVIOR_INTERVIEW_M1_SKILL_05"",""OB_REVIEW_HM_01_EV_APP0134_SECOND_INTERVIEW_VALUES_BEHAVIOR_INTERVIEW_M1_SKILL_05""],""stage"":""SECOND_INTERVIEW""}"
APP0149_SECOND_INTERVIEW,APP0149,C0149,SECOND_INTERVIEW,2027-01-18T10:45:00+09:00,2027-01-19T10:45:00+09:00,2027-01-29T10:45:00+09:00,2027-01-29T14:05:00+09:00,2027-01-30T14:05:00+09:00,2027-02-03T14:05:00+09:00,,ADVANCED,BEHAVIOR_REVIEWED,,SYNTHETIC_HUMAN_SCENARIO,"{""criterion"":""BOTH_BEHAVIORAL_LIMITATIONS"",""human_rationale"":""단계 활동과 관찰을 검토하여 다음 판단으로 진행한다. 미관찰은 부족/탈락과 동일하지 않다."",""observation_refs"":[""OB_REVIEW_ML_01_EV_APP0149_SECOND_INTERVIEW_VALUES_BEHAVIOR_INTERVIEW_M1_SKILL_04"",""OB_REVIEW_HM_01_EV_APP0149_SECOND_INTERVIEW_VALUES_BEHAVIOR_INTERVIEW_M1_SKILL_04"",""OB_REVIEW_ML_01_EV_APP0149_SECOND_INTERVIEW_VALUES_BEHAVIOR_INTERVIEW_M1_SKILL_05"",""OB_REVIEW_HM_01_EV_APP0149_SECOND_INTERVIEW_VALUES_BEHAVIOR_INTERVIEW_M1_SKILL_05""],""stage"":""SECOND_INTERVIEW""}"
APP0135_SECOND_INTERVIEW,APP0135,C0135,SECOND_INTERVIEW,2027-01-19T10:55:00+09:00,2027-01-20T10:55:00+09:00,2027-01-27T10:55:00+09:00,2027-01-27T13:00:00+09:00,2027-01-29T13:00:00+09:00,2027-01-31T13:00:00+09:00,,ADVANCED,BEHAVIOR_REVIEWED,,SYNTHETIC_HUMAN_SCENARIO,"{""criterion"":""BOTH_BEHAVIORAL_LIMITATIONS"",""human_rationale"":""단계 활동과 관찰을 검토하여 다음 판단으로 진행한다. 미관찰은 부족/탈락과 동일하지 않다."",""observation_refs"":[""OB_REVIEW_ML_01_EV_APP0135_SECOND_INTERVIEW_VALUES_BEHAVIOR_INTERVIEW_M1_SKILL_04"",""OB_REVIEW_HM_01_EV_APP0135_SECOND_INTERVIEW_VALUES_BEHAVIOR_INTERVIEW_M1_SKILL_04"",""OB_REVIEW_ML_01_EV_APP0135_SECOND_INTERVIEW_VALUES_BEHAVIOR_INTERVIEW_M1_SKILL_05"",""OB_REVIEW_HM_01_EV_APP0135_SECOND_INTERVIEW_VALUES_BEHAVIOR_INTERVIEW_M1_SKILL_05""],""stage"":""SECOND_INTERVIEW""}"
APP0152_SECOND_INTERVIEW,APP0152,C0152,SECOND_INTERVIEW,2027-01-19T10:55:00+09:00,2027-01-20T10:55:00+09:00,2027-01-30T10:55:00+09:00,2027-01-30T12:30:00+09:00,2027-02-02T12:30:00+09:00,2027-02-06T12:30:00+09:00,,ADVANCED,BEHAVIOR_REVIEWED,,SYNTHETIC_HUMAN_SCENARIO,"{""criterion"":""BOTH_BEHAVIORAL_LIMITATIONS"",""human_rationale"":""단계 활동과 관찰을 검토하여 다음 판단으로 진행한다. 미관찰은 부족/탈락과 동일하지 않다."",""observation_refs"":[""OB_REVIEW_ML_01_EV_APP0152_SECOND_INTERVIEW_VALUES_BEHAVIOR_INTERVIEW_M1_SKILL_04"",""OB_REVIEW_HM_01_EV_APP0152_SECOND_INTERVIEW_VALUES_BEHAVIOR_INTERVIEW_M1_SKILL_04"",""OB_REVIEW_ML_01_EV_APP0152_SECOND_INTERVIEW_VALUES_BEHAVIOR_INTERVIEW_M1_SKILL_05"",""OB_REVIEW_HM_01_EV_APP0152_SECOND_INTERVIEW_VALUES_BEHAVIOR_INTERVIEW_M1_SKILL_05""],""stage"":""SECOND_INTERVIEW""}"
APP0159_SECOND_INTERVIEW,APP0159,C0159,SECOND_INTERVIEW,2027-01-20T10:45:00+09:00,2027-01-21T10:45:00+09:00,2027-02-04T10:45:00+09:00,2027-02-04T11:45:00+09:00,2027-02-05T11:45:00+09:00,2027-02-07T11:45:00+09:00,,ADVANCED,BEHAVIOR_REVIEWED,,SYNTHETIC_HUMAN_SCENARIO,"{""criterion"":""BOTH_BEHAVIORAL_LIMITATIONS"",""human_rationale"":""단계 활동과 관찰을 검토하여 다음 판단으로 진행한다. 미관찰은 부족/탈락과 동일하지 않다."",""observation_refs"":[""OB_REVIEW_ML_01_EV_APP0159_SECOND_INTERVIEW_VALUES_BEHAVIOR_INTERVIEW_M1_SKILL_04"",""OB_REVIEW_HM_01_EV_APP0159_SECOND_INTERVIEW_VALUES_BEHAVIOR_INTERVIEW_M1_SKILL_04"",""OB_REVIEW_ML_01_EV_APP0159_SECOND_INTERVIEW_VALUES_BEHAVIOR_INTERVIEW_M1_SKILL_05"",""OB_REVIEW_HM_01_EV_APP0159_SECOND_INTERVIEW_VALUES_BEHAVIOR_INTERVIEW_M1_SKILL_05""],""stage"":""SECOND_INTERVIEW""}"
APP0150_SECOND_INTERVIEW,APP0150,C0150,SECOND_INTERVIEW,2027-01-20T10:50:00+09:00,2027-01-21T10:50:00+09:00,2027-01-28T10:50:00+09:00,2027-01-28T12:20:00+09:00,2027-01-31T12:20:00+09:00,2027-02-04T12:20:00+09:00,,ADVANCED,BEHAVIOR_REVIEWED,,SYNTHETIC_HUMAN_SCENARIO,"{""criterion"":""BOTH_BEHAVIORAL_LIMITATIONS"",""human_rationale"":""단계 활동과 관찰을 검토하여 다음 판단으로 진행한다. 미관찰은 부족/탈락과 동일하지 않다."",""observation_refs"":[""OB_REVIEW_ML_01_EV_APP0150_SECOND_INTERVIEW_VALUES_BEHAVIOR_INTERVIEW_M1_SKILL_04"",""OB_REVIEW_HM_01_EV_APP0150_SECOND_INTERVIEW_VALUES_BEHAVIOR_INTERVIEW_M1_SKILL_04"",""OB_REVIEW_ML_01_EV_APP0150_SECOND_INTERVIEW_VALUES_BEHAVIOR_INTERVIEW_M1_SKILL_05"",""OB_REVIEW_HM_01_EV_APP0150_SECOND_INTERVIEW_VALUES_BEHAVIOR_INTERVIEW_M1_SKILL_05""],""stage"":""SECOND_INTERVIEW""}"
APP0163_SECOND_INTERVIEW,APP0163,C0163,SECOND_INTERVIEW,2027-01-21T10:25:00+09:00,2027-01-22T10:25:00+09:00,2027-02-05T10:25:00+09:00,2027-02-05T11:25:00+09:00,2027-02-10T11:25:00+09:00,2027-02-12T11:25:00+09:00,,ADVANCED,BEHAVIOR_REVIEWED,,SYNTHETIC_HUMAN_SCENARIO,"{""criterion"":""BOTH_BEHAVIORAL_LIMITATIONS"",""human_rationale"":""단계 활동과 관찰을 검토하여 다음 판단으로 진행한다. 미관찰은 부족/탈락과 동일하지 않다."",""observation_refs"":[""OB_REVIEW_ML_01_EV_APP0163_SECOND_INTERVIEW_VALUES_BEHAVIOR_INTERVIEW_M1_SKILL_04"",""OB_REVIEW_HM_01_EV_APP0163_SECOND_INTERVIEW_VALUES_BEHAVIOR_INTERVIEW_M1_SKILL_04"",""OB_REVIEW_ML_01_EV_APP0163_SECOND_INTERVIEW_VALUES_BEHAVIOR_INTERVIEW_M1_SKILL_05"",""OB_REVIEW_HM_01_EV_APP0163_SECOND_INTERVIEW_VALUES_BEHAVIOR_INTERVIEW_M1_SKILL_05""],""stage"":""SECOND_INTERVIEW""}"
APP0131_SECOND_INTERVIEW,APP0131,C0131,SECOND_INTERVIEW,2027-01-21T10:35:00+09:00,2027-01-22T10:35:00+09:00,2027-02-01T10:35:00+09:00,2027-02-01T12:10:00+09:00,2027-02-02T12:10:00+09:00,2027-02-03T12:10:00+09:00,,ADVANCED,BEHAVIOR_REVIEWED,,SYNTHETIC_HUMAN_SCENARIO,"{""criterion"":""BOTH_BEHAVIORAL_LIMITATIONS"",""human_rationale"":""단계 활동과 관찰을 검토하여 다음 판단으로 진행한다. 미관찰은 부족/탈락과 동일하지 않다."",""observation_refs"":[""OB_REVIEW_ML_01_EV_APP0131_SECOND_INTERVIEW_VALUES_BEHAVIOR_INTERVIEW_M1_SKILL_04"",""OB_REVIEW_HM_01_EV_APP0131_SECOND_INTERVIEW_VALUES_BEHAVIOR_INTERVIEW_M1_SKILL_04"",""OB_REVIEW_ML_01_EV_APP0131_SECOND_INTERVIEW_VALUES_BEHAVIOR_INTERVIEW_M1_SKILL_05"",""OB_REVIEW_HM_01_EV_APP0131_SECOND_INTERVIEW_VALUES_BEHAVIOR_INTERVIEW_M1_SKILL_05""],""stage"":""SECOND_INTERVIEW""}"
APP0161_SECOND_INTERVIEW,APP0161,C0161,SECOND_INTERVIEW,2027-01-21T10:45:00+09:00,2027-01-22T10:45:00+09:00,2027-02-01T10:45:00+09:00,2027-02-01T13:10:00+09:00,2027-02-03T13:10:00+09:00,2027-02-05T13:10:00+09:00,,ADVANCED,BEHAVIOR_REVIEWED,,SYNTHETIC_HUMAN_SCENARIO,"{""criterion"":""BOTH_BEHAVIORAL_LIMITATIONS"",""human_rationale"":""단계 활동과 관찰을 검토하여 다음 판단으로 진행한다. 미관찰은 부족/탈락과 동일하지 않다."",""observation_refs"":[""OB_REVIEW_ML_01_EV_APP0161_SECOND_INTERVIEW_VALUES_BEHAVIOR_INTERVIEW_M1_SKILL_04"",""OB_REVIEW_HM_01_EV_APP0161_SECOND_INTERVIEW_VALUES_BEHAVIOR_INTERVIEW_M1_SKILL_04"",""OB_REVIEW_ML_01_EV_APP0161_SECOND_INTERVIEW_VALUES_BEHAVIOR_INTERVIEW_M1_SKILL_05"",""OB_REVIEW_HM_01_EV_APP0161_SECOND_INTERVIEW_VALUES_BEHAVIOR_INTERVIEW_M1_SKILL_05""],""stage"":""SECOND_INTERVIEW""}"
APP0164_SECOND_INTERVIEW,APP0164,C0164,SECOND_INTERVIEW,2027-01-21T10:45:00+09:00,2027-01-22T10:45:00+09:00,2027-01-29T10:45:00+09:00,2027-01-29T15:05:00+09:00,2027-02-01T15:05:00+09:00,2027-02-01T15:05:00+09:00,,ADVANCED,BEHAVIOR_REVIEWED,,SYNTHETIC_HUMAN_SCENARIO,"{""criterion"":""BOTH_BEHAVIORAL_LIMITATIONS"",""human_rationale"":""단계 활동과 관찰을 검토하여 다음 판단으로 진행한다. 미관찰은 부족/탈락과 동일하지 않다."",""observation_refs"":[""OB_REVIEW_ML_01_EV_APP0164_SECOND_INTERVIEW_VALUES_BEHAVIOR_INTERVIEW_M1_SKILL_04"",""OB_REVIEW_HM_01_EV_APP0164_SECOND_INTERVIEW_VALUES_BEHAVIOR_INTERVIEW_M1_SKILL_04"",""OB_REVIEW_ML_01_EV_APP0164_SECOND_INTERVIEW_VALUES_BEHAVIOR_INTERVIEW_M1_SKILL_05"",""OB_REVIEW_HM_01_EV_APP0164_SECOND_INTERVIEW_VALUES_BEHAVIOR_INTERVIEW_M1_SKILL_05""],""stage"":""SECOND_INTERVIEW""}"
APP0154_SECOND_INTERVIEW,APP0154,C0154,SECOND_INTERVIEW,2027-01-21T10:50:00+09:00,2027-01-22T10:50:00+09:00,2027-01-29T10:50:00+09:00,2027-01-29T15:55:00+09:00,2027-02-01T15:55:00+09:00,2027-02-05T15:55:00+09:00,,ADVANCED,BEHAVIOR_REVIEWED,,SYNTHETIC_HUMAN_SCENARIO,"{""criterion"":""BOTH_BEHAVIORAL_LIMITATIONS"",""human_rationale"":""단계 활동과 관찰을 검토하여 다음 판단으로 진행한다. 미관찰은 부족/탈락과 동일하지 않다."",""observation_refs"":[""OB_REVIEW_ML_01_EV_APP0154_SECOND_INTERVIEW_VALUES_BEHAVIOR_INTERVIEW_M1_SKILL_04"",""OB_REVIEW_HM_01_EV_APP0154_SECOND_INTERVIEW_VALUES_BEHAVIOR_INTERVIEW_M1_SKILL_04"",""OB_REVIEW_ML_01_EV_APP0154_SECOND_INTERVIEW_VALUES_BEHAVIOR_INTERVIEW_M1_SKILL_05"",""OB_REVIEW_HM_01_EV_APP0154_SECOND_INTERVIEW_VALUES_BEHAVIOR_INTERVIEW_M1_SKILL_05""],""stage"":""SECOND_INTERVIEW""}"
APP0153_SECOND_INTERVIEW,APP0153,C0153,SECOND_INTERVIEW,2027-01-22T10:50:00+09:00,2027-01-23T10:50:00+09:00,2027-01-30T10:50:00+09:00,,,,2027-01-25T10:50:00+09:00,WITHDRAWN,,UNKNOWN,,
APP0175_SECOND_INTERVIEW,APP0175,C0175,SECOND_INTERVIEW,2027-01-22T10:50:00+09:00,2027-01-23T10:50:00+09:00,2027-01-30T10:50:00+09:00,2027-01-30T13:30:00+09:00,2027-01-31T13:30:00+09:00,2027-02-01T13:30:00+09:00,,ADVANCED,BEHAVIOR_REVIEWED,,SYNTHETIC_HUMAN_SCENARIO,"{""criterion"":""BOTH_BEHAVIORAL_LIMITATIONS"",""human_rationale"":""단계 활동과 관찰을 검토하여 다음 판단으로 진행한다. 미관찰은 부족/탈락과 동일하지 않다."",""observation_refs"":[""OB_REVIEW_ML_01_EV_APP0175_SECOND_INTERVIEW_VALUES_BEHAVIOR_INTERVIEW_M1_SKILL_04"",""OB_REVIEW_HM_01_EV_APP0175_SECOND_INTERVIEW_VALUES_BEHAVIOR_INTERVIEW_M1_SKILL_04"",""OB_REVIEW_ML_01_EV_APP0175_SECOND_INTERVIEW_VALUES_BEHAVIOR_INTERVIEW_M1_SKILL_05"",""OB_REVIEW_HM_01_EV_APP0175_SECOND_INTERVIEW_VALUES_BEHAVIOR_INTERVIEW_M1_SKILL_05""],""stage"":""SECOND_INTERVIEW""}"
APP0162_SECOND_INTERVIEW,APP0162,C0162,SECOND_INTERVIEW,2027-01-24T10:35:00+09:00,2027-01-25T10:35:00+09:00,2027-02-04T10:35:00+09:00,2027-02-04T12:45:00+09:00,2027-02-09T12:45:00+09:00,2027-02-10T12:45:00+09:00,,ADVANCED,BEHAVIOR_REVIEWED,,SYNTHETIC_HUMAN_SCENARIO,"{""criterion"":""BOTH_BEHAVIORAL_LIMITATIONS"",""human_rationale"":""단계 활동과 관찰을 검토하여 다음 판단으로 진행한다. 미관찰은 부족/탈락과 동일하지 않다."",""observation_refs"":[""OB_REVIEW_ML_01_EV_APP0162_SECOND_INTERVIEW_VALUES_BEHAVIOR_INTERVIEW_M1_SKILL_04"",""OB_REVIEW_HM_01_EV_APP0162_SECOND_INTERVIEW_VALUES_BEHAVIOR_INTERVIEW_M1_SKILL_04"",""OB_REVIEW_ML_01_EV_APP0162_SECOND_INTERVIEW_VALUES_BEHAVIOR_INTERVIEW_M1_SKILL_05"",""OB_REVIEW_HM_01_EV_APP0162_SECOND_INTERVIEW_VALUES_BEHAVIOR_INTERVIEW_M1_SKILL_05""],""stage"":""SECOND_INTERVIEW""}"
APP0173_SECOND_INTERVIEW,APP0173,C0173,SECOND_INTERVIEW,2027-01-24T10:35:00+09:00,2027-01-25T10:35:00+09:00,2027-02-01T10:35:00+09:00,2027-02-01T14:00:00+09:00,2027-02-06T14:00:00+09:00,2027-02-10T14:00:00+09:00,,ADVANCED,BEHAVIOR_REVIEWED,,SYNTHETIC_HUMAN_SCENARIO,"{""criterion"":""BOTH_BEHAVIORAL_LIMITATIONS"",""human_rationale"":""단계 활동과 관찰을 검토하여 다음 판단으로 진행한다. 미관찰은 부족/탈락과 동일하지 않다."",""observation_refs"":[""OB_REVIEW_ML_01_EV_APP0173_SECOND_INTERVIEW_VALUES_BEHAVIOR_INTERVIEW_M1_SKILL_04"",""OB_REVIEW_HM_01_EV_APP0173_SECOND_INTERVIEW_VALUES_BEHAVIOR_INTERVIEW_M1_SKILL_04"",""OB_REVIEW_ML_01_EV_APP0173_SECOND_INTERVIEW_VALUES_BEHAVIOR_INTERVIEW_M1_SKILL_05"",""OB_REVIEW_HM_01_EV_APP0173_SECOND_INTERVIEW_VALUES_BEHAVIOR_INTERVIEW_M1_SKILL_05""],""stage"":""SECOND_INTERVIEW""}"
APP0176_SECOND_INTERVIEW,APP0176,C0176,SECOND_INTERVIEW,2027-01-24T10:35:00+09:00,2027-01-25T10:35:00+09:00,2027-02-01T10:35:00+09:00,2027-02-01T15:00:00+09:00,2027-02-04T15:00:00+09:00,2027-02-05T15:00:00+09:00,,ADVANCED,BEHAVIOR_REVIEWED,,SYNTHETIC_HUMAN_SCENARIO,"{""criterion"":""BOTH_BEHAVIORAL_LIMITATIONS"",""human_rationale"":""단계 활동과 관찰을 검토하여 다음 판단으로 진행한다. 미관찰은 부족/탈락과 동일하지 않다."",""observation_refs"":[""OB_REVIEW_ML_01_EV_APP0176_SECOND_INTERVIEW_VALUES_BEHAVIOR_INTERVIEW_M1_SKILL_04"",""OB_REVIEW_HM_01_EV_APP0176_SECOND_INTERVIEW_VALUES_BEHAVIOR_INTERVIEW_M1_SKILL_04"",""OB_REVIEW_ML_01_EV_APP0176_SECOND_INTERVIEW_VALUES_BEHAVIOR_INTERVIEW_M1_SKILL_05"",""OB_REVIEW_HM_01_EV_APP0176_SECOND_INTERVIEW_VALUES_BEHAVIOR_INTERVIEW_M1_SKILL_05""],""stage"":""SECOND_INTERVIEW""}"
APP0194_SECOND_INTERVIEW,APP0194,C0194,SECOND_INTERVIEW,2027-01-24T10:35:00+09:00,2027-01-25T10:35:00+09:00,2027-02-04T10:35:00+09:00,2027-02-04T13:35:00+09:00,2027-02-06T13:35:00+09:00,2027-02-07T13:35:00+09:00,,ADVANCED,BEHAVIOR_REVIEWED,,SYNTHETIC_HUMAN_SCENARIO,"{""criterion"":""BOTH_BEHAVIORAL_LIMITATIONS"",""human_rationale"":""단계 활동과 관찰을 검토하여 다음 판단으로 진행한다. 미관찰은 부족/탈락과 동일하지 않다."",""observation_refs"":[""OB_REVIEW_ML_01_EV_APP0194_SECOND_INTERVIEW_VALUES_BEHAVIOR_INTERVIEW_M1_SKILL_04"",""OB_REVIEW_HM_01_EV_APP0194_SECOND_INTERVIEW_VALUES_BEHAVIOR_INTERVIEW_M1_SKILL_04"",""OB_REVIEW_ML_01_EV_APP0194_SECOND_INTERVIEW_VALUES_BEHAVIOR_INTERVIEW_M1_SKILL_05"",""OB_REVIEW_HM_01_EV_APP0194_SECOND_INTERVIEW_VALUES_BEHAVIOR_INTERVIEW_M1_SKILL_05""],""stage"":""SECOND_INTERVIEW""}"
APP0170_SECOND_INTERVIEW,APP0170,C0170,SECOND_INTERVIEW,2027-01-24T10:40:00+09:00,2027-01-25T10:40:00+09:00,2027-02-08T10:40:00+09:00,2027-02-08T11:20:00+09:00,2027-02-09T11:20:00+09:00,2027-02-09T11:20:00+09:00,,ADVANCED,BEHAVIOR_REVIEWED,,SYNTHETIC_HUMAN_SCENARIO,"{""criterion"":""BOTH_BEHAVIORAL_LIMITATIONS"",""human_rationale"":""단계 활동과 관찰을 검토하여 다음 판단으로 진행한다. 미관찰은 부족/탈락과 동일하지 않다."",""observation_refs"":[""OB_REVIEW_ML_01_EV_APP0170_SECOND_INTERVIEW_VALUES_BEHAVIOR_INTERVIEW_M1_SKILL_04"",""OB_REVIEW_HM_01_EV_APP0170_SECOND_INTERVIEW_VALUES_BEHAVIOR_INTERVIEW_M1_SKILL_04"",""OB_REVIEW_ML_01_EV_APP0170_SECOND_INTERVIEW_VALUES_BEHAVIOR_INTERVIEW_M1_SKILL_05"",""OB_REVIEW_HM_01_EV_APP0170_SECOND_INTERVIEW_VALUES_BEHAVIOR_INTERVIEW_M1_SKILL_05""],""stage"":""SECOND_INTERVIEW""}"
APP0189_SECOND_INTERVIEW,APP0189,C0189,SECOND_INTERVIEW,2027-01-24T10:40:00+09:00,2027-01-25T10:40:00+09:00,2027-02-04T10:40:00+09:00,2027-02-04T14:35:00+09:00,2027-02-06T14:35:00+09:00,2027-02-10T14:35:00+09:00,,ADVANCED,BEHAVIOR_REVIEWED,,SYNTHETIC_HUMAN_SCENARIO,"{""criterion"":""BOTH_BEHAVIORAL_LIMITATIONS"",""human_rationale"":""단계 활동과 관찰을 검토하여 다음 판단으로 진행한다. 미관찰은 부족/탈락과 동일하지 않다."",""observation_refs"":[""OB_REVIEW_ML_01_EV_APP0189_SECOND_INTERVIEW_VALUES_BEHAVIOR_INTERVIEW_M1_SKILL_04"",""OB_REVIEW_HM_01_EV_APP0189_SECOND_INTERVIEW_VALUES_BEHAVIOR_INTERVIEW_M1_SKILL_04"",""OB_REVIEW_ML_01_EV_APP0189_SECOND_INTERVIEW_VALUES_BEHAVIOR_INTERVIEW_M1_SKILL_05"",""OB_REVIEW_HM_01_EV_APP0189_SECOND_INTERVIEW_VALUES_BEHAVIOR_INTERVIEW_M1_SKILL_05""],""stage"":""SECOND_INTERVIEW""}"
APP0167_SECOND_INTERVIEW,APP0167,C0167,SECOND_INTERVIEW,2027-01-24T10:55:00+09:00,2027-01-25T10:55:00+09:00,2027-02-04T10:55:00+09:00,2027-02-04T15:35:00+09:00,2027-02-07T15:35:00+09:00,2027-02-07T15:35:00+09:00,,ADVANCED,BEHAVIOR_REVIEWED,,SYNTHETIC_HUMAN_SCENARIO,"{""criterion"":""BOTH_BEHAVIORAL_LIMITATIONS"",""human_rationale"":""단계 활동과 관찰을 검토하여 다음 판단으로 진행한다. 미관찰은 부족/탈락과 동일하지 않다."",""observation_refs"":[""OB_REVIEW_ML_01_EV_APP0167_SECOND_INTERVIEW_VALUES_BEHAVIOR_INTERVIEW_M1_SKILL_04"",""OB_REVIEW_HM_01_EV_APP0167_SECOND_INTERVIEW_VALUES_BEHAVIOR_INTERVIEW_M1_SKILL_04"",""OB_REVIEW_ML_01_EV_APP0167_SECOND_INTERVIEW_VALUES_BEHAVIOR_INTERVIEW_M1_SKILL_05"",""OB_REVIEW_HM_01_EV_APP0167_SECOND_INTERVIEW_VALUES_BEHAVIOR_INTERVIEW_M1_SKILL_05""],""stage"":""SECOND_INTERVIEW""}"
APP0199_SECOND_INTERVIEW,APP0199,C0199,SECOND_INTERVIEW,2027-01-25T10:35:00+09:00,2027-01-26T10:35:00+09:00,2027-02-05T10:35:00+09:00,2027-02-05T12:15:00+09:00,2027-02-06T12:15:00+09:00,2027-02-10T12:15:00+09:00,,ADVANCED,BEHAVIOR_REVIEWED,,SYNTHETIC_HUMAN_SCENARIO,"{""criterion"":""BOTH_BEHAVIORAL_LIMITATIONS"",""human_rationale"":""단계 활동과 관찰을 검토하여 다음 판단으로 진행한다. 미관찰은 부족/탈락과 동일하지 않다."",""observation_refs"":[""OB_REVIEW_ML_01_EV_APP0199_SECOND_INTERVIEW_VALUES_BEHAVIOR_INTERVIEW_M1_SKILL_04"",""OB_REVIEW_HM_01_EV_APP0199_SECOND_INTERVIEW_VALUES_BEHAVIOR_INTERVIEW_M1_SKILL_04"",""OB_REVIEW_ML_01_EV_APP0199_SECOND_INTERVIEW_VALUES_BEHAVIOR_INTERVIEW_M1_SKILL_05"",""OB_REVIEW_HM_01_EV_APP0199_SECOND_INTERVIEW_VALUES_BEHAVIOR_INTERVIEW_M1_SKILL_05""],""stage"":""SECOND_INTERVIEW""}"
APP0182_SECOND_INTERVIEW,APP0182,C0182,SECOND_INTERVIEW,2027-01-25T10:40:00+09:00,2027-01-26T10:40:00+09:00,2027-02-09T10:40:00+09:00,2027-02-09T11:40:00+09:00,2027-02-14T11:40:00+09:00,2027-02-15T11:40:00+09:00,,ADVANCED,BEHAVIOR_REVIEWED,,SYNTHETIC_HUMAN_SCENARIO,"{""criterion"":""BOTH_BEHAVIORAL_LIMITATIONS"",""human_rationale"":""단계 활동과 관찰을 검토하여 다음 판단으로 진행한다. 미관찰은 부족/탈락과 동일하지 않다."",""observation_refs"":[""OB_REVIEW_ML_01_EV_APP0182_SECOND_INTERVIEW_VALUES_BEHAVIOR_INTERVIEW_M1_SKILL_04"",""OB_REVIEW_HM_01_EV_APP0182_SECOND_INTERVIEW_VALUES_BEHAVIOR_INTERVIEW_M1_SKILL_04"",""OB_REVIEW_ML_01_EV_APP0182_SECOND_INTERVIEW_VALUES_BEHAVIOR_INTERVIEW_M1_SKILL_05"",""OB_REVIEW_HM_01_EV_APP0182_SECOND_INTERVIEW_VALUES_BEHAVIOR_INTERVIEW_M1_SKILL_05""],""stage"":""SECOND_INTERVIEW""}"
APP0166_SECOND_INTERVIEW,APP0166,C0166,SECOND_INTERVIEW,2027-01-26T10:25:00+09:00,2027-01-27T10:25:00+09:00,2027-02-10T10:25:00+09:00,2027-02-10T11:25:00+09:00,2027-02-12T11:25:00+09:00,2027-02-13T11:25:00+09:00,,ADVANCED,BEHAVIOR_REVIEWED,,SYNTHETIC_HUMAN_SCENARIO,"{""criterion"":""BOTH_BEHAVIORAL_LIMITATIONS"",""human_rationale"":""단계 활동과 관찰을 검토하여 다음 판단으로 진행한다. 미관찰은 부족/탈락과 동일하지 않다."",""observation_refs"":[""OB_REVIEW_ML_01_EV_APP0166_SECOND_INTERVIEW_VALUES_BEHAVIOR_INTERVIEW_M1_SKILL_04"",""OB_REVIEW_HM_01_EV_APP0166_SECOND_INTERVIEW_VALUES_BEHAVIOR_INTERVIEW_M1_SKILL_04"",""OB_REVIEW_ML_01_EV_APP0166_SECOND_INTERVIEW_VALUES_BEHAVIOR_INTERVIEW_M1_SKILL_05"",""OB_REVIEW_HM_01_EV_APP0166_SECOND_INTERVIEW_VALUES_BEHAVIOR_INTERVIEW_M1_SKILL_05""],""stage"":""SECOND_INTERVIEW""}"
APP0193_SECOND_INTERVIEW,APP0193,C0193,SECOND_INTERVIEW,2027-01-26T10:50:00+09:00,2027-01-27T10:50:00+09:00,2027-02-06T10:50:00+09:00,2027-02-06T11:50:00+09:00,2027-02-07T11:50:00+09:00,2027-02-09T11:50:00+09:00,,ADVANCED,BEHAVIOR_REVIEWED,,SYNTHETIC_HUMAN_SCENARIO,"{""criterion"":""BOTH_BEHAVIORAL_LIMITATIONS"",""human_rationale"":""단계 활동과 관찰을 검토하여 다음 판단으로 진행한다. 미관찰은 부족/탈락과 동일하지 않다."",""observation_refs"":[""OB_REVIEW_ML_01_EV_APP0193_SECOND_INTERVIEW_VALUES_BEHAVIOR_INTERVIEW_M1_SKILL_04"",""OB_REVIEW_HM_01_EV_APP0193_SECOND_INTERVIEW_VALUES_BEHAVIOR_INTERVIEW_M1_SKILL_04"",""OB_REVIEW_ML_01_EV_APP0193_SECOND_INTERVIEW_VALUES_BEHAVIOR_INTERVIEW_M1_SKILL_05"",""OB_REVIEW_HM_01_EV_APP0193_SECOND_INTERVIEW_VALUES_BEHAVIOR_INTERVIEW_M1_SKILL_05""],""stage"":""SECOND_INTERVIEW""}"
APP0181_SECOND_INTERVIEW,APP0181,C0181,SECOND_INTERVIEW,2027-01-27T11:00:00+09:00,2027-01-28T11:00:00+09:00,2027-02-07T11:00:00+09:00,2027-02-07T11:40:00+09:00,2027-02-10T11:40:00+09:00,2027-02-11T11:40:00+09:00,,ADVANCED,BEHAVIOR_REVIEWED,,SYNTHETIC_HUMAN_SCENARIO,"{""criterion"":""BOTH_BEHAVIORAL_LIMITATIONS"",""human_rationale"":""단계 활동과 관찰을 검토하여 다음 판단으로 진행한다. 미관찰은 부족/탈락과 동일하지 않다."",""observation_refs"":[""OB_REVIEW_ML_01_EV_APP0181_SECOND_INTERVIEW_VALUES_BEHAVIOR_INTERVIEW_M1_SKILL_04"",""OB_REVIEW_HM_01_EV_APP0181_SECOND_INTERVIEW_VALUES_BEHAVIOR_INTERVIEW_M1_SKILL_04"",""OB_REVIEW_ML_01_EV_APP0181_SECOND_INTERVIEW_VALUES_BEHAVIOR_INTERVIEW_M1_SKILL_05"",""OB_REVIEW_HM_01_EV_APP0181_SECOND_INTERVIEW_VALUES_BEHAVIOR_INTERVIEW_M1_SKILL_05""],""stage"":""SECOND_INTERVIEW""}"
APP0186_SECOND_INTERVIEW,APP0186,C0186,SECOND_INTERVIEW,2027-01-27T11:00:00+09:00,2027-01-28T11:00:00+09:00,2027-02-07T11:00:00+09:00,2027-02-07T12:40:00+09:00,2027-02-09T12:40:00+09:00,2027-02-10T12:40:00+09:00,,ADVANCED,BEHAVIOR_REVIEWED,,SYNTHETIC_HUMAN_SCENARIO,"{""criterion"":""BOTH_BEHAVIORAL_LIMITATIONS"",""human_rationale"":""단계 활동과 관찰을 검토하여 다음 판단으로 진행한다. 미관찰은 부족/탈락과 동일하지 않다."",""observation_refs"":[""OB_REVIEW_ML_01_EV_APP0186_SECOND_INTERVIEW_VALUES_BEHAVIOR_INTERVIEW_M1_SKILL_04"",""OB_REVIEW_HM_01_EV_APP0186_SECOND_INTERVIEW_VALUES_BEHAVIOR_INTERVIEW_M1_SKILL_04"",""OB_REVIEW_ML_01_EV_APP0186_SECOND_INTERVIEW_VALUES_BEHAVIOR_INTERVIEW_M1_SKILL_05"",""OB_REVIEW_HM_01_EV_APP0186_SECOND_INTERVIEW_VALUES_BEHAVIOR_INTERVIEW_M1_SKILL_05""],""stage"":""SECOND_INTERVIEW""}"
APP0210_SECOND_INTERVIEW,APP0210,C0210,SECOND_INTERVIEW,2027-01-28T10:30:00+09:00,2027-01-29T10:30:00+09:00,2027-02-12T10:30:00+09:00,2027-02-12T11:20:00+09:00,2027-02-15T11:20:00+09:00,2027-02-17T11:20:00+09:00,,ADVANCED,BEHAVIOR_REVIEWED,,SYNTHETIC_HUMAN_SCENARIO,"{""criterion"":""BOTH_BEHAVIORAL_LIMITATIONS"",""human_rationale"":""단계 활동과 관찰을 검토하여 다음 판단으로 진행한다. 미관찰은 부족/탈락과 동일하지 않다."",""observation_refs"":[""OB_REVIEW_ML_01_EV_APP0210_SECOND_INTERVIEW_VALUES_BEHAVIOR_INTERVIEW_M1_SKILL_04"",""OB_REVIEW_HM_01_EV_APP0210_SECOND_INTERVIEW_VALUES_BEHAVIOR_INTERVIEW_M1_SKILL_04"",""OB_REVIEW_ML_01_EV_APP0210_SECOND_INTERVIEW_VALUES_BEHAVIOR_INTERVIEW_M1_SKILL_05"",""OB_REVIEW_HM_01_EV_APP0210_SECOND_INTERVIEW_VALUES_BEHAVIOR_INTERVIEW_M1_SKILL_05""],""stage"":""SECOND_INTERVIEW""}"
APP0209_SECOND_INTERVIEW,APP0209,C0209,SECOND_INTERVIEW,2027-01-28T10:40:00+09:00,2027-01-29T10:40:00+09:00,2027-02-12T10:40:00+09:00,2027-02-12T12:20:00+09:00,2027-02-14T12:20:00+09:00,2027-02-15T12:20:00+09:00,,ADVANCED,BEHAVIOR_REVIEWED,,SYNTHETIC_HUMAN_SCENARIO,"{""criterion"":""BOTH_BEHAVIORAL_LIMITATIONS"",""human_rationale"":""단계 활동과 관찰을 검토하여 다음 판단으로 진행한다. 미관찰은 부족/탈락과 동일하지 않다."",""observation_refs"":[""OB_REVIEW_ML_01_EV_APP0209_SECOND_INTERVIEW_VALUES_BEHAVIOR_INTERVIEW_M1_SKILL_04"",""OB_REVIEW_HM_01_EV_APP0209_SECOND_INTERVIEW_VALUES_BEHAVIOR_INTERVIEW_M1_SKILL_04"",""OB_REVIEW_ML_01_EV_APP0209_SECOND_INTERVIEW_VALUES_BEHAVIOR_INTERVIEW_M1_SKILL_05"",""OB_REVIEW_HM_01_EV_APP0209_SECOND_INTERVIEW_VALUES_BEHAVIOR_INTERVIEW_M1_SKILL_05""],""stage"":""SECOND_INTERVIEW""}"
APP0219_SECOND_INTERVIEW,APP0219,C0219,SECOND_INTERVIEW,2027-01-28T10:45:00+09:00,2027-01-29T10:45:00+09:00,2027-02-12T10:45:00+09:00,2027-02-12T13:20:00+09:00,2027-02-17T13:20:00+09:00,2027-02-18T13:20:00+09:00,,ADVANCED,BEHAVIOR_REVIEWED,,SYNTHETIC_HUMAN_SCENARIO,"{""criterion"":""BOTH_BEHAVIORAL_LIMITATIONS"",""human_rationale"":""단계 활동과 관찰을 검토하여 다음 판단으로 진행한다. 미관찰은 부족/탈락과 동일하지 않다."",""observation_refs"":[""OB_REVIEW_ML_01_EV_APP0219_SECOND_INTERVIEW_VALUES_BEHAVIOR_INTERVIEW_M1_SKILL_04"",""OB_REVIEW_HM_01_EV_APP0219_SECOND_INTERVIEW_VALUES_BEHAVIOR_INTERVIEW_M1_SKILL_04"",""OB_REVIEW_ML_01_EV_APP0219_SECOND_INTERVIEW_VALUES_BEHAVIOR_INTERVIEW_M1_SKILL_05"",""OB_REVIEW_HM_01_EV_APP0219_SECOND_INTERVIEW_VALUES_BEHAVIOR_INTERVIEW_M1_SKILL_05""],""stage"":""SECOND_INTERVIEW""}"
APP0188_SECOND_INTERVIEW,APP0188,C0188,SECOND_INTERVIEW,2027-01-29T10:40:00+09:00,2027-01-30T10:40:00+09:00,2027-02-06T10:40:00+09:00,,,,2027-02-01T10:40:00+09:00,WITHDRAWN,,UNKNOWN,,
APP0225_SECOND_INTERVIEW,APP0225,C0225,SECOND_INTERVIEW,2027-01-30T10:30:00+09:00,2027-01-31T10:30:00+09:00,2027-02-07T10:30:00+09:00,2027-02-07T13:30:00+09:00,2027-02-12T13:30:00+09:00,2027-02-13T13:30:00+09:00,,ADVANCED,BEHAVIOR_REVIEWED,,SYNTHETIC_HUMAN_SCENARIO,"{""criterion"":""BOTH_BEHAVIORAL_LIMITATIONS"",""human_rationale"":""단계 활동과 관찰을 검토하여 다음 판단으로 진행한다. 미관찰은 부족/탈락과 동일하지 않다."",""observation_refs"":[""OB_REVIEW_ML_01_EV_APP0225_SECOND_INTERVIEW_VALUES_BEHAVIOR_INTERVIEW_M1_SKILL_04"",""OB_REVIEW_HM_01_EV_APP0225_SECOND_INTERVIEW_VALUES_BEHAVIOR_INTERVIEW_M1_SKILL_04"",""OB_REVIEW_ML_01_EV_APP0225_SECOND_INTERVIEW_VALUES_BEHAVIOR_INTERVIEW_M1_SKILL_05"",""OB_REVIEW_HM_01_EV_APP0225_SECOND_INTERVIEW_VALUES_BEHAVIOR_INTERVIEW_M1_SKILL_05""],""stage"":""SECOND_INTERVIEW""}"
APP0230_SECOND_INTERVIEW,APP0230,C0230,SECOND_INTERVIEW,2027-01-30T10:50:00+09:00,2027-01-31T10:50:00+09:00,2027-02-07T10:50:00+09:00,2027-02-07T14:20:00+09:00,2027-02-12T14:20:00+09:00,2027-02-12T14:20:00+09:00,,ADVANCED,BEHAVIOR_REVIEWED,,SYNTHETIC_HUMAN_SCENARIO,"{""criterion"":""BOTH_BEHAVIORAL_LIMITATIONS"",""human_rationale"":""단계 활동과 관찰을 검토하여 다음 판단으로 진행한다. 미관찰은 부족/탈락과 동일하지 않다."",""observation_refs"":[""OB_REVIEW_ML_01_EV_APP0230_SECOND_INTERVIEW_VALUES_BEHAVIOR_INTERVIEW_M1_SKILL_04"",""OB_REVIEW_HM_01_EV_APP0230_SECOND_INTERVIEW_VALUES_BEHAVIOR_INTERVIEW_M1_SKILL_04"",""OB_REVIEW_ML_01_EV_APP0230_SECOND_INTERVIEW_VALUES_BEHAVIOR_INTERVIEW_M1_SKILL_05"",""OB_REVIEW_HM_01_EV_APP0230_SECOND_INTERVIEW_VALUES_BEHAVIOR_INTERVIEW_M1_SKILL_05""],""stage"":""SECOND_INTERVIEW""}"
APP0196_SECOND_INTERVIEW,APP0196,C0196,SECOND_INTERVIEW,2027-01-31T10:30:00+09:00,2027-02-01T10:30:00+09:00,2027-02-11T10:30:00+09:00,2027-02-11T11:30:00+09:00,2027-02-16T11:30:00+09:00,2027-02-16T11:30:00+09:00,,ADVANCED,BEHAVIOR_REVIEWED,,SYNTHETIC_HUMAN_SCENARIO,"{""criterion"":""BOTH_BEHAVIORAL_LIMITATIONS"",""human_rationale"":""단계 활동과 관찰을 검토하여 다음 판단으로 진행한다. 미관찰은 부족/탈락과 동일하지 않다."",""observation_refs"":[""OB_REVIEW_ML_01_EV_APP0196_SECOND_INTERVIEW_VALUES_BEHAVIOR_INTERVIEW_M1_SKILL_04"",""OB_REVIEW_HM_01_EV_APP0196_SECOND_INTERVIEW_VALUES_BEHAVIOR_INTERVIEW_M1_SKILL_04"",""OB_REVIEW_ML_01_EV_APP0196_SECOND_INTERVIEW_VALUES_BEHAVIOR_INTERVIEW_M1_SKILL_05"",""OB_REVIEW_HM_01_EV_APP0196_SECOND_INTERVIEW_VALUES_BEHAVIOR_INTERVIEW_M1_SKILL_05""],""stage"":""SECOND_INTERVIEW""}"
APP0205_SECOND_INTERVIEW,APP0205,C0205,SECOND_INTERVIEW,2027-01-31T10:35:00+09:00,2027-02-01T10:35:00+09:00,2027-02-15T10:35:00+09:00,2027-02-15T11:25:00+09:00,2027-02-18T11:25:00+09:00,2027-02-18T11:25:00+09:00,,ADVANCED,BEHAVIOR_REVIEWED,,SYNTHETIC_HUMAN_SCENARIO,"{""criterion"":""BOTH_BEHAVIORAL_LIMITATIONS"",""human_rationale"":""단계 활동과 관찰을 검토하여 다음 판단으로 진행한다. 미관찰은 부족/탈락과 동일하지 않다."",""observation_refs"":[""OB_REVIEW_ML_01_EV_APP0205_SECOND_INTERVIEW_VALUES_BEHAVIOR_INTERVIEW_M1_SKILL_04"",""OB_REVIEW_HM_01_EV_APP0205_SECOND_INTERVIEW_VALUES_BEHAVIOR_INTERVIEW_M1_SKILL_04"",""OB_REVIEW_ML_01_EV_APP0205_SECOND_INTERVIEW_VALUES_BEHAVIOR_INTERVIEW_M1_SKILL_05"",""OB_REVIEW_HM_01_EV_APP0205_SECOND_INTERVIEW_VALUES_BEHAVIOR_INTERVIEW_M1_SKILL_05""],""stage"":""SECOND_INTERVIEW""}"
APP0216_SECOND_INTERVIEW,APP0216,C0216,SECOND_INTERVIEW,2027-01-31T10:40:00+09:00,2027-02-01T10:40:00+09:00,2027-02-15T10:40:00+09:00,2027-02-15T12:05:00+09:00,2027-02-16T12:05:00+09:00,2027-02-20T12:05:00+09:00,,ADVANCED,BEHAVIOR_REVIEWED,,SYNTHETIC_HUMAN_SCENARIO,"{""criterion"":""BOTH_BEHAVIORAL_LIMITATIONS"",""human_rationale"":""단계 활동과 관찰을 검토하여 다음 판단으로 진행한다. 미관찰은 부족/탈락과 동일하지 않다."",""observation_refs"":[""OB_REVIEW_ML_01_EV_APP0216_SECOND_INTERVIEW_VALUES_BEHAVIOR_INTERVIEW_M1_SKILL_04"",""OB_REVIEW_HM_01_EV_APP0216_SECOND_INTERVIEW_VALUES_BEHAVIOR_INTERVIEW_M1_SKILL_04"",""OB_REVIEW_ML_01_EV_APP0216_SECOND_INTERVIEW_VALUES_BEHAVIOR_INTERVIEW_M1_SKILL_05"",""OB_REVIEW_HM_01_EV_APP0216_SECOND_INTERVIEW_VALUES_BEHAVIOR_INTERVIEW_M1_SKILL_05""],""stage"":""SECOND_INTERVIEW""}"
APP0231_SECOND_INTERVIEW,APP0231,C0231,SECOND_INTERVIEW,2027-01-31T10:40:00+09:00,2027-02-01T10:40:00+09:00,2027-02-15T10:40:00+09:00,,,,,IN_PROGRESS,,,,"{""motive"":""UNKNOWN"",""operational_state"":""NO_RESPONSE_PENDING""}"
APP0237_SECOND_INTERVIEW,APP0237,C0237,SECOND_INTERVIEW,2027-01-31T10:40:00+09:00,2027-02-01T10:40:00+09:00,2027-02-08T10:40:00+09:00,2027-02-08T12:00:00+09:00,2027-02-11T12:00:00+09:00,2027-02-15T12:00:00+09:00,,ADVANCED,BEHAVIOR_REVIEWED,,SYNTHETIC_HUMAN_SCENARIO,"{""criterion"":""BOTH_BEHAVIORAL_LIMITATIONS"",""human_rationale"":""단계 활동과 관찰을 검토하여 다음 판단으로 진행한다. 미관찰은 부족/탈락과 동일하지 않다."",""observation_refs"":[""OB_REVIEW_ML_01_EV_APP0237_SECOND_INTERVIEW_VALUES_BEHAVIOR_INTERVIEW_M1_SKILL_04"",""OB_REVIEW_HM_01_EV_APP0237_SECOND_INTERVIEW_VALUES_BEHAVIOR_INTERVIEW_M1_SKILL_04"",""OB_REVIEW_ML_01_EV_APP0237_SECOND_INTERVIEW_VALUES_BEHAVIOR_INTERVIEW_M1_SKILL_05"",""OB_REVIEW_HM_01_EV_APP0237_SECOND_INTERVIEW_VALUES_BEHAVIOR_INTERVIEW_M1_SKILL_05""],""stage"":""SECOND_INTERVIEW""}"
APP0232_SECOND_INTERVIEW,APP0232,C0232,SECOND_INTERVIEW,2027-02-02T10:35:00+09:00,2027-02-03T10:35:00+09:00,2027-02-13T10:35:00+09:00,2027-02-13T11:35:00+09:00,2027-02-16T11:35:00+09:00,2027-02-17T11:35:00+09:00,,ADVANCED,BEHAVIOR_REVIEWED,,SYNTHETIC_HUMAN_SCENARIO,"{""criterion"":""BOTH_BEHAVIORAL_LIMITATIONS"",""human_rationale"":""단계 활동과 관찰을 검토하여 다음 판단으로 진행한다. 미관찰은 부족/탈락과 동일하지 않다."",""observation_refs"":[""OB_REVIEW_ML_01_EV_APP0232_SECOND_INTERVIEW_VALUES_BEHAVIOR_INTERVIEW_M1_SKILL_04"",""OB_REVIEW_HM_01_EV_APP0232_SECOND_INTERVIEW_VALUES_BEHAVIOR_INTERVIEW_M1_SKILL_04"",""OB_REVIEW_ML_01_EV_APP0232_SECOND_INTERVIEW_VALUES_BEHAVIOR_INTERVIEW_M1_SKILL_05"",""OB_REVIEW_HM_01_EV_APP0232_SECOND_INTERVIEW_VALUES_BEHAVIOR_INTERVIEW_M1_SKILL_05""],""stage"":""SECOND_INTERVIEW""}"
APP0202_SECOND_INTERVIEW,APP0202,C0202,SECOND_INTERVIEW,2027-02-02T10:40:00+09:00,2027-02-03T10:40:00+09:00,2027-02-10T10:40:00+09:00,2027-02-10T12:25:00+09:00,2027-02-11T12:25:00+09:00,2027-02-11T12:25:00+09:00,,ADVANCED,BEHAVIOR_REVIEWED,,SYNTHETIC_HUMAN_SCENARIO,"{""criterion"":""BOTH_BEHAVIORAL_LIMITATIONS"",""human_rationale"":""단계 활동과 관찰을 검토하여 다음 판단으로 진행한다. 미관찰은 부족/탈락과 동일하지 않다."",""observation_refs"":[""OB_REVIEW_ML_01_EV_APP0202_SECOND_INTERVIEW_VALUES_BEHAVIOR_INTERVIEW_M1_SKILL_04"",""OB_REVIEW_HM_01_EV_APP0202_SECOND_INTERVIEW_VALUES_BEHAVIOR_INTERVIEW_M1_SKILL_04"",""OB_REVIEW_ML_01_EV_APP0202_SECOND_INTERVIEW_VALUES_BEHAVIOR_INTERVIEW_M1_SKILL_05"",""OB_REVIEW_HM_01_EV_APP0202_SECOND_INTERVIEW_VALUES_BEHAVIOR_INTERVIEW_M1_SKILL_05""],""stage"":""SECOND_INTERVIEW""}"
APP0235_SECOND_INTERVIEW,APP0235,C0235,SECOND_INTERVIEW,2027-02-02T10:45:00+09:00,2027-02-03T10:45:00+09:00,2027-02-13T10:45:00+09:00,2027-02-13T12:35:00+09:00,2027-02-15T12:35:00+09:00,2027-02-15T12:35:00+09:00,,ADVANCED,BEHAVIOR_REVIEWED,,SYNTHETIC_HUMAN_SCENARIO,"{""criterion"":""BOTH_BEHAVIORAL_LIMITATIONS"",""human_rationale"":""단계 활동과 관찰을 검토하여 다음 판단으로 진행한다. 미관찰은 부족/탈락과 동일하지 않다."",""observation_refs"":[""OB_REVIEW_ML_01_EV_APP0235_SECOND_INTERVIEW_VALUES_BEHAVIOR_INTERVIEW_M1_SKILL_04"",""OB_REVIEW_HM_01_EV_APP0235_SECOND_INTERVIEW_VALUES_BEHAVIOR_INTERVIEW_M1_SKILL_04"",""OB_REVIEW_ML_01_EV_APP0235_SECOND_INTERVIEW_VALUES_BEHAVIOR_INTERVIEW_M1_SKILL_05"",""OB_REVIEW_HM_01_EV_APP0235_SECOND_INTERVIEW_VALUES_BEHAVIOR_INTERVIEW_M1_SKILL_05""],""stage"":""SECOND_INTERVIEW""}"
APP0238_SECOND_INTERVIEW,APP0238,C0238,SECOND_INTERVIEW,2027-02-03T10:40:00+09:00,2027-02-04T10:40:00+09:00,2027-02-18T10:40:00+09:00,2027-02-18T11:30:00+09:00,2027-02-19T11:30:00+09:00,2027-02-21T11:30:00+09:00,,ADVANCED,BEHAVIOR_REVIEWED,,SYNTHETIC_HUMAN_SCENARIO,"{""criterion"":""BOTH_BEHAVIORAL_LIMITATIONS"",""human_rationale"":""단계 활동과 관찰을 검토하여 다음 판단으로 진행한다. 미관찰은 부족/탈락과 동일하지 않다."",""observation_refs"":[""OB_REVIEW_ML_01_EV_APP0238_SECOND_INTERVIEW_VALUES_BEHAVIOR_INTERVIEW_M1_SKILL_04"",""OB_REVIEW_HM_01_EV_APP0238_SECOND_INTERVIEW_VALUES_BEHAVIOR_INTERVIEW_M1_SKILL_04"",""OB_REVIEW_ML_01_EV_APP0238_SECOND_INTERVIEW_VALUES_BEHAVIOR_INTERVIEW_M1_SKILL_05"",""OB_REVIEW_HM_01_EV_APP0238_SECOND_INTERVIEW_VALUES_BEHAVIOR_INTERVIEW_M1_SKILL_05""],""stage"":""SECOND_INTERVIEW""}"
APP0241_SECOND_INTERVIEW,APP0241,C0241,SECOND_INTERVIEW,2027-02-04T10:30:00+09:00,2027-02-05T10:30:00+09:00,2027-02-12T10:30:00+09:00,2027-02-12T14:20:00+09:00,2027-02-15T14:20:00+09:00,2027-02-16T14:20:00+09:00,,ADVANCED,BEHAVIOR_REVIEWED,,SYNTHETIC_HUMAN_SCENARIO,"{""criterion"":""BOTH_BEHAVIORAL_LIMITATIONS"",""human_rationale"":""단계 활동과 관찰을 검토하여 다음 판단으로 진행한다. 미관찰은 부족/탈락과 동일하지 않다."",""observation_refs"":[""OB_REVIEW_ML_01_EV_APP0241_SECOND_INTERVIEW_VALUES_BEHAVIOR_INTERVIEW_M1_SKILL_04"",""OB_REVIEW_HM_01_EV_APP0241_SECOND_INTERVIEW_VALUES_BEHAVIOR_INTERVIEW_M1_SKILL_04"",""OB_REVIEW_ML_01_EV_APP0241_SECOND_INTERVIEW_VALUES_BEHAVIOR_INTERVIEW_M1_SKILL_05"",""OB_REVIEW_HM_01_EV_APP0241_SECOND_INTERVIEW_VALUES_BEHAVIOR_INTERVIEW_M1_SKILL_05""],""stage"":""SECOND_INTERVIEW""}"
APP0215_SECOND_INTERVIEW,APP0215,C0215,SECOND_INTERVIEW,2027-02-04T10:40:00+09:00,2027-02-05T10:40:00+09:00,2027-02-19T10:40:00+09:00,2027-02-19T11:30:00+09:00,2027-02-22T11:30:00+09:00,2027-02-24T11:30:00+09:00,,ADVANCED,BEHAVIOR_REVIEWED,,SYNTHETIC_HUMAN_SCENARIO,"{""criterion"":""BOTH_BEHAVIORAL_LIMITATIONS"",""human_rationale"":""단계 활동과 관찰을 검토하여 다음 판단으로 진행한다. 미관찰은 부족/탈락과 동일하지 않다."",""observation_refs"":[""OB_REVIEW_ML_01_EV_APP0215_SECOND_INTERVIEW_VALUES_BEHAVIOR_INTERVIEW_M1_SKILL_04"",""OB_REVIEW_HM_01_EV_APP0215_SECOND_INTERVIEW_VALUES_BEHAVIOR_INTERVIEW_M1_SKILL_04"",""OB_REVIEW_ML_01_EV_APP0215_SECOND_INTERVIEW_VALUES_BEHAVIOR_INTERVIEW_M1_SKILL_05"",""OB_REVIEW_HM_01_EV_APP0215_SECOND_INTERVIEW_VALUES_BEHAVIOR_INTERVIEW_M1_SKILL_05""],""stage"":""SECOND_INTERVIEW""}"
APP0220_SECOND_INTERVIEW,APP0220,C0220,SECOND_INTERVIEW,2027-02-04T10:40:00+09:00,2027-02-05T10:40:00+09:00,2027-02-12T10:40:00+09:00,2027-02-12T15:20:00+09:00,2027-02-15T15:20:00+09:00,2027-02-17T15:20:00+09:00,,ADVANCED,BEHAVIOR_REVIEWED,,SYNTHETIC_HUMAN_SCENARIO,"{""criterion"":""BOTH_BEHAVIORAL_LIMITATIONS"",""human_rationale"":""단계 활동과 관찰을 검토하여 다음 판단으로 진행한다. 미관찰은 부족/탈락과 동일하지 않다."",""observation_refs"":[""OB_REVIEW_ML_01_EV_APP0220_SECOND_INTERVIEW_VALUES_BEHAVIOR_INTERVIEW_M1_SKILL_04"",""OB_REVIEW_HM_01_EV_APP0220_SECOND_INTERVIEW_VALUES_BEHAVIOR_INTERVIEW_M1_SKILL_04"",""OB_REVIEW_ML_01_EV_APP0220_SECOND_INTERVIEW_VALUES_BEHAVIOR_INTERVIEW_M1_SKILL_05"",""OB_REVIEW_HM_01_EV_APP0220_SECOND_INTERVIEW_VALUES_BEHAVIOR_INTERVIEW_M1_SKILL_05""],""stage"":""SECOND_INTERVIEW""}"
APP0243_SECOND_INTERVIEW,APP0243,C0243,SECOND_INTERVIEW,2027-02-04T10:45:00+09:00,2027-02-05T10:45:00+09:00,2027-02-19T10:45:00+09:00,2027-02-19T12:20:00+09:00,2027-02-20T12:20:00+09:00,2027-02-20T12:20:00+09:00,,ADVANCED,BEHAVIOR_REVIEWED,,SYNTHETIC_HUMAN_SCENARIO,"{""criterion"":""BOTH_BEHAVIORAL_LIMITATIONS"",""human_rationale"":""단계 활동과 관찰을 검토하여 다음 판단으로 진행한다. 미관찰은 부족/탈락과 동일하지 않다."",""observation_refs"":[""OB_REVIEW_ML_01_EV_APP0243_SECOND_INTERVIEW_VALUES_BEHAVIOR_INTERVIEW_M1_SKILL_04"",""OB_REVIEW_HM_01_EV_APP0243_SECOND_INTERVIEW_VALUES_BEHAVIOR_INTERVIEW_M1_SKILL_04"",""OB_REVIEW_ML_01_EV_APP0243_SECOND_INTERVIEW_VALUES_BEHAVIOR_INTERVIEW_M1_SKILL_05"",""OB_REVIEW_HM_01_EV_APP0243_SECOND_INTERVIEW_VALUES_BEHAVIOR_INTERVIEW_M1_SKILL_05""],""stage"":""SECOND_INTERVIEW""}"
APP0247_SECOND_INTERVIEW,APP0247,C0247,SECOND_INTERVIEW,2027-02-05T10:40:00+09:00,2027-02-06T10:40:00+09:00,2027-02-20T10:40:00+09:00,,,,,IN_PROGRESS,,,,"{""motive"":""UNKNOWN"",""operational_state"":""NO_RESPONSE_PENDING""}"
APP0270_SECOND_INTERVIEW,APP0270,C0270,SECOND_INTERVIEW,2027-02-06T10:30:00+09:00,2027-02-07T10:30:00+09:00,2027-02-17T10:30:00+09:00,2027-02-17T11:20:00+09:00,2027-02-19T11:20:00+09:00,2027-02-19T11:20:00+09:00,,ADVANCED,BEHAVIOR_REVIEWED,,SYNTHETIC_HUMAN_SCENARIO,"{""criterion"":""BOTH_BEHAVIORAL_LIMITATIONS"",""human_rationale"":""단계 활동과 관찰을 검토하여 다음 판단으로 진행한다. 미관찰은 부족/탈락과 동일하지 않다."",""observation_refs"":[""OB_REVIEW_ML_01_EV_APP0270_SECOND_INTERVIEW_VALUES_BEHAVIOR_INTERVIEW_M1_SKILL_04"",""OB_REVIEW_HM_01_EV_APP0270_SECOND_INTERVIEW_VALUES_BEHAVIOR_INTERVIEW_M1_SKILL_04"",""OB_REVIEW_ML_01_EV_APP0270_SECOND_INTERVIEW_VALUES_BEHAVIOR_INTERVIEW_M1_SKILL_05"",""OB_REVIEW_HM_01_EV_APP0270_SECOND_INTERVIEW_VALUES_BEHAVIOR_INTERVIEW_M1_SKILL_05""],""stage"":""SECOND_INTERVIEW""}"
APP0223_SECOND_INTERVIEW,APP0223,C0223,SECOND_INTERVIEW,2027-02-07T10:25:00+09:00,2027-02-08T10:25:00+09:00,2027-02-18T10:25:00+09:00,2027-02-18T12:30:00+09:00,2027-02-19T12:30:00+09:00,2027-02-19T12:30:00+09:00,,ADVANCED,BEHAVIOR_REVIEWED,,SYNTHETIC_HUMAN_SCENARIO,"{""criterion"":""BOTH_BEHAVIORAL_LIMITATIONS"",""human_rationale"":""단계 활동과 관찰을 검토하여 다음 판단으로 진행한다. 미관찰은 부족/탈락과 동일하지 않다."",""observation_refs"":[""OB_REVIEW_ML_01_EV_APP0223_SECOND_INTERVIEW_VALUES_BEHAVIOR_INTERVIEW_M1_SKILL_04"",""OB_REVIEW_HM_01_EV_APP0223_SECOND_INTERVIEW_VALUES_BEHAVIOR_INTERVIEW_M1_SKILL_04"",""OB_REVIEW_ML_01_EV_APP0223_SECOND_INTERVIEW_VALUES_BEHAVIOR_INTERVIEW_M1_SKILL_05"",""OB_REVIEW_HM_01_EV_APP0223_SECOND_INTERVIEW_VALUES_BEHAVIOR_INTERVIEW_M1_SKILL_05""],""stage"":""SECOND_INTERVIEW""}"
APP0228_SECOND_INTERVIEW,APP0228,C0228,SECOND_INTERVIEW,2027-02-07T10:40:00+09:00,2027-02-08T10:40:00+09:00,2027-02-18T10:40:00+09:00,2027-02-18T13:10:00+09:00,2027-02-20T13:10:00+09:00,2027-02-20T13:10:00+09:00,,ADVANCED,BEHAVIOR_REVIEWED,,SYNTHETIC_HUMAN_SCENARIO,"{""criterion"":""BOTH_BEHAVIORAL_LIMITATIONS"",""human_rationale"":""단계 활동과 관찰을 검토하여 다음 판단으로 진행한다. 미관찰은 부족/탈락과 동일하지 않다."",""observation_refs"":[""OB_REVIEW_ML_01_EV_APP0228_SECOND_INTERVIEW_VALUES_BEHAVIOR_INTERVIEW_M1_SKILL_04"",""OB_REVIEW_HM_01_EV_APP0228_SECOND_INTERVIEW_VALUES_BEHAVIOR_INTERVIEW_M1_SKILL_04"",""OB_REVIEW_ML_01_EV_APP0228_SECOND_INTERVIEW_VALUES_BEHAVIOR_INTERVIEW_M1_SKILL_05"",""OB_REVIEW_HM_01_EV_APP0228_SECOND_INTERVIEW_VALUES_BEHAVIOR_INTERVIEW_M1_SKILL_05""],""stage"":""SECOND_INTERVIEW""}"
APP0246_SECOND_INTERVIEW,APP0246,C0246,SECOND_INTERVIEW,2027-02-07T10:45:00+09:00,2027-02-08T10:45:00+09:00,2027-02-22T10:45:00+09:00,2027-02-22T11:45:00+09:00,2027-02-24T11:45:00+09:00,2027-02-26T11:45:00+09:00,,ADVANCED,BEHAVIOR_REVIEWED,,SYNTHETIC_HUMAN_SCENARIO,"{""criterion"":""BOTH_BEHAVIORAL_LIMITATIONS"",""human_rationale"":""단계 활동과 관찰을 검토하여 다음 판단으로 진행한다. 미관찰은 부족/탈락과 동일하지 않다."",""observation_refs"":[""OB_REVIEW_ML_01_EV_APP0246_SECOND_INTERVIEW_VALUES_BEHAVIOR_INTERVIEW_M1_SKILL_04"",""OB_REVIEW_HM_01_EV_APP0246_SECOND_INTERVIEW_VALUES_BEHAVIOR_INTERVIEW_M1_SKILL_04"",""OB_REVIEW_ML_01_EV_APP0246_SECOND_INTERVIEW_VALUES_BEHAVIOR_INTERVIEW_M1_SKILL_05"",""OB_REVIEW_HM_01_EV_APP0246_SECOND_INTERVIEW_VALUES_BEHAVIOR_INTERVIEW_M1_SKILL_05""],""stage"":""SECOND_INTERVIEW""}"
APP0239_SECOND_INTERVIEW,APP0239,C0239,SECOND_INTERVIEW,2027-02-08T10:35:00+09:00,2027-02-09T10:35:00+09:00,2027-02-19T10:35:00+09:00,2027-02-19T13:00:00+09:00,2027-02-22T13:00:00+09:00,2027-02-24T13:00:00+09:00,,ADVANCED,BEHAVIOR_REVIEWED,,SYNTHETIC_HUMAN_SCENARIO,"{""criterion"":""BOTH_BEHAVIORAL_LIMITATIONS"",""human_rationale"":""단계 활동과 관찰을 검토하여 다음 판단으로 진행한다. 미관찰은 부족/탈락과 동일하지 않다."",""observation_refs"":[""OB_REVIEW_ML_01_EV_APP0239_SECOND_INTERVIEW_VALUES_BEHAVIOR_INTERVIEW_M1_SKILL_04"",""OB_REVIEW_HM_01_EV_APP0239_SECOND_INTERVIEW_VALUES_BEHAVIOR_INTERVIEW_M1_SKILL_04"",""OB_REVIEW_ML_01_EV_APP0239_SECOND_INTERVIEW_VALUES_BEHAVIOR_INTERVIEW_M1_SKILL_05"",""OB_REVIEW_HM_01_EV_APP0239_SECOND_INTERVIEW_VALUES_BEHAVIOR_INTERVIEW_M1_SKILL_05""],""stage"":""SECOND_INTERVIEW""}"
APP0242_SECOND_INTERVIEW,APP0242,C0242,SECOND_INTERVIEW,2027-02-08T10:40:00+09:00,2027-02-09T10:40:00+09:00,2027-02-16T10:40:00+09:00,2027-02-16T11:20:00+09:00,2027-02-21T11:20:00+09:00,2027-02-25T11:20:00+09:00,,ADVANCED,BEHAVIOR_REVIEWED,,SYNTHETIC_HUMAN_SCENARIO,"{""criterion"":""BOTH_BEHAVIORAL_LIMITATIONS"",""human_rationale"":""단계 활동과 관찰을 검토하여 다음 판단으로 진행한다. 미관찰은 부족/탈락과 동일하지 않다."",""observation_refs"":[""OB_REVIEW_ML_01_EV_APP0242_SECOND_INTERVIEW_VALUES_BEHAVIOR_INTERVIEW_M1_SKILL_04"",""OB_REVIEW_HM_01_EV_APP0242_SECOND_INTERVIEW_VALUES_BEHAVIOR_INTERVIEW_M1_SKILL_04"",""OB_REVIEW_ML_01_EV_APP0242_SECOND_INTERVIEW_VALUES_BEHAVIOR_INTERVIEW_M1_SKILL_05"",""OB_REVIEW_HM_01_EV_APP0242_SECOND_INTERVIEW_VALUES_BEHAVIOR_INTERVIEW_M1_SKILL_05""],""stage"":""SECOND_INTERVIEW""}"
APP0255_SECOND_INTERVIEW,APP0255,C0255,SECOND_INTERVIEW,2027-02-08T10:40:00+09:00,2027-02-09T10:40:00+09:00,2027-02-19T10:40:00+09:00,,,,2027-02-11T10:40:00+09:00,WITHDRAWN,,UNKNOWN,,
APP0251_SECOND_INTERVIEW,APP0251,C0251,SECOND_INTERVIEW,2027-02-08T10:45:00+09:00,2027-02-09T10:45:00+09:00,2027-02-16T10:45:00+09:00,2027-02-16T12:00:00+09:00,2027-02-17T12:00:00+09:00,2027-02-17T12:00:00+09:00,,ADVANCED,BEHAVIOR_REVIEWED,,SYNTHETIC_HUMAN_SCENARIO,"{""criterion"":""BOTH_BEHAVIORAL_LIMITATIONS"",""human_rationale"":""단계 활동과 관찰을 검토하여 다음 판단으로 진행한다. 미관찰은 부족/탈락과 동일하지 않다."",""observation_refs"":[""OB_REVIEW_ML_01_EV_APP0251_SECOND_INTERVIEW_VALUES_BEHAVIOR_INTERVIEW_M1_SKILL_04"",""OB_REVIEW_HM_01_EV_APP0251_SECOND_INTERVIEW_VALUES_BEHAVIOR_INTERVIEW_M1_SKILL_04"",""OB_REVIEW_ML_01_EV_APP0251_SECOND_INTERVIEW_VALUES_BEHAVIOR_INTERVIEW_M1_SKILL_05"",""OB_REVIEW_HM_01_EV_APP0251_SECOND_INTERVIEW_VALUES_BEHAVIOR_INTERVIEW_M1_SKILL_05""],""stage"":""SECOND_INTERVIEW""}"
APP0254_SECOND_INTERVIEW,APP0254,C0254,SECOND_INTERVIEW,2027-02-08T10:45:00+09:00,2027-02-09T10:45:00+09:00,2027-02-16T10:45:00+09:00,2027-02-16T12:40:00+09:00,2027-02-19T12:40:00+09:00,2027-02-20T12:40:00+09:00,,ADVANCED,BEHAVIOR_REVIEWED,,SYNTHETIC_HUMAN_SCENARIO,"{""criterion"":""BOTH_BEHAVIORAL_LIMITATIONS"",""human_rationale"":""단계 활동과 관찰을 검토하여 다음 판단으로 진행한다. 미관찰은 부족/탈락과 동일하지 않다."",""observation_refs"":[""OB_REVIEW_ML_01_EV_APP0254_SECOND_INTERVIEW_VALUES_BEHAVIOR_INTERVIEW_M1_SKILL_04"",""OB_REVIEW_HM_01_EV_APP0254_SECOND_INTERVIEW_VALUES_BEHAVIOR_INTERVIEW_M1_SKILL_04"",""OB_REVIEW_ML_01_EV_APP0254_SECOND_INTERVIEW_VALUES_BEHAVIOR_INTERVIEW_M1_SKILL_05"",""OB_REVIEW_HM_01_EV_APP0254_SECOND_INTERVIEW_VALUES_BEHAVIOR_INTERVIEW_M1_SKILL_05""],""stage"":""SECOND_INTERVIEW""}"
APP0253_SECOND_INTERVIEW,APP0253,C0253,SECOND_INTERVIEW,2027-02-09T10:40:00+09:00,2027-02-10T10:40:00+09:00,2027-02-20T10:40:00+09:00,2027-02-20T11:40:00+09:00,2027-02-23T11:40:00+09:00,2027-02-23T11:40:00+09:00,,ADVANCED,BEHAVIOR_REVIEWED,,SYNTHETIC_HUMAN_SCENARIO,"{""criterion"":""BOTH_BEHAVIORAL_LIMITATIONS"",""human_rationale"":""단계 활동과 관찰을 검토하여 다음 판단으로 진행한다. 미관찰은 부족/탈락과 동일하지 않다."",""observation_refs"":[""OB_REVIEW_ML_01_EV_APP0253_SECOND_INTERVIEW_VALUES_BEHAVIOR_INTERVIEW_M1_SKILL_04"",""OB_REVIEW_HM_01_EV_APP0253_SECOND_INTERVIEW_VALUES_BEHAVIOR_INTERVIEW_M1_SKILL_04"",""OB_REVIEW_ML_01_EV_APP0253_SECOND_INTERVIEW_VALUES_BEHAVIOR_INTERVIEW_M1_SKILL_05"",""OB_REVIEW_HM_01_EV_APP0253_SECOND_INTERVIEW_VALUES_BEHAVIOR_INTERVIEW_M1_SKILL_05""],""stage"":""SECOND_INTERVIEW""}"
APP0269_SECOND_INTERVIEW,APP0269,C0269,SECOND_INTERVIEW,2027-02-09T10:45:00+09:00,2027-02-10T10:45:00+09:00,2027-02-17T10:45:00+09:00,2027-02-17T12:10:00+09:00,2027-02-18T12:10:00+09:00,2027-02-19T12:10:00+09:00,,ADVANCED,BEHAVIOR_REVIEWED,,SYNTHETIC_HUMAN_SCENARIO,"{""criterion"":""BOTH_BEHAVIORAL_LIMITATIONS"",""human_rationale"":""단계 활동과 관찰을 검토하여 다음 판단으로 진행한다. 미관찰은 부족/탈락과 동일하지 않다."",""observation_refs"":[""OB_REVIEW_ML_01_EV_APP0269_SECOND_INTERVIEW_VALUES_BEHAVIOR_INTERVIEW_M1_SKILL_04"",""OB_REVIEW_HM_01_EV_APP0269_SECOND_INTERVIEW_VALUES_BEHAVIOR_INTERVIEW_M1_SKILL_04"",""OB_REVIEW_ML_01_EV_APP0269_SECOND_INTERVIEW_VALUES_BEHAVIOR_INTERVIEW_M1_SKILL_05"",""OB_REVIEW_HM_01_EV_APP0269_SECOND_INTERVIEW_VALUES_BEHAVIOR_INTERVIEW_M1_SKILL_05""],""stage"":""SECOND_INTERVIEW""}"
APP0256_SECOND_INTERVIEW,APP0256,C0256,SECOND_INTERVIEW,2027-02-10T10:40:00+09:00,2027-02-11T10:40:00+09:00,2027-02-25T10:40:00+09:00,2027-02-25T11:30:00+09:00,2027-02-27T11:30:00+09:00,2027-02-27T11:30:00+09:00,,ADVANCED,BEHAVIOR_REVIEWED,,SYNTHETIC_HUMAN_SCENARIO,"{""criterion"":""BOTH_BEHAVIORAL_LIMITATIONS"",""human_rationale"":""단계 활동과 관찰을 검토하여 다음 판단으로 진행한다. 미관찰은 부족/탈락과 동일하지 않다."",""observation_refs"":[""OB_REVIEW_ML_01_EV_APP0256_SECOND_INTERVIEW_VALUES_BEHAVIOR_INTERVIEW_M1_SKILL_04"",""OB_REVIEW_HM_01_EV_APP0256_SECOND_INTERVIEW_VALUES_BEHAVIOR_INTERVIEW_M1_SKILL_04"",""OB_REVIEW_ML_01_EV_APP0256_SECOND_INTERVIEW_VALUES_BEHAVIOR_INTERVIEW_M1_SKILL_05"",""OB_REVIEW_HM_01_EV_APP0256_SECOND_INTERVIEW_VALUES_BEHAVIOR_INTERVIEW_M1_SKILL_05""],""stage"":""SECOND_INTERVIEW""}"
APP0267_SECOND_INTERVIEW,APP0267,C0267,SECOND_INTERVIEW,2027-02-10T10:45:00+09:00,2027-02-11T10:45:00+09:00,2027-02-21T10:45:00+09:00,2027-02-21T11:35:00+09:00,2027-02-22T11:35:00+09:00,2027-02-24T11:35:00+09:00,,ADVANCED,BEHAVIOR_REVIEWED,,SYNTHETIC_HUMAN_SCENARIO,"{""criterion"":""BOTH_BEHAVIORAL_LIMITATIONS"",""human_rationale"":""단계 활동과 관찰을 검토하여 다음 판단으로 진행한다. 미관찰은 부족/탈락과 동일하지 않다."",""observation_refs"":[""OB_REVIEW_ML_01_EV_APP0267_SECOND_INTERVIEW_VALUES_BEHAVIOR_INTERVIEW_M1_SKILL_04"",""OB_REVIEW_HM_01_EV_APP0267_SECOND_INTERVIEW_VALUES_BEHAVIOR_INTERVIEW_M1_SKILL_04"",""OB_REVIEW_ML_01_EV_APP0267_SECOND_INTERVIEW_VALUES_BEHAVIOR_INTERVIEW_M1_SKILL_05"",""OB_REVIEW_HM_01_EV_APP0267_SECOND_INTERVIEW_VALUES_BEHAVIOR_INTERVIEW_M1_SKILL_05""],""stage"":""SECOND_INTERVIEW""}"
APP0258_SECOND_INTERVIEW,APP0258,C0258,SECOND_INTERVIEW,2027-02-11T10:35:00+09:00,2027-02-12T10:35:00+09:00,2027-02-22T10:35:00+09:00,,,,2027-02-14T10:35:00+09:00,WITHDRAWN,,UNKNOWN,,
APP0264_SECOND_INTERVIEW,APP0264,C0264,SECOND_INTERVIEW,2027-02-11T10:40:00+09:00,2027-02-12T10:40:00+09:00,2027-02-19T10:40:00+09:00,2027-02-19T14:00:00+09:00,2027-02-22T14:00:00+09:00,2027-02-24T14:00:00+09:00,,ADVANCED,BEHAVIOR_REVIEWED,,SYNTHETIC_HUMAN_SCENARIO,"{""criterion"":""BOTH_BEHAVIORAL_LIMITATIONS"",""human_rationale"":""단계 활동과 관찰을 검토하여 다음 판단으로 진행한다. 미관찰은 부족/탈락과 동일하지 않다."",""observation_refs"":[""OB_REVIEW_ML_01_EV_APP0264_SECOND_INTERVIEW_VALUES_BEHAVIOR_INTERVIEW_M1_SKILL_04"",""OB_REVIEW_HM_01_EV_APP0264_SECOND_INTERVIEW_VALUES_BEHAVIOR_INTERVIEW_M1_SKILL_04"",""OB_REVIEW_ML_01_EV_APP0264_SECOND_INTERVIEW_VALUES_BEHAVIOR_INTERVIEW_M1_SKILL_05"",""OB_REVIEW_HM_01_EV_APP0264_SECOND_INTERVIEW_VALUES_BEHAVIOR_INTERVIEW_M1_SKILL_05""],""stage"":""SECOND_INTERVIEW""}"
APP0265_SECOND_INTERVIEW,APP0265,C0265,SECOND_INTERVIEW,2027-02-11T10:40:00+09:00,2027-02-12T10:40:00+09:00,2027-02-26T10:40:00+09:00,2027-02-26T11:20:00+09:00,2027-03-03T11:20:00+09:00,2027-03-07T11:20:00+09:00,,ADVANCED,BEHAVIOR_REVIEWED,,SYNTHETIC_HUMAN_SCENARIO,"{""criterion"":""BOTH_BEHAVIORAL_LIMITATIONS"",""human_rationale"":""단계 활동과 관찰을 검토하여 다음 판단으로 진행한다. 미관찰은 부족/탈락과 동일하지 않다."",""observation_refs"":[""OB_REVIEW_ML_01_EV_APP0265_SECOND_INTERVIEW_VALUES_BEHAVIOR_INTERVIEW_M1_SKILL_04"",""OB_REVIEW_HM_01_EV_APP0265_SECOND_INTERVIEW_VALUES_BEHAVIOR_INTERVIEW_M1_SKILL_04"",""OB_REVIEW_ML_01_EV_APP0265_SECOND_INTERVIEW_VALUES_BEHAVIOR_INTERVIEW_M1_SKILL_05"",""OB_REVIEW_HM_01_EV_APP0265_SECOND_INTERVIEW_VALUES_BEHAVIOR_INTERVIEW_M1_SKILL_05""],""stage"":""SECOND_INTERVIEW""}"
APP0289_SECOND_INTERVIEW,APP0289,C0289,SECOND_INTERVIEW,2027-02-11T10:40:00+09:00,2027-02-12T10:40:00+09:00,2027-02-22T10:40:00+09:00,2027-02-22T12:25:00+09:00,2027-02-27T12:25:00+09:00,2027-03-03T12:25:00+09:00,,ADVANCED,BEHAVIOR_REVIEWED,,SYNTHETIC_HUMAN_SCENARIO,"{""criterion"":""BOTH_BEHAVIORAL_LIMITATIONS"",""human_rationale"":""단계 활동과 관찰을 검토하여 다음 판단으로 진행한다. 미관찰은 부족/탈락과 동일하지 않다."",""observation_refs"":[""OB_REVIEW_ML_01_EV_APP0289_SECOND_INTERVIEW_VALUES_BEHAVIOR_INTERVIEW_M1_SKILL_04"",""OB_REVIEW_HM_01_EV_APP0289_SECOND_INTERVIEW_VALUES_BEHAVIOR_INTERVIEW_M1_SKILL_04"",""OB_REVIEW_ML_01_EV_APP0289_SECOND_INTERVIEW_VALUES_BEHAVIOR_INTERVIEW_M1_SKILL_05"",""OB_REVIEW_HM_01_EV_APP0289_SECOND_INTERVIEW_VALUES_BEHAVIOR_INTERVIEW_M1_SKILL_05""],""stage"":""SECOND_INTERVIEW""}"
APP0285_SECOND_INTERVIEW,APP0285,C0285,SECOND_INTERVIEW,2027-02-12T10:40:00+09:00,2027-02-13T10:40:00+09:00,2027-02-20T10:40:00+09:00,2027-02-20T12:40:00+09:00,2027-02-25T12:40:00+09:00,2027-02-25T12:40:00+09:00,,ADVANCED,BEHAVIOR_REVIEWED,,SYNTHETIC_HUMAN_SCENARIO,"{""criterion"":""BOTH_BEHAVIORAL_LIMITATIONS"",""human_rationale"":""단계 활동과 관찰을 검토하여 다음 판단으로 진행한다. 미관찰은 부족/탈락과 동일하지 않다."",""observation_refs"":[""OB_REVIEW_ML_01_EV_APP0285_SECOND_INTERVIEW_VALUES_BEHAVIOR_INTERVIEW_M1_SKILL_04"",""OB_REVIEW_HM_01_EV_APP0285_SECOND_INTERVIEW_VALUES_BEHAVIOR_INTERVIEW_M1_SKILL_04"",""OB_REVIEW_ML_01_EV_APP0285_SECOND_INTERVIEW_VALUES_BEHAVIOR_INTERVIEW_M1_SKILL_05"",""OB_REVIEW_HM_01_EV_APP0285_SECOND_INTERVIEW_VALUES_BEHAVIOR_INTERVIEW_M1_SKILL_05""],""stage"":""SECOND_INTERVIEW""}"
APP0286_SECOND_INTERVIEW,APP0286,C0286,SECOND_INTERVIEW,2027-02-12T10:40:00+09:00,2027-02-13T10:40:00+09:00,2027-02-27T10:40:00+09:00,2027-02-27T11:30:00+09:00,2027-03-02T11:30:00+09:00,2027-03-06T11:30:00+09:00,,ADVANCED,BEHAVIOR_REVIEWED,,SYNTHETIC_HUMAN_SCENARIO,"{""criterion"":""BOTH_BEHAVIORAL_LIMITATIONS"",""human_rationale"":""단계 활동과 관찰을 검토하여 다음 판단으로 진행한다. 미관찰은 부족/탈락과 동일하지 않다."",""observation_refs"":[""OB_REVIEW_ML_01_EV_APP0286_SECOND_INTERVIEW_VALUES_BEHAVIOR_INTERVIEW_M1_SKILL_04"",""OB_REVIEW_HM_01_EV_APP0286_SECOND_INTERVIEW_VALUES_BEHAVIOR_INTERVIEW_M1_SKILL_04"",""OB_REVIEW_ML_01_EV_APP0286_SECOND_INTERVIEW_VALUES_BEHAVIOR_INTERVIEW_M1_SKILL_05"",""OB_REVIEW_HM_01_EV_APP0286_SECOND_INTERVIEW_VALUES_BEHAVIOR_INTERVIEW_M1_SKILL_05""],""stage"":""SECOND_INTERVIEW""}"
APP0268_SECOND_INTERVIEW,APP0268,C0268,SECOND_INTERVIEW,2027-02-12T10:45:00+09:00,2027-02-13T10:45:00+09:00,2027-02-23T10:45:00+09:00,2027-02-23T11:25:00+09:00,2027-02-24T11:25:00+09:00,2027-02-26T11:25:00+09:00,,ADVANCED,BEHAVIOR_REVIEWED,,SYNTHETIC_HUMAN_SCENARIO,"{""criterion"":""BOTH_BEHAVIORAL_LIMITATIONS"",""human_rationale"":""단계 활동과 관찰을 검토하여 다음 판단으로 진행한다. 미관찰은 부족/탈락과 동일하지 않다."",""observation_refs"":[""OB_REVIEW_ML_01_EV_APP0268_SECOND_INTERVIEW_VALUES_BEHAVIOR_INTERVIEW_M1_SKILL_04"",""OB_REVIEW_HM_01_EV_APP0268_SECOND_INTERVIEW_VALUES_BEHAVIOR_INTERVIEW_M1_SKILL_04"",""OB_REVIEW_ML_01_EV_APP0268_SECOND_INTERVIEW_VALUES_BEHAVIOR_INTERVIEW_M1_SKILL_05"",""OB_REVIEW_HM_01_EV_APP0268_SECOND_INTERVIEW_VALUES_BEHAVIOR_INTERVIEW_M1_SKILL_05""],""stage"":""SECOND_INTERVIEW""}"
APP0305_SECOND_INTERVIEW,APP0305,C0305,SECOND_INTERVIEW,2027-02-13T10:30:00+09:00,2027-02-14T10:30:00+09:00,2027-02-28T10:30:00+09:00,2027-02-28T11:10:00+09:00,2027-03-03T11:10:00+09:00,2027-03-03T11:10:00+09:00,,ADVANCED,BEHAVIOR_REVIEWED,,SYNTHETIC_HUMAN_SCENARIO,"{""criterion"":""BOTH_BEHAVIORAL_LIMITATIONS"",""human_rationale"":""단계 활동과 관찰을 검토하여 다음 판단으로 진행한다. 미관찰은 부족/탈락과 동일하지 않다."",""observation_refs"":[""OB_REVIEW_ML_01_EV_APP0305_SECOND_INTERVIEW_VALUES_BEHAVIOR_INTERVIEW_M1_SKILL_04"",""OB_REVIEW_HM_01_EV_APP0305_SECOND_INTERVIEW_VALUES_BEHAVIOR_INTERVIEW_M1_SKILL_04"",""OB_REVIEW_ML_01_EV_APP0305_SECOND_INTERVIEW_VALUES_BEHAVIOR_INTERVIEW_M1_SKILL_05"",""OB_REVIEW_HM_01_EV_APP0305_SECOND_INTERVIEW_VALUES_BEHAVIOR_INTERVIEW_M1_SKILL_05""],""stage"":""SECOND_INTERVIEW""}"
APP0278_SECOND_INTERVIEW,APP0278,C0278,SECOND_INTERVIEW,2027-02-13T10:55:00+09:00,2027-02-14T10:55:00+09:00,2027-02-21T10:55:00+09:00,2027-02-21T12:15:00+09:00,2027-02-22T12:15:00+09:00,2027-02-26T12:15:00+09:00,,ADVANCED,BEHAVIOR_REVIEWED,,SYNTHETIC_HUMAN_SCENARIO,"{""criterion"":""BOTH_BEHAVIORAL_LIMITATIONS"",""human_rationale"":""단계 활동과 관찰을 검토하여 다음 판단으로 진행한다. 미관찰은 부족/탈락과 동일하지 않다."",""observation_refs"":[""OB_REVIEW_ML_01_EV_APP0278_SECOND_INTERVIEW_VALUES_BEHAVIOR_INTERVIEW_M1_SKILL_04"",""OB_REVIEW_HM_01_EV_APP0278_SECOND_INTERVIEW_VALUES_BEHAVIOR_INTERVIEW_M1_SKILL_04"",""OB_REVIEW_ML_01_EV_APP0278_SECOND_INTERVIEW_VALUES_BEHAVIOR_INTERVIEW_M1_SKILL_05"",""OB_REVIEW_HM_01_EV_APP0278_SECOND_INTERVIEW_VALUES_BEHAVIOR_INTERVIEW_M1_SKILL_05""],""stage"":""SECOND_INTERVIEW""}"
APP0288_SECOND_INTERVIEW,APP0288,C0288,SECOND_INTERVIEW,2027-02-14T10:40:00+09:00,2027-02-15T10:40:00+09:00,2027-02-22T10:40:00+09:00,2027-02-22T13:15:00+09:00,2027-02-27T13:15:00+09:00,2027-03-03T13:15:00+09:00,,ADVANCED,BEHAVIOR_REVIEWED,,SYNTHETIC_HUMAN_SCENARIO,"{""criterion"":""BOTH_BEHAVIORAL_LIMITATIONS"",""human_rationale"":""단계 활동과 관찰을 검토하여 다음 판단으로 진행한다. 미관찰은 부족/탈락과 동일하지 않다."",""observation_refs"":[""OB_REVIEW_ML_01_EV_APP0288_SECOND_INTERVIEW_VALUES_BEHAVIOR_INTERVIEW_M1_SKILL_04"",""OB_REVIEW_HM_01_EV_APP0288_SECOND_INTERVIEW_VALUES_BEHAVIOR_INTERVIEW_M1_SKILL_04"",""OB_REVIEW_ML_01_EV_APP0288_SECOND_INTERVIEW_VALUES_BEHAVIOR_INTERVIEW_M1_SKILL_05"",""OB_REVIEW_HM_01_EV_APP0288_SECOND_INTERVIEW_VALUES_BEHAVIOR_INTERVIEW_M1_SKILL_05""],""stage"":""SECOND_INTERVIEW""}"
APP0272_SECOND_INTERVIEW,APP0272,C0272,SECOND_INTERVIEW,2027-02-14T10:50:00+09:00,2027-02-15T10:50:00+09:00,2027-03-01T10:50:00+09:00,2027-03-01T11:50:00+09:00,2027-03-03T11:50:00+09:00,2027-03-04T11:50:00+09:00,,ADVANCED,BEHAVIOR_REVIEWED,,SYNTHETIC_HUMAN_SCENARIO,"{""criterion"":""BOTH_BEHAVIORAL_LIMITATIONS"",""human_rationale"":""단계 활동과 관찰을 검토하여 다음 판단으로 진행한다. 미관찰은 부족/탈락과 동일하지 않다."",""observation_refs"":[""OB_REVIEW_ML_01_EV_APP0272_SECOND_INTERVIEW_VALUES_BEHAVIOR_INTERVIEW_M1_SKILL_04"",""OB_REVIEW_HM_01_EV_APP0272_SECOND_INTERVIEW_VALUES_BEHAVIOR_INTERVIEW_M1_SKILL_04"",""OB_REVIEW_ML_01_EV_APP0272_SECOND_INTERVIEW_VALUES_BEHAVIOR_INTERVIEW_M1_SKILL_05"",""OB_REVIEW_HM_01_EV_APP0272_SECOND_INTERVIEW_VALUES_BEHAVIOR_INTERVIEW_M1_SKILL_05""],""stage"":""SECOND_INTERVIEW""}"
APP0302_SECOND_INTERVIEW,APP0302,C0302,SECOND_INTERVIEW,2027-02-15T10:55:00+09:00,2027-02-16T10:55:00+09:00,2027-02-23T10:55:00+09:00,,,,,IN_PROGRESS,,,,"{""motive"":""UNKNOWN"",""operational_state"":""NO_RESPONSE_PENDING""}"
APP0299_SECOND_INTERVIEW,APP0299,C0299,SECOND_INTERVIEW,2027-02-16T10:50:00+09:00,2027-02-17T10:50:00+09:00,2027-02-27T10:50:00+09:00,2027-02-27T12:20:00+09:00,2027-02-28T12:20:00+09:00,2027-02-28T12:20:00+09:00,,ADVANCED,BEHAVIOR_REVIEWED,,SYNTHETIC_HUMAN_SCENARIO,"{""criterion"":""BOTH_BEHAVIORAL_LIMITATIONS"",""human_rationale"":""단계 활동과 관찰을 검토하여 다음 판단으로 진행한다. 미관찰은 부족/탈락과 동일하지 않다."",""observation_refs"":[""OB_REVIEW_ML_01_EV_APP0299_SECOND_INTERVIEW_VALUES_BEHAVIOR_INTERVIEW_M1_SKILL_04"",""OB_REVIEW_HM_01_EV_APP0299_SECOND_INTERVIEW_VALUES_BEHAVIOR_INTERVIEW_M1_SKILL_04"",""OB_REVIEW_ML_01_EV_APP0299_SECOND_INTERVIEW_VALUES_BEHAVIOR_INTERVIEW_M1_SKILL_05"",""OB_REVIEW_HM_01_EV_APP0299_SECOND_INTERVIEW_VALUES_BEHAVIOR_INTERVIEW_M1_SKILL_05""],""stage"":""SECOND_INTERVIEW""}"
APP0309_SECOND_INTERVIEW,APP0309,C0309,SECOND_INTERVIEW,2027-02-17T10:35:00+09:00,2027-02-18T10:35:00+09:00,2027-03-04T10:35:00+09:00,2027-03-04T11:35:00+09:00,2027-03-05T11:35:00+09:00,2027-03-06T11:35:00+09:00,,ADVANCED,BEHAVIOR_REVIEWED,,SYNTHETIC_HUMAN_SCENARIO,"{""criterion"":""BOTH_BEHAVIORAL_LIMITATIONS"",""human_rationale"":""단계 활동과 관찰을 검토하여 다음 판단으로 진행한다. 미관찰은 부족/탈락과 동일하지 않다."",""observation_refs"":[""OB_REVIEW_ML_01_EV_APP0309_SECOND_INTERVIEW_VALUES_BEHAVIOR_INTERVIEW_M1_SKILL_04"",""OB_REVIEW_HM_01_EV_APP0309_SECOND_INTERVIEW_VALUES_BEHAVIOR_INTERVIEW_M1_SKILL_04"",""OB_REVIEW_ML_01_EV_APP0309_SECOND_INTERVIEW_VALUES_BEHAVIOR_INTERVIEW_M1_SKILL_05"",""OB_REVIEW_HM_01_EV_APP0309_SECOND_INTERVIEW_VALUES_BEHAVIOR_INTERVIEW_M1_SKILL_05""],""stage"":""SECOND_INTERVIEW""}"
APP0301_SECOND_INTERVIEW,APP0301,C0301,SECOND_INTERVIEW,2027-02-17T10:40:00+09:00,2027-02-18T10:40:00+09:00,2027-03-04T10:40:00+09:00,2027-03-04T12:25:00+09:00,2027-03-07T12:25:00+09:00,2027-03-08T12:25:00+09:00,,ADVANCED,BEHAVIOR_REVIEWED,,SYNTHETIC_HUMAN_SCENARIO,"{""criterion"":""BOTH_BEHAVIORAL_LIMITATIONS"",""human_rationale"":""단계 활동과 관찰을 검토하여 다음 판단으로 진행한다. 미관찰은 부족/탈락과 동일하지 않다."",""observation_refs"":[""OB_REVIEW_ML_01_EV_APP0301_SECOND_INTERVIEW_VALUES_BEHAVIOR_INTERVIEW_M1_SKILL_04"",""OB_REVIEW_HM_01_EV_APP0301_SECOND_INTERVIEW_VALUES_BEHAVIOR_INTERVIEW_M1_SKILL_04"",""OB_REVIEW_ML_01_EV_APP0301_SECOND_INTERVIEW_VALUES_BEHAVIOR_INTERVIEW_M1_SKILL_05"",""OB_REVIEW_HM_01_EV_APP0301_SECOND_INTERVIEW_VALUES_BEHAVIOR_INTERVIEW_M1_SKILL_05""],""stage"":""SECOND_INTERVIEW""}"
APP0297_SECOND_INTERVIEW,APP0297,C0297,SECOND_INTERVIEW,2027-02-17T10:45:00+09:00,2027-02-18T10:45:00+09:00,2027-02-25T10:45:00+09:00,2027-02-25T12:30:00+09:00,2027-02-26T12:30:00+09:00,2027-02-27T12:30:00+09:00,,ADVANCED,BEHAVIOR_REVIEWED,,SYNTHETIC_HUMAN_SCENARIO,"{""criterion"":""BOTH_BEHAVIORAL_LIMITATIONS"",""human_rationale"":""단계 활동과 관찰을 검토하여 다음 판단으로 진행한다. 미관찰은 부족/탈락과 동일하지 않다."",""observation_refs"":[""OB_REVIEW_ML_01_EV_APP0297_SECOND_INTERVIEW_VALUES_BEHAVIOR_INTERVIEW_M1_SKILL_04"",""OB_REVIEW_HM_01_EV_APP0297_SECOND_INTERVIEW_VALUES_BEHAVIOR_INTERVIEW_M1_SKILL_04"",""OB_REVIEW_ML_01_EV_APP0297_SECOND_INTERVIEW_VALUES_BEHAVIOR_INTERVIEW_M1_SKILL_05"",""OB_REVIEW_HM_01_EV_APP0297_SECOND_INTERVIEW_VALUES_BEHAVIOR_INTERVIEW_M1_SKILL_05""],""stage"":""SECOND_INTERVIEW""}"
APP0300_SECOND_INTERVIEW,APP0300,C0300,SECOND_INTERVIEW,2027-02-17T10:45:00+09:00,2027-02-18T10:45:00+09:00,2027-02-25T10:45:00+09:00,2027-02-25T13:10:00+09:00,2027-02-26T13:10:00+09:00,2027-03-02T13:10:00+09:00,,ADVANCED,BEHAVIOR_REVIEWED,,SYNTHETIC_HUMAN_SCENARIO,"{""criterion"":""BOTH_BEHAVIORAL_LIMITATIONS"",""human_rationale"":""단계 활동과 관찰을 검토하여 다음 판단으로 진행한다. 미관찰은 부족/탈락과 동일하지 않다."",""observation_refs"":[""OB_REVIEW_ML_01_EV_APP0300_SECOND_INTERVIEW_VALUES_BEHAVIOR_INTERVIEW_M1_SKILL_04"",""OB_REVIEW_HM_01_EV_APP0300_SECOND_INTERVIEW_VALUES_BEHAVIOR_INTERVIEW_M1_SKILL_04"",""OB_REVIEW_ML_01_EV_APP0300_SECOND_INTERVIEW_VALUES_BEHAVIOR_INTERVIEW_M1_SKILL_05"",""OB_REVIEW_HM_01_EV_APP0300_SECOND_INTERVIEW_VALUES_BEHAVIOR_INTERVIEW_M1_SKILL_05""],""stage"":""SECOND_INTERVIEW""}"
APP0279_SECOND_INTERVIEW,APP0279,C0279,SECOND_INTERVIEW,2027-02-18T10:35:00+09:00,2027-02-19T10:35:00+09:00,2027-02-26T10:35:00+09:00,2027-02-26T12:10:00+09:00,2027-03-03T12:10:00+09:00,2027-03-07T12:10:00+09:00,,ADVANCED,BEHAVIOR_REVIEWED,,SYNTHETIC_HUMAN_SCENARIO,"{""criterion"":""BOTH_BEHAVIORAL_LIMITATIONS"",""human_rationale"":""단계 활동과 관찰을 검토하여 다음 판단으로 진행한다. 미관찰은 부족/탈락과 동일하지 않다."",""observation_refs"":[""OB_REVIEW_ML_01_EV_APP0279_SECOND_INTERVIEW_VALUES_BEHAVIOR_INTERVIEW_M1_SKILL_04"",""OB_REVIEW_HM_01_EV_APP0279_SECOND_INTERVIEW_VALUES_BEHAVIOR_INTERVIEW_M1_SKILL_04"",""OB_REVIEW_ML_01_EV_APP0279_SECOND_INTERVIEW_VALUES_BEHAVIOR_INTERVIEW_M1_SKILL_05"",""OB_REVIEW_HM_01_EV_APP0279_SECOND_INTERVIEW_VALUES_BEHAVIOR_INTERVIEW_M1_SKILL_05""],""stage"":""SECOND_INTERVIEW""}"
APP0274_SECOND_INTERVIEW,APP0274,C0274,SECOND_INTERVIEW,2027-02-18T10:40:00+09:00,2027-02-19T10:40:00+09:00,2027-03-05T10:40:00+09:00,2027-03-05T11:30:00+09:00,2027-03-07T11:30:00+09:00,2027-03-11T11:30:00+09:00,,ADVANCED,BEHAVIOR_REVIEWED,,SYNTHETIC_HUMAN_SCENARIO,"{""criterion"":""BOTH_BEHAVIORAL_LIMITATIONS"",""human_rationale"":""단계 활동과 관찰을 검토하여 다음 판단으로 진행한다. 미관찰은 부족/탈락과 동일하지 않다."",""observation_refs"":[""OB_REVIEW_ML_01_EV_APP0274_SECOND_INTERVIEW_VALUES_BEHAVIOR_INTERVIEW_M1_SKILL_04"",""OB_REVIEW_HM_01_EV_APP0274_SECOND_INTERVIEW_VALUES_BEHAVIOR_INTERVIEW_M1_SKILL_04"",""OB_REVIEW_ML_01_EV_APP0274_SECOND_INTERVIEW_VALUES_BEHAVIOR_INTERVIEW_M1_SKILL_05"",""OB_REVIEW_HM_01_EV_APP0274_SECOND_INTERVIEW_VALUES_BEHAVIOR_INTERVIEW_M1_SKILL_05""],""stage"":""SECOND_INTERVIEW""}"
APP0319_SECOND_INTERVIEW,APP0319,C0319,SECOND_INTERVIEW,2027-02-18T10:40:00+09:00,2027-02-19T10:40:00+09:00,2027-02-26T10:40:00+09:00,2027-02-26T12:50:00+09:00,2027-03-01T12:50:00+09:00,2027-03-02T12:50:00+09:00,,ADVANCED,BEHAVIOR_REVIEWED,,SYNTHETIC_HUMAN_SCENARIO,"{""criterion"":""BOTH_BEHAVIORAL_LIMITATIONS"",""human_rationale"":""단계 활동과 관찰을 검토하여 다음 판단으로 진행한다. 미관찰은 부족/탈락과 동일하지 않다."",""observation_refs"":[""OB_REVIEW_ML_01_EV_APP0319_SECOND_INTERVIEW_VALUES_BEHAVIOR_INTERVIEW_M1_SKILL_04"",""OB_REVIEW_HM_01_EV_APP0319_SECOND_INTERVIEW_VALUES_BEHAVIOR_INTERVIEW_M1_SKILL_04"",""OB_REVIEW_ML_01_EV_APP0319_SECOND_INTERVIEW_VALUES_BEHAVIOR_INTERVIEW_M1_SKILL_05"",""OB_REVIEW_HM_01_EV_APP0319_SECOND_INTERVIEW_VALUES_BEHAVIOR_INTERVIEW_M1_SKILL_05""],""stage"":""SECOND_INTERVIEW""}"
APP0273_SECOND_INTERVIEW,APP0273,C0273,SECOND_INTERVIEW,2027-02-18T10:45:00+09:00,2027-02-19T10:45:00+09:00,2027-03-05T10:45:00+09:00,,,,2027-02-21T10:45:00+09:00,WITHDRAWN,,UNKNOWN,,
APP0326_SECOND_INTERVIEW,APP0326,C0326,SECOND_INTERVIEW,2027-02-19T10:50:00+09:00,2027-02-20T10:50:00+09:00,2027-02-27T10:50:00+09:00,2027-02-27T13:20:00+09:00,2027-02-28T13:20:00+09:00,2027-02-28T13:20:00+09:00,,ADVANCED,BEHAVIOR_REVIEWED,,SYNTHETIC_HUMAN_SCENARIO,"{""criterion"":""BOTH_BEHAVIORAL_LIMITATIONS"",""human_rationale"":""단계 활동과 관찰을 검토하여 다음 판단으로 진행한다. 미관찰은 부족/탈락과 동일하지 않다."",""observation_refs"":[""OB_REVIEW_ML_01_EV_APP0326_SECOND_INTERVIEW_VALUES_BEHAVIOR_INTERVIEW_M1_SKILL_04"",""OB_REVIEW_HM_01_EV_APP0326_SECOND_INTERVIEW_VALUES_BEHAVIOR_INTERVIEW_M1_SKILL_04"",""OB_REVIEW_ML_01_EV_APP0326_SECOND_INTERVIEW_VALUES_BEHAVIOR_INTERVIEW_M1_SKILL_05"",""OB_REVIEW_HM_01_EV_APP0326_SECOND_INTERVIEW_VALUES_BEHAVIOR_INTERVIEW_M1_SKILL_05""],""stage"":""SECOND_INTERVIEW""}"
APP0314_SECOND_INTERVIEW,APP0314,C0314,SECOND_INTERVIEW,2027-02-20T10:35:00+09:00,2027-02-21T10:35:00+09:00,2027-03-07T10:35:00+09:00,2027-03-07T11:15:00+09:00,2027-03-12T11:15:00+09:00,2027-03-16T11:15:00+09:00,,ADVANCED,BEHAVIOR_REVIEWED,,SYNTHETIC_HUMAN_SCENARIO,"{""criterion"":""BOTH_BEHAVIORAL_LIMITATIONS"",""human_rationale"":""단계 활동과 관찰을 검토하여 다음 판단으로 진행한다. 미관찰은 부족/탈락과 동일하지 않다."",""observation_refs"":[""OB_REVIEW_ML_01_EV_APP0314_SECOND_INTERVIEW_VALUES_BEHAVIOR_INTERVIEW_M1_SKILL_04"",""OB_REVIEW_HM_01_EV_APP0314_SECOND_INTERVIEW_VALUES_BEHAVIOR_INTERVIEW_M1_SKILL_04"",""OB_REVIEW_ML_01_EV_APP0314_SECOND_INTERVIEW_VALUES_BEHAVIOR_INTERVIEW_M1_SKILL_05"",""OB_REVIEW_HM_01_EV_APP0314_SECOND_INTERVIEW_VALUES_BEHAVIOR_INTERVIEW_M1_SKILL_05""],""stage"":""SECOND_INTERVIEW""}"
APP0318_SECOND_INTERVIEW,APP0318,C0318,SECOND_INTERVIEW,2027-02-20T10:35:00+09:00,2027-02-21T10:35:00+09:00,2027-03-07T10:35:00+09:00,2027-03-07T12:15:00+09:00,2027-03-12T12:15:00+09:00,2027-03-12T12:15:00+09:00,,ADVANCED,BEHAVIOR_REVIEWED,,SYNTHETIC_HUMAN_SCENARIO,"{""criterion"":""BOTH_BEHAVIORAL_LIMITATIONS"",""human_rationale"":""단계 활동과 관찰을 검토하여 다음 판단으로 진행한다. 미관찰은 부족/탈락과 동일하지 않다."",""observation_refs"":[""OB_REVIEW_ML_01_EV_APP0318_SECOND_INTERVIEW_VALUES_BEHAVIOR_INTERVIEW_M1_SKILL_04"",""OB_REVIEW_HM_01_EV_APP0318_SECOND_INTERVIEW_VALUES_BEHAVIOR_INTERVIEW_M1_SKILL_04"",""OB_REVIEW_ML_01_EV_APP0318_SECOND_INTERVIEW_VALUES_BEHAVIOR_INTERVIEW_M1_SKILL_05"",""OB_REVIEW_HM_01_EV_APP0318_SECOND_INTERVIEW_VALUES_BEHAVIOR_INTERVIEW_M1_SKILL_05""],""stage"":""SECOND_INTERVIEW""}"
APP0324_SECOND_INTERVIEW,APP0324,C0324,SECOND_INTERVIEW,2027-02-20T10:45:00+09:00,2027-02-21T10:45:00+09:00,2027-03-03T10:45:00+09:00,,,,2027-02-23T10:45:00+09:00,WITHDRAWN,,UNKNOWN,,
APP0336_SECOND_INTERVIEW,APP0336,C0336,SECOND_INTERVIEW,2027-02-20T10:45:00+09:00,2027-02-21T10:45:00+09:00,2027-02-28T10:45:00+09:00,2027-02-28T12:00:00+09:00,2027-03-01T12:00:00+09:00,2027-03-03T12:00:00+09:00,,ADVANCED,BEHAVIOR_REVIEWED,,SYNTHETIC_HUMAN_SCENARIO,"{""criterion"":""BOTH_BEHAVIORAL_LIMITATIONS"",""human_rationale"":""단계 활동과 관찰을 검토하여 다음 판단으로 진행한다. 미관찰은 부족/탈락과 동일하지 않다."",""observation_refs"":[""OB_REVIEW_ML_01_EV_APP0336_SECOND_INTERVIEW_VALUES_BEHAVIOR_INTERVIEW_M1_SKILL_04"",""OB_REVIEW_HM_01_EV_APP0336_SECOND_INTERVIEW_VALUES_BEHAVIOR_INTERVIEW_M1_SKILL_04"",""OB_REVIEW_ML_01_EV_APP0336_SECOND_INTERVIEW_VALUES_BEHAVIOR_INTERVIEW_M1_SKILL_05"",""OB_REVIEW_HM_01_EV_APP0336_SECOND_INTERVIEW_VALUES_BEHAVIOR_INTERVIEW_M1_SKILL_05""],""stage"":""SECOND_INTERVIEW""}"
APP0325_SECOND_INTERVIEW,APP0325,C0325,SECOND_INTERVIEW,2027-02-20T10:55:00+09:00,2027-02-21T10:55:00+09:00,2027-03-07T10:55:00+09:00,,,,2027-02-23T10:55:00+09:00,WITHDRAWN,,UNKNOWN,,
APP0295_SECOND_INTERVIEW,APP0295,C0295,SECOND_INTERVIEW,2027-02-21T10:35:00+09:00,2027-02-22T10:35:00+09:00,2027-03-04T10:35:00+09:00,,,,,IN_PROGRESS,,,,"{""motive"":""UNKNOWN"",""operational_state"":""NO_RESPONSE_PENDING""}"
APP0334_SECOND_INTERVIEW,APP0334,C0334,SECOND_INTERVIEW,2027-02-21T10:35:00+09:00,2027-02-22T10:35:00+09:00,2027-03-01T10:35:00+09:00,2027-03-01T12:40:00+09:00,2027-03-06T12:40:00+09:00,2027-03-07T12:40:00+09:00,,ADVANCED,BEHAVIOR_REVIEWED,,SYNTHETIC_HUMAN_SCENARIO,"{""criterion"":""BOTH_BEHAVIORAL_LIMITATIONS"",""human_rationale"":""단계 활동과 관찰을 검토하여 다음 판단으로 진행한다. 미관찰은 부족/탈락과 동일하지 않다."",""observation_refs"":[""OB_REVIEW_ML_01_EV_APP0334_SECOND_INTERVIEW_VALUES_BEHAVIOR_INTERVIEW_M1_SKILL_04"",""OB_REVIEW_HM_01_EV_APP0334_SECOND_INTERVIEW_VALUES_BEHAVIOR_INTERVIEW_M1_SKILL_04"",""OB_REVIEW_ML_01_EV_APP0334_SECOND_INTERVIEW_VALUES_BEHAVIOR_INTERVIEW_M1_SKILL_05"",""OB_REVIEW_HM_01_EV_APP0334_SECOND_INTERVIEW_VALUES_BEHAVIOR_INTERVIEW_M1_SKILL_05""],""stage"":""SECOND_INTERVIEW""}"
APP0342_SECOND_INTERVIEW,APP0342,C0342,SECOND_INTERVIEW,2027-02-24T10:35:00+09:00,2027-02-25T10:35:00+09:00,2027-03-11T10:35:00+09:00,2027-03-11T11:25:00+09:00,2027-03-12T11:25:00+09:00,2027-03-13T11:25:00+09:00,,ADVANCED,BEHAVIOR_REVIEWED,,SYNTHETIC_HUMAN_SCENARIO,"{""criterion"":""BOTH_BEHAVIORAL_LIMITATIONS"",""human_rationale"":""단계 활동과 관찰을 검토하여 다음 판단으로 진행한다. 미관찰은 부족/탈락과 동일하지 않다."",""observation_refs"":[""OB_REVIEW_ML_01_EV_APP0342_SECOND_INTERVIEW_VALUES_BEHAVIOR_INTERVIEW_M1_SKILL_04"",""OB_REVIEW_HM_01_EV_APP0342_SECOND_INTERVIEW_VALUES_BEHAVIOR_INTERVIEW_M1_SKILL_04"",""OB_REVIEW_ML_01_EV_APP0342_SECOND_INTERVIEW_VALUES_BEHAVIOR_INTERVIEW_M1_SKILL_05"",""OB_REVIEW_HM_01_EV_APP0342_SECOND_INTERVIEW_VALUES_BEHAVIOR_INTERVIEW_M1_SKILL_05""],""stage"":""SECOND_INTERVIEW""}"
APP0335_SECOND_INTERVIEW,APP0335,C0335,SECOND_INTERVIEW,2027-02-25T10:50:00+09:00,2027-02-26T10:50:00+09:00,2027-03-08T10:50:00+09:00,2027-03-08T11:30:00+09:00,2027-03-10T11:30:00+09:00,2027-03-14T11:30:00+09:00,,ADVANCED,BEHAVIOR_REVIEWED,,SYNTHETIC_HUMAN_SCENARIO,"{""criterion"":""BOTH_BEHAVIORAL_LIMITATIONS"",""human_rationale"":""단계 활동과 관찰을 검토하여 다음 판단으로 진행한다. 미관찰은 부족/탈락과 동일하지 않다."",""observation_refs"":[""OB_REVIEW_ML_01_EV_APP0335_SECOND_INTERVIEW_VALUES_BEHAVIOR_INTERVIEW_M1_SKILL_04"",""OB_REVIEW_HM_01_EV_APP0335_SECOND_INTERVIEW_VALUES_BEHAVIOR_INTERVIEW_M1_SKILL_04"",""OB_REVIEW_ML_01_EV_APP0335_SECOND_INTERVIEW_VALUES_BEHAVIOR_INTERVIEW_M1_SKILL_05"",""OB_REVIEW_HM_01_EV_APP0335_SECOND_INTERVIEW_VALUES_BEHAVIOR_INTERVIEW_M1_SKILL_05""],""stage"":""SECOND_INTERVIEW""}"
APP0010_FINAL_REVIEW,APP0010,C0010,FINAL_REVIEW,2026-12-30T11:30:00+09:00,,,2026-12-30T11:30:00+09:00,2027-01-10T13:05:00+09:00,2027-01-14T13:05:00+09:00,,,FINAL_REVIEW_COMPLETE,,SYNTHETIC_HUMAN_SCENARIO,"{""final_decision_ref"":""FD_APP0010_RE_REVIEW""}"
APP0014_FINAL_REVIEW,APP0014,C0014,FINAL_REVIEW,2027-01-02T11:25:00+09:00,,,2027-01-02T11:25:00+09:00,2027-01-14T12:40:00+09:00,2027-01-18T12:40:00+09:00,,,FINAL_REVIEW_COMPLETE,,SYNTHETIC_HUMAN_SCENARIO,"{""final_decision_ref"":""FD_APP0014_RE_REVIEW""}"
APP0005_FINAL_REVIEW,APP0005,C0005,FINAL_REVIEW,2027-01-03T11:35:00+09:00,,,2027-01-03T11:35:00+09:00,2027-01-21T13:10:00+09:00,2027-01-25T13:10:00+09:00,,,FINAL_REVIEW_COMPLETE,,SYNTHETIC_HUMAN_SCENARIO,"{""final_decision_ref"":""FD_APP0005_RE_REVIEW""}"
APP0012_FINAL_REVIEW,APP0012,C0012,FINAL_REVIEW,2027-01-04T11:25:00+09:00,,,2027-01-04T11:25:00+09:00,2027-01-11T13:35:00+09:00,2027-01-12T13:35:00+09:00,,,FINAL_REVIEW_COMPLETE,,SYNTHETIC_HUMAN_SCENARIO,"{""final_decision_ref"":""FD_APP0012_INITIAL""}"
APP0003_FINAL_REVIEW,APP0003,C0003,FINAL_REVIEW,2027-01-05T11:35:00+09:00,,,2027-01-05T11:35:00+09:00,2027-01-23T13:00:00+09:00,2027-01-23T13:00:00+09:00,,,FINAL_REVIEW_COMPLETE,,SYNTHETIC_HUMAN_SCENARIO,"{""final_decision_ref"":""FD_APP0003_RE_REVIEW""}"
APP0037_FINAL_REVIEW,APP0037,C0037,FINAL_REVIEW,2027-01-05T13:05:00+09:00,,,2027-01-05T13:05:00+09:00,2027-01-20T14:35:00+09:00,2027-01-24T14:35:00+09:00,,,FINAL_REVIEW_COMPLETE,,SYNTHETIC_HUMAN_SCENARIO,"{""final_decision_ref"":""FD_APP0037_RE_REVIEW""}"
APP0027_FINAL_REVIEW,APP0027,C0027,FINAL_REVIEW,2027-01-06T12:15:00+09:00,,,2027-01-06T12:15:00+09:00,2027-01-19T14:50:00+09:00,2027-01-23T14:50:00+09:00,,,FINAL_REVIEW_COMPLETE,,SYNTHETIC_HUMAN_SCENARIO,"{""final_decision_ref"":""FD_APP0027_RE_REVIEW""}"
APP0039_FINAL_REVIEW,APP0039,C0039,FINAL_REVIEW,2027-01-07T11:15:00+09:00,,,2027-01-07T11:15:00+09:00,2027-01-20T12:35:00+09:00,2027-01-22T12:35:00+09:00,,,FINAL_REVIEW_COMPLETE,,SYNTHETIC_HUMAN_SCENARIO,"{""final_decision_ref"":""FD_APP0039_RE_REVIEW""}"
APP0031_FINAL_REVIEW,APP0031,C0031,FINAL_REVIEW,2027-01-07T11:35:00+09:00,,,2027-01-07T11:35:00+09:00,2027-01-20T15:40:00+09:00,2027-01-21T15:40:00+09:00,,,FINAL_REVIEW_COMPLETE,,SYNTHETIC_HUMAN_SCENARIO,"{""final_decision_ref"":""FD_APP0031_RE_REVIEW""}"
APP0021_FINAL_REVIEW,APP0021,C0021,FINAL_REVIEW,2027-01-07T11:40:00+09:00,,,2027-01-07T11:40:00+09:00,2027-01-21T14:20:00+09:00,2027-01-21T14:20:00+09:00,,,FINAL_REVIEW_COMPLETE,,SYNTHETIC_HUMAN_SCENARIO,"{""final_decision_ref"":""FD_APP0021_RE_REVIEW""}"
APP0045_FINAL_REVIEW,APP0045,C0045,FINAL_REVIEW,2027-01-07T13:20:00+09:00,,,2027-01-07T13:20:00+09:00,2027-01-22T15:40:00+09:00,2027-01-23T15:40:00+09:00,,,FINAL_REVIEW_COMPLETE,,SYNTHETIC_HUMAN_SCENARIO,"{""final_decision_ref"":""FD_APP0045_RE_REVIEW""}"
APP0006_FINAL_REVIEW,APP0006,C0006,FINAL_REVIEW,2027-01-10T12:30:00+09:00,,,2027-01-10T12:30:00+09:00,2027-01-26T13:55:00+09:00,2027-01-27T13:55:00+09:00,,,FINAL_REVIEW_COMPLETE,,SYNTHETIC_HUMAN_SCENARIO,"{""final_decision_ref"":""FD_APP0006_RE_REVIEW""}"
APP0040_FINAL_REVIEW,APP0040,C0040,FINAL_REVIEW,2027-01-11T11:30:00+09:00,,,2027-01-11T11:30:00+09:00,2027-01-19T11:50:00+09:00,2027-01-21T11:50:00+09:00,,,FINAL_REVIEW_COMPLETE,,SYNTHETIC_HUMAN_SCENARIO,"{""final_decision_ref"":""FD_APP0040_INITIAL""}"
APP0025_FINAL_REVIEW,APP0025,C0025,FINAL_REVIEW,2027-01-11T12:15:00+09:00,,,2027-01-11T12:15:00+09:00,2027-01-19T12:35:00+09:00,2027-01-19T12:35:00+09:00,,,FINAL_REVIEW_COMPLETE,,SYNTHETIC_HUMAN_SCENARIO,"{""final_decision_ref"":""FD_APP0025_INITIAL""}"
APP0053_FINAL_REVIEW,APP0053,C0053,FINAL_REVIEW,2027-01-11T14:00:00+09:00,,,2027-01-11T14:00:00+09:00,2027-01-29T15:35:00+09:00,2027-01-31T15:35:00+09:00,,,FINAL_REVIEW_COMPLETE,,SYNTHETIC_HUMAN_SCENARIO,"{""final_decision_ref"":""FD_APP0053_RE_REVIEW""}"
APP0058_FINAL_REVIEW,APP0058,C0058,FINAL_REVIEW,2027-01-12T12:30:00+09:00,,,2027-01-12T12:30:00+09:00,2027-01-28T13:45:00+09:00,2027-01-29T13:45:00+09:00,,,FINAL_REVIEW_COMPLETE,,SYNTHETIC_HUMAN_SCENARIO,"{""final_decision_ref"":""FD_APP0058_RE_REVIEW""}"
APP0007_FINAL_REVIEW,APP0007,C0007,FINAL_REVIEW,2027-01-13T11:30:00+09:00,,,2027-01-13T11:30:00+09:00,2027-01-20T11:50:00+09:00,2027-01-20T11:50:00+09:00,,,FINAL_REVIEW_COMPLETE,,SYNTHETIC_HUMAN_SCENARIO,"{""final_decision_ref"":""FD_APP0007_INITIAL""}"
APP0077_FINAL_REVIEW,APP0077,C0077,FINAL_REVIEW,2027-01-13T11:30:00+09:00,,,2027-01-13T11:30:00+09:00,2027-01-19T11:55:00+09:00,2027-01-20T11:55:00+09:00,,,FINAL_REVIEW_COMPLETE,,SYNTHETIC_HUMAN_SCENARIO,"{""final_decision_ref"":""FD_APP0077_INITIAL""}"
APP0046_FINAL_REVIEW,APP0046,C0046,FINAL_REVIEW,2027-01-14T11:10:00+09:00,,,2027-01-14T11:10:00+09:00,2027-02-01T12:35:00+09:00,2027-02-03T12:35:00+09:00,,,FINAL_REVIEW_COMPLETE,,SYNTHETIC_HUMAN_SCENARIO,"{""final_decision_ref"":""FD_APP0046_RE_REVIEW""}"
APP0013_FINAL_REVIEW,APP0013,C0013,FINAL_REVIEW,2027-01-14T11:30:00+09:00,,,2027-01-14T11:30:00+09:00,2027-01-29T13:55:00+09:00,2027-01-30T13:55:00+09:00,,,FINAL_REVIEW_COMPLETE,,SYNTHETIC_HUMAN_SCENARIO,"{""final_decision_ref"":""FD_APP0013_RE_REVIEW""}"
APP0041_FINAL_REVIEW,APP0041,C0041,FINAL_REVIEW,2027-01-14T14:30:00+09:00,,,2027-01-14T14:30:00+09:00,2027-01-21T14:55:00+09:00,2027-01-22T14:55:00+09:00,,,FINAL_REVIEW_COMPLETE,,SYNTHETIC_HUMAN_SCENARIO,"{""final_decision_ref"":""FD_APP0041_INITIAL""}"
APP0018_FINAL_REVIEW,APP0018,C0018,FINAL_REVIEW,2027-01-15T12:10:00+09:00,,,2027-01-15T12:10:00+09:00,2027-01-31T13:45:00+09:00,2027-02-01T13:45:00+09:00,,,FINAL_REVIEW_COMPLETE,,SYNTHETIC_HUMAN_SCENARIO,"{""final_decision_ref"":""FD_APP0018_RE_REVIEW""}"
APP0035_FINAL_REVIEW,APP0035,C0035,FINAL_REVIEW,2027-01-15T13:50:00+09:00,,,2027-01-15T13:50:00+09:00,2027-01-31T16:20:00+09:00,2027-02-02T16:20:00+09:00,,,FINAL_REVIEW_COMPLETE,,SYNTHETIC_HUMAN_SCENARIO,"{""final_decision_ref"":""FD_APP0035_RE_REVIEW""}"
APP0049_FINAL_REVIEW,APP0049,C0049,FINAL_REVIEW,2027-01-15T15:10:00+09:00,,,2027-01-15T15:10:00+09:00,2027-02-04T16:25:00+09:00,2027-02-08T16:25:00+09:00,,,FINAL_REVIEW_COMPLETE,,SYNTHETIC_HUMAN_SCENARIO,"{""final_decision_ref"":""FD_APP0049_RE_REVIEW""}"
APP0050_FINAL_REVIEW,APP0050,C0050,FINAL_REVIEW,2027-01-16T11:15:00+09:00,,,2027-01-16T11:15:00+09:00,2027-01-20T13:00:00+09:00,2027-01-20T13:00:00+09:00,,,FINAL_REVIEW_COMPLETE,,SYNTHETIC_HUMAN_SCENARIO,"{""final_decision_ref"":""FD_APP0050_INITIAL""}"
APP0061_FINAL_REVIEW,APP0061,C0061,FINAL_REVIEW,2027-01-16T11:55:00+09:00,,,2027-01-16T11:55:00+09:00,2027-01-30T14:15:00+09:00,2027-01-31T14:15:00+09:00,,,FINAL_REVIEW_COMPLETE,,SYNTHETIC_HUMAN_SCENARIO,"{""final_decision_ref"":""FD_APP0061_RE_REVIEW""}"
APP0064_FINAL_REVIEW,APP0064,C0064,FINAL_REVIEW,2027-01-16T12:20:00+09:00,,,2027-01-16T12:20:00+09:00,2027-01-30T15:10:00+09:00,2027-02-01T15:10:00+09:00,,,FINAL_REVIEW_COMPLETE,,SYNTHETIC_HUMAN_SCENARIO,"{""final_decision_ref"":""FD_APP0064_RE_REVIEW""}"
APP0090_FINAL_REVIEW,APP0090,C0090,FINAL_REVIEW,2027-01-16T13:35:00+09:00,,,2027-01-16T13:35:00+09:00,2027-01-29T15:55:00+09:00,2027-01-30T15:55:00+09:00,,,FINAL_REVIEW_COMPLETE,,SYNTHETIC_HUMAN_SCENARIO,"{""final_decision_ref"":""FD_APP0090_RE_REVIEW""}"
APP0051_FINAL_REVIEW,APP0051,C0051,FINAL_REVIEW,2027-01-18T11:30:00+09:00,,,2027-01-18T11:30:00+09:00,2027-02-03T13:05:00+09:00,2027-02-04T13:05:00+09:00,,,FINAL_REVIEW_COMPLETE,,SYNTHETIC_HUMAN_SCENARIO,"{""final_decision_ref"":""FD_APP0051_RE_REVIEW""}"
APP0048_FINAL_REVIEW,APP0048,C0048,FINAL_REVIEW,2027-01-18T13:10:00+09:00,,,2027-01-18T13:10:00+09:00,2027-01-31T16:40:00+09:00,2027-02-01T16:40:00+09:00,,,FINAL_REVIEW_COMPLETE,,SYNTHETIC_HUMAN_SCENARIO,"{""final_decision_ref"":""FD_APP0048_RE_REVIEW""}"
APP0070_FINAL_REVIEW,APP0070,C0070,FINAL_REVIEW,2027-01-19T11:55:00+09:00,,,2027-01-19T11:55:00+09:00,2027-01-29T12:15:00+09:00,2027-02-02T12:15:00+09:00,,,FINAL_REVIEW_COMPLETE,,SYNTHETIC_HUMAN_SCENARIO,"{""final_decision_ref"":""FD_APP0070_INITIAL""}"
APP0076_FINAL_REVIEW,APP0076,C0076,FINAL_REVIEW,2027-01-19T12:15:00+09:00,,,2027-01-19T12:15:00+09:00,2027-01-31T17:00:00+09:00,2027-02-02T17:00:00+09:00,,,FINAL_REVIEW_COMPLETE,,SYNTHETIC_HUMAN_SCENARIO,"{""final_decision_ref"":""FD_APP0076_RE_REVIEW""}"
APP0063_FINAL_REVIEW,APP0063,C0063,FINAL_REVIEW,2027-01-19T13:30:00+09:00,,,2027-01-19T13:30:00+09:00,2027-02-03T15:10:00+09:00,2027-02-04T15:10:00+09:00,,,FINAL_REVIEW_COMPLETE,,SYNTHETIC_HUMAN_SCENARIO,"{""final_decision_ref"":""FD_APP0063_RE_REVIEW""}"
APP0128_FINAL_REVIEW,APP0128,C0128,FINAL_REVIEW,2027-01-19T13:45:00+09:00,,,2027-01-19T13:45:00+09:00,2027-01-31T17:45:00+09:00,2027-02-02T17:45:00+09:00,,,FINAL_REVIEW_COMPLETE,,SYNTHETIC_HUMAN_SCENARIO,"{""final_decision_ref"":""FD_APP0128_RE_REVIEW""}"
APP0101_FINAL_REVIEW,APP0101,C0101,FINAL_REVIEW,2027-01-19T14:35:00+09:00,,,2027-01-19T14:35:00+09:00,2027-01-31T19:00:00+09:00,2027-01-31T19:00:00+09:00,,,FINAL_REVIEW_COMPLETE,,SYNTHETIC_HUMAN_SCENARIO,"{""final_decision_ref"":""FD_APP0101_RE_REVIEW""}"
APP0079_FINAL_REVIEW,APP0079,C0079,FINAL_REVIEW,2027-01-20T11:25:00+09:00,,,2027-01-20T11:25:00+09:00,2027-01-31T19:20:00+09:00,2027-01-31T19:20:00+09:00,,,FINAL_REVIEW_COMPLETE,,SYNTHETIC_HUMAN_SCENARIO,"{""final_decision_ref"":""FD_APP0079_RE_REVIEW""}"
APP0078_FINAL_REVIEW,APP0078,C0078,FINAL_REVIEW,2027-01-21T11:35:00+09:00,,,2027-01-21T11:35:00+09:00,2027-02-06T13:10:00+09:00,2027-02-08T13:10:00+09:00,,,FINAL_REVIEW_COMPLETE,,SYNTHETIC_HUMAN_SCENARIO,"{""final_decision_ref"":""FD_APP0078_RE_REVIEW""}"
APP0080_FINAL_REVIEW,APP0080,C0080,FINAL_REVIEW,2027-01-22T11:45:00+09:00,,,2027-01-22T11:45:00+09:00,2027-02-09T12:55:00+09:00,2027-02-11T12:55:00+09:00,,,FINAL_REVIEW_COMPLETE,,SYNTHETIC_HUMAN_SCENARIO,"{""final_decision_ref"":""FD_APP0080_RE_REVIEW""}"
APP0096_FINAL_REVIEW,APP0096,C0096,FINAL_REVIEW,2027-01-22T12:05:00+09:00,,,2027-01-22T12:05:00+09:00,2027-01-26T12:30:00+09:00,2027-01-28T12:30:00+09:00,,,FINAL_REVIEW_COMPLETE,,SYNTHETIC_HUMAN_SCENARIO,"{""final_decision_ref"":""FD_APP0096_INITIAL""}"
APP0123_FINAL_REVIEW,APP0123,C0123,FINAL_REVIEW,2027-01-23T11:30:00+09:00,,,2027-01-23T11:30:00+09:00,2027-02-07T13:15:00+09:00,2027-02-09T13:15:00+09:00,,,FINAL_REVIEW_COMPLETE,,SYNTHETIC_HUMAN_SCENARIO,"{""final_decision_ref"":""FD_APP0123_RE_REVIEW""}"
APP0082_FINAL_REVIEW,APP0082,C0082,FINAL_REVIEW,2027-01-23T12:45:00+09:00,,,2027-01-23T12:45:00+09:00,2027-02-01T19:45:00+09:00,2027-02-02T19:45:00+09:00,,,FINAL_REVIEW_COMPLETE,,SYNTHETIC_HUMAN_SCENARIO,"{""final_decision_ref"":""FD_APP0082_INITIAL""}"
APP0102_FINAL_REVIEW,APP0102,C0102,FINAL_REVIEW,2027-01-23T12:55:00+09:00,,,2027-01-23T12:55:00+09:00,2027-01-31T13:25:00+09:00,2027-02-01T13:25:00+09:00,,,FINAL_REVIEW_COMPLETE,,SYNTHETIC_HUMAN_SCENARIO,"{""final_decision_ref"":""FD_APP0102_INITIAL""}"
APP0059_FINAL_REVIEW,APP0059,C0059,FINAL_REVIEW,2027-01-24T12:30:00+09:00,,,2027-01-24T12:30:00+09:00,2027-02-05T13:50:00+09:00,2027-02-06T13:50:00+09:00,,,FINAL_REVIEW_COMPLETE,,SYNTHETIC_HUMAN_SCENARIO,"{""final_decision_ref"":""FD_APP0059_RE_REVIEW""}"
APP0115_FINAL_REVIEW,APP0115,C0115,FINAL_REVIEW,2027-01-25T13:15:00+09:00,,,2027-01-25T13:15:00+09:00,2027-02-02T13:45:00+09:00,2027-02-02T13:45:00+09:00,,,FINAL_REVIEW_COMPLETE,,SYNTHETIC_HUMAN_SCENARIO,"{""final_decision_ref"":""FD_APP0115_INITIAL""}"
APP0068_FINAL_REVIEW,APP0068,C0068,FINAL_REVIEW,2027-01-26T11:15:00+09:00,,,2027-01-26T11:15:00+09:00,2027-02-07T11:35:00+09:00,2027-02-08T11:35:00+09:00,,,FINAL_REVIEW_COMPLETE,,SYNTHETIC_HUMAN_SCENARIO,"{""final_decision_ref"":""FD_APP0068_INITIAL""}"
APP0109_FINAL_REVIEW,APP0109,C0109,FINAL_REVIEW,2027-01-26T12:30:00+09:00,,,2027-01-26T12:30:00+09:00,2027-02-03T12:50:00+09:00,2027-02-07T12:50:00+09:00,,,FINAL_REVIEW_COMPLETE,,SYNTHETIC_HUMAN_SCENARIO,"{""final_decision_ref"":""FD_APP0109_INITIAL""}"
APP0089_FINAL_REVIEW,APP0089,C0089,FINAL_REVIEW,2027-01-27T11:30:00+09:00,,,2027-01-27T11:30:00+09:00,2027-02-12T13:15:00+09:00,2027-02-14T13:15:00+09:00,,,FINAL_REVIEW_COMPLETE,,SYNTHETIC_HUMAN_SCENARIO,"{""final_decision_ref"":""FD_APP0089_RE_REVIEW""}"
APP0129_FINAL_REVIEW,APP0129,C0129,FINAL_REVIEW,2027-01-27T11:35:00+09:00,,,2027-01-27T11:35:00+09:00,2027-02-14T13:30:00+09:00,2027-02-14T13:30:00+09:00,,,FINAL_REVIEW_COMPLETE,,SYNTHETIC_HUMAN_SCENARIO,"{""final_decision_ref"":""FD_APP0129_RE_REVIEW""}"
APP0105_FINAL_REVIEW,APP0105,C0105,FINAL_REVIEW,2027-01-29T12:35:00+09:00,,,2027-01-29T12:35:00+09:00,2027-02-11T13:55:00+09:00,2027-02-11T13:55:00+09:00,,,FINAL_REVIEW_COMPLETE,,SYNTHETIC_HUMAN_SCENARIO,"{""final_decision_ref"":""FD_APP0105_RE_REVIEW""}"
APP0143_FINAL_REVIEW,APP0143,C0143,FINAL_REVIEW,2027-01-29T13:30:00+09:00,,,2027-01-29T13:30:00+09:00,2027-02-12T14:50:00+09:00,2027-02-14T14:50:00+09:00,,,FINAL_REVIEW_COMPLETE,,SYNTHETIC_HUMAN_SCENARIO,"{""final_decision_ref"":""FD_APP0143_RE_REVIEW""}"
APP0140_FINAL_REVIEW,APP0140,C0140,FINAL_REVIEW,2027-01-30T11:20:00+09:00,,,2027-01-30T11:20:00+09:00,2027-02-10T12:40:00+09:00,2027-02-11T12:40:00+09:00,,,FINAL_REVIEW_COMPLETE,,SYNTHETIC_HUMAN_SCENARIO,"{""final_decision_ref"":""FD_APP0140_RE_REVIEW""}"
APP0116_FINAL_REVIEW,APP0116,C0116,FINAL_REVIEW,2027-01-30T11:40:00+09:00,,,2027-01-30T11:40:00+09:00,2027-02-07T13:25:00+09:00,2027-02-09T13:25:00+09:00,,,FINAL_REVIEW_COMPLETE,,SYNTHETIC_HUMAN_SCENARIO,"{""final_decision_ref"":""FD_APP0116_INITIAL""}"
APP0121_FINAL_REVIEW,APP0121,C0121,FINAL_REVIEW,2027-01-30T12:20:00+09:00,,,2027-01-30T12:20:00+09:00,2027-02-15T15:00:00+09:00,2027-02-16T15:00:00+09:00,,,FINAL_REVIEW_COMPLETE,,SYNTHETIC_HUMAN_SCENARIO,"{""final_decision_ref"":""FD_APP0121_RE_REVIEW""}"
APP0142_FINAL_REVIEW,APP0142,C0142,FINAL_REVIEW,2027-01-30T12:20:00+09:00,,,2027-01-30T12:20:00+09:00,2027-02-17T14:55:00+09:00,2027-02-18T14:55:00+09:00,,,FINAL_REVIEW_COMPLETE,,SYNTHETIC_HUMAN_SCENARIO,"{""final_decision_ref"":""FD_APP0142_RE_REVIEW""}"
APP0134_FINAL_REVIEW,APP0134,C0134,FINAL_REVIEW,2027-01-30T13:00:00+09:00,,,2027-01-30T13:00:00+09:00,2027-02-15T16:25:00+09:00,2027-02-19T16:25:00+09:00,,,FINAL_REVIEW_COMPLETE,,SYNTHETIC_HUMAN_SCENARIO,"{""final_decision_ref"":""FD_APP0134_RE_REVIEW""}"
APP0104_FINAL_REVIEW,APP0104,C0104,FINAL_REVIEW,2027-01-30T14:30:00+09:00,,,2027-01-30T14:30:00+09:00,2027-02-12T16:45:00+09:00,2027-02-13T16:45:00+09:00,,,FINAL_REVIEW_COMPLETE,,SYNTHETIC_HUMAN_SCENARIO,"{""final_decision_ref"":""FD_APP0104_RE_REVIEW""}"
APP0097_FINAL_REVIEW,APP0097,C0097,FINAL_REVIEW,2027-01-31T11:35:00+09:00,,,2027-01-31T11:35:00+09:00,2027-02-13T17:10:00+09:00,2027-02-13T17:10:00+09:00,,,FINAL_REVIEW_COMPLETE,,SYNTHETIC_HUMAN_SCENARIO,"{""final_decision_ref"":""FD_APP0097_RE_REVIEW""}"
APP0107_FINAL_REVIEW,APP0107,C0107,FINAL_REVIEW,2027-01-31T11:40:00+09:00,,,2027-01-31T11:40:00+09:00,2027-02-15T17:30:00+09:00,2027-02-17T17:30:00+09:00,,,FINAL_REVIEW_COMPLETE,,SYNTHETIC_HUMAN_SCENARIO,"{""final_decision_ref"":""FD_APP0107_RE_REVIEW""}"
APP0146_FINAL_REVIEW,APP0146,C0146,FINAL_REVIEW,2027-01-31T12:10:00+09:00,,,2027-01-31T12:10:00+09:00,2027-02-16T15:00:00+09:00,2027-02-18T15:00:00+09:00,,,FINAL_REVIEW_COMPLETE,,SYNTHETIC_HUMAN_SCENARIO,"{""final_decision_ref"":""FD_APP0146_RE_REVIEW""}"
APP0155_FINAL_REVIEW,APP0155,C0155,FINAL_REVIEW,2027-01-31T12:15:00+09:00,,,2027-01-31T12:15:00+09:00,2027-02-12T12:45:00+09:00,2027-02-13T12:45:00+09:00,,,FINAL_REVIEW_COMPLETE,,SYNTHETIC_HUMAN_SCENARIO,"{""final_decision_ref"":""FD_APP0155_INITIAL""}"
APP0113_FINAL_REVIEW,APP0113,C0113,FINAL_REVIEW,2027-01-31T13:20:00+09:00,,,2027-01-31T13:20:00+09:00,2027-02-04T16:45:00+09:00,2027-02-05T16:45:00+09:00,,,FINAL_REVIEW_COMPLETE,,SYNTHETIC_HUMAN_SCENARIO,"{""final_decision_ref"":""FD_APP0113_INITIAL""}"
APP0124_FINAL_REVIEW,APP0124,C0124,FINAL_REVIEW,2027-02-01T11:25:00+09:00,,,2027-02-01T11:25:00+09:00,2027-02-14T14:30:00+09:00,2027-02-15T14:30:00+09:00,,,FINAL_REVIEW_COMPLETE,,SYNTHETIC_HUMAN_SCENARIO,"{""final_decision_ref"":""FD_APP0124_RE_REVIEW""}"
APP0110_FINAL_REVIEW,APP0110,C0110,FINAL_REVIEW,2027-02-01T11:35:00+09:00,,,2027-02-01T11:35:00+09:00,2027-02-19T13:15:00+09:00,2027-02-23T13:15:00+09:00,,,FINAL_REVIEW_COMPLETE,,SYNTHETIC_HUMAN_SCENARIO,"{""final_decision_ref"":""FD_APP0110_RE_REVIEW""}"
APP0135_FINAL_REVIEW,APP0135,C0135,FINAL_REVIEW,2027-02-01T13:00:00+09:00,,,2027-02-01T13:00:00+09:00,2027-02-09T13:20:00+09:00,2027-02-13T13:20:00+09:00,,,FINAL_REVIEW_COMPLETE,,SYNTHETIC_HUMAN_SCENARIO,"{""final_decision_ref"":""FD_APP0135_INITIAL""}"
APP0151_FINAL_REVIEW,APP0151,C0151,FINAL_REVIEW,2027-02-02T11:20:00+09:00,,,2027-02-02T11:20:00+09:00,2027-02-15T12:55:00+09:00,2027-02-17T12:55:00+09:00,,,FINAL_REVIEW_COMPLETE,,SYNTHETIC_HUMAN_SCENARIO,"{""final_decision_ref"":""FD_APP0151_RE_REVIEW""}"
APP0130_FINAL_REVIEW,APP0130,C0130,FINAL_REVIEW,2027-02-02T12:25:00+09:00,,,2027-02-02T12:25:00+09:00,2027-02-14T15:25:00+09:00,2027-02-16T15:25:00+09:00,,,FINAL_REVIEW_COMPLETE,,SYNTHETIC_HUMAN_SCENARIO,"{""final_decision_ref"":""FD_APP0130_RE_REVIEW""}"
APP0175_FINAL_REVIEW,APP0175,C0175,FINAL_REVIEW,2027-02-02T13:30:00+09:00,,,2027-02-02T13:30:00+09:00,2027-02-09T13:55:00+09:00,2027-02-11T13:55:00+09:00,,,FINAL_REVIEW_COMPLETE,,SYNTHETIC_HUMAN_SCENARIO,"{""final_decision_ref"":""FD_APP0175_INITIAL""}"
APP0164_FINAL_REVIEW,APP0164,C0164,FINAL_REVIEW,2027-02-02T15:05:00+09:00,,,2027-02-02T15:05:00+09:00,2027-02-14T16:40:00+09:00,2027-02-14T16:40:00+09:00,,,FINAL_REVIEW_COMPLETE,,SYNTHETIC_HUMAN_SCENARIO,"{""final_decision_ref"":""FD_APP0164_RE_REVIEW""}"
APP0136_FINAL_REVIEW,APP0136,C0136,FINAL_REVIEW,2027-02-03T11:35:00+09:00,,,2027-02-03T11:35:00+09:00,2027-02-12T12:00:00+09:00,2027-02-13T12:00:00+09:00,,,FINAL_REVIEW_COMPLETE,,SYNTHETIC_HUMAN_SCENARIO,"{""final_decision_ref"":""FD_APP0136_INITIAL""}"
APP0131_FINAL_REVIEW,APP0131,C0131,FINAL_REVIEW,2027-02-04T12:10:00+09:00,,,2027-02-04T12:10:00+09:00,2027-02-12T13:10:00+09:00,2027-02-13T13:10:00+09:00,,,FINAL_REVIEW_COMPLETE,,SYNTHETIC_HUMAN_SCENARIO,"{""final_decision_ref"":""FD_APP0131_INITIAL""}"
APP0149_FINAL_REVIEW,APP0149,C0149,FINAL_REVIEW,2027-02-04T14:05:00+09:00,,,2027-02-04T14:05:00+09:00,2027-02-12T14:30:00+09:00,2027-02-14T14:30:00+09:00,,,FINAL_REVIEW_COMPLETE,,SYNTHETIC_HUMAN_SCENARIO,"{""final_decision_ref"":""FD_APP0149_INITIAL""}"
APP0150_FINAL_REVIEW,APP0150,C0150,FINAL_REVIEW,2027-02-05T12:20:00+09:00,,,2027-02-05T12:20:00+09:00,2027-02-21T14:40:00+09:00,2027-02-21T14:40:00+09:00,,,FINAL_REVIEW_COMPLETE,,SYNTHETIC_HUMAN_SCENARIO,"{""final_decision_ref"":""FD_APP0150_RE_REVIEW""}"
APP0141_FINAL_REVIEW,APP0141,C0141,FINAL_REVIEW,2027-02-06T11:30:00+09:00,,,2027-02-06T11:30:00+09:00,2027-02-18T13:45:00+09:00,2027-02-20T13:45:00+09:00,,,FINAL_REVIEW_COMPLETE,,SYNTHETIC_HUMAN_SCENARIO,"{""final_decision_ref"":""FD_APP0141_RE_REVIEW""}"
APP0161_FINAL_REVIEW,APP0161,C0161,FINAL_REVIEW,2027-02-06T13:10:00+09:00,,,2027-02-06T13:10:00+09:00,2027-02-22T17:50:00+09:00,2027-02-23T17:50:00+09:00,,,FINAL_REVIEW_COMPLETE,,SYNTHETIC_HUMAN_SCENARIO,"{""final_decision_ref"":""FD_APP0161_RE_REVIEW""}"
APP0176_FINAL_REVIEW,APP0176,C0176,FINAL_REVIEW,2027-02-06T15:00:00+09:00,,,2027-02-06T15:00:00+09:00,2027-02-18T16:35:00+09:00,2027-02-22T16:35:00+09:00,,,FINAL_REVIEW_COMPLETE,,SYNTHETIC_HUMAN_SCENARIO,"{""final_decision_ref"":""FD_APP0176_RE_REVIEW""}"
APP0154_FINAL_REVIEW,APP0154,C0154,FINAL_REVIEW,2027-02-06T15:55:00+09:00,,,2027-02-06T15:55:00+09:00,2027-02-26T18:35:00+09:00,2027-03-02T18:35:00+09:00,,,FINAL_REVIEW_COMPLETE,,SYNTHETIC_HUMAN_SCENARIO,"{""final_decision_ref"":""FD_APP0154_RE_REVIEW""}"
APP0119_FINAL_REVIEW,APP0119,C0119,FINAL_REVIEW,2027-02-07T11:30:00+09:00,,,2027-02-07T11:30:00+09:00,2027-02-19T13:20:00+09:00,2027-02-23T13:20:00+09:00,,,FINAL_REVIEW_COMPLETE,,SYNTHETIC_HUMAN_SCENARIO,"{""final_decision_ref"":""FD_APP0119_INITIAL""}"
APP0152_FINAL_REVIEW,APP0152,C0152,FINAL_REVIEW,2027-02-07T12:30:00+09:00,,,2027-02-07T12:30:00+09:00,2027-02-21T14:55:00+09:00,2027-02-22T14:55:00+09:00,,,FINAL_REVIEW_COMPLETE,,SYNTHETIC_HUMAN_SCENARIO,"{""final_decision_ref"":""FD_APP0152_RE_REVIEW""}"
APP0159_FINAL_REVIEW,APP0159,C0159,FINAL_REVIEW,2027-02-08T11:45:00+09:00,,,2027-02-08T11:45:00+09:00,2027-02-12T12:25:00+09:00,2027-02-13T12:25:00+09:00,,,FINAL_REVIEW_COMPLETE,,SYNTHETIC_HUMAN_SCENARIO,"{""final_decision_ref"":""FD_APP0159_INITIAL""}"
APP0148_FINAL_REVIEW,APP0148,C0148,FINAL_REVIEW,2027-02-08T13:15:00+09:00,,,2027-02-08T13:15:00+09:00,2027-02-26T19:30:00+09:00,2027-02-28T19:30:00+09:00,,,FINAL_REVIEW_COMPLETE,,SYNTHETIC_HUMAN_SCENARIO,"{""final_decision_ref"":""FD_APP0148_RE_REVIEW""}"
APP0194_FINAL_REVIEW,APP0194,C0194,FINAL_REVIEW,2027-02-08T13:35:00+09:00,,,2027-02-08T13:35:00+09:00,2027-02-16T18:10:00+09:00,2027-02-17T18:10:00+09:00,,,FINAL_REVIEW_COMPLETE,,SYNTHETIC_HUMAN_SCENARIO,"{""final_decision_ref"":""FD_APP0194_INITIAL""}"
APP0167_FINAL_REVIEW,APP0167,C0167,FINAL_REVIEW,2027-02-08T15:35:00+09:00,,,2027-02-08T15:35:00+09:00,2027-02-25T17:00:00+09:00,2027-02-27T17:00:00+09:00,,,FINAL_REVIEW_COMPLETE,,SYNTHETIC_HUMAN_SCENARIO,"{""final_decision_ref"":""FD_APP0167_RE_REVIEW""}"
APP0170_FINAL_REVIEW,APP0170,C0170,FINAL_REVIEW,2027-02-10T11:20:00+09:00,,,2027-02-10T11:20:00+09:00,2027-02-28T12:55:00+09:00,2027-02-28T12:55:00+09:00,,,FINAL_REVIEW_COMPLETE,,SYNTHETIC_HUMAN_SCENARIO,"{""final_decision_ref"":""FD_APP0170_RE_REVIEW""}"
APP0193_FINAL_REVIEW,APP0193,C0193,FINAL_REVIEW,2027-02-10T11:50:00+09:00,,,2027-02-10T11:50:00+09:00,2027-02-24T12:55:00+09:00,2027-02-26T12:55:00+09:00,,,FINAL_REVIEW_COMPLETE,,SYNTHETIC_HUMAN_SCENARIO,"{""final_decision_ref"":""FD_APP0193_RE_REVIEW""}"
APP0199_FINAL_REVIEW,APP0199,C0199,FINAL_REVIEW,2027-02-11T12:15:00+09:00,,,2027-02-11T12:15:00+09:00,2027-02-27T16:25:00+09:00,2027-02-27T16:25:00+09:00,,,FINAL_REVIEW_COMPLETE,,SYNTHETIC_HUMAN_SCENARIO,"{""final_decision_ref"":""FD_APP0199_RE_REVIEW""}"
APP0186_FINAL_REVIEW,APP0186,C0186,FINAL_REVIEW,2027-02-11T12:40:00+09:00,,,2027-02-11T12:40:00+09:00,2027-02-23T13:35:00+09:00,2027-02-25T13:35:00+09:00,,,FINAL_REVIEW_COMPLETE,,SYNTHETIC_HUMAN_SCENARIO,"{""final_decision_ref"":""FD_APP0186_INITIAL""}"
APP0162_FINAL_REVIEW,APP0162,C0162,FINAL_REVIEW,2027-02-11T12:45:00+09:00,,,2027-02-11T12:45:00+09:00,2027-03-01T14:10:00+09:00,2027-03-03T14:10:00+09:00,,,FINAL_REVIEW_COMPLETE,,SYNTHETIC_HUMAN_SCENARIO,"{""final_decision_ref"":""FD_APP0162_RE_REVIEW""}"
APP0173_FINAL_REVIEW,APP0173,C0173,FINAL_REVIEW,2027-02-11T14:00:00+09:00,,,2027-02-11T14:00:00+09:00,2027-02-22T19:50:00+09:00,2027-02-22T19:50:00+09:00,,,FINAL_REVIEW_COMPLETE,,SYNTHETIC_HUMAN_SCENARIO,"{""final_decision_ref"":""FD_APP0173_RE_REVIEW""}"
APP0189_FINAL_REVIEW,APP0189,C0189,FINAL_REVIEW,2027-02-11T14:35:00+09:00,,,2027-02-11T14:35:00+09:00,2027-03-03T16:15:00+09:00,2027-03-07T16:15:00+09:00,,,FINAL_REVIEW_COMPLETE,,SYNTHETIC_HUMAN_SCENARIO,"{""final_decision_ref"":""FD_APP0189_RE_REVIEW""}"
APP0181_FINAL_REVIEW,APP0181,C0181,FINAL_REVIEW,2027-02-12T11:40:00+09:00,,,2027-02-12T11:40:00+09:00,2027-02-24T12:00:00+09:00,2027-02-28T12:00:00+09:00,,,FINAL_REVIEW_COMPLETE,,SYNTHETIC_HUMAN_SCENARIO,"{""final_decision_ref"":""FD_APP0181_INITIAL""}"
APP0202_FINAL_REVIEW,APP0202,C0202,FINAL_REVIEW,2027-02-12T12:25:00+09:00,,,2027-02-12T12:25:00+09:00,2027-03-02T13:40:00+09:00,2027-03-02T13:40:00+09:00,,,FINAL_REVIEW_COMPLETE,,SYNTHETIC_HUMAN_SCENARIO,"{""final_decision_ref"":""FD_APP0202_RE_REVIEW""}"
APP0163_FINAL_REVIEW,APP0163,C0163,FINAL_REVIEW,2027-02-13T11:25:00+09:00,,,2027-02-13T11:25:00+09:00,2027-02-28T14:10:00+09:00,2027-03-02T14:10:00+09:00,,,FINAL_REVIEW_COMPLETE,,SYNTHETIC_HUMAN_SCENARIO,"{""final_decision_ref"":""FD_APP0163_RE_REVIEW""}"
APP0230_FINAL_REVIEW,APP0230,C0230,FINAL_REVIEW,2027-02-13T14:20:00+09:00,,,2027-02-13T14:20:00+09:00,2027-03-01T16:40:00+09:00,2027-03-05T16:40:00+09:00,,,FINAL_REVIEW_COMPLETE,,SYNTHETIC_HUMAN_SCENARIO,"{""final_decision_ref"":""FD_APP0230_RE_REVIEW""}"
APP0166_FINAL_REVIEW,APP0166,C0166,FINAL_REVIEW,2027-02-14T11:25:00+09:00,,,2027-02-14T11:25:00+09:00,2027-02-17T11:55:00+09:00,2027-02-18T11:55:00+09:00,,,FINAL_REVIEW_COMPLETE,,SYNTHETIC_HUMAN_SCENARIO,"{""final_decision_ref"":""FD_APP0166_INITIAL""}"
APP0225_FINAL_REVIEW,APP0225,C0225,FINAL_REVIEW,2027-02-14T13:30:00+09:00,,,2027-02-14T13:30:00+09:00,2027-02-23T13:50:00+09:00,2027-02-23T13:50:00+09:00,,,FINAL_REVIEW_COMPLETE,,SYNTHETIC_HUMAN_SCENARIO,"{""final_decision_ref"":""FD_APP0225_INITIAL""}"
APP0182_FINAL_REVIEW,APP0182,C0182,FINAL_REVIEW,2027-02-16T11:40:00+09:00,,,2027-02-16T11:40:00+09:00,2027-02-23T14:05:00+09:00,2027-02-25T14:05:00+09:00,,,FINAL_REVIEW_COMPLETE,,SYNTHETIC_HUMAN_SCENARIO,"{""final_decision_ref"":""FD_APP0182_INITIAL""}"
APP0237_FINAL_REVIEW,APP0237,C0237,FINAL_REVIEW,2027-02-16T12:00:00+09:00,,,2027-02-16T12:00:00+09:00,2027-03-06T14:25:00+09:00,2027-03-07T14:25:00+09:00,,,FINAL_REVIEW_COMPLETE,,SYNTHETIC_HUMAN_SCENARIO,"{""final_decision_ref"":""FD_APP0237_RE_REVIEW""}"
APP0209_FINAL_REVIEW,APP0209,C0209,FINAL_REVIEW,2027-02-16T12:20:00+09:00,,,2027-02-16T12:20:00+09:00,2027-02-26T12:50:00+09:00,2027-03-02T12:50:00+09:00,,,FINAL_REVIEW_COMPLETE,,SYNTHETIC_HUMAN_SCENARIO,"{""final_decision_ref"":""FD_APP0209_INITIAL""}"
APP0235_FINAL_REVIEW,APP0235,C0235,FINAL_REVIEW,2027-02-16T12:35:00+09:00,,,2027-02-16T12:35:00+09:00,2027-03-04T14:05:00+09:00,2027-03-05T14:05:00+09:00,,,FINAL_REVIEW_COMPLETE,,SYNTHETIC_HUMAN_SCENARIO,"{""final_decision_ref"":""FD_APP0235_RE_REVIEW""}"
APP0196_FINAL_REVIEW,APP0196,C0196,FINAL_REVIEW,2027-02-17T11:30:00+09:00,,,2027-02-17T11:30:00+09:00,2027-02-25T11:55:00+09:00,2027-02-25T11:55:00+09:00,,,FINAL_REVIEW_COMPLETE,,SYNTHETIC_HUMAN_SCENARIO,"{""final_decision_ref"":""FD_APP0196_INITIAL""}"
APP0241_FINAL_REVIEW,APP0241,C0241,FINAL_REVIEW,2027-02-17T14:20:00+09:00,,,2027-02-17T14:20:00+09:00,2027-03-07T15:45:00+09:00,2027-03-08T15:45:00+09:00,,,FINAL_REVIEW_COMPLETE,,SYNTHETIC_HUMAN_SCENARIO,"{""final_decision_ref"":""FD_APP0241_RE_REVIEW""}"
APP0210_FINAL_REVIEW,APP0210,C0210,FINAL_REVIEW,2027-02-18T11:20:00+09:00,,,2027-02-18T11:20:00+09:00,2027-03-02T14:05:00+09:00,2027-03-06T14:05:00+09:00,,,FINAL_REVIEW_COMPLETE,,SYNTHETIC_HUMAN_SCENARIO,"{""final_decision_ref"":""FD_APP0210_RE_REVIEW""}"
APP0232_FINAL_REVIEW,APP0232,C0232,FINAL_REVIEW,2027-02-18T11:35:00+09:00,,,2027-02-18T11:35:00+09:00,2027-02-24T12:00:00+09:00,2027-02-28T12:00:00+09:00,,,FINAL_REVIEW_COMPLETE,,SYNTHETIC_HUMAN_SCENARIO,"{""final_decision_ref"":""FD_APP0232_INITIAL""}"
APP0251_FINAL_REVIEW,APP0251,C0251,FINAL_REVIEW,2027-02-18T12:00:00+09:00,,,2027-02-18T12:00:00+09:00,2027-03-05T14:30:00+09:00,2027-03-05T14:30:00+09:00,,,FINAL_REVIEW_COMPLETE,,SYNTHETIC_HUMAN_SCENARIO,"{""final_decision_ref"":""FD_APP0251_RE_REVIEW""}"
APP0220_FINAL_REVIEW,APP0220,C0220,FINAL_REVIEW,2027-02-18T15:20:00+09:00,,,2027-02-18T15:20:00+09:00,2027-03-07T16:50:00+09:00,2027-03-08T16:50:00+09:00,,,FINAL_REVIEW_COMPLETE,,SYNTHETIC_HUMAN_SCENARIO,"{""final_decision_ref"":""FD_APP0220_RE_REVIEW""}"
APP0205_FINAL_REVIEW,APP0205,C0205,FINAL_REVIEW,2027-02-19T11:25:00+09:00,,,2027-02-19T11:25:00+09:00,2027-03-03T13:15:00+09:00,2027-03-03T13:15:00+09:00,,,FINAL_REVIEW_COMPLETE,,SYNTHETIC_HUMAN_SCENARIO,"{""final_decision_ref"":""FD_APP0205_RE_REVIEW""}"
APP0219_FINAL_REVIEW,APP0219,C0219,FINAL_REVIEW,2027-02-19T13:20:00+09:00,,,2027-02-19T13:20:00+09:00,2027-03-09T14:45:00+09:00,2027-03-10T14:45:00+09:00,,,FINAL_REVIEW_COMPLETE,,SYNTHETIC_HUMAN_SCENARIO,"{""final_decision_ref"":""FD_APP0219_RE_REVIEW""}"
APP0270_FINAL_REVIEW,APP0270,C0270,FINAL_REVIEW,2027-02-20T11:20:00+09:00,,,2027-02-20T11:20:00+09:00,2027-03-04T14:55:00+09:00,2027-03-06T14:55:00+09:00,,,FINAL_REVIEW_COMPLETE,,SYNTHETIC_HUMAN_SCENARIO,"{""final_decision_ref"":""FD_APP0270_RE_REVIEW""}"
APP0269_FINAL_REVIEW,APP0269,C0269,FINAL_REVIEW,2027-02-20T12:10:00+09:00,,,2027-02-20T12:10:00+09:00,2027-03-07T13:30:00+09:00,2027-03-11T13:30:00+09:00,,,FINAL_REVIEW_COMPLETE,,SYNTHETIC_HUMAN_SCENARIO,"{""final_decision_ref"":""FD_APP0269_RE_REVIEW""}"
APP0223_FINAL_REVIEW,APP0223,C0223,FINAL_REVIEW,2027-02-20T12:30:00+09:00,,,2027-02-20T12:30:00+09:00,2027-03-04T15:40:00+09:00,2027-03-04T15:40:00+09:00,,,FINAL_REVIEW_COMPLETE,,SYNTHETIC_HUMAN_SCENARIO,"{""final_decision_ref"":""FD_APP0223_RE_REVIEW""}"
APP0216_FINAL_REVIEW,APP0216,C0216,FINAL_REVIEW,2027-02-21T12:05:00+09:00,,,2027-02-21T12:05:00+09:00,2027-02-28T14:30:00+09:00,2027-03-04T14:30:00+09:00,,,FINAL_REVIEW_COMPLETE,,SYNTHETIC_HUMAN_SCENARIO,"{""final_decision_ref"":""FD_APP0216_INITIAL""}"
APP0243_FINAL_REVIEW,APP0243,C0243,FINAL_REVIEW,2027-02-21T12:20:00+09:00,,,2027-02-21T12:20:00+09:00,2027-03-05T15:50:00+09:00,2027-03-07T15:50:00+09:00,,,FINAL_REVIEW_COMPLETE,,SYNTHETIC_HUMAN_SCENARIO,"{""final_decision_ref"":""FD_APP0243_RE_REVIEW""}"
APP0254_FINAL_REVIEW,APP0254,C0254,FINAL_REVIEW,2027-02-21T12:40:00+09:00,,,2027-02-21T12:40:00+09:00,2027-03-07T14:35:00+09:00,2027-03-08T14:35:00+09:00,,,FINAL_REVIEW_COMPLETE,,SYNTHETIC_HUMAN_SCENARIO,"{""final_decision_ref"":""FD_APP0254_RE_REVIEW""}"
APP0228_FINAL_REVIEW,APP0228,C0228,FINAL_REVIEW,2027-02-21T13:10:00+09:00,,,2027-02-21T13:10:00+09:00,2027-03-11T15:05:00+09:00,2027-03-11T15:05:00+09:00,,,FINAL_REVIEW_COMPLETE,,SYNTHETIC_HUMAN_SCENARIO,"{""final_decision_ref"":""FD_APP0228_RE_REVIEW""}"
APP0238_FINAL_REVIEW,APP0238,C0238,FINAL_REVIEW,2027-02-22T11:30:00+09:00,,,2027-02-22T11:30:00+09:00,2027-03-03T14:30:00+09:00,2027-03-03T14:30:00+09:00,,,FINAL_REVIEW_COMPLETE,,SYNTHETIC_HUMAN_SCENARIO,"{""final_decision_ref"":""FD_APP0238_INITIAL""}"
APP0253_FINAL_REVIEW,APP0253,C0253,FINAL_REVIEW,2027-02-24T11:40:00+09:00,,,2027-02-24T11:40:00+09:00,2027-03-09T16:00:00+09:00,2027-03-11T16:00:00+09:00,,,FINAL_REVIEW_COMPLETE,,SYNTHETIC_HUMAN_SCENARIO,"{""final_decision_ref"":""FD_APP0253_RE_REVIEW""}"
APP0215_FINAL_REVIEW,APP0215,C0215,FINAL_REVIEW,2027-02-25T11:30:00+09:00,,,2027-02-25T11:30:00+09:00,2027-03-03T11:50:00+09:00,2027-03-05T11:50:00+09:00,,,FINAL_REVIEW_COMPLETE,,SYNTHETIC_HUMAN_SCENARIO,"{""final_decision_ref"":""FD_APP0215_INITIAL""}"
APP0267_FINAL_REVIEW,APP0267,C0267,FINAL_REVIEW,2027-02-25T11:35:00+09:00,,,2027-02-25T11:35:00+09:00,2027-03-13T13:00:00+09:00,2027-03-13T13:00:00+09:00,,,FINAL_REVIEW_COMPLETE,,SYNTHETIC_HUMAN_SCENARIO,"{""final_decision_ref"":""FD_APP0267_RE_REVIEW""}"
APP0239_FINAL_REVIEW,APP0239,C0239,FINAL_REVIEW,2027-02-25T13:00:00+09:00,,,2027-02-25T13:00:00+09:00,2027-03-11T15:30:00+09:00,2027-03-13T15:30:00+09:00,,,FINAL_REVIEW_COMPLETE,,SYNTHETIC_HUMAN_SCENARIO,"{""final_decision_ref"":""FD_APP0239_RE_REVIEW""}"
APP0264_FINAL_REVIEW,APP0264,C0264,FINAL_REVIEW,2027-02-25T14:00:00+09:00,,,2027-02-25T14:00:00+09:00,2027-03-09T16:55:00+09:00,2027-03-09T16:55:00+09:00,,,FINAL_REVIEW_COMPLETE,,SYNTHETIC_HUMAN_SCENARIO,"{""final_decision_ref"":""FD_APP0264_RE_REVIEW""}"
APP0242_FINAL_REVIEW,APP0242,C0242,FINAL_REVIEW,2027-02-26T11:20:00+09:00,,,2027-02-26T11:20:00+09:00,2027-03-14T12:45:00+09:00,2027-03-14T12:45:00+09:00,,,FINAL_REVIEW_COMPLETE,,SYNTHETIC_HUMAN_SCENARIO,"{""final_decision_ref"":""FD_APP0242_RE_REVIEW""}"
APP0285_FINAL_REVIEW,APP0285,C0285,FINAL_REVIEW,2027-02-26T12:40:00+09:00,,,2027-02-26T12:40:00+09:00,2027-03-14T14:05:00+09:00,2027-03-16T14:05:00+09:00,,,FINAL_REVIEW_COMPLETE,,SYNTHETIC_HUMAN_SCENARIO,"{""final_decision_ref"":""FD_APP0285_RE_REVIEW""}"
APP0268_FINAL_REVIEW,APP0268,C0268,FINAL_REVIEW,2027-02-27T11:25:00+09:00,,,2027-02-27T11:25:00+09:00,2027-03-17T13:25:00+09:00,2027-03-21T13:25:00+09:00,,,FINAL_REVIEW_COMPLETE,,SYNTHETIC_HUMAN_SCENARIO,"{""final_decision_ref"":""FD_APP0268_RE_REVIEW""}"
APP0246_FINAL_REVIEW,APP0246,C0246,FINAL_REVIEW,2027-02-27T11:45:00+09:00,,,2027-02-27T11:45:00+09:00,2027-03-11T16:25:00+09:00,2027-03-11T16:25:00+09:00,,,FINAL_REVIEW_COMPLETE,,SYNTHETIC_HUMAN_SCENARIO,"{""final_decision_ref"":""FD_APP0246_RE_REVIEW""}"
APP0278_FINAL_REVIEW,APP0278,C0278,FINAL_REVIEW,2027-02-27T12:15:00+09:00,,,2027-02-27T12:15:00+09:00,2027-03-11T17:30:00+09:00,2027-03-13T17:30:00+09:00,,,FINAL_REVIEW_COMPLETE,,SYNTHETIC_HUMAN_SCENARIO,"{""final_decision_ref"":""FD_APP0278_RE_REVIEW""}"
APP0256_FINAL_REVIEW,APP0256,C0256,FINAL_REVIEW,2027-02-28T11:30:00+09:00,,,2027-02-28T11:30:00+09:00,2027-03-08T11:55:00+09:00,2027-03-12T11:55:00+09:00,,,FINAL_REVIEW_COMPLETE,,SYNTHETIC_HUMAN_SCENARIO,"{""final_decision_ref"":""FD_APP0256_INITIAL""}"
APP0297_FINAL_REVIEW,APP0297,C0297,FINAL_REVIEW,2027-02-28T12:30:00+09:00,,,2027-02-28T12:30:00+09:00,2027-03-11T18:30:00+09:00,2027-03-12T18:30:00+09:00,,,FINAL_REVIEW_COMPLETE,,SYNTHETIC_HUMAN_SCENARIO,"{""final_decision_ref"":""FD_APP0297_RE_REVIEW""}"
APP0299_FINAL_REVIEW,APP0299,C0299,FINAL_REVIEW,2027-03-01T12:20:00+09:00,,,2027-03-01T12:20:00+09:00,2027-03-11T17:15:00+09:00,2027-03-15T17:15:00+09:00,,,FINAL_REVIEW_COMPLETE,,SYNTHETIC_HUMAN_SCENARIO,"{""final_decision_ref"":""FD_APP0299_INITIAL""}"
APP0326_FINAL_REVIEW,APP0326,C0326,FINAL_REVIEW,2027-03-01T13:20:00+09:00,,,2027-03-01T13:20:00+09:00,2027-03-19T18:25:00+09:00,2027-03-21T18:25:00+09:00,,,FINAL_REVIEW_COMPLETE,,SYNTHETIC_HUMAN_SCENARIO,"{""final_decision_ref"":""FD_APP0326_RE_REVIEW""}"
APP0319_FINAL_REVIEW,APP0319,C0319,FINAL_REVIEW,2027-03-03T12:50:00+09:00,,,2027-03-03T12:50:00+09:00,2027-03-15T15:45:00+09:00,2027-03-15T15:45:00+09:00,,,FINAL_REVIEW_COMPLETE,,SYNTHETIC_HUMAN_SCENARIO,"{""final_decision_ref"":""FD_APP0319_RE_REVIEW""}"
APP0300_FINAL_REVIEW,APP0300,C0300,FINAL_REVIEW,2027-03-03T13:10:00+09:00,,,2027-03-03T13:10:00+09:00,2027-03-10T13:35:00+09:00,2027-03-11T13:35:00+09:00,,,FINAL_REVIEW_COMPLETE,,SYNTHETIC_HUMAN_SCENARIO,"{""final_decision_ref"":""FD_APP0300_INITIAL""}"
APP0305_FINAL_REVIEW,APP0305,C0305,FINAL_REVIEW,2027-03-04T11:10:00+09:00,,,2027-03-04T11:10:00+09:00,2027-03-16T12:35:00+09:00,2027-03-17T12:35:00+09:00,,,FINAL_REVIEW_COMPLETE,,SYNTHETIC_HUMAN_SCENARIO,"{""final_decision_ref"":""FD_APP0305_RE_REVIEW""}"
APP0336_FINAL_REVIEW,APP0336,C0336,FINAL_REVIEW,2027-03-04T12:00:00+09:00,,,2027-03-04T12:00:00+09:00,2027-03-20T13:15:00+09:00,2027-03-24T13:15:00+09:00,,,FINAL_REVIEW_COMPLETE,,SYNTHETIC_HUMAN_SCENARIO,"{""final_decision_ref"":""FD_APP0336_RE_REVIEW""}"
APP0289_FINAL_REVIEW,APP0289,C0289,FINAL_REVIEW,2027-03-04T12:25:00+09:00,,,2027-03-04T12:25:00+09:00,2027-03-20T14:25:00+09:00,2027-03-24T14:25:00+09:00,,,FINAL_REVIEW_COMPLETE,,SYNTHETIC_HUMAN_SCENARIO,"{""final_decision_ref"":""FD_APP0289_RE_REVIEW""}"
APP0288_FINAL_REVIEW,APP0288,C0288,FINAL_REVIEW,2027-03-04T13:15:00+09:00,,,2027-03-04T13:15:00+09:00,2027-03-22T14:35:00+09:00,2027-03-23T14:35:00+09:00,,,FINAL_REVIEW_COMPLETE,,SYNTHETIC_HUMAN_SCENARIO,"{""final_decision_ref"":""FD_APP0288_RE_REVIEW""}"
APP0272_FINAL_REVIEW,APP0272,C0272,FINAL_REVIEW,2027-03-05T11:50:00+09:00,,,2027-03-05T11:50:00+09:00,2027-03-11T12:20:00+09:00,2027-03-11T12:20:00+09:00,,,FINAL_REVIEW_COMPLETE,,SYNTHETIC_HUMAN_SCENARIO,"{""final_decision_ref"":""FD_APP0272_INITIAL""}"
APP0286_FINAL_REVIEW,APP0286,C0286,FINAL_REVIEW,2027-03-07T11:30:00+09:00,,,2027-03-07T11:30:00+09:00,2027-03-21T13:10:00+09:00,2027-03-22T13:10:00+09:00,,,FINAL_REVIEW_COMPLETE,,SYNTHETIC_HUMAN_SCENARIO,"{""final_decision_ref"":""FD_APP0286_RE_REVIEW""}"
APP0309_FINAL_REVIEW,APP0309,C0309,FINAL_REVIEW,2027-03-07T11:35:00+09:00,,,2027-03-07T11:35:00+09:00,2027-03-20T15:15:00+09:00,2027-03-21T15:15:00+09:00,,,FINAL_REVIEW_COMPLETE,,SYNTHETIC_HUMAN_SCENARIO,"{""final_decision_ref"":""FD_APP0309_RE_REVIEW""}"
APP0265_FINAL_REVIEW,APP0265,C0265,FINAL_REVIEW,2027-03-08T11:20:00+09:00,,,2027-03-08T11:20:00+09:00,2027-03-24T12:45:00+09:00,2027-03-28T12:45:00+09:00,,,FINAL_REVIEW_COMPLETE,,SYNTHETIC_HUMAN_SCENARIO,"{""final_decision_ref"":""FD_APP0265_RE_REVIEW""}"
APP0279_FINAL_REVIEW,APP0279,C0279,FINAL_REVIEW,2027-03-08T12:10:00+09:00,,,2027-03-08T12:10:00+09:00,2027-03-20T16:20:00+09:00,2027-03-21T16:20:00+09:00,,,FINAL_REVIEW_COMPLETE,,SYNTHETIC_HUMAN_SCENARIO,"{""final_decision_ref"":""FD_APP0279_RE_REVIEW""}"
APP0334_FINAL_REVIEW,APP0334,C0334,FINAL_REVIEW,2027-03-08T12:40:00+09:00,,,2027-03-08T12:40:00+09:00,2027-03-16T13:00:00+09:00,2027-03-16T13:00:00+09:00,,,FINAL_REVIEW_COMPLETE,,SYNTHETIC_HUMAN_SCENARIO,"{""final_decision_ref"":""FD_APP0334_INITIAL""}"
APP0301_FINAL_REVIEW,APP0301,C0301,FINAL_REVIEW,2027-03-09T12:25:00+09:00,,,2027-03-09T12:25:00+09:00,2027-03-13T13:45:00+09:00,2027-03-15T13:45:00+09:00,,,FINAL_REVIEW_COMPLETE,,SYNTHETIC_HUMAN_SCENARIO,"{""final_decision_ref"":""FD_APP0301_INITIAL""}"
APP0274_FINAL_REVIEW,APP0274,C0274,FINAL_REVIEW,2027-03-12T11:30:00+09:00,,,2027-03-12T11:30:00+09:00,2027-03-30T13:05:00+09:00,2027-04-01T13:05:00+09:00,,,FINAL_REVIEW_COMPLETE,,SYNTHETIC_HUMAN_SCENARIO,"{""final_decision_ref"":""FD_APP0274_RE_REVIEW""}"
APP0318_FINAL_REVIEW,APP0318,C0318,FINAL_REVIEW,2027-03-13T12:15:00+09:00,,,2027-03-13T12:15:00+09:00,2027-03-24T14:30:00+09:00,2027-03-28T14:30:00+09:00,,,FINAL_REVIEW_COMPLETE,,SYNTHETIC_HUMAN_SCENARIO,"{""final_decision_ref"":""FD_APP0318_RE_REVIEW""}"
APP0342_FINAL_REVIEW,APP0342,C0342,FINAL_REVIEW,2027-03-14T11:25:00+09:00,,,2027-03-14T11:25:00+09:00,2027-03-19T11:45:00+09:00,2027-03-19T11:45:00+09:00,,,FINAL_REVIEW_COMPLETE,,SYNTHETIC_HUMAN_SCENARIO,"{""final_decision_ref"":""FD_APP0342_INITIAL""}"
APP0335_FINAL_REVIEW,APP0335,C0335,FINAL_REVIEW,2027-03-15T11:30:00+09:00,,,2027-03-15T11:30:00+09:00,2027-03-31T13:10:00+09:00,2027-04-01T13:10:00+09:00,,,FINAL_REVIEW_COMPLETE,,SYNTHETIC_HUMAN_SCENARIO,"{""final_decision_ref"":""FD_APP0335_RE_REVIEW""}"
APP0314_FINAL_REVIEW,APP0314,C0314,FINAL_REVIEW,2027-03-17T11:15:00+09:00,,,2027-03-17T11:15:00+09:00,2027-04-02T12:55:00+09:00,2027-04-02T12:55:00+09:00,,,FINAL_REVIEW_COMPLETE,,SYNTHETIC_HUMAN_SCENARIO,"{""final_decision_ref"":""FD_APP0314_RE_REVIEW""}"
