decision_id,observation_id
DC_APP0068_M1_SKILL_03_000000,OB_DOCUMENT_SCREEN_PANEL_01_RECRUITER_EV_XP_APP0068_01_VALIDATE_M1_SKILL_03
DC_APP0068_M1_SKILL_03_000000,OB_DOCUMENT_SCREEN_PANEL_01_RECRUITER_EV_XP_APP0068_02_BUILD_M1_SKILL_03
DC_APP0068_M1_SKILL_03_000000,OB_DOCUMENT_SCREEN_PANEL_01_RECRUITER_EV_XP_APP0068_02_VALIDATE_M1_SKILL_03
DC_APP0068_M1_SKILL_03_000000,OB_REVIEW_ML_01_EV_APP0068_PRE_ASSESSMENT_CODING_TEST_M1_SKILL_03
DC_APP0068_M1_SKILL_03_000000,OB_REVIEW_HM_01_EV_APP0068_PRE_ASSESSMENT_CODING_TEST_M1_SKILL_03
DC_APP0143_M1_SKILL_03_000001,OB_DOCUMENT_SCREEN_PANEL_01_RECRUITER_EV_XP_APP0143_01_BUILD_M1_SKILL_03
DC_APP0143_M1_SKILL_03_000001,OB_DOCUMENT_SCREEN_PANEL_01_RECRUITER_EV_XP_APP0143_01_VALIDATE_M1_SKILL_03
DC_APP0143_M1_SKILL_03_000001,OB_REVIEW_ML_01_EV_APP0143_PRE_ASSESSMENT_CODING_TEST_M1_SKILL_03
DC_APP0143_M1_SKILL_03_000001,OB_REVIEW_HM_01_EV_APP0143_PRE_ASSESSMENT_CODING_TEST_M1_SKILL_03
DC_APP0064_M1_SKILL_03_000002,OB_DOCUMENT_SCREEN_PANEL_01_RECRUITER_EV_XP_APP0064_01_BUILD_M1_SKILL_03
DC_APP0064_M1_SKILL_03_000002,OB_DOCUMENT_SCREEN_PANEL_01_RECRUITER_EV_XP_APP0064_01_VALIDATE_M1_SKILL_03
DC_APP0064_M1_SKILL_03_000002,OB_DOCUMENT_SCREEN_PANEL_01_RECRUITER_EV_XP_APP0064_02_BUILD_M1_SKILL_03
DC_APP0064_M1_SKILL_03_000002,OB_REVIEW_ML_01_EV_APP0064_PRE_ASSESSMENT_CODING_TEST_M1_SKILL_03
DC_APP0064_M1_SKILL_03_000002,OB_REVIEW_HM_01_EV_APP0064_PRE_ASSESSMENT_CODING_TEST_M1_SKILL_03
DC_APP0128_M1_SKILL_03_000003,OB_DOCUMENT_SCREEN_PANEL_01_RECRUITER_EV_XP_APP0128_01_VALIDATE_M1_SKILL_03
DC_APP0128_M1_SKILL_03_000003,OB_DOCUMENT_SCREEN_PANEL_01_RECRUITER_EV_XP_APP0128_02_VALIDATE_M1_SKILL_03
DC_APP0128_M1_SKILL_03_000003,OB_REVIEW_ML_01_EV_APP0128_PRE_ASSESSMENT_CODING_TEST_M1_SKILL_03
DC_APP0128_M1_SKILL_03_000003,OB_REVIEW_HM_01_EV_APP0128_PRE_ASSESSMENT_CODING_TEST_M1_SKILL_03
DC_APP0031_M1_SKILL_03_000004,OB_DOCUMENT_SCREEN_PANEL_01_RECRUITER_EV_XP_APP0031_01_BUILD_M1_SKILL_03
DC_APP0031_M1_SKILL_03_000004,OB_DOCUMENT_SCREEN_PANEL_01_RECRUITER_EV_XP_APP0031_01_VALIDATE_M1_SKILL_03
DC_APP0031_M1_SKILL_03_000004,OB_REVIEW_ML_01_EV_APP0031_PRE_ASSESSMENT_CODING_TEST_M1_SKILL_03
DC_APP0031_M1_SKILL_03_000004,OB_REVIEW_HM_01_EV_APP0031_PRE_ASSESSMENT_CODING_TEST_M1_SKILL_03
DC_APP0056_M1_SKILL_03_000005,OB_DOCUMENT_SCREEN_PANEL_01_RECRUITER_EV_XP_APP0056_01_BUILD_M1_SKILL_03
DC_APP0056_M1_SKILL_03_000005,OB_REVIEW_ML_01_EV_APP0056_PRE_ASSESSMENT_CODING_TEST_M1_SKILL_03
DC_APP0056_M1_SKILL_03_000005,OB_REVIEW_HM_01_EV_APP0056_PRE_ASSESSMENT_CODING_TEST_M1_SKILL_03
DC_APP0030_M1_SKILL_03_000006,OB_DOCUMENT_SCREEN_PANEL_01_RECRUITER_EV_XP_APP0030_01_BUILD_M1_SKILL_03
DC_APP0030_M1_SKILL_03_000006,OB_REVIEW_ML_01_EV_APP0030_PRE_ASSESSMENT_CODING_TEST_M1_SKILL_03
DC_APP0030_M1_SKILL_03_000006,OB_REVIEW_HM_01_EV_APP0030_PRE_ASSESSMENT_CODING_TEST_M1_SKILL_03
DC_APP0153_M1_SKILL_03_000007,OB_DOCUMENT_SCREEN_PANEL_01_RECRUITER_EV_XP_APP0153_01_BUILD_M1_SKILL_03
DC_APP0153_M1_SKILL_03_000007,OB_DOCUMENT_SCREEN_PANEL_01_RECRUITER_EV_XP_APP0153_01_VALIDATE_M1_SKILL_03
DC_APP0153_M1_SKILL_03_000007,OB_REVIEW_ML_01_EV_APP0153_PRE_ASSESSMENT_CODING_TEST_M1_SKILL_03
DC_APP0153_M1_SKILL_03_000007,OB_REVIEW_HM_01_EV_APP0153_PRE_ASSESSMENT_CODING_TEST_M1_SKILL_03
DC_APP0076_M1_SKILL_03_000008,OB_DOCUMENT_SCREEN_PANEL_01_RECRUITER_EV_XP_APP0076_01_BUILD_M1_SKILL_03
DC_APP0076_M1_SKILL_03_000008,OB_DOCUMENT_SCREEN_PANEL_01_RECRUITER_EV_XP_APP0076_01_VALIDATE_M1_SKILL_03
DC_APP0076_M1_SKILL_03_000008,OB_DOCUMENT_SCREEN_PANEL_01_RECRUITER_EV_XP_APP0076_02_BUILD_M1_SKILL_03
DC_APP0076_M1_SKILL_03_000008,OB_DOCUMENT_SCREEN_PANEL_01_RECRUITER_EV_XP_APP0076_02_VALIDATE_M1_SKILL_03
DC_APP0076_M1_SKILL_03_000008,OB_REVIEW_ML_01_EV_APP0076_PRE_ASSESSMENT_CODING_TEST_M1_SKILL_03
DC_APP0076_M1_SKILL_03_000008,OB_REVIEW_HM_01_EV_APP0076_PRE_ASSESSMENT_CODING_TEST_M1_SKILL_03
DC_APP0150_M1_SKILL_03_000009,OB_DOCUMENT_SCREEN_PANEL_01_RECRUITER_EV_XP_APP0150_01_VALIDATE_M1_SKILL_03
DC_APP0150_M1_SKILL_03_000009,OB_DOCUMENT_SCREEN_PANEL_01_RECRUITER_EV_XP_APP0150_02_BUILD_M1_SKILL_03
DC_APP0150_M1_SKILL_03_000009,OB_DOCUMENT_SCREEN_PANEL_01_RECRUITER_EV_XP_APP0150_02_VALIDATE_M1_SKILL_03
DC_APP0150_M1_SKILL_03_000009,OB_REVIEW_ML_01_EV_APP0150_PRE_ASSESSMENT_CODING_TEST_M1_SKILL_03
DC_APP0150_M1_SKILL_03_000009,OB_REVIEW_HM_01_EV_APP0150_PRE_ASSESSMENT_CODING_TEST_M1_SKILL_03
DC_APP0101_M1_SKILL_03_000010,OB_DOCUMENT_SCREEN_PANEL_01_RECRUITER_EV_XP_APP0101_01_BUILD_M1_SKILL_03
DC_APP0101_M1_SKILL_03_000010,OB_DOCUMENT_SCREEN_PANEL_01_RECRUITER_EV_XP_APP0101_01_VALIDATE_M1_SKILL_03
DC_APP0101_M1_SKILL_03_000010,OB_DOCUMENT_SCREEN_PANEL_01_RECRUITER_EV_XP_APP0101_02_BUILD_M1_SKILL_03
DC_APP0101_M1_SKILL_03_000010,OB_REVIEW_ML_01_EV_APP0101_PRE_ASSESSMENT_CODING_TEST_M1_SKILL_03
DC_APP0101_M1_SKILL_03_000010,OB_REVIEW_HM_01_EV_APP0101_PRE_ASSESSMENT_CODING_TEST_M1_SKILL_03
DC_APP0141_M1_SKILL_03_000011,OB_DOCUMENT_SCREEN_PANEL_01_RECRUITER_EV_XP_APP0141_01_BUILD_M1_SKILL_03
DC_APP0141_M1_SKILL_03_000011,OB_DOCUMENT_SCREEN_PANEL_01_RECRUITER_EV_XP_APP0141_01_VALIDATE_M1_SKILL_03
DC_APP0141_M1_SKILL_03_000011,OB_DOCUMENT_SCREEN_PANEL_01_RECRUITER_EV_XP_APP0141_02_BUILD_M1_SKILL_03
DC_APP0141_M1_SKILL_03_000011,OB_REVIEW_ML_01_EV_APP0141_PRE_ASSESSMENT_CODING_TEST_M1_SKILL_03
DC_APP0141_M1_SKILL_03_000011,OB_REVIEW_HM_01_EV_APP0141_PRE_ASSESSMENT_CODING_TEST_M1_SKILL_03
DC_APP0061_M1_SKILL_03_000012,OB_DOCUMENT_SCREEN_PANEL_01_RECRUITER_EV_XP_APP0061_01_VALIDATE_M1_SKILL_03
DC_APP0061_M1_SKILL_03_000012,OB_DOCUMENT_SCREEN_PANEL_01_RECRUITER_EV_XP_APP0061_02_BUILD_M1_SKILL_03
DC_APP0061_M1_SKILL_03_000012,OB_REVIEW_ML_01_EV_APP0061_PRE_ASSESSMENT_CODING_TEST_M1_SKILL_03
DC_APP0061_M1_SKILL_03_000012,OB_REVIEW_HM_01_EV_APP0061_PRE_ASSESSMENT_CODING_TEST_M1_SKILL_03
DC_APP0193_M1_SKILL_03_000013,OB_DOCUMENT_SCREEN_PANEL_01_RECRUITER_EV_XP_APP0193_01_BUILD_M1_SKILL_03
DC_APP0193_M1_SKILL_03_000013,OB_DOCUMENT_SCREEN_PANEL_01_RECRUITER_EV_XP_APP0193_01_VALIDATE_M1_SKILL_03
DC_APP0193_M1_SKILL_03_000013,OB_DOCUMENT_SCREEN_PANEL_01_RECRUITER_EV_XP_APP0193_02_BUILD_M1_SKILL_03
DC_APP0193_M1_SKILL_03_000013,OB_DOCUMENT_SCREEN_PANEL_01_RECRUITER_EV_XP_APP0193_02_VALIDATE_M1_SKILL_03
DC_APP0193_M1_SKILL_03_000013,OB_REVIEW_ML_01_EV_APP0193_PRE_ASSESSMENT_CODING_TEST_M1_SKILL_03
DC_APP0193_M1_SKILL_03_000013,OB_REVIEW_HM_01_EV_APP0193_PRE_ASSESSMENT_CODING_TEST_M1_SKILL_03
DC_APP0005_M1_SKILL_03_000014,OB_DOCUMENT_SCREEN_PANEL_01_RECRUITER_EV_XP_APP0005_01_VALIDATE_M1_SKILL_03
DC_APP0005_M1_SKILL_03_000014,OB_DOCUMENT_SCREEN_PANEL_01_RECRUITER_EV_XP_APP0005_02_VALIDATE_M1_SKILL_03
DC_APP0005_M1_SKILL_03_000014,OB_REVIEW_ML_01_EV_APP0005_PRE_ASSESSMENT_CODING_TEST_M1_SKILL_03
DC_APP0005_M1_SKILL_03_000014,OB_REVIEW_HM_01_EV_APP0005_PRE_ASSESSMENT_CODING_TEST_M1_SKILL_03
DC_APP0039_M1_SKILL_03_000015,OB_DOCUMENT_SCREEN_PANEL_01_RECRUITER_EV_XP_APP0039_01_VALIDATE_M1_SKILL_03
DC_APP0039_M1_SKILL_03_000015,OB_REVIEW_ML_01_EV_APP0039_PRE_ASSESSMENT_CODING_TEST_M1_SKILL_03
DC_APP0039_M1_SKILL_03_000015,OB_REVIEW_HM_01_EV_APP0039_PRE_ASSESSMENT_CODING_TEST_M1_SKILL_03
DC_APP0228_M1_SKILL_03_000016,OB_DOCUMENT_SCREEN_PANEL_01_RECRUITER_EV_XP_APP0228_01_BUILD_M1_SKILL_03
DC_APP0228_M1_SKILL_03_000016,OB_DOCUMENT_SCREEN_PANEL_01_RECRUITER_EV_XP_APP0228_01_VALIDATE_M1_SKILL_03
DC_APP0228_M1_SKILL_03_000016,OB_DOCUMENT_SCREEN_PANEL_01_RECRUITER_EV_XP_APP0228_02_BUILD_M1_SKILL_03
DC_APP0228_M1_SKILL_03_000016,OB_DOCUMENT_SCREEN_PANEL_01_RECRUITER_EV_XP_APP0228_02_VALIDATE_M1_SKILL_03
DC_APP0228_M1_SKILL_03_000016,OB_REVIEW_ML_01_EV_APP0228_PRE_ASSESSMENT_CODING_TEST_M1_SKILL_03
DC_APP0228_M1_SKILL_03_000016,OB_REVIEW_HM_01_EV_APP0228_PRE_ASSESSMENT_CODING_TEST_M1_SKILL_03
DC_APP0137_M1_SKILL_03_000017,OB_DOCUMENT_SCREEN_PANEL_01_RECRUITER_EV_XP_APP0137_01_BUILD_M1_SKILL_03
DC_APP0137_M1_SKILL_03_000017,OB_DOCUMENT_SCREEN_PANEL_01_RECRUITER_EV_XP_APP0137_01_VALIDATE_M1_SKILL_03
DC_APP0137_M1_SKILL_03_000017,OB_REVIEW_ML_01_EV_APP0137_PRE_ASSESSMENT_CODING_TEST_M1_SKILL_03
DC_APP0137_M1_SKILL_03_000017,OB_REVIEW_HM_01_EV_APP0137_PRE_ASSESSMENT_CODING_TEST_M1_SKILL_03
DC_APP0189_M1_SKILL_03_000018,OB_DOCUMENT_SCREEN_PANEL_01_RECRUITER_EV_XP_APP0189_01_BUILD_M1_SKILL_03
DC_APP0189_M1_SKILL_03_000018,OB_DOCUMENT_SCREEN_PANEL_01_RECRUITER_EV_XP_APP0189_01_VALIDATE_M1_SKILL_03
DC_APP0189_M1_SKILL_03_000018,OB_DOCUMENT_SCREEN_PANEL_01_RECRUITER_EV_XP_APP0189_02_BUILD_M1_SKILL_03
DC_APP0189_M1_SKILL_03_000018,OB_REVIEW_ML_01_EV_APP0189_PRE_ASSESSMENT_CODING_TEST_M1_SKILL_03
DC_APP0189_M1_SKILL_03_000018,OB_REVIEW_HM_01_EV_APP0189_PRE_ASSESSMENT_CODING_TEST_M1_SKILL_03
DC_APP0257_M1_SKILL_03_000019,OB_DOCUMENT_SCREEN_PANEL_01_RECRUITER_EV_XP_APP0257_01_BUILD_M1_SKILL_03
DC_APP0257_M1_SKILL_03_000019,OB_REVIEW_ML_01_EV_APP0257_PRE_ASSESSMENT_CODING_TEST_M1_SKILL_03
DC_APP0257_M1_SKILL_03_000019,OB_REVIEW_HM_01_EV_APP0257_PRE_ASSESSMENT_CODING_TEST_M1_SKILL_03
DC_APP0082_M1_SKILL_03_000020,OB_DOCUMENT_SCREEN_PANEL_01_RECRUITER_EV_XP_APP0082_01_VALIDATE_M1_SKILL_03
DC_APP0082_M1_SKILL_03_000020,OB_REVIEW_ML_01_EV_APP0082_PRE_ASSESSMENT_CODING_TEST_M1_SKILL_03
DC_APP0082_M1_SKILL_03_000020,OB_REVIEW_HM_01_EV_APP0082_PRE_ASSESSMENT_CODING_TEST_M1_SKILL_03
DC_APP0200_M1_SKILL_03_000021,OB_DOCUMENT_SCREEN_PANEL_01_RECRUITER_EV_XP_APP0200_01_VALIDATE_M1_SKILL_03
DC_APP0200_M1_SKILL_03_000021,OB_REVIEW_ML_01_EV_APP0200_PRE_ASSESSMENT_CODING_TEST_M1_SKILL_03
DC_APP0200_M1_SKILL_03_000021,OB_REVIEW_HM_01_EV_APP0200_PRE_ASSESSMENT_CODING_TEST_M1_SKILL_03
DC_APP0223_M1_SKILL_03_000022,OB_DOCUMENT_SCREEN_PANEL_01_RECRUITER_EV_XP_APP0223_01_BUILD_M1_SKILL_03
DC_APP0223_M1_SKILL_03_000022,OB_DOCUMENT_SCREEN_PANEL_01_RECRUITER_EV_XP_APP0223_02_BUILD_M1_SKILL_03
DC_APP0223_M1_SKILL_03_000022,OB_DOCUMENT_SCREEN_PANEL_01_RECRUITER_EV_XP_APP0223_02_VALIDATE_M1_SKILL_03
DC_APP0223_M1_SKILL_03_000022,OB_REVIEW_ML_01_EV_APP0223_PRE_ASSESSMENT_CODING_TEST_M1_SKILL_03
DC_APP0223_M1_SKILL_03_000022,OB_REVIEW_HM_01_EV_APP0223_PRE_ASSESSMENT_CODING_TEST_M1_SKILL_03
DC_APP0240_M1_SKILL_03_000023,OB_DOCUMENT_SCREEN_PANEL_01_RECRUITER_EV_XP_APP0240_01_VALIDATE_M1_SKILL_03
DC_APP0240_M1_SKILL_03_000023,OB_DOCUMENT_SCREEN_PANEL_01_RECRUITER_EV_XP_APP0240_02_BUILD_M1_SKILL_03
DC_APP0240_M1_SKILL_03_000023,OB_REVIEW_ML_01_EV_APP0240_PRE_ASSESSMENT_CODING_TEST_M1_SKILL_03
DC_APP0240_M1_SKILL_03_000023,OB_REVIEW_HM_01_EV_APP0240_PRE_ASSESSMENT_CODING_TEST_M1_SKILL_03
DC_APP0181_M1_SKILL_03_000024,OB_DOCUMENT_SCREEN_PANEL_01_RECRUITER_EV_XP_APP0181_01_VALIDATE_M1_SKILL_03
DC_APP0181_M1_SKILL_03_000024,OB_DOCUMENT_SCREEN_PANEL_01_RECRUITER_EV_XP_APP0181_02_BUILD_M1_SKILL_03
DC_APP0181_M1_SKILL_03_000024,OB_DOCUMENT_SCREEN_PANEL_01_RECRUITER_EV_XP_APP0181_02_VALIDATE_M1_SKILL_03
DC_APP0181_M1_SKILL_03_000024,OB_REVIEW_ML_01_EV_APP0181_PRE_ASSESSMENT_CODING_TEST_M1_SKILL_03
DC_APP0181_M1_SKILL_03_000024,OB_REVIEW_HM_01_EV_APP0181_PRE_ASSESSMENT_CODING_TEST_M1_SKILL_03
DC_APP0206_M1_SKILL_03_000025,OB_DOCUMENT_SCREEN_PANEL_01_RECRUITER_EV_XP_APP0206_02_BUILD_M1_SKILL_03
DC_APP0206_M1_SKILL_03_000025,OB_DOCUMENT_SCREEN_PANEL_01_RECRUITER_EV_XP_APP0206_02_VALIDATE_M1_SKILL_03
DC_APP0206_M1_SKILL_03_000025,OB_REVIEW_ML_01_EV_APP0206_PRE_ASSESSMENT_CODING_TEST_M1_SKILL_03
DC_APP0206_M1_SKILL_03_000025,OB_REVIEW_HM_01_EV_APP0206_PRE_ASSESSMENT_CODING_TEST_M1_SKILL_03
DC_APP0325_M1_SKILL_03_000026,OB_DOCUMENT_SCREEN_PANEL_01_RECRUITER_EV_XP_APP0325_01_BUILD_M1_SKILL_03
DC_APP0325_M1_SKILL_03_000026,OB_REVIEW_ML_01_EV_APP0325_PRE_ASSESSMENT_CODING_TEST_M1_SKILL_03
DC_APP0325_M1_SKILL_03_000026,OB_REVIEW_HM_01_EV_APP0325_PRE_ASSESSMENT_CODING_TEST_M1_SKILL_03
DC_APP0218_M1_SKILL_03_000027,OB_DOCUMENT_SCREEN_PANEL_01_RECRUITER_EV_XP_APP0218_01_VALIDATE_M1_SKILL_03
DC_APP0218_M1_SKILL_03_000027,OB_DOCUMENT_SCREEN_PANEL_01_RECRUITER_EV_XP_APP0218_02_VALIDATE_M1_SKILL_03
DC_APP0218_M1_SKILL_03_000027,OB_REVIEW_ML_01_EV_APP0218_PRE_ASSESSMENT_CODING_TEST_M1_SKILL_03
DC_APP0218_M1_SKILL_03_000027,OB_REVIEW_HM_01_EV_APP0218_PRE_ASSESSMENT_CODING_TEST_M1_SKILL_03
DC_APP0342_M1_SKILL_03_000028,OB_DOCUMENT_SCREEN_PANEL_01_RECRUITER_EV_XP_APP0342_01_BUILD_M1_SKILL_03
DC_APP0342_M1_SKILL_03_000028,OB_DOCUMENT_SCREEN_PANEL_01_RECRUITER_EV_XP_APP0342_01_VALIDATE_M1_SKILL_03
DC_APP0342_M1_SKILL_03_000028,OB_DOCUMENT_SCREEN_PANEL_01_RECRUITER_EV_XP_APP0342_02_VALIDATE_M1_SKILL_03
DC_APP0342_M1_SKILL_03_000028,OB_REVIEW_ML_01_EV_APP0342_PRE_ASSESSMENT_CODING_TEST_M1_SKILL_03
DC_APP0342_M1_SKILL_03_000028,OB_REVIEW_HM_01_EV_APP0342_PRE_ASSESSMENT_CODING_TEST_M1_SKILL_03
DC_APP0285_M1_SKILL_03_000029,OB_DOCUMENT_SCREEN_PANEL_01_RECRUITER_EV_XP_APP0285_01_BUILD_M1_SKILL_03
DC_APP0285_M1_SKILL_03_000029,OB_REVIEW_ML_01_EV_APP0285_PRE_ASSESSMENT_CODING_TEST_M1_SKILL_03
DC_APP0285_M1_SKILL_03_000029,OB_REVIEW_HM_01_EV_APP0285_PRE_ASSESSMENT_CODING_TEST_M1_SKILL_03
DC_APP0238_M1_SKILL_03_000030,OB_DOCUMENT_SCREEN_PANEL_01_RECRUITER_EV_XP_APP0238_01_BUILD_M1_SKILL_03
DC_APP0238_M1_SKILL_03_000030,OB_REVIEW_ML_01_EV_APP0238_PRE_ASSESSMENT_CODING_TEST_M1_SKILL_03
DC_APP0238_M1_SKILL_03_000030,OB_REVIEW_HM_01_EV_APP0238_PRE_ASSESSMENT_CODING_TEST_M1_SKILL_03
DC_APP0268_M1_SKILL_03_000031,OB_DOCUMENT_SCREEN_PANEL_01_RECRUITER_EV_XP_APP0268_01_BUILD_M1_SKILL_03
DC_APP0268_M1_SKILL_03_000031,OB_DOCUMENT_SCREEN_PANEL_01_RECRUITER_EV_XP_APP0268_01_VALIDATE_M1_SKILL_03
DC_APP0268_M1_SKILL_03_000031,OB_DOCUMENT_SCREEN_PANEL_01_RECRUITER_EV_XP_APP0268_02_BUILD_M1_SKILL_03
DC_APP0268_M1_SKILL_03_000031,OB_REVIEW_ML_01_EV_APP0268_PRE_ASSESSMENT_CODING_TEST_M1_SKILL_03
DC_APP0268_M1_SKILL_03_000031,OB_REVIEW_HM_01_EV_APP0268_PRE_ASSESSMENT_CODING_TEST_M1_SKILL_03
DC_APP0297_M1_SKILL_03_000032,OB_DOCUMENT_SCREEN_PANEL_01_RECRUITER_EV_XP_APP0297_01_BUILD_M1_SKILL_03
DC_APP0297_M1_SKILL_03_000032,OB_DOCUMENT_SCREEN_PANEL_01_RECRUITER_EV_XP_APP0297_01_VALIDATE_M1_SKILL_03
DC_APP0297_M1_SKILL_03_000032,OB_DOCUMENT_SCREEN_PANEL_01_RECRUITER_EV_XP_APP0297_02_VALIDATE_M1_SKILL_03
DC_APP0297_M1_SKILL_03_000032,OB_REVIEW_ML_01_EV_APP0297_PRE_ASSESSMENT_CODING_TEST_M1_SKILL_03
DC_APP0297_M1_SKILL_03_000032,OB_REVIEW_HM_01_EV_APP0297_PRE_ASSESSMENT_CODING_TEST_M1_SKILL_03
DC_APP0270_M1_SKILL_03_000033,OB_DOCUMENT_SCREEN_PANEL_01_RECRUITER_EV_XP_APP0270_01_VALIDATE_M1_SKILL_03
DC_APP0270_M1_SKILL_03_000033,OB_DOCUMENT_SCREEN_PANEL_01_RECRUITER_EV_XP_APP0270_02_VALIDATE_M1_SKILL_03
DC_APP0270_M1_SKILL_03_000033,OB_REVIEW_ML_01_EV_APP0270_PRE_ASSESSMENT_CODING_TEST_M1_SKILL_03
DC_APP0270_M1_SKILL_03_000033,OB_REVIEW_HM_01_EV_APP0270_PRE_ASSESSMENT_CODING_TEST_M1_SKILL_03
DC_APP0237_M1_SKILL_03_000034,OB_DOCUMENT_SCREEN_PANEL_01_RECRUITER_EV_XP_APP0237_01_BUILD_M1_SKILL_03
DC_APP0237_M1_SKILL_03_000034,OB_DOCUMENT_SCREEN_PANEL_01_RECRUITER_EV_XP_APP0237_01_VALIDATE_M1_SKILL_03
DC_APP0237_M1_SKILL_03_000034,OB_REVIEW_ML_01_EV_APP0237_PRE_ASSESSMENT_CODING_TEST_M1_SKILL_03
DC_APP0237_M1_SKILL_03_000034,OB_REVIEW_HM_01_EV_APP0237_PRE_ASSESSMENT_CODING_TEST_M1_SKILL_03
DC_APP0309_M1_SKILL_03_000035,OB_DOCUMENT_SCREEN_PANEL_01_RECRUITER_EV_XP_APP0309_01_BUILD_M1_SKILL_03
DC_APP0309_M1_SKILL_03_000035,OB_REVIEW_ML_01_EV_APP0309_PRE_ASSESSMENT_CODING_TEST_M1_SKILL_03
DC_APP0309_M1_SKILL_03_000035,OB_REVIEW_HM_01_EV_APP0309_PRE_ASSESSMENT_CODING_TEST_M1_SKILL_03
DC_APP0005_M1_SKILL_01_000036,OB_DOCUMENT_SCREEN_PANEL_01_RECRUITER_EV_XP_APP0005_01_PROBLEM_M1_SKILL_01
DC_APP0005_M1_SKILL_01_000036,OB_DOCUMENT_SCREEN_PANEL_01_RECRUITER_EV_XP_APP0005_02_PROBLEM_M1_SKILL_01
DC_APP0005_M1_SKILL_01_000036,OB_FIRST_PANEL_01_ML_ENGINEER_EV_APP0005_FIRST_INTERVIEW_TECHNICAL_ASSESSMENT_M1_SKILL_01
DC_APP0005_M1_SKILL_01_000036,OB_FIRST_PANEL_01_HIRING_MANAGER_EV_APP0005_FIRST_INTERVIEW_TECHNICAL_ASSESSMENT_M1_SKILL_01
DC_APP0005_M1_SKILL_01_000036,OB_FIRST_PANEL_01_TECHNICAL_REVIEWER_EV_APP0005_FIRST_INTERVIEW_TECHNICAL_ASSESSMENT_M1_SKILL_01
DC_APP0005_M1_SKILL_01_000036,OB_FIRST_PANEL_01_ML_ENGINEER_EV_APP0005_FIRST_INTERVIEW_AI_CASE_M1_SKILL_01
DC_APP0005_M1_SKILL_01_000036,OB_FIRST_PANEL_01_HIRING_MANAGER_EV_APP0005_FIRST_INTERVIEW_AI_CASE_M1_SKILL_01
DC_APP0005_M1_SKILL_01_000036,OB_FIRST_PANEL_01_TECHNICAL_REVIEWER_EV_APP0005_FIRST_INTERVIEW_AI_CASE_M1_SKILL_01
DC_APP0005_M1_SKILL_02_000037,OB_FIRST_PANEL_01_ML_ENGINEER_EV_APP0005_FIRST_INTERVIEW_TECHNICAL_ASSESSMENT_M1_SKILL_02
DC_APP0005_M1_SKILL_02_000037,OB_FIRST_PANEL_01_HIRING_MANAGER_EV_APP0005_FIRST_INTERVIEW_TECHNICAL_ASSESSMENT_M1_SKILL_02
DC_APP0005_M1_SKILL_02_000037,OB_FIRST_PANEL_01_TECHNICAL_REVIEWER_EV_APP0005_FIRST_INTERVIEW_TECHNICAL_ASSESSMENT_M1_SKILL_02
DC_APP0005_M1_SKILL_03_000038,OB_DOCUMENT_SCREEN_PANEL_01_RECRUITER_EV_XP_APP0005_01_VALIDATE_M1_SKILL_03
DC_APP0005_M1_SKILL_03_000038,OB_DOCUMENT_SCREEN_PANEL_01_RECRUITER_EV_XP_APP0005_02_VALIDATE_M1_SKILL_03
DC_APP0005_M1_SKILL_03_000038,OB_REVIEW_ML_01_EV_APP0005_PRE_ASSESSMENT_CODING_TEST_M1_SKILL_03
DC_APP0005_M1_SKILL_03_000038,OB_REVIEW_HM_01_EV_APP0005_PRE_ASSESSMENT_CODING_TEST_M1_SKILL_03
DC_APP0005_M1_SKILL_03_000038,OB_FIRST_PANEL_01_ML_ENGINEER_EV_APP0005_FIRST_INTERVIEW_AI_CASE_M1_SKILL_03
DC_APP0005_M1_SKILL_03_000038,OB_FIRST_PANEL_01_HIRING_MANAGER_EV_APP0005_FIRST_INTERVIEW_AI_CASE_M1_SKILL_03
DC_APP0005_M1_SKILL_03_000038,OB_FIRST_PANEL_01_TECHNICAL_REVIEWER_EV_APP0005_FIRST_INTERVIEW_AI_CASE_M1_SKILL_03
DC_APP0005_M1_SKILL_04_000039,OB_FIRST_PANEL_01_ML_ENGINEER_EV_APP0005_FIRST_INTERVIEW_PRACTITIONER_QA_M1_SKILL_04
DC_APP0005_M1_SKILL_04_000039,OB_FIRST_PANEL_01_HIRING_MANAGER_EV_APP0005_FIRST_INTERVIEW_PRACTITIONER_QA_M1_SKILL_04
DC_APP0005_M1_SKILL_04_000039,OB_FIRST_PANEL_01_TECHNICAL_REVIEWER_EV_APP0005_FIRST_INTERVIEW_PRACTITIONER_QA_M1_SKILL_04
DC_APP0005_M1_SKILL_05_000040,OB_FIRST_PANEL_01_ML_ENGINEER_EV_APP0005_FIRST_INTERVIEW_PRACTITIONER_QA_M1_SKILL_05
DC_APP0005_M1_SKILL_05_000040,OB_FIRST_PANEL_01_HIRING_MANAGER_EV_APP0005_FIRST_INTERVIEW_PRACTITIONER_QA_M1_SKILL_05
DC_APP0005_M1_SKILL_05_000040,OB_FIRST_PANEL_01_TECHNICAL_REVIEWER_EV_APP0005_FIRST_INTERVIEW_PRACTITIONER_QA_M1_SKILL_05
DC_APP0005_M1_SKILL_06_000041,OB_FIRST_PANEL_01_ML_ENGINEER_EV_APP0005_FIRST_INTERVIEW_PRACTITIONER_QA_M1_SKILL_06
DC_APP0005_M1_SKILL_06_000041,OB_FIRST_PANEL_01_HIRING_MANAGER_EV_APP0005_FIRST_INTERVIEW_PRACTITIONER_QA_M1_SKILL_06
DC_APP0005_M1_SKILL_06_000041,OB_FIRST_PANEL_01_TECHNICAL_REVIEWER_EV_APP0005_FIRST_INTERVIEW_PRACTITIONER_QA_M1_SKILL_06
DC_APP0005_M1_SKILL_07_000042,OB_FIRST_PANEL_01_ML_ENGINEER_EV_APP0005_FIRST_INTERVIEW_TECHNICAL_ASSESSMENT_M1_SKILL_07
DC_APP0005_M1_SKILL_07_000042,OB_FIRST_PANEL_01_HIRING_MANAGER_EV_APP0005_FIRST_INTERVIEW_TECHNICAL_ASSESSMENT_M1_SKILL_07
DC_APP0005_M1_SKILL_07_000042,OB_FIRST_PANEL_01_TECHNICAL_REVIEWER_EV_APP0005_FIRST_INTERVIEW_TECHNICAL_ASSESSMENT_M1_SKILL_07
DC_APP0005_M1_SKILL_08_000043,OB_FIRST_PANEL_01_ML_ENGINEER_EV_APP0005_FIRST_INTERVIEW_PRACTITIONER_QA_M1_SKILL_08
DC_APP0005_M1_SKILL_08_000043,OB_FIRST_PANEL_01_HIRING_MANAGER_EV_APP0005_FIRST_INTERVIEW_PRACTITIONER_QA_M1_SKILL_08
DC_APP0005_M1_SKILL_08_000043,OB_FIRST_PANEL_01_TECHNICAL_REVIEWER_EV_APP0005_FIRST_INTERVIEW_PRACTITIONER_QA_M1_SKILL_08
DC_APP0031_M1_SKILL_01_000044,OB_DOCUMENT_SCREEN_PANEL_01_RECRUITER_EV_XP_APP0031_01_PROBLEM_M1_SKILL_01
DC_APP0031_M1_SKILL_01_000044,OB_FIRST_PANEL_02_ML_ENGINEER_EV_APP0031_FIRST_INTERVIEW_TECHNICAL_ASSESSMENT_M1_SKILL_01
DC_APP0031_M1_SKILL_01_000044,OB_FIRST_PANEL_02_HIRING_MANAGER_EV_APP0031_FIRST_INTERVIEW_TECHNICAL_ASSESSMENT_M1_SKILL_01
DC_APP0031_M1_SKILL_01_000044,OB_FIRST_PANEL_02_TECHNICAL_REVIEWER_EV_APP0031_FIRST_INTERVIEW_TECHNICAL_ASSESSMENT_M1_SKILL_01
DC_APP0031_M1_SKILL_01_000044,OB_FIRST_PANEL_02_ML_ENGINEER_EV_APP0031_FIRST_INTERVIEW_AI_CASE_M1_SKILL_01
DC_APP0031_M1_SKILL_01_000044,OB_FIRST_PANEL_02_HIRING_MANAGER_EV_APP0031_FIRST_INTERVIEW_AI_CASE_M1_SKILL_01
DC_APP0031_M1_SKILL_01_000044,OB_FIRST_PANEL_02_TECHNICAL_REVIEWER_EV_APP0031_FIRST_INTERVIEW_AI_CASE_M1_SKILL_01
DC_APP0031_M1_SKILL_02_000045,OB_FIRST_PANEL_02_ML_ENGINEER_EV_APP0031_FIRST_INTERVIEW_TECHNICAL_ASSESSMENT_M1_SKILL_02
DC_APP0031_M1_SKILL_02_000045,OB_FIRST_PANEL_02_HIRING_MANAGER_EV_APP0031_FIRST_INTERVIEW_TECHNICAL_ASSESSMENT_M1_SKILL_02
DC_APP0031_M1_SKILL_02_000045,OB_FIRST_PANEL_02_TECHNICAL_REVIEWER_EV_APP0031_FIRST_INTERVIEW_TECHNICAL_ASSESSMENT_M1_SKILL_02
DC_APP0031_M1_SKILL_03_000046,OB_DOCUMENT_SCREEN_PANEL_01_RECRUITER_EV_XP_APP0031_01_BUILD_M1_SKILL_03
DC_APP0031_M1_SKILL_03_000046,OB_DOCUMENT_SCREEN_PANEL_01_RECRUITER_EV_XP_APP0031_01_VALIDATE_M1_SKILL_03
DC_APP0031_M1_SKILL_03_000046,OB_REVIEW_ML_01_EV_APP0031_PRE_ASSESSMENT_CODING_TEST_M1_SKILL_03
DC_APP0031_M1_SKILL_03_000046,OB_REVIEW_HM_01_EV_APP0031_PRE_ASSESSMENT_CODING_TEST_M1_SKILL_03
DC_APP0031_M1_SKILL_03_000046,OB_FIRST_PANEL_02_ML_ENGINEER_EV_APP0031_FIRST_INTERVIEW_AI_CASE_M1_SKILL_03
DC_APP0031_M1_SKILL_03_000046,OB_FIRST_PANEL_02_HIRING_MANAGER_EV_APP0031_FIRST_INTERVIEW_AI_CASE_M1_SKILL_03
DC_APP0031_M1_SKILL_03_000046,OB_FIRST_PANEL_02_TECHNICAL_REVIEWER_EV_APP0031_FIRST_INTERVIEW_AI_CASE_M1_SKILL_03
DC_APP0031_M1_SKILL_04_000047,OB_FIRST_PANEL_02_ML_ENGINEER_EV_APP0031_FIRST_INTERVIEW_PRACTITIONER_QA_M1_SKILL_04
DC_APP0031_M1_SKILL_04_000047,OB_FIRST_PANEL_02_HIRING_MANAGER_EV_APP0031_FIRST_INTERVIEW_PRACTITIONER_QA_M1_SKILL_04
DC_APP0031_M1_SKILL_04_000047,OB_FIRST_PANEL_02_TECHNICAL_REVIEWER_EV_APP0031_FIRST_INTERVIEW_PRACTITIONER_QA_M1_SKILL_04
DC_APP0031_M1_SKILL_05_000048,OB_FIRST_PANEL_02_ML_ENGINEER_EV_APP0031_FIRST_INTERVIEW_PRACTITIONER_QA_M1_SKILL_05
DC_APP0031_M1_SKILL_05_000048,OB_FIRST_PANEL_02_HIRING_MANAGER_EV_APP0031_FIRST_INTERVIEW_PRACTITIONER_QA_M1_SKILL_05
DC_APP0031_M1_SKILL_05_000048,OB_FIRST_PANEL_02_TECHNICAL_REVIEWER_EV_APP0031_FIRST_INTERVIEW_PRACTITIONER_QA_M1_SKILL_05
DC_APP0031_M1_SKILL_06_000049,OB_FIRST_PANEL_02_ML_ENGINEER_EV_APP0031_FIRST_INTERVIEW_PRACTITIONER_QA_M1_SKILL_06
DC_APP0031_M1_SKILL_06_000049,OB_FIRST_PANEL_02_HIRING_MANAGER_EV_APP0031_FIRST_INTERVIEW_PRACTITIONER_QA_M1_SKILL_06
DC_APP0031_M1_SKILL_06_000049,OB_FIRST_PANEL_02_TECHNICAL_REVIEWER_EV_APP0031_FIRST_INTERVIEW_PRACTITIONER_QA_M1_SKILL_06
DC_APP0031_M1_SKILL_07_000050,OB_FIRST_PANEL_02_ML_ENGINEER_EV_APP0031_FIRST_INTERVIEW_TECHNICAL_ASSESSMENT_M1_SKILL_07
DC_APP0031_M1_SKILL_07_000050,OB_FIRST_PANEL_02_HIRING_MANAGER_EV_APP0031_FIRST_INTERVIEW_TECHNICAL_ASSESSMENT_M1_SKILL_07
DC_APP0031_M1_SKILL_07_000050,OB_FIRST_PANEL_02_TECHNICAL_REVIEWER_EV_APP0031_FIRST_INTERVIEW_TECHNICAL_ASSESSMENT_M1_SKILL_07
DC_APP0031_M1_SKILL_08_000051,OB_FIRST_PANEL_02_ML_ENGINEER_EV_APP0031_FIRST_INTERVIEW_PRACTITIONER_QA_M1_SKILL_08
DC_APP0031_M1_SKILL_08_000051,OB_FIRST_PANEL_02_HIRING_MANAGER_EV_APP0031_FIRST_INTERVIEW_PRACTITIONER_QA_M1_SKILL_08
DC_APP0031_M1_SKILL_08_000051,OB_FIRST_PANEL_02_TECHNICAL_REVIEWER_EV_APP0031_FIRST_INTERVIEW_PRACTITIONER_QA_M1_SKILL_08
DC_APP0039_M1_SKILL_01_000052,OB_DOCUMENT_SCREEN_PANEL_01_RECRUITER_EV_XP_APP0039_01_PROBLEM_M1_SKILL_01
DC_APP0039_M1_SKILL_01_000052,OB_FIRST_PANEL_03_ML_ENGINEER_EV_APP0039_FIRST_INTERVIEW_TECHNICAL_ASSESSMENT_M1_SKILL_01
DC_APP0039_M1_SKILL_01_000052,OB_FIRST_PANEL_03_HIRING_MANAGER_EV_APP0039_FIRST_INTERVIEW_TECHNICAL_ASSESSMENT_M1_SKILL_01
DC_APP0039_M1_SKILL_01_000052,OB_FIRST_PANEL_03_TECHNICAL_REVIEWER_EV_APP0039_FIRST_INTERVIEW_TECHNICAL_ASSESSMENT_M1_SKILL_01
DC_APP0039_M1_SKILL_01_000052,OB_FIRST_PANEL_03_ML_ENGINEER_EV_APP0039_FIRST_INTERVIEW_AI_CASE_M1_SKILL_01
DC_APP0039_M1_SKILL_01_000052,OB_FIRST_PANEL_03_HIRING_MANAGER_EV_APP0039_FIRST_INTERVIEW_AI_CASE_M1_SKILL_01
DC_APP0039_M1_SKILL_01_000052,OB_FIRST_PANEL_03_TECHNICAL_REVIEWER_EV_APP0039_FIRST_INTERVIEW_AI_CASE_M1_SKILL_01
DC_APP0039_M1_SKILL_02_000053,OB_FIRST_PANEL_03_ML_ENGINEER_EV_APP0039_FIRST_INTERVIEW_TECHNICAL_ASSESSMENT_M1_SKILL_02
DC_APP0039_M1_SKILL_02_000053,OB_FIRST_PANEL_03_HIRING_MANAGER_EV_APP0039_FIRST_INTERVIEW_TECHNICAL_ASSESSMENT_M1_SKILL_02
DC_APP0039_M1_SKILL_02_000053,OB_FIRST_PANEL_03_TECHNICAL_REVIEWER_EV_APP0039_FIRST_INTERVIEW_TECHNICAL_ASSESSMENT_M1_SKILL_02
DC_APP0039_M1_SKILL_03_000054,OB_DOCUMENT_SCREEN_PANEL_01_RECRUITER_EV_XP_APP0039_01_VALIDATE_M1_SKILL_03
DC_APP0039_M1_SKILL_03_000054,OB_REVIEW_ML_01_EV_APP0039_PRE_ASSESSMENT_CODING_TEST_M1_SKILL_03
DC_APP0039_M1_SKILL_03_000054,OB_REVIEW_HM_01_EV_APP0039_PRE_ASSESSMENT_CODING_TEST_M1_SKILL_03
DC_APP0039_M1_SKILL_03_000054,OB_FIRST_PANEL_03_ML_ENGINEER_EV_APP0039_FIRST_INTERVIEW_AI_CASE_M1_SKILL_03
DC_APP0039_M1_SKILL_03_000054,OB_FIRST_PANEL_03_HIRING_MANAGER_EV_APP0039_FIRST_INTERVIEW_AI_CASE_M1_SKILL_03
DC_APP0039_M1_SKILL_03_000054,OB_FIRST_PANEL_03_TECHNICAL_REVIEWER_EV_APP0039_FIRST_INTERVIEW_AI_CASE_M1_SKILL_03
DC_APP0039_M1_SKILL_04_000055,OB_FIRST_PANEL_03_ML_ENGINEER_EV_APP0039_FIRST_INTERVIEW_PRACTITIONER_QA_M1_SKILL_04
DC_APP0039_M1_SKILL_04_000055,OB_FIRST_PANEL_03_HIRING_MANAGER_EV_APP0039_FIRST_INTERVIEW_PRACTITIONER_QA_M1_SKILL_04
DC_APP0039_M1_SKILL_04_000055,OB_FIRST_PANEL_03_TECHNICAL_REVIEWER_EV_APP0039_FIRST_INTERVIEW_PRACTITIONER_QA_M1_SKILL_04
DC_APP0039_M1_SKILL_05_000056,OB_FIRST_PANEL_03_ML_ENGINEER_EV_APP0039_FIRST_INTERVIEW_PRACTITIONER_QA_M1_SKILL_05
DC_APP0039_M1_SKILL_05_000056,OB_FIRST_PANEL_03_HIRING_MANAGER_EV_APP0039_FIRST_INTERVIEW_PRACTITIONER_QA_M1_SKILL_05
DC_APP0039_M1_SKILL_05_000056,OB_FIRST_PANEL_03_TECHNICAL_REVIEWER_EV_APP0039_FIRST_INTERVIEW_PRACTITIONER_QA_M1_SKILL_05
DC_APP0039_M1_SKILL_06_000057,OB_FIRST_PANEL_03_ML_ENGINEER_EV_APP0039_FIRST_INTERVIEW_PRACTITIONER_QA_M1_SKILL_06
DC_APP0039_M1_SKILL_06_000057,OB_FIRST_PANEL_03_HIRING_MANAGER_EV_APP0039_FIRST_INTERVIEW_PRACTITIONER_QA_M1_SKILL_06
DC_APP0039_M1_SKILL_06_000057,OB_FIRST_PANEL_03_TECHNICAL_REVIEWER_EV_APP0039_FIRST_INTERVIEW_PRACTITIONER_QA_M1_SKILL_06
DC_APP0039_M1_SKILL_07_000058,OB_FIRST_PANEL_03_ML_ENGINEER_EV_APP0039_FIRST_INTERVIEW_TECHNICAL_ASSESSMENT_M1_SKILL_07
DC_APP0039_M1_SKILL_07_000058,OB_FIRST_PANEL_03_HIRING_MANAGER_EV_APP0039_FIRST_INTERVIEW_TECHNICAL_ASSESSMENT_M1_SKILL_07
DC_APP0039_M1_SKILL_07_000058,OB_FIRST_PANEL_03_TECHNICAL_REVIEWER_EV_APP0039_FIRST_INTERVIEW_TECHNICAL_ASSESSMENT_M1_SKILL_07
DC_APP0039_M1_SKILL_08_000059,OB_FIRST_PANEL_03_ML_ENGINEER_EV_APP0039_FIRST_INTERVIEW_PRACTITIONER_QA_M1_SKILL_08
DC_APP0039_M1_SKILL_08_000059,OB_FIRST_PANEL_03_HIRING_MANAGER_EV_APP0039_FIRST_INTERVIEW_PRACTITIONER_QA_M1_SKILL_08
DC_APP0039_M1_SKILL_08_000059,OB_FIRST_PANEL_03_TECHNICAL_REVIEWER_EV_APP0039_FIRST_INTERVIEW_PRACTITIONER_QA_M1_SKILL_08
DC_APP0056_M1_SKILL_01_000060,OB_DOCUMENT_SCREEN_PANEL_01_RECRUITER_EV_XP_APP0056_01_PROBLEM_M1_SKILL_01
DC_APP0056_M1_SKILL_01_000060,OB_FIRST_PANEL_04_ML_ENGINEER_EV_APP0056_FIRST_INTERVIEW_TECHNICAL_ASSESSMENT_M1_SKILL_01
DC_APP0056_M1_SKILL_01_000060,OB_FIRST_PANEL_04_HIRING_MANAGER_EV_APP0056_FIRST_INTERVIEW_TECHNICAL_ASSESSMENT_M1_SKILL_01
DC_APP0056_M1_SKILL_01_000060,OB_FIRST_PANEL_04_TECHNICAL_REVIEWER_EV_APP0056_FIRST_INTERVIEW_TECHNICAL_ASSESSMENT_M1_SKILL_01
DC_APP0056_M1_SKILL_01_000060,OB_FIRST_PANEL_04_ML_ENGINEER_EV_APP0056_FIRST_INTERVIEW_AI_CASE_M1_SKILL_01
DC_APP0056_M1_SKILL_01_000060,OB_FIRST_PANEL_04_HIRING_MANAGER_EV_APP0056_FIRST_INTERVIEW_AI_CASE_M1_SKILL_01
DC_APP0056_M1_SKILL_01_000060,OB_FIRST_PANEL_04_TECHNICAL_REVIEWER_EV_APP0056_FIRST_INTERVIEW_AI_CASE_M1_SKILL_01
DC_APP0056_M1_SKILL_02_000061,OB_FIRST_PANEL_04_ML_ENGINEER_EV_APP0056_FIRST_INTERVIEW_TECHNICAL_ASSESSMENT_M1_SKILL_02
DC_APP0056_M1_SKILL_02_000061,OB_FIRST_PANEL_04_HIRING_MANAGER_EV_APP0056_FIRST_INTERVIEW_TECHNICAL_ASSESSMENT_M1_SKILL_02
DC_APP0056_M1_SKILL_02_000061,OB_FIRST_PANEL_04_TECHNICAL_REVIEWER_EV_APP0056_FIRST_INTERVIEW_TECHNICAL_ASSESSMENT_M1_SKILL_02
DC_APP0056_M1_SKILL_03_000062,OB_DOCUMENT_SCREEN_PANEL_01_RECRUITER_EV_XP_APP0056_01_BUILD_M1_SKILL_03
DC_APP0056_M1_SKILL_03_000062,OB_REVIEW_ML_01_EV_APP0056_PRE_ASSESSMENT_CODING_TEST_M1_SKILL_03
DC_APP0056_M1_SKILL_03_000062,OB_REVIEW_HM_01_EV_APP0056_PRE_ASSESSMENT_CODING_TEST_M1_SKILL_03
DC_APP0056_M1_SKILL_03_000062,OB_FIRST_PANEL_04_ML_ENGINEER_EV_APP0056_FIRST_INTERVIEW_AI_CASE_M1_SKILL_03
DC_APP0056_M1_SKILL_03_000062,OB_FIRST_PANEL_04_HIRING_MANAGER_EV_APP0056_FIRST_INTERVIEW_AI_CASE_M1_SKILL_03
DC_APP0056_M1_SKILL_03_000062,OB_FIRST_PANEL_04_TECHNICAL_REVIEWER_EV_APP0056_FIRST_INTERVIEW_AI_CASE_M1_SKILL_03
DC_APP0056_M1_SKILL_04_000063,OB_FIRST_PANEL_04_ML_ENGINEER_EV_APP0056_FIRST_INTERVIEW_PRACTITIONER_QA_M1_SKILL_04
DC_APP0056_M1_SKILL_04_000063,OB_FIRST_PANEL_04_HIRING_MANAGER_EV_APP0056_FIRST_INTERVIEW_PRACTITIONER_QA_M1_SKILL_04
DC_APP0056_M1_SKILL_04_000063,OB_FIRST_PANEL_04_TECHNICAL_REVIEWER_EV_APP0056_FIRST_INTERVIEW_PRACTITIONER_QA_M1_SKILL_04
DC_APP0056_M1_SKILL_05_000064,OB_FIRST_PANEL_04_ML_ENGINEER_EV_APP0056_FIRST_INTERVIEW_PRACTITIONER_QA_M1_SKILL_05
DC_APP0056_M1_SKILL_05_000064,OB_FIRST_PANEL_04_HIRING_MANAGER_EV_APP0056_FIRST_INTERVIEW_PRACTITIONER_QA_M1_SKILL_05
DC_APP0056_M1_SKILL_05_000064,OB_FIRST_PANEL_04_TECHNICAL_REVIEWER_EV_APP0056_FIRST_INTERVIEW_PRACTITIONER_QA_M1_SKILL_05
DC_APP0056_M1_SKILL_06_000065,OB_FIRST_PANEL_04_ML_ENGINEER_EV_APP0056_FIRST_INTERVIEW_PRACTITIONER_QA_M1_SKILL_06
DC_APP0056_M1_SKILL_06_000065,OB_FIRST_PANEL_04_HIRING_MANAGER_EV_APP0056_FIRST_INTERVIEW_PRACTITIONER_QA_M1_SKILL_06
DC_APP0056_M1_SKILL_06_000065,OB_FIRST_PANEL_04_TECHNICAL_REVIEWER_EV_APP0056_FIRST_INTERVIEW_PRACTITIONER_QA_M1_SKILL_06
DC_APP0056_M1_SKILL_07_000066,OB_FIRST_PANEL_04_ML_ENGINEER_EV_APP0056_FIRST_INTERVIEW_TECHNICAL_ASSESSMENT_M1_SKILL_07
DC_APP0056_M1_SKILL_07_000066,OB_FIRST_PANEL_04_HIRING_MANAGER_EV_APP0056_FIRST_INTERVIEW_TECHNICAL_ASSESSMENT_M1_SKILL_07
DC_APP0056_M1_SKILL_07_000066,OB_FIRST_PANEL_04_TECHNICAL_REVIEWER_EV_APP0056_FIRST_INTERVIEW_TECHNICAL_ASSESSMENT_M1_SKILL_07
DC_APP0056_M1_SKILL_08_000067,OB_FIRST_PANEL_04_ML_ENGINEER_EV_APP0056_FIRST_INTERVIEW_PRACTITIONER_QA_M1_SKILL_08
DC_APP0056_M1_SKILL_08_000067,OB_FIRST_PANEL_04_HIRING_MANAGER_EV_APP0056_FIRST_INTERVIEW_PRACTITIONER_QA_M1_SKILL_08
DC_APP0056_M1_SKILL_08_000067,OB_FIRST_PANEL_04_TECHNICAL_REVIEWER_EV_APP0056_FIRST_INTERVIEW_PRACTITIONER_QA_M1_SKILL_08
DC_APP0061_M1_SKILL_01_000068,OB_DOCUMENT_SCREEN_PANEL_01_RECRUITER_EV_XP_APP0061_02_PROBLEM_M1_SKILL_01
DC_APP0061_M1_SKILL_01_000068,OB_FIRST_PANEL_05_ML_ENGINEER_EV_APP0061_FIRST_INTERVIEW_TECHNICAL_ASSESSMENT_M1_SKILL_01
DC_APP0061_M1_SKILL_01_000068,OB_FIRST_PANEL_05_HIRING_MANAGER_EV_APP0061_FIRST_INTERVIEW_TECHNICAL_ASSESSMENT_M1_SKILL_01
DC_APP0061_M1_SKILL_01_000068,OB_FIRST_PANEL_05_TECHNICAL_REVIEWER_EV_APP0061_FIRST_INTERVIEW_TECHNICAL_ASSESSMENT_M1_SKILL_01
DC_APP0061_M1_SKILL_01_000068,OB_FIRST_PANEL_05_ML_ENGINEER_EV_APP0061_FIRST_INTERVIEW_AI_CASE_M1_SKILL_01
DC_APP0061_M1_SKILL_01_000068,OB_FIRST_PANEL_05_HIRING_MANAGER_EV_APP0061_FIRST_INTERVIEW_AI_CASE_M1_SKILL_01
DC_APP0061_M1_SKILL_01_000068,OB_FIRST_PANEL_05_TECHNICAL_REVIEWER_EV_APP0061_FIRST_INTERVIEW_AI_CASE_M1_SKILL_01
DC_APP0061_M1_SKILL_02_000069,OB_FIRST_PANEL_05_ML_ENGINEER_EV_APP0061_FIRST_INTERVIEW_TECHNICAL_ASSESSMENT_M1_SKILL_02
DC_APP0061_M1_SKILL_02_000069,OB_FIRST_PANEL_05_HIRING_MANAGER_EV_APP0061_FIRST_INTERVIEW_TECHNICAL_ASSESSMENT_M1_SKILL_02
DC_APP0061_M1_SKILL_02_000069,OB_FIRST_PANEL_05_TECHNICAL_REVIEWER_EV_APP0061_FIRST_INTERVIEW_TECHNICAL_ASSESSMENT_M1_SKILL_02
DC_APP0061_M1_SKILL_03_000070,OB_DOCUMENT_SCREEN_PANEL_01_RECRUITER_EV_XP_APP0061_01_VALIDATE_M1_SKILL_03
DC_APP0061_M1_SKILL_03_000070,OB_DOCUMENT_SCREEN_PANEL_01_RECRUITER_EV_XP_APP0061_02_BUILD_M1_SKILL_03
DC_APP0061_M1_SKILL_03_000070,OB_REVIEW_ML_01_EV_APP0061_PRE_ASSESSMENT_CODING_TEST_M1_SKILL_03
DC_APP0061_M1_SKILL_03_000070,OB_REVIEW_HM_01_EV_APP0061_PRE_ASSESSMENT_CODING_TEST_M1_SKILL_03
DC_APP0061_M1_SKILL_03_000070,OB_FIRST_PANEL_05_ML_ENGINEER_EV_APP0061_FIRST_INTERVIEW_AI_CASE_M1_SKILL_03
DC_APP0061_M1_SKILL_03_000070,OB_FIRST_PANEL_05_HIRING_MANAGER_EV_APP0061_FIRST_INTERVIEW_AI_CASE_M1_SKILL_03
DC_APP0061_M1_SKILL_03_000070,OB_FIRST_PANEL_05_TECHNICAL_REVIEWER_EV_APP0061_FIRST_INTERVIEW_AI_CASE_M1_SKILL_03
DC_APP0061_M1_SKILL_04_000071,OB_FIRST_PANEL_05_ML_ENGINEER_EV_APP0061_FIRST_INTERVIEW_PRACTITIONER_QA_M1_SKILL_04
DC_APP0061_M1_SKILL_04_000071,OB_FIRST_PANEL_05_HIRING_MANAGER_EV_APP0061_FIRST_INTERVIEW_PRACTITIONER_QA_M1_SKILL_04
DC_APP0061_M1_SKILL_04_000071,OB_FIRST_PANEL_05_TECHNICAL_REVIEWER_EV_APP0061_FIRST_INTERVIEW_PRACTITIONER_QA_M1_SKILL_04
DC_APP0061_M1_SKILL_05_000072,OB_FIRST_PANEL_05_ML_ENGINEER_EV_APP0061_FIRST_INTERVIEW_PRACTITIONER_QA_M1_SKILL_05
DC_APP0061_M1_SKILL_05_000072,OB_FIRST_PANEL_05_HIRING_MANAGER_EV_APP0061_FIRST_INTERVIEW_PRACTITIONER_QA_M1_SKILL_05
DC_APP0061_M1_SKILL_05_000072,OB_FIRST_PANEL_05_TECHNICAL_REVIEWER_EV_APP0061_FIRST_INTERVIEW_PRACTITIONER_QA_M1_SKILL_05
DC_APP0061_M1_SKILL_06_000073,OB_FIRST_PANEL_05_ML_ENGINEER_EV_APP0061_FIRST_INTERVIEW_PRACTITIONER_QA_M1_SKILL_06
DC_APP0061_M1_SKILL_06_000073,OB_FIRST_PANEL_05_HIRING_MANAGER_EV_APP0061_FIRST_INTERVIEW_PRACTITIONER_QA_M1_SKILL_06
DC_APP0061_M1_SKILL_06_000073,OB_FIRST_PANEL_05_TECHNICAL_REVIEWER_EV_APP0061_FIRST_INTERVIEW_PRACTITIONER_QA_M1_SKILL_06
DC_APP0061_M1_SKILL_07_000074,OB_FIRST_PANEL_05_ML_ENGINEER_EV_APP0061_FIRST_INTERVIEW_TECHNICAL_ASSESSMENT_M1_SKILL_07
DC_APP0061_M1_SKILL_07_000074,OB_FIRST_PANEL_05_HIRING_MANAGER_EV_APP0061_FIRST_INTERVIEW_TECHNICAL_ASSESSMENT_M1_SKILL_07
DC_APP0061_M1_SKILL_07_000074,OB_FIRST_PANEL_05_TECHNICAL_REVIEWER_EV_APP0061_FIRST_INTERVIEW_TECHNICAL_ASSESSMENT_M1_SKILL_07
DC_APP0061_M1_SKILL_08_000075,OB_FIRST_PANEL_05_ML_ENGINEER_EV_APP0061_FIRST_INTERVIEW_PRACTITIONER_QA_M1_SKILL_08
DC_APP0061_M1_SKILL_08_000075,OB_FIRST_PANEL_05_HIRING_MANAGER_EV_APP0061_FIRST_INTERVIEW_PRACTITIONER_QA_M1_SKILL_08
DC_APP0061_M1_SKILL_08_000075,OB_FIRST_PANEL_05_TECHNICAL_REVIEWER_EV_APP0061_FIRST_INTERVIEW_PRACTITIONER_QA_M1_SKILL_08
DC_APP0064_M1_SKILL_01_000076,OB_DOCUMENT_SCREEN_PANEL_01_RECRUITER_EV_XP_APP0064_01_PROBLEM_M1_SKILL_01
DC_APP0064_M1_SKILL_01_000076,OB_DOCUMENT_SCREEN_PANEL_01_RECRUITER_EV_XP_APP0064_02_PROBLEM_M1_SKILL_01
DC_APP0064_M1_SKILL_01_000076,OB_FIRST_PANEL_06_ML_ENGINEER_EV_APP0064_FIRST_INTERVIEW_TECHNICAL_ASSESSMENT_M1_SKILL_01
DC_APP0064_M1_SKILL_01_000076,OB_FIRST_PANEL_06_HIRING_MANAGER_EV_APP0064_FIRST_INTERVIEW_TECHNICAL_ASSESSMENT_M1_SKILL_01
DC_APP0064_M1_SKILL_01_000076,OB_FIRST_PANEL_06_TECHNICAL_REVIEWER_EV_APP0064_FIRST_INTERVIEW_TECHNICAL_ASSESSMENT_M1_SKILL_01
DC_APP0064_M1_SKILL_01_000076,OB_FIRST_PANEL_06_ML_ENGINEER_EV_APP0064_FIRST_INTERVIEW_AI_CASE_M1_SKILL_01
DC_APP0064_M1_SKILL_01_000076,OB_FIRST_PANEL_06_HIRING_MANAGER_EV_APP0064_FIRST_INTERVIEW_AI_CASE_M1_SKILL_01
DC_APP0064_M1_SKILL_01_000076,OB_FIRST_PANEL_06_TECHNICAL_REVIEWER_EV_APP0064_FIRST_INTERVIEW_AI_CASE_M1_SKILL_01
DC_APP0064_M1_SKILL_02_000077,OB_FIRST_PANEL_06_ML_ENGINEER_EV_APP0064_FIRST_INTERVIEW_TECHNICAL_ASSESSMENT_M1_SKILL_02
DC_APP0064_M1_SKILL_02_000077,OB_FIRST_PANEL_06_HIRING_MANAGER_EV_APP0064_FIRST_INTERVIEW_TECHNICAL_ASSESSMENT_M1_SKILL_02
DC_APP0064_M1_SKILL_02_000077,OB_FIRST_PANEL_06_TECHNICAL_REVIEWER_EV_APP0064_FIRST_INTERVIEW_TECHNICAL_ASSESSMENT_M1_SKILL_02
DC_APP0064_M1_SKILL_03_000078,OB_DOCUMENT_SCREEN_PANEL_01_RECRUITER_EV_XP_APP0064_01_BUILD_M1_SKILL_03
DC_APP0064_M1_SKILL_03_000078,OB_DOCUMENT_SCREEN_PANEL_01_RECRUITER_EV_XP_APP0064_01_VALIDATE_M1_SKILL_03
DC_APP0064_M1_SKILL_03_000078,OB_DOCUMENT_SCREEN_PANEL_01_RECRUITER_EV_XP_APP0064_02_BUILD_M1_SKILL_03
DC_APP0064_M1_SKILL_03_000078,OB_REVIEW_ML_01_EV_APP0064_PRE_ASSESSMENT_CODING_TEST_M1_SKILL_03
DC_APP0064_M1_SKILL_03_000078,OB_REVIEW_HM_01_EV_APP0064_PRE_ASSESSMENT_CODING_TEST_M1_SKILL_03
DC_APP0064_M1_SKILL_03_000078,OB_FIRST_PANEL_06_ML_ENGINEER_EV_APP0064_FIRST_INTERVIEW_AI_CASE_M1_SKILL_03
DC_APP0064_M1_SKILL_03_000078,OB_FIRST_PANEL_06_HIRING_MANAGER_EV_APP0064_FIRST_INTERVIEW_AI_CASE_M1_SKILL_03
DC_APP0064_M1_SKILL_03_000078,OB_FIRST_PANEL_06_TECHNICAL_REVIEWER_EV_APP0064_FIRST_INTERVIEW_AI_CASE_M1_SKILL_03
DC_APP0064_M1_SKILL_04_000079,OB_FIRST_PANEL_06_ML_ENGINEER_EV_APP0064_FIRST_INTERVIEW_PRACTITIONER_QA_M1_SKILL_04
DC_APP0064_M1_SKILL_04_000079,OB_FIRST_PANEL_06_HIRING_MANAGER_EV_APP0064_FIRST_INTERVIEW_PRACTITIONER_QA_M1_SKILL_04
DC_APP0064_M1_SKILL_04_000079,OB_FIRST_PANEL_06_TECHNICAL_REVIEWER_EV_APP0064_FIRST_INTERVIEW_PRACTITIONER_QA_M1_SKILL_04
DC_APP0064_M1_SKILL_05_000080,OB_FIRST_PANEL_06_ML_ENGINEER_EV_APP0064_FIRST_INTERVIEW_PRACTITIONER_QA_M1_SKILL_05
DC_APP0064_M1_SKILL_05_000080,OB_FIRST_PANEL_06_HIRING_MANAGER_EV_APP0064_FIRST_INTERVIEW_PRACTITIONER_QA_M1_SKILL_05
DC_APP0064_M1_SKILL_05_000080,OB_FIRST_PANEL_06_TECHNICAL_REVIEWER_EV_APP0064_FIRST_INTERVIEW_PRACTITIONER_QA_M1_SKILL_05
DC_APP0064_M1_SKILL_06_000081,OB_FIRST_PANEL_06_ML_ENGINEER_EV_APP0064_FIRST_INTERVIEW_PRACTITIONER_QA_M1_SKILL_06
DC_APP0064_M1_SKILL_06_000081,OB_FIRST_PANEL_06_HIRING_MANAGER_EV_APP0064_FIRST_INTERVIEW_PRACTITIONER_QA_M1_SKILL_06
DC_APP0064_M1_SKILL_06_000081,OB_FIRST_PANEL_06_TECHNICAL_REVIEWER_EV_APP0064_FIRST_INTERVIEW_PRACTITIONER_QA_M1_SKILL_06
DC_APP0064_M1_SKILL_07_000082,OB_FIRST_PANEL_06_ML_ENGINEER_EV_APP0064_FIRST_INTERVIEW_TECHNICAL_ASSESSMENT_M1_SKILL_07
DC_APP0064_M1_SKILL_07_000082,OB_FIRST_PANEL_06_HIRING_MANAGER_EV_APP0064_FIRST_INTERVIEW_TECHNICAL_ASSESSMENT_M1_SKILL_07
DC_APP0064_M1_SKILL_07_000082,OB_FIRST_PANEL_06_TECHNICAL_REVIEWER_EV_APP0064_FIRST_INTERVIEW_TECHNICAL_ASSESSMENT_M1_SKILL_07
DC_APP0064_M1_SKILL_08_000083,OB_FIRST_PANEL_06_ML_ENGINEER_EV_APP0064_FIRST_INTERVIEW_PRACTITIONER_QA_M1_SKILL_08
DC_APP0064_M1_SKILL_08_000083,OB_FIRST_PANEL_06_HIRING_MANAGER_EV_APP0064_FIRST_INTERVIEW_PRACTITIONER_QA_M1_SKILL_08
DC_APP0064_M1_SKILL_08_000083,OB_FIRST_PANEL_06_TECHNICAL_REVIEWER_EV_APP0064_FIRST_INTERVIEW_PRACTITIONER_QA_M1_SKILL_08
DC_APP0068_M1_SKILL_01_000084,OB_DOCUMENT_SCREEN_PANEL_01_RECRUITER_EV_XP_APP0068_01_PROBLEM_M1_SKILL_01
DC_APP0068_M1_SKILL_01_000084,OB_FIRST_PANEL_07_ML_ENGINEER_EV_APP0068_FIRST_INTERVIEW_TECHNICAL_ASSESSMENT_M1_SKILL_01
DC_APP0068_M1_SKILL_01_000084,OB_FIRST_PANEL_07_HIRING_MANAGER_EV_APP0068_FIRST_INTERVIEW_TECHNICAL_ASSESSMENT_M1_SKILL_01
DC_APP0068_M1_SKILL_01_000084,OB_FIRST_PANEL_07_TECHNICAL_REVIEWER_EV_APP0068_FIRST_INTERVIEW_TECHNICAL_ASSESSMENT_M1_SKILL_01
DC_APP0068_M1_SKILL_01_000084,OB_FIRST_PANEL_07_ML_ENGINEER_EV_APP0068_FIRST_INTERVIEW_AI_CASE_M1_SKILL_01
DC_APP0068_M1_SKILL_01_000084,OB_FIRST_PANEL_07_HIRING_MANAGER_EV_APP0068_FIRST_INTERVIEW_AI_CASE_M1_SKILL_01
DC_APP0068_M1_SKILL_01_000084,OB_FIRST_PANEL_07_TECHNICAL_REVIEWER_EV_APP0068_FIRST_INTERVIEW_AI_CASE_M1_SKILL_01
DC_APP0068_M1_SKILL_02_000085,OB_FIRST_PANEL_07_ML_ENGINEER_EV_APP0068_FIRST_INTERVIEW_TECHNICAL_ASSESSMENT_M1_SKILL_02
DC_APP0068_M1_SKILL_02_000085,OB_FIRST_PANEL_07_HIRING_MANAGER_EV_APP0068_FIRST_INTERVIEW_TECHNICAL_ASSESSMENT_M1_SKILL_02
DC_APP0068_M1_SKILL_02_000085,OB_FIRST_PANEL_07_TECHNICAL_REVIEWER_EV_APP0068_FIRST_INTERVIEW_TECHNICAL_ASSESSMENT_M1_SKILL_02
DC_APP0068_M1_SKILL_03_000086,OB_DOCUMENT_SCREEN_PANEL_01_RECRUITER_EV_XP_APP0068_01_VALIDATE_M1_SKILL_03
DC_APP0068_M1_SKILL_03_000086,OB_DOCUMENT_SCREEN_PANEL_01_RECRUITER_EV_XP_APP0068_02_BUILD_M1_SKILL_03
DC_APP0068_M1_SKILL_03_000086,OB_DOCUMENT_SCREEN_PANEL_01_RECRUITER_EV_XP_APP0068_02_VALIDATE_M1_SKILL_03
DC_APP0068_M1_SKILL_03_000086,OB_REVIEW_ML_01_EV_APP0068_PRE_ASSESSMENT_CODING_TEST_M1_SKILL_03
DC_APP0068_M1_SKILL_03_000086,OB_REVIEW_HM_01_EV_APP0068_PRE_ASSESSMENT_CODING_TEST_M1_SKILL_03
DC_APP0068_M1_SKILL_03_000086,OB_FIRST_PANEL_07_ML_ENGINEER_EV_APP0068_FIRST_INTERVIEW_AI_CASE_M1_SKILL_03
DC_APP0068_M1_SKILL_03_000086,OB_FIRST_PANEL_07_HIRING_MANAGER_EV_APP0068_FIRST_INTERVIEW_AI_CASE_M1_SKILL_03
DC_APP0068_M1_SKILL_03_000086,OB_FIRST_PANEL_07_TECHNICAL_REVIEWER_EV_APP0068_FIRST_INTERVIEW_AI_CASE_M1_SKILL_03
DC_APP0068_M1_SKILL_04_000087,OB_FIRST_PANEL_07_ML_ENGINEER_EV_APP0068_FIRST_INTERVIEW_PRACTITIONER_QA_M1_SKILL_04
DC_APP0068_M1_SKILL_04_000087,OB_FIRST_PANEL_07_HIRING_MANAGER_EV_APP0068_FIRST_INTERVIEW_PRACTITIONER_QA_M1_SKILL_04
DC_APP0068_M1_SKILL_04_000087,OB_FIRST_PANEL_07_TECHNICAL_REVIEWER_EV_APP0068_FIRST_INTERVIEW_PRACTITIONER_QA_M1_SKILL_04
DC_APP0068_M1_SKILL_05_000088,OB_FIRST_PANEL_07_ML_ENGINEER_EV_APP0068_FIRST_INTERVIEW_PRACTITIONER_QA_M1_SKILL_05
DC_APP0068_M1_SKILL_05_000088,OB_FIRST_PANEL_07_HIRING_MANAGER_EV_APP0068_FIRST_INTERVIEW_PRACTITIONER_QA_M1_SKILL_05
DC_APP0068_M1_SKILL_05_000088,OB_FIRST_PANEL_07_TECHNICAL_REVIEWER_EV_APP0068_FIRST_INTERVIEW_PRACTITIONER_QA_M1_SKILL_05
DC_APP0068_M1_SKILL_06_000089,OB_FIRST_PANEL_07_ML_ENGINEER_EV_APP0068_FIRST_INTERVIEW_PRACTITIONER_QA_M1_SKILL_06
DC_APP0068_M1_SKILL_06_000089,OB_FIRST_PANEL_07_HIRING_MANAGER_EV_APP0068_FIRST_INTERVIEW_PRACTITIONER_QA_M1_SKILL_06
DC_APP0068_M1_SKILL_06_000089,OB_FIRST_PANEL_07_TECHNICAL_REVIEWER_EV_APP0068_FIRST_INTERVIEW_PRACTITIONER_QA_M1_SKILL_06
DC_APP0068_M1_SKILL_07_000090,OB_FIRST_PANEL_07_ML_ENGINEER_EV_APP0068_FIRST_INTERVIEW_TECHNICAL_ASSESSMENT_M1_SKILL_07
DC_APP0068_M1_SKILL_07_000090,OB_FIRST_PANEL_07_HIRING_MANAGER_EV_APP0068_FIRST_INTERVIEW_TECHNICAL_ASSESSMENT_M1_SKILL_07
DC_APP0068_M1_SKILL_07_000090,OB_FIRST_PANEL_07_TECHNICAL_REVIEWER_EV_APP0068_FIRST_INTERVIEW_TECHNICAL_ASSESSMENT_M1_SKILL_07
DC_APP0068_M1_SKILL_08_000091,OB_FIRST_PANEL_07_ML_ENGINEER_EV_APP0068_FIRST_INTERVIEW_PRACTITIONER_QA_M1_SKILL_08
DC_APP0068_M1_SKILL_08_000091,OB_FIRST_PANEL_07_HIRING_MANAGER_EV_APP0068_FIRST_INTERVIEW_PRACTITIONER_QA_M1_SKILL_08
DC_APP0068_M1_SKILL_08_000091,OB_FIRST_PANEL_07_TECHNICAL_REVIEWER_EV_APP0068_FIRST_INTERVIEW_PRACTITIONER_QA_M1_SKILL_08
DC_APP0076_M1_SKILL_01_000092,OB_DOCUMENT_SCREEN_PANEL_01_RECRUITER_EV_XP_APP0076_01_PROBLEM_M1_SKILL_01
DC_APP0076_M1_SKILL_01_000092,OB_DOCUMENT_SCREEN_PANEL_01_RECRUITER_EV_XP_APP0076_02_PROBLEM_M1_SKILL_01
DC_APP0076_M1_SKILL_01_000092,OB_FIRST_PANEL_08_ML_ENGINEER_EV_APP0076_FIRST_INTERVIEW_TECHNICAL_ASSESSMENT_M1_SKILL_01
DC_APP0076_M1_SKILL_01_000092,OB_FIRST_PANEL_08_HIRING_MANAGER_EV_APP0076_FIRST_INTERVIEW_TECHNICAL_ASSESSMENT_M1_SKILL_01
DC_APP0076_M1_SKILL_01_000092,OB_FIRST_PANEL_08_TECHNICAL_REVIEWER_EV_APP0076_FIRST_INTERVIEW_TECHNICAL_ASSESSMENT_M1_SKILL_01
DC_APP0076_M1_SKILL_01_000092,OB_FIRST_PANEL_08_ML_ENGINEER_EV_APP0076_FIRST_INTERVIEW_AI_CASE_M1_SKILL_01
DC_APP0076_M1_SKILL_01_000092,OB_FIRST_PANEL_08_HIRING_MANAGER_EV_APP0076_FIRST_INTERVIEW_AI_CASE_M1_SKILL_01
DC_APP0076_M1_SKILL_01_000092,OB_FIRST_PANEL_08_TECHNICAL_REVIEWER_EV_APP0076_FIRST_INTERVIEW_AI_CASE_M1_SKILL_01
DC_APP0076_M1_SKILL_02_000093,OB_FIRST_PANEL_08_ML_ENGINEER_EV_APP0076_FIRST_INTERVIEW_TECHNICAL_ASSESSMENT_M1_SKILL_02
DC_APP0076_M1_SKILL_02_000093,OB_FIRST_PANEL_08_HIRING_MANAGER_EV_APP0076_FIRST_INTERVIEW_TECHNICAL_ASSESSMENT_M1_SKILL_02
DC_APP0076_M1_SKILL_02_000093,OB_FIRST_PANEL_08_TECHNICAL_REVIEWER_EV_APP0076_FIRST_INTERVIEW_TECHNICAL_ASSESSMENT_M1_SKILL_02
DC_APP0076_M1_SKILL_03_000094,OB_DOCUMENT_SCREEN_PANEL_01_RECRUITER_EV_XP_APP0076_01_BUILD_M1_SKILL_03
DC_APP0076_M1_SKILL_03_000094,OB_DOCUMENT_SCREEN_PANEL_01_RECRUITER_EV_XP_APP0076_01_VALIDATE_M1_SKILL_03
DC_APP0076_M1_SKILL_03_000094,OB_DOCUMENT_SCREEN_PANEL_01_RECRUITER_EV_XP_APP0076_02_BUILD_M1_SKILL_03
DC_APP0076_M1_SKILL_03_000094,OB_DOCUMENT_SCREEN_PANEL_01_RECRUITER_EV_XP_APP0076_02_VALIDATE_M1_SKILL_03
DC_APP0076_M1_SKILL_03_000094,OB_REVIEW_ML_01_EV_APP0076_PRE_ASSESSMENT_CODING_TEST_M1_SKILL_03
DC_APP0076_M1_SKILL_03_000094,OB_REVIEW_HM_01_EV_APP0076_PRE_ASSESSMENT_CODING_TEST_M1_SKILL_03
DC_APP0076_M1_SKILL_03_000094,OB_FIRST_PANEL_08_ML_ENGINEER_EV_APP0076_FIRST_INTERVIEW_AI_CASE_M1_SKILL_03
DC_APP0076_M1_SKILL_03_000094,OB_FIRST_PANEL_08_HIRING_MANAGER_EV_APP0076_FIRST_INTERVIEW_AI_CASE_M1_SKILL_03
DC_APP0076_M1_SKILL_03_000094,OB_FIRST_PANEL_08_TECHNICAL_REVIEWER_EV_APP0076_FIRST_INTERVIEW_AI_CASE_M1_SKILL_03
DC_APP0076_M1_SKILL_04_000095,OB_FIRST_PANEL_08_ML_ENGINEER_EV_APP0076_FIRST_INTERVIEW_PRACTITIONER_QA_M1_SKILL_04
DC_APP0076_M1_SKILL_04_000095,OB_FIRST_PANEL_08_HIRING_MANAGER_EV_APP0076_FIRST_INTERVIEW_PRACTITIONER_QA_M1_SKILL_04
DC_APP0076_M1_SKILL_04_000095,OB_FIRST_PANEL_08_TECHNICAL_REVIEWER_EV_APP0076_FIRST_INTERVIEW_PRACTITIONER_QA_M1_SKILL_04
DC_APP0076_M1_SKILL_05_000096,OB_FIRST_PANEL_08_ML_ENGINEER_EV_APP0076_FIRST_INTERVIEW_PRACTITIONER_QA_M1_SKILL_05
DC_APP0076_M1_SKILL_05_000096,OB_FIRST_PANEL_08_HIRING_MANAGER_EV_APP0076_FIRST_INTERVIEW_PRACTITIONER_QA_M1_SKILL_05
DC_APP0076_M1_SKILL_05_000096,OB_FIRST_PANEL_08_TECHNICAL_REVIEWER_EV_APP0076_FIRST_INTERVIEW_PRACTITIONER_QA_M1_SKILL_05
DC_APP0076_M1_SKILL_06_000097,OB_FIRST_PANEL_08_ML_ENGINEER_EV_APP0076_FIRST_INTERVIEW_PRACTITIONER_QA_M1_SKILL_06
DC_APP0076_M1_SKILL_06_000097,OB_FIRST_PANEL_08_HIRING_MANAGER_EV_APP0076_FIRST_INTERVIEW_PRACTITIONER_QA_M1_SKILL_06
DC_APP0076_M1_SKILL_06_000097,OB_FIRST_PANEL_08_TECHNICAL_REVIEWER_EV_APP0076_FIRST_INTERVIEW_PRACTITIONER_QA_M1_SKILL_06
DC_APP0076_M1_SKILL_07_000098,OB_FIRST_PANEL_08_ML_ENGINEER_EV_APP0076_FIRST_INTERVIEW_TECHNICAL_ASSESSMENT_M1_SKILL_07
DC_APP0076_M1_SKILL_07_000098,OB_FIRST_PANEL_08_HIRING_MANAGER_EV_APP0076_FIRST_INTERVIEW_TECHNICAL_ASSESSMENT_M1_SKILL_07
DC_APP0076_M1_SKILL_07_000098,OB_FIRST_PANEL_08_TECHNICAL_REVIEWER_EV_APP0076_FIRST_INTERVIEW_TECHNICAL_ASSESSMENT_M1_SKILL_07
DC_APP0076_M1_SKILL_08_000099,OB_FIRST_PANEL_08_ML_ENGINEER_EV_APP0076_FIRST_INTERVIEW_PRACTITIONER_QA_M1_SKILL_08
DC_APP0076_M1_SKILL_08_000099,OB_FIRST_PANEL_08_HIRING_MANAGER_EV_APP0076_FIRST_INTERVIEW_PRACTITIONER_QA_M1_SKILL_08
DC_APP0076_M1_SKILL_08_000099,OB_FIRST_PANEL_08_TECHNICAL_REVIEWER_EV_APP0076_FIRST_INTERVIEW_PRACTITIONER_QA_M1_SKILL_08
DC_APP0082_M1_SKILL_01_000100,OB_DOCUMENT_SCREEN_PANEL_01_RECRUITER_EV_XP_APP0082_01_PROBLEM_M1_SKILL_01
DC_APP0082_M1_SKILL_01_000100,OB_DOCUMENT_SCREEN_PANEL_01_RECRUITER_EV_XP_APP0082_02_PROBLEM_M1_SKILL_01
DC_APP0082_M1_SKILL_01_000100,OB_FIRST_PANEL_09_ML_ENGINEER_EV_APP0082_FIRST_INTERVIEW_TECHNICAL_ASSESSMENT_M1_SKILL_01
DC_APP0082_M1_SKILL_01_000100,OB_FIRST_PANEL_09_HIRING_MANAGER_EV_APP0082_FIRST_INTERVIEW_TECHNICAL_ASSESSMENT_M1_SKILL_01
DC_APP0082_M1_SKILL_01_000100,OB_FIRST_PANEL_09_TECHNICAL_REVIEWER_EV_APP0082_FIRST_INTERVIEW_TECHNICAL_ASSESSMENT_M1_SKILL_01
DC_APP0082_M1_SKILL_01_000100,OB_FIRST_PANEL_09_ML_ENGINEER_EV_APP0082_FIRST_INTERVIEW_AI_CASE_M1_SKILL_01
DC_APP0082_M1_SKILL_01_000100,OB_FIRST_PANEL_09_HIRING_MANAGER_EV_APP0082_FIRST_INTERVIEW_AI_CASE_M1_SKILL_01
DC_APP0082_M1_SKILL_01_000100,OB_FIRST_PANEL_09_TECHNICAL_REVIEWER_EV_APP0082_FIRST_INTERVIEW_AI_CASE_M1_SKILL_01
DC_APP0082_M1_SKILL_02_000101,OB_FIRST_PANEL_09_ML_ENGINEER_EV_APP0082_FIRST_INTERVIEW_TECHNICAL_ASSESSMENT_M1_SKILL_02
DC_APP0082_M1_SKILL_02_000101,OB_FIRST_PANEL_09_HIRING_MANAGER_EV_APP0082_FIRST_INTERVIEW_TECHNICAL_ASSESSMENT_M1_SKILL_02
DC_APP0082_M1_SKILL_02_000101,OB_FIRST_PANEL_09_TECHNICAL_REVIEWER_EV_APP0082_FIRST_INTERVIEW_TECHNICAL_ASSESSMENT_M1_SKILL_02
DC_APP0082_M1_SKILL_03_000102,OB_DOCUMENT_SCREEN_PANEL_01_RECRUITER_EV_XP_APP0082_01_VALIDATE_M1_SKILL_03
DC_APP0082_M1_SKILL_03_000102,OB_REVIEW_ML_01_EV_APP0082_PRE_ASSESSMENT_CODING_TEST_M1_SKILL_03
DC_APP0082_M1_SKILL_03_000102,OB_REVIEW_HM_01_EV_APP0082_PRE_ASSESSMENT_CODING_TEST_M1_SKILL_03
DC_APP0082_M1_SKILL_03_000102,OB_FIRST_PANEL_09_ML_ENGINEER_EV_APP0082_FIRST_INTERVIEW_AI_CASE_M1_SKILL_03
DC_APP0082_M1_SKILL_03_000102,OB_FIRST_PANEL_09_HIRING_MANAGER_EV_APP0082_FIRST_INTERVIEW_AI_CASE_M1_SKILL_03
DC_APP0082_M1_SKILL_03_000102,OB_FIRST_PANEL_09_TECHNICAL_REVIEWER_EV_APP0082_FIRST_INTERVIEW_AI_CASE_M1_SKILL_03
DC_APP0082_M1_SKILL_04_000103,OB_FIRST_PANEL_09_ML_ENGINEER_EV_APP0082_FIRST_INTERVIEW_PRACTITIONER_QA_M1_SKILL_04
DC_APP0082_M1_SKILL_04_000103,OB_FIRST_PANEL_09_HIRING_MANAGER_EV_APP0082_FIRST_INTERVIEW_PRACTITIONER_QA_M1_SKILL_04
DC_APP0082_M1_SKILL_04_000103,OB_FIRST_PANEL_09_TECHNICAL_REVIEWER_EV_APP0082_FIRST_INTERVIEW_PRACTITIONER_QA_M1_SKILL_04
DC_APP0082_M1_SKILL_05_000104,OB_FIRST_PANEL_09_ML_ENGINEER_EV_APP0082_FIRST_INTERVIEW_PRACTITIONER_QA_M1_SKILL_05
DC_APP0082_M1_SKILL_05_000104,OB_FIRST_PANEL_09_HIRING_MANAGER_EV_APP0082_FIRST_INTERVIEW_PRACTITIONER_QA_M1_SKILL_05
DC_APP0082_M1_SKILL_05_000104,OB_FIRST_PANEL_09_TECHNICAL_REVIEWER_EV_APP0082_FIRST_INTERVIEW_PRACTITIONER_QA_M1_SKILL_05
DC_APP0082_M1_SKILL_06_000105,OB_FIRST_PANEL_09_ML_ENGINEER_EV_APP0082_FIRST_INTERVIEW_PRACTITIONER_QA_M1_SKILL_06
DC_APP0082_M1_SKILL_06_000105,OB_FIRST_PANEL_09_HIRING_MANAGER_EV_APP0082_FIRST_INTERVIEW_PRACTITIONER_QA_M1_SKILL_06
DC_APP0082_M1_SKILL_06_000105,OB_FIRST_PANEL_09_TECHNICAL_REVIEWER_EV_APP0082_FIRST_INTERVIEW_PRACTITIONER_QA_M1_SKILL_06
DC_APP0082_M1_SKILL_07_000106,OB_FIRST_PANEL_09_ML_ENGINEER_EV_APP0082_FIRST_INTERVIEW_TECHNICAL_ASSESSMENT_M1_SKILL_07
DC_APP0082_M1_SKILL_07_000106,OB_FIRST_PANEL_09_HIRING_MANAGER_EV_APP0082_FIRST_INTERVIEW_TECHNICAL_ASSESSMENT_M1_SKILL_07
DC_APP0082_M1_SKILL_07_000106,OB_FIRST_PANEL_09_TECHNICAL_REVIEWER_EV_APP0082_FIRST_INTERVIEW_TECHNICAL_ASSESSMENT_M1_SKILL_07
DC_APP0082_M1_SKILL_08_000107,OB_FIRST_PANEL_09_ML_ENGINEER_EV_APP0082_FIRST_INTERVIEW_PRACTITIONER_QA_M1_SKILL_08
DC_APP0082_M1_SKILL_08_000107,OB_FIRST_PANEL_09_HIRING_MANAGER_EV_APP0082_FIRST_INTERVIEW_PRACTITIONER_QA_M1_SKILL_08
DC_APP0082_M1_SKILL_08_000107,OB_FIRST_PANEL_09_TECHNICAL_REVIEWER_EV_APP0082_FIRST_INTERVIEW_PRACTITIONER_QA_M1_SKILL_08
DC_APP0101_M1_SKILL_01_000108,OB_DOCUMENT_SCREEN_PANEL_01_RECRUITER_EV_XP_APP0101_01_PROBLEM_M1_SKILL_01
DC_APP0101_M1_SKILL_01_000108,OB_DOCUMENT_SCREEN_PANEL_01_RECRUITER_EV_XP_APP0101_02_PROBLEM_M1_SKILL_01
DC_APP0101_M1_SKILL_01_000108,OB_FIRST_PANEL_10_ML_ENGINEER_EV_APP0101_FIRST_INTERVIEW_TECHNICAL_ASSESSMENT_M1_SKILL_01
DC_APP0101_M1_SKILL_01_000108,OB_FIRST_PANEL_10_HIRING_MANAGER_EV_APP0101_FIRST_INTERVIEW_TECHNICAL_ASSESSMENT_M1_SKILL_01
DC_APP0101_M1_SKILL_01_000108,OB_FIRST_PANEL_10_TECHNICAL_REVIEWER_EV_APP0101_FIRST_INTERVIEW_TECHNICAL_ASSESSMENT_M1_SKILL_01
DC_APP0101_M1_SKILL_01_000108,OB_FIRST_PANEL_10_ML_ENGINEER_EV_APP0101_FIRST_INTERVIEW_AI_CASE_M1_SKILL_01
DC_APP0101_M1_SKILL_01_000108,OB_FIRST_PANEL_10_HIRING_MANAGER_EV_APP0101_FIRST_INTERVIEW_AI_CASE_M1_SKILL_01
DC_APP0101_M1_SKILL_01_000108,OB_FIRST_PANEL_10_TECHNICAL_REVIEWER_EV_APP0101_FIRST_INTERVIEW_AI_CASE_M1_SKILL_01
DC_APP0101_M1_SKILL_02_000109,OB_FIRST_PANEL_10_ML_ENGINEER_EV_APP0101_FIRST_INTERVIEW_TECHNICAL_ASSESSMENT_M1_SKILL_02
DC_APP0101_M1_SKILL_02_000109,OB_FIRST_PANEL_10_HIRING_MANAGER_EV_APP0101_FIRST_INTERVIEW_TECHNICAL_ASSESSMENT_M1_SKILL_02
DC_APP0101_M1_SKILL_02_000109,OB_FIRST_PANEL_10_TECHNICAL_REVIEWER_EV_APP0101_FIRST_INTERVIEW_TECHNICAL_ASSESSMENT_M1_SKILL_02
DC_APP0101_M1_SKILL_03_000110,OB_DOCUMENT_SCREEN_PANEL_01_RECRUITER_EV_XP_APP0101_01_BUILD_M1_SKILL_03
DC_APP0101_M1_SKILL_03_000110,OB_DOCUMENT_SCREEN_PANEL_01_RECRUITER_EV_XP_APP0101_01_VALIDATE_M1_SKILL_03
DC_APP0101_M1_SKILL_03_000110,OB_DOCUMENT_SCREEN_PANEL_01_RECRUITER_EV_XP_APP0101_02_BUILD_M1_SKILL_03
DC_APP0101_M1_SKILL_03_000110,OB_REVIEW_ML_01_EV_APP0101_PRE_ASSESSMENT_CODING_TEST_M1_SKILL_03
DC_APP0101_M1_SKILL_03_000110,OB_REVIEW_HM_01_EV_APP0101_PRE_ASSESSMENT_CODING_TEST_M1_SKILL_03
DC_APP0101_M1_SKILL_03_000110,OB_FIRST_PANEL_10_ML_ENGINEER_EV_APP0101_FIRST_INTERVIEW_AI_CASE_M1_SKILL_03
DC_APP0101_M1_SKILL_03_000110,OB_FIRST_PANEL_10_HIRING_MANAGER_EV_APP0101_FIRST_INTERVIEW_AI_CASE_M1_SKILL_03
DC_APP0101_M1_SKILL_03_000110,OB_FIRST_PANEL_10_TECHNICAL_REVIEWER_EV_APP0101_FIRST_INTERVIEW_AI_CASE_M1_SKILL_03
DC_APP0101_M1_SKILL_04_000111,OB_FIRST_PANEL_10_ML_ENGINEER_EV_APP0101_FIRST_INTERVIEW_PRACTITIONER_QA_M1_SKILL_04
DC_APP0101_M1_SKILL_04_000111,OB_FIRST_PANEL_10_HIRING_MANAGER_EV_APP0101_FIRST_INTERVIEW_PRACTITIONER_QA_M1_SKILL_04
DC_APP0101_M1_SKILL_04_000111,OB_FIRST_PANEL_10_TECHNICAL_REVIEWER_EV_APP0101_FIRST_INTERVIEW_PRACTITIONER_QA_M1_SKILL_04
DC_APP0101_M1_SKILL_05_000112,OB_FIRST_PANEL_10_ML_ENGINEER_EV_APP0101_FIRST_INTERVIEW_PRACTITIONER_QA_M1_SKILL_05
DC_APP0101_M1_SKILL_05_000112,OB_FIRST_PANEL_10_HIRING_MANAGER_EV_APP0101_FIRST_INTERVIEW_PRACTITIONER_QA_M1_SKILL_05
DC_APP0101_M1_SKILL_05_000112,OB_FIRST_PANEL_10_TECHNICAL_REVIEWER_EV_APP0101_FIRST_INTERVIEW_PRACTITIONER_QA_M1_SKILL_05
DC_APP0101_M1_SKILL_06_000113,OB_FIRST_PANEL_10_ML_ENGINEER_EV_APP0101_FIRST_INTERVIEW_PRACTITIONER_QA_M1_SKILL_06
DC_APP0101_M1_SKILL_06_000113,OB_FIRST_PANEL_10_HIRING_MANAGER_EV_APP0101_FIRST_INTERVIEW_PRACTITIONER_QA_M1_SKILL_06
DC_APP0101_M1_SKILL_06_000113,OB_FIRST_PANEL_10_TECHNICAL_REVIEWER_EV_APP0101_FIRST_INTERVIEW_PRACTITIONER_QA_M1_SKILL_06
DC_APP0101_M1_SKILL_07_000114,OB_FIRST_PANEL_10_ML_ENGINEER_EV_APP0101_FIRST_INTERVIEW_TECHNICAL_ASSESSMENT_M1_SKILL_07
DC_APP0101_M1_SKILL_07_000114,OB_FIRST_PANEL_10_HIRING_MANAGER_EV_APP0101_FIRST_INTERVIEW_TECHNICAL_ASSESSMENT_M1_SKILL_07
DC_APP0101_M1_SKILL_07_000114,OB_FIRST_PANEL_10_TECHNICAL_REVIEWER_EV_APP0101_FIRST_INTERVIEW_TECHNICAL_ASSESSMENT_M1_SKILL_07
DC_APP0101_M1_SKILL_08_000115,OB_FIRST_PANEL_10_ML_ENGINEER_EV_APP0101_FIRST_INTERVIEW_PRACTITIONER_QA_M1_SKILL_08
DC_APP0101_M1_SKILL_08_000115,OB_FIRST_PANEL_10_HIRING_MANAGER_EV_APP0101_FIRST_INTERVIEW_PRACTITIONER_QA_M1_SKILL_08
DC_APP0101_M1_SKILL_08_000115,OB_FIRST_PANEL_10_TECHNICAL_REVIEWER_EV_APP0101_FIRST_INTERVIEW_PRACTITIONER_QA_M1_SKILL_08
DC_APP0128_M1_SKILL_01_000116,OB_DOCUMENT_SCREEN_PANEL_01_RECRUITER_EV_XP_APP0128_01_PROBLEM_M1_SKILL_01
DC_APP0128_M1_SKILL_01_000116,OB_DOCUMENT_SCREEN_PANEL_01_RECRUITER_EV_XP_APP0128_02_PROBLEM_M1_SKILL_01
DC_APP0128_M1_SKILL_01_000116,OB_FIRST_PANEL_01_ML_ENGINEER_EV_APP0128_FIRST_INTERVIEW_TECHNICAL_ASSESSMENT_M1_SKILL_01
DC_APP0128_M1_SKILL_01_000116,OB_FIRST_PANEL_01_HIRING_MANAGER_EV_APP0128_FIRST_INTERVIEW_TECHNICAL_ASSESSMENT_M1_SKILL_01
DC_APP0128_M1_SKILL_01_000116,OB_FIRST_PANEL_01_TECHNICAL_REVIEWER_EV_APP0128_FIRST_INTERVIEW_TECHNICAL_ASSESSMENT_M1_SKILL_01
DC_APP0128_M1_SKILL_01_000116,OB_FIRST_PANEL_01_ML_ENGINEER_EV_APP0128_FIRST_INTERVIEW_AI_CASE_M1_SKILL_01
DC_APP0128_M1_SKILL_01_000116,OB_FIRST_PANEL_01_HIRING_MANAGER_EV_APP0128_FIRST_INTERVIEW_AI_CASE_M1_SKILL_01
DC_APP0128_M1_SKILL_01_000116,OB_FIRST_PANEL_01_TECHNICAL_REVIEWER_EV_APP0128_FIRST_INTERVIEW_AI_CASE_M1_SKILL_01
DC_APP0128_M1_SKILL_02_000117,OB_FIRST_PANEL_01_ML_ENGINEER_EV_APP0128_FIRST_INTERVIEW_TECHNICAL_ASSESSMENT_M1_SKILL_02
DC_APP0128_M1_SKILL_02_000117,OB_FIRST_PANEL_01_HIRING_MANAGER_EV_APP0128_FIRST_INTERVIEW_TECHNICAL_ASSESSMENT_M1_SKILL_02
DC_APP0128_M1_SKILL_02_000117,OB_FIRST_PANEL_01_TECHNICAL_REVIEWER_EV_APP0128_FIRST_INTERVIEW_TECHNICAL_ASSESSMENT_M1_SKILL_02
DC_APP0128_M1_SKILL_03_000118,OB_DOCUMENT_SCREEN_PANEL_01_RECRUITER_EV_XP_APP0128_01_VALIDATE_M1_SKILL_03
DC_APP0128_M1_SKILL_03_000118,OB_DOCUMENT_SCREEN_PANEL_01_RECRUITER_EV_XP_APP0128_02_VALIDATE_M1_SKILL_03
DC_APP0128_M1_SKILL_03_000118,OB_REVIEW_ML_01_EV_APP0128_PRE_ASSESSMENT_CODING_TEST_M1_SKILL_03
DC_APP0128_M1_SKILL_03_000118,OB_REVIEW_HM_01_EV_APP0128_PRE_ASSESSMENT_CODING_TEST_M1_SKILL_03
DC_APP0128_M1_SKILL_03_000118,OB_FIRST_PANEL_01_ML_ENGINEER_EV_APP0128_FIRST_INTERVIEW_AI_CASE_M1_SKILL_03
DC_APP0128_M1_SKILL_03_000118,OB_FIRST_PANEL_01_HIRING_MANAGER_EV_APP0128_FIRST_INTERVIEW_AI_CASE_M1_SKILL_03
DC_APP0128_M1_SKILL_03_000118,OB_FIRST_PANEL_01_TECHNICAL_REVIEWER_EV_APP0128_FIRST_INTERVIEW_AI_CASE_M1_SKILL_03
DC_APP0128_M1_SKILL_04_000119,OB_FIRST_PANEL_01_ML_ENGINEER_EV_APP0128_FIRST_INTERVIEW_PRACTITIONER_QA_M1_SKILL_04
DC_APP0128_M1_SKILL_04_000119,OB_FIRST_PANEL_01_HIRING_MANAGER_EV_APP0128_FIRST_INTERVIEW_PRACTITIONER_QA_M1_SKILL_04
DC_APP0128_M1_SKILL_04_000119,OB_FIRST_PANEL_01_TECHNICAL_REVIEWER_EV_APP0128_FIRST_INTERVIEW_PRACTITIONER_QA_M1_SKILL_04
DC_APP0128_M1_SKILL_05_000120,OB_FIRST_PANEL_01_ML_ENGINEER_EV_APP0128_FIRST_INTERVIEW_PRACTITIONER_QA_M1_SKILL_05
DC_APP0128_M1_SKILL_05_000120,OB_FIRST_PANEL_01_HIRING_MANAGER_EV_APP0128_FIRST_INTERVIEW_PRACTITIONER_QA_M1_SKILL_05
DC_APP0128_M1_SKILL_05_000120,OB_FIRST_PANEL_01_TECHNICAL_REVIEWER_EV_APP0128_FIRST_INTERVIEW_PRACTITIONER_QA_M1_SKILL_05
DC_APP0128_M1_SKILL_06_000121,OB_FIRST_PANEL_01_ML_ENGINEER_EV_APP0128_FIRST_INTERVIEW_PRACTITIONER_QA_M1_SKILL_06
DC_APP0128_M1_SKILL_06_000121,OB_FIRST_PANEL_01_HIRING_MANAGER_EV_APP0128_FIRST_INTERVIEW_PRACTITIONER_QA_M1_SKILL_06
DC_APP0128_M1_SKILL_06_000121,OB_FIRST_PANEL_01_TECHNICAL_REVIEWER_EV_APP0128_FIRST_INTERVIEW_PRACTITIONER_QA_M1_SKILL_06
DC_APP0128_M1_SKILL_07_000122,OB_FIRST_PANEL_01_ML_ENGINEER_EV_APP0128_FIRST_INTERVIEW_TECHNICAL_ASSESSMENT_M1_SKILL_07
DC_APP0128_M1_SKILL_07_000122,OB_FIRST_PANEL_01_HIRING_MANAGER_EV_APP0128_FIRST_INTERVIEW_TECHNICAL_ASSESSMENT_M1_SKILL_07
DC_APP0128_M1_SKILL_07_000122,OB_FIRST_PANEL_01_TECHNICAL_REVIEWER_EV_APP0128_FIRST_INTERVIEW_TECHNICAL_ASSESSMENT_M1_SKILL_07
DC_APP0128_M1_SKILL_08_000123,OB_FIRST_PANEL_01_ML_ENGINEER_EV_APP0128_FIRST_INTERVIEW_PRACTITIONER_QA_M1_SKILL_08
DC_APP0128_M1_SKILL_08_000123,OB_FIRST_PANEL_01_HIRING_MANAGER_EV_APP0128_FIRST_INTERVIEW_PRACTITIONER_QA_M1_SKILL_08
DC_APP0128_M1_SKILL_08_000123,OB_FIRST_PANEL_01_TECHNICAL_REVIEWER_EV_APP0128_FIRST_INTERVIEW_PRACTITIONER_QA_M1_SKILL_08
DC_APP0141_M1_SKILL_01_000124,OB_DOCUMENT_SCREEN_PANEL_01_RECRUITER_EV_XP_APP0141_01_PROBLEM_M1_SKILL_01
DC_APP0141_M1_SKILL_01_000124,OB_DOCUMENT_SCREEN_PANEL_01_RECRUITER_EV_XP_APP0141_02_PROBLEM_M1_SKILL_01
DC_APP0141_M1_SKILL_01_000124,OB_FIRST_PANEL_02_ML_ENGINEER_EV_APP0141_FIRST_INTERVIEW_TECHNICAL_ASSESSMENT_M1_SKILL_01
DC_APP0141_M1_SKILL_01_000124,OB_FIRST_PANEL_02_HIRING_MANAGER_EV_APP0141_FIRST_INTERVIEW_TECHNICAL_ASSESSMENT_M1_SKILL_01
DC_APP0141_M1_SKILL_01_000124,OB_FIRST_PANEL_02_TECHNICAL_REVIEWER_EV_APP0141_FIRST_INTERVIEW_TECHNICAL_ASSESSMENT_M1_SKILL_01
DC_APP0141_M1_SKILL_01_000124,OB_FIRST_PANEL_02_ML_ENGINEER_EV_APP0141_FIRST_INTERVIEW_AI_CASE_M1_SKILL_01
DC_APP0141_M1_SKILL_01_000124,OB_FIRST_PANEL_02_HIRING_MANAGER_EV_APP0141_FIRST_INTERVIEW_AI_CASE_M1_SKILL_01
DC_APP0141_M1_SKILL_01_000124,OB_FIRST_PANEL_02_TECHNICAL_REVIEWER_EV_APP0141_FIRST_INTERVIEW_AI_CASE_M1_SKILL_01
DC_APP0141_M1_SKILL_02_000125,OB_FIRST_PANEL_02_ML_ENGINEER_EV_APP0141_FIRST_INTERVIEW_TECHNICAL_ASSESSMENT_M1_SKILL_02
DC_APP0141_M1_SKILL_02_000125,OB_FIRST_PANEL_02_HIRING_MANAGER_EV_APP0141_FIRST_INTERVIEW_TECHNICAL_ASSESSMENT_M1_SKILL_02
DC_APP0141_M1_SKILL_02_000125,OB_FIRST_PANEL_02_TECHNICAL_REVIEWER_EV_APP0141_FIRST_INTERVIEW_TECHNICAL_ASSESSMENT_M1_SKILL_02
DC_APP0141_M1_SKILL_03_000126,OB_DOCUMENT_SCREEN_PANEL_01_RECRUITER_EV_XP_APP0141_01_BUILD_M1_SKILL_03
DC_APP0141_M1_SKILL_03_000126,OB_DOCUMENT_SCREEN_PANEL_01_RECRUITER_EV_XP_APP0141_01_VALIDATE_M1_SKILL_03
DC_APP0141_M1_SKILL_03_000126,OB_DOCUMENT_SCREEN_PANEL_01_RECRUITER_EV_XP_APP0141_02_BUILD_M1_SKILL_03
DC_APP0141_M1_SKILL_03_000126,OB_REVIEW_ML_01_EV_APP0141_PRE_ASSESSMENT_CODING_TEST_M1_SKILL_03
DC_APP0141_M1_SKILL_03_000126,OB_REVIEW_HM_01_EV_APP0141_PRE_ASSESSMENT_CODING_TEST_M1_SKILL_03
DC_APP0141_M1_SKILL_03_000126,OB_FIRST_PANEL_02_ML_ENGINEER_EV_APP0141_FIRST_INTERVIEW_AI_CASE_M1_SKILL_03
DC_APP0141_M1_SKILL_03_000126,OB_FIRST_PANEL_02_HIRING_MANAGER_EV_APP0141_FIRST_INTERVIEW_AI_CASE_M1_SKILL_03
DC_APP0141_M1_SKILL_03_000126,OB_FIRST_PANEL_02_TECHNICAL_REVIEWER_EV_APP0141_FIRST_INTERVIEW_AI_CASE_M1_SKILL_03
DC_APP0141_M1_SKILL_04_000127,OB_FIRST_PANEL_02_ML_ENGINEER_EV_APP0141_FIRST_INTERVIEW_PRACTITIONER_QA_M1_SKILL_04
DC_APP0141_M1_SKILL_04_000127,OB_FIRST_PANEL_02_HIRING_MANAGER_EV_APP0141_FIRST_INTERVIEW_PRACTITIONER_QA_M1_SKILL_04
DC_APP0141_M1_SKILL_04_000127,OB_FIRST_PANEL_02_TECHNICAL_REVIEWER_EV_APP0141_FIRST_INTERVIEW_PRACTITIONER_QA_M1_SKILL_04
DC_APP0141_M1_SKILL_05_000128,OB_FIRST_PANEL_02_ML_ENGINEER_EV_APP0141_FIRST_INTERVIEW_PRACTITIONER_QA_M1_SKILL_05
DC_APP0141_M1_SKILL_05_000128,OB_FIRST_PANEL_02_HIRING_MANAGER_EV_APP0141_FIRST_INTERVIEW_PRACTITIONER_QA_M1_SKILL_05
DC_APP0141_M1_SKILL_05_000128,OB_FIRST_PANEL_02_TECHNICAL_REVIEWER_EV_APP0141_FIRST_INTERVIEW_PRACTITIONER_QA_M1_SKILL_05
DC_APP0141_M1_SKILL_06_000129,OB_FIRST_PANEL_02_ML_ENGINEER_EV_APP0141_FIRST_INTERVIEW_PRACTITIONER_QA_M1_SKILL_06
DC_APP0141_M1_SKILL_06_000129,OB_FIRST_PANEL_02_HIRING_MANAGER_EV_APP0141_FIRST_INTERVIEW_PRACTITIONER_QA_M1_SKILL_06
DC_APP0141_M1_SKILL_06_000129,OB_FIRST_PANEL_02_TECHNICAL_REVIEWER_EV_APP0141_FIRST_INTERVIEW_PRACTITIONER_QA_M1_SKILL_06
DC_APP0141_M1_SKILL_07_000130,OB_FIRST_PANEL_02_ML_ENGINEER_EV_APP0141_FIRST_INTERVIEW_TECHNICAL_ASSESSMENT_M1_SKILL_07
DC_APP0141_M1_SKILL_07_000130,OB_FIRST_PANEL_02_HIRING_MANAGER_EV_APP0141_FIRST_INTERVIEW_TECHNICAL_ASSESSMENT_M1_SKILL_07
DC_APP0141_M1_SKILL_07_000130,OB_FIRST_PANEL_02_TECHNICAL_REVIEWER_EV_APP0141_FIRST_INTERVIEW_TECHNICAL_ASSESSMENT_M1_SKILL_07
DC_APP0141_M1_SKILL_08_000131,OB_FIRST_PANEL_02_ML_ENGINEER_EV_APP0141_FIRST_INTERVIEW_PRACTITIONER_QA_M1_SKILL_08
DC_APP0141_M1_SKILL_08_000131,OB_FIRST_PANEL_02_HIRING_MANAGER_EV_APP0141_FIRST_INTERVIEW_PRACTITIONER_QA_M1_SKILL_08
DC_APP0141_M1_SKILL_08_000131,OB_FIRST_PANEL_02_TECHNICAL_REVIEWER_EV_APP0141_FIRST_INTERVIEW_PRACTITIONER_QA_M1_SKILL_08
DC_APP0143_M1_SKILL_01_000132,OB_FIRST_PANEL_03_ML_ENGINEER_EV_APP0143_FIRST_INTERVIEW_TECHNICAL_ASSESSMENT_M1_SKILL_01
DC_APP0143_M1_SKILL_01_000132,OB_FIRST_PANEL_03_HIRING_MANAGER_EV_APP0143_FIRST_INTERVIEW_TECHNICAL_ASSESSMENT_M1_SKILL_01
DC_APP0143_M1_SKILL_01_000132,OB_FIRST_PANEL_03_TECHNICAL_REVIEWER_EV_APP0143_FIRST_INTERVIEW_TECHNICAL_ASSESSMENT_M1_SKILL_01
DC_APP0143_M1_SKILL_01_000132,OB_FIRST_PANEL_03_ML_ENGINEER_EV_APP0143_FIRST_INTERVIEW_AI_CASE_M1_SKILL_01
DC_APP0143_M1_SKILL_01_000132,OB_FIRST_PANEL_03_HIRING_MANAGER_EV_APP0143_FIRST_INTERVIEW_AI_CASE_M1_SKILL_01
DC_APP0143_M1_SKILL_01_000132,OB_FIRST_PANEL_03_TECHNICAL_REVIEWER_EV_APP0143_FIRST_INTERVIEW_AI_CASE_M1_SKILL_01
DC_APP0143_M1_SKILL_02_000133,OB_FIRST_PANEL_03_ML_ENGINEER_EV_APP0143_FIRST_INTERVIEW_TECHNICAL_ASSESSMENT_M1_SKILL_02
DC_APP0143_M1_SKILL_02_000133,OB_FIRST_PANEL_03_HIRING_MANAGER_EV_APP0143_FIRST_INTERVIEW_TECHNICAL_ASSESSMENT_M1_SKILL_02
DC_APP0143_M1_SKILL_02_000133,OB_FIRST_PANEL_03_TECHNICAL_REVIEWER_EV_APP0143_FIRST_INTERVIEW_TECHNICAL_ASSESSMENT_M1_SKILL_02
DC_APP0143_M1_SKILL_03_000134,OB_DOCUMENT_SCREEN_PANEL_01_RECRUITER_EV_XP_APP0143_01_BUILD_M1_SKILL_03
DC_APP0143_M1_SKILL_03_000134,OB_DOCUMENT_SCREEN_PANEL_01_RECRUITER_EV_XP_APP0143_01_VALIDATE_M1_SKILL_03
DC_APP0143_M1_SKILL_03_000134,OB_REVIEW_ML_01_EV_APP0143_PRE_ASSESSMENT_CODING_TEST_M1_SKILL_03
DC_APP0143_M1_SKILL_03_000134,OB_REVIEW_HM_01_EV_APP0143_PRE_ASSESSMENT_CODING_TEST_M1_SKILL_03
DC_APP0143_M1_SKILL_03_000134,OB_FIRST_PANEL_03_ML_ENGINEER_EV_APP0143_FIRST_INTERVIEW_AI_CASE_M1_SKILL_03
DC_APP0143_M1_SKILL_03_000134,OB_FIRST_PANEL_03_HIRING_MANAGER_EV_APP0143_FIRST_INTERVIEW_AI_CASE_M1_SKILL_03
DC_APP0143_M1_SKILL_03_000134,OB_FIRST_PANEL_03_TECHNICAL_REVIEWER_EV_APP0143_FIRST_INTERVIEW_AI_CASE_M1_SKILL_03
DC_APP0143_M1_SKILL_04_000135,OB_FIRST_PANEL_03_ML_ENGINEER_EV_APP0143_FIRST_INTERVIEW_PRACTITIONER_QA_M1_SKILL_04
DC_APP0143_M1_SKILL_04_000135,OB_FIRST_PANEL_03_HIRING_MANAGER_EV_APP0143_FIRST_INTERVIEW_PRACTITIONER_QA_M1_SKILL_04
DC_APP0143_M1_SKILL_04_000135,OB_FIRST_PANEL_03_TECHNICAL_REVIEWER_EV_APP0143_FIRST_INTERVIEW_PRACTITIONER_QA_M1_SKILL_04
DC_APP0143_M1_SKILL_05_000136,OB_FIRST_PANEL_03_ML_ENGINEER_EV_APP0143_FIRST_INTERVIEW_PRACTITIONER_QA_M1_SKILL_05
DC_APP0143_M1_SKILL_05_000136,OB_FIRST_PANEL_03_HIRING_MANAGER_EV_APP0143_FIRST_INTERVIEW_PRACTITIONER_QA_M1_SKILL_05
DC_APP0143_M1_SKILL_05_000136,OB_FIRST_PANEL_03_TECHNICAL_REVIEWER_EV_APP0143_FIRST_INTERVIEW_PRACTITIONER_QA_M1_SKILL_05
DC_APP0143_M1_SKILL_06_000137,OB_FIRST_PANEL_03_ML_ENGINEER_EV_APP0143_FIRST_INTERVIEW_PRACTITIONER_QA_M1_SKILL_06
DC_APP0143_M1_SKILL_06_000137,OB_FIRST_PANEL_03_HIRING_MANAGER_EV_APP0143_FIRST_INTERVIEW_PRACTITIONER_QA_M1_SKILL_06
DC_APP0143_M1_SKILL_06_000137,OB_FIRST_PANEL_03_TECHNICAL_REVIEWER_EV_APP0143_FIRST_INTERVIEW_PRACTITIONER_QA_M1_SKILL_06
DC_APP0143_M1_SKILL_07_000138,OB_FIRST_PANEL_03_ML_ENGINEER_EV_APP0143_FIRST_INTERVIEW_TECHNICAL_ASSESSMENT_M1_SKILL_07
DC_APP0143_M1_SKILL_07_000138,OB_FIRST_PANEL_03_HIRING_MANAGER_EV_APP0143_FIRST_INTERVIEW_TECHNICAL_ASSESSMENT_M1_SKILL_07
DC_APP0143_M1_SKILL_07_000138,OB_FIRST_PANEL_03_TECHNICAL_REVIEWER_EV_APP0143_FIRST_INTERVIEW_TECHNICAL_ASSESSMENT_M1_SKILL_07
DC_APP0143_M1_SKILL_08_000139,OB_FIRST_PANEL_03_ML_ENGINEER_EV_APP0143_FIRST_INTERVIEW_PRACTITIONER_QA_M1_SKILL_08
DC_APP0143_M1_SKILL_08_000139,OB_FIRST_PANEL_03_HIRING_MANAGER_EV_APP0143_FIRST_INTERVIEW_PRACTITIONER_QA_M1_SKILL_08
DC_APP0143_M1_SKILL_08_000139,OB_FIRST_PANEL_03_TECHNICAL_REVIEWER_EV_APP0143_FIRST_INTERVIEW_PRACTITIONER_QA_M1_SKILL_08
DC_APP0150_M1_SKILL_01_000140,OB_DOCUMENT_SCREEN_PANEL_01_RECRUITER_EV_XP_APP0150_02_PROBLEM_M1_SKILL_01
DC_APP0150_M1_SKILL_01_000140,OB_FIRST_PANEL_04_ML_ENGINEER_EV_APP0150_FIRST_INTERVIEW_TECHNICAL_ASSESSMENT_M1_SKILL_01
DC_APP0150_M1_SKILL_01_000140,OB_FIRST_PANEL_04_HIRING_MANAGER_EV_APP0150_FIRST_INTERVIEW_TECHNICAL_ASSESSMENT_M1_SKILL_01
DC_APP0150_M1_SKILL_01_000140,OB_FIRST_PANEL_04_TECHNICAL_REVIEWER_EV_APP0150_FIRST_INTERVIEW_TECHNICAL_ASSESSMENT_M1_SKILL_01
DC_APP0150_M1_SKILL_01_000140,OB_FIRST_PANEL_04_ML_ENGINEER_EV_APP0150_FIRST_INTERVIEW_AI_CASE_M1_SKILL_01
DC_APP0150_M1_SKILL_01_000140,OB_FIRST_PANEL_04_HIRING_MANAGER_EV_APP0150_FIRST_INTERVIEW_AI_CASE_M1_SKILL_01
DC_APP0150_M1_SKILL_01_000140,OB_FIRST_PANEL_04_TECHNICAL_REVIEWER_EV_APP0150_FIRST_INTERVIEW_AI_CASE_M1_SKILL_01
DC_APP0150_M1_SKILL_02_000141,OB_FIRST_PANEL_04_ML_ENGINEER_EV_APP0150_FIRST_INTERVIEW_TECHNICAL_ASSESSMENT_M1_SKILL_02
DC_APP0150_M1_SKILL_02_000141,OB_FIRST_PANEL_04_HIRING_MANAGER_EV_APP0150_FIRST_INTERVIEW_TECHNICAL_ASSESSMENT_M1_SKILL_02
DC_APP0150_M1_SKILL_02_000141,OB_FIRST_PANEL_04_TECHNICAL_REVIEWER_EV_APP0150_FIRST_INTERVIEW_TECHNICAL_ASSESSMENT_M1_SKILL_02
DC_APP0150_M1_SKILL_03_000142,OB_DOCUMENT_SCREEN_PANEL_01_RECRUITER_EV_XP_APP0150_01_VALIDATE_M1_SKILL_03
DC_APP0150_M1_SKILL_03_000142,OB_DOCUMENT_SCREEN_PANEL_01_RECRUITER_EV_XP_APP0150_02_BUILD_M1_SKILL_03
DC_APP0150_M1_SKILL_03_000142,OB_DOCUMENT_SCREEN_PANEL_01_RECRUITER_EV_XP_APP0150_02_VALIDATE_M1_SKILL_03
DC_APP0150_M1_SKILL_03_000142,OB_REVIEW_ML_01_EV_APP0150_PRE_ASSESSMENT_CODING_TEST_M1_SKILL_03
DC_APP0150_M1_SKILL_03_000142,OB_REVIEW_HM_01_EV_APP0150_PRE_ASSESSMENT_CODING_TEST_M1_SKILL_03
DC_APP0150_M1_SKILL_03_000142,OB_FIRST_PANEL_04_ML_ENGINEER_EV_APP0150_FIRST_INTERVIEW_AI_CASE_M1_SKILL_03
DC_APP0150_M1_SKILL_03_000142,OB_FIRST_PANEL_04_HIRING_MANAGER_EV_APP0150_FIRST_INTERVIEW_AI_CASE_M1_SKILL_03
DC_APP0150_M1_SKILL_03_000142,OB_FIRST_PANEL_04_TECHNICAL_REVIEWER_EV_APP0150_FIRST_INTERVIEW_AI_CASE_M1_SKILL_03
DC_APP0150_M1_SKILL_04_000143,OB_FIRST_PANEL_04_ML_ENGINEER_EV_APP0150_FIRST_INTERVIEW_PRACTITIONER_QA_M1_SKILL_04
DC_APP0150_M1_SKILL_04_000143,OB_FIRST_PANEL_04_HIRING_MANAGER_EV_APP0150_FIRST_INTERVIEW_PRACTITIONER_QA_M1_SKILL_04
DC_APP0150_M1_SKILL_04_000143,OB_FIRST_PANEL_04_TECHNICAL_REVIEWER_EV_APP0150_FIRST_INTERVIEW_PRACTITIONER_QA_M1_SKILL_04
DC_APP0150_M1_SKILL_05_000144,OB_FIRST_PANEL_04_ML_ENGINEER_EV_APP0150_FIRST_INTERVIEW_PRACTITIONER_QA_M1_SKILL_05
DC_APP0150_M1_SKILL_05_000144,OB_FIRST_PANEL_04_HIRING_MANAGER_EV_APP0150_FIRST_INTERVIEW_PRACTITIONER_QA_M1_SKILL_05
DC_APP0150_M1_SKILL_05_000144,OB_FIRST_PANEL_04_TECHNICAL_REVIEWER_EV_APP0150_FIRST_INTERVIEW_PRACTITIONER_QA_M1_SKILL_05
DC_APP0150_M1_SKILL_06_000145,OB_FIRST_PANEL_04_ML_ENGINEER_EV_APP0150_FIRST_INTERVIEW_PRACTITIONER_QA_M1_SKILL_06
DC_APP0150_M1_SKILL_06_000145,OB_FIRST_PANEL_04_HIRING_MANAGER_EV_APP0150_FIRST_INTERVIEW_PRACTITIONER_QA_M1_SKILL_06
DC_APP0150_M1_SKILL_06_000145,OB_FIRST_PANEL_04_TECHNICAL_REVIEWER_EV_APP0150_FIRST_INTERVIEW_PRACTITIONER_QA_M1_SKILL_06
DC_APP0150_M1_SKILL_07_000146,OB_FIRST_PANEL_04_ML_ENGINEER_EV_APP0150_FIRST_INTERVIEW_TECHNICAL_ASSESSMENT_M1_SKILL_07
DC_APP0150_M1_SKILL_07_000146,OB_FIRST_PANEL_04_HIRING_MANAGER_EV_APP0150_FIRST_INTERVIEW_TECHNICAL_ASSESSMENT_M1_SKILL_07
DC_APP0150_M1_SKILL_07_000146,OB_FIRST_PANEL_04_TECHNICAL_REVIEWER_EV_APP0150_FIRST_INTERVIEW_TECHNICAL_ASSESSMENT_M1_SKILL_07
DC_APP0150_M1_SKILL_08_000147,OB_FIRST_PANEL_04_ML_ENGINEER_EV_APP0150_FIRST_INTERVIEW_PRACTITIONER_QA_M1_SKILL_08
DC_APP0150_M1_SKILL_08_000147,OB_FIRST_PANEL_04_HIRING_MANAGER_EV_APP0150_FIRST_INTERVIEW_PRACTITIONER_QA_M1_SKILL_08
DC_APP0150_M1_SKILL_08_000147,OB_FIRST_PANEL_04_TECHNICAL_REVIEWER_EV_APP0150_FIRST_INTERVIEW_PRACTITIONER_QA_M1_SKILL_08
DC_APP0153_M1_SKILL_01_000148,OB_DOCUMENT_SCREEN_PANEL_01_RECRUITER_EV_XP_APP0153_01_PROBLEM_M1_SKILL_01
DC_APP0153_M1_SKILL_01_000148,OB_FIRST_PANEL_05_ML_ENGINEER_EV_APP0153_FIRST_INTERVIEW_TECHNICAL_ASSESSMENT_M1_SKILL_01
DC_APP0153_M1_SKILL_01_000148,OB_FIRST_PANEL_05_HIRING_MANAGER_EV_APP0153_FIRST_INTERVIEW_TECHNICAL_ASSESSMENT_M1_SKILL_01
DC_APP0153_M1_SKILL_01_000148,OB_FIRST_PANEL_05_TECHNICAL_REVIEWER_EV_APP0153_FIRST_INTERVIEW_TECHNICAL_ASSESSMENT_M1_SKILL_01
DC_APP0153_M1_SKILL_01_000148,OB_FIRST_PANEL_05_ML_ENGINEER_EV_APP0153_FIRST_INTERVIEW_AI_CASE_M1_SKILL_01
DC_APP0153_M1_SKILL_01_000148,OB_FIRST_PANEL_05_HIRING_MANAGER_EV_APP0153_FIRST_INTERVIEW_AI_CASE_M1_SKILL_01
DC_APP0153_M1_SKILL_01_000148,OB_FIRST_PANEL_05_TECHNICAL_REVIEWER_EV_APP0153_FIRST_INTERVIEW_AI_CASE_M1_SKILL_01
DC_APP0153_M1_SKILL_02_000149,OB_FIRST_PANEL_05_ML_ENGINEER_EV_APP0153_FIRST_INTERVIEW_TECHNICAL_ASSESSMENT_M1_SKILL_02
DC_APP0153_M1_SKILL_02_000149,OB_FIRST_PANEL_05_HIRING_MANAGER_EV_APP0153_FIRST_INTERVIEW_TECHNICAL_ASSESSMENT_M1_SKILL_02
DC_APP0153_M1_SKILL_02_000149,OB_FIRST_PANEL_05_TECHNICAL_REVIEWER_EV_APP0153_FIRST_INTERVIEW_TECHNICAL_ASSESSMENT_M1_SKILL_02
DC_APP0153_M1_SKILL_03_000150,OB_DOCUMENT_SCREEN_PANEL_01_RECRUITER_EV_XP_APP0153_01_BUILD_M1_SKILL_03
DC_APP0153_M1_SKILL_03_000150,OB_DOCUMENT_SCREEN_PANEL_01_RECRUITER_EV_XP_APP0153_01_VALIDATE_M1_SKILL_03
DC_APP0153_M1_SKILL_03_000150,OB_REVIEW_ML_01_EV_APP0153_PRE_ASSESSMENT_CODING_TEST_M1_SKILL_03
DC_APP0153_M1_SKILL_03_000150,OB_REVIEW_HM_01_EV_APP0153_PRE_ASSESSMENT_CODING_TEST_M1_SKILL_03
DC_APP0153_M1_SKILL_03_000150,OB_FIRST_PANEL_05_ML_ENGINEER_EV_APP0153_FIRST_INTERVIEW_AI_CASE_M1_SKILL_03
DC_APP0153_M1_SKILL_03_000150,OB_FIRST_PANEL_05_HIRING_MANAGER_EV_APP0153_FIRST_INTERVIEW_AI_CASE_M1_SKILL_03
DC_APP0153_M1_SKILL_03_000150,OB_FIRST_PANEL_05_TECHNICAL_REVIEWER_EV_APP0153_FIRST_INTERVIEW_AI_CASE_M1_SKILL_03
DC_APP0153_M1_SKILL_04_000151,OB_FIRST_PANEL_05_ML_ENGINEER_EV_APP0153_FIRST_INTERVIEW_PRACTITIONER_QA_M1_SKILL_04
DC_APP0153_M1_SKILL_04_000151,OB_FIRST_PANEL_05_HIRING_MANAGER_EV_APP0153_FIRST_INTERVIEW_PRACTITIONER_QA_M1_SKILL_04
DC_APP0153_M1_SKILL_04_000151,OB_FIRST_PANEL_05_TECHNICAL_REVIEWER_EV_APP0153_FIRST_INTERVIEW_PRACTITIONER_QA_M1_SKILL_04
DC_APP0153_M1_SKILL_05_000152,OB_FIRST_PANEL_05_ML_ENGINEER_EV_APP0153_FIRST_INTERVIEW_PRACTITIONER_QA_M1_SKILL_05
DC_APP0153_M1_SKILL_05_000152,OB_FIRST_PANEL_05_HIRING_MANAGER_EV_APP0153_FIRST_INTERVIEW_PRACTITIONER_QA_M1_SKILL_05
DC_APP0153_M1_SKILL_05_000152,OB_FIRST_PANEL_05_TECHNICAL_REVIEWER_EV_APP0153_FIRST_INTERVIEW_PRACTITIONER_QA_M1_SKILL_05
DC_APP0153_M1_SKILL_06_000153,OB_FIRST_PANEL_05_ML_ENGINEER_EV_APP0153_FIRST_INTERVIEW_PRACTITIONER_QA_M1_SKILL_06
DC_APP0153_M1_SKILL_06_000153,OB_FIRST_PANEL_05_HIRING_MANAGER_EV_APP0153_FIRST_INTERVIEW_PRACTITIONER_QA_M1_SKILL_06
DC_APP0153_M1_SKILL_06_000153,OB_FIRST_PANEL_05_TECHNICAL_REVIEWER_EV_APP0153_FIRST_INTERVIEW_PRACTITIONER_QA_M1_SKILL_06
DC_APP0153_M1_SKILL_07_000154,OB_FIRST_PANEL_05_ML_ENGINEER_EV_APP0153_FIRST_INTERVIEW_TECHNICAL_ASSESSMENT_M1_SKILL_07
DC_APP0153_M1_SKILL_07_000154,OB_FIRST_PANEL_05_HIRING_MANAGER_EV_APP0153_FIRST_INTERVIEW_TECHNICAL_ASSESSMENT_M1_SKILL_07
DC_APP0153_M1_SKILL_07_000154,OB_FIRST_PANEL_05_TECHNICAL_REVIEWER_EV_APP0153_FIRST_INTERVIEW_TECHNICAL_ASSESSMENT_M1_SKILL_07
DC_APP0153_M1_SKILL_08_000155,OB_FIRST_PANEL_05_ML_ENGINEER_EV_APP0153_FIRST_INTERVIEW_PRACTITIONER_QA_M1_SKILL_08
DC_APP0153_M1_SKILL_08_000155,OB_FIRST_PANEL_05_HIRING_MANAGER_EV_APP0153_FIRST_INTERVIEW_PRACTITIONER_QA_M1_SKILL_08
DC_APP0153_M1_SKILL_08_000155,OB_FIRST_PANEL_05_TECHNICAL_REVIEWER_EV_APP0153_FIRST_INTERVIEW_PRACTITIONER_QA_M1_SKILL_08
DC_APP0181_M1_SKILL_01_000156,OB_FIRST_PANEL_06_ML_ENGINEER_EV_APP0181_FIRST_INTERVIEW_TECHNICAL_ASSESSMENT_M1_SKILL_01
DC_APP0181_M1_SKILL_01_000156,OB_FIRST_PANEL_06_HIRING_MANAGER_EV_APP0181_FIRST_INTERVIEW_TECHNICAL_ASSESSMENT_M1_SKILL_01
DC_APP0181_M1_SKILL_01_000156,OB_FIRST_PANEL_06_TECHNICAL_REVIEWER_EV_APP0181_FIRST_INTERVIEW_TECHNICAL_ASSESSMENT_M1_SKILL_01
DC_APP0181_M1_SKILL_01_000156,OB_FIRST_PANEL_06_ML_ENGINEER_EV_APP0181_FIRST_INTERVIEW_AI_CASE_M1_SKILL_01
DC_APP0181_M1_SKILL_01_000156,OB_FIRST_PANEL_06_HIRING_MANAGER_EV_APP0181_FIRST_INTERVIEW_AI_CASE_M1_SKILL_01
DC_APP0181_M1_SKILL_01_000156,OB_FIRST_PANEL_06_TECHNICAL_REVIEWER_EV_APP0181_FIRST_INTERVIEW_AI_CASE_M1_SKILL_01
DC_APP0181_M1_SKILL_02_000157,OB_FIRST_PANEL_06_ML_ENGINEER_EV_APP0181_FIRST_INTERVIEW_TECHNICAL_ASSESSMENT_M1_SKILL_02
DC_APP0181_M1_SKILL_02_000157,OB_FIRST_PANEL_06_HIRING_MANAGER_EV_APP0181_FIRST_INTERVIEW_TECHNICAL_ASSESSMENT_M1_SKILL_02
DC_APP0181_M1_SKILL_02_000157,OB_FIRST_PANEL_06_TECHNICAL_REVIEWER_EV_APP0181_FIRST_INTERVIEW_TECHNICAL_ASSESSMENT_M1_SKILL_02
DC_APP0181_M1_SKILL_03_000158,OB_DOCUMENT_SCREEN_PANEL_01_RECRUITER_EV_XP_APP0181_01_VALIDATE_M1_SKILL_03
DC_APP0181_M1_SKILL_03_000158,OB_DOCUMENT_SCREEN_PANEL_01_RECRUITER_EV_XP_APP0181_02_BUILD_M1_SKILL_03
DC_APP0181_M1_SKILL_03_000158,OB_DOCUMENT_SCREEN_PANEL_01_RECRUITER_EV_XP_APP0181_02_VALIDATE_M1_SKILL_03
DC_APP0181_M1_SKILL_03_000158,OB_REVIEW_ML_01_EV_APP0181_PRE_ASSESSMENT_CODING_TEST_M1_SKILL_03
DC_APP0181_M1_SKILL_03_000158,OB_REVIEW_HM_01_EV_APP0181_PRE_ASSESSMENT_CODING_TEST_M1_SKILL_03
DC_APP0181_M1_SKILL_03_000158,OB_FIRST_PANEL_06_ML_ENGINEER_EV_APP0181_FIRST_INTERVIEW_AI_CASE_M1_SKILL_03
DC_APP0181_M1_SKILL_03_000158,OB_FIRST_PANEL_06_HIRING_MANAGER_EV_APP0181_FIRST_INTERVIEW_AI_CASE_M1_SKILL_03
DC_APP0181_M1_SKILL_03_000158,OB_FIRST_PANEL_06_TECHNICAL_REVIEWER_EV_APP0181_FIRST_INTERVIEW_AI_CASE_M1_SKILL_03
DC_APP0181_M1_SKILL_04_000159,OB_FIRST_PANEL_06_ML_ENGINEER_EV_APP0181_FIRST_INTERVIEW_PRACTITIONER_QA_M1_SKILL_04
DC_APP0181_M1_SKILL_04_000159,OB_FIRST_PANEL_06_HIRING_MANAGER_EV_APP0181_FIRST_INTERVIEW_PRACTITIONER_QA_M1_SKILL_04
DC_APP0181_M1_SKILL_04_000159,OB_FIRST_PANEL_06_TECHNICAL_REVIEWER_EV_APP0181_FIRST_INTERVIEW_PRACTITIONER_QA_M1_SKILL_04
DC_APP0181_M1_SKILL_05_000160,OB_FIRST_PANEL_06_ML_ENGINEER_EV_APP0181_FIRST_INTERVIEW_PRACTITIONER_QA_M1_SKILL_05
DC_APP0181_M1_SKILL_05_000160,OB_FIRST_PANEL_06_HIRING_MANAGER_EV_APP0181_FIRST_INTERVIEW_PRACTITIONER_QA_M1_SKILL_05
DC_APP0181_M1_SKILL_05_000160,OB_FIRST_PANEL_06_TECHNICAL_REVIEWER_EV_APP0181_FIRST_INTERVIEW_PRACTITIONER_QA_M1_SKILL_05
DC_APP0181_M1_SKILL_06_000161,OB_FIRST_PANEL_06_ML_ENGINEER_EV_APP0181_FIRST_INTERVIEW_PRACTITIONER_QA_M1_SKILL_06
DC_APP0181_M1_SKILL_06_000161,OB_FIRST_PANEL_06_HIRING_MANAGER_EV_APP0181_FIRST_INTERVIEW_PRACTITIONER_QA_M1_SKILL_06
DC_APP0181_M1_SKILL_06_000161,OB_FIRST_PANEL_06_TECHNICAL_REVIEWER_EV_APP0181_FIRST_INTERVIEW_PRACTITIONER_QA_M1_SKILL_06
DC_APP0181_M1_SKILL_07_000162,OB_FIRST_PANEL_06_ML_ENGINEER_EV_APP0181_FIRST_INTERVIEW_TECHNICAL_ASSESSMENT_M1_SKILL_07
DC_APP0181_M1_SKILL_07_000162,OB_FIRST_PANEL_06_HIRING_MANAGER_EV_APP0181_FIRST_INTERVIEW_TECHNICAL_ASSESSMENT_M1_SKILL_07
DC_APP0181_M1_SKILL_07_000162,OB_FIRST_PANEL_06_TECHNICAL_REVIEWER_EV_APP0181_FIRST_INTERVIEW_TECHNICAL_ASSESSMENT_M1_SKILL_07
DC_APP0181_M1_SKILL_08_000163,OB_FIRST_PANEL_06_ML_ENGINEER_EV_APP0181_FIRST_INTERVIEW_PRACTITIONER_QA_M1_SKILL_08
DC_APP0181_M1_SKILL_08_000163,OB_FIRST_PANEL_06_HIRING_MANAGER_EV_APP0181_FIRST_INTERVIEW_PRACTITIONER_QA_M1_SKILL_08
DC_APP0181_M1_SKILL_08_000163,OB_FIRST_PANEL_06_TECHNICAL_REVIEWER_EV_APP0181_FIRST_INTERVIEW_PRACTITIONER_QA_M1_SKILL_08
DC_APP0189_M1_SKILL_01_000164,OB_DOCUMENT_SCREEN_PANEL_01_RECRUITER_EV_XP_APP0189_02_PROBLEM_M1_SKILL_01
DC_APP0189_M1_SKILL_01_000164,OB_FIRST_PANEL_07_ML_ENGINEER_EV_APP0189_FIRST_INTERVIEW_TECHNICAL_ASSESSMENT_M1_SKILL_01
DC_APP0189_M1_SKILL_01_000164,OB_FIRST_PANEL_07_HIRING_MANAGER_EV_APP0189_FIRST_INTERVIEW_TECHNICAL_ASSESSMENT_M1_SKILL_01
DC_APP0189_M1_SKILL_01_000164,OB_FIRST_PANEL_07_TECHNICAL_REVIEWER_EV_APP0189_FIRST_INTERVIEW_TECHNICAL_ASSESSMENT_M1_SKILL_01
DC_APP0189_M1_SKILL_01_000164,OB_FIRST_PANEL_07_ML_ENGINEER_EV_APP0189_FIRST_INTERVIEW_AI_CASE_M1_SKILL_01
DC_APP0189_M1_SKILL_01_000164,OB_FIRST_PANEL_07_HIRING_MANAGER_EV_APP0189_FIRST_INTERVIEW_AI_CASE_M1_SKILL_01
DC_APP0189_M1_SKILL_01_000164,OB_FIRST_PANEL_07_TECHNICAL_REVIEWER_EV_APP0189_FIRST_INTERVIEW_AI_CASE_M1_SKILL_01
DC_APP0189_M1_SKILL_02_000165,OB_FIRST_PANEL_07_ML_ENGINEER_EV_APP0189_FIRST_INTERVIEW_TECHNICAL_ASSESSMENT_M1_SKILL_02
DC_APP0189_M1_SKILL_02_000165,OB_FIRST_PANEL_07_HIRING_MANAGER_EV_APP0189_FIRST_INTERVIEW_TECHNICAL_ASSESSMENT_M1_SKILL_02
DC_APP0189_M1_SKILL_02_000165,OB_FIRST_PANEL_07_TECHNICAL_REVIEWER_EV_APP0189_FIRST_INTERVIEW_TECHNICAL_ASSESSMENT_M1_SKILL_02
DC_APP0189_M1_SKILL_03_000166,OB_DOCUMENT_SCREEN_PANEL_01_RECRUITER_EV_XP_APP0189_01_BUILD_M1_SKILL_03
DC_APP0189_M1_SKILL_03_000166,OB_DOCUMENT_SCREEN_PANEL_01_RECRUITER_EV_XP_APP0189_01_VALIDATE_M1_SKILL_03
DC_APP0189_M1_SKILL_03_000166,OB_DOCUMENT_SCREEN_PANEL_01_RECRUITER_EV_XP_APP0189_02_BUILD_M1_SKILL_03
DC_APP0189_M1_SKILL_03_000166,OB_REVIEW_ML_01_EV_APP0189_PRE_ASSESSMENT_CODING_TEST_M1_SKILL_03
DC_APP0189_M1_SKILL_03_000166,OB_REVIEW_HM_01_EV_APP0189_PRE_ASSESSMENT_CODING_TEST_M1_SKILL_03
DC_APP0189_M1_SKILL_03_000166,OB_FIRST_PANEL_07_ML_ENGINEER_EV_APP0189_FIRST_INTERVIEW_AI_CASE_M1_SKILL_03
DC_APP0189_M1_SKILL_03_000166,OB_FIRST_PANEL_07_HIRING_MANAGER_EV_APP0189_FIRST_INTERVIEW_AI_CASE_M1_SKILL_03
DC_APP0189_M1_SKILL_03_000166,OB_FIRST_PANEL_07_TECHNICAL_REVIEWER_EV_APP0189_FIRST_INTERVIEW_AI_CASE_M1_SKILL_03
DC_APP0189_M1_SKILL_04_000167,OB_FIRST_PANEL_07_ML_ENGINEER_EV_APP0189_FIRST_INTERVIEW_PRACTITIONER_QA_M1_SKILL_04
DC_APP0189_M1_SKILL_04_000167,OB_FIRST_PANEL_07_HIRING_MANAGER_EV_APP0189_FIRST_INTERVIEW_PRACTITIONER_QA_M1_SKILL_04
DC_APP0189_M1_SKILL_04_000167,OB_FIRST_PANEL_07_TECHNICAL_REVIEWER_EV_APP0189_FIRST_INTERVIEW_PRACTITIONER_QA_M1_SKILL_04
DC_APP0189_M1_SKILL_05_000168,OB_FIRST_PANEL_07_ML_ENGINEER_EV_APP0189_FIRST_INTERVIEW_PRACTITIONER_QA_M1_SKILL_05
DC_APP0189_M1_SKILL_05_000168,OB_FIRST_PANEL_07_HIRING_MANAGER_EV_APP0189_FIRST_INTERVIEW_PRACTITIONER_QA_M1_SKILL_05
DC_APP0189_M1_SKILL_05_000168,OB_FIRST_PANEL_07_TECHNICAL_REVIEWER_EV_APP0189_FIRST_INTERVIEW_PRACTITIONER_QA_M1_SKILL_05
DC_APP0189_M1_SKILL_06_000169,OB_FIRST_PANEL_07_ML_ENGINEER_EV_APP0189_FIRST_INTERVIEW_PRACTITIONER_QA_M1_SKILL_06
DC_APP0189_M1_SKILL_06_000169,OB_FIRST_PANEL_07_HIRING_MANAGER_EV_APP0189_FIRST_INTERVIEW_PRACTITIONER_QA_M1_SKILL_06
DC_APP0189_M1_SKILL_06_000169,OB_FIRST_PANEL_07_TECHNICAL_REVIEWER_EV_APP0189_FIRST_INTERVIEW_PRACTITIONER_QA_M1_SKILL_06
DC_APP0189_M1_SKILL_07_000170,OB_FIRST_PANEL_07_ML_ENGINEER_EV_APP0189_FIRST_INTERVIEW_TECHNICAL_ASSESSMENT_M1_SKILL_07
DC_APP0189_M1_SKILL_07_000170,OB_FIRST_PANEL_07_HIRING_MANAGER_EV_APP0189_FIRST_INTERVIEW_TECHNICAL_ASSESSMENT_M1_SKILL_07
DC_APP0189_M1_SKILL_07_000170,OB_FIRST_PANEL_07_TECHNICAL_REVIEWER_EV_APP0189_FIRST_INTERVIEW_TECHNICAL_ASSESSMENT_M1_SKILL_07
DC_APP0189_M1_SKILL_08_000171,OB_FIRST_PANEL_07_ML_ENGINEER_EV_APP0189_FIRST_INTERVIEW_PRACTITIONER_QA_M1_SKILL_08
DC_APP0189_M1_SKILL_08_000171,OB_FIRST_PANEL_07_HIRING_MANAGER_EV_APP0189_FIRST_INTERVIEW_PRACTITIONER_QA_M1_SKILL_08
DC_APP0189_M1_SKILL_08_000171,OB_FIRST_PANEL_07_TECHNICAL_REVIEWER_EV_APP0189_FIRST_INTERVIEW_PRACTITIONER_QA_M1_SKILL_08
DC_APP0193_M1_SKILL_01_000172,OB_FIRST_PANEL_08_ML_ENGINEER_EV_APP0193_FIRST_INTERVIEW_TECHNICAL_ASSESSMENT_M1_SKILL_01
DC_APP0193_M1_SKILL_01_000172,OB_FIRST_PANEL_08_HIRING_MANAGER_EV_APP0193_FIRST_INTERVIEW_TECHNICAL_ASSESSMENT_M1_SKILL_01
DC_APP0193_M1_SKILL_01_000172,OB_FIRST_PANEL_08_TECHNICAL_REVIEWER_EV_APP0193_FIRST_INTERVIEW_TECHNICAL_ASSESSMENT_M1_SKILL_01
DC_APP0193_M1_SKILL_01_000172,OB_FIRST_PANEL_08_ML_ENGINEER_EV_APP0193_FIRST_INTERVIEW_AI_CASE_M1_SKILL_01
DC_APP0193_M1_SKILL_01_000172,OB_FIRST_PANEL_08_HIRING_MANAGER_EV_APP0193_FIRST_INTERVIEW_AI_CASE_M1_SKILL_01
DC_APP0193_M1_SKILL_01_000172,OB_FIRST_PANEL_08_TECHNICAL_REVIEWER_EV_APP0193_FIRST_INTERVIEW_AI_CASE_M1_SKILL_01
DC_APP0193_M1_SKILL_02_000173,OB_FIRST_PANEL_08_ML_ENGINEER_EV_APP0193_FIRST_INTERVIEW_TECHNICAL_ASSESSMENT_M1_SKILL_02
DC_APP0193_M1_SKILL_02_000173,OB_FIRST_PANEL_08_HIRING_MANAGER_EV_APP0193_FIRST_INTERVIEW_TECHNICAL_ASSESSMENT_M1_SKILL_02
DC_APP0193_M1_SKILL_02_000173,OB_FIRST_PANEL_08_TECHNICAL_REVIEWER_EV_APP0193_FIRST_INTERVIEW_TECHNICAL_ASSESSMENT_M1_SKILL_02
DC_APP0193_M1_SKILL_03_000174,OB_DOCUMENT_SCREEN_PANEL_01_RECRUITER_EV_XP_APP0193_01_BUILD_M1_SKILL_03
DC_APP0193_M1_SKILL_03_000174,OB_DOCUMENT_SCREEN_PANEL_01_RECRUITER_EV_XP_APP0193_01_VALIDATE_M1_SKILL_03
DC_APP0193_M1_SKILL_03_000174,OB_DOCUMENT_SCREEN_PANEL_01_RECRUITER_EV_XP_APP0193_02_BUILD_M1_SKILL_03
DC_APP0193_M1_SKILL_03_000174,OB_DOCUMENT_SCREEN_PANEL_01_RECRUITER_EV_XP_APP0193_02_VALIDATE_M1_SKILL_03
DC_APP0193_M1_SKILL_03_000174,OB_REVIEW_ML_01_EV_APP0193_PRE_ASSESSMENT_CODING_TEST_M1_SKILL_03
DC_APP0193_M1_SKILL_03_000174,OB_REVIEW_HM_01_EV_APP0193_PRE_ASSESSMENT_CODING_TEST_M1_SKILL_03
DC_APP0193_M1_SKILL_03_000174,OB_FIRST_PANEL_08_ML_ENGINEER_EV_APP0193_FIRST_INTERVIEW_AI_CASE_M1_SKILL_03
DC_APP0193_M1_SKILL_03_000174,OB_FIRST_PANEL_08_HIRING_MANAGER_EV_APP0193_FIRST_INTERVIEW_AI_CASE_M1_SKILL_03
DC_APP0193_M1_SKILL_03_000174,OB_FIRST_PANEL_08_TECHNICAL_REVIEWER_EV_APP0193_FIRST_INTERVIEW_AI_CASE_M1_SKILL_03
DC_APP0193_M1_SKILL_04_000175,OB_FIRST_PANEL_08_ML_ENGINEER_EV_APP0193_FIRST_INTERVIEW_PRACTITIONER_QA_M1_SKILL_04
DC_APP0193_M1_SKILL_04_000175,OB_FIRST_PANEL_08_HIRING_MANAGER_EV_APP0193_FIRST_INTERVIEW_PRACTITIONER_QA_M1_SKILL_04
DC_APP0193_M1_SKILL_04_000175,OB_FIRST_PANEL_08_TECHNICAL_REVIEWER_EV_APP0193_FIRST_INTERVIEW_PRACTITIONER_QA_M1_SKILL_04
DC_APP0193_M1_SKILL_05_000176,OB_FIRST_PANEL_08_ML_ENGINEER_EV_APP0193_FIRST_INTERVIEW_PRACTITIONER_QA_M1_SKILL_05
DC_APP0193_M1_SKILL_05_000176,OB_FIRST_PANEL_08_HIRING_MANAGER_EV_APP0193_FIRST_INTERVIEW_PRACTITIONER_QA_M1_SKILL_05
DC_APP0193_M1_SKILL_05_000176,OB_FIRST_PANEL_08_TECHNICAL_REVIEWER_EV_APP0193_FIRST_INTERVIEW_PRACTITIONER_QA_M1_SKILL_05
DC_APP0193_M1_SKILL_06_000177,OB_FIRST_PANEL_08_ML_ENGINEER_EV_APP0193_FIRST_INTERVIEW_PRACTITIONER_QA_M1_SKILL_06
DC_APP0193_M1_SKILL_06_000177,OB_FIRST_PANEL_08_HIRING_MANAGER_EV_APP0193_FIRST_INTERVIEW_PRACTITIONER_QA_M1_SKILL_06
DC_APP0193_M1_SKILL_06_000177,OB_FIRST_PANEL_08_TECHNICAL_REVIEWER_EV_APP0193_FIRST_INTERVIEW_PRACTITIONER_QA_M1_SKILL_06
DC_APP0193_M1_SKILL_07_000178,OB_FIRST_PANEL_08_ML_ENGINEER_EV_APP0193_FIRST_INTERVIEW_TECHNICAL_ASSESSMENT_M1_SKILL_07
DC_APP0193_M1_SKILL_07_000178,OB_FIRST_PANEL_08_HIRING_MANAGER_EV_APP0193_FIRST_INTERVIEW_TECHNICAL_ASSESSMENT_M1_SKILL_07
DC_APP0193_M1_SKILL_07_000178,OB_FIRST_PANEL_08_TECHNICAL_REVIEWER_EV_APP0193_FIRST_INTERVIEW_TECHNICAL_ASSESSMENT_M1_SKILL_07
DC_APP0193_M1_SKILL_08_000179,OB_FIRST_PANEL_08_ML_ENGINEER_EV_APP0193_FIRST_INTERVIEW_PRACTITIONER_QA_M1_SKILL_08
DC_APP0193_M1_SKILL_08_000179,OB_FIRST_PANEL_08_HIRING_MANAGER_EV_APP0193_FIRST_INTERVIEW_PRACTITIONER_QA_M1_SKILL_08
DC_APP0193_M1_SKILL_08_000179,OB_FIRST_PANEL_08_TECHNICAL_REVIEWER_EV_APP0193_FIRST_INTERVIEW_PRACTITIONER_QA_M1_SKILL_08
DC_APP0223_M1_SKILL_01_000180,OB_DOCUMENT_SCREEN_PANEL_01_RECRUITER_EV_XP_APP0223_01_PROBLEM_M1_SKILL_01
DC_APP0223_M1_SKILL_01_000180,OB_FIRST_PANEL_09_ML_ENGINEER_EV_APP0223_FIRST_INTERVIEW_TECHNICAL_ASSESSMENT_M1_SKILL_01
DC_APP0223_M1_SKILL_01_000180,OB_FIRST_PANEL_09_HIRING_MANAGER_EV_APP0223_FIRST_INTERVIEW_TECHNICAL_ASSESSMENT_M1_SKILL_01
DC_APP0223_M1_SKILL_01_000180,OB_FIRST_PANEL_09_TECHNICAL_REVIEWER_EV_APP0223_FIRST_INTERVIEW_TECHNICAL_ASSESSMENT_M1_SKILL_01
DC_APP0223_M1_SKILL_01_000180,OB_FIRST_PANEL_09_ML_ENGINEER_EV_APP0223_FIRST_INTERVIEW_AI_CASE_M1_SKILL_01
DC_APP0223_M1_SKILL_01_000180,OB_FIRST_PANEL_09_HIRING_MANAGER_EV_APP0223_FIRST_INTERVIEW_AI_CASE_M1_SKILL_01
DC_APP0223_M1_SKILL_01_000180,OB_FIRST_PANEL_09_TECHNICAL_REVIEWER_EV_APP0223_FIRST_INTERVIEW_AI_CASE_M1_SKILL_01
DC_APP0223_M1_SKILL_02_000181,OB_FIRST_PANEL_09_ML_ENGINEER_EV_APP0223_FIRST_INTERVIEW_TECHNICAL_ASSESSMENT_M1_SKILL_02
DC_APP0223_M1_SKILL_02_000181,OB_FIRST_PANEL_09_HIRING_MANAGER_EV_APP0223_FIRST_INTERVIEW_TECHNICAL_ASSESSMENT_M1_SKILL_02
DC_APP0223_M1_SKILL_02_000181,OB_FIRST_PANEL_09_TECHNICAL_REVIEWER_EV_APP0223_FIRST_INTERVIEW_TECHNICAL_ASSESSMENT_M1_SKILL_02
DC_APP0223_M1_SKILL_03_000182,OB_DOCUMENT_SCREEN_PANEL_01_RECRUITER_EV_XP_APP0223_01_BUILD_M1_SKILL_03
DC_APP0223_M1_SKILL_03_000182,OB_DOCUMENT_SCREEN_PANEL_01_RECRUITER_EV_XP_APP0223_02_BUILD_M1_SKILL_03
DC_APP0223_M1_SKILL_03_000182,OB_DOCUMENT_SCREEN_PANEL_01_RECRUITER_EV_XP_APP0223_02_VALIDATE_M1_SKILL_03
DC_APP0223_M1_SKILL_03_000182,OB_REVIEW_ML_01_EV_APP0223_PRE_ASSESSMENT_CODING_TEST_M1_SKILL_03
DC_APP0223_M1_SKILL_03_000182,OB_REVIEW_HM_01_EV_APP0223_PRE_ASSESSMENT_CODING_TEST_M1_SKILL_03
DC_APP0223_M1_SKILL_03_000182,OB_FIRST_PANEL_09_ML_ENGINEER_EV_APP0223_FIRST_INTERVIEW_AI_CASE_M1_SKILL_03
DC_APP0223_M1_SKILL_03_000182,OB_FIRST_PANEL_09_HIRING_MANAGER_EV_APP0223_FIRST_INTERVIEW_AI_CASE_M1_SKILL_03
DC_APP0223_M1_SKILL_03_000182,OB_FIRST_PANEL_09_TECHNICAL_REVIEWER_EV_APP0223_FIRST_INTERVIEW_AI_CASE_M1_SKILL_03
DC_APP0223_M1_SKILL_04_000183,OB_FIRST_PANEL_09_ML_ENGINEER_EV_APP0223_FIRST_INTERVIEW_PRACTITIONER_QA_M1_SKILL_04
DC_APP0223_M1_SKILL_04_000183,OB_FIRST_PANEL_09_HIRING_MANAGER_EV_APP0223_FIRST_INTERVIEW_PRACTITIONER_QA_M1_SKILL_04
DC_APP0223_M1_SKILL_04_000183,OB_FIRST_PANEL_09_TECHNICAL_REVIEWER_EV_APP0223_FIRST_INTERVIEW_PRACTITIONER_QA_M1_SKILL_04
DC_APP0223_M1_SKILL_05_000184,OB_FIRST_PANEL_09_ML_ENGINEER_EV_APP0223_FIRST_INTERVIEW_PRACTITIONER_QA_M1_SKILL_05
DC_APP0223_M1_SKILL_05_000184,OB_FIRST_PANEL_09_HIRING_MANAGER_EV_APP0223_FIRST_INTERVIEW_PRACTITIONER_QA_M1_SKILL_05
DC_APP0223_M1_SKILL_05_000184,OB_FIRST_PANEL_09_TECHNICAL_REVIEWER_EV_APP0223_FIRST_INTERVIEW_PRACTITIONER_QA_M1_SKILL_05
DC_APP0223_M1_SKILL_06_000185,OB_FIRST_PANEL_09_ML_ENGINEER_EV_APP0223_FIRST_INTERVIEW_PRACTITIONER_QA_M1_SKILL_06
DC_APP0223_M1_SKILL_06_000185,OB_FIRST_PANEL_09_HIRING_MANAGER_EV_APP0223_FIRST_INTERVIEW_PRACTITIONER_QA_M1_SKILL_06
DC_APP0223_M1_SKILL_06_000185,OB_FIRST_PANEL_09_TECHNICAL_REVIEWER_EV_APP0223_FIRST_INTERVIEW_PRACTITIONER_QA_M1_SKILL_06
DC_APP0223_M1_SKILL_07_000186,OB_FIRST_PANEL_09_ML_ENGINEER_EV_APP0223_FIRST_INTERVIEW_TECHNICAL_ASSESSMENT_M1_SKILL_07
DC_APP0223_M1_SKILL_07_000186,OB_FIRST_PANEL_09_HIRING_MANAGER_EV_APP0223_FIRST_INTERVIEW_TECHNICAL_ASSESSMENT_M1_SKILL_07
DC_APP0223_M1_SKILL_07_000186,OB_FIRST_PANEL_09_TECHNICAL_REVIEWER_EV_APP0223_FIRST_INTERVIEW_TECHNICAL_ASSESSMENT_M1_SKILL_07
DC_APP0223_M1_SKILL_08_000187,OB_FIRST_PANEL_09_ML_ENGINEER_EV_APP0223_FIRST_INTERVIEW_PRACTITIONER_QA_M1_SKILL_08
DC_APP0223_M1_SKILL_08_000187,OB_FIRST_PANEL_09_HIRING_MANAGER_EV_APP0223_FIRST_INTERVIEW_PRACTITIONER_QA_M1_SKILL_08
DC_APP0223_M1_SKILL_08_000187,OB_FIRST_PANEL_09_TECHNICAL_REVIEWER_EV_APP0223_FIRST_INTERVIEW_PRACTITIONER_QA_M1_SKILL_08
DC_APP0228_M1_SKILL_01_000188,OB_FIRST_PANEL_10_ML_ENGINEER_EV_APP0228_FIRST_INTERVIEW_TECHNICAL_ASSESSMENT_M1_SKILL_01
DC_APP0228_M1_SKILL_01_000188,OB_FIRST_PANEL_10_HIRING_MANAGER_EV_APP0228_FIRST_INTERVIEW_TECHNICAL_ASSESSMENT_M1_SKILL_01
DC_APP0228_M1_SKILL_01_000188,OB_FIRST_PANEL_10_TECHNICAL_REVIEWER_EV_APP0228_FIRST_INTERVIEW_TECHNICAL_ASSESSMENT_M1_SKILL_01
DC_APP0228_M1_SKILL_01_000188,OB_FIRST_PANEL_10_ML_ENGINEER_EV_APP0228_FIRST_INTERVIEW_AI_CASE_M1_SKILL_01
DC_APP0228_M1_SKILL_01_000188,OB_FIRST_PANEL_10_HIRING_MANAGER_EV_APP0228_FIRST_INTERVIEW_AI_CASE_M1_SKILL_01
DC_APP0228_M1_SKILL_01_000188,OB_FIRST_PANEL_10_TECHNICAL_REVIEWER_EV_APP0228_FIRST_INTERVIEW_AI_CASE_M1_SKILL_01
DC_APP0228_M1_SKILL_02_000189,OB_FIRST_PANEL_10_ML_ENGINEER_EV_APP0228_FIRST_INTERVIEW_TECHNICAL_ASSESSMENT_M1_SKILL_02
DC_APP0228_M1_SKILL_02_000189,OB_FIRST_PANEL_10_HIRING_MANAGER_EV_APP0228_FIRST_INTERVIEW_TECHNICAL_ASSESSMENT_M1_SKILL_02
DC_APP0228_M1_SKILL_02_000189,OB_FIRST_PANEL_10_TECHNICAL_REVIEWER_EV_APP0228_FIRST_INTERVIEW_TECHNICAL_ASSESSMENT_M1_SKILL_02
DC_APP0228_M1_SKILL_03_000190,OB_DOCUMENT_SCREEN_PANEL_01_RECRUITER_EV_XP_APP0228_01_BUILD_M1_SKILL_03
DC_APP0228_M1_SKILL_03_000190,OB_DOCUMENT_SCREEN_PANEL_01_RECRUITER_EV_XP_APP0228_01_VALIDATE_M1_SKILL_03
DC_APP0228_M1_SKILL_03_000190,OB_DOCUMENT_SCREEN_PANEL_01_RECRUITER_EV_XP_APP0228_02_BUILD_M1_SKILL_03
DC_APP0228_M1_SKILL_03_000190,OB_DOCUMENT_SCREEN_PANEL_01_RECRUITER_EV_XP_APP0228_02_VALIDATE_M1_SKILL_03
DC_APP0228_M1_SKILL_03_000190,OB_REVIEW_ML_01_EV_APP0228_PRE_ASSESSMENT_CODING_TEST_M1_SKILL_03
DC_APP0228_M1_SKILL_03_000190,OB_REVIEW_HM_01_EV_APP0228_PRE_ASSESSMENT_CODING_TEST_M1_SKILL_03
DC_APP0228_M1_SKILL_03_000190,OB_FIRST_PANEL_10_ML_ENGINEER_EV_APP0228_FIRST_INTERVIEW_AI_CASE_M1_SKILL_03
DC_APP0228_M1_SKILL_03_000190,OB_FIRST_PANEL_10_HIRING_MANAGER_EV_APP0228_FIRST_INTERVIEW_AI_CASE_M1_SKILL_03
DC_APP0228_M1_SKILL_03_000190,OB_FIRST_PANEL_10_TECHNICAL_REVIEWER_EV_APP0228_FIRST_INTERVIEW_AI_CASE_M1_SKILL_03
DC_APP0228_M1_SKILL_04_000191,OB_FIRST_PANEL_10_ML_ENGINEER_EV_APP0228_FIRST_INTERVIEW_PRACTITIONER_QA_M1_SKILL_04
DC_APP0228_M1_SKILL_04_000191,OB_FIRST_PANEL_10_HIRING_MANAGER_EV_APP0228_FIRST_INTERVIEW_PRACTITIONER_QA_M1_SKILL_04
DC_APP0228_M1_SKILL_04_000191,OB_FIRST_PANEL_10_TECHNICAL_REVIEWER_EV_APP0228_FIRST_INTERVIEW_PRACTITIONER_QA_M1_SKILL_04
DC_APP0228_M1_SKILL_05_000192,OB_FIRST_PANEL_10_ML_ENGINEER_EV_APP0228_FIRST_INTERVIEW_PRACTITIONER_QA_M1_SKILL_05
DC_APP0228_M1_SKILL_05_000192,OB_FIRST_PANEL_10_HIRING_MANAGER_EV_APP0228_FIRST_INTERVIEW_PRACTITIONER_QA_M1_SKILL_05
DC_APP0228_M1_SKILL_05_000192,OB_FIRST_PANEL_10_TECHNICAL_REVIEWER_EV_APP0228_FIRST_INTERVIEW_PRACTITIONER_QA_M1_SKILL_05
DC_APP0228_M1_SKILL_06_000193,OB_FIRST_PANEL_10_ML_ENGINEER_EV_APP0228_FIRST_INTERVIEW_PRACTITIONER_QA_M1_SKILL_06
DC_APP0228_M1_SKILL_06_000193,OB_FIRST_PANEL_10_HIRING_MANAGER_EV_APP0228_FIRST_INTERVIEW_PRACTITIONER_QA_M1_SKILL_06
DC_APP0228_M1_SKILL_06_000193,OB_FIRST_PANEL_10_TECHNICAL_REVIEWER_EV_APP0228_FIRST_INTERVIEW_PRACTITIONER_QA_M1_SKILL_06
DC_APP0228_M1_SKILL_07_000194,OB_FIRST_PANEL_10_ML_ENGINEER_EV_APP0228_FIRST_INTERVIEW_TECHNICAL_ASSESSMENT_M1_SKILL_07
DC_APP0228_M1_SKILL_07_000194,OB_FIRST_PANEL_10_HIRING_MANAGER_EV_APP0228_FIRST_INTERVIEW_TECHNICAL_ASSESSMENT_M1_SKILL_07
DC_APP0228_M1_SKILL_07_000194,OB_FIRST_PANEL_10_TECHNICAL_REVIEWER_EV_APP0228_FIRST_INTERVIEW_TECHNICAL_ASSESSMENT_M1_SKILL_07
DC_APP0228_M1_SKILL_08_000195,OB_FIRST_PANEL_10_ML_ENGINEER_EV_APP0228_FIRST_INTERVIEW_PRACTITIONER_QA_M1_SKILL_08
DC_APP0228_M1_SKILL_08_000195,OB_FIRST_PANEL_10_HIRING_MANAGER_EV_APP0228_FIRST_INTERVIEW_PRACTITIONER_QA_M1_SKILL_08
DC_APP0228_M1_SKILL_08_000195,OB_FIRST_PANEL_10_TECHNICAL_REVIEWER_EV_APP0228_FIRST_INTERVIEW_PRACTITIONER_QA_M1_SKILL_08
DC_APP0237_M1_SKILL_01_000196,OB_DOCUMENT_SCREEN_PANEL_01_RECRUITER_EV_XP_APP0237_02_PROBLEM_M1_SKILL_01
DC_APP0237_M1_SKILL_01_000196,OB_FIRST_PANEL_01_ML_ENGINEER_EV_APP0237_FIRST_INTERVIEW_TECHNICAL_ASSESSMENT_M1_SKILL_01
DC_APP0237_M1_SKILL_01_000196,OB_FIRST_PANEL_01_HIRING_MANAGER_EV_APP0237_FIRST_INTERVIEW_TECHNICAL_ASSESSMENT_M1_SKILL_01
DC_APP0237_M1_SKILL_01_000196,OB_FIRST_PANEL_01_TECHNICAL_REVIEWER_EV_APP0237_FIRST_INTERVIEW_TECHNICAL_ASSESSMENT_M1_SKILL_01
DC_APP0237_M1_SKILL_01_000196,OB_FIRST_PANEL_01_ML_ENGINEER_EV_APP0237_FIRST_INTERVIEW_AI_CASE_M1_SKILL_01
DC_APP0237_M1_SKILL_01_000196,OB_FIRST_PANEL_01_HIRING_MANAGER_EV_APP0237_FIRST_INTERVIEW_AI_CASE_M1_SKILL_01
DC_APP0237_M1_SKILL_01_000196,OB_FIRST_PANEL_01_TECHNICAL_REVIEWER_EV_APP0237_FIRST_INTERVIEW_AI_CASE_M1_SKILL_01
DC_APP0237_M1_SKILL_02_000197,OB_FIRST_PANEL_01_ML_ENGINEER_EV_APP0237_FIRST_INTERVIEW_TECHNICAL_ASSESSMENT_M1_SKILL_02
DC_APP0237_M1_SKILL_02_000197,OB_FIRST_PANEL_01_HIRING_MANAGER_EV_APP0237_FIRST_INTERVIEW_TECHNICAL_ASSESSMENT_M1_SKILL_02
DC_APP0237_M1_SKILL_02_000197,OB_FIRST_PANEL_01_TECHNICAL_REVIEWER_EV_APP0237_FIRST_INTERVIEW_TECHNICAL_ASSESSMENT_M1_SKILL_02
DC_APP0237_M1_SKILL_03_000198,OB_DOCUMENT_SCREEN_PANEL_01_RECRUITER_EV_XP_APP0237_01_BUILD_M1_SKILL_03
DC_APP0237_M1_SKILL_03_000198,OB_DOCUMENT_SCREEN_PANEL_01_RECRUITER_EV_XP_APP0237_01_VALIDATE_M1_SKILL_03
DC_APP0237_M1_SKILL_03_000198,OB_REVIEW_ML_01_EV_APP0237_PRE_ASSESSMENT_CODING_TEST_M1_SKILL_03
DC_APP0237_M1_SKILL_03_000198,OB_REVIEW_HM_01_EV_APP0237_PRE_ASSESSMENT_CODING_TEST_M1_SKILL_03
DC_APP0237_M1_SKILL_03_000198,OB_FIRST_PANEL_01_ML_ENGINEER_EV_APP0237_FIRST_INTERVIEW_AI_CASE_M1_SKILL_03
DC_APP0237_M1_SKILL_03_000198,OB_FIRST_PANEL_01_HIRING_MANAGER_EV_APP0237_FIRST_INTERVIEW_AI_CASE_M1_SKILL_03
DC_APP0237_M1_SKILL_03_000198,OB_FIRST_PANEL_01_TECHNICAL_REVIEWER_EV_APP0237_FIRST_INTERVIEW_AI_CASE_M1_SKILL_03
DC_APP0237_M1_SKILL_04_000199,OB_FIRST_PANEL_01_ML_ENGINEER_EV_APP0237_FIRST_INTERVIEW_PRACTITIONER_QA_M1_SKILL_04
DC_APP0237_M1_SKILL_04_000199,OB_FIRST_PANEL_01_HIRING_MANAGER_EV_APP0237_FIRST_INTERVIEW_PRACTITIONER_QA_M1_SKILL_04
DC_APP0237_M1_SKILL_04_000199,OB_FIRST_PANEL_01_TECHNICAL_REVIEWER_EV_APP0237_FIRST_INTERVIEW_PRACTITIONER_QA_M1_SKILL_04
DC_APP0237_M1_SKILL_05_000200,OB_FIRST_PANEL_01_ML_ENGINEER_EV_APP0237_FIRST_INTERVIEW_PRACTITIONER_QA_M1_SKILL_05
DC_APP0237_M1_SKILL_05_000200,OB_FIRST_PANEL_01_HIRING_MANAGER_EV_APP0237_FIRST_INTERVIEW_PRACTITIONER_QA_M1_SKILL_05
DC_APP0237_M1_SKILL_05_000200,OB_FIRST_PANEL_01_TECHNICAL_REVIEWER_EV_APP0237_FIRST_INTERVIEW_PRACTITIONER_QA_M1_SKILL_05
DC_APP0237_M1_SKILL_06_000201,OB_FIRST_PANEL_01_ML_ENGINEER_EV_APP0237_FIRST_INTERVIEW_PRACTITIONER_QA_M1_SKILL_06
DC_APP0237_M1_SKILL_06_000201,OB_FIRST_PANEL_01_HIRING_MANAGER_EV_APP0237_FIRST_INTERVIEW_PRACTITIONER_QA_M1_SKILL_06
DC_APP0237_M1_SKILL_06_000201,OB_FIRST_PANEL_01_TECHNICAL_REVIEWER_EV_APP0237_FIRST_INTERVIEW_PRACTITIONER_QA_M1_SKILL_06
DC_APP0237_M1_SKILL_07_000202,OB_FIRST_PANEL_01_ML_ENGINEER_EV_APP0237_FIRST_INTERVIEW_TECHNICAL_ASSESSMENT_M1_SKILL_07
DC_APP0237_M1_SKILL_07_000202,OB_FIRST_PANEL_01_HIRING_MANAGER_EV_APP0237_FIRST_INTERVIEW_TECHNICAL_ASSESSMENT_M1_SKILL_07
DC_APP0237_M1_SKILL_07_000202,OB_FIRST_PANEL_01_TECHNICAL_REVIEWER_EV_APP0237_FIRST_INTERVIEW_TECHNICAL_ASSESSMENT_M1_SKILL_07
DC_APP0237_M1_SKILL_08_000203,OB_FIRST_PANEL_01_ML_ENGINEER_EV_APP0237_FIRST_INTERVIEW_PRACTITIONER_QA_M1_SKILL_08
DC_APP0237_M1_SKILL_08_000203,OB_FIRST_PANEL_01_HIRING_MANAGER_EV_APP0237_FIRST_INTERVIEW_PRACTITIONER_QA_M1_SKILL_08
DC_APP0237_M1_SKILL_08_000203,OB_FIRST_PANEL_01_TECHNICAL_REVIEWER_EV_APP0237_FIRST_INTERVIEW_PRACTITIONER_QA_M1_SKILL_08
DC_APP0238_M1_SKILL_01_000204,OB_DOCUMENT_SCREEN_PANEL_01_RECRUITER_EV_XP_APP0238_01_PROBLEM_M1_SKILL_01
DC_APP0238_M1_SKILL_01_000204,OB_DOCUMENT_SCREEN_PANEL_01_RECRUITER_EV_XP_APP0238_02_PROBLEM_M1_SKILL_01
DC_APP0238_M1_SKILL_01_000204,OB_FIRST_PANEL_02_ML_ENGINEER_EV_APP0238_FIRST_INTERVIEW_TECHNICAL_ASSESSMENT_M1_SKILL_01
DC_APP0238_M1_SKILL_01_000204,OB_FIRST_PANEL_02_HIRING_MANAGER_EV_APP0238_FIRST_INTERVIEW_TECHNICAL_ASSESSMENT_M1_SKILL_01
DC_APP0238_M1_SKILL_01_000204,OB_FIRST_PANEL_02_TECHNICAL_REVIEWER_EV_APP0238_FIRST_INTERVIEW_TECHNICAL_ASSESSMENT_M1_SKILL_01
DC_APP0238_M1_SKILL_01_000204,OB_FIRST_PANEL_02_ML_ENGINEER_EV_APP0238_FIRST_INTERVIEW_AI_CASE_M1_SKILL_01
DC_APP0238_M1_SKILL_01_000204,OB_FIRST_PANEL_02_HIRING_MANAGER_EV_APP0238_FIRST_INTERVIEW_AI_CASE_M1_SKILL_01
DC_APP0238_M1_SKILL_01_000204,OB_FIRST_PANEL_02_TECHNICAL_REVIEWER_EV_APP0238_FIRST_INTERVIEW_AI_CASE_M1_SKILL_01
DC_APP0238_M1_SKILL_02_000205,OB_FIRST_PANEL_02_ML_ENGINEER_EV_APP0238_FIRST_INTERVIEW_TECHNICAL_ASSESSMENT_M1_SKILL_02
DC_APP0238_M1_SKILL_02_000205,OB_FIRST_PANEL_02_HIRING_MANAGER_EV_APP0238_FIRST_INTERVIEW_TECHNICAL_ASSESSMENT_M1_SKILL_02
DC_APP0238_M1_SKILL_02_000205,OB_FIRST_PANEL_02_TECHNICAL_REVIEWER_EV_APP0238_FIRST_INTERVIEW_TECHNICAL_ASSESSMENT_M1_SKILL_02
DC_APP0238_M1_SKILL_03_000206,OB_DOCUMENT_SCREEN_PANEL_01_RECRUITER_EV_XP_APP0238_01_BUILD_M1_SKILL_03
DC_APP0238_M1_SKILL_03_000206,OB_REVIEW_ML_01_EV_APP0238_PRE_ASSESSMENT_CODING_TEST_M1_SKILL_03
DC_APP0238_M1_SKILL_03_000206,OB_REVIEW_HM_01_EV_APP0238_PRE_ASSESSMENT_CODING_TEST_M1_SKILL_03
DC_APP0238_M1_SKILL_03_000206,OB_FIRST_PANEL_02_ML_ENGINEER_EV_APP0238_FIRST_INTERVIEW_AI_CASE_M1_SKILL_03
DC_APP0238_M1_SKILL_03_000206,OB_FIRST_PANEL_02_HIRING_MANAGER_EV_APP0238_FIRST_INTERVIEW_AI_CASE_M1_SKILL_03
DC_APP0238_M1_SKILL_03_000206,OB_FIRST_PANEL_02_TECHNICAL_REVIEWER_EV_APP0238_FIRST_INTERVIEW_AI_CASE_M1_SKILL_03
DC_APP0238_M1_SKILL_04_000207,OB_FIRST_PANEL_02_ML_ENGINEER_EV_APP0238_FIRST_INTERVIEW_PRACTITIONER_QA_M1_SKILL_04
DC_APP0238_M1_SKILL_04_000207,OB_FIRST_PANEL_02_HIRING_MANAGER_EV_APP0238_FIRST_INTERVIEW_PRACTITIONER_QA_M1_SKILL_04
DC_APP0238_M1_SKILL_04_000207,OB_FIRST_PANEL_02_TECHNICAL_REVIEWER_EV_APP0238_FIRST_INTERVIEW_PRACTITIONER_QA_M1_SKILL_04
DC_APP0238_M1_SKILL_05_000208,OB_FIRST_PANEL_02_ML_ENGINEER_EV_APP0238_FIRST_INTERVIEW_PRACTITIONER_QA_M1_SKILL_05
DC_APP0238_M1_SKILL_05_000208,OB_FIRST_PANEL_02_HIRING_MANAGER_EV_APP0238_FIRST_INTERVIEW_PRACTITIONER_QA_M1_SKILL_05
DC_APP0238_M1_SKILL_05_000208,OB_FIRST_PANEL_02_TECHNICAL_REVIEWER_EV_APP0238_FIRST_INTERVIEW_PRACTITIONER_QA_M1_SKILL_05
DC_APP0238_M1_SKILL_06_000209,OB_FIRST_PANEL_02_ML_ENGINEER_EV_APP0238_FIRST_INTERVIEW_PRACTITIONER_QA_M1_SKILL_06
DC_APP0238_M1_SKILL_06_000209,OB_FIRST_PANEL_02_HIRING_MANAGER_EV_APP0238_FIRST_INTERVIEW_PRACTITIONER_QA_M1_SKILL_06
DC_APP0238_M1_SKILL_06_000209,OB_FIRST_PANEL_02_TECHNICAL_REVIEWER_EV_APP0238_FIRST_INTERVIEW_PRACTITIONER_QA_M1_SKILL_06
DC_APP0238_M1_SKILL_07_000210,OB_FIRST_PANEL_02_ML_ENGINEER_EV_APP0238_FIRST_INTERVIEW_TECHNICAL_ASSESSMENT_M1_SKILL_07
DC_APP0238_M1_SKILL_07_000210,OB_FIRST_PANEL_02_HIRING_MANAGER_EV_APP0238_FIRST_INTERVIEW_TECHNICAL_ASSESSMENT_M1_SKILL_07
DC_APP0238_M1_SKILL_07_000210,OB_FIRST_PANEL_02_TECHNICAL_REVIEWER_EV_APP0238_FIRST_INTERVIEW_TECHNICAL_ASSESSMENT_M1_SKILL_07
DC_APP0238_M1_SKILL_08_000211,OB_FIRST_PANEL_02_ML_ENGINEER_EV_APP0238_FIRST_INTERVIEW_PRACTITIONER_QA_M1_SKILL_08
DC_APP0238_M1_SKILL_08_000211,OB_FIRST_PANEL_02_HIRING_MANAGER_EV_APP0238_FIRST_INTERVIEW_PRACTITIONER_QA_M1_SKILL_08
DC_APP0238_M1_SKILL_08_000211,OB_FIRST_PANEL_02_TECHNICAL_REVIEWER_EV_APP0238_FIRST_INTERVIEW_PRACTITIONER_QA_M1_SKILL_08
DC_APP0268_M1_SKILL_01_000212,OB_DOCUMENT_SCREEN_PANEL_01_RECRUITER_EV_XP_APP0268_01_PROBLEM_M1_SKILL_01
DC_APP0268_M1_SKILL_01_000212,OB_FIRST_PANEL_04_ML_ENGINEER_EV_APP0268_FIRST_INTERVIEW_TECHNICAL_ASSESSMENT_M1_SKILL_01
DC_APP0268_M1_SKILL_01_000212,OB_FIRST_PANEL_04_HIRING_MANAGER_EV_APP0268_FIRST_INTERVIEW_TECHNICAL_ASSESSMENT_M1_SKILL_01
DC_APP0268_M1_SKILL_01_000212,OB_FIRST_PANEL_04_TECHNICAL_REVIEWER_EV_APP0268_FIRST_INTERVIEW_TECHNICAL_ASSESSMENT_M1_SKILL_01
DC_APP0268_M1_SKILL_01_000212,OB_FIRST_PANEL_04_ML_ENGINEER_EV_APP0268_FIRST_INTERVIEW_AI_CASE_M1_SKILL_01
DC_APP0268_M1_SKILL_01_000212,OB_FIRST_PANEL_04_HIRING_MANAGER_EV_APP0268_FIRST_INTERVIEW_AI_CASE_M1_SKILL_01
DC_APP0268_M1_SKILL_01_000212,OB_FIRST_PANEL_04_TECHNICAL_REVIEWER_EV_APP0268_FIRST_INTERVIEW_AI_CASE_M1_SKILL_01
DC_APP0268_M1_SKILL_02_000213,OB_FIRST_PANEL_04_ML_ENGINEER_EV_APP0268_FIRST_INTERVIEW_TECHNICAL_ASSESSMENT_M1_SKILL_02
DC_APP0268_M1_SKILL_02_000213,OB_FIRST_PANEL_04_HIRING_MANAGER_EV_APP0268_FIRST_INTERVIEW_TECHNICAL_ASSESSMENT_M1_SKILL_02
DC_APP0268_M1_SKILL_02_000213,OB_FIRST_PANEL_04_TECHNICAL_REVIEWER_EV_APP0268_FIRST_INTERVIEW_TECHNICAL_ASSESSMENT_M1_SKILL_02
DC_APP0268_M1_SKILL_03_000214,OB_DOCUMENT_SCREEN_PANEL_01_RECRUITER_EV_XP_APP0268_01_BUILD_M1_SKILL_03
DC_APP0268_M1_SKILL_03_000214,OB_DOCUMENT_SCREEN_PANEL_01_RECRUITER_EV_XP_APP0268_01_VALIDATE_M1_SKILL_03
DC_APP0268_M1_SKILL_03_000214,OB_DOCUMENT_SCREEN_PANEL_01_RECRUITER_EV_XP_APP0268_02_BUILD_M1_SKILL_03
DC_APP0268_M1_SKILL_03_000214,OB_REVIEW_ML_01_EV_APP0268_PRE_ASSESSMENT_CODING_TEST_M1_SKILL_03
DC_APP0268_M1_SKILL_03_000214,OB_REVIEW_HM_01_EV_APP0268_PRE_ASSESSMENT_CODING_TEST_M1_SKILL_03
DC_APP0268_M1_SKILL_03_000214,OB_FIRST_PANEL_04_ML_ENGINEER_EV_APP0268_FIRST_INTERVIEW_AI_CASE_M1_SKILL_03
DC_APP0268_M1_SKILL_03_000214,OB_FIRST_PANEL_04_HIRING_MANAGER_EV_APP0268_FIRST_INTERVIEW_AI_CASE_M1_SKILL_03
DC_APP0268_M1_SKILL_03_000214,OB_FIRST_PANEL_04_TECHNICAL_REVIEWER_EV_APP0268_FIRST_INTERVIEW_AI_CASE_M1_SKILL_03
DC_APP0268_M1_SKILL_04_000215,OB_FIRST_PANEL_04_ML_ENGINEER_EV_APP0268_FIRST_INTERVIEW_PRACTITIONER_QA_M1_SKILL_04
DC_APP0268_M1_SKILL_04_000215,OB_FIRST_PANEL_04_HIRING_MANAGER_EV_APP0268_FIRST_INTERVIEW_PRACTITIONER_QA_M1_SKILL_04
DC_APP0268_M1_SKILL_04_000215,OB_FIRST_PANEL_04_TECHNICAL_REVIEWER_EV_APP0268_FIRST_INTERVIEW_PRACTITIONER_QA_M1_SKILL_04
DC_APP0268_M1_SKILL_05_000216,OB_FIRST_PANEL_04_ML_ENGINEER_EV_APP0268_FIRST_INTERVIEW_PRACTITIONER_QA_M1_SKILL_05
DC_APP0268_M1_SKILL_05_000216,OB_FIRST_PANEL_04_HIRING_MANAGER_EV_APP0268_FIRST_INTERVIEW_PRACTITIONER_QA_M1_SKILL_05
DC_APP0268_M1_SKILL_05_000216,OB_FIRST_PANEL_04_TECHNICAL_REVIEWER_EV_APP0268_FIRST_INTERVIEW_PRACTITIONER_QA_M1_SKILL_05
DC_APP0268_M1_SKILL_06_000217,OB_FIRST_PANEL_04_ML_ENGINEER_EV_APP0268_FIRST_INTERVIEW_PRACTITIONER_QA_M1_SKILL_06
DC_APP0268_M1_SKILL_06_000217,OB_FIRST_PANEL_04_HIRING_MANAGER_EV_APP0268_FIRST_INTERVIEW_PRACTITIONER_QA_M1_SKILL_06
DC_APP0268_M1_SKILL_06_000217,OB_FIRST_PANEL_04_TECHNICAL_REVIEWER_EV_APP0268_FIRST_INTERVIEW_PRACTITIONER_QA_M1_SKILL_06
DC_APP0268_M1_SKILL_07_000218,OB_FIRST_PANEL_04_ML_ENGINEER_EV_APP0268_FIRST_INTERVIEW_TECHNICAL_ASSESSMENT_M1_SKILL_07
DC_APP0268_M1_SKILL_07_000218,OB_FIRST_PANEL_04_HIRING_MANAGER_EV_APP0268_FIRST_INTERVIEW_TECHNICAL_ASSESSMENT_M1_SKILL_07
DC_APP0268_M1_SKILL_07_000218,OB_FIRST_PANEL_04_TECHNICAL_REVIEWER_EV_APP0268_FIRST_INTERVIEW_TECHNICAL_ASSESSMENT_M1_SKILL_07
DC_APP0268_M1_SKILL_08_000219,OB_FIRST_PANEL_04_ML_ENGINEER_EV_APP0268_FIRST_INTERVIEW_PRACTITIONER_QA_M1_SKILL_08
DC_APP0268_M1_SKILL_08_000219,OB_FIRST_PANEL_04_HIRING_MANAGER_EV_APP0268_FIRST_INTERVIEW_PRACTITIONER_QA_M1_SKILL_08
DC_APP0268_M1_SKILL_08_000219,OB_FIRST_PANEL_04_TECHNICAL_REVIEWER_EV_APP0268_FIRST_INTERVIEW_PRACTITIONER_QA_M1_SKILL_08
DC_APP0270_M1_SKILL_01_000220,OB_DOCUMENT_SCREEN_PANEL_01_RECRUITER_EV_XP_APP0270_01_PROBLEM_M1_SKILL_01
DC_APP0270_M1_SKILL_01_000220,OB_DOCUMENT_SCREEN_PANEL_01_RECRUITER_EV_XP_APP0270_02_PROBLEM_M1_SKILL_01
DC_APP0270_M1_SKILL_01_000220,OB_FIRST_PANEL_05_ML_ENGINEER_EV_APP0270_FIRST_INTERVIEW_TECHNICAL_ASSESSMENT_M1_SKILL_01
DC_APP0270_M1_SKILL_01_000220,OB_FIRST_PANEL_05_HIRING_MANAGER_EV_APP0270_FIRST_INTERVIEW_TECHNICAL_ASSESSMENT_M1_SKILL_01
DC_APP0270_M1_SKILL_01_000220,OB_FIRST_PANEL_05_TECHNICAL_REVIEWER_EV_APP0270_FIRST_INTERVIEW_TECHNICAL_ASSESSMENT_M1_SKILL_01
DC_APP0270_M1_SKILL_01_000220,OB_FIRST_PANEL_05_ML_ENGINEER_EV_APP0270_FIRST_INTERVIEW_AI_CASE_M1_SKILL_01
DC_APP0270_M1_SKILL_01_000220,OB_FIRST_PANEL_05_HIRING_MANAGER_EV_APP0270_FIRST_INTERVIEW_AI_CASE_M1_SKILL_01
DC_APP0270_M1_SKILL_01_000220,OB_FIRST_PANEL_05_TECHNICAL_REVIEWER_EV_APP0270_FIRST_INTERVIEW_AI_CASE_M1_SKILL_01
DC_APP0270_M1_SKILL_02_000221,OB_FIRST_PANEL_05_ML_ENGINEER_EV_APP0270_FIRST_INTERVIEW_TECHNICAL_ASSESSMENT_M1_SKILL_02
DC_APP0270_M1_SKILL_02_000221,OB_FIRST_PANEL_05_HIRING_MANAGER_EV_APP0270_FIRST_INTERVIEW_TECHNICAL_ASSESSMENT_M1_SKILL_02
DC_APP0270_M1_SKILL_02_000221,OB_FIRST_PANEL_05_TECHNICAL_REVIEWER_EV_APP0270_FIRST_INTERVIEW_TECHNICAL_ASSESSMENT_M1_SKILL_02
DC_APP0270_M1_SKILL_03_000222,OB_DOCUMENT_SCREEN_PANEL_01_RECRUITER_EV_XP_APP0270_01_VALIDATE_M1_SKILL_03
DC_APP0270_M1_SKILL_03_000222,OB_DOCUMENT_SCREEN_PANEL_01_RECRUITER_EV_XP_APP0270_02_VALIDATE_M1_SKILL_03
DC_APP0270_M1_SKILL_03_000222,OB_REVIEW_ML_01_EV_APP0270_PRE_ASSESSMENT_CODING_TEST_M1_SKILL_03
DC_APP0270_M1_SKILL_03_000222,OB_REVIEW_HM_01_EV_APP0270_PRE_ASSESSMENT_CODING_TEST_M1_SKILL_03
DC_APP0270_M1_SKILL_03_000222,OB_FIRST_PANEL_05_ML_ENGINEER_EV_APP0270_FIRST_INTERVIEW_AI_CASE_M1_SKILL_03
DC_APP0270_M1_SKILL_03_000222,OB_FIRST_PANEL_05_HIRING_MANAGER_EV_APP0270_FIRST_INTERVIEW_AI_CASE_M1_SKILL_03
DC_APP0270_M1_SKILL_03_000222,OB_FIRST_PANEL_05_TECHNICAL_REVIEWER_EV_APP0270_FIRST_INTERVIEW_AI_CASE_M1_SKILL_03
DC_APP0270_M1_SKILL_04_000223,OB_FIRST_PANEL_05_ML_ENGINEER_EV_APP0270_FIRST_INTERVIEW_PRACTITIONER_QA_M1_SKILL_04
DC_APP0270_M1_SKILL_04_000223,OB_FIRST_PANEL_05_HIRING_MANAGER_EV_APP0270_FIRST_INTERVIEW_PRACTITIONER_QA_M1_SKILL_04
DC_APP0270_M1_SKILL_04_000223,OB_FIRST_PANEL_05_TECHNICAL_REVIEWER_EV_APP0270_FIRST_INTERVIEW_PRACTITIONER_QA_M1_SKILL_04
DC_APP0270_M1_SKILL_05_000224,OB_FIRST_PANEL_05_ML_ENGINEER_EV_APP0270_FIRST_INTERVIEW_PRACTITIONER_QA_M1_SKILL_05
DC_APP0270_M1_SKILL_05_000224,OB_FIRST_PANEL_05_HIRING_MANAGER_EV_APP0270_FIRST_INTERVIEW_PRACTITIONER_QA_M1_SKILL_05
DC_APP0270_M1_SKILL_05_000224,OB_FIRST_PANEL_05_TECHNICAL_REVIEWER_EV_APP0270_FIRST_INTERVIEW_PRACTITIONER_QA_M1_SKILL_05
DC_APP0270_M1_SKILL_06_000225,OB_FIRST_PANEL_05_ML_ENGINEER_EV_APP0270_FIRST_INTERVIEW_PRACTITIONER_QA_M1_SKILL_06
DC_APP0270_M1_SKILL_06_000225,OB_FIRST_PANEL_05_HIRING_MANAGER_EV_APP0270_FIRST_INTERVIEW_PRACTITIONER_QA_M1_SKILL_06
DC_APP0270_M1_SKILL_06_000225,OB_FIRST_PANEL_05_TECHNICAL_REVIEWER_EV_APP0270_FIRST_INTERVIEW_PRACTITIONER_QA_M1_SKILL_06
DC_APP0270_M1_SKILL_07_000226,OB_FIRST_PANEL_05_ML_ENGINEER_EV_APP0270_FIRST_INTERVIEW_TECHNICAL_ASSESSMENT_M1_SKILL_07
DC_APP0270_M1_SKILL_07_000226,OB_FIRST_PANEL_05_HIRING_MANAGER_EV_APP0270_FIRST_INTERVIEW_TECHNICAL_ASSESSMENT_M1_SKILL_07
DC_APP0270_M1_SKILL_07_000226,OB_FIRST_PANEL_05_TECHNICAL_REVIEWER_EV_APP0270_FIRST_INTERVIEW_TECHNICAL_ASSESSMENT_M1_SKILL_07
DC_APP0270_M1_SKILL_08_000227,OB_FIRST_PANEL_05_ML_ENGINEER_EV_APP0270_FIRST_INTERVIEW_PRACTITIONER_QA_M1_SKILL_08
DC_APP0270_M1_SKILL_08_000227,OB_FIRST_PANEL_05_HIRING_MANAGER_EV_APP0270_FIRST_INTERVIEW_PRACTITIONER_QA_M1_SKILL_08
DC_APP0270_M1_SKILL_08_000227,OB_FIRST_PANEL_05_TECHNICAL_REVIEWER_EV_APP0270_FIRST_INTERVIEW_PRACTITIONER_QA_M1_SKILL_08
DC_APP0285_M1_SKILL_01_000228,OB_DOCUMENT_SCREEN_PANEL_01_RECRUITER_EV_XP_APP0285_01_PROBLEM_M1_SKILL_01
DC_APP0285_M1_SKILL_01_000228,OB_DOCUMENT_SCREEN_PANEL_01_RECRUITER_EV_XP_APP0285_02_PROBLEM_M1_SKILL_01
DC_APP0285_M1_SKILL_01_000228,OB_FIRST_PANEL_06_ML_ENGINEER_EV_APP0285_FIRST_INTERVIEW_TECHNICAL_ASSESSMENT_M1_SKILL_01
DC_APP0285_M1_SKILL_01_000228,OB_FIRST_PANEL_06_HIRING_MANAGER_EV_APP0285_FIRST_INTERVIEW_TECHNICAL_ASSESSMENT_M1_SKILL_01
DC_APP0285_M1_SKILL_01_000228,OB_FIRST_PANEL_06_TECHNICAL_REVIEWER_EV_APP0285_FIRST_INTERVIEW_TECHNICAL_ASSESSMENT_M1_SKILL_01
DC_APP0285_M1_SKILL_01_000228,OB_FIRST_PANEL_06_ML_ENGINEER_EV_APP0285_FIRST_INTERVIEW_AI_CASE_M1_SKILL_01
DC_APP0285_M1_SKILL_01_000228,OB_FIRST_PANEL_06_HIRING_MANAGER_EV_APP0285_FIRST_INTERVIEW_AI_CASE_M1_SKILL_01
DC_APP0285_M1_SKILL_01_000228,OB_FIRST_PANEL_06_TECHNICAL_REVIEWER_EV_APP0285_FIRST_INTERVIEW_AI_CASE_M1_SKILL_01
DC_APP0285_M1_SKILL_02_000229,OB_FIRST_PANEL_06_ML_ENGINEER_EV_APP0285_FIRST_INTERVIEW_TECHNICAL_ASSESSMENT_M1_SKILL_02
DC_APP0285_M1_SKILL_02_000229,OB_FIRST_PANEL_06_HIRING_MANAGER_EV_APP0285_FIRST_INTERVIEW_TECHNICAL_ASSESSMENT_M1_SKILL_02
DC_APP0285_M1_SKILL_02_000229,OB_FIRST_PANEL_06_TECHNICAL_REVIEWER_EV_APP0285_FIRST_INTERVIEW_TECHNICAL_ASSESSMENT_M1_SKILL_02
DC_APP0285_M1_SKILL_03_000230,OB_DOCUMENT_SCREEN_PANEL_01_RECRUITER_EV_XP_APP0285_01_BUILD_M1_SKILL_03
DC_APP0285_M1_SKILL_03_000230,OB_REVIEW_ML_01_EV_APP0285_PRE_ASSESSMENT_CODING_TEST_M1_SKILL_03
DC_APP0285_M1_SKILL_03_000230,OB_REVIEW_HM_01_EV_APP0285_PRE_ASSESSMENT_CODING_TEST_M1_SKILL_03
DC_APP0285_M1_SKILL_03_000230,OB_FIRST_PANEL_06_ML_ENGINEER_EV_APP0285_FIRST_INTERVIEW_AI_CASE_M1_SKILL_03
DC_APP0285_M1_SKILL_03_000230,OB_FIRST_PANEL_06_HIRING_MANAGER_EV_APP0285_FIRST_INTERVIEW_AI_CASE_M1_SKILL_03
DC_APP0285_M1_SKILL_03_000230,OB_FIRST_PANEL_06_TECHNICAL_REVIEWER_EV_APP0285_FIRST_INTERVIEW_AI_CASE_M1_SKILL_03
DC_APP0285_M1_SKILL_04_000231,OB_FIRST_PANEL_06_ML_ENGINEER_EV_APP0285_FIRST_INTERVIEW_PRACTITIONER_QA_M1_SKILL_04
DC_APP0285_M1_SKILL_04_000231,OB_FIRST_PANEL_06_HIRING_MANAGER_EV_APP0285_FIRST_INTERVIEW_PRACTITIONER_QA_M1_SKILL_04
DC_APP0285_M1_SKILL_04_000231,OB_FIRST_PANEL_06_TECHNICAL_REVIEWER_EV_APP0285_FIRST_INTERVIEW_PRACTITIONER_QA_M1_SKILL_04
DC_APP0285_M1_SKILL_05_000232,OB_FIRST_PANEL_06_ML_ENGINEER_EV_APP0285_FIRST_INTERVIEW_PRACTITIONER_QA_M1_SKILL_05
DC_APP0285_M1_SKILL_05_000232,OB_FIRST_PANEL_06_HIRING_MANAGER_EV_APP0285_FIRST_INTERVIEW_PRACTITIONER_QA_M1_SKILL_05
DC_APP0285_M1_SKILL_05_000232,OB_FIRST_PANEL_06_TECHNICAL_REVIEWER_EV_APP0285_FIRST_INTERVIEW_PRACTITIONER_QA_M1_SKILL_05
DC_APP0285_M1_SKILL_06_000233,OB_FIRST_PANEL_06_ML_ENGINEER_EV_APP0285_FIRST_INTERVIEW_PRACTITIONER_QA_M1_SKILL_06
DC_APP0285_M1_SKILL_06_000233,OB_FIRST_PANEL_06_HIRING_MANAGER_EV_APP0285_FIRST_INTERVIEW_PRACTITIONER_QA_M1_SKILL_06
DC_APP0285_M1_SKILL_06_000233,OB_FIRST_PANEL_06_TECHNICAL_REVIEWER_EV_APP0285_FIRST_INTERVIEW_PRACTITIONER_QA_M1_SKILL_06
DC_APP0285_M1_SKILL_07_000234,OB_FIRST_PANEL_06_ML_ENGINEER_EV_APP0285_FIRST_INTERVIEW_TECHNICAL_ASSESSMENT_M1_SKILL_07
DC_APP0285_M1_SKILL_07_000234,OB_FIRST_PANEL_06_HIRING_MANAGER_EV_APP0285_FIRST_INTERVIEW_TECHNICAL_ASSESSMENT_M1_SKILL_07
DC_APP0285_M1_SKILL_07_000234,OB_FIRST_PANEL_06_TECHNICAL_REVIEWER_EV_APP0285_FIRST_INTERVIEW_TECHNICAL_ASSESSMENT_M1_SKILL_07
DC_APP0285_M1_SKILL_08_000235,OB_FIRST_PANEL_06_ML_ENGINEER_EV_APP0285_FIRST_INTERVIEW_PRACTITIONER_QA_M1_SKILL_08
DC_APP0285_M1_SKILL_08_000235,OB_FIRST_PANEL_06_HIRING_MANAGER_EV_APP0285_FIRST_INTERVIEW_PRACTITIONER_QA_M1_SKILL_08
DC_APP0285_M1_SKILL_08_000235,OB_FIRST_PANEL_06_TECHNICAL_REVIEWER_EV_APP0285_FIRST_INTERVIEW_PRACTITIONER_QA_M1_SKILL_08
DC_APP0297_M1_SKILL_01_000236,OB_DOCUMENT_SCREEN_PANEL_01_RECRUITER_EV_XP_APP0297_02_PROBLEM_M1_SKILL_01
DC_APP0297_M1_SKILL_01_000236,OB_FIRST_PANEL_07_ML_ENGINEER_EV_APP0297_FIRST_INTERVIEW_TECHNICAL_ASSESSMENT_M1_SKILL_01
DC_APP0297_M1_SKILL_01_000236,OB_FIRST_PANEL_07_HIRING_MANAGER_EV_APP0297_FIRST_INTERVIEW_TECHNICAL_ASSESSMENT_M1_SKILL_01
DC_APP0297_M1_SKILL_01_000236,OB_FIRST_PANEL_07_TECHNICAL_REVIEWER_EV_APP0297_FIRST_INTERVIEW_TECHNICAL_ASSESSMENT_M1_SKILL_01
DC_APP0297_M1_SKILL_01_000236,OB_FIRST_PANEL_07_ML_ENGINEER_EV_APP0297_FIRST_INTERVIEW_AI_CASE_M1_SKILL_01
DC_APP0297_M1_SKILL_01_000236,OB_FIRST_PANEL_07_HIRING_MANAGER_EV_APP0297_FIRST_INTERVIEW_AI_CASE_M1_SKILL_01
DC_APP0297_M1_SKILL_01_000236,OB_FIRST_PANEL_07_TECHNICAL_REVIEWER_EV_APP0297_FIRST_INTERVIEW_AI_CASE_M1_SKILL_01
DC_APP0297_M1_SKILL_02_000237,OB_FIRST_PANEL_07_ML_ENGINEER_EV_APP0297_FIRST_INTERVIEW_TECHNICAL_ASSESSMENT_M1_SKILL_02
DC_APP0297_M1_SKILL_02_000237,OB_FIRST_PANEL_07_HIRING_MANAGER_EV_APP0297_FIRST_INTERVIEW_TECHNICAL_ASSESSMENT_M1_SKILL_02
DC_APP0297_M1_SKILL_02_000237,OB_FIRST_PANEL_07_TECHNICAL_REVIEWER_EV_APP0297_FIRST_INTERVIEW_TECHNICAL_ASSESSMENT_M1_SKILL_02
DC_APP0297_M1_SKILL_03_000238,OB_DOCUMENT_SCREEN_PANEL_01_RECRUITER_EV_XP_APP0297_01_BUILD_M1_SKILL_03
DC_APP0297_M1_SKILL_03_000238,OB_DOCUMENT_SCREEN_PANEL_01_RECRUITER_EV_XP_APP0297_01_VALIDATE_M1_SKILL_03
DC_APP0297_M1_SKILL_03_000238,OB_DOCUMENT_SCREEN_PANEL_01_RECRUITER_EV_XP_APP0297_02_VALIDATE_M1_SKILL_03
DC_APP0297_M1_SKILL_03_000238,OB_REVIEW_ML_01_EV_APP0297_PRE_ASSESSMENT_CODING_TEST_M1_SKILL_03
DC_APP0297_M1_SKILL_03_000238,OB_REVIEW_HM_01_EV_APP0297_PRE_ASSESSMENT_CODING_TEST_M1_SKILL_03
DC_APP0297_M1_SKILL_03_000238,OB_FIRST_PANEL_07_ML_ENGINEER_EV_APP0297_FIRST_INTERVIEW_AI_CASE_M1_SKILL_03
DC_APP0297_M1_SKILL_03_000238,OB_FIRST_PANEL_07_HIRING_MANAGER_EV_APP0297_FIRST_INTERVIEW_AI_CASE_M1_SKILL_03
DC_APP0297_M1_SKILL_03_000238,OB_FIRST_PANEL_07_TECHNICAL_REVIEWER_EV_APP0297_FIRST_INTERVIEW_AI_CASE_M1_SKILL_03
DC_APP0297_M1_SKILL_04_000239,OB_FIRST_PANEL_07_ML_ENGINEER_EV_APP0297_FIRST_INTERVIEW_PRACTITIONER_QA_M1_SKILL_04
DC_APP0297_M1_SKILL_04_000239,OB_FIRST_PANEL_07_HIRING_MANAGER_EV_APP0297_FIRST_INTERVIEW_PRACTITIONER_QA_M1_SKILL_04
DC_APP0297_M1_SKILL_04_000239,OB_FIRST_PANEL_07_TECHNICAL_REVIEWER_EV_APP0297_FIRST_INTERVIEW_PRACTITIONER_QA_M1_SKILL_04
DC_APP0297_M1_SKILL_05_000240,OB_FIRST_PANEL_07_ML_ENGINEER_EV_APP0297_FIRST_INTERVIEW_PRACTITIONER_QA_M1_SKILL_05
DC_APP0297_M1_SKILL_05_000240,OB_FIRST_PANEL_07_HIRING_MANAGER_EV_APP0297_FIRST_INTERVIEW_PRACTITIONER_QA_M1_SKILL_05
DC_APP0297_M1_SKILL_05_000240,OB_FIRST_PANEL_07_TECHNICAL_REVIEWER_EV_APP0297_FIRST_INTERVIEW_PRACTITIONER_QA_M1_SKILL_05
DC_APP0297_M1_SKILL_06_000241,OB_FIRST_PANEL_07_ML_ENGINEER_EV_APP0297_FIRST_INTERVIEW_PRACTITIONER_QA_M1_SKILL_06
DC_APP0297_M1_SKILL_06_000241,OB_FIRST_PANEL_07_HIRING_MANAGER_EV_APP0297_FIRST_INTERVIEW_PRACTITIONER_QA_M1_SKILL_06
DC_APP0297_M1_SKILL_06_000241,OB_FIRST_PANEL_07_TECHNICAL_REVIEWER_EV_APP0297_FIRST_INTERVIEW_PRACTITIONER_QA_M1_SKILL_06
DC_APP0297_M1_SKILL_07_000242,OB_FIRST_PANEL_07_ML_ENGINEER_EV_APP0297_FIRST_INTERVIEW_TECHNICAL_ASSESSMENT_M1_SKILL_07
DC_APP0297_M1_SKILL_07_000242,OB_FIRST_PANEL_07_HIRING_MANAGER_EV_APP0297_FIRST_INTERVIEW_TECHNICAL_ASSESSMENT_M1_SKILL_07
DC_APP0297_M1_SKILL_07_000242,OB_FIRST_PANEL_07_TECHNICAL_REVIEWER_EV_APP0297_FIRST_INTERVIEW_TECHNICAL_ASSESSMENT_M1_SKILL_07
DC_APP0297_M1_SKILL_08_000243,OB_FIRST_PANEL_07_ML_ENGINEER_EV_APP0297_FIRST_INTERVIEW_PRACTITIONER_QA_M1_SKILL_08
DC_APP0297_M1_SKILL_08_000243,OB_FIRST_PANEL_07_HIRING_MANAGER_EV_APP0297_FIRST_INTERVIEW_PRACTITIONER_QA_M1_SKILL_08
DC_APP0297_M1_SKILL_08_000243,OB_FIRST_PANEL_07_TECHNICAL_REVIEWER_EV_APP0297_FIRST_INTERVIEW_PRACTITIONER_QA_M1_SKILL_08
DC_APP0309_M1_SKILL_01_000244,OB_DOCUMENT_SCREEN_PANEL_01_RECRUITER_EV_XP_APP0309_01_PROBLEM_M1_SKILL_01
DC_APP0309_M1_SKILL_01_000244,OB_FIRST_PANEL_08_ML_ENGINEER_EV_APP0309_FIRST_INTERVIEW_TECHNICAL_ASSESSMENT_M1_SKILL_01
DC_APP0309_M1_SKILL_01_000244,OB_FIRST_PANEL_08_HIRING_MANAGER_EV_APP0309_FIRST_INTERVIEW_TECHNICAL_ASSESSMENT_M1_SKILL_01
DC_APP0309_M1_SKILL_01_000244,OB_FIRST_PANEL_08_TECHNICAL_REVIEWER_EV_APP0309_FIRST_INTERVIEW_TECHNICAL_ASSESSMENT_M1_SKILL_01
DC_APP0309_M1_SKILL_01_000244,OB_FIRST_PANEL_08_ML_ENGINEER_EV_APP0309_FIRST_INTERVIEW_AI_CASE_M1_SKILL_01
DC_APP0309_M1_SKILL_01_000244,OB_FIRST_PANEL_08_HIRING_MANAGER_EV_APP0309_FIRST_INTERVIEW_AI_CASE_M1_SKILL_01
DC_APP0309_M1_SKILL_01_000244,OB_FIRST_PANEL_08_TECHNICAL_REVIEWER_EV_APP0309_FIRST_INTERVIEW_AI_CASE_M1_SKILL_01
DC_APP0309_M1_SKILL_02_000245,OB_FIRST_PANEL_08_ML_ENGINEER_EV_APP0309_FIRST_INTERVIEW_TECHNICAL_ASSESSMENT_M1_SKILL_02
DC_APP0309_M1_SKILL_02_000245,OB_FIRST_PANEL_08_HIRING_MANAGER_EV_APP0309_FIRST_INTERVIEW_TECHNICAL_ASSESSMENT_M1_SKILL_02
DC_APP0309_M1_SKILL_02_000245,OB_FIRST_PANEL_08_TECHNICAL_REVIEWER_EV_APP0309_FIRST_INTERVIEW_TECHNICAL_ASSESSMENT_M1_SKILL_02
DC_APP0309_M1_SKILL_03_000246,OB_DOCUMENT_SCREEN_PANEL_01_RECRUITER_EV_XP_APP0309_01_BUILD_M1_SKILL_03
DC_APP0309_M1_SKILL_03_000246,OB_REVIEW_ML_01_EV_APP0309_PRE_ASSESSMENT_CODING_TEST_M1_SKILL_03
DC_APP0309_M1_SKILL_03_000246,OB_REVIEW_HM_01_EV_APP0309_PRE_ASSESSMENT_CODING_TEST_M1_SKILL_03
DC_APP0309_M1_SKILL_03_000246,OB_FIRST_PANEL_08_ML_ENGINEER_EV_APP0309_FIRST_INTERVIEW_AI_CASE_M1_SKILL_03
DC_APP0309_M1_SKILL_03_000246,OB_FIRST_PANEL_08_HIRING_MANAGER_EV_APP0309_FIRST_INTERVIEW_AI_CASE_M1_SKILL_03
DC_APP0309_M1_SKILL_03_000246,OB_FIRST_PANEL_08_TECHNICAL_REVIEWER_EV_APP0309_FIRST_INTERVIEW_AI_CASE_M1_SKILL_03
DC_APP0309_M1_SKILL_04_000247,OB_FIRST_PANEL_08_ML_ENGINEER_EV_APP0309_FIRST_INTERVIEW_PRACTITIONER_QA_M1_SKILL_04
DC_APP0309_M1_SKILL_04_000247,OB_FIRST_PANEL_08_HIRING_MANAGER_EV_APP0309_FIRST_INTERVIEW_PRACTITIONER_QA_M1_SKILL_04
DC_APP0309_M1_SKILL_04_000247,OB_FIRST_PANEL_08_TECHNICAL_REVIEWER_EV_APP0309_FIRST_INTERVIEW_PRACTITIONER_QA_M1_SKILL_04
DC_APP0309_M1_SKILL_05_000248,OB_FIRST_PANEL_08_ML_ENGINEER_EV_APP0309_FIRST_INTERVIEW_PRACTITIONER_QA_M1_SKILL_05
DC_APP0309_M1_SKILL_05_000248,OB_FIRST_PANEL_08_HIRING_MANAGER_EV_APP0309_FIRST_INTERVIEW_PRACTITIONER_QA_M1_SKILL_05
DC_APP0309_M1_SKILL_05_000248,OB_FIRST_PANEL_08_TECHNICAL_REVIEWER_EV_APP0309_FIRST_INTERVIEW_PRACTITIONER_QA_M1_SKILL_05
DC_APP0309_M1_SKILL_06_000249,OB_FIRST_PANEL_08_ML_ENGINEER_EV_APP0309_FIRST_INTERVIEW_PRACTITIONER_QA_M1_SKILL_06
DC_APP0309_M1_SKILL_06_000249,OB_FIRST_PANEL_08_HIRING_MANAGER_EV_APP0309_FIRST_INTERVIEW_PRACTITIONER_QA_M1_SKILL_06
DC_APP0309_M1_SKILL_06_000249,OB_FIRST_PANEL_08_TECHNICAL_REVIEWER_EV_APP0309_FIRST_INTERVIEW_PRACTITIONER_QA_M1_SKILL_06
DC_APP0309_M1_SKILL_07_000250,OB_FIRST_PANEL_08_ML_ENGINEER_EV_APP0309_FIRST_INTERVIEW_TECHNICAL_ASSESSMENT_M1_SKILL_07
DC_APP0309_M1_SKILL_07_000250,OB_FIRST_PANEL_08_HIRING_MANAGER_EV_APP0309_FIRST_INTERVIEW_TECHNICAL_ASSESSMENT_M1_SKILL_07
DC_APP0309_M1_SKILL_07_000250,OB_FIRST_PANEL_08_TECHNICAL_REVIEWER_EV_APP0309_FIRST_INTERVIEW_TECHNICAL_ASSESSMENT_M1_SKILL_07
DC_APP0309_M1_SKILL_08_000251,OB_FIRST_PANEL_08_ML_ENGINEER_EV_APP0309_FIRST_INTERVIEW_PRACTITIONER_QA_M1_SKILL_08
DC_APP0309_M1_SKILL_08_000251,OB_FIRST_PANEL_08_HIRING_MANAGER_EV_APP0309_FIRST_INTERVIEW_PRACTITIONER_QA_M1_SKILL_08
DC_APP0309_M1_SKILL_08_000251,OB_FIRST_PANEL_08_TECHNICAL_REVIEWER_EV_APP0309_FIRST_INTERVIEW_PRACTITIONER_QA_M1_SKILL_08
DC_APP0325_M1_SKILL_01_000252,OB_DOCUMENT_SCREEN_PANEL_01_RECRUITER_EV_XP_APP0325_01_PROBLEM_M1_SKILL_01
DC_APP0325_M1_SKILL_01_000252,OB_FIRST_PANEL_09_ML_ENGINEER_EV_APP0325_FIRST_INTERVIEW_TECHNICAL_ASSESSMENT_M1_SKILL_01
DC_APP0325_M1_SKILL_01_000252,OB_FIRST_PANEL_09_HIRING_MANAGER_EV_APP0325_FIRST_INTERVIEW_TECHNICAL_ASSESSMENT_M1_SKILL_01
DC_APP0325_M1_SKILL_01_000252,OB_FIRST_PANEL_09_TECHNICAL_REVIEWER_EV_APP0325_FIRST_INTERVIEW_TECHNICAL_ASSESSMENT_M1_SKILL_01
DC_APP0325_M1_SKILL_01_000252,OB_FIRST_PANEL_09_ML_ENGINEER_EV_APP0325_FIRST_INTERVIEW_AI_CASE_M1_SKILL_01
DC_APP0325_M1_SKILL_01_000252,OB_FIRST_PANEL_09_HIRING_MANAGER_EV_APP0325_FIRST_INTERVIEW_AI_CASE_M1_SKILL_01
DC_APP0325_M1_SKILL_01_000252,OB_FIRST_PANEL_09_TECHNICAL_REVIEWER_EV_APP0325_FIRST_INTERVIEW_AI_CASE_M1_SKILL_01
DC_APP0325_M1_SKILL_02_000253,OB_FIRST_PANEL_09_ML_ENGINEER_EV_APP0325_FIRST_INTERVIEW_TECHNICAL_ASSESSMENT_M1_SKILL_02
DC_APP0325_M1_SKILL_02_000253,OB_FIRST_PANEL_09_HIRING_MANAGER_EV_APP0325_FIRST_INTERVIEW_TECHNICAL_ASSESSMENT_M1_SKILL_02
DC_APP0325_M1_SKILL_02_000253,OB_FIRST_PANEL_09_TECHNICAL_REVIEWER_EV_APP0325_FIRST_INTERVIEW_TECHNICAL_ASSESSMENT_M1_SKILL_02
DC_APP0325_M1_SKILL_03_000254,OB_DOCUMENT_SCREEN_PANEL_01_RECRUITER_EV_XP_APP0325_01_BUILD_M1_SKILL_03
DC_APP0325_M1_SKILL_03_000254,OB_REVIEW_ML_01_EV_APP0325_PRE_ASSESSMENT_CODING_TEST_M1_SKILL_03
DC_APP0325_M1_SKILL_03_000254,OB_REVIEW_HM_01_EV_APP0325_PRE_ASSESSMENT_CODING_TEST_M1_SKILL_03
DC_APP0325_M1_SKILL_03_000254,OB_FIRST_PANEL_09_ML_ENGINEER_EV_APP0325_FIRST_INTERVIEW_AI_CASE_M1_SKILL_03
DC_APP0325_M1_SKILL_03_000254,OB_FIRST_PANEL_09_HIRING_MANAGER_EV_APP0325_FIRST_INTERVIEW_AI_CASE_M1_SKILL_03
DC_APP0325_M1_SKILL_03_000254,OB_FIRST_PANEL_09_TECHNICAL_REVIEWER_EV_APP0325_FIRST_INTERVIEW_AI_CASE_M1_SKILL_03
DC_APP0325_M1_SKILL_04_000255,OB_FIRST_PANEL_09_ML_ENGINEER_EV_APP0325_FIRST_INTERVIEW_PRACTITIONER_QA_M1_SKILL_04
DC_APP0325_M1_SKILL_04_000255,OB_FIRST_PANEL_09_HIRING_MANAGER_EV_APP0325_FIRST_INTERVIEW_PRACTITIONER_QA_M1_SKILL_04
DC_APP0325_M1_SKILL_04_000255,OB_FIRST_PANEL_09_TECHNICAL_REVIEWER_EV_APP0325_FIRST_INTERVIEW_PRACTITIONER_QA_M1_SKILL_04
DC_APP0325_M1_SKILL_05_000256,OB_FIRST_PANEL_09_ML_ENGINEER_EV_APP0325_FIRST_INTERVIEW_PRACTITIONER_QA_M1_SKILL_05
DC_APP0325_M1_SKILL_05_000256,OB_FIRST_PANEL_09_HIRING_MANAGER_EV_APP0325_FIRST_INTERVIEW_PRACTITIONER_QA_M1_SKILL_05
DC_APP0325_M1_SKILL_05_000256,OB_FIRST_PANEL_09_TECHNICAL_REVIEWER_EV_APP0325_FIRST_INTERVIEW_PRACTITIONER_QA_M1_SKILL_05
DC_APP0325_M1_SKILL_06_000257,OB_FIRST_PANEL_09_ML_ENGINEER_EV_APP0325_FIRST_INTERVIEW_PRACTITIONER_QA_M1_SKILL_06
DC_APP0325_M1_SKILL_06_000257,OB_FIRST_PANEL_09_HIRING_MANAGER_EV_APP0325_FIRST_INTERVIEW_PRACTITIONER_QA_M1_SKILL_06
DC_APP0325_M1_SKILL_06_000257,OB_FIRST_PANEL_09_TECHNICAL_REVIEWER_EV_APP0325_FIRST_INTERVIEW_PRACTITIONER_QA_M1_SKILL_06
DC_APP0325_M1_SKILL_07_000258,OB_FIRST_PANEL_09_ML_ENGINEER_EV_APP0325_FIRST_INTERVIEW_TECHNICAL_ASSESSMENT_M1_SKILL_07
DC_APP0325_M1_SKILL_07_000258,OB_FIRST_PANEL_09_HIRING_MANAGER_EV_APP0325_FIRST_INTERVIEW_TECHNICAL_ASSESSMENT_M1_SKILL_07
DC_APP0325_M1_SKILL_07_000258,OB_FIRST_PANEL_09_TECHNICAL_REVIEWER_EV_APP0325_FIRST_INTERVIEW_TECHNICAL_ASSESSMENT_M1_SKILL_07
DC_APP0325_M1_SKILL_08_000259,OB_FIRST_PANEL_09_ML_ENGINEER_EV_APP0325_FIRST_INTERVIEW_PRACTITIONER_QA_M1_SKILL_08
DC_APP0325_M1_SKILL_08_000259,OB_FIRST_PANEL_09_HIRING_MANAGER_EV_APP0325_FIRST_INTERVIEW_PRACTITIONER_QA_M1_SKILL_08
DC_APP0325_M1_SKILL_08_000259,OB_FIRST_PANEL_09_TECHNICAL_REVIEWER_EV_APP0325_FIRST_INTERVIEW_PRACTITIONER_QA_M1_SKILL_08
DC_APP0342_M1_SKILL_01_000260,OB_DOCUMENT_SCREEN_PANEL_01_RECRUITER_EV_XP_APP0342_02_PROBLEM_M1_SKILL_01
DC_APP0342_M1_SKILL_01_000260,OB_FIRST_PANEL_10_ML_ENGINEER_EV_APP0342_FIRST_INTERVIEW_TECHNICAL_ASSESSMENT_M1_SKILL_01
DC_APP0342_M1_SKILL_01_000260,OB_FIRST_PANEL_10_HIRING_MANAGER_EV_APP0342_FIRST_INTERVIEW_TECHNICAL_ASSESSMENT_M1_SKILL_01
DC_APP0342_M1_SKILL_01_000260,OB_FIRST_PANEL_10_TECHNICAL_REVIEWER_EV_APP0342_FIRST_INTERVIEW_TECHNICAL_ASSESSMENT_M1_SKILL_01
DC_APP0342_M1_SKILL_01_000260,OB_FIRST_PANEL_10_ML_ENGINEER_EV_APP0342_FIRST_INTERVIEW_AI_CASE_M1_SKILL_01
DC_APP0342_M1_SKILL_01_000260,OB_FIRST_PANEL_10_HIRING_MANAGER_EV_APP0342_FIRST_INTERVIEW_AI_CASE_M1_SKILL_01
DC_APP0342_M1_SKILL_01_000260,OB_FIRST_PANEL_10_TECHNICAL_REVIEWER_EV_APP0342_FIRST_INTERVIEW_AI_CASE_M1_SKILL_01
DC_APP0342_M1_SKILL_02_000261,OB_FIRST_PANEL_10_ML_ENGINEER_EV_APP0342_FIRST_INTERVIEW_TECHNICAL_ASSESSMENT_M1_SKILL_02
DC_APP0342_M1_SKILL_02_000261,OB_FIRST_PANEL_10_HIRING_MANAGER_EV_APP0342_FIRST_INTERVIEW_TECHNICAL_ASSESSMENT_M1_SKILL_02
DC_APP0342_M1_SKILL_02_000261,OB_FIRST_PANEL_10_TECHNICAL_REVIEWER_EV_APP0342_FIRST_INTERVIEW_TECHNICAL_ASSESSMENT_M1_SKILL_02
DC_APP0342_M1_SKILL_03_000262,OB_DOCUMENT_SCREEN_PANEL_01_RECRUITER_EV_XP_APP0342_01_BUILD_M1_SKILL_03
DC_APP0342_M1_SKILL_03_000262,OB_DOCUMENT_SCREEN_PANEL_01_RECRUITER_EV_XP_APP0342_01_VALIDATE_M1_SKILL_03
DC_APP0342_M1_SKILL_03_000262,OB_DOCUMENT_SCREEN_PANEL_01_RECRUITER_EV_XP_APP0342_02_VALIDATE_M1_SKILL_03
DC_APP0342_M1_SKILL_03_000262,OB_REVIEW_ML_01_EV_APP0342_PRE_ASSESSMENT_CODING_TEST_M1_SKILL_03
DC_APP0342_M1_SKILL_03_000262,OB_REVIEW_HM_01_EV_APP0342_PRE_ASSESSMENT_CODING_TEST_M1_SKILL_03
DC_APP0342_M1_SKILL_03_000262,OB_FIRST_PANEL_10_ML_ENGINEER_EV_APP0342_FIRST_INTERVIEW_AI_CASE_M1_SKILL_03
DC_APP0342_M1_SKILL_03_000262,OB_FIRST_PANEL_10_HIRING_MANAGER_EV_APP0342_FIRST_INTERVIEW_AI_CASE_M1_SKILL_03
DC_APP0342_M1_SKILL_03_000262,OB_FIRST_PANEL_10_TECHNICAL_REVIEWER_EV_APP0342_FIRST_INTERVIEW_AI_CASE_M1_SKILL_03
DC_APP0342_M1_SKILL_04_000263,OB_FIRST_PANEL_10_ML_ENGINEER_EV_APP0342_FIRST_INTERVIEW_PRACTITIONER_QA_M1_SKILL_04
DC_APP0342_M1_SKILL_04_000263,OB_FIRST_PANEL_10_HIRING_MANAGER_EV_APP0342_FIRST_INTERVIEW_PRACTITIONER_QA_M1_SKILL_04
DC_APP0342_M1_SKILL_04_000263,OB_FIRST_PANEL_10_TECHNICAL_REVIEWER_EV_APP0342_FIRST_INTERVIEW_PRACTITIONER_QA_M1_SKILL_04
DC_APP0342_M1_SKILL_05_000264,OB_FIRST_PANEL_10_ML_ENGINEER_EV_APP0342_FIRST_INTERVIEW_PRACTITIONER_QA_M1_SKILL_05
DC_APP0342_M1_SKILL_05_000264,OB_FIRST_PANEL_10_HIRING_MANAGER_EV_APP0342_FIRST_INTERVIEW_PRACTITIONER_QA_M1_SKILL_05
DC_APP0342_M1_SKILL_05_000264,OB_FIRST_PANEL_10_TECHNICAL_REVIEWER_EV_APP0342_FIRST_INTERVIEW_PRACTITIONER_QA_M1_SKILL_05
DC_APP0342_M1_SKILL_06_000265,OB_FIRST_PANEL_10_ML_ENGINEER_EV_APP0342_FIRST_INTERVIEW_PRACTITIONER_QA_M1_SKILL_06
DC_APP0342_M1_SKILL_06_000265,OB_FIRST_PANEL_10_HIRING_MANAGER_EV_APP0342_FIRST_INTERVIEW_PRACTITIONER_QA_M1_SKILL_06
DC_APP0342_M1_SKILL_06_000265,OB_FIRST_PANEL_10_TECHNICAL_REVIEWER_EV_APP0342_FIRST_INTERVIEW_PRACTITIONER_QA_M1_SKILL_06
DC_APP0342_M1_SKILL_07_000266,OB_FIRST_PANEL_10_ML_ENGINEER_EV_APP0342_FIRST_INTERVIEW_TECHNICAL_ASSESSMENT_M1_SKILL_07
DC_APP0342_M1_SKILL_07_000266,OB_FIRST_PANEL_10_HIRING_MANAGER_EV_APP0342_FIRST_INTERVIEW_TECHNICAL_ASSESSMENT_M1_SKILL_07
DC_APP0342_M1_SKILL_07_000266,OB_FIRST_PANEL_10_TECHNICAL_REVIEWER_EV_APP0342_FIRST_INTERVIEW_TECHNICAL_ASSESSMENT_M1_SKILL_07
DC_APP0342_M1_SKILL_08_000267,OB_FIRST_PANEL_10_ML_ENGINEER_EV_APP0342_FIRST_INTERVIEW_PRACTITIONER_QA_M1_SKILL_08
DC_APP0342_M1_SKILL_08_000267,OB_FIRST_PANEL_10_HIRING_MANAGER_EV_APP0342_FIRST_INTERVIEW_PRACTITIONER_QA_M1_SKILL_08
DC_APP0342_M1_SKILL_08_000267,OB_FIRST_PANEL_10_TECHNICAL_REVIEWER_EV_APP0342_FIRST_INTERVIEW_PRACTITIONER_QA_M1_SKILL_08
DC_APP0082_M1_SKILL_01_000268,OB_DOCUMENT_SCREEN_PANEL_01_RECRUITER_EV_XP_APP0082_01_PROBLEM_M1_SKILL_01
DC_APP0082_M1_SKILL_01_000268,OB_DOCUMENT_SCREEN_PANEL_01_RECRUITER_EV_XP_APP0082_02_PROBLEM_M1_SKILL_01
DC_APP0082_M1_SKILL_01_000268,OB_FIRST_PANEL_09_ML_ENGINEER_EV_APP0082_FIRST_INTERVIEW_TECHNICAL_ASSESSMENT_M1_SKILL_01
DC_APP0082_M1_SKILL_01_000268,OB_FIRST_PANEL_09_HIRING_MANAGER_EV_APP0082_FIRST_INTERVIEW_TECHNICAL_ASSESSMENT_M1_SKILL_01
DC_APP0082_M1_SKILL_01_000268,OB_FIRST_PANEL_09_TECHNICAL_REVIEWER_EV_APP0082_FIRST_INTERVIEW_TECHNICAL_ASSESSMENT_M1_SKILL_01
DC_APP0082_M1_SKILL_01_000268,OB_FIRST_PANEL_09_ML_ENGINEER_EV_APP0082_FIRST_INTERVIEW_AI_CASE_M1_SKILL_01
DC_APP0082_M1_SKILL_01_000268,OB_FIRST_PANEL_09_HIRING_MANAGER_EV_APP0082_FIRST_INTERVIEW_AI_CASE_M1_SKILL_01
DC_APP0082_M1_SKILL_01_000268,OB_FIRST_PANEL_09_TECHNICAL_REVIEWER_EV_APP0082_FIRST_INTERVIEW_AI_CASE_M1_SKILL_01
DC_APP0082_M1_SKILL_02_000269,OB_FIRST_PANEL_09_ML_ENGINEER_EV_APP0082_FIRST_INTERVIEW_TECHNICAL_ASSESSMENT_M1_SKILL_02
DC_APP0082_M1_SKILL_02_000269,OB_FIRST_PANEL_09_HIRING_MANAGER_EV_APP0082_FIRST_INTERVIEW_TECHNICAL_ASSESSMENT_M1_SKILL_02
DC_APP0082_M1_SKILL_02_000269,OB_FIRST_PANEL_09_TECHNICAL_REVIEWER_EV_APP0082_FIRST_INTERVIEW_TECHNICAL_ASSESSMENT_M1_SKILL_02
DC_APP0082_M1_SKILL_03_000270,OB_DOCUMENT_SCREEN_PANEL_01_RECRUITER_EV_XP_APP0082_01_VALIDATE_M1_SKILL_03
DC_APP0082_M1_SKILL_03_000270,OB_REVIEW_ML_01_EV_APP0082_PRE_ASSESSMENT_CODING_TEST_M1_SKILL_03
DC_APP0082_M1_SKILL_03_000270,OB_REVIEW_HM_01_EV_APP0082_PRE_ASSESSMENT_CODING_TEST_M1_SKILL_03
DC_APP0082_M1_SKILL_03_000270,OB_FIRST_PANEL_09_ML_ENGINEER_EV_APP0082_FIRST_INTERVIEW_AI_CASE_M1_SKILL_03
DC_APP0082_M1_SKILL_03_000270,OB_FIRST_PANEL_09_HIRING_MANAGER_EV_APP0082_FIRST_INTERVIEW_AI_CASE_M1_SKILL_03
DC_APP0082_M1_SKILL_03_000270,OB_FIRST_PANEL_09_TECHNICAL_REVIEWER_EV_APP0082_FIRST_INTERVIEW_AI_CASE_M1_SKILL_03
DC_APP0082_M1_SKILL_04_000271,OB_FIRST_PANEL_09_ML_ENGINEER_EV_APP0082_FIRST_INTERVIEW_PRACTITIONER_QA_M1_SKILL_04
DC_APP0082_M1_SKILL_04_000271,OB_FIRST_PANEL_09_HIRING_MANAGER_EV_APP0082_FIRST_INTERVIEW_PRACTITIONER_QA_M1_SKILL_04
DC_APP0082_M1_SKILL_04_000271,OB_FIRST_PANEL_09_TECHNICAL_REVIEWER_EV_APP0082_FIRST_INTERVIEW_PRACTITIONER_QA_M1_SKILL_04
DC_APP0082_M1_SKILL_04_000271,OB_SECOND_INTERVIEW_PANEL_01_ML_ENGINEER_EV_APP0082_SECOND_INTERVIEW_VALUES_BEHAVIOR_INTERVIEW_M1_SKILL_04
DC_APP0082_M1_SKILL_04_000271,OB_SECOND_INTERVIEW_PANEL_01_HIRING_MANAGER_EV_APP0082_SECOND_INTERVIEW_VALUES_BEHAVIOR_INTERVIEW_M1_SKILL_04
DC_APP0082_M1_SKILL_05_000272,OB_FIRST_PANEL_09_ML_ENGINEER_EV_APP0082_FIRST_INTERVIEW_PRACTITIONER_QA_M1_SKILL_05
DC_APP0082_M1_SKILL_05_000272,OB_FIRST_PANEL_09_HIRING_MANAGER_EV_APP0082_FIRST_INTERVIEW_PRACTITIONER_QA_M1_SKILL_05
DC_APP0082_M1_SKILL_05_000272,OB_FIRST_PANEL_09_TECHNICAL_REVIEWER_EV_APP0082_FIRST_INTERVIEW_PRACTITIONER_QA_M1_SKILL_05
DC_APP0082_M1_SKILL_05_000272,OB_SECOND_INTERVIEW_PANEL_01_ML_ENGINEER_EV_APP0082_SECOND_INTERVIEW_VALUES_BEHAVIOR_INTERVIEW_M1_SKILL_05
DC_APP0082_M1_SKILL_05_000272,OB_SECOND_INTERVIEW_PANEL_01_HIRING_MANAGER_EV_APP0082_SECOND_INTERVIEW_VALUES_BEHAVIOR_INTERVIEW_M1_SKILL_05
DC_APP0082_M1_SKILL_06_000273,OB_FIRST_PANEL_09_ML_ENGINEER_EV_APP0082_FIRST_INTERVIEW_PRACTITIONER_QA_M1_SKILL_06
DC_APP0082_M1_SKILL_06_000273,OB_FIRST_PANEL_09_HIRING_MANAGER_EV_APP0082_FIRST_INTERVIEW_PRACTITIONER_QA_M1_SKILL_06
DC_APP0082_M1_SKILL_06_000273,OB_FIRST_PANEL_09_TECHNICAL_REVIEWER_EV_APP0082_FIRST_INTERVIEW_PRACTITIONER_QA_M1_SKILL_06
DC_APP0082_M1_SKILL_07_000274,OB_FIRST_PANEL_09_ML_ENGINEER_EV_APP0082_FIRST_INTERVIEW_TECHNICAL_ASSESSMENT_M1_SKILL_07
DC_APP0082_M1_SKILL_07_000274,OB_FIRST_PANEL_09_HIRING_MANAGER_EV_APP0082_FIRST_INTERVIEW_TECHNICAL_ASSESSMENT_M1_SKILL_07
DC_APP0082_M1_SKILL_07_000274,OB_FIRST_PANEL_09_TECHNICAL_REVIEWER_EV_APP0082_FIRST_INTERVIEW_TECHNICAL_ASSESSMENT_M1_SKILL_07
DC_APP0082_M1_SKILL_08_000275,OB_FIRST_PANEL_09_ML_ENGINEER_EV_APP0082_FIRST_INTERVIEW_PRACTITIONER_QA_M1_SKILL_08
DC_APP0082_M1_SKILL_08_000275,OB_FIRST_PANEL_09_HIRING_MANAGER_EV_APP0082_FIRST_INTERVIEW_PRACTITIONER_QA_M1_SKILL_08
DC_APP0082_M1_SKILL_08_000275,OB_FIRST_PANEL_09_TECHNICAL_REVIEWER_EV_APP0082_FIRST_INTERVIEW_PRACTITIONER_QA_M1_SKILL_08
DC_APP0005_M1_SKILL_01_000276,OB_DOCUMENT_SCREEN_PANEL_01_RECRUITER_EV_XP_APP0005_01_PROBLEM_M1_SKILL_01
DC_APP0005_M1_SKILL_01_000276,OB_DOCUMENT_SCREEN_PANEL_01_RECRUITER_EV_XP_APP0005_02_PROBLEM_M1_SKILL_01
DC_APP0005_M1_SKILL_01_000276,OB_FIRST_PANEL_01_ML_ENGINEER_EV_APP0005_FIRST_INTERVIEW_TECHNICAL_ASSESSMENT_M1_SKILL_01
DC_APP0005_M1_SKILL_01_000276,OB_FIRST_PANEL_01_HIRING_MANAGER_EV_APP0005_FIRST_INTERVIEW_TECHNICAL_ASSESSMENT_M1_SKILL_01
DC_APP0005_M1_SKILL_01_000276,OB_FIRST_PANEL_01_TECHNICAL_REVIEWER_EV_APP0005_FIRST_INTERVIEW_TECHNICAL_ASSESSMENT_M1_SKILL_01
DC_APP0005_M1_SKILL_01_000276,OB_FIRST_PANEL_01_ML_ENGINEER_EV_APP0005_FIRST_INTERVIEW_AI_CASE_M1_SKILL_01
DC_APP0005_M1_SKILL_01_000276,OB_FIRST_PANEL_01_HIRING_MANAGER_EV_APP0005_FIRST_INTERVIEW_AI_CASE_M1_SKILL_01
DC_APP0005_M1_SKILL_01_000276,OB_FIRST_PANEL_01_TECHNICAL_REVIEWER_EV_APP0005_FIRST_INTERVIEW_AI_CASE_M1_SKILL_01
DC_APP0005_M1_SKILL_02_000277,OB_FIRST_PANEL_01_ML_ENGINEER_EV_APP0005_FIRST_INTERVIEW_TECHNICAL_ASSESSMENT_M1_SKILL_02
DC_APP0005_M1_SKILL_02_000277,OB_FIRST_PANEL_01_HIRING_MANAGER_EV_APP0005_FIRST_INTERVIEW_TECHNICAL_ASSESSMENT_M1_SKILL_02
DC_APP0005_M1_SKILL_02_000277,OB_FIRST_PANEL_01_TECHNICAL_REVIEWER_EV_APP0005_FIRST_INTERVIEW_TECHNICAL_ASSESSMENT_M1_SKILL_02
DC_APP0005_M1_SKILL_03_000278,OB_DOCUMENT_SCREEN_PANEL_01_RECRUITER_EV_XP_APP0005_01_VALIDATE_M1_SKILL_03
DC_APP0005_M1_SKILL_03_000278,OB_DOCUMENT_SCREEN_PANEL_01_RECRUITER_EV_XP_APP0005_02_VALIDATE_M1_SKILL_03
DC_APP0005_M1_SKILL_03_000278,OB_REVIEW_ML_01_EV_APP0005_PRE_ASSESSMENT_CODING_TEST_M1_SKILL_03
DC_APP0005_M1_SKILL_03_000278,OB_REVIEW_HM_01_EV_APP0005_PRE_ASSESSMENT_CODING_TEST_M1_SKILL_03
DC_APP0005_M1_SKILL_03_000278,OB_FIRST_PANEL_01_ML_ENGINEER_EV_APP0005_FIRST_INTERVIEW_AI_CASE_M1_SKILL_03
DC_APP0005_M1_SKILL_03_000278,OB_FIRST_PANEL_01_HIRING_MANAGER_EV_APP0005_FIRST_INTERVIEW_AI_CASE_M1_SKILL_03
DC_APP0005_M1_SKILL_03_000278,OB_FIRST_PANEL_01_TECHNICAL_REVIEWER_EV_APP0005_FIRST_INTERVIEW_AI_CASE_M1_SKILL_03
DC_APP0005_M1_SKILL_04_000279,OB_FIRST_PANEL_01_ML_ENGINEER_EV_APP0005_FIRST_INTERVIEW_PRACTITIONER_QA_M1_SKILL_04
DC_APP0005_M1_SKILL_04_000279,OB_FIRST_PANEL_01_HIRING_MANAGER_EV_APP0005_FIRST_INTERVIEW_PRACTITIONER_QA_M1_SKILL_04
DC_APP0005_M1_SKILL_04_000279,OB_FIRST_PANEL_01_TECHNICAL_REVIEWER_EV_APP0005_FIRST_INTERVIEW_PRACTITIONER_QA_M1_SKILL_04
DC_APP0005_M1_SKILL_04_000279,OB_SECOND_INTERVIEW_PANEL_01_ML_ENGINEER_EV_APP0005_SECOND_INTERVIEW_VALUES_BEHAVIOR_INTERVIEW_M1_SKILL_04
DC_APP0005_M1_SKILL_04_000279,OB_SECOND_INTERVIEW_PANEL_01_HIRING_MANAGER_EV_APP0005_SECOND_INTERVIEW_VALUES_BEHAVIOR_INTERVIEW_M1_SKILL_04
DC_APP0005_M1_SKILL_05_000280,OB_FIRST_PANEL_01_ML_ENGINEER_EV_APP0005_FIRST_INTERVIEW_PRACTITIONER_QA_M1_SKILL_05
DC_APP0005_M1_SKILL_05_000280,OB_FIRST_PANEL_01_HIRING_MANAGER_EV_APP0005_FIRST_INTERVIEW_PRACTITIONER_QA_M1_SKILL_05
DC_APP0005_M1_SKILL_05_000280,OB_FIRST_PANEL_01_TECHNICAL_REVIEWER_EV_APP0005_FIRST_INTERVIEW_PRACTITIONER_QA_M1_SKILL_05
DC_APP0005_M1_SKILL_05_000280,OB_SECOND_INTERVIEW_PANEL_01_ML_ENGINEER_EV_APP0005_SECOND_INTERVIEW_VALUES_BEHAVIOR_INTERVIEW_M1_SKILL_05
DC_APP0005_M1_SKILL_05_000280,OB_SECOND_INTERVIEW_PANEL_01_HIRING_MANAGER_EV_APP0005_SECOND_INTERVIEW_VALUES_BEHAVIOR_INTERVIEW_M1_SKILL_05
DC_APP0005_M1_SKILL_06_000281,OB_FIRST_PANEL_01_ML_ENGINEER_EV_APP0005_FIRST_INTERVIEW_PRACTITIONER_QA_M1_SKILL_06
DC_APP0005_M1_SKILL_06_000281,OB_FIRST_PANEL_01_HIRING_MANAGER_EV_APP0005_FIRST_INTERVIEW_PRACTITIONER_QA_M1_SKILL_06
DC_APP0005_M1_SKILL_06_000281,OB_FIRST_PANEL_01_TECHNICAL_REVIEWER_EV_APP0005_FIRST_INTERVIEW_PRACTITIONER_QA_M1_SKILL_06
DC_APP0005_M1_SKILL_07_000282,OB_FIRST_PANEL_01_ML_ENGINEER_EV_APP0005_FIRST_INTERVIEW_TECHNICAL_ASSESSMENT_M1_SKILL_07
DC_APP0005_M1_SKILL_07_000282,OB_FIRST_PANEL_01_HIRING_MANAGER_EV_APP0005_FIRST_INTERVIEW_TECHNICAL_ASSESSMENT_M1_SKILL_07
DC_APP0005_M1_SKILL_07_000282,OB_FIRST_PANEL_01_TECHNICAL_REVIEWER_EV_APP0005_FIRST_INTERVIEW_TECHNICAL_ASSESSMENT_M1_SKILL_07
DC_APP0005_M1_SKILL_08_000283,OB_FIRST_PANEL_01_ML_ENGINEER_EV_APP0005_FIRST_INTERVIEW_PRACTITIONER_QA_M1_SKILL_08
DC_APP0005_M1_SKILL_08_000283,OB_FIRST_PANEL_01_HIRING_MANAGER_EV_APP0005_FIRST_INTERVIEW_PRACTITIONER_QA_M1_SKILL_08
DC_APP0005_M1_SKILL_08_000283,OB_FIRST_PANEL_01_TECHNICAL_REVIEWER_EV_APP0005_FIRST_INTERVIEW_PRACTITIONER_QA_M1_SKILL_08
DC_APP0181_M1_SKILL_01_000284,OB_FIRST_PANEL_06_ML_ENGINEER_EV_APP0181_FIRST_INTERVIEW_TECHNICAL_ASSESSMENT_M1_SKILL_01
DC_APP0181_M1_SKILL_01_000284,OB_FIRST_PANEL_06_HIRING_MANAGER_EV_APP0181_FIRST_INTERVIEW_TECHNICAL_ASSESSMENT_M1_SKILL_01
DC_APP0181_M1_SKILL_01_000284,OB_FIRST_PANEL_06_TECHNICAL_REVIEWER_EV_APP0181_FIRST_INTERVIEW_TECHNICAL_ASSESSMENT_M1_SKILL_01
DC_APP0181_M1_SKILL_01_000284,OB_FIRST_PANEL_06_ML_ENGINEER_EV_APP0181_FIRST_INTERVIEW_AI_CASE_M1_SKILL_01
DC_APP0181_M1_SKILL_01_000284,OB_FIRST_PANEL_06_HIRING_MANAGER_EV_APP0181_FIRST_INTERVIEW_AI_CASE_M1_SKILL_01
DC_APP0181_M1_SKILL_01_000284,OB_FIRST_PANEL_06_TECHNICAL_REVIEWER_EV_APP0181_FIRST_INTERVIEW_AI_CASE_M1_SKILL_01
DC_APP0181_M1_SKILL_02_000285,OB_FIRST_PANEL_06_ML_ENGINEER_EV_APP0181_FIRST_INTERVIEW_TECHNICAL_ASSESSMENT_M1_SKILL_02
DC_APP0181_M1_SKILL_02_000285,OB_FIRST_PANEL_06_HIRING_MANAGER_EV_APP0181_FIRST_INTERVIEW_TECHNICAL_ASSESSMENT_M1_SKILL_02
DC_APP0181_M1_SKILL_02_000285,OB_FIRST_PANEL_06_TECHNICAL_REVIEWER_EV_APP0181_FIRST_INTERVIEW_TECHNICAL_ASSESSMENT_M1_SKILL_02
DC_APP0181_M1_SKILL_03_000286,OB_DOCUMENT_SCREEN_PANEL_01_RECRUITER_EV_XP_APP0181_01_VALIDATE_M1_SKILL_03
DC_APP0181_M1_SKILL_03_000286,OB_DOCUMENT_SCREEN_PANEL_01_RECRUITER_EV_XP_APP0181_02_BUILD_M1_SKILL_03
DC_APP0181_M1_SKILL_03_000286,OB_DOCUMENT_SCREEN_PANEL_01_RECRUITER_EV_XP_APP0181_02_VALIDATE_M1_SKILL_03
DC_APP0181_M1_SKILL_03_000286,OB_REVIEW_ML_01_EV_APP0181_PRE_ASSESSMENT_CODING_TEST_M1_SKILL_03
DC_APP0181_M1_SKILL_03_000286,OB_REVIEW_HM_01_EV_APP0181_PRE_ASSESSMENT_CODING_TEST_M1_SKILL_03
DC_APP0181_M1_SKILL_03_000286,OB_FIRST_PANEL_06_ML_ENGINEER_EV_APP0181_FIRST_INTERVIEW_AI_CASE_M1_SKILL_03
DC_APP0181_M1_SKILL_03_000286,OB_FIRST_PANEL_06_HIRING_MANAGER_EV_APP0181_FIRST_INTERVIEW_AI_CASE_M1_SKILL_03
DC_APP0181_M1_SKILL_03_000286,OB_FIRST_PANEL_06_TECHNICAL_REVIEWER_EV_APP0181_FIRST_INTERVIEW_AI_CASE_M1_SKILL_03
DC_APP0181_M1_SKILL_04_000287,OB_FIRST_PANEL_06_ML_ENGINEER_EV_APP0181_FIRST_INTERVIEW_PRACTITIONER_QA_M1_SKILL_04
DC_APP0181_M1_SKILL_04_000287,OB_FIRST_PANEL_06_HIRING_MANAGER_EV_APP0181_FIRST_INTERVIEW_PRACTITIONER_QA_M1_SKILL_04
DC_APP0181_M1_SKILL_04_000287,OB_FIRST_PANEL_06_TECHNICAL_REVIEWER_EV_APP0181_FIRST_INTERVIEW_PRACTITIONER_QA_M1_SKILL_04
DC_APP0181_M1_SKILL_04_000287,OB_SECOND_INTERVIEW_PANEL_01_ML_ENGINEER_EV_APP0181_SECOND_INTERVIEW_VALUES_BEHAVIOR_INTERVIEW_M1_SKILL_04
DC_APP0181_M1_SKILL_04_000287,OB_SECOND_INTERVIEW_PANEL_01_HIRING_MANAGER_EV_APP0181_SECOND_INTERVIEW_VALUES_BEHAVIOR_INTERVIEW_M1_SKILL_04
DC_APP0181_M1_SKILL_05_000288,OB_FIRST_PANEL_06_ML_ENGINEER_EV_APP0181_FIRST_INTERVIEW_PRACTITIONER_QA_M1_SKILL_05
DC_APP0181_M1_SKILL_05_000288,OB_FIRST_PANEL_06_HIRING_MANAGER_EV_APP0181_FIRST_INTERVIEW_PRACTITIONER_QA_M1_SKILL_05
DC_APP0181_M1_SKILL_05_000288,OB_FIRST_PANEL_06_TECHNICAL_REVIEWER_EV_APP0181_FIRST_INTERVIEW_PRACTITIONER_QA_M1_SKILL_05
DC_APP0181_M1_SKILL_05_000288,OB_SECOND_INTERVIEW_PANEL_01_ML_ENGINEER_EV_APP0181_SECOND_INTERVIEW_VALUES_BEHAVIOR_INTERVIEW_M1_SKILL_05
DC_APP0181_M1_SKILL_05_000288,OB_SECOND_INTERVIEW_PANEL_01_HIRING_MANAGER_EV_APP0181_SECOND_INTERVIEW_VALUES_BEHAVIOR_INTERVIEW_M1_SKILL_05
DC_APP0181_M1_SKILL_06_000289,OB_FIRST_PANEL_06_ML_ENGINEER_EV_APP0181_FIRST_INTERVIEW_PRACTITIONER_QA_M1_SKILL_06
DC_APP0181_M1_SKILL_06_000289,OB_FIRST_PANEL_06_HIRING_MANAGER_EV_APP0181_FIRST_INTERVIEW_PRACTITIONER_QA_M1_SKILL_06
DC_APP0181_M1_SKILL_06_000289,OB_FIRST_PANEL_06_TECHNICAL_REVIEWER_EV_APP0181_FIRST_INTERVIEW_PRACTITIONER_QA_M1_SKILL_06
DC_APP0181_M1_SKILL_07_000290,OB_FIRST_PANEL_06_ML_ENGINEER_EV_APP0181_FIRST_INTERVIEW_TECHNICAL_ASSESSMENT_M1_SKILL_07
DC_APP0181_M1_SKILL_07_000290,OB_FIRST_PANEL_06_HIRING_MANAGER_EV_APP0181_FIRST_INTERVIEW_TECHNICAL_ASSESSMENT_M1_SKILL_07
DC_APP0181_M1_SKILL_07_000290,OB_FIRST_PANEL_06_TECHNICAL_REVIEWER_EV_APP0181_FIRST_INTERVIEW_TECHNICAL_ASSESSMENT_M1_SKILL_07
DC_APP0181_M1_SKILL_08_000291,OB_FIRST_PANEL_06_ML_ENGINEER_EV_APP0181_FIRST_INTERVIEW_PRACTITIONER_QA_M1_SKILL_08
DC_APP0181_M1_SKILL_08_000291,OB_FIRST_PANEL_06_HIRING_MANAGER_EV_APP0181_FIRST_INTERVIEW_PRACTITIONER_QA_M1_SKILL_08
DC_APP0181_M1_SKILL_08_000291,OB_FIRST_PANEL_06_TECHNICAL_REVIEWER_EV_APP0181_FIRST_INTERVIEW_PRACTITIONER_QA_M1_SKILL_08
DC_APP0342_M1_SKILL_01_000292,OB_DOCUMENT_SCREEN_PANEL_01_RECRUITER_EV_XP_APP0342_02_PROBLEM_M1_SKILL_01
DC_APP0342_M1_SKILL_01_000292,OB_FIRST_PANEL_10_ML_ENGINEER_EV_APP0342_FIRST_INTERVIEW_TECHNICAL_ASSESSMENT_M1_SKILL_01
DC_APP0342_M1_SKILL_01_000292,OB_FIRST_PANEL_10_HIRING_MANAGER_EV_APP0342_FIRST_INTERVIEW_TECHNICAL_ASSESSMENT_M1_SKILL_01
DC_APP0342_M1_SKILL_01_000292,OB_FIRST_PANEL_10_TECHNICAL_REVIEWER_EV_APP0342_FIRST_INTERVIEW_TECHNICAL_ASSESSMENT_M1_SKILL_01
DC_APP0342_M1_SKILL_01_000292,OB_FIRST_PANEL_10_ML_ENGINEER_EV_APP0342_FIRST_INTERVIEW_AI_CASE_M1_SKILL_01
DC_APP0342_M1_SKILL_01_000292,OB_FIRST_PANEL_10_HIRING_MANAGER_EV_APP0342_FIRST_INTERVIEW_AI_CASE_M1_SKILL_01
DC_APP0342_M1_SKILL_01_000292,OB_FIRST_PANEL_10_TECHNICAL_REVIEWER_EV_APP0342_FIRST_INTERVIEW_AI_CASE_M1_SKILL_01
DC_APP0342_M1_SKILL_02_000293,OB_FIRST_PANEL_10_ML_ENGINEER_EV_APP0342_FIRST_INTERVIEW_TECHNICAL_ASSESSMENT_M1_SKILL_02
DC_APP0342_M1_SKILL_02_000293,OB_FIRST_PANEL_10_HIRING_MANAGER_EV_APP0342_FIRST_INTERVIEW_TECHNICAL_ASSESSMENT_M1_SKILL_02
DC_APP0342_M1_SKILL_02_000293,OB_FIRST_PANEL_10_TECHNICAL_REVIEWER_EV_APP0342_FIRST_INTERVIEW_TECHNICAL_ASSESSMENT_M1_SKILL_02
DC_APP0342_M1_SKILL_03_000294,OB_DOCUMENT_SCREEN_PANEL_01_RECRUITER_EV_XP_APP0342_01_BUILD_M1_SKILL_03
DC_APP0342_M1_SKILL_03_000294,OB_DOCUMENT_SCREEN_PANEL_01_RECRUITER_EV_XP_APP0342_01_VALIDATE_M1_SKILL_03
DC_APP0342_M1_SKILL_03_000294,OB_DOCUMENT_SCREEN_PANEL_01_RECRUITER_EV_XP_APP0342_02_VALIDATE_M1_SKILL_03
DC_APP0342_M1_SKILL_03_000294,OB_REVIEW_ML_01_EV_APP0342_PRE_ASSESSMENT_CODING_TEST_M1_SKILL_03
DC_APP0342_M1_SKILL_03_000294,OB_REVIEW_HM_01_EV_APP0342_PRE_ASSESSMENT_CODING_TEST_M1_SKILL_03
DC_APP0342_M1_SKILL_03_000294,OB_FIRST_PANEL_10_ML_ENGINEER_EV_APP0342_FIRST_INTERVIEW_AI_CASE_M1_SKILL_03
DC_APP0342_M1_SKILL_03_000294,OB_FIRST_PANEL_10_HIRING_MANAGER_EV_APP0342_FIRST_INTERVIEW_AI_CASE_M1_SKILL_03
DC_APP0342_M1_SKILL_03_000294,OB_FIRST_PANEL_10_TECHNICAL_REVIEWER_EV_APP0342_FIRST_INTERVIEW_AI_CASE_M1_SKILL_03
DC_APP0342_M1_SKILL_04_000295,OB_FIRST_PANEL_10_ML_ENGINEER_EV_APP0342_FIRST_INTERVIEW_PRACTITIONER_QA_M1_SKILL_04
DC_APP0342_M1_SKILL_04_000295,OB_FIRST_PANEL_10_HIRING_MANAGER_EV_APP0342_FIRST_INTERVIEW_PRACTITIONER_QA_M1_SKILL_04
DC_APP0342_M1_SKILL_04_000295,OB_FIRST_PANEL_10_TECHNICAL_REVIEWER_EV_APP0342_FIRST_INTERVIEW_PRACTITIONER_QA_M1_SKILL_04
DC_APP0342_M1_SKILL_04_000295,OB_SECOND_INTERVIEW_PANEL_01_ML_ENGINEER_EV_APP0342_SECOND_INTERVIEW_VALUES_BEHAVIOR_INTERVIEW_M1_SKILL_04
DC_APP0342_M1_SKILL_04_000295,OB_SECOND_INTERVIEW_PANEL_01_HIRING_MANAGER_EV_APP0342_SECOND_INTERVIEW_VALUES_BEHAVIOR_INTERVIEW_M1_SKILL_04
DC_APP0342_M1_SKILL_05_000296,OB_FIRST_PANEL_10_ML_ENGINEER_EV_APP0342_FIRST_INTERVIEW_PRACTITIONER_QA_M1_SKILL_05
DC_APP0342_M1_SKILL_05_000296,OB_FIRST_PANEL_10_HIRING_MANAGER_EV_APP0342_FIRST_INTERVIEW_PRACTITIONER_QA_M1_SKILL_05
DC_APP0342_M1_SKILL_05_000296,OB_FIRST_PANEL_10_TECHNICAL_REVIEWER_EV_APP0342_FIRST_INTERVIEW_PRACTITIONER_QA_M1_SKILL_05
DC_APP0342_M1_SKILL_05_000296,OB_SECOND_INTERVIEW_PANEL_01_ML_ENGINEER_EV_APP0342_SECOND_INTERVIEW_VALUES_BEHAVIOR_INTERVIEW_M1_SKILL_05
DC_APP0342_M1_SKILL_05_000296,OB_SECOND_INTERVIEW_PANEL_01_HIRING_MANAGER_EV_APP0342_SECOND_INTERVIEW_VALUES_BEHAVIOR_INTERVIEW_M1_SKILL_05
DC_APP0342_M1_SKILL_06_000297,OB_FIRST_PANEL_10_ML_ENGINEER_EV_APP0342_FIRST_INTERVIEW_PRACTITIONER_QA_M1_SKILL_06
DC_APP0342_M1_SKILL_06_000297,OB_FIRST_PANEL_10_HIRING_MANAGER_EV_APP0342_FIRST_INTERVIEW_PRACTITIONER_QA_M1_SKILL_06
DC_APP0342_M1_SKILL_06_000297,OB_FIRST_PANEL_10_TECHNICAL_REVIEWER_EV_APP0342_FIRST_INTERVIEW_PRACTITIONER_QA_M1_SKILL_06
DC_APP0342_M1_SKILL_07_000298,OB_FIRST_PANEL_10_ML_ENGINEER_EV_APP0342_FIRST_INTERVIEW_TECHNICAL_ASSESSMENT_M1_SKILL_07
DC_APP0342_M1_SKILL_07_000298,OB_FIRST_PANEL_10_HIRING_MANAGER_EV_APP0342_FIRST_INTERVIEW_TECHNICAL_ASSESSMENT_M1_SKILL_07
DC_APP0342_M1_SKILL_07_000298,OB_FIRST_PANEL_10_TECHNICAL_REVIEWER_EV_APP0342_FIRST_INTERVIEW_TECHNICAL_ASSESSMENT_M1_SKILL_07
DC_APP0342_M1_SKILL_08_000299,OB_FIRST_PANEL_10_ML_ENGINEER_EV_APP0342_FIRST_INTERVIEW_PRACTITIONER_QA_M1_SKILL_08
DC_APP0342_M1_SKILL_08_000299,OB_FIRST_PANEL_10_HIRING_MANAGER_EV_APP0342_FIRST_INTERVIEW_PRACTITIONER_QA_M1_SKILL_08
DC_APP0342_M1_SKILL_08_000299,OB_FIRST_PANEL_10_TECHNICAL_REVIEWER_EV_APP0342_FIRST_INTERVIEW_PRACTITIONER_QA_M1_SKILL_08
DC_APP0228_M1_SKILL_01_000300,OB_FIRST_PANEL_10_ML_ENGINEER_EV_APP0228_FIRST_INTERVIEW_TECHNICAL_ASSESSMENT_M1_SKILL_01
DC_APP0228_M1_SKILL_01_000300,OB_FIRST_PANEL_10_HIRING_MANAGER_EV_APP0228_FIRST_INTERVIEW_TECHNICAL_ASSESSMENT_M1_SKILL_01
DC_APP0228_M1_SKILL_01_000300,OB_FIRST_PANEL_10_TECHNICAL_REVIEWER_EV_APP0228_FIRST_INTERVIEW_TECHNICAL_ASSESSMENT_M1_SKILL_01
DC_APP0228_M1_SKILL_01_000300,OB_FIRST_PANEL_10_ML_ENGINEER_EV_APP0228_FIRST_INTERVIEW_AI_CASE_M1_SKILL_01
DC_APP0228_M1_SKILL_01_000300,OB_FIRST_PANEL_10_HIRING_MANAGER_EV_APP0228_FIRST_INTERVIEW_AI_CASE_M1_SKILL_01
DC_APP0228_M1_SKILL_01_000300,OB_FIRST_PANEL_10_TECHNICAL_REVIEWER_EV_APP0228_FIRST_INTERVIEW_AI_CASE_M1_SKILL_01
DC_APP0228_M1_SKILL_02_000301,OB_FIRST_PANEL_10_ML_ENGINEER_EV_APP0228_FIRST_INTERVIEW_TECHNICAL_ASSESSMENT_M1_SKILL_02
DC_APP0228_M1_SKILL_02_000301,OB_FIRST_PANEL_10_HIRING_MANAGER_EV_APP0228_FIRST_INTERVIEW_TECHNICAL_ASSESSMENT_M1_SKILL_02
DC_APP0228_M1_SKILL_02_000301,OB_FIRST_PANEL_10_TECHNICAL_REVIEWER_EV_APP0228_FIRST_INTERVIEW_TECHNICAL_ASSESSMENT_M1_SKILL_02
DC_APP0228_M1_SKILL_03_000302,OB_DOCUMENT_SCREEN_PANEL_01_RECRUITER_EV_XP_APP0228_01_BUILD_M1_SKILL_03
DC_APP0228_M1_SKILL_03_000302,OB_DOCUMENT_SCREEN_PANEL_01_RECRUITER_EV_XP_APP0228_01_VALIDATE_M1_SKILL_03
DC_APP0228_M1_SKILL_03_000302,OB_DOCUMENT_SCREEN_PANEL_01_RECRUITER_EV_XP_APP0228_02_BUILD_M1_SKILL_03
DC_APP0228_M1_SKILL_03_000302,OB_DOCUMENT_SCREEN_PANEL_01_RECRUITER_EV_XP_APP0228_02_VALIDATE_M1_SKILL_03
DC_APP0228_M1_SKILL_03_000302,OB_REVIEW_ML_01_EV_APP0228_PRE_ASSESSMENT_CODING_TEST_M1_SKILL_03
DC_APP0228_M1_SKILL_03_000302,OB_REVIEW_HM_01_EV_APP0228_PRE_ASSESSMENT_CODING_TEST_M1_SKILL_03
DC_APP0228_M1_SKILL_03_000302,OB_FIRST_PANEL_10_ML_ENGINEER_EV_APP0228_FIRST_INTERVIEW_AI_CASE_M1_SKILL_03
DC_APP0228_M1_SKILL_03_000302,OB_FIRST_PANEL_10_HIRING_MANAGER_EV_APP0228_FIRST_INTERVIEW_AI_CASE_M1_SKILL_03
DC_APP0228_M1_SKILL_03_000302,OB_FIRST_PANEL_10_TECHNICAL_REVIEWER_EV_APP0228_FIRST_INTERVIEW_AI_CASE_M1_SKILL_03
DC_APP0228_M1_SKILL_04_000303,OB_FIRST_PANEL_10_ML_ENGINEER_EV_APP0228_FIRST_INTERVIEW_PRACTITIONER_QA_M1_SKILL_04
DC_APP0228_M1_SKILL_04_000303,OB_FIRST_PANEL_10_HIRING_MANAGER_EV_APP0228_FIRST_INTERVIEW_PRACTITIONER_QA_M1_SKILL_04
DC_APP0228_M1_SKILL_04_000303,OB_FIRST_PANEL_10_TECHNICAL_REVIEWER_EV_APP0228_FIRST_INTERVIEW_PRACTITIONER_QA_M1_SKILL_04
DC_APP0228_M1_SKILL_04_000303,OB_SECOND_INTERVIEW_PANEL_01_ML_ENGINEER_EV_APP0228_SECOND_INTERVIEW_VALUES_BEHAVIOR_INTERVIEW_M1_SKILL_04
DC_APP0228_M1_SKILL_04_000303,OB_SECOND_INTERVIEW_PANEL_01_HIRING_MANAGER_EV_APP0228_SECOND_INTERVIEW_VALUES_BEHAVIOR_INTERVIEW_M1_SKILL_04
DC_APP0228_M1_SKILL_05_000304,OB_FIRST_PANEL_10_ML_ENGINEER_EV_APP0228_FIRST_INTERVIEW_PRACTITIONER_QA_M1_SKILL_05
DC_APP0228_M1_SKILL_05_000304,OB_FIRST_PANEL_10_HIRING_MANAGER_EV_APP0228_FIRST_INTERVIEW_PRACTITIONER_QA_M1_SKILL_05
DC_APP0228_M1_SKILL_05_000304,OB_FIRST_PANEL_10_TECHNICAL_REVIEWER_EV_APP0228_FIRST_INTERVIEW_PRACTITIONER_QA_M1_SKILL_05
DC_APP0228_M1_SKILL_05_000304,OB_SECOND_INTERVIEW_PANEL_01_ML_ENGINEER_EV_APP0228_SECOND_INTERVIEW_VALUES_BEHAVIOR_INTERVIEW_M1_SKILL_05
DC_APP0228_M1_SKILL_05_000304,OB_SECOND_INTERVIEW_PANEL_01_HIRING_MANAGER_EV_APP0228_SECOND_INTERVIEW_VALUES_BEHAVIOR_INTERVIEW_M1_SKILL_05
DC_APP0228_M1_SKILL_06_000305,OB_FIRST_PANEL_10_ML_ENGINEER_EV_APP0228_FIRST_INTERVIEW_PRACTITIONER_QA_M1_SKILL_06
DC_APP0228_M1_SKILL_06_000305,OB_FIRST_PANEL_10_HIRING_MANAGER_EV_APP0228_FIRST_INTERVIEW_PRACTITIONER_QA_M1_SKILL_06
DC_APP0228_M1_SKILL_06_000305,OB_FIRST_PANEL_10_TECHNICAL_REVIEWER_EV_APP0228_FIRST_INTERVIEW_PRACTITIONER_QA_M1_SKILL_06
DC_APP0228_M1_SKILL_07_000306,OB_FIRST_PANEL_10_ML_ENGINEER_EV_APP0228_FIRST_INTERVIEW_TECHNICAL_ASSESSMENT_M1_SKILL_07
DC_APP0228_M1_SKILL_07_000306,OB_FIRST_PANEL_10_HIRING_MANAGER_EV_APP0228_FIRST_INTERVIEW_TECHNICAL_ASSESSMENT_M1_SKILL_07
DC_APP0228_M1_SKILL_07_000306,OB_FIRST_PANEL_10_TECHNICAL_REVIEWER_EV_APP0228_FIRST_INTERVIEW_TECHNICAL_ASSESSMENT_M1_SKILL_07
DC_APP0228_M1_SKILL_08_000307,OB_FIRST_PANEL_10_ML_ENGINEER_EV_APP0228_FIRST_INTERVIEW_PRACTITIONER_QA_M1_SKILL_08
DC_APP0228_M1_SKILL_08_000307,OB_FIRST_PANEL_10_HIRING_MANAGER_EV_APP0228_FIRST_INTERVIEW_PRACTITIONER_QA_M1_SKILL_08
DC_APP0228_M1_SKILL_08_000307,OB_FIRST_PANEL_10_TECHNICAL_REVIEWER_EV_APP0228_FIRST_INTERVIEW_PRACTITIONER_QA_M1_SKILL_08
DC_APP0285_M1_SKILL_01_000308,OB_DOCUMENT_SCREEN_PANEL_01_RECRUITER_EV_XP_APP0285_01_PROBLEM_M1_SKILL_01
DC_APP0285_M1_SKILL_01_000308,OB_DOCUMENT_SCREEN_PANEL_01_RECRUITER_EV_XP_APP0285_02_PROBLEM_M1_SKILL_01
DC_APP0285_M1_SKILL_01_000308,OB_FIRST_PANEL_06_ML_ENGINEER_EV_APP0285_FIRST_INTERVIEW_TECHNICAL_ASSESSMENT_M1_SKILL_01
DC_APP0285_M1_SKILL_01_000308,OB_FIRST_PANEL_06_HIRING_MANAGER_EV_APP0285_FIRST_INTERVIEW_TECHNICAL_ASSESSMENT_M1_SKILL_01
DC_APP0285_M1_SKILL_01_000308,OB_FIRST_PANEL_06_TECHNICAL_REVIEWER_EV_APP0285_FIRST_INTERVIEW_TECHNICAL_ASSESSMENT_M1_SKILL_01
DC_APP0285_M1_SKILL_01_000308,OB_FIRST_PANEL_06_ML_ENGINEER_EV_APP0285_FIRST_INTERVIEW_AI_CASE_M1_SKILL_01
DC_APP0285_M1_SKILL_01_000308,OB_FIRST_PANEL_06_HIRING_MANAGER_EV_APP0285_FIRST_INTERVIEW_AI_CASE_M1_SKILL_01
DC_APP0285_M1_SKILL_01_000308,OB_FIRST_PANEL_06_TECHNICAL_REVIEWER_EV_APP0285_FIRST_INTERVIEW_AI_CASE_M1_SKILL_01
DC_APP0285_M1_SKILL_02_000309,OB_FIRST_PANEL_06_ML_ENGINEER_EV_APP0285_FIRST_INTERVIEW_TECHNICAL_ASSESSMENT_M1_SKILL_02
DC_APP0285_M1_SKILL_02_000309,OB_FIRST_PANEL_06_HIRING_MANAGER_EV_APP0285_FIRST_INTERVIEW_TECHNICAL_ASSESSMENT_M1_SKILL_02
DC_APP0285_M1_SKILL_02_000309,OB_FIRST_PANEL_06_TECHNICAL_REVIEWER_EV_APP0285_FIRST_INTERVIEW_TECHNICAL_ASSESSMENT_M1_SKILL_02
DC_APP0285_M1_SKILL_03_000310,OB_DOCUMENT_SCREEN_PANEL_01_RECRUITER_EV_XP_APP0285_01_BUILD_M1_SKILL_03
DC_APP0285_M1_SKILL_03_000310,OB_REVIEW_ML_01_EV_APP0285_PRE_ASSESSMENT_CODING_TEST_M1_SKILL_03
DC_APP0285_M1_SKILL_03_000310,OB_REVIEW_HM_01_EV_APP0285_PRE_ASSESSMENT_CODING_TEST_M1_SKILL_03
DC_APP0285_M1_SKILL_03_000310,OB_FIRST_PANEL_06_ML_ENGINEER_EV_APP0285_FIRST_INTERVIEW_AI_CASE_M1_SKILL_03
DC_APP0285_M1_SKILL_03_000310,OB_FIRST_PANEL_06_HIRING_MANAGER_EV_APP0285_FIRST_INTERVIEW_AI_CASE_M1_SKILL_03
DC_APP0285_M1_SKILL_03_000310,OB_FIRST_PANEL_06_TECHNICAL_REVIEWER_EV_APP0285_FIRST_INTERVIEW_AI_CASE_M1_SKILL_03
DC_APP0285_M1_SKILL_04_000311,OB_FIRST_PANEL_06_ML_ENGINEER_EV_APP0285_FIRST_INTERVIEW_PRACTITIONER_QA_M1_SKILL_04
DC_APP0285_M1_SKILL_04_000311,OB_FIRST_PANEL_06_HIRING_MANAGER_EV_APP0285_FIRST_INTERVIEW_PRACTITIONER_QA_M1_SKILL_04
DC_APP0285_M1_SKILL_04_000311,OB_FIRST_PANEL_06_TECHNICAL_REVIEWER_EV_APP0285_FIRST_INTERVIEW_PRACTITIONER_QA_M1_SKILL_04
DC_APP0285_M1_SKILL_04_000311,OB_SECOND_INTERVIEW_PANEL_01_ML_ENGINEER_EV_APP0285_SECOND_INTERVIEW_VALUES_BEHAVIOR_INTERVIEW_M1_SKILL_04
DC_APP0285_M1_SKILL_04_000311,OB_SECOND_INTERVIEW_PANEL_01_HIRING_MANAGER_EV_APP0285_SECOND_INTERVIEW_VALUES_BEHAVIOR_INTERVIEW_M1_SKILL_04
DC_APP0285_M1_SKILL_05_000312,OB_FIRST_PANEL_06_ML_ENGINEER_EV_APP0285_FIRST_INTERVIEW_PRACTITIONER_QA_M1_SKILL_05
DC_APP0285_M1_SKILL_05_000312,OB_FIRST_PANEL_06_HIRING_MANAGER_EV_APP0285_FIRST_INTERVIEW_PRACTITIONER_QA_M1_SKILL_05
DC_APP0285_M1_SKILL_05_000312,OB_FIRST_PANEL_06_TECHNICAL_REVIEWER_EV_APP0285_FIRST_INTERVIEW_PRACTITIONER_QA_M1_SKILL_05
DC_APP0285_M1_SKILL_05_000312,OB_SECOND_INTERVIEW_PANEL_01_ML_ENGINEER_EV_APP0285_SECOND_INTERVIEW_VALUES_BEHAVIOR_INTERVIEW_M1_SKILL_05
DC_APP0285_M1_SKILL_05_000312,OB_SECOND_INTERVIEW_PANEL_01_HIRING_MANAGER_EV_APP0285_SECOND_INTERVIEW_VALUES_BEHAVIOR_INTERVIEW_M1_SKILL_05
DC_APP0285_M1_SKILL_06_000313,OB_FIRST_PANEL_06_ML_ENGINEER_EV_APP0285_FIRST_INTERVIEW_PRACTITIONER_QA_M1_SKILL_06
DC_APP0285_M1_SKILL_06_000313,OB_FIRST_PANEL_06_HIRING_MANAGER_EV_APP0285_FIRST_INTERVIEW_PRACTITIONER_QA_M1_SKILL_06
DC_APP0285_M1_SKILL_06_000313,OB_FIRST_PANEL_06_TECHNICAL_REVIEWER_EV_APP0285_FIRST_INTERVIEW_PRACTITIONER_QA_M1_SKILL_06
DC_APP0285_M1_SKILL_07_000314,OB_FIRST_PANEL_06_ML_ENGINEER_EV_APP0285_FIRST_INTERVIEW_TECHNICAL_ASSESSMENT_M1_SKILL_07
DC_APP0285_M1_SKILL_07_000314,OB_FIRST_PANEL_06_HIRING_MANAGER_EV_APP0285_FIRST_INTERVIEW_TECHNICAL_ASSESSMENT_M1_SKILL_07
DC_APP0285_M1_SKILL_07_000314,OB_FIRST_PANEL_06_TECHNICAL_REVIEWER_EV_APP0285_FIRST_INTERVIEW_TECHNICAL_ASSESSMENT_M1_SKILL_07
DC_APP0285_M1_SKILL_08_000315,OB_FIRST_PANEL_06_ML_ENGINEER_EV_APP0285_FIRST_INTERVIEW_PRACTITIONER_QA_M1_SKILL_08
DC_APP0285_M1_SKILL_08_000315,OB_FIRST_PANEL_06_HIRING_MANAGER_EV_APP0285_FIRST_INTERVIEW_PRACTITIONER_QA_M1_SKILL_08
DC_APP0285_M1_SKILL_08_000315,OB_FIRST_PANEL_06_TECHNICAL_REVIEWER_EV_APP0285_FIRST_INTERVIEW_PRACTITIONER_QA_M1_SKILL_08
DC_APP0297_M1_SKILL_01_000316,OB_DOCUMENT_SCREEN_PANEL_01_RECRUITER_EV_XP_APP0297_02_PROBLEM_M1_SKILL_01
DC_APP0297_M1_SKILL_01_000316,OB_FIRST_PANEL_07_ML_ENGINEER_EV_APP0297_FIRST_INTERVIEW_TECHNICAL_ASSESSMENT_M1_SKILL_01
DC_APP0297_M1_SKILL_01_000316,OB_FIRST_PANEL_07_HIRING_MANAGER_EV_APP0297_FIRST_INTERVIEW_TECHNICAL_ASSESSMENT_M1_SKILL_01
DC_APP0297_M1_SKILL_01_000316,OB_FIRST_PANEL_07_TECHNICAL_REVIEWER_EV_APP0297_FIRST_INTERVIEW_TECHNICAL_ASSESSMENT_M1_SKILL_01
DC_APP0297_M1_SKILL_01_000316,OB_FIRST_PANEL_07_ML_ENGINEER_EV_APP0297_FIRST_INTERVIEW_AI_CASE_M1_SKILL_01
DC_APP0297_M1_SKILL_01_000316,OB_FIRST_PANEL_07_HIRING_MANAGER_EV_APP0297_FIRST_INTERVIEW_AI_CASE_M1_SKILL_01
DC_APP0297_M1_SKILL_01_000316,OB_FIRST_PANEL_07_TECHNICAL_REVIEWER_EV_APP0297_FIRST_INTERVIEW_AI_CASE_M1_SKILL_01
DC_APP0297_M1_SKILL_02_000317,OB_FIRST_PANEL_07_ML_ENGINEER_EV_APP0297_FIRST_INTERVIEW_TECHNICAL_ASSESSMENT_M1_SKILL_02
DC_APP0297_M1_SKILL_02_000317,OB_FIRST_PANEL_07_HIRING_MANAGER_EV_APP0297_FIRST_INTERVIEW_TECHNICAL_ASSESSMENT_M1_SKILL_02
DC_APP0297_M1_SKILL_02_000317,OB_FIRST_PANEL_07_TECHNICAL_REVIEWER_EV_APP0297_FIRST_INTERVIEW_TECHNICAL_ASSESSMENT_M1_SKILL_02
DC_APP0297_M1_SKILL_03_000318,OB_DOCUMENT_SCREEN_PANEL_01_RECRUITER_EV_XP_APP0297_01_BUILD_M1_SKILL_03
DC_APP0297_M1_SKILL_03_000318,OB_DOCUMENT_SCREEN_PANEL_01_RECRUITER_EV_XP_APP0297_01_VALIDATE_M1_SKILL_03
DC_APP0297_M1_SKILL_03_000318,OB_DOCUMENT_SCREEN_PANEL_01_RECRUITER_EV_XP_APP0297_02_VALIDATE_M1_SKILL_03
DC_APP0297_M1_SKILL_03_000318,OB_REVIEW_ML_01_EV_APP0297_PRE_ASSESSMENT_CODING_TEST_M1_SKILL_03
DC_APP0297_M1_SKILL_03_000318,OB_REVIEW_HM_01_EV_APP0297_PRE_ASSESSMENT_CODING_TEST_M1_SKILL_03
DC_APP0297_M1_SKILL_03_000318,OB_FIRST_PANEL_07_ML_ENGINEER_EV_APP0297_FIRST_INTERVIEW_AI_CASE_M1_SKILL_03
DC_APP0297_M1_SKILL_03_000318,OB_FIRST_PANEL_07_HIRING_MANAGER_EV_APP0297_FIRST_INTERVIEW_AI_CASE_M1_SKILL_03
DC_APP0297_M1_SKILL_03_000318,OB_FIRST_PANEL_07_TECHNICAL_REVIEWER_EV_APP0297_FIRST_INTERVIEW_AI_CASE_M1_SKILL_03
DC_APP0297_M1_SKILL_04_000319,OB_FIRST_PANEL_07_ML_ENGINEER_EV_APP0297_FIRST_INTERVIEW_PRACTITIONER_QA_M1_SKILL_04
DC_APP0297_M1_SKILL_04_000319,OB_FIRST_PANEL_07_HIRING_MANAGER_EV_APP0297_FIRST_INTERVIEW_PRACTITIONER_QA_M1_SKILL_04
DC_APP0297_M1_SKILL_04_000319,OB_FIRST_PANEL_07_TECHNICAL_REVIEWER_EV_APP0297_FIRST_INTERVIEW_PRACTITIONER_QA_M1_SKILL_04
DC_APP0297_M1_SKILL_04_000319,OB_SECOND_INTERVIEW_PANEL_01_ML_ENGINEER_EV_APP0297_SECOND_INTERVIEW_VALUES_BEHAVIOR_INTERVIEW_M1_SKILL_04
DC_APP0297_M1_SKILL_04_000319,OB_SECOND_INTERVIEW_PANEL_01_HIRING_MANAGER_EV_APP0297_SECOND_INTERVIEW_VALUES_BEHAVIOR_INTERVIEW_M1_SKILL_04
DC_APP0297_M1_SKILL_05_000320,OB_FIRST_PANEL_07_ML_ENGINEER_EV_APP0297_FIRST_INTERVIEW_PRACTITIONER_QA_M1_SKILL_05
DC_APP0297_M1_SKILL_05_000320,OB_FIRST_PANEL_07_HIRING_MANAGER_EV_APP0297_FIRST_INTERVIEW_PRACTITIONER_QA_M1_SKILL_05
DC_APP0297_M1_SKILL_05_000320,OB_FIRST_PANEL_07_TECHNICAL_REVIEWER_EV_APP0297_FIRST_INTERVIEW_PRACTITIONER_QA_M1_SKILL_05
DC_APP0297_M1_SKILL_05_000320,OB_SECOND_INTERVIEW_PANEL_01_ML_ENGINEER_EV_APP0297_SECOND_INTERVIEW_VALUES_BEHAVIOR_INTERVIEW_M1_SKILL_05
DC_APP0297_M1_SKILL_05_000320,OB_SECOND_INTERVIEW_PANEL_01_HIRING_MANAGER_EV_APP0297_SECOND_INTERVIEW_VALUES_BEHAVIOR_INTERVIEW_M1_SKILL_05
DC_APP0297_M1_SKILL_06_000321,OB_FIRST_PANEL_07_ML_ENGINEER_EV_APP0297_FIRST_INTERVIEW_PRACTITIONER_QA_M1_SKILL_06
DC_APP0297_M1_SKILL_06_000321,OB_FIRST_PANEL_07_HIRING_MANAGER_EV_APP0297_FIRST_INTERVIEW_PRACTITIONER_QA_M1_SKILL_06
DC_APP0297_M1_SKILL_06_000321,OB_FIRST_PANEL_07_TECHNICAL_REVIEWER_EV_APP0297_FIRST_INTERVIEW_PRACTITIONER_QA_M1_SKILL_06
DC_APP0297_M1_SKILL_07_000322,OB_FIRST_PANEL_07_ML_ENGINEER_EV_APP0297_FIRST_INTERVIEW_TECHNICAL_ASSESSMENT_M1_SKILL_07
DC_APP0297_M1_SKILL_07_000322,OB_FIRST_PANEL_07_HIRING_MANAGER_EV_APP0297_FIRST_INTERVIEW_TECHNICAL_ASSESSMENT_M1_SKILL_07
DC_APP0297_M1_SKILL_07_000322,OB_FIRST_PANEL_07_TECHNICAL_REVIEWER_EV_APP0297_FIRST_INTERVIEW_TECHNICAL_ASSESSMENT_M1_SKILL_07
DC_APP0297_M1_SKILL_08_000323,OB_FIRST_PANEL_07_ML_ENGINEER_EV_APP0297_FIRST_INTERVIEW_PRACTITIONER_QA_M1_SKILL_08
DC_APP0297_M1_SKILL_08_000323,OB_FIRST_PANEL_07_HIRING_MANAGER_EV_APP0297_FIRST_INTERVIEW_PRACTITIONER_QA_M1_SKILL_08
DC_APP0297_M1_SKILL_08_000323,OB_FIRST_PANEL_07_TECHNICAL_REVIEWER_EV_APP0297_FIRST_INTERVIEW_PRACTITIONER_QA_M1_SKILL_08
DC_APP0238_M1_SKILL_01_000324,OB_DOCUMENT_SCREEN_PANEL_01_RECRUITER_EV_XP_APP0238_01_PROBLEM_M1_SKILL_01
DC_APP0238_M1_SKILL_01_000324,OB_DOCUMENT_SCREEN_PANEL_01_RECRUITER_EV_XP_APP0238_02_PROBLEM_M1_SKILL_01
DC_APP0238_M1_SKILL_01_000324,OB_FIRST_PANEL_02_ML_ENGINEER_EV_APP0238_FIRST_INTERVIEW_TECHNICAL_ASSESSMENT_M1_SKILL_01
DC_APP0238_M1_SKILL_01_000324,OB_FIRST_PANEL_02_HIRING_MANAGER_EV_APP0238_FIRST_INTERVIEW_TECHNICAL_ASSESSMENT_M1_SKILL_01
DC_APP0238_M1_SKILL_01_000324,OB_FIRST_PANEL_02_TECHNICAL_REVIEWER_EV_APP0238_FIRST_INTERVIEW_TECHNICAL_ASSESSMENT_M1_SKILL_01
DC_APP0238_M1_SKILL_01_000324,OB_FIRST_PANEL_02_ML_ENGINEER_EV_APP0238_FIRST_INTERVIEW_AI_CASE_M1_SKILL_01
DC_APP0238_M1_SKILL_01_000324,OB_FIRST_PANEL_02_HIRING_MANAGER_EV_APP0238_FIRST_INTERVIEW_AI_CASE_M1_SKILL_01
DC_APP0238_M1_SKILL_01_000324,OB_FIRST_PANEL_02_TECHNICAL_REVIEWER_EV_APP0238_FIRST_INTERVIEW_AI_CASE_M1_SKILL_01
DC_APP0238_M1_SKILL_02_000325,OB_FIRST_PANEL_02_ML_ENGINEER_EV_APP0238_FIRST_INTERVIEW_TECHNICAL_ASSESSMENT_M1_SKILL_02
DC_APP0238_M1_SKILL_02_000325,OB_FIRST_PANEL_02_HIRING_MANAGER_EV_APP0238_FIRST_INTERVIEW_TECHNICAL_ASSESSMENT_M1_SKILL_02
DC_APP0238_M1_SKILL_02_000325,OB_FIRST_PANEL_02_TECHNICAL_REVIEWER_EV_APP0238_FIRST_INTERVIEW_TECHNICAL_ASSESSMENT_M1_SKILL_02
DC_APP0238_M1_SKILL_03_000326,OB_DOCUMENT_SCREEN_PANEL_01_RECRUITER_EV_XP_APP0238_01_BUILD_M1_SKILL_03
DC_APP0238_M1_SKILL_03_000326,OB_REVIEW_ML_01_EV_APP0238_PRE_ASSESSMENT_CODING_TEST_M1_SKILL_03
DC_APP0238_M1_SKILL_03_000326,OB_REVIEW_HM_01_EV_APP0238_PRE_ASSESSMENT_CODING_TEST_M1_SKILL_03
DC_APP0238_M1_SKILL_03_000326,OB_FIRST_PANEL_02_ML_ENGINEER_EV_APP0238_FIRST_INTERVIEW_AI_CASE_M1_SKILL_03
DC_APP0238_M1_SKILL_03_000326,OB_FIRST_PANEL_02_HIRING_MANAGER_EV_APP0238_FIRST_INTERVIEW_AI_CASE_M1_SKILL_03
DC_APP0238_M1_SKILL_03_000326,OB_FIRST_PANEL_02_TECHNICAL_REVIEWER_EV_APP0238_FIRST_INTERVIEW_AI_CASE_M1_SKILL_03
DC_APP0238_M1_SKILL_04_000327,OB_FIRST_PANEL_02_ML_ENGINEER_EV_APP0238_FIRST_INTERVIEW_PRACTITIONER_QA_M1_SKILL_04
DC_APP0238_M1_SKILL_04_000327,OB_FIRST_PANEL_02_HIRING_MANAGER_EV_APP0238_FIRST_INTERVIEW_PRACTITIONER_QA_M1_SKILL_04
DC_APP0238_M1_SKILL_04_000327,OB_FIRST_PANEL_02_TECHNICAL_REVIEWER_EV_APP0238_FIRST_INTERVIEW_PRACTITIONER_QA_M1_SKILL_04
DC_APP0238_M1_SKILL_04_000327,OB_SECOND_INTERVIEW_PANEL_01_ML_ENGINEER_EV_APP0238_SECOND_INTERVIEW_VALUES_BEHAVIOR_INTERVIEW_M1_SKILL_04
DC_APP0238_M1_SKILL_04_000327,OB_SECOND_INTERVIEW_PANEL_01_HIRING_MANAGER_EV_APP0238_SECOND_INTERVIEW_VALUES_BEHAVIOR_INTERVIEW_M1_SKILL_04
DC_APP0238_M1_SKILL_05_000328,OB_FIRST_PANEL_02_ML_ENGINEER_EV_APP0238_FIRST_INTERVIEW_PRACTITIONER_QA_M1_SKILL_05
DC_APP0238_M1_SKILL_05_000328,OB_FIRST_PANEL_02_HIRING_MANAGER_EV_APP0238_FIRST_INTERVIEW_PRACTITIONER_QA_M1_SKILL_05
DC_APP0238_M1_SKILL_05_000328,OB_FIRST_PANEL_02_TECHNICAL_REVIEWER_EV_APP0238_FIRST_INTERVIEW_PRACTITIONER_QA_M1_SKILL_05
DC_APP0238_M1_SKILL_05_000328,OB_SECOND_INTERVIEW_PANEL_01_ML_ENGINEER_EV_APP0238_SECOND_INTERVIEW_VALUES_BEHAVIOR_INTERVIEW_M1_SKILL_05
DC_APP0238_M1_SKILL_05_000328,OB_SECOND_INTERVIEW_PANEL_01_HIRING_MANAGER_EV_APP0238_SECOND_INTERVIEW_VALUES_BEHAVIOR_INTERVIEW_M1_SKILL_05
DC_APP0238_M1_SKILL_06_000329,OB_FIRST_PANEL_02_ML_ENGINEER_EV_APP0238_FIRST_INTERVIEW_PRACTITIONER_QA_M1_SKILL_06
DC_APP0238_M1_SKILL_06_000329,OB_FIRST_PANEL_02_HIRING_MANAGER_EV_APP0238_FIRST_INTERVIEW_PRACTITIONER_QA_M1_SKILL_06
DC_APP0238_M1_SKILL_06_000329,OB_FIRST_PANEL_02_TECHNICAL_REVIEWER_EV_APP0238_FIRST_INTERVIEW_PRACTITIONER_QA_M1_SKILL_06
DC_APP0238_M1_SKILL_07_000330,OB_FIRST_PANEL_02_ML_ENGINEER_EV_APP0238_FIRST_INTERVIEW_TECHNICAL_ASSESSMENT_M1_SKILL_07
DC_APP0238_M1_SKILL_07_000330,OB_FIRST_PANEL_02_HIRING_MANAGER_EV_APP0238_FIRST_INTERVIEW_TECHNICAL_ASSESSMENT_M1_SKILL_07
DC_APP0238_M1_SKILL_07_000330,OB_FIRST_PANEL_02_TECHNICAL_REVIEWER_EV_APP0238_FIRST_INTERVIEW_TECHNICAL_ASSESSMENT_M1_SKILL_07
DC_APP0238_M1_SKILL_08_000331,OB_FIRST_PANEL_02_ML_ENGINEER_EV_APP0238_FIRST_INTERVIEW_PRACTITIONER_QA_M1_SKILL_08
DC_APP0238_M1_SKILL_08_000331,OB_FIRST_PANEL_02_HIRING_MANAGER_EV_APP0238_FIRST_INTERVIEW_PRACTITIONER_QA_M1_SKILL_08
DC_APP0238_M1_SKILL_08_000331,OB_FIRST_PANEL_02_TECHNICAL_REVIEWER_EV_APP0238_FIRST_INTERVIEW_PRACTITIONER_QA_M1_SKILL_08
DC_APP0285_M1_SKILL_01_000332,OB_DOCUMENT_SCREEN_PANEL_01_RECRUITER_EV_XP_APP0285_01_PROBLEM_M1_SKILL_01
DC_APP0285_M1_SKILL_01_000332,OB_DOCUMENT_SCREEN_PANEL_01_RECRUITER_EV_XP_APP0285_02_PROBLEM_M1_SKILL_01
DC_APP0285_M1_SKILL_01_000332,OB_FIRST_PANEL_06_ML_ENGINEER_EV_APP0285_FIRST_INTERVIEW_TECHNICAL_ASSESSMENT_M1_SKILL_01
DC_APP0285_M1_SKILL_01_000332,OB_FIRST_PANEL_06_HIRING_MANAGER_EV_APP0285_FIRST_INTERVIEW_TECHNICAL_ASSESSMENT_M1_SKILL_01
DC_APP0285_M1_SKILL_01_000332,OB_FIRST_PANEL_06_TECHNICAL_REVIEWER_EV_APP0285_FIRST_INTERVIEW_TECHNICAL_ASSESSMENT_M1_SKILL_01
DC_APP0285_M1_SKILL_01_000332,OB_FIRST_PANEL_06_ML_ENGINEER_EV_APP0285_FIRST_INTERVIEW_AI_CASE_M1_SKILL_01
DC_APP0285_M1_SKILL_01_000332,OB_FIRST_PANEL_06_HIRING_MANAGER_EV_APP0285_FIRST_INTERVIEW_AI_CASE_M1_SKILL_01
DC_APP0285_M1_SKILL_01_000332,OB_FIRST_PANEL_06_TECHNICAL_REVIEWER_EV_APP0285_FIRST_INTERVIEW_AI_CASE_M1_SKILL_01
DC_APP0285_M1_SKILL_02_000333,OB_FIRST_PANEL_06_ML_ENGINEER_EV_APP0285_FIRST_INTERVIEW_TECHNICAL_ASSESSMENT_M1_SKILL_02
DC_APP0285_M1_SKILL_02_000333,OB_FIRST_PANEL_06_HIRING_MANAGER_EV_APP0285_FIRST_INTERVIEW_TECHNICAL_ASSESSMENT_M1_SKILL_02
DC_APP0285_M1_SKILL_02_000333,OB_FIRST_PANEL_06_TECHNICAL_REVIEWER_EV_APP0285_FIRST_INTERVIEW_TECHNICAL_ASSESSMENT_M1_SKILL_02
DC_APP0285_M1_SKILL_03_000334,OB_DOCUMENT_SCREEN_PANEL_01_RECRUITER_EV_XP_APP0285_01_BUILD_M1_SKILL_03
DC_APP0285_M1_SKILL_03_000334,OB_REVIEW_ML_01_EV_APP0285_PRE_ASSESSMENT_CODING_TEST_M1_SKILL_03
DC_APP0285_M1_SKILL_03_000334,OB_REVIEW_HM_01_EV_APP0285_PRE_ASSESSMENT_CODING_TEST_M1_SKILL_03
DC_APP0285_M1_SKILL_03_000334,OB_FIRST_PANEL_06_ML_ENGINEER_EV_APP0285_FIRST_INTERVIEW_AI_CASE_M1_SKILL_03
DC_APP0285_M1_SKILL_03_000334,OB_FIRST_PANEL_06_HIRING_MANAGER_EV_APP0285_FIRST_INTERVIEW_AI_CASE_M1_SKILL_03
DC_APP0285_M1_SKILL_03_000334,OB_FIRST_PANEL_06_TECHNICAL_REVIEWER_EV_APP0285_FIRST_INTERVIEW_AI_CASE_M1_SKILL_03
DC_APP0285_M1_SKILL_04_000335,OB_FIRST_PANEL_06_ML_ENGINEER_EV_APP0285_FIRST_INTERVIEW_PRACTITIONER_QA_M1_SKILL_04
DC_APP0285_M1_SKILL_04_000335,OB_FIRST_PANEL_06_HIRING_MANAGER_EV_APP0285_FIRST_INTERVIEW_PRACTITIONER_QA_M1_SKILL_04
DC_APP0285_M1_SKILL_04_000335,OB_FIRST_PANEL_06_TECHNICAL_REVIEWER_EV_APP0285_FIRST_INTERVIEW_PRACTITIONER_QA_M1_SKILL_04
DC_APP0285_M1_SKILL_04_000335,OB_SECOND_INTERVIEW_PANEL_01_ML_ENGINEER_EV_APP0285_SECOND_INTERVIEW_VALUES_BEHAVIOR_INTERVIEW_M1_SKILL_04
DC_APP0285_M1_SKILL_04_000335,OB_SECOND_INTERVIEW_PANEL_01_HIRING_MANAGER_EV_APP0285_SECOND_INTERVIEW_VALUES_BEHAVIOR_INTERVIEW_M1_SKILL_04
DC_APP0285_M1_SKILL_05_000336,OB_FIRST_PANEL_06_ML_ENGINEER_EV_APP0285_FIRST_INTERVIEW_PRACTITIONER_QA_M1_SKILL_05
DC_APP0285_M1_SKILL_05_000336,OB_FIRST_PANEL_06_HIRING_MANAGER_EV_APP0285_FIRST_INTERVIEW_PRACTITIONER_QA_M1_SKILL_05
DC_APP0285_M1_SKILL_05_000336,OB_FIRST_PANEL_06_TECHNICAL_REVIEWER_EV_APP0285_FIRST_INTERVIEW_PRACTITIONER_QA_M1_SKILL_05
DC_APP0285_M1_SKILL_05_000336,OB_SECOND_INTERVIEW_PANEL_01_ML_ENGINEER_EV_APP0285_SECOND_INTERVIEW_VALUES_BEHAVIOR_INTERVIEW_M1_SKILL_05
DC_APP0285_M1_SKILL_05_000336,OB_SECOND_INTERVIEW_PANEL_01_HIRING_MANAGER_EV_APP0285_SECOND_INTERVIEW_VALUES_BEHAVIOR_INTERVIEW_M1_SKILL_05
DC_APP0285_M1_SKILL_06_000337,OB_FIRST_PANEL_06_ML_ENGINEER_EV_APP0285_FIRST_INTERVIEW_PRACTITIONER_QA_M1_SKILL_06
DC_APP0285_M1_SKILL_06_000337,OB_FIRST_PANEL_06_HIRING_MANAGER_EV_APP0285_FIRST_INTERVIEW_PRACTITIONER_QA_M1_SKILL_06
DC_APP0285_M1_SKILL_06_000337,OB_FIRST_PANEL_06_TECHNICAL_REVIEWER_EV_APP0285_FIRST_INTERVIEW_PRACTITIONER_QA_M1_SKILL_06
DC_APP0285_M1_SKILL_07_000338,OB_FIRST_PANEL_06_ML_ENGINEER_EV_APP0285_FIRST_INTERVIEW_TECHNICAL_ASSESSMENT_M1_SKILL_07
DC_APP0285_M1_SKILL_07_000338,OB_FIRST_PANEL_06_HIRING_MANAGER_EV_APP0285_FIRST_INTERVIEW_TECHNICAL_ASSESSMENT_M1_SKILL_07
DC_APP0285_M1_SKILL_07_000338,OB_FIRST_PANEL_06_TECHNICAL_REVIEWER_EV_APP0285_FIRST_INTERVIEW_TECHNICAL_ASSESSMENT_M1_SKILL_07
DC_APP0285_M1_SKILL_08_000339,OB_FIRST_PANEL_06_ML_ENGINEER_EV_APP0285_FIRST_INTERVIEW_PRACTITIONER_QA_M1_SKILL_08
DC_APP0285_M1_SKILL_08_000339,OB_FIRST_PANEL_06_HIRING_MANAGER_EV_APP0285_FIRST_INTERVIEW_PRACTITIONER_QA_M1_SKILL_08
DC_APP0285_M1_SKILL_08_000339,OB_FIRST_PANEL_06_TECHNICAL_REVIEWER_EV_APP0285_FIRST_INTERVIEW_PRACTITIONER_QA_M1_SKILL_08
DC_APP0285_M1_SKILL_01_000340,OB_DOCUMENT_SCREEN_PANEL_01_RECRUITER_EV_XP_APP0285_01_PROBLEM_M1_SKILL_01
DC_APP0285_M1_SKILL_01_000340,OB_DOCUMENT_SCREEN_PANEL_01_RECRUITER_EV_XP_APP0285_02_PROBLEM_M1_SKILL_01
DC_APP0285_M1_SKILL_01_000340,OB_FIRST_PANEL_06_ML_ENGINEER_EV_APP0285_FIRST_INTERVIEW_TECHNICAL_ASSESSMENT_M1_SKILL_01
DC_APP0285_M1_SKILL_01_000340,OB_FIRST_PANEL_06_HIRING_MANAGER_EV_APP0285_FIRST_INTERVIEW_TECHNICAL_ASSESSMENT_M1_SKILL_01
DC_APP0285_M1_SKILL_01_000340,OB_FIRST_PANEL_06_TECHNICAL_REVIEWER_EV_APP0285_FIRST_INTERVIEW_TECHNICAL_ASSESSMENT_M1_SKILL_01
DC_APP0285_M1_SKILL_01_000340,OB_FIRST_PANEL_06_ML_ENGINEER_EV_APP0285_FIRST_INTERVIEW_AI_CASE_M1_SKILL_01
DC_APP0285_M1_SKILL_01_000340,OB_FIRST_PANEL_06_HIRING_MANAGER_EV_APP0285_FIRST_INTERVIEW_AI_CASE_M1_SKILL_01
DC_APP0285_M1_SKILL_01_000340,OB_FIRST_PANEL_06_TECHNICAL_REVIEWER_EV_APP0285_FIRST_INTERVIEW_AI_CASE_M1_SKILL_01
DC_APP0285_M1_SKILL_02_000341,OB_FIRST_PANEL_06_ML_ENGINEER_EV_APP0285_FIRST_INTERVIEW_TECHNICAL_ASSESSMENT_M1_SKILL_02
DC_APP0285_M1_SKILL_02_000341,OB_FIRST_PANEL_06_HIRING_MANAGER_EV_APP0285_FIRST_INTERVIEW_TECHNICAL_ASSESSMENT_M1_SKILL_02
DC_APP0285_M1_SKILL_02_000341,OB_FIRST_PANEL_06_TECHNICAL_REVIEWER_EV_APP0285_FIRST_INTERVIEW_TECHNICAL_ASSESSMENT_M1_SKILL_02
DC_APP0285_M1_SKILL_03_000342,OB_DOCUMENT_SCREEN_PANEL_01_RECRUITER_EV_XP_APP0285_01_BUILD_M1_SKILL_03
DC_APP0285_M1_SKILL_03_000342,OB_REVIEW_ML_01_EV_APP0285_PRE_ASSESSMENT_CODING_TEST_M1_SKILL_03
DC_APP0285_M1_SKILL_03_000342,OB_REVIEW_HM_01_EV_APP0285_PRE_ASSESSMENT_CODING_TEST_M1_SKILL_03
DC_APP0285_M1_SKILL_03_000342,OB_FIRST_PANEL_06_ML_ENGINEER_EV_APP0285_FIRST_INTERVIEW_AI_CASE_M1_SKILL_03
DC_APP0285_M1_SKILL_03_000342,OB_FIRST_PANEL_06_HIRING_MANAGER_EV_APP0285_FIRST_INTERVIEW_AI_CASE_M1_SKILL_03
DC_APP0285_M1_SKILL_03_000342,OB_FIRST_PANEL_06_TECHNICAL_REVIEWER_EV_APP0285_FIRST_INTERVIEW_AI_CASE_M1_SKILL_03
DC_APP0285_M1_SKILL_04_000343,OB_FIRST_PANEL_06_ML_ENGINEER_EV_APP0285_FIRST_INTERVIEW_PRACTITIONER_QA_M1_SKILL_04
DC_APP0285_M1_SKILL_04_000343,OB_FIRST_PANEL_06_HIRING_MANAGER_EV_APP0285_FIRST_INTERVIEW_PRACTITIONER_QA_M1_SKILL_04
DC_APP0285_M1_SKILL_04_000343,OB_FIRST_PANEL_06_TECHNICAL_REVIEWER_EV_APP0285_FIRST_INTERVIEW_PRACTITIONER_QA_M1_SKILL_04
DC_APP0285_M1_SKILL_04_000343,OB_SECOND_INTERVIEW_PANEL_01_ML_ENGINEER_EV_APP0285_SECOND_INTERVIEW_VALUES_BEHAVIOR_INTERVIEW_M1_SKILL_04
DC_APP0285_M1_SKILL_04_000343,OB_SECOND_INTERVIEW_PANEL_01_HIRING_MANAGER_EV_APP0285_SECOND_INTERVIEW_VALUES_BEHAVIOR_INTERVIEW_M1_SKILL_04
DC_APP0285_M1_SKILL_04_000343,OB_FINAL_REVIEW_PANEL_01_ML_ENGINEER_EV_APP0285_FINAL_REVIEW_FOCUSED_FOLLOW_UP_M1_SKILL_04
DC_APP0285_M1_SKILL_04_000343,OB_FINAL_REVIEW_PANEL_01_HIRING_MANAGER_EV_APP0285_FINAL_REVIEW_FOCUSED_FOLLOW_UP_M1_SKILL_04
DC_APP0285_M1_SKILL_05_000344,OB_FIRST_PANEL_06_ML_ENGINEER_EV_APP0285_FIRST_INTERVIEW_PRACTITIONER_QA_M1_SKILL_05
DC_APP0285_M1_SKILL_05_000344,OB_FIRST_PANEL_06_HIRING_MANAGER_EV_APP0285_FIRST_INTERVIEW_PRACTITIONER_QA_M1_SKILL_05
DC_APP0285_M1_SKILL_05_000344,OB_FIRST_PANEL_06_TECHNICAL_REVIEWER_EV_APP0285_FIRST_INTERVIEW_PRACTITIONER_QA_M1_SKILL_05
DC_APP0285_M1_SKILL_05_000344,OB_SECOND_INTERVIEW_PANEL_01_ML_ENGINEER_EV_APP0285_SECOND_INTERVIEW_VALUES_BEHAVIOR_INTERVIEW_M1_SKILL_05
DC_APP0285_M1_SKILL_05_000344,OB_SECOND_INTERVIEW_PANEL_01_HIRING_MANAGER_EV_APP0285_SECOND_INTERVIEW_VALUES_BEHAVIOR_INTERVIEW_M1_SKILL_05
DC_APP0285_M1_SKILL_06_000345,OB_FIRST_PANEL_06_ML_ENGINEER_EV_APP0285_FIRST_INTERVIEW_PRACTITIONER_QA_M1_SKILL_06
DC_APP0285_M1_SKILL_06_000345,OB_FIRST_PANEL_06_HIRING_MANAGER_EV_APP0285_FIRST_INTERVIEW_PRACTITIONER_QA_M1_SKILL_06
DC_APP0285_M1_SKILL_06_000345,OB_FIRST_PANEL_06_TECHNICAL_REVIEWER_EV_APP0285_FIRST_INTERVIEW_PRACTITIONER_QA_M1_SKILL_06
DC_APP0285_M1_SKILL_07_000346,OB_FIRST_PANEL_06_ML_ENGINEER_EV_APP0285_FIRST_INTERVIEW_TECHNICAL_ASSESSMENT_M1_SKILL_07
DC_APP0285_M1_SKILL_07_000346,OB_FIRST_PANEL_06_HIRING_MANAGER_EV_APP0285_FIRST_INTERVIEW_TECHNICAL_ASSESSMENT_M1_SKILL_07
DC_APP0285_M1_SKILL_07_000346,OB_FIRST_PANEL_06_TECHNICAL_REVIEWER_EV_APP0285_FIRST_INTERVIEW_TECHNICAL_ASSESSMENT_M1_SKILL_07
DC_APP0285_M1_SKILL_08_000347,OB_FIRST_PANEL_06_ML_ENGINEER_EV_APP0285_FIRST_INTERVIEW_PRACTITIONER_QA_M1_SKILL_08
DC_APP0285_M1_SKILL_08_000347,OB_FIRST_PANEL_06_HIRING_MANAGER_EV_APP0285_FIRST_INTERVIEW_PRACTITIONER_QA_M1_SKILL_08
DC_APP0285_M1_SKILL_08_000347,OB_FIRST_PANEL_06_TECHNICAL_REVIEWER_EV_APP0285_FIRST_INTERVIEW_PRACTITIONER_QA_M1_SKILL_08
DC_APP0005_M1_SKILL_01_000348,OB_DOCUMENT_SCREEN_PANEL_01_RECRUITER_EV_XP_APP0005_01_PROBLEM_M1_SKILL_01
DC_APP0005_M1_SKILL_01_000348,OB_DOCUMENT_SCREEN_PANEL_01_RECRUITER_EV_XP_APP0005_02_PROBLEM_M1_SKILL_01
DC_APP0005_M1_SKILL_01_000348,OB_FIRST_PANEL_01_ML_ENGINEER_EV_APP0005_FIRST_INTERVIEW_TECHNICAL_ASSESSMENT_M1_SKILL_01
DC_APP0005_M1_SKILL_01_000348,OB_FIRST_PANEL_01_HIRING_MANAGER_EV_APP0005_FIRST_INTERVIEW_TECHNICAL_ASSESSMENT_M1_SKILL_01
DC_APP0005_M1_SKILL_01_000348,OB_FIRST_PANEL_01_TECHNICAL_REVIEWER_EV_APP0005_FIRST_INTERVIEW_TECHNICAL_ASSESSMENT_M1_SKILL_01
DC_APP0005_M1_SKILL_01_000348,OB_FIRST_PANEL_01_ML_ENGINEER_EV_APP0005_FIRST_INTERVIEW_AI_CASE_M1_SKILL_01
DC_APP0005_M1_SKILL_01_000348,OB_FIRST_PANEL_01_HIRING_MANAGER_EV_APP0005_FIRST_INTERVIEW_AI_CASE_M1_SKILL_01
DC_APP0005_M1_SKILL_01_000348,OB_FIRST_PANEL_01_TECHNICAL_REVIEWER_EV_APP0005_FIRST_INTERVIEW_AI_CASE_M1_SKILL_01
DC_APP0005_M1_SKILL_02_000349,OB_FIRST_PANEL_01_ML_ENGINEER_EV_APP0005_FIRST_INTERVIEW_TECHNICAL_ASSESSMENT_M1_SKILL_02
DC_APP0005_M1_SKILL_02_000349,OB_FIRST_PANEL_01_HIRING_MANAGER_EV_APP0005_FIRST_INTERVIEW_TECHNICAL_ASSESSMENT_M1_SKILL_02
DC_APP0005_M1_SKILL_02_000349,OB_FIRST_PANEL_01_TECHNICAL_REVIEWER_EV_APP0005_FIRST_INTERVIEW_TECHNICAL_ASSESSMENT_M1_SKILL_02
DC_APP0005_M1_SKILL_03_000350,OB_DOCUMENT_SCREEN_PANEL_01_RECRUITER_EV_XP_APP0005_01_VALIDATE_M1_SKILL_03
DC_APP0005_M1_SKILL_03_000350,OB_DOCUMENT_SCREEN_PANEL_01_RECRUITER_EV_XP_APP0005_02_VALIDATE_M1_SKILL_03
DC_APP0005_M1_SKILL_03_000350,OB_REVIEW_ML_01_EV_APP0005_PRE_ASSESSMENT_CODING_TEST_M1_SKILL_03
DC_APP0005_M1_SKILL_03_000350,OB_REVIEW_HM_01_EV_APP0005_PRE_ASSESSMENT_CODING_TEST_M1_SKILL_03
DC_APP0005_M1_SKILL_03_000350,OB_FIRST_PANEL_01_ML_ENGINEER_EV_APP0005_FIRST_INTERVIEW_AI_CASE_M1_SKILL_03
DC_APP0005_M1_SKILL_03_000350,OB_FIRST_PANEL_01_HIRING_MANAGER_EV_APP0005_FIRST_INTERVIEW_AI_CASE_M1_SKILL_03
DC_APP0005_M1_SKILL_03_000350,OB_FIRST_PANEL_01_TECHNICAL_REVIEWER_EV_APP0005_FIRST_INTERVIEW_AI_CASE_M1_SKILL_03
DC_APP0005_M1_SKILL_04_000351,OB_FIRST_PANEL_01_ML_ENGINEER_EV_APP0005_FIRST_INTERVIEW_PRACTITIONER_QA_M1_SKILL_04
DC_APP0005_M1_SKILL_04_000351,OB_FIRST_PANEL_01_HIRING_MANAGER_EV_APP0005_FIRST_INTERVIEW_PRACTITIONER_QA_M1_SKILL_04
DC_APP0005_M1_SKILL_04_000351,OB_FIRST_PANEL_01_TECHNICAL_REVIEWER_EV_APP0005_FIRST_INTERVIEW_PRACTITIONER_QA_M1_SKILL_04
DC_APP0005_M1_SKILL_04_000351,OB_SECOND_INTERVIEW_PANEL_01_ML_ENGINEER_EV_APP0005_SECOND_INTERVIEW_VALUES_BEHAVIOR_INTERVIEW_M1_SKILL_04
DC_APP0005_M1_SKILL_04_000351,OB_SECOND_INTERVIEW_PANEL_01_HIRING_MANAGER_EV_APP0005_SECOND_INTERVIEW_VALUES_BEHAVIOR_INTERVIEW_M1_SKILL_04
DC_APP0005_M1_SKILL_05_000352,OB_FIRST_PANEL_01_ML_ENGINEER_EV_APP0005_FIRST_INTERVIEW_PRACTITIONER_QA_M1_SKILL_05
DC_APP0005_M1_SKILL_05_000352,OB_FIRST_PANEL_01_HIRING_MANAGER_EV_APP0005_FIRST_INTERVIEW_PRACTITIONER_QA_M1_SKILL_05
DC_APP0005_M1_SKILL_05_000352,OB_FIRST_PANEL_01_TECHNICAL_REVIEWER_EV_APP0005_FIRST_INTERVIEW_PRACTITIONER_QA_M1_SKILL_05
DC_APP0005_M1_SKILL_05_000352,OB_SECOND_INTERVIEW_PANEL_01_ML_ENGINEER_EV_APP0005_SECOND_INTERVIEW_VALUES_BEHAVIOR_INTERVIEW_M1_SKILL_05
DC_APP0005_M1_SKILL_05_000352,OB_SECOND_INTERVIEW_PANEL_01_HIRING_MANAGER_EV_APP0005_SECOND_INTERVIEW_VALUES_BEHAVIOR_INTERVIEW_M1_SKILL_05
DC_APP0005_M1_SKILL_06_000353,OB_FIRST_PANEL_01_ML_ENGINEER_EV_APP0005_FIRST_INTERVIEW_PRACTITIONER_QA_M1_SKILL_06
DC_APP0005_M1_SKILL_06_000353,OB_FIRST_PANEL_01_HIRING_MANAGER_EV_APP0005_FIRST_INTERVIEW_PRACTITIONER_QA_M1_SKILL_06
DC_APP0005_M1_SKILL_06_000353,OB_FIRST_PANEL_01_TECHNICAL_REVIEWER_EV_APP0005_FIRST_INTERVIEW_PRACTITIONER_QA_M1_SKILL_06
DC_APP0005_M1_SKILL_07_000354,OB_FIRST_PANEL_01_ML_ENGINEER_EV_APP0005_FIRST_INTERVIEW_TECHNICAL_ASSESSMENT_M1_SKILL_07
DC_APP0005_M1_SKILL_07_000354,OB_FIRST_PANEL_01_HIRING_MANAGER_EV_APP0005_FIRST_INTERVIEW_TECHNICAL_ASSESSMENT_M1_SKILL_07
DC_APP0005_M1_SKILL_07_000354,OB_FIRST_PANEL_01_TECHNICAL_REVIEWER_EV_APP0005_FIRST_INTERVIEW_TECHNICAL_ASSESSMENT_M1_SKILL_07
DC_APP0005_M1_SKILL_08_000355,OB_FIRST_PANEL_01_ML_ENGINEER_EV_APP0005_FIRST_INTERVIEW_PRACTITIONER_QA_M1_SKILL_08
DC_APP0005_M1_SKILL_08_000355,OB_FIRST_PANEL_01_HIRING_MANAGER_EV_APP0005_FIRST_INTERVIEW_PRACTITIONER_QA_M1_SKILL_08
DC_APP0005_M1_SKILL_08_000355,OB_FIRST_PANEL_01_TECHNICAL_REVIEWER_EV_APP0005_FIRST_INTERVIEW_PRACTITIONER_QA_M1_SKILL_08
DC_APP0005_M1_SKILL_01_000356,OB_DOCUMENT_SCREEN_PANEL_01_RECRUITER_EV_XP_APP0005_01_PROBLEM_M1_SKILL_01
DC_APP0005_M1_SKILL_01_000356,OB_DOCUMENT_SCREEN_PANEL_01_RECRUITER_EV_XP_APP0005_02_PROBLEM_M1_SKILL_01
DC_APP0005_M1_SKILL_01_000356,OB_FIRST_PANEL_01_ML_ENGINEER_EV_APP0005_FIRST_INTERVIEW_TECHNICAL_ASSESSMENT_M1_SKILL_01
DC_APP0005_M1_SKILL_01_000356,OB_FIRST_PANEL_01_HIRING_MANAGER_EV_APP0005_FIRST_INTERVIEW_TECHNICAL_ASSESSMENT_M1_SKILL_01
DC_APP0005_M1_SKILL_01_000356,OB_FIRST_PANEL_01_TECHNICAL_REVIEWER_EV_APP0005_FIRST_INTERVIEW_TECHNICAL_ASSESSMENT_M1_SKILL_01
DC_APP0005_M1_SKILL_01_000356,OB_FIRST_PANEL_01_ML_ENGINEER_EV_APP0005_FIRST_INTERVIEW_AI_CASE_M1_SKILL_01
DC_APP0005_M1_SKILL_01_000356,OB_FIRST_PANEL_01_HIRING_MANAGER_EV_APP0005_FIRST_INTERVIEW_AI_CASE_M1_SKILL_01
DC_APP0005_M1_SKILL_01_000356,OB_FIRST_PANEL_01_TECHNICAL_REVIEWER_EV_APP0005_FIRST_INTERVIEW_AI_CASE_M1_SKILL_01
DC_APP0005_M1_SKILL_02_000357,OB_FIRST_PANEL_01_ML_ENGINEER_EV_APP0005_FIRST_INTERVIEW_TECHNICAL_ASSESSMENT_M1_SKILL_02
DC_APP0005_M1_SKILL_02_000357,OB_FIRST_PANEL_01_HIRING_MANAGER_EV_APP0005_FIRST_INTERVIEW_TECHNICAL_ASSESSMENT_M1_SKILL_02
DC_APP0005_M1_SKILL_02_000357,OB_FIRST_PANEL_01_TECHNICAL_REVIEWER_EV_APP0005_FIRST_INTERVIEW_TECHNICAL_ASSESSMENT_M1_SKILL_02
DC_APP0005_M1_SKILL_03_000358,OB_DOCUMENT_SCREEN_PANEL_01_RECRUITER_EV_XP_APP0005_01_VALIDATE_M1_SKILL_03
DC_APP0005_M1_SKILL_03_000358,OB_DOCUMENT_SCREEN_PANEL_01_RECRUITER_EV_XP_APP0005_02_VALIDATE_M1_SKILL_03
DC_APP0005_M1_SKILL_03_000358,OB_REVIEW_ML_01_EV_APP0005_PRE_ASSESSMENT_CODING_TEST_M1_SKILL_03
DC_APP0005_M1_SKILL_03_000358,OB_REVIEW_HM_01_EV_APP0005_PRE_ASSESSMENT_CODING_TEST_M1_SKILL_03
DC_APP0005_M1_SKILL_03_000358,OB_FIRST_PANEL_01_ML_ENGINEER_EV_APP0005_FIRST_INTERVIEW_AI_CASE_M1_SKILL_03
DC_APP0005_M1_SKILL_03_000358,OB_FIRST_PANEL_01_HIRING_MANAGER_EV_APP0005_FIRST_INTERVIEW_AI_CASE_M1_SKILL_03
DC_APP0005_M1_SKILL_03_000358,OB_FIRST_PANEL_01_TECHNICAL_REVIEWER_EV_APP0005_FIRST_INTERVIEW_AI_CASE_M1_SKILL_03
DC_APP0005_M1_SKILL_04_000359,OB_FIRST_PANEL_01_ML_ENGINEER_EV_APP0005_FIRST_INTERVIEW_PRACTITIONER_QA_M1_SKILL_04
DC_APP0005_M1_SKILL_04_000359,OB_FIRST_PANEL_01_HIRING_MANAGER_EV_APP0005_FIRST_INTERVIEW_PRACTITIONER_QA_M1_SKILL_04
DC_APP0005_M1_SKILL_04_000359,OB_FIRST_PANEL_01_TECHNICAL_REVIEWER_EV_APP0005_FIRST_INTERVIEW_PRACTITIONER_QA_M1_SKILL_04
DC_APP0005_M1_SKILL_04_000359,OB_SECOND_INTERVIEW_PANEL_01_ML_ENGINEER_EV_APP0005_SECOND_INTERVIEW_VALUES_BEHAVIOR_INTERVIEW_M1_SKILL_04
DC_APP0005_M1_SKILL_04_000359,OB_SECOND_INTERVIEW_PANEL_01_HIRING_MANAGER_EV_APP0005_SECOND_INTERVIEW_VALUES_BEHAVIOR_INTERVIEW_M1_SKILL_04
DC_APP0005_M1_SKILL_04_000359,OB_FINAL_REVIEW_PANEL_01_ML_ENGINEER_EV_APP0005_FINAL_REVIEW_FOCUSED_FOLLOW_UP_M1_SKILL_04
DC_APP0005_M1_SKILL_04_000359,OB_FINAL_REVIEW_PANEL_01_HIRING_MANAGER_EV_APP0005_FINAL_REVIEW_FOCUSED_FOLLOW_UP_M1_SKILL_04
DC_APP0005_M1_SKILL_05_000360,OB_FIRST_PANEL_01_ML_ENGINEER_EV_APP0005_FIRST_INTERVIEW_PRACTITIONER_QA_M1_SKILL_05
DC_APP0005_M1_SKILL_05_000360,OB_FIRST_PANEL_01_HIRING_MANAGER_EV_APP0005_FIRST_INTERVIEW_PRACTITIONER_QA_M1_SKILL_05
DC_APP0005_M1_SKILL_05_000360,OB_FIRST_PANEL_01_TECHNICAL_REVIEWER_EV_APP0005_FIRST_INTERVIEW_PRACTITIONER_QA_M1_SKILL_05
DC_APP0005_M1_SKILL_05_000360,OB_SECOND_INTERVIEW_PANEL_01_ML_ENGINEER_EV_APP0005_SECOND_INTERVIEW_VALUES_BEHAVIOR_INTERVIEW_M1_SKILL_05
DC_APP0005_M1_SKILL_05_000360,OB_SECOND_INTERVIEW_PANEL_01_HIRING_MANAGER_EV_APP0005_SECOND_INTERVIEW_VALUES_BEHAVIOR_INTERVIEW_M1_SKILL_05
DC_APP0005_M1_SKILL_06_000361,OB_FIRST_PANEL_01_ML_ENGINEER_EV_APP0005_FIRST_INTERVIEW_PRACTITIONER_QA_M1_SKILL_06
DC_APP0005_M1_SKILL_06_000361,OB_FIRST_PANEL_01_HIRING_MANAGER_EV_APP0005_FIRST_INTERVIEW_PRACTITIONER_QA_M1_SKILL_06
DC_APP0005_M1_SKILL_06_000361,OB_FIRST_PANEL_01_TECHNICAL_REVIEWER_EV_APP0005_FIRST_INTERVIEW_PRACTITIONER_QA_M1_SKILL_06
DC_APP0005_M1_SKILL_07_000362,OB_FIRST_PANEL_01_ML_ENGINEER_EV_APP0005_FIRST_INTERVIEW_TECHNICAL_ASSESSMENT_M1_SKILL_07
DC_APP0005_M1_SKILL_07_000362,OB_FIRST_PANEL_01_HIRING_MANAGER_EV_APP0005_FIRST_INTERVIEW_TECHNICAL_ASSESSMENT_M1_SKILL_07
DC_APP0005_M1_SKILL_07_000362,OB_FIRST_PANEL_01_TECHNICAL_REVIEWER_EV_APP0005_FIRST_INTERVIEW_TECHNICAL_ASSESSMENT_M1_SKILL_07
DC_APP0005_M1_SKILL_08_000363,OB_FIRST_PANEL_01_ML_ENGINEER_EV_APP0005_FIRST_INTERVIEW_PRACTITIONER_QA_M1_SKILL_08
DC_APP0005_M1_SKILL_08_000363,OB_FIRST_PANEL_01_HIRING_MANAGER_EV_APP0005_FIRST_INTERVIEW_PRACTITIONER_QA_M1_SKILL_08
DC_APP0005_M1_SKILL_08_000363,OB_FIRST_PANEL_01_TECHNICAL_REVIEWER_EV_APP0005_FIRST_INTERVIEW_PRACTITIONER_QA_M1_SKILL_08
DC_APP0297_M1_SKILL_01_000364,OB_DOCUMENT_SCREEN_PANEL_01_RECRUITER_EV_XP_APP0297_02_PROBLEM_M1_SKILL_01
DC_APP0297_M1_SKILL_01_000364,OB_FIRST_PANEL_07_ML_ENGINEER_EV_APP0297_FIRST_INTERVIEW_TECHNICAL_ASSESSMENT_M1_SKILL_01
DC_APP0297_M1_SKILL_01_000364,OB_FIRST_PANEL_07_HIRING_MANAGER_EV_APP0297_FIRST_INTERVIEW_TECHNICAL_ASSESSMENT_M1_SKILL_01
DC_APP0297_M1_SKILL_01_000364,OB_FIRST_PANEL_07_TECHNICAL_REVIEWER_EV_APP0297_FIRST_INTERVIEW_TECHNICAL_ASSESSMENT_M1_SKILL_01
DC_APP0297_M1_SKILL_01_000364,OB_FIRST_PANEL_07_ML_ENGINEER_EV_APP0297_FIRST_INTERVIEW_AI_CASE_M1_SKILL_01
DC_APP0297_M1_SKILL_01_000364,OB_FIRST_PANEL_07_HIRING_MANAGER_EV_APP0297_FIRST_INTERVIEW_AI_CASE_M1_SKILL_01
DC_APP0297_M1_SKILL_01_000364,OB_FIRST_PANEL_07_TECHNICAL_REVIEWER_EV_APP0297_FIRST_INTERVIEW_AI_CASE_M1_SKILL_01
DC_APP0297_M1_SKILL_02_000365,OB_FIRST_PANEL_07_ML_ENGINEER_EV_APP0297_FIRST_INTERVIEW_TECHNICAL_ASSESSMENT_M1_SKILL_02
DC_APP0297_M1_SKILL_02_000365,OB_FIRST_PANEL_07_HIRING_MANAGER_EV_APP0297_FIRST_INTERVIEW_TECHNICAL_ASSESSMENT_M1_SKILL_02
DC_APP0297_M1_SKILL_02_000365,OB_FIRST_PANEL_07_TECHNICAL_REVIEWER_EV_APP0297_FIRST_INTERVIEW_TECHNICAL_ASSESSMENT_M1_SKILL_02
DC_APP0297_M1_SKILL_03_000366,OB_DOCUMENT_SCREEN_PANEL_01_RECRUITER_EV_XP_APP0297_01_BUILD_M1_SKILL_03
DC_APP0297_M1_SKILL_03_000366,OB_DOCUMENT_SCREEN_PANEL_01_RECRUITER_EV_XP_APP0297_01_VALIDATE_M1_SKILL_03
DC_APP0297_M1_SKILL_03_000366,OB_DOCUMENT_SCREEN_PANEL_01_RECRUITER_EV_XP_APP0297_02_VALIDATE_M1_SKILL_03
DC_APP0297_M1_SKILL_03_000366,OB_REVIEW_ML_01_EV_APP0297_PRE_ASSESSMENT_CODING_TEST_M1_SKILL_03
DC_APP0297_M1_SKILL_03_000366,OB_REVIEW_HM_01_EV_APP0297_PRE_ASSESSMENT_CODING_TEST_M1_SKILL_03
DC_APP0297_M1_SKILL_03_000366,OB_FIRST_PANEL_07_ML_ENGINEER_EV_APP0297_FIRST_INTERVIEW_AI_CASE_M1_SKILL_03
DC_APP0297_M1_SKILL_03_000366,OB_FIRST_PANEL_07_HIRING_MANAGER_EV_APP0297_FIRST_INTERVIEW_AI_CASE_M1_SKILL_03
DC_APP0297_M1_SKILL_03_000366,OB_FIRST_PANEL_07_TECHNICAL_REVIEWER_EV_APP0297_FIRST_INTERVIEW_AI_CASE_M1_SKILL_03
DC_APP0297_M1_SKILL_04_000367,OB_FIRST_PANEL_07_ML_ENGINEER_EV_APP0297_FIRST_INTERVIEW_PRACTITIONER_QA_M1_SKILL_04
DC_APP0297_M1_SKILL_04_000367,OB_FIRST_PANEL_07_HIRING_MANAGER_EV_APP0297_FIRST_INTERVIEW_PRACTITIONER_QA_M1_SKILL_04
DC_APP0297_M1_SKILL_04_000367,OB_FIRST_PANEL_07_TECHNICAL_REVIEWER_EV_APP0297_FIRST_INTERVIEW_PRACTITIONER_QA_M1_SKILL_04
DC_APP0297_M1_SKILL_04_000367,OB_SECOND_INTERVIEW_PANEL_01_ML_ENGINEER_EV_APP0297_SECOND_INTERVIEW_VALUES_BEHAVIOR_INTERVIEW_M1_SKILL_04
DC_APP0297_M1_SKILL_04_000367,OB_SECOND_INTERVIEW_PANEL_01_HIRING_MANAGER_EV_APP0297_SECOND_INTERVIEW_VALUES_BEHAVIOR_INTERVIEW_M1_SKILL_04
DC_APP0297_M1_SKILL_05_000368,OB_FIRST_PANEL_07_ML_ENGINEER_EV_APP0297_FIRST_INTERVIEW_PRACTITIONER_QA_M1_SKILL_05
DC_APP0297_M1_SKILL_05_000368,OB_FIRST_PANEL_07_HIRING_MANAGER_EV_APP0297_FIRST_INTERVIEW_PRACTITIONER_QA_M1_SKILL_05
DC_APP0297_M1_SKILL_05_000368,OB_FIRST_PANEL_07_TECHNICAL_REVIEWER_EV_APP0297_FIRST_INTERVIEW_PRACTITIONER_QA_M1_SKILL_05
DC_APP0297_M1_SKILL_05_000368,OB_SECOND_INTERVIEW_PANEL_01_ML_ENGINEER_EV_APP0297_SECOND_INTERVIEW_VALUES_BEHAVIOR_INTERVIEW_M1_SKILL_05
DC_APP0297_M1_SKILL_05_000368,OB_SECOND_INTERVIEW_PANEL_01_HIRING_MANAGER_EV_APP0297_SECOND_INTERVIEW_VALUES_BEHAVIOR_INTERVIEW_M1_SKILL_05
DC_APP0297_M1_SKILL_06_000369,OB_FIRST_PANEL_07_ML_ENGINEER_EV_APP0297_FIRST_INTERVIEW_PRACTITIONER_QA_M1_SKILL_06
DC_APP0297_M1_SKILL_06_000369,OB_FIRST_PANEL_07_HIRING_MANAGER_EV_APP0297_FIRST_INTERVIEW_PRACTITIONER_QA_M1_SKILL_06
DC_APP0297_M1_SKILL_06_000369,OB_FIRST_PANEL_07_TECHNICAL_REVIEWER_EV_APP0297_FIRST_INTERVIEW_PRACTITIONER_QA_M1_SKILL_06
DC_APP0297_M1_SKILL_07_000370,OB_FIRST_PANEL_07_ML_ENGINEER_EV_APP0297_FIRST_INTERVIEW_TECHNICAL_ASSESSMENT_M1_SKILL_07
DC_APP0297_M1_SKILL_07_000370,OB_FIRST_PANEL_07_HIRING_MANAGER_EV_APP0297_FIRST_INTERVIEW_TECHNICAL_ASSESSMENT_M1_SKILL_07
DC_APP0297_M1_SKILL_07_000370,OB_FIRST_PANEL_07_TECHNICAL_REVIEWER_EV_APP0297_FIRST_INTERVIEW_TECHNICAL_ASSESSMENT_M1_SKILL_07
DC_APP0297_M1_SKILL_08_000371,OB_FIRST_PANEL_07_ML_ENGINEER_EV_APP0297_FIRST_INTERVIEW_PRACTITIONER_QA_M1_SKILL_08
DC_APP0297_M1_SKILL_08_000371,OB_FIRST_PANEL_07_HIRING_MANAGER_EV_APP0297_FIRST_INTERVIEW_PRACTITIONER_QA_M1_SKILL_08
DC_APP0297_M1_SKILL_08_000371,OB_FIRST_PANEL_07_TECHNICAL_REVIEWER_EV_APP0297_FIRST_INTERVIEW_PRACTITIONER_QA_M1_SKILL_08
DC_APP0297_M1_SKILL_01_000372,OB_DOCUMENT_SCREEN_PANEL_01_RECRUITER_EV_XP_APP0297_02_PROBLEM_M1_SKILL_01
DC_APP0297_M1_SKILL_01_000372,OB_FIRST_PANEL_07_ML_ENGINEER_EV_APP0297_FIRST_INTERVIEW_TECHNICAL_ASSESSMENT_M1_SKILL_01
DC_APP0297_M1_SKILL_01_000372,OB_FIRST_PANEL_07_HIRING_MANAGER_EV_APP0297_FIRST_INTERVIEW_TECHNICAL_ASSESSMENT_M1_SKILL_01
DC_APP0297_M1_SKILL_01_000372,OB_FIRST_PANEL_07_TECHNICAL_REVIEWER_EV_APP0297_FIRST_INTERVIEW_TECHNICAL_ASSESSMENT_M1_SKILL_01
DC_APP0297_M1_SKILL_01_000372,OB_FIRST_PANEL_07_ML_ENGINEER_EV_APP0297_FIRST_INTERVIEW_AI_CASE_M1_SKILL_01
DC_APP0297_M1_SKILL_01_000372,OB_FIRST_PANEL_07_HIRING_MANAGER_EV_APP0297_FIRST_INTERVIEW_AI_CASE_M1_SKILL_01
DC_APP0297_M1_SKILL_01_000372,OB_FIRST_PANEL_07_TECHNICAL_REVIEWER_EV_APP0297_FIRST_INTERVIEW_AI_CASE_M1_SKILL_01
DC_APP0297_M1_SKILL_02_000373,OB_FIRST_PANEL_07_ML_ENGINEER_EV_APP0297_FIRST_INTERVIEW_TECHNICAL_ASSESSMENT_M1_SKILL_02
DC_APP0297_M1_SKILL_02_000373,OB_FIRST_PANEL_07_HIRING_MANAGER_EV_APP0297_FIRST_INTERVIEW_TECHNICAL_ASSESSMENT_M1_SKILL_02
DC_APP0297_M1_SKILL_02_000373,OB_FIRST_PANEL_07_TECHNICAL_REVIEWER_EV_APP0297_FIRST_INTERVIEW_TECHNICAL_ASSESSMENT_M1_SKILL_02
DC_APP0297_M1_SKILL_03_000374,OB_DOCUMENT_SCREEN_PANEL_01_RECRUITER_EV_XP_APP0297_01_BUILD_M1_SKILL_03
DC_APP0297_M1_SKILL_03_000374,OB_DOCUMENT_SCREEN_PANEL_01_RECRUITER_EV_XP_APP0297_01_VALIDATE_M1_SKILL_03
DC_APP0297_M1_SKILL_03_000374,OB_DOCUMENT_SCREEN_PANEL_01_RECRUITER_EV_XP_APP0297_02_VALIDATE_M1_SKILL_03
DC_APP0297_M1_SKILL_03_000374,OB_REVIEW_ML_01_EV_APP0297_PRE_ASSESSMENT_CODING_TEST_M1_SKILL_03
DC_APP0297_M1_SKILL_03_000374,OB_REVIEW_HM_01_EV_APP0297_PRE_ASSESSMENT_CODING_TEST_M1_SKILL_03
DC_APP0297_M1_SKILL_03_000374,OB_FIRST_PANEL_07_ML_ENGINEER_EV_APP0297_FIRST_INTERVIEW_AI_CASE_M1_SKILL_03
DC_APP0297_M1_SKILL_03_000374,OB_FIRST_PANEL_07_HIRING_MANAGER_EV_APP0297_FIRST_INTERVIEW_AI_CASE_M1_SKILL_03
DC_APP0297_M1_SKILL_03_000374,OB_FIRST_PANEL_07_TECHNICAL_REVIEWER_EV_APP0297_FIRST_INTERVIEW_AI_CASE_M1_SKILL_03
DC_APP0297_M1_SKILL_04_000375,OB_FIRST_PANEL_07_ML_ENGINEER_EV_APP0297_FIRST_INTERVIEW_PRACTITIONER_QA_M1_SKILL_04
DC_APP0297_M1_SKILL_04_000375,OB_FIRST_PANEL_07_HIRING_MANAGER_EV_APP0297_FIRST_INTERVIEW_PRACTITIONER_QA_M1_SKILL_04
DC_APP0297_M1_SKILL_04_000375,OB_FIRST_PANEL_07_TECHNICAL_REVIEWER_EV_APP0297_FIRST_INTERVIEW_PRACTITIONER_QA_M1_SKILL_04
DC_APP0297_M1_SKILL_04_000375,OB_SECOND_INTERVIEW_PANEL_01_ML_ENGINEER_EV_APP0297_SECOND_INTERVIEW_VALUES_BEHAVIOR_INTERVIEW_M1_SKILL_04
DC_APP0297_M1_SKILL_04_000375,OB_SECOND_INTERVIEW_PANEL_01_HIRING_MANAGER_EV_APP0297_SECOND_INTERVIEW_VALUES_BEHAVIOR_INTERVIEW_M1_SKILL_04
DC_APP0297_M1_SKILL_05_000376,OB_FIRST_PANEL_07_ML_ENGINEER_EV_APP0297_FIRST_INTERVIEW_PRACTITIONER_QA_M1_SKILL_05
DC_APP0297_M1_SKILL_05_000376,OB_FIRST_PANEL_07_HIRING_MANAGER_EV_APP0297_FIRST_INTERVIEW_PRACTITIONER_QA_M1_SKILL_05
DC_APP0297_M1_SKILL_05_000376,OB_FIRST_PANEL_07_TECHNICAL_REVIEWER_EV_APP0297_FIRST_INTERVIEW_PRACTITIONER_QA_M1_SKILL_05
DC_APP0297_M1_SKILL_05_000376,OB_SECOND_INTERVIEW_PANEL_01_ML_ENGINEER_EV_APP0297_SECOND_INTERVIEW_VALUES_BEHAVIOR_INTERVIEW_M1_SKILL_05
DC_APP0297_M1_SKILL_05_000376,OB_SECOND_INTERVIEW_PANEL_01_HIRING_MANAGER_EV_APP0297_SECOND_INTERVIEW_VALUES_BEHAVIOR_INTERVIEW_M1_SKILL_05
DC_APP0297_M1_SKILL_05_000376,OB_FINAL_REVIEW_PANEL_01_ML_ENGINEER_EV_APP0297_FINAL_REVIEW_FOCUSED_FOLLOW_UP_M1_SKILL_05
DC_APP0297_M1_SKILL_05_000376,OB_FINAL_REVIEW_PANEL_01_HIRING_MANAGER_EV_APP0297_FINAL_REVIEW_FOCUSED_FOLLOW_UP_M1_SKILL_05
DC_APP0297_M1_SKILL_06_000377,OB_FIRST_PANEL_07_ML_ENGINEER_EV_APP0297_FIRST_INTERVIEW_PRACTITIONER_QA_M1_SKILL_06
DC_APP0297_M1_SKILL_06_000377,OB_FIRST_PANEL_07_HIRING_MANAGER_EV_APP0297_FIRST_INTERVIEW_PRACTITIONER_QA_M1_SKILL_06
DC_APP0297_M1_SKILL_06_000377,OB_FIRST_PANEL_07_TECHNICAL_REVIEWER_EV_APP0297_FIRST_INTERVIEW_PRACTITIONER_QA_M1_SKILL_06
DC_APP0297_M1_SKILL_07_000378,OB_FIRST_PANEL_07_ML_ENGINEER_EV_APP0297_FIRST_INTERVIEW_TECHNICAL_ASSESSMENT_M1_SKILL_07
DC_APP0297_M1_SKILL_07_000378,OB_FIRST_PANEL_07_HIRING_MANAGER_EV_APP0297_FIRST_INTERVIEW_TECHNICAL_ASSESSMENT_M1_SKILL_07
DC_APP0297_M1_SKILL_07_000378,OB_FIRST_PANEL_07_TECHNICAL_REVIEWER_EV_APP0297_FIRST_INTERVIEW_TECHNICAL_ASSESSMENT_M1_SKILL_07
DC_APP0297_M1_SKILL_08_000379,OB_FIRST_PANEL_07_ML_ENGINEER_EV_APP0297_FIRST_INTERVIEW_PRACTITIONER_QA_M1_SKILL_08
DC_APP0297_M1_SKILL_08_000379,OB_FIRST_PANEL_07_HIRING_MANAGER_EV_APP0297_FIRST_INTERVIEW_PRACTITIONER_QA_M1_SKILL_08
DC_APP0297_M1_SKILL_08_000379,OB_FIRST_PANEL_07_TECHNICAL_REVIEWER_EV_APP0297_FIRST_INTERVIEW_PRACTITIONER_QA_M1_SKILL_08
DC_APP0181_M1_SKILL_01_000380,OB_FIRST_PANEL_06_ML_ENGINEER_EV_APP0181_FIRST_INTERVIEW_TECHNICAL_ASSESSMENT_M1_SKILL_01
DC_APP0181_M1_SKILL_01_000380,OB_FIRST_PANEL_06_HIRING_MANAGER_EV_APP0181_FIRST_INTERVIEW_TECHNICAL_ASSESSMENT_M1_SKILL_01
DC_APP0181_M1_SKILL_01_000380,OB_FIRST_PANEL_06_TECHNICAL_REVIEWER_EV_APP0181_FIRST_INTERVIEW_TECHNICAL_ASSESSMENT_M1_SKILL_01
DC_APP0181_M1_SKILL_01_000380,OB_FIRST_PANEL_06_ML_ENGINEER_EV_APP0181_FIRST_INTERVIEW_AI_CASE_M1_SKILL_01
DC_APP0181_M1_SKILL_01_000380,OB_FIRST_PANEL_06_HIRING_MANAGER_EV_APP0181_FIRST_INTERVIEW_AI_CASE_M1_SKILL_01
DC_APP0181_M1_SKILL_01_000380,OB_FIRST_PANEL_06_TECHNICAL_REVIEWER_EV_APP0181_FIRST_INTERVIEW_AI_CASE_M1_SKILL_01
DC_APP0181_M1_SKILL_02_000381,OB_FIRST_PANEL_06_ML_ENGINEER_EV_APP0181_FIRST_INTERVIEW_TECHNICAL_ASSESSMENT_M1_SKILL_02
DC_APP0181_M1_SKILL_02_000381,OB_FIRST_PANEL_06_HIRING_MANAGER_EV_APP0181_FIRST_INTERVIEW_TECHNICAL_ASSESSMENT_M1_SKILL_02
DC_APP0181_M1_SKILL_02_000381,OB_FIRST_PANEL_06_TECHNICAL_REVIEWER_EV_APP0181_FIRST_INTERVIEW_TECHNICAL_ASSESSMENT_M1_SKILL_02
DC_APP0181_M1_SKILL_03_000382,OB_DOCUMENT_SCREEN_PANEL_01_RECRUITER_EV_XP_APP0181_01_VALIDATE_M1_SKILL_03
DC_APP0181_M1_SKILL_03_000382,OB_DOCUMENT_SCREEN_PANEL_01_RECRUITER_EV_XP_APP0181_02_BUILD_M1_SKILL_03
DC_APP0181_M1_SKILL_03_000382,OB_DOCUMENT_SCREEN_PANEL_01_RECRUITER_EV_XP_APP0181_02_VALIDATE_M1_SKILL_03
DC_APP0181_M1_SKILL_03_000382,OB_REVIEW_ML_01_EV_APP0181_PRE_ASSESSMENT_CODING_TEST_M1_SKILL_03
DC_APP0181_M1_SKILL_03_000382,OB_REVIEW_HM_01_EV_APP0181_PRE_ASSESSMENT_CODING_TEST_M1_SKILL_03
DC_APP0181_M1_SKILL_03_000382,OB_FIRST_PANEL_06_ML_ENGINEER_EV_APP0181_FIRST_INTERVIEW_AI_CASE_M1_SKILL_03
DC_APP0181_M1_SKILL_03_000382,OB_FIRST_PANEL_06_HIRING_MANAGER_EV_APP0181_FIRST_INTERVIEW_AI_CASE_M1_SKILL_03
DC_APP0181_M1_SKILL_03_000382,OB_FIRST_PANEL_06_TECHNICAL_REVIEWER_EV_APP0181_FIRST_INTERVIEW_AI_CASE_M1_SKILL_03
DC_APP0181_M1_SKILL_04_000383,OB_FIRST_PANEL_06_ML_ENGINEER_EV_APP0181_FIRST_INTERVIEW_PRACTITIONER_QA_M1_SKILL_04
DC_APP0181_M1_SKILL_04_000383,OB_FIRST_PANEL_06_HIRING_MANAGER_EV_APP0181_FIRST_INTERVIEW_PRACTITIONER_QA_M1_SKILL_04
DC_APP0181_M1_SKILL_04_000383,OB_FIRST_PANEL_06_TECHNICAL_REVIEWER_EV_APP0181_FIRST_INTERVIEW_PRACTITIONER_QA_M1_SKILL_04
DC_APP0181_M1_SKILL_04_000383,OB_SECOND_INTERVIEW_PANEL_01_ML_ENGINEER_EV_APP0181_SECOND_INTERVIEW_VALUES_BEHAVIOR_INTERVIEW_M1_SKILL_04
DC_APP0181_M1_SKILL_04_000383,OB_SECOND_INTERVIEW_PANEL_01_HIRING_MANAGER_EV_APP0181_SECOND_INTERVIEW_VALUES_BEHAVIOR_INTERVIEW_M1_SKILL_04
DC_APP0181_M1_SKILL_05_000384,OB_FIRST_PANEL_06_ML_ENGINEER_EV_APP0181_FIRST_INTERVIEW_PRACTITIONER_QA_M1_SKILL_05
DC_APP0181_M1_SKILL_05_000384,OB_FIRST_PANEL_06_HIRING_MANAGER_EV_APP0181_FIRST_INTERVIEW_PRACTITIONER_QA_M1_SKILL_05
DC_APP0181_M1_SKILL_05_000384,OB_FIRST_PANEL_06_TECHNICAL_REVIEWER_EV_APP0181_FIRST_INTERVIEW_PRACTITIONER_QA_M1_SKILL_05
DC_APP0181_M1_SKILL_05_000384,OB_SECOND_INTERVIEW_PANEL_01_ML_ENGINEER_EV_APP0181_SECOND_INTERVIEW_VALUES_BEHAVIOR_INTERVIEW_M1_SKILL_05
DC_APP0181_M1_SKILL_05_000384,OB_SECOND_INTERVIEW_PANEL_01_HIRING_MANAGER_EV_APP0181_SECOND_INTERVIEW_VALUES_BEHAVIOR_INTERVIEW_M1_SKILL_05
DC_APP0181_M1_SKILL_06_000385,OB_FIRST_PANEL_06_ML_ENGINEER_EV_APP0181_FIRST_INTERVIEW_PRACTITIONER_QA_M1_SKILL_06
DC_APP0181_M1_SKILL_06_000385,OB_FIRST_PANEL_06_HIRING_MANAGER_EV_APP0181_FIRST_INTERVIEW_PRACTITIONER_QA_M1_SKILL_06
DC_APP0181_M1_SKILL_06_000385,OB_FIRST_PANEL_06_TECHNICAL_REVIEWER_EV_APP0181_FIRST_INTERVIEW_PRACTITIONER_QA_M1_SKILL_06
DC_APP0181_M1_SKILL_07_000386,OB_FIRST_PANEL_06_ML_ENGINEER_EV_APP0181_FIRST_INTERVIEW_TECHNICAL_ASSESSMENT_M1_SKILL_07
DC_APP0181_M1_SKILL_07_000386,OB_FIRST_PANEL_06_HIRING_MANAGER_EV_APP0181_FIRST_INTERVIEW_TECHNICAL_ASSESSMENT_M1_SKILL_07
DC_APP0181_M1_SKILL_07_000386,OB_FIRST_PANEL_06_TECHNICAL_REVIEWER_EV_APP0181_FIRST_INTERVIEW_TECHNICAL_ASSESSMENT_M1_SKILL_07
DC_APP0181_M1_SKILL_08_000387,OB_FIRST_PANEL_06_ML_ENGINEER_EV_APP0181_FIRST_INTERVIEW_PRACTITIONER_QA_M1_SKILL_08
DC_APP0181_M1_SKILL_08_000387,OB_FIRST_PANEL_06_HIRING_MANAGER_EV_APP0181_FIRST_INTERVIEW_PRACTITIONER_QA_M1_SKILL_08
DC_APP0181_M1_SKILL_08_000387,OB_FIRST_PANEL_06_TECHNICAL_REVIEWER_EV_APP0181_FIRST_INTERVIEW_PRACTITIONER_QA_M1_SKILL_08
DC_APP0228_M1_SKILL_01_000388,OB_FIRST_PANEL_10_ML_ENGINEER_EV_APP0228_FIRST_INTERVIEW_TECHNICAL_ASSESSMENT_M1_SKILL_01
DC_APP0228_M1_SKILL_01_000388,OB_FIRST_PANEL_10_HIRING_MANAGER_EV_APP0228_FIRST_INTERVIEW_TECHNICAL_ASSESSMENT_M1_SKILL_01
DC_APP0228_M1_SKILL_01_000388,OB_FIRST_PANEL_10_TECHNICAL_REVIEWER_EV_APP0228_FIRST_INTERVIEW_TECHNICAL_ASSESSMENT_M1_SKILL_01
DC_APP0228_M1_SKILL_01_000388,OB_FIRST_PANEL_10_ML_ENGINEER_EV_APP0228_FIRST_INTERVIEW_AI_CASE_M1_SKILL_01
DC_APP0228_M1_SKILL_01_000388,OB_FIRST_PANEL_10_HIRING_MANAGER_EV_APP0228_FIRST_INTERVIEW_AI_CASE_M1_SKILL_01
DC_APP0228_M1_SKILL_01_000388,OB_FIRST_PANEL_10_TECHNICAL_REVIEWER_EV_APP0228_FIRST_INTERVIEW_AI_CASE_M1_SKILL_01
DC_APP0228_M1_SKILL_02_000389,OB_FIRST_PANEL_10_ML_ENGINEER_EV_APP0228_FIRST_INTERVIEW_TECHNICAL_ASSESSMENT_M1_SKILL_02
DC_APP0228_M1_SKILL_02_000389,OB_FIRST_PANEL_10_HIRING_MANAGER_EV_APP0228_FIRST_INTERVIEW_TECHNICAL_ASSESSMENT_M1_SKILL_02
DC_APP0228_M1_SKILL_02_000389,OB_FIRST_PANEL_10_TECHNICAL_REVIEWER_EV_APP0228_FIRST_INTERVIEW_TECHNICAL_ASSESSMENT_M1_SKILL_02
DC_APP0228_M1_SKILL_03_000390,OB_DOCUMENT_SCREEN_PANEL_01_RECRUITER_EV_XP_APP0228_01_BUILD_M1_SKILL_03
DC_APP0228_M1_SKILL_03_000390,OB_DOCUMENT_SCREEN_PANEL_01_RECRUITER_EV_XP_APP0228_01_VALIDATE_M1_SKILL_03
DC_APP0228_M1_SKILL_03_000390,OB_DOCUMENT_SCREEN_PANEL_01_RECRUITER_EV_XP_APP0228_02_BUILD_M1_SKILL_03
DC_APP0228_M1_SKILL_03_000390,OB_DOCUMENT_SCREEN_PANEL_01_RECRUITER_EV_XP_APP0228_02_VALIDATE_M1_SKILL_03
DC_APP0228_M1_SKILL_03_000390,OB_REVIEW_ML_01_EV_APP0228_PRE_ASSESSMENT_CODING_TEST_M1_SKILL_03
DC_APP0228_M1_SKILL_03_000390,OB_REVIEW_HM_01_EV_APP0228_PRE_ASSESSMENT_CODING_TEST_M1_SKILL_03
DC_APP0228_M1_SKILL_03_000390,OB_FIRST_PANEL_10_ML_ENGINEER_EV_APP0228_FIRST_INTERVIEW_AI_CASE_M1_SKILL_03
DC_APP0228_M1_SKILL_03_000390,OB_FIRST_PANEL_10_HIRING_MANAGER_EV_APP0228_FIRST_INTERVIEW_AI_CASE_M1_SKILL_03
DC_APP0228_M1_SKILL_03_000390,OB_FIRST_PANEL_10_TECHNICAL_REVIEWER_EV_APP0228_FIRST_INTERVIEW_AI_CASE_M1_SKILL_03
DC_APP0228_M1_SKILL_04_000391,OB_FIRST_PANEL_10_ML_ENGINEER_EV_APP0228_FIRST_INTERVIEW_PRACTITIONER_QA_M1_SKILL_04
DC_APP0228_M1_SKILL_04_000391,OB_FIRST_PANEL_10_HIRING_MANAGER_EV_APP0228_FIRST_INTERVIEW_PRACTITIONER_QA_M1_SKILL_04
DC_APP0228_M1_SKILL_04_000391,OB_FIRST_PANEL_10_TECHNICAL_REVIEWER_EV_APP0228_FIRST_INTERVIEW_PRACTITIONER_QA_M1_SKILL_04
DC_APP0228_M1_SKILL_04_000391,OB_SECOND_INTERVIEW_PANEL_01_ML_ENGINEER_EV_APP0228_SECOND_INTERVIEW_VALUES_BEHAVIOR_INTERVIEW_M1_SKILL_04
DC_APP0228_M1_SKILL_04_000391,OB_SECOND_INTERVIEW_PANEL_01_HIRING_MANAGER_EV_APP0228_SECOND_INTERVIEW_VALUES_BEHAVIOR_INTERVIEW_M1_SKILL_04
DC_APP0228_M1_SKILL_05_000392,OB_FIRST_PANEL_10_ML_ENGINEER_EV_APP0228_FIRST_INTERVIEW_PRACTITIONER_QA_M1_SKILL_05
DC_APP0228_M1_SKILL_05_000392,OB_FIRST_PANEL_10_HIRING_MANAGER_EV_APP0228_FIRST_INTERVIEW_PRACTITIONER_QA_M1_SKILL_05
DC_APP0228_M1_SKILL_05_000392,OB_FIRST_PANEL_10_TECHNICAL_REVIEWER_EV_APP0228_FIRST_INTERVIEW_PRACTITIONER_QA_M1_SKILL_05
DC_APP0228_M1_SKILL_05_000392,OB_SECOND_INTERVIEW_PANEL_01_ML_ENGINEER_EV_APP0228_SECOND_INTERVIEW_VALUES_BEHAVIOR_INTERVIEW_M1_SKILL_05
DC_APP0228_M1_SKILL_05_000392,OB_SECOND_INTERVIEW_PANEL_01_HIRING_MANAGER_EV_APP0228_SECOND_INTERVIEW_VALUES_BEHAVIOR_INTERVIEW_M1_SKILL_05
DC_APP0228_M1_SKILL_06_000393,OB_FIRST_PANEL_10_ML_ENGINEER_EV_APP0228_FIRST_INTERVIEW_PRACTITIONER_QA_M1_SKILL_06
DC_APP0228_M1_SKILL_06_000393,OB_FIRST_PANEL_10_HIRING_MANAGER_EV_APP0228_FIRST_INTERVIEW_PRACTITIONER_QA_M1_SKILL_06
DC_APP0228_M1_SKILL_06_000393,OB_FIRST_PANEL_10_TECHNICAL_REVIEWER_EV_APP0228_FIRST_INTERVIEW_PRACTITIONER_QA_M1_SKILL_06
DC_APP0228_M1_SKILL_07_000394,OB_FIRST_PANEL_10_ML_ENGINEER_EV_APP0228_FIRST_INTERVIEW_TECHNICAL_ASSESSMENT_M1_SKILL_07
DC_APP0228_M1_SKILL_07_000394,OB_FIRST_PANEL_10_HIRING_MANAGER_EV_APP0228_FIRST_INTERVIEW_TECHNICAL_ASSESSMENT_M1_SKILL_07
DC_APP0228_M1_SKILL_07_000394,OB_FIRST_PANEL_10_TECHNICAL_REVIEWER_EV_APP0228_FIRST_INTERVIEW_TECHNICAL_ASSESSMENT_M1_SKILL_07
DC_APP0228_M1_SKILL_08_000395,OB_FIRST_PANEL_10_ML_ENGINEER_EV_APP0228_FIRST_INTERVIEW_PRACTITIONER_QA_M1_SKILL_08
DC_APP0228_M1_SKILL_08_000395,OB_FIRST_PANEL_10_HIRING_MANAGER_EV_APP0228_FIRST_INTERVIEW_PRACTITIONER_QA_M1_SKILL_08
DC_APP0228_M1_SKILL_08_000395,OB_FIRST_PANEL_10_TECHNICAL_REVIEWER_EV_APP0228_FIRST_INTERVIEW_PRACTITIONER_QA_M1_SKILL_08
DC_APP0228_M1_SKILL_01_000396,OB_FIRST_PANEL_10_ML_ENGINEER_EV_APP0228_FIRST_INTERVIEW_TECHNICAL_ASSESSMENT_M1_SKILL_01
DC_APP0228_M1_SKILL_01_000396,OB_FIRST_PANEL_10_HIRING_MANAGER_EV_APP0228_FIRST_INTERVIEW_TECHNICAL_ASSESSMENT_M1_SKILL_01
DC_APP0228_M1_SKILL_01_000396,OB_FIRST_PANEL_10_TECHNICAL_REVIEWER_EV_APP0228_FIRST_INTERVIEW_TECHNICAL_ASSESSMENT_M1_SKILL_01
DC_APP0228_M1_SKILL_01_000396,OB_FIRST_PANEL_10_ML_ENGINEER_EV_APP0228_FIRST_INTERVIEW_AI_CASE_M1_SKILL_01
DC_APP0228_M1_SKILL_01_000396,OB_FIRST_PANEL_10_HIRING_MANAGER_EV_APP0228_FIRST_INTERVIEW_AI_CASE_M1_SKILL_01
DC_APP0228_M1_SKILL_01_000396,OB_FIRST_PANEL_10_TECHNICAL_REVIEWER_EV_APP0228_FIRST_INTERVIEW_AI_CASE_M1_SKILL_01
DC_APP0228_M1_SKILL_02_000397,OB_FIRST_PANEL_10_ML_ENGINEER_EV_APP0228_FIRST_INTERVIEW_TECHNICAL_ASSESSMENT_M1_SKILL_02
DC_APP0228_M1_SKILL_02_000397,OB_FIRST_PANEL_10_HIRING_MANAGER_EV_APP0228_FIRST_INTERVIEW_TECHNICAL_ASSESSMENT_M1_SKILL_02
DC_APP0228_M1_SKILL_02_000397,OB_FIRST_PANEL_10_TECHNICAL_REVIEWER_EV_APP0228_FIRST_INTERVIEW_TECHNICAL_ASSESSMENT_M1_SKILL_02
DC_APP0228_M1_SKILL_03_000398,OB_DOCUMENT_SCREEN_PANEL_01_RECRUITER_EV_XP_APP0228_01_BUILD_M1_SKILL_03
DC_APP0228_M1_SKILL_03_000398,OB_DOCUMENT_SCREEN_PANEL_01_RECRUITER_EV_XP_APP0228_01_VALIDATE_M1_SKILL_03
DC_APP0228_M1_SKILL_03_000398,OB_DOCUMENT_SCREEN_PANEL_01_RECRUITER_EV_XP_APP0228_02_BUILD_M1_SKILL_03
DC_APP0228_M1_SKILL_03_000398,OB_DOCUMENT_SCREEN_PANEL_01_RECRUITER_EV_XP_APP0228_02_VALIDATE_M1_SKILL_03
DC_APP0228_M1_SKILL_03_000398,OB_REVIEW_ML_01_EV_APP0228_PRE_ASSESSMENT_CODING_TEST_M1_SKILL_03
DC_APP0228_M1_SKILL_03_000398,OB_REVIEW_HM_01_EV_APP0228_PRE_ASSESSMENT_CODING_TEST_M1_SKILL_03
DC_APP0228_M1_SKILL_03_000398,OB_FIRST_PANEL_10_ML_ENGINEER_EV_APP0228_FIRST_INTERVIEW_AI_CASE_M1_SKILL_03
DC_APP0228_M1_SKILL_03_000398,OB_FIRST_PANEL_10_HIRING_MANAGER_EV_APP0228_FIRST_INTERVIEW_AI_CASE_M1_SKILL_03
DC_APP0228_M1_SKILL_03_000398,OB_FIRST_PANEL_10_TECHNICAL_REVIEWER_EV_APP0228_FIRST_INTERVIEW_AI_CASE_M1_SKILL_03
DC_APP0228_M1_SKILL_04_000399,OB_FIRST_PANEL_10_ML_ENGINEER_EV_APP0228_FIRST_INTERVIEW_PRACTITIONER_QA_M1_SKILL_04
DC_APP0228_M1_SKILL_04_000399,OB_FIRST_PANEL_10_HIRING_MANAGER_EV_APP0228_FIRST_INTERVIEW_PRACTITIONER_QA_M1_SKILL_04
DC_APP0228_M1_SKILL_04_000399,OB_FIRST_PANEL_10_TECHNICAL_REVIEWER_EV_APP0228_FIRST_INTERVIEW_PRACTITIONER_QA_M1_SKILL_04
DC_APP0228_M1_SKILL_04_000399,OB_SECOND_INTERVIEW_PANEL_01_ML_ENGINEER_EV_APP0228_SECOND_INTERVIEW_VALUES_BEHAVIOR_INTERVIEW_M1_SKILL_04
DC_APP0228_M1_SKILL_04_000399,OB_SECOND_INTERVIEW_PANEL_01_HIRING_MANAGER_EV_APP0228_SECOND_INTERVIEW_VALUES_BEHAVIOR_INTERVIEW_M1_SKILL_04
DC_APP0228_M1_SKILL_04_000399,OB_FINAL_REVIEW_PANEL_01_ML_ENGINEER_EV_APP0228_FINAL_REVIEW_FOCUSED_FOLLOW_UP_M1_SKILL_04
DC_APP0228_M1_SKILL_04_000399,OB_FINAL_REVIEW_PANEL_01_HIRING_MANAGER_EV_APP0228_FINAL_REVIEW_FOCUSED_FOLLOW_UP_M1_SKILL_04
DC_APP0228_M1_SKILL_05_000400,OB_FIRST_PANEL_10_ML_ENGINEER_EV_APP0228_FIRST_INTERVIEW_PRACTITIONER_QA_M1_SKILL_05
DC_APP0228_M1_SKILL_05_000400,OB_FIRST_PANEL_10_HIRING_MANAGER_EV_APP0228_FIRST_INTERVIEW_PRACTITIONER_QA_M1_SKILL_05
DC_APP0228_M1_SKILL_05_000400,OB_FIRST_PANEL_10_TECHNICAL_REVIEWER_EV_APP0228_FIRST_INTERVIEW_PRACTITIONER_QA_M1_SKILL_05
DC_APP0228_M1_SKILL_05_000400,OB_SECOND_INTERVIEW_PANEL_01_ML_ENGINEER_EV_APP0228_SECOND_INTERVIEW_VALUES_BEHAVIOR_INTERVIEW_M1_SKILL_05
DC_APP0228_M1_SKILL_05_000400,OB_SECOND_INTERVIEW_PANEL_01_HIRING_MANAGER_EV_APP0228_SECOND_INTERVIEW_VALUES_BEHAVIOR_INTERVIEW_M1_SKILL_05
DC_APP0228_M1_SKILL_06_000401,OB_FIRST_PANEL_10_ML_ENGINEER_EV_APP0228_FIRST_INTERVIEW_PRACTITIONER_QA_M1_SKILL_06
DC_APP0228_M1_SKILL_06_000401,OB_FIRST_PANEL_10_HIRING_MANAGER_EV_APP0228_FIRST_INTERVIEW_PRACTITIONER_QA_M1_SKILL_06
DC_APP0228_M1_SKILL_06_000401,OB_FIRST_PANEL_10_TECHNICAL_REVIEWER_EV_APP0228_FIRST_INTERVIEW_PRACTITIONER_QA_M1_SKILL_06
DC_APP0228_M1_SKILL_07_000402,OB_FIRST_PANEL_10_ML_ENGINEER_EV_APP0228_FIRST_INTERVIEW_TECHNICAL_ASSESSMENT_M1_SKILL_07
DC_APP0228_M1_SKILL_07_000402,OB_FIRST_PANEL_10_HIRING_MANAGER_EV_APP0228_FIRST_INTERVIEW_TECHNICAL_ASSESSMENT_M1_SKILL_07
DC_APP0228_M1_SKILL_07_000402,OB_FIRST_PANEL_10_TECHNICAL_REVIEWER_EV_APP0228_FIRST_INTERVIEW_TECHNICAL_ASSESSMENT_M1_SKILL_07
DC_APP0228_M1_SKILL_08_000403,OB_FIRST_PANEL_10_ML_ENGINEER_EV_APP0228_FIRST_INTERVIEW_PRACTITIONER_QA_M1_SKILL_08
DC_APP0228_M1_SKILL_08_000403,OB_FIRST_PANEL_10_HIRING_MANAGER_EV_APP0228_FIRST_INTERVIEW_PRACTITIONER_QA_M1_SKILL_08
DC_APP0228_M1_SKILL_08_000403,OB_FIRST_PANEL_10_TECHNICAL_REVIEWER_EV_APP0228_FIRST_INTERVIEW_PRACTITIONER_QA_M1_SKILL_08
DC_APP0082_M1_SKILL_01_000404,OB_DOCUMENT_SCREEN_PANEL_01_RECRUITER_EV_XP_APP0082_01_PROBLEM_M1_SKILL_01
DC_APP0082_M1_SKILL_01_000404,OB_DOCUMENT_SCREEN_PANEL_01_RECRUITER_EV_XP_APP0082_02_PROBLEM_M1_SKILL_01
DC_APP0082_M1_SKILL_01_000404,OB_FIRST_PANEL_09_ML_ENGINEER_EV_APP0082_FIRST_INTERVIEW_TECHNICAL_ASSESSMENT_M1_SKILL_01
DC_APP0082_M1_SKILL_01_000404,OB_FIRST_PANEL_09_HIRING_MANAGER_EV_APP0082_FIRST_INTERVIEW_TECHNICAL_ASSESSMENT_M1_SKILL_01
DC_APP0082_M1_SKILL_01_000404,OB_FIRST_PANEL_09_TECHNICAL_REVIEWER_EV_APP0082_FIRST_INTERVIEW_TECHNICAL_ASSESSMENT_M1_SKILL_01
DC_APP0082_M1_SKILL_01_000404,OB_FIRST_PANEL_09_ML_ENGINEER_EV_APP0082_FIRST_INTERVIEW_AI_CASE_M1_SKILL_01
DC_APP0082_M1_SKILL_01_000404,OB_FIRST_PANEL_09_HIRING_MANAGER_EV_APP0082_FIRST_INTERVIEW_AI_CASE_M1_SKILL_01
DC_APP0082_M1_SKILL_01_000404,OB_FIRST_PANEL_09_TECHNICAL_REVIEWER_EV_APP0082_FIRST_INTERVIEW_AI_CASE_M1_SKILL_01
DC_APP0082_M1_SKILL_02_000405,OB_FIRST_PANEL_09_ML_ENGINEER_EV_APP0082_FIRST_INTERVIEW_TECHNICAL_ASSESSMENT_M1_SKILL_02
DC_APP0082_M1_SKILL_02_000405,OB_FIRST_PANEL_09_HIRING_MANAGER_EV_APP0082_FIRST_INTERVIEW_TECHNICAL_ASSESSMENT_M1_SKILL_02
DC_APP0082_M1_SKILL_02_000405,OB_FIRST_PANEL_09_TECHNICAL_REVIEWER_EV_APP0082_FIRST_INTERVIEW_TECHNICAL_ASSESSMENT_M1_SKILL_02
DC_APP0082_M1_SKILL_03_000406,OB_DOCUMENT_SCREEN_PANEL_01_RECRUITER_EV_XP_APP0082_01_VALIDATE_M1_SKILL_03
DC_APP0082_M1_SKILL_03_000406,OB_REVIEW_ML_01_EV_APP0082_PRE_ASSESSMENT_CODING_TEST_M1_SKILL_03
DC_APP0082_M1_SKILL_03_000406,OB_REVIEW_HM_01_EV_APP0082_PRE_ASSESSMENT_CODING_TEST_M1_SKILL_03
DC_APP0082_M1_SKILL_03_000406,OB_FIRST_PANEL_09_ML_ENGINEER_EV_APP0082_FIRST_INTERVIEW_AI_CASE_M1_SKILL_03
DC_APP0082_M1_SKILL_03_000406,OB_FIRST_PANEL_09_HIRING_MANAGER_EV_APP0082_FIRST_INTERVIEW_AI_CASE_M1_SKILL_03
DC_APP0082_M1_SKILL_03_000406,OB_FIRST_PANEL_09_TECHNICAL_REVIEWER_EV_APP0082_FIRST_INTERVIEW_AI_CASE_M1_SKILL_03
DC_APP0082_M1_SKILL_04_000407,OB_FIRST_PANEL_09_ML_ENGINEER_EV_APP0082_FIRST_INTERVIEW_PRACTITIONER_QA_M1_SKILL_04
DC_APP0082_M1_SKILL_04_000407,OB_FIRST_PANEL_09_HIRING_MANAGER_EV_APP0082_FIRST_INTERVIEW_PRACTITIONER_QA_M1_SKILL_04
DC_APP0082_M1_SKILL_04_000407,OB_FIRST_PANEL_09_TECHNICAL_REVIEWER_EV_APP0082_FIRST_INTERVIEW_PRACTITIONER_QA_M1_SKILL_04
DC_APP0082_M1_SKILL_04_000407,OB_SECOND_INTERVIEW_PANEL_01_ML_ENGINEER_EV_APP0082_SECOND_INTERVIEW_VALUES_BEHAVIOR_INTERVIEW_M1_SKILL_04
DC_APP0082_M1_SKILL_04_000407,OB_SECOND_INTERVIEW_PANEL_01_HIRING_MANAGER_EV_APP0082_SECOND_INTERVIEW_VALUES_BEHAVIOR_INTERVIEW_M1_SKILL_04
DC_APP0082_M1_SKILL_05_000408,OB_FIRST_PANEL_09_ML_ENGINEER_EV_APP0082_FIRST_INTERVIEW_PRACTITIONER_QA_M1_SKILL_05
DC_APP0082_M1_SKILL_05_000408,OB_FIRST_PANEL_09_HIRING_MANAGER_EV_APP0082_FIRST_INTERVIEW_PRACTITIONER_QA_M1_SKILL_05
DC_APP0082_M1_SKILL_05_000408,OB_FIRST_PANEL_09_TECHNICAL_REVIEWER_EV_APP0082_FIRST_INTERVIEW_PRACTITIONER_QA_M1_SKILL_05
DC_APP0082_M1_SKILL_05_000408,OB_SECOND_INTERVIEW_PANEL_01_ML_ENGINEER_EV_APP0082_SECOND_INTERVIEW_VALUES_BEHAVIOR_INTERVIEW_M1_SKILL_05
DC_APP0082_M1_SKILL_05_000408,OB_SECOND_INTERVIEW_PANEL_01_HIRING_MANAGER_EV_APP0082_SECOND_INTERVIEW_VALUES_BEHAVIOR_INTERVIEW_M1_SKILL_05
DC_APP0082_M1_SKILL_06_000409,OB_FIRST_PANEL_09_ML_ENGINEER_EV_APP0082_FIRST_INTERVIEW_PRACTITIONER_QA_M1_SKILL_06
DC_APP0082_M1_SKILL_06_000409,OB_FIRST_PANEL_09_HIRING_MANAGER_EV_APP0082_FIRST_INTERVIEW_PRACTITIONER_QA_M1_SKILL_06
DC_APP0082_M1_SKILL_06_000409,OB_FIRST_PANEL_09_TECHNICAL_REVIEWER_EV_APP0082_FIRST_INTERVIEW_PRACTITIONER_QA_M1_SKILL_06
DC_APP0082_M1_SKILL_07_000410,OB_FIRST_PANEL_09_ML_ENGINEER_EV_APP0082_FIRST_INTERVIEW_TECHNICAL_ASSESSMENT_M1_SKILL_07
DC_APP0082_M1_SKILL_07_000410,OB_FIRST_PANEL_09_HIRING_MANAGER_EV_APP0082_FIRST_INTERVIEW_TECHNICAL_ASSESSMENT_M1_SKILL_07
DC_APP0082_M1_SKILL_07_000410,OB_FIRST_PANEL_09_TECHNICAL_REVIEWER_EV_APP0082_FIRST_INTERVIEW_TECHNICAL_ASSESSMENT_M1_SKILL_07
DC_APP0082_M1_SKILL_08_000411,OB_FIRST_PANEL_09_ML_ENGINEER_EV_APP0082_FIRST_INTERVIEW_PRACTITIONER_QA_M1_SKILL_08
DC_APP0082_M1_SKILL_08_000411,OB_FIRST_PANEL_09_HIRING_MANAGER_EV_APP0082_FIRST_INTERVIEW_PRACTITIONER_QA_M1_SKILL_08
DC_APP0082_M1_SKILL_08_000411,OB_FIRST_PANEL_09_TECHNICAL_REVIEWER_EV_APP0082_FIRST_INTERVIEW_PRACTITIONER_QA_M1_SKILL_08
DC_APP0342_M1_SKILL_01_000412,OB_DOCUMENT_SCREEN_PANEL_01_RECRUITER_EV_XP_APP0342_02_PROBLEM_M1_SKILL_01
DC_APP0342_M1_SKILL_01_000412,OB_FIRST_PANEL_10_ML_ENGINEER_EV_APP0342_FIRST_INTERVIEW_TECHNICAL_ASSESSMENT_M1_SKILL_01
DC_APP0342_M1_SKILL_01_000412,OB_FIRST_PANEL_10_HIRING_MANAGER_EV_APP0342_FIRST_INTERVIEW_TECHNICAL_ASSESSMENT_M1_SKILL_01
DC_APP0342_M1_SKILL_01_000412,OB_FIRST_PANEL_10_TECHNICAL_REVIEWER_EV_APP0342_FIRST_INTERVIEW_TECHNICAL_ASSESSMENT_M1_SKILL_01
DC_APP0342_M1_SKILL_01_000412,OB_FIRST_PANEL_10_ML_ENGINEER_EV_APP0342_FIRST_INTERVIEW_AI_CASE_M1_SKILL_01
DC_APP0342_M1_SKILL_01_000412,OB_FIRST_PANEL_10_HIRING_MANAGER_EV_APP0342_FIRST_INTERVIEW_AI_CASE_M1_SKILL_01
DC_APP0342_M1_SKILL_01_000412,OB_FIRST_PANEL_10_TECHNICAL_REVIEWER_EV_APP0342_FIRST_INTERVIEW_AI_CASE_M1_SKILL_01
DC_APP0342_M1_SKILL_02_000413,OB_FIRST_PANEL_10_ML_ENGINEER_EV_APP0342_FIRST_INTERVIEW_TECHNICAL_ASSESSMENT_M1_SKILL_02
DC_APP0342_M1_SKILL_02_000413,OB_FIRST_PANEL_10_HIRING_MANAGER_EV_APP0342_FIRST_INTERVIEW_TECHNICAL_ASSESSMENT_M1_SKILL_02
DC_APP0342_M1_SKILL_02_000413,OB_FIRST_PANEL_10_TECHNICAL_REVIEWER_EV_APP0342_FIRST_INTERVIEW_TECHNICAL_ASSESSMENT_M1_SKILL_02
DC_APP0342_M1_SKILL_03_000414,OB_DOCUMENT_SCREEN_PANEL_01_RECRUITER_EV_XP_APP0342_01_BUILD_M1_SKILL_03
DC_APP0342_M1_SKILL_03_000414,OB_DOCUMENT_SCREEN_PANEL_01_RECRUITER_EV_XP_APP0342_01_VALIDATE_M1_SKILL_03
DC_APP0342_M1_SKILL_03_000414,OB_DOCUMENT_SCREEN_PANEL_01_RECRUITER_EV_XP_APP0342_02_VALIDATE_M1_SKILL_03
DC_APP0342_M1_SKILL_03_000414,OB_REVIEW_ML_01_EV_APP0342_PRE_ASSESSMENT_CODING_TEST_M1_SKILL_03
DC_APP0342_M1_SKILL_03_000414,OB_REVIEW_HM_01_EV_APP0342_PRE_ASSESSMENT_CODING_TEST_M1_SKILL_03
DC_APP0342_M1_SKILL_03_000414,OB_FIRST_PANEL_10_ML_ENGINEER_EV_APP0342_FIRST_INTERVIEW_AI_CASE_M1_SKILL_03
DC_APP0342_M1_SKILL_03_000414,OB_FIRST_PANEL_10_HIRING_MANAGER_EV_APP0342_FIRST_INTERVIEW_AI_CASE_M1_SKILL_03
DC_APP0342_M1_SKILL_03_000414,OB_FIRST_PANEL_10_TECHNICAL_REVIEWER_EV_APP0342_FIRST_INTERVIEW_AI_CASE_M1_SKILL_03
DC_APP0342_M1_SKILL_04_000415,OB_FIRST_PANEL_10_ML_ENGINEER_EV_APP0342_FIRST_INTERVIEW_PRACTITIONER_QA_M1_SKILL_04
DC_APP0342_M1_SKILL_04_000415,OB_FIRST_PANEL_10_HIRING_MANAGER_EV_APP0342_FIRST_INTERVIEW_PRACTITIONER_QA_M1_SKILL_04
DC_APP0342_M1_SKILL_04_000415,OB_FIRST_PANEL_10_TECHNICAL_REVIEWER_EV_APP0342_FIRST_INTERVIEW_PRACTITIONER_QA_M1_SKILL_04
DC_APP0342_M1_SKILL_04_000415,OB_SECOND_INTERVIEW_PANEL_01_ML_ENGINEER_EV_APP0342_SECOND_INTERVIEW_VALUES_BEHAVIOR_INTERVIEW_M1_SKILL_04
DC_APP0342_M1_SKILL_04_000415,OB_SECOND_INTERVIEW_PANEL_01_HIRING_MANAGER_EV_APP0342_SECOND_INTERVIEW_VALUES_BEHAVIOR_INTERVIEW_M1_SKILL_04
DC_APP0342_M1_SKILL_05_000416,OB_FIRST_PANEL_10_ML_ENGINEER_EV_APP0342_FIRST_INTERVIEW_PRACTITIONER_QA_M1_SKILL_05
DC_APP0342_M1_SKILL_05_000416,OB_FIRST_PANEL_10_HIRING_MANAGER_EV_APP0342_FIRST_INTERVIEW_PRACTITIONER_QA_M1_SKILL_05
DC_APP0342_M1_SKILL_05_000416,OB_FIRST_PANEL_10_TECHNICAL_REVIEWER_EV_APP0342_FIRST_INTERVIEW_PRACTITIONER_QA_M1_SKILL_05
DC_APP0342_M1_SKILL_05_000416,OB_SECOND_INTERVIEW_PANEL_01_ML_ENGINEER_EV_APP0342_SECOND_INTERVIEW_VALUES_BEHAVIOR_INTERVIEW_M1_SKILL_05
DC_APP0342_M1_SKILL_05_000416,OB_SECOND_INTERVIEW_PANEL_01_HIRING_MANAGER_EV_APP0342_SECOND_INTERVIEW_VALUES_BEHAVIOR_INTERVIEW_M1_SKILL_05
DC_APP0342_M1_SKILL_06_000417,OB_FIRST_PANEL_10_ML_ENGINEER_EV_APP0342_FIRST_INTERVIEW_PRACTITIONER_QA_M1_SKILL_06
DC_APP0342_M1_SKILL_06_000417,OB_FIRST_PANEL_10_HIRING_MANAGER_EV_APP0342_FIRST_INTERVIEW_PRACTITIONER_QA_M1_SKILL_06
DC_APP0342_M1_SKILL_06_000417,OB_FIRST_PANEL_10_TECHNICAL_REVIEWER_EV_APP0342_FIRST_INTERVIEW_PRACTITIONER_QA_M1_SKILL_06
DC_APP0342_M1_SKILL_07_000418,OB_FIRST_PANEL_10_ML_ENGINEER_EV_APP0342_FIRST_INTERVIEW_TECHNICAL_ASSESSMENT_M1_SKILL_07
DC_APP0342_M1_SKILL_07_000418,OB_FIRST_PANEL_10_HIRING_MANAGER_EV_APP0342_FIRST_INTERVIEW_TECHNICAL_ASSESSMENT_M1_SKILL_07
DC_APP0342_M1_SKILL_07_000418,OB_FIRST_PANEL_10_TECHNICAL_REVIEWER_EV_APP0342_FIRST_INTERVIEW_TECHNICAL_ASSESSMENT_M1_SKILL_07
DC_APP0342_M1_SKILL_08_000419,OB_FIRST_PANEL_10_ML_ENGINEER_EV_APP0342_FIRST_INTERVIEW_PRACTITIONER_QA_M1_SKILL_08
DC_APP0342_M1_SKILL_08_000419,OB_FIRST_PANEL_10_HIRING_MANAGER_EV_APP0342_FIRST_INTERVIEW_PRACTITIONER_QA_M1_SKILL_08
DC_APP0342_M1_SKILL_08_000419,OB_FIRST_PANEL_10_TECHNICAL_REVIEWER_EV_APP0342_FIRST_INTERVIEW_PRACTITIONER_QA_M1_SKILL_08
DC_APP0238_M1_SKILL_01_000420,OB_DOCUMENT_SCREEN_PANEL_01_RECRUITER_EV_XP_APP0238_01_PROBLEM_M1_SKILL_01
DC_APP0238_M1_SKILL_01_000420,OB_DOCUMENT_SCREEN_PANEL_01_RECRUITER_EV_XP_APP0238_02_PROBLEM_M1_SKILL_01
DC_APP0238_M1_SKILL_01_000420,OB_FIRST_PANEL_02_ML_ENGINEER_EV_APP0238_FIRST_INTERVIEW_TECHNICAL_ASSESSMENT_M1_SKILL_01
DC_APP0238_M1_SKILL_01_000420,OB_FIRST_PANEL_02_HIRING_MANAGER_EV_APP0238_FIRST_INTERVIEW_TECHNICAL_ASSESSMENT_M1_SKILL_01
DC_APP0238_M1_SKILL_01_000420,OB_FIRST_PANEL_02_TECHNICAL_REVIEWER_EV_APP0238_FIRST_INTERVIEW_TECHNICAL_ASSESSMENT_M1_SKILL_01
DC_APP0238_M1_SKILL_01_000420,OB_FIRST_PANEL_02_ML_ENGINEER_EV_APP0238_FIRST_INTERVIEW_AI_CASE_M1_SKILL_01
DC_APP0238_M1_SKILL_01_000420,OB_FIRST_PANEL_02_HIRING_MANAGER_EV_APP0238_FIRST_INTERVIEW_AI_CASE_M1_SKILL_01
DC_APP0238_M1_SKILL_01_000420,OB_FIRST_PANEL_02_TECHNICAL_REVIEWER_EV_APP0238_FIRST_INTERVIEW_AI_CASE_M1_SKILL_01
DC_APP0238_M1_SKILL_02_000421,OB_FIRST_PANEL_02_ML_ENGINEER_EV_APP0238_FIRST_INTERVIEW_TECHNICAL_ASSESSMENT_M1_SKILL_02
DC_APP0238_M1_SKILL_02_000421,OB_FIRST_PANEL_02_HIRING_MANAGER_EV_APP0238_FIRST_INTERVIEW_TECHNICAL_ASSESSMENT_M1_SKILL_02
DC_APP0238_M1_SKILL_02_000421,OB_FIRST_PANEL_02_TECHNICAL_REVIEWER_EV_APP0238_FIRST_INTERVIEW_TECHNICAL_ASSESSMENT_M1_SKILL_02
DC_APP0238_M1_SKILL_03_000422,OB_DOCUMENT_SCREEN_PANEL_01_RECRUITER_EV_XP_APP0238_01_BUILD_M1_SKILL_03
DC_APP0238_M1_SKILL_03_000422,OB_REVIEW_ML_01_EV_APP0238_PRE_ASSESSMENT_CODING_TEST_M1_SKILL_03
DC_APP0238_M1_SKILL_03_000422,OB_REVIEW_HM_01_EV_APP0238_PRE_ASSESSMENT_CODING_TEST_M1_SKILL_03
DC_APP0238_M1_SKILL_03_000422,OB_FIRST_PANEL_02_ML_ENGINEER_EV_APP0238_FIRST_INTERVIEW_AI_CASE_M1_SKILL_03
DC_APP0238_M1_SKILL_03_000422,OB_FIRST_PANEL_02_HIRING_MANAGER_EV_APP0238_FIRST_INTERVIEW_AI_CASE_M1_SKILL_03
DC_APP0238_M1_SKILL_03_000422,OB_FIRST_PANEL_02_TECHNICAL_REVIEWER_EV_APP0238_FIRST_INTERVIEW_AI_CASE_M1_SKILL_03
DC_APP0238_M1_SKILL_04_000423,OB_FIRST_PANEL_02_ML_ENGINEER_EV_APP0238_FIRST_INTERVIEW_PRACTITIONER_QA_M1_SKILL_04
DC_APP0238_M1_SKILL_04_000423,OB_FIRST_PANEL_02_HIRING_MANAGER_EV_APP0238_FIRST_INTERVIEW_PRACTITIONER_QA_M1_SKILL_04
DC_APP0238_M1_SKILL_04_000423,OB_FIRST_PANEL_02_TECHNICAL_REVIEWER_EV_APP0238_FIRST_INTERVIEW_PRACTITIONER_QA_M1_SKILL_04
DC_APP0238_M1_SKILL_04_000423,OB_SECOND_INTERVIEW_PANEL_01_ML_ENGINEER_EV_APP0238_SECOND_INTERVIEW_VALUES_BEHAVIOR_INTERVIEW_M1_SKILL_04
DC_APP0238_M1_SKILL_04_000423,OB_SECOND_INTERVIEW_PANEL_01_HIRING_MANAGER_EV_APP0238_SECOND_INTERVIEW_VALUES_BEHAVIOR_INTERVIEW_M1_SKILL_04
DC_APP0238_M1_SKILL_05_000424,OB_FIRST_PANEL_02_ML_ENGINEER_EV_APP0238_FIRST_INTERVIEW_PRACTITIONER_QA_M1_SKILL_05
DC_APP0238_M1_SKILL_05_000424,OB_FIRST_PANEL_02_HIRING_MANAGER_EV_APP0238_FIRST_INTERVIEW_PRACTITIONER_QA_M1_SKILL_05
DC_APP0238_M1_SKILL_05_000424,OB_FIRST_PANEL_02_TECHNICAL_REVIEWER_EV_APP0238_FIRST_INTERVIEW_PRACTITIONER_QA_M1_SKILL_05
DC_APP0238_M1_SKILL_05_000424,OB_SECOND_INTERVIEW_PANEL_01_ML_ENGINEER_EV_APP0238_SECOND_INTERVIEW_VALUES_BEHAVIOR_INTERVIEW_M1_SKILL_05
DC_APP0238_M1_SKILL_05_000424,OB_SECOND_INTERVIEW_PANEL_01_HIRING_MANAGER_EV_APP0238_SECOND_INTERVIEW_VALUES_BEHAVIOR_INTERVIEW_M1_SKILL_05
DC_APP0238_M1_SKILL_06_000425,OB_FIRST_PANEL_02_ML_ENGINEER_EV_APP0238_FIRST_INTERVIEW_PRACTITIONER_QA_M1_SKILL_06
DC_APP0238_M1_SKILL_06_000425,OB_FIRST_PANEL_02_HIRING_MANAGER_EV_APP0238_FIRST_INTERVIEW_PRACTITIONER_QA_M1_SKILL_06
DC_APP0238_M1_SKILL_06_000425,OB_FIRST_PANEL_02_TECHNICAL_REVIEWER_EV_APP0238_FIRST_INTERVIEW_PRACTITIONER_QA_M1_SKILL_06
DC_APP0238_M1_SKILL_07_000426,OB_FIRST_PANEL_02_ML_ENGINEER_EV_APP0238_FIRST_INTERVIEW_TECHNICAL_ASSESSMENT_M1_SKILL_07
DC_APP0238_M1_SKILL_07_000426,OB_FIRST_PANEL_02_HIRING_MANAGER_EV_APP0238_FIRST_INTERVIEW_TECHNICAL_ASSESSMENT_M1_SKILL_07
DC_APP0238_M1_SKILL_07_000426,OB_FIRST_PANEL_02_TECHNICAL_REVIEWER_EV_APP0238_FIRST_INTERVIEW_TECHNICAL_ASSESSMENT_M1_SKILL_07
DC_APP0238_M1_SKILL_08_000427,OB_FIRST_PANEL_02_ML_ENGINEER_EV_APP0238_FIRST_INTERVIEW_PRACTITIONER_QA_M1_SKILL_08
DC_APP0238_M1_SKILL_08_000427,OB_FIRST_PANEL_02_HIRING_MANAGER_EV_APP0238_FIRST_INTERVIEW_PRACTITIONER_QA_M1_SKILL_08
DC_APP0238_M1_SKILL_08_000427,OB_FIRST_PANEL_02_TECHNICAL_REVIEWER_EV_APP0238_FIRST_INTERVIEW_PRACTITIONER_QA_M1_SKILL_08
