link_id,evidence_id,suggested_skill_id,suggestion_source,confirmed_skill_id,confirmation_status,confirmed_by,confirmed_at,decision_provenance
LK_EV_XP_APP0010_01_BUILD_M1_SKILL_03,EV_XP_APP0010_01_BUILD_M1_SKILL_03,,HUMAN,M1_SKILL_03,CONFIRMED,REVIEW_ML_01,2026-10-21T10:11:00+09:00,SYNTHETIC_HUMAN_SCENARIO
LK_EV_XP_APP0010_02_BUILD_M1_SKILL_03,EV_XP_APP0010_02_BUILD_M1_SKILL_03,,HUMAN,M1_SKILL_03,CONFIRMED,REVIEW_ML_01,2026-10-21T10:11:00+09:00,SYNTHETIC_HUMAN_SCENARIO
LK_EV_XP_APP0010_02_VALIDATE_M1_SKILL_03,EV_XP_APP0010_02_VALIDATE_M1_SKILL_03,,HUMAN,M1_SKILL_03,CONFIRMED,REVIEW_ML_01,2026-10-21T10:11:00+09:00,SYNTHETIC_HUMAN_SCENARIO
LK_EV_XP_APP0009_01_PROBLEM_M1_SKILL_01,EV_XP_APP0009_01_PROBLEM_M1_SKILL_01,,HUMAN,M1_SKILL_01,CONFIRMED,REVIEW_ML_01,2026-10-18T11:14:00+09:00,SYNTHETIC_HUMAN_SCENARIO
LK_EV_XP_APP0009_02_BUILD_M1_SKILL_03,EV_XP_APP0009_02_BUILD_M1_SKILL_03,,HUMAN,M1_SKILL_03,CONFIRMED,REVIEW_ML_01,2026-10-18T11:14:00+09:00,SYNTHETIC_HUMAN_SCENARIO
LK_EV_XP_APP0009_02_PROBLEM_M1_SKILL_01,EV_XP_APP0009_02_PROBLEM_M1_SKILL_01,,HUMAN,M1_SKILL_01,CONFIRMED,REVIEW_ML_01,2026-10-18T11:14:00+09:00,SYNTHETIC_HUMAN_SCENARIO
LK_EV_XP_APP0009_02_VALIDATE_M1_SKILL_03,EV_XP_APP0009_02_VALIDATE_M1_SKILL_03,,HUMAN,M1_SKILL_03,CONFIRMED,REVIEW_ML_01,2026-10-18T11:14:00+09:00,SYNTHETIC_HUMAN_SCENARIO
LK_EV_XP_APP0013_01_BUILD_M1_SKILL_03,EV_XP_APP0013_01_BUILD_M1_SKILL_03,,HUMAN,M1_SKILL_03,CONFIRMED,REVIEW_ML_01,2026-10-16T11:54:00+09:00,SYNTHETIC_HUMAN_SCENARIO
LK_EV_XP_APP0013_01_VALIDATE_M1_SKILL_03,EV_XP_APP0013_01_VALIDATE_M1_SKILL_03,,HUMAN,M1_SKILL_03,CONFIRMED,REVIEW_ML_01,2026-10-16T11:54:00+09:00,SYNTHETIC_HUMAN_SCENARIO
LK_EV_XP_APP0008_01_BUILD_M1_SKILL_03,EV_XP_APP0008_01_BUILD_M1_SKILL_03,,HUMAN,M1_SKILL_03,CONFIRMED,REVIEW_ML_01,2026-10-20T10:37:00+09:00,SYNTHETIC_HUMAN_SCENARIO
LK_EV_XP_APP0020_01_BUILD_M1_SKILL_03,EV_XP_APP0020_01_BUILD_M1_SKILL_03,,HUMAN,M1_SKILL_03,CONFIRMED,REVIEW_ML_01,2026-10-23T13:09:00+09:00,SYNTHETIC_HUMAN_SCENARIO
LK_EV_XP_APP0020_01_PROBLEM_M1_SKILL_01,EV_XP_APP0020_01_PROBLEM_M1_SKILL_01,,HUMAN,M1_SKILL_01,CONFIRMED,REVIEW_ML_01,2026-10-23T13:09:00+09:00,SYNTHETIC_HUMAN_SCENARIO
LK_EV_XP_APP0020_02_PROBLEM_M1_SKILL_01,EV_XP_APP0020_02_PROBLEM_M1_SKILL_01,,HUMAN,M1_SKILL_01,CONFIRMED,REVIEW_ML_01,2026-10-23T13:09:00+09:00,SYNTHETIC_HUMAN_SCENARIO
LK_EV_XP_APP0027_01_PROBLEM_M1_SKILL_01,EV_XP_APP0027_01_PROBLEM_M1_SKILL_01,,HUMAN,M1_SKILL_01,CONFIRMED,REVIEW_ML_01,2026-10-24T14:42:00+09:00,SYNTHETIC_HUMAN_SCENARIO
LK_EV_XP_APP0018_02_PROBLEM_M1_SKILL_01,EV_XP_APP0018_02_PROBLEM_M1_SKILL_01,,HUMAN,M1_SKILL_01,CONFIRMED,REVIEW_ML_01,2026-10-22T14:53:00+09:00,SYNTHETIC_HUMAN_SCENARIO
LK_EV_XP_APP0018_02_VALIDATE_M1_SKILL_03,EV_XP_APP0018_02_VALIDATE_M1_SKILL_03,,HUMAN,M1_SKILL_03,CONFIRMED,REVIEW_ML_01,2026-10-22T14:53:00+09:00,SYNTHETIC_HUMAN_SCENARIO
LK_EV_XP_APP0025_01_PROBLEM_M1_SKILL_01,EV_XP_APP0025_01_PROBLEM_M1_SKILL_01,,HUMAN,M1_SKILL_01,CONFIRMED,REVIEW_ML_01,2026-10-24T16:02:00+09:00,SYNTHETIC_HUMAN_SCENARIO
LK_EV_XP_APP0025_01_VALIDATE_M1_SKILL_03,EV_XP_APP0025_01_VALIDATE_M1_SKILL_03,,HUMAN,M1_SKILL_03,CONFIRMED,REVIEW_ML_01,2026-10-24T16:02:00+09:00,SYNTHETIC_HUMAN_SCENARIO
LK_EV_XP_APP0022_01_BUILD_M1_SKILL_03,EV_XP_APP0022_01_BUILD_M1_SKILL_03,,HUMAN,M1_SKILL_03,CONFIRMED,REVIEW_ML_01,2026-10-19T12:44:00+09:00,SYNTHETIC_HUMAN_SCENARIO
LK_EV_XP_APP0022_02_VALIDATE_M1_SKILL_03,EV_XP_APP0022_02_VALIDATE_M1_SKILL_03,,HUMAN,M1_SKILL_03,CONFIRMED,REVIEW_ML_01,2026-10-19T12:44:00+09:00,SYNTHETIC_HUMAN_SCENARIO
LK_EV_XP_APP0030_01_BUILD_M1_SKILL_03,EV_XP_APP0030_01_BUILD_M1_SKILL_03,,HUMAN,M1_SKILL_03,CONFIRMED,REVIEW_ML_01,2026-10-24T13:00:00+09:00,SYNTHETIC_HUMAN_SCENARIO
LK_EV_XP_APP0030_01_PROBLEM_M1_SKILL_01,EV_XP_APP0030_01_PROBLEM_M1_SKILL_01,,HUMAN,M1_SKILL_01,CONFIRMED,REVIEW_ML_01,2026-10-24T13:00:00+09:00,SYNTHETIC_HUMAN_SCENARIO
LK_EV_XP_APP0033_01_BUILD_M1_SKILL_03,EV_XP_APP0033_01_BUILD_M1_SKILL_03,,HUMAN,M1_SKILL_03,CONFIRMED,REVIEW_ML_01,2026-10-27T13:27:00+09:00,SYNTHETIC_HUMAN_SCENARIO
LK_EV_XP_APP0033_01_PROBLEM_M1_SKILL_01,EV_XP_APP0033_01_PROBLEM_M1_SKILL_01,,HUMAN,M1_SKILL_01,CONFIRMED,REVIEW_ML_01,2026-10-27T13:27:00+09:00,SYNTHETIC_HUMAN_SCENARIO
LK_EV_XP_APP0033_01_VALIDATE_M1_SKILL_03,EV_XP_APP0033_01_VALIDATE_M1_SKILL_03,,HUMAN,M1_SKILL_03,CONFIRMED,REVIEW_ML_01,2026-10-27T13:27:00+09:00,SYNTHETIC_HUMAN_SCENARIO
LK_EV_XP_APP0046_01_PROBLEM_M1_SKILL_01,EV_XP_APP0046_01_PROBLEM_M1_SKILL_01,,HUMAN,M1_SKILL_01,CONFIRMED,REVIEW_ML_01,2026-10-22T15:49:00+09:00,SYNTHETIC_HUMAN_SCENARIO
LK_EV_XP_APP0046_02_PROBLEM_M1_SKILL_01,EV_XP_APP0046_02_PROBLEM_M1_SKILL_01,,HUMAN,M1_SKILL_01,CONFIRMED,REVIEW_ML_01,2026-10-22T15:49:00+09:00,SYNTHETIC_HUMAN_SCENARIO
LK_EV_XP_APP0046_02_VALIDATE_M1_SKILL_03,EV_XP_APP0046_02_VALIDATE_M1_SKILL_03,,HUMAN,M1_SKILL_03,CONFIRMED,REVIEW_ML_01,2026-10-22T15:49:00+09:00,SYNTHETIC_HUMAN_SCENARIO
LK_EV_XP_APP0031_01_BUILD_M1_SKILL_03,EV_XP_APP0031_01_BUILD_M1_SKILL_03,,HUMAN,M1_SKILL_03,CONFIRMED,REVIEW_ML_01,2026-10-25T16:51:00+09:00,SYNTHETIC_HUMAN_SCENARIO
LK_EV_XP_APP0031_01_PROBLEM_M1_SKILL_01,EV_XP_APP0031_01_PROBLEM_M1_SKILL_01,,HUMAN,M1_SKILL_01,CONFIRMED,REVIEW_ML_01,2026-10-25T16:51:00+09:00,SYNTHETIC_HUMAN_SCENARIO
LK_EV_XP_APP0031_01_VALIDATE_M1_SKILL_03,EV_XP_APP0031_01_VALIDATE_M1_SKILL_03,,HUMAN,M1_SKILL_03,CONFIRMED,REVIEW_ML_01,2026-10-25T16:51:00+09:00,SYNTHETIC_HUMAN_SCENARIO
LK_EV_XP_APP0051_01_BUILD_M1_SKILL_03,EV_XP_APP0051_01_BUILD_M1_SKILL_03,,HUMAN,M1_SKILL_03,CONFIRMED,REVIEW_ML_01,2026-10-24T12:21:00+09:00,SYNTHETIC_HUMAN_SCENARIO
LK_EV_XP_APP0051_01_PROBLEM_M1_SKILL_01,EV_XP_APP0051_01_PROBLEM_M1_SKILL_01,,HUMAN,M1_SKILL_01,CONFIRMED,REVIEW_ML_01,2026-10-24T12:21:00+09:00,SYNTHETIC_HUMAN_SCENARIO
LK_EV_XP_APP0051_01_VALIDATE_M1_SKILL_03,EV_XP_APP0051_01_VALIDATE_M1_SKILL_03,,HUMAN,M1_SKILL_03,CONFIRMED,REVIEW_ML_01,2026-10-24T12:21:00+09:00,SYNTHETIC_HUMAN_SCENARIO
LK_EV_XP_APP0021_01_BUILD_M1_SKILL_03,EV_XP_APP0021_01_BUILD_M1_SKILL_03,,HUMAN,M1_SKILL_03,CONFIRMED,REVIEW_ML_01,2026-10-20T13:16:00+09:00,SYNTHETIC_HUMAN_SCENARIO
LK_EV_XP_APP0021_01_PROBLEM_M1_SKILL_01,EV_XP_APP0021_01_PROBLEM_M1_SKILL_01,,HUMAN,M1_SKILL_01,CONFIRMED,REVIEW_ML_01,2026-10-20T13:16:00+09:00,SYNTHETIC_HUMAN_SCENARIO
LK_EV_XP_APP0021_01_VALIDATE_M1_SKILL_03,EV_XP_APP0021_01_VALIDATE_M1_SKILL_03,,HUMAN,M1_SKILL_03,CONFIRMED,REVIEW_ML_01,2026-10-20T13:16:00+09:00,SYNTHETIC_HUMAN_SCENARIO
LK_EV_XP_APP0014_01_BUILD_M1_SKILL_03,EV_XP_APP0014_01_BUILD_M1_SKILL_03,,HUMAN,M1_SKILL_03,CONFIRMED,REVIEW_ML_01,2026-10-21T14:07:00+09:00,SYNTHETIC_HUMAN_SCENARIO
LK_EV_XP_APP0014_01_PROBLEM_M1_SKILL_01,EV_XP_APP0014_01_PROBLEM_M1_SKILL_01,,HUMAN,M1_SKILL_01,CONFIRMED,REVIEW_ML_01,2026-10-21T14:07:00+09:00,SYNTHETIC_HUMAN_SCENARIO
LK_EV_XP_APP0014_01_VALIDATE_M1_SKILL_03,EV_XP_APP0014_01_VALIDATE_M1_SKILL_03,,HUMAN,M1_SKILL_03,CONFIRMED,REVIEW_ML_01,2026-10-21T14:07:00+09:00,SYNTHETIC_HUMAN_SCENARIO
LK_EV_XP_APP0034_01_BUILD_M1_SKILL_03,EV_XP_APP0034_01_BUILD_M1_SKILL_03,,HUMAN,M1_SKILL_03,CONFIRMED,REVIEW_ML_01,2026-10-20T17:12:00+09:00,SYNTHETIC_HUMAN_SCENARIO
LK_EV_XP_APP0034_01_VALIDATE_M1_SKILL_03,EV_XP_APP0034_01_VALIDATE_M1_SKILL_03,,HUMAN,M1_SKILL_03,CONFIRMED,REVIEW_ML_01,2026-10-20T17:12:00+09:00,SYNTHETIC_HUMAN_SCENARIO
LK_EV_XP_APP0062_02_PROBLEM_M1_SKILL_01,EV_XP_APP0062_02_PROBLEM_M1_SKILL_01,,HUMAN,M1_SKILL_01,CONFIRMED,REVIEW_ML_01,2026-10-27T09:24:00+09:00,SYNTHETIC_HUMAN_SCENARIO
LK_EV_XP_APP0006_01_PROBLEM_M1_SKILL_01,EV_XP_APP0006_01_PROBLEM_M1_SKILL_01,,HUMAN,M1_SKILL_01,CONFIRMED,REVIEW_ML_01,2026-10-22T09:45:00+09:00,SYNTHETIC_HUMAN_SCENARIO
LK_EV_XP_APP0006_02_BUILD_M1_SKILL_03,EV_XP_APP0006_02_BUILD_M1_SKILL_03,,HUMAN,M1_SKILL_03,CONFIRMED,REVIEW_ML_01,2026-10-22T09:45:00+09:00,SYNTHETIC_HUMAN_SCENARIO
LK_EV_XP_APP0012_01_PROBLEM_M1_SKILL_01,EV_XP_APP0012_01_PROBLEM_M1_SKILL_01,,HUMAN,M1_SKILL_01,CONFIRMED,REVIEW_ML_01,2026-10-22T10:00:00+09:00,SYNTHETIC_HUMAN_SCENARIO
LK_EV_XP_APP0076_01_BUILD_M1_SKILL_03,EV_XP_APP0076_01_BUILD_M1_SKILL_03,,HUMAN,M1_SKILL_03,CONFIRMED,REVIEW_ML_01,2026-10-26T10:26:00+09:00,SYNTHETIC_HUMAN_SCENARIO
LK_EV_XP_APP0076_01_PROBLEM_M1_SKILL_01,EV_XP_APP0076_01_PROBLEM_M1_SKILL_01,,HUMAN,M1_SKILL_01,CONFIRMED,REVIEW_ML_01,2026-10-26T10:26:00+09:00,SYNTHETIC_HUMAN_SCENARIO
LK_EV_XP_APP0076_01_VALIDATE_M1_SKILL_03,EV_XP_APP0076_01_VALIDATE_M1_SKILL_03,,HUMAN,M1_SKILL_03,CONFIRMED,REVIEW_ML_01,2026-10-26T10:26:00+09:00,SYNTHETIC_HUMAN_SCENARIO
LK_EV_XP_APP0076_02_BUILD_M1_SKILL_03,EV_XP_APP0076_02_BUILD_M1_SKILL_03,,HUMAN,M1_SKILL_03,CONFIRMED,REVIEW_ML_01,2026-10-26T10:26:00+09:00,SYNTHETIC_HUMAN_SCENARIO
LK_EV_XP_APP0076_02_PROBLEM_M1_SKILL_01,EV_XP_APP0076_02_PROBLEM_M1_SKILL_01,,HUMAN,M1_SKILL_01,CONFIRMED,REVIEW_ML_01,2026-10-26T10:26:00+09:00,SYNTHETIC_HUMAN_SCENARIO
LK_EV_XP_APP0076_02_VALIDATE_M1_SKILL_03,EV_XP_APP0076_02_VALIDATE_M1_SKILL_03,,HUMAN,M1_SKILL_03,CONFIRMED,REVIEW_ML_01,2026-10-26T10:26:00+09:00,SYNTHETIC_HUMAN_SCENARIO
LK_EV_XP_APP0056_01_BUILD_M1_SKILL_03,EV_XP_APP0056_01_BUILD_M1_SKILL_03,,HUMAN,M1_SKILL_03,CONFIRMED,REVIEW_ML_01,2026-10-29T10:47:00+09:00,SYNTHETIC_HUMAN_SCENARIO
LK_EV_XP_APP0056_01_PROBLEM_M1_SKILL_01,EV_XP_APP0056_01_PROBLEM_M1_SKILL_01,,HUMAN,M1_SKILL_01,CONFIRMED,REVIEW_ML_01,2026-10-29T10:47:00+09:00,SYNTHETIC_HUMAN_SCENARIO
LK_EV_XP_APP0068_01_PROBLEM_M1_SKILL_01,EV_XP_APP0068_01_PROBLEM_M1_SKILL_01,,HUMAN,M1_SKILL_01,CONFIRMED,REVIEW_ML_01,2026-10-24T11:58:00+09:00,SYNTHETIC_HUMAN_SCENARIO
LK_EV_XP_APP0068_01_VALIDATE_M1_SKILL_03,EV_XP_APP0068_01_VALIDATE_M1_SKILL_03,,HUMAN,M1_SKILL_03,CONFIRMED,REVIEW_ML_01,2026-10-24T11:58:00+09:00,SYNTHETIC_HUMAN_SCENARIO
LK_EV_XP_APP0068_02_BUILD_M1_SKILL_03,EV_XP_APP0068_02_BUILD_M1_SKILL_03,,HUMAN,M1_SKILL_03,CONFIRMED,REVIEW_ML_01,2026-10-24T11:58:00+09:00,SYNTHETIC_HUMAN_SCENARIO
LK_EV_XP_APP0068_02_VALIDATE_M1_SKILL_03,EV_XP_APP0068_02_VALIDATE_M1_SKILL_03,,HUMAN,M1_SKILL_03,CONFIRMED,REVIEW_ML_01,2026-10-24T11:58:00+09:00,SYNTHETIC_HUMAN_SCENARIO
LK_EV_XP_APP0043_01_PROBLEM_M1_SKILL_01,EV_XP_APP0043_01_PROBLEM_M1_SKILL_01,,HUMAN,M1_SKILL_01,CONFIRMED,REVIEW_ML_01,2026-10-25T12:08:00+09:00,SYNTHETIC_HUMAN_SCENARIO
LK_EV_XP_APP0043_01_VALIDATE_M1_SKILL_03,EV_XP_APP0043_01_VALIDATE_M1_SKILL_03,,HUMAN,M1_SKILL_03,CONFIRMED,REVIEW_ML_01,2026-10-25T12:08:00+09:00,SYNTHETIC_HUMAN_SCENARIO
LK_EV_XP_APP0043_02_BUILD_M1_SKILL_03,EV_XP_APP0043_02_BUILD_M1_SKILL_03,,HUMAN,M1_SKILL_03,CONFIRMED,REVIEW_ML_01,2026-10-25T12:08:00+09:00,SYNTHETIC_HUMAN_SCENARIO
LK_EV_XP_APP0043_02_PROBLEM_M1_SKILL_01,EV_XP_APP0043_02_PROBLEM_M1_SKILL_01,,HUMAN,M1_SKILL_01,CONFIRMED,REVIEW_ML_01,2026-10-25T12:08:00+09:00,SYNTHETIC_HUMAN_SCENARIO
LK_EV_XP_APP0043_02_VALIDATE_M1_SKILL_03,EV_XP_APP0043_02_VALIDATE_M1_SKILL_03,,HUMAN,M1_SKILL_03,CONFIRMED,REVIEW_ML_01,2026-10-25T12:08:00+09:00,SYNTHETIC_HUMAN_SCENARIO
LK_EV_XP_APP0048_01_BUILD_M1_SKILL_03,EV_XP_APP0048_01_BUILD_M1_SKILL_03,,HUMAN,M1_SKILL_03,CONFIRMED,REVIEW_ML_01,2026-10-26T12:22:00+09:00,SYNTHETIC_HUMAN_SCENARIO
LK_EV_XP_APP0048_01_PROBLEM_M1_SKILL_01,EV_XP_APP0048_01_PROBLEM_M1_SKILL_01,,HUMAN,M1_SKILL_01,CONFIRMED,REVIEW_ML_01,2026-10-26T12:22:00+09:00,SYNTHETIC_HUMAN_SCENARIO
LK_EV_XP_APP0058_01_BUILD_M1_SKILL_03,EV_XP_APP0058_01_BUILD_M1_SKILL_03,,HUMAN,M1_SKILL_03,CONFIRMED,REVIEW_ML_01,2026-10-20T15:02:00+09:00,SYNTHETIC_HUMAN_SCENARIO
LK_EV_XP_APP0058_01_PROBLEM_M1_SKILL_01,EV_XP_APP0058_01_PROBLEM_M1_SKILL_01,,HUMAN,M1_SKILL_01,CONFIRMED,REVIEW_ML_01,2026-10-20T15:02:00+09:00,SYNTHETIC_HUMAN_SCENARIO
LK_EV_XP_APP0045_01_VALIDATE_M1_SKILL_03,EV_XP_APP0045_01_VALIDATE_M1_SKILL_03,,HUMAN,M1_SKILL_03,CONFIRMED,REVIEW_ML_01,2026-10-21T14:53:00+09:00,SYNTHETIC_HUMAN_SCENARIO
LK_EV_XP_APP0086_01_BUILD_M1_SKILL_03,EV_XP_APP0086_01_BUILD_M1_SKILL_03,,HUMAN,M1_SKILL_03,CONFIRMED,REVIEW_ML_01,2026-10-24T15:29:00+09:00,SYNTHETIC_HUMAN_SCENARIO
LK_EV_XP_APP0035_01_BUILD_M1_SKILL_03,EV_XP_APP0035_01_BUILD_M1_SKILL_03,,HUMAN,M1_SKILL_03,CONFIRMED,REVIEW_ML_01,2026-10-23T16:06:00+09:00,SYNTHETIC_HUMAN_SCENARIO
LK_EV_XP_APP0053_01_BUILD_M1_SKILL_03,EV_XP_APP0053_01_BUILD_M1_SKILL_03,,HUMAN,M1_SKILL_03,CONFIRMED,REVIEW_ML_01,2026-10-26T09:28:00+09:00,SYNTHETIC_HUMAN_SCENARIO
LK_EV_XP_APP0079_01_BUILD_M1_SKILL_03,EV_XP_APP0079_01_BUILD_M1_SKILL_03,,HUMAN,M1_SKILL_03,CONFIRMED,REVIEW_ML_01,2026-10-26T10:22:00+09:00,SYNTHETIC_HUMAN_SCENARIO
LK_EV_XP_APP0029_01_BUILD_M1_SKILL_03,EV_XP_APP0029_01_BUILD_M1_SKILL_03,,HUMAN,M1_SKILL_03,CONFIRMED,REVIEW_ML_01,2026-10-22T11:04:00+09:00,SYNTHETIC_HUMAN_SCENARIO
LK_EV_XP_APP0029_01_PROBLEM_M1_SKILL_01,EV_XP_APP0029_01_PROBLEM_M1_SKILL_01,,HUMAN,M1_SKILL_01,CONFIRMED,REVIEW_ML_01,2026-10-22T11:04:00+09:00,SYNTHETIC_HUMAN_SCENARIO
LK_EV_XP_APP0029_01_VALIDATE_M1_SKILL_03,EV_XP_APP0029_01_VALIDATE_M1_SKILL_03,,HUMAN,M1_SKILL_03,CONFIRMED,REVIEW_ML_01,2026-10-22T11:04:00+09:00,SYNTHETIC_HUMAN_SCENARIO
LK_EV_XP_APP0029_02_BUILD_M1_SKILL_03,EV_XP_APP0029_02_BUILD_M1_SKILL_03,,HUMAN,M1_SKILL_03,CONFIRMED,REVIEW_ML_01,2026-10-22T11:04:00+09:00,SYNTHETIC_HUMAN_SCENARIO
LK_EV_XP_APP0059_01_PROBLEM_M1_SKILL_01,EV_XP_APP0059_01_PROBLEM_M1_SKILL_01,,HUMAN,M1_SKILL_01,CONFIRMED,REVIEW_ML_01,2026-10-21T12:23:00+09:00,SYNTHETIC_HUMAN_SCENARIO
LK_EV_XP_APP0059_02_PROBLEM_M1_SKILL_01,EV_XP_APP0059_02_PROBLEM_M1_SKILL_01,,HUMAN,M1_SKILL_01,CONFIRMED,REVIEW_ML_01,2026-10-21T12:23:00+09:00,SYNTHETIC_HUMAN_SCENARIO
LK_EV_XP_APP0085_01_PROBLEM_M1_SKILL_01,EV_XP_APP0085_01_PROBLEM_M1_SKILL_01,,HUMAN,M1_SKILL_01,CONFIRMED,REVIEW_ML_01,2026-10-22T12:43:00+09:00,SYNTHETIC_HUMAN_SCENARIO
LK_EV_XP_APP0085_01_VALIDATE_M1_SKILL_03,EV_XP_APP0085_01_VALIDATE_M1_SKILL_03,,HUMAN,M1_SKILL_03,CONFIRMED,REVIEW_ML_01,2026-10-22T12:43:00+09:00,SYNTHETIC_HUMAN_SCENARIO
LK_EV_XP_APP0024_01_BUILD_M1_SKILL_03,EV_XP_APP0024_01_BUILD_M1_SKILL_03,,HUMAN,M1_SKILL_03,CONFIRMED,REVIEW_ML_01,2026-10-21T13:44:00+09:00,SYNTHETIC_HUMAN_SCENARIO
LK_EV_XP_APP0024_01_PROBLEM_M1_SKILL_01,EV_XP_APP0024_01_PROBLEM_M1_SKILL_01,,HUMAN,M1_SKILL_01,CONFIRMED,REVIEW_ML_01,2026-10-21T13:44:00+09:00,SYNTHETIC_HUMAN_SCENARIO
LK_EV_XP_APP0024_01_VALIDATE_M1_SKILL_03,EV_XP_APP0024_01_VALIDATE_M1_SKILL_03,,HUMAN,M1_SKILL_03,CONFIRMED,REVIEW_ML_01,2026-10-21T13:44:00+09:00,SYNTHETIC_HUMAN_SCENARIO
LK_EV_XP_APP0024_02_BUILD_M1_SKILL_03,EV_XP_APP0024_02_BUILD_M1_SKILL_03,,HUMAN,M1_SKILL_03,CONFIRMED,REVIEW_ML_01,2026-10-21T13:44:00+09:00,SYNTHETIC_HUMAN_SCENARIO
LK_EV_XP_APP0103_01_VALIDATE_M1_SKILL_03,EV_XP_APP0103_01_VALIDATE_M1_SKILL_03,,HUMAN,M1_SKILL_03,CONFIRMED,REVIEW_ML_01,2026-10-28T14:02:00+09:00,SYNTHETIC_HUMAN_SCENARIO
LK_EV_XP_APP0103_02_PROBLEM_M1_SKILL_01,EV_XP_APP0103_02_PROBLEM_M1_SKILL_01,,HUMAN,M1_SKILL_01,CONFIRMED,REVIEW_ML_01,2026-10-28T14:02:00+09:00,SYNTHETIC_HUMAN_SCENARIO
LK_EV_XP_APP0074_01_BUILD_M1_SKILL_03,EV_XP_APP0074_01_BUILD_M1_SKILL_03,,HUMAN,M1_SKILL_03,CONFIRMED,REVIEW_ML_01,2026-10-26T14:01:00+09:00,SYNTHETIC_HUMAN_SCENARIO
LK_EV_XP_APP0074_01_PROBLEM_M1_SKILL_01,EV_XP_APP0074_01_PROBLEM_M1_SKILL_01,,HUMAN,M1_SKILL_01,CONFIRMED,REVIEW_ML_01,2026-10-26T14:01:00+09:00,SYNTHETIC_HUMAN_SCENARIO
LK_EV_XP_APP0074_02_BUILD_M1_SKILL_03,EV_XP_APP0074_02_BUILD_M1_SKILL_03,,HUMAN,M1_SKILL_03,CONFIRMED,REVIEW_ML_01,2026-10-26T14:01:00+09:00,SYNTHETIC_HUMAN_SCENARIO
LK_EV_XP_APP0074_02_PROBLEM_M1_SKILL_01,EV_XP_APP0074_02_PROBLEM_M1_SKILL_01,,HUMAN,M1_SKILL_01,CONFIRMED,REVIEW_ML_01,2026-10-26T14:01:00+09:00,SYNTHETIC_HUMAN_SCENARIO
LK_EV_XP_APP0088_01_PROBLEM_M1_SKILL_01,EV_XP_APP0088_01_PROBLEM_M1_SKILL_01,,HUMAN,M1_SKILL_01,CONFIRMED,REVIEW_ML_01,2026-10-25T14:01:00+09:00,SYNTHETIC_HUMAN_SCENARIO
LK_EV_XP_APP0026_01_BUILD_M1_SKILL_03,EV_XP_APP0026_01_BUILD_M1_SKILL_03,,HUMAN,M1_SKILL_03,CONFIRMED,REVIEW_ML_01,2026-10-26T14:27:00+09:00,SYNTHETIC_HUMAN_SCENARIO
LK_EV_XP_APP0026_01_PROBLEM_M1_SKILL_01,EV_XP_APP0026_01_PROBLEM_M1_SKILL_01,,HUMAN,M1_SKILL_01,CONFIRMED,REVIEW_ML_01,2026-10-26T14:27:00+09:00,SYNTHETIC_HUMAN_SCENARIO
LK_EV_XP_APP0083_01_BUILD_M1_SKILL_03,EV_XP_APP0083_01_BUILD_M1_SKILL_03,,HUMAN,M1_SKILL_03,CONFIRMED,REVIEW_ML_01,2026-10-23T15:18:00+09:00,SYNTHETIC_HUMAN_SCENARIO
LK_EV_XP_APP0083_01_PROBLEM_M1_SKILL_01,EV_XP_APP0083_01_PROBLEM_M1_SKILL_01,,HUMAN,M1_SKILL_01,CONFIRMED,REVIEW_ML_01,2026-10-23T15:18:00+09:00,SYNTHETIC_HUMAN_SCENARIO
LK_EV_XP_APP0077_01_PROBLEM_M1_SKILL_01,EV_XP_APP0077_01_PROBLEM_M1_SKILL_01,,HUMAN,M1_SKILL_01,CONFIRMED,REVIEW_ML_01,2026-10-26T16:39:00+09:00,SYNTHETIC_HUMAN_SCENARIO
LK_EV_XP_APP0113_01_VALIDATE_M1_SKILL_03,EV_XP_APP0113_01_VALIDATE_M1_SKILL_03,,HUMAN,M1_SKILL_03,CONFIRMED,REVIEW_ML_01,2026-10-26T11:07:00+09:00,SYNTHETIC_HUMAN_SCENARIO
LK_EV_XP_APP0040_01_PROBLEM_M1_SKILL_01,EV_XP_APP0040_01_PROBLEM_M1_SKILL_01,,HUMAN,M1_SKILL_01,CONFIRMED,REVIEW_ML_01,2026-10-25T12:18:00+09:00,SYNTHETIC_HUMAN_SCENARIO
LK_EV_XP_APP0112_01_PROBLEM_M1_SKILL_01,EV_XP_APP0112_01_PROBLEM_M1_SKILL_01,,HUMAN,M1_SKILL_01,CONFIRMED,REVIEW_ML_01,2026-10-24T12:33:00+09:00,SYNTHETIC_HUMAN_SCENARIO
LK_EV_XP_APP0112_01_VALIDATE_M1_SKILL_03,EV_XP_APP0112_01_VALIDATE_M1_SKILL_03,,HUMAN,M1_SKILL_03,CONFIRMED,REVIEW_ML_01,2026-10-24T12:33:00+09:00,SYNTHETIC_HUMAN_SCENARIO
LK_EV_XP_APP0112_02_VALIDATE_M1_SKILL_03,EV_XP_APP0112_02_VALIDATE_M1_SKILL_03,,HUMAN,M1_SKILL_03,CONFIRMED,REVIEW_ML_01,2026-10-24T12:33:00+09:00,SYNTHETIC_HUMAN_SCENARIO
LK_EV_XP_APP0111_02_BUILD_M1_SKILL_03,EV_XP_APP0111_02_BUILD_M1_SKILL_03,,HUMAN,M1_SKILL_03,CONFIRMED,REVIEW_ML_01,2026-10-29T12:49:00+09:00,SYNTHETIC_HUMAN_SCENARIO
LK_EV_XP_APP0111_02_VALIDATE_M1_SKILL_03,EV_XP_APP0111_02_VALIDATE_M1_SKILL_03,,HUMAN,M1_SKILL_03,CONFIRMED,REVIEW_ML_01,2026-10-29T12:49:00+09:00,SYNTHETIC_HUMAN_SCENARIO
LK_EV_XP_APP0078_01_BUILD_M1_SKILL_03,EV_XP_APP0078_01_BUILD_M1_SKILL_03,,HUMAN,M1_SKILL_03,CONFIRMED,REVIEW_ML_01,2026-10-27T13:52:00+09:00,SYNTHETIC_HUMAN_SCENARIO
LK_EV_XP_APP0078_01_PROBLEM_M1_SKILL_01,EV_XP_APP0078_01_PROBLEM_M1_SKILL_01,,HUMAN,M1_SKILL_01,CONFIRMED,REVIEW_ML_01,2026-10-27T13:52:00+09:00,SYNTHETIC_HUMAN_SCENARIO
LK_EV_XP_APP0087_01_BUILD_M1_SKILL_03,EV_XP_APP0087_01_BUILD_M1_SKILL_03,,HUMAN,M1_SKILL_03,CONFIRMED,REVIEW_ML_01,2026-10-24T13:34:00+09:00,SYNTHETIC_HUMAN_SCENARIO
LK_EV_XP_APP0087_01_VALIDATE_M1_SKILL_03,EV_XP_APP0087_01_VALIDATE_M1_SKILL_03,,HUMAN,M1_SKILL_03,CONFIRMED,REVIEW_ML_01,2026-10-24T13:34:00+09:00,SYNTHETIC_HUMAN_SCENARIO
LK_EV_XP_APP0087_02_BUILD_M1_SKILL_03,EV_XP_APP0087_02_BUILD_M1_SKILL_03,,HUMAN,M1_SKILL_03,CONFIRMED,REVIEW_ML_01,2026-10-24T13:34:00+09:00,SYNTHETIC_HUMAN_SCENARIO
LK_EV_XP_APP0123_02_BUILD_M1_SKILL_03,EV_XP_APP0123_02_BUILD_M1_SKILL_03,,HUMAN,M1_SKILL_03,CONFIRMED,REVIEW_ML_01,2026-10-25T14:12:00+09:00,SYNTHETIC_HUMAN_SCENARIO
LK_EV_XP_APP0123_02_PROBLEM_M1_SKILL_01,EV_XP_APP0123_02_PROBLEM_M1_SKILL_01,,HUMAN,M1_SKILL_01,CONFIRMED,REVIEW_ML_01,2026-10-25T14:12:00+09:00,SYNTHETIC_HUMAN_SCENARIO
LK_EV_XP_APP0080_01_BUILD_M1_SKILL_03,EV_XP_APP0080_01_BUILD_M1_SKILL_03,,HUMAN,M1_SKILL_03,CONFIRMED,REVIEW_ML_01,2026-10-29T13:48:00+09:00,SYNTHETIC_HUMAN_SCENARIO
LK_EV_XP_APP0073_01_BUILD_M1_SKILL_03,EV_XP_APP0073_01_BUILD_M1_SKILL_03,,HUMAN,M1_SKILL_03,CONFIRMED,REVIEW_ML_01,2026-10-24T14:38:00+09:00,SYNTHETIC_HUMAN_SCENARIO
LK_EV_XP_APP0073_01_PROBLEM_M1_SKILL_01,EV_XP_APP0073_01_PROBLEM_M1_SKILL_01,,HUMAN,M1_SKILL_01,CONFIRMED,REVIEW_ML_01,2026-10-24T14:38:00+09:00,SYNTHETIC_HUMAN_SCENARIO
LK_EV_XP_APP0073_02_BUILD_M1_SKILL_03,EV_XP_APP0073_02_BUILD_M1_SKILL_03,,HUMAN,M1_SKILL_03,CONFIRMED,REVIEW_ML_01,2026-10-24T14:38:00+09:00,SYNTHETIC_HUMAN_SCENARIO
LK_EV_XP_APP0073_02_VALIDATE_M1_SKILL_03,EV_XP_APP0073_02_VALIDATE_M1_SKILL_03,,HUMAN,M1_SKILL_03,CONFIRMED,REVIEW_ML_01,2026-10-24T14:38:00+09:00,SYNTHETIC_HUMAN_SCENARIO
LK_EV_XP_APP0070_01_BUILD_M1_SKILL_03,EV_XP_APP0070_01_BUILD_M1_SKILL_03,,HUMAN,M1_SKILL_03,CONFIRMED,REVIEW_ML_01,2026-10-23T15:08:00+09:00,SYNTHETIC_HUMAN_SCENARIO
LK_EV_XP_APP0070_01_PROBLEM_M1_SKILL_01,EV_XP_APP0070_01_PROBLEM_M1_SKILL_01,,HUMAN,M1_SKILL_01,CONFIRMED,REVIEW_ML_01,2026-10-23T15:08:00+09:00,SYNTHETIC_HUMAN_SCENARIO
LK_EV_XP_APP0070_01_VALIDATE_M1_SKILL_03,EV_XP_APP0070_01_VALIDATE_M1_SKILL_03,,HUMAN,M1_SKILL_03,CONFIRMED,REVIEW_ML_01,2026-10-23T15:08:00+09:00,SYNTHETIC_HUMAN_SCENARIO
LK_EV_XP_APP0116_01_BUILD_M1_SKILL_03,EV_XP_APP0116_01_BUILD_M1_SKILL_03,,HUMAN,M1_SKILL_03,CONFIRMED,REVIEW_ML_01,2026-10-31T15:00:00+09:00,SYNTHETIC_HUMAN_SCENARIO
LK_EV_XP_APP0089_01_BUILD_M1_SKILL_03,EV_XP_APP0089_01_BUILD_M1_SKILL_03,,HUMAN,M1_SKILL_03,CONFIRMED,REVIEW_ML_01,2026-10-22T15:23:00+09:00,SYNTHETIC_HUMAN_SCENARIO
LK_EV_XP_APP0089_01_PROBLEM_M1_SKILL_01,EV_XP_APP0089_01_PROBLEM_M1_SKILL_01,,HUMAN,M1_SKILL_01,CONFIRMED,REVIEW_ML_01,2026-10-22T15:23:00+09:00,SYNTHETIC_HUMAN_SCENARIO
LK_EV_XP_APP0042_01_PROBLEM_M1_SKILL_01,EV_XP_APP0042_01_PROBLEM_M1_SKILL_01,,HUMAN,M1_SKILL_01,CONFIRMED,REVIEW_ML_01,2026-10-28T15:33:00+09:00,SYNTHETIC_HUMAN_SCENARIO
LK_EV_XP_APP0042_01_VALIDATE_M1_SKILL_03,EV_XP_APP0042_01_VALIDATE_M1_SKILL_03,,HUMAN,M1_SKILL_03,CONFIRMED,REVIEW_ML_01,2026-10-28T15:33:00+09:00,SYNTHETIC_HUMAN_SCENARIO
LK_EV_XP_APP0049_01_BUILD_M1_SKILL_03,EV_XP_APP0049_01_BUILD_M1_SKILL_03,,HUMAN,M1_SKILL_03,CONFIRMED,REVIEW_ML_01,2026-10-28T16:28:00+09:00,SYNTHETIC_HUMAN_SCENARIO
LK_EV_XP_APP0049_01_PROBLEM_M1_SKILL_01,EV_XP_APP0049_01_PROBLEM_M1_SKILL_01,,HUMAN,M1_SKILL_01,CONFIRMED,REVIEW_ML_01,2026-10-28T16:28:00+09:00,SYNTHETIC_HUMAN_SCENARIO
LK_EV_XP_APP0049_02_PROBLEM_M1_SKILL_01,EV_XP_APP0049_02_PROBLEM_M1_SKILL_01,,HUMAN,M1_SKILL_01,CONFIRMED,REVIEW_ML_01,2026-10-28T16:28:00+09:00,SYNTHETIC_HUMAN_SCENARIO
LK_EV_XP_APP0050_01_PROBLEM_M1_SKILL_01,EV_XP_APP0050_01_PROBLEM_M1_SKILL_01,,HUMAN,M1_SKILL_01,CONFIRMED,REVIEW_ML_01,2026-10-23T09:39:00+09:00,SYNTHETIC_HUMAN_SCENARIO
LK_EV_XP_APP0128_01_PROBLEM_M1_SKILL_01,EV_XP_APP0128_01_PROBLEM_M1_SKILL_01,,HUMAN,M1_SKILL_01,CONFIRMED,REVIEW_ML_01,2026-10-25T09:57:00+09:00,SYNTHETIC_HUMAN_SCENARIO
LK_EV_XP_APP0128_01_VALIDATE_M1_SKILL_03,EV_XP_APP0128_01_VALIDATE_M1_SKILL_03,,HUMAN,M1_SKILL_03,CONFIRMED,REVIEW_ML_01,2026-10-25T09:57:00+09:00,SYNTHETIC_HUMAN_SCENARIO
LK_EV_XP_APP0128_02_PROBLEM_M1_SKILL_01,EV_XP_APP0128_02_PROBLEM_M1_SKILL_01,,HUMAN,M1_SKILL_01,CONFIRMED,REVIEW_ML_01,2026-10-25T09:57:00+09:00,SYNTHETIC_HUMAN_SCENARIO
LK_EV_XP_APP0128_02_VALIDATE_M1_SKILL_03,EV_XP_APP0128_02_VALIDATE_M1_SKILL_03,,HUMAN,M1_SKILL_03,CONFIRMED,REVIEW_ML_01,2026-10-25T09:57:00+09:00,SYNTHETIC_HUMAN_SCENARIO
LK_EV_XP_APP0090_01_BUILD_M1_SKILL_03,EV_XP_APP0090_01_BUILD_M1_SKILL_03,,HUMAN,M1_SKILL_03,CONFIRMED,REVIEW_ML_01,2026-10-29T10:13:00+09:00,SYNTHETIC_HUMAN_SCENARIO
LK_EV_XP_APP0090_01_VALIDATE_M1_SKILL_03,EV_XP_APP0090_01_VALIDATE_M1_SKILL_03,,HUMAN,M1_SKILL_03,CONFIRMED,REVIEW_ML_01,2026-10-29T10:13:00+09:00,SYNTHETIC_HUMAN_SCENARIO
LK_EV_XP_APP0061_01_VALIDATE_M1_SKILL_03,EV_XP_APP0061_01_VALIDATE_M1_SKILL_03,,HUMAN,M1_SKILL_03,CONFIRMED,REVIEW_ML_01,2026-10-30T10:23:00+09:00,SYNTHETIC_HUMAN_SCENARIO
LK_EV_XP_APP0061_02_BUILD_M1_SKILL_03,EV_XP_APP0061_02_BUILD_M1_SKILL_03,,HUMAN,M1_SKILL_03,CONFIRMED,REVIEW_ML_01,2026-10-30T10:23:00+09:00,SYNTHETIC_HUMAN_SCENARIO
LK_EV_XP_APP0061_02_PROBLEM_M1_SKILL_01,EV_XP_APP0061_02_PROBLEM_M1_SKILL_01,,HUMAN,M1_SKILL_01,CONFIRMED,REVIEW_ML_01,2026-10-30T10:23:00+09:00,SYNTHETIC_HUMAN_SCENARIO
LK_EV_XP_APP0057_01_PROBLEM_M1_SKILL_01,EV_XP_APP0057_01_PROBLEM_M1_SKILL_01,,HUMAN,M1_SKILL_01,CONFIRMED,REVIEW_ML_01,2026-10-25T11:31:00+09:00,SYNTHETIC_HUMAN_SCENARIO
LK_EV_XP_APP0057_01_VALIDATE_M1_SKILL_03,EV_XP_APP0057_01_VALIDATE_M1_SKILL_03,,HUMAN,M1_SKILL_03,CONFIRMED,REVIEW_ML_01,2026-10-25T11:31:00+09:00,SYNTHETIC_HUMAN_SCENARIO
LK_EV_XP_APP0057_02_BUILD_M1_SKILL_03,EV_XP_APP0057_02_BUILD_M1_SKILL_03,,HUMAN,M1_SKILL_03,CONFIRMED,REVIEW_ML_01,2026-10-25T11:31:00+09:00,SYNTHETIC_HUMAN_SCENARIO
LK_EV_XP_APP0057_02_PROBLEM_M1_SKILL_01,EV_XP_APP0057_02_PROBLEM_M1_SKILL_01,,HUMAN,M1_SKILL_01,CONFIRMED,REVIEW_ML_01,2026-10-25T11:31:00+09:00,SYNTHETIC_HUMAN_SCENARIO
LK_EV_XP_APP0057_02_VALIDATE_M1_SKILL_03,EV_XP_APP0057_02_VALIDATE_M1_SKILL_03,,HUMAN,M1_SKILL_03,CONFIRMED,REVIEW_ML_01,2026-10-25T11:31:00+09:00,SYNTHETIC_HUMAN_SCENARIO
LK_EV_XP_APP0097_01_PROBLEM_M1_SKILL_01,EV_XP_APP0097_01_PROBLEM_M1_SKILL_01,,HUMAN,M1_SKILL_01,CONFIRMED,REVIEW_ML_01,2026-10-29T11:59:00+09:00,SYNTHETIC_HUMAN_SCENARIO
LK_EV_XP_APP0105_01_BUILD_M1_SKILL_03,EV_XP_APP0105_01_BUILD_M1_SKILL_03,,HUMAN,M1_SKILL_03,CONFIRMED,REVIEW_ML_01,2026-10-30T11:59:00+09:00,SYNTHETIC_HUMAN_SCENARIO
LK_EV_XP_APP0105_01_PROBLEM_M1_SKILL_01,EV_XP_APP0105_01_PROBLEM_M1_SKILL_01,,HUMAN,M1_SKILL_01,CONFIRMED,REVIEW_ML_01,2026-10-30T11:59:00+09:00,SYNTHETIC_HUMAN_SCENARIO
LK_EV_XP_APP0063_01_PROBLEM_M1_SKILL_01,EV_XP_APP0063_01_PROBLEM_M1_SKILL_01,,HUMAN,M1_SKILL_01,CONFIRMED,REVIEW_ML_01,2026-10-26T12:39:00+09:00,SYNTHETIC_HUMAN_SCENARIO
LK_EV_XP_APP0063_02_PROBLEM_M1_SKILL_01,EV_XP_APP0063_02_PROBLEM_M1_SKILL_01,,HUMAN,M1_SKILL_01,CONFIRMED,REVIEW_ML_01,2026-10-26T12:39:00+09:00,SYNTHETIC_HUMAN_SCENARIO
LK_EV_XP_APP0096_01_VALIDATE_M1_SKILL_03,EV_XP_APP0096_01_VALIDATE_M1_SKILL_03,,HUMAN,M1_SKILL_03,CONFIRMED,REVIEW_ML_01,2026-10-25T14:37:00+09:00,SYNTHETIC_HUMAN_SCENARIO
LK_EV_XP_APP0096_02_VALIDATE_M1_SKILL_03,EV_XP_APP0096_02_VALIDATE_M1_SKILL_03,,HUMAN,M1_SKILL_03,CONFIRMED,REVIEW_ML_01,2026-10-25T14:37:00+09:00,SYNTHETIC_HUMAN_SCENARIO
LK_EV_XP_APP0142_01_BUILD_M1_SKILL_03,EV_XP_APP0142_01_BUILD_M1_SKILL_03,,HUMAN,M1_SKILL_03,CONFIRMED,REVIEW_ML_01,2026-10-30T13:54:00+09:00,SYNTHETIC_HUMAN_SCENARIO
LK_EV_XP_APP0003_01_PROBLEM_M1_SKILL_01,EV_XP_APP0003_01_PROBLEM_M1_SKILL_01,,HUMAN,M1_SKILL_01,CONFIRMED,REVIEW_ML_01,2026-10-28T14:14:00+09:00,SYNTHETIC_HUMAN_SCENARIO
LK_EV_XP_APP0003_02_PROBLEM_M1_SKILL_01,EV_XP_APP0003_02_PROBLEM_M1_SKILL_01,,HUMAN,M1_SKILL_01,CONFIRMED,REVIEW_ML_01,2026-10-28T14:14:00+09:00,SYNTHETIC_HUMAN_SCENARIO
LK_EV_XP_APP0005_01_PROBLEM_M1_SKILL_01,EV_XP_APP0005_01_PROBLEM_M1_SKILL_01,,HUMAN,M1_SKILL_01,CONFIRMED,REVIEW_ML_01,2026-10-28T14:42:00+09:00,SYNTHETIC_HUMAN_SCENARIO
LK_EV_XP_APP0005_01_VALIDATE_M1_SKILL_03,EV_XP_APP0005_01_VALIDATE_M1_SKILL_03,,HUMAN,M1_SKILL_03,CONFIRMED,REVIEW_ML_01,2026-10-28T14:42:00+09:00,SYNTHETIC_HUMAN_SCENARIO
LK_EV_XP_APP0005_02_PROBLEM_M1_SKILL_01,EV_XP_APP0005_02_PROBLEM_M1_SKILL_01,,HUMAN,M1_SKILL_01,CONFIRMED,REVIEW_ML_01,2026-10-28T14:42:00+09:00,SYNTHETIC_HUMAN_SCENARIO
LK_EV_XP_APP0005_02_VALIDATE_M1_SKILL_03,EV_XP_APP0005_02_VALIDATE_M1_SKILL_03,,HUMAN,M1_SKILL_03,CONFIRMED,REVIEW_ML_01,2026-10-28T14:42:00+09:00,SYNTHETIC_HUMAN_SCENARIO
LK_EV_XP_APP0093_01_PROBLEM_M1_SKILL_01,EV_XP_APP0093_01_PROBLEM_M1_SKILL_01,,HUMAN,M1_SKILL_01,CONFIRMED,REVIEW_ML_01,2026-10-25T15:10:00+09:00,SYNTHETIC_HUMAN_SCENARIO
LK_EV_XP_APP0093_01_VALIDATE_M1_SKILL_03,EV_XP_APP0093_01_VALIDATE_M1_SKILL_03,,HUMAN,M1_SKILL_03,CONFIRMED,REVIEW_ML_01,2026-10-25T15:10:00+09:00,SYNTHETIC_HUMAN_SCENARIO
LK_EV_XP_APP0095_01_VALIDATE_M1_SKILL_03,EV_XP_APP0095_01_VALIDATE_M1_SKILL_03,,HUMAN,M1_SKILL_03,CONFIRMED,REVIEW_ML_01,2026-10-24T15:25:00+09:00,SYNTHETIC_HUMAN_SCENARIO
LK_EV_XP_APP0095_02_BUILD_M1_SKILL_03,EV_XP_APP0095_02_BUILD_M1_SKILL_03,,HUMAN,M1_SKILL_03,CONFIRMED,REVIEW_ML_01,2026-10-24T15:25:00+09:00,SYNTHETIC_HUMAN_SCENARIO
LK_EV_XP_APP0095_02_PROBLEM_M1_SKILL_01,EV_XP_APP0095_02_PROBLEM_M1_SKILL_01,,HUMAN,M1_SKILL_01,CONFIRMED,REVIEW_ML_01,2026-10-24T15:25:00+09:00,SYNTHETIC_HUMAN_SCENARIO
LK_EV_XP_APP0127_01_BUILD_M1_SKILL_03,EV_XP_APP0127_01_BUILD_M1_SKILL_03,,HUMAN,M1_SKILL_03,CONFIRMED,REVIEW_ML_01,2026-10-30T15:22:00+09:00,SYNTHETIC_HUMAN_SCENARIO
LK_EV_XP_APP0004_01_BUILD_M1_SKILL_03,EV_XP_APP0004_01_BUILD_M1_SKILL_03,,HUMAN,M1_SKILL_03,CONFIRMED,REVIEW_ML_01,2026-10-30T16:00:00+09:00,SYNTHETIC_HUMAN_SCENARIO
LK_EV_XP_APP0004_01_VALIDATE_M1_SKILL_03,EV_XP_APP0004_01_VALIDATE_M1_SKILL_03,,HUMAN,M1_SKILL_03,CONFIRMED,REVIEW_ML_01,2026-10-30T16:00:00+09:00,SYNTHETIC_HUMAN_SCENARIO
LK_EV_XP_APP0004_02_BUILD_M1_SKILL_03,EV_XP_APP0004_02_BUILD_M1_SKILL_03,,HUMAN,M1_SKILL_03,CONFIRMED,REVIEW_ML_01,2026-10-30T16:00:00+09:00,SYNTHETIC_HUMAN_SCENARIO
LK_EV_XP_APP0004_02_PROBLEM_M1_SKILL_01,EV_XP_APP0004_02_PROBLEM_M1_SKILL_01,,HUMAN,M1_SKILL_01,CONFIRMED,REVIEW_ML_01,2026-10-30T16:00:00+09:00,SYNTHETIC_HUMAN_SCENARIO
LK_EV_XP_APP0004_02_VALIDATE_M1_SKILL_03,EV_XP_APP0004_02_VALIDATE_M1_SKILL_03,,HUMAN,M1_SKILL_03,CONFIRMED,REVIEW_ML_01,2026-10-30T16:00:00+09:00,SYNTHETIC_HUMAN_SCENARIO
LK_EV_XP_APP0101_01_BUILD_M1_SKILL_03,EV_XP_APP0101_01_BUILD_M1_SKILL_03,,HUMAN,M1_SKILL_03,CONFIRMED,REVIEW_ML_01,2026-10-25T16:14:00+09:00,SYNTHETIC_HUMAN_SCENARIO
LK_EV_XP_APP0101_01_PROBLEM_M1_SKILL_01,EV_XP_APP0101_01_PROBLEM_M1_SKILL_01,,HUMAN,M1_SKILL_01,CONFIRMED,REVIEW_ML_01,2026-10-25T16:14:00+09:00,SYNTHETIC_HUMAN_SCENARIO
LK_EV_XP_APP0101_01_VALIDATE_M1_SKILL_03,EV_XP_APP0101_01_VALIDATE_M1_SKILL_03,,HUMAN,M1_SKILL_03,CONFIRMED,REVIEW_ML_01,2026-10-25T16:14:00+09:00,SYNTHETIC_HUMAN_SCENARIO
LK_EV_XP_APP0101_02_BUILD_M1_SKILL_03,EV_XP_APP0101_02_BUILD_M1_SKILL_03,,HUMAN,M1_SKILL_03,CONFIRMED,REVIEW_ML_01,2026-10-25T16:14:00+09:00,SYNTHETIC_HUMAN_SCENARIO
LK_EV_XP_APP0101_02_PROBLEM_M1_SKILL_01,EV_XP_APP0101_02_PROBLEM_M1_SKILL_01,,HUMAN,M1_SKILL_01,CONFIRMED,REVIEW_ML_01,2026-10-25T16:14:00+09:00,SYNTHETIC_HUMAN_SCENARIO
LK_EV_XP_APP0139_01_PROBLEM_M1_SKILL_01,EV_XP_APP0139_01_PROBLEM_M1_SKILL_01,,HUMAN,M1_SKILL_01,CONFIRMED,REVIEW_ML_01,2026-10-26T16:24:00+09:00,SYNTHETIC_HUMAN_SCENARIO
LK_EV_XP_APP0139_01_VALIDATE_M1_SKILL_03,EV_XP_APP0139_01_VALIDATE_M1_SKILL_03,,HUMAN,M1_SKILL_03,CONFIRMED,REVIEW_ML_01,2026-10-26T16:24:00+09:00,SYNTHETIC_HUMAN_SCENARIO
LK_EV_XP_APP0139_02_BUILD_M1_SKILL_03,EV_XP_APP0139_02_BUILD_M1_SKILL_03,,HUMAN,M1_SKILL_03,CONFIRMED,REVIEW_ML_01,2026-10-26T16:24:00+09:00,SYNTHETIC_HUMAN_SCENARIO
LK_EV_XP_APP0109_01_BUILD_M1_SKILL_03,EV_XP_APP0109_01_BUILD_M1_SKILL_03,,HUMAN,M1_SKILL_03,CONFIRMED,REVIEW_ML_01,2026-10-27T16:50:00+09:00,SYNTHETIC_HUMAN_SCENARIO
LK_EV_XP_APP0109_01_PROBLEM_M1_SKILL_01,EV_XP_APP0109_01_PROBLEM_M1_SKILL_01,,HUMAN,M1_SKILL_01,CONFIRMED,REVIEW_ML_01,2026-10-27T16:50:00+09:00,SYNTHETIC_HUMAN_SCENARIO
LK_EV_XP_APP0002_01_VALIDATE_M1_SKILL_03,EV_XP_APP0002_01_VALIDATE_M1_SKILL_03,,HUMAN,M1_SKILL_03,CONFIRMED,REVIEW_ML_01,2026-10-26T16:59:00+09:00,SYNTHETIC_HUMAN_SCENARIO
LK_EV_XP_APP0002_02_BUILD_M1_SKILL_03,EV_XP_APP0002_02_BUILD_M1_SKILL_03,,HUMAN,M1_SKILL_03,CONFIRMED,REVIEW_ML_01,2026-10-26T16:59:00+09:00,SYNTHETIC_HUMAN_SCENARIO
LK_EV_XP_APP0002_02_PROBLEM_M1_SKILL_01,EV_XP_APP0002_02_PROBLEM_M1_SKILL_01,,HUMAN,M1_SKILL_01,CONFIRMED,REVIEW_ML_01,2026-10-26T16:59:00+09:00,SYNTHETIC_HUMAN_SCENARIO
LK_EV_XP_APP0002_02_VALIDATE_M1_SKILL_03,EV_XP_APP0002_02_VALIDATE_M1_SKILL_03,,HUMAN,M1_SKILL_03,CONFIRMED,REVIEW_ML_01,2026-10-26T16:59:00+09:00,SYNTHETIC_HUMAN_SCENARIO
LK_EV_XP_APP0007_02_PROBLEM_M1_SKILL_01,EV_XP_APP0007_02_PROBLEM_M1_SKILL_01,,HUMAN,M1_SKILL_01,CONFIRMED,REVIEW_ML_01,2026-10-28T17:06:00+09:00,SYNTHETIC_HUMAN_SCENARIO
LK_EV_XP_APP0110_01_BUILD_M1_SKILL_03,EV_XP_APP0110_01_BUILD_M1_SKILL_03,,HUMAN,M1_SKILL_03,CONFIRMED,REVIEW_ML_01,2026-10-31T09:19:00+09:00,SYNTHETIC_HUMAN_SCENARIO
LK_EV_XP_APP0110_01_PROBLEM_M1_SKILL_01,EV_XP_APP0110_01_PROBLEM_M1_SKILL_01,,HUMAN,M1_SKILL_01,CONFIRMED,REVIEW_ML_01,2026-10-31T09:19:00+09:00,SYNTHETIC_HUMAN_SCENARIO
LK_EV_XP_APP0110_01_VALIDATE_M1_SKILL_03,EV_XP_APP0110_01_VALIDATE_M1_SKILL_03,,HUMAN,M1_SKILL_03,CONFIRMED,REVIEW_ML_01,2026-10-31T09:19:00+09:00,SYNTHETIC_HUMAN_SCENARIO
LK_EV_XP_APP0110_02_PROBLEM_M1_SKILL_01,EV_XP_APP0110_02_PROBLEM_M1_SKILL_01,,HUMAN,M1_SKILL_01,CONFIRMED,REVIEW_ML_01,2026-10-31T09:19:00+09:00,SYNTHETIC_HUMAN_SCENARIO
LK_EV_XP_APP0110_02_VALIDATE_M1_SKILL_03,EV_XP_APP0110_02_VALIDATE_M1_SKILL_03,,HUMAN,M1_SKILL_03,CONFIRMED,REVIEW_ML_01,2026-10-31T09:19:00+09:00,SYNTHETIC_HUMAN_SCENARIO
LK_EV_XP_APP0143_01_BUILD_M1_SKILL_03,EV_XP_APP0143_01_BUILD_M1_SKILL_03,,HUMAN,M1_SKILL_03,CONFIRMED,REVIEW_ML_01,2026-10-28T12:40:00+09:00,SYNTHETIC_HUMAN_SCENARIO
LK_EV_XP_APP0143_01_VALIDATE_M1_SKILL_03,EV_XP_APP0143_01_VALIDATE_M1_SKILL_03,,HUMAN,M1_SKILL_03,CONFIRMED,REVIEW_ML_01,2026-10-28T12:40:00+09:00,SYNTHETIC_HUMAN_SCENARIO
LK_EV_XP_APP0121_01_VALIDATE_M1_SKILL_03,EV_XP_APP0121_01_VALIDATE_M1_SKILL_03,,HUMAN,M1_SKILL_03,CONFIRMED,REVIEW_ML_01,2026-10-29T12:38:00+09:00,SYNTHETIC_HUMAN_SCENARIO
LK_EV_XP_APP0121_02_BUILD_M1_SKILL_03,EV_XP_APP0121_02_BUILD_M1_SKILL_03,,HUMAN,M1_SKILL_03,CONFIRMED,REVIEW_ML_01,2026-10-29T12:38:00+09:00,SYNTHETIC_HUMAN_SCENARIO
LK_EV_XP_APP0121_02_PROBLEM_M1_SKILL_01,EV_XP_APP0121_02_PROBLEM_M1_SKILL_01,,HUMAN,M1_SKILL_01,CONFIRMED,REVIEW_ML_01,2026-10-29T12:38:00+09:00,SYNTHETIC_HUMAN_SCENARIO
LK_EV_XP_APP0121_02_VALIDATE_M1_SKILL_03,EV_XP_APP0121_02_VALIDATE_M1_SKILL_03,,HUMAN,M1_SKILL_03,CONFIRMED,REVIEW_ML_01,2026-10-29T12:38:00+09:00,SYNTHETIC_HUMAN_SCENARIO
LK_EV_XP_APP0147_01_PROBLEM_M1_SKILL_01,EV_XP_APP0147_01_PROBLEM_M1_SKILL_01,,HUMAN,M1_SKILL_01,CONFIRMED,REVIEW_ML_01,2026-10-25T16:40:00+09:00,SYNTHETIC_HUMAN_SCENARIO
LK_EV_XP_APP0147_01_VALIDATE_M1_SKILL_03,EV_XP_APP0147_01_VALIDATE_M1_SKILL_03,,HUMAN,M1_SKILL_03,CONFIRMED,REVIEW_ML_01,2026-10-25T16:40:00+09:00,SYNTHETIC_HUMAN_SCENARIO
LK_EV_XP_APP0044_01_VALIDATE_M1_SKILL_03,EV_XP_APP0044_01_VALIDATE_M1_SKILL_03,,HUMAN,M1_SKILL_03,CONFIRMED,REVIEW_ML_01,2026-10-28T11:19:00+09:00,SYNTHETIC_HUMAN_SCENARIO
LK_EV_XP_APP0044_02_BUILD_M1_SKILL_03,EV_XP_APP0044_02_BUILD_M1_SKILL_03,,HUMAN,M1_SKILL_03,CONFIRMED,REVIEW_ML_01,2026-10-28T11:19:00+09:00,SYNTHETIC_HUMAN_SCENARIO
LK_EV_XP_APP0162_01_PROBLEM_M1_SKILL_01,EV_XP_APP0162_01_PROBLEM_M1_SKILL_01,,HUMAN,M1_SKILL_01,CONFIRMED,REVIEW_ML_01,2026-10-30T12:24:00+09:00,SYNTHETIC_HUMAN_SCENARIO
LK_EV_XP_APP0162_02_BUILD_M1_SKILL_03,EV_XP_APP0162_02_BUILD_M1_SKILL_03,,HUMAN,M1_SKILL_03,CONFIRMED,REVIEW_ML_01,2026-10-30T12:24:00+09:00,SYNTHETIC_HUMAN_SCENARIO
LK_EV_XP_APP0162_02_PROBLEM_M1_SKILL_01,EV_XP_APP0162_02_PROBLEM_M1_SKILL_01,,HUMAN,M1_SKILL_01,CONFIRMED,REVIEW_ML_01,2026-10-30T12:24:00+09:00,SYNTHETIC_HUMAN_SCENARIO
LK_EV_XP_APP0162_02_VALIDATE_M1_SKILL_03,EV_XP_APP0162_02_VALIDATE_M1_SKILL_03,,HUMAN,M1_SKILL_03,CONFIRMED,REVIEW_ML_01,2026-10-30T12:24:00+09:00,SYNTHETIC_HUMAN_SCENARIO
LK_EV_XP_APP0150_01_VALIDATE_M1_SKILL_03,EV_XP_APP0150_01_VALIDATE_M1_SKILL_03,,HUMAN,M1_SKILL_03,CONFIRMED,REVIEW_ML_01,2026-10-29T13:13:00+09:00,SYNTHETIC_HUMAN_SCENARIO
LK_EV_XP_APP0150_02_BUILD_M1_SKILL_03,EV_XP_APP0150_02_BUILD_M1_SKILL_03,,HUMAN,M1_SKILL_03,CONFIRMED,REVIEW_ML_01,2026-10-29T13:13:00+09:00,SYNTHETIC_HUMAN_SCENARIO
LK_EV_XP_APP0150_02_PROBLEM_M1_SKILL_01,EV_XP_APP0150_02_PROBLEM_M1_SKILL_01,,HUMAN,M1_SKILL_01,CONFIRMED,REVIEW_ML_01,2026-10-29T13:13:00+09:00,SYNTHETIC_HUMAN_SCENARIO
LK_EV_XP_APP0150_02_VALIDATE_M1_SKILL_03,EV_XP_APP0150_02_VALIDATE_M1_SKILL_03,,HUMAN,M1_SKILL_03,CONFIRMED,REVIEW_ML_01,2026-10-29T13:13:00+09:00,SYNTHETIC_HUMAN_SCENARIO
LK_EV_XP_APP0167_01_PROBLEM_M1_SKILL_01,EV_XP_APP0167_01_PROBLEM_M1_SKILL_01,,HUMAN,M1_SKILL_01,CONFIRMED,REVIEW_ML_01,2026-10-28T14:39:00+09:00,SYNTHETIC_HUMAN_SCENARIO
LK_EV_XP_APP0167_01_VALIDATE_M1_SKILL_03,EV_XP_APP0167_01_VALIDATE_M1_SKILL_03,,HUMAN,M1_SKILL_03,CONFIRMED,REVIEW_ML_01,2026-10-28T14:39:00+09:00,SYNTHETIC_HUMAN_SCENARIO
LK_EV_XP_APP0151_01_BUILD_M1_SKILL_03,EV_XP_APP0151_01_BUILD_M1_SKILL_03,,HUMAN,M1_SKILL_03,CONFIRMED,REVIEW_ML_01,2026-10-27T14:54:00+09:00,SYNTHETIC_HUMAN_SCENARIO
LK_EV_XP_APP0151_02_VALIDATE_M1_SKILL_03,EV_XP_APP0151_02_VALIDATE_M1_SKILL_03,,HUMAN,M1_SKILL_03,CONFIRMED,REVIEW_ML_01,2026-10-27T14:54:00+09:00,SYNTHETIC_HUMAN_SCENARIO
LK_EV_XP_APP0124_01_BUILD_M1_SKILL_03,EV_XP_APP0124_01_BUILD_M1_SKILL_03,,HUMAN,M1_SKILL_03,CONFIRMED,REVIEW_ML_01,2026-10-30T15:39:00+09:00,SYNTHETIC_HUMAN_SCENARIO
LK_EV_XP_APP0124_01_PROBLEM_M1_SKILL_01,EV_XP_APP0124_01_PROBLEM_M1_SKILL_01,,HUMAN,M1_SKILL_01,CONFIRMED,REVIEW_ML_01,2026-10-30T15:39:00+09:00,SYNTHETIC_HUMAN_SCENARIO
LK_EV_XP_APP0124_02_BUILD_M1_SKILL_03,EV_XP_APP0124_02_BUILD_M1_SKILL_03,,HUMAN,M1_SKILL_03,CONFIRMED,REVIEW_ML_01,2026-10-30T15:39:00+09:00,SYNTHETIC_HUMAN_SCENARIO
LK_EV_XP_APP0124_02_VALIDATE_M1_SKILL_03,EV_XP_APP0124_02_VALIDATE_M1_SKILL_03,,HUMAN,M1_SKILL_03,CONFIRMED,REVIEW_ML_01,2026-10-30T15:39:00+09:00,SYNTHETIC_HUMAN_SCENARIO
LK_EV_XP_APP0172_01_BUILD_M1_SKILL_03,EV_XP_APP0172_01_BUILD_M1_SKILL_03,,HUMAN,M1_SKILL_03,CONFIRMED,REVIEW_ML_01,2026-10-31T14:35:00+09:00,SYNTHETIC_HUMAN_SCENARIO
LK_EV_XP_APP0172_01_PROBLEM_M1_SKILL_01,EV_XP_APP0172_01_PROBLEM_M1_SKILL_01,,HUMAN,M1_SKILL_01,CONFIRMED,REVIEW_ML_01,2026-10-31T14:35:00+09:00,SYNTHETIC_HUMAN_SCENARIO
LK_EV_XP_APP0172_01_VALIDATE_M1_SKILL_03,EV_XP_APP0172_01_VALIDATE_M1_SKILL_03,,HUMAN,M1_SKILL_03,CONFIRMED,REVIEW_ML_01,2026-10-31T14:35:00+09:00,SYNTHETIC_HUMAN_SCENARIO
LK_EV_XP_APP0141_01_BUILD_M1_SKILL_03,EV_XP_APP0141_01_BUILD_M1_SKILL_03,,HUMAN,M1_SKILL_03,CONFIRMED,REVIEW_ML_01,2026-10-28T16:20:00+09:00,SYNTHETIC_HUMAN_SCENARIO
LK_EV_XP_APP0141_01_PROBLEM_M1_SKILL_01,EV_XP_APP0141_01_PROBLEM_M1_SKILL_01,,HUMAN,M1_SKILL_01,CONFIRMED,REVIEW_ML_01,2026-10-28T16:20:00+09:00,SYNTHETIC_HUMAN_SCENARIO
LK_EV_XP_APP0141_01_VALIDATE_M1_SKILL_03,EV_XP_APP0141_01_VALIDATE_M1_SKILL_03,,HUMAN,M1_SKILL_03,CONFIRMED,REVIEW_ML_01,2026-10-28T16:20:00+09:00,SYNTHETIC_HUMAN_SCENARIO
LK_EV_XP_APP0141_02_BUILD_M1_SKILL_03,EV_XP_APP0141_02_BUILD_M1_SKILL_03,,HUMAN,M1_SKILL_03,CONFIRMED,REVIEW_ML_01,2026-10-28T16:20:00+09:00,SYNTHETIC_HUMAN_SCENARIO
LK_EV_XP_APP0141_02_PROBLEM_M1_SKILL_01,EV_XP_APP0141_02_PROBLEM_M1_SKILL_01,,HUMAN,M1_SKILL_01,CONFIRMED,REVIEW_ML_01,2026-10-28T16:20:00+09:00,SYNTHETIC_HUMAN_SCENARIO
LK_EV_XP_APP0038_01_PROBLEM_M1_SKILL_01,EV_XP_APP0038_01_PROBLEM_M1_SKILL_01,,HUMAN,M1_SKILL_01,CONFIRMED,REVIEW_ML_01,2026-10-30T16:40:00+09:00,SYNTHETIC_HUMAN_SCENARIO
LK_EV_XP_APP0038_02_VALIDATE_M1_SKILL_03,EV_XP_APP0038_02_VALIDATE_M1_SKILL_03,,HUMAN,M1_SKILL_03,CONFIRMED,REVIEW_ML_01,2026-10-30T16:40:00+09:00,SYNTHETIC_HUMAN_SCENARIO
LK_EV_XP_APP0039_01_PROBLEM_M1_SKILL_01,EV_XP_APP0039_01_PROBLEM_M1_SKILL_01,,HUMAN,M1_SKILL_01,CONFIRMED,REVIEW_ML_01,2026-10-30T15:54:00+09:00,SYNTHETIC_HUMAN_SCENARIO
LK_EV_XP_APP0039_01_VALIDATE_M1_SKILL_03,EV_XP_APP0039_01_VALIDATE_M1_SKILL_03,,HUMAN,M1_SKILL_03,CONFIRMED,REVIEW_ML_01,2026-10-30T15:54:00+09:00,SYNTHETIC_HUMAN_SCENARIO
LK_EV_XP_APP0168_01_VALIDATE_M1_SKILL_03,EV_XP_APP0168_01_VALIDATE_M1_SKILL_03,,HUMAN,M1_SKILL_03,CONFIRMED,REVIEW_ML_01,2026-10-27T15:54:00+09:00,SYNTHETIC_HUMAN_SCENARIO
LK_EV_XP_APP0153_01_BUILD_M1_SKILL_03,EV_XP_APP0153_01_BUILD_M1_SKILL_03,,HUMAN,M1_SKILL_03,CONFIRMED,REVIEW_ML_01,2026-10-26T17:31:00+09:00,SYNTHETIC_HUMAN_SCENARIO
LK_EV_XP_APP0153_01_PROBLEM_M1_SKILL_01,EV_XP_APP0153_01_PROBLEM_M1_SKILL_01,,HUMAN,M1_SKILL_01,CONFIRMED,REVIEW_ML_01,2026-10-26T17:31:00+09:00,SYNTHETIC_HUMAN_SCENARIO
LK_EV_XP_APP0153_01_VALIDATE_M1_SKILL_03,EV_XP_APP0153_01_VALIDATE_M1_SKILL_03,,HUMAN,M1_SKILL_03,CONFIRMED,REVIEW_ML_01,2026-10-26T17:31:00+09:00,SYNTHETIC_HUMAN_SCENARIO
LK_EV_XP_APP0166_01_VALIDATE_M1_SKILL_03,EV_XP_APP0166_01_VALIDATE_M1_SKILL_03,,HUMAN,M1_SKILL_03,CONFIRMED,REVIEW_ML_01,2026-10-27T17:05:00+09:00,SYNTHETIC_HUMAN_SCENARIO
LK_EV_XP_APP0166_02_VALIDATE_M1_SKILL_03,EV_XP_APP0166_02_VALIDATE_M1_SKILL_03,,HUMAN,M1_SKILL_03,CONFIRMED,REVIEW_ML_01,2026-10-27T17:05:00+09:00,SYNTHETIC_HUMAN_SCENARIO
LK_EV_XP_APP0037_01_PROBLEM_M1_SKILL_01,EV_XP_APP0037_01_PROBLEM_M1_SKILL_01,,HUMAN,M1_SKILL_01,CONFIRMED,REVIEW_ML_01,2026-11-01T17:00:00+09:00,SYNTHETIC_HUMAN_SCENARIO
LK_EV_XP_APP0037_01_VALIDATE_M1_SKILL_03,EV_XP_APP0037_01_VALIDATE_M1_SKILL_03,,HUMAN,M1_SKILL_03,CONFIRMED,REVIEW_ML_01,2026-11-01T17:00:00+09:00,SYNTHETIC_HUMAN_SCENARIO
LK_EV_XP_APP0037_02_VALIDATE_M1_SKILL_03,EV_XP_APP0037_02_VALIDATE_M1_SKILL_03,,HUMAN,M1_SKILL_03,CONFIRMED,REVIEW_ML_01,2026-11-01T17:00:00+09:00,SYNTHETIC_HUMAN_SCENARIO
LK_EV_XP_APP0098_01_BUILD_M1_SKILL_03,EV_XP_APP0098_01_BUILD_M1_SKILL_03,,HUMAN,M1_SKILL_03,CONFIRMED,REVIEW_ML_01,2026-10-26T16:39:00+09:00,SYNTHETIC_HUMAN_SCENARIO
LK_EV_XP_APP0098_01_VALIDATE_M1_SKILL_03,EV_XP_APP0098_01_VALIDATE_M1_SKILL_03,,HUMAN,M1_SKILL_03,CONFIRMED,REVIEW_ML_01,2026-10-26T16:39:00+09:00,SYNTHETIC_HUMAN_SCENARIO
LK_EV_XP_APP0136_01_PROBLEM_M1_SKILL_01,EV_XP_APP0136_01_PROBLEM_M1_SKILL_01,,HUMAN,M1_SKILL_01,CONFIRMED,REVIEW_ML_01,2026-10-30T17:06:00+09:00,SYNTHETIC_HUMAN_SCENARIO
LK_EV_XP_APP0136_01_VALIDATE_M1_SKILL_03,EV_XP_APP0136_01_VALIDATE_M1_SKILL_03,,HUMAN,M1_SKILL_03,CONFIRMED,REVIEW_ML_01,2026-10-30T17:06:00+09:00,SYNTHETIC_HUMAN_SCENARIO
LK_EV_XP_APP0136_02_BUILD_M1_SKILL_03,EV_XP_APP0136_02_BUILD_M1_SKILL_03,,HUMAN,M1_SKILL_03,CONFIRMED,REVIEW_ML_01,2026-10-30T17:06:00+09:00,SYNTHETIC_HUMAN_SCENARIO
LK_EV_XP_APP0136_02_VALIDATE_M1_SKILL_03,EV_XP_APP0136_02_VALIDATE_M1_SKILL_03,,HUMAN,M1_SKILL_03,CONFIRMED,REVIEW_ML_01,2026-10-30T17:06:00+09:00,SYNTHETIC_HUMAN_SCENARIO
LK_EV_XP_APP0117_01_BUILD_M1_SKILL_03,EV_XP_APP0117_01_BUILD_M1_SKILL_03,,HUMAN,M1_SKILL_03,CONFIRMED,REVIEW_ML_01,2026-10-31T10:01:00+09:00,SYNTHETIC_HUMAN_SCENARIO
LK_EV_XP_APP0117_01_PROBLEM_M1_SKILL_01,EV_XP_APP0117_01_PROBLEM_M1_SKILL_01,,HUMAN,M1_SKILL_01,CONFIRMED,REVIEW_ML_01,2026-10-31T10:01:00+09:00,SYNTHETIC_HUMAN_SCENARIO
LK_EV_XP_APP0117_01_VALIDATE_M1_SKILL_03,EV_XP_APP0117_01_VALIDATE_M1_SKILL_03,,HUMAN,M1_SKILL_03,CONFIRMED,REVIEW_ML_01,2026-10-31T10:01:00+09:00,SYNTHETIC_HUMAN_SCENARIO
LK_EV_XP_APP0154_01_BUILD_M1_SKILL_03,EV_XP_APP0154_01_BUILD_M1_SKILL_03,,HUMAN,M1_SKILL_03,CONFIRMED,REVIEW_ML_01,2026-10-28T10:27:00+09:00,SYNTHETIC_HUMAN_SCENARIO
LK_EV_XP_APP0154_01_VALIDATE_M1_SKILL_03,EV_XP_APP0154_01_VALIDATE_M1_SKILL_03,,HUMAN,M1_SKILL_03,CONFIRMED,REVIEW_ML_01,2026-10-28T10:27:00+09:00,SYNTHETIC_HUMAN_SCENARIO
LK_EV_XP_APP0154_02_BUILD_M1_SKILL_03,EV_XP_APP0154_02_BUILD_M1_SKILL_03,,HUMAN,M1_SKILL_03,CONFIRMED,REVIEW_ML_01,2026-10-28T10:27:00+09:00,SYNTHETIC_HUMAN_SCENARIO
LK_EV_XP_APP0154_02_PROBLEM_M1_SKILL_01,EV_XP_APP0154_02_PROBLEM_M1_SKILL_01,,HUMAN,M1_SKILL_01,CONFIRMED,REVIEW_ML_01,2026-10-28T10:27:00+09:00,SYNTHETIC_HUMAN_SCENARIO
LK_EV_XP_APP0154_02_VALIDATE_M1_SKILL_03,EV_XP_APP0154_02_VALIDATE_M1_SKILL_03,,HUMAN,M1_SKILL_03,CONFIRMED,REVIEW_ML_01,2026-10-28T10:27:00+09:00,SYNTHETIC_HUMAN_SCENARIO
LK_EV_XP_APP0161_01_VALIDATE_M1_SKILL_03,EV_XP_APP0161_01_VALIDATE_M1_SKILL_03,,HUMAN,M1_SKILL_03,CONFIRMED,REVIEW_ML_01,2026-11-02T11:15:00+09:00,SYNTHETIC_HUMAN_SCENARIO
LK_EV_XP_APP0161_02_BUILD_M1_SKILL_03,EV_XP_APP0161_02_BUILD_M1_SKILL_03,,HUMAN,M1_SKILL_03,CONFIRMED,REVIEW_ML_01,2026-11-02T11:15:00+09:00,SYNTHETIC_HUMAN_SCENARIO
LK_EV_XP_APP0161_02_PROBLEM_M1_SKILL_01,EV_XP_APP0161_02_PROBLEM_M1_SKILL_01,,HUMAN,M1_SKILL_01,CONFIRMED,REVIEW_ML_01,2026-11-02T11:15:00+09:00,SYNTHETIC_HUMAN_SCENARIO
LK_EV_XP_APP0155_01_BUILD_M1_SKILL_03,EV_XP_APP0155_01_BUILD_M1_SKILL_03,,HUMAN,M1_SKILL_03,CONFIRMED,REVIEW_ML_01,2026-10-29T13:00:00+09:00,SYNTHETIC_HUMAN_SCENARIO
LK_EV_XP_APP0155_01_PROBLEM_M1_SKILL_01,EV_XP_APP0155_01_PROBLEM_M1_SKILL_01,,HUMAN,M1_SKILL_01,CONFIRMED,REVIEW_ML_01,2026-10-29T13:00:00+09:00,SYNTHETIC_HUMAN_SCENARIO
LK_EV_XP_APP0155_01_VALIDATE_M1_SKILL_03,EV_XP_APP0155_01_VALIDATE_M1_SKILL_03,,HUMAN,M1_SKILL_03,CONFIRMED,REVIEW_ML_01,2026-10-29T13:00:00+09:00,SYNTHETIC_HUMAN_SCENARIO
LK_EV_XP_APP0064_01_BUILD_M1_SKILL_03,EV_XP_APP0064_01_BUILD_M1_SKILL_03,,HUMAN,M1_SKILL_03,CONFIRMED,REVIEW_ML_01,2026-10-27T13:10:00+09:00,SYNTHETIC_HUMAN_SCENARIO
LK_EV_XP_APP0064_01_PROBLEM_M1_SKILL_01,EV_XP_APP0064_01_PROBLEM_M1_SKILL_01,,HUMAN,M1_SKILL_01,CONFIRMED,REVIEW_ML_01,2026-10-27T13:10:00+09:00,SYNTHETIC_HUMAN_SCENARIO
LK_EV_XP_APP0064_01_VALIDATE_M1_SKILL_03,EV_XP_APP0064_01_VALIDATE_M1_SKILL_03,,HUMAN,M1_SKILL_03,CONFIRMED,REVIEW_ML_01,2026-10-27T13:10:00+09:00,SYNTHETIC_HUMAN_SCENARIO
LK_EV_XP_APP0064_02_BUILD_M1_SKILL_03,EV_XP_APP0064_02_BUILD_M1_SKILL_03,,HUMAN,M1_SKILL_03,CONFIRMED,REVIEW_ML_01,2026-10-27T13:10:00+09:00,SYNTHETIC_HUMAN_SCENARIO
LK_EV_XP_APP0064_02_PROBLEM_M1_SKILL_01,EV_XP_APP0064_02_PROBLEM_M1_SKILL_01,,HUMAN,M1_SKILL_01,CONFIRMED,REVIEW_ML_01,2026-10-27T13:10:00+09:00,SYNTHETIC_HUMAN_SCENARIO
LK_EV_XP_APP0052_01_BUILD_M1_SKILL_03,EV_XP_APP0052_01_BUILD_M1_SKILL_03,,HUMAN,M1_SKILL_03,CONFIRMED,REVIEW_ML_01,2026-10-30T17:56:00+09:00,SYNTHETIC_HUMAN_SCENARIO
LK_EV_XP_APP0052_01_VALIDATE_M1_SKILL_03,EV_XP_APP0052_01_VALIDATE_M1_SKILL_03,,HUMAN,M1_SKILL_03,CONFIRMED,REVIEW_ML_01,2026-10-30T17:56:00+09:00,SYNTHETIC_HUMAN_SCENARIO
LK_EV_XP_APP0163_01_BUILD_M1_SKILL_03,EV_XP_APP0163_01_BUILD_M1_SKILL_03,,HUMAN,M1_SKILL_03,CONFIRMED,REVIEW_ML_01,2026-10-26T18:11:00+09:00,SYNTHETIC_HUMAN_SCENARIO
LK_EV_XP_APP0163_01_VALIDATE_M1_SKILL_03,EV_XP_APP0163_01_VALIDATE_M1_SKILL_03,,HUMAN,M1_SKILL_03,CONFIRMED,REVIEW_ML_01,2026-10-26T18:11:00+09:00,SYNTHETIC_HUMAN_SCENARIO
LK_EV_XP_APP0163_02_BUILD_M1_SKILL_03,EV_XP_APP0163_02_BUILD_M1_SKILL_03,,HUMAN,M1_SKILL_03,CONFIRMED,REVIEW_ML_01,2026-10-26T18:11:00+09:00,SYNTHETIC_HUMAN_SCENARIO
LK_EV_XP_APP0163_02_PROBLEM_M1_SKILL_01,EV_XP_APP0163_02_PROBLEM_M1_SKILL_01,,HUMAN,M1_SKILL_01,CONFIRMED,REVIEW_ML_01,2026-10-26T18:11:00+09:00,SYNTHETIC_HUMAN_SCENARIO
LK_EV_XP_APP0163_02_VALIDATE_M1_SKILL_03,EV_XP_APP0163_02_VALIDATE_M1_SKILL_03,,HUMAN,M1_SKILL_03,CONFIRMED,REVIEW_ML_01,2026-10-26T18:11:00+09:00,SYNTHETIC_HUMAN_SCENARIO
LK_EV_XP_APP0149_01_BUILD_M1_SKILL_03,EV_XP_APP0149_01_BUILD_M1_SKILL_03,,HUMAN,M1_SKILL_03,CONFIRMED,REVIEW_ML_01,2026-11-02T15:14:00+09:00,SYNTHETIC_HUMAN_SCENARIO
LK_EV_XP_APP0170_01_BUILD_M1_SKILL_03,EV_XP_APP0170_01_BUILD_M1_SKILL_03,,HUMAN,M1_SKILL_03,CONFIRMED,REVIEW_ML_01,2026-10-27T18:36:00+09:00,SYNTHETIC_HUMAN_SCENARIO
LK_EV_XP_APP0170_01_PROBLEM_M1_SKILL_01,EV_XP_APP0170_01_PROBLEM_M1_SKILL_01,,HUMAN,M1_SKILL_01,CONFIRMED,REVIEW_ML_01,2026-10-27T18:36:00+09:00,SYNTHETIC_HUMAN_SCENARIO
LK_EV_XP_APP0170_01_VALIDATE_M1_SKILL_03,EV_XP_APP0170_01_VALIDATE_M1_SKILL_03,,HUMAN,M1_SKILL_03,CONFIRMED,REVIEW_ML_01,2026-10-27T18:36:00+09:00,SYNTHETIC_HUMAN_SCENARIO
LK_EV_XP_APP0066_01_BUILD_M1_SKILL_03,EV_XP_APP0066_01_BUILD_M1_SKILL_03,,HUMAN,M1_SKILL_03,CONFIRMED,REVIEW_ML_01,2026-10-30T18:56:00+09:00,SYNTHETIC_HUMAN_SCENARIO
LK_EV_XP_APP0066_01_PROBLEM_M1_SKILL_01,EV_XP_APP0066_01_PROBLEM_M1_SKILL_01,,HUMAN,M1_SKILL_01,CONFIRMED,REVIEW_ML_01,2026-10-30T18:56:00+09:00,SYNTHETIC_HUMAN_SCENARIO
LK_EV_XP_APP0066_01_VALIDATE_M1_SKILL_03,EV_XP_APP0066_01_VALIDATE_M1_SKILL_03,,HUMAN,M1_SKILL_03,CONFIRMED,REVIEW_ML_01,2026-10-30T18:56:00+09:00,SYNTHETIC_HUMAN_SCENARIO
LK_EV_XP_APP0066_02_BUILD_M1_SKILL_03,EV_XP_APP0066_02_BUILD_M1_SKILL_03,,HUMAN,M1_SKILL_03,CONFIRMED,REVIEW_ML_01,2026-10-30T18:56:00+09:00,SYNTHETIC_HUMAN_SCENARIO
LK_EV_XP_APP0066_02_VALIDATE_M1_SKILL_03,EV_XP_APP0066_02_VALIDATE_M1_SKILL_03,,HUMAN,M1_SKILL_03,CONFIRMED,REVIEW_ML_01,2026-10-30T18:56:00+09:00,SYNTHETIC_HUMAN_SCENARIO
LK_EV_XP_APP0191_01_BUILD_M1_SKILL_03,EV_XP_APP0191_01_BUILD_M1_SKILL_03,,HUMAN,M1_SKILL_03,CONFIRMED,REVIEW_ML_01,2026-10-30T09:35:00+09:00,SYNTHETIC_HUMAN_SCENARIO
LK_EV_XP_APP0131_01_VALIDATE_M1_SKILL_03,EV_XP_APP0131_01_VALIDATE_M1_SKILL_03,,HUMAN,M1_SKILL_03,CONFIRMED,REVIEW_ML_01,2026-10-28T10:42:00+09:00,SYNTHETIC_HUMAN_SCENARIO
LK_EV_XP_APP0164_01_PROBLEM_M1_SKILL_01,EV_XP_APP0164_01_PROBLEM_M1_SKILL_01,,HUMAN,M1_SKILL_01,CONFIRMED,REVIEW_ML_01,2026-11-01T12:17:00+09:00,SYNTHETIC_HUMAN_SCENARIO
LK_EV_XP_APP0129_01_PROBLEM_M1_SKILL_01,EV_XP_APP0129_01_PROBLEM_M1_SKILL_01,,HUMAN,M1_SKILL_01,CONFIRMED,REVIEW_ML_01,2026-11-01T13:13:00+09:00,SYNTHETIC_HUMAN_SCENARIO
LK_EV_XP_APP0193_01_BUILD_M1_SKILL_03,EV_XP_APP0193_01_BUILD_M1_SKILL_03,,HUMAN,M1_SKILL_03,CONFIRMED,REVIEW_ML_01,2026-10-30T13:44:00+09:00,SYNTHETIC_HUMAN_SCENARIO
LK_EV_XP_APP0193_01_VALIDATE_M1_SKILL_03,EV_XP_APP0193_01_VALIDATE_M1_SKILL_03,,HUMAN,M1_SKILL_03,CONFIRMED,REVIEW_ML_01,2026-10-30T13:44:00+09:00,SYNTHETIC_HUMAN_SCENARIO
LK_EV_XP_APP0193_02_BUILD_M1_SKILL_03,EV_XP_APP0193_02_BUILD_M1_SKILL_03,,HUMAN,M1_SKILL_03,CONFIRMED,REVIEW_ML_01,2026-10-30T13:44:00+09:00,SYNTHETIC_HUMAN_SCENARIO
LK_EV_XP_APP0193_02_VALIDATE_M1_SKILL_03,EV_XP_APP0193_02_VALIDATE_M1_SKILL_03,,HUMAN,M1_SKILL_03,CONFIRMED,REVIEW_ML_01,2026-10-30T13:44:00+09:00,SYNTHETIC_HUMAN_SCENARIO
LK_EV_XP_APP0082_01_PROBLEM_M1_SKILL_01,EV_XP_APP0082_01_PROBLEM_M1_SKILL_01,,HUMAN,M1_SKILL_01,CONFIRMED,REVIEW_ML_01,2026-11-03T15:46:00+09:00,SYNTHETIC_HUMAN_SCENARIO
LK_EV_XP_APP0082_01_VALIDATE_M1_SKILL_03,EV_XP_APP0082_01_VALIDATE_M1_SKILL_03,,HUMAN,M1_SKILL_03,CONFIRMED,REVIEW_ML_01,2026-11-03T15:46:00+09:00,SYNTHETIC_HUMAN_SCENARIO
LK_EV_XP_APP0082_02_PROBLEM_M1_SKILL_01,EV_XP_APP0082_02_PROBLEM_M1_SKILL_01,,HUMAN,M1_SKILL_01,CONFIRMED,REVIEW_ML_01,2026-11-03T15:46:00+09:00,SYNTHETIC_HUMAN_SCENARIO
LK_EV_XP_APP0125_01_BUILD_M1_SKILL_03,EV_XP_APP0125_01_BUILD_M1_SKILL_03,,HUMAN,M1_SKILL_03,CONFIRMED,REVIEW_ML_01,2026-10-28T17:25:00+09:00,SYNTHETIC_HUMAN_SCENARIO
LK_EV_XP_APP0125_01_PROBLEM_M1_SKILL_01,EV_XP_APP0125_01_PROBLEM_M1_SKILL_01,,HUMAN,M1_SKILL_01,CONFIRMED,REVIEW_ML_01,2026-10-28T17:25:00+09:00,SYNTHETIC_HUMAN_SCENARIO
LK_EV_XP_APP0182_01_PROBLEM_M1_SKILL_01,EV_XP_APP0182_01_PROBLEM_M1_SKILL_01,,HUMAN,M1_SKILL_01,CONFIRMED,REVIEW_ML_01,2026-10-29T10:31:00+09:00,SYNTHETIC_HUMAN_SCENARIO
LK_EV_XP_APP0182_01_VALIDATE_M1_SKILL_03,EV_XP_APP0182_01_VALIDATE_M1_SKILL_03,,HUMAN,M1_SKILL_03,CONFIRMED,REVIEW_ML_01,2026-10-29T10:31:00+09:00,SYNTHETIC_HUMAN_SCENARIO
LK_EV_XP_APP0205_01_BUILD_M1_SKILL_03,EV_XP_APP0205_01_BUILD_M1_SKILL_03,,HUMAN,M1_SKILL_03,CONFIRMED,REVIEW_ML_01,2026-10-31T12:39:00+09:00,SYNTHETIC_HUMAN_SCENARIO
LK_EV_XP_APP0205_01_PROBLEM_M1_SKILL_01,EV_XP_APP0205_01_PROBLEM_M1_SKILL_01,,HUMAN,M1_SKILL_01,CONFIRMED,REVIEW_ML_01,2026-10-31T12:39:00+09:00,SYNTHETIC_HUMAN_SCENARIO
LK_EV_XP_APP0205_02_BUILD_M1_SKILL_03,EV_XP_APP0205_02_BUILD_M1_SKILL_03,,HUMAN,M1_SKILL_03,CONFIRMED,REVIEW_ML_01,2026-10-31T12:39:00+09:00,SYNTHETIC_HUMAN_SCENARIO
LK_EV_XP_APP0205_02_PROBLEM_M1_SKILL_01,EV_XP_APP0205_02_PROBLEM_M1_SKILL_01,,HUMAN,M1_SKILL_01,CONFIRMED,REVIEW_ML_01,2026-10-31T12:39:00+09:00,SYNTHETIC_HUMAN_SCENARIO
LK_EV_XP_APP0104_01_BUILD_M1_SKILL_03,EV_XP_APP0104_01_BUILD_M1_SKILL_03,,HUMAN,M1_SKILL_03,CONFIRMED,REVIEW_ML_01,2026-11-04T14:01:00+09:00,SYNTHETIC_HUMAN_SCENARIO
LK_EV_XP_APP0104_02_PROBLEM_M1_SKILL_01,EV_XP_APP0104_02_PROBLEM_M1_SKILL_01,,HUMAN,M1_SKILL_01,CONFIRMED,REVIEW_ML_01,2026-11-04T14:01:00+09:00,SYNTHETIC_HUMAN_SCENARIO
LK_EV_XP_APP0099_01_BUILD_M1_SKILL_03,EV_XP_APP0099_01_BUILD_M1_SKILL_03,,HUMAN,M1_SKILL_03,CONFIRMED,REVIEW_ML_01,2026-10-30T14:29:00+09:00,SYNTHETIC_HUMAN_SCENARIO
LK_EV_XP_APP0185_01_PROBLEM_M1_SKILL_01,EV_XP_APP0185_01_PROBLEM_M1_SKILL_01,,HUMAN,M1_SKILL_01,CONFIRMED,REVIEW_ML_01,2026-11-02T15:22:00+09:00,SYNTHETIC_HUMAN_SCENARIO
LK_EV_XP_APP0185_01_VALIDATE_M1_SKILL_03,EV_XP_APP0185_01_VALIDATE_M1_SKILL_03,,HUMAN,M1_SKILL_03,CONFIRMED,REVIEW_ML_01,2026-11-02T15:22:00+09:00,SYNTHETIC_HUMAN_SCENARIO
LK_EV_XP_APP0185_02_BUILD_M1_SKILL_03,EV_XP_APP0185_02_BUILD_M1_SKILL_03,,HUMAN,M1_SKILL_03,CONFIRMED,REVIEW_ML_01,2026-11-02T15:22:00+09:00,SYNTHETIC_HUMAN_SCENARIO
LK_EV_XP_APP0185_02_PROBLEM_M1_SKILL_01,EV_XP_APP0185_02_PROBLEM_M1_SKILL_01,,HUMAN,M1_SKILL_01,CONFIRMED,REVIEW_ML_01,2026-11-02T15:22:00+09:00,SYNTHETIC_HUMAN_SCENARIO
LK_EV_XP_APP0190_01_PROBLEM_M1_SKILL_01,EV_XP_APP0190_01_PROBLEM_M1_SKILL_01,,HUMAN,M1_SKILL_01,CONFIRMED,REVIEW_ML_01,2026-11-04T16:14:00+09:00,SYNTHETIC_HUMAN_SCENARIO
LK_EV_XP_APP0190_02_PROBLEM_M1_SKILL_01,EV_XP_APP0190_02_PROBLEM_M1_SKILL_01,,HUMAN,M1_SKILL_01,CONFIRMED,REVIEW_ML_01,2026-11-04T16:14:00+09:00,SYNTHETIC_HUMAN_SCENARIO
LK_EV_XP_APP0199_01_BUILD_M1_SKILL_03,EV_XP_APP0199_01_BUILD_M1_SKILL_03,,HUMAN,M1_SKILL_03,CONFIRMED,REVIEW_ML_01,2026-10-29T17:45:00+09:00,SYNTHETIC_HUMAN_SCENARIO
LK_EV_XP_APP0199_01_PROBLEM_M1_SKILL_01,EV_XP_APP0199_01_PROBLEM_M1_SKILL_01,,HUMAN,M1_SKILL_01,CONFIRMED,REVIEW_ML_01,2026-10-29T17:45:00+09:00,SYNTHETIC_HUMAN_SCENARIO
LK_EV_XP_APP0199_01_VALIDATE_M1_SKILL_03,EV_XP_APP0199_01_VALIDATE_M1_SKILL_03,,HUMAN,M1_SKILL_03,CONFIRMED,REVIEW_ML_01,2026-10-29T17:45:00+09:00,SYNTHETIC_HUMAN_SCENARIO
LK_EV_XP_APP0199_02_BUILD_M1_SKILL_03,EV_XP_APP0199_02_BUILD_M1_SKILL_03,,HUMAN,M1_SKILL_03,CONFIRMED,REVIEW_ML_01,2026-10-29T17:45:00+09:00,SYNTHETIC_HUMAN_SCENARIO
LK_EV_XP_APP0199_02_VALIDATE_M1_SKILL_03,EV_XP_APP0199_02_VALIDATE_M1_SKILL_03,,HUMAN,M1_SKILL_03,CONFIRMED,REVIEW_ML_01,2026-10-29T17:45:00+09:00,SYNTHETIC_HUMAN_SCENARIO
LK_EV_XP_APP0091_01_BUILD_M1_SKILL_03,EV_XP_APP0091_01_BUILD_M1_SKILL_03,,HUMAN,M1_SKILL_03,CONFIRMED,REVIEW_ML_01,2026-10-30T16:17:00+09:00,SYNTHETIC_HUMAN_SCENARIO
LK_EV_XP_APP0091_01_VALIDATE_M1_SKILL_03,EV_XP_APP0091_01_VALIDATE_M1_SKILL_03,,HUMAN,M1_SKILL_03,CONFIRMED,REVIEW_ML_01,2026-10-30T16:17:00+09:00,SYNTHETIC_HUMAN_SCENARIO
LK_EV_XP_APP0159_01_BUILD_M1_SKILL_03,EV_XP_APP0159_01_BUILD_M1_SKILL_03,,HUMAN,M1_SKILL_03,CONFIRMED,REVIEW_ML_01,2026-10-30T09:58:00+09:00,SYNTHETIC_HUMAN_SCENARIO
LK_EV_XP_APP0159_01_VALIDATE_M1_SKILL_03,EV_XP_APP0159_01_VALIDATE_M1_SKILL_03,,HUMAN,M1_SKILL_03,CONFIRMED,REVIEW_ML_01,2026-10-30T09:58:00+09:00,SYNTHETIC_HUMAN_SCENARIO
LK_EV_XP_APP0120_01_VALIDATE_M1_SKILL_03,EV_XP_APP0120_01_VALIDATE_M1_SKILL_03,,HUMAN,M1_SKILL_03,CONFIRMED,REVIEW_ML_01,2026-11-03T10:32:00+09:00,SYNTHETIC_HUMAN_SCENARIO
LK_EV_XP_APP0216_01_BUILD_M1_SKILL_03,EV_XP_APP0216_01_BUILD_M1_SKILL_03,,HUMAN,M1_SKILL_03,CONFIRMED,REVIEW_ML_01,2026-10-31T10:51:00+09:00,SYNTHETIC_HUMAN_SCENARIO
LK_EV_XP_APP0216_01_PROBLEM_M1_SKILL_01,EV_XP_APP0216_01_PROBLEM_M1_SKILL_01,,HUMAN,M1_SKILL_01,CONFIRMED,REVIEW_ML_01,2026-10-31T10:51:00+09:00,SYNTHETIC_HUMAN_SCENARIO
LK_EV_XP_APP0216_02_BUILD_M1_SKILL_03,EV_XP_APP0216_02_BUILD_M1_SKILL_03,,HUMAN,M1_SKILL_03,CONFIRMED,REVIEW_ML_01,2026-10-31T10:51:00+09:00,SYNTHETIC_HUMAN_SCENARIO
LK_EV_XP_APP0216_02_PROBLEM_M1_SKILL_01,EV_XP_APP0216_02_PROBLEM_M1_SKILL_01,,HUMAN,M1_SKILL_01,CONFIRMED,REVIEW_ML_01,2026-10-31T10:51:00+09:00,SYNTHETIC_HUMAN_SCENARIO
LK_EV_XP_APP0220_01_PROBLEM_M1_SKILL_01,EV_XP_APP0220_01_PROBLEM_M1_SKILL_01,,HUMAN,M1_SKILL_01,CONFIRMED,REVIEW_ML_01,2026-10-31T11:35:00+09:00,SYNTHETIC_HUMAN_SCENARIO
LK_EV_XP_APP0220_01_VALIDATE_M1_SKILL_03,EV_XP_APP0220_01_VALIDATE_M1_SKILL_03,,HUMAN,M1_SKILL_03,CONFIRMED,REVIEW_ML_01,2026-10-31T11:35:00+09:00,SYNTHETIC_HUMAN_SCENARIO
LK_EV_XP_APP0107_01_BUILD_M1_SKILL_03,EV_XP_APP0107_01_BUILD_M1_SKILL_03,,HUMAN,M1_SKILL_03,CONFIRMED,REVIEW_ML_01,2026-10-31T11:50:00+09:00,SYNTHETIC_HUMAN_SCENARIO
LK_EV_XP_APP0107_01_VALIDATE_M1_SKILL_03,EV_XP_APP0107_01_VALIDATE_M1_SKILL_03,,HUMAN,M1_SKILL_03,CONFIRMED,REVIEW_ML_01,2026-10-31T11:50:00+09:00,SYNTHETIC_HUMAN_SCENARIO
LK_EV_XP_APP0107_02_BUILD_M1_SKILL_03,EV_XP_APP0107_02_BUILD_M1_SKILL_03,,HUMAN,M1_SKILL_03,CONFIRMED,REVIEW_ML_01,2026-10-31T11:50:00+09:00,SYNTHETIC_HUMAN_SCENARIO
LK_EV_XP_APP0219_01_VALIDATE_M1_SKILL_03,EV_XP_APP0219_01_VALIDATE_M1_SKILL_03,,HUMAN,M1_SKILL_03,CONFIRMED,REVIEW_ML_01,2026-10-29T12:20:00+09:00,SYNTHETIC_HUMAN_SCENARIO
LK_EV_XP_APP0219_02_BUILD_M1_SKILL_03,EV_XP_APP0219_02_BUILD_M1_SKILL_03,,HUMAN,M1_SKILL_03,CONFIRMED,REVIEW_ML_01,2026-10-29T12:20:00+09:00,SYNTHETIC_HUMAN_SCENARIO
LK_EV_XP_APP0219_02_VALIDATE_M1_SKILL_03,EV_XP_APP0219_02_VALIDATE_M1_SKILL_03,,HUMAN,M1_SKILL_03,CONFIRMED,REVIEW_ML_01,2026-10-29T12:20:00+09:00,SYNTHETIC_HUMAN_SCENARIO
LK_EV_XP_APP0189_01_BUILD_M1_SKILL_03,EV_XP_APP0189_01_BUILD_M1_SKILL_03,,HUMAN,M1_SKILL_03,CONFIRMED,REVIEW_ML_01,2026-11-01T14:38:00+09:00,SYNTHETIC_HUMAN_SCENARIO
LK_EV_XP_APP0189_01_VALIDATE_M1_SKILL_03,EV_XP_APP0189_01_VALIDATE_M1_SKILL_03,,HUMAN,M1_SKILL_03,CONFIRMED,REVIEW_ML_01,2026-11-01T14:38:00+09:00,SYNTHETIC_HUMAN_SCENARIO
LK_EV_XP_APP0189_02_BUILD_M1_SKILL_03,EV_XP_APP0189_02_BUILD_M1_SKILL_03,,HUMAN,M1_SKILL_03,CONFIRMED,REVIEW_ML_01,2026-11-01T14:38:00+09:00,SYNTHETIC_HUMAN_SCENARIO
LK_EV_XP_APP0189_02_PROBLEM_M1_SKILL_01,EV_XP_APP0189_02_PROBLEM_M1_SKILL_01,,HUMAN,M1_SKILL_01,CONFIRMED,REVIEW_ML_01,2026-11-01T14:38:00+09:00,SYNTHETIC_HUMAN_SCENARIO
LK_EV_XP_APP0115_01_VALIDATE_M1_SKILL_03,EV_XP_APP0115_01_VALIDATE_M1_SKILL_03,,HUMAN,M1_SKILL_03,CONFIRMED,REVIEW_ML_01,2026-11-04T14:44:00+09:00,SYNTHETIC_HUMAN_SCENARIO
LK_EV_XP_APP0157_01_PROBLEM_M1_SKILL_01,EV_XP_APP0157_01_PROBLEM_M1_SKILL_01,,HUMAN,M1_SKILL_01,CONFIRMED,REVIEW_ML_01,2026-11-02T15:57:00+09:00,SYNTHETIC_HUMAN_SCENARIO
LK_EV_XP_APP0222_01_BUILD_M1_SKILL_03,EV_XP_APP0222_01_BUILD_M1_SKILL_03,,HUMAN,M1_SKILL_03,CONFIRMED,REVIEW_ML_01,2026-11-01T15:20:00+09:00,SYNTHETIC_HUMAN_SCENARIO
LK_EV_XP_APP0222_01_VALIDATE_M1_SKILL_03,EV_XP_APP0222_01_VALIDATE_M1_SKILL_03,,HUMAN,M1_SKILL_03,CONFIRMED,REVIEW_ML_01,2026-11-01T15:20:00+09:00,SYNTHETIC_HUMAN_SCENARIO
LK_EV_XP_APP0203_01_VALIDATE_M1_SKILL_03,EV_XP_APP0203_01_VALIDATE_M1_SKILL_03,,HUMAN,M1_SKILL_03,CONFIRMED,REVIEW_ML_01,2026-11-05T16:59:00+09:00,SYNTHETIC_HUMAN_SCENARIO
LK_EV_XP_APP0175_01_BUILD_M1_SKILL_03,EV_XP_APP0175_01_BUILD_M1_SKILL_03,,HUMAN,M1_SKILL_03,CONFIRMED,REVIEW_ML_01,2026-10-30T09:50:00+09:00,SYNTHETIC_HUMAN_SCENARIO
LK_EV_XP_APP0175_02_PROBLEM_M1_SKILL_01,EV_XP_APP0175_02_PROBLEM_M1_SKILL_01,,HUMAN,M1_SKILL_01,CONFIRMED,REVIEW_ML_01,2026-10-30T09:50:00+09:00,SYNTHETIC_HUMAN_SCENARIO
LK_EV_XP_APP0239_01_PROBLEM_M1_SKILL_01,EV_XP_APP0239_01_PROBLEM_M1_SKILL_01,,HUMAN,M1_SKILL_01,CONFIRMED,REVIEW_ML_01,2026-11-04T10:31:00+09:00,SYNTHETIC_HUMAN_SCENARIO
LK_EV_XP_APP0247_01_BUILD_M1_SKILL_03,EV_XP_APP0247_01_BUILD_M1_SKILL_03,,HUMAN,M1_SKILL_03,CONFIRMED,REVIEW_ML_01,2026-11-04T11:00:00+09:00,SYNTHETIC_HUMAN_SCENARIO
LK_EV_XP_APP0247_02_VALIDATE_M1_SKILL_03,EV_XP_APP0247_02_VALIDATE_M1_SKILL_03,,HUMAN,M1_SKILL_03,CONFIRMED,REVIEW_ML_01,2026-11-04T11:00:00+09:00,SYNTHETIC_HUMAN_SCENARIO
LK_EV_XP_APP0177_02_BUILD_M1_SKILL_03,EV_XP_APP0177_02_BUILD_M1_SKILL_03,,HUMAN,M1_SKILL_03,CONFIRMED,REVIEW_ML_01,2026-11-08T11:15:00+09:00,SYNTHETIC_HUMAN_SCENARIO
LK_EV_XP_APP0177_02_PROBLEM_M1_SKILL_01,EV_XP_APP0177_02_PROBLEM_M1_SKILL_01,,HUMAN,M1_SKILL_01,CONFIRMED,REVIEW_ML_01,2026-11-08T11:15:00+09:00,SYNTHETIC_HUMAN_SCENARIO
LK_EV_XP_APP0177_02_VALIDATE_M1_SKILL_03,EV_XP_APP0177_02_VALIDATE_M1_SKILL_03,,HUMAN,M1_SKILL_03,CONFIRMED,REVIEW_ML_01,2026-11-08T11:15:00+09:00,SYNTHETIC_HUMAN_SCENARIO
LK_EV_XP_APP0140_01_BUILD_M1_SKILL_03,EV_XP_APP0140_01_BUILD_M1_SKILL_03,,HUMAN,M1_SKILL_03,CONFIRMED,REVIEW_ML_01,2026-11-05T11:40:00+09:00,SYNTHETIC_HUMAN_SCENARIO
LK_EV_XP_APP0140_01_VALIDATE_M1_SKILL_03,EV_XP_APP0140_01_VALIDATE_M1_SKILL_03,,HUMAN,M1_SKILL_03,CONFIRMED,REVIEW_ML_01,2026-11-05T11:40:00+09:00,SYNTHETIC_HUMAN_SCENARIO
LK_EV_XP_APP0251_01_PROBLEM_M1_SKILL_01,EV_XP_APP0251_01_PROBLEM_M1_SKILL_01,,HUMAN,M1_SKILL_01,CONFIRMED,REVIEW_ML_01,2026-11-01T11:28:00+09:00,SYNTHETIC_HUMAN_SCENARIO
LK_EV_XP_APP0251_01_VALIDATE_M1_SKILL_03,EV_XP_APP0251_01_VALIDATE_M1_SKILL_03,,HUMAN,M1_SKILL_03,CONFIRMED,REVIEW_ML_01,2026-11-01T11:28:00+09:00,SYNTHETIC_HUMAN_SCENARIO
LK_EV_XP_APP0241_01_PROBLEM_M1_SKILL_01,EV_XP_APP0241_01_PROBLEM_M1_SKILL_01,,HUMAN,M1_SKILL_01,CONFIRMED,REVIEW_ML_01,2026-11-03T12:32:00+09:00,SYNTHETIC_HUMAN_SCENARIO
LK_EV_XP_APP0241_01_VALIDATE_M1_SKILL_03,EV_XP_APP0241_01_VALIDATE_M1_SKILL_03,,HUMAN,M1_SKILL_03,CONFIRMED,REVIEW_ML_01,2026-11-03T12:32:00+09:00,SYNTHETIC_HUMAN_SCENARIO
LK_EV_XP_APP0240_01_PROBLEM_M1_SKILL_01,EV_XP_APP0240_01_PROBLEM_M1_SKILL_01,,HUMAN,M1_SKILL_01,CONFIRMED,REVIEW_ML_01,2026-11-06T13:33:00+09:00,SYNTHETIC_HUMAN_SCENARIO
LK_EV_XP_APP0240_01_VALIDATE_M1_SKILL_03,EV_XP_APP0240_01_VALIDATE_M1_SKILL_03,,HUMAN,M1_SKILL_03,CONFIRMED,REVIEW_ML_01,2026-11-06T13:33:00+09:00,SYNTHETIC_HUMAN_SCENARIO
LK_EV_XP_APP0240_02_BUILD_M1_SKILL_03,EV_XP_APP0240_02_BUILD_M1_SKILL_03,,HUMAN,M1_SKILL_03,CONFIRMED,REVIEW_ML_01,2026-11-06T13:33:00+09:00,SYNTHETIC_HUMAN_SCENARIO
LK_EV_XP_APP0240_02_PROBLEM_M1_SKILL_01,EV_XP_APP0240_02_PROBLEM_M1_SKILL_01,,HUMAN,M1_SKILL_01,CONFIRMED,REVIEW_ML_01,2026-11-06T13:33:00+09:00,SYNTHETIC_HUMAN_SCENARIO
LK_EV_XP_APP0230_01_PROBLEM_M1_SKILL_01,EV_XP_APP0230_01_PROBLEM_M1_SKILL_01,,HUMAN,M1_SKILL_01,CONFIRMED,REVIEW_ML_01,2026-11-01T13:40:00+09:00,SYNTHETIC_HUMAN_SCENARIO
LK_EV_XP_APP0230_01_VALIDATE_M1_SKILL_03,EV_XP_APP0230_01_VALIDATE_M1_SKILL_03,,HUMAN,M1_SKILL_03,CONFIRMED,REVIEW_ML_01,2026-11-01T13:40:00+09:00,SYNTHETIC_HUMAN_SCENARIO
LK_EV_XP_APP0135_01_VALIDATE_M1_SKILL_03,EV_XP_APP0135_01_VALIDATE_M1_SKILL_03,,HUMAN,M1_SKILL_03,CONFIRMED,REVIEW_ML_01,2026-11-04T13:41:00+09:00,SYNTHETIC_HUMAN_SCENARIO
LK_EV_XP_APP0135_02_VALIDATE_M1_SKILL_03,EV_XP_APP0135_02_VALIDATE_M1_SKILL_03,,HUMAN,M1_SKILL_03,CONFIRMED,REVIEW_ML_01,2026-11-04T13:41:00+09:00,SYNTHETIC_HUMAN_SCENARIO
LK_EV_XP_APP0217_01_BUILD_M1_SKILL_03,EV_XP_APP0217_01_BUILD_M1_SKILL_03,,HUMAN,M1_SKILL_03,CONFIRMED,REVIEW_ML_01,2026-11-02T14:42:00+09:00,SYNTHETIC_HUMAN_SCENARIO
LK_EV_XP_APP0217_01_PROBLEM_M1_SKILL_01,EV_XP_APP0217_01_PROBLEM_M1_SKILL_01,,HUMAN,M1_SKILL_01,CONFIRMED,REVIEW_ML_01,2026-11-02T14:42:00+09:00,SYNTHETIC_HUMAN_SCENARIO
LK_EV_XP_APP0217_01_VALIDATE_M1_SKILL_03,EV_XP_APP0217_01_VALIDATE_M1_SKILL_03,,HUMAN,M1_SKILL_03,CONFIRMED,REVIEW_ML_01,2026-11-02T14:42:00+09:00,SYNTHETIC_HUMAN_SCENARIO
LK_EV_XP_APP0179_01_PROBLEM_M1_SKILL_01,EV_XP_APP0179_01_PROBLEM_M1_SKILL_01,,HUMAN,M1_SKILL_01,CONFIRMED,REVIEW_ML_01,2026-11-03T14:52:00+09:00,SYNTHETIC_HUMAN_SCENARIO
LK_EV_XP_APP0179_02_VALIDATE_M1_SKILL_03,EV_XP_APP0179_02_VALIDATE_M1_SKILL_03,,HUMAN,M1_SKILL_03,CONFIRMED,REVIEW_ML_01,2026-11-03T14:52:00+09:00,SYNTHETIC_HUMAN_SCENARIO
LK_EV_XP_APP0130_01_PROBLEM_M1_SKILL_01,EV_XP_APP0130_01_PROBLEM_M1_SKILL_01,,HUMAN,M1_SKILL_01,CONFIRMED,REVIEW_ML_01,2026-10-30T15:01:00+09:00,SYNTHETIC_HUMAN_SCENARIO
LK_EV_XP_APP0130_02_BUILD_M1_SKILL_03,EV_XP_APP0130_02_BUILD_M1_SKILL_03,,HUMAN,M1_SKILL_03,CONFIRMED,REVIEW_ML_01,2026-10-30T15:01:00+09:00,SYNTHETIC_HUMAN_SCENARIO
LK_EV_XP_APP0130_02_PROBLEM_M1_SKILL_01,EV_XP_APP0130_02_PROBLEM_M1_SKILL_01,,HUMAN,M1_SKILL_01,CONFIRMED,REVIEW_ML_01,2026-10-30T15:01:00+09:00,SYNTHETIC_HUMAN_SCENARIO
LK_EV_XP_APP0227_01_BUILD_M1_SKILL_03,EV_XP_APP0227_01_BUILD_M1_SKILL_03,,HUMAN,M1_SKILL_03,CONFIRMED,REVIEW_ML_01,2026-11-01T16:06:00+09:00,SYNTHETIC_HUMAN_SCENARIO
LK_EV_XP_APP0176_01_BUILD_M1_SKILL_03,EV_XP_APP0176_01_BUILD_M1_SKILL_03,,HUMAN,M1_SKILL_03,CONFIRMED,REVIEW_ML_01,2026-11-01T16:21:00+09:00,SYNTHETIC_HUMAN_SCENARIO
LK_EV_XP_APP0176_01_PROBLEM_M1_SKILL_01,EV_XP_APP0176_01_PROBLEM_M1_SKILL_01,,HUMAN,M1_SKILL_01,CONFIRMED,REVIEW_ML_01,2026-11-01T16:21:00+09:00,SYNTHETIC_HUMAN_SCENARIO
LK_EV_XP_APP0176_02_VALIDATE_M1_SKILL_03,EV_XP_APP0176_02_VALIDATE_M1_SKILL_03,,HUMAN,M1_SKILL_03,CONFIRMED,REVIEW_ML_01,2026-11-01T16:21:00+09:00,SYNTHETIC_HUMAN_SCENARIO
LK_EV_XP_APP0213_01_VALIDATE_M1_SKILL_03,EV_XP_APP0213_01_VALIDATE_M1_SKILL_03,,HUMAN,M1_SKILL_03,CONFIRMED,REVIEW_ML_01,2026-11-03T16:35:00+09:00,SYNTHETIC_HUMAN_SCENARIO
LK_EV_XP_APP0215_01_BUILD_M1_SKILL_03,EV_XP_APP0215_01_BUILD_M1_SKILL_03,,HUMAN,M1_SKILL_03,CONFIRMED,REVIEW_ML_01,2026-11-05T16:48:00+09:00,SYNTHETIC_HUMAN_SCENARIO
LK_EV_XP_APP0215_01_VALIDATE_M1_SKILL_03,EV_XP_APP0215_01_VALIDATE_M1_SKILL_03,,HUMAN,M1_SKILL_03,CONFIRMED,REVIEW_ML_01,2026-11-05T16:48:00+09:00,SYNTHETIC_HUMAN_SCENARIO
LK_EV_XP_APP0215_02_BUILD_M1_SKILL_03,EV_XP_APP0215_02_BUILD_M1_SKILL_03,,HUMAN,M1_SKILL_03,CONFIRMED,REVIEW_ML_01,2026-11-05T16:48:00+09:00,SYNTHETIC_HUMAN_SCENARIO
LK_EV_XP_APP0137_01_BUILD_M1_SKILL_03,EV_XP_APP0137_01_BUILD_M1_SKILL_03,,HUMAN,M1_SKILL_03,CONFIRMED,REVIEW_ML_01,2026-11-01T17:10:00+09:00,SYNTHETIC_HUMAN_SCENARIO
LK_EV_XP_APP0137_01_PROBLEM_M1_SKILL_01,EV_XP_APP0137_01_PROBLEM_M1_SKILL_01,,HUMAN,M1_SKILL_01,CONFIRMED,REVIEW_ML_01,2026-11-01T17:10:00+09:00,SYNTHETIC_HUMAN_SCENARIO
LK_EV_XP_APP0137_01_VALIDATE_M1_SKILL_03,EV_XP_APP0137_01_VALIDATE_M1_SKILL_03,,HUMAN,M1_SKILL_03,CONFIRMED,REVIEW_ML_01,2026-11-01T17:10:00+09:00,SYNTHETIC_HUMAN_SCENARIO
LK_EV_XP_APP0146_01_BUILD_M1_SKILL_03,EV_XP_APP0146_01_BUILD_M1_SKILL_03,,HUMAN,M1_SKILL_03,CONFIRMED,REVIEW_ML_01,2026-10-31T10:26:00+09:00,SYNTHETIC_HUMAN_SCENARIO
LK_EV_XP_APP0146_01_PROBLEM_M1_SKILL_01,EV_XP_APP0146_01_PROBLEM_M1_SKILL_01,,HUMAN,M1_SKILL_01,CONFIRMED,REVIEW_ML_01,2026-10-31T10:26:00+09:00,SYNTHETIC_HUMAN_SCENARIO
LK_EV_XP_APP0223_01_BUILD_M1_SKILL_03,EV_XP_APP0223_01_BUILD_M1_SKILL_03,,HUMAN,M1_SKILL_03,CONFIRMED,REVIEW_ML_01,2026-11-02T10:46:00+09:00,SYNTHETIC_HUMAN_SCENARIO
LK_EV_XP_APP0223_01_PROBLEM_M1_SKILL_01,EV_XP_APP0223_01_PROBLEM_M1_SKILL_01,,HUMAN,M1_SKILL_01,CONFIRMED,REVIEW_ML_01,2026-11-02T10:46:00+09:00,SYNTHETIC_HUMAN_SCENARIO
LK_EV_XP_APP0223_02_BUILD_M1_SKILL_03,EV_XP_APP0223_02_BUILD_M1_SKILL_03,,HUMAN,M1_SKILL_03,CONFIRMED,REVIEW_ML_01,2026-11-02T10:46:00+09:00,SYNTHETIC_HUMAN_SCENARIO
LK_EV_XP_APP0223_02_VALIDATE_M1_SKILL_03,EV_XP_APP0223_02_VALIDATE_M1_SKILL_03,,HUMAN,M1_SKILL_03,CONFIRMED,REVIEW_ML_01,2026-11-02T10:46:00+09:00,SYNTHETIC_HUMAN_SCENARIO
LK_EV_XP_APP0248_01_BUILD_M1_SKILL_03,EV_XP_APP0248_01_BUILD_M1_SKILL_03,,HUMAN,M1_SKILL_03,CONFIRMED,REVIEW_ML_01,2026-11-04T12:32:00+09:00,SYNTHETIC_HUMAN_SCENARIO
LK_EV_XP_APP0248_01_VALIDATE_M1_SKILL_03,EV_XP_APP0248_01_VALIDATE_M1_SKILL_03,,HUMAN,M1_SKILL_03,CONFIRMED,REVIEW_ML_01,2026-11-04T12:32:00+09:00,SYNTHETIC_HUMAN_SCENARIO
LK_EV_XP_APP0248_02_VALIDATE_M1_SKILL_03,EV_XP_APP0248_02_VALIDATE_M1_SKILL_03,,HUMAN,M1_SKILL_03,CONFIRMED,REVIEW_ML_01,2026-11-04T12:32:00+09:00,SYNTHETIC_HUMAN_SCENARIO
LK_EV_XP_APP0263_01_PROBLEM_M1_SKILL_01,EV_XP_APP0263_01_PROBLEM_M1_SKILL_01,,HUMAN,M1_SKILL_01,CONFIRMED,REVIEW_ML_01,2026-11-02T13:11:00+09:00,SYNTHETIC_HUMAN_SCENARIO
LK_EV_XP_APP0235_01_BUILD_M1_SKILL_03,EV_XP_APP0235_01_BUILD_M1_SKILL_03,,HUMAN,M1_SKILL_03,CONFIRMED,REVIEW_ML_01,2026-11-05T14:59:00+09:00,SYNTHETIC_HUMAN_SCENARIO
LK_EV_XP_APP0235_01_PROBLEM_M1_SKILL_01,EV_XP_APP0235_01_PROBLEM_M1_SKILL_01,,HUMAN,M1_SKILL_01,CONFIRMED,REVIEW_ML_01,2026-11-05T14:59:00+09:00,SYNTHETIC_HUMAN_SCENARIO
LK_EV_XP_APP0235_01_VALIDATE_M1_SKILL_03,EV_XP_APP0235_01_VALIDATE_M1_SKILL_03,,HUMAN,M1_SKILL_03,CONFIRMED,REVIEW_ML_01,2026-11-05T14:59:00+09:00,SYNTHETIC_HUMAN_SCENARIO
LK_EV_XP_APP0231_02_PROBLEM_M1_SKILL_01,EV_XP_APP0231_02_PROBLEM_M1_SKILL_01,,HUMAN,M1_SKILL_01,CONFIRMED,REVIEW_ML_01,2026-11-02T15:49:00+09:00,SYNTHETIC_HUMAN_SCENARIO
LK_EV_XP_APP0228_01_BUILD_M1_SKILL_03,EV_XP_APP0228_01_BUILD_M1_SKILL_03,,HUMAN,M1_SKILL_03,CONFIRMED,REVIEW_ML_01,2026-11-02T16:09:00+09:00,SYNTHETIC_HUMAN_SCENARIO
LK_EV_XP_APP0228_01_VALIDATE_M1_SKILL_03,EV_XP_APP0228_01_VALIDATE_M1_SKILL_03,,HUMAN,M1_SKILL_03,CONFIRMED,REVIEW_ML_01,2026-11-02T16:09:00+09:00,SYNTHETIC_HUMAN_SCENARIO
LK_EV_XP_APP0228_02_BUILD_M1_SKILL_03,EV_XP_APP0228_02_BUILD_M1_SKILL_03,,HUMAN,M1_SKILL_03,CONFIRMED,REVIEW_ML_01,2026-11-02T16:09:00+09:00,SYNTHETIC_HUMAN_SCENARIO
LK_EV_XP_APP0228_02_VALIDATE_M1_SKILL_03,EV_XP_APP0228_02_VALIDATE_M1_SKILL_03,,HUMAN,M1_SKILL_03,CONFIRMED,REVIEW_ML_01,2026-11-02T16:09:00+09:00,SYNTHETIC_HUMAN_SCENARIO
LK_EV_XP_APP0249_01_BUILD_M1_SKILL_03,EV_XP_APP0249_01_BUILD_M1_SKILL_03,,HUMAN,M1_SKILL_03,CONFIRMED,REVIEW_ML_01,2026-11-06T16:24:00+09:00,SYNTHETIC_HUMAN_SCENARIO
LK_EV_XP_APP0249_01_PROBLEM_M1_SKILL_01,EV_XP_APP0249_01_PROBLEM_M1_SKILL_01,,HUMAN,M1_SKILL_01,CONFIRMED,REVIEW_ML_01,2026-11-06T16:24:00+09:00,SYNTHETIC_HUMAN_SCENARIO
LK_EV_XP_APP0249_01_VALIDATE_M1_SKILL_03,EV_XP_APP0249_01_VALIDATE_M1_SKILL_03,,HUMAN,M1_SKILL_03,CONFIRMED,REVIEW_ML_01,2026-11-06T16:24:00+09:00,SYNTHETIC_HUMAN_SCENARIO
LK_EV_XP_APP0229_01_VALIDATE_M1_SKILL_03,EV_XP_APP0229_01_VALIDATE_M1_SKILL_03,,HUMAN,M1_SKILL_03,CONFIRMED,REVIEW_ML_01,2026-11-05T16:34:00+09:00,SYNTHETIC_HUMAN_SCENARIO
LK_EV_XP_APP0229_02_BUILD_M1_SKILL_03,EV_XP_APP0229_02_BUILD_M1_SKILL_03,,HUMAN,M1_SKILL_03,CONFIRMED,REVIEW_ML_01,2026-11-05T16:34:00+09:00,SYNTHETIC_HUMAN_SCENARIO
LK_EV_XP_APP0188_01_BUILD_M1_SKILL_03,EV_XP_APP0188_01_BUILD_M1_SKILL_03,,HUMAN,M1_SKILL_03,CONFIRMED,REVIEW_ML_01,2026-11-02T16:51:00+09:00,SYNTHETIC_HUMAN_SCENARIO
LK_EV_XP_APP0188_01_PROBLEM_M1_SKILL_01,EV_XP_APP0188_01_PROBLEM_M1_SKILL_01,,HUMAN,M1_SKILL_01,CONFIRMED,REVIEW_ML_01,2026-11-02T16:51:00+09:00,SYNTHETIC_HUMAN_SCENARIO
LK_EV_XP_APP0188_01_VALIDATE_M1_SKILL_03,EV_XP_APP0188_01_VALIDATE_M1_SKILL_03,,HUMAN,M1_SKILL_03,CONFIRMED,REVIEW_ML_01,2026-11-02T16:51:00+09:00,SYNTHETIC_HUMAN_SCENARIO
LK_EV_XP_APP0246_01_VALIDATE_M1_SKILL_03,EV_XP_APP0246_01_VALIDATE_M1_SKILL_03,,HUMAN,M1_SKILL_03,CONFIRMED,REVIEW_ML_01,2026-11-02T09:41:00+09:00,SYNTHETIC_HUMAN_SCENARIO
LK_EV_XP_APP0246_02_BUILD_M1_SKILL_03,EV_XP_APP0246_02_BUILD_M1_SKILL_03,,HUMAN,M1_SKILL_03,CONFIRMED,REVIEW_ML_01,2026-11-02T09:41:00+09:00,SYNTHETIC_HUMAN_SCENARIO
LK_EV_XP_APP0246_02_PROBLEM_M1_SKILL_01,EV_XP_APP0246_02_PROBLEM_M1_SKILL_01,,HUMAN,M1_SKILL_01,CONFIRMED,REVIEW_ML_01,2026-11-02T09:41:00+09:00,SYNTHETIC_HUMAN_SCENARIO
LK_EV_XP_APP0246_02_VALIDATE_M1_SKILL_03,EV_XP_APP0246_02_VALIDATE_M1_SKILL_03,,HUMAN,M1_SKILL_03,CONFIRMED,REVIEW_ML_01,2026-11-02T09:41:00+09:00,SYNTHETIC_HUMAN_SCENARIO
LK_EV_XP_APP0257_01_BUILD_M1_SKILL_03,EV_XP_APP0257_01_BUILD_M1_SKILL_03,,HUMAN,M1_SKILL_03,CONFIRMED,REVIEW_ML_01,2026-11-03T09:46:00+09:00,SYNTHETIC_HUMAN_SCENARIO
LK_EV_XP_APP0257_01_PROBLEM_M1_SKILL_01,EV_XP_APP0257_01_PROBLEM_M1_SKILL_01,,HUMAN,M1_SKILL_01,CONFIRMED,REVIEW_ML_01,2026-11-03T09:46:00+09:00,SYNTHETIC_HUMAN_SCENARIO
LK_EV_XP_APP0267_01_PROBLEM_M1_SKILL_01,EV_XP_APP0267_01_PROBLEM_M1_SKILL_01,,HUMAN,M1_SKILL_01,CONFIRMED,REVIEW_ML_01,2026-11-04T12:00:00+09:00,SYNTHETIC_HUMAN_SCENARIO
LK_EV_XP_APP0267_01_VALIDATE_M1_SKILL_03,EV_XP_APP0267_01_VALIDATE_M1_SKILL_03,,HUMAN,M1_SKILL_03,CONFIRMED,REVIEW_ML_01,2026-11-04T12:00:00+09:00,SYNTHETIC_HUMAN_SCENARIO
LK_EV_XP_APP0156_01_PROBLEM_M1_SKILL_01,EV_XP_APP0156_01_PROBLEM_M1_SKILL_01,,HUMAN,M1_SKILL_01,CONFIRMED,REVIEW_ML_01,2026-11-06T12:25:00+09:00,SYNTHETIC_HUMAN_SCENARIO
LK_EV_XP_APP0210_01_BUILD_M1_SKILL_03,EV_XP_APP0210_01_BUILD_M1_SKILL_03,,HUMAN,M1_SKILL_03,CONFIRMED,REVIEW_ML_01,2026-11-07T11:35:00+09:00,SYNTHETIC_HUMAN_SCENARIO
LK_EV_XP_APP0278_01_BUILD_M1_SKILL_03,EV_XP_APP0278_01_BUILD_M1_SKILL_03,,HUMAN,M1_SKILL_03,CONFIRMED,REVIEW_ML_01,2026-11-04T14:35:00+09:00,SYNTHETIC_HUMAN_SCENARIO
LK_EV_XP_APP0278_01_VALIDATE_M1_SKILL_03,EV_XP_APP0278_01_VALIDATE_M1_SKILL_03,,HUMAN,M1_SKILL_03,CONFIRMED,REVIEW_ML_01,2026-11-04T14:35:00+09:00,SYNTHETIC_HUMAN_SCENARIO
LK_EV_XP_APP0278_02_BUILD_M1_SKILL_03,EV_XP_APP0278_02_BUILD_M1_SKILL_03,,HUMAN,M1_SKILL_03,CONFIRMED,REVIEW_ML_01,2026-11-04T14:35:00+09:00,SYNTHETIC_HUMAN_SCENARIO
LK_EV_XP_APP0278_02_PROBLEM_M1_SKILL_01,EV_XP_APP0278_02_PROBLEM_M1_SKILL_01,,HUMAN,M1_SKILL_01,CONFIRMED,REVIEW_ML_01,2026-11-04T14:35:00+09:00,SYNTHETIC_HUMAN_SCENARIO
LK_EV_XP_APP0171_01_VALIDATE_M1_SKILL_03,EV_XP_APP0171_01_VALIDATE_M1_SKILL_03,,HUMAN,M1_SKILL_03,CONFIRMED,REVIEW_ML_01,2026-11-03T15:21:00+09:00,SYNTHETIC_HUMAN_SCENARIO
LK_EV_XP_APP0253_01_BUILD_M1_SKILL_03,EV_XP_APP0253_01_BUILD_M1_SKILL_03,,HUMAN,M1_SKILL_03,CONFIRMED,REVIEW_ML_01,2026-11-02T16:01:00+09:00,SYNTHETIC_HUMAN_SCENARIO
LK_EV_XP_APP0253_01_VALIDATE_M1_SKILL_03,EV_XP_APP0253_01_VALIDATE_M1_SKILL_03,,HUMAN,M1_SKILL_03,CONFIRMED,REVIEW_ML_01,2026-11-02T16:01:00+09:00,SYNTHETIC_HUMAN_SCENARIO
LK_EV_XP_APP0253_02_BUILD_M1_SKILL_03,EV_XP_APP0253_02_BUILD_M1_SKILL_03,,HUMAN,M1_SKILL_03,CONFIRMED,REVIEW_ML_01,2026-11-02T16:01:00+09:00,SYNTHETIC_HUMAN_SCENARIO
LK_EV_XP_APP0202_01_BUILD_M1_SKILL_03,EV_XP_APP0202_01_BUILD_M1_SKILL_03,,HUMAN,M1_SKILL_03,CONFIRMED,REVIEW_ML_01,2026-11-04T17:13:00+09:00,SYNTHETIC_HUMAN_SCENARIO
LK_EV_XP_APP0202_01_PROBLEM_M1_SKILL_01,EV_XP_APP0202_01_PROBLEM_M1_SKILL_01,,HUMAN,M1_SKILL_01,CONFIRMED,REVIEW_ML_01,2026-11-04T17:13:00+09:00,SYNTHETIC_HUMAN_SCENARIO
LK_EV_XP_APP0202_01_VALIDATE_M1_SKILL_03,EV_XP_APP0202_01_VALIDATE_M1_SKILL_03,,HUMAN,M1_SKILL_03,CONFIRMED,REVIEW_ML_01,2026-11-04T17:13:00+09:00,SYNTHETIC_HUMAN_SCENARIO
LK_EV_XP_APP0202_02_BUILD_M1_SKILL_03,EV_XP_APP0202_02_BUILD_M1_SKILL_03,,HUMAN,M1_SKILL_03,CONFIRMED,REVIEW_ML_01,2026-11-04T17:13:00+09:00,SYNTHETIC_HUMAN_SCENARIO
LK_EV_XP_APP0202_02_VALIDATE_M1_SKILL_03,EV_XP_APP0202_02_VALIDATE_M1_SKILL_03,,HUMAN,M1_SKILL_03,CONFIRMED,REVIEW_ML_01,2026-11-04T17:13:00+09:00,SYNTHETIC_HUMAN_SCENARIO
LK_EV_XP_APP0232_02_BUILD_M1_SKILL_03,EV_XP_APP0232_02_BUILD_M1_SKILL_03,,HUMAN,M1_SKILL_03,CONFIRMED,REVIEW_ML_01,2026-11-03T09:40:00+09:00,SYNTHETIC_HUMAN_SCENARIO
LK_EV_XP_APP0184_01_BUILD_M1_SKILL_03,EV_XP_APP0184_01_BUILD_M1_SKILL_03,,HUMAN,M1_SKILL_03,CONFIRMED,REVIEW_ML_01,2026-11-07T10:17:00+09:00,SYNTHETIC_HUMAN_SCENARIO
LK_EV_XP_APP0184_01_PROBLEM_M1_SKILL_01,EV_XP_APP0184_01_PROBLEM_M1_SKILL_01,,HUMAN,M1_SKILL_01,CONFIRMED,REVIEW_ML_01,2026-11-07T10:17:00+09:00,SYNTHETIC_HUMAN_SCENARIO
LK_EV_XP_APP0225_01_BUILD_M1_SKILL_03,EV_XP_APP0225_01_BUILD_M1_SKILL_03,,HUMAN,M1_SKILL_03,CONFIRMED,REVIEW_ML_01,2026-11-07T12:52:00+09:00,SYNTHETIC_HUMAN_SCENARIO
LK_EV_XP_APP0225_01_VALIDATE_M1_SKILL_03,EV_XP_APP0225_01_VALIDATE_M1_SKILL_03,,HUMAN,M1_SKILL_03,CONFIRMED,REVIEW_ML_01,2026-11-07T12:52:00+09:00,SYNTHETIC_HUMAN_SCENARIO
LK_EV_XP_APP0181_01_VALIDATE_M1_SKILL_03,EV_XP_APP0181_01_VALIDATE_M1_SKILL_03,,HUMAN,M1_SKILL_03,CONFIRMED,REVIEW_ML_01,2026-11-02T13:55:00+09:00,SYNTHETIC_HUMAN_SCENARIO
LK_EV_XP_APP0181_02_BUILD_M1_SKILL_03,EV_XP_APP0181_02_BUILD_M1_SKILL_03,,HUMAN,M1_SKILL_03,CONFIRMED,REVIEW_ML_01,2026-11-02T13:55:00+09:00,SYNTHETIC_HUMAN_SCENARIO
LK_EV_XP_APP0181_02_VALIDATE_M1_SKILL_03,EV_XP_APP0181_02_VALIDATE_M1_SKILL_03,,HUMAN,M1_SKILL_03,CONFIRMED,REVIEW_ML_01,2026-11-02T13:55:00+09:00,SYNTHETIC_HUMAN_SCENARIO
LK_EV_XP_APP0297_01_BUILD_M1_SKILL_03,EV_XP_APP0297_01_BUILD_M1_SKILL_03,,HUMAN,M1_SKILL_03,CONFIRMED,REVIEW_ML_01,2026-11-07T14:31:00+09:00,SYNTHETIC_HUMAN_SCENARIO
LK_EV_XP_APP0297_01_VALIDATE_M1_SKILL_03,EV_XP_APP0297_01_VALIDATE_M1_SKILL_03,,HUMAN,M1_SKILL_03,CONFIRMED,REVIEW_ML_01,2026-11-07T14:31:00+09:00,SYNTHETIC_HUMAN_SCENARIO
LK_EV_XP_APP0297_02_PROBLEM_M1_SKILL_01,EV_XP_APP0297_02_PROBLEM_M1_SKILL_01,,HUMAN,M1_SKILL_01,CONFIRMED,REVIEW_ML_01,2026-11-07T14:31:00+09:00,SYNTHETIC_HUMAN_SCENARIO
LK_EV_XP_APP0297_02_VALIDATE_M1_SKILL_03,EV_XP_APP0297_02_VALIDATE_M1_SKILL_03,,HUMAN,M1_SKILL_03,CONFIRMED,REVIEW_ML_01,2026-11-07T14:31:00+09:00,SYNTHETIC_HUMAN_SCENARIO
LK_EV_XP_APP0276_02_PROBLEM_M1_SKILL_01,EV_XP_APP0276_02_PROBLEM_M1_SKILL_01,,HUMAN,M1_SKILL_01,CONFIRMED,REVIEW_ML_01,2026-11-11T14:51:00+09:00,SYNTHETIC_HUMAN_SCENARIO
LK_EV_XP_APP0255_01_PROBLEM_M1_SKILL_01,EV_XP_APP0255_01_PROBLEM_M1_SKILL_01,,HUMAN,M1_SKILL_01,CONFIRMED,REVIEW_ML_01,2026-11-04T15:36:00+09:00,SYNTHETIC_HUMAN_SCENARIO
LK_EV_XP_APP0255_01_VALIDATE_M1_SKILL_03,EV_XP_APP0255_01_VALIDATE_M1_SKILL_03,,HUMAN,M1_SKILL_03,CONFIRMED,REVIEW_ML_01,2026-11-04T15:36:00+09:00,SYNTHETIC_HUMAN_SCENARIO
LK_EV_XP_APP0268_01_BUILD_M1_SKILL_03,EV_XP_APP0268_01_BUILD_M1_SKILL_03,,HUMAN,M1_SKILL_03,CONFIRMED,REVIEW_ML_01,2026-11-08T15:52:00+09:00,SYNTHETIC_HUMAN_SCENARIO
LK_EV_XP_APP0268_01_PROBLEM_M1_SKILL_01,EV_XP_APP0268_01_PROBLEM_M1_SKILL_01,,HUMAN,M1_SKILL_01,CONFIRMED,REVIEW_ML_01,2026-11-08T15:52:00+09:00,SYNTHETIC_HUMAN_SCENARIO
LK_EV_XP_APP0268_01_VALIDATE_M1_SKILL_03,EV_XP_APP0268_01_VALIDATE_M1_SKILL_03,,HUMAN,M1_SKILL_03,CONFIRMED,REVIEW_ML_01,2026-11-08T15:52:00+09:00,SYNTHETIC_HUMAN_SCENARIO
LK_EV_XP_APP0268_02_BUILD_M1_SKILL_03,EV_XP_APP0268_02_BUILD_M1_SKILL_03,,HUMAN,M1_SKILL_03,CONFIRMED,REVIEW_ML_01,2026-11-08T15:52:00+09:00,SYNTHETIC_HUMAN_SCENARIO
LK_EV_XP_APP0258_01_BUILD_M1_SKILL_03,EV_XP_APP0258_01_BUILD_M1_SKILL_03,,HUMAN,M1_SKILL_03,CONFIRMED,REVIEW_ML_01,2026-11-05T16:49:00+09:00,SYNTHETIC_HUMAN_SCENARIO
LK_EV_XP_APP0258_01_PROBLEM_M1_SKILL_01,EV_XP_APP0258_01_PROBLEM_M1_SKILL_01,,HUMAN,M1_SKILL_01,CONFIRMED,REVIEW_ML_01,2026-11-05T16:49:00+09:00,SYNTHETIC_HUMAN_SCENARIO
LK_EV_XP_APP0264_01_VALIDATE_M1_SKILL_03,EV_XP_APP0264_01_VALIDATE_M1_SKILL_03,,HUMAN,M1_SKILL_03,CONFIRMED,REVIEW_ML_01,2026-11-03T17:00:00+09:00,SYNTHETIC_HUMAN_SCENARIO
LK_EV_XP_APP0264_02_BUILD_M1_SKILL_03,EV_XP_APP0264_02_BUILD_M1_SKILL_03,,HUMAN,M1_SKILL_03,CONFIRMED,REVIEW_ML_01,2026-11-03T17:00:00+09:00,SYNTHETIC_HUMAN_SCENARIO
LK_EV_XP_APP0264_02_PROBLEM_M1_SKILL_01,EV_XP_APP0264_02_PROBLEM_M1_SKILL_01,,HUMAN,M1_SKILL_01,CONFIRMED,REVIEW_ML_01,2026-11-03T17:00:00+09:00,SYNTHETIC_HUMAN_SCENARIO
LK_EV_XP_APP0264_02_VALIDATE_M1_SKILL_03,EV_XP_APP0264_02_VALIDATE_M1_SKILL_03,,HUMAN,M1_SKILL_03,CONFIRMED,REVIEW_ML_01,2026-11-03T17:00:00+09:00,SYNTHETIC_HUMAN_SCENARIO
LK_EV_XP_APP0218_01_VALIDATE_M1_SKILL_03,EV_XP_APP0218_01_VALIDATE_M1_SKILL_03,,HUMAN,M1_SKILL_03,CONFIRMED,REVIEW_ML_01,2026-11-07T17:09:00+09:00,SYNTHETIC_HUMAN_SCENARIO
LK_EV_XP_APP0218_02_PROBLEM_M1_SKILL_01,EV_XP_APP0218_02_PROBLEM_M1_SKILL_01,,HUMAN,M1_SKILL_01,CONFIRMED,REVIEW_ML_01,2026-11-07T17:09:00+09:00,SYNTHETIC_HUMAN_SCENARIO
LK_EV_XP_APP0218_02_VALIDATE_M1_SKILL_03,EV_XP_APP0218_02_VALIDATE_M1_SKILL_03,,HUMAN,M1_SKILL_03,CONFIRMED,REVIEW_ML_01,2026-11-07T17:09:00+09:00,SYNTHETIC_HUMAN_SCENARIO
LK_EV_XP_APP0301_01_BUILD_M1_SKILL_03,EV_XP_APP0301_01_BUILD_M1_SKILL_03,,HUMAN,M1_SKILL_03,CONFIRMED,REVIEW_ML_01,2026-11-04T09:46:00+09:00,SYNTHETIC_HUMAN_SCENARIO
LK_EV_XP_APP0301_01_VALIDATE_M1_SKILL_03,EV_XP_APP0301_01_VALIDATE_M1_SKILL_03,,HUMAN,M1_SKILL_03,CONFIRMED,REVIEW_ML_01,2026-11-04T09:46:00+09:00,SYNTHETIC_HUMAN_SCENARIO
LK_EV_XP_APP0242_01_VALIDATE_M1_SKILL_03,EV_XP_APP0242_01_VALIDATE_M1_SKILL_03,,HUMAN,M1_SKILL_03,CONFIRMED,REVIEW_ML_01,2026-11-04T11:36:00+09:00,SYNTHETIC_HUMAN_SCENARIO
LK_EV_XP_APP0242_02_PROBLEM_M1_SKILL_01,EV_XP_APP0242_02_PROBLEM_M1_SKILL_01,,HUMAN,M1_SKILL_01,CONFIRMED,REVIEW_ML_01,2026-11-04T11:36:00+09:00,SYNTHETIC_HUMAN_SCENARIO
LK_EV_XP_APP0305_01_VALIDATE_M1_SKILL_03,EV_XP_APP0305_01_VALIDATE_M1_SKILL_03,,HUMAN,M1_SKILL_03,CONFIRMED,REVIEW_ML_01,2026-11-04T12:08:00+09:00,SYNTHETIC_HUMAN_SCENARIO
LK_EV_XP_APP0194_01_PROBLEM_M1_SKILL_01,EV_XP_APP0194_01_PROBLEM_M1_SKILL_01,,HUMAN,M1_SKILL_01,CONFIRMED,REVIEW_ML_01,2026-11-10T12:48:00+09:00,SYNTHETIC_HUMAN_SCENARIO
LK_EV_XP_APP0194_01_VALIDATE_M1_SKILL_03,EV_XP_APP0194_01_VALIDATE_M1_SKILL_03,,HUMAN,M1_SKILL_03,CONFIRMED,REVIEW_ML_01,2026-11-10T12:48:00+09:00,SYNTHETIC_HUMAN_SCENARIO
LK_EV_XP_APP0194_02_BUILD_M1_SKILL_03,EV_XP_APP0194_02_BUILD_M1_SKILL_03,,HUMAN,M1_SKILL_03,CONFIRMED,REVIEW_ML_01,2026-11-10T12:48:00+09:00,SYNTHETIC_HUMAN_SCENARIO
LK_EV_XP_APP0294_01_BUILD_M1_SKILL_03,EV_XP_APP0294_01_BUILD_M1_SKILL_03,,HUMAN,M1_SKILL_03,CONFIRMED,REVIEW_ML_01,2026-11-04T13:00:00+09:00,SYNTHETIC_HUMAN_SCENARIO
LK_EV_XP_APP0294_01_VALIDATE_M1_SKILL_03,EV_XP_APP0294_01_VALIDATE_M1_SKILL_03,,HUMAN,M1_SKILL_03,CONFIRMED,REVIEW_ML_01,2026-11-04T13:00:00+09:00,SYNTHETIC_HUMAN_SCENARIO
LK_EV_XP_APP0292_01_PROBLEM_M1_SKILL_01,EV_XP_APP0292_01_PROBLEM_M1_SKILL_01,,HUMAN,M1_SKILL_01,CONFIRMED,REVIEW_ML_01,2026-11-05T13:25:00+09:00,SYNTHETIC_HUMAN_SCENARIO
LK_EV_XP_APP0292_01_VALIDATE_M1_SKILL_03,EV_XP_APP0292_01_VALIDATE_M1_SKILL_03,,HUMAN,M1_SKILL_03,CONFIRMED,REVIEW_ML_01,2026-11-05T13:25:00+09:00,SYNTHETIC_HUMAN_SCENARIO
LK_EV_XP_APP0292_02_BUILD_M1_SKILL_03,EV_XP_APP0292_02_BUILD_M1_SKILL_03,,HUMAN,M1_SKILL_03,CONFIRMED,REVIEW_ML_01,2026-11-05T13:25:00+09:00,SYNTHETIC_HUMAN_SCENARIO
LK_EV_XP_APP0292_02_PROBLEM_M1_SKILL_01,EV_XP_APP0292_02_PROBLEM_M1_SKILL_01,,HUMAN,M1_SKILL_01,CONFIRMED,REVIEW_ML_01,2026-11-05T13:25:00+09:00,SYNTHETIC_HUMAN_SCENARIO
LK_EV_XP_APP0292_02_VALIDATE_M1_SKILL_03,EV_XP_APP0292_02_VALIDATE_M1_SKILL_03,,HUMAN,M1_SKILL_03,CONFIRMED,REVIEW_ML_01,2026-11-05T13:25:00+09:00,SYNTHETIC_HUMAN_SCENARIO
LK_EV_XP_APP0192_01_PROBLEM_M1_SKILL_01,EV_XP_APP0192_01_PROBLEM_M1_SKILL_01,,HUMAN,M1_SKILL_01,CONFIRMED,REVIEW_ML_01,2026-11-08T13:29:00+09:00,SYNTHETIC_HUMAN_SCENARIO
LK_EV_XP_APP0192_02_BUILD_M1_SKILL_03,EV_XP_APP0192_02_BUILD_M1_SKILL_03,,HUMAN,M1_SKILL_03,CONFIRMED,REVIEW_ML_01,2026-11-08T13:29:00+09:00,SYNTHETIC_HUMAN_SCENARIO
LK_EV_XP_APP0192_02_PROBLEM_M1_SKILL_01,EV_XP_APP0192_02_PROBLEM_M1_SKILL_01,,HUMAN,M1_SKILL_01,CONFIRMED,REVIEW_ML_01,2026-11-08T13:29:00+09:00,SYNTHETIC_HUMAN_SCENARIO
LK_EV_XP_APP0269_01_PROBLEM_M1_SKILL_01,EV_XP_APP0269_01_PROBLEM_M1_SKILL_01,,HUMAN,M1_SKILL_01,CONFIRMED,REVIEW_ML_01,2026-11-09T13:45:00+09:00,SYNTHETIC_HUMAN_SCENARIO
LK_EV_XP_APP0269_01_VALIDATE_M1_SKILL_03,EV_XP_APP0269_01_VALIDATE_M1_SKILL_03,,HUMAN,M1_SKILL_03,CONFIRMED,REVIEW_ML_01,2026-11-09T13:45:00+09:00,SYNTHETIC_HUMAN_SCENARIO
LK_EV_XP_APP0269_02_BUILD_M1_SKILL_03,EV_XP_APP0269_02_BUILD_M1_SKILL_03,,HUMAN,M1_SKILL_03,CONFIRMED,REVIEW_ML_01,2026-11-09T13:45:00+09:00,SYNTHETIC_HUMAN_SCENARIO
LK_EV_XP_APP0269_02_PROBLEM_M1_SKILL_01,EV_XP_APP0269_02_PROBLEM_M1_SKILL_01,,HUMAN,M1_SKILL_01,CONFIRMED,REVIEW_ML_01,2026-11-09T13:45:00+09:00,SYNTHETIC_HUMAN_SCENARIO
LK_EV_XP_APP0269_02_VALIDATE_M1_SKILL_03,EV_XP_APP0269_02_VALIDATE_M1_SKILL_03,,HUMAN,M1_SKILL_03,CONFIRMED,REVIEW_ML_01,2026-11-09T13:45:00+09:00,SYNTHETIC_HUMAN_SCENARIO
LK_EV_XP_APP0288_01_VALIDATE_M1_SKILL_03,EV_XP_APP0288_01_VALIDATE_M1_SKILL_03,,HUMAN,M1_SKILL_03,CONFIRMED,REVIEW_ML_01,2026-11-12T14:39:00+09:00,SYNTHETIC_HUMAN_SCENARIO
LK_EV_XP_APP0275_01_PROBLEM_M1_SKILL_01,EV_XP_APP0275_01_PROBLEM_M1_SKILL_01,,HUMAN,M1_SKILL_01,CONFIRMED,REVIEW_ML_01,2026-11-08T15:00:00+09:00,SYNTHETIC_HUMAN_SCENARIO
LK_EV_XP_APP0275_01_VALIDATE_M1_SKILL_03,EV_XP_APP0275_01_VALIDATE_M1_SKILL_03,,HUMAN,M1_SKILL_03,CONFIRMED,REVIEW_ML_01,2026-11-08T15:00:00+09:00,SYNTHETIC_HUMAN_SCENARIO
LK_EV_XP_APP0238_01_BUILD_M1_SKILL_03,EV_XP_APP0238_01_BUILD_M1_SKILL_03,,HUMAN,M1_SKILL_03,CONFIRMED,REVIEW_ML_01,2026-11-10T14:45:00+09:00,SYNTHETIC_HUMAN_SCENARIO
LK_EV_XP_APP0238_01_PROBLEM_M1_SKILL_01,EV_XP_APP0238_01_PROBLEM_M1_SKILL_01,,HUMAN,M1_SKILL_01,CONFIRMED,REVIEW_ML_01,2026-11-10T14:45:00+09:00,SYNTHETIC_HUMAN_SCENARIO
LK_EV_XP_APP0238_02_PROBLEM_M1_SKILL_01,EV_XP_APP0238_02_PROBLEM_M1_SKILL_01,,HUMAN,M1_SKILL_01,CONFIRMED,REVIEW_ML_01,2026-11-10T14:45:00+09:00,SYNTHETIC_HUMAN_SCENARIO
LK_EV_XP_APP0299_01_BUILD_M1_SKILL_03,EV_XP_APP0299_01_BUILD_M1_SKILL_03,,HUMAN,M1_SKILL_03,CONFIRMED,REVIEW_ML_01,2026-11-09T16:23:00+09:00,SYNTHETIC_HUMAN_SCENARIO
LK_EV_XP_APP0299_02_PROBLEM_M1_SKILL_01,EV_XP_APP0299_02_PROBLEM_M1_SKILL_01,,HUMAN,M1_SKILL_01,CONFIRMED,REVIEW_ML_01,2026-11-09T16:23:00+09:00,SYNTHETIC_HUMAN_SCENARIO
LK_EV_XP_APP0286_01_BUILD_M1_SKILL_03,EV_XP_APP0286_01_BUILD_M1_SKILL_03,,HUMAN,M1_SKILL_03,CONFIRMED,REVIEW_ML_01,2026-11-08T16:59:00+09:00,SYNTHETIC_HUMAN_SCENARIO
LK_EV_XP_APP0286_01_PROBLEM_M1_SKILL_01,EV_XP_APP0286_01_PROBLEM_M1_SKILL_01,,HUMAN,M1_SKILL_01,CONFIRMED,REVIEW_ML_01,2026-11-08T16:59:00+09:00,SYNTHETIC_HUMAN_SCENARIO
LK_EV_XP_APP0286_02_BUILD_M1_SKILL_03,EV_XP_APP0286_02_BUILD_M1_SKILL_03,,HUMAN,M1_SKILL_03,CONFIRMED,REVIEW_ML_01,2026-11-08T16:59:00+09:00,SYNTHETIC_HUMAN_SCENARIO
LK_EV_XP_APP0286_02_VALIDATE_M1_SKILL_03,EV_XP_APP0286_02_VALIDATE_M1_SKILL_03,,HUMAN,M1_SKILL_03,CONFIRMED,REVIEW_ML_01,2026-11-08T16:59:00+09:00,SYNTHETIC_HUMAN_SCENARIO
LK_EV_XP_APP0200_01_PROBLEM_M1_SKILL_01,EV_XP_APP0200_01_PROBLEM_M1_SKILL_01,,HUMAN,M1_SKILL_01,CONFIRMED,REVIEW_ML_01,2026-11-08T09:39:00+09:00,SYNTHETIC_HUMAN_SCENARIO
LK_EV_XP_APP0200_01_VALIDATE_M1_SKILL_03,EV_XP_APP0200_01_VALIDATE_M1_SKILL_03,,HUMAN,M1_SKILL_03,CONFIRMED,REVIEW_ML_01,2026-11-08T09:39:00+09:00,SYNTHETIC_HUMAN_SCENARIO
LK_EV_XP_APP0320_01_BUILD_M1_SKILL_03,EV_XP_APP0320_01_BUILD_M1_SKILL_03,,HUMAN,M1_SKILL_03,CONFIRMED,REVIEW_ML_01,2026-11-11T10:42:00+09:00,SYNTHETIC_HUMAN_SCENARIO
LK_EV_XP_APP0285_01_BUILD_M1_SKILL_03,EV_XP_APP0285_01_BUILD_M1_SKILL_03,,HUMAN,M1_SKILL_03,CONFIRMED,REVIEW_ML_01,2026-11-07T10:13:00+09:00,SYNTHETIC_HUMAN_SCENARIO
LK_EV_XP_APP0285_01_PROBLEM_M1_SKILL_01,EV_XP_APP0285_01_PROBLEM_M1_SKILL_01,,HUMAN,M1_SKILL_01,CONFIRMED,REVIEW_ML_01,2026-11-07T10:13:00+09:00,SYNTHETIC_HUMAN_SCENARIO
LK_EV_XP_APP0285_02_PROBLEM_M1_SKILL_01,EV_XP_APP0285_02_PROBLEM_M1_SKILL_01,,HUMAN,M1_SKILL_01,CONFIRMED,REVIEW_ML_01,2026-11-07T10:13:00+09:00,SYNTHETIC_HUMAN_SCENARIO
LK_EV_XP_APP0325_01_BUILD_M1_SKILL_03,EV_XP_APP0325_01_BUILD_M1_SKILL_03,,HUMAN,M1_SKILL_03,CONFIRMED,REVIEW_ML_01,2026-11-10T10:18:00+09:00,SYNTHETIC_HUMAN_SCENARIO
LK_EV_XP_APP0325_01_PROBLEM_M1_SKILL_01,EV_XP_APP0325_01_PROBLEM_M1_SKILL_01,,HUMAN,M1_SKILL_01,CONFIRMED,REVIEW_ML_01,2026-11-10T10:18:00+09:00,SYNTHETIC_HUMAN_SCENARIO
LK_EV_XP_APP0295_01_BUILD_M1_SKILL_03,EV_XP_APP0295_01_BUILD_M1_SKILL_03,,HUMAN,M1_SKILL_03,CONFIRMED,REVIEW_ML_01,2026-11-11T11:54:00+09:00,SYNTHETIC_HUMAN_SCENARIO
LK_EV_XP_APP0295_01_PROBLEM_M1_SKILL_01,EV_XP_APP0295_01_PROBLEM_M1_SKILL_01,,HUMAN,M1_SKILL_01,CONFIRMED,REVIEW_ML_01,2026-11-11T11:54:00+09:00,SYNTHETIC_HUMAN_SCENARIO
LK_EV_XP_APP0295_01_VALIDATE_M1_SKILL_03,EV_XP_APP0295_01_VALIDATE_M1_SKILL_03,,HUMAN,M1_SKILL_03,CONFIRMED,REVIEW_ML_01,2026-11-11T11:54:00+09:00,SYNTHETIC_HUMAN_SCENARIO
LK_EV_XP_APP0295_02_BUILD_M1_SKILL_03,EV_XP_APP0295_02_BUILD_M1_SKILL_03,,HUMAN,M1_SKILL_03,CONFIRMED,REVIEW_ML_01,2026-11-11T11:54:00+09:00,SYNTHETIC_HUMAN_SCENARIO
LK_EV_XP_APP0314_01_BUILD_M1_SKILL_03,EV_XP_APP0314_01_BUILD_M1_SKILL_03,,HUMAN,M1_SKILL_03,CONFIRMED,REVIEW_ML_01,2026-11-11T12:25:00+09:00,SYNTHETIC_HUMAN_SCENARIO
LK_EV_XP_APP0314_02_VALIDATE_M1_SKILL_03,EV_XP_APP0314_02_VALIDATE_M1_SKILL_03,,HUMAN,M1_SKILL_03,CONFIRMED,REVIEW_ML_01,2026-11-11T12:25:00+09:00,SYNTHETIC_HUMAN_SCENARIO
LK_EV_XP_APP0296_01_PROBLEM_M1_SKILL_01,EV_XP_APP0296_01_PROBLEM_M1_SKILL_01,,HUMAN,M1_SKILL_01,CONFIRMED,REVIEW_ML_01,2026-11-09T14:02:00+09:00,SYNTHETIC_HUMAN_SCENARIO
LK_EV_XP_APP0296_02_VALIDATE_M1_SKILL_03,EV_XP_APP0296_02_VALIDATE_M1_SKILL_03,,HUMAN,M1_SKILL_03,CONFIRMED,REVIEW_ML_01,2026-11-09T14:02:00+09:00,SYNTHETIC_HUMAN_SCENARIO
LK_EV_XP_APP0324_01_PROBLEM_M1_SKILL_01,EV_XP_APP0324_01_PROBLEM_M1_SKILL_01,,HUMAN,M1_SKILL_01,CONFIRMED,REVIEW_ML_01,2026-11-11T15:28:00+09:00,SYNTHETIC_HUMAN_SCENARIO
LK_EV_XP_APP0324_01_VALIDATE_M1_SKILL_03,EV_XP_APP0324_01_VALIDATE_M1_SKILL_03,,HUMAN,M1_SKILL_03,CONFIRMED,REVIEW_ML_01,2026-11-11T15:28:00+09:00,SYNTHETIC_HUMAN_SCENARIO
LK_EV_XP_APP0324_02_BUILD_M1_SKILL_03,EV_XP_APP0324_02_BUILD_M1_SKILL_03,,HUMAN,M1_SKILL_03,CONFIRMED,REVIEW_ML_01,2026-11-11T15:28:00+09:00,SYNTHETIC_HUMAN_SCENARIO
LK_EV_XP_APP0206_01_PROBLEM_M1_SKILL_01,EV_XP_APP0206_01_PROBLEM_M1_SKILL_01,,HUMAN,M1_SKILL_01,CONFIRMED,REVIEW_ML_01,2026-11-09T15:47:00+09:00,SYNTHETIC_HUMAN_SCENARIO
LK_EV_XP_APP0206_02_BUILD_M1_SKILL_03,EV_XP_APP0206_02_BUILD_M1_SKILL_03,,HUMAN,M1_SKILL_03,CONFIRMED,REVIEW_ML_01,2026-11-09T15:47:00+09:00,SYNTHETIC_HUMAN_SCENARIO
LK_EV_XP_APP0206_02_VALIDATE_M1_SKILL_03,EV_XP_APP0206_02_VALIDATE_M1_SKILL_03,,HUMAN,M1_SKILL_03,CONFIRMED,REVIEW_ML_01,2026-11-09T15:47:00+09:00,SYNTHETIC_HUMAN_SCENARIO
LK_EV_XP_APP0337_01_VALIDATE_M1_SKILL_03,EV_XP_APP0337_01_VALIDATE_M1_SKILL_03,,HUMAN,M1_SKILL_03,CONFIRMED,REVIEW_ML_01,2026-11-10T12:00:00+09:00,SYNTHETIC_HUMAN_SCENARIO
LK_EV_XP_APP0337_02_PROBLEM_M1_SKILL_01,EV_XP_APP0337_02_PROBLEM_M1_SKILL_01,,HUMAN,M1_SKILL_01,CONFIRMED,REVIEW_ML_01,2026-11-10T12:00:00+09:00,SYNTHETIC_HUMAN_SCENARIO
LK_EV_XP_APP0337_02_VALIDATE_M1_SKILL_03,EV_XP_APP0337_02_VALIDATE_M1_SKILL_03,,HUMAN,M1_SKILL_03,CONFIRMED,REVIEW_ML_01,2026-11-10T12:00:00+09:00,SYNTHETIC_HUMAN_SCENARIO
LK_EV_XP_APP0307_01_BUILD_M1_SKILL_03,EV_XP_APP0307_01_BUILD_M1_SKILL_03,,HUMAN,M1_SKILL_03,CONFIRMED,REVIEW_ML_01,2026-11-10T12:03:00+09:00,SYNTHETIC_HUMAN_SCENARIO
LK_EV_XP_APP0307_01_PROBLEM_M1_SKILL_01,EV_XP_APP0307_01_PROBLEM_M1_SKILL_01,,HUMAN,M1_SKILL_01,CONFIRMED,REVIEW_ML_01,2026-11-10T12:03:00+09:00,SYNTHETIC_HUMAN_SCENARIO
LK_EV_XP_APP0307_01_VALIDATE_M1_SKILL_03,EV_XP_APP0307_01_VALIDATE_M1_SKILL_03,,HUMAN,M1_SKILL_03,CONFIRMED,REVIEW_ML_01,2026-11-10T12:03:00+09:00,SYNTHETIC_HUMAN_SCENARIO
LK_EV_XP_APP0270_01_PROBLEM_M1_SKILL_01,EV_XP_APP0270_01_PROBLEM_M1_SKILL_01,,HUMAN,M1_SKILL_01,CONFIRMED,REVIEW_ML_01,2026-11-11T12:38:00+09:00,SYNTHETIC_HUMAN_SCENARIO
LK_EV_XP_APP0270_01_VALIDATE_M1_SKILL_03,EV_XP_APP0270_01_VALIDATE_M1_SKILL_03,,HUMAN,M1_SKILL_03,CONFIRMED,REVIEW_ML_01,2026-11-11T12:38:00+09:00,SYNTHETIC_HUMAN_SCENARIO
LK_EV_XP_APP0270_02_PROBLEM_M1_SKILL_01,EV_XP_APP0270_02_PROBLEM_M1_SKILL_01,,HUMAN,M1_SKILL_01,CONFIRMED,REVIEW_ML_01,2026-11-11T12:38:00+09:00,SYNTHETIC_HUMAN_SCENARIO
LK_EV_XP_APP0270_02_VALIDATE_M1_SKILL_03,EV_XP_APP0270_02_VALIDATE_M1_SKILL_03,,HUMAN,M1_SKILL_03,CONFIRMED,REVIEW_ML_01,2026-11-11T12:38:00+09:00,SYNTHETIC_HUMAN_SCENARIO
LK_EV_XP_APP0332_01_BUILD_M1_SKILL_03,EV_XP_APP0332_01_BUILD_M1_SKILL_03,,HUMAN,M1_SKILL_03,CONFIRMED,REVIEW_ML_01,2026-11-08T15:53:00+09:00,SYNTHETIC_HUMAN_SCENARIO
LK_EV_XP_APP0272_01_VALIDATE_M1_SKILL_03,EV_XP_APP0272_01_VALIDATE_M1_SKILL_03,,HUMAN,M1_SKILL_03,CONFIRMED,REVIEW_ML_01,2026-11-08T16:29:00+09:00,SYNTHETIC_HUMAN_SCENARIO
LK_EV_XP_APP0272_02_BUILD_M1_SKILL_03,EV_XP_APP0272_02_BUILD_M1_SKILL_03,,HUMAN,M1_SKILL_03,CONFIRMED,REVIEW_ML_01,2026-11-08T16:29:00+09:00,SYNTHETIC_HUMAN_SCENARIO
LK_EV_XP_APP0272_02_PROBLEM_M1_SKILL_01,EV_XP_APP0272_02_PROBLEM_M1_SKILL_01,,HUMAN,M1_SKILL_01,CONFIRMED,REVIEW_ML_01,2026-11-08T16:29:00+09:00,SYNTHETIC_HUMAN_SCENARIO
LK_EV_XP_APP0342_01_BUILD_M1_SKILL_03,EV_XP_APP0342_01_BUILD_M1_SKILL_03,,HUMAN,M1_SKILL_03,CONFIRMED,REVIEW_ML_01,2026-11-09T17:24:00+09:00,SYNTHETIC_HUMAN_SCENARIO
LK_EV_XP_APP0342_01_VALIDATE_M1_SKILL_03,EV_XP_APP0342_01_VALIDATE_M1_SKILL_03,,HUMAN,M1_SKILL_03,CONFIRMED,REVIEW_ML_01,2026-11-09T17:24:00+09:00,SYNTHETIC_HUMAN_SCENARIO
LK_EV_XP_APP0342_02_PROBLEM_M1_SKILL_01,EV_XP_APP0342_02_PROBLEM_M1_SKILL_01,,HUMAN,M1_SKILL_01,CONFIRMED,REVIEW_ML_01,2026-11-09T17:24:00+09:00,SYNTHETIC_HUMAN_SCENARIO
LK_EV_XP_APP0342_02_VALIDATE_M1_SKILL_03,EV_XP_APP0342_02_VALIDATE_M1_SKILL_03,,HUMAN,M1_SKILL_03,CONFIRMED,REVIEW_ML_01,2026-11-09T17:24:00+09:00,SYNTHETIC_HUMAN_SCENARIO
LK_EV_XP_APP0338_01_VALIDATE_M1_SKILL_03,EV_XP_APP0338_01_VALIDATE_M1_SKILL_03,,HUMAN,M1_SKILL_03,CONFIRMED,REVIEW_ML_01,2026-11-08T17:08:00+09:00,SYNTHETIC_HUMAN_SCENARIO
LK_EV_XP_APP0338_02_PROBLEM_M1_SKILL_01,EV_XP_APP0338_02_PROBLEM_M1_SKILL_01,,HUMAN,M1_SKILL_01,CONFIRMED,REVIEW_ML_01,2026-11-08T17:08:00+09:00,SYNTHETIC_HUMAN_SCENARIO
LK_EV_XP_APP0237_01_BUILD_M1_SKILL_03,EV_XP_APP0237_01_BUILD_M1_SKILL_03,,HUMAN,M1_SKILL_03,CONFIRMED,REVIEW_ML_01,2026-11-10T14:14:00+09:00,SYNTHETIC_HUMAN_SCENARIO
LK_EV_XP_APP0237_01_VALIDATE_M1_SKILL_03,EV_XP_APP0237_01_VALIDATE_M1_SKILL_03,,HUMAN,M1_SKILL_03,CONFIRMED,REVIEW_ML_01,2026-11-10T14:14:00+09:00,SYNTHETIC_HUMAN_SCENARIO
LK_EV_XP_APP0237_02_PROBLEM_M1_SKILL_01,EV_XP_APP0237_02_PROBLEM_M1_SKILL_01,,HUMAN,M1_SKILL_01,CONFIRMED,REVIEW_ML_01,2026-11-10T14:14:00+09:00,SYNTHETIC_HUMAN_SCENARIO
LK_EV_XP_APP0330_01_BUILD_M1_SKILL_03,EV_XP_APP0330_01_BUILD_M1_SKILL_03,,HUMAN,M1_SKILL_03,CONFIRMED,REVIEW_ML_01,2026-11-10T16:49:00+09:00,SYNTHETIC_HUMAN_SCENARIO
LK_EV_XP_APP0330_01_VALIDATE_M1_SKILL_03,EV_XP_APP0330_01_VALIDATE_M1_SKILL_03,,HUMAN,M1_SKILL_03,CONFIRMED,REVIEW_ML_01,2026-11-10T16:49:00+09:00,SYNTHETIC_HUMAN_SCENARIO
LK_EV_XP_APP0330_02_PROBLEM_M1_SKILL_01,EV_XP_APP0330_02_PROBLEM_M1_SKILL_01,,HUMAN,M1_SKILL_01,CONFIRMED,REVIEW_ML_01,2026-11-10T16:49:00+09:00,SYNTHETIC_HUMAN_SCENARIO
LK_EV_XP_APP0254_01_BUILD_M1_SKILL_03,EV_XP_APP0254_01_BUILD_M1_SKILL_03,,HUMAN,M1_SKILL_03,CONFIRMED,REVIEW_ML_01,2026-11-09T13:17:00+09:00,SYNTHETIC_HUMAN_SCENARIO
LK_EV_XP_APP0300_01_PROBLEM_M1_SKILL_01,EV_XP_APP0300_01_PROBLEM_M1_SKILL_01,,HUMAN,M1_SKILL_01,CONFIRMED,REVIEW_ML_01,2026-11-16T14:41:00+09:00,SYNTHETIC_HUMAN_SCENARIO
LK_EV_XP_APP0300_02_BUILD_M1_SKILL_03,EV_XP_APP0300_02_BUILD_M1_SKILL_03,,HUMAN,M1_SKILL_03,CONFIRMED,REVIEW_ML_01,2026-11-16T14:41:00+09:00,SYNTHETIC_HUMAN_SCENARIO
LK_EV_XP_APP0300_02_VALIDATE_M1_SKILL_03,EV_XP_APP0300_02_VALIDATE_M1_SKILL_03,,HUMAN,M1_SKILL_03,CONFIRMED,REVIEW_ML_01,2026-11-16T14:41:00+09:00,SYNTHETIC_HUMAN_SCENARIO
LK_EV_XP_APP0310_01_VALIDATE_M1_SKILL_03,EV_XP_APP0310_01_VALIDATE_M1_SKILL_03,,HUMAN,M1_SKILL_03,CONFIRMED,REVIEW_ML_01,2026-11-10T16:52:00+09:00,SYNTHETIC_HUMAN_SCENARIO
LK_EV_XP_APP0279_01_PROBLEM_M1_SKILL_01,EV_XP_APP0279_01_PROBLEM_M1_SKILL_01,,HUMAN,M1_SKILL_01,CONFIRMED,REVIEW_ML_01,2026-11-08T11:04:00+09:00,SYNTHETIC_HUMAN_SCENARIO
LK_EV_XP_APP0327_01_VALIDATE_M1_SKILL_03,EV_XP_APP0327_01_VALIDATE_M1_SKILL_03,,HUMAN,M1_SKILL_03,CONFIRMED,REVIEW_ML_01,2026-11-10T11:19:00+09:00,SYNTHETIC_HUMAN_SCENARIO
LK_EV_XP_APP0327_02_PROBLEM_M1_SKILL_01,EV_XP_APP0327_02_PROBLEM_M1_SKILL_01,,HUMAN,M1_SKILL_01,CONFIRMED,REVIEW_ML_01,2026-11-10T11:19:00+09:00,SYNTHETIC_HUMAN_SCENARIO
LK_EV_XP_APP0319_01_VALIDATE_M1_SKILL_03,EV_XP_APP0319_01_VALIDATE_M1_SKILL_03,,HUMAN,M1_SKILL_03,CONFIRMED,REVIEW_ML_01,2026-11-14T12:49:00+09:00,SYNTHETIC_HUMAN_SCENARIO
LK_EV_XP_APP0318_01_PROBLEM_M1_SKILL_01,EV_XP_APP0318_01_PROBLEM_M1_SKILL_01,,HUMAN,M1_SKILL_01,CONFIRMED,REVIEW_ML_01,2026-11-11T14:11:00+09:00,SYNTHETIC_HUMAN_SCENARIO
LK_EV_XP_APP0318_02_BUILD_M1_SKILL_03,EV_XP_APP0318_02_BUILD_M1_SKILL_03,,HUMAN,M1_SKILL_03,CONFIRMED,REVIEW_ML_01,2026-11-11T14:11:00+09:00,SYNTHETIC_HUMAN_SCENARIO
LK_EV_XP_APP0322_01_PROBLEM_M1_SKILL_01,EV_XP_APP0322_01_PROBLEM_M1_SKILL_01,,HUMAN,M1_SKILL_01,CONFIRMED,REVIEW_ML_01,2026-11-11T14:57:00+09:00,SYNTHETIC_HUMAN_SCENARIO
LK_EV_XP_APP0322_01_VALIDATE_M1_SKILL_03,EV_XP_APP0322_01_VALIDATE_M1_SKILL_03,,HUMAN,M1_SKILL_03,CONFIRMED,REVIEW_ML_01,2026-11-11T14:57:00+09:00,SYNTHETIC_HUMAN_SCENARIO
LK_EV_XP_APP0289_01_BUILD_M1_SKILL_03,EV_XP_APP0289_01_BUILD_M1_SKILL_03,,HUMAN,M1_SKILL_03,CONFIRMED,REVIEW_ML_01,2026-11-09T14:31:00+09:00,SYNTHETIC_HUMAN_SCENARIO
LK_EV_XP_APP0289_01_PROBLEM_M1_SKILL_01,EV_XP_APP0289_01_PROBLEM_M1_SKILL_01,,HUMAN,M1_SKILL_01,CONFIRMED,REVIEW_ML_01,2026-11-09T14:31:00+09:00,SYNTHETIC_HUMAN_SCENARIO
LK_EV_XP_APP0289_01_VALIDATE_M1_SKILL_03,EV_XP_APP0289_01_VALIDATE_M1_SKILL_03,,HUMAN,M1_SKILL_03,CONFIRMED,REVIEW_ML_01,2026-11-09T14:31:00+09:00,SYNTHETIC_HUMAN_SCENARIO
LK_EV_XP_APP0289_02_BUILD_M1_SKILL_03,EV_XP_APP0289_02_BUILD_M1_SKILL_03,,HUMAN,M1_SKILL_03,CONFIRMED,REVIEW_ML_01,2026-11-09T14:31:00+09:00,SYNTHETIC_HUMAN_SCENARIO
LK_EV_XP_APP0331_01_PROBLEM_M1_SKILL_01,EV_XP_APP0331_01_PROBLEM_M1_SKILL_01,,HUMAN,M1_SKILL_01,CONFIRMED,REVIEW_ML_01,2026-11-10T16:00:00+09:00,SYNTHETIC_HUMAN_SCENARIO
LK_EV_XP_APP0331_02_BUILD_M1_SKILL_03,EV_XP_APP0331_02_BUILD_M1_SKILL_03,,HUMAN,M1_SKILL_03,CONFIRMED,REVIEW_ML_01,2026-11-10T16:00:00+09:00,SYNTHETIC_HUMAN_SCENARIO
LK_EV_XP_APP0331_02_PROBLEM_M1_SKILL_01,EV_XP_APP0331_02_PROBLEM_M1_SKILL_01,,HUMAN,M1_SKILL_01,CONFIRMED,REVIEW_ML_01,2026-11-10T16:00:00+09:00,SYNTHETIC_HUMAN_SCENARIO
LK_EV_XP_APP0331_02_VALIDATE_M1_SKILL_03,EV_XP_APP0331_02_VALIDATE_M1_SKILL_03,,HUMAN,M1_SKILL_03,CONFIRMED,REVIEW_ML_01,2026-11-10T16:00:00+09:00,SYNTHETIC_HUMAN_SCENARIO
LK_EV_XP_APP0309_01_BUILD_M1_SKILL_03,EV_XP_APP0309_01_BUILD_M1_SKILL_03,,HUMAN,M1_SKILL_03,CONFIRMED,REVIEW_ML_01,2026-11-15T13:04:00+09:00,SYNTHETIC_HUMAN_SCENARIO
LK_EV_XP_APP0309_01_PROBLEM_M1_SKILL_01,EV_XP_APP0309_01_PROBLEM_M1_SKILL_01,,HUMAN,M1_SKILL_01,CONFIRMED,REVIEW_ML_01,2026-11-15T13:04:00+09:00,SYNTHETIC_HUMAN_SCENARIO
LK_EV_XP_APP0326_01_PROBLEM_M1_SKILL_01,EV_XP_APP0326_01_PROBLEM_M1_SKILL_01,,HUMAN,M1_SKILL_01,CONFIRMED,REVIEW_ML_01,2026-11-12T11:26:00+09:00,SYNTHETIC_HUMAN_SCENARIO
LK_EV_XP_APP0326_02_BUILD_M1_SKILL_03,EV_XP_APP0326_02_BUILD_M1_SKILL_03,,HUMAN,M1_SKILL_03,CONFIRMED,REVIEW_ML_01,2026-11-12T11:26:00+09:00,SYNTHETIC_HUMAN_SCENARIO
LK_EV_XP_APP0326_02_PROBLEM_M1_SKILL_01,EV_XP_APP0326_02_PROBLEM_M1_SKILL_01,,HUMAN,M1_SKILL_01,CONFIRMED,REVIEW_ML_01,2026-11-12T11:26:00+09:00,SYNTHETIC_HUMAN_SCENARIO
LK_EV_XP_APP0313_01_BUILD_M1_SKILL_03,EV_XP_APP0313_01_BUILD_M1_SKILL_03,,HUMAN,M1_SKILL_03,CONFIRMED,REVIEW_ML_01,2026-11-18T14:06:00+09:00,SYNTHETIC_HUMAN_SCENARIO
LK_EV_XP_APP0313_01_PROBLEM_M1_SKILL_01,EV_XP_APP0313_01_PROBLEM_M1_SKILL_01,,HUMAN,M1_SKILL_01,CONFIRMED,REVIEW_ML_01,2026-11-18T14:06:00+09:00,SYNTHETIC_HUMAN_SCENARIO
LK_EV_XP_APP0313_01_VALIDATE_M1_SKILL_03,EV_XP_APP0313_01_VALIDATE_M1_SKILL_03,,HUMAN,M1_SKILL_03,CONFIRMED,REVIEW_ML_01,2026-11-18T14:06:00+09:00,SYNTHETIC_HUMAN_SCENARIO
LK_EV_XP_APP0334_02_BUILD_M1_SKILL_03,EV_XP_APP0334_02_BUILD_M1_SKILL_03,,HUMAN,M1_SKILL_03,CONFIRMED,REVIEW_ML_01,2026-11-21T12:09:00+09:00,SYNTHETIC_HUMAN_SCENARIO
LK_EV_XP_APP0336_01_PROBLEM_M1_SKILL_01,EV_XP_APP0336_01_PROBLEM_M1_SKILL_01,,HUMAN,M1_SKILL_01,CONFIRMED,REVIEW_ML_01,2026-11-13T15:01:00+09:00,SYNTHETIC_HUMAN_SCENARIO
LK_EV_XP_APP0336_02_BUILD_M1_SKILL_03,EV_XP_APP0336_02_BUILD_M1_SKILL_03,,HUMAN,M1_SKILL_03,CONFIRMED,REVIEW_ML_01,2026-11-13T15:01:00+09:00,SYNTHETIC_HUMAN_SCENARIO
LK_EV_XP_APP0336_02_PROBLEM_M1_SKILL_01,EV_XP_APP0336_02_PROBLEM_M1_SKILL_01,,HUMAN,M1_SKILL_01,CONFIRMED,REVIEW_ML_01,2026-11-13T15:01:00+09:00,SYNTHETIC_HUMAN_SCENARIO
LK_EV_XP_APP0336_02_VALIDATE_M1_SKILL_03,EV_XP_APP0336_02_VALIDATE_M1_SKILL_03,,HUMAN,M1_SKILL_03,CONFIRMED,REVIEW_ML_01,2026-11-13T15:01:00+09:00,SYNTHETIC_HUMAN_SCENARIO
LK_EV_APP0068_PRE_ASSESSMENT_CODING_TEST_M1_SKILL_03,EV_APP0068_PRE_ASSESSMENT_CODING_TEST_M1_SKILL_03,,HUMAN,M1_SKILL_03,CONFIRMED,REVIEW_ML_01,2026-11-12T13:28:00+09:00,SYNTHETIC_HUMAN_SCENARIO
LK_EV_APP0143_PRE_ASSESSMENT_CODING_TEST_M1_SKILL_03,EV_APP0143_PRE_ASSESSMENT_CODING_TEST_M1_SKILL_03,,HUMAN,M1_SKILL_03,CONFIRMED,REVIEW_ML_01,2026-11-11T14:35:00+09:00,SYNTHETIC_HUMAN_SCENARIO
LK_EV_APP0064_PRE_ASSESSMENT_CODING_TEST_M1_SKILL_03,EV_APP0064_PRE_ASSESSMENT_CODING_TEST_M1_SKILL_03,,HUMAN,M1_SKILL_03,CONFIRMED,REVIEW_ML_01,2026-11-08T15:05:00+09:00,SYNTHETIC_HUMAN_SCENARIO
LK_EV_APP0128_PRE_ASSESSMENT_CODING_TEST_M1_SKILL_03,EV_APP0128_PRE_ASSESSMENT_CODING_TEST_M1_SKILL_03,,HUMAN,M1_SKILL_03,CONFIRMED,REVIEW_ML_01,2026-11-09T11:32:00+09:00,SYNTHETIC_HUMAN_SCENARIO
LK_EV_APP0031_PRE_ASSESSMENT_CODING_TEST_M1_SKILL_03,EV_APP0031_PRE_ASSESSMENT_CODING_TEST_M1_SKILL_03,,HUMAN,M1_SKILL_03,CONFIRMED,REVIEW_ML_01,2026-11-08T18:16:00+09:00,SYNTHETIC_HUMAN_SCENARIO
LK_EV_APP0056_PRE_ASSESSMENT_CODING_TEST_M1_SKILL_03,EV_APP0056_PRE_ASSESSMENT_CODING_TEST_M1_SKILL_03,,HUMAN,M1_SKILL_03,CONFIRMED,REVIEW_ML_01,2026-11-16T12:42:00+09:00,SYNTHETIC_HUMAN_SCENARIO
LK_EV_APP0030_PRE_ASSESSMENT_CODING_TEST_M1_SKILL_03,EV_APP0030_PRE_ASSESSMENT_CODING_TEST_M1_SKILL_03,,HUMAN,M1_SKILL_03,CONFIRMED,REVIEW_ML_01,2026-11-08T14:25:00+09:00,SYNTHETIC_HUMAN_SCENARIO
LK_EV_APP0153_PRE_ASSESSMENT_CODING_TEST_M1_SKILL_03,EV_APP0153_PRE_ASSESSMENT_CODING_TEST_M1_SKILL_03,,HUMAN,M1_SKILL_03,CONFIRMED,REVIEW_ML_01,2026-11-11T18:56:00+09:00,SYNTHETIC_HUMAN_SCENARIO
LK_EV_APP0076_PRE_ASSESSMENT_CODING_TEST_M1_SKILL_03,EV_APP0076_PRE_ASSESSMENT_CODING_TEST_M1_SKILL_03,,HUMAN,M1_SKILL_03,CONFIRMED,REVIEW_ML_01,2026-11-12T12:01:00+09:00,SYNTHETIC_HUMAN_SCENARIO
LK_EV_APP0150_PRE_ASSESSMENT_CODING_TEST_M1_SKILL_03,EV_APP0150_PRE_ASSESSMENT_CODING_TEST_M1_SKILL_03,,HUMAN,M1_SKILL_03,CONFIRMED,REVIEW_ML_01,2026-11-08T14:43:00+09:00,SYNTHETIC_HUMAN_SCENARIO
LK_EV_APP0101_PRE_ASSESSMENT_CODING_TEST_M1_SKILL_03,EV_APP0101_PRE_ASSESSMENT_CODING_TEST_M1_SKILL_03,,HUMAN,M1_SKILL_03,CONFIRMED,REVIEW_ML_01,2026-11-14T17:49:00+09:00,SYNTHETIC_HUMAN_SCENARIO
LK_EV_APP0141_PRE_ASSESSMENT_CODING_TEST_M1_SKILL_03,EV_APP0141_PRE_ASSESSMENT_CODING_TEST_M1_SKILL_03,,HUMAN,M1_SKILL_03,CONFIRMED,REVIEW_ML_01,2026-11-12T17:55:00+09:00,SYNTHETIC_HUMAN_SCENARIO
LK_EV_APP0061_PRE_ASSESSMENT_CODING_TEST_M1_SKILL_03,EV_APP0061_PRE_ASSESSMENT_CODING_TEST_M1_SKILL_03,,HUMAN,M1_SKILL_03,CONFIRMED,REVIEW_ML_01,2026-11-14T11:58:00+09:00,SYNTHETIC_HUMAN_SCENARIO
LK_EV_APP0193_PRE_ASSESSMENT_CODING_TEST_M1_SKILL_03,EV_APP0193_PRE_ASSESSMENT_CODING_TEST_M1_SKILL_03,,HUMAN,M1_SKILL_03,CONFIRMED,REVIEW_ML_01,2026-11-14T15:29:00+09:00,SYNTHETIC_HUMAN_SCENARIO
LK_EV_APP0005_PRE_ASSESSMENT_CODING_TEST_M1_SKILL_03,EV_APP0005_PRE_ASSESSMENT_CODING_TEST_M1_SKILL_03,,HUMAN,M1_SKILL_03,CONFIRMED,REVIEW_ML_01,2026-11-17T16:32:00+09:00,SYNTHETIC_HUMAN_SCENARIO
LK_EV_APP0039_PRE_ASSESSMENT_CODING_TEST_M1_SKILL_03,EV_APP0039_PRE_ASSESSMENT_CODING_TEST_M1_SKILL_03,,HUMAN,M1_SKILL_03,CONFIRMED,REVIEW_ML_01,2026-11-12T17:29:00+09:00,SYNTHETIC_HUMAN_SCENARIO
LK_EV_APP0228_PRE_ASSESSMENT_CODING_TEST_M1_SKILL_03,EV_APP0228_PRE_ASSESSMENT_CODING_TEST_M1_SKILL_03,,HUMAN,M1_SKILL_03,CONFIRMED,REVIEW_ML_01,2026-11-10T17:54:00+09:00,SYNTHETIC_HUMAN_SCENARIO
LK_EV_APP0137_PRE_ASSESSMENT_CODING_TEST_M1_SKILL_03,EV_APP0137_PRE_ASSESSMENT_CODING_TEST_M1_SKILL_03,,HUMAN,M1_SKILL_03,CONFIRMED,REVIEW_ML_01,2026-11-10T18:50:00+09:00,SYNTHETIC_HUMAN_SCENARIO
LK_EV_APP0189_PRE_ASSESSMENT_CODING_TEST_M1_SKILL_03,EV_APP0189_PRE_ASSESSMENT_CODING_TEST_M1_SKILL_03,,HUMAN,M1_SKILL_03,CONFIRMED,REVIEW_ML_01,2026-11-22T16:03:00+09:00,SYNTHETIC_HUMAN_SCENARIO
LK_EV_APP0257_PRE_ASSESSMENT_CODING_TEST_M1_SKILL_03,EV_APP0257_PRE_ASSESSMENT_CODING_TEST_M1_SKILL_03,,HUMAN,M1_SKILL_03,CONFIRMED,REVIEW_ML_01,2026-11-21T11:31:00+09:00,SYNTHETIC_HUMAN_SCENARIO
LK_EV_APP0082_PRE_ASSESSMENT_CODING_TEST_M1_SKILL_03,EV_APP0082_PRE_ASSESSMENT_CODING_TEST_M1_SKILL_03,,HUMAN,M1_SKILL_03,CONFIRMED,REVIEW_ML_01,2026-11-17T17:36:00+09:00,SYNTHETIC_HUMAN_SCENARIO
LK_EV_APP0200_PRE_ASSESSMENT_CODING_TEST_M1_SKILL_03,EV_APP0200_PRE_ASSESSMENT_CODING_TEST_M1_SKILL_03,,HUMAN,M1_SKILL_03,CONFIRMED,REVIEW_ML_01,2026-11-15T11:24:00+09:00,SYNTHETIC_HUMAN_SCENARIO
LK_EV_APP0223_PRE_ASSESSMENT_CODING_TEST_M1_SKILL_03,EV_APP0223_PRE_ASSESSMENT_CODING_TEST_M1_SKILL_03,,HUMAN,M1_SKILL_03,CONFIRMED,REVIEW_ML_01,2026-11-19T12:26:00+09:00,SYNTHETIC_HUMAN_SCENARIO
LK_EV_APP0240_PRE_ASSESSMENT_CODING_TEST_M1_SKILL_03,EV_APP0240_PRE_ASSESSMENT_CODING_TEST_M1_SKILL_03,,HUMAN,M1_SKILL_03,CONFIRMED,REVIEW_ML_01,2026-11-22T15:08:00+09:00,SYNTHETIC_HUMAN_SCENARIO
LK_EV_APP0181_PRE_ASSESSMENT_CODING_TEST_M1_SKILL_03,EV_APP0181_PRE_ASSESSMENT_CODING_TEST_M1_SKILL_03,,HUMAN,M1_SKILL_03,CONFIRMED,REVIEW_ML_01,2026-11-20T15:40:00+09:00,SYNTHETIC_HUMAN_SCENARIO
LK_EV_APP0206_PRE_ASSESSMENT_CODING_TEST_M1_SKILL_03,EV_APP0206_PRE_ASSESSMENT_CODING_TEST_M1_SKILL_03,,HUMAN,M1_SKILL_03,CONFIRMED,REVIEW_ML_01,2026-11-24T17:42:00+09:00,SYNTHETIC_HUMAN_SCENARIO
LK_EV_APP0325_PRE_ASSESSMENT_CODING_TEST_M1_SKILL_03,EV_APP0325_PRE_ASSESSMENT_CODING_TEST_M1_SKILL_03,,HUMAN,M1_SKILL_03,CONFIRMED,REVIEW_ML_01,2026-11-25T12:03:00+09:00,SYNTHETIC_HUMAN_SCENARIO
LK_EV_APP0218_PRE_ASSESSMENT_CODING_TEST_M1_SKILL_03,EV_APP0218_PRE_ASSESSMENT_CODING_TEST_M1_SKILL_03,,HUMAN,M1_SKILL_03,CONFIRMED,REVIEW_ML_01,2026-11-24T18:34:00+09:00,SYNTHETIC_HUMAN_SCENARIO
LK_EV_APP0342_PRE_ASSESSMENT_CODING_TEST_M1_SKILL_03,EV_APP0342_PRE_ASSESSMENT_CODING_TEST_M1_SKILL_03,,HUMAN,M1_SKILL_03,CONFIRMED,REVIEW_ML_01,2026-11-20T18:59:00+09:00,SYNTHETIC_HUMAN_SCENARIO
LK_EV_APP0285_PRE_ASSESSMENT_CODING_TEST_M1_SKILL_03,EV_APP0285_PRE_ASSESSMENT_CODING_TEST_M1_SKILL_03,,HUMAN,M1_SKILL_03,CONFIRMED,REVIEW_ML_01,2026-11-29T11:38:00+09:00,SYNTHETIC_HUMAN_SCENARIO
LK_EV_APP0238_PRE_ASSESSMENT_CODING_TEST_M1_SKILL_03,EV_APP0238_PRE_ASSESSMENT_CODING_TEST_M1_SKILL_03,,HUMAN,M1_SKILL_03,CONFIRMED,REVIEW_ML_01,2026-11-25T16:40:00+09:00,SYNTHETIC_HUMAN_SCENARIO
LK_EV_APP0268_PRE_ASSESSMENT_CODING_TEST_M1_SKILL_03,EV_APP0268_PRE_ASSESSMENT_CODING_TEST_M1_SKILL_03,,HUMAN,M1_SKILL_03,CONFIRMED,REVIEW_ML_01,2026-11-22T17:42:00+09:00,SYNTHETIC_HUMAN_SCENARIO
LK_EV_APP0297_PRE_ASSESSMENT_CODING_TEST_M1_SKILL_03,EV_APP0297_PRE_ASSESSMENT_CODING_TEST_M1_SKILL_03,,HUMAN,M1_SKILL_03,CONFIRMED,REVIEW_ML_01,2026-11-25T15:56:00+09:00,SYNTHETIC_HUMAN_SCENARIO
LK_EV_APP0270_PRE_ASSESSMENT_CODING_TEST_M1_SKILL_03,EV_APP0270_PRE_ASSESSMENT_CODING_TEST_M1_SKILL_03,,HUMAN,M1_SKILL_03,CONFIRMED,REVIEW_ML_01,2026-11-27T14:08:00+09:00,SYNTHETIC_HUMAN_SCENARIO
LK_EV_APP0237_PRE_ASSESSMENT_CODING_TEST_M1_SKILL_03,EV_APP0237_PRE_ASSESSMENT_CODING_TEST_M1_SKILL_03,,HUMAN,M1_SKILL_03,CONFIRMED,REVIEW_ML_01,2026-11-30T15:44:00+09:00,SYNTHETIC_HUMAN_SCENARIO
LK_EV_APP0309_PRE_ASSESSMENT_CODING_TEST_M1_SKILL_03,EV_APP0309_PRE_ASSESSMENT_CODING_TEST_M1_SKILL_03,,HUMAN,M1_SKILL_03,CONFIRMED,REVIEW_ML_01,2026-11-29T14:59:00+09:00,SYNTHETIC_HUMAN_SCENARIO
LK_EV_APP0005_FIRST_INTERVIEW_TECHNICAL_ASSESSMENT_M1_SKILL_01,EV_APP0005_FIRST_INTERVIEW_TECHNICAL_ASSESSMENT_M1_SKILL_01,,HUMAN,M1_SKILL_01,CONFIRMED,REVIEW_ML_01,2026-12-10T10:00:00+09:00,SYNTHETIC_HUMAN_SCENARIO
LK_EV_APP0005_FIRST_INTERVIEW_TECHNICAL_ASSESSMENT_M1_SKILL_02,EV_APP0005_FIRST_INTERVIEW_TECHNICAL_ASSESSMENT_M1_SKILL_02,,HUMAN,M1_SKILL_02,CONFIRMED,REVIEW_ML_01,2026-12-10T10:00:00+09:00,SYNTHETIC_HUMAN_SCENARIO
LK_EV_APP0005_FIRST_INTERVIEW_TECHNICAL_ASSESSMENT_M1_SKILL_07,EV_APP0005_FIRST_INTERVIEW_TECHNICAL_ASSESSMENT_M1_SKILL_07,,HUMAN,M1_SKILL_07,CONFIRMED,REVIEW_ML_01,2026-12-10T10:00:00+09:00,SYNTHETIC_HUMAN_SCENARIO
LK_EV_APP0005_FIRST_INTERVIEW_AI_CASE_M1_SKILL_01,EV_APP0005_FIRST_INTERVIEW_AI_CASE_M1_SKILL_01,,HUMAN,M1_SKILL_01,CONFIRMED,REVIEW_ML_01,2026-12-10T10:00:00+09:00,SYNTHETIC_HUMAN_SCENARIO
LK_EV_APP0005_FIRST_INTERVIEW_AI_CASE_M1_SKILL_03,EV_APP0005_FIRST_INTERVIEW_AI_CASE_M1_SKILL_03,,HUMAN,M1_SKILL_03,CONFIRMED,REVIEW_ML_01,2026-12-10T10:00:00+09:00,SYNTHETIC_HUMAN_SCENARIO
LK_EV_APP0005_FIRST_INTERVIEW_PRACTITIONER_QA_M1_SKILL_04,EV_APP0005_FIRST_INTERVIEW_PRACTITIONER_QA_M1_SKILL_04,,HUMAN,M1_SKILL_04,CONFIRMED,REVIEW_ML_01,2026-12-10T10:00:00+09:00,SYNTHETIC_HUMAN_SCENARIO
LK_EV_APP0005_FIRST_INTERVIEW_PRACTITIONER_QA_M1_SKILL_05,EV_APP0005_FIRST_INTERVIEW_PRACTITIONER_QA_M1_SKILL_05,,HUMAN,M1_SKILL_05,CONFIRMED,REVIEW_ML_01,2026-12-10T10:00:00+09:00,SYNTHETIC_HUMAN_SCENARIO
LK_EV_APP0005_FIRST_INTERVIEW_PRACTITIONER_QA_M1_SKILL_06,EV_APP0005_FIRST_INTERVIEW_PRACTITIONER_QA_M1_SKILL_06,,HUMAN,M1_SKILL_06,CONFIRMED,REVIEW_ML_01,2026-12-10T10:00:00+09:00,SYNTHETIC_HUMAN_SCENARIO
LK_EV_APP0005_FIRST_INTERVIEW_PRACTITIONER_QA_M1_SKILL_08,EV_APP0005_FIRST_INTERVIEW_PRACTITIONER_QA_M1_SKILL_08,,HUMAN,M1_SKILL_08,CONFIRMED,REVIEW_ML_01,2026-12-10T10:00:00+09:00,SYNTHETIC_HUMAN_SCENARIO
LK_EV_APP0031_FIRST_INTERVIEW_TECHNICAL_ASSESSMENT_M1_SKILL_01,EV_APP0031_FIRST_INTERVIEW_TECHNICAL_ASSESSMENT_M1_SKILL_01,,HUMAN,M1_SKILL_01,CONFIRMED,REVIEW_ML_01,2026-12-10T10:00:00+09:00,SYNTHETIC_HUMAN_SCENARIO
LK_EV_APP0031_FIRST_INTERVIEW_TECHNICAL_ASSESSMENT_M1_SKILL_02,EV_APP0031_FIRST_INTERVIEW_TECHNICAL_ASSESSMENT_M1_SKILL_02,,HUMAN,M1_SKILL_02,CONFIRMED,REVIEW_ML_01,2026-12-10T10:00:00+09:00,SYNTHETIC_HUMAN_SCENARIO
LK_EV_APP0031_FIRST_INTERVIEW_TECHNICAL_ASSESSMENT_M1_SKILL_07,EV_APP0031_FIRST_INTERVIEW_TECHNICAL_ASSESSMENT_M1_SKILL_07,,HUMAN,M1_SKILL_07,CONFIRMED,REVIEW_ML_01,2026-12-10T10:00:00+09:00,SYNTHETIC_HUMAN_SCENARIO
LK_EV_APP0031_FIRST_INTERVIEW_AI_CASE_M1_SKILL_01,EV_APP0031_FIRST_INTERVIEW_AI_CASE_M1_SKILL_01,,HUMAN,M1_SKILL_01,CONFIRMED,REVIEW_ML_01,2026-12-10T10:00:00+09:00,SYNTHETIC_HUMAN_SCENARIO
LK_EV_APP0031_FIRST_INTERVIEW_AI_CASE_M1_SKILL_03,EV_APP0031_FIRST_INTERVIEW_AI_CASE_M1_SKILL_03,,HUMAN,M1_SKILL_03,CONFIRMED,REVIEW_ML_01,2026-12-10T10:00:00+09:00,SYNTHETIC_HUMAN_SCENARIO
LK_EV_APP0031_FIRST_INTERVIEW_PRACTITIONER_QA_M1_SKILL_04,EV_APP0031_FIRST_INTERVIEW_PRACTITIONER_QA_M1_SKILL_04,,HUMAN,M1_SKILL_04,CONFIRMED,REVIEW_ML_01,2026-12-10T10:00:00+09:00,SYNTHETIC_HUMAN_SCENARIO
LK_EV_APP0031_FIRST_INTERVIEW_PRACTITIONER_QA_M1_SKILL_05,EV_APP0031_FIRST_INTERVIEW_PRACTITIONER_QA_M1_SKILL_05,,HUMAN,M1_SKILL_05,CONFIRMED,REVIEW_ML_01,2026-12-10T10:00:00+09:00,SYNTHETIC_HUMAN_SCENARIO
LK_EV_APP0031_FIRST_INTERVIEW_PRACTITIONER_QA_M1_SKILL_06,EV_APP0031_FIRST_INTERVIEW_PRACTITIONER_QA_M1_SKILL_06,,HUMAN,M1_SKILL_06,CONFIRMED,REVIEW_ML_01,2026-12-10T10:00:00+09:00,SYNTHETIC_HUMAN_SCENARIO
LK_EV_APP0031_FIRST_INTERVIEW_PRACTITIONER_QA_M1_SKILL_08,EV_APP0031_FIRST_INTERVIEW_PRACTITIONER_QA_M1_SKILL_08,,HUMAN,M1_SKILL_08,CONFIRMED,REVIEW_ML_01,2026-12-10T10:00:00+09:00,SYNTHETIC_HUMAN_SCENARIO
LK_EV_APP0039_FIRST_INTERVIEW_TECHNICAL_ASSESSMENT_M1_SKILL_01,EV_APP0039_FIRST_INTERVIEW_TECHNICAL_ASSESSMENT_M1_SKILL_01,,HUMAN,M1_SKILL_01,CONFIRMED,REVIEW_ML_01,2026-12-10T10:00:00+09:00,SYNTHETIC_HUMAN_SCENARIO
LK_EV_APP0039_FIRST_INTERVIEW_TECHNICAL_ASSESSMENT_M1_SKILL_02,EV_APP0039_FIRST_INTERVIEW_TECHNICAL_ASSESSMENT_M1_SKILL_02,,HUMAN,M1_SKILL_02,CONFIRMED,REVIEW_ML_01,2026-12-10T10:00:00+09:00,SYNTHETIC_HUMAN_SCENARIO
LK_EV_APP0039_FIRST_INTERVIEW_TECHNICAL_ASSESSMENT_M1_SKILL_07,EV_APP0039_FIRST_INTERVIEW_TECHNICAL_ASSESSMENT_M1_SKILL_07,,HUMAN,M1_SKILL_07,CONFIRMED,REVIEW_ML_01,2026-12-10T10:00:00+09:00,SYNTHETIC_HUMAN_SCENARIO
LK_EV_APP0039_FIRST_INTERVIEW_AI_CASE_M1_SKILL_01,EV_APP0039_FIRST_INTERVIEW_AI_CASE_M1_SKILL_01,,HUMAN,M1_SKILL_01,CONFIRMED,REVIEW_ML_01,2026-12-10T10:00:00+09:00,SYNTHETIC_HUMAN_SCENARIO
LK_EV_APP0039_FIRST_INTERVIEW_AI_CASE_M1_SKILL_03,EV_APP0039_FIRST_INTERVIEW_AI_CASE_M1_SKILL_03,,HUMAN,M1_SKILL_03,CONFIRMED,REVIEW_ML_01,2026-12-10T10:00:00+09:00,SYNTHETIC_HUMAN_SCENARIO
LK_EV_APP0039_FIRST_INTERVIEW_PRACTITIONER_QA_M1_SKILL_04,EV_APP0039_FIRST_INTERVIEW_PRACTITIONER_QA_M1_SKILL_04,,HUMAN,M1_SKILL_04,CONFIRMED,REVIEW_ML_01,2026-12-10T10:00:00+09:00,SYNTHETIC_HUMAN_SCENARIO
LK_EV_APP0039_FIRST_INTERVIEW_PRACTITIONER_QA_M1_SKILL_05,EV_APP0039_FIRST_INTERVIEW_PRACTITIONER_QA_M1_SKILL_05,,HUMAN,M1_SKILL_05,CONFIRMED,REVIEW_ML_01,2026-12-10T10:00:00+09:00,SYNTHETIC_HUMAN_SCENARIO
LK_EV_APP0039_FIRST_INTERVIEW_PRACTITIONER_QA_M1_SKILL_06,EV_APP0039_FIRST_INTERVIEW_PRACTITIONER_QA_M1_SKILL_06,,HUMAN,M1_SKILL_06,CONFIRMED,REVIEW_ML_01,2026-12-10T10:00:00+09:00,SYNTHETIC_HUMAN_SCENARIO
LK_EV_APP0039_FIRST_INTERVIEW_PRACTITIONER_QA_M1_SKILL_08,EV_APP0039_FIRST_INTERVIEW_PRACTITIONER_QA_M1_SKILL_08,,HUMAN,M1_SKILL_08,CONFIRMED,REVIEW_ML_01,2026-12-10T10:00:00+09:00,SYNTHETIC_HUMAN_SCENARIO
LK_EV_APP0056_FIRST_INTERVIEW_TECHNICAL_ASSESSMENT_M1_SKILL_01,EV_APP0056_FIRST_INTERVIEW_TECHNICAL_ASSESSMENT_M1_SKILL_01,,HUMAN,M1_SKILL_01,CONFIRMED,REVIEW_ML_01,2026-12-10T10:00:00+09:00,SYNTHETIC_HUMAN_SCENARIO
LK_EV_APP0056_FIRST_INTERVIEW_TECHNICAL_ASSESSMENT_M1_SKILL_02,EV_APP0056_FIRST_INTERVIEW_TECHNICAL_ASSESSMENT_M1_SKILL_02,,HUMAN,M1_SKILL_02,CONFIRMED,REVIEW_ML_01,2026-12-10T10:00:00+09:00,SYNTHETIC_HUMAN_SCENARIO
LK_EV_APP0056_FIRST_INTERVIEW_TECHNICAL_ASSESSMENT_M1_SKILL_07,EV_APP0056_FIRST_INTERVIEW_TECHNICAL_ASSESSMENT_M1_SKILL_07,,HUMAN,M1_SKILL_07,CONFIRMED,REVIEW_ML_01,2026-12-10T10:00:00+09:00,SYNTHETIC_HUMAN_SCENARIO
LK_EV_APP0056_FIRST_INTERVIEW_AI_CASE_M1_SKILL_01,EV_APP0056_FIRST_INTERVIEW_AI_CASE_M1_SKILL_01,,HUMAN,M1_SKILL_01,CONFIRMED,REVIEW_ML_01,2026-12-10T10:00:00+09:00,SYNTHETIC_HUMAN_SCENARIO
LK_EV_APP0056_FIRST_INTERVIEW_AI_CASE_M1_SKILL_03,EV_APP0056_FIRST_INTERVIEW_AI_CASE_M1_SKILL_03,,HUMAN,M1_SKILL_03,CONFIRMED,REVIEW_ML_01,2026-12-10T10:00:00+09:00,SYNTHETIC_HUMAN_SCENARIO
LK_EV_APP0056_FIRST_INTERVIEW_PRACTITIONER_QA_M1_SKILL_04,EV_APP0056_FIRST_INTERVIEW_PRACTITIONER_QA_M1_SKILL_04,,HUMAN,M1_SKILL_04,CONFIRMED,REVIEW_ML_01,2026-12-10T10:00:00+09:00,SYNTHETIC_HUMAN_SCENARIO
LK_EV_APP0056_FIRST_INTERVIEW_PRACTITIONER_QA_M1_SKILL_05,EV_APP0056_FIRST_INTERVIEW_PRACTITIONER_QA_M1_SKILL_05,,HUMAN,M1_SKILL_05,CONFIRMED,REVIEW_ML_01,2026-12-10T10:00:00+09:00,SYNTHETIC_HUMAN_SCENARIO
LK_EV_APP0056_FIRST_INTERVIEW_PRACTITIONER_QA_M1_SKILL_06,EV_APP0056_FIRST_INTERVIEW_PRACTITIONER_QA_M1_SKILL_06,,HUMAN,M1_SKILL_06,CONFIRMED,REVIEW_ML_01,2026-12-10T10:00:00+09:00,SYNTHETIC_HUMAN_SCENARIO
LK_EV_APP0056_FIRST_INTERVIEW_PRACTITIONER_QA_M1_SKILL_08,EV_APP0056_FIRST_INTERVIEW_PRACTITIONER_QA_M1_SKILL_08,,HUMAN,M1_SKILL_08,CONFIRMED,REVIEW_ML_01,2026-12-10T10:00:00+09:00,SYNTHETIC_HUMAN_SCENARIO
LK_EV_APP0061_FIRST_INTERVIEW_TECHNICAL_ASSESSMENT_M1_SKILL_01,EV_APP0061_FIRST_INTERVIEW_TECHNICAL_ASSESSMENT_M1_SKILL_01,,HUMAN,M1_SKILL_01,CONFIRMED,REVIEW_ML_01,2026-12-10T10:00:00+09:00,SYNTHETIC_HUMAN_SCENARIO
LK_EV_APP0061_FIRST_INTERVIEW_TECHNICAL_ASSESSMENT_M1_SKILL_02,EV_APP0061_FIRST_INTERVIEW_TECHNICAL_ASSESSMENT_M1_SKILL_02,,HUMAN,M1_SKILL_02,CONFIRMED,REVIEW_ML_01,2026-12-10T10:00:00+09:00,SYNTHETIC_HUMAN_SCENARIO
LK_EV_APP0061_FIRST_INTERVIEW_TECHNICAL_ASSESSMENT_M1_SKILL_07,EV_APP0061_FIRST_INTERVIEW_TECHNICAL_ASSESSMENT_M1_SKILL_07,,HUMAN,M1_SKILL_07,CONFIRMED,REVIEW_ML_01,2026-12-10T10:00:00+09:00,SYNTHETIC_HUMAN_SCENARIO
LK_EV_APP0061_FIRST_INTERVIEW_AI_CASE_M1_SKILL_01,EV_APP0061_FIRST_INTERVIEW_AI_CASE_M1_SKILL_01,,HUMAN,M1_SKILL_01,CONFIRMED,REVIEW_ML_01,2026-12-10T10:00:00+09:00,SYNTHETIC_HUMAN_SCENARIO
LK_EV_APP0061_FIRST_INTERVIEW_AI_CASE_M1_SKILL_03,EV_APP0061_FIRST_INTERVIEW_AI_CASE_M1_SKILL_03,,HUMAN,M1_SKILL_03,CONFIRMED,REVIEW_ML_01,2026-12-10T10:00:00+09:00,SYNTHETIC_HUMAN_SCENARIO
LK_EV_APP0061_FIRST_INTERVIEW_PRACTITIONER_QA_M1_SKILL_04,EV_APP0061_FIRST_INTERVIEW_PRACTITIONER_QA_M1_SKILL_04,,HUMAN,M1_SKILL_04,CONFIRMED,REVIEW_ML_01,2026-12-10T10:00:00+09:00,SYNTHETIC_HUMAN_SCENARIO
LK_EV_APP0061_FIRST_INTERVIEW_PRACTITIONER_QA_M1_SKILL_05,EV_APP0061_FIRST_INTERVIEW_PRACTITIONER_QA_M1_SKILL_05,,HUMAN,M1_SKILL_05,CONFIRMED,REVIEW_ML_01,2026-12-10T10:00:00+09:00,SYNTHETIC_HUMAN_SCENARIO
LK_EV_APP0061_FIRST_INTERVIEW_PRACTITIONER_QA_M1_SKILL_06,EV_APP0061_FIRST_INTERVIEW_PRACTITIONER_QA_M1_SKILL_06,,HUMAN,M1_SKILL_06,CONFIRMED,REVIEW_ML_01,2026-12-10T10:00:00+09:00,SYNTHETIC_HUMAN_SCENARIO
LK_EV_APP0061_FIRST_INTERVIEW_PRACTITIONER_QA_M1_SKILL_08,EV_APP0061_FIRST_INTERVIEW_PRACTITIONER_QA_M1_SKILL_08,,HUMAN,M1_SKILL_08,CONFIRMED,REVIEW_ML_01,2026-12-10T10:00:00+09:00,SYNTHETIC_HUMAN_SCENARIO
LK_EV_APP0064_FIRST_INTERVIEW_TECHNICAL_ASSESSMENT_M1_SKILL_01,EV_APP0064_FIRST_INTERVIEW_TECHNICAL_ASSESSMENT_M1_SKILL_01,,HUMAN,M1_SKILL_01,CONFIRMED,REVIEW_ML_01,2026-12-10T10:00:00+09:00,SYNTHETIC_HUMAN_SCENARIO
LK_EV_APP0064_FIRST_INTERVIEW_TECHNICAL_ASSESSMENT_M1_SKILL_02,EV_APP0064_FIRST_INTERVIEW_TECHNICAL_ASSESSMENT_M1_SKILL_02,,HUMAN,M1_SKILL_02,CONFIRMED,REVIEW_ML_01,2026-12-10T10:00:00+09:00,SYNTHETIC_HUMAN_SCENARIO
LK_EV_APP0064_FIRST_INTERVIEW_TECHNICAL_ASSESSMENT_M1_SKILL_07,EV_APP0064_FIRST_INTERVIEW_TECHNICAL_ASSESSMENT_M1_SKILL_07,,HUMAN,M1_SKILL_07,CONFIRMED,REVIEW_ML_01,2026-12-10T10:00:00+09:00,SYNTHETIC_HUMAN_SCENARIO
LK_EV_APP0064_FIRST_INTERVIEW_AI_CASE_M1_SKILL_01,EV_APP0064_FIRST_INTERVIEW_AI_CASE_M1_SKILL_01,,HUMAN,M1_SKILL_01,CONFIRMED,REVIEW_ML_01,2026-12-10T10:00:00+09:00,SYNTHETIC_HUMAN_SCENARIO
LK_EV_APP0064_FIRST_INTERVIEW_AI_CASE_M1_SKILL_03,EV_APP0064_FIRST_INTERVIEW_AI_CASE_M1_SKILL_03,,HUMAN,M1_SKILL_03,CONFIRMED,REVIEW_ML_01,2026-12-10T10:00:00+09:00,SYNTHETIC_HUMAN_SCENARIO
LK_EV_APP0064_FIRST_INTERVIEW_PRACTITIONER_QA_M1_SKILL_04,EV_APP0064_FIRST_INTERVIEW_PRACTITIONER_QA_M1_SKILL_04,,HUMAN,M1_SKILL_04,CONFIRMED,REVIEW_ML_01,2026-12-10T10:00:00+09:00,SYNTHETIC_HUMAN_SCENARIO
LK_EV_APP0064_FIRST_INTERVIEW_PRACTITIONER_QA_M1_SKILL_05,EV_APP0064_FIRST_INTERVIEW_PRACTITIONER_QA_M1_SKILL_05,,HUMAN,M1_SKILL_05,CONFIRMED,REVIEW_ML_01,2026-12-10T10:00:00+09:00,SYNTHETIC_HUMAN_SCENARIO
LK_EV_APP0064_FIRST_INTERVIEW_PRACTITIONER_QA_M1_SKILL_06,EV_APP0064_FIRST_INTERVIEW_PRACTITIONER_QA_M1_SKILL_06,,HUMAN,M1_SKILL_06,CONFIRMED,REVIEW_ML_01,2026-12-10T10:00:00+09:00,SYNTHETIC_HUMAN_SCENARIO
LK_EV_APP0064_FIRST_INTERVIEW_PRACTITIONER_QA_M1_SKILL_08,EV_APP0064_FIRST_INTERVIEW_PRACTITIONER_QA_M1_SKILL_08,,HUMAN,M1_SKILL_08,CONFIRMED,REVIEW_ML_01,2026-12-10T10:00:00+09:00,SYNTHETIC_HUMAN_SCENARIO
LK_EV_APP0068_FIRST_INTERVIEW_TECHNICAL_ASSESSMENT_M1_SKILL_01,EV_APP0068_FIRST_INTERVIEW_TECHNICAL_ASSESSMENT_M1_SKILL_01,,HUMAN,M1_SKILL_01,CONFIRMED,REVIEW_ML_01,2026-12-10T10:00:00+09:00,SYNTHETIC_HUMAN_SCENARIO
LK_EV_APP0068_FIRST_INTERVIEW_TECHNICAL_ASSESSMENT_M1_SKILL_02,EV_APP0068_FIRST_INTERVIEW_TECHNICAL_ASSESSMENT_M1_SKILL_02,,HUMAN,M1_SKILL_02,CONFIRMED,REVIEW_ML_01,2026-12-10T10:00:00+09:00,SYNTHETIC_HUMAN_SCENARIO
LK_EV_APP0068_FIRST_INTERVIEW_TECHNICAL_ASSESSMENT_M1_SKILL_07,EV_APP0068_FIRST_INTERVIEW_TECHNICAL_ASSESSMENT_M1_SKILL_07,,HUMAN,M1_SKILL_07,CONFIRMED,REVIEW_ML_01,2026-12-10T10:00:00+09:00,SYNTHETIC_HUMAN_SCENARIO
LK_EV_APP0068_FIRST_INTERVIEW_AI_CASE_M1_SKILL_01,EV_APP0068_FIRST_INTERVIEW_AI_CASE_M1_SKILL_01,,HUMAN,M1_SKILL_01,CONFIRMED,REVIEW_ML_01,2026-12-10T10:00:00+09:00,SYNTHETIC_HUMAN_SCENARIO
LK_EV_APP0068_FIRST_INTERVIEW_AI_CASE_M1_SKILL_03,EV_APP0068_FIRST_INTERVIEW_AI_CASE_M1_SKILL_03,,HUMAN,M1_SKILL_03,CONFIRMED,REVIEW_ML_01,2026-12-10T10:00:00+09:00,SYNTHETIC_HUMAN_SCENARIO
LK_EV_APP0068_FIRST_INTERVIEW_PRACTITIONER_QA_M1_SKILL_04,EV_APP0068_FIRST_INTERVIEW_PRACTITIONER_QA_M1_SKILL_04,,HUMAN,M1_SKILL_04,CONFIRMED,REVIEW_ML_01,2026-12-10T10:00:00+09:00,SYNTHETIC_HUMAN_SCENARIO
LK_EV_APP0068_FIRST_INTERVIEW_PRACTITIONER_QA_M1_SKILL_05,EV_APP0068_FIRST_INTERVIEW_PRACTITIONER_QA_M1_SKILL_05,,HUMAN,M1_SKILL_05,CONFIRMED,REVIEW_ML_01,2026-12-10T10:00:00+09:00,SYNTHETIC_HUMAN_SCENARIO
LK_EV_APP0068_FIRST_INTERVIEW_PRACTITIONER_QA_M1_SKILL_06,EV_APP0068_FIRST_INTERVIEW_PRACTITIONER_QA_M1_SKILL_06,,HUMAN,M1_SKILL_06,CONFIRMED,REVIEW_ML_01,2026-12-10T10:00:00+09:00,SYNTHETIC_HUMAN_SCENARIO
LK_EV_APP0068_FIRST_INTERVIEW_PRACTITIONER_QA_M1_SKILL_08,EV_APP0068_FIRST_INTERVIEW_PRACTITIONER_QA_M1_SKILL_08,,HUMAN,M1_SKILL_08,CONFIRMED,REVIEW_ML_01,2026-12-10T10:00:00+09:00,SYNTHETIC_HUMAN_SCENARIO
LK_EV_APP0076_FIRST_INTERVIEW_TECHNICAL_ASSESSMENT_M1_SKILL_01,EV_APP0076_FIRST_INTERVIEW_TECHNICAL_ASSESSMENT_M1_SKILL_01,,HUMAN,M1_SKILL_01,CONFIRMED,REVIEW_ML_01,2026-12-10T10:00:00+09:00,SYNTHETIC_HUMAN_SCENARIO
LK_EV_APP0076_FIRST_INTERVIEW_TECHNICAL_ASSESSMENT_M1_SKILL_02,EV_APP0076_FIRST_INTERVIEW_TECHNICAL_ASSESSMENT_M1_SKILL_02,,HUMAN,M1_SKILL_02,CONFIRMED,REVIEW_ML_01,2026-12-10T10:00:00+09:00,SYNTHETIC_HUMAN_SCENARIO
LK_EV_APP0076_FIRST_INTERVIEW_TECHNICAL_ASSESSMENT_M1_SKILL_07,EV_APP0076_FIRST_INTERVIEW_TECHNICAL_ASSESSMENT_M1_SKILL_07,,HUMAN,M1_SKILL_07,CONFIRMED,REVIEW_ML_01,2026-12-10T10:00:00+09:00,SYNTHETIC_HUMAN_SCENARIO
LK_EV_APP0076_FIRST_INTERVIEW_AI_CASE_M1_SKILL_01,EV_APP0076_FIRST_INTERVIEW_AI_CASE_M1_SKILL_01,,HUMAN,M1_SKILL_01,CONFIRMED,REVIEW_ML_01,2026-12-10T10:00:00+09:00,SYNTHETIC_HUMAN_SCENARIO
LK_EV_APP0076_FIRST_INTERVIEW_AI_CASE_M1_SKILL_03,EV_APP0076_FIRST_INTERVIEW_AI_CASE_M1_SKILL_03,,HUMAN,M1_SKILL_03,CONFIRMED,REVIEW_ML_01,2026-12-10T10:00:00+09:00,SYNTHETIC_HUMAN_SCENARIO
LK_EV_APP0076_FIRST_INTERVIEW_PRACTITIONER_QA_M1_SKILL_04,EV_APP0076_FIRST_INTERVIEW_PRACTITIONER_QA_M1_SKILL_04,,HUMAN,M1_SKILL_04,CONFIRMED,REVIEW_ML_01,2026-12-10T10:00:00+09:00,SYNTHETIC_HUMAN_SCENARIO
LK_EV_APP0076_FIRST_INTERVIEW_PRACTITIONER_QA_M1_SKILL_05,EV_APP0076_FIRST_INTERVIEW_PRACTITIONER_QA_M1_SKILL_05,,HUMAN,M1_SKILL_05,CONFIRMED,REVIEW_ML_01,2026-12-10T10:00:00+09:00,SYNTHETIC_HUMAN_SCENARIO
LK_EV_APP0076_FIRST_INTERVIEW_PRACTITIONER_QA_M1_SKILL_06,EV_APP0076_FIRST_INTERVIEW_PRACTITIONER_QA_M1_SKILL_06,,HUMAN,M1_SKILL_06,CONFIRMED,REVIEW_ML_01,2026-12-10T10:00:00+09:00,SYNTHETIC_HUMAN_SCENARIO
LK_EV_APP0076_FIRST_INTERVIEW_PRACTITIONER_QA_M1_SKILL_08,EV_APP0076_FIRST_INTERVIEW_PRACTITIONER_QA_M1_SKILL_08,,HUMAN,M1_SKILL_08,CONFIRMED,REVIEW_ML_01,2026-12-10T10:00:00+09:00,SYNTHETIC_HUMAN_SCENARIO
LK_EV_APP0082_FIRST_INTERVIEW_TECHNICAL_ASSESSMENT_M1_SKILL_01,EV_APP0082_FIRST_INTERVIEW_TECHNICAL_ASSESSMENT_M1_SKILL_01,,HUMAN,M1_SKILL_01,CONFIRMED,REVIEW_ML_01,2026-12-10T10:00:00+09:00,SYNTHETIC_HUMAN_SCENARIO
LK_EV_APP0082_FIRST_INTERVIEW_TECHNICAL_ASSESSMENT_M1_SKILL_02,EV_APP0082_FIRST_INTERVIEW_TECHNICAL_ASSESSMENT_M1_SKILL_02,,HUMAN,M1_SKILL_02,CONFIRMED,REVIEW_ML_01,2026-12-10T10:00:00+09:00,SYNTHETIC_HUMAN_SCENARIO
LK_EV_APP0082_FIRST_INTERVIEW_TECHNICAL_ASSESSMENT_M1_SKILL_07,EV_APP0082_FIRST_INTERVIEW_TECHNICAL_ASSESSMENT_M1_SKILL_07,,HUMAN,M1_SKILL_07,CONFIRMED,REVIEW_ML_01,2026-12-10T10:00:00+09:00,SYNTHETIC_HUMAN_SCENARIO
LK_EV_APP0082_FIRST_INTERVIEW_AI_CASE_M1_SKILL_01,EV_APP0082_FIRST_INTERVIEW_AI_CASE_M1_SKILL_01,,HUMAN,M1_SKILL_01,CONFIRMED,REVIEW_ML_01,2026-12-10T10:00:00+09:00,SYNTHETIC_HUMAN_SCENARIO
LK_EV_APP0082_FIRST_INTERVIEW_AI_CASE_M1_SKILL_03,EV_APP0082_FIRST_INTERVIEW_AI_CASE_M1_SKILL_03,,HUMAN,M1_SKILL_03,CONFIRMED,REVIEW_ML_01,2026-12-10T10:00:00+09:00,SYNTHETIC_HUMAN_SCENARIO
LK_EV_APP0082_FIRST_INTERVIEW_PRACTITIONER_QA_M1_SKILL_04,EV_APP0082_FIRST_INTERVIEW_PRACTITIONER_QA_M1_SKILL_04,,HUMAN,M1_SKILL_04,CONFIRMED,REVIEW_ML_01,2026-12-10T10:00:00+09:00,SYNTHETIC_HUMAN_SCENARIO
LK_EV_APP0082_FIRST_INTERVIEW_PRACTITIONER_QA_M1_SKILL_05,EV_APP0082_FIRST_INTERVIEW_PRACTITIONER_QA_M1_SKILL_05,,HUMAN,M1_SKILL_05,CONFIRMED,REVIEW_ML_01,2026-12-10T10:00:00+09:00,SYNTHETIC_HUMAN_SCENARIO
LK_EV_APP0082_FIRST_INTERVIEW_PRACTITIONER_QA_M1_SKILL_06,EV_APP0082_FIRST_INTERVIEW_PRACTITIONER_QA_M1_SKILL_06,,HUMAN,M1_SKILL_06,CONFIRMED,REVIEW_ML_01,2026-12-10T10:00:00+09:00,SYNTHETIC_HUMAN_SCENARIO
LK_EV_APP0082_FIRST_INTERVIEW_PRACTITIONER_QA_M1_SKILL_08,EV_APP0082_FIRST_INTERVIEW_PRACTITIONER_QA_M1_SKILL_08,,HUMAN,M1_SKILL_08,CONFIRMED,REVIEW_ML_01,2026-12-10T10:00:00+09:00,SYNTHETIC_HUMAN_SCENARIO
LK_EV_APP0101_FIRST_INTERVIEW_TECHNICAL_ASSESSMENT_M1_SKILL_01,EV_APP0101_FIRST_INTERVIEW_TECHNICAL_ASSESSMENT_M1_SKILL_01,,HUMAN,M1_SKILL_01,CONFIRMED,REVIEW_ML_01,2026-12-10T10:00:00+09:00,SYNTHETIC_HUMAN_SCENARIO
LK_EV_APP0101_FIRST_INTERVIEW_TECHNICAL_ASSESSMENT_M1_SKILL_02,EV_APP0101_FIRST_INTERVIEW_TECHNICAL_ASSESSMENT_M1_SKILL_02,,HUMAN,M1_SKILL_02,CONFIRMED,REVIEW_ML_01,2026-12-10T10:00:00+09:00,SYNTHETIC_HUMAN_SCENARIO
LK_EV_APP0101_FIRST_INTERVIEW_TECHNICAL_ASSESSMENT_M1_SKILL_07,EV_APP0101_FIRST_INTERVIEW_TECHNICAL_ASSESSMENT_M1_SKILL_07,,HUMAN,M1_SKILL_07,CONFIRMED,REVIEW_ML_01,2026-12-10T10:00:00+09:00,SYNTHETIC_HUMAN_SCENARIO
LK_EV_APP0101_FIRST_INTERVIEW_AI_CASE_M1_SKILL_01,EV_APP0101_FIRST_INTERVIEW_AI_CASE_M1_SKILL_01,,HUMAN,M1_SKILL_01,CONFIRMED,REVIEW_ML_01,2026-12-10T10:00:00+09:00,SYNTHETIC_HUMAN_SCENARIO
LK_EV_APP0101_FIRST_INTERVIEW_AI_CASE_M1_SKILL_03,EV_APP0101_FIRST_INTERVIEW_AI_CASE_M1_SKILL_03,,HUMAN,M1_SKILL_03,CONFIRMED,REVIEW_ML_01,2026-12-10T10:00:00+09:00,SYNTHETIC_HUMAN_SCENARIO
LK_EV_APP0101_FIRST_INTERVIEW_PRACTITIONER_QA_M1_SKILL_04,EV_APP0101_FIRST_INTERVIEW_PRACTITIONER_QA_M1_SKILL_04,,HUMAN,M1_SKILL_04,CONFIRMED,REVIEW_ML_01,2026-12-10T10:00:00+09:00,SYNTHETIC_HUMAN_SCENARIO
LK_EV_APP0101_FIRST_INTERVIEW_PRACTITIONER_QA_M1_SKILL_05,EV_APP0101_FIRST_INTERVIEW_PRACTITIONER_QA_M1_SKILL_05,,HUMAN,M1_SKILL_05,CONFIRMED,REVIEW_ML_01,2026-12-10T10:00:00+09:00,SYNTHETIC_HUMAN_SCENARIO
LK_EV_APP0101_FIRST_INTERVIEW_PRACTITIONER_QA_M1_SKILL_06,EV_APP0101_FIRST_INTERVIEW_PRACTITIONER_QA_M1_SKILL_06,,HUMAN,M1_SKILL_06,CONFIRMED,REVIEW_ML_01,2026-12-10T10:00:00+09:00,SYNTHETIC_HUMAN_SCENARIO
LK_EV_APP0101_FIRST_INTERVIEW_PRACTITIONER_QA_M1_SKILL_08,EV_APP0101_FIRST_INTERVIEW_PRACTITIONER_QA_M1_SKILL_08,,HUMAN,M1_SKILL_08,CONFIRMED,REVIEW_ML_01,2026-12-10T10:00:00+09:00,SYNTHETIC_HUMAN_SCENARIO
LK_EV_APP0128_FIRST_INTERVIEW_TECHNICAL_ASSESSMENT_M1_SKILL_01,EV_APP0128_FIRST_INTERVIEW_TECHNICAL_ASSESSMENT_M1_SKILL_01,,HUMAN,M1_SKILL_01,CONFIRMED,REVIEW_ML_01,2026-12-14T10:00:00+09:00,SYNTHETIC_HUMAN_SCENARIO
LK_EV_APP0128_FIRST_INTERVIEW_TECHNICAL_ASSESSMENT_M1_SKILL_02,EV_APP0128_FIRST_INTERVIEW_TECHNICAL_ASSESSMENT_M1_SKILL_02,,HUMAN,M1_SKILL_02,CONFIRMED,REVIEW_ML_01,2026-12-14T10:00:00+09:00,SYNTHETIC_HUMAN_SCENARIO
LK_EV_APP0128_FIRST_INTERVIEW_TECHNICAL_ASSESSMENT_M1_SKILL_07,EV_APP0128_FIRST_INTERVIEW_TECHNICAL_ASSESSMENT_M1_SKILL_07,,HUMAN,M1_SKILL_07,CONFIRMED,REVIEW_ML_01,2026-12-14T10:00:00+09:00,SYNTHETIC_HUMAN_SCENARIO
LK_EV_APP0128_FIRST_INTERVIEW_AI_CASE_M1_SKILL_01,EV_APP0128_FIRST_INTERVIEW_AI_CASE_M1_SKILL_01,,HUMAN,M1_SKILL_01,CONFIRMED,REVIEW_ML_01,2026-12-14T10:00:00+09:00,SYNTHETIC_HUMAN_SCENARIO
LK_EV_APP0128_FIRST_INTERVIEW_AI_CASE_M1_SKILL_03,EV_APP0128_FIRST_INTERVIEW_AI_CASE_M1_SKILL_03,,HUMAN,M1_SKILL_03,CONFIRMED,REVIEW_ML_01,2026-12-14T10:00:00+09:00,SYNTHETIC_HUMAN_SCENARIO
LK_EV_APP0128_FIRST_INTERVIEW_PRACTITIONER_QA_M1_SKILL_04,EV_APP0128_FIRST_INTERVIEW_PRACTITIONER_QA_M1_SKILL_04,,HUMAN,M1_SKILL_04,CONFIRMED,REVIEW_ML_01,2026-12-14T10:00:00+09:00,SYNTHETIC_HUMAN_SCENARIO
LK_EV_APP0128_FIRST_INTERVIEW_PRACTITIONER_QA_M1_SKILL_05,EV_APP0128_FIRST_INTERVIEW_PRACTITIONER_QA_M1_SKILL_05,,HUMAN,M1_SKILL_05,CONFIRMED,REVIEW_ML_01,2026-12-14T10:00:00+09:00,SYNTHETIC_HUMAN_SCENARIO
LK_EV_APP0128_FIRST_INTERVIEW_PRACTITIONER_QA_M1_SKILL_06,EV_APP0128_FIRST_INTERVIEW_PRACTITIONER_QA_M1_SKILL_06,,HUMAN,M1_SKILL_06,CONFIRMED,REVIEW_ML_01,2026-12-14T10:00:00+09:00,SYNTHETIC_HUMAN_SCENARIO
LK_EV_APP0128_FIRST_INTERVIEW_PRACTITIONER_QA_M1_SKILL_08,EV_APP0128_FIRST_INTERVIEW_PRACTITIONER_QA_M1_SKILL_08,,HUMAN,M1_SKILL_08,CONFIRMED,REVIEW_ML_01,2026-12-14T10:00:00+09:00,SYNTHETIC_HUMAN_SCENARIO
LK_EV_APP0141_FIRST_INTERVIEW_TECHNICAL_ASSESSMENT_M1_SKILL_01,EV_APP0141_FIRST_INTERVIEW_TECHNICAL_ASSESSMENT_M1_SKILL_01,,HUMAN,M1_SKILL_01,CONFIRMED,REVIEW_ML_01,2026-12-14T10:00:00+09:00,SYNTHETIC_HUMAN_SCENARIO
LK_EV_APP0141_FIRST_INTERVIEW_TECHNICAL_ASSESSMENT_M1_SKILL_02,EV_APP0141_FIRST_INTERVIEW_TECHNICAL_ASSESSMENT_M1_SKILL_02,,HUMAN,M1_SKILL_02,CONFIRMED,REVIEW_ML_01,2026-12-14T10:00:00+09:00,SYNTHETIC_HUMAN_SCENARIO
LK_EV_APP0141_FIRST_INTERVIEW_TECHNICAL_ASSESSMENT_M1_SKILL_07,EV_APP0141_FIRST_INTERVIEW_TECHNICAL_ASSESSMENT_M1_SKILL_07,,HUMAN,M1_SKILL_07,CONFIRMED,REVIEW_ML_01,2026-12-14T10:00:00+09:00,SYNTHETIC_HUMAN_SCENARIO
LK_EV_APP0141_FIRST_INTERVIEW_AI_CASE_M1_SKILL_01,EV_APP0141_FIRST_INTERVIEW_AI_CASE_M1_SKILL_01,,HUMAN,M1_SKILL_01,CONFIRMED,REVIEW_ML_01,2026-12-14T10:00:00+09:00,SYNTHETIC_HUMAN_SCENARIO
LK_EV_APP0141_FIRST_INTERVIEW_AI_CASE_M1_SKILL_03,EV_APP0141_FIRST_INTERVIEW_AI_CASE_M1_SKILL_03,,HUMAN,M1_SKILL_03,CONFIRMED,REVIEW_ML_01,2026-12-14T10:00:00+09:00,SYNTHETIC_HUMAN_SCENARIO
LK_EV_APP0141_FIRST_INTERVIEW_PRACTITIONER_QA_M1_SKILL_04,EV_APP0141_FIRST_INTERVIEW_PRACTITIONER_QA_M1_SKILL_04,,HUMAN,M1_SKILL_04,CONFIRMED,REVIEW_ML_01,2026-12-14T10:00:00+09:00,SYNTHETIC_HUMAN_SCENARIO
LK_EV_APP0141_FIRST_INTERVIEW_PRACTITIONER_QA_M1_SKILL_05,EV_APP0141_FIRST_INTERVIEW_PRACTITIONER_QA_M1_SKILL_05,,HUMAN,M1_SKILL_05,CONFIRMED,REVIEW_ML_01,2026-12-14T10:00:00+09:00,SYNTHETIC_HUMAN_SCENARIO
LK_EV_APP0141_FIRST_INTERVIEW_PRACTITIONER_QA_M1_SKILL_06,EV_APP0141_FIRST_INTERVIEW_PRACTITIONER_QA_M1_SKILL_06,,HUMAN,M1_SKILL_06,CONFIRMED,REVIEW_ML_01,2026-12-14T10:00:00+09:00,SYNTHETIC_HUMAN_SCENARIO
LK_EV_APP0141_FIRST_INTERVIEW_PRACTITIONER_QA_M1_SKILL_08,EV_APP0141_FIRST_INTERVIEW_PRACTITIONER_QA_M1_SKILL_08,,HUMAN,M1_SKILL_08,CONFIRMED,REVIEW_ML_01,2026-12-14T10:00:00+09:00,SYNTHETIC_HUMAN_SCENARIO
LK_EV_APP0143_FIRST_INTERVIEW_TECHNICAL_ASSESSMENT_M1_SKILL_01,EV_APP0143_FIRST_INTERVIEW_TECHNICAL_ASSESSMENT_M1_SKILL_01,,HUMAN,M1_SKILL_01,CONFIRMED,REVIEW_ML_01,2026-12-14T10:00:00+09:00,SYNTHETIC_HUMAN_SCENARIO
LK_EV_APP0143_FIRST_INTERVIEW_TECHNICAL_ASSESSMENT_M1_SKILL_02,EV_APP0143_FIRST_INTERVIEW_TECHNICAL_ASSESSMENT_M1_SKILL_02,,HUMAN,M1_SKILL_02,CONFIRMED,REVIEW_ML_01,2026-12-14T10:00:00+09:00,SYNTHETIC_HUMAN_SCENARIO
LK_EV_APP0143_FIRST_INTERVIEW_TECHNICAL_ASSESSMENT_M1_SKILL_07,EV_APP0143_FIRST_INTERVIEW_TECHNICAL_ASSESSMENT_M1_SKILL_07,,HUMAN,M1_SKILL_07,CONFIRMED,REVIEW_ML_01,2026-12-14T10:00:00+09:00,SYNTHETIC_HUMAN_SCENARIO
LK_EV_APP0143_FIRST_INTERVIEW_AI_CASE_M1_SKILL_01,EV_APP0143_FIRST_INTERVIEW_AI_CASE_M1_SKILL_01,,HUMAN,M1_SKILL_01,CONFIRMED,REVIEW_ML_01,2026-12-14T10:00:00+09:00,SYNTHETIC_HUMAN_SCENARIO
LK_EV_APP0143_FIRST_INTERVIEW_AI_CASE_M1_SKILL_03,EV_APP0143_FIRST_INTERVIEW_AI_CASE_M1_SKILL_03,,HUMAN,M1_SKILL_03,CONFIRMED,REVIEW_ML_01,2026-12-14T10:00:00+09:00,SYNTHETIC_HUMAN_SCENARIO
LK_EV_APP0143_FIRST_INTERVIEW_PRACTITIONER_QA_M1_SKILL_04,EV_APP0143_FIRST_INTERVIEW_PRACTITIONER_QA_M1_SKILL_04,,HUMAN,M1_SKILL_04,CONFIRMED,REVIEW_ML_01,2026-12-14T10:00:00+09:00,SYNTHETIC_HUMAN_SCENARIO
LK_EV_APP0143_FIRST_INTERVIEW_PRACTITIONER_QA_M1_SKILL_05,EV_APP0143_FIRST_INTERVIEW_PRACTITIONER_QA_M1_SKILL_05,,HUMAN,M1_SKILL_05,CONFIRMED,REVIEW_ML_01,2026-12-14T10:00:00+09:00,SYNTHETIC_HUMAN_SCENARIO
LK_EV_APP0143_FIRST_INTERVIEW_PRACTITIONER_QA_M1_SKILL_06,EV_APP0143_FIRST_INTERVIEW_PRACTITIONER_QA_M1_SKILL_06,,HUMAN,M1_SKILL_06,CONFIRMED,REVIEW_ML_01,2026-12-14T10:00:00+09:00,SYNTHETIC_HUMAN_SCENARIO
LK_EV_APP0143_FIRST_INTERVIEW_PRACTITIONER_QA_M1_SKILL_08,EV_APP0143_FIRST_INTERVIEW_PRACTITIONER_QA_M1_SKILL_08,,HUMAN,M1_SKILL_08,CONFIRMED,REVIEW_ML_01,2026-12-14T10:00:00+09:00,SYNTHETIC_HUMAN_SCENARIO
LK_EV_APP0150_FIRST_INTERVIEW_TECHNICAL_ASSESSMENT_M1_SKILL_01,EV_APP0150_FIRST_INTERVIEW_TECHNICAL_ASSESSMENT_M1_SKILL_01,,HUMAN,M1_SKILL_01,CONFIRMED,REVIEW_ML_01,2026-12-14T10:00:00+09:00,SYNTHETIC_HUMAN_SCENARIO
LK_EV_APP0150_FIRST_INTERVIEW_TECHNICAL_ASSESSMENT_M1_SKILL_02,EV_APP0150_FIRST_INTERVIEW_TECHNICAL_ASSESSMENT_M1_SKILL_02,,HUMAN,M1_SKILL_02,CONFIRMED,REVIEW_ML_01,2026-12-14T10:00:00+09:00,SYNTHETIC_HUMAN_SCENARIO
LK_EV_APP0150_FIRST_INTERVIEW_TECHNICAL_ASSESSMENT_M1_SKILL_07,EV_APP0150_FIRST_INTERVIEW_TECHNICAL_ASSESSMENT_M1_SKILL_07,,HUMAN,M1_SKILL_07,CONFIRMED,REVIEW_ML_01,2026-12-14T10:00:00+09:00,SYNTHETIC_HUMAN_SCENARIO
LK_EV_APP0150_FIRST_INTERVIEW_AI_CASE_M1_SKILL_01,EV_APP0150_FIRST_INTERVIEW_AI_CASE_M1_SKILL_01,,HUMAN,M1_SKILL_01,CONFIRMED,REVIEW_ML_01,2026-12-14T10:00:00+09:00,SYNTHETIC_HUMAN_SCENARIO
LK_EV_APP0150_FIRST_INTERVIEW_AI_CASE_M1_SKILL_03,EV_APP0150_FIRST_INTERVIEW_AI_CASE_M1_SKILL_03,,HUMAN,M1_SKILL_03,CONFIRMED,REVIEW_ML_01,2026-12-14T10:00:00+09:00,SYNTHETIC_HUMAN_SCENARIO
LK_EV_APP0150_FIRST_INTERVIEW_PRACTITIONER_QA_M1_SKILL_04,EV_APP0150_FIRST_INTERVIEW_PRACTITIONER_QA_M1_SKILL_04,,HUMAN,M1_SKILL_04,CONFIRMED,REVIEW_ML_01,2026-12-14T10:00:00+09:00,SYNTHETIC_HUMAN_SCENARIO
LK_EV_APP0150_FIRST_INTERVIEW_PRACTITIONER_QA_M1_SKILL_05,EV_APP0150_FIRST_INTERVIEW_PRACTITIONER_QA_M1_SKILL_05,,HUMAN,M1_SKILL_05,CONFIRMED,REVIEW_ML_01,2026-12-14T10:00:00+09:00,SYNTHETIC_HUMAN_SCENARIO
LK_EV_APP0150_FIRST_INTERVIEW_PRACTITIONER_QA_M1_SKILL_06,EV_APP0150_FIRST_INTERVIEW_PRACTITIONER_QA_M1_SKILL_06,,HUMAN,M1_SKILL_06,CONFIRMED,REVIEW_ML_01,2026-12-14T10:00:00+09:00,SYNTHETIC_HUMAN_SCENARIO
LK_EV_APP0150_FIRST_INTERVIEW_PRACTITIONER_QA_M1_SKILL_08,EV_APP0150_FIRST_INTERVIEW_PRACTITIONER_QA_M1_SKILL_08,,HUMAN,M1_SKILL_08,CONFIRMED,REVIEW_ML_01,2026-12-14T10:00:00+09:00,SYNTHETIC_HUMAN_SCENARIO
LK_EV_APP0153_FIRST_INTERVIEW_TECHNICAL_ASSESSMENT_M1_SKILL_01,EV_APP0153_FIRST_INTERVIEW_TECHNICAL_ASSESSMENT_M1_SKILL_01,,HUMAN,M1_SKILL_01,CONFIRMED,REVIEW_ML_01,2026-12-14T10:00:00+09:00,SYNTHETIC_HUMAN_SCENARIO
LK_EV_APP0153_FIRST_INTERVIEW_TECHNICAL_ASSESSMENT_M1_SKILL_02,EV_APP0153_FIRST_INTERVIEW_TECHNICAL_ASSESSMENT_M1_SKILL_02,,HUMAN,M1_SKILL_02,CONFIRMED,REVIEW_ML_01,2026-12-14T10:00:00+09:00,SYNTHETIC_HUMAN_SCENARIO
LK_EV_APP0153_FIRST_INTERVIEW_TECHNICAL_ASSESSMENT_M1_SKILL_07,EV_APP0153_FIRST_INTERVIEW_TECHNICAL_ASSESSMENT_M1_SKILL_07,,HUMAN,M1_SKILL_07,CONFIRMED,REVIEW_ML_01,2026-12-14T10:00:00+09:00,SYNTHETIC_HUMAN_SCENARIO
LK_EV_APP0153_FIRST_INTERVIEW_AI_CASE_M1_SKILL_01,EV_APP0153_FIRST_INTERVIEW_AI_CASE_M1_SKILL_01,,HUMAN,M1_SKILL_01,CONFIRMED,REVIEW_ML_01,2026-12-14T10:00:00+09:00,SYNTHETIC_HUMAN_SCENARIO
LK_EV_APP0153_FIRST_INTERVIEW_AI_CASE_M1_SKILL_03,EV_APP0153_FIRST_INTERVIEW_AI_CASE_M1_SKILL_03,,HUMAN,M1_SKILL_03,CONFIRMED,REVIEW_ML_01,2026-12-14T10:00:00+09:00,SYNTHETIC_HUMAN_SCENARIO
LK_EV_APP0153_FIRST_INTERVIEW_PRACTITIONER_QA_M1_SKILL_04,EV_APP0153_FIRST_INTERVIEW_PRACTITIONER_QA_M1_SKILL_04,,HUMAN,M1_SKILL_04,CONFIRMED,REVIEW_ML_01,2026-12-14T10:00:00+09:00,SYNTHETIC_HUMAN_SCENARIO
LK_EV_APP0153_FIRST_INTERVIEW_PRACTITIONER_QA_M1_SKILL_05,EV_APP0153_FIRST_INTERVIEW_PRACTITIONER_QA_M1_SKILL_05,,HUMAN,M1_SKILL_05,CONFIRMED,REVIEW_ML_01,2026-12-14T10:00:00+09:00,SYNTHETIC_HUMAN_SCENARIO
LK_EV_APP0153_FIRST_INTERVIEW_PRACTITIONER_QA_M1_SKILL_06,EV_APP0153_FIRST_INTERVIEW_PRACTITIONER_QA_M1_SKILL_06,,HUMAN,M1_SKILL_06,CONFIRMED,REVIEW_ML_01,2026-12-14T10:00:00+09:00,SYNTHETIC_HUMAN_SCENARIO
LK_EV_APP0153_FIRST_INTERVIEW_PRACTITIONER_QA_M1_SKILL_08,EV_APP0153_FIRST_INTERVIEW_PRACTITIONER_QA_M1_SKILL_08,,HUMAN,M1_SKILL_08,CONFIRMED,REVIEW_ML_01,2026-12-14T10:00:00+09:00,SYNTHETIC_HUMAN_SCENARIO
LK_EV_APP0181_FIRST_INTERVIEW_TECHNICAL_ASSESSMENT_M1_SKILL_01,EV_APP0181_FIRST_INTERVIEW_TECHNICAL_ASSESSMENT_M1_SKILL_01,,HUMAN,M1_SKILL_01,CONFIRMED,REVIEW_ML_01,2026-12-14T10:00:00+09:00,SYNTHETIC_HUMAN_SCENARIO
LK_EV_APP0181_FIRST_INTERVIEW_TECHNICAL_ASSESSMENT_M1_SKILL_02,EV_APP0181_FIRST_INTERVIEW_TECHNICAL_ASSESSMENT_M1_SKILL_02,,HUMAN,M1_SKILL_02,CONFIRMED,REVIEW_ML_01,2026-12-14T10:00:00+09:00,SYNTHETIC_HUMAN_SCENARIO
LK_EV_APP0181_FIRST_INTERVIEW_TECHNICAL_ASSESSMENT_M1_SKILL_07,EV_APP0181_FIRST_INTERVIEW_TECHNICAL_ASSESSMENT_M1_SKILL_07,,HUMAN,M1_SKILL_07,CONFIRMED,REVIEW_ML_01,2026-12-14T10:00:00+09:00,SYNTHETIC_HUMAN_SCENARIO
LK_EV_APP0181_FIRST_INTERVIEW_AI_CASE_M1_SKILL_01,EV_APP0181_FIRST_INTERVIEW_AI_CASE_M1_SKILL_01,,HUMAN,M1_SKILL_01,CONFIRMED,REVIEW_ML_01,2026-12-14T10:00:00+09:00,SYNTHETIC_HUMAN_SCENARIO
LK_EV_APP0181_FIRST_INTERVIEW_AI_CASE_M1_SKILL_03,EV_APP0181_FIRST_INTERVIEW_AI_CASE_M1_SKILL_03,,HUMAN,M1_SKILL_03,CONFIRMED,REVIEW_ML_01,2026-12-14T10:00:00+09:00,SYNTHETIC_HUMAN_SCENARIO
LK_EV_APP0181_FIRST_INTERVIEW_PRACTITIONER_QA_M1_SKILL_04,EV_APP0181_FIRST_INTERVIEW_PRACTITIONER_QA_M1_SKILL_04,,HUMAN,M1_SKILL_04,CONFIRMED,REVIEW_ML_01,2026-12-14T10:00:00+09:00,SYNTHETIC_HUMAN_SCENARIO
LK_EV_APP0181_FIRST_INTERVIEW_PRACTITIONER_QA_M1_SKILL_05,EV_APP0181_FIRST_INTERVIEW_PRACTITIONER_QA_M1_SKILL_05,,HUMAN,M1_SKILL_05,CONFIRMED,REVIEW_ML_01,2026-12-14T10:00:00+09:00,SYNTHETIC_HUMAN_SCENARIO
LK_EV_APP0181_FIRST_INTERVIEW_PRACTITIONER_QA_M1_SKILL_06,EV_APP0181_FIRST_INTERVIEW_PRACTITIONER_QA_M1_SKILL_06,,HUMAN,M1_SKILL_06,CONFIRMED,REVIEW_ML_01,2026-12-14T10:00:00+09:00,SYNTHETIC_HUMAN_SCENARIO
LK_EV_APP0181_FIRST_INTERVIEW_PRACTITIONER_QA_M1_SKILL_08,EV_APP0181_FIRST_INTERVIEW_PRACTITIONER_QA_M1_SKILL_08,,HUMAN,M1_SKILL_08,CONFIRMED,REVIEW_ML_01,2026-12-14T10:00:00+09:00,SYNTHETIC_HUMAN_SCENARIO
LK_EV_APP0189_FIRST_INTERVIEW_TECHNICAL_ASSESSMENT_M1_SKILL_01,EV_APP0189_FIRST_INTERVIEW_TECHNICAL_ASSESSMENT_M1_SKILL_01,,HUMAN,M1_SKILL_01,CONFIRMED,REVIEW_ML_01,2026-12-14T10:00:00+09:00,SYNTHETIC_HUMAN_SCENARIO
LK_EV_APP0189_FIRST_INTERVIEW_TECHNICAL_ASSESSMENT_M1_SKILL_02,EV_APP0189_FIRST_INTERVIEW_TECHNICAL_ASSESSMENT_M1_SKILL_02,,HUMAN,M1_SKILL_02,CONFIRMED,REVIEW_ML_01,2026-12-14T10:00:00+09:00,SYNTHETIC_HUMAN_SCENARIO
LK_EV_APP0189_FIRST_INTERVIEW_TECHNICAL_ASSESSMENT_M1_SKILL_07,EV_APP0189_FIRST_INTERVIEW_TECHNICAL_ASSESSMENT_M1_SKILL_07,,HUMAN,M1_SKILL_07,CONFIRMED,REVIEW_ML_01,2026-12-14T10:00:00+09:00,SYNTHETIC_HUMAN_SCENARIO
LK_EV_APP0189_FIRST_INTERVIEW_AI_CASE_M1_SKILL_01,EV_APP0189_FIRST_INTERVIEW_AI_CASE_M1_SKILL_01,,HUMAN,M1_SKILL_01,CONFIRMED,REVIEW_ML_01,2026-12-14T10:00:00+09:00,SYNTHETIC_HUMAN_SCENARIO
LK_EV_APP0189_FIRST_INTERVIEW_AI_CASE_M1_SKILL_03,EV_APP0189_FIRST_INTERVIEW_AI_CASE_M1_SKILL_03,,HUMAN,M1_SKILL_03,CONFIRMED,REVIEW_ML_01,2026-12-14T10:00:00+09:00,SYNTHETIC_HUMAN_SCENARIO
LK_EV_APP0189_FIRST_INTERVIEW_PRACTITIONER_QA_M1_SKILL_04,EV_APP0189_FIRST_INTERVIEW_PRACTITIONER_QA_M1_SKILL_04,,HUMAN,M1_SKILL_04,CONFIRMED,REVIEW_ML_01,2026-12-14T10:00:00+09:00,SYNTHETIC_HUMAN_SCENARIO
LK_EV_APP0189_FIRST_INTERVIEW_PRACTITIONER_QA_M1_SKILL_05,EV_APP0189_FIRST_INTERVIEW_PRACTITIONER_QA_M1_SKILL_05,,HUMAN,M1_SKILL_05,CONFIRMED,REVIEW_ML_01,2026-12-14T10:00:00+09:00,SYNTHETIC_HUMAN_SCENARIO
LK_EV_APP0189_FIRST_INTERVIEW_PRACTITIONER_QA_M1_SKILL_06,EV_APP0189_FIRST_INTERVIEW_PRACTITIONER_QA_M1_SKILL_06,,HUMAN,M1_SKILL_06,CONFIRMED,REVIEW_ML_01,2026-12-14T10:00:00+09:00,SYNTHETIC_HUMAN_SCENARIO
LK_EV_APP0189_FIRST_INTERVIEW_PRACTITIONER_QA_M1_SKILL_08,EV_APP0189_FIRST_INTERVIEW_PRACTITIONER_QA_M1_SKILL_08,,HUMAN,M1_SKILL_08,CONFIRMED,REVIEW_ML_01,2026-12-14T10:00:00+09:00,SYNTHETIC_HUMAN_SCENARIO
LK_EV_APP0193_FIRST_INTERVIEW_TECHNICAL_ASSESSMENT_M1_SKILL_01,EV_APP0193_FIRST_INTERVIEW_TECHNICAL_ASSESSMENT_M1_SKILL_01,,HUMAN,M1_SKILL_01,CONFIRMED,REVIEW_ML_01,2026-12-14T10:00:00+09:00,SYNTHETIC_HUMAN_SCENARIO
LK_EV_APP0193_FIRST_INTERVIEW_TECHNICAL_ASSESSMENT_M1_SKILL_02,EV_APP0193_FIRST_INTERVIEW_TECHNICAL_ASSESSMENT_M1_SKILL_02,,HUMAN,M1_SKILL_02,CONFIRMED,REVIEW_ML_01,2026-12-14T10:00:00+09:00,SYNTHETIC_HUMAN_SCENARIO
LK_EV_APP0193_FIRST_INTERVIEW_TECHNICAL_ASSESSMENT_M1_SKILL_07,EV_APP0193_FIRST_INTERVIEW_TECHNICAL_ASSESSMENT_M1_SKILL_07,,HUMAN,M1_SKILL_07,CONFIRMED,REVIEW_ML_01,2026-12-14T10:00:00+09:00,SYNTHETIC_HUMAN_SCENARIO
LK_EV_APP0193_FIRST_INTERVIEW_AI_CASE_M1_SKILL_01,EV_APP0193_FIRST_INTERVIEW_AI_CASE_M1_SKILL_01,,HUMAN,M1_SKILL_01,CONFIRMED,REVIEW_ML_01,2026-12-14T10:00:00+09:00,SYNTHETIC_HUMAN_SCENARIO
LK_EV_APP0193_FIRST_INTERVIEW_AI_CASE_M1_SKILL_03,EV_APP0193_FIRST_INTERVIEW_AI_CASE_M1_SKILL_03,,HUMAN,M1_SKILL_03,CONFIRMED,REVIEW_ML_01,2026-12-14T10:00:00+09:00,SYNTHETIC_HUMAN_SCENARIO
LK_EV_APP0193_FIRST_INTERVIEW_PRACTITIONER_QA_M1_SKILL_04,EV_APP0193_FIRST_INTERVIEW_PRACTITIONER_QA_M1_SKILL_04,,HUMAN,M1_SKILL_04,CONFIRMED,REVIEW_ML_01,2026-12-14T10:00:00+09:00,SYNTHETIC_HUMAN_SCENARIO
LK_EV_APP0193_FIRST_INTERVIEW_PRACTITIONER_QA_M1_SKILL_05,EV_APP0193_FIRST_INTERVIEW_PRACTITIONER_QA_M1_SKILL_05,,HUMAN,M1_SKILL_05,CONFIRMED,REVIEW_ML_01,2026-12-14T10:00:00+09:00,SYNTHETIC_HUMAN_SCENARIO
LK_EV_APP0193_FIRST_INTERVIEW_PRACTITIONER_QA_M1_SKILL_06,EV_APP0193_FIRST_INTERVIEW_PRACTITIONER_QA_M1_SKILL_06,,HUMAN,M1_SKILL_06,CONFIRMED,REVIEW_ML_01,2026-12-14T10:00:00+09:00,SYNTHETIC_HUMAN_SCENARIO
LK_EV_APP0193_FIRST_INTERVIEW_PRACTITIONER_QA_M1_SKILL_08,EV_APP0193_FIRST_INTERVIEW_PRACTITIONER_QA_M1_SKILL_08,,HUMAN,M1_SKILL_08,CONFIRMED,REVIEW_ML_01,2026-12-14T10:00:00+09:00,SYNTHETIC_HUMAN_SCENARIO
LK_EV_APP0223_FIRST_INTERVIEW_TECHNICAL_ASSESSMENT_M1_SKILL_01,EV_APP0223_FIRST_INTERVIEW_TECHNICAL_ASSESSMENT_M1_SKILL_01,,HUMAN,M1_SKILL_01,CONFIRMED,REVIEW_ML_01,2026-12-14T10:00:00+09:00,SYNTHETIC_HUMAN_SCENARIO
LK_EV_APP0223_FIRST_INTERVIEW_TECHNICAL_ASSESSMENT_M1_SKILL_02,EV_APP0223_FIRST_INTERVIEW_TECHNICAL_ASSESSMENT_M1_SKILL_02,,HUMAN,M1_SKILL_02,CONFIRMED,REVIEW_ML_01,2026-12-14T10:00:00+09:00,SYNTHETIC_HUMAN_SCENARIO
LK_EV_APP0223_FIRST_INTERVIEW_TECHNICAL_ASSESSMENT_M1_SKILL_07,EV_APP0223_FIRST_INTERVIEW_TECHNICAL_ASSESSMENT_M1_SKILL_07,,HUMAN,M1_SKILL_07,CONFIRMED,REVIEW_ML_01,2026-12-14T10:00:00+09:00,SYNTHETIC_HUMAN_SCENARIO
LK_EV_APP0223_FIRST_INTERVIEW_AI_CASE_M1_SKILL_01,EV_APP0223_FIRST_INTERVIEW_AI_CASE_M1_SKILL_01,,HUMAN,M1_SKILL_01,CONFIRMED,REVIEW_ML_01,2026-12-14T10:00:00+09:00,SYNTHETIC_HUMAN_SCENARIO
LK_EV_APP0223_FIRST_INTERVIEW_AI_CASE_M1_SKILL_03,EV_APP0223_FIRST_INTERVIEW_AI_CASE_M1_SKILL_03,,HUMAN,M1_SKILL_03,CONFIRMED,REVIEW_ML_01,2026-12-14T10:00:00+09:00,SYNTHETIC_HUMAN_SCENARIO
LK_EV_APP0223_FIRST_INTERVIEW_PRACTITIONER_QA_M1_SKILL_04,EV_APP0223_FIRST_INTERVIEW_PRACTITIONER_QA_M1_SKILL_04,,HUMAN,M1_SKILL_04,CONFIRMED,REVIEW_ML_01,2026-12-14T10:00:00+09:00,SYNTHETIC_HUMAN_SCENARIO
LK_EV_APP0223_FIRST_INTERVIEW_PRACTITIONER_QA_M1_SKILL_05,EV_APP0223_FIRST_INTERVIEW_PRACTITIONER_QA_M1_SKILL_05,,HUMAN,M1_SKILL_05,CONFIRMED,REVIEW_ML_01,2026-12-14T10:00:00+09:00,SYNTHETIC_HUMAN_SCENARIO
LK_EV_APP0223_FIRST_INTERVIEW_PRACTITIONER_QA_M1_SKILL_06,EV_APP0223_FIRST_INTERVIEW_PRACTITIONER_QA_M1_SKILL_06,,HUMAN,M1_SKILL_06,CONFIRMED,REVIEW_ML_01,2026-12-14T10:00:00+09:00,SYNTHETIC_HUMAN_SCENARIO
LK_EV_APP0223_FIRST_INTERVIEW_PRACTITIONER_QA_M1_SKILL_08,EV_APP0223_FIRST_INTERVIEW_PRACTITIONER_QA_M1_SKILL_08,,HUMAN,M1_SKILL_08,CONFIRMED,REVIEW_ML_01,2026-12-14T10:00:00+09:00,SYNTHETIC_HUMAN_SCENARIO
LK_EV_APP0228_FIRST_INTERVIEW_TECHNICAL_ASSESSMENT_M1_SKILL_01,EV_APP0228_FIRST_INTERVIEW_TECHNICAL_ASSESSMENT_M1_SKILL_01,,HUMAN,M1_SKILL_01,CONFIRMED,REVIEW_ML_01,2026-12-14T10:00:00+09:00,SYNTHETIC_HUMAN_SCENARIO
LK_EV_APP0228_FIRST_INTERVIEW_TECHNICAL_ASSESSMENT_M1_SKILL_02,EV_APP0228_FIRST_INTERVIEW_TECHNICAL_ASSESSMENT_M1_SKILL_02,,HUMAN,M1_SKILL_02,CONFIRMED,REVIEW_ML_01,2026-12-14T10:00:00+09:00,SYNTHETIC_HUMAN_SCENARIO
LK_EV_APP0228_FIRST_INTERVIEW_TECHNICAL_ASSESSMENT_M1_SKILL_07,EV_APP0228_FIRST_INTERVIEW_TECHNICAL_ASSESSMENT_M1_SKILL_07,,HUMAN,M1_SKILL_07,CONFIRMED,REVIEW_ML_01,2026-12-14T10:00:00+09:00,SYNTHETIC_HUMAN_SCENARIO
LK_EV_APP0228_FIRST_INTERVIEW_AI_CASE_M1_SKILL_01,EV_APP0228_FIRST_INTERVIEW_AI_CASE_M1_SKILL_01,,HUMAN,M1_SKILL_01,CONFIRMED,REVIEW_ML_01,2026-12-14T10:00:00+09:00,SYNTHETIC_HUMAN_SCENARIO
LK_EV_APP0228_FIRST_INTERVIEW_AI_CASE_M1_SKILL_03,EV_APP0228_FIRST_INTERVIEW_AI_CASE_M1_SKILL_03,,HUMAN,M1_SKILL_03,CONFIRMED,REVIEW_ML_01,2026-12-14T10:00:00+09:00,SYNTHETIC_HUMAN_SCENARIO
LK_EV_APP0228_FIRST_INTERVIEW_PRACTITIONER_QA_M1_SKILL_04,EV_APP0228_FIRST_INTERVIEW_PRACTITIONER_QA_M1_SKILL_04,,HUMAN,M1_SKILL_04,CONFIRMED,REVIEW_ML_01,2026-12-14T10:00:00+09:00,SYNTHETIC_HUMAN_SCENARIO
LK_EV_APP0228_FIRST_INTERVIEW_PRACTITIONER_QA_M1_SKILL_05,EV_APP0228_FIRST_INTERVIEW_PRACTITIONER_QA_M1_SKILL_05,,HUMAN,M1_SKILL_05,CONFIRMED,REVIEW_ML_01,2026-12-14T10:00:00+09:00,SYNTHETIC_HUMAN_SCENARIO
LK_EV_APP0228_FIRST_INTERVIEW_PRACTITIONER_QA_M1_SKILL_06,EV_APP0228_FIRST_INTERVIEW_PRACTITIONER_QA_M1_SKILL_06,,HUMAN,M1_SKILL_06,CONFIRMED,REVIEW_ML_01,2026-12-14T10:00:00+09:00,SYNTHETIC_HUMAN_SCENARIO
LK_EV_APP0228_FIRST_INTERVIEW_PRACTITIONER_QA_M1_SKILL_08,EV_APP0228_FIRST_INTERVIEW_PRACTITIONER_QA_M1_SKILL_08,,HUMAN,M1_SKILL_08,CONFIRMED,REVIEW_ML_01,2026-12-14T10:00:00+09:00,SYNTHETIC_HUMAN_SCENARIO
LK_EV_APP0237_FIRST_INTERVIEW_TECHNICAL_ASSESSMENT_M1_SKILL_01,EV_APP0237_FIRST_INTERVIEW_TECHNICAL_ASSESSMENT_M1_SKILL_01,,HUMAN,M1_SKILL_01,CONFIRMED,REVIEW_ML_01,2026-12-17T10:00:00+09:00,SYNTHETIC_HUMAN_SCENARIO
LK_EV_APP0237_FIRST_INTERVIEW_TECHNICAL_ASSESSMENT_M1_SKILL_02,EV_APP0237_FIRST_INTERVIEW_TECHNICAL_ASSESSMENT_M1_SKILL_02,,HUMAN,M1_SKILL_02,CONFIRMED,REVIEW_ML_01,2026-12-17T10:00:00+09:00,SYNTHETIC_HUMAN_SCENARIO
LK_EV_APP0237_FIRST_INTERVIEW_TECHNICAL_ASSESSMENT_M1_SKILL_07,EV_APP0237_FIRST_INTERVIEW_TECHNICAL_ASSESSMENT_M1_SKILL_07,,HUMAN,M1_SKILL_07,CONFIRMED,REVIEW_ML_01,2026-12-17T10:00:00+09:00,SYNTHETIC_HUMAN_SCENARIO
LK_EV_APP0237_FIRST_INTERVIEW_AI_CASE_M1_SKILL_01,EV_APP0237_FIRST_INTERVIEW_AI_CASE_M1_SKILL_01,,HUMAN,M1_SKILL_01,CONFIRMED,REVIEW_ML_01,2026-12-17T10:00:00+09:00,SYNTHETIC_HUMAN_SCENARIO
LK_EV_APP0237_FIRST_INTERVIEW_AI_CASE_M1_SKILL_03,EV_APP0237_FIRST_INTERVIEW_AI_CASE_M1_SKILL_03,,HUMAN,M1_SKILL_03,CONFIRMED,REVIEW_ML_01,2026-12-17T10:00:00+09:00,SYNTHETIC_HUMAN_SCENARIO
LK_EV_APP0237_FIRST_INTERVIEW_PRACTITIONER_QA_M1_SKILL_04,EV_APP0237_FIRST_INTERVIEW_PRACTITIONER_QA_M1_SKILL_04,,HUMAN,M1_SKILL_04,CONFIRMED,REVIEW_ML_01,2026-12-17T10:00:00+09:00,SYNTHETIC_HUMAN_SCENARIO
LK_EV_APP0237_FIRST_INTERVIEW_PRACTITIONER_QA_M1_SKILL_05,EV_APP0237_FIRST_INTERVIEW_PRACTITIONER_QA_M1_SKILL_05,,HUMAN,M1_SKILL_05,CONFIRMED,REVIEW_ML_01,2026-12-17T10:00:00+09:00,SYNTHETIC_HUMAN_SCENARIO
LK_EV_APP0237_FIRST_INTERVIEW_PRACTITIONER_QA_M1_SKILL_06,EV_APP0237_FIRST_INTERVIEW_PRACTITIONER_QA_M1_SKILL_06,,HUMAN,M1_SKILL_06,CONFIRMED,REVIEW_ML_01,2026-12-17T10:00:00+09:00,SYNTHETIC_HUMAN_SCENARIO
LK_EV_APP0237_FIRST_INTERVIEW_PRACTITIONER_QA_M1_SKILL_08,EV_APP0237_FIRST_INTERVIEW_PRACTITIONER_QA_M1_SKILL_08,,HUMAN,M1_SKILL_08,CONFIRMED,REVIEW_ML_01,2026-12-17T10:00:00+09:00,SYNTHETIC_HUMAN_SCENARIO
LK_EV_APP0238_FIRST_INTERVIEW_TECHNICAL_ASSESSMENT_M1_SKILL_01,EV_APP0238_FIRST_INTERVIEW_TECHNICAL_ASSESSMENT_M1_SKILL_01,,HUMAN,M1_SKILL_01,CONFIRMED,REVIEW_ML_01,2026-12-17T10:00:00+09:00,SYNTHETIC_HUMAN_SCENARIO
LK_EV_APP0238_FIRST_INTERVIEW_TECHNICAL_ASSESSMENT_M1_SKILL_02,EV_APP0238_FIRST_INTERVIEW_TECHNICAL_ASSESSMENT_M1_SKILL_02,,HUMAN,M1_SKILL_02,CONFIRMED,REVIEW_ML_01,2026-12-17T10:00:00+09:00,SYNTHETIC_HUMAN_SCENARIO
LK_EV_APP0238_FIRST_INTERVIEW_TECHNICAL_ASSESSMENT_M1_SKILL_07,EV_APP0238_FIRST_INTERVIEW_TECHNICAL_ASSESSMENT_M1_SKILL_07,,HUMAN,M1_SKILL_07,CONFIRMED,REVIEW_ML_01,2026-12-17T10:00:00+09:00,SYNTHETIC_HUMAN_SCENARIO
LK_EV_APP0238_FIRST_INTERVIEW_AI_CASE_M1_SKILL_01,EV_APP0238_FIRST_INTERVIEW_AI_CASE_M1_SKILL_01,,HUMAN,M1_SKILL_01,CONFIRMED,REVIEW_ML_01,2026-12-17T10:00:00+09:00,SYNTHETIC_HUMAN_SCENARIO
LK_EV_APP0238_FIRST_INTERVIEW_AI_CASE_M1_SKILL_03,EV_APP0238_FIRST_INTERVIEW_AI_CASE_M1_SKILL_03,,HUMAN,M1_SKILL_03,CONFIRMED,REVIEW_ML_01,2026-12-17T10:00:00+09:00,SYNTHETIC_HUMAN_SCENARIO
LK_EV_APP0238_FIRST_INTERVIEW_PRACTITIONER_QA_M1_SKILL_04,EV_APP0238_FIRST_INTERVIEW_PRACTITIONER_QA_M1_SKILL_04,,HUMAN,M1_SKILL_04,CONFIRMED,REVIEW_ML_01,2026-12-17T10:00:00+09:00,SYNTHETIC_HUMAN_SCENARIO
LK_EV_APP0238_FIRST_INTERVIEW_PRACTITIONER_QA_M1_SKILL_05,EV_APP0238_FIRST_INTERVIEW_PRACTITIONER_QA_M1_SKILL_05,,HUMAN,M1_SKILL_05,CONFIRMED,REVIEW_ML_01,2026-12-17T10:00:00+09:00,SYNTHETIC_HUMAN_SCENARIO
LK_EV_APP0238_FIRST_INTERVIEW_PRACTITIONER_QA_M1_SKILL_06,EV_APP0238_FIRST_INTERVIEW_PRACTITIONER_QA_M1_SKILL_06,,HUMAN,M1_SKILL_06,CONFIRMED,REVIEW_ML_01,2026-12-17T10:00:00+09:00,SYNTHETIC_HUMAN_SCENARIO
LK_EV_APP0238_FIRST_INTERVIEW_PRACTITIONER_QA_M1_SKILL_08,EV_APP0238_FIRST_INTERVIEW_PRACTITIONER_QA_M1_SKILL_08,,HUMAN,M1_SKILL_08,CONFIRMED,REVIEW_ML_01,2026-12-17T10:00:00+09:00,SYNTHETIC_HUMAN_SCENARIO
LK_EV_APP0268_FIRST_INTERVIEW_TECHNICAL_ASSESSMENT_M1_SKILL_01,EV_APP0268_FIRST_INTERVIEW_TECHNICAL_ASSESSMENT_M1_SKILL_01,,HUMAN,M1_SKILL_01,CONFIRMED,REVIEW_ML_01,2026-12-17T10:00:00+09:00,SYNTHETIC_HUMAN_SCENARIO
LK_EV_APP0268_FIRST_INTERVIEW_TECHNICAL_ASSESSMENT_M1_SKILL_02,EV_APP0268_FIRST_INTERVIEW_TECHNICAL_ASSESSMENT_M1_SKILL_02,,HUMAN,M1_SKILL_02,CONFIRMED,REVIEW_ML_01,2026-12-17T10:00:00+09:00,SYNTHETIC_HUMAN_SCENARIO
LK_EV_APP0268_FIRST_INTERVIEW_TECHNICAL_ASSESSMENT_M1_SKILL_07,EV_APP0268_FIRST_INTERVIEW_TECHNICAL_ASSESSMENT_M1_SKILL_07,,HUMAN,M1_SKILL_07,CONFIRMED,REVIEW_ML_01,2026-12-17T10:00:00+09:00,SYNTHETIC_HUMAN_SCENARIO
LK_EV_APP0268_FIRST_INTERVIEW_AI_CASE_M1_SKILL_01,EV_APP0268_FIRST_INTERVIEW_AI_CASE_M1_SKILL_01,,HUMAN,M1_SKILL_01,CONFIRMED,REVIEW_ML_01,2026-12-17T10:00:00+09:00,SYNTHETIC_HUMAN_SCENARIO
LK_EV_APP0268_FIRST_INTERVIEW_AI_CASE_M1_SKILL_03,EV_APP0268_FIRST_INTERVIEW_AI_CASE_M1_SKILL_03,,HUMAN,M1_SKILL_03,CONFIRMED,REVIEW_ML_01,2026-12-17T10:00:00+09:00,SYNTHETIC_HUMAN_SCENARIO
LK_EV_APP0268_FIRST_INTERVIEW_PRACTITIONER_QA_M1_SKILL_04,EV_APP0268_FIRST_INTERVIEW_PRACTITIONER_QA_M1_SKILL_04,,HUMAN,M1_SKILL_04,CONFIRMED,REVIEW_ML_01,2026-12-17T10:00:00+09:00,SYNTHETIC_HUMAN_SCENARIO
LK_EV_APP0268_FIRST_INTERVIEW_PRACTITIONER_QA_M1_SKILL_05,EV_APP0268_FIRST_INTERVIEW_PRACTITIONER_QA_M1_SKILL_05,,HUMAN,M1_SKILL_05,CONFIRMED,REVIEW_ML_01,2026-12-17T10:00:00+09:00,SYNTHETIC_HUMAN_SCENARIO
LK_EV_APP0268_FIRST_INTERVIEW_PRACTITIONER_QA_M1_SKILL_06,EV_APP0268_FIRST_INTERVIEW_PRACTITIONER_QA_M1_SKILL_06,,HUMAN,M1_SKILL_06,CONFIRMED,REVIEW_ML_01,2026-12-17T10:00:00+09:00,SYNTHETIC_HUMAN_SCENARIO
LK_EV_APP0268_FIRST_INTERVIEW_PRACTITIONER_QA_M1_SKILL_08,EV_APP0268_FIRST_INTERVIEW_PRACTITIONER_QA_M1_SKILL_08,,HUMAN,M1_SKILL_08,CONFIRMED,REVIEW_ML_01,2026-12-17T10:00:00+09:00,SYNTHETIC_HUMAN_SCENARIO
LK_EV_APP0270_FIRST_INTERVIEW_TECHNICAL_ASSESSMENT_M1_SKILL_01,EV_APP0270_FIRST_INTERVIEW_TECHNICAL_ASSESSMENT_M1_SKILL_01,,HUMAN,M1_SKILL_01,CONFIRMED,REVIEW_ML_01,2026-12-17T10:00:00+09:00,SYNTHETIC_HUMAN_SCENARIO
LK_EV_APP0270_FIRST_INTERVIEW_TECHNICAL_ASSESSMENT_M1_SKILL_02,EV_APP0270_FIRST_INTERVIEW_TECHNICAL_ASSESSMENT_M1_SKILL_02,,HUMAN,M1_SKILL_02,CONFIRMED,REVIEW_ML_01,2026-12-17T10:00:00+09:00,SYNTHETIC_HUMAN_SCENARIO
LK_EV_APP0270_FIRST_INTERVIEW_TECHNICAL_ASSESSMENT_M1_SKILL_07,EV_APP0270_FIRST_INTERVIEW_TECHNICAL_ASSESSMENT_M1_SKILL_07,,HUMAN,M1_SKILL_07,CONFIRMED,REVIEW_ML_01,2026-12-17T10:00:00+09:00,SYNTHETIC_HUMAN_SCENARIO
LK_EV_APP0270_FIRST_INTERVIEW_AI_CASE_M1_SKILL_01,EV_APP0270_FIRST_INTERVIEW_AI_CASE_M1_SKILL_01,,HUMAN,M1_SKILL_01,CONFIRMED,REVIEW_ML_01,2026-12-17T10:00:00+09:00,SYNTHETIC_HUMAN_SCENARIO
LK_EV_APP0270_FIRST_INTERVIEW_AI_CASE_M1_SKILL_03,EV_APP0270_FIRST_INTERVIEW_AI_CASE_M1_SKILL_03,,HUMAN,M1_SKILL_03,CONFIRMED,REVIEW_ML_01,2026-12-17T10:00:00+09:00,SYNTHETIC_HUMAN_SCENARIO
LK_EV_APP0270_FIRST_INTERVIEW_PRACTITIONER_QA_M1_SKILL_04,EV_APP0270_FIRST_INTERVIEW_PRACTITIONER_QA_M1_SKILL_04,,HUMAN,M1_SKILL_04,CONFIRMED,REVIEW_ML_01,2026-12-17T10:00:00+09:00,SYNTHETIC_HUMAN_SCENARIO
LK_EV_APP0270_FIRST_INTERVIEW_PRACTITIONER_QA_M1_SKILL_05,EV_APP0270_FIRST_INTERVIEW_PRACTITIONER_QA_M1_SKILL_05,,HUMAN,M1_SKILL_05,CONFIRMED,REVIEW_ML_01,2026-12-17T10:00:00+09:00,SYNTHETIC_HUMAN_SCENARIO
LK_EV_APP0270_FIRST_INTERVIEW_PRACTITIONER_QA_M1_SKILL_06,EV_APP0270_FIRST_INTERVIEW_PRACTITIONER_QA_M1_SKILL_06,,HUMAN,M1_SKILL_06,CONFIRMED,REVIEW_ML_01,2026-12-17T10:00:00+09:00,SYNTHETIC_HUMAN_SCENARIO
LK_EV_APP0270_FIRST_INTERVIEW_PRACTITIONER_QA_M1_SKILL_08,EV_APP0270_FIRST_INTERVIEW_PRACTITIONER_QA_M1_SKILL_08,,HUMAN,M1_SKILL_08,CONFIRMED,REVIEW_ML_01,2026-12-17T10:00:00+09:00,SYNTHETIC_HUMAN_SCENARIO
LK_EV_APP0285_FIRST_INTERVIEW_TECHNICAL_ASSESSMENT_M1_SKILL_01,EV_APP0285_FIRST_INTERVIEW_TECHNICAL_ASSESSMENT_M1_SKILL_01,,HUMAN,M1_SKILL_01,CONFIRMED,REVIEW_ML_01,2026-12-17T10:00:00+09:00,SYNTHETIC_HUMAN_SCENARIO
LK_EV_APP0285_FIRST_INTERVIEW_TECHNICAL_ASSESSMENT_M1_SKILL_02,EV_APP0285_FIRST_INTERVIEW_TECHNICAL_ASSESSMENT_M1_SKILL_02,,HUMAN,M1_SKILL_02,CONFIRMED,REVIEW_ML_01,2026-12-17T10:00:00+09:00,SYNTHETIC_HUMAN_SCENARIO
LK_EV_APP0285_FIRST_INTERVIEW_TECHNICAL_ASSESSMENT_M1_SKILL_07,EV_APP0285_FIRST_INTERVIEW_TECHNICAL_ASSESSMENT_M1_SKILL_07,,HUMAN,M1_SKILL_07,CONFIRMED,REVIEW_ML_01,2026-12-17T10:00:00+09:00,SYNTHETIC_HUMAN_SCENARIO
LK_EV_APP0285_FIRST_INTERVIEW_AI_CASE_M1_SKILL_01,EV_APP0285_FIRST_INTERVIEW_AI_CASE_M1_SKILL_01,,HUMAN,M1_SKILL_01,CONFIRMED,REVIEW_ML_01,2026-12-17T10:00:00+09:00,SYNTHETIC_HUMAN_SCENARIO
LK_EV_APP0285_FIRST_INTERVIEW_AI_CASE_M1_SKILL_03,EV_APP0285_FIRST_INTERVIEW_AI_CASE_M1_SKILL_03,,HUMAN,M1_SKILL_03,CONFIRMED,REVIEW_ML_01,2026-12-17T10:00:00+09:00,SYNTHETIC_HUMAN_SCENARIO
LK_EV_APP0285_FIRST_INTERVIEW_PRACTITIONER_QA_M1_SKILL_04,EV_APP0285_FIRST_INTERVIEW_PRACTITIONER_QA_M1_SKILL_04,,HUMAN,M1_SKILL_04,CONFIRMED,REVIEW_ML_01,2026-12-17T10:00:00+09:00,SYNTHETIC_HUMAN_SCENARIO
LK_EV_APP0285_FIRST_INTERVIEW_PRACTITIONER_QA_M1_SKILL_05,EV_APP0285_FIRST_INTERVIEW_PRACTITIONER_QA_M1_SKILL_05,,HUMAN,M1_SKILL_05,CONFIRMED,REVIEW_ML_01,2026-12-17T10:00:00+09:00,SYNTHETIC_HUMAN_SCENARIO
LK_EV_APP0285_FIRST_INTERVIEW_PRACTITIONER_QA_M1_SKILL_06,EV_APP0285_FIRST_INTERVIEW_PRACTITIONER_QA_M1_SKILL_06,,HUMAN,M1_SKILL_06,CONFIRMED,REVIEW_ML_01,2026-12-17T10:00:00+09:00,SYNTHETIC_HUMAN_SCENARIO
LK_EV_APP0285_FIRST_INTERVIEW_PRACTITIONER_QA_M1_SKILL_08,EV_APP0285_FIRST_INTERVIEW_PRACTITIONER_QA_M1_SKILL_08,,HUMAN,M1_SKILL_08,CONFIRMED,REVIEW_ML_01,2026-12-17T10:00:00+09:00,SYNTHETIC_HUMAN_SCENARIO
LK_EV_APP0297_FIRST_INTERVIEW_TECHNICAL_ASSESSMENT_M1_SKILL_01,EV_APP0297_FIRST_INTERVIEW_TECHNICAL_ASSESSMENT_M1_SKILL_01,,HUMAN,M1_SKILL_01,CONFIRMED,REVIEW_ML_01,2026-12-17T10:00:00+09:00,SYNTHETIC_HUMAN_SCENARIO
LK_EV_APP0297_FIRST_INTERVIEW_TECHNICAL_ASSESSMENT_M1_SKILL_02,EV_APP0297_FIRST_INTERVIEW_TECHNICAL_ASSESSMENT_M1_SKILL_02,,HUMAN,M1_SKILL_02,CONFIRMED,REVIEW_ML_01,2026-12-17T10:00:00+09:00,SYNTHETIC_HUMAN_SCENARIO
LK_EV_APP0297_FIRST_INTERVIEW_TECHNICAL_ASSESSMENT_M1_SKILL_07,EV_APP0297_FIRST_INTERVIEW_TECHNICAL_ASSESSMENT_M1_SKILL_07,,HUMAN,M1_SKILL_07,CONFIRMED,REVIEW_ML_01,2026-12-17T10:00:00+09:00,SYNTHETIC_HUMAN_SCENARIO
LK_EV_APP0297_FIRST_INTERVIEW_AI_CASE_M1_SKILL_01,EV_APP0297_FIRST_INTERVIEW_AI_CASE_M1_SKILL_01,,HUMAN,M1_SKILL_01,CONFIRMED,REVIEW_ML_01,2026-12-17T10:00:00+09:00,SYNTHETIC_HUMAN_SCENARIO
LK_EV_APP0297_FIRST_INTERVIEW_AI_CASE_M1_SKILL_03,EV_APP0297_FIRST_INTERVIEW_AI_CASE_M1_SKILL_03,,HUMAN,M1_SKILL_03,CONFIRMED,REVIEW_ML_01,2026-12-17T10:00:00+09:00,SYNTHETIC_HUMAN_SCENARIO
LK_EV_APP0297_FIRST_INTERVIEW_PRACTITIONER_QA_M1_SKILL_04,EV_APP0297_FIRST_INTERVIEW_PRACTITIONER_QA_M1_SKILL_04,,HUMAN,M1_SKILL_04,CONFIRMED,REVIEW_ML_01,2026-12-17T10:00:00+09:00,SYNTHETIC_HUMAN_SCENARIO
LK_EV_APP0297_FIRST_INTERVIEW_PRACTITIONER_QA_M1_SKILL_05,EV_APP0297_FIRST_INTERVIEW_PRACTITIONER_QA_M1_SKILL_05,,HUMAN,M1_SKILL_05,CONFIRMED,REVIEW_ML_01,2026-12-17T10:00:00+09:00,SYNTHETIC_HUMAN_SCENARIO
LK_EV_APP0297_FIRST_INTERVIEW_PRACTITIONER_QA_M1_SKILL_06,EV_APP0297_FIRST_INTERVIEW_PRACTITIONER_QA_M1_SKILL_06,,HUMAN,M1_SKILL_06,CONFIRMED,REVIEW_ML_01,2026-12-17T10:00:00+09:00,SYNTHETIC_HUMAN_SCENARIO
LK_EV_APP0297_FIRST_INTERVIEW_PRACTITIONER_QA_M1_SKILL_08,EV_APP0297_FIRST_INTERVIEW_PRACTITIONER_QA_M1_SKILL_08,,HUMAN,M1_SKILL_08,CONFIRMED,REVIEW_ML_01,2026-12-17T10:00:00+09:00,SYNTHETIC_HUMAN_SCENARIO
LK_EV_APP0309_FIRST_INTERVIEW_TECHNICAL_ASSESSMENT_M1_SKILL_01,EV_APP0309_FIRST_INTERVIEW_TECHNICAL_ASSESSMENT_M1_SKILL_01,,HUMAN,M1_SKILL_01,CONFIRMED,REVIEW_ML_01,2026-12-17T10:00:00+09:00,SYNTHETIC_HUMAN_SCENARIO
LK_EV_APP0309_FIRST_INTERVIEW_TECHNICAL_ASSESSMENT_M1_SKILL_02,EV_APP0309_FIRST_INTERVIEW_TECHNICAL_ASSESSMENT_M1_SKILL_02,,HUMAN,M1_SKILL_02,CONFIRMED,REVIEW_ML_01,2026-12-17T10:00:00+09:00,SYNTHETIC_HUMAN_SCENARIO
LK_EV_APP0309_FIRST_INTERVIEW_TECHNICAL_ASSESSMENT_M1_SKILL_07,EV_APP0309_FIRST_INTERVIEW_TECHNICAL_ASSESSMENT_M1_SKILL_07,,HUMAN,M1_SKILL_07,CONFIRMED,REVIEW_ML_01,2026-12-17T10:00:00+09:00,SYNTHETIC_HUMAN_SCENARIO
LK_EV_APP0309_FIRST_INTERVIEW_AI_CASE_M1_SKILL_01,EV_APP0309_FIRST_INTERVIEW_AI_CASE_M1_SKILL_01,,HUMAN,M1_SKILL_01,CONFIRMED,REVIEW_ML_01,2026-12-17T10:00:00+09:00,SYNTHETIC_HUMAN_SCENARIO
LK_EV_APP0309_FIRST_INTERVIEW_AI_CASE_M1_SKILL_03,EV_APP0309_FIRST_INTERVIEW_AI_CASE_M1_SKILL_03,,HUMAN,M1_SKILL_03,CONFIRMED,REVIEW_ML_01,2026-12-17T10:00:00+09:00,SYNTHETIC_HUMAN_SCENARIO
LK_EV_APP0309_FIRST_INTERVIEW_PRACTITIONER_QA_M1_SKILL_04,EV_APP0309_FIRST_INTERVIEW_PRACTITIONER_QA_M1_SKILL_04,,HUMAN,M1_SKILL_04,CONFIRMED,REVIEW_ML_01,2026-12-17T10:00:00+09:00,SYNTHETIC_HUMAN_SCENARIO
LK_EV_APP0309_FIRST_INTERVIEW_PRACTITIONER_QA_M1_SKILL_05,EV_APP0309_FIRST_INTERVIEW_PRACTITIONER_QA_M1_SKILL_05,,HUMAN,M1_SKILL_05,CONFIRMED,REVIEW_ML_01,2026-12-17T10:00:00+09:00,SYNTHETIC_HUMAN_SCENARIO
LK_EV_APP0309_FIRST_INTERVIEW_PRACTITIONER_QA_M1_SKILL_06,EV_APP0309_FIRST_INTERVIEW_PRACTITIONER_QA_M1_SKILL_06,,HUMAN,M1_SKILL_06,CONFIRMED,REVIEW_ML_01,2026-12-17T10:00:00+09:00,SYNTHETIC_HUMAN_SCENARIO
LK_EV_APP0309_FIRST_INTERVIEW_PRACTITIONER_QA_M1_SKILL_08,EV_APP0309_FIRST_INTERVIEW_PRACTITIONER_QA_M1_SKILL_08,,HUMAN,M1_SKILL_08,CONFIRMED,REVIEW_ML_01,2026-12-17T10:00:00+09:00,SYNTHETIC_HUMAN_SCENARIO
LK_EV_APP0325_FIRST_INTERVIEW_TECHNICAL_ASSESSMENT_M1_SKILL_01,EV_APP0325_FIRST_INTERVIEW_TECHNICAL_ASSESSMENT_M1_SKILL_01,,HUMAN,M1_SKILL_01,CONFIRMED,REVIEW_ML_01,2026-12-17T10:00:00+09:00,SYNTHETIC_HUMAN_SCENARIO
LK_EV_APP0325_FIRST_INTERVIEW_TECHNICAL_ASSESSMENT_M1_SKILL_02,EV_APP0325_FIRST_INTERVIEW_TECHNICAL_ASSESSMENT_M1_SKILL_02,,HUMAN,M1_SKILL_02,CONFIRMED,REVIEW_ML_01,2026-12-17T10:00:00+09:00,SYNTHETIC_HUMAN_SCENARIO
LK_EV_APP0325_FIRST_INTERVIEW_TECHNICAL_ASSESSMENT_M1_SKILL_07,EV_APP0325_FIRST_INTERVIEW_TECHNICAL_ASSESSMENT_M1_SKILL_07,,HUMAN,M1_SKILL_07,CONFIRMED,REVIEW_ML_01,2026-12-17T10:00:00+09:00,SYNTHETIC_HUMAN_SCENARIO
LK_EV_APP0325_FIRST_INTERVIEW_AI_CASE_M1_SKILL_01,EV_APP0325_FIRST_INTERVIEW_AI_CASE_M1_SKILL_01,,HUMAN,M1_SKILL_01,CONFIRMED,REVIEW_ML_01,2026-12-17T10:00:00+09:00,SYNTHETIC_HUMAN_SCENARIO
LK_EV_APP0325_FIRST_INTERVIEW_AI_CASE_M1_SKILL_03,EV_APP0325_FIRST_INTERVIEW_AI_CASE_M1_SKILL_03,,HUMAN,M1_SKILL_03,CONFIRMED,REVIEW_ML_01,2026-12-17T10:00:00+09:00,SYNTHETIC_HUMAN_SCENARIO
LK_EV_APP0325_FIRST_INTERVIEW_PRACTITIONER_QA_M1_SKILL_04,EV_APP0325_FIRST_INTERVIEW_PRACTITIONER_QA_M1_SKILL_04,,HUMAN,M1_SKILL_04,CONFIRMED,REVIEW_ML_01,2026-12-17T10:00:00+09:00,SYNTHETIC_HUMAN_SCENARIO
LK_EV_APP0325_FIRST_INTERVIEW_PRACTITIONER_QA_M1_SKILL_05,EV_APP0325_FIRST_INTERVIEW_PRACTITIONER_QA_M1_SKILL_05,,HUMAN,M1_SKILL_05,CONFIRMED,REVIEW_ML_01,2026-12-17T10:00:00+09:00,SYNTHETIC_HUMAN_SCENARIO
LK_EV_APP0325_FIRST_INTERVIEW_PRACTITIONER_QA_M1_SKILL_06,EV_APP0325_FIRST_INTERVIEW_PRACTITIONER_QA_M1_SKILL_06,,HUMAN,M1_SKILL_06,CONFIRMED,REVIEW_ML_01,2026-12-17T10:00:00+09:00,SYNTHETIC_HUMAN_SCENARIO
LK_EV_APP0325_FIRST_INTERVIEW_PRACTITIONER_QA_M1_SKILL_08,EV_APP0325_FIRST_INTERVIEW_PRACTITIONER_QA_M1_SKILL_08,,HUMAN,M1_SKILL_08,CONFIRMED,REVIEW_ML_01,2026-12-17T10:00:00+09:00,SYNTHETIC_HUMAN_SCENARIO
LK_EV_APP0342_FIRST_INTERVIEW_TECHNICAL_ASSESSMENT_M1_SKILL_01,EV_APP0342_FIRST_INTERVIEW_TECHNICAL_ASSESSMENT_M1_SKILL_01,,HUMAN,M1_SKILL_01,CONFIRMED,REVIEW_ML_01,2026-12-17T10:00:00+09:00,SYNTHETIC_HUMAN_SCENARIO
LK_EV_APP0342_FIRST_INTERVIEW_TECHNICAL_ASSESSMENT_M1_SKILL_02,EV_APP0342_FIRST_INTERVIEW_TECHNICAL_ASSESSMENT_M1_SKILL_02,,HUMAN,M1_SKILL_02,CONFIRMED,REVIEW_ML_01,2026-12-17T10:00:00+09:00,SYNTHETIC_HUMAN_SCENARIO
LK_EV_APP0342_FIRST_INTERVIEW_TECHNICAL_ASSESSMENT_M1_SKILL_07,EV_APP0342_FIRST_INTERVIEW_TECHNICAL_ASSESSMENT_M1_SKILL_07,,HUMAN,M1_SKILL_07,CONFIRMED,REVIEW_ML_01,2026-12-17T10:00:00+09:00,SYNTHETIC_HUMAN_SCENARIO
LK_EV_APP0342_FIRST_INTERVIEW_AI_CASE_M1_SKILL_01,EV_APP0342_FIRST_INTERVIEW_AI_CASE_M1_SKILL_01,,HUMAN,M1_SKILL_01,CONFIRMED,REVIEW_ML_01,2026-12-17T10:00:00+09:00,SYNTHETIC_HUMAN_SCENARIO
LK_EV_APP0342_FIRST_INTERVIEW_AI_CASE_M1_SKILL_03,EV_APP0342_FIRST_INTERVIEW_AI_CASE_M1_SKILL_03,,HUMAN,M1_SKILL_03,CONFIRMED,REVIEW_ML_01,2026-12-17T10:00:00+09:00,SYNTHETIC_HUMAN_SCENARIO
LK_EV_APP0342_FIRST_INTERVIEW_PRACTITIONER_QA_M1_SKILL_04,EV_APP0342_FIRST_INTERVIEW_PRACTITIONER_QA_M1_SKILL_04,,HUMAN,M1_SKILL_04,CONFIRMED,REVIEW_ML_01,2026-12-17T10:00:00+09:00,SYNTHETIC_HUMAN_SCENARIO
LK_EV_APP0342_FIRST_INTERVIEW_PRACTITIONER_QA_M1_SKILL_05,EV_APP0342_FIRST_INTERVIEW_PRACTITIONER_QA_M1_SKILL_05,,HUMAN,M1_SKILL_05,CONFIRMED,REVIEW_ML_01,2026-12-17T10:00:00+09:00,SYNTHETIC_HUMAN_SCENARIO
LK_EV_APP0342_FIRST_INTERVIEW_PRACTITIONER_QA_M1_SKILL_06,EV_APP0342_FIRST_INTERVIEW_PRACTITIONER_QA_M1_SKILL_06,,HUMAN,M1_SKILL_06,CONFIRMED,REVIEW_ML_01,2026-12-17T10:00:00+09:00,SYNTHETIC_HUMAN_SCENARIO
LK_EV_APP0342_FIRST_INTERVIEW_PRACTITIONER_QA_M1_SKILL_08,EV_APP0342_FIRST_INTERVIEW_PRACTITIONER_QA_M1_SKILL_08,,HUMAN,M1_SKILL_08,CONFIRMED,REVIEW_ML_01,2026-12-17T10:00:00+09:00,SYNTHETIC_HUMAN_SCENARIO
LK_EV_APP0082_SECOND_INTERVIEW_VALUES_BEHAVIOR_INTERVIEW_M1_SKILL_04,EV_APP0082_SECOND_INTERVIEW_VALUES_BEHAVIOR_INTERVIEW_M1_SKILL_04,,HUMAN,M1_SKILL_04,CONFIRMED,REVIEW_ML_01,2026-12-26T10:30:00+09:00,SYNTHETIC_HUMAN_SCENARIO
LK_EV_APP0082_SECOND_INTERVIEW_VALUES_BEHAVIOR_INTERVIEW_M1_SKILL_05,EV_APP0082_SECOND_INTERVIEW_VALUES_BEHAVIOR_INTERVIEW_M1_SKILL_05,,HUMAN,M1_SKILL_05,CONFIRMED,REVIEW_ML_01,2026-12-26T10:30:00+09:00,SYNTHETIC_HUMAN_SCENARIO
LK_EV_APP0005_SECOND_INTERVIEW_VALUES_BEHAVIOR_INTERVIEW_M1_SKILL_04,EV_APP0005_SECOND_INTERVIEW_VALUES_BEHAVIOR_INTERVIEW_M1_SKILL_04,,HUMAN,M1_SKILL_04,CONFIRMED,REVIEW_ML_01,2026-12-29T10:45:00+09:00,SYNTHETIC_HUMAN_SCENARIO
LK_EV_APP0005_SECOND_INTERVIEW_VALUES_BEHAVIOR_INTERVIEW_M1_SKILL_05,EV_APP0005_SECOND_INTERVIEW_VALUES_BEHAVIOR_INTERVIEW_M1_SKILL_05,,HUMAN,M1_SKILL_05,CONFIRMED,REVIEW_ML_01,2026-12-29T10:45:00+09:00,SYNTHETIC_HUMAN_SCENARIO
LK_EV_APP0181_SECOND_INTERVIEW_VALUES_BEHAVIOR_INTERVIEW_M1_SKILL_04,EV_APP0181_SECOND_INTERVIEW_VALUES_BEHAVIOR_INTERVIEW_M1_SKILL_04,,HUMAN,M1_SKILL_04,CONFIRMED,REVIEW_ML_01,2026-12-29T11:15:00+09:00,SYNTHETIC_HUMAN_SCENARIO
LK_EV_APP0181_SECOND_INTERVIEW_VALUES_BEHAVIOR_INTERVIEW_M1_SKILL_05,EV_APP0181_SECOND_INTERVIEW_VALUES_BEHAVIOR_INTERVIEW_M1_SKILL_05,,HUMAN,M1_SKILL_05,CONFIRMED,REVIEW_ML_01,2026-12-29T11:15:00+09:00,SYNTHETIC_HUMAN_SCENARIO
LK_EV_APP0342_SECOND_INTERVIEW_VALUES_BEHAVIOR_INTERVIEW_M1_SKILL_04,EV_APP0342_SECOND_INTERVIEW_VALUES_BEHAVIOR_INTERVIEW_M1_SKILL_04,,HUMAN,M1_SKILL_04,CONFIRMED,REVIEW_ML_01,2027-01-04T10:30:00+09:00,SYNTHETIC_HUMAN_SCENARIO
LK_EV_APP0342_SECOND_INTERVIEW_VALUES_BEHAVIOR_INTERVIEW_M1_SKILL_05,EV_APP0342_SECOND_INTERVIEW_VALUES_BEHAVIOR_INTERVIEW_M1_SKILL_05,,HUMAN,M1_SKILL_05,CONFIRMED,REVIEW_ML_01,2027-01-04T10:30:00+09:00,SYNTHETIC_HUMAN_SCENARIO
LK_EV_APP0228_SECOND_INTERVIEW_VALUES_BEHAVIOR_INTERVIEW_M1_SKILL_04,EV_APP0228_SECOND_INTERVIEW_VALUES_BEHAVIOR_INTERVIEW_M1_SKILL_04,,HUMAN,M1_SKILL_04,CONFIRMED,REVIEW_ML_01,2027-01-01T10:45:00+09:00,SYNTHETIC_HUMAN_SCENARIO
LK_EV_APP0228_SECOND_INTERVIEW_VALUES_BEHAVIOR_INTERVIEW_M1_SKILL_05,EV_APP0228_SECOND_INTERVIEW_VALUES_BEHAVIOR_INTERVIEW_M1_SKILL_05,,HUMAN,M1_SKILL_05,CONFIRMED,REVIEW_ML_01,2027-01-01T10:45:00+09:00,SYNTHETIC_HUMAN_SCENARIO
LK_EV_APP0285_SECOND_INTERVIEW_VALUES_BEHAVIOR_INTERVIEW_M1_SKILL_04,EV_APP0285_SECOND_INTERVIEW_VALUES_BEHAVIOR_INTERVIEW_M1_SKILL_04,,HUMAN,M1_SKILL_04,CONFIRMED,REVIEW_ML_01,2026-12-30T10:30:00+09:00,SYNTHETIC_HUMAN_SCENARIO
LK_EV_APP0285_SECOND_INTERVIEW_VALUES_BEHAVIOR_INTERVIEW_M1_SKILL_05,EV_APP0285_SECOND_INTERVIEW_VALUES_BEHAVIOR_INTERVIEW_M1_SKILL_05,,HUMAN,M1_SKILL_05,CONFIRMED,REVIEW_ML_01,2026-12-30T10:30:00+09:00,SYNTHETIC_HUMAN_SCENARIO
LK_EV_APP0297_SECOND_INTERVIEW_VALUES_BEHAVIOR_INTERVIEW_M1_SKILL_04,EV_APP0297_SECOND_INTERVIEW_VALUES_BEHAVIOR_INTERVIEW_M1_SKILL_04,,HUMAN,M1_SKILL_04,CONFIRMED,REVIEW_ML_01,2026-12-31T10:45:00+09:00,SYNTHETIC_HUMAN_SCENARIO
LK_EV_APP0297_SECOND_INTERVIEW_VALUES_BEHAVIOR_INTERVIEW_M1_SKILL_05,EV_APP0297_SECOND_INTERVIEW_VALUES_BEHAVIOR_INTERVIEW_M1_SKILL_05,,HUMAN,M1_SKILL_05,CONFIRMED,REVIEW_ML_01,2026-12-31T10:45:00+09:00,SYNTHETIC_HUMAN_SCENARIO
LK_EV_APP0238_SECOND_INTERVIEW_VALUES_BEHAVIOR_INTERVIEW_M1_SKILL_04,EV_APP0238_SECOND_INTERVIEW_VALUES_BEHAVIOR_INTERVIEW_M1_SKILL_04,,HUMAN,M1_SKILL_04,CONFIRMED,REVIEW_ML_01,2027-01-09T10:45:00+09:00,SYNTHETIC_HUMAN_SCENARIO
LK_EV_APP0238_SECOND_INTERVIEW_VALUES_BEHAVIOR_INTERVIEW_M1_SKILL_05,EV_APP0238_SECOND_INTERVIEW_VALUES_BEHAVIOR_INTERVIEW_M1_SKILL_05,,HUMAN,M1_SKILL_05,CONFIRMED,REVIEW_ML_01,2027-01-09T10:45:00+09:00,SYNTHETIC_HUMAN_SCENARIO
LK_EV_APP0285_FINAL_REVIEW_FOCUSED_FOLLOW_UP_M1_SKILL_04,EV_APP0285_FINAL_REVIEW_FOCUSED_FOLLOW_UP_M1_SKILL_04,,HUMAN,M1_SKILL_04,CONFIRMED,REVIEW_ML_01,2027-01-16T11:50:00+09:00,SYNTHETIC_HUMAN_SCENARIO
LK_EV_APP0005_FINAL_REVIEW_FOCUSED_FOLLOW_UP_M1_SKILL_04,EV_APP0005_FINAL_REVIEW_FOCUSED_FOLLOW_UP_M1_SKILL_04,,HUMAN,M1_SKILL_04,CONFIRMED,REVIEW_ML_01,2027-01-20T12:05:00+09:00,SYNTHETIC_HUMAN_SCENARIO
LK_EV_APP0297_FINAL_REVIEW_FOCUSED_FOLLOW_UP_M1_SKILL_05,EV_APP0297_FINAL_REVIEW_FOCUSED_FOLLOW_UP_M1_SKILL_05,,HUMAN,M1_SKILL_05,CONFIRMED,REVIEW_ML_01,2027-01-13T11:45:00+09:00,SYNTHETIC_HUMAN_SCENARIO
LK_EV_APP0228_FINAL_REVIEW_FOCUSED_FOLLOW_UP_M1_SKILL_04,EV_APP0228_FINAL_REVIEW_FOCUSED_FOLLOW_UP_M1_SKILL_04,,HUMAN,M1_SKILL_04,CONFIRMED,REVIEW_ML_01,2027-01-21T11:40:00+09:00,SYNTHETIC_HUMAN_SCENARIO
