decision_id,application_id,candidate_id,skill_id,final_level,decision_status,rationale,decided_by,decided_at,decision_provenance,rubric_id
DC_APP0068_M1_SKILL_03_000000,APP0068,C0068,M1_SKILL_03,STRONG,AGREED,"{""difference_types"":[""EVIDENCE_EVOLUTION""],""disputed_evidence_ids"":[],""limited_evidence_ids"":[],""meaningful_conflict_refs"":[],""missing_evidence_ids"":[],""reason"":""동일 Skill의 독립된 직접 관찰로 수행 범위를 확인했다. 다른 맥락의 제한/모호성은 해당 근거의 한계로 보존한다."",""rubric_review"":""직접 관찰의 행동·검증을 검토하며 다른 맥락의 한계와 평가자 차이를 보존한다."",""supporting_observation_ids"":[""OB_REVIEW_ML_01_EV_APP0068_PRE_ASSESSMENT_CODING_TEST_M1_SKILL_03"",""OB_REVIEW_HM_01_EV_APP0068_PRE_ASSESSMENT_CODING_TEST_M1_SKILL_03""]}",CALIBRATION_PANEL_01,2026-11-12T13:28:00+09:00,SYNTHETIC_HUMAN_SCENARIO,M1_EVIDENCE_RUBRIC_V02
DC_APP0143_M1_SKILL_03_000001,APP0143,C0143,M1_SKILL_03,,INSUFFICIENT_EVIDENCE,"{""difference_types"":[],""disputed_evidence_ids"":[],""limited_evidence_ids"":[],""meaningful_conflict_refs"":[],""missing_evidence_ids"":[""EV_APP0143_PRE_ASSESSMENT_CODING_TEST_M1_SKILL_03""],""reason"":""직접 판단 근거 부족. 미관찰을 역량 부재로 해석하지 않는다."",""rubric_review"":""직접 관찰의 행동·검증을 검토하며 다른 맥락의 한계와 평가자 차이를 보존한다."",""supporting_observation_ids"":[]}",CALIBRATION_PANEL_01,2026-11-11T14:35:00+09:00,SYNTHETIC_HUMAN_SCENARIO,M1_EVIDENCE_RUBRIC_V02
DC_APP0064_M1_SKILL_03_000002,APP0064,C0064,M1_SKILL_03,,INSUFFICIENT_EVIDENCE,"{""difference_types"":[],""disputed_evidence_ids"":[],""limited_evidence_ids"":[],""meaningful_conflict_refs"":[],""missing_evidence_ids"":[""EV_APP0064_PRE_ASSESSMENT_CODING_TEST_M1_SKILL_03""],""reason"":""직접 판단 근거 부족. 미관찰을 역량 부재로 해석하지 않는다."",""rubric_review"":""직접 관찰의 행동·검증을 검토하며 다른 맥락의 한계와 평가자 차이를 보존한다."",""supporting_observation_ids"":[]}",CALIBRATION_PANEL_01,2026-11-08T15:05:00+09:00,SYNTHETIC_HUMAN_SCENARIO,M1_EVIDENCE_RUBRIC_V02
DC_APP0128_M1_SKILL_03_000003,APP0128,C0128,M1_SKILL_03,MODERATE,AGREED,"{""difference_types"":[""EVIDENCE_EVOLUTION""],""disputed_evidence_ids"":[],""limited_evidence_ids"":[],""meaningful_conflict_refs"":[],""missing_evidence_ids"":[],""reason"":""동일 Skill의 독립된 직접 관찰로 수행 범위를 확인했다. 다른 맥락의 제한/모호성은 해당 근거의 한계로 보존한다."",""rubric_review"":""직접 관찰의 행동·검증을 검토하며 다른 맥락의 한계와 평가자 차이를 보존한다."",""supporting_observation_ids"":[""OB_REVIEW_ML_01_EV_APP0128_PRE_ASSESSMENT_CODING_TEST_M1_SKILL_03"",""OB_REVIEW_HM_01_EV_APP0128_PRE_ASSESSMENT_CODING_TEST_M1_SKILL_03""]}",CALIBRATION_PANEL_01,2026-11-09T11:32:00+09:00,SYNTHETIC_HUMAN_SCENARIO,M1_EVIDENCE_RUBRIC_V02
DC_APP0031_M1_SKILL_03_000004,APP0031,C0031,M1_SKILL_03,,DISAGREEMENT_REMAINS,"{""difference_types"":[""EVALUATOR_DISAGREEMENT""],""disputed_evidence_ids"":[""EV_APP0031_PRE_ASSESSMENT_CODING_TEST_M1_SKILL_03""],""limited_evidence_ids"":[],""meaningful_conflict_refs"":[],""missing_evidence_ids"":[],""reason"":""동일 근거에 대한 평가자 해석 차이를 해소할 직접 관찰이 부족하다."",""rubric_review"":""직접 관찰의 행동·검증을 검토하며 다른 맥락의 한계와 평가자 차이를 보존한다."",""supporting_observation_ids"":[]}",CALIBRATION_PANEL_01,2026-11-08T18:16:00+09:00,SYNTHETIC_HUMAN_SCENARIO,M1_EVIDENCE_RUBRIC_V02
DC_APP0056_M1_SKILL_03_000005,APP0056,C0056,M1_SKILL_03,,DISAGREEMENT_REMAINS,"{""difference_types"":[""EVALUATOR_DISAGREEMENT""],""disputed_evidence_ids"":[""EV_APP0056_PRE_ASSESSMENT_CODING_TEST_M1_SKILL_03""],""limited_evidence_ids"":[],""meaningful_conflict_refs"":[],""missing_evidence_ids"":[],""reason"":""동일 근거에 대한 평가자 해석 차이를 해소할 직접 관찰이 부족하다."",""rubric_review"":""직접 관찰의 행동·검증을 검토하며 다른 맥락의 한계와 평가자 차이를 보존한다."",""supporting_observation_ids"":[]}",CALIBRATION_PANEL_01,2026-11-16T12:42:00+09:00,SYNTHETIC_HUMAN_SCENARIO,M1_EVIDENCE_RUBRIC_V02
DC_APP0030_M1_SKILL_03_000006,APP0030,C0030,M1_SKILL_03,LIMITED,AGREED,"{""difference_types"":[],""disputed_evidence_ids"":[],""limited_evidence_ids"":[""EV_APP0030_PRE_ASSESSMENT_CODING_TEST_M1_SKILL_03""],""meaningful_conflict_refs"":[],""missing_evidence_ids"":[],""reason"":""관찰된 직접 근거의 범위가 제한적이다. 자기기술만으로 보완하지 않는다."",""rubric_review"":""직접 관찰의 행동·검증을 검토하며 다른 맥락의 한계와 평가자 차이를 보존한다."",""supporting_observation_ids"":[""OB_REVIEW_ML_01_EV_APP0030_PRE_ASSESSMENT_CODING_TEST_M1_SKILL_03"",""OB_REVIEW_HM_01_EV_APP0030_PRE_ASSESSMENT_CODING_TEST_M1_SKILL_03""]}",CALIBRATION_PANEL_01,2026-11-08T14:25:00+09:00,SYNTHETIC_HUMAN_SCENARIO,M1_EVIDENCE_RUBRIC_V02
DC_APP0153_M1_SKILL_03_000007,APP0153,C0153,M1_SKILL_03,STRONG,AGREED,"{""difference_types"":[""EVIDENCE_EVOLUTION""],""disputed_evidence_ids"":[],""limited_evidence_ids"":[],""meaningful_conflict_refs"":[],""missing_evidence_ids"":[],""reason"":""동일 Skill의 독립된 직접 관찰로 수행 범위를 확인했다. 다른 맥락의 제한/모호성은 해당 근거의 한계로 보존한다."",""rubric_review"":""직접 관찰의 행동·검증을 검토하며 다른 맥락의 한계와 평가자 차이를 보존한다."",""supporting_observation_ids"":[""OB_REVIEW_ML_01_EV_APP0153_PRE_ASSESSMENT_CODING_TEST_M1_SKILL_03"",""OB_REVIEW_HM_01_EV_APP0153_PRE_ASSESSMENT_CODING_TEST_M1_SKILL_03""]}",CALIBRATION_PANEL_01,2026-11-11T18:56:00+09:00,SYNTHETIC_HUMAN_SCENARIO,M1_EVIDENCE_RUBRIC_V02
DC_APP0076_M1_SKILL_03_000008,APP0076,C0076,M1_SKILL_03,MODERATE,AGREED,"{""difference_types"":[""EVIDENCE_EVOLUTION""],""disputed_evidence_ids"":[],""limited_evidence_ids"":[],""meaningful_conflict_refs"":[],""missing_evidence_ids"":[],""reason"":""동일 Skill의 독립된 직접 관찰로 수행 범위를 확인했다. 다른 맥락의 제한/모호성은 해당 근거의 한계로 보존한다."",""rubric_review"":""직접 관찰의 행동·검증을 검토하며 다른 맥락의 한계와 평가자 차이를 보존한다."",""supporting_observation_ids"":[""OB_REVIEW_ML_01_EV_APP0076_PRE_ASSESSMENT_CODING_TEST_M1_SKILL_03"",""OB_REVIEW_HM_01_EV_APP0076_PRE_ASSESSMENT_CODING_TEST_M1_SKILL_03""]}",CALIBRATION_PANEL_01,2026-11-12T12:01:00+09:00,SYNTHETIC_HUMAN_SCENARIO,M1_EVIDENCE_RUBRIC_V02
DC_APP0150_M1_SKILL_03_000009,APP0150,C0150,M1_SKILL_03,,DISAGREEMENT_REMAINS,"{""difference_types"":[""EVALUATOR_DISAGREEMENT""],""disputed_evidence_ids"":[""EV_APP0150_PRE_ASSESSMENT_CODING_TEST_M1_SKILL_03""],""limited_evidence_ids"":[],""meaningful_conflict_refs"":[],""missing_evidence_ids"":[],""reason"":""동일 근거에 대한 평가자 해석 차이를 해소할 직접 관찰이 부족하다."",""rubric_review"":""직접 관찰의 행동·검증을 검토하며 다른 맥락의 한계와 평가자 차이를 보존한다."",""supporting_observation_ids"":[]}",CALIBRATION_PANEL_01,2026-11-08T14:43:00+09:00,SYNTHETIC_HUMAN_SCENARIO,M1_EVIDENCE_RUBRIC_V02
DC_APP0101_M1_SKILL_03_000010,APP0101,C0101,M1_SKILL_03,STRONG,AGREED,"{""difference_types"":[""EVIDENCE_EVOLUTION""],""disputed_evidence_ids"":[],""limited_evidence_ids"":[],""meaningful_conflict_refs"":[],""missing_evidence_ids"":[],""reason"":""동일 Skill의 독립된 직접 관찰로 수행 범위를 확인했다. 다른 맥락의 제한/모호성은 해당 근거의 한계로 보존한다."",""rubric_review"":""직접 관찰의 행동·검증을 검토하며 다른 맥락의 한계와 평가자 차이를 보존한다."",""supporting_observation_ids"":[""OB_REVIEW_ML_01_EV_APP0101_PRE_ASSESSMENT_CODING_TEST_M1_SKILL_03"",""OB_REVIEW_HM_01_EV_APP0101_PRE_ASSESSMENT_CODING_TEST_M1_SKILL_03""]}",CALIBRATION_PANEL_01,2026-11-14T17:49:00+09:00,SYNTHETIC_HUMAN_SCENARIO,M1_EVIDENCE_RUBRIC_V02
DC_APP0141_M1_SKILL_03_000011,APP0141,C0141,M1_SKILL_03,MODERATE,AGREED,"{""difference_types"":[""EVIDENCE_EVOLUTION""],""disputed_evidence_ids"":[],""limited_evidence_ids"":[],""meaningful_conflict_refs"":[],""missing_evidence_ids"":[],""reason"":""동일 Skill의 독립된 직접 관찰로 수행 범위를 확인했다. 다른 맥락의 제한/모호성은 해당 근거의 한계로 보존한다."",""rubric_review"":""직접 관찰의 행동·검증을 검토하며 다른 맥락의 한계와 평가자 차이를 보존한다."",""supporting_observation_ids"":[""OB_REVIEW_ML_01_EV_APP0141_PRE_ASSESSMENT_CODING_TEST_M1_SKILL_03"",""OB_REVIEW_HM_01_EV_APP0141_PRE_ASSESSMENT_CODING_TEST_M1_SKILL_03""]}",CALIBRATION_PANEL_01,2026-11-12T17:55:00+09:00,SYNTHETIC_HUMAN_SCENARIO,M1_EVIDENCE_RUBRIC_V02
DC_APP0061_M1_SKILL_03_000012,APP0061,C0061,M1_SKILL_03,,DISAGREEMENT_REMAINS,"{""difference_types"":[""EVALUATOR_DISAGREEMENT""],""disputed_evidence_ids"":[""EV_APP0061_PRE_ASSESSMENT_CODING_TEST_M1_SKILL_03""],""limited_evidence_ids"":[],""meaningful_conflict_refs"":[],""missing_evidence_ids"":[],""reason"":""동일 근거에 대한 평가자 해석 차이를 해소할 직접 관찰이 부족하다."",""rubric_review"":""직접 관찰의 행동·검증을 검토하며 다른 맥락의 한계와 평가자 차이를 보존한다."",""supporting_observation_ids"":[]}",CALIBRATION_PANEL_01,2026-11-14T11:58:00+09:00,SYNTHETIC_HUMAN_SCENARIO,M1_EVIDENCE_RUBRIC_V02
DC_APP0193_M1_SKILL_03_000013,APP0193,C0193,M1_SKILL_03,,INSUFFICIENT_EVIDENCE,"{""difference_types"":[],""disputed_evidence_ids"":[],""limited_evidence_ids"":[],""meaningful_conflict_refs"":[],""missing_evidence_ids"":[""EV_APP0193_PRE_ASSESSMENT_CODING_TEST_M1_SKILL_03""],""reason"":""직접 판단 근거 부족. 미관찰을 역량 부재로 해석하지 않는다."",""rubric_review"":""직접 관찰의 행동·검증을 검토하며 다른 맥락의 한계와 평가자 차이를 보존한다."",""supporting_observation_ids"":[]}",CALIBRATION_PANEL_01,2026-11-14T15:29:00+09:00,SYNTHETIC_HUMAN_SCENARIO,M1_EVIDENCE_RUBRIC_V02
DC_APP0005_M1_SKILL_03_000014,APP0005,C0005,M1_SKILL_03,STRONG,AGREED,"{""difference_types"":[""EVIDENCE_EVOLUTION""],""disputed_evidence_ids"":[],""limited_evidence_ids"":[],""meaningful_conflict_refs"":[],""missing_evidence_ids"":[],""reason"":""동일 Skill의 독립된 직접 관찰로 수행 범위를 확인했다. 다른 맥락의 제한/모호성은 해당 근거의 한계로 보존한다."",""rubric_review"":""직접 관찰의 행동·검증을 검토하며 다른 맥락의 한계와 평가자 차이를 보존한다."",""supporting_observation_ids"":[""OB_REVIEW_ML_01_EV_APP0005_PRE_ASSESSMENT_CODING_TEST_M1_SKILL_03"",""OB_REVIEW_HM_01_EV_APP0005_PRE_ASSESSMENT_CODING_TEST_M1_SKILL_03""]}",CALIBRATION_PANEL_01,2026-11-17T16:32:00+09:00,SYNTHETIC_HUMAN_SCENARIO,M1_EVIDENCE_RUBRIC_V02
DC_APP0039_M1_SKILL_03_000015,APP0039,C0039,M1_SKILL_03,,DISAGREEMENT_REMAINS,"{""difference_types"":[""EVALUATOR_DISAGREEMENT""],""disputed_evidence_ids"":[""EV_APP0039_PRE_ASSESSMENT_CODING_TEST_M1_SKILL_03""],""limited_evidence_ids"":[],""meaningful_conflict_refs"":[],""missing_evidence_ids"":[],""reason"":""동일 근거에 대한 평가자 해석 차이를 해소할 직접 관찰이 부족하다."",""rubric_review"":""직접 관찰의 행동·검증을 검토하며 다른 맥락의 한계와 평가자 차이를 보존한다."",""supporting_observation_ids"":[]}",CALIBRATION_PANEL_01,2026-11-12T17:29:00+09:00,SYNTHETIC_HUMAN_SCENARIO,M1_EVIDENCE_RUBRIC_V02
DC_APP0228_M1_SKILL_03_000016,APP0228,C0228,M1_SKILL_03,MODERATE,AGREED,"{""difference_types"":[""EVIDENCE_EVOLUTION""],""disputed_evidence_ids"":[],""limited_evidence_ids"":[],""meaningful_conflict_refs"":[],""missing_evidence_ids"":[],""reason"":""동일 Skill의 독립된 직접 관찰로 수행 범위를 확인했다. 다른 맥락의 제한/모호성은 해당 근거의 한계로 보존한다."",""rubric_review"":""직접 관찰의 행동·검증을 검토하며 다른 맥락의 한계와 평가자 차이를 보존한다."",""supporting_observation_ids"":[""OB_REVIEW_ML_01_EV_APP0228_PRE_ASSESSMENT_CODING_TEST_M1_SKILL_03"",""OB_REVIEW_HM_01_EV_APP0228_PRE_ASSESSMENT_CODING_TEST_M1_SKILL_03""]}",CALIBRATION_PANEL_01,2026-11-10T17:54:00+09:00,SYNTHETIC_HUMAN_SCENARIO,M1_EVIDENCE_RUBRIC_V02
DC_APP0137_M1_SKILL_03_000017,APP0137,C0137,M1_SKILL_03,LIMITED,AGREED,"{""difference_types"":[],""disputed_evidence_ids"":[],""limited_evidence_ids"":[""EV_APP0137_PRE_ASSESSMENT_CODING_TEST_M1_SKILL_03""],""meaningful_conflict_refs"":[],""missing_evidence_ids"":[],""reason"":""관찰된 직접 근거의 범위가 제한적이다. 자기기술만으로 보완하지 않는다."",""rubric_review"":""직접 관찰의 행동·검증을 검토하며 다른 맥락의 한계와 평가자 차이를 보존한다."",""supporting_observation_ids"":[""OB_REVIEW_ML_01_EV_APP0137_PRE_ASSESSMENT_CODING_TEST_M1_SKILL_03"",""OB_REVIEW_HM_01_EV_APP0137_PRE_ASSESSMENT_CODING_TEST_M1_SKILL_03""]}",CALIBRATION_PANEL_01,2026-11-10T18:50:00+09:00,SYNTHETIC_HUMAN_SCENARIO,M1_EVIDENCE_RUBRIC_V02
DC_APP0189_M1_SKILL_03_000018,APP0189,C0189,M1_SKILL_03,,INSUFFICIENT_EVIDENCE,"{""difference_types"":[],""disputed_evidence_ids"":[],""limited_evidence_ids"":[],""meaningful_conflict_refs"":[],""missing_evidence_ids"":[""EV_APP0189_PRE_ASSESSMENT_CODING_TEST_M1_SKILL_03""],""reason"":""직접 판단 근거 부족. 미관찰을 역량 부재로 해석하지 않는다."",""rubric_review"":""직접 관찰의 행동·검증을 검토하며 다른 맥락의 한계와 평가자 차이를 보존한다."",""supporting_observation_ids"":[]}",CALIBRATION_PANEL_01,2026-11-22T16:03:00+09:00,SYNTHETIC_HUMAN_SCENARIO,M1_EVIDENCE_RUBRIC_V02
DC_APP0257_M1_SKILL_03_000019,APP0257,C0257,M1_SKILL_03,LIMITED,AGREED,"{""difference_types"":[],""disputed_evidence_ids"":[],""limited_evidence_ids"":[""EV_APP0257_PRE_ASSESSMENT_CODING_TEST_M1_SKILL_03""],""meaningful_conflict_refs"":[],""missing_evidence_ids"":[],""reason"":""관찰된 직접 근거의 범위가 제한적이다. 자기기술만으로 보완하지 않는다."",""rubric_review"":""직접 관찰의 행동·검증을 검토하며 다른 맥락의 한계와 평가자 차이를 보존한다."",""supporting_observation_ids"":[""OB_REVIEW_ML_01_EV_APP0257_PRE_ASSESSMENT_CODING_TEST_M1_SKILL_03"",""OB_REVIEW_HM_01_EV_APP0257_PRE_ASSESSMENT_CODING_TEST_M1_SKILL_03""]}",CALIBRATION_PANEL_01,2026-11-21T11:31:00+09:00,SYNTHETIC_HUMAN_SCENARIO,M1_EVIDENCE_RUBRIC_V02
DC_APP0082_M1_SKILL_03_000020,APP0082,C0082,M1_SKILL_03,MODERATE,AGREED,"{""difference_types"":[""EVIDENCE_EVOLUTION""],""disputed_evidence_ids"":[],""limited_evidence_ids"":[],""meaningful_conflict_refs"":[],""missing_evidence_ids"":[],""reason"":""동일 Skill의 독립된 직접 관찰로 수행 범위를 확인했다. 다른 맥락의 제한/모호성은 해당 근거의 한계로 보존한다."",""rubric_review"":""직접 관찰의 행동·검증을 검토하며 다른 맥락의 한계와 평가자 차이를 보존한다."",""supporting_observation_ids"":[""OB_REVIEW_ML_01_EV_APP0082_PRE_ASSESSMENT_CODING_TEST_M1_SKILL_03"",""OB_REVIEW_HM_01_EV_APP0082_PRE_ASSESSMENT_CODING_TEST_M1_SKILL_03""]}",CALIBRATION_PANEL_01,2026-11-17T17:36:00+09:00,SYNTHETIC_HUMAN_SCENARIO,M1_EVIDENCE_RUBRIC_V02
DC_APP0200_M1_SKILL_03_000021,APP0200,C0200,M1_SKILL_03,LIMITED,AGREED,"{""difference_types"":[],""disputed_evidence_ids"":[],""limited_evidence_ids"":[""EV_APP0200_PRE_ASSESSMENT_CODING_TEST_M1_SKILL_03""],""meaningful_conflict_refs"":[],""missing_evidence_ids"":[],""reason"":""관찰된 직접 근거의 범위가 제한적이다. 자기기술만으로 보완하지 않는다."",""rubric_review"":""직접 관찰의 행동·검증을 검토하며 다른 맥락의 한계와 평가자 차이를 보존한다."",""supporting_observation_ids"":[""OB_REVIEW_ML_01_EV_APP0200_PRE_ASSESSMENT_CODING_TEST_M1_SKILL_03"",""OB_REVIEW_HM_01_EV_APP0200_PRE_ASSESSMENT_CODING_TEST_M1_SKILL_03""]}",CALIBRATION_PANEL_01,2026-11-15T11:24:00+09:00,SYNTHETIC_HUMAN_SCENARIO,M1_EVIDENCE_RUBRIC_V02
DC_APP0223_M1_SKILL_03_000022,APP0223,C0223,M1_SKILL_03,,INSUFFICIENT_EVIDENCE,"{""difference_types"":[],""disputed_evidence_ids"":[],""limited_evidence_ids"":[],""meaningful_conflict_refs"":[],""missing_evidence_ids"":[""EV_APP0223_PRE_ASSESSMENT_CODING_TEST_M1_SKILL_03""],""reason"":""직접 판단 근거 부족. 미관찰을 역량 부재로 해석하지 않는다."",""rubric_review"":""직접 관찰의 행동·검증을 검토하며 다른 맥락의 한계와 평가자 차이를 보존한다."",""supporting_observation_ids"":[]}",CALIBRATION_PANEL_01,2026-11-19T12:26:00+09:00,SYNTHETIC_HUMAN_SCENARIO,M1_EVIDENCE_RUBRIC_V02
DC_APP0240_M1_SKILL_03_000023,APP0240,C0240,M1_SKILL_03,,INSUFFICIENT_EVIDENCE,"{""difference_types"":[],""disputed_evidence_ids"":[],""limited_evidence_ids"":[],""meaningful_conflict_refs"":[],""missing_evidence_ids"":[""EV_APP0240_PRE_ASSESSMENT_CODING_TEST_M1_SKILL_03""],""reason"":""직접 판단 근거 부족. 미관찰을 역량 부재로 해석하지 않는다."",""rubric_review"":""직접 관찰의 행동·검증을 검토하며 다른 맥락의 한계와 평가자 차이를 보존한다."",""supporting_observation_ids"":[]}",CALIBRATION_PANEL_01,2026-11-22T15:08:00+09:00,SYNTHETIC_HUMAN_SCENARIO,M1_EVIDENCE_RUBRIC_V02
DC_APP0181_M1_SKILL_03_000024,APP0181,C0181,M1_SKILL_03,MODERATE,AGREED,"{""difference_types"":[""EVIDENCE_EVOLUTION""],""disputed_evidence_ids"":[],""limited_evidence_ids"":[],""meaningful_conflict_refs"":[],""missing_evidence_ids"":[],""reason"":""동일 Skill의 독립된 직접 관찰로 수행 범위를 확인했다. 다른 맥락의 제한/모호성은 해당 근거의 한계로 보존한다."",""rubric_review"":""직접 관찰의 행동·검증을 검토하며 다른 맥락의 한계와 평가자 차이를 보존한다."",""supporting_observation_ids"":[""OB_REVIEW_ML_01_EV_APP0181_PRE_ASSESSMENT_CODING_TEST_M1_SKILL_03"",""OB_REVIEW_HM_01_EV_APP0181_PRE_ASSESSMENT_CODING_TEST_M1_SKILL_03""]}",CALIBRATION_PANEL_01,2026-11-20T15:40:00+09:00,SYNTHETIC_HUMAN_SCENARIO,M1_EVIDENCE_RUBRIC_V02
DC_APP0206_M1_SKILL_03_000025,APP0206,C0206,M1_SKILL_03,LIMITED,AGREED,"{""difference_types"":[],""disputed_evidence_ids"":[],""limited_evidence_ids"":[""EV_APP0206_PRE_ASSESSMENT_CODING_TEST_M1_SKILL_03""],""meaningful_conflict_refs"":[],""missing_evidence_ids"":[],""reason"":""관찰된 직접 근거의 범위가 제한적이다. 자기기술만으로 보완하지 않는다."",""rubric_review"":""직접 관찰의 행동·검증을 검토하며 다른 맥락의 한계와 평가자 차이를 보존한다."",""supporting_observation_ids"":[""OB_REVIEW_ML_01_EV_APP0206_PRE_ASSESSMENT_CODING_TEST_M1_SKILL_03"",""OB_REVIEW_HM_01_EV_APP0206_PRE_ASSESSMENT_CODING_TEST_M1_SKILL_03""]}",CALIBRATION_PANEL_01,2026-11-24T17:42:00+09:00,SYNTHETIC_HUMAN_SCENARIO,M1_EVIDENCE_RUBRIC_V02
DC_APP0325_M1_SKILL_03_000026,APP0325,C0325,M1_SKILL_03,,DISAGREEMENT_REMAINS,"{""difference_types"":[""EVALUATOR_DISAGREEMENT""],""disputed_evidence_ids"":[""EV_APP0325_PRE_ASSESSMENT_CODING_TEST_M1_SKILL_03""],""limited_evidence_ids"":[],""meaningful_conflict_refs"":[],""missing_evidence_ids"":[],""reason"":""동일 근거에 대한 평가자 해석 차이를 해소할 직접 관찰이 부족하다."",""rubric_review"":""직접 관찰의 행동·검증을 검토하며 다른 맥락의 한계와 평가자 차이를 보존한다."",""supporting_observation_ids"":[]}",CALIBRATION_PANEL_01,2026-11-25T12:03:00+09:00,SYNTHETIC_HUMAN_SCENARIO,M1_EVIDENCE_RUBRIC_V02
DC_APP0218_M1_SKILL_03_000027,APP0218,C0218,M1_SKILL_03,LIMITED,AGREED,"{""difference_types"":[],""disputed_evidence_ids"":[],""limited_evidence_ids"":[""EV_APP0218_PRE_ASSESSMENT_CODING_TEST_M1_SKILL_03""],""meaningful_conflict_refs"":[],""missing_evidence_ids"":[],""reason"":""관찰된 직접 근거의 범위가 제한적이다. 자기기술만으로 보완하지 않는다."",""rubric_review"":""직접 관찰의 행동·검증을 검토하며 다른 맥락의 한계와 평가자 차이를 보존한다."",""supporting_observation_ids"":[""OB_REVIEW_ML_01_EV_APP0218_PRE_ASSESSMENT_CODING_TEST_M1_SKILL_03"",""OB_REVIEW_HM_01_EV_APP0218_PRE_ASSESSMENT_CODING_TEST_M1_SKILL_03""]}",CALIBRATION_PANEL_01,2026-11-24T18:34:00+09:00,SYNTHETIC_HUMAN_SCENARIO,M1_EVIDENCE_RUBRIC_V02
DC_APP0342_M1_SKILL_03_000028,APP0342,C0342,M1_SKILL_03,STRONG,AGREED,"{""difference_types"":[""EVIDENCE_EVOLUTION""],""disputed_evidence_ids"":[],""limited_evidence_ids"":[],""meaningful_conflict_refs"":[],""missing_evidence_ids"":[],""reason"":""동일 Skill의 독립된 직접 관찰로 수행 범위를 확인했다. 다른 맥락의 제한/모호성은 해당 근거의 한계로 보존한다."",""rubric_review"":""직접 관찰의 행동·검증을 검토하며 다른 맥락의 한계와 평가자 차이를 보존한다."",""supporting_observation_ids"":[""OB_REVIEW_ML_01_EV_APP0342_PRE_ASSESSMENT_CODING_TEST_M1_SKILL_03"",""OB_REVIEW_HM_01_EV_APP0342_PRE_ASSESSMENT_CODING_TEST_M1_SKILL_03""]}",CALIBRATION_PANEL_01,2026-11-20T18:59:00+09:00,SYNTHETIC_HUMAN_SCENARIO,M1_EVIDENCE_RUBRIC_V02
DC_APP0285_M1_SKILL_03_000029,APP0285,C0285,M1_SKILL_03,STRONG,AGREED,"{""difference_types"":[""EVIDENCE_EVOLUTION""],""disputed_evidence_ids"":[],""limited_evidence_ids"":[],""meaningful_conflict_refs"":[],""missing_evidence_ids"":[],""reason"":""동일 Skill의 독립된 직접 관찰로 수행 범위를 확인했다. 다른 맥락의 제한/모호성은 해당 근거의 한계로 보존한다."",""rubric_review"":""직접 관찰의 행동·검증을 검토하며 다른 맥락의 한계와 평가자 차이를 보존한다."",""supporting_observation_ids"":[""OB_REVIEW_ML_01_EV_APP0285_PRE_ASSESSMENT_CODING_TEST_M1_SKILL_03"",""OB_REVIEW_HM_01_EV_APP0285_PRE_ASSESSMENT_CODING_TEST_M1_SKILL_03""]}",CALIBRATION_PANEL_01,2026-11-29T11:38:00+09:00,SYNTHETIC_HUMAN_SCENARIO,M1_EVIDENCE_RUBRIC_V02
DC_APP0238_M1_SKILL_03_000030,APP0238,C0238,M1_SKILL_03,MODERATE,AGREED,"{""difference_types"":[""EVIDENCE_EVOLUTION""],""disputed_evidence_ids"":[],""limited_evidence_ids"":[],""meaningful_conflict_refs"":[],""missing_evidence_ids"":[],""reason"":""동일 Skill의 독립된 직접 관찰로 수행 범위를 확인했다. 다른 맥락의 제한/모호성은 해당 근거의 한계로 보존한다."",""rubric_review"":""직접 관찰의 행동·검증을 검토하며 다른 맥락의 한계와 평가자 차이를 보존한다."",""supporting_observation_ids"":[""OB_REVIEW_ML_01_EV_APP0238_PRE_ASSESSMENT_CODING_TEST_M1_SKILL_03"",""OB_REVIEW_HM_01_EV_APP0238_PRE_ASSESSMENT_CODING_TEST_M1_SKILL_03""]}",CALIBRATION_PANEL_01,2026-11-25T16:40:00+09:00,SYNTHETIC_HUMAN_SCENARIO,M1_EVIDENCE_RUBRIC_V02
DC_APP0268_M1_SKILL_03_000031,APP0268,C0268,M1_SKILL_03,MODERATE,AGREED,"{""difference_types"":[""EVIDENCE_EVOLUTION""],""disputed_evidence_ids"":[],""limited_evidence_ids"":[],""meaningful_conflict_refs"":[],""missing_evidence_ids"":[],""reason"":""동일 Skill의 독립된 직접 관찰로 수행 범위를 확인했다. 다른 맥락의 제한/모호성은 해당 근거의 한계로 보존한다."",""rubric_review"":""직접 관찰의 행동·검증을 검토하며 다른 맥락의 한계와 평가자 차이를 보존한다."",""supporting_observation_ids"":[""OB_REVIEW_ML_01_EV_APP0268_PRE_ASSESSMENT_CODING_TEST_M1_SKILL_03"",""OB_REVIEW_HM_01_EV_APP0268_PRE_ASSESSMENT_CODING_TEST_M1_SKILL_03""]}",CALIBRATION_PANEL_01,2026-11-22T17:42:00+09:00,SYNTHETIC_HUMAN_SCENARIO,M1_EVIDENCE_RUBRIC_V02
DC_APP0297_M1_SKILL_03_000032,APP0297,C0297,M1_SKILL_03,MODERATE,AGREED,"{""difference_types"":[""EVIDENCE_EVOLUTION""],""disputed_evidence_ids"":[],""limited_evidence_ids"":[],""meaningful_conflict_refs"":[],""missing_evidence_ids"":[],""reason"":""동일 Skill의 독립된 직접 관찰로 수행 범위를 확인했다. 다른 맥락의 제한/모호성은 해당 근거의 한계로 보존한다."",""rubric_review"":""직접 관찰의 행동·검증을 검토하며 다른 맥락의 한계와 평가자 차이를 보존한다."",""supporting_observation_ids"":[""OB_REVIEW_ML_01_EV_APP0297_PRE_ASSESSMENT_CODING_TEST_M1_SKILL_03"",""OB_REVIEW_HM_01_EV_APP0297_PRE_ASSESSMENT_CODING_TEST_M1_SKILL_03""]}",CALIBRATION_PANEL_01,2026-11-25T15:56:00+09:00,SYNTHETIC_HUMAN_SCENARIO,M1_EVIDENCE_RUBRIC_V02
DC_APP0270_M1_SKILL_03_000033,APP0270,C0270,M1_SKILL_03,,DISAGREEMENT_REMAINS,"{""difference_types"":[""EVALUATOR_DISAGREEMENT""],""disputed_evidence_ids"":[""EV_APP0270_PRE_ASSESSMENT_CODING_TEST_M1_SKILL_03""],""limited_evidence_ids"":[],""meaningful_conflict_refs"":[],""missing_evidence_ids"":[],""reason"":""동일 근거에 대한 평가자 해석 차이를 해소할 직접 관찰이 부족하다."",""rubric_review"":""직접 관찰의 행동·검증을 검토하며 다른 맥락의 한계와 평가자 차이를 보존한다."",""supporting_observation_ids"":[]}",CALIBRATION_PANEL_01,2026-11-27T14:08:00+09:00,SYNTHETIC_HUMAN_SCENARIO,M1_EVIDENCE_RUBRIC_V02
DC_APP0237_M1_SKILL_03_000034,APP0237,C0237,M1_SKILL_03,,INSUFFICIENT_EVIDENCE,"{""difference_types"":[],""disputed_evidence_ids"":[],""limited_evidence_ids"":[],""meaningful_conflict_refs"":[],""missing_evidence_ids"":[""EV_APP0237_PRE_ASSESSMENT_CODING_TEST_M1_SKILL_03""],""reason"":""직접 판단 근거 부족. 미관찰을 역량 부재로 해석하지 않는다."",""rubric_review"":""직접 관찰의 행동·검증을 검토하며 다른 맥락의 한계와 평가자 차이를 보존한다."",""supporting_observation_ids"":[]}",CALIBRATION_PANEL_01,2026-11-30T15:44:00+09:00,SYNTHETIC_HUMAN_SCENARIO,M1_EVIDENCE_RUBRIC_V02
DC_APP0309_M1_SKILL_03_000035,APP0309,C0309,M1_SKILL_03,MODERATE,AGREED,"{""difference_types"":[""EVIDENCE_EVOLUTION""],""disputed_evidence_ids"":[],""limited_evidence_ids"":[],""meaningful_conflict_refs"":[],""missing_evidence_ids"":[],""reason"":""동일 Skill의 독립된 직접 관찰로 수행 범위를 확인했다. 다른 맥락의 제한/모호성은 해당 근거의 한계로 보존한다."",""rubric_review"":""직접 관찰의 행동·검증을 검토하며 다른 맥락의 한계와 평가자 차이를 보존한다."",""supporting_observation_ids"":[""OB_REVIEW_ML_01_EV_APP0309_PRE_ASSESSMENT_CODING_TEST_M1_SKILL_03"",""OB_REVIEW_HM_01_EV_APP0309_PRE_ASSESSMENT_CODING_TEST_M1_SKILL_03""]}",CALIBRATION_PANEL_01,2026-11-29T14:59:00+09:00,SYNTHETIC_HUMAN_SCENARIO,M1_EVIDENCE_RUBRIC_V02
DC_APP0005_M1_SKILL_01_000036,APP0005,C0005,M1_SKILL_01,MODERATE,AGREED,"{""difference_types"":[""EVIDENCE_EVOLUTION""],""disputed_evidence_ids"":[],""limited_evidence_ids"":[],""meaningful_conflict_refs"":[],""missing_evidence_ids"":[],""reason"":""동일 Skill의 독립된 직접 관찰로 수행 범위를 확인했다. 다른 맥락의 제한/모호성은 해당 근거의 한계로 보존한다."",""rubric_review"":""직접 관찰의 행동·검증을 검토하며 다른 맥락의 한계와 평가자 차이를 보존한다."",""supporting_observation_ids"":[""OB_FIRST_PANEL_01_ML_ENGINEER_EV_APP0005_FIRST_INTERVIEW_TECHNICAL_ASSESSMENT_M1_SKILL_01"",""OB_FIRST_PANEL_01_HIRING_MANAGER_EV_APP0005_FIRST_INTERVIEW_TECHNICAL_ASSESSMENT_M1_SKILL_01"",""OB_FIRST_PANEL_01_TECHNICAL_REVIEWER_EV_APP0005_FIRST_INTERVIEW_TECHNICAL_ASSESSMENT_M1_SKILL_01"",""OB_FIRST_PANEL_01_ML_ENGINEER_EV_APP0005_FIRST_INTERVIEW_AI_CASE_M1_SKILL_01"",""OB_FIRST_PANEL_01_HIRING_MANAGER_EV_APP0005_FIRST_INTERVIEW_AI_CASE_M1_SKILL_01"",""OB_FIRST_PANEL_01_TECHNICAL_REVIEWER_EV_APP0005_FIRST_INTERVIEW_AI_CASE_M1_SKILL_01""]}",CALIBRATION_PANEL_01,2026-12-13T10:15:00+09:00,SYNTHETIC_HUMAN_SCENARIO,M1_EVIDENCE_RUBRIC_V02
DC_APP0005_M1_SKILL_02_000037,APP0005,C0005,M1_SKILL_02,MODERATE,AGREED,"{""difference_types"":[],""disputed_evidence_ids"":[],""limited_evidence_ids"":[],""meaningful_conflict_refs"":[],""missing_evidence_ids"":[],""reason"":""동일 Skill의 독립된 직접 관찰로 수행 범위를 확인했다. 다른 맥락의 제한/모호성은 해당 근거의 한계로 보존한다."",""rubric_review"":""직접 관찰의 행동·검증을 검토하며 다른 맥락의 한계와 평가자 차이를 보존한다."",""supporting_observation_ids"":[""OB_FIRST_PANEL_01_ML_ENGINEER_EV_APP0005_FIRST_INTERVIEW_TECHNICAL_ASSESSMENT_M1_SKILL_02"",""OB_FIRST_PANEL_01_HIRING_MANAGER_EV_APP0005_FIRST_INTERVIEW_TECHNICAL_ASSESSMENT_M1_SKILL_02"",""OB_FIRST_PANEL_01_TECHNICAL_REVIEWER_EV_APP0005_FIRST_INTERVIEW_TECHNICAL_ASSESSMENT_M1_SKILL_02""]}",CALIBRATION_PANEL_01,2026-12-13T10:15:00+09:00,SYNTHETIC_HUMAN_SCENARIO,M1_EVIDENCE_RUBRIC_V02
DC_APP0005_M1_SKILL_03_000038,APP0005,C0005,M1_SKILL_03,STRONG,AGREED,"{""difference_types"":[""EVIDENCE_EVOLUTION""],""disputed_evidence_ids"":[],""limited_evidence_ids"":[],""meaningful_conflict_refs"":[],""missing_evidence_ids"":[],""reason"":""동일 Skill의 독립된 직접 관찰로 수행 범위를 확인했다. 다른 맥락의 제한/모호성은 해당 근거의 한계로 보존한다."",""rubric_review"":""직접 관찰의 행동·검증을 검토하며 다른 맥락의 한계와 평가자 차이를 보존한다."",""supporting_observation_ids"":[""OB_REVIEW_ML_01_EV_APP0005_PRE_ASSESSMENT_CODING_TEST_M1_SKILL_03"",""OB_REVIEW_HM_01_EV_APP0005_PRE_ASSESSMENT_CODING_TEST_M1_SKILL_03"",""OB_FIRST_PANEL_01_ML_ENGINEER_EV_APP0005_FIRST_INTERVIEW_AI_CASE_M1_SKILL_03"",""OB_FIRST_PANEL_01_HIRING_MANAGER_EV_APP0005_FIRST_INTERVIEW_AI_CASE_M1_SKILL_03"",""OB_FIRST_PANEL_01_TECHNICAL_REVIEWER_EV_APP0005_FIRST_INTERVIEW_AI_CASE_M1_SKILL_03""]}",CALIBRATION_PANEL_01,2026-12-13T10:15:00+09:00,SYNTHETIC_HUMAN_SCENARIO,M1_EVIDENCE_RUBRIC_V02
DC_APP0005_M1_SKILL_04_000039,APP0005,C0005,M1_SKILL_04,,INSUFFICIENT_EVIDENCE,"{""difference_types"":[],""disputed_evidence_ids"":[],""limited_evidence_ids"":[],""meaningful_conflict_refs"":[],""missing_evidence_ids"":[""EV_APP0005_FIRST_INTERVIEW_PRACTITIONER_QA_M1_SKILL_04""],""reason"":""직접 판단 근거 부족. 미관찰을 역량 부재로 해석하지 않는다."",""rubric_review"":""직접 관찰의 행동·검증을 검토하며 다른 맥락의 한계와 평가자 차이를 보존한다."",""supporting_observation_ids"":[]}",CALIBRATION_PANEL_01,2026-12-13T10:15:00+09:00,SYNTHETIC_HUMAN_SCENARIO,M1_EVIDENCE_RUBRIC_V02
DC_APP0005_M1_SKILL_05_000040,APP0005,C0005,M1_SKILL_05,LIMITED,AGREED,"{""difference_types"":[],""disputed_evidence_ids"":[],""limited_evidence_ids"":[""EV_APP0005_FIRST_INTERVIEW_PRACTITIONER_QA_M1_SKILL_05""],""meaningful_conflict_refs"":[],""missing_evidence_ids"":[],""reason"":""관찰된 직접 근거의 범위가 제한적이다. 자기기술만으로 보완하지 않는다."",""rubric_review"":""직접 관찰의 행동·검증을 검토하며 다른 맥락의 한계와 평가자 차이를 보존한다."",""supporting_observation_ids"":[""OB_FIRST_PANEL_01_ML_ENGINEER_EV_APP0005_FIRST_INTERVIEW_PRACTITIONER_QA_M1_SKILL_05"",""OB_FIRST_PANEL_01_HIRING_MANAGER_EV_APP0005_FIRST_INTERVIEW_PRACTITIONER_QA_M1_SKILL_05"",""OB_FIRST_PANEL_01_TECHNICAL_REVIEWER_EV_APP0005_FIRST_INTERVIEW_PRACTITIONER_QA_M1_SKILL_05""]}",CALIBRATION_PANEL_01,2026-12-13T10:15:00+09:00,SYNTHETIC_HUMAN_SCENARIO,M1_EVIDENCE_RUBRIC_V02
DC_APP0005_M1_SKILL_06_000041,APP0005,C0005,M1_SKILL_06,MODERATE,AGREED,"{""difference_types"":[],""disputed_evidence_ids"":[],""limited_evidence_ids"":[],""meaningful_conflict_refs"":[],""missing_evidence_ids"":[],""reason"":""동일 Skill의 독립된 직접 관찰로 수행 범위를 확인했다. 다른 맥락의 제한/모호성은 해당 근거의 한계로 보존한다."",""rubric_review"":""직접 관찰의 행동·검증을 검토하며 다른 맥락의 한계와 평가자 차이를 보존한다."",""supporting_observation_ids"":[""OB_FIRST_PANEL_01_ML_ENGINEER_EV_APP0005_FIRST_INTERVIEW_PRACTITIONER_QA_M1_SKILL_06"",""OB_FIRST_PANEL_01_HIRING_MANAGER_EV_APP0005_FIRST_INTERVIEW_PRACTITIONER_QA_M1_SKILL_06"",""OB_FIRST_PANEL_01_TECHNICAL_REVIEWER_EV_APP0005_FIRST_INTERVIEW_PRACTITIONER_QA_M1_SKILL_06""]}",CALIBRATION_PANEL_01,2026-12-13T10:15:00+09:00,SYNTHETIC_HUMAN_SCENARIO,M1_EVIDENCE_RUBRIC_V02
DC_APP0005_M1_SKILL_07_000042,APP0005,C0005,M1_SKILL_07,LIMITED,AGREED,"{""difference_types"":[],""disputed_evidence_ids"":[],""limited_evidence_ids"":[""EV_APP0005_FIRST_INTERVIEW_TECHNICAL_ASSESSMENT_M1_SKILL_07""],""meaningful_conflict_refs"":[],""missing_evidence_ids"":[],""reason"":""관찰된 직접 근거의 범위가 제한적이다. 자기기술만으로 보완하지 않는다."",""rubric_review"":""직접 관찰의 행동·검증을 검토하며 다른 맥락의 한계와 평가자 차이를 보존한다."",""supporting_observation_ids"":[""OB_FIRST_PANEL_01_ML_ENGINEER_EV_APP0005_FIRST_INTERVIEW_TECHNICAL_ASSESSMENT_M1_SKILL_07"",""OB_FIRST_PANEL_01_HIRING_MANAGER_EV_APP0005_FIRST_INTERVIEW_TECHNICAL_ASSESSMENT_M1_SKILL_07"",""OB_FIRST_PANEL_01_TECHNICAL_REVIEWER_EV_APP0005_FIRST_INTERVIEW_TECHNICAL_ASSESSMENT_M1_SKILL_07""]}",CALIBRATION_PANEL_01,2026-12-13T10:15:00+09:00,SYNTHETIC_HUMAN_SCENARIO,M1_EVIDENCE_RUBRIC_V02
DC_APP0005_M1_SKILL_08_000043,APP0005,C0005,M1_SKILL_08,,DISAGREEMENT_REMAINS,"{""difference_types"":[""EVALUATOR_DISAGREEMENT""],""disputed_evidence_ids"":[""EV_APP0005_FIRST_INTERVIEW_PRACTITIONER_QA_M1_SKILL_08""],""limited_evidence_ids"":[],""meaningful_conflict_refs"":[],""missing_evidence_ids"":[],""reason"":""동일 근거에 대한 평가자 해석 차이를 해소할 직접 관찰이 부족하다."",""rubric_review"":""직접 관찰의 행동·검증을 검토하며 다른 맥락의 한계와 평가자 차이를 보존한다."",""supporting_observation_ids"":[]}",CALIBRATION_PANEL_01,2026-12-13T10:15:00+09:00,SYNTHETIC_HUMAN_SCENARIO,M1_EVIDENCE_RUBRIC_V02
DC_APP0031_M1_SKILL_01_000044,APP0031,C0031,M1_SKILL_01,LIMITED,AGREED,"{""difference_types"":[],""disputed_evidence_ids"":[],""limited_evidence_ids"":[""EV_APP0031_FIRST_INTERVIEW_TECHNICAL_ASSESSMENT_M1_SKILL_01""],""meaningful_conflict_refs"":[],""missing_evidence_ids"":[""EV_APP0031_FIRST_INTERVIEW_AI_CASE_M1_SKILL_01""],""reason"":""관찰된 직접 근거의 범위가 제한적이다. 자기기술만으로 보완하지 않는다."",""rubric_review"":""직접 관찰의 행동·검증을 검토하며 다른 맥락의 한계와 평가자 차이를 보존한다."",""supporting_observation_ids"":[""OB_FIRST_PANEL_02_ML_ENGINEER_EV_APP0031_FIRST_INTERVIEW_TECHNICAL_ASSESSMENT_M1_SKILL_01"",""OB_FIRST_PANEL_02_HIRING_MANAGER_EV_APP0031_FIRST_INTERVIEW_TECHNICAL_ASSESSMENT_M1_SKILL_01"",""OB_FIRST_PANEL_02_TECHNICAL_REVIEWER_EV_APP0031_FIRST_INTERVIEW_TECHNICAL_ASSESSMENT_M1_SKILL_01""]}",CALIBRATION_PANEL_01,2026-12-13T10:15:00+09:00,SYNTHETIC_HUMAN_SCENARIO,M1_EVIDENCE_RUBRIC_V02
DC_APP0031_M1_SKILL_02_000045,APP0031,C0031,M1_SKILL_02,LIMITED,AGREED,"{""difference_types"":[],""disputed_evidence_ids"":[],""limited_evidence_ids"":[""EV_APP0031_FIRST_INTERVIEW_TECHNICAL_ASSESSMENT_M1_SKILL_02""],""meaningful_conflict_refs"":[],""missing_evidence_ids"":[],""reason"":""관찰된 직접 근거의 범위가 제한적이다. 자기기술만으로 보완하지 않는다."",""rubric_review"":""직접 관찰의 행동·검증을 검토하며 다른 맥락의 한계와 평가자 차이를 보존한다."",""supporting_observation_ids"":[""OB_FIRST_PANEL_02_ML_ENGINEER_EV_APP0031_FIRST_INTERVIEW_TECHNICAL_ASSESSMENT_M1_SKILL_02"",""OB_FIRST_PANEL_02_HIRING_MANAGER_EV_APP0031_FIRST_INTERVIEW_TECHNICAL_ASSESSMENT_M1_SKILL_02"",""OB_FIRST_PANEL_02_TECHNICAL_REVIEWER_EV_APP0031_FIRST_INTERVIEW_TECHNICAL_ASSESSMENT_M1_SKILL_02""]}",CALIBRATION_PANEL_01,2026-12-13T10:15:00+09:00,SYNTHETIC_HUMAN_SCENARIO,M1_EVIDENCE_RUBRIC_V02
DC_APP0031_M1_SKILL_03_000046,APP0031,C0031,M1_SKILL_03,MODERATE,AGREED,"{""difference_types"":[""EVIDENCE_EVOLUTION"",""EVALUATOR_DISAGREEMENT""],""disputed_evidence_ids"":[""EV_APP0031_PRE_ASSESSMENT_CODING_TEST_M1_SKILL_03""],""limited_evidence_ids"":[],""meaningful_conflict_refs"":[],""missing_evidence_ids"":[],""reason"":""동일 Skill의 독립된 직접 관찰로 수행 범위를 확인했다. 다른 맥락의 제한/모호성은 해당 근거의 한계로 보존한다."",""rubric_review"":""직접 관찰의 행동·검증을 검토하며 다른 맥락의 한계와 평가자 차이를 보존한다."",""supporting_observation_ids"":[""OB_FIRST_PANEL_02_ML_ENGINEER_EV_APP0031_FIRST_INTERVIEW_AI_CASE_M1_SKILL_03"",""OB_FIRST_PANEL_02_HIRING_MANAGER_EV_APP0031_FIRST_INTERVIEW_AI_CASE_M1_SKILL_03"",""OB_FIRST_PANEL_02_TECHNICAL_REVIEWER_EV_APP0031_FIRST_INTERVIEW_AI_CASE_M1_SKILL_03""]}",CALIBRATION_PANEL_01,2026-12-13T10:15:00+09:00,SYNTHETIC_HUMAN_SCENARIO,M1_EVIDENCE_RUBRIC_V02
DC_APP0031_M1_SKILL_04_000047,APP0031,C0031,M1_SKILL_04,,DISAGREEMENT_REMAINS,"{""difference_types"":[""EVALUATOR_DISAGREEMENT""],""disputed_evidence_ids"":[""EV_APP0031_FIRST_INTERVIEW_PRACTITIONER_QA_M1_SKILL_04""],""limited_evidence_ids"":[],""meaningful_conflict_refs"":[],""missing_evidence_ids"":[],""reason"":""동일 근거에 대한 평가자 해석 차이를 해소할 직접 관찰이 부족하다."",""rubric_review"":""직접 관찰의 행동·검증을 검토하며 다른 맥락의 한계와 평가자 차이를 보존한다."",""supporting_observation_ids"":[]}",CALIBRATION_PANEL_01,2026-12-13T10:15:00+09:00,SYNTHETIC_HUMAN_SCENARIO,M1_EVIDENCE_RUBRIC_V02
DC_APP0031_M1_SKILL_05_000048,APP0031,C0031,M1_SKILL_05,MODERATE,AGREED,"{""difference_types"":[],""disputed_evidence_ids"":[],""limited_evidence_ids"":[],""meaningful_conflict_refs"":[],""missing_evidence_ids"":[],""reason"":""동일 Skill의 독립된 직접 관찰로 수행 범위를 확인했다. 다른 맥락의 제한/모호성은 해당 근거의 한계로 보존한다."",""rubric_review"":""직접 관찰의 행동·검증을 검토하며 다른 맥락의 한계와 평가자 차이를 보존한다."",""supporting_observation_ids"":[""OB_FIRST_PANEL_02_ML_ENGINEER_EV_APP0031_FIRST_INTERVIEW_PRACTITIONER_QA_M1_SKILL_05"",""OB_FIRST_PANEL_02_HIRING_MANAGER_EV_APP0031_FIRST_INTERVIEW_PRACTITIONER_QA_M1_SKILL_05"",""OB_FIRST_PANEL_02_TECHNICAL_REVIEWER_EV_APP0031_FIRST_INTERVIEW_PRACTITIONER_QA_M1_SKILL_05""]}",CALIBRATION_PANEL_01,2026-12-13T10:15:00+09:00,SYNTHETIC_HUMAN_SCENARIO,M1_EVIDENCE_RUBRIC_V02
DC_APP0031_M1_SKILL_06_000049,APP0031,C0031,M1_SKILL_06,MODERATE,AGREED,"{""difference_types"":[],""disputed_evidence_ids"":[],""limited_evidence_ids"":[],""meaningful_conflict_refs"":[],""missing_evidence_ids"":[],""reason"":""동일 Skill의 독립된 직접 관찰로 수행 범위를 확인했다. 다른 맥락의 제한/모호성은 해당 근거의 한계로 보존한다."",""rubric_review"":""직접 관찰의 행동·검증을 검토하며 다른 맥락의 한계와 평가자 차이를 보존한다."",""supporting_observation_ids"":[""OB_FIRST_PANEL_02_ML_ENGINEER_EV_APP0031_FIRST_INTERVIEW_PRACTITIONER_QA_M1_SKILL_06"",""OB_FIRST_PANEL_02_HIRING_MANAGER_EV_APP0031_FIRST_INTERVIEW_PRACTITIONER_QA_M1_SKILL_06"",""OB_FIRST_PANEL_02_TECHNICAL_REVIEWER_EV_APP0031_FIRST_INTERVIEW_PRACTITIONER_QA_M1_SKILL_06""]}",CALIBRATION_PANEL_01,2026-12-13T10:15:00+09:00,SYNTHETIC_HUMAN_SCENARIO,M1_EVIDENCE_RUBRIC_V02
DC_APP0031_M1_SKILL_07_000050,APP0031,C0031,M1_SKILL_07,MODERATE,AGREED,"{""difference_types"":[],""disputed_evidence_ids"":[],""limited_evidence_ids"":[],""meaningful_conflict_refs"":[],""missing_evidence_ids"":[],""reason"":""동일 Skill의 독립된 직접 관찰로 수행 범위를 확인했다. 다른 맥락의 제한/모호성은 해당 근거의 한계로 보존한다."",""rubric_review"":""직접 관찰의 행동·검증을 검토하며 다른 맥락의 한계와 평가자 차이를 보존한다."",""supporting_observation_ids"":[""OB_FIRST_PANEL_02_ML_ENGINEER_EV_APP0031_FIRST_INTERVIEW_TECHNICAL_ASSESSMENT_M1_SKILL_07"",""OB_FIRST_PANEL_02_HIRING_MANAGER_EV_APP0031_FIRST_INTERVIEW_TECHNICAL_ASSESSMENT_M1_SKILL_07"",""OB_FIRST_PANEL_02_TECHNICAL_REVIEWER_EV_APP0031_FIRST_INTERVIEW_TECHNICAL_ASSESSMENT_M1_SKILL_07""]}",CALIBRATION_PANEL_01,2026-12-13T10:15:00+09:00,SYNTHETIC_HUMAN_SCENARIO,M1_EVIDENCE_RUBRIC_V02
DC_APP0031_M1_SKILL_08_000051,APP0031,C0031,M1_SKILL_08,LIMITED,AGREED,"{""difference_types"":[],""disputed_evidence_ids"":[],""limited_evidence_ids"":[""EV_APP0031_FIRST_INTERVIEW_PRACTITIONER_QA_M1_SKILL_08""],""meaningful_conflict_refs"":[],""missing_evidence_ids"":[],""reason"":""관찰된 직접 근거의 범위가 제한적이다. 자기기술만으로 보완하지 않는다."",""rubric_review"":""직접 관찰의 행동·검증을 검토하며 다른 맥락의 한계와 평가자 차이를 보존한다."",""supporting_observation_ids"":[""OB_FIRST_PANEL_02_ML_ENGINEER_EV_APP0031_FIRST_INTERVIEW_PRACTITIONER_QA_M1_SKILL_08"",""OB_FIRST_PANEL_02_HIRING_MANAGER_EV_APP0031_FIRST_INTERVIEW_PRACTITIONER_QA_M1_SKILL_08"",""OB_FIRST_PANEL_02_TECHNICAL_REVIEWER_EV_APP0031_FIRST_INTERVIEW_PRACTITIONER_QA_M1_SKILL_08""]}",CALIBRATION_PANEL_01,2026-12-13T10:15:00+09:00,SYNTHETIC_HUMAN_SCENARIO,M1_EVIDENCE_RUBRIC_V02
DC_APP0039_M1_SKILL_01_000052,APP0039,C0039,M1_SKILL_01,MODERATE,AGREED,"{""difference_types"":[""EVIDENCE_EVOLUTION""],""disputed_evidence_ids"":[],""limited_evidence_ids"":[],""meaningful_conflict_refs"":[],""missing_evidence_ids"":[],""reason"":""동일 Skill의 독립된 직접 관찰로 수행 범위를 확인했다. 다른 맥락의 제한/모호성은 해당 근거의 한계로 보존한다."",""rubric_review"":""직접 관찰의 행동·검증을 검토하며 다른 맥락의 한계와 평가자 차이를 보존한다."",""supporting_observation_ids"":[""OB_FIRST_PANEL_03_ML_ENGINEER_EV_APP0039_FIRST_INTERVIEW_TECHNICAL_ASSESSMENT_M1_SKILL_01"",""OB_FIRST_PANEL_03_HIRING_MANAGER_EV_APP0039_FIRST_INTERVIEW_TECHNICAL_ASSESSMENT_M1_SKILL_01"",""OB_FIRST_PANEL_03_TECHNICAL_REVIEWER_EV_APP0039_FIRST_INTERVIEW_TECHNICAL_ASSESSMENT_M1_SKILL_01"",""OB_FIRST_PANEL_03_ML_ENGINEER_EV_APP0039_FIRST_INTERVIEW_AI_CASE_M1_SKILL_01"",""OB_FIRST_PANEL_03_HIRING_MANAGER_EV_APP0039_FIRST_INTERVIEW_AI_CASE_M1_SKILL_01"",""OB_FIRST_PANEL_03_TECHNICAL_REVIEWER_EV_APP0039_FIRST_INTERVIEW_AI_CASE_M1_SKILL_01""]}",CALIBRATION_PANEL_01,2026-12-13T10:00:00+09:00,SYNTHETIC_HUMAN_SCENARIO,M1_EVIDENCE_RUBRIC_V02
DC_APP0039_M1_SKILL_02_000053,APP0039,C0039,M1_SKILL_02,LIMITED,AGREED,"{""difference_types"":[],""disputed_evidence_ids"":[],""limited_evidence_ids"":[""EV_APP0039_FIRST_INTERVIEW_TECHNICAL_ASSESSMENT_M1_SKILL_02""],""meaningful_conflict_refs"":[],""missing_evidence_ids"":[],""reason"":""관찰된 직접 근거의 범위가 제한적이다. 자기기술만으로 보완하지 않는다."",""rubric_review"":""직접 관찰의 행동·검증을 검토하며 다른 맥락의 한계와 평가자 차이를 보존한다."",""supporting_observation_ids"":[""OB_FIRST_PANEL_03_ML_ENGINEER_EV_APP0039_FIRST_INTERVIEW_TECHNICAL_ASSESSMENT_M1_SKILL_02"",""OB_FIRST_PANEL_03_HIRING_MANAGER_EV_APP0039_FIRST_INTERVIEW_TECHNICAL_ASSESSMENT_M1_SKILL_02"",""OB_FIRST_PANEL_03_TECHNICAL_REVIEWER_EV_APP0039_FIRST_INTERVIEW_TECHNICAL_ASSESSMENT_M1_SKILL_02""]}",CALIBRATION_PANEL_01,2026-12-13T10:00:00+09:00,SYNTHETIC_HUMAN_SCENARIO,M1_EVIDENCE_RUBRIC_V02
DC_APP0039_M1_SKILL_03_000054,APP0039,C0039,M1_SKILL_03,MODERATE,AGREED,"{""difference_types"":[""EVIDENCE_EVOLUTION"",""EVALUATOR_DISAGREEMENT""],""disputed_evidence_ids"":[""EV_APP0039_PRE_ASSESSMENT_CODING_TEST_M1_SKILL_03""],""limited_evidence_ids"":[],""meaningful_conflict_refs"":[],""missing_evidence_ids"":[],""reason"":""동일 Skill의 독립된 직접 관찰로 수행 범위를 확인했다. 다른 맥락의 제한/모호성은 해당 근거의 한계로 보존한다."",""rubric_review"":""직접 관찰의 행동·검증을 검토하며 다른 맥락의 한계와 평가자 차이를 보존한다."",""supporting_observation_ids"":[""OB_FIRST_PANEL_03_ML_ENGINEER_EV_APP0039_FIRST_INTERVIEW_AI_CASE_M1_SKILL_03"",""OB_FIRST_PANEL_03_HIRING_MANAGER_EV_APP0039_FIRST_INTERVIEW_AI_CASE_M1_SKILL_03"",""OB_FIRST_PANEL_03_TECHNICAL_REVIEWER_EV_APP0039_FIRST_INTERVIEW_AI_CASE_M1_SKILL_03""]}",CALIBRATION_PANEL_01,2026-12-13T10:00:00+09:00,SYNTHETIC_HUMAN_SCENARIO,M1_EVIDENCE_RUBRIC_V02
DC_APP0039_M1_SKILL_04_000055,APP0039,C0039,M1_SKILL_04,,INSUFFICIENT_EVIDENCE,"{""difference_types"":[],""disputed_evidence_ids"":[],""limited_evidence_ids"":[],""meaningful_conflict_refs"":[],""missing_evidence_ids"":[""EV_APP0039_FIRST_INTERVIEW_PRACTITIONER_QA_M1_SKILL_04""],""reason"":""직접 판단 근거 부족. 미관찰을 역량 부재로 해석하지 않는다."",""rubric_review"":""직접 관찰의 행동·검증을 검토하며 다른 맥락의 한계와 평가자 차이를 보존한다."",""supporting_observation_ids"":[]}",CALIBRATION_PANEL_01,2026-12-13T10:00:00+09:00,SYNTHETIC_HUMAN_SCENARIO,M1_EVIDENCE_RUBRIC_V02
DC_APP0039_M1_SKILL_05_000056,APP0039,C0039,M1_SKILL_05,MODERATE,AGREED,"{""difference_types"":[],""disputed_evidence_ids"":[],""limited_evidence_ids"":[],""meaningful_conflict_refs"":[],""missing_evidence_ids"":[],""reason"":""동일 Skill의 독립된 직접 관찰로 수행 범위를 확인했다. 다른 맥락의 제한/모호성은 해당 근거의 한계로 보존한다."",""rubric_review"":""직접 관찰의 행동·검증을 검토하며 다른 맥락의 한계와 평가자 차이를 보존한다."",""supporting_observation_ids"":[""OB_FIRST_PANEL_03_ML_ENGINEER_EV_APP0039_FIRST_INTERVIEW_PRACTITIONER_QA_M1_SKILL_05"",""OB_FIRST_PANEL_03_HIRING_MANAGER_EV_APP0039_FIRST_INTERVIEW_PRACTITIONER_QA_M1_SKILL_05"",""OB_FIRST_PANEL_03_TECHNICAL_REVIEWER_EV_APP0039_FIRST_INTERVIEW_PRACTITIONER_QA_M1_SKILL_05""]}",CALIBRATION_PANEL_01,2026-12-13T10:00:00+09:00,SYNTHETIC_HUMAN_SCENARIO,M1_EVIDENCE_RUBRIC_V02
DC_APP0039_M1_SKILL_06_000057,APP0039,C0039,M1_SKILL_06,MODERATE,AGREED,"{""difference_types"":[],""disputed_evidence_ids"":[],""limited_evidence_ids"":[],""meaningful_conflict_refs"":[],""missing_evidence_ids"":[],""reason"":""동일 Skill의 독립된 직접 관찰로 수행 범위를 확인했다. 다른 맥락의 제한/모호성은 해당 근거의 한계로 보존한다."",""rubric_review"":""직접 관찰의 행동·검증을 검토하며 다른 맥락의 한계와 평가자 차이를 보존한다."",""supporting_observation_ids"":[""OB_FIRST_PANEL_03_ML_ENGINEER_EV_APP0039_FIRST_INTERVIEW_PRACTITIONER_QA_M1_SKILL_06"",""OB_FIRST_PANEL_03_HIRING_MANAGER_EV_APP0039_FIRST_INTERVIEW_PRACTITIONER_QA_M1_SKILL_06"",""OB_FIRST_PANEL_03_TECHNICAL_REVIEWER_EV_APP0039_FIRST_INTERVIEW_PRACTITIONER_QA_M1_SKILL_06""]}",CALIBRATION_PANEL_01,2026-12-13T10:00:00+09:00,SYNTHETIC_HUMAN_SCENARIO,M1_EVIDENCE_RUBRIC_V02
DC_APP0039_M1_SKILL_07_000058,APP0039,C0039,M1_SKILL_07,,INSUFFICIENT_EVIDENCE,"{""difference_types"":[],""disputed_evidence_ids"":[],""limited_evidence_ids"":[],""meaningful_conflict_refs"":[],""missing_evidence_ids"":[""EV_APP0039_FIRST_INTERVIEW_TECHNICAL_ASSESSMENT_M1_SKILL_07""],""reason"":""직접 판단 근거 부족. 미관찰을 역량 부재로 해석하지 않는다."",""rubric_review"":""직접 관찰의 행동·검증을 검토하며 다른 맥락의 한계와 평가자 차이를 보존한다."",""supporting_observation_ids"":[]}",CALIBRATION_PANEL_01,2026-12-13T10:00:00+09:00,SYNTHETIC_HUMAN_SCENARIO,M1_EVIDENCE_RUBRIC_V02
DC_APP0039_M1_SKILL_08_000059,APP0039,C0039,M1_SKILL_08,LIMITED,AGREED,"{""difference_types"":[],""disputed_evidence_ids"":[],""limited_evidence_ids"":[""EV_APP0039_FIRST_INTERVIEW_PRACTITIONER_QA_M1_SKILL_08""],""meaningful_conflict_refs"":[],""missing_evidence_ids"":[],""reason"":""관찰된 직접 근거의 범위가 제한적이다. 자기기술만으로 보완하지 않는다."",""rubric_review"":""직접 관찰의 행동·검증을 검토하며 다른 맥락의 한계와 평가자 차이를 보존한다."",""supporting_observation_ids"":[""OB_FIRST_PANEL_03_ML_ENGINEER_EV_APP0039_FIRST_INTERVIEW_PRACTITIONER_QA_M1_SKILL_08"",""OB_FIRST_PANEL_03_HIRING_MANAGER_EV_APP0039_FIRST_INTERVIEW_PRACTITIONER_QA_M1_SKILL_08"",""OB_FIRST_PANEL_03_TECHNICAL_REVIEWER_EV_APP0039_FIRST_INTERVIEW_PRACTITIONER_QA_M1_SKILL_08""]}",CALIBRATION_PANEL_01,2026-12-13T10:00:00+09:00,SYNTHETIC_HUMAN_SCENARIO,M1_EVIDENCE_RUBRIC_V02
DC_APP0056_M1_SKILL_01_000060,APP0056,C0056,M1_SKILL_01,STRONG,AGREED,"{""difference_types"":[""EVIDENCE_EVOLUTION""],""disputed_evidence_ids"":[],""limited_evidence_ids"":[],""meaningful_conflict_refs"":[],""missing_evidence_ids"":[""EV_APP0056_FIRST_INTERVIEW_AI_CASE_M1_SKILL_01""],""reason"":""동일 Skill의 독립된 직접 관찰로 수행 범위를 확인했다. 다른 맥락의 제한/모호성은 해당 근거의 한계로 보존한다."",""rubric_review"":""직접 관찰의 행동·검증을 검토하며 다른 맥락의 한계와 평가자 차이를 보존한다."",""supporting_observation_ids"":[""OB_FIRST_PANEL_04_ML_ENGINEER_EV_APP0056_FIRST_INTERVIEW_TECHNICAL_ASSESSMENT_M1_SKILL_01"",""OB_FIRST_PANEL_04_HIRING_MANAGER_EV_APP0056_FIRST_INTERVIEW_TECHNICAL_ASSESSMENT_M1_SKILL_01"",""OB_FIRST_PANEL_04_TECHNICAL_REVIEWER_EV_APP0056_FIRST_INTERVIEW_TECHNICAL_ASSESSMENT_M1_SKILL_01""]}",CALIBRATION_PANEL_01,2026-12-15T10:15:00+09:00,SYNTHETIC_HUMAN_SCENARIO,M1_EVIDENCE_RUBRIC_V02
DC_APP0056_M1_SKILL_02_000061,APP0056,C0056,M1_SKILL_02,MODERATE,AGREED,"{""difference_types"":[],""disputed_evidence_ids"":[],""limited_evidence_ids"":[],""meaningful_conflict_refs"":[],""missing_evidence_ids"":[],""reason"":""동일 Skill의 독립된 직접 관찰로 수행 범위를 확인했다. 다른 맥락의 제한/모호성은 해당 근거의 한계로 보존한다."",""rubric_review"":""직접 관찰의 행동·검증을 검토하며 다른 맥락의 한계와 평가자 차이를 보존한다."",""supporting_observation_ids"":[""OB_FIRST_PANEL_04_ML_ENGINEER_EV_APP0056_FIRST_INTERVIEW_TECHNICAL_ASSESSMENT_M1_SKILL_02"",""OB_FIRST_PANEL_04_HIRING_MANAGER_EV_APP0056_FIRST_INTERVIEW_TECHNICAL_ASSESSMENT_M1_SKILL_02"",""OB_FIRST_PANEL_04_TECHNICAL_REVIEWER_EV_APP0056_FIRST_INTERVIEW_TECHNICAL_ASSESSMENT_M1_SKILL_02""]}",CALIBRATION_PANEL_01,2026-12-15T10:15:00+09:00,SYNTHETIC_HUMAN_SCENARIO,M1_EVIDENCE_RUBRIC_V02
DC_APP0056_M1_SKILL_03_000062,APP0056,C0056,M1_SKILL_03,MODERATE,AGREED,"{""difference_types"":[""EVIDENCE_EVOLUTION"",""EVALUATOR_DISAGREEMENT""],""disputed_evidence_ids"":[""EV_APP0056_PRE_ASSESSMENT_CODING_TEST_M1_SKILL_03""],""limited_evidence_ids"":[],""meaningful_conflict_refs"":[],""missing_evidence_ids"":[],""reason"":""동일 Skill의 독립된 직접 관찰로 수행 범위를 확인했다. 다른 맥락의 제한/모호성은 해당 근거의 한계로 보존한다."",""rubric_review"":""직접 관찰의 행동·검증을 검토하며 다른 맥락의 한계와 평가자 차이를 보존한다."",""supporting_observation_ids"":[""OB_FIRST_PANEL_04_ML_ENGINEER_EV_APP0056_FIRST_INTERVIEW_AI_CASE_M1_SKILL_03"",""OB_FIRST_PANEL_04_HIRING_MANAGER_EV_APP0056_FIRST_INTERVIEW_AI_CASE_M1_SKILL_03"",""OB_FIRST_PANEL_04_TECHNICAL_REVIEWER_EV_APP0056_FIRST_INTERVIEW_AI_CASE_M1_SKILL_03""]}",CALIBRATION_PANEL_01,2026-12-15T10:15:00+09:00,SYNTHETIC_HUMAN_SCENARIO,M1_EVIDENCE_RUBRIC_V02
DC_APP0056_M1_SKILL_04_000063,APP0056,C0056,M1_SKILL_04,,DISAGREEMENT_REMAINS,"{""difference_types"":[""EVALUATOR_DISAGREEMENT""],""disputed_evidence_ids"":[""EV_APP0056_FIRST_INTERVIEW_PRACTITIONER_QA_M1_SKILL_04""],""limited_evidence_ids"":[],""meaningful_conflict_refs"":[],""missing_evidence_ids"":[],""reason"":""동일 근거에 대한 평가자 해석 차이를 해소할 직접 관찰이 부족하다."",""rubric_review"":""직접 관찰의 행동·검증을 검토하며 다른 맥락의 한계와 평가자 차이를 보존한다."",""supporting_observation_ids"":[]}",CALIBRATION_PANEL_01,2026-12-15T10:15:00+09:00,SYNTHETIC_HUMAN_SCENARIO,M1_EVIDENCE_RUBRIC_V02
DC_APP0056_M1_SKILL_05_000064,APP0056,C0056,M1_SKILL_05,,DISAGREEMENT_REMAINS,"{""difference_types"":[""EVALUATOR_DISAGREEMENT""],""disputed_evidence_ids"":[""EV_APP0056_FIRST_INTERVIEW_PRACTITIONER_QA_M1_SKILL_05""],""limited_evidence_ids"":[],""meaningful_conflict_refs"":[],""missing_evidence_ids"":[],""reason"":""동일 근거에 대한 평가자 해석 차이를 해소할 직접 관찰이 부족하다."",""rubric_review"":""직접 관찰의 행동·검증을 검토하며 다른 맥락의 한계와 평가자 차이를 보존한다."",""supporting_observation_ids"":[]}",CALIBRATION_PANEL_01,2026-12-15T10:15:00+09:00,SYNTHETIC_HUMAN_SCENARIO,M1_EVIDENCE_RUBRIC_V02
DC_APP0056_M1_SKILL_06_000065,APP0056,C0056,M1_SKILL_06,,INSUFFICIENT_EVIDENCE,"{""difference_types"":[],""disputed_evidence_ids"":[],""limited_evidence_ids"":[],""meaningful_conflict_refs"":[],""missing_evidence_ids"":[""EV_APP0056_FIRST_INTERVIEW_PRACTITIONER_QA_M1_SKILL_06""],""reason"":""직접 판단 근거 부족. 미관찰을 역량 부재로 해석하지 않는다."",""rubric_review"":""직접 관찰의 행동·검증을 검토하며 다른 맥락의 한계와 평가자 차이를 보존한다."",""supporting_observation_ids"":[]}",CALIBRATION_PANEL_01,2026-12-15T10:15:00+09:00,SYNTHETIC_HUMAN_SCENARIO,M1_EVIDENCE_RUBRIC_V02
DC_APP0056_M1_SKILL_07_000066,APP0056,C0056,M1_SKILL_07,MODERATE,AGREED,"{""difference_types"":[],""disputed_evidence_ids"":[],""limited_evidence_ids"":[],""meaningful_conflict_refs"":[],""missing_evidence_ids"":[],""reason"":""동일 Skill의 독립된 직접 관찰로 수행 범위를 확인했다. 다른 맥락의 제한/모호성은 해당 근거의 한계로 보존한다."",""rubric_review"":""직접 관찰의 행동·검증을 검토하며 다른 맥락의 한계와 평가자 차이를 보존한다."",""supporting_observation_ids"":[""OB_FIRST_PANEL_04_ML_ENGINEER_EV_APP0056_FIRST_INTERVIEW_TECHNICAL_ASSESSMENT_M1_SKILL_07"",""OB_FIRST_PANEL_04_HIRING_MANAGER_EV_APP0056_FIRST_INTERVIEW_TECHNICAL_ASSESSMENT_M1_SKILL_07"",""OB_FIRST_PANEL_04_TECHNICAL_REVIEWER_EV_APP0056_FIRST_INTERVIEW_TECHNICAL_ASSESSMENT_M1_SKILL_07""]}",CALIBRATION_PANEL_01,2026-12-15T10:15:00+09:00,SYNTHETIC_HUMAN_SCENARIO,M1_EVIDENCE_RUBRIC_V02
DC_APP0056_M1_SKILL_08_000067,APP0056,C0056,M1_SKILL_08,MODERATE,AGREED,"{""difference_types"":[],""disputed_evidence_ids"":[],""limited_evidence_ids"":[],""meaningful_conflict_refs"":[],""missing_evidence_ids"":[],""reason"":""동일 Skill의 독립된 직접 관찰로 수행 범위를 확인했다. 다른 맥락의 제한/모호성은 해당 근거의 한계로 보존한다."",""rubric_review"":""직접 관찰의 행동·검증을 검토하며 다른 맥락의 한계와 평가자 차이를 보존한다."",""supporting_observation_ids"":[""OB_FIRST_PANEL_04_ML_ENGINEER_EV_APP0056_FIRST_INTERVIEW_PRACTITIONER_QA_M1_SKILL_08"",""OB_FIRST_PANEL_04_HIRING_MANAGER_EV_APP0056_FIRST_INTERVIEW_PRACTITIONER_QA_M1_SKILL_08"",""OB_FIRST_PANEL_04_TECHNICAL_REVIEWER_EV_APP0056_FIRST_INTERVIEW_PRACTITIONER_QA_M1_SKILL_08""]}",CALIBRATION_PANEL_01,2026-12-15T10:15:00+09:00,SYNTHETIC_HUMAN_SCENARIO,M1_EVIDENCE_RUBRIC_V02
DC_APP0061_M1_SKILL_01_000068,APP0061,C0061,M1_SKILL_01,MODERATE,AGREED,"{""difference_types"":[""EVIDENCE_EVOLUTION"",""EVALUATOR_DISAGREEMENT""],""disputed_evidence_ids"":[""EV_APP0061_FIRST_INTERVIEW_AI_CASE_M1_SKILL_01""],""limited_evidence_ids"":[],""meaningful_conflict_refs"":[],""missing_evidence_ids"":[],""reason"":""동일 Skill의 독립된 직접 관찰로 수행 범위를 확인했다. 다른 맥락의 제한/모호성은 해당 근거의 한계로 보존한다."",""rubric_review"":""직접 관찰의 행동·검증을 검토하며 다른 맥락의 한계와 평가자 차이를 보존한다."",""supporting_observation_ids"":[""OB_FIRST_PANEL_05_ML_ENGINEER_EV_APP0061_FIRST_INTERVIEW_TECHNICAL_ASSESSMENT_M1_SKILL_01"",""OB_FIRST_PANEL_05_HIRING_MANAGER_EV_APP0061_FIRST_INTERVIEW_TECHNICAL_ASSESSMENT_M1_SKILL_01"",""OB_FIRST_PANEL_05_TECHNICAL_REVIEWER_EV_APP0061_FIRST_INTERVIEW_TECHNICAL_ASSESSMENT_M1_SKILL_01""]}",CALIBRATION_PANEL_01,2026-12-12T10:15:00+09:00,SYNTHETIC_HUMAN_SCENARIO,M1_EVIDENCE_RUBRIC_V02
DC_APP0061_M1_SKILL_02_000069,APP0061,C0061,M1_SKILL_02,,DISAGREEMENT_REMAINS,"{""difference_types"":[""EVALUATOR_DISAGREEMENT""],""disputed_evidence_ids"":[""EV_APP0061_FIRST_INTERVIEW_TECHNICAL_ASSESSMENT_M1_SKILL_02""],""limited_evidence_ids"":[],""meaningful_conflict_refs"":[],""missing_evidence_ids"":[],""reason"":""동일 근거에 대한 평가자 해석 차이를 해소할 직접 관찰이 부족하다."",""rubric_review"":""직접 관찰의 행동·검증을 검토하며 다른 맥락의 한계와 평가자 차이를 보존한다."",""supporting_observation_ids"":[]}",CALIBRATION_PANEL_01,2026-12-12T10:15:00+09:00,SYNTHETIC_HUMAN_SCENARIO,M1_EVIDENCE_RUBRIC_V02
DC_APP0061_M1_SKILL_03_000070,APP0061,C0061,M1_SKILL_03,,DISAGREEMENT_REMAINS,"{""difference_types"":[""EVALUATOR_DISAGREEMENT""],""disputed_evidence_ids"":[""EV_APP0061_PRE_ASSESSMENT_CODING_TEST_M1_SKILL_03"",""EV_APP0061_FIRST_INTERVIEW_AI_CASE_M1_SKILL_03""],""limited_evidence_ids"":[],""meaningful_conflict_refs"":[],""missing_evidence_ids"":[],""reason"":""동일 근거에 대한 평가자 해석 차이를 해소할 직접 관찰이 부족하다."",""rubric_review"":""직접 관찰의 행동·검증을 검토하며 다른 맥락의 한계와 평가자 차이를 보존한다."",""supporting_observation_ids"":[]}",CALIBRATION_PANEL_01,2026-12-12T10:15:00+09:00,SYNTHETIC_HUMAN_SCENARIO,M1_EVIDENCE_RUBRIC_V02
DC_APP0061_M1_SKILL_04_000071,APP0061,C0061,M1_SKILL_04,MODERATE,AGREED,"{""difference_types"":[],""disputed_evidence_ids"":[],""limited_evidence_ids"":[],""meaningful_conflict_refs"":[],""missing_evidence_ids"":[],""reason"":""동일 Skill의 독립된 직접 관찰로 수행 범위를 확인했다. 다른 맥락의 제한/모호성은 해당 근거의 한계로 보존한다."",""rubric_review"":""직접 관찰의 행동·검증을 검토하며 다른 맥락의 한계와 평가자 차이를 보존한다."",""supporting_observation_ids"":[""OB_FIRST_PANEL_05_ML_ENGINEER_EV_APP0061_FIRST_INTERVIEW_PRACTITIONER_QA_M1_SKILL_04"",""OB_FIRST_PANEL_05_HIRING_MANAGER_EV_APP0061_FIRST_INTERVIEW_PRACTITIONER_QA_M1_SKILL_04"",""OB_FIRST_PANEL_05_TECHNICAL_REVIEWER_EV_APP0061_FIRST_INTERVIEW_PRACTITIONER_QA_M1_SKILL_04""]}",CALIBRATION_PANEL_01,2026-12-12T10:15:00+09:00,SYNTHETIC_HUMAN_SCENARIO,M1_EVIDENCE_RUBRIC_V02
DC_APP0061_M1_SKILL_05_000072,APP0061,C0061,M1_SKILL_05,MODERATE,AGREED,"{""difference_types"":[],""disputed_evidence_ids"":[],""limited_evidence_ids"":[],""meaningful_conflict_refs"":[],""missing_evidence_ids"":[],""reason"":""동일 Skill의 독립된 직접 관찰로 수행 범위를 확인했다. 다른 맥락의 제한/모호성은 해당 근거의 한계로 보존한다."",""rubric_review"":""직접 관찰의 행동·검증을 검토하며 다른 맥락의 한계와 평가자 차이를 보존한다."",""supporting_observation_ids"":[""OB_FIRST_PANEL_05_ML_ENGINEER_EV_APP0061_FIRST_INTERVIEW_PRACTITIONER_QA_M1_SKILL_05"",""OB_FIRST_PANEL_05_HIRING_MANAGER_EV_APP0061_FIRST_INTERVIEW_PRACTITIONER_QA_M1_SKILL_05"",""OB_FIRST_PANEL_05_TECHNICAL_REVIEWER_EV_APP0061_FIRST_INTERVIEW_PRACTITIONER_QA_M1_SKILL_05""]}",CALIBRATION_PANEL_01,2026-12-12T10:15:00+09:00,SYNTHETIC_HUMAN_SCENARIO,M1_EVIDENCE_RUBRIC_V02
DC_APP0061_M1_SKILL_06_000073,APP0061,C0061,M1_SKILL_06,MODERATE,AGREED,"{""difference_types"":[],""disputed_evidence_ids"":[],""limited_evidence_ids"":[],""meaningful_conflict_refs"":[],""missing_evidence_ids"":[],""reason"":""동일 Skill의 독립된 직접 관찰로 수행 범위를 확인했다. 다른 맥락의 제한/모호성은 해당 근거의 한계로 보존한다."",""rubric_review"":""직접 관찰의 행동·검증을 검토하며 다른 맥락의 한계와 평가자 차이를 보존한다."",""supporting_observation_ids"":[""OB_FIRST_PANEL_05_ML_ENGINEER_EV_APP0061_FIRST_INTERVIEW_PRACTITIONER_QA_M1_SKILL_06"",""OB_FIRST_PANEL_05_HIRING_MANAGER_EV_APP0061_FIRST_INTERVIEW_PRACTITIONER_QA_M1_SKILL_06"",""OB_FIRST_PANEL_05_TECHNICAL_REVIEWER_EV_APP0061_FIRST_INTERVIEW_PRACTITIONER_QA_M1_SKILL_06""]}",CALIBRATION_PANEL_01,2026-12-12T10:15:00+09:00,SYNTHETIC_HUMAN_SCENARIO,M1_EVIDENCE_RUBRIC_V02
DC_APP0061_M1_SKILL_07_000074,APP0061,C0061,M1_SKILL_07,MODERATE,AGREED,"{""difference_types"":[],""disputed_evidence_ids"":[],""limited_evidence_ids"":[],""meaningful_conflict_refs"":[],""missing_evidence_ids"":[],""reason"":""동일 Skill의 독립된 직접 관찰로 수행 범위를 확인했다. 다른 맥락의 제한/모호성은 해당 근거의 한계로 보존한다."",""rubric_review"":""직접 관찰의 행동·검증을 검토하며 다른 맥락의 한계와 평가자 차이를 보존한다."",""supporting_observation_ids"":[""OB_FIRST_PANEL_05_ML_ENGINEER_EV_APP0061_FIRST_INTERVIEW_TECHNICAL_ASSESSMENT_M1_SKILL_07"",""OB_FIRST_PANEL_05_HIRING_MANAGER_EV_APP0061_FIRST_INTERVIEW_TECHNICAL_ASSESSMENT_M1_SKILL_07"",""OB_FIRST_PANEL_05_TECHNICAL_REVIEWER_EV_APP0061_FIRST_INTERVIEW_TECHNICAL_ASSESSMENT_M1_SKILL_07""]}",CALIBRATION_PANEL_01,2026-12-12T10:15:00+09:00,SYNTHETIC_HUMAN_SCENARIO,M1_EVIDENCE_RUBRIC_V02
DC_APP0061_M1_SKILL_08_000075,APP0061,C0061,M1_SKILL_08,MODERATE,AGREED,"{""difference_types"":[],""disputed_evidence_ids"":[],""limited_evidence_ids"":[],""meaningful_conflict_refs"":[],""missing_evidence_ids"":[],""reason"":""동일 Skill의 독립된 직접 관찰로 수행 범위를 확인했다. 다른 맥락의 제한/모호성은 해당 근거의 한계로 보존한다."",""rubric_review"":""직접 관찰의 행동·검증을 검토하며 다른 맥락의 한계와 평가자 차이를 보존한다."",""supporting_observation_ids"":[""OB_FIRST_PANEL_05_ML_ENGINEER_EV_APP0061_FIRST_INTERVIEW_PRACTITIONER_QA_M1_SKILL_08"",""OB_FIRST_PANEL_05_HIRING_MANAGER_EV_APP0061_FIRST_INTERVIEW_PRACTITIONER_QA_M1_SKILL_08"",""OB_FIRST_PANEL_05_TECHNICAL_REVIEWER_EV_APP0061_FIRST_INTERVIEW_PRACTITIONER_QA_M1_SKILL_08""]}",CALIBRATION_PANEL_01,2026-12-12T10:15:00+09:00,SYNTHETIC_HUMAN_SCENARIO,M1_EVIDENCE_RUBRIC_V02
DC_APP0064_M1_SKILL_01_000076,APP0064,C0064,M1_SKILL_01,STRONG,AGREED,"{""difference_types"":[""EVIDENCE_EVOLUTION""],""disputed_evidence_ids"":[],""limited_evidence_ids"":[],""meaningful_conflict_refs"":[],""missing_evidence_ids"":[],""reason"":""동일 Skill의 독립된 직접 관찰로 수행 범위를 확인했다. 다른 맥락의 제한/모호성은 해당 근거의 한계로 보존한다."",""rubric_review"":""직접 관찰의 행동·검증을 검토하며 다른 맥락의 한계와 평가자 차이를 보존한다."",""supporting_observation_ids"":[""OB_FIRST_PANEL_06_ML_ENGINEER_EV_APP0064_FIRST_INTERVIEW_TECHNICAL_ASSESSMENT_M1_SKILL_01"",""OB_FIRST_PANEL_06_HIRING_MANAGER_EV_APP0064_FIRST_INTERVIEW_TECHNICAL_ASSESSMENT_M1_SKILL_01"",""OB_FIRST_PANEL_06_TECHNICAL_REVIEWER_EV_APP0064_FIRST_INTERVIEW_TECHNICAL_ASSESSMENT_M1_SKILL_01"",""OB_FIRST_PANEL_06_ML_ENGINEER_EV_APP0064_FIRST_INTERVIEW_AI_CASE_M1_SKILL_01"",""OB_FIRST_PANEL_06_HIRING_MANAGER_EV_APP0064_FIRST_INTERVIEW_AI_CASE_M1_SKILL_01"",""OB_FIRST_PANEL_06_TECHNICAL_REVIEWER_EV_APP0064_FIRST_INTERVIEW_AI_CASE_M1_SKILL_01""]}",CALIBRATION_PANEL_01,2026-12-13T10:15:00+09:00,SYNTHETIC_HUMAN_SCENARIO,M1_EVIDENCE_RUBRIC_V02
DC_APP0064_M1_SKILL_02_000077,APP0064,C0064,M1_SKILL_02,MODERATE,AGREED,"{""difference_types"":[],""disputed_evidence_ids"":[],""limited_evidence_ids"":[],""meaningful_conflict_refs"":[],""missing_evidence_ids"":[],""reason"":""동일 Skill의 독립된 직접 관찰로 수행 범위를 확인했다. 다른 맥락의 제한/모호성은 해당 근거의 한계로 보존한다."",""rubric_review"":""직접 관찰의 행동·검증을 검토하며 다른 맥락의 한계와 평가자 차이를 보존한다."",""supporting_observation_ids"":[""OB_FIRST_PANEL_06_ML_ENGINEER_EV_APP0064_FIRST_INTERVIEW_TECHNICAL_ASSESSMENT_M1_SKILL_02"",""OB_FIRST_PANEL_06_HIRING_MANAGER_EV_APP0064_FIRST_INTERVIEW_TECHNICAL_ASSESSMENT_M1_SKILL_02"",""OB_FIRST_PANEL_06_TECHNICAL_REVIEWER_EV_APP0064_FIRST_INTERVIEW_TECHNICAL_ASSESSMENT_M1_SKILL_02""]}",CALIBRATION_PANEL_01,2026-12-13T10:15:00+09:00,SYNTHETIC_HUMAN_SCENARIO,M1_EVIDENCE_RUBRIC_V02
DC_APP0064_M1_SKILL_03_000078,APP0064,C0064,M1_SKILL_03,LIMITED,AGREED,"{""difference_types"":[],""disputed_evidence_ids"":[],""limited_evidence_ids"":[""EV_APP0064_FIRST_INTERVIEW_AI_CASE_M1_SKILL_03""],""meaningful_conflict_refs"":[],""missing_evidence_ids"":[""EV_APP0064_PRE_ASSESSMENT_CODING_TEST_M1_SKILL_03""],""reason"":""관찰된 직접 근거의 범위가 제한적이다. 자기기술만으로 보완하지 않는다."",""rubric_review"":""직접 관찰의 행동·검증을 검토하며 다른 맥락의 한계와 평가자 차이를 보존한다."",""supporting_observation_ids"":[""OB_FIRST_PANEL_06_ML_ENGINEER_EV_APP0064_FIRST_INTERVIEW_AI_CASE_M1_SKILL_03"",""OB_FIRST_PANEL_06_HIRING_MANAGER_EV_APP0064_FIRST_INTERVIEW_AI_CASE_M1_SKILL_03"",""OB_FIRST_PANEL_06_TECHNICAL_REVIEWER_EV_APP0064_FIRST_INTERVIEW_AI_CASE_M1_SKILL_03""]}",CALIBRATION_PANEL_01,2026-12-13T10:15:00+09:00,SYNTHETIC_HUMAN_SCENARIO,M1_EVIDENCE_RUBRIC_V02
DC_APP0064_M1_SKILL_04_000079,APP0064,C0064,M1_SKILL_04,LIMITED,AGREED,"{""difference_types"":[],""disputed_evidence_ids"":[],""limited_evidence_ids"":[""EV_APP0064_FIRST_INTERVIEW_PRACTITIONER_QA_M1_SKILL_04""],""meaningful_conflict_refs"":[],""missing_evidence_ids"":[],""reason"":""관찰된 직접 근거의 범위가 제한적이다. 자기기술만으로 보완하지 않는다."",""rubric_review"":""직접 관찰의 행동·검증을 검토하며 다른 맥락의 한계와 평가자 차이를 보존한다."",""supporting_observation_ids"":[""OB_FIRST_PANEL_06_ML_ENGINEER_EV_APP0064_FIRST_INTERVIEW_PRACTITIONER_QA_M1_SKILL_04"",""OB_FIRST_PANEL_06_HIRING_MANAGER_EV_APP0064_FIRST_INTERVIEW_PRACTITIONER_QA_M1_SKILL_04"",""OB_FIRST_PANEL_06_TECHNICAL_REVIEWER_EV_APP0064_FIRST_INTERVIEW_PRACTITIONER_QA_M1_SKILL_04""]}",CALIBRATION_PANEL_01,2026-12-13T10:15:00+09:00,SYNTHETIC_HUMAN_SCENARIO,M1_EVIDENCE_RUBRIC_V02
DC_APP0064_M1_SKILL_05_000080,APP0064,C0064,M1_SKILL_05,MODERATE,AGREED,"{""difference_types"":[],""disputed_evidence_ids"":[],""limited_evidence_ids"":[],""meaningful_conflict_refs"":[],""missing_evidence_ids"":[],""reason"":""동일 Skill의 독립된 직접 관찰로 수행 범위를 확인했다. 다른 맥락의 제한/모호성은 해당 근거의 한계로 보존한다."",""rubric_review"":""직접 관찰의 행동·검증을 검토하며 다른 맥락의 한계와 평가자 차이를 보존한다."",""supporting_observation_ids"":[""OB_FIRST_PANEL_06_ML_ENGINEER_EV_APP0064_FIRST_INTERVIEW_PRACTITIONER_QA_M1_SKILL_05"",""OB_FIRST_PANEL_06_HIRING_MANAGER_EV_APP0064_FIRST_INTERVIEW_PRACTITIONER_QA_M1_SKILL_05"",""OB_FIRST_PANEL_06_TECHNICAL_REVIEWER_EV_APP0064_FIRST_INTERVIEW_PRACTITIONER_QA_M1_SKILL_05""]}",CALIBRATION_PANEL_01,2026-12-13T10:15:00+09:00,SYNTHETIC_HUMAN_SCENARIO,M1_EVIDENCE_RUBRIC_V02
DC_APP0064_M1_SKILL_06_000081,APP0064,C0064,M1_SKILL_06,MODERATE,AGREED,"{""difference_types"":[],""disputed_evidence_ids"":[],""limited_evidence_ids"":[],""meaningful_conflict_refs"":[],""missing_evidence_ids"":[],""reason"":""동일 Skill의 독립된 직접 관찰로 수행 범위를 확인했다. 다른 맥락의 제한/모호성은 해당 근거의 한계로 보존한다."",""rubric_review"":""직접 관찰의 행동·검증을 검토하며 다른 맥락의 한계와 평가자 차이를 보존한다."",""supporting_observation_ids"":[""OB_FIRST_PANEL_06_ML_ENGINEER_EV_APP0064_FIRST_INTERVIEW_PRACTITIONER_QA_M1_SKILL_06"",""OB_FIRST_PANEL_06_HIRING_MANAGER_EV_APP0064_FIRST_INTERVIEW_PRACTITIONER_QA_M1_SKILL_06"",""OB_FIRST_PANEL_06_TECHNICAL_REVIEWER_EV_APP0064_FIRST_INTERVIEW_PRACTITIONER_QA_M1_SKILL_06""]}",CALIBRATION_PANEL_01,2026-12-13T10:15:00+09:00,SYNTHETIC_HUMAN_SCENARIO,M1_EVIDENCE_RUBRIC_V02
DC_APP0064_M1_SKILL_07_000082,APP0064,C0064,M1_SKILL_07,MODERATE,AGREED,"{""difference_types"":[],""disputed_evidence_ids"":[],""limited_evidence_ids"":[],""meaningful_conflict_refs"":[],""missing_evidence_ids"":[],""reason"":""동일 Skill의 독립된 직접 관찰로 수행 범위를 확인했다. 다른 맥락의 제한/모호성은 해당 근거의 한계로 보존한다."",""rubric_review"":""직접 관찰의 행동·검증을 검토하며 다른 맥락의 한계와 평가자 차이를 보존한다."",""supporting_observation_ids"":[""OB_FIRST_PANEL_06_ML_ENGINEER_EV_APP0064_FIRST_INTERVIEW_TECHNICAL_ASSESSMENT_M1_SKILL_07"",""OB_FIRST_PANEL_06_HIRING_MANAGER_EV_APP0064_FIRST_INTERVIEW_TECHNICAL_ASSESSMENT_M1_SKILL_07"",""OB_FIRST_PANEL_06_TECHNICAL_REVIEWER_EV_APP0064_FIRST_INTERVIEW_TECHNICAL_ASSESSMENT_M1_SKILL_07""]}",CALIBRATION_PANEL_01,2026-12-13T10:15:00+09:00,SYNTHETIC_HUMAN_SCENARIO,M1_EVIDENCE_RUBRIC_V02
DC_APP0064_M1_SKILL_08_000083,APP0064,C0064,M1_SKILL_08,,DISAGREEMENT_REMAINS,"{""difference_types"":[""EVALUATOR_DISAGREEMENT""],""disputed_evidence_ids"":[""EV_APP0064_FIRST_INTERVIEW_PRACTITIONER_QA_M1_SKILL_08""],""limited_evidence_ids"":[],""meaningful_conflict_refs"":[],""missing_evidence_ids"":[],""reason"":""동일 근거에 대한 평가자 해석 차이를 해소할 직접 관찰이 부족하다."",""rubric_review"":""직접 관찰의 행동·검증을 검토하며 다른 맥락의 한계와 평가자 차이를 보존한다."",""supporting_observation_ids"":[]}",CALIBRATION_PANEL_01,2026-12-13T10:15:00+09:00,SYNTHETIC_HUMAN_SCENARIO,M1_EVIDENCE_RUBRIC_V02
DC_APP0068_M1_SKILL_01_000084,APP0068,C0068,M1_SKILL_01,MODERATE,AGREED,"{""difference_types"":[""EVIDENCE_EVOLUTION""],""disputed_evidence_ids"":[],""limited_evidence_ids"":[],""meaningful_conflict_refs"":[],""missing_evidence_ids"":[],""reason"":""동일 Skill의 독립된 직접 관찰로 수행 범위를 확인했다. 다른 맥락의 제한/모호성은 해당 근거의 한계로 보존한다."",""rubric_review"":""직접 관찰의 행동·검증을 검토하며 다른 맥락의 한계와 평가자 차이를 보존한다."",""supporting_observation_ids"":[""OB_FIRST_PANEL_07_ML_ENGINEER_EV_APP0068_FIRST_INTERVIEW_TECHNICAL_ASSESSMENT_M1_SKILL_01"",""OB_FIRST_PANEL_07_HIRING_MANAGER_EV_APP0068_FIRST_INTERVIEW_TECHNICAL_ASSESSMENT_M1_SKILL_01"",""OB_FIRST_PANEL_07_TECHNICAL_REVIEWER_EV_APP0068_FIRST_INTERVIEW_TECHNICAL_ASSESSMENT_M1_SKILL_01"",""OB_FIRST_PANEL_07_ML_ENGINEER_EV_APP0068_FIRST_INTERVIEW_AI_CASE_M1_SKILL_01"",""OB_FIRST_PANEL_07_HIRING_MANAGER_EV_APP0068_FIRST_INTERVIEW_AI_CASE_M1_SKILL_01"",""OB_FIRST_PANEL_07_TECHNICAL_REVIEWER_EV_APP0068_FIRST_INTERVIEW_AI_CASE_M1_SKILL_01""]}",CALIBRATION_PANEL_01,2026-12-11T10:15:00+09:00,SYNTHETIC_HUMAN_SCENARIO,M1_EVIDENCE_RUBRIC_V02
DC_APP0068_M1_SKILL_02_000085,APP0068,C0068,M1_SKILL_02,STRONG,AGREED,"{""difference_types"":[],""disputed_evidence_ids"":[],""limited_evidence_ids"":[],""meaningful_conflict_refs"":[],""missing_evidence_ids"":[],""reason"":""동일 Skill의 독립된 직접 관찰로 수행 범위를 확인했다. 다른 맥락의 제한/모호성은 해당 근거의 한계로 보존한다."",""rubric_review"":""직접 관찰의 행동·검증을 검토하며 다른 맥락의 한계와 평가자 차이를 보존한다."",""supporting_observation_ids"":[""OB_FIRST_PANEL_07_ML_ENGINEER_EV_APP0068_FIRST_INTERVIEW_TECHNICAL_ASSESSMENT_M1_SKILL_02"",""OB_FIRST_PANEL_07_HIRING_MANAGER_EV_APP0068_FIRST_INTERVIEW_TECHNICAL_ASSESSMENT_M1_SKILL_02"",""OB_FIRST_PANEL_07_TECHNICAL_REVIEWER_EV_APP0068_FIRST_INTERVIEW_TECHNICAL_ASSESSMENT_M1_SKILL_02""]}",CALIBRATION_PANEL_01,2026-12-11T10:15:00+09:00,SYNTHETIC_HUMAN_SCENARIO,M1_EVIDENCE_RUBRIC_V02
DC_APP0068_M1_SKILL_03_000086,APP0068,C0068,M1_SKILL_03,STRONG,AGREED,"{""difference_types"":[""EVIDENCE_EVOLUTION""],""disputed_evidence_ids"":[],""limited_evidence_ids"":[],""meaningful_conflict_refs"":[],""missing_evidence_ids"":[""EV_APP0068_FIRST_INTERVIEW_AI_CASE_M1_SKILL_03""],""reason"":""동일 Skill의 독립된 직접 관찰로 수행 범위를 확인했다. 다른 맥락의 제한/모호성은 해당 근거의 한계로 보존한다."",""rubric_review"":""직접 관찰의 행동·검증을 검토하며 다른 맥락의 한계와 평가자 차이를 보존한다."",""supporting_observation_ids"":[""OB_REVIEW_ML_01_EV_APP0068_PRE_ASSESSMENT_CODING_TEST_M1_SKILL_03"",""OB_REVIEW_HM_01_EV_APP0068_PRE_ASSESSMENT_CODING_TEST_M1_SKILL_03""]}",CALIBRATION_PANEL_01,2026-12-11T10:15:00+09:00,SYNTHETIC_HUMAN_SCENARIO,M1_EVIDENCE_RUBRIC_V02
DC_APP0068_M1_SKILL_04_000087,APP0068,C0068,M1_SKILL_04,MODERATE,AGREED,"{""difference_types"":[],""disputed_evidence_ids"":[],""limited_evidence_ids"":[],""meaningful_conflict_refs"":[],""missing_evidence_ids"":[],""reason"":""동일 Skill의 독립된 직접 관찰로 수행 범위를 확인했다. 다른 맥락의 제한/모호성은 해당 근거의 한계로 보존한다."",""rubric_review"":""직접 관찰의 행동·검증을 검토하며 다른 맥락의 한계와 평가자 차이를 보존한다."",""supporting_observation_ids"":[""OB_FIRST_PANEL_07_ML_ENGINEER_EV_APP0068_FIRST_INTERVIEW_PRACTITIONER_QA_M1_SKILL_04"",""OB_FIRST_PANEL_07_HIRING_MANAGER_EV_APP0068_FIRST_INTERVIEW_PRACTITIONER_QA_M1_SKILL_04"",""OB_FIRST_PANEL_07_TECHNICAL_REVIEWER_EV_APP0068_FIRST_INTERVIEW_PRACTITIONER_QA_M1_SKILL_04""]}",CALIBRATION_PANEL_01,2026-12-11T10:15:00+09:00,SYNTHETIC_HUMAN_SCENARIO,M1_EVIDENCE_RUBRIC_V02
DC_APP0068_M1_SKILL_05_000088,APP0068,C0068,M1_SKILL_05,MODERATE,AGREED,"{""difference_types"":[],""disputed_evidence_ids"":[],""limited_evidence_ids"":[],""meaningful_conflict_refs"":[],""missing_evidence_ids"":[],""reason"":""동일 Skill의 독립된 직접 관찰로 수행 범위를 확인했다. 다른 맥락의 제한/모호성은 해당 근거의 한계로 보존한다."",""rubric_review"":""직접 관찰의 행동·검증을 검토하며 다른 맥락의 한계와 평가자 차이를 보존한다."",""supporting_observation_ids"":[""OB_FIRST_PANEL_07_ML_ENGINEER_EV_APP0068_FIRST_INTERVIEW_PRACTITIONER_QA_M1_SKILL_05"",""OB_FIRST_PANEL_07_HIRING_MANAGER_EV_APP0068_FIRST_INTERVIEW_PRACTITIONER_QA_M1_SKILL_05"",""OB_FIRST_PANEL_07_TECHNICAL_REVIEWER_EV_APP0068_FIRST_INTERVIEW_PRACTITIONER_QA_M1_SKILL_05""]}",CALIBRATION_PANEL_01,2026-12-11T10:15:00+09:00,SYNTHETIC_HUMAN_SCENARIO,M1_EVIDENCE_RUBRIC_V02
DC_APP0068_M1_SKILL_06_000089,APP0068,C0068,M1_SKILL_06,,INSUFFICIENT_EVIDENCE,"{""difference_types"":[],""disputed_evidence_ids"":[],""limited_evidence_ids"":[],""meaningful_conflict_refs"":[],""missing_evidence_ids"":[""EV_APP0068_FIRST_INTERVIEW_PRACTITIONER_QA_M1_SKILL_06""],""reason"":""직접 판단 근거 부족. 미관찰을 역량 부재로 해석하지 않는다."",""rubric_review"":""직접 관찰의 행동·검증을 검토하며 다른 맥락의 한계와 평가자 차이를 보존한다."",""supporting_observation_ids"":[]}",CALIBRATION_PANEL_01,2026-12-11T10:15:00+09:00,SYNTHETIC_HUMAN_SCENARIO,M1_EVIDENCE_RUBRIC_V02
DC_APP0068_M1_SKILL_07_000090,APP0068,C0068,M1_SKILL_07,,DISAGREEMENT_REMAINS,"{""difference_types"":[""EVALUATOR_DISAGREEMENT""],""disputed_evidence_ids"":[""EV_APP0068_FIRST_INTERVIEW_TECHNICAL_ASSESSMENT_M1_SKILL_07""],""limited_evidence_ids"":[],""meaningful_conflict_refs"":[],""missing_evidence_ids"":[],""reason"":""동일 근거에 대한 평가자 해석 차이를 해소할 직접 관찰이 부족하다."",""rubric_review"":""직접 관찰의 행동·검증을 검토하며 다른 맥락의 한계와 평가자 차이를 보존한다."",""supporting_observation_ids"":[]}",CALIBRATION_PANEL_01,2026-12-11T10:15:00+09:00,SYNTHETIC_HUMAN_SCENARIO,M1_EVIDENCE_RUBRIC_V02
DC_APP0068_M1_SKILL_08_000091,APP0068,C0068,M1_SKILL_08,LIMITED,AGREED,"{""difference_types"":[],""disputed_evidence_ids"":[],""limited_evidence_ids"":[""EV_APP0068_FIRST_INTERVIEW_PRACTITIONER_QA_M1_SKILL_08""],""meaningful_conflict_refs"":[],""missing_evidence_ids"":[],""reason"":""관찰된 직접 근거의 범위가 제한적이다. 자기기술만으로 보완하지 않는다."",""rubric_review"":""직접 관찰의 행동·검증을 검토하며 다른 맥락의 한계와 평가자 차이를 보존한다."",""supporting_observation_ids"":[""OB_FIRST_PANEL_07_ML_ENGINEER_EV_APP0068_FIRST_INTERVIEW_PRACTITIONER_QA_M1_SKILL_08"",""OB_FIRST_PANEL_07_HIRING_MANAGER_EV_APP0068_FIRST_INTERVIEW_PRACTITIONER_QA_M1_SKILL_08"",""OB_FIRST_PANEL_07_TECHNICAL_REVIEWER_EV_APP0068_FIRST_INTERVIEW_PRACTITIONER_QA_M1_SKILL_08""]}",CALIBRATION_PANEL_01,2026-12-11T10:15:00+09:00,SYNTHETIC_HUMAN_SCENARIO,M1_EVIDENCE_RUBRIC_V02
DC_APP0076_M1_SKILL_01_000092,APP0076,C0076,M1_SKILL_01,MODERATE,AGREED,"{""difference_types"":[""EVIDENCE_EVOLUTION""],""disputed_evidence_ids"":[],""limited_evidence_ids"":[],""meaningful_conflict_refs"":[],""missing_evidence_ids"":[""EV_APP0076_FIRST_INTERVIEW_TECHNICAL_ASSESSMENT_M1_SKILL_01""],""reason"":""동일 Skill의 독립된 직접 관찰로 수행 범위를 확인했다. 다른 맥락의 제한/모호성은 해당 근거의 한계로 보존한다."",""rubric_review"":""직접 관찰의 행동·검증을 검토하며 다른 맥락의 한계와 평가자 차이를 보존한다."",""supporting_observation_ids"":[""OB_FIRST_PANEL_08_ML_ENGINEER_EV_APP0076_FIRST_INTERVIEW_AI_CASE_M1_SKILL_01"",""OB_FIRST_PANEL_08_HIRING_MANAGER_EV_APP0076_FIRST_INTERVIEW_AI_CASE_M1_SKILL_01"",""OB_FIRST_PANEL_08_TECHNICAL_REVIEWER_EV_APP0076_FIRST_INTERVIEW_AI_CASE_M1_SKILL_01""]}",CALIBRATION_PANEL_01,2026-12-13T10:15:00+09:00,SYNTHETIC_HUMAN_SCENARIO,M1_EVIDENCE_RUBRIC_V02
DC_APP0076_M1_SKILL_02_000093,APP0076,C0076,M1_SKILL_02,,DISAGREEMENT_REMAINS,"{""difference_types"":[""EVALUATOR_DISAGREEMENT""],""disputed_evidence_ids"":[""EV_APP0076_FIRST_INTERVIEW_TECHNICAL_ASSESSMENT_M1_SKILL_02""],""limited_evidence_ids"":[],""meaningful_conflict_refs"":[],""missing_evidence_ids"":[],""reason"":""동일 근거에 대한 평가자 해석 차이를 해소할 직접 관찰이 부족하다."",""rubric_review"":""직접 관찰의 행동·검증을 검토하며 다른 맥락의 한계와 평가자 차이를 보존한다."",""supporting_observation_ids"":[]}",CALIBRATION_PANEL_01,2026-12-13T10:15:00+09:00,SYNTHETIC_HUMAN_SCENARIO,M1_EVIDENCE_RUBRIC_V02
DC_APP0076_M1_SKILL_03_000094,APP0076,C0076,M1_SKILL_03,MODERATE,AGREED,"{""difference_types"":[""EVIDENCE_EVOLUTION""],""disputed_evidence_ids"":[],""limited_evidence_ids"":[],""meaningful_conflict_refs"":[],""missing_evidence_ids"":[],""reason"":""동일 Skill의 독립된 직접 관찰로 수행 범위를 확인했다. 다른 맥락의 제한/모호성은 해당 근거의 한계로 보존한다."",""rubric_review"":""직접 관찰의 행동·검증을 검토하며 다른 맥락의 한계와 평가자 차이를 보존한다."",""supporting_observation_ids"":[""OB_REVIEW_ML_01_EV_APP0076_PRE_ASSESSMENT_CODING_TEST_M1_SKILL_03"",""OB_REVIEW_HM_01_EV_APP0076_PRE_ASSESSMENT_CODING_TEST_M1_SKILL_03"",""OB_FIRST_PANEL_08_ML_ENGINEER_EV_APP0076_FIRST_INTERVIEW_AI_CASE_M1_SKILL_03"",""OB_FIRST_PANEL_08_HIRING_MANAGER_EV_APP0076_FIRST_INTERVIEW_AI_CASE_M1_SKILL_03"",""OB_FIRST_PANEL_08_TECHNICAL_REVIEWER_EV_APP0076_FIRST_INTERVIEW_AI_CASE_M1_SKILL_03""]}",CALIBRATION_PANEL_01,2026-12-13T10:15:00+09:00,SYNTHETIC_HUMAN_SCENARIO,M1_EVIDENCE_RUBRIC_V02
DC_APP0076_M1_SKILL_04_000095,APP0076,C0076,M1_SKILL_04,MODERATE,AGREED,"{""difference_types"":[],""disputed_evidence_ids"":[],""limited_evidence_ids"":[],""meaningful_conflict_refs"":[],""missing_evidence_ids"":[],""reason"":""동일 Skill의 독립된 직접 관찰로 수행 범위를 확인했다. 다른 맥락의 제한/모호성은 해당 근거의 한계로 보존한다."",""rubric_review"":""직접 관찰의 행동·검증을 검토하며 다른 맥락의 한계와 평가자 차이를 보존한다."",""supporting_observation_ids"":[""OB_FIRST_PANEL_08_ML_ENGINEER_EV_APP0076_FIRST_INTERVIEW_PRACTITIONER_QA_M1_SKILL_04"",""OB_FIRST_PANEL_08_HIRING_MANAGER_EV_APP0076_FIRST_INTERVIEW_PRACTITIONER_QA_M1_SKILL_04"",""OB_FIRST_PANEL_08_TECHNICAL_REVIEWER_EV_APP0076_FIRST_INTERVIEW_PRACTITIONER_QA_M1_SKILL_04""]}",CALIBRATION_PANEL_01,2026-12-13T10:15:00+09:00,SYNTHETIC_HUMAN_SCENARIO,M1_EVIDENCE_RUBRIC_V02
DC_APP0076_M1_SKILL_05_000096,APP0076,C0076,M1_SKILL_05,,DISAGREEMENT_REMAINS,"{""difference_types"":[""EVALUATOR_DISAGREEMENT""],""disputed_evidence_ids"":[""EV_APP0076_FIRST_INTERVIEW_PRACTITIONER_QA_M1_SKILL_05""],""limited_evidence_ids"":[],""meaningful_conflict_refs"":[],""missing_evidence_ids"":[],""reason"":""동일 근거에 대한 평가자 해석 차이를 해소할 직접 관찰이 부족하다."",""rubric_review"":""직접 관찰의 행동·검증을 검토하며 다른 맥락의 한계와 평가자 차이를 보존한다."",""supporting_observation_ids"":[]}",CALIBRATION_PANEL_01,2026-12-13T10:15:00+09:00,SYNTHETIC_HUMAN_SCENARIO,M1_EVIDENCE_RUBRIC_V02
DC_APP0076_M1_SKILL_06_000097,APP0076,C0076,M1_SKILL_06,MODERATE,AGREED,"{""difference_types"":[],""disputed_evidence_ids"":[],""limited_evidence_ids"":[],""meaningful_conflict_refs"":[],""missing_evidence_ids"":[],""reason"":""동일 Skill의 독립된 직접 관찰로 수행 범위를 확인했다. 다른 맥락의 제한/모호성은 해당 근거의 한계로 보존한다."",""rubric_review"":""직접 관찰의 행동·검증을 검토하며 다른 맥락의 한계와 평가자 차이를 보존한다."",""supporting_observation_ids"":[""OB_FIRST_PANEL_08_ML_ENGINEER_EV_APP0076_FIRST_INTERVIEW_PRACTITIONER_QA_M1_SKILL_06"",""OB_FIRST_PANEL_08_HIRING_MANAGER_EV_APP0076_FIRST_INTERVIEW_PRACTITIONER_QA_M1_SKILL_06"",""OB_FIRST_PANEL_08_TECHNICAL_REVIEWER_EV_APP0076_FIRST_INTERVIEW_PRACTITIONER_QA_M1_SKILL_06""]}",CALIBRATION_PANEL_01,2026-12-13T10:15:00+09:00,SYNTHETIC_HUMAN_SCENARIO,M1_EVIDENCE_RUBRIC_V02
DC_APP0076_M1_SKILL_07_000098,APP0076,C0076,M1_SKILL_07,LIMITED,AGREED,"{""difference_types"":[],""disputed_evidence_ids"":[],""limited_evidence_ids"":[""EV_APP0076_FIRST_INTERVIEW_TECHNICAL_ASSESSMENT_M1_SKILL_07""],""meaningful_conflict_refs"":[],""missing_evidence_ids"":[],""reason"":""관찰된 직접 근거의 범위가 제한적이다. 자기기술만으로 보완하지 않는다."",""rubric_review"":""직접 관찰의 행동·검증을 검토하며 다른 맥락의 한계와 평가자 차이를 보존한다."",""supporting_observation_ids"":[""OB_FIRST_PANEL_08_ML_ENGINEER_EV_APP0076_FIRST_INTERVIEW_TECHNICAL_ASSESSMENT_M1_SKILL_07"",""OB_FIRST_PANEL_08_HIRING_MANAGER_EV_APP0076_FIRST_INTERVIEW_TECHNICAL_ASSESSMENT_M1_SKILL_07"",""OB_FIRST_PANEL_08_TECHNICAL_REVIEWER_EV_APP0076_FIRST_INTERVIEW_TECHNICAL_ASSESSMENT_M1_SKILL_07""]}",CALIBRATION_PANEL_01,2026-12-13T10:15:00+09:00,SYNTHETIC_HUMAN_SCENARIO,M1_EVIDENCE_RUBRIC_V02
DC_APP0076_M1_SKILL_08_000099,APP0076,C0076,M1_SKILL_08,MODERATE,AGREED,"{""difference_types"":[],""disputed_evidence_ids"":[],""limited_evidence_ids"":[],""meaningful_conflict_refs"":[],""missing_evidence_ids"":[],""reason"":""동일 Skill의 독립된 직접 관찰로 수행 범위를 확인했다. 다른 맥락의 제한/모호성은 해당 근거의 한계로 보존한다."",""rubric_review"":""직접 관찰의 행동·검증을 검토하며 다른 맥락의 한계와 평가자 차이를 보존한다."",""supporting_observation_ids"":[""OB_FIRST_PANEL_08_ML_ENGINEER_EV_APP0076_FIRST_INTERVIEW_PRACTITIONER_QA_M1_SKILL_08"",""OB_FIRST_PANEL_08_HIRING_MANAGER_EV_APP0076_FIRST_INTERVIEW_PRACTITIONER_QA_M1_SKILL_08"",""OB_FIRST_PANEL_08_TECHNICAL_REVIEWER_EV_APP0076_FIRST_INTERVIEW_PRACTITIONER_QA_M1_SKILL_08""]}",CALIBRATION_PANEL_01,2026-12-13T10:15:00+09:00,SYNTHETIC_HUMAN_SCENARIO,M1_EVIDENCE_RUBRIC_V02
DC_APP0082_M1_SKILL_01_000100,APP0082,C0082,M1_SKILL_01,MODERATE,AGREED,"{""difference_types"":[""EVIDENCE_EVOLUTION"",""CONTEXT_DIFFERENCE""],""disputed_evidence_ids"":[],""limited_evidence_ids"":[""EV_APP0082_FIRST_INTERVIEW_TECHNICAL_ASSESSMENT_M1_SKILL_01""],""meaningful_conflict_refs"":[],""missing_evidence_ids"":[],""reason"":""동일 Skill의 독립된 직접 관찰로 수행 범위를 확인했다. 다른 맥락의 제한/모호성은 해당 근거의 한계로 보존한다."",""rubric_review"":""직접 관찰의 행동·검증을 검토하며 다른 맥락의 한계와 평가자 차이를 보존한다."",""supporting_observation_ids"":[""OB_FIRST_PANEL_09_ML_ENGINEER_EV_APP0082_FIRST_INTERVIEW_AI_CASE_M1_SKILL_01"",""OB_FIRST_PANEL_09_HIRING_MANAGER_EV_APP0082_FIRST_INTERVIEW_AI_CASE_M1_SKILL_01"",""OB_FIRST_PANEL_09_TECHNICAL_REVIEWER_EV_APP0082_FIRST_INTERVIEW_AI_CASE_M1_SKILL_01""]}",CALIBRATION_PANEL_01,2026-12-13T10:00:00+09:00,SYNTHETIC_HUMAN_SCENARIO,M1_EVIDENCE_RUBRIC_V02
DC_APP0082_M1_SKILL_02_000101,APP0082,C0082,M1_SKILL_02,MODERATE,AGREED,"{""difference_types"":[],""disputed_evidence_ids"":[],""limited_evidence_ids"":[],""meaningful_conflict_refs"":[],""missing_evidence_ids"":[],""reason"":""동일 Skill의 독립된 직접 관찰로 수행 범위를 확인했다. 다른 맥락의 제한/모호성은 해당 근거의 한계로 보존한다."",""rubric_review"":""직접 관찰의 행동·검증을 검토하며 다른 맥락의 한계와 평가자 차이를 보존한다."",""supporting_observation_ids"":[""OB_FIRST_PANEL_09_ML_ENGINEER_EV_APP0082_FIRST_INTERVIEW_TECHNICAL_ASSESSMENT_M1_SKILL_02"",""OB_FIRST_PANEL_09_HIRING_MANAGER_EV_APP0082_FIRST_INTERVIEW_TECHNICAL_ASSESSMENT_M1_SKILL_02"",""OB_FIRST_PANEL_09_TECHNICAL_REVIEWER_EV_APP0082_FIRST_INTERVIEW_TECHNICAL_ASSESSMENT_M1_SKILL_02""]}",CALIBRATION_PANEL_01,2026-12-13T10:00:00+09:00,SYNTHETIC_HUMAN_SCENARIO,M1_EVIDENCE_RUBRIC_V02
DC_APP0082_M1_SKILL_03_000102,APP0082,C0082,M1_SKILL_03,MODERATE,AGREED,"{""difference_types"":[""EVIDENCE_EVOLUTION""],""disputed_evidence_ids"":[],""limited_evidence_ids"":[],""meaningful_conflict_refs"":[],""missing_evidence_ids"":[],""reason"":""동일 Skill의 독립된 직접 관찰로 수행 범위를 확인했다. 다른 맥락의 제한/모호성은 해당 근거의 한계로 보존한다."",""rubric_review"":""직접 관찰의 행동·검증을 검토하며 다른 맥락의 한계와 평가자 차이를 보존한다."",""supporting_observation_ids"":[""OB_REVIEW_ML_01_EV_APP0082_PRE_ASSESSMENT_CODING_TEST_M1_SKILL_03"",""OB_REVIEW_HM_01_EV_APP0082_PRE_ASSESSMENT_CODING_TEST_M1_SKILL_03"",""OB_FIRST_PANEL_09_ML_ENGINEER_EV_APP0082_FIRST_INTERVIEW_AI_CASE_M1_SKILL_03"",""OB_FIRST_PANEL_09_HIRING_MANAGER_EV_APP0082_FIRST_INTERVIEW_AI_CASE_M1_SKILL_03"",""OB_FIRST_PANEL_09_TECHNICAL_REVIEWER_EV_APP0082_FIRST_INTERVIEW_AI_CASE_M1_SKILL_03""]}",CALIBRATION_PANEL_01,2026-12-13T10:00:00+09:00,SYNTHETIC_HUMAN_SCENARIO,M1_EVIDENCE_RUBRIC_V02
DC_APP0082_M1_SKILL_04_000103,APP0082,C0082,M1_SKILL_04,MODERATE,AGREED,"{""difference_types"":[],""disputed_evidence_ids"":[],""limited_evidence_ids"":[],""meaningful_conflict_refs"":[],""missing_evidence_ids"":[],""reason"":""동일 Skill의 독립된 직접 관찰로 수행 범위를 확인했다. 다른 맥락의 제한/모호성은 해당 근거의 한계로 보존한다."",""rubric_review"":""직접 관찰의 행동·검증을 검토하며 다른 맥락의 한계와 평가자 차이를 보존한다."",""supporting_observation_ids"":[""OB_FIRST_PANEL_09_ML_ENGINEER_EV_APP0082_FIRST_INTERVIEW_PRACTITIONER_QA_M1_SKILL_04"",""OB_FIRST_PANEL_09_HIRING_MANAGER_EV_APP0082_FIRST_INTERVIEW_PRACTITIONER_QA_M1_SKILL_04"",""OB_FIRST_PANEL_09_TECHNICAL_REVIEWER_EV_APP0082_FIRST_INTERVIEW_PRACTITIONER_QA_M1_SKILL_04""]}",CALIBRATION_PANEL_01,2026-12-13T10:00:00+09:00,SYNTHETIC_HUMAN_SCENARIO,M1_EVIDENCE_RUBRIC_V02
DC_APP0082_M1_SKILL_05_000104,APP0082,C0082,M1_SKILL_05,MODERATE,AGREED,"{""difference_types"":[],""disputed_evidence_ids"":[],""limited_evidence_ids"":[],""meaningful_conflict_refs"":[],""missing_evidence_ids"":[],""reason"":""동일 Skill의 독립된 직접 관찰로 수행 범위를 확인했다. 다른 맥락의 제한/모호성은 해당 근거의 한계로 보존한다."",""rubric_review"":""직접 관찰의 행동·검증을 검토하며 다른 맥락의 한계와 평가자 차이를 보존한다."",""supporting_observation_ids"":[""OB_FIRST_PANEL_09_ML_ENGINEER_EV_APP0082_FIRST_INTERVIEW_PRACTITIONER_QA_M1_SKILL_05"",""OB_FIRST_PANEL_09_HIRING_MANAGER_EV_APP0082_FIRST_INTERVIEW_PRACTITIONER_QA_M1_SKILL_05"",""OB_FIRST_PANEL_09_TECHNICAL_REVIEWER_EV_APP0082_FIRST_INTERVIEW_PRACTITIONER_QA_M1_SKILL_05""]}",CALIBRATION_PANEL_01,2026-12-13T10:00:00+09:00,SYNTHETIC_HUMAN_SCENARIO,M1_EVIDENCE_RUBRIC_V02
DC_APP0082_M1_SKILL_06_000105,APP0082,C0082,M1_SKILL_06,STRONG,AGREED,"{""difference_types"":[],""disputed_evidence_ids"":[],""limited_evidence_ids"":[],""meaningful_conflict_refs"":[],""missing_evidence_ids"":[],""reason"":""동일 Skill의 독립된 직접 관찰로 수행 범위를 확인했다. 다른 맥락의 제한/모호성은 해당 근거의 한계로 보존한다."",""rubric_review"":""직접 관찰의 행동·검증을 검토하며 다른 맥락의 한계와 평가자 차이를 보존한다."",""supporting_observation_ids"":[""OB_FIRST_PANEL_09_ML_ENGINEER_EV_APP0082_FIRST_INTERVIEW_PRACTITIONER_QA_M1_SKILL_06"",""OB_FIRST_PANEL_09_HIRING_MANAGER_EV_APP0082_FIRST_INTERVIEW_PRACTITIONER_QA_M1_SKILL_06"",""OB_FIRST_PANEL_09_TECHNICAL_REVIEWER_EV_APP0082_FIRST_INTERVIEW_PRACTITIONER_QA_M1_SKILL_06""]}",CALIBRATION_PANEL_01,2026-12-13T10:00:00+09:00,SYNTHETIC_HUMAN_SCENARIO,M1_EVIDENCE_RUBRIC_V02
DC_APP0082_M1_SKILL_07_000106,APP0082,C0082,M1_SKILL_07,MODERATE,AGREED,"{""difference_types"":[],""disputed_evidence_ids"":[],""limited_evidence_ids"":[],""meaningful_conflict_refs"":[],""missing_evidence_ids"":[],""reason"":""동일 Skill의 독립된 직접 관찰로 수행 범위를 확인했다. 다른 맥락의 제한/모호성은 해당 근거의 한계로 보존한다."",""rubric_review"":""직접 관찰의 행동·검증을 검토하며 다른 맥락의 한계와 평가자 차이를 보존한다."",""supporting_observation_ids"":[""OB_FIRST_PANEL_09_ML_ENGINEER_EV_APP0082_FIRST_INTERVIEW_TECHNICAL_ASSESSMENT_M1_SKILL_07"",""OB_FIRST_PANEL_09_HIRING_MANAGER_EV_APP0082_FIRST_INTERVIEW_TECHNICAL_ASSESSMENT_M1_SKILL_07"",""OB_FIRST_PANEL_09_TECHNICAL_REVIEWER_EV_APP0082_FIRST_INTERVIEW_TECHNICAL_ASSESSMENT_M1_SKILL_07""]}",CALIBRATION_PANEL_01,2026-12-13T10:00:00+09:00,SYNTHETIC_HUMAN_SCENARIO,M1_EVIDENCE_RUBRIC_V02
DC_APP0082_M1_SKILL_08_000107,APP0082,C0082,M1_SKILL_08,STRONG,AGREED,"{""difference_types"":[],""disputed_evidence_ids"":[],""limited_evidence_ids"":[],""meaningful_conflict_refs"":[],""missing_evidence_ids"":[],""reason"":""동일 Skill의 독립된 직접 관찰로 수행 범위를 확인했다. 다른 맥락의 제한/모호성은 해당 근거의 한계로 보존한다."",""rubric_review"":""직접 관찰의 행동·검증을 검토하며 다른 맥락의 한계와 평가자 차이를 보존한다."",""supporting_observation_ids"":[""OB_FIRST_PANEL_09_ML_ENGINEER_EV_APP0082_FIRST_INTERVIEW_PRACTITIONER_QA_M1_SKILL_08"",""OB_FIRST_PANEL_09_HIRING_MANAGER_EV_APP0082_FIRST_INTERVIEW_PRACTITIONER_QA_M1_SKILL_08"",""OB_FIRST_PANEL_09_TECHNICAL_REVIEWER_EV_APP0082_FIRST_INTERVIEW_PRACTITIONER_QA_M1_SKILL_08""]}",CALIBRATION_PANEL_01,2026-12-13T10:00:00+09:00,SYNTHETIC_HUMAN_SCENARIO,M1_EVIDENCE_RUBRIC_V02
DC_APP0101_M1_SKILL_01_000108,APP0101,C0101,M1_SKILL_01,MODERATE,AGREED,"{""difference_types"":[""EVIDENCE_EVOLUTION"",""CONTEXT_DIFFERENCE""],""disputed_evidence_ids"":[],""limited_evidence_ids"":[""EV_APP0101_FIRST_INTERVIEW_TECHNICAL_ASSESSMENT_M1_SKILL_01""],""meaningful_conflict_refs"":[],""missing_evidence_ids"":[],""reason"":""동일 Skill의 독립된 직접 관찰로 수행 범위를 확인했다. 다른 맥락의 제한/모호성은 해당 근거의 한계로 보존한다."",""rubric_review"":""직접 관찰의 행동·검증을 검토하며 다른 맥락의 한계와 평가자 차이를 보존한다."",""supporting_observation_ids"":[""OB_FIRST_PANEL_10_ML_ENGINEER_EV_APP0101_FIRST_INTERVIEW_AI_CASE_M1_SKILL_01"",""OB_FIRST_PANEL_10_HIRING_MANAGER_EV_APP0101_FIRST_INTERVIEW_AI_CASE_M1_SKILL_01"",""OB_FIRST_PANEL_10_TECHNICAL_REVIEWER_EV_APP0101_FIRST_INTERVIEW_AI_CASE_M1_SKILL_01""]}",CALIBRATION_PANEL_01,2026-12-11T10:00:00+09:00,SYNTHETIC_HUMAN_SCENARIO,M1_EVIDENCE_RUBRIC_V02
DC_APP0101_M1_SKILL_02_000109,APP0101,C0101,M1_SKILL_02,,INSUFFICIENT_EVIDENCE,"{""difference_types"":[],""disputed_evidence_ids"":[],""limited_evidence_ids"":[],""meaningful_conflict_refs"":[],""missing_evidence_ids"":[""EV_APP0101_FIRST_INTERVIEW_TECHNICAL_ASSESSMENT_M1_SKILL_02""],""reason"":""직접 판단 근거 부족. 미관찰을 역량 부재로 해석하지 않는다."",""rubric_review"":""직접 관찰의 행동·검증을 검토하며 다른 맥락의 한계와 평가자 차이를 보존한다."",""supporting_observation_ids"":[]}",CALIBRATION_PANEL_01,2026-12-11T10:00:00+09:00,SYNTHETIC_HUMAN_SCENARIO,M1_EVIDENCE_RUBRIC_V02
DC_APP0101_M1_SKILL_03_000110,APP0101,C0101,M1_SKILL_03,STRONG,AGREED,"{""difference_types"":[""EVIDENCE_EVOLUTION""],""disputed_evidence_ids"":[],""limited_evidence_ids"":[],""meaningful_conflict_refs"":[],""missing_evidence_ids"":[],""reason"":""동일 Skill의 독립된 직접 관찰로 수행 범위를 확인했다. 다른 맥락의 제한/모호성은 해당 근거의 한계로 보존한다."",""rubric_review"":""직접 관찰의 행동·검증을 검토하며 다른 맥락의 한계와 평가자 차이를 보존한다."",""supporting_observation_ids"":[""OB_REVIEW_ML_01_EV_APP0101_PRE_ASSESSMENT_CODING_TEST_M1_SKILL_03"",""OB_REVIEW_HM_01_EV_APP0101_PRE_ASSESSMENT_CODING_TEST_M1_SKILL_03"",""OB_FIRST_PANEL_10_ML_ENGINEER_EV_APP0101_FIRST_INTERVIEW_AI_CASE_M1_SKILL_03"",""OB_FIRST_PANEL_10_HIRING_MANAGER_EV_APP0101_FIRST_INTERVIEW_AI_CASE_M1_SKILL_03"",""OB_FIRST_PANEL_10_TECHNICAL_REVIEWER_EV_APP0101_FIRST_INTERVIEW_AI_CASE_M1_SKILL_03""]}",CALIBRATION_PANEL_01,2026-12-11T10:00:00+09:00,SYNTHETIC_HUMAN_SCENARIO,M1_EVIDENCE_RUBRIC_V02
DC_APP0101_M1_SKILL_04_000111,APP0101,C0101,M1_SKILL_04,MODERATE,AGREED,"{""difference_types"":[],""disputed_evidence_ids"":[],""limited_evidence_ids"":[],""meaningful_conflict_refs"":[],""missing_evidence_ids"":[],""reason"":""동일 Skill의 독립된 직접 관찰로 수행 범위를 확인했다. 다른 맥락의 제한/모호성은 해당 근거의 한계로 보존한다."",""rubric_review"":""직접 관찰의 행동·검증을 검토하며 다른 맥락의 한계와 평가자 차이를 보존한다."",""supporting_observation_ids"":[""OB_FIRST_PANEL_10_ML_ENGINEER_EV_APP0101_FIRST_INTERVIEW_PRACTITIONER_QA_M1_SKILL_04"",""OB_FIRST_PANEL_10_HIRING_MANAGER_EV_APP0101_FIRST_INTERVIEW_PRACTITIONER_QA_M1_SKILL_04"",""OB_FIRST_PANEL_10_TECHNICAL_REVIEWER_EV_APP0101_FIRST_INTERVIEW_PRACTITIONER_QA_M1_SKILL_04""]}",CALIBRATION_PANEL_01,2026-12-11T10:00:00+09:00,SYNTHETIC_HUMAN_SCENARIO,M1_EVIDENCE_RUBRIC_V02
DC_APP0101_M1_SKILL_05_000112,APP0101,C0101,M1_SKILL_05,STRONG,AGREED,"{""difference_types"":[],""disputed_evidence_ids"":[],""limited_evidence_ids"":[],""meaningful_conflict_refs"":[],""missing_evidence_ids"":[],""reason"":""동일 Skill의 독립된 직접 관찰로 수행 범위를 확인했다. 다른 맥락의 제한/모호성은 해당 근거의 한계로 보존한다."",""rubric_review"":""직접 관찰의 행동·검증을 검토하며 다른 맥락의 한계와 평가자 차이를 보존한다."",""supporting_observation_ids"":[""OB_FIRST_PANEL_10_ML_ENGINEER_EV_APP0101_FIRST_INTERVIEW_PRACTITIONER_QA_M1_SKILL_05"",""OB_FIRST_PANEL_10_HIRING_MANAGER_EV_APP0101_FIRST_INTERVIEW_PRACTITIONER_QA_M1_SKILL_05"",""OB_FIRST_PANEL_10_TECHNICAL_REVIEWER_EV_APP0101_FIRST_INTERVIEW_PRACTITIONER_QA_M1_SKILL_05""]}",CALIBRATION_PANEL_01,2026-12-11T10:00:00+09:00,SYNTHETIC_HUMAN_SCENARIO,M1_EVIDENCE_RUBRIC_V02
DC_APP0101_M1_SKILL_06_000113,APP0101,C0101,M1_SKILL_06,MODERATE,AGREED,"{""difference_types"":[],""disputed_evidence_ids"":[],""limited_evidence_ids"":[],""meaningful_conflict_refs"":[],""missing_evidence_ids"":[],""reason"":""동일 Skill의 독립된 직접 관찰로 수행 범위를 확인했다. 다른 맥락의 제한/모호성은 해당 근거의 한계로 보존한다."",""rubric_review"":""직접 관찰의 행동·검증을 검토하며 다른 맥락의 한계와 평가자 차이를 보존한다."",""supporting_observation_ids"":[""OB_FIRST_PANEL_10_ML_ENGINEER_EV_APP0101_FIRST_INTERVIEW_PRACTITIONER_QA_M1_SKILL_06"",""OB_FIRST_PANEL_10_HIRING_MANAGER_EV_APP0101_FIRST_INTERVIEW_PRACTITIONER_QA_M1_SKILL_06"",""OB_FIRST_PANEL_10_TECHNICAL_REVIEWER_EV_APP0101_FIRST_INTERVIEW_PRACTITIONER_QA_M1_SKILL_06""]}",CALIBRATION_PANEL_01,2026-12-11T10:00:00+09:00,SYNTHETIC_HUMAN_SCENARIO,M1_EVIDENCE_RUBRIC_V02
DC_APP0101_M1_SKILL_07_000114,APP0101,C0101,M1_SKILL_07,MODERATE,AGREED,"{""difference_types"":[],""disputed_evidence_ids"":[],""limited_evidence_ids"":[],""meaningful_conflict_refs"":[],""missing_evidence_ids"":[],""reason"":""동일 Skill의 독립된 직접 관찰로 수행 범위를 확인했다. 다른 맥락의 제한/모호성은 해당 근거의 한계로 보존한다."",""rubric_review"":""직접 관찰의 행동·검증을 검토하며 다른 맥락의 한계와 평가자 차이를 보존한다."",""supporting_observation_ids"":[""OB_FIRST_PANEL_10_ML_ENGINEER_EV_APP0101_FIRST_INTERVIEW_TECHNICAL_ASSESSMENT_M1_SKILL_07"",""OB_FIRST_PANEL_10_HIRING_MANAGER_EV_APP0101_FIRST_INTERVIEW_TECHNICAL_ASSESSMENT_M1_SKILL_07"",""OB_FIRST_PANEL_10_TECHNICAL_REVIEWER_EV_APP0101_FIRST_INTERVIEW_TECHNICAL_ASSESSMENT_M1_SKILL_07""]}",CALIBRATION_PANEL_01,2026-12-11T10:00:00+09:00,SYNTHETIC_HUMAN_SCENARIO,M1_EVIDENCE_RUBRIC_V02
DC_APP0101_M1_SKILL_08_000115,APP0101,C0101,M1_SKILL_08,MODERATE,AGREED,"{""difference_types"":[],""disputed_evidence_ids"":[],""limited_evidence_ids"":[],""meaningful_conflict_refs"":[],""missing_evidence_ids"":[],""reason"":""동일 Skill의 독립된 직접 관찰로 수행 범위를 확인했다. 다른 맥락의 제한/모호성은 해당 근거의 한계로 보존한다."",""rubric_review"":""직접 관찰의 행동·검증을 검토하며 다른 맥락의 한계와 평가자 차이를 보존한다."",""supporting_observation_ids"":[""OB_FIRST_PANEL_10_ML_ENGINEER_EV_APP0101_FIRST_INTERVIEW_PRACTITIONER_QA_M1_SKILL_08"",""OB_FIRST_PANEL_10_HIRING_MANAGER_EV_APP0101_FIRST_INTERVIEW_PRACTITIONER_QA_M1_SKILL_08"",""OB_FIRST_PANEL_10_TECHNICAL_REVIEWER_EV_APP0101_FIRST_INTERVIEW_PRACTITIONER_QA_M1_SKILL_08""]}",CALIBRATION_PANEL_01,2026-12-11T10:00:00+09:00,SYNTHETIC_HUMAN_SCENARIO,M1_EVIDENCE_RUBRIC_V02
DC_APP0128_M1_SKILL_01_000116,APP0128,C0128,M1_SKILL_01,LIMITED,AGREED,"{""difference_types"":[],""disputed_evidence_ids"":[],""limited_evidence_ids"":[""EV_APP0128_FIRST_INTERVIEW_AI_CASE_M1_SKILL_01""],""meaningful_conflict_refs"":[],""missing_evidence_ids"":[""EV_APP0128_FIRST_INTERVIEW_TECHNICAL_ASSESSMENT_M1_SKILL_01""],""reason"":""관찰된 직접 근거의 범위가 제한적이다. 자기기술만으로 보완하지 않는다."",""rubric_review"":""직접 관찰의 행동·검증을 검토하며 다른 맥락의 한계와 평가자 차이를 보존한다."",""supporting_observation_ids"":[""OB_FIRST_PANEL_01_ML_ENGINEER_EV_APP0128_FIRST_INTERVIEW_AI_CASE_M1_SKILL_01"",""OB_FIRST_PANEL_01_HIRING_MANAGER_EV_APP0128_FIRST_INTERVIEW_AI_CASE_M1_SKILL_01"",""OB_FIRST_PANEL_01_TECHNICAL_REVIEWER_EV_APP0128_FIRST_INTERVIEW_AI_CASE_M1_SKILL_01""]}",CALIBRATION_PANEL_01,2026-12-19T10:15:00+09:00,SYNTHETIC_HUMAN_SCENARIO,M1_EVIDENCE_RUBRIC_V02
DC_APP0128_M1_SKILL_02_000117,APP0128,C0128,M1_SKILL_02,,DISAGREEMENT_REMAINS,"{""difference_types"":[""EVALUATOR_DISAGREEMENT""],""disputed_evidence_ids"":[""EV_APP0128_FIRST_INTERVIEW_TECHNICAL_ASSESSMENT_M1_SKILL_02""],""limited_evidence_ids"":[],""meaningful_conflict_refs"":[],""missing_evidence_ids"":[],""reason"":""동일 근거에 대한 평가자 해석 차이를 해소할 직접 관찰이 부족하다."",""rubric_review"":""직접 관찰의 행동·검증을 검토하며 다른 맥락의 한계와 평가자 차이를 보존한다."",""supporting_observation_ids"":[]}",CALIBRATION_PANEL_01,2026-12-19T10:15:00+09:00,SYNTHETIC_HUMAN_SCENARIO,M1_EVIDENCE_RUBRIC_V02
DC_APP0128_M1_SKILL_03_000118,APP0128,C0128,M1_SKILL_03,MODERATE,AGREED,"{""difference_types"":[""EVIDENCE_EVOLUTION""],""disputed_evidence_ids"":[],""limited_evidence_ids"":[],""meaningful_conflict_refs"":[],""missing_evidence_ids"":[],""reason"":""동일 Skill의 독립된 직접 관찰로 수행 범위를 확인했다. 다른 맥락의 제한/모호성은 해당 근거의 한계로 보존한다."",""rubric_review"":""직접 관찰의 행동·검증을 검토하며 다른 맥락의 한계와 평가자 차이를 보존한다."",""supporting_observation_ids"":[""OB_REVIEW_ML_01_EV_APP0128_PRE_ASSESSMENT_CODING_TEST_M1_SKILL_03"",""OB_REVIEW_HM_01_EV_APP0128_PRE_ASSESSMENT_CODING_TEST_M1_SKILL_03"",""OB_FIRST_PANEL_01_ML_ENGINEER_EV_APP0128_FIRST_INTERVIEW_AI_CASE_M1_SKILL_03"",""OB_FIRST_PANEL_01_HIRING_MANAGER_EV_APP0128_FIRST_INTERVIEW_AI_CASE_M1_SKILL_03"",""OB_FIRST_PANEL_01_TECHNICAL_REVIEWER_EV_APP0128_FIRST_INTERVIEW_AI_CASE_M1_SKILL_03""]}",CALIBRATION_PANEL_01,2026-12-19T10:15:00+09:00,SYNTHETIC_HUMAN_SCENARIO,M1_EVIDENCE_RUBRIC_V02
DC_APP0128_M1_SKILL_04_000119,APP0128,C0128,M1_SKILL_04,MODERATE,AGREED,"{""difference_types"":[],""disputed_evidence_ids"":[],""limited_evidence_ids"":[],""meaningful_conflict_refs"":[],""missing_evidence_ids"":[],""reason"":""동일 Skill의 독립된 직접 관찰로 수행 범위를 확인했다. 다른 맥락의 제한/모호성은 해당 근거의 한계로 보존한다."",""rubric_review"":""직접 관찰의 행동·검증을 검토하며 다른 맥락의 한계와 평가자 차이를 보존한다."",""supporting_observation_ids"":[""OB_FIRST_PANEL_01_ML_ENGINEER_EV_APP0128_FIRST_INTERVIEW_PRACTITIONER_QA_M1_SKILL_04"",""OB_FIRST_PANEL_01_HIRING_MANAGER_EV_APP0128_FIRST_INTERVIEW_PRACTITIONER_QA_M1_SKILL_04"",""OB_FIRST_PANEL_01_TECHNICAL_REVIEWER_EV_APP0128_FIRST_INTERVIEW_PRACTITIONER_QA_M1_SKILL_04""]}",CALIBRATION_PANEL_01,2026-12-19T10:15:00+09:00,SYNTHETIC_HUMAN_SCENARIO,M1_EVIDENCE_RUBRIC_V02
DC_APP0128_M1_SKILL_05_000120,APP0128,C0128,M1_SKILL_05,LIMITED,AGREED,"{""difference_types"":[],""disputed_evidence_ids"":[],""limited_evidence_ids"":[""EV_APP0128_FIRST_INTERVIEW_PRACTITIONER_QA_M1_SKILL_05""],""meaningful_conflict_refs"":[],""missing_evidence_ids"":[],""reason"":""관찰된 직접 근거의 범위가 제한적이다. 자기기술만으로 보완하지 않는다."",""rubric_review"":""직접 관찰의 행동·검증을 검토하며 다른 맥락의 한계와 평가자 차이를 보존한다."",""supporting_observation_ids"":[""OB_FIRST_PANEL_01_ML_ENGINEER_EV_APP0128_FIRST_INTERVIEW_PRACTITIONER_QA_M1_SKILL_05"",""OB_FIRST_PANEL_01_HIRING_MANAGER_EV_APP0128_FIRST_INTERVIEW_PRACTITIONER_QA_M1_SKILL_05"",""OB_FIRST_PANEL_01_TECHNICAL_REVIEWER_EV_APP0128_FIRST_INTERVIEW_PRACTITIONER_QA_M1_SKILL_05""]}",CALIBRATION_PANEL_01,2026-12-19T10:15:00+09:00,SYNTHETIC_HUMAN_SCENARIO,M1_EVIDENCE_RUBRIC_V02
DC_APP0128_M1_SKILL_06_000121,APP0128,C0128,M1_SKILL_06,,INSUFFICIENT_EVIDENCE,"{""difference_types"":[],""disputed_evidence_ids"":[],""limited_evidence_ids"":[],""meaningful_conflict_refs"":[],""missing_evidence_ids"":[""EV_APP0128_FIRST_INTERVIEW_PRACTITIONER_QA_M1_SKILL_06""],""reason"":""직접 판단 근거 부족. 미관찰을 역량 부재로 해석하지 않는다."",""rubric_review"":""직접 관찰의 행동·검증을 검토하며 다른 맥락의 한계와 평가자 차이를 보존한다."",""supporting_observation_ids"":[]}",CALIBRATION_PANEL_01,2026-12-19T10:15:00+09:00,SYNTHETIC_HUMAN_SCENARIO,M1_EVIDENCE_RUBRIC_V02
DC_APP0128_M1_SKILL_07_000122,APP0128,C0128,M1_SKILL_07,,DISAGREEMENT_REMAINS,"{""difference_types"":[""EVALUATOR_DISAGREEMENT""],""disputed_evidence_ids"":[""EV_APP0128_FIRST_INTERVIEW_TECHNICAL_ASSESSMENT_M1_SKILL_07""],""limited_evidence_ids"":[],""meaningful_conflict_refs"":[],""missing_evidence_ids"":[],""reason"":""동일 근거에 대한 평가자 해석 차이를 해소할 직접 관찰이 부족하다."",""rubric_review"":""직접 관찰의 행동·검증을 검토하며 다른 맥락의 한계와 평가자 차이를 보존한다."",""supporting_observation_ids"":[]}",CALIBRATION_PANEL_01,2026-12-19T10:15:00+09:00,SYNTHETIC_HUMAN_SCENARIO,M1_EVIDENCE_RUBRIC_V02
DC_APP0128_M1_SKILL_08_000123,APP0128,C0128,M1_SKILL_08,,INSUFFICIENT_EVIDENCE,"{""difference_types"":[],""disputed_evidence_ids"":[],""limited_evidence_ids"":[],""meaningful_conflict_refs"":[],""missing_evidence_ids"":[""EV_APP0128_FIRST_INTERVIEW_PRACTITIONER_QA_M1_SKILL_08""],""reason"":""직접 판단 근거 부족. 미관찰을 역량 부재로 해석하지 않는다."",""rubric_review"":""직접 관찰의 행동·검증을 검토하며 다른 맥락의 한계와 평가자 차이를 보존한다."",""supporting_observation_ids"":[]}",CALIBRATION_PANEL_01,2026-12-19T10:15:00+09:00,SYNTHETIC_HUMAN_SCENARIO,M1_EVIDENCE_RUBRIC_V02
DC_APP0141_M1_SKILL_01_000124,APP0141,C0141,M1_SKILL_01,MODERATE,AGREED,"{""difference_types"":[""EVIDENCE_EVOLUTION""],""disputed_evidence_ids"":[],""limited_evidence_ids"":[],""meaningful_conflict_refs"":[],""missing_evidence_ids"":[""EV_APP0141_FIRST_INTERVIEW_AI_CASE_M1_SKILL_01""],""reason"":""동일 Skill의 독립된 직접 관찰로 수행 범위를 확인했다. 다른 맥락의 제한/모호성은 해당 근거의 한계로 보존한다."",""rubric_review"":""직접 관찰의 행동·검증을 검토하며 다른 맥락의 한계와 평가자 차이를 보존한다."",""supporting_observation_ids"":[""OB_FIRST_PANEL_02_ML_ENGINEER_EV_APP0141_FIRST_INTERVIEW_TECHNICAL_ASSESSMENT_M1_SKILL_01"",""OB_FIRST_PANEL_02_HIRING_MANAGER_EV_APP0141_FIRST_INTERVIEW_TECHNICAL_ASSESSMENT_M1_SKILL_01"",""OB_FIRST_PANEL_02_TECHNICAL_REVIEWER_EV_APP0141_FIRST_INTERVIEW_TECHNICAL_ASSESSMENT_M1_SKILL_01""]}",CALIBRATION_PANEL_01,2026-12-19T10:00:00+09:00,SYNTHETIC_HUMAN_SCENARIO,M1_EVIDENCE_RUBRIC_V02
DC_APP0141_M1_SKILL_02_000125,APP0141,C0141,M1_SKILL_02,LIMITED,AGREED,"{""difference_types"":[],""disputed_evidence_ids"":[],""limited_evidence_ids"":[""EV_APP0141_FIRST_INTERVIEW_TECHNICAL_ASSESSMENT_M1_SKILL_02""],""meaningful_conflict_refs"":[],""missing_evidence_ids"":[],""reason"":""관찰된 직접 근거의 범위가 제한적이다. 자기기술만으로 보완하지 않는다."",""rubric_review"":""직접 관찰의 행동·검증을 검토하며 다른 맥락의 한계와 평가자 차이를 보존한다."",""supporting_observation_ids"":[""OB_FIRST_PANEL_02_ML_ENGINEER_EV_APP0141_FIRST_INTERVIEW_TECHNICAL_ASSESSMENT_M1_SKILL_02"",""OB_FIRST_PANEL_02_HIRING_MANAGER_EV_APP0141_FIRST_INTERVIEW_TECHNICAL_ASSESSMENT_M1_SKILL_02"",""OB_FIRST_PANEL_02_TECHNICAL_REVIEWER_EV_APP0141_FIRST_INTERVIEW_TECHNICAL_ASSESSMENT_M1_SKILL_02""]}",CALIBRATION_PANEL_01,2026-12-19T10:00:00+09:00,SYNTHETIC_HUMAN_SCENARIO,M1_EVIDENCE_RUBRIC_V02
DC_APP0141_M1_SKILL_03_000126,APP0141,C0141,M1_SKILL_03,MODERATE,AGREED,"{""difference_types"":[""EVIDENCE_EVOLUTION""],""disputed_evidence_ids"":[],""limited_evidence_ids"":[],""meaningful_conflict_refs"":[],""missing_evidence_ids"":[],""reason"":""동일 Skill의 독립된 직접 관찰로 수행 범위를 확인했다. 다른 맥락의 제한/모호성은 해당 근거의 한계로 보존한다."",""rubric_review"":""직접 관찰의 행동·검증을 검토하며 다른 맥락의 한계와 평가자 차이를 보존한다."",""supporting_observation_ids"":[""OB_REVIEW_ML_01_EV_APP0141_PRE_ASSESSMENT_CODING_TEST_M1_SKILL_03"",""OB_REVIEW_HM_01_EV_APP0141_PRE_ASSESSMENT_CODING_TEST_M1_SKILL_03"",""OB_FIRST_PANEL_02_ML_ENGINEER_EV_APP0141_FIRST_INTERVIEW_AI_CASE_M1_SKILL_03"",""OB_FIRST_PANEL_02_HIRING_MANAGER_EV_APP0141_FIRST_INTERVIEW_AI_CASE_M1_SKILL_03"",""OB_FIRST_PANEL_02_TECHNICAL_REVIEWER_EV_APP0141_FIRST_INTERVIEW_AI_CASE_M1_SKILL_03""]}",CALIBRATION_PANEL_01,2026-12-19T10:00:00+09:00,SYNTHETIC_HUMAN_SCENARIO,M1_EVIDENCE_RUBRIC_V02
DC_APP0141_M1_SKILL_04_000127,APP0141,C0141,M1_SKILL_04,MODERATE,AGREED,"{""difference_types"":[],""disputed_evidence_ids"":[],""limited_evidence_ids"":[],""meaningful_conflict_refs"":[],""missing_evidence_ids"":[],""reason"":""동일 Skill의 독립된 직접 관찰로 수행 범위를 확인했다. 다른 맥락의 제한/모호성은 해당 근거의 한계로 보존한다."",""rubric_review"":""직접 관찰의 행동·검증을 검토하며 다른 맥락의 한계와 평가자 차이를 보존한다."",""supporting_observation_ids"":[""OB_FIRST_PANEL_02_ML_ENGINEER_EV_APP0141_FIRST_INTERVIEW_PRACTITIONER_QA_M1_SKILL_04"",""OB_FIRST_PANEL_02_HIRING_MANAGER_EV_APP0141_FIRST_INTERVIEW_PRACTITIONER_QA_M1_SKILL_04"",""OB_FIRST_PANEL_02_TECHNICAL_REVIEWER_EV_APP0141_FIRST_INTERVIEW_PRACTITIONER_QA_M1_SKILL_04""]}",CALIBRATION_PANEL_01,2026-12-19T10:00:00+09:00,SYNTHETIC_HUMAN_SCENARIO,M1_EVIDENCE_RUBRIC_V02
DC_APP0141_M1_SKILL_05_000128,APP0141,C0141,M1_SKILL_05,MODERATE,AGREED,"{""difference_types"":[],""disputed_evidence_ids"":[],""limited_evidence_ids"":[],""meaningful_conflict_refs"":[],""missing_evidence_ids"":[],""reason"":""동일 Skill의 독립된 직접 관찰로 수행 범위를 확인했다. 다른 맥락의 제한/모호성은 해당 근거의 한계로 보존한다."",""rubric_review"":""직접 관찰의 행동·검증을 검토하며 다른 맥락의 한계와 평가자 차이를 보존한다."",""supporting_observation_ids"":[""OB_FIRST_PANEL_02_ML_ENGINEER_EV_APP0141_FIRST_INTERVIEW_PRACTITIONER_QA_M1_SKILL_05"",""OB_FIRST_PANEL_02_HIRING_MANAGER_EV_APP0141_FIRST_INTERVIEW_PRACTITIONER_QA_M1_SKILL_05"",""OB_FIRST_PANEL_02_TECHNICAL_REVIEWER_EV_APP0141_FIRST_INTERVIEW_PRACTITIONER_QA_M1_SKILL_05""]}",CALIBRATION_PANEL_01,2026-12-19T10:00:00+09:00,SYNTHETIC_HUMAN_SCENARIO,M1_EVIDENCE_RUBRIC_V02
DC_APP0141_M1_SKILL_06_000129,APP0141,C0141,M1_SKILL_06,MODERATE,AGREED,"{""difference_types"":[],""disputed_evidence_ids"":[],""limited_evidence_ids"":[],""meaningful_conflict_refs"":[],""missing_evidence_ids"":[],""reason"":""동일 Skill의 독립된 직접 관찰로 수행 범위를 확인했다. 다른 맥락의 제한/모호성은 해당 근거의 한계로 보존한다."",""rubric_review"":""직접 관찰의 행동·검증을 검토하며 다른 맥락의 한계와 평가자 차이를 보존한다."",""supporting_observation_ids"":[""OB_FIRST_PANEL_02_ML_ENGINEER_EV_APP0141_FIRST_INTERVIEW_PRACTITIONER_QA_M1_SKILL_06"",""OB_FIRST_PANEL_02_HIRING_MANAGER_EV_APP0141_FIRST_INTERVIEW_PRACTITIONER_QA_M1_SKILL_06"",""OB_FIRST_PANEL_02_TECHNICAL_REVIEWER_EV_APP0141_FIRST_INTERVIEW_PRACTITIONER_QA_M1_SKILL_06""]}",CALIBRATION_PANEL_01,2026-12-19T10:00:00+09:00,SYNTHETIC_HUMAN_SCENARIO,M1_EVIDENCE_RUBRIC_V02
DC_APP0141_M1_SKILL_07_000130,APP0141,C0141,M1_SKILL_07,LIMITED,AGREED,"{""difference_types"":[],""disputed_evidence_ids"":[],""limited_evidence_ids"":[""EV_APP0141_FIRST_INTERVIEW_TECHNICAL_ASSESSMENT_M1_SKILL_07""],""meaningful_conflict_refs"":[],""missing_evidence_ids"":[],""reason"":""관찰된 직접 근거의 범위가 제한적이다. 자기기술만으로 보완하지 않는다."",""rubric_review"":""직접 관찰의 행동·검증을 검토하며 다른 맥락의 한계와 평가자 차이를 보존한다."",""supporting_observation_ids"":[""OB_FIRST_PANEL_02_ML_ENGINEER_EV_APP0141_FIRST_INTERVIEW_TECHNICAL_ASSESSMENT_M1_SKILL_07"",""OB_FIRST_PANEL_02_HIRING_MANAGER_EV_APP0141_FIRST_INTERVIEW_TECHNICAL_ASSESSMENT_M1_SKILL_07"",""OB_FIRST_PANEL_02_TECHNICAL_REVIEWER_EV_APP0141_FIRST_INTERVIEW_TECHNICAL_ASSESSMENT_M1_SKILL_07""]}",CALIBRATION_PANEL_01,2026-12-19T10:00:00+09:00,SYNTHETIC_HUMAN_SCENARIO,M1_EVIDENCE_RUBRIC_V02
DC_APP0141_M1_SKILL_08_000131,APP0141,C0141,M1_SKILL_08,MODERATE,AGREED,"{""difference_types"":[],""disputed_evidence_ids"":[],""limited_evidence_ids"":[],""meaningful_conflict_refs"":[],""missing_evidence_ids"":[],""reason"":""동일 Skill의 독립된 직접 관찰로 수행 범위를 확인했다. 다른 맥락의 제한/모호성은 해당 근거의 한계로 보존한다."",""rubric_review"":""직접 관찰의 행동·검증을 검토하며 다른 맥락의 한계와 평가자 차이를 보존한다."",""supporting_observation_ids"":[""OB_FIRST_PANEL_02_ML_ENGINEER_EV_APP0141_FIRST_INTERVIEW_PRACTITIONER_QA_M1_SKILL_08"",""OB_FIRST_PANEL_02_HIRING_MANAGER_EV_APP0141_FIRST_INTERVIEW_PRACTITIONER_QA_M1_SKILL_08"",""OB_FIRST_PANEL_02_TECHNICAL_REVIEWER_EV_APP0141_FIRST_INTERVIEW_PRACTITIONER_QA_M1_SKILL_08""]}",CALIBRATION_PANEL_01,2026-12-19T10:00:00+09:00,SYNTHETIC_HUMAN_SCENARIO,M1_EVIDENCE_RUBRIC_V02
DC_APP0143_M1_SKILL_01_000132,APP0143,C0143,M1_SKILL_01,MODERATE,AGREED,"{""difference_types"":[""EVALUATOR_DISAGREEMENT""],""disputed_evidence_ids"":[""EV_APP0143_FIRST_INTERVIEW_TECHNICAL_ASSESSMENT_M1_SKILL_01""],""limited_evidence_ids"":[],""meaningful_conflict_refs"":[],""missing_evidence_ids"":[],""reason"":""동일 Skill의 독립된 직접 관찰로 수행 범위를 확인했다. 다른 맥락의 제한/모호성은 해당 근거의 한계로 보존한다."",""rubric_review"":""직접 관찰의 행동·검증을 검토하며 다른 맥락의 한계와 평가자 차이를 보존한다."",""supporting_observation_ids"":[""OB_FIRST_PANEL_03_ML_ENGINEER_EV_APP0143_FIRST_INTERVIEW_AI_CASE_M1_SKILL_01"",""OB_FIRST_PANEL_03_HIRING_MANAGER_EV_APP0143_FIRST_INTERVIEW_AI_CASE_M1_SKILL_01"",""OB_FIRST_PANEL_03_TECHNICAL_REVIEWER_EV_APP0143_FIRST_INTERVIEW_AI_CASE_M1_SKILL_01""]}",CALIBRATION_PANEL_01,2026-12-17T10:15:00+09:00,SYNTHETIC_HUMAN_SCENARIO,M1_EVIDENCE_RUBRIC_V02
DC_APP0143_M1_SKILL_02_000133,APP0143,C0143,M1_SKILL_02,LIMITED,AGREED,"{""difference_types"":[],""disputed_evidence_ids"":[],""limited_evidence_ids"":[""EV_APP0143_FIRST_INTERVIEW_TECHNICAL_ASSESSMENT_M1_SKILL_02""],""meaningful_conflict_refs"":[],""missing_evidence_ids"":[],""reason"":""관찰된 직접 근거의 범위가 제한적이다. 자기기술만으로 보완하지 않는다."",""rubric_review"":""직접 관찰의 행동·검증을 검토하며 다른 맥락의 한계와 평가자 차이를 보존한다."",""supporting_observation_ids"":[""OB_FIRST_PANEL_03_ML_ENGINEER_EV_APP0143_FIRST_INTERVIEW_TECHNICAL_ASSESSMENT_M1_SKILL_02"",""OB_FIRST_PANEL_03_HIRING_MANAGER_EV_APP0143_FIRST_INTERVIEW_TECHNICAL_ASSESSMENT_M1_SKILL_02"",""OB_FIRST_PANEL_03_TECHNICAL_REVIEWER_EV_APP0143_FIRST_INTERVIEW_TECHNICAL_ASSESSMENT_M1_SKILL_02""]}",CALIBRATION_PANEL_01,2026-12-17T10:15:00+09:00,SYNTHETIC_HUMAN_SCENARIO,M1_EVIDENCE_RUBRIC_V02
DC_APP0143_M1_SKILL_03_000134,APP0143,C0143,M1_SKILL_03,MODERATE,AGREED,"{""difference_types"":[""EVIDENCE_EVOLUTION""],""disputed_evidence_ids"":[],""limited_evidence_ids"":[],""meaningful_conflict_refs"":[],""missing_evidence_ids"":[""EV_APP0143_PRE_ASSESSMENT_CODING_TEST_M1_SKILL_03""],""reason"":""동일 Skill의 독립된 직접 관찰로 수행 범위를 확인했다. 다른 맥락의 제한/모호성은 해당 근거의 한계로 보존한다."",""rubric_review"":""직접 관찰의 행동·검증을 검토하며 다른 맥락의 한계와 평가자 차이를 보존한다."",""supporting_observation_ids"":[""OB_FIRST_PANEL_03_ML_ENGINEER_EV_APP0143_FIRST_INTERVIEW_AI_CASE_M1_SKILL_03"",""OB_FIRST_PANEL_03_HIRING_MANAGER_EV_APP0143_FIRST_INTERVIEW_AI_CASE_M1_SKILL_03"",""OB_FIRST_PANEL_03_TECHNICAL_REVIEWER_EV_APP0143_FIRST_INTERVIEW_AI_CASE_M1_SKILL_03""]}",CALIBRATION_PANEL_01,2026-12-17T10:15:00+09:00,SYNTHETIC_HUMAN_SCENARIO,M1_EVIDENCE_RUBRIC_V02
DC_APP0143_M1_SKILL_04_000135,APP0143,C0143,M1_SKILL_04,STRONG,AGREED,"{""difference_types"":[],""disputed_evidence_ids"":[],""limited_evidence_ids"":[],""meaningful_conflict_refs"":[],""missing_evidence_ids"":[],""reason"":""동일 Skill의 독립된 직접 관찰로 수행 범위를 확인했다. 다른 맥락의 제한/모호성은 해당 근거의 한계로 보존한다."",""rubric_review"":""직접 관찰의 행동·검증을 검토하며 다른 맥락의 한계와 평가자 차이를 보존한다."",""supporting_observation_ids"":[""OB_FIRST_PANEL_03_ML_ENGINEER_EV_APP0143_FIRST_INTERVIEW_PRACTITIONER_QA_M1_SKILL_04"",""OB_FIRST_PANEL_03_HIRING_MANAGER_EV_APP0143_FIRST_INTERVIEW_PRACTITIONER_QA_M1_SKILL_04"",""OB_FIRST_PANEL_03_TECHNICAL_REVIEWER_EV_APP0143_FIRST_INTERVIEW_PRACTITIONER_QA_M1_SKILL_04""]}",CALIBRATION_PANEL_01,2026-12-17T10:15:00+09:00,SYNTHETIC_HUMAN_SCENARIO,M1_EVIDENCE_RUBRIC_V02
DC_APP0143_M1_SKILL_05_000136,APP0143,C0143,M1_SKILL_05,,DISAGREEMENT_REMAINS,"{""difference_types"":[""EVALUATOR_DISAGREEMENT""],""disputed_evidence_ids"":[""EV_APP0143_FIRST_INTERVIEW_PRACTITIONER_QA_M1_SKILL_05""],""limited_evidence_ids"":[],""meaningful_conflict_refs"":[],""missing_evidence_ids"":[],""reason"":""동일 근거에 대한 평가자 해석 차이를 해소할 직접 관찰이 부족하다."",""rubric_review"":""직접 관찰의 행동·검증을 검토하며 다른 맥락의 한계와 평가자 차이를 보존한다."",""supporting_observation_ids"":[]}",CALIBRATION_PANEL_01,2026-12-17T10:15:00+09:00,SYNTHETIC_HUMAN_SCENARIO,M1_EVIDENCE_RUBRIC_V02
DC_APP0143_M1_SKILL_06_000137,APP0143,C0143,M1_SKILL_06,,DISAGREEMENT_REMAINS,"{""difference_types"":[""EVALUATOR_DISAGREEMENT""],""disputed_evidence_ids"":[""EV_APP0143_FIRST_INTERVIEW_PRACTITIONER_QA_M1_SKILL_06""],""limited_evidence_ids"":[],""meaningful_conflict_refs"":[],""missing_evidence_ids"":[],""reason"":""동일 근거에 대한 평가자 해석 차이를 해소할 직접 관찰이 부족하다."",""rubric_review"":""직접 관찰의 행동·검증을 검토하며 다른 맥락의 한계와 평가자 차이를 보존한다."",""supporting_observation_ids"":[]}",CALIBRATION_PANEL_01,2026-12-17T10:15:00+09:00,SYNTHETIC_HUMAN_SCENARIO,M1_EVIDENCE_RUBRIC_V02
DC_APP0143_M1_SKILL_07_000138,APP0143,C0143,M1_SKILL_07,,INSUFFICIENT_EVIDENCE,"{""difference_types"":[],""disputed_evidence_ids"":[],""limited_evidence_ids"":[],""meaningful_conflict_refs"":[],""missing_evidence_ids"":[""EV_APP0143_FIRST_INTERVIEW_TECHNICAL_ASSESSMENT_M1_SKILL_07""],""reason"":""직접 판단 근거 부족. 미관찰을 역량 부재로 해석하지 않는다."",""rubric_review"":""직접 관찰의 행동·검증을 검토하며 다른 맥락의 한계와 평가자 차이를 보존한다."",""supporting_observation_ids"":[]}",CALIBRATION_PANEL_01,2026-12-17T10:15:00+09:00,SYNTHETIC_HUMAN_SCENARIO,M1_EVIDENCE_RUBRIC_V02
DC_APP0143_M1_SKILL_08_000139,APP0143,C0143,M1_SKILL_08,MODERATE,AGREED,"{""difference_types"":[],""disputed_evidence_ids"":[],""limited_evidence_ids"":[],""meaningful_conflict_refs"":[],""missing_evidence_ids"":[],""reason"":""동일 Skill의 독립된 직접 관찰로 수행 범위를 확인했다. 다른 맥락의 제한/모호성은 해당 근거의 한계로 보존한다."",""rubric_review"":""직접 관찰의 행동·검증을 검토하며 다른 맥락의 한계와 평가자 차이를 보존한다."",""supporting_observation_ids"":[""OB_FIRST_PANEL_03_ML_ENGINEER_EV_APP0143_FIRST_INTERVIEW_PRACTITIONER_QA_M1_SKILL_08"",""OB_FIRST_PANEL_03_HIRING_MANAGER_EV_APP0143_FIRST_INTERVIEW_PRACTITIONER_QA_M1_SKILL_08"",""OB_FIRST_PANEL_03_TECHNICAL_REVIEWER_EV_APP0143_FIRST_INTERVIEW_PRACTITIONER_QA_M1_SKILL_08""]}",CALIBRATION_PANEL_01,2026-12-17T10:15:00+09:00,SYNTHETIC_HUMAN_SCENARIO,M1_EVIDENCE_RUBRIC_V02
DC_APP0150_M1_SKILL_01_000140,APP0150,C0150,M1_SKILL_01,STRONG,AGREED,"{""difference_types"":[""EVIDENCE_EVOLUTION""],""disputed_evidence_ids"":[],""limited_evidence_ids"":[],""meaningful_conflict_refs"":[],""missing_evidence_ids"":[],""reason"":""동일 Skill의 독립된 직접 관찰로 수행 범위를 확인했다. 다른 맥락의 제한/모호성은 해당 근거의 한계로 보존한다."",""rubric_review"":""직접 관찰의 행동·검증을 검토하며 다른 맥락의 한계와 평가자 차이를 보존한다."",""supporting_observation_ids"":[""OB_FIRST_PANEL_04_ML_ENGINEER_EV_APP0150_FIRST_INTERVIEW_TECHNICAL_ASSESSMENT_M1_SKILL_01"",""OB_FIRST_PANEL_04_HIRING_MANAGER_EV_APP0150_FIRST_INTERVIEW_TECHNICAL_ASSESSMENT_M1_SKILL_01"",""OB_FIRST_PANEL_04_TECHNICAL_REVIEWER_EV_APP0150_FIRST_INTERVIEW_TECHNICAL_ASSESSMENT_M1_SKILL_01"",""OB_FIRST_PANEL_04_ML_ENGINEER_EV_APP0150_FIRST_INTERVIEW_AI_CASE_M1_SKILL_01"",""OB_FIRST_PANEL_04_HIRING_MANAGER_EV_APP0150_FIRST_INTERVIEW_AI_CASE_M1_SKILL_01"",""OB_FIRST_PANEL_04_TECHNICAL_REVIEWER_EV_APP0150_FIRST_INTERVIEW_AI_CASE_M1_SKILL_01""]}",CALIBRATION_PANEL_01,2026-12-19T10:15:00+09:00,SYNTHETIC_HUMAN_SCENARIO,M1_EVIDENCE_RUBRIC_V02
DC_APP0150_M1_SKILL_02_000141,APP0150,C0150,M1_SKILL_02,,DISAGREEMENT_REMAINS,"{""difference_types"":[""EVALUATOR_DISAGREEMENT""],""disputed_evidence_ids"":[""EV_APP0150_FIRST_INTERVIEW_TECHNICAL_ASSESSMENT_M1_SKILL_02""],""limited_evidence_ids"":[],""meaningful_conflict_refs"":[],""missing_evidence_ids"":[],""reason"":""동일 근거에 대한 평가자 해석 차이를 해소할 직접 관찰이 부족하다."",""rubric_review"":""직접 관찰의 행동·검증을 검토하며 다른 맥락의 한계와 평가자 차이를 보존한다."",""supporting_observation_ids"":[]}",CALIBRATION_PANEL_01,2026-12-19T10:15:00+09:00,SYNTHETIC_HUMAN_SCENARIO,M1_EVIDENCE_RUBRIC_V02
DC_APP0150_M1_SKILL_03_000142,APP0150,C0150,M1_SKILL_03,,DISAGREEMENT_REMAINS,"{""difference_types"":[""EVALUATOR_DISAGREEMENT""],""disputed_evidence_ids"":[""EV_APP0150_PRE_ASSESSMENT_CODING_TEST_M1_SKILL_03""],""limited_evidence_ids"":[""EV_APP0150_FIRST_INTERVIEW_AI_CASE_M1_SKILL_03""],""meaningful_conflict_refs"":[],""missing_evidence_ids"":[],""reason"":""동일 근거에 대한 평가자 해석 차이를 해소할 직접 관찰이 부족하다."",""rubric_review"":""직접 관찰의 행동·검증을 검토하며 다른 맥락의 한계와 평가자 차이를 보존한다."",""supporting_observation_ids"":[]}",CALIBRATION_PANEL_01,2026-12-19T10:15:00+09:00,SYNTHETIC_HUMAN_SCENARIO,M1_EVIDENCE_RUBRIC_V02
DC_APP0150_M1_SKILL_04_000143,APP0150,C0150,M1_SKILL_04,LIMITED,AGREED,"{""difference_types"":[],""disputed_evidence_ids"":[],""limited_evidence_ids"":[""EV_APP0150_FIRST_INTERVIEW_PRACTITIONER_QA_M1_SKILL_04""],""meaningful_conflict_refs"":[],""missing_evidence_ids"":[],""reason"":""관찰된 직접 근거의 범위가 제한적이다. 자기기술만으로 보완하지 않는다."",""rubric_review"":""직접 관찰의 행동·검증을 검토하며 다른 맥락의 한계와 평가자 차이를 보존한다."",""supporting_observation_ids"":[""OB_FIRST_PANEL_04_ML_ENGINEER_EV_APP0150_FIRST_INTERVIEW_PRACTITIONER_QA_M1_SKILL_04"",""OB_FIRST_PANEL_04_HIRING_MANAGER_EV_APP0150_FIRST_INTERVIEW_PRACTITIONER_QA_M1_SKILL_04"",""OB_FIRST_PANEL_04_TECHNICAL_REVIEWER_EV_APP0150_FIRST_INTERVIEW_PRACTITIONER_QA_M1_SKILL_04""]}",CALIBRATION_PANEL_01,2026-12-19T10:15:00+09:00,SYNTHETIC_HUMAN_SCENARIO,M1_EVIDENCE_RUBRIC_V02
DC_APP0150_M1_SKILL_05_000144,APP0150,C0150,M1_SKILL_05,,INSUFFICIENT_EVIDENCE,"{""difference_types"":[],""disputed_evidence_ids"":[],""limited_evidence_ids"":[],""meaningful_conflict_refs"":[],""missing_evidence_ids"":[""EV_APP0150_FIRST_INTERVIEW_PRACTITIONER_QA_M1_SKILL_05""],""reason"":""직접 판단 근거 부족. 미관찰을 역량 부재로 해석하지 않는다."",""rubric_review"":""직접 관찰의 행동·검증을 검토하며 다른 맥락의 한계와 평가자 차이를 보존한다."",""supporting_observation_ids"":[]}",CALIBRATION_PANEL_01,2026-12-19T10:15:00+09:00,SYNTHETIC_HUMAN_SCENARIO,M1_EVIDENCE_RUBRIC_V02
DC_APP0150_M1_SKILL_06_000145,APP0150,C0150,M1_SKILL_06,,DISAGREEMENT_REMAINS,"{""difference_types"":[""EVALUATOR_DISAGREEMENT""],""disputed_evidence_ids"":[""EV_APP0150_FIRST_INTERVIEW_PRACTITIONER_QA_M1_SKILL_06""],""limited_evidence_ids"":[],""meaningful_conflict_refs"":[],""missing_evidence_ids"":[],""reason"":""동일 근거에 대한 평가자 해석 차이를 해소할 직접 관찰이 부족하다."",""rubric_review"":""직접 관찰의 행동·검증을 검토하며 다른 맥락의 한계와 평가자 차이를 보존한다."",""supporting_observation_ids"":[]}",CALIBRATION_PANEL_01,2026-12-19T10:15:00+09:00,SYNTHETIC_HUMAN_SCENARIO,M1_EVIDENCE_RUBRIC_V02
DC_APP0150_M1_SKILL_07_000146,APP0150,C0150,M1_SKILL_07,LIMITED,AGREED,"{""difference_types"":[],""disputed_evidence_ids"":[],""limited_evidence_ids"":[""EV_APP0150_FIRST_INTERVIEW_TECHNICAL_ASSESSMENT_M1_SKILL_07""],""meaningful_conflict_refs"":[],""missing_evidence_ids"":[],""reason"":""관찰된 직접 근거의 범위가 제한적이다. 자기기술만으로 보완하지 않는다."",""rubric_review"":""직접 관찰의 행동·검증을 검토하며 다른 맥락의 한계와 평가자 차이를 보존한다."",""supporting_observation_ids"":[""OB_FIRST_PANEL_04_ML_ENGINEER_EV_APP0150_FIRST_INTERVIEW_TECHNICAL_ASSESSMENT_M1_SKILL_07"",""OB_FIRST_PANEL_04_HIRING_MANAGER_EV_APP0150_FIRST_INTERVIEW_TECHNICAL_ASSESSMENT_M1_SKILL_07"",""OB_FIRST_PANEL_04_TECHNICAL_REVIEWER_EV_APP0150_FIRST_INTERVIEW_TECHNICAL_ASSESSMENT_M1_SKILL_07""]}",CALIBRATION_PANEL_01,2026-12-19T10:15:00+09:00,SYNTHETIC_HUMAN_SCENARIO,M1_EVIDENCE_RUBRIC_V02
DC_APP0150_M1_SKILL_08_000147,APP0150,C0150,M1_SKILL_08,STRONG,AGREED,"{""difference_types"":[],""disputed_evidence_ids"":[],""limited_evidence_ids"":[],""meaningful_conflict_refs"":[],""missing_evidence_ids"":[],""reason"":""동일 Skill의 독립된 직접 관찰로 수행 범위를 확인했다. 다른 맥락의 제한/모호성은 해당 근거의 한계로 보존한다."",""rubric_review"":""직접 관찰의 행동·검증을 검토하며 다른 맥락의 한계와 평가자 차이를 보존한다."",""supporting_observation_ids"":[""OB_FIRST_PANEL_04_ML_ENGINEER_EV_APP0150_FIRST_INTERVIEW_PRACTITIONER_QA_M1_SKILL_08"",""OB_FIRST_PANEL_04_HIRING_MANAGER_EV_APP0150_FIRST_INTERVIEW_PRACTITIONER_QA_M1_SKILL_08"",""OB_FIRST_PANEL_04_TECHNICAL_REVIEWER_EV_APP0150_FIRST_INTERVIEW_PRACTITIONER_QA_M1_SKILL_08""]}",CALIBRATION_PANEL_01,2026-12-19T10:15:00+09:00,SYNTHETIC_HUMAN_SCENARIO,M1_EVIDENCE_RUBRIC_V02
DC_APP0153_M1_SKILL_01_000148,APP0153,C0153,M1_SKILL_01,,DISAGREEMENT_REMAINS,"{""difference_types"":[""EVALUATOR_DISAGREEMENT""],""disputed_evidence_ids"":[""EV_APP0153_FIRST_INTERVIEW_AI_CASE_M1_SKILL_01""],""limited_evidence_ids"":[],""meaningful_conflict_refs"":[],""missing_evidence_ids"":[""EV_APP0153_FIRST_INTERVIEW_TECHNICAL_ASSESSMENT_M1_SKILL_01""],""reason"":""동일 근거에 대한 평가자 해석 차이를 해소할 직접 관찰이 부족하다."",""rubric_review"":""직접 관찰의 행동·검증을 검토하며 다른 맥락의 한계와 평가자 차이를 보존한다."",""supporting_observation_ids"":[]}",CALIBRATION_PANEL_01,2026-12-16T10:15:00+09:00,SYNTHETIC_HUMAN_SCENARIO,M1_EVIDENCE_RUBRIC_V02
DC_APP0153_M1_SKILL_02_000149,APP0153,C0153,M1_SKILL_02,STRONG,AGREED,"{""difference_types"":[],""disputed_evidence_ids"":[],""limited_evidence_ids"":[],""meaningful_conflict_refs"":[],""missing_evidence_ids"":[],""reason"":""동일 Skill의 독립된 직접 관찰로 수행 범위를 확인했다. 다른 맥락의 제한/모호성은 해당 근거의 한계로 보존한다."",""rubric_review"":""직접 관찰의 행동·검증을 검토하며 다른 맥락의 한계와 평가자 차이를 보존한다."",""supporting_observation_ids"":[""OB_FIRST_PANEL_05_ML_ENGINEER_EV_APP0153_FIRST_INTERVIEW_TECHNICAL_ASSESSMENT_M1_SKILL_02"",""OB_FIRST_PANEL_05_HIRING_MANAGER_EV_APP0153_FIRST_INTERVIEW_TECHNICAL_ASSESSMENT_M1_SKILL_02"",""OB_FIRST_PANEL_05_TECHNICAL_REVIEWER_EV_APP0153_FIRST_INTERVIEW_TECHNICAL_ASSESSMENT_M1_SKILL_02""]}",CALIBRATION_PANEL_01,2026-12-16T10:15:00+09:00,SYNTHETIC_HUMAN_SCENARIO,M1_EVIDENCE_RUBRIC_V02
DC_APP0153_M1_SKILL_03_000150,APP0153,C0153,M1_SKILL_03,STRONG,AGREED,"{""difference_types"":[""EVIDENCE_EVOLUTION""],""disputed_evidence_ids"":[],""limited_evidence_ids"":[],""meaningful_conflict_refs"":[],""missing_evidence_ids"":[],""reason"":""동일 Skill의 독립된 직접 관찰로 수행 범위를 확인했다. 다른 맥락의 제한/모호성은 해당 근거의 한계로 보존한다."",""rubric_review"":""직접 관찰의 행동·검증을 검토하며 다른 맥락의 한계와 평가자 차이를 보존한다."",""supporting_observation_ids"":[""OB_REVIEW_ML_01_EV_APP0153_PRE_ASSESSMENT_CODING_TEST_M1_SKILL_03"",""OB_REVIEW_HM_01_EV_APP0153_PRE_ASSESSMENT_CODING_TEST_M1_SKILL_03"",""OB_FIRST_PANEL_05_ML_ENGINEER_EV_APP0153_FIRST_INTERVIEW_AI_CASE_M1_SKILL_03"",""OB_FIRST_PANEL_05_HIRING_MANAGER_EV_APP0153_FIRST_INTERVIEW_AI_CASE_M1_SKILL_03"",""OB_FIRST_PANEL_05_TECHNICAL_REVIEWER_EV_APP0153_FIRST_INTERVIEW_AI_CASE_M1_SKILL_03""]}",CALIBRATION_PANEL_01,2026-12-16T10:15:00+09:00,SYNTHETIC_HUMAN_SCENARIO,M1_EVIDENCE_RUBRIC_V02
DC_APP0153_M1_SKILL_04_000151,APP0153,C0153,M1_SKILL_04,LIMITED,AGREED,"{""difference_types"":[],""disputed_evidence_ids"":[],""limited_evidence_ids"":[""EV_APP0153_FIRST_INTERVIEW_PRACTITIONER_QA_M1_SKILL_04""],""meaningful_conflict_refs"":[],""missing_evidence_ids"":[],""reason"":""관찰된 직접 근거의 범위가 제한적이다. 자기기술만으로 보완하지 않는다."",""rubric_review"":""직접 관찰의 행동·검증을 검토하며 다른 맥락의 한계와 평가자 차이를 보존한다."",""supporting_observation_ids"":[""OB_FIRST_PANEL_05_ML_ENGINEER_EV_APP0153_FIRST_INTERVIEW_PRACTITIONER_QA_M1_SKILL_04"",""OB_FIRST_PANEL_05_HIRING_MANAGER_EV_APP0153_FIRST_INTERVIEW_PRACTITIONER_QA_M1_SKILL_04"",""OB_FIRST_PANEL_05_TECHNICAL_REVIEWER_EV_APP0153_FIRST_INTERVIEW_PRACTITIONER_QA_M1_SKILL_04""]}",CALIBRATION_PANEL_01,2026-12-16T10:15:00+09:00,SYNTHETIC_HUMAN_SCENARIO,M1_EVIDENCE_RUBRIC_V02
DC_APP0153_M1_SKILL_05_000152,APP0153,C0153,M1_SKILL_05,,INSUFFICIENT_EVIDENCE,"{""difference_types"":[],""disputed_evidence_ids"":[],""limited_evidence_ids"":[],""meaningful_conflict_refs"":[],""missing_evidence_ids"":[""EV_APP0153_FIRST_INTERVIEW_PRACTITIONER_QA_M1_SKILL_05""],""reason"":""직접 판단 근거 부족. 미관찰을 역량 부재로 해석하지 않는다."",""rubric_review"":""직접 관찰의 행동·검증을 검토하며 다른 맥락의 한계와 평가자 차이를 보존한다."",""supporting_observation_ids"":[]}",CALIBRATION_PANEL_01,2026-12-16T10:15:00+09:00,SYNTHETIC_HUMAN_SCENARIO,M1_EVIDENCE_RUBRIC_V02
DC_APP0153_M1_SKILL_06_000153,APP0153,C0153,M1_SKILL_06,MODERATE,AGREED,"{""difference_types"":[],""disputed_evidence_ids"":[],""limited_evidence_ids"":[],""meaningful_conflict_refs"":[],""missing_evidence_ids"":[],""reason"":""동일 Skill의 독립된 직접 관찰로 수행 범위를 확인했다. 다른 맥락의 제한/모호성은 해당 근거의 한계로 보존한다."",""rubric_review"":""직접 관찰의 행동·검증을 검토하며 다른 맥락의 한계와 평가자 차이를 보존한다."",""supporting_observation_ids"":[""OB_FIRST_PANEL_05_ML_ENGINEER_EV_APP0153_FIRST_INTERVIEW_PRACTITIONER_QA_M1_SKILL_06"",""OB_FIRST_PANEL_05_HIRING_MANAGER_EV_APP0153_FIRST_INTERVIEW_PRACTITIONER_QA_M1_SKILL_06"",""OB_FIRST_PANEL_05_TECHNICAL_REVIEWER_EV_APP0153_FIRST_INTERVIEW_PRACTITIONER_QA_M1_SKILL_06""]}",CALIBRATION_PANEL_01,2026-12-16T10:15:00+09:00,SYNTHETIC_HUMAN_SCENARIO,M1_EVIDENCE_RUBRIC_V02
DC_APP0153_M1_SKILL_07_000154,APP0153,C0153,M1_SKILL_07,MODERATE,AGREED,"{""difference_types"":[],""disputed_evidence_ids"":[],""limited_evidence_ids"":[],""meaningful_conflict_refs"":[],""missing_evidence_ids"":[],""reason"":""동일 Skill의 독립된 직접 관찰로 수행 범위를 확인했다. 다른 맥락의 제한/모호성은 해당 근거의 한계로 보존한다."",""rubric_review"":""직접 관찰의 행동·검증을 검토하며 다른 맥락의 한계와 평가자 차이를 보존한다."",""supporting_observation_ids"":[""OB_FIRST_PANEL_05_ML_ENGINEER_EV_APP0153_FIRST_INTERVIEW_TECHNICAL_ASSESSMENT_M1_SKILL_07"",""OB_FIRST_PANEL_05_HIRING_MANAGER_EV_APP0153_FIRST_INTERVIEW_TECHNICAL_ASSESSMENT_M1_SKILL_07"",""OB_FIRST_PANEL_05_TECHNICAL_REVIEWER_EV_APP0153_FIRST_INTERVIEW_TECHNICAL_ASSESSMENT_M1_SKILL_07""]}",CALIBRATION_PANEL_01,2026-12-16T10:15:00+09:00,SYNTHETIC_HUMAN_SCENARIO,M1_EVIDENCE_RUBRIC_V02
DC_APP0153_M1_SKILL_08_000155,APP0153,C0153,M1_SKILL_08,,INSUFFICIENT_EVIDENCE,"{""difference_types"":[],""disputed_evidence_ids"":[],""limited_evidence_ids"":[],""meaningful_conflict_refs"":[],""missing_evidence_ids"":[""EV_APP0153_FIRST_INTERVIEW_PRACTITIONER_QA_M1_SKILL_08""],""reason"":""직접 판단 근거 부족. 미관찰을 역량 부재로 해석하지 않는다."",""rubric_review"":""직접 관찰의 행동·검증을 검토하며 다른 맥락의 한계와 평가자 차이를 보존한다."",""supporting_observation_ids"":[]}",CALIBRATION_PANEL_01,2026-12-16T10:15:00+09:00,SYNTHETIC_HUMAN_SCENARIO,M1_EVIDENCE_RUBRIC_V02
DC_APP0181_M1_SKILL_01_000156,APP0181,C0181,M1_SKILL_01,MODERATE,AGREED,"{""difference_types"":[""EVIDENCE_EVOLUTION""],""disputed_evidence_ids"":[],""limited_evidence_ids"":[],""meaningful_conflict_refs"":[],""missing_evidence_ids"":[""EV_APP0181_FIRST_INTERVIEW_TECHNICAL_ASSESSMENT_M1_SKILL_01""],""reason"":""동일 Skill의 독립된 직접 관찰로 수행 범위를 확인했다. 다른 맥락의 제한/모호성은 해당 근거의 한계로 보존한다."",""rubric_review"":""직접 관찰의 행동·검증을 검토하며 다른 맥락의 한계와 평가자 차이를 보존한다."",""supporting_observation_ids"":[""OB_FIRST_PANEL_06_ML_ENGINEER_EV_APP0181_FIRST_INTERVIEW_AI_CASE_M1_SKILL_01"",""OB_FIRST_PANEL_06_HIRING_MANAGER_EV_APP0181_FIRST_INTERVIEW_AI_CASE_M1_SKILL_01"",""OB_FIRST_PANEL_06_TECHNICAL_REVIEWER_EV_APP0181_FIRST_INTERVIEW_AI_CASE_M1_SKILL_01""]}",CALIBRATION_PANEL_01,2026-12-17T10:15:00+09:00,SYNTHETIC_HUMAN_SCENARIO,M1_EVIDENCE_RUBRIC_V02
DC_APP0181_M1_SKILL_02_000157,APP0181,C0181,M1_SKILL_02,MODERATE,AGREED,"{""difference_types"":[],""disputed_evidence_ids"":[],""limited_evidence_ids"":[],""meaningful_conflict_refs"":[],""missing_evidence_ids"":[],""reason"":""동일 Skill의 독립된 직접 관찰로 수행 범위를 확인했다. 다른 맥락의 제한/모호성은 해당 근거의 한계로 보존한다."",""rubric_review"":""직접 관찰의 행동·검증을 검토하며 다른 맥락의 한계와 평가자 차이를 보존한다."",""supporting_observation_ids"":[""OB_FIRST_PANEL_06_ML_ENGINEER_EV_APP0181_FIRST_INTERVIEW_TECHNICAL_ASSESSMENT_M1_SKILL_02"",""OB_FIRST_PANEL_06_HIRING_MANAGER_EV_APP0181_FIRST_INTERVIEW_TECHNICAL_ASSESSMENT_M1_SKILL_02"",""OB_FIRST_PANEL_06_TECHNICAL_REVIEWER_EV_APP0181_FIRST_INTERVIEW_TECHNICAL_ASSESSMENT_M1_SKILL_02""]}",CALIBRATION_PANEL_01,2026-12-17T10:15:00+09:00,SYNTHETIC_HUMAN_SCENARIO,M1_EVIDENCE_RUBRIC_V02
DC_APP0181_M1_SKILL_03_000158,APP0181,C0181,M1_SKILL_03,MODERATE,AGREED,"{""difference_types"":[""EVIDENCE_EVOLUTION""],""disputed_evidence_ids"":[],""limited_evidence_ids"":[],""meaningful_conflict_refs"":[],""missing_evidence_ids"":[],""reason"":""동일 Skill의 독립된 직접 관찰로 수행 범위를 확인했다. 다른 맥락의 제한/모호성은 해당 근거의 한계로 보존한다."",""rubric_review"":""직접 관찰의 행동·검증을 검토하며 다른 맥락의 한계와 평가자 차이를 보존한다."",""supporting_observation_ids"":[""OB_REVIEW_ML_01_EV_APP0181_PRE_ASSESSMENT_CODING_TEST_M1_SKILL_03"",""OB_REVIEW_HM_01_EV_APP0181_PRE_ASSESSMENT_CODING_TEST_M1_SKILL_03"",""OB_FIRST_PANEL_06_ML_ENGINEER_EV_APP0181_FIRST_INTERVIEW_AI_CASE_M1_SKILL_03"",""OB_FIRST_PANEL_06_HIRING_MANAGER_EV_APP0181_FIRST_INTERVIEW_AI_CASE_M1_SKILL_03"",""OB_FIRST_PANEL_06_TECHNICAL_REVIEWER_EV_APP0181_FIRST_INTERVIEW_AI_CASE_M1_SKILL_03""]}",CALIBRATION_PANEL_01,2026-12-17T10:15:00+09:00,SYNTHETIC_HUMAN_SCENARIO,M1_EVIDENCE_RUBRIC_V02
DC_APP0181_M1_SKILL_04_000159,APP0181,C0181,M1_SKILL_04,MODERATE,AGREED,"{""difference_types"":[],""disputed_evidence_ids"":[],""limited_evidence_ids"":[],""meaningful_conflict_refs"":[],""missing_evidence_ids"":[],""reason"":""동일 Skill의 독립된 직접 관찰로 수행 범위를 확인했다. 다른 맥락의 제한/모호성은 해당 근거의 한계로 보존한다."",""rubric_review"":""직접 관찰의 행동·검증을 검토하며 다른 맥락의 한계와 평가자 차이를 보존한다."",""supporting_observation_ids"":[""OB_FIRST_PANEL_06_ML_ENGINEER_EV_APP0181_FIRST_INTERVIEW_PRACTITIONER_QA_M1_SKILL_04"",""OB_FIRST_PANEL_06_HIRING_MANAGER_EV_APP0181_FIRST_INTERVIEW_PRACTITIONER_QA_M1_SKILL_04"",""OB_FIRST_PANEL_06_TECHNICAL_REVIEWER_EV_APP0181_FIRST_INTERVIEW_PRACTITIONER_QA_M1_SKILL_04""]}",CALIBRATION_PANEL_01,2026-12-17T10:15:00+09:00,SYNTHETIC_HUMAN_SCENARIO,M1_EVIDENCE_RUBRIC_V02
DC_APP0181_M1_SKILL_05_000160,APP0181,C0181,M1_SKILL_05,STRONG,AGREED,"{""difference_types"":[],""disputed_evidence_ids"":[],""limited_evidence_ids"":[],""meaningful_conflict_refs"":[],""missing_evidence_ids"":[],""reason"":""동일 Skill의 독립된 직접 관찰로 수행 범위를 확인했다. 다른 맥락의 제한/모호성은 해당 근거의 한계로 보존한다."",""rubric_review"":""직접 관찰의 행동·검증을 검토하며 다른 맥락의 한계와 평가자 차이를 보존한다."",""supporting_observation_ids"":[""OB_FIRST_PANEL_06_ML_ENGINEER_EV_APP0181_FIRST_INTERVIEW_PRACTITIONER_QA_M1_SKILL_05"",""OB_FIRST_PANEL_06_HIRING_MANAGER_EV_APP0181_FIRST_INTERVIEW_PRACTITIONER_QA_M1_SKILL_05"",""OB_FIRST_PANEL_06_TECHNICAL_REVIEWER_EV_APP0181_FIRST_INTERVIEW_PRACTITIONER_QA_M1_SKILL_05""]}",CALIBRATION_PANEL_01,2026-12-17T10:15:00+09:00,SYNTHETIC_HUMAN_SCENARIO,M1_EVIDENCE_RUBRIC_V02
DC_APP0181_M1_SKILL_06_000161,APP0181,C0181,M1_SKILL_06,MODERATE,AGREED,"{""difference_types"":[],""disputed_evidence_ids"":[],""limited_evidence_ids"":[],""meaningful_conflict_refs"":[],""missing_evidence_ids"":[],""reason"":""동일 Skill의 독립된 직접 관찰로 수행 범위를 확인했다. 다른 맥락의 제한/모호성은 해당 근거의 한계로 보존한다."",""rubric_review"":""직접 관찰의 행동·검증을 검토하며 다른 맥락의 한계와 평가자 차이를 보존한다."",""supporting_observation_ids"":[""OB_FIRST_PANEL_06_ML_ENGINEER_EV_APP0181_FIRST_INTERVIEW_PRACTITIONER_QA_M1_SKILL_06"",""OB_FIRST_PANEL_06_HIRING_MANAGER_EV_APP0181_FIRST_INTERVIEW_PRACTITIONER_QA_M1_SKILL_06"",""OB_FIRST_PANEL_06_TECHNICAL_REVIEWER_EV_APP0181_FIRST_INTERVIEW_PRACTITIONER_QA_M1_SKILL_06""]}",CALIBRATION_PANEL_01,2026-12-17T10:15:00+09:00,SYNTHETIC_HUMAN_SCENARIO,M1_EVIDENCE_RUBRIC_V02
DC_APP0181_M1_SKILL_07_000162,APP0181,C0181,M1_SKILL_07,,DISAGREEMENT_REMAINS,"{""difference_types"":[""EVALUATOR_DISAGREEMENT""],""disputed_evidence_ids"":[""EV_APP0181_FIRST_INTERVIEW_TECHNICAL_ASSESSMENT_M1_SKILL_07""],""limited_evidence_ids"":[],""meaningful_conflict_refs"":[],""missing_evidence_ids"":[],""reason"":""동일 근거에 대한 평가자 해석 차이를 해소할 직접 관찰이 부족하다."",""rubric_review"":""직접 관찰의 행동·검증을 검토하며 다른 맥락의 한계와 평가자 차이를 보존한다."",""supporting_observation_ids"":[]}",CALIBRATION_PANEL_01,2026-12-17T10:15:00+09:00,SYNTHETIC_HUMAN_SCENARIO,M1_EVIDENCE_RUBRIC_V02
DC_APP0181_M1_SKILL_08_000163,APP0181,C0181,M1_SKILL_08,MODERATE,AGREED,"{""difference_types"":[],""disputed_evidence_ids"":[],""limited_evidence_ids"":[],""meaningful_conflict_refs"":[],""missing_evidence_ids"":[],""reason"":""동일 Skill의 독립된 직접 관찰로 수행 범위를 확인했다. 다른 맥락의 제한/모호성은 해당 근거의 한계로 보존한다."",""rubric_review"":""직접 관찰의 행동·검증을 검토하며 다른 맥락의 한계와 평가자 차이를 보존한다."",""supporting_observation_ids"":[""OB_FIRST_PANEL_06_ML_ENGINEER_EV_APP0181_FIRST_INTERVIEW_PRACTITIONER_QA_M1_SKILL_08"",""OB_FIRST_PANEL_06_HIRING_MANAGER_EV_APP0181_FIRST_INTERVIEW_PRACTITIONER_QA_M1_SKILL_08"",""OB_FIRST_PANEL_06_TECHNICAL_REVIEWER_EV_APP0181_FIRST_INTERVIEW_PRACTITIONER_QA_M1_SKILL_08""]}",CALIBRATION_PANEL_01,2026-12-17T10:15:00+09:00,SYNTHETIC_HUMAN_SCENARIO,M1_EVIDENCE_RUBRIC_V02
DC_APP0189_M1_SKILL_01_000164,APP0189,C0189,M1_SKILL_01,STRONG,AGREED,"{""difference_types"":[""EVIDENCE_EVOLUTION""],""disputed_evidence_ids"":[],""limited_evidence_ids"":[],""meaningful_conflict_refs"":[],""missing_evidence_ids"":[],""reason"":""동일 Skill의 독립된 직접 관찰로 수행 범위를 확인했다. 다른 맥락의 제한/모호성은 해당 근거의 한계로 보존한다."",""rubric_review"":""직접 관찰의 행동·검증을 검토하며 다른 맥락의 한계와 평가자 차이를 보존한다."",""supporting_observation_ids"":[""OB_FIRST_PANEL_07_ML_ENGINEER_EV_APP0189_FIRST_INTERVIEW_TECHNICAL_ASSESSMENT_M1_SKILL_01"",""OB_FIRST_PANEL_07_HIRING_MANAGER_EV_APP0189_FIRST_INTERVIEW_TECHNICAL_ASSESSMENT_M1_SKILL_01"",""OB_FIRST_PANEL_07_TECHNICAL_REVIEWER_EV_APP0189_FIRST_INTERVIEW_TECHNICAL_ASSESSMENT_M1_SKILL_01"",""OB_FIRST_PANEL_07_ML_ENGINEER_EV_APP0189_FIRST_INTERVIEW_AI_CASE_M1_SKILL_01"",""OB_FIRST_PANEL_07_HIRING_MANAGER_EV_APP0189_FIRST_INTERVIEW_AI_CASE_M1_SKILL_01"",""OB_FIRST_PANEL_07_TECHNICAL_REVIEWER_EV_APP0189_FIRST_INTERVIEW_AI_CASE_M1_SKILL_01""]}",CALIBRATION_PANEL_01,2026-12-19T10:15:00+09:00,SYNTHETIC_HUMAN_SCENARIO,M1_EVIDENCE_RUBRIC_V02
DC_APP0189_M1_SKILL_02_000165,APP0189,C0189,M1_SKILL_02,,DISAGREEMENT_REMAINS,"{""difference_types"":[""EVALUATOR_DISAGREEMENT""],""disputed_evidence_ids"":[""EV_APP0189_FIRST_INTERVIEW_TECHNICAL_ASSESSMENT_M1_SKILL_02""],""limited_evidence_ids"":[],""meaningful_conflict_refs"":[],""missing_evidence_ids"":[],""reason"":""동일 근거에 대한 평가자 해석 차이를 해소할 직접 관찰이 부족하다."",""rubric_review"":""직접 관찰의 행동·검증을 검토하며 다른 맥락의 한계와 평가자 차이를 보존한다."",""supporting_observation_ids"":[]}",CALIBRATION_PANEL_01,2026-12-19T10:15:00+09:00,SYNTHETIC_HUMAN_SCENARIO,M1_EVIDENCE_RUBRIC_V02
DC_APP0189_M1_SKILL_03_000166,APP0189,C0189,M1_SKILL_03,MODERATE,AGREED,"{""difference_types"":[""EVIDENCE_EVOLUTION""],""disputed_evidence_ids"":[],""limited_evidence_ids"":[],""meaningful_conflict_refs"":[],""missing_evidence_ids"":[""EV_APP0189_PRE_ASSESSMENT_CODING_TEST_M1_SKILL_03""],""reason"":""동일 Skill의 독립된 직접 관찰로 수행 범위를 확인했다. 다른 맥락의 제한/모호성은 해당 근거의 한계로 보존한다."",""rubric_review"":""직접 관찰의 행동·검증을 검토하며 다른 맥락의 한계와 평가자 차이를 보존한다."",""supporting_observation_ids"":[""OB_FIRST_PANEL_07_ML_ENGINEER_EV_APP0189_FIRST_INTERVIEW_AI_CASE_M1_SKILL_03"",""OB_FIRST_PANEL_07_HIRING_MANAGER_EV_APP0189_FIRST_INTERVIEW_AI_CASE_M1_SKILL_03"",""OB_FIRST_PANEL_07_TECHNICAL_REVIEWER_EV_APP0189_FIRST_INTERVIEW_AI_CASE_M1_SKILL_03""]}",CALIBRATION_PANEL_01,2026-12-19T10:15:00+09:00,SYNTHETIC_HUMAN_SCENARIO,M1_EVIDENCE_RUBRIC_V02
DC_APP0189_M1_SKILL_04_000167,APP0189,C0189,M1_SKILL_04,MODERATE,AGREED,"{""difference_types"":[],""disputed_evidence_ids"":[],""limited_evidence_ids"":[],""meaningful_conflict_refs"":[],""missing_evidence_ids"":[],""reason"":""동일 Skill의 독립된 직접 관찰로 수행 범위를 확인했다. 다른 맥락의 제한/모호성은 해당 근거의 한계로 보존한다."",""rubric_review"":""직접 관찰의 행동·검증을 검토하며 다른 맥락의 한계와 평가자 차이를 보존한다."",""supporting_observation_ids"":[""OB_FIRST_PANEL_07_ML_ENGINEER_EV_APP0189_FIRST_INTERVIEW_PRACTITIONER_QA_M1_SKILL_04"",""OB_FIRST_PANEL_07_HIRING_MANAGER_EV_APP0189_FIRST_INTERVIEW_PRACTITIONER_QA_M1_SKILL_04"",""OB_FIRST_PANEL_07_TECHNICAL_REVIEWER_EV_APP0189_FIRST_INTERVIEW_PRACTITIONER_QA_M1_SKILL_04""]}",CALIBRATION_PANEL_01,2026-12-19T10:15:00+09:00,SYNTHETIC_HUMAN_SCENARIO,M1_EVIDENCE_RUBRIC_V02
DC_APP0189_M1_SKILL_05_000168,APP0189,C0189,M1_SKILL_05,MODERATE,AGREED,"{""difference_types"":[],""disputed_evidence_ids"":[],""limited_evidence_ids"":[],""meaningful_conflict_refs"":[],""missing_evidence_ids"":[],""reason"":""동일 Skill의 독립된 직접 관찰로 수행 범위를 확인했다. 다른 맥락의 제한/모호성은 해당 근거의 한계로 보존한다."",""rubric_review"":""직접 관찰의 행동·검증을 검토하며 다른 맥락의 한계와 평가자 차이를 보존한다."",""supporting_observation_ids"":[""OB_FIRST_PANEL_07_ML_ENGINEER_EV_APP0189_FIRST_INTERVIEW_PRACTITIONER_QA_M1_SKILL_05"",""OB_FIRST_PANEL_07_HIRING_MANAGER_EV_APP0189_FIRST_INTERVIEW_PRACTITIONER_QA_M1_SKILL_05"",""OB_FIRST_PANEL_07_TECHNICAL_REVIEWER_EV_APP0189_FIRST_INTERVIEW_PRACTITIONER_QA_M1_SKILL_05""]}",CALIBRATION_PANEL_01,2026-12-19T10:15:00+09:00,SYNTHETIC_HUMAN_SCENARIO,M1_EVIDENCE_RUBRIC_V02
DC_APP0189_M1_SKILL_06_000169,APP0189,C0189,M1_SKILL_06,MODERATE,AGREED,"{""difference_types"":[],""disputed_evidence_ids"":[],""limited_evidence_ids"":[],""meaningful_conflict_refs"":[],""missing_evidence_ids"":[],""reason"":""동일 Skill의 독립된 직접 관찰로 수행 범위를 확인했다. 다른 맥락의 제한/모호성은 해당 근거의 한계로 보존한다."",""rubric_review"":""직접 관찰의 행동·검증을 검토하며 다른 맥락의 한계와 평가자 차이를 보존한다."",""supporting_observation_ids"":[""OB_FIRST_PANEL_07_ML_ENGINEER_EV_APP0189_FIRST_INTERVIEW_PRACTITIONER_QA_M1_SKILL_06"",""OB_FIRST_PANEL_07_HIRING_MANAGER_EV_APP0189_FIRST_INTERVIEW_PRACTITIONER_QA_M1_SKILL_06"",""OB_FIRST_PANEL_07_TECHNICAL_REVIEWER_EV_APP0189_FIRST_INTERVIEW_PRACTITIONER_QA_M1_SKILL_06""]}",CALIBRATION_PANEL_01,2026-12-19T10:15:00+09:00,SYNTHETIC_HUMAN_SCENARIO,M1_EVIDENCE_RUBRIC_V02
DC_APP0189_M1_SKILL_07_000170,APP0189,C0189,M1_SKILL_07,,DISAGREEMENT_REMAINS,"{""difference_types"":[""EVALUATOR_DISAGREEMENT""],""disputed_evidence_ids"":[""EV_APP0189_FIRST_INTERVIEW_TECHNICAL_ASSESSMENT_M1_SKILL_07""],""limited_evidence_ids"":[],""meaningful_conflict_refs"":[],""missing_evidence_ids"":[],""reason"":""동일 근거에 대한 평가자 해석 차이를 해소할 직접 관찰이 부족하다."",""rubric_review"":""직접 관찰의 행동·검증을 검토하며 다른 맥락의 한계와 평가자 차이를 보존한다."",""supporting_observation_ids"":[]}",CALIBRATION_PANEL_01,2026-12-19T10:15:00+09:00,SYNTHETIC_HUMAN_SCENARIO,M1_EVIDENCE_RUBRIC_V02
DC_APP0189_M1_SKILL_08_000171,APP0189,C0189,M1_SKILL_08,,INSUFFICIENT_EVIDENCE,"{""difference_types"":[],""disputed_evidence_ids"":[],""limited_evidence_ids"":[],""meaningful_conflict_refs"":[],""missing_evidence_ids"":[""EV_APP0189_FIRST_INTERVIEW_PRACTITIONER_QA_M1_SKILL_08""],""reason"":""직접 판단 근거 부족. 미관찰을 역량 부재로 해석하지 않는다."",""rubric_review"":""직접 관찰의 행동·검증을 검토하며 다른 맥락의 한계와 평가자 차이를 보존한다."",""supporting_observation_ids"":[]}",CALIBRATION_PANEL_01,2026-12-19T10:15:00+09:00,SYNTHETIC_HUMAN_SCENARIO,M1_EVIDENCE_RUBRIC_V02
DC_APP0193_M1_SKILL_01_000172,APP0193,C0193,M1_SKILL_01,,DISAGREEMENT_REMAINS,"{""difference_types"":[""EVALUATOR_DISAGREEMENT""],""disputed_evidence_ids"":[""EV_APP0193_FIRST_INTERVIEW_AI_CASE_M1_SKILL_01""],""limited_evidence_ids"":[],""meaningful_conflict_refs"":[],""missing_evidence_ids"":[""EV_APP0193_FIRST_INTERVIEW_TECHNICAL_ASSESSMENT_M1_SKILL_01""],""reason"":""동일 근거에 대한 평가자 해석 차이를 해소할 직접 관찰이 부족하다."",""rubric_review"":""직접 관찰의 행동·검증을 검토하며 다른 맥락의 한계와 평가자 차이를 보존한다."",""supporting_observation_ids"":[]}",CALIBRATION_PANEL_01,2026-12-17T10:15:00+09:00,SYNTHETIC_HUMAN_SCENARIO,M1_EVIDENCE_RUBRIC_V02
DC_APP0193_M1_SKILL_02_000173,APP0193,C0193,M1_SKILL_02,,INSUFFICIENT_EVIDENCE,"{""difference_types"":[],""disputed_evidence_ids"":[],""limited_evidence_ids"":[],""meaningful_conflict_refs"":[],""missing_evidence_ids"":[""EV_APP0193_FIRST_INTERVIEW_TECHNICAL_ASSESSMENT_M1_SKILL_02""],""reason"":""직접 판단 근거 부족. 미관찰을 역량 부재로 해석하지 않는다."",""rubric_review"":""직접 관찰의 행동·검증을 검토하며 다른 맥락의 한계와 평가자 차이를 보존한다."",""supporting_observation_ids"":[]}",CALIBRATION_PANEL_01,2026-12-17T10:15:00+09:00,SYNTHETIC_HUMAN_SCENARIO,M1_EVIDENCE_RUBRIC_V02
DC_APP0193_M1_SKILL_03_000174,APP0193,C0193,M1_SKILL_03,,DISAGREEMENT_REMAINS,"{""difference_types"":[""EVALUATOR_DISAGREEMENT""],""disputed_evidence_ids"":[""EV_APP0193_FIRST_INTERVIEW_AI_CASE_M1_SKILL_03""],""limited_evidence_ids"":[],""meaningful_conflict_refs"":[],""missing_evidence_ids"":[""EV_APP0193_PRE_ASSESSMENT_CODING_TEST_M1_SKILL_03""],""reason"":""동일 근거에 대한 평가자 해석 차이를 해소할 직접 관찰이 부족하다."",""rubric_review"":""직접 관찰의 행동·검증을 검토하며 다른 맥락의 한계와 평가자 차이를 보존한다."",""supporting_observation_ids"":[]}",CALIBRATION_PANEL_01,2026-12-17T10:15:00+09:00,SYNTHETIC_HUMAN_SCENARIO,M1_EVIDENCE_RUBRIC_V02
DC_APP0193_M1_SKILL_04_000175,APP0193,C0193,M1_SKILL_04,MODERATE,AGREED,"{""difference_types"":[],""disputed_evidence_ids"":[],""limited_evidence_ids"":[],""meaningful_conflict_refs"":[],""missing_evidence_ids"":[],""reason"":""동일 Skill의 독립된 직접 관찰로 수행 범위를 확인했다. 다른 맥락의 제한/모호성은 해당 근거의 한계로 보존한다."",""rubric_review"":""직접 관찰의 행동·검증을 검토하며 다른 맥락의 한계와 평가자 차이를 보존한다."",""supporting_observation_ids"":[""OB_FIRST_PANEL_08_ML_ENGINEER_EV_APP0193_FIRST_INTERVIEW_PRACTITIONER_QA_M1_SKILL_04"",""OB_FIRST_PANEL_08_HIRING_MANAGER_EV_APP0193_FIRST_INTERVIEW_PRACTITIONER_QA_M1_SKILL_04"",""OB_FIRST_PANEL_08_TECHNICAL_REVIEWER_EV_APP0193_FIRST_INTERVIEW_PRACTITIONER_QA_M1_SKILL_04""]}",CALIBRATION_PANEL_01,2026-12-17T10:15:00+09:00,SYNTHETIC_HUMAN_SCENARIO,M1_EVIDENCE_RUBRIC_V02
DC_APP0193_M1_SKILL_05_000176,APP0193,C0193,M1_SKILL_05,,INSUFFICIENT_EVIDENCE,"{""difference_types"":[],""disputed_evidence_ids"":[],""limited_evidence_ids"":[],""meaningful_conflict_refs"":[],""missing_evidence_ids"":[""EV_APP0193_FIRST_INTERVIEW_PRACTITIONER_QA_M1_SKILL_05""],""reason"":""직접 판단 근거 부족. 미관찰을 역량 부재로 해석하지 않는다."",""rubric_review"":""직접 관찰의 행동·검증을 검토하며 다른 맥락의 한계와 평가자 차이를 보존한다."",""supporting_observation_ids"":[]}",CALIBRATION_PANEL_01,2026-12-17T10:15:00+09:00,SYNTHETIC_HUMAN_SCENARIO,M1_EVIDENCE_RUBRIC_V02
DC_APP0193_M1_SKILL_06_000177,APP0193,C0193,M1_SKILL_06,MODERATE,AGREED,"{""difference_types"":[],""disputed_evidence_ids"":[],""limited_evidence_ids"":[],""meaningful_conflict_refs"":[],""missing_evidence_ids"":[],""reason"":""동일 Skill의 독립된 직접 관찰로 수행 범위를 확인했다. 다른 맥락의 제한/모호성은 해당 근거의 한계로 보존한다."",""rubric_review"":""직접 관찰의 행동·검증을 검토하며 다른 맥락의 한계와 평가자 차이를 보존한다."",""supporting_observation_ids"":[""OB_FIRST_PANEL_08_ML_ENGINEER_EV_APP0193_FIRST_INTERVIEW_PRACTITIONER_QA_M1_SKILL_06"",""OB_FIRST_PANEL_08_HIRING_MANAGER_EV_APP0193_FIRST_INTERVIEW_PRACTITIONER_QA_M1_SKILL_06"",""OB_FIRST_PANEL_08_TECHNICAL_REVIEWER_EV_APP0193_FIRST_INTERVIEW_PRACTITIONER_QA_M1_SKILL_06""]}",CALIBRATION_PANEL_01,2026-12-17T10:15:00+09:00,SYNTHETIC_HUMAN_SCENARIO,M1_EVIDENCE_RUBRIC_V02
DC_APP0193_M1_SKILL_07_000178,APP0193,C0193,M1_SKILL_07,MODERATE,AGREED,"{""difference_types"":[],""disputed_evidence_ids"":[],""limited_evidence_ids"":[],""meaningful_conflict_refs"":[],""missing_evidence_ids"":[],""reason"":""동일 Skill의 독립된 직접 관찰로 수행 범위를 확인했다. 다른 맥락의 제한/모호성은 해당 근거의 한계로 보존한다."",""rubric_review"":""직접 관찰의 행동·검증을 검토하며 다른 맥락의 한계와 평가자 차이를 보존한다."",""supporting_observation_ids"":[""OB_FIRST_PANEL_08_ML_ENGINEER_EV_APP0193_FIRST_INTERVIEW_TECHNICAL_ASSESSMENT_M1_SKILL_07"",""OB_FIRST_PANEL_08_HIRING_MANAGER_EV_APP0193_FIRST_INTERVIEW_TECHNICAL_ASSESSMENT_M1_SKILL_07"",""OB_FIRST_PANEL_08_TECHNICAL_REVIEWER_EV_APP0193_FIRST_INTERVIEW_TECHNICAL_ASSESSMENT_M1_SKILL_07""]}",CALIBRATION_PANEL_01,2026-12-17T10:15:00+09:00,SYNTHETIC_HUMAN_SCENARIO,M1_EVIDENCE_RUBRIC_V02
DC_APP0193_M1_SKILL_08_000179,APP0193,C0193,M1_SKILL_08,MODERATE,AGREED,"{""difference_types"":[],""disputed_evidence_ids"":[],""limited_evidence_ids"":[],""meaningful_conflict_refs"":[],""missing_evidence_ids"":[],""reason"":""동일 Skill의 독립된 직접 관찰로 수행 범위를 확인했다. 다른 맥락의 제한/모호성은 해당 근거의 한계로 보존한다."",""rubric_review"":""직접 관찰의 행동·검증을 검토하며 다른 맥락의 한계와 평가자 차이를 보존한다."",""supporting_observation_ids"":[""OB_FIRST_PANEL_08_ML_ENGINEER_EV_APP0193_FIRST_INTERVIEW_PRACTITIONER_QA_M1_SKILL_08"",""OB_FIRST_PANEL_08_HIRING_MANAGER_EV_APP0193_FIRST_INTERVIEW_PRACTITIONER_QA_M1_SKILL_08"",""OB_FIRST_PANEL_08_TECHNICAL_REVIEWER_EV_APP0193_FIRST_INTERVIEW_PRACTITIONER_QA_M1_SKILL_08""]}",CALIBRATION_PANEL_01,2026-12-17T10:15:00+09:00,SYNTHETIC_HUMAN_SCENARIO,M1_EVIDENCE_RUBRIC_V02
DC_APP0223_M1_SKILL_01_000180,APP0223,C0223,M1_SKILL_01,,INSUFFICIENT_EVIDENCE,"{""difference_types"":[],""disputed_evidence_ids"":[],""limited_evidence_ids"":[],""meaningful_conflict_refs"":[],""missing_evidence_ids"":[""EV_APP0223_FIRST_INTERVIEW_TECHNICAL_ASSESSMENT_M1_SKILL_01"",""EV_APP0223_FIRST_INTERVIEW_AI_CASE_M1_SKILL_01""],""reason"":""직접 판단 근거 부족. 미관찰을 역량 부재로 해석하지 않는다."",""rubric_review"":""직접 관찰의 행동·검증을 검토하며 다른 맥락의 한계와 평가자 차이를 보존한다."",""supporting_observation_ids"":[]}",CALIBRATION_PANEL_01,2026-12-15T10:15:00+09:00,SYNTHETIC_HUMAN_SCENARIO,M1_EVIDENCE_RUBRIC_V02
DC_APP0223_M1_SKILL_02_000181,APP0223,C0223,M1_SKILL_02,,INSUFFICIENT_EVIDENCE,"{""difference_types"":[],""disputed_evidence_ids"":[],""limited_evidence_ids"":[],""meaningful_conflict_refs"":[],""missing_evidence_ids"":[""EV_APP0223_FIRST_INTERVIEW_TECHNICAL_ASSESSMENT_M1_SKILL_02""],""reason"":""직접 판단 근거 부족. 미관찰을 역량 부재로 해석하지 않는다."",""rubric_review"":""직접 관찰의 행동·검증을 검토하며 다른 맥락의 한계와 평가자 차이를 보존한다."",""supporting_observation_ids"":[]}",CALIBRATION_PANEL_01,2026-12-15T10:15:00+09:00,SYNTHETIC_HUMAN_SCENARIO,M1_EVIDENCE_RUBRIC_V02
DC_APP0223_M1_SKILL_03_000182,APP0223,C0223,M1_SKILL_03,MODERATE,AGREED,"{""difference_types"":[""EVIDENCE_EVOLUTION""],""disputed_evidence_ids"":[],""limited_evidence_ids"":[],""meaningful_conflict_refs"":[],""missing_evidence_ids"":[""EV_APP0223_PRE_ASSESSMENT_CODING_TEST_M1_SKILL_03""],""reason"":""동일 Skill의 독립된 직접 관찰로 수행 범위를 확인했다. 다른 맥락의 제한/모호성은 해당 근거의 한계로 보존한다."",""rubric_review"":""직접 관찰의 행동·검증을 검토하며 다른 맥락의 한계와 평가자 차이를 보존한다."",""supporting_observation_ids"":[""OB_FIRST_PANEL_09_ML_ENGINEER_EV_APP0223_FIRST_INTERVIEW_AI_CASE_M1_SKILL_03"",""OB_FIRST_PANEL_09_HIRING_MANAGER_EV_APP0223_FIRST_INTERVIEW_AI_CASE_M1_SKILL_03"",""OB_FIRST_PANEL_09_TECHNICAL_REVIEWER_EV_APP0223_FIRST_INTERVIEW_AI_CASE_M1_SKILL_03""]}",CALIBRATION_PANEL_01,2026-12-15T10:15:00+09:00,SYNTHETIC_HUMAN_SCENARIO,M1_EVIDENCE_RUBRIC_V02
DC_APP0223_M1_SKILL_04_000183,APP0223,C0223,M1_SKILL_04,,DISAGREEMENT_REMAINS,"{""difference_types"":[""EVALUATOR_DISAGREEMENT""],""disputed_evidence_ids"":[""EV_APP0223_FIRST_INTERVIEW_PRACTITIONER_QA_M1_SKILL_04""],""limited_evidence_ids"":[],""meaningful_conflict_refs"":[],""missing_evidence_ids"":[],""reason"":""동일 근거에 대한 평가자 해석 차이를 해소할 직접 관찰이 부족하다."",""rubric_review"":""직접 관찰의 행동·검증을 검토하며 다른 맥락의 한계와 평가자 차이를 보존한다."",""supporting_observation_ids"":[]}",CALIBRATION_PANEL_01,2026-12-15T10:15:00+09:00,SYNTHETIC_HUMAN_SCENARIO,M1_EVIDENCE_RUBRIC_V02
DC_APP0223_M1_SKILL_05_000184,APP0223,C0223,M1_SKILL_05,MODERATE,AGREED,"{""difference_types"":[],""disputed_evidence_ids"":[],""limited_evidence_ids"":[],""meaningful_conflict_refs"":[],""missing_evidence_ids"":[],""reason"":""동일 Skill의 독립된 직접 관찰로 수행 범위를 확인했다. 다른 맥락의 제한/모호성은 해당 근거의 한계로 보존한다."",""rubric_review"":""직접 관찰의 행동·검증을 검토하며 다른 맥락의 한계와 평가자 차이를 보존한다."",""supporting_observation_ids"":[""OB_FIRST_PANEL_09_ML_ENGINEER_EV_APP0223_FIRST_INTERVIEW_PRACTITIONER_QA_M1_SKILL_05"",""OB_FIRST_PANEL_09_HIRING_MANAGER_EV_APP0223_FIRST_INTERVIEW_PRACTITIONER_QA_M1_SKILL_05"",""OB_FIRST_PANEL_09_TECHNICAL_REVIEWER_EV_APP0223_FIRST_INTERVIEW_PRACTITIONER_QA_M1_SKILL_05""]}",CALIBRATION_PANEL_01,2026-12-15T10:15:00+09:00,SYNTHETIC_HUMAN_SCENARIO,M1_EVIDENCE_RUBRIC_V02
DC_APP0223_M1_SKILL_06_000185,APP0223,C0223,M1_SKILL_06,STRONG,AGREED,"{""difference_types"":[],""disputed_evidence_ids"":[],""limited_evidence_ids"":[],""meaningful_conflict_refs"":[],""missing_evidence_ids"":[],""reason"":""동일 Skill의 독립된 직접 관찰로 수행 범위를 확인했다. 다른 맥락의 제한/모호성은 해당 근거의 한계로 보존한다."",""rubric_review"":""직접 관찰의 행동·검증을 검토하며 다른 맥락의 한계와 평가자 차이를 보존한다."",""supporting_observation_ids"":[""OB_FIRST_PANEL_09_ML_ENGINEER_EV_APP0223_FIRST_INTERVIEW_PRACTITIONER_QA_M1_SKILL_06"",""OB_FIRST_PANEL_09_HIRING_MANAGER_EV_APP0223_FIRST_INTERVIEW_PRACTITIONER_QA_M1_SKILL_06"",""OB_FIRST_PANEL_09_TECHNICAL_REVIEWER_EV_APP0223_FIRST_INTERVIEW_PRACTITIONER_QA_M1_SKILL_06""]}",CALIBRATION_PANEL_01,2026-12-15T10:15:00+09:00,SYNTHETIC_HUMAN_SCENARIO,M1_EVIDENCE_RUBRIC_V02
DC_APP0223_M1_SKILL_07_000186,APP0223,C0223,M1_SKILL_07,STRONG,AGREED,"{""difference_types"":[],""disputed_evidence_ids"":[],""limited_evidence_ids"":[],""meaningful_conflict_refs"":[],""missing_evidence_ids"":[],""reason"":""동일 Skill의 독립된 직접 관찰로 수행 범위를 확인했다. 다른 맥락의 제한/모호성은 해당 근거의 한계로 보존한다."",""rubric_review"":""직접 관찰의 행동·검증을 검토하며 다른 맥락의 한계와 평가자 차이를 보존한다."",""supporting_observation_ids"":[""OB_FIRST_PANEL_09_ML_ENGINEER_EV_APP0223_FIRST_INTERVIEW_TECHNICAL_ASSESSMENT_M1_SKILL_07"",""OB_FIRST_PANEL_09_HIRING_MANAGER_EV_APP0223_FIRST_INTERVIEW_TECHNICAL_ASSESSMENT_M1_SKILL_07"",""OB_FIRST_PANEL_09_TECHNICAL_REVIEWER_EV_APP0223_FIRST_INTERVIEW_TECHNICAL_ASSESSMENT_M1_SKILL_07""]}",CALIBRATION_PANEL_01,2026-12-15T10:15:00+09:00,SYNTHETIC_HUMAN_SCENARIO,M1_EVIDENCE_RUBRIC_V02
DC_APP0223_M1_SKILL_08_000187,APP0223,C0223,M1_SKILL_08,,DISAGREEMENT_REMAINS,"{""difference_types"":[""EVALUATOR_DISAGREEMENT""],""disputed_evidence_ids"":[""EV_APP0223_FIRST_INTERVIEW_PRACTITIONER_QA_M1_SKILL_08""],""limited_evidence_ids"":[],""meaningful_conflict_refs"":[],""missing_evidence_ids"":[],""reason"":""동일 근거에 대한 평가자 해석 차이를 해소할 직접 관찰이 부족하다."",""rubric_review"":""직접 관찰의 행동·검증을 검토하며 다른 맥락의 한계와 평가자 차이를 보존한다."",""supporting_observation_ids"":[]}",CALIBRATION_PANEL_01,2026-12-15T10:15:00+09:00,SYNTHETIC_HUMAN_SCENARIO,M1_EVIDENCE_RUBRIC_V02
DC_APP0228_M1_SKILL_01_000188,APP0228,C0228,M1_SKILL_01,MODERATE,AGREED,"{""difference_types"":[],""disputed_evidence_ids"":[],""limited_evidence_ids"":[],""meaningful_conflict_refs"":[],""missing_evidence_ids"":[],""reason"":""동일 Skill의 독립된 직접 관찰로 수행 범위를 확인했다. 다른 맥락의 제한/모호성은 해당 근거의 한계로 보존한다."",""rubric_review"":""직접 관찰의 행동·검증을 검토하며 다른 맥락의 한계와 평가자 차이를 보존한다."",""supporting_observation_ids"":[""OB_FIRST_PANEL_10_ML_ENGINEER_EV_APP0228_FIRST_INTERVIEW_TECHNICAL_ASSESSMENT_M1_SKILL_01"",""OB_FIRST_PANEL_10_HIRING_MANAGER_EV_APP0228_FIRST_INTERVIEW_TECHNICAL_ASSESSMENT_M1_SKILL_01"",""OB_FIRST_PANEL_10_TECHNICAL_REVIEWER_EV_APP0228_FIRST_INTERVIEW_TECHNICAL_ASSESSMENT_M1_SKILL_01"",""OB_FIRST_PANEL_10_ML_ENGINEER_EV_APP0228_FIRST_INTERVIEW_AI_CASE_M1_SKILL_01"",""OB_FIRST_PANEL_10_HIRING_MANAGER_EV_APP0228_FIRST_INTERVIEW_AI_CASE_M1_SKILL_01"",""OB_FIRST_PANEL_10_TECHNICAL_REVIEWER_EV_APP0228_FIRST_INTERVIEW_AI_CASE_M1_SKILL_01""]}",CALIBRATION_PANEL_01,2026-12-16T10:15:00+09:00,SYNTHETIC_HUMAN_SCENARIO,M1_EVIDENCE_RUBRIC_V02
DC_APP0228_M1_SKILL_02_000189,APP0228,C0228,M1_SKILL_02,STRONG,AGREED,"{""difference_types"":[],""disputed_evidence_ids"":[],""limited_evidence_ids"":[],""meaningful_conflict_refs"":[],""missing_evidence_ids"":[],""reason"":""동일 Skill의 독립된 직접 관찰로 수행 범위를 확인했다. 다른 맥락의 제한/모호성은 해당 근거의 한계로 보존한다."",""rubric_review"":""직접 관찰의 행동·검증을 검토하며 다른 맥락의 한계와 평가자 차이를 보존한다."",""supporting_observation_ids"":[""OB_FIRST_PANEL_10_ML_ENGINEER_EV_APP0228_FIRST_INTERVIEW_TECHNICAL_ASSESSMENT_M1_SKILL_02"",""OB_FIRST_PANEL_10_HIRING_MANAGER_EV_APP0228_FIRST_INTERVIEW_TECHNICAL_ASSESSMENT_M1_SKILL_02"",""OB_FIRST_PANEL_10_TECHNICAL_REVIEWER_EV_APP0228_FIRST_INTERVIEW_TECHNICAL_ASSESSMENT_M1_SKILL_02""]}",CALIBRATION_PANEL_01,2026-12-16T10:15:00+09:00,SYNTHETIC_HUMAN_SCENARIO,M1_EVIDENCE_RUBRIC_V02
DC_APP0228_M1_SKILL_03_000190,APP0228,C0228,M1_SKILL_03,MODERATE,AGREED,"{""difference_types"":[""EVIDENCE_EVOLUTION""],""disputed_evidence_ids"":[],""limited_evidence_ids"":[],""meaningful_conflict_refs"":[],""missing_evidence_ids"":[],""reason"":""동일 Skill의 독립된 직접 관찰로 수행 범위를 확인했다. 다른 맥락의 제한/모호성은 해당 근거의 한계로 보존한다."",""rubric_review"":""직접 관찰의 행동·검증을 검토하며 다른 맥락의 한계와 평가자 차이를 보존한다."",""supporting_observation_ids"":[""OB_REVIEW_ML_01_EV_APP0228_PRE_ASSESSMENT_CODING_TEST_M1_SKILL_03"",""OB_REVIEW_HM_01_EV_APP0228_PRE_ASSESSMENT_CODING_TEST_M1_SKILL_03"",""OB_FIRST_PANEL_10_ML_ENGINEER_EV_APP0228_FIRST_INTERVIEW_AI_CASE_M1_SKILL_03"",""OB_FIRST_PANEL_10_HIRING_MANAGER_EV_APP0228_FIRST_INTERVIEW_AI_CASE_M1_SKILL_03"",""OB_FIRST_PANEL_10_TECHNICAL_REVIEWER_EV_APP0228_FIRST_INTERVIEW_AI_CASE_M1_SKILL_03""]}",CALIBRATION_PANEL_01,2026-12-16T10:15:00+09:00,SYNTHETIC_HUMAN_SCENARIO,M1_EVIDENCE_RUBRIC_V02
DC_APP0228_M1_SKILL_04_000191,APP0228,C0228,M1_SKILL_04,,DISAGREEMENT_REMAINS,"{""difference_types"":[""EVALUATOR_DISAGREEMENT""],""disputed_evidence_ids"":[""EV_APP0228_FIRST_INTERVIEW_PRACTITIONER_QA_M1_SKILL_04""],""limited_evidence_ids"":[],""meaningful_conflict_refs"":[],""missing_evidence_ids"":[],""reason"":""동일 근거에 대한 평가자 해석 차이를 해소할 직접 관찰이 부족하다."",""rubric_review"":""직접 관찰의 행동·검증을 검토하며 다른 맥락의 한계와 평가자 차이를 보존한다."",""supporting_observation_ids"":[]}",CALIBRATION_PANEL_01,2026-12-16T10:15:00+09:00,SYNTHETIC_HUMAN_SCENARIO,M1_EVIDENCE_RUBRIC_V02
DC_APP0228_M1_SKILL_05_000192,APP0228,C0228,M1_SKILL_05,MODERATE,AGREED,"{""difference_types"":[],""disputed_evidence_ids"":[],""limited_evidence_ids"":[],""meaningful_conflict_refs"":[],""missing_evidence_ids"":[],""reason"":""동일 Skill의 독립된 직접 관찰로 수행 범위를 확인했다. 다른 맥락의 제한/모호성은 해당 근거의 한계로 보존한다."",""rubric_review"":""직접 관찰의 행동·검증을 검토하며 다른 맥락의 한계와 평가자 차이를 보존한다."",""supporting_observation_ids"":[""OB_FIRST_PANEL_10_ML_ENGINEER_EV_APP0228_FIRST_INTERVIEW_PRACTITIONER_QA_M1_SKILL_05"",""OB_FIRST_PANEL_10_HIRING_MANAGER_EV_APP0228_FIRST_INTERVIEW_PRACTITIONER_QA_M1_SKILL_05"",""OB_FIRST_PANEL_10_TECHNICAL_REVIEWER_EV_APP0228_FIRST_INTERVIEW_PRACTITIONER_QA_M1_SKILL_05""]}",CALIBRATION_PANEL_01,2026-12-16T10:15:00+09:00,SYNTHETIC_HUMAN_SCENARIO,M1_EVIDENCE_RUBRIC_V02
DC_APP0228_M1_SKILL_06_000193,APP0228,C0228,M1_SKILL_06,STRONG,AGREED,"{""difference_types"":[],""disputed_evidence_ids"":[],""limited_evidence_ids"":[],""meaningful_conflict_refs"":[],""missing_evidence_ids"":[],""reason"":""동일 Skill의 독립된 직접 관찰로 수행 범위를 확인했다. 다른 맥락의 제한/모호성은 해당 근거의 한계로 보존한다."",""rubric_review"":""직접 관찰의 행동·검증을 검토하며 다른 맥락의 한계와 평가자 차이를 보존한다."",""supporting_observation_ids"":[""OB_FIRST_PANEL_10_ML_ENGINEER_EV_APP0228_FIRST_INTERVIEW_PRACTITIONER_QA_M1_SKILL_06"",""OB_FIRST_PANEL_10_HIRING_MANAGER_EV_APP0228_FIRST_INTERVIEW_PRACTITIONER_QA_M1_SKILL_06"",""OB_FIRST_PANEL_10_TECHNICAL_REVIEWER_EV_APP0228_FIRST_INTERVIEW_PRACTITIONER_QA_M1_SKILL_06""]}",CALIBRATION_PANEL_01,2026-12-16T10:15:00+09:00,SYNTHETIC_HUMAN_SCENARIO,M1_EVIDENCE_RUBRIC_V02
DC_APP0228_M1_SKILL_07_000194,APP0228,C0228,M1_SKILL_07,,DISAGREEMENT_REMAINS,"{""difference_types"":[""EVALUATOR_DISAGREEMENT""],""disputed_evidence_ids"":[""EV_APP0228_FIRST_INTERVIEW_TECHNICAL_ASSESSMENT_M1_SKILL_07""],""limited_evidence_ids"":[],""meaningful_conflict_refs"":[],""missing_evidence_ids"":[],""reason"":""동일 근거에 대한 평가자 해석 차이를 해소할 직접 관찰이 부족하다."",""rubric_review"":""직접 관찰의 행동·검증을 검토하며 다른 맥락의 한계와 평가자 차이를 보존한다."",""supporting_observation_ids"":[]}",CALIBRATION_PANEL_01,2026-12-16T10:15:00+09:00,SYNTHETIC_HUMAN_SCENARIO,M1_EVIDENCE_RUBRIC_V02
DC_APP0228_M1_SKILL_08_000195,APP0228,C0228,M1_SKILL_08,,INSUFFICIENT_EVIDENCE,"{""difference_types"":[],""disputed_evidence_ids"":[],""limited_evidence_ids"":[],""meaningful_conflict_refs"":[],""missing_evidence_ids"":[""EV_APP0228_FIRST_INTERVIEW_PRACTITIONER_QA_M1_SKILL_08""],""reason"":""직접 판단 근거 부족. 미관찰을 역량 부재로 해석하지 않는다."",""rubric_review"":""직접 관찰의 행동·검증을 검토하며 다른 맥락의 한계와 평가자 차이를 보존한다."",""supporting_observation_ids"":[]}",CALIBRATION_PANEL_01,2026-12-16T10:15:00+09:00,SYNTHETIC_HUMAN_SCENARIO,M1_EVIDENCE_RUBRIC_V02
DC_APP0237_M1_SKILL_01_000196,APP0237,C0237,M1_SKILL_01,MODERATE,AGREED,"{""difference_types"":[""EVIDENCE_EVOLUTION"",""CONTEXT_DIFFERENCE""],""disputed_evidence_ids"":[],""limited_evidence_ids"":[""EV_APP0237_FIRST_INTERVIEW_AI_CASE_M1_SKILL_01""],""meaningful_conflict_refs"":[],""missing_evidence_ids"":[],""reason"":""동일 Skill의 독립된 직접 관찰로 수행 범위를 확인했다. 다른 맥락의 제한/모호성은 해당 근거의 한계로 보존한다."",""rubric_review"":""직접 관찰의 행동·검증을 검토하며 다른 맥락의 한계와 평가자 차이를 보존한다."",""supporting_observation_ids"":[""OB_FIRST_PANEL_01_ML_ENGINEER_EV_APP0237_FIRST_INTERVIEW_TECHNICAL_ASSESSMENT_M1_SKILL_01"",""OB_FIRST_PANEL_01_HIRING_MANAGER_EV_APP0237_FIRST_INTERVIEW_TECHNICAL_ASSESSMENT_M1_SKILL_01"",""OB_FIRST_PANEL_01_TECHNICAL_REVIEWER_EV_APP0237_FIRST_INTERVIEW_TECHNICAL_ASSESSMENT_M1_SKILL_01""]}",CALIBRATION_PANEL_01,2026-12-22T10:00:00+09:00,SYNTHETIC_HUMAN_SCENARIO,M1_EVIDENCE_RUBRIC_V02
DC_APP0237_M1_SKILL_02_000197,APP0237,C0237,M1_SKILL_02,LIMITED,AGREED,"{""difference_types"":[],""disputed_evidence_ids"":[],""limited_evidence_ids"":[""EV_APP0237_FIRST_INTERVIEW_TECHNICAL_ASSESSMENT_M1_SKILL_02""],""meaningful_conflict_refs"":[],""missing_evidence_ids"":[],""reason"":""관찰된 직접 근거의 범위가 제한적이다. 자기기술만으로 보완하지 않는다."",""rubric_review"":""직접 관찰의 행동·검증을 검토하며 다른 맥락의 한계와 평가자 차이를 보존한다."",""supporting_observation_ids"":[""OB_FIRST_PANEL_01_ML_ENGINEER_EV_APP0237_FIRST_INTERVIEW_TECHNICAL_ASSESSMENT_M1_SKILL_02"",""OB_FIRST_PANEL_01_HIRING_MANAGER_EV_APP0237_FIRST_INTERVIEW_TECHNICAL_ASSESSMENT_M1_SKILL_02"",""OB_FIRST_PANEL_01_TECHNICAL_REVIEWER_EV_APP0237_FIRST_INTERVIEW_TECHNICAL_ASSESSMENT_M1_SKILL_02""]}",CALIBRATION_PANEL_01,2026-12-22T10:00:00+09:00,SYNTHETIC_HUMAN_SCENARIO,M1_EVIDENCE_RUBRIC_V02
DC_APP0237_M1_SKILL_03_000198,APP0237,C0237,M1_SKILL_03,,INSUFFICIENT_EVIDENCE,"{""difference_types"":[],""disputed_evidence_ids"":[],""limited_evidence_ids"":[],""meaningful_conflict_refs"":[],""missing_evidence_ids"":[""EV_APP0237_PRE_ASSESSMENT_CODING_TEST_M1_SKILL_03"",""EV_APP0237_FIRST_INTERVIEW_AI_CASE_M1_SKILL_03""],""reason"":""직접 판단 근거 부족. 미관찰을 역량 부재로 해석하지 않는다."",""rubric_review"":""직접 관찰의 행동·검증을 검토하며 다른 맥락의 한계와 평가자 차이를 보존한다."",""supporting_observation_ids"":[]}",CALIBRATION_PANEL_01,2026-12-22T10:00:00+09:00,SYNTHETIC_HUMAN_SCENARIO,M1_EVIDENCE_RUBRIC_V02
DC_APP0237_M1_SKILL_04_000199,APP0237,C0237,M1_SKILL_04,MODERATE,AGREED,"{""difference_types"":[],""disputed_evidence_ids"":[],""limited_evidence_ids"":[],""meaningful_conflict_refs"":[],""missing_evidence_ids"":[],""reason"":""동일 Skill의 독립된 직접 관찰로 수행 범위를 확인했다. 다른 맥락의 제한/모호성은 해당 근거의 한계로 보존한다."",""rubric_review"":""직접 관찰의 행동·검증을 검토하며 다른 맥락의 한계와 평가자 차이를 보존한다."",""supporting_observation_ids"":[""OB_FIRST_PANEL_01_ML_ENGINEER_EV_APP0237_FIRST_INTERVIEW_PRACTITIONER_QA_M1_SKILL_04"",""OB_FIRST_PANEL_01_HIRING_MANAGER_EV_APP0237_FIRST_INTERVIEW_PRACTITIONER_QA_M1_SKILL_04"",""OB_FIRST_PANEL_01_TECHNICAL_REVIEWER_EV_APP0237_FIRST_INTERVIEW_PRACTITIONER_QA_M1_SKILL_04""]}",CALIBRATION_PANEL_01,2026-12-22T10:00:00+09:00,SYNTHETIC_HUMAN_SCENARIO,M1_EVIDENCE_RUBRIC_V02
DC_APP0237_M1_SKILL_05_000200,APP0237,C0237,M1_SKILL_05,MODERATE,AGREED,"{""difference_types"":[],""disputed_evidence_ids"":[],""limited_evidence_ids"":[],""meaningful_conflict_refs"":[],""missing_evidence_ids"":[],""reason"":""동일 Skill의 독립된 직접 관찰로 수행 범위를 확인했다. 다른 맥락의 제한/모호성은 해당 근거의 한계로 보존한다."",""rubric_review"":""직접 관찰의 행동·검증을 검토하며 다른 맥락의 한계와 평가자 차이를 보존한다."",""supporting_observation_ids"":[""OB_FIRST_PANEL_01_ML_ENGINEER_EV_APP0237_FIRST_INTERVIEW_PRACTITIONER_QA_M1_SKILL_05"",""OB_FIRST_PANEL_01_HIRING_MANAGER_EV_APP0237_FIRST_INTERVIEW_PRACTITIONER_QA_M1_SKILL_05"",""OB_FIRST_PANEL_01_TECHNICAL_REVIEWER_EV_APP0237_FIRST_INTERVIEW_PRACTITIONER_QA_M1_SKILL_05""]}",CALIBRATION_PANEL_01,2026-12-22T10:00:00+09:00,SYNTHETIC_HUMAN_SCENARIO,M1_EVIDENCE_RUBRIC_V02
DC_APP0237_M1_SKILL_06_000201,APP0237,C0237,M1_SKILL_06,STRONG,AGREED,"{""difference_types"":[],""disputed_evidence_ids"":[],""limited_evidence_ids"":[],""meaningful_conflict_refs"":[],""missing_evidence_ids"":[],""reason"":""동일 Skill의 독립된 직접 관찰로 수행 범위를 확인했다. 다른 맥락의 제한/모호성은 해당 근거의 한계로 보존한다."",""rubric_review"":""직접 관찰의 행동·검증을 검토하며 다른 맥락의 한계와 평가자 차이를 보존한다."",""supporting_observation_ids"":[""OB_FIRST_PANEL_01_ML_ENGINEER_EV_APP0237_FIRST_INTERVIEW_PRACTITIONER_QA_M1_SKILL_06"",""OB_FIRST_PANEL_01_HIRING_MANAGER_EV_APP0237_FIRST_INTERVIEW_PRACTITIONER_QA_M1_SKILL_06"",""OB_FIRST_PANEL_01_TECHNICAL_REVIEWER_EV_APP0237_FIRST_INTERVIEW_PRACTITIONER_QA_M1_SKILL_06""]}",CALIBRATION_PANEL_01,2026-12-22T10:00:00+09:00,SYNTHETIC_HUMAN_SCENARIO,M1_EVIDENCE_RUBRIC_V02
DC_APP0237_M1_SKILL_07_000202,APP0237,C0237,M1_SKILL_07,STRONG,AGREED,"{""difference_types"":[],""disputed_evidence_ids"":[],""limited_evidence_ids"":[],""meaningful_conflict_refs"":[],""missing_evidence_ids"":[],""reason"":""동일 Skill의 독립된 직접 관찰로 수행 범위를 확인했다. 다른 맥락의 제한/모호성은 해당 근거의 한계로 보존한다."",""rubric_review"":""직접 관찰의 행동·검증을 검토하며 다른 맥락의 한계와 평가자 차이를 보존한다."",""supporting_observation_ids"":[""OB_FIRST_PANEL_01_ML_ENGINEER_EV_APP0237_FIRST_INTERVIEW_TECHNICAL_ASSESSMENT_M1_SKILL_07"",""OB_FIRST_PANEL_01_HIRING_MANAGER_EV_APP0237_FIRST_INTERVIEW_TECHNICAL_ASSESSMENT_M1_SKILL_07"",""OB_FIRST_PANEL_01_TECHNICAL_REVIEWER_EV_APP0237_FIRST_INTERVIEW_TECHNICAL_ASSESSMENT_M1_SKILL_07""]}",CALIBRATION_PANEL_01,2026-12-22T10:00:00+09:00,SYNTHETIC_HUMAN_SCENARIO,M1_EVIDENCE_RUBRIC_V02
DC_APP0237_M1_SKILL_08_000203,APP0237,C0237,M1_SKILL_08,,INSUFFICIENT_EVIDENCE,"{""difference_types"":[],""disputed_evidence_ids"":[],""limited_evidence_ids"":[],""meaningful_conflict_refs"":[],""missing_evidence_ids"":[""EV_APP0237_FIRST_INTERVIEW_PRACTITIONER_QA_M1_SKILL_08""],""reason"":""직접 판단 근거 부족. 미관찰을 역량 부재로 해석하지 않는다."",""rubric_review"":""직접 관찰의 행동·검증을 검토하며 다른 맥락의 한계와 평가자 차이를 보존한다."",""supporting_observation_ids"":[]}",CALIBRATION_PANEL_01,2026-12-22T10:00:00+09:00,SYNTHETIC_HUMAN_SCENARIO,M1_EVIDENCE_RUBRIC_V02
DC_APP0238_M1_SKILL_01_000204,APP0238,C0238,M1_SKILL_01,STRONG,AGREED,"{""difference_types"":[""EVIDENCE_EVOLUTION""],""disputed_evidence_ids"":[],""limited_evidence_ids"":[],""meaningful_conflict_refs"":[],""missing_evidence_ids"":[],""reason"":""동일 Skill의 독립된 직접 관찰로 수행 범위를 확인했다. 다른 맥락의 제한/모호성은 해당 근거의 한계로 보존한다."",""rubric_review"":""직접 관찰의 행동·검증을 검토하며 다른 맥락의 한계와 평가자 차이를 보존한다."",""supporting_observation_ids"":[""OB_FIRST_PANEL_02_ML_ENGINEER_EV_APP0238_FIRST_INTERVIEW_TECHNICAL_ASSESSMENT_M1_SKILL_01"",""OB_FIRST_PANEL_02_HIRING_MANAGER_EV_APP0238_FIRST_INTERVIEW_TECHNICAL_ASSESSMENT_M1_SKILL_01"",""OB_FIRST_PANEL_02_TECHNICAL_REVIEWER_EV_APP0238_FIRST_INTERVIEW_TECHNICAL_ASSESSMENT_M1_SKILL_01"",""OB_FIRST_PANEL_02_ML_ENGINEER_EV_APP0238_FIRST_INTERVIEW_AI_CASE_M1_SKILL_01"",""OB_FIRST_PANEL_02_HIRING_MANAGER_EV_APP0238_FIRST_INTERVIEW_AI_CASE_M1_SKILL_01"",""OB_FIRST_PANEL_02_TECHNICAL_REVIEWER_EV_APP0238_FIRST_INTERVIEW_AI_CASE_M1_SKILL_01""]}",CALIBRATION_PANEL_01,2026-12-20T10:15:00+09:00,SYNTHETIC_HUMAN_SCENARIO,M1_EVIDENCE_RUBRIC_V02
DC_APP0238_M1_SKILL_02_000205,APP0238,C0238,M1_SKILL_02,MODERATE,AGREED,"{""difference_types"":[],""disputed_evidence_ids"":[],""limited_evidence_ids"":[],""meaningful_conflict_refs"":[],""missing_evidence_ids"":[],""reason"":""동일 Skill의 독립된 직접 관찰로 수행 범위를 확인했다. 다른 맥락의 제한/모호성은 해당 근거의 한계로 보존한다."",""rubric_review"":""직접 관찰의 행동·검증을 검토하며 다른 맥락의 한계와 평가자 차이를 보존한다."",""supporting_observation_ids"":[""OB_FIRST_PANEL_02_ML_ENGINEER_EV_APP0238_FIRST_INTERVIEW_TECHNICAL_ASSESSMENT_M1_SKILL_02"",""OB_FIRST_PANEL_02_HIRING_MANAGER_EV_APP0238_FIRST_INTERVIEW_TECHNICAL_ASSESSMENT_M1_SKILL_02"",""OB_FIRST_PANEL_02_TECHNICAL_REVIEWER_EV_APP0238_FIRST_INTERVIEW_TECHNICAL_ASSESSMENT_M1_SKILL_02""]}",CALIBRATION_PANEL_01,2026-12-20T10:15:00+09:00,SYNTHETIC_HUMAN_SCENARIO,M1_EVIDENCE_RUBRIC_V02
DC_APP0238_M1_SKILL_03_000206,APP0238,C0238,M1_SKILL_03,MODERATE,AGREED,"{""difference_types"":[""EVIDENCE_EVOLUTION""],""disputed_evidence_ids"":[],""limited_evidence_ids"":[],""meaningful_conflict_refs"":[],""missing_evidence_ids"":[],""reason"":""동일 Skill의 독립된 직접 관찰로 수행 범위를 확인했다. 다른 맥락의 제한/모호성은 해당 근거의 한계로 보존한다."",""rubric_review"":""직접 관찰의 행동·검증을 검토하며 다른 맥락의 한계와 평가자 차이를 보존한다."",""supporting_observation_ids"":[""OB_REVIEW_ML_01_EV_APP0238_PRE_ASSESSMENT_CODING_TEST_M1_SKILL_03"",""OB_REVIEW_HM_01_EV_APP0238_PRE_ASSESSMENT_CODING_TEST_M1_SKILL_03"",""OB_FIRST_PANEL_02_ML_ENGINEER_EV_APP0238_FIRST_INTERVIEW_AI_CASE_M1_SKILL_03"",""OB_FIRST_PANEL_02_HIRING_MANAGER_EV_APP0238_FIRST_INTERVIEW_AI_CASE_M1_SKILL_03"",""OB_FIRST_PANEL_02_TECHNICAL_REVIEWER_EV_APP0238_FIRST_INTERVIEW_AI_CASE_M1_SKILL_03""]}",CALIBRATION_PANEL_01,2026-12-20T10:15:00+09:00,SYNTHETIC_HUMAN_SCENARIO,M1_EVIDENCE_RUBRIC_V02
DC_APP0238_M1_SKILL_04_000207,APP0238,C0238,M1_SKILL_04,LIMITED,AGREED,"{""difference_types"":[],""disputed_evidence_ids"":[],""limited_evidence_ids"":[""EV_APP0238_FIRST_INTERVIEW_PRACTITIONER_QA_M1_SKILL_04""],""meaningful_conflict_refs"":[],""missing_evidence_ids"":[],""reason"":""관찰된 직접 근거의 범위가 제한적이다. 자기기술만으로 보완하지 않는다."",""rubric_review"":""직접 관찰의 행동·검증을 검토하며 다른 맥락의 한계와 평가자 차이를 보존한다."",""supporting_observation_ids"":[""OB_FIRST_PANEL_02_ML_ENGINEER_EV_APP0238_FIRST_INTERVIEW_PRACTITIONER_QA_M1_SKILL_04"",""OB_FIRST_PANEL_02_HIRING_MANAGER_EV_APP0238_FIRST_INTERVIEW_PRACTITIONER_QA_M1_SKILL_04"",""OB_FIRST_PANEL_02_TECHNICAL_REVIEWER_EV_APP0238_FIRST_INTERVIEW_PRACTITIONER_QA_M1_SKILL_04""]}",CALIBRATION_PANEL_01,2026-12-20T10:15:00+09:00,SYNTHETIC_HUMAN_SCENARIO,M1_EVIDENCE_RUBRIC_V02
DC_APP0238_M1_SKILL_05_000208,APP0238,C0238,M1_SKILL_05,MODERATE,AGREED,"{""difference_types"":[],""disputed_evidence_ids"":[],""limited_evidence_ids"":[],""meaningful_conflict_refs"":[],""missing_evidence_ids"":[],""reason"":""동일 Skill의 독립된 직접 관찰로 수행 범위를 확인했다. 다른 맥락의 제한/모호성은 해당 근거의 한계로 보존한다."",""rubric_review"":""직접 관찰의 행동·검증을 검토하며 다른 맥락의 한계와 평가자 차이를 보존한다."",""supporting_observation_ids"":[""OB_FIRST_PANEL_02_ML_ENGINEER_EV_APP0238_FIRST_INTERVIEW_PRACTITIONER_QA_M1_SKILL_05"",""OB_FIRST_PANEL_02_HIRING_MANAGER_EV_APP0238_FIRST_INTERVIEW_PRACTITIONER_QA_M1_SKILL_05"",""OB_FIRST_PANEL_02_TECHNICAL_REVIEWER_EV_APP0238_FIRST_INTERVIEW_PRACTITIONER_QA_M1_SKILL_05""]}",CALIBRATION_PANEL_01,2026-12-20T10:15:00+09:00,SYNTHETIC_HUMAN_SCENARIO,M1_EVIDENCE_RUBRIC_V02
DC_APP0238_M1_SKILL_06_000209,APP0238,C0238,M1_SKILL_06,,DISAGREEMENT_REMAINS,"{""difference_types"":[""EVALUATOR_DISAGREEMENT""],""disputed_evidence_ids"":[""EV_APP0238_FIRST_INTERVIEW_PRACTITIONER_QA_M1_SKILL_06""],""limited_evidence_ids"":[],""meaningful_conflict_refs"":[],""missing_evidence_ids"":[],""reason"":""동일 근거에 대한 평가자 해석 차이를 해소할 직접 관찰이 부족하다."",""rubric_review"":""직접 관찰의 행동·검증을 검토하며 다른 맥락의 한계와 평가자 차이를 보존한다."",""supporting_observation_ids"":[]}",CALIBRATION_PANEL_01,2026-12-20T10:15:00+09:00,SYNTHETIC_HUMAN_SCENARIO,M1_EVIDENCE_RUBRIC_V02
DC_APP0238_M1_SKILL_07_000210,APP0238,C0238,M1_SKILL_07,,INSUFFICIENT_EVIDENCE,"{""difference_types"":[],""disputed_evidence_ids"":[],""limited_evidence_ids"":[],""meaningful_conflict_refs"":[],""missing_evidence_ids"":[""EV_APP0238_FIRST_INTERVIEW_TECHNICAL_ASSESSMENT_M1_SKILL_07""],""reason"":""직접 판단 근거 부족. 미관찰을 역량 부재로 해석하지 않는다."",""rubric_review"":""직접 관찰의 행동·검증을 검토하며 다른 맥락의 한계와 평가자 차이를 보존한다."",""supporting_observation_ids"":[]}",CALIBRATION_PANEL_01,2026-12-20T10:15:00+09:00,SYNTHETIC_HUMAN_SCENARIO,M1_EVIDENCE_RUBRIC_V02
DC_APP0238_M1_SKILL_08_000211,APP0238,C0238,M1_SKILL_08,,INSUFFICIENT_EVIDENCE,"{""difference_types"":[],""disputed_evidence_ids"":[],""limited_evidence_ids"":[],""meaningful_conflict_refs"":[],""missing_evidence_ids"":[""EV_APP0238_FIRST_INTERVIEW_PRACTITIONER_QA_M1_SKILL_08""],""reason"":""직접 판단 근거 부족. 미관찰을 역량 부재로 해석하지 않는다."",""rubric_review"":""직접 관찰의 행동·검증을 검토하며 다른 맥락의 한계와 평가자 차이를 보존한다."",""supporting_observation_ids"":[]}",CALIBRATION_PANEL_01,2026-12-20T10:15:00+09:00,SYNTHETIC_HUMAN_SCENARIO,M1_EVIDENCE_RUBRIC_V02
DC_APP0268_M1_SKILL_01_000212,APP0268,C0268,M1_SKILL_01,MODERATE,AGREED,"{""difference_types"":[""EVIDENCE_EVOLUTION""],""disputed_evidence_ids"":[],""limited_evidence_ids"":[],""meaningful_conflict_refs"":[],""missing_evidence_ids"":[""EV_APP0268_FIRST_INTERVIEW_AI_CASE_M1_SKILL_01""],""reason"":""동일 Skill의 독립된 직접 관찰로 수행 범위를 확인했다. 다른 맥락의 제한/모호성은 해당 근거의 한계로 보존한다."",""rubric_review"":""직접 관찰의 행동·검증을 검토하며 다른 맥락의 한계와 평가자 차이를 보존한다."",""supporting_observation_ids"":[""OB_FIRST_PANEL_04_ML_ENGINEER_EV_APP0268_FIRST_INTERVIEW_TECHNICAL_ASSESSMENT_M1_SKILL_01"",""OB_FIRST_PANEL_04_HIRING_MANAGER_EV_APP0268_FIRST_INTERVIEW_TECHNICAL_ASSESSMENT_M1_SKILL_01"",""OB_FIRST_PANEL_04_TECHNICAL_REVIEWER_EV_APP0268_FIRST_INTERVIEW_TECHNICAL_ASSESSMENT_M1_SKILL_01""]}",CALIBRATION_PANEL_01,2026-12-20T10:15:00+09:00,SYNTHETIC_HUMAN_SCENARIO,M1_EVIDENCE_RUBRIC_V02
DC_APP0268_M1_SKILL_02_000213,APP0268,C0268,M1_SKILL_02,,INSUFFICIENT_EVIDENCE,"{""difference_types"":[],""disputed_evidence_ids"":[],""limited_evidence_ids"":[],""meaningful_conflict_refs"":[],""missing_evidence_ids"":[""EV_APP0268_FIRST_INTERVIEW_TECHNICAL_ASSESSMENT_M1_SKILL_02""],""reason"":""직접 판단 근거 부족. 미관찰을 역량 부재로 해석하지 않는다."",""rubric_review"":""직접 관찰의 행동·검증을 검토하며 다른 맥락의 한계와 평가자 차이를 보존한다."",""supporting_observation_ids"":[]}",CALIBRATION_PANEL_01,2026-12-20T10:15:00+09:00,SYNTHETIC_HUMAN_SCENARIO,M1_EVIDENCE_RUBRIC_V02
DC_APP0268_M1_SKILL_03_000214,APP0268,C0268,M1_SKILL_03,MODERATE,AGREED,"{""difference_types"":[""EVIDENCE_EVOLUTION"",""EVALUATOR_DISAGREEMENT""],""disputed_evidence_ids"":[""EV_APP0268_FIRST_INTERVIEW_AI_CASE_M1_SKILL_03""],""limited_evidence_ids"":[],""meaningful_conflict_refs"":[],""missing_evidence_ids"":[],""reason"":""동일 Skill의 독립된 직접 관찰로 수행 범위를 확인했다. 다른 맥락의 제한/모호성은 해당 근거의 한계로 보존한다."",""rubric_review"":""직접 관찰의 행동·검증을 검토하며 다른 맥락의 한계와 평가자 차이를 보존한다."",""supporting_observation_ids"":[""OB_REVIEW_ML_01_EV_APP0268_PRE_ASSESSMENT_CODING_TEST_M1_SKILL_03"",""OB_REVIEW_HM_01_EV_APP0268_PRE_ASSESSMENT_CODING_TEST_M1_SKILL_03""]}",CALIBRATION_PANEL_01,2026-12-20T10:15:00+09:00,SYNTHETIC_HUMAN_SCENARIO,M1_EVIDENCE_RUBRIC_V02
DC_APP0268_M1_SKILL_04_000215,APP0268,C0268,M1_SKILL_04,LIMITED,AGREED,"{""difference_types"":[],""disputed_evidence_ids"":[],""limited_evidence_ids"":[""EV_APP0268_FIRST_INTERVIEW_PRACTITIONER_QA_M1_SKILL_04""],""meaningful_conflict_refs"":[],""missing_evidence_ids"":[],""reason"":""관찰된 직접 근거의 범위가 제한적이다. 자기기술만으로 보완하지 않는다."",""rubric_review"":""직접 관찰의 행동·검증을 검토하며 다른 맥락의 한계와 평가자 차이를 보존한다."",""supporting_observation_ids"":[""OB_FIRST_PANEL_04_ML_ENGINEER_EV_APP0268_FIRST_INTERVIEW_PRACTITIONER_QA_M1_SKILL_04"",""OB_FIRST_PANEL_04_HIRING_MANAGER_EV_APP0268_FIRST_INTERVIEW_PRACTITIONER_QA_M1_SKILL_04"",""OB_FIRST_PANEL_04_TECHNICAL_REVIEWER_EV_APP0268_FIRST_INTERVIEW_PRACTITIONER_QA_M1_SKILL_04""]}",CALIBRATION_PANEL_01,2026-12-20T10:15:00+09:00,SYNTHETIC_HUMAN_SCENARIO,M1_EVIDENCE_RUBRIC_V02
DC_APP0268_M1_SKILL_05_000216,APP0268,C0268,M1_SKILL_05,,DISAGREEMENT_REMAINS,"{""difference_types"":[""EVALUATOR_DISAGREEMENT""],""disputed_evidence_ids"":[""EV_APP0268_FIRST_INTERVIEW_PRACTITIONER_QA_M1_SKILL_05""],""limited_evidence_ids"":[],""meaningful_conflict_refs"":[],""missing_evidence_ids"":[],""reason"":""동일 근거에 대한 평가자 해석 차이를 해소할 직접 관찰이 부족하다."",""rubric_review"":""직접 관찰의 행동·검증을 검토하며 다른 맥락의 한계와 평가자 차이를 보존한다."",""supporting_observation_ids"":[]}",CALIBRATION_PANEL_01,2026-12-20T10:15:00+09:00,SYNTHETIC_HUMAN_SCENARIO,M1_EVIDENCE_RUBRIC_V02
DC_APP0268_M1_SKILL_06_000217,APP0268,C0268,M1_SKILL_06,,DISAGREEMENT_REMAINS,"{""difference_types"":[""EVALUATOR_DISAGREEMENT""],""disputed_evidence_ids"":[""EV_APP0268_FIRST_INTERVIEW_PRACTITIONER_QA_M1_SKILL_06""],""limited_evidence_ids"":[],""meaningful_conflict_refs"":[],""missing_evidence_ids"":[],""reason"":""동일 근거에 대한 평가자 해석 차이를 해소할 직접 관찰이 부족하다."",""rubric_review"":""직접 관찰의 행동·검증을 검토하며 다른 맥락의 한계와 평가자 차이를 보존한다."",""supporting_observation_ids"":[]}",CALIBRATION_PANEL_01,2026-12-20T10:15:00+09:00,SYNTHETIC_HUMAN_SCENARIO,M1_EVIDENCE_RUBRIC_V02
DC_APP0268_M1_SKILL_07_000218,APP0268,C0268,M1_SKILL_07,MODERATE,AGREED,"{""difference_types"":[],""disputed_evidence_ids"":[],""limited_evidence_ids"":[],""meaningful_conflict_refs"":[],""missing_evidence_ids"":[],""reason"":""동일 Skill의 독립된 직접 관찰로 수행 범위를 확인했다. 다른 맥락의 제한/모호성은 해당 근거의 한계로 보존한다."",""rubric_review"":""직접 관찰의 행동·검증을 검토하며 다른 맥락의 한계와 평가자 차이를 보존한다."",""supporting_observation_ids"":[""OB_FIRST_PANEL_04_ML_ENGINEER_EV_APP0268_FIRST_INTERVIEW_TECHNICAL_ASSESSMENT_M1_SKILL_07"",""OB_FIRST_PANEL_04_HIRING_MANAGER_EV_APP0268_FIRST_INTERVIEW_TECHNICAL_ASSESSMENT_M1_SKILL_07"",""OB_FIRST_PANEL_04_TECHNICAL_REVIEWER_EV_APP0268_FIRST_INTERVIEW_TECHNICAL_ASSESSMENT_M1_SKILL_07""]}",CALIBRATION_PANEL_01,2026-12-20T10:15:00+09:00,SYNTHETIC_HUMAN_SCENARIO,M1_EVIDENCE_RUBRIC_V02
DC_APP0268_M1_SKILL_08_000219,APP0268,C0268,M1_SKILL_08,MODERATE,AGREED,"{""difference_types"":[],""disputed_evidence_ids"":[],""limited_evidence_ids"":[],""meaningful_conflict_refs"":[],""missing_evidence_ids"":[],""reason"":""동일 Skill의 독립된 직접 관찰로 수행 범위를 확인했다. 다른 맥락의 제한/모호성은 해당 근거의 한계로 보존한다."",""rubric_review"":""직접 관찰의 행동·검증을 검토하며 다른 맥락의 한계와 평가자 차이를 보존한다."",""supporting_observation_ids"":[""OB_FIRST_PANEL_04_ML_ENGINEER_EV_APP0268_FIRST_INTERVIEW_PRACTITIONER_QA_M1_SKILL_08"",""OB_FIRST_PANEL_04_HIRING_MANAGER_EV_APP0268_FIRST_INTERVIEW_PRACTITIONER_QA_M1_SKILL_08"",""OB_FIRST_PANEL_04_TECHNICAL_REVIEWER_EV_APP0268_FIRST_INTERVIEW_PRACTITIONER_QA_M1_SKILL_08""]}",CALIBRATION_PANEL_01,2026-12-20T10:15:00+09:00,SYNTHETIC_HUMAN_SCENARIO,M1_EVIDENCE_RUBRIC_V02
DC_APP0270_M1_SKILL_01_000220,APP0270,C0270,M1_SKILL_01,MODERATE,AGREED,"{""difference_types"":[""EVIDENCE_EVOLUTION""],""disputed_evidence_ids"":[],""limited_evidence_ids"":[],""meaningful_conflict_refs"":[],""missing_evidence_ids"":[],""reason"":""동일 Skill의 독립된 직접 관찰로 수행 범위를 확인했다. 다른 맥락의 제한/모호성은 해당 근거의 한계로 보존한다."",""rubric_review"":""직접 관찰의 행동·검증을 검토하며 다른 맥락의 한계와 평가자 차이를 보존한다."",""supporting_observation_ids"":[""OB_FIRST_PANEL_05_ML_ENGINEER_EV_APP0270_FIRST_INTERVIEW_TECHNICAL_ASSESSMENT_M1_SKILL_01"",""OB_FIRST_PANEL_05_HIRING_MANAGER_EV_APP0270_FIRST_INTERVIEW_TECHNICAL_ASSESSMENT_M1_SKILL_01"",""OB_FIRST_PANEL_05_TECHNICAL_REVIEWER_EV_APP0270_FIRST_INTERVIEW_TECHNICAL_ASSESSMENT_M1_SKILL_01"",""OB_FIRST_PANEL_05_ML_ENGINEER_EV_APP0270_FIRST_INTERVIEW_AI_CASE_M1_SKILL_01"",""OB_FIRST_PANEL_05_HIRING_MANAGER_EV_APP0270_FIRST_INTERVIEW_AI_CASE_M1_SKILL_01"",""OB_FIRST_PANEL_05_TECHNICAL_REVIEWER_EV_APP0270_FIRST_INTERVIEW_AI_CASE_M1_SKILL_01""]}",CALIBRATION_PANEL_01,2026-12-19T10:00:00+09:00,SYNTHETIC_HUMAN_SCENARIO,M1_EVIDENCE_RUBRIC_V02
DC_APP0270_M1_SKILL_02_000221,APP0270,C0270,M1_SKILL_02,STRONG,AGREED,"{""difference_types"":[],""disputed_evidence_ids"":[],""limited_evidence_ids"":[],""meaningful_conflict_refs"":[],""missing_evidence_ids"":[],""reason"":""동일 Skill의 독립된 직접 관찰로 수행 범위를 확인했다. 다른 맥락의 제한/모호성은 해당 근거의 한계로 보존한다."",""rubric_review"":""직접 관찰의 행동·검증을 검토하며 다른 맥락의 한계와 평가자 차이를 보존한다."",""supporting_observation_ids"":[""OB_FIRST_PANEL_05_ML_ENGINEER_EV_APP0270_FIRST_INTERVIEW_TECHNICAL_ASSESSMENT_M1_SKILL_02"",""OB_FIRST_PANEL_05_HIRING_MANAGER_EV_APP0270_FIRST_INTERVIEW_TECHNICAL_ASSESSMENT_M1_SKILL_02"",""OB_FIRST_PANEL_05_TECHNICAL_REVIEWER_EV_APP0270_FIRST_INTERVIEW_TECHNICAL_ASSESSMENT_M1_SKILL_02""]}",CALIBRATION_PANEL_01,2026-12-19T10:00:00+09:00,SYNTHETIC_HUMAN_SCENARIO,M1_EVIDENCE_RUBRIC_V02
DC_APP0270_M1_SKILL_03_000222,APP0270,C0270,M1_SKILL_03,,DISAGREEMENT_REMAINS,"{""difference_types"":[""EVALUATOR_DISAGREEMENT""],""disputed_evidence_ids"":[""EV_APP0270_PRE_ASSESSMENT_CODING_TEST_M1_SKILL_03""],""limited_evidence_ids"":[],""meaningful_conflict_refs"":[],""missing_evidence_ids"":[""EV_APP0270_FIRST_INTERVIEW_AI_CASE_M1_SKILL_03""],""reason"":""동일 근거에 대한 평가자 해석 차이를 해소할 직접 관찰이 부족하다."",""rubric_review"":""직접 관찰의 행동·검증을 검토하며 다른 맥락의 한계와 평가자 차이를 보존한다."",""supporting_observation_ids"":[]}",CALIBRATION_PANEL_01,2026-12-19T10:00:00+09:00,SYNTHETIC_HUMAN_SCENARIO,M1_EVIDENCE_RUBRIC_V02
DC_APP0270_M1_SKILL_04_000223,APP0270,C0270,M1_SKILL_04,MODERATE,AGREED,"{""difference_types"":[],""disputed_evidence_ids"":[],""limited_evidence_ids"":[],""meaningful_conflict_refs"":[],""missing_evidence_ids"":[],""reason"":""동일 Skill의 독립된 직접 관찰로 수행 범위를 확인했다. 다른 맥락의 제한/모호성은 해당 근거의 한계로 보존한다."",""rubric_review"":""직접 관찰의 행동·검증을 검토하며 다른 맥락의 한계와 평가자 차이를 보존한다."",""supporting_observation_ids"":[""OB_FIRST_PANEL_05_ML_ENGINEER_EV_APP0270_FIRST_INTERVIEW_PRACTITIONER_QA_M1_SKILL_04"",""OB_FIRST_PANEL_05_HIRING_MANAGER_EV_APP0270_FIRST_INTERVIEW_PRACTITIONER_QA_M1_SKILL_04"",""OB_FIRST_PANEL_05_TECHNICAL_REVIEWER_EV_APP0270_FIRST_INTERVIEW_PRACTITIONER_QA_M1_SKILL_04""]}",CALIBRATION_PANEL_01,2026-12-19T10:00:00+09:00,SYNTHETIC_HUMAN_SCENARIO,M1_EVIDENCE_RUBRIC_V02
DC_APP0270_M1_SKILL_05_000224,APP0270,C0270,M1_SKILL_05,MODERATE,AGREED,"{""difference_types"":[],""disputed_evidence_ids"":[],""limited_evidence_ids"":[],""meaningful_conflict_refs"":[],""missing_evidence_ids"":[],""reason"":""동일 Skill의 독립된 직접 관찰로 수행 범위를 확인했다. 다른 맥락의 제한/모호성은 해당 근거의 한계로 보존한다."",""rubric_review"":""직접 관찰의 행동·검증을 검토하며 다른 맥락의 한계와 평가자 차이를 보존한다."",""supporting_observation_ids"":[""OB_FIRST_PANEL_05_ML_ENGINEER_EV_APP0270_FIRST_INTERVIEW_PRACTITIONER_QA_M1_SKILL_05"",""OB_FIRST_PANEL_05_HIRING_MANAGER_EV_APP0270_FIRST_INTERVIEW_PRACTITIONER_QA_M1_SKILL_05"",""OB_FIRST_PANEL_05_TECHNICAL_REVIEWER_EV_APP0270_FIRST_INTERVIEW_PRACTITIONER_QA_M1_SKILL_05""]}",CALIBRATION_PANEL_01,2026-12-19T10:00:00+09:00,SYNTHETIC_HUMAN_SCENARIO,M1_EVIDENCE_RUBRIC_V02
DC_APP0270_M1_SKILL_06_000225,APP0270,C0270,M1_SKILL_06,MODERATE,AGREED,"{""difference_types"":[],""disputed_evidence_ids"":[],""limited_evidence_ids"":[],""meaningful_conflict_refs"":[],""missing_evidence_ids"":[],""reason"":""동일 Skill의 독립된 직접 관찰로 수행 범위를 확인했다. 다른 맥락의 제한/모호성은 해당 근거의 한계로 보존한다."",""rubric_review"":""직접 관찰의 행동·검증을 검토하며 다른 맥락의 한계와 평가자 차이를 보존한다."",""supporting_observation_ids"":[""OB_FIRST_PANEL_05_ML_ENGINEER_EV_APP0270_FIRST_INTERVIEW_PRACTITIONER_QA_M1_SKILL_06"",""OB_FIRST_PANEL_05_HIRING_MANAGER_EV_APP0270_FIRST_INTERVIEW_PRACTITIONER_QA_M1_SKILL_06"",""OB_FIRST_PANEL_05_TECHNICAL_REVIEWER_EV_APP0270_FIRST_INTERVIEW_PRACTITIONER_QA_M1_SKILL_06""]}",CALIBRATION_PANEL_01,2026-12-19T10:00:00+09:00,SYNTHETIC_HUMAN_SCENARIO,M1_EVIDENCE_RUBRIC_V02
DC_APP0270_M1_SKILL_07_000226,APP0270,C0270,M1_SKILL_07,LIMITED,AGREED,"{""difference_types"":[],""disputed_evidence_ids"":[],""limited_evidence_ids"":[""EV_APP0270_FIRST_INTERVIEW_TECHNICAL_ASSESSMENT_M1_SKILL_07""],""meaningful_conflict_refs"":[],""missing_evidence_ids"":[],""reason"":""관찰된 직접 근거의 범위가 제한적이다. 자기기술만으로 보완하지 않는다."",""rubric_review"":""직접 관찰의 행동·검증을 검토하며 다른 맥락의 한계와 평가자 차이를 보존한다."",""supporting_observation_ids"":[""OB_FIRST_PANEL_05_ML_ENGINEER_EV_APP0270_FIRST_INTERVIEW_TECHNICAL_ASSESSMENT_M1_SKILL_07"",""OB_FIRST_PANEL_05_HIRING_MANAGER_EV_APP0270_FIRST_INTERVIEW_TECHNICAL_ASSESSMENT_M1_SKILL_07"",""OB_FIRST_PANEL_05_TECHNICAL_REVIEWER_EV_APP0270_FIRST_INTERVIEW_TECHNICAL_ASSESSMENT_M1_SKILL_07""]}",CALIBRATION_PANEL_01,2026-12-19T10:00:00+09:00,SYNTHETIC_HUMAN_SCENARIO,M1_EVIDENCE_RUBRIC_V02
DC_APP0270_M1_SKILL_08_000227,APP0270,C0270,M1_SKILL_08,MODERATE,AGREED,"{""difference_types"":[],""disputed_evidence_ids"":[],""limited_evidence_ids"":[],""meaningful_conflict_refs"":[],""missing_evidence_ids"":[],""reason"":""동일 Skill의 독립된 직접 관찰로 수행 범위를 확인했다. 다른 맥락의 제한/모호성은 해당 근거의 한계로 보존한다."",""rubric_review"":""직접 관찰의 행동·검증을 검토하며 다른 맥락의 한계와 평가자 차이를 보존한다."",""supporting_observation_ids"":[""OB_FIRST_PANEL_05_ML_ENGINEER_EV_APP0270_FIRST_INTERVIEW_PRACTITIONER_QA_M1_SKILL_08"",""OB_FIRST_PANEL_05_HIRING_MANAGER_EV_APP0270_FIRST_INTERVIEW_PRACTITIONER_QA_M1_SKILL_08"",""OB_FIRST_PANEL_05_TECHNICAL_REVIEWER_EV_APP0270_FIRST_INTERVIEW_PRACTITIONER_QA_M1_SKILL_08""]}",CALIBRATION_PANEL_01,2026-12-19T10:00:00+09:00,SYNTHETIC_HUMAN_SCENARIO,M1_EVIDENCE_RUBRIC_V02
DC_APP0285_M1_SKILL_01_000228,APP0285,C0285,M1_SKILL_01,MODERATE,AGREED,"{""difference_types"":[""EVIDENCE_EVOLUTION""],""disputed_evidence_ids"":[],""limited_evidence_ids"":[],""meaningful_conflict_refs"":[],""missing_evidence_ids"":[],""reason"":""동일 Skill의 독립된 직접 관찰로 수행 범위를 확인했다. 다른 맥락의 제한/모호성은 해당 근거의 한계로 보존한다."",""rubric_review"":""직접 관찰의 행동·검증을 검토하며 다른 맥락의 한계와 평가자 차이를 보존한다."",""supporting_observation_ids"":[""OB_FIRST_PANEL_06_ML_ENGINEER_EV_APP0285_FIRST_INTERVIEW_TECHNICAL_ASSESSMENT_M1_SKILL_01"",""OB_FIRST_PANEL_06_HIRING_MANAGER_EV_APP0285_FIRST_INTERVIEW_TECHNICAL_ASSESSMENT_M1_SKILL_01"",""OB_FIRST_PANEL_06_TECHNICAL_REVIEWER_EV_APP0285_FIRST_INTERVIEW_TECHNICAL_ASSESSMENT_M1_SKILL_01"",""OB_FIRST_PANEL_06_ML_ENGINEER_EV_APP0285_FIRST_INTERVIEW_AI_CASE_M1_SKILL_01"",""OB_FIRST_PANEL_06_HIRING_MANAGER_EV_APP0285_FIRST_INTERVIEW_AI_CASE_M1_SKILL_01"",""OB_FIRST_PANEL_06_TECHNICAL_REVIEWER_EV_APP0285_FIRST_INTERVIEW_AI_CASE_M1_SKILL_01""]}",CALIBRATION_PANEL_01,2026-12-19T10:00:00+09:00,SYNTHETIC_HUMAN_SCENARIO,M1_EVIDENCE_RUBRIC_V02
DC_APP0285_M1_SKILL_02_000229,APP0285,C0285,M1_SKILL_02,STRONG,AGREED,"{""difference_types"":[],""disputed_evidence_ids"":[],""limited_evidence_ids"":[],""meaningful_conflict_refs"":[],""missing_evidence_ids"":[],""reason"":""동일 Skill의 독립된 직접 관찰로 수행 범위를 확인했다. 다른 맥락의 제한/모호성은 해당 근거의 한계로 보존한다."",""rubric_review"":""직접 관찰의 행동·검증을 검토하며 다른 맥락의 한계와 평가자 차이를 보존한다."",""supporting_observation_ids"":[""OB_FIRST_PANEL_06_ML_ENGINEER_EV_APP0285_FIRST_INTERVIEW_TECHNICAL_ASSESSMENT_M1_SKILL_02"",""OB_FIRST_PANEL_06_HIRING_MANAGER_EV_APP0285_FIRST_INTERVIEW_TECHNICAL_ASSESSMENT_M1_SKILL_02"",""OB_FIRST_PANEL_06_TECHNICAL_REVIEWER_EV_APP0285_FIRST_INTERVIEW_TECHNICAL_ASSESSMENT_M1_SKILL_02""]}",CALIBRATION_PANEL_01,2026-12-19T10:00:00+09:00,SYNTHETIC_HUMAN_SCENARIO,M1_EVIDENCE_RUBRIC_V02
DC_APP0285_M1_SKILL_03_000230,APP0285,C0285,M1_SKILL_03,STRONG,AGREED,"{""difference_types"":[""EVIDENCE_EVOLUTION""],""disputed_evidence_ids"":[],""limited_evidence_ids"":[],""meaningful_conflict_refs"":[],""missing_evidence_ids"":[],""reason"":""동일 Skill의 독립된 직접 관찰로 수행 범위를 확인했다. 다른 맥락의 제한/모호성은 해당 근거의 한계로 보존한다."",""rubric_review"":""직접 관찰의 행동·검증을 검토하며 다른 맥락의 한계와 평가자 차이를 보존한다."",""supporting_observation_ids"":[""OB_REVIEW_ML_01_EV_APP0285_PRE_ASSESSMENT_CODING_TEST_M1_SKILL_03"",""OB_REVIEW_HM_01_EV_APP0285_PRE_ASSESSMENT_CODING_TEST_M1_SKILL_03"",""OB_FIRST_PANEL_06_ML_ENGINEER_EV_APP0285_FIRST_INTERVIEW_AI_CASE_M1_SKILL_03"",""OB_FIRST_PANEL_06_HIRING_MANAGER_EV_APP0285_FIRST_INTERVIEW_AI_CASE_M1_SKILL_03"",""OB_FIRST_PANEL_06_TECHNICAL_REVIEWER_EV_APP0285_FIRST_INTERVIEW_AI_CASE_M1_SKILL_03""]}",CALIBRATION_PANEL_01,2026-12-19T10:00:00+09:00,SYNTHETIC_HUMAN_SCENARIO,M1_EVIDENCE_RUBRIC_V02
DC_APP0285_M1_SKILL_04_000231,APP0285,C0285,M1_SKILL_04,LIMITED,AGREED,"{""difference_types"":[],""disputed_evidence_ids"":[],""limited_evidence_ids"":[""EV_APP0285_FIRST_INTERVIEW_PRACTITIONER_QA_M1_SKILL_04""],""meaningful_conflict_refs"":[],""missing_evidence_ids"":[],""reason"":""관찰된 직접 근거의 범위가 제한적이다. 자기기술만으로 보완하지 않는다."",""rubric_review"":""직접 관찰의 행동·검증을 검토하며 다른 맥락의 한계와 평가자 차이를 보존한다."",""supporting_observation_ids"":[""OB_FIRST_PANEL_06_ML_ENGINEER_EV_APP0285_FIRST_INTERVIEW_PRACTITIONER_QA_M1_SKILL_04"",""OB_FIRST_PANEL_06_HIRING_MANAGER_EV_APP0285_FIRST_INTERVIEW_PRACTITIONER_QA_M1_SKILL_04"",""OB_FIRST_PANEL_06_TECHNICAL_REVIEWER_EV_APP0285_FIRST_INTERVIEW_PRACTITIONER_QA_M1_SKILL_04""]}",CALIBRATION_PANEL_01,2026-12-19T10:00:00+09:00,SYNTHETIC_HUMAN_SCENARIO,M1_EVIDENCE_RUBRIC_V02
DC_APP0285_M1_SKILL_05_000232,APP0285,C0285,M1_SKILL_05,,INSUFFICIENT_EVIDENCE,"{""difference_types"":[],""disputed_evidence_ids"":[],""limited_evidence_ids"":[],""meaningful_conflict_refs"":[],""missing_evidence_ids"":[""EV_APP0285_FIRST_INTERVIEW_PRACTITIONER_QA_M1_SKILL_05""],""reason"":""직접 판단 근거 부족. 미관찰을 역량 부재로 해석하지 않는다."",""rubric_review"":""직접 관찰의 행동·검증을 검토하며 다른 맥락의 한계와 평가자 차이를 보존한다."",""supporting_observation_ids"":[]}",CALIBRATION_PANEL_01,2026-12-19T10:00:00+09:00,SYNTHETIC_HUMAN_SCENARIO,M1_EVIDENCE_RUBRIC_V02
DC_APP0285_M1_SKILL_06_000233,APP0285,C0285,M1_SKILL_06,STRONG,AGREED,"{""difference_types"":[],""disputed_evidence_ids"":[],""limited_evidence_ids"":[],""meaningful_conflict_refs"":[],""missing_evidence_ids"":[],""reason"":""동일 Skill의 독립된 직접 관찰로 수행 범위를 확인했다. 다른 맥락의 제한/모호성은 해당 근거의 한계로 보존한다."",""rubric_review"":""직접 관찰의 행동·검증을 검토하며 다른 맥락의 한계와 평가자 차이를 보존한다."",""supporting_observation_ids"":[""OB_FIRST_PANEL_06_ML_ENGINEER_EV_APP0285_FIRST_INTERVIEW_PRACTITIONER_QA_M1_SKILL_06"",""OB_FIRST_PANEL_06_HIRING_MANAGER_EV_APP0285_FIRST_INTERVIEW_PRACTITIONER_QA_M1_SKILL_06"",""OB_FIRST_PANEL_06_TECHNICAL_REVIEWER_EV_APP0285_FIRST_INTERVIEW_PRACTITIONER_QA_M1_SKILL_06""]}",CALIBRATION_PANEL_01,2026-12-19T10:00:00+09:00,SYNTHETIC_HUMAN_SCENARIO,M1_EVIDENCE_RUBRIC_V02
DC_APP0285_M1_SKILL_07_000234,APP0285,C0285,M1_SKILL_07,LIMITED,AGREED,"{""difference_types"":[],""disputed_evidence_ids"":[],""limited_evidence_ids"":[""EV_APP0285_FIRST_INTERVIEW_TECHNICAL_ASSESSMENT_M1_SKILL_07""],""meaningful_conflict_refs"":[],""missing_evidence_ids"":[],""reason"":""관찰된 직접 근거의 범위가 제한적이다. 자기기술만으로 보완하지 않는다."",""rubric_review"":""직접 관찰의 행동·검증을 검토하며 다른 맥락의 한계와 평가자 차이를 보존한다."",""supporting_observation_ids"":[""OB_FIRST_PANEL_06_ML_ENGINEER_EV_APP0285_FIRST_INTERVIEW_TECHNICAL_ASSESSMENT_M1_SKILL_07"",""OB_FIRST_PANEL_06_HIRING_MANAGER_EV_APP0285_FIRST_INTERVIEW_TECHNICAL_ASSESSMENT_M1_SKILL_07"",""OB_FIRST_PANEL_06_TECHNICAL_REVIEWER_EV_APP0285_FIRST_INTERVIEW_TECHNICAL_ASSESSMENT_M1_SKILL_07""]}",CALIBRATION_PANEL_01,2026-12-19T10:00:00+09:00,SYNTHETIC_HUMAN_SCENARIO,M1_EVIDENCE_RUBRIC_V02
DC_APP0285_M1_SKILL_08_000235,APP0285,C0285,M1_SKILL_08,MODERATE,AGREED,"{""difference_types"":[],""disputed_evidence_ids"":[],""limited_evidence_ids"":[],""meaningful_conflict_refs"":[],""missing_evidence_ids"":[],""reason"":""동일 Skill의 독립된 직접 관찰로 수행 범위를 확인했다. 다른 맥락의 제한/모호성은 해당 근거의 한계로 보존한다."",""rubric_review"":""직접 관찰의 행동·검증을 검토하며 다른 맥락의 한계와 평가자 차이를 보존한다."",""supporting_observation_ids"":[""OB_FIRST_PANEL_06_ML_ENGINEER_EV_APP0285_FIRST_INTERVIEW_PRACTITIONER_QA_M1_SKILL_08"",""OB_FIRST_PANEL_06_HIRING_MANAGER_EV_APP0285_FIRST_INTERVIEW_PRACTITIONER_QA_M1_SKILL_08"",""OB_FIRST_PANEL_06_TECHNICAL_REVIEWER_EV_APP0285_FIRST_INTERVIEW_PRACTITIONER_QA_M1_SKILL_08""]}",CALIBRATION_PANEL_01,2026-12-19T10:00:00+09:00,SYNTHETIC_HUMAN_SCENARIO,M1_EVIDENCE_RUBRIC_V02
DC_APP0297_M1_SKILL_01_000236,APP0297,C0297,M1_SKILL_01,MODERATE,AGREED,"{""difference_types"":[""EVIDENCE_EVOLUTION""],""disputed_evidence_ids"":[],""limited_evidence_ids"":[],""meaningful_conflict_refs"":[],""missing_evidence_ids"":[],""reason"":""동일 Skill의 독립된 직접 관찰로 수행 범위를 확인했다. 다른 맥락의 제한/모호성은 해당 근거의 한계로 보존한다."",""rubric_review"":""직접 관찰의 행동·검증을 검토하며 다른 맥락의 한계와 평가자 차이를 보존한다."",""supporting_observation_ids"":[""OB_FIRST_PANEL_07_ML_ENGINEER_EV_APP0297_FIRST_INTERVIEW_TECHNICAL_ASSESSMENT_M1_SKILL_01"",""OB_FIRST_PANEL_07_HIRING_MANAGER_EV_APP0297_FIRST_INTERVIEW_TECHNICAL_ASSESSMENT_M1_SKILL_01"",""OB_FIRST_PANEL_07_TECHNICAL_REVIEWER_EV_APP0297_FIRST_INTERVIEW_TECHNICAL_ASSESSMENT_M1_SKILL_01"",""OB_FIRST_PANEL_07_ML_ENGINEER_EV_APP0297_FIRST_INTERVIEW_AI_CASE_M1_SKILL_01"",""OB_FIRST_PANEL_07_HIRING_MANAGER_EV_APP0297_FIRST_INTERVIEW_AI_CASE_M1_SKILL_01"",""OB_FIRST_PANEL_07_TECHNICAL_REVIEWER_EV_APP0297_FIRST_INTERVIEW_AI_CASE_M1_SKILL_01""]}",CALIBRATION_PANEL_01,2026-12-20T10:15:00+09:00,SYNTHETIC_HUMAN_SCENARIO,M1_EVIDENCE_RUBRIC_V02
DC_APP0297_M1_SKILL_02_000237,APP0297,C0297,M1_SKILL_02,MODERATE,AGREED,"{""difference_types"":[],""disputed_evidence_ids"":[],""limited_evidence_ids"":[],""meaningful_conflict_refs"":[],""missing_evidence_ids"":[],""reason"":""동일 Skill의 독립된 직접 관찰로 수행 범위를 확인했다. 다른 맥락의 제한/모호성은 해당 근거의 한계로 보존한다."",""rubric_review"":""직접 관찰의 행동·검증을 검토하며 다른 맥락의 한계와 평가자 차이를 보존한다."",""supporting_observation_ids"":[""OB_FIRST_PANEL_07_ML_ENGINEER_EV_APP0297_FIRST_INTERVIEW_TECHNICAL_ASSESSMENT_M1_SKILL_02"",""OB_FIRST_PANEL_07_HIRING_MANAGER_EV_APP0297_FIRST_INTERVIEW_TECHNICAL_ASSESSMENT_M1_SKILL_02"",""OB_FIRST_PANEL_07_TECHNICAL_REVIEWER_EV_APP0297_FIRST_INTERVIEW_TECHNICAL_ASSESSMENT_M1_SKILL_02""]}",CALIBRATION_PANEL_01,2026-12-20T10:15:00+09:00,SYNTHETIC_HUMAN_SCENARIO,M1_EVIDENCE_RUBRIC_V02
DC_APP0297_M1_SKILL_03_000238,APP0297,C0297,M1_SKILL_03,MODERATE,AGREED,"{""difference_types"":[""EVIDENCE_EVOLUTION"",""CONTEXT_DIFFERENCE""],""disputed_evidence_ids"":[],""limited_evidence_ids"":[""EV_APP0297_FIRST_INTERVIEW_AI_CASE_M1_SKILL_03""],""meaningful_conflict_refs"":[],""missing_evidence_ids"":[],""reason"":""동일 Skill의 독립된 직접 관찰로 수행 범위를 확인했다. 다른 맥락의 제한/모호성은 해당 근거의 한계로 보존한다."",""rubric_review"":""직접 관찰의 행동·검증을 검토하며 다른 맥락의 한계와 평가자 차이를 보존한다."",""supporting_observation_ids"":[""OB_REVIEW_ML_01_EV_APP0297_PRE_ASSESSMENT_CODING_TEST_M1_SKILL_03"",""OB_REVIEW_HM_01_EV_APP0297_PRE_ASSESSMENT_CODING_TEST_M1_SKILL_03""]}",CALIBRATION_PANEL_01,2026-12-20T10:15:00+09:00,SYNTHETIC_HUMAN_SCENARIO,M1_EVIDENCE_RUBRIC_V02
DC_APP0297_M1_SKILL_04_000239,APP0297,C0297,M1_SKILL_04,STRONG,AGREED,"{""difference_types"":[],""disputed_evidence_ids"":[],""limited_evidence_ids"":[],""meaningful_conflict_refs"":[],""missing_evidence_ids"":[],""reason"":""동일 Skill의 독립된 직접 관찰로 수행 범위를 확인했다. 다른 맥락의 제한/모호성은 해당 근거의 한계로 보존한다."",""rubric_review"":""직접 관찰의 행동·검증을 검토하며 다른 맥락의 한계와 평가자 차이를 보존한다."",""supporting_observation_ids"":[""OB_FIRST_PANEL_07_ML_ENGINEER_EV_APP0297_FIRST_INTERVIEW_PRACTITIONER_QA_M1_SKILL_04"",""OB_FIRST_PANEL_07_HIRING_MANAGER_EV_APP0297_FIRST_INTERVIEW_PRACTITIONER_QA_M1_SKILL_04"",""OB_FIRST_PANEL_07_TECHNICAL_REVIEWER_EV_APP0297_FIRST_INTERVIEW_PRACTITIONER_QA_M1_SKILL_04""]}",CALIBRATION_PANEL_01,2026-12-20T10:15:00+09:00,SYNTHETIC_HUMAN_SCENARIO,M1_EVIDENCE_RUBRIC_V02
DC_APP0297_M1_SKILL_05_000240,APP0297,C0297,M1_SKILL_05,,INSUFFICIENT_EVIDENCE,"{""difference_types"":[],""disputed_evidence_ids"":[],""limited_evidence_ids"":[],""meaningful_conflict_refs"":[],""missing_evidence_ids"":[""EV_APP0297_FIRST_INTERVIEW_PRACTITIONER_QA_M1_SKILL_05""],""reason"":""직접 판단 근거 부족. 미관찰을 역량 부재로 해석하지 않는다."",""rubric_review"":""직접 관찰의 행동·검증을 검토하며 다른 맥락의 한계와 평가자 차이를 보존한다."",""supporting_observation_ids"":[]}",CALIBRATION_PANEL_01,2026-12-20T10:15:00+09:00,SYNTHETIC_HUMAN_SCENARIO,M1_EVIDENCE_RUBRIC_V02
DC_APP0297_M1_SKILL_06_000241,APP0297,C0297,M1_SKILL_06,STRONG,AGREED,"{""difference_types"":[],""disputed_evidence_ids"":[],""limited_evidence_ids"":[],""meaningful_conflict_refs"":[],""missing_evidence_ids"":[],""reason"":""동일 Skill의 독립된 직접 관찰로 수행 범위를 확인했다. 다른 맥락의 제한/모호성은 해당 근거의 한계로 보존한다."",""rubric_review"":""직접 관찰의 행동·검증을 검토하며 다른 맥락의 한계와 평가자 차이를 보존한다."",""supporting_observation_ids"":[""OB_FIRST_PANEL_07_ML_ENGINEER_EV_APP0297_FIRST_INTERVIEW_PRACTITIONER_QA_M1_SKILL_06"",""OB_FIRST_PANEL_07_HIRING_MANAGER_EV_APP0297_FIRST_INTERVIEW_PRACTITIONER_QA_M1_SKILL_06"",""OB_FIRST_PANEL_07_TECHNICAL_REVIEWER_EV_APP0297_FIRST_INTERVIEW_PRACTITIONER_QA_M1_SKILL_06""]}",CALIBRATION_PANEL_01,2026-12-20T10:15:00+09:00,SYNTHETIC_HUMAN_SCENARIO,M1_EVIDENCE_RUBRIC_V02
DC_APP0297_M1_SKILL_07_000242,APP0297,C0297,M1_SKILL_07,LIMITED,AGREED,"{""difference_types"":[],""disputed_evidence_ids"":[],""limited_evidence_ids"":[""EV_APP0297_FIRST_INTERVIEW_TECHNICAL_ASSESSMENT_M1_SKILL_07""],""meaningful_conflict_refs"":[],""missing_evidence_ids"":[],""reason"":""관찰된 직접 근거의 범위가 제한적이다. 자기기술만으로 보완하지 않는다."",""rubric_review"":""직접 관찰의 행동·검증을 검토하며 다른 맥락의 한계와 평가자 차이를 보존한다."",""supporting_observation_ids"":[""OB_FIRST_PANEL_07_ML_ENGINEER_EV_APP0297_FIRST_INTERVIEW_TECHNICAL_ASSESSMENT_M1_SKILL_07"",""OB_FIRST_PANEL_07_HIRING_MANAGER_EV_APP0297_FIRST_INTERVIEW_TECHNICAL_ASSESSMENT_M1_SKILL_07"",""OB_FIRST_PANEL_07_TECHNICAL_REVIEWER_EV_APP0297_FIRST_INTERVIEW_TECHNICAL_ASSESSMENT_M1_SKILL_07""]}",CALIBRATION_PANEL_01,2026-12-20T10:15:00+09:00,SYNTHETIC_HUMAN_SCENARIO,M1_EVIDENCE_RUBRIC_V02
DC_APP0297_M1_SKILL_08_000243,APP0297,C0297,M1_SKILL_08,,DISAGREEMENT_REMAINS,"{""difference_types"":[""EVALUATOR_DISAGREEMENT""],""disputed_evidence_ids"":[""EV_APP0297_FIRST_INTERVIEW_PRACTITIONER_QA_M1_SKILL_08""],""limited_evidence_ids"":[],""meaningful_conflict_refs"":[],""missing_evidence_ids"":[],""reason"":""동일 근거에 대한 평가자 해석 차이를 해소할 직접 관찰이 부족하다."",""rubric_review"":""직접 관찰의 행동·검증을 검토하며 다른 맥락의 한계와 평가자 차이를 보존한다."",""supporting_observation_ids"":[]}",CALIBRATION_PANEL_01,2026-12-20T10:15:00+09:00,SYNTHETIC_HUMAN_SCENARIO,M1_EVIDENCE_RUBRIC_V02
DC_APP0309_M1_SKILL_01_000244,APP0309,C0309,M1_SKILL_01,MODERATE,AGREED,"{""difference_types"":[""EVIDENCE_EVOLUTION""],""disputed_evidence_ids"":[],""limited_evidence_ids"":[],""meaningful_conflict_refs"":[],""missing_evidence_ids"":[],""reason"":""동일 Skill의 독립된 직접 관찰로 수행 범위를 확인했다. 다른 맥락의 제한/모호성은 해당 근거의 한계로 보존한다."",""rubric_review"":""직접 관찰의 행동·검증을 검토하며 다른 맥락의 한계와 평가자 차이를 보존한다."",""supporting_observation_ids"":[""OB_FIRST_PANEL_08_ML_ENGINEER_EV_APP0309_FIRST_INTERVIEW_TECHNICAL_ASSESSMENT_M1_SKILL_01"",""OB_FIRST_PANEL_08_HIRING_MANAGER_EV_APP0309_FIRST_INTERVIEW_TECHNICAL_ASSESSMENT_M1_SKILL_01"",""OB_FIRST_PANEL_08_TECHNICAL_REVIEWER_EV_APP0309_FIRST_INTERVIEW_TECHNICAL_ASSESSMENT_M1_SKILL_01"",""OB_FIRST_PANEL_08_ML_ENGINEER_EV_APP0309_FIRST_INTERVIEW_AI_CASE_M1_SKILL_01"",""OB_FIRST_PANEL_08_HIRING_MANAGER_EV_APP0309_FIRST_INTERVIEW_AI_CASE_M1_SKILL_01"",""OB_FIRST_PANEL_08_TECHNICAL_REVIEWER_EV_APP0309_FIRST_INTERVIEW_AI_CASE_M1_SKILL_01""]}",CALIBRATION_PANEL_01,2026-12-18T10:15:00+09:00,SYNTHETIC_HUMAN_SCENARIO,M1_EVIDENCE_RUBRIC_V02
DC_APP0309_M1_SKILL_02_000245,APP0309,C0309,M1_SKILL_02,,DISAGREEMENT_REMAINS,"{""difference_types"":[""EVALUATOR_DISAGREEMENT""],""disputed_evidence_ids"":[""EV_APP0309_FIRST_INTERVIEW_TECHNICAL_ASSESSMENT_M1_SKILL_02""],""limited_evidence_ids"":[],""meaningful_conflict_refs"":[],""missing_evidence_ids"":[],""reason"":""동일 근거에 대한 평가자 해석 차이를 해소할 직접 관찰이 부족하다."",""rubric_review"":""직접 관찰의 행동·검증을 검토하며 다른 맥락의 한계와 평가자 차이를 보존한다."",""supporting_observation_ids"":[]}",CALIBRATION_PANEL_01,2026-12-18T10:15:00+09:00,SYNTHETIC_HUMAN_SCENARIO,M1_EVIDENCE_RUBRIC_V02
DC_APP0309_M1_SKILL_03_000246,APP0309,C0309,M1_SKILL_03,MODERATE,AGREED,"{""difference_types"":[""EVIDENCE_EVOLUTION""],""disputed_evidence_ids"":[],""limited_evidence_ids"":[],""meaningful_conflict_refs"":[],""missing_evidence_ids"":[],""reason"":""동일 Skill의 독립된 직접 관찰로 수행 범위를 확인했다. 다른 맥락의 제한/모호성은 해당 근거의 한계로 보존한다."",""rubric_review"":""직접 관찰의 행동·검증을 검토하며 다른 맥락의 한계와 평가자 차이를 보존한다."",""supporting_observation_ids"":[""OB_REVIEW_ML_01_EV_APP0309_PRE_ASSESSMENT_CODING_TEST_M1_SKILL_03"",""OB_REVIEW_HM_01_EV_APP0309_PRE_ASSESSMENT_CODING_TEST_M1_SKILL_03"",""OB_FIRST_PANEL_08_ML_ENGINEER_EV_APP0309_FIRST_INTERVIEW_AI_CASE_M1_SKILL_03"",""OB_FIRST_PANEL_08_HIRING_MANAGER_EV_APP0309_FIRST_INTERVIEW_AI_CASE_M1_SKILL_03"",""OB_FIRST_PANEL_08_TECHNICAL_REVIEWER_EV_APP0309_FIRST_INTERVIEW_AI_CASE_M1_SKILL_03""]}",CALIBRATION_PANEL_01,2026-12-18T10:15:00+09:00,SYNTHETIC_HUMAN_SCENARIO,M1_EVIDENCE_RUBRIC_V02
DC_APP0309_M1_SKILL_04_000247,APP0309,C0309,M1_SKILL_04,MODERATE,AGREED,"{""difference_types"":[],""disputed_evidence_ids"":[],""limited_evidence_ids"":[],""meaningful_conflict_refs"":[],""missing_evidence_ids"":[],""reason"":""동일 Skill의 독립된 직접 관찰로 수행 범위를 확인했다. 다른 맥락의 제한/모호성은 해당 근거의 한계로 보존한다."",""rubric_review"":""직접 관찰의 행동·검증을 검토하며 다른 맥락의 한계와 평가자 차이를 보존한다."",""supporting_observation_ids"":[""OB_FIRST_PANEL_08_ML_ENGINEER_EV_APP0309_FIRST_INTERVIEW_PRACTITIONER_QA_M1_SKILL_04"",""OB_FIRST_PANEL_08_HIRING_MANAGER_EV_APP0309_FIRST_INTERVIEW_PRACTITIONER_QA_M1_SKILL_04"",""OB_FIRST_PANEL_08_TECHNICAL_REVIEWER_EV_APP0309_FIRST_INTERVIEW_PRACTITIONER_QA_M1_SKILL_04""]}",CALIBRATION_PANEL_01,2026-12-18T10:15:00+09:00,SYNTHETIC_HUMAN_SCENARIO,M1_EVIDENCE_RUBRIC_V02
DC_APP0309_M1_SKILL_05_000248,APP0309,C0309,M1_SKILL_05,MODERATE,AGREED,"{""difference_types"":[],""disputed_evidence_ids"":[],""limited_evidence_ids"":[],""meaningful_conflict_refs"":[],""missing_evidence_ids"":[],""reason"":""동일 Skill의 독립된 직접 관찰로 수행 범위를 확인했다. 다른 맥락의 제한/모호성은 해당 근거의 한계로 보존한다."",""rubric_review"":""직접 관찰의 행동·검증을 검토하며 다른 맥락의 한계와 평가자 차이를 보존한다."",""supporting_observation_ids"":[""OB_FIRST_PANEL_08_ML_ENGINEER_EV_APP0309_FIRST_INTERVIEW_PRACTITIONER_QA_M1_SKILL_05"",""OB_FIRST_PANEL_08_HIRING_MANAGER_EV_APP0309_FIRST_INTERVIEW_PRACTITIONER_QA_M1_SKILL_05"",""OB_FIRST_PANEL_08_TECHNICAL_REVIEWER_EV_APP0309_FIRST_INTERVIEW_PRACTITIONER_QA_M1_SKILL_05""]}",CALIBRATION_PANEL_01,2026-12-18T10:15:00+09:00,SYNTHETIC_HUMAN_SCENARIO,M1_EVIDENCE_RUBRIC_V02
DC_APP0309_M1_SKILL_06_000249,APP0309,C0309,M1_SKILL_06,MODERATE,AGREED,"{""difference_types"":[],""disputed_evidence_ids"":[],""limited_evidence_ids"":[],""meaningful_conflict_refs"":[],""missing_evidence_ids"":[],""reason"":""동일 Skill의 독립된 직접 관찰로 수행 범위를 확인했다. 다른 맥락의 제한/모호성은 해당 근거의 한계로 보존한다."",""rubric_review"":""직접 관찰의 행동·검증을 검토하며 다른 맥락의 한계와 평가자 차이를 보존한다."",""supporting_observation_ids"":[""OB_FIRST_PANEL_08_ML_ENGINEER_EV_APP0309_FIRST_INTERVIEW_PRACTITIONER_QA_M1_SKILL_06"",""OB_FIRST_PANEL_08_HIRING_MANAGER_EV_APP0309_FIRST_INTERVIEW_PRACTITIONER_QA_M1_SKILL_06"",""OB_FIRST_PANEL_08_TECHNICAL_REVIEWER_EV_APP0309_FIRST_INTERVIEW_PRACTITIONER_QA_M1_SKILL_06""]}",CALIBRATION_PANEL_01,2026-12-18T10:15:00+09:00,SYNTHETIC_HUMAN_SCENARIO,M1_EVIDENCE_RUBRIC_V02
DC_APP0309_M1_SKILL_07_000250,APP0309,C0309,M1_SKILL_07,MODERATE,AGREED,"{""difference_types"":[],""disputed_evidence_ids"":[],""limited_evidence_ids"":[],""meaningful_conflict_refs"":[],""missing_evidence_ids"":[],""reason"":""동일 Skill의 독립된 직접 관찰로 수행 범위를 확인했다. 다른 맥락의 제한/모호성은 해당 근거의 한계로 보존한다."",""rubric_review"":""직접 관찰의 행동·검증을 검토하며 다른 맥락의 한계와 평가자 차이를 보존한다."",""supporting_observation_ids"":[""OB_FIRST_PANEL_08_ML_ENGINEER_EV_APP0309_FIRST_INTERVIEW_TECHNICAL_ASSESSMENT_M1_SKILL_07"",""OB_FIRST_PANEL_08_HIRING_MANAGER_EV_APP0309_FIRST_INTERVIEW_TECHNICAL_ASSESSMENT_M1_SKILL_07"",""OB_FIRST_PANEL_08_TECHNICAL_REVIEWER_EV_APP0309_FIRST_INTERVIEW_TECHNICAL_ASSESSMENT_M1_SKILL_07""]}",CALIBRATION_PANEL_01,2026-12-18T10:15:00+09:00,SYNTHETIC_HUMAN_SCENARIO,M1_EVIDENCE_RUBRIC_V02
DC_APP0309_M1_SKILL_08_000251,APP0309,C0309,M1_SKILL_08,MODERATE,AGREED,"{""difference_types"":[],""disputed_evidence_ids"":[],""limited_evidence_ids"":[],""meaningful_conflict_refs"":[],""missing_evidence_ids"":[],""reason"":""동일 Skill의 독립된 직접 관찰로 수행 범위를 확인했다. 다른 맥락의 제한/모호성은 해당 근거의 한계로 보존한다."",""rubric_review"":""직접 관찰의 행동·검증을 검토하며 다른 맥락의 한계와 평가자 차이를 보존한다."",""supporting_observation_ids"":[""OB_FIRST_PANEL_08_ML_ENGINEER_EV_APP0309_FIRST_INTERVIEW_PRACTITIONER_QA_M1_SKILL_08"",""OB_FIRST_PANEL_08_HIRING_MANAGER_EV_APP0309_FIRST_INTERVIEW_PRACTITIONER_QA_M1_SKILL_08"",""OB_FIRST_PANEL_08_TECHNICAL_REVIEWER_EV_APP0309_FIRST_INTERVIEW_PRACTITIONER_QA_M1_SKILL_08""]}",CALIBRATION_PANEL_01,2026-12-18T10:15:00+09:00,SYNTHETIC_HUMAN_SCENARIO,M1_EVIDENCE_RUBRIC_V02
DC_APP0325_M1_SKILL_01_000252,APP0325,C0325,M1_SKILL_01,STRONG,AGREED,"{""difference_types"":[""EVIDENCE_EVOLUTION"",""EVALUATOR_DISAGREEMENT""],""disputed_evidence_ids"":[""EV_APP0325_FIRST_INTERVIEW_TECHNICAL_ASSESSMENT_M1_SKILL_01""],""limited_evidence_ids"":[],""meaningful_conflict_refs"":[],""missing_evidence_ids"":[],""reason"":""동일 Skill의 독립된 직접 관찰로 수행 범위를 확인했다. 다른 맥락의 제한/모호성은 해당 근거의 한계로 보존한다."",""rubric_review"":""직접 관찰의 행동·검증을 검토하며 다른 맥락의 한계와 평가자 차이를 보존한다."",""supporting_observation_ids"":[""OB_FIRST_PANEL_09_ML_ENGINEER_EV_APP0325_FIRST_INTERVIEW_AI_CASE_M1_SKILL_01"",""OB_FIRST_PANEL_09_HIRING_MANAGER_EV_APP0325_FIRST_INTERVIEW_AI_CASE_M1_SKILL_01"",""OB_FIRST_PANEL_09_TECHNICAL_REVIEWER_EV_APP0325_FIRST_INTERVIEW_AI_CASE_M1_SKILL_01""]}",CALIBRATION_PANEL_01,2026-12-19T10:15:00+09:00,SYNTHETIC_HUMAN_SCENARIO,M1_EVIDENCE_RUBRIC_V02
DC_APP0325_M1_SKILL_02_000253,APP0325,C0325,M1_SKILL_02,MODERATE,AGREED,"{""difference_types"":[],""disputed_evidence_ids"":[],""limited_evidence_ids"":[],""meaningful_conflict_refs"":[],""missing_evidence_ids"":[],""reason"":""동일 Skill의 독립된 직접 관찰로 수행 범위를 확인했다. 다른 맥락의 제한/모호성은 해당 근거의 한계로 보존한다."",""rubric_review"":""직접 관찰의 행동·검증을 검토하며 다른 맥락의 한계와 평가자 차이를 보존한다."",""supporting_observation_ids"":[""OB_FIRST_PANEL_09_ML_ENGINEER_EV_APP0325_FIRST_INTERVIEW_TECHNICAL_ASSESSMENT_M1_SKILL_02"",""OB_FIRST_PANEL_09_HIRING_MANAGER_EV_APP0325_FIRST_INTERVIEW_TECHNICAL_ASSESSMENT_M1_SKILL_02"",""OB_FIRST_PANEL_09_TECHNICAL_REVIEWER_EV_APP0325_FIRST_INTERVIEW_TECHNICAL_ASSESSMENT_M1_SKILL_02""]}",CALIBRATION_PANEL_01,2026-12-19T10:15:00+09:00,SYNTHETIC_HUMAN_SCENARIO,M1_EVIDENCE_RUBRIC_V02
DC_APP0325_M1_SKILL_03_000254,APP0325,C0325,M1_SKILL_03,MODERATE,AGREED,"{""difference_types"":[""EVIDENCE_EVOLUTION"",""EVALUATOR_DISAGREEMENT""],""disputed_evidence_ids"":[""EV_APP0325_PRE_ASSESSMENT_CODING_TEST_M1_SKILL_03""],""limited_evidence_ids"":[],""meaningful_conflict_refs"":[],""missing_evidence_ids"":[],""reason"":""동일 Skill의 독립된 직접 관찰로 수행 범위를 확인했다. 다른 맥락의 제한/모호성은 해당 근거의 한계로 보존한다."",""rubric_review"":""직접 관찰의 행동·검증을 검토하며 다른 맥락의 한계와 평가자 차이를 보존한다."",""supporting_observation_ids"":[""OB_FIRST_PANEL_09_ML_ENGINEER_EV_APP0325_FIRST_INTERVIEW_AI_CASE_M1_SKILL_03"",""OB_FIRST_PANEL_09_HIRING_MANAGER_EV_APP0325_FIRST_INTERVIEW_AI_CASE_M1_SKILL_03"",""OB_FIRST_PANEL_09_TECHNICAL_REVIEWER_EV_APP0325_FIRST_INTERVIEW_AI_CASE_M1_SKILL_03""]}",CALIBRATION_PANEL_01,2026-12-19T10:15:00+09:00,SYNTHETIC_HUMAN_SCENARIO,M1_EVIDENCE_RUBRIC_V02
DC_APP0325_M1_SKILL_04_000255,APP0325,C0325,M1_SKILL_04,MODERATE,AGREED,"{""difference_types"":[],""disputed_evidence_ids"":[],""limited_evidence_ids"":[],""meaningful_conflict_refs"":[],""missing_evidence_ids"":[],""reason"":""동일 Skill의 독립된 직접 관찰로 수행 범위를 확인했다. 다른 맥락의 제한/모호성은 해당 근거의 한계로 보존한다."",""rubric_review"":""직접 관찰의 행동·검증을 검토하며 다른 맥락의 한계와 평가자 차이를 보존한다."",""supporting_observation_ids"":[""OB_FIRST_PANEL_09_ML_ENGINEER_EV_APP0325_FIRST_INTERVIEW_PRACTITIONER_QA_M1_SKILL_04"",""OB_FIRST_PANEL_09_HIRING_MANAGER_EV_APP0325_FIRST_INTERVIEW_PRACTITIONER_QA_M1_SKILL_04"",""OB_FIRST_PANEL_09_TECHNICAL_REVIEWER_EV_APP0325_FIRST_INTERVIEW_PRACTITIONER_QA_M1_SKILL_04""]}",CALIBRATION_PANEL_01,2026-12-19T10:15:00+09:00,SYNTHETIC_HUMAN_SCENARIO,M1_EVIDENCE_RUBRIC_V02
DC_APP0325_M1_SKILL_05_000256,APP0325,C0325,M1_SKILL_05,,INSUFFICIENT_EVIDENCE,"{""difference_types"":[],""disputed_evidence_ids"":[],""limited_evidence_ids"":[],""meaningful_conflict_refs"":[],""missing_evidence_ids"":[""EV_APP0325_FIRST_INTERVIEW_PRACTITIONER_QA_M1_SKILL_05""],""reason"":""직접 판단 근거 부족. 미관찰을 역량 부재로 해석하지 않는다."",""rubric_review"":""직접 관찰의 행동·검증을 검토하며 다른 맥락의 한계와 평가자 차이를 보존한다."",""supporting_observation_ids"":[]}",CALIBRATION_PANEL_01,2026-12-19T10:15:00+09:00,SYNTHETIC_HUMAN_SCENARIO,M1_EVIDENCE_RUBRIC_V02
DC_APP0325_M1_SKILL_06_000257,APP0325,C0325,M1_SKILL_06,STRONG,AGREED,"{""difference_types"":[],""disputed_evidence_ids"":[],""limited_evidence_ids"":[],""meaningful_conflict_refs"":[],""missing_evidence_ids"":[],""reason"":""동일 Skill의 독립된 직접 관찰로 수행 범위를 확인했다. 다른 맥락의 제한/모호성은 해당 근거의 한계로 보존한다."",""rubric_review"":""직접 관찰의 행동·검증을 검토하며 다른 맥락의 한계와 평가자 차이를 보존한다."",""supporting_observation_ids"":[""OB_FIRST_PANEL_09_ML_ENGINEER_EV_APP0325_FIRST_INTERVIEW_PRACTITIONER_QA_M1_SKILL_06"",""OB_FIRST_PANEL_09_HIRING_MANAGER_EV_APP0325_FIRST_INTERVIEW_PRACTITIONER_QA_M1_SKILL_06"",""OB_FIRST_PANEL_09_TECHNICAL_REVIEWER_EV_APP0325_FIRST_INTERVIEW_PRACTITIONER_QA_M1_SKILL_06""]}",CALIBRATION_PANEL_01,2026-12-19T10:15:00+09:00,SYNTHETIC_HUMAN_SCENARIO,M1_EVIDENCE_RUBRIC_V02
DC_APP0325_M1_SKILL_07_000258,APP0325,C0325,M1_SKILL_07,LIMITED,AGREED,"{""difference_types"":[],""disputed_evidence_ids"":[],""limited_evidence_ids"":[""EV_APP0325_FIRST_INTERVIEW_TECHNICAL_ASSESSMENT_M1_SKILL_07""],""meaningful_conflict_refs"":[],""missing_evidence_ids"":[],""reason"":""관찰된 직접 근거의 범위가 제한적이다. 자기기술만으로 보완하지 않는다."",""rubric_review"":""직접 관찰의 행동·검증을 검토하며 다른 맥락의 한계와 평가자 차이를 보존한다."",""supporting_observation_ids"":[""OB_FIRST_PANEL_09_ML_ENGINEER_EV_APP0325_FIRST_INTERVIEW_TECHNICAL_ASSESSMENT_M1_SKILL_07"",""OB_FIRST_PANEL_09_HIRING_MANAGER_EV_APP0325_FIRST_INTERVIEW_TECHNICAL_ASSESSMENT_M1_SKILL_07"",""OB_FIRST_PANEL_09_TECHNICAL_REVIEWER_EV_APP0325_FIRST_INTERVIEW_TECHNICAL_ASSESSMENT_M1_SKILL_07""]}",CALIBRATION_PANEL_01,2026-12-19T10:15:00+09:00,SYNTHETIC_HUMAN_SCENARIO,M1_EVIDENCE_RUBRIC_V02
DC_APP0325_M1_SKILL_08_000259,APP0325,C0325,M1_SKILL_08,STRONG,AGREED,"{""difference_types"":[],""disputed_evidence_ids"":[],""limited_evidence_ids"":[],""meaningful_conflict_refs"":[],""missing_evidence_ids"":[],""reason"":""동일 Skill의 독립된 직접 관찰로 수행 범위를 확인했다. 다른 맥락의 제한/모호성은 해당 근거의 한계로 보존한다."",""rubric_review"":""직접 관찰의 행동·검증을 검토하며 다른 맥락의 한계와 평가자 차이를 보존한다."",""supporting_observation_ids"":[""OB_FIRST_PANEL_09_ML_ENGINEER_EV_APP0325_FIRST_INTERVIEW_PRACTITIONER_QA_M1_SKILL_08"",""OB_FIRST_PANEL_09_HIRING_MANAGER_EV_APP0325_FIRST_INTERVIEW_PRACTITIONER_QA_M1_SKILL_08"",""OB_FIRST_PANEL_09_TECHNICAL_REVIEWER_EV_APP0325_FIRST_INTERVIEW_PRACTITIONER_QA_M1_SKILL_08""]}",CALIBRATION_PANEL_01,2026-12-19T10:15:00+09:00,SYNTHETIC_HUMAN_SCENARIO,M1_EVIDENCE_RUBRIC_V02
DC_APP0342_M1_SKILL_01_000260,APP0342,C0342,M1_SKILL_01,STRONG,AGREED,"{""difference_types"":[""EVIDENCE_EVOLUTION""],""disputed_evidence_ids"":[],""limited_evidence_ids"":[],""meaningful_conflict_refs"":[],""missing_evidence_ids"":[],""reason"":""동일 Skill의 독립된 직접 관찰로 수행 범위를 확인했다. 다른 맥락의 제한/모호성은 해당 근거의 한계로 보존한다."",""rubric_review"":""직접 관찰의 행동·검증을 검토하며 다른 맥락의 한계와 평가자 차이를 보존한다."",""supporting_observation_ids"":[""OB_FIRST_PANEL_10_ML_ENGINEER_EV_APP0342_FIRST_INTERVIEW_TECHNICAL_ASSESSMENT_M1_SKILL_01"",""OB_FIRST_PANEL_10_HIRING_MANAGER_EV_APP0342_FIRST_INTERVIEW_TECHNICAL_ASSESSMENT_M1_SKILL_01"",""OB_FIRST_PANEL_10_TECHNICAL_REVIEWER_EV_APP0342_FIRST_INTERVIEW_TECHNICAL_ASSESSMENT_M1_SKILL_01"",""OB_FIRST_PANEL_10_ML_ENGINEER_EV_APP0342_FIRST_INTERVIEW_AI_CASE_M1_SKILL_01"",""OB_FIRST_PANEL_10_HIRING_MANAGER_EV_APP0342_FIRST_INTERVIEW_AI_CASE_M1_SKILL_01"",""OB_FIRST_PANEL_10_TECHNICAL_REVIEWER_EV_APP0342_FIRST_INTERVIEW_AI_CASE_M1_SKILL_01""]}",CALIBRATION_PANEL_01,2026-12-18T10:00:00+09:00,SYNTHETIC_HUMAN_SCENARIO,M1_EVIDENCE_RUBRIC_V02
DC_APP0342_M1_SKILL_02_000261,APP0342,C0342,M1_SKILL_02,STRONG,AGREED,"{""difference_types"":[],""disputed_evidence_ids"":[],""limited_evidence_ids"":[],""meaningful_conflict_refs"":[],""missing_evidence_ids"":[],""reason"":""동일 Skill의 독립된 직접 관찰로 수행 범위를 확인했다. 다른 맥락의 제한/모호성은 해당 근거의 한계로 보존한다."",""rubric_review"":""직접 관찰의 행동·검증을 검토하며 다른 맥락의 한계와 평가자 차이를 보존한다."",""supporting_observation_ids"":[""OB_FIRST_PANEL_10_ML_ENGINEER_EV_APP0342_FIRST_INTERVIEW_TECHNICAL_ASSESSMENT_M1_SKILL_02"",""OB_FIRST_PANEL_10_HIRING_MANAGER_EV_APP0342_FIRST_INTERVIEW_TECHNICAL_ASSESSMENT_M1_SKILL_02"",""OB_FIRST_PANEL_10_TECHNICAL_REVIEWER_EV_APP0342_FIRST_INTERVIEW_TECHNICAL_ASSESSMENT_M1_SKILL_02""]}",CALIBRATION_PANEL_01,2026-12-18T10:00:00+09:00,SYNTHETIC_HUMAN_SCENARIO,M1_EVIDENCE_RUBRIC_V02
DC_APP0342_M1_SKILL_03_000262,APP0342,C0342,M1_SKILL_03,STRONG,AGREED,"{""difference_types"":[""EVIDENCE_EVOLUTION""],""disputed_evidence_ids"":[],""limited_evidence_ids"":[],""meaningful_conflict_refs"":[],""missing_evidence_ids"":[],""reason"":""동일 Skill의 독립된 직접 관찰로 수행 범위를 확인했다. 다른 맥락의 제한/모호성은 해당 근거의 한계로 보존한다."",""rubric_review"":""직접 관찰의 행동·검증을 검토하며 다른 맥락의 한계와 평가자 차이를 보존한다."",""supporting_observation_ids"":[""OB_REVIEW_ML_01_EV_APP0342_PRE_ASSESSMENT_CODING_TEST_M1_SKILL_03"",""OB_REVIEW_HM_01_EV_APP0342_PRE_ASSESSMENT_CODING_TEST_M1_SKILL_03"",""OB_FIRST_PANEL_10_ML_ENGINEER_EV_APP0342_FIRST_INTERVIEW_AI_CASE_M1_SKILL_03"",""OB_FIRST_PANEL_10_HIRING_MANAGER_EV_APP0342_FIRST_INTERVIEW_AI_CASE_M1_SKILL_03"",""OB_FIRST_PANEL_10_TECHNICAL_REVIEWER_EV_APP0342_FIRST_INTERVIEW_AI_CASE_M1_SKILL_03""]}",CALIBRATION_PANEL_01,2026-12-18T10:00:00+09:00,SYNTHETIC_HUMAN_SCENARIO,M1_EVIDENCE_RUBRIC_V02
DC_APP0342_M1_SKILL_04_000263,APP0342,C0342,M1_SKILL_04,MODERATE,AGREED,"{""difference_types"":[],""disputed_evidence_ids"":[],""limited_evidence_ids"":[],""meaningful_conflict_refs"":[],""missing_evidence_ids"":[],""reason"":""동일 Skill의 독립된 직접 관찰로 수행 범위를 확인했다. 다른 맥락의 제한/모호성은 해당 근거의 한계로 보존한다."",""rubric_review"":""직접 관찰의 행동·검증을 검토하며 다른 맥락의 한계와 평가자 차이를 보존한다."",""supporting_observation_ids"":[""OB_FIRST_PANEL_10_ML_ENGINEER_EV_APP0342_FIRST_INTERVIEW_PRACTITIONER_QA_M1_SKILL_04"",""OB_FIRST_PANEL_10_HIRING_MANAGER_EV_APP0342_FIRST_INTERVIEW_PRACTITIONER_QA_M1_SKILL_04"",""OB_FIRST_PANEL_10_TECHNICAL_REVIEWER_EV_APP0342_FIRST_INTERVIEW_PRACTITIONER_QA_M1_SKILL_04""]}",CALIBRATION_PANEL_01,2026-12-18T10:00:00+09:00,SYNTHETIC_HUMAN_SCENARIO,M1_EVIDENCE_RUBRIC_V02
DC_APP0342_M1_SKILL_05_000264,APP0342,C0342,M1_SKILL_05,MODERATE,AGREED,"{""difference_types"":[],""disputed_evidence_ids"":[],""limited_evidence_ids"":[],""meaningful_conflict_refs"":[],""missing_evidence_ids"":[],""reason"":""동일 Skill의 독립된 직접 관찰로 수행 범위를 확인했다. 다른 맥락의 제한/모호성은 해당 근거의 한계로 보존한다."",""rubric_review"":""직접 관찰의 행동·검증을 검토하며 다른 맥락의 한계와 평가자 차이를 보존한다."",""supporting_observation_ids"":[""OB_FIRST_PANEL_10_ML_ENGINEER_EV_APP0342_FIRST_INTERVIEW_PRACTITIONER_QA_M1_SKILL_05"",""OB_FIRST_PANEL_10_HIRING_MANAGER_EV_APP0342_FIRST_INTERVIEW_PRACTITIONER_QA_M1_SKILL_05"",""OB_FIRST_PANEL_10_TECHNICAL_REVIEWER_EV_APP0342_FIRST_INTERVIEW_PRACTITIONER_QA_M1_SKILL_05""]}",CALIBRATION_PANEL_01,2026-12-18T10:00:00+09:00,SYNTHETIC_HUMAN_SCENARIO,M1_EVIDENCE_RUBRIC_V02
DC_APP0342_M1_SKILL_06_000265,APP0342,C0342,M1_SKILL_06,,INSUFFICIENT_EVIDENCE,"{""difference_types"":[],""disputed_evidence_ids"":[],""limited_evidence_ids"":[],""meaningful_conflict_refs"":[],""missing_evidence_ids"":[""EV_APP0342_FIRST_INTERVIEW_PRACTITIONER_QA_M1_SKILL_06""],""reason"":""직접 판단 근거 부족. 미관찰을 역량 부재로 해석하지 않는다."",""rubric_review"":""직접 관찰의 행동·검증을 검토하며 다른 맥락의 한계와 평가자 차이를 보존한다."",""supporting_observation_ids"":[]}",CALIBRATION_PANEL_01,2026-12-18T10:00:00+09:00,SYNTHETIC_HUMAN_SCENARIO,M1_EVIDENCE_RUBRIC_V02
DC_APP0342_M1_SKILL_07_000266,APP0342,C0342,M1_SKILL_07,MODERATE,AGREED,"{""difference_types"":[],""disputed_evidence_ids"":[],""limited_evidence_ids"":[],""meaningful_conflict_refs"":[],""missing_evidence_ids"":[],""reason"":""동일 Skill의 독립된 직접 관찰로 수행 범위를 확인했다. 다른 맥락의 제한/모호성은 해당 근거의 한계로 보존한다."",""rubric_review"":""직접 관찰의 행동·검증을 검토하며 다른 맥락의 한계와 평가자 차이를 보존한다."",""supporting_observation_ids"":[""OB_FIRST_PANEL_10_ML_ENGINEER_EV_APP0342_FIRST_INTERVIEW_TECHNICAL_ASSESSMENT_M1_SKILL_07"",""OB_FIRST_PANEL_10_HIRING_MANAGER_EV_APP0342_FIRST_INTERVIEW_TECHNICAL_ASSESSMENT_M1_SKILL_07"",""OB_FIRST_PANEL_10_TECHNICAL_REVIEWER_EV_APP0342_FIRST_INTERVIEW_TECHNICAL_ASSESSMENT_M1_SKILL_07""]}",CALIBRATION_PANEL_01,2026-12-18T10:00:00+09:00,SYNTHETIC_HUMAN_SCENARIO,M1_EVIDENCE_RUBRIC_V02
DC_APP0342_M1_SKILL_08_000267,APP0342,C0342,M1_SKILL_08,MODERATE,AGREED,"{""difference_types"":[],""disputed_evidence_ids"":[],""limited_evidence_ids"":[],""meaningful_conflict_refs"":[],""missing_evidence_ids"":[],""reason"":""동일 Skill의 독립된 직접 관찰로 수행 범위를 확인했다. 다른 맥락의 제한/모호성은 해당 근거의 한계로 보존한다."",""rubric_review"":""직접 관찰의 행동·검증을 검토하며 다른 맥락의 한계와 평가자 차이를 보존한다."",""supporting_observation_ids"":[""OB_FIRST_PANEL_10_ML_ENGINEER_EV_APP0342_FIRST_INTERVIEW_PRACTITIONER_QA_M1_SKILL_08"",""OB_FIRST_PANEL_10_HIRING_MANAGER_EV_APP0342_FIRST_INTERVIEW_PRACTITIONER_QA_M1_SKILL_08"",""OB_FIRST_PANEL_10_TECHNICAL_REVIEWER_EV_APP0342_FIRST_INTERVIEW_PRACTITIONER_QA_M1_SKILL_08""]}",CALIBRATION_PANEL_01,2026-12-18T10:00:00+09:00,SYNTHETIC_HUMAN_SCENARIO,M1_EVIDENCE_RUBRIC_V02
DC_APP0082_M1_SKILL_01_000268,APP0082,C0082,M1_SKILL_01,MODERATE,AGREED,"{""difference_types"":[""EVIDENCE_EVOLUTION"",""CONTEXT_DIFFERENCE""],""disputed_evidence_ids"":[],""limited_evidence_ids"":[""EV_APP0082_FIRST_INTERVIEW_TECHNICAL_ASSESSMENT_M1_SKILL_01""],""meaningful_conflict_refs"":[],""missing_evidence_ids"":[],""reason"":""동일 Skill의 독립된 직접 관찰로 수행 범위를 확인했다. 다른 맥락의 제한/모호성은 해당 근거의 한계로 보존한다."",""rubric_review"":""직접 관찰의 행동·검증을 검토하며 다른 맥락의 한계와 평가자 차이를 보존한다."",""supporting_observation_ids"":[""OB_FIRST_PANEL_09_ML_ENGINEER_EV_APP0082_FIRST_INTERVIEW_AI_CASE_M1_SKILL_01"",""OB_FIRST_PANEL_09_HIRING_MANAGER_EV_APP0082_FIRST_INTERVIEW_AI_CASE_M1_SKILL_01"",""OB_FIRST_PANEL_09_TECHNICAL_REVIEWER_EV_APP0082_FIRST_INTERVIEW_AI_CASE_M1_SKILL_01""]}",CALIBRATION_PANEL_01,2026-12-31T10:30:00+09:00,SYNTHETIC_HUMAN_SCENARIO,M1_EVIDENCE_RUBRIC_V02
DC_APP0082_M1_SKILL_02_000269,APP0082,C0082,M1_SKILL_02,MODERATE,AGREED,"{""difference_types"":[],""disputed_evidence_ids"":[],""limited_evidence_ids"":[],""meaningful_conflict_refs"":[],""missing_evidence_ids"":[],""reason"":""동일 Skill의 독립된 직접 관찰로 수행 범위를 확인했다. 다른 맥락의 제한/모호성은 해당 근거의 한계로 보존한다."",""rubric_review"":""직접 관찰의 행동·검증을 검토하며 다른 맥락의 한계와 평가자 차이를 보존한다."",""supporting_observation_ids"":[""OB_FIRST_PANEL_09_ML_ENGINEER_EV_APP0082_FIRST_INTERVIEW_TECHNICAL_ASSESSMENT_M1_SKILL_02"",""OB_FIRST_PANEL_09_HIRING_MANAGER_EV_APP0082_FIRST_INTERVIEW_TECHNICAL_ASSESSMENT_M1_SKILL_02"",""OB_FIRST_PANEL_09_TECHNICAL_REVIEWER_EV_APP0082_FIRST_INTERVIEW_TECHNICAL_ASSESSMENT_M1_SKILL_02""]}",CALIBRATION_PANEL_01,2026-12-31T10:30:00+09:00,SYNTHETIC_HUMAN_SCENARIO,M1_EVIDENCE_RUBRIC_V02
DC_APP0082_M1_SKILL_03_000270,APP0082,C0082,M1_SKILL_03,MODERATE,AGREED,"{""difference_types"":[""EVIDENCE_EVOLUTION""],""disputed_evidence_ids"":[],""limited_evidence_ids"":[],""meaningful_conflict_refs"":[],""missing_evidence_ids"":[],""reason"":""동일 Skill의 독립된 직접 관찰로 수행 범위를 확인했다. 다른 맥락의 제한/모호성은 해당 근거의 한계로 보존한다."",""rubric_review"":""직접 관찰의 행동·검증을 검토하며 다른 맥락의 한계와 평가자 차이를 보존한다."",""supporting_observation_ids"":[""OB_REVIEW_ML_01_EV_APP0082_PRE_ASSESSMENT_CODING_TEST_M1_SKILL_03"",""OB_REVIEW_HM_01_EV_APP0082_PRE_ASSESSMENT_CODING_TEST_M1_SKILL_03"",""OB_FIRST_PANEL_09_ML_ENGINEER_EV_APP0082_FIRST_INTERVIEW_AI_CASE_M1_SKILL_03"",""OB_FIRST_PANEL_09_HIRING_MANAGER_EV_APP0082_FIRST_INTERVIEW_AI_CASE_M1_SKILL_03"",""OB_FIRST_PANEL_09_TECHNICAL_REVIEWER_EV_APP0082_FIRST_INTERVIEW_AI_CASE_M1_SKILL_03""]}",CALIBRATION_PANEL_01,2026-12-31T10:30:00+09:00,SYNTHETIC_HUMAN_SCENARIO,M1_EVIDENCE_RUBRIC_V02
DC_APP0082_M1_SKILL_04_000271,APP0082,C0082,M1_SKILL_04,MODERATE,AGREED,"{""difference_types"":[],""disputed_evidence_ids"":[],""limited_evidence_ids"":[],""meaningful_conflict_refs"":[],""missing_evidence_ids"":[],""reason"":""동일 Skill의 독립된 직접 관찰로 수행 범위를 확인했다. 다른 맥락의 제한/모호성은 해당 근거의 한계로 보존한다."",""rubric_review"":""직접 관찰의 행동·검증을 검토하며 다른 맥락의 한계와 평가자 차이를 보존한다."",""supporting_observation_ids"":[""OB_FIRST_PANEL_09_ML_ENGINEER_EV_APP0082_FIRST_INTERVIEW_PRACTITIONER_QA_M1_SKILL_04"",""OB_FIRST_PANEL_09_HIRING_MANAGER_EV_APP0082_FIRST_INTERVIEW_PRACTITIONER_QA_M1_SKILL_04"",""OB_FIRST_PANEL_09_TECHNICAL_REVIEWER_EV_APP0082_FIRST_INTERVIEW_PRACTITIONER_QA_M1_SKILL_04"",""OB_SECOND_INTERVIEW_PANEL_01_ML_ENGINEER_EV_APP0082_SECOND_INTERVIEW_VALUES_BEHAVIOR_INTERVIEW_M1_SKILL_04"",""OB_SECOND_INTERVIEW_PANEL_01_HIRING_MANAGER_EV_APP0082_SECOND_INTERVIEW_VALUES_BEHAVIOR_INTERVIEW_M1_SKILL_04""]}",CALIBRATION_PANEL_01,2026-12-31T10:30:00+09:00,SYNTHETIC_HUMAN_SCENARIO,M1_EVIDENCE_RUBRIC_V02
DC_APP0082_M1_SKILL_05_000272,APP0082,C0082,M1_SKILL_05,MODERATE,AGREED,"{""difference_types"":[],""disputed_evidence_ids"":[],""limited_evidence_ids"":[],""meaningful_conflict_refs"":[],""missing_evidence_ids"":[],""reason"":""동일 Skill의 독립된 직접 관찰로 수행 범위를 확인했다. 다른 맥락의 제한/모호성은 해당 근거의 한계로 보존한다."",""rubric_review"":""직접 관찰의 행동·검증을 검토하며 다른 맥락의 한계와 평가자 차이를 보존한다."",""supporting_observation_ids"":[""OB_FIRST_PANEL_09_ML_ENGINEER_EV_APP0082_FIRST_INTERVIEW_PRACTITIONER_QA_M1_SKILL_05"",""OB_FIRST_PANEL_09_HIRING_MANAGER_EV_APP0082_FIRST_INTERVIEW_PRACTITIONER_QA_M1_SKILL_05"",""OB_FIRST_PANEL_09_TECHNICAL_REVIEWER_EV_APP0082_FIRST_INTERVIEW_PRACTITIONER_QA_M1_SKILL_05"",""OB_SECOND_INTERVIEW_PANEL_01_ML_ENGINEER_EV_APP0082_SECOND_INTERVIEW_VALUES_BEHAVIOR_INTERVIEW_M1_SKILL_05"",""OB_SECOND_INTERVIEW_PANEL_01_HIRING_MANAGER_EV_APP0082_SECOND_INTERVIEW_VALUES_BEHAVIOR_INTERVIEW_M1_SKILL_05""]}",CALIBRATION_PANEL_01,2026-12-31T10:30:00+09:00,SYNTHETIC_HUMAN_SCENARIO,M1_EVIDENCE_RUBRIC_V02
DC_APP0082_M1_SKILL_06_000273,APP0082,C0082,M1_SKILL_06,STRONG,AGREED,"{""difference_types"":[],""disputed_evidence_ids"":[],""limited_evidence_ids"":[],""meaningful_conflict_refs"":[],""missing_evidence_ids"":[],""reason"":""동일 Skill의 독립된 직접 관찰로 수행 범위를 확인했다. 다른 맥락의 제한/모호성은 해당 근거의 한계로 보존한다."",""rubric_review"":""직접 관찰의 행동·검증을 검토하며 다른 맥락의 한계와 평가자 차이를 보존한다."",""supporting_observation_ids"":[""OB_FIRST_PANEL_09_ML_ENGINEER_EV_APP0082_FIRST_INTERVIEW_PRACTITIONER_QA_M1_SKILL_06"",""OB_FIRST_PANEL_09_HIRING_MANAGER_EV_APP0082_FIRST_INTERVIEW_PRACTITIONER_QA_M1_SKILL_06"",""OB_FIRST_PANEL_09_TECHNICAL_REVIEWER_EV_APP0082_FIRST_INTERVIEW_PRACTITIONER_QA_M1_SKILL_06""]}",CALIBRATION_PANEL_01,2026-12-31T10:30:00+09:00,SYNTHETIC_HUMAN_SCENARIO,M1_EVIDENCE_RUBRIC_V02
DC_APP0082_M1_SKILL_07_000274,APP0082,C0082,M1_SKILL_07,MODERATE,AGREED,"{""difference_types"":[],""disputed_evidence_ids"":[],""limited_evidence_ids"":[],""meaningful_conflict_refs"":[],""missing_evidence_ids"":[],""reason"":""동일 Skill의 독립된 직접 관찰로 수행 범위를 확인했다. 다른 맥락의 제한/모호성은 해당 근거의 한계로 보존한다."",""rubric_review"":""직접 관찰의 행동·검증을 검토하며 다른 맥락의 한계와 평가자 차이를 보존한다."",""supporting_observation_ids"":[""OB_FIRST_PANEL_09_ML_ENGINEER_EV_APP0082_FIRST_INTERVIEW_TECHNICAL_ASSESSMENT_M1_SKILL_07"",""OB_FIRST_PANEL_09_HIRING_MANAGER_EV_APP0082_FIRST_INTERVIEW_TECHNICAL_ASSESSMENT_M1_SKILL_07"",""OB_FIRST_PANEL_09_TECHNICAL_REVIEWER_EV_APP0082_FIRST_INTERVIEW_TECHNICAL_ASSESSMENT_M1_SKILL_07""]}",CALIBRATION_PANEL_01,2026-12-31T10:30:00+09:00,SYNTHETIC_HUMAN_SCENARIO,M1_EVIDENCE_RUBRIC_V02
DC_APP0082_M1_SKILL_08_000275,APP0082,C0082,M1_SKILL_08,STRONG,AGREED,"{""difference_types"":[],""disputed_evidence_ids"":[],""limited_evidence_ids"":[],""meaningful_conflict_refs"":[],""missing_evidence_ids"":[],""reason"":""동일 Skill의 독립된 직접 관찰로 수행 범위를 확인했다. 다른 맥락의 제한/모호성은 해당 근거의 한계로 보존한다."",""rubric_review"":""직접 관찰의 행동·검증을 검토하며 다른 맥락의 한계와 평가자 차이를 보존한다."",""supporting_observation_ids"":[""OB_FIRST_PANEL_09_ML_ENGINEER_EV_APP0082_FIRST_INTERVIEW_PRACTITIONER_QA_M1_SKILL_08"",""OB_FIRST_PANEL_09_HIRING_MANAGER_EV_APP0082_FIRST_INTERVIEW_PRACTITIONER_QA_M1_SKILL_08"",""OB_FIRST_PANEL_09_TECHNICAL_REVIEWER_EV_APP0082_FIRST_INTERVIEW_PRACTITIONER_QA_M1_SKILL_08""]}",CALIBRATION_PANEL_01,2026-12-31T10:30:00+09:00,SYNTHETIC_HUMAN_SCENARIO,M1_EVIDENCE_RUBRIC_V02
DC_APP0005_M1_SKILL_01_000276,APP0005,C0005,M1_SKILL_01,MODERATE,AGREED,"{""difference_types"":[""EVIDENCE_EVOLUTION""],""disputed_evidence_ids"":[],""limited_evidence_ids"":[],""meaningful_conflict_refs"":[],""missing_evidence_ids"":[],""reason"":""동일 Skill의 독립된 직접 관찰로 수행 범위를 확인했다. 다른 맥락의 제한/모호성은 해당 근거의 한계로 보존한다."",""rubric_review"":""직접 관찰의 행동·검증을 검토하며 다른 맥락의 한계와 평가자 차이를 보존한다."",""supporting_observation_ids"":[""OB_FIRST_PANEL_01_ML_ENGINEER_EV_APP0005_FIRST_INTERVIEW_TECHNICAL_ASSESSMENT_M1_SKILL_01"",""OB_FIRST_PANEL_01_HIRING_MANAGER_EV_APP0005_FIRST_INTERVIEW_TECHNICAL_ASSESSMENT_M1_SKILL_01"",""OB_FIRST_PANEL_01_TECHNICAL_REVIEWER_EV_APP0005_FIRST_INTERVIEW_TECHNICAL_ASSESSMENT_M1_SKILL_01"",""OB_FIRST_PANEL_01_ML_ENGINEER_EV_APP0005_FIRST_INTERVIEW_AI_CASE_M1_SKILL_01"",""OB_FIRST_PANEL_01_HIRING_MANAGER_EV_APP0005_FIRST_INTERVIEW_AI_CASE_M1_SKILL_01"",""OB_FIRST_PANEL_01_TECHNICAL_REVIEWER_EV_APP0005_FIRST_INTERVIEW_AI_CASE_M1_SKILL_01""]}",CALIBRATION_PANEL_01,2027-01-01T10:45:00+09:00,SYNTHETIC_HUMAN_SCENARIO,M1_EVIDENCE_RUBRIC_V02
DC_APP0005_M1_SKILL_02_000277,APP0005,C0005,M1_SKILL_02,MODERATE,AGREED,"{""difference_types"":[],""disputed_evidence_ids"":[],""limited_evidence_ids"":[],""meaningful_conflict_refs"":[],""missing_evidence_ids"":[],""reason"":""동일 Skill의 독립된 직접 관찰로 수행 범위를 확인했다. 다른 맥락의 제한/모호성은 해당 근거의 한계로 보존한다."",""rubric_review"":""직접 관찰의 행동·검증을 검토하며 다른 맥락의 한계와 평가자 차이를 보존한다."",""supporting_observation_ids"":[""OB_FIRST_PANEL_01_ML_ENGINEER_EV_APP0005_FIRST_INTERVIEW_TECHNICAL_ASSESSMENT_M1_SKILL_02"",""OB_FIRST_PANEL_01_HIRING_MANAGER_EV_APP0005_FIRST_INTERVIEW_TECHNICAL_ASSESSMENT_M1_SKILL_02"",""OB_FIRST_PANEL_01_TECHNICAL_REVIEWER_EV_APP0005_FIRST_INTERVIEW_TECHNICAL_ASSESSMENT_M1_SKILL_02""]}",CALIBRATION_PANEL_01,2027-01-01T10:45:00+09:00,SYNTHETIC_HUMAN_SCENARIO,M1_EVIDENCE_RUBRIC_V02
DC_APP0005_M1_SKILL_03_000278,APP0005,C0005,M1_SKILL_03,STRONG,AGREED,"{""difference_types"":[""EVIDENCE_EVOLUTION""],""disputed_evidence_ids"":[],""limited_evidence_ids"":[],""meaningful_conflict_refs"":[],""missing_evidence_ids"":[],""reason"":""동일 Skill의 독립된 직접 관찰로 수행 범위를 확인했다. 다른 맥락의 제한/모호성은 해당 근거의 한계로 보존한다."",""rubric_review"":""직접 관찰의 행동·검증을 검토하며 다른 맥락의 한계와 평가자 차이를 보존한다."",""supporting_observation_ids"":[""OB_REVIEW_ML_01_EV_APP0005_PRE_ASSESSMENT_CODING_TEST_M1_SKILL_03"",""OB_REVIEW_HM_01_EV_APP0005_PRE_ASSESSMENT_CODING_TEST_M1_SKILL_03"",""OB_FIRST_PANEL_01_ML_ENGINEER_EV_APP0005_FIRST_INTERVIEW_AI_CASE_M1_SKILL_03"",""OB_FIRST_PANEL_01_HIRING_MANAGER_EV_APP0005_FIRST_INTERVIEW_AI_CASE_M1_SKILL_03"",""OB_FIRST_PANEL_01_TECHNICAL_REVIEWER_EV_APP0005_FIRST_INTERVIEW_AI_CASE_M1_SKILL_03""]}",CALIBRATION_PANEL_01,2027-01-01T10:45:00+09:00,SYNTHETIC_HUMAN_SCENARIO,M1_EVIDENCE_RUBRIC_V02
DC_APP0005_M1_SKILL_04_000279,APP0005,C0005,M1_SKILL_04,,INSUFFICIENT_EVIDENCE,"{""difference_types"":[],""disputed_evidence_ids"":[],""limited_evidence_ids"":[],""meaningful_conflict_refs"":[],""missing_evidence_ids"":[""EV_APP0005_FIRST_INTERVIEW_PRACTITIONER_QA_M1_SKILL_04"",""EV_APP0005_SECOND_INTERVIEW_VALUES_BEHAVIOR_INTERVIEW_M1_SKILL_04""],""reason"":""직접 판단 근거 부족. 미관찰을 역량 부재로 해석하지 않는다."",""rubric_review"":""직접 관찰의 행동·검증을 검토하며 다른 맥락의 한계와 평가자 차이를 보존한다."",""supporting_observation_ids"":[]}",CALIBRATION_PANEL_01,2027-01-01T10:45:00+09:00,SYNTHETIC_HUMAN_SCENARIO,M1_EVIDENCE_RUBRIC_V02
DC_APP0005_M1_SKILL_05_000280,APP0005,C0005,M1_SKILL_05,MODERATE,AGREED,"{""difference_types"":[""EVIDENCE_EVOLUTION"",""CONTEXT_DIFFERENCE""],""disputed_evidence_ids"":[],""limited_evidence_ids"":[""EV_APP0005_FIRST_INTERVIEW_PRACTITIONER_QA_M1_SKILL_05""],""meaningful_conflict_refs"":[],""missing_evidence_ids"":[],""reason"":""동일 Skill의 독립된 직접 관찰로 수행 범위를 확인했다. 다른 맥락의 제한/모호성은 해당 근거의 한계로 보존한다."",""rubric_review"":""직접 관찰의 행동·검증을 검토하며 다른 맥락의 한계와 평가자 차이를 보존한다."",""supporting_observation_ids"":[""OB_SECOND_INTERVIEW_PANEL_01_ML_ENGINEER_EV_APP0005_SECOND_INTERVIEW_VALUES_BEHAVIOR_INTERVIEW_M1_SKILL_05"",""OB_SECOND_INTERVIEW_PANEL_01_HIRING_MANAGER_EV_APP0005_SECOND_INTERVIEW_VALUES_BEHAVIOR_INTERVIEW_M1_SKILL_05""]}",CALIBRATION_PANEL_01,2027-01-01T10:45:00+09:00,SYNTHETIC_HUMAN_SCENARIO,M1_EVIDENCE_RUBRIC_V02
DC_APP0005_M1_SKILL_06_000281,APP0005,C0005,M1_SKILL_06,MODERATE,AGREED,"{""difference_types"":[],""disputed_evidence_ids"":[],""limited_evidence_ids"":[],""meaningful_conflict_refs"":[],""missing_evidence_ids"":[],""reason"":""동일 Skill의 독립된 직접 관찰로 수행 범위를 확인했다. 다른 맥락의 제한/모호성은 해당 근거의 한계로 보존한다."",""rubric_review"":""직접 관찰의 행동·검증을 검토하며 다른 맥락의 한계와 평가자 차이를 보존한다."",""supporting_observation_ids"":[""OB_FIRST_PANEL_01_ML_ENGINEER_EV_APP0005_FIRST_INTERVIEW_PRACTITIONER_QA_M1_SKILL_06"",""OB_FIRST_PANEL_01_HIRING_MANAGER_EV_APP0005_FIRST_INTERVIEW_PRACTITIONER_QA_M1_SKILL_06"",""OB_FIRST_PANEL_01_TECHNICAL_REVIEWER_EV_APP0005_FIRST_INTERVIEW_PRACTITIONER_QA_M1_SKILL_06""]}",CALIBRATION_PANEL_01,2027-01-01T10:45:00+09:00,SYNTHETIC_HUMAN_SCENARIO,M1_EVIDENCE_RUBRIC_V02
DC_APP0005_M1_SKILL_07_000282,APP0005,C0005,M1_SKILL_07,LIMITED,AGREED,"{""difference_types"":[],""disputed_evidence_ids"":[],""limited_evidence_ids"":[""EV_APP0005_FIRST_INTERVIEW_TECHNICAL_ASSESSMENT_M1_SKILL_07""],""meaningful_conflict_refs"":[],""missing_evidence_ids"":[],""reason"":""관찰된 직접 근거의 범위가 제한적이다. 자기기술만으로 보완하지 않는다."",""rubric_review"":""직접 관찰의 행동·검증을 검토하며 다른 맥락의 한계와 평가자 차이를 보존한다."",""supporting_observation_ids"":[""OB_FIRST_PANEL_01_ML_ENGINEER_EV_APP0005_FIRST_INTERVIEW_TECHNICAL_ASSESSMENT_M1_SKILL_07"",""OB_FIRST_PANEL_01_HIRING_MANAGER_EV_APP0005_FIRST_INTERVIEW_TECHNICAL_ASSESSMENT_M1_SKILL_07"",""OB_FIRST_PANEL_01_TECHNICAL_REVIEWER_EV_APP0005_FIRST_INTERVIEW_TECHNICAL_ASSESSMENT_M1_SKILL_07""]}",CALIBRATION_PANEL_01,2027-01-01T10:45:00+09:00,SYNTHETIC_HUMAN_SCENARIO,M1_EVIDENCE_RUBRIC_V02
DC_APP0005_M1_SKILL_08_000283,APP0005,C0005,M1_SKILL_08,,DISAGREEMENT_REMAINS,"{""difference_types"":[""EVALUATOR_DISAGREEMENT""],""disputed_evidence_ids"":[""EV_APP0005_FIRST_INTERVIEW_PRACTITIONER_QA_M1_SKILL_08""],""limited_evidence_ids"":[],""meaningful_conflict_refs"":[],""missing_evidence_ids"":[],""reason"":""동일 근거에 대한 평가자 해석 차이를 해소할 직접 관찰이 부족하다."",""rubric_review"":""직접 관찰의 행동·검증을 검토하며 다른 맥락의 한계와 평가자 차이를 보존한다."",""supporting_observation_ids"":[]}",CALIBRATION_PANEL_01,2027-01-01T10:45:00+09:00,SYNTHETIC_HUMAN_SCENARIO,M1_EVIDENCE_RUBRIC_V02
DC_APP0181_M1_SKILL_01_000284,APP0181,C0181,M1_SKILL_01,MODERATE,AGREED,"{""difference_types"":[""EVIDENCE_EVOLUTION""],""disputed_evidence_ids"":[],""limited_evidence_ids"":[],""meaningful_conflict_refs"":[],""missing_evidence_ids"":[""EV_APP0181_FIRST_INTERVIEW_TECHNICAL_ASSESSMENT_M1_SKILL_01""],""reason"":""동일 Skill의 독립된 직접 관찰로 수행 범위를 확인했다. 다른 맥락의 제한/모호성은 해당 근거의 한계로 보존한다."",""rubric_review"":""직접 관찰의 행동·검증을 검토하며 다른 맥락의 한계와 평가자 차이를 보존한다."",""supporting_observation_ids"":[""OB_FIRST_PANEL_06_ML_ENGINEER_EV_APP0181_FIRST_INTERVIEW_AI_CASE_M1_SKILL_01"",""OB_FIRST_PANEL_06_HIRING_MANAGER_EV_APP0181_FIRST_INTERVIEW_AI_CASE_M1_SKILL_01"",""OB_FIRST_PANEL_06_TECHNICAL_REVIEWER_EV_APP0181_FIRST_INTERVIEW_AI_CASE_M1_SKILL_01""]}",CALIBRATION_PANEL_01,2027-01-01T11:15:00+09:00,SYNTHETIC_HUMAN_SCENARIO,M1_EVIDENCE_RUBRIC_V02
DC_APP0181_M1_SKILL_02_000285,APP0181,C0181,M1_SKILL_02,MODERATE,AGREED,"{""difference_types"":[],""disputed_evidence_ids"":[],""limited_evidence_ids"":[],""meaningful_conflict_refs"":[],""missing_evidence_ids"":[],""reason"":""동일 Skill의 독립된 직접 관찰로 수행 범위를 확인했다. 다른 맥락의 제한/모호성은 해당 근거의 한계로 보존한다."",""rubric_review"":""직접 관찰의 행동·검증을 검토하며 다른 맥락의 한계와 평가자 차이를 보존한다."",""supporting_observation_ids"":[""OB_FIRST_PANEL_06_ML_ENGINEER_EV_APP0181_FIRST_INTERVIEW_TECHNICAL_ASSESSMENT_M1_SKILL_02"",""OB_FIRST_PANEL_06_HIRING_MANAGER_EV_APP0181_FIRST_INTERVIEW_TECHNICAL_ASSESSMENT_M1_SKILL_02"",""OB_FIRST_PANEL_06_TECHNICAL_REVIEWER_EV_APP0181_FIRST_INTERVIEW_TECHNICAL_ASSESSMENT_M1_SKILL_02""]}",CALIBRATION_PANEL_01,2027-01-01T11:15:00+09:00,SYNTHETIC_HUMAN_SCENARIO,M1_EVIDENCE_RUBRIC_V02
DC_APP0181_M1_SKILL_03_000286,APP0181,C0181,M1_SKILL_03,MODERATE,AGREED,"{""difference_types"":[""EVIDENCE_EVOLUTION""],""disputed_evidence_ids"":[],""limited_evidence_ids"":[],""meaningful_conflict_refs"":[],""missing_evidence_ids"":[],""reason"":""동일 Skill의 독립된 직접 관찰로 수행 범위를 확인했다. 다른 맥락의 제한/모호성은 해당 근거의 한계로 보존한다."",""rubric_review"":""직접 관찰의 행동·검증을 검토하며 다른 맥락의 한계와 평가자 차이를 보존한다."",""supporting_observation_ids"":[""OB_REVIEW_ML_01_EV_APP0181_PRE_ASSESSMENT_CODING_TEST_M1_SKILL_03"",""OB_REVIEW_HM_01_EV_APP0181_PRE_ASSESSMENT_CODING_TEST_M1_SKILL_03"",""OB_FIRST_PANEL_06_ML_ENGINEER_EV_APP0181_FIRST_INTERVIEW_AI_CASE_M1_SKILL_03"",""OB_FIRST_PANEL_06_HIRING_MANAGER_EV_APP0181_FIRST_INTERVIEW_AI_CASE_M1_SKILL_03"",""OB_FIRST_PANEL_06_TECHNICAL_REVIEWER_EV_APP0181_FIRST_INTERVIEW_AI_CASE_M1_SKILL_03""]}",CALIBRATION_PANEL_01,2027-01-01T11:15:00+09:00,SYNTHETIC_HUMAN_SCENARIO,M1_EVIDENCE_RUBRIC_V02
DC_APP0181_M1_SKILL_04_000287,APP0181,C0181,M1_SKILL_04,STRONG,AGREED,"{""difference_types"":[],""disputed_evidence_ids"":[],""limited_evidence_ids"":[],""meaningful_conflict_refs"":[],""missing_evidence_ids"":[],""reason"":""동일 Skill의 독립된 직접 관찰로 수행 범위를 확인했다. 다른 맥락의 제한/모호성은 해당 근거의 한계로 보존한다."",""rubric_review"":""직접 관찰의 행동·검증을 검토하며 다른 맥락의 한계와 평가자 차이를 보존한다."",""supporting_observation_ids"":[""OB_FIRST_PANEL_06_ML_ENGINEER_EV_APP0181_FIRST_INTERVIEW_PRACTITIONER_QA_M1_SKILL_04"",""OB_FIRST_PANEL_06_HIRING_MANAGER_EV_APP0181_FIRST_INTERVIEW_PRACTITIONER_QA_M1_SKILL_04"",""OB_FIRST_PANEL_06_TECHNICAL_REVIEWER_EV_APP0181_FIRST_INTERVIEW_PRACTITIONER_QA_M1_SKILL_04"",""OB_SECOND_INTERVIEW_PANEL_01_ML_ENGINEER_EV_APP0181_SECOND_INTERVIEW_VALUES_BEHAVIOR_INTERVIEW_M1_SKILL_04"",""OB_SECOND_INTERVIEW_PANEL_01_HIRING_MANAGER_EV_APP0181_SECOND_INTERVIEW_VALUES_BEHAVIOR_INTERVIEW_M1_SKILL_04""]}",CALIBRATION_PANEL_01,2027-01-01T11:15:00+09:00,SYNTHETIC_HUMAN_SCENARIO,M1_EVIDENCE_RUBRIC_V02
DC_APP0181_M1_SKILL_05_000288,APP0181,C0181,M1_SKILL_05,STRONG,AGREED,"{""difference_types"":[],""disputed_evidence_ids"":[],""limited_evidence_ids"":[],""meaningful_conflict_refs"":[],""missing_evidence_ids"":[],""reason"":""동일 Skill의 독립된 직접 관찰로 수행 범위를 확인했다. 다른 맥락의 제한/모호성은 해당 근거의 한계로 보존한다."",""rubric_review"":""직접 관찰의 행동·검증을 검토하며 다른 맥락의 한계와 평가자 차이를 보존한다."",""supporting_observation_ids"":[""OB_FIRST_PANEL_06_ML_ENGINEER_EV_APP0181_FIRST_INTERVIEW_PRACTITIONER_QA_M1_SKILL_05"",""OB_FIRST_PANEL_06_HIRING_MANAGER_EV_APP0181_FIRST_INTERVIEW_PRACTITIONER_QA_M1_SKILL_05"",""OB_FIRST_PANEL_06_TECHNICAL_REVIEWER_EV_APP0181_FIRST_INTERVIEW_PRACTITIONER_QA_M1_SKILL_05"",""OB_SECOND_INTERVIEW_PANEL_01_ML_ENGINEER_EV_APP0181_SECOND_INTERVIEW_VALUES_BEHAVIOR_INTERVIEW_M1_SKILL_05"",""OB_SECOND_INTERVIEW_PANEL_01_HIRING_MANAGER_EV_APP0181_SECOND_INTERVIEW_VALUES_BEHAVIOR_INTERVIEW_M1_SKILL_05""]}",CALIBRATION_PANEL_01,2027-01-01T11:15:00+09:00,SYNTHETIC_HUMAN_SCENARIO,M1_EVIDENCE_RUBRIC_V02
DC_APP0181_M1_SKILL_06_000289,APP0181,C0181,M1_SKILL_06,MODERATE,AGREED,"{""difference_types"":[],""disputed_evidence_ids"":[],""limited_evidence_ids"":[],""meaningful_conflict_refs"":[],""missing_evidence_ids"":[],""reason"":""동일 Skill의 독립된 직접 관찰로 수행 범위를 확인했다. 다른 맥락의 제한/모호성은 해당 근거의 한계로 보존한다."",""rubric_review"":""직접 관찰의 행동·검증을 검토하며 다른 맥락의 한계와 평가자 차이를 보존한다."",""supporting_observation_ids"":[""OB_FIRST_PANEL_06_ML_ENGINEER_EV_APP0181_FIRST_INTERVIEW_PRACTITIONER_QA_M1_SKILL_06"",""OB_FIRST_PANEL_06_HIRING_MANAGER_EV_APP0181_FIRST_INTERVIEW_PRACTITIONER_QA_M1_SKILL_06"",""OB_FIRST_PANEL_06_TECHNICAL_REVIEWER_EV_APP0181_FIRST_INTERVIEW_PRACTITIONER_QA_M1_SKILL_06""]}",CALIBRATION_PANEL_01,2027-01-01T11:15:00+09:00,SYNTHETIC_HUMAN_SCENARIO,M1_EVIDENCE_RUBRIC_V02
DC_APP0181_M1_SKILL_07_000290,APP0181,C0181,M1_SKILL_07,,DISAGREEMENT_REMAINS,"{""difference_types"":[""EVALUATOR_DISAGREEMENT""],""disputed_evidence_ids"":[""EV_APP0181_FIRST_INTERVIEW_TECHNICAL_ASSESSMENT_M1_SKILL_07""],""limited_evidence_ids"":[],""meaningful_conflict_refs"":[],""missing_evidence_ids"":[],""reason"":""동일 근거에 대한 평가자 해석 차이를 해소할 직접 관찰이 부족하다."",""rubric_review"":""직접 관찰의 행동·검증을 검토하며 다른 맥락의 한계와 평가자 차이를 보존한다."",""supporting_observation_ids"":[]}",CALIBRATION_PANEL_01,2027-01-01T11:15:00+09:00,SYNTHETIC_HUMAN_SCENARIO,M1_EVIDENCE_RUBRIC_V02
DC_APP0181_M1_SKILL_08_000291,APP0181,C0181,M1_SKILL_08,MODERATE,AGREED,"{""difference_types"":[],""disputed_evidence_ids"":[],""limited_evidence_ids"":[],""meaningful_conflict_refs"":[],""missing_evidence_ids"":[],""reason"":""동일 Skill의 독립된 직접 관찰로 수행 범위를 확인했다. 다른 맥락의 제한/모호성은 해당 근거의 한계로 보존한다."",""rubric_review"":""직접 관찰의 행동·검증을 검토하며 다른 맥락의 한계와 평가자 차이를 보존한다."",""supporting_observation_ids"":[""OB_FIRST_PANEL_06_ML_ENGINEER_EV_APP0181_FIRST_INTERVIEW_PRACTITIONER_QA_M1_SKILL_08"",""OB_FIRST_PANEL_06_HIRING_MANAGER_EV_APP0181_FIRST_INTERVIEW_PRACTITIONER_QA_M1_SKILL_08"",""OB_FIRST_PANEL_06_TECHNICAL_REVIEWER_EV_APP0181_FIRST_INTERVIEW_PRACTITIONER_QA_M1_SKILL_08""]}",CALIBRATION_PANEL_01,2027-01-01T11:15:00+09:00,SYNTHETIC_HUMAN_SCENARIO,M1_EVIDENCE_RUBRIC_V02
DC_APP0342_M1_SKILL_01_000292,APP0342,C0342,M1_SKILL_01,STRONG,AGREED,"{""difference_types"":[""EVIDENCE_EVOLUTION""],""disputed_evidence_ids"":[],""limited_evidence_ids"":[],""meaningful_conflict_refs"":[],""missing_evidence_ids"":[],""reason"":""동일 Skill의 독립된 직접 관찰로 수행 범위를 확인했다. 다른 맥락의 제한/모호성은 해당 근거의 한계로 보존한다."",""rubric_review"":""직접 관찰의 행동·검증을 검토하며 다른 맥락의 한계와 평가자 차이를 보존한다."",""supporting_observation_ids"":[""OB_FIRST_PANEL_10_ML_ENGINEER_EV_APP0342_FIRST_INTERVIEW_TECHNICAL_ASSESSMENT_M1_SKILL_01"",""OB_FIRST_PANEL_10_HIRING_MANAGER_EV_APP0342_FIRST_INTERVIEW_TECHNICAL_ASSESSMENT_M1_SKILL_01"",""OB_FIRST_PANEL_10_TECHNICAL_REVIEWER_EV_APP0342_FIRST_INTERVIEW_TECHNICAL_ASSESSMENT_M1_SKILL_01"",""OB_FIRST_PANEL_10_ML_ENGINEER_EV_APP0342_FIRST_INTERVIEW_AI_CASE_M1_SKILL_01"",""OB_FIRST_PANEL_10_HIRING_MANAGER_EV_APP0342_FIRST_INTERVIEW_AI_CASE_M1_SKILL_01"",""OB_FIRST_PANEL_10_TECHNICAL_REVIEWER_EV_APP0342_FIRST_INTERVIEW_AI_CASE_M1_SKILL_01""]}",CALIBRATION_PANEL_01,2027-01-05T10:30:00+09:00,SYNTHETIC_HUMAN_SCENARIO,M1_EVIDENCE_RUBRIC_V02
DC_APP0342_M1_SKILL_02_000293,APP0342,C0342,M1_SKILL_02,STRONG,AGREED,"{""difference_types"":[],""disputed_evidence_ids"":[],""limited_evidence_ids"":[],""meaningful_conflict_refs"":[],""missing_evidence_ids"":[],""reason"":""동일 Skill의 독립된 직접 관찰로 수행 범위를 확인했다. 다른 맥락의 제한/모호성은 해당 근거의 한계로 보존한다."",""rubric_review"":""직접 관찰의 행동·검증을 검토하며 다른 맥락의 한계와 평가자 차이를 보존한다."",""supporting_observation_ids"":[""OB_FIRST_PANEL_10_ML_ENGINEER_EV_APP0342_FIRST_INTERVIEW_TECHNICAL_ASSESSMENT_M1_SKILL_02"",""OB_FIRST_PANEL_10_HIRING_MANAGER_EV_APP0342_FIRST_INTERVIEW_TECHNICAL_ASSESSMENT_M1_SKILL_02"",""OB_FIRST_PANEL_10_TECHNICAL_REVIEWER_EV_APP0342_FIRST_INTERVIEW_TECHNICAL_ASSESSMENT_M1_SKILL_02""]}",CALIBRATION_PANEL_01,2027-01-05T10:30:00+09:00,SYNTHETIC_HUMAN_SCENARIO,M1_EVIDENCE_RUBRIC_V02
DC_APP0342_M1_SKILL_03_000294,APP0342,C0342,M1_SKILL_03,STRONG,AGREED,"{""difference_types"":[""EVIDENCE_EVOLUTION""],""disputed_evidence_ids"":[],""limited_evidence_ids"":[],""meaningful_conflict_refs"":[],""missing_evidence_ids"":[],""reason"":""동일 Skill의 독립된 직접 관찰로 수행 범위를 확인했다. 다른 맥락의 제한/모호성은 해당 근거의 한계로 보존한다."",""rubric_review"":""직접 관찰의 행동·검증을 검토하며 다른 맥락의 한계와 평가자 차이를 보존한다."",""supporting_observation_ids"":[""OB_REVIEW_ML_01_EV_APP0342_PRE_ASSESSMENT_CODING_TEST_M1_SKILL_03"",""OB_REVIEW_HM_01_EV_APP0342_PRE_ASSESSMENT_CODING_TEST_M1_SKILL_03"",""OB_FIRST_PANEL_10_ML_ENGINEER_EV_APP0342_FIRST_INTERVIEW_AI_CASE_M1_SKILL_03"",""OB_FIRST_PANEL_10_HIRING_MANAGER_EV_APP0342_FIRST_INTERVIEW_AI_CASE_M1_SKILL_03"",""OB_FIRST_PANEL_10_TECHNICAL_REVIEWER_EV_APP0342_FIRST_INTERVIEW_AI_CASE_M1_SKILL_03""]}",CALIBRATION_PANEL_01,2027-01-05T10:30:00+09:00,SYNTHETIC_HUMAN_SCENARIO,M1_EVIDENCE_RUBRIC_V02
DC_APP0342_M1_SKILL_04_000295,APP0342,C0342,M1_SKILL_04,MODERATE,AGREED,"{""difference_types"":[""EVIDENCE_EVOLUTION""],""disputed_evidence_ids"":[],""limited_evidence_ids"":[],""meaningful_conflict_refs"":[],""missing_evidence_ids"":[""EV_APP0342_SECOND_INTERVIEW_VALUES_BEHAVIOR_INTERVIEW_M1_SKILL_04""],""reason"":""동일 Skill의 독립된 직접 관찰로 수행 범위를 확인했다. 다른 맥락의 제한/모호성은 해당 근거의 한계로 보존한다."",""rubric_review"":""직접 관찰의 행동·검증을 검토하며 다른 맥락의 한계와 평가자 차이를 보존한다."",""supporting_observation_ids"":[""OB_FIRST_PANEL_10_ML_ENGINEER_EV_APP0342_FIRST_INTERVIEW_PRACTITIONER_QA_M1_SKILL_04"",""OB_FIRST_PANEL_10_HIRING_MANAGER_EV_APP0342_FIRST_INTERVIEW_PRACTITIONER_QA_M1_SKILL_04"",""OB_FIRST_PANEL_10_TECHNICAL_REVIEWER_EV_APP0342_FIRST_INTERVIEW_PRACTITIONER_QA_M1_SKILL_04""]}",CALIBRATION_PANEL_01,2027-01-05T10:30:00+09:00,SYNTHETIC_HUMAN_SCENARIO,M1_EVIDENCE_RUBRIC_V02
DC_APP0342_M1_SKILL_05_000296,APP0342,C0342,M1_SKILL_05,STRONG,AGREED,"{""difference_types"":[],""disputed_evidence_ids"":[],""limited_evidence_ids"":[],""meaningful_conflict_refs"":[],""missing_evidence_ids"":[],""reason"":""동일 Skill의 독립된 직접 관찰로 수행 범위를 확인했다. 다른 맥락의 제한/모호성은 해당 근거의 한계로 보존한다."",""rubric_review"":""직접 관찰의 행동·검증을 검토하며 다른 맥락의 한계와 평가자 차이를 보존한다."",""supporting_observation_ids"":[""OB_FIRST_PANEL_10_ML_ENGINEER_EV_APP0342_FIRST_INTERVIEW_PRACTITIONER_QA_M1_SKILL_05"",""OB_FIRST_PANEL_10_HIRING_MANAGER_EV_APP0342_FIRST_INTERVIEW_PRACTITIONER_QA_M1_SKILL_05"",""OB_FIRST_PANEL_10_TECHNICAL_REVIEWER_EV_APP0342_FIRST_INTERVIEW_PRACTITIONER_QA_M1_SKILL_05"",""OB_SECOND_INTERVIEW_PANEL_01_ML_ENGINEER_EV_APP0342_SECOND_INTERVIEW_VALUES_BEHAVIOR_INTERVIEW_M1_SKILL_05"",""OB_SECOND_INTERVIEW_PANEL_01_HIRING_MANAGER_EV_APP0342_SECOND_INTERVIEW_VALUES_BEHAVIOR_INTERVIEW_M1_SKILL_05""]}",CALIBRATION_PANEL_01,2027-01-05T10:30:00+09:00,SYNTHETIC_HUMAN_SCENARIO,M1_EVIDENCE_RUBRIC_V02
DC_APP0342_M1_SKILL_06_000297,APP0342,C0342,M1_SKILL_06,,INSUFFICIENT_EVIDENCE,"{""difference_types"":[],""disputed_evidence_ids"":[],""limited_evidence_ids"":[],""meaningful_conflict_refs"":[],""missing_evidence_ids"":[""EV_APP0342_FIRST_INTERVIEW_PRACTITIONER_QA_M1_SKILL_06""],""reason"":""직접 판단 근거 부족. 미관찰을 역량 부재로 해석하지 않는다."",""rubric_review"":""직접 관찰의 행동·검증을 검토하며 다른 맥락의 한계와 평가자 차이를 보존한다."",""supporting_observation_ids"":[]}",CALIBRATION_PANEL_01,2027-01-05T10:30:00+09:00,SYNTHETIC_HUMAN_SCENARIO,M1_EVIDENCE_RUBRIC_V02
DC_APP0342_M1_SKILL_07_000298,APP0342,C0342,M1_SKILL_07,MODERATE,AGREED,"{""difference_types"":[],""disputed_evidence_ids"":[],""limited_evidence_ids"":[],""meaningful_conflict_refs"":[],""missing_evidence_ids"":[],""reason"":""동일 Skill의 독립된 직접 관찰로 수행 범위를 확인했다. 다른 맥락의 제한/모호성은 해당 근거의 한계로 보존한다."",""rubric_review"":""직접 관찰의 행동·검증을 검토하며 다른 맥락의 한계와 평가자 차이를 보존한다."",""supporting_observation_ids"":[""OB_FIRST_PANEL_10_ML_ENGINEER_EV_APP0342_FIRST_INTERVIEW_TECHNICAL_ASSESSMENT_M1_SKILL_07"",""OB_FIRST_PANEL_10_HIRING_MANAGER_EV_APP0342_FIRST_INTERVIEW_TECHNICAL_ASSESSMENT_M1_SKILL_07"",""OB_FIRST_PANEL_10_TECHNICAL_REVIEWER_EV_APP0342_FIRST_INTERVIEW_TECHNICAL_ASSESSMENT_M1_SKILL_07""]}",CALIBRATION_PANEL_01,2027-01-05T10:30:00+09:00,SYNTHETIC_HUMAN_SCENARIO,M1_EVIDENCE_RUBRIC_V02
DC_APP0342_M1_SKILL_08_000299,APP0342,C0342,M1_SKILL_08,MODERATE,AGREED,"{""difference_types"":[],""disputed_evidence_ids"":[],""limited_evidence_ids"":[],""meaningful_conflict_refs"":[],""missing_evidence_ids"":[],""reason"":""동일 Skill의 독립된 직접 관찰로 수행 범위를 확인했다. 다른 맥락의 제한/모호성은 해당 근거의 한계로 보존한다."",""rubric_review"":""직접 관찰의 행동·검증을 검토하며 다른 맥락의 한계와 평가자 차이를 보존한다."",""supporting_observation_ids"":[""OB_FIRST_PANEL_10_ML_ENGINEER_EV_APP0342_FIRST_INTERVIEW_PRACTITIONER_QA_M1_SKILL_08"",""OB_FIRST_PANEL_10_HIRING_MANAGER_EV_APP0342_FIRST_INTERVIEW_PRACTITIONER_QA_M1_SKILL_08"",""OB_FIRST_PANEL_10_TECHNICAL_REVIEWER_EV_APP0342_FIRST_INTERVIEW_PRACTITIONER_QA_M1_SKILL_08""]}",CALIBRATION_PANEL_01,2027-01-05T10:30:00+09:00,SYNTHETIC_HUMAN_SCENARIO,M1_EVIDENCE_RUBRIC_V02
DC_APP0228_M1_SKILL_01_000300,APP0228,C0228,M1_SKILL_01,MODERATE,AGREED,"{""difference_types"":[],""disputed_evidence_ids"":[],""limited_evidence_ids"":[],""meaningful_conflict_refs"":[],""missing_evidence_ids"":[],""reason"":""동일 Skill의 독립된 직접 관찰로 수행 범위를 확인했다. 다른 맥락의 제한/모호성은 해당 근거의 한계로 보존한다."",""rubric_review"":""직접 관찰의 행동·검증을 검토하며 다른 맥락의 한계와 평가자 차이를 보존한다."",""supporting_observation_ids"":[""OB_FIRST_PANEL_10_ML_ENGINEER_EV_APP0228_FIRST_INTERVIEW_TECHNICAL_ASSESSMENT_M1_SKILL_01"",""OB_FIRST_PANEL_10_HIRING_MANAGER_EV_APP0228_FIRST_INTERVIEW_TECHNICAL_ASSESSMENT_M1_SKILL_01"",""OB_FIRST_PANEL_10_TECHNICAL_REVIEWER_EV_APP0228_FIRST_INTERVIEW_TECHNICAL_ASSESSMENT_M1_SKILL_01"",""OB_FIRST_PANEL_10_ML_ENGINEER_EV_APP0228_FIRST_INTERVIEW_AI_CASE_M1_SKILL_01"",""OB_FIRST_PANEL_10_HIRING_MANAGER_EV_APP0228_FIRST_INTERVIEW_AI_CASE_M1_SKILL_01"",""OB_FIRST_PANEL_10_TECHNICAL_REVIEWER_EV_APP0228_FIRST_INTERVIEW_AI_CASE_M1_SKILL_01""]}",CALIBRATION_PANEL_01,2027-01-03T10:45:00+09:00,SYNTHETIC_HUMAN_SCENARIO,M1_EVIDENCE_RUBRIC_V02
DC_APP0228_M1_SKILL_02_000301,APP0228,C0228,M1_SKILL_02,STRONG,AGREED,"{""difference_types"":[],""disputed_evidence_ids"":[],""limited_evidence_ids"":[],""meaningful_conflict_refs"":[],""missing_evidence_ids"":[],""reason"":""동일 Skill의 독립된 직접 관찰로 수행 범위를 확인했다. 다른 맥락의 제한/모호성은 해당 근거의 한계로 보존한다."",""rubric_review"":""직접 관찰의 행동·검증을 검토하며 다른 맥락의 한계와 평가자 차이를 보존한다."",""supporting_observation_ids"":[""OB_FIRST_PANEL_10_ML_ENGINEER_EV_APP0228_FIRST_INTERVIEW_TECHNICAL_ASSESSMENT_M1_SKILL_02"",""OB_FIRST_PANEL_10_HIRING_MANAGER_EV_APP0228_FIRST_INTERVIEW_TECHNICAL_ASSESSMENT_M1_SKILL_02"",""OB_FIRST_PANEL_10_TECHNICAL_REVIEWER_EV_APP0228_FIRST_INTERVIEW_TECHNICAL_ASSESSMENT_M1_SKILL_02""]}",CALIBRATION_PANEL_01,2027-01-03T10:45:00+09:00,SYNTHETIC_HUMAN_SCENARIO,M1_EVIDENCE_RUBRIC_V02
DC_APP0228_M1_SKILL_03_000302,APP0228,C0228,M1_SKILL_03,MODERATE,AGREED,"{""difference_types"":[""EVIDENCE_EVOLUTION""],""disputed_evidence_ids"":[],""limited_evidence_ids"":[],""meaningful_conflict_refs"":[],""missing_evidence_ids"":[],""reason"":""동일 Skill의 독립된 직접 관찰로 수행 범위를 확인했다. 다른 맥락의 제한/모호성은 해당 근거의 한계로 보존한다."",""rubric_review"":""직접 관찰의 행동·검증을 검토하며 다른 맥락의 한계와 평가자 차이를 보존한다."",""supporting_observation_ids"":[""OB_REVIEW_ML_01_EV_APP0228_PRE_ASSESSMENT_CODING_TEST_M1_SKILL_03"",""OB_REVIEW_HM_01_EV_APP0228_PRE_ASSESSMENT_CODING_TEST_M1_SKILL_03"",""OB_FIRST_PANEL_10_ML_ENGINEER_EV_APP0228_FIRST_INTERVIEW_AI_CASE_M1_SKILL_03"",""OB_FIRST_PANEL_10_HIRING_MANAGER_EV_APP0228_FIRST_INTERVIEW_AI_CASE_M1_SKILL_03"",""OB_FIRST_PANEL_10_TECHNICAL_REVIEWER_EV_APP0228_FIRST_INTERVIEW_AI_CASE_M1_SKILL_03""]}",CALIBRATION_PANEL_01,2027-01-03T10:45:00+09:00,SYNTHETIC_HUMAN_SCENARIO,M1_EVIDENCE_RUBRIC_V02
DC_APP0228_M1_SKILL_04_000303,APP0228,C0228,M1_SKILL_04,,DISAGREEMENT_REMAINS,"{""difference_types"":[""EVALUATOR_DISAGREEMENT""],""disputed_evidence_ids"":[""EV_APP0228_FIRST_INTERVIEW_PRACTITIONER_QA_M1_SKILL_04""],""limited_evidence_ids"":[],""meaningful_conflict_refs"":[],""missing_evidence_ids"":[""EV_APP0228_SECOND_INTERVIEW_VALUES_BEHAVIOR_INTERVIEW_M1_SKILL_04""],""reason"":""동일 근거에 대한 평가자 해석 차이를 해소할 직접 관찰이 부족하다."",""rubric_review"":""직접 관찰의 행동·검증을 검토하며 다른 맥락의 한계와 평가자 차이를 보존한다."",""supporting_observation_ids"":[]}",CALIBRATION_PANEL_01,2027-01-03T10:45:00+09:00,SYNTHETIC_HUMAN_SCENARIO,M1_EVIDENCE_RUBRIC_V02
DC_APP0228_M1_SKILL_05_000304,APP0228,C0228,M1_SKILL_05,STRONG,AGREED,"{""difference_types"":[],""disputed_evidence_ids"":[],""limited_evidence_ids"":[],""meaningful_conflict_refs"":[],""missing_evidence_ids"":[],""reason"":""동일 Skill의 독립된 직접 관찰로 수행 범위를 확인했다. 다른 맥락의 제한/모호성은 해당 근거의 한계로 보존한다."",""rubric_review"":""직접 관찰의 행동·검증을 검토하며 다른 맥락의 한계와 평가자 차이를 보존한다."",""supporting_observation_ids"":[""OB_FIRST_PANEL_10_ML_ENGINEER_EV_APP0228_FIRST_INTERVIEW_PRACTITIONER_QA_M1_SKILL_05"",""OB_FIRST_PANEL_10_HIRING_MANAGER_EV_APP0228_FIRST_INTERVIEW_PRACTITIONER_QA_M1_SKILL_05"",""OB_FIRST_PANEL_10_TECHNICAL_REVIEWER_EV_APP0228_FIRST_INTERVIEW_PRACTITIONER_QA_M1_SKILL_05"",""OB_SECOND_INTERVIEW_PANEL_01_ML_ENGINEER_EV_APP0228_SECOND_INTERVIEW_VALUES_BEHAVIOR_INTERVIEW_M1_SKILL_05"",""OB_SECOND_INTERVIEW_PANEL_01_HIRING_MANAGER_EV_APP0228_SECOND_INTERVIEW_VALUES_BEHAVIOR_INTERVIEW_M1_SKILL_05""]}",CALIBRATION_PANEL_01,2027-01-03T10:45:00+09:00,SYNTHETIC_HUMAN_SCENARIO,M1_EVIDENCE_RUBRIC_V02
DC_APP0228_M1_SKILL_06_000305,APP0228,C0228,M1_SKILL_06,STRONG,AGREED,"{""difference_types"":[],""disputed_evidence_ids"":[],""limited_evidence_ids"":[],""meaningful_conflict_refs"":[],""missing_evidence_ids"":[],""reason"":""동일 Skill의 독립된 직접 관찰로 수행 범위를 확인했다. 다른 맥락의 제한/모호성은 해당 근거의 한계로 보존한다."",""rubric_review"":""직접 관찰의 행동·검증을 검토하며 다른 맥락의 한계와 평가자 차이를 보존한다."",""supporting_observation_ids"":[""OB_FIRST_PANEL_10_ML_ENGINEER_EV_APP0228_FIRST_INTERVIEW_PRACTITIONER_QA_M1_SKILL_06"",""OB_FIRST_PANEL_10_HIRING_MANAGER_EV_APP0228_FIRST_INTERVIEW_PRACTITIONER_QA_M1_SKILL_06"",""OB_FIRST_PANEL_10_TECHNICAL_REVIEWER_EV_APP0228_FIRST_INTERVIEW_PRACTITIONER_QA_M1_SKILL_06""]}",CALIBRATION_PANEL_01,2027-01-03T10:45:00+09:00,SYNTHETIC_HUMAN_SCENARIO,M1_EVIDENCE_RUBRIC_V02
DC_APP0228_M1_SKILL_07_000306,APP0228,C0228,M1_SKILL_07,,DISAGREEMENT_REMAINS,"{""difference_types"":[""EVALUATOR_DISAGREEMENT""],""disputed_evidence_ids"":[""EV_APP0228_FIRST_INTERVIEW_TECHNICAL_ASSESSMENT_M1_SKILL_07""],""limited_evidence_ids"":[],""meaningful_conflict_refs"":[],""missing_evidence_ids"":[],""reason"":""동일 근거에 대한 평가자 해석 차이를 해소할 직접 관찰이 부족하다."",""rubric_review"":""직접 관찰의 행동·검증을 검토하며 다른 맥락의 한계와 평가자 차이를 보존한다."",""supporting_observation_ids"":[]}",CALIBRATION_PANEL_01,2027-01-03T10:45:00+09:00,SYNTHETIC_HUMAN_SCENARIO,M1_EVIDENCE_RUBRIC_V02
DC_APP0228_M1_SKILL_08_000307,APP0228,C0228,M1_SKILL_08,,INSUFFICIENT_EVIDENCE,"{""difference_types"":[],""disputed_evidence_ids"":[],""limited_evidence_ids"":[],""meaningful_conflict_refs"":[],""missing_evidence_ids"":[""EV_APP0228_FIRST_INTERVIEW_PRACTITIONER_QA_M1_SKILL_08""],""reason"":""직접 판단 근거 부족. 미관찰을 역량 부재로 해석하지 않는다."",""rubric_review"":""직접 관찰의 행동·검증을 검토하며 다른 맥락의 한계와 평가자 차이를 보존한다."",""supporting_observation_ids"":[]}",CALIBRATION_PANEL_01,2027-01-03T10:45:00+09:00,SYNTHETIC_HUMAN_SCENARIO,M1_EVIDENCE_RUBRIC_V02
DC_APP0285_M1_SKILL_01_000308,APP0285,C0285,M1_SKILL_01,MODERATE,AGREED,"{""difference_types"":[""EVIDENCE_EVOLUTION""],""disputed_evidence_ids"":[],""limited_evidence_ids"":[],""meaningful_conflict_refs"":[],""missing_evidence_ids"":[],""reason"":""동일 Skill의 독립된 직접 관찰로 수행 범위를 확인했다. 다른 맥락의 제한/모호성은 해당 근거의 한계로 보존한다."",""rubric_review"":""직접 관찰의 행동·검증을 검토하며 다른 맥락의 한계와 평가자 차이를 보존한다."",""supporting_observation_ids"":[""OB_FIRST_PANEL_06_ML_ENGINEER_EV_APP0285_FIRST_INTERVIEW_TECHNICAL_ASSESSMENT_M1_SKILL_01"",""OB_FIRST_PANEL_06_HIRING_MANAGER_EV_APP0285_FIRST_INTERVIEW_TECHNICAL_ASSESSMENT_M1_SKILL_01"",""OB_FIRST_PANEL_06_TECHNICAL_REVIEWER_EV_APP0285_FIRST_INTERVIEW_TECHNICAL_ASSESSMENT_M1_SKILL_01"",""OB_FIRST_PANEL_06_ML_ENGINEER_EV_APP0285_FIRST_INTERVIEW_AI_CASE_M1_SKILL_01"",""OB_FIRST_PANEL_06_HIRING_MANAGER_EV_APP0285_FIRST_INTERVIEW_AI_CASE_M1_SKILL_01"",""OB_FIRST_PANEL_06_TECHNICAL_REVIEWER_EV_APP0285_FIRST_INTERVIEW_AI_CASE_M1_SKILL_01""]}",CALIBRATION_PANEL_01,2026-12-31T10:45:00+09:00,SYNTHETIC_HUMAN_SCENARIO,M1_EVIDENCE_RUBRIC_V02
DC_APP0285_M1_SKILL_02_000309,APP0285,C0285,M1_SKILL_02,STRONG,AGREED,"{""difference_types"":[],""disputed_evidence_ids"":[],""limited_evidence_ids"":[],""meaningful_conflict_refs"":[],""missing_evidence_ids"":[],""reason"":""동일 Skill의 독립된 직접 관찰로 수행 범위를 확인했다. 다른 맥락의 제한/모호성은 해당 근거의 한계로 보존한다."",""rubric_review"":""직접 관찰의 행동·검증을 검토하며 다른 맥락의 한계와 평가자 차이를 보존한다."",""supporting_observation_ids"":[""OB_FIRST_PANEL_06_ML_ENGINEER_EV_APP0285_FIRST_INTERVIEW_TECHNICAL_ASSESSMENT_M1_SKILL_02"",""OB_FIRST_PANEL_06_HIRING_MANAGER_EV_APP0285_FIRST_INTERVIEW_TECHNICAL_ASSESSMENT_M1_SKILL_02"",""OB_FIRST_PANEL_06_TECHNICAL_REVIEWER_EV_APP0285_FIRST_INTERVIEW_TECHNICAL_ASSESSMENT_M1_SKILL_02""]}",CALIBRATION_PANEL_01,2026-12-31T10:45:00+09:00,SYNTHETIC_HUMAN_SCENARIO,M1_EVIDENCE_RUBRIC_V02
DC_APP0285_M1_SKILL_03_000310,APP0285,C0285,M1_SKILL_03,STRONG,AGREED,"{""difference_types"":[""EVIDENCE_EVOLUTION""],""disputed_evidence_ids"":[],""limited_evidence_ids"":[],""meaningful_conflict_refs"":[],""missing_evidence_ids"":[],""reason"":""동일 Skill의 독립된 직접 관찰로 수행 범위를 확인했다. 다른 맥락의 제한/모호성은 해당 근거의 한계로 보존한다."",""rubric_review"":""직접 관찰의 행동·검증을 검토하며 다른 맥락의 한계와 평가자 차이를 보존한다."",""supporting_observation_ids"":[""OB_REVIEW_ML_01_EV_APP0285_PRE_ASSESSMENT_CODING_TEST_M1_SKILL_03"",""OB_REVIEW_HM_01_EV_APP0285_PRE_ASSESSMENT_CODING_TEST_M1_SKILL_03"",""OB_FIRST_PANEL_06_ML_ENGINEER_EV_APP0285_FIRST_INTERVIEW_AI_CASE_M1_SKILL_03"",""OB_FIRST_PANEL_06_HIRING_MANAGER_EV_APP0285_FIRST_INTERVIEW_AI_CASE_M1_SKILL_03"",""OB_FIRST_PANEL_06_TECHNICAL_REVIEWER_EV_APP0285_FIRST_INTERVIEW_AI_CASE_M1_SKILL_03""]}",CALIBRATION_PANEL_01,2026-12-31T10:45:00+09:00,SYNTHETIC_HUMAN_SCENARIO,M1_EVIDENCE_RUBRIC_V02
DC_APP0285_M1_SKILL_04_000311,APP0285,C0285,M1_SKILL_04,,DISAGREEMENT_REMAINS,"{""difference_types"":[""EVALUATOR_DISAGREEMENT""],""disputed_evidence_ids"":[""EV_APP0285_SECOND_INTERVIEW_VALUES_BEHAVIOR_INTERVIEW_M1_SKILL_04""],""limited_evidence_ids"":[""EV_APP0285_FIRST_INTERVIEW_PRACTITIONER_QA_M1_SKILL_04""],""meaningful_conflict_refs"":[],""missing_evidence_ids"":[],""reason"":""동일 근거에 대한 평가자 해석 차이를 해소할 직접 관찰이 부족하다."",""rubric_review"":""직접 관찰의 행동·검증을 검토하며 다른 맥락의 한계와 평가자 차이를 보존한다."",""supporting_observation_ids"":[]}",CALIBRATION_PANEL_01,2026-12-31T10:45:00+09:00,SYNTHETIC_HUMAN_SCENARIO,M1_EVIDENCE_RUBRIC_V02
DC_APP0285_M1_SKILL_05_000312,APP0285,C0285,M1_SKILL_05,STRONG,AGREED,"{""difference_types"":[""EVIDENCE_EVOLUTION""],""disputed_evidence_ids"":[],""limited_evidence_ids"":[],""meaningful_conflict_refs"":[],""missing_evidence_ids"":[""EV_APP0285_FIRST_INTERVIEW_PRACTITIONER_QA_M1_SKILL_05""],""reason"":""동일 Skill의 독립된 직접 관찰로 수행 범위를 확인했다. 다른 맥락의 제한/모호성은 해당 근거의 한계로 보존한다."",""rubric_review"":""직접 관찰의 행동·검증을 검토하며 다른 맥락의 한계와 평가자 차이를 보존한다."",""supporting_observation_ids"":[""OB_SECOND_INTERVIEW_PANEL_01_ML_ENGINEER_EV_APP0285_SECOND_INTERVIEW_VALUES_BEHAVIOR_INTERVIEW_M1_SKILL_05"",""OB_SECOND_INTERVIEW_PANEL_01_HIRING_MANAGER_EV_APP0285_SECOND_INTERVIEW_VALUES_BEHAVIOR_INTERVIEW_M1_SKILL_05""]}",CALIBRATION_PANEL_01,2026-12-31T10:45:00+09:00,SYNTHETIC_HUMAN_SCENARIO,M1_EVIDENCE_RUBRIC_V02
DC_APP0285_M1_SKILL_06_000313,APP0285,C0285,M1_SKILL_06,STRONG,AGREED,"{""difference_types"":[],""disputed_evidence_ids"":[],""limited_evidence_ids"":[],""meaningful_conflict_refs"":[],""missing_evidence_ids"":[],""reason"":""동일 Skill의 독립된 직접 관찰로 수행 범위를 확인했다. 다른 맥락의 제한/모호성은 해당 근거의 한계로 보존한다."",""rubric_review"":""직접 관찰의 행동·검증을 검토하며 다른 맥락의 한계와 평가자 차이를 보존한다."",""supporting_observation_ids"":[""OB_FIRST_PANEL_06_ML_ENGINEER_EV_APP0285_FIRST_INTERVIEW_PRACTITIONER_QA_M1_SKILL_06"",""OB_FIRST_PANEL_06_HIRING_MANAGER_EV_APP0285_FIRST_INTERVIEW_PRACTITIONER_QA_M1_SKILL_06"",""OB_FIRST_PANEL_06_TECHNICAL_REVIEWER_EV_APP0285_FIRST_INTERVIEW_PRACTITIONER_QA_M1_SKILL_06""]}",CALIBRATION_PANEL_01,2026-12-31T10:45:00+09:00,SYNTHETIC_HUMAN_SCENARIO,M1_EVIDENCE_RUBRIC_V02
DC_APP0285_M1_SKILL_07_000314,APP0285,C0285,M1_SKILL_07,LIMITED,AGREED,"{""difference_types"":[],""disputed_evidence_ids"":[],""limited_evidence_ids"":[""EV_APP0285_FIRST_INTERVIEW_TECHNICAL_ASSESSMENT_M1_SKILL_07""],""meaningful_conflict_refs"":[],""missing_evidence_ids"":[],""reason"":""관찰된 직접 근거의 범위가 제한적이다. 자기기술만으로 보완하지 않는다."",""rubric_review"":""직접 관찰의 행동·검증을 검토하며 다른 맥락의 한계와 평가자 차이를 보존한다."",""supporting_observation_ids"":[""OB_FIRST_PANEL_06_ML_ENGINEER_EV_APP0285_FIRST_INTERVIEW_TECHNICAL_ASSESSMENT_M1_SKILL_07"",""OB_FIRST_PANEL_06_HIRING_MANAGER_EV_APP0285_FIRST_INTERVIEW_TECHNICAL_ASSESSMENT_M1_SKILL_07"",""OB_FIRST_PANEL_06_TECHNICAL_REVIEWER_EV_APP0285_FIRST_INTERVIEW_TECHNICAL_ASSESSMENT_M1_SKILL_07""]}",CALIBRATION_PANEL_01,2026-12-31T10:45:00+09:00,SYNTHETIC_HUMAN_SCENARIO,M1_EVIDENCE_RUBRIC_V02
DC_APP0285_M1_SKILL_08_000315,APP0285,C0285,M1_SKILL_08,MODERATE,AGREED,"{""difference_types"":[],""disputed_evidence_ids"":[],""limited_evidence_ids"":[],""meaningful_conflict_refs"":[],""missing_evidence_ids"":[],""reason"":""동일 Skill의 독립된 직접 관찰로 수행 범위를 확인했다. 다른 맥락의 제한/모호성은 해당 근거의 한계로 보존한다."",""rubric_review"":""직접 관찰의 행동·검증을 검토하며 다른 맥락의 한계와 평가자 차이를 보존한다."",""supporting_observation_ids"":[""OB_FIRST_PANEL_06_ML_ENGINEER_EV_APP0285_FIRST_INTERVIEW_PRACTITIONER_QA_M1_SKILL_08"",""OB_FIRST_PANEL_06_HIRING_MANAGER_EV_APP0285_FIRST_INTERVIEW_PRACTITIONER_QA_M1_SKILL_08"",""OB_FIRST_PANEL_06_TECHNICAL_REVIEWER_EV_APP0285_FIRST_INTERVIEW_PRACTITIONER_QA_M1_SKILL_08""]}",CALIBRATION_PANEL_01,2026-12-31T10:45:00+09:00,SYNTHETIC_HUMAN_SCENARIO,M1_EVIDENCE_RUBRIC_V02
DC_APP0297_M1_SKILL_01_000316,APP0297,C0297,M1_SKILL_01,MODERATE,AGREED,"{""difference_types"":[""EVIDENCE_EVOLUTION""],""disputed_evidence_ids"":[],""limited_evidence_ids"":[],""meaningful_conflict_refs"":[],""missing_evidence_ids"":[],""reason"":""동일 Skill의 독립된 직접 관찰로 수행 범위를 확인했다. 다른 맥락의 제한/모호성은 해당 근거의 한계로 보존한다."",""rubric_review"":""직접 관찰의 행동·검증을 검토하며 다른 맥락의 한계와 평가자 차이를 보존한다."",""supporting_observation_ids"":[""OB_FIRST_PANEL_07_ML_ENGINEER_EV_APP0297_FIRST_INTERVIEW_TECHNICAL_ASSESSMENT_M1_SKILL_01"",""OB_FIRST_PANEL_07_HIRING_MANAGER_EV_APP0297_FIRST_INTERVIEW_TECHNICAL_ASSESSMENT_M1_SKILL_01"",""OB_FIRST_PANEL_07_TECHNICAL_REVIEWER_EV_APP0297_FIRST_INTERVIEW_TECHNICAL_ASSESSMENT_M1_SKILL_01"",""OB_FIRST_PANEL_07_ML_ENGINEER_EV_APP0297_FIRST_INTERVIEW_AI_CASE_M1_SKILL_01"",""OB_FIRST_PANEL_07_HIRING_MANAGER_EV_APP0297_FIRST_INTERVIEW_AI_CASE_M1_SKILL_01"",""OB_FIRST_PANEL_07_TECHNICAL_REVIEWER_EV_APP0297_FIRST_INTERVIEW_AI_CASE_M1_SKILL_01""]}",CALIBRATION_PANEL_01,2027-01-02T10:45:00+09:00,SYNTHETIC_HUMAN_SCENARIO,M1_EVIDENCE_RUBRIC_V02
DC_APP0297_M1_SKILL_02_000317,APP0297,C0297,M1_SKILL_02,MODERATE,AGREED,"{""difference_types"":[],""disputed_evidence_ids"":[],""limited_evidence_ids"":[],""meaningful_conflict_refs"":[],""missing_evidence_ids"":[],""reason"":""동일 Skill의 독립된 직접 관찰로 수행 범위를 확인했다. 다른 맥락의 제한/모호성은 해당 근거의 한계로 보존한다."",""rubric_review"":""직접 관찰의 행동·검증을 검토하며 다른 맥락의 한계와 평가자 차이를 보존한다."",""supporting_observation_ids"":[""OB_FIRST_PANEL_07_ML_ENGINEER_EV_APP0297_FIRST_INTERVIEW_TECHNICAL_ASSESSMENT_M1_SKILL_02"",""OB_FIRST_PANEL_07_HIRING_MANAGER_EV_APP0297_FIRST_INTERVIEW_TECHNICAL_ASSESSMENT_M1_SKILL_02"",""OB_FIRST_PANEL_07_TECHNICAL_REVIEWER_EV_APP0297_FIRST_INTERVIEW_TECHNICAL_ASSESSMENT_M1_SKILL_02""]}",CALIBRATION_PANEL_01,2027-01-02T10:45:00+09:00,SYNTHETIC_HUMAN_SCENARIO,M1_EVIDENCE_RUBRIC_V02
DC_APP0297_M1_SKILL_03_000318,APP0297,C0297,M1_SKILL_03,MODERATE,AGREED,"{""difference_types"":[""EVIDENCE_EVOLUTION"",""CONTEXT_DIFFERENCE""],""disputed_evidence_ids"":[],""limited_evidence_ids"":[""EV_APP0297_FIRST_INTERVIEW_AI_CASE_M1_SKILL_03""],""meaningful_conflict_refs"":[],""missing_evidence_ids"":[],""reason"":""동일 Skill의 독립된 직접 관찰로 수행 범위를 확인했다. 다른 맥락의 제한/모호성은 해당 근거의 한계로 보존한다."",""rubric_review"":""직접 관찰의 행동·검증을 검토하며 다른 맥락의 한계와 평가자 차이를 보존한다."",""supporting_observation_ids"":[""OB_REVIEW_ML_01_EV_APP0297_PRE_ASSESSMENT_CODING_TEST_M1_SKILL_03"",""OB_REVIEW_HM_01_EV_APP0297_PRE_ASSESSMENT_CODING_TEST_M1_SKILL_03""]}",CALIBRATION_PANEL_01,2027-01-02T10:45:00+09:00,SYNTHETIC_HUMAN_SCENARIO,M1_EVIDENCE_RUBRIC_V02
DC_APP0297_M1_SKILL_04_000319,APP0297,C0297,M1_SKILL_04,STRONG,AGREED,"{""difference_types"":[""EVIDENCE_EVOLUTION""],""disputed_evidence_ids"":[],""limited_evidence_ids"":[],""meaningful_conflict_refs"":[],""missing_evidence_ids"":[""EV_APP0297_SECOND_INTERVIEW_VALUES_BEHAVIOR_INTERVIEW_M1_SKILL_04""],""reason"":""동일 Skill의 독립된 직접 관찰로 수행 범위를 확인했다. 다른 맥락의 제한/모호성은 해당 근거의 한계로 보존한다."",""rubric_review"":""직접 관찰의 행동·검증을 검토하며 다른 맥락의 한계와 평가자 차이를 보존한다."",""supporting_observation_ids"":[""OB_FIRST_PANEL_07_ML_ENGINEER_EV_APP0297_FIRST_INTERVIEW_PRACTITIONER_QA_M1_SKILL_04"",""OB_FIRST_PANEL_07_HIRING_MANAGER_EV_APP0297_FIRST_INTERVIEW_PRACTITIONER_QA_M1_SKILL_04"",""OB_FIRST_PANEL_07_TECHNICAL_REVIEWER_EV_APP0297_FIRST_INTERVIEW_PRACTITIONER_QA_M1_SKILL_04""]}",CALIBRATION_PANEL_01,2027-01-02T10:45:00+09:00,SYNTHETIC_HUMAN_SCENARIO,M1_EVIDENCE_RUBRIC_V02
DC_APP0297_M1_SKILL_05_000320,APP0297,C0297,M1_SKILL_05,LIMITED,AGREED,"{""difference_types"":[],""disputed_evidence_ids"":[],""limited_evidence_ids"":[""EV_APP0297_SECOND_INTERVIEW_VALUES_BEHAVIOR_INTERVIEW_M1_SKILL_05""],""meaningful_conflict_refs"":[],""missing_evidence_ids"":[""EV_APP0297_FIRST_INTERVIEW_PRACTITIONER_QA_M1_SKILL_05""],""reason"":""관찰된 직접 근거의 범위가 제한적이다. 자기기술만으로 보완하지 않는다."",""rubric_review"":""직접 관찰의 행동·검증을 검토하며 다른 맥락의 한계와 평가자 차이를 보존한다."",""supporting_observation_ids"":[""OB_SECOND_INTERVIEW_PANEL_01_ML_ENGINEER_EV_APP0297_SECOND_INTERVIEW_VALUES_BEHAVIOR_INTERVIEW_M1_SKILL_05"",""OB_SECOND_INTERVIEW_PANEL_01_HIRING_MANAGER_EV_APP0297_SECOND_INTERVIEW_VALUES_BEHAVIOR_INTERVIEW_M1_SKILL_05""]}",CALIBRATION_PANEL_01,2027-01-02T10:45:00+09:00,SYNTHETIC_HUMAN_SCENARIO,M1_EVIDENCE_RUBRIC_V02
DC_APP0297_M1_SKILL_06_000321,APP0297,C0297,M1_SKILL_06,STRONG,AGREED,"{""difference_types"":[],""disputed_evidence_ids"":[],""limited_evidence_ids"":[],""meaningful_conflict_refs"":[],""missing_evidence_ids"":[],""reason"":""동일 Skill의 독립된 직접 관찰로 수행 범위를 확인했다. 다른 맥락의 제한/모호성은 해당 근거의 한계로 보존한다."",""rubric_review"":""직접 관찰의 행동·검증을 검토하며 다른 맥락의 한계와 평가자 차이를 보존한다."",""supporting_observation_ids"":[""OB_FIRST_PANEL_07_ML_ENGINEER_EV_APP0297_FIRST_INTERVIEW_PRACTITIONER_QA_M1_SKILL_06"",""OB_FIRST_PANEL_07_HIRING_MANAGER_EV_APP0297_FIRST_INTERVIEW_PRACTITIONER_QA_M1_SKILL_06"",""OB_FIRST_PANEL_07_TECHNICAL_REVIEWER_EV_APP0297_FIRST_INTERVIEW_PRACTITIONER_QA_M1_SKILL_06""]}",CALIBRATION_PANEL_01,2027-01-02T10:45:00+09:00,SYNTHETIC_HUMAN_SCENARIO,M1_EVIDENCE_RUBRIC_V02
DC_APP0297_M1_SKILL_07_000322,APP0297,C0297,M1_SKILL_07,LIMITED,AGREED,"{""difference_types"":[],""disputed_evidence_ids"":[],""limited_evidence_ids"":[""EV_APP0297_FIRST_INTERVIEW_TECHNICAL_ASSESSMENT_M1_SKILL_07""],""meaningful_conflict_refs"":[],""missing_evidence_ids"":[],""reason"":""관찰된 직접 근거의 범위가 제한적이다. 자기기술만으로 보완하지 않는다."",""rubric_review"":""직접 관찰의 행동·검증을 검토하며 다른 맥락의 한계와 평가자 차이를 보존한다."",""supporting_observation_ids"":[""OB_FIRST_PANEL_07_ML_ENGINEER_EV_APP0297_FIRST_INTERVIEW_TECHNICAL_ASSESSMENT_M1_SKILL_07"",""OB_FIRST_PANEL_07_HIRING_MANAGER_EV_APP0297_FIRST_INTERVIEW_TECHNICAL_ASSESSMENT_M1_SKILL_07"",""OB_FIRST_PANEL_07_TECHNICAL_REVIEWER_EV_APP0297_FIRST_INTERVIEW_TECHNICAL_ASSESSMENT_M1_SKILL_07""]}",CALIBRATION_PANEL_01,2027-01-02T10:45:00+09:00,SYNTHETIC_HUMAN_SCENARIO,M1_EVIDENCE_RUBRIC_V02
DC_APP0297_M1_SKILL_08_000323,APP0297,C0297,M1_SKILL_08,,DISAGREEMENT_REMAINS,"{""difference_types"":[""EVALUATOR_DISAGREEMENT""],""disputed_evidence_ids"":[""EV_APP0297_FIRST_INTERVIEW_PRACTITIONER_QA_M1_SKILL_08""],""limited_evidence_ids"":[],""meaningful_conflict_refs"":[],""missing_evidence_ids"":[],""reason"":""동일 근거에 대한 평가자 해석 차이를 해소할 직접 관찰이 부족하다."",""rubric_review"":""직접 관찰의 행동·검증을 검토하며 다른 맥락의 한계와 평가자 차이를 보존한다."",""supporting_observation_ids"":[]}",CALIBRATION_PANEL_01,2027-01-02T10:45:00+09:00,SYNTHETIC_HUMAN_SCENARIO,M1_EVIDENCE_RUBRIC_V02
DC_APP0238_M1_SKILL_01_000324,APP0238,C0238,M1_SKILL_01,STRONG,AGREED,"{""difference_types"":[""EVIDENCE_EVOLUTION""],""disputed_evidence_ids"":[],""limited_evidence_ids"":[],""meaningful_conflict_refs"":[],""missing_evidence_ids"":[],""reason"":""동일 Skill의 독립된 직접 관찰로 수행 범위를 확인했다. 다른 맥락의 제한/모호성은 해당 근거의 한계로 보존한다."",""rubric_review"":""직접 관찰의 행동·검증을 검토하며 다른 맥락의 한계와 평가자 차이를 보존한다."",""supporting_observation_ids"":[""OB_FIRST_PANEL_02_ML_ENGINEER_EV_APP0238_FIRST_INTERVIEW_TECHNICAL_ASSESSMENT_M1_SKILL_01"",""OB_FIRST_PANEL_02_HIRING_MANAGER_EV_APP0238_FIRST_INTERVIEW_TECHNICAL_ASSESSMENT_M1_SKILL_01"",""OB_FIRST_PANEL_02_TECHNICAL_REVIEWER_EV_APP0238_FIRST_INTERVIEW_TECHNICAL_ASSESSMENT_M1_SKILL_01"",""OB_FIRST_PANEL_02_ML_ENGINEER_EV_APP0238_FIRST_INTERVIEW_AI_CASE_M1_SKILL_01"",""OB_FIRST_PANEL_02_HIRING_MANAGER_EV_APP0238_FIRST_INTERVIEW_AI_CASE_M1_SKILL_01"",""OB_FIRST_PANEL_02_TECHNICAL_REVIEWER_EV_APP0238_FIRST_INTERVIEW_AI_CASE_M1_SKILL_01""]}",CALIBRATION_PANEL_01,2027-01-10T10:45:00+09:00,SYNTHETIC_HUMAN_SCENARIO,M1_EVIDENCE_RUBRIC_V02
DC_APP0238_M1_SKILL_02_000325,APP0238,C0238,M1_SKILL_02,MODERATE,AGREED,"{""difference_types"":[],""disputed_evidence_ids"":[],""limited_evidence_ids"":[],""meaningful_conflict_refs"":[],""missing_evidence_ids"":[],""reason"":""동일 Skill의 독립된 직접 관찰로 수행 범위를 확인했다. 다른 맥락의 제한/모호성은 해당 근거의 한계로 보존한다."",""rubric_review"":""직접 관찰의 행동·검증을 검토하며 다른 맥락의 한계와 평가자 차이를 보존한다."",""supporting_observation_ids"":[""OB_FIRST_PANEL_02_ML_ENGINEER_EV_APP0238_FIRST_INTERVIEW_TECHNICAL_ASSESSMENT_M1_SKILL_02"",""OB_FIRST_PANEL_02_HIRING_MANAGER_EV_APP0238_FIRST_INTERVIEW_TECHNICAL_ASSESSMENT_M1_SKILL_02"",""OB_FIRST_PANEL_02_TECHNICAL_REVIEWER_EV_APP0238_FIRST_INTERVIEW_TECHNICAL_ASSESSMENT_M1_SKILL_02""]}",CALIBRATION_PANEL_01,2027-01-10T10:45:00+09:00,SYNTHETIC_HUMAN_SCENARIO,M1_EVIDENCE_RUBRIC_V02
DC_APP0238_M1_SKILL_03_000326,APP0238,C0238,M1_SKILL_03,MODERATE,AGREED,"{""difference_types"":[""EVIDENCE_EVOLUTION""],""disputed_evidence_ids"":[],""limited_evidence_ids"":[],""meaningful_conflict_refs"":[],""missing_evidence_ids"":[],""reason"":""동일 Skill의 독립된 직접 관찰로 수행 범위를 확인했다. 다른 맥락의 제한/모호성은 해당 근거의 한계로 보존한다."",""rubric_review"":""직접 관찰의 행동·검증을 검토하며 다른 맥락의 한계와 평가자 차이를 보존한다."",""supporting_observation_ids"":[""OB_REVIEW_ML_01_EV_APP0238_PRE_ASSESSMENT_CODING_TEST_M1_SKILL_03"",""OB_REVIEW_HM_01_EV_APP0238_PRE_ASSESSMENT_CODING_TEST_M1_SKILL_03"",""OB_FIRST_PANEL_02_ML_ENGINEER_EV_APP0238_FIRST_INTERVIEW_AI_CASE_M1_SKILL_03"",""OB_FIRST_PANEL_02_HIRING_MANAGER_EV_APP0238_FIRST_INTERVIEW_AI_CASE_M1_SKILL_03"",""OB_FIRST_PANEL_02_TECHNICAL_REVIEWER_EV_APP0238_FIRST_INTERVIEW_AI_CASE_M1_SKILL_03""]}",CALIBRATION_PANEL_01,2027-01-10T10:45:00+09:00,SYNTHETIC_HUMAN_SCENARIO,M1_EVIDENCE_RUBRIC_V02
DC_APP0238_M1_SKILL_04_000327,APP0238,C0238,M1_SKILL_04,MODERATE,AGREED,"{""difference_types"":[""EVIDENCE_EVOLUTION"",""CONTEXT_DIFFERENCE""],""disputed_evidence_ids"":[],""limited_evidence_ids"":[""EV_APP0238_FIRST_INTERVIEW_PRACTITIONER_QA_M1_SKILL_04""],""meaningful_conflict_refs"":[],""missing_evidence_ids"":[],""reason"":""동일 Skill의 독립된 직접 관찰로 수행 범위를 확인했다. 다른 맥락의 제한/모호성은 해당 근거의 한계로 보존한다."",""rubric_review"":""직접 관찰의 행동·검증을 검토하며 다른 맥락의 한계와 평가자 차이를 보존한다."",""supporting_observation_ids"":[""OB_SECOND_INTERVIEW_PANEL_01_ML_ENGINEER_EV_APP0238_SECOND_INTERVIEW_VALUES_BEHAVIOR_INTERVIEW_M1_SKILL_04"",""OB_SECOND_INTERVIEW_PANEL_01_HIRING_MANAGER_EV_APP0238_SECOND_INTERVIEW_VALUES_BEHAVIOR_INTERVIEW_M1_SKILL_04""]}",CALIBRATION_PANEL_01,2027-01-10T10:45:00+09:00,SYNTHETIC_HUMAN_SCENARIO,M1_EVIDENCE_RUBRIC_V02
DC_APP0238_M1_SKILL_05_000328,APP0238,C0238,M1_SKILL_05,MODERATE,AGREED,"{""difference_types"":[],""disputed_evidence_ids"":[],""limited_evidence_ids"":[],""meaningful_conflict_refs"":[],""missing_evidence_ids"":[],""reason"":""동일 Skill의 독립된 직접 관찰로 수행 범위를 확인했다. 다른 맥락의 제한/모호성은 해당 근거의 한계로 보존한다."",""rubric_review"":""직접 관찰의 행동·검증을 검토하며 다른 맥락의 한계와 평가자 차이를 보존한다."",""supporting_observation_ids"":[""OB_FIRST_PANEL_02_ML_ENGINEER_EV_APP0238_FIRST_INTERVIEW_PRACTITIONER_QA_M1_SKILL_05"",""OB_FIRST_PANEL_02_HIRING_MANAGER_EV_APP0238_FIRST_INTERVIEW_PRACTITIONER_QA_M1_SKILL_05"",""OB_FIRST_PANEL_02_TECHNICAL_REVIEWER_EV_APP0238_FIRST_INTERVIEW_PRACTITIONER_QA_M1_SKILL_05"",""OB_SECOND_INTERVIEW_PANEL_01_ML_ENGINEER_EV_APP0238_SECOND_INTERVIEW_VALUES_BEHAVIOR_INTERVIEW_M1_SKILL_05"",""OB_SECOND_INTERVIEW_PANEL_01_HIRING_MANAGER_EV_APP0238_SECOND_INTERVIEW_VALUES_BEHAVIOR_INTERVIEW_M1_SKILL_05""]}",CALIBRATION_PANEL_01,2027-01-10T10:45:00+09:00,SYNTHETIC_HUMAN_SCENARIO,M1_EVIDENCE_RUBRIC_V02
DC_APP0238_M1_SKILL_06_000329,APP0238,C0238,M1_SKILL_06,,DISAGREEMENT_REMAINS,"{""difference_types"":[""EVALUATOR_DISAGREEMENT""],""disputed_evidence_ids"":[""EV_APP0238_FIRST_INTERVIEW_PRACTITIONER_QA_M1_SKILL_06""],""limited_evidence_ids"":[],""meaningful_conflict_refs"":[],""missing_evidence_ids"":[],""reason"":""동일 근거에 대한 평가자 해석 차이를 해소할 직접 관찰이 부족하다."",""rubric_review"":""직접 관찰의 행동·검증을 검토하며 다른 맥락의 한계와 평가자 차이를 보존한다."",""supporting_observation_ids"":[]}",CALIBRATION_PANEL_01,2027-01-10T10:45:00+09:00,SYNTHETIC_HUMAN_SCENARIO,M1_EVIDENCE_RUBRIC_V02
DC_APP0238_M1_SKILL_07_000330,APP0238,C0238,M1_SKILL_07,,INSUFFICIENT_EVIDENCE,"{""difference_types"":[],""disputed_evidence_ids"":[],""limited_evidence_ids"":[],""meaningful_conflict_refs"":[],""missing_evidence_ids"":[""EV_APP0238_FIRST_INTERVIEW_TECHNICAL_ASSESSMENT_M1_SKILL_07""],""reason"":""직접 판단 근거 부족. 미관찰을 역량 부재로 해석하지 않는다."",""rubric_review"":""직접 관찰의 행동·검증을 검토하며 다른 맥락의 한계와 평가자 차이를 보존한다."",""supporting_observation_ids"":[]}",CALIBRATION_PANEL_01,2027-01-10T10:45:00+09:00,SYNTHETIC_HUMAN_SCENARIO,M1_EVIDENCE_RUBRIC_V02
DC_APP0238_M1_SKILL_08_000331,APP0238,C0238,M1_SKILL_08,,INSUFFICIENT_EVIDENCE,"{""difference_types"":[],""disputed_evidence_ids"":[],""limited_evidence_ids"":[],""meaningful_conflict_refs"":[],""missing_evidence_ids"":[""EV_APP0238_FIRST_INTERVIEW_PRACTITIONER_QA_M1_SKILL_08""],""reason"":""직접 판단 근거 부족. 미관찰을 역량 부재로 해석하지 않는다."",""rubric_review"":""직접 관찰의 행동·검증을 검토하며 다른 맥락의 한계와 평가자 차이를 보존한다."",""supporting_observation_ids"":[]}",CALIBRATION_PANEL_01,2027-01-10T10:45:00+09:00,SYNTHETIC_HUMAN_SCENARIO,M1_EVIDENCE_RUBRIC_V02
DC_APP0285_M1_SKILL_01_000332,APP0285,C0285,M1_SKILL_01,MODERATE,AGREED,"{""difference_types"":[""EVIDENCE_EVOLUTION""],""disputed_evidence_ids"":[],""limited_evidence_ids"":[],""meaningful_conflict_refs"":[],""missing_evidence_ids"":[],""reason"":""동일 Skill의 독립된 직접 관찰로 수행 범위를 확인했다. 다른 맥락의 제한/모호성은 해당 근거의 한계로 보존한다."",""rubric_review"":""직접 관찰의 행동·검증을 검토하며 다른 맥락의 한계와 평가자 차이를 보존한다."",""supporting_observation_ids"":[""OB_FIRST_PANEL_06_ML_ENGINEER_EV_APP0285_FIRST_INTERVIEW_TECHNICAL_ASSESSMENT_M1_SKILL_01"",""OB_FIRST_PANEL_06_HIRING_MANAGER_EV_APP0285_FIRST_INTERVIEW_TECHNICAL_ASSESSMENT_M1_SKILL_01"",""OB_FIRST_PANEL_06_TECHNICAL_REVIEWER_EV_APP0285_FIRST_INTERVIEW_TECHNICAL_ASSESSMENT_M1_SKILL_01"",""OB_FIRST_PANEL_06_ML_ENGINEER_EV_APP0285_FIRST_INTERVIEW_AI_CASE_M1_SKILL_01"",""OB_FIRST_PANEL_06_HIRING_MANAGER_EV_APP0285_FIRST_INTERVIEW_AI_CASE_M1_SKILL_01"",""OB_FIRST_PANEL_06_TECHNICAL_REVIEWER_EV_APP0285_FIRST_INTERVIEW_AI_CASE_M1_SKILL_01""]}",CALIBRATION_PANEL_01,2027-01-09T11:10:00+09:00,SYNTHETIC_HUMAN_SCENARIO,M1_EVIDENCE_RUBRIC_V02
DC_APP0285_M1_SKILL_02_000333,APP0285,C0285,M1_SKILL_02,STRONG,AGREED,"{""difference_types"":[],""disputed_evidence_ids"":[],""limited_evidence_ids"":[],""meaningful_conflict_refs"":[],""missing_evidence_ids"":[],""reason"":""동일 Skill의 독립된 직접 관찰로 수행 범위를 확인했다. 다른 맥락의 제한/모호성은 해당 근거의 한계로 보존한다."",""rubric_review"":""직접 관찰의 행동·검증을 검토하며 다른 맥락의 한계와 평가자 차이를 보존한다."",""supporting_observation_ids"":[""OB_FIRST_PANEL_06_ML_ENGINEER_EV_APP0285_FIRST_INTERVIEW_TECHNICAL_ASSESSMENT_M1_SKILL_02"",""OB_FIRST_PANEL_06_HIRING_MANAGER_EV_APP0285_FIRST_INTERVIEW_TECHNICAL_ASSESSMENT_M1_SKILL_02"",""OB_FIRST_PANEL_06_TECHNICAL_REVIEWER_EV_APP0285_FIRST_INTERVIEW_TECHNICAL_ASSESSMENT_M1_SKILL_02""]}",CALIBRATION_PANEL_01,2027-01-09T11:10:00+09:00,SYNTHETIC_HUMAN_SCENARIO,M1_EVIDENCE_RUBRIC_V02
DC_APP0285_M1_SKILL_03_000334,APP0285,C0285,M1_SKILL_03,STRONG,AGREED,"{""difference_types"":[""EVIDENCE_EVOLUTION""],""disputed_evidence_ids"":[],""limited_evidence_ids"":[],""meaningful_conflict_refs"":[],""missing_evidence_ids"":[],""reason"":""동일 Skill의 독립된 직접 관찰로 수행 범위를 확인했다. 다른 맥락의 제한/모호성은 해당 근거의 한계로 보존한다."",""rubric_review"":""직접 관찰의 행동·검증을 검토하며 다른 맥락의 한계와 평가자 차이를 보존한다."",""supporting_observation_ids"":[""OB_REVIEW_ML_01_EV_APP0285_PRE_ASSESSMENT_CODING_TEST_M1_SKILL_03"",""OB_REVIEW_HM_01_EV_APP0285_PRE_ASSESSMENT_CODING_TEST_M1_SKILL_03"",""OB_FIRST_PANEL_06_ML_ENGINEER_EV_APP0285_FIRST_INTERVIEW_AI_CASE_M1_SKILL_03"",""OB_FIRST_PANEL_06_HIRING_MANAGER_EV_APP0285_FIRST_INTERVIEW_AI_CASE_M1_SKILL_03"",""OB_FIRST_PANEL_06_TECHNICAL_REVIEWER_EV_APP0285_FIRST_INTERVIEW_AI_CASE_M1_SKILL_03""]}",CALIBRATION_PANEL_01,2027-01-09T11:10:00+09:00,SYNTHETIC_HUMAN_SCENARIO,M1_EVIDENCE_RUBRIC_V02
DC_APP0285_M1_SKILL_04_000335,APP0285,C0285,M1_SKILL_04,,DISAGREEMENT_REMAINS,"{""difference_types"":[""EVALUATOR_DISAGREEMENT""],""disputed_evidence_ids"":[""EV_APP0285_SECOND_INTERVIEW_VALUES_BEHAVIOR_INTERVIEW_M1_SKILL_04""],""limited_evidence_ids"":[""EV_APP0285_FIRST_INTERVIEW_PRACTITIONER_QA_M1_SKILL_04""],""meaningful_conflict_refs"":[],""missing_evidence_ids"":[],""reason"":""동일 근거에 대한 평가자 해석 차이를 해소할 직접 관찰이 부족하다."",""rubric_review"":""직접 관찰의 행동·검증을 검토하며 다른 맥락의 한계와 평가자 차이를 보존한다."",""supporting_observation_ids"":[]}",CALIBRATION_PANEL_01,2027-01-09T11:10:00+09:00,SYNTHETIC_HUMAN_SCENARIO,M1_EVIDENCE_RUBRIC_V02
DC_APP0285_M1_SKILL_05_000336,APP0285,C0285,M1_SKILL_05,STRONG,AGREED,"{""difference_types"":[""EVIDENCE_EVOLUTION""],""disputed_evidence_ids"":[],""limited_evidence_ids"":[],""meaningful_conflict_refs"":[],""missing_evidence_ids"":[""EV_APP0285_FIRST_INTERVIEW_PRACTITIONER_QA_M1_SKILL_05""],""reason"":""동일 Skill의 독립된 직접 관찰로 수행 범위를 확인했다. 다른 맥락의 제한/모호성은 해당 근거의 한계로 보존한다."",""rubric_review"":""직접 관찰의 행동·검증을 검토하며 다른 맥락의 한계와 평가자 차이를 보존한다."",""supporting_observation_ids"":[""OB_SECOND_INTERVIEW_PANEL_01_ML_ENGINEER_EV_APP0285_SECOND_INTERVIEW_VALUES_BEHAVIOR_INTERVIEW_M1_SKILL_05"",""OB_SECOND_INTERVIEW_PANEL_01_HIRING_MANAGER_EV_APP0285_SECOND_INTERVIEW_VALUES_BEHAVIOR_INTERVIEW_M1_SKILL_05""]}",CALIBRATION_PANEL_01,2027-01-09T11:10:00+09:00,SYNTHETIC_HUMAN_SCENARIO,M1_EVIDENCE_RUBRIC_V02
DC_APP0285_M1_SKILL_06_000337,APP0285,C0285,M1_SKILL_06,STRONG,AGREED,"{""difference_types"":[],""disputed_evidence_ids"":[],""limited_evidence_ids"":[],""meaningful_conflict_refs"":[],""missing_evidence_ids"":[],""reason"":""동일 Skill의 독립된 직접 관찰로 수행 범위를 확인했다. 다른 맥락의 제한/모호성은 해당 근거의 한계로 보존한다."",""rubric_review"":""직접 관찰의 행동·검증을 검토하며 다른 맥락의 한계와 평가자 차이를 보존한다."",""supporting_observation_ids"":[""OB_FIRST_PANEL_06_ML_ENGINEER_EV_APP0285_FIRST_INTERVIEW_PRACTITIONER_QA_M1_SKILL_06"",""OB_FIRST_PANEL_06_HIRING_MANAGER_EV_APP0285_FIRST_INTERVIEW_PRACTITIONER_QA_M1_SKILL_06"",""OB_FIRST_PANEL_06_TECHNICAL_REVIEWER_EV_APP0285_FIRST_INTERVIEW_PRACTITIONER_QA_M1_SKILL_06""]}",CALIBRATION_PANEL_01,2027-01-09T11:10:00+09:00,SYNTHETIC_HUMAN_SCENARIO,M1_EVIDENCE_RUBRIC_V02
DC_APP0285_M1_SKILL_07_000338,APP0285,C0285,M1_SKILL_07,LIMITED,AGREED,"{""difference_types"":[],""disputed_evidence_ids"":[],""limited_evidence_ids"":[""EV_APP0285_FIRST_INTERVIEW_TECHNICAL_ASSESSMENT_M1_SKILL_07""],""meaningful_conflict_refs"":[],""missing_evidence_ids"":[],""reason"":""관찰된 직접 근거의 범위가 제한적이다. 자기기술만으로 보완하지 않는다."",""rubric_review"":""직접 관찰의 행동·검증을 검토하며 다른 맥락의 한계와 평가자 차이를 보존한다."",""supporting_observation_ids"":[""OB_FIRST_PANEL_06_ML_ENGINEER_EV_APP0285_FIRST_INTERVIEW_TECHNICAL_ASSESSMENT_M1_SKILL_07"",""OB_FIRST_PANEL_06_HIRING_MANAGER_EV_APP0285_FIRST_INTERVIEW_TECHNICAL_ASSESSMENT_M1_SKILL_07"",""OB_FIRST_PANEL_06_TECHNICAL_REVIEWER_EV_APP0285_FIRST_INTERVIEW_TECHNICAL_ASSESSMENT_M1_SKILL_07""]}",CALIBRATION_PANEL_01,2027-01-09T11:10:00+09:00,SYNTHETIC_HUMAN_SCENARIO,M1_EVIDENCE_RUBRIC_V02
DC_APP0285_M1_SKILL_08_000339,APP0285,C0285,M1_SKILL_08,MODERATE,AGREED,"{""difference_types"":[],""disputed_evidence_ids"":[],""limited_evidence_ids"":[],""meaningful_conflict_refs"":[],""missing_evidence_ids"":[],""reason"":""동일 Skill의 독립된 직접 관찰로 수행 범위를 확인했다. 다른 맥락의 제한/모호성은 해당 근거의 한계로 보존한다."",""rubric_review"":""직접 관찰의 행동·검증을 검토하며 다른 맥락의 한계와 평가자 차이를 보존한다."",""supporting_observation_ids"":[""OB_FIRST_PANEL_06_ML_ENGINEER_EV_APP0285_FIRST_INTERVIEW_PRACTITIONER_QA_M1_SKILL_08"",""OB_FIRST_PANEL_06_HIRING_MANAGER_EV_APP0285_FIRST_INTERVIEW_PRACTITIONER_QA_M1_SKILL_08"",""OB_FIRST_PANEL_06_TECHNICAL_REVIEWER_EV_APP0285_FIRST_INTERVIEW_PRACTITIONER_QA_M1_SKILL_08""]}",CALIBRATION_PANEL_01,2027-01-09T11:10:00+09:00,SYNTHETIC_HUMAN_SCENARIO,M1_EVIDENCE_RUBRIC_V02
DC_APP0285_M1_SKILL_01_000340,APP0285,C0285,M1_SKILL_01,MODERATE,AGREED,"{""difference_types"":[""EVIDENCE_EVOLUTION""],""disputed_evidence_ids"":[],""limited_evidence_ids"":[],""meaningful_conflict_refs"":[],""missing_evidence_ids"":[],""reason"":""동일 Skill의 독립된 직접 관찰로 수행 범위를 확인했다. 다른 맥락의 제한/모호성은 해당 근거의 한계로 보존한다."",""rubric_review"":""직접 관찰의 행동·검증을 검토하며 다른 맥락의 한계와 평가자 차이를 보존한다."",""supporting_observation_ids"":[""OB_FIRST_PANEL_06_ML_ENGINEER_EV_APP0285_FIRST_INTERVIEW_TECHNICAL_ASSESSMENT_M1_SKILL_01"",""OB_FIRST_PANEL_06_HIRING_MANAGER_EV_APP0285_FIRST_INTERVIEW_TECHNICAL_ASSESSMENT_M1_SKILL_01"",""OB_FIRST_PANEL_06_TECHNICAL_REVIEWER_EV_APP0285_FIRST_INTERVIEW_TECHNICAL_ASSESSMENT_M1_SKILL_01"",""OB_FIRST_PANEL_06_ML_ENGINEER_EV_APP0285_FIRST_INTERVIEW_AI_CASE_M1_SKILL_01"",""OB_FIRST_PANEL_06_HIRING_MANAGER_EV_APP0285_FIRST_INTERVIEW_AI_CASE_M1_SKILL_01"",""OB_FIRST_PANEL_06_TECHNICAL_REVIEWER_EV_APP0285_FIRST_INTERVIEW_AI_CASE_M1_SKILL_01""]}",CALIBRATION_PANEL_01,2027-01-17T11:50:00+09:00,SYNTHETIC_HUMAN_SCENARIO,M1_EVIDENCE_RUBRIC_V02
DC_APP0285_M1_SKILL_02_000341,APP0285,C0285,M1_SKILL_02,STRONG,AGREED,"{""difference_types"":[],""disputed_evidence_ids"":[],""limited_evidence_ids"":[],""meaningful_conflict_refs"":[],""missing_evidence_ids"":[],""reason"":""동일 Skill의 독립된 직접 관찰로 수행 범위를 확인했다. 다른 맥락의 제한/모호성은 해당 근거의 한계로 보존한다."",""rubric_review"":""직접 관찰의 행동·검증을 검토하며 다른 맥락의 한계와 평가자 차이를 보존한다."",""supporting_observation_ids"":[""OB_FIRST_PANEL_06_ML_ENGINEER_EV_APP0285_FIRST_INTERVIEW_TECHNICAL_ASSESSMENT_M1_SKILL_02"",""OB_FIRST_PANEL_06_HIRING_MANAGER_EV_APP0285_FIRST_INTERVIEW_TECHNICAL_ASSESSMENT_M1_SKILL_02"",""OB_FIRST_PANEL_06_TECHNICAL_REVIEWER_EV_APP0285_FIRST_INTERVIEW_TECHNICAL_ASSESSMENT_M1_SKILL_02""]}",CALIBRATION_PANEL_01,2027-01-17T11:50:00+09:00,SYNTHETIC_HUMAN_SCENARIO,M1_EVIDENCE_RUBRIC_V02
DC_APP0285_M1_SKILL_03_000342,APP0285,C0285,M1_SKILL_03,STRONG,AGREED,"{""difference_types"":[""EVIDENCE_EVOLUTION""],""disputed_evidence_ids"":[],""limited_evidence_ids"":[],""meaningful_conflict_refs"":[],""missing_evidence_ids"":[],""reason"":""동일 Skill의 독립된 직접 관찰로 수행 범위를 확인했다. 다른 맥락의 제한/모호성은 해당 근거의 한계로 보존한다."",""rubric_review"":""직접 관찰의 행동·검증을 검토하며 다른 맥락의 한계와 평가자 차이를 보존한다."",""supporting_observation_ids"":[""OB_REVIEW_ML_01_EV_APP0285_PRE_ASSESSMENT_CODING_TEST_M1_SKILL_03"",""OB_REVIEW_HM_01_EV_APP0285_PRE_ASSESSMENT_CODING_TEST_M1_SKILL_03"",""OB_FIRST_PANEL_06_ML_ENGINEER_EV_APP0285_FIRST_INTERVIEW_AI_CASE_M1_SKILL_03"",""OB_FIRST_PANEL_06_HIRING_MANAGER_EV_APP0285_FIRST_INTERVIEW_AI_CASE_M1_SKILL_03"",""OB_FIRST_PANEL_06_TECHNICAL_REVIEWER_EV_APP0285_FIRST_INTERVIEW_AI_CASE_M1_SKILL_03""]}",CALIBRATION_PANEL_01,2027-01-17T11:50:00+09:00,SYNTHETIC_HUMAN_SCENARIO,M1_EVIDENCE_RUBRIC_V02
DC_APP0285_M1_SKILL_04_000343,APP0285,C0285,M1_SKILL_04,MODERATE,AGREED,"{""difference_types"":[""EVIDENCE_EVOLUTION"",""CONTEXT_DIFFERENCE"",""EVALUATOR_DISAGREEMENT""],""disputed_evidence_ids"":[""EV_APP0285_SECOND_INTERVIEW_VALUES_BEHAVIOR_INTERVIEW_M1_SKILL_04""],""limited_evidence_ids"":[""EV_APP0285_FIRST_INTERVIEW_PRACTITIONER_QA_M1_SKILL_04""],""meaningful_conflict_refs"":[],""missing_evidence_ids"":[],""reason"":""동일 Skill의 독립된 직접 관찰로 수행 범위를 확인했다. 다른 맥락의 제한/모호성은 해당 근거의 한계로 보존한다."",""rubric_review"":""직접 관찰의 행동·검증을 검토하며 다른 맥락의 한계와 평가자 차이를 보존한다."",""supporting_observation_ids"":[""OB_FINAL_REVIEW_PANEL_01_ML_ENGINEER_EV_APP0285_FINAL_REVIEW_FOCUSED_FOLLOW_UP_M1_SKILL_04"",""OB_FINAL_REVIEW_PANEL_01_HIRING_MANAGER_EV_APP0285_FINAL_REVIEW_FOCUSED_FOLLOW_UP_M1_SKILL_04""]}",CALIBRATION_PANEL_01,2027-01-17T11:50:00+09:00,SYNTHETIC_HUMAN_SCENARIO,M1_EVIDENCE_RUBRIC_V02
DC_APP0285_M1_SKILL_05_000344,APP0285,C0285,M1_SKILL_05,STRONG,AGREED,"{""difference_types"":[""EVIDENCE_EVOLUTION""],""disputed_evidence_ids"":[],""limited_evidence_ids"":[],""meaningful_conflict_refs"":[],""missing_evidence_ids"":[""EV_APP0285_FIRST_INTERVIEW_PRACTITIONER_QA_M1_SKILL_05""],""reason"":""동일 Skill의 독립된 직접 관찰로 수행 범위를 확인했다. 다른 맥락의 제한/모호성은 해당 근거의 한계로 보존한다."",""rubric_review"":""직접 관찰의 행동·검증을 검토하며 다른 맥락의 한계와 평가자 차이를 보존한다."",""supporting_observation_ids"":[""OB_SECOND_INTERVIEW_PANEL_01_ML_ENGINEER_EV_APP0285_SECOND_INTERVIEW_VALUES_BEHAVIOR_INTERVIEW_M1_SKILL_05"",""OB_SECOND_INTERVIEW_PANEL_01_HIRING_MANAGER_EV_APP0285_SECOND_INTERVIEW_VALUES_BEHAVIOR_INTERVIEW_M1_SKILL_05""]}",CALIBRATION_PANEL_01,2027-01-17T11:50:00+09:00,SYNTHETIC_HUMAN_SCENARIO,M1_EVIDENCE_RUBRIC_V02
DC_APP0285_M1_SKILL_06_000345,APP0285,C0285,M1_SKILL_06,STRONG,AGREED,"{""difference_types"":[],""disputed_evidence_ids"":[],""limited_evidence_ids"":[],""meaningful_conflict_refs"":[],""missing_evidence_ids"":[],""reason"":""동일 Skill의 독립된 직접 관찰로 수행 범위를 확인했다. 다른 맥락의 제한/모호성은 해당 근거의 한계로 보존한다."",""rubric_review"":""직접 관찰의 행동·검증을 검토하며 다른 맥락의 한계와 평가자 차이를 보존한다."",""supporting_observation_ids"":[""OB_FIRST_PANEL_06_ML_ENGINEER_EV_APP0285_FIRST_INTERVIEW_PRACTITIONER_QA_M1_SKILL_06"",""OB_FIRST_PANEL_06_HIRING_MANAGER_EV_APP0285_FIRST_INTERVIEW_PRACTITIONER_QA_M1_SKILL_06"",""OB_FIRST_PANEL_06_TECHNICAL_REVIEWER_EV_APP0285_FIRST_INTERVIEW_PRACTITIONER_QA_M1_SKILL_06""]}",CALIBRATION_PANEL_01,2027-01-17T11:50:00+09:00,SYNTHETIC_HUMAN_SCENARIO,M1_EVIDENCE_RUBRIC_V02
DC_APP0285_M1_SKILL_07_000346,APP0285,C0285,M1_SKILL_07,LIMITED,AGREED,"{""difference_types"":[],""disputed_evidence_ids"":[],""limited_evidence_ids"":[""EV_APP0285_FIRST_INTERVIEW_TECHNICAL_ASSESSMENT_M1_SKILL_07""],""meaningful_conflict_refs"":[],""missing_evidence_ids"":[],""reason"":""관찰된 직접 근거의 범위가 제한적이다. 자기기술만으로 보완하지 않는다."",""rubric_review"":""직접 관찰의 행동·검증을 검토하며 다른 맥락의 한계와 평가자 차이를 보존한다."",""supporting_observation_ids"":[""OB_FIRST_PANEL_06_ML_ENGINEER_EV_APP0285_FIRST_INTERVIEW_TECHNICAL_ASSESSMENT_M1_SKILL_07"",""OB_FIRST_PANEL_06_HIRING_MANAGER_EV_APP0285_FIRST_INTERVIEW_TECHNICAL_ASSESSMENT_M1_SKILL_07"",""OB_FIRST_PANEL_06_TECHNICAL_REVIEWER_EV_APP0285_FIRST_INTERVIEW_TECHNICAL_ASSESSMENT_M1_SKILL_07""]}",CALIBRATION_PANEL_01,2027-01-17T11:50:00+09:00,SYNTHETIC_HUMAN_SCENARIO,M1_EVIDENCE_RUBRIC_V02
DC_APP0285_M1_SKILL_08_000347,APP0285,C0285,M1_SKILL_08,MODERATE,AGREED,"{""difference_types"":[],""disputed_evidence_ids"":[],""limited_evidence_ids"":[],""meaningful_conflict_refs"":[],""missing_evidence_ids"":[],""reason"":""동일 Skill의 독립된 직접 관찰로 수행 범위를 확인했다. 다른 맥락의 제한/모호성은 해당 근거의 한계로 보존한다."",""rubric_review"":""직접 관찰의 행동·검증을 검토하며 다른 맥락의 한계와 평가자 차이를 보존한다."",""supporting_observation_ids"":[""OB_FIRST_PANEL_06_ML_ENGINEER_EV_APP0285_FIRST_INTERVIEW_PRACTITIONER_QA_M1_SKILL_08"",""OB_FIRST_PANEL_06_HIRING_MANAGER_EV_APP0285_FIRST_INTERVIEW_PRACTITIONER_QA_M1_SKILL_08"",""OB_FIRST_PANEL_06_TECHNICAL_REVIEWER_EV_APP0285_FIRST_INTERVIEW_PRACTITIONER_QA_M1_SKILL_08""]}",CALIBRATION_PANEL_01,2027-01-17T11:50:00+09:00,SYNTHETIC_HUMAN_SCENARIO,M1_EVIDENCE_RUBRIC_V02
DC_APP0005_M1_SKILL_01_000348,APP0005,C0005,M1_SKILL_01,MODERATE,AGREED,"{""difference_types"":[""EVIDENCE_EVOLUTION""],""disputed_evidence_ids"":[],""limited_evidence_ids"":[],""meaningful_conflict_refs"":[],""missing_evidence_ids"":[],""reason"":""동일 Skill의 독립된 직접 관찰로 수행 범위를 확인했다. 다른 맥락의 제한/모호성은 해당 근거의 한계로 보존한다."",""rubric_review"":""직접 관찰의 행동·검증을 검토하며 다른 맥락의 한계와 평가자 차이를 보존한다."",""supporting_observation_ids"":[""OB_FIRST_PANEL_01_ML_ENGINEER_EV_APP0005_FIRST_INTERVIEW_TECHNICAL_ASSESSMENT_M1_SKILL_01"",""OB_FIRST_PANEL_01_HIRING_MANAGER_EV_APP0005_FIRST_INTERVIEW_TECHNICAL_ASSESSMENT_M1_SKILL_01"",""OB_FIRST_PANEL_01_TECHNICAL_REVIEWER_EV_APP0005_FIRST_INTERVIEW_TECHNICAL_ASSESSMENT_M1_SKILL_01"",""OB_FIRST_PANEL_01_ML_ENGINEER_EV_APP0005_FIRST_INTERVIEW_AI_CASE_M1_SKILL_01"",""OB_FIRST_PANEL_01_HIRING_MANAGER_EV_APP0005_FIRST_INTERVIEW_AI_CASE_M1_SKILL_01"",""OB_FIRST_PANEL_01_TECHNICAL_REVIEWER_EV_APP0005_FIRST_INTERVIEW_AI_CASE_M1_SKILL_01""]}",CALIBRATION_PANEL_01,2027-01-13T11:15:00+09:00,SYNTHETIC_HUMAN_SCENARIO,M1_EVIDENCE_RUBRIC_V02
DC_APP0005_M1_SKILL_02_000349,APP0005,C0005,M1_SKILL_02,MODERATE,AGREED,"{""difference_types"":[],""disputed_evidence_ids"":[],""limited_evidence_ids"":[],""meaningful_conflict_refs"":[],""missing_evidence_ids"":[],""reason"":""동일 Skill의 독립된 직접 관찰로 수행 범위를 확인했다. 다른 맥락의 제한/모호성은 해당 근거의 한계로 보존한다."",""rubric_review"":""직접 관찰의 행동·검증을 검토하며 다른 맥락의 한계와 평가자 차이를 보존한다."",""supporting_observation_ids"":[""OB_FIRST_PANEL_01_ML_ENGINEER_EV_APP0005_FIRST_INTERVIEW_TECHNICAL_ASSESSMENT_M1_SKILL_02"",""OB_FIRST_PANEL_01_HIRING_MANAGER_EV_APP0005_FIRST_INTERVIEW_TECHNICAL_ASSESSMENT_M1_SKILL_02"",""OB_FIRST_PANEL_01_TECHNICAL_REVIEWER_EV_APP0005_FIRST_INTERVIEW_TECHNICAL_ASSESSMENT_M1_SKILL_02""]}",CALIBRATION_PANEL_01,2027-01-13T11:15:00+09:00,SYNTHETIC_HUMAN_SCENARIO,M1_EVIDENCE_RUBRIC_V02
DC_APP0005_M1_SKILL_03_000350,APP0005,C0005,M1_SKILL_03,STRONG,AGREED,"{""difference_types"":[""EVIDENCE_EVOLUTION""],""disputed_evidence_ids"":[],""limited_evidence_ids"":[],""meaningful_conflict_refs"":[],""missing_evidence_ids"":[],""reason"":""동일 Skill의 독립된 직접 관찰로 수행 범위를 확인했다. 다른 맥락의 제한/모호성은 해당 근거의 한계로 보존한다."",""rubric_review"":""직접 관찰의 행동·검증을 검토하며 다른 맥락의 한계와 평가자 차이를 보존한다."",""supporting_observation_ids"":[""OB_REVIEW_ML_01_EV_APP0005_PRE_ASSESSMENT_CODING_TEST_M1_SKILL_03"",""OB_REVIEW_HM_01_EV_APP0005_PRE_ASSESSMENT_CODING_TEST_M1_SKILL_03"",""OB_FIRST_PANEL_01_ML_ENGINEER_EV_APP0005_FIRST_INTERVIEW_AI_CASE_M1_SKILL_03"",""OB_FIRST_PANEL_01_HIRING_MANAGER_EV_APP0005_FIRST_INTERVIEW_AI_CASE_M1_SKILL_03"",""OB_FIRST_PANEL_01_TECHNICAL_REVIEWER_EV_APP0005_FIRST_INTERVIEW_AI_CASE_M1_SKILL_03""]}",CALIBRATION_PANEL_01,2027-01-13T11:15:00+09:00,SYNTHETIC_HUMAN_SCENARIO,M1_EVIDENCE_RUBRIC_V02
DC_APP0005_M1_SKILL_04_000351,APP0005,C0005,M1_SKILL_04,,INSUFFICIENT_EVIDENCE,"{""difference_types"":[],""disputed_evidence_ids"":[],""limited_evidence_ids"":[],""meaningful_conflict_refs"":[],""missing_evidence_ids"":[""EV_APP0005_FIRST_INTERVIEW_PRACTITIONER_QA_M1_SKILL_04"",""EV_APP0005_SECOND_INTERVIEW_VALUES_BEHAVIOR_INTERVIEW_M1_SKILL_04""],""reason"":""직접 판단 근거 부족. 미관찰을 역량 부재로 해석하지 않는다."",""rubric_review"":""직접 관찰의 행동·검증을 검토하며 다른 맥락의 한계와 평가자 차이를 보존한다."",""supporting_observation_ids"":[]}",CALIBRATION_PANEL_01,2027-01-13T11:15:00+09:00,SYNTHETIC_HUMAN_SCENARIO,M1_EVIDENCE_RUBRIC_V02
DC_APP0005_M1_SKILL_05_000352,APP0005,C0005,M1_SKILL_05,MODERATE,AGREED,"{""difference_types"":[""EVIDENCE_EVOLUTION"",""CONTEXT_DIFFERENCE""],""disputed_evidence_ids"":[],""limited_evidence_ids"":[""EV_APP0005_FIRST_INTERVIEW_PRACTITIONER_QA_M1_SKILL_05""],""meaningful_conflict_refs"":[],""missing_evidence_ids"":[],""reason"":""동일 Skill의 독립된 직접 관찰로 수행 범위를 확인했다. 다른 맥락의 제한/모호성은 해당 근거의 한계로 보존한다."",""rubric_review"":""직접 관찰의 행동·검증을 검토하며 다른 맥락의 한계와 평가자 차이를 보존한다."",""supporting_observation_ids"":[""OB_SECOND_INTERVIEW_PANEL_01_ML_ENGINEER_EV_APP0005_SECOND_INTERVIEW_VALUES_BEHAVIOR_INTERVIEW_M1_SKILL_05"",""OB_SECOND_INTERVIEW_PANEL_01_HIRING_MANAGER_EV_APP0005_SECOND_INTERVIEW_VALUES_BEHAVIOR_INTERVIEW_M1_SKILL_05""]}",CALIBRATION_PANEL_01,2027-01-13T11:15:00+09:00,SYNTHETIC_HUMAN_SCENARIO,M1_EVIDENCE_RUBRIC_V02
DC_APP0005_M1_SKILL_06_000353,APP0005,C0005,M1_SKILL_06,MODERATE,AGREED,"{""difference_types"":[],""disputed_evidence_ids"":[],""limited_evidence_ids"":[],""meaningful_conflict_refs"":[],""missing_evidence_ids"":[],""reason"":""동일 Skill의 독립된 직접 관찰로 수행 범위를 확인했다. 다른 맥락의 제한/모호성은 해당 근거의 한계로 보존한다."",""rubric_review"":""직접 관찰의 행동·검증을 검토하며 다른 맥락의 한계와 평가자 차이를 보존한다."",""supporting_observation_ids"":[""OB_FIRST_PANEL_01_ML_ENGINEER_EV_APP0005_FIRST_INTERVIEW_PRACTITIONER_QA_M1_SKILL_06"",""OB_FIRST_PANEL_01_HIRING_MANAGER_EV_APP0005_FIRST_INTERVIEW_PRACTITIONER_QA_M1_SKILL_06"",""OB_FIRST_PANEL_01_TECHNICAL_REVIEWER_EV_APP0005_FIRST_INTERVIEW_PRACTITIONER_QA_M1_SKILL_06""]}",CALIBRATION_PANEL_01,2027-01-13T11:15:00+09:00,SYNTHETIC_HUMAN_SCENARIO,M1_EVIDENCE_RUBRIC_V02
DC_APP0005_M1_SKILL_07_000354,APP0005,C0005,M1_SKILL_07,LIMITED,AGREED,"{""difference_types"":[],""disputed_evidence_ids"":[],""limited_evidence_ids"":[""EV_APP0005_FIRST_INTERVIEW_TECHNICAL_ASSESSMENT_M1_SKILL_07""],""meaningful_conflict_refs"":[],""missing_evidence_ids"":[],""reason"":""관찰된 직접 근거의 범위가 제한적이다. 자기기술만으로 보완하지 않는다."",""rubric_review"":""직접 관찰의 행동·검증을 검토하며 다른 맥락의 한계와 평가자 차이를 보존한다."",""supporting_observation_ids"":[""OB_FIRST_PANEL_01_ML_ENGINEER_EV_APP0005_FIRST_INTERVIEW_TECHNICAL_ASSESSMENT_M1_SKILL_07"",""OB_FIRST_PANEL_01_HIRING_MANAGER_EV_APP0005_FIRST_INTERVIEW_TECHNICAL_ASSESSMENT_M1_SKILL_07"",""OB_FIRST_PANEL_01_TECHNICAL_REVIEWER_EV_APP0005_FIRST_INTERVIEW_TECHNICAL_ASSESSMENT_M1_SKILL_07""]}",CALIBRATION_PANEL_01,2027-01-13T11:15:00+09:00,SYNTHETIC_HUMAN_SCENARIO,M1_EVIDENCE_RUBRIC_V02
DC_APP0005_M1_SKILL_08_000355,APP0005,C0005,M1_SKILL_08,,DISAGREEMENT_REMAINS,"{""difference_types"":[""EVALUATOR_DISAGREEMENT""],""disputed_evidence_ids"":[""EV_APP0005_FIRST_INTERVIEW_PRACTITIONER_QA_M1_SKILL_08""],""limited_evidence_ids"":[],""meaningful_conflict_refs"":[],""missing_evidence_ids"":[],""reason"":""동일 근거에 대한 평가자 해석 차이를 해소할 직접 관찰이 부족하다."",""rubric_review"":""직접 관찰의 행동·검증을 검토하며 다른 맥락의 한계와 평가자 차이를 보존한다."",""supporting_observation_ids"":[]}",CALIBRATION_PANEL_01,2027-01-13T11:15:00+09:00,SYNTHETIC_HUMAN_SCENARIO,M1_EVIDENCE_RUBRIC_V02
DC_APP0005_M1_SKILL_01_000356,APP0005,C0005,M1_SKILL_01,MODERATE,AGREED,"{""difference_types"":[""EVIDENCE_EVOLUTION""],""disputed_evidence_ids"":[],""limited_evidence_ids"":[],""meaningful_conflict_refs"":[],""missing_evidence_ids"":[],""reason"":""동일 Skill의 독립된 직접 관찰로 수행 범위를 확인했다. 다른 맥락의 제한/모호성은 해당 근거의 한계로 보존한다."",""rubric_review"":""직접 관찰의 행동·검증을 검토하며 다른 맥락의 한계와 평가자 차이를 보존한다."",""supporting_observation_ids"":[""OB_FIRST_PANEL_01_ML_ENGINEER_EV_APP0005_FIRST_INTERVIEW_TECHNICAL_ASSESSMENT_M1_SKILL_01"",""OB_FIRST_PANEL_01_HIRING_MANAGER_EV_APP0005_FIRST_INTERVIEW_TECHNICAL_ASSESSMENT_M1_SKILL_01"",""OB_FIRST_PANEL_01_TECHNICAL_REVIEWER_EV_APP0005_FIRST_INTERVIEW_TECHNICAL_ASSESSMENT_M1_SKILL_01"",""OB_FIRST_PANEL_01_ML_ENGINEER_EV_APP0005_FIRST_INTERVIEW_AI_CASE_M1_SKILL_01"",""OB_FIRST_PANEL_01_HIRING_MANAGER_EV_APP0005_FIRST_INTERVIEW_AI_CASE_M1_SKILL_01"",""OB_FIRST_PANEL_01_TECHNICAL_REVIEWER_EV_APP0005_FIRST_INTERVIEW_AI_CASE_M1_SKILL_01""]}",CALIBRATION_PANEL_01,2027-01-21T12:05:00+09:00,SYNTHETIC_HUMAN_SCENARIO,M1_EVIDENCE_RUBRIC_V02
DC_APP0005_M1_SKILL_02_000357,APP0005,C0005,M1_SKILL_02,MODERATE,AGREED,"{""difference_types"":[],""disputed_evidence_ids"":[],""limited_evidence_ids"":[],""meaningful_conflict_refs"":[],""missing_evidence_ids"":[],""reason"":""동일 Skill의 독립된 직접 관찰로 수행 범위를 확인했다. 다른 맥락의 제한/모호성은 해당 근거의 한계로 보존한다."",""rubric_review"":""직접 관찰의 행동·검증을 검토하며 다른 맥락의 한계와 평가자 차이를 보존한다."",""supporting_observation_ids"":[""OB_FIRST_PANEL_01_ML_ENGINEER_EV_APP0005_FIRST_INTERVIEW_TECHNICAL_ASSESSMENT_M1_SKILL_02"",""OB_FIRST_PANEL_01_HIRING_MANAGER_EV_APP0005_FIRST_INTERVIEW_TECHNICAL_ASSESSMENT_M1_SKILL_02"",""OB_FIRST_PANEL_01_TECHNICAL_REVIEWER_EV_APP0005_FIRST_INTERVIEW_TECHNICAL_ASSESSMENT_M1_SKILL_02""]}",CALIBRATION_PANEL_01,2027-01-21T12:05:00+09:00,SYNTHETIC_HUMAN_SCENARIO,M1_EVIDENCE_RUBRIC_V02
DC_APP0005_M1_SKILL_03_000358,APP0005,C0005,M1_SKILL_03,STRONG,AGREED,"{""difference_types"":[""EVIDENCE_EVOLUTION""],""disputed_evidence_ids"":[],""limited_evidence_ids"":[],""meaningful_conflict_refs"":[],""missing_evidence_ids"":[],""reason"":""동일 Skill의 독립된 직접 관찰로 수행 범위를 확인했다. 다른 맥락의 제한/모호성은 해당 근거의 한계로 보존한다."",""rubric_review"":""직접 관찰의 행동·검증을 검토하며 다른 맥락의 한계와 평가자 차이를 보존한다."",""supporting_observation_ids"":[""OB_REVIEW_ML_01_EV_APP0005_PRE_ASSESSMENT_CODING_TEST_M1_SKILL_03"",""OB_REVIEW_HM_01_EV_APP0005_PRE_ASSESSMENT_CODING_TEST_M1_SKILL_03"",""OB_FIRST_PANEL_01_ML_ENGINEER_EV_APP0005_FIRST_INTERVIEW_AI_CASE_M1_SKILL_03"",""OB_FIRST_PANEL_01_HIRING_MANAGER_EV_APP0005_FIRST_INTERVIEW_AI_CASE_M1_SKILL_03"",""OB_FIRST_PANEL_01_TECHNICAL_REVIEWER_EV_APP0005_FIRST_INTERVIEW_AI_CASE_M1_SKILL_03""]}",CALIBRATION_PANEL_01,2027-01-21T12:05:00+09:00,SYNTHETIC_HUMAN_SCENARIO,M1_EVIDENCE_RUBRIC_V02
DC_APP0005_M1_SKILL_04_000359,APP0005,C0005,M1_SKILL_04,MODERATE,AGREED,"{""difference_types"":[""EVIDENCE_EVOLUTION""],""disputed_evidence_ids"":[],""limited_evidence_ids"":[],""meaningful_conflict_refs"":[],""missing_evidence_ids"":[""EV_APP0005_FIRST_INTERVIEW_PRACTITIONER_QA_M1_SKILL_04"",""EV_APP0005_SECOND_INTERVIEW_VALUES_BEHAVIOR_INTERVIEW_M1_SKILL_04""],""reason"":""동일 Skill의 독립된 직접 관찰로 수행 범위를 확인했다. 다른 맥락의 제한/모호성은 해당 근거의 한계로 보존한다."",""rubric_review"":""직접 관찰의 행동·검증을 검토하며 다른 맥락의 한계와 평가자 차이를 보존한다."",""supporting_observation_ids"":[""OB_FINAL_REVIEW_PANEL_01_ML_ENGINEER_EV_APP0005_FINAL_REVIEW_FOCUSED_FOLLOW_UP_M1_SKILL_04"",""OB_FINAL_REVIEW_PANEL_01_HIRING_MANAGER_EV_APP0005_FINAL_REVIEW_FOCUSED_FOLLOW_UP_M1_SKILL_04""]}",CALIBRATION_PANEL_01,2027-01-21T12:05:00+09:00,SYNTHETIC_HUMAN_SCENARIO,M1_EVIDENCE_RUBRIC_V02
DC_APP0005_M1_SKILL_05_000360,APP0005,C0005,M1_SKILL_05,MODERATE,AGREED,"{""difference_types"":[""EVIDENCE_EVOLUTION"",""CONTEXT_DIFFERENCE""],""disputed_evidence_ids"":[],""limited_evidence_ids"":[""EV_APP0005_FIRST_INTERVIEW_PRACTITIONER_QA_M1_SKILL_05""],""meaningful_conflict_refs"":[],""missing_evidence_ids"":[],""reason"":""동일 Skill의 독립된 직접 관찰로 수행 범위를 확인했다. 다른 맥락의 제한/모호성은 해당 근거의 한계로 보존한다."",""rubric_review"":""직접 관찰의 행동·검증을 검토하며 다른 맥락의 한계와 평가자 차이를 보존한다."",""supporting_observation_ids"":[""OB_SECOND_INTERVIEW_PANEL_01_ML_ENGINEER_EV_APP0005_SECOND_INTERVIEW_VALUES_BEHAVIOR_INTERVIEW_M1_SKILL_05"",""OB_SECOND_INTERVIEW_PANEL_01_HIRING_MANAGER_EV_APP0005_SECOND_INTERVIEW_VALUES_BEHAVIOR_INTERVIEW_M1_SKILL_05""]}",CALIBRATION_PANEL_01,2027-01-21T12:05:00+09:00,SYNTHETIC_HUMAN_SCENARIO,M1_EVIDENCE_RUBRIC_V02
DC_APP0005_M1_SKILL_06_000361,APP0005,C0005,M1_SKILL_06,MODERATE,AGREED,"{""difference_types"":[],""disputed_evidence_ids"":[],""limited_evidence_ids"":[],""meaningful_conflict_refs"":[],""missing_evidence_ids"":[],""reason"":""동일 Skill의 독립된 직접 관찰로 수행 범위를 확인했다. 다른 맥락의 제한/모호성은 해당 근거의 한계로 보존한다."",""rubric_review"":""직접 관찰의 행동·검증을 검토하며 다른 맥락의 한계와 평가자 차이를 보존한다."",""supporting_observation_ids"":[""OB_FIRST_PANEL_01_ML_ENGINEER_EV_APP0005_FIRST_INTERVIEW_PRACTITIONER_QA_M1_SKILL_06"",""OB_FIRST_PANEL_01_HIRING_MANAGER_EV_APP0005_FIRST_INTERVIEW_PRACTITIONER_QA_M1_SKILL_06"",""OB_FIRST_PANEL_01_TECHNICAL_REVIEWER_EV_APP0005_FIRST_INTERVIEW_PRACTITIONER_QA_M1_SKILL_06""]}",CALIBRATION_PANEL_01,2027-01-21T12:05:00+09:00,SYNTHETIC_HUMAN_SCENARIO,M1_EVIDENCE_RUBRIC_V02
DC_APP0005_M1_SKILL_07_000362,APP0005,C0005,M1_SKILL_07,LIMITED,AGREED,"{""difference_types"":[],""disputed_evidence_ids"":[],""limited_evidence_ids"":[""EV_APP0005_FIRST_INTERVIEW_TECHNICAL_ASSESSMENT_M1_SKILL_07""],""meaningful_conflict_refs"":[],""missing_evidence_ids"":[],""reason"":""관찰된 직접 근거의 범위가 제한적이다. 자기기술만으로 보완하지 않는다."",""rubric_review"":""직접 관찰의 행동·검증을 검토하며 다른 맥락의 한계와 평가자 차이를 보존한다."",""supporting_observation_ids"":[""OB_FIRST_PANEL_01_ML_ENGINEER_EV_APP0005_FIRST_INTERVIEW_TECHNICAL_ASSESSMENT_M1_SKILL_07"",""OB_FIRST_PANEL_01_HIRING_MANAGER_EV_APP0005_FIRST_INTERVIEW_TECHNICAL_ASSESSMENT_M1_SKILL_07"",""OB_FIRST_PANEL_01_TECHNICAL_REVIEWER_EV_APP0005_FIRST_INTERVIEW_TECHNICAL_ASSESSMENT_M1_SKILL_07""]}",CALIBRATION_PANEL_01,2027-01-21T12:05:00+09:00,SYNTHETIC_HUMAN_SCENARIO,M1_EVIDENCE_RUBRIC_V02
DC_APP0005_M1_SKILL_08_000363,APP0005,C0005,M1_SKILL_08,,DISAGREEMENT_REMAINS,"{""difference_types"":[""EVALUATOR_DISAGREEMENT""],""disputed_evidence_ids"":[""EV_APP0005_FIRST_INTERVIEW_PRACTITIONER_QA_M1_SKILL_08""],""limited_evidence_ids"":[],""meaningful_conflict_refs"":[],""missing_evidence_ids"":[],""reason"":""동일 근거에 대한 평가자 해석 차이를 해소할 직접 관찰이 부족하다."",""rubric_review"":""직접 관찰의 행동·검증을 검토하며 다른 맥락의 한계와 평가자 차이를 보존한다."",""supporting_observation_ids"":[]}",CALIBRATION_PANEL_01,2027-01-21T12:05:00+09:00,SYNTHETIC_HUMAN_SCENARIO,M1_EVIDENCE_RUBRIC_V02
DC_APP0297_M1_SKILL_01_000364,APP0297,C0297,M1_SKILL_01,MODERATE,AGREED,"{""difference_types"":[""EVIDENCE_EVOLUTION""],""disputed_evidence_ids"":[],""limited_evidence_ids"":[],""meaningful_conflict_refs"":[],""missing_evidence_ids"":[],""reason"":""동일 Skill의 독립된 직접 관찰로 수행 범위를 확인했다. 다른 맥락의 제한/모호성은 해당 근거의 한계로 보존한다."",""rubric_review"":""직접 관찰의 행동·검증을 검토하며 다른 맥락의 한계와 평가자 차이를 보존한다."",""supporting_observation_ids"":[""OB_FIRST_PANEL_07_ML_ENGINEER_EV_APP0297_FIRST_INTERVIEW_TECHNICAL_ASSESSMENT_M1_SKILL_01"",""OB_FIRST_PANEL_07_HIRING_MANAGER_EV_APP0297_FIRST_INTERVIEW_TECHNICAL_ASSESSMENT_M1_SKILL_01"",""OB_FIRST_PANEL_07_TECHNICAL_REVIEWER_EV_APP0297_FIRST_INTERVIEW_TECHNICAL_ASSESSMENT_M1_SKILL_01"",""OB_FIRST_PANEL_07_ML_ENGINEER_EV_APP0297_FIRST_INTERVIEW_AI_CASE_M1_SKILL_01"",""OB_FIRST_PANEL_07_HIRING_MANAGER_EV_APP0297_FIRST_INTERVIEW_AI_CASE_M1_SKILL_01"",""OB_FIRST_PANEL_07_TECHNICAL_REVIEWER_EV_APP0297_FIRST_INTERVIEW_AI_CASE_M1_SKILL_01""]}",CALIBRATION_PANEL_01,2027-01-06T11:05:00+09:00,SYNTHETIC_HUMAN_SCENARIO,M1_EVIDENCE_RUBRIC_V02
DC_APP0297_M1_SKILL_02_000365,APP0297,C0297,M1_SKILL_02,MODERATE,AGREED,"{""difference_types"":[],""disputed_evidence_ids"":[],""limited_evidence_ids"":[],""meaningful_conflict_refs"":[],""missing_evidence_ids"":[],""reason"":""동일 Skill의 독립된 직접 관찰로 수행 범위를 확인했다. 다른 맥락의 제한/모호성은 해당 근거의 한계로 보존한다."",""rubric_review"":""직접 관찰의 행동·검증을 검토하며 다른 맥락의 한계와 평가자 차이를 보존한다."",""supporting_observation_ids"":[""OB_FIRST_PANEL_07_ML_ENGINEER_EV_APP0297_FIRST_INTERVIEW_TECHNICAL_ASSESSMENT_M1_SKILL_02"",""OB_FIRST_PANEL_07_HIRING_MANAGER_EV_APP0297_FIRST_INTERVIEW_TECHNICAL_ASSESSMENT_M1_SKILL_02"",""OB_FIRST_PANEL_07_TECHNICAL_REVIEWER_EV_APP0297_FIRST_INTERVIEW_TECHNICAL_ASSESSMENT_M1_SKILL_02""]}",CALIBRATION_PANEL_01,2027-01-06T11:05:00+09:00,SYNTHETIC_HUMAN_SCENARIO,M1_EVIDENCE_RUBRIC_V02
DC_APP0297_M1_SKILL_03_000366,APP0297,C0297,M1_SKILL_03,MODERATE,AGREED,"{""difference_types"":[""EVIDENCE_EVOLUTION"",""CONTEXT_DIFFERENCE""],""disputed_evidence_ids"":[],""limited_evidence_ids"":[""EV_APP0297_FIRST_INTERVIEW_AI_CASE_M1_SKILL_03""],""meaningful_conflict_refs"":[],""missing_evidence_ids"":[],""reason"":""동일 Skill의 독립된 직접 관찰로 수행 범위를 확인했다. 다른 맥락의 제한/모호성은 해당 근거의 한계로 보존한다."",""rubric_review"":""직접 관찰의 행동·검증을 검토하며 다른 맥락의 한계와 평가자 차이를 보존한다."",""supporting_observation_ids"":[""OB_REVIEW_ML_01_EV_APP0297_PRE_ASSESSMENT_CODING_TEST_M1_SKILL_03"",""OB_REVIEW_HM_01_EV_APP0297_PRE_ASSESSMENT_CODING_TEST_M1_SKILL_03""]}",CALIBRATION_PANEL_01,2027-01-06T11:05:00+09:00,SYNTHETIC_HUMAN_SCENARIO,M1_EVIDENCE_RUBRIC_V02
DC_APP0297_M1_SKILL_04_000367,APP0297,C0297,M1_SKILL_04,STRONG,AGREED,"{""difference_types"":[""EVIDENCE_EVOLUTION""],""disputed_evidence_ids"":[],""limited_evidence_ids"":[],""meaningful_conflict_refs"":[],""missing_evidence_ids"":[""EV_APP0297_SECOND_INTERVIEW_VALUES_BEHAVIOR_INTERVIEW_M1_SKILL_04""],""reason"":""동일 Skill의 독립된 직접 관찰로 수행 범위를 확인했다. 다른 맥락의 제한/모호성은 해당 근거의 한계로 보존한다."",""rubric_review"":""직접 관찰의 행동·검증을 검토하며 다른 맥락의 한계와 평가자 차이를 보존한다."",""supporting_observation_ids"":[""OB_FIRST_PANEL_07_ML_ENGINEER_EV_APP0297_FIRST_INTERVIEW_PRACTITIONER_QA_M1_SKILL_04"",""OB_FIRST_PANEL_07_HIRING_MANAGER_EV_APP0297_FIRST_INTERVIEW_PRACTITIONER_QA_M1_SKILL_04"",""OB_FIRST_PANEL_07_TECHNICAL_REVIEWER_EV_APP0297_FIRST_INTERVIEW_PRACTITIONER_QA_M1_SKILL_04""]}",CALIBRATION_PANEL_01,2027-01-06T11:05:00+09:00,SYNTHETIC_HUMAN_SCENARIO,M1_EVIDENCE_RUBRIC_V02
DC_APP0297_M1_SKILL_05_000368,APP0297,C0297,M1_SKILL_05,LIMITED,AGREED,"{""difference_types"":[],""disputed_evidence_ids"":[],""limited_evidence_ids"":[""EV_APP0297_SECOND_INTERVIEW_VALUES_BEHAVIOR_INTERVIEW_M1_SKILL_05""],""meaningful_conflict_refs"":[],""missing_evidence_ids"":[""EV_APP0297_FIRST_INTERVIEW_PRACTITIONER_QA_M1_SKILL_05""],""reason"":""관찰된 직접 근거의 범위가 제한적이다. 자기기술만으로 보완하지 않는다."",""rubric_review"":""직접 관찰의 행동·검증을 검토하며 다른 맥락의 한계와 평가자 차이를 보존한다."",""supporting_observation_ids"":[""OB_SECOND_INTERVIEW_PANEL_01_ML_ENGINEER_EV_APP0297_SECOND_INTERVIEW_VALUES_BEHAVIOR_INTERVIEW_M1_SKILL_05"",""OB_SECOND_INTERVIEW_PANEL_01_HIRING_MANAGER_EV_APP0297_SECOND_INTERVIEW_VALUES_BEHAVIOR_INTERVIEW_M1_SKILL_05""]}",CALIBRATION_PANEL_01,2027-01-06T11:05:00+09:00,SYNTHETIC_HUMAN_SCENARIO,M1_EVIDENCE_RUBRIC_V02
DC_APP0297_M1_SKILL_06_000369,APP0297,C0297,M1_SKILL_06,STRONG,AGREED,"{""difference_types"":[],""disputed_evidence_ids"":[],""limited_evidence_ids"":[],""meaningful_conflict_refs"":[],""missing_evidence_ids"":[],""reason"":""동일 Skill의 독립된 직접 관찰로 수행 범위를 확인했다. 다른 맥락의 제한/모호성은 해당 근거의 한계로 보존한다."",""rubric_review"":""직접 관찰의 행동·검증을 검토하며 다른 맥락의 한계와 평가자 차이를 보존한다."",""supporting_observation_ids"":[""OB_FIRST_PANEL_07_ML_ENGINEER_EV_APP0297_FIRST_INTERVIEW_PRACTITIONER_QA_M1_SKILL_06"",""OB_FIRST_PANEL_07_HIRING_MANAGER_EV_APP0297_FIRST_INTERVIEW_PRACTITIONER_QA_M1_SKILL_06"",""OB_FIRST_PANEL_07_TECHNICAL_REVIEWER_EV_APP0297_FIRST_INTERVIEW_PRACTITIONER_QA_M1_SKILL_06""]}",CALIBRATION_PANEL_01,2027-01-06T11:05:00+09:00,SYNTHETIC_HUMAN_SCENARIO,M1_EVIDENCE_RUBRIC_V02
DC_APP0297_M1_SKILL_07_000370,APP0297,C0297,M1_SKILL_07,LIMITED,AGREED,"{""difference_types"":[],""disputed_evidence_ids"":[],""limited_evidence_ids"":[""EV_APP0297_FIRST_INTERVIEW_TECHNICAL_ASSESSMENT_M1_SKILL_07""],""meaningful_conflict_refs"":[],""missing_evidence_ids"":[],""reason"":""관찰된 직접 근거의 범위가 제한적이다. 자기기술만으로 보완하지 않는다."",""rubric_review"":""직접 관찰의 행동·검증을 검토하며 다른 맥락의 한계와 평가자 차이를 보존한다."",""supporting_observation_ids"":[""OB_FIRST_PANEL_07_ML_ENGINEER_EV_APP0297_FIRST_INTERVIEW_TECHNICAL_ASSESSMENT_M1_SKILL_07"",""OB_FIRST_PANEL_07_HIRING_MANAGER_EV_APP0297_FIRST_INTERVIEW_TECHNICAL_ASSESSMENT_M1_SKILL_07"",""OB_FIRST_PANEL_07_TECHNICAL_REVIEWER_EV_APP0297_FIRST_INTERVIEW_TECHNICAL_ASSESSMENT_M1_SKILL_07""]}",CALIBRATION_PANEL_01,2027-01-06T11:05:00+09:00,SYNTHETIC_HUMAN_SCENARIO,M1_EVIDENCE_RUBRIC_V02
DC_APP0297_M1_SKILL_08_000371,APP0297,C0297,M1_SKILL_08,,DISAGREEMENT_REMAINS,"{""difference_types"":[""EVALUATOR_DISAGREEMENT""],""disputed_evidence_ids"":[""EV_APP0297_FIRST_INTERVIEW_PRACTITIONER_QA_M1_SKILL_08""],""limited_evidence_ids"":[],""meaningful_conflict_refs"":[],""missing_evidence_ids"":[],""reason"":""동일 근거에 대한 평가자 해석 차이를 해소할 직접 관찰이 부족하다."",""rubric_review"":""직접 관찰의 행동·검증을 검토하며 다른 맥락의 한계와 평가자 차이를 보존한다."",""supporting_observation_ids"":[]}",CALIBRATION_PANEL_01,2027-01-06T11:05:00+09:00,SYNTHETIC_HUMAN_SCENARIO,M1_EVIDENCE_RUBRIC_V02
DC_APP0297_M1_SKILL_01_000372,APP0297,C0297,M1_SKILL_01,MODERATE,AGREED,"{""difference_types"":[""EVIDENCE_EVOLUTION""],""disputed_evidence_ids"":[],""limited_evidence_ids"":[],""meaningful_conflict_refs"":[],""missing_evidence_ids"":[],""reason"":""동일 Skill의 독립된 직접 관찰로 수행 범위를 확인했다. 다른 맥락의 제한/모호성은 해당 근거의 한계로 보존한다."",""rubric_review"":""직접 관찰의 행동·검증을 검토하며 다른 맥락의 한계와 평가자 차이를 보존한다."",""supporting_observation_ids"":[""OB_FIRST_PANEL_07_ML_ENGINEER_EV_APP0297_FIRST_INTERVIEW_TECHNICAL_ASSESSMENT_M1_SKILL_01"",""OB_FIRST_PANEL_07_HIRING_MANAGER_EV_APP0297_FIRST_INTERVIEW_TECHNICAL_ASSESSMENT_M1_SKILL_01"",""OB_FIRST_PANEL_07_TECHNICAL_REVIEWER_EV_APP0297_FIRST_INTERVIEW_TECHNICAL_ASSESSMENT_M1_SKILL_01"",""OB_FIRST_PANEL_07_ML_ENGINEER_EV_APP0297_FIRST_INTERVIEW_AI_CASE_M1_SKILL_01"",""OB_FIRST_PANEL_07_HIRING_MANAGER_EV_APP0297_FIRST_INTERVIEW_AI_CASE_M1_SKILL_01"",""OB_FIRST_PANEL_07_TECHNICAL_REVIEWER_EV_APP0297_FIRST_INTERVIEW_AI_CASE_M1_SKILL_01""]}",CALIBRATION_PANEL_01,2027-01-14T11:45:00+09:00,SYNTHETIC_HUMAN_SCENARIO,M1_EVIDENCE_RUBRIC_V02
DC_APP0297_M1_SKILL_02_000373,APP0297,C0297,M1_SKILL_02,MODERATE,AGREED,"{""difference_types"":[],""disputed_evidence_ids"":[],""limited_evidence_ids"":[],""meaningful_conflict_refs"":[],""missing_evidence_ids"":[],""reason"":""동일 Skill의 독립된 직접 관찰로 수행 범위를 확인했다. 다른 맥락의 제한/모호성은 해당 근거의 한계로 보존한다."",""rubric_review"":""직접 관찰의 행동·검증을 검토하며 다른 맥락의 한계와 평가자 차이를 보존한다."",""supporting_observation_ids"":[""OB_FIRST_PANEL_07_ML_ENGINEER_EV_APP0297_FIRST_INTERVIEW_TECHNICAL_ASSESSMENT_M1_SKILL_02"",""OB_FIRST_PANEL_07_HIRING_MANAGER_EV_APP0297_FIRST_INTERVIEW_TECHNICAL_ASSESSMENT_M1_SKILL_02"",""OB_FIRST_PANEL_07_TECHNICAL_REVIEWER_EV_APP0297_FIRST_INTERVIEW_TECHNICAL_ASSESSMENT_M1_SKILL_02""]}",CALIBRATION_PANEL_01,2027-01-14T11:45:00+09:00,SYNTHETIC_HUMAN_SCENARIO,M1_EVIDENCE_RUBRIC_V02
DC_APP0297_M1_SKILL_03_000374,APP0297,C0297,M1_SKILL_03,MODERATE,AGREED,"{""difference_types"":[""EVIDENCE_EVOLUTION"",""CONTEXT_DIFFERENCE""],""disputed_evidence_ids"":[],""limited_evidence_ids"":[""EV_APP0297_FIRST_INTERVIEW_AI_CASE_M1_SKILL_03""],""meaningful_conflict_refs"":[],""missing_evidence_ids"":[],""reason"":""동일 Skill의 독립된 직접 관찰로 수행 범위를 확인했다. 다른 맥락의 제한/모호성은 해당 근거의 한계로 보존한다."",""rubric_review"":""직접 관찰의 행동·검증을 검토하며 다른 맥락의 한계와 평가자 차이를 보존한다."",""supporting_observation_ids"":[""OB_REVIEW_ML_01_EV_APP0297_PRE_ASSESSMENT_CODING_TEST_M1_SKILL_03"",""OB_REVIEW_HM_01_EV_APP0297_PRE_ASSESSMENT_CODING_TEST_M1_SKILL_03""]}",CALIBRATION_PANEL_01,2027-01-14T11:45:00+09:00,SYNTHETIC_HUMAN_SCENARIO,M1_EVIDENCE_RUBRIC_V02
DC_APP0297_M1_SKILL_04_000375,APP0297,C0297,M1_SKILL_04,STRONG,AGREED,"{""difference_types"":[""EVIDENCE_EVOLUTION""],""disputed_evidence_ids"":[],""limited_evidence_ids"":[],""meaningful_conflict_refs"":[],""missing_evidence_ids"":[""EV_APP0297_SECOND_INTERVIEW_VALUES_BEHAVIOR_INTERVIEW_M1_SKILL_04""],""reason"":""동일 Skill의 독립된 직접 관찰로 수행 범위를 확인했다. 다른 맥락의 제한/모호성은 해당 근거의 한계로 보존한다."",""rubric_review"":""직접 관찰의 행동·검증을 검토하며 다른 맥락의 한계와 평가자 차이를 보존한다."",""supporting_observation_ids"":[""OB_FIRST_PANEL_07_ML_ENGINEER_EV_APP0297_FIRST_INTERVIEW_PRACTITIONER_QA_M1_SKILL_04"",""OB_FIRST_PANEL_07_HIRING_MANAGER_EV_APP0297_FIRST_INTERVIEW_PRACTITIONER_QA_M1_SKILL_04"",""OB_FIRST_PANEL_07_TECHNICAL_REVIEWER_EV_APP0297_FIRST_INTERVIEW_PRACTITIONER_QA_M1_SKILL_04""]}",CALIBRATION_PANEL_01,2027-01-14T11:45:00+09:00,SYNTHETIC_HUMAN_SCENARIO,M1_EVIDENCE_RUBRIC_V02
DC_APP0297_M1_SKILL_05_000376,APP0297,C0297,M1_SKILL_05,MODERATE,AGREED,"{""difference_types"":[""EVIDENCE_EVOLUTION"",""CONTEXT_DIFFERENCE""],""disputed_evidence_ids"":[],""limited_evidence_ids"":[""EV_APP0297_SECOND_INTERVIEW_VALUES_BEHAVIOR_INTERVIEW_M1_SKILL_05""],""meaningful_conflict_refs"":[],""missing_evidence_ids"":[""EV_APP0297_FIRST_INTERVIEW_PRACTITIONER_QA_M1_SKILL_05""],""reason"":""동일 Skill의 독립된 직접 관찰로 수행 범위를 확인했다. 다른 맥락의 제한/모호성은 해당 근거의 한계로 보존한다."",""rubric_review"":""직접 관찰의 행동·검증을 검토하며 다른 맥락의 한계와 평가자 차이를 보존한다."",""supporting_observation_ids"":[""OB_FINAL_REVIEW_PANEL_01_ML_ENGINEER_EV_APP0297_FINAL_REVIEW_FOCUSED_FOLLOW_UP_M1_SKILL_05"",""OB_FINAL_REVIEW_PANEL_01_HIRING_MANAGER_EV_APP0297_FINAL_REVIEW_FOCUSED_FOLLOW_UP_M1_SKILL_05""]}",CALIBRATION_PANEL_01,2027-01-14T11:45:00+09:00,SYNTHETIC_HUMAN_SCENARIO,M1_EVIDENCE_RUBRIC_V02
DC_APP0297_M1_SKILL_06_000377,APP0297,C0297,M1_SKILL_06,STRONG,AGREED,"{""difference_types"":[],""disputed_evidence_ids"":[],""limited_evidence_ids"":[],""meaningful_conflict_refs"":[],""missing_evidence_ids"":[],""reason"":""동일 Skill의 독립된 직접 관찰로 수행 범위를 확인했다. 다른 맥락의 제한/모호성은 해당 근거의 한계로 보존한다."",""rubric_review"":""직접 관찰의 행동·검증을 검토하며 다른 맥락의 한계와 평가자 차이를 보존한다."",""supporting_observation_ids"":[""OB_FIRST_PANEL_07_ML_ENGINEER_EV_APP0297_FIRST_INTERVIEW_PRACTITIONER_QA_M1_SKILL_06"",""OB_FIRST_PANEL_07_HIRING_MANAGER_EV_APP0297_FIRST_INTERVIEW_PRACTITIONER_QA_M1_SKILL_06"",""OB_FIRST_PANEL_07_TECHNICAL_REVIEWER_EV_APP0297_FIRST_INTERVIEW_PRACTITIONER_QA_M1_SKILL_06""]}",CALIBRATION_PANEL_01,2027-01-14T11:45:00+09:00,SYNTHETIC_HUMAN_SCENARIO,M1_EVIDENCE_RUBRIC_V02
DC_APP0297_M1_SKILL_07_000378,APP0297,C0297,M1_SKILL_07,LIMITED,AGREED,"{""difference_types"":[],""disputed_evidence_ids"":[],""limited_evidence_ids"":[""EV_APP0297_FIRST_INTERVIEW_TECHNICAL_ASSESSMENT_M1_SKILL_07""],""meaningful_conflict_refs"":[],""missing_evidence_ids"":[],""reason"":""관찰된 직접 근거의 범위가 제한적이다. 자기기술만으로 보완하지 않는다."",""rubric_review"":""직접 관찰의 행동·검증을 검토하며 다른 맥락의 한계와 평가자 차이를 보존한다."",""supporting_observation_ids"":[""OB_FIRST_PANEL_07_ML_ENGINEER_EV_APP0297_FIRST_INTERVIEW_TECHNICAL_ASSESSMENT_M1_SKILL_07"",""OB_FIRST_PANEL_07_HIRING_MANAGER_EV_APP0297_FIRST_INTERVIEW_TECHNICAL_ASSESSMENT_M1_SKILL_07"",""OB_FIRST_PANEL_07_TECHNICAL_REVIEWER_EV_APP0297_FIRST_INTERVIEW_TECHNICAL_ASSESSMENT_M1_SKILL_07""]}",CALIBRATION_PANEL_01,2027-01-14T11:45:00+09:00,SYNTHETIC_HUMAN_SCENARIO,M1_EVIDENCE_RUBRIC_V02
DC_APP0297_M1_SKILL_08_000379,APP0297,C0297,M1_SKILL_08,,DISAGREEMENT_REMAINS,"{""difference_types"":[""EVALUATOR_DISAGREEMENT""],""disputed_evidence_ids"":[""EV_APP0297_FIRST_INTERVIEW_PRACTITIONER_QA_M1_SKILL_08""],""limited_evidence_ids"":[],""meaningful_conflict_refs"":[],""missing_evidence_ids"":[],""reason"":""동일 근거에 대한 평가자 해석 차이를 해소할 직접 관찰이 부족하다."",""rubric_review"":""직접 관찰의 행동·검증을 검토하며 다른 맥락의 한계와 평가자 차이를 보존한다."",""supporting_observation_ids"":[]}",CALIBRATION_PANEL_01,2027-01-14T11:45:00+09:00,SYNTHETIC_HUMAN_SCENARIO,M1_EVIDENCE_RUBRIC_V02
DC_APP0181_M1_SKILL_01_000380,APP0181,C0181,M1_SKILL_01,MODERATE,AGREED,"{""difference_types"":[""EVIDENCE_EVOLUTION""],""disputed_evidence_ids"":[],""limited_evidence_ids"":[],""meaningful_conflict_refs"":[],""missing_evidence_ids"":[""EV_APP0181_FIRST_INTERVIEW_TECHNICAL_ASSESSMENT_M1_SKILL_01""],""reason"":""동일 Skill의 독립된 직접 관찰로 수행 범위를 확인했다. 다른 맥락의 제한/모호성은 해당 근거의 한계로 보존한다."",""rubric_review"":""직접 관찰의 행동·검증을 검토하며 다른 맥락의 한계와 평가자 차이를 보존한다."",""supporting_observation_ids"":[""OB_FIRST_PANEL_06_ML_ENGINEER_EV_APP0181_FIRST_INTERVIEW_AI_CASE_M1_SKILL_01"",""OB_FIRST_PANEL_06_HIRING_MANAGER_EV_APP0181_FIRST_INTERVIEW_AI_CASE_M1_SKILL_01"",""OB_FIRST_PANEL_06_TECHNICAL_REVIEWER_EV_APP0181_FIRST_INTERVIEW_AI_CASE_M1_SKILL_01""]}",CALIBRATION_PANEL_01,2027-01-15T11:35:00+09:00,SYNTHETIC_HUMAN_SCENARIO,M1_EVIDENCE_RUBRIC_V02
DC_APP0181_M1_SKILL_02_000381,APP0181,C0181,M1_SKILL_02,MODERATE,AGREED,"{""difference_types"":[],""disputed_evidence_ids"":[],""limited_evidence_ids"":[],""meaningful_conflict_refs"":[],""missing_evidence_ids"":[],""reason"":""동일 Skill의 독립된 직접 관찰로 수행 범위를 확인했다. 다른 맥락의 제한/모호성은 해당 근거의 한계로 보존한다."",""rubric_review"":""직접 관찰의 행동·검증을 검토하며 다른 맥락의 한계와 평가자 차이를 보존한다."",""supporting_observation_ids"":[""OB_FIRST_PANEL_06_ML_ENGINEER_EV_APP0181_FIRST_INTERVIEW_TECHNICAL_ASSESSMENT_M1_SKILL_02"",""OB_FIRST_PANEL_06_HIRING_MANAGER_EV_APP0181_FIRST_INTERVIEW_TECHNICAL_ASSESSMENT_M1_SKILL_02"",""OB_FIRST_PANEL_06_TECHNICAL_REVIEWER_EV_APP0181_FIRST_INTERVIEW_TECHNICAL_ASSESSMENT_M1_SKILL_02""]}",CALIBRATION_PANEL_01,2027-01-15T11:35:00+09:00,SYNTHETIC_HUMAN_SCENARIO,M1_EVIDENCE_RUBRIC_V02
DC_APP0181_M1_SKILL_03_000382,APP0181,C0181,M1_SKILL_03,MODERATE,AGREED,"{""difference_types"":[""EVIDENCE_EVOLUTION""],""disputed_evidence_ids"":[],""limited_evidence_ids"":[],""meaningful_conflict_refs"":[],""missing_evidence_ids"":[],""reason"":""동일 Skill의 독립된 직접 관찰로 수행 범위를 확인했다. 다른 맥락의 제한/모호성은 해당 근거의 한계로 보존한다."",""rubric_review"":""직접 관찰의 행동·검증을 검토하며 다른 맥락의 한계와 평가자 차이를 보존한다."",""supporting_observation_ids"":[""OB_REVIEW_ML_01_EV_APP0181_PRE_ASSESSMENT_CODING_TEST_M1_SKILL_03"",""OB_REVIEW_HM_01_EV_APP0181_PRE_ASSESSMENT_CODING_TEST_M1_SKILL_03"",""OB_FIRST_PANEL_06_ML_ENGINEER_EV_APP0181_FIRST_INTERVIEW_AI_CASE_M1_SKILL_03"",""OB_FIRST_PANEL_06_HIRING_MANAGER_EV_APP0181_FIRST_INTERVIEW_AI_CASE_M1_SKILL_03"",""OB_FIRST_PANEL_06_TECHNICAL_REVIEWER_EV_APP0181_FIRST_INTERVIEW_AI_CASE_M1_SKILL_03""]}",CALIBRATION_PANEL_01,2027-01-15T11:35:00+09:00,SYNTHETIC_HUMAN_SCENARIO,M1_EVIDENCE_RUBRIC_V02
DC_APP0181_M1_SKILL_04_000383,APP0181,C0181,M1_SKILL_04,STRONG,AGREED,"{""difference_types"":[],""disputed_evidence_ids"":[],""limited_evidence_ids"":[],""meaningful_conflict_refs"":[],""missing_evidence_ids"":[],""reason"":""동일 Skill의 독립된 직접 관찰로 수행 범위를 확인했다. 다른 맥락의 제한/모호성은 해당 근거의 한계로 보존한다."",""rubric_review"":""직접 관찰의 행동·검증을 검토하며 다른 맥락의 한계와 평가자 차이를 보존한다."",""supporting_observation_ids"":[""OB_FIRST_PANEL_06_ML_ENGINEER_EV_APP0181_FIRST_INTERVIEW_PRACTITIONER_QA_M1_SKILL_04"",""OB_FIRST_PANEL_06_HIRING_MANAGER_EV_APP0181_FIRST_INTERVIEW_PRACTITIONER_QA_M1_SKILL_04"",""OB_FIRST_PANEL_06_TECHNICAL_REVIEWER_EV_APP0181_FIRST_INTERVIEW_PRACTITIONER_QA_M1_SKILL_04"",""OB_SECOND_INTERVIEW_PANEL_01_ML_ENGINEER_EV_APP0181_SECOND_INTERVIEW_VALUES_BEHAVIOR_INTERVIEW_M1_SKILL_04"",""OB_SECOND_INTERVIEW_PANEL_01_HIRING_MANAGER_EV_APP0181_SECOND_INTERVIEW_VALUES_BEHAVIOR_INTERVIEW_M1_SKILL_04""]}",CALIBRATION_PANEL_01,2027-01-15T11:35:00+09:00,SYNTHETIC_HUMAN_SCENARIO,M1_EVIDENCE_RUBRIC_V02
DC_APP0181_M1_SKILL_05_000384,APP0181,C0181,M1_SKILL_05,STRONG,AGREED,"{""difference_types"":[],""disputed_evidence_ids"":[],""limited_evidence_ids"":[],""meaningful_conflict_refs"":[],""missing_evidence_ids"":[],""reason"":""동일 Skill의 독립된 직접 관찰로 수행 범위를 확인했다. 다른 맥락의 제한/모호성은 해당 근거의 한계로 보존한다."",""rubric_review"":""직접 관찰의 행동·검증을 검토하며 다른 맥락의 한계와 평가자 차이를 보존한다."",""supporting_observation_ids"":[""OB_FIRST_PANEL_06_ML_ENGINEER_EV_APP0181_FIRST_INTERVIEW_PRACTITIONER_QA_M1_SKILL_05"",""OB_FIRST_PANEL_06_HIRING_MANAGER_EV_APP0181_FIRST_INTERVIEW_PRACTITIONER_QA_M1_SKILL_05"",""OB_FIRST_PANEL_06_TECHNICAL_REVIEWER_EV_APP0181_FIRST_INTERVIEW_PRACTITIONER_QA_M1_SKILL_05"",""OB_SECOND_INTERVIEW_PANEL_01_ML_ENGINEER_EV_APP0181_SECOND_INTERVIEW_VALUES_BEHAVIOR_INTERVIEW_M1_SKILL_05"",""OB_SECOND_INTERVIEW_PANEL_01_HIRING_MANAGER_EV_APP0181_SECOND_INTERVIEW_VALUES_BEHAVIOR_INTERVIEW_M1_SKILL_05""]}",CALIBRATION_PANEL_01,2027-01-15T11:35:00+09:00,SYNTHETIC_HUMAN_SCENARIO,M1_EVIDENCE_RUBRIC_V02
DC_APP0181_M1_SKILL_06_000385,APP0181,C0181,M1_SKILL_06,MODERATE,AGREED,"{""difference_types"":[],""disputed_evidence_ids"":[],""limited_evidence_ids"":[],""meaningful_conflict_refs"":[],""missing_evidence_ids"":[],""reason"":""동일 Skill의 독립된 직접 관찰로 수행 범위를 확인했다. 다른 맥락의 제한/모호성은 해당 근거의 한계로 보존한다."",""rubric_review"":""직접 관찰의 행동·검증을 검토하며 다른 맥락의 한계와 평가자 차이를 보존한다."",""supporting_observation_ids"":[""OB_FIRST_PANEL_06_ML_ENGINEER_EV_APP0181_FIRST_INTERVIEW_PRACTITIONER_QA_M1_SKILL_06"",""OB_FIRST_PANEL_06_HIRING_MANAGER_EV_APP0181_FIRST_INTERVIEW_PRACTITIONER_QA_M1_SKILL_06"",""OB_FIRST_PANEL_06_TECHNICAL_REVIEWER_EV_APP0181_FIRST_INTERVIEW_PRACTITIONER_QA_M1_SKILL_06""]}",CALIBRATION_PANEL_01,2027-01-15T11:35:00+09:00,SYNTHETIC_HUMAN_SCENARIO,M1_EVIDENCE_RUBRIC_V02
DC_APP0181_M1_SKILL_07_000386,APP0181,C0181,M1_SKILL_07,,DISAGREEMENT_REMAINS,"{""difference_types"":[""EVALUATOR_DISAGREEMENT""],""disputed_evidence_ids"":[""EV_APP0181_FIRST_INTERVIEW_TECHNICAL_ASSESSMENT_M1_SKILL_07""],""limited_evidence_ids"":[],""meaningful_conflict_refs"":[],""missing_evidence_ids"":[],""reason"":""동일 근거에 대한 평가자 해석 차이를 해소할 직접 관찰이 부족하다."",""rubric_review"":""직접 관찰의 행동·검증을 검토하며 다른 맥락의 한계와 평가자 차이를 보존한다."",""supporting_observation_ids"":[]}",CALIBRATION_PANEL_01,2027-01-15T11:35:00+09:00,SYNTHETIC_HUMAN_SCENARIO,M1_EVIDENCE_RUBRIC_V02
DC_APP0181_M1_SKILL_08_000387,APP0181,C0181,M1_SKILL_08,MODERATE,AGREED,"{""difference_types"":[],""disputed_evidence_ids"":[],""limited_evidence_ids"":[],""meaningful_conflict_refs"":[],""missing_evidence_ids"":[],""reason"":""동일 Skill의 독립된 직접 관찰로 수행 범위를 확인했다. 다른 맥락의 제한/모호성은 해당 근거의 한계로 보존한다."",""rubric_review"":""직접 관찰의 행동·검증을 검토하며 다른 맥락의 한계와 평가자 차이를 보존한다."",""supporting_observation_ids"":[""OB_FIRST_PANEL_06_ML_ENGINEER_EV_APP0181_FIRST_INTERVIEW_PRACTITIONER_QA_M1_SKILL_08"",""OB_FIRST_PANEL_06_HIRING_MANAGER_EV_APP0181_FIRST_INTERVIEW_PRACTITIONER_QA_M1_SKILL_08"",""OB_FIRST_PANEL_06_TECHNICAL_REVIEWER_EV_APP0181_FIRST_INTERVIEW_PRACTITIONER_QA_M1_SKILL_08""]}",CALIBRATION_PANEL_01,2027-01-15T11:35:00+09:00,SYNTHETIC_HUMAN_SCENARIO,M1_EVIDENCE_RUBRIC_V02
DC_APP0228_M1_SKILL_01_000388,APP0228,C0228,M1_SKILL_01,MODERATE,AGREED,"{""difference_types"":[],""disputed_evidence_ids"":[],""limited_evidence_ids"":[],""meaningful_conflict_refs"":[],""missing_evidence_ids"":[],""reason"":""동일 Skill의 독립된 직접 관찰로 수행 범위를 확인했다. 다른 맥락의 제한/모호성은 해당 근거의 한계로 보존한다."",""rubric_review"":""직접 관찰의 행동·검증을 검토하며 다른 맥락의 한계와 평가자 차이를 보존한다."",""supporting_observation_ids"":[""OB_FIRST_PANEL_10_ML_ENGINEER_EV_APP0228_FIRST_INTERVIEW_TECHNICAL_ASSESSMENT_M1_SKILL_01"",""OB_FIRST_PANEL_10_HIRING_MANAGER_EV_APP0228_FIRST_INTERVIEW_TECHNICAL_ASSESSMENT_M1_SKILL_01"",""OB_FIRST_PANEL_10_TECHNICAL_REVIEWER_EV_APP0228_FIRST_INTERVIEW_TECHNICAL_ASSESSMENT_M1_SKILL_01"",""OB_FIRST_PANEL_10_ML_ENGINEER_EV_APP0228_FIRST_INTERVIEW_AI_CASE_M1_SKILL_01"",""OB_FIRST_PANEL_10_HIRING_MANAGER_EV_APP0228_FIRST_INTERVIEW_AI_CASE_M1_SKILL_01"",""OB_FIRST_PANEL_10_TECHNICAL_REVIEWER_EV_APP0228_FIRST_INTERVIEW_AI_CASE_M1_SKILL_01""]}",CALIBRATION_PANEL_01,2027-01-14T11:10:00+09:00,SYNTHETIC_HUMAN_SCENARIO,M1_EVIDENCE_RUBRIC_V02
DC_APP0228_M1_SKILL_02_000389,APP0228,C0228,M1_SKILL_02,STRONG,AGREED,"{""difference_types"":[],""disputed_evidence_ids"":[],""limited_evidence_ids"":[],""meaningful_conflict_refs"":[],""missing_evidence_ids"":[],""reason"":""동일 Skill의 독립된 직접 관찰로 수행 범위를 확인했다. 다른 맥락의 제한/모호성은 해당 근거의 한계로 보존한다."",""rubric_review"":""직접 관찰의 행동·검증을 검토하며 다른 맥락의 한계와 평가자 차이를 보존한다."",""supporting_observation_ids"":[""OB_FIRST_PANEL_10_ML_ENGINEER_EV_APP0228_FIRST_INTERVIEW_TECHNICAL_ASSESSMENT_M1_SKILL_02"",""OB_FIRST_PANEL_10_HIRING_MANAGER_EV_APP0228_FIRST_INTERVIEW_TECHNICAL_ASSESSMENT_M1_SKILL_02"",""OB_FIRST_PANEL_10_TECHNICAL_REVIEWER_EV_APP0228_FIRST_INTERVIEW_TECHNICAL_ASSESSMENT_M1_SKILL_02""]}",CALIBRATION_PANEL_01,2027-01-14T11:10:00+09:00,SYNTHETIC_HUMAN_SCENARIO,M1_EVIDENCE_RUBRIC_V02
DC_APP0228_M1_SKILL_03_000390,APP0228,C0228,M1_SKILL_03,MODERATE,AGREED,"{""difference_types"":[""EVIDENCE_EVOLUTION""],""disputed_evidence_ids"":[],""limited_evidence_ids"":[],""meaningful_conflict_refs"":[],""missing_evidence_ids"":[],""reason"":""동일 Skill의 독립된 직접 관찰로 수행 범위를 확인했다. 다른 맥락의 제한/모호성은 해당 근거의 한계로 보존한다."",""rubric_review"":""직접 관찰의 행동·검증을 검토하며 다른 맥락의 한계와 평가자 차이를 보존한다."",""supporting_observation_ids"":[""OB_REVIEW_ML_01_EV_APP0228_PRE_ASSESSMENT_CODING_TEST_M1_SKILL_03"",""OB_REVIEW_HM_01_EV_APP0228_PRE_ASSESSMENT_CODING_TEST_M1_SKILL_03"",""OB_FIRST_PANEL_10_ML_ENGINEER_EV_APP0228_FIRST_INTERVIEW_AI_CASE_M1_SKILL_03"",""OB_FIRST_PANEL_10_HIRING_MANAGER_EV_APP0228_FIRST_INTERVIEW_AI_CASE_M1_SKILL_03"",""OB_FIRST_PANEL_10_TECHNICAL_REVIEWER_EV_APP0228_FIRST_INTERVIEW_AI_CASE_M1_SKILL_03""]}",CALIBRATION_PANEL_01,2027-01-14T11:10:00+09:00,SYNTHETIC_HUMAN_SCENARIO,M1_EVIDENCE_RUBRIC_V02
DC_APP0228_M1_SKILL_04_000391,APP0228,C0228,M1_SKILL_04,,DISAGREEMENT_REMAINS,"{""difference_types"":[""EVALUATOR_DISAGREEMENT""],""disputed_evidence_ids"":[""EV_APP0228_FIRST_INTERVIEW_PRACTITIONER_QA_M1_SKILL_04""],""limited_evidence_ids"":[],""meaningful_conflict_refs"":[],""missing_evidence_ids"":[""EV_APP0228_SECOND_INTERVIEW_VALUES_BEHAVIOR_INTERVIEW_M1_SKILL_04""],""reason"":""동일 근거에 대한 평가자 해석 차이를 해소할 직접 관찰이 부족하다."",""rubric_review"":""직접 관찰의 행동·검증을 검토하며 다른 맥락의 한계와 평가자 차이를 보존한다."",""supporting_observation_ids"":[]}",CALIBRATION_PANEL_01,2027-01-14T11:10:00+09:00,SYNTHETIC_HUMAN_SCENARIO,M1_EVIDENCE_RUBRIC_V02
DC_APP0228_M1_SKILL_05_000392,APP0228,C0228,M1_SKILL_05,STRONG,AGREED,"{""difference_types"":[],""disputed_evidence_ids"":[],""limited_evidence_ids"":[],""meaningful_conflict_refs"":[],""missing_evidence_ids"":[],""reason"":""동일 Skill의 독립된 직접 관찰로 수행 범위를 확인했다. 다른 맥락의 제한/모호성은 해당 근거의 한계로 보존한다."",""rubric_review"":""직접 관찰의 행동·검증을 검토하며 다른 맥락의 한계와 평가자 차이를 보존한다."",""supporting_observation_ids"":[""OB_FIRST_PANEL_10_ML_ENGINEER_EV_APP0228_FIRST_INTERVIEW_PRACTITIONER_QA_M1_SKILL_05"",""OB_FIRST_PANEL_10_HIRING_MANAGER_EV_APP0228_FIRST_INTERVIEW_PRACTITIONER_QA_M1_SKILL_05"",""OB_FIRST_PANEL_10_TECHNICAL_REVIEWER_EV_APP0228_FIRST_INTERVIEW_PRACTITIONER_QA_M1_SKILL_05"",""OB_SECOND_INTERVIEW_PANEL_01_ML_ENGINEER_EV_APP0228_SECOND_INTERVIEW_VALUES_BEHAVIOR_INTERVIEW_M1_SKILL_05"",""OB_SECOND_INTERVIEW_PANEL_01_HIRING_MANAGER_EV_APP0228_SECOND_INTERVIEW_VALUES_BEHAVIOR_INTERVIEW_M1_SKILL_05""]}",CALIBRATION_PANEL_01,2027-01-14T11:10:00+09:00,SYNTHETIC_HUMAN_SCENARIO,M1_EVIDENCE_RUBRIC_V02
DC_APP0228_M1_SKILL_06_000393,APP0228,C0228,M1_SKILL_06,STRONG,AGREED,"{""difference_types"":[],""disputed_evidence_ids"":[],""limited_evidence_ids"":[],""meaningful_conflict_refs"":[],""missing_evidence_ids"":[],""reason"":""동일 Skill의 독립된 직접 관찰로 수행 범위를 확인했다. 다른 맥락의 제한/모호성은 해당 근거의 한계로 보존한다."",""rubric_review"":""직접 관찰의 행동·검증을 검토하며 다른 맥락의 한계와 평가자 차이를 보존한다."",""supporting_observation_ids"":[""OB_FIRST_PANEL_10_ML_ENGINEER_EV_APP0228_FIRST_INTERVIEW_PRACTITIONER_QA_M1_SKILL_06"",""OB_FIRST_PANEL_10_HIRING_MANAGER_EV_APP0228_FIRST_INTERVIEW_PRACTITIONER_QA_M1_SKILL_06"",""OB_FIRST_PANEL_10_TECHNICAL_REVIEWER_EV_APP0228_FIRST_INTERVIEW_PRACTITIONER_QA_M1_SKILL_06""]}",CALIBRATION_PANEL_01,2027-01-14T11:10:00+09:00,SYNTHETIC_HUMAN_SCENARIO,M1_EVIDENCE_RUBRIC_V02
DC_APP0228_M1_SKILL_07_000394,APP0228,C0228,M1_SKILL_07,,DISAGREEMENT_REMAINS,"{""difference_types"":[""EVALUATOR_DISAGREEMENT""],""disputed_evidence_ids"":[""EV_APP0228_FIRST_INTERVIEW_TECHNICAL_ASSESSMENT_M1_SKILL_07""],""limited_evidence_ids"":[],""meaningful_conflict_refs"":[],""missing_evidence_ids"":[],""reason"":""동일 근거에 대한 평가자 해석 차이를 해소할 직접 관찰이 부족하다."",""rubric_review"":""직접 관찰의 행동·검증을 검토하며 다른 맥락의 한계와 평가자 차이를 보존한다."",""supporting_observation_ids"":[]}",CALIBRATION_PANEL_01,2027-01-14T11:10:00+09:00,SYNTHETIC_HUMAN_SCENARIO,M1_EVIDENCE_RUBRIC_V02
DC_APP0228_M1_SKILL_08_000395,APP0228,C0228,M1_SKILL_08,,INSUFFICIENT_EVIDENCE,"{""difference_types"":[],""disputed_evidence_ids"":[],""limited_evidence_ids"":[],""meaningful_conflict_refs"":[],""missing_evidence_ids"":[""EV_APP0228_FIRST_INTERVIEW_PRACTITIONER_QA_M1_SKILL_08""],""reason"":""직접 판단 근거 부족. 미관찰을 역량 부재로 해석하지 않는다."",""rubric_review"":""직접 관찰의 행동·검증을 검토하며 다른 맥락의 한계와 평가자 차이를 보존한다."",""supporting_observation_ids"":[]}",CALIBRATION_PANEL_01,2027-01-14T11:10:00+09:00,SYNTHETIC_HUMAN_SCENARIO,M1_EVIDENCE_RUBRIC_V02
DC_APP0228_M1_SKILL_01_000396,APP0228,C0228,M1_SKILL_01,MODERATE,AGREED,"{""difference_types"":[],""disputed_evidence_ids"":[],""limited_evidence_ids"":[],""meaningful_conflict_refs"":[],""missing_evidence_ids"":[],""reason"":""동일 Skill의 독립된 직접 관찰로 수행 범위를 확인했다. 다른 맥락의 제한/모호성은 해당 근거의 한계로 보존한다."",""rubric_review"":""직접 관찰의 행동·검증을 검토하며 다른 맥락의 한계와 평가자 차이를 보존한다."",""supporting_observation_ids"":[""OB_FIRST_PANEL_10_ML_ENGINEER_EV_APP0228_FIRST_INTERVIEW_TECHNICAL_ASSESSMENT_M1_SKILL_01"",""OB_FIRST_PANEL_10_HIRING_MANAGER_EV_APP0228_FIRST_INTERVIEW_TECHNICAL_ASSESSMENT_M1_SKILL_01"",""OB_FIRST_PANEL_10_TECHNICAL_REVIEWER_EV_APP0228_FIRST_INTERVIEW_TECHNICAL_ASSESSMENT_M1_SKILL_01"",""OB_FIRST_PANEL_10_ML_ENGINEER_EV_APP0228_FIRST_INTERVIEW_AI_CASE_M1_SKILL_01"",""OB_FIRST_PANEL_10_HIRING_MANAGER_EV_APP0228_FIRST_INTERVIEW_AI_CASE_M1_SKILL_01"",""OB_FIRST_PANEL_10_TECHNICAL_REVIEWER_EV_APP0228_FIRST_INTERVIEW_AI_CASE_M1_SKILL_01""]}",CALIBRATION_PANEL_01,2027-01-22T11:55:00+09:00,SYNTHETIC_HUMAN_SCENARIO,M1_EVIDENCE_RUBRIC_V02
DC_APP0228_M1_SKILL_02_000397,APP0228,C0228,M1_SKILL_02,STRONG,AGREED,"{""difference_types"":[],""disputed_evidence_ids"":[],""limited_evidence_ids"":[],""meaningful_conflict_refs"":[],""missing_evidence_ids"":[],""reason"":""동일 Skill의 독립된 직접 관찰로 수행 범위를 확인했다. 다른 맥락의 제한/모호성은 해당 근거의 한계로 보존한다."",""rubric_review"":""직접 관찰의 행동·검증을 검토하며 다른 맥락의 한계와 평가자 차이를 보존한다."",""supporting_observation_ids"":[""OB_FIRST_PANEL_10_ML_ENGINEER_EV_APP0228_FIRST_INTERVIEW_TECHNICAL_ASSESSMENT_M1_SKILL_02"",""OB_FIRST_PANEL_10_HIRING_MANAGER_EV_APP0228_FIRST_INTERVIEW_TECHNICAL_ASSESSMENT_M1_SKILL_02"",""OB_FIRST_PANEL_10_TECHNICAL_REVIEWER_EV_APP0228_FIRST_INTERVIEW_TECHNICAL_ASSESSMENT_M1_SKILL_02""]}",CALIBRATION_PANEL_01,2027-01-22T11:55:00+09:00,SYNTHETIC_HUMAN_SCENARIO,M1_EVIDENCE_RUBRIC_V02
DC_APP0228_M1_SKILL_03_000398,APP0228,C0228,M1_SKILL_03,MODERATE,AGREED,"{""difference_types"":[""EVIDENCE_EVOLUTION""],""disputed_evidence_ids"":[],""limited_evidence_ids"":[],""meaningful_conflict_refs"":[],""missing_evidence_ids"":[],""reason"":""동일 Skill의 독립된 직접 관찰로 수행 범위를 확인했다. 다른 맥락의 제한/모호성은 해당 근거의 한계로 보존한다."",""rubric_review"":""직접 관찰의 행동·검증을 검토하며 다른 맥락의 한계와 평가자 차이를 보존한다."",""supporting_observation_ids"":[""OB_REVIEW_ML_01_EV_APP0228_PRE_ASSESSMENT_CODING_TEST_M1_SKILL_03"",""OB_REVIEW_HM_01_EV_APP0228_PRE_ASSESSMENT_CODING_TEST_M1_SKILL_03"",""OB_FIRST_PANEL_10_ML_ENGINEER_EV_APP0228_FIRST_INTERVIEW_AI_CASE_M1_SKILL_03"",""OB_FIRST_PANEL_10_HIRING_MANAGER_EV_APP0228_FIRST_INTERVIEW_AI_CASE_M1_SKILL_03"",""OB_FIRST_PANEL_10_TECHNICAL_REVIEWER_EV_APP0228_FIRST_INTERVIEW_AI_CASE_M1_SKILL_03""]}",CALIBRATION_PANEL_01,2027-01-22T11:55:00+09:00,SYNTHETIC_HUMAN_SCENARIO,M1_EVIDENCE_RUBRIC_V02
DC_APP0228_M1_SKILL_04_000399,APP0228,C0228,M1_SKILL_04,,DISAGREEMENT_REMAINS,"{""difference_types"":[""EVALUATOR_DISAGREEMENT""],""disputed_evidence_ids"":[""EV_APP0228_FIRST_INTERVIEW_PRACTITIONER_QA_M1_SKILL_04"",""EV_APP0228_FINAL_REVIEW_FOCUSED_FOLLOW_UP_M1_SKILL_04""],""limited_evidence_ids"":[],""meaningful_conflict_refs"":[],""missing_evidence_ids"":[""EV_APP0228_SECOND_INTERVIEW_VALUES_BEHAVIOR_INTERVIEW_M1_SKILL_04""],""reason"":""동일 근거에 대한 평가자 해석 차이를 해소할 직접 관찰이 부족하다."",""rubric_review"":""직접 관찰의 행동·검증을 검토하며 다른 맥락의 한계와 평가자 차이를 보존한다."",""supporting_observation_ids"":[]}",CALIBRATION_PANEL_01,2027-01-22T11:55:00+09:00,SYNTHETIC_HUMAN_SCENARIO,M1_EVIDENCE_RUBRIC_V02
DC_APP0228_M1_SKILL_05_000400,APP0228,C0228,M1_SKILL_05,STRONG,AGREED,"{""difference_types"":[],""disputed_evidence_ids"":[],""limited_evidence_ids"":[],""meaningful_conflict_refs"":[],""missing_evidence_ids"":[],""reason"":""동일 Skill의 독립된 직접 관찰로 수행 범위를 확인했다. 다른 맥락의 제한/모호성은 해당 근거의 한계로 보존한다."",""rubric_review"":""직접 관찰의 행동·검증을 검토하며 다른 맥락의 한계와 평가자 차이를 보존한다."",""supporting_observation_ids"":[""OB_FIRST_PANEL_10_ML_ENGINEER_EV_APP0228_FIRST_INTERVIEW_PRACTITIONER_QA_M1_SKILL_05"",""OB_FIRST_PANEL_10_HIRING_MANAGER_EV_APP0228_FIRST_INTERVIEW_PRACTITIONER_QA_M1_SKILL_05"",""OB_FIRST_PANEL_10_TECHNICAL_REVIEWER_EV_APP0228_FIRST_INTERVIEW_PRACTITIONER_QA_M1_SKILL_05"",""OB_SECOND_INTERVIEW_PANEL_01_ML_ENGINEER_EV_APP0228_SECOND_INTERVIEW_VALUES_BEHAVIOR_INTERVIEW_M1_SKILL_05"",""OB_SECOND_INTERVIEW_PANEL_01_HIRING_MANAGER_EV_APP0228_SECOND_INTERVIEW_VALUES_BEHAVIOR_INTERVIEW_M1_SKILL_05""]}",CALIBRATION_PANEL_01,2027-01-22T11:55:00+09:00,SYNTHETIC_HUMAN_SCENARIO,M1_EVIDENCE_RUBRIC_V02
DC_APP0228_M1_SKILL_06_000401,APP0228,C0228,M1_SKILL_06,STRONG,AGREED,"{""difference_types"":[],""disputed_evidence_ids"":[],""limited_evidence_ids"":[],""meaningful_conflict_refs"":[],""missing_evidence_ids"":[],""reason"":""동일 Skill의 독립된 직접 관찰로 수행 범위를 확인했다. 다른 맥락의 제한/모호성은 해당 근거의 한계로 보존한다."",""rubric_review"":""직접 관찰의 행동·검증을 검토하며 다른 맥락의 한계와 평가자 차이를 보존한다."",""supporting_observation_ids"":[""OB_FIRST_PANEL_10_ML_ENGINEER_EV_APP0228_FIRST_INTERVIEW_PRACTITIONER_QA_M1_SKILL_06"",""OB_FIRST_PANEL_10_HIRING_MANAGER_EV_APP0228_FIRST_INTERVIEW_PRACTITIONER_QA_M1_SKILL_06"",""OB_FIRST_PANEL_10_TECHNICAL_REVIEWER_EV_APP0228_FIRST_INTERVIEW_PRACTITIONER_QA_M1_SKILL_06""]}",CALIBRATION_PANEL_01,2027-01-22T11:55:00+09:00,SYNTHETIC_HUMAN_SCENARIO,M1_EVIDENCE_RUBRIC_V02
DC_APP0228_M1_SKILL_07_000402,APP0228,C0228,M1_SKILL_07,,DISAGREEMENT_REMAINS,"{""difference_types"":[""EVALUATOR_DISAGREEMENT""],""disputed_evidence_ids"":[""EV_APP0228_FIRST_INTERVIEW_TECHNICAL_ASSESSMENT_M1_SKILL_07""],""limited_evidence_ids"":[],""meaningful_conflict_refs"":[],""missing_evidence_ids"":[],""reason"":""동일 근거에 대한 평가자 해석 차이를 해소할 직접 관찰이 부족하다."",""rubric_review"":""직접 관찰의 행동·검증을 검토하며 다른 맥락의 한계와 평가자 차이를 보존한다."",""supporting_observation_ids"":[]}",CALIBRATION_PANEL_01,2027-01-22T11:55:00+09:00,SYNTHETIC_HUMAN_SCENARIO,M1_EVIDENCE_RUBRIC_V02
DC_APP0228_M1_SKILL_08_000403,APP0228,C0228,M1_SKILL_08,,INSUFFICIENT_EVIDENCE,"{""difference_types"":[],""disputed_evidence_ids"":[],""limited_evidence_ids"":[],""meaningful_conflict_refs"":[],""missing_evidence_ids"":[""EV_APP0228_FIRST_INTERVIEW_PRACTITIONER_QA_M1_SKILL_08""],""reason"":""직접 판단 근거 부족. 미관찰을 역량 부재로 해석하지 않는다."",""rubric_review"":""직접 관찰의 행동·검증을 검토하며 다른 맥락의 한계와 평가자 차이를 보존한다."",""supporting_observation_ids"":[]}",CALIBRATION_PANEL_01,2027-01-22T11:55:00+09:00,SYNTHETIC_HUMAN_SCENARIO,M1_EVIDENCE_RUBRIC_V02
DC_APP0082_M1_SKILL_01_000404,APP0082,C0082,M1_SKILL_01,MODERATE,AGREED,"{""difference_types"":[""EVIDENCE_EVOLUTION"",""CONTEXT_DIFFERENCE""],""disputed_evidence_ids"":[],""limited_evidence_ids"":[""EV_APP0082_FIRST_INTERVIEW_TECHNICAL_ASSESSMENT_M1_SKILL_01""],""meaningful_conflict_refs"":[],""missing_evidence_ids"":[],""reason"":""동일 Skill의 독립된 직접 관찰로 수행 범위를 확인했다. 다른 맥락의 제한/모호성은 해당 근거의 한계로 보존한다."",""rubric_review"":""직접 관찰의 행동·검증을 검토하며 다른 맥락의 한계와 평가자 차이를 보존한다."",""supporting_observation_ids"":[""OB_FIRST_PANEL_09_ML_ENGINEER_EV_APP0082_FIRST_INTERVIEW_AI_CASE_M1_SKILL_01"",""OB_FIRST_PANEL_09_HIRING_MANAGER_EV_APP0082_FIRST_INTERVIEW_AI_CASE_M1_SKILL_01"",""OB_FIRST_PANEL_09_TECHNICAL_REVIEWER_EV_APP0082_FIRST_INTERVIEW_AI_CASE_M1_SKILL_01""]}",CALIBRATION_PANEL_01,2027-01-14T10:55:00+09:00,SYNTHETIC_HUMAN_SCENARIO,M1_EVIDENCE_RUBRIC_V02
DC_APP0082_M1_SKILL_02_000405,APP0082,C0082,M1_SKILL_02,MODERATE,AGREED,"{""difference_types"":[],""disputed_evidence_ids"":[],""limited_evidence_ids"":[],""meaningful_conflict_refs"":[],""missing_evidence_ids"":[],""reason"":""동일 Skill의 독립된 직접 관찰로 수행 범위를 확인했다. 다른 맥락의 제한/모호성은 해당 근거의 한계로 보존한다."",""rubric_review"":""직접 관찰의 행동·검증을 검토하며 다른 맥락의 한계와 평가자 차이를 보존한다."",""supporting_observation_ids"":[""OB_FIRST_PANEL_09_ML_ENGINEER_EV_APP0082_FIRST_INTERVIEW_TECHNICAL_ASSESSMENT_M1_SKILL_02"",""OB_FIRST_PANEL_09_HIRING_MANAGER_EV_APP0082_FIRST_INTERVIEW_TECHNICAL_ASSESSMENT_M1_SKILL_02"",""OB_FIRST_PANEL_09_TECHNICAL_REVIEWER_EV_APP0082_FIRST_INTERVIEW_TECHNICAL_ASSESSMENT_M1_SKILL_02""]}",CALIBRATION_PANEL_01,2027-01-14T10:55:00+09:00,SYNTHETIC_HUMAN_SCENARIO,M1_EVIDENCE_RUBRIC_V02
DC_APP0082_M1_SKILL_03_000406,APP0082,C0082,M1_SKILL_03,MODERATE,AGREED,"{""difference_types"":[""EVIDENCE_EVOLUTION""],""disputed_evidence_ids"":[],""limited_evidence_ids"":[],""meaningful_conflict_refs"":[],""missing_evidence_ids"":[],""reason"":""동일 Skill의 독립된 직접 관찰로 수행 범위를 확인했다. 다른 맥락의 제한/모호성은 해당 근거의 한계로 보존한다."",""rubric_review"":""직접 관찰의 행동·검증을 검토하며 다른 맥락의 한계와 평가자 차이를 보존한다."",""supporting_observation_ids"":[""OB_REVIEW_ML_01_EV_APP0082_PRE_ASSESSMENT_CODING_TEST_M1_SKILL_03"",""OB_REVIEW_HM_01_EV_APP0082_PRE_ASSESSMENT_CODING_TEST_M1_SKILL_03"",""OB_FIRST_PANEL_09_ML_ENGINEER_EV_APP0082_FIRST_INTERVIEW_AI_CASE_M1_SKILL_03"",""OB_FIRST_PANEL_09_HIRING_MANAGER_EV_APP0082_FIRST_INTERVIEW_AI_CASE_M1_SKILL_03"",""OB_FIRST_PANEL_09_TECHNICAL_REVIEWER_EV_APP0082_FIRST_INTERVIEW_AI_CASE_M1_SKILL_03""]}",CALIBRATION_PANEL_01,2027-01-14T10:55:00+09:00,SYNTHETIC_HUMAN_SCENARIO,M1_EVIDENCE_RUBRIC_V02
DC_APP0082_M1_SKILL_04_000407,APP0082,C0082,M1_SKILL_04,MODERATE,AGREED,"{""difference_types"":[],""disputed_evidence_ids"":[],""limited_evidence_ids"":[],""meaningful_conflict_refs"":[],""missing_evidence_ids"":[],""reason"":""동일 Skill의 독립된 직접 관찰로 수행 범위를 확인했다. 다른 맥락의 제한/모호성은 해당 근거의 한계로 보존한다."",""rubric_review"":""직접 관찰의 행동·검증을 검토하며 다른 맥락의 한계와 평가자 차이를 보존한다."",""supporting_observation_ids"":[""OB_FIRST_PANEL_09_ML_ENGINEER_EV_APP0082_FIRST_INTERVIEW_PRACTITIONER_QA_M1_SKILL_04"",""OB_FIRST_PANEL_09_HIRING_MANAGER_EV_APP0082_FIRST_INTERVIEW_PRACTITIONER_QA_M1_SKILL_04"",""OB_FIRST_PANEL_09_TECHNICAL_REVIEWER_EV_APP0082_FIRST_INTERVIEW_PRACTITIONER_QA_M1_SKILL_04"",""OB_SECOND_INTERVIEW_PANEL_01_ML_ENGINEER_EV_APP0082_SECOND_INTERVIEW_VALUES_BEHAVIOR_INTERVIEW_M1_SKILL_04"",""OB_SECOND_INTERVIEW_PANEL_01_HIRING_MANAGER_EV_APP0082_SECOND_INTERVIEW_VALUES_BEHAVIOR_INTERVIEW_M1_SKILL_04""]}",CALIBRATION_PANEL_01,2027-01-14T10:55:00+09:00,SYNTHETIC_HUMAN_SCENARIO,M1_EVIDENCE_RUBRIC_V02
DC_APP0082_M1_SKILL_05_000408,APP0082,C0082,M1_SKILL_05,MODERATE,AGREED,"{""difference_types"":[],""disputed_evidence_ids"":[],""limited_evidence_ids"":[],""meaningful_conflict_refs"":[],""missing_evidence_ids"":[],""reason"":""동일 Skill의 독립된 직접 관찰로 수행 범위를 확인했다. 다른 맥락의 제한/모호성은 해당 근거의 한계로 보존한다."",""rubric_review"":""직접 관찰의 행동·검증을 검토하며 다른 맥락의 한계와 평가자 차이를 보존한다."",""supporting_observation_ids"":[""OB_FIRST_PANEL_09_ML_ENGINEER_EV_APP0082_FIRST_INTERVIEW_PRACTITIONER_QA_M1_SKILL_05"",""OB_FIRST_PANEL_09_HIRING_MANAGER_EV_APP0082_FIRST_INTERVIEW_PRACTITIONER_QA_M1_SKILL_05"",""OB_FIRST_PANEL_09_TECHNICAL_REVIEWER_EV_APP0082_FIRST_INTERVIEW_PRACTITIONER_QA_M1_SKILL_05"",""OB_SECOND_INTERVIEW_PANEL_01_ML_ENGINEER_EV_APP0082_SECOND_INTERVIEW_VALUES_BEHAVIOR_INTERVIEW_M1_SKILL_05"",""OB_SECOND_INTERVIEW_PANEL_01_HIRING_MANAGER_EV_APP0082_SECOND_INTERVIEW_VALUES_BEHAVIOR_INTERVIEW_M1_SKILL_05""]}",CALIBRATION_PANEL_01,2027-01-14T10:55:00+09:00,SYNTHETIC_HUMAN_SCENARIO,M1_EVIDENCE_RUBRIC_V02
DC_APP0082_M1_SKILL_06_000409,APP0082,C0082,M1_SKILL_06,STRONG,AGREED,"{""difference_types"":[],""disputed_evidence_ids"":[],""limited_evidence_ids"":[],""meaningful_conflict_refs"":[],""missing_evidence_ids"":[],""reason"":""동일 Skill의 독립된 직접 관찰로 수행 범위를 확인했다. 다른 맥락의 제한/모호성은 해당 근거의 한계로 보존한다."",""rubric_review"":""직접 관찰의 행동·검증을 검토하며 다른 맥락의 한계와 평가자 차이를 보존한다."",""supporting_observation_ids"":[""OB_FIRST_PANEL_09_ML_ENGINEER_EV_APP0082_FIRST_INTERVIEW_PRACTITIONER_QA_M1_SKILL_06"",""OB_FIRST_PANEL_09_HIRING_MANAGER_EV_APP0082_FIRST_INTERVIEW_PRACTITIONER_QA_M1_SKILL_06"",""OB_FIRST_PANEL_09_TECHNICAL_REVIEWER_EV_APP0082_FIRST_INTERVIEW_PRACTITIONER_QA_M1_SKILL_06""]}",CALIBRATION_PANEL_01,2027-01-14T10:55:00+09:00,SYNTHETIC_HUMAN_SCENARIO,M1_EVIDENCE_RUBRIC_V02
DC_APP0082_M1_SKILL_07_000410,APP0082,C0082,M1_SKILL_07,MODERATE,AGREED,"{""difference_types"":[],""disputed_evidence_ids"":[],""limited_evidence_ids"":[],""meaningful_conflict_refs"":[],""missing_evidence_ids"":[],""reason"":""동일 Skill의 독립된 직접 관찰로 수행 범위를 확인했다. 다른 맥락의 제한/모호성은 해당 근거의 한계로 보존한다."",""rubric_review"":""직접 관찰의 행동·검증을 검토하며 다른 맥락의 한계와 평가자 차이를 보존한다."",""supporting_observation_ids"":[""OB_FIRST_PANEL_09_ML_ENGINEER_EV_APP0082_FIRST_INTERVIEW_TECHNICAL_ASSESSMENT_M1_SKILL_07"",""OB_FIRST_PANEL_09_HIRING_MANAGER_EV_APP0082_FIRST_INTERVIEW_TECHNICAL_ASSESSMENT_M1_SKILL_07"",""OB_FIRST_PANEL_09_TECHNICAL_REVIEWER_EV_APP0082_FIRST_INTERVIEW_TECHNICAL_ASSESSMENT_M1_SKILL_07""]}",CALIBRATION_PANEL_01,2027-01-14T10:55:00+09:00,SYNTHETIC_HUMAN_SCENARIO,M1_EVIDENCE_RUBRIC_V02
DC_APP0082_M1_SKILL_08_000411,APP0082,C0082,M1_SKILL_08,STRONG,AGREED,"{""difference_types"":[],""disputed_evidence_ids"":[],""limited_evidence_ids"":[],""meaningful_conflict_refs"":[],""missing_evidence_ids"":[],""reason"":""동일 Skill의 독립된 직접 관찰로 수행 범위를 확인했다. 다른 맥락의 제한/모호성은 해당 근거의 한계로 보존한다."",""rubric_review"":""직접 관찰의 행동·검증을 검토하며 다른 맥락의 한계와 평가자 차이를 보존한다."",""supporting_observation_ids"":[""OB_FIRST_PANEL_09_ML_ENGINEER_EV_APP0082_FIRST_INTERVIEW_PRACTITIONER_QA_M1_SKILL_08"",""OB_FIRST_PANEL_09_HIRING_MANAGER_EV_APP0082_FIRST_INTERVIEW_PRACTITIONER_QA_M1_SKILL_08"",""OB_FIRST_PANEL_09_TECHNICAL_REVIEWER_EV_APP0082_FIRST_INTERVIEW_PRACTITIONER_QA_M1_SKILL_08""]}",CALIBRATION_PANEL_01,2027-01-14T10:55:00+09:00,SYNTHETIC_HUMAN_SCENARIO,M1_EVIDENCE_RUBRIC_V02
DC_APP0342_M1_SKILL_01_000412,APP0342,C0342,M1_SKILL_01,STRONG,AGREED,"{""difference_types"":[""EVIDENCE_EVOLUTION""],""disputed_evidence_ids"":[],""limited_evidence_ids"":[],""meaningful_conflict_refs"":[],""missing_evidence_ids"":[],""reason"":""동일 Skill의 독립된 직접 관찰로 수행 범위를 확인했다. 다른 맥락의 제한/모호성은 해당 근거의 한계로 보존한다."",""rubric_review"":""직접 관찰의 행동·검증을 검토하며 다른 맥락의 한계와 평가자 차이를 보존한다."",""supporting_observation_ids"":[""OB_FIRST_PANEL_10_ML_ENGINEER_EV_APP0342_FIRST_INTERVIEW_TECHNICAL_ASSESSMENT_M1_SKILL_01"",""OB_FIRST_PANEL_10_HIRING_MANAGER_EV_APP0342_FIRST_INTERVIEW_TECHNICAL_ASSESSMENT_M1_SKILL_01"",""OB_FIRST_PANEL_10_TECHNICAL_REVIEWER_EV_APP0342_FIRST_INTERVIEW_TECHNICAL_ASSESSMENT_M1_SKILL_01"",""OB_FIRST_PANEL_10_ML_ENGINEER_EV_APP0342_FIRST_INTERVIEW_AI_CASE_M1_SKILL_01"",""OB_FIRST_PANEL_10_HIRING_MANAGER_EV_APP0342_FIRST_INTERVIEW_AI_CASE_M1_SKILL_01"",""OB_FIRST_PANEL_10_TECHNICAL_REVIEWER_EV_APP0342_FIRST_INTERVIEW_AI_CASE_M1_SKILL_01""]}",CALIBRATION_PANEL_01,2027-01-12T11:55:00+09:00,SYNTHETIC_HUMAN_SCENARIO,M1_EVIDENCE_RUBRIC_V02
DC_APP0342_M1_SKILL_02_000413,APP0342,C0342,M1_SKILL_02,STRONG,AGREED,"{""difference_types"":[],""disputed_evidence_ids"":[],""limited_evidence_ids"":[],""meaningful_conflict_refs"":[],""missing_evidence_ids"":[],""reason"":""동일 Skill의 독립된 직접 관찰로 수행 범위를 확인했다. 다른 맥락의 제한/모호성은 해당 근거의 한계로 보존한다."",""rubric_review"":""직접 관찰의 행동·검증을 검토하며 다른 맥락의 한계와 평가자 차이를 보존한다."",""supporting_observation_ids"":[""OB_FIRST_PANEL_10_ML_ENGINEER_EV_APP0342_FIRST_INTERVIEW_TECHNICAL_ASSESSMENT_M1_SKILL_02"",""OB_FIRST_PANEL_10_HIRING_MANAGER_EV_APP0342_FIRST_INTERVIEW_TECHNICAL_ASSESSMENT_M1_SKILL_02"",""OB_FIRST_PANEL_10_TECHNICAL_REVIEWER_EV_APP0342_FIRST_INTERVIEW_TECHNICAL_ASSESSMENT_M1_SKILL_02""]}",CALIBRATION_PANEL_01,2027-01-12T11:55:00+09:00,SYNTHETIC_HUMAN_SCENARIO,M1_EVIDENCE_RUBRIC_V02
DC_APP0342_M1_SKILL_03_000414,APP0342,C0342,M1_SKILL_03,STRONG,AGREED,"{""difference_types"":[""EVIDENCE_EVOLUTION""],""disputed_evidence_ids"":[],""limited_evidence_ids"":[],""meaningful_conflict_refs"":[],""missing_evidence_ids"":[],""reason"":""동일 Skill의 독립된 직접 관찰로 수행 범위를 확인했다. 다른 맥락의 제한/모호성은 해당 근거의 한계로 보존한다."",""rubric_review"":""직접 관찰의 행동·검증을 검토하며 다른 맥락의 한계와 평가자 차이를 보존한다."",""supporting_observation_ids"":[""OB_REVIEW_ML_01_EV_APP0342_PRE_ASSESSMENT_CODING_TEST_M1_SKILL_03"",""OB_REVIEW_HM_01_EV_APP0342_PRE_ASSESSMENT_CODING_TEST_M1_SKILL_03"",""OB_FIRST_PANEL_10_ML_ENGINEER_EV_APP0342_FIRST_INTERVIEW_AI_CASE_M1_SKILL_03"",""OB_FIRST_PANEL_10_HIRING_MANAGER_EV_APP0342_FIRST_INTERVIEW_AI_CASE_M1_SKILL_03"",""OB_FIRST_PANEL_10_TECHNICAL_REVIEWER_EV_APP0342_FIRST_INTERVIEW_AI_CASE_M1_SKILL_03""]}",CALIBRATION_PANEL_01,2027-01-12T11:55:00+09:00,SYNTHETIC_HUMAN_SCENARIO,M1_EVIDENCE_RUBRIC_V02
DC_APP0342_M1_SKILL_04_000415,APP0342,C0342,M1_SKILL_04,MODERATE,AGREED,"{""difference_types"":[""EVIDENCE_EVOLUTION""],""disputed_evidence_ids"":[],""limited_evidence_ids"":[],""meaningful_conflict_refs"":[],""missing_evidence_ids"":[""EV_APP0342_SECOND_INTERVIEW_VALUES_BEHAVIOR_INTERVIEW_M1_SKILL_04""],""reason"":""동일 Skill의 독립된 직접 관찰로 수행 범위를 확인했다. 다른 맥락의 제한/모호성은 해당 근거의 한계로 보존한다."",""rubric_review"":""직접 관찰의 행동·검증을 검토하며 다른 맥락의 한계와 평가자 차이를 보존한다."",""supporting_observation_ids"":[""OB_FIRST_PANEL_10_ML_ENGINEER_EV_APP0342_FIRST_INTERVIEW_PRACTITIONER_QA_M1_SKILL_04"",""OB_FIRST_PANEL_10_HIRING_MANAGER_EV_APP0342_FIRST_INTERVIEW_PRACTITIONER_QA_M1_SKILL_04"",""OB_FIRST_PANEL_10_TECHNICAL_REVIEWER_EV_APP0342_FIRST_INTERVIEW_PRACTITIONER_QA_M1_SKILL_04""]}",CALIBRATION_PANEL_01,2027-01-12T11:55:00+09:00,SYNTHETIC_HUMAN_SCENARIO,M1_EVIDENCE_RUBRIC_V02
DC_APP0342_M1_SKILL_05_000416,APP0342,C0342,M1_SKILL_05,STRONG,AGREED,"{""difference_types"":[],""disputed_evidence_ids"":[],""limited_evidence_ids"":[],""meaningful_conflict_refs"":[],""missing_evidence_ids"":[],""reason"":""동일 Skill의 독립된 직접 관찰로 수행 범위를 확인했다. 다른 맥락의 제한/모호성은 해당 근거의 한계로 보존한다."",""rubric_review"":""직접 관찰의 행동·검증을 검토하며 다른 맥락의 한계와 평가자 차이를 보존한다."",""supporting_observation_ids"":[""OB_FIRST_PANEL_10_ML_ENGINEER_EV_APP0342_FIRST_INTERVIEW_PRACTITIONER_QA_M1_SKILL_05"",""OB_FIRST_PANEL_10_HIRING_MANAGER_EV_APP0342_FIRST_INTERVIEW_PRACTITIONER_QA_M1_SKILL_05"",""OB_FIRST_PANEL_10_TECHNICAL_REVIEWER_EV_APP0342_FIRST_INTERVIEW_PRACTITIONER_QA_M1_SKILL_05"",""OB_SECOND_INTERVIEW_PANEL_01_ML_ENGINEER_EV_APP0342_SECOND_INTERVIEW_VALUES_BEHAVIOR_INTERVIEW_M1_SKILL_05"",""OB_SECOND_INTERVIEW_PANEL_01_HIRING_MANAGER_EV_APP0342_SECOND_INTERVIEW_VALUES_BEHAVIOR_INTERVIEW_M1_SKILL_05""]}",CALIBRATION_PANEL_01,2027-01-12T11:55:00+09:00,SYNTHETIC_HUMAN_SCENARIO,M1_EVIDENCE_RUBRIC_V02
DC_APP0342_M1_SKILL_06_000417,APP0342,C0342,M1_SKILL_06,,INSUFFICIENT_EVIDENCE,"{""difference_types"":[],""disputed_evidence_ids"":[],""limited_evidence_ids"":[],""meaningful_conflict_refs"":[],""missing_evidence_ids"":[""EV_APP0342_FIRST_INTERVIEW_PRACTITIONER_QA_M1_SKILL_06""],""reason"":""직접 판단 근거 부족. 미관찰을 역량 부재로 해석하지 않는다."",""rubric_review"":""직접 관찰의 행동·검증을 검토하며 다른 맥락의 한계와 평가자 차이를 보존한다."",""supporting_observation_ids"":[]}",CALIBRATION_PANEL_01,2027-01-12T11:55:00+09:00,SYNTHETIC_HUMAN_SCENARIO,M1_EVIDENCE_RUBRIC_V02
DC_APP0342_M1_SKILL_07_000418,APP0342,C0342,M1_SKILL_07,MODERATE,AGREED,"{""difference_types"":[],""disputed_evidence_ids"":[],""limited_evidence_ids"":[],""meaningful_conflict_refs"":[],""missing_evidence_ids"":[],""reason"":""동일 Skill의 독립된 직접 관찰로 수행 범위를 확인했다. 다른 맥락의 제한/모호성은 해당 근거의 한계로 보존한다."",""rubric_review"":""직접 관찰의 행동·검증을 검토하며 다른 맥락의 한계와 평가자 차이를 보존한다."",""supporting_observation_ids"":[""OB_FIRST_PANEL_10_ML_ENGINEER_EV_APP0342_FIRST_INTERVIEW_TECHNICAL_ASSESSMENT_M1_SKILL_07"",""OB_FIRST_PANEL_10_HIRING_MANAGER_EV_APP0342_FIRST_INTERVIEW_TECHNICAL_ASSESSMENT_M1_SKILL_07"",""OB_FIRST_PANEL_10_TECHNICAL_REVIEWER_EV_APP0342_FIRST_INTERVIEW_TECHNICAL_ASSESSMENT_M1_SKILL_07""]}",CALIBRATION_PANEL_01,2027-01-12T11:55:00+09:00,SYNTHETIC_HUMAN_SCENARIO,M1_EVIDENCE_RUBRIC_V02
DC_APP0342_M1_SKILL_08_000419,APP0342,C0342,M1_SKILL_08,MODERATE,AGREED,"{""difference_types"":[],""disputed_evidence_ids"":[],""limited_evidence_ids"":[],""meaningful_conflict_refs"":[],""missing_evidence_ids"":[],""reason"":""동일 Skill의 독립된 직접 관찰로 수행 범위를 확인했다. 다른 맥락의 제한/모호성은 해당 근거의 한계로 보존한다."",""rubric_review"":""직접 관찰의 행동·검증을 검토하며 다른 맥락의 한계와 평가자 차이를 보존한다."",""supporting_observation_ids"":[""OB_FIRST_PANEL_10_ML_ENGINEER_EV_APP0342_FIRST_INTERVIEW_PRACTITIONER_QA_M1_SKILL_08"",""OB_FIRST_PANEL_10_HIRING_MANAGER_EV_APP0342_FIRST_INTERVIEW_PRACTITIONER_QA_M1_SKILL_08"",""OB_FIRST_PANEL_10_TECHNICAL_REVIEWER_EV_APP0342_FIRST_INTERVIEW_PRACTITIONER_QA_M1_SKILL_08""]}",CALIBRATION_PANEL_01,2027-01-12T11:55:00+09:00,SYNTHETIC_HUMAN_SCENARIO,M1_EVIDENCE_RUBRIC_V02
DC_APP0238_M1_SKILL_01_000420,APP0238,C0238,M1_SKILL_01,STRONG,AGREED,"{""difference_types"":[""EVIDENCE_EVOLUTION""],""disputed_evidence_ids"":[],""limited_evidence_ids"":[],""meaningful_conflict_refs"":[],""missing_evidence_ids"":[],""reason"":""동일 Skill의 독립된 직접 관찰로 수행 범위를 확인했다. 다른 맥락의 제한/모호성은 해당 근거의 한계로 보존한다."",""rubric_review"":""직접 관찰의 행동·검증을 검토하며 다른 맥락의 한계와 평가자 차이를 보존한다."",""supporting_observation_ids"":[""OB_FIRST_PANEL_02_ML_ENGINEER_EV_APP0238_FIRST_INTERVIEW_TECHNICAL_ASSESSMENT_M1_SKILL_01"",""OB_FIRST_PANEL_02_HIRING_MANAGER_EV_APP0238_FIRST_INTERVIEW_TECHNICAL_ASSESSMENT_M1_SKILL_01"",""OB_FIRST_PANEL_02_TECHNICAL_REVIEWER_EV_APP0238_FIRST_INTERVIEW_TECHNICAL_ASSESSMENT_M1_SKILL_01"",""OB_FIRST_PANEL_02_ML_ENGINEER_EV_APP0238_FIRST_INTERVIEW_AI_CASE_M1_SKILL_01"",""OB_FIRST_PANEL_02_HIRING_MANAGER_EV_APP0238_FIRST_INTERVIEW_AI_CASE_M1_SKILL_01"",""OB_FIRST_PANEL_02_TECHNICAL_REVIEWER_EV_APP0238_FIRST_INTERVIEW_AI_CASE_M1_SKILL_01""]}",CALIBRATION_PANEL_01,2027-01-22T11:10:00+09:00,SYNTHETIC_HUMAN_SCENARIO,M1_EVIDENCE_RUBRIC_V02
DC_APP0238_M1_SKILL_02_000421,APP0238,C0238,M1_SKILL_02,MODERATE,AGREED,"{""difference_types"":[],""disputed_evidence_ids"":[],""limited_evidence_ids"":[],""meaningful_conflict_refs"":[],""missing_evidence_ids"":[],""reason"":""동일 Skill의 독립된 직접 관찰로 수행 범위를 확인했다. 다른 맥락의 제한/모호성은 해당 근거의 한계로 보존한다."",""rubric_review"":""직접 관찰의 행동·검증을 검토하며 다른 맥락의 한계와 평가자 차이를 보존한다."",""supporting_observation_ids"":[""OB_FIRST_PANEL_02_ML_ENGINEER_EV_APP0238_FIRST_INTERVIEW_TECHNICAL_ASSESSMENT_M1_SKILL_02"",""OB_FIRST_PANEL_02_HIRING_MANAGER_EV_APP0238_FIRST_INTERVIEW_TECHNICAL_ASSESSMENT_M1_SKILL_02"",""OB_FIRST_PANEL_02_TECHNICAL_REVIEWER_EV_APP0238_FIRST_INTERVIEW_TECHNICAL_ASSESSMENT_M1_SKILL_02""]}",CALIBRATION_PANEL_01,2027-01-22T11:10:00+09:00,SYNTHETIC_HUMAN_SCENARIO,M1_EVIDENCE_RUBRIC_V02
DC_APP0238_M1_SKILL_03_000422,APP0238,C0238,M1_SKILL_03,MODERATE,AGREED,"{""difference_types"":[""EVIDENCE_EVOLUTION""],""disputed_evidence_ids"":[],""limited_evidence_ids"":[],""meaningful_conflict_refs"":[],""missing_evidence_ids"":[],""reason"":""동일 Skill의 독립된 직접 관찰로 수행 범위를 확인했다. 다른 맥락의 제한/모호성은 해당 근거의 한계로 보존한다."",""rubric_review"":""직접 관찰의 행동·검증을 검토하며 다른 맥락의 한계와 평가자 차이를 보존한다."",""supporting_observation_ids"":[""OB_REVIEW_ML_01_EV_APP0238_PRE_ASSESSMENT_CODING_TEST_M1_SKILL_03"",""OB_REVIEW_HM_01_EV_APP0238_PRE_ASSESSMENT_CODING_TEST_M1_SKILL_03"",""OB_FIRST_PANEL_02_ML_ENGINEER_EV_APP0238_FIRST_INTERVIEW_AI_CASE_M1_SKILL_03"",""OB_FIRST_PANEL_02_HIRING_MANAGER_EV_APP0238_FIRST_INTERVIEW_AI_CASE_M1_SKILL_03"",""OB_FIRST_PANEL_02_TECHNICAL_REVIEWER_EV_APP0238_FIRST_INTERVIEW_AI_CASE_M1_SKILL_03""]}",CALIBRATION_PANEL_01,2027-01-22T11:10:00+09:00,SYNTHETIC_HUMAN_SCENARIO,M1_EVIDENCE_RUBRIC_V02
DC_APP0238_M1_SKILL_04_000423,APP0238,C0238,M1_SKILL_04,MODERATE,AGREED,"{""difference_types"":[""EVIDENCE_EVOLUTION"",""CONTEXT_DIFFERENCE""],""disputed_evidence_ids"":[],""limited_evidence_ids"":[""EV_APP0238_FIRST_INTERVIEW_PRACTITIONER_QA_M1_SKILL_04""],""meaningful_conflict_refs"":[],""missing_evidence_ids"":[],""reason"":""동일 Skill의 독립된 직접 관찰로 수행 범위를 확인했다. 다른 맥락의 제한/모호성은 해당 근거의 한계로 보존한다."",""rubric_review"":""직접 관찰의 행동·검증을 검토하며 다른 맥락의 한계와 평가자 차이를 보존한다."",""supporting_observation_ids"":[""OB_SECOND_INTERVIEW_PANEL_01_ML_ENGINEER_EV_APP0238_SECOND_INTERVIEW_VALUES_BEHAVIOR_INTERVIEW_M1_SKILL_04"",""OB_SECOND_INTERVIEW_PANEL_01_HIRING_MANAGER_EV_APP0238_SECOND_INTERVIEW_VALUES_BEHAVIOR_INTERVIEW_M1_SKILL_04""]}",CALIBRATION_PANEL_01,2027-01-22T11:10:00+09:00,SYNTHETIC_HUMAN_SCENARIO,M1_EVIDENCE_RUBRIC_V02
DC_APP0238_M1_SKILL_05_000424,APP0238,C0238,M1_SKILL_05,MODERATE,AGREED,"{""difference_types"":[],""disputed_evidence_ids"":[],""limited_evidence_ids"":[],""meaningful_conflict_refs"":[],""missing_evidence_ids"":[],""reason"":""동일 Skill의 독립된 직접 관찰로 수행 범위를 확인했다. 다른 맥락의 제한/모호성은 해당 근거의 한계로 보존한다."",""rubric_review"":""직접 관찰의 행동·검증을 검토하며 다른 맥락의 한계와 평가자 차이를 보존한다."",""supporting_observation_ids"":[""OB_FIRST_PANEL_02_ML_ENGINEER_EV_APP0238_FIRST_INTERVIEW_PRACTITIONER_QA_M1_SKILL_05"",""OB_FIRST_PANEL_02_HIRING_MANAGER_EV_APP0238_FIRST_INTERVIEW_PRACTITIONER_QA_M1_SKILL_05"",""OB_FIRST_PANEL_02_TECHNICAL_REVIEWER_EV_APP0238_FIRST_INTERVIEW_PRACTITIONER_QA_M1_SKILL_05"",""OB_SECOND_INTERVIEW_PANEL_01_ML_ENGINEER_EV_APP0238_SECOND_INTERVIEW_VALUES_BEHAVIOR_INTERVIEW_M1_SKILL_05"",""OB_SECOND_INTERVIEW_PANEL_01_HIRING_MANAGER_EV_APP0238_SECOND_INTERVIEW_VALUES_BEHAVIOR_INTERVIEW_M1_SKILL_05""]}",CALIBRATION_PANEL_01,2027-01-22T11:10:00+09:00,SYNTHETIC_HUMAN_SCENARIO,M1_EVIDENCE_RUBRIC_V02
DC_APP0238_M1_SKILL_06_000425,APP0238,C0238,M1_SKILL_06,,DISAGREEMENT_REMAINS,"{""difference_types"":[""EVALUATOR_DISAGREEMENT""],""disputed_evidence_ids"":[""EV_APP0238_FIRST_INTERVIEW_PRACTITIONER_QA_M1_SKILL_06""],""limited_evidence_ids"":[],""meaningful_conflict_refs"":[],""missing_evidence_ids"":[],""reason"":""동일 근거에 대한 평가자 해석 차이를 해소할 직접 관찰이 부족하다."",""rubric_review"":""직접 관찰의 행동·검증을 검토하며 다른 맥락의 한계와 평가자 차이를 보존한다."",""supporting_observation_ids"":[]}",CALIBRATION_PANEL_01,2027-01-22T11:10:00+09:00,SYNTHETIC_HUMAN_SCENARIO,M1_EVIDENCE_RUBRIC_V02
DC_APP0238_M1_SKILL_07_000426,APP0238,C0238,M1_SKILL_07,,INSUFFICIENT_EVIDENCE,"{""difference_types"":[],""disputed_evidence_ids"":[],""limited_evidence_ids"":[],""meaningful_conflict_refs"":[],""missing_evidence_ids"":[""EV_APP0238_FIRST_INTERVIEW_TECHNICAL_ASSESSMENT_M1_SKILL_07""],""reason"":""직접 판단 근거 부족. 미관찰을 역량 부재로 해석하지 않는다."",""rubric_review"":""직접 관찰의 행동·검증을 검토하며 다른 맥락의 한계와 평가자 차이를 보존한다."",""supporting_observation_ids"":[]}",CALIBRATION_PANEL_01,2027-01-22T11:10:00+09:00,SYNTHETIC_HUMAN_SCENARIO,M1_EVIDENCE_RUBRIC_V02
DC_APP0238_M1_SKILL_08_000427,APP0238,C0238,M1_SKILL_08,,INSUFFICIENT_EVIDENCE,"{""difference_types"":[],""disputed_evidence_ids"":[],""limited_evidence_ids"":[],""meaningful_conflict_refs"":[],""missing_evidence_ids"":[""EV_APP0238_FIRST_INTERVIEW_PRACTITIONER_QA_M1_SKILL_08""],""reason"":""직접 판단 근거 부족. 미관찰을 역량 부재로 해석하지 않는다."",""rubric_review"":""직접 관찰의 행동·검증을 검토하며 다른 맥락의 한계와 평가자 차이를 보존한다."",""supporting_observation_ids"":[]}",CALIBRATION_PANEL_01,2027-01-22T11:10:00+09:00,SYNTHETIC_HUMAN_SCENARIO,M1_EVIDENCE_RUBRIC_V02
